1672419520.000000, 1672419520.000000, 1672419520.000000
32.000000, 32.000000, 32.000000
33,30,45
34,30,45
34,30,45
34,30,45
33,30,45
33,30,45
34,30,45
34,30,45
33,30,45
33,30,45
33,30,45
34,30,45
34,30,45
34,30,45
34,30,45
34,30,45
34,30,45
34,30,45
33,30,45
34,30,46
34,30,45
33,30,45
34,30,45
34,30,45
33,30,45
34,30,45
34,30,45
34,30,45
34,30,45
33,30,45
33,30,45
33,30,46
34,30,45
34,30,45
34,31,45
34,30,45
34,30,45
33,30,45
34,30,45
34,30,45
33,30,45
34,30,45
34,30,45
34,30,45
34,30,45
34,30,45
33,30,45
34,30,46
34,30,45
33,31,45
34,30,45
34,30,45
33,30,45
33,30,45
34,30,45
34,30,45
34,30,45
33,30,45
34,30,46
33,30,45
33,30,45
33,30,45
34,30,45
34,30,45
33,30,45
34,30,45
34,30,45
34,30,45
33,30,45
34,30,46
33,30,45
34,30,45
34,30,45
33,30,46
34,30,46
34,31,45
34,31,45
34,30,45
34,30,45
33,30,45
34,30,45
33,30,45
34,30,45
34,30,45
34,31,45
33,30,45
34,30,45
33,30,45
34,30,46
33,30,45
33,30,45
34,30,45
34,30,45
34,30,45
34,30,45
33,30,45
34,30,45
34,30,45
33,30,46
34,30,46
33,31,45
33,31,45
34,30,45
34,30,45
33,30,45
34,30,45
33,30,45
34,30,45
33,30,45
34,30,45
34,30,45
34,30,45
34,30,45
34,31,45
33,30,45
34,30,45
33,30,45
33,30,45
34,30,45
34,31,45
34,30,45
33,30,45
34,30,45
34,30,45
33,30,45
34,30,46
34,30,46
33,31,45
33,30,45
34,30,45
34,30,45
33,30,45
33,30,45
33,30,45
33,30,45
34,30,45
34,30,45
34,30,45
34,30,45
34,30,45
34,31,45
34,30,45
34,30,45
33,30,45
34,30,45
34,30,45
34,30,45
34,30,45
34,30,45
34,30,45
33,30,45
33,30,45
34,30,46
34,30,45
33,30,45
34,30,45
34,30,45
33,30,45
33,30,45
34,30,45
33,30,45
34,30,45
33,30,45
34,30,45
33,30,45
33,30,45
33,30,45
34,30,45
33,30,45
33,30,45
33,30,45
33,30,45
33,30,45
34,30,45
34,30,45
33,30,45
34,30,45
33,30,45
33,30,46
34,30,45
33,31,44
34,30,45
34,30,45
33,30,45
33,30,45
33,30,45
33,30,46
34,30,45
34,31,45
33,30,45
33,30,45
34,30,45
33,30,46
33,30,45
33,30,45
33,30,45
34,30,45
34,30,45
33,30,45
33,30,45
33,30,46
34,30,46
33,30,46
34,30,46
33,30,45
33,30,45
34,30,45
34,30,45
33,30,45
34,30,45
34,30,45
33,30,45
34,30,45
33,30,45
33,30,46
33,30,46
33,30,45
33,30,46
33,30,45
34,30,45
34,30,45
33,30,45
34,30,45
34,30,45
33,30,45
34,30,45
33,30,46
34,30,45
34,30,45
33,30,45
34,30,45
33,30,45
33,30,46
34,30,45
34,30,45
33,30,45
33,30,45
34,31,45
34,30,45
33,30,45
34,30,45
33,30,45
34,31,45
33,30,45
33,30,45
33,30,45
34,30,45
34,30,45
34,30,45
34,30,45
34,30,45
33,30,45
34,30,46
34,30,45
33,30,45
34,30,45
34,30,45
33,30,45
34,30,45
34,30,45
33,30,45
34,30,45
34,30,45
34,31,45
34,30,45
34,30,45
34,30,45
34,30,46
34,30,45
34,31,45
33,30,45
34,30,45
33,30,45
34,30,45
34,30,45
34,30,45
34,30,45
33,30,45
34,30,46
33,31,45
33,30,45
34,30,45
34,30,45
33,30,45
34,30,45
34,30,45
33,30,45
34,30,45
33,30,45
33,30,45
33,30,45
33,30,45
33,30,45
34,30,45
33,30,45
33,30,45
33,30,45
34,30,45
33,30,45
33,30,45
33,30,45
33,30,45
33,30,46
33,30,45
34,30,46
34,30,46
33,30,45
33,30,45
34,30,45
33,30,46
34,30,45
33,30,45
33,30,45
33,30,45
33,30,45
33,30,45
34,30,45
33,30,45
33,30,46
34,30,45
33,30,45
33,30,45
33,30,45
34,30,45
33,30,45
33,30,45
34,30,46
33,30,45
33,30,46
34,30,45
33,31,45
34,30,45
34,30,45
33,30,46
34,30,45
33,30,45
33,30,45
34,30,45
34,30,45
33,30,45
33,30,45
33,30,45
34,30,46
33,30,45
34,30,45
33,30,45
33,30,45
34,30,45
33,30,45
33,30,45
34,30,45
34,30,45
34,30,46
34,30,46
33,30,45
34,30,45
34,30,45
34,30,45
34,30,46
34,30,45
33,30,45
34,30,45
34,30,45
33,30,45
34,30,45
34,30,45
33,30,45
33,30,45
34,30,45
34,30,45
33,30,45
34,30,45
34,30,46
34,30,45
33,30,45
34,30,46
34,30,45
34,30,46
34,30,46
33,30,45
33,30,45
34,30,45
34,30,45
34,30,45
34,30,45
34,30,45
34,30,45
34,30,45
34,31,45
33,30,45
33,30,45
34,30,45
34,30,45
34,30,45
33,30,45
33,30,45
34,30,45
33,30,45
34,30,45
34,30,45
34,31,45
34,30,45
33,30,45
34,30,46
34,30,45
33,31,45
34,30,45
34,30,45
33,30,45
33,30,45
34,30,45
34,30,45
33,30,45
34,30,45
34,30,45
33,30,45
33,30,45
33,30,45
33,30,45
34,30,45
34,30,45
33,30,45
34,30,45
33,30,45
34,30,45
34,30,45
33,30,45
34,30,46
34,30,45
33,30,45
33,30,45
34,30,45
33,30,45
34,30,45
34,30,45
34,30,45
33,30,45
34,30,46
34,30,45
33,30,45
34,30,45
34,30,46
34,30,46
34,30,45
33,30,45
33,30,45
34,30,45
33,30,45
34,30,45
34,30,45
33,30,45
34,30,46
33,31,45
33,30,45
34,30,45
34,30,45
34,30,45
34,30,45
34,30,45
34,30,45
34,30,45
34,30,45
33,30,45
33,30,45
34,30,45
34,30,45
34,30,45
34,30,45
34,30,45
34,30,45
34,30,45
33,30,45
34,31,45
34,30,45
34,30,45
34,30,46
34,30,45
33,30,45
33,30,45
34,30,45
34,30,45
34,30,45
34,30,45
33,30,45
33,30,45
34,30,45
34,31,45
33,30,45
33,30,45
34,30,45
34,30,45
34,30,45
34,30,45
34,30,45
34,30,45
34,30,45
34,30,45
34,30,45
34,30,45
34,30,45
34,30,45
33,30,45
34,30,46
34,31,45
33,30,45
34,30,45
34,30,45
33,30,45
34,30,45
34,30,45
34,30,45
33,30,45
34,30,45
34,31,45
34,30,45
34,30,45
34,30,46
34,30,45
34,30,45
33,30,45
34,30,45
34,30,45
34,30,45
33,30,45
33,30,45
34,30,45
34,30,45
33,30,45
33,30,45
34,30,45
33,31,45
34,30,45
34,30,45
34,30,45
34,30,45
34,30,45
33,30,45
34,30,45
34,30,45
34,30,45
33,30,45
34,30,45
34,30,45
34,30,45
34,30,45
33,30,45
34,30,45
34,30,45
34,30,45
34,30,45
34,30,45
34,30,45
34,30,46
34,30,45
33,31,44
33,30,45
34,30,45
34,30,45
34,30,46
34,30,45
34,30,46
33,30,45
34,30,45
34,31,45
34,30,45
34,30,45
34,30,46
34,30,45
34,30,45
34,30,45
34,30,45
34,30,45
34,30,45
33,30,45
33,30,45
34,30,45
34,30,45
34,30,45
34,30,46
33,30,45
33,30,45
34,30,45
34,30,45
34,30,45
34,30,45
34,30,45
33,30,45
34,30,45
34,30,45
34,30,45
34,30,45
34,30,45
34,30,45
34,30,45
34,30,45
34,30,45
34,30,45
34,30,45
34,30,45
34,30,45
34,30,45
34,30,45
33,30,45
34,30,46
34,30,45
33,31,45
34,31,45
34,30,45
34,30,45
33,30,46
33,30,46
34,30,45
34,30,45
34,30,45
34,30,45
34,30,45
34,30,45
33,30,45
34,30,45
34,30,45
34,30,45
34,30,45
34,30,45
34,30,45
34,30,45
34,30,45
34,30,45
34,30,45
34,30,45
33,30,45
33,30,46
34,30,45
33,31,45
34,30,45
34,30,45
33,30,45
33,30,45
34,30,45
34,30,45
34,30,45
34,30,45
34,30,45
33,30,45
34,30,45
34,30,46
34,30,45
34,30,45
34,30,45
34,30,45
34,30,45
34,30,45
34,30,45
34,30,45
34,30,45
34,30,45
34,30,46
34,30,45
33,31,45
34,30,45
34,30,45
34,30,45
33,30,45
34,30,45
34,30,45
34,30,45
34,30,45
34,30,45
33,30,45
34,30,45
34,30,45
34,30,45
34,30,45
34,30,45
34,30,45
34,30,45
34,30,45
34,30,45
34,30,45
34,30,45
34,30,45
33,30,45
34,30,46
34,30,45
33,30,45
34,30,45
34,30,45
33,30,45
34,30,45
34,30,45
34,30,45
34,30,45
34,30,45
34,30,45
34,30,45
34,30,45
34,30,45
34,30,45
34,30,45
34,30,45
33,30,45
34,30,45
34,30,45
34,30,45
34,30,45
34,30,45
34,30,45
34,30,45
33,30,45
34,30,45
34,30,46
33,31,45
33,30,45
34,30,45
34,30,45
33,30,45
34,30,45
34,30,45
34,30,45
33,30,45
34,30,45
34,30,45
34,30,45
34,30,45
34,30,45
34,30,45
34,30,45
34,30,45
34,30,45
34,30,45
33,30,45
34,30,45
34,30,45
34,30,45
34,30,45
33,30,45
34,30,45
34,30,45
33,30,45
34,30,45
34,30,45
34,30,45
34,30,45
34,30,45
33,30,45
34,30,45
34,30,45
34,30,45
34,30,45
34,30,45
34,30,45
34,30,45
34,30,45
34,30,45
34,30,45
34,30,45
34,30,45
34,30,45
34,30,45
34,30,45
33,30,45
34,30,46
34,30,45
33,30,45
34,30,45
34,30,45
34,30,45
34,30,45
34,30,45
34,30,45
34,30,45
34,30,45
34,30,45
34,30,45
34,30,45
34,30,45
34,30,45
34,30,45
34,30,45
34,30,45
34,30,45
34,30,45
34,30,45
34,30,45
34,30,45
34,30,45
34,30,45
34,30,46
34,30,45
33,31,45
34,30,45
34,30,45
34,31,45
33,30,45
34,30,45
33,30,45
34,30,45
34,30,45
34,31,45
34,30,45
34,30,45
34,30,45
34,31,45
34,30,45
34,30,45
34,30,45
34,30,45
34,30,45
34,30,45
34,30,46
34,30,45
34,31,45
33,30,45
34,30,45
34,30,46
34,30,46
33,31,44
34,30,45
34,30,45
34,30,45
33,30,45
34,30,45
34,30,45
34,30,45
34,30,45
34,30,45
34,30,45
34,30,45
34,30,45
34,30,46
34,30,45
34,30,45
34,30,45
34,30,45
34,30,46
34,30,45
34,30,45
34,30,45
34,30,45
33,30,45
34,30,45
34,30,45
33,30,45
34,30,45
34,30,45
34,30,46
34,30,46
33,30,45
34,30,45
34,30,45
34,30,45
34,30,45
34,30,45
34,30,45
34,30,45
34,30,45
34,30,45
34,30,45
34,30,45
34,30,45
34,30,45
34,30,45
34,30,45
34,30,45
34,30,45
34,30,45
34,30,45
33,30,45
34,30,45
34,30,45
34,30,45
34,30,45
34,30,45
34,30,45
34,30,45
34,30,45
34,30,45
34,30,45
34,30,45
34,30,45
34,30,45
34,30,45
34,30,45
34,30,45
34,30,45
34,30,45
34,30,45
34,30,45
34,30,45
34,30,45
34,30,46
34,30,46
33,31,45
33,30,45
34,30,45
33,30,45
33,30,45
34,30,45
34,30,45
34,30,45
34,30,45
33,31,45
33,30,45
34,30,45
33,30,45
34,30,45
34,30,45
34,30,45
34,30,45
34,31,45
34,30,45
34,30,45
34,30,45
33,30,45
33,30,45
34,30,45
33,30,45
34,30,46
34,30,45
33,31,45
34,30,45
34,30,45
33,30,45
34,30,45
34,30,46
33,30,45
34,30,45
34,31,45
34,30,45
33,30,45
34,30,45
34,30,45
34,30,45
33,30,45
34,30,45
34,30,45
34,30,45
34,30,45
34,30,45
34,30,45
34,30,45
34,30,45
34,30,45
34,31,45
33,30,45
34,30,45
34,30,46
34,30,45
34,30,45
33,30,45
34,30,45
34,30,45
34,31,45
33,30,45
34,30,45
34,30,45
34,30,45
34,30,45
34,30,45
34,30,45
34,30,45
34,30,45
34,30,45
34,30,45
34,30,45
34,30,45
34,30,45
33,30,45
34,30,46
34,30,45
33,30,45
34,30,45
34,30,45
34,30,45
34,30,45
34,30,45
34,30,45
34,30,45
34,30,45
34,30,45
34,30,45
34,30,45
34,30,45
34,30,45
34,30,45
34,30,45
34,30,45
34,30,45
34,30,45
34,30,45
34,30,45
34,30,45
34,30,45
34,30,45
34,30,45
34,30,46
34,30,46
33,31,45
33,30,45
34,30,45
34,30,45
34,30,45
34,30,45
34,30,45
34,30,45
34,30,45
34,30,45
34,30,45
34,30,45
34,30,45
34,30,45
34,30,45
34,30,45
34,30,45
34,30,45
34,30,45
34,30,45
34,30,45
34,30,45
34,30,45
34,30,45
34,30,45
34,30,45
34,30,45
34,31,45
34,30,45
34,30,45
34,30,45
34,30,45
34,30,45
34,30,45
34,30,45
34,30,45
34,30,45
34,30,45
34,30,45
34,30,45
34,30,45
34,30,45
34,30,45
34,30,45
34,30,45
34,30,45
34,30,45
34,30,45
34,30,45
34,30,45
34,30,45
34,30,46
34,30,45
33,30,45
34,30,45
34,30,45
34,30,45
33,30,45
34,30,45
34,30,45
34,30,45
34,30,45
34,31,45
34,30,45
34,30,45
34,30,45
34,30,45
34,30,45
34,30,45
34,30,45
34,30,45
34,30,45
34,30,45
34,30,46
34,30,45
34,31,45
34,30,45
33,30,45
34,30,46
34,30,45
33,31,45
34,30,45
34,30,45
34,30,45
33,30,45
34,30,45
34,30,45
33,30,45
34,30,45
34,30,45
34,30,45
34,30,45
34,30,45
34,30,45
34,30,45
34,30,45
34,30,45
34,30,45
34,30,45
34,30,45
34,30,45
34,30,45
34,30,45
34,30,46
33,31,45
33,31,45
34,30,45
34,30,45
33,30,45
34,30,45
34,30,45
33,30,45
34,30,45
34,30,45
34,30,45
34,30,45
34,30,45
34,30,45
34,30,45
34,30,45
34,30,45
34,30,45
34,30,45
34,30,45
34,30,45
34,30,45
34,30,45
33,30,45
34,30,46
34,30,45
33,31,45
34,30,45
34,30,45
34,30,45
34,30,45
34,31,45
33,30,45
34,30,45
34,30,45
34,30,45
34,30,45
34,30,45
34,30,45
34,30,45
34,30,45
34,30,45
34,30,45
34,30,45
34,30,45
34,30,45
34,30,45
33,30,45
34,30,45
34,30,45
34,30,46
34,30,45
33,31,45
34,30,45
34,30,45
34,30,45
34,30,45
34,30,45
33,30,45
34,30,45
34,30,45
34,30,45
34,30,45
34,30,45
34,30,45
34,30,45
34,30,45
34,30,45
33,30,45
34,30,45
34,30,45
34,30,45
34,30,45
34,30,45
33,30,45
34,30,45
34,30,45
33,30,45
34,30,45
34,30,45
34,30,45
34,30,45
34,30,45
34,30,45
34,31,45
34,31,45
34,30,45
34,29,46
34,30,46
33,31,45
34,31,45
34,30,45
34,31,45
34,30,45
34,30,45
34,30,45
34,30,45
34,30,45
34,30,45
34,30,45
34,30,45
34,30,46
33,30,45
33,30,45
34,30,45
34,30,45
34,30,45
34,30,45
34,30,45
34,30,45
34,30,45
34,30,45
34,31,45
34,30,45
34,30,45
34,30,45
34,30,45
34,30,45
34,30,45
34,30,45
34,30,45
34,30,45
34,30,45
34,30,45
34,30,45
34,30,45
34,30,45
34,30,46
34,30,45
33,31,45
34,30,45
34,30,45
34,30,45
34,30,45
34,30,45
34,30,45
34,30,45
34,30,45
34,30,45
34,30,45
34,30,45
34,30,45
34,30,45
34,30,45
34,30,45
34,30,45
34,30,45
34,30,45
34,31,45
34,30,45
34,30,45
34,30,45
34,30,45
34,30,45
34,30,45
34,30,45
34,30,45
34,30,45
34,30,45
34,30,45
34,30,45
34,30,45
34,30,45
34,30,45
34,30,45
34,30,45
34,30,45
34,30,45
34,30,45
34,30,45
34,30,45
34,30,45
34,30,45
34,30,45
34,30,45
34,30,45
34,30,45
34,30,45
34,30,45
33,30,45
34,30,45
34,30,45
34,30,45
34,30,45
34,30,45
34,30,45
34,30,45
34,30,45
34,30,45
34,30,45
34,30,45
34,30,45
34,30,45
34,30,45
34,30,45
34,30,45
34,30,45
34,30,45
34,30,45
34,30,45
34,30,45
34,30,45
34,30,45
34,30,45
34,30,45
34,30,45
33,30,45
34,30,45
34,30,45
34,30,45
34,30,45
34,30,45
34,30,45
34,30,45
34,30,45
34,30,45
34,30,45
34,30,45
34,30,45
34,30,45
34,30,45
34,30,45
34,30,45
34,30,45
34,30,45
34,30,45
34,30,45
34,30,45
34,30,45
34,30,45
34,30,45
34,30,46
34,30,45
33,30,45
33,30,45
34,30,45
35,31,45
33,30,45
33,30,45
34,30,46
34,30,45
34,30,45
34,30,45
34,30,45
34,30,45
34,30,45
34,30,45
34,30,45
34,30,45
34,30,45
34,30,45
34,30,45
34,30,45
34,30,45
34,30,45
34,30,45
34,30,45
34,30,45
34,30,45
34,30,45
34,30,45
34,30,45
34,30,45
34,30,45
34,30,45
34,30,45
34,30,45
34,30,45
34,30,45
34,30,45
34,30,45
34,30,45
34,30,45
34,30,45
34,30,45
34,30,45
33,30,45
34,30,45
34,30,45
34,30,45
34,30,45
34,30,45
34,31,45
34,30,45
34,30,45
34,30,45
34,30,45
34,30,46
34,30,45
34,30,45
34,30,45
34,30,45
34,30,45
34,30,45
34,30,45
34,30,45
34,30,45
34,30,45
34,30,45
34,30,45
34,30,45
34,30,45
34,30,45
34,30,45
34,30,45
33,30,45
34,30,45
34,30,44
34,30,45
34,30,45
34,30,45
34,30,45
34,30,45
34,30,45
34,30,45
34,30,45
34,30,45
34,30,45
34,30,45
34,30,45
34,30,45
34,30,45
34,30,45
34,30,45
34,30,45
33,30,45
34,30,45
34,30,45
34,30,45
34,30,45
34,30,45
34,30,45
34,30,46
34,30,45
33,30,45
34,30,45
34,30,45
34,30,45
34,30,45
34,30,45
34,30,45
34,30,45
34,30,45
34,30,45
34,30,45
34,30,45
34,30,45
34,30,45
34,30,45
34,30,45
34,30,45
34,30,45
34,30,45
34,30,45
34,30,45
34,30,45
34,30,45
33,30,45
34,30,45
34,30,45
34,30,45
34,30,45
34,30,45
34,30,45
34,30,45
34,30,45
34,30,45
34,30,45
34,30,45
34,30,45
34,30,45
34,30,45
34,30,45
34,30,45
34,30,45
34,30,45
34,30,45
34,30,45
34,30,45
34,30,45
34,30,45
34,30,45
34,30,46
34,30,45
33,31,45
34,30,45
34,30,45
33,30,45
34,30,45
34,30,45
34,30,45
34,30,45
34,30,45
34,30,45
34,30,45
34,30,45
34,30,45
34,30,45
34,30,45
34,30,45
34,30,45
34,30,45
34,30,45
34,30,45
34,30,45
34,30,45
34,30,45
33,30,45
34,30,46
34,30,45
33,30,45
34,30,45
34,30,45
34,30,45
34,30,45
34,30,45
34,30,45
34,30,45
34,30,45
34,30,46
34,30,45
34,30,45
34,31,45
34,30,45
34,30,45
33,30,45
34,30,45
34,30,45
34,30,45
34,30,45
33,30,45
34,30,45
34,30,45
34,30,46
34,30,45
34,30,45
34,30,45
34,30,45
34,30,45
34,30,45
34,30,45
34,30,46
34,30,45
34,30,45
34,30,45
34,30,45
34,30,45
34,30,45
34,30,45
34,30,45
34,30,45
34,30,45
34,30,45
34,30,45
34,30,45
34,30,45
34,30,45
34,30,45
34,30,45
34,30,46
34,30,45
33,30,45
34,30,45
34,30,45
34,30,45
34,30,45
34,30,45
34,30,45
34,30,45
34,31,45
34,30,45
34,30,45
34,30,45
34,30,45
34,30,45
34,30,45
34,30,45
34,30,45
34,30,45
34,30,45
34,30,45
34,30,45
34,30,45
34,30,45
34,30,45
34,30,45
34,30,46
33,30,45
33,30,45
34,30,45
34,30,45
34,30,45
34,30,45
34,30,45
34,30,45
34,30,45
34,31,45
34,30,45
34,30,45
34,30,45
34,30,45
34,30,45
34,30,45
34,30,45
34,30,45
34,30,45
34,30,45
34,30,45
34,30,45
34,30,45
34,30,46
34,30,45
34,30,46
34,30,45
33,31,45
34,30,45
34,30,45
33,30,45
33,30,45
34,30,45
34,30,45
34,30,45
34,30,45
34,30,45
34,30,45
34,30,45
34,30,45
34,30,45
34,30,46
34,30,45
34,30,45
34,30,45
34,30,45
34,30,45
34,30,45
34,30,45
34,30,45
34,30,46
34,30,45
33,30,45
34,30,45
34,30,45
34,30,45
34,30,45
34,30,45
34,30,45
34,30,45
34,30,45
34,30,45
34,30,45
34,30,45
34,30,45
34,30,45
34,30,45
34,30,45
34,30,45
34,30,45
34,30,45
34,30,45
34,30,45
34,30,45
34,30,45
33,30,45
34,30,46
34,30,45
34,30,45
34,30,45
33,30,45
33,30,45
34,30,46
34,30,46
33,30,45
34,30,45
33,31,45
34,31,45
34,30,45
34,30,45
34,30,46
34,30,45
34,30,45
34,30,45
34,30,45
34,30,45
34,30,45
34,30,45
34,30,45
34,30,45
34,30,45
34,30,46
34,30,45
33,31,45
34,30,45
34,30,45
34,30,45
34,30,45
34,30,45
34,30,45
34,30,45
34,30,45
34,30,45
34,30,45
34,30,45
34,30,45
34,30,45
34,30,45
34,30,45
34,30,45
34,30,45
34,30,45
34,30,45
34,30,45
34,30,45
34,30,45
34,30,45
34,31,44
34,30,45
34,30,45
34,30,45
34,30,45
34,30,45
34,30,45
34,30,45
34,30,45
34,30,45
34,30,45
34,30,45
34,30,45
34,30,45
34,30,45
34,30,45
34,30,45
34,30,45
34,30,45
34,30,45
34,30,45
34,30,45
34,30,45
34,30,45
34,30,45
34,30,45
34,30,45
34,30,45
34,30,45
34,30,45
34,30,45
34,30,45
34,30,45
34,30,45
34,30,45
34,31,45
34,31,45
34,31,44
34,30,45
34,30,45
34,30,45
34,30,45
34,30,45
34,30,45
34,30,45
34,30,45
34,30,45
34,30,45
34,30,45
35,29,45
34,30,45
34,30,45
34,30,45
34,30,45
34,30,45
34,30,45
34,30,45
34,30,45
34,30,45
34,30,45
34,30,44
34,30,45
34,30,45
34,30,45
34,30,45
34,30,45
34,30,45
34,30,45
34,30,45
34,30,45
34,30,45
34,30,45
34,30,45
34,30,45
34,30,44
34,30,45
34,30,45
34,30,45
34,30,45
34,30,45
34,30,45
34,30,45
34,30,45
34,30,45
34,30,45
34,30,45
34,30,45
34,30,45
34,30,45
34,30,45
34,30,45
34,30,45
34,30,45
34,30,45
34,30,45
34,30,45
34,30,45
35,30,45
34,30,45
34,30,45
34,30,45
34,30,45
34,30,45
34,30,45
34,30,45
34,30,45
34,30,45
34,30,45
34,30,45
34,30,45
34,30,45
34,30,45
34,30,45
34,30,45
34,30,45
34,30,45
34,30,45
34,30,45
34,30,45
34,30,45
34,30,45
34,30,45
34,30,45
34,30,45
34,30,45
34,30,44
34,30,45
34,30,45
34,30,45
34,30,45
34,30,45
34,30,45
34,30,45
34,30,45
34,30,45
34,30,45
34,30,45
34,30,45
34,30,45
34,30,45
34,30,45
34,30,45
34,30,45
34,30,45
34,30,45
34,30,45
34,30,45
34,30,45
34,30,45
34,30,45
34,30,46
34,31,44
34,30,45
34,30,45
34,30,45
34,30,45
34,30,45
34,30,45
34,30,45
34,30,45
34,30,45
34,30,45
34,30,45
34,30,45
34,30,45
34,30,45
34,30,45
34,30,45
34,30,45
34,30,45
34,30,45
34,30,45
34,30,45
34,30,45
34,30,45
34,30,45
34,30,45
34,30,45
34,30,45
34,30,45
34,30,45
34,30,45
34,30,45
34,30,45
34,30,45
34,30,45
34,30,45
34,30,45
34,30,45
34,30,45
34,30,45
34,30,45
34,30,45
34,30,45
34,30,45
34,30,45
34,30,45
34,30,45
34,30,45
34,30,45
34,30,45
34,30,45
34,30,45
34,30,45
34,30,45
34,30,45
34,30,45
34,30,45
34,30,45
34,30,45
34,30,45
34,30,45
34,30,45
34,30,45
34,30,45
34,30,45
34,30,45
34,30,45
34,30,45
34,30,45
34,30,45
34,30,45
34,30,45
34,30,45
34,30,45
34,30,45
34,30,45
34,31,45
34,30,45
34,30,45
34,30,45
34,30,45
34,30,45
34,30,45
34,30,45
34,30,45
34,30,45
34,30,45
34,30,45
34,30,45
34,30,45
34,30,45
34,30,45
34,30,45
34,30,45
34,30,45
34,30,45
34,30,45
34,30,45
34,30,45
34,30,45
34,30,45
34,30,45
34,30,45
34,30,45
34,30,45
34,30,45
34,30,45
34,30,45
34,30,45
34,30,45
34,30,45
34,30,45
34,30,45
34,30,45
34,30,45
34,30,45
34,30,45
34,30,45
34,30,45
34,30,45
34,30,45
34,30,45
34,30,45
34,30,45
34,30,45
34,30,45
34,30,45
34,30,45
34,30,45
34,30,45
34,30,45
34,30,46
34,30,45
34,31,44
34,30,45
34,30,45
34,30,45
34,30,45
34,30,45
34,30,45
34,30,45
34,30,45
34,30,45
34,30,45
34,30,45
34,30,45
34,30,45
34,30,45
34,30,45
34,30,45
34,30,45
34,30,45
34,30,45
34,30,45
34,30,45
34,30,45
34,30,45
34,30,45
34,31,45
34,31,44
34,30,45
34,30,45
34,30,45
34,30,45
34,30,45
34,30,45
34,30,45
34,30,45
34,30,45
34,30,45
34,30,45
34,30,45
34,30,45
34,30,45
34,30,45
34,30,45
34,30,45
34,30,45
34,30,45
34,30,45
34,30,45
34,30,45
34,30,45
34,30,45
34,31,44
34,30,45
34,30,45
34,30,45
34,30,45
34,30,45
34,30,45
34,30,45
34,30,45
34,30,45
34,30,45
34,30,45
34,30,45
34,30,45
34,30,45
34,30,45
34,30,45
34,30,45
34,30,45
34,30,45
34,30,45
34,30,45
34,30,45
34,30,45
34,30,45
34,30,46
34,30,45
34,30,45
34,30,45
34,30,45
34,30,45
34,30,45
34,30,45
34,30,45
34,30,45
34,30,45
34,30,45
34,30,45
34,30,45
34,30,45
34,30,45
34,30,45
34,30,45
34,30,45
34,30,45
34,30,45
34,30,45
34,30,45
34,30,45
34,30,45
34,30,45
34,30,45
34,31,44
34,30,45
34,30,45
34,30,45
34,30,45
34,30,45
34,30,45
34,30,45
34,30,45
34,30,45
34,30,45
34,30,45
34,30,45
34,30,45
34,30,45
34,30,45
34,30,45
34,30,45
34,30,45
34,30,45
34,30,45
34,30,45
34,30,45
34,30,45
34,30,45
34,30,45
34,30,45
34,30,45
34,30,45
34,30,45
34,30,45
34,30,45
34,30,45
34,30,45
34,30,45
34,30,45
34,30,45
34,30,45
34,30,45
34,30,45
34,30,45
34,30,45
34,30,45
34,30,45
34,30,45
34,30,45
34,30,45
34,30,45
34,30,45
34,30,45
34,30,45
34,30,45
34,30,45
34,30,45
34,30,45
34,30,45
34,30,45
34,30,45
34,30,45
34,30,45
34,31,45
34,30,45
34,30,45
34,30,45
34,30,45
34,30,45
34,30,45
34,30,45
34,30,45
34,30,45
34,30,45
34,30,45
34,30,45
34,30,45
34,30,45
34,30,45
34,30,45
34,30,45
34,30,45
34,30,45
34,30,45
34,30,45
34,30,45
34,30,45
34,30,45
34,30,45
34,30,45
34,30,45
34,30,45
34,30,45
34,30,45
34,30,45
34,30,45
34,30,45
34,30,45
34,30,45
34,30,45
34,30,45
34,30,45
34,30,45
34,30,45
34,30,45
34,31,45
34,30,45
34,30,45
34,30,45
34,30,45
34,30,45
34,30,45
34,30,45
34,30,45
34,30,45
34,30,45
34,30,45
34,30,45
34,30,45
34,30,45
34,30,45
34,30,45
34,30,45
34,30,45
34,30,45
34,30,45
34,30,45
34,30,45
34,30,45
34,30,45
34,30,45
34,30,45
34,30,44
34,30,45
34,30,45
34,30,45
34,30,45
34,30,45
34,30,45
34,30,45
34,30,45
34,30,45
34,30,45
34,30,45
34,30,45
34,30,45
34,30,45
34,30,45
34,30,45
34,30,45
34,30,45
34,30,45
34,30,45
34,30,45
34,30,45
34,30,45
34,30,45
34,30,45
34,31,44
34,30,45
34,30,45
34,30,45
34,30,45
34,30,45
34,30,45
34,30,45
34,30,45
34,30,45
34,30,45
34,30,45
34,30,45
34,30,45
34,30,45
34,30,45
34,30,45
34,30,45
34,30,45
34,30,45
34,30,45
34,30,45
34,30,45
34,30,45
34,30,45
34,30,45
34,30,45
34,30,45
34,30,45
34,30,45
34,30,45
34,30,45
34,30,45
34,30,45
34,30,45
34,30,45
34,30,45
34,30,45
34,30,45
34,30,45
34,30,45
34,30,45
34,30,45
34,30,45
34,30,45
34,30,45
34,30,45
34,30,45
34,30,45
34,30,45
34,30,45
34,30,45
34,30,45
34,30,45
34,30,45
34,30,45
34,30,45
34,30,45
34,30,45
34,30,45
34,30,45
34,30,45
34,30,45
34,30,45
34,30,45
34,30,45
34,30,45
34,30,45
34,30,45
34,30,45
34,30,45
34,30,45
34,30,45
34,30,45
34,30,45
34,30,45
34,30,45
34,30,45
34,30,45
34,30,45
34,30,45
34,30,45
34,30,45
34,30,45
34,30,45
34,30,45
34,30,45
34,30,45
34,30,45
34,30,45
34,30,45
34,30,45
34,30,45
34,30,45
34,30,45
34,30,45
34,30,45
34,30,45
34,30,45
34,30,45
34,30,45
34,30,45
34,30,45
34,31,44
34,30,45
34,30,45
34,30,45
34,30,45
34,30,45
34,30,45
34,30,45
34,30,45
34,30,45
34,30,45
34,30,45
34,30,45
34,30,45
34,30,45
34,30,45
34,30,44
34,30,45
34,30,45
34,30,45
34,30,45
34,30,45
34,30,45
34,30,45
34,30,45
34,30,45
34,30,45
34,30,45
34,30,45
34,30,45
34,30,45
34,30,45
34,30,45
34,30,45
34,30,45
34,30,45
34,30,45
34,30,45
34,30,45
34,30,45
34,30,45
34,30,45
34,30,45
34,30,45
34,30,45
34,30,45
34,30,45
34,30,45
34,30,45
34,30,45
34,30,45
34,30,45
34,30,45
34,31,45
34,30,45
34,30,45
34,30,45
34,30,45
34,30,45
34,30,45
34,30,45
34,30,45
34,30,45
34,30,45
34,30,45
34,30,45
34,30,45
34,30,45
34,30,45
34,30,45
34,30,45
34,30,45
34,30,45
34,30,45
34,30,45
34,30,45
34,30,45
34,30,45
34,30,46
34,30,45
33,31,44
34,30,45
34,30,45
34,30,45
34,30,45
34,30,45
34,30,45
34,30,45
34,30,45
34,30,45
34,30,45
34,30,45
34,30,45
34,30,45
34,30,45
34,30,45
34,30,45
34,30,45
34,30,45
33,30,45
33,30,45
34,30,45
33,30,45
33,30,46
34,30,45
34,30,45
34,30,45
34,30,45
34,30,45
34,30,45
34,30,45
34,30,45
34,30,45
34,30,45
34,30,45
34,30,45
34,30,45
34,30,45
34,30,45
34,30,45
34,30,45
34,30,45
34,30,45
34,30,45
34,30,45
34,30,45
34,30,45
34,30,45
34,30,45
34,30,46
34,30,45
33,30,45
33,30,45
34,30,45
34,30,45
34,30,45
34,30,45
34,31,45
34,30,45
34,30,45
34,30,45
34,30,45
34,30,45
34,30,45
34,30,45
34,30,45
34,30,45
34,30,45
34,30,45
34,30,45
34,30,45
34,30,45
34,30,45
34,30,45
34,30,45
34,30,45
34,30,45
34,30,45
33,30,44
34,30,45
34,30,45
34,30,45
34,30,45
34,30,45
34,30,45
34,30,45
34,30,45
34,30,45
34,30,45
34,30,45
34,30,45
34,30,45
34,30,45
34,30,45
34,30,45
34,30,45
34,30,45
34,30,45
34,30,45
34,30,45
34,30,45
34,30,45
34,30,45
34,30,45
34,30,45
34,30,45
34,30,45
34,30,45
34,30,45
34,30,45
34,30,45
34,30,45
34,30,45
34,30,45
34,30,45
34,30,45
34,30,45
34,30,45
34,30,45
34,30,45
34,30,45
34,30,45
34,30,45
34,30,45
34,30,45
34,30,45
34,30,45
34,30,45
34,30,46
34,30,45
34,30,44
34,30,45
34,30,45
34,30,45
34,30,45
34,30,45
34,30,45
34,30,45
34,30,45
34,30,45
34,30,45
34,30,45
34,30,45
34,30,45
34,30,45
34,30,45
34,30,45
34,30,45
34,30,45
34,30,45
34,30,45
34,30,45
34,30,45
34,30,45
34,30,45
34,30,45
34,30,46
34,31,45
34,30,45
34,30,45
34,30,45
34,30,45
34,30,45
34,30,45
34,30,45
34,30,45
34,30,45
34,30,45
34,30,45
34,30,45
34,30,45
34,30,45
34,30,45
34,30,45
34,30,45
34,30,45
34,30,45
34,30,45
34,30,45
34,30,45
34,30,45
34,30,45
34,30,45
34,30,45
34,30,45
34,30,45
34,30,45
34,30,45
34,30,45
34,30,45
34,30,45
34,30,45
34,30,45
34,30,45
34,30,45
34,30,45
34,30,45
34,30,45
34,30,45
34,30,45
34,30,45
34,30,45
34,30,45
34,30,45
34,30,45
34,30,45
34,30,45
34,30,45
34,30,45
34,30,45
34,30,45
34,30,45
34,30,45
34,30,45
34,30,45
34,30,45
34,30,45
34,30,45
34,30,45
34,30,45
34,30,45
34,30,45
34,30,45
34,30,45
34,30,45
34,30,45
34,30,45
34,30,45
34,30,45
34,30,45
34,30,45
34,30,45
34,30,45
34,30,45
34,30,45
34,30,45
34,30,45
34,30,46
34,30,45
33,30,45
34,30,45
34,30,45
34,30,45
34,30,45
34,30,45
34,30,45
34,30,45
34,30,45
34,30,45
34,30,45
34,30,45
34,30,45
34,30,45
34,30,45
34,30,45
34,30,45
34,30,45
34,30,45
34,30,45
34,30,45
34,30,45
34,30,45
34,30,45
34,30,45
34,30,45
33,31,44
34,30,45
34,30,45
34,30,45
34,30,45
34,30,45
34,30,45
34,30,45
34,30,45
34,30,45
34,30,45
34,30,45
34,30,45
34,30,45
34,30,45
34,30,45
34,30,45
34,30,45
34,30,45
34,30,45
34,30,45
34,30,45
34,30,45
34,30,45
34,30,45
34,30,45
34,31,44
34,30,45
34,30,45
34,30,45
34,30,45
34,30,45
34,30,45
34,30,45
34,30,45
34,30,45
34,30,45
34,30,45
34,30,45
34,30,45
34,30,45
34,30,45
34,30,45
34,30,45
34,30,45
34,30,45
34,30,45
34,30,45
34,30,45
34,30,45
34,30,45
34,30,45
34,30,46
34,30,45
33,31,44
34,30,45
34,30,45
34,30,45
34,30,45
34,30,45
34,30,45
34,30,45
34,30,45
34,30,45
34,30,45
34,30,45
34,30,45
34,30,45
34,30,45
34,30,45
34,30,45
34,30,45
34,30,45
34,30,45
34,30,45
34,30,45
34,30,45
34,30,45
34,30,45
34,30,44
34,30,45
34,30,45
34,30,45
34,30,45
34,30,45
34,30,45
34,30,45
34,30,45
34,30,45
34,30,45
34,30,45
34,30,45
34,30,45
34,30,45
34,30,45
34,30,45
34,30,45
34,30,45
34,30,45
34,30,45
34,30,45
34,30,45
34,30,45
34,30,45
34,30,45
34,30,45
33,31,44
34,30,45
34,30,45
34,30,45
34,30,45
34,30,45
34,30,45
34,30,45
34,30,45
34,30,45
34,30,45
34,30,45
34,30,45
34,30,45
34,30,45
34,30,45
34,30,45
34,30,45
34,30,45
34,30,45
34,30,45
34,30,45
34,30,45
34,30,45
34,30,45
34,30,46
34,30,45
34,31,45
34,30,45
34,30,45
34,30,45
34,30,45
34,30,45
34,30,45
34,30,45
34,30,45
34,30,45
34,30,45
34,30,45
34,30,45
34,30,45
34,30,45
34,30,45
34,30,45
34,30,45
34,30,45
34,30,45
34,30,45
34,30,45
34,30,45
34,30,45
34,30,45
34,30,45
34,30,45
34,30,45
34,30,45
34,30,45
34,30,45
34,30,45
34,30,45
34,30,45
34,30,45
34,30,45
34,30,45
34,30,45
34,30,45
34,30,45
34,30,45
34,30,45
34,30,45
34,30,45
34,30,45
34,30,45
34,30,45
34,30,45
34,30,45
34,30,46
34,30,45
34,30,45
34,30,45
34,30,45
34,30,45
34,30,45
34,30,45
34,30,45
34,30,45
34,30,45
34,30,45
34,30,45
34,30,45
34,30,45
34,30,45
34,30,45
34,30,45
34,30,45
34,30,45
34,30,45
34,30,45
34,30,45
34,30,45
34,30,45
34,30,45
34,30,45
34,30,46
34,30,45
34,30,45
34,30,45
34,30,45
34,30,45
34,30,45
34,30,45
34,30,45
34,30,45
34,30,45
34,30,45
34,30,45
34,30,45
34,30,45
34,30,45
34,30,45
34,30,45
34,30,45
34,30,45
34,30,45
34,30,45
34,30,45
34,30,45
34,30,45
34,30,45
34,30,45
34,30,45
34,31,44
34,30,45
34,30,45
34,30,45
34,30,45
34,30,45
34,30,45
34,30,45
34,30,45
34,30,45
34,30,45
34,30,45
34,30,45
34,30,45
34,30,45
34,30,45
34,30,45
34,30,45
34,30,45
34,30,45
34,30,45
34,30,45
34,30,45
34,30,45
34,30,45
34,30,45
34,30,45
34,31,45
34,30,45
34,30,45
34,30,45
34,30,45
34,30,45
34,30,45
34,30,45
34,30,45
34,30,45
34,30,45
34,30,45
34,30,45
34,30,45
34,30,45
34,30,45
34,30,45
34,30,45
34,30,45
34,30,45
34,30,45
34,30,45
34,30,45
34,30,45
34,30,45
34,30,45
34,30,45
34,30,45
34,30,44
34,30,45
34,30,45
34,30,45
34,30,45
34,30,45
34,30,45
34,30,45
34,30,45
34,30,45
34,30,45
34,30,45
34,30,45
34,30,45
34,30,45
34,30,45
34,30,45
34,30,45
34,30,45
34,30,45
34,30,45
34,30,45
34,30,45
34,30,45
34,30,45
34,30,45
34,30,45
35,30,45
34,30,45
34,30,45
34,30,45
34,30,45
34,30,45
34,30,45
34,30,45
34,30,45
34,30,45
34,30,45
34,30,45
34,30,45
34,30,45
34,30,45
34,30,45
34,30,45
34,30,45
34,30,45
34,30,45
34,30,45
34,30,45
34,30,45
34,30,45
34,30,45
34,30,44
34,30,45
34,30,45
34,30,45
34,30,45
34,30,45
34,30,45
34,30,45
34,30,45
34,30,45
34,30,45
34,30,45
34,30,45
34,30,45
34,30,45
34,30,45
34,30,45
34,30,45
34,30,45
34,30,45
34,30,45
34,30,45
34,30,45
34,30,45
34,30,45
34,30,45
34,30,45
34,30,45
34,30,45
34,30,45
34,30,45
34,30,45
34,30,45
34,30,45
34,30,45
34,30,45
34,30,45
34,30,45
34,30,45
34,30,45
34,30,45
34,30,45
34,30,45
34,30,45
34,30,45
34,30,45
34,30,45
34,30,45
34,30,45
34,30,45
34,30,45
34,30,45
34,30,45
34,30,44
34,30,45
34,30,45
34,30,45
34,30,45
34,30,45
34,30,45
34,30,45
34,30,45
34,30,45
34,30,45
34,30,45
34,30,45
34,30,45
34,30,45
34,30,45
34,30,45
34,30,45
34,30,45
34,30,45
34,30,45
34,30,45
34,30,45
34,30,45
34,30,45
34,30,45
34,30,46
34,30,45
34,30,45
34,30,45
34,30,45
34,30,45
34,30,45
34,30,45
34,30,45
34,30,45
34,30,45
34,30,45
34,30,45
34,30,45
34,30,45
34,30,45
34,30,45
34,30,45
34,30,45
34,30,45
34,30,45
34,30,45
34,30,45
34,30,45
34,30,45
34,30,45
34,30,45
34,30,45
34,30,45
34,30,45
34,30,45
34,30,45
34,30,45
34,30,45
34,30,45
34,30,45
34,30,45
34,30,45
34,30,45
34,30,45
34,30,45
34,30,45
34,30,45
34,30,45
34,30,45
34,30,45
34,30,45
34,30,45
34,30,45
34,30,45
34,30,45
34,30,45
34,30,45
34,30,45
34,30,45
34,31,44
34,30,45
34,30,45
34,30,45
34,30,45
34,30,45
34,30,45
34,30,45
34,30,45
34,30,45
34,30,45
34,30,45
34,30,45
34,30,45
34,30,45
34,30,45
34,30,45
34,30,45
34,30,45
34,30,45
34,30,45
34,30,45
34,30,45
34,30,45
34,30,45
34,30,45
34,30,45
34,30,45
34,30,45
34,30,45
34,30,45
34,30,45
34,30,45
34,30,45
34,30,45
34,30,45
34,30,45
34,30,45
34,30,45
34,30,45
34,30,45
34,30,45
34,30,45
34,30,45
34,30,45
34,30,45
34,30,45
34,30,45
34,30,45
34,30,45
34,30,45
34,30,45
34,30,45
34,30,45
34,30,45
34,30,45
34,30,45
34,30,45
34,30,45
34,30,45
34,30,45
34,30,45
34,30,45
34,30,45
34,30,45
34,30,45
34,30,45
34,30,45
34,30,45
34,30,45
34,30,45
34,30,45
34,30,45
34,30,45
34,30,45
34,30,45
34,30,45
34,30,45
34,30,45
34,30,45
34,30,45
34,30,45
34,30,45
34,30,45
34,30,45
34,30,45
34,30,45
34,30,45
34,30,45
34,30,45
34,30,45
34,30,45
34,30,45
34,30,45
34,30,45
34,30,45
34,30,45
34,30,45
34,30,45
34,30,45
34,30,45
34,30,45
34,30,45
34,30,45
34,30,45
34,30,45
34,30,45
34,30,45
34,30,45
34,30,45
34,30,45
34,30,45
34,30,45
34,30,45
34,30,45
34,30,45
34,30,45
34,30,45
34,30,45
34,30,45
34,30,45
34,30,45
34,30,45
34,30,45
34,30,45
34,30,45
34,30,45
34,30,45
34,30,45
34,30,45
34,30,45
34,30,45
34,30,45
34,30,45
34,30,45
34,30,45
34,30,45
34,30,45
34,30,45
34,30,45
34,30,45
34,30,45
34,30,45
34,30,45
34,30,45
34,30,45
34,30,45
34,30,45
34,30,45
34,30,45
34,30,45
34,30,45
34,30,45
34,30,45
34,30,45
34,30,45
34,30,45
34,30,45
34,30,45
34,30,45
34,30,45
34,30,45
34,30,45
34,30,45
34,30,45
34,30,45
34,30,45
34,30,45
34,30,45
34,30,45
34,30,45
34,30,45
34,30,45
34,30,45
34,30,45
34,30,45
34,30,45
34,30,45
34,30,45
34,30,45
34,30,45
34,30,45
34,30,45
34,30,45
34,30,45
34,30,45
34,30,45
34,31,45
34,30,45
34,30,45
34,30,45
34,30,45
34,30,45
34,30,45
34,30,45
34,30,45
34,30,45
34,30,45
34,30,45
34,30,45
34,30,45
34,30,45
34,30,45
34,30,45
34,30,45
34,30,45
34,30,45
34,30,45
34,30,45
34,30,45
34,30,45
34,30,45
34,30,45
34,30,45
34,30,46
34,30,44
34,30,45
34,30,45
34,30,45
34,30,45
34,30,45
34,30,45
34,30,45
34,30,45
34,30,45
34,30,45
34,30,45
34,30,45
34,30,45
34,30,45
34,30,45
34,30,45
34,30,45
34,30,45
34,30,45
34,30,45
34,30,45
34,30,45
34,30,45
34,30,45
34,30,45
34,30,45
34,30,45
34,30,46
34,31,45
34,31,44
34,30,45
34,30,45
34,30,45
34,30,45
34,30,45
34,30,45
34,30,45
34,30,45
34,30,45
34,30,45
34,30,45
34,30,45
34,30,45
34,30,45
34,30,45
34,30,45
34,30,45
34,30,45
34,30,45
34,30,45
34,30,45
34,30,45
34,30,45
34,30,45
34,30,45
34,30,45
33,31,45
34,30,45
34,30,45
34,30,45
34,30,45
34,30,45
34,30,45
34,30,45
34,30,45
34,30,45
34,30,45
34,30,45
34,30,45
34,30,45
34,30,45
34,30,45
34,30,45
34,30,45
34,30,45
34,30,45
34,30,45
34,30,45
34,30,45
34,30,45
34,30,45
34,30,45
34,30,46
34,30,45
34,30,45
34,30,45
34,30,45
34,30,45
34,30,45
34,30,45
34,30,45
34,30,45
34,30,45
34,30,45
34,30,45
34,30,45
34,30,45
34,30,45
34,30,45
34,30,45
34,30,45
34,30,45
34,30,45
34,30,45
34,30,45
34,30,45
34,30,45
34,30,45
34,30,45
34,30,45
34,30,45
34,31,45
34,30,45
34,30,45
34,30,45
34,30,45
34,30,45
34,30,45
34,30,45
34,30,45
34,30,45
34,30,45
34,30,45
34,30,45
34,30,45
34,30,45
34,30,45
34,30,45
34,30,45
34,30,45
34,30,45
34,30,45
34,30,45
34,30,45
34,30,45
34,30,45
34,30,45
34,30,45
34,30,45
34,30,45
34,30,45
34,30,45
34,30,45
34,30,45
34,30,45
34,30,45
34,30,45
34,30,45
34,30,45
34,30,45
34,30,45
34,30,45
34,30,45
34,30,45
34,30,45
34,30,45
34,30,45
34,30,45
34,30,45
34,30,45
34,30,45
34,30,45
34,30,45
34,30,45
34,30,45
34,30,45
34,30,45
34,30,45
34,30,45
34,30,45
34,30,45
34,30,45
34,30,45
34,30,45
34,30,45
34,30,45
34,30,44
34,30,45
34,30,45
34,30,45
34,30,45
34,30,45
34,30,45
34,30,45
34,30,45
34,30,45
34,30,45
34,30,45
34,31,45
34,30,45
34,30,45
34,30,45
34,30,45
34,30,45
34,30,45
34,30,45
34,30,45
34,30,45
34,30,45
34,30,45
34,30,45
34,30,45
34,30,45
34,30,45
34,30,45
34,30,45
34,30,45
34,30,45
34,30,45
34,30,45
34,30,45
34,30,45
34,30,46
34,30,45
34,31,45
34,30,45
34,30,45
34,30,45
34,30,45
34,30,45
34,30,45
34,30,45
34,30,45
34,30,45
34,30,45
34,30,45
34,30,45
34,30,45
34,30,45
34,30,45
34,30,45
34,30,45
34,30,45
34,30,45
34,30,45
34,30,45
34,30,45
34,30,45
34,30,45
34,30,45
34,30,45
34,30,45
34,30,45
34,30,45
34,30,45
34,30,45
34,30,45
34,30,45
34,30,45
34,30,45
34,30,45
34,30,45
34,30,45
34,30,45
34,30,45
34,30,45
34,30,45
34,30,45
34,30,45
34,30,45
34,30,45
34,30,45
34,30,45
34,30,45
35,30,45
34,31,45
34,30,45
34,30,45
34,30,45
34,30,45
34,30,45
34,30,45
34,30,45
34,30,45
34,30,45
34,30,45
34,30,45
34,30,45
34,30,45
34,30,45
34,30,45
34,30,45
34,30,45
34,30,45
34,30,45
34,30,45
34,30,45
34,30,45
34,30,45
34,30,45
34,30,45
34,30,45
34,30,45
34,30,45
34,30,45
34,30,45
34,30,45
34,30,45
34,30,45
34,30,45
34,30,45
34,30,45
34,30,45
34,30,45
34,30,45
34,30,45
34,30,45
34,30,45
34,30,45
34,30,45
34,30,45
34,30,45
34,30,45
34,30,45
34,30,45
34,30,45
34,30,45
34,30,45
34,30,45
34,30,45
34,30,45
34,30,45
34,30,46
34,30,45
34,30,45
34,30,45
34,30,45
34,30,45
34,30,45
34,30,45
34,30,45
34,30,45
34,30,45
34,30,45
34,30,45
34,30,45
34,30,45
34,30,45
34,30,45
34,30,45
34,30,45
34,30,45
34,30,45
34,30,45
34,30,45
34,30,45
34,30,45
34,30,45
34,30,45
34,30,45
34,30,45
34,30,45
34,30,45
34,30,45
34,30,45
34,30,45
34,30,45
34,30,45
34,30,45
34,30,45
34,30,45
34,30,45
34,30,45
34,30,45
34,30,45
34,30,45
34,30,45
34,30,45
34,30,45
34,30,45
34,30,45
34,30,45
34,30,45
34,30,45
34,30,45
34,30,45
34,30,45
34,30,45
34,30,45
34,30,44
34,30,45
34,30,45
34,30,45
34,30,45
34,30,45
34,30,45
34,30,45
34,30,45
34,30,45
34,30,45
34,30,45
34,30,45
34,30,45
34,30,45
34,30,45
34,30,45
34,30,45
34,30,45
34,30,45
34,30,45
34,30,45
34,30,45
34,30,45
34,30,45
34,30,45
34,30,45
34,30,45
34,30,45
34,30,45
33,30,44
34,30,45
34,30,45
34,30,45
34,30,45
34,30,45
34,30,45
34,30,45
34,30,45
34,30,45
34,30,45
34,30,45
34,30,45
34,30,45
34,30,45
34,30,45
34,30,45
34,30,45
34,30,45
34,30,45
34,30,45
34,30,45
34,30,45
34,30,45
34,30,45
34,30,45
34,30,45
34,30,45
34,30,45
34,30,44
34,30,45
34,30,45
34,30,45
34,30,45
34,30,45
34,30,45
34,30,45
34,30,45
34,30,45
34,30,45
34,30,45
34,30,45
34,30,45
34,30,45
34,30,45
34,30,45
34,30,45
34,30,45
34,30,45
34,30,45
34,30,45
34,30,45
34,30,45
34,30,45
34,30,45
34,30,45
34,30,45
34,30,45
34,30,45
34,30,45
34,30,45
34,30,45
34,30,45
34,30,45
34,30,45
34,30,45
34,30,45
34,30,45
34,30,45
34,30,45
34,30,45
34,30,45
34,30,45
34,30,45
34,30,45
34,30,45
34,30,45
34,30,45
34,30,45
34,30,45
34,30,45
34,30,45
34,30,45
34,30,45
34,30,45
34,30,45
34,30,45
34,30,45
34,30,45
34,30,45
34,30,45
34,30,45
34,30,45
34,30,45
34,30,45
34,30,45
34,30,45
34,30,45
34,30,45
34,30,45
34,30,45
34,30,45
34,30,45
34,30,45
34,30,45
34,30,45
34,30,45
34,30,45
34,30,45
34,30,45
34,30,45
34,30,45
34,30,45
34,30,45
34,30,45
34,30,45
34,30,45
34,30,45
34,30,45
34,30,45
34,30,45
34,30,45
34,30,45
34,30,45
34,30,45
34,30,45
34,30,45
34,30,45
34,30,45
34,30,45
34,30,45
34,30,45
34,30,44
34,30,44
34,30,45
34,30,45
34,30,45
34,30,45
34,30,45
34,30,45
34,30,45
34,30,45
34,30,45
34,30,45
34,30,45
34,30,45
34,30,45
34,30,45
34,30,45
34,30,45
34,30,45
34,30,45
34,30,45
34,30,45
34,30,45
34,30,45
34,30,45
34,30,45
34,30,45
34,30,45
34,30,45
34,30,45
34,31,45
34,30,45
34,30,45
34,30,45
34,30,45
34,30,45
34,30,45
34,30,45
34,30,45
34,30,45
34,30,45
34,30,45
34,30,45
34,30,45
34,30,45
34,30,45
34,30,45
34,30,45
34,30,45
34,30,45
34,30,45
34,30,45
34,30,45
34,30,45
34,30,45
34,30,45
34,30,45
34,30,45
34,30,45
35,30,45
34,30,44
34,30,45
34,30,45
34,30,45
34,30,45
34,30,45
34,31,45
34,30,45
34,30,45
34,30,45
34,30,45
34,30,45
34,30,45
34,30,45
34,30,45
34,30,45
34,30,45
34,30,45
34,30,45
34,30,45
34,30,45
34,30,45
34,30,45
34,30,45
34,30,45
34,30,45
34,30,45
34,30,45
34,30,45
34,29,45
34,30,45
34,30,46
34,31,45
34,31,44
34,30,45
34,29,45
34,30,45
34,30,45
34,30,45
34,30,45
34,30,45
34,30,45
34,30,45
34,30,45
34,30,45
34,30,45
34,30,45
34,30,45
34,30,45
34,30,45
34,30,45
34,30,45
34,30,45
34,30,45
34,30,45
34,30,45
34,30,45
34,30,45
34,30,45
34,30,45
34,30,45
34,30,45
34,30,45
34,30,45
34,30,45
34,30,45
34,30,45
34,30,45
34,30,45
34,30,45
34,30,45
34,30,45
34,30,45
34,30,45
34,30,45
34,30,45
33,30,45
34,30,45
34,30,45
34,30,45
34,30,45
34,30,45
34,30,45
34,30,45
34,30,45
34,30,45
34,30,45
34,30,45
34,30,45
34,30,45
34,30,45
34,30,45
34,30,45
34,30,45
34,30,45
34,30,45
34,30,45
34,31,45
34,30,45
34,30,45
34,30,46
34,31,45
33,30,45
34,30,45
34,30,45
34,30,45
34,30,45
34,30,45
34,30,45
34,30,45
34,30,45
34,30,45
34,30,45
34,30,45
34,30,45
34,30,45
34,30,45
34,30,45
34,30,45
34,30,45
34,30,45
34,30,45
34,30,45
34,30,45
34,30,45
34,30,45
34,30,45
34,30,46
34,31,45
33,30,45
34,30,45
34,30,45
34,30,45
34,30,45
34,30,45
34,30,45
34,30,45
34,30,45
34,30,45
34,30,45
34,30,45
34,30,45
34,30,45
34,30,45
34,30,45
34,30,45
34,30,45
34,30,45
34,30,45
34,30,45
34,30,45
34,30,45
34,30,46
34,30,45
33,31,45
34,30,45
34,30,45
34,30,45
34,30,45
34,30,45
34,30,45
34,30,45
34,30,45
34,30,45
34,30,45
34,30,45
34,30,45
34,30,45
34,30,45
34,30,45
34,30,45
34,30,45
34,30,45
34,30,45
34,30,45
34,30,45
34,30,45
34,30,45
34,30,45
34,30,46
34,30,44
33,30,45
34,30,45
34,30,45
34,30,45
34,30,45
34,30,45
34,30,45
34,30,45
34,30,45
34,30,45
34,30,45
34,30,45
34,30,45
34,30,45
34,30,45
34,30,45
34,30,45
34,30,45
34,30,45
34,30,45
34,30,45
34,30,45
34,30,45
34,30,45
34,30,45
34,30,45
34,30,45
34,30,45
34,30,45
34,30,45
34,30,45
34,30,45
35,31,45
36,31,45
35,31,45
35,30,45
30,29,46
29,30,46
34,30,46
35,30,46
33,30,45
34,30,45
34,30,45
34,30,45
33,30,46
34,30,45
34,30,45
34,30,45
34,30,45
34,30,45
34,30,45
34,30,45
33,30,45
34,30,45
34,30,45
34,30,45
34,30,45
34,30,46
34,30,45
34,30,45
34,30,45
34,30,45
34,30,45
34,30,45
34,30,45
34,30,45
34,30,45
34,30,45
34,30,45
34,30,45
34,30,45
34,30,45
34,30,45
34,30,45
34,30,45
34,30,45
34,30,45
33,30,45
34,30,45
34,30,45
34,30,45
34,30,45
33,30,45
34,30,45
34,30,45
34,30,45
34,30,45
34,30,45
34,30,45
34,30,45
34,30,45
34,30,45
34,30,45
34,30,45
34,30,45
34,30,45
34,30,45
34,30,45
34,30,45
34,30,45
34,30,45
34,30,45
34,30,46
33,30,45
34,30,46
33,30,46
34,29,46
33,30,45
34,31,45
35,30,44
35,30,44
33,30,45
34,30,46
35,30,46
33,30,46
33,30,46
33,30,46
33,30,45
34,30,45
34,30,45
33,30,46
33,30,46
34,30,45
33,30,46
33,30,46
32,30,46
34,30,46
33,30,45
34,30,46
35,30,46
35,30,45
34,30,45
34,31,44
34,30,44
34,30,46
34,30,46
34,30,46
34,30,45
34,30,44
34,31,45
34,30,45
33,30,46
33,30,46
34,30,45
34,30,45
34,31,45
34,30,45
34,30,44
34,30,44
34,30,45
34,30,45
35,30,45
35,30,45
33,30,45
31,31,45
34,30,46
35,30,46
33,30,45
33,31,45
34,30,45
34,30,45
34,30,45
34,30,45
34,30,45
34,30,45
34,30,45
34,30,45
34,30,45
34,30,45
34,30,45
34,30,45
34,30,45
34,30,45
34,30,45
34,30,45
34,30,45
34,30,45
34,30,45
34,30,45
34,30,45
34,30,45
34,30,45
34,31,44
34,30,45
34,30,45
34,30,45
34,30,45
34,30,45
34,30,45
34,30,45
34,30,45
34,30,45
34,30,45
34,30,45
34,30,45
34,30,45
34,30,45
34,30,45
34,30,45
34,30,45
34,30,45
34,30,45
34,30,45
34,30,45
34,30,45
34,30,45
34,31,44
34,30,45
34,30,45
34,30,45
34,30,45
34,30,45
34,30,45
34,30,45
34,30,45
34,30,45
34,30,45
34,30,45
34,30,45
34,30,45
34,30,45
34,30,45
34,30,45
34,30,45
34,30,45
34,30,45
34,30,45
34,30,45
34,30,45
34,30,45
34,30,45
34,30,45
34,30,45
34,30,45
34,30,45
34,30,45
34,30,45
34,30,45
34,30,45
34,30,45
34,30,45
34,30,45
34,30,45
34,30,45
34,30,45
34,30,45
34,30,45
34,30,45
34,30,45
34,30,45
34,30,45
34,30,45
34,30,45
34,31,45
34,30,45
34,30,45
34,30,46
34,30,45
34,31,44
34,30,45
34,30,45
34,30,45
34,30,45
34,30,45
34,30,45
34,30,45
34,30,45
34,30,45
34,30,45
34,30,45
34,30,45
34,30,45
34,30,45
34,30,45
34,30,45
34,30,45
34,30,45
34,30,45
34,30,45
34,30,45
34,30,45
34,30,45
34,30,45
34,31,45
34,30,45
34,30,45
34,30,45
34,30,45
34,30,45
34,30,45
34,30,45
34,31,45
34,31,45
34,30,45
34,30,45
34,30,45
34,30,45
34,30,45
34,30,45
34,30,45
34,30,45
34,30,45
34,30,45
34,30,45
34,30,45
34,30,45
34,30,45
34,30,45
34,30,45
33,31,45
34,30,45
34,30,45
34,30,45
34,30,45
34,30,45
34,30,45
34,30,45
34,30,45
34,30,45
34,30,45
34,30,45
34,30,45
34,30,45
34,30,45
34,30,45
34,30,45
34,30,45
34,30,45
34,30,45
34,30,45
34,30,45
34,30,45
34,30,45
34,30,45
34,30,45
34,31,44
34,30,45
34,30,45
34,30,45
34,30,45
34,30,45
34,30,45
34,30,45
34,30,45
34,30,45
34,30,45
34,30,45
34,30,45
34,30,45
34,30,45
34,30,45
34,30,45
34,30,45
34,30,45
34,30,45
34,30,45
34,30,45
34,30,45
34,30,45
34,30,45
34,31,44
34,30,45
34,30,45
34,30,45
34,30,45
34,30,45
34,30,45
34,30,45
34,30,45
34,30,45
34,30,45
34,30,45
34,30,45
34,30,45
34,30,45
34,30,45
34,30,45
34,30,45
34,30,45
34,30,45
34,30,45
34,30,45
34,30,45
34,30,45
34,30,45
35,30,45
34,30,45
34,30,45
34,30,45
34,30,45
34,30,45
34,30,45
34,30,45
34,30,45
34,30,45
34,30,45
34,31,45
34,30,45
34,30,45
34,30,45
34,30,45
34,30,45
34,30,45
34,30,45
34,30,45
34,30,45
34,30,45
34,30,45
34,31,45
34,30,45
34,30,45
34,30,45
34,30,45
34,30,45
34,30,45
34,30,45
34,30,45
34,30,45
34,30,45
34,31,45
34,30,45
34,30,45
34,30,45
34,31,45
34,30,45
34,30,45
34,30,45
34,30,45
34,30,45
34,30,45
34,30,45
34,30,45
34,30,45
34,30,45
34,30,45
34,30,45
34,30,45
34,30,45
34,30,45
34,31,45
34,30,45
34,30,45
34,30,45
34,30,45
34,30,45
34,30,45
34,30,45
34,30,45
34,30,45
34,30,45
34,30,45
34,30,45
34,30,45
34,30,45
34,30,45
34,30,45
34,31,45
34,30,45
34,30,45
34,30,45
34,30,45
34,30,45
34,30,45
34,30,45
34,30,45
34,31,45
34,30,45
34,30,45
34,30,45
34,30,45
34,30,45
34,30,45
34,30,45
34,30,45
34,30,45
34,31,45
34,30,45
34,30,45
34,30,45
34,30,45
34,30,45
34,30,45
34,30,45
34,30,45
34,30,45
34,30,45
34,30,45
34,31,45
34,30,45
34,30,45
34,30,45
34,30,45
34,31,45
34,30,45
34,30,45
34,30,45
34,30,45
34,30,45
34,30,45
34,30,45
34,30,45
34,30,45
34,30,45
34,30,45
34,30,45
34,30,45
34,30,45
34,30,45
34,30,45
34,30,45
34,30,45
34,30,45
34,30,45
34,30,45
34,30,45
34,30,45
34,30,45
34,30,45
34,30,45
34,30,45
34,30,45
34,30,45
34,30,45
34,30,45
34,30,45
34,30,45
34,30,45
34,30,45
34,30,45
34,30,45
34,31,45
34,30,45
34,30,45
34,30,45
34,30,45
34,30,45
34,30,45
34,30,45
34,30,45
34,30,45
34,30,45
34,30,45
34,30,45
34,31,44
34,30,45
34,30,45
34,30,45
34,30,45
34,30,45
34,30,45
34,30,45
34,31,45
34,31,45
34,30,45
34,30,45
34,30,45
34,30,45
34,30,45
34,30,45
34,30,45
34,30,45
34,30,45
34,30,45
34,30,45
34,30,45
34,30,45
34,30,45
34,30,45
34,30,45
34,30,45
34,30,44
34,30,45
34,30,45
34,30,45
34,30,45
34,30,45
34,30,45
34,30,45
34,30,45
34,30,45
34,30,45
34,30,45
34,30,45
34,30,45
34,30,45
34,30,45
34,30,45
34,30,45
34,30,45
34,30,45
34,30,45
34,30,45
34,30,45
34,30,45
34,31,45
34,31,45
34,30,45
34,30,45
34,30,45
34,30,45
34,31,45
34,31,45
34,30,45
34,30,45
34,30,45
34,30,45
34,30,45
34,30,45
34,30,45
34,30,45
34,30,45
34,30,45
34,30,45
34,30,45
34,30,45
34,30,45
34,30,45
34,30,45
34,30,45
34,30,45
34,30,44
33,30,45
34,30,45
34,30,45
34,30,45
34,30,45
34,30,45
34,30,45
34,30,45
34,31,45
34,30,45
34,30,45
34,30,45
34,30,45
34,30,45
34,30,45
34,30,45
34,30,45
34,30,45
34,30,45
34,30,45
34,30,45
34,30,45
34,30,45
34,30,45
34,30,45
34,31,44
34,30,45
34,30,45
34,30,45
34,30,45
34,30,45
34,30,45
34,30,45
34,30,45
34,30,45
34,30,45
34,30,45
34,30,45
34,30,45
34,30,45
34,30,45
34,30,45
34,31,45
34,30,45
34,30,45
34,30,45
34,30,45
34,30,45
34,30,45
34,30,45
34,30,45
34,30,45
34,31,45
34,30,45
34,30,45
34,30,45
34,30,45
34,30,45
34,30,45
34,30,45
34,30,45
34,30,45
34,30,45
34,30,45
34,30,45
34,30,45
34,30,45
34,30,45
34,31,45
34,30,45
34,30,45
34,30,45
34,30,45
34,30,45
34,30,45
34,30,45
34,30,45
34,30,45
34,31,45
34,30,45
34,30,45
34,30,45
34,30,45
34,30,45
34,30,45
34,30,45
34,30,45
34,30,45
34,30,45
34,30,45
34,30,45
34,30,45
34,30,45
34,30,45
34,30,45
34,30,45
34,30,45
34,30,45
34,30,45
34,30,45
34,30,45
34,30,45
34,30,45
34,30,45
33,31,45
34,31,45
35,30,45
34,30,45
33,30,45
34,30,45
34,30,45
34,30,45
34,30,45
34,30,45
34,31,44
34,30,45
34,30,45
34,30,45
33,30,45
33,30,45
34,30,46
33,30,45
34,30,45
35,30,45
34,30,45
34,30,46
34,31,45
34,29,45
33,30,45
34,31,45
34,30,46
33,30,46
33,30,46
37,31,44
36,31,43
33,30,44
34,30,45
34,30,45
33,30,45
34,30,46
34,30,45
34,30,44
34,30,44
34,30,45
35,30,46
33,30,45
33,30,44
34,30,45
34,30,45
33,30,45
34,30,45
34,30,45
34,30,45
34,30,45
34,30,45
34,30,45
34,30,45
34,30,45
34,30,46
34,30,46
34,30,45
34,30,45
34,30,45
34,30,45
34,30,45
34,30,45
34,30,45
34,30,46
34,30,45
34,30,45
34,30,45
34,30,45
33,29,46
34,29,46
33,30,45
34,31,46
34,30,46
34,30,46
34,30,45
33,30,44
34,31,45
33,30,46
33,31,46
34,30,45
34,30,45
33,30,45
33,30,46
34,30,46
34,30,45
34,31,45
34,30,45
34,30,45
34,30,45
33,30,45
34,30,45
34,30,45
34,30,45
34,30,45
34,30,45
34,30,45
34,30,45
34,30,46
33,30,46
34,30,46
34,30,44
34,30,44
34,30,45
34,30,45
34,30,46
34,30,46
34,30,46
34,30,45
34,30,45
34,30,45
34,30,45
33,30,45
34,30,45
34,30,45
34,30,45
34,30,45
34,30,45
34,30,45
34,30,45
34,30,45
34,30,45
34,30,45
34,30,45
34,30,45
34,31,46
35,30,45
34,30,45
34,30,45
34,30,45
34,30,45
34,30,46
34,30,45
34,30,45
34,30,45
34,30,45
35,30,45
34,30,45
34,30,45
34,30,45
34,30,45
34,30,45
34,30,45
34,30,45
34,30,45
34,30,46
34,30,45
34,30,44
33,31,44
34,30,45
35,31,45
35,29,46
34,29,46
32,31,46
34,30,45
35,30,45
35,30,44
34,31,45
34,30,45
33,30,46
33,30,46
34,30,46
33,30,46
34,30,45
34,30,45
35,30,45
35,30,45
34,31,45
34,30,45
33,29,45
34,29,46
34,30,46
34,30,45
34,30,45
34,31,45
34,30,45
34,30,45
34,30,45
34,30,46
34,29,46
33,30,46
33,31,46
34,30,45
34,30,45
33,30,45
33,30,46
33,31,46
33,30,46
33,30,46
33,30,46
33,29,45
34,29,45
34,32,45
34,30,45
34,30,44
34,30,44
34,31,45
34,29,46
34,29,45
34,30,46
34,30,45
33,30,44
34,29,45
34,29,45
34,31,44
34,32,45
34,31,45
34,30,45
34,30,45
34,30,45
33,29,45
34,30,45
34,31,45
34,30,45
34,30,45
34,30,45
34,30,45
34,30,45
34,30,45
34,30,45
34,30,45
34,30,45
35,30,45
34,30,45
34,30,45
34,30,45
34,30,45
34,30,45
34,29,45
34,30,45
35,31,45
35,30,45
35,30,46
34,30,45
33,29,45
34,30,45
35,31,45
35,31,45
34,30,45
34,30,45
34,30,45
34,30,45
34,30,45
34,30,45
34,30,45
34,30,46
35,30,45
34,30,44
34,30,45
34,30,45
34,30,45
34,30,45
34,30,45
34,30,45
34,30,45
34,30,45
34,30,45
34,30,45
34,30,45
34,30,45
34,30,45
34,30,45
34,30,45
34,30,45
34,30,45
34,30,45
34,30,45
34,30,45
34,30,45
34,30,45
34,30,46
34,30,46
34,30,45
34,31,45
34,30,45
34,30,45
34,30,45
34,30,45
34,30,45
34,30,45
34,30,45
34,30,45
34,30,45
34,30,45
34,30,45
34,30,45
34,30,45
34,30,45
34,30,45
34,30,45
34,30,45
34,30,45
34,30,45
34,30,45
34,30,45
34,30,45
34,30,46
34,30,45
34,30,44
34,30,45
34,30,45
34,30,45
34,30,45
34,30,45
34,30,45
34,30,45
34,30,45
34,30,45
34,30,45
34,30,45
34,30,45
34,30,45
34,30,45
34,30,45
34,30,45
34,30,45
34,30,45
34,30,45
34,30,45
34,30,45
34,30,45
34,30,45
34,30,45
35,30,45
34,30,45
33,30,45
34,30,45
34,30,45
34,30,45
34,30,45
34,30,45
34,30,45
34,30,45
34,30,45
34,30,45
34,30,45
34,30,45
34,30,45
34,30,45
34,30,45
34,30,45
34,30,45
34,30,45
34,30,45
34,30,45
34,30,45
34,30,45
34,30,45
34,30,45
34,30,45
34,30,45
34,30,45
34,30,44
34,30,45
34,30,45
34,30,45
34,30,46
34,30,45
33,30,45
34,30,46
34,30,45
33,30,45
34,30,45
34,30,45
34,30,45
34,30,45
34,30,46
34,30,45
34,30,45
34,30,45
34,30,45
34,30,45
34,30,45
34,30,45
34,30,45
34,30,45
34,29,45
34,30,45
34,30,45
34,30,45
34,30,45
34,30,45
34,29,45
34,30,45
34,30,45
34,30,45
34,30,45
34,30,45
33,29,45
35,30,45
34,31,45
34,30,45
34,29,45
34,30,45
34,30,45
35,30,45
34,30,45
34,30,45
34,30,45
34,30,45
34,30,45
34,29,46
34,30,46
34,30,45
34,30,45
34,30,45
34,30,45
34,30,45
34,30,45
34,30,45
34,30,45
34,30,45
34,30,45
34,30,45
34,30,45
34,30,45
34,30,45
34,30,45
34,30,45
34,30,45
34,30,46
34,30,46
34,30,45
34,30,45
34,30,45
34,30,45
34,30,45
34,30,46
34,30,45
34,30,45
34,30,45
34,30,45
34,30,45
34,30,45
34,30,45
34,30,45
34,30,45
34,30,45
34,30,45
34,30,45
34,30,45
34,30,45
34,30,45
34,30,45
34,30,45
34,30,45
34,30,45
34,30,45
34,30,45
34,30,45
34,30,45
34,30,45
34,30,46
34,30,45
34,30,45
34,30,45
34,29,45
34,30,45
34,30,45
34,30,45
34,30,45
34,30,45
34,30,45
34,30,45
34,30,45
34,30,45
34,30,45
34,30,45
34,30,45
34,30,45
34,30,45
34,30,45
34,30,45
34,30,45
34,30,45
34,30,45
34,30,45
35,29,45
34,30,44
34,30,45
34,30,45
34,30,45
34,30,45
34,30,45
34,30,45
34,30,45
34,30,45
34,30,45
34,30,45
34,30,45
34,30,45
34,30,45
34,30,45
34,30,45
34,30,46
34,30,45
34,30,45
34,30,45
34,30,45
34,30,45
34,30,45
34,30,45
34,30,46
34,30,45
34,30,45
34,30,45
34,30,45
34,30,46
34,30,45
34,29,45
34,30,45
34,30,45
34,30,45
34,30,45
34,30,45
34,30,45
34,30,45
34,30,45
34,30,45
34,30,46
34,30,45
34,30,45
34,30,45
34,30,45
34,30,45
34,30,45
34,29,45
34,30,45
34,30,46
34,29,46
34,30,45
34,30,45
34,29,45
34,30,45
34,30,45
34,30,46
34,30,45
34,30,45
34,30,45
34,30,45
34,30,45
34,30,45
34,30,45
34,30,45
34,30,45
34,30,45
34,30,45
34,30,45
34,30,45
34,30,45
34,30,45
34,30,45
34,30,45
34,30,46
34,29,45
33,30,45
34,30,45
34,30,45
34,30,45
34,30,45
34,30,45
34,30,45
34,30,46
34,30,45
34,30,45
34,30,45
34,30,45
34,30,45
34,29,45
34,30,45
34,30,45
33,30,45
34,30,45
34,30,45
34,30,46
34,30,46
34,30,45
34,30,45
34,30,45
34,30,45
34,30,45
34,30,45
34,30,45
34,30,45
34,30,45
34,30,45
34,30,45
34,30,45
34,30,45
34,30,45
34,30,45
34,30,45
34,30,45
34,30,45
34,30,45
35,30,45
34,30,45
34,30,45
35,29,45
34,30,45
34,30,45
34,30,45
34,30,45
34,30,45
34,30,45
34,30,45
34,30,45
34,30,45
35,30,45
34,30,45
34,30,45
34,30,45
35,30,45
34,30,45
35,30,45
35,30,45
34,30,45
34,30,45
34,30,45
35,30,45
34,30,45
34,30,45
34,30,45
34,30,45
34,30,45
34,29,45
34,30,45
34,29,45
34,30,45
34,30,45
34,30,45
35,30,45
34,30,45
34,30,45
34,30,45
34,30,45
34,30,45
34,30,45
34,30,45
34,30,45
34,30,45
34,30,45
34,30,45
34,30,45
34,30,45
34,29,45
34,30,45
34,30,45
34,30,45
34,30,45
34,30,45
34,30,45
34,30,45
34,30,45
34,30,45
34,30,45
34,29,46
35,30,45
34,30,44
34,30,44
35,30,45
34,30,45
34,30,45
34,29,45
34,30,45
34,30,45
34,30,45
34,30,45
34,30,45
34,30,45
35,30,45
34,30,45
34,30,45
34,30,45
34,30,45
34,30,45
34,30,45
35,30,45
34,30,45
34,30,45
34,30,45
34,30,45
34,30,45
35,30,45
34,30,44
34,30,45
35,30,45
34,30,45
34,30,45
35,30,45
34,30,45
34,30,45
35,30,45
34,30,45
34,30,45
34,30,45
34,30,45
34,30,45
34,30,45
34,30,45
34,30,45
34,30,45
35,30,45
34,30,45
34,30,45
34,30,45
34,30,45
34,30,45
35,29,45
34,30,45
34,30,45
34,30,45
35,30,45
34,30,45
34,30,45
34,29,45
34,30,45
34,30,45
35,30,45
34,30,45
34,30,45
34,30,45
34,30,45
34,30,45
34,30,45
34,30,45
34,30,45
34,30,44
34,30,44
34,30,45
34,30,45
34,30,45
34,30,45
34,30,45
34,30,45
35,29,46
34,30,45
34,30,45
34,30,45
34,30,45
34,30,45
34,30,45
34,30,45
34,30,45
34,30,45
34,30,45
34,30,45
34,30,45
34,30,45
34,30,45
34,30,45
34,30,45
34,30,45
34,30,45
34,30,45
34,30,45
34,30,45
34,30,45
34,30,46
35,30,45
33,30,45
33,30,45
35,30,45
34,30,45
34,30,45
35,30,45
34,30,45
34,30,45
34,30,45
34,30,45
34,29,45
34,30,45
34,30,45
34,30,45
34,30,45
34,30,45
34,30,45
34,30,45
34,30,45
34,30,45
34,30,45
34,30,45
34,30,45
34,30,45
34,30,45
34,30,45
34,30,45
34,29,46
34,30,45
34,30,45
34,30,45
34,30,45
34,30,45
34,30,45
34,30,45
34,30,45
34,30,45
34,30,45
34,30,45
34,30,45
34,30,45
34,30,45
34,30,45
34,30,45
34,30,45
34,30,45
34,30,45
34,30,45
34,30,45
34,30,45
34,30,45
34,30,45
34,29,45
34,30,45
34,30,45
34,30,45
34,30,45
34,30,45
34,30,45
34,30,45
34,30,45
34,30,45
34,30,45
34,30,45
34,30,45
34,30,45
34,30,45
34,30,45
34,30,45
34,30,45
34,30,45
34,30,45
34,30,45
34,30,45
34,30,45
34,30,45
34,30,45
34,30,45
35,29,45
34,30,44
34,30,45
34,30,45
35,30,45
34,30,45
34,30,45
34,30,45
34,30,45
34,30,45
34,30,45
34,30,45
34,30,45
34,30,45
34,30,45
34,30,45
34,30,45
34,30,45
34,30,45
34,30,45
34,30,45
34,30,45
34,30,45
34,30,45
34,30,45
34,30,45
34,30,45
34,30,45
34,30,45
34,30,45
34,30,45
34,30,45
34,30,45
34,30,45
34,30,45
34,30,45
34,30,45
34,30,45
34,30,45
34,30,45
34,30,45
34,30,45
34,30,45
34,30,45
34,30,45
34,30,45
34,30,45
34,30,45
34,30,45
34,30,45
34,30,45
34,30,45
34,29,46
34,30,45
34,30,45
34,30,45
34,30,45
34,30,45
34,30,45
34,30,45
34,30,45
34,30,45
34,30,45
34,30,45
34,30,45
34,30,45
34,30,45
34,30,45
34,30,45
34,30,45
34,30,45
34,30,45
34,30,45
34,30,45
34,30,45
34,30,45
34,30,45
34,30,45
34,30,45
34,29,45
34,30,45
34,30,44
34,30,45
34,30,45
34,30,45
34,30,45
34,30,45
34,30,45
34,30,45
34,30,45
34,30,45
34,30,45
34,30,45
34,30,45
34,30,45
34,30,45
34,30,45
34,30,45
34,30,45
34,30,45
34,30,45
34,30,45
34,30,45
34,30,45
34,30,45
35,29,45
34,30,44
34,30,45
35,30,45
34,30,45
34,30,45
34,30,45
34,30,45
34,30,45
34,30,45
34,30,45
34,30,45
34,30,45
34,30,45
34,30,45
34,30,45
34,30,45
34,30,45
34,30,45
34,30,45
34,30,45
34,30,45
34,30,45
34,30,45
34,30,45
34,30,45
35,30,45
34,30,45
34,30,45
34,30,45
34,30,45
34,30,45
34,30,45
34,30,45
34,30,45
35,30,45
34,30,45
34,30,45
34,30,45
34,30,45
34,30,45
34,30,45
34,30,45
34,30,45
34,30,45
34,30,45
34,30,45
34,30,45
34,30,45
34,30,45
34,30,45
34,30,45
34,30,45
34,30,45
34,30,45
34,30,45
34,30,45
34,30,45
34,30,45
34,30,45
34,30,45
34,30,45
34,30,45
34,30,45
34,30,45
34,30,45
34,30,45
34,30,45
34,30,45
34,30,45
34,30,45
34,30,45
34,30,45
34,29,45
34,30,45
34,30,45
34,30,45
34,30,45
35,30,45
34,30,44
34,30,45
34,30,45
34,30,45
34,30,45
34,30,45
34,30,45
34,30,45
34,30,45
34,30,45
34,30,45
34,30,45
34,30,45
34,30,45
34,30,45
34,30,45
34,30,45
34,30,45
34,30,45
34,30,45
34,30,45
34,30,45
34,30,45
34,30,45
34,29,46
35,29,45
34,30,44
34,30,45
35,30,45
34,30,45
34,30,45
34,30,44
35,30,45
33,29,45
35,29,45
35,30,45
33,30,46
33,29,45
34,30,45
34,30,45
34,29,45
34,30,45
34,30,46
34,30,46
34,30,46
34,30,45
34,30,45
34,30,45
34,30,45
35,30,45
34,30,46
35,29,47
33,29,46
34,31,43
36,31,43
36,30,44
35,30,44
35,30,45
34,29,45
33,29,45
34,29,46
35,29,45
34,30,45
35,30,44
35,30,44
34,30,44
34,30,45
35,30,45
34,29,46
34,29,45
35,30,45
35,30,44
35,30,44
35,30,44
34,30,45
34,30,45
35,29,45
34,30,45
34,30,44
35,30,45
35,30,45
34,30,45
34,30,45
34,30,45
34,30,45
34,30,45
35,30,45
34,30,45
34,30,45
35,30,45
34,30,45
34,30,45
34,30,45
34,30,45
34,30,45
34,30,45
34,30,45
34,30,45
34,30,45
34,30,45
34,30,45
35,29,45
35,30,45
34,30,44
34,30,45
35,30,45
35,30,45
34,30,45
34,30,45
34,30,45
35,30,45
34,30,45
34,30,45
35,30,45
34,30,45
35,30,45
34,30,45
34,30,45
34,30,45
34,30,45
34,30,45
34,30,45
34,30,45
34,30,45
35,30,45
35,30,45
34,30,45
34,30,45
35,30,45
34,30,44
34,30,45
35,30,45
34,30,45
34,30,45
35,30,45
35,30,45
34,30,45
34,30,45
34,30,45
34,30,45
34,30,45
35,30,45
35,30,45
34,30,45
34,30,45
34,30,45
35,30,45
34,30,45
34,30,45
34,30,45
35,30,45
35,30,45
35,30,45
34,30,45
33,30,44
34,30,45
35,30,45
34,30,45
34,30,45
34,30,45
34,30,45
34,30,45
34,30,45
35,30,45
34,30,46
34,30,45
34,30,45
34,30,45
34,30,45
34,30,45
34,30,45
34,30,45
34,30,45
34,30,45
34,30,45
34,30,45
34,30,45
34,30,45
34,30,45
34,30,45
34,30,45
35,29,46
34,30,44
34,30,45
35,30,45
34,30,45
34,30,45
34,30,45
34,30,45
34,30,45
34,30,45
34,30,45
34,30,45
34,30,45
34,30,45
34,30,45
34,30,45
34,29,45
34,30,45
34,30,45
34,30,45
34,30,45
34,30,45
34,30,45
34,30,45
34,30,45
34,30,45
34,30,45
34,30,45
34,30,45
34,30,45
35,29,45
34,30,44
34,30,45
35,29,45
34,30,45
34,30,45
34,30,45
34,30,45
34,30,45
34,30,45
34,30,45
35,30,45
34,30,45
34,30,45
34,30,45
34,30,45
34,30,45
34,30,45
34,30,45
35,30,45
34,30,45
34,30,45
34,30,45
34,30,45
34,30,45
34,30,45
34,30,45
34,30,45
35,30,45
34,30,45
34,30,45
35,30,45
34,30,45
34,30,45
34,30,45
34,30,45
34,30,45
34,30,45
34,30,45
34,30,45
34,30,45
34,29,45
34,30,45
34,30,45
34,30,45
34,30,45
34,30,45
34,30,45
34,30,45
34,30,45
35,30,45
34,30,45
34,30,45
34,30,45
35,30,45
34,30,45
34,29,45
34,30,45
34,30,44
34,30,45
35,30,45
34,30,45
35,30,45
34,30,45
34,30,45
34,30,45
34,30,45
34,30,45
34,30,45
34,29,45
34,30,45
34,30,45
34,30,45
34,30,45
34,30,45
34,30,45
34,30,45
34,30,45
34,30,45
34,30,45
34,30,45
34,30,45
34,30,45
34,30,45
34,30,45
34,30,45
35,30,45
34,30,45
34,30,45
35,30,45
34,30,45
34,30,45
34,30,45
34,30,45
34,30,45
34,30,45
34,30,45
34,30,45
34,30,45
34,30,45
34,30,45
34,30,45
34,30,45
34,30,45
34,30,45
35,30,45
34,30,45
34,30,45
34,30,45
34,30,45
34,30,45
34,30,45
34,30,45
35,30,45
34,30,44
34,30,45
35,30,45
34,30,45
34,30,45
34,30,45
34,30,45
35,30,45
34,30,45
34,30,45
34,30,45
34,30,45
34,30,45
35,30,45
34,30,45
34,30,45
34,30,45
34,30,45
34,30,45
34,30,45
34,30,45
34,30,45
34,30,45
34,30,45
34,30,45
34,30,45
34,30,45
35,30,45
34,30,44
34,30,44
35,30,45
34,30,45
34,30,45
34,30,45
34,30,45
35,30,45
34,30,45
34,30,45
34,30,45
34,29,45
34,30,45
34,30,45
34,30,45
34,30,45
34,30,45
34,30,45
34,30,45
34,30,45
34,30,45
34,30,45
34,30,45
34,30,45
34,30,45
34,30,45
34,30,45
35,30,45
34,30,45
34,30,44
35,30,45
35,30,45
34,30,45
34,30,45
34,30,45
34,30,45
34,30,45
34,30,45
34,30,45
34,30,45
34,30,45
35,30,45
34,30,45
34,30,45
34,30,45
34,30,45
35,30,45
34,30,45
34,30,45
34,30,45
34,30,45
34,30,45
34,30,45
35,29,45
35,29,45
34,30,44
34,30,44
35,30,45
34,30,45
34,30,45
34,30,45
34,30,45
34,30,45
34,30,45
35,30,45
34,30,45
34,30,45
34,30,45
34,30,45
34,30,45
34,30,45
35,30,45
34,30,45
34,30,45
34,30,45
34,30,45
34,30,45
34,30,45
34,30,45
34,30,45
34,30,45
35,29,45
35,30,45
34,30,44
35,30,45
35,30,45
34,30,45
34,30,45
34,30,45
34,30,45
34,30,45
34,30,45
34,30,45
34,30,45
34,30,45
34,30,45
35,30,45
34,30,45
34,30,45
34,30,45
34,30,45
34,30,45
34,30,45
34,30,45
34,30,45
34,30,45
34,30,45
35,30,45
34,30,45
35,29,45
35,30,45
34,30,44
34,30,45
35,30,45
34,30,45
34,30,45
34,30,45
34,30,45
34,30,45
34,30,45
34,30,45
34,29,45
34,29,45
34,30,45
34,30,45
34,30,45
34,30,45
34,30,45
34,30,45
34,30,45
34,30,45
34,30,45
34,30,45
34,30,45
34,30,45
34,29,45
34,30,45
34,30,44
34,30,45
35,30,45
34,30,45
34,30,45
34,30,45
34,30,45
34,30,45
34,30,45
34,30,45
35,30,45
34,29,45
34,30,45
34,30,45
34,30,45
34,30,45
34,30,45
34,30,45
34,30,45
34,30,45
34,30,45
35,30,45
34,30,45
34,30,45
35,30,45
34,30,45
35,29,45
35,30,45
34,30,45
34,30,45
34,30,45
34,30,45
35,30,45
34,30,45
34,30,45
34,30,45
34,30,45
34,30,45
34,30,45
34,30,45
34,30,45
34,30,45
34,30,45
34,30,45
35,30,45
34,30,45
35,30,45
34,30,45
34,30,45
34,30,45
34,30,45
34,30,45
34,30,45
34,30,45
34,30,45
34,30,44
34,30,45
35,30,45
34,30,45
34,30,45
34,30,45
34,30,45
34,30,44
34,30,45
34,30,45
34,30,45
34,30,45
34,30,45
34,30,45
34,30,45
34,30,45
34,30,45
34,30,45
34,30,45
34,30,45
34,30,45
34,30,45
34,30,45
34,30,45
34,30,45
35,30,45
34,30,44
34,30,45
34,30,45
34,30,45
34,30,45
34,30,45
34,30,45
34,30,45
34,30,45
34,30,45
34,30,45
34,30,45
34,30,45
34,30,45
34,30,45
34,30,45
34,30,45
34,30,45
34,30,45
34,30,45
34,30,45
34,30,45
34,30,45
34,30,45
34,30,45
35,30,45
35,30,45
34,30,45
34,30,45
35,30,45
34,30,45
34,30,45
34,30,45
34,30,45
34,30,45
34,30,45
34,30,45
34,30,45
34,30,45
34,30,45
34,30,45
34,30,45
34,30,45
34,30,45
34,30,45
34,30,45
34,30,45
34,30,45
34,30,45
34,30,45
34,30,45
34,30,45
34,30,45
35,30,45
34,30,45
34,30,45
35,29,45
34,30,45
34,30,45
34,30,45
34,30,45
34,30,45
34,30,45
34,30,45
34,30,45
34,29,45
34,30,45
34,30,45
34,30,45
34,30,45
34,30,45
34,30,45
34,30,45
34,30,45
34,30,45
34,30,45
35,30,45
34,30,45
35,29,45
34,30,44
34,30,44
35,30,45
35,30,45
34,30,45
35,30,45
35,30,45
34,30,45
34,30,45
34,30,45
34,30,45
34,29,45
35,29,46
34,29,45
34,30,45
34,30,44
35,30,44
34,30,45
34,30,45
34,30,45
34,30,45
34,30,45
34,30,45
35,30,45
34,30,45
35,29,45
35,29,45
34,30,44
34,31,45
34,30,45
34,30,45
35,30,45
34,29,45
34,29,45
34,29,45
34,30,45
34,30,45
34,30,44
35,30,44
35,30,45
35,30,45
34,30,45
34,30,45
34,30,45
35,30,45
35,30,45
34,30,45
34,30,45
34,30,45
34,30,45
34,30,45
35,30,45
34,30,44
34,30,44
34,30,45
35,30,45
34,30,45
34,30,45
34,30,45
34,30,45
34,30,45
34,30,45
35,30,45
34,30,45
34,30,45
34,30,45
34,30,45
34,30,45
34,30,45
34,30,45
34,30,45
35,30,45
34,30,45
35,30,45
35,30,45
34,30,46
35,30,45
34,30,45
34,30,45
35,29,45
34,30,45
34,30,45
34,29,45
34,30,45
34,30,45
34,30,45
34,30,45
34,30,45
34,30,45
34,30,45
34,30,45
34,29,45
34,30,45
34,30,45
34,30,45
34,30,45
34,30,45
34,30,45
34,30,45
34,30,45
34,29,45
35,30,45
34,30,45
34,30,45
35,30,45
34,30,45
34,30,45
34,30,45
34,30,45
34,30,45
34,30,45
34,30,45
34,30,45
34,30,45
34,30,45
34,30,45
34,30,45
34,30,45
34,30,45
34,30,45
34,30,45
34,29,45
34,30,45
34,30,45
34,30,45
34,30,45
34,29,45
34,30,45
34,30,45
34,30,45
34,30,45
34,30,45
34,30,45
34,30,45
34,30,45
34,30,45
34,30,45
34,30,45
34,30,45
34,30,45
34,30,45
34,30,45
34,30,45
34,30,45
34,30,45
34,30,45
34,30,45
34,30,45
34,30,45
34,30,45
35,29,45
34,30,45
34,30,45
34,30,45
34,30,45
34,30,45
34,30,45
34,30,45
34,30,45
34,30,45
34,30,45
34,30,45
34,29,45
34,30,45
34,30,45
34,30,45
34,30,45
34,30,45
34,30,45
34,29,45
34,30,45
35,30,45
34,30,45
35,30,45
34,30,45
34,29,45
35,30,45
34,30,44
34,30,45
35,30,45
34,30,45
34,30,45
34,30,45
34,30,45
34,30,45
34,30,45
34,30,45
34,30,45
34,30,45
34,30,45
34,30,45
34,30,45
34,30,45
34,30,45
34,30,45
34,30,45
34,30,45
34,30,45
34,30,45
34,30,45
34,30,45
34,30,45
35,29,45
35,30,45
34,30,45
34,30,45
34,29,45
34,30,45
34,29,45
34,30,45
34,30,45
34,30,45
34,30,45
34,30,45
34,30,45
34,30,45
34,30,45
34,30,45
34,29,45
34,30,45
34,30,45
34,30,45
34,30,45
34,30,45
34,30,45
34,30,45
34,30,45
34,29,45
35,29,45
34,30,44
34,30,45
35,30,45
34,30,45
34,30,45
35,30,45
34,30,45
34,30,45
34,30,45
34,30,45
34,30,45
34,30,45
34,30,45
34,30,45
34,30,45
34,30,45
34,30,45
34,30,45
34,30,45
34,30,45
34,30,45
34,30,45
35,30,45
34,30,45
34,30,45
34,30,45
34,30,45
35,30,45
34,30,45
34,30,45
35,30,45
34,30,45
34,30,45
34,29,45
34,30,45
34,30,45
34,30,45
34,30,45
34,30,45
34,30,45
34,30,45
34,30,45
34,30,45
34,30,45
34,30,45
34,30,45
34,30,45
34,30,45
34,30,45
34,30,45
34,30,45
34,30,45
34,30,45
34,30,45
34,30,45
35,29,45
34,30,44
34,30,45
35,30,45
34,30,45
34,30,45
34,30,45
34,30,45
34,30,45
34,30,45
34,30,45
34,30,45
34,30,45
34,30,45
34,29,45
34,30,45
34,30,45
34,30,45
34,30,45
34,30,45
34,30,45
34,30,45
34,30,45
34,30,45
34,30,45
34,30,45
34,29,45
34,30,45
34,30,45
35,30,45
34,30,45
34,30,45
34,30,45
34,30,45
34,30,45
34,30,45
34,30,45
34,30,45
34,30,45
34,30,45
34,30,45
34,30,45
34,30,45
34,30,45
34,30,45
34,30,45
34,30,45
34,30,45
34,30,45
34,30,45
34,30,45
34,30,45
34,30,45
34,30,45
35,29,45
34,30,45
34,30,45
34,30,45
34,30,45
34,30,45
34,29,45
34,30,45
34,30,45
34,30,45
34,30,45
34,30,45
34,30,45
34,30,45
34,30,45
34,30,45
34,30,45
34,30,45
34,30,45
34,30,45
34,30,45
34,30,45
34,30,45
34,30,45
34,30,45
34,30,45
34,30,45
34,30,45
34,30,45
34,30,45
34,30,44
35,30,45
34,30,45
34,29,45
35,30,45
34,30,45
34,30,45
34,30,45
34,30,45
34,30,45
34,30,45
34,30,45
34,30,45
34,30,45
34,30,45
34,30,45
34,30,45
34,30,45
34,30,45
34,30,45
34,30,45
34,30,45
34,30,45
34,30,44
34,30,45
35,30,45
34,30,45
34,30,45
34,30,45
34,30,45
34,30,45
34,30,45
34,30,45
34,30,45
34,30,45
34,30,45
34,30,45
34,30,45
34,30,45
34,30,45
34,30,45
34,30,45
34,30,45
34,30,45
34,30,45
34,30,45
34,30,45
34,30,45
34,30,45
34,30,45
34,30,45
34,30,45
34,29,45
34,30,45
34,30,44
34,30,45
34,29,45
34,29,45
34,30,45
34,30,45
34,30,45
34,30,45
34,30,45
34,30,45
34,30,45
34,30,45
34,30,45
34,30,45
34,30,45
34,30,45
34,30,45
34,30,45
34,30,45
34,30,45
34,30,45
34,30,45
34,30,45
34,30,45
34,29,46
35,30,45
34,30,44
34,30,45
34,30,45
34,29,45
34,30,45
34,30,45
34,30,45
34,30,45
34,30,45
34,30,45
34,29,45
34,30,45
34,30,45
34,30,45
34,30,45
34,29,45
34,30,45
34,30,45
34,30,45
34,30,45
34,30,45
34,30,45
34,30,45
34,30,45
34,30,45
35,29,46
35,30,45
34,30,45
34,30,45
34,30,45
34,30,45
34,30,45
34,30,45
34,30,45
34,30,45
34,30,45
34,30,45
34,30,45
34,30,45
34,30,45
34,30,45
34,30,45
35,30,45
34,30,45
34,30,45
34,30,45
34,30,45
34,30,45
34,30,45
34,30,45
34,30,45
34,30,45
34,29,46
35,29,45
34,30,45
34,30,45
35,30,45
34,30,45
34,30,45
34,30,45
34,30,45
34,30,45
34,30,45
34,30,45
34,30,45
34,30,45
34,30,45
34,30,45
34,30,45
34,30,45
34,30,45
34,30,45
34,30,45
34,30,45
34,30,45
34,30,45
34,30,45
34,30,45
34,30,45
34,29,45
34,30,45
34,30,44
35,30,45
34,30,45
34,29,45
34,29,45
34,29,45
34,30,45
34,30,45
34,30,45
34,30,45
34,30,45
34,29,45
34,30,45
34,30,45
34,30,45
34,30,45
34,30,45
34,30,45
34,30,45
34,30,45
34,30,45
34,30,45
34,30,45
34,30,45
34,29,45
35,29,46
34,30,45
34,30,45
35,30,45
34,30,45
34,30,45
34,30,45
34,30,45
34,30,45
34,30,45
34,30,45
34,30,45
34,30,45
34,30,45
34,30,45
34,30,45
34,29,45
34,30,45
34,30,45
34,30,45
34,30,45
34,30,45
34,30,45
34,30,45
34,29,45
34,30,45
34,30,45
35,30,45
34,30,44
34,30,45
34,29,45
34,30,45
34,29,45
34,30,45
34,30,45
34,30,45
34,30,45
34,30,45
34,30,45
34,30,45
34,30,45
34,30,45
34,30,45
34,30,45
34,30,45
34,30,45
34,30,45
34,30,45
34,30,45
34,30,45
34,30,45
34,29,45
34,30,45
35,29,45
34,30,45
34,30,45
34,30,45
34,30,45
34,30,45
34,29,45
34,30,45
34,30,45
34,30,45
34,30,45
34,30,45
34,29,45
34,30,45
34,30,45
34,30,45
34,30,45
34,30,45
34,30,45
34,30,45
34,30,45
34,30,45
34,30,45
34,30,45
34,30,45
34,30,45
34,30,45
34,30,45
34,30,45
34,30,45
35,30,45
34,30,45
34,30,45
34,30,45
34,30,45
34,30,45
34,30,45
34,30,45
34,30,45
34,30,45
34,30,45
34,30,45
34,30,45
34,29,45
34,30,45
34,30,45
34,30,45
34,30,45
34,30,45
34,30,45
34,30,45
34,30,45
34,30,45
34,30,45
35,29,46
34,30,45
34,30,45
34,30,45
34,30,45
34,30,45
34,30,45
34,30,45
34,30,45
34,30,45
34,30,45
34,30,45
34,30,45
34,30,45
34,30,45
34,30,45
34,30,45
34,30,45
34,30,45
34,30,45
34,30,45
34,30,45
34,30,45
34,30,45
34,30,45
34,30,45
34,30,45
34,30,45
34,30,45
34,30,45
35,30,45
34,29,45
34,30,45
34,29,45
34,30,45
34,30,45
34,30,45
34,30,45
34,30,45
34,30,45
34,30,45
34,30,45
34,30,45
34,30,45
34,30,45
34,30,45
34,30,45
34,30,45
34,30,45
34,30,45
34,30,45
34,30,45
34,30,45
34,30,45
34,30,45
34,30,45
34,30,45
35,30,45
34,30,45
34,30,45
34,30,45
34,30,45
34,30,45
34,30,45
34,30,45
34,29,45
34,29,45
34,30,45
34,30,45
34,30,45
34,30,45
34,30,45
34,30,45
34,30,45
34,30,45
34,30,45
34,30,45
34,30,45
34,30,45
34,29,45
34,30,45
34,29,45
34,30,45
34,30,45
34,30,45
34,29,45
34,30,45
34,30,45
34,30,45
34,30,45
34,30,45
34,30,45
34,30,45
34,30,45
34,30,45
34,30,45
34,30,45
34,30,45
34,30,45
34,30,45
34,30,45
34,30,45
34,30,45
34,30,45
34,30,45
34,30,45
34,30,45
34,29,45
35,30,45
34,30,45
34,30,45
34,30,45
34,30,45
34,29,45
34,30,45
34,30,45
34,30,45
34,30,45
34,30,45
34,30,45
34,30,45
34,30,45
34,30,45
34,30,45
34,30,45
34,30,45
34,30,45
34,30,45
34,30,45
34,30,45
34,30,45
34,30,45
34,30,45
34,30,45
34,29,46
35,30,45
34,30,44
34,30,45
34,30,45
34,29,45
34,29,45
34,30,45
34,30,45
34,30,45
34,30,45
34,30,45
34,30,45
34,30,45
34,30,45
34,30,45
34,30,45
34,30,45
34,30,45
34,30,45
34,30,45
34,30,45
34,30,45
34,30,45
34,30,45
34,30,45
34,30,45
34,30,45
34,29,45
34,30,45
34,30,45
34,30,45
34,30,45
34,30,45
34,30,45
34,30,45
34,30,45
34,30,45
34,30,45
34,30,45
34,30,45
34,30,45
34,30,45
34,30,45
34,30,45
34,30,45
34,30,45
34,30,45
34,30,45
34,30,45
34,30,45
34,30,45
34,30,45
34,30,45
34,29,46
35,30,45
34,30,45
34,30,45
34,29,45
33,29,45
35,31,45
35,31,45
34,30,45
35,30,45
34,30,45
34,30,45
35,30,45
34,30,45
34,30,45
35,30,45
34,30,45
34,30,45
34,30,45
34,30,45
34,30,45
34,30,45
34,30,45
34,30,45
34,30,45
34,29,45
34,30,45
34,30,45
34,29,46
34,30,44
34,30,45
35,30,45
34,29,45
34,30,45
34,30,45
34,30,45
34,30,45
34,30,45
34,30,45
34,30,45
34,29,45
34,30,45
34,30,45
34,30,45
34,30,45
34,30,45
34,30,45
34,30,45
34,30,45
34,30,45
34,30,45
34,30,45
34,30,45
34,30,45
34,29,46
35,29,46
34,30,44
34,30,45
35,30,45
34,30,45
34,30,45
34,29,45
34,29,45
34,30,45
34,30,45
34,30,45
34,30,45
34,30,45
34,30,45
34,30,45
34,30,45
34,30,45
34,30,45
34,30,45
34,30,45
34,30,45
34,30,45
34,30,45
34,30,45
34,30,45
34,30,45
35,29,45
34,30,45
34,30,45
35,30,45
34,30,45
34,30,45
34,30,45
34,30,45
34,30,45
34,30,45
34,30,45
34,30,45
34,30,45
34,30,45
34,30,45
34,30,45
34,30,45
34,30,45
34,30,45
34,30,45
34,30,45
34,30,45
34,30,45
34,30,45
34,30,45
34,29,45
34,30,45
34,29,45
34,30,45
34,30,45
35,30,45
35,30,45
34,29,45
34,30,45
34,30,45
34,30,45
34,30,45
34,30,45
34,30,45
34,30,45
34,30,45
34,30,45
34,30,45
34,30,45
34,30,45
34,30,45
34,30,45
34,30,45
34,30,45
34,30,45
34,30,45
34,30,45
34,30,45
34,30,45
34,30,45
34,30,45
34,30,45
34,30,45
34,29,45
34,29,45
34,30,45
34,29,45
34,30,45
34,30,45
34,30,45
34,30,45
34,30,45
34,30,45
34,30,45
34,30,45
34,30,45
34,30,45
34,30,45
34,30,45
34,30,45
34,30,45
34,30,45
34,30,45
34,30,45
34,30,45
34,30,45
34,29,45
34,30,45
34,30,45
34,30,45
35,30,45
34,30,45
34,30,45
34,30,45
34,30,45
35,29,45
34,29,46
34,30,45
34,30,45
34,30,45
34,30,45
34,30,45
34,30,45
34,30,45
34,30,45
34,30,45
34,30,45
34,30,45
34,29,45
34,29,45
34,30,45
34,30,45
34,30,45
34,30,45
34,30,45
34,30,44
34,30,45
34,29,45
34,29,45
34,30,45
34,30,45
34,30,45
34,29,45
34,30,45
34,30,45
34,30,45
34,30,45
34,30,45
34,30,45
34,30,45
34,30,45
34,30,45
34,30,45
34,30,45
34,30,45
34,30,45
34,30,45
34,30,45
34,30,45
35,30,45
34,30,45
34,30,45
34,30,45
34,30,45
35,30,45
34,29,45
34,29,45
34,29,45
34,30,45
34,30,45
34,30,45
34,30,45
34,30,45
34,30,45
34,30,45
34,30,45
34,30,45
34,30,45
34,30,45
34,30,45
35,30,45
34,29,45
34,29,45
34,30,45
35,30,45
34,30,45
34,30,46
35,29,45
34,30,45
34,30,45
35,30,45
34,29,45
34,30,45
34,30,45
34,30,45
34,30,45
34,30,45
34,30,45
34,30,45
34,29,45
34,30,45
34,30,45
34,29,45
34,30,45
34,30,45
34,30,45
34,30,45
34,30,45
34,30,45
35,30,45
34,30,45
34,30,45
34,30,45
34,29,45
35,29,45
34,30,45
34,30,45
34,30,45
34,30,45
34,29,45
35,29,45
34,30,45
34,30,45
34,30,45
34,29,45
34,30,45
34,30,45
34,30,45
34,30,45
34,30,45
34,30,45
34,30,45
34,30,45
34,30,45
34,30,45
34,30,45
34,30,45
34,30,45
34,30,45
34,30,45
35,30,45
34,30,45
34,30,45
34,30,45
34,30,45
34,30,45
35,29,45
34,30,45
34,30,45
34,30,45
34,30,45
34,30,45
35,30,45
34,30,45
34,30,45
34,30,45
34,30,45
34,30,45
34,29,45
34,30,45
34,30,45
34,30,45
34,30,45
34,30,45
34,30,45
34,30,45
34,30,45
34,30,45
34,30,45
34,30,45
34,30,45
34,29,45
34,30,45
34,30,45
35,29,46
34,30,45
34,30,45
35,30,45
34,29,45
34,30,45
34,30,45
34,30,45
34,30,45
34,30,45
34,30,45
34,30,45
34,29,45
34,30,45
34,30,45
34,30,45
34,30,45
34,30,45
34,30,45
34,30,45
34,30,45
34,30,45
34,30,45
34,30,45
34,30,45
34,30,45
34,30,45
34,30,45
34,30,45
34,30,45
35,29,45
34,30,45
34,30,45
34,29,45
34,30,45
34,30,45
34,30,45
34,30,45
34,30,45
34,30,45
34,30,45
34,30,45
34,30,45
34,30,45
34,30,45
34,30,45
34,30,45
34,30,45
35,30,45
34,30,45
34,30,45
34,30,45
34,30,45
34,30,45
34,30,45
34,30,45
34,30,45
34,30,45
35,30,45
34,30,44
34,30,45
35,30,45
34,30,45
34,30,45
34,29,45
34,30,45
34,30,45
34,30,45
34,30,45
35,30,45
34,30,45
34,30,45
34,30,45
34,30,45
34,30,45
34,30,45
34,30,45
34,30,45
34,30,45
34,30,45
34,30,45
34,30,45
34,30,45
34,30,45
34,30,45
34,30,45
34,30,45
35,30,45
34,30,45
34,30,45
35,29,45
34,30,45
34,30,45
34,30,45
34,30,45
34,30,45
34,30,45
34,30,45
34,30,45
34,29,45
34,30,45
35,30,45
34,30,45
34,30,45
34,30,45
34,30,45
34,30,45
34,30,45
34,30,45
34,30,45
34,30,45
34,30,45
34,30,45
34,30,45
35,30,45
34,29,45
34,30,44
34,30,45
34,29,45
34,29,45
35,30,45
34,30,45
34,30,45
34,30,45
34,30,45
34,30,45
34,30,45
34,30,45
34,30,45
34,30,45
34,29,45
34,30,45
34,30,45
34,30,45
34,30,45
34,30,45
34,30,45
34,30,45
34,30,45
34,30,45
35,29,45
34,30,44
34,30,45
35,30,45
35,29,45
34,30,45
34,30,45
34,30,45
34,30,45
34,30,45
34,30,45
34,30,45
34,30,45
34,30,45
34,30,45
34,30,45
34,30,45
34,30,45
34,30,45
34,30,45
34,30,45
34,30,45
34,30,45
34,30,45
34,30,45
34,30,45
34,29,45
35,29,45
34,30,44
34,30,45
35,30,45
34,30,45
34,30,45
34,30,45
34,30,45
34,30,45
34,30,45
34,30,45
35,30,45
34,30,45
34,30,45
34,30,45
34,30,45
34,30,45
34,30,45
34,30,45
34,30,45
34,30,45
34,30,45
34,30,45
34,30,45
34,29,45
34,30,45
34,29,45
35,30,45
34,30,44
34,30,45
34,29,45
34,29,45
34,30,45
34,30,45
34,30,45
34,29,45
34,29,45
34,29,45
34,30,45
34,30,45
35,30,45
35,30,45
34,30,45
34,30,45
34,30,45
34,30,45
34,30,45
34,30,45
34,30,45
34,30,45
34,30,45
34,30,45
34,30,46
35,29,45
34,30,45
35,30,45
34,29,46
33,28,46
34,30,45
34,30,45
34,29,45
35,30,45
34,29,46
33,28,45
32,30,46
33,31,46
35,30,45
34,30,45
33,30,45
34,30,45
34,29,45
33,29,45
34,30,46
34,30,46
34,30,46
34,30,45
34,30,44
34,30,45
34,30,45
34,29,46
34,29,46
33,30,45
34,30,45
34,30,45
34,30,45
34,30,45
34,29,45
34,30,46
34,30,46
34,30,45
34,30,45
34,30,45
34,30,45
34,30,45
34,30,46
34,29,46
34,30,45
34,30,45
34,30,45
34,30,45
34,30,45
34,30,45
34,30,45
34,30,45
34,29,45
34,29,46
34,30,45
34,30,45
34,30,45
34,30,45
34,30,45
34,30,46
34,30,45
34,30,45
34,30,45
34,30,45
34,30,45
34,30,45
34,30,45
34,30,45
34,30,45
34,30,45
34,30,45
34,30,45
34,30,45
34,30,45
34,29,45
34,30,45
34,30,45
34,30,45
34,30,46
34,30,45
34,30,44
34,30,45
34,30,45
34,29,46
34,29,46
34,29,45
34,30,45
34,30,45
35,30,45
34,30,45
34,30,45
34,29,45
34,30,45
34,30,45
34,30,45
34,30,45
34,30,45
34,30,45
34,30,45
34,30,45
34,30,45
34,30,45
34,30,45
34,30,45
34,30,45
34,30,45
34,30,45
34,30,45
34,30,45
34,30,45
34,30,45
34,30,45
34,30,45
34,30,45
34,30,45
34,30,45
34,30,45
34,30,45
34,30,45
34,30,45
34,30,45
34,30,45
34,30,45
34,30,45
34,30,45
34,30,45
34,30,45
34,30,45
34,30,45
34,30,45
34,30,45
34,30,45
34,30,45
34,29,45
34,29,45
34,30,45
34,30,45
35,29,45
34,29,45
34,30,45
34,30,45
34,30,45
34,30,45
34,30,45
34,30,45
34,30,45
34,30,45
34,30,45
34,30,45
34,30,45
34,30,45
34,30,45
34,30,45
34,30,45
34,30,45
34,30,45
35,30,45
34,30,45
34,30,45
34,29,45
34,30,45
34,30,45
34,29,45
34,30,44
34,30,45
35,30,45
34,30,45
33,30,46
34,30,45
34,30,46
34,29,45
34,30,45
34,30,45
34,30,45
34,30,45
34,30,45
34,30,45
34,30,45
34,30,45
34,30,45
34,30,45
34,30,45
34,30,45
34,30,45
34,30,45
34,30,45
34,30,45
34,30,45
34,30,46
34,29,46
34,30,45
34,30,45
34,30,45
34,30,45
34,30,45
34,29,45
34,30,45
34,30,45
34,30,45
34,30,45
34,30,45
34,30,46
34,30,45
34,30,45
34,30,45
34,30,45
34,30,45
34,30,45
34,30,45
34,30,45
34,30,45
34,29,45
34,30,45
35,30,46
34,29,45
33,30,45
34,30,45
34,29,45
34,30,45
34,30,46
34,30,45
34,30,45
34,30,45
34,30,45
34,30,45
34,30,46
34,30,45
34,30,45
34,30,45
34,30,45
34,30,45
34,30,45
34,30,45
34,30,45
34,30,45
34,30,45
34,30,45
34,30,46
34,30,45
33,30,45
34,30,45
34,30,45
34,30,45
34,30,45
34,30,45
34,30,45
34,30,45
34,30,45
34,30,45
34,30,45
34,30,45
34,29,45
34,30,45
34,30,45
34,30,46
34,30,45
34,30,45
34,30,45
34,30,45
34,30,45
34,30,45
34,29,46
34,30,46
34,30,45
34,30,45
34,30,45
34,30,45
34,29,45
34,30,45
34,30,45
34,30,45
34,30,45
34,30,45
34,30,45
34,30,45
34,30,46
34,30,45
34,30,45
34,30,45
34,30,45
34,30,45
34,30,45
34,30,45
34,29,45
34,30,45
35,29,46
34,30,45
34,30,44
35,30,45
35,30,45
34,30,45
34,30,45
34,30,45
34,29,45
34,30,45
34,30,45
34,30,45
34,30,45
34,31,45
34,29,45
34,30,45
34,30,45
34,30,45
34,29,45
34,30,45
34,30,45
34,30,46
34,30,45
34,30,45
34,30,45
35,29,45
34,30,45
33,30,45
34,30,45
35,30,45
34,29,45
33,29,45
35,30,45
35,30,45
34,30,45
34,30,45
34,30,45
34,30,45
34,30,45
34,30,45
34,30,45
34,30,45
34,30,45
34,30,46
34,30,45
34,30,45
35,30,45
34,30,45
34,30,45
34,29,45
35,30,46
35,30,45
35,30,45
34,30,45
35,30,44
34,30,44
34,30,45
34,29,45
34,30,45
35,30,45
34,30,45
34,30,45
35,29,45
34,29,44
34,30,44
35,30,45
34,30,45
34,29,45
35,29,45
34,30,45
34,30,45
34,30,45
34,30,45
35,30,45
34,30,45
34,30,44
35,29,46
34,29,46
34,30,45
34,30,45
34,29,46
33,29,46
32,30,46
33,30,46
34,29,46
33,29,46
33,30,46
33,30,46
33,30,46
33,30,46
33,30,45
32,30,45
33,31,45
33,30,46
35,29,48
40,31,48
34,33,45
27,30,44
29,31,44
32,32,42
33,33,41
39,32,38
39,31,37
42,33,39
44,33,42
32,34,42
27,34,39
35,32,38
38,32,41
40,32,43
43,35,40
39,33,37
35,31,39
32,32,42
34,35,42
35,33,42
37,32,42
37,32,43
34,31,41
37,33,40
42,33,45
36,33,45
32,31,39
33,32,37
41,34,39
41,34,40
40,33,42
38,32,42
35,33,41
33,33,41
31,31,38
35,32,37
40,36,42
42,35,40
39,32,36
37,31,35
39,32,40
37,33,40
32,32,38
30,33,38
39,34,42
41,35,42
38,34,38
35,35,38
37,34,41
34,31,40
36,31,41
40,34,42
38,34,42
32,33,41
33,32,42
36,32,44
36,33,42
33,33,42
33,32,42
34,30,43
33,30,42
37,33,43
37,34,44
37,33,46
33,31,38
37,32,43
35,32,45
32,31,42
34,31,42
35,30,43
36,30,44
35,30,44
38,31,43
41,32,42
37,31,42
34,31,42
33,32,41
35,32,42
38,32,42
38,32,42
38,31,41
38,31,41
37,31,42
36,31,42
36,32,42
36,32,41
37,31,41
39,31,41
39,32,42
36,30,42
31,31,43
31,31,44
37,31,43
38,31,43
36,32,42
34,32,42
35,31,43
36,31,43
35,31,43
35,31,43
36,31,43
36,31,42
35,32,42
35,32,43
35,31,43
36,32,42
36,31,43
37,31,42
36,31,42
35,31,42
35,31,42
36,31,42
36,31,42
36,31,42
36,31,42
36,31,43
37,31,43
36,32,41
36,32,42
36,32,42
36,31,42
36,31,43
36,31,43
35,31,43
35,31,43
35,31,43
37,32,43
40,32,43
41,32,42
40,32,44
32,32,44
31,31,43
29,31,44
30,31,45
29,31,45
28,31,45
25,32,44
24,31,45
31,32,46
37,31,46
44,32,44
43,32,41
38,32,39
36,31,39
37,31,41
37,31,42
38,30,42
39,30,42
39,30,42
38,31,40
36,32,39
37,32,39
40,31,40
39,30,41
38,30,41
37,31,42
36,31,42
36,30,41
37,30,41
38,31,42
38,32,42
36,32,42
37,32,42
38,31,41
38,31,42
37,31,41
36,31,41
37,31,42
38,31,42
37,31,42
37,31,41
36,31,41
37,31,42
37,31,42
37,31,41
37,31,42
37,31,42
37,31,41
37,31,42
37,31,42
37,31,42
37,31,41
37,31,41
37,31,41
37,31,41
38,31,42
38,31,42
37,31,41
38,31,41
38,31,41
37,31,41
37,31,41
37,31,42
37,31,41
37,31,41
37,31,41
38,31,41
37,31,41
37,31,41
37,31,41
37,31,41
37,31,42
38,31,42
37,31,41
37,31,41
37,31,41
37,31,41
37,31,42
38,31,42
38,31,41
36,31,40
37,31,41
37,31,41
37,31,41
37,31,42
37,31,41
37,31,41
38,31,41
38,31,42
38,31,42
37,31,42
37,31,41
37,32,40
38,32,41
38,32,41
38,31,41
37,31,41
37,31,41
37,31,41
37,31,41
37,31,41
38,31,41
37,31,41
37,31,41
38,31,41
38,31,41
38,31,41
37,31,41
37,32,41
37,32,41
38,31,41
38,31,41
38,31,41
37,31,41
37,31,41
38,31,41
38,31,41
37,31,41
37,31,41
37,31,41
37,31,41
37,31,41
38,31,41
37,31,41
38,31,42
38,31,41
37,31,40
37,31,41
38,31,41
37,31,41
37,31,41
37,31,41
38,31,41
37,31,41
38,31,41
38,31,41
37,31,41
37,31,41
38,31,41
38,31,41
37,31,41
37,31,41
37,31,41
37,31,41
37,32,41
38,31,41
37,31,42
38,31,42
38,31,41
37,31,40
37,31,41
38,31,41
38,31,41
37,31,41
37,31,41
37,31,41
37,31,41
37,32,42
36,31,42
36,30,41
37,31,40
39,32,41
38,32,41
36,31,41
37,31,42
37,31,42
36,31,42
36,31,42
37,32,41
38,32,41
38,32,41
37,31,41
37,31,42
37,31,41
37,31,41
37,31,42
37,31,41
38,31,41
37,31,41
37,31,41
37,31,41
37,31,42
37,31,42
38,31,42
38,32,41
38,31,40
37,31,41
37,31,41
37,31,42
37,31,42
37,32,41
37,32,41
37,31,42
38,31,41
38,31,41
37,31,41
36,32,41
37,31,41
38,31,41
38,31,42
38,31,41
37,31,41
37,31,40
37,31,41
38,32,41
38,31,41
38,31,41
37,31,41
37,31,41
38,31,41
38,31,41
37,32,41
37,31,41
37,31,41
37,31,41
37,31,41
37,31,41
37,31,41
37,31,41
38,32,41
38,31,41
37,32,41
37,31,41
38,31,42
37,31,41
36,32,41
37,32,41
38,31,41
37,31,41
37,31,41
37,31,41
38,31,41
37,31,41
37,31,41
37,31,41
38,32,41
37,31,41
37,31,41
37,31,41
37,31,41
37,32,41
37,31,41
37,31,41
38,31,41
38,31,42
37,31,41
38,32,41
38,32,41
37,32,41
38,32,41
38,31,42
38,31,41
37,32,40
37,32,40
37,32,40
37,31,41
38,31,41
38,32,40
38,31,41
37,32,40
37,32,40
38,32,41
38,31,41
38,31,41
38,32,40
38,31,40
37,31,40
38,32,41
38,32,41
37,31,41
37,31,41
38,31,40
38,31,41
37,31,40
37,32,41
38,31,41
39,32,41
37,31,41
37,32,41
37,32,41
38,31,41
38,31,41
37,31,41
37,31,41
37,31,41
38,32,41
38,31,41
38,31,41
37,31,41
37,31,41
38,31,41
38,31,41
37,32,41
38,32,41
38,31,41
38,31,41
38,31,41
37,31,41
37,31,41
38,31,41
37,32,40
36,31,41
38,32,41
39,31,42
38,31,41
37,32,40
37,31,41
37,31,41
38,31,41
38,31,42
38,32,41
38,32,41
38,32,41
37,31,41
37,31,40
38,31,40
38,31,40
34,32,42
32,31,42
42,33,43
45,32,41
39,31,39
36,31,40
32,30,40
34,30,41
38,32,44
39,33,43
41,33,41
39,32,38
38,31,40
33,30,40
34,30,41
37,31,43
40,33,43
38,32,42
36,32,41
36,31,40
37,31,40
36,31,40
37,32,41
37,31,42
37,31,42
37,32,42
37,32,41
37,32,41
37,31,41
37,31,41
37,31,42
37,32,42
38,31,41
38,31,41
37,31,42
37,31,41
36,32,41
37,31,41
38,31,42
38,31,41
37,31,41
37,31,41
37,31,41
37,31,41
37,31,41
37,31,41
37,31,41
37,31,41
37,31,41
37,31,41
37,31,41
37,31,41
37,31,41
37,31,41
37,32,41
37,31,41
37,32,41
38,31,42
38,31,41
37,31,41
37,31,41
38,31,41
37,31,41
37,31,41
37,32,41
37,32,41
37,31,41
37,31,41
37,32,41
37,31,41
37,31,41
38,31,41
38,31,41
37,31,41
38,31,41
37,31,41
37,31,41
37,31,41
37,31,41
37,32,41
37,31,41
38,31,41
37,32,41
37,31,41
37,31,41
38,31,41
37,31,42
37,31,41
37,32,41
37,31,41
38,31,41
37,32,41
37,31,41
37,31,41
37,31,41
38,31,41
37,32,41
37,31,41
37,31,41
37,31,41
37,31,41
37,31,41
37,31,41
38,31,41
37,31,42
38,31,41
37,31,41
37,32,41
37,31,41
37,31,41
37,31,41
37,31,41
37,31,41
37,31,41
37,31,41
37,32,41
37,31,41
37,31,41
37,31,41
37,31,41
37,31,41
37,31,41
37,31,41
37,31,41
37,31,41
37,32,41
37,31,41
37,31,41
37,31,41
37,32,41
37,31,41
37,31,41
37,31,41
37,31,41
37,31,41
38,31,41
37,32,41
37,32,41
38,32,41
38,31,42
37,31,41
37,31,41
37,31,41
38,31,41
37,31,41
37,31,41
37,31,41
37,31,41
37,32,41
37,32,41
38,31,41
37,31,41
38,31,42
37,32,40
37,32,41
38,31,41
38,31,41
37,31,41
37,31,41
37,31,41
37,31,41
37,31,41
37,31,41
37,31,41
37,31,41
37,31,41
38,31,41
37,31,41
37,32,41
37,31,41
37,31,41
37,32,41
38,31,41
37,31,41
37,31,41
37,32,41
38,31,41
38,31,41
37,32,41
37,31,41
37,31,41
37,31,41
37,31,41
37,31,41
37,31,41
37,31,41
37,31,41
37,31,41
37,31,41
37,31,41
38,31,41
37,32,41
37,31,41
37,31,41
37,31,41
37,31,41
37,31,41
37,32,41
37,31,41
37,31,41
37,31,41
37,31,41
37,31,42
38,31,41
37,32,41
37,32,41
38,31,41
37,31,41
37,31,41
37,31,41
37,31,41
37,31,41
37,31,41
37,31,41
37,31,41
38,31,41
38,32,42
36,31,41
36,32,41
38,31,41
37,31,41
37,31,41
37,31,41
37,31,41
37,31,41
37,31,41
37,31,41
37,31,41
37,31,42
38,31,42
37,32,40
37,32,41
38,31,41
38,31,41
37,31,41
37,31,41
37,31,41
37,31,41
37,32,41
37,32,41
37,31,41
37,31,41
37,31,41
37,31,41
37,31,41
37,31,41
37,32,41
37,31,41
37,31,41
37,31,41
37,31,41
37,31,41
37,31,41
37,31,41
37,31,41
38,31,41
36,32,41
37,31,41
38,31,41
37,31,41
37,31,41
37,31,41
37,32,41
37,31,41
37,32,41
37,32,41
37,31,41
37,31,41
37,31,41
38,31,41
37,31,41
37,31,41
37,31,41
37,31,41
37,32,41
37,31,41
37,31,41
37,31,41
37,32,41
37,31,41
37,32,41
37,31,41
38,31,41
37,32,41
37,32,41
37,31,41
37,31,41
37,31,41
37,31,41
37,32,41
37,31,41
37,31,41
37,31,41
37,31,41
37,31,41
37,31,41
37,31,41
37,31,41
37,31,41
37,31,41
37,31,41
37,31,41
37,31,41
37,31,41
37,31,41
37,31,41
37,31,41
37,31,41
37,31,41
37,31,42
38,31,42
37,32,40
37,31,41
37,31,41
38,31,41
37,31,41
37,31,41
37,31,41
37,31,41
37,31,41
37,31,41
37,31,41
37,31,41
37,31,41
37,31,41
37,31,41
37,31,41
37,32,41
37,31,41
37,32,41
37,31,41
37,31,41
37,31,41
37,31,41
37,31,41
37,32,41
38,31,41
38,31,41
37,31,41
37,31,41
38,31,41
37,31,41
37,31,41
37,31,41
37,31,41
37,31,41
37,32,41
37,31,41
37,31,41
37,32,41
37,31,41
37,31,41
37,31,41
37,31,41
37,31,41
37,31,41
37,31,41
37,31,41
37,31,41
37,32,41
37,31,41
37,31,41
38,31,42
38,31,42
37,32,41
37,32,41
38,31,41
37,31,41
37,31,41
37,31,41
37,31,41
37,31,41
37,31,41
37,31,41
37,31,41
37,31,41
37,32,41
37,31,41
37,31,41
37,31,41
37,31,41
37,31,41
37,31,41
37,31,41
37,31,41
38,31,41
37,31,41
37,32,41
38,31,41
37,31,41
38,31,42
38,31,41
37,32,41
38,31,41
38,31,41
37,31,41
37,31,41
37,31,41
37,31,41
37,31,41
37,31,41
37,32,41
37,31,42
37,31,41
37,31,41
37,31,41
37,31,41
37,31,41
37,31,41
37,32,41
37,31,41
37,31,41
37,31,41
37,31,41
37,32,41
37,31,41
37,31,41
37,31,41
38,31,41
37,32,40
37,31,41
38,31,41
37,31,41
37,31,41
37,31,41
37,31,41
37,31,41
37,31,41
37,31,41
37,31,41
37,31,41
37,32,41
37,31,41
37,31,41
37,31,41
37,31,41
37,31,41
38,31,41
37,31,41
37,32,41
37,31,41
37,31,41
37,31,41
38,31,41
38,31,41
37,32,41
37,31,41
37,31,41
37,31,41
37,31,41
37,31,41
37,31,41
37,31,41
37,31,41
37,32,41
37,31,41
37,31,41
37,32,41
37,31,41
37,31,41
37,31,41
37,31,41
37,31,41
37,31,41
37,31,41
37,31,41
37,31,41
37,31,41
37,31,41
37,31,41
38,31,42
38,31,41
37,32,41
37,32,41
37,31,42
37,31,42
39,31,41
40,31,41
39,32,43
38,32,46
41,33,45
44,32,46
39,33,47
36,33,47
32,33,46
34,36,48
28,34,49
24,36,48
21,37,46
20,38,43
23,42,45
37,43,46
35,44,45
34,43,44
25,43,41
20,44,38
15,49,32
-6,49,30
-10,50,29
-15,53,30
-18,51,30
-16,48,30
-13,49,31
-14,46,27
-19,47,26
-23,54,28
-22,56,29
-22,54,31
-25,53,30
-26,60,28
-27,50,27
-22,55,35
-26,54,34
-25,52,34
-22,51,34
-22,52,32
-25,53,31
-25,52,31
-21,51,35
-25,50,34
-21,54,38
-19,47,39
-24,48,40
-26,51,39
-24,50,31
-25,51,27
-26,52,24
-31,52,26
-21,57,30
-20,52,30
-23,51,34
-27,55,36
-22,56,27
-25,52,36
-19,53,31
-19,56,28
-23,56,30
-23,60,31
-24,59,24
-25,37,11
-20,53,26
-23,54,26
-31,50,19
-21,53,16
-17,54,20
-21,53,32
-21,53,33
-20,52,32
-20,51,35
-22,51,38
-21,51,38
-25,52,33
-25,52,31
-23,50,33
-22,50,38
-23,49,38
-24,50,37
-26,50,32
-22,49,29
-22,49,29
-23,46,33
-18,44,34
-14,44,34
-9,43,36
3,41,49
2,37,53
4,43,49
4,44,46
4,36,48
4,34,48
6,32,53
10,32,57
21,26,76
61,26,99
36,35,51
11,32,42
0,33,49
7,33,54
19,31,53
27,30,54
25,32,56
20,32,53
16,32,50
17,32,50
19,31,52
21,31,52
22,32,52
23,32,51
22,32,50
18,32,50
25,32,51
31,31,52
29,30,52
28,30,50
25,31,50
21,30,51
20,30,51
24,31,53
26,31,53
22,31,50
20,31,49
24,31,50
25,31,52
25,30,51
18,33,53
24,32,49
24,30,54
22,31,53
22,32,50
21,31,51
21,30,53
25,31,54
28,32,54
22,31,52
11,30,47
14,31,48
15,30,54
19,31,56
22,31,52
20,30,53
21,32,53
20,31,51
16,31,50
19,31,52
28,31,53
30,31,53
26,32,51
23,31,51
18,33,49
17,32,50
21,32,51
24,31,50
26,32,50
21,30,49
23,32,49
30,31,48
31,31,47
29,32,47
30,31,48
36,30,48
37,31,47
36,32,45
33,32,45
31,32,46
31,32,46
32,31,46
32,31,46
31,31,46
31,30,46
31,31,45
33,32,46
33,32,46
33,32,46
34,32,46
31,31,46
30,31,46
30,31,46
30,31,46
30,32,46
31,32,46
31,32,46
31,31,47
31,31,46
31,32,45
32,31,45
32,32,45
32,31,47
33,32,47
32,31,46
33,31,46
32,31,45
32,31,45
32,31,46
32,31,46
33,31,46
33,31,46
33,31,46
32,31,46
33,31,45
33,31,45
32,31,45
33,31,45
33,31,45
33,31,44
33,32,44
34,31,45
35,31,45
34,31,45
34,31,45
34,31,44
34,31,44
34,31,44
34,31,44
34,31,44
34,31,44
34,31,44
34,31,44
35,31,44
34,31,44
34,31,45
32,31,45
34,31,44
34,31,45
34,31,45
33,31,45
34,31,44
34,31,44
34,31,45
34,31,44
34,31,44
34,31,44
34,31,44
34,31,44
34,31,44
34,31,44
34,31,44
34,31,45
34,31,44
34,32,44
34,31,44
34,31,44
34,31,44
34,31,44
34,31,44
34,31,45
34,31,44
34,31,44
34,31,44
34,31,44
34,31,44
34,31,44
34,32,44
34,31,45
34,31,44
34,31,44
34,31,44
34,31,44
34,31,44
34,31,45
34,31,44
34,31,44
34,31,44
34,31,44
34,31,45
34,31,44
34,31,44
34,31,44
34,31,44
34,31,44
34,31,44
34,31,44
34,31,44
34,31,44
34,31,44
34,31,44
34,31,44
34,31,44
35,31,44
34,31,44
34,31,44
34,31,44
34,31,44
34,31,44
34,31,44
34,31,44
34,31,44
34,31,44
34,31,44
34,31,44
34,31,44
34,31,44
34,32,44
34,31,44
34,31,44
34,31,44
34,31,44
34,31,44
34,31,44
34,31,44
34,31,44
34,31,44
34,31,44
34,31,44
35,31,44
34,31,44
34,31,44
34,31,44
34,31,44
34,31,44
34,31,44
34,31,44
34,31,44
34,31,44
34,31,44
34,31,44
34,31,44
34,31,44
35,31,44
34,31,44
34,31,44
35,31,44
34,31,44
34,31,44
34,31,44
34,31,44
34,31,44
34,31,44
34,31,44
34,31,44
34,31,44
34,31,44
34,31,44
34,31,44
34,31,44
34,31,44
34,31,44
34,31,44
34,31,44
34,31,44
34,31,44
34,31,44
34,31,44
34,31,44
34,31,44
34,31,44
35,31,45
35,31,44
34,31,43
34,31,44
35,31,44
35,31,44
34,31,44
34,31,44
34,31,44
34,31,44
34,31,44
34,31,44
34,31,44
34,31,44
34,31,44
34,31,44
34,31,44
34,31,44
34,31,44
34,31,44
34,31,44
34,31,44
34,31,44
34,31,44
34,31,44
34,31,44
34,31,44
34,31,44
34,31,44
34,31,45
35,31,44
34,31,44
34,31,44
34,31,44
34,31,44
34,31,44
34,31,44
34,31,44
34,31,44
34,31,44
34,31,44
34,31,44
34,31,44
34,31,44
34,31,44
34,31,44
34,31,44
34,31,44
34,31,44
34,31,44
34,31,44
34,31,44
34,31,44
34,31,44
34,31,44
34,31,44
35,31,45
35,31,44
34,31,44
34,31,44
35,31,44
34,31,44
34,31,44
34,31,44
34,31,44
34,31,44
34,31,44
34,31,44
34,31,44
34,31,44
34,31,44
34,31,44
34,31,44
34,31,44
34,31,44
34,31,44
34,31,44
34,31,44
34,31,44
34,31,44
34,31,44
34,31,44
34,31,44
35,32,44
34,31,44
35,31,44
34,31,43
34,31,44
34,31,44
35,31,44
35,31,44
35,31,44
35,31,44
35,31,44
34,31,44
34,31,44
35,31,44
35,31,44
35,31,44
35,31,44
35,31,44
35,31,44
35,31,44
34,31,43
35,31,44
34,31,44
34,31,44
34,31,44
35,31,44
35,31,44
34,31,44
35,31,44
34,31,44
35,31,44
35,31,43
34,31,44
34,30,44
35,31,44
35,31,45
34,31,43
34,31,43
35,31,44
35,31,44
35,31,44
36,31,44
34,31,43
34,31,43
34,31,45
34,31,45
34,31,45
34,31,44
34,31,44
34,31,44
34,31,45
34,31,45
34,31,45
34,31,45
34,31,44
34,31,45
34,31,45
34,31,44
34,31,44
34,31,45
34,31,45
34,31,44
34,31,44
34,31,44
34,31,44
34,31,44
34,31,45
34,31,44
34,31,44
34,31,44
34,31,45
34,31,45
34,31,45
34,31,45
34,31,44
34,31,44
34,31,44
34,31,45
34,31,45
34,31,45
34,31,45
34,31,45
34,31,45
34,31,44
34,31,45
34,31,45
34,31,45
34,31,45
34,31,45
34,31,44
34,31,45
34,31,45
34,31,45
34,31,45
34,31,45
34,31,45
34,31,45
34,31,45
33,31,45
34,31,45
34,31,44
34,31,44
34,31,45
34,31,44
34,31,44
34,31,44
33,31,44
34,31,45
34,31,45
34,30,45
34,31,45
34,31,44
33,31,44
34,31,45
34,31,45
34,31,45
34,31,44
34,31,44
34,31,44
34,31,45
34,31,45
34,31,45
34,31,44
34,31,44
34,31,44
34,31,44
34,31,44
34,31,44
34,31,44
34,31,44
34,31,45
34,31,44
34,31,44
34,31,44
34,31,45
34,31,44
34,31,45
34,31,45
34,31,44
34,31,44
34,31,45
34,31,44
34,31,45
34,31,44
34,31,44
34,31,44
34,31,44
34,31,44
34,31,45
34,31,44
34,31,44
34,31,45
34,31,44
34,31,44
34,31,44
34,31,44
34,31,44
34,31,44
34,31,44
34,31,45
34,31,44
34,31,44
34,31,44
34,31,45
34,31,45
34,31,44
34,31,44
34,31,44
34,31,44
34,31,44
34,31,45
34,31,44
34,31,44
34,31,44
34,31,44
34,31,44
34,31,44
34,31,44
34,31,45
34,31,45
34,31,45
34,31,45
34,31,44
34,31,44
34,31,45
34,31,45
34,31,45
34,31,44
34,31,44
34,31,44
34,31,44
34,31,45
34,31,45
34,31,45
34,31,44
34,31,44
34,31,45
34,31,45
34,31,45
34,31,44
34,31,44
34,31,44
34,31,44
34,31,44
34,31,45
34,30,44
34,31,44
34,31,44
34,31,44
34,31,45
34,31,44
34,31,44
34,31,44
34,31,44
34,31,44
34,31,45
34,31,45
34,31,44
34,31,44
34,31,44
34,31,44
34,31,44
34,31,45
34,31,44
34,31,44
34,31,44
34,31,44
34,31,45
34,31,45
34,31,44
34,31,44
34,31,44
34,31,44
34,31,44
34,31,45
34,31,44
34,31,45
34,31,44
34,31,44
34,31,44
34,31,44
34,31,44
34,31,45
34,31,44
34,31,44
34,31,44
34,31,44
34,31,44
34,31,44
34,31,45
34,31,44
34,31,44
34,31,44
34,31,44
34,31,45
34,31,44
34,31,44
34,31,44
34,31,44
34,31,45
34,31,44
34,31,44
34,31,44
34,31,44
35,31,44
34,31,44
34,31,44
34,31,44
34,31,44
34,31,44
34,31,44
34,31,44
34,31,44
34,31,44
34,31,44
34,31,44
34,31,44
34,31,45
35,31,44
34,31,44
34,31,44
34,31,44
34,31,44
34,31,44
34,31,44
34,31,44
34,31,44
34,31,44
34,31,44
34,31,44
34,31,44
34,31,44
35,31,44
34,31,44
34,31,44
34,31,44
34,31,44
34,31,44
34,31,44
34,31,44
34,31,44
34,31,44
34,31,44
34,31,44
34,31,44
35,31,44
35,31,44
34,31,43
34,31,43
34,31,44
35,31,44
34,31,44
34,31,44
34,31,44
35,31,44
34,31,44
34,31,44
34,31,44
34,31,44
34,31,44
34,31,44
34,31,44
34,31,44
35,31,44
34,31,44
35,31,44
34,31,44
34,31,44
34,31,44
34,31,44
34,31,44
34,31,44
34,31,44
34,31,44
35,31,44
34,31,43
34,31,44
34,31,44
34,31,44
34,31,44
34,31,44
34,31,44
34,31,44
34,31,44
34,31,44
34,31,44
34,31,44
35,31,44
35,31,44
34,31,44
34,31,44
34,31,44
34,31,44
34,31,44
34,31,44
34,31,44
34,31,44
35,31,44
34,31,44
34,31,44
34,31,44
34,31,44
35,31,44
34,31,43
34,31,43
34,31,44
34,31,44
34,31,44
34,31,44
35,31,44
35,31,44
35,31,44
34,31,44
34,31,44
35,31,44
34,31,44
35,31,44
34,31,44
34,31,44
34,31,44
35,31,44
34,31,44
35,31,44
35,31,44
34,31,44
34,31,44
34,31,44
34,31,44
34,31,44
35,31,44
34,31,45
35,31,44
34,31,43
34,31,44
35,31,44
34,31,44
34,31,44
34,31,44
35,31,44
34,31,44
34,31,44
35,31,44
34,31,44
35,31,44
35,31,44
34,31,44
34,31,44
35,31,44
35,31,44
34,31,44
34,31,44
34,31,44
34,31,44
35,31,44
34,31,44
34,31,44
34,31,44
34,31,44
35,31,44
34,31,43
35,31,44
35,31,44
35,31,44
34,31,44
34,31,44
35,31,44
35,31,44
34,31,44
35,31,44
35,31,44
34,31,44
35,31,44
35,31,44
34,31,44
34,31,44
35,31,44
34,31,44
34,31,44
35,31,44
34,31,44
34,31,44
35,31,44
35,31,44
35,31,44
35,31,44
34,31,44
35,31,44
35,31,44
35,31,44
34,31,44
34,31,44
35,31,44
35,31,44
34,31,44
34,31,44
34,31,44
34,31,44
35,31,44
34,31,44
34,31,44
34,31,44
35,31,44
34,31,44
34,31,44
35,31,44
34,31,44
34,31,44
34,31,44
35,31,44
35,31,44
34,31,44
34,31,44
35,31,44
35,31,44
34,31,44
34,31,44
34,31,44
35,31,44
34,31,44
34,31,44
34,31,44
34,31,44
35,31,44
35,31,44
34,31,44
34,31,44
34,31,44
35,31,44
34,31,44
34,31,44
34,31,44
34,31,44
34,31,44
35,31,44
35,31,44
35,31,44
34,31,43
34,31,44
34,31,44
35,31,44
34,31,44
34,31,44
34,31,44
34,31,44
34,31,44
34,31,44
34,31,44
34,31,44
34,31,44
34,31,44
34,31,44
34,31,44
34,31,44
34,31,44
35,31,44
35,31,44
34,31,44
34,31,44
35,31,44
35,31,44
35,30,44
35,31,44
34,31,44
34,31,44
35,31,44
35,31,44
34,31,44
34,31,44
34,31,44
35,31,44
34,31,44
34,31,44
34,31,44
35,31,44
35,31,44
35,31,44
34,31,44
35,31,44
34,31,44
35,31,44
35,31,44
34,31,44
35,31,44
34,31,44
35,31,44
34,31,44
34,31,44
34,31,44
35,31,44
35,31,44
34,31,43
34,31,44
35,31,44
35,31,44
34,31,44
34,31,44
35,31,44
35,31,44
34,31,44
35,31,44
34,31,44
34,31,44
35,31,44
34,31,44
34,31,44
34,31,44
35,31,44
35,31,44
34,31,44
35,31,44
34,31,44
34,31,44
34,31,44
34,31,44
35,31,44
34,31,44
34,31,44
35,31,44
34,31,44
35,31,43
34,31,43
34,31,44
35,31,44
34,31,44
34,31,44
35,31,44
34,31,44
34,31,44
34,31,44
34,31,44
34,31,44
34,31,44
35,31,44
35,31,44
34,31,44
35,31,44
34,31,44
35,31,44
35,31,44
35,31,44
35,31,44
35,31,44
35,31,44
34,31,44
34,31,44
35,31,44
35,31,44
35,31,44
34,31,43
34,31,44
35,31,44
35,31,44
34,31,44
35,31,44
34,31,44
35,31,44
34,31,44
34,31,44
34,31,44
34,31,44
35,31,44
35,31,44
34,31,44
35,31,44
34,31,44
34,31,44
35,31,44
34,31,44
34,31,44
34,31,44
35,31,44
35,31,44
34,31,44
34,31,44
35,31,44
34,31,44
35,31,44
34,31,43
34,31,44
35,31,44
35,31,44
34,31,44
34,31,44
34,31,44
35,31,44
35,31,44
34,31,44
34,31,44
34,31,44
35,31,44
34,31,44
34,31,44
34,31,44
35,31,44
34,31,44
34,31,44
34,31,44
35,31,44
34,31,44
34,31,44
35,31,44
34,31,44
34,31,44
35,31,44
34,31,44
34,31,44
35,31,43
34,31,43
35,31,44
35,31,44
34,31,44
34,31,44
34,31,44
35,31,44
34,31,44
35,31,44
34,31,44
34,31,44
34,31,44
34,31,44
34,31,44
35,31,44
34,31,44
34,31,44
34,31,44
35,31,44
35,31,44
35,31,44
35,31,44
34,31,44
34,31,44
35,31,44
34,31,44
35,31,44
34,31,43
34,31,44
35,31,44
35,31,44
35,31,44
34,31,44
34,31,44
35,31,44
35,31,44
34,31,44
34,31,44
35,31,44
35,31,44
35,31,44
35,31,44
35,31,44
35,31,44
35,31,44
35,31,44
34,31,44
34,31,44
35,31,44
35,31,44
34,31,44
34,31,44
34,31,44
35,31,44
35,31,44
35,31,44
34,31,44
34,31,44
35,31,44
35,31,44
34,31,44
34,31,43
35,31,44
35,31,44
34,31,44
34,31,44
35,31,44
35,31,44
35,31,44
35,31,44
34,31,44
35,31,44
34,31,44
34,31,44
35,31,44
35,31,44
34,31,44
34,31,44
35,31,44
35,31,44
34,31,44
35,31,44
35,31,44
35,31,44
35,31,44
34,31,43
34,31,44
35,31,44
35,31,44
35,31,44
34,31,44
34,31,44
35,31,44
34,31,44
35,31,44
34,31,44
34,31,44
35,31,44
35,31,44
34,31,44
34,31,44
35,31,44
35,31,44
35,31,44
34,31,44
35,31,44
34,31,44
35,31,44
35,31,44
35,31,44
34,31,44
35,31,44
34,31,43
34,31,44
35,31,44
35,31,44
34,31,44
35,31,44
35,31,44
35,31,44
35,31,44
35,31,44
35,31,44
35,31,44
35,31,44
34,31,44
34,31,44
35,31,44
34,31,44
35,31,44
35,31,44
35,31,44
35,31,44
35,31,44
34,31,44
35,31,44
35,31,44
35,31,44
35,31,44
35,31,44
35,31,44
34,31,44
34,31,44
35,31,44
35,31,44
34,31,44
34,31,44
35,31,44
35,31,44
35,31,44
34,31,44
34,31,44
35,31,44
35,31,44
34,31,44
34,31,44
35,31,44
34,31,44
34,31,44
34,31,44
35,31,44
34,31,44
35,31,44
35,31,44
34,31,44
34,31,44
35,31,44
35,31,44
35,31,44
35,31,44
34,31,43
34,31,44
35,31,44
34,31,44
34,31,44
35,31,44
35,31,44
35,31,44
35,31,44
34,31,44
34,31,44
35,31,44
35,31,44
35,31,44
35,31,44
35,31,44
34,31,44
35,31,44
35,31,44
34,31,44
35,31,44
35,31,44
35,31,44
35,31,44
35,31,44
34,31,43
34,31,44
35,31,44
34,31,44
34,31,44
35,31,43
35,31,44
35,31,44
35,31,44
35,31,44
34,31,44
34,31,44
35,31,44
35,31,44
35,31,44
35,31,44
35,31,44
35,31,44
35,31,44
35,31,44
35,31,44
35,31,44
35,31,44
34,31,44
34,31,44
35,31,44
34,31,44
34,31,44
35,31,44
35,31,44
35,31,44
34,31,44
35,31,44
35,31,44
34,31,44
35,31,44
35,31,44
34,31,44
35,31,44
34,31,44
35,31,44
35,31,44
35,31,44
35,31,44
35,31,44
34,31,44
35,31,44
35,31,44
35,31,44
34,31,44
34,31,44
35,31,44
35,31,43
34,31,43
35,31,44
35,31,44
35,31,44
34,31,44
34,31,44
35,31,44
35,31,44
35,31,44
34,31,44
34,31,44
35,31,44
35,31,44
35,31,44
34,31,44
35,31,44
34,31,44
35,31,44
35,31,44
34,31,44
34,31,44
34,31,44
34,31,44
34,31,44
35,31,44
35,31,44
35,31,44
35,31,43
34,31,43
35,31,44
35,31,44
35,31,44
35,31,44
35,31,44
35,31,44
34,31,44
34,31,44
34,31,44
34,31,44
34,31,44
35,31,44
35,31,44
35,31,44
35,31,44
35,31,44
35,31,44
35,31,44
34,31,44
35,31,44
35,31,44
35,31,44
35,31,44
35,31,44
35,31,44
35,31,44
35,31,44
35,31,44
34,31,44
35,31,44
35,31,44
34,31,44
35,31,44
35,31,44
34,31,44
35,31,44
35,31,44
35,31,44
34,31,44
35,31,44
34,31,44
35,31,44
35,31,44
35,31,44
35,31,44
35,31,44
35,31,44
35,31,44
35,31,44
35,31,44
35,31,44
35,31,44
34,31,44
34,31,44
35,31,44
35,31,44
35,31,44
35,31,44
35,31,44
35,31,44
34,31,44
35,31,44
34,31,44
35,31,44
35,31,44
35,31,44
35,31,44
34,31,44
35,31,44
35,31,44
35,31,44
35,31,44
35,31,44
35,31,44
35,31,44
35,31,44
35,31,44
35,31,44
35,31,44
35,30,44
35,31,44
34,31,44
34,31,44
35,31,44
35,31,44
34,31,44
35,31,43
34,31,44
35,31,44
34,31,44
34,31,44
35,31,44
35,31,44
35,31,44
34,31,44
34,31,44
35,31,44
35,31,44
34,31,44
35,31,44
35,31,44
34,31,44
34,31,44
35,31,44
35,31,44
35,31,44
34,31,44
35,31,44
34,31,44
34,31,45
35,31,43
34,31,44
35,31,44
35,31,44
34,31,44
35,31,44
35,31,44
35,31,44
35,31,44
35,31,44
35,31,44
35,31,44
35,31,44
35,31,44
35,31,44
34,31,44
35,31,44
34,31,44
35,31,44
35,31,44
34,31,44
34,31,44
35,31,44
35,31,44
35,31,44
35,31,44
35,31,44
35,31,44
34,31,44
34,31,44
35,31,44
35,31,44
34,31,44
35,31,44
35,31,44
35,31,44
35,31,44
35,31,44
34,31,44
34,31,44
35,31,44
35,31,44
35,31,44
35,31,44
35,31,44
35,31,44
35,31,44
35,31,44
34,31,44
35,31,44
35,31,44
35,31,44
34,31,44
34,31,44
35,31,44
35,31,44
35,31,44
35,31,43
34,31,43
34,31,44
35,31,44
35,31,44
34,31,44
35,31,43
35,31,44
34,31,44
35,31,44
35,31,44
35,31,44
35,31,44
34,31,44
34,31,44
34,31,44
34,31,44
34,31,44
35,31,44
35,31,44
35,31,44
35,31,44
35,31,44
35,31,44
35,31,44
34,31,44
34,31,44
35,31,44
35,31,44
35,31,44
35,31,44
34,31,44
35,31,44
35,31,44
35,31,44
34,31,44
35,31,44
35,31,44
34,31,44
35,31,44
35,31,44
35,31,44
35,31,44
35,31,44
35,31,44
35,31,44
34,31,44
34,31,44
35,31,44
35,31,44
34,31,44
35,31,44
35,31,44
35,31,44
35,31,44
35,31,44
34,31,44
35,31,44
35,31,43
34,31,43
35,31,44
35,31,44
35,31,44
35,31,44
35,31,44
35,31,44
35,31,44
35,31,44
35,31,44
35,31,44
35,31,44
35,31,44
35,31,44
34,31,44
35,31,44
34,31,44
35,31,44
35,31,44
34,31,44
34,31,44
35,31,44
35,31,44
34,31,44
35,31,44
35,31,44
35,31,44
35,31,44
34,31,44
35,31,44
35,31,44
35,31,44
34,31,44
35,31,44
35,31,44
35,31,44
34,31,44
35,31,44
34,31,44
35,31,44
35,31,44
35,31,44
35,31,44
35,31,44
35,31,44
34,31,44
35,31,44
35,31,44
35,31,44
35,31,44
35,31,44
35,31,44
35,31,44
35,31,44
35,31,44
35,31,44
35,31,44
34,31,43
34,31,44
35,31,44
35,31,44
34,31,44
35,31,43
35,31,44
35,31,44
35,31,44
34,31,44
35,31,44
35,31,44
35,31,44
35,31,44
34,31,44
35,31,44
34,31,44
35,31,44
35,31,44
35,31,44
35,31,44
34,31,44
35,31,44
34,31,44
35,31,44
35,31,44
35,31,44
35,31,44
35,31,43
34,31,43
35,31,44
35,31,44
35,31,44
35,31,44
35,31,44
34,31,44
35,31,44
35,31,44
34,31,44
35,31,44
35,31,44
35,31,44
35,31,44
35,31,44
35,31,44
35,31,44
35,31,44
34,31,44
34,31,44
34,31,44
35,31,44
35,31,44
35,31,44
35,31,44
34,31,43
35,31,44
35,31,44
35,31,44
34,31,44
34,31,44
35,31,44
34,31,44
35,31,44
35,31,44
35,31,44
34,31,44
35,31,44
35,31,44
35,31,44
35,31,44
34,31,44
35,31,44
35,31,44
35,31,44
35,31,44
35,31,44
35,31,44
34,31,44
35,31,44
35,31,44
35,31,44
34,31,43
34,31,44
35,31,44
35,31,44
34,31,44
34,31,44
35,31,44
35,31,44
35,31,44
34,31,44
35,31,44
35,31,44
35,31,44
35,31,44
34,31,44
35,31,44
35,31,44
35,31,44
35,31,44
35,31,44
35,31,44
35,31,44
35,31,44
35,31,44
35,31,44
35,31,44
35,31,44
35,31,44
34,31,43
34,31,44
35,31,44
35,31,44
34,31,44
35,31,44
35,31,44
35,31,44
35,31,44
35,31,44
34,31,44
35,31,44
35,31,44
35,31,44
35,31,44
35,31,44
34,31,44
34,31,44
35,31,44
35,31,44
35,31,44
35,31,44
35,31,44
35,31,44
35,31,44
35,31,44
35,31,43
34,31,43
35,31,44
35,31,44
35,31,44
35,31,44
35,31,44
35,31,44
35,31,44
35,31,44
35,31,44
35,31,44
35,31,44
35,31,44
34,31,44
35,31,44
34,31,44
35,31,44
35,31,44
35,31,44
34,31,44
35,31,44
35,31,44
35,31,44
35,31,44
35,31,44
35,31,44
34,31,43
34,31,44
35,31,44
35,31,44
34,31,44
35,31,44
35,31,44
35,31,44
35,31,44
35,31,44
35,31,44
35,31,44
35,31,44
35,31,44
34,31,44
35,31,44
35,31,44
34,31,44
34,31,44
35,31,44
35,31,44
35,31,44
35,31,44
35,31,44
34,31,44
35,31,44
35,31,44
35,31,45
35,31,44
34,31,43
34,31,44
35,31,44
35,31,44
34,31,44
34,31,44
35,31,44
35,31,44
35,31,44
35,31,44
35,31,44
35,31,44
35,31,44
35,31,44
35,31,44
35,31,44
35,31,44
35,31,44
35,31,44
35,31,44
34,31,44
35,31,44
35,31,44
34,31,44
35,31,44
35,31,44
35,31,44
35,31,44
35,31,43
34,31,44
35,31,44
35,31,44
35,31,44
34,31,44
34,31,44
35,31,44
35,31,44
34,31,44
34,31,44
35,31,44
35,31,44
35,31,44
35,31,44
35,31,44
35,31,44
35,31,44
35,31,44
35,31,44
35,31,44
35,31,44
35,31,44
35,31,44
35,31,44
35,31,44
35,31,44
34,31,44
35,31,44
35,31,44
34,31,44
35,31,44
35,31,44
35,31,44
35,31,44
35,31,44
35,31,44
35,31,44
34,31,44
35,31,44
35,31,44
35,31,44
35,31,44
34,31,44
35,31,44
35,31,44
34,31,44
35,31,44
34,31,44
35,31,44
35,31,44
35,31,44
34,31,44
35,31,44
34,31,43
35,31,44
35,31,44
35,31,44
35,31,44
35,31,43
34,31,44
35,31,44
35,31,44
35,31,44
35,31,44
35,31,44
35,31,44
35,31,44
35,31,44
35,31,44
35,31,44
35,31,44
35,31,44
35,31,44
35,31,44
35,31,44
35,31,44
35,31,44
35,31,44
34,31,44
35,31,44
35,31,44
34,31,44
35,31,44
35,31,44
35,31,44
35,31,44
35,31,43
34,31,44
35,31,44
35,31,44
34,31,44
34,31,44
35,31,44
35,31,44
35,31,44
35,31,44
34,31,44
35,31,44
35,31,43
35,31,44
34,31,44
34,31,44
35,31,44
35,31,44
35,31,44
35,31,44
35,31,44
35,31,44
35,31,44
34,31,44
35,31,44
35,31,44
34,31,44
35,31,44
35,31,44
34,31,44
35,31,44
35,31,44
35,31,44
35,31,44
34,31,44
35,31,44
35,31,44
35,31,44
34,31,44
35,31,44
35,31,44
35,31,44
35,31,44
35,31,44
35,31,44
35,31,44
35,31,44
35,31,44
35,31,44
34,31,44
34,31,44
35,31,44
34,31,44
35,31,44
35,31,44
35,31,44
35,31,44
34,31,43
34,31,44
35,31,44
34,31,44
34,31,44
35,31,44
35,31,44
35,31,44
35,31,44
34,31,44
35,31,44
35,31,44
35,31,44
35,31,44
35,31,44
35,31,44
34,31,44
35,31,44
35,31,44
34,31,44
35,31,44
34,31,44
35,31,44
35,31,44
35,31,44
35,31,44
34,31,43
34,31,44
35,31,44
35,31,44
34,31,44
34,31,44
35,31,44
35,31,44
35,31,44
35,31,44
35,31,44
35,31,44
35,31,44
35,31,44
35,31,44
35,31,44
35,31,44
35,31,44
35,31,44
35,31,44
34,31,44
35,31,44
35,31,44
35,31,44
35,31,44
35,31,44
35,31,44
34,31,43
34,31,44
35,31,44
35,31,44
35,31,44
34,31,44
35,31,44
35,31,44
35,31,44
35,31,44
34,31,44
35,31,44
35,31,44
35,31,44
34,31,44
35,31,44
35,31,44
35,31,44
35,31,44
34,31,44
35,31,44
35,31,44
35,31,44
34,31,44
35,31,44
35,31,44
35,31,44
35,31,43
34,31,44
35,31,44
35,31,44
35,31,44
35,31,44
35,31,44
35,31,44
35,31,44
35,31,44
35,31,44
35,31,44
35,31,44
35,31,44
35,31,44
35,31,44
35,31,44
34,31,44
35,31,44
35,31,44
34,31,44
35,31,44
35,31,44
35,31,44
35,31,44
35,31,44
34,31,43
34,31,44
35,31,44
35,31,44
34,31,44
35,31,44
35,31,44
35,31,44
35,31,44
35,31,44
34,31,44
34,31,44
35,31,44
35,31,44
35,31,44
35,31,44
35,31,44
34,31,44
35,31,44
35,31,44
35,31,44
35,31,44
35,31,44
35,31,44
35,31,44
35,31,44
34,31,43
34,31,44
35,31,44
35,31,44
34,31,44
35,31,44
35,31,44
35,31,44
35,31,44
35,31,44
35,31,44
35,31,44
35,31,44
35,31,44
35,31,44
35,31,44
35,31,44
35,31,44
35,31,44
35,31,44
35,31,44
35,31,44
35,31,44
35,31,44
34,31,44
35,31,44
35,31,44
35,31,44
35,31,43
35,31,43
35,31,44
35,31,44
35,31,44
35,31,44
35,31,44
35,31,44
35,31,44
35,31,44
35,31,44
35,31,44
35,31,44
35,31,44
34,31,44
35,31,44
35,31,44
35,31,44
35,31,44
34,31,44
34,31,44
35,31,44
35,31,44
34,31,44
34,31,43
35,31,44
35,31,44
35,31,44
35,31,44
35,31,44
35,31,44
35,31,44
35,31,44
34,31,44
35,31,44
35,31,44
35,31,44
35,31,44
35,31,44
34,31,44
35,31,44
35,31,44
34,31,44
35,31,44
34,31,44
35,31,44
34,31,43
34,31,43
35,30,44
35,31,44
35,31,44
34,31,44
35,31,44
35,31,44
35,31,44
35,31,44
35,31,44
34,31,44
35,31,44
35,31,44
34,31,44
35,31,44
35,31,44
35,31,44
35,31,44
35,31,44
34,31,44
35,31,44
35,31,44
35,31,44
35,31,44
35,31,44
35,31,43
35,31,44
35,31,44
35,31,44
35,31,44
35,31,44
35,31,44
35,31,44
35,31,44
35,31,44
35,31,44
35,31,44
35,31,44
35,31,44
35,31,44
35,31,44
35,31,44
35,31,44
35,31,44
35,31,44
35,31,44
35,31,44
35,31,44
35,31,44
35,31,44
35,31,44
35,31,44
35,31,44
35,31,44
35,31,44
35,31,44
35,31,43
34,31,44
35,31,44
35,31,44
35,31,44
35,31,44
35,31,44
35,31,44
35,31,44
35,31,44
34,31,44
35,31,44
35,31,44
35,31,44
35,31,44
34,31,44
35,31,44
34,31,44
35,31,44
35,31,44
35,31,44
35,31,44
35,31,44
35,31,44
35,31,44
35,31,44
35,31,44
35,31,44
35,31,44
34,31,43
35,31,44
35,31,44
35,31,44
35,31,44
35,31,44
34,31,44
35,31,44
35,31,44
35,31,44
35,31,44
35,31,44
35,31,44
35,31,44
35,31,44
34,31,44
34,31,44
35,31,44
35,31,44
35,31,44
35,31,44
34,31,44
35,31,44
35,31,44
35,31,44
35,31,44
35,31,44
35,31,44
35,31,44
35,31,44
34,31,43
34,31,44
35,31,44
35,31,44
34,31,44
35,31,44
35,31,44
34,31,43
34,32,43
34,31,44
35,30,45
36,30,45
34,30,44
34,32,43
34,32,42
35,31,44
35,31,44
34,31,45
34,31,44
35,31,44
36,31,44
34,31,43
34,31,43
35,31,44
35,31,44
35,31,44
35,31,43
35,31,43
35,31,44
35,31,44
34,31,44
35,31,44
35,31,44
35,31,43
35,31,44
35,31,44
34,31,44
34,31,44
34,31,44
34,31,44
35,31,43
34,31,43
34,31,45
34,31,45
35,30,45
34,31,45
34,31,44
34,31,44
35,31,44
34,31,45
33,31,45
33,31,45
34,31,45
35,31,45
34,31,44
33,31,45
33,31,45
34,31,44
34,31,45
34,31,45
34,31,44
34,31,44
34,31,45
34,31,44
34,31,44
34,31,44
34,31,44
35,31,45
34,31,44
34,31,44
34,31,44
34,31,44
34,31,44
34,31,44
34,31,44
34,31,44
34,31,44
34,31,44
34,31,45
35,31,44
34,31,44
34,31,44
34,31,44
34,31,44
34,31,44
34,31,44
34,31,44
34,31,44
34,31,44
34,31,44
34,31,44
34,31,44
34,31,44
34,31,44
34,31,44
34,31,44
34,31,44
34,31,44
34,31,44
34,31,44
34,31,44
34,31,44
34,31,45
34,31,44
34,31,43
35,31,44
35,31,44
34,31,44
34,31,44
34,31,44
34,31,44
35,32,45
35,31,44
34,31,44
34,31,43
35,31,44
35,31,44
34,31,44
34,31,44
34,31,44
34,31,44
35,31,44
34,31,44
34,31,44
34,31,44
34,31,44
35,31,45
34,31,44
34,31,44
34,31,44
35,31,44
35,31,44
35,30,44
34,31,44
34,31,44
34,31,44
35,31,44
35,31,44
35,31,44
35,31,44
35,31,44
35,31,44
34,31,44
35,31,44
35,31,44
34,31,44
34,32,44
35,31,44
35,32,44
34,30,44
34,30,44
34,32,44
34,31,44
35,31,44
34,31,44
34,31,43
34,31,43
35,31,45
34,31,45
34,31,45
34,31,44
34,31,44
34,30,44
34,31,44
34,31,45
35,31,45
35,31,45
34,32,44
34,31,45
34,31,45
34,31,45
34,31,45
34,31,44
34,31,45
33,31,44
33,31,44
34,31,45
34,31,45
34,31,44
34,31,44
34,31,44
34,31,44
35,31,45
34,31,45
34,31,44
34,31,44
34,31,44
34,31,44
34,31,45
34,31,45
34,31,44
34,31,44
34,31,45
33,31,45
33,31,45
35,31,45
35,31,45
33,31,44
33,31,44
34,31,45
34,30,44
34,31,44
34,31,44
34,31,44
34,31,45
34,30,45
33,31,45
34,31,44
34,31,44
34,31,44
34,31,45
34,31,45
34,31,45
34,31,45
34,31,44
34,31,44
34,30,45
34,31,45
33,30,45
33,30,45
33,31,44
34,31,45
35,31,45
34,31,45
33,31,44
33,31,44
34,31,44
34,31,44
35,31,45
34,31,45
33,30,45
34,31,45
35,31,44
34,31,44
34,31,45
33,30,45
34,30,45
34,31,45
33,31,45
33,31,44
34,31,44
34,31,45
34,31,45
33,30,45
33,30,46
34,31,44
34,31,44
33,31,44
34,31,45
34,31,45
34,30,45
33,31,45
33,31,45
34,31,44
34,31,44
33,31,45
34,32,45
34,30,45
34,30,45
34,30,44
34,31,44
34,31,45
34,30,45
35,31,44
35,31,44
35,31,44
35,31,44
35,31,44
34,31,44
34,31,44
34,31,44
35,30,44
34,31,44
35,31,44
34,31,44
35,31,44
35,31,44
35,31,44
34,31,44
34,30,44
34,31,44
34,32,44
35,31,44
35,30,44
35,30,45
34,31,44
35,31,44
35,30,44
35,30,44
35,31,44
35,31,44
34,31,44
35,31,44
35,30,44
35,30,44
34,31,44
34,31,44
35,30,44
35,30,44
35,31,44
35,32,44
34,31,43
35,31,43
36,31,44
35,31,44
34,31,44
35,31,43
36,30,43
36,31,42
36,30,42
35,31,43
34,31,43
36,31,44
37,30,43
36,31,43
34,31,43
34,31,43
34,31,43
36,31,44
36,32,44
35,32,44
35,30,43
36,29,43
35,32,43
34,31,43
35,31,43
37,31,43
37,31,44
35,31,43
35,31,43
36,30,43
36,31,42
36,31,43
35,31,44
35,31,43
36,31,43
36,31,43
36,32,42
35,32,42
36,31,42
36,31,43
35,31,44
35,31,43
36,31,42
36,31,42
36,31,42
36,31,42
36,31,43
36,31,42
36,32,42
36,31,42
36,31,42
36,31,42
36,31,42
36,31,42
36,31,42
36,31,43
36,31,42
36,31,42
36,32,42
36,31,42
36,31,42
36,31,42
36,31,42
35,30,42
37,31,42
37,32,42
35,31,42
36,31,43
37,31,43
37,31,42
36,31,42
35,31,42
36,31,42
37,31,42
37,30,42
38,31,43
37,31,44
34,30,44
35,29,44
36,31,43
40,32,39
39,31,39
35,30,44
32,30,46
32,30,45
35,30,44
39,31,42
40,32,41
36,31,41
35,31,42
37,31,44
37,30,43
37,30,42
36,31,43
36,30,42
38,30,42
38,30,43
39,30,44
37,29,44
32,30,43
30,30,42
38,31,42
40,31,42
39,31,43
38,31,43
35,31,42
35,31,42
37,30,42
37,30,42
38,30,43
38,30,45
36,30,42
36,30,42
37,30,43
33,31,39
31,33,32
38,30,41
48,31,59
38,31,51
25,28,42
27,27,44
32,30,46
33,32,45
35,33,46
36,32,46
33,30,45
29,29,46
28,30,47
27,30,48
26,31,45
34,33,42
37,33,44
38,32,47
37,32,48
32,29,47
29,29,47
31,28,44
33,29,42
38,30,47
39,31,48
33,31,46
30,31,45
28,30,44
28,31,43
37,32,42
39,33,40
39,32,42
31,30,44
32,29,46
34,29,48
35,31,47
32,31,42
32,31,42
35,32,44
36,33,44
36,34,42
35,32,42
36,29,45
35,29,47
34,29,48
32,30,46
32,31,45
34,32,45
34,31,42
35,32,41
36,32,44
36,34,43
36,34,43
35,34,41
35,33,42
37,33,42
35,34,41
36,34,40
34,34,40
36,34,40
38,34,39
39,35,39
38,34,39
39,34,39
38,36,37
37,37,36
36,37,35
31,33,34
31,34,37
37,36,39
38,35,41
37,33,44
37,34,42
37,34,38
40,33,39
40,33,39
39,34,38
34,32,40
34,32,42
37,35,42
34,34,42
34,34,41
38,33,41
39,31,41
37,32,40
37,32,40
37,31,43
36,31,43
32,33,43
33,35,41
37,33,37
42,32,38
42,33,39
39,34,39
37,33,41
36,32,42
34,32,42
35,33,41
37,32,41
37,32,40
36,32,39
37,32,39
38,33,40
38,34,39
38,32,40
37,31,41
35,33,44
37,32,43
36,32,41
35,33,40
37,32,40
41,33,39
41,33,40
38,32,39
37,32,40
37,33,41
38,32,40
41,30,41
42,29,43
40,33,44
33,34,44
27,35,46
23,33,45
23,33,48
21,32,49
19,31,53
19,33,52
19,32,51
20,31,51
22,31,50
24,32,51
27,31,52
25,30,52
24,31,50
24,34,48
25,34,48
27,31,50
25,31,51
25,31,50
24,32,48
24,31,48
24,31,50
23,32,53
22,31,52
22,31,50
22,31,49
24,31,49
27,31,49
31,32,49
31,32,49
31,32,48
30,30,49
27,30,48
26,32,48
27,32,48
29,30,48
29,30,48
30,30,48
29,30,48
29,30,48
29,31,48
30,32,47
32,31,48
34,29,46
34,30,46
32,31,47
31,30,48
31,30,48
30,30,48
30,29,48
30,29,48
31,30,47
32,30,46
33,30,45
33,31,45
33,30,46
32,30,47
32,30,46
33,29,46
33,30,46
33,30,46
33,30,46
33,30,46
33,30,46
34,30,46
33,30,46
33,30,46
33,30,46
33,30,46
33,30,45
33,30,45
34,30,45
34,30,46
34,29,46
32,30,45
31,30,45
36,30,45
35,31,46
33,29,46
33,29,46
34,29,45
33,30,46
34,30,46
34,30,45
34,30,43
33,31,45
33,30,46
35,29,46
35,30,46
33,29,45
32,29,45
34,30,46
34,31,46
34,29,45
34,30,45
34,31,45
34,31,44
35,30,45
35,29,46
33,29,45
33,30,46
34,30,46
34,30,45
34,30,45
34,30,45
34,30,45
33,30,46
34,30,46
34,30,45
34,30,45
34,31,45
34,31,45
34,30,46
33,30,45
38,30,46
42,31,46
26,29,46
26,29,47
31,30,46
33,30,47
29,29,47
28,29,46
32,31,46
35,31,46
36,30,46
35,30,46
33,30,45
33,30,45
34,30,45
34,30,45
34,31,45
34,31,46
33,31,45
34,30,46
34,30,46
33,30,46
33,30,47
32,31,45
33,31,44
35,31,43
34,31,44
33,30,46
33,29,46
32,30,47
33,30,47
33,30,46
34,31,45
34,30,44
34,31,44
34,31,45
33,30,46
33,30,46
33,30,46
34,30,46
34,30,45
33,31,44
34,31,45
34,30,45
33,30,46
33,30,46
33,30,46
33,31,46
33,31,45
33,31,45
34,30,45
33,30,45
33,30,45
34,30,46
33,30,45
33,30,45
33,31,45
34,30,45
33,30,46
33,30,46
34,30,46
33,30,45
33,31,45
34,30,45
33,30,45
33,30,45
33,31,45
33,30,46
33,30,46
33,30,46
33,30,45
34,31,45
33,31,45
33,30,45
33,30,45
33,30,46
33,30,45
33,30,45
34,30,45
34,30,46
34,30,46
32,31,45
33,31,45
34,31,45
33,30,45
33,30,45
34,30,46
34,31,45
34,30,45
33,31,45
34,31,45
34,30,45
35,31,45
34,31,45
33,31,44
32,30,45
34,30,45
33,30,44
34,31,45
34,30,46
35,30,46
34,31,45
34,31,43
34,31,44
34,30,45
34,30,45
34,30,45
34,30,45
34,30,45
34,31,44
34,31,44
35,31,45
35,31,44
35,31,44
34,31,44
34,30,45
34,30,45
35,29,44
35,29,44
35,33,46
31,32,45
33,31,44
35,31,44
36,30,44
35,30,44
34,30,44
34,30,45
34,30,45
34,30,45
36,30,44
34,30,44
34,31,44
35,31,44
34,31,44
35,30,45
35,30,45
34,30,45
34,30,45
34,30,44
34,31,44
34,31,45
34,30,45
34,31,45
34,31,44
34,30,44
34,30,44
34,30,45
34,30,45
34,30,45
34,30,45
34,30,45
34,30,45
34,30,45
34,31,45
34,30,44
34,30,44
34,30,45
34,30,45
34,30,45
34,30,45
35,30,45
34,30,45
34,30,45
34,31,44
34,31,44
35,30,45
35,30,44
34,30,44
34,30,45
34,31,46
35,31,45
34,30,45
33,30,45
35,30,44
35,30,44
34,30,46
34,31,45
34,30,44
34,30,45
34,30,44
34,31,44
34,30,44
34,31,45
35,30,45
34,30,44
34,30,44
34,30,45
34,30,45
35,31,45
35,31,44
34,30,44
34,30,45
35,30,45
35,30,45
34,30,45
34,30,44
34,30,45
34,30,45
34,31,45
34,30,45
34,30,45
34,31,45
34,31,45
34,31,45
34,30,45
34,30,45
34,31,44
34,31,45
35,30,45
34,30,44
34,30,45
34,30,45
34,30,45
34,30,45
34,30,45
34,30,45
34,30,45
34,30,45
34,30,45
34,30,45
34,30,45
34,30,45
34,30,45
34,30,45
34,31,45
34,31,45
34,30,45
34,30,45
34,31,45
34,31,45
34,30,45
34,30,45
34,30,45
34,30,45
34,30,45
34,30,45
34,30,45
34,30,45
34,30,45
34,30,45
34,31,45
34,30,45
34,30,45
34,30,45
34,30,45
34,30,45
34,30,45
34,31,45
34,30,45
34,30,45
34,30,45
34,31,44
33,31,44
35,30,45
34,30,45
34,30,45
34,30,45
34,30,45
34,30,45
34,30,45
34,31,44
34,30,45
33,30,45
34,30,45
35,30,45
33,30,45
33,30,45
34,31,44
34,30,45
34,30,46
34,31,45
34,30,44
34,30,45
34,30,46
34,31,44
33,31,44
34,30,45
35,30,44
34,30,45
34,30,45
34,30,45
34,30,45
34,30,44
33,31,45
35,30,46
35,30,46
33,30,45
33,30,45
34,30,45
34,30,45
34,30,45
34,30,46
33,31,46
33,31,46
34,29,45
34,29,46
34,29,46
34,29,46
34,30,45
33,30,45
33,30,44
34,31,44
34,31,45
34,30,46
34,29,46
33,29,46
33,30,45
35,30,45
34,30,45
34,30,45
34,30,45
34,29,46
34,29,46
34,29,45
34,29,45
34,30,45
33,31,45
34,30,45
34,30,46
34,29,46
33,30,45
33,30,45
34,30,46
34,30,46
34,30,45
34,30,46
34,30,46
34,30,46
33,30,45
34,30,45
33,30,46
34,30,46
34,30,46
34,30,46
34,30,46
34,30,45
34,30,45
34,30,45
34,30,46
34,30,46
33,30,45
34,30,46
34,30,46
33,30,45
34,30,45
34,30,45
34,30,45
33,30,45
34,30,46
33,30,45
34,30,45
34,30,45
34,30,45
33,30,46
33,30,45
34,30,45
33,30,45
34,30,46
34,30,46
34,30,45
34,30,45
34,31,45
34,30,45
34,30,46
34,30,46
34,30,45
33,30,45
34,30,45
34,30,46
34,30,45
34,31,45
33,30,45
34,30,45
34,30,46
33,30,45
34,30,46
34,30,45
34,30,45
34,30,45
34,30,45
34,30,45
34,30,45
34,30,45
34,30,45
34,30,45
34,30,45
34,30,45
34,30,46
34,30,45
33,30,45
34,30,45
34,30,45
34,30,45
34,30,45
34,30,45
34,30,45
34,30,45
34,30,45
34,30,45
34,30,45
34,30,45
33,30,46
34,30,46
34,30,46
34,29,45
33,30,45
34,30,46
34,30,46
34,30,45
33,30,46
34,30,45
34,30,45
34,30,46
34,29,46
33,30,45
33,30,45
34,30,45
34,30,45
33,30,46
34,30,46
34,30,46
34,30,45
34,30,45
34,30,45
34,30,45
34,30,45
34,30,45
34,30,45
34,30,45
34,30,45
34,30,45
34,30,45
34,30,45
34,30,45
34,30,45
34,30,45
34,30,46
34,30,46
34,30,45
34,30,45
34,30,45
34,30,45
34,30,45
34,30,46
34,30,45
34,30,45
34,30,45
34,30,45
34,30,45
34,30,45
34,30,45
34,30,45
34,30,45
34,30,45
34,30,45
34,30,45
34,30,46
34,30,45
34,30,45
34,30,45
34,30,45
34,30,45
34,30,46
34,30,45
34,30,45
34,30,45
34,30,45
34,30,45
34,30,45
34,30,45
34,30,45
34,30,45
34,30,45
34,30,45
34,30,45
34,29,45
34,31,45
34,30,45
34,30,45
34,30,45
34,30,45
34,30,45
34,30,45
34,30,45
36,30,46
35,30,46
30,29,45
33,30,46
33,30,46
31,29,46
30,29,46
35,30,45
36,30,45
34,30,45
34,30,45
34,30,45
34,30,45
34,30,45
34,30,45
34,30,44
34,30,45
34,30,45
35,30,45
34,30,45
34,30,45
34,30,45
34,30,45
34,30,45
34,30,45
34,30,45
34,30,45
35,30,45
34,30,45
33,30,45
34,30,45
34,30,45
34,30,45
34,30,45
35,30,45
35,30,45
34,30,45
34,30,45
34,30,45
34,30,45
34,30,45
35,30,45
34,31,44
34,30,45
34,30,45
34,30,45
34,30,45
34,30,45
34,30,44
34,30,45
35,30,45
34,30,44
34,30,45
34,30,45
34,30,45
34,30,45
34,30,45
34,30,45
34,30,45
34,30,45
34,30,45
34,30,45
34,30,45
34,30,45
34,30,45
34,30,44
34,30,45
34,30,45
34,30,45
34,30,45
34,30,45
34,30,44
34,30,45
34,30,45
34,30,44
34,30,44
34,30,45
35,30,45
34,30,45
34,30,45
34,30,45
34,30,45
34,30,45
34,30,45
34,30,45
34,30,45
34,30,45
34,30,45
34,30,45
34,30,45
34,30,45
34,30,45
34,30,45
34,30,45
34,31,45
34,30,45
35,30,45
34,30,45
34,30,45
34,30,44
34,31,45
34,30,45
35,30,45
34,30,45
34,30,45
34,30,45
34,30,45
34,30,45
34,30,44
34,30,45
34,30,45
34,30,45
34,30,45
34,30,45
34,30,45
34,30,45
34,30,45
34,30,45
34,30,44
34,30,45
34,30,45
34,30,45
35,30,45
35,30,45
34,30,44
34,30,45
34,30,44
34,30,45
35,30,45
34,30,45
34,30,45
34,30,45
34,31,44
35,30,44
35,30,45
34,30,45
35,30,44
35,30,45
34,30,44
34,30,44
35,30,45
34,30,45
35,30,44
35,30,44
35,30,45
35,30,44
35,30,45
35,30,44
34,30,44
35,30,45
35,30,45
34,30,44
34,30,44
35,30,45
35,30,44
34,30,45
34,30,45
34,30,45
34,30,44
35,30,45
35,30,45
34,30,45
35,30,45
34,30,45
34,30,45
34,30,45
35,30,44
35,31,44
34,30,45
35,30,45
34,30,45
34,30,45
35,30,45
35,30,45
34,30,45
34,30,45
35,30,44
34,31,44
34,30,44
34,30,45
34,30,45
34,30,45
34,30,45
34,30,45
34,30,44
34,30,44
34,30,45
34,31,45
34,30,45
35,30,45
34,30,45
35,30,44
35,30,45
34,30,44
35,30,44
35,30,45
34,30,44
32,30,45
33,30,45
35,30,45
34,30,45
34,30,45
34,30,45
34,30,45
34,30,45
35,30,45
34,30,45
36,30,45
34,30,45
31,30,45
32,30,45
35,30,46
34,30,46
32,30,45
33,30,45
34,30,46
34,30,46
33,30,45
33,30,45
34,30,45
34,30,45
34,30,45
33,30,45
34,30,46
34,30,45
34,30,45
34,30,45
34,30,46
34,30,44
34,30,45
34,30,45
34,30,45
34,30,45
34,30,45
34,30,45
34,30,45
34,30,45
34,30,45
34,30,45
34,30,45
34,30,45
34,30,45
34,30,45
34,30,45
34,30,45
34,30,45
34,30,45
34,30,45
34,30,45
34,30,45
34,30,45
34,30,45
34,30,45
34,30,45
34,31,45
34,30,45
34,30,45
34,30,45
34,30,45
34,30,45
34,30,45
34,30,45
34,30,45
34,30,45
34,30,45
34,30,45
34,30,45
34,30,45
35,30,45
35,30,45
34,30,44
34,30,45
34,30,45
34,30,45
34,30,45
34,30,45
34,30,45
34,30,45
34,30,45
34,30,45
34,30,45
34,30,45
34,30,45
34,30,44
34,30,45
34,30,45
34,30,45
34,30,45
34,30,45
34,30,45
34,30,45
34,30,45
34,30,45
34,30,45
34,30,45
34,30,45
34,30,45
34,30,45
34,30,45
34,30,45
34,30,45
34,30,45
34,30,45
34,30,45
34,30,45
34,30,45
34,30,45
34,30,45
34,30,44
34,30,45
34,30,45
34,30,45
34,30,45
34,30,45
34,30,45
34,30,45
34,30,45
34,30,45
34,30,45
34,30,45
34,30,45
34,30,45
34,30,45
34,30,45
34,30,45
34,30,45
34,30,45
34,30,45
34,30,45
34,30,45
34,30,45
34,30,45
34,30,45
34,30,45
34,30,45
34,31,45
34,30,45
34,30,45
34,30,45
34,30,45
34,30,45
34,30,45
34,30,45
34,30,45
34,30,45
34,30,45
34,30,45
34,30,45
34,30,45
34,30,45
34,30,45
34,30,45
34,30,45
34,30,45
34,30,45
34,30,45
34,30,45
34,30,45
34,30,45
34,30,45
34,30,45
34,30,45
34,30,44
34,30,45
35,30,45
34,30,45
34,30,45
34,30,45
34,30,45
34,30,45
34,30,45
34,30,44
34,30,45
34,30,45
34,30,45
34,30,45
34,30,45
34,30,45
34,30,45
35,30,45
34,30,45
34,30,45
34,30,44
34,30,45
34,30,45
34,30,45
34,31,44
34,30,45
34,30,45
34,30,45
34,30,45
34,30,45
34,30,45
34,30,45
34,30,44
34,30,45
34,30,45
34,30,45
34,30,45
34,30,45
34,30,45
34,30,45
34,30,45
34,30,45
34,30,45
34,30,45
34,30,45
34,30,45
34,30,45
34,30,45
34,30,45
35,30,45
34,30,44
34,31,45
34,30,45
34,30,45
34,30,45
34,30,45
34,30,45
34,30,45
34,30,45
34,30,45
34,30,45
34,30,45
34,30,45
34,30,45
34,30,45
34,30,45
34,30,45
34,30,45
34,30,45
34,30,45
34,30,45
34,30,45
34,30,45
34,30,45
34,30,45
34,30,45
34,30,45
34,30,45
34,30,44
34,30,45
35,30,45
34,30,45
34,30,45
34,30,45
34,30,45
34,30,45
34,30,45
34,30,45
34,30,45
34,30,45
34,30,45
34,30,45
34,30,45
34,30,45
34,30,45
34,30,45
34,30,45
34,30,45
34,30,45
34,30,45
34,30,45
34,30,45
34,30,45
34,30,45
34,30,44
34,30,44
34,30,45
35,30,45
34,30,45
34,30,45
34,30,45
34,30,45
34,30,45
34,30,45
34,30,45
34,30,45
34,30,45
34,30,45
34,30,45
34,30,45
34,30,45
34,30,45
34,30,45
34,30,44
34,30,45
34,30,45
34,30,45
34,30,45
34,30,45
34,30,45
34,30,45
35,30,45
34,31,44
34,30,45
34,30,45
34,30,45
34,30,45
34,30,45
34,30,45
34,30,45
34,30,45
34,30,45
34,30,45
34,30,45
34,30,45
34,30,45
34,30,45
34,30,45
34,30,45
34,30,45
34,30,44
34,30,45
34,30,45
34,30,45
34,30,45
34,30,45
34,30,45
34,30,45
34,30,45
34,31,44
34,30,45
35,30,45
34,30,45
34,30,45
34,30,45
34,30,45
34,30,45
34,30,45
34,30,45
34,30,45
34,30,45
34,30,45
34,30,45
34,30,45
34,30,45
34,30,45
34,30,45
34,30,45
34,30,45
34,30,45
34,30,45
35,30,45
34,30,45
34,30,45
34,30,45
34,30,44
34,30,45
35,30,45
34,30,45
34,30,45
34,30,45
34,30,44
34,30,45
34,30,45
34,30,45
34,30,45
34,30,45
34,30,45
34,30,45
34,30,45
34,30,45
34,30,45
34,30,45
34,30,45
34,30,45
34,30,45
34,30,45
34,30,45
34,30,45
34,30,45
34,30,45
34,30,44
34,30,44
34,30,45
34,30,45
34,30,45
34,30,45
34,30,45
34,30,45
34,30,45
34,30,45
34,30,45
34,30,45
34,30,45
34,30,45
34,30,45
34,30,45
34,30,45
34,30,45
34,30,45
34,30,45
34,30,45
34,30,45
34,30,45
34,30,45
34,30,45
34,30,45
34,30,45
34,30,44
34,30,45
35,30,45
34,30,45
34,30,45
34,30,45
34,30,45
34,30,45
34,30,45
34,30,45
34,31,45
34,30,45
34,30,45
34,30,45
34,30,45
34,30,45
34,30,45
34,30,45
34,30,45
34,30,45
34,30,45
34,30,45
34,30,45
34,30,45
34,30,45
34,30,44
34,30,44
34,30,45
35,30,45
34,30,45
34,30,45
34,30,45
34,30,45
34,30,45
34,30,45
34,30,45
34,30,45
34,30,45
34,30,45
34,30,45
34,30,45
34,30,45
34,30,45
34,30,45
34,30,45
34,30,45
34,30,45
34,30,45
34,30,45
34,30,45
34,30,45
34,30,45
35,30,45
34,30,44
34,30,45
35,30,45
34,30,45
34,30,45
34,30,45
34,30,45
34,30,45
34,30,45
34,30,45
34,30,45
34,30,45
34,30,45
34,30,45
34,30,45
34,30,45
34,30,45
34,30,45
34,30,45
34,30,45
34,30,45
34,30,45
34,30,45
34,30,45
34,30,45
34,30,45
34,30,44
34,30,44
34,30,45
35,30,45
34,30,45
34,30,45
34,30,45
34,30,45
34,30,45
34,30,45
34,30,44
34,30,45
34,30,45
34,30,45
34,30,45
34,30,45
34,30,45
34,30,45
34,30,45
34,30,45
34,30,45
34,30,45
34,30,45
35,30,45
34,30,45
34,30,45
34,30,44
34,30,45
34,30,45
34,30,45
34,30,45
34,30,45
34,30,45
34,30,45
34,30,45
34,30,45
34,30,45
34,30,45
34,30,45
34,30,45
34,30,45
34,30,45
34,30,45
34,30,45
34,30,45
34,30,45
34,30,45
34,30,45
34,30,45
34,30,45
34,30,45
34,30,45
34,31,44
34,30,44
34,30,45
34,30,45
34,30,45
34,30,45
34,30,45
34,30,45
34,30,45
34,30,45
34,30,45
34,30,45
34,30,45
34,30,45
34,30,45
34,30,45
34,30,45
34,30,45
34,30,45
34,30,45
34,30,45
34,30,45
34,30,45
34,30,45
34,30,45
34,30,45
34,30,45
34,30,45
34,30,45
34,30,45
34,30,45
34,30,45
34,30,45
34,30,45
34,30,45
34,30,45
34,30,45
34,31,45
34,30,45
34,30,45
34,30,45
34,30,45
34,30,45
34,30,45
34,30,45
34,30,45
34,30,45
34,30,45
34,30,45
34,30,45
34,30,45
34,30,45
34,30,45
34,30,45
34,30,44
34,30,45
34,30,45
34,30,45
34,30,45
34,30,45
34,30,45
34,30,44
34,30,45
34,30,45
34,30,45
34,30,45
34,30,45
34,30,45
34,30,45
34,30,45
34,30,45
34,30,45
34,30,45
34,30,44
34,30,45
35,30,45
34,30,45
34,30,45
34,30,45
35,31,45
35,29,45
32,30,45
34,30,45
34,30,45
34,30,45
34,29,45
34,30,46
34,30,45
33,30,46
34,30,46
34,30,44
34,30,45
34,30,45
34,30,45
34,30,45
34,30,45
34,30,45
35,30,45
35,30,45
34,30,45
34,30,45
34,30,45
34,30,45
34,30,45
34,30,45
34,30,45
34,30,45
34,30,45
34,30,45
34,30,45
34,30,45
34,30,44
34,30,45
35,30,45
34,30,45
34,30,45
34,30,45
34,30,45
34,30,45
34,30,45
34,30,45
34,30,45
34,30,45
34,30,45
34,30,45
34,30,45
34,30,45
34,30,45
34,31,45
34,30,45
34,30,45
34,30,45
34,31,45
34,30,45
34,30,45
34,30,45
34,30,45
34,30,45
34,30,44
34,30,45
34,30,45
34,30,45
34,30,45
34,30,45
34,30,45
34,30,44
34,30,45
34,30,45
34,30,45
34,30,45
34,30,45
34,30,45
34,30,45
34,30,45
34,30,45
34,30,44
34,30,45
34,30,45
34,30,45
34,30,45
34,30,45
34,30,45
34,30,45
34,30,45
34,30,45
34,30,45
34,30,44
34,30,45
34,30,45
34,30,45
34,30,45
34,30,45
34,30,44
34,30,45
34,30,45
34,30,45
34,30,45
34,30,45
34,30,45
34,30,45
34,30,45
34,30,45
34,30,45
34,30,45
34,30,45
34,30,45
34,30,45
34,30,45
34,30,45
34,30,45
34,30,45
34,30,45
34,30,44
34,30,44
34,30,45
34,30,45
34,30,45
34,30,45
34,30,45
34,30,45
34,30,45
34,30,44
35,31,45
34,31,45
34,30,45
35,30,45
34,30,45
34,30,45
35,30,45
34,30,45
34,30,45
34,30,45
34,30,45
34,30,45
34,30,45
35,30,45
34,30,45
35,30,45
34,30,44
34,30,44
35,30,45
35,30,45
34,30,45
34,30,45
34,30,45
34,30,45
34,30,44
34,30,45
34,30,45
34,30,45
34,30,44
34,30,45
34,30,45
34,30,45
34,30,45
34,30,44
34,30,45
34,30,44
34,30,44
34,30,45
34,30,44
34,30,45
34,31,45
35,30,45
35,30,45
34,30,44
34,30,44
34,30,44
34,30,45
35,30,45
35,30,45
34,30,45
34,30,45
35,30,44
35,30,45
34,30,45
34,30,45
34,30,45
34,30,45
34,30,45
34,30,45
34,30,45
35,30,45
35,30,45
34,30,45
34,30,45
34,30,45
34,30,45
34,30,45
35,30,45
34,30,45
35,30,45
34,31,44
34,30,45
35,30,45
35,30,45
34,30,45
34,30,45
34,30,45
34,30,44
34,30,45
34,30,45
34,30,45
34,30,45
34,30,45
34,30,45
34,30,44
34,30,45
34,30,45
34,30,45
34,30,45
34,30,45
34,30,45
34,31,45
34,30,44
34,30,45
34,30,45
35,30,45
34,31,44
34,30,45
35,30,45
34,30,45
34,30,45
34,30,45
34,30,45
34,30,45
34,30,45
34,30,45
34,30,45
34,30,44
34,30,45
34,30,45
34,30,44
34,30,45
34,30,45
34,30,44
34,30,45
34,30,45
34,30,45
34,30,45
34,30,44
34,30,45
34,30,45
35,30,45
34,30,45
35,30,45
34,30,44
34,30,44
35,30,45
34,30,45
34,30,45
34,30,45
34,30,45
34,30,45
34,30,45
34,30,45
34,30,45
35,30,45
34,30,45
34,30,45
34,30,45
34,30,45
34,30,45
34,30,45
34,30,45
34,30,45
34,30,45
34,30,45
34,30,45
34,30,45
34,30,45
34,30,45
34,30,45
34,30,45
34,30,44
34,30,45
35,30,44
34,30,45
34,30,45
34,30,45
34,30,45
34,30,45
34,30,45
34,30,45
34,30,45
34,30,45
34,30,45
34,30,45
34,30,45
34,30,45
34,30,45
35,30,45
34,30,45
34,30,45
34,30,45
34,30,45
34,30,45
34,30,45
35,30,45
34,31,44
34,30,45
35,30,45
34,30,44
34,30,45
34,30,45
34,30,45
34,30,45
34,30,45
34,30,45
34,30,45
34,30,45
34,30,45
34,30,45
34,30,45
34,30,45
34,30,45
34,30,45
34,30,45
34,31,45
34,30,45
35,30,45
34,30,44
34,30,45
34,30,45
34,30,45
35,30,45
34,30,44
34,30,45
34,30,45
34,30,45
34,30,45
34,30,45
34,30,45
34,30,45
34,30,45
34,30,45
34,30,45
34,30,44
34,30,45
34,30,45
34,30,45
34,30,45
34,30,45
34,30,45
34,30,45
34,30,45
34,30,45
34,30,45
34,30,45
34,30,45
34,30,45
34,30,45
35,30,45
34,31,44
34,30,45
35,30,45
34,30,45
34,30,45
34,30,45
34,30,45
34,30,45
35,30,45
34,30,45
34,30,45
34,30,45
34,30,45
34,30,45
34,30,45
34,30,45
34,30,45
34,30,45
34,30,45
34,30,44
34,30,45
34,30,45
34,30,45
34,30,45
34,30,45
35,30,45
35,31,44
34,30,45
34,30,45
34,30,45
34,30,45
34,30,45
34,30,45
34,30,45
34,30,45
34,30,45
34,30,45
34,30,45
34,30,45
34,30,45
34,30,45
34,30,45
34,30,45
34,30,45
34,30,45
34,30,45
34,30,45
34,30,44
34,30,44
34,30,45
34,30,45
34,30,45
35,30,45
34,30,44
34,30,44
35,30,45
34,30,45
34,30,45
34,30,45
34,30,45
34,30,45
34,30,45
34,30,44
34,30,45
34,30,45
34,30,45
34,30,44
34,30,45
34,30,45
34,30,45
34,30,45
34,30,45
34,30,45
34,30,45
34,30,45
34,30,45
34,30,45
34,30,45
34,30,45
34,30,45
34,30,45
35,30,45
34,31,44
34,30,45
35,30,45
34,30,45
34,30,45
34,30,44
34,30,44
34,30,45
34,30,45
34,30,45
34,30,45
34,30,45
34,30,45
34,30,45
34,30,45
34,30,45
34,30,45
34,30,45
34,30,45
34,30,45
34,30,45
34,30,45
34,30,45
34,30,45
34,30,45
34,30,45
34,30,44
34,31,44
35,30,45
35,30,45
34,30,45
34,30,45
34,30,45
34,30,45
34,30,45
34,30,45
34,30,45
34,30,45
34,30,45
34,30,45
34,30,45
34,30,44
34,30,45
34,30,45
34,30,45
34,30,45
34,30,45
34,30,45
34,30,45
34,30,45
34,30,44
34,30,45
35,30,45
34,30,44
34,30,45
35,30,45
34,30,45
34,30,45
34,30,45
34,30,45
34,30,45
34,30,45
34,30,44
34,30,45
34,30,45
34,30,45
34,30,45
35,30,45
34,30,44
34,30,44
35,30,44
34,31,45
34,30,45
34,30,45
34,30,45
34,30,45
34,30,45
34,30,44
34,31,45
35,30,45
34,30,45
34,30,44
34,30,45
35,30,45
34,30,45
34,30,45
34,30,45
34,30,44
34,30,45
34,30,45
34,30,45
34,30,45
34,30,45
34,30,45
34,30,45
34,30,45
34,30,45
34,30,45
34,30,45
34,30,45
34,30,45
34,30,45
34,30,45
34,30,45
34,30,45
35,30,45
34,30,44
34,31,44
34,30,45
35,30,45
34,30,45
34,30,45
34,30,45
34,30,45
34,30,45
34,30,45
34,30,45
34,30,45
34,30,44
34,30,45
34,30,45
34,30,45
34,30,45
34,30,45
34,30,45
34,30,45
34,30,45
34,30,45
34,30,45
34,31,45
34,30,45
35,30,45
34,30,44
34,30,45
35,30,45
34,30,45
34,30,45
34,30,45
34,30,45
34,30,45
34,30,44
34,30,45
34,30,45
34,30,45
34,30,45
34,30,45
34,30,45
34,30,45
34,30,45
34,30,45
34,30,45
34,30,45
34,30,45
34,30,45
34,30,45
34,30,45
34,30,45
34,30,45
35,30,45
34,30,44
34,30,45
35,30,45
34,30,45
34,30,45
35,30,45
34,30,45
34,30,45
34,30,45
34,30,45
34,30,45
34,30,45
34,30,45
34,30,45
34,30,45
34,30,45
34,30,45
34,30,45
34,30,45
34,30,45
34,30,45
34,30,45
34,30,45
34,30,45
34,30,45
34,30,44
34,30,45
35,30,45
34,30,44
34,30,44
35,30,45
34,30,44
34,30,45
34,30,45
34,30,45
34,30,45
34,30,45
34,30,45
34,30,45
34,30,45
34,30,45
34,30,45
34,30,45
34,30,45
34,30,45
34,30,45
34,30,45
34,30,45
34,30,45
34,30,45
34,30,45
34,30,44
34,30,45
35,30,45
34,30,44
34,30,45
34,30,45
34,30,45
34,30,45
34,30,45
34,30,45
34,30,45
34,30,45
34,30,45
34,30,45
34,30,45
34,31,45
34,30,45
34,30,45
34,30,45
34,30,45
34,30,45
35,30,45
34,30,45
34,30,45
34,30,45
34,30,45
34,30,45
34,30,45
34,30,45
35,30,45
34,30,44
34,30,45
34,30,45
34,30,45
34,30,45
34,30,45
34,30,45
34,30,45
34,30,45
34,30,45
34,30,45
34,30,45
34,30,45
34,30,45
34,30,45
34,30,45
34,30,45
34,30,45
34,30,45
34,30,45
34,30,45
34,30,45
34,30,45
34,30,45
35,30,45
35,30,45
34,30,45
33,30,45
34,31,45
34,30,45
34,30,45
33,30,45
34,30,45
35,30,45
35,30,45
34,30,45
34,30,45
34,30,45
34,30,45
34,30,45
34,30,45
34,30,45
34,30,45
34,31,45
34,31,44
35,30,44
35,31,45
34,30,45
34,30,45
34,29,46
34,31,45
35,30,45
33,31,44
34,30,45
34,30,44
34,30,45
34,30,45
34,30,45
34,30,45
34,30,45
34,30,45
34,30,45
34,30,44
34,30,45
34,30,45
34,30,45
34,30,45
34,30,45
34,30,45
34,30,45
34,30,45
34,30,45
34,30,45
34,30,46
34,30,45
34,30,45
34,30,45
34,30,44
34,30,45
35,30,46
34,30,45
34,30,45
34,30,45
34,31,45
34,30,45
34,30,45
34,30,45
34,30,45
34,30,45
34,30,45
34,30,45
34,30,45
34,30,45
34,30,45
34,30,45
34,30,45
34,30,45
34,30,45
34,30,45
34,30,44
34,31,45
34,30,45
34,30,45
34,30,45
34,30,45
34,30,45
34,30,45
34,30,45
34,30,45
34,30,45
34,30,45
34,30,45
34,30,45
34,30,45
34,30,44
34,30,45
34,30,45
34,30,45
34,30,45
34,30,45
34,30,45
34,30,45
34,30,45
34,30,45
34,30,45
34,30,45
34,30,45
34,30,45
34,30,45
34,30,45
34,30,45
34,30,45
34,30,45
34,30,45
34,30,45
34,30,45
35,30,45
34,30,45
34,30,45
34,30,45
34,30,45
34,30,45
34,30,45
34,30,45
34,30,45
35,30,45
34,31,44
34,30,44
34,30,45
34,30,45
34,30,45
34,30,45
34,30,45
34,30,45
34,30,45
34,30,45
34,30,45
34,30,45
34,30,45
34,30,45
34,30,45
34,30,45
34,30,45
34,30,45
34,30,45
34,30,45
34,30,45
34,30,45
34,30,45
35,30,45
34,30,45
34,30,45
34,30,45
34,30,45
34,30,45
34,30,45
34,30,45
34,30,45
34,30,45
34,30,45
34,30,45
34,30,45
34,30,45
34,30,45
34,30,45
34,30,45
34,30,45
34,31,45
34,30,45
34,30,45
34,30,45
34,31,45
35,30,45
34,30,45
34,30,45
34,30,45
34,31,45
34,30,45
34,30,45
34,30,45
34,30,45
34,30,45
34,30,45
34,30,45
34,30,45
34,30,45
34,30,45
34,30,45
34,30,45
34,30,45
34,30,45
34,30,45
34,30,45
34,30,45
34,30,45
34,30,45
34,30,45
34,30,45
34,30,45
34,30,45
34,30,45
34,30,45
34,30,45
34,30,45
34,30,45
35,30,45
34,30,45
34,30,45
34,30,45
34,30,45
34,30,45
34,30,45
34,30,45
34,30,45
34,30,45
34,30,45
34,30,45
34,30,45
34,30,45
34,30,45
34,30,45
34,30,45
34,30,45
34,30,45
34,30,45
34,30,45
34,30,45
34,30,45
34,31,44
34,30,45
35,30,45
34,30,45
34,30,45
34,30,45
34,30,45
34,30,45
34,30,45
34,30,45
34,30,45
34,30,45
34,31,45
34,30,45
34,30,45
34,30,45
34,30,45
34,30,45
34,30,45
34,30,45
34,30,46
34,30,44
34,31,45
34,30,45
34,30,45
34,30,45
35,30,46
33,30,44
33,30,45
35,30,45
34,30,45
34,30,45
34,30,45
34,30,45
34,30,46
34,30,46
33,30,45
34,30,45
34,30,45
34,30,45
34,30,45
34,30,45
34,30,45
34,30,45
34,30,45
34,30,45
34,30,45
34,30,45
34,30,45
34,31,45
34,30,45
34,30,45
34,30,46
34,30,45
33,30,45
34,31,45
34,30,45
34,30,45
34,30,45
34,30,45
34,30,45
34,30,45
34,30,45
34,30,46
34,30,45
34,30,45
34,31,45
34,30,45
34,30,45
34,31,45
33,30,45
34,30,45
34,30,45
34,30,45
34,30,45
34,30,45
34,30,45
34,30,45
34,30,45
34,30,44
34,30,44
34,30,45
34,30,45
33,30,45
35,31,45
34,30,45
34,30,45
34,30,45
34,30,45
34,30,45
34,30,45
34,30,45
34,30,45
34,30,45
34,30,45
34,30,45
34,30,45
34,30,45
34,30,45
34,30,45
34,30,45
34,30,45
34,30,45
34,30,46
35,30,46
34,30,44
33,30,44
34,30,45
34,30,45
34,30,45
34,30,45
34,30,45
34,30,45
34,30,45
34,30,45
34,30,45
34,30,45
34,30,45
34,30,45
34,30,45
34,30,45
34,30,45
34,30,45
34,30,45
34,30,45
34,30,45
34,30,45
34,30,45
34,30,45
34,30,45
34,30,45
34,30,46
34,30,45
34,30,44
34,30,45
35,30,45
34,30,45
34,30,45
34,30,45
34,30,45
34,30,45
34,30,45
34,30,45
34,30,45
34,30,45
34,30,45
34,30,45
34,30,45
34,30,45
34,30,45
34,30,45
34,30,45
34,30,45
34,30,45
34,30,45
34,30,45
34,30,45
34,30,44
34,30,44
34,30,45
34,30,45
34,30,45
34,30,45
34,30,45
34,30,45
34,30,45
34,30,45
34,30,45
34,30,45
34,30,45
34,30,45
34,30,45
34,30,45
34,30,45
34,30,45
34,30,45
34,30,45
34,30,45
33,31,44
35,30,44
35,30,45
34,31,45
35,30,45
34,30,45
34,30,45
34,30,45
35,30,45
34,30,44
34,30,45
34,30,45
34,30,45
34,30,45
34,30,45
34,30,45
34,30,45
34,30,45
34,30,45
34,30,45
34,30,45
34,30,45
34,30,45
34,30,45
34,30,45
34,30,45
34,30,45
34,30,45
34,30,45
34,30,45
34,30,44
34,31,44
34,30,45
34,30,45
34,30,45
34,30,45
34,30,45
34,30,45
34,30,45
34,30,45
34,30,45
34,30,44
34,30,45
34,30,45
34,30,45
34,30,45
34,30,45
34,30,45
34,30,45
34,30,45
34,30,45
34,30,45
34,30,45
34,30,45
34,30,45
34,30,44
34,30,45
35,30,45
34,31,45
34,30,45
34,30,45
34,30,45
34,30,45
34,30,45
34,30,45
34,30,45
34,30,45
34,30,45
34,31,45
34,30,45
34,30,44
34,30,45
34,30,45
34,30,45
34,30,45
34,30,45
34,30,45
34,30,45
34,30,45
34,30,45
34,30,45
34,30,44
34,30,45
34,30,45
34,30,45
34,30,45
34,30,45
34,30,45
34,30,45
34,31,45
34,30,45
34,30,45
34,30,45
34,30,45
34,30,45
34,30,45
34,30,45
34,30,45
34,30,45
34,30,45
34,30,45
34,30,45
34,30,45
34,30,45
34,30,45
34,30,45
34,30,45
34,30,44
34,30,45
35,30,45
34,30,45
34,30,45
34,30,45
34,30,45
34,30,45
34,30,44
34,30,44
34,30,45
34,30,45
34,30,45
34,30,45
34,30,45
34,30,45
34,30,45
34,30,45
34,30,45
34,30,45
34,30,45
34,30,45
34,30,45
34,30,45
34,30,45
35,30,45
34,31,44
35,30,45
34,30,45
34,30,45
34,30,45
34,30,45
34,30,45
34,30,45
34,30,45
34,30,45
34,30,45
34,30,45
34,30,45
34,30,45
34,30,45
34,30,45
34,30,45
34,30,45
34,30,45
34,30,45
34,30,45
34,30,45
34,30,44
34,30,45
35,30,45
34,31,44
34,30,44
34,30,45
34,30,45
34,30,45
34,30,45
34,30,45
34,30,45
34,30,45
34,31,45
34,30,45
34,30,45
34,30,45
34,30,45
34,30,45
34,30,45
34,30,44
34,31,45
34,30,45
34,30,45
34,30,45
34,31,45
34,30,45
34,31,45
34,30,45
35,30,45
34,30,45
34,30,45
34,30,44
34,30,45
34,30,45
34,30,45
34,30,45
34,30,45
34,30,44
34,31,44
34,30,45
34,30,45
34,30,45
34,30,45
34,30,45
34,30,45
34,30,45
34,30,45
34,30,45
34,30,45
34,30,45
34,30,45
34,30,45
34,30,45
34,30,45
35,30,45
34,30,44
34,30,45
35,30,45
34,30,44
34,30,45
34,30,45
34,30,45
34,30,45
34,30,45
34,30,44
34,30,45
34,30,45
34,30,45
34,31,45
34,30,45
34,30,45
34,30,45
34,30,44
35,30,45
34,30,45
34,30,45
34,30,45
34,30,45
34,30,45
35,30,44
34,31,44
34,30,44
34,30,44
34,30,45
34,30,45
34,30,45
34,30,45
34,30,45
34,30,44
34,30,45
34,30,45
34,30,45
34,30,45
34,30,45
34,30,45
34,30,45
34,30,44
34,30,45
34,30,45
34,30,45
34,30,45
34,30,45
34,31,45
34,31,45
35,30,45
34,30,45
34,30,45
35,30,45
34,30,44
34,30,45
35,30,45
34,30,45
34,30,45
34,30,45
34,30,45
34,30,45
34,30,45
34,30,44
34,30,45
34,30,45
34,30,45
34,30,45
34,30,45
34,30,45
34,30,45
34,30,44
34,31,45
34,30,45
35,30,45
34,30,45
35,30,45
34,30,44
34,30,44
35,30,44
34,30,44
34,30,45
34,30,45
34,31,45
34,30,44
34,30,44
34,30,44
35,30,45
34,30,45
34,30,45
34,30,45
34,30,45
34,30,45
34,30,45
34,30,45
34,30,45
34,30,45
34,30,45
34,30,45
34,30,45
34,30,45
34,30,45
34,30,45
34,31,44
34,30,45
35,30,45
34,30,44
34,30,45
34,30,45
34,30,45
35,30,45
34,30,44
34,30,45
34,30,45
34,30,45
34,30,45
34,30,45
34,30,45
34,30,44
34,30,45
34,30,45
34,30,45
34,30,45
34,30,44
34,31,45
34,30,45
34,30,45
34,30,45
35,30,45
34,31,44
34,31,44
35,30,45
34,30,45
34,30,45
34,30,45
34,30,45
34,30,45
34,30,45
34,30,44
34,30,45
34,30,45
34,30,45
34,30,45
34,30,45
34,30,45
34,30,45
34,30,45
34,30,45
34,30,45
34,30,45
34,30,45
34,30,44
34,31,45
34,30,45
35,30,45
34,30,45
35,30,45
34,30,44
34,31,44
35,30,45
34,30,45
34,30,45
34,30,45
34,30,44
34,30,45
34,30,45
34,30,44
34,30,45
34,30,45
34,30,44
34,30,44
34,30,45
34,30,45
34,30,45
34,30,45
34,30,45
34,30,45
34,30,45
34,30,45
34,30,45
34,30,45
34,30,45
34,30,45
34,30,45
34,30,45
34,30,45
34,31,44
35,30,45
34,30,45
34,30,44
34,30,45
34,30,45
34,30,44
34,30,45
34,30,45
34,30,45
34,30,45
34,30,45
34,30,45
34,30,45
34,30,45
34,30,45
34,30,44
34,30,45
34,30,45
34,30,45
34,30,45
34,30,45
34,30,45
34,30,45
35,30,45
34,30,44
34,30,44
34,30,45
34,30,45
34,30,45
34,30,45
34,30,45
34,30,44
34,30,45
34,30,45
34,30,45
34,30,45
34,30,45
34,30,45
34,30,44
34,30,45
34,30,45
34,30,45
34,30,45
34,30,45
34,31,45
34,30,44
34,30,44
34,30,45
35,30,45
34,30,44
34,31,44
35,30,45
34,30,44
34,30,45
34,30,45
34,30,45
34,30,44
34,30,45
34,30,45
34,30,45
34,30,45
34,30,45
34,30,45
34,30,45
34,30,45
34,30,45
34,30,44
34,30,44
34,30,45
34,30,45
34,30,44
34,30,44
34,30,45
34,30,45
34,31,44
34,31,44
35,30,45
34,30,45
34,30,45
34,30,45
34,30,45
34,30,45
34,30,45
34,30,45
34,30,45
34,30,45
34,30,45
34,31,45
34,30,45
34,30,45
34,30,45
34,30,44
34,30,45
34,30,45
34,30,45
34,30,45
34,30,45
35,30,45
34,30,45
34,30,45
34,30,45
34,31,44
34,30,45
34,30,45
34,30,45
34,30,45
34,30,45
34,30,45
34,30,44
34,30,45
34,30,45
34,30,45
34,30,45
34,30,45
34,30,45
34,30,45
34,30,45
34,30,45
34,30,44
34,30,45
34,30,45
34,30,45
34,30,45
34,30,45
35,30,45
35,30,45
34,30,44
34,30,44
34,30,45
34,30,45
34,30,45
34,30,45
34,30,45
34,30,45
34,30,45
34,30,45
34,30,45
34,30,45
34,30,45
34,31,45
34,30,45
34,30,45
34,30,45
34,30,45
34,30,44
34,30,45
34,30,45
34,30,45
34,30,45
34,30,44
34,30,45
34,30,45
35,30,45
34,30,44
34,30,45
35,30,45
34,30,44
34,30,45
34,30,45
34,31,45
34,30,45
34,30,45
34,30,45
34,31,45
34,30,45
34,30,45
34,30,45
34,30,45
35,30,45
34,31,45
34,30,44
35,30,45
34,30,45
34,30,45
34,30,45
34,30,44
35,31,45
34,31,45
34,31,44
34,31,44
35,30,45
35,30,45
34,30,45
35,31,45
33,30,44
34,31,44
35,31,44
34,30,45
34,30,45
35,29,45
35,30,44
34,31,44
35,31,44
35,30,44
35,30,45
34,30,45
35,30,45
35,30,44
34,30,44
35,30,44
35,30,44
35,30,44
35,30,44
35,30,44
35,30,44
35,30,44
35,30,45
35,30,44
34,30,44
35,30,44
35,30,44
34,30,44
35,30,45
35,30,45
35,31,44
35,31,44
35,30,44
35,30,44
35,30,45
35,30,45
35,30,44
35,30,45
35,30,44
35,30,44
35,30,44
35,30,44
35,30,44
35,30,44
35,30,45
35,30,44
35,30,44
35,30,44
35,31,44
35,30,44
35,30,44
34,31,44
35,30,44
35,30,44
35,30,44
35,30,44
35,30,44
35,30,44
35,30,44
35,30,44
35,30,44
35,30,45
35,30,45
35,30,44
35,30,44
35,30,44
35,30,44
34,30,44
35,30,44
35,30,44
35,30,44
35,30,44
35,30,44
35,30,45
35,30,44
34,30,44
34,31,44
34,31,44
34,30,45
34,29,45
36,29,44
36,29,44
35,30,44
35,30,44
36,30,44
36,30,44
35,31,44
35,30,44
35,30,44
35,30,44
35,30,44
35,30,44
35,30,43
35,30,44
35,30,44
35,30,44
35,30,44
35,30,44
35,30,44
35,30,44
35,30,44
35,30,44
35,30,44
35,30,44
35,30,44
35,30,44
35,30,44
36,30,44
36,30,44
35,31,43
36,30,43
36,30,44
35,30,44
35,30,44
35,30,44
35,30,44
35,30,44
35,30,44
35,30,44
35,30,44
35,30,44
35,30,44
35,30,44
35,30,44
35,30,44
35,30,44
35,30,44
35,30,44
35,30,44
35,30,44
35,30,44
35,30,44
35,30,44
35,30,44
35,31,43
35,30,43
35,30,44
35,30,44
35,30,44
35,30,44
35,31,44
35,30,44
35,30,44
35,30,44
35,30,44
35,30,44
35,30,44
35,30,44
35,30,44
35,30,44
35,30,44
35,30,44
35,30,44
35,30,44
35,30,44
35,30,44
35,30,44
35,30,44
35,30,44
35,30,44
35,30,44
35,30,44
35,30,44
35,30,44
35,30,44
35,30,45
35,30,44
35,30,44
35,30,44
35,30,44
35,30,44
35,30,44
35,30,44
35,30,44
35,30,44
35,30,44
35,30,44
35,30,44
35,30,44
35,30,44
35,30,44
35,30,44
35,30,44
35,30,44
35,30,44
35,30,44
35,30,44
35,30,44
35,30,44
35,30,44
35,30,44
35,30,44
35,30,44
35,31,44
35,30,44
35,30,44
35,31,44
35,30,44
35,30,44
35,30,44
35,30,44
35,30,44
35,30,44
35,30,44
35,30,44
35,30,44
35,30,44
35,30,44
35,30,44
35,30,44
35,30,44
35,30,44
35,30,44
35,30,44
35,30,44
35,30,44
35,30,44
35,30,44
35,30,44
35,30,44
35,30,44
35,30,44
35,30,44
35,31,44
35,30,44
35,30,44
35,30,44
35,30,44
35,30,44
35,30,44
35,30,44
35,30,44
35,30,44
35,30,44
35,30,44
35,30,44
35,30,44
35,30,44
35,30,44
35,30,44
35,30,44
35,30,44
35,30,44
35,30,44
35,30,44
35,30,44
35,30,44
35,30,44
35,30,44
35,30,44
35,30,45
35,30,44
34,30,44
35,30,44
35,30,44
35,30,44
35,30,44
35,30,44
35,30,44
35,30,44
35,30,44
35,30,44
35,30,44
35,30,44
35,30,44
35,30,44
35,30,44
35,30,44
35,30,44
35,30,44
35,30,44
35,30,44
35,30,44
35,30,44
35,30,44
35,30,44
35,30,44
35,30,44
35,30,44
35,30,45
35,31,44
34,31,43
35,30,44
35,30,44
35,30,44
35,30,44
35,30,44
35,30,44
35,30,44
35,30,44
35,30,44
35,30,44
35,30,44
35,30,44
35,30,44
35,30,44
35,30,44
35,30,44
35,30,44
35,30,44
35,30,44
35,30,44
35,30,44
35,30,44
35,30,44
35,30,44
35,30,44
35,30,44
35,30,44
35,30,44
35,30,44
35,30,44
35,30,44
35,31,44
35,30,44
35,30,44
35,30,44
35,30,44
35,30,44
35,30,44
35,30,44
35,30,44
35,30,44
35,30,44
35,30,44
35,30,44
35,30,44
35,30,44
35,30,44
35,30,44
35,30,44
35,30,44
35,30,44
35,30,45
35,30,44
35,31,43
35,30,44
35,30,44
35,30,44
35,30,44
35,30,44
35,30,44
35,30,44
35,30,44
35,30,44
35,30,44
35,30,44
35,30,44
35,30,44
35,30,44
35,30,44
35,30,44
35,30,44
35,30,44
35,30,44
35,30,44
35,30,44
35,30,44
35,30,44
35,30,44
35,30,44
35,30,45
35,30,44
35,30,44
35,30,44
35,30,44
35,30,44
35,30,44
35,30,44
35,30,44
35,30,44
35,30,44
35,30,44
35,30,44
35,30,44
35,30,44
35,30,44
35,30,44
35,30,44
35,30,44
35,30,44
35,30,44
35,30,44
35,30,44
35,30,44
35,31,44
35,31,44
35,30,44
35,30,44
35,30,44
35,30,44
35,30,44
35,30,44
35,30,44
35,30,44
35,30,44
35,30,44
35,30,44
35,30,44
35,30,44
35,30,44
35,30,44
35,30,44
35,30,44
35,30,44
35,30,44
35,30,44
35,30,44
35,30,44
35,30,44
35,31,44
35,31,44
35,31,44
35,30,44
35,30,44
35,30,44
35,30,45
35,30,44
35,30,44
35,30,44
35,30,44
35,30,44
35,30,44
35,30,44
35,30,44
35,30,44
35,30,44
35,30,44
35,30,44
35,30,44
35,30,44
35,30,44
35,30,44
35,30,44
35,30,44
35,30,44
35,30,44
35,30,44
35,30,44
35,30,44
35,30,44
35,30,45
35,30,44
35,30,44
35,30,44
35,30,44
35,30,44
35,30,44
35,30,44
35,30,44
35,30,44
35,30,44
35,30,44
35,30,44
35,30,44
35,30,44
35,30,44
35,30,44
35,30,44
35,30,44
35,30,44
35,30,44
35,30,44
35,30,44
35,30,44
35,30,44
35,30,44
35,30,44
35,30,44
35,30,44
35,30,44
35,30,44
35,30,44
35,30,44
35,30,44
35,30,44
35,30,44
35,30,44
35,30,44
35,30,44
35,30,44
35,30,44
35,30,44
35,30,44
35,30,44
35,30,44
35,30,44
35,30,44
35,30,44
35,30,44
35,30,44
35,30,44
35,30,44
35,30,45
35,30,44
34,30,44
35,30,44
35,30,44
35,30,44
35,30,44
35,30,44
35,30,44
35,30,44
35,30,44
35,30,44
35,30,44
35,30,44
35,30,44
35,30,44
35,30,44
35,30,44
35,30,44
35,30,44
35,30,45
35,30,44
35,30,44
35,30,44
35,30,44
35,30,44
35,30,44
35,30,45
35,30,44
35,30,44
35,30,44
35,30,44
35,30,44
35,30,44
35,30,44
35,30,44
35,30,44
35,30,44
35,30,44
35,30,44
35,30,44
35,30,44
35,30,44
35,30,44
35,30,44
35,30,44
35,30,44
35,30,44
35,30,44
35,30,44
35,30,44
35,30,44
35,30,44
35,30,44
35,30,45
35,30,44
35,30,44
35,30,44
35,30,44
35,30,44
35,30,44
35,30,44
35,30,44
35,30,44
35,30,44
35,30,44
35,30,44
35,30,44
35,30,44
35,30,44
35,30,44
35,30,44
35,30,44
35,30,44
35,30,44
35,30,44
35,30,44
35,30,44
35,30,44
35,30,44
35,30,44
35,30,44
35,30,44
35,30,44
35,30,44
35,30,44
35,30,44
35,30,44
35,30,44
35,30,44
35,30,44
35,30,44
35,30,44
35,30,44
35,30,44
35,30,44
35,30,44
35,30,44
35,30,44
35,30,44
35,30,44
35,30,44
35,30,44
35,30,44
35,30,44
35,30,44
35,30,44
35,30,44
35,30,44
35,30,45
35,30,45
34,30,44
34,30,44
35,30,44
35,30,44
36,31,45
34,31,44
34,30,44
35,30,44
35,30,44
35,30,44
35,30,44
35,30,45
35,30,44
35,30,44
35,30,44
35,30,44
35,30,44
35,30,44
35,30,44
35,30,44
35,30,44
35,30,44
35,30,45
35,30,44
35,31,44
35,30,44
35,30,44
34,30,44
35,30,44
35,30,44
35,30,44
35,30,44
35,30,44
35,30,44
35,30,44
35,30,44
35,30,44
35,30,44
35,30,44
35,30,44
35,31,44
35,30,44
35,30,44
35,30,44
35,30,44
35,30,44
35,30,44
35,30,44
35,30,44
35,30,44
35,30,44
35,30,44
35,30,44
35,30,44
35,31,44
34,30,44
35,30,44
35,30,44
35,30,44
35,30,44
35,30,44
35,30,44
35,30,44
35,30,44
35,30,44
35,30,44
35,30,44
35,30,44
35,30,44
35,30,44
35,30,44
35,30,44
35,30,44
35,30,44
35,30,44
35,30,44
35,30,44
35,30,44
35,30,44
35,30,44
35,30,44
35,31,44
35,30,43
35,30,44
35,30,44
35,30,44
35,30,44
35,30,44
35,30,44
35,30,44
35,30,44
35,30,44
35,30,44
35,30,44
35,30,44
35,30,44
35,30,44
35,30,44
35,30,44
35,30,44
35,30,44
35,30,44
35,30,44
35,30,44
35,30,44
35,30,44
35,30,44
35,30,44
35,30,44
35,30,44
35,30,44
35,30,44
35,30,44
35,30,44
35,30,44
35,30,44
35,30,44
35,30,44
35,30,44
35,30,44
35,30,44
35,30,44
35,30,44
35,30,44
35,30,44
35,30,44
35,30,44
35,30,44
35,30,44
35,30,44
35,30,44
35,30,44
35,30,44
35,30,44
35,30,44
35,30,45
35,30,44
34,30,43
35,30,44
35,30,44
35,30,44
35,30,44
35,30,44
35,30,44
35,30,44
35,30,44
35,30,44
35,30,44
35,30,44
35,30,44
35,30,44
35,30,44
35,30,44
35,30,44
35,30,44
35,30,44
35,30,44
35,30,44
35,30,44
35,30,44
35,30,44
35,30,44
35,30,44
35,30,45
35,30,44
35,30,44
35,30,44
35,30,44
35,30,44
35,30,44
35,30,44
35,30,44
35,30,44
35,30,44
35,30,44
35,30,44
35,30,44
35,30,44
35,30,44
35,30,44
35,30,44
35,30,44
35,30,44
35,30,44
35,30,44
34,30,44
35,30,44
35,30,44
35,30,44
35,30,44
35,30,44
35,30,44
35,30,44
35,30,44
35,30,44
35,30,44
35,30,44
35,30,44
35,30,44
35,30,44
35,30,44
35,30,45
35,30,44
35,30,44
35,30,44
35,30,44
35,30,44
35,30,44
35,30,44
35,30,44
35,30,44
35,30,44
35,30,44
35,30,44
35,30,44
35,30,44
35,31,44
36,30,45
35,30,44
34,31,44
35,30,44
35,30,44
35,30,44
35,30,44
35,30,44
35,30,44
35,30,44
35,30,44
35,30,44
35,30,44
35,30,44
35,30,44
35,30,44
35,30,44
35,30,44
35,30,44
35,30,44
35,30,44
35,30,44
35,30,44
35,30,44
35,30,44
35,30,44
35,30,44
35,30,44
35,30,44
35,30,44
35,30,44
35,30,44
35,30,44
35,30,44
35,30,44
35,30,44
35,30,44
35,30,44
35,30,44
35,30,44
35,30,44
35,30,44
35,30,44
35,30,44
35,30,44
35,30,44
35,30,44
35,30,44
35,30,44
35,30,44
35,30,44
35,31,44
35,30,44
35,30,44
35,30,44
36,30,44
34,31,43
35,31,44
35,30,44
35,30,44
35,30,44
35,30,44
35,30,44
35,30,44
35,30,44
35,30,44
35,30,44
35,30,44
35,30,44
35,30,44
35,30,44
35,30,44
35,30,44
35,30,44
35,30,44
35,30,44
35,30,44
35,30,44
35,30,44
35,30,44
35,30,44
35,30,44
36,30,44
35,30,44
34,30,44
35,30,44
35,30,44
35,30,44
35,30,44
35,30,44
35,30,44
35,30,44
35,30,44
35,30,44
35,30,44
35,30,44
35,30,44
35,30,44
35,30,44
35,30,44
35,30,44
35,30,44
35,30,44
35,30,44
35,30,44
35,30,44
35,30,44
35,30,44
35,30,44
35,30,44
35,30,44
35,31,44
35,30,44
35,30,44
35,30,44
35,30,44
35,30,44
35,30,44
35,30,44
35,30,44
35,30,44
35,30,44
35,30,44
35,30,44
35,30,44
35,30,44
35,30,44
35,30,44
35,30,44
35,30,44
35,30,44
35,30,44
35,30,44
35,30,44
35,30,44
35,30,45
35,30,44
35,30,44
35,30,44
35,30,44
35,30,44
35,30,44
35,30,44
35,30,44
35,30,44
35,30,44
35,30,44
35,30,44
35,30,44
35,30,44
35,30,44
35,30,44
35,30,44
35,30,44
35,30,44
35,30,44
35,30,44
35,30,44
35,30,44
35,30,44
35,30,44
35,30,44
35,30,44
35,30,44
35,30,44
35,30,44
35,30,44
35,30,44
35,30,44
35,30,44
35,30,44
35,30,44
35,30,44
34,30,44
35,30,44
35,30,45
34,31,44
34,30,44
35,31,45
35,30,45
35,30,45
34,30,44
35,30,44
35,30,44
35,30,44
35,30,45
35,30,46
35,30,46
39,31,51
58,34,53
29,42,51
15,35,50
22,21,49
26,20,52
22,25,47
25,29,48
28,29,53
34,32,58
28,31,60
26,36,62
26,37,67
23,39,69
12,31,63
7,32,58
2,34,55
-4,39,51
-7,39,53
-26,40,48
-25,39,41
-25,32,37
-28,29,38
-32,28,34
-35,28,31
-38,30,24
-41,32,23
-46,33,24
-46,34,23
-48,37,21
-49,35,20
-48,42,20
-57,28,17
-52,30,16
-53,30,14
-56,27,12
-56,30,13
-54,31,13
-53,31,12
-57,30,10
-53,29,9
-55,30,8
-49,30,11
-50,29,12
-61,26,14
-63,28,12
-64,32,13
-58,29,13
-60,29,2
-54,26,9
-50,29,27
-54,33,26
-52,30,21
-51,25,21
-63,34,18
-52,26,23
-54,25,20
-55,28,17
-53,24,-20
-54,32,18
-56,32,17
-60,24,10
-55,22,11
-49,28,14
-54,28,14
-53,22,18
-48,26,21
-51,22,15
-48,20,16
-55,21,19
-59,24,19
-66,32,15
-66,35,15
-62,34,19
-59,30,19
-59,20,15
-58,17,15
-61,19,15
-58,22,15
-53,30,17
-51,32,19
-52,31,17
-55,25,15
-55,25,15
-58,25,12
-63,25,10
-48,27,23
-38,26,30
-33,22,39
-35,21,40
-51,18,36
-52,18,36
-47,15,43
-46,12,45
-49,13,44
-48,15,50
-43,16,50
-40,15,48
-40,13,47
-41,11,47
-42,11,46
-41,11,45
-44,9,46
-48,8,48
-49,8,47
-48,8,48
-47,8,48
-45,7,49
-44,7,49
-43,7,49
-42,7,49
-41,7,49
-40,7,50
-40,6,51
-40,6,51
-40,7,51
-39,6,51
-40,6,50
-39,7,51
-37,7,51
-37,6,51
-35,6,53
-31,6,54
-29,5,57
-28,4,57
-27,5,59
-26,4,61
-24,3,61
-27,5,61
-28,5,61
-29,2,60
-27,3,58
-22,4,60
-24,5,61
-33,4,62
-41,3,59
-32,0,61
-22,-2,62
-13,2,66
-15,5,65
-19,8,59
-22,10,54
-38,16,46
-48,20,44
-43,18,51
-40,16,51
-24,12,57
-22,11,58
-12,11,55
-3,11,56
-15,6,53
-41,4,53
-36,9,54
-23,27,73
-27,30,75
-29,29,67
-23,27,62
-16,24,54
-15,22,54
-18,25,59
-10,26,59
8,24,55
13,24,57
5,25,66
2,22,65
9,17,63
8,14,62
16,5,63
27,-6,67
23,-14,56
11,-14,44
4,5,38
5,4,39
9,38,43
7,36,45
18,31,52
10,20,64
2,39,66
5,55,69
5,50,74
8,22,73
14,11,72
14,19,64
9,20,57
10,1,65
6,9,61
-4,32,57
-4,36,55
1,35,59
-6,25,61
-14,22,58
-18,24,55
-22,27,48
-14,30,46
-15,40,47
-17,45,54
14,44,85
28,32,78
-23,22,63
-25,13,63
-24,11,66
-13,7,66
-12,7,59
-13,5,55
-19,3,54
-17,-1,51
-14,-2,54
0,-9,61
3,-9,61
9,-9,57
8,-9,55
12,-12,53
16,-16,51
26,-26,47
27,-32,52
16,-33,57
11,-28,51
16,-26,51
20,-24,53
38,-24,59
35,-34,73
12,-22,48
29,-27,44
29,-37,50
32,-45,41
46,-44,36
36,-40,38
40,-36,35
50,-42,29
40,-48,25
35,-46,24
33,-46,23
53,-47,14
54,-47,15
33,-51,17
36,-51,15
44,-45,11
40,-45,12
48,-47,7
43,-49,7
30,-53,15
34,-62,18
34,-81,10
27,-85,-4
29,-82,-4
27,-74,10
19,-73,12
8,-71,4
7,-69,-2
16,-62,-7
20,-56,-6
20,-49,0
18,-44,2
13,-40,1
11,-40,-2
13,-40,-8
14,-38,-10
20,-42,-11
23,-43,-12
33,-46,-8
36,-56,-4
32,-63,-1
30,-67,-2
28,-67,1
29,-70,4
26,-72,8
18,-81,6
13,-81,2
13,-64,11
13,-56,19
9,-51,24
9,-52,22
3,-52,7
6,-51,9
4,-46,15
11,-43,15
12,-41,13
16,-43,14
21,-51,16
23,-58,17
27,-60,22
23,-62,18
20,-52,20
21,-48,23
16,-52,21
14,-54,17
18,-62,14
21,-69,13
29,-85,11
35,-81,12
35,-67,15
30,-73,13
27,-73,9
22,-73,2
20,-68,4
18,-67,6
18,-70,5
15,-70,5
14,-70,5
12,-66,5
11,-63,4
11,-54,7
11,-49,8
9,-43,9
8,-43,8
8,-47,5
11,-51,4
22,-62,6
25,-68,6
27,-84,7
30,-101,6
35,-103,-2
40,-82,5
31,-58,17
12,-60,0
11,-56,-6
19,-51,-8
21,-47,-6
27,-41,-1
26,-40,1
28,-48,5
27,-55,6
23,-63,10
23,-63,11
24,-60,21
4,-65,37
13,-57,41
29,-62,33
34,-87,8
33,-79,-1
27,-57,1
22,-64,5
20,-74,-2
19,-74,-9
19,-72,-14
22,-70,-11
21,-62,-5
26,-56,-2
24,-52,-4
35,-50,-4
32,-49,-8
29,-50,2
19,-46,5
32,-39,21
28,-37,28
34,-46,22
31,-43,21
30,-38,29
28,-38,27
26,-39,29
29,-44,32
29,-50,30
27,-48,28
24,-44,29
23,-45,27
28,-48,27
28,-47,30
36,-43,33
35,-45,36
30,-55,32
30,-56,30
38,-50,31
36,-42,31
37,-47,37
31,-47,40
26,-43,35
15,-45,30
18,-51,34
25,-64,43
17,-55,32
32,-43,38
23,-44,39
20,-49,37
20,-47,36
23,-46,35
23,-47,35
23,-48,37
22,-47,36
21,-47,36
22,-44,36
25,-42,41
24,-42,42
26,-41,44
30,-43,40
25,-35,43
21,-32,44
32,-37,50
23,-33,54
19,-33,44
27,-42,47
25,-39,48
23,-41,44
25,-43,42
28,-41,41
22,-38,36
21,-28,39
16,-24,41
10,-15,37
20,-19,42
7,-14,33
21,-9,47
26,-13,64
28,-11,64
34,-16,50
40,-18,54
40,-25,47
39,-30,38
50,-43,40
50,-51,37
49,-52,32
55,-56,29
57,-58,27
59,-52,24
51,-52,24
21,-55,22
37,-52,25
68,-47,25
36,-52,9
48,-57,22
3,-56,5
16,-59,-6
17,-60,-9
20,-63,1
24,-63,1
30,-64,-7
35,-60,-8
35,-58,-7
40,-53,-12
13,-62,-3
-10,-63,-4
10,-56,-1
20,-62,6
11,-64,-6
11,-65,1
4,-65,-3
5,-53,-10
6,-46,-13
6,-47,-17
4,-48,-16
-11,-80,11
-38,-83,9
35,-60,-28
50,-57,-9
40,-75,-7
28,-80,-19
25,-85,-13
24,-77,-8
23,-54,14
26,-50,7
28,-53,7
24,-50,8
21,-65,-6
23,-52,-1
35,-49,-8
47,-49,-7
53,-47,-1
63,-43,-2
72,-41,-5
72,-41,1
63,-40,2
55,-34,5
60,-32,4
66,-26,4
61,-22,4
50,-18,3
41,-14,1
31,-12,-2
30,-15,-2
37,-22,-9
51,-28,-5
52,-30,10
47,-29,18
47,-22,29
61,-25,38
37,-18,43
24,-20,44
12,-23,77
-8,-19,81
17,-18,60
31,-16,53
34,-13,50
32,-10,51
34,-8,55
40,-7,56
38,-9,54
39,-11,57
35,-12,57
29,-12,50
26,-12,49
24,-14,51
21,-13,50
27,-18,58
28,-19,60
24,-18,52
25,-19,53
25,-20,56
25,-19,58
23,-18,56
23,-18,55
21,-17,52
31,-16,51
37,-15,51
43,-14,49
44,-14,49
39,-14,53
35,-14,54
29,-14,52
29,-15,52
30,-14,54
30,-14,54
32,-14,53
32,-15,53
32,-17,52
31,-17,51
33,-17,52
34,-17,52
34,-14,51
34,-13,51
34,-12,52
34,-12,52
34,-13,52
34,-14,52
34,-15,51
33,-16,51
33,-16,52
32,-15,52
33,-15,52
33,-14,52
34,-14,52
34,-14,51
34,-14,51
34,-15,51
34,-16,51
35,-15,51
34,-14,51
35,-14,50
35,-13,49
36,-13,49
37,-12,50
38,-12,51
37,-13,51
36,-15,50
35,-15,50
36,-15,50
36,-15,50
35,-15,50
35,-15,50
35,-14,50
36,-14,50
37,-14,49
37,-14,50
37,-14,50
37,-15,50
37,-15,50
35,-17,49
34,-18,49
35,-17,50
36,-15,50
36,-15,50
35,-17,50
33,-19,50
32,-18,50
33,-16,51
34,-16,51
35,-16,50
35,-16,50
35,-17,50
35,-18,50
35,-17,49
35,-17,49
36,-17,49
36,-16,50
35,-16,50
35,-17,49
35,-17,50
36,-16,50
36,-16,50
35,-16,50
35,-16,50
35,-16,50
35,-16,50
36,-15,50
37,-15,50
36,-15,50
35,-15,50
34,-18,49
34,-18,49
36,-18,49
36,-17,49
37,-14,51
37,-13,52
36,-14,50
36,-15,50
37,-16,49
37,-17,49
36,-17,48
36,-16,49
36,-16,49
35,-17,50
35,-17,50
36,-18,50
36,-17,49
37,-17,49
36,-16,49
36,-16,50
36,-17,51
33,-18,55
31,-19,53
30,-21,56
35,-22,59
48,-26,67
49,-22,67
58,-7,72
69,0,73
42,2,69
28,3,65
13,18,43
17,26,40
13,32,38
11,36,36
4,40,26
9,31,31
18,23,39
4,8,39
6,1,46
8,-8,59
8,-8,62
2,-8,67
0,-9,67
1,-3,65
1,-3,65
-1,0,76
-3,1,76
2,0,74
-3,10,68
4,9,60
4,8,64
0,2,70
6,15,65
7,7,65
7,5,63
3,5,61
0,4,64
3,5,65
5,5,63
8,8,64
7,5,63
6,9,63
3,7,64
3,1,63
3,1,62
2,3,60
5,4,64
8,7,64
6,8,64
6,5,63
6,5,64
8,5,63
10,6,64
10,5,63
12,5,64
5,-1,18
11,7,63
11,6,64
10,5,65
13,6,63
13,7,64
9,5,64
12,1,65
13,5,63
12,4,63
8,4,63
6,-6,60
5,-1,61
10,3,64
10,2,64
10,3,63
9,3,63
9,3,63
9,3,63
8,3,64
9,3,63
10,4,63
9,3,63
8,4,62
12,1,63
15,-1,63
16,0,59
8,6,62
5,7,64
7,6,62
9,6,62
7,7,62
7,8,61
10,7,61
13,6,62
15,6,60
15,5,58
19,3,58
20,3,59
25,2,66
34,-1,76
18,3,55
23,8,53
16,17,55
15,19,59
15,18,62
12,16,57
14,14,54
15,11,52
15,6,55
13,6,55
16,5,55
21,-2,64
25,-3,62
36,-7,59
40,-11,63
23,-7,60
27,-6,55
21,-9,57
26,-14,62
35,-16,65
27,-16,69
22,-12,61
23,-11,55
26,-15,54
28,-18,58
28,-19,59
27,-18,57
26,-20,58
24,-21,59
23,-22,53
24,-23,52
27,-22,52
29,-18,53
30,-17,55
27,-17,57
26,-16,57
25,-15,57
25,-15,57
25,-13,57
24,-13,57
26,-13,60
28,-14,62
29,-11,57
29,-11,56
24,-9,49
28,-11,51
28,-13,57
25,-13,55
26,-14,55
27,-14,55
25,-14,55
24,-14,54
25,-15,54
24,-15,53
28,-13,57
31,-14,61
31,-13,58
29,-14,55
27,-15,55
24,-15,56
23,-15,57
24,-13,57
24,-13,57
25,-13,56
26,-13,56
27,-14,56
27,-14,56
28,-13,56
27,-13,56
25,-13,56
26,-14,56
25,-14,56
24,-15,56
25,-16,57
24,-15,56
25,-15,56
25,-15,56
25,-15,56
25,-14,57
25,-14,56
25,-14,57
25,-14,57
25,-14,56
25,-14,56
27,-13,56
27,-13,56
27,-13,56
27,-13,56
27,-12,56
26,-12,57
26,-12,57
26,-12,56
27,-11,56
27,-10,57
24,-9,57
26,-10,57
27,-10,57
27,-11,57
26,-13,56
26,-14,57
25,-14,55
24,-15,56
25,-15,57
25,-15,57
25,-14,56
25,-13,57
26,-12,57
26,-12,57
26,-12,56
25,-12,56
25,-13,56
25,-12,56
22,-11,54
27,-13,59
33,-10,59
33,-9,54
32,-10,54
31,-12,57
31,-11,56
28,-12,54
29,-13,55
27,-13,55
27,-13,54
29,-13,56
29,-12,56
27,-12,55
27,-12,55
27,-12,55
28,-12,55
28,-12,55
30,-12,54
30,-12,54
30,-12,55
29,-13,55
28,-13,54
28,-14,55
29,-14,56
30,-13,55
31,-13,54
31,-13,54
30,-14,54
30,-14,54
29,-13,54
28,-14,54
31,-13,55
32,-11,55
30,-10,54
29,-12,55
29,-14,54
30,-14,54
30,-14,54
30,-14,54
30,-14,54
29,-14,54
29,-14,54
28,-15,55
28,-15,54
27,-15,55
28,-14,55
29,-14,54
29,-14,54
28,-14,55
27,-14,55
27,-15,55
27,-15,55
28,-14,55
28,-14,55
27,-14,55
25,-14,56
29,-13,55
34,-13,54
32,-12,54
31,-13,54
29,-14,55
29,-14,55
28,-15,55
27,-14,55
29,-15,54
30,-14,54
30,-14,54
28,-13,55
30,-13,55
29,-14,54
29,-13,54
30,-12,54
30,-11,54
29,-12,54
30,-13,55
30,-13,54
30,-13,54
27,-14,53
30,-14,55
32,-12,54
31,-12,53
32,-12,53
32,-13,53
32,-13,54
30,-14,54
30,-14,54
30,-13,54
30,-12,54
31,-11,54
31,-11,54
31,-13,54
32,-13,54
31,-13,53
32,-13,53
32,-13,53
32,-13,53
32,-13,53
33,-12,53
32,-12,53
32,-12,53
30,-14,54
29,-14,54
29,-14,54
29,-14,54
31,-14,54
31,-14,54
31,-13,54
32,-12,54
31,-12,54
29,-13,55
28,-14,55
27,-15,55
28,-15,54
30,-16,54
30,-16,54
28,-17,55
27,-16,55
26,-17,55
25,-17,55
26,-18,55
26,-18,54
26,-18,54
26,-18,54
26,-17,55
26,-17,55
26,-16,55
26,-16,55
26,-15,56
26,-15,55
26,-16,55
27,-16,55
27,-17,54
28,-18,54
28,-17,54
27,-17,55
27,-17,55
27,-17,55
27,-16,54
28,-15,55
28,-16,54
28,-17,53
29,-17,54
30,-15,55
29,-14,55
27,-14,55
28,-14,55
29,-15,54
29,-16,53
30,-17,53
30,-17,53
30,-17,53
29,-16,54
28,-16,54
28,-16,55
27,-16,55
29,-16,54
29,-16,53
30,-14,54
31,-13,54
30,-14,54
29,-15,54
29,-16,54
29,-16,54
30,-15,54
30,-14,54
30,-15,54
30,-15,54
29,-16,54
29,-16,54
30,-15,54
31,-14,54
31,-14,54
30,-15,54
29,-15,54
29,-15,54
30,-14,54
30,-14,54
29,-15,54
30,-16,54
30,-16,54
29,-16,54
29,-16,54
29,-16,54
29,-16,54
29,-16,54
30,-15,54
30,-15,54
30,-15,54
30,-14,54
30,-14,54
29,-15,54
29,-15,54
30,-15,54
30,-15,54
29,-15,54
29,-15,54
30,-15,54
30,-14,54
29,-15,53
29,-16,53
31,-15,53
31,-14,53
32,-13,54
30,-13,54
29,-13,54
29,-13,54
30,-13,53
32,-13,53
31,-14,53
32,-16,53
32,-15,53
32,-13,53
32,-12,54
31,-12,54
31,-13,54
32,-13,53
33,-13,53
33,-13,53
33,-13,53
31,-14,53
30,-14,53
30,-14,54
30,-14,54
31,-14,54
29,-14,52
32,-14,54
30,-15,54
28,-16,54
26,-14,55
27,-14,56
27,-14,54
29,-14,55
31,-15,54
31,-15,54
29,-15,54
28,-15,54
29,-15,54
29,-15,54
29,-15,54
30,-15,54
29,-15,54
28,-14,54
29,-14,55
30,-14,55
29,-14,54
29,-14,54
30,-15,54
29,-15,54
29,-15,54
30,-15,54
29,-14,54
28,-14,54
29,-14,55
29,-14,54
30,-14,54
29,-14,54
29,-14,54
29,-14,54
29,-14,54
30,-14,54
29,-15,54
30,-15,54
31,-15,54
29,-14,55
28,-14,55
24,-14,56
24,-14,56
25,-14,56
25,-14,56
27,-15,56
27,-15,57
26,-15,56
21,-15,57
20,-15,57
19,-16,58
19,-16,57
22,-15,57
23,-14,58
23,-14,58
22,-14,58
22,-15,57
23,-15,57
24,-15,57
23,-15,57
22,-16,57
22,-16,57
23,-16,57
24,-17,56
28,-17,55
29,-18,55
26,-17,55
24,-18,55
23,-18,56
23,-18,56
24,-18,55
25,-17,56
24,-17,56
24,-17,55
25,-17,55
24,-17,56
24,-18,56
28,-17,57
25,-17,56
23,-17,56
22,-17,56
23,-17,56
24,-17,56
25,-16,56
26,-16,56
25,-16,56
25,-16,56
25,-16,56
25,-16,56
25,-16,56
25,-16,56
25,-16,56
25,-16,56
25,-16,56
25,-16,56
25,-16,56
25,-16,56
25,-16,56
26,-16,56
26,-16,56
26,-16,56
26,-16,56
26,-16,56
25,-15,56
25,-15,56
25,-16,56
25,-16,56
25,-16,56
25,-16,56
25,-16,56
25,-16,56
25,-16,56
25,-16,55
25,-16,56
26,-16,56
26,-15,56
26,-16,56
26,-16,56
26,-16,56
26,-16,55
26,-17,55
26,-17,55
26,-17,55
25,-16,56
25,-17,56
24,-16,56
24,-16,56
25,-16,56
25,-17,56
24,-16,56
24,-17,56
25,-17,55
26,-17,55
26,-17,55
26,-16,55
25,-15,56
25,-15,56
25,-15,56
25,-16,56
26,-17,55
27,-17,54
27,-17,55
27,-17,55
26,-16,55
27,-14,55
27,-13,56
27,-13,56
27,-14,55
28,-15,55
29,-15,55
29,-16,54
29,-16,54
29,-15,55
28,-15,55
27,-15,55
28,-14,55
28,-14,55
28,-14,55
27,-14,55
28,-14,55
28,-15,55
28,-15,55
30,-14,54
31,-14,54
31,-14,54
30,-13,54
29,-13,54
29,-14,54
30,-14,54
30,-14,54
29,-15,53
29,-16,54
29,-15,55
31,-13,53
33,-13,53
34,-12,53
33,-13,53
31,-13,53
30,-14,53
30,-14,54
31,-14,53
32,-14,53
32,-14,53
30,-15,53
30,-14,53
30,-14,54
30,-14,54
30,-14,54
30,-14,54
30,-14,54
30,-15,54
30,-15,54
30,-14,54
30,-14,53
30,-14,54
30,-14,54
30,-14,54
30,-14,54
30,-14,54
30,-14,54
30,-14,54
30,-14,54
30,-14,54
30,-14,54
30,-14,54
30,-14,54
30,-14,54
30,-14,53
30,-14,54
30,-14,54
30,-14,55
30,-15,54
29,-15,54
30,-15,54
30,-15,54
29,-15,54
30,-14,54
30,-14,54
30,-13,54
30,-14,54
30,-14,54
30,-15,54
30,-15,54
29,-16,54
29,-16,54
29,-16,54
30,-15,54
30,-14,54
30,-15,54
29,-15,54
28,-16,54
27,-16,55
29,-15,55
30,-15,54
29,-15,54
29,-15,54
29,-15,54
29,-15,54
29,-14,54
29,-15,54
30,-15,54
30,-15,54
29,-15,54
29,-15,54
29,-15,54
29,-15,54
29,-15,54
30,-15,54
29,-15,54
29,-15,54
29,-15,54
29,-15,54
29,-15,54
29,-15,54
29,-15,54
29,-15,54
29,-15,54
29,-15,54
29,-15,54
29,-15,54
29,-15,54
30,-14,54
30,-14,54
29,-14,54
29,-14,54
29,-15,54
29,-15,54
29,-15,54
29,-15,54
29,-15,54
29,-15,54
29,-15,54
29,-15,54
29,-15,54
29,-15,54
29,-15,54
29,-15,54
29,-15,54
29,-15,54
29,-15,54
29,-15,54
29,-15,54
29,-15,55
29,-15,54
29,-15,54
29,-15,54
29,-15,54
29,-15,54
29,-15,54
29,-15,54
29,-15,54
28,-15,54
29,-15,54
29,-15,54
29,-15,54
29,-15,54
29,-15,54
29,-15,54
29,-15,54
28,-15,54
29,-15,54
29,-15,55
28,-15,54
28,-15,54
28,-15,54
28,-15,54
28,-15,54
29,-15,55
29,-15,55
28,-15,54
28,-15,54
28,-16,54
29,-15,55
28,-15,54
28,-15,55
28,-16,54
28,-16,55
27,-15,55
27,-15,55
28,-16,55
27,-16,55
28,-16,55
27,-16,55
27,-16,54
27,-16,55
28,-16,55
27,-16,55
27,-16,55
27,-16,55
27,-16,55
27,-16,55
27,-16,55
27,-16,55
27,-16,55
28,-16,55
27,-16,55
27,-16,55
27,-16,55
27,-16,55
27,-16,55
27,-16,55
27,-16,55
27,-16,55
27,-16,55
27,-16,55
27,-16,55
27,-16,55
27,-16,55
27,-16,55
27,-16,55
27,-16,55
27,-16,55
27,-16,55
27,-17,55
27,-16,55
26,-17,55
26,-17,54
27,-17,55
27,-17,55
27,-17,55
27,-17,55
26,-17,55
26,-18,55
26,-16,55
26,-16,55
27,-15,55
28,-16,54
29,-17,54
28,-17,54
27,-17,55
26,-17,55
26,-17,54
27,-17,55
27,-17,55
27,-17,55
27,-17,55
27,-16,55
28,-16,55
27,-16,55
27,-16,55
27,-17,55
27,-17,54
28,-16,54
28,-16,55
28,-16,55
28,-15,55
28,-16,55
28,-16,54
28,-16,54
28,-16,55
28,-16,55
28,-15,55
28,-15,54
28,-16,54
28,-16,55
28,-16,55
28,-16,54
28,-16,54
28,-16,54
28,-16,54
28,-16,54
28,-16,54
28,-16,54
28,-16,55
28,-16,54
28,-16,54
28,-16,55
28,-16,54
28,-16,54
28,-16,54
28,-16,54
28,-16,54
28,-16,54
28,-16,54
28,-16,55
28,-16,54
28,-16,55
29,-15,55
28,-15,55
28,-16,55
28,-16,54
29,-16,54
28,-16,54
28,-16,54
28,-16,54
28,-15,54
28,-15,54
28,-15,55
28,-15,55
28,-15,54
28,-16,54
28,-16,54
28,-16,54
28,-16,55
28,-15,54
28,-15,55
28,-16,54
28,-16,54
29,-16,54
28,-15,54
28,-16,55
28,-15,54
28,-15,54
29,-15,54
28,-15,54
28,-15,54
29,-15,55
29,-15,54
29,-15,54
29,-15,54
29,-15,54
29,-15,55
29,-15,54
29,-15,54
29,-15,54
29,-15,54
29,-15,54
28,-15,54
29,-15,55
29,-15,55
28,-15,54
29,-15,54
29,-15,54
28,-15,54
28,-15,54
29,-15,54
29,-15,54
29,-15,54
28,-15,54
28,-15,55
29,-15,54
29,-15,54
28,-15,55
28,-15,55
29,-15,54
29,-15,55
29,-15,54
29,-15,54
29,-15,54
29,-15,54
29,-15,54
29,-15,54
29,-15,55
29,-15,54
29,-15,54
29,-15,54
29,-14,55
29,-15,54
29,-15,54
29,-15,54
29,-15,54
29,-15,54
29,-14,54
29,-14,54
29,-15,54
29,-14,55
29,-14,54
29,-15,54
28,-16,54
29,-16,54
29,-15,54
29,-15,54
30,-15,54
29,-14,54
28,-14,55
29,-14,55
29,-14,54
30,-15,54
29,-15,54
28,-16,54
28,-16,54
28,-15,54
28,-15,55
28,-15,55
27,-15,55
28,-15,55
28,-15,54
28,-15,54
29,-15,54
29,-15,54
29,-15,54
29,-14,54
29,-15,54
29,-15,54
28,-15,54
29,-15,55
28,-15,55
28,-16,55
28,-16,54
28,-15,54
28,-15,55
28,-16,55
28,-16,55
28,-15,54
29,-15,54
29,-15,54
29,-15,55
29,-15,54
29,-15,54
29,-15,54
29,-16,54
28,-16,54
29,-16,54
29,-15,54
29,-15,54
29,-15,54
29,-15,54
29,-15,54
29,-15,54
29,-15,54
29,-15,54
29,-15,54
29,-15,54
29,-15,54
29,-15,54
29,-15,54
29,-15,55
28,-15,54
29,-15,54
29,-15,54
29,-15,54
29,-15,54
29,-15,54
29,-15,54
29,-15,54
29,-15,55
29,-15,54
29,-15,54
29,-15,54
29,-15,54
29,-15,54
29,-15,54
29,-15,54
29,-15,54
28,-15,54
29,-15,54
29,-15,54
29,-15,54
29,-15,54
29,-15,54
29,-15,54
29,-15,54
29,-15,54
29,-15,54
28,-15,55
29,-15,54
29,-15,54
28,-15,54
29,-15,54
29,-15,54
29,-15,54
29,-15,54
28,-15,54
29,-15,54
29,-15,54
29,-15,54
29,-15,54
29,-15,54
29,-15,54
29,-15,54
29,-15,54
29,-15,54
29,-15,54
29,-15,54
29,-15,54
29,-15,54
29,-15,54
29,-15,54
29,-15,54
29,-15,54
29,-15,54
29,-15,54
28,-15,54
29,-15,54
29,-15,54
29,-15,54
28,-15,54
29,-15,54
29,-15,54
29,-15,54
28,-15,54
28,-15,54
29,-15,55
29,-15,54
29,-15,54
29,-15,54
28,-15,54
28,-15,54
29,-15,54
29,-15,55
29,-15,54
29,-15,54
29,-15,54
29,-15,54
29,-15,54
29,-15,55
29,-15,54
29,-15,54
29,-15,54
29,-15,54
29,-15,54
29,-15,55
29,-15,54
29,-15,54
29,-15,54
28,-15,54
29,-15,54
29,-15,54
29,-15,54
28,-15,55
28,-15,55
29,-15,54
29,-15,54
29,-15,54
28,-15,54
29,-15,54
29,-15,54
29,-15,54
29,-15,54
28,-15,54
29,-15,54
29,-15,54
29,-15,54
29,-15,54
29,-15,54
29,-15,54
29,-15,54
29,-15,54
29,-15,54
29,-15,54
29,-15,55
29,-15,55
29,-15,54
29,-15,54
29,-15,54
29,-15,54
29,-15,54
29,-15,54
29,-15,54
28,-15,55
28,-15,55
29,-15,54
29,-15,54
29,-15,54
29,-15,54
29,-15,54
29,-15,55
29,-15,54
29,-15,54
29,-15,54
29,-15,54
29,-15,55
29,-15,54
28,-15,54
29,-15,55
29,-15,54
29,-15,54
28,-15,54
29,-15,54
29,-15,54
29,-15,54
29,-15,54
28,-15,54
29,-15,54
29,-15,54
29,-15,54
28,-15,54
28,-15,54
29,-15,54
29,-15,54
28,-15,54
28,-15,54
28,-15,54
29,-15,54
28,-15,54
28,-15,55
28,-15,54
28,-15,54
28,-15,54
28,-15,54
28,-15,54
28,-15,54
29,-15,55
29,-15,54
29,-15,55
29,-15,54
28,-15,54
29,-15,55
29,-15,55
29,-15,54
28,-15,54
29,-15,54
29,-15,54
29,-15,54
29,-15,54
28,-15,54
29,-15,55
29,-15,54
29,-15,54
29,-15,54
29,-15,54
29,-15,54
29,-15,54
29,-15,54
29,-15,54
29,-15,54
29,-15,54
29,-15,54
29,-15,54
29,-15,54
29,-15,54
28,-15,54
28,-15,54
29,-15,54
28,-15,55
29,-15,54
29,-15,54
29,-15,54
29,-15,54
29,-15,54
29,-15,55
29,-15,55
28,-15,54
28,-15,54
28,-15,54
29,-15,54
29,-15,54
29,-15,54
29,-15,54
29,-15,54
29,-15,54
29,-15,54
29,-15,54
29,-15,54
29,-15,54
29,-15,54
29,-15,54
29,-15,54
29,-15,54
29,-15,54
29,-15,54
29,-15,54
29,-15,54
29,-15,54
29,-15,54
29,-15,54
29,-15,54
29,-15,54
29,-15,54
29,-15,54
29,-15,54
29,-14,54
29,-15,54
29,-14,54
29,-14,54
30,-15,54
29,-15,54
29,-15,54
29,-15,54
29,-15,54
29,-15,54
29,-15,54
29,-15,54
29,-15,54
29,-15,54
29,-15,54
29,-15,54
29,-15,54
29,-15,54
29,-14,54
29,-15,54
29,-15,54
29,-15,54
29,-15,54
29,-15,54
29,-14,54
29,-15,54
29,-15,54
29,-14,54
29,-15,54
29,-15,54
29,-15,54
29,-14,54
29,-15,54
29,-15,54
29,-15,54
30,-15,54
29,-14,54
29,-14,54
29,-15,54
29,-15,54
29,-15,54
29,-14,54
29,-15,54
29,-15,54
30,-15,54
29,-15,54
29,-14,54
29,-15,54
29,-15,54
30,-15,54
30,-15,54
29,-14,54
29,-14,54
30,-14,54
30,-14,54
29,-15,54
29,-15,54
30,-15,54
30,-14,54
29,-14,54
29,-14,55
29,-15,55
29,-15,54
29,-15,54
28,-15,54
29,-15,54
29,-15,54
29,-14,54
30,-14,54
30,-14,54
30,-14,54
30,-13,54
31,-13,54
31,-13,54
31,-14,54
30,-14,54
30,-14,54
30,-14,54
30,-14,54
30,-14,54
30,-14,54
30,-14,54
30,-14,54
30,-14,54
31,-13,54
31,-13,54
30,-14,54
30,-14,53
30,-14,54
30,-14,53
30,-14,54
30,-14,54
30,-13,54
30,-13,54
30,-14,54
30,-14,54
30,-15,54
30,-15,54
29,-15,54
29,-14,54
30,-14,54
30,-14,54
30,-14,54
30,-14,54
30,-14,54
29,-14,54
29,-15,54
30,-15,54
30,-15,54
30,-15,54
30,-14,54
30,-14,54
30,-14,54
30,-14,54
30,-14,54
31,-14,54
30,-14,53
31,-14,54
30,-14,54
30,-14,54
30,-14,54
30,-14,54
30,-14,54
30,-14,54
31,-14,54
31,-14,54
30,-14,54
30,-14,54
31,-14,53
31,-14,54
31,-14,53
31,-14,53
31,-14,53
31,-14,53
31,-14,53
31,-14,54
31,-14,53
31,-13,53
31,-14,54
31,-14,54
31,-14,53
31,-14,53
31,-14,54
31,-13,53
31,-13,53
31,-14,53
31,-14,53
31,-13,53
31,-13,53
31,-13,53
31,-13,53
31,-13,53
32,-13,53
32,-13,53
32,-13,53
31,-13,53
31,-13,53
33,-13,53
33,-13,53
33,-12,53
34,-12,54
31,-12,54
30,-14,53
31,-14,53
33,-13,53
33,-13,53
32,-13,53
31,-13,54
31,-14,53
31,-14,53
31,-15,54
30,-15,54
29,-15,54
29,-15,54
29,-15,54
29,-15,54
29,-15,54
29,-15,54
29,-15,54
29,-15,54
28,-16,54
28,-16,54
28,-16,54
28,-16,54
28,-16,54
28,-16,55
28,-17,54
28,-17,55
28,-17,54
28,-16,54
28,-16,55
28,-16,54
28,-16,54
29,-15,54
29,-15,54
29,-15,54
29,-15,54
29,-15,54
29,-15,54
29,-15,54
29,-15,54
29,-15,54
29,-15,54
30,-15,54
30,-14,54
29,-14,54
29,-14,54
29,-15,54
29,-15,54
30,-15,54
30,-14,54
29,-15,54
29,-15,54
29,-15,54
30,-15,54
30,-14,54
29,-14,54
29,-14,54
29,-15,54
30,-16,53
30,-15,54
30,-15,54
29,-15,54
29,-15,54
30,-15,54
30,-15,54
30,-15,54
30,-14,54
29,-15,54
30,-15,54
30,-15,54
30,-15,54
30,-15,54
30,-15,53
30,-15,54
30,-15,54
30,-15,53
30,-14,54
30,-14,54
30,-14,54
30,-14,54
30,-14,54
30,-15,54
30,-15,54
30,-15,54
31,-14,54
31,-14,54
30,-14,54
30,-15,54
31,-14,54
31,-14,54
30,-14,53
30,-14,53
31,-14,53
31,-14,53
31,-14,53
31,-14,54
30,-14,54
30,-15,53
31,-14,53
31,-14,53
30,-14,53
30,-14,53
31,-14,53
31,-14,53
31,-14,53
31,-14,53
30,-14,53
30,-14,54
31,-14,54
31,-14,53
31,-15,53
30,-14,53
30,-14,54
31,-14,53
31,-14,54
31,-14,53
31,-14,54
31,-15,53
31,-15,53
30,-15,54
30,-15,54
30,-14,54
30,-15,53
31,-14,54
30,-14,54
30,-14,54
31,-14,53
31,-14,53
31,-14,54
30,-14,53
30,-15,53
31,-15,54
31,-14,53
31,-14,53
30,-14,53
31,-14,54
31,-14,53
31,-14,53
30,-15,53
30,-15,53
30,-15,54
30,-15,54
30,-14,53
31,-14,53
31,-14,54
31,-14,53
30,-14,53
31,-15,53
31,-15,53
31,-15,53
30,-14,54
30,-14,54
30,-15,54
30,-15,53
31,-15,54
31,-15,53
30,-15,54
31,-14,53
31,-14,53
30,-15,53
30,-15,53
31,-14,53
31,-14,53
31,-14,53
30,-15,54
30,-15,53
31,-14,53
32,-14,53
31,-14,53
30,-15,53
31,-15,53
31,-14,53
31,-14,53
30,-15,53
30,-15,53
31,-15,53
31,-15,54
31,-15,53
31,-15,53
30,-15,54
32,-14,53
33,-14,52
31,-14,53
30,-15,53
30,-15,53
31,-15,53
32,-15,53
31,-15,53
30,-15,53
30,-15,53
31,-15,53
30,-15,53
30,-15,53
31,-15,53
32,-15,53
30,-15,53
30,-16,53
31,-15,53
32,-16,52
32,-17,53
31,-16,53
30,-14,53
30,-14,54
30,-14,54
30,-15,54
30,-15,53
30,-15,53
31,-15,53
30,-15,53
30,-16,53
30,-16,54
30,-16,53
30,-16,53
30,-15,53
30,-15,54
30,-15,54
31,-15,53
30,-15,53
30,-15,53
31,-15,53
30,-15,53
30,-15,53
30,-15,54
30,-15,53
30,-15,54
30,-15,54
30,-16,53
30,-16,53
30,-16,54
30,-16,53
30,-15,53
30,-15,53
30,-15,53
30,-15,54
29,-15,54
30,-15,54
30,-16,53
30,-16,54
29,-16,54
29,-16,54
29,-16,54
29,-16,54
29,-16,54
29,-16,54
29,-16,54
30,-16,54
30,-15,53
31,-15,53
30,-15,53
29,-15,54
29,-16,54
30,-15,53
30,-15,53
29,-15,54
29,-15,54
30,-16,53
30,-16,54
29,-16,53
29,-16,54
29,-16,53
30,-16,53
30,-15,54
29,-16,54
29,-16,54
29,-16,54
27,-16,54
30,-16,54
30,-16,53
30,-16,54
30,-16,54
30,-16,53
30,-16,54
29,-16,54
30,-15,54
31,-15,53
31,-15,53
29,-16,54
29,-16,53
29,-16,54
29,-16,53
31,-15,53
32,-15,53
32,-15,54
31,-15,54
30,-15,54
30,-15,53
30,-15,53
31,-15,53
31,-15,53
31,-15,53
30,-15,53
30,-15,53
31,-15,53
31,-15,53
31,-15,53
30,-15,53
30,-15,53
30,-15,53
30,-15,53
31,-15,53
31,-15,53
30,-15,53
30,-15,53
30,-15,53
30,-15,53
30,-15,53
29,-15,52
31,-16,54
31,-15,53
34,-14,53
35,-14,52
35,-14,51
33,-14,52
31,-15,53
32,-14,52
33,-14,52
33,-15,52
32,-15,53
33,-15,52
33,-14,52
33,-14,52
33,-15,52
33,-14,52
33,-14,51
32,-15,51
33,-15,52
33,-13,52
35,-14,52
34,-14,51
33,-14,51
36,-14,51
35,-13,51
35,-13,51
36,-14,51
36,-14,50
35,-14,51
35,-13,51
36,-13,50
37,-13,50
36,-13,50
36,-13,50
35,-13,51
35,-13,51
35,-13,51
35,-13,51
36,-14,50
36,-13,51
36,-14,51
36,-14,51
34,-14,51
34,-14,51
33,-14,51
32,-14,51
34,-14,51
34,-14,51
33,-15,52
33,-15,52
33,-15,52
33,-14,52
32,-14,51
27,-15,51
25,-16,52
36,-17,48
42,-9,49
43,-10,48
43,-11,48
41,-12,47
39,-13,48
36,-14,49
35,-13,49
38,-13,49
38,-13,49
39,-13,49
39,-13,49
38,-14,49
38,-14,49
37,-13,49
37,-13,49
38,-13,50
37,-13,49
38,-13,49
36,-13,49
36,-13,49
36,-14,49
36,-14,50
36,-14,50
36,-14,49
37,-14,50
37,-14,50
36,-14,50
36,-14,50
36,-14,50
36,-14,51
34,-14,50
35,-14,50
35,-14,51
35,-14,50
34,-15,51
33,-15,52
33,-15,52
32,-15,52
32,-15,52
32,-15,53
33,-14,53
30,-15,52
30,-15,53
37,-14,50
38,-15,50
32,-14,52
34,-15,52
34,-14,51
35,-15,50
37,-14,51
35,-15,51
32,-15,52
32,-15,52
32,-14,53
33,-15,52
33,-15,52
34,-15,52
35,-14,51
34,-14,52
34,-15,52
32,-15,52
33,-15,51
33,-15,51
33,-15,52
33,-15,52
32,-15,52
32,-15,52
32,-15,52
31,-15,53
31,-15,54
30,-15,53
31,-16,53
31,-16,53
31,-16,53
31,-16,53
30,-16,53
30,-16,53
30,-16,53
31,-15,53
31,-15,53
30,-16,53
30,-16,53
31,-16,53
31,-16,53
30,-16,53
30,-16,53
31,-16,53
30,-15,53
30,-15,53
30,-16,54
30,-16,53
30,-16,53
30,-16,53
29,-16,54
30,-17,53
30,-17,53
30,-16,53
30,-15,54
30,-15,54
30,-15,54
30,-15,54
30,-15,54
30,-15,54
30,-15,54
31,-16,53
32,-15,53
31,-15,53
31,-15,53
30,-15,53
30,-15,53
31,-14,53
31,-14,53
30,-14,54
30,-15,54
30,-15,53
30,-15,53
31,-15,53
31,-15,53
30,-15,53
30,-15,54
30,-14,53
31,-14,53
31,-14,53
31,-14,53
31,-14,53
31,-15,53
31,-15,53
31,-15,53
31,-14,54
31,-14,53
31,-14,54
31,-14,53
31,-15,54
30,-16,53
30,-16,54
31,-14,53
31,-14,53
30,-15,53
30,-15,54
31,-14,53
31,-14,53
31,-14,53
30,-14,53
30,-15,53
30,-15,53
30,-15,53
30,-15,53
30,-15,54
30,-16,54
30,-17,54
30,-16,53
30,-15,53
30,-15,53
30,-15,54
30,-15,53
31,-14,53
31,-14,53
31,-14,53
30,-15,54
30,-15,53
30,-15,54
30,-15,53
30,-16,53
31,-16,53
31,-16,53
31,-16,53
30,-15,53
31,-15,53
31,-15,53
30,-15,53
31,-15,53
31,-15,53
31,-15,53
31,-15,53
31,-16,53
31,-16,53
31,-16,53
31,-15,53
30,-15,53
31,-15,53
32,-15,52
32,-14,53
32,-14,53
32,-14,53
31,-15,53
31,-15,52
32,-15,53
31,-15,53
31,-15,53
31,-15,53
31,-15,53
31,-15,53
31,-15,53
32,-15,53
32,-15,53
32,-15,53
31,-15,53
31,-15,53
31,-15,53
32,-14,53
32,-15,53
32,-15,52
32,-15,53
32,-14,53
32,-14,53
32,-14,53
31,-15,53
31,-15,53
31,-15,53
31,-15,53
31,-15,53
31,-15,53
31,-15,53
31,-15,53
31,-15,53
31,-15,53
31,-15,54
30,-15,53
30,-16,53
30,-16,53
30,-16,53
30,-15,53
30,-15,53
30,-15,53
31,-15,53
31,-15,54
30,-15,53
30,-15,53
30,-16,53
30,-16,53
30,-16,53
30,-16,53
30,-16,53
30,-15,53
30,-15,54
30,-15,53
30,-15,53
30,-15,53
30,-16,53
30,-16,53
30,-16,53
30,-15,53
30,-16,53
30,-16,53
30,-15,54
30,-15,53
30,-15,53
30,-15,53
30,-15,53
30,-15,53
30,-15,53
30,-15,53
30,-15,53
30,-16,53
30,-15,54
30,-15,53
30,-15,54
30,-15,54
30,-15,53
30,-15,53
30,-16,53
30,-16,53
30,-16,53
30,-15,53
30,-15,54
30,-15,54
30,-15,54
30,-16,53
30,-16,53
30,-16,53
30,-16,54
30,-16,53
29,-16,53
30,-16,54
30,-16,54
30,-16,53
30,-16,53
30,-16,53
30,-16,54
30,-16,53
30,-16,53
30,-16,53
30,-16,53
30,-15,54
30,-15,54
30,-15,54
30,-15,54
29,-15,53
30,-16,53
30,-17,53
30,-18,53
30,-17,53
30,-16,53
30,-14,54
30,-14,54
29,-14,54
30,-14,54
30,-15,54
30,-16,54
30,-17,53
29,-17,54
30,-17,54
29,-17,54
29,-16,54
29,-15,54
29,-15,54
29,-16,53
30,-16,53
30,-16,53
30,-16,53
29,-16,53
29,-16,53
30,-15,54
30,-15,54
30,-16,54
30,-16,54
29,-16,54
30,-16,54
30,-16,54
29,-16,54
29,-16,54
30,-15,54
30,-15,53
30,-16,54
30,-16,53
30,-16,53
30,-15,53
30,-15,53
30,-15,54
30,-14,53
30,-15,53
30,-15,53
30,-15,54
30,-16,53
30,-16,53
30,-16,53
30,-16,53
30,-16,54
30,-15,54
30,-14,54
31,-14,53
30,-15,53
30,-15,54
30,-15,53
31,-15,53
31,-15,53
30,-15,53
30,-15,53
30,-15,53
31,-15,53
31,-15,53
30,-15,53
30,-15,53
30,-15,53
31,-15,53
31,-15,53
30,-15,53
30,-15,54
30,-15,53
31,-15,53
31,-15,53
30,-15,53
30,-15,53
30,-15,53
31,-15,53
30,-15,53
30,-15,53
31,-15,53
31,-15,53
31,-15,54
30,-15,53
30,-15,53
30,-15,53
30,-15,53
30,-15,53
30,-15,53
30,-15,53
30,-15,53
31,-15,53
30,-15,53
30,-15,53
30,-15,54
30,-15,53
31,-15,53
30,-15,53
30,-15,54
30,-15,54
30,-15,53
30,-15,53
30,-15,53
29,-15,54
31,-15,54
31,-15,53
31,-15,53
30,-15,54
30,-14,53
31,-14,53
32,-14,53
31,-15,53
31,-15,53
31,-15,53
31,-14,53
29,-16,53
31,-15,53
29,-15,54
30,-15,54
31,-15,53
32,-14,53
31,-14,54
29,-16,53
32,-15,53
30,-15,54
30,-15,53
30,-15,53
30,-15,54
30,-15,53
31,-15,54
31,-15,53
30,-15,53
30,-15,53
31,-15,53
31,-15,53
31,-15,53
31,-15,53
31,-15,53
31,-15,53
30,-15,53
31,-15,53
31,-15,53
31,-15,53
31,-15,53
30,-15,53
31,-15,53
31,-15,53
31,-15,53
31,-14,53
30,-15,53
31,-15,53
31,-15,53
31,-15,53
30,-15,53
30,-15,54
30,-15,53
31,-15,53
31,-15,53
31,-15,53
30,-15,53
30,-15,53
31,-15,53
31,-15,53
30,-15,53
30,-15,53
30,-15,53
31,-15,53
31,-15,53
30,-15,53
31,-15,53
31,-15,53
31,-15,53
31,-15,53
31,-15,53
31,-15,53
31,-15,53
31,-15,53
31,-15,53
30,-15,53
30,-15,53
30,-15,53
30,-15,53
30,-15,53
30,-15,54
30,-15,53
30,-15,53
30,-15,53
30,-15,53
30,-15,53
30,-15,53
31,-15,53
30,-15,53
30,-15,53
30,-15,53
31,-15,53
30,-15,53
30,-15,53
31,-15,53
31,-15,53
30,-15,53
30,-15,53
30,-15,53
31,-15,53
31,-15,53
31,-15,53
30,-15,53
30,-15,53
31,-15,54
31,-15,54
30,-15,53
30,-15,53
30,-15,53
31,-15,53
31,-15,53
30,-15,53
30,-15,53
31,-15,53
31,-15,53
30,-15,53
29,-15,54
30,-15,54
30,-15,54
30,-15,53
30,-15,53
30,-15,53
30,-15,54
30,-15,53
30,-15,53
30,-15,53
30,-15,54
30,-15,54
30,-15,54
30,-15,53
30,-15,53
30,-16,53
30,-15,53
30,-15,53
30,-15,53
30,-16,53
30,-15,54
30,-15,53
30,-15,53
30,-15,53
30,-16,53
30,-16,53
30,-15,53
30,-15,53
30,-15,53
30,-15,53
30,-15,53
30,-15,53
30,-15,53
30,-15,54
30,-15,53
30,-15,53
30,-15,53
30,-15,53
30,-15,53
31,-15,54
30,-15,53
30,-15,53
30,-15,53
31,-15,53
30,-15,53
30,-15,53
30,-15,53
30,-16,53
30,-15,53
31,-15,53
30,-15,53
30,-15,53
31,-15,53
30,-15,53
30,-15,53
30,-17,53
30,-16,53
31,-15,53
30,-15,54
30,-15,53
30,-16,53
31,-16,53
31,-15,53
30,-15,53
30,-15,53
31,-15,54
31,-15,53
31,-15,53
30,-16,53
30,-16,53
31,-15,53
31,-15,53
30,-15,53
30,-15,53
31,-15,53
31,-15,53
30,-15,53
30,-15,53
30,-15,53
30,-15,53
31,-15,53
31,-15,53
31,-15,53
31,-15,53
31,-15,53
31,-15,53
30,-15,53
30,-15,53
30,-15,53
30,-15,53
30,-15,53
30,-15,54
30,-15,54
30,-16,53
30,-16,53
30,-15,53
30,-15,53
30,-16,54
30,-15,54
30,-15,54
30,-15,54
30,-16,53
30,-16,53
30,-16,53
30,-16,54
30,-15,54
30,-15,54
30,-15,54
30,-15,54
30,-16,54
30,-16,53
30,-15,53
30,-15,54
30,-16,54
30,-16,53
30,-16,53
30,-16,54
30,-16,54
30,-16,53
30,-16,54
30,-16,53
30,-16,53
30,-16,54
30,-16,54
30,-16,53
30,-16,53
30,-16,53
30,-16,54
29,-16,54
29,-16,54
29,-16,54
29,-17,54
29,-16,54
29,-16,54
29,-16,53
30,-16,53
30,-16,53
30,-16,53
30,-16,54
30,-16,53
30,-16,53
30,-16,54
30,-16,54
30,-16,54
30,-16,54
30,-16,53
30,-16,53
30,-16,54
29,-16,54
30,-17,53
30,-16,53
29,-17,53
28,-16,51
28,-18,54
26,-18,53
27,-19,55
27,-19,55
26,-19,54
25,-18,54
26,-18,54
25,-18,54
27,-18,53
31,-18,53
34,-17,52
34,-18,52
31,-18,52
29,-17,53
29,-17,53
31,-17,52
31,-18,52
31,-18,53
30,-18,53
28,-18,54
28,-18,53
31,-17,53
32,-17,52
32,-17,52
32,-17,52
30,-17,53
29,-17,53
30,-18,53
30,-18,53
31,-18,52
30,-17,53
29,-18,53
29,-18,53
30,-18,53
30,-18,53
31,-16,53
30,-16,53
29,-16,53
30,-17,53
32,-19,52
32,-20,51
32,-20,51
30,-20,52
29,-19,53
28,-18,53
28,-18,53
28,-18,53
28,-18,53
29,-18,54
29,-18,53
29,-18,53
29,-19,53
29,-19,53
29,-18,53
30,-17,53
29,-17,53
29,-17,53
30,-18,53
30,-20,52
30,-20,53
30,-19,53
29,-19,53
28,-18,54
28,-17,54
28,-17,54
29,-16,54
30,-15,54
30,-16,53
30,-17,53
30,-17,53
30,-17,53
29,-17,53
29,-18,53
30,-18,53
29,-18,53
31,-17,54
31,-17,53
28,-17,53
28,-17,53
30,-17,53
30,-17,53
30,-16,53
30,-16,53
30,-17,53
30,-18,53
31,-18,53
31,-18,52
30,-17,53
30,-17,53
30,-17,53
31,-16,52
31,-16,52
32,-15,53
32,-15,53
31,-15,53
31,-16,53
31,-17,53
31,-17,52
32,-17,52
31,-17,52
31,-16,53
30,-16,53
30,-16,53
30,-16,53
31,-16,53
30,-16,53
30,-17,53
30,-17,52
31,-16,53
32,-16,53
31,-15,53
30,-16,53
30,-16,53
31,-16,53
31,-17,52
31,-17,52
31,-16,53
31,-16,53
31,-16,53
31,-16,53
31,-16,53
31,-16,53
31,-16,53
30,-17,53
30,-17,53
30,-17,52
31,-17,53
30,-16,53
30,-15,53
30,-16,54
30,-16,53
31,-17,53
31,-17,53
30,-17,52
30,-17,53
30,-17,53
31,-16,54
30,-16,53
30,-17,53
31,-16,53
30,-17,53
30,-17,53
30,-17,53
30,-17,53
30,-17,53
30,-17,53
30,-17,53
30,-17,53
30,-17,53
30,-17,53
30,-17,53
30,-17,53
30,-17,53
31,-17,53
30,-16,53
30,-17,53
30,-17,53
30,-17,53
30,-17,53
30,-17,53
30,-17,53
30,-17,53
30,-17,53
30,-17,53
30,-17,53
30,-17,53
30,-17,53
30,-17,53
30,-17,53
30,-17,53
30,-17,53
30,-17,53
30,-17,53
30,-17,53
30,-17,53
30,-17,53
30,-17,53
30,-17,53
30,-17,53
30,-17,53
30,-17,53
30,-17,53
30,-17,53
30,-17,53
30,-17,53
30,-17,53
30,-17,53
30,-17,53
30,-17,53
30,-17,53
30,-17,53
30,-17,53
30,-17,53
30,-18,53
30,-17,53
30,-17,53
30,-17,53
30,-17,53
30,-17,53
30,-17,53
31,-17,53
31,-17,53
30,-17,53
30,-16,53
30,-17,53
30,-17,53
30,-17,53
30,-17,53
30,-17,53
30,-17,53
30,-17,53
30,-17,53
31,-17,53
31,-17,53
31,-17,53
31,-17,53
30,-17,53
30,-17,53
30,-17,53
30,-17,53
30,-17,53
30,-17,53
30,-17,53
30,-17,53
31,-17,53
31,-17,53
30,-17,53
30,-17,53
31,-17,53
30,-17,53
30,-17,53
30,-17,53
30,-17,53
30,-17,53
30,-17,53
30,-17,53
30,-17,53
30,-17,53
31,-17,53
30,-17,53
30,-17,53
30,-17,53
30,-17,53
30,-17,53
30,-17,53
30,-18,53
30,-17,53
30,-17,53
30,-17,53
30,-17,53
30,-17,53
30,-17,53
30,-17,53
30,-17,53
30,-17,53
30,-17,53
30,-17,53
30,-17,53
30,-17,53
30,-17,53
29,-17,53
30,-17,53
30,-17,53
30,-17,53
30,-17,53
30,-17,53
30,-17,53
31,-17,52
31,-17,53
31,-17,52
30,-17,53
30,-17,53
30,-17,53
30,-17,53
31,-17,52
30,-16,53
31,-17,54
30,-17,53
30,-17,52
31,-17,53
30,-17,52
30,-17,52
31,-16,53
31,-16,53
29,-18,53
29,-19,53
31,-18,52
32,-17,52
31,-16,53
29,-17,53
30,-17,53
30,-17,53
31,-16,53
30,-16,53
30,-16,53
30,-17,53
30,-17,53
30,-18,53
30,-18,53
31,-17,53
31,-17,53
30,-16,53
30,-16,53
30,-16,53
31,-16,53
31,-16,52
31,-16,53
31,-17,53
31,-17,52
31,-17,52
31,-17,53
31,-16,53
31,-16,53
31,-17,53
31,-16,53
31,-16,52
31,-17,52
31,-16,53
31,-16,53
31,-17,53
31,-17,53
31,-17,53
31,-17,53
31,-17,53
31,-17,52
31,-17,52
31,-16,53
31,-16,52
31,-16,53
31,-17,52
31,-16,53
31,-16,53
31,-17,53
30,-17,53
31,-17,53
31,-17,53
31,-16,52
31,-16,53
31,-16,53
31,-16,53
31,-16,52
31,-16,53
31,-17,53
31,-17,52
31,-17,53
31,-16,53
31,-16,52
31,-16,53
31,-17,53
31,-16,53
31,-16,52
32,-16,52
31,-16,53
31,-17,52
31,-17,52
32,-16,52
32,-16,52
31,-16,53
31,-16,53
32,-16,53
32,-16,52
31,-17,52
32,-16,52
31,-15,53
30,-16,53
31,-16,53
32,-17,52
32,-17,53
30,-17,53
29,-17,53
31,-16,53
32,-16,52
31,-18,52
30,-17,53
31,-17,53
31,-17,53
30,-17,53
29,-18,53
30,-18,53
30,-17,53
31,-16,53
31,-16,53
30,-17,53
30,-17,53
30,-17,53
30,-17,53
30,-17,53
31,-17,53
30,-17,53
30,-17,53
30,-17,53
30,-16,53
30,-16,53
30,-17,53
31,-17,53
31,-17,53
30,-16,53
30,-17,52
31,-17,53
30,-16,53
33,-17,53
30,-17,53
29,-17,53
30,-17,53
30,-17,53
29,-17,53
29,-17,53
29,-18,53
29,-17,53
30,-17,53
30,-16,53
30,-16,53
30,-16,53
30,-17,53
30,-17,53
30,-17,53
30,-17,53
30,-17,53
30,-17,53
29,-17,53
30,-17,53
30,-17,53
30,-17,53
30,-16,53
30,-17,53
30,-17,53
30,-17,53
30,-17,53
30,-17,53
30,-17,53
30,-17,53
30,-17,53
30,-16,53
30,-16,53
30,-16,53
30,-17,53
30,-17,53
30,-17,53
30,-17,53
30,-16,53
30,-16,53
31,-16,53
31,-16,53
31,-16,53
30,-16,53
31,-16,53
31,-16,53
30,-16,53
31,-16,53
30,-16,53
30,-16,53
30,-16,53
30,-16,53
31,-16,53
30,-16,53
30,-17,53
31,-16,53
30,-16,53
30,-17,53
30,-17,53
30,-17,53
30,-17,53
30,-16,53
30,-16,53
30,-16,53
30,-17,53
31,-16,53
30,-16,53
30,-16,53
30,-16,53
30,-16,53
30,-17,53
30,-16,53
30,-16,53
30,-16,53
30,-16,53
30,-16,53
31,-16,53
30,-16,53
30,-16,53
30,-16,53
30,-16,53
30,-16,53
30,-16,53
30,-16,53
30,-16,53
30,-16,53
30,-16,53
30,-17,53
30,-16,53
30,-16,53
30,-16,53
30,-16,53
30,-17,53
30,-16,53
30,-16,53
30,-16,53
30,-17,53
30,-17,53
30,-17,53
30,-17,53
30,-16,53
30,-16,53
30,-16,53
31,-16,53
30,-16,53
30,-17,53
30,-17,53
30,-17,53
30,-17,53
30,-16,53
30,-16,53
30,-16,53
30,-16,53
30,-17,53
30,-16,53
30,-16,53
30,-17,53
30,-17,53
30,-16,53
30,-17,53
30,-17,53
30,-17,53
30,-17,53
30,-17,53
30,-17,53
30,-16,53
30,-16,53
30,-17,53
30,-17,53
30,-17,53
30,-17,53
30,-17,53
30,-17,53
30,-17,53
30,-17,53
30,-17,53
30,-17,53
30,-17,53
30,-17,53
30,-17,53
30,-17,53
30,-17,53
30,-17,53
30,-17,53
30,-17,53
30,-17,53
30,-17,53
30,-17,53
30,-17,53
30,-17,53
30,-17,53
30,-17,53
30,-17,53
30,-17,53
30,-17,53
30,-17,53
30,-17,53
30,-17,53
30,-17,53
30,-17,53
30,-17,53
29,-17,53
30,-17,53
30,-16,53
30,-17,53
30,-17,53
30,-17,53
30,-17,53
30,-17,53
30,-17,53
30,-17,53
30,-17,53
30,-17,53
30,-17,53
30,-17,53
30,-17,53
30,-17,53
30,-17,53
30,-17,53
30,-17,53
30,-17,53
30,-17,53
30,-17,53
30,-17,53
31,-16,53
30,-16,53
30,-16,53
30,-16,53
31,-16,53
31,-16,53
30,-16,53
30,-16,53
30,-16,53
31,-16,53
30,-17,53
30,-17,53
30,-17,53
30,-17,53
30,-16,53
30,-16,53
30,-17,53
30,-16,53
30,-17,53
30,-17,53
30,-17,53
30,-17,53
30,-17,53
30,-17,53
30,-17,53
30,-17,53
30,-17,53
30,-17,53
30,-16,53
30,-17,53
30,-17,53
31,-16,53
30,-17,53
30,-17,53
30,-17,53
30,-17,53
30,-17,53
30,-17,53
30,-16,53
30,-16,53
31,-16,53
30,-17,53
30,-17,53
30,-17,53
30,-17,53
30,-17,53
30,-16,53
30,-17,53
30,-17,53
30,-17,53
30,-17,53
30,-17,53
30,-17,53
30,-17,53
30,-16,53
30,-17,53
30,-17,53
30,-17,53
30,-17,53
30,-17,53
30,-16,53
30,-16,53
30,-17,53
30,-17,53
30,-17,53
30,-16,53
30,-16,53
30,-17,53
30,-16,53
30,-16,53
30,-17,53
30,-17,53
30,-17,53
30,-17,53
30,-17,53
30,-17,53
30,-17,53
30,-17,53
30,-17,53
30,-17,53
30,-17,53
30,-17,53
30,-17,53
30,-17,53
30,-17,53
30,-17,53
30,-17,53
30,-17,53
30,-17,53
30,-17,53
30,-17,53
30,-16,53
30,-17,53
30,-17,53
30,-17,53
30,-17,53
30,-17,53
30,-17,53
30,-17,53
30,-17,53
30,-17,53
30,-17,53
30,-17,53
30,-17,53
30,-17,53
30,-17,53
30,-17,53
30,-17,53
30,-17,53
30,-17,53
30,-17,53
30,-17,53
30,-17,53
30,-17,53
30,-17,53
30,-17,53
30,-17,53
30,-17,53
30,-17,53
30,-16,53
30,-16,53
30,-17,53
30,-17,53
30,-17,53
30,-17,53
30,-17,53
30,-17,53
30,-16,53
31,-16,53
30,-16,53
30,-17,53
29,-17,53
30,-18,53
30,-18,53
29,-17,53
29,-17,53
30,-16,53
30,-16,53
30,-16,53
30,-16,53
30,-17,53
30,-16,53
30,-16,53
30,-16,53
30,-17,53
31,-17,53
31,-16,53
30,-17,53
31,-16,53
31,-16,53
30,-16,53
30,-16,53
30,-16,53
31,-16,53
30,-16,53
30,-16,53
30,-16,53
31,-16,53
30,-16,53
30,-16,53
30,-16,53
30,-16,53
30,-16,53
30,-16,53
30,-16,53
30,-16,53
30,-17,53
30,-17,53
30,-17,53
30,-17,53
30,-16,53
30,-16,53
30,-16,53
31,-16,53
30,-16,53
30,-16,53
31,-16,53
31,-16,53
31,-16,53
31,-16,53
30,-16,53
30,-16,53
30,-16,53
30,-16,53
30,-16,53
30,-16,53
30,-16,53
31,-16,53
30,-16,53
30,-16,53
30,-17,53
30,-17,53
31,-17,53
31,-17,53
30,-17,53
30,-16,53
31,-16,53
30,-16,53
30,-16,53
30,-16,53
31,-16,53
30,-16,53
30,-16,53
30,-16,53
30,-16,53
31,-16,53
31,-16,53
31,-16,53
31,-16,53
31,-16,53
31,-16,53
31,-16,53
31,-16,53
31,-16,53
31,-16,53
30,-16,53
31,-16,53
31,-16,53
31,-16,53
31,-16,53
30,-16,53
31,-16,53
31,-16,53
31,-16,53
31,-16,53
31,-16,53
31,-16,53
31,-16,53
31,-16,53
31,-16,53
31,-16,53
31,-16,53
31,-16,53
31,-16,53
31,-16,53
31,-16,53
31,-16,53
31,-16,53
31,-16,53
31,-16,53
31,-16,53
31,-16,53
31,-16,53
31,-16,53
31,-16,53
30,-16,53
31,-16,53
31,-16,53
31,-16,53
31,-16,53
31,-16,53
30,-16,53
31,-16,53
31,-16,53
31,-16,53
31,-16,53
31,-16,53
31,-16,53
31,-16,53
31,-16,53
31,-16,53
31,-16,53
31,-16,53
31,-16,53
31,-16,53
31,-16,53
31,-16,53
31,-16,53
31,-16,53
31,-16,53
31,-16,53
30,-16,53
31,-16,53
31,-16,53
31,-16,53
31,-16,53
30,-16,53
31,-16,53
31,-16,53
31,-16,53
31,-16,53
31,-16,53
31,-16,53
31,-16,53
31,-16,53
31,-16,53
31,-16,53
31,-16,53
31,-16,53
31,-16,53
31,-16,53
31,-16,53
31,-16,53
31,-16,53
31,-16,53
30,-16,53
30,-16,53
30,-17,53
31,-17,52
31,-15,53
31,-15,53
30,-15,53
30,-16,53
32,-17,52
32,-17,52
31,-17,53
31,-17,53
31,-16,53
31,-16,53
31,-15,53
31,-15,53
30,-16,53
31,-16,53
31,-16,53
30,-16,53
30,-17,53
31,-16,53
31,-16,53
31,-16,53
31,-16,53
31,-16,53
31,-16,53
31,-16,53
31,-16,53
31,-16,53
31,-16,53
31,-16,53
31,-16,53
30,-16,53
31,-16,52
32,-16,52
31,-15,53
31,-15,53
31,-15,53
32,-15,53
31,-16,53
31,-16,53
31,-16,53
31,-16,53
31,-16,53
30,-16,53
30,-16,53
30,-16,53
30,-16,53
30,-16,53
30,-16,53
30,-17,53
30,-17,53
30,-17,53
30,-17,53
30,-16,53
30,-16,53
30,-16,53
30,-16,53
30,-17,53
30,-16,53
30,-16,53
30,-17,53
30,-17,53
30,-17,53
30,-17,53
30,-17,53
30,-17,53
30,-16,53
30,-16,53
30,-16,53
30,-16,53
30,-16,53
31,-16,53
30,-16,53
30,-17,53
30,-17,53
30,-16,53
30,-16,53
30,-16,53
30,-16,53
30,-16,53
30,-17,53
30,-17,53
30,-17,53
30,-17,53
30,-16,53
30,-17,53
30,-17,53
30,-17,53
30,-17,53
30,-17,53
30,-17,53
30,-16,53
30,-16,53
30,-17,53
30,-17,53
30,-17,53
30,-16,53
30,-17,53
30,-17,53
30,-16,53
30,-16,53
30,-16,53
30,-17,53
30,-17,53
30,-17,53
30,-17,53
30,-17,53
30,-17,53
30,-16,53
30,-17,53
30,-16,53
30,-17,53
30,-17,53
30,-17,53
30,-17,53
30,-17,53
30,-17,53
30,-17,53
30,-17,53
30,-17,53
30,-17,53
30,-17,53
30,-17,53
30,-17,53
30,-17,53
30,-17,53
30,-17,53
30,-16,53
30,-16,53
30,-17,53
30,-17,53
30,-17,53
30,-17,53
30,-17,53
30,-17,53
30,-17,53
30,-17,53
30,-17,53
30,-17,53
30,-17,53
30,-17,53
30,-17,53
30,-17,53
30,-16,53
30,-17,53
30,-17,53
30,-17,53
30,-16,53
30,-17,53
30,-17,53
30,-17,53
30,-17,53
30,-17,53
30,-17,53
30,-17,53
30,-16,53
30,-17,53
30,-17,53
30,-17,53
30,-17,53
30,-17,53
30,-17,53
30,-17,53
30,-17,53
30,-17,53
30,-17,53
30,-17,53
30,-17,53
30,-17,53
30,-17,53
30,-17,53
30,-17,53
30,-17,53
30,-17,53
30,-17,53
30,-16,53
30,-17,53
30,-17,53
30,-16,53
30,-16,53
30,-16,53
30,-17,53
30,-17,53
30,-17,53
30,-17,53
30,-17,53
30,-17,53
30,-17,53
30,-17,53
30,-16,53
30,-16,54
30,-16,53
30,-17,53
30,-17,53
30,-17,53
30,-17,53
30,-17,53
30,-17,53
30,-17,53
29,-17,53
30,-17,53
30,-17,53
30,-17,53
30,-17,53
30,-17,53
30,-17,53
30,-17,53
30,-17,53
30,-17,53
30,-17,53
30,-17,53
30,-17,53
30,-17,53
30,-17,53
30,-18,53
30,-17,53
30,-17,53
30,-17,53
30,-17,53
30,-17,53
30,-17,53
30,-17,53
30,-17,53
30,-17,53
30,-17,53
30,-17,53
30,-17,53
30,-17,53
30,-17,53
30,-17,53
30,-17,53
30,-17,53
30,-17,53
30,-17,53
30,-17,53
30,-17,53
30,-17,53
30,-17,53
30,-17,53
30,-17,53
30,-17,53
30,-17,53
30,-17,53
30,-17,53
30,-17,53
30,-17,53
30,-17,53
30,-17,53
30,-17,53
30,-17,53
30,-17,53
30,-17,53
30,-17,53
30,-17,53
30,-17,53
30,-17,53
30,-17,53
30,-17,53
30,-17,53
30,-17,53
30,-17,53
30,-17,53
30,-17,53
30,-17,53
30,-17,53
30,-17,53
30,-17,53
30,-17,53
30,-17,53
30,-17,53
30,-17,53
30,-17,53
30,-17,53
30,-17,53
30,-17,53
30,-17,53
30,-17,53
30,-17,53
30,-17,53
30,-17,53
30,-17,53
30,-17,53
30,-17,53
30,-17,53
30,-17,53
30,-17,53
30,-17,53
30,-17,53
30,-16,53
30,-17,53
30,-17,53
30,-18,53
29,-17,53
30,-17,53
30,-17,53
30,-17,53
30,-17,53
30,-17,53
30,-17,53
30,-17,53
30,-17,53
30,-17,53
30,-17,53
30,-17,53
30,-17,53
30,-17,53
29,-17,53
30,-17,53
30,-17,53
30,-17,53
30,-17,53
30,-17,53
30,-17,53
30,-17,53
30,-17,53
30,-17,53
29,-17,53
30,-17,53
30,-17,53
30,-17,53
30,-18,53
30,-18,53
30,-17,53
30,-17,53
30,-17,53
30,-17,53
30,-17,53
29,-17,53
30,-17,53
30,-17,53
29,-17,53
29,-17,53
30,-17,53
30,-17,53
30,-17,53
30,-17,53
29,-17,53
29,-17,53
30,-17,53
30,-17,53
30,-17,53
30,-17,53
30,-17,53
30,-17,53
30,-17,53
30,-17,53
30,-17,53
30,-17,53
29,-17,53
30,-17,53
30,-17,53
30,-17,53
30,-17,53
30,-17,53
30,-17,53
29,-17,53
30,-17,53
30,-17,53
30,-17,53
30,-17,53
30,-17,53
30,-17,53
30,-17,53
30,-17,53
30,-17,53
30,-17,53
30,-17,53
30,-17,53
29,-17,53
29,-17,53
30,-17,53
30,-17,53
30,-18,53
30,-17,53
29,-17,53
29,-17,53
30,-17,53
30,-17,53
30,-17,53
30,-17,53
30,-17,53
30,-17,53
30,-17,53
30,-17,53
30,-17,53
30,-17,53
29,-17,53
30,-17,53
30,-17,53
30,-17,53
30,-17,53
30,-17,53
30,-17,53
30,-17,53
30,-17,53
30,-16,53
30,-16,53
30,-17,53
30,-16,53
30,-17,53
30,-17,53
30,-17,53
30,-17,53
30,-17,53
30,-17,53
30,-17,53
30,-17,53
30,-17,53
30,-17,53
30,-17,53
30,-17,53
30,-17,53
30,-17,53
30,-17,53
30,-17,53
30,-17,53
30,-17,53
30,-17,53
30,-17,53
30,-17,53
30,-17,53
30,-17,53
30,-17,53
30,-17,53
29,-17,53
29,-17,53
30,-17,53
30,-17,53
29,-18,53
29,-17,53
30,-17,53
30,-17,53
30,-17,53
30,-17,53
30,-17,53
30,-17,53
30,-17,53
29,-17,54
30,-17,53
30,-17,53
30,-17,53
30,-17,53
29,-17,54
30,-17,53
30,-17,53
30,-17,53
30,-17,53
30,-17,53
30,-17,53
29,-17,53
29,-17,53
30,-17,53
29,-17,53
29,-18,53
29,-17,53
29,-17,53
29,-17,53
29,-17,53
30,-17,53
30,-17,53
30,-17,53
30,-17,53
30,-17,53
30,-17,53
29,-17,53
30,-17,53
30,-17,53
30,-17,53
30,-17,53
30,-17,53
30,-17,53
30,-18,53
30,-17,53
30,-17,53
30,-17,53
29,-17,53
30,-16,54
30,-16,54
29,-17,53
30,-18,53
29,-18,53
29,-17,53
30,-17,54
30,-17,53
30,-17,53
29,-17,53
29,-17,53
30,-17,53
29,-17,53
29,-17,53
29,-17,53
30,-17,53
30,-17,53
29,-17,53
29,-17,53
29,-18,53
30,-17,53
30,-17,53
29,-17,53
29,-17,53
30,-18,53
30,-17,53
30,-17,53
29,-17,53
30,-17,53
30,-17,53
29,-17,53
29,-17,53
29,-17,53
29,-18,53
29,-18,53
29,-18,53
29,-17,53
30,-17,53
29,-17,53
29,-18,53
29,-17,53
29,-17,53
29,-18,53
29,-18,53
29,-17,53
29,-18,53
29,-18,54
29,-17,53
29,-17,53
30,-17,53
30,-17,53
30,-17,53
29,-17,53
29,-17,53
29,-17,53
29,-17,53
29,-17,53
29,-17,53
29,-18,53
29,-17,53
29,-17,53
30,-17,53
30,-17,53
29,-17,53
29,-17,53
30,-17,53
29,-17,53
29,-17,53
29,-17,53
29,-17,53
30,-17,53
29,-17,53
29,-17,54
29,-17,53
30,-17,53
30,-17,53
29,-18,53
29,-17,53
30,-17,53
30,-17,53
29,-17,53
29,-18,53
29,-17,54
29,-17,53
29,-17,53
29,-18,53
29,-18,53
29,-17,53
30,-17,53
29,-17,53
29,-17,53
29,-17,53
29,-17,53
29,-17,53
29,-18,53
29,-17,53
29,-18,53
29,-17,53
29,-17,53
29,-17,53
29,-17,53
29,-17,53
29,-17,53
29,-17,53
30,-17,53
29,-17,53
29,-18,53
29,-17,53
30,-17,53
29,-17,53
29,-17,53
29,-17,53
29,-17,53
30,-17,53
29,-17,53
29,-18,53
29,-18,53
29,-18,53
29,-17,53
29,-17,53
29,-18,53
29,-18,53
29,-17,54
29,-18,53
29,-18,53
29,-18,53
29,-18,53
29,-18,53
29,-17,53
30,-17,54
29,-18,53
29,-18,53
30,-18,53
29,-17,53
29,-18,54
29,-18,53
29,-17,53
29,-17,53
29,-18,53
29,-18,53
29,-18,53
29,-18,53
29,-18,53
29,-18,53
29,-18,53
29,-18,53
29,-18,53
29,-18,53
29,-18,53
29,-18,53
29,-18,53
29,-18,53
30,-18,53
29,-18,53
29,-18,53
29,-18,53
29,-17,53
29,-18,53
30,-17,53
30,-17,53
29,-18,53
29,-18,53
29,-18,53
30,-18,53
30,-18,53
29,-18,53
29,-18,53
29,-17,53
29,-17,53
29,-17,53
30,-17,53
30,-18,53
29,-18,53
29,-18,53
29,-18,53
29,-18,53
29,-18,53
29,-18,53
29,-18,53
29,-18,53
29,-17,53
29,-18,53
29,-18,53
29,-18,53
29,-17,53
29,-18,53
29,-18,53
29,-18,54
29,-17,53
29,-18,53
29,-18,53
29,-18,53
29,-17,53
29,-17,53
29,-18,53
29,-17,54
29,-17,54
29,-17,53
29,-17,53
29,-17,53
29,-18,53
29,-18,53
29,-18,53
29,-17,53
29,-18,53
29,-17,53
29,-17,53
29,-17,53
29,-17,53
29,-17,53
29,-17,53
29,-17,53
29,-17,54
30,-17,53
29,-18,53
29,-17,53
29,-17,53
29,-17,53
29,-17,54
29,-17,54
29,-17,53
29,-17,54
29,-17,53
29,-18,53
29,-18,53
29,-17,53
29,-17,54
29,-17,53
29,-17,53
29,-17,53
29,-17,53
29,-17,53
29,-17,53
29,-17,53
29,-17,53
29,-17,54
29,-17,53
29,-17,53
29,-18,53
29,-17,53
30,-17,53
29,-18,53
29,-17,53
29,-18,53
29,-17,53
29,-17,53
29,-17,53
29,-17,53
29,-17,53
29,-17,54
29,-18,53
29,-18,53
29,-17,53
29,-18,53
30,-18,53
29,-17,53
29,-17,53
29,-17,53
29,-17,53
29,-18,53
29,-18,53
29,-18,53
29,-18,53
29,-17,53
29,-17,53
29,-17,53
29,-18,53
29,-18,53
29,-17,53
29,-18,53
29,-18,53
30,-18,53
29,-17,53
29,-17,53
29,-18,53
29,-18,53
29,-17,53
29,-17,53
29,-18,53
29,-17,53
29,-18,53
29,-18,53
29,-18,53
29,-17,53
29,-17,53
29,-17,53
29,-17,53
29,-18,53
29,-17,53
29,-17,53
29,-18,53
29,-18,53
29,-17,53
29,-17,53
30,-17,53
29,-18,53
29,-17,53
30,-17,53
29,-17,53
29,-17,54
29,-17,53
29,-17,54
29,-17,53
29,-18,53
29,-18,53
29,-17,53
29,-18,53
29,-17,53
29,-17,54
29,-17,53
29,-17,53
29,-17,53
29,-18,53
29,-17,53
29,-17,53
29,-18,53
29,-17,53
29,-18,53
29,-18,54
30,-17,53
29,-17,53
29,-18,53
29,-18,53
29,-17,53
29,-17,53
29,-17,53
29,-17,53
29,-17,54
30,-17,53
29,-18,53
29,-18,53
29,-17,53
29,-17,53
29,-17,53
29,-17,53
29,-17,53
29,-17,54
29,-17,53
29,-17,53
29,-17,53
29,-18,53
29,-17,53
29,-17,53
29,-17,53
29,-18,53
29,-17,53
30,-17,53
30,-17,53
30,-17,53
29,-18,54
29,-18,53
29,-17,53
29,-17,53
29,-18,53
29,-18,54
29,-17,53
29,-17,53
29,-17,53
29,-18,53
29,-18,53
29,-17,53
29,-17,53
29,-17,53
29,-18,53
29,-17,53
29,-17,53
29,-17,53
29,-17,54
29,-18,53
29,-17,54
29,-18,53
29,-18,53
29,-18,53
29,-18,53
29,-18,54
29,-18,53
29,-17,53
29,-18,53
29,-18,53
29,-18,53
29,-18,53
29,-18,53
29,-18,53
29,-18,53
29,-18,53
29,-18,53
29,-18,53
29,-18,53
29,-18,53
29,-18,53
29,-18,53
29,-18,53
29,-18,53
29,-18,53
29,-18,53
29,-18,53
29,-18,53
29,-17,53
29,-17,54
29,-18,53
30,-17,53
30,-17,53
29,-18,53
29,-18,53
30,-17,53
29,-18,53
29,-17,53
29,-17,54
29,-17,54
29,-17,53
29,-17,53
29,-17,53
29,-18,53
29,-18,54
29,-17,53
29,-17,53
29,-17,53
29,-17,53
29,-17,53
29,-17,53
29,-17,53
29,-17,53
29,-17,53
29,-17,53
29,-17,53
29,-17,53
30,-17,53
30,-17,53
29,-17,53
29,-17,53
29,-18,53
29,-17,53
29,-17,53
29,-17,53
29,-17,54
29,-17,54
30,-17,54
29,-17,53
29,-18,53
30,-18,53
30,-18,53
29,-17,53
29,-17,53
29,-17,54
29,-17,53
29,-17,54
29,-18,54
29,-18,53
29,-18,53
29,-17,53
29,-17,54
29,-17,53
29,-17,54
29,-17,53
29,-17,53
29,-17,53
29,-17,53
29,-18,53
29,-17,53
30,-17,53
29,-17,53
29,-17,53
29,-17,54
29,-17,54
29,-17,53
29,-18,53
29,-18,53
29,-18,53
29,-17,53
29,-17,54
29,-17,53
29,-17,53
29,-18,54
29,-18,53
29,-18,53
29,-18,53
29,-18,53
29,-18,53
29,-18,53
29,-18,53
29,-18,53
29,-18,54
29,-18,54
29,-18,53
29,-18,53
29,-18,53
29,-17,53
29,-18,53
29,-18,54
29,-18,53
29,-18,53
29,-18,54
29,-18,54
29,-18,53
29,-18,53
29,-18,53
29,-18,53
29,-18,53
29,-18,53
29,-18,53
29,-17,53
29,-17,53
29,-17,54
29,-17,53
29,-18,53
29,-18,53
29,-18,53
29,-18,53
29,-17,53
29,-18,54
29,-18,53
29,-18,53
29,-17,53
29,-17,53
29,-18,53
29,-17,53
29,-17,53
29,-17,53
29,-17,53
29,-18,54
29,-18,53
29,-17,53
29,-18,53
29,-18,53
29,-17,53
29,-18,53
29,-17,53
29,-17,53
29,-17,53
29,-17,53
29,-17,53
29,-17,53
29,-18,53
29,-17,54
29,-17,53
29,-17,53
29,-17,53
29,-18,53
29,-18,53
29,-17,53
29,-17,53
29,-17,53
29,-18,53
29,-18,53
29,-17,53
29,-17,53
29,-17,54
29,-17,54
29,-17,54
30,-17,53
29,-18,53
29,-18,53
29,-18,53
29,-18,53
29,-17,53
29,-17,53
29,-18,53
29,-17,54
29,-18,53
29,-17,53
29,-17,53
29,-17,53
29,-17,53
29,-17,53
29,-17,53
29,-17,54
29,-17,53
29,-17,53
29,-18,53
29,-17,53
29,-17,53
29,-17,53
29,-18,53
29,-17,54
29,-17,53
29,-17,53
29,-17,53
29,-17,53
29,-17,54
29,-17,53
29,-18,53
29,-18,53
29,-17,54
30,-17,54
29,-17,54
29,-18,54
28,-19,53
28,-19,53
28,-19,53
28,-18,54
27,-17,54
28,-17,54
29,-17,54
29,-17,54
28,-18,54
29,-18,53
30,-18,53
30,-18,53
30,-17,53
29,-17,53
30,-16,53
30,-16,53
31,-16,53
30,-16,53
31,-16,53
31,-16,53
31,-16,52
32,-16,52
32,-16,52
32,-15,52
32,-15,52
33,-15,52
33,-15,52
33,-15,52
33,-15,52
33,-15,52
33,-15,52
33,-15,52
32,-15,52
32,-16,52
32,-16,52
32,-16,52
32,-15,52
32,-16,52
32,-16,52
33,-15,52
33,-15,52
32,-16,52
32,-16,52
32,-16,52
32,-16,52
32,-16,52
31,-16,52
32,-16,52
31,-16,52
31,-16,52
32,-16,52
32,-16,52
32,-16,52
32,-16,52
32,-16,52
33,-16,52
32,-16,52
31,-17,51
33,-17,52
34,-16,52
32,-15,53
31,-15,52
32,-16,52
33,-16,52
33,-15,52
33,-15,52
32,-16,52
31,-17,51
32,-17,51
34,-17,51
34,-16,51
32,-15,52
31,-16,52
32,-15,51
32,-15,51
34,-15,52
34,-16,52
32,-16,52
32,-16,52
33,-16,52
33,-16,52
31,-16,53
31,-16,53
32,-16,53
32,-16,52
33,-18,51
34,-17,52
32,-14,52
31,-14,52
32,-14,53
33,-14,53
33,-14,53
30,-16,53
29,-17,53
29,-18,53
31,-17,52
33,-16,52
33,-15,52
32,-16,53
31,-16,53
31,-16,53
31,-15,53
32,-16,53
31,-16,52
31,-18,52
31,-18,52
31,-19,52
31,-18,52
30,-17,53
30,-17,53
30,-16,53
30,-16,53
30,-16,53
30,-18,53
31,-18,52
31,-18,52
30,-18,52
30,-18,52
30,-18,53
31,-16,52
32,-15,52
33,-15,52
32,-16,52
30,-17,53
29,-18,53
29,-19,53
30,-19,52
32,-18,52
32,-18,52
31,-17,52
31,-16,51
31,-16,53
33,-16,53
32,-16,52
32,-17,52
32,-17,51
32,-18,52
32,-17,52
32,-17,52
31,-17,52
31,-17,52
30,-17,52
31,-17,52
32,-17,52
33,-17,53
33,-17,54
31,-19,55
28,-19,53
33,-18,52
35,-18,51
32,-17,50
31,-16,50
30,-16,51
32,-16,53
29,-18,52
30,-18,52
32,-17,51
31,-17,51
30,-17,52
30,-18,53
29,-19,53
31,-19,53
32,-19,53
30,-18,52
30,-18,53
30,-19,53
30,-18,52
31,-17,52
30,-17,53
31,-16,53
31,-17,53
30,-17,53
30,-17,53
31,-17,53
31,-18,53
39,-19,59
38,-18,55
25,-20,39
41,-20,52
35,-17,50
24,-16,47
31,-17,58
29,-18,58
20,-20,54
28,-22,56
29,-22,56
26,-20,51
27,-19,51
34,-17,52
31,-16,51
27,-18,52
27,-19,53
25,-19,54
23,-19,53
30,-18,55
32,-18,57
28,-18,55
25,-17,53
29,-18,54
31,-18,54
28,-16,54
28,-16,54
25,-16,55
25,-16,56
23,-18,57
23,-17,54
24,-16,49
26,-15,50
34,-16,51
41,-15,56
40,-15,54
36,-11,47
36,-11,48
38,-9,50
40,-9,51
38,-10,49
38,-11,50
39,-11,52
38,-11,52
36,-9,46
40,-9,46
45,-7,46
45,-7,45
44,-8,45
44,-8,48
42,-8,48
38,-9,47
38,-11,49
38,-11,50
37,-13,47
38,-14,50
36,-14,51
37,-13,50
37,-12,48
32,-11,48
30,-9,43
45,-12,53
42,-12,55
31,-11,54
28,-10,53
35,-5,50
40,-5,49
44,-6,52
42,-7,53
35,-15,61
22,-17,56
27,-16,51
30,-15,50
31,-18,48
35,-19,50
38,-21,51
34,-21,51
27,-17,55
27,-15,55
28,-10,51
39,-11,51
37,-12,49
39,-17,53
35,-16,55
32,-12,57
29,-13,58
24,-13,54
24,-14,52
29,-15,51
35,-17,53
34,-18,52
31,-19,51
30,-18,53
30,-17,53
31,-15,53
31,-16,53
35,-15,51
35,-15,51
32,-14,52
31,-14,53
28,-14,54
29,-15,53
30,-15,53
33,-15,53
33,-15,53
33,-15,52
33,-15,52
33,-15,52
33,-15,52
33,-15,52
33,-16,52
32,-16,51
32,-16,51
33,-16,51
34,-16,51
34,-15,52
34,-15,52
34,-15,52
34,-15,52
33,-15,52
33,-15,53
34,-15,52
34,-16,51
33,-16,50
33,-17,51
33,-17,51
33,-16,51
34,-16,51
33,-15,52
32,-15,52
32,-15,52
32,-15,52
33,-16,52
33,-16,51
33,-17,52
32,-17,52
32,-17,52
32,-17,52
33,-16,52
32,-16,52
32,-15,52
32,-16,52
32,-17,52
32,-17,52
32,-18,52
31,-18,52
31,-18,52
31,-18,52
31,-18,52
31,-17,52
31,-17,52
31,-17,52
31,-17,53
31,-17,53
30,-17,53
29,-18,52
29,-18,52
30,-19,52
30,-19,52
29,-19,53
29,-18,53
29,-18,53
29,-18,53
30,-19,53
29,-19,53
29,-20,53
29,-20,52
29,-20,53
29,-20,53
29,-19,53
29,-19,53
28,-19,53
28,-19,53
28,-20,53
28,-19,53
28,-20,53
27,-20,53
27,-20,53
27,-20,53
27,-20,53
28,-20,53
28,-20,53
28,-20,53
28,-20,53
28,-20,53
28,-20,53
29,-20,53
29,-19,53
29,-19,54
28,-19,53
28,-19,53
29,-20,53
29,-20,53
29,-20,53
29,-20,53
28,-20,53
28,-19,53
28,-19,53
28,-19,53
29,-19,53
28,-20,53
28,-20,53
28,-19,53
29,-19,53
29,-19,53
29,-19,53
29,-19,53
29,-19,53
29,-19,53
30,-19,53
29,-19,53
29,-19,53
29,-19,53
29,-18,53
30,-18,53
30,-18,53
30,-18,53
30,-18,53
30,-18,52
30,-18,52
31,-18,52
31,-18,52
30,-18,53
30,-18,53
30,-18,53
29,-18,53
30,-19,52
30,-19,52
30,-19,53
29,-19,53
28,-19,53
28,-19,53
29,-18,53
29,-19,53
28,-19,53
29,-19,53
29,-19,53
29,-19,53
29,-19,53
29,-19,53
28,-19,53
28,-19,53
29,-19,53
28,-19,53
28,-19,53
28,-19,53
28,-19,53
28,-20,53
28,-20,53
29,-20,53
28,-20,53
28,-20,53
28,-19,53
28,-19,53
27,-20,53
27,-20,54
27,-20,54
27,-20,53
27,-20,53
27,-20,53
27,-20,53
27,-20,53
27,-20,53
28,-20,53
27,-20,53
28,-20,53
28,-20,53
27,-20,53
27,-20,54
27,-20,53
28,-20,53
28,-20,53
28,-20,53
28,-20,53
28,-20,53
28,-20,53
28,-20,53
28,-20,53
28,-19,53
28,-19,53
27,-20,53
28,-19,53
28,-19,53
28,-20,53
27,-20,53
27,-20,53
28,-20,53
27,-20,53
27,-20,54
27,-20,53
28,-20,53
28,-20,53
28,-20,53
27,-20,53
28,-20,53
28,-19,53
28,-19,53
28,-19,53
28,-19,53
29,-20,53
28,-20,53
28,-20,53
28,-20,53
28,-19,54
28,-19,54
28,-19,53
28,-19,53
29,-20,53
29,-20,53
29,-20,53
28,-20,53
28,-20,53
29,-19,53
28,-19,53
28,-20,53
28,-19,53
28,-19,53
28,-19,53
28,-19,53
28,-20,53
28,-20,53
28,-20,53
28,-20,53
28,-20,53
28,-20,53
28,-20,53
28,-20,53
28,-20,53
28,-20,53
28,-20,53
28,-20,53
28,-20,53
28,-20,53
27,-20,53
28,-20,53
28,-20,53
28,-20,53
28,-20,53
28,-20,53
28,-20,53
28,-20,53
28,-20,53
28,-20,53
28,-20,53
28,-20,53
28,-20,53
28,-20,53
28,-20,53
28,-20,53
28,-20,53
28,-20,53
28,-19,53
28,-20,53
28,-20,53
28,-20,53
28,-20,53
28,-20,53
28,-20,53
28,-20,54
28,-20,54
28,-20,53
28,-20,53
28,-20,53
28,-20,53
28,-20,53
28,-20,53
28,-20,53
27,-20,53
28,-19,53
28,-20,53
27,-20,53
27,-20,53
28,-20,53
27,-20,53
28,-20,54
28,-20,54
28,-20,53
27,-20,53
27,-20,53
28,-20,53
28,-20,53
27,-20,53
27,-20,54
28,-20,54
27,-20,53
27,-20,53
27,-20,53
27,-20,53
27,-20,54
27,-20,53
27,-20,53
27,-20,54
27,-20,54
27,-20,54
27,-20,54
27,-20,53
27,-21,54
27,-21,53
27,-21,53
27,-21,53
27,-20,54
27,-20,53
27,-20,53
27,-20,53
28,-20,53
27,-20,53
27,-20,53
27,-20,53
27,-20,53
27,-20,53
27,-20,53
27,-20,53
27,-20,54
27,-20,53
27,-20,53
27,-20,53
27,-20,53
27,-20,53
27,-20,54
27,-20,53
27,-20,53
27,-20,53
28,-20,53
27,-20,53
27,-20,53
27,-20,53
28,-20,53
28,-20,53
27,-20,53
27,-20,53
27,-20,53
27,-20,53
27,-20,53
27,-20,53
28,-20,53
28,-20,53
28,-20,53
28,-20,53
28,-20,53
28,-20,53
28,-20,53
28,-20,53
27,-20,53
28,-20,53
28,-20,53
28,-20,53
28,-20,53
28,-20,53
28,-20,53
28,-20,53
28,-20,53
27,-20,53
28,-20,53
28,-20,53
27,-20,53
27,-20,53
28,-20,53
28,-20,53
28,-20,53
28,-20,53
28,-20,53
28,-20,53
28,-20,53
28,-20,53
28,-20,53
28,-20,53
28,-20,53
27,-20,53
28,-20,53
28,-20,54
28,-20,53
27,-20,53
28,-20,53
28,-20,53
28,-20,53
27,-20,53
27,-20,53
28,-20,53
28,-20,53
27,-20,53
27,-20,53
28,-20,53
28,-20,54
28,-20,53
28,-20,53
28,-20,53
28,-20,53
28,-20,53
28,-20,54
28,-20,53
28,-20,53
27,-20,53
27,-20,53
27,-20,53
27,-20,53
27,-20,53
27,-20,53
28,-20,53
28,-20,53
28,-20,53
28,-20,54
28,-20,53
28,-20,53
28,-20,53
27,-20,53
27,-20,53
27,-20,54
27,-20,54
27,-20,54
27,-20,54
27,-21,53
27,-21,53
27,-21,53
27,-21,53
27,-20,53
27,-20,53
27,-20,53
27,-20,53
27,-20,53
27,-20,53
27,-20,53
27,-20,53
27,-20,53
27,-20,54
27,-20,53
27,-20,53
27,-20,53
27,-20,53
27,-20,53
28,-20,53
28,-20,53
27,-20,53
27,-20,53
27,-20,54
27,-20,53
27,-20,53
27,-20,53
27,-20,53
27,-21,53
27,-21,53
27,-20,53
27,-21,53
27,-20,53
27,-20,53
27,-20,53
27,-20,53
27,-20,53
27,-20,53
27,-20,53
27,-20,53
28,-20,53
28,-20,53
28,-20,53
27,-20,53
27,-20,53
28,-20,53
28,-20,53
28,-20,53
27,-20,53
27,-20,53
28,-20,53
28,-20,53
28,-20,53
27,-20,53
27,-20,53
28,-20,53
28,-20,53
27,-20,53
27,-20,53
28,-20,53
27,-20,53
27,-20,53
27,-20,53
27,-20,53
27,-20,53
27,-20,53
27,-20,53
28,-20,53
28,-20,53
27,-20,53
27,-20,53
28,-20,53
28,-20,53
27,-20,53
27,-20,53
27,-20,54
28,-20,53
27,-20,53
27,-20,53
27,-20,53
27,-20,54
28,-20,54
27,-20,53
27,-20,53
27,-20,53
27,-20,53
27,-20,53
27,-20,53
27,-20,53
27,-20,53
28,-20,54
28,-20,53
27,-20,53
27,-20,53
28,-20,53
28,-20,53
27,-20,53
27,-20,53
28,-20,53
28,-20,53
27,-20,53
27,-20,54
28,-20,53
27,-20,53
27,-20,53
27,-20,53
27,-20,53
27,-20,53
27,-20,53
27,-20,53
27,-20,53
27,-20,53
27,-20,53
27,-20,53
27,-20,53
27,-20,53
27,-20,53
28,-20,53
28,-20,54
27,-20,53
27,-20,54
28,-20,53
27,-20,53
27,-20,54
27,-20,53
28,-20,53
27,-20,53
27,-20,53
27,-20,54
27,-20,53
27,-20,53
27,-20,53
27,-20,53
27,-20,53
27,-20,54
27,-20,53
27,-20,53
27,-20,53
27,-20,53
27,-20,53
27,-20,53
27,-20,53
27,-20,54
27,-20,53
27,-20,53
27,-20,53
27,-21,54
27,-20,53
27,-20,53
27,-20,53
27,-21,53
28,-20,53
27,-20,54
27,-20,53
27,-20,54
27,-20,54
27,-20,54
27,-20,53
27,-20,53
27,-20,53
27,-20,53
27,-20,53
27,-20,53
27,-20,53
27,-20,53
27,-20,53
27,-20,53
27,-20,53
27,-20,53
27,-20,53
27,-20,53
27,-20,53
27,-20,53
27,-20,53
28,-20,53
27,-20,53
27,-20,53
27,-20,54
28,-20,54
27,-20,54
27,-20,54
27,-20,53
27,-20,53
27,-20,53
27,-20,53
27,-20,53
27,-20,53
27,-20,53
27,-20,53
27,-20,53
27,-20,54
27,-20,53
27,-20,53
27,-20,53
27,-20,53
27,-20,53
27,-20,53
27,-20,53
27,-20,53
27,-20,53
27,-20,54
28,-20,53
27,-20,53
27,-21,53
27,-20,53
27,-20,53
27,-20,53
27,-20,53
27,-20,54
27,-20,53
27,-20,53
27,-20,53
27,-20,53
27,-20,53
27,-20,53
27,-20,53
27,-20,53
27,-20,53
27,-20,53
27,-20,53
27,-20,53
27,-20,53
27,-20,53
27,-20,53
27,-20,54
27,-20,53
27,-20,53
27,-20,53
27,-20,53
28,-20,53
27,-20,53
27,-20,53
28,-20,54
28,-20,53
27,-20,53
27,-20,53
27,-20,54
27,-20,53
27,-20,53
27,-20,53
27,-20,53
27,-21,53
27,-20,54
27,-20,53
27,-20,53
27,-20,54
27,-20,53
27,-20,54
27,-20,53
27,-20,53
27,-20,54
27,-20,53
27,-20,54
27,-20,53
27,-20,53
27,-20,53
27,-20,54
27,-20,53
27,-20,53
27,-20,53
27,-20,53
27,-20,53
27,-20,53
27,-21,53
27,-20,54
27,-20,53
27,-20,53
27,-20,53
27,-21,53
27,-21,53
27,-20,54
27,-20,54
27,-20,53
27,-20,53
27,-20,53
27,-20,54
27,-20,54
27,-20,53
27,-20,53
27,-21,53
27,-20,53
27,-20,54
27,-20,54
27,-20,53
27,-20,54
28,-20,53
27,-20,53
27,-20,53
27,-20,53
27,-20,53
27,-20,53
27,-20,53
27,-20,53
27,-20,53
27,-20,53
27,-20,53
27,-21,53
27,-20,54
27,-20,53
27,-20,53
27,-20,53
27,-20,53
27,-20,53
27,-20,53
27,-20,53
27,-21,53
27,-20,53
27,-21,54
27,-21,53
27,-20,53
27,-20,53
27,-20,54
27,-20,53
28,-20,53
27,-21,53
27,-21,53
27,-21,53
27,-20,53
27,-20,54
26,-20,54
27,-20,54
27,-20,54
27,-20,54
27,-21,53
27,-21,53
28,-21,53
27,-21,53
27,-21,54
26,-20,53
26,-23,53
27,-22,53
26,-22,53
25,-21,53
25,-21,53
25,-21,54
28,-22,53
27,-23,53
24,-28,52
22,-27,54
23,-25,53
24,-23,54
23,-20,55
23,-20,55
24,-21,55
24,-21,55
25,-22,54
25,-23,54
27,-23,53
27,-23,53
25,-23,54
25,-22,54
25,-22,54
25,-21,54
25,-21,54
25,-21,54
25,-21,54
25,-22,54
26,-22,54
26,-22,53
26,-22,54
27,-21,54
27,-21,53
26,-21,54
26,-21,54
26,-21,53
27,-21,53
26,-22,53
26,-22,53
27,-21,53
27,-21,53
26,-21,53
26,-21,54
26,-21,53
26,-21,54
26,-21,54
26,-21,53
26,-22,53
26,-21,54
26,-22,53
26,-22,53
27,-22,53
27,-21,53
27,-21,53
26,-21,53
26,-21,53
26,-21,53
26,-21,53
27,-21,53
27,-21,53
27,-21,53
27,-21,53
26,-21,54
26,-21,54
27,-21,53
27,-21,53
27,-21,53
27,-21,53
27,-21,53
26,-21,53
27,-21,54
27,-21,53
27,-21,53
27,-21,53
27,-21,53
27,-22,53
26,-21,53
27,-21,53
27,-21,53
27,-21,53
27,-21,54
27,-21,53
26,-21,53
27,-21,53
27,-21,53
27,-21,53
27,-21,53
27,-21,54
27,-21,53
26,-21,53
26,-21,53
27,-22,54
27,-21,53
27,-21,53
26,-21,53
27,-21,54
27,-21,54
26,-21,54
27,-21,53
27,-21,53
26,-21,53
26,-21,53
27,-21,53
27,-21,53
26,-21,54
26,-21,54
26,-21,53
27,-21,53
27,-21,53
26,-21,54
26,-21,53
26,-21,53
27,-21,53
27,-21,53
27,-21,53
27,-21,53
26,-21,53
26,-21,53
27,-21,53
28,-21,53
27,-21,53
26,-21,53
26,-21,54
27,-21,53
27,-21,53
27,-21,53
26,-21,53
26,-22,53
27,-22,53
27,-21,53
26,-21,53
26,-21,53
26,-21,53
26,-21,54
26,-21,53
26,-21,54
26,-21,54
27,-22,53
27,-21,53
26,-22,54
26,-22,53
26,-22,54
26,-21,54
26,-21,54
26,-21,54
26,-21,53
26,-22,53
27,-22,53
27,-21,53
26,-21,54
26,-21,53
26,-21,53
27,-21,54
27,-21,53
26,-21,53
27,-22,53
26,-22,53
26,-22,53
26,-22,53
26,-22,53
26,-21,53
26,-21,53
26,-21,54
26,-22,54
26,-22,53
26,-22,53
26,-22,54
26,-22,53
26,-21,53
26,-21,54
26,-21,53
26,-22,54
26,-21,54
27,-21,53
27,-21,53
26,-21,53
27,-21,53
26,-21,54
25,-21,54
26,-21,53
27,-21,53
27,-21,53
26,-21,53
26,-21,54
26,-21,53
27,-21,53
27,-21,54
26,-21,54
26,-21,54
26,-22,53
27,-21,53
27,-21,54
26,-21,54
26,-21,54
26,-21,54
27,-21,54
26,-21,54
26,-21,53
26,-21,53
27,-21,53
27,-21,54
27,-21,54
26,-21,53
26,-21,54
27,-21,54
27,-21,54
26,-21,53
26,-21,53
27,-21,53
27,-20,54
27,-21,53
27,-21,53
27,-21,54
26,-21,53
27,-21,54
28,-21,52
26,-21,54
26,-21,54
27,-20,53
27,-21,53
27,-21,53
26,-21,54
26,-21,54
27,-21,53
27,-21,54
27,-21,53
26,-21,54
27,-21,54
27,-21,53
27,-21,53
27,-21,53
26,-21,54
27,-21,54
27,-21,53
27,-21,53
27,-21,53
26,-21,54
27,-21,54
27,-21,53
27,-21,53
27,-21,53
27,-21,53
26,-21,53
27,-21,53
27,-21,53
26,-21,54
26,-21,54
27,-21,54
27,-21,53
26,-21,54
26,-21,53
27,-21,53
27,-21,53
27,-21,53
27,-21,53
27,-21,54
26,-21,53
26,-21,54
27,-21,53
27,-21,53
27,-21,53
27,-21,53
27,-21,53
26,-21,54
26,-21,54
27,-21,53
27,-21,53
27,-21,53
27,-21,53
27,-21,53
27,-21,54
27,-21,53
27,-21,53
27,-20,53
27,-21,54
27,-21,53
27,-21,53
27,-20,53
27,-20,54
27,-20,54
27,-20,54
27,-21,53
28,-21,53
27,-21,53
26,-21,53
26,-21,54
27,-21,53
27,-21,53
26,-21,54
26,-21,54
26,-21,53
27,-21,54
27,-21,53
27,-21,53
27,-21,53
27,-21,53
27,-20,53
27,-21,54
27,-21,54
27,-21,54
27,-21,53
27,-21,53
27,-21,54
27,-21,53
27,-21,54
27,-21,53
27,-21,54
27,-20,53
27,-20,53
26,-21,53
26,-21,54
27,-20,54
27,-20,53
27,-21,53
26,-21,54
26,-21,53
27,-21,54
27,-21,53
27,-21,53
27,-21,53
27,-21,53
27,-21,53
27,-21,53
27,-21,54
27,-21,53
27,-21,54
26,-21,54
27,-21,53
27,-21,54
27,-21,54
27,-21,53
27,-21,53
27,-21,54
27,-21,53
27,-21,53
26,-21,53
27,-21,54
27,-21,54
26,-21,53
26,-21,54
26,-21,54
27,-21,54
27,-21,53
26,-21,53
27,-21,53
27,-21,53
26,-21,54
26,-21,53
27,-21,54
27,-21,53
26,-21,54
26,-21,53
26,-21,54
26,-21,53
27,-21,53
27,-21,53
26,-21,53
27,-21,53
26,-21,53
27,-21,53
27,-21,53
27,-21,53
27,-21,54
27,-21,53
26,-21,53
27,-21,53
27,-21,53
26,-21,54
27,-21,54
27,-21,53
27,-21,53
26,-21,53
26,-21,53
27,-21,53
27,-21,53
27,-21,53
27,-21,53
26,-21,53
26,-21,53
26,-21,54
26,-21,53
26,-21,54
27,-21,53
27,-21,53
26,-21,54
27,-21,53
26,-21,53
26,-21,53
27,-21,54
27,-21,54
26,-21,53
26,-21,53
27,-21,54
27,-21,54
27,-21,53
26,-21,53
26,-21,54
26,-21,53
26,-21,54
27,-21,53
26,-21,53
26,-21,53
27,-21,54
27,-21,53
26,-21,53
26,-21,53
26,-21,54
26,-21,53
27,-21,54
26,-21,54
26,-21,54
26,-21,54
27,-20,54
26,-21,53
26,-21,54
27,-21,54
27,-21,54
26,-21,53
26,-21,53
26,-21,54
26,-21,54
27,-21,53
26,-21,53
26,-21,53
26,-21,54
26,-21,53
27,-21,54
27,-21,54
26,-21,54
26,-21,54
26,-21,54
26,-21,54
26,-21,54
26,-21,54
26,-21,54
26,-21,54
26,-21,54
26,-21,53
26,-21,54
26,-21,54
26,-21,54
26,-21,53
27,-21,54
26,-21,54
27,-21,53
26,-21,53
26,-21,54
26,-21,53
26,-21,54
26,-21,54
26,-21,54
26,-21,53
26,-21,53
26,-21,54
26,-22,54
26,-21,53
26,-21,53
26,-21,54
26,-21,54
27,-21,54
26,-21,54
26,-21,54
26,-21,53
26,-21,53
27,-21,53
26,-21,53
26,-21,54
26,-21,54
26,-21,53
27,-21,53
26,-21,53
26,-21,53
27,-21,54
27,-21,53
26,-21,54
27,-21,53
26,-21,54
25,-21,54
24,-20,54
25,-20,54
27,-21,53
27,-22,53
26,-22,53
26,-21,54
26,-20,54
26,-20,54
26,-21,54
26,-21,54
26,-21,54
26,-22,53
26,-22,54
26,-21,54
26,-21,54
27,-21,54
26,-22,54
24,-22,54
25,-22,54
25,-22,54
25,-22,53
25,-23,54
25,-22,54
24,-22,54
24,-23,55
25,-24,55
25,-24,55
23,-24,54
23,-24,53
23,-22,53
23,-21,54
24,-20,55
25,-19,56
28,-20,55
27,-19,54
23,-19,54
23,-19,56
24,-19,57
24,-20,54
19,-21,53
14,-21,57
13,-20,58
10,-20,61
6,-20,60
9,-18,58
14,-22,60
19,-19,60
16,-20,57
13,-21,57
13,-17,58
20,-18,59
16,-22,58
14,-21,56
17,-16,56
26,-21,55
18,-22,55
13,-16,61
16,-16,78
14,-11,59
24,-17,61
23,-16,62
21,-12,61
19,-14,61
14,-17,106
14,-14,64
12,-21,51
11,-21,51
21,-22,57
22,-21,58
20,-21,57
19,-20,57
19,-19,57
20,-18,57
22,-18,57
21,-18,57
21,-19,57
21,-18,57
19,-18,57
19,-17,57
24,-17,57
25,-18,57
23,-20,55
23,-20,55
24,-20,56
21,-20,56
21,-19,56
21,-20,56
21,-20,56
23,-21,56
24,-22,56
25,-21,55
25,-21,55
23,-20,55
23,-18,55
24,-16,55
26,-16,56
22,-17,56
19,-18,56
18,-23,57
18,-24,56
19,-24,56
19,-25,55
19,-24,55
20,-24,56
19,-24,55
19,-24,56
19,-23,56
19,-23,55
19,-24,55
19,-24,55
19,-24,56
21,-26,56
21,-26,55
20,-26,55
20,-26,55
18,-25,56
16,-24,57
24,-26,59
26,-29,58
19,-28,54
19,-27,53
17,-27,54
14,-24,55
15,-22,59
21,-21,61
27,-19,60
27,-18,59
24,-18,57
26,-18,58
28,-16,57
33,-16,59
32,-16,59
30,-14,58
29,-12,57
30,-7,54
31,-7,54
30,-3,48
35,0,46
43,6,39
46,8,35
46,12,26
45,13,22
50,16,25
49,17,27
54,21,29
56,22,26
59,21,27
60,21,29
57,19,32
52,18,35
41,18,38
44,16,41
39,16,41
33,14,48
25,15,51
29,14,60
28,14,58
24,13,53
37,11,59
22,16,56
27,17,57
29,17,52
28,17,49
32,15,52
35,15,54
33,16,53
30,17,51
28,18,49
28,18,49
28,18,45
30,16,45
39,14,55
29,13,59
23,14,59
23,15,59
26,16,58
30,16,57
29,15,57
27,15,56
28,14,58
28,15,57
28,16,57
33,14,61
27,14,60
22,18,62
26,19,65
24,23,67
21,25,64
23,21,58
24,20,55
31,17,51
34,13,56
38,17,64
53,22,68
56,38,63
47,38,54
32,44,39
25,42,32
15,40,28
5,42,21
2,42,20
-3,43,20
-1,45,20
8,47,17
9,52,16
16,56,17
19,56,19
11,59,19
13,57,17
18,57,19
24,58,23
26,61,17
24,60,15
23,58,13
25,57,14
27,60,12
27,60,10
32,60,12
26,60,9
13,57,8
15,56,10
27,56,14
26,56,15
25,55,13
23,55,15
18,55,18
15,52,21
24,50,16
34,52,17
38,55,16
41,59,14
30,59,13
3,50,25
-14,47,36
-10,39,43
6,36,47
31,32,52
42,30,57
32,24,61
12,23,53
26,12,60
34,9,64
25,10,60
19,11,59
20,10,65
18,10,61
20,7,63
16,3,64
17,2,64
11,1,61
11,2,60
11,3,60
12,2,61
16,1,60
25,1,64
25,4,78
21,3,69
11,3,55
16,0,59
16,1,64
14,4,66
9,6,59
10,6,56
9,11,58
6,19,63
16,5,64
20,9,64
20,5,65
15,6,63
15,6,63
18,-1,59
22,-3,60
25,-7,59
25,-5,60
18,0,62
17,1,62
19,4,61
18,3,61
18,1,62
16,2,61
15,3,63
16,1,63
15,2,63
14,2,63
11,3,64
11,2,63
16,2,65
18,0,64
11,0,62
10,1,63
14,4,62
15,5,59
16,4,60
15,4,61
13,5,62
11,7,63
8,8,62
10,7,61
10,6,60
12,5,58
12,5,56
15,7,60
15,10,60
16,12,63
15,12,65
11,14,62
12,15,62
12,12,70
10,11,72
12,10,64
13,9,60
13,9,56
12,8,57
12,8,58
14,9,60
14,11,62
10,12,64
12,12,66
12,13,65
12,11,63
8,7,62
11,5,61
13,4,59
14,5,59
10,7,63
7,9,65
8,14,63
9,13,61
7,10,62
10,9,62
12,9,61
15,6,63
13,7,63
16,8,65
13,9,68
16,9,69
16,12,64
13,11,62
12,10,59
17,8,58
21,8,59
18,7,63
19,8,62
19,14,57
19,14,57
20,11,62
20,10,62
19,10,57
16,12,55
19,10,59
18,9,60
19,8,62
18,9,59
17,10,60
17,10,61
17,11,62
19,10,62
19,10,61
17,10,59
19,10,58
14,12,56
17,10,59
17,12,60
24,12,65
19,13,65
19,14,63
21,15,56
20,14,54
21,14,54
20,13,53
29,15,59
24,15,57
25,15,56
24,14,55
24,13,55
23,13,56
26,13,63
24,13,62
21,15,55
20,14,58
21,16,63
22,17,61
21,15,58
20,13,59
19,13,59
21,14,58
21,15,57
22,14,59
21,14,60
23,14,60
22,15,59
22,15,58
23,15,57
25,14,58
25,14,58
28,15,58
29,15,57
31,16,59
28,17,57
24,16,50
24,15,50
26,11,54
25,11,55
23,14,58
27,17,59
28,18,56
28,17,57
28,17,59
28,16,57
28,18,56
32,18,63
27,19,60
27,20,56
25,19,55
22,17,53
22,17,53
20,15,54
21,14,54
23,15,54
21,15,54
26,15,56
23,16,54
22,16,51
22,16,53
21,15,60
24,14,66
29,14,65
25,15,59
25,16,59
25,18,59
17,20,57
19,21,63
20,22,65
14,25,63
12,27,63
16,30,66
15,32,65
11,34,58
17,33,55
23,29,51
16,29,47
7,29,44
10,28,49
11,24,49
10,23,45
14,20,51
18,17,60
17,9,63
14,6,61
19,-3,69
22,-1,69
16,-1,61
15,1,61
10,-1,55
17,-1,61
15,-1,63
20,12,81
14,-5,68
13,4,65
12,2,64
11,1,64
12,0,64
14,0,63
11,1,62
11,1,63
11,2,63
14,2,63
14,2,63
13,2,62
13,2,63
15,2,63
14,2,62
14,2,63
15,2,63
16,1,63
18,1,64
15,0,65
16,-1,65
4,1,63
-1,1,62
-3,0,63
-5,1,63
-5,2,63
-7,2,63
-8,2,63
-8,2,63
-7,3,65
-6,3,63
-7,2,64
-7,3,64
-6,3,63
-6,3,63
-6,3,64
-7,3,62
-6,4,64
-3,3,64
-4,4,64
-4,5,64
-3,3,64
-4,4,64
-2,4,64
-2,4,64
-6,3,64
-4,3,63
-4,5,64
-3,5,64
-4,2,63
-3,6,64
-2,4,64
-2,2,63
-3,5,63
-3,5,63
0,10,66
-3,7,64
-3,5,64
0,5,65
-3,6,62
-2,5,64
-1,5,64
1,5,65
1,7,65
-3,7,65
-5,6,94
-3,5,63
2,2,65
-12,10,59
-8,-6,60
-10,2,63
-7,4,63
-4,3,64
-5,3,64
-6,3,64
-5,2,64
-4,2,65
-2,3,64
-9,2,64
-14,4,63
-10,0,64
-8,-2,65
8,15,71
6,7,69
21,11,67
24,9,63
25,18,58
18,8,55
21,12,59
23,14,54
23,14,53
21,14,53
19,13,55
20,11,59
20,9,58
23,8,62
19,8,58
22,4,59
24,2,57
23,-3,54
25,-6,54
30,-8,44
29,-6,47
33,5,70
38,12,74
27,11,59
23,8,53
38,3,65
34,0,65
28,3,55
27,4,56
22,5,55
31,5,63
21,6,55
26,5,57
29,4,61
23,4,54
24,5,55
29,3,59
31,4,58
36,4,56
36,5,53
47,7,51
61,10,51
57,17,46
45,18,45
43,22,43
51,22,46
39,22,39
33,22,36
32,25,42
26,28,44
24,27,44
28,25,49
22,25,51
21,26,51
31,25,55
26,25,51
29,25,52
29,24,52
33,24,55
34,24,52
30,24,49
32,23,54
30,23,54
29,21,52
28,21,52
33,22,57
23,22,52
26,23,46
38,21,47
34,21,53
32,20,52
31,19,51
30,18,52
27,11,52
20,5,55
25,15,66
35,10,61
31,9,54
30,13,55
24,11,58
42,10,63
23,10,53
5,10,60
12,10,65
28,10,61
23,9,59
13,11,57
11,12,61
23,10,67
20,11,63
16,11,60
12,12,61
6,13,64
9,13,69
6,13,60
10,14,60
9,15,60
6,18,55
11,20,60
10,19,63
5,17,60
9,17,63
5,18,61
5,19,58
4,21,57
8,21,57
9,20,59
3,23,53
1,21,50
4,23,54
11,21,57
16,13,60
25,10,66
24,9,66
14,11,66
21,9,68
19,9,63
27,9,63
32,11,65
21,13,57
14,15,56
18,12,62
16,14,56
16,15,60
13,13,60
17,13,61
17,12,61
14,13,58
18,14,61
21,13,63
15,15,60
8,17,60
10,17,54
14,19,59
17,12,65
15,11,64
20,12,62
16,16,60
17,14,59
19,14,62
19,15,59
18,15,58
17,12,64
17,13,65
15,16,57
18,14,59
20,14,62
18,15,61
16,15,59
16,13,60
18,14,61
18,16,58
19,16,59
19,15,59
22,13,62
22,15,59
20,14,59
19,14,59
17,15,59
18,15,59
20,15,59
20,15,59
20,15,60
20,14,59
20,15,59
20,14,59
19,14,59
20,14,59
19,14,59
20,15,59
19,15,59
20,14,59
20,14,59
19,15,58
21,16,58
22,15,58
19,14,58
19,15,60
22,15,59
21,15,59
20,15,58
20,15,59
21,15,59
22,15,59
21,15,59
20,14,59
20,15,59
20,14,59
21,15,59
20,15,58
21,15,58
21,15,58
21,15,59
22,14,58
21,14,58
22,14,58
21,15,58
20,15,59
21,15,58
21,14,59
22,15,59
21,15,58
22,15,59
22,15,58
21,15,58
22,15,59
22,15,58
21,15,58
22,14,58
21,15,58
22,15,58
21,15,58
21,15,58
21,15,58
22,15,58
22,15,58
21,14,59
22,15,59
22,15,58
23,16,58
22,15,58
22,14,58
22,16,59
22,15,58
22,15,57
22,15,58
22,16,59
22,15,58
22,14,57
22,15,58
22,15,58
22,15,58
22,15,58
22,15,58
22,15,58
22,15,58
21,14,58
22,15,58
22,15,58
22,15,57
21,16,58
22,15,58
21,15,58
21,15,58
22,15,58
22,15,58
22,15,58
21,15,58
22,15,58
22,15,58
21,15,58
21,14,58
21,15,58
22,15,58
22,15,58
22,15,58
22,15,58
22,15,58
21,15,58
22,15,58
22,15,58
21,15,58
23,15,59
22,15,58
21,15,59
21,14,58
22,15,58
23,16,58
21,15,58
21,15,58
22,15,58
22,15,58
21,14,58
21,15,58
22,15,58
21,15,58
22,16,58
22,16,58
21,15,58
21,14,58
20,14,57
21,16,55
28,16,53
23,16,56
19,15,58
20,13,62
18,10,61
20,10,62
21,10,63
22,10,61
24,10,61
24,10,59
23,11,58
23,11,59
22,10,59
23,10,59
24,11,59
24,11,58
23,11,58
23,11,58
23,11,58
23,10,59
23,10,58
23,11,58
23,11,58
24,11,59
24,11,59
23,11,58
23,10,58
22,10,58
24,11,59
24,11,58
23,11,58
23,11,58
23,11,58
23,11,58
24,11,59
24,11,59
23,11,58
23,11,58
23,11,59
24,11,58
23,11,58
23,10,58
23,12,58
24,11,58
23,11,58
23,12,58
23,11,58
23,10,58
24,11,59
24,12,58
23,11,59
23,11,58
23,11,58
24,11,58
24,11,58
23,10,58
24,11,59
23,11,58
23,11,59
23,11,58
23,11,58
23,11,58
23,11,58
23,11,59
23,11,59
24,11,58
24,11,58
23,11,58
23,11,58
24,11,59
23,11,58
23,11,58
24,11,58
23,11,58
23,11,59
23,11,58
24,11,59
23,11,58
23,11,58
23,11,59
24,11,58
24,11,58
22,12,58
25,10,58
24,10,59
23,12,59
23,11,58
23,11,58
23,11,58
23,11,58
24,11,58
23,12,58
24,11,58
24,11,58
23,11,58
22,11,58
23,11,59
24,12,58
26,11,59
23,11,57
23,11,58
23,12,58
23,12,57
24,12,58
24,12,58
24,11,58
24,12,58
24,12,58
23,11,58
24,12,58
23,12,58
24,12,58
24,12,58
23,12,58
23,12,58
24,12,58
24,12,58
23,12,58
23,12,59
24,13,58
24,12,58
24,12,58
23,12,58
23,11,58
24,12,58
24,12,58
24,12,58
24,12,58
22,11,58
23,12,59
24,12,58
24,12,58
23,11,58
23,12,58
24,12,57
23,12,57
24,13,58
24,12,58
23,12,59
23,12,58
23,12,58
24,12,59
24,12,57
23,11,58
24,12,58
24,12,58
23,12,58
23,12,58
25,12,59
23,11,58
23,12,59
24,12,58
24,12,58
23,12,58
22,12,57
23,12,58
24,13,58
23,12,58
23,12,58
24,12,58
23,12,58
23,12,58
23,12,58
23,12,58
24,12,58
23,12,58
23,12,59
23,12,58
23,12,58
24,12,58
23,12,58
23,12,59
24,12,58
24,12,58
23,12,58
23,12,58
24,12,58
23,12,57
24,12,58
24,12,58
23,11,58
23,12,58
24,12,58
23,12,59
24,12,58
24,12,58
23,12,58
23,11,58
24,12,59
23,12,58
23,12,58
23,12,58
23,12,58
24,11,58
24,12,58
23,12,58
23,12,58
23,12,58
24,12,58
24,12,58
23,12,58
23,12,58
24,12,58
23,12,58
24,12,58
23,12,58
23,12,59
23,12,58
23,12,58
24,12,58
24,12,58
23,12,59
24,13,58
24,12,59
24,11,59
24,12,59
23,11,58
24,12,59
23,12,58
23,12,59
24,12,58
23,12,58
23,12,58
23,12,58
24,12,58
24,12,58
23,11,58
24,12,59
24,12,58
23,12,58
23,12,59
23,12,58
24,12,58
23,12,58
24,12,58
24,12,58
23,12,59
23,12,59
23,12,58
24,12,59
23,12,58
24,12,58
24,12,58
23,12,58
23,12,58
23,12,58
23,12,58
23,12,58
23,12,58
24,12,58
24,12,58
22,12,58
23,12,58
24,12,58
23,12,58
24,12,59
24,12,58
24,12,58
23,12,58
23,12,58
23,12,58
23,12,58
23,12,58
24,12,58
23,12,58
23,12,58
24,12,58
24,12,58
23,12,58
24,12,59
23,12,58
24,12,59
23,12,58
23,12,58
24,12,58
23,12,58
23,12,58
24,12,59
23,12,58
23,12,58
24,12,58
23,12,58
23,12,58
24,12,58
24,12,58
23,12,58
23,12,58
24,12,58
23,12,58
23,12,58
23,12,58
24,12,58
24,12,58
23,12,58
23,12,58
23,12,58
23,12,58
24,12,58
24,12,58
24,12,58
23,12,58
23,12,58
24,12,58
24,12,58
22,12,58
23,12,58
25,12,58
23,12,58
23,12,59
23,12,58
24,12,58
23,12,58
23,12,58
24,12,58
23,12,59
23,12,58
24,12,58
23,12,58
23,13,58
24,12,58
24,12,57
23,12,58
23,12,58
23,12,58
23,12,58
23,12,58
24,12,58
23,12,58
23,12,58
24,12,58
24,12,58
22,12,58
23,12,58
24,13,57
24,12,58
23,12,58
23,12,58
24,12,58
24,12,58
23,12,58
23,12,59
24,12,59
24,12,57
23,12,59
23,12,58
23,12,58
24,12,58
23,12,58
24,12,58
23,12,58
23,12,58
23,11,58
23,12,58
23,12,58
23,12,58
24,12,58
24,12,58
24,12,58
23,12,58
23,12,58
23,12,58
24,12,58
23,12,58
24,12,58
23,12,58
24,12,58
23,12,58
23,12,58
23,12,58
24,12,58
24,12,58
23,12,58
23,12,58
23,13,58
24,12,58
23,13,58
23,12,59
24,12,58
24,12,58
23,12,58
23,12,58
24,12,58
24,12,58
23,12,58
24,12,58
23,12,59
23,12,58
24,12,58
24,12,58
23,12,58
24,12,58
23,12,58
23,12,58
23,12,58
23,13,59
23,12,58
24,12,58
23,12,57
23,12,58
24,12,58
23,13,58
23,12,58
23,12,58
24,12,59
23,12,58
24,12,59
23,12,58
23,12,58
24,12,58
23,12,58
23,12,58
24,12,58
23,12,58
23,12,58
24,12,58
23,12,58
23,12,58
24,12,58
22,11,58
24,13,59
24,13,58
23,12,58
24,11,58
23,13,58
23,13,58
23,11,58
24,12,58
23,13,58
23,12,58
23,12,59
24,12,59
23,11,58
23,12,59
23,12,58
23,12,58
24,12,58
23,12,58
24,12,58
24,13,58
23,11,58
22,11,57
24,12,58
23,13,58
24,12,59
23,12,58
23,12,58
23,12,58
23,12,58
23,12,58
24,12,59
23,12,58
23,12,58
24,12,58
24,12,58
22,12,58
23,12,58
24,12,58
24,12,58
23,12,58
23,12,58
24,12,58
23,13,58
22,12,58
23,12,58
23,12,58
23,12,58
24,13,58
23,12,58
23,12,58
24,12,58
25,13,58
23,12,59
22,12,58
24,12,57
25,12,59
22,12,58
23,12,57
25,12,58
23,12,58
23,12,58
24,12,58
23,12,58
23,12,58
24,12,58
24,12,58
23,12,58
23,12,58
23,13,58
23,12,58
23,12,58
24,12,58
24,12,58
23,12,58
23,12,58
24,12,58
23,12,58
24,12,58
23,12,58
24,12,58
23,12,58
23,12,58
24,12,58
23,12,58
24,12,58
25,12,58
24,12,58
23,12,59
24,12,59
23,12,58
23,12,59
23,12,58
25,12,58
24,13,58
23,12,59
23,12,58
23,12,58
23,12,58
24,12,59
24,12,57
25,12,58
23,12,57
23,12,59
23,12,58
23,12,58
23,12,58
24,12,58
24,12,58
23,12,58
23,12,58
24,13,59
24,12,59
22,12,58
23,12,58
25,12,58
22,12,57
23,11,58
24,12,58
25,12,59
22,12,59
22,12,58
25,12,58
25,12,58
23,12,58
23,12,58
24,12,58
23,12,59
23,12,58
24,12,58
24,12,58
23,12,58
23,12,58
24,12,58
24,12,58
23,12,58
23,12,58
23,12,58
24,12,58
24,12,58
23,12,57
24,13,58
23,12,58
22,11,58
24,12,60
26,12,58
26,12,58
25,12,57
24,11,58
25,12,59
24,11,58
24,11,58
23,11,58
25,12,58
26,12,58
24,12,56
24,11,57
24,12,55
22,11,55
26,12,57
24,12,56
29,9,59
29,10,56
32,12,55
33,12,49
35,13,47
36,10,59
27,7,62
20,5,60
25,5,59
33,8,56
34,10,55
33,8,54
32,8,54
33,9,58
35,8,57
28,10,53
27,10,53
31,8,55
34,8,56
31,10,53
30,11,54
31,10,53
35,10,53
35,10,53
34,10,53
31,9,54
31,10,55
32,10,55
32,9,54
32,9,54
32,9,54
31,10,54
30,10,55
31,10,55
32,10,55
32,10,54
31,10,54
32,10,54
31,10,54
31,10,54
33,10,55
33,9,56
32,9,54
32,9,54
32,9,55
31,9,56
32,10,56
33,9,56
31,11,55
32,11,53
30,11,52
31,13,50
30,12,53
30,12,55
30,12,54
33,10,54
33,10,54
32,11,54
31,11,54
30,11,54
31,11,54
32,11,54
31,11,54
31,11,54
31,11,54
31,11,54
31,10,54
33,11,54
33,10,55
33,11,55
33,12,55
27,14,53
26,12,54
28,10,55
31,11,54
33,11,54
31,11,55
31,11,55
31,11,54
32,11,55
31,11,55
31,11,55
30,11,54
31,11,54
32,11,54
33,11,54
32,10,55
31,11,54
31,11,55
32,11,54
33,11,54
33,11,54
30,11,54
30,12,54
30,11,54
32,11,55
32,11,54
31,11,54
31,11,54
31,11,54
32,11,54
31,12,54
30,11,54
30,11,55
32,11,55
34,10,54
35,10,54
32,12,54
29,11,54
31,11,54
31,11,55
32,11,54
32,11,54
29,11,54
29,10,55
30,12,54
32,11,56
30,12,53
33,11,54
33,11,56
30,11,55
28,12,53
31,11,54
31,11,54
34,12,54
33,11,55
30,11,54
30,10,54
32,10,54
32,11,54
32,11,54
31,11,54
30,11,55
30,10,55
30,12,54
32,12,55
32,11,54
31,11,54
31,11,54
31,11,54
31,11,55
31,10,54
32,11,54
32,11,55
32,12,54
31,12,54
31,11,54
31,11,54
31,11,54
31,11,55
30,11,55
30,11,55
31,11,55
30,11,54
30,12,55
30,11,55
31,11,55
31,12,55
30,12,55
30,11,54
29,12,55
30,11,55
30,12,55
31,12,55
30,12,55
30,11,56
30,11,55
30,12,55
30,12,55
29,12,55
29,11,55
29,12,55
29,12,55
29,12,55
29,12,55
30,11,55
31,12,55
30,12,55
29,12,55
28,12,55
29,12,55
30,12,55
29,12,55
30,12,55
30,11,55
30,12,55
29,12,55
30,12,55
30,12,55
29,12,55
29,12,55
30,12,55
30,11,56
30,13,54
29,12,55
29,11,55
29,12,55
29,12,55
29,12,55
30,12,55
30,11,56
29,12,55
28,12,55
29,12,55
30,12,55
31,11,55
31,11,56
31,10,55
30,11,55
31,12,54
31,13,53
29,11,56
29,10,56
30,11,57
29,11,57
28,12,56
29,10,56
29,10,55
30,12,55
28,11,55
28,11,55
29,12,55
29,11,55
29,12,55
30,11,55
30,10,55
30,11,56
29,12,55
31,10,55
31,10,55
29,12,56
29,11,55
29,10,54
32,9,55
32,10,55
31,12,54
30,12,56
30,11,55
31,11,55
31,10,55
30,10,56
29,11,55
31,10,56
31,10,55
30,11,55
28,13,55
28,12,56
28,10,55
29,11,55
31,11,55
30,11,55
28,11,55
28,11,55
29,11,56
30,11,55
29,11,55
30,11,55
30,11,55
29,11,55
29,11,55
30,11,55
30,11,55
30,11,56
30,11,56
29,11,55
30,11,55
29,11,55
29,11,55
30,11,55
30,11,55
30,11,55
30,11,55
29,11,55
30,11,55
29,11,55
30,12,55
30,11,55
30,10,55
29,11,55
29,11,55
30,11,55
30,11,55
30,11,55
30,11,55
30,11,55
29,11,55
29,11,55
30,12,55
30,11,55
30,11,55
30,11,55
30,11,55
30,11,55
30,11,55
30,11,55
30,11,55
30,11,55
30,11,54
31,12,54
30,10,55
30,10,55
31,11,55
31,11,55
30,11,55
30,11,55
30,11,54
32,11,55
31,10,55
30,11,55
30,11,55
29,11,54
30,11,55
30,11,55
30,11,55
32,11,56
32,11,55
31,10,54
31,10,55
30,11,55
30,11,55
32,10,55
31,11,55
30,11,55
30,11,55
30,11,56
31,11,56
30,11,54
30,11,54
31,12,55
29,12,55
28,11,54
30,11,55
31,11,55
31,11,55
31,11,55
28,12,54
30,12,55
30,11,55
30,11,56
29,12,55
30,12,55
30,11,54
30,11,55
30,11,55
30,11,55
30,11,55
31,12,55
29,12,55
29,11,55
30,11,55
31,11,55
31,11,55
29,12,55
29,12,55
30,11,55
31,12,55
30,12,55
29,11,55
31,11,55
30,11,54
31,11,55
30,12,55
30,11,55
31,11,55
31,11,55
30,11,55
29,11,54
29,12,55
30,11,55
31,11,55
30,11,55
30,11,55
30,12,55
30,12,55
30,11,55
32,11,55
31,11,54
30,12,55
29,11,55
31,11,54
30,12,54
30,12,55
30,11,55
31,12,55
31,12,55
29,9,55
28,10,53
30,11,55
30,12,55
35,11,55
36,11,55
28,10,53
28,10,54
32,11,56
33,11,56
31,10,54
29,10,54
32,11,54
32,11,55
31,10,54
30,10,55
32,11,55
32,10,54
31,10,54
31,11,54
31,10,54
34,10,54
34,11,54
31,10,54
31,9,54
33,11,54
33,10,54
32,9,53
32,10,54
33,10,54
33,10,54
33,10,54
32,11,54
33,9,54
33,10,53
33,9,54
32,11,54
31,10,54
32,10,54
33,10,54
33,9,53
32,9,53
33,10,54
31,10,54
32,9,54
33,10,54
31,11,54
32,10,55
31,10,54
30,10,54
33,9,54
31,10,54
30,11,53
31,11,54
31,10,54
31,10,54
31,11,55
31,11,55
31,10,54
32,10,54
31,10,53
32,10,54
32,10,54
32,10,55
30,11,55
31,11,55
31,11,55
32,10,54
32,10,53
32,10,54
32,10,54
32,10,54
32,10,54
31,10,54
31,11,54
31,11,54
30,10,54
31,10,54
33,11,54
31,10,54
31,10,54
32,11,54
32,10,56
31,10,55
31,10,53
32,10,53
32,11,54
32,11,54
32,10,54
32,10,54
32,10,54
33,10,54
34,10,54
34,9,54
33,10,54
32,10,53
33,10,54
34,9,53
33,10,54
33,10,54
32,10,54
33,10,54
34,10,53
32,10,54
32,9,54
32,10,54
34,10,55
33,10,53
31,9,53
32,10,55
31,11,54
32,10,54
32,10,54
33,10,54
32,10,54
31,10,54
32,10,54
33,10,54
33,10,54
31,10,53
31,10,54
33,10,54
32,10,54
31,10,54
31,11,54
32,11,54
32,11,55
31,10,54
31,10,54
32,10,54
32,10,54
32,10,54
32,10,54
31,11,55
31,11,54
32,11,55
31,11,54
31,11,54
32,10,54
32,11,54
31,11,54
31,10,54
32,11,55
31,11,54
31,11,54
31,11,54
31,10,54
32,11,55
32,11,54
31,11,55
31,11,55
31,11,54
30,11,54
31,11,54
31,11,54
31,10,55
31,11,54
31,11,55
31,12,54
30,10,55
31,10,55
31,11,55
31,11,55
30,11,55
31,11,55
31,11,55
31,11,55
31,11,55
29,11,54
30,11,56
32,11,56
31,11,54
30,10,55
30,11,55
28,9,55
28,9,55
30,13,56
30,12,56
27,10,56
27,10,55
31,10,55
30,10,55
28,11,56
28,11,56
29,9,55
30,10,56
29,11,56
28,10,55
30,10,56
31,10,56
31,9,55
29,10,55
29,11,55
30,10,56
29,10,55
29,10,55
30,11,56
31,11,55
31,10,55
30,10,55
30,10,55
31,10,54
31,10,55
28,11,55
29,11,55
31,10,56
30,10,55
30,11,55
30,11,55
30,10,54
31,10,54
31,11,55
29,11,55
29,11,55
30,11,56
30,10,54
31,10,55
31,11,55
30,10,55
31,10,54
29,10,55
29,10,55
31,11,55
31,10,56
30,10,55
31,11,55
31,10,55
30,10,54
30,11,55
30,11,55
31,10,55
31,11,55
30,10,54
30,10,55
31,10,55
31,10,55
32,10,55
31,10,55
30,10,55
30,10,55
32,11,55
31,11,55
30,10,55
31,10,54
31,10,54
31,10,55
30,11,55
30,10,55
30,11,55
31,10,55
30,10,54
30,10,54
30,10,54
32,11,55
30,10,54
31,10,55
31,11,55
30,11,54
30,10,55
31,10,55
30,10,55
31,10,55
30,10,55
31,10,55
31,11,55
30,11,55
31,10,55
31,10,54
30,10,54
31,11,55
31,10,55
29,10,55
31,10,55
31,10,54
31,10,54
30,10,55
31,10,55
32,10,55
30,10,55
30,11,55
31,10,55
30,10,55
31,11,55
32,11,55
30,10,54
29,10,54
31,10,55
31,11,55
30,11,55
30,10,55
31,10,54
31,10,54
30,10,55
30,11,55
30,10,55
30,11,55
31,11,55
30,10,54
30,10,55
32,10,54
31,10,55
30,10,55
31,11,55
30,11,55
31,11,55
30,10,54
30,11,55
31,10,55
31,10,55
30,10,55
30,10,55
30,10,55
31,12,56
30,11,55
30,9,55
31,10,54
30,10,55
30,11,55
30,10,55
30,10,55
31,11,55
31,11,56
30,10,55
31,10,55
31,10,55
30,10,55
31,11,55
30,11,55
30,10,55
31,11,55
30,10,55
30,10,55
31,11,55
30,10,54
30,10,55
30,11,54
30,11,55
31,11,55
30,10,55
31,10,55
31,11,55
30,10,55
31,10,55
29,10,55
30,11,55
30,11,55
31,11,55
30,10,54
30,10,55
31,11,55
31,10,55
29,11,55
30,11,55
31,11,56
30,11,54
31,10,55
31,11,54
31,10,55
30,10,55
29,11,55
30,11,55
30,11,55
31,10,55
31,11,55
30,10,55
31,10,54
31,11,55
30,11,55
29,11,55
29,10,55
32,10,55
32,11,55
29,11,55
29,11,55
30,10,55
30,11,55
31,11,55
30,11,55
30,10,55
30,11,54
30,11,55
30,10,55
30,10,55
30,11,55
30,11,55
30,11,55
30,11,55
30,10,55
30,11,55
30,10,55
29,10,54
30,11,55
30,11,55
30,11,55
30,10,55
30,10,55
31,11,55
30,10,55
30,10,55
30,10,55
29,10,55
30,12,55
30,11,56
29,10,54
31,11,55
32,11,55
30,10,54
29,10,55
30,11,55
29,10,55
31,11,55
31,11,55
30,10,55
31,10,55
30,10,55
30,10,55
30,11,55
30,11,56
29,10,55
30,10,55
31,10,55
30,10,55
30,11,55
30,11,55
30,10,55
30,11,55
30,11,54
29,10,55
30,11,55
30,10,55
30,10,55
31,11,55
31,10,55
29,10,55
28,10,56
30,11,54
30,11,55
30,11,55
30,11,55
29,10,55
30,11,55
30,11,55
30,11,55
30,10,56
29,10,55
30,11,55
30,12,55
28,11,55
29,11,55
31,11,55
30,10,56
29,11,55
30,10,55
29,10,54
30,11,56
30,11,55
29,10,56
28,10,55
31,10,56
32,10,56
29,10,55
30,11,56
29,11,56
29,11,56
30,10,55
29,10,55
30,10,55
30,11,55
30,10,55
30,10,55
30,10,55
29,11,55
30,11,55
30,12,55
28,10,56
29,10,55
30,10,55
31,10,55
30,11,55
29,10,55
28,10,55
31,11,55
30,11,55
30,9,56
29,10,54
30,10,55
30,10,55
30,10,55
30,10,56
29,10,55
30,11,56
30,11,56
29,10,55
30,10,55
31,10,55
30,11,55
30,11,55
29,10,55
30,11,56
29,11,56
29,11,55
29,10,54
31,10,54
31,10,55
32,11,55
33,10,55
30,10,55
29,11,55
30,11,56
30,11,55
30,10,54
31,10,54
32,10,55
31,10,55
31,10,55
31,10,55
29,10,55
30,11,55
30,10,55
31,10,55
32,10,54
33,10,55
31,11,54
29,11,55
29,10,54
32,11,55
31,11,56
28,11,54
28,10,55
32,10,54
31,10,54
29,11,55
29,11,55
30,11,55
30,11,56
30,10,55
30,10,55
32,10,54
31,10,55
29,11,55
29,11,55
30,11,56
30,11,55
31,10,54
32,11,55
30,10,55
29,11,55
29,11,55
30,11,55
30,11,55
30,10,54
30,10,54
31,11,55
30,11,55
29,11,55
29,11,55
30,11,55
30,10,55
30,11,54
31,10,55
29,10,55
29,11,55
31,11,55
30,10,55
29,10,55
30,10,55
30,11,55
29,11,55
30,11,55
30,11,55
31,11,55
30,10,55
31,11,55
29,10,55
29,10,55
30,11,55
30,11,55
31,10,55
29,10,55
30,11,55
30,10,55
29,11,55
30,11,55
30,11,55
30,11,55
30,10,54
30,10,55
30,10,55
29,10,55
30,11,55
30,11,55
30,11,56
29,10,55
30,10,55
30,10,55
30,11,55
30,11,55
29,11,54
31,11,55
31,11,55
29,10,55
29,10,55
30,11,55
30,12,55
30,11,55
30,11,55
30,11,55
29,10,55
30,10,55
30,11,55
29,11,56
30,11,55
30,11,56
29,11,55
29,10,55
30,10,55
30,10,55
30,11,56
29,11,55
30,11,56
30,11,56
29,10,56
30,11,55
30,10,55
30,11,55
29,11,56
29,11,55
30,11,55
29,11,55
29,11,55
29,10,55
31,11,55
30,11,55
29,11,55
29,11,55
29,10,55
31,11,55
31,11,55
29,11,55
28,11,55
29,11,56
30,11,56
30,11,55
30,11,55
30,10,54
31,10,55
29,11,55
28,11,55
30,11,56
30,10,55
29,10,55
30,11,55
30,11,55
31,11,57
29,11,55
27,10,55
29,11,56
28,11,55
29,11,56
29,11,56
28,11,56
28,11,56
28,11,56
29,11,56
29,10,56
29,10,56
28,10,55
29,11,57
28,11,56
30,11,56
30,11,56
28,11,56
28,10,56
28,11,56
27,10,55
27,11,56
28,11,57
29,12,56
29,11,56
29,10,56
28,11,56
28,11,56
28,11,56
29,11,56
29,11,56
29,11,56
28,11,56
28,10,56
29,11,55
29,11,56
28,11,56
28,10,56
30,11,56
29,11,56
27,10,56
28,10,56
29,11,56
29,11,56
28,11,57
29,12,55
30,11,57
28,11,56
27,10,55
29,11,55
30,12,56
27,10,56
27,10,55
30,12,56
29,12,56
27,10,55
28,10,56
29,12,56
29,12,56
29,11,55
30,10,57
28,11,56
27,11,56
29,10,55
30,11,56
30,11,55
28,11,56
30,10,56
29,11,56
28,11,56
28,10,55
30,10,56
30,12,56
28,11,55
30,11,56
30,11,56
27,11,56
27,11,56
29,10,55
30,12,56
28,11,56
28,10,55
30,11,57
30,12,56
27,10,56
27,10,55
30,12,56
30,12,56
28,10,56
29,11,55
29,11,56
28,11,56
29,10,56
29,10,55
29,11,56
28,11,55
29,11,55
29,11,56
28,10,56
27,11,56
28,10,56
29,11,56
29,11,56
28,11,55
29,11,56
28,11,56
27,11,56
29,10,56
29,11,55
28,11,56
28,11,56
30,11,56
30,11,56
27,11,56
27,10,56
29,11,56
30,11,56
29,11,56
29,11,56
28,10,55
28,11,56
28,10,56
30,11,56
29,12,56
28,11,56
28,11,55
30,11,56
29,11,56
28,11,56
28,10,55
30,11,56
29,12,56
28,11,56
30,11,56
29,11,55
27,10,57
28,10,56
29,11,55
29,11,55
28,11,56
28,11,55
29,11,56
28,11,56
28,11,55
29,10,55
31,12,56
29,11,55
28,11,55
30,11,57
30,11,56
29,10,56
29,10,56
29,11,56
30,11,55
29,10,55
29,11,56
29,11,55
30,10,56
30,10,56
29,9,55
30,10,56
30,11,55
30,12,55
28,10,54
29,9,55
30,11,54
30,11,56
29,11,55
29,10,56
29,10,55
32,11,56
30,11,55
28,10,56
28,10,55
30,11,56
29,11,55
28,11,55
30,11,56
30,10,56
30,11,55
30,10,55
29,10,55
29,11,55
29,11,56
30,10,56
31,11,56
28,10,56
29,10,55
30,10,55
30,11,55
28,10,56
30,10,55
31,11,55
30,11,56
29,11,56
29,9,55
30,10,54
30,11,56
29,11,55
29,11,56
30,11,55
29,10,55
30,10,55
30,10,55
30,11,56
28,11,55
28,10,55
31,11,55
29,10,55
30,11,55
30,10,55
30,10,56
29,11,56
28,11,55
31,11,56
30,10,55
30,10,55
31,10,55
29,11,55
29,11,56
28,11,55
29,11,55
31,11,55
29,10,55
30,11,55
30,11,56
30,10,55
30,11,55
29,11,56
30,11,56
30,10,55
29,10,55
30,10,55
30,11,55
29,11,56
28,10,55
29,10,55
32,11,56
30,10,55
29,10,55
31,10,55
29,11,55
28,11,55
29,10,55
30,10,55
30,11,56
29,10,55
30,11,55
30,11,55
31,11,55
31,10,56
27,10,56
27,10,56
30,11,56
30,11,56
29,10,55
30,10,55
29,11,56
28,11,56
29,11,55
30,11,55
29,10,55
30,11,55
30,10,55
29,10,56
29,10,55
30,10,56
30,11,56
28,10,55
28,10,55
30,11,55
31,11,55
30,10,56
29,10,55
28,11,57
29,11,56
30,10,55
31,10,54
30,10,55
29,10,56
29,10,56
29,11,55
30,10,56
29,9,55
31,10,55
30,10,54
31,10,55
29,10,56
29,11,56
29,10,55
30,10,55
33,10,55
31,11,54
29,10,56
27,10,55
29,11,55
28,11,55
30,10,55
31,10,55
32,10,54
30,10,55
29,10,55
30,11,55
29,11,55
29,10,55
31,10,55
31,10,56
30,10,55
29,10,56
30,10,56
29,11,57
28,10,55
29,10,54
30,11,55
31,11,55
31,10,55
32,9,55
32,10,56
31,11,55
31,11,55
30,9,54
31,9,56
29,11,54
29,10,55
30,11,55
30,11,55
29,10,55
29,10,55
31,11,55
29,11,56
29,11,55
30,10,55
30,10,55
29,10,54
29,10,54
32,10,57
30,10,56
29,11,57
29,10,56
30,10,54
30,9,53
30,11,54
31,11,56
32,11,55
31,10,55
31,10,56
30,10,56
30,11,55
31,11,55
30,10,55
29,10,55
29,11,55
29,11,55
29,10,55
31,10,55
30,10,54
31,10,56
29,10,55
30,11,55
30,11,55
31,10,55
31,10,54
32,9,55
33,9,55
30,11,56
28,11,55
28,11,55
31,11,56
32,10,55
30,10,54
29,10,54
30,11,55
32,10,55
32,10,55
29,10,55
31,10,54
32,10,53
33,10,55
33,9,55
32,9,54
31,9,54
32,10,54
33,10,54
32,10,54
31,11,55
31,11,54
30,10,54
32,8,53
34,9,53
34,10,54
32,10,55
30,10,54
32,10,54
34,10,54
34,9,54
30,10,54
31,9,54
32,10,54
32,10,55
31,10,54
31,10,55
32,10,54
31,10,55
31,10,54
32,10,54
33,10,55
31,10,54
31,9,54
33,10,55
32,11,54
30,9,54
31,9,55
31,10,55
31,10,55
31,10,55
32,10,54
33,10,55
30,10,54
30,10,55
31,10,54
32,10,54
31,9,54
31,9,55
32,10,55
31,10,55
31,9,55
31,9,54
32,10,55
31,10,55
31,10,53
31,11,53
31,10,55
29,10,55
31,11,55
30,10,54
30,10,56
30,10,55
32,10,54
34,11,55
30,10,55
30,10,55
30,10,55
31,9,55
32,10,55
31,11,55
30,10,55
30,10,54
30,11,54
30,11,54
29,10,53
33,11,53
32,11,53
31,11,54
31,10,55
33,9,56
34,8,57
35,8,57
34,9,56
32,10,54
30,11,53
30,11,54
30,11,55
29,11,54
29,11,54
30,12,53
32,11,54
33,10,54
36,10,55
35,10,56
29,13,52
33,10,56
26,11,57
24,11,57
26,13,55
29,12,56
30,12,54
31,12,56
29,12,56
28,12,57
26,13,56
24,12,56
27,11,57
29,12,57
28,12,54
27,12,54
27,13,56
26,12,57
26,13,56
24,13,56
25,14,57
29,11,56
30,10,54
34,11,53
34,11,54
30,13,56
29,12,57
27,11,55
28,11,54
30,11,54
30,12,54
29,12,56
29,12,56
30,12,54
32,11,54
33,12,54
33,12,54
31,12,54
30,12,55
31,11,54
30,12,54
32,12,55
32,12,54
32,11,54
31,11,54
33,11,53
34,12,53
33,12,53
32,10,54
32,10,55
32,11,54
29,12,52
28,13,47
27,12,52
27,8,61
32,7,63
37,5,61
31,6,54
37,9,49
41,11,48
44,14,42
40,15,37
45,14,46
49,9,49
43,6,52
36,7,50
36,7,53
34,7,53
35,7,53
35,7,50
37,7,51
36,7,53
36,6,51
39,8,53
41,8,51
48,6,50
41,6,48
35,10,50
30,10,53
31,9,54
31,7,55
32,8,54
34,8,52
37,8,53
37,8,54
34,9,53
33,10,52
32,10,52
31,12,53
34,11,51
36,9,56
32,9,59
36,10,51
44,10,54
38,11,48
35,16,42
46,19,30
50,20,27
57,22,25
58,21,27
45,19,29
52,18,32
46,19,29
47,20,29
58,19,34
50,19,31
52,20,24
57,20,26
58,15,27
57,18,24
59,16,23
58,17,23
62,17,18
57,17,19
52,16,20
58,16,25
59,16,24
44,16,19
51,15,24
63,12,34
65,12,35
41,12,29
50,11,35
59,9,44
62,10,45
56,6,42
48,9,44
41,11,45
26,14,45
20,15,46
17,11,47
43,10,69
28,6,62
22,9,51
29,10,57
28,13,53
26,11,57
23,10,57
22,9,59
22,9,57
24,10,56
25,10,56
29,9,57
29,9,58
28,9,57
26,10,56
26,11,60
26,11,59
25,9,54
27,10,55
30,9,58
27,9,57
26,8,55
27,8,56
27,10,56
25,10,57
27,10,57
28,10,56
30,9,57
30,8,57
30,8,56
27,9,56
26,9,56
28,9,56
28,9,55
30,9,56
29,9,55
30,9,56
28,9,55
30,9,56
30,9,55
31,9,55
31,8,56
33,8,55
32,8,54
30,9,55
30,9,55
31,9,55
31,9,55
31,9,56
30,9,55
31,8,55
31,8,55
31,9,55
31,9,55
30,9,55
31,9,55
31,9,55
31,9,55
32,8,56
30,8,54
30,8,55
31,9,55
31,9,55
29,8,55
31,9,56
30,9,55
31,8,55
31,8,55
31,9,55
30,9,55
30,9,55
30,9,54
32,9,56
30,9,55
31,8,55
31,9,55
30,9,55
31,9,55
30,9,54
31,8,55
31,9,56
31,9,55
30,8,55
31,8,55
31,9,54
32,9,56
31,9,55
30,9,55
30,9,55
31,9,55
31,8,55
31,8,55
30,9,55
30,9,55
30,8,55
31,8,55
31,9,55
30,8,55
31,9,55
30,9,55
30,8,54
30,9,56
29,9,55
31,9,56
31,10,56
30,8,55
30,8,55
31,8,55
30,8,55
30,9,56
30,9,55
30,8,55
31,9,56
30,9,55
30,8,55
30,9,55
30,8,55
31,9,55
30,9,55
30,9,55
31,10,56
29,9,55
31,8,55
30,9,55
30,9,55
30,9,56
29,9,55
29,9,55
31,10,56
30,9,55
30,9,55
30,9,55
30,9,55
30,9,55
29,9,55
30,9,55
31,9,55
30,9,54
32,9,55
32,9,55
32,8,55
31,9,56
30,9,54
31,9,56
31,8,54
33,8,55
32,9,54
32,9,54
31,9,55
30,9,54
32,8,55
32,9,55
30,8,54
32,8,55
32,9,55
31,9,55
31,8,55
33,9,54
33,10,54
32,8,54
32,8,54
32,9,54
32,8,54
33,9,55
32,9,55
31,8,54
33,9,55
32,9,54
32,8,53
33,8,55
31,9,54
32,9,55
32,9,54
32,9,54
32,9,55
32,9,54
33,8,54
32,8,53
32,9,54
33,10,56
31,9,53
30,9,53
34,9,54
33,9,54
32,8,54
32,8,53
33,9,54
33,9,55
31,9,54
32,9,54
32,8,53
34,8,54
34,10,54
32,8,54
33,8,54
32,8,54
31,9,53
34,8,55
34,8,54
32,8,53
32,8,54
34,9,54
33,9,54
32,8,54
33,9,55
32,10,53
34,9,54
32,6,52
31,6,53
33,9,55
32,10,54
32,8,54
32,8,54
31,8,53
34,9,54
34,9,54
32,8,54
32,9,54
32,8,53
33,9,55
33,8,54
32,8,53
33,8,54
33,8,54
34,9,54
33,8,54
32,8,53
33,8,54
34,9,55
34,9,55
32,8,53
33,7,53
33,9,54
32,9,53
34,9,55
34,8,53
33,8,54
33,8,54
31,8,53
34,8,54
33,9,53
34,9,54
34,8,54
32,8,53
34,8,54
32,8,53
33,8,54
32,8,53
31,7,53
34,9,54
34,9,54
32,8,54
33,8,54
33,8,54
33,9,54
33,8,53
33,8,53
33,8,54
34,8,54
32,8,54
33,7,53
33,8,53
34,8,54
32,8,53
34,9,54
33,9,54
33,8,53
34,8,54
33,8,54
32,7,53
34,8,55
33,9,53
33,8,54
34,8,54
32,8,53
33,8,53
33,8,54
32,8,53
34,7,54
35,7,53
32,9,54
31,9,54
32,8,54
32,8,53
32,8,52
35,9,54
34,8,55
31,8,54
33,8,53
35,8,54
33,8,54
34,8,54
35,8,54
33,8,53
33,8,53
33,9,54
33,9,53
32,8,54
33,8,55
34,8,54
33,8,54
33,8,54
33,8,53
33,9,54
33,8,54
33,8,53
34,8,54
34,7,54
33,8,54
33,8,53
34,8,54
33,8,54
33,8,53
34,8,54
34,8,54
32,8,53
33,8,54
33,8,53
34,8,54
34,8,54
33,8,53
33,7,53
34,8,53
34,8,54
33,9,54
32,8,54
34,8,54
34,9,54
33,8,53
34,7,54
33,8,53
33,8,55
33,8,54
32,8,53
33,8,53
34,8,54
34,8,54
33,8,53
33,8,53
33,8,54
32,8,53
33,9,54
33,9,54
33,8,53
33,8,53
33,8,53
32,8,53
34,9,54
32,8,54
33,8,53
34,8,55
32,8,54
34,8,53
33,7,54
33,8,54
33,8,54
32,8,54
33,9,54
33,8,54
32,8,53
34,8,54
34,8,53
33,8,54
33,9,55
33,8,54
33,9,54
32,8,54
32,8,53
34,8,54
33,8,53
32,8,53
33,8,55
32,8,54
31,8,53
33,9,55
33,8,54
35,8,54
35,7,53
33,7,53
33,8,54
32,8,53
34,8,54
35,8,54
33,7,53
34,7,54
33,8,53
32,7,53
34,9,54
33,8,53
34,8,54
34,8,54
33,8,53
34,8,54
33,7,53
33,7,53
34,8,54
33,8,54
33,8,53
34,8,54
33,8,54
34,8,53
33,7,54
33,8,53
34,8,54
32,8,53
33,7,54
34,9,54
33,8,54
34,7,54
33,7,53
34,8,54
35,9,54
33,7,53
34,8,54
34,8,54
33,7,53
34,8,54
34,8,54
33,8,53
34,8,54
33,8,53
34,8,54
32,8,53
34,8,53
35,8,53
34,8,53
33,7,53
33,8,53
32,8,53
34,8,54
34,8,53
34,8,54
34,8,53
34,7,53
34,8,54
32,8,54
32,8,54
34,8,54
34,8,54
33,8,53
34,8,53
33,8,53
33,8,54
33,8,53
33,8,53
33,8,54
34,8,53
34,8,53
33,7,54
33,8,53
33,8,54
33,8,54
34,8,54
34,8,54
34,8,53
34,8,53
33,7,53
33,8,53
33,8,53
33,8,53
34,8,53
34,7,53
34,8,53
34,8,54
33,8,54
34,8,54
33,8,53
34,8,54
34,8,53
33,8,53
35,8,54
32,8,53
33,8,53
33,8,53
33,8,54
33,9,53
33,7,53
34,8,53
34,8,54
33,8,54
34,8,53
33,8,54
33,8,54
34,8,53
34,7,53
33,7,53
34,8,54
33,8,54
34,8,54
33,8,54
33,8,54
34,8,53
33,7,53
33,7,54
35,8,53
34,8,54
33,7,53
34,7,53
34,8,54
33,8,54
33,8,53
34,8,53
33,7,54
33,7,54
35,9,54
34,8,54
32,7,54
33,8,53
34,8,54
34,8,53
34,8,54
33,8,53
34,7,53
34,8,53
34,8,54
33,7,54
32,7,54
32,8,54
33,8,54
35,7,53
33,7,53
33,8,53
33,8,53
35,8,54
33,7,53
33,8,53
34,8,54
34,8,54
33,8,53
33,8,53
34,8,53
34,8,54
34,8,54
34,8,53
33,8,53
31,8,53
35,8,56
34,8,54
34,7,54
36,8,55
39,6,57
32,7,54
24,12,52
23,11,53
29,8,55
28,8,55
29,9,56
30,10,56
31,9,56
30,9,56
29,8,54
30,8,54
33,9,56
34,9,55
33,9,55
34,8,56
30,9,54
32,9,55
32,9,54
32,9,54
31,9,54
33,8,54
35,8,53
36,8,53
35,9,53
34,9,54
34,8,53
34,8,53
34,8,53
34,9,53
34,9,53
34,8,52
35,8,52
35,9,53
34,9,52
35,8,53
35,8,53
35,9,52
35,8,51
36,8,52
36,8,52
36,8,52
35,8,52
33,8,52
30,9,53
32,8,52
40,7,50
47,6,50
42,6,50
37,8,50
36,8,53
34,7,52
37,7,52
37,7,51
36,7,51
36,7,52
36,7,51
36,7,52
37,7,51
37,7,51
37,8,52
36,7,51
38,7,53
40,8,53
43,8,54
44,7,57
28,6,52
24,8,55
25,8,57
25,10,56
26,9,57
24,9,55
25,9,56
24,9,56
23,9,56
16,12,55
28,8,62
29,9,57
27,9,56
30,7,55
30,7,55
30,9,56
29,9,56
28,8,57
28,8,57
27,9,56
29,9,58
28,9,56
27,9,56
29,10,56
31,8,56
31,8,55
30,8,55
30,9,55
31,9,55
30,9,54
31,9,56
32,9,55
32,8,55
30,9,55
31,10,55
31,10,55
30,8,55
30,9,54
31,9,55
31,9,55
31,9,55
30,9,55
32,9,55
32,9,54
31,8,56
30,9,54
30,9,54
32,9,55
31,9,55
30,9,55
31,9,55
32,9,54
31,8,54
31,8,55
32,8,55
31,9,54
31,9,55
31,9,55
31,9,55
31,8,54
31,8,54
33,8,54
32,9,54
32,8,55
31,8,53
31,9,55
32,9,55
32,9,54
32,9,54
34,8,54
32,8,54
30,9,54
28,9,55
27,8,56
30,9,57
31,9,56
30,9,54
31,8,54
31,8,55
31,9,56
29,9,55
29,9,55
31,9,56
32,9,56
30,9,54
31,8,54
31,8,55
31,8,56
30,9,55
30,9,55
31,9,56
30,9,56
33,7,58
32,8,54
34,9,55
26,10,56
26,11,56
29,9,56
29,9,55
30,9,55
29,9,55
29,9,55
30,9,55
29,9,56
29,10,56
29,9,56
29,9,56
30,9,55
31,9,55
31,9,55
32,9,56
30,10,55
29,10,55
29,9,56
30,9,55
31,9,55
31,9,55
31,9,55
32,8,55
31,9,55
30,9,56
29,9,56
30,9,55
31,9,55
32,9,55
33,8,54
32,8,55
32,9,55
30,9,56
30,9,56
29,10,56
30,9,55
32,8,54
32,9,55
31,8,54
32,8,55
31,9,54
30,9,55
30,9,55
31,8,54
33,8,54
33,8,55
33,9,54
31,9,56
30,9,55
29,9,55
30,9,55
33,8,54
34,8,55
33,8,53
33,8,54
33,8,54
33,9,54
32,9,55
32,9,55
31,9,54
31,8,54
33,8,54
32,8,54
31,8,54
31,9,54
32,9,54
33,8,54
33,8,53
33,8,54
33,8,54
34,7,54
34,8,54
32,10,54
31,9,54
32,8,54
32,8,54
33,8,54
32,8,53
34,8,53
34,9,54
32,9,54
32,9,53
35,8,54
34,8,54
34,8,54
33,8,53
34,8,54
34,8,54
31,9,54
33,9,54
33,8,53
34,8,53
34,8,53
34,8,53
34,8,54
32,9,54
32,9,54
33,8,54
33,8,53
33,8,53
33,8,53
33,8,53
34,8,53
34,9,54
32,9,54
33,9,54
34,8,53
34,8,53
34,8,53
33,8,53
32,8,53
32,9,54
34,9,54
35,8,54
33,8,53
34,8,53
34,9,53
33,9,54
31,9,53
33,8,54
34,9,53
33,9,53
33,8,54
33,8,53
33,9,54
32,9,54
33,8,53
33,9,54
34,9,53
34,8,53
33,8,53
33,8,53
34,9,54
33,9,54
33,9,54
34,9,54
33,8,53
34,8,53
34,8,53
33,8,53
32,9,53
33,9,53
33,9,54
34,8,54
33,8,53
34,8,54
34,9,53
32,8,54
33,8,54
33,9,54
33,9,54
34,8,53
34,8,53
33,8,53
33,9,54
32,9,54
32,9,54
34,8,54
33,9,53
34,8,53
34,8,54
34,9,54
32,8,53
32,8,54
33,9,53
33,9,54
34,8,54
33,8,53
34,9,54
34,8,53
32,8,54
32,8,54
33,9,53
34,9,53
33,8,53
34,8,54
34,8,54
33,9,53
33,9,54
34,8,54
34,9,54
34,9,53
33,8,53
34,8,54
34,8,53
34,8,53
34,8,53
33,9,53
33,9,54
33,9,53
33,9,53
34,8,53
34,8,53
34,8,53
34,9,53
34,9,53
33,8,53
33,8,54
34,9,54
35,8,53
35,8,53
34,8,53
34,8,54
34,8,53
33,9,53
34,8,54
34,9,53
33,9,52
35,8,53
35,8,53
33,9,53
34,9,54
34,8,53
34,8,54
33,9,53
35,8,53
35,8,53
35,8,53
34,8,53
35,8,53
34,8,54
34,9,52
35,8,53
35,8,54
34,8,53
34,8,52
35,8,54
34,8,53
33,9,54
33,9,54
33,8,52
36,8,53
36,8,53
35,7,53
34,7,53
34,9,53
34,8,54
34,9,52
35,8,53
33,8,53
33,8,53
35,9,52
35,8,53
34,8,54
33,9,53
35,8,53
36,7,52
34,8,53
34,9,54
33,8,53
33,8,54
35,8,53
35,8,53
34,8,53
33,8,53
34,8,54
34,9,53
34,8,53
35,8,53
35,8,54
32,9,53
33,8,54
34,8,53
35,8,53
33,8,53
33,8,53
35,8,53
35,9,52
35,8,54
34,8,53
33,8,53
35,9,53
34,8,54
33,8,53
33,9,54
33,9,53
33,9,53
35,8,53
35,8,52
37,6,53
35,8,52
33,10,54
33,10,54
32,7,54
33,8,54
35,9,54
33,8,54
30,9,52
30,9,53
36,9,54
36,9,53
32,8,54
32,8,53
34,8,54
34,9,53
34,9,54
33,9,54
33,9,54
33,9,54
33,8,53
33,9,54
32,9,53
34,8,54
33,8,53
33,9,53
33,9,54
33,9,55
34,8,54
33,9,53
33,9,53
34,8,53
33,8,54
33,9,53
34,9,54
33,8,54
33,8,53
33,8,54
33,9,53
34,8,53
33,9,53
34,9,54
32,8,53
33,8,54
33,9,53
34,9,53
34,9,54
33,9,54
32,9,54
34,9,54
34,8,53
33,9,54
34,9,53
33,8,53
34,8,53
35,9,54
32,9,54
32,9,54
33,8,52
34,8,54
34,9,53
33,8,53
34,9,53
34,9,53
33,9,54
32,9,54
32,8,54
33,9,53
33,9,53
32,8,53
33,8,54
33,9,53
33,8,53
34,8,53
35,9,54
36,8,53
36,8,52
35,7,52
34,8,52
34,9,53
34,9,54
33,9,55
33,8,54
33,8,53
34,9,53
35,9,53
34,8,53
34,8,52
34,9,53
35,9,53
35,8,53
35,8,53
34,8,53
34,9,53
34,8,53
34,8,53
34,8,53
34,8,53
34,8,53
35,8,53
35,8,52
35,8,53
35,9,53
34,9,53
34,9,53
33,8,53
33,9,53
33,9,53
34,9,54
34,9,53
34,9,53
33,9,54
32,9,54
34,9,53
35,9,54
34,9,54
33,9,54
31,9,54
33,9,54
34,7,58
33,7,57
31,9,54
28,10,55
26,12,54
27,12,54
30,13,52
30,12,53
32,12,51
33,14,50
30,10,54
30,11,57
29,12,54
31,12,54
31,12,54
31,11,55
31,11,55
30,11,55
31,12,54
29,11,55
30,11,55
28,11,53
30,11,54
34,12,54
35,12,54
33,10,55
32,9,55
34,9,53
35,10,53
33,11,53
32,10,52
32,9,53
34,9,54
34,11,55
32,11,54
35,12,54
35,11,54
33,10,52
32,9,53
33,10,55
34,10,54
34,10,53
32,10,53
31,10,53
34,10,54
33,10,53
32,10,54
31,10,53
32,10,53
32,10,53
33,9,54
34,9,55
31,10,53
34,10,52
33,11,53
32,10,53
33,9,53
33,10,53
34,10,52
35,10,52
35,10,52
36,10,54
35,10,54
33,9,53
33,9,52
35,9,52
36,10,53
34,10,52
33,10,52
34,10,52
34,10,50
38,10,52
38,10,52
38,9,50
38,9,54
34,8,54
33,10,52
35,10,52
36,9,52
36,9,51
35,9,51
34,9,49
36,10,53
34,9,53
37,7,54
36,10,54
36,9,51
36,8,52
35,9,51
36,9,51
35,9,53
34,9,51
34,9,53
35,9,53
35,9,52
36,9,52
35,9,51
35,9,52
35,9,52
35,9,52
35,10,53
35,9,52
36,9,52
35,9,52
36,9,52
36,9,52
34,9,52
35,9,52
36,9,53
34,9,52
35,9,53
36,9,52
36,9,52
35,9,52
34,10,52
35,9,53
35,9,53
36,9,52
35,9,52
36,9,52
35,9,52
35,9,54
35,10,53
34,10,52
32,10,53
37,8,54
34,9,53
30,9,52
37,9,53
35,9,52
33,10,54
33,10,55
33,9,55
33,8,54
34,9,52
35,9,52
34,10,53
34,9,53
32,9,53
34,9,55
38,9,55
32,9,52
33,8,52
32,8,52
35,10,53
35,10,53
33,10,53
33,10,53
32,9,54
33,9,55
35,10,54
35,9,52
33,10,53
33,10,54
31,10,54
33,10,55
30,11,54
32,9,51
36,8,56
29,10,55
30,10,55
30,11,54
30,11,54
30,11,53
29,11,50
27,12,52
26,12,55
37,7,56
37,8,55
33,7,54
35,7,55
36,7,54
35,7,53
36,8,53
37,7,53
35,6,52
34,7,53
34,8,52
33,7,51
33,8,51
32,8,51
35,6,51
39,4,51
40,3,52
40,3,51
41,3,51
40,5,50
40,5,49
39,5,50
39,4,50
40,4,50
39,4,49
40,4,50
39,4,50
39,4,50
39,4,50
39,5,50
39,5,50
37,5,49
40,4,49
40,4,49
39,5,49
39,5,49
38,5,49
39,5,50
39,5,49
40,5,49
41,4,49
40,4,49
41,5,49
39,5,49
40,5,49
41,5,49
42,4,49
41,4,48
41,5,48
41,5,48
42,4,49
40,5,49
40,5,48
41,5,48
41,5,48
41,5,48
42,4,48
41,4,47
41,4,48
40,5,48
40,5,48
41,5,48
42,5,48
40,4,48
43,4,49
41,5,47
42,5,47
40,5,48
40,5,49
42,5,48
41,5,47
41,5,48
41,4,47
42,4,48
41,5,47
41,5,48
41,5,47
41,5,49
42,5,47
42,5,47
42,4,48
42,4,47
41,5,48
40,4,47
41,5,48
43,5,48
41,5,47
41,5,47
42,4,47
42,4,47
41,5,48
41,5,48
41,5,47
42,5,48
41,4,47
42,4,47
42,5,47
42,4,47
41,5,48
41,5,48
44,5,50
40,6,47
42,5,48
42,4,47
42,4,48
41,5,48
41,5,47
40,5,48
40,5,49
41,5,48
41,5,48
42,4,47
42,4,48
41,5,48
40,5,48
42,5,49
41,5,48
42,5,48
41,4,47
40,5,48
40,5,49
40,4,48
41,5,49
40,5,48
40,5,50
40,4,48
40,5,49
41,5,49
40,5,49
40,5,49
40,5,49
41,5,49
40,5,49
39,6,48
40,4,48
40,4,48
40,5,49
40,6,48
42,5,49
40,4,48
39,5,49
40,5,48
40,6,48
41,5,49
40,5,48
40,5,48
41,5,49
41,5,49
40,5,48
40,5,49
40,5,49
40,5,48
40,5,48
40,5,48
41,5,48
41,5,48
41,5,48
40,5,49
39,5,49
41,5,49
40,5,48
40,5,49
39,5,48
41,5,49
41,5,48
41,5,48
41,5,49
40,5,49
40,5,48
40,5,49
41,5,49
40,5,48
41,5,48
42,5,48
41,5,48
40,5,49
38,6,49
39,6,48
41,5,49
40,4,48
43,5,48
42,4,47
41,4,49
39,5,49
39,6,49
40,6,49
41,5,48
40,4,48
42,4,48
42,5,48
39,5,49
40,5,49
40,5,49
41,5,48
41,5,48
41,4,47
41,4,47
42,4,48
41,5,48
40,6,49
39,6,48
41,5,48
41,5,48
42,5,47
42,5,47
40,5,48
40,6,49
40,6,48
41,5,49
40,5,47
41,5,48
42,5,48
41,5,49
39,5,49
40,6,49
40,5,49
41,5,49
41,5,49
41,5,47
40,5,49
44,5,48
40,5,49
41,5,50
40,6,50
36,6,49
36,5,50
38,5,50
39,5,50
39,6,50
38,6,50
38,6,50
39,6,50
40,5,50
40,6,49
40,5,49
40,5,50
39,5,49
39,6,50
39,6,49
39,5,50
40,5,49
40,5,49
40,5,50
39,6,50
39,5,50
39,6,49
39,6,50
40,5,49
39,5,49
40,5,50
40,5,50
38,6,50
39,6,50
39,6,49
38,6,49
40,5,49
40,5,49
40,6,50
38,5,49
39,6,50
38,6,50
39,6,49
40,5,49
39,4,49
40,5,50
39,6,49
38,6,50
39,6,50
39,5,49
40,5,50
40,5,49
40,6,49
39,5,49
38,5,50
39,6,49
40,6,49
40,5,49
39,5,49
39,6,50
38,6,49
39,6,49
40,6,50
39,6,49
40,5,50
39,5,49
39,6,50
39,6,49
39,5,49
40,5,49
39,5,50
39,6,50
39,5,49
39,5,49
39,5,49
39,5,50
39,6,49
41,6,50
38,6,49
39,6,50
39,5,49
39,6,49
39,6,49
39,6,50
40,6,50
39,6,49
39,5,50
39,5,49
39,6,49
40,6,50
40,5,50
39,5,49
40,6,50
39,6,50
40,5,49
39,5,49
39,6,49
39,6,50
38,6,49
40,5,49
39,5,49
39,5,50
40,5,49
40,5,50
39,6,50
38,6,50
39,6,50
40,5,49
40,5,49
39,5,49
39,5,49
40,6,49
39,5,49
39,5,49
40,5,49
39,6,49
39,6,49
39,5,49
40,6,49
39,6,50
39,6,50
40,6,49
39,5,49
39,6,49
40,5,49
40,5,49
40,6,50
40,5,49
39,6,50
39,6,50
40,5,50
40,5,49
40,5,50
39,6,49
40,5,50
38,6,49
39,6,50
39,6,49
39,6,50
40,5,49
40,5,49
39,5,50
40,6,50
38,6,49
39,6,50
39,5,49
40,5,50
39,6,49
40,5,50
39,6,50
40,5,49
39,6,50
41,6,50
38,6,49
39,5,49
40,5,49
39,6,49
40,6,49
40,6,50
39,6,50
39,5,49
41,5,50
39,5,49
39,5,50
39,6,49
40,6,50
37,6,50
39,5,49
41,6,49
40,5,49
40,6,50
40,5,50
39,5,50
39,6,50
39,6,50
39,5,49
40,5,49
39,6,49
38,6,50
39,6,49
39,6,51
38,6,50
40,5,50
40,5,50
39,5,50
40,5,50
40,6,50
39,6,50
38,7,49
40,5,50
40,5,49
39,6,50
39,6,50
39,6,50
39,6,49
39,6,49
39,6,50
39,6,49
40,5,50
38,5,50
38,6,49
39,6,50
38,6,49
40,6,50
39,6,50
38,6,49
38,5,50
39,5,50
39,6,49
39,6,50
39,6,50
39,5,50
40,5,50
39,5,50
38,6,50
39,6,50
39,6,50
39,6,50
39,6,50
39,5,49
40,5,50
38,6,49
38,6,50
39,5,50
38,5,49
39,6,49
40,5,49
38,5,49
38,5,50
39,6,50
39,6,50
38,6,50
38,5,50
40,6,50
40,6,50
40,6,50
38,6,50
36,6,50
39,6,51
39,6,50
38,6,50
39,6,50
39,6,50
40,6,50
39,6,50
38,6,49
38,6,49
38,5,50
39,5,50
38,6,50
39,6,50
39,6,50
39,5,50
39,5,50
39,6,50
40,6,50
38,6,49
38,5,49
40,6,50
39,7,49
40,5,49
39,5,49
39,6,50
40,6,50
38,6,50
38,6,50
39,6,49
39,6,50
38,5,49
39,5,49
41,6,50
40,6,49
38,6,50
38,5,50
39,6,50
39,6,50
39,6,49
39,5,50
38,5,49
41,5,50
41,6,50
38,6,50
38,6,50
39,6,50
38,6,50
40,6,50
40,6,50
37,6,49
39,6,50
41,5,50
39,6,50
38,6,51
38,6,50
39,6,50
40,6,49
39,5,50
39,5,50
40,5,50
39,6,50
39,6,50
38,6,50
38,6,50
40,5,50
39,6,50
39,5,49
39,5,49
39,5,51
39,5,49
40,5,51
38,6,49
39,6,50
40,5,50
39,5,49
39,5,50
39,5,49
39,5,50
40,6,50
39,6,50
38,6,50
39,6,50
39,5,49
39,5,50
39,6,49
39,6,50
40,5,50
39,5,50
39,5,50
39,6,49
39,6,50
39,5,49
40,5,49
39,5,49
40,5,49
39,6,50
38,6,50
38,6,49
39,5,49
40,5,50
40,5,50
38,5,49
38,5,49
40,6,50
39,6,50
38,6,50
40,6,50
40,5,50
39,5,49
40,5,49
40,5,49
39,5,50
39,6,50
39,6,50
38,7,50
39,6,51
39,5,49
40,5,49
40,6,49
39,5,50
39,5,50
39,5,50
40,6,50
41,6,50
39,5,49
40,5,49
39,5,49
40,5,50
40,6,50
38,6,49
39,6,49
40,6,50
39,6,49
39,6,49
39,6,49
40,5,49
40,5,49
38,6,50
38,6,49
39,6,49
39,6,49
40,5,50
40,5,50
38,6,49
38,5,50
40,5,49
43,6,49
39,5,49
38,6,51
39,4,49
40,5,49
40,5,49
41,6,48
41,6,49
39,5,50
38,5,49
40,5,50
39,6,49
40,6,50
40,6,49
38,5,49
40,5,50
40,6,49
38,6,50
38,6,50
40,6,50
41,5,49
41,5,49
40,5,49
39,6,50
37,6,48
38,5,49
40,6,49
39,6,49
39,5,49
41,5,49
40,5,49
39,5,50
38,6,50
39,6,50
39,6,50
38,6,50
37,5,51
37,6,50
38,7,51
39,6,50
39,6,50
39,5,50
40,6,51
40,5,53
38,6,52
34,6,49
34,8,51
36,8,53
35,8,51
35,7,52
36,7,52
37,7,52
36,7,52
35,7,52
35,7,51
34,7,52
37,6,52
38,6,51
38,6,51
40,6,53
40,5,54
40,5,55
31,9,51
29,9,51
34,8,51
34,9,51
33,8,52
32,7,55
30,9,54
32,9,54
33,8,54
33,8,54
34,9,54
33,9,52
31,8,53
33,9,53
35,8,53
35,8,53
35,7,53
36,8,53
35,7,53
35,7,52
35,8,53
34,8,53
34,8,54
32,7,51
32,8,52
35,9,54
34,9,54
34,7,53
35,8,53
35,8,53
35,8,53
34,8,53
34,8,52
33,8,53
34,8,53
34,8,53
34,8,53
34,8,53
34,8,53
33,8,53
34,8,53
35,8,53
34,8,53
35,8,53
34,8,53
35,7,53
36,8,54
35,9,52
34,8,54
35,8,53
34,8,54
34,8,52
36,8,52
36,8,53
34,8,53
34,8,53
34,8,53
35,8,53
35,8,53
34,7,52
35,8,53
35,9,51
34,8,52
34,7,52
35,8,53
35,9,53
35,8,52
35,7,52
34,7,52
35,8,53
35,9,52
35,8,53
35,8,53
35,8,53
34,8,53
35,8,52
35,8,53
35,8,52
34,8,52
35,8,52
35,8,52
35,8,52
35,8,53
34,8,52
35,8,53
35,8,52
34,8,53
34,8,53
35,8,53
35,8,53
35,8,53
35,8,52
34,8,52
35,8,52
35,8,52
36,8,53
35,8,52
35,8,53
35,8,52
35,8,52
36,8,53
35,8,52
35,8,53
35,8,53
35,8,52
34,8,53
35,8,52
35,8,53
35,8,52
36,8,53
35,8,52
35,8,52
35,8,53
34,8,52
35,8,53
35,8,52
35,8,53
35,8,53
35,8,53
35,8,53
35,8,52
35,8,53
34,8,52
36,8,52
35,8,52
35,8,52
35,8,53
34,8,53
35,8,53
35,8,52
35,8,53
35,8,52
35,8,52
36,8,53
35,8,53
34,8,53
34,7,52
35,8,52
35,8,52
35,8,52
35,7,52
36,8,53
35,8,52
34,7,53
36,8,52
34,9,52
35,8,52
36,8,51
36,8,52
35,8,53
35,8,53
35,8,53
35,8,53
35,8,52
36,7,52
36,8,53
35,8,52
34,8,52
35,8,53
35,8,52
35,8,53
36,7,51
36,8,52
36,8,52
36,8,53
34,8,52
34,8,53
35,8,53
35,8,51
36,8,53
36,8,52
35,8,53
35,8,52
34,8,52
34,8,53
34,8,53
35,8,52
35,8,51
36,8,52
36,9,52
34,8,53
34,8,53
34,8,53
34,8,52
35,8,53
35,8,51
36,7,52
35,8,52
35,8,53
34,8,52
34,8,53
34,9,53
36,8,52
36,8,52
36,8,52
36,8,52
35,8,52
35,8,52
35,8,52
34,9,53
34,8,53
36,7,52
36,7,52
35,8,52
34,9,52
34,9,53
34,8,53
36,7,52
36,8,52
35,8,52
35,8,52
34,8,52
34,8,52
36,8,53
36,8,53
36,8,53
35,8,52
35,8,53
34,8,52
33,9,52
33,9,52
35,9,53
35,8,52
35,8,52
34,9,53
34,9,53
34,9,53
35,9,53
35,9,52
35,8,53
34,9,52
34,8,52
35,9,54
35,9,54
36,8,54
35,8,53
35,9,52
35,9,52
35,9,52
35,8,52
35,9,53
35,9,54
33,9,53
31,10,53
30,10,53
31,11,54
31,10,53
32,10,53
33,10,54
33,11,54
30,10,53
32,9,54
33,8,55
34,9,54
34,10,54
33,10,54
32,10,54
31,10,54
32,10,54
32,10,54
32,10,53
32,10,54
33,9,54
33,9,53
36,9,54
35,9,54
32,9,53
32,9,54
33,10,54
33,9,53
32,10,52
31,10,53
31,10,53
33,10,53
38,9,53
38,8,53
35,9,53
32,7,55
35,9,52
36,10,53
35,9,51
33,9,52
33,9,52
34,9,53
34,8,53
35,9,53
36,9,54
36,9,53
35,9,53
31,8,53
30,9,53
34,9,55
34,8,53
34,8,52
35,9,52
35,10,53
34,9,54
31,9,52
32,10,52
34,10,51
36,9,53
36,9,53
35,9,52
35,9,53
35,9,52
35,9,53
35,9,54
34,7,56
33,8,54
34,10,51
36,11,50
35,11,49
38,9,52
36,9,52
35,10,52
34,10,51
35,9,53
36,9,53
34,10,52
36,10,52
37,9,52
35,9,52
35,9,52
36,10,52
34,9,52
35,9,52
36,10,51
36,10,52
35,9,52
34,9,52
35,10,51
35,9,52
35,9,52
36,9,52
34,10,51
37,9,53
34,10,52
34,9,53
34,10,53
35,10,52
35,10,52
36,9,52
35,9,52
36,10,53
35,10,51
35,10,53
34,9,52
36,9,52
36,9,52
35,10,53
35,10,52
35,10,53
35,10,52
35,9,51
35,9,52
36,10,52
36,10,52
35,10,52
35,10,52
35,9,52
35,10,52
36,10,52
36,10,52
35,9,52
35,9,52
34,10,52
35,10,52
34,10,52
35,9,52
36,10,52
35,10,52
34,10,52
35,10,52
35,10,52
33,10,52
35,10,52
35,10,52
35,10,52
35,10,52
35,10,52
34,10,52
35,9,52
36,10,52
35,9,52
34,9,52
35,10,52
35,10,52
35,10,52
35,10,52
36,9,52
35,10,52
35,10,52
35,10,52
34,10,52
35,10,52
35,10,51
35,10,52
35,10,52
34,10,52
35,10,52
35,10,52
35,10,52
35,10,52
36,10,52
35,10,52
35,10,52
35,9,52
35,10,52
35,10,52
36,9,52
35,10,52
35,10,52
35,10,52
34,10,52
36,10,52
36,10,52
35,10,52
35,10,52
35,9,52
35,10,52
36,10,52
34,10,52
36,10,52
35,10,52
34,10,52
36,10,52
36,10,52
34,10,52
34,10,52
37,10,52
35,10,52
34,10,52
36,10,52
36,10,51
35,10,52
36,10,51
36,9,52
35,9,52
35,10,52
35,10,52
36,10,52
36,9,51
35,9,51
36,10,52
35,10,52
35,10,52
35,10,51
36,9,51
37,9,52
35,10,51
35,9,52
36,9,51
36,10,52
35,10,52
35,9,52
36,9,52
36,10,52
35,10,52
35,9,52
35,10,52
35,10,52
35,9,52
36,9,52
36,9,51
35,10,52
35,10,52
35,10,52
36,10,52
36,9,52
36,9,51
36,10,52
35,9,51
35,10,52
35,10,52
35,10,52
36,10,52
36,10,51
35,10,52
35,10,52
35,10,52
36,9,52
35,10,52
35,9,52
36,9,51
37,9,52
35,10,52
34,10,52
36,10,52
36,9,52
35,10,52
36,10,51
36,9,52
35,10,52
36,10,52
36,10,52
35,10,52
36,9,52
36,9,51
36,10,52
36,10,52
34,10,52
34,9,52
37,10,52
36,10,52
35,10,52
36,10,52
35,10,52
34,10,52
36,10,52
37,9,52
35,9,52
35,9,52
35,10,52
35,10,52
35,10,52
35,10,52
36,9,52
36,10,52
35,10,51
35,9,52
36,9,52
35,10,52
36,10,52
35,9,51
35,10,52
35,10,52
37,10,52
36,9,52
36,10,52
35,10,51
36,10,52
36,10,52
35,9,52
36,9,52
36,10,52
35,10,51
36,9,52
35,10,52
34,10,52
36,10,52
36,10,52
35,10,52
35,10,52
36,10,52
35,9,52
35,9,52
35,9,51
36,10,52
35,10,52
35,10,52
36,9,52
36,9,52
35,9,51
35,10,51
36,10,52
35,10,51
35,10,51
37,9,52
36,9,51
37,9,51
36,9,51
36,9,51
36,10,51
36,10,51
36,9,51
36,10,51
35,10,51
37,9,52
37,9,51
36,9,52
36,9,51
37,9,51
38,9,52
34,10,52
32,10,51
36,9,52
38,9,51
36,9,52
35,9,52
34,10,51
35,10,52
36,10,52
35,10,52
34,9,52
35,9,52
36,10,52
36,10,52
34,10,51
37,9,52
36,9,52
35,10,52
35,10,52
35,10,52
35,9,51
37,10,51
37,9,51
36,9,51
36,9,51
36,9,51
37,9,51
37,9,51
36,10,51
37,9,51
37,9,51
37,9,50
36,10,51
37,9,51
37,9,51
36,9,51
37,10,51
37,9,51
36,9,50
37,9,51
37,9,51
38,10,51
36,9,51
36,9,51
37,9,51
37,9,51
37,9,51
37,9,51
37,10,51
37,9,51
36,9,51
37,9,51
37,9,51
37,9,51
36,9,50
37,9,51
37,10,51
37,9,52
40,9,52
31,8,51
29,9,50
38,9,54
37,9,52
33,9,52
32,10,52
36,9,51
38,8,53
36,9,51
33,10,50
38,9,50
35,10,47
39,7,52
41,7,56
37,9,51
35,8,48
40,8,51
43,8,51
39,8,49
37,8,48
39,8,50
40,8,49
39,8,49
38,9,49
38,9,49
39,8,49
39,8,49
39,8,49
39,8,49
40,7,50
40,7,50
40,7,48
41,8,49
39,8,49
39,8,49
40,7,49
40,7,48
40,8,50
40,8,49
39,8,49
39,8,50
39,8,49
39,8,49
40,8,49
40,7,49
38,8,49
38,8,49
40,8,49
40,8,50
38,8,49
40,8,49
40,8,48
40,7,49
40,8,49
38,8,49
39,8,49
40,8,50
39,8,49
39,8,49
41,8,49
40,8,50
39,7,49
40,8,49
39,8,49
40,8,49
40,8,49
38,7,49
39,7,49
41,8,49
40,7,49
39,8,49
39,8,49
39,8,49
40,8,49
39,8,48
39,8,49
39,8,49
40,7,49
40,8,49
39,8,49
38,7,49
40,8,50
40,8,49
39,8,49
39,8,49
40,8,50
39,8,49
40,8,49
39,8,49
40,8,49
40,8,49
40,7,48
39,8,49
39,7,50
39,8,49
40,8,49
39,7,49
39,8,50
39,8,49
40,7,49
40,8,49
39,8,49
39,7,48
40,8,49
40,8,49
40,7,49
39,7,48
39,7,49
41,8,49
40,8,49
39,7,49
39,8,49
40,8,49
40,7,49
40,8,49
39,7,49
41,7,49
40,7,49
39,8,49
40,8,49
40,8,49
40,7,49
40,7,48
40,8,49
40,7,49
40,8,49
40,9,49
40,9,50
39,8,48
40,7,48
40,7,48
40,8,49
40,8,49
39,7,49
39,7,48
40,8,49
40,8,49
40,8,48
39,7,48
40,7,50
40,9,48
40,9,50
40,8,48
40,7,47
40,6,48
40,7,49
39,9,50
39,8,49
39,7,48
40,7,49
40,8,49
39,8,49
40,7,49
40,7,49
38,8,49
39,8,49
40,7,49
40,8,49
40,8,49
39,7,49
40,7,49
41,8,49
40,9,48
38,7,50
39,7,48
41,7,48
41,7,49
40,8,48
40,8,49
39,7,48
39,7,49
39,8,49
40,8,49
40,8,48
41,7,49
40,8,49
39,8,49
39,8,49
40,8,49
40,8,49
39,7,49
40,8,48
40,8,49
40,8,49
39,8,48
40,7,49
41,8,49
40,7,48
39,7,48
40,8,49
40,8,49
39,8,48
41,8,49
40,8,49
39,8,49
40,8,49
40,8,49
39,8,48
40,8,49
40,8,49
40,8,49
40,8,49
39,8,49
39,8,49
40,8,49
40,8,49
39,8,48
40,8,49
40,8,48
40,8,49
39,8,49
40,8,48
40,8,49
39,8,48
40,8,48
40,8,49
40,8,49
39,8,49
40,8,48
41,8,49
40,8,49
39,8,49
40,8,48
40,8,49
39,8,49
39,8,49
40,8,49
41,8,49
40,8,49
40,8,49
40,8,50
39,8,49
39,8,49
40,8,49
40,8,48
39,8,48
40,8,49
40,8,49
40,8,49
40,7,49
39,8,49
40,8,49
40,8,49
39,8,49
40,8,48
40,7,48
40,8,48
40,8,48
39,8,49
40,8,49
40,8,49
40,8,49
40,8,49
40,8,48
39,8,49
40,8,49
40,8,48
41,8,48
41,8,49
39,8,48
40,7,48
40,8,49
40,8,48
39,8,48
40,8,48
40,8,49
39,8,48
41,8,49
40,8,49
39,8,49
39,7,48
41,8,49
40,9,49
40,8,49
40,8,48
39,8,48
41,8,49
40,8,49
39,8,49
39,8,49
40,8,49
40,8,48
40,7,49
40,7,49
40,8,49
40,8,49
39,8,50
38,8,49
40,8,48
42,8,48
40,8,49
40,8,49
39,8,49
39,8,49
39,8,49
40,8,49
41,8,49
40,8,49
40,8,49
39,8,49
40,8,49
40,8,49
39,8,49
40,8,48
41,8,48
40,8,49
39,8,49
40,8,49
40,8,49
39,8,49
39,8,48
41,8,49
40,8,49
40,8,49
40,8,49
40,8,49
39,8,49
40,8,49
41,8,48
40,8,49
39,8,49
40,8,49
39,8,49
39,8,49
40,8,49
40,8,48
40,8,48
40,8,49
40,8,49
40,7,49
40,8,49
39,8,49
40,8,48
40,8,48
40,8,48
40,8,49
40,8,48
40,8,49
39,8,49
40,9,49
40,8,48
40,8,48
41,8,49
40,8,49
39,8,49
40,8,49
40,8,49
39,8,48
40,8,49
41,8,49
40,8,49
39,8,48
40,8,49
39,8,49
39,8,48
41,8,48
41,8,49
39,8,49
39,7,48
41,8,49
40,8,49
39,8,49
39,7,48
42,8,48
41,9,49
39,7,49
40,7,48
40,8,48
39,8,50
39,8,48
40,7,48
41,8,49
40,8,49
40,8,48
40,8,49
39,8,49
39,8,48
40,8,48
41,8,48
40,8,49
39,7,49
40,8,48
40,8,49
39,8,49
40,8,48
41,8,48
40,8,49
40,8,49
40,8,49
40,8,48
39,8,49
39,8,49
41,8,48
40,8,49
40,8,49
40,7,49
40,8,49
40,8,49
39,8,48
40,8,49
41,8,49
40,8,49
40,8,49
39,8,49
40,8,49
39,8,49
39,8,48
41,8,48
40,8,49
39,8,50
39,8,49
40,8,49
39,8,49
40,8,49
40,8,48
40,8,50
40,8,50
39,8,48
40,8,49
39,8,49
40,8,48
41,8,49
39,7,49
39,8,49
39,9,49
39,8,49
40,8,49
40,8,49
40,8,49
40,8,49
39,8,49
39,8,49
39,8,49
40,8,49
41,9,49
40,8,49
37,7,49
40,8,49
40,9,49
39,7,49
40,8,49
40,8,49
40,8,50
39,9,48
40,9,50
39,8,48
40,8,49
40,8,48
40,8,49
39,8,49
39,8,49
40,8,49
39,8,49
40,8,49
40,8,49
39,8,49
39,8,49
40,8,49
39,8,49
40,8,49
40,8,49
40,8,49
39,8,48
39,9,49
39,8,49
40,8,48
40,8,49
39,8,49
40,8,49
40,8,49
39,8,49
39,8,49
39,8,49
41,8,48
40,8,49
39,8,49
39,8,49
40,8,49
39,8,49
40,8,49
40,8,49
39,8,49
39,8,49
39,9,49
40,8,49
40,8,49
39,8,49
40,8,49
40,8,48
39,8,49
39,8,49
39,8,49
40,9,49
39,8,49
39,8,48
41,8,49
39,8,49
39,8,49
40,8,49
39,9,49
39,9,49
40,8,48
41,8,48
40,8,49
39,8,49
39,8,49
40,9,49
39,9,49
39,8,49
40,8,48
40,9,49
39,9,49
39,8,49
39,8,49
40,9,49
40,8,49
40,8,49
39,8,49
40,8,49
40,9,48
39,8,49
39,8,49
40,8,49
39,8,48
41,8,49
42,8,49
38,8,49
38,8,49
40,8,48
40,8,48
41,8,48
41,9,48
39,8,49
40,7,49
40,8,48
40,9,49
40,8,49
40,8,49
40,8,49
40,7,49
40,8,48
40,9,49
40,8,49
40,8,49
40,8,49
40,8,49
41,8,49
40,8,48
39,8,48
41,8,48
41,8,48
39,8,48
39,8,48
41,8,49
40,8,48
40,8,49
41,8,48
40,8,48
40,8,48
40,8,49
40,8,48
41,8,48
40,8,48
39,8,48
41,8,49
40,8,48
40,7,48
40,8,48
40,9,49
40,8,48
41,8,48
40,7,49
40,8,48
41,8,48
40,8,48
40,8,49
40,8,48
40,8,48
40,8,48
40,8,48
41,8,48
40,8,48
41,8,48
41,8,48
40,8,48
41,7,48
42,8,48
40,8,48
40,8,48
41,8,49
40,8,48
40,8,47
41,8,48
40,8,48
40,8,48
41,8,48
40,8,48
40,8,48
41,8,48
41,8,48
41,8,48
40,8,48
40,8,48
41,8,48
40,9,49
40,8,48
40,8,49
40,8,48
41,8,48
40,8,48
42,7,48
41,8,48
39,7,48
40,8,48
41,8,49
40,9,48
40,7,48
40,8,49
40,8,48
41,8,48
39,8,48
40,8,49
41,8,48
41,8,48
40,8,48
40,8,48
41,8,48
40,8,48
40,8,48
41,8,47
41,8,48
40,8,48
40,8,47
41,8,48
41,8,48
40,8,47
41,8,48
41,7,48
41,8,48
40,8,48
40,8,48
40,8,48
41,8,49
40,8,48
41,8,48
41,8,48
41,8,49
40,8,48
40,8,48
41,8,48
40,8,47
41,8,48
42,8,49
40,8,48
41,8,48
40,8,49
40,8,48
40,8,48
41,8,48
40,8,48
40,8,49
41,8,48
41,8,49
40,8,48
40,7,48
41,8,48
41,8,49
40,8,48
41,8,48
40,8,48
41,8,48
40,8,48
40,8,48
41,8,49
39,8,48
40,8,48
42,7,48
40,8,49
37,9,48
40,8,49
41,7,48
41,8,48
40,8,49
39,8,49
40,8,48
41,8,48
41,8,48
41,8,48
41,7,48
44,7,50
45,7,50
39,8,50
40,8,51
33,10,50
32,11,51
30,10,53
31,9,54
34,8,52
34,9,53
33,10,52
34,10,54
33,11,53
31,10,54
34,10,53
38,10,53
29,14,51
28,11,53
31,11,53
35,10,53
36,10,52
34,11,51
33,11,52
32,10,54
32,10,54
34,10,53
35,10,53
35,10,53
35,10,53
34,9,51
37,9,52
38,10,51
37,10,52
36,9,52
35,10,52
34,10,52
29,11,48
32,12,47
38,10,49
41,8,54
36,7,55
37,6,52
39,6,53
38,6,52
36,8,51
38,7,51
38,8,52
37,8,51
40,7,50
41,7,51
42,10,46
40,10,46
37,10,49
35,10,48
37,9,52
38,7,53
36,6,55
34,7,50
37,7,49
36,8,52
37,8,53
34,7,52
36,6,53
37,7,53
39,7,52
36,8,50
35,8,52
34,7,53
37,8,53
38,7,53
37,7,52
35,8,52
35,9,52
37,8,55
35,6,56
31,9,53
31,10,54
28,10,54
29,10,55
27,12,55
27,12,55
24,11,56
27,11,55
26,12,58
25,11,56
27,12,55
26,11,56
29,12,58
29,12,57
27,13,57
26,10,56
28,9,57
29,11,58
29,11,56
31,11,55
31,10,57
30,11,57
29,12,56
28,13,56
26,13,54
26,13,57
26,13,56
26,14,55
22,15,52
29,13,53
26,12,61
18,11,66
19,10,58
18,11,56
20,13,56
27,13,57
24,13,61
26,12,60
28,11,59
24,12,58
25,12,57
25,13,58
24,14,59
23,13,61
16,14,60
13,14,59
10,15,56
12,15,59
11,14,61
10,14,58
23,12,63
13,12,64
13,12,61
18,13,56
20,15,57
19,15,56
22,16,55
29,14,53
28,13,55
26,11,60
28,9,61
28,9,60
26,10,58
27,12,57
27,13,56
26,13,55
27,12,56
28,11,57
27,11,58
26,12,57
26,12,56
27,13,57
27,13,56
28,12,57
26,11,57
25,13,56
25,14,55
24,14,55
26,13,57
28,12,58
26,13,56
26,13,56
26,14,57
26,14,57
25,15,55
26,14,57
27,14,57
27,13,57
25,13,56
27,13,57
26,14,57
24,14,57
27,14,56
27,13,56
26,13,57
27,14,57
25,14,56
25,13,57
26,14,57
27,14,57
26,14,56
25,13,57
26,13,57
24,14,56
26,13,57
23,14,56
25,14,58
26,13,57
26,13,57
26,13,57
25,13,57
25,13,57
24,14,57
24,14,58
25,14,57
25,13,57
25,14,57
26,14,58
26,14,57
25,13,57
25,15,57
25,14,57
25,13,57
25,13,57
26,13,56
26,14,57
25,14,57
24,14,57
25,13,57
25,13,57
27,14,58
26,13,57
25,13,57
25,13,57
25,14,58
25,14,57
26,13,57
26,13,57
26,14,57
25,13,57
24,13,57
24,14,57
26,14,57
25,14,57
25,14,57
26,13,57
26,13,57
24,14,56
24,14,58
25,14,56
25,14,57
26,14,56
27,13,57
24,13,56
24,14,57
26,14,57
26,14,57
25,13,57
26,13,57
26,13,57
25,14,57
25,14,57
25,14,57
24,14,57
24,14,56
27,13,56
26,14,56
24,14,56
24,13,57
25,14,58
24,14,57
25,13,57
26,13,56
26,13,57
24,14,57
25,14,58
25,14,57
25,14,57
25,13,57
24,13,56
26,13,58
26,14,57
24,14,56
25,13,58
25,14,58
25,15,57
26,13,57
26,13,56
25,14,57
24,14,57
26,14,57
25,13,57
25,13,57
25,14,57
25,14,57
26,13,57
26,14,57
25,13,57
25,14,57
26,14,57
26,13,57
25,13,57
25,14,57
25,13,57
25,13,57
25,13,57
25,13,57
25,14,57
25,14,57
27,13,57
27,14,56
27,14,58
27,13,58
26,14,58
26,14,56
26,15,57
22,16,57
23,15,56
24,16,57
22,16,57
21,15,57
19,16,58
18,15,60
17,15,60
15,15,61
16,15,61
18,15,59
21,17,61
20,17,57
21,16,56
20,18,57
20,18,56
19,16,54
18,17,55
22,16,58
25,14,58
30,14,60
27,13,60
25,13,58
24,15,56
25,15,55
26,15,56
25,15,56
26,13,56
27,13,57
25,13,56
29,13,57
31,12,57
38,12,59
28,11,61
19,11,59
1,10,56
-1,8,59
-11,4,65
-13,5,68
-6,5,63
-5,4,62
-6,2,66
-7,3,65
-8,3,64
-7,4,64
-5,4,65
2,11,66
-1,6,66
-2,8,61
-1,8,64
-1,4,59
3,6,59
4,10,64
9,11,60
-3,4,61
-1,11,67
4,8,67
5,7,64
0,7,65
-2,10,65
-4,13,69
3,11,60
-1,-14,54
-10,-23,57
-8,-2,59
-3,5,60
-1,7,59
3,8,63
3,8,65
5,8,64
3,7,62
1,6,65
-1,5,66
3,5,64
3,5,63
2,6,65
2,6,66
4,8,64
4,11,60
4,13,58
10,12,63
12,11,59
19,11,59
24,13,57
20,13,54
23,12,59
19,13,60
20,13,61
18,10,61
10,11,61
8,9,61
26,9,60
22,11,61
22,9,63
16,9,62
17,9,61
20,9,60
22,9,61
25,11,58
27,11,56
27,12,55
27,11,56
28,12,57
27,11,57
27,11,57
27,11,56
27,11,56
27,12,56
26,12,55
26,12,55
28,12,54
29,11,57
29,10,59
27,10,57
27,10,56
25,10,57
23,11,57
29,11,55
31,10,55
34,10,50
33,12,49
36,12,49
41,11,47
48,12,41
51,13,39
53,12,38
54,13,39
53,15,35
49,13,30
56,11,31
50,14,27
52,12,27
56,11,30
55,9,35
54,9,34
53,10,37
50,10,36
50,10,36
51,10,36
51,10,36
52,11,32
52,10,31
53,10,31
53,10,31
53,10,31
52,10,32
51,10,34
50,10,34
57,10,33
61,9,33
50,10,32
54,10,31
55,13,27
54,8,23
62,10,29
57,10,24
54,12,21
59,11,21
56,12,18
61,11,13
63,11,14
63,12,-3
60,11,2
61,11,9
61,13,8
60,12,11
60,12,12
56,12,14
59,12,15
61,11,16
61,11,14
60,11,12
60,11,12
60,12,10
64,12,15
58,11,14
59,11,16
60,11,17
60,12,14
60,12,15
58,12,17
58,12,16
59,12,16
59,12,14
59,12,14
60,12,16
59,12,16
58,12,14
59,11,21
59,11,23
56,12,21
56,11,23
57,10,28
56,11,28
54,11,27
55,10,29
56,10,32
55,11,30
53,10,31
54,10,34
50,10,35
50,11,35
49,9,38
49,9,38
49,10,37
49,10,39
49,10,39
49,10,39
49,10,40
49,9,38
50,9,39
50,9,40
49,9,40
47,9,41
47,9,42
47,9,44
48,9,45
45,9,47
43,9,47
42,9,49
42,10,51
36,10,50
35,11,50
34,12,52
30,12,53
29,13,54
26,13,55
26,14,55
24,15,55
22,14,56
21,15,57
21,15,57
23,14,58
23,14,58
22,14,57
24,14,58
26,14,59
27,14,59
28,13,60
29,14,60
14,16,58
15,15,60
21,15,61
23,15,59
22,17,56
19,18,56
18,21,55
15,19,56
11,17,59
9,18,58
13,15,60
17,13,63
17,13,61
18,16,61
16,14,60
14,15,59
17,15,61
14,14,62
13,15,61
16,15,62
11,14,61
17,18,58
16,17,59
13,13,60
16,12,63
17,14,61
16,14,62
15,15,58
19,15,58
20,15,59
21,14,59
22,13,60
23,14,61
20,15,60
16,14,58
17,14,59
19,14,60
19,14,60
18,14,58
19,15,59
20,14,59
20,14,59
20,14,59
22,14,60
20,14,58
20,14,59
20,14,59
20,15,59
20,14,59
21,14,59
20,14,59
21,15,59
21,14,59
20,14,58
21,15,59
20,14,59
20,14,59
20,15,58
20,15,58
21,15,59
20,15,58
22,15,59
21,15,58
23,14,58
23,14,58
23,14,58
23,14,58
22,14,57
23,14,58
23,14,58
22,14,58
22,15,58
22,15,58
24,15,58
24,14,57
23,14,57
24,14,58
25,14,57
26,14,57
27,13,57
27,14,57
27,14,57
26,14,56
26,14,57
24,15,56
24,15,56
27,14,58
27,14,58
25,14,57
26,13,57
27,14,56
27,14,56
26,14,56
27,14,56
28,14,56
26,14,56
26,14,55
26,15,57
27,14,57
26,14,57
26,15,55
27,14,56
27,13,56
27,14,56
27,14,56
25,14,55
26,14,57
25,14,58
24,14,56
26,16,55
28,15,54
28,14,54
29,14,56
27,14,56
27,14,57
27,12,57
28,13,58
27,11,54
31,14,57
28,13,55
26,14,55
25,14,54
27,13,55
30,15,55
30,15,56
28,13,58
30,11,57
28,12,56
27,15,56
28,15,55
26,13,55
26,13,57
26,13,57
26,14,56
27,14,55
28,14,56
28,14,56
29,14,55
28,13,54
30,13,54
30,14,55
30,14,54
26,13,56
26,13,57
27,14,58
27,14,57
27,13,57
29,14,58
31,13,57
29,14,53
29,16,52
31,16,51
30,17,52
26,17,55
24,16,53
31,15,55
30,16,55
28,17,55
28,16,55
29,13,55
30,14,55
29,15,54
30,16,54
30,17,54
28,16,54
26,14,56
27,15,56
26,15,56
26,15,54
30,15,54
31,15,53
32,14,54
31,13,55
29,13,55
28,14,55
27,14,55
24,14,55
25,13,57
29,7,67
31,9,66
23,14,56
23,16,52
28,20,46
29,21,46
29,18,48
31,17,48
41,21,47
41,17,40
41,18,57
39,21,63
27,18,72
12,21,69
31,17,70
26,2,58
28,-1,43
26,-4,40
22,-1,40
22,2,49
23,8,58
16,12,61
28,10,76
15,8,65
13,7,55
19,9,57
20,10,61
23,9,62
26,7,62
26,5,59
22,5,57
18,4,61
15,4,59
16,5,59
20,5,61
25,5,60
25,7,61
24,7,60
22,6,56
20,5,57
24,2,66
25,2,67
22,5,56
23,5,56
25,5,61
24,5,60
23,3,60
23,2,61
22,1,61
25,2,61
27,5,60
25,6,59
23,8,58
23,8,59
22,6,58
24,5,59
24,5,59
23,5,59
23,4,61
25,5,61
23,5,58
24,4,59
25,3,59
24,4,58
25,5,59
24,5,60
25,5,60
25,5,58
26,4,58
28,4,61
27,5,60
24,8,56
24,9,57
25,9,59
25,8,60
26,6,62
27,5,62
24,8,59
25,9,60
23,9,59
21,9,58
15,11,55
20,13,56
25,14,51
25,15,56
11,14,59
18,9,61
17,8,62
12,11,63
13,12,64
14,9,62
13,9,60
15,10,62
18,10,63
18,11,61
20,11,62
21,11,60
20,13,58
18,15,49
22,17,52
24,19,55
39,8,65
38,-1,66
33,-3,61
20,-10,57
21,-2,63
10,2,54
5,-1,59
10,-3,67
7,-3,60
4,-3,58
13,-2,69
12,1,69
8,6,67
9,6,69
4,4,62
-3,3,51
-8,1,34
3,0,44
18,14,79
26,16,108
27,11,53
21,-4,61
23,-5,61
19,-6,60
19,-9,59
20,-10,60
15,-6,61
13,-3,62
16,-4,59
20,-5,57
24,-1,60
22,-1,59
18,1,61
20,7,63
20,10,64
9,10,64
8,7,64
17,1,62
19,-1,61
19,-3,60
20,-2,60
19,-1,60
20,-1,60
23,1,60
22,2,61
21,3,60
21,2,59
24,1,57
27,0,59
38,0,58
37,1,58
16,1,59
22,0,59
25,0,59
26,0,59
21,0,59
18,-1,60
23,0,59
24,3,59
20,1,61
20,0,59
27,0,60
27,0,59
21,0,59
18,1,60
18,2,60
22,2,60
21,2,61
18,3,61
12,4,61
19,3,59
23,3,58
31,2,56
34,3,55
37,3,54
39,3,54
38,3,55
39,5,52
33,6,57
18,5,58
15,4,60
21,4,59
24,4,60
19,4,59
20,4,59
23,5,60
22,5,60
23,4,59
23,4,59
27,5,59
26,5,59
25,5,59
25,5,59
23,4,59
21,4,60
22,3,60
18,2,60
20,2,60
20,2,60
22,3,60
18,2,60
21,3,60
19,3,61
18,3,61
18,3,60
19,3,60
21,3,60
22,4,60
21,4,60
22,4,60
23,4,59
23,4,59
26,5,59
27,5,59
28,3,58
28,3,57
25,5,60
26,5,60
36,-2,65
45,-7,67
10,4,56
12,4,56
15,4,48
20,8,45
22,7,43
22,10,44
24,11,50
40,13,48
30,15,55
9,24,58
21,24,58
31,30,39
35,23,43
40,14,55
50,9,66
40,11,51
41,9,50
34,-2,55
30,-2,57
17,5,91
23,0,81
25,-1,52
19,-2,48
20,-10,55
23,-15,62
28,-18,65
28,-16,55
29,-15,55
25,-14,54
25,-14,55
26,-16,58
27,-16,57
27,-16,54
25,-17,54
23,-16,57
22,-16,58
22,-16,57
22,-16,57
22,-16,58
21,-16,58
22,-16,56
24,-14,56
27,-12,57
25,-13,59
21,-13,58
23,-13,57
24,-13,58
23,-13,58
23,-13,58
23,-15,57
24,-15,57
24,-15,57
23,-15,57
23,-14,57
21,-13,56
21,-13,59
19,-13,59
19,-13,58
20,-14,58
20,-14,58
21,-14,58
21,-15,60
20,-16,58
19,-16,58
19,-16,59
18,-17,59
18,-17,59
18,-17,58
18,-17,59
18,-16,59
18,-16,58
19,-16,59
19,-16,59
20,-16,58
20,-16,58
20,-16,58
21,-16,58
21,-16,58
22,-15,57
21,-15,57
23,-15,58
23,-16,58
20,-16,57
21,-16,57
22,-16,57
21,-16,57
22,-16,58
22,-16,57
21,-16,57
22,-15,57
22,-16,57
22,-16,58
22,-17,58
22,-17,57
21,-18,57
22,-18,57
22,-18,57
22,-17,57
22,-17,57
23,-16,57
23,-16,57
22,-16,57
22,-16,57
22,-16,57
23,-16,57
22,-16,57
22,-16,57
23,-16,57
23,-16,57
21,-16,57
22,-16,57
23,-16,57
23,-16,57
24,-15,56
24,-15,57
25,-16,57
22,-15,56
22,-16,56
21,-17,57
24,-17,56
26,-16,55
27,-17,54
28,-18,55
27,-18,55
26,-19,55
26,-19,56
25,-18,55
25,-18,55
26,-17,55
26,-17,55
27,-17,55
26,-17,55
26,-17,55
26,-17,55
26,-16,55
26,-17,55
26,-15,55
27,-17,55
27,-18,54
26,-18,55
26,-19,55
25,-20,55
25,-20,55
26,-19,55
25,-19,55
25,-19,55
26,-19,55
26,-18,55
26,-18,55
25,-18,55
26,-18,55
26,-18,55
26,-18,55
26,-18,55
27,-18,55
26,-18,55
26,-18,54
26,-18,54
26,-18,54
27,-18,55
27,-18,54
26,-18,55
27,-18,55
27,-18,54
27,-18,54
27,-18,54
27,-18,54
27,-18,54
27,-18,55
27,-18,54
27,-18,54
27,-18,55
27,-18,54
27,-18,55
26,-18,55
27,-18,54
27,-18,54
27,-18,54
27,-18,54
27,-18,54
27,-18,54
27,-18,54
27,-18,55
27,-18,55
26,-18,55
27,-18,55
27,-18,54
27,-18,54
27,-18,54
27,-18,54
27,-18,54
27,-17,55
27,-17,55
27,-17,54
27,-17,55
27,-18,54
27,-18,54
32,-18,55
30,-18,54
21,-17,55
20,-17,56
24,-17,56
25,-17,56
26,-18,55
26,-18,55
25,-18,55
25,-18,55
26,-18,55
26,-18,55
26,-18,55
25,-18,55
25,-18,55
26,-18,55
26,-18,55
26,-18,55
25,-18,55
26,-18,55
26,-18,55
26,-18,55
26,-18,55
26,-18,55
26,-18,55
26,-17,55
26,-17,55
27,-18,55
26,-18,55
25,-20,55
26,-20,55
27,-18,55
26,-18,55
25,-18,55
25,-18,55
26,-18,55
27,-17,55
27,-16,55
26,-17,54
26,-19,54
29,-21,54
29,-19,54
25,-16,55
25,-17,55
24,-19,55
24,-20,55
26,-19,54
27,-18,53
29,-17,54
29,-16,54
28,-16,55
27,-17,55
27,-18,54
27,-19,54
27,-20,54
27,-21,54
27,-22,54
27,-23,54
26,-17,54
25,-15,54
27,-15,54
30,-17,55
29,-18,54
28,-19,53
28,-21,54
28,-20,53
28,-20,53
28,-18,54
27,-18,54
26,-17,54
26,-17,54
27,-17,54
27,-18,54
28,-22,54
27,-23,54
27,-24,52
28,-23,53
26,-21,54
24,-20,55
22,-17,55
21,-17,56
25,-18,55
27,-21,55
26,-22,55
23,-22,54
23,-21,54
24,-21,55
24,-21,55
24,-21,55
24,-20,55
24,-19,55
25,-18,55
27,-19,54
28,-19,54
27,-21,54
27,-22,54
25,-22,55
24,-21,55
24,-20,55
24,-19,56
23,-19,56
23,-19,55
22,-20,55
23,-20,56
24,-20,55
23,-20,55
23,-20,55
23,-20,55
22,-20,56
21,-21,55
22,-20,55
21,-21,56
21,-22,55
20,-22,56
20,-22,56
20,-22,56
21,-22,56
21,-23,56
21,-23,55
20,-23,56
20,-22,56
20,-21,56
21,-21,56
21,-21,56
21,-21,56
20,-21,56
20,-21,56
21,-20,56
21,-21,56
21,-21,55
21,-21,55
22,-20,56
22,-21,55
23,-21,55
19,-22,55
18,-22,55
22,-22,58
22,-21,56
20,-21,56
19,-22,56
24,-22,57
25,-20,56
22,-18,55
23,-18,54
23,-20,56
21,-21,56
15,-23,57
14,-24,58
18,-23,56
22,-23,55
25,-23,55
22,-22,55
22,-22,55
24,-22,55
25,-22,55
23,-21,55
22,-21,55
21,-21,55
22,-21,55
21,-22,55
21,-22,55
22,-22,55
22,-23,55
21,-22,55
22,-21,55
23,-21,55
22,-21,55
24,-21,55
25,-21,54
25,-21,54
24,-21,55
23,-22,55
23,-22,54
25,-22,54
25,-22,54
24,-22,55
24,-22,54
24,-22,54
24,-23,54
24,-23,54
24,-22,54
24,-22,54
25,-22,54
25,-22,54
25,-22,54
24,-22,55
22,-22,55
23,-23,54
23,-23,55
22,-24,54
21,-24,55
20,-23,55
21,-22,55
21,-21,55
23,-22,56
21,-22,55
21,-22,55
21,-22,55
21,-22,55
21,-22,55
21,-22,55
22,-21,56
21,-21,56
21,-22,55
21,-22,55
22,-22,56
22,-22,57
23,-25,54
23,-26,53
24,-27,52
24,-28,53
22,-28,59
19,-27,63
14,-23,58
17,-20,52
22,-19,47
24,-23,46
29,-26,47
30,-27,51
28,-27,57
17,-26,54
14,-24,51
22,-23,53
27,-23,55
25,-22,58
18,-22,55
17,-22,56
22,-23,58
27,-24,54
25,-23,52
21,-24,51
24,-24,54
22,-24,54
17,-24,56
13,-22,61
17,-23,60
23,-22,55
25,-22,54
21,-23,55
19,-23,54
21,-22,56
21,-22,56
22,-23,56
23,-22,55
23,-23,53
23,-23,54
22,-23,56
22,-25,56
21,-25,54
25,-25,52
23,-25,52
22,-24,55
22,-25,55
23,-25,52
23,-24,50
25,-26,53
27,-25,55
24,-22,53
24,-20,54
23,-18,54
23,-16,55
23,-16,61
21,-15,61
21,-14,62
22,-14,61
23,-16,58
29,-20,53
32,-22,51
32,-28,47
31,-28,45
35,-29,44
37,-33,47
28,-35,51
21,-39,57
24,-34,58
23,-33,56
22,-26,53
27,-21,56
32,-17,53
31,-14,48
31,-8,39
42,-8,41
24,-16,58
11,-20,69
1,-17,61
12,-17,60
27,-22,69
29,-24,67
25,-25,65
19,-27,63
8,-23,52
17,-18,50
21,-15,52
36,-9,46
41,-9,47
19,-8,48
17,-7,49
15,-7,49
17,-8,49
24,-14,58
24,-15,55
21,-12,41
26,-9,39
49,-19,79
49,-33,105
33,-10,64
18,-6,43
15,-2,34
21,-3,42
31,-16,81
25,-19,82
28,-9,48
25,-11,43
29,-19,58
27,-22,60
22,-21,54
18,-21,57
14,-20,59
8,-18,57
5,-18,58
8,-16,56
10,-16,59
14,-15,64
22,-15,63
27,-13,58
27,-13,58
28,-12,60
26,-9,54
34,-4,51
40,-5,52
31,-8,59
14,-6,56
26,-8,57
33,-13,60
27,-12,55
25,-14,55
28,-15,58
26,-15,57
24,-14,57
24,-13,57
25,-14,57
23,-13,56
24,-13,57
25,-13,58
25,-14,58
20,-14,58
19,-15,58
15,-14,59
17,-14,59
20,-15,58
20,-17,58
20,-17,58
19,-19,57
19,-23,56
19,-24,56
16,-25,54
16,-25,55
19,-24,57
17,-24,58
15,-25,59
16,-26,56
16,-29,54
18,-29,54
15,-29,54
8,-30,55
9,-30,54
8,-31,53
7,-32,53
7,-34,52
6,-35,51
3,-36,49
5,-38,51
3,-40,50
-3,-41,44
-2,-45,50
4,-51,52
3,-40,52
1,-33,48
3,-36,51
4,-37,52
4,-37,51
5,-37,51
4,-37,51
3,-38,50
3,-39,50
6,-40,51
4,-40,50
0,-40,48
1,-40,49
7,-39,49
6,-39,51
2,-40,49
8,-38,50
8,-37,51
6,-37,51
6,-36,52
6,-37,52
12,-37,52
12,-38,52
15,-38,53
8,-36,52
1,-37,52
2,-37,52
-1,-35,51
-1,-36,53
1,-34,54
0,-35,53
0,-34,52
2,-33,54
1,-33,54
0,-34,54
1,-32,54
4,-37,54
0,-35,52
20,-33,50
16,-29,54
2,-31,55
2,-30,55
5,-34,57
-1,-32,56
0,-33,55
1,-31,55
1,-33,54
1,-29,55
2,-32,55
3,-35,53
21,-28,56
24,-27,59
10,-28,56
7,-27,56
12,-26,56
8,-29,55
7,-28,56
7,-31,54
11,-31,54
10,-28,55
11,-27,56
17,-27,52
22,-29,53
17,-31,55
12,-32,54
11,-31,56
13,-28,57
13,-30,55
13,-28,54
13,-30,54
14,-28,55
16,-29,54
15,-30,54
13,-29,55
13,-29,55
13,-28,55
13,-28,55
13,-27,56
13,-27,55
11,-27,55
11,-28,56
12,-27,56
13,-28,56
12,-28,55
10,-27,55
11,-28,56
12,-28,57
11,-28,56
11,-28,56
11,-28,56
11,-27,56
8,-28,55
11,-27,56
14,-27,57
13,-26,57
14,-26,55
16,-26,55
16,-26,55
13,-25,56
15,-25,57
16,-25,57
13,-25,56
14,-25,56
17,-25,56
16,-25,56
14,-25,56
16,-25,57
16,-25,56
16,-24,56
16,-24,57
16,-23,57
18,-22,57
16,-24,57
17,-25,56
16,-25,56
16,-24,56
16,-24,56
16,-24,56
16,-24,56
17,-25,56
17,-25,56
17,-24,56
17,-24,56
16,-24,56
17,-21,58
19,-26,56
15,-25,56
16,-23,56
16,-24,56
17,-25,56
16,-24,56
16,-24,56
16,-24,56
17,-26,56
16,-25,56
17,-24,56
17,-26,55
16,-25,56
17,-24,56
17,-25,56
15,-26,56
15,-23,57
18,-24,55
18,-24,56
17,-25,56
19,-23,56
23,-23,56
17,-26,55
15,-25,56
16,-24,56
17,-24,57
17,-24,57
17,-24,56
19,-24,56
18,-25,56
16,-25,56
16,-25,56
16,-23,56
16,-24,57
12,-24,57
13,-24,57
16,-25,56
16,-25,57
15,-25,56
16,-24,56
15,-25,56
14,-23,56
15,-25,56
16,-23,56
16,-21,58
14,-21,59
12,-22,58
13,-20,58
14,-23,58
16,-23,58
16,-23,58
13,-24,57
12,-23,58
14,-23,57
14,-22,58
14,-23,58
12,-24,57
14,-23,57
15,-24,57
15,-24,57
15,-24,57
13,-23,56
13,-24,57
16,-21,59
14,-22,57
11,-23,57
11,-24,58
14,-24,58
11,-23,58
10,-26,56
16,-18,57
16,-17,59
13,-21,59
12,-24,58
10,-25,59
9,-25,59
11,-24,59
10,-23,58
9,-24,58
10,-24,58
9,-23,58
9,-24,57
12,-24,57
13,-23,57
15,-24,58
16,-23,59
12,-24,57
11,-24,57
12,-24,59
16,-23,58
11,-20,54
14,-23,56
23,-23,59
25,-26,54
26,-25,54
27,-24,53
28,-24,52
27,-24,54
26,-26,53
25,-25,51
21,-26,51
22,-30,52
21,-29,51
22,-29,49
22,-31,50
22,-31,51
22,-31,51
25,-30,50
24,-30,49
27,-31,48
27,-31,48
28,-32,48
28,-31,48
28,-32,48
29,-30,48
29,-30,48
28,-31,47
29,-28,48
30,-29,48
32,-28,48
30,-28,48
27,-30,48
25,-30,50
27,-30,50
26,-30,49
25,-29,49
26,-30,50
25,-29,50
26,-29,50
26,-30,50
26,-30,50
27,-29,49
26,-29,50
26,-29,50
25,-30,49
26,-29,50
25,-29,50
25,-29,50
25,-30,50
25,-29,50
25,-29,50
25,-29,49
26,-30,49
26,-30,50
26,-30,50
25,-30,49
25,-30,50
26,-30,50
26,-30,49
26,-30,50
26,-30,50
25,-30,49
25,-30,50
26,-30,50
25,-30,50
25,-30,50
25,-30,49
26,-30,49
26,-29,50
26,-29,50
26,-30,49
27,-30,49
27,-30,49
26,-30,49
26,-30,49
27,-31,49
26,-31,49
26,-30,49
27,-30,49
27,-29,49
27,-29,49
26,-30,49
27,-30,49
27,-30,48
27,-30,48
26,-30,49
27,-30,49
27,-30,49
27,-30,49
27,-30,49
26,-30,48
27,-31,49
27,-31,49
27,-30,48
27,-30,48
27,-30,49
27,-30,49
27,-30,48
27,-30,48
28,-30,48
28,-30,48
28,-31,48
28,-30,48
28,-30,48
28,-30,48
28,-30,48
28,-30,48
28,-30,48
28,-30,48
28,-30,48
28,-30,48
28,-30,48
28,-30,48
28,-30,48
28,-30,48
28,-30,48
28,-30,48
28,-30,48
28,-30,48
28,-30,48
28,-30,48
28,-30,48
28,-31,48
28,-30,48
28,-30,48
28,-30,48
28,-30,48
28,-30,48
28,-30,48
28,-31,48
28,-30,48
28,-30,48
28,-30,48
28,-30,48
28,-30,48
28,-30,48
28,-30,48
28,-31,48
27,-31,48
30,-31,47
30,-29,48
27,-31,48
25,-29,49
26,-30,50
25,-29,50
26,-30,49
27,-30,50
26,-29,50
25,-30,50
23,-29,50
25,-30,50
25,-30,51
25,-28,51
24,-28,51
23,-29,51
24,-28,51
24,-29,50
24,-30,51
24,-29,51
24,-29,50
24,-30,51
24,-29,51
25,-30,50
25,-31,50
25,-31,51
25,-29,50
23,-28,53
21,-27,52
26,-29,50
30,-30,51
27,-29,48
21,-27,47
28,-28,50
33,-30,51
27,-30,48
23,-29,48
24,-31,52
24,-31,52
23,-28,50
26,-27,49
30,-29,50
29,-30,50
26,-29,47
27,-28,48
29,-30,48
30,-31,48
28,-29,48
29,-29,48
30,-28,50
26,-31,45
30,-30,46
34,-33,50
26,-30,49
25,-27,48
27,-26,48
28,-26,48
29,-26,48
35,-27,49
38,-27,47
30,-30,45
31,-32,47
30,-30,47
31,-30,48
28,-29,49
25,-28,48
24,-26,49
29,-26,50
34,-27,50
35,-27,50
31,-26,44
33,-27,44
36,-29,46
34,-29,46
33,-28,45
31,-27,48
31,-27,49
31,-26,48
31,-26,48
31,-25,48
31,-25,47
33,-25,47
35,-25,47
34,-26,46
32,-25,46
34,-26,47
34,-26,47
34,-26,47
34,-25,47
34,-25,46
34,-26,47
33,-26,47
34,-26,47
34,-26,47
34,-27,47
33,-28,47
32,-25,47
31,-29,46
35,-28,47
35,-29,47
30,-27,48
30,-28,48
32,-28,48
31,-27,48
28,-27,49
28,-26,49
29,-26,50
28,-27,50
26,-27,50
25,-26,50
26,-27,51
26,-26,50
30,-26,48
32,-26,48
30,-27,49
30,-27,49
31,-28,49
31,-28,48
32,-28,48
31,-27,48
31,-27,48
31,-27,48
29,-27,49
33,-27,50
29,-27,50
29,-27,48
29,-27,49
28,-27,51
28,-27,50
28,-28,49
27,-29,49
27,-27,51
26,-28,50
27,-27,50
27,-27,50
27,-28,50
28,-28,51
27,-29,50
25,-28,51
24,-28,51
23,-26,51
22,-26,53
22,-27,53
22,-31,52
25,-27,52
26,-28,51
24,-28,51
23,-29,52
20,-30,52
18,-33,51
22,-30,51
23,-26,52
26,-26,53
24,-26,53
24,-27,53
24,-27,52
25,-31,51
25,-29,51
24,-32,50
23,-30,50
21,-32,51
20,-32,51
20,-31,51
19,-30,51
17,-30,51
15,-29,53
15,-29,54
17,-31,53
17,-31,52
18,-33,51
18,-33,52
18,-33,51
18,-33,51
18,-29,52
15,-29,53
16,-28,53
17,-29,53
19,-29,53
20,-30,53
19,-30,52
21,-29,51
23,-30,51
24,-28,53
21,-27,53
20,-27,52
23,-26,53
25,-28,52
24,-28,51
25,-29,51
26,-28,51
25,-27,51
25,-26,52
25,-26,52
26,-26,51
25,-27,51
25,-28,52
25,-28,52
25,-29,50
25,-29,50
25,-28,50
26,-29,49
27,-27,49
29,-26,50
29,-25,50
28,-26,49
31,-27,49
32,-29,48
31,-28,48
30,-28,49
31,-29,49
33,-28,50
26,-26,51
19,-25,52
30,-26,50
30,-24,50
28,-25,51
29,-24,50
29,-24,51
28,-25,52
26,-25,52
25,-24,52
27,-24,51
27,-24,52
28,-24,53
29,-24,53
28,-24,53
29,-25,53
24,-24,54
27,-26,53
24,-25,53
20,-24,53
19,-25,54
18,-25,55
18,-24,56
15,-23,56
16,-24,56
20,-24,56
24,-24,55
22,-23,54
23,-23,54
23,-23,55
22,-24,55
22,-24,54
21,-23,54
23,-22,53
22,-22,52
19,-22,52
22,-23,53
37,-24,48
41,-23,44
48,-21,39
50,-23,38
48,-24,39
46,-24,39
42,-24,40
41,-24,41
43,-23,41
43,-24,44
40,-24,44
33,-25,46
31,-25,48
28,-26,51
28,-28,51
23,-26,52
21,-26,52
23,-27,52
24,-28,52
24,-27,51
25,-26,52
25,-28,52
25,-25,52
24,-26,52
23,-26,53
23,-27,52
24,-26,52
24,-26,52
25,-26,52
26,-27,51
27,-27,51
27,-27,51
27,-27,51
27,-27,51
26,-27,51
26,-27,51
26,-27,51
25,-26,51
26,-27,51
26,-28,51
25,-28,51
24,-27,52
26,-27,51
25,-27,51
25,-27,52
27,-27,51
22,-27,51
24,-26,53
24,-27,52
22,-27,52
22,-27,52
23,-29,53
21,-28,53
21,-27,53
20,-27,52
21,-28,54
23,-29,53
21,-25,53
21,-27,52
24,-27,53
22,-28,53
23,-25,53
23,-25,54
22,-23,54
22,-24,54
24,-25,53
24,-25,53
23,-26,53
25,-24,53
27,-24,51
28,-25,47
24,-21,53
22,-19,57
20,-19,66
25,-20,56
26,-24,54
28,-24,54
26,-19,56
25,-19,55
28,-23,56
27,-26,58
16,-22,65
20,-16,66
33,-30,50
27,-20,39
29,-33,44
29,-32,54
20,-29,54
13,-25,53
16,-26,55
21,-28,56
20,-29,55
19,-27,49
17,-24,50
25,-26,56
26,-27,56
22,-27,53
23,-28,51
40,-33,56
35,-30,53
8,-16,43
21,-9,55
32,-11,59
27,-12,55
28,-14,50
35,-17,44
37,-18,45
32,-22,48
30,-24,48
36,-29,53
43,-38,58
36,-43,55
40,-44,51
58,-44,53
58,-52,49
47,-57,42
39,-67,36
38,-67,27
33,-65,26
33,-62,35
34,-60,36
15,-52,19
21,-51,19
28,-45,22
36,-40,30
37,-38,31
22,-32,22
21,-31,21
17,-23,16
22,-22,16
21,-30,14
23,-31,18
27,-38,25
28,-42,29
37,-46,37
34,-46,38
26,-42,41
25,-40,44
24,-39,48
26,-39,48
26,-39,49
25,-40,51
31,-40,54
33,-40,57
30,-40,60
28,-38,61
17,-33,55
11,-31,53
12,-27,51
10,-25,51
8,-25,53
7,-25,51
11,-18,49
7,-18,49
0,-13,48
2,-17,54
4,-22,55
7,-13,60
9,-17,60
6,-16,53
6,-9,62
9,-14,58
8,-12,58
5,-10,63
9,-16,62
9,-14,63
11,-18,61
12,-14,63
12,-16,60
7,-10,55
14,-8,59
14,-10,61
19,-2,36
15,-12,56
5,-7,61
11,-13,73
8,-10,69
7,-10,63
13,-10,62
14,-9,58
14,-3,73
7,-2,74
13,-39,54
6,-18,48
8,-25,55
7,-25,55
11,-22,54
13,-21,52
9,-21,50
9,-21,49
12,-25,49
13,-28,49
8,-31,44
13,-36,38
18,-36,36
30,-30,29
29,-23,23
21,-19,22
16,-16,25
24,-15,35
24,-14,38
34,-25,53
40,-33,58
42,-40,56
44,-48,57
46,-52,58
45,-52,55
43,-57,45
43,-62,43
47,-59,39
49,-51,41
43,-50,51
33,-46,47
31,-38,46
34,-37,54
26,-36,59
25,-37,62
25,-44,58
29,-39,51
36,-38,49
25,-24,40
19,-21,38
17,-20,42
20,-22,51
20,-19,74
12,-14,71
15,-6,59
22,-5,57
11,-4,59
7,-7,61
7,-9,62
4,-8,61
4,-12,60
11,-15,60
19,-20,59
19,-27,55
17,-29,52
18,-31,53
18,-32,56
12,-28,59
10,-26,60
9,-23,60
11,-23,59
15,-22,57
15,-22,57
13,-24,57
11,-23,57
13,-20,58
12,-24,58
14,-21,58
15,-21,58
15,-20,59
15,-23,58
13,-21,59
12,-22,58
12,-22,59
10,-21,58
13,-20,58
13,-23,57
13,-23,58
13,-22,59
15,-22,57
12,-20,58
11,-21,59
15,-23,58
15,-17,58
13,-22,55
15,-18,55
21,-21,55
14,-18,58
15,-17,60
23,-19,58
23,-18,64
21,-16,63
17,-15,60
13,-15,61
12,-19,65
12,-22,53
27,-15,65
-4,-16,47
19,-32,49
26,-29,54
24,-27,49
21,-24,49
28,-20,59
30,-20,63
31,-19,57
20,-16,52
20,-15,50
20,-14,54
24,-14,55
19,-12,51
23,-12,52
33,-14,50
38,-16,51
44,-32,39
38,-38,42
18,-38,61
20,-35,64
14,-23,57
16,-21,59
32,-20,64
39,-20,56
46,-41,46
38,-51,42
51,-65,27
54,-65,22
58,-79,40
51,-87,35
47,-75,14
52,-50,17
43,-42,13
30,-38,8
24,-37,10
41,-39,21
38,-38,20
37,-37,21
27,-35,18
20,-28,14
18,-24,13
28,-20,21
29,-20,25
32,-26,33
32,-32,37
30,-45,41
27,-48,42
25,-43,42
20,-40,42
18,-37,45
17,-35,46
19,-34,49
15,-30,48
16,-29,50
14,-27,52
18,-27,56
18,-28,56
14,-32,49
18,-23,52
17,-25,50
19,-27,55
17,-23,55
19,-27,50
19,-20,53
18,-23,51
23,-18,55
32,-28,56
32,-20,49
11,-15,55
21,-13,60
37,-17,49
39,-19,47
28,-20,54
31,-15,60
33,-16,59
32,-24,49
33,-15,58
25,-25,55
20,-16,57
19,-48,42
26,-28,47
20,-28,46
22,-27,47
24,-26,46
27,-26,49
26,-27,43
23,-28,41
24,-26,40
26,-27,42
23,-30,43
20,-34,43
29,-34,39
28,-35,38
25,-31,39
25,-29,39
21,-28,35
22,-30,35
19,-35,33
17,-36,34
24,-40,37
28,-47,40
30,-47,39
36,-49,38
33,-48,38
28,-47,33
31,-47,31
36,-45,25
36,-45,24
36,-50,26
47,-64,49
42,-34,42
19,-54,19
45,-47,42
35,-48,39
31,-46,36
32,-46,37
29,-40,41
29,-40,41
35,-38,46
39,-41,51
42,-46,56
37,-50,49
28,-48,46
19,-39,35
25,-34,37
16,-30,44
16,-28,53
18,-22,65
18,-22,63
25,-24,52
24,-22,46
13,-14,46
17,-14,53
21,1,66
20,8,67
7,-1,72
-2,-6,64
-7,-15,44
-6,-18,50
-3,-18,75
5,-15,75
12,-18,62
10,-20,55
4,-18,53
-2,-27,62
3,-35,59
11,-48,35
20,-57,30
26,-57,40
20,-55,42
22,-54,51
19,-53,47
5,-43,49
0,-41,54
0,-38,58
0,-38,52
-1,-27,50
-15,-23,51
-3,-21,60
2,-20,58
1,-16,56
2,-17,62
-5,-20,63
-2,-23,62
-6,-28,52
1,-21,65
5,-28,59
5,-26,56
9,-26,58
6,-23,57
8,-29,56
6,-23,58
6,-19,57
4,-20,58
7,-22,59
13,-16,60
14,-12,61
1,-22,60
4,-22,65
6,-20,63
6,-20,62
4,-19,64
4,-18,66
-4,-22,56
-5,-29,57
6,-18,52
8,-28,54
11,-24,58
8,-23,59
4,-21,61
4,-22,63
5,-25,63
2,-25,61
5,-24,60
15,-19,56
16,-19,55
14,-13,51
14,-12,51
20,-17,52
19,-18,52
22,-26,55
22,-30,56
21,-28,52
22,-28,52
26,-27,55
25,-26,54
33,-30,54
40,-32,50
47,-41,49
41,-41,46
38,-52,44
34,-56,41
37,-59,35
41,-73,30
34,-73,28
33,-64,30
28,-59,23
29,-53,15
29,-53,18
22,-51,25
21,-46,22
22,-44,18
25,-46,23
29,-48,27
24,-47,26
12,-47,25
13,-46,28
22,-47,32
20,-45,28
23,-41,21
24,-39,20
26,-39,25
28,-40,31
23,-41,36
25,-40,37
25,-38,38
23,-39,41
22,-39,43
20,-39,46
18,-38,48
17,-37,48
16,-36,48
18,-33,50
19,-33,52
18,-33,53
22,-32,54
21,-29,54
22,-28,53
20,-26,52
20,-25,52
20,-25,51
19,-24,51
19,-24,49
19,-25,48
20,-26,52
20,-26,54
19,-26,51
18,-23,53
20,-25,54
21,-25,55
20,-26,54
22,-26,55
22,-26,53
21,-25,51
22,-23,50
24,-23,50
23,-25,51
22,-25,56
24,-29,55
23,-20,50
25,-25,52
26,-34,48
21,-27,49
31,-28,54
35,-24,63
29,-18,66
28,-27,54
27,-26,53
30,-26,56
31,-29,43
26,-34,41
25,-29,52
24,-25,49
27,-26,47
25,-26,44
22,-26,43
20,-28,39
27,-32,41
22,-41,37
20,-39,35
17,-37,34
22,-36,33
24,-32,31
24,-32,30
26,-30,30
25,-32,30
27,-40,29
26,-44,31
19,-45,30
16,-47,28
16,-47,23
26,-48,26
38,-54,37
46,-55,40
42,-51,39
27,-47,19
25,-48,25
35,-52,30
45,-55,37
39,-59,27
38,-61,33
27,-59,25
27,-57,31
29,-54,36
29,-53,36
23,-51,40
28,-48,40
43,-36,41
44,-34,42
35,-33,52
32,-34,56
27,-37,54
21,-37,53
16,-33,53
18,-30,52
21,-27,53
26,-25,53
31,-23,50
31,-24,50
30,-25,51
22,-21,48
21,-19,49
14,-13,57
13,-11,61
11,-11,62
11,-13,59
13,-18,57
14,-18,59
13,-17,62
8,-15,61
5,-21,60
3,-23,59
11,-26,59
16,-28,57
19,-27,54
16,-26,55
12,-23,59
11,-22,60
11,-22,59
14,-23,59
12,-25,57
11,-24,58
9,-30,57
16,-23,57
18,-20,56
16,-21,58
15,-22,57
15,-23,57
15,-22,58
13,-21,58
14,-21,59
15,-22,58
13,-23,58
13,-23,58
16,-22,59
12,-24,54
16,-21,56
16,-23,57
9,-23,56
12,-21,58
14,-21,58
16,-21,55
11,-19,63
11,-23,61
13,-21,59
21,-16,60
16,-17,65
13,-19,62
13,-22,67
12,-28,19
8,-20,57
-5,-28,51
18,-25,55
16,-23,55
16,-21,59
17,-19,56
20,-16,52
22,-17,51
28,-17,50
31,-17,51
30,-18,54
28,-19,56
27,-18,58
30,-21,59
32,-24,57
34,-29,53
40,-40,40
55,-45,39
45,-45,30
42,-47,31
44,-54,31
39,-56,27
42,-57,25
39,-52,21
37,-46,24
40,-52,31
38,-56,25
32,-57,16
29,-59,14
31,-64,19
29,-63,21
23,-56,20
20,-52,19
21,-44,21
19,-43,21
17,-40,22
15,-40,19
23,-41,23
21,-45,27
22,-46,27
21,-45,27
20,-44,28
22,-44,31
22,-45,33
19,-44,35
18,-43,34
24,-41,35
24,-40,36
18,-39,38
20,-41,41
18,-43,43
16,-44,43
17,-45,42
17,-44,41
19,-44,42
20,-44,42
23,-42,45
22,-41,47
25,-40,51
26,-40,52
22,-38,52
23,-38,52
23,-37,50
24,-36,49
23,-35,49
24,-34,47
20,-41,43
22,-38,44
16,-32,43
17,-32,45
19,-36,44
22,-32,46
22,-32,47
21,-31,50
24,-29,52
23,-30,52
22,-35,50
20,-30,52
17,-30,53
17,-29,55
21,-28,56
22,-32,50
19,-25,47
14,-35,44
19,-29,43
22,-27,49
28,-30,53
28,-24,57
32,-24,60
36,-23,57
29,-20,61
34,-27,53
3,-39,39
7,-31,34
26,-35,36
6,-27,29
13,-31,29
19,-34,32
26,-38,31
24,-38,30
19,-35,26
23,-36,28
25,-36,36
21,-40,35
36,-50,41
30,-48,42
20,-47,36
32,-43,40
27,-43,38
23,-51,30
36,-54,32
46,-62,56
38,-54,51
29,-46,26
31,-53,34
35,-52,29
38,-61,30
25,-59,33
22,-57,37
24,-49,42
28,-42,45
34,-38,42
36,-37,46
38,-37,50
37,-38,55
38,-42,55
30,-40,48
20,-33,48
16,-32,47
11,-29,50
13,-27,54
20,-26,57
25,-26,57
26,-27,52
29,-27,49
27,-24,47
23,-15,49
20,-12,55
17,-9,64
14,-10,65
9,-15,62
7,-17,60
11,-24,57
16,-26,55
20,-26,51
21,-25,52
24,-24,58
24,-22,57
22,-21,56
22,-22,57
20,-23,55
17,-23,55
19,-25,57
18,-26,57
17,-27,57
12,-29,53
29,-27,64
22,-25,53
20,-24,53
16,-23,55
22,-25,56
19,-24,55
18,-25,53
19,-26,56
7,-26,52
17,-25,55
15,-26,56
18,-20,54
16,-25,58
13,-26,61
16,-26,62
18,-22,61
18,-24,51
19,-17,65
-19,-28,46
12,-25,50
18,-33,55
18,-22,55
18,-29,53
16,-28,52
19,-28,60
18,-27,60
18,-28,58
21,-27,52
21,-20,47
24,-18,50
14,-17,64
16,-17,65
21,-19,53
21,-18,47
27,-17,43
32,-21,49
37,-26,49
37,-29,47
37,-37,56
32,-35,51
60,-29,44
53,-27,55
23,-46,40
10,-61,40
1,-68,41
18,-56,33
24,-49,34
33,-48,26
39,-53,23
40,-66,27
35,-78,27
31,-93,22
30,-93,16
27,-78,18
27,-68,17
20,-50,14
18,-45,14
20,-39,9
20,-37,8
23,-33,16
21,-34,18
20,-32,21
19,-31,24
25,-30,33
31,-33,39
36,-40,45
35,-45,46
28,-51,44
23,-53,43
14,-51,39
7,-52,37
6,-51,36
18,-39,40
16,-29,43
12,-23,45
18,-16,47
14,-18,49
12,-16,50
13,-19,51
10,-22,51
21,-22,56
22,-22,56
19,-22,57
18,-20,56
18,-23,54
20,-23,57
23,-24,58
20,-22,59
21,-21,59
22,-21,56
19,-20,56
22,-22,56
24,-23,53
22,-22,54
25,-24,53
25,-16,54
29,-11,58
32,-21,53
26,-21,50
28,-18,54
32,-21,54
29,-22,51
24,-18,52
29,-18,56
31,-14,59
33,-24,50
33,-26,47
36,-17,62
31,-20,58
38,-13,50
43,-18,54
17,-26,46
30,-23,45
20,-20,40
18,-25,38
16,-26,36
16,-27,39
38,-29,42
44,-23,41
27,-26,38
20,-31,34
20,-36,34
19,-36,30
17,-34,29
25,-32,38
23,-35,40
28,-43,36
29,-41,32
11,-48,31
16,-50,37
24,-50,24
21,-49,20
94,-64,60
64,-56,60
12,-42,13
27,-49,22
40,-55,29
34,-58,22
29,-65,22
21,-66,21
27,-70,30
28,-63,33
27,-48,39
35,-39,41
40,-41,39
53,-47,40
49,-49,45
46,-49,43
45,-44,46
24,-29,49
15,-24,49
22,-22,49
28,-15,48
36,-7,55
36,-7,59
39,-11,57
31,-8,45
25,-6,41
17,-6,43
10,-12,62
5,-15,73
9,-17,67
24,-19,56
25,-21,54
23,-21,54
23,-20,56
28,-17,53
29,-16,51
36,-16,52
37,-16,54
34,-19,55
31,-20,53
29,-22,51
28,-21,52
30,-18,54
29,-16,55
28,-16,55
27,-17,55
29,-20,54
28,-20,53
29,-19,54
28,-18,54
26,-16,56
26,-17,56
24,-19,55
21,-19,55
26,-17,55
33,-13,55
33,-12,56
29,-14,58
25,-17,57
24,-19,59
23,-19,59
19,-19,54
14,-18,52
15,-19,52
14,-18,52
13,-21,53
15,-25,56
17,-22,58
17,-19,53
24,-23,57
17,-22,62
0,-21,69
-1,-21,67
6,-21,58
12,-21,57
26,-22,55
30,-24,52
30,-25,52
24,-25,56
21,-24,56
17,-22,55
19,-20,55
23,-20,57
23,-20,56
24,-20,54
26,-20,54
27,-20,55
26,-20,54
24,-21,54
23,-21,52
26,-22,54
26,-22,54
25,-23,54
24,-24,53
24,-24,53
24,-24,53
25,-22,54
26,-21,54
26,-21,54
26,-21,53
27,-21,53
28,-21,53
28,-21,53
29,-21,52
28,-21,52
28,-20,52
28,-20,52
29,-20,53
28,-20,53
29,-20,52
29,-20,52
29,-20,52
30,-20,52
30,-19,53
30,-19,52
30,-20,51
30,-20,51
33,-19,50
34,-19,51
34,-19,50
34,-19,50
33,-19,50
34,-20,50
34,-19,50
34,-20,50
34,-20,50
33,-20,50
33,-20,50
32,-20,51
32,-20,51
33,-19,51
33,-19,50
33,-19,51
33,-19,51
33,-19,51
32,-19,51
33,-19,50
33,-19,51
34,-19,51
33,-19,51
32,-19,51
32,-19,51
32,-19,51
33,-19,50
32,-20,51
32,-20,51
32,-19,51
32,-19,51
32,-20,51
32,-20,51
32,-20,51
33,-19,51
32,-19,51
31,-20,51
32,-19,51
31,-19,51
31,-19,51
32,-20,51
32,-20,51
32,-20,51
32,-20,51
32,-20,51
32,-20,51
32,-19,51
33,-19,51
32,-20,51
32,-20,51
33,-20,51
32,-19,51
32,-20,50
32,-20,51
32,-20,51
32,-19,51
32,-19,51
32,-19,51
32,-20,51
32,-19,51
33,-20,51
32,-20,50
32,-20,51
33,-20,51
33,-20,50
32,-19,51
32,-19,51
32,-19,51
32,-19,51
33,-19,50
33,-20,50
33,-20,51
33,-19,50
33,-19,50
33,-20,50
33,-20,50
34,-20,50
33,-20,50
33,-19,50
33,-19,50
33,-19,50
34,-19,50
33,-20,50
33,-20,50
34,-20,50
34,-19,50
33,-19,50
33,-19,50
33,-19,50
33,-19,50
33,-19,50
34,-20,50
33,-20,50
34,-20,50
34,-19,50
34,-19,50
33,-20,50
34,-19,50
34,-19,50
33,-19,50
33,-20,50
33,-19,50
34,-20,50
34,-19,50
33,-20,50
34,-20,50
34,-20,50
34,-20,50
34,-20,50
34,-20,50
34,-19,50
33,-19,50
34,-20,50
34,-20,50
34,-20,50
34,-19,50
34,-19,50
34,-19,49
33,-19,50
34,-20,49
34,-20,50
34,-20,50
33,-20,50
33,-19,50
34,-19,50
34,-19,50
33,-20,50
33,-20,50
32,-19,49
35,-20,50
35,-20,49
35,-20,50
33,-20,49
33,-21,50
34,-20,50
34,-20,49
35,-20,49
34,-20,49
34,-20,50
34,-20,49
34,-19,49
34,-20,50
35,-20,49
34,-20,49
34,-20,49
34,-20,50
34,-20,50
34,-20,50
34,-20,49
34,-20,49
34,-20,49
34,-20,49
34,-20,49
34,-20,49
34,-20,49
34,-20,49
34,-20,49
34,-20,49
35,-20,49
35,-20,49
34,-20,49
34,-20,49
34,-20,49
34,-20,49
35,-20,49
35,-20,49
34,-20,49
34,-20,49
35,-20,49
35,-20,49
34,-20,49
34,-20,49
34,-20,49
34,-20,49
34,-20,49
34,-20,49
34,-20,49
34,-20,49
35,-20,49
35,-20,49
34,-20,49
35,-20,49
34,-20,49
35,-20,49
35,-19,49
35,-19,49
34,-20,49
34,-20,49
35,-20,49
34,-20,49
34,-20,49
34,-20,49
35,-20,49
34,-20,49
34,-20,49
34,-20,49
34,-20,49
34,-20,49
34,-20,49
34,-20,49
34,-20,49
34,-20,49
34,-20,49
35,-20,49
35,-20,49
35,-20,49
34,-20,49
35,-20,49
35,-20,49
34,-20,50
34,-20,49
34,-20,49
36,-20,49
36,-20,48
35,-19,49
35,-19,49
32,-17,46
35,-18,49
34,-19,48
35,-22,48
34,-23,49
34,-22,50
32,-21,49
33,-21,49
34,-21,49
34,-20,48
35,-22,48
33,-22,48
34,-22,49
35,-24,49
34,-23,49
34,-22,49
35,-21,49
33,-21,48
34,-22,49
34,-23,48
34,-22,48
35,-22,48
34,-22,48
35,-22,48
35,-23,48
34,-23,48
33,-22,49
33,-22,49
33,-21,48
36,-21,48
38,-21,48
35,-21,47
35,-22,47
36,-23,48
35,-24,47
34,-23,47
35,-24,48
36,-22,47
35,-22,47
35,-22,47
35,-22,48
35,-23,47
35,-23,47
35,-23,47
34,-23,47
35,-23,47
36,-23,47
35,-23,47
35,-23,48
35,-23,47
36,-23,47
35,-23,47
35,-23,47
35,-23,47
35,-23,47
35,-23,47
36,-23,47
36,-23,47
35,-23,47
35,-23,47
36,-22,47
36,-22,47
35,-22,47
35,-22,47
35,-23,47
36,-22,47
36,-23,47
36,-23,47
36,-23,46
37,-22,46
37,-22,46
37,-21,47
37,-21,47
37,-21,47
36,-21,46
37,-21,46
37,-22,46
37,-22,46
37,-22,46
37,-22,46
36,-22,46
37,-22,46
37,-22,46
37,-22,46
37,-22,46
37,-22,46
37,-22,46
38,-21,46
37,-21,46
37,-21,46
38,-21,46
38,-21,46
38,-21,46
37,-21,46
37,-21,46
38,-22,46
38,-22,46
37,-22,46
38,-22,46
38,-22,46
38,-21,46
38,-21,46
37,-21,46
38,-21,46
38,-21,46
38,-21,46
38,-21,46
38,-21,46
38,-21,46
38,-21,46
38,-21,46
38,-21,46
38,-21,45
38,-21,46
38,-21,46
38,-21,46
38,-21,46
38,-21,46
38,-21,46
38,-21,46
38,-21,46
38,-21,46
38,-22,46
38,-22,45
38,-22,46
38,-22,46
38,-21,46
38,-21,46
38,-21,45
38,-21,46
38,-21,45
38,-21,45
38,-21,46
38,-21,46
38,-21,46
38,-21,46
38,-22,46
38,-22,45
38,-21,44
38,-22,45
38,-23,46
38,-23,46
36,-22,46
36,-22,46
37,-20,46
39,-20,47
41,-20,46
40,-20,45
36,-21,44
37,-22,44
38,-22,45
38,-22,46
37,-20,46
38,-19,46
41,-19,47
36,-21,46
35,-22,47
35,-25,46
34,-25,45
38,-24,45
40,-23,45
40,-19,47
37,-18,46
37,-20,46
39,-21,45
38,-22,44
38,-22,44
35,-25,43
37,-23,42
40,-20,38
42,-17,39
61,-11,32
54,-10,33
67,-18,28
59,-24,32
38,-25,36
34,-27,40
30,-22,46
33,-21,47
37,-20,46
39,-20,45
41,-20,43
44,-20,42
44,-20,41
43,-21,41
42,-22,41
40,-23,44
38,-23,44
38,-21,44
40,-21,44
42,-19,43
43,-20,42
44,-21,41
43,-21,41
41,-21,42
40,-21,43
40,-21,43
41,-21,43
42,-21,42
43,-21,42
42,-21,41
41,-21,41
42,-21,42
42,-20,43
42,-20,43
42,-20,41
43,-20,40
45,-20,40
45,-20,41
43,-20,41
42,-20,42
41,-20,42
42,-20,41
42,-19,42
43,-20,41
46,-20,39
47,-19,40
44,-19,41
44,-20,41
42,-21,41
42,-21,41
43,-22,40
44,-20,40
44,-18,40
45,-17,41
45,-17,41
43,-17,42
42,-18,43
41,-20,44
40,-21,43
40,-24,43
40,-25,42
40,-25,41
41,-25,42
41,-24,42
41,-23,42
41,-20,42
41,-19,43
42,-18,42
42,-18,42
43,-19,41
43,-20,41
42,-22,42
41,-22,43
41,-21,43
40,-22,43
39,-23,43
39,-23,43
41,-23,43
41,-22,43
40,-21,43
41,-21,43
41,-21,43
43,-21,42
42,-21,42
42,-20,42
41,-20,42
41,-19,43
41,-19,43
41,-19,43
41,-19,44
40,-20,43
40,-20,43
41,-20,42
42,-19,42
42,-19,43
41,-19,43
41,-20,42
42,-19,42
43,-19,42
44,-18,41
44,-18,41
44,-17,39
46,-17,38
49,-17,38
49,-16,38
49,-16,39
46,-15,40
43,-16,41
45,-17,41
42,-17,39
42,-17,39
48,-17,40
49,-17,40
46,-18,39
47,-18,39
44,-18,39
45,-18,39
46,-19,40
43,-18,40
44,-18,39
47,-18,41
45,-17,40
42,-17,41
42,-17,41
46,-18,40
45,-18,40
46,-17,40
45,-17,41
44,-18,42
43,-17,42
45,-17,41
45,-17,41
44,-17,42
42,-17,41
44,-17,41
44,-17,42
43,-17,41
43,-17,41
44,-17,42
44,-17,42
43,-18,42
43,-17,42
44,-18,42
43,-19,41
43,-21,41
45,-20,41
44,-19,41
43,-19,42
43,-20,42
44,-21,43
43,-22,43
40,-25,43
38,-25,42
39,-26,41
37,-27,41
38,-29,40
39,-31,40
37,-31,40
34,-31,41
32,-33,45
30,-34,46
26,-37,46
27,-38,45
25,-36,43
27,-35,44
30,-32,45
30,-32,46
28,-31,46
27,-35,43
28,-36,43
28,-36,44
28,-36,44
27,-35,47
25,-36,47
24,-37,47
24,-36,46
23,-35,44
24,-34,43
31,-32,43
32,-33,45
29,-34,46
28,-36,46
27,-36,46
26,-37,45
26,-35,45
26,-32,46
29,-29,48
30,-28,49
29,-27,49
30,-27,48
30,-27,47
32,-27,47
31,-27,48
31,-27,48
31,-27,48
31,-27,48
30,-27,48
31,-27,47
31,-26,48
32,-26,47
33,-26,47
31,-27,48
31,-27,48
32,-26,47
34,-26,47
34,-27,47
33,-27,47
35,-26,46
35,-26,47
35,-26,48
35,-27,47
34,-26,44
35,-25,45
35,-24,45
34,-25,46
34,-26,47
34,-26,48
34,-25,48
34,-23,47
35,-23,46
38,-23,46
37,-23,45
37,-23,44
38,-22,45
40,-22,46
39,-23,46
36,-24,44
35,-23,43
39,-23,44
39,-21,43
37,-22,46
34,-22,46
35,-24,47
35,-25,47
39,-29,43
42,-27,39
40,-23,33
42,-21,33
41,-20,35
41,-22,37
42,-26,36
46,-38,33
56,-49,39
51,-43,24
59,-39,18
54,-44,22
41,-42,22
38,-57,24
41,-59,22
47,-56,6
49,-52,0
45,-45,-1
44,-44,3
34,-40,3
44,-46,5
42,-52,5
37,-54,5
43,-56,8
49,-65,12
47,-75,16
36,-79,5
29,-67,6
14,-59,6
7,-57,2
29,-53,-1
27,-51,-3
17,-42,0
16,-41,2
18,-36,7
21,-33,11
15,-29,31
24,-27,43
45,-32,37
44,-32,32
35,-37,36
27,-39,36
13,-38,28
15,-37,26
23,-36,25
27,-36,26
35,-49,33
38,-55,36
34,-53,31
29,-59,23
31,-59,20
39,-59,14
37,-59,10
36,-61,6
33,-58,5
24,-54,1
25,-55,1
31,-54,3
33,-55,4
38,-58,6
38,-60,7
35,-66,2
30,-69,-4
22,-70,-9
19,-70,-7
16,-75,-6
19,-78,-6
28,-77,-3
31,-72,4
25,-70,13
14,-67,12
2,-63,9
0,-59,0
3,-48,-1
15,-44,9
18,-48,12
26,-52,5
26,-49,1
28,-46,13
35,-42,26
50,-34,44
51,-36,43
48,-45,34
27,-41,30
17,-39,31
17,-42,32
25,-39,36
26,-39,32
25,-34,24
25,-36,22
23,-48,24
23,-60,25
25,-96,29
26,-125,22
23,-122,10
15,-91,-10
21,-80,-10
54,-71,0
58,-63,2
76,-52,19
76,-48,22
62,-27,24
68,-20,23
67,-9,16
60,-8,13
43,-2,11
38,0,8
34,11,5
46,13,6
46,16,10
51,18,16
45,18,24
48,16,28
38,23,31
40,27,31
35,29,32
38,30,32
26,36,23
-11,46,24
18,53,33
56,64,26
53,63,25
45,41,27
42,43,23
47,45,21
47,46,25
40,48,22
26,48,18
23,46,29
24,48,29
25,49,19
23,48,18
29,50,18
34,52,21
35,46,32
41,42,36
40,34,31
35,29,24
30,31,9
39,43,-2
67,43,3
19,30,8
28,30,13
67,31,10
52,33,10
42,36,3
39,36,0
41,42,-5
33,43,-21
47,33,-46
45,28,-43
46,23,-35
43,25,-27
40,27,-19
44,26,-18
47,32,-11
49,29,-11
51,33,-25
55,35,-29
69,37,-23
81,36,-19
75,28,-9
73,25,-5
67,15,8
58,8,19
57,3,29
52,-12,30
38,-18,22
6,-27,7
-2,-32,5
-4,-45,8
11,-61,16
33,-97,27
44,-117,22
70,-128,-2
68,-127,-2
47,-109,21
32,-100,8
20,-68,-9
25,-58,-6
33,-40,-6
33,-35,-7
28,-28,-9
26,-28,-11
27,-33,-11
30,-37,-7
38,-40,8
47,-52,19
53,-63,22
53,-87,17
43,-90,12
15,-92,6
10,-97,8
8,-80,10
11,-69,10
23,-67,12
12,-69,5
48,-64,6
37,-65,-10
23,-57,-16
16,-54,-16
10,-53,-13
10,-56,-14
16,-56,-18
19,-53,-19
23,-52,-14
24,-56,-13
25,-64,-13
25,-67,-9
21,-71,-7
26,-82,3
29,-81,11
29,-77,19
26,-63,21
16,-52,16
17,-55,20
11,-72,35
-8,-68,33
6,-48,25
18,-44,21
23,-39,17
27,-42,16
28,-44,8
29,-45,7
40,-45,15
41,-45,18
29,-43,19
21,-43,18
14,-41,-10
20,-44,-14
42,-56,-5
50,-67,0
52,-80,4
45,-80,6
34,-86,13
27,-68,8
22,-66,4
14,-61,-2
16,-57,-2
21,-52,-3
26,-51,-5
37,-48,-5
39,-46,-4
33,-46,-3
30,-46,-4
26,-46,-7
25,-48,-7
25,-51,-6
27,-57,-4
27,-64,0
25,-66,2
19,-69,4
16,-72,5
15,-74,8
17,-73,10
20,-76,11
23,-67,9
22,-58,7
16,-50,8
16,-52,9
18,-51,4
17,-48,1
21,-49,-1
25,-48,0
29,-45,3
31,-47,6
29,-51,11
28,-54,14
25,-53,17
23,-53,18
20,-53,21
20,-56,23
19,-65,19
21,-74,16
26,-80,14
26,-76,13
24,-79,9
24,-80,5
22,-76,-4
24,-70,-7
27,-66,-7
30,-59,-7
27,-55,-5
18,-52,-4
13,-51,-5
12,-50,-5
14,-51,-5
14,-56,-3
15,-56,-3
19,-58,-2
20,-57,0
21,-57,5
23,-57,9
22,-59,16
22,-61,18
21,-71,24
16,-72,19
10,-82,15
12,-75,18
20,-52,20
26,-53,25
35,-58,21
23,-58,2
18,-56,-3
20,-56,-3
23,-56,0
34,-56,7
38,-55,11
42,-58,17
40,-62,18
31,-64,16
24,-68,13
11,-72,8
8,-75,6
13,-83,8
8,-92,-2
7,-77,-5
16,-71,-5
22,-63,-8
19,-64,-12
15,-58,-16
11,-56,-16
10,-49,-12
12,-48,-10
14,-48,-7
14,-54,-7
14,-57,-6
16,-60,-3
17,-60,-1
20,-61,2
21,-64,4
22,-68,4
22,-69,4
23,-70,6
23,-70,8
24,-70,9
25,-71,8
23,-68,8
21,-66,8
19,-63,6
19,-62,4
19,-61,2
19,-59,-3
19,-58,-4
19,-58,-5
21,-64,-6
23,-70,-7
23,-71,-9
23,-60,-2
24,-58,3
26,-56,8
29,-57,9
24,-60,12
11,-62,8
-11,-64,3
-12,-63,1
8,-62,2
17,-59,6
28,-56,12
30,-55,14
21,-55,10
19,-56,10
14,-56,8
20,-57,11
17,-57,9
22,-59,9
23,-61,7
22,-61,6
23,-60,7
24,-59,8
23,-59,8
21,-60,8
20,-60,8
21,-60,10
20,-60,11
17,-62,13
16,-62,13
12,-61,12
11,-61,11
13,-60,9
18,-60,9
19,-58,7
20,-58,8
18,-58,6
19,-58,6
19,-59,6
19,-59,6
19,-59,6
19,-59,6
19,-59,8
19,-59,8
19,-59,9
19,-59,10
20,-59,10
20,-59,11
21,-60,11
22,-61,10
22,-61,10
21,-60,9
20,-59,9
19,-59,8
19,-59,8
18,-60,7
19,-60,7
18,-60,7
18,-60,7
17,-60,7
16,-60,8
17,-60,8
17,-60,9
18,-60,9
18,-60,8
18,-60,8
18,-60,8
18,-60,7
19,-60,7
18,-58,6
19,-58,5
19,-58,5
20,-60,5
20,-60,5
21,-59,6
21,-60,6
20,-60,7
21,-60,8
21,-60,8
21,-60,9
20,-61,8
20,-61,7
19,-60,8
19,-61,7
18,-61,6
18,-60,7
19,-60,8
19,-60,7
19,-60,8
19,-59,7
20,-60,7
19,-60,7
19,-59,7
19,-58,7
19,-58,7
19,-58,7
19,-59,7
19,-60,6
19,-59,6
19,-60,7
19,-60,7
18,-60,8
18,-60,10
18,-60,11
20,-60,12
20,-60,11
20,-60,11
20,-59,9
20,-59,8
21,-58,7
21,-58,7
20,-59,7
20,-59,7
21,-59,8
21,-59,8
21,-60,8
21,-59,9
21,-59,10
22,-60,10
22,-60,11
20,-59,9
19,-59,8
19,-62,8
19,-64,8
18,-64,9
19,-63,10
18,-59,12
17,-59,13
16,-58,12
16,-58,11
17,-59,11
17,-60,10
16,-59,9
17,-59,8
17,-58,8
17,-57,8
16,-57,8
16,-58,8
16,-58,8
16,-58,9
16,-59,9
16,-61,10
16,-62,11
18,-63,14
17,-63,18
11,-65,17
10,-65,17
12,-63,14
13,-62,13
16,-59,10
17,-57,9
19,-54,8
20,-54,9
21,-55,11
21,-56,12
22,-57,14
22,-57,15
24,-60,16
23,-60,16
20,-59,14
19,-60,12
26,-60,18
21,-58,16
19,-58,16
15,-59,15
14,-58,14
14,-57,12
14,-58,12
16,-60,11
16,-60,10
17,-58,11
18,-58,11
18,-58,12
18,-59,12
19,-59,12
20,-59,13
20,-60,12
20,-61,12
19,-61,11
19,-61,11
19,-60,10
19,-60,10
19,-60,9
19,-60,9
19,-60,9
18,-60,9
18,-60,9
18,-61,8
17,-61,8
16,-61,8
16,-61,9
16,-61,8
16,-61,9
16,-60,9
16,-60,9
17,-59,9
17,-59,8
19,-59,8
19,-59,8
19,-59,9
19,-60,9
18,-61,9
17,-62,9
16,-60,10
15,-60,10
15,-59,9
16,-60,9
19,-60,8
19,-60,8
19,-61,8
18,-60,8
18,-60,9
16,-59,9
16,-59,9
17,-60,9
18,-60,9
18,-60,8
18,-61,8
18,-61,9
18,-61,9
17,-59,9
17,-59,10
18,-60,9
18,-59,9
19,-60,9
19,-60,10
19,-59,9
19,-60,9
18,-62,8
17,-62,7
16,-61,8
17,-60,8
17,-60,8
17,-60,9
17,-60,9
16,-60,8
17,-61,8
17,-60,9
17,-61,9
17,-60,9
16,-60,9
16,-61,8
17,-61,8
16,-60,8
17,-60,8
17,-60,8
16,-60,8
17,-58,8
17,-58,8
17,-59,8
18,-59,8
19,-60,7
19,-60,8
19,-60,8
19,-59,9
20,-59,10
19,-57,10
19,-58,10
21,-59,11
22,-59,11
21,-59,11
21,-59,11
21,-60,9
21,-60,9
21,-60,8
21,-60,9
19,-60,8
19,-60,8
19,-60,8
19,-60,8
19,-60,8
18,-60,8
18,-60,9
18,-59,9
18,-58,9
20,-58,9
20,-59,9
20,-59,9
21,-59,9
21,-60,9
21,-60,9
20,-60,8
21,-60,8
20,-60,8
20,-60,7
20,-60,8
20,-60,8
21,-61,9
21,-62,9
20,-61,10
20,-61,10
20,-60,10
19,-59,10
18,-58,7
18,-58,5
20,-65,6
21,-65,8
20,-62,11
19,-61,12
15,-58,13
10,-61,11
8,-64,9
10,-63,9
13,-62,9
16,-60,11
16,-58,11
14,-55,10
12,-53,11
13,-51,12
13,-52,13
14,-55,15
15,-56,16
16,-60,16
16,-63,16
16,-67,17
17,-67,16
17,-64,16
18,-63,16
18,-63,14
19,-63,15
20,-63,16
21,-63,17
19,-64,16
16,-61,13
16,-59,13
14,-58,11
15,-58,10
15,-57,9
15,-56,8
16,-54,10
17,-54,11
16,-55,11
15,-56,12
15,-56,14
14,-57,15
14,-58,15
14,-59,16
16,-60,15
17,-62,15
19,-62,15
20,-61,14
20,-60,13
21,-61,13
21,-64,13
20,-63,12
20,-63,13
20,-61,13
20,-60,13
18,-57,13
18,-57,12
18,-59,12
19,-59,12
21,-61,15
16,-62,16
6,-62,18
8,-64,19
7,-65,16
6,-65,14
10,-64,13
12,-62,11
15,-61,11
14,-60,11
12,-57,10
13,-57,12
8,-56,14
11,-57,12
15,-58,8
19,-57,9
25,-54,13
21,-56,16
20,-58,20
17,-70,29
12,-72,27
20,-56,16
23,-54,17
23,-55,14
20,-56,11
14,-58,4
14,-58,3
18,-56,5
18,-56,5
21,-58,7
19,-59,8
16,-60,8
18,-60,8
20,-58,8
20,-58,8
20,-61,6
21,-62,4
22,-61,3
22,-60,2
22,-58,3
20,-58,2
21,-59,1
20,-61,-1
21,-63,-2
20,-62,-3
20,-61,-4
21,-62,-3
21,-62,-3
21,-63,-3
20,-64,-4
19,-65,-3
19,-65,-3
19,-63,-2
18,-62,-2
18,-62,-1
18,-62,0
18,-60,1
17,-59,1
17,-58,1
20,-59,2
20,-62,1
19,-65,-2
20,-65,-3
22,-60,0
24,-59,3
25,-58,5
24,-59,5
19,-59,6
18,-60,6
17,-60,7
18,-60,8
17,-60,10
14,-60,9
16,-61,10
20,-61,10
14,-60,10
10,-59,9
13,-60,9
16,-59,10
18,-59,9
16,-59,8
16,-57,9
15,-57,9
15,-57,12
16,-58,14
17,-59,18
19,-60,21
19,-58,20
20,-58,20
20,-59,19
19,-60,16
18,-62,14
18,-61,11
18,-60,10
18,-59,9
17,-59,9
15,-59,8
15,-59,9
17,-57,10
16,-57,10
16,-58,12
17,-56,13
18,-57,13
19,-57,12
19,-61,11
20,-62,10
21,-61,12
21,-59,13
21,-56,15
22,-57,13
24,-58,13
24,-61,13
25,-61,13
22,-62,12
20,-61,9
25,-56,13
21,-57,12
18,-57,11
16,-57,10
15,-65,10
16,-67,10
16,-63,11
16,-59,12
17,-57,14
15,-59,15
15,-59,14
15,-58,14
18,-59,13
18,-61,12
16,-63,9
17,-59,9
17,-58,9
17,-57,8
17,-57,7
16,-59,7
15,-60,6
16,-59,7
17,-59,9
18,-60,10
17,-62,10
15,-61,15
13,-60,15
19,-61,17
20,-59,16
21,-59,14
21,-59,12
20,-60,9
21,-60,9
23,-59,11
23,-58,11
18,-57,8
19,-58,8
20,-57,8
20,-58,8
23,-57,11
23,-56,11
24,-57,11
27,-61,16
24,-61,14
22,-60,10
22,-60,9
20,-59,9
18,-59,8
15,-61,8
12,-62,8
12,-63,7
12,-66,8
16,-63,10
17,-59,9
15,-56,8
13,-56,6
13,-58,3
15,-57,2
18,-58,2
20,-60,3
22,-60,5
21,-59,7
24,-58,10
24,-61,10
23,-61,8
20,-60,4
20,-57,2
22,-59,1
21,-60,1
21,-59,1
21,-59,2
22,-61,2
23,-62,2
21,-61,2
22,-62,4
21,-63,10
18,-64,12
11,-63,10
11,-63,8
12,-62,3
13,-62,2
16,-60,0
20,-60,0
21,-60,-1
20,-59,-2
19,-59,-1
19,-59,1
18,-59,3
10,-60,7
9,-61,7
14,-62,9
14,-62,8
19,-62,6
20,-62,6
21,-60,6
21,-59,7
21,-59,7
20,-59,6
18,-59,6
17,-60,6
18,-61,7
19,-60,8
19,-61,8
20,-62,9
17,-62,8
16,-63,8
15,-63,8
13,-61,8
13,-61,8
15,-59,7
15,-59,7
16,-58,6
17,-59,6
17,-59,7
17,-59,7
16,-60,8
15,-60,7
12,-61,7
11,-60,6
11,-61,6
12,-60,5
13,-63,6
14,-64,6
12,-65,5
12,-65,4
14,-64,5
14,-61,6
15,-59,9
19,-57,10
20,-54,10
24,-54,10
24,-59,5
22,-63,2
23,-62,3
20,-62,4
18,-61,4
16,-61,1
16,-61,0
18,-62,1
19,-62,-1
17,-64,-7
17,-64,-6
21,-62,-4
23,-63,-2
22,-65,-2
20,-65,-2
18,-66,-1
17,-69,-1
16,-71,-2
16,-71,-2
16,-70,0
16,-69,0
16,-69,-1
16,-67,-2
16,-63,-1
18,-57,1
19,-54,3
19,-52,7
19,-53,8
16,-55,10
14,-53,12
10,-52,15
8,-50,18
-1,-52,24
-12,-52,28
-5,-56,39
-8,-59,37
1,-60,21
0,-60,13
-4,-59,7
-2,-59,8
3,-62,7
3,-63,7
3,-64,9
2,-63,8
-1,-62,7
-1,-62,7
0,-62,8
4,-62,10
5,-62,10
6,-62,9
8,-62,10
8,-63,12
12,-63,13
16,-62,13
16,-62,13
17,-61,10
16,-61,9
18,-62,8
18,-62,7
22,-64,8
27,-65,11
36,-65,4
44,-69,5
47,-73,8
42,-70,8
39,-64,14
40,-58,19
39,-46,19
49,-39,15
54,-28,13
55,-31,20
54,-30,21
61,-20,19
62,-21,22
51,-22,23
46,-16,22
41,-11,22
40,-7,25
44,-5,26
47,-3,26
38,3,17
41,5,19
39,12,20
47,14,25
54,22,26
60,24,18
60,24,16
59,25,18
52,24,24
58,23,28
53,24,25
60,22,28
58,22,27
49,20,22
46,22,18
50,20,20
53,22,24
52,23,18
56,24,14
59,22,20
55,22,19
60,18,12
53,20,10
56,20,15
58,21,17
59,21,16
56,22,17
58,23,15
60,23,14
50,21,16
54,20,14
58,22,11
57,21,7
58,21,10
59,22,8
57,21,7
59,20,8
60,20,7
60,19,4
60,20,4
61,21,6
61,21,4
62,22,3
59,22,6
57,21,7
57,21,7
53,21,8
52,21,10
60,23,10
63,22,11
49,21,11
47,21,15
53,19,16
60,19,16
61,20,15
59,21,14
59,22,14
57,20,14
59,21,14
50,16,17
52,16,19
65,17,16
61,17,14
61,19,13
60,17,16
54,17,21
55,16,20
72,21,16
61,21,14
44,17,20
50,17,25
56,21,23
48,19,21
51,21,28
50,20,31
52,20,34
53,19,35
46,19,31
50,19,30
51,21,35
43,19,40
41,21,42
41,14,49
41,16,46
43,20,39
47,19,35
45,21,41
40,20,41
48,14,52
34,25,50
37,21,43
40,18,42
44,19,40
46,20,42
43,20,43
42,20,43
34,19,42
39,15,44
42,16,39
43,16,39
51,19,42
47,18,41
58,18,39
43,18,48
36,16,47
47,16,42
39,17,46
36,15,46
39,15,44
37,15,49
36,14,51
46,16,49
45,18,42
40,20,46
39,19,45
48,19,38
39,19,41
32,14,50
38,14,47
40,18,46
37,18,42
47,16,36
36,19,44
39,14,44
47,15,41
40,8,52
43,9,52
47,16,47
27,16,52
36,12,58
44,13,40
41,11,39
58,11,50
52,9,41
66,7,37
55,7,36
52,10,43
53,7,47
60,-2,46
62,0,22
52,-12,15
43,-9,18
35,-15,20
36,-15,21
36,-13,25
33,-11,26
37,-12,18
60,-20,22
64,-15,38
44,-17,39
42,-20,41
44,-29,41
44,-32,40
48,-39,40
47,-42,39
47,-46,36
45,-46,34
42,-46,31
38,-46,29
36,-48,28
36,-47,29
34,-46,29
31,-44,29
32,-42,31
31,-40,30
30,-37,30
31,-38,30
35,-41,33
35,-44,34
30,-48,30
30,-46,24
29,-41,23
37,-35,28
43,-38,30
41,-38,25
42,-37,25
40,-46,28
43,-46,29
45,-43,26
46,-42,22
47,-40,20
47,-38,19
47,-36,16
52,-39,16
58,-36,14
60,-36,12
59,-34,10
56,-31,9
49,-27,12
48,-26,14
49,-24,17
48,-25,17
44,-27,19
44,-32,22
40,-34,23
44,-37,22
42,-43,19
36,-44,15
32,-44,14
27,-47,12
25,-49,10
25,-61,9
26,-68,6
29,-71,5
30,-70,7
35,-72,14
36,-72,15
32,-68,14
28,-67,15
18,-65,17
15,-63,18
15,-61,21
15,-61,21
22,-64,22
15,-63,19
22,-59,26
37,-54,28
12,-53,17
13,-50,22
9,-52,19
14,-51,20
12,-50,20
9,-53,22
8,-55,23
12,-57,26
17,-55,27
17,-52,28
12,-50,27
15,-50,28
18,-50,31
35,-58,40
33,-60,42
57,-55,47
59,-52,43
34,-39,41
25,-37,44
41,-35,30
47,-34,31
33,-33,36
29,-32,42
3,-28,39
14,-30,43
21,-31,47
25,-21,53
22,-17,54
20,-12,55
18,-11,53
18,-7,50
26,-7,54
36,-8,64
33,-10,64
28,-11,59
30,-12,60
30,-13,62
27,-14,61
25,-15,60
22,-15,56
21,-17,56
20,-17,56
18,-14,54
18,-13,54
17,-11,53
15,-8,54
16,-7,55
20,-7,59
24,-15,58
19,-10,59
18,-8,63
20,-13,63
25,-12,63
20,-11,57
17,-9,56
19,-9,57
17,-8,59
16,-10,63
18,-11,64
14,-9,63
16,-10,64
14,-9,61
13,-8,61
17,-8,59
17,-8,59
15,-10,60
17,-11,62
14,-8,62
16,-12,60
13,-7,61
13,-9,63
13,-9,62
13,-9,60
13,-6,61
13,-6,64
13,-6,63
11,-10,61
11,-7,60
13,-9,62
12,-10,61
12,-9,62
13,-10,62
13,-9,61
12,-9,60
12,-8,60
13,-8,59
14,-9,61
15,-9,63
15,-6,59
16,9,56
22,-9,65
27,-16,69
22,-13,64
16,-3,57
15,-5,55
14,-7,61
17,-13,61
18,-5,73
23,3,77
32,-20,58
8,-22,38
10,-8,51
17,-16,57
20,-14,63
15,-16,62
15,-14,60
14,-13,60
14,-14,60
15,-13,60
15,-12,60
14,-13,59
18,-12,59
18,-14,59
16,-16,55
14,-19,53
14,-22,52
18,-24,50
28,-21,49
36,-19,48
43,-18,49
52,-18,47
50,-16,44
50,-12,40
53,-11,40
47,-10,37
45,-6,35
52,-1,40
54,0,41
52,2,39
52,2,39
55,0,39
53,-5,36
37,-21,27
47,-21,21
69,-11,14
71,-8,14
71,-6,10
60,-5,1
71,-12,0
102,-12,0
49,-13,5
46,-13,16
46,-15,21
41,-16,29
48,-15,32
54,-16,38
54,-14,39
52,-12,34
54,-14,35
52,-15,36
49,-17,36
44,-18,34
44,-20,31
46,-19,32
45,-18,32
41,-14,31
48,-10,33
53,-9,34
56,-7,35
60,-7,36
60,-6,36
58,-7,35
58,-7,35
55,-8,34
51,-9,33
50,-10,32
54,-14,33
57,-16,35
58,-22,35
58,-25,35
53,-23,33
52,-23,33
52,-21,32
51,-21,31
52,-23,32
51,-21,31
50,-17,30
48,-15,29
44,-13,29
44,-11,28
44,-10,30
46,-9,31
48,-16,32
51,-16,31
54,-15,25
61,-11,19
59,-8,13
66,-7,15
61,-7,14
57,-6,11
58,-6,7
64,-9,3
62,-9,3
58,-12,0
62,-15,0
66,-15,0
61,-19,-1
59,-24,1
53,-24,-2
61,-25,-5
60,-25,-4
56,-28,-2
59,-29,-1
52,-29,12
52,-30,14
50,-28,9
50,-26,10
56,-25,11
57,-24,9
55,-20,4
57,-21,3
59,-21,0
63,-20,-3
61,-19,-5
58,-15,-6
54,-11,-9
49,-8,-14
51,-8,-12
68,-17,-18
78,-14,-28
68,-17,-27
58,-18,-23
53,-18,-26
53,-16,-23
52,-15,-26
47,-14,-31
38,-11,-33
41,-8,-35
46,-3,-33
47,-2,-36
57,-3,-37
50,-4,-31
45,-12,-31
57,-12,-30
60,-13,-30
56,-11,-25
55,-14,-25
53,-12,-29
49,-12,-29
57,-12,-26
56,-12,-26
52,-12,-26
50,-11,-26
52,-10,-25
52,-9,-28
53,-4,-35
60,-3,-36
66,-5,-34
62,-5,-31
60,-8,-24
57,-7,-23
61,-5,-20
57,0,-23
54,-1,-20
62,-6,-8
67,-7,-9
62,-9,-9
61,-8,-9
47,-5,-7
54,-5,-2
50,-2,-3
53,-2,-6
52,-6,-4
38,-12,-14
75,-9,10
80,-16,-5
60,-5,-13
70,-6,2
60,-5,7
66,-10,9
50,-13,0
57,-11,4
64,-7,19
61,-7,10
62,-11,1
61,-13,1
62,-16,1
66,-20,4
66,-18,3
63,-15,1
60,-19,3
60,-20,0
63,-19,2
60,-20,2
60,-20,0
60,-16,0
59,-15,6
60,-11,9
57,-10,9
60,-13,10
61,-13,10
57,-15,14
57,-17,17
57,-16,17
55,-15,16
57,-15,17
58,-15,19
51,-14,22
54,-16,23
57,-18,26
55,-18,27
52,-17,23
53,-19,25
54,-19,26
54,-19,26
55,-19,26
56,-17,28
53,-16,28
53,-17,28
53,-16,30
52,-14,29
52,-13,31
56,-13,31
55,-14,31
48,-18,30
53,-20,28
54,-24,24
53,-23,25
50,-21,26
52,-22,28
52,-21,29
51,-19,30
46,-17,29
51,-18,29
51,-18,30
47,-19,21
57,-22,20
59,-23,20
56,-22,17
60,-22,18
58,-21,16
60,-20,15
61,-21,18
52,-23,20
48,-22,21
51,-23,23
47,-22,23
53,-23,26
53,-23,28
50,-23,28
50,-23,28
48,-24,25
49,-23,25
50,-23,25
49,-24,23
49,-22,17
50,-21,10
49,-22,8
56,-21,3
53,-24,-5
54,-30,-17
56,-32,-20
47,-33,-29
45,-34,-34
41,-33,-40
43,-32,-42
43,-33,-42
38,-34,-40
39,-35,-39
37,-37,-38
39,-37,-38
38,-36,-39
40,-34,-34
45,-36,-33
44,-36,-24
44,-38,-25
48,-35,-18
44,-33,-15
42,-35,-27
39,-32,-26
48,-29,-26
51,-28,-21
48,-25,-20
53,-23,-22
68,-21,-21
52,-19,-27
57,-18,-26
30,-25,-14
66,-33,11
65,-25,13
48,-12,-5
65,-21,-16
72,-13,-34
60,-27,-19
59,-19,-28
47,-17,-11
50,-17,-15
54,-8,-16
48,-13,4
84,-27,11
83,-21,-13
52,-14,-14
56,-18,-13
56,-19,-19
40,-15,-30
33,-10,-35
55,-15,-19
56,-12,-25
64,-12,-27
59,-12,-22
76,-17,-8
79,-23,-6
52,-19,-21
43,-18,-21
54,-24,-19
49,-21,-30
42,-16,-36
42,-14,-31
58,-16,-25
69,-13,-24
69,-11,-22
61,-10,-16
59,-18,8
65,-20,10
64,-20,-4
46,-15,-13
50,-13,-14
50,-12,-19
58,-14,-12
41,-12,-30
55,-6,-30
45,-4,-21
42,-9,-26
70,-15,-21
72,-11,-17
69,-7,-14
79,-9,-11
66,-18,4
58,-9,0
54,-10,-4
44,-17,-4
58,-16,-11
49,-13,-21
57,-11,-19
47,-5,-26
55,-2,-17
58,-5,-6
72,-9,-16
62,-11,-8
73,-15,-3
62,-17,-8
51,-17,-6
42,-16,-8
65,-21,-11
46,-14,-27
57,-11,-19
71,-12,-18
54,-4,-17
66,-1,-12
65,-4,-16
58,-7,-21
53,-6,-14
53,-11,-8
47,-16,-15
64,-15,-7
67,-20,-3
41,-14,-36
54,-18,-34
55,-15,-33
42,-11,-41
41,-7,-33
49,-8,-40
55,-11,-34
61,-13,-31
51,-14,-29
52,-18,-22
76,-24,-19
48,-17,-26
41,-16,-31
35,-11,-40
37,-6,-41
49,-8,-29
51,-6,-37
47,-7,-34
59,-11,-41
51,-10,-44
54,-9,-41
55,-11,-33
52,-11,-18
39,-21,-17
34,-24,-25
49,-17,-51
45,-16,-55
58,-5,-13
52,1,-44
68,-1,-35
65,1,-48
64,-5,-42
46,-10,-26
49,-10,-17
56,-14,-19
55,-12,-18
51,-13,0
56,-13,-6
46,-8,-16
64,-5,-18
66,-4,-30
43,-5,-33
23,-2,-32
44,-4,-29
57,2,-37
56,3,-46
71,-5,-29
59,-4,-23
72,-12,-24
70,-19,1
51,-19,-29
54,-13,-37
40,-10,-34
43,-5,-30
54,-4,-24
45,-1,-31
42,-1,-28
68,0,-32
72,-3,-36
55,-4,-32
50,-8,-20
60,-14,-12
61,-16,-20
53,-11,-24
49,-15,-21
50,-6,-33
41,-12,-29
39,-8,-33
50,-4,-26
49,-5,-26
42,-6,-16
60,2,-40
54,0,-48
49,-7,-38
55,-10,-31
68,-6,-30
41,-10,-43
39,-7,-24
41,-6,-23
58,-22,-6
53,-24,-51
56,-16,-38
43,-12,-52
28,-6,-40
56,-4,-37
50,-5,-33
62,-5,-24
47,-8,-22
63,-14,-25
59,-15,-22
63,-15,-13
63,-15,-17
50,-15,-22
41,-14,-30
48,-16,-30
48,-15,-44
20,-14,-53
57,-14,-32
57,-10,-47
48,-8,-36
69,-13,-35
55,-17,-36
47,-18,-37
49,-21,-33
52,-23,-26
42,-26,-46
47,-20,-53
43,-9,-38
66,-6,-24
29,-11,-31
25,-10,-41
42,-8,-48
40,-8,-53
50,-9,-54
55,-10,-42
29,-13,-28
62,-16,-31
51,-17,-38
36,-17,-44
36,-13,-54
54,-17,-46
33,-19,-44
32,-12,-48
46,-7,-44
47,-7,-44
32,-10,-43
50,-10,-44
52,-9,-36
63,-9,-17
59,-13,-13
53,-21,-22
53,-18,-30
61,-6,-27
46,-6,-34
36,-9,-39
48,-7,-36
38,-5,-39
38,-2,-41
50,-5,-39
29,-6,-62
41,-6,-50
65,-14,-9
72,-18,-38
68,-12,-31
56,-17,-40
43,-9,-46
34,-10,-36
51,-7,-46
38,-5,-55
24,0,-31
52,5,-42
52,1,-21
36,-6,-13
64,-3,-33
66,-8,-29
61,-7,-16
46,-5,-35
69,-6,-20
60,-11,-10
50,-8,-37
59,-6,-35
62,0,-37
44,4,-43
53,4,-22
62,0,-29
60,0,-24
52,-2,-17
52,-3,-8
57,-12,6
52,-9,4
56,-14,-21
63,-21,-16
56,-3,-43
53,2,-44
57,6,-30
53,-1,-45
47,0,-48
38,-4,-47
36,-8,-54
33,-12,-58
22,-16,-56
22,-18,-58
25,-14,-53
26,-16,-51
23,-18,-57
14,-21,-62
21,-12,-59
22,-15,-61
13,-15,-47
12,-16,-54
6,-11,-50
14,-12,-58
18,-9,-58
-1,-13,-81
21,-2,-69
38,-1,-48
30,-6,-49
21,-6,-56
25,-1,-53
29,-2,-46
32,-4,-48
27,-10,-56
26,-13,-59
36,-7,-53
43,0,-53
55,7,-35
52,8,-28
57,9,-19
63,4,-22
50,-1,-28
52,-2,-15
56,2,-5
61,3,-1
61,6,7
60,6,0
63,5,18
63,6,16
58,5,17
69,5,41
56,4,40
44,2,44
59,6,53
39,7,36
30,1,43
37,1,46
46,-2,47
39,1,53
37,3,50
27,1,45
31,-7,52
30,3,48
22,-2,49
60,7,59
52,8,57
49,11,52
38,6,42
37,5,44
12,-2,40
13,0,47
50,3,67
44,6,50
37,4,40
40,-4,46
46,3,50
39,2,47
48,0,47
50,-7,49
52,-5,49
40,-2,49
38,3,56
47,4,55
44,1,57
31,1,63
32,3,60
39,1,53
19,-2,51
20,-3,56
25,3,46
18,2,47
32,0,57
49,-3,64
51,2,59
35,-1,55
35,0,58
9,-2,50
-1,0,50
28,8,65
30,1,69
18,-5,53
8,-9,51
39,-4,68
32,0,64
25,1,54
24,-2,49
27,2,55
34,-4,57
30,-4,57
25,3,55
45,-4,36
53,-4,52
51,1,59
31,0,48
51,-4,53
48,4,33
25,-1,33
43,4,41
52,5,38
54,-1,45
39,-2,48
54,-3,37
30,1,54
31,-4,48
49,-5,60
26,-3,69
31,3,55
1,2,48
18,-1,46
29,-11,65
40,-7,75
25,-1,73
16,-3,65
20,-5,70
25,-6,79
8,-7,50
27,-9,63
46,-6,49
-7,11,0
12,8,-9
70,4,-14
79,7,-20
74,11,-39
92,-1,-14
44,-3,4
79,-5,1
69,-12,-17
54,-13,-5
86,-9,-22
61,-5,-18
60,0,-7
56,-3,-2
61,-1,-1
62,3,5
50,1,0
94,-2,27
85,-1,41
61,12,25
59,4,33
39,0,22
59,-3,41
56,-2,30
35,-2,33
42,-7,38
39,-12,31
29,-12,12
70,0,26
64,27,-14
74,17,-8
87,6,-28
44,2,-25
58,-16,0
85,7,-35
49,-5,-15
64,-6,13
52,-7,-5
71,-4,-13
46,4,4
68,-5,7
80,-10,18
66,8,15
43,7,29
88,-7,19
69,-2,18
52,1,26
50,1,17
52,6,14
55,1,24
77,3,13
79,6,2
59,5,22
63,3,12
59,2,11
38,1,15
64,1,5
68,1,-4
49,-1,-24
56,-1,-26
61,3,-29
42,6,-45
62,4,-24
58,2,-25
45,-1,-29
54,-4,-20
55,-1,-26
56,-7,-38
65,-6,-32
53,-1,-41
49,-2,-34
37,-5,-34
40,-9,-29
47,-12,-37
37,-16,-42
41,-18,-53
47,-16,-49
44,-15,-48
44,-14,-49
39,-10,-51
38,-9,-49
44,-7,-34
54,-8,-30
63,-8,-34
58,-8,-30
52,-8,-21
55,-8,-20
59,-7,-22
60,-7,-16
42,-11,-7
67,-1,-4
68,4,2
56,5,6
64,4,1
61,0,11
66,0,8
70,0,18
70,-5,19
61,-1,20
53,-2,23
52,-2,27
44,-1,24
48,0,27
47,2,24
42,4,22
44,5,25
62,4,27
59,3,34
64,2,29
59,3,28
59,0,34
56,-1,33
48,2,19
53,3,17
68,6,18
70,2,24
59,1,14
65,1,-2
71,-3,5
65,-2,-1
66,0,-6
59,1,-8
63,3,-13
67,4,-10
48,-7,-3
45,-8,13
61,-8,-4
63,-5,-5
62,-6,3
73,4,-8
58,5,-10
54,-2,0
49,-1,-11
73,1,-10
58,-9,4
59,1,4
61,-9,3
68,-6,-5
60,2,-14
55,2,-26
63,-9,35
54,-12,2
62,-5,-16
52,0,-8
53,1,-8
51,0,0
61,-8,13
67,-8,1
71,-3,1
58,1,-2
75,-3,22
75,-5,24
51,0,15
48,-7,16
46,-4,0
49,3,-11
66,0,-24
64,-3,-29
64,-5,-5
58,-5,-12
57,-9,-11
64,-11,-9
65,-12,3
71,-12,21
74,-15,22
58,-2,-11
70,-2,-14
61,1,-18
66,-1,-20
62,-5,-26
63,-3,-25
63,-5,-3
54,-7,-3
70,-5,11
69,-7,12
58,-4,7
66,-8,9
46,-4,-3
60,-5,1
60,0,13
48,-1,13
58,-2,15
63,-3,11
71,4,8
70,6,-2
69,4,-2
62,-1,1
70,-2,10
71,-3,27
64,-1,21
45,5,6
46,4,16
39,3,28
38,5,17
41,7,13
39,4,11
72,1,17
69,2,13
68,-3,21
50,-2,18
64,-3,9
65,-2,10
55,0,2
62,0,-3
74,2,-6
65,3,-17
58,2,-23
61,-3,-18
58,-4,-21
50,-16,-25
44,-17,-17
49,-8,-35
45,-6,-37
48,-5,-33
45,-6,-31
45,-8,-38
43,-7,-40
41,-5,-43
44,-3,-45
55,-3,-46
45,-4,-43
46,-5,-39
52,-7,-34
43,-3,-45
40,-6,-39
48,-10,-22
56,-5,-40
51,-5,-36
63,-5,-23
44,-3,-23
55,-8,-24
57,-11,-19
61,-5,-11
61,-5,-20
56,0,-20
52,0,-21
60,-7,-20
51,-7,-19
47,-12,-20
49,-14,-20
49,-16,-26
48,-16,-33
55,-15,-39
50,-15,-42
44,-14,-45
44,-15,-43
44,-16,-43
42,-17,-44
39,-18,-42
40,-19,-40
38,-18,-47
39,-16,-50
39,-15,-45
36,-14,-50
35,-13,-52
34,-14,-49
33,-15,-48
30,-17,-49
29,-18,-48
27,-17,-50
22,-16,-51
24,-15,-50
21,-13,-54
27,-15,-54
29,-18,-52
30,-28,-53
26,-31,-54
27,-32,-47
26,-32,-47
27,-31,-45
26,-32,-44
29,-30,-43
26,-31,-46
28,-29,-46
30,-26,-44
26,-26,-48
27,-24,-54
28,-22,-53
28,-23,-48
28,-24,-46
30,-26,-46
29,-27,-46
29,-29,-46
29,-29,-46
29,-27,-46
29,-27,-45
29,-26,-47
29,-26,-48
28,-26,-48
29,-25,-49
30,-24,-46
28,-24,-48
28,-26,-50
28,-26,-50
29,-26,-50
29,-26,-49
32,-28,-49
33,-29,-47
35,-29,-46
35,-29,-46
36,-29,-44
33,-29,-45
36,-28,-44
46,-25,-41
45,-25,-36
53,-25,-30
54,-26,-28
49,-20,-24
48,-17,-21
59,-14,-16
55,-15,-13
55,-20,-2
57,-19,2
57,-14,2
50,-12,7
54,-12,19
50,-11,16
41,-21,31
70,-25,27
62,-31,17
57,-33,20
42,-31,22
51,-27,24
49,-27,22
50,-26,19
55,-25,21
51,-26,19
52,-26,19
61,-25,22
58,-24,20
58,-22,19
56,-21,18
53,-22,19
51,-25,19
40,-35,14
34,-34,4
37,-21,-1
44,-14,-6
55,-3,-2
68,-3,-4
71,-10,-16
69,-16,-14
66,-23,-8
65,-33,-13
53,-29,-19
59,-27,-14
67,-27,-22
72,-26,-29
68,-26,-30
52,-27,-31
58,-28,-30
49,-29,-25
43,-25,-25
54,-17,-22
58,-18,-27
33,-18,-28
35,-20,-22
52,-19,-20
56,-16,-23
43,-18,-20
47,-17,-15
52,-19,-20
53,-17,-22
64,-15,-21
59,-12,-13
54,-12,-19
55,-14,-17
56,-13,-16
55,-11,-19
57,-13,-21
61,-18,-26
58,-22,-26
58,-25,-25
56,-25,-25
54,-23,-23
55,-22,-21
55,-21,-18
54,-21,-15
53,-24,-10
52,-23,-10
55,-18,-11
54,-16,-12
63,-9,-5
61,-8,-8
59,-6,-11
62,-5,-9
63,-5,-7
65,-5,-5
63,-6,-2
62,-7,-1
64,-8,4
61,-7,3
65,-9,8
59,-8,4
56,-7,4
62,-9,10
62,-9,11
62,-10,14
62,-11,17
63,-11,19
60,-15,14
61,-17,15
64,-15,16
48,-8,14
46,-8,14
54,-4,16
56,-4,18
54,-6,21
56,-9,24
56,-12,25
57,-13,25
58,-13,23
54,-9,20
53,-6,21
55,-2,20
56,-2,20
60,-3,21
62,-6,22
62,-8,21
60,-7,20
52,-4,17
55,-4,16
53,-5,12
53,-8,11
53,-12,6
49,-11,2
61,-14,-1
62,-16,-5
49,-19,-11
53,-20,-14
63,-26,-21
57,-29,-24
50,-30,-28
51,-29,-32
46,-28,-37
51,-29,-37
50,-33,-45
43,-41,-47
46,-46,-47
25,-35,-36
37,-30,-26
29,-28,-48
36,-33,-41
44,-35,-45
45,-34,-52
39,-34,-46
40,-32,-46
50,-30,-38
52,-28,-31
46,-24,-16
41,-25,-16
35,-23,-10
40,-21,-7
47,-18,-2
49,-18,-3
57,-18,-5
56,-19,-5
66,-20,-8
66,-20,-9
61,-20,-7
57,-22,-4
51,-24,-5
56,-25,-5
58,-24,-9
74,-22,-3
60,-22,-1
56,-21,0
59,-22,1
64,-22,2
60,-22,4
51,-24,3
58,-24,3
57,-24,1
59,-23,5
79,-20,15
102,-20,7
51,-30,18
21,-29,20
26,-35,30
26,-33,29
34,-30,36
17,-32,34
19,-33,34
21,-37,42
28,-37,47
49,-30,49
45,-30,49
42,-27,45
51,-25,41
44,-22,37
40,-22,40
44,-18,39
46,-15,40
42,-15,38
45,-16,40
49,-19,43
42,-18,43
57,-29,43
54,-14,47
43,-17,38
44,-21,42
39,-19,36
28,-21,37
35,-19,43
44,-19,47
38,-18,41
41,-20,46
46,-20,50
36,-19,46
39,-18,48
37,-18,47
39,-17,47
40,-18,48
33,-19,44
28,-23,44
30,-24,46
48,-19,46
40,-19,46
34,-20,54
36,-20,55
38,-14,53
34,-16,53
21,-18,49
28,-17,52
32,-19,54
39,-17,50
41,-16,50
36,-17,47
42,-15,47
42,-12,51
42,-11,51
33,-12,41
38,-13,44
44,-10,34
52,-16,35
40,-21,47
35,-18,39
41,-16,36
40,-15,41
60,-7,49
56,-5,48
47,-2,39
51,1,39
57,-10,33
51,-4,37
60,0,45
52,-4,26
50,-7,21
49,-12,22
76,-11,35
36,-10,38
41,-5,44
52,-5,43
48,-5,50
37,-3,45
47,-5,41
44,-7,51
47,-7,52
36,-6,48
37,-6,44
43,-1,54
36,4,48
34,3,58
37,5,49
21,-4,50
26,-5,53
7,0,40
15,1,42
30,-3,58
33,-6,64
27,-16,75
30,-16,76
12,-15,79
21,-12,71
-3,-9,47
9,-12,49
10,-7,45
7,7,28
40,12,28
69,20,37
66,26,29
79,17,38
27,3,39
64,5,55
63,2,45
46,3,35
50,3,31
45,2,24
56,1,35
51,3,32
63,5,34
59,4,33
51,4,33
55,4,29
56,4,25
58,6,19
59,5,19
66,4,25
44,0,29
56,0,31
59,4,24
64,7,24
60,12,33
48,4,45
43,9,38
46,5,34
66,2,41
60,5,41
49,7,34
45,7,28
30,9,38
46,9,37
47,13,37
46,11,40
44,10,37
41,11,36
39,13,22
53,9,20
71,5,27
61,4,33
54,4,27
62,6,15
51,2,14
73,13,12
80,7,13
58,10,-6
56,5,-1
73,0,23
58,6,6
79,5,5
80,7,6
56,4,-7
64,3,-12
53,3,6
48,1,8
50,12,0
55,17,-4
75,6,16
28,7,13
40,6,14
50,11,19
60,9,30
67,14,14
60,9,13
74,0,29
49,0,12
74,8,14
69,6,16
59,0,3
85,3,4
66,3,2
69,0,8
61,1,6
63,0,-1
58,4,1
48,6,10
48,6,16
37,13,14
73,1,1
70,2,0
66,-2,9
67,-2,12
59,4,-2
56,2,1
57,4,9
57,4,4
58,5,1
71,4,2
69,-3,0
70,1,-5
70,0,-4
61,-3,-16
56,-4,-18
62,-12,-7
65,-6,-16
50,-6,-20
50,-4,-17
65,-2,-14
60,-2,-15
55,-2,-20
59,0,-20
61,8,-22
55,12,-19
65,-5,-12
51,-4,-19
60,-9,-21
57,-5,-26
58,2,-19
78,-3,-6
74,-3,-2
48,-7,-1
60,-3,4
63,-6,3
56,-6,3
61,3,1
48,3,-2
76,10,0
80,6,5
59,7,-10
39,1,0
70,-5,11
61,-1,-7
61,1,-20
54,0,-20
33,3,-29
59,0,-17
48,-6,-3
64,-8,-6
68,-12,-7
64,-12,-17
62,-9,-20
58,-10,-10
58,-9,-14
66,-4,-12
72,3,-20
75,12,-3
70,6,1
50,7,-3
66,3,6
24,14,-24
40,11,-22
102,23,-8
72,15,-10
62,1,11
71,21,12
50,10,-3
54,14,3
66,10,8
61,11,4
60,8,2
47,7,-4
66,8,1
58,8,-3
58,10,-6
87,15,-16
51,9,-4
70,11,-2
58,14,3
48,-2,-4
55,-2,-15
75,-5,-22
72,-7,-19
64,-4,-7
66,-4,1
57,-5,9
60,4,7
51,12,-9
68,8,-16
93,15,-2
63,13,-18
46,7,-8
52,-5,-1
71,13,17
90,8,30
54,4,25
28,14,28
39,10,13
55,13,37
55,12,26
43,6,7
56,6,19
77,0,28
53,1,28
53,4,30
65,2,23
55,-3,-6
66,-13,-4
65,-13,-7
62,-16,-6
64,-16,-2
62,-14,9
62,-12,4
55,-15,5
70,-6,-7
83,-4,-3
59,9,-4
65,8,7
58,-12,6
26,-7,-17
37,-8,-20
110,-7,7
106,-27,9
52,-1,-13
67,-7,7
62,-18,16
54,-13,11
71,-11,9
66,-10,6
68,-4,-3
72,2,-7
62,-6,9
63,-6,13
78,-8,16
60,-1,-1
31,-13,10
63,-5,-1
60,-15,11
63,-11,11
39,-8,12
43,-13,11
49,-10,8
51,-3,-5
79,-7,8
64,-2,12
61,0,2
51,-5,13
63,-2,14
72,-7,0
71,3,-6
79,0,-7
66,0,-14
54,0,-4
78,-2,4
65,-10,2
59,-7,12
77,-9,4
53,-5,-11
73,-2,-3
56,-5,4
48,-7,-3
40,-19,-2
57,-11,-23
57,-6,-30
52,-5,-15
46,-6,-12
61,-9,-11
50,-10,-15
65,-11,-20
64,-12,-17
70,-13,-10
57,-12,-22
58,-11,-21
65,-8,-27
54,-4,-41
60,-3,-37
58,-3,-37
49,-6,-25
49,-5,-22
60,-7,-22
60,-6,-23
55,-4,-14
64,-9,-11
51,-13,-10
65,-9,-22
55,-6,-21
61,-2,-19
53,-7,9
49,-5,-16
54,-8,-20
56,-8,-23
54,-5,-24
55,-6,-17
57,-5,-26
50,-9,-23
54,-10,-20
56,-6,-9
56,-4,-10
58,-3,-13
61,-2,-22
63,-2,-28
64,-1,-27
52,-3,-29
54,-5,-21
67,-10,-11
64,-8,-19
52,-3,-20
61,-5,-8
52,-11,-14
49,-11,-13
72,-8,-10
81,-10,-5
58,-6,-11
56,-5,-21
63,-2,-24
52,-1,-21
47,-2,-22
57,-1,-18
57,1,-21
59,0,-25
62,-1,-20
57,-5,-5
57,-6,0
61,-3,-4
66,0,-7
56,4,-7
70,2,-3
59,1,-11
58,-1,-4
68,5,3
58,1,-3
82,-1,-9
67,-2,-6
47,-5,-8
61,-10,-1
55,-2,-6
54,-4,0
53,-3,8
54,0,6
56,-2,7
52,-2,-5
68,-8,-2
63,-1,-12
60,4,-12
63,4,-9
62,5,-12
56,-2,-15
56,-6,-11
61,-6,-10
70,-6,-2
59,-3,-8
69,-1,-8
62,-1,-8
60,-2,-9
62,0,-15
63,-2,-13
68,-7,0
68,-4,-4
59,4,-2
57,-11,-2
68,-8,-10
64,-6,-11
62,-4,-8
59,-2,-4
63,1,-3
62,6,2
60,3,3
52,2,3
51,3,0
54,1,3
59,-1,6
60,3,7
61,5,5
64,3,3
64,5,-1
63,5,-2
62,4,1
64,1,3
62,1,4
61,1,5
61,2,2
62,2,0
61,2,1
60,5,-1
62,3,-1
64,2,0
60,3,-2
58,2,1
65,0,-3
61,0,-4
56,0,5
57,0,5
63,1,-4
65,0,-4
63,4,-5
65,7,-9
52,4,0
55,5,2
85,-3,-1
52,-2,4
71,4,-1
70,5,-10
68,-1,6
56,-9,4
49,-16,9
62,-5,0
53,5,-1
62,4,6
62,2,3
51,2,-1
54,3,1
56,3,3
53,5,-2
61,10,3
62,7,9
63,4,1
64,-2,5
60,-2,5
71,-3,3
63,1,-14
58,0,-22
49,4,-36
56,1,-28
61,-6,-24
57,-6,-29
54,-7,-29
61,-7,-28
50,-3,-33
53,-4,-24
51,-6,-24
47,-13,-25
51,-14,-32
60,-11,-38
55,-11,-37
52,-9,-38
49,-9,-37
48,-7,-35
47,-6,-38
49,-5,-32
51,-5,-29
51,-7,-37
49,-6,-33
56,-7,-26
57,-5,-25
62,1,-25
65,2,-24
58,2,-21
58,1,-14
57,3,-9
58,2,-12
59,0,-1
54,-2,3
52,-1,12
57,5,6
56,6,5
55,10,0
58,11,2
56,12,0
61,10,2
60,9,0
64,9,-1
66,14,-2
63,13,-4
39,2,-12
84,2,-2
53,8,-26
63,8,-21
57,11,-10
64,11,-6
64,12,2
63,14,3
56,15,1
63,15,-3
62,15,-9
55,16,-3
55,16,-1
55,14,0
63,15,-3
57,15,1
56,17,-4
56,16,-7
57,17,-8
58,16,-2
52,15,-5
58,16,-13
58,17,-12
60,19,-16
64,19,-16
58,9,2
44,4,-4
63,9,-14
64,13,-17
59,17,-9
63,18,-14
63,21,-5
67,20,-1
58,16,-3
59,12,-4
60,11,-6
54,10,-12
52,12,-14
50,13,-14
60,16,-16
64,18,-6
65,18,1
66,17,-4
53,14,-4
62,16,-5
65,15,-8
51,12,0
48,10,0
56,12,-17
62,14,-22
63,15,-6
71,12,-4
67,16,-8
61,19,-10
49,19,-12
45,15,-10
50,6,-12
51,9,-21
53,13,-22
69,24,-31
74,25,-24
56,9,-14
54,16,-28
53,15,-13
43,15,-7
47,13,-24
51,11,-25
56,7,-20
34,4,-56
55,8,-39
57,8,-29
47,9,-12
60,8,-19
54,4,-34
54,4,-43
55,7,-43
31,4,-46
54,4,-39
50,4,-37
42,10,-51
28,-1,-47
29,2,-48
23,3,-46
26,4,-51
40,4,-57
35,4,-58
41,1,-52
36,1,-55
32,3,-48
14,0,-69
12,2,-57
15,5,-62
14,9,-63
17,11,-53
28,0,-56
21,-2,-59
34,1,-54
27,2,-53
26,2,-45
21,1,-55
22,4,-65
38,7,-58
33,1,-52
34,-6,-42
27,0,-44
31,3,-46
36,0,-54
28,0,-60
30,1,-55
29,0,-55
33,-2,-47
38,-2,-53
35,3,-55
26,-3,-44
27,0,-44
40,-2,-58
50,3,-54
46,6,-48
53,4,-39
40,6,-39
42,5,-37
56,4,-26
35,4,-27
56,5,-25
60,7,-27
56,7,-14
78,2,-3
62,-1,-8
59,2,-8
67,4,-8
58,5,-2
60,3,3
59,9,6
57,8,-6
54,9,-13
12,-11,-27
77,16,-9
47,6,-21
69,5,-19
70,7,-22
57,4,-30
54,4,-30
32,7,-50
43,0,-42
48,3,-35
25,-4,-54
31,-2,-58
21,0,-56
21,3,-54
23,3,-51
21,2,-56
19,1,-67
13,1,-68
11,1,-67
14,1,-72
12,3,-60
10,3,-55
8,-1,-53
1,-1,-49
10,3,-52
16,5,-56
9,5,-67
9,4,-66
13,4,-73
14,2,-67
22,0,-63
17,0,-58
4,-3,-55
-3,-3,-54
-6,6,-55
5,10,-58
12,6,-54
9,5,-77
20,7,-74
15,0,-59
13,-1,-59
14,-2,-60
14,2,-62
-10,5,-67
0,6,-60
16,9,-60
20,9,-64
17,6,-57
25,5,-57
21,2,-55
21,1,-49
15,-2,-48
-1,1,-53
11,12,-60
18,10,-60
13,8,-63
20,8,-69
26,5,-62
19,3,-56
22,2,-54
19,1,-52
13,0,-52
3,-1,-56
7,2,-60
12,7,-56
13,7,-53
16,6,-70
21,5,-72
24,3,-58
27,-1,-57
26,-7,-56
23,-7,-57
14,-7,-53
9,-5,-52
21,7,-50
26,5,-49
18,0,-60
17,-2,-69
27,-3,-65
23,-4,-62
23,-1,-66
35,-2,-52
36,-10,-34
30,-10,-46
29,-2,-48
43,0,-48
38,-2,-53
55,6,-51
63,2,-31
59,-6,-36
62,1,-51
60,5,-31
47,6,-15
54,-5,7
49,-1,1
71,-6,11
51,1,4
56,0,-17
56,-2,-12
67,-3,-7
59,-1,-16
55,4,-12
47,5,-8
70,2,-5
84,4,-5
60,5,-2
54,0,-2
60,0,-1
71,-1,-1
56,2,-7
41,2,-8
65,-1,-7
51,-6,-18
51,-8,-7
56,-13,-19
59,-11,-24
70,-9,-15
60,-6,-23
62,-3,-25
67,0,-29
64,3,-23
57,2,-14
52,-3,-3
51,-3,-6
60,-2,-29
71,-4,-60
69,-4,-30
36,-4,-11
50,-8,-5
59,-17,-23
60,-18,-19
57,-19,-15
56,-20,-23
35,-21,-17
42,-8,-35
50,-15,-37
49,-14,-28
59,-11,-29
64,-8,-41
45,-3,-36
45,-7,-31
55,-15,-35
58,-6,-37
42,-7,-32
30,-11,-7
47,-25,-5
57,-32,-27
53,-22,-50
53,-18,-54
55,-12,-36
55,-11,-15
89,-4,-15
37,-26,5
73,-8,-5
57,-16,-35
53,-9,-34
59,-24,-12
55,2,-26
50,-7,-2
52,-2,-13
86,-3,-44
82,-3,-31
44,-24,-6
65,-17,7
65,-8,-7
28,1,12
49,-9,12
93,-10,18
58,-5,3
38,-5,-1
65,-7,4
51,-6,8
46,-4,-3
52,-1,-19
62,0,-46
85,0,-27
81,7,-22
39,5,-18
54,1,-12
56,-6,-13
48,-5,-15
74,2,-25
75,3,-24
44,8,-31
29,0,-32
67,5,-19
43,0,-33
59,-3,-22
66,4,-29
51,6,-31
45,8,-35
56,7,-30
59,7,-18
49,6,-10
59,3,-9
56,3,-10
49,1,-15
63,-6,-18
60,-1,-39
48,6,-41
47,6,-29
53,2,-23
50,5,-24
48,5,-31
57,8,-32
56,8,-28
51,5,-30
60,6,-32
59,-3,-15
53,-12,-14
48,-2,-37
48,5,-45
56,5,-28
52,4,-31
33,9,-36
35,6,-29
74,-14,-44
46,0,-46
55,-3,-36
54,-2,-43
62,0,-20
51,-1,-15
24,-12,-13
72,-2,-3
57,-7,-8
62,-1,-19
65,1,-18
29,-2,-20
50,-6,-26
46,-2,-22
48,-5,-26
45,-9,-46
64,-12,-37
55,-10,-29
56,-11,-27
65,-6,-41
67,-5,-41
46,-6,-35
34,-9,-31
49,-12,-17
49,-10,-20
49,-9,-12
60,-8,-10
54,-9,-15
69,-14,-10
61,-18,-14
63,-26,-10
65,-26,-6
64,-26,-7
65,-25,-4
56,-23,-2
56,-22,-4
55,-19,-5
56,-18,-6
58,-18,-7
58,-18,-7
58,-18,-4
53,-16,-6
58,-16,-7
58,-15,-5
58,-15,0
61,-15,-3
60,-16,-2
60,-18,-5
63,-20,-2
61,-20,-2
61,-20,0
59,-18,5
57,-17,6
59,-17,8
59,-17,9
56,-16,6
61,-16,9
58,-15,6
49,-14,-1
50,-12,-13
52,-16,-12
58,-18,-5
53,-19,-14
58,-21,-17
59,-21,-19
53,-21,-31
55,-20,-32
52,-16,-32
47,-16,-36
45,-18,-41
43,-19,-42
34,-19,-39
37,-20,-40
34,-20,-35
32,-20,-39
37,-20,-41
40,-19,-46
36,-21,-46
31,-26,-48
27,-29,-46
27,-27,-42
22,-28,-41
20,-29,-41
18,-32,-56
18,-26,-56
21,-20,-54
28,-17,-62
25,-18,-61
18,-21,-56
18,-22,-58
20,-26,-62
17,-27,-58
14,-27,-56
10,-29,-57
11,-31,-55
13,-32,-52
8,-31,-52
4,-31,-53
5,-31,-53
5,-27,-54
5,-26,-52
6,-26,-49
8,-26,-49
10,-26,-55
9,-23,-56
10,-20,-57
9,-20,-58
11,-21,-61
13,-20,-61
10,-18,-62
12,-18,-61
13,-21,-56
13,-23,-56
11,-23,-55
8,-24,-55
5,-25,-64
7,-22,-56
5,-18,-51
10,-19,-56
10,-21,-57
9,-27,-54
12,-26,-53
17,-24,-44
18,-25,-44
23,-27,-50
31,-24,-46
43,-19,-49
43,-21,-49
51,-15,-38
51,-15,-37
58,-15,-27
54,-13,-15
59,-16,-6
62,-17,-2
59,-18,11
63,-18,14
58,-21,13
63,-21,20
49,-20,23
52,-20,23
48,-24,25
44,-25,25
48,-26,31
47,-25,29
53,-24,27
54,-23,28
55,-23,25
53,-22,25
54,-20,26
53,-18,29
53,-17,29
49,-16,26
46,-17,24
51,-19,22
51,-21,24
66,-32,26
52,-33,23
33,-32,29
31,-29,30
37,-28,34
37,-27,33
52,-26,37
59,-28,42
43,-31,41
42,-29,39
41,-28,39
39,-26,41
41,-25,42
42,-25,41
41,-26,39
39,-26,39
36,-26,39
43,-25,41
45,-25,40
44,-25,48
40,-23,52
34,-18,27
37,-23,31
41,-36,32
38,-34,27
45,-36,36
44,-33,35
48,-26,38
55,-23,36
57,-18,36
50,-18,36
40,-20,38
37,-22,37
45,-31,36
44,-41,30
42,-38,31
40,-31,31
40,-28,28
60,-21,23
66,-18,21
60,-19,19
58,-21,19
54,-20,21
45,-19,19
45,-24,25
50,-28,27
42,-35,30
43,-36,32
43,-37,37
39,-38,34
49,-38,32
51,-33,32
57,-24,36
54,-23,32
56,-20,31
50,-21,34
46,-24,30
48,-27,31
46,-26,29
45,-27,27
45,-28,27
42,-27,26
44,-27,24
45,-26,29
42,-25,27
47,-29,28
47,-28,30
51,-27,35
55,-27,37
52,-26,36
52,-24,37
50,-22,38
48,-22,35
48,-21,33
44,-22,32
43,-23,32
44,-23,34
43,-24,32
44,-27,29
44,-28,28
47,-28,29
47,-27,29
48,-26,31
50,-27,31
48,-28,32
50,-30,34
51,-29,32
53,-28,32
51,-27,30
51,-29,30
55,-29,34
43,-27,25
42,-29,26
50,-27,33
36,-24,22
35,-23,11
44,-31,-6
51,-32,-17
63,-31,-15
59,-29,-14
48,-27,-16
50,-27,-17
49,-28,-17
44,-30,-28
46,-31,-31
41,-30,-35
39,-29,-39
46,-29,-50
43,-28,-52
32,-27,-47
30,-27,-51
18,-27,-53
18,-26,-53
18,-25,-52
15,-25,-52
17,-26,-49
18,-26,-50
17,-27,-51
17,-27,-50
20,-27,-49
23,-28,-50
27,-30,-52
28,-31,-48
30,-30,-40
41,-31,-44
40,-32,-44
44,-31,-39
49,-30,-36
47,-28,-34
48,-27,-24
36,-26,-37
38,-21,-48
42,-14,-51
47,-12,-45
34,-14,-34
25,-16,-37
22,-21,-49
26,-26,-53
34,-32,-43
43,-31,-41
56,-32,-50
57,-30,-36
46,-24,-17
53,-19,-4
64,-13,-4
64,-11,-3
63,-9,6
55,-10,22
59,-8,22
46,-7,25
61,-8,31
44,-6,33
48,-10,37
31,-14,29
48,-14,42
56,-13,49
40,-7,40
44,-3,35
65,-2,40
51,3,36
51,6,40
30,-2,45
30,-4,31
58,-1,46
57,1,45
43,6,44
43,5,44
36,-2,35
41,-1,36
40,-4,54
40,1,53
47,4,55
45,3,57
46,3,66
32,6,58
30,10,53
23,11,42
15,11,34
36,6,43
39,4,46
38,2,45
45,3,50
42,6,48
47,7,46
43,5,45
40,10,49
37,7,52
43,10,51
60,12,49
36,7,41
20,2,28
37,2,12
44,2,-7
59,6,-22
77,10,-28
72,10,-33
53,8,-44
47,2,-59
53,-1,-55
48,-14,-45
33,-10,-29
34,-15,-42
40,-16,-35
54,-13,-48
50,-12,-52
44,-12,-45
43,-14,-44
40,-13,-45
37,-13,-45
41,-8,-44
40,-6,-46
40,-4,-53
38,-5,-55
43,-10,-45
44,-10,-39
47,-18,-29
35,-18,-39
51,-18,-34
49,-14,-36
52,-15,-32
41,-13,-27
41,-8,-36
60,4,-34
100,5,-10
47,-8,-31
50,-12,-24
37,-35,-20
41,-36,-29
50,-38,-19
33,-28,-18
48,-10,-29
58,-8,-36
53,1,-16
53,2,-12
58,-7,-21
60,-8,-25
61,-8,-24
63,-4,-17
68,-8,-25
59,-6,-26
50,-1,-28
45,1,-31
42,-1,-30
44,0,-32
39,-2,-36
43,0,-43
39,-1,-47
41,-5,-47
45,-5,-44
48,-2,-44
49,0,-44
41,0,-43
37,-1,-49
36,-6,-51
36,-7,-53
40,-5,-49
43,-4,-44
51,2,-44
53,5,-45
43,4,-35
43,5,-32
80,12,-6
48,11,-12
52,11,-30
60,2,-26
56,0,-26
58,0,-18
60,-1,-17
56,-1,-21
53,1,-22
53,1,-19
54,0,-22
54,-1,-27
55,-4,-27
53,-8,-29
54,-6,-30
51,-6,-30
50,-5,-29
54,-3,-32
53,-2,-36
60,-3,-40
56,-5,-41
56,-6,-34
53,-7,-35
51,-5,-40
49,-4,-45
47,-3,-50
38,-4,-47
35,-4,-46
34,-2,-47
33,0,-48
30,3,-47
30,3,-46
26,2,-47
27,1,-47
27,-3,-53
29,-6,-53
26,-6,-48
24,-4,-49
24,3,-55
25,4,-56
24,4,-54
23,3,-54
24,-2,-59
25,-4,-60
26,-6,-58
27,-7,-56
27,-4,-54
27,-1,-54
27,-1,-54
26,-2,-53
25,-3,-54
25,-5,-55
26,-6,-54
26,-7,-54
25,-6,-54
25,-3,-56
26,-2,-56
26,-5,-52
25,-6,-52
26,-8,-59
27,-8,-58
26,-9,-56
27,-8,-56
27,-6,-55
26,-6,-56
25,-6,-55
24,-6,-56
24,-7,-57
23,-8,-56
22,-9,-56
22,-8,-55
21,-6,-57
21,-6,-56
21,-6,-55
21,-8,-56
21,-8,-57
20,-7,-56
20,-7,-56
20,-7,-58
21,-7,-57
21,-8,-58
21,-8,-59
21,-7,-57
21,-7,-57
21,-6,-58
21,-6,-57
20,-6,-58
21,-6,-59
21,-6,-58
20,-6,-57
19,-6,-58
19,-6,-57
19,-5,-57
18,-5,-57
17,-5,-55
17,-3,-61
18,-4,-63
20,-7,-62
19,-6,-61
17,0,-58
14,2,-57
13,4,-57
14,4,-60
12,2,-59
12,1,-59
14,-4,-62
17,-7,-63
16,-8,-58
21,-7,-60
21,-7,-57
22,-5,-54
11,-5,-56
14,-4,-54
14,-2,-57
17,-2,-57
15,-2,-61
22,-2,-53
25,-2,-49
34,-5,-47
35,-7,-54
28,-5,-60
20,-4,-64
30,0,-76
37,4,-64
37,6,-44
40,1,-48
48,-7,-44
44,-4,-42
40,-5,-54
47,-3,-45
39,-4,-43
40,-7,-41
40,-6,-38
45,-5,-33
56,-3,-29
55,-2,-25
41,-2,-20
49,-1,-17
52,-1,-30
46,1,-28
35,5,-27
68,10,-13
76,4,-17
61,-1,-25
63,-4,-27
51,-8,-31
49,-12,-29
44,-18,-30
43,-21,-35
42,-20,-44
40,-18,-44
39,-16,-47
49,-14,-43
47,-16,-25
53,-14,-22
43,-11,-29
50,-11,-30
36,-12,-34
48,-9,-35
58,-5,-53
60,-10,-49
55,-1,-38
54,-6,-39
47,-2,-40
57,-7,-28
52,-8,-34
49,-10,-32
47,-8,-30
52,3,-13
50,7,-19
71,1,-15
54,0,-17
47,-6,-11
47,-9,-15
46,-9,-32
52,-7,-36
57,-4,-36
56,-5,-32
50,-1,-38
50,1,-36
44,5,-30
42,3,-31
39,-1,-47
40,-4,-53
38,-7,-52
42,-8,-46
36,-7,-46
45,-8,-40
45,-7,-41
43,-7,-47
42,-9,-49
35,-9,-48
35,-10,-49
32,-9,-48
30,-10,-49
29,-7,-53
32,-5,-53
35,-7,-53
37,-8,-51
37,-11,-53
34,-10,-56
33,-7,-52
29,-8,-51
31,-12,-49
39,-14,-46
43,-17,-40
43,-19,-44
40,-25,-42
38,-25,-38
35,-23,-39
34,-19,-43
38,-18,-45
42,-15,-46
36,-14,-50
36,-17,-41
28,-17,-43
39,-9,-57
40,-11,-55
38,-15,-46
55,-15,-47
35,-18,-47
34,-17,-46
29,-17,-52
28,-15,-52
31,-13,-46
31,-14,-46
39,-16,-44
41,-17,-41
41,-15,-39
38,-11,-44
34,-10,-49
27,-8,-56
25,-7,-58
27,-6,-59
30,-6,-59
34,-5,-56
37,-2,-51
21,-4,-47
20,-6,-46
18,-6,-59
14,-3,-64
17,3,-62
18,3,-59
18,-2,-60
19,-4,-66
18,-8,-64
20,-8,-60
20,-7,-60
20,-8,-60
15,-8,-58
14,-7,-57
16,-6,-57
18,-5,-56
16,-7,-52
19,-6,-54
24,-2,-58
21,2,-65
20,4,-66
19,-1,-62
20,-3,-58
28,-1,-54
46,1,-43
53,-14,-66
31,-9,-55
24,-12,-45
29,-10,-48
31,-13,-53
34,-9,-51
32,-5,-48
29,-6,-47
30,-9,-39
32,-8,-38
34,-6,-51
39,-8,-54
28,-7,-55
27,-7,-57
35,-1,-56
36,3,-44
48,4,-41
42,-3,-48
44,0,-48
41,-2,-19
36,-4,-29
49,3,-59
50,7,-47
52,8,-42
51,10,-47
49,8,-38
47,8,-39
64,9,-23
59,6,-17
47,-4,-31
61,0,-31
51,0,-28
46,2,-20
51,8,-32
63,4,-27
55,8,-31
52,7,-36
49,8,-21
52,15,-38
47,4,-39
63,2,-17
41,3,-38
57,5,-35
57,5,-26
53,9,-33
46,5,-46
47,3,-39
48,3,-38
41,-1,-27
44,-3,-22
48,-8,-30
47,-7,-33
87,0,-34
71,5,-58
57,17,-34
62,15,-31
61,13,-15
52,7,-1
66,4,-7
54,5,-8
54,-1,4
60,5,14
59,0,1
65,0,8
58,5,3
57,-10,12
54,0,9
64,3,17
51,-1,15
50,-5,2
59,-8,-7
60,-5,-11
73,-6,-5
52,-7,-6
46,-2,-11
91,-6,-17
58,8,-36
78,16,-12
61,14,-11
37,11,-5
11,12,-16
127,-14,15
28,18,-29
40,4,-8
70,2,25
78,0,21
31,5,-5
33,5,7
53,5,22
41,2,19
51,-10,0
63,-19,-26
78,-10,-17
66,-3,-13
63,-5,-23
69,-7,-22
66,14,-15
56,14,-20
71,13,-28
78,15,-11
48,6,-10
44,15,-17
77,-22,29
31,-9,42
48,-1,17
53,6,15
70,10,36
39,15,-7
56,17,3
83,-11,19
63,29,11
40,10,-11
43,8,-1
48,3,4
51,5,3
59,8,-20
44,6,-24
66,-4,-2
70,-8,-16
43,3,-41
60,1,-36
92,8,1
75,11,-4
60,-3,3
46,-8,-7
78,1,4
58,10,7
68,16,14
91,27,28
91,10,34
46,18,30
28,5,37
27,10,24
26,16,31
20,18,28
26,18,35
55,11,49
60,9,56
29,17,46
15,15,30
36,8,28
20,8,36
38,14,25
64,10,33
38,15,20
72,20,22
56,14,29
62,10,34
66,11,15
60,8,15
56,18,-9
71,18,-13
55,12,-8
59,7,-21
63,6,-18
63,8,-21
65,5,-18
62,5,-4
58,-3,-10
63,1,-34
79,5,-26
69,8,-15
66,12,-10
48,13,0
44,13,4
64,11,9
75,5,14
61,4,16
60,4,23
48,4,24
45,3,23
52,2,25
59,4,34
46,6,24
44,7,16
63,6,32
60,6,25
56,6,25
56,6,31
55,4,31
56,3,29
61,-1,30
58,-3,15
61,-4,14
65,-2,27
69,5,22
54,4,18
58,1,20
54,-4,25
53,-3,20
54,-3,19
55,-4,19
53,-3,21
53,-1,20
59,0,19
57,-1,20
59,-7,28
59,-3,19
61,-5,21
70,-8,34
69,-5,22
59,-5,13
64,-5,17
56,0,16
50,6,1
65,-1,20
61,-8,36
32,-12,15
51,-20,26
68,-12,32
58,-12,30
62,1,22
64,4,24
65,4,23
55,6,17
54,-1,17
53,-5,18
53,-9,26
50,-6,29
63,3,25
58,7,24
49,-1,21
66,-3,30
68,-5,31
66,2,15
58,3,13
71,8,18
62,-3,19
36,-8,21
33,-7,29
62,0,16
55,1,15
71,1,20
59,-3,20
65,-1,16
69,-2,16
59,4,18
54,4,20
53,-2,23
57,-9,30
53,-14,34
50,-10,33
49,-3,34
45,-1,29
51,1,26
52,2,26
49,1,18
54,-3,12
54,-3,12
60,-4,0
62,-6,-6
60,-10,-10
61,-11,-10
55,-13,-38
54,-14,-46
46,-17,-55
43,-16,-55
36,-20,-47
36,-22,-48
32,-23,-46
29,-24,-44
30,-29,-44
31,-30,-45
30,-32,-46
28,-31,-48
27,-30,-44
27,-28,-45
27,-26,-48
28,-24,-51
27,-24,-53
27,-25,-51
28,-26,-50
26,-26,-50
29,-25,-49
34,-25,-54
34,-23,-50
31,-22,-46
31,-22,-49
28,-20,-48
25,-21,-47
23,-22,-47
30,-21,-47
28,-20,-50
29,-20,-48
33,-21,-49
35,-21,-51
41,-20,-48
34,-25,-48
33,-27,-49
39,-27,-43
36,-25,-43
27,-24,-42
42,-30,-28
49,-23,-32
53,-21,-29
64,-18,-15
69,-16,-9
64,-14,-1
65,-13,11
56,-12,17
53,-11,21
61,-14,29
45,-14,26
48,-18,40
47,-16,33
47,-16,39
46,-15,44
43,-7,61
49,-6,76
15,-5,53
8,-4,58
15,-20,54
19,-26,50
25,-29,54
16,-23,47
17,-19,48
18,-14,48
23,-15,52
24,-14,53
23,-14,55
26,-15,55
23,-14,54
20,-11,53
22,-9,53
27,-8,45
28,-9,41
34,-9,30
39,-10,23
51,-11,10
55,-11,5
62,-14,-5
71,-16,-11
64,-18,-26
61,-18,-25
56,-21,-25
50,-23,-31
55,-24,-32
47,-26,-33
51,-27,-34
47,-32,-38
49,-32,-37
42,-33,-37
43,-33,-38
39,-34,-38
35,-35,-37
32,-36,-39
29,-36,-39
32,-36,-43
30,-36,-45
28,-35,-41
32,-37,-42
33,-35,-45
33,-36,-43
33,-37,-40
31,-38,-43
37,-38,-40
33,-38,-40
34,-38,-39
34,-38,-40
30,-38,-39
28,-36,-36
27,-36,-36
29,-33,-38
31,-33,-39
29,-32,-40
28,-32,-40
33,-31,-41
32,-31,-41
31,-32,-42
34,-32,-40
39,-32,-39
39,-31,-39
36,-32,-35
32,-33,-31
36,-36,-33
36,-38,-35
33,-39,-34
28,-41,-38
34,-41,-41
32,-41,-42
22,-34,-50
20,-30,-44
32,-25,-40
35,-25,-38
37,-28,-40
36,-35,-44
33,-38,-43
32,-42,-39
25,-44,-36
16,-46,-39
19,-41,-31
19,-32,-40
27,-26,-45
39,-25,-43
39,-27,-46
41,-34,-40
39,-37,-44
34,-42,-44
29,-41,-40
28,-37,-37
30,-36,-36
26,-36,-38
23,-38,-41
22,-44,-39
26,-35,-34
21,-32,-40
39,-24,-36
42,-23,-38
49,-31,-37
45,-37,-34
47,-43,-36
46,-43,-30
28,-44,-35
31,-43,-39
30,-39,-32
32,-36,-28
36,-37,-33
38,-37,-30
34,-37,-37
31,-37,-38
33,-37,-37
32,-38,-35
28,-40,-33
30,-36,-38
32,-35,-38
32,-34,-42
30,-37,-43
26,-39,-40
31,-40,-43
34,-42,-39
34,-42,-41
32,-46,-46
30,-39,-38
33,-37,-39
36,-36,-42
33,-35,-41
32,-34,-39
32,-29,-37
31,-27,-40
36,-25,-36
38,-26,-35
36,-27,-38
41,-28,-35
40,-29,-34
44,-27,-32
44,-27,-35
42,-28,-35
37,-29,-30
38,-29,-33
33,-28,-40
42,-28,-39
42,-27,-38
42,-23,-42
43,-23,-40
45,-21,-41
43,-23,-41
41,-23,-42
42,-24,-42
42,-24,-41
43,-24,-39
41,-24,-39
38,-26,-39
37,-26,-35
37,-25,-34
35,-24,-40
38,-23,-40
39,-21,-39
37,-20,-43
33,-20,-46
33,-20,-44
30,-25,-45
30,-27,-45
27,-28,-45
28,-27,-44
27,-27,-45
30,-28,-45
28,-29,-47
30,-27,-46
33,-27,-41
37,-29,-44
33,-29,-44
38,-32,-46
39,-32,-46
29,-32,-39
31,-32,-41
35,-29,-43
35,-28,-40
31,-30,-41
29,-29,-44
32,-26,-46
27,-27,-44
30,-30,-47
29,-32,-47
26,-34,-50
31,-33,-47
24,-36,-44
19,-37,-44
31,-34,-46
34,-36,-40
41,-34,-38
42,-38,-43
42,-37,-40
37,-33,-36
40,-32,-41
47,-28,-36
43,-27,-34
42,-25,-27
43,-24,-23
47,-24,-19
47,-24,-21
52,-25,-22
54,-25,-19
57,-25,-16
58,-24,-16
61,-23,-12
58,-23,-12
59,-22,-8
60,-21,-4
61,-21,-1
65,-19,8
65,-19,9
58,-15,17
57,-14,24
52,-13,30
52,-14,35
34,-14,40
25,-12,37
24,-13,45
25,-15,49
21,-14,53
18,-13,53
16,-14,52
15,-14,52
16,-19,48
19,-21,45
30,-25,34
36,-26,29
58,-26,19
45,-25,4
63,-24,-7
68,-21,-13
63,-20,-23
57,-21,-29
37,-23,-38
35,-27,-53
53,-24,-58
43,-21,-57
40,-22,-57
41,-22,-53
36,-22,-49
30,-22,-49
31,-22,-55
33,-20,-48
36,-18,-46
30,-15,-48
17,-13,-47
43,-12,-41
48,-12,-44
45,-14,-38
50,-13,-32
41,-12,-43
39,-11,-45
53,-8,-41
55,-4,-44
62,1,-41
58,3,-37
55,5,-30
43,3,-34
49,6,-30
60,5,-18
65,8,-17
82,17,-10
84,17,-5
67,21,-3
60,17,-6
57,25,-9
53,26,-13
54,18,-4
37,14,-6
50,-3,8
65,-2,10
61,-9,19
49,-12,22
32,-17,32
39,-22,39
39,-34,45
37,-35,46
32,-33,53
19,-40,47
10,-39,47
14,-36,52
15,-33,55
12,-31,52
9,-32,50
8,-30,52
11,-30,53
14,-32,56
8,-34,70
15,-35,67
20,-32,57
17,-33,58
12,-36,64
-15,-38,63
-28,-37,61
-44,-32,70
-34,-28,68
17,-15,43
70,2,22
70,8,15
67,5,18
42,-8,10
39,-18,7
50,-27,20
44,-30,31
42,-32,37
51,-32,43
58,-32,49
38,-41,51
14,-41,54
36,-36,50
29,-38,40
42,-38,18
50,-46,24
63,-44,40
55,-42,37
31,-48,36
56,-39,30
8,-35,58
19,-28,33
43,-20,28
40,-18,32
43,-21,22
58,-32,31
63,-42,19
63,-37,28
54,-34,34
41,-33,37
30,-21,47
-3,-2,52
11,-3,59
45,4,59
34,-4,50
18,-7,62
20,2,64
16,5,59
12,-1,54
6,3,49
-2,7,55
5,12,58
15,14,57
6,14,66
5,13,64
3,11,61
3,10,59
5,2,70
12,1,67
11,3,52
10,1,50
5,-1,43
13,-5,78
16,-6,74
9,-7,70
7,-8,69
1,-8,62
-1,-9,56
5,-7,62
5,-6,65
5,-3,65
6,-3,63
9,-3,62
9,-4,61
10,-4,62
11,-2,61
18,-3,55
20,-3,55
19,-2,57
15,0,57
14,3,62
16,4,64
20,3,69
20,2,67
21,-1,60
20,0,61
20,0,64
22,-2,64
25,-3,61
28,-3,55
29,-2,53
28,-2,54
27,-2,59
23,-2,61
22,-2,59
23,-2,61
25,-4,64
27,-3,61
28,-2,63
29,-1,59
32,-1,53
29,-2,58
34,-28,71
25,-2,48
40,-7,67
38,3,52
14,2,26
22,0,34
40,-10,17
47,-11,-6
53,1,-21
89,12,-28
66,21,-40
70,22,-37
72,14,-27
50,6,-9
68,4,-34
53,-1,-46
44,-4,-49
52,-4,-43
36,-2,-50
40,3,-43
49,6,-28
45,9,-35
59,9,-28
49,7,-36
58,4,-30
55,3,-28
52,4,-15
59,8,-16
54,7,-18
54,5,-26
51,2,-25
64,7,-18
66,7,-23
63,3,-11
64,6,-9
50,4,-20
41,4,-25
45,9,-28
51,8,-36
63,13,-30
65,15,-25
63,6,-8
72,2,-11
53,-5,-29
55,-11,-7
58,-15,-20
62,-9,-29
46,13,-48
32,16,-47
43,17,-26
58,9,-31
69,3,-19
73,0,-12
61,-8,-2
65,-13,3
59,-11,-16
44,11,-41
38,14,-46
31,21,-43
48,16,-27
71,6,-10
77,10,-13
64,-4,-2
88,-13,18
53,-27,0
53,-11,-31
35,22,-53
28,24,-44
35,15,-26
59,7,-28
78,3,-27
80,-4,-10
58,-19,2
55,-32,9
62,-9,-36
45,15,-54
41,18,-53
40,14,-35
55,4,-20
75,-13,-6
80,-4,-20
43,-20,-13
49,-28,-13
70,-4,-31
24,-2,-36
48,13,-44
55,20,-57
62,4,-27
62,-3,-17
78,-13,-7
68,-21,-3
45,-30,-28
49,-19,-32
32,5,-48
31,13,-56
42,17,-49
60,11,-30
81,-1,-11
57,-28,-4
57,-24,-7
71,-20,-29
47,3,-52
29,11,-46
19,16,-56
37,8,-47
60,-2,-25
84,-5,-19
69,-8,-12
69,-15,2
70,-11,-14
59,-2,-37
67,7,-47
32,15,-51
39,14,-30
55,6,-13
52,2,-16
68,-5,-3
64,-3,-7
68,-14,-4
61,-9,-22
48,0,-29
41,15,-46
39,24,-54
53,25,-24
57,19,-16
56,7,-10
64,-9,-2
84,-15,-9
75,-17,-24
46,8,-42
43,15,-40
44,22,-36
30,34,-52
49,10,-12
65,2,-15
86,-2,-13
75,-8,-5
56,-16,4
58,-9,-12
48,15,-35
56,21,-42
37,23,-40
34,14,-12
64,0,7
61,5,-9
62,11,-23
62,-4,2
62,-12,14
54,4,-20
54,5,-22
54,17,-38
51,21,-37
66,6,-9
64,-1,-8
72,1,-4
66,-7,10
70,-10,8
68,1,-14
54,7,-36
47,13,-37
35,21,-36
56,16,-22
61,6,12
59,3,9
59,-10,27
81,-11,15
68,-3,2
45,15,-15
49,13,-14
47,25,-28
48,21,-21
64,-3,9
84,-3,4
80,0,2
61,-16,28
62,-8,8
58,-4,-16
30,5,-19
33,8,-27
51,19,-53
75,14,-32
79,6,-21
84,7,-2
64,-24,31
75,-21,9
63,-20,-9
59,-2,-29
52,13,-50
28,24,-44
40,17,-24
85,5,-15
92,1,-13
45,-23,18
61,-40,23
85,-6,-23
60,7,-36
43,21,-36
32,25,-53
38,11,-11
67,4,-3
82,-6,-10
75,-8,-6
71,-24,21
70,-20,4
52,0,-31
34,8,-11
37,21,-47
33,14,-40
64,5,-7
71,0,-7
68,-9,-3
63,-10,4
63,-16,1
45,4,-28
46,7,-30
39,8,-42
38,7,-39
63,1,-23
70,-1,-21
74,2,-22
77,1,-21
62,-1,-29
50,-5,-32
45,-11,-37
48,-8,-40
40,-4,-35
43,-6,-24
53,-4,-26
53,-4,-27
48,6,-32
45,9,-36
64,2,-22
61,2,-36
59,-2,-40
50,-13,-21
52,-7,-22
61,7,-3
52,-1,-21
58,5,-40
55,5,-37
39,1,-30
60,-1,-19
77,5,-33
60,5,-28
27,-2,-16
37,-6,-8
72,5,-21
54,3,-24
85,-11,-5
44,2,-38
51,4,-27
46,12,-42
41,10,-29
60,5,-17
83,12,-30
73,9,-20
49,3,-6
55,0,-8
42,-20,-31
52,10,-27
57,14,-30
63,17,-15
56,10,-28
53,9,-20
58,4,-25
52,2,-42
43,5,-44
56,10,-40
37,8,-55
37,6,-38
43,6,-38
42,1,-35
49,3,-42
56,4,-51
52,7,-49
47,12,-27
38,9,-15
55,14,-24
60,12,-24
45,8,-22
56,-4,-35
47,1,-47
47,12,-25
49,12,-20
54,13,-42
50,14,-42
61,14,-30
68,12,-34
53,15,-31
52,10,-26
59,6,-14
58,5,-15
58,-2,-8
62,-2,-9
59,0,-17
51,3,-19
52,13,-43
52,13,-41
46,18,-33
49,16,-27
64,7,-13
65,3,-12
63,3,-11
66,-1,-3
62,-3,-8
53,-3,-21
49,-1,-27
57,8,-34
46,9,-41
46,9,-32
51,9,-28
62,5,-24
65,3,-21
62,1,-22
59,0,-24
53,2,-22
49,4,-27
49,7,-30
48,7,-38
60,12,-42
49,13,-37
62,-4,-17
50,-4,-9
44,-4,-30
70,-13,-14
66,-1,-25
24,-14,-8
59,-9,-35
77,-11,-19
69,-9,-20
62,-3,-26
59,-6,-24
56,-10,-18
55,-11,-28
57,-10,-22
40,-9,-23
49,-9,-33
59,-18,-29
50,-14,-37
47,-14,-40
46,-16,-40
42,-15,-42
38,-18,-27
41,-15,-33
45,-7,-54
37,-9,-52
32,-4,-50
42,-15,-46
52,-16,-47
53,-12,-35
51,-13,-34
50,-12,-33
51,-12,-29
58,-10,-14
57,-11,-9
73,-15,-2
68,-15,-2
73,-8,5
64,-6,10
66,-5,31
56,-4,28
64,-6,48
65,-6,46
38,2,47
38,-2,47
24,6,47
17,5,52
4,2,63
3,0,65
-2,0,63
8,3,66
6,-1,69
9,1,65
9,0,65
4,-2,62
3,-2,60
7,3,55
6,9,52
12,16,58
11,18,59
17,22,60
16,24,59
25,21,63
27,21,64
17,23,64
12,23,61
5,23,52
-2,21,49
-6,16,48
-12,16,48
-8,17,51
-9,17,54
13,17,62
19,14,54
22,14,54
18,19,52
22,23,32
35,22,41
36,27,41
49,27,34
56,26,28
69,22,12
73,22,1
76,18,-12
77,19,-12
51,14,-12
66,13,-20
49,11,-20
53,9,-18
55,7,-26
58,6,-27
57,6,-20
61,6,-23
57,6,-25
55,3,-22
61,-3,-26
48,-3,-34
52,0,-33
48,0,-32
48,2,-29
56,2,-27
45,-1,-24
57,-9,-25
55,-10,-31
57,-8,-25
58,-7,-24
53,2,-43
54,7,-37
51,8,-22
47,1,-23
55,-8,-17
49,-9,-17
57,-20,-36
54,-23,-43
50,-18,-51
49,-13,-55
50,-6,-41
45,-4,-42
56,-1,-21
46,-2,-11
55,-11,-7
60,-16,-16
57,-14,-23
56,-11,-29
56,-12,-27
55,-7,-20
57,-8,-24
54,-11,-17
65,-8,8
59,-11,-2
62,-9,-16
51,-3,-39
46,0,-34
62,-8,-19
62,-9,-20
52,-12,-27
56,-12,-26
51,-8,-23
47,-6,-22
41,-1,-28
46,1,-29
45,-4,-39
60,-9,-40
66,-10,-38
65,-3,-28
65,-1,-17
69,0,-10
60,0,-12
50,-7,-23
42,-9,-21
50,-5,-42
60,-5,-44
50,2,-37
52,4,-36
42,0,-37
46,0,-32
51,0,-35
46,0,-39
47,0,-39
46,-1,-40
40,-1,-41
47,-2,-38
47,-3,-33
45,-2,-36
42,0,-43
40,1,-52
40,5,-44
36,6,-37
38,4,-44
49,0,-52
50,-3,-51
44,-6,-53
42,-5,-52
32,-3,-48
32,-5,-49
35,-1,-51
35,3,-47
38,9,-41
35,8,-37
37,2,-40
38,-1,-45
35,1,-53
38,1,-52
40,2,-51
40,2,-49
40,3,-50
43,3,-51
40,1,-45
40,0,-42
39,-6,-40
43,-7,-45
45,-2,-40
44,-3,-32
47,-2,-38
41,4,-33
44,3,-35
54,-4,-43
56,-2,-46
45,2,-35
42,-1,-29
47,-5,-36
41,-2,-41
37,7,-41
38,8,-42
51,4,-46
62,2,-44
52,2,-41
65,2,-20
65,-6,-18
61,-6,-24
43,-1,-29
50,0,-29
39,2,-34
40,12,-40
50,12,-42
52,9,-39
61,6,-33
65,1,-24
63,-1,-19
51,-5,-17
55,-5,-24
50,5,-33
50,10,-26
45,13,-30
48,15,-30
51,13,-37
56,10,-40
66,6,-30
65,6,-23
60,3,-10
56,1,-14
59,1,-22
57,3,-17
54,4,-19
55,8,-23
57,13,-14
56,15,-11
57,15,-12
65,9,-12
62,11,-14
65,14,-8
65,13,-12
64,9,-19
58,11,-11
55,15,-14
56,14,-12
57,11,-9
64,13,-10
47,21,-11
51,20,-5
62,16,-18
56,16,-13
54,15,-6
57,9,-18
64,17,-21
54,20,-17
62,20,-20
52,17,-13
55,17,-13
40,18,-15
53,13,-21
63,14,-27
63,20,-27
54,20,-15
63,15,-19
50,18,-15
53,18,-17
56,15,-23
51,17,-21
44,18,-7
46,15,-14
64,12,-23
62,18,-17
65,15,-16
65,15,-20
45,18,-11
53,16,-16
47,12,-21
51,14,-22
46,17,-24
51,13,-33
64,17,-30
54,15,-14
63,10,-23
61,14,-30
46,18,-25
50,16,-28
46,14,-29
42,15,-18
38,14,-18
63,8,-28
61,11,-22
52,15,-26
56,14,-33
59,17,-36
56,20,-30
46,18,-25
52,13,-25
56,9,-28
51,9,-23
54,5,-28
59,6,-29
53,9,-22
53,8,-28
60,10,-36
59,11,-33
53,10,-24
43,5,-24
49,1,-21
53,1,-16
50,2,-14
45,3,-22
49,1,-26
64,0,-36
63,1,-37
64,1,-23
63,-2,-18
58,-5,-21
57,-3,-29
56,-1,-28
54,-2,-26
67,-5,-16
63,-10,-17
48,-10,-22
52,-13,-19
66,-11,-19
65,-11,-15
57,-8,-6
63,-8,-13
53,-8,-18
66,-8,-22
57,-12,-20
50,-13,-13
54,-12,-14
55,-11,-25
58,-6,-28
63,0,-25
67,-1,-20
55,-6,-14
55,-8,-17
56,-9,-25
53,-9,-20
48,-7,-10
51,-4,-10
56,-6,-12
57,-7,-21
61,1,-24
63,2,-13
63,-4,-1
61,-5,-2
68,-4,-16
56,-6,-19
55,-6,-17
51,-13,-21
54,-13,-24
56,-15,-25
62,-9,-15
50,-2,-15
58,0,-23
58,-3,-25
64,-3,-31
63,-1,-17
54,-4,-17
56,-11,-32
63,-10,-32
54,-12,-22
63,-11,-17
43,-11,-23
46,-12,-15
42,-16,-31
45,-20,-21
56,-19,-31
57,-10,-32
56,-11,-39
61,-12,-34
62,-12,-33
55,-14,-24
50,-16,-30
45,-18,-32
43,-19,-29
45,-19,-31
46,-16,-31
45,-15,-30
47,-17,-31
51,-19,-32
50,-19,-32
54,-19,-34
56,-19,-35
49,-15,-29
48,-16,-30
50,-17,-32
56,-17,-33
58,-16,-28
48,-16,-24
51,-14,-36
63,-20,-34
54,-14,-27
47,-14,-23
46,-18,-16
45,-23,-11
53,-22,-15
50,-24,-17
64,-27,-21
61,-23,-28
55,-20,-26
49,-12,-18
52,-11,-18
61,-9,-13
63,-13,-5
56,-16,-9
51,-17,-18
62,-24,-20
54,-26,-23
60,-26,-13
63,-25,-15
51,-13,-16
52,-10,-16
52,-11,-25
58,-14,-20
46,-21,-20
47,-27,-5
48,-30,6
68,-34,-23
62,-29,-24
65,-17,-14
63,-12,-12
59,-12,-14
57,-10,-17
53,-11,-18
50,-12,-20
52,-17,-17
54,-21,-12
47,-25,-18
44,-22,-13
61,-22,-8
62,-23,-11
66,-21,-14
65,-17,-13
63,-12,-13
61,-13,-16
53,-11,-15
52,-12,-13
48,-12,-20
54,-17,-3
56,-20,-6
45,-21,-7
54,-21,-1
66,-20,1
66,-18,5
66,-15,0
71,-15,-4
56,-7,-7
64,-5,-9
52,-11,-18
34,-9,-13
61,-18,9
46,-14,9
63,-14,6
63,-14,1
59,-11,-2
67,-8,-8
62,-5,-7
54,-2,-5
52,-4,-12
52,-5,-15
54,-18,-2
50,-18,-13
58,-16,-10
70,-12,-6
73,-9,-7
67,-5,-11
63,-5,-8
63,-4,-8
59,-7,-15
69,-8,-17
60,-8,-20
65,-11,-17
57,-14,-12
52,-18,3
54,-15,5
59,-12,-10
62,-8,-9
72,-2,-16
63,0,-18
55,3,-10
50,2,-13
58,-6,-22
50,-6,-14
55,-13,3
68,-15,-6
66,-14,-17
71,-4,-21
69,-3,-19
51,1,-16
55,0,-10
46,-7,-27
36,-9,-15
59,-18,2
59,-17,-10
69,-13,-17
66,-9,-15
70,-6,-16
66,-3,-13
49,2,-16
58,-1,-14
38,-11,-21
44,-12,-13
60,-13,-11
70,-10,-10
67,-8,-14
71,-6,-11
65,-3,-13
62,-2,-17
58,-5,-16
57,-9,-11
57,-10,-13
51,-17,-13
58,-20,-8
66,-17,-4
61,-11,-7
55,-5,-9
71,-5,-8
52,-7,-15
56,-11,-11
64,-12,-9
60,-9,-12
59,-4,-7
60,-7,-1
51,-11,-14
46,-10,-11
44,-14,-9
58,-17,-15
68,-11,-17
63,-9,-20
67,-6,-15
60,-5,-11
58,-4,-13
60,-6,-19
64,-11,-21
54,-13,-17
51,-13,-16
54,-17,-13
62,-18,-10
64,-14,-16
61,-8,-21
63,-8,-17
58,-7,-16
56,-6,-11
53,-7,-14
57,-15,-16
45,-19,-12
51,-24,-13
59,-24,-11
65,-19,-18
66,-15,-20
68,-8,-23
64,-6,-19
60,-3,-16
59,-6,-20
49,-12,-24
44,-14,-4
49,-22,1
63,-29,-14
63,-25,-23
58,-11,-30
62,-7,-27
55,-5,-24
70,-10,-17
63,-14,-5
61,-12,-6
60,-8,-5
62,-11,-9
57,-12,-14
63,-13,-15
63,-14,-5
61,-12,-6
60,-8,-5
62,-11,-9
57,-12,-14
63,-13,-15
61,-11,-14
60,-10,-10
51,-12,-3
52,-14,1
56,-18,-1
58,-19,-1
59,-19,2
55,-16,7
49,-15,2
65,-13,7
58,-10,2
67,-10,11
70,-9,12
83,-3,2
72,-1,0
51,-11,7
47,-8,12
41,-1,2
47,-3,3
57,-7,5
59,-6,4
63,-9,5
72,-11,2
63,-7,-9
63,-5,-14
53,-6,-9
61,-10,-8
56,-15,-24
64,-12,-29
57,-11,-13
55,-9,-8
50,-8,-16
59,-11,-11
57,-11,-13
61,-9,-22
67,-5,-17
57,0,-16
55,-1,-14
67,-3,-9
60,2,-9
59,0,-12
64,0,-18
43,-6,-33
41,-5,-47
42,1,-34
33,-1,-29
54,-11,-31
45,-8,-52
48,-8,-52
50,-9,-39
42,-8,-44
54,-7,-29
53,-13,-15
65,-17,-39
65,-12,-42
58,-3,-37
53,-2,-36
52,0,-28
56,0,-23
58,2,-25
60,2,-28
56,1,-37
48,-1,-41
52,-2,-37
43,-4,-33
48,-12,-37
46,-10,-33
48,-8,-27
51,-7,-28
52,-5,-20
54,-5,-20
52,-1,-21
54,-1,-23
59,0,-16
58,-2,-15
68,-4,-24
61,4,-20
61,5,-9
59,4,-18
53,1,-14
53,5,-32
55,5,-33
73,5,-26
57,1,-14
55,-8,-29
65,-8,-31
51,5,-25
48,6,-18
54,2,-13
48,1,-16
56,0,-22
61,1,-20
54,4,-19
63,4,-16
63,5,-17
54,7,-17
59,4,-6
52,3,-20
57,7,-25
40,3,-31
38,1,-37
51,3,-39
49,-1,-36
56,-5,-43
49,-3,-44
49,-7,-31
47,-7,-37
48,-4,-36
51,-2,-31
47,-4,-28
51,-6,-29
52,-3,-34
54,-1,-36
54,2,-32
57,4,-31
56,8,-41
53,6,-37
50,2,-23
49,-2,-21
56,-2,-36
47,-1,-45
52,3,-41
41,2,-44
41,2,-48
47,5,-45
51,6,-37
47,4,-26
53,1,-32
49,1,-45
48,5,-41
44,7,-36
43,8,-32
54,4,-19
44,3,-26
45,4,-19
44,4,-28
45,5,-45
46,8,-50
56,11,-45
62,11,-37
40,7,-33
46,6,-40
40,9,-46
42,9,-37
43,4,-39
51,4,-35
52,2,-30
53,3,-31
55,5,-36
48,5,-35
43,4,-38
40,4,-41
45,5,-38
51,2,-31
43,-1,-36
46,0,-37
43,3,-42
51,7,-45
52,9,-44
48,10,-42
46,9,-39
56,4,-33
61,1,-32
50,-2,-35
54,-2,-36
50,1,-41
49,0,-30
48,0,-29
58,2,-25
54,4,-29
54,2,-26
54,4,-26
58,7,-25
55,7,-22
52,7,-19
59,7,-19
54,7,-17
57,7,-15
58,9,-15
56,9,-17
60,9,-17
61,10,-15
62,12,-10
53,12,-9
58,11,-10
59,10,-12
50,10,-17
54,9,-20
60,9,-19
55,12,-15
65,13,-11
55,12,-4
57,14,-7
52,14,-25
57,14,-30
56,14,-25
55,13,-21
58,12,-18
57,10,-18
52,11,-15
54,11,-16
54,10,-23
56,11,-24
61,12,-17
60,13,-17
64,12,-12
63,11,-11
60,12,-10
58,12,-12
57,12,-16
57,12,-13
53,11,-23
59,13,-20
56,15,-16
59,13,-13
59,12,-8
52,13,-1
56,14,-7
56,14,-17
58,12,-14
52,13,-17
51,14,-18
58,12,-14
58,12,-16
62,13,-15
62,13,-12
61,11,-11
61,11,-11
59,10,-10
60,11,-12
66,12,-10
62,13,-11
66,14,-4
62,11,-3
56,12,-6
60,10,0
64,10,-1
59,11,-4
59,12,-3
56,12,-2
56,12,-1
62,10,3
60,10,3
54,12,1
62,10,3
59,9,0
56,10,-1
66,9,2
58,7,1
46,13,2
60,15,-3
59,9,4
65,8,9
62,9,3
61,11,0
55,10,0
55,12,-3
60,12,-3
69,13,-2
69,10,-1
72,9,1
61,10,-3
54,9,-4
62,8,-3
59,8,-9
63,6,-4
54,6,-3
50,8,-8
66,10,-3
62,9,2
58,9,5
58,10,-7
74,10,-14
73,10,-14
60,10,-12
59,9,-7
57,11,-15
60,11,-14
45,8,2
44,8,1
55,8,-18
65,7,-15
64,7,-17
66,13,-20
68,10,-19
62,7,-20
55,9,-19
49,9,-26
50,6,-28
47,4,-30
45,8,-22
49,9,-24
53,5,-36
66,0,-33
54,2,-24
51,4,-35
58,4,-44
54,6,-41
50,9,-39
43,10,-38
48,8,-34
39,7,-27
31,8,-25
52,2,-39
52,3,-29
38,3,-30
45,3,-45
48,6,-47
55,7,-46
59,9,-46
51,10,-40
57,9,-36
52,5,-35
45,6,-25
48,8,-30
51,8,-38
45,6,-14
49,5,-10
55,8,-29
61,10,-28
58,13,-28
59,13,-29
71,2,-21
62,-8,-15
58,-1,3
57,5,5
54,7,14
47,6,14
65,13,3
72,11,2
70,9,5
59,5,14
56,7,15
56,6,7
66,2,8
66,-1,16
60,-2,22
51,1,22
50,3,26
45,6,30
52,5,29
52,5,34
52,4,38
55,4,36
53,5,32
57,6,30
59,4,31
59,1,32
65,1,40
47,4,41
44,4,38
35,6,33
30,4,42
31,0,41
39,-4,35
46,-6,31
61,-8,34
65,-7,37
67,-6,30
68,-5,31
59,-4,31
56,-9,33
57,-7,24
56,-5,24
54,-3,32
48,-1,28
42,-2,28
50,-1,25
60,-7,27
62,-10,29
65,-10,26
63,-9,23
59,-6,20
58,-5,17
60,-5,19
52,-7,12
48,-4,7
70,-6,-1
61,-6,-7
60,-3,-6
57,-6,-6
49,0,-1
51,-5,-1
57,-6,-5
50,-6,-14
57,-7,-45
66,-8,-45
47,-5,-51
46,-3,-53
45,-2,-37
40,-8,-51
48,-6,-48
34,-11,-56
33,-7,-51
34,-10,-45
30,-12,-43
34,-8,-37
4,-8,-57
18,-3,-56
21,-3,-51
31,-6,-65
43,-7,-63
36,-10,-61
50,-4,-52
32,-15,-62
34,-13,-55
23,-12,-61
17,-12,-56
27,-10,-43
30,-11,-47
31,-11,-55
32,-10,-54
35,-8,-51
40,-8,-43
43,-11,-30
50,-14,-31
35,-15,-49
41,-12,-43
48,-5,-45
54,-1,-41
54,2,-37
55,-1,-32
55,1,-30
53,-2,-24
58,-3,-22
54,-5,-21
56,-6,-17
53,-16,-10
56,-4,-25
55,2,-21
56,3,-13
51,2,-29
52,3,-32
48,6,-36
51,5,-31
65,2,-21
65,2,-22
71,0,-15
86,-2,-4
39,-2,-4
62,-11,20
56,2,-5
61,5,-11
56,14,-22
52,15,-23
49,15,-25
51,13,-13
60,13,-8
59,8,-17
73,0,-3
60,-1,-2
55,-5,1
56,-14,2
50,-4,-4
55,6,-9
54,10,-15
56,20,-24
58,24,-26
50,19,-21
55,10,-22
63,5,-25
62,3,-30
66,-2,-25
49,-8,-14
60,-7,-10
63,-2,-20
62,-6,-9
79,-6,-10
46,-4,-41
52,2,-28
45,3,-29
47,9,-30
45,8,-29
60,6,-33
68,4,-31
63,2,-30
58,-1,-27
63,-12,3
83,-16,13
52,2,-32
46,-4,-21
42,2,-34
41,7,-39
40,4,-27
46,2,-26
65,-1,-36
68,-2,-27
67,-2,-22
60,-3,-15
57,-7,-6
62,-21,-11
68,-13,-23
53,-1,-33
50,3,-38
38,6,-36
40,3,-29
55,0,-41
59,-3,-39
63,-8,-21
64,-10,-18
58,-12,-10
53,-14,-6
56,-21,-17
57,-15,-24
45,-6,-35
40,-2,-42
42,-4,-35
48,-8,-39
57,-6,-48
59,-7,-41
56,-11,-28
57,-14,-20
57,-18,-13
47,-31,-22
52,-28,-27
41,-19,-35
42,-16,-36
46,-6,-39
43,-6,-45
47,-9,-44
56,-9,-41
65,-8,-33
62,-8,-23
52,-16,-13
50,-18,-16
55,-18,-15
76,-23,-7
37,-9,-35
38,-11,-23
45,-5,-24
40,-5,-40
43,-1,-50
53,-2,-50
58,-9,-26
62,-14,-19
63,-17,-17
50,-24,-22
44,-32,-21
43,-20,-36
50,-13,-50
38,3,-57
42,3,-50
45,0,-34
55,-2,-27
63,-9,-27
69,-9,-25
56,-15,-24
57,-11,-26
68,-29,6
53,-19,-33
34,-7,-24
43,-10,-21
62,1,-41
64,3,-41
50,4,-26
45,1,-17
59,-6,-16
64,-6,-25
64,-7,-19
50,-3,-23
40,-6,-20
58,-19,-18
49,-13,-22
59,-1,-26
54,1,-29
40,4,-43
48,4,-43
48,8,-37
51,4,-34
59,-5,-23
60,-6,-31
64,1,-28
62,1,-28
57,-4,-39
47,-5,-39
47,-14,-16
67,-17,-24
37,-7,-48
43,1,-42
17,-1,-39
42,5,-55
47,1,-36
52,2,-50
49,0,-50
40,-1,-48
35,-1,-50
33,-2,-45
40,-2,-39
26,0,-56
23,7,-51
43,1,-35
51,-5,-34
58,1,-39
58,4,-36
48,0,-21
55,1,-27
48,1,-31
36,3,-29
23,7,-45
58,11,-37
54,5,-36
50,7,-41
42,4,-46
45,3,-43
48,5,-44
42,3,-39
55,3,-35
35,1,-46
35,5,-50
38,1,-46
40,3,-43
48,3,-42
50,1,-44
50,2,-39
48,2,-38
49,4,-38
48,6,-36
44,3,-34
50,5,-35
50,6,-31
56,8,-30
49,8,-36
63,6,-22
54,7,-25
58,8,-18
50,7,-22
46,4,-21
59,2,-13
59,0,-7
62,-1,-8
68,5,-8
66,8,-14
49,2,-19
54,-1,-15
64,5,-11
63,8,-11
66,13,-6
60,13,-5
46,6,-13
49,3,-11
70,5,-19
58,5,-27
55,1,-10
60,0,-10
65,-1,-10
64,-2,-9
74,10,-18
64,9,-23
50,-2,-24
55,-3,-20
67,8,-11
61,12,-10
53,12,-13
57,3,-9
73,8,-11
58,11,-9
51,6,3
65,-1,9
61,-6,-1
75,6,-4
70,16,-8
55,-2,-14
59,-4,-4
71,6,14
68,12,17
53,16,11
44,11,4
56,6,9
67,13,10
56,9,11
48,1,16
64,-4,14
66,-2,-1
75,8,6
53,-5,-3
55,1,-1
70,6,19
71,10,21
61,12,13
58,11,12
55,7,9
53,-2,2
70,7,11
65,7,10
46,1,11
50,-2,14
66,-1,12
65,0,13
54,1,11
56,-3,12
70,-2,22
67,4,23
58,10,16
56,11,14
60,9,19
53,0,15
62,0,14
73,9,22
60,11,13
36,5,8
41,0,17
74,-4,19
75,4,18
40,-8,8
52,-6,10
80,4,21
71,7,22
54,8,15
52,5,11
51,-1,-4
54,2,-9
77,1,4
74,5,0
56,4,-6
50,1,-6
56,-2,-8
68,0,2
70,4,-7
57,5,-15
51,1,-6
55,3,-15
58,5,-17
64,10,-10
58,10,-13
59,4,-30
51,3,-33
62,5,-29
64,2,-32
56,2,-39
49,4,-37
40,3,-35
36,-2,-32
64,11,-20
56,3,-34
43,1,-39
39,1,-34
48,7,-25
52,13,-28
57,15,-33
57,11,-31
60,5,-35
42,4,-46
46,7,-36
56,10,-49
46,7,-58
32,8,-51
25,4,-49
51,-10,0
64,17,-28
60,8,-21
54,7,-19
49,13,-38
61,14,-38
49,14,-34
45,9,-38
47,5,-41
31,6,-61
43,8,-33
49,8,-31
49,8,-35
54,11,-37
39,12,-59
38,0,-32
57,9,-37
46,6,-37
44,12,-39
46,9,-38
49,5,-33
39,2,-44
36,2,-53
32,10,-65
35,12,-52
38,8,-37
35,6,-39
40,6,-53
42,9,-57
42,11,-48
40,12,-40
41,5,-34
39,7,-44
38,9,-46
38,8,-45
36,8,-52
37,7,-50
37,4,-48
38,6,-47
34,12,-44
41,4,-31
38,3,-45
42,13,-55
35,13,-49
38,9,-29
47,1,-16
37,6,-45
48,14,-67
58,18,-51
41,16,-36
36,9,-48
43,2,-40
40,10,-58
36,4,-47
29,7,-48
30,9,-52
38,15,-43
41,15,-34
53,4,-12
40,4,-43
44,10,-56
42,9,-61
41,18,-61
39,17,-50
30,17,-54
30,17,-48
39,24,-58
23,17,-49
25,17,-47
23,17,-38
28,18,-37
24,9,-38
40,-4,-40
21,11,-64
18,12,-65
33,14,-51
32,13,-52
22,19,-59
13,20,-61
20,13,-46
13,16,-56
25,16,-57
22,11,-51
13,13,-61
21,16,-62
19,18,-54
25,16,-49
33,13,-39
25,12,-50
21,7,-53
16,6,-62
16,9,-60
13,11,-63
12,13,-63
12,7,-59
10,7,-62
12,12,-62
18,15,-54
30,10,-49
37,8,-51
18,9,-55
17,8,-60
-3,5,-76
21,9,-55
7,12,-61
35,6,-46
12,6,-64
9,11,-61
18,14,-55
28,11,-49
26,10,-51
44,12,-45
16,6,-60
18,6,-61
21,5,-61
17,8,-66
16,11,-64
18,9,-57
15,8,-59
9,11,-65
12,11,-57
21,8,-59
23,4,-59
26,12,-55
11,9,-60
13,7,-55
17,6,-51
2,11,-70
3,11,-64
19,14,-66
3,9,-55
19,13,-59
19,15,-56
18,16,-56
14,14,-55
15,12,-61
18,15,-53
13,14,-62
22,16,-55
22,16,-55
24,18,-50
31,16,-43
27,17,-48
30,17,-49
31,17,-40
35,20,-39
41,21,-42
36,16,-55
20,19,-60
21,24,-60
15,24,-70
-3,12,-36
36,31,-50
17,11,-58
22,15,-45
31,18,-65
43,6,-56
22,18,-59
14,16,-61
33,14,-51
24,14,-48
24,9,-60
32,9,-58
27,13,-52
27,13,-54
29,12,-52
28,13,-49
31,7,-57
38,8,-62
22,6,-65
42,-1,-46
36,11,-42
31,15,-49
36,16,-40
41,11,-47
53,8,-40
56,7,-41
46,10,-40
51,13,-35
54,14,-29
49,16,-17
52,16,-10
59,14,-13
56,13,-18
56,12,-22
60,14,-21
74,14,-26
64,18,-24
61,16,-14
59,15,-18
46,16,0
33,15,9
27,11,20
54,18,23
60,13,25
57,14,24
55,15,12
54,14,-1
55,12,-13
67,9,-20
67,2,-34
56,2,-38
54,3,-33
53,3,-23
50,2,-26
50,0,-24
54,0,-21
57,1,-27
54,3,-34
53,6,-48
57,8,-46
48,12,-45
44,11,-39
47,14,-29
40,11,-35
38,8,-40
37,6,-44
48,3,-44
46,2,-45
45,2,-47
44,1,-47
37,-1,-47
38,-5,-53
39,-14,-53
38,-14,-52
29,-11,-38
36,-15,-33
34,-13,-43
29,-15,-58
34,-13,-62
36,-7,-57
35,-4,-46
29,-7,-50
25,-7,-53
34,-12,-49
27,-17,-50
20,-21,-56
26,-22,-53
25,-23,-53
27,-21,-56
31,-20,-47
28,-21,-42
32,-23,-50
36,-23,-50
36,-22,-48
35,-23,-49
35,-22,-46
32,-21,-45
32,-21,-45
31,-18,-49
28,-19,-54
30,-22,-46
33,-21,-45
31,-22,-53
29,-21,-52
33,-19,-47
34,-21,-50
31,-22,-50
30,-21,-46
29,-22,-45
27,-22,-47
30,-22,-47
31,-21,-47
30,-20,-51
31,-21,-48
32,-22,-42
30,-22,-45
31,-24,-50
32,-23,-47
31,-20,-48
31,-19,-51
30,-21,-51
28,-21,-48
28,-23,-50
29,-25,-51
27,-25,-51
26,-25,-45
27,-26,-45
25,-26,-47
25,-26,-47
26,-27,-48
26,-27,-49
23,-26,-46
26,-25,-47
23,-26,-55
26,-27,-55
22,-29,-57
21,-28,-55
24,-26,-51
20,-26,-53
22,-27,-49
20,-27,-55
19,-28,-53
20,-28,-48
23,-27,-47
21,-29,-48
21,-30,-50
20,-29,-52
20,-28,-53
21,-26,-60
22,-25,-57
14,-24,-41
25,-25,-48
19,-31,-48
17,-32,-48
22,-30,-54
22,-28,-53
22,-27,-45
24,-25,-45
19,-29,-55
21,-28,-61
28,-29,-47
25,-28,-47
29,-28,-57
25,-23,-47
23,-27,-51
25,-26,-48
26,-26,-46
25,-27,-47
25,-27,-52
27,-25,-49
26,-26,-45
29,-23,-46
28,-24,-45
31,-26,-47
33,-27,-47
34,-29,-51
32,-29,-54
38,-25,-47
39,-25,-50
32,-23,-46
42,-21,-40
40,-20,-40
38,-19,-43
46,-15,-41
45,-16,-37
56,-13,-33
61,-11,-28
52,-13,-29
66,-16,-7
56,-15,-10
55,-18,-3
54,-16,0
62,-12,4
57,-10,6
63,-7,16
51,-11,20
43,-4,36
32,-11,36
38,-11,51
30,-11,47
23,-12,55
27,-13,50
27,-11,51
19,-16,54
11,-18,61
15,-17,61
16,-16,59
12,-15,59
7,-15,63
5,-15,64
6,-14,67
8,-13,60
9,-12,59
2,-12,65
6,-13,69
14,-13,68
15,-14,69
13,-15,62
13,-15,62
10,-15,60
10,-15,58
11,-13,54
7,-12,54
3,-11,55
4,-11,56
8,-14,59
8,-15,61
4,-17,60
7,-17,68
8,-16,71
10,-15,70
10,-15,66
9,-15,67
10,-14,65
8,-16,64
8,-15,61
8,-14,62
7,-13,61
5,-12,62
6,-11,61
6,-10,61
8,-10,57
9,-16,54
9,-20,55
19,-18,59
18,-15,62
11,-6,69
6,-4,66
4,-7,58
6,-8,58
7,-12,62
5,-14,62
6,-16,59
7,-16,61
7,-15,61
8,-15,61
7,-15,62
8,-15,63
7,-15,62
7,-16,63
8,-17,64
9,-17,68
9,-16,63
5,-15,59
3,-15,60
2,-14,59
2,-15,58
4,-16,59
5,-17,59
5,-18,60
5,-19,58
4,-19,58
5,-20,60
7,-18,62
6,-18,62
4,-19,62
5,-19,63
5,-18,61
5,-19,61
6,-19,59
6,-19,61
5,-19,61
4,-19,60
5,-19,61
5,-18,62
4,-18,61
6,-17,61
7,-17,62
9,-15,54
13,-17,56
15,-19,56
14,-21,53
19,-22,53
25,-21,54
29,-18,51
28,-17,49
32,-19,45
36,-19,41
45,-18,30
56,-20,30
56,-17,21
61,-19,18
57,-20,6
62,-23,-10
63,-24,-14
56,-21,-22
54,-26,-28
50,-26,-33
51,-23,-29
44,-25,-33
45,-27,-34
44,-27,-35
41,-28,-37
39,-29,-36
40,-29,-35
40,-28,-39
40,-30,-45
30,-32,-45
33,-31,-52
26,-34,-47
23,-32,-45
27,-27,-51
27,-27,-52
25,-27,-53
28,-26,-45
27,-25,-44
27,-25,-45
28,-28,-46
31,-30,-48
31,-31,-51
33,-31,-43
30,-29,-43
22,-31,-50
26,-31,-48
25,-29,-47
24,-28,-47
26,-26,-46
28,-26,-43
32,-25,-40
30,-26,-43
30,-27,-45
31,-27,-45
29,-29,-46
25,-27,-46
25,-23,-39
22,-22,-39
24,-20,-45
23,-21,-51
28,-22,-58
30,-23,-55
31,-23,-54
28,-22,-59
30,-23,-55
32,-24,-47
29,-25,-51
34,-28,-47
35,-29,-44
27,-28,-46
31,-26,-49
36,-23,-48
27,-23,-48
27,-20,-45
31,-23,-49
39,-21,-47
23,-30,-56
33,-26,-41
40,-23,-41
36,-23,-49
42,-20,-41
31,-21,-49
32,-18,-49
31,-12,-45
26,-12,-49
38,-10,-49
31,-3,-55
31,-1,-56
25,-2,-59
27,-2,-56
22,-8,-53
24,-13,-54
31,-20,-49
33,-23,-50
38,-25,-36
37,-26,-37
41,-24,-37
42,-18,-31
42,-8,-24
53,-5,-23
74,-8,-24
78,-8,-19
73,-6,-14
70,-8,-10
66,-12,-6
67,-11,8
68,-15,14
45,-20,18
47,-14,31
19,-7,31
19,-20,45
18,-20,45
10,-21,45
9,-19,57
8,-20,61
10,-20,67
10,-18,68
9,-15,63
9,-15,62
7,-16,62
8,-15,62
8,-13,63
7,-12,63
6,-11,59
10,-11,60
16,-9,66
16,-6,67
13,-4,63
11,-3,63
10,2,66
12,0,73
8,-2,68
12,-10,62
13,-12,60
10,-13,58
7,-15,58
5,-14,54
8,-13,48
18,-11,53
17,-10,54
19,-11,50
16,-11,52
24,-13,49
31,-13,52
45,-14,49
49,-15,40
46,-18,38
49,-19,38
58,-14,27
62,-13,30
60,-11,22
57,-10,19
62,-10,14
61,-11,7
60,-13,2
59,-14,-7
59,-14,-13
61,-16,-13
57,-16,-14
51,-17,-24
54,-17,-25
51,-20,-36
47,-21,-42
45,-23,-41
42,-24,-43
36,-26,-44
34,-27,-45
33,-27,-47
34,-25,-48
29,-25,-48
28,-24,-48
27,-24,-45
29,-24,-46
30,-24,-55
29,-25,-58
27,-26,-54
25,-26,-50
24,-26,-49
25,-25,-47
27,-25,-47
29,-24,-44
28,-25,-45
27,-25,-45
30,-25,-44
30,-26,-43
28,-26,-46
33,-27,-46
33,-28,-46
33,-28,-44
33,-29,-44
32,-29,-56
34,-25,-52
35,-26,-42
32,-25,-42
33,-27,-47
30,-28,-47
33,-27,-44
32,-29,-45
32,-29,-45
30,-29,-45
31,-29,-45
31,-28,-46
30,-27,-48
32,-25,-51
32,-25,-51
31,-26,-55
31,-27,-54
29,-27,-50
27,-26,-47
26,-22,-39
29,-19,-32
34,-9,-31
29,-10,-33
32,-21,-58
30,-30,-69
27,-37,-49
28,-32,-47
36,-23,-47
35,-19,-53
38,-9,-63
37,-6,-63
30,3,-58
35,2,-58
37,1,-61
36,0,-58
33,-2,-54
31,-4,-48
29,-5,-50
28,-13,-54
25,-17,-50
19,-21,-35
20,-21,-39
39,-16,-42
41,-12,-41
44,-12,-44
40,-15,-39
36,-20,-25
34,-26,-37
37,-32,-52
39,-31,-43
43,-23,-31
41,-22,-31
44,-24,-43
48,-24,-46
40,-19,-42
36,-19,-35
38,-22,-34
39,-31,-39
36,-30,-36
39,-31,-22
46,-28,-29
51,-31,-34
55,-30,-31
50,-33,-37
43,-35,-42
43,-39,-23
42,-39,-20
44,-38,-17
44,-34,-18
34,-34,-17
49,-32,-19
60,-39,-42
63,-33,-15
53,-34,-1
50,-33,-8
42,-32,-11
54,-32,-2
50,-31,3
53,-34,1
44,-34,-1
56,-32,4
52,-33,5
46,-34,-3
54,-30,-7
60,-29,-4
62,-26,-2
62,-26,-4
54,-26,-3
61,-26,-4
60,-27,-10
63,-27,-19
69,-20,-14
79,-14,5
71,-14,7
49,-15,29
46,-14,43
45,-13,34
43,-16,35
31,-19,38
30,-22,34
23,-27,33
20,-31,40
21,-32,36
22,-41,34
40,-44,45
44,-47,50
39,-46,49
20,-43,43
31,-50,47
42,-45,47
44,-42,50
46,-41,41
46,-39,33
50,-33,17
50,-23,11
46,-15,2
38,-12,-3
35,-14,-17
47,-14,-28
50,5,-48
54,9,-45
58,14,-43
44,15,-49
48,10,-54
52,6,-41
47,-6,-32
56,2,-57
54,-2,-51
53,-9,-37
53,-8,-41
57,-11,-38
59,-13,-34
61,-15,-36
47,-20,-35
49,-20,-23
49,-19,-20
43,-19,-22
51,-12,-37
45,-10,-41
44,-9,-32
50,-10,-48
54,-12,-35
51,-7,-41
39,-13,-32
54,-13,-15
64,-14,-9
57,-12,-22
52,-8,-35
52,-7,-38
52,-6,-32
61,-4,-31
64,2,-28
77,-1,-21
61,-8,-20
55,-7,-23
54,1,-32
34,12,-51
43,5,-32
30,4,-12
49,2,-31
65,-1,-43
77,1,-64
63,6,-65
51,0,-38
53,-3,-37
38,2,-34
33,5,-28
55,6,-31
82,8,-37
79,10,-5
63,12,-2
55,14,7
37,19,23
8,31,28
52,5,89
49,-3,83
11,26,9
19,21,9
32,11,35
27,13,32
47,13,35
46,15,39
83,18,42
89,18,43
21,17,42
32,13,43
58,4,15
102,7,7
76,21,7
52,22,10
19,11,11
37,7,10
53,18,16
70,26,14
79,25,30
75,11,34
65,18,29
52,19,41
67,27,35
66,25,39
45,28,44
17,19,48
9,18,33
16,16,28
28,16,28
26,16,30
55,14,48
72,28,25
36,30,24
61,20,47
56,18,43
52,13,32
43,15,19
62,4,20
60,-2,36
57,3,19
55,5,25
67,11,30
54,11,30
55,17,31
43,20,48
38,11,63
26,5,78
41,15,58
21,14,52
14,12,55
10,13,47
16,11,46
45,12,56
38,14,48
38,19,38
34,13,42
42,12,46
55,13,51
36,11,39
56,14,33
43,14,11
69,7,-1
77,7,-4
75,6,9
62,10,5
61,14,8
56,9,14
74,13,37
49,-1,48
31,9,24
63,23,35
22,20,60
37,20,54
38,19,47
46,12,37
47,9,44
48,6,50
32,8,35
33,11,28
67,3,46
52,8,42
55,10,43
60,4,36
70,3,20
63,10,19
51,12,10
57,9,27
56,10,31
51,13,32
53,11,33
51,20,40
55,26,39
64,21,59
20,17,57
21,8,47
19,14,31
41,6,50
51,6,56
40,13,40
22,20,36
50,13,51
61,10,55
54,18,43
53,19,37
38,14,22
46,11,24
55,11,26
55,10,26
57,13,31
48,15,40
40,15,39
39,18,32
38,16,38
40,11,49
42,10,51
42,10,44
48,8,47
41,9,37
41,10,30
36,12,24
44,9,25
55,7,26
56,7,29
58,3,10
69,-1,6
74,-2,2
46,-3,-24
66,-7,-28
61,-4,-27
53,-5,-34
45,-7,-40
40,-10,-48
40,-11,-49
37,-11,-49
36,-10,-54
35,-9,-58
29,-10,-55
34,-11,-52
34,-9,-52
35,-8,-50
38,-8,-45
34,-11,-43
32,-16,-51
33,-16,-51
36,-12,-54
31,-11,-54
32,-8,-50
30,-7,-48
29,-9,-59
27,-10,-62
32,-9,-59
29,-8,-57
31,-4,-58
23,-2,-60
22,-1,-59
25,-1,-53
25,-1,-53
19,-3,-56
23,-5,-52
22,-9,-46
17,-13,-50
21,-16,-42
20,-17,-41
20,-22,-55
29,-24,-54
24,-23,-56
27,-24,-58
36,-24,-57
32,-24,-56
22,-23,-51
28,-22,-52
32,-21,-59
32,-18,-58
33,-17,-52
35,-15,-52
33,-11,-46
32,-9,-43
34,-8,-41
29,-8,-47
37,-7,-49
38,-10,-55
35,-10,-56
34,-16,-55
31,-18,-53
27,-18,-46
26,-18,-43
31,-19,-40
27,-17,-44
32,-9,-45
35,-7,-46
37,-5,-57
38,-5,-59
45,-5,-54
46,-4,-48
28,-10,-38
40,-12,-41
33,-17,-56
35,-17,-54
40,-15,-51
37,-14,-53
37,-13,-48
37,-12,-44
35,-13,-44
34,-14,-46
34,-13,-43
32,-14,-40
34,-14,-43
37,-18,-45
38,-19,-44
34,-21,-47
34,-21,-48
31,-20,-47
34,-19,-44
37,-18,-46
37,-18,-49
38,-17,-50
39,-17,-48
37,-16,-47
37,-17,-47
36,-16,-47
35,-16,-47
35,-17,-46
34,-19,-46
32,-20,-45
34,-21,-46
35,-21,-45
39,-20,-40
40,-20,-39
36,-19,-44
34,-17,-49
35,-13,-54
33,-13,-50
35,-15,-48
33,-14,-50
38,-17,-50
39,-18,-46
48,-16,-35
51,-18,-29
55,-25,-29
46,-29,-31
59,-23,-30
62,-21,-32
54,-11,-34
58,-7,-36
58,-1,-30
58,1,-24
60,3,-21
45,1,-14
51,3,-14
55,2,-18
56,0,-16
62,-1,-10
46,-3,-3
50,-12,-6
58,-11,-21
50,-8,-30
48,-6,-31
42,-13,-50
39,-13,-44
39,-14,-41
35,-16,-50
32,-23,-52
31,-26,-49
29,-27,-54
30,-27,-57
28,-29,-60
28,-27,-57
27,-25,-58
25,-25,-54
24,-24,-50
29,-21,-42
32,-18,-40
34,-13,-41
36,-10,-43
38,-1,-51
40,-3,-45
34,-5,-41
44,-6,-39
46,-10,-24
57,-15,-23
68,-19,-35
55,-20,-34
58,-20,-16
49,-16,-22
54,-11,-8
50,-7,-12
56,-5,-22
57,-6,-17
53,-11,-18
49,-14,-14
43,-19,-25
44,-24,-35
41,-25,-36
47,-27,-44
52,-28,-47
46,-30,-43
46,-29,-39
44,-30,-38
38,-29,-33
38,-30,-25
43,-31,-32
41,-33,-36
41,-32,-35
43,-30,-45
41,-29,-47
38,-28,-41
36,-27,-46
31,-28,-42
32,-27,-37
37,-31,-39
34,-37,-42
36,-37,-35
40,-38,-37
42,-37,-40
44,-37,-36
42,-36,-31
44,-33,-23
45,-30,-23
51,-27,-23
50,-26,-22
55,-23,-15
58,-24,-17
59,-22,-16
61,-21,-15
52,-19,-6
48,-17,-1
50,-15,6
60,-12,12
55,-11,15
55,-13,14
48,-16,18
56,-19,26
60,-19,29
51,-20,31
52,-22,45
42,-24,46
30,-26,50
19,-24,51
17,-24,51
14,-24,48
17,-27,49
24,-36,50
26,-40,50
26,-36,47
26,-32,47
26,-26,52
27,-25,53
32,-28,52
33,-28,50
34,-25,53
34,-22,55
36,-16,55
37,-14,53
35,-13,53
34,-14,54
31,-13,52
28,-13,53
25,-16,55
22,-18,56
17,-17,55
16,-15,56
15,-15,57
13,-18,57
14,-21,56
17,-29,52
20,-31,52
21,-31,51
21,-29,52
22,-25,53
20,-23,51
25,-23,54
25,-21,53
29,-18,52
31,-17,53
31,-14,53
31,-14,52
35,-13,53
36,-14,52
37,-14,51
38,-13,51
37,-15,52
36,-16,51
33,-17,49
31,-16,46
32,-14,45
34,-13,43
34,-13,43
36,-13,44
37,-13,45
39,-14,47
42,-15,49
44,-17,51
43,-17,52
43,-17,53
43,-16,51
40,-14,50
39,-13,50
45,-7,48
51,-5,48
59,-5,52
66,-3,54
61,-5,52
55,-4,55
51,0,53
50,3,51
49,8,47
39,13,42
34,14,38
31,13,32
29,12,32
28,10,38
21,10,35
23,4,36
30,5,39
35,-9,43
41,-22,47
47,-26,50
47,-32,54
44,-28,52
27,-39,38
37,-50,49
30,-42,20
88,-46,87
-63,-4,-29
2,-58,57
-13,-13,61
25,-64,63
44,-50,35
21,-45,47
5,-48,52
9,-58,66
8,-35,61
32,-29,67
8,-40,51
16,-39,36
-3,-40,47
7,-44,51
1,-44,38
3,-44,40
22,-39,53
34,-43,49
42,-36,39
37,-34,40
37,-28,31
49,-17,35
72,-17,39
62,-14,32
43,-11,28
40,-9,24
52,-4,20
54,-4,24
50,2,26
52,-1,34
52,-4,36
48,-6,33
51,-8,35
48,-6,37
53,-6,42
65,-8,35
65,-3,34
59,0,30
49,3,28
43,0,20
48,-7,31
82,-3,14
75,-6,3
51,-15,21
49,-20,22
32,-25,34
31,-27,35
17,-30,40
30,-35,59
26,-28,54
21,-32,54
13,-24,58
19,-30,60
18,-28,57
27,-27,67
24,-34,69
31,-28,68
27,-26,67
9,-24,52
10,-24,50
14,-22,59
5,-27,56
-2,-26,43
31,-31,69
18,-31,52
-7,-33,47
1,-33,52
0,-32,53
-3,-31,55
-5,-31,54
8,-30,68
14,-29,60
0,-30,53
-4,-28,49
-8,-30,57
-5,-27,57
-1,-24,62
-9,-22,57
-5,-22,60
19,-13,59
29,-9,48
44,-3,41
44,-3,36
66,-5,32
54,-10,26
40,-19,26
35,-26,19
51,-33,30
48,-36,26
48,-40,28
46,-41,31
43,-44,32
40,-46,32
35,-50,34
45,-48,47
45,-48,43
38,-45,36
49,-49,25
52,-49,27
57,-52,31
47,-42,28
60,-37,28
57,-40,22
58,-29,31
45,-22,27
43,-20,28
51,-11,24
55,-10,28
40,-10,26
44,-6,30
39,2,33
44,3,26
51,17,25
40,20,28
37,21,36
43,20,34
47,18,36
49,18,40
39,15,45
33,15,44
43,7,51
42,5,50
37,-5,55
50,-9,58
38,-11,58
35,-20,53
37,-21,55
33,-31,57
28,-29,53
23,-28,58
25,-31,60
28,-29,49
25,-27,45
24,-30,53
20,-32,49
20,-46,64
22,-51,67
14,-66,52
16,-69,50
47,-58,49
44,-45,47
35,-21,48
36,-9,48
38,9,55
48,20,58
42,25,54
28,31,38
15,32,35
7,26,29
-13,27,17
-3,3,61
20,-17,74
41,-53,45
6,-65,48
37,-46,65
41,-21,47
59,11,29
75,27,24
66,33,5
57,37,-1
61,39,11
64,34,24
68,23,40
65,17,36
63,12,23
60,12,20
44,13,22
40,13,22
35,11,17
46,8,10
54,8,8
76,6,4
77,7,-1
82,3,-6
85,2,-6
97,-5,-5
97,-9,-5
79,-12,0
72,-10,6
59,-11,16
54,-16,19
51,-26,27
47,-29,28
32,-28,28
25,-25,28
17,-17,30
20,-14,30
29,-9,32
41,-9,38
41,-10,39
32,-13,37
31,-15,39
25,-16,37
28,-18,40
39,-29,44
35,-27,39
37,-29,34
35,-27,34
41,-33,33
47,-37,31
51,-44,35
56,-46,36
63,-43,31
64,-39,28
64,-33,18
65,-31,15
66,-30,11
68,-33,10
69,-38,8
66,-39,7
65,-37,15
64,-34,14
60,-38,3
60,-44,-2
65,-43,-8
53,-30,-20
51,-27,-20
58,-30,-13
59,-28,-12
57,-23,-11
54,-21,-7
43,-15,0
37,-11,4
44,-4,12
48,-4,14
53,-4,16
57,-7,18
63,-12,22
63,-14,26
61,-12,27
60,-10,27
67,-6,18
71,-4,14
68,-3,7
69,-2,5
72,-14,-2
67,-14,-4
62,-14,8
56,-14,12
56,-10,14
51,4,20
56,12,17
61,16,6
70,15,14
70,0,-6
76,-15,-15
87,-60,-44
73,-120,57
65,-31,33
7,-6,-24
76,22,36
66,9,21
75,-19,20
75,-12,11
43,-18,-3
33,-17,-1
101,-37,51
59,-14,-14
62,-18,-12
64,-21,4
57,-23,9
39,0,-11
64,4,37
32,7,-10
67,10,20
31,-5,5
27,-11,-7
70,-15,-39
58,-10,-70
96,-22,29
84,-3,24
35,-11,-48
43,-26,-35
53,-23,-53
48,-24,-48
21,-23,-60
17,-23,-57
12,-20,-38
12,-14,-49
14,-11,-79
15,-15,-69
15,-26,-66
13,-29,-63
22,-20,-52
31,-18,-31
42,-12,-14
38,-28,-62
29,-23,-86
20,-34,-89
-1,-41,-94
-5,-16,-90
15,-7,-75
23,12,-61
127,-22,75
-10,5,-44
91,-5,-20
75,40,-77
9,23,-65
-28,1,2
68,4,30
70,5,39
59,3,49
65,-5,37
50,-9,57
30,-5,50
38,-3,34
49,-1,42
37,7,44
35,6,54
43,8,53
41,6,59
39,10,52
45,9,58
33,14,61
28,16,74
-2,38,66
30,62,29
12,77,-65
-19,74,-91
6,22,-96
32,-4,-77
102,74,-67
38,2,0
53,-29,-48
76,-40,-16
71,14,-16
63,9,-8
64,36,8
59,8,28
58,14,34
58,-6,34
39,-12,32
42,-9,43
29,-8,38
31,-18,46
24,-17,39
8,-14,47
18,-21,71
4,-14,65
18,-3,65
37,25,26
47,16,-10
74,5,-60
78,3,-64
127,-10,60
7,-6,-42
73,0,-25
52,-11,-3
32,-9,-10
43,-10,-9
54,-7,-12
54,-7,-13
44,-8,-23
74,-2,-25
79,0,-28
84,-2,-24
63,-6,-20
53,-13,-61
55,-14,-41
55,-13,-26
52,-7,-23
58,-11,-15
71,-8,0
55,-10,-7
38,-13,-24
66,-9,-27
63,-4,-1
57,-1,0
62,4,1
59,5,1
56,5,-17
62,7,-40
69,7,-41
66,-3,-37
61,-37,14
65,-26,123
49,-30,-31
78,-5,-35
40,1,-35
54,7,-16
63,4,14
69,1,23
57,-1,13
73,-6,22
82,-19,24
68,-31,19
37,-26,32
37,-19,28
30,-5,41
41,-5,46
49,-3,47
49,-4,48
28,0,49
22,3,48
24,3,52
30,1,56
36,-2,63
15,-2,58
18,-5,59
23,-11,64
20,-13,65
7,-15,65
0,-10,65
0,-3,64
5,0,63
9,0,63
12,-4,67
9,-13,71
2,-16,67
-6,-16,60
-2,-16,59
2,-12,58
0,-10,59
-2,-9,60
-3,-11,59
-4,-11,57
0,-10,58
2,-3,60
1,-3,61
2,-2,64
-3,0,62
0,-3,63
8,-6,66
6,-1,66
4,-3,62
5,-4,61
12,-5,59
12,-2,60
14,8,77
14,21,85
10,11,61
8,4,66
19,7,61
22,1,61
9,8,77
6,21,127
50,2,66
-9,-35,19
-1,9,56
4,9,59
13,6,64
8,3,60
4,1,56
4,-1,54
4,-2,51
4,-3,43
6,-2,38
30,1,48
49,4,60
40,14,71
23,13,70
0,-1,65
-1,-4,62
17,-19,69
16,-22,72
2,-29,76
2,-29,77
7,-29,73
5,-29,67
4,-27,62
4,-29,63
-13,-39,34
33,-19,63
19,-30,70
21,-30,69
37,-40,60
25,-37,53
15,-33,45
21,-37,43
22,-39,44
14,-45,47
9,-44,46
-2,-33,38
-2,-38,35
5,-36,37
10,-36,40
13,-32,49
17,-33,57
38,-54,84
25,-62,76
15,-30,46
18,-14,37
20,10,30
22,15,31
17,16,33
27,16,40
45,3,56
45,-4,59
38,-23,66
29,-47,85
70,-54,86
56,-29,71
46,-22,65
35,-17,50
38,-15,44
43,-15,39
42,-17,38
31,-19,31
28,-19,28
36,-22,31
38,-26,34
35,-29,34
28,-27,32
20,-22,34
21,-22,35
20,-26,35
18,-29,37
8,-32,26
9,-35,22
45,-54,39
53,-62,42
53,-84,35
37,-70,26
40,-67,23
49,-63,23
56,-62,22
48,-61,7
39,-58,0
28,-52,-2
26,-51,-2
33,-53,-3
43,-52,-5
58,-52,5
50,-51,10
36,-42,15
37,-41,19
37,-45,18
43,-51,25
17,-60,0
25,-64,-7
34,-70,-4
29,-72,-2
33,-81,9
23,-70,-6
22,-52,-12
17,-50,-8
21,-52,-4
27,-56,-2
21,-59,-2
27,-59,-9
31,-57,-10
36,-52,-10
36,-50,-11
35,-47,-11
34,-47,-9
32,-49,-5
31,-49,-7
30,-50,-9
29,-51,-9
30,-52,-6
27,-51,-5
27,-58,-5
29,-67,-2
38,-71,-3
41,-66,-2
37,-58,6
25,-58,5
21,-55,4
5,-61,10
4,-65,15
13,-62,30
24,-60,31
28,-57,17
26,-56,10
19,-57,-2
16,-60,-4
20,-63,-4
13,-65,-5
21,-69,0
20,-68,-1
20,-62,-1
18,-59,-1
16,-62,-4
17,-64,-4
19,-57,-2
21,-53,0
25,-49,9
27,-48,11
15,-45,-2
22,-51,-1
16,-54,-4
13,-63,4
26,-67,15
52,-65,22
57,-55,12
45,-58,5
44,-58,7
33,-56,-2
28,-57,-7
18,-57,-9
18,-56,-7
20,-56,-4
18,-56,-5
25,-59,-2
24,-59,-3
23,-61,-4
25,-60,-2
28,-59,2
27,-58,4
24,-59,6
22,-60,5
19,-62,4
18,-62,3
19,-63,2
18,-62,1
17,-62,1
18,-61,2
17,-61,1
17,-61,1
17,-62,1
19,-61,1
20,-61,1
23,-60,4
20,-59,5
17,-60,3
16,-60,2
18,-58,2
19,-57,3
19,-59,1
19,-60,1
19,-61,1
21,-59,1
25,-56,4
25,-57,6
25,-58,5
23,-58,4
23,-58,3
22,-60,3
21,-60,1
21,-60,2
21,-60,2
22,-60,2
22,-60,3
24,-59,5
25,-58,8
23,-58,8
24,-58,8
22,-59,6
21,-60,5
20,-60,4
20,-60,4
19,-60,3
19,-60,3
20,-59,3
20,-58,3
22,-57,2
23,-56,4
23,-58,5
24,-59,6
25,-58,6
23,-59,6
22,-58,7
26,-59,7
18,-58,2
23,-57,-3
18,-58,-3
14,-57,3
15,-56,0
29,-60,7
29,-61,3
30,-59,2
28,-59,4
24,-57,1
24,-56,0
26,-55,-4
27,-55,-4
25,-59,-3
23,-59,-1
17,-60,2
14,-62,1
18,-63,6
21,-62,8
20,-60,7
21,-60,4
21,-59,1
23,-58,4
24,-57,1
23,-59,1
23,-59,1
21,-59,1
20,-59,0
19,-60,0
19,-60,1
20,-61,2
20,-61,2
22,-61,5
23,-61,5
22,-60,5
23,-59,5
21,-58,2
19,-58,1
17,-58,0
16,-59,-1
19,-60,0
20,-60,1
21,-60,2
22,-59,3
23,-59,4
25,-57,5
25,-57,4
25,-57,4
25,-58,3
24,-59,2
24,-60,1
24,-60,0
22,-60,0
20,-59,1
20,-59,2
21,-59,4
22,-58,4
23,-57,3
23,-58,2
23,-59,1
22,-59,1
23,-59,2
22,-60,4
20,-60,4
20,-59,3
19,-59,3
21,-59,3
21,-57,2
21,-57,2
21,-57,3
22,-59,3
23,-60,3
25,-59,3
26,-59,3
26,-59,3
25,-58,2
25,-59,2
24,-58,2
24,-58,2
24,-56,3
23,-58,3
23,-59,2
21,-61,2
21,-61,2
23,-60,4
24,-60,5
26,-60,5
26,-60,6
26,-57,5
25,-57,5
25,-56,6
23,-57,4
23,-58,3
22,-57,1
23,-57,3
24,-58,5
24,-60,6
22,-60,7
20,-60,8
18,-61,8
16,-60,7
15,-60,7
15,-59,6
18,-58,7
19,-58,9
21,-62,11
20,-61,10
22,-57,10
24,-57,11
24,-61,12
25,-60,11
23,-59,11
14,-58,15
19,-57,18
21,-56,18
21,-55,18
19,-54,18
23,-52,22
24,-40,33
10,-30,12
30,-39,-37
103,-34,-22
85,-46,1
64,-55,-9
40,-56,-18
32,-55,-12
15,-57,1
10,-52,-9
40,-50,-6
32,-51,-1
6,-49,6
9,-53,8
37,-96,76
19,-106,84
1,-69,9
-11,-69,-1
11,-71,1
29,-56,-9
35,-53,-7
24,-55,-4
24,-58,-3
27,-67,-3
24,-66,-6
20,-64,-9
20,-64,-8
20,-64,-7
20,-63,-7
19,-62,-8
19,-63,-8
20,-67,-8
20,-68,-9
21,-69,-8
22,-69,-7
23,-79,-7
23,-83,-7
22,-84,-5
22,-81,-5
19,-57,-1
21,-46,5
21,-43,6
20,-41,8
19,-42,13
-5,-44,12
-10,-51,11
0,-57,16
6,-59,18
10,-64,17
9,-62,18
3,-59,20
0,-59,21
-3,-59,17
-2,-57,15
5,-58,13
6,-60,13
5,-58,10
5,-58,10
11,-57,13
12,-56,12
15,-54,11
16,-52,11
23,-51,15
22,-50,14
26,-54,15
24,-63,14
28,-69,17
23,-77,8
25,-76,9
18,-64,5
16,-70,-2
20,-65,-1
15,-63,-6
31,-63,-7
18,-61,-15
43,-63,-5
47,-61,-4
50,-53,-2
56,-53,3
48,-51,10
49,-50,14
44,-46,16
42,-44,9
39,-35,3
38,-33,2
39,-35,1
38,-37,4
33,-38,7
40,-43,22
46,-53,30
42,-72,44
48,-56,61
64,-40,38
89,-27,28
46,-30,12
43,-36,27
32,-39,37
14,-37,28
20,-30,18
42,-41,36
48,-44,36
51,-40,23
36,-41,39
22,-41,38
31,-34,40
29,-26,46
34,-34,44
28,-37,48
17,-39,38
35,-41,37
36,-39,39
30,-47,35
29,-49,32
37,-42,37
35,-35,40
-10,-19,11
47,-16,33
24,-49,0
21,-56,4
40,-57,23
31,-62,23
41,-66,43
41,-58,37
35,-52,24
34,-49,22
29,-46,23
30,-46,21
32,-45,20
31,-40,21
34,-45,21
29,-44,18
42,-43,18
37,-47,15
54,-48,44
48,-47,21
51,-43,23
36,-51,14
40,-48,17
41,-45,23
43,-42,30
38,-40,42
40,-39,38
46,-37,33
40,-40,30
51,-42,27
57,-41,30
32,-38,23
32,-44,19
43,-43,25
36,-41,22
41,-44,27
29,-39,34
19,-39,30
39,-37,34
10,-44,23
23,-47,35
29,-44,43
36,-45,48
36,-52,37
45,-49,38
52,-45,40
63,-42,36
37,-43,22
24,-35,3
45,-37,8
32,-39,13
25,-36,14
34,-37,20
44,-41,27
36,-40,22
31,-39,27
30,-31,34
39,-25,22
50,-34,25
18,-39,36
11,-43,53
25,-44,63
32,-40,47
46,-43,32
46,-40,25
57,-25,54
52,-35,42
67,-41,58
53,-37,44
45,-36,34
39,-34,27
21,-32,16
21,-28,11
58,-26,12
60,-23,7
54,-21,6
73,-17,7
61,-11,6
79,-10,17
66,14,19
63,22,50
64,20,46
47,19,35
32,13,15
32,10,17
52,-5,32
39,-6,22
47,-8,27
62,-15,48
78,-32,69
43,-20,43
37,-16,29
50,-15,30
44,-16,37
37,-13,42
27,-7,41
28,1,36
34,-3,33
38,-19,34
45,-17,40
44,-14,28
48,-19,31
43,-18,39
42,-19,40
41,-20,38
35,-17,40
32,-14,46
28,-14,28
101,-47,69
48,-52,57
30,-40,32
12,-35,19
16,-42,28
27,-43,32
27,-40,36
33,-38,34
31,-37,34
31,-41,28
26,-46,33
29,-46,36
24,-42,28
40,-49,29
64,-57,44
54,-63,60
25,-54,35
18,-44,15
27,-44,18
29,-48,18
33,-49,20
41,-49,27
39,-50,32
38,-42,38
34,-35,37
35,-35,33
42,-29,40
36,-30,39
40,-36,39
43,-36,41
40,-34,35
40,-33,37
32,-30,39
40,-29,37
36,-33,38
28,-32,41
35,-31,56
24,-29,58
20,-26,49
17,-26,48
11,-24,49
13,-24,49
16,-26,49
14,-26,50
13,-29,56
8,-28,56
3,-28,53
14,-26,50
47,-2,44
34,-20,47
38,-26,49
51,-21,56
37,-23,49
31,-20,49
38,-22,51
31,-24,47
29,-21,47
29,-23,46
34,-23,48
33,-23,48
38,-24,51
35,-22,51
34,-22,50
35,-22,49
33,-22,48
32,-24,48
33,-24,49
32,-23,47
33,-24,47
33,-25,49
32,-24,47
32,-23,47
33,-25,48
34,-24,48
33,-25,47
35,-25,45
26,-25,42
26,-25,42
33,-27,41
37,-29,42
45,-30,50
43,-31,51
40,-29,45
39,-29,42
38,-30,42
37,-31,42
37,-31,42
36,-32,41
38,-31,42
38,-31,42
34,-31,41
36,-32,42
33,-31,40
32,-31,39
36,-30,43
40,-33,45
39,-32,48
62,-29,46
53,-23,41
32,-24,30
38,-26,30
31,-40,29
57,-26,40
46,-25,31
41,-23,34
40,-23,37
41,-26,39
40,-27,42
38,-26,39
38,-26,39
39,-27,37
36,-27,36
38,-27,35
42,-29,32
39,-26,32
38,-25,28
47,-22,29
41,-29,25
39,-26,18
46,-29,17
91,-51,39
55,-35,31
41,-39,25
56,-42,35
26,-40,29
25,-38,32
29,-37,35
32,-39,39
39,-34,42
43,-32,42
101,-13,32
71,-24,34
45,-20,50
45,-11,40
38,-17,33
42,-20,37
41,-24,46
39,-21,42
43,-15,39
30,-10,24
31,-7,25
40,-7,39
36,-8,39
45,-6,30
53,-7,31
54,-8,38
58,-8,41
62,-3,39
58,-1,35
48,4,30
52,5,31
51,2,28
51,0,27
64,-7,31
59,-11,29
58,-12,22
59,-13,24
37,-14,23
44,-23,29
82,-35,51
77,-23,47
56,-16,36
57,-16,37
55,-24,41
40,-21,28
36,-19,23
40,-23,27
37,-27,31
46,-33,40
50,-37,42
40,-36,36
38,-35,33
38,-41,36
38,-43,38
34,-45,34
32,-43,30
33,-42,28
36,-43,30
38,-41,30
38,-40,29
38,-37,34
36,-36,36
31,-34,40
27,-32,37
31,-29,37
33,-26,43
33,-23,42
41,-21,40
42,-23,41
43,-27,40
43,-29,37
47,-31,32
40,-24,24
55,-18,25
59,-18,28
65,-24,20
58,-21,11
67,-16,9
67,-15,10
66,-15,5
63,-15,-1
65,-14,2
64,-13,6
57,-13,4
64,-16,4
68,-22,9
59,-22,3
56,-22,-9
56,-22,-5
60,-21,0
54,-20,-3
52,-21,1
51,-16,0
58,-13,9
57,-20,27
63,-25,31
49,-32,24
46,-42,23
53,-37,32
50,-36,30
48,-38,39
48,-34,38
30,-31,24
31,-25,22
25,-32,30
31,-31,39
39,-29,46
48,-32,52
32,-30,54
29,-26,46
26,-25,30
23,-30,38
29,-37,45
49,-29,40
45,-28,35
51,-24,41
64,-22,44
48,-17,50
51,-18,49
57,-16,36
50,-17,35
42,-28,40
36,-31,37
32,-37,34
33,-37,35
40,-38,33
40,-40,33
35,-42,31
39,-43,29
44,-36,23
45,-32,21
42,-27,17
45,-24,18
52,-21,23
62,-25,28
62,-25,29
53,-25,28
50,-25,25
63,-30,29
71,-32,31
58,-30,22
48,-29,19
46,-32,19
46,-33,20
51,-33,23
59,-33,25
62,-34,27
58,-35,27
50,-35,29
51,-34,32
52,-31,32
48,-28,30
48,-22,32
47,-19,32
46,-16,32
47,-12,32
44,-7,42
36,-4,43
44,-1,44
45,0,38
43,0,37
61,-3,44
69,-6,49
40,-10,41
35,-13,39
20,-25,38
41,-25,52
53,-18,69
27,-15,65
10,-9,72
22,-5,68
22,-10,59
29,-9,61
33,-18,57
25,-19,56
21,-15,57
23,-14,60
-1,-17,60
3,-13,50
6,-14,49
7,-17,61
11,-13,56
23,-8,49
29,-7,50
20,-6,55
30,4,58
39,2,67
37,1,64
35,3,59
24,4,56
37,4,69
55,15,68
13,7,53
20,8,48
17,5,52
3,9,56
18,9,65
19,11,62
21,10,57
19,14,54
7,15,54
19,16,65
22,16,63
23,16,54
18,16,50
24,-7,48
33,28,59
23,11,47
29,-2,45
30,14,45
41,21,43
47,26,37
46,24,40
53,24,49
49,22,45
46,18,40
48,21,40
51,23,48
58,24,48
42,19,42
39,24,46
47,22,52
47,21,48
31,17,43
29,13,43
34,13,46
39,13,52
32,15,53
32,10,55
37,11,55
33,11,55
31,11,57
34,8,51
28,10,46
37,8,49
54,13,53
35,14,48
34,10,49
35,8,43
43,11,44
40,7,41
42,14,70
40,11,49
53,8,48
36,7,51
50,8,52
48,6,51
44,5,53
44,12,40
39,16,53
43,3,48
32,5,39
31,2,41
27,1,40
26,0,37
23,3,28
29,2,32
4,7,15
9,11,13
18,3,17
29,-4,18
76,-27,18
127,-22,52
103,-27,68
117,-40,93
72,-46,47
48,-32,14
45,-27,35
36,-27,39
22,-13,25
24,-13,24
73,-10,40
75,-17,48
26,-31,36
41,-5,27
30,0,23
35,-4,27
20,-1,16
41,-9,29
36,-11,23
16,-6,29
46,-12,27
46,-14,32
30,-24,19
81,-31,14
127,-55,49
93,-65,55
61,-58,27
46,-48,3
34,-52,0
53,-38,22
63,-42,9
58,-47,27
41,-38,17
45,-32,19
52,-27,19
54,-29,17
54,-27,7
55,-28,12
51,-30,7
52,-28,8
55,-26,11
49,-29,10
58,-24,4
55,-24,11
52,-25,13
54,-24,12
49,-26,12
53,-26,14
56,-29,21
54,-35,18
72,-29,18
37,-60,16
69,-34,49
45,-31,46
35,-24,40
26,-19,37
21,-19,35
24,-24,30
25,-27,26
29,-27,20
39,-27,21
32,-25,25
42,-25,30
50,-27,34
46,-21,31
76,-8,9
82,-4,13
71,-49,28
88,-42,30
78,-57,48
76,-62,38
57,-52,18
62,-46,17
53,-38,7
61,-38,17
53,-51,19
37,-54,7
43,-36,8
38,-38,11
44,-32,11
50,-33,16
46,-34,14
54,-31,18
53,-29,17
59,-23,18
59,-26,26
47,-22,14
55,-24,14
45,-27,16
38,-26,14
40,-30,19
45,-30,22
34,-31,26
47,-38,22
56,-47,16
60,-49,25
70,-44,14
64,-39,21
36,-24,37
28,-17,43
27,-15,39
40,-18,30
15,-21,28
35,-25,21
39,-26,22
31,-25,22
41,-25,24
34,-22,16
39,-16,1
120,-44,59
52,-77,63
109,-64,24
67,-67,39
61,-21,7
47,-17,-3
50,-34,-5
54,-41,3
67,-54,13
58,-53,13
47,-37,-2
41,-38,-1
28,-35,-8
34,-37,-6
46,-39,3
47,-40,1
46,-32,0
54,-34,-2
52,-35,-3
55,-33,5
56,-32,5
55,-37,8
54,-43,10
45,-48,9
34,-47,9
24,-41,14
20,-43,14
28,-63,30
31,-76,26
50,-73,39
43,-61,41
25,-44,32
25,-42,40
22,-26,34
21,-22,33
11,-13,44
14,-14,40
34,-12,4
15,-18,7
40,-39,4
63,-47,38
42,-39,26
35,-51,-2
34,-59,14
39,-61,14
41,-62,13
27,-61,12
46,-61,15
28,-91,22
27,-68,25
41,-65,5
30,-64,2
33,-67,7
43,-66,8
42,-55,9
40,-51,5
42,-43,2
37,-40,-1
42,-41,-1
40,-39,-5
44,-42,-7
46,-44,-5
38,-43,-3
44,-49,9
36,-58,16
34,-63,10
48,-66,9
50,-57,12
41,-51,10
41,-34,14
39,-33,18
33,-32,15
31,-31,13
31,-24,18
28,-24,21
24,-29,15
40,-32,12
47,-35,18
42,-34,14
50,-39,9
48,-41,11
32,-46,4
44,-51,3
29,-58,1
36,-62,9
55,-73,-5
36,-99,0
44,-51,17
43,-44,-9
41,-46,-10
48,-56,-6
46,-56,-10
38,-57,-2
26,-52,-11
36,-53,-16
33,-55,-10
32,-48,-16
36,-48,-16
33,-47,-11
36,-45,-8
43,-46,-5
43,-46,-7
46,-44,-7
52,-45,-3
52,-46,2
55,-42,11
62,-45,4
62,-37,-6
70,-33,-4
52,-27,-6
45,-28,-7
41,-32,16
26,-34,16
26,-33,10
33,-31,18
15,-33,26
-1,-35,13
34,-40,30
39,-49,39
28,-48,31
27,-40,33
16,-33,24
19,-37,22
22,-56,32
25,-59,31
56,-61,26
55,-70,36
25,-60,36
24,-52,28
31,-49,12
38,-47,10
53,-60,31
41,-49,30
39,-49,32
49,-57,39
44,-60,40
65,-70,27
61,-72,23
57,-69,19
61,-58,12
61,-33,-4
70,-34,-4
56,-30,30
40,-23,43
32,-13,18
24,-15,16
12,-16,30
-2,-13,24
7,-10,28
7,-10,35
20,-15,39
32,-31,47
23,-46,31
19,-48,27
89,-65,67
67,-64,64
43,-44,35
20,-52,1
22,-50,4
23,-52,26
52,-49,43
27,-38,46
41,-35,43
35,-41,40
29,-48,33
33,-51,32
19,-52,33
12,-44,39
14,-44,47
18,-48,46
24,-52,46
62,-61,46
37,-58,33
58,-66,32
34,-78,32
42,-83,37
55,-64,36
58,-48,16
58,-42,14
59,-33,19
39,-22,17
30,-18,20
29,-14,26
26,-9,25
20,-11,26
16,-10,28
28,-14,29
28,-15,29
25,-22,38
20,-23,35
33,-31,31
42,-32,34
32,-39,30
27,-39,27
59,-69,37
53,-79,53
31,-65,42
28,-53,27
0,-56,9
-5,-52,10
6,-54,31
9,-58,33
21,-61,37
23,-62,31
18,-62,25
19,-71,31
14,-72,38
26,-70,30
33,-74,32
37,-79,31
44,-75,24
40,-75,10
48,-74,13
61,-60,5
50,-52,15
47,-28,4
50,-21,5
27,-15,22
24,-8,18
39,-9,12
29,-10,17
26,-10,21
27,-15,28
23,-15,34
27,-23,32
34,-31,35
34,-34,35
39,-36,33
28,-37,23
18,-41,22
63,-57,54
64,-62,62
35,-54,26
36,-55,23
33,-51,21
-7,-51,9
0,-67,14
21,-74,24
8,-75,22
-11,-71,4
40,-82,32
39,-82,34
46,-76,21
49,-68,21
46,-53,21
46,-47,21
40,-34,29
46,-29,31
38,-20,33
37,-26,36
35,-25,31
32,-27,36
34,-30,32
31,-28,29
31,-27,36
8,-19,27
9,-14,29
23,-17,43
22,-18,46
33,-18,23
41,-19,20
16,-24,8
39,-34,15
79,-49,37
73,-48,54
56,-47,44
58,-35,36
51,-38,29
41,-43,22
39,-50,23
35,-55,18
28,-59,14
34,-66,51
41,-73,37
52,-80,14
50,-75,12
55,-70,8
56,-65,13
39,-50,20
40,-41,18
48,-29,5
43,-21,11
22,-6,25
16,-1,23
22,-5,46
18,-4,43
27,-15,23
28,-20,35
18,-25,35
23,-19,33
24,-26,42
29,-27,38
30,-27,29
31,-36,38
37,-39,47
86,-43,58
57,-50,67
65,-52,62
53,-39,53
28,-27,29
31,-27,24
34,-32,27
42,-34,37
48,-29,33
45,-28,31
30,-32,29
41,-35,29
45,-66,40
26,-78,32
57,-62,58
71,-47,59
49,-30,33
46,-23,29
49,-10,29
49,-10,24
35,-6,10
38,-9,5
34,-20,41
15,-9,42
21,-8,34
12,-17,35
15,-23,35
19,-34,25
23,-31,21
19,-45,29
38,-48,43
49,-73,72
25,-61,48
18,-43,18
8,-47,14
18,-45,16
20,-44,22
16,-51,33
16,-56,36
9,-68,35
3,-71,31
3,-80,29
16,-87,35
41,-89,38
51,-82,25
51,-76,20
30,-50,7
31,-41,12
30,-28,25
17,-22,25
17,-19,47
13,-23,43
6,-20,41
5,-18,44
10,-12,47
15,-11,44
25,-18,38
25,-24,30
37,-33,26
40,-38,33
39,-35,12
56,-43,37
49,-47,32
52,-44,23
39,-51,19
36,-67,32
62,-82,17
44,-98,47
43,-58,7
39,-47,-14
42,-46,-6
42,-52,25
32,-48,25
39,-32,18
33,-33,10
40,-36,1
57,-38,5
51,-36,23
44,-32,23
44,-43,32
58,-52,29
65,-46,9
45,-59,8
40,-50,27
41,-47,35
30,-43,24
58,-52,29
65,-46,9
45,-59,8
40,-50,27
41,-47,35
30,-43,24
28,-37,20
20,-35,18
18,-34,15
32,-42,18
35,-42,20
27,-52,22
53,-60,21
57,-57,18
53,-45,9
44,-40,5
37,-35,12
41,-32,20
46,-31,23
37,-31,19
37,-40,26
39,-39,29
25,-40,13
34,-42,24
11,-36,21
6,-34,20
27,-54,35
35,-45,31
69,-53,17
69,-53,26
77,-46,14
70,-45,2
43,-52,4
61,-56,0
55,-56,-2
59,-59,7
54,-59,6
48,-56,18
44,-51,13
43,-35,-9
38,-33,-11
41,-32,-15
43,-31,-19
49,-39,-6
48,-40,-9
48,-40,-8
46,-40,-6
48,-38,-8
50,-39,-7
48,-43,14
42,-40,-1
39,-34,8
42,-34,5
41,-35,5
51,-42,2
68,-58,8
57,-55,6
55,-40,19
61,-37,15
61,-37,25
30,-34,15
25,-27,7
48,-15,14
53,-12,17
55,-13,13
65,-13,12
51,-13,14
52,-12,17
57,-10,20
45,-12,22
60,-7,30
59,-8,32
54,-11,33
62,-8,24
45,-7,25
46,-6,32
60,-12,42
51,-14,38
31,-12,10
41,-28,26
30,-32,28
38,-34,27
35,-36,23
34,-37,16
71,-55,17
50,-29,52
71,-38,52
29,-34,24
34,-31,23
34,-39,17
33,-39,13
54,-44,30
35,-41,23
43,-52,6
41,-59,15
15,-50,4
34,-49,-2
67,-58,11
55,-57,7
56,-50,12
58,-47,12
55,-47,3
59,-44,5
53,-42,5
50,-41,7
46,-39,7
43,-37,9
31,-38,10
39,-37,28
41,-34,24
55,-31,19
64,-39,20
48,-60,10
35,-60,13
46,-52,32
43,-50,27
37,-41,23
33,-39,20
36,-38,14
39,-37,12
56,-32,6
58,-28,2
100,-18,-15
31,5,-35
30,-9,26
46,2,43
53,-7,69
45,-17,37
53,-22,33
63,-39,32
80,-50,35
62,-62,6
55,-78,47
41,-44,20
46,-24,4
44,-37,10
42,-50,8
55,-61,15
56,-56,17
61,-40,9
60,-36,3
59,-34,-2
50,-35,0
46,-33,0
41,-33,4
41,-36,11
48,-39,9
46,-48,11
39,-49,12
58,-49,11
47,-56,9
38,-48,4
34,-44,11
37,-40,20
36,-36,37
32,-32,38
33,-30,41
40,-28,43
54,-26,38
15,-25,23
12,-22,32
22,-25,50
10,-23,22
5,-22,15
13,-33,23
22,-38,24
48,-48,44
36,-45,43
47,-51,36
61,-54,40
56,-60,24
61,-74,27
60,-63,38
43,-40,25
46,-32,12
44,-37,12
46,-39,12
49,-42,36
58,-34,40
57,-31,30
55,-33,25
50,-60,33
50,-66,23
54,-55,16
43,-57,22
26,-44,20
22,-40,20
8,-32,29
2,-31,36
12,-34,40
12,-29,29
10,-35,21
20,-39,27
22,-35,23
22,-38,24
61,-38,21
47,-76,72
30,-37,52
11,-33,2
22,-46,27
34,-59,45
29,-53,29
20,-51,24
33,-56,19
27,-52,30
13,-54,23
40,-76,34
36,-80,31
52,-76,29
47,-72,27
51,-63,29
57,-59,31
62,-46,27
59,-38,24
50,-28,32
42,-29,30
31,-24,25
31,-23,17
26,-21,12
15,-16,16
14,-20,20
12,-23,18
13,-26,21
28,-39,17
38,-47,18
37,-51,28
38,-49,36
73,-49,54
78,-63,58
51,-45,46
31,-44,29
5,-52,22
-3,-52,15
8,-54,20
24,-57,30
39,-51,45
21,-47,41
25,-48,40
32,-52,37
32,-59,49
23,-66,19
15,-71,15
38,-88,30
43,-87,23
52,-79,13
53,-71,14
55,-58,11
54,-55,13
46,-44,17
44,-39,17
42,-29,22
37,-23,26
30,-8,19
27,-5,24
16,1,27
13,-2,27
16,-9,27
20,-14,30
26,-23,27
21,-23,22
33,-37,38
42,-49,42
34,-52,31
40,-50,12
49,-68,55
38,-47,42
20,-41,28
5,-42,25
11,-52,22
14,-67,27
21,-70,33
15,-76,48
13,-80,40
24,-80,28
16,-72,20
20,-72,27
24,-73,27
29,-74,17
28,-72,12
31,-65,14
36,-61,21
38,-51,25
35,-46,27
33,-32,28
32,-26,23
26,-19,34
24,-18,29
21,-19,24
19,-22,32
20,-25,32
25,-28,31
26,-30,39
21,-29,30
21,-32,28
18,-39,26
20,-37,21
55,-58,45
67,-52,59
49,-39,41
32,-34,30
17,-35,18
27,-36,23
57,-29,35
43,-26,27
43,-39,48
33,-56,55
33,-68,52
20,-71,46
13,-65,27
6,-63,17
-13,-73,2
26,-84,20
16,-91,16
26,-84,19
38,-77,26
30,-67,20
37,-61,20
36,-46,11
27,-38,6
21,-28,15
24,-23,25
17,-15,30
5,-12,30
12,-14,37
11,-13,36
12,-18,38
12,-20,33
15,-33,35
12,-42,35
11,-50,26
17,-55,28
48,-83,50
29,-79,49
25,-59,50
4,-33,29
-2,-33,14
-5,-43,23
12,-64,26
30,-68,32
25,-76,37
29,-81,37
41,-80,41
45,-77,43
55,-73,43
52,-60,29
45,-53,6
52,-48,0
57,-47,12
53,-38,10
46,-34,13
49,-30,26
47,-27,24
31,-18,28
24,-17,30
14,-13,25
17,-12,27
21,-17,35
9,-24,40
3,-30,37
18,-49,26
57,-54,28
64,-68,61
58,-61,55
25,-45,21
5,-38,15
-2,-44,16
10,-55,23
21,-81,41
15,-76,35
17,-71,23
14,-68,24
11,-60,23
8,-59,24
15,-59,18
16,-59,16
24,-59,21
18,-60,22
19,-64,17
20,-70,19
42,-76,6
35,-76,21
32,-71,17
43,-72,16
44,-68,21
23,-51,23
34,-42,30
39,-35,43
44,-35,28
32,-37,19
21,-39,31
40,-37,31
33,-40,40
18,-28,36
18,-23,23
5,-22,31
8,-22,32
10,-25,29
14,-26,30
16,-31,35
51,-44,50
45,-42,40
38,-49,39
41,-35,43
18,-37,28
16,-37,19
24,-52,23
29,-61,22
111,-78,50
112,-70,41
38,-47,17
9,-34,9
14,-39,23
33,-48,22
47,-77,29
35,-72,19
40,-57,16
45,-52,13
38,-48,15
29,-48,9
35,-40,17
26,-35,27
23,-25,30
36,-25,29
3,-34,43
15,-39,34
6,-41,26
9,-40,26
12,-38,25
16,-39,23
29,-43,24
27,-64,44
46,-56,37
17,-55,21
12,-52,18
21,-56,26
28,-67,33
52,-61,38
19,-72,43
44,-67,39
45,-61,40
55,-49,22
70,-55,4
51,-62,-7
40,-53,-5
41,-66,0
43,-62,4
59,-41,15
66,-43,29
49,-35,18
45,-38,17
41,-38,19
33,-34,20
31,-31,21
44,-29,46
34,-23,43
51,-27,31
40,-28,28
33,-29,38
27,-26,39
23,-23,38
23,-25,37
26,-25,35
33,-28,40
27,-28,40
27,-29,37
33,-28,35
35,-30,32
34,-31,25
38,-47,28
32,-65,33
38,-64,37
81,-66,33
77,-53,29
52,-49,26
36,-37,15
38,-40,7
32,-54,15
39,-58,22
53,-54,26
50,-51,22
43,-37,18
42,-35,16
44,-35,22
38,-33,24
19,-29,24
9,-31,24
2,-41,22
5,-37,18
28,-59,18
57,-70,41
54,-54,43
36,-50,27
17,-49,18
16,-49,1
44,-58,12
30,-36,6
22,-34,15
51,-35,39
42,-37,42
26,-48,33
29,-56,29
38,-68,39
51,-72,36
42,-62,24
52,-56,12
56,-49,4
47,-48,0
45,-48,7
46,-47,9
46,-42,21
43,-37,23
49,-22,20
56,-19,23
44,-13,36
31,-16,51
45,-28,52
37,-27,29
10,-44,29
51,-38,48
39,-34,49
-4,-22,19
14,-32,21
20,-38,35
8,-36,31
39,-39,26
75,-45,37
72,-68,65
59,-70,62
23,-72,45
27,-59,42
61,-42,19
30,-52,18
31,-45,7
39,-47,8
41,-45,7
38,-49,12
35,-48,26
42,-41,26
43,-37,27
41,-36,25
46,-30,19
45,-25,21
42,-25,30
44,-27,59
52,-27,78
38,-26,47
37,-24,23
41,-24,15
43,-28,26
29,-30,44
28,-29,53
35,-20,37
40,-19,30
28,-19,24
9,-20,21
27,-43,44
28,-54,63
44,-65,53
33,-63,44
60,-55,38
52,-49,22
23,-48,15
21,-55,14
30,-56,16
20,-54,26
24,-55,29
31,-57,20
27,-58,21
24,-52,21
26,-47,21
53,-38,27
70,-36,30
71,-27,30
69,-18,32
70,-10,28
74,-6,27
67,-1,26
61,0,26
55,-6,31
53,-15,34
50,-29,30
51,-33,26
53,-39,23
52,-41,12
38,-29,41
39,-23,36
36,-9,19
45,-7,9
30,-6,0
85,-28,17
77,-25,20
81,-32,54
69,-20,39
59,-14,23
61,-11,31
26,-15,31
31,-14,32
60,-15,23
81,-8,22
74,-11,42
70,-14,50
57,4,24
62,8,15
59,-5,33
48,-10,32
41,-14,20
39,-14,14
34,-16,18
26,-20,20
24,-25,18
48,-24,20
46,-17,7
127,-62,38
91,-44,42
49,-41,14
23,-22,8
40,-51,33
31,-45,32
58,-36,41
39,-33,32
35,-34,23
44,-35,26
42,-40,31
41,-38,33
46,-38,27
41,-37,23
36,-44,35
41,-35,37
18,-32,29
14,-32,28
34,-39,39
35,-49,44
30,-39,31
15,-35,22
15,-34,18
20,-44,19
27,-55,28
36,-60,29
50,-68,39
92,-72,45
69,-64,42
31,-45,45
19,-44,57
41,-52,49
46,-53,34
49,-41,19
46,-31,15
42,-20,18
29,-14,16
47,-15,10
83,-21,21
26,-29,75
40,-8,84
20,-7,38
12,-25,39
21,-19,35
44,-13,32
35,-21,26
47,-14,25
55,-17,31
34,-23,39
43,-18,35
75,-24,45
76,-31,55
49,-39,46
49,-33,39
-22,-13,3
-27,-15,2
12,-28,38
28,-36,43
19,-41,37
22,-47,40
39,-47,44
59,-56,43
46,-48,37
43,-45,36
79,-32,44
47,-23,32
-18,-43,18
111,-61,80
124,-70,61
64,-53,18
76,-41,24
74,-38,23
65,-37,27
63,-35,33
50,-24,24
31,-6,17
24,-1,31
48,-4,64
-3,-14,49
-6,-5,27
0,12,21
4,2,16
5,-2,20
75,-14,47
117,-19,74
77,-22,45
53,-20,35
34,-10,19
62,-12,38
57,-13,42
-15,-5,7
0,-14,19
65,-33,32
44,-36,20
32,-28,24
55,-35,33
67,-25,15
86,-31,22
80,-49,72
41,-58,77
80,-48,39
71,-47,29
73,-39,27
75,-34,23
78,-31,29
76,-28,35
55,-14,27
62,-11,33
39,-11,29
41,-10,32
21,-14,49
22,-9,49
24,-8,42
16,-4,4
18,1,20
22,-26,66
18,-15,53
29,-4,40
37,-14,52
59,1,50
52,-8,38
37,-7,23
64,-3,28
55,2,31
46,2,27
51,-12,40
51,-13,43
47,-20,35
44,-23,29
62,-27,33
61,-29,35
62,-24,41
59,-17,44
60,-16,35
48,-24,27
34,-24,26
50,-22,33
43,-23,32
44,-19,34
32,-19,29
18,-20,19
24,-31,26
23,-36,30
26,-41,33
50,-37,36
67,-41,45
78,-36,48
49,-36,43
49,-46,38
63,-48,46
75,-49,48
75,-38,39
71,-26,33
64,-23,29
53,-21,28
46,-21,29
35,-21,38
32,-24,42
30,-16,36
44,-7,26
55,-7,32
5,-28,25
4,-35,31
46,-22,45
30,-29,36
31,-27,40
21,-28,36
32,-29,37
37,-34,37
29,-38,35
19,-34,34
7,-43,16
10,-45,9
28,-55,30
43,-57,37
57,-62,33
68,-61,46
80,-41,32
98,-35,42
66,-41,31
58,-34,34
43,-44,36
60,-36,42
61,-29,43
46,-27,27
43,-25,24
41,-21,25
34,-22,27
16,-20,24
18,-13,25
42,-11,28
36,-17,28
33,-24,30
43,-26,34
74,-37,45
60,-40,39
43,-31,37
49,-22,33
38,-25,24
40,-20,28
41,-28,36
36,-30,36
-3,-21,8
34,-22,14
48,-36,38
19,-29,23
24,-32,22
41,-33,33
44,-37,33
47,-48,29
46,-47,32
48,-58,36
27,-59,34
24,-59,38
40,-66,41
49,-70,45
50,-65,42
51,-59,47
53,-54,31
62,-41,6
56,-31,0
54,-31,18
40,-24,26
38,-22,42
39,-18,40
27,-24,29
35,-25,27
49,-33,24
35,-29,19
8,-23,17
27,-22,26
25,-21,29
95,-28,76
45,-22,97
28,-7,61
19,-5,34
34,-13,28
38,-23,42
27,-27,40
28,-31,31
43,-33,40
41,-33,48
55,-29,45
79,-26,45
59,-20,38
42,-17,28
54,-16,24
61,-15,26
77,-26,35
68,-29,31
72,-32,30
64,-25,15
68,-23,17
61,-18,20
59,-12,19
63,-3,13
52,-1,11
44,-6,23
47,-14,33
47,-14,35
44,-10,29
113,-7,38
35,-10,36
0,1,12
3,6,6
38,-19,18
113,-56,74
-5,-31,55
0,-20,6
41,-45,22
41,-52,35
26,-57,56
33,-50,35
40,-43,35
38,-44,52
36,-46,47
39,-49,33
32,-51,36
13,-50,32
19,-51,34
19,-44,36
12,-43,34
5,-43,23
13,-50,21
7,-56,21
7,-61,26
10,-70,32
5,-68,27
8,-69,4
37,-68,2
20,-71,4
10,-66,11
60,-72,44
40,-69,46
20,-61,30
21,-49,16
41,-40,19
32,-37,25
63,-40,24
24,-51,45
25,-46,59
35,-46,49
29,-49,56
28,-48,50
35,-46,32
30,-37,28
19,-30,32
8,-12,34
5,-11,27
44,-11,36
76,-25,64
49,-25,61
48,-20,51
18,-23,28
-1,-30,25
39,-35,29
34,-41,37
39,-22,36
36,-22,36
46,-18,49
33,-23,44
42,-17,43
41,-35,46
38,-41,46
37,-41,41
39,-43,40
36,-47,38
28,-46,41
40,-65,50
43,-67,22
47,-80,30
42,-79,28
37,-54,19
24,-43,22
17,-25,20
15,-16,22
7,-10,27
7,-14,42
4,-14,18
37,-21,20
21,-32,14
39,-41,13
54,-64,45
37,-63,36
39,-63,42
50,-68,0
26,-97,24
31,-56,38
42,-56,25
55,-63,12
47,-58,20
51,-49,28
52,-43,42
39,-26,34
33,-28,33
42,-46,33
43,-51,28
40,-59,30
48,-42,37
32,-49,54
40,-44,40
30,-40,41
31,-35,47
15,-30,47
5,-26,43
-5,-21,13
8,-18,11
37,-15,26
-11,-9,5
8,-18,7
96,-45,63
38,-50,41
29,-59,30
31,-50,26
46,-43,7
51,-40,-6
92,-77,63
76,-64,88
57,-38,2
39,-35,-5
41,-46,27
47,-52,13
39,-64,4
39,-62,16
37,-48,32
32,-40,25
34,-34,23
41,-35,18
47,-42,18
49,-40,14
50,-39,17
51,-39,20
51,-42,21
49,-51,31
47,-55,25
49,-50,16
39,-50,20
30,-51,42
25,-47,55
12,-39,56
7,-32,41
6,-25,26
10,-22,25
26,-26,21
31,-29,31
23,-24,30
32,-22,31
35,-26,20
42,-28,18
46,-42,23
60,-50,24
57,-70,32
33,-70,38
43,-57,25
49,-39,12
45,-44,17
58,-43,20
55,-45,28
40,-38,22
43,-32,15
41,-34,18
40,-38,20
41,-40,12
46,-41,15
48,-43,18
48,-45,13
48,-41,12
48,-42,17
51,-40,21
53,-41,21
55,-47,20
54,-50,17
43,-41,12
38,-46,12
16,-35,34
15,-32,42
19,-34,32
27,-39,25
34,-39,25
23,-45,34
22,-39,32
25,-38,43
24,-38,42
18,-43,31
19,-52,29
50,-64,30
67,-58,25
41,-45,27
32,-37,24
39,-35,31
24,-39,31
13,-54,43
36,-62,62
30,-60,35
35,-62,31
35,-51,26
32,-48,5
34,-48,0
35,-53,1
34,-52,8
35,-49,17
39,-49,25
36,-44,35
41,-45,41
35,-48,31
37,-51,21
39,-47,16
40,-44,16
50,-40,18
55,-41,16
43,-49,20
36,-53,27
35,-46,33
32,-45,26
33,-34,18
32,-33,23
28,-32,24
33,-29,24
39,-27,19
52,-28,23
67,-23,25
79,-25,23
75,-21,25
60,-15,25
58,-12,25
46,-16,27
49,-18,31
46,-23,28
45,-25,22
47,-32,27
44,-35,30
39,-37,27
42,-37,26
45,-32,21
40,-30,18
46,-28,22
36,-24,19
34,-27,23
33,-29,26
37,-31,21
38,-35,15
27,-40,4
57,-51,18
46,-52,59
57,-49,56
51,-40,20
38,-44,25
34,-48,36
23,-51,24
31,-52,26
16,-62,15
9,-62,10
11,-62,4
1,-62,5
3,-64,12
8,-68,10
22,-68,23
11,-69,24
15,-66,13
18,-64,15
12,-62,12
19,-66,14
50,-72,19
56,-73,20
45,-71,12
50,-70,18
41,-54,20
61,-38,19
56,-32,20
41,-26,19
44,-23,19
35,-35,32
20,-40,33
40,-42,29
18,-46,36
-5,-36,19
8,-36,8
15,-39,20
21,-41,30
97,-65,42
50,-57,51
29,-42,31
28,-42,16
23,-34,16
43,-35,26
38,-36,36
43,-37,39
43,-41,37
34,-43,36
28,-47,30
28,-50,28
40,-54,31
50,-63,41
38,-69,32
45,-75,17
60,-72,19
48,-64,19
37,-57,12
43,-51,16
43,-45,20
25,-32,24
23,-27,25
33,-18,25
19,-13,20
7,-18,26
14,-17,25
11,-38,28
7,-38,27
49,-68,34
56,-81,56
48,-63,57
42,-52,37
21,-51,21
33,-65,7
34,-72,2
43,-72,10
48,-61,10
40,-47,18
40,-43,24
34,-44,29
30,-44,27
31,-56,22
31,-56,20
32,-56,27
30,-53,28
30,-45,21
41,-43,23
35,-39,20
34,-35,20
42,-33,29
39,-29,34
28,-24,38
7,-19,24
42,-24,19
70,-29,32
33,-29,21
42,-30,28
48,-26,38
43,-31,29
41,-28,28
43,-23,29
32,-21,25
29,-24,24
21,-22,23
28,-35,18
37,-42,24
69,-86,75
42,-64,53
21,-31,19
8,-46,17
20,-72,37
6,-73,32
14,-77,38
34,-79,42
8,-68,21
28,-66,16
64,-74,29
72,-78,32
76,-68,20
68,-57,16
44,-28,30
35,-19,35
34,-10,30
33,-11,35
26,-6,27
23,-2,32
25,-4,39
15,-7,32
9,-5,21
12,-14,34
14,-19,33
28,-19,30
25,-21,35
43,-36,47
65,-39,49
31,-34,26
16,-33,17
67,-41,41
85,-56,79
39,-46,50
31,-37,31
36,-43,31
24,-53,25
31,-52,29
31,-67,31
32,-71,30
2,-50,17
10,-53,17
46,-91,49
38,-92,44
36,-86,24
40,-83,21
33,-69,13
34,-55,16
29,-42,26
27,-34,26
8,-21,22
5,-20,25
12,-15,33
13,-16,35
8,-12,34
14,-17,39
16,-19,40
18,-23,36
21,-31,26
39,-42,27
44,-45,28
53,-51,32
50,-57,22
52,-69,7
52,-84,7
38,-75,46
53,-66,40
46,-42,-5
46,-43,-7
45,-52,5
57,-55,12
46,-47,17
47,-40,7
45,-35,6
54,-35,11
42,-35,8
43,-33,3
45,-38,7
49,-39,7
44,-45,11
62,-44,20
57,-26,-3
58,-24,1
38,-22,14
45,-24,22
35,-26,17
36,-25,13
37,-24,13
48,-21,-3
38,-23,-17
47,-25,12
50,-31,11
57,-38,7
58,-44,6
52,-47,6
88,-46,13
49,-31,8
58,-37,8
43,-40,1
39,-35,-9
58,-32,7
60,-23,13
67,-27,24
70,-31,19
61,-37,16
59,-42,13
53,-38,14
52,-25,13
52,-23,12
55,-20,15
53,-18,12
45,-17,18
47,-17,20
52,-21,16
62,-25,17
57,-31,9
55,-33,10
50,-28,11
44,-25,12
40,-19,14
36,-18,13
42,-24,11
41,-25,9
48,-34,9
52,-36,5
80,-44,8
84,-53,26
52,-42,31
43,-26,14
40,-29,10
54,-41,12
53,-45,15
54,-41,11
56,-36,5
48,-32,5
42,-30,5
52,-33,5
56,-35,7
53,-39,9
54,-40,9
51,-40,8
44,-39,6
50,-36,13
46,-36,12
48,-34,14
46,-33,14
51,-30,13
46,-30,11
47,-30,13
47,-31,13
46,-32,10
50,-34,12
65,-39,10
61,-37,15
55,-38,18
51,-38,13
46,-37,10
47,-28,8
56,-26,10
59,-24,21
65,-30,16
60,-20,5
58,-18,8
56,-17,4
57,-17,4
60,-23,3
62,-31,-1
73,-41,6
58,-42,18
51,-33,6
41,-22,16
43,-17,22
50,-20,23
51,-22,8
49,-17,14
51,-14,6
56,-30,-4
53,-45,-11
61,-34,18
39,-25,22
65,-43,30
76,-36,17
78,-41,-5
57,-47,-10
9,-36,-17
24,-37,6
46,-41,4
52,-39,0
64,-38,11
67,-38,23
32,-38,14
47,-43,17
46,-42,12
47,-43,11
50,-43,2
49,-40,8
50,-36,9
35,-37,-3
34,-40,-1
50,-47,7
53,-47,16
51,-37,20
48,-34,19
49,-32,13
53,-29,16
60,-35,26
55,-33,25
53,-31,14
51,-30,7
60,-25,-3
58,-24,-2
62,-28,-12
59,-31,-15
61,-37,0
68,-29,5
55,-21,2
47,-18,2
50,-11,10
41,-10,16
37,-13,19
45,-14,11
47,-16,7
33,-25,-3
75,-33,-10
75,-29,2
40,-10,-5
53,-27,3
59,-30,5
57,-31,-3
48,-35,-6
52,-35,-6
56,-33,-5
52,-35,-3
56,-34,-7
55,-34,-4
62,-35,-2
57,-31,-5
54,-31,-5
45,-32,-11
51,-37,-9
53,-38,5
50,-35,2
47,-29,-12
60,-30,-9
57,-31,-11
59,-33,-16
60,-33,-14
47,-39,-7
49,-37,-1
50,-35,-8
65,-30,-5
72,-8,9
70,-8,9
63,-1,14
52,0,11
56,-5,13
47,-3,13
38,-8,18
43,-9,16
41,-15,12
58,-21,21
38,-26,19
36,-26,14
76,-26,29
69,-42,52
42,-25,52
53,-28,47
50,-32,46
42,-39,35
45,-40,28
41,-37,19
37,-38,24
42,-43,27
41,-44,26
39,-46,29
37,-43,34
40,-37,39
41,-30,34
39,-26,31
37,-36,41
22,-31,42
26,-30,46
22,-29,59
24,-26,57
26,-25,33
26,-29,23
32,-36,26
31,-39,25
25,-42,24
35,-57,34
52,-66,37
32,-54,52
28,-46,41
11,-37,13
7,-39,15
7,-49,27
29,-52,49
31,-56,39
19,-59,45
33,-64,44
34,-69,40
49,-72,43
42,-73,42
39,-70,24
34,-61,27
47,-56,15
50,-55,12
49,-45,18
44,-40,21
37,-32,24
38,-26,26
16,-18,24
18,-17,24
13,-20,24
16,-24,32
12,-24,31
11,-31,43
20,-32,44
24,-39,38
31,-41,37
44,-47,55
33,-47,58
23,-48,34
22,-50,22
31,-52,26
25,-52,25
21,-53,30
19,-54,31
13,-63,32
12,-70,29
15,-74,29
18,-70,26
10,-65,35
6,-64,34
15,-66,24
17,-77,19
21,-82,21
23,-81,30
29,-77,30
51,-64,20
49,-54,22
38,-39,25
32,-36,16
23,-29,27
26,-29,28
12,-26,30
9,-19,31
15,-19,24
14,-21,28
12,-20,24
17,-22,26
22,-30,25
27,-32,22
33,-40,27
56,-36,35
73,-47,57
42,-41,46
36,-37,35
29,-48,30
27,-49,32
29,-52,25
26,-54,24
22,-56,40
22,-52,38
22,-52,43
18,-58,41
25,-66,43
27,-73,42
16,-88,34
21,-87,30
32,-90,23
35,-86,17
39,-75,7
42,-72,7
34,-59,8
31,-51,5
23,-39,13
18,-32,15
10,-21,18
11,-18,22
8,-15,24
11,-12,25
18,-17,31
23,-27,38
16,-30,34
30,-33,36
28,-40,36
28,-40,27
94,-65,46
51,-51,55
41,-45,42
48,-31,18
41,-34,18
41,-44,25
44,-46,28
49,-48,31
42,-44,23
35,-31,17
38,-30,26
27,-27,44
28,-27,41
24,-32,44
25,-34,39
36,-48,41
36,-67,44
33,-66,43
43,-97,47
56,-102,41
71,-91,26
67,-81,23
58,-56,22
54,-46,16
39,-31,15
37,-26,23
23,-23,24
22,-18,22
25,-15,33
21,-14,40
24,-10,30
16,-8,30
11,-11,31
12,-10,35
2,-13,40
5,-14,37
18,-19,38
24,-26,45
28,-29,36
32,-40,42
36,-42,41
26,-43,40
24,-46,42
24,-47,33
21,-50,34
49,-81,67
54,-77,81
11,-46,39
6,-37,32
2,-42,21
10,-48,25
26,-52,35
38,-64,38
33,-68,38
40,-75,44
40,-78,42
41,-75,36
50,-75,22
60,-73,20
63,-68,16
61,-63,11
56,-49,10
57,-41,19
35,-23,14
36,-6,19
37,-6,21
34,-6,26
31,-8,26
34,-14,29
34,-16,30
32,-17,27
30,-17,19
17,-12,5
28,-16,17
42,-38,34
32,-33,25
85,-38,45
72,-60,55
59,-68,38
33,-59,36
8,-45,22
11,-41,28
30,-38,32
36,-34,37
25,-39,31
24,-40,38
16,-41,43
20,-57,35
32,-63,34
16,-67,31
18,-68,32
24,-72,32
17,-78,30
16,-86,16
25,-88,20
37,-84,29
32,-77,15
50,-73,10
48,-73,16
38,-54,13
32,-48,18
22,-33,23
19,-24,28
17,-22,30
19,-18,27
13,-11,28
16,-13,31
13,-12,30
14,-15,29
17,-20,29
14,-29,27
9,-40,29
15,-35,18
28,-44,19
97,-46,55
76,-69,66
39,-47,50
14,-41,29
11,-46,25
17,-54,24
20,-66,23
26,-73,30
36,-81,38
26,-86,37
27,-89,40
30,-88,43
37,-78,34
41,-72,29
44,-66,31
46,-62,24
40,-53,21
25,-41,18
20,-38,20
24,-31,20
15,-25,20
9,-19,27
4,-16,22
9,-21,37
7,-19,36
16,-19,39
17,-20,42
20,-27,41
18,-27,38
19,-34,39
21,-34,40
12,-34,35
18,-36,36
91,-68,75
42,-79,65
23,-51,29
23,-51,28
34,-47,35
37,-46,37
27,-44,38
24,-38,32
23,-40,29
32,-43,39
25,-45,41
33,-61,31
39,-64,27
53,-89,55
60,-82,55
59,-63,39
56,-56,31
50,-45,28
48,-41,24
35,-33,21
38,-27,24
30,-18,17
28,-16,20
35,-17,33
18,-16,29
18,-12,27
21,-9,32
15,-4,34
27,-5,39
35,-13,42
37,-19,30
42,-22,30
24,-28,34
10,-27,31
53,-37,25
93,-85,56
49,-60,63
36,-46,42
18,-33,35
10,-37,34
18,-39,39
14,-32,37
16,-29,46
33,-38,47
29,-58,41
38,-68,42
33,-95,55
44,-103,67
51,-84,46
53,-74,31
55,-65,27
43,-50,17
45,-40,20
36,-27,25
30,-23,28
25,-10,17
23,-7,15
19,-2,28
22,1,30
30,1,33
36,-1,35
35,-12,36
32,-12,30
41,-17,32
43,-21,37
44,-20,33
42,-20,33
49,-27,40
52,-29,35
37,-22,29
37,-20,30
35,-30,29
80,-45,40
29,-51,28
26,-45,20
28,-43,23
35,-48,31
37,-46,39
39,-47,31
36,-55,30
20,-62,30
22,-62,32
29,-59,43
31,-56,45
31,-52,37
37,-48,35
39,-43,25
45,-53,25
56,-60,31
64,-66,27
68,-71,22
74,-66,20
73,-51,9
68,-42,9
56,-25,18
50,-14,18
35,-5,24
29,-8,25
34,-7,23
31,-6,31
23,-7,32
24,-16,29
16,-14,22
22,-14,16
31,-25,24
41,-27,27
51,-30,22
105,-76,37
60,-36,72
23,-25,55
1,-24,39
9,-33,23
23,-41,25
21,-36,46
24,-40,45
35,-47,28
53,-53,31
35,-55,19
33,-50,19
28,-40,11
37,-39,23
43,-43,25
57,-64,38
56,-66,36
67,-72,31
64,-72,28
70,-63,23
68,-51,19
65,-35,17
69,-30,21
54,-17,33
46,-14,32
37,-10,28
29,-11,23
11,-8,17
18,-10,22
21,-13,23
13,-15,21
22,-21,11
32,-29,17
24,-40,23
28,-45,24
127,-84,77
40,-46,66
25,-17,20
19,-27,30
-4,-29,26
37,-36,22
37,-45,36
23,-47,24
30,-44,21
34,-51,39
44,-53,39
47,-62,31
52,-69,31
44,-75,26
35,-74,15
56,-76,12
42,-73,13
44,-65,18
48,-63,18
38,-54,29
38,-50,36
35,-38,34
31,-32,31
22,-33,37
17,-33,35
18,-32,38
16,-28,41
17,-28,40
16,-26,38
8,-26,33
1,-29,31
-1,-33,37
-17,-33,27
-11,-38,13
95,-81,38
51,-109,58
23,-55,38
40,-62,17
23,-46,23
15,-51,38
19,-53,12
28,-50,10
35,-72,24
34,-82,28
72,-78,57
63,-68,61
48,-54,42
43,-42,29
47,-41,27
51,-36,21
56,-34,22
59,-29,27
55,-22,27
50,-7,29
45,-4,31
40,-2,37
42,-2,36
28,-7,39
25,-17,52
21,-19,35
17,-20,33
18,-13,28
22,-6,21
32,-11,33
39,-16,35
43,-37,45
83,-48,63
24,-44,83
7,-17,43
30,-24,29
41,-46,30
40,-50,15
17,-50,23
12,-48,22
8,-50,1
12,-57,9
41,-68,14
68,-78,32
49,-97,39
48,-85,24
43,-56,17
37,-52,15
34,-55,13
41,-59,17
45,-60,20
44,-54,19
39,-38,23
38,-31,27
24,-19,30
19,-18,31
12,-22,29
17,-23,25
12,-32,20
22,-37,15
18,-43,17
88,-58,36
44,-96,51
47,-51,38
14,-52,11
26,-54,13
30,-57,15
40,-57,24
38,-53,27
38,-49,31
42,-45,31
43,-41,33
55,-40,38
44,-34,36
38,-34,36
41,-42,26
41,-36,20
40,-24,15
37,-22,14
42,-30,14
56,-34,14
50,-37,32
44,-35,26
50,-39,24
38,-48,30
38,-48,31
32,-42,22
28,-40,27
29,-39,34
29,-39,35
22,-43,37
21,-41,36
16,-48,37
17,-51,38
23,-57,37
27,-59,36
41,-71,36
39,-68,29
41,-73,25
49,-72,26
52,-67,25
50,-61,20
57,-53,22
58,-48,24
43,-37,27
39,-26,28
34,-18,29
12,-7,26
8,-7,25
2,-9,27
4,-10,27
14,-22,37
19,-25,36
26,-32,31
65,-36,45
29,-45,65
42,-44,68
32,-37,41
20,-38,34
20,-45,31
27,-48,38
34,-55,42
38,-48,42
30,-50,36
25,-50,33
27,-52,24
16,-59,23
27,-59,28
23,-57,22
20,-54,20
19,-50,19
20,-49,24
24,-53,27
28,-54,27
41,-57,30
33,-60,31
52,-70,37
53,-72,35
50,-68,26
50,-62,20
53,-48,24
51,-43,28
43,-33,24
42,-32,24
32,-19,27
25,-18,27
26,-13,21
26,-16,21
18,-22,25
13,-22,21
19,-28,25
18,-29,21
27,-30,25
70,-39,43
106,-57,67
49,-40,33
28,-37,26
19,-51,51
26,-47,47
40,-51,26
38,-50,26
23,-44,26
24,-44,28
35,-48,42
49,-53,38
14,-49,23
26,-56,23
28,-59,28
12,-60,35
30,-44,27
47,-43,27
51,-42,35
42,-38,28
28,-38,24
23,-43,27
21,-50,23
22,-57,24
25,-58,27
34,-60,28
66,-71,27
49,-64,17
50,-68,26
49,-70,25
52,-64,20
41,-54,14
49,-51,17
46,-44,19
38,-39,22
32,-29,30
30,-24,28
18,-21,36
16,-19,39
12,-19,47
9,-21,54
17,-24,43
28,-31,36
34,-32,40
43,-45,43
41,-46,41
30,-42,33
27,-48,30
22,-43,35
17,-37,33
17,-29,30
17,-33,28
37,-50,28
45,-55,25
55,-44,20
46,-38,18
37,-34,14
37,-34,10
41,-44,17
78,-56,30
85,-75,86
42,-53,14
47,-55,-1
49,-55,2
61,-56,3
64,-48,5
46,-22,3
45,-32,12
45,-41,19
40,-40,13
37,-44,9
34,-42,10
34,-39,7
46,-36,8
49,-35,10
50,-39,8
52,-39,4
53,-39,7
58,-45,10
57,-53,13
53,-53,12
58,-37,33
58,-33,37
38,-31,24
41,-40,26
24,-43,24
23,-39,25
26,-29,27
25,-23,29
20,-22,31
21,-19,31
17,-21,33
24,-23,36
27,-27,39
36,-39,33
50,-46,28
59,-47,26
60,-51,25
63,-47,13
77,-53,21
51,-78,59
72,-43,30
37,-40,7
47,-41,18
56,-55,38
50,-47,27
46,-36,30
41,-37,20
44,-39,21
44,-39,18
46,-38,10
50,-36,9
50,-35,15
52,-30,7
55,-31,13
54,-29,10
55,-30,12
57,-30,14
58,-32,12
44,-28,4
39,-32,22
41,-38,32
43,-42,30
44,-49,30
49,-54,29
48,-58,23
47,-60,28
39,-52,35
39,-40,34
33,-26,36
35,-24,33
40,-20,23
33,-20,26
43,-21,22
42,-22,18
42,-22,15
41,-24,21
43,-22,24
43,-13,20
39,-11,15
49,-7,18
57,-15,20
66,-22,16
71,-21,14
58,-22,18
55,-25,18
85,-55,34
78,-68,73
52,-20,3
51,-14,3
48,-31,17
55,-37,9
66,-46,25
62,-38,26
49,-32,13
48,-33,15
49,-38,18
49,-39,21
48,-35,24
48,-35,20
49,-35,24
44,-31,19
43,-33,19
46,-33,17
45,-34,16
47,-41,16
41,-47,17
45,-52,27
42,-52,33
50,-49,28
72,-46,25
40,-46,22
46,-40,20
58,-36,21
56,-31,22
49,-21,16
43,-18,13
29,-16,19
28,-15,25
45,-11,13
40,-11,12
33,-16,21
-15,-16,14
101,-32,16
104,-18,14
84,-34,22
73,-29,8
68,-23,6
46,-27,10
54,-28,5
88,-73,48
83,-67,58
59,-42,5
45,-39,7
48,-45,10
45,-47,11
35,-46,13
31,-46,10
22,-55,12
25,-54,19
29,-48,20
31,-45,17
44,-42,9
50,-41,11
56,-39,10
57,-38,7
59,-33,4
56,-33,6
51,-33,10
43,-37,7
44,-40,8
44,-44,15
40,-44,15
39,-41,14
44,-40,16
52,-31,8
58,-32,12
58,-38,14
60,-42,16
57,-54,15
52,-53,8
43,-44,13
42,-36,15
51,-22,19
49,-16,20
47,-5,15
50,-6,14
47,-12,22
41,-20,21
43,-28,28
46,-31,23
47,-34,22
33,-29,25
36,-25,33
33,-17,31
43,-15,33
57,-23,30
42,-29,18
60,-45,-2
90,-53,10
64,-64,15
64,-60,8
54,-36,-2
49,-33,-13
55,-44,5
55,-45,7
56,-43,14
53,-39,15
51,-37,8
44,-35,8
42,-34,8
46,-35,7
48,-36,3
46,-37,-4
48,-38,-1
54,-35,2
51,-33,3
53,-37,6
51,-39,7
44,-41,7
35,-40,1
43,-48,8
41,-50,14
54,-51,19
45,-53,14
42,-53,15
44,-51,18
49,-40,27
52,-38,25
48,-36,25
41,-35,22
41,-34,22
40,-35,25
34,-36,24
42,-35,25
41,-35,31
35,-28,28
34,-25,24
49,-29,42
52,-30,41
41,-32,23
38,-34,26
36,-34,29
29,-37,29
22,-46,19
32,-47,16
25,-54,6
26,-56,0
42,-62,7
35,-65,8
36,-65,11
39,-79,26
42,-71,34
43,-68,22
40,-67,12
74,-74,6
31,-70,13
37,-50,17
27,-42,12
34,-36,17
60,-37,31
28,-46,21
27,-47,30
33,-48,32
34,-47,23
38,-44,22
40,-40,20
38,-38,18
43,-40,26
39,-37,25
37,-36,25
36,-35,30
34,-37,27
35,-40,24
37,-41,22
37,-43,25
36,-42,23
39,-44,26
40,-43,26
42,-43,25
41,-40,27
42,-35,27
41,-37,23
38,-39,21
42,-43,27
39,-45,25
42,-44,18
43,-43,17
43,-39,16
46,-39,17
52,-36,20
49,-36,20
48,-36,13
49,-37,16
48,-38,17
49,-38,15
49,-39,17
45,-39,17
44,-40,21
44,-42,25
38,-47,28
44,-48,25
47,-47,17
46,-43,18
60,-41,18
57,-32,25
52,-23,26
52,-7,21
54,-2,22
64,1,26
55,1,17
55,-4,4
53,-8,-2
47,-8,11
56,-7,13
54,-11,10
53,-11,13
52,-9,21
48,-11,15
44,-15,12
51,-16,15
41,-20,12
52,-32,12
55,-35,14
52,-36,11
49,-38,2
127,-48,8
30,-31,-1
49,-34,-21
53,-42,-9
53,-38,-1
49,-36,-8
58,-39,-3
55,-43,-1
55,-46,1
46,-48,-8
45,-54,-17
40,-55,-14
39,-48,-4
28,-45,9
64,-38,11
68,-35,-3
47,-34,-25
47,-30,-15
55,-33,-9
55,-37,1
46,-40,16
48,-38,10
54,-31,-3
55,-36,6
52,-33,-6
48,-31,1
44,-34,10
56,-36,11
50,-39,9
48,-37,4
49,-33,7
53,-33,12
57,-31,15
75,-27,23
85,-29,22
51,-33,8
49,-38,1
56,-48,-4
39,-43,0
53,-38,6
52,-34,16
36,-23,23
36,-18,32
36,-15,31
39,-17,21
46,-13,16
63,-14,14
54,-15,10
48,-20,19
50,-22,20
53,-30,15
48,-31,12
29,-38,15
30,-41,22
38,-50,15
44,-54,16
48,-59,20
51,-57,21
46,-51,21
50,-56,24
38,-46,15
33,-45,12
36,-47,14
36,-47,12
35,-49,8
39,-50,9
49,-48,16
47,-42,16
40,-30,13
54,-35,12
72,-45,24
64,-38,17
51,-39,8
40,-34,8
42,-34,15
38,-32,6
39,-36,1
41,-48,9
48,-49,13
52,-43,8
47,-42,6
34,-42,18
31,-45,23
35,-44,11
41,-46,8
33,-43,8
40,-44,7
40,-53,11
37,-58,15
30,-57,20
27,-53,18
21,-52,10
20,-54,11
20,-56,12
18,-55,14
27,-57,22
24,-52,25
26,-52,23
25,-56,19
21,-58,15
18,-63,9
17,-65,9
19,-65,13
15,-65,12
10,-62,12
12,-62,12
17,-60,15
22,-60,14
17,-58,12
15,-59,12
13,-64,15
13,-64,12
8,-65,13
12,-66,16
21,-74,13
20,-77,10
23,-72,5
17,-71,8
19,-69,8
25,-69,18
26,-69,19
32,-60,15
27,-57,14
20,-46,14
25,-42,14
18,-39,16
16,-36,19
15,-35,24
9,-36,24
9,-41,23
13,-51,30
30,-60,38
23,-55,32
14,-49,25
12,-49,22
23,-53,20
30,-56,21
44,-60,30
43,-55,27
36,-48,16
37,-51,22
41,-52,21
41,-51,21
42,-50,23
40,-45,22
40,-44,22
40,-43,22
38,-44,20
37,-45,16
39,-45,18
38,-46,13
39,-41,11
40,-44,18
40,-44,18
38,-47,20
41,-48,17
46,-47,13
49,-48,14
53,-51,18
48,-58,21
37,-62,23
42,-60,23
50,-55,19
46,-50,26
47,-44,18
55,-42,4
46,-45,6
33,-54,9
32,-54,4
28,-48,15
32,-47,25
25,-42,30
27,-36,33
15,-17,62
16,-27,55
17,-38,21
21,-40,20
32,-50,32
35,-54,32
43,-55,30
46,-53,28
45,-43,12
56,-29,22
22,-15,45
2,-10,35
23,-8,41
32,-11,36
31,-14,27
46,-26,30
37,-32,24
51,-41,19
51,-49,13
45,-54,-3
47,-52,-11
76,-65,3
116,-88,64
62,-27,41
63,-36,32
44,-40,-14
46,-41,-18
52,-44,-4
52,-40,0
56,-35,6
68,-37,16
47,-36,10
50,-36,1
12,-54,9
24,-54,21
34,-51,37
28,-45,52
35,-42,47
33,-36,31
33,-39,27
32,-41,28
32,-40,28
28,-46,30
38,-48,25
43,-43,25
29,-39,27
24,-27,19
34,-26,22
28,-31,10
37,-38,18
48,-44,24
52,-43,18
55,-47,25
51,-48,35
64,-59,60
38,-40,43
52,-42,14
51,-54,8
47,-62,7
68,-51,10
56,-44,17
39,-32,19
31,-23,10
47,-33,3
40,-41,-4
49,-50,20
34,-46,19
56,-34,46
48,-33,35
43,-25,29
46,-23,27
48,-20,24
48,-28,25
53,-29,26
63,-27,24
56,-34,22
47,-32,22
48,-33,16
43,-32,17
28,-33,24
15,-30,30
16,-32,35
8,-41,29
5,-39,11
47,-48,25
40,-50,27
35,-48,29
26,-51,32
22,-58,29
26,-63,21
48,-69,34
55,-62,38
49,-41,47
35,-27,36
28,-40,19
38,-46,19
30,-46,25
31,-46,29
33,-51,24
37,-53,16
32,-63,3
39,-64,13
54,-71,9
31,-75,8
33,-65,14
26,-61,-6
28,-60,0
43,-60,11
39,-60,15
38,-50,17
39,-50,17
35,-47,20
29,-47,19
33,-45,22
29,-46,22
21,-45,61
28,-44,64
44,-48,-7
29,-57,6
12,-54,28
29,-53,41
18,-57,39
11,-58,37
10,-46,39
8,-42,39
16,-41,42
23,-46,45
28,-40,48
17,-35,39
18,-37,36
16,-39,36
16,-41,33
17,-45,38
12,-44,38
10,-44,35
16,-47,40
14,-50,41
9,-47,34
13,-42,33
20,-43,40
27,-45,42
24,-43,38
30,-52,38
30,-53,40
31,-52,42
29,-54,41
36,-58,42
41,-61,48
29,-48,29
24,-37,38
21,-33,34
23,-35,42
26,-39,46
22,-37,42
20,-31,41
25,-30,45
17,-27,41
23,-23,45
28,-35,54
35,-47,48
31,-43,42
18,-27,43
22,-21,44
6,-22,32
7,-23,28
17,-39,37
16,-45,42
19,-42,30
11,-44,41
34,-53,42
32,-67,37
29,-57,44
21,-51,41
17,-51,44
26,-54,26
29,-55,30
28,-58,34
23,-58,32
23,-57,31
25,-61,31
23,-67,22
20,-63,17
17,-53,22
14,-53,20
27,-46,29
8,-33,40
14,-36,45
15,-38,40
2,-40,32
3,-43,30
10,-48,27
3,-54,27
0,-66,34
1,-69,38
6,-63,38
8,-59,30
10,-54,29
13,-54,24
14,-56,22
22,-66,23
25,-68,24
13,-68,20
16,-71,19
21,-72,30
21,-68,33
17,-57,21
14,-52,19
11,-44,27
-3,-46,33
-13,-47,24
-4,-49,19
-7,-44,30
-10,-46,32
-8,-54,31
-4,-57,31
12,-66,31
29,-66,38
5,-67,21
4,-68,17
12,-65,17
7,-66,14
13,-68,15
8,-70,15
5,-73,18
2,-77,15
-1,-73,14
0,-69,20
6,-65,25
4,-53,15
-7,-51,17
-2,-49,32
-4,-40,27
-17,-35,20
-15,-35,24
-17,-46,34
-16,-50,33
-10,-56,34
-13,-61,36
-5,-70,28
7,-68,21
-8,-69,9
-4,-67,20
-2,-56,23
3,-68,13
4,-72,11
3,-73,15
0,-72,15
-6,-77,15
-6,-80,16
-2,-77,18
-4,-70,15
11,-58,19
11,-53,18
5,-42,15
8,-41,15
9,-42,29
-3,-43,27
5,-57,36
-9,-45,29
-18,-41,28
-9,-47,31
-3,-53,28
0,-56,24
1,-72,24
33,-75,20
19,-76,4
4,-74,27
25,-64,27
18,-64,19
21,-64,21
15,-57,30
11,-53,27
13,-56,31
11,-61,31
10,-60,28
8,-58,32
12,-55,38
17,-55,42
16,-50,37
18,-50,39
19,-52,41
19,-52,40
23,-48,36
21,-46,34
19,-50,30
8,-48,31
32,-44,29
29,-45,29
34,-36,25
34,-42,29
33,-42,29
31,-43,24
24,-43,24
-5,-32,36
17,-38,39
25,-34,36
43,-41,39
34,-38,37
35,-34,31
39,-37,31
35,-39,31
41,-42,37
39,-37,36
46,-37,28
51,-34,22
52,-31,25
52,-35,30
52,-38,14
56,-39,15
61,-42,25
51,-33,16
51,-31,18
47,-34,26
47,-37,29
35,-39,28
35,-46,31
68,-52,18
46,-51,13
-5,-52,57
22,-53,78
12,-38,31
9,-35,39
16,-26,46
18,-20,37
15,-23,37
19,-25,32
30,-28,31
28,-35,34
29,-46,42
43,-47,43
52,-46,34
46,-46,27
46,-41,26
39,-43,20
32,-46,20
49,-47,24
50,-45,25
36,-44,21
41,-46,16
50,-48,18
40,-49,17
43,-48,5
51,-58,7
52,-63,19
42,-49,13
45,-44,12
61,-42,22
51,-46,37
36,-30,27
49,-32,14
43,-34,6
48,-39,1
53,-41,-1
57,-35,-1
54,-32,4
64,-25,9
63,-30,4
59,-31,6
49,-29,17
48,-26,14
46,-31,11
49,-35,14
46,-39,13
44,-43,16
49,-49,20
53,-52,24
53,-48,26
42,-44,20
26,-38,30
25,-35,33
20,-27,36
18,-27,36
18,-27,33
22,-30,32
26,-35,31
20,-35,33
24,-37,32
17,-39,29
29,-43,36
34,-42,41
16,-43,-14
1,-46,23
51,-66,30
59,-70,46
39,-60,44
41,-45,16
4,-43,-2
24,-52,24
10,-49,11
29,-58,25
23,-60,21
39,-71,15
40,-75,23
26,-72,24
31,-69,20
37,-60,20
40,-55,9
34,-55,12
34,-56,11
30,-56,16
29,-57,19
29,-55,24
33,-53,21
31,-49,23
32,-48,21
31,-50,19
25,-55,25
24,-57,28
22,-52,32
20,-47,32
20,-46,29
21,-47,24
39,-43,34
38,-38,36
39,-40,35
31,-39,34
8,-36,44
7,-31,36
6,-37,32
12,-42,37
22,-48,39
23,-49,40
25,-36,37
24,-35,37
21,-32,36
22,-34,42
26,-38,42
33,-41,44
30,-41,44
37,-50,37
32,-50,35
28,-43,30
26,-40,31
31,-38,30
31,-41,31
30,-48,31
31,-52,36
35,-55,29
37,-56,30
28,-63,31
26,-60,28
29,-65,40
26,-61,37
34,-54,15
35,-53,15
45,-58,33
39,-51,24
43,-49,21
44,-46,25
43,-43,23
47,-35,27
48,-32,32
46,-27,28
47,-26,28
54,-32,34
53,-33,31
39,-39,37
39,-39,36
32,-38,23
30,-37,28
24,-47,45
16,-45,48
3,-45,49
1,-44,49
7,-39,44
10,-34,44
26,-37,43
25,-39,41
20,-37,45
22,-37,48
24,-34,50
21,-31,51
14,-29,48
9,-23,39
12,-25,41
13,-23,46
11,-23,45
21,-29,45
21,-32,46
27,-38,44
32,-38,40
36,-44,35
35,-47,36
39,-48,32
35,-50,28
32,-60,22
29,-62,17
39,-63,11
56,-63,13
48,-70,43
48,-64,43
39,-47,6
38,-52,7
42,-57,26
40,-54,29
41,-48,22
40,-44,22
38,-42,20
39,-40,19
37,-40,17
37,-40,20
40,-41,21
37,-41,22
35,-42,21
34,-40,23
33,-42,24
36,-41,22
39,-48,20
45,-44,31
40,-40,32
39,-38,33
40,-37,29
36,-41,32
36,-44,33
35,-46,32
32,-46,27
38,-40,33
35,-37,32
37,-35,30
40,-42,31
41,-44,28
40,-45,18
44,-46,20
41,-39,13
44,-42,16
48,-43,20
47,-41,17
49,-36,16
50,-35,18
52,-40,22
52,-43,29
39,-40,32
29,-36,27
40,-31,22
38,-33,34
38,-30,39
35,-25,39
30,-21,41
31,-18,38
26,-14,34
42,-18,25
42,-26,24
45,-35,31
49,-35,35
46,-33,27
51,-33,30
50,-40,39
45,-38,33
45,-43,31
48,-47,32
52,-50,9
48,-56,6
25,-63,19
14,-61,20
44,-47,39
42,-47,35
48,-41,27
50,-45,30
51,-47,16
39,-49,15
40,-45,14
43,-47,16
25,-46,12
29,-44,12
38,-41,15
41,-39,18
48,-41,22
48,-39,22
40,-39,21
49,-39,23
47,-43,22
47,-45,19
43,-42,19
42,-40,24
41,-40,21
42,-42,19
41,-44,20
39,-44,22
42,-45,24
47,-44,28
43,-44,27
41,-40,22
43,-38,21
42,-41,19
43,-48,22
17,-47,29
16,-39,23
2,-36,20
12,-39,29
41,-40,35
51,-31,34
53,-30,37
39,-35,41
39,-33,24
58,-59,14
58,-56,28
58,-51,6
44,-49,3
37,-43,12
35,-43,7
43,-50,20
43,-44,13
34,-53,9
33,-50,17
36,-53,25
33,-54,32
28,-56,23
27,-59,22
22,-64,16
24,-60,9
30,-50,12
39,-41,18
41,-40,17
46,-45,14
41,-47,13
42,-49,10
43,-49,9
40,-48,2
42,-47,5
45,-49,11
48,-47,13
49,-39,13
49,-36,10
46,-38,3
45,-40,3
43,-49,7
46,-53,9
42,-60,12
39,-66,19
24,-65,21
20,-66,16
40,-56,8
37,-53,9
12,-58,-5
63,-62,1
34,-53,6
30,-34,23
35,-31,18
25,-22,6
28,-18,13
49,-17,25
53,-15,25
51,-13,34
42,-27,36
64,-45,13
71,-48,5
60,-66,-9
84,-63,10
51,-50,-3
50,-56,-4
49,-48,2
49,-45,7
40,-39,8
39,-39,11
37,-41,16
36,-51,15
43,-54,13
39,-60,16
42,-59,19
48,-61,22
43,-55,18
27,-45,16
21,-44,17
29,-53,32
26,-59,31
38,-67,32
51,-69,33
15,-73,14
14,-69,15
34,-64,26
32,-59,28
36,-45,22
35,-37,22
22,-25,18
25,-27,23
24,-28,32
26,-31,31
32,-33,33
29,-29,42
29,-30,39
35,-34,31
38,-38,33
21,-39,31
29,-41,29
26,-45,32
21,-44,29
27,-46,28
29,-50,23
23,-63,13
33,-66,11
34,-65,7
50,-75,7
54,-82,21
33,-78,8
37,-73,15
39,-70,6
22,-67,13
32,-68,26
53,-60,26
47,-54,17
45,-43,13
40,-46,17
38,-41,16
40,-40,16
34,-38,17
26,-28,8
20,-24,1
47,-44,33
53,-52,34
46,-52,23
45,-50,14
39,-51,17
30,-55,20
34,-56,12
38,-55,11
39,-58,24
44,-54,20
16,-58,31
19,-57,33
29,-52,33
28,-48,34
22,-41,28
15,-35,25
13,-31,30
17,-27,28
20,-28,28
25,-30,27
32,-35,23
36,-42,20
46,-42,25
45,-47,31
50,-47,29
53,-46,28
48,-46,26
38,-42,14
72,-52,20
43,-112,29
30,-87,54
45,-36,13
32,-55,5
41,-60,20
39,-59,16
51,-47,-8
64,-43,10
41,-43,7
36,-43,5
40,-47,13
39,-44,17
44,-40,14
46,-41,1
44,-43,6
50,-34,1
51,-37,6
53,-44,9
50,-48,7
49,-42,16
45,-40,17
43,-36,13
41,-37,13
41,-44,6
37,-46,2
49,-38,5
46,-35,4
49,-38,7
45,-42,6
45,-41,3
53,-44,8
63,-42,6
55,-42,-6
49,-43,-10
29,-45,7
29,-46,11
42,-49,20
46,-54,23
56,-57,4
67,-63,-7
37,-47,-11
37,-41,-6
57,-34,5
47,-31,2
53,-29,13
56,-26,17
44,-24,8
44,-21,5
38,-20,8
41,-17,6
46,-12,7
65,-14,10
38,-15,14
46,-17,13
62,-24,12
62,-28,13
65,-29,0
63,-32,4
67,-48,-10
73,-73,-7
75,-79,14
52,-53,9
38,-46,3
40,-45,-7
42,-51,7
40,-53,21
39,-51,25
35,-51,17
31,-55,18
30,-57,21
29,-53,18
28,-48,10
36,-46,13
40,-43,13
39,-43,16
38,-43,12
42,-43,12
42,-44,8
40,-46,7
50,-43,13
45,-43,19
41,-42,15
46,-40,13
48,-41,17
41,-41,16
40,-41,18
33,-42,16
33,-40,10
42,-40,12
48,-40,7
48,-44,16
45,-44,18
42,-43,12
43,-42,18
48,-40,20
52,-39,21
49,-43,23
49,-43,23
50,-54,36
48,-56,35
28,-47,-8
26,-43,-5
30,-44,27
42,-39,38
50,-37,38
46,-33,29
42,-29,29
37,-23,28
34,-20,28
36,-16,27
39,-18,28
39,-23,28
36,-26,29
40,-32,29
42,-34,29
52,-36,32
52,-37,30
45,-39,17
49,-43,20
59,-80,48
40,-65,66
43,-51,20
56,-50,-9
39,-54,0
58,-52,6
44,-45,4
34,-39,15
41,-42,19
48,-50,15
43,-51,10
37,-47,5
39,-44,2
38,-42,5
36,-42,4
39,-43,6
39,-44,5
41,-45,5
40,-45,5
42,-45,13
43,-44,12
46,-43,12
40,-41,12
47,-44,4
47,-43,3
46,-38,4
46,-38,7
47,-39,2
48,-40,3
45,-40,1
48,-40,-1
50,-40,1
49,-40,0
46,-40,1
49,-39,10
52,-38,12
48,-38,13
49,-39,14
49,-41,18
49,-40,16
40,-43,13
36,-43,15
49,-43,22
48,-42,22
44,-40,15
43,-40,13
36,-42,12
32,-52,10
47,-60,15
39,-60,17
48,-59,33
47,-51,36
43,-37,34
43,-31,37
31,-23,36
23,-21,30
23,-24,29
29,-28,34
29,-29,37
37,-32,42
33,-33,39
35,-36,34
38,-39,30
35,-41,20
34,-42,23
33,-44,25
31,-43,28
26,-43,33
27,-43,32
40,-55,19
37,-54,18
34,-48,19
36,-40,15
41,-37,13
42,-41,17
50,-49,37
49,-42,21
37,-37,15
35,-39,22
41,-47,25
42,-55,28
36,-58,35
41,-55,36
38,-52,32
31,-47,19
31,-49,21
31,-52,20
33,-49,17
34,-56,13
42,-53,15
41,-45,21
44,-43,24
45,-40,25
40,-41,27
41,-47,26
38,-48,25
35,-53,30
32,-51,27
20,-50,12
26,-53,10
22,-52,17
22,-50,25
27,-51,31
24,-53,27
26,-51,22
33,-54,28
9,-55,19
28,-54,24
28,-49,29
29,-58,34
26,-53,35
25,-43,35
30,-42,32
32,-47,20
33,-46,16
40,-39,7
34,-33,8
28,-33,27
44,-32,37
52,-36,29
52,-37,41
45,-37,38
50,-38,28
37,-34,11
31,-34,22
31,-33,14
36,-36,17
49,-34,22
46,-34,22
41,-39,31
32,-45,4
106,-82,16
35,-63,43
67,-59,46
38,-44,11
37,-42,17
37,-38,16
40,-40,18
47,-43,19
44,-42,19
47,-41,22
46,-42,22
41,-42,26
37,-43,27
34,-45,24
36,-45,24
36,-41,21
40,-37,24
41,-36,25
45,-37,27
49,-47,26
44,-47,22
44,-48,23
31,-35,12
35,-35,14
42,-30,30
40,-27,38
54,-33,30
54,-26,26
57,-29,38
53,-35,34
51,-41,25
50,-43,20
52,-49,12
56,-49,17
49,-39,24
51,-34,24
46,-29,27
41,-28,31
36,-27,35
43,-23,30
42,-18,23
41,-20,15
42,-20,15
49,-19,16
46,-16,16
41,-14,19
38,-16,14
60,-31,20
58,-25,24
63,-17,29
54,-17,34
54,-27,33
59,-34,29
47,-27,28
43,-28,27
45,-33,14
48,-33,26
34,-33,21
40,-32,22
35,-36,22
98,-55,33
75,-57,33
33,-29,12
44,-27,8
48,-44,14
46,-46,-1
51,-55,-3
49,-50,6
43,-46,6
41,-47,13
52,-42,12
51,-42,9
51,-44,10
52,-43,12
54,-41,16
50,-35,12
51,-29,10
52,-28,14
49,-29,17
52,-35,15
51,-35,17
51,-32,14
51,-33,14
46,-33,15
50,-33,13
48,-36,14
46,-35,13
47,-37,13
49,-37,12
56,-29,9
54,-27,16
53,-30,21
51,-37,24
47,-37,16
46,-36,13
49,-37,13
47,-40,8
54,-54,10
53,-63,10
50,-60,8
43,-55,7
56,-52,15
62,-47,19
61,-33,24
58,-26,28
39,-7,33
41,-1,32
32,2,29
29,-3,41
44,-15,59
38,-19,45
39,-19,26
39,-20,20
35,-19,26
30,-22,33
33,-21,37
37,-23,34
36,-24,33
42,-26,31
43,-27,28
50,-31,17
54,-29,16
49,-35,9
51,-37,21
45,-43,22
65,-49,35
40,-46,25
41,-40,31
39,-41,31
42,-34,28
42,-29,32
46,-30,31
48,-33,33
48,-34,33
43,-33,34
38,-32,37
39,-32,36
42,-39,37
41,-38,32
40,-37,26
39,-40,29
41,-45,24
39,-48,18
65,-58,3
44,-62,12
36,-39,20
37,-44,23
17,-58,-9
17,-57,-12
29,-55,13
34,-52,11
59,-45,-1
73,-59,28
51,-36,21
51,-42,-1
47,-47,-6
42,-47,0
44,-48,2
41,-50,4
40,-52,6
38,-51,12
34,-47,16
30,-48,24
20,-48,19
18,-57,26
25,-60,27
28,-53,31
26,-52,32
29,-46,30
25,-43,29
26,-37,32
33,-35,31
19,-38,23
26,-39,22
24,-41,20
39,-53,21
42,-54,18
43,-55,5
43,-56,4
39,-51,14
43,-52,14
41,-53,24
37,-52,26
29,-44,24
27,-43,25
16,-43,24
17,-44,26
17,-51,24
13,-53,18
12,-54,12
20,-60,9
41,-68,20
71,-72,26
25,-61,1
28,-55,0
33,-54,22
25,-56,13
24,-62,24
29,-62,35
22,-57,30
24,-55,21
24,-53,19
27,-55,22
28,-55,21
28,-56,19
30,-56,17
27,-55,12
26,-54,14
23,-54,19
22,-53,22
24,-49,23
29,-50,23
28,-55,21
25,-56,18
21,-60,13
20,-60,10
16,-60,9
21,-57,13
20,-55,19
22,-53,21
26,-49,23
30,-50,19
32,-52,21
32,-57,22
33,-61,20
26,-64,14
23,-61,8
18,-55,1
16,-53,3
19,-54,15
22,-57,20
31,-60,22
31,-60,18
33,-60,15
29,-60,14
25,-61,18
24,-60,21
13,-54,29
5,-54,34
33,-60,15
29,-60,14
25,-61,18
24,-60,21
13,-54,29
5,-54,34
12,-54,22
20,-61,19
24,-59,20
22,-55,18
23,-54,20
24,-55,24
21,-47,25
16,-47,25
19,-48,21
22,-48,13
25,-49,10
34,-43,4
30,-43,5
22,-47,10
20,-48,10
38,-58,24
44,-63,31
34,-65,13
33,-61,3
37,-56,8
34,-53,5
34,-52,1
36,-58,0
41,-52,1
36,-52,1
34,-50,-6
39,-48,-7
34,-44,1
33,-43,4
35,-45,10
29,-56,5
30,-65,2
37,-64,5
32,-59,4
33,-56,7
36,-57,7
36,-60,10
39,-53,8
37,-50,5
37,-51,4
40,-52,10
36,-53,10
35,-53,12
35,-54,14
39,-59,15
41,-53,17
36,-38,12
39,-39,19
38,-41,25
37,-40,22
40,-41,25
42,-40,12
50,-45,12
42,-45,10
37,-42,5
34,-40,-2
28,-40,1
43,-54,28
50,-56,42
46,-54,22
38,-52,8
34,-49,8
34,-49,22
34,-49,25
29,-49,19
37,-43,20
38,-40,21
31,-36,22
29,-33,26
23,-26,26
36,-20,21
37,-21,23
30,-30,25
43,-41,30
46,-44,33
46,-56,34
51,-55,17
64,-60,25
31,-57,16
22,-55,19
24,-52,20
19,-54,17
27,-57,19
42,-61,21
37,-60,16
28,-61,17
24,-56,13
30,-52,12
18,-53,8
18,-53,10
15,-56,10
19,-53,7
22,-51,9
21,-57,12
34,-63,25
27,-57,39
19,-44,53
37,-42,48
35,-35,19
23,-40,15
19,-39,4
21,-55,1
19,-69,5
34,-65,5
16,-63,-9
39,-69,23
40,-68,11
36,-60,4
37,-55,12
31,-49,18
34,-49,19
36,-53,10
36,-51,4
44,-48,0
43,-48,0
37,-51,0
34,-54,1
27,-57,6
32,-55,15
37,-50,13
31,-52,6
30,-55,2
32,-57,-2
32,-56,-2
29,-54,6
23,-54,11
20,-59,15
22,-63,18
27,-69,17
33,-71,17
36,-66,16
36,-62,11
24,-60,7
21,-60,13
22,-52,23
18,-53,25
14,-50,26
14,-49,25
9,-53,27
7,-55,28
13,-53,34
12,-49,33
9,-48,31
10,-49,36
14,-47,38
12,-41,32
3,-42,27
5,-44,22
9,-52,29
41,-41,33
19,-39,28
3,-45,20
-4,-45,22
14,-46,45
21,-51,43
3,-56,27
6,-55,22
6,-61,23
13,-70,22
46,-67,45
30,-54,35
26,-43,33
31,-42,32
29,-43,42
31,-42,36
28,-43,19
47,-53,18
43,-53,9
39,-54,7
39,-55,9
39,-55,17
36,-55,15
31,-61,22
24,-63,27
21,-59,20
19,-62,16
27,-60,18
30,-57,21
33,-54,15
29,-52,8
38,-53,8
47,-50,12
36,-47,11
39,-48,10
37,-50,8
36,-52,11
39,-52,17
44,-50,16
53,-49,18
42,-48,21
31,-40,22
47,-32,15
61,-31,15
66,-40,26
64,-42,21
18,-54,-10
16,-64,-5
31,-59,-1
33,-61,-2
23,-65,4
21,-61,4
16,-69,4
14,-72,5
6,-74,6
11,-74,9
20,-70,3
20,-68,16
20,-61,24
23,-57,30
23,-47,32
20,-44,30
24,-36,28
23,-34,31
20,-34,33
18,-34,32
22,-35,37
25,-36,37
19,-36,33
19,-34,29
20,-34,28
14,-38,22
23,-41,25
33,-43,15
32,-47,9
45,-65,-2
41,-70,-2
51,-80,0
23,-94,38
52,-79,20
31,-64,1
31,-61,19
32,-52,9
33,-71,12
27,-58,5
37,-38,-7
34,-32,-3
34,-31,12
42,-37,23
45,-40,24
49,-42,21
49,-41,27
49,-36,26
53,-29,20
49,-22,8
50,-26,15
52,-45,7
55,-51,1
48,-46,2
49,-43,-1
46,-40,3
47,-41,9
46,-43,18
42,-44,21
45,-44,25
43,-43,25
37,-46,24
30,-48,23
26,-43,24
35,-40,11
31,-55,10
36,-65,53
54,-57,91
35,-47,51
44,-41,38
38,-44,36
31,-45,41
26,-40,36
24,-37,27
12,-35,24
15,-34,26
36,-32,25
39,-35,28
18,-37,50
36,-41,56
37,-38,43
35,-39,34
39,-39,27
31,-40,23
27,-42,16
35,-46,7
54,-58,7
46,-58,3
31,-53,3
43,-60,-6
52,-67,5
42,-63,-16
49,-73,27
74,-58,27
44,-47,13
55,-45,8
57,-47,13
46,-39,19
41,-39,23
41,-37,33
38,-33,27
46,-38,12
42,-42,5
44,-42,14
44,-43,12
39,-39,2
39,-50,10
19,-42,41
59,-38,31
18,-28,33
8,-22,35
47,-17,51
27,-33,37
31,-38,44
26,-37,31
31,-38,33
37,-37,32
43,-41,33
41,-46,41
53,-46,47
27,-41,20
19,-41,15
29,-51,18
28,-56,16
28,-54,18
21,-51,18
23,-48,25
22,-47,26
20,-53,27
21,-56,29
12,-60,14
20,-66,4
22,-87,33
25,-82,35
23,-69,15
25,-62,6
34,-65,18
37,-59,16
38,-55,12
43,-50,5
41,-49,3
45,-45,7
45,-43,9
46,-38,12
46,-39,13
48,-39,8
49,-37,6
45,-37,10
43,-38,11
45,-40,17
36,-41,21
34,-50,29
42,-49,26
46,-53,15
41,-52,17
40,-46,26
37,-41,24
25,-38,20
26,-34,20
24,-32,19
24,-33,20
25,-36,23
25,-39,26
29,-38,26
34,-38,18
35,-40,20
28,-53,24
28,-55,15
49,-68,25
59,-83,42
53,-61,1
54,-38,-7
44,-32,-8
43,-42,0
44,-70,8
49,-66,9
38,-53,0
37,-50,-1
45,-46,10
47,-42,9
46,-39,13
54,-30,3
51,-32,9
49,-36,8
46,-37,-1
42,-43,-7
41,-41,-5
39,-47,7
36,-51,17
39,-52,25
42,-53,20
41,-57,10
50,-60,5
40,-56,3
30,-52,8
31,-52,26
29,-54,31
27,-48,37
24,-43,38
20,-33,30
15,-32,28
14,-28,23
5,-23,22
14,-19,13
36,-32,35
36,-38,28
56,-54,8
69,-65,3
48,-79,6
26,-86,24
43,-51,13
48,-62,10
35,-66,4
37,-65,10
43,-55,15
39,-47,7
39,-42,5
40,-42,4
39,-45,4
40,-45,5
42,-45,3
42,-43,2
45,-43,7
43,-44,6
43,-37,3
46,-39,0
49,-45,0
51,-48,3
53,-46,14
45,-50,36
42,-52,33
27,-71,22
17,-74,25
3,-69,29
22,-65,31
19,-71,14
22,-69,23
17,-57,23
7,-50,22
6,-36,30
2,-29,32
-6,-26,28
3,-25,28
9,-29,26
19,-36,27
38,-51,36
39,-55,32
40,-54,17
45,-51,21
47,-56,19
19,-76,3
28,-84,30
44,-60,33
37,-57,11
52,-53,14
52,-54,14
38,-58,14
35,-56,16
35,-46,19
34,-45,21
35,-53,12
37,-51,9
32,-50,9
36,-52,6
34,-55,-2
33,-57,-1
34,-52,4
37,-52,4
39,-51,2
41,-51,4
40,-50,10
34,-53,7
41,-48,-4
38,-47,-1
37,-48,-2
38,-53,-6
36,-53,-5
39,-53,-2
41,-52,-2
40,-54,3
40,-55,5
39,-60,14
36,-63,10
38,-58,11
32,-58,7
53,-48,11
48,-48,11
44,-40,19
40,-33,23
26,-19,18
25,-13,17
15,-12,15
25,-14,19
38,-17,22
63,-23,27
93,-32,27
48,-29,9
47,-31,1
58,-34,7
57,-39,13
61,-43,4
47,-52,11
79,-58,27
55,-56,3
44,-55,-15
46,-66,-7
40,-56,1
45,-56,5
42,-47,11
34,-42,5
31,-49,-2
30,-51,1
34,-49,7
38,-49,6
36,-50,6
38,-50,2
35,-49,-1
39,-49,-2
40,-49,1
40,-46,0
43,-44,-2
46,-44,-3
47,-44,-4
47,-42,-3
46,-41,-2
46,-40,-8
47,-40,-7
49,-41,-4
48,-43,-5
47,-41,-7
49,-41,-5
46,-43,-3
44,-46,-1
45,-51,3
44,-51,0
50,-52,-1
47,-51,1
58,-48,1
56,-44,-2
56,-40,-7
54,-36,-4
55,-28,-1
52,-18,0
49,-15,3
49,-15,6
46,-18,12
53,-20,13
56,-20,11
47,-20,8
46,-22,6
46,-22,6
46,-26,4
48,-30,15
46,-28,21
47,-27,10
48,-27,12
51,-31,13
52,-31,11
51,-37,19
50,-36,15
51,-35,17
51,-34,17
48,-35,18
44,-37,20
45,-37,21
40,-40,12
58,-50,15
51,-43,26
48,-37,17
49,-36,15
52,-38,16
48,-40,13
49,-42,17
44,-43,16
43,-44,18
45,-44,18
48,-44,17
45,-41,18
44,-38,15
42,-39,18
44,-41,21
51,-48,17
56,-53,16
53,-56,21
49,-55,21
50,-50,17
50,-48,18
47,-43,21
39,-40,25
34,-38,26
29,-39,28
29,-40,27
29,-37,27
33,-33,25
39,-33,19
41,-36,16
35,-42,12
43,-44,10
52,-44,13
53,-40,14
54,-35,11
52,-36,12
53,-39,9
53,-44,6
54,-41,-1
59,-41,7
43,-31,11
54,-26,16
42,-20,18
39,-24,21
28,-37,24
32,-48,5
79,-52,15
65,-48,3
56,-47,0
59,-45,-2
61,-54,-1
40,-50,43
42,-39,32
32,-52,14
31,-57,6
35,-54,5
37,-55,9
32,-55,27
29,-56,35
34,-51,26
39,-48,17
19,-63,10
13,-63,16
22,-53,31
24,-50,30
21,-48,26
19,-48,25
32,-50,26
16,-54,24
19,-52,24
19,-53,23
24,-53,21
38,-50,29
26,-49,31
56,-41,28
49,-32,29
40,-20,29
34,-13,20
22,-10,10
13,-15,23
64,-38,41
82,-43,39
77,-43,29
75,-47,29
64,-40,18
76,-37,14
68,-36,3
63,-31,-9
59,-31,1
53,-26,4
47,-19,20
52,-18,33
52,-19,32
49,-18,26
54,-20,25
38,-16,13
40,-17,15
24,-16,19
30,-19,24
92,-24,46
127,-50,58
39,-49,36
45,-51,32
28,-44,37
21,-31,35
15,-28,38
15,-26,37
21,-31,41
20,-31,38
18,-28,49
5,-19,54
9,-38,51
24,-44,34
34,-45,22
31,-47,26
41,-49,31
44,-56,34
44,-60,33
36,-54,22
43,-51,18
35,-63,12
60,-82,50
71,-42,38
67,-38,27
56,-42,16
54,-42,13
58,-42,15
51,-37,16
45,-37,29
43,-38,27
43,-32,29
46,-34,22
45,-37,21
47,-34,26
45,-41,24
44,-46,23
37,-44,23
47,-38,42
34,-35,43
22,-28,24
35,-29,31
38,-36,43
46,-36,44
32,-34,29
35,-37,32
22,-30,46
49,-25,42
44,-22,34
19,-32,36
35,-23,30
23,-22,19
14,-33,26
14,-36,17
43,-47,25
55,-53,27
54,-62,14
58,-65,11
57,-76,19
50,-74,21
35,-60,21
47,-39,7
45,-35,10
63,-37,12
64,-35,16
42,-23,15
41,-25,15
54,-25,16
64,-27,13
53,-32,6
46,-27,5
38,-21,12
39,-17,18
64,-14,22
62,-18,17
55,-31,32
54,-34,33
47,-28,25
41,-26,24
47,-30,23
46,-32,26
49,-27,18
59,-29,14
64,-30,21
53,-35,13
55,-34,17
39,-39,24
42,-36,26
32,-33,34
35,-30,26
22,-21,26
19,-20,26
22,-22,27
26,-22,31
29,-27,36
31,-31,30
59,-41,29
66,-43,33
73,-46,30
70,-40,22
52,-33,20
65,-35,20
85,-55,35
49,-39,43
59,-19,1
60,-32,-12
50,-38,-19
53,-37,-9
54,-35,1
61,-32,38
67,-25,6
43,-31,17
40,-36,17
55,-39,24
55,-40,30
47,-30,24
51,-28,29
50,-21,35
45,-19,28
49,-19,25
52,-21,29
59,-15,26
59,-15,22
49,-22,25
47,-21,24
36,-25,34
31,-29,33
33,-36,38
37,-36,38
37,-33,35
35,-24,43
36,-23,49
29,-21,45
37,-20,42
46,-24,38
46,-26,33
39,-31,32
45,-29,30
41,-30,29
33,-32,36
40,-31,33
53,-32,42
49,-32,47
48,-30,57
51,-19,52
61,-15,31
62,-17,18
61,-13,26
62,-14,23
52,-13,14
40,-16,15
37,-18,11
38,-23,9
44,-35,22
48,-37,31
51,-44,29
44,-44,29
43,-48,24
53,-57,29
47,-67,34
45,-64,27
46,-50,30
44,-47,21
39,-44,12
42,-44,13
44,-45,23
39,-43,24
41,-43,20
39,-44,18
40,-44,17
41,-45,18
48,-43,21
51,-42,22
51,-40,32
52,-40,33
43,-39,28
36,-34,29
30,-29,29
22,-26,28
28,-26,36
50,-33,40
54,-32,35
45,-31,46
37,-26,42
30,-21,45
31,-21,47
26,-29,37
24,-30,30
49,-31,39
46,-32,41
47,-22,50
48,-16,46
46,-7,35
45,-6,32
26,-12,23
25,-15,28
45,-24,32
48,-30,31
59,-30,27
70,-29,32
45,-27,40
62,-20,24
54,-25,16
44,-54,21
40,-56,25
46,-60,40
50,-51,56
29,-45,23
31,-44,31
37,-49,29
44,-47,23
41,-47,22
47,-43,24
37,-44,18
43,-43,20
39,-37,20
44,-36,20
46,-36,21
48,-36,19
46,-39,21
44,-36,19
46,-35,20
43,-33,20
44,-31,20
47,-38,16
41,-38,14
39,-41,18
36,-41,19
32,-36,24
37,-34,22
39,-40,27
41,-48,30
43,-54,35
48,-50,32
46,-43,21
43,-40,17
45,-37,19
41,-37,18
41,-44,34
46,-40,31
42,-45,15
41,-45,25
39,-42,11
45,-33,5
47,-28,5
47,-25,1
48,-23,6
59,-47,23
62,-59,28
59,-48,0
57,-47,3
41,-30,5
43,-26,-3
54,-25,-4
65,-29,8
55,-40,16
58,-47,13
61,-47,25
52,-39,45
32,-25,56
32,-17,40
37,-20,40
34,-23,42
34,-18,43
34,-14,46
34,-12,50
41,-14,58
23,-13,30
32,-9,34
34,-8,34
27,-5,32
49,-12,41
39,-19,41
43,-21,39
42,-30,37
33,-31,30
39,-33,33
45,-34,27
47,-45,27
50,-48,23
51,-46,20
54,-47,22
54,-43,18
51,-41,15
46,-52,16
49,-58,22
46,-66,47
34,-61,33
30,-53,18
33,-48,24
36,-48,24
37,-47,22
44,-45,22
40,-42,26
39,-40,27
47,-43,30
41,-42,28
35,-39,18
39,-41,20
40,-39,18
42,-40,19
42,-38,24
45,-37,25
45,-33,25
45,-33,25
47,-33,23
50,-29,21
38,-35,30
36,-35,34
32,-27,29
41,-27,29
38,-21,32
31,-20,44
16,-26,51
27,-34,51
43,-32,39
32,-36,24
52,-55,27
31,-66,19
31,-64,24
27,-47,43
5,-43,52
17,-44,19
12,-42,10
17,-39,30
22,-36,33
27,-31,24
38,-34,25
17,-59,37
46,-69,35
34,-67,27
35,-77,35
54,-58,17
47,-56,4
41,-55,3
41,-52,5
45,-40,-2
36,-43,4
34,-42,-2
41,-42,1
35,-42,6
37,-46,22
41,-48,22
52,-51,25
42,-56,23
48,-48,10
40,-48,13
28,-48,11
37,-52,17
42,-53,18
37,-43,14
45,-33,14
46,-35,15
51,-48,14
37,-56,11
27,-64,17
26,-66,19
20,-65,19
27,-66,19
46,-67,19
41,-60,14
42,-50,16
41,-38,17
34,-33,17
31,-26,17
26,-23,13
28,-18,10
33,-18,8
45,-21,5
56,-24,9
51,-35,12
55,-39,5
73,-58,16
80,-59,28
58,-49,19
40,-50,19
49,-37,10
48,-38,-1
52,-40,2
54,-38,3
52,-42,3
50,-41,1
46,-45,0
43,-46,-3
43,-46,-1
43,-43,2
42,-44,4
46,-46,1
48,-44,4
44,-49,2
48,-48,1
42,-40,12
38,-37,17
43,-42,7
47,-47,8
46,-54,15
41,-56,18
38,-55,21
38,-55,21
28,-53,18
30,-55,19
35,-56,24
36,-56,32
30,-53,36
29,-51,38
30,-40,26
26,-40,23
28,-31,16
23,-28,3
29,-32,1
39,-35,14
42,-35,19
43,-39,19
41,-44,19
53,-53,13
64,-54,4
76,-54,4
81,-53,10
61,-40,20
22,-34,18
37,-45,14
46,-54,10
43,-56,-2
40,-53,-2
46,-52,5
46,-50,7
41,-47,5
45,-44,6
49,-47,-5
50,-49,-3
50,-55,9
36,-46,7
29,-42,4
38,-45,11
34,-52,14
34,-60,13
32,-57,13
18,-61,25
17,-63,29
23,-65,31
22,-67,26
40,-71,27
28,-65,24
23,-67,23
23,-62,22
23,-51,13
20,-44,11
22,-36,10
30,-39,15
35,-39,11
42,-38,9
49,-37,14
54,-37,18
58,-36,19
53,-31,8
52,-32,10
60,-46,18
63,-52,19
53,-53,11
49,-54,8
43,-56,25
45,-49,20
45,-42,7
42,-45,10
42,-51,10
44,-53,10
41,-52,5
38,-50,6
37,-47,1
32,-48,3
32,-50,2
34,-51,2
33,-55,9
36,-53,10
36,-53,12
37,-55,11
36,-61,15
33,-65,21
29,-64,23
28,-58,26
26,-57,28
19,-61,19
22,-64,16
16,-63,9
19,-61,15
24,-54,20
25,-52,27
28,-43,27
28,-39,26
33,-38,23
32,-37,21
31,-40,15
33,-41,14
36,-43,12
40,-46,9
40,-51,9
42,-53,7
42,-51,5
59,-54,-1
59,-67,9
49,-68,30
53,-52,14
36,-47,-3
36,-54,0
40,-57,9
37,-58,8
33,-56,3
31,-56,5
31,-54,3
31,-52,3
34,-51,3
37,-52,1
38,-51,1
40,-52,0
39,-51,0
37,-50,0
37,-50,5
37,-51,4
36,-55,8
35,-57,10
33,-60,17
31,-60,18
28,-56,19
29,-59,21
30,-61,31
16,-66,40
35,-55,24
9,-44,1
-16,-43,8
21,-38,41
27,-35,37
37,-37,40
38,-37,34
49,-34,25
40,-40,19
33,-51,24
31,-46,24
33,-45,18
35,-47,16
36,-52,5
37,-50,1
53,-49,3
44,-50,-7
52,-70,8
55,-63,27
36,-54,-12
33,-54,-5
40,-52,-9
55,-47,-7
58,-53,3
36,-54,-9
31,-56,-6
29,-59,-8
33,-62,-8
30,-50,-4
31,-48,-5
39,-47,-1
42,-45,-2
47,-48,-11
47,-48,-10
41,-45,-9
40,-42,-11
39,-40,-15
38,-48,-13
36,-51,-10
36,-54,-9
33,-54,-4
24,-52,-10
34,-51,-8
39,-52,-5
35,-52,-5
43,-50,-1
42,-54,5
45,-61,14
44,-64,13
42,-66,16
38,-64,23
28,-52,11
29,-50,13
41,-45,21
45,-42,18
31,-32,3
32,-31,9
31,-30,4
31,-31,3
45,-33,11
46,-30,11
50,-29,10
56,-29,0
58,-38,-7
58,-43,-7
52,-48,1
55,-53,5
65,-54,7
58,-68,6
46,-59,10
51,-40,-8
49,-39,-11
51,-46,-12
61,-45,-17
55,-45,-9
51,-42,-7
41,-43,-2
38,-41,-1
34,-45,-5
32,-49,-3
33,-56,-1
30,-57,-3
39,-52,-7
38,-51,-6
37,-46,-11
40,-45,-9
39,-48,-4
41,-50,1
39,-50,2
43,-52,0
50,-54,2
51,-59,2
46,-63,3
50,-58,11
52,-52,16
50,-36,23
41,-26,31
47,-20,43
49,-19,41
48,-18,28
47,-17,24
40,-14,28
25,-16,34
20,-27,38
-2,-32,14
38,-52,23
40,-50,24
43,-47,16
49,-49,15
65,-64,3
56,-55,-1
53,-44,26
36,-39,22
38,-42,23
41,-47,22
36,-47,16
46,-48,29
43,-44,24
40,-42,23
42,-38,18
39,-33,15
35,-35,18
43,-27,19
44,-25,22
48,-39,51
63,-38,42
31,-31,26
30,-47,55
35,-39,34
41,-38,38
41,-37,36
41,-32,37
34,-20,27
38,-15,31
39,-18,30
38,-22,32
37,-27,37
43,-33,35
38,-35,28
45,-37,19
41,-42,23
34,-51,8
34,-55,3
59,-57,16
55,-58,12
64,-73,21
60,-68,29
47,-57,20
42,-52,16
43,-50,10
47,-49,22
45,-44,26
46,-39,19
47,-32,17
47,-30,17
48,-31,17
43,-31,21
39,-31,22
36,-32,25
39,-33,24
35,-40,20
28,-43,20
34,-48,30
37,-47,32
43,-41,23
36,-44,20
34,-42,33
35,-45,34
31,-39,35
31,-37,36
27,-35,38
23,-35,36
21,-38,27
23,-42,24
33,-52,28
40,-52,31
55,-47,19
54,-46,15
50,-37,16
48,-29,31
70,-14,27
56,-15,2
49,-23,0
41,-35,-1
55,-49,10
56,-63,44
49,-57,46
42,-38,17
37,-40,9
52,-30,3
51,-25,-3
44,-42,7
48,-45,21
45,-47,25
48,-47,23
41,-56,25
40,-58,27
36,-53,27
28,-47,21
49,-30,12
67,-28,21
3,-32,15
35,-43,38
61,-36,57
36,-38,37
33,-44,39
33,-50,37
29,-26,37
37,-47,54
39,-47,52
37,-38,17
41,-30,7
51,-10,24
58,-8,50
26,-5,16
33,-14,26
20,-30,25
23,-29,22
36,-26,28
51,-28,34
68,-47,54
77,-38,55
49,-41,35
51,-42,31
65,-36,40
62,-32,36
55,-34,23
50,-36,30
50,-34,34
40,-27,26
48,-32,40
44,-31,26
48,-31,22
50,-34,27
49,-33,26
51,-38,19
50,-40,15
35,-45,23
18,-48,25
37,-50,53
34,-51,54
37,-44,48
43,-45,49
43,-30,31
41,-29,28
28,-21,25
23,-21,27
35,-20,32
36,-14,32
32,-13,37
32,-6,35
32,-7,42
28,-11,36
31,-10,34
31,-16,34
39,-21,32
60,-42,45
67,-54,51
90,-60,56
71,-59,51
44,-35,24
46,-28,23
41,-26,17
44,-27,19
59,-37,40
58,-38,45
44,-34,40
49,-32,39
42,-26,27
40,-26,28
42,-23,29
44,-26,28
41,-26,27
47,-39,26
34,-36,11
38,-46,34
31,-44,55
40,-39,51
39,-33,44
48,-29,47
51,-25,47
32,-18,30
23,-14,33
26,-13,38
22,-10,35
28,-10,34
33,-10,37
36,-16,39
41,-20,45
49,-32,45
37,-31,41
46,-36,35
42,-37,26
51,-48,27
45,-51,23
30,-51,14
49,-72,39
73,-80,32
54,-42,30
49,-45,21
36,-43,13
35,-41,12
35,-46,16
40,-54,26
40,-56,53
35,-50,55
30,-38,26
41,-41,21
44,-38,16
44,-35,17
49,-30,22
47,-23,23
56,-24,22
56,-35,22
17,-51,15
28,-49,20
34,-50,37
36,-40,41
38,-37,42
33,-31,46
32,-31,46
26,-29,40
20,-30,41
16,-27,39
15,-26,39
23,-27,44
18,-26,46
17,-21,43
21,-23,46
32,-30,45
27,-31,41
39,-31,31
43,-32,28
49,-39,34
64,-44,35
63,-58,10
73,-71,29
96,-58,17
48,-58,-14
59,-40,25
45,-34,1
53,-43,7
59,-50,27
51,-40,23
42,-29,15
44,-25,15
48,-29,24
50,-27,26
42,-24,27
46,-25,27
55,-25,24
56,-28,20
57,-28,22
59,-22,32
56,-29,37
50,-21,36
38,-13,30
40,-7,27
43,-8,29
43,-9,34
25,-7,24
24,-6,19
39,-8,22
38,-14,20
40,-15,24
38,-15,27
54,-11,29
126,-49,101
83,-32,72
26,-5,3
57,-12,19
52,-23,29
54,-27,27
61,-25,25
65,-23,30
53,-17,12
52,-14,4
56,-17,9
55,-18,8
53,-28,17
52,-27,15
50,-35,19
51,-39,21
53,-39,14
55,-37,13
55,-39,12
53,-37,12
45,-37,12
41,-34,13
44,-35,13
56,-34,17
66,-35,23
53,-31,24
59,-26,25
55,-22,21
53,-23,20
55,-22,22
58,-21,25
49,-20,23
51,-19,27
62,-16,36
58,-13,34
60,-10,36
63,-9,40
54,-8,39
61,-5,40
40,0,31
30,1,35
40,2,44
39,0,47
42,2,55
34,5,52
26,8,47
36,12,41
38,14,39
34,11,47
55,13,54
30,8,39
37,9,38
37,4,47
35,3,55
38,6,55
26,9,55
27,11,58
29,11,57
23,13,51
23,13,52
30,11,59
25,8,59
30,8,56
28,13,53
26,13,48
34,12,45
31,17,47
41,22,52
41,20,41
48,16,55
39,20,63
36,14,49
38,11,51
48,16,70
38,15,49
1,-13,46
22,11,42
24,7,42
34,11,44
38,17,47
45,19,49
41,20,47
40,19,45
40,15,46
40,12,48
30,6,62
23,5,62
17,5,61
18,5,65
36,10,58
22,5,32
16,1,45
28,-5,24
24,-11,22
11,-22,39
11,-22,42
17,-25,31
16,-29,20
26,-42,-2
33,-50,-9
40,-71,-12
45,-94,-10
64,-128,-6
64,-128,-12
63,-101,-8
60,-82,6
16,-83,1
24,-83,2
51,-70,-12
56,-66,-12
53,-57,8
47,-51,14
55,-46,19
61,-39,31
61,-39,34
60,-45,39
59,-53,43
39,-51,35
33,-46,32
24,-36,33
27,-30,35
19,-17,24
14,-11,16
8,-19,25
2,-20,29
-18,-21,27
-26,-27,31
-27,-44,38
-27,-51,32
9,-94,85
5,-65,60
-20,-52,48
-2,-40,43
1,-33,54
-12,-32,58
2,-30,61
-12,-40,54
-9,-38,47
7,-38,56
10,-34,43
9,-37,31
10,-39,37
-4,-48,46
-5,-51,53
15,-39,58
4,-37,50
2,-36,51
4,-36,56
4,-39,50
5,-38,51
18,-36,48
16,-38,50
6,-35,50
4,-39,46
12,-46,46
15,-46,49
8,-46,41
14,-47,30
9,-43,52
8,-46,49
12,-46,40
17,-43,44
15,-40,45
17,-42,43
10,-43,38
7,-43,44
1,-44,41
7,-41,44
22,-41,43
41,-37,51
34,-38,49
34,-44,39
30,-45,38
23,-42,34
33,-39,39
31,-39,42
25,-38,41
21,-37,45
13,-38,43
20,-42,46
16,-43,46
16,-42,46
20,-40,44
20,-41,43
15,-41,44
15,-41,46
19,-39,45
17,-38,44
17,-36,48
17,-37,51
20,-40,47
20,-41,45
19,-40,46
15,-40,46
12,-41,48
12,-41,48
14,-39,47
15,-39,48
14,-39,49
14,-40,47
19,-38,45
20,-36,48
22,-38,52
17,-38,49
13,-37,48
7,-38,51
7,-38,51
9,-37,48
12,-37,48
11,-38,49
13,-37,49
17,-36,51
18,-36,50
17,-38,48
17,-39,48
15,-39,48
16,-39,48
17,-38,48
16,-37,48
16,-38,48
18,-38,48
16,-37,48
16,-37,49
16,-38,48
17,-39,48
19,-38,49
18,-37,49
18,-37,48
18,-38,48
18,-36,47
19,-36,49
19,-37,49
20,-37,47
20,-38,46
22,-38,48
22,-37,47
20,-37,47
19,-37,47
19,-37,47
20,-37,50
20,-36,50
19,-37,48
18,-37,45
19,-37,48
22,-35,50
21,-35,47
19,-37,47
20,-36,49
21,-36,47
20,-36,49
19,-37,49
18,-37,48
18,-37,48
19,-37,49
17,-37,48
20,-37,48
21,-37,47
20,-36,48
19,-37,48
18,-37,48
18,-37,48
19,-36,48
19,-36,48
20,-37,48
20,-36,48
20,-37,48
21,-36,46
20,-35,48
19,-36,49
22,-37,47
22,-37,45
22,-35,48
21,-36,48
21,-37,48
21,-36,47
21,-36,47
20,-37,48
22,-37,48
23,-36,47
22,-36,47
21,-38,48
20,-37,47
21,-34,47
22,-35,48
23,-36,47
22,-37,47
23,-36,46
23,-35,45
23,-36,47
24,-36,47
23,-36,47
21,-37,47
22,-35,47
22,-36,48
22,-37,47
23,-37,46
21,-36,47
22,-36,48
22,-36,48
23,-36,46
23,-36,46
22,-36,47
22,-35,47
23,-36,47
23,-37,47
21,-37,46
20,-37,47
23,-37,47
24,-37,46
23,-36,46
21,-37,47
20,-37,48
21,-36,47
24,-35,47
26,-36,50
21,-38,44
20,-38,45
19,-36,48
20,-37,47
22,-38,45
20,-38,47
21,-38,48
23,-37,46
23,-37,47
20,-38,47
19,-38,47
19,-37,47
20,-38,46
20,-38,46
20,-37,47
21,-38,48
20,-38,47
19,-37,46
20,-37,47
20,-37,49
18,-37,48
18,-37,47
19,-38,46
20,-37,46
21,-37,48
21,-38,48
19,-37,47
21,-36,47
20,-37,45
20,-37,48
21,-37,48
21,-36,48
19,-37,47
21,-37,47
21,-36,48
21,-37,47
21,-38,46
19,-38,47
17,-38,47
19,-38,48
21,-37,47
21,-36,47
22,-37,46
20,-38,42
20,-36,48
23,-35,52
24,-37,47
22,-37,47
22,-37,45
25,-34,46
24,-35,46
24,-37,47
23,-37,47
22,-37,47
22,-37,45
25,-34,46
24,-35,46
24,-37,47
23,-37,47
23,-36,46
23,-37,46
23,-36,46
24,-36,46
25,-36,46
24,-36,45
25,-36,46
25,-36,46
23,-36,46
23,-36,43
22,-37,46
25,-37,46
28,-36,48
26,-36,48
23,-35,50
25,-35,47
28,-34,46
25,-35,39
27,-35,45
26,-34,48
27,-36,45
23,-37,47
26,-36,46
27,-35,45
26,-35,45
24,-35,46
23,-35,46
24,-36,46
24,-36,45
22,-37,46
21,-37,47
26,-35,50
25,-36,49
21,-37,47
23,-35,46
22,-36,45
22,-36,47
20,-36,47
23,-36,45
23,-36,46
24,-36,47
23,-36,47
23,-36,47
23,-36,45
23,-36,46
23,-37,47
22,-36,47
23,-36,47
23,-36,46
23,-36,47
23,-36,47
23,-36,47
23,-36,46
24,-36,46
23,-37,46
23,-37,46
23,-36,46
23,-36,46
24,-37,46
23,-37,46
25,-36,46
24,-36,46
23,-36,46
24,-36,46
24,-36,46
23,-36,46
23,-36,46
23,-36,46
23,-37,47
23,-36,46
23,-36,47
24,-36,48
23,-36,46
23,-35,46
23,-35,45
39,-38,33
31,-38,45
20,-37,48
20,-39,47
25,-36,46
28,-37,43
23,-35,49
24,-35,46
24,-35,46
27,-35,44
35,-36,38
30,-37,42
21,-40,47
19,-39,48
26,-37,45
27,-37,43
24,-38,45
26,-36,44
27,-38,45
24,-37,46
23,-38,46
24,-37,46
26,-36,44
26,-36,43
26,-36,42
24,-38,44
25,-38,46
25,-38,46
25,-38,45
24,-38,44
25,-37,44
26,-36,45
26,-37,45
26,-38,44
25,-37,45
26,-36,44
27,-37,44
26,-37,45
25,-37,44
26,-37,43
26,-38,45
25,-37,45
25,-38,45
26,-37,45
27,-37,45
26,-37,44
25,-37,46
26,-36,46
27,-36,45
27,-36,46
24,-38,52
26,-39,56
18,-42,49
14,-43,52
10,-44,51
7,-43,49
12,-41,45
13,-39,43
-1,-38,33
3,-39,34
6,-41,37
2,-44,39
-7,-43,49
-6,-42,49
-5,-39,45
-12,-43,39
-18,-44,43
-14,-38,67
-19,-39,54
-13,-43,56
-16,-41,49
-5,-38,50
4,-39,48
6,-41,53
1,-43,52
1,-37,54
-1,-35,52
3,-35,54
-1,-39,53
-2,-38,49
5,-38,51
6,-37,50
6,-36,42
16,-36,33
22,-38,37
26,-44,48
12,-42,53
14,-40,51
9,-38,40
13,-38,40
20,-38,49
23,-38,50
30,-37,50
25,-38,47
27,-34,45
30,-32,47
32,-34,48
30,-37,45
26,-38,44
24,-37,46
23,-37,46
25,-36,46
21,-37,47
21,-37,47
25,-36,46
26,-36,46
23,-37,46
20,-38,47
20,-38,48
20,-38,46
20,-39,46
19,-40,47
19,-39,47
21,-32,45
22,-34,48
25,-39,48
25,-38,47
23,-35,47
22,-35,48
19,-36,48
20,-36,48
20,-37,48
18,-37,47
19,-38,47
20,-38,48
21,-37,46
19,-38,46
21,-35,49
23,-34,48
28,-34,46
28,-36,45
25,-36,46
24,-36,47
23,-37,46
22,-36,47
23,-35,47
24,-35,47
25,-35,47
25,-35,45
25,-35,46
25,-35,47
25,-36,46
26,-36,45
26,-35,46
27,-35,46
27,-34,46
25,-35,47
25,-35,47
23,-35,47
23,-35,46
24,-35,47
23,-36,47
23,-35,47
23,-35,47
24,-35,47
25,-35,46
25,-36,47
25,-35,46
27,-33,47
27,-34,46
26,-35,46
23,-36,46
22,-36,46
23,-35,47
24,-35,47
25,-35,46
25,-36,46
26,-35,46
27,-35,45
28,-34,45
26,-34,46
27,-34,47
28,-34,46
26,-34,46
25,-35,46
26,-34,46
27,-34,46
28,-34,45
27,-35,45
28,-35,45
27,-36,44
27,-36,46
26,-34,48
25,-34,46
26,-33,46
28,-33,46
30,-32,48
32,-32,46
31,-34,42
31,-35,43
28,-34,46
25,-34,46
25,-35,45
26,-36,44
32,-37,43
35,-36,44
16,-30,52
16,-29,53
20,-30,56
27,-35,43
23,-36,44
27,-34,44
26,-35,46
25,-34,48
27,-33,47
29,-34,45
28,-34,46
27,-33,46
26,-33,46
22,-33,49
20,-34,49
19,-34,49
24,-34,48
25,-35,46
25,-35,47
24,-33,49
23,-33,49
24,-34,50
27,-34,51
23,-35,53
19,-35,46
21,-35,48
18,-34,51
16,-36,49
18,-35,43
18,-37,45
9,-36,46
3,-36,46
10,-36,45
21,-36,53
22,-35,52
22,-34,54
24,-32,52
24,-33,49
37,-37,39
28,-38,37
20,-37,48
19,-37,49
31,-34,47
33,-34,43
35,-35,40
32,-35,43
26,-36,47
26,-35,47
28,-35,45
29,-34,42
30,-33,45
29,-36,42
29,-37,41
26,-36,45
24,-37,46
26,-36,46
25,-36,44
28,-35,45
27,-35,43
31,-35,40
33,-38,41
24,-36,47
26,-35,48
26,-36,46
29,-37,42
31,-35,42
31,-35,42
34,-35,42
32,-35,42
30,-35,43
30,-36,44
30,-35,43
28,-36,43
27,-36,44
29,-35,45
29,-35,44
27,-37,43
27,-36,45
26,-35,45
27,-35,45
23,-37,45
22,-38,45
25,-37,45
24,-37,45
23,-37,47
20,-37,47
23,-35,47
21,-35,47
19,-37,48
19,-37,48
21,-35,49
21,-35,48
20,-35,48
20,-36,49
19,-36,48
20,-36,47
22,-35,49
20,-34,49
21,-34,49
20,-34,49
21,-35,49
20,-35,48
19,-35,48
19,-36,50
17,-36,53
19,-35,49
19,-34,49
20,-34,49
20,-34,51
21,-33,49
20,-34,49
19,-35,49
20,-34,50
21,-34,49
22,-35,49
22,-34,50
21,-34,49
19,-34,49
19,-34,51
19,-33,51
18,-34,51
18,-34,51
19,-34,50
19,-35,49
21,-34,49
21,-34,49
16,-33,52
19,-32,54
19,-34,54
16,-34,50
17,-36,50
16,-34,51
15,-34,52
14,-36,52
8,-37,50
7,-37,52
9,-36,52
8,-36,50
15,-39,45
16,-41,45
2,-37,48
4,-38,51
10,-35,53
8,-32,52
5,-36,53
6,-36,56
8,-34,55
6,-37,51
5,-36,53
26,-38,72
37,-40,73
-19,-43,44
-15,-43,36
-20,-35,35
-18,-33,28
8,-40,53
-3,-38,55
10,-42,58
11,-43,59
-6,-40,50
-5,-39,49
-11,-34,42
-7,-36,41
-24,-39,35
-9,-46,50
4,-45,49
1,-44,45
7,-42,42
1,-38,50
7,-40,55
5,-42,51
2,-47,54
1,-40,51
1,-38,50
2,-35,51
-2,-37,53
2,-41,51
1,-42,49
-1,-41,48
-1,-39,50
-3,-38,51
1,-37,51
0,-38,51
0,-38,52
0,-38,50
3,-38,50
7,-38,51
8,-38,53
7,-35,52
7,-37,51
9,-38,51
9,-38,51
9,-37,51
9,-38,49
10,-39,49
10,-39,48
12,-37,49
17,-34,52
17,-33,52
18,-33,52
19,-33,52
22,-34,50
22,-36,48
22,-36,48
18,-37,47
15,-37,48
16,-37,49
17,-35,49
18,-33,50
18,-32,53
22,-32,53
24,-33,49
22,-36,48
20,-36,49
19,-34,50
20,-33,49
21,-33,49
21,-34,49
20,-34,49
20,-34,50
19,-36,49
18,-37,48
17,-37,49
17,-36,49
18,-35,49
19,-35,48
20,-36,49
19,-36,48
19,-35,48
20,-33,49
21,-33,50
23,-33,51
25,-33,51
23,-32,48
25,-31,50
25,-31,51
22,-32,50
30,-35,45
25,-37,45
17,-37,48
19,-38,50
23,-34,48
23,-33,48
23,-33,49
24,-32,49
25,-31,47
29,-30,49
26,-31,49
26,-32,48
26,-33,49
25,-32,48
25,-33,48
26,-33,48
26,-32,49
26,-32,48
24,-32,48
23,-32,47
23,-32,49
22,-33,49
21,-33,49
26,-33,45
27,-34,45
24,-33,49
24,-33,49
26,-32,49
26,-31,49
24,-32,49
24,-33,48
26,-33,48
26,-32,48
25,-32,48
25,-32,48
26,-32,48
26,-32,48
28,-31,50
26,-32,48
25,-32,47
25,-32,48
25,-32,48
26,-32,47
27,-32,47
27,-32,48
25,-32,48
23,-33,48
24,-33,48
24,-33,48
25,-33,47
25,-33,47
24,-32,48
27,-31,49
27,-31,48
33,-32,47
29,-33,47
26,-33,47
25,-33,47
25,-33,47
25,-33,47
26,-32,47
28,-32,47
29,-32,47
29,-32,47
28,-32,47
27,-32,47
27,-32,47
27,-33,47
26,-32,47
27,-33,47
27,-32,47
28,-32,47
28,-32,47
28,-32,47
28,-32,47
27,-32,47
27,-32,47
27,-32,47
26,-33,47
26,-33,47
27,-33,47
27,-32,47
27,-32,48
25,-33,47
26,-33,47
25,-33,47
25,-33,47
27,-32,48
25,-32,47
26,-33,48
25,-33,47
25,-33,47
25,-33,47
25,-33,48
25,-33,48
25,-33,47
25,-33,47
25,-34,48
25,-34,48
25,-34,47
25,-34,47
24,-34,48
24,-33,48
25,-33,48
24,-34,47
25,-34,47
25,-34,47
24,-33,47
25,-33,47
25,-34,47
24,-34,48
24,-34,48
25,-33,47
26,-33,48
26,-33,48
25,-33,48
24,-34,48
25,-34,48
24,-33,47
24,-34,48
24,-34,48
24,-34,48
23,-34,48
23,-35,48
23,-34,48
23,-34,48
22,-34,48
23,-34,48
23,-34,48
22,-34,48
21,-35,48
21,-35,48
21,-35,48
23,-34,48
24,-34,48
23,-34,48
23,-34,48
23,-35,48
24,-34,48
23,-34,47
23,-34,48
23,-34,48
22,-35,48
21,-35,48
22,-34,49
22,-34,49
22,-34,48
22,-35,48
20,-34,48
24,-34,49
24,-33,48
23,-34,48
23,-35,48
22,-34,48
23,-34,48
24,-34,48
23,-34,48
24,-34,48
24,-34,48
23,-34,49
22,-34,48
23,-34,48
23,-34,48
24,-33,48
23,-33,48
22,-34,49
22,-34,49
20,-34,49
21,-35,49
21,-34,49
21,-34,49
22,-35,48
22,-34,48
25,-34,47
27,-35,45
19,-35,48
21,-35,49
21,-35,49
21,-34,48
21,-35,48
22,-35,48
22,-34,49
23,-35,48
23,-34,48
22,-34,48
23,-35,48
23,-33,49
21,-34,49
20,-35,49
19,-36,49
21,-34,49
21,-34,48
21,-35,48
22,-36,48
23,-34,48
23,-34,48
19,-36,52
14,-35,49
17,-32,49
23,-33,50
22,-35,48
21,-35,49
20,-34,51
19,-34,50
21,-34,49
20,-35,49
21,-35,49
20,-35,49
20,-35,49
21,-34,49
20,-34,49
21,-34,50
21,-34,49
20,-34,49
20,-33,50
19,-33,50
18,-34,50
15,-36,51
15,-36,50
17,-35,50
23,-36,45
27,-38,46
18,-33,50
18,-34,51
24,-33,48
21,-33,50
21,-35,49
24,-34,47
24,-33,48
24,-34,48
22,-34,50
13,-36,55
27,-33,54
17,-32,46
26,-35,46
23,-36,45
20,-35,47
19,-35,48
20,-34,51
23,-34,49
26,-34,48
26,-35,47
20,-42,46
19,-47,44
24,-42,47
30,-39,48
33,-29,43
37,-26,43
37,-21,37
41,-25,32
36,-36,37
34,-42,44
34,-44,42
34,-41,44
41,-37,43
38,-29,35
40,-27,36
17,-27,30
22,-36,33
11,-51,45
8,-54,51
13,-50,53
15,-47,47
30,-44,30
20,-43,36
3,-43,44
5,-41,47
14,-42,47
13,-45,46
5,-43,49
5,-42,48
10,-43,45
12,-42,44
18,-41,48
16,-41,47
18,-42,47
21,-39,46
21,-38,47
15,-39,47
14,-40,47
12,-40,47
12,-40,48
6,-42,47
3,-40,46
-2,-38,54
-4,-37,50
-5,-37,51
-9,-39,57
-8,-38,47
-2,-36,50
-11,-40,54
-7,-38,52
0,-40,48
5,-40,50
4,-40,49
4,-41,49
4,-41,48
6,-40,48
5,-40,46
21,-32,49
29,-30,51
34,-32,50
24,-35,49
15,-37,51
18,-39,45
18,-37,45
12,-38,46
9,-40,48
10,-39,48
8,-40,50
8,-40,49
15,-37,48
16,-36,51
13,-37,51
13,-36,51
11,-36,50
12,-36,50
15,-37,49
12,-38,49
10,-39,48
13,-37,49
14,-39,49
11,-38,49
14,-39,49
16,-38,48
17,-38,47
9,-39,49
11,-39,50
11,-39,49
12,-39,49
8,-39,50
9,-39,50
11,-38,50
10,-38,50
8,-38,50
9,-39,50
11,-39,49
11,-38,49
9,-39,50
9,-39,49
8,-38,50
9,-38,50
10,-38,50
10,-38,49
10,-39,49
11,-38,50
10,-38,50
11,-38,50
10,-38,50
10,-39,49
9,-39,49
9,-39,50
9,-38,50
10,-38,50
10,-38,49
10,-38,50
10,-38,50
10,-39,49
10,-39,49
11,-38,49
11,-39,49
9,-39,49
8,-39,50
8,-39,50
7,-39,50
4,-38,57
3,-37,57
3,-38,52
12,-39,43
15,-39,42
17,-40,45
19,-39,46
14,-39,45
11,-39,49
11,-39,50
10,-39,50
9,-40,50
9,-39,50
10,-39,50
8,-40,49
10,-39,49
12,-38,50
11,-39,49
12,-40,47
14,-39,48
13,-40,48
13,-39,48
13,-39,48
13,-39,48
9,-40,49
10,-39,49
5,-40,50
4,-40,51
9,-39,50
9,-39,49
10,-39,49
9,-39,50
10,-38,50
10,-38,50
9,-39,49
9,-39,49
10,-39,49
9,-40,48
9,-39,48
8,-39,49
5,-39,50
5,-39,51
4,-39,50
4,-39,51
6,-38,51
7,-38,51
6,-38,50
6,-38,51
7,-38,50
7,-39,50
7,-39,50
6,-39,51
7,-38,51
5,-38,50
5,-38,50
5,-38,50
5,-38,50
5,-39,51
5,-39,51
6,-39,50
6,-39,50
6,-39,51
5,-39,50
5,-38,51
5,-38,50
2,-39,50
0,-40,51
-6,-41,55
6,-39,53
15,-38,45
21,-37,45
19,-39,46
16,-40,47
15,-39,47
13,-39,48
14,-39,48
16,-39,47
20,-39,45
11,-39,46
7,-40,46
5,-39,52
1,-39,54
0,-39,53
5,-39,52
6,-38,54
0,-38,56
-6,-43,57
2,-40,47
11,-37,38
9,-37,35
25,-39,39
41,-40,49
22,-38,49
12,-39,47
10,-39,45
7,-40,48
7,-40,51
14,-38,51
17,-37,51
16,-39,48
11,-39,51
8,-41,50
10,-39,48
10,-38,47
6,-38,48
8,-39,49
8,-40,50
11,-39,49
11,-39,49
9,-38,49
9,-38,52
13,-36,51
8,-35,50
12,-38,48
9,-38,48
10,-38,49
9,-38,48
10,-38,50
11,-38,51
12,-38,51
10,-38,50
10,-38,49
11,-39,50
11,-38,50
12,-38,51
12,-38,52
11,-38,50
10,-39,49
11,-39,48
8,-39,48
10,-40,45
15,-41,52
11,-39,60
4,-39,50
11,-41,40
12,-38,38
19,-38,41
19,-39,48
20,-41,46
18,-44,47
13,-42,50
16,-43,46
16,-41,44
13,-42,42
15,-46,38
17,-43,52
11,-41,46
9,-39,50
16,-40,45
14,-42,41
13,-42,46
11,-41,46
13,-40,45
12,-40,46
10,-40,47
12,-42,47
14,-43,44
14,-39,50
10,-38,54
9,-37,52
10,-38,51
10,-39,50
10,-39,49
12,-39,48
12,-40,48
11,-39,48
12,-39,49
12,-39,49
11,-39,49
11,-39,49
10,-39,49
9,-39,49
9,-39,50
8,-39,50
10,-39,49
9,-40,51
10,-39,50
9,-39,50
12,-39,50
12,-39,48
11,-38,47
12,-39,48
9,-40,47
11,-40,49
14,-40,48
17,-39,48
20,-38,45
22,-38,44
28,-39,44
25,-41,61
21,-43,66
1,-43,49
9,-38,44
28,-34,35
18,-36,30
21,-38,35
30,-39,27
57,-34,21
25,-47,16
-40,-52,50
-29,-52,70
21,-43,56
28,-40,52
17,-40,49
10,-40,49
19,-39,44
23,-41,42
22,-41,46
21,-42,44
28,-41,44
21,-35,44
31,-36,45
31,-38,44
27,-38,40
21,-41,44
24,-40,43
25,-39,42
26,-39,42
25,-41,44
23,-40,44
27,-39,42
29,-37,40
28,-38,41
29,-37,42
28,-34,46
28,-32,48
32,-32,48
28,-39,45
41,-47,24
35,-44,30
25,-32,46
27,-33,47
27,-34,47
31,-37,41
31,-34,43
32,-37,43
30,-37,41
29,-36,41
30,-37,42
21,-29,47
31,-27,46
47,-25,49
37,-32,46
26,-33,43
31,-32,43
37,-41,34
34,-44,30
28,-36,43
28,-32,43
41,-29,40
39,-30,36
40,-27,40
45,-29,38
53,-28,34
41,-28,35
47,-21,34
41,-19,31
54,-25,34
56,-22,30
59,-13,32
53,-12,30
55,-15,34
50,-17,29
53,-15,27
56,-13,27
57,-12,28
55,-12,30
54,-12,29
56,-11,28
57,-10,28
55,-11,30
55,-11,30
55,-13,29
55,-14,27
55,-14,28
54,-14,29
53,-14,30
53,-14,31
52,-14,32
52,-15,34
51,-16,34
52,-19,32
51,-20,32
49,-21,32
49,-22,33
52,-25,32
47,-27,30
42,-26,24
41,-22,32
46,-21,49
47,-22,55
30,-27,50
28,-28,50
27,-30,48
21,-30,48
21,-33,52
17,-33,50
17,-36,44
14,-35,41
10,-35,44
8,-33,52
12,-37,49
13,-39,55
12,-37,56
14,-31,52
14,-30,48
20,-30,46
19,-30,41
13,-42,33
19,-43,43
3,-32,47
5,-27,46
26,-30,60
26,-32,70
15,-32,76
8,-35,63
12,-36,60
13,-35,55
11,-35,55
8,-35,52
8,-38,52
8,-40,50
5,-41,46
10,-41,49
7,-49,34
14,-41,30
11,-32,40
5,-30,59
3,-35,66
-11,-43,50
-10,-44,46
-19,-44,49
-18,-43,55
-13,-45,51
-11,-45,48
-7,-42,49
-8,-41,51
3,-47,42
3,-46,38
-3,-41,40
-5,-42,44
-4,-42,47
-5,-43,42
-7,-46,37
-10,-47,38
-9,-45,41
-8,-46,45
-9,-45,48
-9,-49,48
-7,-49,47
-2,-47,43
1,-46,41
1,-46,36
2,-46,34
4,-47,27
6,-47,23
22,-42,16
26,-49,13
11,-61,26
9,-62,21
8,-68,17
2,-67,24
-5,-74,18
-6,-79,13
-7,-70,12
-4,-64,17
1,-66,20
1,-68,18
2,-74,10
2,-77,8
3,-66,10
8,-63,14
9,-60,14
10,-57,9
10,-53,7
13,-54,5
15,-58,3
18,-62,2
18,-68,0
16,-66,-2
17,-66,-1
15,-64,-1
15,-63,-2
14,-58,-2
14,-57,-2
14,-57,-2
15,-56,-2
15,-62,-3
16,-63,-2
18,-64,2
19,-65,4
18,-66,5
18,-64,5
17,-62,7
16,-62,7
15,-63,5
14,-62,4
15,-62,4
18,-61,5
18,-60,5
18,-59,3
18,-61,3
17,-58,1
18,-58,2
18,-59,2
18,-59,1
17,-60,0
17,-60,0
17,-61,-1
17,-60,-1
18,-61,-1
18,-61,-1
18,-62,0
17,-61,1
16,-61,1
16,-61,2
14,-62,1
13,-61,-1
14,-60,0
14,-62,-2
15,-61,-2
16,-61,-2
16,-61,-2
17,-61,-2
18,-61,-2
18,-60,-1
18,-61,0
18,-63,0
18,-63,0
18,-63,2
18,-63,2
18,-63,1
18,-61,1
18,-60,0
19,-61,0
19,-58,0
20,-58,1
20,-59,2
21,-59,3
20,-61,4
19,-63,3
17,-62,3
17,-61,2
17,-61,2
17,-60,1
16,-60,0
16,-61,-1
15,-61,-1
15,-63,-3
15,-63,-4
16,-62,-3
16,-62,-4
17,-59,-3
17,-59,-3
17,-59,-2
17,-60,-1
17,-60,-1
17,-60,-1
17,-61,-1
17,-61,-1
19,-63,1
20,-64,1
20,-65,2
19,-66,3
19,-65,3
18,-63,4
18,-63,5
16,-64,4
15,-64,2
14,-59,1
15,-58,2
17,-62,5
17,-61,5
18,-55,8
16,-51,17
13,-40,24
17,-40,25
19,-45,17
22,-52,15
28,-68,15
29,-65,11
25,-56,11
24,-57,13
30,-73,1
34,-77,-10
51,-67,0
46,-68,4
48,-70,1
50,-77,0
49,-80,-1
52,-75,1
50,-71,4
45,-59,18
35,-51,14
22,-32,10
22,-28,14
30,-23,15
30,-24,14
38,-29,14
38,-30,17
40,-32,15
40,-32,19
35,-26,33
27,-30,30
53,-32,21
59,-39,21
46,-48,28
47,-46,32
36,-35,11
51,-31,-1
49,-32,12
54,-50,10
57,-53,11
70,-38,47
51,-48,27
59,-42,25
47,-42,18
54,-39,19
59,-36,27
55,-36,44
35,-47,34
57,-28,30
43,-23,24
42,-21,6
43,-22,5
47,-17,17
50,-15,21
55,-12,14
50,-8,17
46,-17,28
40,-22,17
49,-31,27
50,-29,21
47,-37,30
54,-49,33
47,-41,26
42,-33,25
42,-38,24
32,-55,20
37,-57,17
36,-64,11
31,-64,11
23,-61,6
23,-58,7
21,-54,13
25,-56,15
40,-63,18
47,-65,21
50,-63,24
49,-59,24
43,-50,32
50,-50,37
46,-46,32
46,-41,35
28,-30,37
12,-26,40
-14,-27,31
-15,-38,42
8,-44,53
37,-34,50
25,-28,53
32,-26,65
26,-18,69
16,-9,86
17,-8,86
17,-16,76
2,-11,71
-7,-2,41
0,-2,48
9,2,41
5,0,48
20,0,55
17,3,51
33,12,58
30,11,62
6,21,81
-1,25,92
-5,23,90
20,18,86
19,10,77
27,7,81
28,14,79
14,19,65
7,23,53
6,30,39
0,32,42
3,37,42
3,39,44
-32,41,44
-27,45,46
2,43,29
-18,43,28
-23,41,26
1,40,34
11,43,53
13,47,71
6,52,75
10,54,68
-3,57,49
-11,58,37
-22,58,21
-27,55,12
-25,50,10
-31,38,10
-30,34,13
-5,24,20
-15,22,31
-26,23,41
-13,28,40
17,44,51
18,48,51
-12,47,40
-33,47,29
-28,37,23
-30,38,21
-12,34,30
-3,37,32
8,44,32
2,46,37
30,54,25
27,52,27
28,58,17
44,62,11
50,57,13
42,58,28
39,59,34
38,57,50
24,56,47
41,48,46
36,43,39
41,33,39
40,29,37
49,23,27
52,18,34
51,14,38
52,14,36
57,14,41
51,12,38
56,5,31
58,2,38
62,2,41
55,3,35
55,2,37
53,0,36
51,-3,28
60,-5,27
52,-12,26
59,-15,25
55,-13,28
57,-10,27
57,-12,27
57,-12,33
58,-12,32
60,-11,30
58,-12,28
56,-15,30
59,-16,30
58,-13,31
56,-13,34
63,-11,32
61,-12,29
54,-15,27
56,-11,23
54,-16,33
46,-15,35
47,-12,33
43,-13,33
49,-11,39
48,-10,35
54,-13,31
48,-15,25
47,-16,24
56,-18,21
59,-20,21
51,-21,20
63,-21,23
66,-22,24
56,-26,30
59,-28,19
54,-33,15
51,-26,19
51,-25,19
59,-18,13
65,-18,12
54,-17,7
51,-18,14
38,-21,21
26,-30,23
58,-22,22
58,-25,24
49,-24,20
39,-22,14
70,-23,17
74,-20,11
65,-18,8
57,-34,18
63,-28,15
48,-23,6
42,-25,13
47,-28,16
57,-26,15
55,-33,17
50,-28,19
54,-28,12
56,-30,13
56,-32,12
55,-29,12
52,-26,12
48,-26,8
53,-30,7
55,-32,5
55,-36,-5
50,-40,-7
50,-43,0
33,-45,3
25,-42,4
36,-39,-1
37,-41,-4
34,-46,5
39,-49,14
45,-59,25
47,-65,20
50,-80,-3
51,-83,-9
34,-72,-10
21,-70,-5
1,-73,5
-3,-71,10
4,-67,15
13,-66,17
21,-68,16
12,-70,8
2,-65,2
6,-66,0
9,-66,0
15,-63,-1
22,-63,-4
23,-59,-5
23,-60,-6
20,-58,-8
21,-56,-6
19,-55,-5
19,-56,-5
19,-54,-4
19,-54,-3
20,-58,0
20,-60,0
18,-61,1
17,-61,2
17,-60,7
17,-59,8
11,-58,5
22,-61,26
36,-59,63
40,-50,51
26,-50,15
26,-52,14
26,-52,11
23,-52,5
19,-48,-1
18,-49,0
19,-54,2
19,-59,-1
21,-60,-1
23,-73,-1
24,-78,-1
27,-67,-2
28,-58,1
28,-55,8
28,-58,7
26,-71,3
22,-77,-1
12,-79,-10
11,-74,-9
14,-68,-3
16,-67,-1
19,-66,0
18,-66,-2
14,-62,-6
12,-59,-7
11,-55,-8
12,-54,-7
14,-53,-5
15,-53,-5
16,-52,-5
17,-54,-6
18,-59,-7
21,-75,-9
22,-80,-11
26,-81,-13
27,-81,-13
28,-82,-12
29,-80,-12
34,-79,-11
37,-67,-7
35,-44,3
35,-46,9
29,-59,6
26,-65,3
20,-65,7
20,-64,14
18,-72,41
-68,-93,127
-13,-41,33
21,-48,25
21,-56,19
25,-60,6
14,-50,-8
22,-45,-1
23,-43,1
19,-48,-1
18,-56,-3
20,-73,-12
23,-70,-14
32,-72,-7
37,-79,4
45,-80,20
40,-79,20
52,-77,33
39,-73,33
29,-61,31
45,-61,35
77,-60,46
95,-58,53
123,-57,69
105,-50,67
43,-25,38
25,-19,22
-5,-6,0
-7,22,0
-5,30,2
-13,37,0
-13,37,0
-10,29,8
-12,25,12
2,23,12
-3,19,2
2,8,3
7,1,9
11,-15,25
19,-21,44
14,-26,59
17,-32,62
37,-44,83
38,-50,82
32,-52,70
37,-57,75
52,-67,76
40,-65,59
44,-75,46
38,-73,41
20,-59,34
15,-50,32
22,-42,31
28,-44,34
-7,-66,50
9,-60,55
1,-52,40
16,-55,31
12,-55,28
13,-56,28
17,-58,24
39,-63,23
41,-63,14
39,-58,12
38,-57,11
31,-57,5
31,-54,3
26,-51,3
25,-50,2
27,-47,6
31,-49,13
39,-52,16
26,-56,26
35,-52,24
37,-47,9
40,-44,2
36,-43,-4
44,-45,-4
51,-45,-12
58,-46,-6
37,-46,10
36,-48,8
49,-42,1
61,-42,2
60,-38,9
63,-37,13
55,-34,13
52,-32,9
62,-35,15
52,-35,7
17,-32,-3
34,-36,1
55,-31,3
35,-33,-4
42,-42,-11
43,-42,-12
55,-38,-13
52,-36,-13
58,-39,-14
51,-38,-19
47,-41,-16
58,-45,-13
52,-48,-12
42,-47,-10
42,-46,-11
46,-46,-7
50,-46,-5
38,-44,-8
52,-41,-4
60,-42,11
51,-45,6
25,-50,-7
24,-57,-8
34,-56,3
40,-54,10
14,-55,1
4,-59,-1
11,-56,-7
14,-55,-8
23,-52,-8
29,-56,-4
30,-56,-2
30,-57,-2
29,-56,0
27,-54,1
22,-53,-2
27,-56,-2
29,-59,0
36,-63,8
38,-64,10
20,-67,14
2,-70,18
-14,-75,27
1,-74,25
9,-75,-1
-1,-71,-11
-13,-63,-16
1,-61,-12
22,-57,-5
32,-65,-2
32,-70,-4
22,-68,-7
14,-62,-7
13,-62,-6
15,-55,-4
18,-52,-2
19,-47,1
20,-49,3
20,-54,3
19,-56,2
13,-56,0
29,-64,13
41,-61,17
25,-72,2
29,-70,-1
21,-69,-12
21,-65,-11
25,-61,-4
26,-60,-2
28,-57,-3
26,-56,-4
23,-57,-3
23,-57,-2
20,-59,-3
19,-61,-3
21,-63,-3
21,-63,-3
22,-59,5
-38,-67,26
-37,-64,26
15,-59,4
24,-67,2
27,-67,10
20,-68,14
11,-65,6
12,-64,4
12,-63,0
15,-62,-2
18,-61,-4
18,-59,-4
16,-59,-4
17,-60,-3
13,-58,0
11,-58,3
16,-65,10
13,-63,12
23,-61,12
29,-61,14
36,-63,12
37,-64,7
32,-67,2
21,-64,-1
38,-66,5
74,-70,11
80,-71,20
62,-47,30
61,-38,24
61,-31,9
61,-34,1
66,-30,6
70,-27,9
74,-16,6
77,-11,7
65,-5,9
49,2,6
31,18,1
35,26,0
33,32,6
31,34,13
23,31,23
19,32,27
27,32,29
22,30,31
22,29,28
20,30,29
24,36,27
28,52,21
20,53,17
22,55,15
26,57,15
27,56,14
25,55,12
27,58,9
26,56,10
33,47,27
49,40,29
55,35,19
41,37,10
10,39,10
9,38,11
9,31,-6
34,22,-5
61,11,16
74,9,41
82,33,61
75,61,65
77,20,25
80,45,16
72,18,13
50,7,1
38,5,-2
30,6,4
58,11,7
84,6,-18
88,-9,-21
56,-14,-20
65,-21,-16
57,-20,-21
58,-14,-22
56,-10,-20
61,-14,-19
63,-13,-19
58,-15,-20
60,-10,-20
66,-8,-23
59,1,-22
58,5,-21
65,10,-16
57,9,-15
26,7,-6
33,1,-4
61,-2,-4
70,-2,-1
75,-3,-2
74,-5,-5
59,-6,-9
54,-15,-5
55,-17,-2
56,-22,-5
58,-18,-1
64,-26,6
57,-26,-5
63,-26,9
58,-23,14
61,-21,13
45,-24,15
46,-30,14
40,-33,21
39,-39,32
37,-38,29
31,-45,40
41,-45,44
35,-47,36
40,-49,46
32,-46,45
29,-44,33
27,-44,42
34,-42,47
37,-44,47
32,-45,41
13,-48,26
7,-56,15
13,-58,15
33,-57,21
39,-52,24
32,-45,22
28,-44,24
28,-45,26
31,-45,29
34,-43,34
32,-42,32
33,-49,33
35,-52,32
33,-50,36
37,-46,31
42,-50,26
39,-53,17
39,-47,-9
34,-46,-2
36,-46,9
37,-52,26
40,-53,32
29,-46,30
27,-41,29
20,-38,31
19,-38,25
32,-53,31
21,-63,35
38,-70,46
38,-55,20
5,-51,29
-11,-54,26
-8,-78,1
1,-72,1
-7,-61,24
-8,-76,27
1,-63,13
-6,-56,12
-4,-53,18
4,-45,17
10,-39,14
13,-43,13
13,-45,14
21,-49,14
27,-54,13
40,-80,9
42,-103,10
39,-83,15
31,-54,12
26,-28,10
39,-27,19
44,-43,42
33,-62,42
45,-61,17
53,-58,12
50,-47,3
46,-45,5
34,-38,12
46,-35,15
56,-36,17
56,-40,17
40,-46,10
31,-51,10
38,-58,13
53,-60,27
43,-52,22
28,-42,11
13,-37,8
40,-42,28
40,-43,24
35,-47,19
33,-47,15
29,-48,16
28,-49,13
35,-47,15
35,-46,18
26,-51,20
21,-57,21
29,-66,25
33,-72,22
29,-69,11
36,-57,15
35,-54,16
31,-49,15
30,-47,13
29,-46,9
34,-41,5
35,-43,6
33,-46,6
25,-52,4
24,-55,5
30,-63,6
30,-64,6
30,-63,9
27,-61,7
24,-63,11
29,-64,21
31,-55,13
40,-60,13
31,-57,17
19,-56,12
10,-57,9
10,-57,8
10,-57,6
9,-57,5
14,-60,5
17,-60,5
20,-58,4
21,-56,5
22,-56,6
25,-57,8
28,-57,9
28,-59,10
27,-59,12
25,-61,16
24,-61,17
24,-60,17
23,-59,17
22,-58,18
22,-58,18
22,-57,17
21,-57,17
21,-60,15
20,-62,14
21,-65,13
20,-67,12
20,-65,12
20,-64,12
17,-60,11
15,-58,11
15,-51,12
16,-50,13
15,-50,16
11,-52,20
11,-53,22
19,-54,21
21,-54,20
22,-53,18
20,-53,17
19,-60,17
20,-64,16
20,-64,12
20,-63,11
20,-70,9
20,-63,6
19,-56,1
19,-56,1
21,-55,-1
22,-55,-1
23,-58,-2
23,-60,-2
22,-64,-3
22,-65,-3
23,-65,0
21,-66,-1
20,-67,-2
19,-69,-3
16,-68,-5
16,-66,-3
17,-66,-4
17,-63,-4
17,-61,-4
18,-58,-3
18,-59,-3
19,-58,-4
19,-57,-4
20,-56,-4
21,-55,-3
23,-54,-2
23,-54,-2
23,-60,-3
22,-62,-3
21,-62,-4
22,-62,-3
22,-64,-3
22,-64,-2
21,-63,-1
21,-64,1
21,-64,2
20,-62,3
19,-60,4
18,-58,5
17,-56,5
17,-55,6
13,-55,5
10,-56,2
12,-58,1
17,-62,-1
20,-63,-1
21,-64,-2
21,-64,-3
23,-62,-2
24,-60,-1
24,-59,-2
24,-58,-2
23,-58,-3
23,-59,-3
24,-60,-4
25,-62,-4
29,-62,-1
31,-62,1
30,-64,2
25,-64,3
23,-64,3
19,-64,3
18,-64,2
18,-62,3
19,-61,3
18,-59,2
17,-59,1
16,-57,0
16,-55,-1
16,-53,-2
17,-52,-1
18,-54,0
19,-57,0
17,-60,-3
17,-59,-3
20,-58,-1
21,-60,0
22,-67,1
22,-71,0
18,-73,-5
16,-71,-5
20,-65,-3
21,-63,-2
23,-61,-1
22,-61,-2
20,-61,-2
18,-63,-4
18,-63,-3
20,-60,-2
21,-59,-1
21,-59,1
21,-60,2
22,-65,6
22,-67,7
20,-63,9
19,-60,11
16,-56,13
17,-56,14
11,-52,18
6,-51,16
10,-50,18
15,-50,19
25,-53,24
24,-54,22
27,-55,20
21,-51,14
21,-53,14
21,-55,14
24,-54,17
28,-54,20
27,-57,20
24,-60,18
21,-61,15
19,-65,14
21,-67,15
23,-68,16
23,-68,17
20,-61,15
19,-58,13
18,-55,11
17,-53,10
18,-51,10
19,-52,10
19,-56,8
18,-56,6
17,-53,3
17,-53,1
20,-55,0
23,-55,0
27,-54,-2
31,-62,-2
32,-61,-1
32,-74,-5
31,-80,-7
24,-85,-10
20,-79,-9
16,-74,-6
17,-79,-5
20,-78,-6
20,-73,-7
14,-59,-8
13,-53,-7
15,-48,-6
18,-47,-5
19,-49,-4
20,-49,-5
18,-51,-5
18,-53,-4
18,-55,-2
18,-55,-2
18,-62,0
17,-79,0
15,-79,1
25,-88,13
32,-86,18
28,-79,22
4,-78,7
60,-64,40
22,-45,23
18,-46,10
8,-47,-1
11,-53,-12
14,-54,-14
18,-52,-8
19,-50,-6
21,-47,-3
21,-47,-1
23,-50,1
22,-51,1
24,-52,6
24,-56,8
17,-60,8
15,-65,8
14,-67,10
15,-71,9
15,-68,5
21,-69,4
26,-71,5
34,-78,7
36,-80,9
32,-73,10
29,-65,10
20,-56,6
19,-56,6
1,-56,5
7,-57,4
11,-58,1
12,-60,-5
19,-59,-6
18,-54,-7
20,-50,-6
21,-54,-3
22,-60,-3
23,-64,-6
25,-66,-4
28,-66,1
30,-68,4
23,-76,-5
21,-62,-2
27,-46,18
27,-49,20
20,-64,9
15,-68,2
16,-67,9
-4,-69,21
-39,-63,39
-24,-55,30
2,-56,12
12,-56,9
23,-55,3
24,-51,1
24,-43,2
21,-41,4
19,-50,6
21,-56,8
24,-63,8
24,-73,8
18,-82,-1
17,-81,-1
21,-83,6
22,-61,6
23,-57,5
22,-59,4
23,-61,2
18,-66,-5
16,-65,-7
15,-64,-8
15,-62,-8
16,-67,-7
15,-67,-8
15,-67,-9
15,-65,-9
14,-60,-7
14,-58,-6
13,-54,-4
13,-52,-3
14,-51,-1
14,-51,0
17,-55,2
18,-58,3
19,-72,3
24,-80,4
34,-107,10
44,-104,18
33,-90,14
27,-73,15
25,-58,13
27,-43,17
25,-43,18
17,-49,16
11,-51,12
5,-56,5
5,-57,0
0,-49,-4
8,-53,0
24,-62,20
16,-65,23
3,-65,15
-5,-63,7
-7,-65,11
0,-65,15
9,-58,21
13,-56,21
21,-49,14
17,-56,11
11,-57,21
32,-64,35
49,-52,17
56,-60,12
47,-66,1
34,-63,5
36,-60,3
28,-54,15
26,-54,16
30,-51,12
35,-51,10
39,-57,11
40,-59,6
33,-54,7
35,-55,8
28,-51,1
29,-50,2
36,-54,5
33,-51,7
32,-51,10
32,-56,9
31,-51,13
33,-49,19
28,-47,23
27,-54,19
73,-62,33
32,-60,18
12,-51,13
11,-51,9
15,-51,10
42,-50,31
32,-53,33
15,-35,48
-10,-38,50
-40,-49,57
-38,-51,53
-14,-48,36
-12,-50,20
5,-47,5
1,-46,7
-17,-50,19
-24,-48,25
-26,-51,29
-21,-51,37
-24,-49,37
-22,-45,32
31,-50,12
-26,-52,6
-16,-49,21
-10,-61,36
-6,-65,38
17,-68,40
42,-64,45
18,-58,53
1,-51,52
11,-45,47
17,-42,45
15,-33,27
40,-38,23
53,-44,19
39,-45,10
0,-52,28
18,-51,39
55,-51,52
48,-46,42
42,-37,24
23,-29,19
38,-45,28
30,-54,31
40,-56,50
47,-52,53
51,-45,42
32,-45,25
26,-47,27
10,-56,24
12,-64,19
19,-50,-11
55,-43,11
37,-19,19
36,-20,24
26,-24,23
41,-28,21
70,-27,14
69,-26,10
65,-28,4
66,-27,4
61,-31,0
58,-33,-1
54,-33,-10
52,-36,-11
49,-34,-14
56,-34,-14
54,-37,-11
41,-39,-8
34,-40,-7
34,-41,6
41,-43,0
54,-46,-18
59,-44,-27
55,-33,-18
54,-35,-15
48,-38,-6
43,-37,-2
36,-43,-1
41,-45,-8
49,-42,-9
44,-39,-8
42,-40,-11
50,-40,-11
54,-35,-23
47,-32,-22
43,-35,-3
40,-45,3
54,-44,8
56,-42,12
49,-41,1
50,-39,-2
42,-39,-6
47,-40,-4
47,-41,0
46,-42,5
49,-43,6
44,-41,3
44,-41,1
42,-41,3
46,-42,2
46,-41,2
45,-41,2
47,-39,-2
46,-39,-3
46,-39,-2
47,-40,-1
47,-42,4
47,-42,5
48,-41,4
47,-41,3
45,-41,3
47,-41,2
47,-41,3
50,-41,4
47,-40,1
48,-38,-2
48,-40,-1
46,-39,0
47,-38,-2
47,-38,-1
48,-39,0
50,-40,2
49,-41,4
48,-40,4
45,-39,1
46,-39,1
49,-40,1
47,-39,0
48,-38,1
48,-39,2
49,-39,3
48,-40,3
49,-39,4
49,-40,6
50,-40,7
50,-39,4
50,-38,4
50,-38,5
47,-37,1
48,-36,-2
50,-36,-6
46,-36,-7
48,-36,-7
50,-36,-10
49,-35,0
44,-36,2
46,-38,2
51,-38,6
50,-39,13
50,-39,12
51,-37,6
49,-37,5
53,-36,1
52,-34,-3
53,-35,0
50,-34,-1
51,-32,-6
52,-32,-5
50,-34,-2
50,-33,0
52,-35,-1
58,-33,3
55,-31,0
59,-29,-5
58,-28,-7
50,-31,-5
45,-34,2
42,-36,8
53,-37,13
55,-37,8
56,-36,8
55,-34,9
52,-32,9
54,-32,-4
53,-31,-6
51,-33,-4
47,-33,-5
51,-34,-3
58,-35,-1
54,-32,-2
58,-32,-2
55,-32,-5
52,-33,-5
47,-33,-4
48,-33,-6
51,-32,-8
52,-30,-9
52,-31,-8
53,-32,-6
51,-35,-7
50,-34,-5
50,-33,-4
51,-32,-8
55,-33,-7
50,-34,-8
55,-33,-6
54,-32,-7
50,-32,-9
52,-32,-9
51,-32,-9
51,-31,-9
52,-31,-9
56,-31,-5
59,-32,-2
51,-32,1
51,-35,4
54,-39,10
38,-49,18
22,-56,9
22,-49,-16
7,-52,-19
2,-52,-6
5,-54,-4
11,-62,-9
13,-69,-14
33,-91,-29
57,-100,-31
79,-81,-30
75,-70,-18
62,-64,-1
54,-59,-1
41,-57,-3
37,-57,-4
33,-60,-3
25,-62,-6
25,-75,3
20,-80,4
13,-73,7
16,-70,9
21,-62,11
24,-56,9
21,-55,5
14,-53,1
13,-56,0
11,-70,-7
11,-70,-11
16,-56,-15
18,-49,-12
27,-43,1
36,-45,7
40,-53,-7
43,-47,-15
44,-49,-5
47,-53,1
55,-49,6
58,-43,10
49,-41,12
46,-46,4
43,-58,29
34,-63,32
21,-59,24
19,-55,23
23,-48,17
29,-45,18
29,-45,16
38,-52,14
34,-57,18
31,-58,12
41,-55,16
15,-48,15
19,-47,16
23,-50,21
12,-52,24
24,-56,26
19,-57,25
32,-54,28
29,-49,28
42,-43,32
45,-41,30
48,-40,31
45,-41,30
42,-40,37
28,-39,31
32,-38,35
45,-39,41
39,-39,36
38,-39,44
41,-37,46
25,-39,51
21,-37,46
28,-32,33
27,-34,28
25,-44,25
34,-46,30
38,-43,33
40,-43,34
33,-38,37
24,-35,37
22,-34,35
25,-36,40
24,-40,38
30,-43,40
34,-44,44
32,-44,43
32,-43,41
29,-43,38
28,-43,37
28,-41,38
29,-41,36
33,-41,31
34,-41,29
32,-42,33
32,-43,38
28,-42,43
29,-40,41
30,-43,37
26,-44,31
23,-45,26
23,-43,26
28,-44,33
27,-46,35
33,-45,40
34,-44,39
33,-43,35
32,-42,35
30,-44,35
30,-45,35
35,-54,31
31,-55,33
23,-42,43
26,-37,43
25,-40,29
26,-43,24
32,-43,28
37,-43,36
34,-43,35
32,-44,36
31,-46,38
29,-46,41
30,-45,41
26,-43,38
22,-42,34
19,-44,30
21,-46,28
27,-48,31
28,-48,36
28,-47,42
25,-47,39
21,-48,33
21,-47,33
23,-47,31
23,-47,29
22,-47,28
24,-47,29
28,-51,33
32,-51,39
31,-49,48
10,-45,41
8,-46,37
12,-53,32
15,-55,30
22,-50,30
27,-47,30
30,-42,25
29,-42,24
27,-43,27
27,-41,32
36,-33,44
32,-37,45
29,-52,39
34,-52,37
32,-42,29
30,-40,28
30,-40,24
35,-42,22
48,-47,26
51,-47,28
36,-41,18
27,-41,13
49,-43,17
39,-44,8
35,-45,-4
74,-52,22
37,-44,16
34,-45,26
45,-44,23
56,-44,11
49,-44,5
41,-47,4
41,-50,5
47,-48,18
44,-44,20
41,-44,19
41,-40,17
39,-43,19
35,-49,16
33,-50,21
35,-46,22
37,-46,25
34,-47,22
40,-45,20
37,-41,19
35,-41,19
39,-43,18
36,-45,16
27,-48,9
33,-50,10
37,-45,11
37,-46,12
40,-51,13
46,-51,15
47,-46,10
43,-44,7
42,-39,6
36,-43,3
52,-45,6
53,-46,4
43,-47,3
44,-49,2
45,-45,8
47,-45,4
41,-44,2
46,-41,5
49,-42,8
43,-45,7
43,-45,7
42,-44,5
42,-45,6
44,-46,6
43,-47,4
47,-44,8
43,-45,10
44,-48,10
42,-46,7
41,-41,7
42,-46,2
34,-50,4
39,-50,5
41,-42,8
42,-44,9
38,-49,5
44,-40,19
34,-48,-4
34,-51,8
42,-49,7
39,-51,8
35,-53,8
29,-50,14
30,-50,16
35,-49,12
38,-51,10
44,-54,10
42,-52,9
38,-48,6
35,-47,8
45,-47,7
36,-52,8
31,-62,9
35,-62,10
35,-57,11
33,-52,15
22,-49,11
22,-48,8
26,-52,6
30,-57,5
34,-59,7
34,-53,6
30,-52,5
27,-55,3
20,-69,-7
25,-65,-11
24,-58,-8
31,-49,9
36,-51,13
47,-58,15
41,-58,10
34,-56,9
31,-53,19
18,-57,11
17,-61,6
25,-66,14
33,-60,27
48,-43,43
49,-40,40
39,-42,22
35,-44,11
37,-44,7
36,-42,9
35,-38,18
42,-32,24
59,-15,28
70,-14,25
82,-26,10
81,-32,1
77,-46,-4
67,-30,-7
61,-30,-14
55,-41,-18
42,-43,-22
38,-34,-19
38,-35,-19
33,-41,-17
30,-38,-14
37,-39,-6
37,-39,-7
29,-41,-7
46,-45,-6
45,-46,-10
53,-41,-9
67,-30,-19
71,-25,-39
66,-43,9
44,-44,-1
45,-39,10
42,-38,14
36,-47,1
45,-43,-47
47,-47,-43
36,-47,-30
35,-50,-20
15,-54,-21
11,-57,-18
12,-65,-11
11,-67,-10
13,-80,-3
15,-90,-2
21,-104,0
27,-112,3
29,-117,6
23,-117,-4
32,-106,-13
41,-101,-11
41,-92,-16
38,-76,-18
34,-52,-19
37,-45,-17
31,-40,-13
25,-40,-14
18,-45,-19
19,-48,-20
27,-47,-21
49,-56,-7
49,-59,1
40,-67,3
43,-68,3
-61,-128,127
-56,-86,127
100,-59,43
80,-64,49
52,-59,21
42,-58,20
47,-74,26
43,-77,25
44,-78,38
43,-79,34
27,-69,29
20,-64,29
7,-49,36
5,-40,31
9,-24,25
6,-21,26
5,-15,46
13,-20,58
15,-19,55
17,-18,51
11,-15,50
10,-9,53
16,-9,55
11,-10,58
17,-11,60
20,-9,62
10,-14,47
21,-14,61
21,-11,65
13,-15,64
14,-17,64
15,-14,61
17,-17,62
13,-26,66
17,-28,67
22,-33,66
13,-26,60
9,-32,49
13,-29,50
11,-26,52
10,-24,55
7,-27,55
4,-24,53
7,-21,54
14,-13,54
16,-11,54
16,-10,56
18,-10,57
25,-14,63
28,-16,65
30,-24,67
29,-26,67
23,-24,54
21,-17,50
27,-16,51
28,-13,52
35,-12,51
37,-8,48
38,-2,49
39,0,51
47,-9,56
48,-10,55
40,-14,49
37,-13,48
34,-9,51
28,-5,58
28,-7,62
36,-11,61
35,-13,56
37,-12,51
38,-12,50
36,-13,50
35,-13,51
28,-17,51
28,-19,53
26,-22,52
24,-22,50
20,-23,49
20,-24,49
24,-25,51
25,-30,53
22,-35,55
19,-36,55
13,-34,51
13,-31,51
18,-27,55
22,-28,59
23,-31,61
23,-33,60
21,-32,58
18,-32,54
14,-32,51
19,-44,46
25,-45,48
20,-46,45
14,-45,43
18,-41,41
18,-38,39
13,-26,40
15,-22,44
17,-24,55
15,-26,55
12,-22,54
12,-21,55
15,-23,65
17,-25,61
17,-19,57
10,-14,60
6,-6,61
12,-13,60
17,-22,57
24,-21,62
29,-10,67
15,-2,56
9,-9,64
9,-7,77
15,-13,65
10,-14,41
16,-7,76
17,-48,57
3,-18,43
16,-21,32
14,-21,32
22,-19,51
23,-21,57
21,-21,54
17,-21,49
16,-23,42
12,-27,38
20,-39,40
31,-38,49
30,-36,69
27,-40,74
21,-38,67
-5,-41,54
-11,-44,50
14,-48,44
21,-48,38
22,-45,24
20,-44,18
19,-36,8
25,-32,3
36,-31,3
40,-38,8
40,-50,13
39,-55,12
34,-59,5
34,-61,2
34,-57,1
36,-56,5
40,-46,18
37,-41,17
36,-47,25
40,-60,28
17,-75,13
5,-73,12
25,-94,27
19,-128,1
18,-128,1
17,-117,15
17,-101,21
20,-76,28
12,-63,27
-19,-41,10
-34,-28,-7
-29,-4,-21
-21,7,-19
-11,1,-9
8,-14,5
104,-56,36
101,-60,52
78,-73,45
109,-63,51
53,-13,45
39,1,38
5,5,52
19,0,56
74,-16,59
86,-64,64
58,-128,33
32,-92,22
39,-69,24
40,-41,33
35,-32,34
26,-18,41
13,-16,36
-6,2,13
-7,7,1
5,14,-10
19,13,-5
70,1,25
66,-15,33
40,-9,54
35,-19,59
26,-36,60
38,-48,63
65,-110,72
63,-128,63
28,-78,41
18,-57,40
19,-35,53
29,-31,53
16,-8,34
0,8,16
-3,11,13
24,8,14
32,-4,19
54,-34,45
35,-48,48
13,-62,38
18,-52,35
34,-48,36
39,-60,46
61,-114,55
62,-128,39
29,-81,7
15,-54,9
33,-34,26
42,-26,29
46,-22,35
45,-24,38
33,-24,32
24,-26,26
7,-36,11
9,-47,5
58,-112,-4
57,-111,17
46,-68,48
36,-42,40
25,-31,21
38,-25,7
55,-32,10
49,-41,1
47,-45,-3
38,-58,-11
30,-58,-13
26,-61,-9
29,-67,-7
35,-69,-7
35,-71,-8
59,-73,5
60,-69,7
54,-85,-4
45,-89,-9
30,-76,-15
25,-65,-15
11,-46,-15
9,-39,-15
10,-38,-19
15,-48,-24
20,-58,-27
22,-67,-35
20,-65,-33
22,-68,-11
23,-66,-4
25,-52,-2
27,-53,-2
33,-58,4
32,-57,4
29,-60,8
26,-62,11
14,-54,7
9,-50,5
-4,-79,-2
11,-67,0
21,-42,0
19,-45,-1
38,-47,5
31,-48,-2
28,-42,0
25,-38,0
13,-39,0
14,-54,1
22,-96,-6
35,-125,-22
37,-106,-20
40,-54,21
36,-45,36
-12,-5,7
-43,28,-20
-18,-6,12
4,-32,35
25,-128,12
44,-128,-2
66,-78,55
53,-65,60
31,-20,47
22,-16,43
24,-34,45
33,-52,45
47,-122,29
40,-128,-4
12,-96,-25
14,-82,-13
22,-41,23
-1,-4,21
-2,0,19
4,-8,11
3,-10,6
13,-14,9
34,-18,21
63,-65,49
52,-65,54
28,-45,46
26,-45,44
34,-69,43
54,-103,50
39,-109,22
27,-78,17
31,-45,30
22,-34,30
10,-7,10
12,8,7
10,21,4
13,18,10
49,-14,51
65,-64,67
25,-98,56
33,-73,51
27,-48,42
12,-55,28
19,-64,28
41,-103,26
65,-128,25
51,-84,17
39,-63,22
34,-30,36
35,-24,36
34,-17,36
37,-8,49
42,-6,46
34,-7,37
29,-22,26
35,-30,25
51,-45,18
62,-65,11
52,-128,-6
33,-79,29
45,-63,40
47,-53,38
49,-40,18
55,-39,13
51,-36,13
52,-31,14
55,-31,15
61,-43,21
60,-57,19
57,-88,-3
61,-92,-8
54,-78,4
52,-79,9
47,-82,8
55,-76,3
45,-73,-9
46,-77,-14
11,-72,-33
-2,-64,-37
9,-55,-19
18,-45,-11
28,-50,-5
34,-55,-9
44,-47,16
41,-47,35
57,-59,50
51,-61,46
19,-50,34
30,-25,43
21,-20,32
20,-10,18
31,-9,17
40,-8,14
39,-12,10
48,-25,10
52,-37,12
53,-68,13
55,-91,6
57,-126,-9
49,-111,-10
36,-64,12
32,-44,26
15,-1,34
10,9,26
2,5,3
-2,9,-2
11,10,0
43,0,11
97,-65,37
60,-74,37
49,-43,61
49,-58,65
62,-81,61
56,-128,25
26,-107,7
27,-59,15
31,-44,22
34,-18,24
29,-7,17
12,14,12
9,14,11
21,7,12
42,-9,19
77,-59,30
61,-67,27
27,-45,39
24,-37,44
39,-37,52
49,-53,56
62,-128,47
42,-128,17
10,-70,-1
48,-47,30
39,-29,33
19,-2,33
15,5,33
9,3,21
12,1,11
26,-11,2
40,-14,7
67,-64,41
39,-79,45
5,-40,30
22,-43,30
69,-112,42
70,-128,31
20,-69,22
31,-68,39
18,-44,43
19,-29,41
25,-19,40
16,-15,35
8,-10,24
10,-9,21
24,-9,20
87,-95,51
76,-128,44
36,-106,37
38,-91,28
35,-51,24
32,-37,24
43,-24,30
52,-24,27
43,-28,4
42,-30,-5
44,-48,-10
42,-49,-8
40,-54,4
44,-65,11
56,-76,12
60,-82,8
54,-84,4
48,-74,3
36,-51,4
32,-47,3
26,-49,2
23,-50,2
20,-53,-2
23,-63,-4
23,-74,-7
29,-80,-12
35,-59,-5
28,-53,12
26,-63,14
32,-51,8
33,-50,6
29,-70,16
29,-65,13
22,-47,2
19,-40,5
24,-30,19
25,-29,21
31,-23,24
34,-23,28
38,-37,32
36,-43,29
25,-53,16
22,-63,9
44,-99,11
51,-121,11
38,-92,14
38,-77,21
36,-54,33
13,-17,26
7,-12,21
1,-19,9
1,-7,5
-2,2,4
4,1,8
47,-23,31
64,-41,43
35,-41,57
26,-44,59
29,-50,58
43,-76,59
67,-128,34
45,-103,24
22,-63,15
12,-50,4
68,-16,1
61,8,5
19,22,-4
17,23,-2
26,6,-2
58,-9,1
55,-53,-3
64,-70,23
80,-80,25
53,-110,71
-13,-71,76
54,-105,41
61,-128,15
52,-102,-44
35,-70,-40
36,-46,-18
38,-35,-4
36,-16,16
27,-4,18
19,8,12
28,9,3
65,6,-16
67,0,-19
101,-42,5
86,-71,16
63,-66,37
48,-66,37
37,-66,36
27,-49,25
27,-46,31
30,-62,58
31,-69,64
25,-50,48
27,-48,37
21,-4,40
16,-13,39
45,-14,59
43,-8,55
26,-5,44
16,-16,38
22,-8,48
18,-2,48
38,-38,96
35,-70,97
22,-46,92
17,-35,80
7,-28,56
16,-9,54
9,-2,44
8,-9,40
6,-12,37
5,-15,38
16,-13,51
19,-18,59
27,-39,66
31,-35,82
22,-43,73
14,-17,49
23,-22,46
12,-13,49
25,-10,79
28,-18,41
27,-22,51
19,-14,58
26,-22,61
17,-33,54
9,-26,57
6,-23,63
17,-23,67
-31,-15,50
-7,-39,32
32,-19,54
27,-30,57
12,-28,55
18,-28,57
22,-30,57
12,-29,57
11,-29,59
15,-29,56
12,-28,54
8,-28,52
3,-29,50
-25,-31,40
-11,-33,37
28,-40,30
25,-39,21
13,-45,-5
29,-58,-24
67,-86,-35
60,-74,-30
41,-72,-1
38,-70,-2
47,-52,13
127,-56,24
76,-31,1
37,-49,-6
47,-63,-6
42,-78,-14
65,-77,-14
42,-60,-24
23,-58,-21
5,-68,-11
19,-69,-9
76,-90,13
69,-110,13
17,-105,10
9,-100,9
39,-62,25
54,-88,28
-59,-22,-25
-7,-69,-11
31,-50,-5
32,-62,0
48,-62,14
36,-56,15
13,-39,7
14,-36,2
10,-34,-3
6,-34,-4
5,-36,-2
8,-40,0
27,-52,15
3,-76,-3
45,-99,32
116,-78,87
46,-67,41
66,-84,21
65,-81,0
32,-58,-30
15,-65,-27
-1,-63,-16
-6,-61,-14
-6,-58,-13
-1,-58,-18
26,-56,-25
30,-56,-28
29,-61,-23
27,-63,-17
23,-67,-6
19,-71,-10
14,-80,-23
14,-79,-23
12,-65,-14
11,-65,-10
15,-60,-3
19,-57,-1
21,-57,2
24,-57,8
26,-59,10
21,-63,3
16,-61,0
12,-59,2
15,-62,2
31,-66,22
25,-64,33
31,-54,36
24,-53,28
33,-51,22
33,-48,19
28,-45,10
29,-43,10
36,-48,15
44,-52,17
51,-53,17
58,-55,6
55,-53,7
41,-49,6
23,-44,7
32,-41,13
33,-40,13
38,-44,15
42,-48,20
30,-51,32
24,-52,35
27,-48,21
27,-50,19
33,-50,24
34,-46,25
27,-40,13
31,-40,16
42,-41,17
45,-40,13
34,-44,1
26,-48,-1
21,-51,3
27,-53,5
55,-66,21
30,-60,13
46,-70,11
28,-68,7
37,-65,10
30,-55,10
27,-53,9
24,-50,8
23,-50,9
25,-51,7
25,-52,8
23,-54,7
25,-56,7
26,-57,9
28,-56,12
27,-51,15
27,-49,15
23,-49,14
23,-52,14
18,-62,9
21,-64,8
21,-57,3
18,-57,2
16,-57,4
17,-59,4
18,-60,4
18,-59,3
21,-60,4
21,-61,4
21,-64,3
19,-66,2
19,-66,1
20,-66,-2
21,-66,-2
22,-65,0
23,-66,2
22,-65,4
20,-64,3
17,-61,2
18,-61,2
20,-54,1
21,-52,1
24,-53,3
25,-57,4
26,-59,4
25,-61,3
23,-65,1
21,-65,0
19,-69,-1
19,-66,-2
20,-59,-2
20,-57,-1
21,-57,-1
23,-61,0
22,-61,-3
29,-57,-5
32,-58,-1
33,-60,2
31,-59,1
29,-59,3
30,-60,4
31,-62,2
29,-62,3
28,-56,2
29,-55,-1
60,-55,9
73,-61,15
78,-65,27
71,-63,31
72,-53,33
55,-43,38
38,-34,38
28,-26,32
15,-11,35
9,-6,32
5,2,27
12,-4,33
13,-5,44
14,-2,57
16,-9,64
-4,-2,62
-15,1,51
-10,8,43
-2,9,59
4,4,67
-1,3,64
-4,2,58
-4,-3,62
-4,-3,64
-3,2,63
-3,9,63
-2,10,67
1,8,68
2,6,64
10,1,60
9,0,56
8,-5,53
10,-7,54
8,-8,52
10,-6,54
10,-6,54
15,3,61
4,5,49
-4,5,42
-9,-2,29
11,-14,30
22,-25,48
50,-30,53
44,-30,46
39,-36,45
35,-40,44
36,-58,46
22,-56,46
43,-65,65
28,-57,50
11,-63,11
12,-66,9
17,-79,4
20,-83,1
28,-80,5
31,-69,5
30,-64,2
31,-60,0
31,-58,-2
32,-55,-5
32,-55,-5
36,-55,-7
37,-56,-8
27,-58,-6
28,-59,-3
31,-55,-3
30,-55,-3
28,-56,0
26,-57,1
26,-58,3
25,-61,3
25,-63,5
33,-67,12
-27,-72,37
-16,-61,39
10,-61,13
15,-62,8
19,-62,1
19,-59,-3
17,-54,-7
23,-51,-4
24,-53,-1
24,-59,-2
24,-61,-5
24,-64,-7
35,-64,-4
26,-64,-4
20,-63,-5
14,-59,-4
15,-59,-3
22,-59,0
26,-59,1
26,-59,2
25,-60,1
22,-60,2
25,-58,4
21,-59,7
12,-60,6
13,-62,4
17,-63,1
21,-60,-2
32,-57,2
28,-56,2
20,-60,-1
16,-62,-2
17,-63,-2
19,-63,-1
21,-63,1
24,-63,2
22,-57,3
22,-59,3
18,-58,0
16,-62,-3
15,-67,-6
15,-66,-8
16,-61,-11
17,-56,-11
19,-50,-9
19,-50,-9
15,-52,-12
13,-54,-14
14,-60,-17
14,-64,-20
17,-60,-20
24,-51,-13
30,-43,-8
32,-35,-3
28,-41,-6
19,-60,-11
15,-67,-16
14,-58,-16
20,-53,-11
25,-55,-3
27,-74,-5
18,-111,-25
18,-106,-23
38,-101,9
47,-90,24
57,-55,69
-63,-60,59
-12,-57,-1
-6,-70,1
28,-71,-3
-4,-62,-20
5,-52,-5
13,-54,1
33,-64,1
31,-61,-4
27,-51,-2
19,-58,0
18,-60,-2
14,-52,-5
14,-50,-2
14,-50,3
16,-53,4
21,-57,6
24,-58,9
11,-63,23
16,-63,32
14,-50,3
16,-53,4
21,-57,6
24,-58,9
11,-63,23
16,-63,32
41,-59,29
35,-59,16
29,-63,3
21,-66,-1
9,-63,0
8,-59,3
14,-52,6
15,-51,3
21,-43,2
25,-39,4
31,-33,10
33,-30,13
31,-28,11
31,-28,13
30,-43,13
25,-97,6
20,-128,-11
15,-104,-32
17,-92,-19
18,-87,19
19,-82,19
33,-68,5
29,-60,-2
17,-41,-4
12,-37,-2
3,-38,1
1,-39,1
0,-39,-3
1,-34,-4
8,-27,-1
11,-26,2
14,-38,7
19,-57,6
34,-90,2
40,-108,6
55,-102,37
55,-74,36
49,-59,21
32,-58,11
21,-56,17
7,-51,22
10,-51,27
24,-56,32
28,-64,28
27,-81,9
19,-91,-5
10,-99,-15
10,-110,-18
25,-89,-11
29,-94,-10
30,-88,-8
27,-78,-10
19,-64,-10
13,-58,-10
6,-40,-8
5,-34,-6
1,-31,-7
0,-28,-8
1,-17,-8
7,-16,-3
6,-17,-3
3,-25,-8
4,-38,-12
27,-99,-14
49,-126,4
97,-114,75
92,-79,56
64,-52,-18
26,-45,-21
-6,-81,23
-21,-101,25
-10,-128,-12
-2,-128,-36
26,-83,-8
45,-83,12
53,-77,11
42,-64,3
34,-54,2
29,-53,1
15,-54,-2
6,-48,-8
-13,-24,-17
-17,-12,-16
-12,-13,-14
8,-25,-10
22,-43,-14
54,-74,-12
59,-86,-3
72,-74,31
71,-65,30
73,-61,7
68,-65,3
47,-77,20
23,-86,22
8,-70,28
14,-54,31
25,-29,31
24,-23,23
14,-33,16
4,-49,9
33,-98,-6
45,-116,-45
63,-116,-61
45,-116,-40
11,-98,-44
5,-65,-27
9,-51,-16
11,-37,-6
12,-32,-6
14,-29,-9
15,-32,-11
16,-48,-11
15,-60,-12
15,-80,-17
20,-93,-17
33,-64,-2
38,-40,11
32,-51,6
26,-58,-10
8,-64,-46
-6,-67,-51
5,-71,-31
11,-70,-21
23,-68,-11
25,-72,-11
20,-70,-14
20,-67,-12
18,-64,-11
16,-58,-14
13,-49,-17
9,-49,-16
9,-58,-16
12,-78,-18
16,-84,-20
25,-69,-12
28,-63,-5
24,-75,-4
19,-77,-15
2,-64,-35
1,-57,-28
10,-45,-9
15,-45,-7
17,-42,-9
17,-46,-10
14,-54,-11
13,-60,-10
13,-62,-6
14,-63,-4
16,-54,3
18,-50,6
20,-37,12
7,-25,6
19,-17,22
10,-25,23
29,-45,29
63,-68,31
65,-61,37
54,-48,41
31,-48,17
-8,-36,0
-2,-41,2
40,-96,-15
56,-125,-32
65,-108,-2
52,-103,16
39,-73,14
36,-59,3
32,-44,3
30,-42,12
19,-36,7
10,-27,6
-28,-11,8
-38,-1,3
12,-2,17
31,-15,19
67,-54,18
63,-62,27
42,-58,42
25,-33,41
29,-20,36
54,-51,36
68,-92,35
57,-125,4
35,-107,-3
31,-70,13
38,-57,23
45,-42,32
40,-29,34
7,-2,29
-2,5,21
-4,16,2
2,12,-4
43,-28,7
66,-54,22
37,-102,37
22,-77,44
22,-51,49
22,-33,32
23,-38,29
28,-85,27
38,-128,26
26,-108,7
15,-87,9
38,-64,32
38,-60,33
31,-42,24
23,-35,17
8,-15,-5
12,-2,-6
6,2,-2
8,-1,7
14,-61,28
16,-99,27
19,-99,33
11,-112,38
2,-79,27
2,-59,15
8,-43,16
16,-44,22
17,-34,25
15,-29,24
7,-54,16
16,-112,-9
29,-128,-26
32,-121,-20
31,-123,-1
38,-99,13
41,-90,10
26,-64,5
20,-53,5
10,-42,0
4,-36,-5
2,-31,-13
1,-34,-15
3,-43,-17
10,-47,-16
24,-57,-13
26,-59,-11
30,-74,-3
33,-76,1
46,-77,10
56,-78,13
52,-52,-2
44,-56,-13
10,-73,-34
-7,-70,-33
-6,-69,-27
12,-68,-12
22,-70,-11
27,-78,-15
24,-76,-16
18,-73,-17
18,-69,-17
20,-62,-13
18,-60,-12
14,-52,-12
13,-48,-12
12,-44,-10
12,-46,-9
14,-52,-7
14,-51,-5
20,-75,-2
24,-72,1
29,-72,5
30,-77,6
24,-83,-4
20,-79,-10
14,-56,-6
15,-52,3
17,-50,8
15,-51,1
14,-52,-1
12,-55,-2
14,-59,-1
16,-59,-1
16,-59,1
16,-55,3
15,-48,2
13,-34,-1
13,-27,-2
12,-16,-2
13,-16,-2
13,-28,-6
17,-56,-11
43,-111,-19
56,-105,-6
79,-91,45
60,-64,39
42,-56,12
35,-49,8
20,-30,24
17,-15,33
24,-16,34
25,-58,32
17,-96,21
5,-128,-30
8,-98,-30
40,-85,12
33,-80,24
20,-46,10
20,-34,8
21,-19,11
19,-13,10
13,-10,5
10,-24,1
27,-52,-12
45,-69,-15
63,-92,-3
54,-85,13
48,-39,44
42,-28,39
45,-13,23
49,-23,21
37,-49,24
35,-69,19
32,-107,10
15,-94,5
20,-87,8
43,-79,20
49,-64,32
37,-21,46
23,7,25
22,45,-1
18,46,-13
19,5,-16
37,-36,-9
62,-128,13
51,-124,20
34,-58,28
38,-50,29
42,-49,18
102,-65,31
-74,-63,27
-41,-66,29
-9,-110,9
2,-111,-14
31,-99,-41
38,-62,-21
43,-50,-11
45,-36,3
42,-31,8
30,-26,10
27,-26,8
19,-32,-3
13,-33,-10
1,-46,-24
2,-78,-30
26,-123,-40
54,-109,-17
95,-89,76
74,-76,63
65,-55,1
58,-56,1
16,-60,9
7,-56,12
-2,-48,15
-11,-47,9
-22,-41,-3
-5,-38,-2
11,-37,0
30,-33,0
34,-37,-16
45,-92,-9
60,-128,-11
60,-128,-25
35,-128,-21
28,-90,-1
26,-83,-6
17,-65,-10
21,-53,-6
14,-39,-3
12,-37,-3
10,-37,-7
9,-42,-11
7,-61,-22
6,-67,-26
9,-71,-25
15,-72,-19
25,-63,-3
29,-56,5
36,-47,18
38,-51,16
35,-58,-10
27,-61,-20
8,-67,-26
1,-61,-23
1,-64,-21
14,-60,-7
24,-62,0
29,-62,2
24,-62,-4
27,-66,-14
-1,-72,-11
16,-71,8
21,-81,-6
6,-73,-18
3,-69,-16
6,-72,-12
11,-71,-15
6,-54,-24
11,-48,-19
16,-38,-8
20,-36,-4
16,-40,-9
14,-49,-11
12,-70,-19
10,-69,-21
14,-45,-12
19,-15,3
17,-17,4
12,-24,8
17,-44,9
34,-93,0
37,-92,-4
36,-54,28
19,-52,27
16,-27,16
16,-29,13
24,-59,15
31,-104,14
24,-128,-34
16,-124,-36
25,-96,4
29,-81,18
37,-53,8
34,-36,7
25,-15,13
21,-13,14
11,-5,9
0,-1,0
-6,-7,-8
33,-38,-7
66,-69,-8
60,-70,13
48,-62,29
30,-45,28
30,-39,23
41,-48,12
52,-63,13
48,-116,13
34,-115,2
22,-82,2
28,-68,7
38,-52,8
38,-35,10
42,-7,46
45,-11,57
5,-6,18
-9,-12,-11
31,-32,-44
110,-46,-37
62,-75,44
59,-60,82
22,-24,33
35,-15,4
54,-34,3
53,-64,11
71,-97,14
57,-103,1
34,-84,13
26,-70,34
26,-61,30
33,-37,14
40,-27,16
40,-21,27
34,-20,24
14,-13,12
5,-7,5
-2,-9,-4
13,-25,-2
82,-78,5
84,-89,12
39,-54,38
36,-44,39
37,-36,27
40,-26,17
35,-28,12
34,-57,26
45,-80,26
39,-128,-25
33,-128,-54
26,-99,-47
37,-71,-23
54,-53,7
51,-52,4
35,-41,-13
28,-40,-18
20,-44,-19
19,-48,-17
12,-53,-21
10,-57,-21
16,-67,-11
22,-74,-3
34,-94,11
32,-88,13
28,-60,15
18,-56,8
26,-48,14
8,-39,-1
27,-38,9
27,-44,12
29,-63,2
21,-64,-14
18,-65,-16
21,-72,-5
24,-73,0
23,-71,-4
21,-69,-7
17,-65,-10
15,-63,-11
12,-57,-14
11,-55,-15
9,-60,-18
8,-68,-20
9,-77,-24
14,-78,-22
23,-59,-8
26,-61,-2
25,-74,-10
21,-75,-18
12,-67,-23
9,-63,-18
8,-57,-5
10,-61,-4
10,-64,-5
11,-68,-4
11,-65,-2
10,-33,9
9,-16,15
3,12,17
14,24,20
71,-2,40
91,-28,47
68,-76,20
20,-52,19
-10,-54,40
-14,-49,29
0,-55,12
14,-67,5
77,-124,-2
83,-112,10
54,-89,39
45,-73,48
27,-33,43
29,-23,37
28,-8,32
18,-8,22
7,-6,2
15,-10,-6
23,-12,-10
84,-30,2
87,-51,29
56,-47,95
45,-39,82
38,-29,42
52,-35,31
61,-62,14
68,-85,19
63,-128,22
29,-111,29
11,-65,45
20,-56,50
29,-37,45
29,-21,43
14,-1,31
13,-1,21
-1,5,3
-7,14,-6
-8,27,-23
40,9,-19
74,-27,-9
83,-59,8
81,-54,23
59,-59,18
65,-64,15
105,-114,-2
107,-128,-13
27,-96,-17
6,-76,-16
9,-44,9
14,-41,17
33,-18,20
39,-11,24
30,-2,22
11,0,7
28,-22,-7
50,-42,-13
81,-71,-1
76,-85,23
78,-60,24
70,-42,-1
57,-32,-13
42,-28,-6
18,-30,-7
60,-57,-17
92,-112,-19
90,-128,-48
66,-111,-30
40,-90,-17
37,-72,-20
51,-38,-12
57,-37,-3
37,-44,-1
26,-41,1
5,-34,-2
1,-31,-2
4,-30,-2
9,-39,-1
16,-58,-3
21,-66,0
29,-83,16
32,-92,24
40,-85,27
37,-83,19
31,-80,4
30,-73,3
25,-63,14
17,-60,9
14,-59,6
11,-58,2
14,-60,1
28,-67,5
32,-67,5
29,-60,0
27,-64,0
19,-65,-7
19,-64,-10
19,-60,-8
20,-63,-5
18,-78,-8
15,-80,-15
12,-83,-20
13,-90,-18
20,-67,-8
23,-60,-4
22,-65,-7
18,-62,-13
13,-53,-13
14,-49,0
23,-50,6
24,-54,8
21,-57,7
24,-64,7
24,-66,12
11,-84,11
-7,-78,-1
-8,-47,-3
-4,-30,0
-28,5,-14
-32,26,-21
58,-21,26
68,-51,44
56,-111,31
63,-85,35
92,-44,48
80,-16,41
28,-13,37
16,-22,39
37,-82,55
49,-128,40
41,-128,-56
19,-128,-47
49,-64,15
25,-26,31
18,-10,34
12,2,30
9,0,18
12,1,-7
5,4,-15
27,12,-10
49,18,-4
78,-21,27
64,-16,44
65,-27,48
71,-27,41
81,-58,19
86,-85,14
57,-128,14
25,-114,13
33,-57,32
48,-50,42
52,-26,54
40,-13,59
7,11,40
0,17,13
5,35,2
6,43,13
20,34,19
57,-2,32
81,-14,36
111,-23,21
104,-24,18
103,-55,35
107,-86,56
76,-128,48
48,-121,18
44,-57,23
43,-53,32
20,-33,47
22,-25,51
-4,-15,45
-11,-11,36
1,-2,37
7,-3,41
4,-3,46
13,-9,44
68,-38,66
62,-40,66
42,-31,56
12,-21,49
4,-23,50
22,-25,48
32,-31,42
77,-57,47
88,-79,44
39,-64,44
27,-65,57
19,-66,67
20,-58,57
20,-42,57
0,-34,69
1,-19,49
11,-24,37
30,-20,11
46,-25,-2
67,-53,-28
62,-69,-21
18,-66,7
13,-75,6
33,-71,7
49,-75,18
82,-65,29
83,-61,6
57,-66,-39
18,-80,-43
2,-82,-36
-14,-69,-19
-6,-61,-7
5,-63,-9
19,-63,-10
37,-69,-9
38,-68,-3
33,-70,-3
31,-66,-6
20,-47,-15
13,-39,-16
4,-49,-16
4,-57,-17
22,-77,-10
33,-78,-7
39,-100,-4
35,-107,-12
20,-85,-19
16,-79,-12
13,-67,6
14,-56,3
15,-54,-2
17,-47,-8
42,-42,-7
22,-52,-3
1,-35,7
-11,-9,3
-9,8,-2
-2,14,-5
0,21,-4
46,3,26
80,-40,55
65,-58,85
71,-45,81
31,-19,46
5,-17,30
28,-50,43
62,-81,60
71,-120,52
44,-91,34
30,-69,29
20,-48,26
21,-26,35
22,-21,37
16,-16,25
12,-13,2
11,-9,-3
14,-6,-2
20,-12,-1
71,-31,22
78,-50,20
43,-43,50
39,-53,61
37,-27,48
36,-21,36
54,-49,29
70,-106,33
54,-128,14
20,-115,19
4,-83,39
2,-62,31
39,-25,33
39,-8,39
21,11,26
17,12,15
4,18,-8
31,12,0
72,-11,10
89,-66,9
59,-64,18
38,-54,41
30,-52,45
30,-62,45
36,-86,47
57,-128,28
43,-127,13
28,-87,5
54,-71,11
78,-29,13
66,-8,16
57,-3,18
42,-6,13
21,-6,7
11,-4,6
9,-6,8
10,-13,10
29,-16,0
57,-11,6
76,-32,39
40,-7,38
30,7,23
49,14,12
63,6,11
114,-42,22
127,-83,25
115,-85,31
72,-66,32
37,-46,43
34,-38,39
30,-22,20
30,-17,10
36,-18,-2
48,-21,-3
59,-21,-6
65,-20,-7
57,-26,-12
50,-31,-17
60,-33,-29
75,-45,-31
61,-48,-8
52,-44,7
43,-33,9
43,-26,-1
48,-26,-21
72,-30,-23
79,-35,-17
68,-42,-13
59,-40,-11
41,-37,-11
44,-38,-12
48,-27,-15
46,-22,-12
44,-20,0
40,-19,3
25,-17,-4
20,-14,-8
17,-18,-7
22,-29,1
32,-57,14
44,-93,12
72,-128,-23
52,-116,-36
34,-63,6
19,-46,16
15,-50,17
27,-48,8
43,-46,5
38,-35,10
30,-24,16
5,-6,7
-1,2,-1
23,-20,1
60,-24,13
74,-84,19
39,-74,23
24,-52,30
23,-46,27
29,-48,16
29,-70,13
33,-128,5
26,-128,-16
16,-105,-4
21,-85,16
23,-47,37
22,-38,30
12,-29,18
0,-30,6
-15,-9,-9
-14,2,-9
22,-1,-1
102,-27,19
90,-44,31
49,-55,58
35,-44,53
29,-40,27
34,-64,18
39,-128,-22
40,-128,-37
31,-99,-7
40,-86,15
37,-56,30
34,-41,22
36,-23,17
41,-16,27
39,-15,28
20,-14,11
-8,-7,-11
-8,-1,-16
25,-34,-14
29,-49,-11
102,-74,-5
107,-59,-3
78,-68,-21
55,-105,-25
46,-125,-28
13,-128,-26
13,-115,-15
29,-77,1
34,-57,2
27,-18,13
23,1,15
15,-2,14
6,-7,9
-22,-9,-5
-22,-14,-9
-4,-64,-16
-1,-108,-39
63,-128,5
87,-126,57
48,-69,56
34,-49,26
43,-54,3
12,-54,-9
10,-41,-34
55,-59,-3
102,-84,32
55,-123,-5
14,-123,-10
22,-128,13
20,-115,5
35,-82,-17
26,-70,-19
0,-54,-8
-28,-36,-10
-44,-24,-48
-33,-26,-51
5,-55,-18
9,-60,-8
19,-90,-23
16,-92,-28
45,-76,-23
68,-55,-22
73,-41,-44
51,-47,-55
26,-57,-33
9,-64,-17
2,-76,5
13,-73,11
28,-59,10
33,-55,10
40,-56,1
38,-49,15
38,-46,15
38,-43,11
34,-50,13
32,-58,7
34,-61,1
35,-83,-7
31,-78,-5
21,-53,2
26,-64,4
27,-93,1
23,-96,-3
5,-97,-14
3,-84,-13
14,-57,5
3,-53,6
-3,-46,1
-6,-36,-6
-3,-4,-13
-1,7,-11
1,24,1
44,14,28
84,-15,56
68,-103,88
73,-109,87
2,-56,51
-20,-47,30
-6,-34,24
5,-39,30
55,-118,22
60,-128,-9
9,-91,3
21,-68,15
29,-49,6
20,-23,2
16,0,0
9,4,2
16,7,15
11,-4,12
38,-35,22
63,-73,43
35,-93,58
22,-60,54
15,-38,47
13,-39,44
26,-49,50
46,-111,44
42,-128,12
20,-115,-17
23,-93,-9
46,-58,21
39,-42,26
19,-10,26
8,-6,23
0,-11,15
-2,-18,12
11,-21,14
24,-25,16
55,-70,26
44,-59,24
10,-30,16
5,-24,15
22,-32,29
32,-50,34
44,-114,27
42,-128,13
34,-128,14
21,-94,25
19,-74,30
18,-38,31
15,-24,28
5,-4,18
-1,0,12
-4,8,2
7,-5,-7
73,-70,-19
81,-103,10
48,-91,69
32,-62,52
14,-35,26
23,-33,23
22,-35,17
29,-41,19
47,-87,2
63,-128,-18
53,-128,-1
42,-128,16
15,-79,0
9,-55,-12
27,-27,-8
28,-22,-3
36,-24,13
40,-32,-2
54,-38,-13
61,-51,-37
51,-55,-40
45,-59,-40
45,-55,-29
41,-40,-18
40,-38,-21
58,-57,-14
58,-66,-11
46,-82,-8
36,-79,-11
36,-61,-8
41,-60,-1
57,-70,1
62,-77,1
52,-73,-5
46,-64,-6
31,-58,-8
21,-50,-9
18,-45,-4
26,-44,12
31,-41,21
25,-55,31
26,-63,32
22,-54,14
16,-48,12
31,-60,37
62,-71,77
36,-57,91
22,-65,83
0,-28,52
6,-6,29
44,-4,-7
16,-2,-9
5,19,-16
3,32,-14
32,29,11
36,21,20
47,-14,44
45,-20,58
38,-38,63
26,-54,56
8,-76,66
11,-54,78
56,-44,111
13,-22,88
0,-4,76
-1,0,61
-3,3,46
-9,8,5
-3,12,-5
37,20,3
61,19,13
58,-27,59
50,-39,82
56,-12,63
69,-14,39
62,-86,24
39,-128,18
35,-115,32
61,-84,47
63,-32,91
44,-28,73
15,-12,45
13,2,45
0,12,33
-1,21,24
-3,27,19
11,11,18
51,-16,44
58,-101,35
64,-101,29
67,-49,56
43,-40,56
-4,-21,32
-10,-27,31
43,-86,54
63,-128,45
39,-107,25
41,-90,27
34,-43,28
28,-28,24
17,-22,15
30,-21,22
34,-19,16
13,-15,8
-6,-19,0
3,-15,5
14,-17,2
13,-29,-3
30,-105,23
28,-128,36
23,-128,35
26,-93,36
8,-77,29
2,-46,25
16,-36,30
60,-32,43
64,-37,35
36,-41,9
34,-46,3
64,-71,-4
51,-87,-9
-1,-128,-20
14,-112,-9
52,-128,17
52,-128,22
29,-100,5
30,-84,7
18,-63,14
9,-50,14
2,-37,-8
-36,-11,-11
-41,-6,-3
7,-35,11
3,-44,1
-3,-76,-4
7,-95,3
44,-119,3
41,-117,6
28,-110,11
22,-104,-3
43,-76,-24
68,-64,-5
47,-47,-2
40,-43,-5
44,-39,1
46,-38,2
22,-32,-11
28,-37,-12
24,-49,-9
46,-58,21
41,-56,23
38,-61,26
35,-74,31
31,-75,27
33,-82,33
32,-83,38
33,-74,37
30,-64,39
30,-65,39
30,-71,32
22,-69,19
26,-64,8
23,-58,7
28,-58,4
20,-54,-5
16,-50,-15
17,-51,-14
28,-52,-2
29,-56,2
27,-66,7
26,-71,8
25,-65,13
22,-57,19
7,-64,27
13,-63,27
9,-52,19
6,-53,22
1,-64,18
-1,-58,12
3,-50,13
4,-39,15
8,-38,16
20,-49,19
24,-52,21
29,-57,22
28,-59,22
17,-59,18
17,-63,19
17,-75,14
15,-79,8
12,-76,-3
13,-75,-7
21,-81,-10
30,-67,-5
39,-63,5
39,-66,5
28,-65,-12
20,-66,-18
7,-60,-18
8,-57,-13
16,-58,-7
17,-63,-8
15,-63,-9
14,-62,-7
14,-63,-5
14,-64,-3
14,-63,-4
12,-58,-5
12,-55,-6
13,-46,-7
16,-44,-5
23,-41,17
42,-37,53
32,-20,44
13,-23,18
-13,-43,-17
-8,-71,-23
44,-113,-4
67,-78,20
78,-58,57
54,-52,37
30,-46,-6
34,-46,-10
40,-50,-1
38,-61,4
29,-77,10
14,-87,5
15,-99,6
18,-96,3
21,-86,2
28,-63,12
29,-53,16
30,-38,4
40,-36,11
20,-77,14
8,-68,5
-59,-28,-26
-128,16,-53
-42,-2,-25
23,-103,-53
62,-128,-96
107,-128,-13
103,-102,76
70,-70,44
68,-52,-6
38,-61,1
28,-61,14
23,-50,27
21,-42,28
34,-45,25
35,-53,24
22,-77,16
22,-100,14
22,-128,-19
22,-118,-33
37,-96,-6
31,-94,4
26,-65,7
30,-59,5
30,-59,1
27,-61,-1
17,-59,-4
9,-57,-6
-5,-52,-8
-10,-44,-9
-12,-40,-10
-1,-42,-9
23,-54,0
28,-58,6
33,-77,18
31,-91,17
56,-128,10
27,-97,-24
7,-81,-15
26,-60,20
24,-51,15
32,-43,5
34,-40,4
30,-40,1
29,-42,2
25,-51,0
28,-52,2
35,-59,12
40,-68,19
41,-82,24
35,-90,20
21,-79,8
18,-78,5
20,-79,9
21,-89,7
17,-92,-4
16,-85,-6
17,-71,0
20,-59,5
22,-54,5
18,-46,0
15,-43,-1
8,-48,-3
3,-48,-7
1,-47,-11
2,-50,-12
4,-56,-17
7,-60,-18
19,-68,-9
24,-68,-1
32,-82,8
40,-92,17
40,-101,13
27,-85,1
8,-64,-9
1,-59,-4
2,-55,6
10,-52,8
26,-46,14
34,-44,19
36,-46,23
32,-58,25
28,-62,24
11,-64,14
6,-62,11
9,-72,5
10,-86,-6
19,-80,-22
25,-70,-21
33,-74,-3
34,-83,1
27,-82,-10
23,-78,-15
21,-73,-10
35,-68,-5
-20,-56,-19
0,-55,-9
-6,-50,-11
1,-47,-8
9,-50,-5
10,-51,-6
9,-58,-6
9,-64,-7
12,-71,-7
15,-66,-4
17,-67,1
21,-65,0
23,-68,-1
25,-74,-1
27,-81,4
29,-93,5
26,-80,3
20,-52,8
20,-40,10
22,-34,6
22,-34,6
25,-40,9
26,-35,11
28,-32,19
28,-33,22
25,-49,18
19,-59,11
12,-70,2
14,-73,5
19,-89,7
16,-91,-4
15,-106,-14
17,-119,-15
18,-110,-16
19,-86,-11
17,-81,-9
13,-63,-7
4,-46,-7
-4,-17,7
-9,-11,14
-18,-7,7
-23,-9,-7
-10,-40,-24
9,-69,-20
73,-87,16
74,-90,46
58,-58,60
42,-42,27
24,-66,-10
36,-79,-13
46,-104,-14
53,-115,-7
48,-80,17
39,-73,23
32,-64,21
30,-59,10
31,-47,-1
24,-42,-4
21,-41,-3
10,-36,-8
6,-36,-9
8,-51,-9
8,-52,-10
10,-59,-11
7,-76,-14
15,-128,-32
34,-116,-5
45,-112,51
29,-98,44
24,-56,8
12,-43,-1
-2,-34,27
41,-31,47
35,-20,47
33,-18,42
26,-36,37
31,-59,44
28,-126,10
31,-128,-27
10,-115,-21
1,-108,0
24,-107,3
49,-89,-13
49,-85,-12
29,-72,-5
24,-72,-1
20,-77,3
12,-75,-2
-7,-57,-3
-8,-52,1
-13,-41,1
-11,-34,1
-6,-21,-3
-2,-20,-5
12,-25,-4
26,-35,-3
72,-89,24
54,-128,30
35,-128,13
39,-127,20
36,-80,30
22,-58,27
15,-33,18
19,-18,-1
27,-17,1
45,-30,14
48,-40,15
56,-63,23
54,-71,22
31,-78,11
24,-81,14
22,-89,18
26,-82,17
31,-79,13
31,-85,13
29,-101,9
22,-94,3
17,-68,-1
16,-63,2
18,-48,7
20,-42,9
19,-39,7
17,-38,5
15,-36,0
13,-36,-3
19,-40,-14
27,-44,-20
57,-46,-23
72,-42,-15
73,-41,-10
72,-46,8
74,-49,24
87,-62,63
96,-66,69
60,-78,37
-14,-67,25
-33,-34,33
-18,-24,44
9,-12,55
14,-11,49
24,-8,44
28,-5,40
25,1,41
28,5,44
34,6,55
29,7,58
28,2,58
27,-5,52
31,-29,49
36,-35,49
41,-48,47
41,-61,49
38,-55,51
25,-41,48
18,-41,46
18,-43,44
21,-46,43
12,-42,45
5,-50,43
-17,-35,49
-31,-27,36
48,-44,57
67,-53,67
66,-36,50
43,-33,43
42,-41,25
66,-37,30
19,-52,27
25,-43,41
51,-38,35
44,-35,34
28,-36,38
46,-40,38
28,-34,35
37,-40,39
40,-39,45
29,-42,54
22,-34,51
17,-31,51
11,-35,53
22,-33,60
22,-34,62
6,-32,59
9,-34,50
-4,-37,51
-10,-22,22
13,-31,44
4,-28,48
10,-28,49
3,-27,49
-33,-35,57
22,-19,70
21,-12,84
29,4,114
8,-24,40
24,-43,28
13,-39,33
16,-30,55
14,-36,56
18,-36,53
12,-38,54
8,-33,54
3,-30,54
10,-32,50
10,-40,47
7,-39,43
6,-40,43
8,-53,25
10,-52,20
37,-42,36
25,-39,31
25,-29,31
43,-33,30
32,-40,21
34,-46,19
44,-59,22
55,-65,29
45,-72,22
40,-74,20
34,-76,18
29,-78,9
27,-75,8
30,-61,22
32,-59,29
31,-49,30
29,-38,29
22,-40,28
18,-52,27
9,-60,16
5,-61,9
6,-56,5
10,-54,8
18,-57,10
24,-61,12
28,-66,14
28,-65,14
27,-57,14
27,-55,12
23,-47,8
20,-44,5
16,-41,2
16,-42,2
19,-53,1
17,-73,-8
19,-81,-14
28,-95,-15
38,-90,-4
47,-78,10
43,-80,4
28,-84,-15
22,-82,-16
11,-78,-14
9,-73,-12
11,-63,-9
13,-62,-8
13,-66,-12
11,-66,-14
10,-62,-16
10,-60,-15
12,-56,-10
13,-55,-7
15,-51,0
15,-48,1
17,-53,6
18,-55,8
18,-66,13
16,-84,22
14,-84,21
12,-88,14
18,-89,16
29,-74,23
29,-68,28
27,-61,31
24,-64,26
16,-59,11
13,-52,8
17,-48,10
18,-47,11
20,-46,10
21,-49,11
22,-51,15
22,-53,15
17,-50,13
14,-52,13
9,-52,11
7,-52,9
4,-46,7
3,-49,5
6,-77,1
14,-100,-6
47,-128,-20
36,-95,-4
34,-80,11
33,-49,18
33,-42,14
35,-32,13
33,-28,13
26,-29,11
20,-29,10
8,-26,4
7,-28,7
17,-42,17
17,-47,16
16,-69,10
18,-89,8
29,-119,8
32,-114,17
29,-113,36
21,-96,29
16,-62,13
14,-46,9
16,-28,12
19,-24,16
21,-25,16
23,-30,15
25,-36,17
26,-47,19
25,-51,17
19,-72,10
16,-79,5
15,-84,-2
18,-90,0
27,-83,7
29,-70,9
32,-81,8
31,-86,3
20,-74,-11
16,-65,-10
16,-56,-1
17,-56,1
18,-53,-4
14,-50,-7
12,-48,-7
11,-46,-7
14,-48,-5
16,-49,-4
19,-55,1
22,-63,8
22,-69,9
21,-66,12
20,-69,15
22,-81,21
20,-76,20
16,-72,20
14,-58,20
10,-55,15
12,-65,13
17,-67,11
16,-57,6
21,-47,11
23,-46,14
28,-48,11
28,-49,9
27,-44,11
26,-46,13
25,-46,16
23,-47,15
21,-54,15
21,-75,13
20,-86,9
22,-83,8
24,-81,13
32,-77,24
33,-83,23
23,-89,8
14,-87,-1
7,-75,-5
9,-69,-2
15,-51,5
19,-44,6
20,-37,5
19,-35,3
15,-40,-1
11,-41,-4
7,-54,-8
6,-59,-10
9,-59,-12
13,-61,-10
24,-70,8
29,-78,18
33,-73,25
26,-74,16
14,-87,9
4,-88,11
4,-78,16
14,-48,27
18,-34,29
22,-21,27
23,-19,23
23,-26,16
24,-36,16
29,-54,21
29,-64,21
23,-72,17
17,-72,15
17,-100,6
19,-109,-1
27,-93,-2
31,-93,0
30,-90,-1
28,-83,-4
23,-63,-4
20,-52,-3
19,-39,2
18,-36,3
19,-40,4
11,-46,-3
6,-50,-8
-1,-47,-10
-1,-42,-9
9,-49,-5
17,-67,-3
22,-83,-5
24,-76,-5
31,-77,15
32,-88,28
30,-107,14
20,-104,-2
13,-71,-4
15,-56,7
22,-35,18
23,-28,17
21,-21,13
17,-22,9
18,-37,1
22,-46,4
34,-59,12
43,-72,20
37,-78,15
23,-95,3
15,-92,-2
26,-82,9
30,-89,10
37,-116,5
32,-118,-2
21,-97,0
21,-81,10
23,-60,4
44,-50,-7
69,-44,-20
51,-47,-24
22,-48,-23
7,-43,-24
12,-37,-16
48,-44,-14
50,-45,-22
46,-26,-16
86,-3,-4
88,10,-1
96,20,14
96,26,32
112,25,70
83,19,67
-27,15,8
-27,16,-8
-3,20,4
21,21,22
18,23,22
9,30,19
10,32,19
18,44,35
20,47,44
29,52,51
16,57,43
-2,64,39
26,65,49
52,70,54
44,69,45
40,61,31
34,56,29
26,41,29
21,32,26
17,26,24
20,26,25
13,25,21
23,34,19
26,35,20
34,43,25
33,48,22
52,61,45
65,71,35
53,69,13
53,67,8
65,69,1
63,63,0
52,48,3
49,42,4
37,34,11
25,32,14
13,26,15
12,21,18
-4,9,18
-14,3,12
4,3,6
16,5,4
31,18,1
37,23,2
19,36,-19
24,29,-28
105,-56,17
127,-59,34
127,-52,19
119,-52,13
108,-51,13
81,-59,2
71,-68,-9
49,-50,-24
49,-34,-10
51,-19,7
50,-16,9
46,-22,8
38,-25,6
22,-37,2
14,-44,-2
5,-51,-7
4,-53,-7
7,-69,-15
6,-80,-22
31,-87,-10
41,-94,-2
41,-98,2
36,-102,-5
29,-94,-12
29,-61,-2
21,-47,4
30,-33,6
27,-28,5
29,-31,5
31,-39,6
36,-50,9
37,-53,7
30,-52,9
27,-59,13
26,-82,12
27,-93,9
23,-94,-2
23,-90,-3
30,-79,5
33,-83,5
28,-81,-3
23,-80,-9
11,-64,-17
11,-54,-12
14,-46,-4
15,-44,-4
15,-40,-3
11,-54,-6
8,-54,-9
9,-51,-6
10,-53,-3
13,-56,-2
13,-61,-3
17,-66,-3
22,-66,0
26,-77,6
26,-88,4
17,-94,-9
19,-88,-8
30,-65,11
32,-51,17
30,-38,12
27,-37,8
27,-46,8
31,-51,10
36,-55,15
37,-56,17
33,-64,20
29,-69,18
22,-87,3
21,-94,-5
22,-81,-5
26,-84,-5
27,-84,-6
25,-77,-11
23,-72,-12
14,-54,-13
15,-46,-10
16,-42,-5
16,-43,-5
14,-43,-6
13,-48,-5
8,-58,-8
6,-59,-9
7,-68,-7
9,-70,-6
12,-77,-5
17,-71,-3
27,-70,8
28,-80,10
18,-94,-3
12,-93,-8
8,-75,-4
23,-52,12
28,-44,14
30,-32,9
31,-31,7
27,-35,-1
24,-37,-3
26,-55,4
30,-61,7
35,-72,9
37,-81,9
35,-93,15
32,-86,14
24,-79,15
25,-85,14
27,-91,4
21,-88,-4
7,-82,-17
4,-73,-17
16,-44,0
21,-37,8
26,-38,12
11,-40,3
-5,-44,-13
-4,-56,-20
6,-60,-16
15,-66,-7
15,-66,-3
19,-68,3
23,-73,5
29,-72,12
35,-79,15
43,-80,6
43,-83,6
33,-76,11
32,-65,15
34,-42,17
33,-34,16
26,-28,4
25,-30,3
25,-36,3
28,-38,6
30,-52,12
30,-62,13
26,-68,12
21,-74,7
14,-87,-5
19,-83,-5
29,-68,3
32,-88,3
30,-91,-4
25,-82,-12
21,-78,-11
16,-59,-6
18,-53,-2
20,-52,-1
21,-53,-4
25,-59,-10
24,-60,-14
22,-57,-23
23,-53,-21
25,-48,-13
30,-46,-8
27,-47,1
6,-46,15
64,-54,49
74,-62,28
61,-59,6
43,-45,3
40,-38,14
34,-25,33
18,-22,30
37,-16,36
29,-14,27
23,-13,21
22,-19,24
18,-18,21
37,-17,20
72,-22,29
91,-27,21
81,-36,1
71,-32,1
72,-26,-1
70,-28,1
44,-46,-16
51,-61,-27
42,-79,-20
23,-93,-10
-6,-73,23
-18,-62,15
27,-46,22
35,-35,14
31,-48,11
22,-51,9
45,-57,12
17,-64,3
15,-62,-9
39,-76,-18
29,-78,-28
40,-80,-40
36,-72,-27
0,-85,-33
8,-91,-40
15,-62,-40
24,-58,-45
7,-37,-10
29,-11,-9
63,20,-3
93,42,18
41,18,26
49,4,15
54,-59,-19
52,-81,-37
28,-128,-56
-32,-128,-62
-17,-118,3
2,-93,12
13,-98,29
20,-98,0
28,-95,-26
10,-63,-38
17,-51,-38
31,-5,-26
29,16,-37
45,-17,-8
20,-40,-7
-107,-50,-45
-27,-65,-36
23,-53,-26
3,-50,-33
10,-72,-19
20,-78,-14
30,-86,-4
50,-84,0
30,-81,-26
23,-76,-2
27,-80,15
40,-85,13
33,-49,-3
29,-29,-1
64,-13,17
18,3,-5
35,-19,2
33,-18,2
17,-17,1
19,-28,7
30,-60,3
43,-79,-7
41,-102,-11
33,-115,47
47,-105,65
25,-42,-21
24,-36,-27
19,-53,-12
24,-46,-24
6,-54,-23
48,-87,6
36,-75,-8
-13,-81,50
17,-78,21
5,-83,23
-2,-74,4
8,-63,3
24,-61,0
24,-72,-6
7,-70,-10
10,-71,-16
19,-77,-20
24,-79,-30
16,-83,-39
12,-66,-29
17,-66,-18
32,-57,1
31,-47,2
32,-28,-1
32,-21,-4
21,-16,-12
15,-16,-12
15,-27,-4
21,-36,5
45,-75,21
55,-89,24
33,-87,10
17,-98,10
15,-89,16
20,-74,14
21,-79,12
22,-102,3
20,-96,-5
19,-74,-8
20,-65,-2
19,-52,5
20,-46,5
16,-44,1
14,-48,-1
8,-52,-8
5,-55,-11
4,-51,-15
6,-49,-13
10,-59,-10
15,-62,-7
28,-71,-2
31,-66,2
36,-80,13
34,-87,14
21,-87,5
18,-80,5
12,-58,12
9,-48,11
10,-32,12
44,-29,14
27,-34,2
44,-61,15
44,-64,17
41,-71,28
31,-74,30
13,-77,17
12,-85,9
17,-94,2
25,-86,5
31,-85,5
32,-93,3
26,-96,-8
25,-93,-10
16,-69,-9
16,-57,-5
19,-63,3
19,-61,2
16,-61,0
12,-60,2
-1,-52,-2
-4,-45,-5
-3,-41,-7
-1,-44,-7
7,-48,-9
15,-57,-8
19,-59,-7
28,-77,4
34,-97,15
40,-128,13
37,-128,-2
29,-77,-5
24,-60,9
23,-44,14
24,-37,11
22,-31,13
22,-30,10
23,-33,8
28,-38,12
37,-56,22
37,-68,22
29,-77,19
9,-104,4
7,-103,-3
12,-95,-6
20,-88,-5
25,-94,-5
37,-94,-2
28,-80,-9
22,-70,-11
3,-49,-14
9,-45,-11
11,-39,-7
11,-36,-5
4,-37,-7
2,-38,-7
0,-51,-9
0,-58,-12
5,-62,-11
11,-64,-7
20,-75,2
22,-82,2
28,-100,-5
30,-105,-5
19,-96,-10
7,-100,-10
9,-74,-3
16,-54,-6
27,-33,7
22,-31,8
22,-29,1
21,-30,-4
22,-32,0
27,-46,14
28,-58,16
25,-77,9
19,-84,4
23,-98,8
26,-93,7
22,-104,-3
20,-100,-2
19,-76,4
17,-70,10
4,-65,-3
-22,-39,-2
9,-38,4
5,-39,-4
16,-37,-6
18,-39,-3
11,-54,-6
5,-55,-9
6,-59,-12
11,-60,-11
20,-50,-6
35,-63,2
37,-75,-3
37,-87,-6
37,-112,2
47,-116,19
44,-82,18
5,-42,6
1,-41,8
12,-36,14
21,-35,14
41,-36,18
47,-43,21
48,-64,24
40,-72,21
19,-70,10
12,-81,1
16,-105,-5
19,-102,-8
19,-85,-9
21,-92,-6
28,-96,-3
28,-93,-9
15,-78,-17
7,-52,-12
9,-45,-8
11,-38,-6
11,-35,-7
8,-33,-10
6,-34,-10
2,-42,-12
1,-48,-13
4,-60,-13
6,-64,-14
12,-78,-14
17,-83,-12
28,-98,1
35,-101,14
32,-100,21
24,-91,8
37,-83,32
6,-44,23
40,-31,23
20,-26,18
17,-26,17
21,-39,12
25,-51,10
28,-64,11
34,-79,15
24,-75,12
20,-77,12
23,-86,11
30,-86,11
26,-110,-7
21,-113,-18
14,-97,-23
12,-86,-17
19,-60,-2
23,-51,4
19,-47,8
18,-45,7
15,-44,-2
12,-41,-5
4,-38,-3
2,-40,-2
5,-51,-3
7,-57,-5
14,-62,-8
17,-64,-4
25,-76,3
29,-79,5
40,-89,18
41,-122,8
36,-104,-6
16,-65,-5
13,-60,12
13,-44,10
19,-40,7
31,-39,9
37,-40,12
40,-41,18
40,-47,21
37,-62,26
30,-68,22
13,-77,7
9,-80,3
9,-92,-5
12,-88,-9
27,-79,-2
32,-85,3
33,-98,-2
29,-92,-11
13,-68,-22
11,-56,-16
14,-40,-6
16,-35,-5
16,-36,-8
19,-41,-12
22,-43,-12
7,-59,-13
4,-64,-13
2,-69,-13
8,-75,-12
16,-84,-10
23,-80,-3
33,-63,21
35,-61,28
28,-68,25
18,-75,12
4,-71,-1
-5,-64,-3
17,-40,30
39,-36,33
35,-31,17
31,-30,13
28,-36,10
25,-40,8
22,-51,8
23,-61,12
24,-66,12
24,-86,2
24,-98,-4
28,-90,-1
31,-93,2
31,-106,-3
28,-103,-8
20,-80,-7
19,-66,-3
18,-49,1
19,-47,1
17,-43,-1
14,-40,-1
19,-39,-3
26,-42,-8
33,-55,-13
32,-66,-13
21,-63,-6
20,-52,0
29,-47,12
46,-44,17
61,-50,20
55,-61,21
50,-60,18
50,-43,19
49,-35,23
39,-16,26
33,-12,30
25,-12,33
28,-13,34
30,-16,31
35,-19,32
52,-24,49
58,-23,52
63,-24,32
48,-28,28
44,-33,61
58,-29,44
80,-20,30
64,-19,22
44,-25,24
49,-35,37
49,-40,43
48,-38,39
50,-30,27
28,-24,20
21,-17,15
11,-9,9
15,-14,17
29,-17,32
38,-23,34
38,-38,47
34,-42,45
36,-73,57
70,-67,64
60,-50,32
55,-45,18
66,-51,12
48,-52,11
48,-49,6
72,-47,11
60,-23,18
38,-10,21
13,7,15
14,9,15
32,4,29
28,-6,30
33,-17,34
68,-17,35
65,-24,35
64,-47,34
85,-48,30
85,-41,16
82,-38,14
69,-33,15
58,-32,19
75,-41,26
74,-40,22
50,-34,14
37,-28,4
21,-14,-7
16,-11,1
-2,-14,10
3,-17,13
29,-25,18
44,-32,20
55,-43,10
66,-49,9
76,-50,4
71,-52,12
35,-57,13
30,-58,12
26,-75,4
30,-95,-9
35,-95,-16
39,-66,-13
37,-50,-5
33,-39,2
29,-38,-1
22,-37,-10
20,-35,-11
21,-40,-9
25,-44,-6
33,-48,1
38,-53,7
41,-66,11
41,-78,10
33,-88,5
30,-86,8
27,-86,13
27,-93,10
25,-102,2
21,-98,1
16,-79,1
16,-62,3
16,-58,4
18,-52,3
16,-50,2
12,-49,-1
9,-49,-3
9,-49,-6
8,-49,-8
5,-49,-10
6,-52,-11
14,-56,-5
17,-58,-1
22,-70,9
27,-81,11
33,-106,8
30,-102,-1
22,-86,4
18,-75,11
8,-47,6
17,-41,10
28,-34,16
33,-36,16
40,-53,20
37,-63,23
31,-75,25
20,-66,21
15,-66,17
11,-81,7
12,-89,3
24,-98,5
31,-87,9
29,-79,10
27,-87,6
16,-91,-5
11,-81,-16
10,-57,-8
11,-48,-4
17,-35,0
18,-32,0
15,-33,-3
12,-39,-6
7,-45,-13
7,-46,-14
11,-53,-11
12,-57,-10
15,-62,-7
17,-70,-5
20,-71,-3
23,-77,2
25,-82,5
37,-88,14
37,-84,16
14,-81,1
0,-74,-8
-11,-61,11
19,-47,17
51,-42,13
50,-43,14
24,-38,16
15,-31,7
10,-27,3
10,-31,6
21,-44,10
23,-54,7
18,-72,-5
18,-83,-5
29,-124,-2
33,-110,0
37,-71,15
25,-81,9
24,-76,0
16,-61,-9
13,-56,-5
13,-49,1
15,-45,0
16,-44,-3
16,-46,-4
12,-47,-7
12,-46,-7
14,-55,-5
13,-60,-6
10,-61,-8
9,-63,-8
12,-58,-3
19,-58,2
23,-70,7
21,-86,2
20,-82,-7
22,-74,-1
31,-78,22
26,-73,18
22,-54,7
20,-44,7
26,-33,16
28,-25,23
27,-25,22
27,-42,23
27,-51,24
24,-57,19
20,-58,16
19,-62,18
18,-62,14
17,-56,4
19,-69,8
33,-128,8
24,-128,-18
24,-120,-22
21,-121,-6
23,-106,4
25,-91,-2
17,-63,-1
18,-55,2
18,-42,3
13,-37,3
4,-26,5
1,-29,5
-3,-32,2
14,-41,2
32,-46,4
75,-59,9
78,-62,14
53,-67,40
47,-66,47
45,-51,36
46,-40,29
35,-15,29
36,-6,32
44,-1,31
40,-2,30
27,-8,29
32,-12,27
33,-15,30
32,-23,30
27,-37,31
29,-51,34
39,-75,37
50,-79,44
66,-80,49
64,-80,41
36,-55,26
27,-50,28
25,-37,18
7,-36,9
9,-33,3
20,-36,1
24,-37,-2
26,-45,1
22,-46,9
46,-79,-9
14,-72,-1
-10,-79,11
10,-80,32
29,-73,24
25,-70,15
16,-86,12
7,-88,14
-11,-75,18
-43,-71,24
28,-56,-7
32,-55,-23
14,-39,-2
15,-27,9
15,-34,8
36,-32,18
26,-28,3
35,-40,-13
36,-51,-9
37,-68,2
31,-77,2
24,-95,9
20,-100,14
-8,-82,5
9,-88,0
36,-96,0
39,-93,3
44,-79,25
9,-84,-14
35,-63,-7
32,-63,-12
17,-60,-13
12,-55,-15
6,-42,-12
13,-40,-8
12,-42,-7
6,-47,-6
4,-61,-5
2,-62,-5
5,-71,1
23,-104,2
26,-97,6
23,-88,13
22,-90,10
21,-74,5
20,-65,5
21,-57,6
23,-55,4
29,-55,-1
35,-54,1
40,-50,2
40,-50,3
38,-49,7
37,-55,10
35,-70,8
32,-78,4
29,-98,5
29,-92,6
32,-94,5
31,-97,3
23,-96,-2
19,-91,-4
15,-74,-5
15,-61,-1
16,-58,1
14,-51,0
13,-48,-1
9,-46,-3
7,-45,-4
5,-49,-5
4,-53,-5
6,-59,-7
9,-61,-7
16,-66,-2
21,-71,1
27,-74,14
31,-85,23
21,-115,2
16,-102,-12
19,-69,3
26,-60,28
30,-52,27
32,-47,23
33,-43,30
35,-45,36
31,-56,33
31,-62,35
32,-67,33
32,-94,22
26,-113,14
2,-80,-21
3,-85,-19
9,-94,-22
15,-93,-29
28,-75,-26
31,-68,-13
22,-56,-5
20,-53,-7
18,-52,-14
17,-54,-17
13,-56,-16
10,-57,-12
7,-58,-1
6,-62,4
-2,-69,5
-11,-65,6
5,-60,13
18,-75,18
22,-78,22
24,-76,26
11,-93,22
6,-79,1
5,-69,-4
13,-57,8
24,-55,10
40,-57,7
46,-57,12
50,-53,21
49,-49,24
46,-49,31
39,-50,30
25,-63,22
22,-70,18
17,-79,10
18,-84,10
19,-72,7
20,-85,4
19,-99,-5
18,-105,-14
16,-87,-21
21,-85,-13
23,-63,-4
21,-48,1
20,-44,3
18,-41,1
16,-41,-3
9,-43,-5
5,-43,-5
2,-49,-2
3,-53,-2
10,-62,0
14,-66,0
19,-73,6
23,-79,9
27,-83,14
28,-88,13
19,-92,1
15,-101,-7
22,-96,-10
29,-81,-2
34,-54,8
33,-49,4
34,-44,2
34,-42,2
30,-38,4
29,-40,6
24,-41,6
29,-51,13
30,-62,13
27,-91,6
27,-98,3
30,-92,9
30,-85,12
26,-99,3
22,-101,-2
14,-92,-9
11,-82,-9
12,-58,-7
14,-52,-5
18,-48,0
17,-46,-1
14,-49,-4
11,-50,-5
6,-56,-9
5,-57,-10
5,-59,-11
10,-58,-8
15,-62,-4
20,-67,0
21,-64,6
26,-65,12
28,-83,20
21,-111,-1
18,-97,-7
19,-69,15
20,-57,24
23,-44,15
24,-44,10
28,-47,14
31,-47,17
33,-47,21
31,-43,23
30,-56,27
29,-68,29
20,-84,14
16,-98,5
17,-84,0
20,-77,3
23,-90,2
22,-101,-6
17,-94,-23
18,-85,-18
26,-66,-3
25,-45,5
21,-45,5
11,-57,-5
6,-57,-12
4,-55,-8
5,-58,-4
7,-54,-4
9,-48,-8
8,-43,-11
15,-38,1
23,-68,18
31,-77,21
22,-96,15
12,-79,13
25,-101,13
27,-107,7
29,-93,-4
32,-85,-4
34,-57,-8
33,-47,-10
34,-46,-11
35,-47,-10
36,-50,-8
38,-52,-6
54,-56,13
60,-48,29
59,-51,30
39,-78,9
31,-84,-1
12,-92,-15
9,-86,-12
17,-97,3
22,-111,2
20,-120,-18
16,-116,-23
15,-104,-18
16,-92,-15
17,-76,-11
14,-69,-11
9,-62,-10
7,-58,-10
1,-53,-11
-2,-49,-11
-6,-47,-8
-6,-47,-7
0,-47,-6
6,-53,-5
14,-66,-4
23,-78,3
31,-99,18
32,-128,13
26,-128,-4
26,-94,-4
18,-83,7
28,-69,17
31,-62,11
39,-52,8
42,-48,7
47,-42,8
47,-42,12
45,-44,18
46,-53,22
35,-71,17
26,-85,9
12,-97,-3
12,-93,-4
21,-78,5
24,-85,5
26,-104,-3
20,-96,-12
18,-85,-10
19,-67,0
18,-59,2
17,-50,2
15,-48,2
10,-46,0
6,-41,-2
1,-38,-3
0,-39,-4
4,-38,-8
8,-44,-8
14,-62,-8
19,-69,-5
28,-101,2
36,-117,3
56,-101,25
57,-98,24
19,-86,-15
6,-76,-17
0,-60,10
3,-52,11
20,-42,5
29,-38,7
36,-33,10
35,-38,15
32,-44,17
26,-57,17
22,-61,15
19,-67,14
16,-70,9
19,-91,5
19,-96,0
22,-89,-4
23,-89,-3
27,-89,6
28,-89,4
21,-76,-11
19,-65,-19
27,-54,-14
27,-52,-11
37,-49,-9
35,-47,-12
25,-44,-13
19,-42,-14
9,-45,-22
-1,-45,-38
7,-57,-15
11,-59,-1
7,-56,-7
15,-57,-6
19,-65,9
1,-113,39
0,-120,30
26,-111,-9
51,-98,17
69,-52,52
49,-39,43
24,-24,12
36,-26,11
33,-30,2
27,-38,-2
25,-52,-1
27,-56,2
30,-64,8
26,-70,6
22,-96,2
19,-101,-3
26,-86,2
30,-88,6
35,-87,10
29,-80,1
22,-72,-4
14,-56,-4
14,-50,-2
15,-42,0
15,-43,0
9,-45,-6
6,-45,-9
4,-45,-10
6,-46,-9
12,-56,-8
14,-57,-8
18,-59,-6
28,-64,4
42,-80,29
48,-91,31
29,-83,5
15,-81,-7
-8,-79,-10
-7,-71,-3
8,-50,10
16,-40,12
27,-32,8
28,-30,5
28,-29,6
32,-35,9
33,-45,14
40,-58,24
43,-65,26
31,-86,16
19,-91,7
3,-85,-1
6,-79,7
21,-73,17
27,-73,16
40,-87,10
48,-91,-3
71,-103,-24
69,-102,-18
57,-98,9
52,-85,8
48,-62,-10
47,-51,-15
37,-41,-15
32,-33,-13
20,-15,-8
35,1,-1
30,5,6
40,13,12
37,21,18
14,34,26
17,37,36
32,37,44
51,37,39
54,35,42
49,35,36
34,40,23
32,37,25
28,46,20
20,45,19
16,39,20
14,35,20
14,32,20
18,34,20
23,44,14
24,46,18
19,35,38
16,36,38
2,30,21
-9,26,7
-57,-9,-33
59,-71,-38
105,-81,-74
127,-82,-8
67,-100,-23
99,-87,-36
89,-69,-34
61,-36,-10
48,-31,1
23,-29,-2
11,-33,-7
9,-47,-6
13,-55,-4
16,-76,-6
17,-89,-15
30,-92,-15
42,-90,-4
43,-79,14
42,-68,17
28,-64,5
28,-74,-1
-2,-72,-18
-6,-59,-13
6,-42,5
9,-35,10
32,-30,20
33,-37,23
21,-36,16
1,-49,10
13,-54,14
27,-62,11
32,-67,8
23,-80,-1
21,-86,-3
25,-88,-5
30,-80,0
38,-78,7
39,-83,5
35,-77,-4
28,-71,-6
20,-54,-4
18,-52,-2
14,-47,-3
14,-46,-3
17,-47,-1
20,-47,1
11,-60,-6
6,-66,-11
6,-67,-11
10,-68,-9
13,-66,-6
21,-63,1
24,-65,2
33,-60,11
37,-62,18
32,-76,18
21,-75,5
0,-76,-12
0,-59,5
38,-48,16
35,-42,11
28,-41,4
36,-43,8
33,-45,12
34,-47,16
30,-51,23
27,-59,24
19,-77,18
14,-84,11
9,-87,-2
13,-83,-3
26,-73,5
37,-82,9
38,-86,6
31,-79,-2
27,-72,-5
16,-55,-5
14,-50,-4
17,-47,-2
16,-48,-2
13,-49,-5
12,-50,-6
10,-51,-7
10,-50,-8
12,-55,-7
13,-60,-6
16,-66,-6
19,-67,-2
26,-64,8
27,-68,14
33,-76,19
28,-74,15
11,-80,0
0,-81,-9
19,-66,17
31,-48,12
34,-43,9
30,-39,4
31,-40,3
30,-49,3
29,-48,6
31,-52,13
32,-51,15
31,-65,20
29,-73,20
19,-89,6
14,-86,2
18,-84,5
23,-76,9
31,-82,9
32,-82,8
27,-77,4
23,-70,3
18,-58,0
15,-53,0
16,-48,-2
16,-48,-1
13,-51,-4
10,-51,-6
10,-52,-7
10,-50,-8
12,-51,-6
14,-63,-4
15,-65,-4
20,-67,1
22,-66,4
26,-74,11
29,-76,13
22,-74,9
19,-80,5
10,-81,3
15,-67,8
35,-52,13
25,-45,7
30,-43,5
29,-43,4
27,-47,4
28,-51,7
28,-51,14
29,-52,17
30,-67,22
28,-74,26
23,-77,22
10,-87,6
9,-94,2
17,-82,-3
19,-75,-5
25,-75,0
28,-80,0
23,-68,-10
18,-57,-11
13,-47,-7
14,-46,-4
17,-51,-2
17,-57,-5
7,-52,-12
9,-52,-8
11,-54,-1
13,-57,0
14,-64,-1
13,-64,-2
17,-57,0
19,-57,4
25,-70,14
28,-76,13
23,-72,11
16,-72,6
13,-71,3
17,-63,8
21,-57,10
26,-47,7
28,-44,8
35,-47,12
37,-49,14
34,-53,16
31,-52,17
26,-59,19
23,-65,17
18,-88,9
14,-94,2
14,-96,-7
17,-85,-6
26,-64,2
29,-65,4
30,-68,1
29,-67,-5
20,-61,-14
16,-54,-10
18,-50,-6
24,-51,-1
22,-56,-5
9,-63,-20
6,-61,-23
9,-60,-15
13,-66,-13
21,-74,-10
21,-71,-8
24,-67,1
23,-67,6
23,-71,10
21,-64,11
15,-39,21
10,-35,25
4,-53,24
1,-61,15
6,-64,8
9,-62,9
32,-67,20
30,-66,21
36,-60,16
34,-57,13
31,-59,7
28,-61,7
29,-58,11
30,-54,17
30,-53,18
28,-57,19
27,-59,18
22,-59,11
20,-54,11
21,-55,12
24,-61,11
61,-84,9
60,-89,1
58,-96,3
41,-102,1
48,-94,6
53,-92,10
47,-85,13
42,-81,14
29,-67,14
28,-58,17
32,-49,25
30,-41,23
10,-24,12
-1,-11,23
12,-6,35
20,-7,53
15,-6,54
17,-3,57
14,-3,55
-6,1,42
13,-1,52
11,-15,62
4,-17,63
3,-15,52
7,-20,48
19,-15,61
16,-26,63
2,-27,58
1,-46,49
40,-11,51
42,-9,42
29,-22,51
36,3,64
37,-11,63
25,-7,59
12,-4,58
19,-10,61
16,-9,57
20,-9,58
24,-8,61
30,-10,64
30,-11,62
24,-4,60
29,-5,63
45,-13,64
39,-9,59
40,-2,50
40,1,49
31,14,54
34,10,57
32,3,51
32,-3,53
27,-1,56
26,6,56
27,7,53
25,6,49
32,5,53
38,3,56
27,2,55
22,-1,52
24,-2,52
24,-4,51
24,-6,55
30,1,64
26,4,59
36,-12,61
44,-20,64
41,-9,59
34,-3,57
21,-8,66
41,-17,65
33,-4,70
24,-33,49
21,-26,34
15,-21,28
28,-14,27
42,-13,32
37,-10,44
26,-10,49
5,-13,54
1,-16,55
16,-20,54
20,-21,53
22,-25,51
24,-28,54
36,-31,59
43,-35,61
43,-37,61
44,-39,61
41,-37,57
64,-34,55
55,-32,50
27,-29,48
22,-26,46
23,-20,42
21,-18,40
22,-19,37
21,-20,35
22,-27,32
23,-30,31
26,-35,29
28,-39,29
36,-55,36
42,-57,37
36,-55,29
32,-52,27
23,-52,21
27,-57,25
27,-63,24
23,-74,21
19,-69,18
25,-55,20
22,-55,19
19,-73,9
22,-73,3
25,-60,0
30,-56,7
38,-50,14
40,-51,12
30,-57,10
26,-58,12
23,-57,15
23,-57,15
24,-58,14
23,-57,14
20,-61,15
20,-65,16
14,-73,12
10,-74,6
9,-69,1
18,-72,-1
21,-71,-1
39,-50,10
40,-54,9
27,-69,3
20,-73,-1
11,-74,-3
9,-71,-2
11,-64,0
14,-60,1
14,-54,0
12,-51,-1
13,-52,1
16,-50,1
18,-47,2
20,-47,4
19,-52,3
18,-55,1
17,-66,0
23,-69,8
27,-70,12
27,-78,12
22,-88,0
20,-72,-1
21,-55,14
15,-60,11
14,-61,3
15,-54,-4
18,-48,-1
23,-46,3
25,-46,3
24,-50,1
24,-52,1
25,-56,7
16,-61,19
-15,-66,29
17,-62,20
34,-59,15
37,-60,11
24,-70,-1
18,-73,-5
15,-74,-6
21,-69,-5
25,-63,-6
29,-58,-2
33,-61,5
28,-73,4
25,-78,2
31,-83,3
-8,-81,0
-7,-66,-4
3,-63,-3
14,-52,-2
24,-50,1
22,-44,0
19,-43,-2
13,-42,-6
11,-43,-7
14,-53,-9
16,-61,-10
21,-72,-14
25,-74,-12
34,-79,-3
38,-84,0
34,-67,-6
27,-64,-9
21,-67,-3
23,-56,3
27,-41,7
27,-43,7
24,-60,4
22,-67,5
22,-69,9
20,-72,21
-2,-77,47
-15,-65,26
4,-58,11
37,-64,18
15,-55,5
18,-53,0
20,-50,-1
23,-45,2
24,-48,2
29,-59,2
29,-68,0
24,-69,-8
23,-72,-8
22,-81,-5
23,-71,-5
27,-64,-1
28,-65,1
28,-74,3
34,-76,6
-7,-72,-9
3,-66,-7
2,-56,-8
15,-55,0
14,-55,-2
17,-52,-4
17,-49,-5
15,-49,-4
14,-53,-3
17,-59,-2
20,-67,0
22,-81,4
20,-89,4
14,-82,2
17,-72,6
25,-47,17
23,-45,17
13,-49,4
9,-54,-5
13,-61,-11
18,-60,-9
34,-60,7
21,-55,9
19,-53,1
39,-53,12
44,-53,20
38,-56,26
36,-56,25
31,-54,20
29,-55,19
37,-65,16
25,-71,6
14,-79,-1
11,-80,1
14,-76,1
18,-66,1
23,-53,5
22,-53,6
22,-62,4
20,-67,-3
20,-69,-11
28,-67,-10
44,-59,-2
34,-56,-2
17,-50,-3
11,-47,-5
13,-42,-3
14,-42,-1
17,-43,-2
18,-50,-6
16,-58,-9
19,-79,-4
21,-80,4
25,-80,10
27,-78,9
21,-77,1
17,-74,-4
24,-51,12
8,-49,10
22,-64,12
19,-68,6
23,-62,3
22,-56,4
24,-49,7
25,-50,7
24,-52,7
22,-55,5
19,-59,3
19,-58,4
15,-59,14
2,-62,23
-18,-62,10
1,-61,9
19,-66,7
26,-71,2
27,-74,2
33,-82,3
30,-68,3
26,-54,3
21,-59,2
18,-67,-2
18,-70,-3
16,-70,-5
16,-68,-6
17,-59,-6
17,-57,-5
17,-58,-3
15,-60,-5
12,-60,-9
11,-60,-13
9,-61,-23
15,-60,-14
20,-57,4
16,-55,1
17,-55,-8
11,-57,-6
10,-58,-1
15,-79,6
28,-87,8
37,-70,12
30,-64,18
21,-64,15
12,-66,6
25,-62,-10
41,-65,-13
38,-64,-7
36,-57,0
44,-50,7
52,-61,26
-78,-55,37
25,-47,19
39,-57,0
30,-42,-5
45,-42,12
52,-46,18
42,-54,4
52,-58,3
40,-64,7
55,-62,6
47,-59,2
22,-48,13
7,-39,4
43,-37,-14
32,-45,-12
26,-59,-9
42,-56,-11
30,-55,-24
22,-55,-21
26,-51,-10
40,-50,-14
22,-47,-9
25,-53,-9
30,-66,-13
41,-70,-9
24,-70,-8
30,-62,-7
15,-55,-9
8,-54,-13
40,-53,-1
38,-51,-1
26,-53,-13
31,-58,-20
34,-52,-9
3,-54,-9
6,-55,-4
10,-54,-2
30,-47,-12
66,-42,-13
55,-33,-10
54,-30,-5
44,-39,7
39,-47,14
48,-48,12
48,-42,1
42,-43,-2
45,-33,-2
51,-30,3
63,-32,0
55,-49,-3
63,-49,4
61,-51,5
57,-50,5
46,-42,7
12,-37,12
23,-39,-11
24,-40,-23
36,-54,-17
40,-62,-3
43,-38,10
46,-54,-7
40,-51,-8
36,-53,-7
28,-56,-8
32,-52,-7
36,-56,-7
27,-51,-2
36,-49,-2
44,-57,-4
48,-59,-15
52,-65,-8
34,-72,-1
24,-69,-6
46,-83,0
41,-78,-4
16,-55,3
1,-55,5
1,-65,6
11,-65,2
37,-53,2
41,-46,9
40,-41,7
25,-40,5
21,-36,9
22,-32,12
27,-27,12
36,-21,10
38,-23,13
43,-29,16
47,-31,11
70,-53,9
61,-63,12
73,-64,29
66,-69,23
32,-68,-10
51,-56,2
-20,-46,-23
13,-53,-18
42,-62,1
20,-57,-7
21,-55,-7
19,-55,-6
31,-53,-6
30,-52,-8
23,-56,-4
23,-59,-1
22,-59,-1
23,-58,-1
24,-58,-1
28,-56,-4
31,-56,-8
40,-57,-10
43,-60,-7
42,-63,-4
39,-65,-6
39,-79,-4
35,-58,2
15,-51,21
7,-60,30
2,-75,6
20,-71,3
43,-52,2
47,-43,6
32,-37,11
21,-38,15
16,-39,16
29,-36,12
37,-34,11
43,-29,16
42,-30,25
51,-37,20
54,-44,7
73,-46,13
71,-42,21
47,-58,20
37,-73,12
41,-62,-2
37,-57,-6
-13,-46,-16
20,-47,-10
35,-65,-2
21,-65,-12
19,-62,-18
18,-60,-18
28,-53,-12
29,-50,-11
27,-51,-5
27,-54,-2
25,-58,0
27,-57,-2
32,-55,-6
31,-53,-7
33,-54,-6
39,-55,-10
39,-58,-9
42,-61,-5
46,-65,-4
52,-65,1
48,-67,4
35,-59,10
23,-48,5
16,-41,13
4,-59,8
5,-61,4
24,-62,4
51,-42,6
62,-34,13
45,-29,25
26,-30,21
16,-34,16
21,-37,15
28,-37,10
31,-33,14
47,-27,23
54,-28,16
85,-51,13
60,-50,7
58,-43,17
36,-54,-3
64,-78,1
27,-58,4
-8,-49,-3
23,-55,-16
49,-62,-7
37,-58,-8
26,-53,-15
11,-51,-14
20,-50,-12
34,-50,-13
33,-53,-8
29,-54,-4
28,-56,-7
25,-56,-3
27,-57,-2
33,-57,-8
34,-55,-9
36,-57,-11
37,-66,-10
38,-72,-6
45,-79,-1
42,-87,-7
37,-56,-1
29,-46,7
14,-32,9
11,-41,4
14,-37,-3
20,-40,-7
26,-49,-5
34,-50,5
37,-54,18
41,-50,19
40,-41,14
33,-36,10
31,-29,5
38,-30,7
49,-32,14
54,-35,11
50,-53,1
58,-59,5
51,-55,12
38,-52,3
55,-68,-5
29,-50,1
-2,-39,-10
29,-54,-10
27,-56,-5
25,-58,-10
55,-68,-5
29,-50,1
-2,-39,-10
29,-54,-10
27,-56,-5
25,-58,-10
25,-55,-15
31,-52,-13
30,-51,-9
30,-50,-6
30,-50,-5
30,-50,-4
30,-51,-3
30,-55,-2
31,-58,-5
31,-58,-7
31,-58,-6
33,-60,-5
30,-64,-5
45,-74,-6
47,-75,-3
48,-84,-5
36,-77,-6
20,-80,5
8,-66,7
7,-57,5
8,-40,2
11,-37,0
15,-37,-2
36,-37,5
49,-27,8
41,-27,1
35,-25,-5
32,-23,-7
29,-26,-13
34,-31,-16
41,-39,-22
53,-52,-27
61,-80,-36
50,-69,-22
29,-57,-4
30,-54,1
36,-54,-4
43,-47,-8
57,-49,-6
59,-57,3
6,-59,-2
11,-76,-5
5,-67,-3
22,-77,-7
22,-61,-5
30,-60,3
26,-62,0
19,-56,-5
18,-58,-5
12,-52,-5
13,-51,-5
17,-58,-3
19,-60,-3
21,-62,-2
21,-64,-1
20,-68,-3
19,-76,-5
22,-76,-9
26,-61,-4
31,-56,15
27,-61,15
19,-60,2
14,-51,-1
14,-47,2
16,-48,5
5,-49,2
24,-61,9
34,-62,11
36,-60,11
29,-60,12
19,-59,11
16,-57,8
21,-60,6
25,-63,4
22,-67,-4
20,-65,-6
21,-62,-1
23,-72,1
28,-74,-2
26,-58,-4
23,-61,-1
20,-70,-1
17,-77,-7
15,-72,-9
14,-62,-7
14,-57,-5
15,-50,-5
14,-47,-6
17,-45,-4
16,-49,-6
15,-50,-5
17,-55,0
19,-60,2
18,-73,-1
15,-73,-4
16,-71,-2
19,-72,-1
23,-75,-2
24,-85,-5
27,-70,-6
31,-54,0
29,-44,10
26,-48,6
19,-59,-7
17,-62,-10
19,-63,-6
24,-62,-3
31,-54,3
33,-52,6
30,-52,10
27,-54,11
19,-57,14
-10,-58,26
-5,-58,17
28,-60,17
20,-61,9
13,-73,0
14,-70,-4
21,-68,-4
25,-80,0
30,-76,-5
29,-62,-7
25,-60,-3
22,-64,-1
22,-70,-1
21,-71,-3
17,-66,-5
16,-63,-4
13,-55,-4
12,-51,-4
11,-48,-4
12,-49,-5
13,-51,-7
13,-53,-7
14,-58,-8
17,-62,-9
17,-66,-10
22,-70,-6
26,-70,-1
31,-78,2
27,-86,-4
19,-79,-13
22,-57,-4
32,-45,16
33,-45,16
26,-54,5
20,-61,2
16,-71,7
19,-69,11
27,-58,16
29,-53,17
10,-56,24
-13,-56,30
14,-56,25
19,-55,16
16,-55,7
16,-55,6
16,-56,1
21,-56,1
21,-58,0
23,-66,-4
23,-69,-7
25,-75,-8
27,-66,-7
29,-50,2
28,-49,3
24,-65,-2
22,-74,-5
15,-77,-10
14,-74,-9
16,-70,-2
18,-66,-1
20,-63,0
18,-61,1
15,-54,1
15,-52,2
12,-56,0
12,-56,0
11,-63,-3
13,-64,-2
17,-64,-1
19,-71,1
23,-74,-1
23,-65,-1
23,-59,-1
15,-61,-8
13,-56,-10
15,-58,-9
19,-59,-6
26,-60,0
30,-60,5
32,-63,14
31,-60,16
23,-54,14
21,-52,19
20,-50,43
10,-49,35
11,-61,13
22,-61,19
30,-65,21
30,-74,19
20,-73,4
17,-77,-1
21,-80,2
24,-65,-2
24,-56,-4
22,-62,-6
22,-70,-6
20,-69,-7
18,-69,-6
14,-66,-7
14,-61,-7
15,-53,-3
16,-51,-1
16,-52,1
16,-53,0
12,-52,-2
9,-50,-4
13,-47,-3
15,-51,0
20,-70,0
20,-73,-1
26,-80,2
26,-87,4
27,-102,4
29,-80,10
25,-36,23
17,-39,18
9,-59,1
20,-62,-8
17,-58,-8
26,-52,-1
28,-50,2
30,-50,2
30,-51,2
20,-55,0
17,-57,0
20,-55,1
-1,-62,15
3,-70,28
33,-64,27
48,-64,13
36,-71,1
23,-92,-7
17,-83,-9
16,-68,-2
19,-67,4
27,-68,6
26,-66,1
17,-61,-2
12,-60,-3
14,-54,-3
14,-55,-4
17,-58,-6
15,-57,-8
15,-56,-9
15,-53,-8
15,-52,-6
18,-58,-3
18,-60,-3
15,-65,-5
15,-68,-5
16,-64,-2
18,-56,2
20,-64,6
22,-64,7
27,-58,14
28,-55,18
19,-61,17
16,-61,12
17,-59,11
32,-57,10
21,-54,3
26,-52,6
32,-55,12
31,-57,13
29,-60,14
9,-58,13
9,-58,15
11,-63,19
11,-65,16
15,-73,4
12,-74,0
17,-74,-1
22,-76,0
27,-67,0
28,-70,0
26,-77,-3
23,-81,-6
15,-69,-11
12,-62,-9
15,-52,-4
17,-48,-3
18,-48,-2
15,-49,-3
13,-52,-4
12,-54,-6
11,-57,-6
13,-58,-4
17,-69,-1
19,-71,-1
19,-72,0
24,-70,6
27,-73,9
31,-67,16
28,-56,18
6,-55,8
-13,-60,-1
-33,-57,-20
5,-52,-11
54,-51,-1
40,-42,-5
46,-43,4
39,-46,2
35,-51,-5
35,-46,-5
46,-46,13
48,-54,17
9,-60,6
-17,-60,7
8,-67,15
19,-66,14
21,-72,4
20,-74,2
20,-73,1
22,-61,-6
24,-62,-7
33,-73,-3
34,-75,-6
31,-63,-7
28,-58,-3
18,-54,-3
16,-54,-4
13,-60,-4
11,-61,-4
13,-58,-3
14,-59,-2
14,-53,-2
15,-52,-2
15,-59,-4
16,-63,-3
20,-69,3
21,-74,3
25,-66,7
25,-68,9
11,-67,4
6,-65,5
11,-65,10
27,-62,11
21,-58,6
23,-55,1
22,-52,-4
18,-51,-12
16,-49,-14
21,-44,-6
25,-46,0
28,-48,7
30,-49,12
32,-58,16
31,-63,16
26,-73,14
23,-79,13
21,-87,14
22,-86,14
23,-72,8
20,-69,4
18,-68,2
20,-68,1
22,-66,-2
18,-62,-7
17,-61,-5
12,-58,-5
14,-58,-6
15,-59,-7
15,-57,-6
14,-58,-6
13,-58,-8
13,-53,-7
14,-52,-5
15,-55,-2
15,-59,-2
16,-70,-1
17,-75,-1
22,-80,1
28,-80,7
37,-66,21
35,-54,23
15,-53,6
-3,-60,-3
17,-65,-3
18,-62,2
25,-58,5
30,-54,8
29,-50,9
27,-47,6
25,-48,5
23,-54,4
17,-59,8
8,-64,13
11,-67,16
14,-70,11
15,-73,5
18,-87,1
20,-80,-2
26,-62,2
28,-63,6
32,-67,5
30,-72,1
15,-80,-11
11,-76,-13
8,-67,-14
9,-63,-11
18,-57,-6
25,-60,-6
21,-63,-8
16,-50,-7
6,-45,-6
6,-42,-5
8,-42,-4
13,-48,-2
14,-54,-1
15,-69,-2
16,-77,-3
22,-84,-1
32,-84,2
55,-74,17
45,-68,16
8,-66,6
-4,-64,-1
-2,-57,-1
3,-51,0
27,-45,10
30,-44,10
23,-45,8
24,-48,11
18,-57,17
15,-60,20
15,-56,25
10,-56,24
18,-62,19
16,-67,7
14,-70,3
19,-84,4
25,-85,4
29,-76,1
26,-82,-2
22,-84,-2
23,-79,-1
21,-68,-1
19,-63,-1
16,-55,-2
15,-53,-2
12,-50,-2
11,-51,-2
9,-51,-4
9,-50,-6
10,-47,-6
11,-47,-6
17,-63,-3
18,-69,-2
20,-72,0
21,-71,3
25,-65,11
27,-62,14
24,-73,8
13,-69,-5
28,-67,7
26,-68,16
32,-68,14
26,-61,7
25,-57,8
23,-52,8
21,-50,7
23,-48,9
24,-50,10
26,-57,14
18,-62,23
8,-64,25
4,-62,21
4,-60,19
7,-64,16
13,-71,8
18,-75,6
25,-79,3
25,-81,0
23,-61,-4
24,-67,0
23,-73,-1
22,-77,-9
20,-72,-10
16,-62,-7
17,-55,-4
18,-46,-1
18,-44,0
15,-47,-2
13,-48,-3
11,-52,-3
11,-55,-3
15,-62,-2
19,-65,-2
20,-65,-1
19,-65,0
27,-67,12
33,-69,17
34,-74,13
30,-66,10
16,-67,7
10,-69,5
11,-60,1
15,-51,6
26,-39,17
32,-35,16
35,-38,15
43,-52,13
34,-55,9
30,-61,8
39,-52,15
58,-46,12
56,-47,9
69,-47,14
54,-62,10
72,-80,14
61,-77,0
65,-54,-13
67,-46,-11
71,-34,-14
68,-35,-19
65,-36,-22
64,-35,-24
67,-34,-10
62,-28,-2
52,-13,3
49,-1,-4
41,3,-11
52,11,-3
44,17,3
35,27,0
31,33,-2
40,48,9
43,48,12
38,50,11
37,49,7
34,52,10
34,51,11
30,52,13
28,51,18
35,52,26
32,48,27
35,35,25
31,33,26
26,32,30
20,35,29
14,38,34
14,40,32
13,44,17
9,43,19
9,43,13
13,43,14
16,46,19
12,52,17
13,54,17
26,52,20
31,50,16
45,48,13
73,47,24
55,62,9
44,57,9
45,35,4
51,22,8
69,6,33
65,5,40
48,1,39
41,-4,38
22,-10,32
15,-12,30
19,-18,33
25,-22,35
40,-29,45
50,-34,56
47,-36,67
29,-32,62
23,-32,57
18,-39,47
20,-46,42
29,-60,40
32,-66,38
36,-77,34
32,-82,29
35,-80,20
37,-74,18
37,-65,18
31,-58,13
27,-49,12
27,-47,12
28,-43,15
33,-41,20
36,-46,27
26,-49,29
13,-57,34
5,-56,33
3,-55,26
3,-50,24
16,-50,22
18,-57,19
25,-59,19
36,-70,29
52,-83,39
93,-111,65
99,-118,67
64,-100,70
57,-75,73
12,-46,57
4,-38,56
-22,-28,32
-33,-15,21
-2,32,27
18,45,36
24,58,15
55,60,-6
54,44,-25
36,35,-18
36,42,-11
41,42,-1
-18,41,17
-46,47,21
8,52,83
-11,42,94
-12,29,90
-11,2,53
5,-6,47
24,-4,54
12,1,46
77,7,31
18,-6,13
45,40,22
16,18,52
-13,9,51
16,9,47
21,11,37
18,18,28
25,25,31
14,24,54
127,65,127
33,30,40
-1,17,4
27,-16,23
0,-24,28
-7,-29,30
-18,-23,35
-25,-21,32
-29,-34,20
-17,-32,23
10,-49,22
42,-56,36
44,-65,41
35,-61,41
29,-67,38
-12,-76,17
-35,-80,-2
2,-86,8
33,-92,25
59,-111,43
41,-114,33
35,-128,40
40,-128,30
65,-120,9
74,-96,19
58,-75,2
47,-58,-1
26,-50,1
20,-51,0
43,-58,5
54,-63,0
31,-66,-5
-8,-36,8
-2,-22,16
29,-38,15
43,-43,24
41,-50,27
65,-52,29
35,-58,34
31,-59,34
33,-65,30
23,-75,18
32,-76,16
26,-73,15
38,-69,11
38,-64,11
37,-58,12
36,-50,9
23,-34,11
23,-30,12
33,-28,11
26,-29,9
40,-35,12
35,-36,8
24,-39,4
24,-43,4
38,-52,7
43,-77,9
38,-82,6
23,-80,2
16,-86,2
16,-73,8
22,-68,16
19,-65,15
16,-65,7
12,-60,-3
13,-55,-4
20,-44,-3
23,-42,-3
26,-44,-3
26,-46,-4
26,-47,-2
27,-48,1
26,-48,5
24,-50,7
10,-55,16
18,-51,24
26,-56,16
33,-62,12
27,-92,1
22,-94,-3
24,-84,1
31,-77,15
32,-78,14
27,-70,6
22,-68,3
13,-62,1
13,-57,2
12,-52,0
15,-50,1
16,-52,-2
16,-52,-3
14,-55,-6
14,-57,-8
15,-60,-10
17,-59,-8
22,-66,0
22,-67,2
19,-67,3
18,-66,4
19,-65,7
21,-61,11
18,-52,14
15,-55,14
14,-60,13
15,-64,8
18,-60,8
23,-53,14
24,-51,14
27,-50,12
28,-51,13
28,-51,14
26,-53,13
25,-55,13
25,-55,14
26,-64,16
24,-71,12
24,-73,10
26,-74,15
30,-69,15
28,-70,12
23,-71,6
21,-75,3
18,-77,-5
17,-75,-9
16,-64,-10
18,-61,-7
19,-57,-6
19,-55,-6
18,-55,-7
16,-53,-6
15,-52,-6
14,-48,-7
14,-46,-6
16,-46,-4
16,-47,-3
19,-54,-3
20,-61,-3
24,-72,1
26,-73,6
31,-73,14
29,-79,14
25,-72,14
20,-64,14
12,-55,13
11,-56,11
14,-56,9
16,-55,10
19,-51,11
22,-50,14
24,-48,12
24,-52,12
23,-58,11
21,-58,10
20,-57,10
19,-55,13
18,-53,13
19,-53,12
23,-55,13
24,-62,10
23,-69,10
27,-75,13
28,-72,13
28,-71,15
27,-65,15
24,-66,7
24,-70,7
21,-74,5
20,-73,3
18,-69,-1
17,-65,-2
18,-54,1
19,-54,3
19,-54,2
18,-54,2
14,-53,1
12,-52,3
11,-51,3
10,-53,2
10,-55,2
13,-62,3
15,-66,4
20,-78,5
25,-86,9
33,-78,22
29,-73,23
10,-65,10
5,-62,4
8,-55,2
16,-51,6
23,-45,4
26,-46,4
30,-45,10
31,-47,12
29,-50,12
28,-50,14
25,-49,18
21,-55,17
22,-62,18
17,-72,21
22,-79,22
30,-94,25
25,-88,24
12,-79,16
6,-78,13
2,-80,2
9,-71,3
17,-64,7
26,-66,8
22,-60,3
16,-55,-1
11,-45,-1
10,-43,-1
13,-43,-2
13,-43,-3
15,-43,-2
17,-45,-1
18,-53,4
19,-59,5
21,-73,7
20,-79,5
18,-90,2
23,-78,7
28,-73,13
32,-73,21
25,-69,15
6,-62,1
4,-60,2
14,-55,8
19,-51,12
26,-54,24
23,-57,34
7,-50,33
-4,-46,25
0,-35,20
5,-35,16
16,-36,14
19,-42,13
26,-61,11
26,-64,8
26,-80,2
26,-87,2
34,-87,10
33,-86,9
22,-87,-1
19,-82,-2
20,-75,2
20,-65,4
20,-56,4
18,-47,6
17,-46,7
15,-47,7
13,-48,5
8,-48,3
7,-51,2
6,-55,1
7,-57,1
11,-66,-2
12,-71,-3
21,-73,-1
25,-74,4
35,-80,17
35,-81,21
22,-79,9
15,-72,0
10,-56,0
12,-49,7
18,-38,9
20,-37,8
25,-36,8
30,-43,13
31,-49,14
31,-58,17
29,-59,19
22,-64,21
20,-65,21
15,-72,11
16,-76,12
24,-89,20
29,-99,15
22,-100,-20
23,-86,-15
21,-83,0
25,-77,-1
29,-62,-5
23,-54,-6
14,-43,-5
13,-39,-4
13,-38,-5
11,-38,-6
9,-41,-8
9,-45,-6
12,-54,-4
17,-63,0
18,-66,1
17,-70,1
18,-74,2
23,-81,4
27,-86,5
35,-81,15
35,-74,14
27,-75,7
18,-70,6
10,-58,11
13,-53,12
19,-47,9
21,-44,8
22,-39,11
16,-39,12
11,-44,17
17,-47,20
24,-56,16
23,-57,13
16,-67,11
16,-72,10
16,-81,0
20,-82,-5
23,-78,-3
29,-77,5
28,-86,2
23,-90,-8
17,-86,-10
11,-71,-9
10,-66,-7
13,-57,-4
14,-52,-3
14,-46,-2
12,-43,-2
10,-40,-3
8,-41,-4
6,-42,-5
7,-42,-5
12,-52,-3
14,-58,-3
21,-80,2
27,-89,8
35,-93,23
37,-91,31
11,-72,6
6,-70,-11
23,-78,-11
31,-53,4
33,-49,9
36,-46,12
33,-43,10
25,-40,12
20,-41,15
14,-36,15
21,-45,17
20,-63,22
22,-66,25
9,-67,21
9,-66,19
25,-63,15
27,-69,12
26,-103,9
25,-86,7
17,-72,0
15,-72,1
22,-70,2
27,-67,2
26,-59,1
20,-58,1
14,-56,-1
9,-49,-5
10,-47,-5
12,-46,-3
14,-47,-1
16,-48,-1
15,-48,0
14,-57,3
13,-63,3
10,-65,4
11,-73,4
28,-95,9
37,-88,15
20,-69,23
2,-71,15
-8,-60,1
1,-57,1
16,-47,7
24,-45,9
28,-45,8
27,-49,6
28,-64,4
31,-61,6
35,-56,14
31,-52,15
27,-52,16
16,-57,9
13,-65,5
15,-83,2
21,-93,1
28,-85,0
31,-82,4
32,-75,14
31,-75,12
24,-76,0
19,-69,-3
9,-57,-1
-2,-49,-1
8,-49,-2
11,-51,-3
12,-53,-9
13,-53,-10
13,-53,-11
14,-54,-10
17,-54,-8
19,-53,-4
21,-59,1
21,-69,0
22,-75,2
23,-89,2
24,-93,2
22,-81,10
24,-74,17
21,-51,18
11,-54,15
15,-63,8
11,-62,3
21,-51,3
25,-48,6
42,-49,13
42,-51,14
31,-56,12
26,-60,10
17,-62,6
16,-60,5
18,-59,11
24,-59,9
21,-70,9
21,-79,11
-26,-71,-10
-17,-63,-6
4,-71,-6
31,-69,-3
39,-67,1
40,-74,5
33,-72,1
23,-61,-1
20,-56,-1
18,-58,-2
17,-57,-4
16,-54,-4
16,-55,-4
14,-56,-4
14,-55,-5
15,-52,-4
16,-51,-3
19,-51,1
20,-56,1
18,-73,1
13,-80,-2
15,-82,-1
18,-77,0
20,-71,1
17,-73,-1
14,-56,3
13,-56,4
12,-61,3
17,-54,5
20,-49,7
25,-43,11
25,-40,10
23,-40,7
23,-44,5
29,-64,9
29,-68,10
23,-66,14
7,-63,19
-7,-61,22
-1,-67,22
9,-73,15
11,-75,8
15,-84,7
22,-92,7
37,-76,18
41,-71,28
28,-69,19
19,-70,6
6,-69,-8
5,-63,-9
9,-53,-13
12,-46,-6
13,-45,-6
13,-50,-9
11,-57,-11
12,-47,-16
17,-43,-12
26,-44,0
27,-48,5
26,-65,6
24,-67,4
24,-76,9
25,-86,13
13,-98,1
15,-95,2
25,-64,27
52,-57,59
31,-47,24
24,-56,9
6,-61,-2
10,-56,0
18,-46,1
20,-43,1
25,-41,5
24,-49,3
24,-51,1
10,-66,15
-7,-70,27
9,-65,23
23,-75,24
38,-74,17
36,-80,8
15,-85,-8
10,-84,-8
14,-60,0
18,-61,1
31,-71,4
30,-73,2
22,-67,-4
19,-62,-6
16,-58,-7
16,-55,-5
17,-52,-4
18,-51,-2
13,-51,-5
12,-49,-7
9,-50,-6
10,-51,-6
12,-55,-6
16,-71,-7
14,-73,-9
22,-70,-2
25,-70,5
24,-76,9
22,-77,8
15,-68,11
14,-69,13
19,-69,16
25,-62,21
24,-50,10
25,-44,8
23,-39,4
23,-37,4
21,-42,3
21,-46,4
23,-55,7
26,-60,4
29,-58,6
31,-60,11
31,-68,18
26,-84,6
26,-78,3
19,-75,8
25,-78,11
20,-92,0
18,-87,-3
19,-75,-1
19,-71,1
22,-61,0
23,-54,-1
18,-47,-2
15,-47,-1
11,-49,-2
8,-51,-3
6,-52,-4
7,-51,-6
10,-49,-7
13,-54,-5
16,-65,-2
19,-68,-1
22,-64,5
19,-67,10
39,-88,12
42,-86,7
17,-72,5
28,-66,18
35,-62,17
28,-56,14
22,-52,13
8,-44,9
10,-43,9
12,-44,8
15,-47,8
10,-55,20
3,-57,22
13,-64,20
22,-71,19
31,-81,16
21,-81,11
16,-83,7
18,-81,6
24,-67,4
23,-70,1
21,-69,-1
21,-68,0
22,-64,2
15,-59,-2
14,-55,-3
14,-53,-1
13,-57,-2
13,-54,-6
12,-51,-7
18,-46,-3
14,-44,-1
8,-41,-1
12,-48,-1
15,-64,0
19,-70,3
30,-79,21
35,-79,30
25,-88,3
14,-78,-18
20,-69,-5
24,-71,3
30,-69,-1
30,-63,-1
29,-51,6
27,-46,6
21,-44,3
19,-43,0
19,-46,6
19,-51,16
-10,-53,25
22,-58,15
33,-64,10
30,-73,-2
26,-80,-4
26,-77,0
28,-70,7
33,-65,15
31,-67,8
22,-75,-4
19,-73,-3
22,-62,1
23,-57,2
20,-57,-1
16,-59,-4
12,-52,-6
13,-53,-5
13,-55,-6
14,-51,-7
15,-51,-4
14,-52,-3
17,-56,-2
19,-64,2
21,-69,4
21,-71,5
20,-75,3
20,-74,0
20,-65,2
25,-69,11
23,-72,10
19,-63,4
18,-57,6
21,-48,8
22,-42,7
23,-37,6
23,-37,6
23,-47,10
23,-52,9
28,-62,14
25,-64,15
9,-73,17
10,-74,18
25,-80,13
22,-82,9
19,-71,7
20,-68,8
26,-63,12
25,-63,6
23,-66,4
17,-70,0
16,-69,-2
15,-62,-2
15,-60,-1
16,-57,-2
15,-59,-4
13,-58,-7
13,-54,-6
14,-48,-4
14,-46,-3
14,-43,-1
14,-44,-1
15,-52,0
16,-59,0
20,-67,5
23,-75,7
27,-94,9
32,-102,10
29,-71,15
22,-67,14
5,-66,8
10,-60,4
15,-55,4
25,-44,7
29,-39,10
28,-36,11
28,-38,13
21,-46,11
13,-53,12
7,-60,16
14,-60,16
22,-67,14
24,-71,11
19,-79,2
19,-79,0
23,-75,4
27,-70,8
29,-76,6
24,-79,1
18,-79,-2
18,-75,0
19,-64,1
18,-59,1
16,-52,1
15,-51,1
12,-49,-1
10,-48,-2
10,-48,-3
11,-47,-3
12,-48,-3
14,-59,-3
15,-65,-3
21,-61,3
22,-64,7
24,-73,11
24,-80,10
22,-93,1
20,-78,1
19,-65,13
16,-65,12
14,-57,1
16,-53,1
19,-47,2
21,-45,2
23,-41,1
24,-40,1
26,-46,5
28,-53,9
29,-54,11
26,-62,15
23,-70,15
15,-80,7
10,-85,2
16,-86,3
23,-79,8
31,-67,13
29,-71,11
25,-78,2
22,-79,-2
18,-65,-4
18,-59,-3
18,-49,-1
18,-47,-1
16,-46,-3
14,-47,-4
12,-51,-7
12,-52,-8
13,-54,-10
14,-58,-12
17,-66,-10
19,-71,-8
23,-66,1
21,-73,3
21,-67,6
19,-71,6
17,-63,6
16,-58,12
16,-63,14
15,-65,9
12,-61,4
21,-53,17
27,-47,24
29,-44,13
31,-43,10
26,-46,8
26,-50,9
21,-55,7
21,-55,9
21,-59,15
23,-67,17
23,-76,14
20,-83,9
18,-100,2
22,-81,3
26,-67,6
23,-69,-2
25,-70,-4
30,-68,1
25,-64,1
18,-53,-1
15,-50,-2
11,-45,-4
9,-43,-4
9,-45,-4
11,-46,-4
13,-51,-7
13,-56,-9
16,-63,-11
18,-65,-10
23,-69,-1
25,-70,4
26,-77,5
25,-73,5
20,-76,4
18,-66,7
18,-61,16
16,-67,15
3,-72,1
10,-68,14
26,-47,24
26,-40,16
21,-37,10
25,-37,6
29,-39,4
24,-48,3
24,-55,5
24,-58,10
22,-61,11
19,-71,12
18,-76,11
18,-81,6
21,-78,7
26,-78,9
29,-73,11
31,-70,7
30,-73,5
24,-67,0
22,-61,0
20,-55,4
21,-59,4
17,-65,-3
14,-56,-5
13,-54,-4
14,-51,-2
14,-51,-3
12,-47,-6
11,-47,-7
13,-58,-6
14,-65,-6
19,-75,-2
21,-79,1
27,-76,12
31,-77,18
29,-57,24
23,-55,20
2,-67,0
-6,-71,-9
9,-62,4
24,-53,8
36,-47,9
32,-43,7
29,-43,4
26,-45,1
21,-50,2
22,-52,6
26,-52,11
25,-53,14
24,-63,16
22,-66,14
21,-73,13
26,-83,16
29,-88,16
28,-82,9
25,-78,3
24,-77,6
23,-77,4
23,-71,0
21,-64,-2
16,-52,-2
16,-49,-2
15,-47,-4
14,-47,-4
11,-53,-4
10,-53,-6
9,-49,-8
11,-50,-7
14,-54,-4
16,-61,-2
18,-71,1
20,-71,5
26,-64,17
29,-64,23
25,-68,19
16,-74,9
12,-75,6
13,-68,5
17,-63,6
23,-54,8
27,-51,8
32,-47,8
30,-47,8
31,-46,12
27,-48,13
25,-47,12
26,-48,13
25,-58,13
25,-64,13
21,-81,4
22,-95,2
24,-94,-1
28,-79,0
31,-71,6
29,-75,6
22,-71,-1
28,-59,-4
13,-53,-8
14,-49,-3
10,-47,-3
13,-44,-2
14,-43,-2
13,-43,-1
13,-46,-1
11,-55,-2
13,-58,-3
16,-66,-3
17,-72,-3
17,-75,-4
20,-70,0
22,-78,1
24,-96,-2
25,-75,-5
29,-55,4
26,-43,22
19,-46,15
14,-51,0
12,-54,-3
15,-53,-2
20,-52,-4
24,-52,-3
33,-55,6
38,-56,11
34,-53,12
31,-53,11
-3,-56,10
6,-60,15
21,-72,14
23,-70,12
25,-85,1
17,-91,-4
26,-74,2
28,-73,3
26,-73,-1
25,-74,-3
19,-70,-5
17,-64,-6
16,-54,-5
16,-52,-4
16,-48,-4
15,-47,-4
14,-50,-5
12,-51,-7
11,-53,-8
11,-59,-9
12,-64,-9
14,-70,-9
16,-73,-7
20,-70,-1
21,-68,3
28,-73,11
32,-62,19
26,-58,22
15,-64,13
-7,-70,-9
-5,-65,1
9,-48,16
31,-48,19
29,-43,7
30,-42,4
30,-40,4
28,-42,5
23,-48,7
22,-50,9
18,-57,9
18,-64,9
21,-77,8
24,-86,7
26,-80,9
30,-76,14
33,-68,18
33,-75,14
29,-78,10
21,-82,4
17,-77,2
14,-68,0
15,-62,1
17,-58,1
18,-58,0
16,-54,-4
14,-52,-5
1,-55,-9
-1,-56,-11
7,-67,-10
10,-66,-8
14,-70,-5
17,-69,-4
21,-67,0
24,-60,6
38,-52,29
38,-53,33
14,-64,5
-5,-67,-18
-14,-65,-11
20,-63,9
23,-60,9
44,-56,13
44,-55,15
38,-51,15
34,-49,14
25,-49,14
23,-51,15
22,-63,17
21,-69,16
20,-78,13
19,-83,10
20,-77,5
23,-80,5
29,-78,5
30,-81,5
34,-83,7
29,-85,2
17,-71,-7
13,-64,-7
10,-54,-5
12,-52,-5
12,-50,-5
13,-48,-6
12,-47,-6
11,-48,-8
10,-48,-8
10,-55,-10
12,-61,-11
15,-68,-10
18,-69,-8
26,-79,-1
34,-84,11
49,-79,29
37,-67,19
3,-62,0
-9,-67,-9
-2,-54,25
41,-44,34
38,-45,15
36,-43,15
24,-44,4
20,-51,-4
19,-53,-3
21,-48,5
20,-48,7
21,-55,8
23,-61,8
26,-76,5
24,-85,3
24,-75,6
27,-76,11
33,-73,16
31,-69,13
27,-70,10
24,-72,10
18,-73,6
13,-71,4
6,-62,-4
10,-53,1
13,-56,-2
17,-53,-3
17,-50,-6
16,-49,-7
14,-49,-7
14,-54,-7
12,-56,-11
16,-64,-8
17,-64,-5
20,-72,5
24,-65,13
24,-60,20
22,-65,17
19,-76,17
19,-76,19
19,-70,21
19,-65,20
20,-54,13
20,-50,12
19,-43,10
18,-41,8
18,-41,4
20,-43,4
23,-48,7
24,-51,9
28,-55,10
31,-60,13
33,-72,18
30,-79,14
22,-84,5
22,-90,5
26,-68,11
25,-69,7
26,-71,8
26,-72,7
23,-67,4
16,-57,1
16,-54,1
16,-53,0
16,-53,-1
13,-50,-3
12,-50,-5
15,-52,-7
18,-53,-8
24,-53,-12
25,-56,-17
38,-73,0
41,-74,3
45,-64,10
48,-61,13
52,-45,20
48,-38,26
43,-39,34
41,-47,21
37,-49,14
20,-38,7
15,-34,6
24,-31,13
33,-33,16
38,-45,41
47,-49,50
47,-44,22
44,-38,9
38,-34,12
49,-35,18
54,-32,2
55,-35,1
53,-41,-1
67,-46,-2
69,-42,-5
63,-34,-7
36,-35,-20
42,-34,-22
59,-34,-21
52,-33,-24
48,-29,-22
43,-26,-17
39,-23,-13
39,-23,-13
28,-26,-14
39,-31,-10
39,-32,-14
44,-34,-16
51,-33,-12
52,-33,-15
61,-34,-13
57,-39,0
54,-44,2
65,-48,-8
67,-45,-8
65,-48,-11
60,-51,-13
52,-55,-8
46,-54,-6
35,-45,-2
35,-38,6
44,-27,10
41,-22,11
41,-18,20
41,-18,21
37,-17,18
44,-18,23
42,-19,22
52,-22,25
53,-24,26
60,-30,29
62,-33,29
73,-43,32
76,-45,34
63,-40,29
51,-40,21
47,-38,16
47,-38,16
45,-37,15
39,-37,15
34,-33,17
31,-31,17
23,-29,16
21,-29,15
19,-34,12
19,-37,11
18,-45,7
18,-49,5
21,-66,1
22,-89,-7
26,-101,-9
34,-107,-5
38,-103,5
41,-112,3
34,-97,-8
23,-47,-2
19,-43,3
18,-45,0
18,-48,-5
19,-51,-9
20,-51,-8
24,-50,-3
27,-49,4
33,-47,16
35,-48,21
36,-51,29
31,-50,28
17,-49,21
12,-49,18
6,-58,15
10,-65,14
14,-77,6
17,-76,1
25,-79,3
37,-71,14
36,-70,10
31,-74,-1
28,-77,-4
20,-69,-4
17,-63,-4
15,-55,-2
16,-57,0
15,-55,-1
13,-53,-2
12,-53,-2
12,-55,-1
12,-55,-1
12,-56,-1
13,-58,-1
13,-62,0
16,-69,1
19,-69,2
23,-72,9
26,-78,11
31,-62,19
30,-54,20
15,-64,8
7,-72,-2
5,-67,-8
18,-56,2
23,-51,4
33,-48,5
33,-49,5
33,-50,7
31,-50,8
28,-50,10
28,-52,12
26,-59,17
25,-63,18
17,-73,14
11,-80,10
11,-84,7
18,-85,10
17,-80,8
15,-81,6
10,-78,2
12,-78,2
17,-70,-6
16,-59,-7
16,-50,-6
15,-47,-5
13,-48,-6
11,-47,-8
10,-47,-9
11,-48,-9
13,-50,-9
16,-56,-6
17,-60,-5
19,-74,-3
20,-76,-2
26,-72,7
29,-76,11
39,-76,22
38,-61,24
21,-47,17
10,-53,12
-3,-65,-1
-2,-62,-5
11,-54,1
18,-50,4
32,-48,9
35,-47,12
34,-48,13
31,-50,12
24,-54,12
19,-54,10
10,-61,12
22,-64,16
23,-72,12
22,-79,2
22,-79,-1
29,-73,4
31,-74,5
29,-77,2
28,-80,1
20,-73,-4
18,-64,-3
17,-49,1
17,-47,1
16,-46,0
14,-46,-1
12,-48,-4
11,-48,-5
10,-52,-5
10,-56,-5
15,-61,-4
17,-70,-4
19,-79,-3
24,-66,7
27,-67,14
30,-71,17
26,-63,13
10,-55,8
5,-58,8
10,-64,7
15,-60,5
23,-51,5
25,-49,6
27,-46,7
28,-46,7
26,-47,9
24,-47,11
26,-50,17
26,-54,18
21,-65,20
20,-74,21
15,-81,13
12,-85,7
18,-86,6
23,-72,9
25,-78,7
23,-81,2
23,-79,0
20,-64,0
18,-55,1
16,-50,2
15,-48,1
13,-46,-2
12,-45,-2
11,-50,-4
11,-51,-5
13,-49,-5
14,-51,-3
16,-64,-2
16,-68,-3
18,-68,-1
21,-71,1
27,-68,10
32,-79,14
29,-78,11
23,-74,6
7,-68,5
5,-65,7
12,-55,8
17,-49,8
23,-41,8
24,-39,7
25,-39,8
28,-48,13
26,-52,13
15,-62,19
11,-67,22
23,-73,23
27,-74,22
28,-80,17
23,-86,10
17,-86,6
20,-74,9
19,-75,5
17,-76,0
16,-70,-3
18,-66,-2
20,-55,2
19,-52,2
16,-50,-1
14,-48,-1
12,-46,0
12,-47,0
11,-49,-2
11,-50,-1
12,-55,-2
14,-63,0
15,-71,1
18,-75,1
21,-71,2
23,-63,11
25,-69,13
29,-70,18
26,-66,19
11,-64,12
8,-65,9
10,-56,7
13,-49,7
19,-42,6
23,-40,8
28,-40,10
30,-43,12
30,-49,17
28,-50,18
27,-60,19
26,-68,21
24,-74,21
21,-91,14
19,-89,9
22,-81,8
23,-70,10
25,-68,12
26,-69,12
24,-72,3
21,-73,-2
15,-62,-5
14,-56,-5
14,-53,-3
14,-53,-2
15,-53,-4
13,-52,-5
11,-51,-6
12,-51,-5
13,-50,-3
13,-55,-1
14,-64,0
15,-65,1
18,-63,4
20,-57,8
24,-74,15
26,-85,13
21,-85,6
17,-81,5
9,-69,10
16,-55,7
21,-49,6
26,-40,6
27,-37,6
24,-38,6
26,-41,9
29,-47,17
29,-50,19
28,-61,20
25,-68,20
17,-80,11
14,-89,2
15,-88,-5
19,-82,-4
28,-66,4
29,-66,3
27,-61,-2
25,-60,-4
19,-58,-2
27,-58,0
2,-50,-7
15,-51,-4
17,-48,-1
16,-52,-2
14,-52,-4
13,-55,0
13,-57,3
14,-65,5
14,-69,4
14,-75,2
13,-78,1
16,-77,1
19,-72,2
25,-65,6
26,-66,8
19,-62,1
13,-61,-4
12,-59,-4
17,-55,0
22,-48,2
22,-46,3
21,-42,1
20,-41,1
21,-46,4
24,-53,12
25,-54,13
25,-54,18
20,-58,21
25,-73,27
27,-75,23
21,-82,9
17,-78,5
21,-78,5
23,-74,7
23,-69,0
23,-66,-2
24,-66,0
27,-68,2
21,-61,-3
19,-55,-3
16,-50,-2
16,-51,-2
15,-52,-3
14,-57,-4
12,-59,-4
13,-58,-3
14,-53,0
14,-54,1
11,-61,-1
14,-65,-1
17,-66,3
23,-65,9
23,-67,13
27,-79,16
22,-76,14
13,-72,6
11,-70,7
17,-60,7
22,-54,6
24,-43,4
23,-40,2
23,-39,0
23,-41,0
26,-48,4
26,-52,6
30,-55,11
28,-55,14
24,-67,19
23,-73,19
21,-82,15
20,-84,13
23,-86,13
25,-75,13
24,-69,9
24,-74,6
24,-74,3
19,-65,-4
19,-58,-4
17,-49,-2
17,-47,-1
17,-50,-4
15,-50,-5
14,-54,-7
13,-56,-8
12,-55,-8
13,-56,-7
16,-63,-4
15,-70,-4
14,-76,-4
16,-71,-1
24,-76,9
31,-62,24
28,-59,26
19,-62,23
1,-72,3
0,-69,-1
11,-55,6
27,-46,10
29,-42,9
31,-37,7
28,-39,5
24,-49,5
24,-53,7
26,-55,11
27,-56,14
26,-68,16
26,-73,15
23,-82,9
22,-80,8
26,-83,10
28,-75,11
27,-66,6
29,-68,7
29,-74,5
25,-74,0
15,-64,-6
13,-59,-6
14,-53,-4
15,-54,-3
15,-54,-5
15,-54,-5
13,-54,-6
13,-55,-4
12,-59,-5
12,-67,-6
12,-69,-7
13,-66,-6
16,-65,-4
23,-55,11
24,-59,17
26,-68,16
24,-73,13
15,-77,7
11,-72,8
16,-58,14
19,-51,14
22,-48,8
22,-47,7
26,-49,5
29,-50,7
32,-52,14
31,-51,15
27,-53,14
25,-65,17
24,-68,15
21,-81,9
23,-86,8
27,-84,8
25,-72,7
24,-75,6
25,-77,6
27,-77,2
23,-70,-1
18,-54,-1
13,-49,0
15,-51,-1
14,-49,-3
13,-46,-4
11,-46,-5
12,-48,-5
12,-50,-6
13,-59,-6
14,-64,-5
14,-76,-5
16,-75,-3
22,-73,7
24,-78,11
27,-67,13
24,-65,15
11,-70,12
12,-66,10
17,-58,12
23,-46,13
24,-43,12
21,-42,7
21,-42,5
22,-46,5
25,-48,8
31,-48,17
30,-49,18
28,-59,18
25,-67,15
18,-79,6
19,-81,5
25,-73,8
32,-79,12
36,-75,10
31,-79,4
26,-81,3
22,-80,1
15,-68,-4
16,-60,-2
15,-58,-3
14,-55,-6
13,-53,-7
11,-51,-8
11,-50,-7
13,-50,-4
12,-51,-4
11,-58,-3
10,-63,-3
13,-65,0
18,-66,3
23,-67,9
26,-76,11
31,-79,15
29,-75,15
18,-74,8
12,-72,5
9,-59,6
12,-53,7
20,-48,5
23,-46,4
27,-43,4
30,-46,7
30,-49,11
28,-53,13
27,-55,14
20,-65,14
17,-68,13
12,-77,8
12,-83,4
16,-73,1
19,-71,2
30,-70,12
32,-74,11
27,-76,-1
21,-74,-4
15,-64,-2
15,-58,-2
16,-51,-3
16,-51,-3
13,-50,-4
13,-51,-5
12,-52,-6
12,-57,-7
11,-60,-9
12,-58,-8
15,-59,-3
16,-68,-1
17,-70,0
21,-63,8
24,-62,14
25,-67,15
21,-67,13
17,-76,12
12,-77,9
11,-61,5
14,-54,7
20,-49,6
24,-47,5
27,-43,5
26,-41,5
25,-44,7
26,-48,9
27,-51,10
26,-55,11
26,-70,18
23,-80,16
13,-86,2
12,-91,1
22,-77,10
24,-68,10
23,-73,3
23,-78,2
22,-74,1
17,-62,-2
16,-58,-1
15,-58,1
15,-55,0
12,-53,-1
10,-54,-2
8,-51,-3
8,-48,-4
10,-49,-2
11,-55,-1
12,-66,-4
14,-69,-4
20,-71,1
23,-73,7
30,-82,11
31,-75,11
26,-63,15
12,-62,13
9,-59,9
10,-55,7
19,-47,9
26,-44,11
28,-44,11
31,-49,15
31,-51,17
29,-52,20
27,-52,21
21,-57,19
19,-64,17
18,-75,16
19,-72,15
19,-71,13
21,-72,14
25,-69,14
27,-71,14
28,-81,11
22,-87,4
13,-87,-6
12,-82,-4
15,-68,-1
18,-61,0
20,-56,2
18,-56,0
15,-48,-3
13,-45,-3
11,-40,-2
10,-44,-3
10,-44,-5
10,-52,-4
12,-60,-3
16,-69,-3
20,-70,0
28,-79,10
31,-83,15
41,-88,24
36,-83,19
11,-73,1
0,-68,3
4,-59,5
9,-55,2
25,-47,1
30,-43,2
32,-40,4
30,-40,4
26,-45,4
27,-50,6
28,-49,15
27,-55,17
28,-65,20
23,-78,16
16,-80,10
13,-81,4
16,-74,5
25,-73,6
28,-76,5
27,-76,-1
24,-75,-3
16,-72,-3
15,-66,-4
13,-56,-4
14,-54,-2
15,-51,0
15,-48,-1
14,-47,-2
13,-50,-2
10,-49,-4
10,-49,-4
13,-54,-2
13,-58,-1
15,-70,-2
16,-74,-2
21,-73,0
27,-78,8
30,-81,10
27,-73,10
20,-73,3
4,-69,-9
9,-65,-3
20,-50,3
24,-47,2
27,-40,3
26,-39,3
26,-39,4
27,-42,7
28,-48,11
29,-54,14
29,-61,17
29,-67,18
25,-78,16
21,-88,10
13,-85,0
16,-87,1
24,-71,10
25,-73,2
22,-71,-1
20,-70,0
19,-68,4
10,-61,-7
2,-54,-6
14,-54,-6
16,-53,-4
18,-52,-4
14,-52,-5
10,-53,-5
11,-55,-4
13,-52,-3
13,-54,-3
12,-63,-2
14,-66,-2
18,-68,1
20,-67,5
25,-80,10
28,-85,11
28,-75,13
23,-71,11
9,-68,4
8,-62,1
15,-50,1
19,-46,2
25,-41,1
26,-40,0
26,-39,0
28,-45,3
29,-51,5
32,-62,8
35,-61,14
34,-63,22
30,-70,22
18,-83,10
10,-84,4
6,-85,1
15,-85,5
28,-74,9
30,-75,7
25,-76,4
22,-76,0
15,-64,-6
12,-60,-7
10,-52,-6
12,-49,-5
13,-48,-6
12,-48,-7
11,-47,-7
11,-54,-7
12,-55,-7
14,-58,-5
14,-63,-3
15,-70,-1
16,-71,0
20,-66,5
22,-70,9
28,-74,14
28,-73,17
25,-71,17
15,-72,10
9,-66,1
12,-57,2
20,-47,4
23,-44,4
28,-42,5
29,-42,5
29,-46,8
28,-48,10
29,-51,13
29,-58,16
25,-74,17
13,-87,8
12,-90,5
21,-87,11
21,-83,10
19,-91,7
19,-86,5
16,-73,3
18,-69,3
22,-61,4
20,-58,5
13,-52,1
4,-50,-4
4,-50,-5
5,-49,-6
10,-48,-7
11,-51,-7
15,-51,-4
16,-51,-4
16,-62,-5
15,-64,-6
18,-69,-1
23,-68,4
36,-79,24
32,-91,24
23,-68,19
7,-63,23
1,-62,21
7,-56,5
12,-49,1
25,-35,11
28,-35,15
30,-38,12
31,-45,10
35,-58,8
35,-57,7
26,-51,5
20,-48,5
20,-65,9
21,-76,8
20,-87,0
20,-88,1
22,-74,7
25,-80,8
29,-77,8
29,-77,6
26,-80,13
-3,-81,4
8,-73,1
21,-61,-3
24,-52,1
15,-44,-1
10,-43,-3
6,-36,-6
15,-33,-4
18,-33,-2
17,-40,-2
8,-53,-7
8,-62,-8
12,-77,-9
14,-82,-6
33,-84,12
40,-83,21
45,-85,22
37,-70,19
26,-61,15
17,-67,11
2,-68,1
5,-64,1
11,-52,6
17,-48,9
18,-42,12
13,-44,17
7,-47,20
8,-58,23
12,-57,20
8,-57,16
10,-60,15
21,-68,7
17,-73,-1
19,-80,-7
23,-78,-8
25,-70,-2
25,-68,2
27,-72,-3
23,-77,-8
16,-71,-14
16,-63,-12
23,-53,-1
36,-55,3
20,-53,0
21,-53,-3
10,-59,-9
12,-54,-5
20,-50,5
19,-49,5
14,-56,4
11,-61,3
15,-65,5
30,-67,18
37,-72,25
38,-75,22
34,-69,15
24,-67,4
24,-70,2
18,-60,5
6,-55,0
16,-41,1
16,-36,2
25,-36,6
24,-39,6
31,-48,4
34,-54,4
36,-62,7
36,-62,10
31,-60,12
28,-63,12
24,-68,13
24,-75,12
26,-86,9
31,-80,8
28,-71,5
24,-73,5
24,-76,3
27,-81,-4
29,-76,-8
14,-60,-16
7,-56,-13
12,-50,0
14,-50,0
16,-53,-5
13,-54,-7
9,-53,-7
8,-49,-5
11,-51,-1
12,-55,-1
14,-60,-3
14,-62,-2
19,-68,-2
25,-72,6
42,-80,22
42,-76,2
32,-81,13
0,-72,10
15,-69,14
22,-54,9
21,-49,5
25,-42,1
22,-40,-1
20,-40,-1
21,-41,-1
25,-51,3
28,-56,5
34,-60,10
30,-60,11
-16,-75,25
-5,-80,22
33,-76,14
28,-76,8
15,-74,0
15,-79,-1
21,-66,0
23,-67,0
27,-71,3
25,-75,1
16,-67,-5
11,-60,-7
11,-59,-6
14,-55,-6
15,-53,-5
15,-52,-4
13,-51,-5
11,-51,-5
11,-51,-5
12,-51,-5
13,-54,-4
16,-65,-3
17,-67,-2
21,-72,3
25,-83,8
32,-82,13
29,-70,14
13,-55,10
7,-56,6
9,-62,0
13,-62,-2
25,-58,3
28,-55,5
28,-50,3
26,-49,2
26,-52,5
26,-52,10
27,-51,12
29,-48,20
28,-50,22
29,-63,24
24,-67,20
19,-72,12
20,-76,9
39,-79,2
40,-78,-2
28,-61,-3
28,-54,-5
35,-50,-7
33,-52,-14
40,-55,-38
31,-61,-31
22,-78,-9
19,-78,4
16,-70,0
13,-60,2
36,-37,0
30,-38,-3
17,-50,9
11,-57,14
12,-57,16
6,-61,18
3,-61,12
-1,-65,1
8,-72,1
42,-75,16
41,-71,17
50,-80,9
26,-78,2
7,-50,6
3,-45,5
8,-58,0
27,-69,0
29,-65,-6
23,-62,-5
23,-55,4
23,-53,5
25,-54,3
25,-56,4
22,-61,4
22,-59,5
14,-57,15
-20,-56,29
20,-51,38
54,-53,35
59,-59,28
35,-67,4
17,-67,-5
-3,-61,-5
0,-59,1
15,-62,4
24,-71,3
35,-78,0
31,-64,-3
25,-60,3
22,-65,4
22,-67,-1
21,-67,-3
17,-62,-3
17,-62,1
15,-61,-2
11,-60,-8
14,-55,-6
17,-52,0
21,-54,8
22,-59,6
16,-60,0
11,-59,-3
11,-56,-2
17,-54,1
20,-56,2
24,-66,3
24,-69,4
22,-80,4
21,-90,1
24,-79,4
28,-61,11
27,-45,18
22,-43,15
12,-52,1
9,-55,-4
14,-56,-5
18,-56,-4
27,-59,0
29,-59,3
29,-56,6
28,-54,6
23,-53,5
23,-55,6
18,-58,11
-11,-61,24
6,-61,25
16,-63,21
22,-70,18
19,-73,9
18,-72,4
17,-64,2
17,-58,1
18,-71,-5
22,-72,-7
28,-54,-3
29,-58,0
26,-74,-3
23,-76,-8
16,-69,-9
15,-65,-7
16,-59,-4
15,-56,-4
13,-55,-4
12,-54,-4
11,-49,-5
11,-49,-4
12,-52,-2
14,-57,-4
15,-59,-3
19,-66,0
22,-70,3
25,-75,9
26,-76,10
25,-70,9
23,-80,8
19,-76,1
17,-51,2
23,-45,19
13,-49,14
18,-62,0
15,-62,-6
18,-55,-4
22,-51,0
30,-46,6
33,-49,7
24,-56,1
20,-58,-2
19,-59,1
23,-58,9
10,-61,35
-18,-61,46
4,-62,28
34,-68,17
31,-69,11
19,-66,-1
21,-68,0
25,-84,-3
25,-72,-4
22,-53,-3
22,-56,0
22,-74,-1
20,-77,-6
15,-66,-7
15,-62,-6
17,-56,-2
18,-55,-2
15,-53,-4
14,-52,-3
13,-52,-3
13,-52,-4
14,-52,-3
16,-52,-1
18,-55,4
20,-60,6
19,-69,8
16,-75,5
16,-76,5
23,-89,7
27,-88,9
31,-54,15
28,-45,19
13,-56,8
6,-60,-3
11,-58,-9
13,-55,-7
22,-51,-2
25,-49,-2
26,-47,-1
25,-48,-1
24,-56,1
25,-59,3
9,-66,17
-6,-67,24
22,-63,28
27,-65,22
38,-62,14
34,-66,7
12,-70,-5
6,-69,-5
18,-82,1
28,-56,4
29,-50,3
23,-57,1
21,-66,-3
17,-77,-9
16,-73,-12
13,-64,-13
14,-60,-10
15,-59,-8
16,-58,-7
15,-55,-7
14,-53,-7
13,-51,-7
13,-50,-6
15,-51,-4
14,-53,-4
26,-55,1
18,-57,4
18,-68,7
16,-71,5
12,-78,5
15,-81,8
16,-81,11
19,-73,11
18,-62,13
16,-48,12
12,-51,6
9,-56,-4
10,-56,-7
15,-52,-11
20,-51,-12
30,-50,-7
32,-50,-4
35,-51,6
34,-55,10
29,-54,7
28,-58,9
21,-66,12
20,-68,15
18,-75,19
13,-81,17
8,-73,10
8,-76,4
36,-83,4
35,-68,5
18,-52,0
9,-55,-3
11,-62,-2
4,-68,-16
3,-60,-14
25,-57,0
22,-56,-1
22,-56,-2
17,-59,-6
15,-62,-7
15,-61,-5
17,-58,-5
18,-57,-4
18,-57,-3
18,-56,-3
17,-60,-1
17,-61,0
19,-65,3
20,-67,5
21,-72,5
20,-67,6
19,-65,10
21,-61,12
24,-51,14
21,-59,15
16,-67,12
12,-63,2
12,-60,1
17,-55,5
19,-53,5
23,-50,9
24,-49,16
21,-56,15
19,-60,11
14,-59,11
15,-59,14
20,-57,13
21,-55,10
19,-50,7
19,-49,6
20,-51,6
22,-54,7
24,-64,8
24,-72,7
22,-82,4
24,-87,6
28,-61,10
23,-62,5
20,-67,2
19,-73,2
20,-69,2
20,-63,2
19,-61,1
17,-60,-2
15,-59,-3
14,-57,-3
14,-57,-4
14,-53,-3
14,-53,-3
13,-53,-3
14,-52,-1
15,-57,2
15,-60,4
16,-65,6
16,-66,6
20,-74,7
22,-73,8
28,-85,13
30,-81,15
30,-64,19
3,-53,6
13,-55,1
16,-54,-4
18,-53,-3
19,-49,-5
19,-47,-6
20,-48,-6
22,-50,-4
26,-55,0
25,-55,1
24,-55,4
22,-54,6
-10,-67,15
-11,-76,25
44,-69,20
48,-70,19
32,-72,7
22,-67,3
13,-73,2
17,-74,8
25,-66,9
23,-71,4
17,-79,-7
14,-75,-9
15,-64,-8
20,-64,-4
20,-62,-5
18,-54,-7
17,-52,-6
13,-56,-8
12,-55,-9
11,-54,-10
12,-53,-9
14,-49,-5
16,-52,-3
19,-57,4
21,-61,7
20,-70,9
20,-74,8
18,-77,9
19,-82,11
26,-79,24
26,-65,26
3,-50,29
5,-50,21
4,-57,-4
12,-59,-7
16,-57,-9
21,-55,-7
29,-48,-4
33,-47,4
33,-48,8
29,-51,10
28,-52,9
27,-52,13
26,-53,14
22,-57,14
20,-62,13
18,-78,11
18,-80,8
18,-68,3
18,-72,5
23,-78,6
27,-72,6
26,-67,5
23,-72,3
19,-77,-2
17,-72,-3
15,-64,0
15,-62,0
13,-58,-2
12,-56,-3
10,-52,-6
12,-49,-5
14,-48,-4
15,-50,-2
16,-50,-1
17,-53,0
17,-55,0
17,-62,0
16,-66,-2
22,-78,-2
25,-78,1
35,-75,13
36,-79,16
34,-67,14
28,-53,13
18,-52,16
16,-55,15
12,-60,3
12,-58,1
15,-53,1
18,-52,1
25,-53,1
28,-56,1
28,-60,5
27,-63,8
9,-64,21
-15,-64,27
11,-54,29
6,-56,7
10,-60,5
20,-66,8
23,-69,7
28,-70,5
27,-69,3
30,-79,3
33,-81,4
28,-60,0
23,-56,-1
22,-60,0
21,-65,-2
21,-69,-3
20,-67,-3
17,-60,-3
18,-57,-2
16,-59,-4
15,-59,-5
13,-60,-8
13,-58,-4
16,-58,-2
16,-56,-2
16,-56,0
15,-60,2
15,-61,3
15,-66,7
16,-67,8
19,-65,14
21,-61,17
19,-62,17
17,-65,14
13,-66,6
14,-64,8
18,-64,13
19,-61,9
19,-57,2
19,-55,1
22,-52,2
24,-52,2
26,-53,7
28,-55,10
27,-56,13
26,-55,14
22,-55,16
20,-56,19
17,-57,18
14,-61,12
14,-67,10
18,-66,8
18,-65,6
24,-70,8
28,-67,10
25,-57,4
24,-64,1
20,-81,-6
19,-80,-9
16,-61,-9
18,-57,-4
22,-55,2
22,-56,0
17,-57,-4
14,-57,-5
12,-56,-4
13,-54,-2
16,-52,1
18,-53,7
19,-55,9
19,-59,12
18,-64,12
14,-75,9
16,-83,9
23,-83,11
24,-84,11
27,-73,8
25,-60,6
23,-60,8
21,-59,3
20,-52,-5
20,-50,-5
22,-47,-5
23,-45,-6
28,-46,-2
28,-49,0
27,-57,5
25,-58,7
22,-56,10
21,-57,13
21,-69,18
18,-70,18
11,-74,11
10,-76,9
17,-85,9
20,-73,5
20,-69,4
20,-67,2
22,-68,1
18,-67,-5
15,-61,-7
13,-52,-8
14,-51,-6
17,-51,-4
18,-51,-6
16,-49,-6
15,-50,-6
14,-56,-5
13,-57,-5
15,-65,-2
17,-74,1
17,-80,2
17,-82,4
18,-79,11
23,-79,15
27,-53,23
24,-45,22
11,-43,15
6,-60,5
6,-63,0
14,-53,0
17,-49,3
26,-47,11
29,-48,11
28,-50,11
26,-52,13
24,-51,16
22,-53,17
21,-55,20
22,-59,21
25,-66,24
24,-69,22
20,-73,17
19,-75,13
23,-82,12
26,-67,8
25,-64,5
25,-65,5
27,-71,6
25,-71,4
16,-65,-1
14,-63,-2
14,-58,-1
14,-55,-2
13,-55,-3
12,-51,-3
12,-50,-2
13,-49,-1
13,-48,1
12,-53,2
9,-59,1
8,-71,0
14,-76,0
37,-79,14
42,-79,18
38,-79,19
32,-72,16
24,-63,14
20,-62,13
12,-61,3
12,-59,-1
19,-53,0
21,-51,0
24,-47,-1
25,-46,-1
25,-48,3
23,-53,6
23,-56,7
22,-54,11
22,-55,14
24,-62,24
10,-68,32
21,-76,26
29,-77,23
26,-82,13
23,-81,10
22,-64,7
20,-63,4
20,-62,7
21,-62,6
20,-65,4
17,-64,0
13,-57,-3
13,-53,-3
15,-49,-3
17,-48,-3
20,-49,-3
22,-50,-3
25,-54,0
27,-57,4
30,-59,7
33,-68,6
39,-72,7
50,-70,16
51,-60,22
51,-54,26
50,-52,28
38,-50,25
33,-49,23
34,-50,22
32,-48,21
25,-40,18
25,-38,18
27,-32,20
25,-30,20
28,-25,23
33,-25,28
36,-25,38
27,-23,45
24,-18,52
30,-17,53
29,-20,51
44,-27,49
54,-33,51
53,-35,42
57,-38,41
69,-38,37
58,-36,26
45,-37,23
54,-32,27
54,-25,22
48,-23,16
46,-18,18
42,-17,19
35,-12,6
41,-10,8
62,-14,16
55,-17,13
54,-22,15
58,-23,16
48,-15,18
81,-27,45
77,-31,37
58,-32,27
59,-38,21
76,-36,19
64,-39,14
55,-45,18
47,-49,21
45,-47,20
43,-43,14
45,-29,17
41,-21,18
33,-13,20
32,-10,19
39,-7,25
45,-9,26
50,-11,25
56,-11,27
54,-14,31
50,-11,29
51,-11,32
46,-13,35
60,-22,33
66,-24,30
82,-29,29
83,-31,27
58,-33,23
52,-29,19
55,-27,16
52,-24,12
55,-22,11
54,-22,12
46,-21,10
41,-20,9
40,-19,7
44,-18,6
48,-18,6
54,-17,15
52,-17,17
56,-19,20
59,-18,24
56,-20,26
52,-19,21
61,-25,22
72,-35,28
78,-33,32
74,-35,24
62,-33,15
65,-36,21
52,-37,22
49,-38,20
47,-25,26
31,-13,27
21,-9,25
31,-5,22
31,-4,21
42,-5,27
46,-7,27
51,-11,35
53,-12,34
51,-17,36
62,-19,40
74,-24,36
79,-27,39
76,-30,39
63,-31,37
46,-27,28
48,-21,25
53,-22,17
50,-26,17
44,-33,21
57,-35,27
35,-24,23
38,-19,18
33,-15,21
31,-10,24
39,-11,26
39,-14,32
47,-16,35
57,-17,42
50,-20,42
53,-28,45
58,-31,43
64,-27,43
66,-28,44
51,-24,32
46,-25,29
47,-28,32
53,-32,31
39,-29,23
37,-26,23
32,-17,25
35,-16,27
42,-10,30
44,-10,34
48,-10,38
54,-11,38
52,-11,37
54,-10,39
62,-10,38
49,-12,22
52,-14,24
69,-22,32
75,-23,26
70,-29,21
71,-30,23
66,-34,19
59,-29,16
63,-24,8
62,-23,7
58,-24,14
52,-24,16
38,-25,10
37,-24,11
37,-23,8
43,-23,8
40,-16,8
43,-16,12
52,-18,16
53,-19,17
57,-20,20
61,-23,17
67,-26,19
68,-26,21
69,-24,26
80,-22,32
115,-24,46
84,-19,7
-44,-22,-32
4,-34,34
45,-31,47
43,-22,39
27,-17,32
20,-12,31
26,-13,32
36,-12,31
38,-10,32
50,-9,38
61,-9,44
59,-8,44
44,-6,40
40,-12,42
44,-16,43
58,-28,40
62,-32,40
56,-30,37
39,-28,32
71,-39,33
59,-27,21
50,-24,19
57,-21,22
61,-20,21
55,-20,16
50,-21,17
51,-20,21
46,-16,19
35,-13,20
41,-13,21
58,-16,14
53,-14,11
63,-9,16
65,-12,22
62,-14,22
65,-16,23
58,-18,19
56,-19,20
67,-28,29
63,-29,29
62,-34,32
74,-37,37
45,-27,28
42,-29,30
51,-33,30
56,-35,25
54,-37,44
9,-29,41
7,-22,38
33,-15,37
28,-12,34
19,-11,36
19,-12,35
22,-22,46
25,-27,53
37,-15,55
37,-14,53
35,-15,50
38,-14,51
56,-20,53
62,-22,49
64,-30,46
66,-36,46
51,-31,31
53,-23,26
58,-22,26
62,-26,25
57,-27,22
44,-21,21
36,-19,18
29,-15,17
44,-12,22
51,-16,17
47,-16,16
46,-19,15
53,-20,19
54,-17,18
58,-18,17
67,-21,16
59,-22,14
57,-19,10
66,-21,10
73,-24,9
77,-23,10
75,-21,10
70,-20,13
57,-27,12
51,-30,11
56,-32,16
50,-30,10
33,-23,9
30,-17,17
39,-21,35
41,-21,33
38,-26,30
61,-17,30
65,-13,29
54,-5,20
52,-5,21
56,-4,24
57,-3,10
80,-23,18
72,-28,20
64,-32,20
64,-38,28
59,-47,30
56,-47,30
55,-47,34
54,-48,32
42,-48,24
37,-46,23
27,-39,22
21,-35,18
19,-35,17
15,-36,15
14,-37,12
14,-39,9
16,-40,11
28,-45,20
40,-52,23
42,-69,26
43,-73,25
39,-73,14
38,-71,12
43,-78,12
42,-74,11
37,-57,13
37,-56,18
39,-65,14
30,-62,6
22,-53,7
25,-49,8
27,-43,11
27,-39,13
28,-41,17
24,-43,19
17,-50,18
16,-54,21
25,-57,28
27,-59,26
22,-60,24
18,-63,17
19,-62,13
20,-64,8
23,-65,8
29,-68,8
32,-68,9
35,-74,7
35,-78,5
32,-76,3
29,-71,1
26,-59,2
24,-56,3
20,-58,1
18,-58,-1
17,-55,-1
16,-57,-1
15,-57,-1
16,-56,0
15,-52,3
16,-53,7
17,-56,9
15,-59,9
15,-61,11
21,-61,14
30,-63,20
31,-65,20
25,-70,16
13,-77,16
12,-75,19
19,-63,21
24,-57,19
25,-51,16
25,-50,14
21,-47,8
23,-45,6
26,-46,11
27,-49,13
32,-53,7
31,-56,4
32,-66,7
-8,-65,11
-25,-72,35
12,-59,39
21,-88,20
31,-86,14
34,-81,13
19,-69,7
19,-68,5
19,-72,7
21,-75,7
12,-71,1
22,-67,8
27,-65,7
24,-65,6
7,-61,-5
-3,-54,-10
-9,-44,-7
-3,-41,-5
-1,-41,-3
2,-45,-2
-10,-51,-6
-15,-61,-10
24,-92,-8
38,-102,7
34,-90,22
26,-81,26
27,-82,22
33,-74,23
19,-59,22
15,-60,18
15,-60,15
8,-55,10
8,-55,10
6,-54,6
14,-47,1
31,-52,16
34,-52,23
23,-52,25
25,-59,38
1,-52,20
9,-56,21
19,-61,21
21,-63,15
23,-72,6
25,-78,3
26,-83,-5
24,-77,1
22,-72,-2
22,-74,-2
20,-71,-2
21,-67,1
15,-62,4
16,-63,5
16,-65,1
20,-58,1
19,-56,3
19,-47,4
15,-42,1
12,-36,-2
13,-38,-3
13,-43,-3
18,-48,0
15,-66,0
17,-73,-7
22,-88,-2
28,-87,5
35,-89,8
31,-89,-4
44,-64,0
57,-50,17
46,-45,8
42,-51,5
30,-54,8
21,-62,19
-45,-47,39
0,-49,16
8,-54,16
19,-64,17
19,-60,13
15,-50,18
11,-46,14
20,-49,15
17,-57,13
21,-65,9
22,-68,9
30,-66,23
33,-65,20
32,-83,16
32,-79,15
12,-73,8
22,-81,10
16,-90,2
10,-82,-3
24,-74,-8
45,-74,7
24,-69,10
6,-65,1
-22,-46,-2
-9,-40,5
0,-41,6
5,-44,8
8,-46,7
13,-51,12
13,-56,14
17,-71,-1
12,-74,-5
34,-102,-13
51,-117,-12
26,-103,0
20,-110,1
42,-73,24
37,-50,22
30,-43,25
28,-46,28
9,-53,15
12,-57,16
9,-61,6
9,-63,8
6,-71,7
-2,-73,6
10,-71,13
1,-71,21
-36,-73,10
-48,-54,5
-28,-56,11
24,-53,10
56,-56,10
36,-59,5
28,-61,3
18,-70,-1
22,-77,1
33,-82,8
37,-78,9
25,-69,3
18,-68,2
17,-66,3
18,-65,3
16,-63,1
15,-61,0
13,-58,-5
11,-56,-6
15,-60,0
16,-56,2
17,-51,3
16,-52,4
10,-50,3
15,-53,5
15,-63,2
16,-69,1
18,-70,4
22,-74,6
24,-80,7
24,-69,5
23,-61,7
22,-61,16
20,-63,12
20,-59,4
20,-60,8
23,-61,16
18,-63,8
11,-52,-8
12,-46,-4
22,-39,14
25,-41,23
9,-50,26
2,-51,25
11,-56,17
18,-58,14
14,-69,3
16,-73,1
20,-81,0
2,-51,25
11,-56,17
18,-58,14
14,-69,3
16,-73,1
20,-81,0
28,-81,2
28,-76,5
28,-69,2
18,-66,1
17,-62,-1
15,-59,-4
12,-57,-5
15,-61,-6
14,-63,-7
15,-62,-7
15,-63,-6
15,-63,-4
17,-62,-2
16,-60,0
14,-54,3
13,-50,2
13,-48,-1
7,-47,-4
10,-52,-3
12,-61,0
23,-83,6
28,-94,9
39,-96,11
35,-74,10
26,-55,12
15,-61,8
11,-63,4
12,-54,4
14,-55,-3
49,-59,18
20,-55,24
21,-46,3
18,-48,4
13,-55,19
6,-57,25
4,-56,18
6,-54,23
-4,-55,25
21,-61,26
22,-61,20
29,-68,17
24,-76,8
34,-83,5
31,-72,-11
31,-65,-8
28,-58,2
26,-57,4
22,-62,11
13,-65,8
8,-65,3
14,-60,1
17,-58,3
21,-55,1
21,-54,2
12,-56,-5
11,-54,-7
19,-57,-4
19,-58,-4
22,-63,1
22,-67,3
22,-71,6
23,-71,10
22,-62,12
22,-65,13
17,-60,14
17,-51,14
10,-57,14
10,-62,12
11,-64,7
13,-59,7
22,-52,10
24,-47,10
26,-45,6
19,-47,7
18,-51,7
19,-58,8
14,-58,14
0,-59,12
6,-57,12
28,-60,24
43,-61,29
38,-59,21
27,-60,14
22,-70,14
25,-69,13
33,-77,16
26,-80,8
18,-63,1
20,-61,2
23,-68,5
24,-68,6
20,-66,10
22,-66,10
19,-62,0
7,-55,-12
17,-51,-11
17,-44,-7
15,-49,-1
9,-54,-3
9,-57,-2
13,-62,2
12,-60,1
12,-69,0
11,-66,0
25,-65,13
26,-66,16
18,-72,14
18,-73,15
22,-64,21
22,-63,21
10,-74,7
10,-77,-1
16,-61,-1
23,-50,2
33,-37,5
37,-39,10
37,-45,12
30,-55,12
23,-62,7
31,-63,14
27,-67,17
20,-66,24
17,-66,23
-1,-71,24
-6,-75,18
4,-78,4
19,-81,1
38,-76,3
25,-66,-3
16,-64,-9
16,-61,-2
5,-60,-1
17,-56,-6
23,-60,-8
23,-59,-7
21,-53,-9
18,-54,-10
15,-55,-5
16,-51,-6
22,-49,0
19,-54,0
19,-53,-5
22,-59,0
25,-61,6
25,-59,12
22,-63,13
20,-68,3
24,-66,1
47,-71,8
49,-58,9
38,-58,13
35,-68,11
26,-71,0
18,-66,-4
16,-56,1
22,-50,5
22,-44,8
17,-41,7
12,-40,16
14,-38,17
24,-45,18
22,-50,15
19,-52,8
17,-57,8
25,-72,5
29,-77,1
27,-76,0
34,-65,9
36,-60,12
33,-61,11
31,-66,7
34,-72,5
24,-70,1
17,-65,2
18,-61,6
19,-53,10
20,-52,8
21,-51,2
17,-50,1
11,-52,-1
15,-54,0
11,-55,1
14,-57,-1
19,-63,7
14,-66,6
19,-75,7
13,-74,10
18,-63,14
15,-58,15
24,-65,23
20,-59,14
22,-57,13
19,-59,14
20,-59,13
21,-57,10
18,-52,11
20,-47,11
22,-47,11
22,-49,11
24,-51,14
25,-52,14
25,-53,16
26,-51,22
28,-48,23
24,-52,27
16,-57,24
21,-65,22
21,-67,18
22,-71,13
26,-76,11
29,-78,9
32,-64,9
30,-53,13
27,-61,8
25,-65,3
30,-71,-6
39,-70,-4
40,-66,-7
50,-68,-10
41,-66,-9
39,-58,-6
27,-41,-5
21,-34,-4
17,-29,-3
24,-29,-2
43,-38,3
45,-47,3
45,-43,1
46,-42,2
47,-36,17
46,-33,23
47,-38,25
52,-43,23
49,-38,23
53,-40,25
61,-42,20
60,-43,17
43,-38,10
47,-31,14
55,-28,20
39,-21,15
36,-24,13
57,-26,21
58,-28,22
45,-26,17
43,-26,19
43,-22,24
47,-23,25
61,-25,21
64,-30,18
66,-36,17
64,-34,14
65,-33,12
67,-33,17
54,-31,18
50,-31,15
49,-32,13
52,-35,18
59,-42,7
58,-42,10
34,-34,12
46,-28,19
37,-27,16
40,-25,9
42,-22,13
58,-17,18
54,-14,15
55,-9,17
57,-9,17
55,-13,14
54,-17,14
69,-25,23
70,-30,18
71,-33,17
63,-33,15
61,-34,8
60,-32,10
50,-35,8
51,-40,2
65,-36,5
60,-31,8
45,-21,6
40,-19,11
42,-15,21
42,-13,18
39,-13,22
53,-14,26
57,-15,30
56,-13,27
57,-13,25
65,-13,33
65,-17,31
67,-20,29
67,-21,30
70,-25,26
62,-26,23
49,-20,24
48,-18,19
51,-18,12
56,-24,14
53,-26,20
50,-25,18
47,-20,20
42,-17,21
36,-14,21
44,-14,22
50,-17,25
44,-17,25
54,-18,27
54,-18,30
53,-22,33
49,-28,34
51,-30,35
57,-31,33
60,-29,33
61,-32,25
61,-31,20
56,-34,22
60,-39,25
55,-48,20
49,-46,14
43,-34,15
41,-27,19
42,-19,24
36,-16,23
36,-12,23
36,-10,21
48,-10,18
52,-11,21
57,-15,28
53,-14,27
54,-14,25
58,-14,18
61,-18,13
74,-32,7
77,-33,6
76,-39,7
67,-38,6
54,-35,9
51,-33,10
50,-31,2
49,-32,2
55,-35,5
56,-35,6
41,-33,5
37,-32,5
37,-31,14
39,-30,15
41,-26,13
45,-28,12
52,-29,13
52,-28,13
57,-25,15
59,-24,16
57,-25,12
61,-30,7
65,-34,4
68,-39,4
65,-41,3
61,-43,-6
60,-40,-7
46,-33,1
45,-32,1
39,-33,-11
46,-33,-11
36,-30,-12
35,-29,-14
51,-27,-17
49,-25,-20
64,-26,-2
60,-25,3
57,-24,-8
54,-21,-14
54,-17,-13
55,-17,-13
54,-20,-18
56,-24,-19
68,-36,-23
75,-42,-29
73,-44,-29
52,-39,-18
48,-34,-17
40,-27,-21
39,-25,-25
44,-26,-25
49,-28,-24
46,-29,-18
43,-28,-15
39,-23,-15
37,-23,-17
39,-26,-20
41,-26,-21
43,-26,-31
43,-23,-37
74,-16,-25
71,-17,-18
59,-23,-16
52,-30,-21
49,-46,-31
47,-48,-28
46,-53,-22
43,-51,-30
43,-35,-30
37,-26,-19
36,-26,-19
42,-30,-24
39,-32,-29
56,-34,-24
74,-34,-14
56,-25,-17
41,-21,-15
46,-18,-7
55,-19,-4
55,-21,-4
50,-21,-4
47,-25,-2
45,-25,-1
49,-24,5
53,-25,5
61,-30,0
65,-31,-1
82,-40,-2
82,-41,-2
69,-35,-12
60,-23,-15
46,-32,-15
40,-29,-13
40,-30,-14
55,-32,-14
60,-33,-14
54,-32,-9
49,-30,-6
45,-28,0
43,-25,-1
43,-21,3
44,-20,4
47,-18,3
53,-19,6
68,-20,10
64,-22,8
65,-26,9
65,-29,9
58,-38,1
57,-40,1
54,-41,6
53,-44,2
61,-41,-6
58,-33,-2
44,-35,-3
44,-36,-3
43,-34,-2
48,-31,4
54,-29,8
59,-24,7
52,-22,2
62,-20,-5
86,-21,5
54,-20,6
41,-18,9
53,-10,9
54,-11,7
46,-12,8
49,-16,11
64,-21,5
63,-22,1
68,-20,1
68,-24,-5
77,-28,-5
67,-26,2
57,-19,5
56,-18,-3
57,-22,-13
53,-24,-17
51,-29,-16
50,-28,-15
44,-24,-8
43,-23,-5
45,-21,-2
48,-20,-2
51,-20,-2
60,-18,-2
62,-18,0
60,-16,-1
60,-17,0
64,-25,2
64,-31,0
61,-40,7
58,-41,10
55,-42,7
56,-40,8
57,-37,14
58,-39,13
54,-43,0
49,-39,-5
45,-29,-5
48,-26,-3
47,-20,-5
44,-18,-7
60,-12,-8
60,-3,-9
49,-7,-7
55,-21,26
56,-29,34
48,-36,27
48,-36,27
33,-35,21
43,-34,18
70,-35,14
71,-36,12
77,-39,6
76,-36,8
58,-29,8
53,-27,3
57,-24,6
54,-24,5
46,-23,1
48,-23,4
47,-25,7
42,-25,6
41,-25,6
50,-25,9
46,-24,4
46,-24,1
59,-21,-3
60,-28,16
58,-28,21
52,-28,18
52,-31,19
65,-37,22
61,-40,21
66,-43,33
72,-52,38
56,-48,14
46,-44,7
40,-42,1
38,-40,5
35,-33,5
32,-29,5
47,-24,15
60,-23,29
46,-17,28
41,-15,29
51,-14,38
55,-13,40
42,-13,27
45,-10,33
43,-9,29
37,-11,29
39,-14,38
70,-21,45
64,-23,36
70,-24,46
77,-26,55
59,-32,40
60,-31,35
60,-33,30
51,-31,29
34,-29,29
34,-26,27
36,-27,29
29,-25,27
27,-24,22
28,-25,23
36,-23,21
41,-22,31
49,-19,33
45,-19,35
45,-22,31
50,-25,30
52,-26,25
74,-33,24
71,-30,29
71,-38,33
71,-38,15
62,-35,10
46,-32,3
45,-36,5
45,-40,7
35,-37,0
38,-33,-1
52,-24,0
54,-19,2
48,-16,1
42,-16,4
52,-15,14
58,-15,16
54,-13,13
57,-14,15
63,-19,15
60,-21,9
82,-28,6
97,-36,10
74,-32,13
54,-27,11
59,-25,8
43,-22,2
58,-26,7
58,-27,6
57,-26,9
38,-21,9
33,-19,8
36,-16,9
46,-16,12
50,-20,16
53,-21,16
51,-20,19
55,-19,23
57,-19,26
58,-21,25
60,-27,24
63,-30,25
64,-35,24
62,-35,24
62,-41,25
59,-38,20
44,-32,18
42,-33,16
48,-34,18
48,-32,16
48,-34,15
40,-27,26
42,-23,30
48,-19,33
33,-18,31
38,-21,25
42,-19,27
49,-18,29
40,-16,23
49,-20,27
56,-22,30
70,-26,33
75,-25,37
71,-37,29
72,-34,23
59,-33,17
49,-30,14
50,-30,9
39,-29,10
57,-31,16
60,-32,14
52,-28,13
46,-23,14
47,-22,13
47,-16,15
39,-17,16
49,-20,29
55,-21,34
47,-20,34
42,-18,36
39,-18,44
32,-19,42
41,-22,41
44,-27,47
44,-39,46
48,-40,41
56,-36,35
48,-30,29
38,-24,23
37,-22,19
33,-30,15
24,-28,11
36,-37,13
44,-39,15
58,-47,13
52,-43,13
52,-36,13
56,-26,15
56,-26,16
55,-29,17
53,-32,16
46,-36,10
47,-37,10
48,-42,8
49,-47,7
48,-60,3
44,-62,-1
36,-53,-3
36,-52,-1
35,-54,1
34,-53,1
36,-58,-2
36,-62,-2
30,-57,-1
28,-53,1
27,-46,4
29,-46,5
25,-48,2
25,-49,1
25,-52,1
27,-54,2
28,-57,3
28,-63,4
27,-66,3
27,-70,6
28,-73,7
39,-72,7
28,-74,4
20,-60,3
22,-50,8
26,-55,14
22,-59,12
6,-53,8
2,-48,8
5,-43,11
9,-45,10
13,-54,10
11,-59,10
16,-65,11
7,-64,14
4,-52,19
8,-49,14
15,-50,9
19,-55,10
28,-77,8
27,-83,3
28,-87,2
38,-84,8
42,-75,14
41,-63,20
39,-62,20
28,-66,7
17,-68,0
13,-66,-2
15,-65,-2
20,-57,-1
22,-55,-1
21,-51,-2
18,-52,-4
11,-52,-6
9,-52,-6
9,-52,-5
10,-53,-4
14,-58,-4
15,-63,-4
19,-67,-1
24,-72,2
37,-82,20
47,-81,23
42,-78,20
-1,-73,-1
-15,-62,3
-4,-56,14
10,-48,12
28,-41,9
34,-37,11
32,-37,12
28,-39,14
23,-45,23
22,-52,26
12,-56,12
19,-59,17
28,-64,22
29,-64,20
30,-76,16
28,-77,14
25,-79,4
23,-73,0
24,-72,3
29,-72,7
27,-70,3
18,-60,-2
16,-55,-2
16,-50,0
16,-50,0
15,-51,-2
14,-55,-2
14,-58,-3
14,-58,-1
14,-69,4
12,-67,1
16,-64,0
20,-64,5
23,-66,5
24,-66,3
30,-73,5
33,-75,6
48,-84,17
47,-86,9
33,-52,1
24,-46,5
6,-47,6
5,-49,2
14,-54,2
23,-53,0
26,-52,7
54,-53,19
60,-60,13
-93,-53,-8
-72,-59,-1
-18,-62,-4
-30,-59,-8
0,-61,1
17,-71,3
13,-77,1
13,-81,0
26,-101,5
32,-97,14
26,-52,13
20,-59,10
15,-60,10
16,-66,5
14,-69,1
12,-72,-1
12,-71,0
15,-68,2
17,-63,5
14,-56,6
10,-52,6
6,-46,4
6,-44,2
10,-45,1
11,-50,1
14,-58,-3
17,-58,-2
23,-74,3
27,-90,5
40,-109,6
47,-87,13
38,-56,20
20,-56,12
-8,-63,-5
1,-60,-6
25,-52,-4
36,-48,-1
40,-44,5
37,-45,6
28,-49,7
25,-50,7
19,-54,8
13,-57,15
-17,-60,30
43,-67,35
51,-67,27
34,-80,2
19,-82,-4
13,-79,2
15,-71,6
21,-72,7
23,-69,5
18,-70,-3
16,-67,-3
17,-62,-1
18,-62,1
17,-60,-2
16,-57,-3
14,-59,-5
14,-55,-5
16,-53,-2
15,-55,-1
13,-56,-3
12,-50,-3
13,-48,2
13,-50,3
16,-66,2
21,-71,2
24,-76,7
30,-82,14
32,-78,18
34,-76,21
23,-74,13
6,-59,-3
9,-54,-2
20,-47,4
25,-45,6
30,-48,9
26,-48,7
20,-45,5
19,-46,6
23,-53,10
24,-53,10
23,-58,11
22,-62,13
23,-79,13
22,-85,9
22,-84,5
22,-72,7
24,-71,12
26,-75,12
23,-81,3
14,-69,-4
13,-63,-3
13,-55,-1
14,-52,0
16,-55,-2
15,-56,-2
13,-51,-4
11,-49,-4
10,-51,-6
10,-52,-8
13,-51,-7
16,-53,-4
17,-62,-4
16,-62,-3
22,-64,4
23,-77,7
25,-97,1
29,-73,13
29,-66,22
24,-62,24
8,-58,11
5,-56,6
4,-49,3
18,-41,8
19,-39,8
29,-41,8
28,-46,7
32,-47,13
38,-49,21
39,-56,25
37,-61,23
27,-66,17
21,-67,13
10,-78,3
10,-81,-1
19,-87,-3
27,-80,-1
37,-65,5
37,-62,7
37,-66,6
33,-70,2
25,-70,-6
19,-68,-7
9,-66,-9
6,-61,-9
11,-54,-5
13,-54,-3
15,-56,-6
16,-52,-5
15,-51,-5
13,-45,-4
13,-45,-3
13,-53,-2
15,-63,-2
21,-75,1
23,-77,6
30,-80,16
33,-80,22
22,-69,21
17,-70,27
25,-67,28
20,-69,10
23,-60,-4
19,-54,-8
23,-48,-8
23,-44,-9
25,-42,-7
26,-44,-5
28,-46,0
31,-49,2
34,-56,5
32,-60,7
28,-66,8
11,-76,12
-26,-76,30
49,-85,23
57,-75,17
25,-85,2
10,-79,-4
4,-77,-1
9,-77,0
17,-71,5
15,-69,-1
10,-66,-10
16,-66,-13
25,-51,-13
31,-50,-8
28,-51,-1
22,-49,-2
16,-48,-5
14,-48,-4
17,-46,8
15,-50,7
13,-67,-3
16,-66,0
18,-67,12
21,-76,15
23,-77,13
30,-69,13
29,-63,15
21,-62,14
13,-63,8
5,-59,0
6,-55,-3
17,-48,-3
27,-50,-1
41,-54,2
42,-54,3
37,-53,7
31,-53,9
26,-53,8
27,-52,9
28,-55,16
28,-60,22
21,-64,20
12,-70,15
18,-80,15
23,-82,11
26,-78,12
21,-75,12
21,-81,10
14,-80,-1
11,-74,-6
17,-57,-3
19,-55,-1
22,-55,-1
20,-54,-3
15,-52,-4
12,-52,-5
10,-54,-9
11,-51,-11
12,-46,-11
14,-49,-9
18,-60,-7
18,-64,-7
16,-69,-4
17,-71,-1
23,-72,9
26,-69,12
21,-81,11
19,-77,12
6,-64,7
5,-64,30
10,-59,24
29,-55,4
25,-49,-1
28,-47,2
30,-46,4
27,-48,6
25,-48,8
22,-48,10
21,-49,9
19,-52,7
19,-52,9
19,-56,12
21,-61,12
21,-71,9
21,-73,7
23,-83,4
25,-83,5
30,-76,8
30,-68,9
23,-67,3
20,-69,1
17,-72,0
11,-69,-5
9,-66,-7
15,-60,-4
12,-58,-3
15,-52,-4
14,-50,-5
16,-52,-2
16,-56,-2
14,-57,-4
14,-55,-4
14,-55,-2
16,-59,1
18,-66,1
18,-68,1
19,-68,2
21,-68,6
26,-72,12
26,-77,12
21,-67,5
21,-61,5
20,-56,12
19,-56,10
18,-59,0
18,-58,-4
21,-55,-4
28,-51,1
30,-51,2
32,-55,6
29,-60,6
25,-61,8
24,-62,9
12,-63,18
-6,-62,25
-6,-65,15
19,-59,17
14,-72,1
16,-74,-4
22,-77,-5
29,-73,1
36,-76,4
31,-81,-2
18,-76,-13
14,-70,-11
13,-63,-7
16,-57,-6
16,-54,-6
15,-52,-6
13,-56,-7
10,-53,-10
10,-53,-10
11,-55,-9
12,-55,-9
17,-59,-4
19,-62,-1
19,-69,2
21,-74,3
22,-77,6
24,-84,6
25,-70,10
23,-61,11
20,-65,24
3,-58,25
24,-66,4
16,-57,-3
20,-53,-2
22,-50,-1
24,-48,-2
26,-47,0
25,-50,5
21,-54,5
20,-56,2
23,-55,13
16,-59,19
19,-70,23
24,-74,19
28,-81,8
19,-75,0
10,-66,-6
13,-68,-4
26,-72,5
38,-71,11
39,-73,8
31,-72,1
15,-72,-8
12,-71,-7
12,-71,-1
-3,-71,-4
-19,-51,-7
-16,-44,-8
6,-54,-7
9,-54,-7
12,-52,-6
18,-53,-6
38,-59,-7
35,-59,-7
18,-73,0
13,-73,0
10,-72,1
21,-67,15
23,-60,22
16,-56,23
12,-60,18
7,-66,10
6,-62,9
10,-58,11
13,-55,12
20,-53,22
18,-55,27
13,-57,15
21,-56,14
23,-53,21
24,-54,22
22,-53,14
21,-54,12
17,-62,5
16,-69,1
17,-74,-6
20,-76,-4
29,-85,2
27,-66,-4
25,-66,-6
22,-64,-3
23,-64,-3
19,-61,-6
16,-58,-5
16,-56,-2
16,-60,-1
14,-60,-1
15,-57,0
16,-55,4
16,-56,4
14,-55,2
13,-55,0
11,-57,1
12,-60,1
17,-61,2
18,-62,2
22,-60,3
23,-64,4
26,-79,1
26,-74,-2
25,-73,0
23,-70,3
17,-61,3
19,-53,3
20,-51,1
22,-46,1
22,-41,2
26,-40,8
27,-48,11
13,-65,21
12,-73,25
21,-72,30
13,-73,30
14,-66,24
16,-65,16
18,-61,2
20,-59,1
27,-59,7
28,-60,8
40,-103,22
35,-101,20
21,-88,9
19,-83,10
18,-65,8
19,-61,1
12,-49,-24
12,-32,-29
16,-29,-23
22,-30,-7
26,-34,-4
25,-37,-6
26,-41,-3
28,-57,2
29,-65,3
25,-64,12
24,-61,22
22,-66,28
20,-64,23
17,-70,22
15,-72,19
15,-84,6
21,-92,-1
52,-72,2
48,-57,1
35,-59,-7
33,-57,-14
24,-45,-13
23,-38,-9
24,-29,-6
23,-30,-7
24,-45,-9
23,-60,-15
27,-63,-11
19,-73,14
-53,-81,69
41,-72,9
82,-77,22
32,-61,-12
27,-65,-13
-1,-58,-15
-1,-65,-10
27,-75,2
30,-66,-2
28,-63,-3
24,-71,-1
18,-80,-7
15,-75,-10
13,-68,-10
13,-66,-3
6,-58,-8
12,-54,-2
11,-58,-9
16,-58,-7
15,-63,-10
13,-56,-8
14,-54,-5
12,-53,-2
11,-56,-2
12,-58,-3
13,-60,-1
15,-64,-1
15,-70,-7
21,-85,-7
25,-90,-3
29,-89,0
40,-76,22
11,-41,6
24,-56,0
7,-56,-9
10,-55,-5
18,-51,-1
20,-49,-2
25,-48,-1
26,-51,-1
23,-65,-9
22,-64,-7
-11,-75,53
-84,-77,40
-5,-78,7
29,-64,12
36,-69,12
-8,-65,-7
9,-71,-6
20,-66,-3
24,-64,-1
34,-63,5
35,-69,5
26,-75,-1
23,-79,-1
13,-85,-4
10,-79,5
6,-74,-6
18,-67,1
16,-64,-3
20,-59,-2
17,-51,-3
13,-46,-4
9,-38,-5
8,-38,-4
8,-41,-5
9,-47,-5
15,-64,0
20,-69,4
21,-75,7
25,-85,11
26,-87,12
19,-95,-1
17,-95,7
1,-52,11
28,-57,12
15,-57,-8
16,-56,-13
19,-47,-14
23,-42,-11
29,-42,-5
30,-43,-2
32,-55,4
33,-60,6
27,-61,4
22,-62,6
20,-68,10
18,-70,17
-21,-77,47
-14,-74,22
48,-78,22
18,-69,2
17,-76,3
22,-78,8
30,-74,8
26,-76,3
21,-79,-1
12,-79,-9
9,-72,-10
12,-58,-8
15,-54,-6
20,-54,-4
19,-56,-6
14,-51,-8
12,-48,-9
11,-51,-8
9,-55,-11
11,-59,-12
15,-64,-8
21,-75,1
20,-69,4
26,-73,19
31,-84,25
46,-72,36
11,-51,9
-32,-56,-29
14,-54,27
50,-58,37
17,-52,-7
17,-49,-14
25,-50,-6
25,-50,-5
25,-47,-5
26,-48,-2
27,-55,2
25,-53,4
28,-53,9
28,-55,12
27,-61,16
26,-66,17
20,-79,12
20,-82,9
23,-80,9
27,-76,13
26,-78,9
22,-84,5
11,-88,-4
10,-74,-6
13,-66,-5
13,-58,-3
19,-58,-1
13,-56,-10
14,-51,-10
10,-50,-9
9,-53,-8
10,-53,-10
10,-55,-10
11,-57,-8
14,-56,-6
18,-60,-2
19,-67,-1
25,-76,6
31,-81,11
44,-77,29
43,-70,21
22,-77,34
-7,-58,16
13,-61,6
8,-55,0
22,-51,-5
28,-48,-4
31,-47,0
32,-46,9
27,-49,8
7,-57,12
-13,-61,20
16,-57,19
26,-53,17
29,-55,12
31,-63,11
25,-74,3
23,-82,-1
19,-89,-6
24,-90,-4
26,-72,-1
27,-70,2
28,-70,4
27,-73,3
21,-71,-1
17,-68,-4
11,-65,-6
11,-62,-5
13,-56,-2
15,-57,0
13,-50,-5
12,-49,-9
13,-45,-7
11,-47,-5
9,-46,-6
8,-53,-7
10,-59,-7
20,-76,-2
29,-82,5
40,-92,23
41,-97,22
26,-62,8
15,-57,6
4,-65,7
9,-63,2
17,-59,-4
22,-54,-3
31,-46,-2
32,-44,0
35,-45,5
36,-46,7
32,-48,9
30,-51,8
30,-62,10
30,-71,11
8,-83,23
-24,-81,18
9,-70,13
16,-72,6
9,-73,-1
27,-72,2
34,-66,0
27,-67,-5
23,-70,-8
19,-64,-10
20,-63,-9
20,-65,-10
20,-61,-10
17,-52,-7
15,-50,-7
14,-51,-7
14,-53,-7
15,-53,-6
15,-54,-5
13,-61,-3
13,-61,-2
13,-66,1
13,-69,1
15,-70,1
19,-65,6
19,-71,7
20,-78,13
17,-70,14
18,-62,12
21,-67,12
30,-68,6
29,-62,7
27,-57,6
26,-57,2
25,-51,-3
24,-50,-4
20,-46,-9
21,-44,-8
22,-47,0
23,-46,3
24,-53,6
24,-60,12
-19,-83,27
1,-94,18
34,-86,8
30,-85,5
21,-78,1
15,-71,-1
13,-66,3
14,-72,-3
16,-72,-7
17,-62,-11
13,-59,-12
15,-53,-4
15,-54,-4
14,-55,-7
12,-56,-9
10,-57,-10
10,-57,-10
12,-53,-9
13,-53,-8
16,-59,-5
16,-64,-4
17,-71,-1
19,-72,0
22,-73,7
27,-72,11
25,-55,14
23,-50,14
8,-60,3
13,-70,2
23,-70,2
24,-60,-1
20,-51,4
31,-50,9
34,-51,10
30,-55,12
19,-60,15
-1,-61,21
11,-61,19
16,-64,16
15,-65,12
10,-74,3
14,-76,2
17,-76,-4
20,-77,-4
27,-77,2
30,-70,5
26,-66,0
22,-70,-3
14,-75,-7
12,-71,-7
10,-71,-7
10,-68,-9
12,-62,-7
13,-60,-5
14,-56,-2
13,-50,-1
11,-47,-2
12,-42,-2
19,-41,-3
67,-52,6
60,-54,6
44,-41,11
41,-36,13
63,-34,21
71,-37,28
87,-37,48
79,-33,50
46,-30,50
27,-29,46
33,-41,41
26,-45,40
14,-51,48
9,-49,48
8,-43,46
9,-38,43
10,-29,42
8,-26,41
9,-20,42
8,-20,46
4,-19,47
1,-17,53
6,-16,55
13,-16,58
10,-14,57
10,-13,65
13,-14,67
14,-11,64
12,-12,64
18,-14,72
19,-17,66
15,-13,56
13,-9,54
22,-18,60
23,-17,64
18,-25,57
17,-22,54
10,-14,53
6,-15,54
15,-12,57
12,-10,58
11,-5,55
18,-7,69
13,-13,59
23,-4,59
23,-10,59
14,-3,57
12,-4,63
20,-20,70
21,-15,77
14,-21,70
5,-28,58
-9,-36,37
20,-31,48
25,-42,59
18,-42,61
9,-38,48
7,-35,40
13,-31,37
10,-29,39
16,-30,45
16,-28,44
16,-31,40
15,-35,36
16,-37,29
15,-40,33
18,-38,29
29,-23,28
34,-18,40
42,-24,59
51,-35,51
58,-55,25
64,-62,19
62,-64,15
61,-60,17
56,-57,18
51,-55,13
49,-49,6
51,-47,6
50,-50,7
45,-50,6
35,-47,5
31,-44,7
29,-41,11
29,-40,12
25,-41,10
23,-44,10
21,-49,10
20,-52,10
26,-67,3
29,-87,-2
31,-83,2
29,-65,9
30,-60,9
28,-61,7
20,-58,1
35,-55,13
19,-48,4
35,-51,8
24,-45,2
31,-42,2
29,-43,2
30,-50,0
32,-53,0
33,-57,4
33,-55,9
33,-54,17
29,-51,16
26,-60,17
24,-70,16
18,-76,3
19,-75,1
23,-74,3
31,-73,2
32,-72,1
30,-80,-3
24,-90,-8
12,-79,-22
6,-63,-15
11,-53,-4
15,-51,-4
21,-41,-15
34,-39,-6
18,-56,-1
7,-49,-7
2,-52,-7
1,-56,-3
6,-59,0
10,-64,-1
14,-73,0
16,-75,-1
20,-78,-2
21,-89,-7
29,-74,1
32,-74,10
34,-80,12
29,-73,2
21,-51,-2
20,-43,3
23,-42,3
28,-42,3
31,-46,3
31,-49,4
32,-48,7
32,-51,12
33,-55,15
28,-68,12
21,-80,6
14,-95,-3
17,-96,-4
25,-93,-2
28,-93,0
29,-89,10
35,-89,22
-59,-64,-33
-19,-54,-17
18,-44,3
27,-44,-1
25,-45,-9
22,-45,-9
5,-45,-11
7,-53,-5
10,-57,-6
17,-67,-6
19,-71,-4
20,-76,0
23,-77,3
27,-79,10
28,-74,14
18,-74,12
9,-77,2
4,-65,-8
10,-59,-1
21,-43,10
38,-42,11
25,-39,0
27,-44,0
26,-54,1
29,-57,6
34,-57,14
34,-56,16
30,-61,21
26,-66,20
16,-84,6
11,-86,-3
11,-85,-8
21,-72,0
25,-69,1
28,-67,-1
28,-66,-2
24,-61,-4
22,-56,-4
16,-49,-5
15,-48,-4
14,-48,-4
12,-49,-5
12,-51,-4
12,-55,-3
11,-58,-6
12,-60,-7
14,-67,-6
14,-71,-7
18,-79,-6
22,-75,-1
26,-73,9
28,-72,15
20,-64,12
14,-66,5
-3,-68,-6
13,-53,19
41,-49,27
22,-39,8
30,-38,9
23,-43,4
23,-46,3
20,-54,4
20,-54,6
23,-59,11
28,-63,15
33,-75,15
32,-86,11
27,-93,-1
27,-86,-1
24,-80,8
23,-80,8
24,-78,-1
22,-74,-3
18,-59,-1
17,-52,1
22,-50,4
20,-53,3
14,-64,-3
10,-62,-6
6,-61,-7
8,-54,-8
9,-48,-8
7,-55,-10
6,-59,-14
15,-63,-11
22,-70,-7
28,-70,9
31,-73,19
26,-84,13
19,-82,1
11,-75,-6
10,-71,4
20,-54,16
22,-47,13
23,-44,8
22,-47,8
27,-54,11
31,-56,15
36,-56,23
33,-57,22
23,-63,18
19,-69,15
11,-86,-3
14,-91,-13
22,-80,-7
31,-81,7
30,-85,6
24,-80,-7
18,-75,-12
23,-68,-9
-12,-55,-19
14,-48,-5
8,-48,-8
15,-42,-6
14,-39,-6
6,-37,-8
5,-44,-10
10,-46,-12
13,-48,-10
19,-64,-4
24,-72,5
47,-85,33
54,-89,41
34,-106,10
17,-99,-11
-18,-79,-24
-25,-80,-9
-14,-75,-8
64,-42,14
57,-23,27
17,-21,21
3,-11,14
-5,-4,2
-2,-6,1
28,-26,15
26,-39,14
23,-81,7
22,-95,3
36,-115,14
51,-113,28
58,-86,25
44,-80,9
21,-84,-5
11,-85,-9
6,-74,-8
13,-70,-4
25,-61,7
30,-61,10
22,-64,5
16,-60,-1
4,-46,-8
1,-36,-8
3,-30,-8
6,-33,-7
8,-36,-6
11,-57,-5
16,-69,-5
26,-87,5
28,-99,10
30,-97,12
25,-91,7
21,-76,0
21,-69,3
23,-55,11
20,-48,9
16,-49,7
17,-48,4
23,-45,1
25,-48,6
32,-48,14
37,-48,19
35,-55,22
34,-66,22
21,-71,8
14,-76,-1
15,-85,-3
17,-78,-7
19,-76,-8
31,-81,-4
33,-81,-1
27,-79,-4
20,-72,-12
15,-53,-18
0,-48,-16
27,-38,-8
32,-38,-10
35,-52,-11
29,-56,-10
20,-63,-1
15,-67,3
-8,-55,-6
-7,-51,-7
7,-61,0
16,-64,9
24,-71,19
28,-71,16
19,-88,-14
15,-110,-31
32,-95,-19
56,-76,8
52,-62,4
36,-44,-3
27,-39,-5
16,-37,-10
18,-38,-9
30,-42,-5
35,-45,-1
46,-49,9
44,-51,11
37,-64,14
32,-75,13
18,-82,2
14,-87,-1
18,-74,3
21,-78,4
22,-81,-1
21,-86,-6
18,-82,2
14,-87,-1
18,-74,3
21,-78,4
22,-81,-1
21,-86,-6
22,-84,-11
21,-80,-11
13,-57,-6
15,-48,-4
19,-38,0
15,-39,-2
13,-41,-4
10,-46,-6
9,-48,-6
10,-56,-5
11,-60,-4
15,-72,-4
16,-77,-6
19,-86,-3
22,-88,-1
29,-77,9
31,-74,13
23,-63,12
11,-65,1
0,-65,-13
6,-62,-5
19,-44,14
31,-40,14
22,-34,3
21,-35,2
26,-37,4
49,-38,12
38,-43,1
11,-62,8
-3,-74,13
-4,-94,15
-1,-100,9
6,-88,2
13,-82,3
14,-79,11
18,-85,13
18,-85,6
17,-77,1
21,-58,0
22,-47,2
23,-38,3
21,-38,2
16,-39,-1
14,-45,-2
10,-56,-6
9,-61,-9
7,-64,-13
8,-67,-14
11,-75,-14
18,-72,-9
26,-70,0
29,-66,7
33,-66,23
20,-73,11
11,-68,0
-5,-56,-12
-15,-56,0
44,-41,47
45,-36,38
22,-29,14
26,-29,13
33,-34,11
32,-43,8
30,-63,8
26,-75,11
17,-91,11
12,-112,3
14,-105,-11
17,-94,-10
27,-74,6
29,-71,8
25,-64,-1
21,-59,-5
14,-46,-4
14,-42,-2
16,-40,-1
17,-52,-3
16,-51,-4
31,-54,-3
39,-57,-3
47,-66,-1
42,-63,1
62,-58,12
59,-54,18
15,-37,34
33,-34,46
35,-40,50
32,-46,48
36,-48,26
28,-47,28
21,-44,30
11,-40,32
-4,-31,45
11,-24,39
26,-26,16
41,-25,23
39,-22,28
33,-15,29
49,-27,44
54,-30,46
58,-37,49
79,-42,27
84,-42,27
56,-43,16
44,-40,2
62,-46,-5
62,-50,-1
45,-42,10
35,-39,13
43,-25,18
41,-17,13
22,-16,9
32,-19,10
39,-24,2
43,-31,2
70,-38,5
64,-37,11
54,-38,2
50,-40,-5
64,-48,6
60,-49,6
67,-43,-15
54,-47,-17
42,-55,-11
42,-56,-2
52,-54,5
48,-40,15
38,-32,14
20,-24,16
20,-24,19
35,-26,23
38,-29,25
36,-32,29
34,-31,27
20,-32,11
39,-33,16
49,-42,33
56,-46,29
99,-57,24
91,-47,8
60,-43,-9
56,-42,-9
52,-39,2
44,-38,6
33,-33,10
31,-32,12
29,-30,12
26,-30,7
24,-31,6
21,-38,2
21,-43,0
21,-51,-3
21,-55,-4
21,-69,-8
23,-76,-10
28,-93,-12
33,-98,-9
42,-90,2
45,-87,5
39,-70,0
30,-60,-2
13,-65,-4
11,-62,-4
17,-50,-3
22,-44,-1
28,-33,2
28,-32,0
25,-39,3
20,-43,7
12,-48,8
12,-51,5
35,-63,17
38,-74,22
34,-80,17
23,-87,3
21,-84,-1
26,-79,0
28,-83,-1
27,-86,-7
24,-84,-10
17,-71,-11
15,-61,-8
17,-48,-3
17,-46,-2
16,-43,-1
15,-45,-3
11,-48,-6
10,-51,-5
8,-62,-6
6,-64,-9
9,-66,-9
11,-71,-8
18,-69,-3
23,-65,-1
28,-64,8
32,-70,17
26,-76,12
9,-83,-14
3,-79,-16
11,-57,4
30,-47,15
23,-39,7
29,-39,7
29,-43,5
28,-45,4
27,-47,10
27,-48,12
33,-65,18
32,-74,19
23,-87,10
22,-97,6
21,-90,3
22,-86,2
21,-91,-3
20,-90,-6
20,-84,-8
20,-80,-4
-5,-57,-14
6,-42,-4
10,-42,-4
19,-44,-2
17,-47,-5
7,-50,-10
4,-50,-9
1,-52,-7
2,-53,-7
7,-65,-9
11,-71,-9
26,-84,-4
31,-81,2
42,-86,17
48,-85,25
22,-76,0
6,-75,-14
-1,-65,-2
5,-55,8
16,-41,7
21,-38,5
28,-36,5
30,-38,6
34,-44,10
33,-47,12
35,-60,21
25,-74,20
20,-79,17
10,-90,5
12,-91,1
20,-83,1
23,-76,3
25,-78,2
25,-76,-1
20,-70,-9
17,-66,-9
14,-55,-8
14,-54,-7
14,-49,-6
15,-49,-4
13,-55,-5
12,-57,-7
8,-58,-8
9,-56,-8
11,-58,-5
12,-62,-3
12,-68,-6
15,-66,-7
22,-75,1
26,-77,6
28,-71,18
9,-69,2
5,-68,-6
12,-68,-2
21,-60,3
35,-47,12
30,-43,9
28,-43,5
28,-44,4
26,-45,5
27,-44,8
30,-52,14
31,-59,16
29,-77,16
26,-89,12
20,-97,3
22,-97,2
27,-80,9
27,-81,10
25,-84,3
22,-84,-3
14,-74,-9
7,-66,-8
-14,-50,-17
21,-41,2
19,-42,-4
22,-40,-7
18,-40,-8
6,-47,-8
6,-57,-9
9,-66,-11
11,-69,-10
15,-75,-6
18,-80,-3
28,-72,5
31,-64,12
31,-73,20
22,-78,14
5,-75,-8
3,-67,-7
12,-53,7
14,-45,14
33,-35,12
25,-33,9
24,-36,10
22,-39,11
25,-51,14
26,-56,16
25,-68,19
20,-77,18
18,-83,15
18,-94,3
19,-88,1
24,-75,5
25,-78,7
26,-83,0
24,-81,-6
19,-72,-9
17,-65,-7
15,-52,-3
14,-45,-2
15,-40,0
15,-42,1
12,-49,-2
9,-51,-4
7,-56,-7
6,-57,-8
10,-60,-6
12,-63,-5
20,-69,1
23,-72,2
27,-63,9
31,-78,15
25,-82,11
12,-86,-7
7,-78,-8
16,-58,8
20,-48,14
25,-39,11
25,-38,10
26,-41,10
26,-44,11
24,-50,14
26,-52,17
28,-57,21
29,-65,24
27,-75,24
21,-81,15
16,-94,3
18,-94,3
17,-87,-4
18,-90,-6
20,-85,-5
23,-81,-4
21,-65,-5
18,-56,-5
14,-43,-3
13,-46,-2
12,-45,-2
9,-38,-4
7,-37,-4
4,-45,-4
4,-50,-7
9,-58,-10
14,-66,-8
24,-80,1
30,-91,8
50,-100,29
52,-93,32
17,-80,-9
-6,-78,-22
-18,-65,-1
24,-55,17
23,-36,9
27,-34,9
28,-32,7
23,-33,4
22,-39,5
21,-41,6
25,-52,11
31,-76,22
30,-84,21
20,-97,9
16,-104,4
23,-76,10
24,-74,11
24,-80,10
24,-77,8
18,-72,5
20,-66,8
-14,-66,-16
-13,-42,-5
7,-46,-1
11,-40,-3
24,-44,1
21,-50,-1
12,-48,-5
11,-49,-5
13,-62,-3
15,-66,-2
19,-74,0
20,-76,0
20,-72,-2
22,-73,0
27,-76,5
26,-65,6
19,-60,4
8,-57,5
9,-53,6
18,-46,7
21,-45,7
24,-47,6
24,-47,6
23,-50,11
20,-53,14
17,-53,19
17,-56,20
23,-75,22
23,-83,13
17,-94,-5
11,-98,-9
23,-79,3
26,-69,8
28,-74,6
26,-72,4
21,-68,-3
23,-64,0
14,-54,-4
16,-40,-5
14,-43,-7
5,-51,-10
6,-52,-10
13,-49,-8
14,-50,-8
13,-54,-8
12,-62,-8
14,-70,-6
20,-70,0
33,-72,16
35,-72,20
34,-76,16
28,-75,12
11,-84,0
6,-77,-2
12,-56,5
18,-46,5
25,-32,4
27,-29,5
24,-26,4
23,-29,4
22,-42,3
24,-53,4
29,-71,8
34,-78,16
29,-81,15
18,-88,9
17,-83,10
22,-68,16
25,-69,17
21,-81,8
17,-79,2
15,-71,2
16,-66,4
19,-57,5
18,-50,2
16,-46,3
15,-48,1
12,-44,-1
12,-44,0
12,-53,0
11,-57,-2
12,-67,0
13,-75,-1
15,-73,-1
18,-73,1
22,-67,8
23,-70,11
21,-68,9
13,-77,-1
10,-79,-5
17,-69,-4
21,-60,-1
29,-47,3
30,-43,4
29,-41,4
29,-41,5
30,-45,12
31,-50,14
25,-62,11
26,-72,14
31,-74,25
31,-79,25
27,-84,17
24,-75,13
26,-67,17
29,-74,19
26,-93,9
20,-94,0
12,-85,-11
12,-78,-8
12,-63,-7
20,-53,-3
22,-53,-2
20,-59,-4
15,-60,-7
9,-55,-11
8,-54,-10
8,-49,-5
9,-51,-2
10,-56,0
11,-59,1
15,-57,3
17,-63,8
23,-79,15
23,-86,16
18,-93,8
15,-91,3
20,-75,12
23,-63,17
23,-51,13
23,-50,10
25,-48,9
28,-47,11
34,-46,16
41,-53,23
40,-55,24
32,-70,20
24,-79,15
15,-100,4
16,-104,1
21,-88,1
22,-82,1
23,-86,-2
23,-86,-4
29,-82,3
-9,-74,-15
12,-52,-3
6,-49,-7
22,-41,0
22,-41,0
15,-45,-5
11,-46,-7
6,-48,-8
5,-50,-8
11,-57,-5
15,-64,-4
17,-71,-3
19,-76,-3
25,-73,3
34,-84,13
36,-84,16
24,-73,3
14,-70,-4
6,-69,2
7,-65,6
19,-51,7
24,-44,10
27,-36,14
25,-33,16
21,-40,19
21,-49,22
24,-66,19
25,-74,17
21,-76,20
20,-82,23
17,-91,12
16,-93,3
16,-81,-5
19,-69,-4
24,-60,-1
26,-61,1
28,-67,-3
18,-62,-13
13,-62,-16
9,-58,-14
8,-56,-14
12,-49,-12
10,-45,-11
15,-39,-1
16,-35,5
3,-28,-14
10,-34,-14
29,-72,-3
34,-85,0
45,-88,27
43,-86,41
46,-82,36
41,-69,19
24,-62,12
25,-62,8
31,-53,-8
38,-47,-6
39,-31,2
36,-26,3
28,-22,1
25,-24,-1
23,-29,-6
12,-36,-15
12,-40,-13
18,-52,-3
24,-61,5
34,-84,11
34,-92,10
19,-103,11
3,-100,3
57,-79,1
71,-79,2
61,-71,12
50,-71,7
37,-60,-4
31,-56,-6
17,-49,-13
18,-47,-12
16,-51,-10
12,-59,-12
10,-55,-8
10,-57,-5
11,-61,-5
11,-61,-5
12,-62,-2
11,-65,-6
14,-65,-7
23,-65,1
30,-66,11
37,-75,25
24,-75,9
11,-67,-8
11,-65,6
18,-54,20
22,-47,13
41,-42,14
45,-42,18
42,-38,16
36,-38,13
28,-44,10
26,-51,8
22,-65,5
20,-74,3
18,-80,2
20,-86,3
26,-91,6
30,-84,8
28,-82,4
27,-79,2
26,-69,2
20,-67,-3
16,-61,-7
8,-46,-7
7,-41,-4
12,-40,-2
13,-42,-3
15,-49,-4
15,-49,-4
15,-54,-4
14,-59,-4
14,-69,-4
16,-72,-4
21,-68,1
25,-66,6
37,-73,21
42,-71,27
24,-75,6
0,-87,-11
-1,-71,-4
18,-64,7
26,-50,6
34,-47,4
32,-41,-1
24,-37,0
22,-37,3
25,-42,10
28,-46,13
30,-55,16
26,-60,14
15,-79,8
10,-92,2
13,-93,-4
17,-91,-3
25,-75,5
28,-75,6
28,-71,3
26,-70,0
17,-65,-7
13,-61,-8
4,-50,-9
2,-47,-10
9,-43,-8
12,-42,-6
15,-44,-6
14,-47,-7
12,-49,-7
12,-54,-6
14,-67,-4
16,-81,-3
18,-82,-1
24,-76,11
27,-82,14
21,-71,9
16,-66,6
6,-70,1
8,-68,0
16,-51,4
20,-44,6
22,-37,9
21,-38,9
18,-46,5
17,-44,4
19,-43,9
21,-46,11
26,-52,12
26,-58,13
25,-79,13
25,-90,9
29,-82,10
32,-85,17
31,-74,20
25,-76,10
19,-81,3
9,-82,-7
10,-73,-8
14,-57,-5
17,-52,-3
20,-51,-1
19,-49,-3
13,-51,-8
9,-52,-9
6,-54,-8
5,-55,-7
5,-61,-8
6,-62,-8
15,-59,0
20,-63,5
22,-69,10
24,-78,9
24,-82,6
24,-79,7
14,-80,4
7,-72,-1
6,-54,-4
10,-53,-4
23,-49,-5
31,-44,-3
32,-44,1
31,-46,7
29,-51,8
33,-52,12
33,-55,14
27,-67,13
22,-75,10
14,-99,0
14,-106,-1
21,-77,6
22,-75,8
19,-79,4
19,-79,0
16,-74,-7
15,-69,-9
11,-60,-12
10,-54,-11
14,-49,-10
19,-49,-9
15,-43,-9
13,-44,-10
9,-48,-8
11,-51,-6
12,-57,-6
13,-62,-5
14,-67,-4
15,-70,-2
16,-75,-1
23,-85,5
26,-82,11
22,-83,13
16,-80,10
4,-64,2
12,-52,11
41,-38,26
47,-29,27
29,-26,8
23,-33,8
29,-52,12
25,-56,8
24,-65,11
23,-70,16
18,-80,12
17,-86,8
19,-86,4
21,-84,3
25,-76,4
28,-80,0
29,-77,0
25,-72,0
23,-70,1
19,-62,-2
17,-56,-2
13,-47,-3
14,-44,-1
13,-47,-4
11,-46,-6
10,-50,-6
13,-53,-9
12,-58,-12
11,-59,-7
13,-65,-2
14,-68,-2
20,-69,-2
19,-64,-2
30,-76,17
39,-82,24
14,-83,3
-1,-81,-1
20,-72,11
26,-50,30
40,-40,28
33,-35,9
24,-35,5
21,-39,9
20,-39,9
27,-49,15
28,-52,17
21,-59,11
19,-67,8
15,-87,2
14,-88,-1
23,-83,-2
29,-74,3
34,-75,4
30,-80,1
22,-81,-6
19,-74,-6
18,-56,-4
18,-49,-3
17,-41,-1
16,-41,-1
13,-47,-2
11,-52,-3
8,-54,-7
11,-57,-7
12,-60,-7
15,-64,-6
16,-69,-5
18,-72,-1
19,-70,0
23,-70,6
27,-76,13
24,-76,14
17,-71,5
5,-65,-4
9,-64,1
19,-55,9
23,-51,11
11,-42,10
21,-40,12
30,-40,9
17,-40,3
20,-47,10
23,-53,14
27,-58,14
26,-64,13
23,-74,12
21,-81,8
21,-80,5
27,-81,5
29,-77,6
33,-83,4
30,-82,1
24,-80,-4
21,-77,-7
15,-56,-4
13,-53,-3
17,-50,-8
18,-51,-9
13,-49,-7
10,-47,-6
4,-51,-6
6,-54,-7
7,-60,-7
8,-62,-8
13,-61,-3
16,-61,2
25,-63,6
29,-65,10
28,-77,11
27,-84,10
14,-85,-5
12,-76,-2
19,-69,6
31,-54,10
30,-49,8
27,-44,8
25,-43,8
22,-43,10
24,-46,11
27,-51,13
26,-56,13
19,-67,13
16,-72,12
17,-95,4
21,-98,2
24,-85,2
24,-86,3
27,-81,1
22,-78,-1
15,-72,-4
7,-67,-5
12,-51,-4
14,-45,-4
19,-39,0
14,-44,-4
11,-46,-6
10,-43,-6
10,-46,-4
12,-55,-4
14,-62,-5
15,-73,-5
17,-76,-3
20,-77,-1
23,-71,3
31,-68,13
32,-66,17
28,-80,14
18,-82,4
3,-68,-2
5,-58,7
21,-47,11
25,-44,12
20,-44,18
21,-40,22
21,-37,16
25,-37,16
32,-45,20
33,-53,21
29,-63,16
22,-78,2
19,-87,-6
20,-70,-4
26,-64,1
33,-75,5
30,-84,-3
21,-86,-11
18,-79,-8
21,-63,-1
22,-57,0
20,-47,2
19,-47,2
14,-45,0
12,-45,-1
10,-46,-1
9,-47,-1
13,-48,0
15,-51,1
18,-63,4
18,-72,4
18,-83,8
19,-83,10
22,-65,16
18,-66,11
16,-79,7
10,-90,-10
14,-77,-13
27,-63,-1
36,-54,9
40,-42,7
32,-39,2
22,-39,2
20,-39,5
20,-38,6
21,-38,7
23,-44,10
24,-51,13
26,-71,16
22,-83,8
15,-91,-7
18,-86,-3
30,-80,7
33,-88,4
26,-89,-9
20,-82,-12
20,-69,-6
18,-63,-3
18,-49,4
19,-49,-1
19,-47,-1
12,-47,-3
11,-46,-4
10,-53,-7
11,-56,-9
22,-62,-3
21,-65,-1
21,-64,5
21,-66,8
20,-67,4
19,-59,4
18,-64,3
18,-63,4
20,-75,6
19,-78,4
20,-67,3
20,-58,7
24,-45,9
25,-42,7
24,-40,5
25,-43,9
28,-46,10
31,-54,14
32,-55,16
32,-64,20
31,-70,22
23,-89,12
18,-94,4
18,-79,5
21,-76,7
24,-95,2
24,-99,-3
23,-80,-2
19,-72,8
6,-57,3
10,-52,4
10,-49,-3
14,-45,0
13,-47,2
10,-46,0
5,-47,-3
5,-49,-5
6,-49,-6
12,-61,-6
15,-68,-6
20,-73,-4
25,-81,0
41,-94,23
46,-94,29
18,-88,-6
7,-78,-16
4,-65,6
8,-55,11
20,-47,7
25,-43,8
28,-38,10
27,-37,10
27,-33,15
26,-35,19
30,-52,23
30,-65,26
22,-82,20
13,-86,12
9,-94,2
13,-84,3
21,-72,5
25,-79,7
28,-88,1
22,-75,-5
19,-68,-4
18,-53,2
18,-52,3
14,-48,-1
13,-45,-1
12,-43,1
11,-43,1
9,-47,0
8,-52,-2
9,-57,-5
11,-58,-4
15,-76,-4
17,-77,-4
25,-89,2
31,-90,9
35,-77,26
23,-82,15
-2,-72,-13
-4,-67,-16
19,-49,18
36,-43,21
30,-33,9
21,-29,5
22,-32,5
22,-42,4
20,-46,4
23,-54,11
25,-64,15
25,-77,14
23,-74,12
22,-79,13
26,-76,15
33,-76,15
32,-86,13
19,-102,-5
13,-92,-12
12,-70,-3
14,-60,1
23,-51,5
23,-50,3
18,-55,-1
15,-55,-2
11,-50,-2
10,-47,-1
8,-48,0
8,-48,-1
7,-53,-3
7,-65,-8
8,-67,-12
15,-73,-15
28,-88,-4
36,-94,10
31,-86,9
24,-85,1
26,-82,-1
33,-69,10
32,-54,12
27,-34,12
28,-33,12
28,-36,10
26,-37,9
25,-47,12
25,-52,12
19,-60,4
18,-66,3
21,-77,4
25,-81,5
28,-86,8
27,-84,9
23,-81,3
23,-87,-3
25,-83,0
27,-78,3
36,-72,6
-2,-56,-1
4,-54,3
1,-40,-1
12,-41,2
15,-41,1
15,-41,0
10,-42,-2
9,-47,-2
10,-58,-8
11,-63,-10
18,-78,-8
22,-81,-5
29,-71,3
33,-73,8
30,-87,-1
22,-82,-12
14,-73,-4
14,-73,8
19,-60,11
21,-44,8
22,-41,8
24,-41,9
26,-42,10
27,-47,14
29,-54,18
31,-61,24
29,-61,23
20,-74,17
14,-84,8
14,-93,-4
15,-78,-2
22,-72,5
25,-78,5
23,-92,-8
22,-84,-11
19,-70,-5
17,-66,-2
14,-57,-6
14,-56,-4
3,-69,-12
4,-59,-13
10,-47,-3
11,-43,2
8,-35,3
4,-34,-5
4,-37,-10
9,-45,-10
15,-51,-4
31,-79,9
37,-96,12
56,-126,17
50,-112,5
26,-79,-3
1,-72,5
5,-58,7
13,-51,2
27,-38,-2
31,-31,0
32,-24,5
30,-25,8
28,-35,13
30,-46,17
29,-68,14
26,-74,11
14,-85,6
13,-87,5
23,-78,10
29,-72,11
27,-80,6
24,-88,-4
22,-87,-6
19,-75,-6
18,-62,-3
17,-44,4
17,-43,3
15,-41,0
14,-40,-2
10,-49,0
9,-54,-1
9,-63,-8
9,-63,-10
10,-63,-8
11,-64,-6
21,-64,1
25,-62,5
31,-70,15
34,-70,19
21,-80,5
10,-85,-8
3,-76,-7
7,-69,4
25,-49,12
24,-43,4
29,-42,5
31,-41,8
33,-42,11
31,-49,17
31,-53,19
31,-67,21
26,-74,18
18,-93,5
18,-96,3
22,-76,6
23,-75,6
24,-86,-1
24,-85,-5
21,-80,-10
18,-72,-11
15,-51,-6
16,-46,-3
16,-47,-4
15,-49,-5
12,-51,-8
10,-51,-8
8,-61,-8
8,-64,-9
11,-62,-7
12,-65,-6
11,-66,-5
15,-64,-3
17,-65,0
22,-72,5
24,-73,9
21,-78,9
17,-75,3
12,-69,-3
16,-67,3
24,-56,8
25,-50,6
29,-45,13
32,-44,17
34,-47,22
33,-49,22
27,-56,18
23,-62,16
20,-83,9
21,-94,4
19,-102,-5
19,-93,-3
23,-80,-1
24,-80,-6
24,-78,-8
26,-76,-1
15,-68,-13
6,-51,-6
7,-53,-9
18,-45,-5
20,-48,-3
13,-53,-8
10,-53,-10
7,-52,-8
8,-56,-6
13,-62,-3
14,-64,-2
15,-68,-2
16,-70,-2
19,-67,3
22,-75,5
25,-86,7
25,-93,5
20,-90,1
18,-78,3
21,-53,8
23,-48,6
26,-41,5
27,-38,6
30,-36,8
30,-37,13
30,-40,15
30,-57,16
30,-74,15
21,-106,1
20,-119,-5
20,-96,-2
20,-88,0
26,-86,5
28,-82,4
52,-82,27
-33,-80,-8
6,-48,-3
4,-52,-4
20,-49,-4
22,-51,-6
21,-44,-4
14,-43,-6
7,-46,-6
6,-48,-6
9,-54,-6
11,-58,-5
13,-72,-6
18,-71,-5
21,-74,-2
32,-83,9
38,-81,19
35,-86,18
21,-84,3
4,-69,-6
4,-61,3
16,-51,9
20,-46,6
30,-40,8
31,-38,11
32,-37,15
32,-40,18
31,-47,19
28,-55,18
17,-77,10
11,-88,3
16,-101,-4
21,-100,0
33,-80,11
31,-85,6
23,-84,-6
17,-76,-12
15,-70,-11
7,-48,-7
15,-45,-2
15,-50,-2
15,-52,-4
11,-56,-7
8,-57,-9
7,-57,-10
9,-55,-8
14,-59,-4
16,-63,-1
15,-70,0
17,-70,1
21,-65,11
24,-71,14
19,-72,10
15,-78,5
11,-85,-1
16,-75,2
24,-53,9
27,-47,9
30,-45,7
31,-45,8
31,-47,9
32,-54,12
33,-54,13
37,-55,21
39,-61,27
33,-81,22
26,-94,15
14,-87,8
17,-78,12
19,-88,8
18,-96,0
18,-91,-6
18,-83,-4
22,-70,3
22,-66,4
20,-61,1
18,-59,1
14,-57,3
11,-58,2
6,-50,0
4,-48,-1
0,-44,-3
0,-43,-2
5,-46,-3
14,-49,3
22,-57,4
32,-78,8
41,-97,11
53,-109,16
50,-95,12
15,-75,1
4,-73,3
6,-56,3
15,-51,0
35,-41,0
40,-39,3
40,-35,10
37,-35,13
38,-49,24
39,-54,28
33,-64,30
26,-72,29
13,-90,19
9,-88,14
9,-85,9
13,-73,11
19,-75,7
21,-76,2
24,-77,-5
23,-69,-6
21,-63,-3
18,-52,-1
18,-51,-2
16,-52,-3
14,-52,-3
12,-53,-1
12,-54,1
10,-54,2
9,-54,3
8,-61,4
7,-63,2
9,-62,0
13,-65,1
23,-74,8
25,-83,10
32,-82,14
29,-74,14
18,-81,4
12,-83,-3
17,-66,-4
27,-52,1
30,-47,1
34,-41,2
33,-39,2
30,-38,5
28,-42,7
29,-46,12
29,-51,13
29,-72,17
28,-89,18
21,-102,14
17,-101,10
17,-85,15
19,-81,18
17,-90,10
17,-88,7
-2,-79,4
-24,-70,-7
8,-59,4
11,-57,1
23,-45,1
23,-41,3
13,-39,-2
10,-36,-3
8,-30,-4
9,-34,-1
11,-65,-4
11,-74,-12
12,-81,-14
16,-89,-11
23,-94,-7
37,-88,6
44,-82,16
43,-76,21
26,-70,9
-1,-65,-8
-3,-61,-4
8,-46,4
15,-40,3
27,-32,2
32,-32,7
38,-44,18
35,-46,19
32,-54,20
26,-61,17
15,-69,14
15,-74,13
13,-89,6
16,-94,3
21,-81,4
24,-76,8
22,-85,4
19,-84,-7
18,-80,-10
15,-67,-9
25,-59,-7
29,-52,-8
15,-47,-15
1,-48,-13
-2,-46,-10
3,-42,-4
8,-47,0
10,-56,-3
10,-56,-5
9,-61,-4
9,-68,-5
18,-77,-5
24,-75,-2
32,-83,8
39,-94,16
41,-86,11
26,-80,10
-7,-55,-6
11,-48,7
10,-42,4
21,-38,3
25,-37,4
30,-39,8
31,-41,11
29,-49,15
29,-58,15
26,-79,16
23,-82,15
16,-82,12
17,-89,11
20,-87,9
19,-84,5
17,-83,0
16,-80,0
15,-73,1
18,-64,6
7,-56,-10
20,-43,-1
15,-42,-2
16,-41,-1
10,-46,-5
8,-47,-6
9,-58,-5
11,-64,-6
13,-64,-4
13,-68,-2
12,-80,-4
17,-71,-7
23,-64,0
32,-66,16
32,-64,21
24,-64,11
16,-66,8
6,-62,4
22,-63,8
21,-53,6
25,-49,8
26,-46,10
28,-45,12
27,-47,16
27,-49,17
27,-56,19
24,-63,17
18,-76,10
15,-84,4
16,-85,-1
20,-69,1
23,-70,1
27,-85,-2
27,-88,-4
20,-79,-11
16,-73,-10
16,-57,-2
14,-54,-1
15,-49,-1
14,-45,-2
13,-39,0
14,-42,0
11,-41,-1
10,-44,-2
9,-63,-5
10,-71,-6
15,-78,-5
18,-74,-1
23,-74,6
25,-73,8
26,-81,4
24,-74,4
18,-69,5
12,-70,3
14,-60,0
21,-47,4
23,-44,4
25,-40,3
25,-39,3
26,-38,3
27,-40,6
26,-49,10
27,-53,11
30,-73,16
29,-76,18
22,-88,11
16,-96,5
19,-88,7
23,-82,9
22,-87,2
19,-89,2
15,-84,6
-4,-66,2
16,-47,-2
14,-44,0
22,-42,-2
21,-43,-3
15,-43,-7
8,-39,-7
6,-41,-5
7,-50,-4
12,-60,-3
18,-73,-4
19,-78,-4
22,-78,3
25,-85,6
32,-71,14
36,-74,18
18,-73,7
7,-66,-1
-1,-56,-1
-6,-51,4
22,-39,13
34,-36,13
23,-34,14
23,-37,15
17,-45,11
22,-50,12
32,-56,16
31,-60,16
27,-71,13
22,-78,9
13,-89,3
16,-87,3
20,-76,3
25,-80,1
27,-81,1
27,-77,-3
25,-73,-4
18,-57,-5
16,-50,-5
15,-47,-4
15,-45,-4
14,-42,-4
12,-43,-5
21,-50,2
23,-51,0
17,-58,-6
17,-66,-4
19,-66,2
22,-66,4
30,-62,10
40,-59,13
76,-71,14
74,-70,14
65,-59,20
49,-48,14
40,-43,12
34,-32,18
41,-37,28
25,-32,28
7,-25,41
0,-25,42
17,-22,30
37,-12,21
41,-11,19
42,-14,17
43,-16,18
60,-20,24
69,-28,27
81,-34,42
72,-43,45
56,-49,38
49,-54,23
52,-35,17
48,-42,11
43,-42,18
38,-39,15
25,-34,13
21,-31,10
32,-26,9
32,-25,13
31,-27,15
46,-37,28
54,-42,35
49,-48,25
51,-56,24
73,-60,36
67,-51,42
50,-52,35
55,-43,30
40,-52,21
34,-61,14
19,-67,5
16,-64,13
18,-36,24
31,-31,29
51,-22,9
15,-16,-8
-11,-19,3
8,-26,19
29,-31,22
32,-33,20
46,-45,25
52,-54,20
54,-64,25
70,-72,21
57,-68,7
48,-68,11
45,-73,14
47,-79,14
44,-74,11
33,-66,9
27,-60,11
17,-48,0
24,-49,6
23,-47,3
21,-47,3
14,-51,-1
12,-50,-4
12,-52,-6
15,-55,-4
34,-70,-2
21,-70,-8
9,-67,-2
7,-68,1
9,-63,8
24,-70,12
23,-71,8
22,-76,-1
21,-70,-1
22,-60,9
20,-50,11
18,-43,9
29,-41,9
28,-39,4
25,-38,5
23,-47,12
23,-53,15
32,-58,17
33,-64,17
22,-79,11
18,-86,5
20,-80,1
25,-76,6
33,-74,11
34,-82,6
30,-86,-4
25,-81,-7
19,-63,-3
16,-53,-3
18,-43,1
15,-46,-2
15,-46,-3
12,-52,-3
11,-56,-4
10,-59,-7
11,-61,-7
12,-71,-8
13,-73,-9
17,-64,-3
23,-62,3
29,-54,18
29,-66,17
19,-64,2
15,-65,-4
17,-77,-1
21,-82,5
22,-59,7
24,-50,11
20,-46,12
22,-43,12
23,-38,10
23,-38,9
23,-42,11
26,-54,16
26,-63,17
27,-80,11
26,-86,8
28,-78,12
29,-84,13
30,-96,5
26,-95,0
21,-92,0
17,-92,0
18,-73,1
18,-66,6
16,-59,8
14,-56,4
11,-47,1
6,-43,-1
2,-37,-1
2,-36,0
6,-44,-3
8,-43,-4
8,-49,-7
9,-55,-8
15,-77,-12
21,-89,-13
39,-108,-2
51,-107,18
52,-95,20
27,-73,-5
16,-68,-1
9,-54,9
15,-48,8
24,-43,11
27,-42,12
28,-41,12
29,-44,13
30,-51,17
31,-54,18
30,-65,22
24,-69,19
9,-91,5
4,-102,-4
9,-92,-9
16,-81,-7
24,-85,-5
25,-85,-7
25,-70,-7
25,-63,-5
19,-51,-6
18,-48,-7
13,-43,-9
11,-42,-9
7,-42,-9
6,-48,-9
7,-51,-9
10,-54,-10
13,-54,-9
17,-67,-4
18,-72,-3
21,-74,0
23,-75,5
31,-84,19
32,-85,20
14,-77,8
6,-73,4
-1,-62,11
-1,-53,7
27,-39,10
34,-35,11
30,-35,8
22,-34,5
23,-42,5
22,-45,6
28,-54,12
30,-58,15
29,-74,17
22,-93,7
20,-106,0
26,-82,2
26,-76,5
29,-76,10
30,-74,8
22,-71,-2
17,-64,-3
13,-50,-3
14,-46,-3
16,-47,-1
16,-50,0
14,-51,-3
14,-53,-3
11,-63,-6
10,-61,-8
12,-67,-7
12,-72,-8
15,-68,-5
18,-70,-2
20,-61,3
21,-63,6
24,-68,12
19,-76,8
13,-82,2
9,-73,0
15,-64,6
22,-51,15
24,-48,14
24,-42,8
22,-43,6
23,-45,10
24,-46,12
29,-52,19
31,-55,23
25,-68,19
17,-80,11
10,-96,-1
17,-93,4
33,-74,19
36,-71,22
29,-91,12
22,-93,5
10,-88,-5
10,-78,-3
15,-58,1
18,-51,3
18,-49,3
14,-49,2
12,-48,0
6,-44,-3
5,-44,-3
5,-47,-2
7,-51,-3
9,-57,-6
11,-58,-5
19,-65,0
23,-68,5
31,-87,13
33,-88,16
26,-88,16
21,-91,12
16,-77,9
17,-65,10
23,-53,10
25,-53,9
37,-51,19
40,-48,23
38,-48,26
35,-50,26
23,-53,10
25,-53,9
37,-51,19
40,-48,23
38,-48,26
35,-50,26
26,-52,22
23,-63,21
23,-69,20
17,-81,7
16,-85,2
22,-84,0
29,-86,3
38,-80,9
37,-82,9
28,-87,-1
21,-89,-7
11,-77,-12
7,-68,-11
8,-55,-6
10,-53,-3
11,-46,-5
12,-43,-3
9,-48,-5
7,-44,-6
8,-48,-5
10,-52,-5
15,-56,-2
17,-59,1
19,-72,5
22,-75,7
27,-78,12
25,-80,12
21,-92,9
12,-97,-9
9,-81,-10
17,-63,7
21,-55,8
33,-46,-2
33,-46,-2
33,-44,6
31,-43,8
29,-44,13
28,-48,15
20,-57,13
17,-63,13
9,-80,3
10,-93,-1
17,-89,-4
23,-79,0
35,-81,15
35,-87,14
24,-85,-4
18,-83,-9
9,-70,-12
9,-57,-10
11,-51,-8
13,-49,-5
13,-49,-6
9,-51,-8
7,-53,-9
6,-57,-11
8,-59,-11
9,-65,-10
10,-69,-8
16,-69,-5
19,-64,-4
22,-64,5
27,-71,10
28,-78,11
25,-77,6
13,-73,1
12,-69,5
16,-58,13
19,-52,12
22,-44,10
23,-43,11
25,-42,13
25,-43,13
25,-51,15
23,-60,16
21,-68,16
17,-79,13
14,-85,7
16,-85,-1
19,-79,1
31,-76,11
32,-82,11
25,-89,-2
20,-88,-7
11,-73,-8
11,-65,-7
12,-53,-5
13,-49,-4
14,-45,-4
13,-42,-5
10,-42,-6
9,-43,-6
9,-50,-8
10,-54,-7
12,-65,-8
13,-65,-7
19,-73,-3
24,-81,5
29,-87,9
30,-72,17
28,-73,18
10,-75,3
6,-68,-1
4,-53,3
16,-49,6
21,-42,5
28,-42,8
32,-43,12
32,-46,13
31,-53,14
30,-56,15
26,-63,15
25,-70,17
22,-78,16
19,-83,11
15,-87,1
16,-80,-1
25,-75,4
29,-86,5
26,-89,-4
18,-76,-7
14,-68,-6
14,-55,-4
16,-53,-3
14,-48,-4
14,-45,-4
12,-46,-2
11,-48,-3
10,-55,-5
9,-61,-6
8,-63,-7
10,-66,-6
15,-67,-3
18,-63,0
23,-68,8
24,-72,9
23,-74,9
23,-78,11
16,-79,8
10,-72,4
16,-54,9
21,-48,11
25,-43,5
28,-42,6
25,-42,6
26,-46,8
30,-49,11
29,-60,16
28,-69,18
21,-92,16
17,-105,11
18,-87,5
20,-72,6
25,-87,7
30,-83,8
20,-79,6
13,-76,16
-30,-55,-20
-40,-43,-21
39,-56,3
36,-50,6
13,-46,-5
7,-46,-6
1,-47,-6
3,-48,-4
11,-56,-2
13,-61,-3
15,-69,-1
19,-69,1
21,-69,4
25,-85,13
25,-85,17
9,-78,7
1,-74,3
14,-61,9
20,-51,9
23,-39,9
23,-34,9
20,-31,9
22,-35,10
18,-45,17
15,-48,17
22,-56,21
27,-68,23
22,-83,21
14,-88,15
14,-97,10
22,-88,13
21,-78,9
20,-81,7
19,-79,1
18,-76,-2
16,-65,-5
17,-52,-2
17,-48,-1
15,-44,0
13,-46,0
10,-45,-2
9,-44,-4
9,-47,-3
9,-49,-3
12,-55,-1
13,-62,-1
15,-77,-3
17,-79,-2
21,-78,2
23,-76,6
29,-79,16
24,-79,11
8,-79,-1
7,-74,2
24,-60,11
25,-51,10
23,-38,8
21,-35,8
20,-34,6
20,-36,4
18,-43,3
22,-54,7
24,-55,8
30,-70,20
29,-77,21
18,-93,12
7,-96,6
12,-83,5
19,-83,8
31,-82,11
31,-79,9
19,-71,4
8,-63,2
1,-52,-6
1,-42,-3
18,-43,1
17,-41,0
15,-47,-3
14,-51,-5
9,-57,-8
11,-61,-6
14,-65,-4
15,-69,-3
14,-69,-1
14,-65,2
18,-67,8
16,-68,11
14,-74,4
12,-75,4
19,-75,8
24,-66,11
25,-57,12
22,-41,11
21,-37,8
23,-37,7
23,-39,7
25,-45,7
26,-49,8
31,-56,13
30,-56,14
27,-69,20
24,-76,17
14,-87,5
16,-87,5
26,-78,9
29,-81,9
25,-96,-1
21,-95,-4
19,-81,-2
15,-64,-6
14,-56,-6
15,-46,0
11,-43,1
6,-43,-4
7,-43,-4
9,-43,-4
10,-43,-2
9,-51,-1
8,-56,-4
10,-60,-7
11,-61,-8
18,-71,-7
22,-79,-5
35,-100,7
36,-101,10
21,-89,5
14,-80,1
13,-55,2
17,-46,6
24,-40,15
26,-39,17
28,-42,21
30,-43,24
27,-48,24
21,-56,19
18,-66,16
13,-81,6
16,-85,4
23,-86,1
29,-85,4
30,-83,4
27,-86,0
26,-79,-2
22,-84,4
1,-73,-13
11,-62,-8
10,-52,-6
17,-47,-1
14,-43,-3
13,-43,-5
11,-46,-6
12,-49,-7
8,-51,-7
6,-49,-6
4,-56,-4
8,-61,-3
16,-70,1
24,-76,10
31,-87,16
40,-105,14
35,-95,10
13,-81,1
31,-71,15
18,-56,14
27,-49,8
28,-42,-1
26,-38,-1
20,-31,-1
19,-30,-3
22,-38,-1
25,-44,3
32,-57,10
35,-64,11
29,-79,5
24,-84,3
16,-88,0
18,-80,3
30,-76,10
34,-78,10
30,-81,1
22,-80,-5
14,-72,-9
16,-55,-5
16,-49,-3
17,-44,-2
16,-43,-2
13,-49,-6
11,-50,-7
10,-59,-7
10,-65,-8
11,-64,-9
13,-67,-7
15,-67,-5
16,-65,-5
18,-59,0
19,-66,4
26,-70,14
24,-71,12
12,-78,-1
8,-77,-3
18,-66,10
16,-59,11
28,-48,11
40,-47,11
29,-43,6
28,-38,13
28,-41,15
28,-52,18
25,-56,16
20,-73,15
19,-78,15
15,-85,6
15,-79,2
17,-75,-4
21,-74,-3
34,-75,1
38,-76,2
31,-73,-4
26,-70,-7
21,-63,-6
17,-60,-5
13,-51,-4
12,-52,-2
10,-54,-2
9,-52,-3
10,-54,0
11,-56,-1
12,-52,-5
11,-53,-6
10,-62,-5
15,-63,-3
20,-68,0
23,-62,12
26,-64,18
20,-78,11
18,-82,4
13,-77,-3
19,-70,3
29,-55,14
33,-50,12
28,-45,3
25,-45,3
21,-42,3
21,-42,6
26,-46,13
29,-49,16
28,-61,21
25,-69,20
12,-91,10
10,-93,4
18,-84,2
22,-78,5
28,-83,4
27,-83,-2
24,-79,-6
18,-62,-11
4,-54,-9
17,-43,-2
14,-41,-3
17,-39,-2
15,-40,-2
16,-49,-6
19,-54,-8
28,-63,-9
32,-68,-8
33,-72,-1
37,-68,0
42,-58,1
45,-48,6
55,-51,17
56,-54,18
51,-58,19
43,-59,22
31,-52,20
28,-44,19
28,-29,20
30,-21,16
32,-19,15
37,-16,12
39,-16,13
54,-18,18
58,-21,19
51,-16,15
53,-18,18
56,-19,12
62,-26,6
75,-31,6
82,-36,1
67,-35,-9
65,-39,-12
69,-39,-18
71,-37,-14
70,-32,-7
58,-28,-9
30,-22,-6
27,-19,-2
28,-18,2
29,-19,4
29,-19,6
31,-19,4
59,-26,-5
86,-28,-7
68,-24,-5
58,-20,4
71,-25,11
91,-35,7
86,-37,-7
63,-43,-12
51,-45,-10
41,-43,-14
41,-32,-18
51,-11,-13
52,-8,-9
48,-6,10
48,-9,12
49,-14,7
52,-15,4
44,-13,-7
38,-12,-14
52,-13,-12
60,-17,-8
58,-20,-11
61,-23,-18
79,-34,-16
82,-37,-10
74,-49,-12
69,-55,-22
64,-51,-27
60,-41,-20
49,-34,-16
34,-26,-8
31,-24,-3
25,-23,-1
25,-23,-2
32,-24,-6
43,-25,-9
46,-26,-13
51,-26,-8
60,-28,-6
58,-31,-8
62,-35,-5
64,-38,-5
68,-44,-8
67,-38,-7
70,-36,-3
61,-41,-7
37,-46,-21
34,-40,-24
50,-40,-2
50,-39,7
38,-25,7
35,-17,-4
35,-13,-10
44,-9,-16
47,-10,-13
44,-11,-9
49,-12,-7
65,-28,-22
64,-35,-31
62,-46,-45
70,-50,-46
71,-48,-37
61,-46,-32
54,-42,-27
48,-39,-30
46,-34,-26
43,-32,-20
35,-26,-17
31,-23,-15
24,-20,-12
27,-20,-8
22,-17,-12
28,-19,-14
38,-25,-22
51,-30,-29
56,-36,-32
59,-49,-35
54,-53,-35
55,-47,-34
59,-45,-35
61,-41,-43
59,-40,-41
51,-48,-34
43,-49,-31
23,-36,-23
16,-25,-20
13,-3,-19
21,-3,-19
46,-14,-25
52,-23,-29
52,-34,-23
47,-39,-24
43,-39,-26
50,-38,-29
47,-16,-40
50,-40,-54
67,-46,-52
63,-51,-45
51,-50,-43
36,-55,-43
29,-53,-41
33,-43,-24
35,-39,-17
28,-29,-15
29,-25,-19
41,-21,-18
41,-22,-16
32,-17,-15
33,-17,-19
57,-17,-17
59,-20,-15
41,-29,-18
46,-34,-14
68,-36,-27
79,-36,-22
81,-32,6
76,-36,-5
60,-41,-19
47,-44,-21
37,-41,-29
40,-33,-21
48,-21,-6
41,-13,-2
38,-13,-2
41,-9,-3
45,-10,-5
44,-14,-16
51,-12,-14
56,-4,-31
58,-3,-40
83,-10,-27
90,-20,-21
82,-30,-22
76,-22,-25
66,-20,-19
66,-22,-18
60,-24,-22
60,-23,-21
50,-26,-24
42,-25,-30
38,-23,-12
36,-19,-1
28,-16,5
22,-14,5
39,-17,7
56,-20,5
63,-21,1
65,-26,3
62,-28,2
66,-24,1
81,-25,5
86,-35,2
79,-40,-1
58,-45,2
44,-50,11
16,-56,14
15,-55,7
21,-46,2
20,-40,1
19,-33,-4
20,-33,-6
37,-40,-5
40,-45,-9
45,-53,-6
45,-56,0
39,-57,0
38,-60,-4
53,-71,2
57,-72,4
55,-77,0
60,-79,6
60,-68,9
46,-69,2
42,-72,2
27,-82,-4
19,-84,-7
11,-69,-7
15,-60,-3
20,-54,2
21,-57,1
18,-52,-3
16,-49,-3
12,-53,-2
8,-53,-4
8,-55,-6
9,-60,-5
16,-65,0
18,-68,4
23,-67,6
24,-55,10
26,-59,15
20,-77,4
25,-102,-20
50,-78,-10
64,-66,5
49,-39,15
43,-33,10
37,-31,2
31,-33,0
24,-42,-3
32,-45,0
41,-45,6
43,-47,8
39,-57,11
35,-64,13
18,-78,1
15,-88,-3
22,-103,-6
27,-93,-6
32,-74,-1
33,-72,5
30,-73,4
26,-69,-2
19,-55,-6
13,-50,-5
9,-42,-1
9,-40,-2
11,-38,-2
12,-39,0
12,-44,-1
13,-50,-4
14,-54,-4
17,-66,0
17,-72,0
19,-82,-2
18,-85,-5
16,-69,-4
19,-66,1
23,-83,3
26,-87,0
29,-79,1
26,-73,6
34,-51,18
43,-41,22
50,-35,27
37,-40,17
3,-42,-3
-1,-46,0
3,-44,4
13,-44,5
29,-54,10
34,-72,9
31,-76,7
29,-102,9
30,-112,5
29,-74,5
28,-75,9
27,-69,13
28,-65,9
18,-53,-2
-7,-49,-10
13,-39,3
10,-43,0
18,-44,2
19,-47,0
15,-48,-5
15,-53,-6
16,-62,-7
18,-63,-7
23,-72,-2
18,-79,-1
18,-79,0
19,-80,3
25,-65,22
25,-66,28
8,-69,6
5,-68,-3
7,-56,2
26,-46,24
24,-39,20
24,-36,10
25,-39,8
25,-50,4
24,-56,5
25,-61,11
26,-56,15
22,-53,18
20,-55,16
24,-71,10
26,-79,8
30,-77,10
34,-82,14
38,-85,15
36,-80,13
27,-79,11
22,-77,8
14,-64,1
14,-55,1
14,-48,1
15,-47,0
17,-43,-3
15,-44,-8
12,-48,-9
9,-57,-11
9,-58,-10
14,-66,-6
14,-69,-5
19,-69,2
23,-68,8
29,-67,18
32,-64,21
25,-73,17
17,-79,9
7,-77,-10
8,-70,6
31,-52,19
36,-49,16
27,-46,5
29,-46,7
25,-47,6
23,-49,7
23,-52,13
24,-52,16
24,-56,17
24,-63,16
19,-74,8
14,-79,-6
16,-83,-8
27,-82,-1
33,-77,1
34,-75,3
34,-75,3
26,-70,-3
21,-65,-5
10,-58,-6
8,-55,-5
8,-51,-4
9,-51,-3
9,-55,-6
9,-56,-8
9,-51,-11
11,-51,-10
16,-61,-7
17,-61,-7
21,-55,-1
21,-55,3
25,-81,5
29,-85,3
29,-64,8
19,-80,14
7,-81,8
2,-68,3
9,-57,5
22,-44,10
28,-41,11
30,-40,13
29,-41,14
26,-52,16
27,-54,17
28,-55,20
27,-60,24
15,-71,19
11,-72,13
12,-71,6
18,-68,10
30,-82,12
32,-84,9
30,-78,1
28,-77,0
25,-77,0
20,-68,-3
15,-56,0
11,-55,2
11,-56,1
15,-52,1
15,-52,2
12,-59,0
11,-60,-2
12,-52,-2
13,-48,-4
15,-51,-1
19,-58,4
23,-71,9
28,-79,12
32,-84,16
26,-81,15
3,-77,2
4,-73,4
17,-63,15
23,-54,17
24,-44,6
25,-40,1
30,-35,6
31,-35,8
33,-42,9
33,-46,8
50,-47,5
64,-67,16
41,-73,12
-8,-77,0
-43,-87,0
14,-95,-9
44,-85,-15
71,-77,6
59,-78,12
23,-83,0
15,-74,-17
4,-61,-13
-12,-41,-4
5,-21,-3
11,-29,-11
18,-46,-12
17,-56,-9
12,-60,-4
12,-61,-3
18,-58,7
23,-65,13
26,-80,7
24,-77,0
22,-78,5
19,-92,4
15,-83,-3
18,-65,4
20,-60,14
24,-50,14
26,-46,11
23,-40,9
21,-38,7
17,-41,2
15,-48,-3
13,-67,-21
18,-63,-20
0,-61,20
-30,-56,54
37,-48,36
37,-55,17
44,-72,-3
36,-78,-13
8,-75,-20
5,-78,-12
29,-83,9
31,-82,-1
38,-78,-8
41,-74,-6
65,-64,7
-20,-52,7
-2,-49,0
1,-49,-2
13,-54,-8
21,-55,-13
17,-55,-10
11,-54,-8
10,-52,-9
14,-56,-5
16,-60,-2
17,-68,-1
19,-70,-2
23,-60,0
26,-63,6
28,-75,12
26,-78,11
15,-80,6
10,-76,4
14,-58,12
17,-50,14
19,-38,12
19,-36,10
17,-36,6
22,-39,4
26,-44,4
28,-57,7
27,-63,7
24,-68,11
19,-76,14
8,-88,6
12,-94,3
16,-82,6
17,-74,6
21,-88,7
20,-83,4
17,-79,-2
17,-73,-2
16,-58,-3
9,-52,-8
17,-43,-1
15,-42,-2
15,-45,-3
12,-49,-6
11,-54,-10
10,-52,-12
15,-55,-8
17,-63,-6
21,-79,-5
30,-88,6
33,-70,19
21,-67,13
7,-73,-1
6,-67,3
8,-65,11
12,-50,16
18,-44,19
20,-34,17
22,-31,15
20,-32,9
18,-38,6
28,-53,10
29,-57,10
30,-53,13
30,-51,14
28,-62,11
26,-68,8
23,-87,2
27,-99,2
38,-78,10
41,-79,11
37,-79,9
31,-80,4
20,-63,2
21,-48,9
22,-45,10
20,-48,5
17,-49,1
9,-53,-4
7,-58,-6
5,-62,-12
6,-58,-14
14,-54,-13
15,-54,-9
22,-59,-2
26,-63,4
30,-61,11
32,-67,15
25,-74,3
18,-67,-3
7,-71,-2
3,-74,-1
12,-67,5
17,-58,7
24,-46,4
30,-43,6
28,-40,8
21,-41,8
17,-47,9
25,-57,16
27,-58,17
28,-58,21
26,-61,23
22,-70,16
23,-78,13
25,-78,8
30,-80,11
38,-88,8
34,-91,-2
20,-81,-9
14,-76,-8
9,-63,-6
9,-56,-6
13,-48,-4
16,-46,0
18,-46,1
16,-48,-1
12,-53,-6
10,-50,-7
10,-53,-5
12,-60,-5
14,-70,-7
20,-74,-2
23,-69,1
28,-63,16
33,-64,23
21,-77,11
12,-83,-5
4,-76,-10
9,-69,-1
24,-55,14
36,-48,16
31,-42,10
30,-41,9
25,-43,10
24,-45,11
23,-54,14
25,-59,16
28,-70,23
26,-75,24
18,-90,9
13,-93,-1
16,-87,-4
19,-78,-1
26,-79,1
28,-76,2
28,-70,-2
18,-57,-7
15,-50,-6
12,-48,-4
12,-49,-5
12,-49,-4
12,-48,-4
11,-49,-5
11,-51,-5
10,-60,-6
10,-59,-6
12,-66,-5
12,-69,-5
15,-68,-6
17,-66,-4
25,-71,5
28,-78,12
28,-95,6
23,-83,0
9,-67,9
1,-66,22
29,-44,27
58,-38,22
28,-40,8
20,-39,4
26,-43,3
24,-55,11
28,-63,20
23,-66,20
22,-72,17
21,-95,11
22,-100,7
23,-82,5
21,-80,5
19,-81,2
21,-81,-1
26,-75,-10
27,-71,-15
16,-54,-14
9,-51,-12
2,-41,-6
4,-36,-4
18,-41,-5
16,-43,-6
6,-48,-7
2,-57,-8
5,-71,-10
11,-71,-7
22,-78,4
26,-78,12
26,-80,13
18,-82,8
9,-79,4
20,-80,10
23,-72,8
23,-61,6
23,-56,1
24,-43,-4
23,-39,-5
21,-35,-5
20,-33,-4
24,-42,3
31,-53,12
47,-64,32
40,-69,31
16,-79,21
12,-87,16
16,-80,7
16,-81,-2
19,-85,-14
24,-84,-9
25,-72,3
19,-61,-2
19,-53,-12
33,-60,-8
27,-65,-9
12,-63,-7
6,-55,-7
-3,-40,-10
-2,-35,-10
4,-34,-5
6,-41,-7
7,-61,-12
11,-74,-11
17,-84,-14
27,-85,-7
35,-71,9
41,-80,24
40,-88,24
28,-80,8
13,-67,-3
8,-61,-1
12,-45,6
17,-39,10
25,-34,14
23,-42,9
21,-42,7
22,-43,6
24,-47,8
26,-58,11
24,-67,11
21,-73,8
23,-84,8
30,-86,11
34,-80,14
26,-89,7
18,-93,0
14,-88,-1
16,-79,2
19,-62,5
20,-54,6
18,-48,8
17,-47,9
13,-47,5
10,-45,3
5,-44,0
4,-46,-1
6,-49,-3
8,-54,-6
13,-67,-6
22,-62,0
28,-54,9
31,-74,19
27,-95,6
30,-103,-7
38,-93,12
32,-59,26
20,-54,13
14,-46,4
18,-44,5
20,-38,4
23,-35,7
29,-35,13
33,-39,15
34,-49,14
34,-59,14
33,-75,19
28,-77,17
18,-93,10
19,-104,9
31,-75,16
31,-73,14
23,-78,9
17,-82,-1
14,-74,0
16,-60,8
16,-57,10
13,-50,8
10,-48,5
4,-41,2
2,-39,0
6,-35,-3
8,-40,-3
13,-54,-1
15,-63,-4
16,-70,-5
20,-75,-3
25,-79,0
20,-81,-4
32,-100,6
28,-85,7
28,-62,20
28,-62,23
33,-55,16
31,-47,12
29,-33,10
29,-30,10
24,-38,7
18,-43,6
6,-60,11
10,-63,18
18,-66,20
20,-69,21
23,-72,20
15,-80,6
15,-80,-1
18,-72,-2
22,-67,3
34,-79,8
35,-83,2
27,-80,-6
22,-74,-7
13,-58,-7
13,-52,-3
15,-46,0
16,-45,0
15,-44,-2
14,-44,-2
11,-45,-5
10,-46,-6
14,-57,-2
16,-75,-3
17,-98,-9
21,-93,-1
24,-79,6
33,-73,35
31,-79,32
-1,-73,-9
-6,-67,-18
5,-51,-2
16,-41,8
31,-27,11
28,-23,7
27,-20,11
23,-24,9
23,-41,2
28,-49,3
33,-73,2
40,-83,7
42,-95,7
40,-99,6
31,-79,8
28,-66,10
27,-74,10
29,-70,10
30,-64,6
26,-60,4
19,-53,3
17,-51,0
16,-52,-1
13,-61,-5
12,-64,-8
10,-55,-11
12,-49,-9
13,-47,-3
13,-51,-3
14,-62,-7
16,-67,-6
26,-83,4
34,-89,18
26,-86,25
8,-82,13
-1,-67,6
-4,-59,4
34,-46,23
23,-35,16
29,-31,16
19,-31,10
27,-36,8
25,-40,4
25,-48,3
29,-64,10
29,-72,9
26,-91,0
27,-100,2
28,-88,12
30,-83,12
29,-80,7
27,-75,6
20,-69,5
16,-63,3
15,-52,3
16,-49,3
17,-45,3
16,-44,2
12,-43,0
10,-47,0
9,-56,-3
9,-58,-5
11,-64,-4
13,-67,-4
19,-70,0
22,-66,5
28,-63,16
31,-72,20
20,-77,7
8,-88,-8
6,-79,-9
16,-64,6
21,-53,12
31,-43,7
31,-39,5
28,-35,3
26,-33,4
23,-38,6
23,-44,7
24,-63,7
25,-69,8
20,-84,8
16,-89,5
18,-90,4
21,-86,4
25,-74,6
28,-75,8
31,-75,8
27,-73,2
16,-61,-5
13,-57,-5
13,-55,-4
14,-46,-5
15,-42,-4
15,-42,-3
13,-48,-5
10,-56,-9
10,-60,-10
13,-65,-8
15,-65,-5
17,-72,-1
19,-70,-1
21,-57,2
23,-67,4
30,-78,16
27,-74,15
10,-76,-3
4,-70,-5
11,-58,12
15,-49,18
22,-40,11
21,-37,7
23,-33,10
24,-37,12
22,-47,12
23,-58,10
23,-61,10
28,-73,20
30,-80,23
22,-94,10
17,-82,3
20,-72,4
24,-77,7
29,-78,1
29,-73,0
28,-69,5
22,-67,2
17,-55,-4
15,-50,-3
17,-44,1
17,-44,0
13,-44,-3
12,-48,-3
9,-53,-5
9,-55,-7
10,-62,-7
11,-67,-7
17,-74,-5
22,-83,-3
31,-67,13
37,-63,31
25,-75,20
8,-87,-7
5,-77,-3
14,-67,18
22,-59,25
30,-46,19
39,-40,18
22,-37,9
20,-37,7
17,-44,8
19,-48,8
22,-56,7
20,-59,4
22,-73,9
22,-76,10
23,-81,9
23,-80,9
27,-74,11
27,-77,9
26,-77,6
26,-74,7
21,-67,4
16,-56,-2
14,-54,-3
13,-47,-4
13,-43,-4
14,-42,-4
14,-43,-4
12,-49,-5
12,-53,-5
12,-68,-8
13,-75,-9
18,-78,-6
21,-73,1
28,-65,15
29,-66,16
27,-59,9
22,-58,6
14,-66,7
11,-69,2
13,-66,1
8,-55,3
31,-52,8
30,-50,5
27,-47,3
27,-45,4
22,-44,6
23,-45,9
20,-47,12
19,-59,12
23,-74,12
20,-94,2
20,-90,0
23,-87,7
24,-86,7
23,-74,-3
22,-72,-3
24,-69,1
24,-66,0
18,-58,-4
16,-53,-3
14,-48,-2
15,-48,-2
14,-48,-4
12,-50,-5
10,-56,-7
11,-58,-9
12,-58,-9
13,-63,-9
14,-72,-8
16,-73,-6
21,-63,0
23,-66,8
26,-72,11
25,-63,11
20,-65,8
5,-72,2
3,-68,2
9,-53,8
9,-46,9
26,-39,9
23,-37,8
29,-35,13
29,-38,14
30,-54,15
29,-61,13
22,-67,10
20,-73,12
19,-78,16
19,-80,13
15,-79,5
14,-75,3
20,-71,2
22,-66,3
26,-72,1
26,-74,1
26,-77,1
20,-64,-2
18,-59,0
14,-55,0
13,-52,0
11,-53,-1
10,-49,-1
9,-50,-2
9,-49,-2
11,-52,-2
12,-56,-2
12,-65,-4
14,-69,-4
18,-72,-2
20,-71,-1
28,-85,7
31,-81,12
28,-73,17
18,-73,9
2,-65,-7
3,-58,-4
14,-45,5
19,-41,4
26,-36,4
29,-35,6
29,-37,7
32,-50,12
34,-56,14
37,-68,20
33,-76,23
19,-91,19
11,-96,12
7,-94,9
11,-84,11
13,-74,6
14,-75,3
17,-86,-1
22,-82,0
20,-66,1
18,-59,5
11,-55,3
12,-51,2
14,-50,-2
15,-52,-2
13,-49,0
12,-46,0
9,-47,-3
10,-50,-4
12,-63,-7
18,-66,-2
22,-67,2
29,-77,11
31,-83,10
29,-80,7
27,-83,7
15,-76,12
9,-67,14
11,-51,12
18,-47,9
28,-39,7
32,-36,8
33,-37,10
33,-40,12
28,-50,15
26,-56,13
25,-72,11
28,-77,15
28,-82,17
27,-83,15
21,-79,11
21,-74,11
23,-68,9
18,-80,-1
15,-83,-5
12,-77,-6
13,-69,-5
16,-52,1
18,-50,4
17,-53,2
16,-50,0
12,-48,1
10,-47,1
9,-46,1
9,-46,0
8,-49,-1
10,-55,-2
13,-67,-5
17,-74,-6
28,-80,3
33,-88,12
43,-111,15
31,-91,0
4,-67,-10
-3,-67,-2
5,-56,1
16,-50,-2
30,-39,0
32,-33,4
31,-31,5
29,-41,6
30,-51,9
32,-65,10
29,-63,9
23,-70,19
19,-79,19
13,-92,4
12,-85,1
22,-66,14
28,-73,21
27,-103,7
18,-100,-5
11,-77,-1
9,-70,7
16,-57,6
18,-51,4
16,-48,0
18,-44,2
12,-39,0
10,-40,-1
9,-48,-2
9,-55,-4
10,-57,-5
11,-64,-5
12,-67,-3
19,-72,-1
23,-71,1
36,-79,13
48,-87,28
46,-83,28
24,-71,3
-16,-64,-11
-15,-63,0
10,-48,5
20,-43,3
37,-35,11
37,-35,13
31,-38,13
27,-41,10
25,-54,11
24,-57,14
19,-64,20
18,-71,21
24,-83,10
14,-88,-3
18,-77,2
28,-63,15
31,-66,16
30,-82,5
25,-89,-3
19,-79,-7
17,-68,-6
15,-48,2
14,-46,2
13,-50,-1
12,-52,-3
11,-49,-5
11,-48,-5
12,-50,-4
12,-52,-4
14,-62,-4
13,-65,-4
16,-70,0
24,-71,1
27,-69,14
24,-82,16
16,-84,9
11,-78,9
3,-72,8
8,-69,7
17,-57,8
20,-47,7
22,-44,6
25,-41,5
27,-40,4
28,-42,3
30,-45,6
30,-52,10
30,-58,10
30,-76,16
27,-80,16
20,-82,12
18,-87,10
17,-72,10
19,-70,12
22,-87,9
19,-95,1
13,-85,-6
9,-81,-14
23,-60,3
21,-58,1
22,-50,-2
17,-54,-5
10,-53,-14
9,-49,-12
7,-48,-10
5,-46,-9
6,-45,-8
9,-55,-5
10,-58,-5
17,-66,-4
21,-66,-1
28,-86,10
34,-96,16
42,-102,26
38,-92,29
21,-70,6
21,-62,8
24,-48,3
27,-47,1
20,-43,3
20,-41,2
32,-40,11
35,-41,14
34,-49,13
32,-56,12
25,-67,9
20,-73,8
14,-86,0
18,-84,-5
23,-73,-1
28,-74,3
27,-76,2
20,-77,-7
17,-70,-10
12,-56,-10
13,-50,-6
15,-48,-1
16,-47,0
15,-47,-2
13,-48,-3
10,-54,-4
10,-55,-5
10,-55,-4
12,-58,-3
12,-68,-5
13,-72,-6
16,-69,-6
18,-68,-4
28,-71,3
34,-72,9
39,-74,15
18,-72,-4
7,-70,-10
0,-60,2
15,-54,7
19,-45,5
24,-43,7
25,-42,12
16,-42,15
19,-45,21
25,-45,22
34,-56,21
33,-68,19
19,-95,6
12,-99,-2
12,-85,-4
17,-88,-2
28,-68,0
32,-69,1
32,-64,4
29,-64,2
22,-60,-1
18,-57,-4
11,-53,-6
10,-53,-5
9,-49,-3
12,-47,-2
13,-49,-2
13,-58,-3
12,-59,-4
11,-69,-4
12,-74,-5
15,-76,-2
19,-69,2
24,-77,11
29,-77,15
30,-58,24
24,-54,21
-1,-56,-5
-2,-59,-9
13,-59,1
20,-57,6
30,-48,8
27,-44,8
28,-43,8
30,-46,9
30,-52,12
32,-53,16
30,-53,21
25,-71,22
21,-82,17
12,-81,4
13,-79,4
23,-76,10
29,-73,9
32,-81,6
32,-85,6
24,-79,0
19,-71,-3
12,-57,-5
13,-53,-3
11,-50,-3
11,-48,-2
11,-46,-3
11,-47,-3
10,-47,-5
9,-51,-6
9,-66,-10
8,-70,-13
14,-69,-12
19,-67,-8
29,-75,3
34,-71,11
45,-74,26
21,-77,1
9,-74,-8
-3,-59,1
-4,-53,6
25,-44,13
23,-43,9
26,-43,9
30,-41,12
29,-41,16
30,-45,17
30,-56,16
26,-64,13
20,-76,15
16,-81,13
18,-89,9
19,-86,8
22,-70,7
23,-76,5
20,-85,-4
20,-81,-7
19,-71,-4
17,-64,-4
18,-54,-2
12,-51,-7
11,-50,-9
8,-46,-10
10,-46,-6
13,-44,-4
14,-46,-4
11,-54,-4
10,-59,-4
11,-63,-5
14,-70,-6
21,-84,-3
27,-86,3
42,-93,17
46,-85,19
27,-63,4
16,-65,-4
8,-66,2
5,-60,3
15,-51,2
22,-46,2
28,-40,3
28,-39,4
26,-41,5
22,-51,5
21,-56,5
20,-63,8
10,-67,9
6,-78,14
21,-79,11
19,-85,-2
17,-81,-4
21,-70,1
23,-75,0
21,-81,-8
19,-79,-11
11,-66,-10
7,-58,-11
16,-44,-1
14,-46,-3
17,-43,-5
14,-44,-6
10,-45,-8
9,-48,-7
10,-54,-6
9,-59,-7
12,-68,-7
14,-73,-7
21,-78,-1
28,-67,9
28,-67,12
27,-69,9
16,-71,0
23,-80,6
-2,-69,-4
14,-51,5
14,-43,5
23,-37,4
23,-35,4
23,-38,5
22,-42,5
19,-51,5
21,-53,6
30,-58,12
25,-62,13
14,-72,12
10,-80,8
11,-97,-4
15,-90,-5
26,-80,2
31,-78,10
32,-82,6
24,-79,-3
11,-59,-10
8,-50,-5
12,-44,2
17,-43,-1
18,-43,-1
13,-45,-1
12,-47,-2
10,-53,-4
9,-58,-5
10,-66,-9
11,-70,-10
19,-73,-5
23,-71,0
28,-73,7
30,-70,12
24,-76,14
14,-80,5
4,-69,-4
5,-59,0
11,-45,10
10,-41,10
35,-35,12
27,-34,9
25,-38,10
24,-43,10
26,-53,12
26,-64,16
24,-69,17
13,-86,7
10,-89,1
14,-80,-1
20,-75,3
31,-67,10
32,-73,7
28,-79,1
24,-79,-2
17,-67,-3
16,-60,-1
17,-54,1
16,-53,0
28,-79,1
24,-79,-2
17,-67,-3
16,-60,-1
17,-54,1
16,-53,0
14,-48,-1
13,-47,-1
11,-46,-2
10,-46,-2
9,-46,-5
10,-48,-4
14,-68,-4
15,-74,-5
20,-72,-3
29,-82,12
36,-88,19
37,-74,22
22,-67,14
2,-64,5
4,-61,5
7,-51,4
13,-45,5
24,-35,7
27,-33,8
30,-38,9
31,-45,8
31,-58,10
32,-57,13
25,-55,16
21,-58,15
18,-74,13
19,-80,13
20,-75,15
21,-69,16
23,-76,9
23,-73,4
23,-69,-1
28,-69,5
29,-74,4
21,-73,-6
16,-69,-10
12,-62,-5
13,-58,-2
16,-52,-2
14,-51,-4
11,-51,-3
10,-50,-4
9,-48,-5
9,-53,-4
11,-67,-4
13,-74,-4
19,-67,0
21,-62,5
23,-77,8
25,-76,9
24,-68,11
20,-70,10
11,-63,-2
11,-58,-1
16,-55,7
20,-52,8
27,-43,9
27,-39,9
24,-41,7
23,-55,3
24,-60,2
30,-68,6
29,-68,12
33,-72,26
32,-78,26
22,-84,13
16,-83,6
16,-71,5
18,-71,3
20,-74,1
22,-75,2
19,-66,0
20,-58,-1
17,-55,-5
16,-54,-5
14,-51,-4
13,-48,-3
11,-47,-4
10,-48,-4
8,-48,-3
5,-47,-9
15,-63,-12
17,-70,-11
21,-70,-7
28,-84,6
24,-87,9
22,-79,5
36,-71,10
9,-60,-1
12,-62,-1
31,-54,-4
36,-52,-10
41,-54,-11
48,-54,0
26,-50,10
11,-46,43
19,-39,16
26,-41,5
30,-52,-8
35,-62,-10
46,-67,-11
42,-73,-14
34,-73,-10
24,-75,-4
23,-71,18
21,-70,4
26,-68,-1
16,-68,-3
16,-65,0
23,-51,-3
26,-47,-1
22,-41,-2
22,-40,-2
20,-46,-3
19,-52,-3
9,-59,-9
5,-58,-9
11,-69,-8
13,-76,-10
20,-73,-9
26,-71,-3
30,-65,9
29,-66,9
23,-61,4
16,-59,1
13,-66,2
12,-66,3
18,-54,5
17,-44,6
18,-41,6
19,-40,5
20,-45,4
23,-51,10
24,-53,12
24,-55,14
19,-57,15
15,-66,23
21,-70,20
15,-78,1
14,-79,-2
19,-74,3
25,-76,4
27,-83,-2
26,-82,-6
22,-76,-7
22,-72,-6
18,-57,-2
17,-52,-1
14,-49,1
12,-48,0
10,-48,-2
10,-48,-2
10,-45,-3
10,-43,-2
12,-50,2
11,-73,7
9,-82,-1
19,-79,-5
28,-81,4
52,-82,22
55,-67,23
22,-57,-8
-5,-64,-17
-10,-62,-7
4,-59,0
24,-50,11
28,-47,16
28,-42,13
28,-42,10
27,-47,13
22,-51,15
14,-54,11
20,-53,11
21,-57,15
26,-63,15
21,-67,12
17,-65,11
16,-68,10
22,-68,13
32,-88,16
29,-82,5
30,-78,7
24,-77,9
23,-70,6
19,-53,-1
17,-47,-3
17,-47,-1
16,-46,0
11,-47,-2
14,-49,-9
10,-54,-19
12,-55,-16
9,-62,4
9,-62,7
17,-66,-6
23,-65,-2
31,-62,8
35,-63,13
35,-73,16
23,-78,8
-5,-82,-6
3,-76,-3
32,-56,10
31,-40,11
25,-36,8
20,-32,4
20,-32,7
26,-38,10
31,-45,12
36,-53,6
36,-58,8
24,-77,11
18,-86,8
12,-91,1
18,-85,4
30,-71,10
33,-70,9
27,-75,4
20,-75,0
22,-74,-3
22,-70,-4
23,-55,-6
22,-50,-3
14,-46,-3
10,-46,-2
9,-44,-3
11,-47,-3
11,-53,-5
12,-55,-7
16,-60,-9
18,-68,-3
14,-73,2
16,-70,1
22,-63,5
25,-65,13
25,-73,15
26,-93,14
17,-91,3
4,-71,3
15,-56,12
28,-40,9
30,-38,7
19,-34,2
16,-31,2
18,-34,3
19,-40,5
21,-58,6
20,-63,5
21,-70,6
23,-79,10
30,-89,12
23,-78,7
29,-77,12
28,-83,22
16,-87,13
12,-78,2
13,-71,8
19,-57,7
20,-53,5
1,-46,-11
13,-43,-5
18,-38,3
20,-37,3
17,-37,0
16,-41,1
17,-50,-5
12,-54,-9
9,-65,-8
15,-80,-8
26,-87,-6
30,-95,2
40,-80,20
41,-63,28
22,-63,28
9,-64,8
-3,-58,5
-2,-51,12
10,-44,18
23,-33,18
18,-32,14
15,-36,4
19,-41,4
20,-56,9
24,-62,7
21,-62,5
22,-66,9
39,-69,21
33,-74,14
19,-94,7
11,-97,1
18,-66,6
26,-66,11
32,-63,17
34,-64,15
22,-68,2
16,-63,-3
14,-51,-2
16,-48,1
19,-47,0
22,-48,-9
28,-50,2
-8,-53,5
2,-52,3
15,-62,4
17,-67,7
15,-71,10
16,-70,8
12,-65,3
12,-58,10
14,-62,17
13,-66,12
17,-83,4
24,-78,8
32,-61,21
27,-50,16
19,-39,1
13,-39,-2
8,-42,-2
12,-45,3
26,-56,10
28,-65,15
30,-66,17
30,-66,21
29,-73,25
19,-87,14
10,-88,9
12,-82,3
21,-75,2
30,-77,2
26,-73,1
17,-70,0
14,-73,-3
15,-61,-5
14,-55,-3
16,-49,1
18,-46,-1
18,-42,-2
15,-41,-3
11,-43,-3
11,-48,-3
11,-52,-6
10,-57,-5
13,-71,-6
18,-70,-4
27,-70,1
27,-61,15
11,-81,18
13,-83,11
20,-84,8
20,-72,8
24,-65,12
20,-49,11
18,-44,11
21,-37,3
27,-34,3
23,-34,9
19,-36,11
22,-44,14
25,-48,17
28,-65,19
28,-76,18
23,-90,7
22,-94,3
26,-95,3
30,-81,6
27,-73,7
27,-72,8
23,-72,3
19,-68,-1
11,-55,-3
4,-46,-4
13,-42,3
16,-42,1
15,-45,-2
10,-48,-6
9,-49,-6
11,-57,-6
12,-64,-6
16,-76,-7
17,-77,-6
21,-74,0
24,-63,5
29,-59,13
26,-62,11
19,-68,4
14,-75,2
12,-73,4
18,-66,11
28,-49,15
28,-47,10
20,-45,10
18,-43,12
15,-42,9
20,-45,11
26,-57,24
17,-58,22
12,-65,19
8,-77,11
8,-80,2
13,-74,-5
19,-74,-4
33,-80,-4
34,-88,-8
28,-84,-11
28,-79,-11
20,-62,-3
16,-56,-4
14,-49,-6
10,-47,-8
5,-47,-11
4,-46,-11
6,-48,-8
7,-48,-9
8,-54,-11
9,-60,-15
18,-71,-9
26,-75,15
23,-74,8
28,-70,2
45,-70,11
30,-62,9
8,-62,-2
-14,-80,-8
-5,-79,1
15,-54,6
25,-46,3
34,-39,3
33,-38,4
24,-38,-2
20,-37,-2
22,-44,3
22,-46,8
4,-58,15
-4,-64,20
25,-88,18
27,-99,11
20,-85,2
19,-81,4
17,-74,8
15,-79,1
32,-79,2
31,-76,2
28,-67,2
39,-62,2
2,-52,-11
-7,-50,-9
3,-45,-2
8,-39,-3
6,-41,-2
7,-50,-4
6,-52,-7
20,-61,-3
23,-66,2
17,-76,0
17,-79,-1
19,-75,3
19,-80,10
47,-77,29
31,-67,16
20,-71,28
28,-68,34
35,-53,27
26,-45,17
17,-34,10
15,-32,12
10,-29,4
11,-30,3
19,-38,9
19,-42,12
21,-55,17
25,-70,24
23,-77,26
17,-94,14
16,-91,11
20,-86,16
21,-73,17
30,-69,16
29,-69,13
25,-67,6
23,-64,3
19,-54,3
18,-50,4
16,-45,4
16,-44,3
16,-44,1
17,-46,1
22,-56,1
12,-61,-4
8,-65,-4
11,-69,-2
12,-73,-3
16,-71,-1
24,-61,11
18,-62,19
13,-63,19
10,-64,13
14,-71,14
18,-76,12
22,-73,14
24,-54,17
22,-48,13
20,-43,11
20,-41,10
16,-39,10
16,-41,12
10,-52,23
10,-56,26
18,-64,20
24,-68,19
18,-79,10
20,-86,9
23,-87,11
22,-72,7
21,-71,3
23,-73,4
27,-72,10
25,-71,7
18,-60,0
15,-51,2
15,-49,3
15,-46,1
14,-44,1
12,-45,-1
10,-47,-2
10,-55,-2
11,-57,-2
12,-58,-3
13,-65,-5
15,-74,-6
20,-70,-1
34,-56,21
35,-58,26
17,-72,11
8,-85,1
2,-89,7
13,-76,18
26,-50,23
25,-42,18
16,-34,13
11,-37,11
12,-39,9
16,-43,8
18,-46,9
25,-54,13
27,-56,17
29,-68,23
26,-82,21
18,-88,7
17,-87,6
27,-70,18
27,-72,15
24,-75,5
23,-75,6
19,-70,9
19,-64,6
16,-57,3
16,-57,4
16,-54,2
15,-51,2
12,-47,2
11,-47,2
9,-47,2
7,-49,0
10,-62,-5
11,-63,-7
15,-60,6
20,-65,9
22,-68,11
26,-72,16
21,-76,14
17,-86,13
20,-82,11
27,-67,12
27,-59,14
25,-47,10
23,-43,9
21,-43,7
21,-45,7
24,-51,10
25,-61,14
23,-59,17
25,-61,21
26,-67,27
22,-76,24
10,-81,8
2,-83,4
13,-76,2
18,-70,1
27,-68,3
30,-76,4
23,-73,2
1,-56,-4
2,-51,-2
15,-49,4
17,-48,3
17,-53,-1
11,-56,-4
8,-60,-7
9,-57,-7
14,-55,-3
15,-57,-1
12,-67,-4
13,-65,-5
20,-59,1
23,-69,4
30,-72,9
33,-66,14
24,-66,17
10,-65,3
5,-63,-2
8,-58,2
25,-54,10
27,-51,10
25,-44,12
24,-44,15
27,-48,20
26,-51,22
25,-56,22
19,-65,23
19,-74,22
15,-78,12
14,-81,8
16,-77,3
18,-73,2
24,-74,0
23,-80,-4
18,-79,-10
18,-77,-9
20,-69,-5
19,-62,-5
16,-55,-5
16,-54,-3
13,-57,-3
10,-57,-5
7,-55,-4
6,-50,-2
9,-44,0
8,-45,-1
6,-54,-7
9,-62,-11
14,-65,-8
28,-86,7
35,-105,8
35,-93,3
31,-85,3
25,-74,8
15,-67,3
14,-51,-5
19,-45,-4
32,-35,-1
36,-32,0
39,-38,7
39,-44,10
33,-58,14
29,-63,13
21,-69,19
18,-75,19
15,-97,10
15,-93,12
21,-71,14
19,-72,10
20,-91,1
9,-80,2
17,-76,8
23,-67,11
21,-63,9
20,-54,5
15,-49,2
12,-41,1
11,-40,3
8,-40,1
7,-42,-1
7,-49,-5
7,-58,-6
9,-70,-16
13,-66,-16
29,-70,-1
37,-72,12
46,-96,20
37,-90,7
23,-59,3
15,-58,9
3,-63,5
8,-66,2
21,-58,2
28,-51,6
30,-40,10
24,-38,8
24,-38,9
25,-47,15
25,-53,15
24,-60,12
24,-68,14
28,-81,18
29,-81,14
27,-77,11
27,-74,11
30,-70,6
31,-77,5
33,-85,2
26,-86,-4
15,-72,-9
15,-65,-5
7,-57,-6
15,-53,-4
16,-51,-3
16,-49,-4
10,-48,-8
10,-48,-8
9,-52,-8
9,-59,-9
11,-62,-9
16,-67,-6
20,-70,-3
25,-71,3
31,-69,12
41,-72,27
35,-77,18
2,-75,-10
-4,-69,-6
10,-58,16
27,-51,14
32,-43,7
30,-43,5
22,-42,3
19,-43,2
24,-48,8
25,-49,11
27,-53,13
27,-62,15
21,-88,13
16,-97,6
21,-100,3
23,-83,5
23,-64,4
16,-68,-2
11,-66,-8
9,-56,-10
11,-56,-2
-8,-57,-18
-6,-53,-21
15,-45,-15
34,-43,-10
24,-48,-13
7,-43,-18
5,-46,-10
7,-52,-5
19,-72,7
20,-78,4
16,-85,21
17,-84,35
13,-91,3
4,-59,-3
15,-56,2
7,-65,-7
4,-60,-25
14,-60,-21
25,-53,-2
29,-47,5
27,-44,5
29,-44,7
25,-45,5
18,-49,4
15,-49,2
18,-56,0
24,-63,6
31,-74,10
27,-84,4
13,-87,-3
13,-87,-3
21,-70,6
23,-72,4
19,-76,-1
16,-78,-4
18,-75,-4
11,-68,0
-7,-61,-11
9,-53,-3
7,-48,-7
15,-44,-5
13,-44,-3
10,-44,-5
9,-48,-7
7,-54,-9
9,-60,-11
16,-64,-11
18,-64,-8
26,-68,6
27,-68,10
33,-75,11
32,-73,9
28,-69,6
17,-74,4
3,-75,9
6,-66,11
20,-49,11
23,-44,11
25,-39,12
25,-38,12
26,-44,12
21,-49,15
15,-56,17
18,-60,16
21,-72,17
23,-75,16
23,-78,10
17,-77,6
19,-75,6
27,-71,8
28,-70,5
29,-76,4
27,-79,2
23,-68,-2
21,-60,-3
16,-51,-3
15,-49,-2
14,-51,-6
13,-50,-6
13,-48,-6
15,-48,-5
19,-53,-1
32,-55,1
7,-57,-7
7,-63,-5
9,-65,-2
15,-65,1
20,-69,10
22,-79,14
28,-78,22
30,-75,24
6,-82,5
3,-74,13
7,-61,16
29,-44,12
37,-40,11
24,-32,3
25,-34,0
17,-41,-4
17,-50,-3
21,-59,2
26,-61,6
28,-60,15
28,-65,18
23,-76,15
17,-80,9
10,-73,1
14,-74,5
28,-76,12
32,-77,11
33,-68,9
30,-67,9
22,-65,1
18,-60,-3
11,-51,-4
15,-49,-1
17,-49,2
11,-54,-3
11,-56,-4
12,-56,-6
13,-56,-6
13,-63,-6
12,-67,-6
16,-70,-5
19,-65,-3
19,-61,7
19,-63,10
16,-64,7
14,-62,9
15,-80,16
16,-87,12
20,-75,8
21,-66,12
24,-49,15
24,-45,11
23,-45,7
24,-46,8
25,-49,13
26,-55,17
22,-65,16
19,-68,16
19,-67,19
14,-77,12
13,-78,2
12,-75,-9
17,-70,-7
25,-72,-2
26,-73,-1
27,-71,-1
27,-70,-1
20,-59,-4
19,-52,-3
15,-46,0
14,-45,1
11,-49,-1
9,-53,-3
9,-57,-3
11,-60,-3
14,-62,-2
16,-65,-1
17,-76,0
16,-77,-1
18,-67,0
20,-63,4
23,-62,9
15,-59,8
10,-63,4
15,-71,-3
22,-66,-4
26,-54,2
27,-52,6
27,-47,7
27,-46,6
25,-47,4
24,-50,4
25,-53,8
26,-53,11
27,-56,15
28,-58,16
24,-65,13
22,-73,10
16,-91,4
15,-91,2
19,-81,2
20,-83,2
27,-77,3
29,-71,3
25,-59,-1
19,-52,-2
16,-45,-2
15,-46,-3
15,-46,-4
14,-51,-5
12,-57,-6
11,-60,-8
12,-59,-8
14,-64,-5
14,-68,-5
13,-70,-6
14,-70,-2
24,-61,12
23,-61,18
19,-71,19
17,-76,17
17,-77,16
22,-68,25
15,-54,17
14,-50,14
17,-44,8
14,-42,3
18,-42,-2
24,-45,1
41,-47,19
39,-48,15
28,-49,9
17,-59,11
13,-69,11
15,-84,8
18,-82,6
26,-74,12
31,-73,11
35,-76,7
37,-75,8
28,-73,4
24,-71,1
18,-61,-2
17,-61,0
12,-60,-4
13,-63,-4
9,-56,-1
8,-56,-1
14,-50,-5
16,-46,-6
13,-39,-3
11,-38,-4
5,-49,-12
6,-51,-13
17,-56,-8
40,-75,18
47,-79,25
36,-87,8
20,-88,1
12,-85,5
17,-75,10
22,-54,9
25,-46,6
26,-38,4
25,-35,6
20,-32,3
23,-35,3
28,-44,8
27,-48,8
25,-61,6
23,-73,6
17,-89,2
17,-96,1
26,-74,8
30,-70,13
34,-73,14
34,-77,10
30,-81,1
21,-75,0
17,-61,0
17,-44,5
16,-44,4
15,-46,0
13,-48,-5
11,-49,-9
11,-49,-8
11,-49,-11
12,-51,-12
13,-61,-11
15,-73,-11
17,-78,-10
20,-81,-6
26,-71,3
28,-60,10
32,-57,19
25,-53,16
9,-61,7
4,-68,4
12,-63,6
17,-54,6
28,-45,7
30,-44,7
29,-47,6
21,-57,3
19,-59,2
22,-62,6
26,-59,12
28,-57,19
26,-57,19
16,-66,10
13,-70,5
9,-75,-1
17,-82,0
28,-78,1
35,-73,2
40,-71,10
39,-72,8
29,-73,-3
20,-65,-6
9,-49,-4
10,-46,-1
14,-45,-1
15,-46,-2
14,-49,-5
12,-52,-6
9,-61,-8
9,-63,-10
12,-68,-9
13,-69,-6
17,-68,-2
24,-57,6
26,-51,11
30,-75,19
28,-84,18
12,-84,0
4,-71,-5
9,-60,7
16,-54,13
27,-43,10
30,-42,11
23,-42,8
22,-45,9
23,-53,11
26,-52,13
22,-51,13
22,-53,13
24,-60,14
24,-68,13
19,-89,2
17,-90,-4
25,-71,1
30,-71,8
30,-84,3
25,-80,-5
22,-77,-4
17,-61,-2
18,-53,-1
20,-48,2
18,-47,3
16,-50,11
9,-49,4
0,-48,-11
2,-52,-12
9,-56,-12
16,-62,-10
26,-69,2
29,-63,12
32,-68,25
32,-69,22
24,-78,3
19,-75,3
16,-84,12
15,-85,10
18,-70,7
17,-63,9
21,-49,6
25,-40,2
26,-37,3
25,-36,3
24,-38,2
26,-46,5
27,-51,7
29,-57,10
28,-59,13
26,-70,19
21,-80,15
12,-86,2
13,-81,4
26,-75,13
32,-79,14
30,-80,5
26,-78,2
15,-70,-2
13,-64,-4
12,-57,-5
14,-52,-3
16,-49,-2
15,-46,-2
13,-41,-3
12,-46,-2
9,-60,-5
9,-68,-7
11,-68,-6
15,-72,-1
18,-74,1
25,-60,8
27,-61,14
30,-78,21
26,-83,16
8,-75,-4
-1,-65,-5
-1,-54,4
7,-49,4
28,-42,3
30,-40,3
30,-39,2
27,-40,1
32,-50,7
35,-54,11
36,-61,15
33,-70,16
23,-78,17
20,-84,13
18,-88,10
20,-75,8
22,-73,10
32,-74,9
48,-72,9
42,-86,6
27,-90,0
-35,-57,-27
17,-56,5
22,-46,8
23,-45,5
9,-38,4
5,-37,1
15,-42,3
17,-43,3
14,-49,2
13,-58,0
12,-68,-5
16,-73,-4
23,-72,3
26,-70,10
34,-74,20
31,-75,22
21,-87,4
10,-74,-11
4,-67,-1
19,-50,10
24,-45,8
31,-40,8
30,-41,9
27,-46,10
26,-49,11
26,-52,13
25,-51,13
21,-63,16
20,-73,15
16,-98,3
15,-96,-2
19,-78,0
22,-73,5
29,-71,8
29,-69,5
22,-67,-1
16,-64,-4
11,-58,-6
11,-55,-5
13,-52,-2
14,-54,-2
13,-59,-1
13,-59,-1
11,-58,-1
9,-55,-1
9,-54,-1
9,-59,-5
9,-64,-7
16,-72,-10
19,-70,-9
25,-72,-2
26,-75,4
27,-82,7
24,-77,2
20,-67,4
18,-58,8
17,-46,11
19,-45,11
25,-47,14
27,-49,16
30,-48,23
33,-50,28
28,-51,23
19,-56,13
6,-86,-11
4,-102,-20
21,-89,-11
35,-76,8
36,-72,9
23,-74,-5
27,-73,-1
-34,-67,-4
-14,-60,-7
14,-56,-2
23,-59,-4
25,-54,-7
23,-51,-8
12,-51,-10
8,-48,-8
6,-47,-3
6,-49,-3
10,-58,-5
12,-66,-7
14,-78,-13
18,-83,-11
27,-81,0
28,-83,3
33,-77,9
24,-74,4
3,-74,-11
-7,-64,-7
23,-47,11
18,-34,6
23,-31,8
21,-29,8
22,-34,10
25,-51,16
27,-64,18
24,-70,16
21,-68,16
17,-67,19
18,-70,19
21,-74,15
22,-72,14
23,-74,11
21,-81,5
20,-100,-7
19,-94,-9
18,-78,-2
19,-67,2
20,-49,3
19,-45,2
15,-44,0
12,-45,-2
9,-44,-4
9,-50,-4
8,-49,-4
13,-54,-2
16,-72,-1
16,-77,0
18,-68,4
20,-67,12
23,-65,15
25,-86,4
26,-91,-4
35,-75,0
35,-68,7
24,-57,9
21,-51,5
23,-40,-3
21,-37,-6
23,-33,-4
24,-33,-2
26,-42,1
29,-49,3
33,-59,9
33,-60,9
29,-64,14
26,-77,15
21,-89,9
22,-87,10
24,-77,11
24,-87,5
23,-84,5
24,-76,9
23,-71,14
9,-65,4
-19,-49,-4
10,-45,6
5,-41,0
22,-39,2
21,-42,0
16,-50,-4
13,-55,-5
11,-63,-8
12,-65,-7
16,-71,-2
19,-70,3
24,-72,9
24,-70,12
21,-76,10
18,-74,9
9,-72,9
5,-67,8
10,-63,10
14,-48,7
17,-43,10
20,-33,9
24,-33,7
23,-36,6
25,-40,5
24,-48,4
28,-54,6
25,-62,8
24,-70,8
22,-83,5
25,-88,6
31,-84,12
35,-81,15
33,-71,15
31,-74,13
28,-75,10
25,-77,7
19,-71,1
16,-63,-1
17,-55,1
17,-57,1
16,-55,-2
16,-54,-2
15,-57,-2
13,-55,-4
12,-55,-4
10,-63,-2
11,-67,-2
12,-63,0
15,-60,4
18,-60,12
20,-66,14
21,-71,15
21,-77,16
14,-91,6
11,-85,-1
14,-62,1
18,-54,6
25,-48,2
27,-46,0
28,-45,-1
28,-46,0
30,-48,7
30,-50,10
33,-54,15
34,-59,18
30,-72,17
25,-89,12
22,-84,10
25,-72,12
26,-72,11
25,-86,5
24,-92,2
20,-81,-1
18,-71,-2
18,-57,0
19,-55,1
18,-55,-1
16,-53,-2
11,-54,-4
9,-56,-5
7,-62,-7
7,-65,-8
8,-59,-9
9,-60,-8
17,-55,1
20,-53,6
24,-68,16
26,-71,19
21,-75,16
12,-88,7
9,-86,5
12,-74,14
16,-65,15
22,-51,7
24,-49,4
28,-47,3
32,-48,4
37,-47,10
37,-48,13
34,-54,15
31,-60,15
22,-72,11
21,-75,8
24,-79,9
27,-74,13
33,-61,17
31,-62,13
26,-88,3
24,-98,-2
19,-93,-8
17,-85,-8
17,-64,-1
19,-57,0
23,-48,2
19,-46,1
15,-46,2
9,-50,0
6,-55,-2
4,-66,-7
4,-69,-8
9,-60,-7
14,-55,-1
23,-55,13
24,-56,16
25,-65,16
24,-72,17
25,-103,17
22,-105,14
8,-72,1
1,-60,-3
12,-63,-2
22,-63,-4
37,-60,-8
36,-53,-7
32,-48,-4
36,-50,2
39,-50,3
40,-58,3
39,-67,5
33,-80,7
29,-87,9
31,-82,14
29,-78,10
21,-82,1
22,-89,2
22,-99,1
20,-94,-2
34,-84,5
10,-83,-3
11,-50,2
2,-47,-1
18,-37,5
15,-38,1
8,-39,-4
6,-45,-5
6,-58,-7
8,-61,-9
12,-65,-8
14,-67,-4
23,-78,1
25,-82,0
28,-87,1
32,-81,14
30,-77,14
20,-71,-1
24,-71,-2
42,-52,26
31,-46,24
2,-47,11
19,-48,13
43,-40,16
50,-43,18
42,-49,16
37,-54,15
31,-72,11
30,-78,8
27,-94,-1
24,-90,-4
23,-83,-4
24,-73,-4
18,-77,-9
15,-80,-11
8,-83,-20
11,-77,-18
15,-59,-12
18,-45,-5
18,-42,-1
17,-40,1
15,-38,0
10,-43,-2
9,-47,-1
7,-57,-2
6,-59,-4
8,-66,-4
12,-71,-4
21,-79,-4
26,-76,3
35,-87,12
42,-86,16
48,-70,15
19,-66,0
-19,-63,-9
-3,-62,-2
28,-53,2
35,-49,2
33,-41,3
30,-38,2
22,-37,1
20,-39,3
25,-49,9
24,-52,11
14,-60,16
28,-77,16
26,-87,13
19,-94,5
16,-92,2
22,-76,1
22,-75,-1
29,-70,6
33,-68,9
31,-64,3
25,-59,2
5,-49,-5
2,-45,-5
10,-49,-4
18,-46,-2
15,-49,-4
15,-53,-4
10,-60,-9
9,-62,-10
12,-71,-8
15,-75,-7
17,-74,-3
18,-75,-1
19,-69,2
22,-64,10
20,-65,12
9,-66,2
9,-61,-2
15,-52,0
18,-49,0
27,-43,4
25,-44,2
33,-49,7
35,-52,9
35,-57,11
35,-58,13
30,-58,17
27,-61,20
23,-71,21
19,-73,16
13,-85,5
13,-85,2
18,-75,0
23,-74,4
27,-83,1
26,-82,-4
21,-75,-7
18,-67,-2
18,-63,-3
17,-56,-3
15,-54,-4
12,-49,-4
11,-44,-4
10,-44,-2
11,-49,-1
11,-58,-2
12,-64,0
13,-78,1
12,-79,-1
15,-66,-4
21,-64,1
27,-56,14
26,-59,17
14,-79,-2
8,-90,-11
11,-83,-9
20,-75,-1
27,-54,5
31,-52,3
30,-48,-4
27,-45,-5
19,-39,-5
19,-39,-4
22,-42,-2
28,-51,8
30,-55,10
31,-63,13
30,-68,16
27,-75,14
23,-87,8
23,-104,5
23,-87,4
22,-71,7
27,-67,17
27,-58,19
19,-59,18
0,-57,19
-20,-60,-7
21,-54,-1
27,-60,-2
24,-54,-6
23,-56,-6
11,-60,-10
9,-58,-10
10,-60,-6
11,-67,-4
12,-65,-3
12,-67,-2
14,-63,-2
21,-65,1
22,-68,6
24,-76,13
19,-79,9
3,-69,-8
1,-65,-9
15,-54,2
23,-51,3
30,-42,3
27,-39,3
24,-39,3
24,-42,6
27,-51,12
26,-55,10
24,-62,11
24,-68,15
23,-75,15
24,-79,12
23,-85,6
24,-80,5
24,-63,5
24,-68,3
24,-80,-3
17,-85,-9
12,-81,-13
9,-64,-11
13,-58,-5
12,-55,-7
11,-49,-6
9,-49,-3
9,-51,-2
12,-55,-1
11,-56,-1
9,-60,0
9,-61,0
13,-62,0
18,-67,-1
35,-77,-4
50,-73,-2
61,-61,16
53,-61,18
44,-64,11
51,-58,13
85,-43,28
68,-39,28
52,-39,26
34,-38,26
20,-36,26
10,-33,30
6,-32,31
2,-31,36
1,-29,39
14,-38,58
19,-39,59
21,-42,61
23,-38,65
19,-36,56
19,-32,58
20,-26,58
19,-24,56
12,-22,53
9,-18,52
5,-20,49
2,-17,43
-2,-10,40
0,-14,40
2,-10,46
0,-16,46
-1,-7,45
10,-18,62
6,-22,68
0,-20,66
5,-30,68
2,-36,77
3,-42,69
19,-52,71
13,-40,69
6,-40,54
8,-40,59
18,-34,63
15,-24,62
12,-9,61
8,-5,57
2,-49,39
-7,-11,32
-5,-17,17
-5,-9,16
11,-13,39
19,-16,57
17,-23,71
13,-27,69
14,-33,64
22,-35,65
29,-34,69
23,-32,68
27,-33,64
28,-34,53
19,-34,48
7,-34,40
8,-36,39
17,-44,45
15,-43,43
8,-39,33
6,-38,33
7,-41,35
12,-40,32
19,-46,28
17,-50,28
19,-59,28
20,-63,25
12,-69,13
17,-73,14
28,-79,14
40,-84,18
31,-81,8
30,-77,7
27,-75,2
35,-54,7
37,-46,9
25,-39,4
23,-36,4
24,-35,5
25,-36,6
30,-45,11
31,-48,12
40,-55,19
30,-67,14
16,-125,-6
15,-123,-8
19,-89,6
24,-91,11
32,-91,11
39,-95,37
-61,-65,-19
-47,-44,-19
28,-47,20
30,-50,14
25,-47,-4
23,-48,-4
4,-51,-9
1,-50,-11
13,-55,-5
15,-61,-4
15,-66,-4
17,-78,-4
23,-81,-2
32,-66,17
38,-70,28
26,-73,18
12,-69,-6
4,-68,4
3,-50,11
30,-41,13
22,-38,7
26,-38,8
23,-38,6
23,-40,8
26,-46,12
29,-61,17
29,-68,17
22,-81,11
18,-97,5
24,-102,3
24,-85,2
24,-82,2
25,-79,2
25,-69,0
21,-55,15
-30,-62,-23
19,-34,6
10,-40,2
21,-42,-6
25,-46,-6
24,-54,-5
17,-57,-7
11,-62,-5
7,-74,-9
6,-80,-13
12,-81,-12
23,-76,-1
24,-73,3
24,-67,9
20,-66,8
15,-65,-1
4,-58,-8
22,-40,16
11,-30,10
24,-31,7
20,-34,3
25,-44,7
26,-58,9
26,-62,9
27,-69,15
26,-74,16
21,-92,6
22,-100,1
25,-72,6
27,-75,8
29,-91,4
27,-91,-2
14,-79,-10
9,-70,-6
6,-52,-7
10,-45,2
13,-42,0
14,-41,-2
15,-45,-1
12,-49,-2
9,-58,-5
6,-63,-7
6,-66,-9
7,-71,-10
15,-73,-9
20,-65,-5
27,-72,6
27,-87,9
21,-86,-2
12,-70,-11
15,-66,-1
18,-50,14
26,-47,12
20,-42,4
23,-38,7
24,-38,12
25,-43,15
27,-51,19
27,-61,18
21,-83,6
22,-100,1
26,-107,-1
26,-88,3
24,-74,10
26,-80,7
30,-84,-4
24,-78,-9
10,-54,-11
12,-41,0
15,-40,1
15,-39,-5
13,-39,-8
10,-44,-8
10,-54,-7
9,-66,-14
8,-68,-15
10,-84,-13
10,-87,-11
23,-94,-8
28,-81,1
34,-79,20
22,-72,12
4,-55,-2
-5,-49,-4
25,-40,30
25,-33,25
21,-29,14
18,-28,7
30,-38,9
28,-42,8
25,-58,7
25,-64,10
31,-77,16
31,-88,10
34,-96,1
31,-86,3
28,-92,0
18,-94,-10
15,-85,-9
15,-58,0
17,-46,2
22,-37,4
22,-34,3
16,-38,-3
12,-49,-6
8,-63,-8
10,-72,-8
12,-77,-8
13,-75,-5
15,-79,0
15,-77,2
13,-66,-3
11,-67,-6
12,-76,-2
15,-83,-1
20,-77,-2
19,-68,-2
31,-45,17
34,-35,17
27,-32,11
23,-36,11
22,-46,14
19,-59,19
18,-64,17
17,-73,9
17,-78,3
23,-90,-7
32,-81,-3
40,-81,8
41,-97,9
29,-103,-13
22,-97,-14
10,-72,-10
12,-56,-4
18,-43,2
19,-40,2
16,-36,1
13,-34,0
11,-40,1
12,-53,3
6,-76,-5
1,-79,-11
6,-88,-8
13,-34,0
11,-40,1
12,-53,3
6,-76,-5
1,-79,-11
6,-88,-8
20,-87,4
28,-88,12
27,-93,16
21,-94,9
17,-72,-4
14,-60,-1
22,-46,14
18,-34,10
26,-36,5
27,-37,5
33,-46,8
35,-53,9
36,-66,10
38,-71,11
35,-80,13
30,-89,10
22,-94,3
20,-93,2
23,-94,1
23,-92,-1
21,-85,-6
18,-75,-8
14,-48,-4
14,-40,-1
16,-36,1
15,-41,2
15,-45,2
10,-50,-4
7,-55,-8
2,-61,-11
5,-65,-10
14,-72,-6
21,-83,-1
26,-78,4
26,-79,4
25,-86,8
21,-86,8
13,-76,-3
21,-70,6
15,-37,9
28,-35,12
24,-30,8
26,-34,9
25,-47,9
26,-57,8
28,-71,11
28,-75,12
24,-83,9
27,-98,4
26,-86,3
23,-88,1
23,-91,-1
19,-86,-8
16,-76,-9
13,-51,-4
16,-43,0
17,-35,3
17,-34,2
15,-40,0
13,-44,-1
9,-61,-3
6,-69,-8
3,-73,-11
7,-74,-10
13,-75,-6
18,-77,-4
26,-66,6
28,-72,10
25,-83,11
17,-82,1
9,-67,-6
12,-58,1
21,-41,13
23,-32,9
23,-32,8
23,-43,9
25,-52,11
26,-67,12
27,-68,14
28,-68,19
28,-74,17
26,-94,8
24,-85,6
27,-81,7
30,-88,8
28,-99,-4
22,-93,-10
11,-66,-9
10,-52,-5
16,-40,1
18,-38,2
19,-37,0
17,-39,-1
13,-54,0
10,-63,-3
4,-73,-14
6,-76,-13
8,-76,-12
21,-69,-3
27,-67,3
29,-77,10
28,-84,12
15,-84,-3
8,-73,-9
11,-56,4
17,-48,12
20,-36,13
30,-34,13
20,-37,7
23,-42,10
24,-56,13
26,-61,15
32,-66,22
31,-69,22
26,-87,10
25,-99,6
21,-88,-2
21,-87,-3
23,-88,-1
24,-91,-5
19,-88,-15
14,-72,-16
15,-47,-3
17,-43,2
17,-42,0
12,-46,-7
8,-45,-8
6,-50,-4
5,-51,-3
6,-57,-4
9,-57,-2
12,-69,-1
16,-75,-1
23,-79,1
26,-80,5
27,-99,11
20,-102,1
15,-77,-12
16,-60,-2
20,-37,15
20,-33,10
22,-33,7
23,-35,9
18,-49,9
18,-52,12
18,-65,14
22,-78,17
20,-73,12
21,-81,10
22,-84,10
20,-78,-2
24,-80,-3
27,-88,-4
26,-87,-9
18,-61,-12
15,-51,-8
19,-39,3
19,-42,3
18,-48,2
16,-45,1
13,-49,5
9,-62,4
2,-76,-14
4,-72,-16
12,-71,-10
19,-70,-1
31,-76,13
30,-67,15
24,-70,9
18,-81,1
14,-79,-5
10,-57,-5
13,-46,3
18,-32,10
21,-30,8
23,-35,5
27,-41,9
25,-47,14
26,-50,16
38,-75,29
36,-87,24
19,-95,2
20,-98,-2
28,-78,6
30,-80,9
31,-98,9
24,-99,0
14,-84,-9
12,-70,-6
16,-49,2
18,-44,4
17,-40,4
14,-42,4
12,-45,2
6,-49,-1
4,-52,-3
1,-58,-9
3,-60,-11
10,-74,-17
16,-75,-16
29,-75,-2
34,-83,10
42,-108,18
33,-101,-1
16,-70,-13
10,-60,0
10,-42,16
12,-36,13
18,-33,11
21,-34,11
25,-43,11
26,-49,12
25,-61,12
26,-72,13
24,-79,10
27,-84,14
37,-96,23
29,-79,14
21,-87,5
9,-101,-15
9,-94,-17
13,-71,-7
18,-59,0
22,-44,6
22,-42,6
15,-43,-2
14,-45,-4
9,-59,-3
5,-63,-6
2,-53,-7
4,-52,-3
7,-58,0
10,-58,0
18,-67,1
23,-67,0
39,-90,5
40,-109,7
27,-96,4
23,-86,7
21,-59,19
19,-43,17
31,-22,18
28,-18,16
26,-29,15
26,-52,10
25,-61,7
26,-81,6
27,-78,11
30,-93,20
35,-100,19
35,-90,14
26,-91,7
13,-86,1
11,-81,2
13,-61,7
14,-52,10
15,-36,13
15,-31,12
14,-25,9
12,-29,8
8,-41,5
7,-51,3
5,-67,-4
4,-69,-6
9,-77,-5
14,-78,-2
22,-80,3
25,-80,7
27,-91,8
19,-108,-3
12,-95,-12
11,-69,-3
15,-55,6
20,-34,-6
24,-30,-8
35,-29,-1
34,-27,0
32,-33,8
32,-41,14
33,-64,19
33,-80,19
22,-90,14
20,-102,13
26,-100,15
26,-83,16
23,-94,10
18,-100,3
19,-89,-7
19,-69,-7
13,-55,-2
9,-46,-2
11,-36,3
9,-32,0
9,-35,1
6,-42,-1
6,-46,0
4,-64,-6
2,-67,-11
6,-66,-14
10,-66,-11
24,-71,2
30,-74,9
41,-97,20
53,-108,20
21,-91,-19
12,-84,-16
8,-61,14
16,-46,15
29,-30,9
35,-29,13
25,-27,11
23,-27,10
19,-35,12
21,-45,13
28,-71,18
26,-83,12
26,-95,10
30,-91,13
30,-86,12
20,-102,-4
15,-98,-10
14,-83,-10
17,-69,-4
22,-45,5
20,-37,3
14,-33,-4
12,-35,-5
11,-46,-3
9,-53,-3
6,-66,-6
5,-68,-7
9,-67,-5
11,-68,-2
16,-70,3
18,-66,1
19,-67,3
21,-75,10
19,-103,6
11,-100,-15
25,-85,3
35,-43,23
33,-36,22
24,-23,10
24,-24,8
24,-39,3
26,-51,2
30,-76,-1
33,-79,1
30,-77,12
28,-89,13
28,-97,3
30,-94,1
29,-97,1
23,-93,-2
14,-84,-10
10,-73,-12
11,-45,-4
15,-41,3
15,-36,6
14,-39,3
5,-48,-11
1,-43,-13
4,-52,-8
6,-59,-7
13,-76,-7
15,-76,-3
15,-77,-3
18,-75,2
21,-80,7
23,-96,6
20,-93,0
16,-79,-3
30,-73,13
18,-40,8
28,-37,8
25,-31,6
24,-36,7
23,-46,9
28,-52,11
38,-62,17
38,-66,17
27,-90,3
23,-104,-3
16,-90,-5
19,-92,-2
23,-97,-2
23,-99,-5
17,-83,-15
12,-60,-9
15,-52,-4
14,-49,-14
12,-47,-18
26,-44,-24
20,-33,-28
3,-26,-16
0,-34,-9
0,-61,1
5,-73,4
13,-82,10
17,-82,18
18,-81,23
24,-86,25
31,-112,-8
26,-116,-37
79,-82,7
59,-46,18
35,-37,0
32,-22,0
28,-20,-1
24,-17,-5
20,-28,-7
20,-38,-4
27,-64,4
35,-83,10
35,-85,12
25,-101,-4
29,-89,-1
28,-76,7
16,-88,-3
12,-101,-23
23,-93,-21
48,-70,-14
39,-72,-8
-95,-46,-57
-12,-34,-11
-56,-54,-26
16,-30,7
1,-38,1
7,-40,-3
7,-64,-7
5,-70,-7
6,-79,-10
9,-86,-9
23,-91,-8
30,-80,1
32,-92,9
19,-82,-7
15,-77,-11
19,-62,-1
26,-46,3
17,-30,-3
13,-29,-4
19,-25,-3
22,-24,-1
27,-37,3
30,-47,6
37,-67,9
33,-74,8
10,-87,6
7,-93,7
16,-86,10
21,-84,9
27,-96,4
27,-93,-1
21,-75,-9
18,-64,-7
19,-44,0
19,-36,3
17,-33,1
17,-38,0
11,-46,-2
7,-56,-5
6,-69,-9
6,-69,-16
9,-63,-12
6,-64,4
8,-68,7
24,-75,-3
26,-81,-4
27,-98,9
14,-102,3
3,-72,-12
5,-62,-6
15,-43,14
16,-37,14
30,-31,10
22,-31,5
22,-38,10
24,-43,14
23,-55,15
20,-71,9
18,-78,5
18,-87,2
28,-106,4
34,-83,11
31,-87,10
14,-91,-5
10,-80,-6
6,-59,1
1,-56,1
13,-43,-1
18,-41,0
19,-44,-7
-2,-45,-16
-21,-39,-16
-17,-54,-7
-14,-67,-9
-6,-71,-15
8,-98,-7
8,-96,1
9,-89,5
18,-98,3
13,-83,6
6,-79,4
-5,-64,-4
-3,-56,-4
9,-36,5
19,-28,10
15,-21,9
16,-21,9
18,-28,11
27,-55,19
28,-65,19
19,-81,11
10,-79,7
10,-101,7
15,-110,6
15,-81,3
9,-89,-2
2,-84,-8
2,-81,-12
3,-64,-10
6,-51,-3
12,-34,5
13,-31,4
9,-31,6
9,-33,8
9,-49,11
6,-66,9
-3,-88,-11
-6,-84,-20
5,-72,-12
14,-79,-6
29,-82,1
25,-83,-11
22,-73,-11
17,-66,4
18,-65,10
21,-47,6
20,-36,5
13,-24,5
11,-22,4
11,-24,5
13,-33,9
23,-55,16
25,-65,19
27,-87,20
22,-91,16
16,-97,10
19,-95,9
26,-72,10
30,-79,13
24,-92,-1
19,-82,-11
14,-65,-9
13,-56,-4
17,-46,2
19,-47,3
17,-48,2
13,-59,0
8,-65,-3
1,-70,-10
1,-71,-13
3,-64,-10
6,-65,-8
16,-59,-3
19,-55,-1
20,-77,-1
20,-92,-1
15,-88,-4
21,-85,-2
27,-63,6
42,-57,20
26,-36,9
28,-36,7
23,-36,5
25,-47,5
28,-58,6
31,-66,11
34,-80,16
31,-78,14
30,-96,12
33,-90,13
26,-72,9
23,-88,7
21,-97,0
15,-96,-13
13,-82,-13
16,-58,-4
20,-50,2
23,-47,5
20,-47,1
16,-46,-1
12,-50,-2
5,-57,-2
3,-60,-5
1,-59,-7
3,-60,-7
9,-60,-5
14,-59,-4
20,-49,-1
20,-58,2
24,-106,5
27,-128,-6
33,-106,-15
35,-83,3
27,-42,25
19,-36,7
19,-34,5
19,-36,7
20,-39,8
20,-49,12
21,-64,13
18,-75,11
17,-71,9
24,-88,11
29,-90,10
33,-71,12
32,-84,13
23,-106,-3
20,-94,-10
16,-71,-5
18,-59,3
24,-57,10
22,-66,8
9,-61,-4
4,-58,-6
4,-52,-1
4,-50,1
3,-42,1
2,-50,-7
3,-59,-15
14,-65,-15
19,-68,-10
28,-59,11
26,-72,18
27,-101,9
30,-109,-2
22,-95,7
17,-77,20
17,-43,28
20,-39,25
22,-36,21
25,-39,19
25,-39,11
24,-45,9
27,-60,8
28,-70,7
37,-79,14
37,-87,17
36,-88,12
30,-91,4
26,-111,-1
28,-108,-2
35,-83,1
32,-58,2
27,-49,2
23,-36,2
23,-33,1
19,-41,1
15,-51,-3
5,-55,-8
2,-63,-10
1,-70,-8
4,-73,-8
16,-70,1
21,-72,5
24,-68,8
24,-66,8
25,-71,16
23,-77,16
14,-90,-2
12,-84,-2
25,-79,13
31,-66,23
35,-43,14
30,-38,9
21,-45,2
28,-64,-13
39,-59,-16
51,-56,-1
52,-56,14
47,-74,14
48,-85,8
43,-76,8
39,-69,12
29,-95,1
22,-105,-10
13,-95,-13
15,-92,-8
23,-77,1
22,-59,0
20,-41,1
15,-45,-1
13,-48,-3
12,-52,-3
5,-68,-10
3,-67,-12
5,-67,-11
8,-60,-7
13,-56,2
15,-56,3
18,-52,2
18,-60,3
21,-85,4
22,-116,-2
24,-106,-4
31,-77,11
34,-64,18
41,-49,20
36,-43,19
20,-47,8
28,-54,13
42,-56,23
42,-59,22
35,-63,19
29,-63,17
23,-91,5
22,-99,1
20,-74,-3
22,-89,-1
28,-106,-4
32,-108,-8
25,-85,-16
21,-67,-9
20,-43,3
11,-44,-4
18,-36,-2
12,-48,-4
5,-54,-8
0,-60,-9
0,-68,-8
4,-70,-11
7,-69,-13
15,-69,-8
20,-66,-2
31,-57,10
34,-66,13
31,-84,11
25,-95,2
11,-85,-14
11,-71,-7
20,-51,18
22,-44,18
23,-39,8
25,-40,9
26,-45,12
27,-49,11
29,-62,15
31,-70,19
31,-75,20
28,-76,15
26,-80,10
24,-78,8
23,-80,6
15,-106,-10
13,-107,-15
18,-86,-9
34,-77,8
23,-60,-2
19,-52,-6
14,-41,-6
20,-41,-7
8,-40,-9
0,-38,-5
0,-43,4
4,-53,4
6,-65,-2
9,-76,-5
12,-74,0
14,-73,0
22,-72,3
28,-86,7
28,-103,7
22,-103,0
15,-79,-3
31,-49,18
35,-40,19
22,-33,11
16,-32,8
13,-31,1
17,-33,3
23,-53,11
24,-62,11
26,-80,15
28,-81,18
34,-85,27
36,-83,31
28,-73,19
28,-72,12
44,-84,1
44,-93,-8
34,-83,-11
27,-76,-8
20,-57,-6
20,-49,-6
16,-39,-5
13,-35,-5
9,-37,-5
5,-45,2
1,-50,3
-2,-53,-5
0,-58,-5
10,-64,-7
15,-68,-5
30,-70,2
36,-71,9
41,-107,29
34,-110,18
2,-86,5
23,-77,15
38,-56,11
40,-55,17
16,-38,15
9,-32,14
7,-25,15
10,-24,15
6,-24,17
7,-27,19
27,-45,15
27,-60,17
21,-105,20
27,-108,6
28,-91,-1
31,-89,9
43,-88,17
33,-83,6
24,-76,5
18,-50,5
18,-42,5
24,-35,8
19,-35,8
14,-40,2
14,-42,-1
13,-58,3
12,-68,4
2,-82,-13
2,-82,-19
15,-75,-12
22,-73,-5
27,-50,2
23,-51,4
24,-71,11
26,-83,13
17,-76,0
6,-65,-4
10,-48,8
16,-40,14
22,-36,9
23,-32,8
24,-31,12
20,-40,12
20,-51,8
29,-78,23
23,-83,26
15,-85,18
23,-94,18
37,-88,16
35,-83,15
23,-91,-5
24,-91,-11
26,-80,-10
25,-71,-5
20,-57,-4
17,-52,-4
12,-45,-3
11,-46,-1
11,-48,-1
10,-46,-2
8,-45,-4
7,-48,-1
3,-52,-5
11,-57,-4
14,-62,-1
22,-71,0
25,-73,3
18,-87,5
8,-97,-5
12,-112,-13
20,-94,-2
35,-59,29
37,-47,27
26,-35,8
18,-34,2
12,-34,0
16,-37,1
29,-48,6
34,-54,10
35,-66,15
32,-71,14
22,-85,4
21,-96,1
27,-81,3
30,-86,6
29,-104,1
22,-105,-6
14,-93,-9
16,-64,-3
18,-54,-1
14,-42,-1
11,-38,-2
5,-38,-5
0,-39,-7
-3,-50,-11
-2,-57,-14
4,-55,-16
9,-50,-13
20,-57,3
23,-64,7
33,-86,14
38,-105,12
25,-119,-9
16,-112,-16
11,-80,11
11,-66,25
20,-40,23
25,-32,18
25,-22,16
27,-20,13
27,-27,8
29,-36,10
36,-68,11
25,-94,-3
20,-96,-4
20,-104,-4
24,-93,-2
32,-87,-3
27,-93,-8
20,-88,-13
16,-78,-11
8,-71,23
-32,-39,-13
8,-44,0
4,-36,-4
27,-39,8
17,-41,0
11,-46,-5
5,-55,-6
-2,-65,-10
1,-67,-12
11,-73,-13
17,-81,-10
31,-80,1
35,-76,8
38,-83,15
33,-87,10
11,-80,-14
8,-59,-3
12,-49,8
19,-30,10
19,-27,8
20,-28,6
20,-31,6
23,-40,7
23,-47,7
28,-69,12
30,-77,15
31,-86,16
30,-95,12
26,-94,3
24,-98,0
24,-100,1
23,-90,1
21,-72,3
19,-60,4
19,-43,4
17,-38,4
16,-34,1
14,-35,-1
9,-42,-3
6,-63,-7
4,-69,-12
6,-67,-16
8,-65,-14
15,-72,-7
20,-68,-5
26,-64,2
27,-75,6
32,-102,8
23,-95,-4
11,-70,-9
14,-58,3
25,-34,12
27,-28,10
20,-26,4
17,-36,2
32,-55,10
37,-68,7
42,-78,-15
49,-84,-3
25,-74,26
26,-75,-1
44,-77,-21
-2,-64,-11
-12,-70,-6
16,-73,-12
16,-79,-22
0,-68,-37
-6,-59,-35
-4,-44,2
-13,-39,2
2,-30,-5
2,-31,-10
12,-36,-13
13,-42,-20
10,-60,-25
12,-71,-22
22,-79,-26
22,-84,-21
29,-82,-7
34,-74,-6
24,-64,4
4,-66,3
-21,-83,-2
-18,-83,-10
-5,-63,1
-15,-41,6
4,-36,3
14,-32,2
11,-27,-1
10,-34,-9
15,-43,-6
19,-64,3
38,-75,-1
34,-76,-4
22,-93,9
46,-81,-6
43,-95,-7
26,-75,-10
11,-71,-12
34,-76,2
27,-73,-15
41,-52,-3
15,-49,-6
10,-36,7
8,-31,4
18,-30,3
17,-33,4
6,-45,0
1,-55,-2
-2,-74,-7
4,-80,-7
10,-89,-4
24,-87,-2
29,-80,1
38,-82,15
30,-78,10
7,-79,-14
6,-73,-10
12,-48,8
17,-37,11
16,-28,8
19,-24,8
16,-27,7
15,-35,8
27,-55,15
32,-63,15
36,-72,19
32,-70,21
20,-80,16
24,-91,14
25,-92,8
24,-92,5
21,-93,-2
18,-89,-5
15,-67,-4
17,-44,3
20,-40,5
22,-37,4
21,-36,2
17,-39,1
13,-44,0
9,-66,0
5,-79,-7
4,-80,-14
9,-76,-13
22,-61,3
29,-59,12
25,-60,22
23,-75,19
11,-89,-11
9,-86,-16
18,-85,2
29,-70,22
32,-31,29
30,-28,24
18,-28,16
15,-31,11
17,-42,12
21,-52,12
25,-67,6
26,-79,2
27,-83,5
33,-98,12
34,-87,12
36,-72,15
34,-86,12
31,-89,6
24,-85,0
12,-63,-1
12,-53,3
15,-41,6
16,-38,5
16,-37,3
14,-39,2
11,-49,2
10,-54,2
9,-61,-4
8,-63,-6
9,-69,-7
11,-75,-9
19,-72,-3
25,-64,3
31,-72,16
27,-96,7
16,-89,-7
7,-68,-3
10,-60,10
22,-39,17
23,-34,12
20,-30,8
20,-34,10
23,-46,12
25,-52,12
28,-68,15
27,-75,16
31,-91,17
32,-88,18
27,-73,20
20,-64,14
13,-78,-4
16,-90,-7
22,-94,-9
23,-73,-7
18,-50,3
17,-46,6
19,-43,2
20,-40,0
18,-38,0
15,-41,1
14,-55,4
9,-72,1
6,-73,-2
2,-76,-5
5,-71,-4
16,-70,-1
23,-71,2
29,-91,14
23,-107,10
9,-79,-8
15,-65,-2
23,-46,17
27,-37,19
33,-28,19
29,-26,17
18,-31,9
13,-38,4
18,-57,-3
25,-59,-2
34,-73,3
35,-92,2
33,-106,-4
23,-101,0
19,-102,3
21,-84,-2
23,-74,-2
25,-53,7
29,-44,15
34,-41,14
6,-34,1
-7,-28,-1
-13,-29,-1
0,-57,-4
15,-75,2
19,-80,8
13,-80,5
2,-77,1
6,-79,-2
4,-73,-5
2,-84,-2
19,-102,0
22,-96,-1
28,-79,5
31,-63,13
24,-34,18
26,-29,20
21,-25,16
19,-32,12
21,-35,12
25,-43,18
26,-52,20
26,-75,12
21,-85,2
26,-102,-5
26,-96,-9
26,-90,-3
30,-92,4
29,-80,-1
27,-70,-4
19,-49,2
17,-40,6
19,-29,12
22,-30,13
17,-37,8
13,-49,10
2,-80,-9
-5,-85,-23
15,-78,-21
19,-74,-11
28,-59,16
24,-68,21
19,-76,18
14,-78,6
11,-71,5
13,-71,13
18,-69,16
19,-45,22
15,-35,22
9,-30,14
10,-30,11
19,-36,10
25,-41,12
32,-60,14
35,-65,16
35,-58,20
36,-61,23
36,-94,17
35,-95,10
27,-85,7
22,-97,8
19,-98,3
23,-94,5
34,-67,15
33,-53,17
22,-40,12
18,-35,6
15,-36,3
10,-46,4
8,-56,3
2,-72,-6
1,-70,-10
8,-57,-7
11,-57,-1
23,-63,10
28,-65,10
30,-78,11
32,-88,13
27,-106,8
20,-94,2
12,-65,10
13,-52,16
20,-39,5
25,-37,7
25,-34,17
23,-35,17
25,-45,20
29,-53,26
32,-67,30
28,-72,26
16,-78,17
13,-88,14
23,-99,12
24,-76,2
23,-83,0
23,-106,-5
28,-100,-6
25,-81,-10
21,-69,-9
20,-52,-4
21,-50,-2
12,-41,-1
7,-37,1
4,-41,3
2,-45,3
1,-55,0
-1,-56,-3
2,-56,-1
6,-61,5
14,-73,-1
21,-83,-3
33,-102,5
37,-114,14
32,-109,12
22,-88,3
17,-59,4
20,-41,9
20,-36,6
24,-33,5
26,-34,7
28,-40,7
26,-48,4
29,-65,3
34,-66,9
45,-69,24
51,-85,27
49,-97,30
36,-93,25
8,-110,10
3,-112,5
5,-91,-5
8,-79,-6
25,-49,0
35,-43,10
31,-43,14
26,-41,11
21,-41,5
19,-45,3
9,-46,-13
8,-43,-3
8,-45,3
8,-51,2
11,-54,0
19,-53,-1
27,-59,6
47,-92,39
50,-110,41
26,-101,3
21,-90,-2
20,-57,15
28,-46,16
34,-37,16
30,-36,15
29,-35,13
29,-33,13
34,-41,19
33,-50,21
31,-76,16
29,-87,12
35,-96,23
40,-99,28
29,-87,16
20,-83,8
8,-84,-6
6,-80,-8
14,-62,2
24,-50,15
25,-45,18
19,-38,14
15,-35,9
8,-32,4
5,-32,5
3,-38,5
3,-44,4
6,-50,4
11,-55,7
16,-74,9
19,-85,7
30,-121,13
35,-122,18
24,-98,30
14,-91,21
11,-67,1
15,-57,0
22,-36,6
21,-29,5
29,-21,7
32,-20,7
33,-25,5
32,-38,-1
33,-49,-4
46,-97,5
44,-106,8
43,-91,32
42,-80,40
39,-119,23
29,-128,2
0,-128,-13
-4,-117,-9
10,-76,6
17,-55,10
25,-39,16
20,-39,13
5,-35,2
2,-36,-2
-6,-30,-9
-6,-27,-9
-1,-36,-11
3,-44,-11
14,-58,-11
19,-69,-5
29,-95,10
38,-109,20
51,-128,13
39,-94,-10
26,-68,3
1,-57,24
-2,-50,19
14,-41,14
20,-38,13
28,-36,8
29,-35,5
28,-38,1
30,-39,2
35,-63,8
35,-75,8
33,-75,6
34,-82,9
38,-74,17
39,-74,17
31,-112,5
23,-125,-5
10,-100,-12
10,-88,-7
17,-59,6
22,-51,9
20,-39,5
15,-34,0
12,-33,0
6,-42,0
4,-49,-1
0,-59,-14
2,-62,-15
10,-70,-13
13,-68,-9
23,-78,0
28,-76,6
34,-94,8
38,-102,9
32,-96,-3
26,-84,-4
19,-57,8
16,-45,11
17,-36,11
20,-35,10
25,-38,8
27,-40,8
28,-53,10
27,-60,10
30,-69,16
29,-70,19
24,-82,15
21,-93,8
20,-81,1
20,-79,1
19,-86,-1
19,-95,-11
19,-82,-11
18,-60,-5
17,-52,-2
17,-43,-2
16,-42,-3
13,-41,-5
12,-43,-5
9,-57,-6
7,-66,-7
3,-59,-13
5,-57,-6
12,-68,1
17,-75,0
25,-76,4
31,-82,11
33,-92,16
27,-90,9
12,-74,-7
11,-66,-3
18,-48,8
23,-35,6
24,-31,5
24,-30,7
24,-33,8
22,-46,7
24,-55,7
30,-65,10
31,-65,8
30,-86,10
31,-99,11
31,-85,9
30,-90,7
25,-91,3
20,-94,-3
12,-77,-8
13,-62,-7
19,-44,4
22,-40,7
21,-35,5
18,-35,4
11,-45,-2
4,-55,-8
2,-59,-13
5,-60,-13
10,-66,-9
21,-72,4
25,-82,10
31,-77,15
32,-72,18
27,-84,17
10,-88,-3
-7,-78,-28
4,-69,-17
28,-41,13
36,-34,17
31,-24,8
27,-24,4
20,-39,3
21,-50,6
26,-67,12
29,-69,16
33,-80,27
30,-78,28
18,-86,17
16,-81,14
19,-82,5
20,-83,0
28,-85,2
25,-71,1
21,-56,-1
12,-44,-6
11,-48,-7
9,-51,-7
11,-51,-4
11,-53,-4
12,-54,-3
10,-60,-4
8,-59,-4
7,-64,-4
10,-67,-4
15,-80,-5
15,-92,-9
25,-92,6
26,-95,17
19,-85,7
21,-70,7
24,-45,20
25,-38,19
29,-31,14
27,-30,14
25,-35,14
22,-42,7
25,-48,7
31,-70,9
30,-80,6
25,-90,1
23,-103,0
27,-79,6
28,-81,6
30,-93,4
24,-92,-3
14,-76,-8
12,-65,-6
21,-48,3
16,-47,0
17,-51,-9
9,-48,-11
2,-39,-10
3,-39,-5
6,-53,-3
8,-59,-7
14,-67,-7
14,-69,-3
16,-69,6
19,-71,8
23,-84,5
29,-119,-2
23,-117,-11
13,-78,0
4,-67,14
17,-39,5
26,-34,1
25,-23,2
27,-26,5
29,-36,8
30,-42,10
34,-60,17
35,-67,19
24,-79,9
16,-82,2
12,-95,-5
17,-92,-6
34,-85,-4
36,-90,-3
25,-102,-10
16,-94,-17
27,-72,-7
41,-71,8
-13,-65,-45
-8,-38,-31
-4,-33,-30
20,-37,-7
19,-49,7
3,-50,7
-11,-48,3
-8,-55,0
7,-57,7
26,-66,29
20,-66,34
13,-78,43
13,-94,40
21,-106,9
22,-88,1
19,-64,8
17,-54,9
23,-33,12
25,-29,14
18,-22,10
14,-21,8
17,-32,10
16,-44,9
17,-73,2
16,-74,3
23,-86,15
30,-104,22
33,-106,16
26,-87,1
21,-78,-2
24,-65,6
28,-63,9
23,-41,5
20,-35,6
18,-37,8
16,-39,6
14,-45,2
11,-54,1
4,-59,-6
5,-60,-8
11,-70,-11
14,-71,-9
17,-80,-5
19,-80,-5
24,-73,3
27,-78,13
25,-86,23
17,-80,14
10,-56,2
5,-45,-1
11,-34,11
9,-24,17
36,-24,15
17,-27,2
20,-37,4
20,-67,-2
24,-84,-6
48,-86,17
50,-79,29
33,-91,17
28,-83,11
29,-79,6
33,-89,9
32,-91,7
26,-82,3
13,-71,0
11,-63,1
15,-47,3
16,-43,2
15,-46,-2
13,-46,-5
11,-49,-6
9,-49,-7
7,-50,-11
10,-53,-10
19,-74,-5
19,-71,2
20,-65,6
26,-75,17
27,-79,19
15,-85,7
4,-82,-7
12,-78,-3
25,-71,16
36,-44,24
41,-40,23
31,-32,15
31,-33,11
16,-39,5
14,-49,5
20,-65,3
25,-64,2
36,-65,10
38,-70,12
46,-89,2
44,-80,1
32,-68,8
30,-81,4
33,-98,-2
26,-88,2
22,-76,6
18,-60,8
17,-56,8
16,-49,5
14,-47,3
11,-43,3
10,-44,5
10,-48,2
9,-54,-3
7,-60,-5
7,-66,-6
12,-71,-8
16,-63,-6
22,-65,3
24,-75,8
29,-90,11
27,-97,3
21,-80,-3
26,-72,10
22,-48,21
22,-41,21
20,-37,19
20,-40,12
22,-44,9
25,-58,17
34,-66,23
31,-73,26
28,-69,23
24,-90,12
24,-92,7
24,-82,1
21,-96,-3
17,-112,-12
19,-99,-9
22,-71,-1
23,-58,4
21,-44,4
19,-39,2
15,-31,-2
13,-32,-2
21,-47,7
19,-66,3
3,-71,-10
-10,-65,-14
5,-62,-2
11,-64,3
19,-60,16
16,-54,17
7,-62,8
7,-91,5
11,-100,0
32,-96,1
43,-81,11
38,-36,13
26,-31,8
14,-34,8
15,-38,9
22,-50,8
30,-57,13
25,-73,14
26,-75,18
36,-74,42
30,-81,38
16,-99,7
13,-94,-1
14,-74,-4
18,-76,0
27,-73,5
31,-72,3
22,-60,-5
18,-50,-8
15,-40,-6
16,-41,-3
16,-43,-2
14,-50,-3
12,-58,-4
5,-70,-10
2,-73,-12
6,-77,-9
9,-77,-8
19,-66,-6
26,-64,-3
32,-62,15
35,-72,26
18,-85,5
8,-74,-10
7,-56,0
14,-48,15
24,-36,21
23,-34,15
19,-31,12
18,-32,13
18,-41,11
19,-51,9
18,-78,2
18,-81,-6
22,-85,-13
25,-92,0
22,-82,-1
10,-80,-13
4,-81,-17
-7,-78,-16
-17,-77,2
-7,-66,7
-2,-53,1
6,-43,-5
10,-39,-5
13,-40,-3
6,-43,-4
13,-51,1
20,-57,3
16,-65,-16
13,-72,-17
13,-88,-10
15,-88,-5
21,-70,2
24,-64,6
19,-70,7
9,-83,1
10,-83,-2
12,-78,0
17,-57,11
17,-38,13
14,-33,11
8,-26,7
8,-24,8
8,-23,7
14,-28,8
21,-47,11
21,-61,10
29,-83,9
72,-97,19
58,-76,1
47,-68,1
32,-71,-6
27,-75,-13
31,-78,-12
32,-69,-4
28,-50,5
24,-40,7
14,-34,7
12,-34,5
12,-37,3
13,-41,3
18,-55,9
19,-65,9
14,-76,-1
12,-89,-12
12,-99,-15
32,-72,0
40,-67,12
38,-67,23
28,-75,17
2,-76,-3
-3,-67,-4
3,-37,10
9,-28,19
13,-20,18
12,-19,22
3,-22,19
6,-28,18
16,-57,14
27,-69,15
51,-80,14
56,-77,16
32,-76,-5
35,-88,-16
40,-82,-6
36,-80,2
25,-79,8
27,-63,2
31,-55,2
29,-38,8
25,-34,10
21,-33,6
20,-34,2
19,-42,-5
16,-44,-5
14,-56,-4
11,-67,-6
7,-74,-7
7,-75,-8
19,-71,1
25,-69,7
31,-68,15
31,-72,13
29,-88,8
21,-91,-2
6,-71,-4
5,-61,5
12,-39,14
8,-32,12
24,-26,12
27,-24,10
28,-26,7
19,-38,4
19,-49,5
25,-76,8
28,-82,9
30,-92,12
31,-97,14
34,-81,14
28,-79,8
17,-95,-6
17,-98,-9
23,-78,-2
26,-64,5
27,-44,13
25,-41,12
18,-40,5
13,-40,0
10,-40,1
9,-45,2
8,-58,1
8,-70,-9
9,-73,-10
11,-72,-9
17,-63,1
21,-68,6
25,-56,6
25,-71,7
24,-84,6
17,-90,-5
18,-80,-3
24,-56,16
25,-44,18
21,-33,8
18,-32,6
20,-39,7
23,-45,8
26,-56,7
29,-61,10
34,-75,21
34,-79,25
27,-93,21
22,-101,14
19,-93,9
19,-78,9
15,-84,1
15,-82,-3
18,-67,-4
18,-54,0
17,-45,1
15,-37,1
14,-37,0
11,-35,-3
9,-38,-3
5,-54,-5
4,-59,-8
7,-61,-10
11,-64,-8
18,-69,-3
20,-69,-1
27,-68,11
31,-88,17
28,-123,-2
15,-105,-14
6,-78,-2
7,-66,12
15,-45,10
17,-39,10
33,-27,13
21,-25,8
21,-24,9
18,-27,9
21,-48,11
26,-77,11
25,-79,7
30,-104,13
34,-110,14
30,-83,5
22,-95,-2
14,-99,-11
17,-93,-13
22,-67,-7
23,-56,-2
23,-40,4
21,-38,1
17,-39,-2
16,-39,-2
6,-57,-9
-1,-70,-17
-4,-71,-20
0,-61,-14
8,-59,-1
8,-66,0
12,-69,-9
17,-67,-11
24,-71,2
29,-86,8
24,-114,-4
11,-85,-17
11,-72,-1
20,-45,19
22,-38,12
19,-31,6
18,-31,6
18,-34,5
20,-39,7
26,-59,12
29,-74,13
33,-81,15
30,-78,17
22,-92,8
22,-83,5
25,-81,2
26,-97,-1
25,-106,-9
25,-91,-8
17,-86,-12
33,-76,6
-20,-71,-14
-42,-48,-11
3,-41,-7
-9,-28,-12
-1,-29,-6
0,-43,-12
3,-51,-15
8,-58,-13
8,-63,-11
17,-85,-7
25,-87,-5
39,-97,8
49,-99,20
39,-95,22
24,-87,5
9,-65,-5
10,-58,7
20,-39,18
20,-35,14
25,-32,15
29,-31,19
30,-34,20
31,-42,21
31,-73,26
28,-91,23
17,-82,14
15,-92,13
22,-97,8
26,-88,3
18,-82,-9
22,-89,-7
21,-84,-8
17,-62,-5
16,-55,-2
13,-47,-1
17,-47,0
15,-43,-1
12,-44,-2
6,-50,-5
4,-50,-5
4,-55,-3
6,-57,-2
7,-61,-5
8,-65,-7
14,-79,-9
22,-80,-5
35,-86,7
41,-97,17
30,-102,5
22,-88,-8
12,-62,3
9,-48,12
11,-38,8
20,-26,9
23,-25,8
27,-32,8
29,-39,10
33,-61,15
30,-67,16
24,-78,16
20,-86,14
18,-97,3
19,-83,-1
20,-87,-3
19,-86,-1
21,-80,-4
22,-68,-5
21,-45,3
22,-41,8
7,-37,3
13,-43,3
7,-50,1
7,-53,3
7,-64,4
5,-63,-5
14,-63,-10
17,-77,-3
19,-77,-2
24,-80,7
42,-87,11
45,-82,18
29,-78,13
14,-65,7
14,-55,6
25,-32,5
20,-26,2
34,-21,14
19,-16,9
26,-20,10
26,-23,9
30,-44,14
32,-57,17
30,-79,17
27,-89,15
26,-105,14
28,-99,16
23,-89,12
16,-86,4
10,-72,0
12,-64,1
19,-51,4
22,-46,6
24,-38,9
22,-33,8
19,-36,7
15,-52,6
14,-59,5
7,-78,-4
7,-72,-5
8,-78,-3
10,-80,-4
25,-69,2
34,-57,15
33,-64,35
26,-71,27
15,-54,-3
9,-48,-25
65,-41,-5
106,-33,14
52,-36,62
11,-19,81
30,-36,-2
44,-43,-7
38,-49,-11
37,-55,-17
64,-60,0
49,-85,12
18,-78,-5
31,-91,2
26,-89,-12
14,-78,-13
28,-63,-6
15,-44,-9
8,-33,-10
16,-26,-1
17,-26,1
20,-32,5
17,-39,2
10,-51,-6
9,-63,-9
10,-71,-17
17,-78,-13
29,-105,3
33,-97,11
41,-74,16
42,-77,15
24,-81,-2
7,-79,-16
-1,-65,-12
4,-57,-2
16,-40,14
7,-34,19
-7,-34,21
-14,-28,13
-7,-30,7
12,-41,9
18,-47,12
26,-63,11
22,-69,7
19,-83,7
18,-95,4
27,-90,6
29,-90,6
25,-104,-3
22,-93,-5
22,-73,1
21,-61,2
20,-39,4
20,-35,4
30,-29,9
22,-28,5
4,-35,3
1,-46,3
0,-64,-5
3,-67,-7
12,-70,-2
23,-80,15
25,-86,13
25,-77,13
22,-84,16
15,-87,15
6,-86,5
5,-67,-1
12,-56,5
20,-33,12
19,-29,8
14,-23,2
15,-23,1
17,-28,1
18,-34,1
27,-51,14
29,-64,21
28,-84,20
23,-91,16
16,-94,30
23,-89,35
18,-86,16
14,-84,4
18,-84,-3
24,-83,-2
35,-72,4
29,-48,6
23,-42,5
18,-40,6
15,-40,5
10,-38,0
9,-39,-1
8,-47,2
8,-56,3
2,-67,-6
3,-69,-7
13,-71,-3
19,-74,2
30,-73,12
34,-68,18
35,-74,26
27,-86,18
5,-87,-14
3,-75,-13
16,-53,13
20,-40,16
26,-31,8
26,-30,6
22,-34,5
19,-45,5
20,-51,7
28,-65,12
29,-74,15
23,-80,14
21,-87,13
21,-88,16
23,-78,17
27,-85,13
28,-93,9
21,-90,-6
18,-79,-7
16,-53,0
15,-48,1
15,-45,-2
15,-42,-2
13,-39,-2
13,-36,-2
14,-39,-1
13,-44,0
10,-64,-6
6,-67,-11
9,-68,-10
13,-74,-3
19,-76,-1
24,-72,3
25,-83,5
25,-104,4
17,-89,-1
13,-69,7
13,-56,16
15,-39,11
8,-35,9
32,-32,12
23,-33,7
21,-42,8
22,-53,10
25,-58,15
29,-64,18
27,-67,21
21,-77,14
14,-98,-4
18,-85,-4
27,-77,2
28,-83,4
26,-84,-6
25,-76,-8
20,-55,-9
19,-48,-6
18,-42,-3
16,-40,-2
12,-37,-3
4,-45,-16
3,-54,-21
15,-69,-10
17,-81,-10
17,-75,-10
21,-77,-2
27,-83,10
29,-63,14
27,-64,15
17,-72,2
-16,-84,-20
-4,-79,-16
28,-58,5
37,-45,16
36,-30,14
29,-27,6
17,-29,-4
16,-34,-3
21,-51,0
25,-63,4
26,-68,7
25,-75,12
28,-79,18
31,-94,12
30,-82,7
24,-69,5
23,-78,2
19,-92,-7
21,-89,-8
15,-72,-3
8,-59,-4
22,-42,5
27,-40,11
21,-45,7
15,-49,4
6,-59,0
5,-60,-3
5,-58,-7
7,-56,-6
11,-58,-4
15,-57,0
21,-62,4
23,-62,6
27,-79,16
13,-112,-8
9,-117,-22
26,-80,16
27,-60,35
21,-35,15
24,-32,6
25,-33,5
26,-36,5
23,-42,2
24,-50,2
31,-70,12
35,-76,19
33,-66,20
32,-72,17
30,-80,9
31,-73,8
34,-80,10
33,-91,9
20,-96,-3
13,-86,-8
12,-65,0
13,-59,3
19,-50,3
21,-50,2
18,-48,1
13,-53,0
9,-59,-2
4,-65,-11
3,-62,-13
8,-49,-7
13,-51,-1
16,-56,3
16,-58,4
20,-79,8
21,-95,9
14,-101,1
13,-92,-2
22,-72,9
25,-60,15
28,-41,6
28,-38,5
28,-42,4
30,-45,4
32,-56,6
30,-62,7
30,-74,10
31,-73,14
30,-80,14
30,-82,11
28,-72,5
31,-76,8
34,-90,8
27,-94,-5
21,-87,-10
15,-60,-3
16,-50,0
20,-48,2
19,-48,0
16,-52,-1
13,-57,-2
5,-67,-10
3,-63,-13
6,-56,-11
6,-54,-12
4,-53,-19
5,-54,-20
25,-89,-10
33,-95,-1
38,-94,23
26,-93,19
17,-71,8
13,-59,11
1,-42,16
-4,-37,16
30,-30,26
34,-32,14
24,-35,10
26,-50,15
27,-61,19
29,-83,18
24,-81,14
13,-90,4
16,-92,3
26,-72,4
31,-75,5
33,-84,4
30,-81,-1
21,-65,-3
19,-57,-1
17,-46,-2
17,-45,-2
18,-47,0
17,-50,0
14,-54,-1
12,-58,-2
10,-65,-4
9,-71,-4
9,-72,-2
12,-68,3
14,-63,6
16,-56,9
19,-68,8
16,-87,4
15,-97,2
21,-90,5
28,-75,11
37,-45,17
35,-39,14
25,-36,6
22,-36,3
20,-39,-2
21,-43,-3
25,-54,-3
27,-62,-3
34,-73,4
35,-74,8
37,-87,15
34,-84,13
30,-75,8
29,-84,6
25,-96,1
20,-87,-6
14,-74,-4
12,-51,-1
13,-48,-6
17,-40,-6
14,-43,-7
7,-49,-8
8,-47,-6
11,-67,-5
10,-73,-8
10,-65,-1
10,-70,1
12,-72,4
15,-77,3
18,-87,-2
20,-89,2
19,-92,9
15,-83,6
18,-61,3
21,-54,5
26,-43,5
27,-40,4
27,-41,2
28,-43,4
27,-45,6
28,-50,8
34,-71,12
25,-71,0
24,-69,2
31,-74,12
37,-75,15
33,-78,3
31,-93,0
17,-104,-14
17,-95,-10
31,-78,5
25,-69,4
17,-59,-6
11,-54,-10
2,-55,7
-10,-50,-1
-6,-35,-30
17,-44,-25
17,-49,-4
13,-59,1
5,-78,-4
10,-71,2
24,-74,13
24,-65,12
20,-79,1
21,-102,-3
22,-103,2
22,-83,14
20,-66,20
19,-41,13
19,-37,9
19,-33,5
20,-35,3
23,-40,3
26,-47,5
34,-68,12
35,-70,15
33,-74,23
30,-84,21
28,-96,10
25,-93,6
18,-74,5
22,-73,8
23,-82,2
20,-84,-6
11,-69,-12
8,-58,-10
14,-43,-1
19,-40,0
21,-42,0
23,-50,-1
28,-59,2
16,-72,-14
2,-67,-16
-7,-63,-9
-2,-63,-4
11,-60,3
20,-62,11
19,-70,21
16,-78,24
7,-96,6
9,-87,1
29,-65,15
28,-52,22
22,-39,23
20,-36,16
6,-39,7
13,-42,8
24,-51,12
27,-57,16
29,-73,25
28,-73,25
22,-90,14
21,-104,6
28,-77,2
26,-88,5
29,-93,6
20,-86,-2
16,-76,-4
15,-51,3
17,-43,9
15,-35,11
12,-35,7
12,-42,5
11,-50,4
5,-69,-3
5,-67,-5
6,-63,-6
8,-63,-6
10,-68,-5
14,-71,-4
22,-65,0
24,-70,6
31,-94,13
29,-99,12
23,-82,6
15,-70,8
6,-44,16
4,-32,10
8,-30,8
18,-33,10
23,-36,11
31,-48,14
32,-54,14
31,-63,21
29,-64,26
18,-73,18
15,-93,11
15,-101,-3
19,-79,-3
23,-79,4
22,-80,7
23,-70,3
21,-60,2
16,-51,4
16,-48,4
17,-48,4
15,-47,5
12,-56,6
9,-63,3
4,-59,-3
6,-56,-3
10,-58,-1
14,-65,-2
17,-72,-2
22,-78,-1
27,-85,3
33,-97,13
30,-99,12
19,-82,3
12,-68,3
13,-45,12
18,-36,15
16,-33,12
15,-32,8
12,-27,3
13,-29,4
20,-42,3
25,-50,2
33,-63,6
37,-69,15
33,-84,19
29,-96,13
22,-79,5
13,-77,-2
-3,-84,-1
-9,-83,2
-21,-79,2
-25,-59,10
-18,-51,14
-6,-36,2
7,-37,1
5,-56,-5
0,-57,-7
3,-62,-7
6,-67,-9
15,-76,-11
16,-80,-11
20,-85,-6
28,-79,5
38,-84,28
30,-72,38
-15,-80,29
-31,-81,13
-14,-63,-4
5,-49,1
19,-34,13
17,-26,16
7,-19,9
8,-21,6
11,-31,-2
15,-38,-2
23,-54,4
29,-72,13
29,-77,14
27,-79,18
27,-87,19
25,-81,18
18,-80,13
16,-90,4
17,-89,0
27,-74,1
33,-65,7
27,-49,7
25,-42,7
21,-48,4
26,-45,6
11,-53,3
7,-58,6
-1,-62,2
-3,-65,-3
0,-65,-10
3,-66,-10
19,-71,-6
31,-69,-2
31,-58,14
25,-75,19
19,-82,10
11,-86,-18
7,-76,-21
20,-46,6
23,-37,15
21,-30,9
20,-31,6
17,-42,2
19,-52,4
26,-73,6
32,-72,12
42,-74,39
41,-72,45
16,-77,16
5,-87,3
7,-74,-3
15,-65,0
28,-72,7
31,-82,6
25,-85,-4
22,-75,-4
19,-54,3
21,-52,4
20,-51,2
17,-57,1
13,-62,1
5,-62,-3
4,-59,-3
3,-54,-2
3,-51,-2
7,-50,-2
10,-52,-2
16,-53,1
18,-63,3
25,-107,8
21,-112,2
15,-99,-9
15,-85,-4
23,-58,20
20,-44,19
24,-36,9
14,-36,3
20,-42,7
26,-42,14
36,-48,24
39,-62,25
36,-76,21
32,-73,15
32,-98,15
26,-89,4
20,-86,-5
14,-100,-5
16,-97,-1
24,-70,1
24,-62,2
18,-53,2
16,-51,2
16,-46,2
13,-45,1
8,-47,1
7,-52,1
2,-65,-9
1,-62,-10
4,-65,-11
7,-65,-11
21,-72,-7
29,-74,-2
42,-99,20
48,-115,26
32,-96,-3
17,-78,-6
-1,-46,21
10,-42,15
9,-37,8
22,-36,3
26,-36,1
28,-48,-5
33,-52,-2
45,-60,12
46,-62,19
48,-88,17
43,-102,8
24,-88,-1
18,-95,1
19,-92,2
22,-89,2
26,-65,2
25,-52,4
20,-39,8
21,-39,10
21,-48,9
19,-54,6
9,-73,3
1,-85,-4
-6,-71,-15
7,-53,-4
14,-52,3
17,-62,-4
17,-62,-11
24,-73,-7
32,-94,4
43,-96,19
37,-77,15
26,-58,7
18,-48,7
6,-41,6
3,-40,8
14,-43,13
20,-48,15
30,-60,21
34,-69,24
30,-69,27
27,-69,25
12,-78,9
10,-92,-2
16,-79,-6
24,-69,-1
33,-85,7
30,-88,2
25,-77,-6
19,-62,-3
19,-54,-1
17,-45,-1
14,-43,-3
12,-51,0
9,-63,-2
4,-72,-9
6,-71,-10
10,-62,-6
12,-64,-4
12,-60,-2
12,-55,-7
13,-44,-6
21,-63,1
33,-102,0
32,-109,-14
46,-81,-5
46,-66,9
33,-36,11
36,-32,19
26,-19,20
21,-15,8
38,-21,-31
55,-24,-28
61,-51,-10
57,-68,-38
65,-64,-28
70,-88,19
15,-105,48
19,-52,-11
44,-78,-5
25,-73,-31
50,-86,-44
11,-85,-5
-29,-70,-18
32,-44,-22
-3,-28,-24
31,-26,-5
0,-21,-7
15,-27,-2
26,-31,-5
24,-45,-18
25,-54,-22
25,-63,-16
30,-71,-13
39,-76,-7
47,-75,-5
45,-80,-4
27,-87,-7
13,-89,-9
2,-79,-7
6,-66,-2
18,-44,8
19,-37,8
16,-26,8
15,-23,6
21,-25,3
24,-26,2
36,-36,0
39,-39,0
44,-45,4
51,-54,10
46,-68,12
44,-67,18
51,-68,15
57,-63,8
53,-71,5
44,-72,1
33,-68,-2
28,-63,-1
25,-49,2
21,-42,0
22,-37,1
20,-41,3
18,-41,2
15,-43,0
15,-48,-1
14,-63,-3
15,-72,-4
16,-78,-7
18,-79,-5
26,-80,3
30,-73,8
34,-68,18
34,-67,22
17,-72,9
6,-71,-3
0,-57,-4
5,-48,3
16,-32,11
28,-28,13
25,-26,9
26,-27,9
23,-38,8
24,-49,10
28,-71,14
27,-85,17
24,-88,19
17,-96,13
19,-94,12
27,-65,21
27,-68,20
22,-92,8
18,-93,-2
14,-74,-7
14,-63,-1
18,-44,6
21,-41,7
21,-40,6
19,-40,5
15,-44,4
12,-47,4
6,-58,-1
4,-58,-5
5,-61,-6
7,-66,-7
16,-79,-3
23,-78,2
31,-85,16
34,-102,23
11,-98,-5
7,-83,-15
6,-58,2
19,-34,13
20,-28,8
20,-24,3
20,-27,2
22,-42,-1
26,-50,0
39,-70,8
42,-78,12
40,-80,12
38,-89,13
35,-76,14
31,-80,11
26,-95,2
19,-96,-6
10,-91,-5
13,-80,2
30,-51,9
32,-41,13
12,-32,3
21,-33,10
13,-51,10
8,-72,2
4,-80,-6
2,-71,-9
4,-68,-5
12,-73,0
18,-68,2
28,-83,2
32,-102,2
23,-102,-13
20,-86,-13
22,-60,11
26,-47,14
28,-36,8
24,-31,5
16,-24,-2
15,-26,-5
20,-43,-5
25,-58,-9
44,-78,-8
48,-75,-2
54,-90,13
57,-87,14
41,-99,-5
35,-108,-6
27,-115,0
6,-104,-7
16,-61,-1
-9,-68,18
-62,-29,-2
13,-31,13
9,-39,6
15,-36,2
13,-38,2
8,-64,-5
9,-73,-8
14,-69,-7
13,-73,-2
18,-85,0
21,-84,1
24,-92,13
23,-88,15
21,-72,2
24,-67,1
27,-48,12
26,-35,14
24,-27,10
25,-31,9
30,-50,9
32,-57,5
39,-65,6
40,-79,6
38,-80,1
34,-101,3
30,-79,7
32,-94,4
31,-109,-1
25,-98,-9
23,-87,-7
21,-54,0
31,-46,11
-16,-31,-7
6,-32,-4
5,-47,-2
18,-58,4
12,-71,-8
7,-74,-13
2,-74,-16
6,-64,-10
17,-74,6
22,-69,10
17,-76,5
16,-89,1
15,-97,-11
20,-85,-9
26,-60,4
28,-47,9
34,-30,13
28,-28,7
29,-32,6
29,-50,4
32,-64,2
42,-81,-1
42,-76,-2
30,-91,2
28,-88,7
30,-79,3
33,-90,-2
28,-101,-11
24,-93,-11
19,-64,-2
20,-49,5
26,-39,13
24,-44,9
14,-46,-2
10,-48,-3
0,-63,-9
-3,-62,-14
2,-57,-12
6,-58,-9
11,-68,-7
17,-63,-5
20,-67,-2
26,-107,11
25,-118,1
23,-94,-8
22,-81,3
34,-49,32
29,-33,34
33,-27,27
23,-29,16
15,-40,9
17,-50,10
24,-66,8
27,-67,8
31,-74,13
31,-90,11
29,-106,-5
25,-95,-7
20,-97,-1
22,-95,-1
22,-80,-5
20,-69,-3
29,-56,5
20,-46,15
13,-41,16
0,-37,12
-3,-36,10
1,-33,10
7,-40,15
11,-76,1
13,-74,-11
19,-58,-6
25,-54,3
35,-75,15
39,-88,17
31,-94,2
28,-89,-4
25,-70,8
26,-55,17
22,-34,17
19,-33,15
20,-34,10
23,-36,7
27,-51,4
31,-65,5
43,-93,14
47,-81,29
45,-86,29
41,-81,19
35,-86,13
25,-95,5
19,-97,2
5,-91,-7
3,-77,-12
19,-52,-9
19,-44,-6
25,-31,-2
20,-22,-1
7,-27,-4
5,-39,-4
4,-76,-11
2,-78,-17
11,-62,-3
16,-68,4
19,-77,5
20,-71,4
24,-86,12
23,-111,12
14,-110,-7
20,-94,-7
25,-63,19
27,-48,26
27,-27,17
24,-23,15
24,-23,11
24,-39,5
27,-54,6
38,-79,19
37,-77,20
25,-85,7
24,-93,6
28,-75,7
29,-74,4
36,-98,8
35,-104,5
23,-94,-6
20,-80,-3
16,-53,5
15,-46,7
13,-39,8
10,-37,9
9,-39,-1
12,-64,-8
1,-74,-11
-7,-71,-13
12,-65,-1
19,-58,-2
23,-64,5
27,-66,27
28,-77,27
40,-103,-5
31,-99,-14
-2,-81,-8
-10,-72,-1
12,-46,23
24,-38,29
39,-39,25
42,-45,24
39,-50,26
31,-53,22
14,-67,10
17,-70,10
27,-88,6
36,-104,1
28,-99,-20
30,-94,-9
29,-95,9
33,-88,4
33,-78,-19
41,-77,-5
-13,-46,-12
9,-30,5
10,-39,7
2,-40,8
3,-45,4
10,-62,-2
10,-69,-7
11,-67,-4
11,-69,-2
16,-73,2
20,-71,3
24,-94,-1
25,-112,-4
25,-122,-14
27,-112,-13
25,-67,11
22,-47,15
15,-38,5
13,-36,0
20,-35,-2
23,-35,-1
29,-38,-1
35,-45,1
52,-70,14
65,-85,15
67,-95,19
23,-90,16
12,-92,6
9,-124,-11
13,-128,-9
23,-103,4
25,-92,7
21,-68,6
16,-58,9
14,-43,9
7,-39,1
4,-31,0
15,-35,21
24,-49,10
18,-55,3
10,-46,1
14,-39,9
16,-39,14
14,-41,13
28,-62,16
43,-86,15
32,-128,22
29,-127,24
25,-77,18
23,-54,22
16,-36,12
21,-30,9
24,-29,8
31,-32,1
36,-44,-1
56,-72,5
68,-76,11
67,-70,20
50,-77,15
19,-94,-6
16,-92,-4
21,-104,-5
26,-101,-4
26,-89,-4
26,-78,-2
19,-55,1
20,-47,4
16,-41,1
10,-49,-8
10,-47,-10
9,-47,-9
6,-60,-7
4,-66,-11
4,-55,-11
10,-55,-7
16,-59,-6
28,-70,7
28,-78,15
7,-110,20
-16,-125,-4
18,-112,-25
45,-85,-1
42,-38,15
41,-28,8
26,-26,-2
27,-28,-2
27,-39,-2
29,-45,-3
35,-57,-10
31,-59,-10
18,-61,-3
18,-72,4
27,-87,6
27,-81,-2
36,-97,5
41,-96,11
23,-87,-1
3,-64,1
7,-50,5
22,-39,11
26,-36,11
33,-45,8
30,-61,4
20,-90,0
15,-86,-1
11,-64,-2
12,-59,-1
11,-58,0
11,-64,-3
10,-66,-7
14,-67,-1
26,-97,12
22,-99,9
14,-69,14
12,-55,18
9,-37,17
12,-33,12
16,-32,2
19,-34,2
28,-47,4
35,-59,8
50,-81,17
44,-72,19
36,-76,13
33,-106,2
33,-91,5
25,-90,5
24,-94,7
14,-96,-1
14,-87,0
17,-70,3
20,-61,6
23,-47,8
18,-37,1
9,-25,-7
9,-40,-3
4,-65,-15
1,-69,-17
-4,-77,-2
-7,-65,-7
-2,-59,-16
12,-62,-12
31,-80,-6
33,-94,-7
25,-106,-19
23,-103,-20
34,-83,-11
41,-54,11
42,-44,16
34,-29,10
29,-32,4
27,-45,2
24,-51,5
26,-65,11
28,-71,16
31,-73,17
30,-82,14
29,-98,9
28,-81,10
25,-85,9
22,-96,5
18,-105,-9
22,-88,-8
19,-60,0
19,-51,5
16,-59,-2
11,-60,-13
13,-57,-10
10,-68,-9
4,-73,-7
3,-66,-5
3,-54,4
-5,-46,3
-7,-39,5
-4,-52,8
6,-64,4
11,-117,-12
15,-128,-14
39,-116,14
48,-97,22
50,-48,7
32,-40,-4
8,-36,-1
2,-37,2
7,-43,11
12,-50,17
4,-68,7
4,-67,-10
35,-68,-2
53,-71,15
65,-90,27
51,-90,19
14,-91,0
8,-111,-6
13,-106,-9
37,-81,8
57,-75,21
25,-66,-11
4,-63,-15
-13,-48,-9
-3,-45,-2
5,-39,1
2,-39,1
2,-41,-2
3,-40,1
11,-47,4
16,-52,6
20,-61,13
25,-74,23
24,-115,29
19,-122,10
17,-95,-12
17,-83,-3
24,-60,15
26,-46,18
31,-32,15
27,-34,10
25,-40,5
24,-60,-3
28,-70,-4
44,-79,13
50,-81,24
50,-105,22
44,-101,16
22,-93,3
12,-88,1
10,-72,4
13,-66,5
18,-49,10
20,-41,12
20,-40,12
22,-43,8
20,-47,4
18,-54,1
2,-62,-3
3,-67,0
8,-79,7
9,-78,7
13,-56,11
14,-44,14
18,-48,15
25,-59,19
65,-107,2
60,-111,-25
51,-82,-3
58,-42,25
40,-25,10
36,-7,-5
30,0,-6
30,3,1
38,-3,12
42,-37,31
43,-61,33
37,-105,16
35,-120,5
35,-95,8
31,-95,9
24,-104,-4
18,-91,-8
17,-66,3
22,-55,8
25,-44,9
26,-45,8
21,-50,2
15,-53,-1
9,-62,-3
6,-69,-6
2,-78,-15
5,-69,-13
9,-57,-6
15,-50,-1
16,-51,-1
18,-75,-6
23,-94,-2
30,-111,11
31,-97,15
23,-58,14
37,-50,25
21,-34,15
18,-38,12
16,-47,6
24,-55,10
29,-76,11
32,-76,11
38,-67,29
39,-63,32
33,-70,18
31,-67,19
21,-72,9
16,-95,-3
6,-127,-27
11,-97,-20
22,-82,-9
37,-65,7
35,-57,6
25,-53,-1
23,-57,-3
16,-63,-4
10,-65,-4
-2,-68,-6
-6,-67,-7
-11,-52,-4
-15,-44,-2
6,-44,0
16,-47,4
20,-79,14
35,-113,16
34,-128,-8
41,-116,-9
50,-74,18
47,-51,18
34,-32,8
31,-30,8
25,-34,4
22,-35,-1
28,-54,-5
31,-71,-9
37,-76,-12
46,-72,-1
55,-88,11
47,-93,1
38,-96,-5
33,-106,3
26,-111,2
23,-93,2
23,-76,5
28,-54,10
20,-47,5
16,-41,1
13,-43,2
7,-61,2
2,-81,-3
-11,-66,-20
-6,-53,-19
7,-47,-6
11,-49,0
18,-53,3
21,-55,1
29,-100,8
35,-128,8
36,-128,-18
45,-77,3
37,-50,19
4,-39,12
8,-38,14
21,-37,8
27,-38,4
30,-44,4
31,-50,4
34,-75,6
36,-73,12
38,-75,30
36,-85,29
33,-84,10
28,-83,-2
21,-93,-14
15,-97,-20
7,-83,-21
13,-70,-10
22,-46,5
23,-41,4
26,-55,6
25,-56,5
16,-65,-6
10,-68,-10
2,-68,-15
17,-48,-3
4,-41,-6
-5,-43,-7
0,-48,-8
22,-70,10
29,-96,28
30,-128,20
30,-119,-1
35,-70,-1
36,-49,11
27,-33,16
18,-29,14
10,-28,7
13,-33,6
23,-45,5
29,-50,6
38,-60,13
41,-64,18
41,-76,28
36,-91,22
21,-103,-7
16,-85,-12
23,-84,-1
29,-80,3
26,-76,-4
16,-58,-1
15,-54,9
-30,-33,-9
23,-39,-3
29,-44,2
28,-55,1
3,-67,-5
-1,-62,-2
3,-62,4
5,-63,4
8,-69,1
10,-71,2
13,-83,4
20,-99,8
23,-119,3
20,-107,-4
16,-71,-8
18,-56,-1
30,-37,5
29,-32,3
23,-30,0
26,-30,1
24,-36,-2
30,-57,0
28,-68,-6
27,-79,-6
30,-79,0
44,-104,7
51,-108,1
-58,-109,1
-87,-57,-6
1,-82,10
26,-58,5
26,-57,7
24,-49,15
-13,-42,5
-15,-45,7
9,-47,6
18,-55,5
20,-68,-9
16,-69,-15
1,-61,-12
-2,-57,-7
1,-72,-7
10,-75,-4
20,-94,5
16,-107,2
-1,-84,-6
-4,-67,-5
3,-57,-2
18,-41,5
16,-31,9
13,-23,21
5,-25,30
24,-32,32
28,-42,23
24,-68,10
26,-84,4
19,-86,3
23,-79,15
28,-87,19
25,-72,13
23,-73,7
22,-95,4
13,-85,-16
13,-75,-19
18,-49,3
25,-37,10
31,-27,12
28,-27,9
20,-32,4
15,-48,4
12,-62,0
1,-79,-15
1,-83,-18
12,-81,-7
20,-80,8
33,-75,21
32,-78,20
35,-92,27
18,-90,14
-7,-62,-4
-10,-46,-1
-4,-30,4
3,-24,6
28,-17,11
28,-18,9
28,-33,13
31,-50,17
32,-77,17
29,-82,18
17,-83,19
16,-83,19
25,-81,16
26,-63,10
23,-75,4
14,-86,-16
16,-77,-21
32,-59,2
43,-52,24
40,-41,21
37,-38,16
25,-48,9
16,-56,4
2,-74,1
-2,-80,-1
-1,-71,-4
3,-66,-4
12,-67,0
18,-65,7
29,-53,19
24,-59,15
19,-86,9
14,-94,0
5,-74,-10
7,-60,-3
14,-38,18
18,-31,19
17,-24,10
14,-26,5
19,-38,7
30,-67,13
37,-87,16
43,-93,27
40,-88,35
29,-107,26
23,-93,18
16,-93,6
16,-96,6
12,-82,-4
11,-71,-6
19,-46,6
21,-38,11
23,-31,12
20,-33,9
18,-40,2
16,-48,2
0,-67,2
-3,-66,0
-3,-59,0
2,-56,0
12,-55,-1
18,-57,0
22,-75,13
37,-106,21
33,-104,11
35,-90,-1
25,-70,10
8,-37,22
6,-31,17
10,-30,6
15,-33,4
27,-41,2
34,-48,6
47,-69,21
44,-76,22
33,-86,19
27,-102,13
29,-98,8
30,-89,9
27,-94,9
24,-92,6
21,-77,2
21,-66,4
25,-45,12
15,-41,13
15,-41,10
15,-41,9
8,-47,0
2,-59,-4
-1,-67,-11
0,-56,-23
5,-55,-24
19,-60,-15
26,-69,-7
36,-75,10
42,-85,20
44,-99,21
23,-85,-1
-1,-68,-18
-3,-59,-8
13,-46,9
17,-39,14
34,-35,23
29,-39,22
24,-47,16
23,-54,15
25,-70,18
27,-78,20
30,-86,17
33,-98,17
34,-93,12
27,-87,1
19,-94,-3
14,-87,-9
18,-75,-7
20,-47,-3
21,-40,0
21,-39,1
20,-41,-1
15,-58,-5
11,-67,-7
0,-84,-19
-4,-84,-26
1,-61,-19
8,-58,-12
22,-59,0
29,-54,5
33,-69,18
40,-89,26
24,-105,-6
14,-90,-17
2,-54,-4
1,-49,12
7,-39,29
9,-32,22
20,-30,16
26,-31,22
26,-34,21
22,-57,17
21,-75,14
21,-85,6
23,-83,6
30,-85,9
34,-69,8
36,-80,5
38,-97,3
28,-97,-11
22,-84,-11
16,-57,3
18,-48,7
19,-44,4
19,-45,1
17,-57,4
9,-61,4
6,-72,3
8,-77,0
8,-61,0
7,-60,1
8,-54,0
15,-53,2
27,-62,16
36,-81,35
32,-98,32
12,-95,-9
9,-71,-14
3,-44,8
8,-40,12
19,-35,5
25,-34,7
29,-38,13
29,-41,13
25,-53,5
26,-59,6
34,-66,16
39,-78,22
53,-92,33
58,-93,33
51,-101,17
32,-109,4
-3,-110,-11
-4,-103,-16
4,-76,-22
11,-57,-30
34,-60,-11
2,-50,0
1,-37,2
7,-36,0
7,-40,1
7,-67,-5
5,-80,-9
2,-66,-4
5,-64,9
16,-74,27
21,-86,26
15,-115,-7
10,-118,-23
19,-102,-22
37,-95,-6
53,-63,7
50,-47,-6
50,-30,1
33,-33,2
23,-48,-2
27,-58,-1
32,-62,-1
32,-65,0
35,-61,9
37,-68,13
44,-86,16
42,-79,16
36,-92,16
23,-114,8
16,-110,4
13,-83,8
15,-66,12
17,-44,14
17,-39,14
11,-36,8
10,-39,8
7,-50,9
6,-58,7
1,-63,0
-3,-59,-2
-4,-61,-8
0,-63,-12
20,-66,-9
31,-78,-1
44,-103,21
44,-117,25
28,-98,1
30,-78,-3
28,-52,17
23,-44,19
9,-39,9
19,-41,17
25,-46,18
38,-64,25
44,-74,32
38,-75,31
33,-78,26
24,-111,11
22,-120,0
38,-64,25
44,-74,32
38,-75,31
33,-78,26
24,-111,11
22,-120,0
13,-101,-16
12,-99,-15
10,-94,-7
17,-87,-4
25,-70,-5
24,-60,-5
17,-43,1
17,-43,4
12,-47,2
5,-52,0
-39,-59,-16
-49,-45,-23
-9,-53,-5
18,-72,11
20,-78,6
28,-116,1
54,-128,21
80,-128,28
41,-89,2
-30,-56,-14
-19,-71,14
12,-50,29
24,-38,26
36,-25,29
21,-16,22
9,-7,13
5,-8,-1
13,-20,-16
22,-35,-13
36,-79,4
40,-105,8
48,-109,3
56,-100,5
57,-98,3
46,-91,-3
22,-71,-3
16,-63,3
9,-47,12
12,-41,14
23,-39,15
24,-44,14
20,-71,13
9,-82,2
7,-81,-4
5,-77,-11
6,-74,-15
16,-66,2
17,-56,9
23,-42,23
25,-51,25
21,-70,10
19,-73,0
18,-69,2
23,-63,10
29,-44,20
29,-42,21
16,-54,13
19,-58,13
22,-56,10
24,-56,8
24,-51,10
26,-50,14
19,-61,21
15,-76,20
12,-101,-3
24,-77,-4
34,-83,10
37,-80,16
37,-76,8
28,-64,3
23,-55,3
15,-47,5
11,-45,4
7,-47,1
6,-50,-1
4,-61,-9
4,-66,-15
11,-65,-11
18,-61,-2
19,-64,5
18,-67,2
22,-60,-3
27,-69,4
20,-101,10
10,-94,4
1,-72,0
9,-59,10
28,-35,23
22,-25,13
19,-23,2
18,-30,10
23,-42,13
17,-58,9
25,-76,8
31,-81,11
38,-78,13
38,-84,10
33,-82,6
30,-81,8
35,-91,9
31,-105,-1
25,-99,-3
24,-74,-2
23,-60,-5
15,-45,-16
11,-41,-16
14,-38,-13
16,-39,-8
14,-58,0
10,-71,2
-6,-78,-16
-3,-76,-21
7,-66,-10
11,-65,-3
25,-56,-2
24,-80,-1
29,-98,4
25,-90,4
18,-78,3
17,-54,10
24,-46,11
23,-36,8
22,-36,7
22,-38,6
24,-42,7
27,-58,5
27,-68,4
28,-73,8
32,-76,9
36,-96,12
26,-92,5
25,-86,0
31,-90,6
28,-89,-3
26,-88,-10
24,-70,-16
24,-58,-12
24,-47,-5
15,-39,-8
11,-37,-10
7,-35,-9
7,-39,-5
7,-60,-2
2,-69,-11
2,-63,-11
7,-65,-7
20,-73,3
26,-75,6
34,-81,17
35,-93,18
25,-103,-3
6,-90,-18
10,-74,1
24,-58,11
37,-33,5
35,-30,6
24,-27,9
23,-28,27
-4,-27,-3
-6,-35,-19
37,-70,-11
49,-81,-5
54,-78,11
39,-109,9
44,-93,7
26,-96,-7
19,-96,-4
15,-81,3
15,-72,3
18,-48,7
18,-41,10
20,-39,13
18,-39,11
13,-35,6
10,-35,3
8,-40,2
7,-52,2
6,-77,-16
0,-80,-23
11,-82,-20
22,-77,-12
51,-84,24
56,-90,44
19,-93,6
10,-83,-5
2,-57,13
6,-32,17
11,-27,14
16,-28,7
18,-30,4
20,-33,3
21,-34,4
29,-52,8
30,-62,11
32,-85,15
35,-102,16
40,-96,13
36,-86,9
27,-96,7
20,-90,3
14,-74,-1
17,-60,4
22,-34,12
24,-30,13
23,-28,10
22,-31,8
17,-48,8
14,-65,5
2,-94,-12
-3,-96,-20
-5,-77,-17
12,-78,7
18,-71,9
25,-71,0
26,-71,4
22,-95,11
14,-90,5
7,-57,-7
6,-46,-4
18,-31,12
21,-25,14
23,-25,11
23,-30,9
19,-54,8
19,-74,6
22,-96,-3
30,-91,2
41,-75,26
45,-86,32
55,-64,32
54,-71,27
17,-116,-12
-3,-112,-35
4,-85,-32
8,-77,-16
26,-57,12
30,-59,12
21,-56,7
15,-64,3
13,-67,1
4,-78,-1
-2,-80,-3
-6,-64,-4
-5,-56,0
3,-50,4
9,-47,5
17,-58,6
26,-72,7
31,-102,-3
29,-107,-13
29,-98,-11
40,-96,0
55,-64,20
50,-44,24
31,-31,16
29,-33,13
37,-41,11
40,-50,7
47,-80,6
40,-67,15
36,-60,21
35,-73,20
33,-75,11
27,-88,-2
24,-116,-6
19,-124,-15
20,-109,-17
23,-80,-2
25,-70,7
28,-62,10
24,-63,8
9,-52,4
4,-43,3
-5,-30,-1
-9,-29,0
-7,-36,0
-1,-43,-1
7,-65,-7
11,-73,-11
27,-83,-10
37,-97,-1
76,-123,40
38,-99,5
31,-89,-11
19,-83,-12
9,-57,17
29,-33,17
33,-28,14
34,-33,12
29,-40,5
31,-34,5
38,-37,16
50,-49,30
56,-59,26
37,-68,5
20,-82,-7
13,-80,-7
19,-74,3
26,-100,1
29,-105,-5
23,-86,-4
20,-75,-1
20,-47,1
21,-41,3
21,-37,2
17,-38,-2
9,-41,-7
4,-42,-9
6,-63,-5
11,-67,1
13,-66,4
12,-73,3
14,-76,3
20,-76,12
20,-84,13
13,-109,2
7,-107,-6
12,-87,-6
31,-80,10
30,-48,10
36,-35,11
35,-24,8
32,-25,4
25,-33,1
23,-36,2
29,-49,13
37,-69,21
26,-93,6
21,-90,-2
17,-89,11
19,-89,10
32,-97,1
29,-92,-4
20,-81,-7
11,-49,-6
15,-41,-1
23,-39,6
25,-50,3
21,-69,-4
16,-69,0
-1,-67,0
-6,-62,-1
-11,-52,-8
-7,-50,-13
9,-51,-18
15,-54,-20
71,-78,-11
82,-125,2
45,-110,7
43,-88,6
43,-53,27
32,-36,21
30,-26,28
22,-13,29
13,-6,12
13,-6,5
24,-25,2
66,-64,14
62,-80,5
34,-66,2
23,-73,7
16,-86,17
23,-87,25
25,-108,15
22,-103,9
21,-82,2
28,-66,10
35,-45,5
41,-41,14
32,-40,14
29,-43,7
18,-48,-1
14,-51,-3
6,-62,-5
3,-68,-5
-4,-83,-9
-7,-80,-16
3,-73,-17
24,-66,-9
34,-69,1
38,-79,14
33,-87,11
21,-72,2
16,-60,1
11,-39,8
12,-33,10
13,-29,7
12,-31,5
14,-49,9
21,-59,16
36,-66,24
31,-60,18
25,-84,18
23,-86,12
24,-88,3
28,-79,8
46,-78,8
43,-92,1
33,-95,-2
30,-94,1
23,-73,0
22,-64,0
22,-59,6
17,-62,4
8,-55,4
5,-54,4
0,-50,4
0,-54,0
-1,-54,-3
0,-62,-9
-2,-62,-9
7,-58,-16
12,-61,-14
32,-93,-3
37,-111,-1
43,-115,-3
33,-102,-8
27,-65,9
34,-51,21
31,-38,19
19,-38,13
-4,-44,2
3,-48,6
32,-48,17
38,-49,21
31,-66,23
24,-71,19
19,-83,11
21,-83,6
24,-87,-5
29,-116,-11
29,-107,-6
35,-88,18
34,-75,20
32,-58,11
38,-57,4
13,-54,5
8,-55,8
-4,-52,0
-5,-52,1
-5,-53,-3
-3,-50,-5
3,-51,-4
4,-57,-4
18,-69,-9
36,-68,-4
26,-90,13
17,-117,21
7,-102,1
10,-94,-4
23,-73,20
30,-59,27
22,-37,13
19,-36,8
22,-38,12
32,-47,16
38,-56,17
43,-72,22
39,-73,20
21,-84,14
17,-92,10
28,-88,6
37,-78,7
26,-98,6
24,-101,6
21,-86,-2
19,-78,-2
3,-59,2
7,-53,1
16,-48,1
9,-45,1
6,-51,6
6,-52,8
16,-58,24
-7,-58,7
-17,-51,-3
-14,-47,-6
0,-65,-1
9,-76,1
12,-88,-4
16,-121,-15
20,-128,-22
37,-98,-10
42,-78,10
41,-46,26
33,-36,14
23,-32,2
15,-33,6
11,-34,13
11,-37,14
25,-58,18
31,-76,21
29,-93,17
29,-84,18
30,-95,23
32,-88,22
19,-85,8
13,-90,2
11,-90,-6
12,-82,-6
15,-58,3
21,-51,8
25,-45,4
19,-47,0
15,-50,-1
13,-64,-4
10,-68,-2
3,-72,5
-1,-77,3
-3,-66,-5
-1,-62,-7
12,-49,-2
16,-45,5
22,-74,15
21,-95,12
22,-110,-14
26,-102,-19
36,-73,8
44,-52,23
38,-31,14
27,-29,6
19,-30,3
15,-35,3
22,-51,9
29,-58,15
29,-70,15
25,-74,10
26,-96,13
34,-81,18
31,-83,15
21,-106,8
19,-108,4
15,-83,1
17,-73,6
7,-49,11
18,-39,15
16,-46,12
11,-42,9
1,-50,13
-4,-52,11
-6,-54,-5
-3,-55,-7
7,-54,-8
16,-52,-5
62,-67,4
83,-79,5
57,-92,14
51,-85,20
27,-61,22
22,-47,19
18,-28,24
17,-14,23
16,-9,21
21,-7,17
27,-13,19
42,-33,24
47,-49,21
39,-63,15
34,-63,20
50,-61,36
50,-62,33
31,-55,24
30,-55,23
35,-87,14
38,-104,5
35,-103,-11
32,-85,-8
36,-53,6
39,-46,6
36,-34,6
14,-24,8
8,-26,12
4,-30,12
12,-46,11
13,-63,18
6,-85,4
4,-88,-1
15,-81,-6
23,-69,6
27,-70,16
29,-95,22
26,-92,11
19,-66,-3
19,-53,4
41,-34,38
43,-26,30
37,-24,3
34,-33,1
2,-44,-1
-19,-47,-5
-4,-59,-14
25,-74,-21
60,-109,-14
55,-106,-12
52,-81,13
45,-80,22
43,-77,11
41,-70,1
23,-58,-9
13,-42,-7
11,-37,-5
14,-32,-3
16,-34,-4
19,-42,-7
18,-53,-9
-1,-66,-8
-4,-74,-12
10,-76,-8
21,-81,0
25,-84,5
19,-79,5
24,-84,16
21,-89,14
7,-87,-5
10,-71,-12
24,-48,6
17,-36,8
27,-31,9
28,-26,8
16,-30,5
26,-35,10
29,-49,14
31,-58,14
26,-63,16
30,-74,23
32,-86,16
21,-87,7
25,-78,6
35,-89,7
35,-90,6
30,-87,1
26,-79,-2
21,-54,-4
20,-45,-1
19,-43,-2
14,-44,-4
4,-40,-4
2,-44,-6
0,-59,-8
-1,-64,-6
3,-68,1
5,-72,0
16,-78,-7
21,-79,-4
25,-81,6
27,-92,10
24,-98,9
20,-92,8
5,-69,6
10,-44,0
16,-35,6
31,-17,23
28,-13,24
14,-21,15
12,-26,14
14,-49,17
14,-65,14
16,-88,-3
21,-94,-7
34,-101,4
39,-93,11
47,-85,14
45,-92,11
26,-91,-3
16,-82,-6
10,-58,1
14,-52,6
16,-43,6
15,-41,6
14,-46,6
12,-44,3
9,-61,1
6,-72,-3
-2,-72,-17
5,-55,-13
12,-54,-6
23,-58,6
24,-63,1
21,-78,-2
27,-93,7
23,-116,5
12,-95,-7
7,-63,-1
13,-50,12
26,-36,15
27,-32,10
24,-30,9
22,-33,9
25,-48,14
35,-65,27
32,-102,25
18,-82,18
18,-94,18
24,-98,17
23,-86,6
17,-78,-2
12,-74,-10
16,-70,-14
22,-68,-19
17,-59,-20
18,-49,-15
20,-42,-5
22,-45,-2
23,-55,1
18,-61,-1
6,-83,-7
-3,-87,-13
-8,-66,-12
0,-64,-7
11,-63,-3
17,-63,-3
25,-68,3
26,-77,8
21,-87,2
19,-80,-2
19,-67,5
23,-56,8
25,-41,4
23,-39,1
16,-41,-6
21,-41,-5
38,-42,6
55,-66,19
60,-79,18
51,-85,12
32,-81,15
20,-77,20
21,-73,18
27,-112,7
31,-127,4
24,-111,-5
19,-103,-7
19,-97,8
2,-80,-10
18,-66,4
-17,-48,-13
-19,-24,-9
-15,-24,-8
-6,-39,-6
-6,-52,-10
2,-61,-19
5,-59,-18
13,-58,-7
16,-70,-6
30,-94,-11
36,-106,-10
53,-118,21
56,-110,16
50,-81,3
12,-50,5
1,-42,13
2,-32,15
11,-30,16
26,-28,17
30,-30,18
32,-47,21
33,-62,21
21,-86,2
16,-90,-4
30,-98,9
38,-98,11
44,-98,7
39,-104,3
29,-103,-5
24,-95,-9
-3,-74,-1
-36,-43,-21
16,-40,-7
27,-33,0
21,-32,-1
14,-31,-5
8,-42,-7
4,-74,-18
1,-81,-25
3,-75,-27
9,-71,-21
28,-68,-7
38,-71,1
44,-74,14
41,-77,15
9,-86,-6
-5,-80,-11
10,-65,8
24,-56,17
38,-40,17
34,-35,13
21,-33,11
18,-33,9
25,-48,12
29,-66,15
25,-68,9
22,-67,7
32,-91,11
35,-94,6
33,-80,1
30,-93,0
25,-94,-7
18,-88,-13
14,-79,-14
11,-58,-12
13,-50,-7
18,-42,-1
20,-41,-1
19,-48,-1
15,-51,-2
5,-57,-7
0,-56,-9
1,-56,-3
3,-64,-7
8,-65,-14
16,-70,-21
34,-64,-11
44,-72,3
55,-103,16
44,-111,-1
-12,-73,-18
-11,-63,-5
22,-43,14
32,-36,19
21,-32,34
3,-42,28
3,-48,25
14,-59,24
20,-63,25
29,-53,25
22,-68,12
10,-101,-19
12,-103,-26
28,-91,-21
41,-92,-11
55,-93,1
43,-89,-5
20,-65,-7
16,-54,-5
14,-42,0
15,-40,1
13,-36,1
11,-40,3
0,-52,-2
-6,-54,-3
1,-56,0
4,-66,-1
7,-80,-17
10,-79,-19
29,-68,-8
58,-83,24
65,-95,30
8,-94,-24
-29,-77,-29
11,-71,1
29,-58,4
45,-47,3
39,-40,8
25,-23,8
25,-20,10
30,-32,1
38,-46,1
48,-71,2
52,-80,4
48,-87,0
39,-81,-3
19,-85,-8
11,-97,-14
6,-108,-16
14,-97,-10
29,-66,1
31,-52,4
25,-41,7
24,-41,9
13,-39,5
-2,-45,1
-9,-53,0
-12,-67,-8
-6,-58,-8
9,-57,-3
14,-64,-2
23,-73,-2
25,-75,-4
27,-93,-5
32,-110,-6
40,-112,-3
36,-92,-2
22,-72,11
19,-66,14
22,-37,10
18,-30,11
20,-28,15
19,-32,13
16,-42,11
17,-51,10
20,-58,9
25,-65,10
27,-80,13
25,-111,7
22,-112,0
20,-88,-5
16,-97,-7
13,-86,-9
15,-71,-7
24,-49,-2
23,-43,-1
14,-41,-3
12,-42,-4
13,-42,1
14,-45,1
7,-50,-4
6,-52,-5
8,-56,-5
10,-60,-6
16,-71,-4
20,-69,0
26,-70,4
27,-72,6
25,-100,-2
21,-110,-7
17,-80,-5
21,-66,7
31,-40,21
30,-32,15
18,-25,8
17,-26,10
17,-27,11
20,-38,15
24,-51,18
20,-74,22
12,-84,14
10,-94,-1
21,-101,4
39,-88,15
35,-94,7
18,-102,-14
17,-94,-15
17,-75,-8
19,-64,-6
22,-45,1
23,-42,3
17,-45,5
13,-48,3
0,-50,-3
-1,-53,-4
-1,-54,-10
3,-50,-10
11,-53,-9
17,-62,-5
20,-69,-5
21,-93,-5
21,-111,-8
21,-91,-8
27,-83,0
33,-73,14
32,-61,14
20,-38,12
16,-35,12
18,-34,9
22,-38,10
26,-56,13
29,-63,12
36,-77,21
31,-86,19
27,-111,14
23,-112,6
7,-87,-9
7,-96,-12
18,-90,-8
27,-77,-4
28,-69,4
19,-59,3
17,-57,2
4,-50,3
-7,-40,-1
-17,-27,-2
-13,-29,-1
-4,-42,-4
-1,-51,-8
8,-65,-14
13,-74,-15
29,-106,-4
40,-121,7
41,-108,11
31,-100,1
10,-67,-7
6,-57,4
15,-37,18
16,-32,16
19,-25,16
19,-27,16
25,-42,18
24,-56,18
20,-76,12
20,-77,11
24,-68,17
23,-92,11
21,-94,6
15,-87,-2
13,-96,-6
14,-91,-6
18,-79,-2
21,-52,4
23,-38,7
23,-32,11
17,-31,8
10,-38,5
5,-45,2
3,-62,-3
10,-63,-10
13,-63,-6
11,-66,-7
10,-71,-14
10,-69,-17
21,-73,-5
26,-88,3
19,-106,7
19,-99,8
10,-71,15
24,-41,16
25,-32,16
10,-25,12
8,-22,10
14,-29,6
18,-37,6
20,-59,9
22,-69,11
28,-71,15
28,-73,15
23,-91,12
21,-100,7
21,-96,2
24,-93,3
29,-81,3
29,-75,2
25,-58,1
22,-48,1
16,-36,4
18,-34,8
24,-38,8
22,-42,4
12,-63,-4
3,-70,-11
-5,-82,-19
-1,-82,-21
8,-79,-18
26,-69,-3
29,-53,9
21,-59,13
18,-69,7
18,-90,-6
13,-87,-9
16,-67,4
24,-54,10
36,-32,14
27,-30,10
17,-27,8
15,-28,6
20,-44,6
27,-65,9
31,-85,9
27,-69,3
37,-82,26
49,-86,37
40,-80,14
26,-96,-2
2,-118,-26
6,-108,-22
24,-83,-6
49,-54,17
50,-48,19
32,-52,-2
16,-51,-10
-2,-52,-11
-6,-55,-6
-7,-63,4
-2,-65,5
8,-57,-26
8,-58,-23
13,-65,-17
20,-55,-12
29,-72,-6
29,-90,11
24,-116,2
15,-104,-8
26,-79,8
38,-58,22
32,-38,18
22,-38,23
6,-33,18
0,-38,-3
32,-70,-19
50,-80,-20
69,-67,-12
65,-65,2
57,-75,7
64,-56,3
54,-63,-8
29,-112,-21
15,-123,-26
1,-109,-23
12,-93,-13
30,-63,2
34,-57,5
27,-60,2
19,-63,0
11,-62,6
4,-64,5
0,-64,-3
0,-66,-9
-5,-61,-12
-5,-56,-14
-1,-47,-14
8,-45,-17
29,-62,-15
31,-79,-5
41,-128,-5
43,-128,-7
43,-113,-12
59,-34,9
30,-34,24
46,-35,20
38,-34,14
25,-36,10
25,-41,10
21,-45,8
27,-52,8
36,-73,6
39,-87,2
32,-104,-4
41,-91,1
41,-98,1
44,-98,-2
32,-101,-11
27,-99,-8
17,-74,-9
15,-61,-9
14,-46,-6
14,-43,-4
15,-43,-1
10,-50,-3
6,-55,-7
-6,-63,-23
-10,-66,-33
1,-67,-32
11,-69,-22
29,-58,6
33,-56,12
33,-89,17
39,-112,22
23,-120,1
16,-108,-10
43,-84,21
40,-46,28
26,-33,15
25,-29,7
26,-33,-4
24,-38,-6
25,-53,-2
27,-63,0
27,-70,-1
36,-76,2
46,-94,5
44,-95,8
40,-89,16
39,-96,11
40,-100,2
30,-89,-13
19,-78,-15
9,-54,-22
-5,-50,-15
8,-46,-8
11,-43,-5
14,-48,0
10,-62,-5
3,-79,-15
-1,-80,-22
3,-69,-23
9,-62,-15
21,-65,4
25,-64,6
25,-82,0
27,-90,4
23,-92,5
16,-84,-4
10,-70,-9
14,-62,2
24,-44,13
22,-39,8
23,-39,2
29,-46,4
31,-57,4
41,-78,5
42,-72,7
43,-73,19
48,-75,28
46,-84,23
39,-90,18
22,-123,3
15,-120,-3
17,-96,-2
20,-80,4
43,-64,25
46,-66,27
29,-66,6
17,-63,1
5,-55,4
-1,-51,1
2,-49,2
1,-45,1
5,-32,0
5,-35,-3
6,-54,-2
10,-59,-3
7,-72,-1
18,-122,16
19,-128,7
33,-128,-4
29,-119,3
28,-79,24
29,-62,22
24,-50,-1
27,-50,-6
38,-44,-4
39,-43,-5
47,-59,0
52,-72,4
52,-64,7
48,-67,10
38,-82,11
31,-84,6
20,-86,0
16,-96,-3
19,-108,-5
21,-100,-4
23,-75,-1
21,-64,2
15,-55,8
17,-56,6
16,-60,5
10,-67,1
7,-71,0
-1,-73,-5
-3,-64,-6
0,-57,-7
3,-54,-6
15,-52,-1
20,-51,4
32,-79,14
40,-98,19
33,-121,0
28,-111,-7
15,-77,11
12,-57,21
13,-37,11
16,-35,6
22,-36,0
23,-38,-4
33,-51,-5
39,-59,-3
46,-59,9
46,-59,18
40,-82,28
43,-101,27
32,-103,14
15,-116,2
8,-113,1
5,-89,3
10,-72,6
18,-47,10
21,-41,12
27,-47,10
29,-48,7
53,-60,1
37,-63,-10
1,-50,-14
-9,-39,-12
17,-32,6
35,-30,19
49,-16,18
37,-11,21
50,-30,43
55,-50,50
58,-92,37
44,-86,25
11,-71,55
13,-53,65
20,-30,29
15,-13,21
6,8,12
7,-3,22
17,-17,33
54,-59,42
78,-74,39
72,-78,50
52,-82,61
29,-62,39
28,-52,27
45,-46,24
44,-49,17
72,-44,25
64,-40,26
11,-33,15
4,-33,21
26,-27,14
24,-21,8
6,-14,3
8,-8,1
37,-11,11
53,-25,25
79,-56,34
75,-79,31
78,-91,35
100,-68,11
88,-66,-3
45,-69,-17
36,-67,-12
26,-64,-1
18,-57,3
35,-40,12
30,-35,8
8,-16,9
-2,-9,9
-1,-1,16
8,-1,22
29,-5,34
38,-13,36
58,-28,40
60,-29,42
52,-24,48
60,-27,56
79,-34,64
81,-48,67
79,-75,64
71,-78,60
46,-64,37
32,-48,24
18,-23,15
17,-14,15
13,-11,16
6,-13,11
2,-16,9
2,-25,5
7,-29,3
21,-42,4
34,-56,6
49,-83,8
45,-89,7
38,-113,14
43,-120,19
42,-100,10
33,-86,1
14,-71,11
14,-54,19
26,-36,15
31,-32,13
24,-24,8
27,-24,8
22,-30,7
22,-37,7
24,-53,9
27,-60,10
35,-80,16
41,-115,13
36,-109,1
17,-91,-4
20,-95,4
28,-88,5
34,-80,4
36,-56,7
28,-47,6
-15,-38,-6
11,-29,4
7,-34,3
15,-38,7
11,-57,4
8,-68,-3
0,-79,-24
3,-73,-26
13,-67,-16
23,-76,-4
30,-66,7
29,-68,7
27,-97,5
21,-96,-4
12,-75,-8
11,-54,5
13,-44,9
16,-35,10
16,-34,8
17,-45,3
19,-52,2
27,-55,7
29,-59,8
36,-77,15
39,-76,18
41,-86,21
36,-78,19
27,-63,19
28,-80,21
23,-123,5
15,-120,-6
10,-91,-7
14,-76,2
28,-56,15
32,-52,17
23,-45,9
14,-38,3
3,-41,4
-16,-41,5
-31,-49,-15
-19,-62,-28
4,-63,-29
28,-74,2
37,-79,21
37,-106,19
38,-114,9
26,-100,-15
19,-85,-18
4,-68,-2
6,-59,7
14,-40,13
16,-36,10
20,-32,7
22,-33,9
23,-41,13
27,-54,15
39,-75,29
45,-77,39
35,-105,29
31,-115,17
22,-102,-10
18,-101,-13
22,-92,-3
23,-82,2
27,-69,6
20,-61,-7
19,-53,-11
6,-42,-14
10,-44,-13
16,-42,-3
17,-49,0
14,-82,-5
8,-89,-10
0,-91,-10
-4,-86,-10
-2,-80,2
4,-68,9
20,-52,10
21,-57,12
20,-66,12
14,-75,3
11,-90,-18
19,-88,-20
46,-68,13
53,-48,26
38,-40,19
35,-43,17
36,-48,16
31,-50,14
26,-57,18
23,-74,20
22,-79,18
21,-98,13
21,-104,9
21,-89,4
20,-89,3
21,-95,4
23,-94,1
22,-75,-5
20,-62,-6
15,-42,-2
16,-37,0
17,-39,2
15,-40,1
8,-47,-3
5,-55,-6
-3,-63,-15
-2,-62,-15
13,-52,-4
20,-45,4
45,-63,44
58,-89,56
43,-120,25
23,-104,2
-13,-79,7
7,-61,25
19,-46,26
31,-27,28
28,-19,27
15,-11,15
12,-10,12
10,-13,3
14,-19,1
30,-45,-2
40,-58,-5
87,-67,-1
82,-77,-2
52,-91,-3
36,-75,8
3,-83,12
11,-87,16
44,-81,16
27,-57,26
20,-44,30
19,-35,30
24,-30,25
23,-29,20
17,-37,9
14,-45,6
9,-72,-1
5,-78,-13
8,-66,-12
12,-70,-5
16,-67,-1
26,-71,1
33,-71,8
39,-88,22
29,-97,12
7,-81,-9
7,-71,-2
16,-43,27
18,-33,31
14,-25,25
12,-23,25
5,-24,9
7,-29,-2
27,-48,-1
47,-71,11
83,-92,29
76,-86,22
31,-97,8
10,-92,0
12,-102,-3
33,-96,-6
36,-94,-7
27,-72,-3
27,-57,3
20,-44,4
18,-43,2
17,-42,0
14,-47,-1
7,-48,-4
3,-47,-5
-2,-52,-9
-2,-52,-13
5,-64,-17
9,-70,-19
23,-69,-9
29,-79,0
39,-105,11
47,-107,16
40,-96,3
18,-80,-12
4,-61,14
0,-46,16
17,-37,11
25,-33,9
29,-32,8
28,-37,6
28,-48,7
28,-84,4
29,-87,4
32,-82,16
30,-95,17
36,-119,5
29,-106,-4
23,-73,3
24,-72,7
24,-65,2
19,-63,1
-1,-53,-9
-8,-40,-1
5,-35,-1
12,-31,0
15,-45,0
16,-54,0
13,-79,-11
9,-79,-17
9,-67,-11
10,-68,-8
20,-64,0
24,-59,2
24,-76,5
24,-93,7
20,-95,3
12,-75,9
11,-61,14
11,-40,18
13,-34,12
30,-28,15
30,-27,13
23,-38,11
25,-49,12
26,-84,7
31,-93,7
36,-80,22
31,-83,26
29,-86,17
27,-74,12
27,-79,7
30,-94,12
20,-105,-4
16,-90,-10
14,-62,-2
15,-52,6
23,-49,6
20,-46,0
15,-48,-2
7,-54,-4
5,-58,-6
0,-64,-18
0,-60,-21
8,-59,-17
17,-64,-10
25,-66,0
29,-63,7
43,-90,42
41,-110,27
12,-86,-24
3,-72,-17
3,-55,19
8,-45,23
25,-36,17
32,-36,16
30,-44,16
30,-50,14
27,-61,15
30,-66,20
31,-70,19
28,-92,11
26,-104,4
27,-86,-2
29,-90,0
27,-92,1
27,-92,-2
19,-71,-8
13,-57,-7
13,-43,0
16,-40,2
18,-38,2
17,-38,1
12,-45,-1
10,-50,0
6,-72,-3
4,-77,-7
6,-77,-11
10,-75,-8
21,-73,-1
24,-70,3
26,-77,10
26,-83,14
16,-88,0
12,-78,-8
13,-54,3
16,-43,11
19,-34,11
19,-35,6
20,-38,7
24,-49,8
27,-58,9
35,-77,12
38,-75,16
36,-80,21
36,-90,21
21,-98,3
13,-91,-4
20,-91,4
27,-83,11
33,-76,6
27,-69,1
30,-55,13
2,-49,-6
8,-33,8
6,-40,5
19,-46,5
20,-55,3
12,-64,-6
3,-67,-13
3,-63,-13
6,-74,-13
12,-74,-13
28,-68,-1
31,-77,8
27,-108,11
18,-95,-2
18,-61,-4
15,-50,5
13,-33,16
12,-29,12
15,-28,11
19,-34,13
23,-48,16
23,-56,15
25,-81,16
27,-84,16
27,-90,11
28,-98,9
31,-86,9
31,-79,8
32,-88,6
27,-85,-1
17,-72,-6
16,-53,0
16,-47,7
16,-45,1
-12,-33,0
7,-48,0
9,-48,-1
12,-66,-7
9,-72,-12
5,-66,-17
6,-67,-16
11,-69,-8
16,-69,-6
24,-70,-2
25,-88,1
23,-95,6
16,-85,7
13,-61,14
11,-48,15
7,-27,2
21,-27,14
6,-16,9
18,-24,5
17,-36,-3
21,-52,-3
37,-87,2
48,-105,11
43,-112,9
29,-94,10
22,-75,13
27,-88,14
29,-89,6
24,-81,-8
19,-68,-8
17,-51,-4
21,-46,-2
21,-37,2
20,-36,1
16,-50,-1
13,-61,-3
6,-71,-9
2,-72,-14
0,-59,-14
2,-56,-11
14,-65,-5
19,-72,-7
21,-81,-8
24,-97,0
23,-101,7
18,-87,3
15,-60,4
17,-40,12
14,-32,10
22,-29,7
23,-28,5
24,-40,4
26,-54,5
30,-77,5
36,-75,10
41,-79,22
40,-91,21
32,-83,7
23,-77,1
22,-88,0
25,-94,-4
20,-89,-13
19,-76,-13
16,-51,-2
20,-48,7
23,-57,4
22,-63,0
16,-65,-3
14,-72,-1
5,-86,-4
-1,-82,-10
-10,-57,-14
-3,-43,-10
6,-44,-6
22,-66,0
26,-83,4
26,-123,0
24,-113,-4
17,-75,-2
16,-60,5
25,-47,10
25,-43,10
25,-49,9
26,-53,9
27,-58,12
28,-63,12
31,-67,9
32,-70,7
44,-88,17
47,-94,15
27,-92,-5
26,-97,-8
27,-98,-4
28,-94,-1
24,-74,-7
22,-63,-11
17,-46,-6
21,-40,-1
24,-44,1
20,-50,-4
16,-52,-7
10,-59,-8
17,-65,-6
37,-68,2
53,-64,12
45,-57,27
43,-48,30
60,-48,42
62,-53,43
49,-54,36
38,-48,34
24,-28,29
19,-19,28
11,-11,28
1,-8,26
-3,-5,34
4,-4,40
10,-9,47
15,-14,52
30,-23,61
35,-29,62
38,-37,55
60,-53,62
61,-51,62
56,-41,55
57,-35,52
44,-27,40
35,-23,36
22,-15,32
20,-14,29
15,-12,21
13,-14,17
12,-28,11
13,-36,10
17,-69,13
21,-85,10
33,-93,13
43,-97,24
29,-84,24
23,-83,24
39,-91,16
43,-88,17
26,-69,7
22,-58,2
26,-38,10
26,-26,11
23,-24,9
21,-29,12
21,-35,15
20,-48,14
23,-56,12
13,-76,7
17,-81,5
31,-90,16
30,-92,18
24,-77,19
19,-79,21
9,-91,11
8,-90,2
17,-76,-3
28,-63,2
27,-41,4
20,-35,-5
13,-31,-9
-1,-22,-3
20,-31,17
30,-42,16
10,-59,-6
4,-68,-16
-6,-75,-18
8,-76,0
28,-90,2
29,-74,9
32,-69,12
28,-86,9
19,-83,4
7,-66,5
17,-56,10
20,-36,13
19,-30,13
14,-24,10
13,-27,11
13,-39,11
14,-50,12
12,-62,8
15,-65,10
21,-69,16
22,-73,16
18,-99,0
16,-92,-7
25,-85,-4
32,-88,4
38,-82,9
34,-74,7
24,-52,14
11,-39,15
12,-32,9
17,-33,-1
19,-32,0
16,-38,3
12,-45,5
4,-74,-1
4,-81,-5
12,-85,0
14,-86,5
16,-80,8
13,-68,9
5,-62,11
7,-65,13
22,-74,15
22,-71,11
15,-50,6
14,-41,9
17,-29,13
20,-26,11
20,-27,9
17,-34,10
17,-42,11
23,-58,13
17,-29,13
20,-26,11
20,-27,9
17,-34,10
17,-42,11
23,-58,13
25,-64,17
29,-73,23
29,-79,22
24,-92,12
19,-83,7
25,-85,8
34,-95,13
42,-92,15
31,-82,11
17,-60,7
18,-49,9
44,-42,13
49,-43,10
45,-45,3
43,-43,4
61,-42,8
64,-45,10
55,-56,20
52,-63,26
39,-78,32
30,-75,30
23,-73,40
15,-77,45
-1,-70,38
-5,-57,34
-4,-50,29
10,-22,28
6,-17,33
1,-5,34
-1,-5,34
-5,-6,39
-13,-10,42
-11,3,46
4,-2,54
14,-18,71
17,-15,81
24,-16,82
29,-19,83
30,-17,82
33,-16,82
30,-13,80
31,-15,75
29,-27,62
21,-31,57
14,-17,41
6,-27,28
-1,-3,28
-4,0,34
-2,-2,29
16,-24,41
13,-24,49
14,-22,56
10,-21,58
27,-34,82
35,-43,83
29,-40,94
29,-44,94
21,-67,50
22,-43,41
20,-45,48
17,-39,48
8,-20,35
4,-15,31
6,-9,31
8,-7,35
15,-8,43
12,-4,44
15,-6,53
16,-8,58
22,-10,66
23,-12,65
24,-23,61
47,-35,60
57,-33,65
52,-39,72
47,-42,74
29,-38,66
24,-30,57
19,-20,44
18,-14,40
17,-8,37
17,-7,36
9,-11,31
11,-15,32
15,-35,37
14,-44,36
18,-62,34
20,-69,32
25,-71,21
27,-68,19
23,-57,22
21,-61,23
12,-74,16
12,-80,6
23,-82,-8
28,-78,-8
38,-59,1
38,-43,5
34,-40,5
31,-46,0
29,-48,-2
23,-52,-4
25,-63,-2
33,-69,7
39,-63,16
38,-61,24
36,-69,22
33,-85,16
30,-84,15
30,-86,17
33,-93,18
29,-94,12
25,-89,7
15,-62,3
15,-53,4
16,-52,5
18,-51,4
15,-48,2
13,-49,2
8,-58,-2
6,-60,-6
5,-62,-9
10,-63,-10
16,-60,-8
24,-55,-3
28,-46,1
33,-59,13
32,-67,16
25,-80,11
20,-84,2
7,-70,-5
6,-61,4
7,-45,20
33,-42,24
21,-41,10
24,-44,11
27,-47,18
30,-54,22
35,-69,26
35,-75,28
24,-79,22
17,-85,17
16,-96,10
19,-99,8
22,-82,3
23,-87,2
25,-87,3
24,-79,-1
19,-68,-5
13,-48,-6
12,-44,-4
16,-44,-1
16,-44,-2
13,-49,-10
8,-53,-15
2,-52,-19
11,-50,-18
2,-52,-14
10,-60,-13
19,-71,-11
27,-74,-7
42,-75,2
51,-83,10
44,-93,2
19,-82,-15
-17,-73,-32
-72,-67,6
29,-41,34
56,-43,28
46,-38,6
29,-45,4
20,-47,0
10,-50,0
10,-48,3
19,-52,12
24,-56,15
33,-90,15
33,-103,9
22,-79,-2
24,-80,3
32,-91,13
37,-92,7
29,-77,-9
23,-67,-11
9,-50,-11
5,-45,-9
10,-42,-4
13,-43,-3
14,-48,-7
9,-50,-11
4,-57,-15
4,-58,-16
11,-64,-13
12,-70,-14
9,-74,-18
10,-74,-18
11,-76,-22
22,-72,-8
22,-80,-6
10,-89,-4
-3,-82,-5
52,-64,46
99,-24,31
62,-22,0
56,-21,14
7,-29,-6
11,-32,-6
17,-45,-6
19,-52,-8
20,-63,-8
17,-67,-11
21,-76,-7
26,-85,-5
29,-80,-10
34,-71,-3
59,-76,17
61,-83,15
25,-86,-15
3,-73,-4
9,-60,2
23,-45,8
23,-43,9
21,-41,9
17,-43,7
10,-52,-3
9,-59,-6
7,-73,-15
8,-70,-16
17,-68,-9
20,-71,-7
22,-71,-6
19,-65,-8
20,-58,1
26,-62,8
17,-82,6
7,-83,0
4,-69,8
12,-60,17
15,-46,17
2,-44,12
48,-38,47
15,-32,20
21,-33,4
22,-41,6
23,-45,9
21,-55,9
21,-59,9
23,-88,7
21,-100,0
31,-103,-2
37,-77,5
41,-62,18
39,-65,18
32,-69,10
24,-68,3
16,-61,-5
18,-57,-5
19,-54,2
17,-55,1
18,-55,4
14,-56,3
14,-59,-2
13,-60,-4
13,-63,-2
13,-67,-4
14,-74,-11
15,-69,-8
19,-59,-1
20,-64,1
24,-66,10
19,-60,16
15,-67,16
6,-70,9
4,-63,5
13,-48,6
19,-43,7
30,-43,12
31,-49,13
21,-56,9
18,-58,9
21,-52,15
25,-49,18
27,-49,16
28,-50,19
18,-55,18
21,-62,16
27,-85,23
27,-90,22
32,-79,23
29,-74,23
26,-93,13
21,-100,5
13,-94,-6
16,-72,-5
20,-63,-2
26,-59,3
25,-60,5
14,-61,2
10,-60,1
2,-63,-5
-1,-59,-7
7,-53,0
12,-56,6
10,-58,3
9,-55,2
9,-59,2
9,-63,0
21,-80,-1
32,-83,10
41,-75,32
41,-72,33
12,-68,14
0,-67,9
10,-59,12
29,-51,15
32,-48,19
26,-53,17
25,-54,11
38,-55,6
39,-53,16
26,-48,17
21,-48,16
16,-51,15
16,-51,17
20,-53,23
21,-56,23
22,-61,23
17,-60,23
19,-60,18
18,-73,9
20,-89,-8
24,-69,-10
43,-60,8
47,-66,13
37,-76,13
31,-79,13
25,-84,12
20,-86,11
8,-79,8
4,-70,7
3,-54,8
9,-46,10
10,-44,9
12,-44,7
12,-45,4
14,-54,1
14,-68,-1
15,-86,-14
17,-87,-16
25,-81,-6
36,-61,4
37,-40,15
34,-40,13
30,-54,16
26,-60,16
14,-60,16
9,-54,15
17,-46,14
44,-46,23
60,-64,14
49,-75,4
13,-103,-16
10,-108,-11
-5,-103,3
-31,-94,-2
-35,-57,-22
20,-55,13
22,-66,19
40,-58,43
55,-54,46
31,-44,5
31,-47,5
30,-53,12
22,-54,14
24,-51,17
21,-50,13
21,-47,13
22,-45,15
25,-42,15
26,-43,12
46,-54,27
51,-67,44
44,-68,29
33,-60,14
26,-48,10
25,-45,13
31,-41,15
32,-39,10
35,-38,2
44,-43,10
55,-50,16
49,-47,8
44,-46,5
39,-43,11
39,-41,15
37,-41,19
40,-38,14
39,-40,15
31,-45,20
26,-51,22
25,-55,24
35,-62,24
33,-62,16
9,-59,-1
11,-58,1
9,-62,12
16,-59,15
41,-62,9
40,-60,4
39,-62,-3
37,-59,-3
28,-54,-1
19,-49,2
19,-57,3
33,-63,17
28,-64,16
18,-59,-4
21,-50,-6
41,-52,-3
44,-47,-4
31,-48,-15
47,-48,-22
46,-45,-8
33,-43,-7
27,-51,4
28,-51,5
27,-56,3
38,-64,2
38,-62,-9
37,-67,-6
61,-56,-1
32,-50,1
51,-47,-8
56,-49,3
21,-46,19
25,-46,15
33,-29,-15
11,-35,-11
13,-31,2
28,-29,-3
49,-43,-5
54,-68,2
63,-71,4
31,-48,-19
26,-45,-23
23,-48,-3
31,-50,3
34,-52,-6
31,-53,-8
35,-60,-6
36,-63,-8
34,-67,-19
49,-65,-13
60,-54,-12
47,-47,-15
26,-35,-11
29,-37,-12
44,-38,-5
46,-43,-2
49,-55,1
54,-60,5
56,-65,6
33,-66,-4
18,-54,4
22,-56,7
28,-55,1
18,-61,-11
19,-58,-11
22,-55,5
35,-55,16
43,-48,7
37,-43,3
26,-40,1
23,-42,2
28,-51,4
27,-47,1
44,-53,2
46,-52,6
48,-47,10
52,-45,10
45,-38,8
36,-37,8
37,-38,10
39,-40,8
41,-44,10
41,-47,14
45,-50,10
56,-52,7
57,-54,5
45,-60,10
42,-58,13
30,-48,-5
25,-45,-9
14,-40,-9
25,-45,-8
34,-49,-17
37,-52,-15
35,-58,-10
31,-63,-15
25,-61,-8
24,-60,-9
25,-54,-9
33,-50,-9
39,-45,-8
42,-44,-7
38,-47,-4
31,-48,-4
35,-50,-5
35,-51,-7
31,-56,-7
31,-56,-7
41,-57,-13
57,-65,-11
63,-63,-10
40,-56,-4
38,-59,2
22,-59,-4
19,-59,1
11,-71,4
13,-69,5
28,-62,2
35,-57,8
34,-47,4
26,-43,3
22,-38,0
24,-35,9
18,-36,16
18,-33,16
32,-31,28
38,-30,30
85,-41,15
90,-56,14
53,-55,11
44,-49,17
37,-58,12
55,-81,26
19,-51,-13
8,-43,-19
18,-49,-10
32,-59,4
22,-61,-4
19,-59,-9
25,-55,-6
35,-47,-2
35,-45,-5
38,-47,-2
33,-50,1
22,-59,3
21,-63,2
25,-62,-2
27,-61,1
33,-64,-7
36,-73,-3
38,-74,-2
38,-72,1
39,-74,3
31,-64,0
8,-59,3
-4,-65,5
-3,-62,10
12,-61,9
30,-50,1
28,-42,6
24,-38,10
16,-34,13
16,-35,15
16,-34,13
18,-33,13
30,-35,33
45,-37,31
100,-60,16
103,-66,23
56,-53,16
34,-47,8
44,-65,9
26,-47,6
12,-55,-13
30,-66,-15
37,-69,1
26,-66,-5
13,-54,-16
21,-56,-3
33,-66,8
32,-63,7
37,-43,-5
47,-37,-12
47,-43,-6
38,-46,-8
38,-50,-13
45,-58,-11
41,-64,-16
44,-74,-9
50,-73,-5
61,-67,11
45,-57,9
18,-43,0
-1,-37,-3
3,-29,-1
3,-25,-1
10,-25,-8
18,-28,-11
29,-34,12
28,-33,15
26,-61,-1
37,-74,5
26,-78,-1
26,-75,3
30,-60,9
30,-60,6
26,-68,-1
11,-78,-16
9,-85,-23
17,-84,-29
21,-79,-28
-79,-64,-39
7,-25,-128
47,-128,-29
-22,40,-14
8,-111,21
-46,-7,25
-17,-87,-2
1,-85,-4
14,-64,-13
20,-71,-10
9,-61,-14
9,-62,-14
10,-71,-19
8,-80,-19
15,-92,-20
21,-94,-13
27,-83,1
28,-74,5
26,-45,11
20,-47,4
8,-43,-9
3,-45,-9
8,-46,-4
16,-49,2
19,-49,3
20,-44,4
17,-44,4
8,-54,13
-9,-59,20
11,-56,18
17,-55,10
24,-53,7
25,-57,7
21,-71,3
17,-80,-4
16,-97,-13
19,-83,-9
29,-75,6
28,-81,3
21,-83,-13
15,-82,-17
5,-67,-14
8,-57,-9
26,-49,8
22,-55,-9
-28,-39,-7
-15,-42,-10
-3,-46,-9
16,-75,-7
18,-77,-5
14,-80,-1
13,-82,2
8,-88,-7
8,-97,-15
17,-85,-23
26,-72,-12
32,-61,8
27,-62,8
20,-59,0
19,-57,2
18,-54,9
17,-51,10
14,-43,8
13,-44,8
-4,-55,39
-46,-66,39
-11,-53,0
-11,-47,-10
-4,-68,-5
7,-72,-6
29,-82,-23
32,-101,-13
25,-106,-9
23,-87,-9
20,-84,-13
20,-77,-13
20,-73,-12
16,-56,-6
15,-50,-3
18,-47,2
4,-41,-1
1,-49,-13
2,-52,-17
7,-57,-25
9,-55,-25
19,-54,-15
19,-57,-4
23,-65,3
27,-67,1
33,-69,5
32,-72,6
36,-58,9
37,-57,18
12,-61,28
21,-61,23
21,-57,23
35,-45,22
30,-36,17
20,-27,6
22,-26,2
26,-32,-9
30,-35,-5
22,-41,-2
20,-44,-2
27,-45,4
34,-44,8
44,-58,19
43,-68,24
28,-99,18
14,-114,8
1,-103,4
3,-99,10
12,-90,23
16,-85,25
22,-71,27
8,-70,16
11,-46,19
10,-48,18
14,-60,17
17,-64,7
16,-52,11
14,-37,8
16,-34,5
21,-29,8
26,-24,19
22,-33,21
-1,-54,-2
-14,-93,-50
-4,-87,-56
66,-111,-4
93,-123,34
57,-76,19
56,-54,15
51,-35,6
44,-30,0
22,-29,5
21,-32,16
36,-46,50
42,-51,52
40,-74,38
29,-89,27
2,-91,10
-9,-96,2
-6,-100,6
17,-119,-15
25,-127,-36
27,-94,-31
48,-89,-4
51,-71,-1
70,-57,2
17,-51,3
-8,-39,-4
-5,-30,5
1,-24,1
14,-34,11
11,-42,15
3,-50,5
23,-47,2
36,-37,-20
28,-45,-21
5,-67,1
-2,-73,10
-2,-87,16
3,-101,14
19,-118,20
23,-104,25
13,-79,28
-16,-64,34
34,-45,41
64,-27,27
41,-34,19
23,-30,13
15,-37,6
24,-54,0
35,-58,5
43,-66,15
39,-69,13
31,-83,4
24,-88,0
12,-89,-2
15,-89,2
29,-96,9
32,-94,11
30,-90,8
24,-75,8
17,-52,9
13,-47,9
16,-43,6
17,-42,4
14,-39,0
10,-39,-1
5,-50,-4
0,-57,-16
-1,-60,-21
12,-75,-20
22,-76,-21
32,-77,-46
52,-83,-50
108,-71,-12
96,-57,-9
46,-67,-28
31,-67,-32
64,-55,-19
81,-53,-4
50,-38,16
34,-29,20
-8,-10,17
-14,-2,20
20,-6,25
39,-12,26
52,-25,24
59,-32,28
40,-43,22
56,-50,38
98,-50,35
65,-29,23
58,-38,20
58,-46,19
56,-49,19
50,-47,18
44,-42,18
27,-30,19
21,-26,17
16,-22,12
12,-21,5
18,-25,8
20,-26,10
19,-35,7
18,-41,4
17,-63,-1
19,-82,-6
27,-101,-14
29,-109,-12
41,-115,-1
39,-100,0
29,-85,2
29,-75,5
31,-50,11
30,-37,13
25,-26,12
20,-26,7
20,-27,5
-3,-36,8
5,-47,12
26,-61,8
24,-69,5
27,-82,7
23,-89,11
27,-93,17
26,-79,15
26,-75,12
25,-83,8
24,-86,-1
21,-83,-4
16,-70,-3
16,-59,0
16,-44,5
16,-40,5
16,-40,1
15,-41,0
12,-47,-4
11,-51,-5
9,-66,-9
9,-70,-13
12,-63,-11
19,-66,0
20,-65,1
28,-69,3
32,-74,10
37,-92,15
22,-86,0
-2,-69,-3
-7,-63,7
0,-46,15
10,-40,14
30,-31,17
32,-31,15
32,-31,14
30,-35,12
21,-52,-2
19,-54,-13
34,-67,-5
41,-69,5
43,-89,5
44,-89,1
46,-79,6
41,-82,5
29,-94,-2
25,-97,-5
17,-81,-1
14,-51,2
15,-41,3
16,-38,4
16,-40,2
13,-38,-2
12,-38,-1
9,-46,-1
9,-51,-4
8,-58,-8
9,-62,-9
12,-71,-9
16,-79,-8
26,-88,-4
32,-89,0
39,-87,18
33,-82,15
12,-69,-5
10,-65,-5
13,-50,14
13,-42,18
14,-33,12
15,-33,11
22,-41,14
26,-48,16
26,-60,19
22,-68,17
19,-72,19
17,-79,19
18,-81,17
19,-84,8
20,-79,8
24,-75,8
25,-85,8
25,-97,-1
25,-92,-3
18,-69,-5
15,-54,-3
15,-43,0
16,-44,0
13,-46,-5
11,-48,-6
8,-53,-9
8,-56,-10
8,-59,-10
8,-59,-9
7,-65,-9
8,-66,-11
16,-77,-15
34,-73,6
49,-83,30
32,-93,21
3,-77,-13
-50,-75,20
39,-49,52
24,-39,20
32,-30,12
23,-29,3
25,-34,4
24,-41,1
20,-43,2
18,-55,6
22,-63,8
31,-86,9
34,-97,7
33,-101,9
33,-94,12
25,-82,10
24,-82,9
20,-87,5
14,-87,7
3,-78,1
-11,-56,0
-4,-37,2
4,-49,-7
19,-49,-9
29,-48,-6
28,-55,-4
14,-67,-9
10,-69,-10
8,-72,-8
8,-73,-7
10,-72,-7
13,-66,-6
21,-57,-1
23,-53,6
28,-62,18
26,-70,17
21,-76,7
18,-69,5
15,-55,15
16,-50,17
22,-53,14
23,-56,13
24,-61,15
23,-65,17
25,-64,22
26,-65,23
25,-64,25
17,-68,15
13,-72,8
12,-67,-3
15,-59,-4
21,-76,-5
27,-92,-6
28,-93,-23
20,-82,-29
12,-56,-8
14,-48,2
20,-42,3
22,-42,-1
20,-40,-8
17,-43,-10
11,-50,-9
7,-57,-12
2,-79,-23
1,-87,-28
6,-88,-26
12,-89,-19
28,-61,1
31,-53,6
37,-50,24
32,-62,18
21,-62,2
-2,-57,-13
-6,-52,-10
3,-43,4
6,-43,18
51,-45,25
34,-47,15
32,-53,12
27,-59,9
15,-68,3
12,-72,2
15,-81,13
17,-84,15
18,-88,7
18,-88,2
19,-70,1
26,-71,7
33,-75,11
30,-78,2
18,-78,-14
10,-71,-17
9,-53,-8
11,-50,-4
17,-45,-2
17,-45,-3
14,-47,-6
9,-48,-8
7,-52,-9
7,-64,-11
8,-71,-13
12,-75,-12
15,-77,-7
21,-69,2
22,-62,5
23,-61,9
25,-62,13
23,-76,13
15,-74,6
4,-56,-4
3,-48,-1
14,-37,10
17,-36,12
23,-41,11
24,-44,11
25,-55,12
27,-66,15
27,-79,17
25,-80,17
16,-84,14
14,-90,5
16,-78,2
24,-76,10
28,-83,12
24,-97,-5
18,-93,-13
8,-73,-17
7,-60,-13
13,-45,-2
16,-42,-1
18,-39,-2
16,-38,-5
10,-37,-7
8,-43,-7
3,-65,-12
1,-71,-18
7,-74,-16
12,-80,-12
23,-73,-9
34,-77,9
56,-82,39
56,-78,32
30,-69,-1
-16,-63,-16
-43,-56,-16
10,-37,10
30,-28,14
25,-31,5
33,-32,10
31,-39,14
29,-47,13
30,-63,13
30,-69,15
34,-85,25
29,-93,26
15,-103,15
9,-88,8
5,-71,3
10,-73,2
22,-81,-2
24,-80,-6
24,-66,-6
21,-57,-4
17,-45,1
17,-44,0
18,-45,-3
17,-46,-5
12,-46,-7
10,-47,-6
8,-47,-8
8,-52,-10
11,-64,-10
13,-84,-10
18,-75,-3
32,-64,22
38,-73,28
35,-82,25
19,-89,8
-7,-78,-8
-12,-72,-12
12,-49,13
24,-39,15
28,-34,7
34,-31,8
24,-32,4
22,-35,4
25,-44,8
25,-54,11
29,-78,16
27,-83,16
21,-95,13
10,-95,18
3,-89,13
20,-75,-14
39,-72,-16
59,-78,-6
52,-81,-5
22,-68,2
17,-60,3
20,-60,-8
31,-44,-6
30,-27,1
24,-32,1
17,-46,-2
20,-56,-1
58,-74,1
39,-75,-15
-5,-58,-29
-7,-56,-21
-2,-48,-7
7,-52,-3
24,-76,15
32,-99,20
39,-117,-4
53,-107,0
51,-61,25
17,-38,23
-18,-43,23
3,-51,23
24,-66,14
58,-54,26
54,-44,37
37,-45,48
30,-52,42
22,-79,23
16,-97,11
10,-97,-2
7,-94,-2
9,-90,-4
22,-88,-5
54,-98,-4
61,-102,-3
39,-79,-6
35,-66,-8
49,-61,-16
54,-62,-21
38,-60,-22
10,-47,-28
-25,-13,-33
-6,-1,-25
42,-20,-7
61,-22,-15
95,-4,-9
127,18,15
127,29,16
110,21,11
87,14,4
53,1,-1
38,-2,2
19,-3,13
10,1,13
1,14,30
6,15,29
-1,40,-1
15,46,-8
28,55,-5
44,57,4
65,63,-3
58,68,-5
59,70,0
57,75,-7
40,70,-19
27,72,-21
14,69,-16
1,69,-13
52,56,11
60,28,21
40,22,16
17,29,-3
32,31,-5
4,40,-6
6,30,2
-24,62,-9
0,73,-1
68,57,25
49,55,27
28,59,29
47,64,47
67,65,18
77,67,1
67,52,-2
56,41,0
51,23,-10
39,23,-11
35,23,-4
46,18,-6
31,23,-1
23,27,-6
22,31,-10
17,44,-22
14,53,-24
37,69,-29
51,68,-32
61,64,-27
65,63,-26
83,57,-23
74,53,-30
45,51,-44
36,50,-47
40,47,-41
52,42,-31
50,23,-14
38,18,-7
18,15,-12
15,19,-13
18,22,-5
26,26,-4
38,35,-6
45,37,-5
62,39,0
68,40,0
65,46,-11
71,53,-18
92,65,-23
94,68,-18
74,80,-35
47,61,-31
53,40,-7
42,23,-4
22,17,-7
-17,11,3
-31,14,9
-16,27,22
-17,42,20
7,52,29
-3,59,21
4,70,9
9,72,7
16,73,20
5,76,14
17,87,4
12,76,1
36,70,-25
34,61,-38
42,46,-31
38,48,-39
34,44,-37
39,41,-24
37,33,1
26,30,-1
26,28,-4
25,26,-5
31,25,-3
47,33,-2
57,36,-5
72,44,-11
76,50,-13
66,56,-18
73,54,-14
74,55,-18
72,53,-16
65,47,-8
57,46,-5
57,44,18
48,36,21
-1,33,12
-9,36,9
-9,37,1
-16,35,-10
-25,40,-7
-28,43,6
-12,59,15
-2,70,16
38,92,36
61,90,8
49,83,-8
42,70,-24
48,70,-24
45,57,-25
41,51,-17
37,40,-11
34,35,-9
24,27,-1
23,28,0
15,25,1
15,26,2
24,31,2
28,37,1
34,43,-7
42,51,-9
66,55,-9
79,63,-20
124,68,-31
98,62,-12
81,53,0
77,48,7
62,43,0
44,42,-4
12,29,-4
-20,32,-2
-26,33,-1
-34,38,8
-32,41,9
-27,46,9
-18,50,10
-3,56,26
1,64,27
25,74,24
27,81,17
35,85,-5
40,85,-19
49,71,-24
50,62,-10
48,54,5
38,51,8
17,44,9
13,41,8
12,34,5
11,32,5
10,29,7
12,31,7
22,37,13
30,42,15
53,56,19
70,75,3
84,78,2
68,72,-1
56,69,4
59,73,7
46,71,7
20,70,7
10,69,13
-21,52,12
-33,46,7
-39,41,17
-45,36,12
-26,39,8
-16,40,12
3,50,20
11,51,17
24,49,15
34,49,21
28,70,4
29,81,-3
28,94,-19
27,94,-23
34,88,-16
41,75,3
39,67,8
23,52,11
16,46,10
9,35,6
9,32,6
7,31,10
8,31,15
14,42,25
11,49,25
19,61,35
25,65,35
52,76,23
63,82,16
74,79,10
71,73,12
44,56,8
26,51,13
-3,54,5
-17,57,-1
-7,39,19
-22,28,11
-63,20,-7
-64,18,5
-75,23,26
-61,34,27
-34,61,27
-16,73,41
-11,68,42
-6,60,36
-1,61,36
8,67,23
13,71,15
14,75,-6
18,75,-11
24,70,-10
23,65,1
44,57,30
32,52,22
11,43,20
8,39,17
10,37,16
8,35,19
6,39,21
9,46,21
13,58,28
15,63,33
11,76,34
11,80,37
7,72,39
49,62,31
60,58,28
69,52,36
72,57,44
62,65,41
53,66,39
-8,52,25
-30,49,9
-3,52,-1
5,51,-11
-21,52,-4
-30,47,2
-31,35,13
-34,28,23
-34,25,27
-32,8,71
-4,65,46
5,82,33
-7,86,43
-17,90,31
-20,73,34
-19,70,33
-11,65,32
-6,56,41
-3,48,35
-7,31,25
-13,23,21
-19,18,18
-23,19,16
-28,27,22
-24,39,29
-20,46,44
-19,50,52
-18,65,64
-17,63,67
-15,36,78
-1,43,70
28,58,50
27,56,38
29,59,37
28,56,41
14,41,30
13,38,27
11,38,23
9,39,24
2,40,28
4,37,27
-8,36,20
-17,38,26
-4,42,39
-14,60,35
-7,69,45
-11,85,49
-5,90,40
18,90,18
22,87,10
19,72,15
18,65,20
14,50,28
15,50,25
2,48,14
6,46,15
4,40,9
3,36,6
0,29,4
-1,28,6
-1,23,9
-3,19,4
-3,5,-5
2,-6,0
35,-24,14
57,-26,18
127,-37,23
116,-49,68
11,-80,62
-6,-99,70
37,-92,54
65,-66,39
63,-49,41
58,-19,24
82,-11,29
37,-12,10
34,-14,8
41,-43,7
44,-58,6
46,-78,4
47,-81,5
42,-80,7
38,-84,3
34,-75,2
32,-67,4
33,-73,11
37,-82,12
32,-81,0
27,-73,-1
23,-53,6
24,-47,9
23,-46,10
20,-50,9
17,-52,7
10,-59,4
7,-64,0
4,-72,-11
5,-68,-15
14,-57,-11
21,-60,-4
30,-65,8
28,-68,8
25,-78,1
22,-83,-2
23,-77,2
22,-68,7
21,-45,14
20,-39,13
19,-40,10
21,-47,10
28,-68,15
31,-74,18
32,-82,17
27,-87,16
24,-119,13
26,-106,9
34,-59,14
40,-61,23
34,-65,15
18,-68,1
10,-67,-1
5,-62,1
8,-61,3
14,-60,3
16,-61,2
15,-64,1
14,-59,1
13,-55,4
12,-52,7
13,-57,9
12,-64,5
8,-72,-8
7,-64,-13
19,-73,-11
31,-87,-11
44,-99,-9
48,-79,4
43,-55,28
36,-37,16
37,-28,11
34,-23,11
35,-23,13
36,-33,8
46,-40,4
85,-55,19
27,-54,8
20,-41,19
25,-46,28
22,-59,30
13,-65,23
11,-81,17
14,-83,19
18,-86,17
25,-82,13
33,-77,9
30,-73,8
25,-62,7
19,-56,4
13,-44,4
14,-40,5
18,-39,6
18,-40,6
15,-40,4
12,-52,3
9,-60,1
11,-71,-2
13,-76,-1
21,-81,2
25,-79,6
34,-76,13
33,-65,13
21,-56,6
16,-56,3
15,-58,3
19,-57,5
24,-58,6
25,-57,4
26,-47,1
28,-44,3
35,-47,12
36,-49,20
52,-57,45
49,-59,47
22,-67,31
13,-65,32
-9,-65,23
0,-64,22
15,-73,8
23,-75,2
51,-87,3
42,-83,-11
32,-82,-17
21,-76,-15
18,-71,-17
16,-54,-12
18,-51,-9
20,-50,-7
19,-50,-8
16,-54,-11
16,-58,-10
19,-62,-6
21,-59,-3
33,-51,14
39,-51,20
45,-56,24
48,-59,31
50,-60,37
52,-57,41
50,-41,36
52,-33,36
50,-17,33
50,-15,32
45,-27,31
36,-31,22
34,-29,23
30,-21,22
31,-17,23
28,-14,18
38,-14,29
46,-7,56
49,-7,64
43,2,69
42,3,71
39,2,70
40,1,66
45,-6,65
44,-6,64
35,-1,49
36,-3,46
41,-6,52
44,-15,57
33,-24,56
29,-21,53
19,-7,46
12,-2,43
3,3,40
8,1,47
12,-1,50
14,-9,58
15,-25,59
17,-41,57
18,-43,54
10,-50,46
4,-48,31
12,-69,12
49,-99,89
10,-50,45
11,-50,39
20,-44,44
21,-43,41
28,-36,37
27,-35,34
49,-42,37
58,-45,37
28,-37,36
25,-41,43
33,-34,56
59,-26,63
64,-13,56
68,-6,58
64,-2,65
50,-8,65
52,-19,56
46,-31,62
38,-31,53
29,-33,51
17,-38,44
12,-34,35
12,-32,33
7,-20,32
12,-19,35
30,-24,29
36,-29,24
71,-40,28
74,-43,20
59,-46,5
24,-45,8
31,-52,30
34,-58,29
30,-70,29
31,-70,31
41,-86,33
40,-101,28
44,-81,31
31,-72,27
38,-62,33
27,-47,20
25,-40,24
21,-32,31
18,-29,31
20,-27,21
27,-30,16
40,-45,25
41,-52,25
38,-68,15
42,-67,13
47,-69,23
43,-69,23
41,-73,28
42,-76,27
41,-98,-3
56,-102,-9
-63,-128,69
-115,-39,-29
-18,-53,-34
-5,-47,-26
20,-49,-30
23,-45,-23
40,-33,6
35,-34,9
17,-36,0
4,-47,2
7,-67,0
0,-65,-30
13,-72,-32
22,-76,-28
12,-77,-21
17,-76,-17
31,-75,-17
20,-71,-36
27,-69,-27
38,-71,-7
20,-71,6
-73,-64,-32
-54,-64,-33
-5,-56,-17
4,-44,-9
16,-25,-3
-2,-20,-11
8,-29,-10
8,-39,-16
13,-59,-27
5,-65,-33
-48,-72,-36
-5,-81,-4
46,-83,-4
-1,-102,-52
-54,-126,-19
-46,-86,11
-18,-96,-12
-26,-70,-17
-26,-62,-26
-28,-54,-28
-23,-44,-18
-19,-30,-3
-15,-30,-1
-7,-31,-3
-5,-31,-9
-3,-37,-4
-12,-44,-5
-12,-57,-21
-10,-63,-28
-8,-67,-19
-1,-69,-20
13,-79,-16
10,-83,-7
-15,-97,-1
-20,-98,-8
-6,-82,-21
-1,-74,-22
9,-48,-2
15,-67,32
-30,-76,20
-25,-48,0
10,-41,12
12,-53,-1
7,-47,-4
46,-42,-2
43,-41,-3
33,-40,0
28,-36,0
28,-31,3
31,-30,3
41,-32,0
46,-38,-7
61,-52,-25
66,-60,-35
89,-59,-7
90,-60,1
55,-55,-18
54,-55,-22
52,-44,-14
50,-32,-5
33,-23,-5
23,-20,-7
22,-22,-5
17,-31,-3
16,-39,-2
15,-62,-8
14,-70,-14
16,-81,-22
22,-85,-15
36,-93,16
35,-105,20
34,-105,-2
40,-93,-4
33,-71,1
20,-55,3
2,-44,3
0,-41,4
11,-37,6
17,-36,8
23,-36,6
24,-39,4
23,-45,3
22,-53,1
27,-69,4
33,-81,10
36,-78,23
31,-72,23
-8,-63,27
21,-57,16
35,-66,16
33,-76,7
29,-78,4
20,-80,-3
16,-76,-5
17,-69,-4
19,-64,-4
22,-53,-3
22,-49,-3
18,-46,-4
15,-46,-5
14,-46,-6
14,-50,-6
8,-61,-15
5,-62,-20
10,-72,-16
13,-82,-13
24,-86,-2
29,-86,4
24,-99,2
22,-90,-1
14,-66,-1
33,-66,32
24,-51,28
15,-42,12
13,-41,13
23,-33,25
27,-32,22
26,-37,12
25,-43,9
16,-57,-6
12,-68,-11
23,-64,-1
31,-60,9
35,-57,18
33,-53,18
33,-60,18
33,-72,17
23,-92,2
17,-83,-2
19,-76,6
20,-79,10
16,-75,4
16,-72,2
16,-60,3
18,-47,4
19,-41,4
19,-42,3
18,-44,0
12,-48,-4
11,-53,-5
9,-64,-7
9,-66,-7
16,-73,-3
17,-75,-1
22,-80,6
20,-84,4
17,-92,-3
18,-86,-1
23,-84,12
17,-75,-1
22,-80,6
20,-84,4
17,-92,-3
18,-86,-1
23,-84,12
20,-80,14
12,-65,9
11,-57,7
12,-46,7
16,-39,8
20,-28,9
22,-25,9
22,-29,8
22,-37,7
22,-62,5
21,-74,0
26,-87,2
30,-79,20
30,-76,25
27,-80,21
27,-84,18
22,-74,10
20,-63,13
22,-64,20
18,-77,16
7,-73,-5
4,-69,-9
5,-63,-7
8,-55,-4
21,-47,3
23,-47,5
22,-54,4
20,-57,-1
14,-60,-6
11,-57,-7
9,-50,-2
10,-51,1
11,-52,4
12,-55,4
14,-62,5
17,-72,8
19,-77,9
29,-85,17
30,-77,24
16,-69,23
10,-61,14
14,-48,3
18,-45,4
29,-44,10
30,-46,10
33,-49,11
34,-53,12
33,-58,15
32,-61,17
32,-61,23
31,-65,26
24,-70,25
19,-71,20
11,-66,13
12,-68,16
22,-80,24
21,-72,18
12,-77,3
10,-90,4
17,-82,6
24,-69,4
25,-66,6
22,-61,3
22,-62,2
15,-58,0
12,-56,-1
9,-52,-2
8,-51,-3
8,-58,-4
9,-61,-6
15,-60,-8
19,-56,-4
26,-61,12
30,-73,17
32,-72,11
29,-64,7
17,-66,5
10,-70,3
10,-65,-1
16,-61,-1
27,-55,3
33,-51,5
36,-45,10
35,-46,11
33,-52,16
33,-55,22
32,-55,26
27,-59,26
27,-64,27
26,-70,23
17,-74,21
11,-76,15
24,-86,13
33,-75,10
35,-71,9
47,-73,12
63,-77,13
47,-85,-20
38,-79,-20
29,-72,-7
29,-70,-2
24,-57,-1
25,-51,-1
26,-41,3
17,-38,9
22,-41,25
28,-40,28
24,-33,31
21,-28,38
19,-27,42
19,-25,49
21,-25,55
30,-33,65
32,-38,68
22,-34,46
19,-29,38
22,-29,34
18,-33,36
16,-39,46
23,-40,53
24,-33,54
25,-31,52
23,-33,51
18,-32,49
22,-25,46
27,-21,50
23,-21,56
16,-27,54
24,-36,49
29,-15,59
39,-24,56
42,-30,53
39,-32,47
39,-26,46
38,-21,44
27,-13,38
25,-16,35
34,-18,43
39,-21,52
31,-30,47
22,-25,42
31,-36,47
33,-30,47
36,-18,51
36,-22,55
36,-23,48
36,-26,46
41,-25,43
41,-28,42
35,-26,49
34,-30,50
35,-25,44
48,-28,74
2,-63,37
27,-32,34
27,-33,31
22,-33,33
24,-34,37
23,-39,40
20,-41,40
17,-48,39
18,-46,39
13,-45,39
13,-43,39
28,-48,54
26,-55,59
17,-74,47
16,-70,33
23,-53,26
14,-44,20
6,-31,13
9,-24,11
14,-13,1
25,-15,5
19,-35,13
27,-58,25
46,-85,32
52,-100,29
72,-84,19
63,-72,22
27,-65,50
24,-63,29
26,-73,22
29,-84,33
30,-81,34
29,-58,26
27,-55,24
13,-68,8
22,-66,12
21,-69,-9
36,-59,-1
28,-50,-6
25,-46,-5
20,-43,-5
20,-44,-4
21,-59,-5
21,-62,-6
18,-65,-6
17,-74,-4
16,-100,-3
16,-102,-6
15,-86,-10
16,-73,-7
21,-52,11
20,-51,15
18,-50,10
11,-59,3
27,-63,20
16,-46,15
41,-43,23
26,-39,19
28,-45,18
27,-61,8
29,-75,9
28,-83,16
21,-80,14
17,-75,16
19,-72,16
32,-60,13
29,-57,8
28,-51,3
24,-50,1
23,-52,-1
24,-49,0
25,-46,2
25,-48,1
22,-54,1
20,-62,-1
16,-78,-4
14,-83,-5
13,-78,-4
15,-71,3
15,-71,5
11,-76,-3
12,-70,-7
15,-61,-3
20,-59,5
18,-61,8
20,-56,7
15,-43,5
20,-40,12
15,-29,12
28,-36,12
22,-45,11
23,-60,13
23,-79,12
22,-82,10
21,-80,7
18,-81,3
25,-76,14
32,-70,18
25,-71,9
19,-70,0
14,-66,-6
13,-64,-5
16,-52,-2
18,-42,-2
17,-40,-2
15,-46,-4
14,-53,-6
12,-65,-8
11,-72,-9
9,-80,-10
10,-82,-8
13,-83,-4
15,-84,-1
14,-89,-7
12,-79,-9
16,-62,3
18,-60,12
18,-51,14
17,-46,11
12,-41,12
24,-37,22
17,-25,16
21,-30,12
20,-48,10
22,-66,11
33,-102,20
25,-78,28
17,-69,27
8,-61,21
10,-62,13
11,-52,-2
15,-51,-6
25,-64,-16
29,-70,-19
32,-67,-13
34,-65,-3
31,-57,11
28,-50,12
25,-39,6
23,-42,5
13,-55,0
4,-60,-5
-6,-64,-13
-7,-67,-14
4,-79,-9
12,-91,-7
27,-96,-8
30,-84,-3
32,-83,27
20,-66,18
18,-56,5
5,-42,1
5,-35,9
11,-31,8
19,-30,10
25,-35,11
26,-40,10
22,-47,1
23,-47,-1
27,-48,6
26,-49,10
26,-68,14
27,-85,16
25,-93,14
18,-81,8
14,-85,1
17,-82,5
22,-73,11
22,-70,12
15,-65,11
12,-62,9
13,-55,10
12,-56,10
9,-59,9
8,-55,8
9,-44,8
9,-39,8
9,-41,6
16,-53,-1
24,-63,-8
45,-80,-10
52,-82,-1
44,-80,12
36,-84,5
32,-63,0
25,-53,5
12,-60,0
11,-60,-4
18,-47,-9
24,-39,-7
32,-35,6
32,-37,12
28,-43,16
26,-53,15
24,-56,16
23,-62,18
20,-77,14
17,-83,4
25,-94,-14
32,-102,-3
29,-86,7
14,-64,17
4,-65,15
-2,-65,-4
-4,-62,-12
-5,-67,-12
-1,-65,-8
13,-58,-6
16,-58,-9
10,-46,-12
8,-42,-8
7,-43,-6
-13,-43,-11
-14,-55,-15
-6,-63,-19
11,-75,-16
20,-78,-12
27,-77,-8
25,-80,-8
19,-93,-10
18,-100,-10
-6,-67,-21
-17,-54,-17
-22,-59,3
-12,-64,-4
-9,-54,-2
3,-37,8
11,-33,11
11,-37,6
16,-41,7
12,-57,4
8,-68,-1
4,-84,-12
7,-89,-13
18,-63,-8
27,-59,4
41,-72,23
43,-65,22
38,-58,11
31,-65,1
13,-84,-13
8,-79,-13
14,-54,-2
17,-47,4
24,-44,7
23,-42,5
16,-49,0
15,-61,0
10,-96,-12
31,-87,-14
23,-82,-11
4,-76,9
-17,-78,9
-11,-85,-10
-1,-82,-17
10,-60,-4
10,-55,5
8,-55,8
10,-48,7
18,-35,14
17,-30,14
20,-28,11
23,-33,11
29,-48,19
33,-68,28
37,-97,37
39,-92,42
19,-78,51
11,-89,42
2,-110,4
0,-95,-6
7,-54,-7
18,-45,12
18,-51,15
13,-56,3
11,-53,-3
19,-42,-3
25,-34,1
22,-27,5
22,-34,8
16,-59,11
15,-76,12
16,-102,1
16,-115,-8
10,-100,-11
-3,-90,-12
-15,-82,-11
-1,-79,-7
17,-66,3
8,-50,2
2,-39,4
4,-43,2
20,-49,0
28,-51,2
33,-48,7
34,-44,7
31,-35,8
26,-39,9
24,-45,9
23,-70,13
20,-92,4
14,-100,-9
14,-85,4
8,-72,19
15,-75,17
36,-63,13
32,-54,16
23,-55,17
19,-58,12
13,-63,-1
13,-61,-2
12,-52,-2
13,-44,-2
15,-41,3
17,-53,4
22,-58,1
25,-63,0
18,-75,-2
9,-77,-6
2,-81,-20
2,-87,-30
15,-90,-31
24,-67,4
22,-63,21
15,-56,14
14,-49,5
6,-36,1
2,-30,0
13,-25,6
29,-28,12
17,-39,-2
24,-49,-9
29,-72,-17
26,-83,-24
33,-59,-12
41,-53,5
45,-53,25
42,-59,20
26,-73,-6
12,-69,-20
7,-55,-11
15,-59,2
23,-65,5
22,-68,-1
19,-75,6
16,-81,11
24,-83,8
-20,-71,3
-20,-51,5
4,-45,7
4,-43,-2
14,-46,-6
11,-52,-9
7,-61,-15
7,-67,-16
22,-81,-9
28,-95,-3
41,-108,-3
46,-72,6
35,-41,32
17,-50,29
0,-53,-3
1,-53,-12
16,-48,-8
22,-45,-2
34,-44,11
37,-43,18
31,-49,21
27,-51,19
26,-56,20
23,-60,20
18,-78,16
16,-90,18
13,-85,15
16,-68,3
25,-58,8
45,-62,10
46,-64,4
30,-70,-7
14,-83,-8
9,-93,-2
11,-90,-1
40,-77,7
5,-69,1
5,-46,-2
3,-37,-8
12,-33,-11
13,-39,-9
22,-62,3
21,-72,5
20,-91,5
19,-97,8
8,-105,-10
3,-105,-28
19,-75,-20
27,-55,10
25,-55,17
27,-57,12
21,-47,4
26,-42,6
23,-37,7
27,-28,8
26,-30,7
31,-54,13
33,-68,13
28,-81,13
17,-76,12
7,-84,6
11,-81,6
25,-66,11
30,-59,15
23,-71,-1
18,-73,-10
12,-68,-18
11,-62,-15
14,-49,-5
18,-43,-1
21,-41,1
18,-52,0
15,-72,-5
12,-80,-6
11,-82,-2
11,-87,6
14,-94,9
11,-101,1
3,-93,-14
8,-67,-11
15,-66,1
15,-57,3
18,-49,1
20,-37,1
21,-35,3
23,-31,3
21,-31,1
18,-41,-6
23,-52,-3
32,-82,6
35,-88,11
25,-74,17
21,-76,19
27,-90,15
30,-87,11
31,-54,18
30,-46,21
22,-53,6
16,-53,-8
15,-57,-11
13,-44,-11
18,-39,-6
20,-39,-1
20,-43,1
26,-65,3
26,-77,1
18,-93,-12
14,-85,-8
17,-80,16
21,-87,15
11,-101,-7
2,-102,-18
4,-68,-13
12,-56,-5
13,-57,1
9,-55,0
7,-41,1
10,-35,2
16,-25,9
18,-23,11
20,-27,13
27,-36,19
28,-54,23
30,-85,25
27,-90,22
20,-58,20
21,-59,24
23,-76,19
23,-85,9
21,-96,-1
23,-73,2
31,-49,7
32,-53,7
28,-55,3
22,-60,-1
9,-62,-6
6,-57,-8
14,-39,-3
18,-32,0
23,-29,5
25,-31,4
31,-40,1
34,-40,3
7,-45,12
6,-52,12
6,-78,-3
39,-119,-20
46,-124,-20
46,-120,29
45,-114,39
15,-83,5
-3,-80,-5
-30,-75,-9
-21,-65,-3
5,-51,10
3,-47,9
4,-40,1
3,-39,-2
11,-41,-12
32,-40,-20
46,-16,-42
67,-4,-7
68,-11,27
64,-21,33
51,-51,20
36,-70,22
6,-83,13
-6,-86,13
-15,-90,12
-11,-88,17
-12,-74,19
-5,-73,15
11,-71,13
11,-58,9
3,-57,7
-6,-52,-6
3,-50,-9
16,-46,-8
19,-47,-7
25,-55,-9
32,-62,-8
40,-69,-10
41,-81,-20
30,-93,-29
33,-90,-22
36,-94,-31
37,-86,-32
42,-89,-22
48,-84,-16
30,-58,-11
20,-53,-8
15,-50,-1
18,-47,-1
17,-36,-1
17,-35,0
17,-37,4
22,-50,12
26,-63,17
24,-70,24
21,-71,24
18,-74,20
22,-80,14
27,-88,5
27,-73,7
23,-53,14
21,-54,11
18,-52,-5
19,-53,-9
20,-60,-5
20,-60,-6
20,-50,-5
20,-49,-4
32,-65,-3
25,-79,-7
1,-89,-14
-10,-84,-12
-8,-86,-4
-3,-84,1
0,-88,-11
9,-67,-9
10,-62,-1
6,-60,9
6,-62,6
19,-66,-3
23,-60,-6
43,-43,11
41,-31,14
34,-27,8
57,-30,14
31,-61,25
3,-80,27
-29,-99,12
-1,-92,28
21,-83,35
38,-88,32
30,-80,18
27,-63,21
26,-46,15
21,-42,12
13,-35,15
7,-38,15
11,-37,16
14,-38,14
21,-41,10
17,-39,9
21,-51,15
18,-67,11
15,-75,13
12,-93,13
11,-95,11
17,-91,8
14,-87,5
14,-82,13
6,-73,18
-4,-60,9
4,-59,13
18,-64,18
18,-59,16
14,-48,23
23,-40,22
18,-30,17
16,-34,17
19,-54,21
19,-67,25
68,-83,64
84,-95,127
115,-128,127
67,-128,127
127,-128,-53
-72,-11,-128
-38,-24,-128
127,-128,4
-121,-78,-57
-6,35,22
9,18,92
20,-31,90
15,-1,65
30,7,37
39,-8,28
33,-18,33
26,-44,39
39,-39,35
60,-38,35
55,-50,54
56,-51,60
52,-40,51
44,-35,46
46,-42,47
44,-53,48
43,-72,45
47,-71,48
37,-82,47
29,-71,30
19,-43,27
11,-22,29
12,-14,29
13,-8,30
20,-11,35
22,-22,47
24,-26,48
23,-28,44
25,-27,46
27,-25,49
31,-27,56
42,-32,68
50,-40,76
38,-46,66
32,-49,58
27,-29,48
29,-27,46
21,-19,49
13,-17,49
14,-12,46
16,-10,42
13,-14,37
15,-14,38
19,-6,44
22,-7,46
21,-14,50
20,-12,52
22,-9,53
21,-7,56
20,-7,58
24,-11,61
24,-14,63
26,-18,68
26,-19,70
27,-12,70
23,-10,70
23,-24,66
27,-35,65
13,-26,45
11,-27,39
2,-24,41
18,-31,52
39,-13,82
25,2,84
-26,-37,52
12,-36,46
15,-13,39
14,-6,43
10,-7,55
12,-8,63
12,-9,62
10,-9,56
12,-7,57
15,-22,67
12,-19,64
10,-4,50
14,0,47
18,0,47
21,-3,49
19,-8,46
16,-10,42
24,-17,41
27,-21,42
14,-32,33
4,-36,23
4,-54,6
12,-65,0
33,-83,-10
42,-90,-12
52,-100,-14
57,-105,-11
55,-109,-6
48,-106,-7
37,-94,-4
37,-86,-7
30,-83,-10
32,-65,-6
32,-57,-3
29,-46,-1
28,-45,-1
17,-44,-7
12,-46,-10
20,-51,-6
23,-58,-5
31,-72,1
32,-78,6
28,-72,9
65,-73,27
-128,-56,110
-84,-43,66
43,-41,38
42,-58,40
68,-55,31
75,-60,48
38,-52,59
42,-52,56
62,-37,51
49,-26,43
40,-22,34
35,-8,33
37,-4,34
36,1,36
29,3,37
23,6,38
27,5,39
22,-1,41
27,-7,45
21,-16,44
19,-18,42
12,-17,33
25,-21,31
-9,-77,105
-17,-5,42
41,-4,55
36,15,61
27,11,60
24,5,57
35,3,54
34,5,53
37,9,53
40,9,50
39,10,52
37,9,52
35,7,51
38,9,52
38,10,52
38,13,55
32,12,58
30,9,57
32,8,55
35,7,54
35,6,53
36,4,51
35,3,51
33,2,53
33,2,54
34,2,56
40,2,56
44,6,49
36,3,45
12,-9,57
7,-8,60
12,2,65
13,4,64
28,7,63
31,5,61
24,-1,57
23,-1,57
21,-1,59
17,-1,60
20,0,60
21,1,58
23,0,58
27,1,58
32,0,56
38,3,54
39,2,54
33,0,55
31,0,56
35,1,55
35,0,54
33,2,57
27,0,56
29,-4,52
34,-5,51
28,-3,55
31,-2,55
31,-1,54
33,0,55
32,0,55
33,1,54
35,5,53
33,4,51
41,1,51
33,8,58
24,10,62
21,8,61
25,9,61
30,6,58
29,5,57
31,4,56
31,3,56
25,1,56
23,0,57
30,3,57
31,2,57
27,1,58
25,0,57
26,0,58
27,0,58
28,-2,58
31,0,59
34,1,59
26,-2,61
19,-3,61
16,-5,57
12,-12,59
8,-15,62
5,-15,62
7,-16,61
8,-26,63
3,-22,67
9,-32,64
8,-54,72
19,-74,79
-23,-52,48
-23,-25,56
7,-31,17
7,-34,33
-8,-59,23
-18,-52,23
-20,-55,23
-18,-52,35
-15,-39,39
-61,-38,22
3,-36,6
11,-51,4
34,-51,28
28,-52,26
13,-61,25
-6,-65,27
-12,-67,28
-9,-71,30
-1,-71,29
13,-67,30
15,-62,32
11,-57,31
9,-59,29
6,-63,23
7,-64,19
13,-67,15
18,-69,12
26,-78,10
30,-81,10
31,-92,14
34,-82,17
29,-58,16
25,-63,13
18,-76,5
14,-80,0
9,-81,-4
9,-77,-2
11,-68,1
12,-63,1
12,-51,2
12,-47,3
8,-44,2
4,-42,-3
4,-42,-5
8,-48,-5
10,-49,-3
16,-52,3
18,-53,6
20,-63,10
21,-71,9
21,-90,0
21,-101,-5
27,-120,-5
31,-118,6
29,-85,25
23,-82,23
20,-64,13
18,-56,11
10,-62,12
1,-61,10
-17,-43,1
-15,-36,-1
1,-30,3
12,-30,8
22,-45,11
13,-52,4
11,-49,2
11,-45,3
12,-46,5
19,-48,5
21,-52,5
23,-57,5
24,-59,7
26,-72,12
26,-72,12
26,-73,14
25,-80,16
19,-82,12
18,-86,9
21,-85,12
23,-71,13
28,-59,16
28,-71,15
21,-86,3
18,-72,0
18,-69,3
18,-66,5
20,-60,3
19,-55,1
15,-48,-3
12,-42,-4
12,-44,-4
10,-50,-8
10,-53,-10
11,-58,-13
12,-59,-13
17,-60,-8
20,-63,-5
22,-72,-2
21,-77,-3
22,-88,-2
21,-93,-1
23,-102,5
25,-95,11
19,-73,18
9,-65,19
-10,-60,18
-12,-62,14
-16,-49,21
22,-44,34
15,-33,23
20,-31,17
11,-30,8
14,-33,9
15,-43,8
19,-52,7
20,-52,7
23,-58,10
22,-61,12
22,-64,18
20,-65,19
14,-66,19
10,-68,16
7,-79,12
10,-86,13
22,-81,24
24,-71,26
24,-62,22
21,-67,17
16,-72,11
13,-73,7
9,-67,1
10,-61,0
12,-45,1
13,-41,3
16,-41,4
16,-43,2
14,-51,-2
13,-56,-6
12,-62,-8
13,-61,-7
15,-61,-4
20,-68,2
21,-73,1
20,-85,-1
21,-91,0
24,-91,6
24,-92,9
25,-83,15
21,-71,16
8,-65,14
1,-64,12
-3,-53,7
-3,-51,5
12,-42,15
20,-38,17
26,-31,19
23,-35,15
12,-46,6
10,-52,3
10,-62,-2
14,-61,-2
20,-60,5
24,-62,14
22,-62,13
17,-62,6
17,-60,6
18,-66,12
22,-73,14
29,-82,17
30,-80,18
25,-74,16
19,-73,13
11,-68,7
11,-61,7
14,-55,9
14,-51,10
16,-46,9
16,-48,7
15,-51,4
14,-55,1
13,-61,-1
13,-64,-2
16,-60,1
17,-58,3
20,-53,7
17,-49,4
17,-50,4
17,-57,4
17,-65,3
13,-79,-7
14,-75,-9
18,-80,-9
24,-64,1
39,-54,26
35,-53,29
25,-50,20
17,-50,14
4,-56,7
2,-55,8
4,-53,18
11,-53,26
26,-57,30
22,-59,27
19,-55,24
16,-53,22
16,-53,17
17,-57,16
21,-54,16
22,-52,13
24,-49,11
27,-50,13
33,-51,16
35,-60,18
33,-65,15
27,-76,10
25,-80,8
24,-70,5
24,-63,6
24,-72,9
25,-79,9
25,-81,9
24,-85,9
20,-92,9
18,-92,9
16,-80,11
14,-75,12
10,-60,11
10,-53,8
16,-40,3
21,-38,2
31,-40,1
36,-39,-3
50,-37,-8
54,-37,-9
57,-40,-10
60,-36,-16
59,-27,-16
59,-16,-2
60,-17,6
64,-18,13
65,-19,16
63,-22,23
59,-23,31
34,-24,46
20,-29,56
22,-33,62
32,-30,58
42,-26,52
42,-23,53
34,-16,50
36,-12,47
32,-3,48
27,1,44
64,18,35
87,22,36
59,17,27
41,16,25
52,16,25
57,15,30
51,12,39
33,13,43
24,13,40
38,12,46
37,8,50
29,-2,42
30,-4,43
40,-3,47
58,-8,54
19,9,66
24,13,66
28,22,52
46,16,57
-10,23,5
42,3,33
31,26,35
32,-2,55
-22,-7,69
29,-13,45
70,6,1
58,-2,19
39,2,50
40,7,48
31,3,47
33,1,59
46,-1,65
45,-24,61
39,-34,46
26,-39,26
13,-41,35
29,-65,47
18,-66,40
0,-60,31
10,-49,35
20,-42,55
13,-40,48
13,-33,50
23,-36,43
22,-37,20
27,-42,15
20,-45,12
21,-44,14
23,-45,24
19,-46,27
19,-48,34
27,-58,41
22,-74,24
25,-68,29
26,-54,39
34,-53,40
31,-59,35
7,-70,26
-1,-69,20
-5,-66,10
1,-63,7
11,-46,1
17,-48,8
35,-66,10
36,-51,11
40,-64,14
37,-62,15
33,-77,15
26,-88,13
7,-99,-3
4,-92,-6
3,-89,1
2,-93,2
11,-77,-8
14,-63,-11
20,-48,-7
22,-45,-3
27,-44,0
27,-45,-3
23,-34,-6
23,-31,-5
25,-34,-3
27,-46,-3
27,-53,-4
33,-68,4
38,-72,13
44,-72,25
42,-73,28
23,-76,22
16,-80,19
20,-86,21
24,-87,22
20,-87,9
18,-83,1
12,-70,-4
12,-66,-4
17,-61,-7
17,-50,-8
19,-37,-5
20,-41,-1
16,-58,-5
15,-69,-8
7,-91,-21
2,-91,-25
2,-90,-15
3,-91,-9
11,-83,-5
19,-71,-10
23,-64,2
18,-61,21
10,-56,13
10,-45,-2
10,-41,-4
21,-44,4
21,-46,2
34,-48,0
35,-53,0
36,-67,-1
34,-71,-4
31,-78,0
26,-74,2
23,-66,7
22,-67,9
23,-86,10
24,-99,9
24,-82,12
24,-69,12
36,-63,14
33,-65,10
33,-66,-2
66,-68,-8
42,-70,-25
-8,-59,-30
-4,-55,-21
-2,-50,-19
8,-48,-13
13,-51,-7
14,-54,-5
12,-53,-8
12,-55,-6
17,-71,1
19,-82,6
22,-105,8
24,-116,4
16,-109,-9
20,-104,-7
23,-75,8
17,-65,10
9,-64,7
8,-63,8
21,-48,11
19,-40,13
21,-28,17
19,-25,13
20,-30,13
21,-45,18
21,-58,20
20,-80,20
18,-85,17
19,-77,19
20,-74,27
4,-63,15
1,-64,5
8,-80,-5
10,-78,-9
15,-74,-16
11,-78,-19
11,-82,-15
16,-80,-12
19,-63,-5
21,-54,-2
22,-42,2
20,-39,3
15,-33,4
13,-33,4
9,-38,4
8,-43,3
9,-51,-1
10,-55,-2
14,-56,-2
19,-57,2
21,-63,6
23,-72,8
23,-78,6
22,-88,1
20,-92,-1
18,-87,-4
15,-95,-7
20,-78,-7
21,-53,-2
11,-50,5
0,-56,2
-8,-44,-7
-3,-37,-12
13,-35,-8
19,-37,0
20,-43,5
18,-48,4
17,-54,5
18,-54,7
17,-52,7
24,-53,12
18,-53,12
20,-63,8
24,-69,8
20,-72,-5
23,-77,-9
33,-72,-7
38,-64,-4
40,-70,0
37,-77,-1
31,-74,-3
31,-66,5
27,-69,14
23,-75,11
19,-75,10
14,-70,10
15,-60,16
16,-57,17
14,-52,13
13,-57,8
11,-58,-4
13,-55,-5
19,-63,-1
23,-72,2
31,-68,4
33,-49,13
27,-44,16
15,-56,9
12,-65,0
7,-67,-14
12,-59,-10
24,-45,8
27,-42,14
29,-48,12
26,-53,9
23,-64,8
21,-62,11
21,-55,19
24,-55,24
25,-58,31
24,-64,30
20,-83,23
21,-79,20
30,-85,22
36,-104,23
21,-72,-6
19,-57,-2
10,-69,4
13,-70,-1
27,-82,-13
26,-85,-16
19,-76,-11
14,-61,-11
13,-54,-12
13,-44,-9
12,-42,-11
13,-45,-9
15,-49,-6
18,-62,-2
18,-67,-3
14,-65,-4
12,-63,-2
15,-70,8
18,-79,13
24,-92,16
24,-101,13
21,-108,8
21,-104,4
32,-75,0
34,-59,-7
39,-56,-7
37,-55,-7
36,-50,-4
32,-45,-3
31,-36,0
31,-32,5
27,-35,4
30,-49,11
31,-56,17
28,-67,29
21,-78,29
3,-95,10
-4,-104,-4
-2,-84,-5
7,-79,6
27,-52,19
26,-42,8
24,-39,3
19,-42,2
22,-46,-3
22,-44,-3
16,-41,-4
15,-39,-6
11,-44,-19
8,-51,-29
19,-70,-37
30,-71,-36
32,-69,-42
36,-71,-35
32,-77,-23
18,-78,-29
16,-80,-27
27,-86,-29
36,-82,-27
20,-51,-10
3,-48,-5
9,-50,3
18,-48,-3
38,-46,-3
37,-44,1
19,-43,2
27,-23,-9
24,-30,-20
29,-33,-20
28,-44,-22
31,-47,-26
26,-49,-33
29,-48,-34
37,-48,-30
42,-45,-33
47,-44,-42
49,-48,-44
50,-65,-58
44,-59,-54
34,-48,-34
42,-43,-23
37,-42,-20
40,-36,-12
53,-38,-7
14,-43,-44
38,-13,-22
33,-21,-13
32,-17,-4
31,-17,10
36,-28,-1
45,-36,-1
67,-38,11
4,-52,-5
-13,-61,-3
42,-74,13
24,-83,-2
42,-96,-3
42,-99,-5
39,-102,-5
33,-97,-6
21,-90,-16
18,-85,-20
20,-65,-23
23,-55,-19
24,-43,-9
23,-35,-5
24,-32,-4
22,-34,-4
24,-40,0
25,-61,5
23,-67,3
15,-65,1
17,-66,10
25,-64,22
31,-70,24
30,-76,23
25,-75,16
18,-69,8
15,-65,7
16,-64,8
17,-58,9
18,-43,8
18,-37,7
17,-33,6
16,-39,5
13,-56,3
14,-70,-1
10,-80,-13
14,-75,-10
15,-80,-5
26,-90,5
28,-92,6
24,-84,0
19,-74,-4
12,-64,-2
12,-66,0
15,-56,1
18,-51,3
18,-44,5
19,-39,5
20,-30,4
20,-29,6
17,-31,5
17,-37,5
16,-51,4
16,-57,3
18,-63,3
22,-60,6
25,-59,14
23,-58,13
19,-51,11
18,-52,10
17,-60,5
18,-66,2
19,-74,-6
26,-92,-7
30,-73,-2
29,-48,2
26,-50,5
20,-63,3
22,-69,7
-63,-128,-128
127,17,127
-32,-128,-9
-21,-77,16
-29,-56,-23
-16,-52,-16
24,-60,-10
27,-57,-12
18,-57,-8
20,-58,-4
27,-56,2
23,-63,-1
22,-79,-5
26,-81,-4
20,-84,-2
31,-100,-6
28,-93,-3
17,-60,26
1,-60,31
3,-55,19
17,-51,17
19,-47,31
9,-47,39
-3,-46,48
-6,-45,43
-2,-41,44
8,-43,48
16,-44,58
25,-38,54
11,-27,44
12,-24,45
16,-23,51
17,-23,55
19,-26,65
21,-31,67
24,-39,68
25,-44,71
25,-49,70
20,-43,60
14,-36,50
16,-33,50
15,-28,50
12,-24,43
12,-22,42
10,-18,38
10,-16,34
11,-15,34
17,-16,37
20,-21,45
19,-22,44
10,-21,37
9,-22,34
5,-41,36
2,-62,39
24,-85,34
29,-92,19
24,-113,-2
28,-122,-8
53,-116,-11
56,-95,-10
45,-69,-1
40,-59,5
39,-48,-5
30,-35,-12
25,-34,-10
25,-36,-7
26,-38,-5
30,-48,6
30,-54,11
28,-68,21
19,-69,22
13,-67,24
12,-70,19
15,-79,7
21,-93,11
27,-67,19
25,-64,16
24,-63,1
25,-64,-2
16,-62,-2
12,-54,-1
13,-38,3
17,-34,4
21,-34,5
19,-38,3
13,-52,0
10,-55,-2
11,-65,-6
13,-67,-7
15,-69,-11
18,-84,-15
21,-102,-18
24,-116,-10
23,-116,-8
21,-90,-4
23,-61,6
20,-45,13
14,-51,7
8,-41,4
9,-43,5
19,-33,18
24,-26,22
26,-19,20
23,-24,18
21,-45,15
20,-60,14
18,-100,12
12,-101,6
8,-72,3
12,-67,6
20,-56,12
29,-55,15
33,-50,16
33,-53,14
23,-79,-4
10,-79,-19
1,-60,-29
14,-45,-9
26,-42,0
35,-34,7
30,-35,4
22,-43,0
22,-55,1
13,-77,-8
8,-77,-14
5,-65,-13
9,-74,-8
16,-86,-1
28,-79,8
36,-98,12
31,-90,8
31,-83,16
23,-90,12
-8,-71,-11
-18,-61,-11
7,-43,5
12,-35,5
24,-41,11
25,-44,9
17,-23,3
13,-13,9
13,-16,11
14,-32,8
15,-44,6
12,-70,-3
15,-87,-5
28,-126,-3
31,-113,10
31,-98,33
34,-84,34
37,-59,21
33,-54,11
16,-48,-4
9,-48,-8
11,-43,-6
15,-43,-3
21,-41,-1
23,-38,0
18,-43,-1
15,-58,-4
18,-69,-3
19,-71,-4
19,-71,-8
12,-66,-10
9,-66,-10
10,-66,-7
13,-70,-5
21,-86,-4
24,-97,-2
25,-111,9
23,-110,9
18,-86,0
11,-70,-5
-6,-59,-18
-6,-54,-20
11,-47,-17
20,-42,-14
30,-29,-3
29,-24,3
22,-20,5
19,-21,3
16,-33,-1
16,-41,-2
20,-59,-1
22,-69,0
26,-69,5
29,-64,12
31,-58,23
30,-55,23
24,-55,18
13,-61,11
13,-77,10
26,-96,14
29,-74,9
25,-50,9
25,-56,21
26,-65,23
27,-72,18
21,-81,11
17,-80,10
12,-74,11
11,-71,10
11,-64,9
11,-57,9
11,-49,11
9,-48,11
8,-45,9
7,-46,6
6,-51,0
8,-55,-3
18,-56,-1
24,-58,5
30,-76,18
30,-121,5
29,-125,-14
31,-60,1
29,-50,22
10,-49,15
8,-47,1
16,-51,-9
18,-49,-11
25,-43,-5
29,-43,1
29,-52,7
26,-56,9
25,-59,18
25,-59,21
25,-56,26
22,-57,31
17,-64,35
26,-70,35
25,-75,29
20,-81,22
17,-100,16
20,-110,15
20,-75,10
16,-64,3
14,-75,2
15,-76,-2
20,-63,-2
17,-64,-5
14,-58,-6
13,-51,-9
13,-47,-8
15,-40,-6
16,-39,-5
14,-48,-5
14,-48,-6
15,-50,-4
16,-52,-2
17,-56,3
18,-59,5
16,-71,4
15,-83,2
10,-104,-12
15,-108,-13
17,-111,-8
24,-114,2
30,-81,0
24,-56,-3
13,-54,2
16,-51,9
19,-37,9
10,-25,4
18,-23,14
11,-23,15
3,-27,12
-2,-43,3
6,-59,8
12,-73,22
3,-74,18
1,-85,15
3,-89,12
10,-85,9
17,-89,11
24,-88,16
21,-71,12
16,-56,-3
15,-57,-6
19,-58,-10
22,-52,-11
22,-39,-8
23,-35,-2
21,-35,1
20,-40,1
17,-48,-2
18,-73,-5
17,-86,-9
14,-74,-9
16,-68,-3
15,-75,1
17,-92,-2
17,-108,-5
16,-105,-8
21,-81,-1
23,-67,10
14,-63,9
10,-59,5
9,-48,3
14,-42,7
28,-33,19
18,-26,18
30,-22,21
25,-24,16
19,-35,3
18,-45,3
27,-81,13
27,-90,12
24,-84,13
19,-78,18
16,-68,19
19,-77,17
21,-73,8
15,-55,-5
24,-48,-4
21,-37,-6
34,-38,-4
26,-39,-1
25,-44,7
23,-43,8
23,-40,8
14,-49,-1
8,-63,-9
3,-95,-22
7,-101,-23
21,-73,-9
35,-69,6
29,-88,27
11,-91,26
12,-97,11
6,-98,-11
-1,-80,-2
2,-69,11
14,-60,18
18,-65,18
33,-52,10
31,-39,3
25,-34,7
19,-28,6
17,-28,4
12,-28,-1
13,-30,-3
23,-46,0
26,-56,3
38,-80,17
37,-93,22
24,-92,25
16,-90,20
13,-96,13
16,-98,14
21,-60,14
21,-50,11
20,-50,8
19,-54,4
18,-53,-6
18,-52,-8
21,-38,-5
23,-32,-1
23,-35,2
19,-38,-4
15,-61,-6
9,-73,-11
9,-70,-12
10,-76,-8
12,-76,-6
19,-87,-3
23,-101,-3
31,-119,-5
31,-104,2
28,-66,29
18,-59,33
-10,-62,2
-17,-52,-1
8,-28,8
11,-22,11
20,-14,11
21,-14,12
18,-17,12
16,-32,9
11,-68,-10
10,-75,-17
20,-63,-6
22,-61,-1
14,-52,-4
13,-44,-7
14,-44,-5
27,-52,7
28,-67,10
31,-109,9
38,-114,11
42,-75,17
29,-67,19
7,-72,14
5,-72,5
12,-77,-5
18,-71,-3
19,-64,7
23,-62,15
-1,-61,7
7,-53,8
8,-57,4
10,-53,3
10,-42,3
8,-36,3
8,-34,5
11,-41,4
17,-55,0
21,-68,-1
31,-98,-3
55,-117,19
43,-121,10
29,-105,-3
29,-97,4
14,-43,13
1,-47,4
-11,-61,-13
-3,-53,-19
2,-19,-22
5,-14,-15
14,-30,-5
20,-40,0
34,-55,17
33,-60,24
24,-56,26
17,-55,27
20,-59,21
37,-66,22
20,-69,11
14,-72,8
10,-69,9
14,-72,13
26,-76,18
31,-78,19
32,-79,17
24,-73,12
23,-71,12
27,-72,19
27,-72,22
16,-75,9
10,-76,2
9,-78,-3
12,-72,-4
20,-53,-1
23,-48,3
24,-39,8
23,-33,7
18,-40,4
16,-39,1
13,-52,-1
10,-59,-4
6,-70,-9
7,-77,-10
10,-91,-13
16,-90,-8
27,-89,4
25,-93,1
21,-79,-10
21,-62,-4
18,-58,11
15,-59,10
12,-55,6
14,-47,11
19,-42,20
30,-31,30
31,-28,28
35,-38,30
40,-48,30
63,-72,20
72,-85,15
67,-84,10
73,-80,9
127,-80,12
127,-56,6
127,-54,39
108,-59,44
83,-50,21
71,-43,11
39,-25,1
23,-24,-3
12,-15,-7
10,-17,-6
-14,-13,-12
-17,13,-18
-22,22,-7
-1,47,6
6,63,20
13,78,38
7,77,42
-11,74,50
-15,72,52
-12,78,62
-3,71,69
1,50,63
-1,39,49
-6,30,37
7,26,38
-5,29,21
-20,27,12
-8,24,34
-20,26,23
-1,32,-7
-2,36,10
-22,47,17
-10,49,18
13,39,15
24,31,10
62,17,19
89,1,17
112,-10,17
106,-17,12
105,-18,19
72,-14,15
62,-14,11
48,-9,13
43,-7,16
37,-10,22
35,-19,24
31,-63,19
41,-86,8
55,-106,-10
40,-102,-10
44,-125,-15
51,-124,-26
56,-85,-10
53,-76,4
33,-58,7
29,-51,0
33,-42,2
18,-37,6
-8,-23,2
12,-26,9
47,-28,4
46,-49,-6
48,-59,-7
58,-80,-9
27,-78,-18
8,-71,-30
33,-58,-14
42,-53,-16
36,-45,-16
8,-22,-35
8,-32,-33
28,-26,-32
42,-30,-38
16,-32,-35
32,-37,-34
26,-39,-25
17,-34,-32
19,-17,-39
34,-20,-31
11,-29,-50
15,-49,-41
33,-46,-50
43,-38,-53
58,-20,-60
51,-15,-92
44,-36,-108
-17,-39,-95
2,-44,-52
36,-38,-17
16,-36,-25
26,-29,-23
23,-26,-17
10,-11,-16
13,-11,-19
4,-18,-33
6,-21,-42
16,-30,-44
31,-35,-44
22,-57,-44
12,-54,-17
25,-48,-25
11,-44,-40
21,-34,-46
25,-30,-40
20,-39,-8
30,-38,-27
42,-37,-73
18,-48,-76
25,-53,-45
34,-47,-23
55,-36,-13
2,-60,-95
16,-65,-80
-9,-46,-26
-21,-39,-17
-26,-51,-14
-21,-56,-23
25,-91,-37
45,-109,-38
53,-87,-46
51,-86,-34
25,-76,-35
24,-77,-25
10,-66,-19
0,-71,-24
6,-65,-20
6,-48,-9
3,-41,9
1,-49,15
-7,-60,0
-5,-62,-5
13,-64,2
19,-63,8
26,-61,19
31,-60,30
35,-61,50
14,-62,28
11,-55,25
15,-45,28
17,-50,25
26,-65,23
29,-68,19
24,-62,1
24,-62,-1
19,-74,-4
22,-75,-4
26,-82,-5
24,-76,-6
24,-77,0
22,-78,1
20,-81,-2
21,-78,-2
20,-59,1
14,-52,0
10,-41,1
12,-38,1
20,-36,1
25,-44,1
44,-83,8
42,-90,7
39,-103,7
28,-128,-9
31,-123,-12
11,-73,-10
43,-74,7
-5,-56,-15
11,-51,-11
19,-35,-8
23,-32,-6
22,-22,-5
18,-19,-7
11,-23,-8
12,-29,-7
22,-59,4
27,-67,10
38,-78,24
38,-85,30
22,-86,27
18,-82,24
5,-77,12
4,-73,8
11,-57,7
18,-51,9
27,-49,12
29,-64,5
23,-66,-6
13,-48,-12
13,-42,-7
21,-40,5
24,-48,6
21,-82,-3
17,-107,-17
4,-108,-26
-4,-99,-18
-15,-89,-3
-8,-82,-2
6,-67,-15
5,-55,-10
11,-54,9
10,-61,13
7,-54,8
7,-50,5
13,-46,4
13,-37,13
37,-32,15
24,-32,5
25,-47,4
23,-60,5
20,-82,9
16,-79,15
10,-79,13
11,-74,3
19,-83,4
31,-89,9
36,-74,12
34,-60,8
31,-60,6
20,-60,-9
17,-56,-14
16,-47,-10
17,-47,-8
16,-37,-4
16,-37,-3
16,-43,-4
15,-56,-4
11,-90,-14
11,-97,-20
10,-102,-12
5,-105,-8
-4,-111,-11
0,-107,-20
17,-80,-10
25,-56,24
20,-46,27
6,-27,10
3,-21,3
9,-22,5
6,-18,3
20,-25,5
27,-29,8
38,-45,18
40,-55,19
42,-77,22
39,-79,20
18,-77,5
15,-78,5
15,-93,6
26,-103,4
46,-90,12
71,-81,22
35,-98,14
29,-85,8
20,-75,10
23,-71,20
20,-55,21
19,-46,19
18,-36,16
15,-35,16
17,-31,24
27,-36,45
23,-38,51
22,-30,50
26,-24,53
33,-27,63
30,-32,66
24,-30,61
20,-31,57
9,-37,53
0,-29,47
-12,-12,28
-1,-7,28
18,-4,32
18,-4,33
12,0,35
16,0,39
44,-17,64
50,-26,71
48,-24,67
53,-15,68
41,-9,70
21,-16,70
19,-19,66
31,-25,86
17,-33,94
47,-33,63
44,-28,50
34,-20,42
24,-20,40
18,-21,34
20,-19,31
24,-15,22
21,-14,17
21,-12,12
30,-11,10
26,-11,-5
18,-15,-10
13,-25,-9
16,-36,-3
7,-78,0
32,-99,3
62,-128,-21
30,-128,-33
126,-128,-15
98,-67,-6
29,-95,-39
56,-49,-17
23,-39,1
9,-46,0
8,-45,-8
8,-35,-21
16,-34,-17
6,-27,-2
18,-26,2
22,-28,5
5,-31,16
82,-63,15
60,-56,-11
68,-62,-12
73,-44,0
38,-63,-5
21,-66,-7
5,-69,-11
12,-63,-8
27,-94,-11
33,-93,-16
30,-59,-13
27,-56,-7
26,-74,55
-120,-49,-27
7,-56,-23
41,-91,-11
15,-67,-25
21,-57,-21
19,-55,-19
12,-51,-19
12,-57,-13
-1,-77,-7
15,-82,-6
27,-84,-11
23,-85,-11
11,-92,-3
12,-82,-1
10,-56,-5
8,-55,0
5,-77,3
1,-75,1
14,-62,20
16,-49,19
20,-28,9
17,-25,9
15,-25,14
15,-30,14
20,-34,15
23,-60,2
20,-68,-10
26,-71,-23
32,-69,-16
41,-81,9
46,-85,16
44,-82,8
46,-73,4
38,-57,4
32,-56,3
18,-54,-4
13,-49,-6
9,-36,-4
12,-31,-1
16,-26,3
18,-28,3
21,-52,5
20,-64,2
20,-72,-4
13,-76,-7
3,-94,-18
5,-100,-18
27,-114,-6
33,-109,-5
29,-65,-4
26,-53,3
18,-56,7
15,-51,3
14,-44,4
12,-31,16
14,-27,15
18,-20,12
18,-22,10
18,-47,9
20,-57,8
20,-81,2
20,-86,4
21,-91,15
17,-86,16
16,-74,14
16,-77,11
21,-73,9
24,-62,9
19,-53,2
18,-52,-1
19,-54,-3
22,-56,-4
26,-49,0
26,-43,2
24,-35,5
21,-38,3
16,-50,0
9,-58,-4
6,-61,-8
9,-59,-9
13,-60,-7
19,-87,-2
22,-106,-4
27,-128,-2
23,-128,-1
19,-85,10
17,-63,18
4,-50,14
-1,-44,5
-2,-25,-5
2,-21,-6
11,-16,0
15,-16,1
27,-22,15
33,-30,26
39,-58,44
37,-81,33
28,-80,23
17,-70,16
3,-57,6
9,-82,6
21,-91,18
36,-86,16
32,-74,8
19,-61,4
18,-60,1
30,-49,2
32,-43,4
27,-34,8
22,-33,8
19,-43,7
18,-52,8
12,-74,2
7,-78,-3
2,-79,-10
3,-74,-9
10,-75,-4
18,-80,4
24,-93,3
21,-92,-7
22,-78,0
20,-75,10
21,-76,17
25,-73,14
9,-58,2
10,-48,3
11,-28,9
15,-20,11
18,-18,10
18,-28,8
19,-41,7
25,-79,-1
33,-103,-7
58,-117,42
36,-108,39
-7,-88,9
-36,-67,1
-51,-27,-13
-23,-40,-22
41,-52,-28
50,-71,-31
23,-68,-14
14,-65,-2
2,-48,2
5,-45,-3
3,-39,-10
6,-43,-7
9,-44,-10
-25,-48,2
4,-53,14
11,-77,-12
13,-84,-23
23,-87,-26
27,-75,-17
20,-73,-9
15,-79,-11
15,-79,-17
15,-76,-21
17,-53,-5
9,-49,3
-6,-58,5
-3,-56,-2
0,-49,-9
-23,-57,8
-8,-38,10
13,-40,10
19,-50,3
21,-48,4
20,-51,2
19,-51,-4
27,-66,4
34,-74,10
27,-97,10
28,-96,5
14,-71,-4
8,-73,-1
18,-73,0
25,-64,-1
23,-65,1
21,-63,-2
19,-68,-2
14,-71,-4
18,-65,1
17,-58,10
12,-53,10
11,-40,3
11,-35,2
16,-39,5
17,-45,6
24,-64,4
24,-79,0
21,-102,-19
22,-105,-24
34,-125,-1
32,-128,-5
45,-92,0
33,-57,4
-10,-32,-3
-24,-35,-7
-16,-34,-20
14,-29,-11
22,-30,0
23,-42,15
19,-41,12
22,-58,16
21,-64,19
10,-93,16
1,-106,14
-8,-93,15
-3,-77,19
21,-55,28
26,-51,26
11,-42,10
6,-44,3
11,-46,1
15,-54,2
20,-53,0
21,-50,-3
17,-50,-5
19,-54,-6
23,-63,-6
21,-74,-8
13,-86,-14
10,-89,-16
8,-89,-2
11,-88,5
15,-98,-1
19,-88,-6
18,-73,-2
11,-48,17
15,-41,27
25,-48,12
12,-35,9
-33,-26,9
22,-26,35
29,-19,24
34,-32,21
26,-63,8
25,-82,2
27,-83,-4
30,-70,0
36,-53,15
39,-50,20
39,-42,17
38,-44,17
37,-59,19
37,-67,15
21,-74,2
18,-70,-2
21,-50,-1
22,-42,4
22,-43,5
19,-50,4
17,-56,1
13,-67,-5
11,-76,-9
10,-85,-24
15,-84,-26
24,-90,-9
28,-98,5
38,-89,43
25,-70,35
14,-55,4
9,-56,-1
-17,-45,3
-9,-35,6
15,-24,12
22,-22,12
27,-27,16
28,-33,16
42,-39,46
70,-40,89
20,-76,41
-33,-124,-9
1,-115,-34
37,-74,-8
39,-79,4
37,-74,-3
35,-66,-8
20,-46,-9
16,-38,-9
17,-22,-6
19,-19,-5
20,-21,-3
22,-26,-1
28,-50,10
29,-72,6
19,-111,-9
12,-115,-10
-3,-118,-4
-1,-109,0
6,-103,-5
14,-90,-1
20,-68,16
18,-65,18
19,-58,15
17,-50,16
20,-33,7
26,-29,8
54,-19,12
17,-13,-19
4,-19,-15
-6,-56,35
-3,-69,26
9,-77,7
26,-67,42
39,-78,56
42,-74,48
23,-60,22
21,-55,20
29,-65,30
32,-72,23
12,-81,4
5,-73,2
12,-61,8
16,-55,10
17,-43,13
15,-39,11
10,-28,14
9,-25,11
11,-23,6
14,-26,8
17,-49,4
16,-61,-7
16,-63,-8
21,-71,-2
26,-74,1
32,-71,5
31,-68,4
28,-72,-2
27,-77,-5
27,-86,-5
28,-89,-5
31,-84,-3
29,-93,-6
19,-67,-12
17,-43,-6
24,-32,10
22,-40,10
18,-50,1
15,-51,-3
14,-47,-3
18,-49,2
23,-53,13
26,-60,23
-48,-74,35
-18,-62,43
19,-50,18
24,-48,2
27,-49,0
20,-55,2
21,-76,3
21,-106,-15
24,-74,-17
31,-51,4
25,-57,12
23,-67,-4
21,-75,-12
15,-69,-12
19,-69,-2
27,-68,13
25,-74,0
24,-75,11
-13,-73,-4
-28,-63,-11
-16,-58,-8
13,-64,0
20,-71,1
24,-77,-10
33,-85,-14
37,-120,-18
20,-126,-27
21,-90,-13
18,-56,9
17,-51,0
16,-34,-5
9,-23,-9
32,-22,-14
34,-19,-14
35,-20,-2
28,-26,-5
16,-48,1
22,-55,14
18,-71,18
20,-75,26
7,-68,14
10,-64,15
30,-57,26
17,-55,17
53,-56,19
42,-58,14
31,-56,-3
30,-52,-7
26,-68,-5
29,-73,-1
22,-61,8
15,-54,9
11,-44,6
14,-37,1
14,-34,-2
17,-41,-3
20,-44,-7
34,-57,-8
45,-83,-5
39,-95,-4
33,-93,1
24,-92,5
26,-92,5
32,-85,5
32,-80,10
23,-71,20
12,-61,14
-7,-43,-2
-5,-37,-3
5,-38,1
12,-34,9
30,-40,22
39,-43,23
36,-50,19
30,-47,13
26,-43,10
23,-38,5
20,-33,1
15,-26,-3
19,-38,0
36,-67,7
42,-78,9
36,-98,13
30,-110,12
33,-94,4
28,-74,4
20,-64,9
21,-60,11
19,-53,5
20,-51,3
18,-46,0
18,-43,0
20,-36,5
19,-38,4
16,-45,-3
12,-46,-13
22,-45,-15
27,-68,-6
22,-111,-13
12,-118,-22
-24,-117,-40
-4,-86,-13
15,-64,5
-2,-52,6
-14,-46,-1
-10,-41,-1
0,-43,3
10,-43,8
21,-39,14
23,-37,11
27,-40,13
27,-56,14
29,-73,13
26,-86,12
20,-79,14
4,-74,17
0,-73,14
7,-69,11
21,-69,19
27,-71,3
22,-60,-8
13,-51,-21
12,-47,-23
22,-32,-10
24,-27,-5
24,-27,-2
22,-47,-6
22,-64,-6
20,-86,-11
17,-89,-13
11,-87,-8
10,-84,-4
16,-90,4
19,-99,5
25,-104,7
30,-92,18
12,-70,18
-2,-68,15
-14,-52,-4
-1,-48,-11
43,-29,3
53,-10,9
64,5,26
54,2,24
44,-13,-6
40,-23,-18
28,-47,-35
48,-48,-27
62,-42,-9
56,-46,11
55,-53,13
48,-54,13
43,-67,10
29,-83,11
20,-87,15
13,-86,14
10,-81,7
19,-75,7
23,-69,13
28,-50,25
31,-38,34
17,-26,28
11,-22,19
49,-16,12
50,-19,1
47,-31,-10
56,-33,-5
58,-34,7
58,-32,12
64,-32,10
66,-33,11
67,-32,14
62,-32,15
61,-26,25
63,-24,29
52,-34,5
33,-22,0
41,-13,2
34,-7,3
29,-12,0
29,-27,-16
31,-30,-19
39,-38,-32
48,-35,-35
43,-46,-45
65,-34,-36
60,-37,-37
58,-33,-44
51,-37,-38
41,-31,-36
17,-21,-30
44,-8,-38
53,-8,-50
39,-20,-30
40,-26,-30
37,-18,-32
31,-20,-35
36,-26,-30
48,-27,-33
60,-24,-35
58,-25,-32
37,-29,-26
30,-30,-19
36,-30,-7
36,-32,-13
40,-29,-25
62,-46,-5
40,-81,-23
43,-82,-9
49,-59,-69
40,-62,-80
10,-53,-18
9,-31,-24
41,-4,-26
45,0,-11
75,-10,-12
81,-24,-6
85,-35,26
84,-33,19
74,-26,18
72,-30,15
68,-31,5
64,-32,1
57,-31,-4
53,-25,-3
51,-24,-2
51,-34,4
45,-34,3
36,-35,-19
32,-41,-21
26,-60,-45
28,-59,-49
22,-39,-42
26,-41,-32
49,-55,8
57,-54,14
70,-53,12
78,-61,16
77,-83,29
62,-86,24
32,-67,10
54,-54,18
83,-48,36
88,-43,50
127,-28,51
127,-24,38
115,-19,17
92,-16,12
70,-13,4
49,-8,14
48,-2,25
12,8,26
-3,9,22
-13,2,26
-15,3,29
-8,4,37
0,-1,42
6,-1,46
4,-2,48
4,11,49
0,18,51
2,33,54
-1,39,51
8,40,50
20,38,55
29,32,60
26,35,55
35,38,45
25,41,42
20,43,38
23,47,38
21,50,38
18,51,38
23,49,42
22,48,42
23,49,42
24,47,42
23,47,40
20,48,40
18,48,40
17,47,41
16,46,40
16,44,39
17,44,40
19,42,42
19,44,42
18,46,44
16,48,44
15,49,43
16,47,43
18,44,42
18,43,42
20,42,42
20,43,41
18,45,41
18,44,40
19,47,41
19,48,42
20,46,44
20,44,45
19,44,45
16,48,43
16,48,42
16,45,40
17,45,39
18,43,42
17,44,40
18,46,41
19,46,41
20,45,42
20,45,43
20,46,44
19,46,45
18,45,44
17,45,44
17,44,45
16,44,45
18,44,44
16,46,42
11,48,41
8,49,41
8,48,41
8,46,41
9,45,41
12,43,42
12,44,44
13,45,46
13,45,47
12,46,48
12,46,48
11,47,46
12,47,45
11,46,42
12,45,42
13,43,43
17,41,46
14,40,46
13,37,41
0,37,51
-2,36,51
3,32,54
3,29,51
6,26,39
4,26,37
-2,23,31
-7,24,28
-8,28,30
-12,27,36
-10,26,30
2,25,15
5,15,20
35,-5,29
46,-9,28
62,-23,26
69,-27,23
78,-42,9
88,-51,8
87,-70,13
80,-81,12
61,-95,8
57,-105,3
78,-101,20
44,-85,5
50,-82,2
45,-73,0
43,-62,1
40,-60,1
36,-57,1
34,-52,0
29,-53,2
26,-53,3
20,-59,3
19,-67,5
25,-71,16
-25,-107,26
-121,-69,0
-42,-57,1
-31,-49,7
3,-51,7
11,-50,5
24,-55,2
30,-55,1
37,-57,4
34,-59,7
23,-59,9
20,-61,10
19,-69,9
21,-72,9
21,-65,7
25,-58,9
7,-61,11
1,-64,8
2,-59,5
23,-54,1
29,-51,2
36,-54,8
33,-66,4
27,-73,-9
26,-68,-12
28,-59,-7
29,-54,-5
36,-54,1
35,-54,1
30,-61,-1
28,-66,0
30,-74,2
31,-76,2
34,-71,-2
45,-76,4
32,-78,3
23,-66,-6
20,-38,-13
24,-31,-16
47,-29,-21
47,-26,-27
36,-30,-28
34,-34,-28
34,-56,-40
35,-61,-44
43,-61,-36
35,-61,-27
28,-67,-9
3,-64,-22
11,-62,-16
0,-59,-39
6,-46,-21
-54,-53,-72
57,-50,-35
-7,-52,-20
-4,-54,-43
-1,-46,-46
-55,-38,-97
36,-44,-17
45,-58,42
28,-52,-15
17,-50,-30
-31,-50,-38
-20,-53,-37
-5,-49,-42
-1,-42,-34
10,-39,-28
8,-42,-40
-5,-55,-36
-11,-57,-28
-8,-55,-46
-5,-48,-37
-3,-44,-36
-21,-38,-47
-21,-37,-50
-18,-38,-63
-35,-38,-67
-28,-63,-42
-9,-61,-42
-1,-47,-34
1,-43,-31
-5,-44,-30
-11,-47,-36
-30,-43,-30
-18,-46,-30
-5,-53,-48
5,-54,-32
-4,-56,-45
-11,-46,-54
-1,-48,-26
21,-56,-23
-6,-65,-45
-17,-61,-39
8,-53,-27
18,-55,-26
21,-52,-16
5,-59,-22
4,-52,-17
-7,-52,-27
-9,-42,-20
0,-41,-20
22,-46,-12
46,-38,-23
59,-53,-21
57,-87,15
43,-85,16
-5,-91,39
39,-75,33
58,-62,0
65,-51,-4
61,-36,-6
64,-33,-8
50,-37,-16
50,-45,-16
48,-53,-17
48,-57,-18
44,-58,-15
40,-56,-13
40,-53,-3
37,-55,1
30,-46,6
29,-39,12
32,-37,14
27,-35,22
21,-32,25
-10,-21,45
-19,-51,60
73,-52,45
80,-36,35
61,-35,18
41,-36,13
41,-37,22
64,-46,29
52,-44,20
45,-43,18
32,-41,16
32,-39,19
36,-36,25
42,-35,25
35,-40,30
40,-39,31
43,-33,38
43,-32,39
45,-33,33
48,-40,35
46,-41,34
24,-43,34
28,-42,36
49,-38,38
46,-39,34
35,-33,36
36,-32,35
34,-29,28
34,-30,28
40,-27,32
40,-25,31
43,-27,38
41,-26,42
45,-31,46
45,-33,41
45,-36,42
47,-37,44
41,-36,41
35,-32,35
35,-27,30
30,-26,34
30,-26,49
37,-26,47
39,-23,48
40,-20,43
42,-24,44
33,-25,42
40,-27,42
59,-24,45
58,-23,46
15,-31,59
12,-26,52
15,-23,37
7,-26,34
29,-29,39
31,-29,41
29,-31,38
37,-28,36
52,-24,22
46,-20,19
54,-15,-2
70,-14,-6
56,-19,3
39,-28,-3
46,-39,-8
50,-40,-10
42,-39,-13
50,-45,-11
40,-58,-3
39,-68,4
39,-68,-4
44,-67,-27
51,-67,-24
42,-63,-21
37,-63,-20
32,-62,-18
26,-54,-23
16,-44,-29
15,-44,-33
20,-44,-36
16,-43,-41
24,-43,-43
27,-50,-34
26,-48,-23
19,-49,-35
49,-50,-21
76,-45,-36
18,-43,-38
-5,-29,-12
21,-17,25
42,-22,42
22,-52,21
46,-76,5
45,-79,-12
20,-86,-23
9,-80,-13
7,-60,-4
19,-58,1
27,-56,3
34,-52,4
44,-60,3
46,-65,3
55,-69,5
50,-67,3
33,-56,-5
29,-50,-5
23,-38,-9
28,-35,-7
43,-30,-6
33,-29,-9
36,-28,-12
34,-26,-10
11,-30,-4
18,-34,-5
19,-55,-6
29,-69,-12
52,-83,-17
60,-76,-4
46,-66,-5
41,-51,-3
36,-44,-3
43,-35,10
57,-33,19
60,-30,0
63,-29,-11
74,-31,-18
60,-28,-29
57,-27,-41
51,-28,-43
39,-32,-43
34,-32,-41
24,-35,-37
17,-35,-35
20,-33,-41
21,-34,-46
31,-31,-47
29,-28,-46
27,-24,-47
31,-22,-45
34,-19,-42
36,-18,-46
30,-17,-52
42,-17,-55
46,-19,-55
36,-18,-46
26,-27,-44
41,-16,-24
56,-33,-20
47,-25,-27
48,-22,-28
48,-29,-25
52,-29,-24
44,-31,-20
49,-27,-19
51,-29,-22
54,-29,-17
55,-34,-10
53,-32,-12
51,-30,-12
52,-28,-11
52,-26,-9
53,-27,-7
57,-31,-6
50,-15,-11
51,-26,-11
54,-26,-9
55,-28,-6
55,-27,-4
57,-28,-5
54,-27,-8
54,-28,-8
52,-24,-12
53,-25,-12
50,-31,-12
53,-23,-11
53,-22,-10
52,-24,-10
60,-23,-14
61,-24,-14
60,-21,-17
58,-23,-18
58,-22,-18
60,-21,-17
56,-23,-15
51,-26,-18
-21,-76,-49
127,1,78
98,-74,-40
66,-25,-29
127,13,-13
36,-26,-20
44,2,-2
19,-13,-102
47,-18,-24
69,-48,-43
60,-40,-28
42,-11,-4
41,-18,-10
36,-17,-1
36,-17,-8
56,-24,-13
89,-20,-27
71,-10,-18
39,-5,-16
47,-8,-14
76,-12,-20
65,-8,-8
60,-7,-10
77,-21,-16
68,-19,-10
79,14,-4
78,32,3
66,28,17
66,21,16
52,11,12
52,11,37
50,-8,29
29,-29,34
15,-39,18
33,58,13
-29,127,116
44,36,50
32,11,28
-19,13,79
-25,12,82
-23,2,71
-21,-2,59
-12,-1,42
-10,1,39
-20,15,21
-19,19,4
-19,92,14
-3,52,-16
30,50,-11
30,56,-19
-13,127,4
28,38,-30
-6,46,-3
-7,49,-7
-12,29,-18
-21,75,-14
-32,77,-14
-21,59,-27
-34,57,-21
-26,66,-42
-14,77,-40
-18,86,-28
-22,56,-29
-14,52,-50
-17,61,-48
-19,69,-38
-17,55,-36
-18,51,-20
-20,58,-50
3,49,-14
9,-3,-24
70,44,64
42,52,36
33,48,38
35,42,32
33,27,38
33,24,25
71,59,16
46,108,6
24,111,-1
27,56,16
22,41,11
10,41,9
12,51,15
22,53,21
27,45,21
22,47,20
18,48,14
29,34,12
37,47,8
38,31,18
29,29,-4
44,89,13
47,92,39
21,53,9
14,55,16
2,62,26
-3,59,6
-8,64,11
-7,64,19
-3,65,32
-7,65,37
5,60,34
0,62,36
-1,60,38
6,55,49
3,53,40
-5,56,32
-9,55,26
0,50,18
8,53,10
12,54,-1
6,70,-3
0,76,-11
3,69,-9
5,65,-3
4,66,-1
-2,70,0
-3,72,5
-5,62,9
-3,57,7
2,54,14
4,54,16
5,61,17
7,62,20
2,60,28
-1,51,31
9,38,50
-4,39,51
-9,40,57
-8,42,56
-11,40,57
-19,39,59
-23,35,57
-32,24,55
-38,25,59
-43,22,68
-44,10,72
-44,-2,67
-40,-5,54
-26,3,36
-26,8,38
-36,6,41
-34,14,46
-32,15,51
-23,24,50
-33,11,61
-40,13,59
-20,13,68
-19,12,68
-17,1,63
-18,-1,66
-20,6,64
-17,9,61
-11,11,62
-25,4,78
-37,7,83
-41,10,61
-33,7,52
-24,-8,50
-26,-12,55
-30,-7,66
-27,-7,65
-23,-6,56
-24,-7,54
-15,-7,58
-23,-6,56
-7,-1,65
-11,5,64
-33,4,57
-51,15,65
-48,19,41
-55,8,29
-92,45,20
-76,15,15
-84,15,14
-87,15,15
-53,31,16
-34,50,20
-34,46,32
-51,56,57
-76,46,65
-70,33,37
-61,30,26
-36,29,10
-33,35,8
-32,36,16
-35,37,20
-42,41,32
-47,40,28
-50,29,27
-48,29,30
-55,38,34
-49,39,34
-50,32,50
-62,23,52
-65,15,51
-60,10,49
-50,12,50
-47,14,50
-38,22,49
-30,30,45
-24,30,42
-17,32,29
-14,30,30
-13,14,16
-11,16,10
-33,66,22
-29,68,30
-37,55,25
-38,21,13
-67,48,28
-66,39,28
-54,34,32
-54,33,34
-55,20,35
-50,12,37
-62,9,31
-65,16,28
-49,17,31
-45,15,34
-49,17,36
-49,16,34
-42,11,34
-41,11,34
-44,17,36
-45,19,36
-41,16,36
-40,12,42
-42,8,44
-48,1,43
-47,2,45
-42,-7,48
-48,-11,48
-55,-13,47
-51,-16,50
-44,-18,50
-48,-19,48
-55,-26,41
-46,-25,38
-53,-25,30
-51,-25,33
-43,-25,44
-51,-21,46
-50,-29,46
-45,-19,44
-36,-17,47
-19,-7,47
-21,-16,56
-27,-22,55
-29,-16,51
-18,-7,57
-16,-11,55
-41,-1,51
-37,6,49
-20,12,47
-24,13,47
-37,11,49
-38,8,52
-46,10,55
-43,24,44
-13,-11,48
-19,-30,51
-70,-17,48
-60,-4,39
-39,-34,33
-36,-52,38
-56,-26,38
-60,-14,30
-62,-52,32
-68,-46,38
-48,-14,33
-42,-22,31
-44,-18,29
-54,-13,26
-60,-21,26
-59,-23,25
-60,-22,23
-62,-23,19
-71,-21,14
-83,-23,11
-72,-24,9
-49,-20,4
-44,-26,5
-44,-22,11
-37,-36,19
-62,-26,7
-56,-35,11
-52,-33,12
-44,-30,13
-47,-33,14
-53,-37,15
-58,-39,11
-56,-38,8
-51,-32,7
-52,-29,7
-57,-23,9
-58,-22,9
-60,-15,11
-59,-16,12
-65,-19,15
-66,-18,14
-68,-20,10
-70,-21,5
-67,-25,1
-70,-37,1
-69,-37,-3
-54,-37,-6
-49,-36,-4
-28,-96,16
-54,-49,-5
-52,-31,1
-47,-29,1
-44,-29,3
-44,-29,5
-50,-29,8
-51,-31,8
-55,-32,10
-58,-31,11
-55,-31,10
-53,-33,9
-54,-38,4
-55,-40,3
-62,-42,-4
-59,-42,-9
-56,-40,-9
-52,-32,-3
-52,-36,-3
-46,-46,-7
-37,-49,-13
-30,-42,-16
-25,-44,-18
-36,-41,-18
-38,-43,-17
-46,-44,-19
-49,-44,-17
-51,-41,-14
-49,-38,-9
-46,-40,-1
-49,-48,0
-62,-54,2
-62,-53,-3
-62,-49,-5
-64,-50,-10
-70,-56,-9
-72,-57,-8
-68,-45,-10
-61,-38,-19
-58,-46,-24
-58,-54,-27
-66,-56,-25
-62,-51,-23
-57,-49,-23
-61,-38,-19
-58,-46,-24
-58,-54,-27
-66,-56,-25
-62,-51,-23
-57,-49,-23
-54,-47,-21
-53,-46,-18
-43,-45,-14
-37,-42,-13
-25,-35,-7
-22,-35,-6
-22,-36,-4
-24,-37,-3
-25,-39,0
-29,-40,-1
-39,-52,-7
-47,-52,-9
-61,-51,-7
-67,-50,-5
-70,-56,-7
-65,-56,-10
-58,-48,-10
-58,-45,-8
-52,-40,-9
-50,-34,-8
-50,-30,-7
-60,-33,0
-60,-36,1
-65,-36,4
-65,-34,6
-58,-35,7
-58,-38,6
-59,-46,4
-59,-47,4
-55,-45,3
-51,-42,2
-51,-41,-5
-55,-38,-5
-64,-38,-4
-69,-37,-5
-72,-34,-8
-70,-35,-13
-70,-38,-13
-69,-39,-12
-65,-34,-10
-64,-31,-9
-58,-31,-10
-55,-31,-10
-45,-29,-5
-44,-26,2
-47,-26,7
-51,-30,12
-50,-31,12
-45,-31,15
-47,-32,17
-52,-33,21
-50,-36,21
-51,-42,19
-51,-40,17
-59,-38,15
-65,-37,16
-74,-37,13
-70,-37,10
-53,-35,7
-46,-33,6
-44,-26,6
-45,-23,7
-50,-23,13
-54,-25,16
-59,-28,23
-59,-28,24
-55,-27,27
-54,-27,29
-57,-30,34
-56,-28,34
-51,-28,37
-44,-26,38
-40,-23,39
-46,-19,40
-54,-24,37
-73,-41,33
-72,-40,28
-49,-34,20
-44,-32,21
-48,-36,30
-45,-40,31
-30,-36,29
-30,-31,30
-34,-32,37
-30,-33,35
-18,-26,34
-19,-26,37
-23,-41,41
-19,-45,39
-13,-35,36
-1,-39,30
4,-49,29
1,-51,27
2,-44,23
0,-60,18
-4,-68,14
-8,-70,13
-8,-73,13
-11,-78,15
-12,-79,14
-5,-73,11
-2,-69,10
7,-74,12
9,-81,12
15,-73,10
4,-74,9
4,-82,17
3,-84,24
5,-70,29
9,-66,29
16,-47,25
16,-38,24
1,-23,26
-1,-21,28
-6,-30,25
-10,-30,23
-16,-44,17
-10,-52,15
-35,-63,0
-51,-65,-3
-34,-71,-3
-44,-67,-10
-46,-51,-9
-22,-51,-12
-31,-48,-10
-27,-45,-34
-36,-38,-27
42,-128,59
21,-36,8
4,-72,13
-25,-53,-2
5,-67,6
8,-66,5
-4,-62,1
0,-65,3
-2,-64,2
-2,-63,2
-1,-64,3
-2,-63,2
-1,-64,3
-2,-64,3
-1,-64,3
-1,-63,3
-1,-64,3
-1,-64,3
-1,-64,3
-1,-64,3
-1,-64,3
-1,-64,3
-1,-64,3
-1,-64,3
-1,-64,3
-1,-64,3
-1,-64,3
-1,-64,3
-1,-63,3
-1,-63,3
-1,-64,3
-1,-64,3
-1,-64,3
-1,-64,3
-1,-64,3
-1,-64,3
-1,-64,3
-1,-64,3
-1,-64,3
-1,-64,3
-1,-64,3
-1,-64,3
-1,-64,3
-1,-64,3
-1,-64,3
-1,-64,3
-1,-64,3
-1,-64,3
-1,-64,3
-1,-64,3
-1,-64,4
-1,-64,3
-1,-64,3
-1,-63,2
-1,-64,3
-1,-64,3
-1,-64,3
-2,-64,3
-1,-64,3
-1,-64,3
-1,-64,3
-1,-64,3
-1,-64,3
-1,-64,3
-1,-64,3
-1,-64,3
-1,-64,3
-1,-63,3
-1,-64,3
-1,-64,3
-1,-64,3
-1,-64,3
-1,-64,3
-1,-64,3
-1,-64,3
-1,-64,3
-1,-64,3
-1,-64,3
-1,-64,3
-1,-64,3
-1,-64,3
-1,-64,3
-1,-64,3
-1,-64,3
-1,-64,3
-1,-63,3
-1,-64,3
-1,-64,3
-1,-64,3
-1,-64,3
-1,-64,3
-1,-64,3
-1,-64,3
-1,-64,3
-1,-64,3
-1,-64,3
-1,-64,3
-1,-64,3
-1,-64,3
-1,-64,3
-1,-64,3
-2,-64,3
-1,-64,3
-1,-64,3
-1,-64,3
-1,-64,3
-1,-64,3
-1,-64,3
-1,-64,3
-1,-64,3
-1,-64,3
-1,-64,3
-1,-64,3
-1,-64,3
-1,-64,3
-1,-64,3
-1,-64,3
-1,-64,3
-1,-64,3
-1,-64,3
-1,-64,3
-1,-64,3
-1,-64,3
-1,-64,3
-1,-64,3
-1,-64,3
-1,-64,3
-1,-64,3
-1,-64,3
-1,-64,3
-1,-64,3
-1,-64,3
-1,-64,3
-1,-64,3
-1,-64,3
-1,-64,3
-1,-64,3
-1,-64,3
-1,-63,3
-1,-64,3
-1,-64,3
-1,-64,3
-1,-64,3
-1,-64,3
-1,-64,3
-1,-64,3
-1,-64,3
-1,-64,3
-1,-64,3
-1,-64,3
-1,-64,3
-1,-64,3
-1,-64,3
-1,-64,3
-1,-64,3
-1,-64,3
-1,-64,3
-1,-64,3
-1,-64,3
-1,-64,3
-1,-64,3
-1,-64,3
-1,-64,3
-1,-64,3
-1,-64,3
-1,-64,3
-1,-64,3
-1,-64,3
-1,-64,3
-1,-64,3
-1,-64,3
-1,-64,3
-1,-64,3
-1,-64,3
-1,-64,3
-1,-64,3
-1,-64,3
-1,-64,3
-1,-64,3
-1,-64,3
-1,-64,3
-1,-64,3
-1,-64,3
-1,-64,3
-1,-63,3
-1,-64,3
-1,-64,3
-1,-64,3
-1,-64,3
-1,-64,3
-1,-64,3
-1,-64,3
-2,-63,2
-1,-64,4
-2,-63,3
-1,-64,3
-1,-64,3
-2,-63,3
-2,-64,3
-2,-63,3
-2,-63,3
-1,-64,3
-1,-63,3
-1,-64,3
-1,-64,3
-1,-64,3
-1,-64,3
-1,-64,3
-1,-64,3
-1,-63,3
-1,-63,3
-1,-64,3
-1,-64,3
-1,-64,3
-1,-64,3
-1,-64,3
-1,-64,3
-1,-63,3
-1,-64,3
-1,-64,3
-1,-63,3
-1,-64,3
-1,-64,3
-1,-64,3
-1,-64,3
-1,-64,3
-1,-63,3
-1,-63,3
-1,-64,3
-1,-64,3
-1,-64,3
-1,-64,3
-1,-64,3
-1,-64,3
-1,-64,3
-1,-64,3
-1,-64,3
-1,-64,3
-1,-63,3
-1,-64,3
-1,-64,3
-1,-64,3
-1,-64,3
-1,-64,3
-1,-63,3
-1,-64,3
-1,-64,3
-1,-63,3
-1,-63,3
-1,-64,3
-1,-64,3
-2,-63,3
-1,-63,3
-1,-64,3
-1,-64,3
-2,-63,3
-1,-64,3
-1,-63,3
-1,-63,3
-1,-64,3
-1,-64,3
-1,-64,3
-1,-63,3
-1,-64,3
-1,-64,3
-1,-64,3
-1,-64,3
-1,-64,3
-1,-64,3
-1,-64,3
-1,-64,3
-1,-64,3
-1,-64,3
-1,-64,3
-1,-64,3
-1,-64,3
-1,-64,3
-1,-64,3
-1,-64,3
-1,-64,3
-1,-64,3
-1,-63,3
-1,-64,3
-1,-64,3
-1,-64,3
-1,-64,3
-1,-64,3
-1,-64,3
-1,-64,3
-1,-64,3
-1,-64,3
-1,-64,3
-1,-64,3
-1,-64,3
-1,-64,3
-1,-64,3
-1,-64,3
-1,-64,3
-1,-64,3
-1,-64,3
-1,-64,3
-1,-64,3
-1,-64,3
-1,-64,3
-1,-63,3
-1,-64,3
-1,-64,3
-1,-63,3
-1,-63,3
-1,-64,3
-1,-64,3
-1,-64,3
-1,-63,3
-2,-63,3
-1,-64,3
-1,-64,3
-1,-63,3
-1,-63,3
-1,-64,3
-1,-64,3
-1,-63,3
-1,-64,3
-1,-64,3
-1,-64,3
-1,-64,3
-2,-64,3
-1,-64,3
-1,-64,3
-1,-64,3
-1,-64,3
-1,-64,3
-1,-64,3
-1,-64,3
-1,-63,3
-1,-64,3
-1,-64,3
-1,-64,3
-1,-64,3
-1,-64,3
-1,-64,3
-1,-64,3
-1,-64,3
-1,-64,3
-1,-64,3
-1,-64,3
-1,-64,3
-1,-64,3
-1,-64,3
-1,-64,3
-1,-64,3
-1,-64,3
-1,-63,3
-1,-64,3
-1,-64,3
-1,-64,3
-1,-64,3
-1,-64,3
-1,-64,3
-1,-64,3
-1,-64,3
-1,-64,3
-1,-64,3
-1,-64,3
-1,-64,3
-1,-64,3
-1,-64,3
-1,-64,3
-1,-64,3
-1,-64,3
-1,-64,3
-1,-64,3
-1,-64,3
-1,-64,3
-1,-64,3
-1,-64,3
-1,-64,3
-1,-64,3
-1,-64,3
-1,-64,3
-1,-64,3
-1,-64,3
-1,-64,3
-1,-63,3
-1,-63,3
-1,-64,3
-1,-64,3
-1,-64,3
-1,-64,3
-1,-64,3
-1,-64,3
-1,-64,3
-1,-64,3
-1,-64,3
-1,-64,3
-1,-64,3
-1,-64,3
-1,-64,3
-1,-64,3
-1,-64,3
-1,-64,3
-1,-64,3
-1,-64,3
-1,-64,3
-1,-64,3
-1,-64,3
-1,-64,3
-1,-64,3
-1,-64,3
-1,-64,3
-1,-64,3
-1,-64,3
-1,-64,3
-1,-64,3
-1,-64,3
-1,-64,3
-1,-64,3
-1,-64,3
-1,-64,3
-1,-64,3
-1,-64,3
-1,-64,3
-1,-64,3
-1,-64,3
-1,-64,3
-1,-64,3
-1,-64,3
-1,-63,3
-1,-64,3
-1,-64,3
-1,-64,3
-2,-64,3
-1,-64,3
-1,-64,3
-1,-64,3
-1,-64,3
-1,-64,3
-1,-64,3
-1,-64,3
-1,-64,3
-1,-64,3
-1,-64,3
-1,-64,3
-1,-64,3
-1,-64,3
-1,-64,3
-1,-64,3
-1,-64,3
-1,-64,3
-1,-64,3
-1,-64,3
-1,-64,3
-1,-64,3
-1,-64,3
-1,-64,3
-1,-64,3
-1,-63,3
-1,-64,3
-1,-64,3
-1,-64,3
-1,-64,3
-1,-64,3
-1,-64,3
-1,-63,3
-1,-64,3
-1,-64,3
-1,-64,3
-1,-64,3
-1,-64,3
-1,-64,3
-1,-64,3
-1,-64,3
-1,-64,3
-1,-64,3
-1,-64,3
-1,-64,3
-1,-64,3
-1,-64,3
-1,-64,3
-1,-64,3
-1,-64,3
-1,-64,3
-1,-64,3
-1,-64,3
-1,-64,3
-1,-64,3
-1,-64,3
-1,-64,3
-1,-64,3
-1,-64,3
-1,-64,3
-1,-64,3
-1,-64,3
-1,-64,3
-1,-64,3
-1,-64,3
-1,-64,3
-1,-64,3
-1,-64,3
-1,-64,3
-1,-64,3
-1,-64,3
-1,-64,3
-1,-64,3
-1,-64,3
-1,-64,3
-1,-64,3
-1,-64,3
-1,-64,3
-1,-64,3
-1,-64,3
-1,-64,3
-1,-64,3
-1,-64,3
-1,-64,3
-1,-64,3
-1,-64,3
-1,-64,3
-1,-64,3
-1,-64,3
-1,-64,3
-1,-64,3
-1,-64,3
-1,-64,3
-1,-64,3
-1,-64,3
-1,-64,3
-1,-64,3
-1,-64,3
-1,-64,3
-1,-64,3
-1,-64,3
-1,-64,3
-1,-64,3
-1,-64,3
-1,-64,3
-1,-64,3
-1,-64,3
-1,-64,3
-1,-64,3
-1,-64,3
-1,-64,3
-1,-64,3
-1,-64,3
-1,-64,3
-1,-64,3
-1,-64,3
-1,-64,3
-1,-64,3
-1,-64,3
-1,-64,3
-1,-64,3
-1,-64,3
-1,-64,3
-1,-64,3
-1,-64,3
-1,-64,3
-1,-64,3
-1,-64,3
-1,-64,3
-1,-64,3
-1,-64,3
-1,-64,3
-1,-64,3
-1,-64,3
-1,-64,3
-1,-64,3
-1,-64,3
-1,-63,3
-1,-64,3
-1,-64,3
-1,-64,3
-1,-64,3
-1,-64,3
-1,-64,3
-1,-64,3
-1,-64,3
-1,-64,3
-1,-64,3
-1,-64,3
-1,-64,3
-1,-64,3
-1,-64,3
-1,-64,3
-1,-64,3
-1,-64,3
-1,-64,3
-1,-63,3
-1,-64,3
-1,-64,3
-1,-63,3
-1,-63,3
-1,-64,3
-1,-64,3
-1,-64,3
-1,-63,3
-1,-64,3
-1,-64,3
-1,-64,3
-1,-64,3
-1,-64,3
-1,-64,3
-1,-63,3
-1,-64,3
-1,-64,3
-1,-64,3
-1,-64,3
-1,-63,3
-1,-64,3
-1,-64,3
-1,-64,3
-1,-63,3
-1,-63,3
-1,-64,3
-1,-64,3
-1,-63,3
-1,-64,3
-1,-64,3
-1,-64,3
-1,-64,3
-1,-64,3
-1,-64,3
-1,-64,3
-1,-64,3
-1,-64,3
-1,-64,3
-1,-64,3
-1,-63,3
-1,-63,3
-1,-64,3
-1,-64,3
-1,-64,3
-1,-63,3
-1,-64,3
-1,-64,3
-1,-64,3
-1,-64,3
-1,-64,3
-1,-64,3
-1,-64,3
-1,-64,3
-1,-64,3
-1,-64,3
-1,-64,3
-1,-64,3
-1,-63,3
-1,-64,3
-1,-64,3
-1,-63,3
-1,-63,3
-1,-64,3
-1,-64,3
-1,-63,3
-1,-64,3
-1,-64,3
-1,-63,3
-1,-64,3
-1,-64,3
-1,-64,3
-1,-64,3
-1,-64,3
-1,-64,3
-1,-64,3
-1,-64,3
-1,-64,3
-1,-64,3
-1,-64,3
-1,-64,3
-1,-64,3
-1,-63,3
-1,-63,3
-1,-64,3
-1,-64,3
-1,-64,3
-1,-64,3
-1,-64,3
-1,-64,3
-1,-64,3
-1,-64,3
-1,-64,3
-1,-64,3
-1,-64,3
-1,-64,3
-1,-64,3
-1,-64,3
-1,-64,3
-1,-64,3
-1,-64,3
-1,-64,3
-1,-63,3
-1,-64,3
-1,-64,3
-1,-63,3
-1,-64,3
-1,-63,3
-1,-63,3
-1,-64,3
-1,-64,3
-1,-63,3
-1,-63,3
-1,-64,3
-1,-64,3
-2,-64,3
-1,-63,3
-1,-64,3
-1,-64,3
-1,-64,3
-1,-63,3
-1,-63,3
-1,-64,3
-1,-64,3
-1,-64,3
-1,-63,3
-1,-64,3
-1,-64,3
-1,-63,3
-1,-64,3
-1,-64,3
-1,-63,3
-1,-64,3
-1,-64,3
-1,-64,3
-1,-64,3
-1,-64,3
-1,-64,3
-1,-63,3
-1,-64,3
-1,-63,3
-1,-64,3
-1,-64,3
-1,-64,3
-1,-64,3
-1,-64,3
-1,-63,3
-1,-64,3
-1,-64,3
-1,-64,3
-1,-64,3
-1,-64,3
-1,-64,3
-1,-64,3
-1,-64,3
-1,-64,3
-1,-63,3
-1,-64,3
-1,-64,3
-1,-64,3
-1,-64,3
-1,-64,3
-1,-64,3
-1,-64,3
-1,-64,3
-1,-64,3
-1,-64,3
-1,-64,3
-1,-64,3
-1,-64,3
-1,-64,3
-1,-64,3
-1,-64,3
-1,-64,3
-1,-64,3
-1,-64,3
-1,-64,3
-1,-64,3
-1,-64,3
-1,-64,3
-1,-64,3
-1,-64,3
-1,-64,3
-1,-64,3
-1,-63,3
-1,-64,3
-1,-64,3
-1,-64,3
-1,-64,3
-1,-64,3
-1,-64,3
-1,-64,3
-1,-64,3
-1,-64,3
-1,-64,3
-1,-64,3
-1,-64,3
-1,-64,3
-1,-64,3
-1,-64,3
-1,-64,3
-1,-64,3
-1,-64,3
-1,-64,3
-1,-63,3
-1,-64,3
-1,-64,3
-1,-64,3
-1,-64,3
-1,-64,3
-1,-64,3
-1,-64,3
-1,-64,3
-2,-64,3
-1,-64,3
-1,-64,3
-1,-64,3
-1,-64,3
-1,-64,3
-1,-64,3
-1,-64,3
-1,-64,3
-1,-64,3
-1,-64,3
-1,-64,3
-1,-64,3
-1,-64,3
-1,-64,3
-1,-64,3
-1,-64,3
-1,-64,3
-1,-64,3
-1,-64,3
-1,-64,3
-1,-64,3
-1,-64,3
-1,-64,3
-1,-64,3
-1,-64,3
-1,-64,3
-1,-64,3
-1,-64,3
-1,-64,3
-1,-64,3
-1,-64,3
-1,-64,3
-1,-64,3
-1,-64,3
-1,-64,3
-1,-64,3
-1,-64,3
-1,-64,3
-1,-64,3
-1,-64,3
-1,-64,3
-1,-64,3
-1,-64,3
-1,-63,3
-1,-64,3
-1,-64,3
-1,-64,3
-1,-64,3
-1,-64,3
-1,-64,3
-1,-64,3
-1,-64,3
-1,-64,3
-1,-64,3
-1,-64,3
-1,-64,3
-1,-64,3
-1,-64,3
-1,-64,3
-1,-64,3
-1,-64,3
-1,-64,3
-1,-64,3
-1,-64,3
-1,-64,3
-1,-64,3
-1,-64,3
-1,-64,3
-1,-64,3
-1,-64,3
-1,-64,3
-1,-64,3
-1,-64,3
-1,-64,3
-1,-64,3
-1,-64,3
-1,-64,3
-1,-64,3
-1,-63,3
-1,-64,3
-1,-64,3
-1,-64,3
-1,-64,3
-1,-64,3
-1,-64,3
-1,-64,3
-1,-64,3
-1,-64,3
-1,-64,3
-1,-64,3
-1,-64,3
-1,-64,3
-1,-64,3
-1,-64,3
-1,-64,3
-1,-64,3
-1,-64,3
-1,-64,3
-1,-64,3
-1,-63,3
-1,-64,3
-1,-64,3
-1,-64,3
-1,-64,3
-1,-64,3
-1,-64,3
-1,-64,3
-1,-64,3
-1,-64,3
-1,-64,3
-1,-64,3
-1,-64,3
-1,-64,3
-1,-63,3
-1,-64,3
-1,-64,3
-1,-64,3
-1,-64,3
-1,-64,3
-1,-64,3
-1,-64,3
-1,-64,3
-1,-64,3
-1,-64,3
-1,-64,3
-1,-64,3
-1,-64,3
-1,-64,3
-1,-64,3
-1,-64,3
-1,-64,3
-1,-64,3
-1,-64,3
-1,-64,3
-1,-64,3
-1,-64,3
-1,-64,3
-1,-64,3
-1,-64,3
-1,-64,3
-1,-64,3
-1,-64,3
-1,-64,3
-1,-64,3
-1,-64,3
-1,-64,3
-1,-64,3
-1,-64,3
-1,-64,3
-1,-64,3
-1,-64,3
-1,-64,3
-1,-64,3
-1,-63,3
-1,-64,3
-1,-64,3
-1,-64,3
-1,-64,3
-1,-64,3
-1,-64,3
-1,-64,3
-1,-64,3
-1,-64,3
-1,-64,3
-1,-64,3
-1,-64,3
-1,-64,3
-1,-64,3
-1,-64,3
-1,-64,3
-1,-64,3
-1,-64,3
-1,-64,3
-1,-64,3
-1,-64,4
-1,-63,3
-1,-64,3
0,-65,5
-2,-64,3
-2,-63,3
-1,-64,3
0,-64,4
-2,-64,3
-2,-63,3
-1,-64,3
-1,-64,3
-2,-63,3
-1,-63,3
-1,-64,3
-1,-64,3
-1,-64,3
-1,-64,3
-1,-64,3
-1,-64,3
-1,-64,3
-1,-64,3
-1,-64,3
-1,-64,3
-1,-64,3
-1,-64,3
-1,-64,3
-1,-64,3
-1,-64,3
-1,-64,3
-1,-64,3
-1,-64,3
-1,-64,3
-1,-64,3
-1,-63,3
-1,-64,3
-1,-64,3
-1,-64,3
-1,-64,3
-1,-64,3
-1,-64,3
-1,-64,3
-2,-64,3
-1,-64,3
-1,-64,3
-2,-63,3
-1,-64,3
-1,-64,3
-1,-64,3
-1,-64,3
-1,-64,3
-1,-64,3
-1,-64,3
-2,-63,3
-1,-64,3
-1,-64,3
-2,-63,3
-1,-64,3
-1,-64,3
-1,-64,3
-1,-64,3
-1,-64,3
-1,-64,3
-1,-64,3
-2,-64,3
-1,-64,3
-1,-64,3
-1,-63,3
-1,-64,3
-1,-64,3
-1,-64,3
-1,-64,3
-1,-64,3
-1,-64,3
-1,-63,3
-1,-64,3
-1,-64,3
-1,-63,3
-1,-64,3
-1,-64,3
-1,-64,3
-1,-64,3
-1,-64,3
-1,-64,3
-1,-64,3
-1,-64,3
-1,-64,3
-1,-64,3
-1,-64,3
-1,-64,3
-1,-64,3
-1,-64,3
-1,-64,3
-1,-64,3
-1,-64,3
-1,-64,3
-1,-64,3
-1,-64,3
-1,-64,3
-1,-64,3
-1,-64,3
-1,-64,3
-1,-64,3
-1,-64,3
-1,-64,3
-1,-64,3
-2,-64,3
-1,-64,3
-1,-64,3
-2,-64,3
-1,-64,3
-1,-64,3
-1,-64,3
-1,-64,3
-1,-64,3
-1,-64,3
-1,-64,3
-1,-64,3
-1,-64,3
-1,-64,3
-1,-64,3
-1,-64,3
-1,-64,3
-1,-64,3
-1,-64,3
-1,-64,3
-1,-64,3
-1,-64,3
-1,-64,3
-2,-64,3
-1,-64,3
-1,-64,3
-2,-64,3
-1,-64,3
-2,-64,3
-1,-64,3
-1,-64,3
-1,-64,3
-1,-64,3
-1,-64,3
-1,-64,3
-1,-64,3
-2,-64,3
-1,-64,3
-1,-64,3
-1,-64,3
-1,-64,3
-1,-64,3
-1,-64,3
-1,-64,3
-1,-64,3
-1,-64,3
-1,-64,3
-1,-64,3
-1,-64,3
-1,-64,3
-1,-64,3
-1,-64,3
-1,-64,3
-1,-64,3
-1,-64,3
-1,-63,3
-1,-64,3
-1,-64,3
-1,-64,3
-1,-64,3
-1,-64,3
-1,-64,3
-1,-64,3
-1,-64,3
-1,-64,3
-1,-64,3
-1,-64,3
-1,-64,3
-1,-64,3
-1,-64,3
-1,-64,3
-1,-64,3
-1,-63,3
-1,-64,3
-1,-64,3
-1,-64,3
-1,-64,3
-1,-64,3
-1,-64,3
-1,-64,3
-1,-64,3
-1,-64,3
-2,-64,3
-1,-64,3
-1,-64,3
-1,-64,3
-1,-63,3
-1,-64,3
-1,-64,3
-1,-64,3
-1,-64,3
-1,-64,3
-1,-64,3
-1,-64,3
-1,-64,3
-1,-64,3
-1,-64,3
-1,-64,3
-1,-64,3
-2,-64,3
-1,-64,3
-1,-64,3
-1,-64,3
-1,-64,3
-2,-64,3
-1,-64,3
-1,-64,3
-1,-64,3
-1,-64,3
-1,-64,3
-1,-64,3
-1,-64,3
-1,-64,3
-1,-63,3
-1,-63,3
-1,-63,3
-1,-64,3
-1,-64,3
-1,-64,3
-1,-64,3
-1,-64,3
-1,-64,3
-1,-64,3
-1,-64,3
-1,-64,3
-1,-64,3
-1,-64,3
-1,-64,3
-1,-64,3
-1,-64,3
-1,-64,3
-1,-64,3
-1,-64,3
-1,-64,3
-1,-64,3
-1,-64,3
-1,-64,3
-1,-64,3
-1,-64,3
-1,-64,3
-1,-64,3
-1,-64,3
-1,-64,3
-1,-64,3
-1,-63,3
-1,-64,3
-1,-64,3
-1,-64,3
-1,-64,3
-1,-64,3
-1,-64,3
-1,-64,3
-1,-64,3
-1,-64,3
-1,-64,3
-1,-64,3
-1,-64,3
-1,-64,3
-1,-64,3
-1,-64,3
-1,-63,3
-1,-64,3
-1,-64,3
-1,-64,3
-1,-64,3
-1,-64,3
-1,-64,3
-1,-64,3
-1,-64,3
-1,-64,3
-1,-64,3
-1,-64,3
-1,-64,3
-2,-64,3
-1,-64,3
-1,-64,3
-1,-64,3
-1,-64,3
-1,-64,3
-1,-64,3
-1,-64,3
-1,-64,3
-1,-64,3
-1,-63,3
-1,-64,3
-1,-64,3
-1,-64,3
-1,-64,3
-1,-64,3
-1,-64,3
-1,-64,3
-1,-64,3
-1,-64,3
-1,-63,3
-1,-64,3
-1,-64,3
-1,-64,3
-1,-64,3
-1,-64,3
-1,-64,3
-1,-64,3
-1,-64,3
-1,-64,3
-1,-64,3
-1,-63,3
-1,-64,3
-1,-64,3
-1,-64,3
-1,-64,3
-1,-64,3
-1,-64,3
-1,-64,3
-1,-64,3
-1,-64,3
-1,-64,3
-1,-64,3
-1,-64,3
-1,-64,3
-1,-64,3
-1,-64,3
-1,-64,3
-1,-64,3
-1,-64,3
-1,-64,3
-1,-64,3
-1,-64,3
-1,-64,3
-2,-64,3
-1,-64,3
-1,-64,3
-1,-64,3
-1,-64,3
-1,-64,3
-1,-64,3
-2,-64,3
-1,-64,3
-1,-64,3
-1,-64,3
-1,-63,3
-1,-64,3
-1,-64,3
-1,-64,3
-1,-64,3
-1,-64,3
-1,-64,3
-1,-64,3
-1,-64,3
-1,-64,3
-1,-64,3
-1,-64,3
-1,-64,3
-1,-64,3
-1,-64,3
-1,-64,3
-1,-64,3
-1,-64,3
-1,-64,3
-1,-64,3
-1,-64,3
-1,-64,3
-2,-64,3
-1,-63,3
-1,-64,3
-2,-64,3
-1,-64,3
-1,-64,3
-1,-64,3
-1,-64,3
-1,-64,3
-1,-64,3
-1,-64,3
-1,-64,3
-1,-64,3
-1,-64,3
-1,-64,3
-1,-64,3
-1,-64,3
-1,-64,3
-1,-64,3
-1,-64,3
-1,-64,3
-1,-64,3
-1,-64,3
-1,-64,3
-1,-64,3
-1,-64,3
-1,-64,3
-1,-64,3
-1,-64,3
-1,-64,3
-1,-64,3
-1,-64,3
-1,-64,3
-1,-64,3
-1,-64,3
-1,-64,3
-1,-64,3
-1,-64,3
-1,-64,3
-1,-64,3
-1,-64,3
-2,-64,3
-1,-64,3
-1,-64,3
-1,-64,3
-1,-64,3
-1,-64,3
-1,-64,3
-1,-64,3
-1,-64,3
-1,-64,3
-1,-64,3
-1,-64,3
-1,-64,3
-1,-64,3
-1,-64,3
-1,-64,3
-1,-64,3
-1,-64,3
-1,-64,3
-1,-64,3
-2,-64,3
-1,-64,3
-1,-64,3
-1,-64,3
-1,-64,3
-1,-64,3
-1,-64,3
-1,-64,3
-1,-64,3
-2,-64,3
-1,-64,3
-1,-64,3
-1,-64,3
-1,-64,3
-1,-64,3
-1,-64,3
-1,-64,3
-1,-64,3
-1,-64,3
-1,-64,3
-1,-64,3
-1,-64,3
-1,-64,3
-1,-64,3
-1,-64,3
-1,-64,3
-1,-64,3
-1,-64,3
-1,-64,3
-1,-64,3
-1,-64,3
-1,-64,3
-1,-64,3
-1,-64,3
-1,-64,3
-1,-64,3
-1,-64,3
-1,-64,3
-1,-64,3
-1,-64,3
-1,-64,3
-1,-64,3
-2,-64,3
-1,-64,3
-1,-64,3
-1,-64,3
-1,-64,3
-1,-64,3
-1,-64,3
-1,-64,3
-1,-64,3
-1,-64,3
-1,-64,3
-1,-64,3
-1,-64,3
-1,-64,3
-1,-64,3
-1,-63,3
-1,-63,3
-1,-64,3
-1,-64,3
-1,-64,3
-1,-63,3
-1,-64,3
-1,-64,3
-1,-64,3
-1,-64,3
-1,-64,3
-1,-63,3
-1,-64,3
-1,-64,3
-1,-64,3
-1,-64,3
-1,-63,3
-1,-64,3
-1,-64,3
-1,-63,3
-1,-63,3
-1,-64,3
-1,-64,3
-1,-64,3
-2,-64,3
-1,-63,3
-1,-64,3
-1,-64,3
-1,-64,3
-1,-64,3
-1,-64,3
-2,-64,3
-1,-64,3
-1,-64,3
-1,-63,3
-1,-63,3
-1,-64,3
-1,-63,3
-1,-64,3
-1,-64,3
-2,-63,3
-1,-63,3
-1,-64,3
-1,-64,3
-2,-63,3
-2,-63,3
-1,-64,3
-1,-64,3
-1,-64,3
-1,-64,3
-1,-64,3
-1,-64,3
-1,-64,3
-1,-64,3
-1,-64,3
-1,-64,3
-2,-64,3
-1,-64,3
-1,-64,3
-1,-63,3
-2,-63,3
-1,-64,3
-1,-64,3
-2,-63,3
-2,-63,3
-1,-64,3
-1,-64,3
-1,-64,3
-1,-64,3
-1,-64,3
-1,-64,3
-1,-64,3
-1,-64,3
-1,-64,3
-1,-64,3
-1,-64,3
-1,-64,3
-1,-64,3
-2,-64,3
-1,-64,3
-1,-64,3
-1,-64,3
-1,-64,3
-1,-64,3
-2,-63,3
-1,-64,3
-1,-64,3
-1,-64,3
-1,-63,3
-1,-64,3
-1,-64,3
-1,-64,3
-1,-64,3
-1,-64,3
-1,-63,3
-1,-63,3
-1,-64,3
-1,-64,3
-1,-64,3
-1,-64,3
-2,-64,3
-1,-64,3
-1,-64,3
-1,-63,3
-1,-63,3
-1,-64,3
-1,-64,3
-1,-63,3
-1,-63,3
-1,-64,3
-1,-64,3
-1,-64,3
-1,-64,3
-1,-64,3
-1,-64,3
-1,-64,3
-1,-64,3
-1,-64,3
-1,-64,3
-1,-64,3
-1,-64,3
-1,-64,3
-1,-64,3
-1,-64,3
-1,-64,3
-1,-64,3
-1,-64,3
-1,-64,3
-1,-64,3
-1,-64,3
-1,-64,3
-1,-64,3
-1,-64,3
-1,-64,3
-1,-64,3
-1,-64,3
-1,-64,3
-1,-64,3
-1,-64,3
-1,-64,3
-1,-64,3
-1,-64,3
-1,-64,3
-1,-64,3
-1,-64,3
-1,-64,3
-1,-64,3
-1,-64,3
-2,-64,3
-1,-64,3
-1,-64,3
-1,-64,3
-2,-63,3
-1,-64,3
-1,-64,3
-2,-64,3
-1,-64,3
-1,-64,3
-1,-64,3
-1,-64,3
-1,-64,3
-1,-64,3
-1,-64,3
-1,-64,3
-1,-64,3
-1,-64,3
-1,-64,3
-1,-64,3
-1,-64,3
-1,-64,3
-1,-64,3
-1,-63,3
-1,-64,3
-1,-64,3
-1,-64,3
-2,-64,3
-2,-64,3
-1,-64,3
-2,-64,3
-1,-64,3
-1,-64,3
-1,-64,3
-1,-64,3
-1,-64,3
-2,-64,3
-1,-64,3
-1,-64,3
-1,-64,3
-1,-64,3
-2,-64,3
-1,-64,3
-1,-64,3
-1,-64,3
-1,-64,3
-1,-64,3
-1,-64,3
-1,-64,3
-1,-64,3
-1,-64,3
-1,-64,3
-1,-64,3
-1,-63,3
-1,-64,3
-1,-64,3
-1,-64,3
-1,-64,3
-1,-64,3
-1,-64,3
-1,-64,3
-1,-64,3
-1,-64,3
-1,-64,3
-1,-64,3
-1,-64,3
-1,-64,3
-1,-64,3
-1,-64,3
-1,-63,3
-1,-63,3
-1,-64,3
-1,-64,3
-2,-64,3
-1,-63,3
-1,-64,3
-1,-64,3
-2,-64,3
-1,-64,3
-1,-64,3
-2,-64,3
-2,-64,3
-1,-64,3
-1,-64,3
-2,-64,3
-1,-63,3
-1,-64,3
-1,-64,3
-1,-64,3
-1,-63,3
-1,-64,3
-1,-64,3
-1,-64,3
-1,-64,3
-1,-64,3
-1,-64,3
-1,-64,3
-1,-64,3
-2,-64,3
-1,-64,3
-1,-64,3
-1,-64,3
-1,-64,3
-1,-64,3
-2,-64,3
-2,-64,3
-2,-63,3
-1,-64,3
-1,-64,3
-1,-64,3
-2,-64,3
-1,-64,3
-1,-64,3
-2,-64,3
-1,-64,3
-1,-64,3
-1,-64,3
-1,-64,3
-1,-64,3
-1,-64,3
-2,-64,3
-1,-64,3
-1,-64,3
-1,-64,3
-1,-64,3
-1,-64,3
-1,-64,3
-1,-64,3
-1,-64,3
-1,-64,3
-2,-64,3
-1,-64,3
-1,-64,3
-1,-64,3
-1,-64,3
-1,-64,3
-1,-64,3
-1,-64,3
-2,-64,3
-1,-64,3
-1,-64,3
-2,-64,3
-1,-64,3
-1,-64,3
-1,-64,3
-1,-64,3
-1,-64,3
-1,-64,3
-1,-64,3
-1,-64,3
-1,-64,3
-1,-63,3
-1,-64,3
-1,-64,3
-1,-64,3
-1,-64,3
-1,-64,4
-1,-64,3
-1,-64,3
-1,-64,3
-1,-64,3
-1,-64,3
-1,-64,3
-1,-64,3
-1,-64,3
-2,-64,3
-1,-64,3
-1,-63,3
-1,-63,3
-1,-64,3
-2,-64,3
-1,-64,3
-1,-64,3
-1,-64,3
-1,-64,3
-1,-64,3
-1,-64,3
-2,-63,3
-1,-64,3
-1,-64,3
-1,-64,3
-1,-64,3
-1,-64,3
-1,-64,3
-1,-64,3
-2,-64,3
-1,-64,3
-1,-64,3
-2,-63,3
-1,-64,3
-1,-64,3
-2,-63,3
-1,-64,3
-2,-64,3
-2,-64,3
-1,-64,3
-1,-64,3
-2,-64,3
-1,-64,3
-1,-64,3
-2,-63,3
-1,-64,3
-2,-64,3
-2,-63,3
-1,-64,3
-1,-64,3
-1,-64,3
-1,-64,3
-2,-64,3
-1,-64,3
-1,-64,3
-2,-64,3
-1,-64,3
-1,-64,3
-1,-64,3
-1,-64,3
-1,-64,3
-1,-64,3
-2,-64,3
-1,-64,3
-1,-64,3
-1,-64,3
-1,-64,3
-1,-64,3
-1,-64,3
-2,-64,3
-1,-64,3
-1,-64,3
-2,-63,3
-1,-64,3
-1,-64,3
-1,-64,3
-1,-64,3
-2,-64,3
-1,-64,3
-1,-64,3
-1,-64,3
-1,-64,3
-2,-64,3
-1,-64,3
-1,-64,3
-1,-64,3
-1,-64,3
-1,-64,3
-1,-64,3
-1,-64,3
-1,-64,3
-1,-64,3
-1,-64,3
-2,-64,3
-1,-64,3
-2,-64,3
-1,-64,3
-1,-64,3
-1,-64,3
-1,-64,3
-1,-64,3
-1,-64,3
-1,-64,3
-1,-64,3
-2,-64,3
-1,-64,3
-1,-64,3
-1,-64,3
-1,-64,3
-1,-64,3
-2,-64,3
-1,-64,3
-1,-64,3
-1,-64,3
-1,-64,3
-1,-63,3
-1,-64,3
-1,-64,3
-2,-64,3
-1,-64,3
-2,-64,3
-1,-64,3
-1,-64,3
-2,-64,3
-1,-64,3
-1,-64,3
-1,-64,3
-1,-64,3
-1,-64,3
-1,-64,3
-1,-64,3
-1,-64,3
-1,-64,3
-1,-64,3
-1,-64,3
-1,-64,3
-1,-64,3
-1,-64,3
-1,-64,3
-1,-64,3
-1,-64,3
-2,-64,3
-1,-64,3
-1,-64,3
-1,-64,3
-1,-64,3
-1,-64,3
-1,-64,3
-1,-64,3
-1,-64,3
-1,-64,3
-1,-64,3
-1,-64,3
-1,-64,3
-1,-64,3
-2,-64,3
-1,-64,3
-1,-63,3
-1,-64,3
-1,-64,3
-1,-64,3
-2,-64,3
-1,-64,3
-1,-64,3
-1,-64,3
-1,-64,3
-1,-64,3
-1,-64,3
-1,-64,3
-1,-64,3
-1,-64,3
-1,-64,3
-1,-64,3
-1,-64,3
-1,-64,3
-1,-64,3
-1,-64,3
-2,-64,3
-2,-64,3
-1,-64,3
-1,-64,3
-1,-64,3
-1,-64,3
-1,-64,3
-2,-64,3
-1,-64,3
-1,-64,3
-1,-64,3
-2,-64,3
-1,-64,3
-1,-64,3
-2,-64,3
-1,-64,3
-1,-64,3
-1,-64,3
-1,-64,3
-1,-64,3
-1,-64,3
-2,-64,3
-1,-64,3
-1,-64,3
-2,-64,3
-1,-64,3
-1,-64,3
1,-65,3
-3,-63,3
0,-64,4
-2,-63,3
-2,-64,3
-1,-64,3
-2,-64,3
-1,-64,3
-1,-64,3
-1,-64,3
-2,-64,3
-2,-64,3
-1,-64,3
-2,-64,3
-1,-64,3
-2,-64,3
-1,-64,3
-2,-64,3
-2,-64,3
-1,-64,3
-2,-64,3
-2,-64,3
-2,-64,3
-2,-64,3
-2,-64,3
-1,-64,3
-1,-64,3
-2,-64,3
-2,-64,3
-1,-64,3
-2,-64,3
-2,-64,3
-1,-64,3
-1,-64,3
-1,-64,3
-1,-64,3
-1,-64,3
-2,-63,3
-1,-64,3
-1,-64,3
-2,-64,3
-2,-64,3
-1,-64,3
-2,-64,3
-2,-64,3
-2,-64,3
-1,-64,3
-1,-64,3
-2,-64,3
-1,-64,3
-1,-64,3
-2,-64,3
-2,-64,3
-2,-64,3
-1,-64,3
-1,-64,3
-2,-64,3
-1,-64,3
-2,-64,3
-2,-64,3
-2,-64,3
-1,-64,3
-2,-64,3
-2,-64,3
-1,-64,3
-2,-64,3
-2,-64,3
-2,-64,3
-2,-64,3
-2,-64,3
-1,-64,3
-2,-64,3
-2,-64,3
-2,-64,3
-2,-64,3
-1,-64,3
-2,-64,3
-2,-64,3
-2,-64,3
-2,-64,3
-1,-64,3
-2,-64,3
-2,-64,3
-1,-64,3
-1,-64,3
-1,-64,3
-2,-64,3
-2,-64,3
-2,-64,3
-2,-64,3
-2,-64,3
-2,-64,3
-1,-64,3
-2,-64,3
-9,-58,5
0,-65,2
1,-66,2
2,-66,6
-7,-55,-1
6,-74,9
-16,-59,5
-13,-84,-3
-5,-72,-11
-6,-65,-3
9,-68,24
11,-68,32
7,-70,25
4,-60,28
7,-55,23
10,-51,36
19,-40,59
23,-30,77
23,-25,77
4,-25,59
0,-23,52
-3,-25,51
-5,-21,56
-7,-8,51
-8,-6,48
-9,0,52
-9,6,54
-14,8,53
-17,8,55
-17,4,63
-16,4,63
-13,0,65
-12,2,66
-13,1,61
-13,1,61
-12,4,61
-12,6,61
-10,4,64
-10,5,64
-12,6,63
-12,7,65
-12,9,65
-14,8,63
-14,8,63
-14,9,63
-15,7,62
-15,8,61
-15,10,62
-15,12,59
-16,12,59
-15,9,61
-15,9,59
-15,10,59
-15,10,61
-15,7,63
-15,8,62
-15,8,62
-15,8,62
-15,8,61
-14,8,61
-15,9,61
-15,8,61
-15,6,63
-15,8,62
-15,7,61
-15,8,62
-15,8,61
-15,9,62
-15,10,62
-14,9,63
-14,9,63
-14,9,62
-14,8,62
-14,8,61
-14,8,61
-14,9,61
-14,9,63
-14,8,64
-14,8,63
-13,8,64
-13,8,64
-13,7,63
-13,7,62
-13,9,62
-14,9,64
-14,4,64
-14,7,63
-10,6,70
-13,17,68
-13,15,62
-11,29,56
-10,35,55
-13,33,52
-13,31,53
-10,38,53
-15,37,49
-14,44,42
-12,46,41
-7,44,44
-8,48,48
-9,45,43
-8,43,39
-7,53,39
-11,51,46
-14,34,50
-8,34,55
-3,39,59
-5,37,60
-5,17,65
-5,16,66
-7,15,61
-10,8,57
-14,0,57
-12,-6,59
-8,-2,62
-4,-11,55
-1,-14,55
0,-14,46
3,-21,53
17,-14,65
18,-28,66
12,-12,37
41,-9,71
30,-35,50
31,-37,62
14,-25,69
13,-15,59
14,-2,59
13,28,40
23,-2,75
21,5,64
10,9,57
8,17,59
-14,51,46
33,4,82
11,10,49
15,11,65
16,14,63
13,17,59
4,43,60
6,23,58
13,20,58
11,14,50
5,13,45
16,22,64
16,21,72
5,20,62
-6,22,61
-2,21,62
0,23,65
-1,20,56
7,17,60
-5,22,56
-1,20,59
0,20,59
0,19,63
-3,17,60
-4,17,56
-4,17,63
-5,17,63
-6,19,68
-8,18,65
-17,19,60
-14,19,61
-13,19,62
-16,20,63
-11,18,62
-15,19,62
-14,18,58
-8,16,59
-4,14,61
-8,13,64
-5,13,65
-6,14,68
-3,13,65
-5,11,61
-4,12,63
-5,12,64
-5,12,64
-4,11,61
-4,11,61
-3,10,63
-3,10,64
-5,10,64
-4,10,62
-4,10,65
-5,11,64
-6,10,62
-5,10,64
-5,10,63
-5,9,64
-6,10,63
-6,10,64
-7,10,65
-6,9,63
