1672419509.000000, 1672419509.000000, 1672419509.000000
32.000000, 32.000000, 32.000000
-6,-30,51
-2,-32,54
-5,-26,60
-6,-23,62
-21,-28,54
-27,-29,51
-31,-32,48
-29,-33,48
-24,-31,49
-24,-31,48
-28,-30,48
-28,-31,48
-28,-31,49
-31,-30,50
-28,-30,50
-26,-30,50
-25,-29,51
-27,-28,53
-24,-28,53
-19,-28,53
-17,-26,54
-18,-27,56
-20,-27,55
-19,-28,54
-20,-26,54
-22,-26,54
-21,-27,54
-21,-27,54
-22,-27,53
-22,-28,53
-22,-27,54
-21,-26,54
-21,-26,55
-21,-26,54
-21,-26,54
-21,-26,54
-22,-26,54
-23,-26,54
-24,-27,53
-23,-26,54
-23,-26,54
-22,-26,55
-22,-25,55
-23,-25,55
-23,-25,54
-23,-26,54
-22,-26,54
-22,-26,54
-24,-25,54
-24,-26,54
-23,-26,54
-23,-25,54
-22,-26,54
-23,-26,54
-24,-26,54
-24,-26,54
-24,-26,54
-24,-25,53
-24,-26,54
-24,-26,54
-25,-25,54
-26,-25,53
-23,-26,53
-23,-26,54
-23,-26,54
-23,-25,54
-24,-25,54
-25,-25,54
-24,-25,54
-24,-25,54
-24,-26,54
-24,-26,54
-24,-26,54
-24,-26,54
-24,-26,53
-24,-25,54
-25,-26,54
-24,-26,54
-23,-26,53
-23,-25,54
-24,-26,54
-25,-26,53
-24,-27,53
-23,-26,52
-22,-26,53
-24,-27,53
-24,-27,54
-24,-26,53
-24,-26,53
-24,-26,53
-24,-27,53
-24,-27,54
-24,-26,53
-23,-27,53
-23,-26,53
-22,-26,54
-23,-27,53
-24,-27,51
-23,-26,53
-21,-26,56
-22,-26,55
-25,-26,53
-24,-25,52
-21,-26,53
-21,-26,54
-22,-25,55
-22,-26,54
-23,-26,53
-21,-26,55
-21,-25,56
-22,-24,56
-23,-25,55
-23,-25,54
-22,-25,54
-21,-24,55
-22,-24,56
-22,-24,55
-23,-25,54
-22,-25,54
-22,-25,53
-22,-25,55
-23,-25,54
-24,-25,54
-24,-25,54
-24,-24,54
-24,-25,54
-24,-25,54
-24,-25,54
-25,-25,54
-26,-25,54
-25,-25,53
-25,-25,54
-24,-24,53
-25,-24,54
-25,-25,54
-25,-25,53
-25,-25,54
-25,-25,53
-25,-25,53
-25,-24,54
-25,-24,53
-26,-25,53
-26,-25,53
-26,-24,53
-26,-24,53
-25,-25,54
-25,-24,54
-25,-24,54
-26,-24,54
-26,-24,53
-26,-25,52
-27,-25,51
-28,-26,51
-28,-25,52
-28,-25,52
-27,-24,53
-26,-24,53
-27,-24,53
-27,-24,53
-27,-25,53
-27,-25,52
-28,-25,52
-28,-25,52
-29,-25,52
-29,-25,51
-29,-24,51
-28,-25,52
-28,-24,52
-29,-24,52
-29,-25,51
-30,-24,51
-29,-24,51
-29,-24,51
-29,-24,51
-29,-25,52
-30,-24,52
-30,-24,51
-29,-24,51
-29,-24,52
-30,-25,52
-31,-24,52
-30,-24,51
-29,-24,51
-29,-24,51
-30,-24,52
-30,-24,51
-30,-24,51
-29,-24,51
-29,-24,52
-30,-24,51
-30,-24,51
-29,-24,51
-30,-24,51
-30,-24,52
-30,-24,51
-30,-24,51
-30,-24,51
-30,-24,51
-30,-24,51
-30,-24,51
-30,-24,51
-30,-24,51
-30,-24,51
-30,-24,51
-30,-24,51
-30,-24,51
-29,-25,51
-30,-25,51
-30,-25,51
-30,-24,51
-30,-24,51
-30,-24,51
-30,-24,51
-30,-24,51
-30,-24,51
-30,-24,51
-30,-24,51
-30,-24,51
-30,-24,51
-30,-24,51
-30,-24,51
-30,-24,52
-31,-24,51
-30,-24,51
-30,-24,51
-30,-25,51
-30,-24,51
-29,-24,51
-30,-24,51
-30,-24,51
-30,-24,51
-30,-24,51
-30,-24,51
-30,-24,51
-29,-25,51
-30,-24,51
-31,-24,51
-29,-24,51
-29,-24,52
-30,-25,51
-30,-24,51
-29,-24,51
-30,-24,51
-30,-24,52
-30,-24,51
-30,-24,51
-30,-24,51
-30,-24,51
-30,-24,51
-30,-24,51
-30,-24,51
-30,-24,51
-30,-24,51
-30,-24,51
-30,-24,51
-30,-24,51
-30,-24,51
-30,-24,51
-30,-24,51
-30,-24,51
-30,-24,51
-30,-25,51
-30,-24,51
-30,-24,51
-30,-24,51
-31,-24,51
-30,-25,51
-31,-24,51
-31,-24,51
-30,-25,50
-30,-24,51
-31,-24,51
-31,-24,50
-30,-24,51
-30,-24,52
-30,-24,52
-30,-24,51
-30,-24,51
-30,-24,51
-30,-24,51
-30,-24,51
-30,-24,51
-30,-24,51
-30,-24,51
-30,-24,51
-30,-24,51
-30,-24,51
-31,-24,51
-31,-24,51
-30,-24,51
-31,-24,51
-28,-24,52
-30,-24,51
-30,-24,51
-30,-24,52
-30,-24,51
-31,-24,51
-30,-24,51
-30,-24,51
-30,-24,51
-30,-24,51
-30,-24,51
-31,-24,51
-31,-24,51
-30,-24,51
-30,-24,51
-31,-24,51
-31,-24,51
-31,-24,51
-31,-24,51
-31,-24,51
-31,-24,51
-31,-24,51
-31,-24,51
-31,-24,51
-31,-24,51
-31,-24,51
-31,-24,51
-31,-24,51
-31,-24,51
-31,-24,51
-31,-24,51
-31,-24,51
-31,-24,51
-31,-24,51
-31,-24,51
-31,-24,51
-31,-24,51
-31,-24,51
-31,-24,51
-31,-24,51
-31,-24,51
-31,-24,51
-31,-24,51
-31,-24,51
-31,-24,50
-31,-24,51
-31,-24,51
-31,-24,51
-31,-24,51
-31,-24,51
-31,-24,51
-31,-24,50
-31,-24,50
-31,-24,50
-31,-24,50
-31,-24,51
-31,-24,51
-31,-24,51
-31,-24,51
-31,-24,50
-31,-24,51
-31,-24,51
-31,-24,51
-31,-24,51
-31,-24,51
-31,-24,51
-31,-24,51
-31,-24,50
-31,-24,51
-31,-24,50
-31,-24,51
-31,-24,51
-31,-24,51
-31,-23,50
-31,-24,50
-31,-24,50
-32,-24,50
-31,-24,51
-31,-24,50
-31,-24,51
-31,-24,51
-31,-24,50
-31,-24,50
-31,-24,50
-31,-24,51
-31,-24,50
-31,-24,50
-31,-24,50
-31,-24,50
-31,-24,50
-31,-24,51
-31,-24,51
-31,-24,51
-31,-24,50
-31,-24,50
-31,-24,50
-31,-24,51
-31,-24,51
-32,-24,50
-32,-24,50
-31,-24,50
-32,-24,51
-32,-24,50
-31,-24,50
-31,-24,51
-32,-24,50
-31,-24,50
-31,-24,50
-32,-24,51
-31,-24,50
-32,-24,50
-32,-24,50
-32,-24,50
-31,-24,50
-31,-24,51
-32,-24,50
-32,-24,50
-31,-24,50
-31,-24,50
-31,-24,51
-31,-24,51
-31,-24,50
-32,-24,50
-31,-24,51
-32,-24,50
-31,-24,50
-31,-24,50
-31,-24,51
-31,-24,51
-32,-24,50
-32,-23,50
-31,-24,50
-31,-24,50
-32,-24,50
-31,-24,50
-32,-24,50
-32,-24,50
-32,-24,50
-32,-24,50
-32,-24,50
-32,-24,50
-32,-24,50
-32,-24,50
-32,-24,50
-32,-24,50
-32,-24,50
-32,-24,50
-31,-24,50
-32,-24,50
-32,-24,50
-32,-24,50
-32,-24,50
-32,-24,50
-32,-24,50
-32,-24,50
-31,-24,50
-32,-24,50
-32,-24,50
-32,-24,50
-32,-24,50
-32,-24,50
-31,-24,50
-32,-24,50
-32,-24,50
-32,-24,50
-32,-24,50
-32,-24,50
-32,-24,50
-32,-24,50
-32,-24,50
-32,-24,50
-32,-24,50
-32,-24,50
-32,-24,50
-32,-24,50
-32,-24,50
-32,-24,50
-32,-24,50
-32,-24,50
-32,-24,50
-32,-24,50
-32,-24,50
-32,-24,50
-32,-24,50
-32,-24,50
-32,-24,50
-32,-24,50
-32,-25,50
-32,-24,50
-32,-24,50
-32,-24,50
-32,-24,50
-32,-24,50
-32,-24,50
-33,-24,50
-32,-24,50
-32,-24,50
-32,-24,50
-32,-24,50
-32,-24,50
-32,-24,50
-32,-24,50
-32,-24,50
-32,-24,50
-32,-24,50
-32,-24,50
-32,-24,50
-32,-24,50
-32,-24,50
-32,-24,50
-31,-24,50
-32,-24,50
-33,-24,50
-32,-24,50
-31,-24,50
-32,-25,50
-32,-24,50
-32,-24,50
-32,-24,50
-32,-24,50
-32,-24,50
-32,-24,50
-32,-24,50
-32,-24,50
-32,-24,50
-32,-24,50
-32,-24,50
-32,-24,50
-32,-24,50
-32,-24,50
-32,-24,50
-32,-24,50
-32,-24,50
-32,-24,50
-32,-24,50
-32,-24,50
-32,-24,50
-32,-24,50
-32,-24,50
-31,-24,50
-32,-24,50
-33,-24,50
-32,-24,50
-31,-24,50
-32,-24,50
-32,-24,50
-31,-24,50
-32,-24,50
-32,-24,51
-32,-24,50
-32,-24,50
-32,-24,50
-32,-24,50
-32,-24,50
-32,-24,50
-32,-24,50
-32,-24,50
-32,-24,50
-32,-24,50
-32,-24,50
-32,-24,50
-32,-24,50
-33,-24,50
-33,-24,50
-32,-24,50
-32,-24,50
-33,-24,50
-33,-24,50
-32,-24,50
-32,-24,49
-32,-24,50
-32,-24,50
-32,-24,50
-33,-24,50
-32,-24,50
-32,-24,50
-32,-24,50
-32,-24,50
-32,-24,50
-32,-24,50
-32,-24,50
-33,-24,50
-33,-24,50
-32,-24,50
-32,-24,50
-32,-24,50
-32,-24,50
-32,-24,50
-32,-24,50
-32,-24,50
-32,-24,50
-32,-24,50
-33,-24,50
-33,-24,50
-32,-24,49
-32,-24,50
-33,-24,50
-32,-24,50
-32,-24,50
-33,-24,50
-32,-24,50
-32,-24,50
-32,-25,50
-33,-25,49
-32,-24,49
-32,-24,50
-32,-24,50
-32,-24,51
-33,-24,50
-33,-24,50
-31,-24,50
-32,-24,50
-33,-24,50
-32,-24,50
-32,-24,50
-32,-24,50
-33,-24,50
-32,-24,50
-31,-24,50
-32,-24,50
-33,-24,50
-33,-24,49
-31,-24,49
-31,-24,50
-32,-24,50
-33,-24,50
-33,-23,50
-33,-24,50
-32,-24,50
-32,-24,50
-33,-24,50
-33,-24,50
-32,-24,50
-32,-24,50
-33,-24,50
-33,-24,50
-33,-24,50
-33,-24,50
-32,-24,50
-32,-24,50
-33,-24,49
-33,-24,50
-32,-24,50
-33,-24,50
-33,-24,50
-33,-24,50
-33,-24,50
-32,-24,50
-32,-24,50
-33,-24,50
-33,-24,50
-33,-24,50
-33,-24,50
-32,-24,50
-33,-24,50
-34,-24,50
-33,-23,50
-32,-24,50
-32,-24,50
-33,-24,50
-33,-24,50
-33,-24,50
-33,-24,50
-32,-24,50
-33,-24,50
-33,-24,50
-33,-24,50
-33,-24,49
-33,-24,50
-33,-24,50
-33,-24,49
-33,-24,50
-33,-24,49
-33,-24,49
-33,-24,50
-33,-24,50
-33,-24,50
-33,-24,49
-33,-24,50
-33,-24,50
-33,-24,50
-33,-24,50
-33,-24,49
-32,-24,50
-33,-24,50
-33,-24,50
-32,-24,49
-32,-24,49
-33,-24,50
-34,-24,49
-32,-24,50
-32,-24,50
-33,-24,50
-33,-24,50
-32,-24,50
-33,-24,50
-34,-24,49
-33,-25,50
-32,-24,49
-33,-24,49
-33,-24,49
-33,-24,50
-33,-24,50
-32,-24,50
-33,-24,50
-33,-24,50
-34,-24,50
-33,-24,49
-32,-24,49
-33,-24,50
-33,-24,49
-33,-24,49
-32,-24,49
-33,-24,50
-33,-24,50
-33,-24,50
-33,-24,49
-33,-24,50
-33,-24,49
-32,-24,50
-32,-24,50
-33,-24,49
-32,-24,50
-32,-24,50
-33,-24,49
-33,-24,50
-33,-24,50
-33,-24,50
-33,-24,50
-33,-24,49
-33,-24,49
-33,-24,49
-33,-24,50
-33,-24,50
-33,-24,50
-33,-24,50
-33,-24,50
-33,-24,49
-33,-24,50
-33,-24,50
-33,-24,50
-33,-24,50
-32,-24,50
-33,-24,50
-33,-24,49
-33,-24,49
-32,-24,50
-32,-24,50
-34,-24,49
-33,-24,50
-32,-24,49
-33,-24,49
-33,-24,50
-33,-24,50
-33,-24,50
-33,-24,50
-33,-24,49
-33,-24,50
-33,-24,50
-33,-24,49
-33,-24,49
-33,-24,50
-33,-24,50
-33,-24,49
-33,-24,49
-33,-24,49
-33,-24,49
-33,-24,50
-33,-24,49
-33,-24,50
-33,-24,49
-33,-24,49
-33,-24,50
-33,-24,50
-33,-24,49
-33,-24,49
-33,-24,49
-32,-24,50
-33,-24,50
-33,-24,49
-33,-24,49
-32,-24,50
-33,-24,50
-33,-24,49
-33,-24,50
-33,-24,49
-33,-24,49
-33,-24,49
-33,-24,50
-33,-24,50
-33,-24,49
-33,-24,49
-33,-24,49
-33,-24,50
-33,-24,50
-33,-24,49
-33,-24,50
-33,-24,50
-33,-24,49
-33,-24,49
-33,-24,50
-33,-24,50
-33,-24,50
-33,-24,49
-33,-24,50
-33,-24,50
-33,-24,49
-33,-24,49
-33,-24,50
-34,-24,50
-33,-23,49
-33,-24,49
-32,-24,50
-33,-24,50
-33,-24,50
-33,-24,50
-33,-24,50
-33,-24,49
-33,-24,49
-33,-24,49
-33,-24,49
-33,-24,50
-33,-24,50
-33,-24,50
-33,-24,50
-33,-24,50
-33,-24,49
-33,-24,50
-33,-24,49
-33,-24,50
-33,-24,49
-33,-24,49
-33,-24,50
-33,-24,50
-33,-24,49
-33,-24,49
-33,-24,50
-33,-24,50
-33,-24,49
-33,-24,50
-33,-24,49
-33,-24,50
-33,-24,50
-33,-24,50
-33,-24,49
-33,-24,49
-33,-24,50
-33,-24,49
-33,-24,49
-33,-24,50
-33,-24,50
-33,-24,50
-33,-24,50
-33,-24,49
-33,-24,49
-33,-24,49
-33,-24,50
-33,-24,50
-33,-24,49
-33,-24,49
-33,-24,50
-33,-24,49
-33,-24,50
-33,-24,50
-33,-24,49
-33,-24,49
-33,-24,50
-33,-24,50
-33,-24,50
-33,-24,49
-33,-24,49
-33,-24,50
-33,-24,50
-33,-23,49
-33,-24,49
-33,-25,50
-33,-24,50
-33,-24,50
-33,-24,49
-33,-24,49
-33,-24,49
-33,-24,49
-33,-24,49
-34,-24,49
-34,-24,49
-34,-24,49
-33,-24,49
-33,-24,48
-34,-24,48
-34,-24,49
-34,-24,49
-34,-24,49
-33,-24,49
-33,-24,49
-34,-24,49
-34,-24,48
-33,-24,49
-33,-24,49
-33,-24,49
-33,-25,49
-34,-24,49
-33,-24,49
-33,-24,49
-33,-25,49
-34,-24,49
-33,-24,49
-33,-24,49
-33,-24,49
-34,-24,49
-34,-24,49
-33,-24,49
-33,-24,49
-34,-24,49
-34,-24,49
-33,-24,49
-33,-24,49
-33,-24,49
-34,-24,49
-33,-24,49
-33,-24,49
-34,-24,49
-34,-24,49
-34,-24,49
-34,-24,49
-33,-25,49
-34,-24,49
-33,-24,49
-34,-24,49
-34,-24,49
-33,-24,49
-33,-25,49
-34,-24,49
-33,-24,49
-33,-24,49
-33,-24,49
-33,-24,49
-33,-24,49
-33,-24,49
-33,-24,49
-33,-24,49
-33,-24,49
-33,-24,49
-33,-24,49
-33,-24,49
-33,-24,49
-33,-24,49
-33,-24,49
-33,-24,49
-33,-24,49
-33,-24,49
-33,-24,49
-33,-24,49
-33,-24,49
-33,-24,49
-34,-24,49
-34,-24,49
-33,-24,49
-33,-24,49
-33,-24,49
-33,-24,49
-33,-24,49
-34,-24,50
-33,-24,49
-33,-24,49
-33,-24,49
-33,-24,49
-33,-24,48
-33,-24,49
-33,-24,49
-33,-24,49
-33,-24,49
-33,-24,50
-33,-24,49
-33,-24,49
-33,-24,49
-33,-24,49
-33,-24,49
-33,-24,49
-33,-24,49
-33,-24,49
-33,-24,49
-33,-24,49
-33,-24,49
-33,-25,49
-34,-24,49
-34,-24,49
-33,-24,49
-33,-25,49
-34,-25,49
-33,-24,49
-33,-24,49
-34,-24,50
-33,-24,49
-33,-24,49
-33,-24,49
-34,-24,49
-33,-24,49
-33,-24,49
-33,-24,49
-33,-24,49
-33,-24,49
-33,-24,49
-33,-24,49
-33,-24,49
-33,-24,49
-33,-24,49
-33,-24,49
-33,-24,49
-33,-24,49
-33,-24,49
-33,-24,49
-33,-24,49
-33,-24,49
-33,-24,50
-34,-24,49
-34,-24,49
-33,-25,49
-33,-25,49
-33,-24,49
-33,-24,49
-33,-24,49
-33,-24,50
-33,-24,49
-33,-24,49
-34,-24,49
-34,-24,49
-33,-24,49
-33,-24,49
-33,-24,49
-33,-24,49
-33,-24,49
-33,-24,49
-33,-24,49
-33,-24,49
-33,-24,49
-33,-24,49
-33,-24,49
-33,-24,49
-33,-24,49
-33,-24,49
-33,-24,49
-33,-24,49
-33,-24,49
-33,-24,49
-33,-25,49
-34,-24,49
-34,-24,49
-33,-24,49
-33,-25,49
-33,-24,49
-33,-24,49
-33,-24,49
-33,-24,49
-33,-24,49
-33,-24,49
-34,-24,49
-33,-24,49
-33,-24,49
-33,-24,49
-33,-24,49
-33,-24,49
-33,-24,49
-33,-24,50
-33,-24,49
-33,-24,49
-33,-24,49
-33,-24,49
-33,-24,49
-33,-24,49
-33,-24,49
-33,-24,49
-33,-24,49
-33,-24,49
-33,-24,49
-33,-24,49
-33,-24,49
-33,-24,49
-33,-24,49
-33,-24,49
-33,-24,49
-33,-24,49
-33,-24,49
-33,-25,49
-34,-24,49
-34,-24,49
-33,-24,49
-33,-25,49
-36,-24,48
-39,-25,49
-38,-25,49
-28,-26,50
-27,-25,51
-28,-26,50
-29,-27,50
-31,-26,50
-30,-26,50
-30,-26,51
-34,-23,60
-37,-22,60
-35,-33,52
-33,-30,53
-32,-23,53
-30,-25,51
-29,-32,50
-29,-34,48
-36,-35,44
-37,-36,41
-37,-43,36
-38,-46,34
-39,-44,29
-36,-44,26
-23,-44,23
-19,-45,22
-10,-45,18
-3,-47,20
-5,-50,23
-7,-48,24
-7,-45,36
-2,-45,40
7,-44,44
9,-44,45
4,-43,46
5,-43,45
2,-45,47
2,-43,49
17,-42,48
29,-41,49
31,-40,46
30,-38,43
26,-36,43
28,-36,49
28,-36,51
27,-40,47
22,-40,46
19,-38,44
20,-37,44
27,-37,45
32,-37,47
25,-37,47
24,-37,45
21,-38,43
23,-38,43
26,-37,44
29,-37,44
25,-38,42
23,-36,45
22,-36,47
26,-36,47
31,-36,45
29,-36,45
27,-36,44
25,-36,44
23,-37,44
24,-37,45
26,-36,45
25,-36,45
25,-36,45
25,-36,45
25,-36,43
26,-36,45
27,-36,46
22,-36,46
23,-36,45
25,-36,44
25,-36,44
26,-36,45
26,-36,45
25,-36,45
25,-36,45
25,-36,44
26,-36,45
26,-36,44
26,-36,44
27,-37,43
27,-36,44
27,-36,45
27,-36,44
27,-36,44
27,-37,44
27,-36,44
26,-36,43
27,-36,43
27,-36,44
27,-36,43
26,-37,42
29,-36,43
28,-36,43
30,-36,44
28,-36,43
28,-36,43
30,-37,42
31,-36,42
30,-36,43
29,-36,43
28,-36,43
29,-36,43
30,-36,43
29,-36,43
28,-36,41
28,-36,43
30,-36,43
30,-36,43
28,-37,43
27,-37,42
28,-36,42
28,-36,43
29,-37,43
28,-36,43
27,-37,43
27,-36,43
28,-37,43
29,-37,43
28,-37,43
28,-36,43
28,-37,43
28,-37,43
27,-36,43
28,-37,43
28,-37,43
30,-36,44
34,-36,47
29,-37,44
22,-38,40
21,-38,43
22,-37,44
22,-37,45
19,-38,44
19,-38,46
21,-37,46
23,-38,46
23,-38,46
21,-38,44
22,-37,45
21,-38,46
21,-38,46
21,-38,45
22,-38,45
22,-38,45
22,-38,45
23,-38,45
23,-38,45
23,-38,45
22,-38,45
22,-38,45
22,-38,45
22,-38,46
22,-38,45
21,-38,44
22,-38,44
23,-38,45
23,-37,46
23,-38,45
23,-38,45
23,-38,45
23,-38,45
22,-38,46
23,-38,45
23,-38,45
22,-38,45
22,-37,45
24,-37,45
24,-37,44
22,-38,44
22,-38,45
23,-38,45
23,-38,45
22,-37,45
23,-38,45
23,-38,45
22,-38,45
22,-38,45
23,-37,45
24,-38,45
23,-38,45
23,-38,45
24,-38,45
23,-38,45
21,-38,45
20,-37,46
23,-38,47
23,-37,45
23,-37,43
23,-38,43
23,-39,45
22,-38,46
21,-39,46
21,-38,46
23,-38,45
24,-38,45
23,-38,45
23,-38,45
24,-38,45
25,-38,44
23,-38,43
23,-37,43
24,-37,44
24,-38,44
23,-38,45
22,-38,45
24,-37,45
24,-38,44
24,-38,44
23,-38,44
24,-38,44
23,-39,44
23,-38,45
22,-38,45
23,-38,45
24,-38,45
24,-38,45
23,-38,44
23,-38,44
23,-38,44
23,-38,45
24,-38,44
24,-38,44
23,-38,45
23,-38,44
24,-38,45
23,-38,45
23,-38,44
24,-38,44
23,-38,44
23,-38,45
23,-38,44
23,-38,45
24,-38,44
24,-38,44
24,-38,44
23,-38,44
23,-38,45
23,-38,45
23,-38,44
24,-38,44
24,-38,44
24,-38,45
23,-38,44
23,-38,44
24,-38,44
24,-38,44
23,-37,45
24,-38,45
24,-38,44
23,-38,44
23,-38,44
24,-38,45
24,-38,45
23,-38,44
23,-38,44
23,-38,45
23,-38,45
23,-38,44
23,-38,44
23,-38,45
24,-38,44
23,-38,44
23,-38,44
23,-38,44
23,-38,45
23,-38,45
23,-38,44
23,-38,45
23,-38,44
24,-38,44
24,-38,44
24,-38,45
23,-38,45
23,-38,44
23,-38,44
23,-38,45
23,-38,44
24,-38,44
23,-38,45
23,-38,45
24,-38,44
24,-38,45
23,-38,44
23,-38,44
23,-38,45
23,-38,44
23,-38,44
23,-38,45
23,-38,45
23,-38,44
23,-38,44
23,-38,44
24,-38,44
23,-38,44
23,-38,44
24,-38,45
24,-38,45
23,-38,44
23,-38,44
24,-38,44
25,-38,45
29,-37,48
26,-38,47
30,-37,53
36,-36,60
24,-37,47
8,-39,33
-3,-40,46
-2,-40,50
-15,-43,39
-13,-45,39
-18,-43,37
-9,-45,37
-3,-45,39
1,-45,41
-10,-45,40
-18,-43,42
-21,-38,50
-11,-35,55
7,-36,56
3,-35,55
0,-31,55
17,-28,61
14,-34,56
16,-34,50
15,-35,49
11,-34,53
10,-34,53
9,-34,53
10,-34,53
8,-34,52
6,-32,52
10,-37,52
11,-35,52
16,-36,51
18,-35,51
16,-35,51
14,-35,51
12,-34,52
11,-34,52
12,-34,52
13,-34,52
13,-35,51
14,-34,52
13,-34,52
13,-34,52
13,-34,52
13,-34,52
11,-33,52
11,-34,52
12,-35,51
13,-35,51
12,-34,52
11,-35,51
11,-35,51
12,-35,52
12,-35,52
12,-34,52
12,-35,52
10,-35,51
11,-35,51
11,-35,52
12,-35,52
11,-35,48
10,-35,49
12,-33,54
15,-33,55
14,-34,54
9,-34,51
9,-35,50
10,-35,53
5,-34,50
6,-35,49
19,-34,55
19,-34,55
4,-32,55
0,-35,53
9,-36,45
15,-35,50
14,-35,56
9,-34,52
7,-36,47
13,-35,51
16,-35,52
16,-35,50
15,-36,49
16,-35,49
19,-35,49
22,-35,50
23,-34,50
20,-35,48
19,-34,49
21,-33,50
20,-33,51
23,-36,47
22,-35,46
21,-33,51
20,-34,49
21,-35,48
22,-34,48
21,-34,49
21,-34,49
22,-34,49
22,-33,48
21,-35,45
19,-34,47
21,-32,49
22,-33,48
24,-34,50
24,-33,50
24,-33,49
22,-34,48
22,-34,48
21,-34,48
21,-34,48
21,-34,48
22,-34,49
22,-34,48
22,-34,48
21,-34,49
21,-34,49
22,-34,48
22,-34,48
22,-34,48
22,-34,48
22,-34,48
22,-34,49
22,-34,48
22,-34,48
22,-34,48
22,-34,48
22,-34,49
22,-34,49
24,-35,48
24,-35,48
23,-33,48
23,-34,50
22,-34,49
22,-35,48
20,-36,45
23,-36,44
25,-37,44
28,-34,50
28,-33,52
22,-34,50
16,-34,50
12,-33,51
9,-33,51
5,-34,52
4,-34,52
1,-34,52
-3,-33,52
-2,-33,55
-3,-32,55
-7,-32,53
-9,-32,54
-11,-32,54
-14,-31,53
-19,-32,54
-20,-31,53
-19,-32,53
-19,-31,52
-10,-31,33
-29,-24,55
-3,-24,57
27,-28,63
23,-29,59
15,-30,54
3,-32,54
3,-30,58
-3,-32,55
-7,-30,56
-5,-31,57
0,-30,55
3,-31,56
3,-31,55
4,-30,55
0,-29,57
-4,-33,55
-9,-30,55
-7,-30,56
-1,-29,57
0,-30,57
1,-31,55
1,-33,55
-2,-31,55
-5,-29,54
-8,-30,56
-4,-28,57
1,-29,58
0,-29,57
2,-28,58
3,-30,59
0,-29,55
-1,-29,56
-1,-29,56
-1,-29,56
-1,-29,56
0,-30,57
-1,-29,57
0,-30,56
-1,-29,56
-2,-29,55
-1,-29,56
-2,-30,56
-1,-29,56
0,-29,56
0,-29,57
0,-29,56
-1,-30,56
-3,-30,56
-4,-30,56
-2,-30,55
-1,-30,56
-1,-30,56
-1,-30,56
-1,-29,56
-1,-30,56
-2,-30,56
-2,-30,56
-1,-30,56
-1,-30,56
-1,-30,56
-1,-30,56
-2,-30,56
-1,-30,56
-1,-30,56
-1,-30,56
-1,-30,56
-1,-30,56
-1,-30,55
-1,-30,57
-2,-30,56
-2,-30,56
-1,-30,56
-1,-30,56
-2,-30,56
-1,-30,56
-2,-30,56
-1,-30,56
-2,-30,56
-2,-30,56
-1,-30,56
-2,-30,56
-1,-30,56
-2,-30,56
-1,-30,56
-2,-30,56
-2,-30,56
-1,-30,56
-1,-30,56
-1,-30,56
-2,-30,56
-2,-30,56
-2,-30,56
-2,-30,56
-2,-30,56
-2,-30,56
-1,-30,56
-2,-30,56
-1,-30,55
-1,-30,56
-2,-30,57
-2,-30,56
-1,-30,56
-1,-30,56
-2,-30,56
-2,-30,56
-2,-30,56
-2,-30,56
-2,-30,56
-1,-30,56
-2,-30,56
-2,-30,56
-1,-30,56
-1,-30,56
-1,-30,56
-2,-30,56
-2,-30,56
-2,-30,56
-1,-30,56
-2,-30,56
-2,-30,56
-2,-30,56
-1,-30,56
-2,-30,56
-2,-30,56
-1,-29,57
-2,-30,56
-1,-30,55
-2,-30,57
-2,-30,56
-2,-30,56
-1,-30,56
-1,-30,56
-2,-30,56
-1,-30,56
-2,-30,56
-2,-30,56
-1,-30,56
-2,-30,56
-1,-30,56
-1,-30,56
-1,-30,56
-2,-30,56
-2,-30,56
-2,-30,56
-2,-30,56
-1,-30,56
-2,-30,56
-2,-30,56
-2,-30,56
-2,-30,56
-2,-30,56
-2,-30,56
-2,-30,56
-2,-30,56
-2,-30,56
-1,-30,55
-2,-30,56
-2,-30,56
-2,-30,56
-1,-30,56
-1,-30,56
-2,-30,56
-2,-30,56
-2,-30,56
-2,-30,56
-2,-30,56
-2,-30,56
-2,-30,56
-2,-30,56
-1,-30,55
-1,-30,56
-2,-30,56
-2,-30,56
-2,-30,56
-2,-30,56
-2,-30,56
-2,-30,56
-2,-30,56
-2,-30,56
-1,-30,56
-2,-30,56
-2,-30,56
-2,-30,56
-2,-30,55
-2,-30,56
-2,-30,55
-2,-30,56
-2,-30,57
-2,-31,56
-1,-32,55
0,-31,56
0,-30,56
-2,-29,55
-2,-29,55
-4,-29,57
-4,-28,57
-5,-29,56
-6,-29,56
-5,-30,57
-4,-30,57
-4,-29,56
-5,-29,57
-6,-28,57
-8,-28,57
-13,-29,56
-14,-29,56
-13,-29,55
-12,-29,55
-9,-30,56
-8,-29,56
-7,-29,55
-7,-29,56
-7,-30,56
-6,-29,56
-7,-29,56
-7,-29,57
-7,-29,56
-6,-29,57
-8,-29,57
-7,-29,56
-7,-29,56
-5,-29,56
-5,-30,56
-4,-30,55
-3,-30,56
-4,-30,55
-3,-30,56
-4,-29,56
-4,-29,57
-3,-30,56
-3,-30,56
-3,-30,56
-2,-30,55
-3,-30,55
-3,-30,56
-3,-30,56
-3,-30,56
-4,-30,56
-4,-30,56
-4,-30,56
-3,-30,56
-4,-30,56
-4,-30,55
-3,-30,56
-4,-30,56
-4,-30,55
-4,-30,56
-4,-30,56
-4,-30,56
-3,-30,56
-4,-30,56
-4,-30,55
-4,-30,55
-4,-30,57
-4,-30,56
-4,-30,56
-4,-30,56
-4,-30,56
-5,-31,56
-5,-30,56
-4,-30,56
-4,-30,56
-4,-30,56
-4,-30,56
-5,-30,56
-5,-30,56
-4,-30,56
-4,-30,56
-4,-30,56
-4,-30,56
-4,-30,56
-4,-30,55
-4,-30,56
-5,-30,56
-4,-30,55
-4,-30,56
-4,-30,56
-5,-30,55
-4,-30,56
-4,-30,56
-4,-30,55
-4,-30,55
-5,-30,56
-4,-30,55
-4,-30,55
-4,-30,56
-4,-30,56
-5,-30,56
-5,-30,56
-4,-30,56
-4,-30,55
-4,-30,56
-4,-30,56
-4,-30,56
-4,-30,56
-4,-30,56
-4,-30,56
-4,-30,56
-4,-30,56
-4,-30,56
-5,-30,56
-4,-30,56
-4,-30,56
-5,-30,56
-4,-30,55
-4,-30,56
-5,-30,56
-5,-30,55
-4,-30,56
-4,-30,56
-4,-30,55
-4,-30,55
-4,-30,56
-5,-30,55
-4,-30,55
-4,-30,56
-4,-30,56
-4,-31,56
-4,-30,56
-4,-30,56
-4,-30,56
-4,-30,56
-4,-30,56
-4,-30,56
-4,-30,55
-4,-30,56
-4,-30,56
-5,-30,56
-4,-30,56
-4,-30,56
-5,-30,56
-4,-30,56
-4,-30,56
-4,-30,56
-5,-30,56
-3,-30,55
-4,-30,56
-5,-30,56
-4,-30,55
-4,-30,56
-4,-30,56
-4,-30,56
-4,-30,55
-4,-30,56
-4,-30,55
-4,-30,56
-4,-30,56
-4,-30,56
-4,-30,56
-4,-30,56
-4,-30,55
-4,-30,55
-4,-30,56
-4,-30,56
-4,-30,56
-4,-30,56
-4,-30,56
-4,-30,56
-4,-29,56
-4,-30,56
-4,-30,55
-3,-31,55
-3,-31,56
-3,-30,55
-3,-30,56
-3,-31,56
-3,-31,55
-4,-31,56
-4,-31,55
-3,-31,55
-3,-31,56
-4,-31,56
-4,-31,55
-4,-31,55
-3,-31,55
-3,-31,56
-4,-31,55
-4,-31,56
-5,-31,55
-4,-31,55
-3,-31,55
-3,-31,55
-4,-31,55
-4,-31,55
-4,-31,55
-4,-31,55
-4,-31,55
-4,-31,55
-4,-31,56
-4,-31,55
-4,-31,55
-4,-31,56
-4,-31,55
-4,-30,56
-4,-30,56
-4,-31,54
-4,-30,56
-4,-31,56
-5,-31,56
-4,-30,56
-4,-30,55
-5,-31,55
-5,-31,55
-4,-31,56
-4,-31,55
-4,-30,55
-4,-30,56
-4,-31,55
-4,-31,55
-4,-30,55
-4,-31,55
-4,-31,55
-4,-31,56
-5,-31,55
-4,-31,56
-4,-31,56
-4,-30,56
-4,-31,55
-4,-30,55
-4,-31,55
-5,-31,56
-5,-30,56
-5,-30,55
-4,-30,56
-5,-31,55
-4,-31,55
-5,-30,56
-5,-30,56
-5,-31,55
-4,-31,56
-4,-31,56
-4,-31,55
-4,-31,56
-5,-31,56
-5,-31,55
-5,-30,55
-5,-30,56
-5,-30,56
-6,-31,55
-6,-32,55
-2,-30,56
-3,-31,55
-4,-31,56
-6,-31,55
-4,-32,54
-3,-30,56
-4,-30,56
-7,-31,55
-7,-31,55
-4,-31,55
-3,-31,55
-4,-31,56
-5,-31,56
-5,-30,55
-4,-31,56
-3,-32,57
-4,-31,55
-6,-33,52
-5,-33,53
-6,-31,55
-6,-31,55
-5,-32,55
-5,-32,54
-5,-32,55
-5,-32,55
-6,-31,55
-6,-32,55
-5,-32,55
-5,-32,55
-5,-32,55
-5,-32,54
-5,-32,54
-6,-32,55
-6,-32,55
-6,-32,55
-6,-32,55
-5,-32,55
-5,-32,55
-6,-32,54
-5,-32,54
-6,-32,55
-6,-32,54
-6,-32,55
-6,-32,55
-5,-32,54
-6,-32,55
-6,-32,55
-7,-32,54
-6,-32,54
-5,-32,55
-6,-32,54
-6,-32,54
-7,-32,55
-6,-32,55
-6,-32,54
-6,-32,55
-6,-32,55
-6,-32,54
-6,-32,54
-6,-32,55
-6,-32,55
-6,-32,55
-6,-32,54
-6,-32,55
-6,-32,55
-6,-32,55
-6,-32,55
-6,-32,54
-6,-32,54
-6,-32,55
-6,-32,54
-6,-32,55
-7,-32,56
-6,-32,54
-6,-32,55
-6,-32,55
-7,-32,55
-6,-32,55
-6,-32,55
-6,-32,55
-7,-32,54
-7,-32,55
-7,-32,55
-6,-31,54
-6,-32,55
-6,-32,55
-7,-32,54
-7,-32,55
-6,-32,55
-6,-32,55
-7,-32,55
-7,-32,55
-7,-32,55
-6,-32,55
-6,-32,55
-6,-32,55
-6,-32,54
-6,-32,55
-6,-32,55
-6,-32,55
-6,-32,55
-7,-32,55
-6,-32,54
-6,-32,54
-7,-32,55
-7,-32,55
-6,-32,54
-6,-32,55
-6,-32,55
-6,-32,55
-7,-32,55
-6,-32,54
-6,-32,54
-6,-32,55
-6,-32,55
-6,-32,55
-6,-32,55
-6,-32,54
-6,-32,54
-6,-32,55
-6,-32,54
-6,-32,55
-6,-32,55
-6,-32,55
-6,-32,55
-6,-32,55
-6,-32,55
-6,-32,54
-6,-32,54
-6,-32,55
-6,-32,54
-7,-32,55
-7,-32,56
-7,-32,54
-6,-32,54
-6,-32,55
-6,-32,54
-6,-32,54
-7,-32,55
-6,-32,55
-6,-32,54
-6,-32,55
-6,-32,55
-7,-32,55
-6,-32,55
-6,-32,54
-6,-32,54
-7,-32,55
-7,-32,54
-6,-32,54
-6,-32,54
-6,-32,54
-6,-32,54
-6,-32,54
-7,-32,55
-7,-32,55
-7,-32,54
-6,-32,55
-6,-32,54
-6,-32,54
-7,-32,55
-6,-32,55
-7,-32,54
-7,-32,54
-6,-32,55
-6,-32,55
-7,-32,54
-7,-32,55
-7,-32,55
-7,-32,54
-6,-32,55
-6,-32,55
-7,-32,55
-6,-32,54
-6,-32,54
-7,-32,54
-7,-32,55
-7,-32,55
-7,-32,55
-7,-32,55
-6,-32,55
-6,-32,54
-6,-32,54
-6,-32,55
-7,-32,55
-7,-32,54
-6,-32,55
-6,-32,54
-6,-32,53
-7,-32,55
-7,-32,55
-7,-32,54
-6,-32,54
-6,-32,55
-6,-32,54
-7,-32,55
-7,-32,55
-6,-32,54
-6,-32,54
-6,-32,55
-7,-32,55
-7,-32,54
-6,-32,54
-6,-32,54
-6,-32,54
-6,-32,54
-7,-32,55
-7,-32,55
-6,-32,55
-6,-32,55
-6,-32,54
-6,-32,54
-6,-32,55
-6,-32,54
-6,-32,54
-6,-32,55
-6,-32,53
-6,-32,54
-6,-32,55
-7,-32,54
-5,-32,55
-5,-32,55
-6,-32,54
-7,-33,54
-7,-32,55
-6,-32,54
-6,-32,54
-6,-32,55
-6,-32,54
-6,-32,54
-6,-32,55
-6,-32,54
-6,-32,54
-7,-32,55
-7,-32,54
-6,-32,55
-7,-32,54
-6,-32,55
-6,-32,54
-6,-32,54
-7,-32,55
-7,-32,54
-6,-32,54
-7,-32,55
-6,-33,54
-7,-32,54
-7,-32,55
-7,-32,54
-7,-32,54
-6,-32,55
-6,-32,55
-7,-32,54
-7,-32,55
-7,-32,54
-7,-32,54
-6,-32,55
-6,-32,55
-7,-32,54
-7,-32,55
-6,-32,54
-6,-32,55
-7,-32,54
-7,-32,55
-7,-32,55
-7,-32,54
-6,-32,55
-6,-32,54
-7,-32,55
-7,-32,54
-6,-32,54
-7,-32,55
-7,-32,55
-7,-32,54
-7,-32,55
-6,-32,54
-7,-32,54
-7,-32,55
-7,-32,55
-6,-32,55
-6,-32,55
-7,-32,55
-7,-32,54
-8,-32,54
-8,-32,54
-7,-32,54
-6,-32,55
-6,-32,54
-6,-32,54
-7,-32,55
-7,-32,54
-6,-32,54
-7,-32,55
-7,-32,55
-7,-32,55
-7,-32,55
-6,-32,54
-6,-32,54
-6,-32,54
-7,-32,54
-6,-32,55
-6,-32,55
-6,-32,54
-6,-32,54
-6,-32,55
-6,-32,53
-7,-32,55
-7,-32,56
-6,-32,54
-6,-32,54
-6,-32,55
-6,-32,54
-7,-32,55
-7,-32,55
-6,-32,54
-6,-32,54
-6,-32,55
-6,-32,54
-7,-32,54
-6,-32,54
-6,-32,54
-6,-32,54
-7,-32,55
-7,-32,54
-7,-32,54
-6,-32,54
-6,-32,54
-7,-32,54
-7,-32,54
-7,-32,54
-7,-32,55
-6,-32,54
-6,-32,54
-7,-32,55
-6,-33,54
-7,-32,55
-7,-32,55
-7,-32,54
-7,-32,54
-6,-32,55
-6,-32,55
-7,-32,54
-7,-32,55
-6,-32,55
-7,-32,54
-6,-32,55
-7,-32,55
-7,-32,54
-7,-32,54
-7,-32,55
-7,-32,54
-7,-32,54
-7,-32,54
-7,-32,55
-7,-32,55
-7,-32,55
-7,-32,54
-7,-32,54
-7,-32,55
-7,-32,54
-7,-32,55
-7,-32,55
-7,-32,54
-7,-32,55
-6,-33,54
-6,-33,53
-7,-32,55
-7,-31,56
-8,-32,54
-8,-32,54
-7,-32,55
-7,-32,55
-7,-32,54
-7,-32,55
-7,-32,54
-7,-32,55
-6,-32,55
-7,-32,54
-7,-32,55
-7,-32,55
-7,-32,55
-7,-32,55
-7,-32,54
-7,-32,54
-7,-32,54
-6,-32,54
-6,-32,54
-6,-32,54
-7,-32,54
-7,-32,54
-7,-32,54
-7,-32,55
-7,-32,54
-6,-32,55
-6,-32,55
-6,-33,53
-6,-32,55
-7,-33,55
-7,-32,54
-6,-32,54
-6,-32,55
-6,-32,54
-7,-32,54
-7,-32,55
-6,-33,54
-7,-32,54
-6,-32,55
-6,-32,54
-7,-32,54
-7,-32,55
-6,-32,54
-6,-32,54
-6,-32,54
-7,-32,54
-7,-32,54
-6,-32,54
-6,-33,54
-6,-32,54
-7,-32,54
-7,-32,55
-7,-33,54
-7,-32,54
-7,-32,55
-6,-32,55
-6,-33,53
-7,-32,54
-7,-32,55
-7,-33,54
-6,-32,54
-6,-32,55
-7,-32,54
-7,-32,54
-7,-32,55
-7,-32,54
-7,-32,54
-7,-32,55
-7,-32,54
-7,-32,54
-7,-32,54
-7,-32,54
-7,-32,55
-7,-32,54
-7,-32,54
-7,-32,54
-7,-32,54
-7,-32,55
-7,-32,54
-7,-32,54
-7,-32,54
-7,-32,55
-7,-32,55
-7,-32,54
-7,-32,55
-6,-32,53
-7,-32,54
-7,-32,55
-8,-32,55
-7,-32,54
-7,-32,54
-7,-32,55
-7,-32,54
-7,-32,55
-8,-32,55
-7,-32,54
-7,-32,55
-7,-32,54
-7,-32,54
-7,-32,54
-7,-32,54
-7,-32,54
-7,-32,54
-7,-32,54
-7,-32,55
-7,-32,55
-7,-32,54
-7,-32,55
-7,-32,54
-7,-32,54
-7,-32,55
-7,-32,55
-7,-32,54
-7,-32,54
-6,-32,55
-6,-32,54
-8,-32,55
-7,-32,55
-7,-32,54
-6,-32,54
-6,-32,55
-7,-32,54
-7,-32,54
-7,-32,54
-7,-32,55
-6,-33,55
-6,-33,54
-6,-32,54
-6,-32,55
-7,-32,54
-7,-32,54
-6,-32,54
-6,-32,55
-7,-32,54
-7,-32,54
-6,-32,54
-6,-32,54
-6,-32,54
-6,-32,54
-7,-32,55
-7,-32,55
-6,-32,54
-6,-32,54
-6,-33,54
-6,-33,53
-7,-32,55
-7,-32,55
-7,-32,54
-6,-32,54
-6,-32,54
-7,-33,54
-7,-32,55
-7,-32,54
-7,-32,54
-6,-33,55
-7,-32,54
-7,-32,54
-7,-32,54
-6,-32,54
-7,-32,54
-7,-32,54
-7,-32,54
-7,-32,54
-7,-32,54
-7,-32,54
-7,-32,55
-7,-32,54
-7,-32,54
-7,-32,55
-7,-32,55
-7,-32,54
-7,-32,54
-7,-32,55
-6,-32,54
-7,-32,55
-7,-32,55
-8,-32,54
-8,-32,54
-7,-32,55
-7,-32,55
-8,-32,54
-7,-32,54
-7,-32,55
-7,-32,54
-7,-32,55
-7,-32,55
-8,-32,54
-7,-32,54
-7,-32,54
-7,-32,54
-8,-32,54
-8,-32,55
-7,-32,54
-7,-32,54
-7,-32,54
-7,-32,54
-7,-32,54
-7,-32,55
-7,-32,55
-7,-32,55
-7,-32,54
-7,-32,54
-7,-32,55
-7,-33,54
-7,-32,54
-7,-32,55
-8,-32,54
-7,-32,54
-6,-32,55
-7,-32,54
-8,-32,54
-8,-32,55
-7,-32,55
-7,-32,54
-7,-32,55
-6,-32,54
-7,-32,54
-7,-32,54
-7,-32,54
-7,-32,54
-7,-32,55
-7,-32,54
-7,-32,54
-7,-32,55
-6,-32,55
-7,-32,54
-7,-32,55
-7,-32,54
-6,-32,54
-6,-33,54
-6,-32,54
-5,-33,53
-6,-33,54
-7,-33,54
-7,-32,54
-9,-33,54
-9,-32,55
-6,-32,56
-5,-33,57
-5,-30,55
-9,-30,53
-19,-29,53
-19,-29,53
-23,-31,50
-25,-30,50
-26,-29,52
-26,-29,52
-26,-29,50
-27,-29,49
-28,-28,49
-28,-28,49
-31,-29,49
-31,-28,49
-31,-26,48
-31,-25,49
-31,-23,52
-32,-22,51
-30,-21,48
-27,-20,51
-27,-15,58
-30,-14,56
-30,-13,55
-31,-12,55
-27,-12,59
-29,-9,62
-27,-9,59
-24,-9,57
-21,-6,58
-22,-2,60
-20,-1,60
-21,2,61
-22,3,62
-19,5,60
-24,4,57
-29,5,59
-28,4,62
-33,1,59
-36,1,57
-33,1,56
-27,1,56
-23,1,59
-26,1,60
-35,0,56
-36,-1,55
-34,-2,56
-32,0,57
-30,-1,58
-30,-2,58
-31,-4,56
-30,-4,56
-28,-4,57
-27,-5,57
-25,-4,58
-25,-3,59
-27,-3,60
-27,-5,59
-27,-4,57
-27,-4,57
-27,-4,57
-26,-3,58
-27,-4,58
-34,-3,56
-34,-3,56
-29,-3,58
-28,-4,58
-30,-4,56
-30,-4,56
-30,-3,57
-30,-3,57
-31,-3,57
-32,-4,57
-29,-4,57
-28,-3,58
-28,-3,58
-28,-3,57
-28,-3,58
-28,-4,58
-28,-4,58
-29,-3,57
-28,-4,57
-27,-4,57
-27,-4,58
-27,-4,58
-27,-4,58
-27,-4,58
-27,-4,58
-27,-4,58
-26,-4,58
-26,-4,58
-26,-4,58
-27,-4,58
-27,-4,58
-26,-4,58
-26,-4,58
-26,-4,58
-26,-4,58
-27,-4,59
-26,-4,59
-26,-4,59
-26,-4,58
-26,-4,58
-26,-4,58
-26,-4,59
-26,-4,59
-27,-4,59
-26,-5,58
-25,-4,58
-25,-4,58
-24,-5,59
-25,-5,59
-25,-4,59
-25,-4,58
-25,-4,59
-25,-5,59
-26,-4,59
-25,-4,58
-24,-4,58
-24,-4,58
-25,-4,59
-25,-4,59
-25,-4,58
-25,-4,58
-25,-4,59
-25,-4,59
-26,-4,59
-26,-4,59
-26,-4,58
-25,-4,59
-25,-5,58
-26,-4,59
-26,-4,59
-26,-5,59
-25,-5,59
-26,-5,59
-26,-5,58
-26,-4,58
-26,-4,59
-26,-5,59
-27,-4,58
-26,-4,58
-26,-5,58
-26,-5,58
-26,-5,58
-26,-4,58
-26,-4,58
-27,-5,58
-27,-5,58
-27,-5,58
-27,-5,58
-26,-4,58
-26,-4,58
-26,-5,58
-30,-3,57
-27,-4,59
-25,-5,59
-25,-4,59
-25,-6,58
-25,-6,58
-26,-5,59
-26,-5,58
-26,-5,58
-26,-5,58
-26,-6,58
-26,-5,58
-26,-5,59
-25,-6,59
-25,-5,58
-25,-5,58
-26,-5,59
-26,-6,59
-25,-5,58
-25,-5,60
-25,-5,59
-25,-5,59
-25,-5,59
-26,-4,59
-26,-4,59
-26,-5,58
-26,-5,58
-25,-4,58
-26,-5,59
-28,-4,59
-27,-5,58
-27,-4,58
-26,-4,58
-27,-4,58
-28,-4,58
-28,-4,58
-28,-4,58
-28,-4,57
-28,-4,58
-27,-4,58
-27,-4,58
-27,-4,58
-28,-3,58
-29,-4,58
-29,-4,57
-28,-3,58
-29,-4,57
-28,-3,57
-28,-4,57
-29,-3,58
-28,-3,57
-30,-3,57
-29,-3,57
-30,-3,58
-30,-3,57
-30,-4,56
-30,-3,57
-30,-4,56
-30,-3,56
-31,-2,58
-30,-3,57
-30,-3,56
-30,-3,57
-30,-3,57
-30,-3,57
-31,-3,56
-31,-3,56
-31,-3,56
-32,-3,56
-33,-3,55
-32,-3,55
-32,-3,55
-32,-3,55
-32,-3,56
-32,-3,55
-32,-3,56
-33,-3,56
-34,-3,56
-34,-3,56
-34,-3,55
-33,-2,55
-33,-3,55
-33,-3,55
-34,-1,56
-32,-2,56
-33,-3,54
-34,-3,55
-33,-3,55
-33,-4,55
-34,-2,55
-33,-3,54
-33,-3,55
-33,-2,55
-33,-3,55
-33,-2,56
-32,-3,57
-33,-3,55
-33,-3,55
-33,-3,55
-33,-3,55
-33,-3,55
-33,-3,55
-33,-3,55
-33,-3,55
-33,-3,55
-33,-3,55
-33,-3,55
-33,-3,55
-34,-3,55
-32,-4,55
-31,-2,56
-31,-3,57
-31,-2,56
-31,-2,56
-31,-3,56
-31,-3,57
-31,-2,56
-32,-2,56
-31,-3,56
-31,-3,56
-31,-2,56
-30,-3,56
-31,-3,56
-31,-2,57
-31,-3,56
-30,-3,56
-30,-2,57
-31,-2,57
-31,-3,56
-31,-2,56
-30,-3,56
-31,-3,57
-31,-3,56
-31,-3,57
-31,-3,56
-31,-3,56
-31,-3,57
-31,-3,56
-31,-2,56
-31,-3,56
-31,-3,56
-31,-3,56
-31,-3,56
-31,-3,56
-31,-3,56
-31,-3,56
-31,-3,56
-31,-3,56
-32,-2,56
-31,-3,56
-31,-3,56
-32,-2,56
-32,-3,56
-31,-2,56
-32,-3,56
-32,-3,56
-31,-2,56
-32,-3,56
-32,-2,56
-32,-3,56
-32,-2,56
-31,-3,56
-32,-3,56
-32,-3,56
-32,-3,56
-32,-3,56
-32,-3,56
-32,-3,56
-32,-3,56
-32,-3,56
-32,-3,56
-32,-3,56
-32,-3,56
-32,-3,56
-32,-3,56
-32,-3,56
-32,-3,56
-32,-2,56
-31,-3,56
-32,-3,55
-31,-3,56
-32,-3,56
-32,-3,56
-32,-3,56
-32,-3,56
-32,-3,56
-32,-3,56
-32,-3,56
-32,-3,55
-32,-3,56
-32,-3,56
-32,-3,56
-32,-3,56
-32,-3,56
-32,-3,56
-32,-3,56
-32,-3,56
-32,-3,56
-32,-3,56
-32,-3,56
-32,-3,56
-32,-3,56
-32,-3,56
-32,-3,56
-33,-3,56
-32,-3,56
-32,-3,56
-32,-3,56
-31,-4,56
-32,-2,56
-32,-2,56
-32,-3,56
-32,-3,56
-32,-3,56
-32,-3,56
-32,-3,56
-32,-3,56
-32,-3,56
-32,-3,56
-32,-3,56
-32,-3,56
-32,-3,56
-31,-3,56
-31,-4,56
-32,-3,56
-32,-3,56
-31,-3,56
-31,-3,56
-32,-3,56
-31,-3,56
-31,-3,56
-31,-3,56
-31,-3,56
-31,-3,56
-31,-3,56
-31,-3,56
-31,-3,56
-31,-3,56
-30,-4,56
-31,-4,56
-31,-3,56
-31,-4,56
-31,-3,56
-30,-4,56
-31,-3,56
-31,-3,56
-31,-3,57
-31,-3,57
-31,-3,56
-31,-3,56
-31,-3,56
-31,-3,56
-31,-3,56
-30,-3,56
-31,-3,56
-31,-3,56
-31,-3,56
-32,-3,57
-31,-3,56
-31,-3,56
-31,-3,56
-31,-3,56
-31,-3,56
-31,-3,56
-31,-3,57
-31,-3,56
-31,-3,56
-31,-3,56
-31,-4,56
-32,-3,56
-31,-3,56
-31,-3,56
-31,-3,57
-31,-3,56
-31,-3,56
-31,-3,56
-31,-3,56
-31,-4,56
-31,-3,56
-31,-3,56
-31,-3,56
-31,-3,56
-31,-3,56
-31,-3,56
-31,-3,56
-31,-3,56
-31,-3,56
-31,-3,56
-31,-3,56
-31,-3,56
-31,-3,56
-31,-3,56
-31,-3,56
-31,-3,56
-31,-3,56
-31,-3,56
-31,-3,56
-31,-3,56
-31,-4,56
-32,-3,56
-31,-3,56
-31,-3,56
-31,-3,56
-31,-3,56
-31,-3,56
-31,-3,56
-31,-3,56
-31,-4,56
-32,-3,56
-31,-3,56
-31,-3,56
-31,-3,56
-31,-3,56
-31,-3,56
-31,-3,56
-31,-3,56
-31,-3,56
-31,-3,56
-31,-3,56
-31,-3,56
-31,-3,56
-31,-3,56
-31,-3,56
-31,-3,56
-31,-3,56
-31,-3,56
-31,-3,56
-31,-3,56
-31,-3,56
-31,-4,56
-31,-3,56
-31,-3,57
-31,-3,57
-31,-4,56
-31,-4,56
-31,-3,57
-31,-3,56
-31,-3,56
-31,-4,56
-31,-3,56
-31,-3,56
-31,-4,57
-30,-4,56
-30,-4,56
-30,-4,57
-30,-4,56
-31,-4,57
-31,-4,57
-30,-4,56
-30,-4,56
-30,-4,57
-30,-4,57
-30,-4,56
-30,-4,56
-30,-4,57
-30,-4,57
-30,-4,57
-30,-3,56
-29,-4,56
-29,-4,56
-30,-3,57
-30,-3,57
-29,-4,57
-30,-4,57
-30,-4,57
-29,-4,57
-30,-3,57
-29,-4,57
-30,-4,57
-30,-4,57
-30,-3,57
-29,-4,57
-30,-4,57
-30,-4,57
-30,-4,57
-30,-4,57
-30,-4,57
-30,-3,57
-30,-4,57
-30,-4,56
-30,-4,57
-31,-3,56
-30,-4,57
-30,-4,57
-30,-4,57
-30,-4,56
-31,-3,57
-31,-3,56
-30,-3,56
-30,-4,56
-31,-3,56
-30,-4,57
-30,-4,57
-31,-4,57
-30,-4,56
-30,-4,57
-30,-4,56
-31,-3,57
-31,-4,56
-31,-4,56
-30,-4,57
-30,-4,57
-30,-3,57
-30,-4,56
-30,-4,57
-31,-3,57
-31,-4,56
-31,-4,56
-30,-4,57
-30,-4,56
-30,-4,56
-30,-4,56
-31,-4,57
-31,-4,56
-31,-3,56
-31,-4,56
-31,-3,56
-31,-4,57
-30,-4,56
-30,-4,56
-30,-4,56
-31,-4,56
-31,-3,57
-30,-4,56
-31,-3,56
-31,-3,56
-31,-4,56
-31,-3,57
-31,-3,57
-31,-4,57
-30,-4,57
-31,-3,56
-30,-4,57
-30,-3,57
-30,-3,57
-30,-4,56
-30,-4,57
-30,-4,56
-31,-4,57
-30,-3,57
-31,-4,57
-30,-4,56
-30,-3,57
-30,-4,57
-30,-4,57
-30,-4,57
-30,-4,57
-30,-4,57
-30,-4,57
-30,-4,57
-30,-4,57
-30,-4,56
-29,-4,57
-30,-4,56
-30,-3,57
-30,-4,57
-29,-4,57
-29,-4,57
-30,-4,57
-29,-4,57
-30,-3,57
-29,-4,57
-30,-4,57
-30,-4,57
-29,-4,57
-29,-4,58
-29,-4,57
-29,-4,57
-29,-4,57
-29,-4,57
-29,-4,57
-29,-4,57
-29,-4,57
-29,-4,57
-29,-4,57
-29,-4,57
-29,-4,57
-29,-4,57
-29,-4,57
-29,-4,57
-29,-4,57
-29,-3,57
-29,-4,57
-29,-4,57
-29,-4,57
-29,-4,57
-29,-4,57
-29,-4,57
-30,-4,57
-30,-4,57
-29,-4,57
-29,-4,57
-29,-5,57
-30,-4,57
-30,-4,57
-29,-4,57
-29,-4,57
-29,-4,57
-29,-4,57
-30,-4,57
-30,-4,57
-30,-4,57
-30,-4,57
-30,-4,57
-30,-4,57
-29,-4,57
-29,-4,56
-30,-4,56
-30,-4,57
-30,-4,57
-30,-4,57
-30,-4,57
-30,-3,57
-29,-4,57
-29,-4,56
-29,-3,56
-29,-3,58
-30,-3,57
-31,-4,57
-31,-4,57
-30,-3,57
-28,-4,57
-29,-3,58
-29,-4,58
-30,-3,56
-29,-4,57
-33,-4,56
-32,-4,56
-30,-4,56
-28,-4,57
-29,-3,57
-30,-4,57
-31,-4,57
-30,-4,57
-29,-4,57
-29,-4,57
-30,-4,57
-31,-3,57
-35,-3,56
-29,-4,57
-29,-4,57
-29,-4,57
-29,-4,57
-30,-4,57
-29,-4,56
-30,-4,57
-30,-4,57
-29,-4,57
-28,-4,57
-28,-4,58
-28,-4,58
-28,-5,57
-28,-4,57
-28,-5,57
-28,-4,57
-28,-4,58
-28,-5,58
-28,-4,57
-28,-5,57
-27,-5,58
-27,-5,58
-27,-5,58
-28,-4,58
-28,-5,57
-27,-5,58
-27,-4,58
-27,-4,58
-27,-4,58
-27,-4,58
-27,-5,58
-27,-5,58
-28,-4,58
-28,-5,58
-26,-4,59
-24,-1,61
-21,-2,61
-26,-4,57
-29,-5,55
-35,-8,52
-37,-8,53
-38,-6,55
-36,-4,55
-27,-4,58
-25,-4,58
-21,-3,61
-21,-2,62
-25,-3,60
-25,-5,58
-28,-5,58
-28,-4,58
-26,-4,59
-25,-4,59
-25,-3,59
-26,-4,59
-26,-4,58
-26,-4,59
-26,-4,59
-26,-4,59
-25,-4,58
-26,-3,59
-25,-4,59
-26,-4,58
-26,-4,58
-25,-4,59
-25,-3,60
-25,-4,60
-25,-4,60
-26,-4,59
-25,-4,59
-25,-4,59
-24,-4,60
-25,-3,59
-25,-4,59
-26,-4,58
-25,-4,59
-24,-4,59
-24,-4,60
-25,-4,59
-26,-4,59
-25,-3,59
-24,-3,59
-25,-4,59
-25,-4,59
-25,-4,59
-25,-4,59
-25,-4,60
-25,-3,59
-25,-3,59
-24,-4,58
-25,-4,59
-25,-4,60
-25,-3,60
-24,-4,59
-24,-4,60
-25,-3,60
-25,-3,59
-25,-4,59
-24,-4,60
-25,-3,59
-25,-3,59
-25,-4,59
-25,-4,59
-25,-4,59
-25,-4,60
-24,-3,59
-25,-4,59
-25,-4,59
-24,-3,59
-24,-4,60
-25,-4,59
-25,-4,59
-24,-4,60
-24,-4,59
-24,-4,59
-24,-4,60
-25,-4,59
-24,-4,59
-25,-4,59
-24,-5,58
-25,-4,60
-25,-3,60
-24,-4,60
-24,-4,60
-24,-4,60
-24,-4,59
-24,-4,59
-24,-4,60
-24,-4,60
-24,-4,60
-24,-4,59
-24,-4,59
-24,-4,59
-24,-4,59
-24,-4,59
-24,-4,59
-24,-4,60
-24,-4,60
-24,-4,60
-24,-4,59
-24,-4,60
-24,-4,60
-24,-4,59
-24,-4,60
-24,-4,60
-24,-4,59
-25,-4,59
-24,-5,59
-24,-4,59
-24,-4,59
-24,-4,59
-24,-4,60
-24,-4,60
-24,-4,60
-24,-4,59
-25,-4,59
-24,-4,60
-24,-4,60
-24,-4,59
-24,-4,60
-24,-4,59
-24,-4,60
-24,-4,60
-24,-4,60
-24,-3,60
-24,-4,59
-25,-4,60
-24,-4,59
-24,-4,60
-24,-4,60
-24,-4,60
-24,-4,59
-24,-4,60
-24,-4,60
-24,-4,59
-24,-3,60
-24,-4,59
-25,-4,59
-24,-4,60
-23,-4,60
-23,-3,60
-23,-4,60
-25,-3,60
-24,-4,59
-24,-3,60
-23,-4,60
-25,-3,60
-24,-4,59
-24,-4,60
-24,-3,60
-24,-4,60
-24,-4,60
-24,-3,60
-24,-3,59
-24,-4,60
-24,-4,60
-24,-4,60
-24,-4,60
-24,-4,60
-24,-4,60
-24,-4,60
-24,-4,60
-24,-4,60
-24,-4,60
-24,-3,60
-23,-5,59
-24,-4,59
-24,-3,60
-23,-4,60
-23,-4,60
-24,-4,60
-24,-4,60
-24,-4,60
-24,-4,60
-24,-4,60
-24,-4,60
-24,-4,60
-24,-4,60
-24,-4,59
-24,-4,60
-24,-4,60
-24,-4,60
-24,-4,60
-24,-4,60
-24,-4,60
-24,-4,60
-24,-4,60
-23,-4,60
-23,-4,60
-24,-4,59
-24,-4,60
-23,-4,60
-23,-4,59
-24,-4,60
-23,-5,59
-24,-4,60
-23,-4,60
-23,-4,60
-23,-4,60
-24,-4,60
-24,-3,60
-24,-4,59
-23,-4,60
-23,-4,60
-24,-4,60
-24,-4,59
-24,-4,60
-24,-4,60
-24,-4,60
-24,-4,60
-24,-4,59
-24,-4,60
-24,-4,60
-24,-4,60
-24,-4,60
-24,-4,60
-24,-4,60
-24,-4,59
-24,-4,59
-24,-4,60
-24,-4,60
-24,-4,60
-24,-3,60
-24,-4,59
-24,-4,59
-24,-4,60
-24,-4,60
-24,-4,60
-24,-4,60
-24,-4,60
-24,-4,59
-24,-4,60
-23,-3,60
-24,-4,60
-24,-3,59
-24,-4,60
-24,-3,60
-23,-3,60
-24,-4,60
-24,-4,60
-24,-3,60
-24,-4,60
-24,-4,60
-24,-3,60
-24,-3,60
-24,-4,60
-24,-3,60
-24,-3,60
-24,-4,60
-24,-4,60
-24,-3,60
-24,-4,60
-24,-3,60
-23,-4,60
-24,-4,59
-24,-3,59
-23,-4,60
-24,-3,60
-24,-4,60
-24,-4,60
-24,-4,60
-24,-4,60
-24,-4,60
-23,-4,60
-24,-4,59
-23,-4,60
-24,-4,60
-24,-4,60
-23,-4,60
-24,-4,60
-24,-4,60
-23,-4,60
-23,-4,60
-24,-4,60
-23,-4,60
-23,-4,60
-24,-4,60
-24,-4,60
-23,-4,60
-22,-4,60
-23,-4,60
-24,-4,59
-24,-4,59
-22,-5,59
-22,-5,59
-24,-3,60
-24,-4,60
-23,-4,60
-22,-4,60
-23,-4,60
-24,-4,59
-23,-4,60
-23,-4,60
-23,-4,60
-24,-4,60
-24,-4,60
-24,-4,60
-23,-4,60
-23,-4,60
-23,-4,60
-24,-4,60
-23,-4,60
-24,-4,60
-24,-4,60
-24,-4,60
-23,-4,60
-24,-4,60
-24,-4,60
-24,-4,60
-24,-4,60
-23,-4,59
-23,-4,60
-23,-4,60
-23,-4,59
-24,-4,59
-24,-4,60
-23,-3,60
-23,-3,60
-24,-4,60
-24,-4,60
-24,-4,60
-24,-3,60
-23,-4,60
-24,-3,60
-23,-4,59
-24,-4,60
-24,-3,60
-23,-3,60
-24,-4,59
-24,-3,60
-24,-4,60
-24,-3,60
-24,-4,60
-24,-4,60
-24,-4,60
-23,-4,60
-24,-4,60
-24,-4,60
-24,-4,60
-24,-4,60
-24,-4,60
-24,-4,59
-24,-3,60
-23,-4,60
-24,-4,59
-24,-3,60
-23,-4,60
-24,-3,60
-24,-4,60
-24,-3,60
-24,-3,60
-24,-4,60
-24,-3,60
-24,-4,60
-24,-4,60
-23,-4,60
-24,-3,60
-24,-4,60
-24,-4,60
-23,-4,60
-24,-3,60
-24,-4,60
-24,-4,60
-24,-4,60
-24,-4,60
-23,-4,60
-24,-4,60
-23,-4,60
-24,-4,60
-24,-4,60
-23,-4,60
-24,-4,60
-24,-4,60
-24,-3,60
-23,-5,59
-24,-4,60
-24,-3,60
-23,-4,60
-23,-5,60
-23,-4,60
-24,-4,60
-24,-4,60
-23,-4,60
-22,-4,60
-23,-4,60
-23,-4,59
-23,-4,59
-23,-4,60
-23,-4,59
-23,-4,60
-23,-4,60
-23,-4,60
-23,-4,60
-24,-4,60
-24,-4,60
-23,-4,60
-23,-4,60
-23,-4,60
-23,-4,60
-24,-4,60
-24,-4,60
-23,-4,60
-24,-4,60
-23,-5,60
-23,-5,60
-24,-3,60
-23,-4,60
-24,-4,60
-23,-4,60
-24,-4,60
-24,-4,60
-24,-4,60
-24,-4,60
-22,-4,60
-24,-4,60
-23,-4,60
-24,-3,60
-24,-3,60
-23,-4,60
-22,-4,60
-23,-4,60
-23,-4,60
-24,-4,60
-23,-4,60
-24,-4,59
-24,-4,60
-24,-4,60
-23,-4,60
-24,-4,60
-24,-4,60
-24,-4,60
-24,-4,60
-24,-3,60
-24,-4,60
-24,-4,59
-24,-3,60
-23,-4,60
-24,-4,60
-24,-4,60
-24,-4,60
-24,-4,60
-24,-4,60
-24,-4,60
-24,-4,60
-25,-3,60
-24,-4,59
-24,-4,59
-24,-4,60
-24,-4,60
-24,-4,60
-24,-4,60
-23,-4,60
-24,-4,60
-24,-4,60
-24,-4,60
-24,-4,60
-24,-4,60
-24,-4,60
-24,-4,60
-24,-4,60
-24,-4,60
-24,-4,60
-23,-4,59
-23,-5,59
-24,-4,60
-24,-4,60
-23,-4,60
-23,-4,60
-23,-5,60
-24,-4,59
-24,-4,60
-23,-4,60
-23,-4,60
-24,-4,59
-24,-5,60
-23,-5,60
-23,-4,60
-23,-5,60
-23,-4,59
-24,-4,60
-23,-4,60
-23,-4,60
-23,-4,59
-23,-5,59
-23,-4,60
-23,-5,60
-24,-4,60
-24,-4,60
-24,-4,60
-23,-4,60
-24,-4,60
-23,-5,60
-24,-5,59
-24,-4,59
-24,-4,60
-24,-4,60
-23,-4,60
-24,-4,60
-24,-4,59
-24,-4,60
-23,-4,60
-24,-3,60
-24,-4,60
-24,-4,60
-24,-4,60
-24,-4,60
-24,-4,60
-24,-4,60
-24,-4,60
-24,-4,60
-24,-4,60
-24,-4,60
-24,-4,60
-24,-4,59
-24,-4,60
-24,-4,60
-24,-4,60
-24,-4,60
-24,-4,60
-24,-4,60
-24,-4,60
-24,-4,60
-24,-4,60
-24,-4,60
-24,-4,60
-24,-4,60
-24,-3,60
-24,-4,59
-24,-3,59
-23,-4,60
-24,-4,60
-24,-4,60
-24,-4,60
-24,-4,60
-24,-4,60
-24,-3,60
-24,-4,60
-24,-3,59
-24,-4,60
-24,-4,60
-23,-4,60
-23,-4,60
-24,-4,60
-24,-4,60
-24,-4,60
-23,-4,60
-23,-4,60
-24,-4,60
-24,-4,60
-24,-4,60
-24,-4,60
-24,-4,59
-24,-4,60
-24,-4,60
-23,-4,60
-23,-4,59
-23,-4,60
-23,-5,59
-24,-4,60
-24,-4,60
-24,-4,60
-23,-4,60
-24,-4,60
-24,-4,60
-24,-4,60
-23,-4,60
-23,-4,60
-24,-4,60
-23,-5,60
-24,-5,60
-23,-5,60
-23,-5,60
-23,-5,60
-23,-4,60
-23,-5,60
-23,-4,60
-23,-5,60
-23,-5,60
-23,-5,60
-23,-5,60
-24,-5,59
-23,-4,60
-24,-5,60
-23,-5,59
-24,-4,60
-23,-5,60
-24,-5,59
-24,-4,60
-23,-5,59
-23,-5,60
-23,-4,60
-24,-4,60
-24,-4,60
-24,-4,60
-23,-5,60
-24,-4,59
-23,-4,60
-24,-4,60
-24,-4,60
-24,-4,60
-23,-4,60
-24,-4,60
-24,-4,60
-24,-4,60
-24,-4,60
-24,-4,59
-23,-4,60
-24,-4,59
-24,-4,60
-24,-4,60
-24,-4,60
-24,-4,60
-23,-4,60
-24,-3,60
-24,-5,59
-24,-4,59
-23,-4,60
-23,-4,60
-24,-4,60
-24,-4,60
-24,-4,59
-24,-4,60
-24,-4,60
-24,-4,60
-24,-3,60
-24,-4,60
-24,-4,60
-24,-4,60
-24,-4,60
-24,-4,60
-24,-4,60
-24,-4,60
-23,-4,60
-24,-4,60
-24,-4,60
-24,-4,60
-24,-4,60
-24,-4,60
-24,-4,60
-24,-4,60
-24,-4,60
-24,-4,60
-24,-3,60
-24,-5,59
-24,-4,59
-24,-4,60
-23,-4,60
-23,-4,60
-24,-4,60
-24,-4,60
-24,-4,59
-24,-4,60
-23,-5,60
-23,-4,60
-23,-5,60
-24,-4,60
-24,-4,60
-23,-4,60
-23,-4,60
-24,-4,60
-24,-4,60
-24,-4,60
-23,-4,60
-24,-4,60
-23,-4,60
-24,-4,60
-23,-4,59
-23,-4,59
-23,-4,60
-23,-4,60
-23,-4,60
-23,-4,59
-23,-5,59
-24,-4,59
-23,-4,60
-23,-5,60
-23,-5,60
-24,-5,60
-24,-4,60
-24,-4,60
-23,-4,60
-24,-4,60
-24,-4,60
-24,-5,60
-24,-4,60
-23,-4,60
-24,-4,60
-24,-4,60
-24,-4,60
-24,-4,60
-24,-4,60
-24,-4,60
-24,-4,60
-24,-4,60
-24,-4,60
-24,-4,60
-24,-4,60
-24,-4,60
-24,-4,60
-24,-4,59
-24,-4,60
-24,-5,59
-24,-4,59
-23,-4,60
-23,-4,60
-24,-4,60
-24,-4,60
-24,-4,60
-24,-4,60
-23,-4,60
-24,-4,60
-25,-4,60
-24,-5,60
-24,-4,60
-24,-4,60
-24,-4,60
-24,-4,60
-24,-4,60
-24,-4,60
-24,-4,60
-24,-4,60
-24,-4,60
-24,-4,60
-24,-4,60
-24,-4,60
-24,-4,60
-24,-4,60
-24,-4,60
-24,-4,60
-24,-4,60
-24,-3,60
-24,-4,60
-24,-4,59
-24,-4,59
-23,-4,60
-24,-4,60
-24,-4,60
-24,-4,60
-24,-4,60
-24,-4,60
-23,-4,60
-24,-4,60
-24,-4,59
-24,-4,60
-24,-4,60
-23,-4,60
-23,-4,60
-24,-4,60
-24,-4,60
-24,-4,60
-23,-5,60
-24,-4,60
-24,-4,60
-24,-4,60
-23,-4,60
-23,-4,60
-23,-4,60
-24,-4,60
-24,-4,60
-23,-4,60
-23,-5,60
-23,-4,60
-23,-5,59
-24,-4,59
-23,-4,60
-23,-5,60
-23,-5,60
-24,-5,60
-23,-4,59
-23,-5,59
-23,-4,60
-23,-5,60
-24,-4,60
-24,-4,60
-23,-4,60
-24,-4,60
-24,-4,60
-24,-4,60
-24,-4,60
-24,-4,60
-24,-4,60
-24,-4,60
-24,-4,60
-24,-4,60
-24,-4,60
-24,-4,60
-24,-4,60
-24,-4,60
-24,-4,60
-24,-4,59
-24,-4,59
-24,-4,60
-24,-4,59
-24,-4,60
-23,-4,59
-24,-4,60
-24,-4,60
-24,-4,60
-24,-4,60
-24,-4,60
-24,-4,60
-23,-4,60
-24,-4,59
-24,-4,60
-24,-4,60
-23,-4,60
-24,-4,60
-24,-4,59
-24,-4,60
-24,-4,60
-24,-4,60
-24,-4,60
-24,-4,60
-24,-4,60
-24,-4,60
-24,-4,60
-24,-4,60
-24,-4,60
-24,-4,60
-24,-4,60
-24,-4,60
-24,-4,60
-24,-4,59
-24,-4,59
-23,-4,60
-24,-4,60
-24,-4,60
-24,-4,60
-24,-4,60
-24,-4,60
-24,-4,60
-23,-4,60
-24,-4,60
-24,-4,60
-24,-4,60
-24,-4,59
-23,-4,60
-23,-4,60
-24,-4,60
-24,-4,60
-24,-4,60
-24,-4,60
-24,-4,60
-24,-4,60
-23,-4,60
-23,-4,60
-23,-4,59
-23,-4,60
-23,-4,60
-23,-4,60
-23,-4,60
-23,-5,59
-24,-4,60
-23,-4,60
-23,-5,60
-23,-5,60
-23,-4,60
-24,-5,59
-24,-4,59
-23,-4,60
-23,-5,60
-24,-4,60
-24,-4,60
-23,-5,60
-23,-4,60
-23,-4,60
-23,-4,60
-24,-4,60
-24,-4,60
-23,-4,60
-24,-4,60
-24,-4,60
-24,-4,60
-24,-4,60
-23,-4,60
-24,-4,60
-24,-4,60
-24,-4,60
-24,-4,60
-23,-5,59
-24,-4,59
-24,-3,59
-23,-3,60
-23,-4,60
-24,-4,60
-25,-4,60
-24,-3,59
-23,-3,60
-23,-4,60
-24,-4,60
-24,-4,59
-24,-4,60
-24,-4,60
-23,-3,60
-24,-4,60
-24,-4,60
-24,-4,60
-24,-4,60
-24,-4,60
-24,-4,60
-24,-4,60
-24,-4,60
-24,-4,60
-24,-4,59
-24,-4,60
-24,-4,60
-24,-4,60
-24,-3,60
-24,-4,59
-24,-4,59
-24,-3,60
-23,-4,60
-24,-4,60
-24,-4,60
-24,-4,60
-24,-3,60
-24,-4,59
-24,-4,60
-23,-4,60
-24,-4,60
-24,-4,60
-24,-4,60
-24,-4,60
-24,-4,60
-23,-4,60
-24,-4,60
-24,-4,60
-24,-4,60
-23,-4,60
-24,-4,60
-24,-4,60
-24,-4,59
-24,-4,59
-23,-4,60
-24,-4,60
-24,-4,60
-24,-4,59
-23,-4,60
-23,-5,59
-24,-4,59
-24,-4,60
-23,-5,60
-23,-5,60
-23,-4,60
-24,-4,59
-24,-4,59
-23,-4,60
-23,-5,60
-24,-4,59
-24,-4,59
-23,-4,60
-23,-4,59
-23,-4,59
-23,-5,59
-24,-4,60
-24,-4,60
-23,-4,60
-23,-4,60
-24,-4,60
-24,-4,60
-24,-4,59
-24,-4,60
-24,-4,60
-24,-4,60
-24,-4,60
-24,-4,60
-24,-4,60
-24,-4,59
-24,-3,60
-24,-4,60
-24,-4,60
-24,-4,60
-24,-4,60
-24,-4,60
-24,-4,59
-24,-4,60
-24,-4,60
-24,-3,59
-24,-4,60
-24,-4,60
-24,-4,60
-23,-4,59
-24,-4,60
-24,-4,60
-24,-4,60
-24,-4,60
-24,-4,59
-24,-4,60
-24,-4,60
-24,-4,60
-24,-4,60
-24,-4,60
-24,-4,60
-24,-4,60
-24,-4,60
-24,-3,60
-24,-5,59
-24,-4,59
-23,-4,60
-23,-4,60
-24,-4,60
-24,-4,60
-24,-4,59
-24,-3,59
-24,-4,60
-24,-4,60
-24,-4,60
-24,-4,59
-24,-4,60
-24,-4,60
-23,-4,60
-23,-4,60
-24,-4,60
-24,-4,59
-24,-4,60
-24,-4,60
-24,-4,60
-24,-4,59
-24,-4,59
-24,-4,60
-24,-4,60
-24,-4,60
-24,-4,60
-24,-4,60
-23,-4,60
-23,-5,59
-23,-5,59
-24,-3,60
-24,-3,60
-23,-4,60
-24,-5,60
-24,-4,60
-23,-4,59
-23,-4,60
-23,-4,60
-23,-4,60
-24,-4,59
-24,-4,60
-24,-4,59
-23,-4,60
-23,-4,59
-24,-4,60
-24,-4,59
-24,-4,60
-23,-4,60
-24,-4,60
-24,-4,60
-24,-4,59
-24,-4,60
-24,-4,60
-24,-4,60
-24,-4,60
-24,-4,60
-24,-4,60
-24,-5,59
-24,-5,59
-24,-4,59
-24,-4,60
-24,-4,60
-24,-4,60
-24,-4,60
-24,-4,60
-24,-4,60
-24,-4,60
-24,-4,60
-25,-3,60
-24,-4,60
-24,-4,60
-24,-4,60
-24,-4,60
-24,-4,60
-24,-4,60
-24,-4,60
-24,-4,60
-24,-4,60
-24,-4,60
-24,-4,60
-24,-4,59
-24,-4,60
-24,-4,60
-24,-4,60
-24,-4,60
-24,-4,59
-24,-3,60
-24,-4,60
-24,-3,59
-24,-3,59
-24,-4,60
-24,-3,60
-24,-4,60
-24,-4,60
-24,-4,60
-24,-4,60
-24,-4,60
-24,-4,60
-24,-4,60
-24,-4,60
-24,-4,60
-24,-4,60
-24,-4,60
-24,-4,60
-24,-4,59
-24,-4,60
-24,-4,60
-24,-4,60
-24,-4,60
-24,-4,60
-24,-4,60
-24,-4,60
-24,-4,60
-24,-4,60
-23,-4,60
-23,-4,60
-24,-4,60
-23,-5,59
-24,-5,59
-24,-3,60
-23,-4,60
-23,-4,60
-23,-4,60
-24,-4,60
-24,-4,60
-24,-4,60
-23,-4,60
-24,-4,60
-24,-4,60
-23,-5,60
-23,-4,59
-23,-4,60
-23,-4,60
-24,-4,59
-23,-4,60
-23,-4,60
-23,-4,60
-24,-4,60
-23,-4,60
-23,-4,60
-24,-4,60
-24,-4,60
-24,-4,60
-24,-4,60
-24,-4,59
-24,-3,60
-23,-5,59
-24,-5,59
-24,-4,60
-23,-4,60
-24,-4,60
-24,-4,60
-24,-4,60
-24,-4,59
-24,-3,60
-23,-4,60
-24,-3,60
-24,-4,59
-24,-4,60
-24,-4,60
-24,-4,60
-24,-4,60
-24,-4,60
-24,-4,60
-24,-4,60
-24,-4,60
-24,-4,60
-24,-4,60
-24,-4,60
-24,-4,59
-24,-4,60
-24,-4,59
-24,-4,60
-24,-4,60
-23,-4,59
-24,-3,60
-24,-4,59
-24,-4,59
-24,-3,60
-24,-3,60
-25,-3,60
-24,-4,60
-24,-4,59
-23,-4,59
-24,-4,59
-24,-4,60
-24,-4,59
-23,-3,59
-23,-5,60
-24,-4,60
-24,-4,60
-24,-4,59
-23,-4,59
-23,-4,60
-24,-4,60
-25,-4,60
-24,-4,60
-23,-4,59
-24,-4,60
-24,-4,59
-24,-4,60
-24,-4,60
-24,-4,60
-24,-3,60
-23,-5,59
-24,-4,59
-23,-4,59
-23,-4,60
-24,-4,60
-24,-4,60
-24,-4,60
-24,-4,60
-23,-4,60
-23,-4,60
-25,-4,60
-24,-4,60
-24,-4,60
-24,-4,60
-25,-4,59
-25,-4,59
-25,-5,58
-26,-5,59
-24,-5,59
-25,-5,59
-24,-5,59
-24,-5,60
-24,-5,59
-24,-4,59
-24,-5,60
-24,-5,60
-24,-4,60
-22,-5,61
-22,-5,60
-21,-5,60
-22,-5,60
-21,-5,63
-18,-5,63
-16,-4,63
-11,-3,67
-7,-3,64
-14,-3,61
-19,-5,60
-24,-5,60
-27,-7,56
-30,-7,54
-29,-7,60
-33,-7,58
-40,-8,53
-39,-11,53
-36,-13,53
-27,-14,53
-42,-15,46
-47,-15,45
-37,-18,48
-35,-17,42
-23,-22,39
-24,-33,27
-29,-38,25
-38,-52,10
-43,-53,9
-38,-37,18
-31,-27,27
-44,-14,33
-116,-20,33
-66,-28,57
-62,-24,28
-42,-28,23
-51,-25,23
-51,-24,37
-50,-23,37
-53,-25,28
-53,-25,29
-45,-24,34
-46,-25,35
-47,-23,33
-48,-20,32
-61,-20,29
-53,-22,30
-52,-22,29
-51,-22,30
-45,-20,30
-51,-22,30
-52,-23,31
-55,-23,31
-56,-23,30
-53,-22,29
-53,-22,29
-53,-22,28
-53,-23,28
-53,-23,29
-53,-22,28
-53,-22,26
-52,-23,26
-54,-22,30
-55,-21,33
-55,-22,28
-54,-22,25
-54,-22,25
-53,-22,27
-55,-21,29
-56,-21,28
-54,-21,27
-54,-21,27
-54,-21,28
-54,-22,28
-54,-21,28
-54,-21,28
-54,-21,28
-54,-22,27
-54,-22,27
-54,-21,28
-54,-21,28
-54,-21,28
-54,-21,28
-54,-21,28
-54,-21,28
-54,-21,28
-54,-21,28
-54,-22,28
-54,-22,28
-54,-21,28
-54,-21,28
-54,-21,28
-54,-21,27
-54,-22,28
-54,-22,28
-54,-21,28
-54,-21,28
-54,-21,28
-54,-21,28
-54,-21,28
-54,-21,28
-54,-21,28
-54,-21,28
-54,-22,28
-54,-21,28
-54,-21,28
-54,-21,28
-54,-21,28
-54,-21,28
-54,-21,28
-54,-21,28
-54,-21,28
-54,-21,28
-54,-21,28
-54,-21,28
-54,-21,28
-54,-22,28
-54,-21,28
-54,-21,28
-54,-22,28
-54,-22,28
-54,-22,28
-54,-21,28
-54,-22,27
-54,-22,28
-54,-22,28
-54,-21,28
-54,-22,28
-54,-21,28
-54,-21,28
-54,-21,28
-54,-21,28
-54,-21,28
-54,-21,28
-54,-22,28
-54,-21,28
-54,-21,28
-54,-21,28
-54,-22,28
-54,-21,28
-54,-22,28
-54,-22,28
-54,-21,28
-54,-21,28
-54,-21,28
-54,-21,28
-54,-21,28
-54,-22,28
-54,-21,28
-54,-21,28
-54,-21,28
-54,-21,28
-54,-22,28
-54,-21,28
-54,-21,28
-54,-21,28
-54,-21,28
-54,-21,28
-54,-21,28
-54,-21,28
-54,-21,28
-54,-21,28
-54,-21,28
-54,-21,28
-54,-21,28
-54,-21,28
-54,-21,28
-54,-22,28
-54,-21,28
-54,-22,28
-54,-21,28
-54,-22,28
-54,-21,28
-54,-21,28
-54,-21,28
-54,-22,28
-54,-21,28
-54,-22,28
-54,-21,28
-54,-21,28
-54,-21,28
-54,-21,28
-54,-21,28
-54,-22,28
-54,-22,28
-54,-21,28
-54,-21,28
-54,-22,28
-54,-22,28
-54,-21,28
-54,-21,28
-54,-21,28
-54,-22,28
-54,-21,28
-54,-21,28
-54,-21,28
-54,-21,28
-54,-22,28
-54,-21,28
-54,-21,28
-54,-21,28
-54,-21,28
-54,-21,28
-54,-22,27
-54,-22,28
-54,-21,28
-54,-21,28
-54,-22,28
-54,-21,28
-54,-22,28
-54,-21,28
-54,-21,28
-54,-21,28
-54,-21,28
-54,-22,28
-54,-21,28
-54,-21,28
-54,-22,28
-54,-21,28
-54,-21,28
-54,-21,28
-54,-21,28
-54,-21,28
-54,-22,28
-54,-21,28
-54,-21,28
-54,-21,28
-54,-21,28
-54,-21,28
-54,-21,28
-54,-21,28
-54,-21,28
-54,-21,28
-54,-21,28
-54,-21,28
-54,-21,28
-54,-21,28
-54,-21,28
-54,-21,28
-54,-21,28
-54,-21,28
-54,-21,28
-54,-21,28
-54,-22,28
-54,-21,28
-54,-21,28
-54,-22,28
-54,-21,28
-54,-21,28
-54,-22,28
-54,-21,28
-54,-21,28
-54,-21,28
-54,-22,28
-54,-22,28
-54,-21,28
-54,-21,28
-54,-21,28
-54,-21,28
-54,-21,28
-54,-22,28
-54,-21,28
-54,-21,28
-54,-21,28
-53,-21,28
-54,-21,28
-54,-21,28
-54,-21,28
-54,-21,28
-54,-21,28
-54,-21,28
-54,-22,28
-54,-22,28
-54,-22,28
-54,-21,28
-54,-22,28
-54,-21,28
-54,-21,28
-54,-21,28
-54,-22,28
-54,-21,28
-54,-21,28
-54,-21,28
-54,-21,28
-54,-21,28
-54,-22,28
-54,-21,28
-54,-22,28
-54,-21,28
-54,-21,28
-54,-21,28
-54,-21,28
-54,-21,28
-54,-21,28
-54,-21,28
-54,-21,28
-54,-21,28
-54,-21,28
-54,-21,28
-54,-21,28
-54,-21,28
-54,-21,28
-54,-21,28
-54,-21,28
-54,-21,28
-54,-21,28
-54,-21,28
-54,-21,28
-54,-21,28
-54,-21,28
-54,-21,28
-54,-21,28
-54,-21,28
-54,-21,28
-54,-21,28
-54,-21,28
-54,-21,28
-54,-21,28
-54,-21,28
-54,-21,28
-54,-22,28
-54,-21,28
-54,-21,28
-54,-21,28
-54,-21,28
-54,-21,28
-54,-21,28
-54,-21,28
-54,-21,28
-54,-21,28
-54,-21,28
-54,-21,28
-54,-21,28
-54,-21,28
-54,-21,28
-54,-21,28
-54,-21,28
-54,-21,28
-54,-21,28
-54,-22,28
-54,-22,28
-54,-21,28
-54,-21,28
-54,-21,28
-54,-21,28
-54,-21,28
-54,-21,28
-54,-21,28
-53,-21,28
-54,-21,28
-54,-21,28
-54,-21,28
-54,-22,28
-54,-21,28
-54,-21,28
-54,-21,28
-54,-21,28
-54,-21,28
-54,-22,28
-54,-21,28
-54,-21,28
-54,-22,28
-54,-22,28
-54,-21,28
-54,-21,28
-54,-21,28
-54,-21,28
-54,-21,28
-54,-21,28
-54,-21,28
-54,-21,28
-54,-21,28
-54,-22,28
-54,-21,28
-54,-22,28
-54,-21,28
-54,-21,28
-54,-21,28
-54,-21,28
-54,-21,28
-54,-21,28
-54,-21,28
-54,-22,28
-54,-21,28
-54,-21,28
-54,-21,28
-54,-21,28
-54,-21,28
-54,-21,28
-54,-21,28
-54,-21,28
-54,-21,28
-54,-22,28
-54,-21,28
-54,-21,28
-54,-22,28
-54,-21,28
-54,-21,28
-54,-22,28
-54,-21,28
-54,-21,28
-54,-21,28
-54,-21,28
-54,-21,28
-54,-21,28
-54,-21,28
-54,-21,28
-54,-21,28
-54,-21,28
-54,-21,28
-54,-21,28
-54,-21,28
-54,-22,28
-54,-21,28
-54,-21,28
-54,-21,28
-54,-22,28
-54,-22,28
-54,-21,28
-54,-22,28
-54,-21,28
-54,-21,28
-54,-21,28
-54,-21,28
-54,-21,28
-54,-21,28
-54,-21,28
-53,-21,28
-54,-22,28
-54,-22,28
-54,-21,28
-54,-21,28
-54,-21,28
-54,-22,28
-54,-22,28
-54,-21,28
-54,-21,28
-54,-22,28
-54,-21,28
-54,-21,28
-54,-21,28
-54,-21,28
-54,-22,28
-54,-21,28
-54,-21,28
-54,-21,28
-54,-22,28
-54,-21,28
-54,-22,28
-54,-22,28
-54,-21,28
-54,-21,28
-54,-21,28
-54,-21,28
-54,-21,28
-54,-21,28
-54,-21,28
-54,-22,28
-54,-21,28
-54,-21,28
-54,-21,28
-54,-21,28
-54,-21,28
-54,-21,28
-54,-21,28
-54,-21,28
-54,-21,28
-54,-21,28
-54,-21,28
-54,-21,28
-54,-21,28
-54,-22,28
-54,-21,28
-54,-21,28
-54,-21,28
-54,-21,28
-54,-21,28
-54,-21,28
-54,-21,28
-54,-21,28
-54,-21,28
-54,-21,28
-54,-21,28
-54,-21,28
-54,-21,28
-54,-21,28
-54,-21,28
-54,-21,28
-54,-21,28
-54,-21,28
-54,-22,28
-54,-22,28
-54,-21,28
-54,-22,28
-54,-21,28
-54,-21,28
-54,-21,28
-54,-21,28
-54,-22,28
-54,-21,28
-54,-21,28
-54,-21,28
-54,-21,28
-54,-22,28
-54,-21,28
-54,-22,28
-54,-21,28
-54,-21,28
-54,-21,28
-54,-21,27
-54,-22,28
-54,-21,28
-54,-21,28
-54,-22,28
-54,-22,28
-54,-21,28
-54,-21,28
-54,-22,28
-54,-21,28
-54,-21,28
-54,-21,28
-54,-21,28
-54,-22,28
-54,-21,28
-54,-21,28
-54,-22,28
-54,-21,28
-54,-22,28
-54,-21,28
-54,-21,28
-54,-21,28
-54,-21,28
-54,-22,28
-54,-21,28
-54,-22,28
-54,-22,28
-54,-21,28
-54,-22,28
-54,-21,28
-54,-22,28
-54,-21,28
-54,-22,28
-54,-22,28
-54,-22,28
-54,-21,28
-54,-22,28
-54,-21,28
-54,-21,28
-54,-21,28
-54,-21,28
-54,-21,28
-54,-22,28
-54,-22,28
-54,-22,28
-54,-22,28
-54,-21,28
-54,-21,28
-54,-21,28
-54,-21,28
-54,-21,28
-54,-21,28
-54,-21,28
-54,-22,28
-54,-21,28
-54,-21,28
-54,-21,28
-54,-21,28
-54,-21,28
-54,-21,28
-54,-21,28
-53,-21,28
-54,-22,28
-54,-21,28
-54,-21,28
-54,-21,28
-54,-21,28
-54,-21,28
-53,-22,28
-54,-22,28
-54,-21,28
-54,-21,28
-54,-21,28
-54,-21,28
-54,-21,28
-54,-21,28
-54,-21,28
-54,-21,28
-54,-21,28
-54,-21,28
-54,-22,28
-54,-22,28
-54,-21,28
-54,-21,28
-54,-22,28
-54,-21,28
-54,-21,28
-54,-22,28
-54,-22,28
-54,-21,28
-54,-21,28
-54,-21,28
-54,-22,28
-54,-21,28
-54,-22,28
-54,-21,28
-54,-21,28
-54,-21,28
-54,-21,28
-54,-22,28
-54,-21,28
-54,-21,28
-54,-21,28
-54,-22,28
-54,-21,28
-53,-21,28
-54,-21,28
-54,-21,28
-54,-21,28
-54,-21,28
-54,-21,28
-54,-22,28
-54,-21,28
-54,-21,28
-54,-22,28
-54,-22,28
-54,-22,28
-54,-21,28
-54,-21,28
-54,-21,28
-54,-22,28
-54,-22,28
-54,-21,28
-54,-21,28
-54,-22,28
-54,-21,28
-54,-22,28
-54,-21,28
-54,-22,28
-54,-21,28
-54,-21,28
-54,-22,28
-54,-21,28
-54,-22,28
-54,-21,28
-54,-21,28
-54,-22,28
-54,-22,28
-54,-21,28
-54,-21,28
-54,-21,28
-54,-22,27
-54,-21,28
-54,-21,28
-54,-21,28
-54,-21,28
-54,-21,28
-54,-22,28
-54,-22,28
-54,-21,28
-53,-22,28
-54,-21,28
-54,-21,28
-54,-22,28
-54,-22,28
-54,-22,28
-54,-21,28
-54,-22,28
-54,-21,28
-54,-22,28
-54,-21,28
-54,-21,28
-53,-22,28
-54,-21,28
-54,-22,27
-54,-22,28
-54,-21,28
-54,-21,28
-54,-21,28
-54,-22,28
-54,-22,28
-54,-21,28
-54,-21,28
-54,-22,28
-54,-22,28
-54,-21,28
-54,-22,28
-54,-22,28
-54,-21,28
-54,-21,28
-54,-21,28
-54,-21,28
-54,-22,28
-54,-21,28
-54,-21,28
-54,-21,28
-54,-21,28
-54,-22,28
-54,-22,28
-54,-21,28
-54,-21,28
-54,-21,28
-54,-21,28
-54,-21,28
-54,-22,28
-54,-21,28
-54,-21,28
-54,-21,28
-54,-22,28
-54,-21,28
-54,-21,28
-53,-22,28
-54,-22,28
-54,-21,28
-54,-21,28
-53,-21,28
-54,-22,28
-54,-21,28
-54,-21,28
-54,-21,28
-54,-21,28
-54,-22,28
-54,-21,28
-54,-21,28
-54,-21,28
-54,-22,28
-54,-22,28
-54,-22,28
-54,-22,28
-54,-21,28
-54,-21,28
-54,-22,28
-54,-22,28
-54,-21,28
-54,-22,28
-54,-22,28
-54,-22,28
-54,-21,28
-54,-22,28
-54,-22,28
-54,-22,28
-54,-21,28
-54,-22,28
-53,-21,28
-54,-21,28
-54,-22,28
-54,-21,28
-54,-22,28
-54,-22,28
-54,-21,28
-54,-22,28
-54,-22,28
-54,-22,28
-54,-22,28
-54,-21,28
-54,-21,28
-54,-22,28
-54,-22,28
-54,-21,28
-54,-22,28
-53,-21,28
-54,-22,28
-54,-21,28
-54,-21,28
-54,-22,28
-54,-21,28
-54,-21,28
-54,-22,28
-54,-21,28
-54,-21,28
-54,-21,28
-53,-22,28
-54,-21,28
-54,-22,28
-54,-21,28
-54,-21,28
-54,-21,28
-54,-21,28
-54,-21,28
-54,-21,28
-54,-22,28
-54,-21,28
-54,-21,28
-54,-21,28
-54,-21,28
-54,-22,28
-54,-21,28
-54,-22,28
-54,-21,28
-54,-21,28
-54,-22,28
-54,-21,28
-54,-21,28
-54,-21,28
-54,-21,28
-54,-22,28
-54,-22,28
-54,-22,28
-54,-21,28
-54,-21,28
-54,-21,28
-54,-21,28
-54,-22,28
-54,-21,28
-54,-22,28
-54,-21,28
-54,-21,28
-54,-22,28
-54,-22,28
-54,-22,28
-53,-21,28
-54,-21,28
-54,-22,28
-54,-21,28
-53,-21,28
-54,-22,28
-54,-21,28
-54,-22,28
-54,-21,28
-54,-21,28
-54,-21,28
-54,-21,28
-54,-22,28
-54,-22,28
-54,-21,28
-54,-22,28
-54,-21,28
-54,-21,28
-54,-21,28
-54,-21,28
-54,-21,28
-54,-22,28
-54,-22,28
-54,-22,28
-53,-22,28
-54,-21,28
-54,-21,28
-54,-22,28
-54,-21,28
-54,-21,28
-53,-22,28
-53,-21,28
-54,-22,28
-54,-21,28
-54,-21,28
-54,-22,28
-54,-21,28
-54,-22,28
-54,-21,28
-54,-21,28
-54,-22,28
-54,-21,28
-54,-22,28
-54,-21,28
-54,-22,28
-54,-21,28
-54,-21,28
-53,-22,28
-54,-22,28
-54,-21,28
-54,-21,28
-54,-22,28
-54,-22,28
-54,-22,28
-54,-21,28
-53,-21,28
-54,-22,28
-54,-21,28
-54,-21,28
-54,-21,28
-54,-22,28
-54,-22,28
-54,-21,28
-54,-22,28
-54,-22,28
-53,-22,28
-54,-22,28
-54,-21,28
-54,-21,28
-54,-21,28
-53,-21,28
-54,-21,28
-54,-22,28
-54,-21,28
-54,-22,28
-54,-21,28
-54,-21,28
-54,-21,28
-54,-21,28
-54,-21,28
-54,-22,28
-54,-21,28
-54,-22,28
-54,-21,28
-54,-21,28
-54,-22,28
-54,-22,28
-54,-21,28
-54,-22,28
-54,-22,28
-54,-22,28
-54,-21,28
-54,-21,28
-54,-21,28
-54,-21,28
-54,-21,28
-54,-21,28
-54,-21,28
-54,-21,28
-54,-22,28
-54,-22,28
-54,-22,28
-54,-21,28
-54,-21,28
-54,-21,28
-54,-22,28
-54,-22,28
-54,-21,28
-53,-21,28
-54,-21,28
-54,-22,28
-54,-21,28
-54,-21,28
-54,-22,28
-54,-22,28
-54,-21,28
-54,-21,28
-54,-22,27
-54,-22,28
-54,-21,28
-54,-21,28
-54,-22,28
-54,-21,28
-54,-22,28
-53,-22,28
-54,-22,28
-54,-22,28
-54,-22,28
-54,-21,28
-54,-22,28
-54,-21,28
-54,-22,28
-54,-22,28
-54,-21,28
-54,-21,28
-54,-22,28
-54,-21,28
-54,-22,28
-54,-22,28
-54,-21,28
-54,-22,28
-54,-21,28
-54,-22,28
-54,-22,28
-54,-21,28
-53,-21,28
-54,-21,28
-54,-21,27
-54,-22,28
-54,-22,28
-54,-21,28
-54,-21,28
-54,-21,28
-54,-22,28
-54,-22,28
-54,-22,28
-54,-22,28
-54,-22,28
-54,-22,28
-54,-22,28
-54,-21,28
-54,-21,28
-54,-22,28
-54,-21,28
-54,-21,28
-54,-21,28
-54,-21,28
-53,-21,28
-54,-21,28
-54,-21,28
-54,-21,28
-54,-21,28
-54,-21,28
-54,-21,28
-54,-22,28
-54,-21,28
-54,-21,28
-54,-22,28
-54,-22,28
-54,-21,28
-54,-21,28
-54,-21,28
-54,-21,28
-54,-21,28
-54,-21,28
-54,-21,28
-54,-22,28
-54,-21,28
-54,-22,28
-54,-21,28
-54,-22,28
-54,-21,28
-54,-21,28
-53,-21,28
-54,-21,28
-54,-21,28
-54,-21,28
-54,-21,28
-54,-21,28
-54,-21,28
-54,-21,28
-54,-21,28
-54,-21,28
-54,-21,28
-54,-21,28
-54,-22,28
-54,-21,28
-54,-22,28
-54,-21,28
-54,-21,28
-54,-21,28
-54,-22,28
-54,-21,28
-54,-22,28
-54,-21,28
-54,-21,28
-54,-21,27
-54,-21,28
-54,-22,28
-54,-21,28
-54,-22,27
-54,-21,28
-54,-22,28
-54,-22,28
-54,-21,28
-54,-21,28
-54,-22,28
-54,-21,28
-54,-21,27
-54,-21,28
-54,-21,28
-54,-22,28
-54,-22,28
-54,-22,27
-54,-21,28
-54,-21,28
-54,-21,28
-54,-22,28
-54,-21,28
-54,-22,28
-54,-21,28
-54,-21,28
-54,-21,28
-54,-21,28
-54,-22,28
-54,-21,28
-54,-21,28
-54,-21,28
-54,-21,28
-54,-21,28
-54,-21,28
-54,-21,28
-54,-22,28
-54,-22,28
-54,-21,28
-54,-21,28
-54,-22,27
-54,-22,28
-54,-21,28
-54,-21,28
-54,-21,27
-54,-21,27
-54,-22,28
-54,-21,28
-54,-22,28
-54,-21,28
-54,-21,27
-54,-21,28
-54,-22,28
-54,-21,28
-54,-21,28
-54,-21,28
-54,-21,28
-54,-22,28
-54,-22,28
-54,-22,28
-54,-21,28
-54,-22,28
-54,-22,28
-54,-21,28
-54,-21,28
-54,-21,28
-54,-22,27
-54,-21,28
-54,-21,28
-54,-22,28
-54,-21,28
-54,-21,27
-54,-22,28
-54,-21,28
-54,-21,28
-54,-21,28
-54,-22,27
-54,-21,28
-54,-22,28
-54,-22,28
-54,-21,28
-54,-21,28
-54,-22,28
-54,-21,28
-54,-22,28
-54,-22,28
-54,-21,28
-54,-22,28
-54,-21,28
-54,-21,28
-54,-22,28
-54,-21,28
-54,-21,28
-54,-21,28
-54,-22,28
-54,-22,28
-54,-21,28
-54,-21,28
-54,-21,27
-54,-22,27
-54,-21,27
-54,-21,28
-54,-21,28
-54,-21,28
-54,-21,27
-54,-22,27
-54,-22,28
-54,-22,28
-54,-21,28
-54,-21,28
-54,-21,28
-54,-22,28
-54,-21,28
-54,-21,28
-54,-22,28
-54,-21,27
-54,-21,28
-54,-21,28
-54,-21,28
-54,-21,28
-54,-21,28
-54,-21,28
-54,-21,28
-54,-22,28
-54,-21,28
-54,-22,28
-54,-21,28
-54,-22,28
-54,-22,28
-54,-22,27
-54,-22,28
-54,-21,28
-54,-21,28
-54,-21,28
-54,-21,28
-54,-21,28
-54,-21,28
-54,-21,27
-54,-21,28
-54,-21,28
-54,-21,28
-54,-22,28
-54,-21,28
-54,-21,27
-54,-22,27
-54,-21,28
-54,-21,28
-54,-22,28
-54,-22,28
-54,-22,28
-54,-22,28
-54,-21,28
-54,-22,28
-54,-21,27
-54,-22,28
-54,-22,28
-54,-21,28
-55,-21,27
-54,-21,27
-54,-22,28
-54,-21,28
-53,-21,28
-54,-21,28
-54,-22,28
-54,-21,28
-54,-21,28
-54,-22,28
-54,-21,28
-54,-21,28
-54,-21,28
-54,-22,28
-54,-21,28
-54,-21,28
-54,-21,27
-54,-21,28
-54,-22,28
-54,-21,28
-54,-22,28
-54,-22,27
-54,-21,28
-54,-21,28
-54,-21,28
-54,-21,28
-54,-21,28
-54,-22,28
-54,-21,28
-54,-21,28
-54,-21,28
-54,-21,27
-54,-21,28
-54,-21,28
-54,-21,27
-54,-21,28
-54,-21,28
-54,-21,28
-54,-21,28
-54,-22,28
-54,-22,28
-54,-21,27
-54,-21,27
-54,-21,28
-54,-21,28
-54,-22,27
-54,-21,28
-54,-21,28
-54,-21,27
-54,-21,27
-54,-21,27
-54,-21,27
-54,-21,27
-54,-21,27
-54,-22,28
-54,-21,28
-54,-21,27
-54,-22,27
-54,-22,27
-54,-21,28
-54,-22,28
-54,-22,27
-54,-21,28
-54,-21,28
-54,-22,28
-54,-22,28
-54,-22,28
-54,-22,28
-54,-22,27
-54,-22,28
-54,-21,27
-54,-21,28
-54,-22,28
-54,-21,28
-54,-21,28
-54,-22,27
-54,-21,27
-54,-22,28
-54,-21,27
-54,-21,28
-54,-21,28
-54,-21,28
-54,-22,28
-54,-22,28
-54,-21,27
-54,-22,27
-54,-22,27
-54,-21,27
-53,-22,27
-54,-22,27
-54,-22,27
-54,-21,27
-54,-22,27
-54,-21,27
-54,-21,27
-54,-22,27
-53,-21,27
-54,-21,27
-54,-22,27
-54,-21,27
-54,-21,27
-54,-22,27
-54,-22,27
-54,-21,27
-54,-21,27
-54,-21,27
-54,-22,27
-54,-22,27
-54,-21,27
-54,-22,27
-54,-22,27
-54,-21,27
-54,-21,28
-54,-22,27
-54,-21,27
-54,-21,28
-54,-22,28
-54,-21,27
-54,-21,27
-54,-21,27
-54,-21,27
-54,-21,28
-54,-21,27
-54,-21,27
-54,-21,28
-54,-21,27
-54,-22,27
-54,-22,27
-54,-22,27
-54,-21,28
-54,-22,28
-54,-21,27
-54,-21,27
-54,-22,27
-54,-22,27
-54,-21,27
-54,-22,27
-54,-22,27
-54,-22,27
-54,-21,28
-54,-21,27
-54,-22,27
-54,-21,27
-54,-21,27
-54,-22,27
-54,-21,27
-54,-21,27
-54,-22,27
-54,-22,27
-54,-22,27
-54,-22,27
-54,-21,27
-54,-21,28
-54,-21,27
-54,-22,27
-54,-21,28
-54,-22,27
-54,-22,28
-54,-22,28
-54,-21,27
-54,-22,27
-54,-22,27
-54,-21,28
-54,-22,27
-54,-21,27
-54,-22,27
-54,-22,27
-54,-21,27
-54,-21,27
-54,-21,27
-54,-21,28
-54,-22,28
-54,-21,28
-54,-21,27
-54,-22,28
-54,-21,28
-54,-22,27
-54,-21,27
-54,-22,27
-54,-21,27
-54,-21,28
-54,-22,27
-54,-21,28
-54,-21,27
-54,-22,28
-54,-21,28
-54,-22,27
-54,-22,27
-54,-21,27
-54,-21,27
-54,-21,28
-54,-21,28
-54,-22,27
-54,-21,27
-54,-21,28
-54,-22,27
-54,-21,27
-54,-21,28
-54,-21,27
-54,-22,27
-54,-21,28
-54,-22,28
-54,-22,27
-54,-22,27
-54,-22,27
-54,-21,27
-54,-21,27
-54,-22,28
-54,-21,28
-54,-22,27
-54,-21,28
-54,-22,27
-54,-21,27
-54,-21,27
-54,-21,28
-54,-21,28
-54,-21,28
-54,-21,27
-54,-22,27
-54,-21,27
-54,-22,27
-54,-21,28
-54,-21,27
-54,-21,27
-54,-21,28
-54,-22,27
-54,-22,27
-54,-22,27
-54,-21,27
-54,-22,27
-54,-21,27
-54,-21,27
-54,-22,28
-54,-22,28
-54,-22,27
-54,-21,27
-54,-22,27
-54,-21,27
-54,-22,27
-54,-21,27
-54,-21,28
-54,-22,28
-54,-21,27
-54,-22,28
-54,-22,27
-54,-21,28
-54,-22,28
-54,-22,28
-54,-21,27
-54,-22,27
-54,-22,27
-54,-22,27
-54,-22,27
-54,-22,27
-54,-22,27
-54,-22,28
-54,-21,27
-54,-21,28
-54,-21,27
-54,-21,27
-54,-22,28
-54,-21,28
-54,-21,27
-54,-22,28
-54,-21,27
-54,-22,27
-54,-22,28
-54,-22,27
-54,-22,28
-54,-22,28
-54,-22,27
-54,-22,28
-54,-21,27
-54,-22,27
-54,-21,27
-54,-22,28
-54,-22,27
-54,-21,27
-54,-21,27
-54,-21,27
-54,-21,28
-54,-21,28
-54,-21,28
-54,-21,27
-54,-22,27
-54,-21,27
-54,-21,28
-54,-21,28
-54,-22,27
-54,-21,27
-54,-21,28
-54,-21,28
-54,-21,27
-54,-22,28
-54,-22,27
-54,-21,27
-54,-21,27
-54,-21,27
-54,-21,28
-54,-21,27
-54,-21,27
-54,-22,27
-54,-21,27
-54,-22,27
-54,-22,27
-54,-22,28
-54,-22,27
-54,-21,27
-54,-22,28
-54,-21,27
-54,-21,27
-54,-21,27
-54,-21,27
-54,-22,28
-54,-21,27
-54,-22,27
-54,-22,28
-54,-21,27
-54,-21,27
-54,-21,28
-54,-22,27
-54,-22,27
-54,-21,27
-54,-22,27
-54,-22,27
-54,-21,28
-54,-21,27
-54,-21,28
-54,-22,27
-54,-22,28
-54,-21,28
-54,-22,27
-54,-22,27
-54,-21,28
-54,-21,28
-54,-22,28
-54,-22,27
-54,-21,27
-54,-21,28
-54,-21,28
-54,-22,27
-54,-22,27
-54,-21,28
-54,-22,28
-54,-21,28
-54,-22,27
-54,-22,27
-54,-22,27
-54,-21,27
-54,-21,27
-54,-22,27
-54,-22,27
-54,-22,28
-54,-22,28
-54,-21,27
-54,-22,27
-54,-22,27
-54,-22,28
-54,-22,27
-54,-21,27
-54,-22,27
-54,-21,28
-54,-22,27
-54,-22,27
-54,-22,27
-54,-22,27
-54,-22,28
-54,-21,28
-54,-22,28
-54,-21,28
-54,-21,27
-54,-22,27
-54,-22,28
-54,-21,27
-54,-21,28
-54,-22,27
-54,-22,27
-54,-22,27
-54,-21,27
-54,-22,27
-54,-21,27
-54,-21,27
-54,-21,27
-54,-21,28
-54,-21,27
-54,-21,28
-54,-22,27
-54,-22,27
-54,-22,27
-54,-21,28
-54,-22,28
-54,-21,28
-54,-21,28
-54,-21,27
-54,-22,28
-54,-22,27
-54,-21,27
-54,-21,28
-54,-22,28
-54,-21,27
-54,-21,27
-54,-21,27
-54,-22,28
-54,-21,28
-54,-22,27
-54,-22,27
-54,-21,28
-54,-22,28
-54,-22,28
-54,-22,28
-54,-22,27
-54,-22,27
-54,-21,28
-54,-22,27
-54,-22,27
-54,-21,27
-54,-21,27
-54,-21,27
-54,-21,27
-54,-21,27
-54,-22,28
-54,-22,27
-54,-21,28
-54,-21,28
-54,-22,28
-54,-22,27
-54,-22,27
-54,-22,27
-54,-22,28
-54,-22,27
-54,-21,28
-54,-22,27
-54,-22,27
-54,-21,28
-54,-22,27
-54,-21,27
-54,-22,27
-54,-21,28
-54,-22,28
-54,-22,28
-54,-22,28
-54,-22,27
-54,-21,27
-54,-21,28
-54,-22,28
-54,-22,27
-54,-21,28
-54,-21,28
-54,-22,27
-54,-21,28
-54,-22,28
-54,-21,27
-54,-22,27
-54,-22,27
-54,-21,28
-54,-22,28
-54,-21,28
-54,-21,28
-54,-22,28
-54,-22,28
-54,-22,28
-54,-21,28
-54,-21,28
-54,-21,27
-54,-21,27
-54,-22,28
-54,-21,28
-54,-22,28
-54,-21,28
-54,-21,28
-54,-22,27
-54,-21,28
-54,-22,27
-54,-21,28
-54,-21,28
-54,-21,28
-54,-22,27
-54,-21,28
-54,-21,28
-54,-21,28
-54,-22,28
-54,-22,28
-54,-21,28
-54,-21,28
-54,-22,27
-54,-22,27
-54,-21,28
-54,-21,27
-54,-21,27
-54,-21,27
-54,-22,28
-54,-22,28
-54,-21,27
-54,-22,27
-54,-22,28
-54,-22,28
-54,-21,28
-54,-22,28
-54,-22,28
-54,-21,27
-54,-21,28
-54,-22,28
-54,-22,28
-54,-21,28
-54,-21,28
-54,-21,28
-54,-21,28
-54,-21,27
-54,-22,27
-53,-21,28
-54,-21,28
-54,-22,28
-54,-21,27
-54,-22,27
-54,-22,28
-54,-22,27
-54,-21,28
-54,-21,28
-54,-21,27
-54,-21,28
-54,-21,27
-54,-21,28
-54,-21,28
-54,-21,28
-54,-21,28
-54,-21,28
-54,-21,28
-54,-21,28
-54,-21,28
-54,-21,27
-54,-21,28
-54,-21,28
-54,-21,28
-54,-21,28
-54,-21,28
-54,-21,28
-54,-21,27
-54,-21,28
-55,-21,27
-54,-21,27
-54,-21,27
-54,-21,27
-54,-21,27
-54,-21,27
-54,-21,27
-54,-21,27
-54,-21,27
-54,-21,27
-54,-21,28
-54,-21,27
-54,-21,27
-54,-21,27
-54,-21,27
-54,-21,27
-54,-21,27
-54,-21,27
-54,-21,27
-54,-21,27
-54,-21,27
-54,-21,27
-54,-21,28
-54,-20,27
-55,-20,27
-56,-18,27
-55,-20,27
-54,-22,29
-55,-19,31
-64,-12,18
-49,-35,16
-52,-22,32
-55,-23,26
-57,-24,17
-53,-26,17
-54,-21,26
-58,-29,22
-55,-25,19
-55,-22,24
-55,-22,27
-56,-22,24
-57,-24,23
-63,-17,23
-56,-19,23
-55,-22,19
-55,-21,23
-51,-21,26
-52,-19,24
-51,-20,22
-46,-19,24
-57,-17,16
-61,-18,11
-51,-16,14
-68,-20,10
-58,-17,15
-45,-16,16
-53,-11,5
-71,-20,-6
-68,-13,4
-62,-12,6
-65,-14,11
-66,-14,18
-68,-7,11
-65,-9,10
-56,-9,14
-69,-11,12
-72,-5,17
-72,-3,13
-65,-8,11
-62,-8,3
-52,-13,4
-70,-6,5
-64,-7,5
-55,-10,6
-54,-10,3
-65,-9,2
-68,-3,8
-71,0,22
-72,-2,19
-61,-2,11
-61,-2,11
-65,0,17
-62,0,17
-62,3,20
-62,2,21
-64,2,22
-63,2,22
-62,1,21
-61,0,21
-61,1,20
-61,1,21
-61,1,21
-62,1,21
-62,1,21
-62,1,21
-61,1,20
-61,1,20
-61,1,21
-62,1,21
-61,1,21
-61,1,21
-61,0,20
-61,1,20
-61,1,21
-61,1,22
-61,1,22
-61,1,22
-61,1,22
-61,1,22
-61,1,22
-61,1,21
-61,1,22
-61,1,23
-61,1,22
-61,1,20
-61,1,21
-61,1,22
-61,1,22
-61,1,22
-61,1,23
-61,1,22
-61,1,21
-61,1,20
-61,1,21
-61,1,23
-61,1,22
-61,1,22
-61,1,21
-61,1,21
-61,1,22
-61,1,22
-61,1,21
-62,1,20
-61,1,22
-61,1,22
-61,1,21
-61,1,21
-61,0,20
-62,0,20
-62,0,20
-62,0,20
-62,0,20
-62,0,20
-62,0,20
-62,0,20
-61,0,20
-61,1,21
-62,-1,19
-61,0,21
-62,0,20
-62,-1,19
-62,-1,18
-63,-1,18
-62,-1,19
-62,-1,19
-62,-1,19
-62,-1,20
-61,0,20
-61,1,21
-61,1,22
-61,0,20
-61,1,20
-62,0,20
-61,1,21
-61,1,22
-61,1,22
-61,1,22
-61,1,22
-61,1,22
-61,1,23
-60,1,23
-61,1,23
-61,1,23
-61,1,23
-61,1,23
-61,1,23
-61,1,23
-61,1,23
-61,1,23
-61,1,23
-61,1,23
-61,1,23
-61,1,23
-61,1,23
-61,1,23
-61,1,23
-61,1,23
-60,1,23
-61,1,23
-61,1,23
-61,1,23
-61,1,23
-61,1,23
-61,1,23
-61,1,23
-61,1,23
-61,1,23
-61,1,23
-61,1,23
-61,1,23
-61,1,23
-60,1,23
-61,1,23
-61,1,23
-61,1,23
-61,1,23
-61,1,23
-61,1,23
-61,1,23
-60,1,23
-61,1,23
-61,1,23
-61,1,23
-61,1,23
-61,1,23
-61,1,23
-61,1,23
-61,1,23
-61,1,23
-61,1,23
-61,1,23
-61,1,23
-61,1,23
-61,1,23
-61,1,23
-61,1,23
-61,1,23
-61,1,22
-61,1,23
-61,1,23
-61,1,23
-61,1,23
-61,1,23
-61,1,23
-61,1,23
-61,1,23
-61,1,23
-61,1,23
-61,1,23
-61,1,23
-61,1,23
-61,1,23
-61,1,23
-61,1,23
-61,1,23
-61,1,23
-61,1,23
-61,1,23
-61,1,23
-61,1,23
-61,1,23
-61,1,23
-61,1,22
-61,1,23
-61,1,23
-61,1,23
-61,1,23
-61,1,23
-61,1,23
-61,1,23
-61,1,23
-61,1,23
-61,1,23
-61,1,23
-61,1,23
-61,1,23
-61,1,23
-61,1,23
-61,1,23
-61,1,23
-60,1,23
-61,1,23
-61,1,23
-61,1,23
-61,1,23
-61,1,23
-61,1,23
-61,1,23
-61,1,23
-61,1,23
-61,1,23
-61,1,23
-61,1,23
-61,1,23
-61,1,23
-61,1,23
-61,1,23
-61,1,23
-61,1,23
-61,1,23
-61,1,23
-61,1,23
-61,1,23
-61,1,23
-61,1,23
-61,1,23
-61,1,23
-61,1,23
-61,1,23
-61,1,23
-61,1,23
-61,1,23
-61,1,23
-61,1,23
-61,1,23
-61,1,23
-61,1,23
-61,1,22
-61,1,23
-60,1,22
-61,1,23
-61,1,23
-61,1,23
-61,1,23
-61,1,23
-61,1,23
-61,1,23
-61,1,23
-61,1,23
-61,1,23
-61,1,23
-61,1,23
-60,1,23
-61,1,23
-61,1,23
-61,1,23
-61,1,23
-60,1,23
-61,1,23
-61,1,23
-60,1,23
-61,1,23
-61,1,23
-60,1,23
-61,1,23
-61,1,23
-61,1,23
-61,1,23
-61,1,23
-61,1,23
-61,1,23
-61,1,23
-61,1,23
-61,1,23
-61,1,23
-61,1,23
-61,1,23
-61,1,23
-61,1,23
-61,1,23
-61,1,23
-61,1,23
-61,1,23
-61,1,23
-61,1,23
-61,1,23
-61,1,23
-61,1,23
-61,1,23
-61,1,23
-61,1,23
-61,1,23
-61,1,22
-60,1,23
-61,1,23
-61,1,23
-61,1,23
-61,1,23
-61,1,23
-61,1,23
-61,1,23
-61,1,23
-61,1,23
-61,1,23
-61,1,23
-61,1,23
-61,1,23
-61,1,23
-61,1,23
-61,1,23
-60,1,23
-61,1,23
-61,1,23
-61,1,23
-61,1,23
-61,1,23
-61,1,23
-61,1,23
-61,1,23
-61,1,23
-61,1,23
-61,1,23
-61,1,23
-61,1,23
-61,1,23
-60,1,23
-61,1,23
-60,1,23
-61,1,23
-61,1,23
-61,1,23
-61,1,23
-61,1,23
-61,1,23
-61,1,23
-61,1,23
-61,1,23
-61,1,23
-61,1,23
-61,1,23
-61,1,23
-61,1,23
-61,1,23
-61,1,23
-61,1,23
-61,1,23
-61,1,23
-61,1,23
-61,1,23
-61,1,23
-60,1,23
-61,1,23
-61,1,23
-61,1,23
-61,1,23
-61,1,23
-61,1,23
-61,1,23
-61,1,23
-61,1,23
-61,1,23
-61,1,23
-61,1,23
-61,1,23
-60,1,23
-60,1,23
-61,1,23
-60,1,23
-61,1,23
-61,1,23
-61,1,23
-61,1,23
-61,1,23
-61,1,23
-61,1,23
-61,1,23
-61,1,23
-61,1,23
-61,1,23
-60,1,23
-60,1,23
-61,1,23
-61,1,23
-61,1,23
-61,1,23
-60,1,23
-61,1,23
-61,1,23
-61,1,23
-61,1,23
-61,1,23
-61,1,23
-61,1,23
-61,1,23
-61,1,23
-61,1,23
-61,1,23
-61,1,23
-60,1,23
-61,1,23
-61,1,23
-61,1,23
-61,1,23
-61,1,23
-61,1,23
-61,1,23
-61,1,23
-61,1,23
-61,1,23
-61,1,23
-60,1,23
-61,1,23
-61,1,23
-61,1,23
-61,1,23
-61,1,23
-61,1,23
-61,2,23
-61,1,23
-61,1,23
-61,1,23
-61,1,23
-61,1,23
-61,1,23
-61,1,23
-61,1,23
-61,1,23
-61,1,23
-60,1,23
-61,1,23
-61,1,23
-61,1,23
-61,1,23
-61,1,23
-61,1,23
-61,1,23
-61,1,23
-61,1,23
-61,1,23
-61,1,23
-60,1,23
-61,1,23
-61,1,23
-61,1,23
-61,1,23
-61,1,23
-61,1,23
-61,1,23
-61,1,23
-61,1,23
-61,1,23
-61,1,23
-61,1,23
-61,1,23
-61,1,23
-61,1,23
-61,1,23
-61,1,23
-60,1,23
-61,1,23
-61,1,23
-61,1,23
-61,2,23
-61,1,23
-61,1,23
-61,1,23
-61,1,23
-61,1,23
-61,1,23
-61,1,23
-61,1,23
-61,1,23
-61,1,23
-61,1,23
-61,1,23
-61,1,23
-61,1,23
-61,1,23
-61,1,23
-60,1,23
-61,1,23
-61,1,23
-61,1,23
-61,1,23
-61,1,23
-61,1,23
-61,1,23
-61,1,23
-61,1,23
-61,1,23
-61,1,23
-60,1,23
-61,1,23
-61,1,23
-61,1,23
-61,1,23
-61,1,23
-61,1,23
-61,1,23
-60,1,23
-61,1,23
-61,1,23
-61,1,23
-61,1,23
-61,1,23
-61,1,23
-61,1,23
-61,1,23
-61,1,23
-60,1,23
-61,1,23
-61,1,23
-61,1,23
-61,1,23
-61,1,23
-61,1,23
-61,1,23
-61,1,23
-60,1,23
-61,1,23
-61,1,23
-61,1,23
-60,1,23
-61,1,23
-61,1,23
-61,1,23
-61,1,23
-61,1,23
-61,1,23
-61,1,23
-61,1,23
-61,1,23
-61,1,23
-61,1,23
-60,1,23
-61,1,23
-61,1,23
-61,1,23
-61,1,23
-61,1,23
-61,1,23
-61,1,23
-61,1,23
-61,1,23
-61,1,23
-61,1,23
-61,1,23
-61,1,23
-61,1,23
-61,1,23
-61,1,23
-61,1,23
-61,1,23
-61,1,23
-61,1,23
-61,1,23
-61,1,23
-61,1,23
-60,1,23
-61,1,23
-61,1,23
-61,2,23
-61,2,23
-61,1,23
-61,1,23
-61,1,23
-61,1,23
-61,1,23
-61,1,23
-61,1,23
-61,1,23
-61,1,23
-61,1,23
-61,1,23
-61,1,23
-61,1,23
-61,1,23
-61,2,23
-61,1,23
-61,1,23
-61,1,23
-61,1,23
-61,1,23
-61,1,23
-61,1,23
-61,1,23
-60,1,23
-61,1,23
-61,1,23
-61,1,23
-61,1,23
-61,1,23
-61,1,23
-61,1,23
-61,1,23
-61,1,23
-61,1,23
-61,1,23
-61,1,23
-61,2,23
-61,1,23
-60,1,23
-61,1,23
-61,1,23
-60,1,23
-61,1,23
-61,1,23
-61,1,23
-60,1,23
-61,1,23
-61,1,23
-60,1,23
-61,1,23
-61,1,23
-61,1,22
-60,0,24
-61,3,24
-60,1,24
-60,2,24
-60,2,24
-60,2,24
-60,2,24
-60,2,24
-60,2,24
-60,2,24
-61,2,24
-60,2,25
-60,1,26
-60,2,20
-62,0,14
-64,-1,11
-64,-1,7
-66,-2,2
-66,-2,1
-65,-2,3
-67,-2,-10
-77,3,-15
-88,0,-22
-80,-8,-23
-52,-9,-11
-84,-11,-22
-71,-21,-13
-72,-12,-7
-72,-15,-10
-36,-15,6
-50,-20,10
-30,-24,17
-24,-28,23
-17,-28,48
-21,-25,48
-3,-35,54
-6,-31,53
-11,-29,65
-10,-31,65
-14,-29,58
-9,-28,60
-7,-36,50
-9,-37,43
9,-37,46
16,-38,47
13,-42,40
7,-42,37
15,-42,47
16,-43,45
16,-38,45
19,-42,47
12,-39,47
11,-42,47
10,-44,46
9,-43,45
9,-43,43
11,-42,43
12,-44,42
13,-44,41
15,-43,42
13,-43,38
16,-42,41
18,-40,43
16,-39,46
15,-36,51
18,-35,53
18,-35,54
16,-34,53
19,-33,55
17,-35,54
13,-35,50
14,-35,49
16,-36,48
17,-36,49
17,-36,49
17,-37,48
18,-36,48
16,-36,47
17,-36,48
18,-36,48
18,-36,47
20,-36,47
23,-36,46
21,-36,46
20,-36,47
19,-36,48
18,-34,50
19,-34,52
16,-34,53
12,-34,53
14,-35,53
19,-34,52
13,-35,48
13,-35,48
16,-36,50
16,-35,50
15,-36,48
7,-37,44
9,-37,46
7,-35,45
5,-34,45
-11,-31,46
-18,-29,51
-56,-18,70
-75,-19,53
-52,-35,38
-42,-31,36
-28,-31,43
-24,-30,48
-28,-29,52
-34,-30,46
-35,-30,45
-33,-29,47
-31,-29,47
-31,-29,48
-32,-29,47
-33,-30,46
-33,-30,46
-33,-30,46
-32,-29,47
-32,-30,47
-32,-30,46
-33,-30,46
-33,-29,47
-33,-30,46
-33,-30,46
-33,-30,46
-33,-30,46
-33,-30,46
-33,-30,46
-33,-30,46
-33,-30,46
-33,-30,46
-33,-30,46
-33,-30,46
-34,-30,46
-33,-30,46
-33,-30,46
-33,-30,46
-33,-30,46
-34,-30,45
-34,-30,46
-34,-30,46
-34,-30,46
-34,-30,45
-35,-31,44
-36,-30,43
-36,-30,43
-36,-30,45
-36,-30,44
-36,-30,43
-36,-30,43
-36,-30,44
-36,-30,44
-36,-30,44
-36,-30,44
-36,-30,44
-36,-30,44
-36,-30,44
-36,-30,44
-35,-30,44
-35,-29,44
-35,-30,45
-36,-29,45
-37,-29,44
-35,-29,45
-35,-29,45
-36,-30,45
-35,-29,45
-35,-29,44
-36,-29,44
-36,-29,44
-36,-29,44
-36,-29,45
-36,-30,44
-36,-29,44
-36,-30,44
-36,-29,44
-35,-29,44
-35,-30,44
-36,-29,44
-36,-29,45
-36,-29,44
-35,-29,44
-35,-29,45
-35,-29,45
-35,-29,45
-36,-29,45
-35,-29,45
-35,-29,45
-35,-29,45
-35,-29,45
-35,-30,45
-35,-29,45
-35,-30,45
-35,-29,45
-35,-29,45
-35,-29,45
-35,-29,45
-35,-29,45
-35,-29,45
-35,-29,45
-35,-29,45
-35,-30,45
-35,-29,45
-35,-29,45
-35,-29,45
-35,-29,45
-35,-30,45
-35,-29,45
-35,-29,45
-35,-29,45
-35,-29,45
-35,-29,45
-35,-29,45
-35,-29,45
-35,-29,45
-34,-29,46
-35,-29,45
-35,-29,45
-35,-29,45
-35,-29,45
-35,-29,45
-35,-29,45
-35,-29,45
-35,-29,45
-35,-29,45
-35,-29,45
-35,-29,45
-35,-29,45
-35,-29,45
-35,-29,45
-35,-29,45
-35,-29,45
-35,-29,45
-35,-29,45
-35,-29,45
-34,-29,45
-35,-29,45
-35,-29,46
-35,-29,45
-35,-29,45
-34,-29,46
-35,-29,45
-35,-29,45
-35,-29,45
-35,-29,46
-35,-29,45
-35,-29,45
-35,-29,45
-35,-29,45
-35,-29,45
-35,-29,45
-35,-29,45
-35,-29,45
-35,-29,45
-35,-29,45
-35,-29,45
-35,-29,45
-35,-29,45
-35,-29,45
-35,-29,45
-35,-29,45
-35,-29,45
-35,-29,45
-35,-29,45
-35,-29,45
-35,-30,45
-35,-30,44
-35,-29,45
-35,-29,45
-35,-29,45
-35,-29,45
-35,-29,45
-35,-29,45
-35,-29,44
-35,-29,44
-35,-29,45
-35,-29,45
-35,-29,45
-35,-29,45
-35,-29,45
-35,-29,45
-35,-29,45
-35,-29,45
-35,-29,45
-35,-29,45
-35,-29,45
-35,-29,45
-35,-29,45
-35,-29,45
-35,-29,45
-35,-29,45
-35,-29,45
-35,-29,45
-35,-29,45
-35,-30,45
-35,-29,45
-35,-29,45
-35,-29,45
-35,-29,45
-35,-29,45
-35,-29,45
-35,-29,45
-35,-29,45
-35,-29,45
-35,-29,45
-35,-29,45
-35,-29,45
-35,-29,45
-35,-29,45
-35,-29,45
-35,-29,45
-35,-29,45
-35,-29,45
-35,-29,45
-35,-29,45
-35,-29,45
-35,-29,45
-35,-29,45
-35,-29,45
-35,-29,45
-35,-29,45
-35,-29,45
-35,-29,46
-35,-29,45
-35,-29,45
-35,-29,45
-34,-29,45
-35,-29,45
-35,-29,45
-35,-29,46
-34,-29,46
-35,-29,45
-35,-30,45
-35,-29,45
-35,-29,45
-35,-29,45
-35,-29,45
-35,-29,45
-35,-29,45
-35,-29,45
-35,-29,45
-34,-29,46
-35,-29,46
-35,-29,45
-35,-29,45
-34,-29,45
-35,-29,46
-35,-29,45
-35,-29,46
-35,-29,46
-35,-29,45
-35,-29,45
-35,-29,45
-35,-29,45
-35,-29,46
-34,-28,46
-35,-29,45
-35,-30,45
-35,-29,45
-35,-29,45
-35,-29,45
-35,-29,45
-35,-29,45
-35,-29,46
-35,-29,45
-35,-29,45
-35,-29,45
-35,-29,46
-35,-29,46
-35,-29,45
-35,-29,45
-35,-29,45
-35,-29,45
-35,-29,45
-35,-29,45
-35,-29,45
-35,-29,45
-35,-29,45
-35,-29,46
-35,-29,45
-35,-29,45
-35,-29,45
-35,-29,45
-35,-29,45
-35,-29,45
-35,-29,45
-35,-29,45
-35,-29,45
-35,-29,45
-35,-29,45
-35,-29,45
-35,-28,46
-35,-30,45
-35,-29,45
-35,-29,46
-35,-29,45
-35,-29,45
-35,-29,45
-35,-29,45
-35,-29,45
-35,-29,45
-35,-29,45
-35,-29,45
-35,-29,45
-35,-29,45
-35,-29,45
-35,-29,45
-35,-29,45
-35,-29,45
-35,-29,45
-35,-29,45
-35,-29,45
-35,-29,45
-35,-29,45
-35,-30,45
-35,-29,45
-35,-29,45
-35,-29,45
-35,-30,44
-36,-29,45
-35,-29,45
-35,-29,45
-35,-29,44
-35,-30,44
-35,-30,45
-35,-29,45
-35,-29,45
-35,-29,45
-35,-29,45
-35,-29,45
-35,-29,45
-35,-29,45
-35,-29,45
-35,-29,45
-35,-29,45
-35,-29,45
-35,-29,45
-35,-29,45
-35,-29,45
-35,-29,45
-35,-29,45
-35,-29,45
-35,-29,45
-35,-29,45
-35,-29,45
-35,-29,45
-35,-29,45
-35,-29,45
-35,-29,45
-35,-29,45
-35,-29,45
-35,-29,45
-35,-29,45
-35,-29,45
-35,-29,46
-35,-29,45
-35,-29,45
-35,-29,46
-35,-29,45
-35,-29,45
-35,-29,45
-35,-29,45
-34,-29,45
-35,-29,45
-35,-29,45
-35,-29,45
-35,-29,45
-35,-29,45
-35,-29,45
-35,-29,45
-35,-29,45
-35,-29,45
-35,-29,45
-35,-29,45
-35,-29,45
-35,-29,45
-35,-29,46
-35,-29,45
-35,-29,45
-35,-29,45
-35,-29,45
-35,-29,45
-35,-29,45
-35,-29,45
-35,-29,45
-35,-29,45
-35,-29,45
-35,-29,46
-35,-29,45
-35,-29,45
-35,-29,45
-35,-29,45
-35,-29,45
-35,-29,45
-35,-29,46
-35,-29,45
-35,-29,45
-35,-29,45
-35,-29,45
-35,-29,45
-35,-29,45
-35,-29,45
-35,-29,45
-35,-29,45
-35,-29,45
-35,-29,45
-35,-29,45
-35,-29,45
-35,-30,45
-35,-29,45
-35,-29,45
-35,-29,45
-35,-30,45
-35,-29,45
-35,-29,45
-35,-29,45
-35,-29,45
-35,-29,45
-35,-29,45
-35,-29,45
-35,-29,45
-35,-29,45
-35,-29,45
-35,-29,45
-35,-29,45
-35,-29,45
-35,-29,45
-35,-29,45
-35,-29,45
-35,-29,45
-35,-29,45
-35,-29,45
-35,-29,45
-35,-29,45
-35,-29,45
-35,-29,45
-35,-29,45
-35,-29,45
-35,-29,45
-35,-29,45
-35,-29,45
-35,-29,45
-35,-29,45
-35,-29,45
-35,-29,45
-35,-29,45
-35,-29,45
-35,-29,45
-35,-29,45
-35,-29,45
-35,-29,45
-35,-29,45
-35,-29,45
-35,-29,45
-35,-29,45
-35,-29,45
-35,-29,45
-35,-29,45
-35,-29,45
-35,-29,45
-35,-29,45
-35,-29,45
-35,-29,45
-35,-29,45
-35,-29,45
-35,-29,45
-35,-29,45
-35,-29,45
-35,-29,45
-35,-29,45
-35,-29,45
-35,-29,45
-35,-29,45
-35,-29,46
-35,-29,45
-35,-29,45
-34,-29,46
-35,-29,45
-35,-29,45
-35,-29,45
-34,-29,46
-35,-29,45
-35,-29,45
-35,-29,45
-35,-29,45
-35,-29,45
-35,-29,45
-35,-29,46
-35,-29,45
-35,-29,45
-35,-29,45
-35,-29,45
-35,-29,45
-35,-29,45
-35,-29,45
-35,-29,45
-35,-29,45
-35,-29,45
-35,-29,45
-35,-29,45
-35,-29,45
-35,-29,45
-35,-30,45
-35,-29,45
-35,-29,45
-35,-29,45
-34,-29,46
-35,-29,45
-35,-29,45
-35,-29,45
-35,-29,44
-35,-30,45
-35,-29,45
-35,-29,45
-35,-29,45
-35,-29,45
-35,-29,45
-35,-30,45
-35,-29,45
-35,-29,45
-35,-29,45
-35,-29,45
-35,-29,45
-35,-29,45
-35,-29,45
-35,-29,45
-35,-29,45
-35,-30,45
-35,-29,45
-35,-29,45
-35,-29,45
-35,-29,45
-35,-30,45
-35,-29,45
-35,-29,45
-35,-29,45
-35,-29,45
-35,-29,45
-35,-30,45
-35,-29,45
-35,-29,45
-35,-29,45
-35,-29,45
-35,-29,45
-35,-29,45
-35,-29,45
-35,-29,45
-35,-29,45
-35,-29,45
-35,-29,45
-35,-29,45
-35,-29,45
-35,-29,45
-35,-29,45
-35,-29,45
-35,-29,45
-35,-29,45
-35,-29,45
-35,-29,45
-35,-29,45
-35,-29,45
-35,-29,45
-35,-29,45
-35,-29,45
-35,-29,45
-35,-29,45
-35,-29,45
-35,-29,45
-35,-29,45
-35,-29,45
-35,-29,45
-35,-29,45
-35,-29,45
-35,-29,45
-35,-29,46
-35,-29,45
-35,-29,45
-35,-29,45
-35,-29,45
-35,-29,45
-35,-29,45
-35,-29,45
-35,-29,45
-35,-29,45
-35,-29,45
-35,-29,45
-35,-29,45
-35,-29,45
-35,-29,45
-35,-30,45
-35,-29,45
-35,-29,46
-35,-29,45
-35,-30,45
-35,-29,45
-35,-29,45
-35,-29,45
-35,-29,45
-35,-29,45
-35,-29,45
-35,-29,45
-35,-29,45
-35,-29,45
-35,-29,45
-35,-29,45
-35,-29,45
-35,-29,45
-35,-29,45
-35,-29,45
-35,-29,45
-35,-29,45
-35,-29,45
-35,-29,45
-35,-29,45
-35,-29,45
-35,-29,45
-35,-29,45
-35,-29,45
-35,-29,45
-35,-29,45
-35,-29,45
-35,-29,45
-35,-29,45
-35,-29,45
-35,-29,45
-35,-29,45
-35,-29,45
-35,-29,45
-35,-29,45
-35,-29,45
-35,-29,45
-35,-29,45
-35,-29,45
-35,-29,45
-35,-29,45
-35,-29,45
-35,-29,45
-35,-29,45
-35,-29,45
-35,-29,45
-35,-29,45
-35,-29,45
-35,-29,45
-35,-29,45
-35,-29,45
-35,-29,45
-35,-29,45
-35,-29,45
-35,-29,45
-35,-29,45
-35,-29,45
-35,-29,45
-35,-29,45
-35,-29,45
-35,-29,46
-35,-29,45
-35,-29,45
-35,-29,45
-35,-29,46
-35,-29,45
-35,-29,45
-35,-29,45
-35,-29,45
-35,-29,45
-35,-29,45
-35,-29,45
-35,-29,46
-35,-29,45
-35,-29,45
-35,-29,46
-35,-29,45
-35,-29,45
-35,-29,45
-35,-29,45
-35,-29,45
-35,-29,45
-35,-29,45
-35,-29,45
-35,-29,45
-35,-29,45
-35,-29,45
-35,-29,45
-35,-29,45
-35,-29,45
-35,-29,45
-35,-29,45
-35,-29,45
-35,-30,45
-35,-29,45
-35,-29,45
-35,-29,46
-35,-29,45
-35,-29,45
-35,-29,45
-35,-29,45
-35,-29,45
-35,-29,45
-35,-29,45
-35,-29,45
-35,-29,45
-35,-29,45
-35,-29,45
-35,-29,45
-35,-29,45
-35,-29,45
-35,-29,45
-35,-29,45
-35,-29,45
-35,-29,45
-35,-29,45
-35,-29,45
-35,-29,45
-35,-29,45
-35,-29,45
-35,-29,45
-35,-29,45
-35,-30,45
-35,-30,45
-35,-29,45
-35,-29,45
-35,-29,45
-35,-29,45
-35,-30,45
-35,-29,45
-35,-29,45
-35,-29,45
-35,-29,45
-35,-29,45
-35,-29,45
-35,-29,45
-35,-29,45
-35,-29,45
-35,-29,45
-35,-29,45
-35,-29,45
-35,-29,45
-35,-29,45
-35,-29,45
-35,-29,45
-35,-29,45
-35,-29,45
-35,-29,45
-35,-29,45
-35,-29,45
-35,-29,45
-35,-29,45
-35,-29,45
-35,-29,45
-35,-29,45
-35,-29,45
-35,-29,45
-35,-29,45
-35,-29,45
-35,-29,45
-35,-29,45
-35,-29,45
-35,-29,45
-35,-29,45
-35,-29,45
-35,-29,45
-34,-29,45
-35,-29,45
-35,-29,46
-35,-29,45
-35,-29,45
-35,-29,45
-35,-29,45
-35,-29,45
-35,-29,46
-35,-29,45
-35,-29,45
-35,-29,45
-35,-29,45
-35,-29,45
-35,-29,45
-35,-29,45
-35,-29,45
-35,-29,45
-35,-29,45
-35,-29,45
-35,-29,45
-35,-29,45
-35,-29,45
-35,-29,45
-35,-29,45
-35,-29,46
-35,-29,45
-35,-29,45
-35,-29,45
-35,-29,45
-35,-29,45
-35,-29,45
-35,-29,45
-35,-29,45
-35,-29,45
-35,-29,45
-35,-29,45
-35,-29,45
-35,-29,45
-35,-29,45
-35,-29,45
-35,-29,45
-35,-29,45
-35,-29,45
-35,-29,45
-35,-29,45
-35,-29,45
-35,-29,45
-35,-29,45
-35,-29,45
-35,-30,45
-35,-29,45
-35,-29,45
-35,-29,45
-35,-29,45
-35,-29,45
-35,-29,45
-35,-29,45
-35,-29,45
-35,-29,45
-35,-29,45
-35,-29,45
-35,-29,45
-35,-29,45
-35,-29,45
-35,-29,45
-35,-29,45
-35,-29,45
-35,-29,45
-35,-29,45
-35,-29,45
-35,-29,45
-35,-29,45
-35,-29,45
-35,-29,45
-35,-29,46
-35,-29,46
-35,-29,45
-35,-29,45
-35,-29,45
-35,-29,45
-35,-29,45
-35,-29,45
-35,-29,45
-35,-29,45
-35,-29,45
-35,-29,45
-35,-29,45
-35,-29,45
-35,-29,45
-35,-29,46
-35,-29,45
-35,-29,45
-35,-29,45
-35,-29,45
-35,-29,45
-35,-29,45
-35,-29,45
-35,-29,45
-35,-29,45
-35,-29,46
-35,-29,45
-35,-29,45
-35,-29,45
-35,-29,45
-35,-29,45
-35,-29,45
-35,-29,45
-34,-29,45
-35,-29,45
-35,-29,45
-35,-29,45
-35,-29,46
-35,-29,46
-35,-29,45
-35,-29,45
-35,-29,45
-35,-29,45
-35,-29,45
-35,-29,45
-35,-29,45
-35,-29,45
-35,-29,45
-35,-29,45
-35,-29,45
-35,-29,45
-35,-29,45
-35,-29,45
-35,-29,45
-35,-29,45
-35,-29,45
-35,-29,45
-35,-29,45
-35,-29,45
-35,-29,45
-35,-29,45
-35,-29,45
-35,-29,45
-35,-29,45
-35,-29,45
-35,-29,45
-35,-29,45
-35,-29,46
-35,-29,45
-35,-29,45
-35,-29,45
-35,-29,45
-35,-29,45
-35,-29,45
-35,-29,45
-35,-29,45
-35,-29,45
-35,-29,45
-35,-29,45
-35,-29,45
-35,-29,45
-35,-29,45
-35,-30,45
-35,-29,45
-35,-29,45
-35,-29,45
-35,-29,45
-35,-30,45
-35,-29,45
-35,-29,45
-35,-29,45
-35,-29,45
-35,-29,45
-35,-29,45
-35,-29,45
-35,-29,45
-35,-29,45
-35,-29,45
-35,-29,45
-35,-29,45
-35,-29,45
-35,-29,45
-35,-29,45
-35,-29,45
-35,-29,45
-35,-29,45
-35,-29,45
-35,-29,45
-35,-29,45
-35,-29,45
-35,-29,45
-35,-29,45
-35,-29,45
-35,-29,45
-35,-29,45
-35,-29,45
-35,-29,45
-35,-29,45
-35,-29,45
-35,-29,45
-35,-29,45
-35,-29,45
-35,-29,45
-35,-29,45
-35,-29,45
-35,-29,46
-35,-29,45
-35,-29,45
-35,-29,45
-35,-29,45
-35,-29,45
-35,-29,45
-35,-29,45
-35,-29,45
-35,-29,46
-35,-29,45
-35,-29,45
-35,-29,45
-35,-29,45
-35,-29,45
-35,-29,45
-35,-29,45
-35,-29,45
-35,-29,45
-35,-29,46
-35,-29,45
-35,-29,45
-35,-29,45
-35,-29,46
-35,-29,45
-35,-29,45
-35,-29,45
-35,-29,45
-35,-28,45
-35,-29,45
-35,-29,45
-35,-29,45
-35,-29,45
-35,-29,45
-34,-29,46
-35,-29,45
-35,-29,45
-35,-29,45
-35,-29,45
-35,-29,45
-35,-29,45
-35,-29,45
-35,-29,46
-35,-29,45
-35,-29,45
-35,-29,45
-35,-29,45
-35,-29,45
-35,-29,45
-35,-29,46
-35,-29,45
-35,-29,45
-35,-29,45
-35,-29,45
-35,-29,45
-35,-29,45
-35,-29,45
-35,-29,45
-35,-29,45
-35,-29,45
-35,-29,45
-35,-29,45
-35,-29,45
-35,-30,45
-35,-29,45
-35,-29,45
-35,-29,45
-35,-29,46
-35,-29,45
-35,-29,45
-35,-29,45
-35,-29,45
-35,-29,45
-35,-29,45
-35,-29,45
-35,-29,45
-35,-29,45
-35,-29,45
-35,-29,45
-35,-29,45
-35,-29,45
-35,-29,45
-35,-29,45
-35,-29,45
-35,-29,45
-35,-29,45
-35,-29,45
-35,-29,45
-35,-29,45
-35,-29,45
-35,-29,45
-35,-29,45
-35,-29,45
-35,-29,45
-35,-29,45
-35,-29,45
-35,-29,45
-35,-29,45
-34,-29,46
-35,-29,45
-35,-29,45
-35,-29,45
-35,-29,46
-35,-29,45
-35,-29,45
-35,-29,45
-35,-29,45
-35,-29,45
-35,-29,45
-35,-29,45
-35,-29,45
-35,-29,45
-35,-29,45
-35,-29,45
-35,-29,45
-35,-29,45
-35,-29,45
-35,-29,45
-35,-29,45
-35,-29,46
-35,-29,45
-35,-29,45
-35,-29,45
-35,-29,45
-35,-29,45
-35,-29,45
-35,-29,45
-35,-29,45
-35,-29,45
-35,-29,46
-35,-29,45
-35,-29,45
-35,-29,46
-35,-29,45
-35,-29,45
-35,-29,45
-35,-29,45
-35,-29,45
-35,-29,45
-35,-29,45
-35,-29,45
-35,-29,45
-35,-29,45
-35,-29,45
-35,-29,45
-35,-29,45
-35,-29,45
-35,-29,45
-35,-29,45
-35,-29,45
-35,-29,45
-35,-29,45
-35,-29,45
-35,-29,45
-35,-29,45
-35,-29,45
-35,-29,45
-35,-29,45
-35,-29,45
-34,-29,45
-35,-29,45
-35,-29,45
-35,-29,45
-35,-29,45
-35,-29,45
-35,-29,45
-35,-29,45
-35,-29,45
-35,-29,45
-35,-29,45
-35,-29,45
-35,-29,45
-35,-29,45
-35,-29,45
-35,-29,45
-35,-29,45
-35,-29,45
-35,-29,45
-35,-29,45
-35,-29,45
-35,-29,45
-35,-29,45
-35,-29,45
-35,-29,45
-35,-29,45
-35,-29,45
-35,-29,45
-35,-29,45
-35,-29,46
-35,-29,45
-35,-29,45
-35,-29,45
-35,-29,45
-35,-29,45
-35,-29,45
-35,-29,45
-35,-29,45
-35,-29,45
-35,-29,45
-35,-29,45
-35,-29,45
-35,-29,45
-35,-29,45
-35,-29,46
-35,-29,45
-35,-29,45
-35,-29,45
-35,-29,45
-35,-29,45
-35,-29,45
-35,-29,45
-35,-29,45
-35,-29,46
-35,-29,45
-35,-29,45
-35,-29,45
-35,-29,45
-35,-29,45
-35,-29,46
-35,-29,45
-35,-29,45
-35,-29,45
-35,-29,45
-35,-29,46
-35,-29,45
-35,-29,45
-35,-29,45
-35,-29,45
-35,-29,45
-35,-29,45
-35,-29,46
-35,-29,45
-35,-29,45
-35,-29,45
-35,-29,45
-35,-29,45
-35,-29,45
-35,-29,45
-35,-29,45
-35,-29,45
-35,-29,45
-35,-29,45
-35,-29,46
-35,-29,45
-35,-29,45
-35,-29,45
-35,-29,45
-35,-29,45
-35,-29,45
-35,-29,46
-35,-29,45
-35,-29,45
-35,-29,45
-35,-29,45
-35,-29,45
-35,-29,45
-35,-29,45
-35,-29,45
-35,-29,45
-35,-29,45
-35,-29,45
-35,-29,45
-35,-29,45
-35,-29,45
-35,-29,45
-35,-29,45
-35,-29,45
-35,-29,45
-35,-29,45
-35,-29,45
-35,-29,45
-35,-29,45
-35,-29,45
-35,-29,45
-35,-29,45
-35,-29,46
-35,-29,45
-35,-29,45
-35,-29,45
-35,-29,45
-35,-29,45
-35,-29,45
-35,-29,45
-35,-29,45
-35,-29,45
-35,-29,45
-35,-29,45
-35,-29,45
-35,-29,45
-35,-29,45
-35,-29,45
-35,-29,45
-35,-29,45
-35,-29,45
-35,-29,45
-35,-29,45
-35,-29,45
-35,-29,45
-35,-29,45
-35,-29,45
-35,-29,45
-35,-29,45
-35,-29,46
-35,-29,45
-35,-29,45
-35,-29,45
-35,-29,45
-35,-29,45
-35,-29,46
-35,-29,46
-36,-29,45
-35,-29,45
-35,-29,45
-35,-29,45
-35,-29,46
-35,-29,45
-35,-29,45
-35,-29,45
-35,-29,45
-35,-29,45
-35,-29,46
-35,-29,46
-35,-29,45
-35,-29,45
-35,-29,45
-35,-29,46
-35,-29,45
-35,-29,45
-35,-29,45
-35,-29,45
-35,-29,45
-35,-29,45
-35,-29,46
-35,-29,45
-35,-29,45
-35,-29,45
-35,-29,45
-35,-29,45
-35,-29,45
-35,-29,45
-35,-29,45
-35,-29,45
-35,-29,45
-35,-29,45
-35,-29,45
-35,-29,45
-35,-29,45
-35,-29,45
-35,-29,45
-35,-29,45
-35,-29,45
-35,-29,45
-35,-29,45
-35,-29,45
-35,-29,45
-35,-29,45
-35,-29,45
-35,-29,45
-35,-29,45
-35,-29,45
-35,-29,45
-35,-29,45
-35,-29,45
-35,-29,45
-35,-30,45
-35,-29,45
-35,-29,45
-35,-29,45
-35,-29,45
-35,-29,45
-35,-29,45
-35,-29,45
-35,-29,45
-35,-29,45
-35,-29,45
-35,-29,45
-35,-29,45
-35,-29,45
-35,-29,45
-35,-29,45
-35,-29,45
-35,-29,45
-35,-29,45
-35,-29,45
-35,-29,45
-35,-29,45
-35,-29,45
-35,-29,45
-35,-29,45
-35,-29,45
-35,-29,45
-35,-29,45
-35,-29,45
-35,-29,45
-35,-29,45
-35,-29,45
-35,-29,45
-35,-29,46
-35,-29,45
-35,-29,45
-35,-29,45
-35,-29,45
-35,-29,45
-35,-29,46
-35,-29,45
-35,-29,45
-35,-29,45
-35,-29,45
-35,-29,45
-35,-29,45
-35,-29,45
-35,-29,45
-35,-29,46
-35,-29,45
-35,-29,45
-35,-29,45
-35,-29,45
-35,-29,45
-35,-29,45
-35,-29,45
-35,-28,46
-35,-29,45
-35,-29,45
-35,-29,45
-35,-29,46
-35,-29,45
-35,-29,45
-35,-29,46
-35,-29,45
-35,-29,45
-35,-29,45
-35,-29,45
-35,-29,45
-35,-29,46
-35,-29,45
-35,-29,45
-35,-29,45
-35,-29,45
-35,-29,45
-35,-29,45
-35,-29,45
-35,-29,45
-35,-29,45
-35,-29,45
-35,-29,45
-35,-29,45
-35,-29,45
-35,-29,45
-35,-30,45
-35,-29,45
-35,-29,45
-35,-29,45
-35,-29,45
-35,-29,45
-35,-29,45
-35,-29,45
-35,-29,45
-35,-29,45
-35,-29,45
-35,-29,45
-35,-29,45
-35,-29,45
-35,-29,45
-35,-29,45
-35,-29,45
-35,-29,45
-35,-29,45
-35,-29,45
-35,-29,45
-35,-29,45
-35,-29,45
-35,-29,45
-35,-29,45
-35,-29,45
-35,-29,45
-35,-29,45
-35,-29,45
-35,-29,45
-35,-29,45
-35,-29,45
-35,-29,45
-35,-29,45
-35,-29,45
-35,-29,45
-35,-29,45
-35,-29,45
-35,-29,46
-35,-29,45
-35,-29,45
-35,-29,45
-35,-29,45
-35,-29,45
-35,-29,45
-35,-29,45
-35,-29,45
-35,-29,45
-35,-29,45
-35,-29,45
-35,-29,45
-35,-29,45
-35,-29,46
-35,-29,45
-35,-29,45
-35,-29,45
-35,-29,45
-35,-29,45
-35,-29,45
-35,-29,45
-35,-29,45
-35,-29,45
-35,-29,46
-35,-29,45
-35,-29,45
-35,-29,45
-35,-29,46
-35,-29,45
-35,-29,46
-35,-29,45
-35,-29,45
-35,-29,45
-35,-29,45
-35,-29,45
-35,-29,46
-35,-29,45
-35,-29,45
-35,-29,45
-35,-29,45
-35,-29,45
-35,-29,46
-35,-29,45
-35,-29,45
-35,-29,45
-35,-29,46
-35,-29,45
-35,-29,45
-35,-29,45
-35,-29,45
-35,-29,45
-35,-29,45
-35,-29,45
-35,-29,45
-35,-29,45
-35,-29,45
-35,-29,45
-35,-29,45
-35,-29,45
-35,-29,45
-35,-29,46
-35,-29,45
-35,-29,45
-35,-29,45
-35,-29,45
-35,-29,45
-35,-29,45
-35,-29,45
-35,-29,45
-35,-29,45
-35,-29,45
-35,-29,45
-35,-29,45
-35,-29,45
-35,-29,45
-35,-29,45
-35,-29,45
-35,-29,45
-35,-29,45
-35,-29,45
-35,-29,45
-35,-29,45
-35,-29,45
-35,-29,45
-35,-29,45
-35,-29,45
-35,-29,45
-35,-29,45
-35,-29,45
-35,-29,45
-35,-29,46
-35,-29,45
-35,-29,45
-35,-29,45
-35,-29,45
-35,-29,45
-35,-29,45
-35,-29,45
-35,-29,45
-35,-29,45
-35,-29,45
-35,-29,45
-35,-29,45
-35,-29,45
-35,-29,45
-35,-29,45
-35,-29,45
-34,-29,46
-35,-29,45
-35,-29,45
-35,-29,45
-35,-29,45
-35,-29,45
-35,-29,45
-35,-29,45
-35,-29,45
-35,-29,45
-35,-29,45
-35,-29,45
-35,-29,45
-35,-29,45
-35,-29,45
-35,-29,46
-35,-29,45
-35,-29,45
-35,-29,45
-35,-29,45
-35,-29,45
-35,-29,45
-35,-29,45
-35,-29,45
-35,-29,45
-35,-29,45
-35,-29,45
-35,-29,46
-35,-29,45
-35,-29,45
-35,-29,45
-35,-29,46
-35,-28,45
-35,-29,45
-35,-29,45
-35,-29,46
-35,-29,46
-35,-29,45
-35,-29,46
-35,-29,45
-35,-29,46
-35,-29,45
-35,-29,45
-35,-29,45
-35,-29,46
-35,-29,45
-35,-29,45
-35,-29,45
-35,-29,45
-35,-29,45
-35,-29,46
-35,-29,46
-35,-29,45
-35,-29,46
-35,-29,45
-35,-29,45
-35,-28,45
-35,-29,45
-35,-29,45
-35,-29,46
-35,-29,45
-35,-29,45
-35,-29,45
-35,-29,45
-35,-29,45
-35,-29,45
-35,-29,45
-35,-29,45
-35,-29,45
-35,-29,45
-35,-29,45
-35,-29,45
-35,-29,45
-35,-29,45
-35,-29,45
-35,-29,45
-35,-29,45
-35,-29,45
-35,-29,45
-35,-29,45
-35,-29,45
-35,-29,45
-35,-29,45
-35,-29,45
-35,-29,45
-35,-29,45
-35,-29,45
-35,-29,45
-35,-29,45
-35,-29,45
-35,-29,45
-35,-29,45
-35,-29,45
-35,-29,45
-35,-29,45
-35,-29,46
-35,-29,45
-35,-29,45
-35,-29,45
-35,-29,45
-35,-29,45
-35,-29,45
-35,-29,45
-35,-29,45
-35,-29,45
-35,-28,45
-35,-29,45
-35,-29,45
-35,-29,45
-35,-29,45
-35,-29,45
-35,-29,45
-35,-29,46
-35,-29,46
-35,-29,45
-35,-29,45
-35,-29,45
-35,-29,46
-35,-29,45
-35,-29,45
-35,-29,45
-35,-29,46
-35,-29,45
-35,-29,45
-35,-29,45
-35,-29,45
-35,-29,45
-35,-29,45
-35,-29,45
-35,-29,45
-35,-29,45
-35,-29,45
-35,-29,45
-35,-29,45
-35,-29,45
-35,-29,45
-35,-29,46
-35,-29,45
-35,-29,45
-35,-29,46
-35,-29,46
-35,-29,45
-35,-29,45
-35,-29,45
-35,-29,45
-35,-29,46
-35,-29,46
-35,-29,45
-35,-29,45
-35,-29,45
-35,-29,45
-35,-29,45
-35,-29,45
-35,-29,45
-35,-29,45
-35,-29,45
-35,-29,45
-35,-29,45
-35,-29,45
-35,-29,45
-35,-29,45
-35,-29,45
-35,-29,45
-35,-29,45
-35,-29,45
-35,-29,45
-35,-29,45
-35,-29,45
-35,-29,45
-35,-29,45
-35,-30,45
-35,-29,45
-35,-29,45
-35,-29,45
-35,-29,46
-35,-29,45
-35,-29,45
-35,-29,45
-35,-29,45
-35,-29,45
-35,-29,45
-35,-29,45
-35,-29,45
-35,-29,45
-35,-29,45
-35,-29,45
-35,-29,45
-35,-29,45
-35,-29,45
-35,-29,45
-35,-29,45
-35,-29,45
-35,-29,45
-35,-29,45
-35,-29,45
-35,-29,45
-35,-29,45
-35,-29,45
-35,-29,45
-35,-29,45
-35,-29,45
-35,-29,45
-35,-29,45
-35,-29,45
-35,-29,46
-35,-29,45
-35,-29,45
-35,-29,45
-35,-29,45
-35,-29,45
-35,-29,45
-35,-29,46
-35,-29,45
-35,-29,45
-35,-29,45
-35,-29,45
-35,-29,45
-35,-29,45
-35,-29,45
-35,-29,45
-35,-29,45
-35,-29,45
-35,-29,45
-35,-29,45
-35,-29,45
-35,-29,45
-35,-29,46
-35,-29,45
-35,-29,45
-35,-29,45
-35,-29,46
-35,-28,46
-35,-29,45
-35,-29,45
-35,-29,45
-35,-29,45
-35,-29,45
-35,-29,46
-35,-29,45
-35,-29,45
-35,-29,46
-35,-29,45
-35,-29,45
-35,-29,45
-35,-29,45
-35,-29,45
-35,-29,45
-35,-29,45
-35,-29,45
-35,-29,45
-35,-29,45
-35,-29,45
-35,-29,45
-35,-29,45
-35,-29,45
-35,-29,45
-35,-29,45
-35,-29,45
-35,-29,45
-35,-29,45
-35,-29,45
-35,-29,45
-35,-29,45
-35,-29,45
-35,-29,45
-35,-29,45
-35,-29,45
-35,-29,45
-35,-29,45
-35,-29,45
-35,-29,45
-35,-29,45
-35,-29,45
-35,-29,45
-35,-29,45
-35,-29,45
-35,-29,45
-35,-29,45
-35,-29,45
-35,-29,45
-35,-29,45
-35,-29,45
-35,-29,45
-35,-29,45
-35,-29,45
-35,-29,45
-35,-29,45
-35,-29,46
-35,-29,45
-35,-29,45
-35,-29,45
-35,-29,46
-35,-29,45
-35,-30,45
-35,-29,45
-35,-29,45
-35,-29,45
-35,-29,46
-35,-29,46
-35,-29,45
-35,-29,45
-35,-29,45
-35,-29,45
-35,-29,45
-35,-29,45
-35,-29,45
-35,-29,45
-35,-29,46
-35,-29,45
-35,-29,45
-35,-29,45
-35,-29,45
-35,-29,45
-35,-29,45
-35,-29,45
-35,-29,45
-35,-29,45
-35,-29,45
-35,-29,45
-35,-29,45
-35,-29,45
-35,-29,46
-35,-29,45
-35,-29,45
-35,-29,46
-35,-29,46
-35,-29,45
-35,-29,45
-35,-29,45
-35,-29,45
-35,-29,45
-35,-29,45
-35,-29,45
-35,-29,45
-35,-29,45
-35,-29,45
-35,-29,45
-35,-29,45
-35,-29,45
-35,-29,45
-35,-29,45
-35,-29,45
-35,-29,45
-35,-29,45
-35,-29,45
-35,-29,45
-35,-29,45
-35,-29,45
-35,-29,45
-35,-29,45
-35,-29,45
-35,-29,45
-35,-29,45
-35,-29,45
-35,-29,45
-35,-29,45
-35,-29,45
-35,-29,45
-35,-29,45
-35,-29,45
-35,-29,45
-35,-29,45
-35,-29,45
-35,-29,45
-35,-29,45
-35,-29,45
-35,-29,45
-35,-29,45
-35,-29,45
-35,-29,45
-35,-29,45
-35,-29,45
-35,-29,45
-35,-29,45
-35,-29,45
-35,-29,45
-35,-29,45
-35,-29,45
-35,-29,45
-35,-29,45
-35,-29,45
-35,-29,45
-35,-29,45
-35,-29,45
-35,-29,45
-35,-29,45
-35,-29,45
-35,-29,45
-35,-29,45
-35,-29,45
-35,-29,45
-35,-29,46
-35,-29,45
-35,-29,45
-35,-29,45
-35,-29,45
-35,-29,45
-35,-29,45
-35,-29,45
-35,-29,45
-35,-29,45
-35,-29,45
-35,-29,45
-35,-29,45
-35,-29,45
-35,-29,45
-35,-29,45
-35,-28,45
-35,-29,45
-35,-29,45
-35,-29,45
-35,-29,45
-35,-29,45
-35,-29,46
-35,-29,46
-35,-29,45
-35,-29,45
-35,-29,45
-35,-29,45
-35,-29,45
-35,-29,45
-35,-29,45
-35,-29,45
-35,-29,45
-35,-29,45
-35,-29,46
-35,-29,45
-35,-29,45
-35,-29,45
-35,-29,45
-35,-29,45
-35,-29,45
-35,-29,45
-35,-29,45
-35,-29,45
-35,-29,45
-35,-28,45
-35,-29,45
-35,-29,45
-35,-29,45
-35,-29,45
-35,-29,45
-35,-29,46
-35,-29,45
-35,-29,45
-35,-29,45
-35,-29,45
-35,-29,45
-35,-29,45
-35,-29,45
-35,-29,45
-35,-29,45
-35,-29,45
-35,-29,45
-35,-29,45
-35,-29,45
-35,-29,45
-35,-29,45
-35,-29,45
-35,-29,45
-35,-29,45
-35,-29,45
-35,-29,45
-35,-29,45
-35,-29,45
-35,-29,45
-35,-29,45
-35,-29,45
-35,-29,45
-35,-29,45
-35,-29,45
-35,-29,45
-35,-29,45
-35,-29,45
-35,-29,45
-35,-29,45
-35,-29,45
-35,-29,46
-35,-29,45
-35,-29,45
-35,-29,45
-35,-29,45
-35,-29,45
-35,-29,45
-35,-29,45
-35,-29,45
-35,-29,46
-35,-29,45
-35,-29,45
-35,-29,45
-35,-29,45
-35,-29,45
-35,-29,45
-35,-29,46
-35,-29,45
-35,-29,45
-35,-29,45
-35,-29,45
-35,-29,45
-35,-29,45
-35,-29,45
-35,-29,45
-35,-29,45
-35,-29,46
-35,-29,45
-35,-29,45
-35,-29,45
-35,-29,45
-35,-29,45
-35,-29,46
-35,-29,45
-35,-29,45
-35,-29,45
-35,-29,45
-35,-29,45
-35,-29,45
-35,-29,45
-35,-29,46
-35,-29,45
-35,-29,45
-35,-29,45
-35,-29,45
-35,-29,45
-35,-29,45
-34,-29,45
-35,-29,45
-35,-29,45
-35,-29,45
-35,-29,45
-35,-29,45
-35,-29,45
-35,-29,46
-35,-29,45
-35,-29,45
-35,-29,45
-35,-29,45
-35,-29,45
-35,-29,45
-35,-29,45
-35,-29,45
-35,-29,45
-35,-29,45
-35,-29,45
-35,-29,45
-35,-29,45
-35,-29,45
-35,-29,45
-35,-29,45
-35,-29,45
-35,-29,45
-35,-29,45
-35,-29,45
-35,-29,45
-35,-30,45
-35,-29,45
-35,-29,45
-35,-29,45
-35,-29,45
-35,-29,45
-35,-29,45
-35,-29,45
-35,-29,45
-35,-29,45
-35,-29,45
-35,-29,45
-35,-29,45
-35,-29,45
-35,-29,45
-35,-29,45
-35,-29,45
-35,-29,45
-35,-29,45
-35,-29,45
-35,-29,45
-35,-29,45
-35,-29,45
-35,-29,45
-35,-29,45
-35,-29,45
-35,-29,45
-35,-29,45
-35,-29,45
-35,-29,45
-35,-29,45
-35,-29,45
-35,-29,45
-35,-29,45
-35,-29,45
-35,-29,45
-35,-29,45
-35,-29,45
-35,-29,45
-35,-29,45
-35,-29,45
-35,-29,45
-35,-29,45
-35,-29,45
-35,-29,45
-35,-29,45
-35,-29,45
-35,-29,45
-35,-29,45
-35,-29,45
-35,-29,45
-35,-29,45
-35,-29,45
-35,-29,45
-35,-29,45
-35,-29,45
-35,-29,45
-35,-29,45
-35,-29,45
-35,-29,45
-35,-29,45
-35,-29,45
-35,-29,45
-35,-29,45
-35,-29,45
-35,-29,45
-35,-29,45
-35,-29,45
-35,-29,45
-35,-29,45
-35,-29,45
-35,-29,45
-35,-29,45
-35,-29,45
-35,-29,45
-35,-29,46
-35,-29,45
-35,-29,45
-35,-29,45
-35,-29,46
-35,-29,45
-35,-29,45
-35,-29,46
-35,-29,45
-35,-29,45
-35,-29,45
-35,-29,46
-35,-28,45
-35,-29,45
-35,-29,45
-35,-29,45
-35,-29,45
-35,-29,45
-35,-29,46
-35,-29,45
-35,-29,45
-35,-29,46
-35,-29,46
-35,-29,45
-35,-29,45
-35,-29,45
-35,-29,45
-35,-29,45
-35,-29,45
-35,-29,45
-35,-29,45
-35,-29,45
-35,-29,45
-35,-29,45
-35,-29,45
-35,-29,45
-35,-29,45
-35,-29,45
-35,-29,45
-35,-29,45
-35,-29,45
-35,-29,45
-35,-29,46
-35,-28,45
-35,-30,45
-35,-29,45
-35,-29,45
-35,-29,45
-35,-29,45
-35,-29,45
-35,-29,45
-35,-29,45
-35,-29,45
-35,-29,45
-35,-29,45
-35,-29,45
-35,-29,45
-35,-29,45
-35,-29,45
-35,-29,45
-35,-29,45
-35,-29,45
-35,-29,45
-35,-29,45
-35,-29,45
-35,-29,45
-35,-29,45
-35,-29,45
-35,-29,45
-35,-29,45
-35,-29,45
-35,-29,45
-35,-29,45
-35,-29,45
-35,-29,45
-35,-29,45
-35,-29,45
-35,-29,45
-35,-29,45
-35,-29,45
-35,-29,45
-35,-29,45
-35,-29,45
-35,-29,45
-35,-29,45
-35,-29,45
-35,-29,45
-35,-29,45
-35,-29,45
-35,-29,45
-35,-29,45
-35,-29,45
-35,-29,45
-36,-29,45
-35,-29,46
-35,-29,45
-35,-29,45
-35,-29,45
-36,-29,45
-35,-29,45
-35,-29,45
-35,-29,45
-36,-29,45
-36,-29,45
-35,-29,45
-35,-28,45
-35,-29,45
-35,-29,45
-35,-29,45
-35,-29,45
-35,-29,45
-35,-29,45
-35,-29,45
-35,-29,45
-35,-29,45
-35,-29,45
-35,-29,45
-35,-29,45
-35,-29,45
-35,-29,45
-35,-29,45
-35,-29,45
-35,-29,45
-35,-29,45
-35,-29,45
-35,-29,45
-35,-29,45
-35,-29,45
-35,-29,45
-35,-29,45
-35,-29,45
-35,-29,45
-35,-29,45
-35,-29,45
-35,-29,45
-35,-29,45
-35,-29,45
-35,-29,45
-35,-29,45
-35,-29,45
-35,-29,45
-35,-29,45
-35,-29,45
-35,-29,45
-35,-29,45
-35,-29,45
-35,-29,45
-35,-29,45
-35,-29,45
-35,-29,45
-35,-29,45
-35,-29,45
-35,-29,46
-35,-29,45
-35,-29,45
-35,-29,45
-35,-29,45
-35,-29,45
-35,-29,45
-35,-29,45
-35,-29,45
-35,-29,45
-35,-29,45
-35,-29,45
-35,-29,46
-35,-29,45
-35,-29,45
-35,-29,45
-35,-29,45
-36,-29,45
-35,-29,45
-35,-29,45
-35,-29,45
-35,-29,45
-35,-29,45
-35,-29,45
-35,-29,45
-35,-29,45
-36,-29,45
-35,-29,45
-35,-29,45
-35,-29,45
-35,-29,45
-35,-29,45
-35,-29,45
-36,-29,45
-35,-29,45
-35,-29,45
-35,-29,45
-35,-29,45
-35,-29,45
-35,-29,45
-35,-29,45
-35,-29,45
-35,-29,45
-35,-29,45
-35,-29,45
-35,-29,45
-35,-29,45
-35,-29,45
-35,-29,45
-35,-29,45
-35,-29,45
-35,-29,45
-35,-29,45
-35,-29,45
-35,-29,45
-35,-29,45
-35,-29,45
-35,-29,45
-35,-29,45
-35,-29,45
-35,-29,45
-35,-29,45
-35,-29,45
-35,-29,45
-35,-29,45
-35,-29,45
-35,-29,45
-35,-29,45
-35,-29,45
-35,-29,45
-35,-28,45
-35,-29,45
-35,-29,45
-35,-29,45
-35,-29,45
-35,-29,45
-35,-29,46
-35,-29,45
-35,-29,45
-35,-29,45
-35,-29,45
-35,-29,45
-35,-29,45
-35,-29,45
-35,-29,45
-35,-29,45
-35,-29,45
-35,-29,45
-35,-29,45
-35,-29,45
-35,-29,45
-35,-29,45
-35,-29,46
-35,-29,45
-35,-29,45
-35,-29,45
-35,-29,45
-35,-29,45
-35,-29,46
-35,-28,46
-35,-29,45
-35,-29,45
-35,-29,46
-35,-29,45
-35,-29,45
-35,-29,45
-35,-29,45
-35,-29,45
-35,-29,45
-35,-29,45
-35,-29,45
-35,-29,45
-35,-29,45
-35,-29,45
-35,-29,45
-35,-29,45
-35,-29,45
-35,-29,45
-35,-29,45
-35,-29,45
-35,-29,45
-35,-29,45
-35,-29,45
-35,-29,45
-35,-29,45
-35,-29,45
-35,-29,45
-36,-29,45
-35,-29,45
-35,-29,45
-35,-29,44
-35,-29,45
-35,-29,45
-36,-29,44
-35,-29,44
-35,-29,45
-36,-29,44
-36,-29,45
-35,-29,45
-35,-29,45
-35,-29,45
-35,-29,45
-35,-29,45
-35,-29,45
-36,-29,45
-35,-29,45
-35,-29,45
-36,-29,45
-35,-29,45
-35,-29,45
-35,-29,45
-35,-29,45
-35,-29,45
-35,-29,45
-35,-29,45
-35,-29,45
-35,-29,45
-35,-29,45
-35,-29,45
-35,-29,45
-35,-29,45
-35,-29,45
-35,-29,45
-35,-29,45
-35,-29,45
-35,-29,45
-35,-29,45
-35,-29,45
-35,-29,45
-35,-29,45
-35,-29,45
-35,-29,45
-35,-29,45
-35,-29,45
-35,-29,45
-35,-29,45
-35,-29,45
-35,-29,45
-35,-29,45
-35,-29,45
-35,-29,45
-35,-29,45
-35,-29,45
-35,-29,45
-35,-29,45
-35,-29,45
-35,-29,45
-35,-29,45
-35,-29,45
-35,-29,45
-35,-29,45
-35,-29,45
-35,-29,45
-35,-29,45
-35,-29,45
-35,-29,45
-35,-29,46
-35,-29,45
-35,-29,45
-35,-29,45
-35,-29,45
-35,-29,45
-35,-29,45
-35,-29,45
-35,-29,46
-35,-29,45
-35,-29,45
-35,-29,45
-35,-29,45
-35,-29,45
-35,-29,45
-35,-29,46
-35,-29,45
-35,-29,45
-35,-29,46
-35,-29,45
-35,-29,45
-35,-29,45
-35,-29,45
-35,-29,45
-35,-29,45
-35,-29,45
-35,-29,45
-35,-29,45
-35,-29,45
-35,-29,45
-35,-29,45
-35,-29,45
-35,-29,45
-35,-29,45
-35,-29,45
-35,-29,45
-35,-29,45
-35,-29,45
-35,-29,45
-35,-29,45
-35,-29,45
-35,-29,45
-35,-29,45
-35,-29,45
-35,-29,45
-35,-29,45
-35,-29,45
-35,-29,45
-35,-29,45
-35,-29,45
-35,-29,45
-35,-29,45
-35,-29,45
-35,-29,45
-35,-29,45
-35,-29,45
-35,-29,45
-35,-29,45
-35,-29,45
-35,-29,45
-35,-29,45
-35,-29,45
-35,-29,45
-35,-29,45
-35,-29,45
-36,-29,45
-36,-29,45
-35,-30,46
-36,-29,46
-39,-29,46
-41,-27,47
-36,-29,46
-37,-29,45
-39,-29,42
-31,-29,51
-31,-31,50
-24,-31,50
-16,-30,52
-7,-32,52
-4,-33,51
1,-33,52
6,-32,54
9,-33,53
10,-34,52
13,-34,51
15,-34,51
18,-34,50
19,-34,50
22,-37,36
33,-26,48
20,-32,53
21,-37,54
23,-28,52
24,-36,51
24,-36,45
24,-33,44
26,-34,44
27,-34,46
22,-35,46
21,-35,47
23,-36,48
22,-35,47
23,-35,47
21,-35,46
22,-35,47
23,-36,48
21,-36,47
23,-35,47
23,-37,46
23,-33,45
24,-35,47
23,-38,48
23,-38,46
26,-35,45
28,-34,47
23,-39,45
20,-38,43
25,-34,46
22,-33,41
26,-39,46
27,-39,44
25,-31,43
24,-30,44
33,-31,48
31,-35,52
26,-34,53
26,-36,55
21,-27,51
32,-30,58
27,-49,50
31,6,20
36,-24,35
29,-36,52
24,-33,50
23,-28,49
26,-30,52
28,-30,50
25,-31,49
18,-30,52
18,-30,54
15,-32,53
17,-31,51
14,-30,49
8,-30,51
9,-30,54
10,-27,58
10,-25,60
-1,-29,59
-13,-26,60
-12,-27,61
-10,-25,59
-11,-25,57
-11,-26,56
-12,-25,56
-14,-26,55
-16,-26,55
-18,-26,55
-17,-27,55
-25,-25,54
-34,-23,51
-33,-26,51
-34,-26,50
-33,-25,49
-35,-25,49
-35,-25,48
-35,-26,48
-34,-26,48
-33,-25,49
-32,-26,49
-31,-27,49
-30,-28,50
-28,-27,50
-28,-27,51
-28,-26,50
-28,-27,50
-28,-27,50
-28,-27,51
-28,-27,51
-28,-27,51
-28,-27,51
-28,-27,51
-28,-27,51
-28,-27,51
-28,-27,51
-27,-27,51
-27,-27,51
-28,-27,51
-28,-27,51
-28,-27,51
-27,-27,51
-28,-27,51
-28,-27,51
-28,-27,51
-28,-27,51
-28,-27,51
-28,-27,51
-28,-27,51
-27,-27,51
-27,-27,51
-28,-27,51
-28,-28,51
-28,-27,51
-28,-27,51
-27,-27,51
-27,-28,51
-28,-28,51
-28,-27,51
-27,-27,51
-28,-27,51
-28,-27,51
-28,-27,51
-27,-28,51
-28,-27,51
-28,-27,51
-27,-27,51
-28,-27,51
-28,-27,51
-28,-27,51
-28,-27,51
-27,-27,51
-28,-27,51
-28,-27,51
-28,-27,51
-28,-27,51
-28,-27,51
-28,-27,51
-28,-27,51
-28,-27,51
-28,-27,51
-28,-28,51
-28,-27,51
-28,-27,51
-28,-27,51
-28,-28,51
-28,-28,51
-27,-28,51
-28,-27,51
-28,-27,51
-28,-27,51
-28,-28,51
-28,-28,51
-28,-27,50
-28,-28,50
-28,-27,50
-28,-28,51
-28,-27,51
-28,-28,51
-28,-27,51
-28,-28,51
-28,-27,50
-28,-28,51
-28,-27,51
-28,-27,50
-28,-27,51
-28,-28,51
-28,-27,51
-28,-27,51
-28,-27,50
-28,-28,51
-28,-27,51
-28,-27,51
-28,-27,51
-28,-28,51
-28,-28,50
-28,-27,51
-28,-28,51
-28,-27,51
-28,-27,50
-28,-27,51
-28,-28,50
-28,-28,50
-28,-28,51
-27,-28,51
-27,-27,51
-27,-27,51
-28,-27,51
-28,-27,51
-27,-28,51
-27,-28,51
-28,-28,51
-27,-27,51
-27,-27,51
-27,-28,51
-27,-27,51
-28,-28,51
-27,-27,51
-27,-27,51
-27,-27,50
-27,-28,51
-28,-27,51
-28,-28,51
-28,-27,51
-27,-28,51
-27,-28,51
-27,-28,51
-28,-27,51
-27,-28,51
-28,-29,51
-28,-27,51
-30,-28,49
-27,-26,52
-25,-27,53
-23,-27,53
-23,-26,53
-28,-26,52
-26,-26,52
-24,-26,53
-26,-27,52
-26,-27,52
-26,-27,52
-26,-28,51
-26,-27,52
-25,-26,52
-27,-26,52
-25,-28,51
-25,-28,51
-22,-30,51
-27,-28,51
-40,-25,45
-37,-27,47
-38,-27,45
-38,-27,45
-37,-26,45
-34,-28,46
-34,-27,46
-37,-27,46
-39,-27,45
-38,-27,45
-38,-26,45
-38,-27,45
-37,-27,45
-35,-27,46
-35,-28,46
-35,-28,46
-34,-28,47
-31,-28,48
-31,-27,48
-32,-28,48
-32,-28,47
-33,-27,47
-33,-27,47
-33,-27,48
-33,-27,48
-33,-27,47
-33,-27,47
-34,-27,47
-33,-28,47
-34,-27,47
-34,-27,47
-33,-28,47
-34,-27,47
-34,-27,47
-34,-27,46
-35,-28,44
-33,-28,48
-30,-28,49
-26,-27,50
-29,-25,50
-29,-24,54
-26,-24,54
-27,-24,54
-29,-23,54
-19,-25,55
-18,-24,55
-22,-23,55
-22,-24,56
-16,-24,57
-16,-24,56
-15,-24,57
-19,-25,56
-14,-23,57
-14,-22,58
-16,-23,57
-16,-22,58
-16,-23,58
-16,-22,58
-16,-21,57
-17,-23,57
-20,-22,58
-20,-23,58
-21,-23,55
-19,-23,56
-22,-19,55
-19,-25,56
-20,-25,55
-17,-23,55
-18,-23,56
-21,-24,56
-22,-24,56
-20,-24,56
-21,-25,55
-21,-24,55
-21,-24,56
-22,-23,56
-23,-24,55
-23,-24,55
-22,-23,55
-23,-24,55
-23,-25,54
-21,-24,54
-21,-24,55
-22,-24,54
-22,-24,55
-23,-25,55
-23,-26,54
-22,-25,54
-23,-25,54
-23,-25,54
-22,-25,54
-23,-26,54
-23,-25,54
-23,-25,54
-23,-25,54
-23,-25,55
-23,-25,54
-23,-25,54
-24,-25,54
-23,-25,54
-23,-25,54
-23,-25,54
-23,-25,54
-23,-25,54
-23,-25,54
-23,-25,54
-23,-25,54
-23,-25,54
-23,-25,54
-23,-25,54
-24,-25,54
-24,-25,54
-23,-25,54
-23,-25,54
-24,-25,54
-23,-25,54
-23,-25,54
-23,-25,54
-24,-25,54
-23,-25,54
-24,-25,54
-23,-25,54
-23,-25,54
-23,-25,54
-24,-25,54
-24,-25,54
-24,-25,54
-24,-25,54
-24,-26,54
-23,-25,54
-23,-25,54
-23,-25,54
-23,-25,54
-24,-25,54
-24,-25,54
-23,-25,54
-23,-25,54
-23,-26,54
-24,-26,54
-24,-25,54
-24,-25,54
-23,-25,54
-23,-25,54
-24,-26,54
-24,-26,54
-24,-25,54
-23,-25,54
-23,-25,54
-24,-25,54
-24,-25,54
-24,-25,54
-24,-25,54
-24,-25,54
-24,-25,54
-24,-25,54
-23,-25,54
-24,-25,54
-24,-25,54
-23,-25,54
-23,-25,54
-24,-25,54
-24,-25,54
-23,-25,54
-24,-25,54
-24,-25,54
-24,-25,54
-24,-25,54
-24,-25,54
-24,-25,54
-24,-25,54
-23,-25,54
-23,-25,54
-23,-25,54
-24,-26,54
-24,-25,54
-24,-25,54
-23,-25,54
-24,-25,53
-24,-25,54
-24,-25,54
-23,-25,54
-24,-25,54
-24,-25,54
-24,-25,54
-24,-25,54
-24,-25,54
-24,-25,54
-24,-26,54
-24,-25,54
-24,-25,53
-24,-25,54
-24,-25,54
-24,-25,54
-24,-25,54
-24,-25,54
-24,-25,54
-24,-25,54
-24,-25,54
-24,-26,54
-24,-25,54
-24,-25,54
-24,-25,54
-24,-26,53
-24,-25,54
-24,-25,53
-24,-26,54
-24,-25,54
-24,-26,54
-24,-25,53
-24,-25,53
-24,-26,53
-24,-26,54
-24,-25,54
-24,-26,54
-24,-25,54
-24,-26,53
-24,-25,54
-24,-26,54
-24,-26,53
-24,-26,53
-24,-26,53
-25,-26,53
-25,-26,53
-24,-26,53
-25,-26,53
-24,-26,53
-24,-26,53
-25,-26,53
-25,-26,53
-25,-26,53
-25,-26,53
-25,-26,53
-25,-26,53
-25,-26,53
-25,-26,53
-25,-26,53
-25,-26,53
-25,-26,53
-25,-26,53
-25,-25,53
-24,-26,53
-25,-26,52
-25,-26,53
-25,-26,53
-25,-26,53
-25,-26,53
-25,-26,53
-25,-26,53
-25,-26,53
-25,-26,53
-25,-26,53
-25,-26,53
-25,-26,53
-25,-26,53
-25,-26,53
-25,-26,53
-25,-26,53
-25,-26,53
-24,-26,53
-25,-26,53
-25,-26,53
-24,-26,53
-25,-26,53
-25,-26,53
-25,-26,53
-25,-26,53
-25,-26,53
-25,-26,53
-25,-26,53
-25,-26,53
-25,-26,53
-24,-26,53
-25,-26,53
-25,-26,53
-25,-26,53
-24,-26,53
-25,-26,53
-25,-26,53
-24,-26,53
-25,-26,53
-24,-26,53
-24,-26,53
-24,-26,53
-25,-26,53
-25,-26,53
-25,-26,53
-24,-26,53
-24,-26,53
-24,-26,54
-24,-26,53
-25,-25,53
-26,-26,53
-24,-26,54
-23,-25,54
-24,-26,54
-22,-26,54
-24,-23,54
-21,-21,54
-24,-29,53
-21,-23,56
-21,-25,54
-26,-27,53
-32,-29,50
-27,-26,51
-25,-26,52
-26,-27,53
-31,-27,51
-28,-28,48
-28,-26,51
-32,-27,50
-28,-28,48
-27,-24,52
-28,-26,53
-31,-27,50
-33,-28,48
-33,-28,47
-32,-27,49
-31,-27,49
-32,-28,49
-33,-28,50
-34,-27,50
-33,-28,50
-32,-29,48
-31,-29,47
-28,-29,47
-28,-29,47
-29,-29,49
-29,-29,49
-28,-29,50
-28,-29,50
-27,-29,50
-26,-30,50
-27,-30,50
-27,-30,50
-26,-30,49
-27,-30,50
-27,-30,50
-27,-31,50
-26,-29,52
-25,-30,51
-25,-31,48
-24,-32,48
-23,-33,47
-23,-34,44
-24,-34,43
-28,-35,42
-31,-34,43
-30,-34,45
-30,-34,46
-29,-31,48
-28,-31,49
-27,-31,49
-25,-30,51
-27,-30,50
-30,-30,48
-35,-30,46
-36,-29,46
-35,-29,46
-34,-30,47
-32,-30,47
-33,-29,47
-35,-30,45
-35,-30,45
-35,-29,45
-36,-29,45
-37,-29,45
-37,-29,45
-36,-30,45
-35,-29,45
-36,-29,44
-35,-29,44
-36,-29,44
-36,-29,45
-36,-29,44
-36,-29,44
-36,-29,44
-36,-30,43
-36,-30,43
-37,-29,43
-37,-30,43
-37,-30,43
-37,-30,43
-37,-30,43
-37,-30,43
-37,-30,43
-37,-29,43
-37,-29,44
-37,-29,43
-37,-30,44
-37,-29,43
-37,-29,44
-37,-29,43
-36,-29,43
-36,-30,43
-37,-30,43
-37,-29,44
-37,-29,44
-37,-29,44
-36,-29,43
-37,-29,44
-37,-29,44
-36,-30,44
-37,-29,44
-36,-29,44
-36,-29,44
-37,-29,44
-37,-29,44
-36,-29,44
-36,-29,44
-36,-29,44
-36,-29,44
-36,-29,44
-36,-29,44
-36,-29,44
-36,-29,44
-37,-29,44
-37,-29,44
-36,-29,44
-36,-29,44
-36,-29,44
-36,-29,44
-36,-29,44
-36,-29,44
-36,-29,44
-36,-29,44
-36,-29,44
-36,-29,45
-36,-29,44
-36,-29,44
-36,-29,44
-36,-29,44
-36,-29,44
-36,-29,44
-36,-29,45
-36,-29,45
-36,-29,44
-36,-29,44
-36,-29,45
-36,-29,45
-36,-29,45
-36,-29,44
-36,-29,44
-36,-29,45
-36,-29,44
-36,-29,44
-35,-29,44
-36,-29,44
-36,-29,45
-36,-29,45
-36,-29,45
-36,-29,45
-36,-29,44
-36,-29,45
-36,-29,45
-36,-29,45
-36,-29,45
-36,-29,45
-36,-29,45
-36,-29,45
-36,-29,45
-36,-29,44
-36,-29,45
-36,-29,45
-36,-29,45
-36,-29,45
-36,-29,45
-36,-29,44
-36,-29,45
-36,-29,45
-36,-29,45
-36,-29,45
-36,-29,45
-36,-29,45
-35,-29,45
-36,-29,45
-36,-29,45
-36,-29,45
-36,-28,45
-35,-29,45
-36,-30,45
-36,-29,45
-36,-29,45
-36,-29,45
-36,-29,45
-36,-29,44
-36,-29,45
-36,-29,45
-36,-29,45
-36,-29,45
-36,-29,45
-36,-29,44
-36,-29,44
-36,-29,44
-36,-29,44
-36,-29,44
-36,-29,44
-36,-29,44
-36,-29,45
-36,-29,44
-36,-29,44
-36,-29,44
-36,-29,45
-36,-29,44
-36,-29,44
-36,-29,44
-36,-29,44
-36,-29,44
-36,-29,44
-36,-29,44
-36,-30,44
-37,-30,44
-36,-29,44
-36,-29,44
-36,-29,44
-36,-29,44
-36,-29,44
-37,-29,44
-36,-29,44
-36,-29,44
-36,-29,44
-36,-29,44
-36,-29,44
-36,-29,44
-36,-29,44
-36,-29,44
-36,-29,44
-36,-29,44
-36,-29,44
-36,-29,44
-36,-29,44
-36,-29,44
-36,-29,44
-36,-29,44
-36,-29,44
-36,-29,44
-36,-29,44
-36,-29,44
-36,-29,44
-36,-29,44
-36,-29,44
-36,-29,44
-36,-29,44
-36,-29,44
-36,-29,45
-36,-29,45
-36,-29,44
-36,-29,44
-36,-29,44
-36,-29,44
-36,-29,45
-36,-29,45
-36,-29,45
-36,-29,44
-36,-29,44
-36,-29,45
-36,-29,45
-36,-29,45
-36,-29,45
-36,-29,45
-36,-29,45
-36,-29,45
-36,-29,45
-36,-29,45
-36,-29,45
-36,-29,45
-36,-29,45
-36,-29,45
-36,-29,45
-36,-29,45
-36,-29,45
-36,-28,45
-35,-29,44
-36,-29,45
-36,-29,45
-36,-29,45
-35,-29,45
-36,-29,45
-36,-29,45
-36,-29,45
-36,-29,45
-35,-28,45
-35,-29,45
-36,-29,45
-36,-29,45
-36,-29,45
-36,-29,45
-36,-29,45
-35,-29,45
-36,-29,45
-36,-29,45
-36,-29,45
-36,-29,45
-36,-29,45
-36,-29,45
-35,-29,45
-36,-29,45
-35,-29,45
-36,-29,45
-36,-29,45
-36,-29,45
-36,-29,45
-36,-29,45
-36,-29,45
-36,-28,45
-35,-29,45
-35,-29,45
-36,-29,45
-36,-29,45
-36,-29,45
-35,-29,45
-36,-29,45
-36,-29,45
-36,-28,45
-36,-29,45
-36,-29,45
-36,-29,45
-36,-29,45
-36,-29,45
-36,-29,45
-35,-29,45
-36,-29,45
-36,-29,45
-36,-29,45
-36,-29,45
-36,-29,45
-36,-29,45
-36,-29,45
-36,-29,45
-36,-29,45
-36,-29,45
-36,-29,45
-36,-29,45
-36,-29,44
-36,-29,45
-36,-29,45
-36,-29,44
-35,-29,44
-36,-29,44
-36,-29,45
-36,-29,44
-36,-29,44
-36,-29,45
-36,-29,44
-36,-29,45
-36,-29,44
-36,-29,44
-36,-29,44
-36,-29,44
-36,-29,44
-36,-29,44
-36,-29,44
-36,-29,44
-36,-29,44
-36,-29,44
-36,-29,44
-36,-29,44
-36,-29,44
-36,-29,44
-36,-29,44
-36,-29,44
-36,-29,44
-36,-29,44
-36,-29,44
-36,-29,44
-36,-29,45
-36,-29,45
-36,-29,44
-36,-29,44
-36,-29,45
-36,-29,45
-36,-29,45
-36,-29,45
-36,-29,44
-36,-29,44
-36,-29,45
-36,-29,44
-36,-29,44
-36,-29,45
-36,-29,45
-36,-29,45
-36,-29,45
-36,-29,44
-36,-29,44
-36,-29,45
-36,-29,45
-36,-29,45
-36,-29,45
-36,-29,45
-36,-29,45
-36,-29,45
-36,-29,45
-36,-28,45
-36,-29,45
-36,-29,45
-36,-29,45
-36,-29,45
-36,-28,45
-35,-29,45
-36,-29,44
-36,-29,45
-36,-29,45
-36,-29,45
-36,-29,45
-36,-29,45
-36,-29,45
-36,-29,45
-36,-28,45
-36,-29,45
-36,-29,45
-36,-29,45
-36,-29,45
-36,-29,45
-36,-29,45
-36,-29,45
-36,-29,45
-36,-29,45
-36,-29,45
-36,-29,45
-35,-29,45
-35,-28,45
-36,-29,45
-36,-29,45
-36,-29,45
-36,-29,45
-36,-29,45
-36,-29,45
-36,-29,45
-36,-28,45
-36,-29,44
-36,-29,44
-36,-29,45
-36,-29,45
-36,-29,45
-36,-29,45
-36,-29,45
-36,-29,45
-36,-29,45
-36,-29,45
-36,-29,44
-36,-29,45
-36,-29,45
-36,-29,45
-36,-29,44
-36,-29,45
-36,-29,45
-36,-29,45
-36,-29,45
-36,-29,45
-36,-29,44
-36,-29,45
-36,-29,45
-36,-29,45
-36,-29,44
-36,-29,45
-36,-29,44
-36,-29,44
-36,-29,44
-36,-29,45
-36,-28,44
-36,-29,44
-36,-30,44
-36,-29,44
-36,-29,44
-36,-29,44
-36,-29,44
-36,-29,44
-36,-29,44
-36,-29,44
-36,-29,44
-36,-29,44
-36,-29,44
-36,-29,44
-36,-29,45
-36,-29,44
-36,-29,44
-36,-29,44
-36,-29,45
-36,-29,44
-36,-29,44
-36,-29,45
-36,-29,45
-36,-29,44
-36,-29,45
-36,-29,44
-36,-29,44
-36,-29,45
-36,-29,44
-36,-29,45
-36,-29,44
-36,-29,44
-36,-29,45
-36,-29,45
-36,-29,45
-36,-29,45
-36,-29,45
-36,-29,45
-36,-29,45
-36,-28,45
-36,-29,45
-36,-29,45
-36,-29,45
-36,-29,45
-36,-29,45
-36,-29,45
-36,-29,45
-36,-29,45
-36,-29,45
-36,-29,45
-36,-29,45
-35,-29,45
-36,-29,45
-36,-29,45
-36,-29,45
-36,-29,45
-36,-29,45
-36,-29,45
-36,-29,45
-36,-28,45
-36,-29,45
-36,-29,45
-36,-29,45
-36,-29,45
-36,-29,45
-35,-29,45
-36,-29,45
-36,-29,45
-36,-29,45
-36,-29,45
-36,-28,45
-36,-28,45
-35,-29,45
-36,-29,45
-36,-29,45
-36,-28,45
-36,-29,45
-36,-28,45
-36,-29,45
-36,-28,45
-36,-29,45
-36,-28,45
-36,-28,45
-36,-29,45
-36,-29,45
-36,-29,45
-36,-29,45
-36,-29,45
-36,-29,45
-36,-29,44
-36,-29,44
-36,-28,45
-36,-29,45
-36,-29,45
-36,-28,45
-36,-29,45
-36,-28,45
-37,-28,45
-38,-29,43
-35,-28,46
-34,-28,46
-36,-29,44
-35,-29,45
-34,-29,45
-34,-29,45
-36,-29,45
-36,-29,45
-36,-29,45
-36,-29,44
-38,-29,43
-36,-30,44
-35,-29,45
-35,-29,45
-38,-30,43
-36,-29,44
-35,-29,44
-35,-29,45
-37,-29,44
-36,-30,43
-36,-29,44
-36,-30,44
-38,-30,42
-37,-30,43
-36,-29,43
-37,-28,44
-37,-29,44
-36,-29,44
-36,-29,43
-37,-29,44
-36,-29,44
-37,-29,44
-37,-29,44
-37,-29,44
-37,-29,44
-37,-29,44
-37,-29,44
-37,-29,44
-37,-29,44
-37,-29,44
-37,-29,44
-37,-29,44
-37,-29,44
-37,-29,44
-37,-29,44
-36,-29,44
-37,-29,44
-36,-29,44
-36,-29,44
-37,-29,44
-36,-29,44
-36,-29,44
-36,-29,44
-36,-30,44
-36,-29,44
-36,-29,44
-36,-28,44
-36,-29,44
-36,-29,44
-37,-29,44
-36,-28,44
-36,-29,44
-36,-29,44
-36,-29,44
-36,-29,44
-36,-29,44
-36,-29,44
-36,-29,44
-36,-29,44
-36,-29,45
-36,-29,44
-36,-29,44
-36,-29,44
-36,-29,45
-36,-29,45
-36,-29,44
-36,-28,44
-36,-29,44
-36,-29,45
-36,-29,45
-36,-29,44
-36,-28,45
-36,-29,44
-36,-29,44
-36,-29,45
-36,-29,44
-36,-28,45
-36,-29,44
-36,-29,44
-36,-29,45
-36,-29,45
-36,-29,44
-36,-29,45
-36,-29,44
-36,-29,44
-36,-29,45
-36,-28,45
-36,-29,44
-36,-29,45
-36,-29,44
-36,-29,44
-36,-29,44
-36,-29,44
-36,-29,44
-36,-29,45
-36,-29,44
-36,-29,45
-36,-29,44
-36,-29,44
-36,-29,44
-36,-29,44
-36,-29,44
-36,-29,44
-36,-29,44
-36,-29,44
-36,-29,44
-36,-29,44
-36,-29,44
-37,-29,44
-36,-29,44
-37,-29,44
-36,-29,44
-36,-29,44
-36,-29,44
-37,-29,44
-37,-29,44
-36,-29,44
-36,-29,44
-36,-29,44
-37,-29,44
-37,-29,44
-36,-29,44
-37,-29,44
-37,-29,44
-37,-29,44
-37,-29,44
-37,-29,44
-37,-29,44
-37,-29,44
-37,-29,44
-37,-29,44
-36,-29,44
-37,-29,44
-37,-29,44
-37,-29,44
-37,-29,44
-37,-28,44
-37,-29,43
-37,-29,44
-37,-29,44
-37,-29,44
-37,-29,44
-37,-29,44
-37,-29,44
-37,-29,44
-37,-29,44
-37,-29,44
-36,-29,44
-37,-29,44
-37,-29,44
-36,-29,44
-36,-29,44
-36,-29,44
-36,-29,44
-36,-29,44
-36,-29,44
-36,-29,44
-36,-29,44
-36,-29,44
-36,-29,44
-36,-29,44
-36,-29,44
-36,-29,44
-36,-29,44
-36,-29,44
-36,-28,44
-36,-29,44
-36,-29,44
-36,-29,44
-36,-29,44
-36,-29,44
-36,-29,44
-36,-29,44
-37,-29,44
-36,-29,44
-36,-29,44
-36,-29,44
-36,-29,44
-36,-29,44
-36,-29,44
-36,-29,44
-36,-29,44
-36,-29,44
-36,-29,44
-36,-29,44
-36,-29,44
-36,-29,44
-36,-29,44
-36,-29,44
-36,-29,45
-36,-29,45
-36,-29,44
-36,-29,44
-36,-29,44
-36,-29,44
-36,-28,45
-36,-29,44
-36,-29,44
-36,-29,45
-36,-29,44
-36,-29,44
-36,-29,45
-36,-29,44
-36,-29,44
-36,-29,44
-36,-29,44
-36,-29,44
-36,-29,45
-36,-29,44
-36,-29,45
-36,-29,44
-37,-29,44
-37,-29,44
-36,-29,44
-36,-29,44
-36,-29,44
-36,-29,44
-36,-29,44
-36,-29,44
-37,-29,44
-37,-29,44
-36,-29,44
-36,-29,44
-36,-29,44
-36,-29,44
-37,-29,44
-37,-29,43
-36,-29,44
-37,-29,44
-37,-29,44
-37,-29,44
-37,-29,44
-36,-29,44
-37,-29,44
-37,-29,44
-37,-29,43
-37,-29,43
-37,-29,44
-37,-29,44
-37,-29,43
-37,-29,43
-37,-29,43
-37,-29,43
-37,-29,43
-37,-29,43
-37,-29,43
-37,-29,43
-37,-30,43
-37,-29,44
-36,-29,44
-36,-29,45
-36,-29,44
-37,-29,44
-36,-28,44
-36,-29,44
-37,-28,44
-36,-29,44
-36,-29,44
-36,-29,45
-36,-29,45
-36,-29,45
-36,-29,45
-36,-29,44
-36,-29,44
-36,-29,45
-36,-29,45
-36,-28,45
-36,-29,45
-36,-28,45
-36,-28,45
-36,-29,45
-36,-29,45
-36,-29,45
-36,-28,45
-35,-29,45
-35,-28,45
-35,-28,45
-36,-29,45
-36,-29,45
-35,-29,45
-35,-28,45
-36,-28,45
-35,-28,45
-36,-28,45
-36,-28,45
-36,-28,45
-35,-29,45
-36,-29,45
-35,-29,45
-35,-28,45
-35,-28,45
-36,-29,45
-36,-28,45
-35,-28,45
-35,-28,45
-35,-29,45
-36,-28,45
-36,-28,45
-36,-28,46
-36,-28,45
-35,-28,45
-35,-28,45
-35,-28,45
-35,-28,45
-35,-28,45
-35,-28,45
-35,-28,45
-36,-28,45
-35,-28,45
-35,-28,45
-35,-28,45
-35,-28,45
-35,-29,45
-35,-28,46
-36,-28,45
-36,-28,45
-35,-29,45
-35,-29,45
-35,-28,45
-35,-28,45
-35,-28,45
-35,-28,45
-35,-28,45
-35,-28,45
-35,-28,45
-35,-28,46
-35,-28,45
-35,-28,45
-35,-28,45
-35,-28,45
-35,-28,45
-35,-28,45
-36,-28,45
-35,-28,45
-35,-28,45
-35,-28,45
-35,-28,45
-36,-28,45
-35,-28,45
-35,-28,45
-35,-28,45
-35,-28,45
-35,-28,45
-36,-29,45
-36,-29,45
-36,-28,45
-36,-28,45
-36,-29,45
-36,-29,44
-36,-29,45
-36,-28,45
-36,-28,45
-36,-29,45
-36,-28,45
-36,-29,45
-36,-28,45
-36,-29,45
-36,-29,45
-36,-29,45
-36,-28,45
-36,-29,45
-36,-29,45
-36,-29,45
-36,-29,45
-36,-28,45
-36,-28,45
-36,-29,45
-36,-29,44
-36,-29,44
-36,-29,45
-36,-29,45
-36,-29,45
-36,-28,45
-36,-29,45
-36,-29,45
-36,-28,45
-36,-28,45
-36,-28,44
-36,-29,44
-36,-29,45
-36,-28,45
-36,-28,45
-36,-28,45
-36,-28,45
-36,-29,45
-36,-29,45
-36,-28,45
-35,-28,45
-36,-28,45
-36,-28,45
-36,-28,45
-36,-28,45
-36,-28,45
-36,-29,45
-36,-28,45
-36,-28,45
-36,-28,45
-36,-28,45
-36,-28,45
-36,-28,45
-36,-28,45
-35,-28,45
-35,-28,45
-36,-29,45
-36,-28,45
-36,-29,45
-36,-28,45
-35,-28,45
-36,-29,45
-36,-28,45
-35,-28,45
-35,-28,45
-35,-28,45
-36,-28,45
-36,-28,45
-36,-28,45
-35,-28,45
-35,-28,45
-35,-28,45
-35,-28,45
-36,-28,45
-35,-28,45
-35,-28,45
-36,-28,45
-35,-28,45
-35,-28,45
-36,-28,45
-35,-28,45
-35,-28,45
-36,-28,45
-35,-28,45
-35,-28,45
-35,-28,45
-35,-28,45
-36,-29,45
-36,-28,45
-36,-28,45
-36,-28,45
-35,-28,45
-36,-29,45
-35,-28,46
-35,-28,45
-36,-28,45
-36,-28,45
-36,-28,45
-36,-28,45
-35,-28,45
-35,-28,46
-36,-28,45
-35,-28,45
-36,-28,45
-36,-28,45
-35,-28,45
-35,-28,45
-36,-28,45
-35,-28,45
-36,-28,45
-36,-28,45
-36,-28,45
-36,-28,45
-36,-29,45
-36,-28,45
-36,-28,45
-36,-28,45
-36,-29,45
-36,-28,45
-36,-28,45
-36,-28,45
-36,-28,45
-36,-29,44
-36,-29,45
-36,-28,45
-36,-28,45
-36,-29,45
-36,-29,44
-36,-29,45
-36,-29,45
-36,-28,45
-36,-29,45
-36,-28,45
-36,-28,45
-36,-29,45
-36,-29,44
-36,-28,44
-36,-29,44
-36,-29,44
-36,-28,44
-36,-29,44
-36,-29,45
-36,-28,45
-36,-29,45
-36,-29,45
-36,-28,45
-36,-28,45
-36,-29,45
-36,-28,45
-36,-29,45
-36,-28,45
-36,-29,45
-36,-29,44
-36,-28,45
-36,-28,45
-36,-28,45
-36,-28,45
-36,-28,45
-36,-29,45
-36,-28,45
-36,-28,45
-36,-29,45
-36,-29,45
-36,-28,45
-36,-28,45
-36,-28,45
-36,-28,45
-36,-29,45
-36,-28,45
-36,-28,45
-36,-29,45
-36,-28,45
-36,-28,45
-36,-28,45
-36,-28,45
-36,-28,45
-36,-29,45
-36,-29,45
-36,-29,45
-36,-28,45
-36,-28,45
-36,-29,44
-36,-29,44
-36,-29,45
-36,-28,45
-36,-28,45
-36,-28,45
-36,-28,45
-36,-29,45
-36,-28,45
-36,-28,45
-36,-29,45
-36,-29,45
-36,-28,45
-36,-29,45
-36,-28,45
-36,-28,45
-36,-28,45
-36,-28,45
-36,-28,45
-36,-28,45
-36,-29,45
-36,-28,45
-36,-29,45
-35,-28,45
-36,-28,45
-36,-28,45
-36,-28,45
-36,-29,45
-36,-28,45
-36,-28,45
-36,-29,45
-36,-28,45
-36,-28,45
-36,-28,45
-36,-28,45
-36,-28,45
-36,-28,45
-36,-29,45
-36,-28,45
-36,-29,45
-36,-28,45
-36,-28,45
-36,-28,45
-36,-28,45
-36,-28,45
-36,-29,45
-36,-28,45
-36,-28,45
-36,-28,45
-36,-29,45
-36,-28,45
-36,-29,45
-36,-29,45
-36,-28,45
-36,-28,45
-36,-29,45
-36,-28,45
-36,-28,45
-36,-28,45
-36,-29,44
-36,-29,44
-36,-28,45
-36,-28,45
-36,-28,45
-36,-29,45
-36,-29,44
-36,-28,45
-36,-28,45
-36,-29,44
-36,-29,45
-36,-29,45
-36,-29,44
-36,-29,45
-36,-29,44
-36,-29,44
-36,-29,44
-36,-29,44
-36,-29,45
-36,-29,44
-36,-29,44
-36,-29,44
-36,-29,44
-36,-29,44
-36,-29,44
-36,-29,45
-36,-29,45
-36,-29,45
-36,-28,44
-36,-29,44
-36,-29,44
-36,-28,45
-36,-28,45
-36,-28,45
-36,-29,45
-36,-29,44
-36,-29,45
-36,-28,45
-36,-29,44
-36,-29,45
-36,-28,45
-36,-29,45
-36,-29,45
-36,-28,45
-36,-28,45
-36,-28,45
-36,-28,45
-36,-29,45
-36,-28,45
-36,-29,45
-36,-28,45
-36,-29,45
-36,-28,45
-36,-29,45
-35,-29,45
-36,-28,45
-36,-28,45
-36,-28,45
-36,-29,44
-36,-29,44
-36,-28,45
-36,-28,45
-36,-28,45
-36,-28,45
-36,-28,44
-36,-28,45
-36,-28,45
-35,-28,45
-35,-28,46
-36,-29,45
-37,-29,45
-36,-29,44
-36,-29,45
-36,-28,45
-36,-28,45
-36,-28,45
-36,-29,45
-36,-28,45
-36,-28,45
-36,-29,45
-36,-29,45
-35,-28,47
-36,-27,46
-37,-29,43
-36,-27,45
-35,-28,45
-36,-29,45
-36,-28,45
-36,-28,45
-35,-29,45
-36,-29,45
-36,-29,45
-35,-29,45
-35,-29,45
-36,-28,45
-36,-29,45
-35,-28,45
-36,-29,45
-36,-28,45
-36,-29,45
-36,-29,45
-36,-29,44
-36,-29,44
-36,-29,44
-36,-29,45
-36,-29,45
-37,-29,44
-36,-29,44
-36,-30,44
-36,-30,43
-37,-29,44
-36,-29,45
-36,-29,44
-37,-29,43
-39,-29,43
-38,-30,44
-34,-29,45
-34,-29,45
-37,-29,43
-37,-29,44
-36,-29,44
-36,-29,45
-36,-29,44
-37,-29,43
-36,-29,44
-36,-30,45
-36,-29,45
-36,-29,43
-36,-29,43
-36,-29,44
-36,-29,45
-36,-29,44
-37,-29,44
-36,-29,44
-36,-29,44
-36,-29,44
-36,-29,44
-36,-29,44
-36,-29,45
-36,-29,45
-36,-29,44
-36,-29,45
-36,-29,45
-36,-29,45
-36,-29,44
-36,-29,45
-36,-29,44
-35,-29,45
-36,-29,45
-36,-29,44
-36,-29,45
-36,-29,45
-36,-29,44
-36,-29,44
-36,-29,45
-36,-29,44
-36,-29,44
-36,-29,44
-36,-29,45
-36,-29,44
-36,-29,44
-36,-29,45
-36,-29,45
-36,-29,44
-36,-29,44
-36,-29,44
-36,-29,45
-36,-29,45
-36,-29,44
-36,-29,45
-36,-29,45
-36,-29,45
-36,-29,45
-36,-29,45
-36,-29,45
-36,-29,45
-35,-29,45
-36,-29,45
-36,-29,44
-36,-29,44
-36,-29,45
-36,-29,45
-36,-29,45
-36,-29,44
-36,-29,44
-36,-29,44
-36,-29,45
-36,-29,45
-36,-29,45
-36,-29,44
-36,-29,44
-36,-29,44
-36,-29,45
-36,-29,45
-36,-29,45
-36,-29,45
-36,-29,45
-36,-29,45
-36,-29,45
-36,-29,44
-36,-29,44
-36,-29,45
-36,-29,45
-36,-29,44
-36,-29,45
-36,-29,44
-36,-29,45
-36,-29,45
-36,-29,44
-36,-29,45
-36,-29,45
-36,-29,45
-36,-29,44
-36,-29,44
-36,-29,44
-36,-29,45
-36,-29,44
-36,-29,44
-36,-29,44
-36,-29,44
-36,-29,44
-36,-29,44
-36,-29,44
-36,-29,44
-36,-29,44
-36,-29,44
-36,-29,44
-36,-29,44
-36,-29,44
-36,-29,44
-36,-29,44
-36,-29,44
-36,-29,44
-36,-29,44
-36,-29,44
-36,-29,44
-36,-29,44
-36,-29,44
-36,-29,44
-36,-29,44
-37,-29,44
-36,-29,44
-36,-29,44
-36,-29,44
-36,-29,44
-36,-29,44
-36,-29,44
-36,-29,44
-36,-29,44
-36,-29,44
-36,-29,44
-36,-29,44
-36,-29,44
-36,-29,44
-36,-29,44
-36,-29,44
-36,-29,44
-36,-29,44
-36,-29,44
-36,-29,44
-36,-29,44
-36,-29,44
-36,-29,44
-36,-29,44
-36,-29,44
-36,-29,44
-36,-29,44
-36,-29,45
-36,-29,44
-36,-29,44
-36,-29,44
-36,-29,44
-36,-28,44
-36,-29,44
-36,-29,44
-36,-29,45
-36,-29,44
-36,-29,45
-36,-29,44
-36,-29,44
-36,-29,44
-36,-29,45
-36,-29,44
-36,-29,44
-36,-29,45
-36,-29,45
-36,-29,44
-36,-29,45
-36,-29,45
-36,-29,45
-36,-29,45
-36,-29,45
-36,-29,45
-36,-29,44
-36,-29,44
-36,-29,45
-36,-29,45
-36,-29,45
-36,-29,45
-36,-29,45
-36,-29,44
-36,-29,44
-36,-29,45
-36,-28,45
-36,-28,45
-36,-29,44
-36,-29,44
-36,-29,45
-36,-29,45
-36,-29,45
-36,-29,45
-36,-29,44
-36,-29,45
-36,-29,44
-36,-29,45
-36,-29,45
-36,-29,45
-36,-29,44
-36,-29,44
-36,-29,44
-36,-29,44
-36,-29,45
-36,-29,44
-36,-29,45
-36,-29,44
-36,-29,44
-36,-29,44
-36,-29,45
-36,-29,44
-36,-29,44
-36,-29,44
-36,-29,44
-36,-29,44
-37,-29,44
-36,-29,45
-36,-29,44
-36,-29,44
-36,-29,44
-36,-29,44
-36,-29,44
-36,-29,44
-36,-29,44
-37,-29,44
-36,-29,44
-36,-29,44
-36,-29,44
-36,-29,44
-36,-29,44
-36,-29,44
-36,-29,44
-36,-29,44
-36,-29,44
-36,-29,44
-36,-29,44
-36,-29,44
-36,-29,44
-36,-29,44
-36,-29,44
-36,-29,44
-36,-29,44
-36,-29,44
-36,-29,44
-36,-29,44
-36,-29,44
-36,-29,44
-36,-28,44
-36,-29,44
-36,-29,44
-36,-29,44
-36,-29,44
-36,-29,45
-36,-29,44
-36,-29,45
-36,-29,44
-36,-29,44
-36,-29,45
-36,-29,45
-36,-29,44
-36,-29,44
-36,-29,44
-36,-29,45
-36,-29,44
-36,-29,44
-36,-29,45
-36,-29,44
-36,-29,45
-36,-29,45
-36,-29,44
-36,-29,44
-36,-29,44
-36,-29,44
-36,-29,44
-36,-29,44
-36,-29,44
-36,-29,44
-36,-29,45
-36,-28,45
-36,-28,44
-36,-29,44
-36,-29,44
-36,-29,45
-36,-29,45
-36,-29,45
-36,-29,44
-36,-29,44
-36,-29,45
-36,-29,44
-36,-29,44
-36,-29,44
-36,-29,44
-36,-29,44
-36,-29,44
-36,-29,44
-36,-29,44
-36,-29,44
-36,-29,44
-36,-29,44
-36,-29,44
-36,-29,44
-37,-29,44
-36,-29,44
-36,-29,44
-36,-29,44
-36,-29,44
-36,-29,44
-37,-29,44
-37,-29,44
-37,-29,44
-36,-29,44
-36,-29,44
-36,-29,44
-37,-29,44
-37,-29,45
-36,-29,44
-36,-29,44
-37,-29,44
-37,-29,44
-36,-29,44
-36,-29,44
-36,-29,44
-36,-29,44
-36,-29,44
-36,-29,45
-36,-29,44
-36,-29,44
-37,-29,44
-36,-29,43
-36,-29,44
-37,-29,44
-37,-29,44
-37,-29,44
-36,-29,44
-36,-29,44
-37,-29,44
-37,-29,44
-37,-29,44
-36,-29,44
-36,-29,44
-36,-29,44
-36,-29,44
-36,-29,44
-36,-29,44
-36,-29,44
-37,-29,44
-36,-29,44
-36,-29,44
-36,-29,44
-36,-29,44
-37,-29,44
-37,-29,44
-38,-29,43
-37,-29,44
-37,-29,44
-37,-29,43
-38,-29,43
-37,-29,43
-37,-29,43
-39,-29,43
-37,-29,44
-34,-29,46
-34,-29,46
-37,-29,44
-39,-29,43
-35,-30,45
-34,-30,44
-32,-29,48
-33,-29,46
-34,-29,46
-33,-29,47
-32,-28,48
-31,-28,49
-31,-28,48
-34,-28,47
-34,-28,47
-32,-29,47
-31,-28,48
-32,-28,48
-33,-29,47
-34,-29,47
-33,-28,47
-32,-29,47
-32,-29,47
-33,-29,47
-33,-29,47
-33,-29,47
-33,-29,47
-34,-29,47
-33,-28,47
-33,-29,47
-33,-28,47
-33,-29,47
-33,-28,47
-33,-29,46
-34,-29,46
-34,-29,46
-33,-28,47
-33,-29,46
-34,-29,46
-33,-29,46
-33,-29,47
-33,-29,47
-34,-29,46
-34,-29,47
-33,-29,48
-33,-30,46
-35,-30,45
-33,-30,45
-32,-29,47
-30,-29,49
-35,-29,45
-35,-31,45
-30,-30,48
-27,-30,48
-28,-30,46
-29,-31,46
-28,-30,47
-27,-30,48
-27,-29,51
-29,-29,50
-33,-29,47
-32,-29,47
-29,-28,50
-30,-28,49
-32,-28,48
-31,-28,49
-31,-28,48
-30,-28,49
-29,-28,48
-30,-28,49
-32,-28,49
-34,-27,48
-35,-27,47
-35,-29,45
-33,-29,46
-35,-28,47
-35,-28,47
-34,-28,46
-35,-28,47
-36,-27,47
-30,-32,52
-38,-30,35
-34,-34,40
-30,-28,50
-27,-28,52
-32,-29,47
-36,-30,45
-35,-29,46
-33,-29,47
-33,-29,47
-34,-29,46
-33,-29,47
-33,-28,49
-32,-30,47
-33,-29,45
-34,-30,45
-33,-29,46
-33,-30,46
-32,-31,45
-32,-30,46
-33,-30,45
-33,-30,45
-33,-30,47
-34,-29,46
-36,-31,44
-34,-29,47
-29,-27,50
-30,-29,47
-35,-29,46
-34,-29,46
-33,-29,46
-33,-29,47
-33,-29,47
-33,-29,46
-32,-29,47
-32,-29,47
-33,-29,47
-33,-29,47
-32,-29,47
-33,-29,47
-33,-29,47
-32,-29,47
-32,-29,47
-32,-29,47
-33,-29,47
-33,-29,47
-32,-28,47
-32,-29,47
-32,-29,46
-33,-29,47
-32,-29,47
-32,-29,47
-33,-29,47
-33,-29,47
-33,-29,47
-33,-29,47
-33,-29,47
-33,-29,47
-33,-29,47
-33,-29,47
-33,-29,47
-33,-29,47
-33,-29,46
-33,-29,47
-33,-29,47
-33,-29,46
-33,-29,46
-33,-29,47
-33,-29,47
-33,-29,47
-33,-29,47
-33,-29,47
-33,-29,46
-33,-29,46
-33,-29,46
-33,-29,47
-33,-29,46
-33,-29,46
-33,-29,46
-33,-29,46
-33,-29,47
-33,-29,47
-33,-29,46
-33,-29,46
-33,-29,46
-33,-29,46
-33,-29,47
-33,-29,47
-33,-29,46
-33,-29,46
-33,-29,46
-33,-29,47
-33,-29,46
-33,-29,46
-33,-29,46
-33,-29,47
-33,-29,46
-33,-29,46
-33,-29,46
-33,-29,46
-33,-29,47
-33,-30,46
-33,-29,46
-33,-29,47
-33,-29,47
-33,-29,46
-33,-29,46
-33,-29,46
-33,-29,47
-33,-29,47
-33,-29,47
-33,-29,46
-33,-29,46
-34,-29,47
-33,-29,46
-33,-29,47
-33,-29,47
-34,-29,46
-34,-29,46
-33,-29,47
-33,-29,46
-33,-29,46
-33,-29,46
-33,-29,46
-33,-29,46
-33,-29,46
-33,-29,46
-33,-29,46
-33,-29,46
-33,-29,46
-33,-29,46
-33,-29,46
-34,-29,46
-33,-29,46
-33,-29,46
-33,-29,46
-33,-30,46
-34,-29,46
-33,-29,46
-33,-29,46
-33,-29,47
-33,-29,46
-33,-29,46
-33,-29,46
-33,-29,47
-33,-29,47
-33,-29,46
-34,-29,46
-34,-29,47
-33,-29,46
-34,-29,46
-34,-29,46
-33,-29,46
-33,-29,46
-34,-29,46
-33,-29,46
-34,-29,46
-34,-29,46
-34,-29,46
-33,-29,47
-33,-29,47
-33,-29,46
-33,-29,46
-34,-29,46
-34,-29,46
-34,-29,46
-33,-29,46
-34,-29,46
-33,-29,46
-34,-29,46
-33,-29,46
-34,-29,46
-34,-29,46
-33,-29,46
-34,-29,46
-34,-29,46
-33,-29,46
-34,-29,46
-34,-29,46
-34,-29,46
-34,-29,46
-34,-29,46
-34,-29,46
-34,-29,46
-34,-29,46
-34,-29,46
-34,-29,46
-34,-29,46
-34,-29,46
-34,-29,46
-34,-29,46
-34,-29,46
-34,-30,46
-34,-29,46
-34,-29,46
-34,-29,46
-34,-29,46
-34,-29,46
-33,-29,46
-34,-29,46
-34,-29,46
-34,-29,46
-34,-29,46
-34,-30,46
-34,-29,46
-34,-29,46
-33,-29,46
-34,-29,46
-34,-29,46
-34,-29,46
-34,-29,46
-34,-29,46
-34,-29,46
-34,-29,46
-34,-29,46
-34,-29,46
-34,-29,46
-34,-29,46
-34,-29,46
-34,-29,46
-34,-29,46
-34,-29,46
-34,-29,46
-34,-29,46
-34,-29,46
-34,-29,46
-34,-29,46
-34,-29,46
-33,-29,46
-34,-29,46
-34,-29,46
-34,-29,46
-33,-29,46
-34,-29,46
-34,-29,46
-33,-29,46
-34,-29,46
-34,-29,46
-34,-29,46
-34,-29,46
-34,-29,46
-34,-29,46
-34,-29,46
-34,-29,46
-34,-29,46
-34,-29,46
-34,-29,46
-34,-29,46
-34,-29,46
-34,-29,46
-34,-29,46
-34,-29,46
-34,-29,46
-34,-29,46
-34,-29,46
-34,-29,46
-34,-29,46
-34,-29,46
-34,-29,46
-34,-29,46
-34,-29,46
-33,-29,46
-34,-29,46
-34,-29,46
-34,-29,46
-34,-29,46
-34,-29,46
-34,-29,46
-34,-29,46
-34,-29,46
-34,-29,46
-34,-29,46
-34,-29,46
-34,-29,46
-34,-29,46
-34,-29,46
-34,-29,46
-34,-29,46
-34,-29,46
-34,-29,46
-34,-29,46
-34,-29,46
-34,-29,46
-34,-29,46
-34,-29,46
-34,-29,46
-34,-29,46
-34,-29,46
-34,-29,46
-34,-29,46
-34,-29,46
-34,-29,46
-34,-29,46
-34,-29,45
-34,-29,46
-34,-29,46
-34,-29,46
-34,-29,46
-34,-29,46
-34,-29,46
-34,-29,46
-34,-29,45
-34,-29,46
-34,-29,46
-34,-29,46
-34,-29,46
-34,-29,46
-34,-29,46
-34,-29,46
-34,-29,46
-34,-29,46
-34,-29,46
-34,-29,46
-34,-29,46
-34,-29,46
-34,-29,46
-34,-29,46
-34,-29,46
-34,-29,46
-34,-29,46
-34,-29,46
-34,-29,46
-34,-29,46
-34,-29,46
-34,-29,46
-34,-29,46
-34,-29,46
-34,-29,46
-34,-29,46
-34,-29,46
-34,-29,46
-34,-29,46
-34,-29,46
-34,-29,46
-34,-29,46
-34,-29,46
-34,-29,46
-34,-29,46
-34,-29,46
-34,-29,46
-34,-29,46
-34,-29,46
-34,-29,46
-34,-29,46
-34,-29,46
-34,-29,46
-34,-29,46
-34,-29,46
-34,-29,46
-34,-29,46
-34,-29,46
-33,-29,46
-34,-29,45
-34,-29,46
-34,-28,46
-34,-29,46
-34,-30,46
-34,-29,46
-34,-29,46
-33,-29,46
-34,-29,46
-34,-29,46
-34,-29,46
-34,-29,46
-34,-29,46
-34,-29,46
-34,-29,46
-34,-29,46
-34,-29,46
-34,-29,46
-34,-29,46
-34,-29,46
-34,-29,46
-34,-29,46
-34,-29,46
-34,-29,46
-34,-29,46
-34,-29,46
-34,-29,46
-34,-29,46
-34,-29,46
-34,-29,46
-34,-29,46
-34,-29,46
-34,-29,46
-34,-29,46
-34,-29,46
-34,-29,46
-34,-29,46
-34,-29,46
-34,-29,46
-34,-29,46
-34,-29,46
-34,-29,46
-34,-29,46
-34,-29,46
-34,-29,46
-34,-29,46
-34,-29,46
-34,-29,46
-34,-29,46
-34,-29,46
-34,-29,46
-34,-29,46
-34,-29,46
-34,-29,46
-34,-29,46
-34,-29,46
-34,-29,46
-34,-29,46
-34,-29,46
-34,-29,46
-34,-29,46
-34,-29,46
-34,-29,46
-34,-29,46
-34,-29,46
-34,-29,46
-34,-29,46
-34,-29,46
-34,-29,46
-34,-29,46
-34,-29,46
-34,-29,46
-34,-29,46
-34,-29,46
-34,-29,46
-34,-29,46
-34,-30,45
-34,-29,46
-34,-29,46
-34,-29,46
-34,-29,46
-34,-29,46
-34,-29,46
-34,-30,46
-34,-29,46
-34,-29,46
-34,-29,46
-34,-29,45
-34,-30,45
-34,-29,46
-34,-29,46
-34,-29,46
-34,-29,46
-34,-29,45
-34,-29,46
-34,-29,45
-34,-29,45
-34,-29,46
-34,-29,46
-34,-29,46
-34,-29,46
-34,-29,46
-34,-29,46
-34,-29,46
-34,-29,46
-34,-29,46
-34,-29,46
-34,-29,46
-34,-30,46
-34,-29,46
-34,-29,46
-34,-29,46
-34,-29,46
-34,-29,46
-34,-29,46
-34,-29,46
-34,-29,46
-34,-29,46
-34,-29,46
-34,-29,46
-34,-29,46
-34,-29,46
-34,-29,46
-34,-29,46
-34,-29,46
-34,-29,46
-34,-29,46
-34,-29,46
-34,-29,46
-34,-29,46
-34,-29,46
-34,-29,46
-34,-29,46
-34,-29,46
-34,-29,46
-34,-29,46
-34,-29,46
-34,-29,46
-34,-29,46
-34,-29,46
-34,-29,46
-34,-30,46
-34,-29,46
-34,-29,46
-34,-29,46
-34,-29,46
-34,-29,46
-34,-29,46
-34,-29,46
-34,-29,46
-34,-29,46
-34,-29,46
-34,-29,46
-34,-29,46
-34,-29,46
-34,-29,46
-34,-29,46
-34,-29,46
-34,-29,46
-34,-29,46
-34,-29,46
-34,-29,46
-34,-29,46
-34,-29,46
-34,-29,46
-34,-29,46
-34,-29,46
-34,-29,46
-34,-29,46
-34,-29,46
-34,-29,45
-34,-29,46
-34,-29,46
-34,-29,46
-34,-29,46
-34,-29,46
-34,-30,46
-34,-29,47
-34,-29,45
-33,-29,45
-34,-29,46
-34,-29,45
-34,-29,46
-34,-29,46
-34,-29,46
-34,-29,46
-34,-29,46
-34,-29,46
-34,-29,46
-34,-29,46
-34,-29,45
-34,-29,46
-34,-29,45
-34,-29,46
-34,-29,46
-34,-29,46
-34,-29,46
-34,-29,46
-34,-29,46
-34,-29,46
-34,-29,46
-34,-29,45
-34,-29,46
-34,-29,46
-34,-29,46
-34,-29,46
-34,-29,46
-34,-30,46
-34,-29,46
-34,-29,46
-34,-29,46
-34,-29,46
-34,-29,46
-34,-29,46
-34,-29,46
-34,-29,46
-34,-29,46
-34,-29,46
-34,-29,46
-34,-29,46
-34,-29,46
-34,-29,46
-34,-29,46
-34,-29,46
-34,-29,46
-34,-29,46
-34,-29,46
-34,-29,46
-34,-29,46
-34,-29,46
-34,-29,46
-34,-29,46
-34,-29,46
-34,-29,46
-34,-29,46
-34,-29,46
-34,-29,46
-34,-29,46
-34,-29,46
-34,-29,46
-34,-29,46
-34,-29,46
-34,-29,46
-34,-29,46
-34,-30,46
-34,-29,46
-34,-29,46
-34,-29,46
-34,-29,46
-34,-29,46
-34,-29,46
-34,-29,46
-34,-29,46
-34,-29,46
-34,-29,46
-34,-29,46
-34,-29,46
-34,-29,46
-34,-29,46
-34,-29,46
-34,-29,46
-34,-29,46
-34,-29,46
-34,-29,46
-34,-30,46
-34,-29,46
-34,-29,46
-34,-29,46
-33,-29,46
-34,-29,46
-34,-29,46
-34,-29,46
-34,-29,46
-34,-29,46
-34,-29,45
-34,-30,46
-34,-29,46
-34,-29,46
-34,-29,46
-34,-29,46
-34,-29,46
-34,-29,46
-34,-29,46
-34,-29,46
-34,-29,46
-34,-29,46
-34,-29,46
-34,-29,46
-34,-29,45
-34,-29,45
-34,-29,46
-34,-29,46
-34,-29,46
-34,-29,46
-34,-29,46
-34,-29,46
-34,-29,45
-34,-29,46
-34,-29,46
-34,-29,46
-34,-29,46
-34,-29,46
-34,-29,46
-34,-29,46
-34,-29,46
-34,-29,46
-34,-29,46
-34,-29,46
-34,-29,46
-34,-29,46
-34,-29,46
-34,-29,46
-34,-29,46
-34,-29,46
-34,-29,46
-34,-29,46
-34,-29,46
-34,-29,46
-34,-29,45
-34,-29,46
-34,-29,46
-34,-29,46
-34,-29,46
-34,-29,46
-34,-29,46
-34,-29,46
-34,-29,46
-34,-29,46
-34,-29,46
-34,-29,46
-34,-29,46
-34,-29,46
-34,-29,46
-34,-29,46
-34,-29,46
-34,-29,46
-34,-29,46
-34,-29,46
-34,-29,46
-34,-29,46
-34,-29,46
-34,-29,46
-34,-29,46
-34,-29,46
-34,-29,46
-34,-29,46
-34,-29,46
-34,-29,46
-34,-29,46
-34,-29,46
-34,-29,46
-34,-29,46
-34,-29,46
-34,-29,46
-34,-29,46
-34,-29,46
-34,-29,46
-34,-29,46
-34,-29,46
-34,-29,46
-34,-29,46
-34,-29,46
-34,-29,46
-34,-29,46
-34,-29,46
-34,-29,46
-34,-29,46
-34,-29,46
-34,-29,46
-34,-29,45
-34,-29,46
-34,-29,46
-34,-29,46
-34,-29,46
-34,-29,46
-34,-29,46
-34,-29,46
-34,-29,46
-34,-29,46
-34,-29,45
-34,-30,46
-34,-29,46
-34,-29,46
-34,-29,46
-34,-29,45
-34,-30,45
-34,-29,46
-34,-29,46
-34,-29,46
-34,-29,46
-34,-29,45
-34,-29,46
-34,-29,46
-34,-29,46
-34,-29,46
-34,-29,46
-34,-29,46
-34,-29,46
-34,-29,46
-34,-29,46
-34,-29,46
-34,-29,46
-34,-29,46
-34,-29,46
-34,-29,46
-34,-29,46
-34,-29,46
-34,-29,46
-34,-29,46
-34,-29,45
-34,-29,46
-34,-29,46
-34,-29,46
-34,-29,46
-34,-29,45
-34,-29,46
-34,-29,46
-34,-29,46
-34,-29,46
-34,-29,46
-34,-29,46
-34,-29,46
-34,-29,46
-34,-29,46
-34,-29,46
-34,-29,46
-34,-29,46
-34,-29,46
-34,-29,46
-34,-29,46
-34,-29,46
-34,-29,46
-34,-29,46
-34,-29,46
-34,-29,46
-34,-29,46
-34,-29,46
-34,-29,46
-34,-29,46
-34,-29,46
-34,-29,46
-34,-29,46
-34,-29,46
-34,-29,46
-34,-30,46
-34,-29,46
-34,-29,46
-34,-29,46
-34,-29,46
-34,-29,46
-34,-29,46
-34,-29,46
-34,-29,46
-34,-29,46
-34,-29,46
-34,-29,46
-34,-29,46
-34,-29,46
-34,-29,46
-34,-29,46
-34,-29,46
-34,-29,46
-34,-29,46
-34,-29,46
-34,-29,46
-34,-29,46
-34,-29,46
-34,-29,46
-34,-29,46
-34,-29,46
-34,-29,46
-34,-29,46
-34,-29,46
-34,-29,45
-34,-30,45
-34,-29,46
-34,-29,46
-34,-29,46
-34,-29,46
-34,-29,46
-34,-30,45
-34,-29,46
-34,-29,46
-34,-29,46
-34,-29,46
-34,-29,46
-34,-29,45
-34,-29,46
-34,-29,46
-34,-29,46
-34,-29,46
-34,-29,46
-34,-29,46
-34,-29,46
-34,-29,46
-34,-29,46
-34,-29,46
-34,-29,46
-34,-29,46
-34,-29,46
-34,-29,46
-34,-29,46
-34,-29,46
-34,-29,45
-34,-30,45
-34,-30,46
-34,-29,46
-34,-29,46
-34,-29,46
-34,-29,46
-34,-29,46
-34,-29,46
-34,-29,46
-34,-29,46
-34,-29,46
-34,-29,46
-34,-29,46
-34,-29,46
-34,-29,46
-34,-29,46
-34,-29,46
-34,-29,46
-34,-29,46
-34,-29,46
-34,-29,46
-34,-29,46
-34,-29,46
-34,-29,46
-34,-29,46
-34,-29,46
-34,-29,46
-34,-29,46
-34,-29,46
-34,-29,46
-34,-29,46
-34,-30,46
-34,-29,46
-34,-29,46
-34,-29,46
-34,-29,46
-34,-29,46
-34,-29,46
-34,-29,46
-34,-29,46
-34,-29,46
-34,-29,46
-34,-29,46
-34,-29,46
-34,-29,46
-34,-29,46
-34,-29,46
-34,-29,46
-34,-29,46
-34,-29,46
-34,-29,46
-34,-29,46
-34,-29,46
-34,-29,46
-34,-29,46
-34,-29,46
-34,-29,46
-34,-29,46
-34,-29,46
-34,-29,46
-34,-29,46
-34,-30,46
-34,-29,46
-34,-29,46
-34,-29,46
-34,-29,46
-34,-29,45
-34,-29,46
-34,-29,46
-34,-29,46
-34,-29,46
-34,-29,46
-34,-29,46
-34,-29,46
-34,-29,45
-34,-29,46
-34,-29,46
-34,-29,45
-34,-29,46
-34,-29,45
-34,-29,45
-34,-29,45
-34,-29,45
-34,-29,45
-34,-29,45
-34,-29,45
-35,-29,46
-34,-29,46
-34,-29,46
-34,-29,45
-34,-30,45
-34,-29,46
-34,-29,46
-34,-29,46
-34,-29,46
-34,-29,45
-34,-30,45
-34,-29,46
-34,-29,45
-34,-29,46
-34,-29,46
-34,-29,46
-34,-29,46
-34,-29,46
-34,-29,46
-34,-29,46
-34,-29,46
-34,-29,46
-34,-29,45
-34,-29,46
-34,-29,46
-34,-29,46
-34,-29,46
-34,-29,46
-34,-30,45
-34,-29,45
-34,-29,46
-34,-29,46
-34,-29,46
-34,-30,46
-34,-29,46
-34,-29,46
-34,-29,46
-34,-29,46
-34,-29,45
-34,-29,46
-34,-29,46
-34,-29,46
-34,-29,46
-34,-29,46
-34,-29,46
-34,-29,46
-34,-29,46
-34,-29,46
-34,-29,46
-34,-29,46
-34,-29,46
-34,-29,46
-34,-29,46
-34,-29,46
-34,-29,46
-34,-29,46
-34,-29,46
-34,-29,46
-34,-29,46
-34,-29,46
-34,-29,46
-34,-29,46
-34,-29,46
-34,-30,46
-34,-29,46
-34,-29,46
-34,-29,46
-34,-29,46
-34,-29,46
-34,-29,46
-34,-29,46
-34,-29,46
-34,-29,46
-34,-29,46
-34,-29,45
-34,-29,46
-34,-29,46
-34,-29,46
-34,-29,46
-34,-29,46
-34,-29,46
-34,-29,46
-34,-29,46
-34,-29,46
-34,-29,46
-34,-29,46
-34,-29,45
-34,-29,46
-34,-29,46
-34,-29,46
-34,-29,46
-34,-29,46
-34,-30,45
-34,-29,46
-34,-29,46
-34,-29,46
-34,-29,46
-34,-29,45
-34,-30,46
-34,-29,45
-34,-29,45
-34,-29,46
-34,-29,46
-34,-29,45
-34,-29,45
-34,-29,46
-34,-29,45
-34,-30,46
-34,-29,46
-34,-29,45
-34,-29,45
-34,-29,46
-34,-29,46
-34,-29,46
-34,-29,46
-34,-29,46
-34,-29,46
-34,-29,46
-34,-29,46
-34,-29,45
-34,-29,46
-34,-30,45
-34,-29,45
-34,-29,46
-34,-29,46
-34,-29,46
-34,-29,45
-34,-29,46
-34,-29,46
-34,-29,46
-34,-29,46
-34,-29,46
-34,-29,46
-34,-29,46
-34,-29,46
-34,-29,46
-34,-29,46
-34,-29,46
-34,-29,46
-34,-29,46
-34,-29,46
-34,-29,46
-34,-29,45
-34,-29,46
-34,-29,46
-34,-29,46
-34,-29,46
-34,-29,45
-34,-29,46
-34,-29,45
-34,-30,46
-34,-30,46
-34,-29,46
-34,-29,46
-34,-29,46
-34,-29,46
-34,-29,46
-34,-29,46
-34,-29,46
-34,-29,46
-34,-29,46
-34,-29,46
-34,-29,46
-34,-29,46
-34,-29,46
-34,-29,46
-34,-29,46
-34,-29,46
-34,-29,46
-34,-29,46
-34,-29,46
-34,-29,46
-34,-29,46
-34,-29,46
-34,-29,45
-34,-29,46
-34,-29,45
-34,-29,46
-34,-29,46
-34,-29,45
-34,-30,45
-34,-29,46
-34,-29,46
-34,-29,46
-34,-29,46
-34,-29,45
-34,-29,46
-34,-29,46
-34,-29,46
-34,-29,46
-34,-29,45
-34,-29,45
-34,-29,45
-34,-29,46
-34,-29,45
-34,-29,46
-34,-29,46
-34,-29,46
-34,-29,45
-34,-29,45
-34,-29,46
-34,-29,46
-34,-29,45
-34,-29,45
-35,-29,46
-34,-29,45
-34,-29,46
-34,-29,45
-34,-30,45
-34,-30,45
-34,-29,46
-34,-29,46
-34,-29,46
-34,-29,45
-34,-29,46
-34,-29,46
-34,-29,45
-34,-29,46
-34,-29,46
-34,-29,45
-34,-29,46
-34,-29,46
-34,-29,46
-34,-29,46
-34,-29,45
-34,-29,45
-34,-29,46
-34,-29,46
-34,-29,46
-34,-29,45
-34,-29,46
-34,-29,46
-34,-29,45
-34,-29,46
-34,-29,46
-34,-29,46
-34,-29,46
-34,-29,45
-34,-30,45
-34,-29,46
-34,-29,46
-34,-29,46
-34,-29,46
-34,-29,45
-34,-29,46
-34,-29,46
-34,-29,46
-34,-29,46
-34,-29,46
-34,-29,45
-34,-29,46
-34,-29,46
-34,-29,46
-34,-29,46
-34,-29,46
-34,-29,46
-34,-29,46
-34,-29,46
-34,-29,46
-34,-29,46
-34,-29,46
-34,-29,46
-34,-29,46
-34,-29,46
-34,-30,46
-34,-29,46
-34,-29,46
-34,-29,46
-34,-29,46
-34,-30,46
-34,-29,46
-34,-29,45
-34,-29,46
-34,-29,46
-34,-29,45
-34,-29,46
-34,-29,46
-34,-29,46
-34,-29,45
-34,-29,46
-34,-29,46
-34,-29,46
-34,-29,46
-34,-29,46
-34,-29,46
-34,-29,45
-34,-29,46
-34,-29,46
-34,-29,45
-34,-29,45
-34,-29,46
-34,-29,46
-34,-29,46
-34,-29,45
-34,-29,45
-34,-29,46
-34,-29,46
-34,-29,46
-34,-29,45
-34,-30,45
-34,-29,45
-34,-29,45
-34,-29,45
-34,-29,46
-35,-29,45
-34,-29,45
-34,-29,45
-35,-30,45
-34,-29,46
-34,-29,45
-34,-29,45
-34,-29,45
-34,-29,45
-34,-29,45
-34,-29,45
-34,-29,45
-34,-29,45
-34,-29,46
-34,-29,45
-34,-29,45
-34,-29,45
-34,-29,46
-34,-29,46
-34,-29,45
-34,-29,46
-34,-29,46
-34,-29,46
-34,-29,45
-34,-29,45
-34,-29,45
-34,-29,46
-34,-29,46
-34,-29,46
-34,-29,46
-35,-29,45
-34,-29,46
-34,-29,46
-34,-29,46
-34,-29,46
-34,-29,46
-34,-29,46
-34,-29,46
-34,-29,46
-34,-29,46
-34,-29,46
-34,-29,46
-34,-29,45
-34,-29,45
-34,-29,46
-34,-29,46
-34,-29,46
-34,-29,46
-34,-29,46
-34,-29,46
-34,-29,46
-34,-29,46
-34,-29,46
-34,-29,45
-34,-29,45
-34,-29,46
-34,-29,46
-34,-29,46
-34,-29,46
-34,-29,46
-34,-29,46
-34,-29,46
-34,-29,46
-34,-29,46
-34,-29,46
-34,-29,46
-34,-29,45
-34,-29,46
-34,-29,46
-34,-29,45
-34,-29,46
-34,-29,46
-34,-29,46
-34,-29,46
-34,-29,46
-34,-29,46
-34,-29,46
-34,-29,46
-34,-29,46
-34,-29,45
-34,-30,46
-35,-29,46
-34,-29,46
-34,-29,45
-34,-29,45
-34,-30,45
-34,-29,46
-34,-29,46
-34,-29,45
-34,-29,45
-34,-29,45
-34,-29,46
-34,-29,45
-34,-29,45
-34,-30,45
-35,-29,45
-34,-29,45
-34,-30,45
-34,-29,45
-35,-29,45
-34,-29,45
-34,-29,45
-34,-29,45
-34,-29,45
-34,-30,45
-35,-30,45
-34,-29,46
-34,-29,45
-34,-30,45
-35,-29,45
-34,-29,45
-34,-29,45
-34,-29,45
-34,-30,45
-34,-29,46
-35,-29,46
-34,-29,45
-34,-29,46
-34,-29,45
-34,-29,46
-34,-29,45
-34,-29,46
-34,-29,46
-34,-29,46
-34,-29,45
-34,-29,46
-34,-29,46
-34,-29,46
-34,-29,46
-34,-29,45
-34,-29,45
-34,-29,45
-34,-29,46
-34,-29,45
-34,-29,46
-34,-29,46
-34,-29,46
-34,-29,46
-34,-29,46
-34,-29,45
-34,-29,45
-34,-30,45
-34,-29,46
-34,-29,46
-34,-29,46
-34,-29,46
-34,-29,45
-34,-29,45
-34,-29,46
-34,-29,46
-34,-29,46
-34,-29,46
-34,-29,46
-34,-29,46
-34,-29,46
-34,-29,46
-34,-29,45
-34,-29,46
-34,-29,46
-34,-29,45
-34,-29,46
-34,-29,46
-34,-29,46
-34,-29,46
-34,-29,46
-34,-29,46
-34,-29,46
-34,-29,46
-34,-29,46
-34,-29,46
-34,-29,46
-34,-29,46
-34,-29,46
-34,-29,46
-34,-29,46
-34,-29,45
-34,-29,46
-34,-29,46
-34,-29,46
-34,-29,46
-34,-29,46
-34,-29,45
-34,-29,46
-34,-29,45
-34,-29,46
-34,-29,46
-34,-29,46
-34,-29,45
-34,-29,46
-34,-29,45
-34,-29,46
-34,-29,46
-34,-29,45
-34,-30,46
-34,-29,45
-34,-29,46
-34,-29,46
-34,-29,45
-34,-30,45
-34,-29,46
-34,-29,45
-34,-29,46
-34,-29,46
-34,-29,45
-34,-29,45
-34,-29,46
-34,-30,45
-34,-29,45
-34,-29,46
-34,-29,45
-34,-29,45
-34,-29,45
-34,-29,45
-34,-29,45
-34,-29,46
-34,-29,46
-34,-29,45
-34,-29,45
-34,-29,45
-34,-29,45
-34,-29,45
-35,-29,46
-34,-29,45
-34,-29,46
-34,-29,45
-34,-30,45
-34,-29,45
-34,-29,45
-34,-29,46
-34,-29,46
-34,-29,45
-34,-29,46
-34,-29,45
-34,-29,45
-34,-29,45
-34,-29,46
-34,-29,46
-34,-29,46
-34,-29,46
-34,-29,46
-34,-29,45
-34,-29,46
-34,-29,46
-34,-29,46
-34,-29,46
-34,-29,46
-34,-29,46
-34,-29,46
-34,-29,46
-34,-29,45
-34,-29,46
-34,-29,46
-34,-29,46
-34,-29,45
-34,-29,46
-34,-29,46
-34,-29,46
-34,-29,46
-34,-29,45
-34,-29,46
-34,-29,46
-34,-29,46
-34,-29,46
-34,-29,46
-34,-29,45
-34,-29,46
-34,-29,46
-34,-29,46
-34,-29,46
-34,-29,46
-34,-29,46
-34,-29,45
-34,-29,46
-34,-29,46
-34,-29,46
-34,-29,46
-34,-29,45
-34,-29,46
-34,-29,45
-34,-29,46
-34,-29,46
-34,-29,46
-34,-29,45
-34,-29,46
-34,-29,46
-34,-29,46
-34,-29,46
-34,-29,46
-34,-29,46
-34,-29,46
-34,-29,46
-34,-29,46
-34,-29,46
-34,-29,46
-34,-29,46
-34,-29,46
-34,-29,46
-34,-29,46
-34,-29,46
-34,-29,46
-34,-29,45
-34,-29,46
-34,-29,45
-34,-29,46
-34,-29,46
-34,-29,45
-34,-29,46
-34,-29,45
-34,-29,46
-35,-29,46
-34,-29,45
-34,-30,45
-34,-29,45
-35,-29,46
-34,-29,46
-34,-29,45
-34,-29,45
-34,-29,46
-35,-29,45
-34,-29,45
-34,-29,46
-34,-29,46
-35,-29,45
-34,-29,45
-34,-29,45
-34,-29,45
-34,-29,45
-34,-29,45
-34,-29,46
-34,-29,45
-34,-29,45
-34,-29,46
-34,-29,45
-34,-29,45
-35,-29,46
-35,-29,45
-34,-29,46
-34,-29,45
-34,-30,46
-34,-30,46
-34,-29,46
-34,-29,46
-34,-29,46
-34,-29,46
-34,-29,45
-34,-29,46
-34,-29,45
-34,-29,45
-34,-29,46
-34,-29,46
-34,-29,45
-34,-29,46
-34,-29,46
-34,-29,46
-34,-29,46
-34,-29,46
-34,-29,46
-34,-29,46
-34,-29,46
-34,-29,46
-34,-29,46
-34,-29,46
-34,-29,46
-34,-29,46
-35,-29,46
-34,-29,46
-34,-29,46
-34,-29,46
-34,-29,46
-34,-29,46
-34,-29,46
-34,-29,46
-34,-29,46
-34,-29,46
-34,-29,46
-34,-29,46
-34,-29,46
-34,-29,46
-34,-29,46
-34,-29,46
-34,-29,46
-34,-29,46
-34,-29,46
-34,-29,46
-34,-29,46
-34,-29,46
-34,-29,46
-34,-29,46
-34,-29,46
-34,-29,46
-34,-29,46
-34,-29,46
-34,-29,46
-34,-29,46
-34,-29,46
-34,-29,46
-34,-29,45
-34,-29,45
-34,-29,45
-34,-29,46
-34,-29,45
-34,-29,45
-34,-29,46
-34,-29,46
-34,-29,46
-34,-29,46
-34,-29,45
-34,-29,46
-34,-29,46
-34,-29,46
-34,-29,45
-34,-29,46
-35,-29,46
-34,-29,46
-34,-29,46
-34,-29,46
-34,-29,46
-34,-29,45
-34,-29,45
-34,-29,45
-34,-29,46
-35,-29,46
-34,-29,45
-34,-30,45
-34,-29,45
-34,-29,46
-34,-29,46
-34,-29,45
-34,-29,46
-35,-29,45
-34,-29,45
-34,-29,45
-34,-29,45
-34,-29,46
-35,-29,46
-34,-29,45
-34,-29,45
-35,-29,45
-34,-29,46
-34,-29,45
-35,-29,46
-35,-29,45
-34,-30,45
-35,-29,45
-35,-29,46
-35,-30,45
-35,-29,45
-35,-30,45
-34,-30,45
-35,-29,45
-35,-29,45
-34,-29,45
-35,-29,45
-35,-29,45
-35,-30,45
-35,-29,45
-35,-29,45
-35,-30,45
-35,-29,45
-35,-29,45
-35,-30,45
-35,-29,45
-35,-30,45
-35,-29,45
-35,-30,44
-35,-30,45
-35,-30,45
-35,-29,45
-36,-30,44
-35,-29,45
-35,-30,45
-35,-30,45
-36,-30,44
-35,-29,45
-35,-30,45
-35,-30,44
-35,-30,45
-35,-29,44
-35,-30,44
-35,-30,45
-35,-30,45
-36,-30,44
-36,-30,45
-35,-30,44
-35,-30,44
-36,-30,43
-36,-30,44
-35,-30,43
-35,-30,44
-36,-29,44
-34,-28,43
-37,-30,44
-39,-33,46
-40,-27,50
-37,-27,45
-28,-33,41
-45,-15,32
-44,-25,21
-27,-33,63
-31,-22,58
-43,-31,34
-43,-28,42
-35,-30,43
-33,-30,49
-38,-29,43
-38,-31,39
-36,-28,43
-38,-30,45
-40,-28,43
-39,-27,41
-37,-28,44
-38,-29,44
-38,-30,44
-35,-30,45
-36,-30,44
-38,-29,44
-37,-30,44
-36,-30,45
-35,-29,46
-35,-30,47
-33,-32,45
-33,-32,45
-32,-31,46
-33,-32,44
-32,-33,46
-31,-33,46
-30,-34,46
-27,-32,46
-25,-30,47
-28,-29,47
-24,-26,49
-23,-37,39
-22,-39,44
-17,-37,47
-19,-33,44
-23,-35,42
-22,-38,45
-21,-35,52
-23,-31,53
-23,-33,51
-20,-33,52
-21,-29,57
-23,-30,58
-23,-30,54
-22,-29,52
-25,-28,50
-27,-25,50
-33,-27,52
-36,-26,51
-38,-27,50
-28,-27,50
-27,-25,51
-34,-29,47
-34,-29,45
-32,-27,47
-31,-28,48
-31,-28,50
-33,-28,50
-35,-29,50
-34,-27,49
-30,-26,51
-28,-26,51
-24,-28,46
-25,-30,46
-28,-28,51
-28,-27,52
-27,-30,51
-28,-30,48
-29,-27,48
-29,-27,52
-29,-29,50
-28,-28,49
-29,-28,49
-29,-28,50
-29,-28,49
-30,-28,49
-31,-29,50
-31,-28,50
-29,-29,49
-29,-28,49
-29,-29,49
-31,-30,43
-31,-30,45
-30,-27,49
-28,-25,50
-25,-27,52
-27,-28,53
-31,-27,52
-32,-27,51
-34,-28,48
-33,-29,47
-32,-30,45
-32,-30,45
-33,-28,47
-32,-28,48
-32,-26,50
-33,-27,50
-32,-27,49
-32,-28,48
-33,-28,47
-33,-28,47
-33,-28,47
-32,-28,47
-33,-28,48
-33,-28,48
-33,-27,48
-32,-27,48
-32,-27,48
-33,-28,48
-33,-28,47
-33,-28,47
-33,-28,47
-33,-27,48
-33,-27,48
-33,-27,48
-33,-27,48
-33,-28,48
-33,-28,47
-33,-27,47
-33,-28,47
-33,-28,47
-33,-28,47
-33,-28,48
-34,-28,47
-33,-27,48
-33,-27,47
-33,-28,47
-33,-28,47
-34,-28,47
-34,-28,47
-33,-27,47
-33,-28,47
-33,-28,47
-33,-27,47
-33,-27,48
-34,-29,45
-34,-29,46
-33,-27,48
-33,-26,48
-33,-27,48
-33,-28,47
-34,-28,46
-34,-28,46
-33,-27,48
-33,-27,48
-33,-28,47
-33,-28,47
-34,-27,47
-33,-28,47
-33,-27,47
-33,-28,47
-33,-28,47
-33,-28,47
-33,-28,47
-33,-27,47
-33,-27,48
-33,-28,47
-33,-27,47
-34,-27,47
-33,-28,47
-33,-27,48
-33,-27,48
-33,-28,47
-33,-27,47
-33,-28,47
-33,-28,47
-33,-27,47
-33,-27,47
-33,-28,48
-33,-27,48
-32,-27,47
-33,-28,47
-34,-27,47
-33,-28,48
-33,-27,48
-33,-28,47
-33,-28,47
-33,-28,48
-33,-27,48
-33,-27,48
-33,-27,48
-33,-27,47
-33,-28,48
-33,-27,48
-33,-28,48
-32,-27,48
-33,-28,48
-33,-28,48
-32,-28,47
-32,-27,48
-33,-28,48
-32,-27,48
-32,-27,48
-33,-28,48
-33,-28,48
-32,-27,47
-32,-28,47
-34,-28,48
-33,-27,48
-33,-27,48
-33,-27,47
-32,-28,47
-33,-28,47
-33,-28,48
-33,-28,47
-32,-27,47
-33,-27,48
-33,-28,47
-33,-28,47
-33,-28,47
-33,-28,47
-33,-28,47
-33,-28,47
-33,-28,47
-33,-28,47
-33,-28,47
-33,-28,47
-33,-28,47
-33,-28,47
-33,-28,48
-33,-28,47
-33,-28,48
-33,-27,47
-33,-28,48
-33,-28,47
-34,-28,47
-33,-27,48
-33,-27,47
-33,-28,47
-33,-28,47
-33,-28,48
-33,-28,47
-33,-27,48
-33,-27,48
-33,-28,47
-33,-28,48
-33,-28,47
-33,-28,47
-33,-28,48
-33,-28,47
-33,-28,47
-33,-28,48
-33,-27,48
-33,-28,47
-33,-28,47
-33,-28,47
-33,-28,47
-33,-28,47
-33,-28,47
-33,-27,48
-33,-28,47
-33,-28,47
-34,-28,47
-33,-28,48
-33,-27,47
-33,-28,47
-33,-28,47
-33,-28,47
-33,-28,47
-33,-28,48
-33,-28,47
-33,-28,47
-33,-28,47
-33,-28,47
-33,-28,47
-33,-28,47
-33,-28,47
-33,-28,47
-33,-28,47
-33,-28,47
-34,-28,47
-33,-28,47
-34,-28,47
-33,-28,47
-33,-28,47
-32,-28,47
-30,-30,49
-32,-28,47
-37,-26,45
-37,-26,45
-35,-27,45
-36,-27,45
-39,-27,45
-40,-28,42
-41,-27,42
-40,-28,43
-39,-28,44
-39,-27,44
-39,-27,43
-38,-27,44
-36,-28,45
-35,-27,46
-34,-27,46
-34,-27,47
-37,-27,45
-37,-27,45
-36,-27,45
-36,-28,46
-36,-28,45
-36,-28,45
-35,-28,46
-36,-27,46
-36,-28,46
-35,-27,46
-35,-28,45
-35,-28,46
-36,-28,46
-35,-27,46
-35,-28,46
-35,-28,46
-35,-28,46
-35,-28,46
-35,-28,46
-35,-28,46
-35,-28,46
-35,-28,46
-35,-27,46
-35,-27,46
-35,-27,46
-35,-28,46
-35,-28,46
-35,-28,46
-35,-28,46
-35,-27,46
-35,-28,46
-36,-27,46
-35,-28,46
-35,-27,46
-35,-28,46
-35,-28,46
-35,-27,46
-35,-27,46
-34,-27,46
-35,-28,46
-35,-28,46
-35,-28,46
-35,-28,46
-35,-28,46
-35,-28,46
-35,-28,46
-35,-28,46
-35,-28,46
-35,-27,46
-35,-27,46
-35,-27,46
-35,-28,46
-35,-28,46
-35,-28,46
-35,-28,46
-35,-27,46
-35,-28,46
-35,-28,46
-36,-28,46
-35,-28,46
-35,-27,46
-35,-28,46
-35,-28,46
-35,-28,46
-35,-28,46
-35,-28,46
-35,-27,46
-35,-28,46
-35,-28,46
-35,-28,46
-35,-28,46
-35,-28,46
-35,-28,46
-35,-28,46
-35,-28,46
-35,-28,46
-35,-27,46
-35,-28,46
-35,-28,46
-35,-28,46
-35,-28,46
-35,-27,46
-35,-28,46
-35,-27,46
-35,-28,46
-35,-28,46
-35,-28,46
-35,-28,46
-35,-28,46
-35,-28,46
-35,-28,46
-35,-28,46
-35,-28,46
-35,-28,46
-35,-28,46
-35,-28,46
-35,-28,46
-35,-28,46
-35,-27,46
-35,-27,46
-34,-28,46
-35,-28,46
-35,-28,46
-35,-28,46
-35,-27,46
-35,-28,46
-35,-27,46
-35,-28,46
-35,-28,46
-35,-28,46
-35,-28,46
-35,-28,46
-35,-27,46
-35,-28,46
-35,-28,46
-35,-28,46
-35,-28,46
-35,-28,46
-35,-28,46
-35,-28,46
-35,-27,46
-35,-28,46
-35,-28,46
-35,-28,46
-35,-28,46
-35,-28,46
-35,-27,46
-35,-28,46
-35,-28,46
-35,-28,46
-35,-27,46
-36,-28,46
-36,-28,46
-35,-27,46
-35,-27,46
-35,-28,46
-35,-28,46
-35,-28,46
-35,-28,46
-35,-28,46
-35,-28,46
-35,-28,46
-35,-28,46
-35,-28,46
-35,-28,46
-35,-28,46
-35,-28,46
-35,-28,46
-35,-28,46
-35,-28,46
-35,-28,46
-35,-28,46
-35,-28,46
-35,-28,46
-35,-28,46
-35,-28,46
-35,-28,46
-35,-28,46
-35,-28,46
-35,-27,46
-35,-28,46
-36,-28,46
-35,-28,46
-35,-27,46
-35,-28,46
-35,-28,46
-35,-28,46
-35,-28,46
-35,-28,46
-35,-28,46
-35,-27,46
-35,-28,46
-35,-28,46
-35,-28,46
-35,-28,46
-35,-28,46
-35,-28,46
-35,-28,46
-35,-28,46
-35,-28,46
-35,-28,46
-35,-28,46
-35,-28,46
-35,-27,46
-35,-28,46
-35,-28,46
-35,-28,46
-35,-27,46
-35,-28,46
-35,-28,46
-35,-28,46
-36,-28,46
-35,-27,46
-35,-27,46
-35,-27,46
-35,-28,46
-35,-28,46
-35,-28,46
-35,-28,46
-35,-28,46
-35,-28,46
-35,-28,46
-35,-28,46
-35,-28,46
-35,-28,46
-35,-28,46
-35,-28,46
-35,-28,46
-35,-28,46
-35,-28,46
-35,-28,46
-35,-28,46
-35,-28,46
-35,-27,46
-35,-28,46
-35,-28,46
-35,-28,46
-35,-28,46
-35,-28,46
-35,-27,46
-35,-28,46
-36,-28,46
-35,-28,46
-35,-27,46
-35,-28,46
-35,-28,46
-35,-28,46
-35,-28,46
-35,-28,46
-35,-28,46
-35,-28,46
-35,-28,46
-35,-28,46
-35,-28,46
-35,-28,46
-35,-28,46
-35,-28,46
-35,-28,46
-35,-27,46
-35,-28,46
-35,-28,46
-35,-28,46
-35,-28,46
-35,-27,46
-35,-28,46
-35,-27,46
-35,-28,46
-35,-28,46
-35,-28,46
-35,-28,46
-35,-28,46
-35,-27,46
-35,-28,46
-35,-28,46
-34,-28,46
-35,-28,46
-35,-28,46
-35,-28,46
-35,-28,46
-35,-28,46
-35,-28,46
-35,-28,46
-35,-28,46
-35,-28,46
-35,-28,46
-35,-28,46
-35,-28,46
-35,-28,46
-35,-28,46
-35,-28,46
-35,-28,46
-35,-28,46
-35,-28,46
-35,-28,46
-35,-27,46
-35,-28,46
-35,-28,46
-36,-28,46
-35,-28,46
-35,-27,46
-35,-28,46
-35,-28,46
-35,-28,46
-35,-28,46
-35,-28,46
-35,-28,46
-35,-28,46
-35,-28,46
-35,-28,46
-35,-28,46
-35,-28,46
-35,-28,46
-35,-28,46
-35,-28,46
-35,-28,46
-35,-28,46
-35,-28,46
-35,-28,46
-35,-28,46
-35,-28,46
-35,-28,46
-35,-28,46
-35,-27,46
-35,-28,46
-36,-27,46
-35,-28,46
-35,-27,46
-35,-28,46
-35,-28,46
-35,-28,46
-35,-28,46
-35,-28,46
-35,-28,46
-35,-28,46
-35,-28,46
-35,-28,46
-35,-28,46
-35,-28,46
-35,-28,46
-35,-27,46
-35,-28,46
-35,-28,46
-35,-28,46
-35,-28,46
-35,-27,46
-35,-28,46
-35,-28,46
-35,-28,46
-35,-28,46
-35,-28,46
-35,-28,46
-35,-28,46
-35,-28,46
-35,-28,46
-35,-27,46
-35,-27,46
-35,-28,46
-35,-28,46
-35,-27,46
-35,-28,46
-35,-28,46
-35,-27,46
-35,-28,46
-34,-28,47
-34,-27,47
-34,-28,46
-34,-28,47
-34,-27,47
-34,-27,47
-34,-27,46
-34,-28,47
-35,-28,47
-35,-28,46
-34,-27,47
-35,-28,46
-35,-28,46
-35,-28,46
-35,-28,45
-35,-28,45
-36,-28,45
-36,-28,47
-35,-28,45
-35,-28,45
-35,-28,46
-35,-28,47
-36,-28,46
-34,-28,45
-35,-28,45
-35,-28,45
-35,-28,46
-36,-28,45
-35,-28,46
-35,-28,46
-34,-28,46
-35,-28,46
-35,-28,46
-36,-28,45
-35,-28,46
-35,-28,46
-35,-28,46
-35,-28,46
-35,-28,46
-35,-28,46
-35,-28,46
-35,-28,46
-35,-28,46
-35,-28,46
-35,-28,45
-35,-28,46
-35,-28,46
-35,-28,46
-35,-28,46
-35,-28,46
-35,-28,46
-35,-28,46
-35,-27,46
-35,-28,45
-35,-28,46
-35,-28,46
-36,-28,45
-36,-28,45
-35,-28,45
-36,-28,44
-36,-28,45
-36,-29,45
-23,-27,53
-31,-27,49
-45,-28,42
-46,-28,41
-39,-28,44
-37,-28,43
-39,-28,41
-38,-28,42
-35,-28,46
-35,-28,45
-37,-28,44
-38,-28,45
-35,-28,46
-35,-28,46
-36,-28,46
-36,-27,45
-36,-27,45
-35,-28,45
-38,-28,44
-35,-27,45
-33,-27,47
-32,-27,49
-33,-27,48
-33,-27,47
-34,-27,47
-34,-27,47
-34,-26,47
-34,-27,48
-32,-27,48
-33,-27,48
-34,-26,48
-32,-27,48
-31,-27,49
-30,-27,49
-31,-27,49
-31,-26,49
-30,-27,50
-30,-27,50
-30,-26,50
-31,-26,50
-31,-26,50
-31,-27,49
-33,-26,48
-31,-27,50
-28,-26,51
-28,-27,51
-29,-27,50
-29,-27,50
-30,-27,50
-30,-27,50
-30,-27,50
-30,-27,49
-31,-28,49
-31,-27,49
-30,-27,49
-31,-27,49
-31,-27,49
-31,-27,49
-31,-28,49
-31,-27,49
-31,-27,49
-31,-27,49
-31,-28,49
-32,-27,49
-31,-27,49
-31,-27,48
-32,-28,48
-33,-28,48
-32,-28,48
-32,-27,48
-32,-27,49
-33,-28,48
-32,-28,48
-32,-27,48
-32,-28,48
-32,-28,48
-32,-27,48
-32,-28,48
-33,-27,48
-32,-28,47
-32,-28,48
-32,-28,48
-32,-28,48
-33,-28,48
-33,-28,48
-33,-28,48
-33,-28,47
-32,-28,48
-32,-28,47
-33,-28,47
-32,-28,47
-33,-28,48
-33,-28,47
-33,-28,47
-32,-28,48
-33,-28,48
-32,-28,48
-33,-28,47
-32,-28,48
-33,-28,47
-33,-28,48
-33,-28,48
-33,-28,47
-33,-28,47
-33,-28,48
-33,-27,48
-33,-28,48
-33,-27,47
-32,-28,47
-33,-28,47
-33,-28,47
-33,-28,47
-33,-28,47
-32,-28,48
-33,-28,47
-33,-28,47
-33,-28,47
-33,-27,48
-33,-27,47
-32,-28,48
-33,-28,47
-33,-28,47
-33,-28,48
-33,-28,48
-33,-28,47
-33,-28,48
-33,-28,47
-33,-28,47
-33,-28,47
-33,-28,47
-33,-28,48
-33,-28,47
-33,-28,48
-33,-28,47
-33,-28,48
-33,-27,47
-33,-28,47
-33,-27,47
-33,-28,47
-33,-28,47
-33,-28,48
-33,-28,47
-33,-28,47
-33,-28,48
-33,-27,47
-33,-28,47
-33,-28,47
-33,-27,48
-33,-28,47
-33,-28,48
-33,-28,47
-33,-28,47
-33,-28,47
-33,-28,47
-33,-28,48
-33,-28,47
-33,-28,47
-33,-27,47
-33,-28,48
-33,-28,48
-33,-27,47
-33,-27,48
-33,-28,47
-33,-28,47
-33,-28,47
-33,-28,47
-33,-27,48
-33,-28,48
-33,-28,47
-33,-28,47
-34,-28,47
-33,-28,47
-33,-27,48
-33,-27,47
-33,-28,47
-34,-28,47
-33,-28,47
-33,-28,47
-33,-28,47
-33,-28,47
-33,-28,47
-33,-28,47
-33,-28,47
-33,-28,47
-33,-28,47
-34,-28,47
-33,-28,47
-33,-27,48
-33,-28,47
-34,-28,47
-34,-28,46
-34,-28,47
-34,-28,47
-33,-28,47
-34,-28,47
-33,-28,47
-33,-28,47
-35,-29,46
-34,-29,45
-33,-27,47
-33,-27,47
-34,-28,47
-34,-28,46
-34,-29,46
-34,-28,46
-33,-28,46
-34,-28,47
-34,-28,47
-34,-28,47
-34,-28,47
-33,-28,47
-35,-27,46
-35,-27,46
-32,-28,48
-34,-29,46
-34,-28,47
-33,-27,47
-33,-28,47
-34,-28,47
-34,-28,47
-34,-28,47
-34,-28,47
-34,-27,47
-34,-27,47
-34,-28,46
-33,-28,46
-34,-28,47
-34,-27,47
-33,-27,48
-33,-28,48
-33,-28,47
-33,-28,47
-32,-27,47
-32,-27,48
-33,-28,48
-32,-28,49
-33,-28,48
-34,-27,46
-34,-27,47
-33,-27,48
-35,-27,47
-35,-27,46
-34,-27,47
-33,-28,48
-32,-28,47
-38,-27,47
-36,-30,47
-33,-27,46
-32,-28,47
-34,-28,47
-33,-28,47
-32,-28,47
-32,-28,48
-33,-28,47
-33,-28,47
-33,-28,47
-33,-28,47
-33,-28,47
-33,-28,47
-34,-28,47
-33,-28,47
-33,-27,48
-33,-28,47
-33,-28,47
-34,-28,47
-33,-28,47
-33,-28,47
-33,-28,47
-33,-28,47
-33,-28,47
-33,-28,47
-33,-28,47
-34,-28,47
-34,-28,47
-34,-28,47
-33,-28,47
-34,-27,47
-34,-28,46
-33,-28,47
-33,-28,47
-34,-28,47
-34,-28,47
-34,-28,47
-34,-29,46
-33,-28,47
-33,-28,47
-34,-28,47
-35,-28,46
-35,-28,46
-34,-28,46
-34,-29,46
-34,-29,46
-35,-28,46
-34,-28,46
-35,-28,46
-34,-28,46
-35,-28,46
-35,-28,46
-35,-28,46
-34,-29,46
-35,-28,45
-34,-28,46
-35,-28,46
-35,-28,46
-35,-28,46
-35,-28,45
-35,-28,46
-35,-29,46
-35,-28,46
-35,-28,46
-35,-28,46
-35,-28,46
-34,-29,46
-35,-28,46
-35,-29,46
-35,-28,46
-34,-28,46
-34,-29,46
-35,-28,46
-35,-28,46
-35,-28,46
-35,-28,46
-35,-28,46
-35,-28,46
-35,-28,46
-34,-28,46
-34,-28,46
-34,-28,46
-35,-28,46
-34,-28,46
-35,-28,46
-35,-28,46
-34,-28,46
-34,-28,46
-34,-28,46
-34,-28,46
-34,-28,46
-34,-28,46
-34,-28,46
-35,-28,46
-34,-28,46
-34,-28,46
-34,-28,46
-34,-28,46
-34,-28,46
-34,-28,46
-34,-28,46
-34,-28,46
-34,-28,46
-34,-28,46
-34,-28,46
-34,-28,46
-34,-28,46
-34,-28,46
-34,-28,46
-34,-28,46
-34,-28,47
-34,-28,46
-34,-28,46
-34,-28,46
-34,-28,46
-34,-28,46
-34,-28,46
-34,-28,46
-34,-28,46
-35,-28,46
-34,-28,47
-34,-28,46
-34,-28,46
-34,-28,46
-34,-28,47
-34,-28,46
-34,-28,46
-34,-28,46
-34,-28,46
-34,-28,46
-35,-28,46
-34,-28,46
-34,-28,47
-34,-28,47
-34,-28,46
-34,-28,46
-34,-28,46
-34,-28,46
-34,-28,46
-34,-28,46
-34,-28,47
-34,-28,46
-35,-28,46
-34,-28,46
-34,-28,46
-34,-28,46
-34,-28,46
-34,-28,46
-34,-28,46
-34,-28,46
-34,-28,46
-35,-28,46
-34,-28,47
-35,-28,46
-34,-28,46
-34,-29,46
-34,-28,46
-34,-28,46
-34,-28,46
-34,-28,46
-35,-28,46
-34,-28,46
-34,-28,46
-34,-28,46
-34,-28,46
-35,-28,46
-35,-28,46
-35,-28,46
-35,-28,46
-35,-28,46
-35,-28,46
-35,-28,46
-35,-28,46
-35,-28,46
-35,-28,46
-35,-28,46
-35,-28,46
-34,-28,46
-35,-28,46
-35,-28,46
-34,-28,46
-35,-28,46
-35,-28,46
-34,-28,46
-34,-28,46
-35,-28,46
-34,-28,46
-35,-28,46
-35,-28,45
-34,-29,46
-35,-28,46
-35,-28,46
-35,-28,46
-35,-28,46
-35,-28,46
-35,-28,46
-35,-28,46
-35,-28,46
-34,-28,46
-35,-28,46
-35,-28,46
-35,-28,46
-34,-28,46
-34,-28,46
-35,-28,46
-35,-28,46
-34,-28,46
-34,-28,46
-34,-28,46
-35,-28,46
-35,-28,46
-34,-28,45
-34,-28,46
-35,-28,46
-35,-28,46
-35,-28,46
-35,-28,46
-35,-28,46
-35,-28,46
-34,-28,46
-34,-28,46
-34,-28,46
-34,-28,46
-34,-28,46
-34,-28,46
-35,-28,46
-34,-28,46
-34,-28,46
-34,-28,46
-34,-28,46
-35,-28,46
-34,-28,46
-34,-28,46
-34,-28,46
-34,-28,46
-34,-28,47
-35,-28,46
-35,-28,46
-34,-28,46
-34,-28,46
-34,-28,46
-34,-28,46
-34,-28,46
-34,-28,46
-34,-28,46
-34,-28,46
-34,-28,46
-35,-28,46
-34,-28,47
-35,-28,46
-34,-28,46
-34,-28,46
-34,-28,46
-34,-28,46
-34,-28,46
-34,-28,46
-35,-28,46
-34,-28,46
-35,-28,46
-35,-28,46
-34,-28,46
-34,-28,46
-35,-28,46
-34,-28,46
-34,-28,46
-34,-28,46
-34,-28,46
-34,-28,46
-34,-28,46
-34,-28,46
-34,-28,46
-35,-28,46
-34,-28,47
-35,-28,46
-34,-28,46
-34,-28,46
-34,-28,46
-34,-28,46
-34,-28,47
-35,-28,46
-35,-28,46
-34,-28,46
-35,-28,46
-34,-28,46
-34,-28,46
-34,-28,46
-35,-28,46
-34,-28,46
-34,-28,46
-34,-28,46
-34,-28,46
-34,-28,46
-35,-28,46
-34,-28,46
-34,-28,46
-35,-28,46
-35,-28,46
-35,-28,46
-35,-28,46
-34,-29,46
-35,-28,46
-35,-28,46
-35,-28,46
-35,-28,46
-35,-28,46
-35,-28,46
-35,-28,46
-35,-28,46
-35,-28,46
-35,-28,46
-35,-28,46
-35,-28,46
-35,-28,47
-34,-27,47
-34,-28,46
-35,-28,46
-34,-28,46
-35,-28,46
-34,-28,46
-34,-28,46
-35,-28,46
-35,-28,46
-34,-28,47
-34,-28,46
-34,-28,46
-34,-28,46
-35,-28,46
-34,-28,47
-34,-28,47
-34,-28,47
-34,-28,46
-34,-28,46
-34,-28,46
-34,-28,46
-34,-28,47
-34,-28,46
-34,-28,46
-34,-28,46
-34,-28,47
-34,-28,46
-34,-28,47
-35,-28,46
-34,-28,46
-34,-28,46
-34,-28,46
-34,-28,46
-34,-28,46
-34,-28,47
-34,-28,47
-34,-28,46
-34,-28,46
-35,-28,46
-34,-28,46
-34,-28,46
-34,-28,46
-34,-28,46
-34,-28,46
-34,-28,46
-34,-28,47
-34,-28,47
-34,-28,46
-34,-28,46
-34,-28,46
-34,-28,47
-34,-28,47
-34,-28,46
-35,-28,46
-34,-28,46
-34,-28,46
-34,-28,46
-34,-28,47
-34,-28,46
-34,-28,46
-34,-28,47
-34,-28,46
-34,-28,46
-34,-28,46
-34,-28,47
-34,-28,46
-34,-28,46
-34,-28,46
-34,-28,46
-35,-28,46
-34,-28,46
-34,-28,46
-34,-28,46
-34,-28,46
-35,-28,46
-34,-28,46
-34,-28,46
-35,-28,46
-34,-28,46
-34,-28,46
-35,-28,46
-34,-28,46
-35,-28,46
-34,-28,46
-35,-28,46
-35,-28,46
-35,-28,46
-34,-28,46
-35,-28,46
-35,-28,46
-35,-28,46
-34,-28,46
-35,-28,46
-35,-28,46
-35,-28,46
-35,-28,46
-35,-28,46
-35,-28,46
-35,-28,46
-35,-28,46
-35,-28,46
-35,-28,46
-35,-28,46
-35,-28,46
-35,-28,46
-34,-28,46
-34,-28,46
-35,-28,46
-34,-28,46
-34,-28,46
-34,-28,46
-34,-28,46
-35,-28,46
-34,-28,46
-35,-28,46
-34,-28,46
-34,-28,46
-35,-28,46
-34,-28,46
-34,-28,47
-34,-28,46
-35,-28,46
-34,-28,46
-35,-28,46
-35,-28,46
-34,-28,46
-34,-28,46
-34,-28,46
-34,-28,46
-34,-28,46
-34,-28,46
-34,-28,46
-34,-28,46
-34,-28,46
-34,-28,46
-34,-28,46
-34,-28,46
-35,-28,46
-34,-28,47
-34,-28,46
-34,-28,46
-34,-28,46
-34,-28,46
-34,-28,46
-35,-28,46
-35,-28,46
-35,-28,46
-34,-28,46
-34,-28,46
-34,-28,46
-34,-28,46
-35,-28,46
-34,-28,46
-34,-28,46
-34,-28,46
-34,-28,46
-35,-28,46
-34,-28,46
-34,-28,46
-34,-28,46
-34,-28,46
-35,-28,46
-34,-28,46
-31,-28,48
-34,-27,47
-38,-29,44
-36,-28,45
-34,-28,46
-35,-28,46
-35,-28,46
-34,-28,46
-34,-28,46
-37,-29,44
-34,-27,48
-37,-28,45
-34,-29,46
-34,-28,46
-35,-28,46
-35,-28,46
-35,-28,46
-34,-28,46
-35,-28,46
-34,-28,47
-33,-28,46
-35,-28,46
-34,-28,47
-35,-28,45
-35,-28,46
-34,-28,47
-34,-28,46
-35,-28,46
-34,-28,46
-35,-28,46
-34,-28,46
-35,-28,46
-35,-28,45
-35,-28,46
-35,-28,46
-35,-28,45
-35,-28,46
-34,-28,46
-35,-28,46
-35,-28,46
-35,-28,46
-36,-28,45
-35,-28,46
-34,-28,46
-35,-28,46
-35,-28,46
-35,-28,46
-35,-28,46
-35,-28,46
-35,-28,46
-35,-28,46
-35,-28,46
-34,-28,46
-34,-28,46
-35,-28,46
-35,-28,46
-35,-28,46
-35,-28,46
-34,-28,46
-34,-28,46
-35,-28,46
-35,-28,46
-35,-28,46
-35,-28,46
-35,-28,46
-35,-28,46
-34,-28,46
-35,-28,46
-35,-28,46
-35,-28,46
-35,-28,46
-34,-28,46
-35,-28,46
-34,-28,46
-34,-28,46
-35,-28,46
-35,-28,46
-35,-28,46
-35,-28,46
-34,-28,46
-34,-28,46
-35,-28,46
-34,-28,46
-34,-28,46
-34,-28,46
-35,-28,46
-35,-28,46
-34,-28,46
-34,-28,46
-34,-28,46
-35,-28,46
-35,-28,46
-35,-28,46
-35,-28,46
-35,-28,46
-35,-28,46
-35,-28,46
-35,-28,46
-35,-28,46
-34,-28,46
-34,-28,46
-34,-28,46
-35,-28,46
-35,-28,46
-34,-28,46
-34,-28,46
-34,-28,46
-34,-28,46
-35,-28,46
-34,-28,47
-34,-28,46
-34,-28,46
-35,-28,46
-35,-28,46
-34,-28,46
-35,-28,47
-35,-28,46
-34,-28,46
-35,-28,46
-35,-28,46
-35,-28,46
-35,-28,46
-35,-28,46
-35,-28,46
-35,-28,46
-35,-28,46
-35,-28,46
-35,-28,46
-35,-28,46
-35,-28,46
-35,-28,46
-34,-28,46
-35,-28,46
-35,-28,46
-35,-28,46
-34,-28,46
-35,-28,46
-35,-28,46
-35,-28,46
-34,-28,47
-35,-28,47
-34,-28,46
-35,-28,46
-36,-28,45
-36,-28,45
-35,-28,45
-35,-28,46
-36,-28,45
-36,-28,45
-36,-28,45
-36,-28,45
-35,-28,45
-35,-28,45
-35,-28,46
-35,-28,46
-35,-28,45
-35,-28,45
-35,-28,45
-36,-28,45
-35,-28,45
-35,-28,45
-35,-28,45
-36,-28,46
-36,-28,45
-35,-28,46
-35,-28,45
-35,-28,46
-35,-28,46
-35,-28,46
-37,-29,44
-36,-28,46
-34,-27,46
-34,-28,46
-34,-28,46
-36,-28,45
-36,-28,45
-34,-28,46
-34,-28,46
-36,-28,45
-35,-29,45
-37,-27,46
-36,-28,46
-33,-28,45
-34,-27,46
-35,-28,45
-35,-28,46
-35,-28,46
-35,-28,45
-35,-28,46
-36,-28,46
-36,-28,46
-35,-28,46
-35,-28,46
-34,-28,46
-35,-28,46
-36,-28,45
-36,-28,46
-35,-28,45
-35,-29,45
-36,-28,45
-36,-28,45
-35,-28,46
-35,-28,45
-36,-28,45
-36,-29,45
-35,-28,45
-35,-28,45
-36,-28,46
-36,-28,45
-35,-28,45
-35,-28,45
-36,-28,45
-35,-28,45
-35,-28,45
-36,-28,45
-36,-28,45
-35,-28,45
-35,-28,45
-36,-28,45
-36,-28,45
-36,-28,45
-36,-28,45
-36,-28,45
-36,-28,45
-36,-28,45
-36,-28,45
-35,-28,45
-35,-28,45
-36,-29,45
-36,-28,45
-35,-28,45
-36,-28,45
-35,-28,45
-35,-28,45
-36,-28,45
-36,-28,45
-35,-28,45
-35,-28,46
-35,-28,45
-35,-28,46
-36,-28,46
-35,-28,45
-35,-28,45
-35,-28,45
-35,-28,46
-35,-28,45
-35,-28,46
-35,-28,45
-35,-28,46
-35,-28,45
-35,-28,46
-35,-28,45
-35,-28,46
-35,-28,45
-35,-28,46
-35,-28,46
-35,-28,46
-35,-28,46
-35,-28,46
-36,-28,45
-35,-28,45
-35,-28,45
-35,-28,45
-35,-28,45
-35,-28,46
-35,-28,45
-35,-28,46
-35,-28,46
-35,-28,45
-35,-28,46
-35,-28,46
-35,-28,46
-35,-28,46
-35,-28,46
-35,-28,46
-35,-28,45
-35,-28,46
-35,-28,46
-35,-28,45
-35,-28,46
-35,-28,46
-35,-28,46
-35,-28,46
-35,-28,45
-35,-28,45
-35,-28,46
-35,-28,46
-35,-28,46
-35,-28,46
-35,-28,46
-36,-28,45
-35,-28,46
-36,-28,46
-35,-28,45
-35,-28,46
-35,-28,45
-35,-28,45
-35,-28,46
-35,-28,45
-35,-28,45
-35,-28,45
-35,-28,46
-35,-28,46
-35,-28,46
-35,-28,46
-35,-28,46
-35,-28,45
-35,-28,45
-35,-28,46
-35,-28,46
-35,-28,46
-35,-28,45
-35,-28,45
-35,-28,45
-35,-28,46
-35,-28,46
-35,-28,46
-35,-28,45
-35,-28,45
-36,-28,45
-36,-28,45
-36,-28,45
-35,-28,45
-35,-28,45
-35,-28,45
-35,-28,45
-36,-28,45
-35,-28,45
-36,-28,45
-35,-28,45
-36,-28,45
-35,-28,45
-36,-28,45
-36,-28,45
-36,-28,45
-35,-28,45
-35,-28,45
-36,-28,45
-36,-28,45
-35,-28,45
-35,-28,45
-35,-28,45
-35,-28,45
-36,-28,45
-36,-28,45
-35,-28,46
-35,-28,46
-35,-28,46
-35,-28,45
-35,-28,45
-35,-28,45
-35,-28,46
-35,-28,46
-35,-28,46
-35,-28,45
-35,-28,45
-35,-28,46
-36,-28,45
-35,-28,45
-35,-28,45
-35,-28,45
-35,-28,46
-35,-28,45
-35,-28,46
-35,-28,46
-35,-28,46
-35,-28,46
-35,-28,46
-35,-28,46
-35,-28,46
-35,-28,46
-35,-28,45
-35,-28,46
-35,-28,46
-35,-28,46
-35,-28,46
-35,-28,46
-35,-28,46
-35,-28,46
-35,-28,45
-35,-28,45
-35,-28,45
-35,-28,46
-35,-28,46
-35,-28,45
-35,-28,46
-35,-28,45
-35,-28,46
-35,-28,45
-35,-28,46
-35,-28,46
-35,-28,46
-35,-28,46
-35,-28,46
-35,-28,46
-35,-28,46
-35,-28,46
-35,-28,46
-35,-28,46
-35,-28,46
-35,-28,46
-35,-28,46
-35,-28,46
-35,-28,46
-35,-28,46
-35,-28,46
-35,-28,46
-35,-28,46
-35,-28,46
-35,-28,46
-35,-28,46
-35,-28,46
-35,-28,46
-35,-28,46
-35,-28,46
-35,-28,45
-35,-28,46
-35,-28,46
-35,-28,46
-35,-28,45
-35,-28,45
-35,-28,46
-35,-28,45
-35,-28,46
-35,-28,46
-35,-28,46
-36,-28,45
-35,-28,46
-35,-28,46
-35,-28,45
-35,-28,46
-35,-28,45
-35,-28,46
-35,-28,45
-35,-28,45
-35,-28,45
-35,-28,45
-35,-28,45
-35,-28,45
-35,-28,45
-36,-28,45
-35,-28,45
-35,-28,45
-35,-28,45
-36,-28,45
-35,-28,45
-35,-28,45
-36,-29,45
-35,-28,45
-35,-28,46
-35,-28,45
-35,-29,45
-36,-28,45
-36,-28,45
-35,-28,45
-35,-28,46
-36,-28,45
-35,-28,45
-35,-28,46
-35,-28,45
-35,-28,45
-35,-28,45
-35,-28,45
-36,-28,46
-35,-28,45
-35,-28,45
-35,-28,46
-35,-28,46
-35,-28,46
-36,-28,46
-35,-28,45
-35,-28,46
-35,-28,46
-35,-28,46
-35,-28,45
-35,-28,46
-35,-28,46
-35,-28,46
-36,-28,45
-35,-28,46
-35,-28,46
-35,-28,46
-35,-28,45
-35,-28,45
-35,-28,46
-35,-28,46
-35,-28,46
-35,-28,45
-35,-28,45
-35,-28,46
-35,-28,46
-35,-28,46
-35,-28,46
-35,-28,45
-35,-28,46
-35,-28,46
-35,-28,46
-35,-28,46
-35,-28,46
-35,-28,46
-35,-28,46
-35,-28,46
-35,-28,46
-35,-28,46
-35,-28,46
-35,-28,46
-35,-28,46
-35,-28,46
-35,-28,46
-35,-28,46
-35,-28,46
-35,-28,46
-35,-28,45
-35,-28,46
-35,-28,45
-35,-28,46
-35,-28,46
-35,-28,46
-35,-28,46
-35,-28,45
-35,-28,46
-35,-28,46
-35,-28,46
-35,-28,46
-35,-28,46
-35,-28,46
-35,-28,45
-35,-28,46
-35,-28,46
-35,-28,46
-35,-28,46
-35,-28,45
-35,-28,46
-35,-28,46
-35,-28,46
-35,-28,46
-35,-28,46
-35,-28,46
-35,-28,46
-35,-28,46
-35,-28,46
-35,-28,46
-36,-28,45
-35,-28,46
-36,-28,45
-35,-28,45
-35,-28,45
-35,-28,46
-35,-28,45
-35,-28,46
-35,-28,46
-35,-28,45
-35,-28,46
-35,-28,46
-35,-28,45
-35,-28,46
-35,-28,45
-36,-28,45
-35,-28,45
-35,-28,45
-35,-28,46
-35,-28,46
-35,-28,45
-35,-28,45
-35,-28,45
-35,-28,45
-35,-28,45
-35,-28,46
-35,-28,45
-35,-28,46
-35,-28,45
-35,-28,45
-36,-28,46
-36,-28,45
-35,-28,46
-35,-28,45
-35,-28,46
-35,-28,45
-35,-28,45
-35,-28,46
-35,-28,46
-35,-28,46
-35,-28,45
-35,-28,46
-35,-28,46
-35,-28,45
-35,-28,46
-35,-28,46
-35,-28,46
-35,-28,46
-35,-28,46
-35,-28,46
-35,-28,46
-35,-28,46
-35,-28,46
-35,-28,46
-35,-28,46
-35,-28,46
-35,-28,46
-35,-28,46
-35,-28,46
-35,-28,46
-35,-28,46
-36,-28,45
-35,-28,46
-35,-28,46
-35,-28,45
-35,-28,45
-35,-28,45
-35,-28,46
-35,-28,46
-35,-28,46
-36,-28,46
-35,-28,46
-35,-28,46
-35,-28,46
-35,-28,46
-35,-28,46
-35,-28,46
-35,-28,45
-35,-28,46
-35,-28,46
-35,-28,46
-35,-28,46
-35,-28,46
-35,-28,46
-35,-28,46
-35,-28,45
-35,-28,46
-35,-28,46
-35,-28,46
-35,-28,46
-35,-28,46
-35,-28,46
-36,-28,46
-35,-28,46
-35,-28,45
-35,-28,45
-35,-28,45
-35,-28,46
-35,-28,45
-35,-28,46
-35,-28,46
-36,-28,45
-35,-28,46
-35,-28,46
-35,-28,46
-35,-28,46
-35,-28,46
-35,-28,45
-35,-28,46
-35,-28,45
-35,-28,46
-35,-28,46
-35,-28,46
-35,-28,46
-35,-28,45
-36,-28,45
-35,-28,45
-35,-28,45
-35,-28,45
-36,-28,45
-35,-28,45
-35,-28,45
-36,-28,45
-36,-28,45
-36,-28,45
-35,-28,45
-36,-28,45
-35,-28,45
-35,-28,45
-36,-28,45
-35,-28,46
-36,-28,45
-35,-28,45
-36,-28,45
-36,-28,45
-35,-28,45
-35,-28,45
-36,-28,45
-35,-28,45
-35,-28,45
-36,-28,45
-35,-28,46
-35,-28,45
-35,-28,46
-35,-28,46
-35,-28,45
-35,-28,46
-35,-28,46
-35,-28,46
-35,-28,46
-35,-28,45
-35,-28,46
-36,-28,46
-35,-28,46
-35,-28,46
-35,-28,46
-35,-28,45
-35,-28,45
-35,-28,46
-35,-28,46
-35,-28,46
-35,-28,45
-35,-28,45
-35,-28,46
-35,-28,46
-35,-28,46
-35,-28,46
-35,-28,45
-35,-28,46
-35,-28,46
-35,-28,46
-35,-28,46
-35,-28,46
-35,-28,46
-35,-28,46
-35,-28,46
-35,-28,46
-35,-28,46
-35,-28,46
-35,-28,46
-35,-28,46
-35,-28,46
-35,-28,46
-36,-28,46
-35,-28,46
-36,-27,46
-35,-28,46
-35,-28,46
-35,-28,46
-35,-28,46
-35,-28,46
-35,-28,46
-35,-28,45
-35,-28,46
-35,-28,46
-35,-28,46
-35,-28,46
-35,-28,46
-35,-28,46
-35,-28,46
-35,-28,46
-35,-28,45
-35,-28,46
-35,-28,46
-35,-28,46
-35,-28,46
-35,-28,46
-35,-28,46
-35,-28,46
-35,-28,45
-35,-28,46
-35,-28,46
-35,-28,45
-36,-28,45
-36,-28,46
-35,-27,46
-35,-28,46
-35,-28,45
-35,-28,46
-35,-28,45
-35,-28,46
-35,-28,46
-35,-28,46
-35,-28,45
-35,-28,46
-35,-28,45
-35,-28,46
-35,-28,45
-35,-28,46
-35,-28,45
-35,-28,46
-35,-28,46
-35,-28,46
-35,-28,46
-35,-28,45
-35,-28,45
-35,-28,45
-36,-28,45
-35,-28,45
-36,-28,45
-35,-28,45
-35,-28,45
-35,-28,45
-35,-28,45
-36,-28,45
-35,-28,45
-36,-28,45
-35,-28,45
-35,-28,45
-35,-28,45
-35,-28,45
-35,-28,45
-36,-28,45
-36,-28,45
-35,-28,46
-36,-28,45
-35,-28,46
-35,-28,45
-35,-28,46
-35,-28,45
-35,-28,46
-35,-28,45
-35,-28,46
-35,-28,45
-35,-28,45
-35,-28,46
-35,-28,46
-35,-28,45
-35,-28,46
-35,-28,46
-35,-28,46
-35,-28,46
-35,-28,46
-35,-28,46
-35,-28,46
-35,-28,46
-35,-27,46
-35,-28,46
-35,-28,45
-35,-28,46
-35,-28,45
-35,-28,46
-35,-28,46
-35,-28,45
-35,-28,46
-35,-28,46
-35,-28,46
-35,-28,46
-35,-28,46
-35,-28,46
-35,-28,46
-35,-28,46
-35,-28,46
-35,-28,46
-35,-28,46
-35,-28,46
-35,-28,46
-35,-28,46
-35,-28,46
-35,-28,46
-35,-28,46
-35,-28,46
-35,-28,46
-35,-28,46
-35,-28,46
-35,-28,45
-35,-28,46
-35,-28,46
-35,-28,45
-35,-28,46
-35,-28,46
-35,-28,46
-35,-28,46
-35,-28,46
-35,-28,46
-35,-28,46
-35,-28,46
-35,-28,46
-35,-28,46
-35,-28,46
-35,-28,46
-35,-28,46
-35,-28,46
-35,-28,46
-35,-28,46
-35,-28,45
-35,-28,46
-35,-28,46
-35,-28,45
-35,-28,45
-35,-28,46
-35,-28,46
-35,-28,46
-35,-28,46
-35,-28,46
-35,-28,45
-35,-28,45
-36,-28,45
-35,-28,46
-36,-28,46
-35,-28,45
-35,-28,45
-35,-28,45
-35,-28,45
-35,-28,46
-35,-28,46
-36,-28,45
-35,-28,45
-36,-28,45
-35,-28,45
-35,-28,45
-35,-28,45
-36,-28,45
-35,-28,45
-35,-28,45
-36,-28,45
-35,-28,45
-35,-28,45
-35,-28,45
-35,-28,45
-35,-28,45
-35,-28,45
-35,-28,45
-35,-28,46
-35,-28,46
-35,-28,46
-35,-28,46
-36,-28,45
-35,-28,46
-35,-28,46
-35,-28,45
-35,-28,46
-35,-28,46
-35,-28,46
-35,-28,46
-35,-28,46
-35,-28,46
-35,-28,46
-35,-28,46
-35,-28,46
-35,-28,46
-35,-28,46
-35,-28,45
-35,-28,46
-35,-28,46
-35,-28,46
-35,-28,46
-35,-28,46
-35,-28,46
-35,-28,46
-35,-28,46
-35,-28,46
-35,-28,46
-35,-28,46
-35,-28,46
-35,-28,46
-35,-28,46
-35,-28,46
-36,-28,45
-35,-28,46
-35,-28,46
-35,-28,46
-35,-28,45
-35,-28,46
-35,-28,46
-35,-28,46
-35,-28,46
-35,-28,46
-35,-28,46
-35,-28,46
-35,-28,46
-35,-28,46
-35,-28,46
-35,-28,46
-35,-28,45
-35,-28,46
-35,-28,46
-35,-28,46
-35,-28,46
-35,-28,46
-35,-28,45
-35,-28,46
-35,-28,46
-35,-28,46
-35,-28,46
-35,-28,46
-35,-28,46
-35,-28,46
-35,-28,45
-36,-28,45
-35,-28,46
-35,-28,46
-36,-28,45
-35,-28,45
-35,-28,45
-35,-28,45
-35,-28,45
-35,-28,46
-35,-28,46
-36,-28,45
-35,-28,46
-36,-28,45
-35,-28,45
-35,-28,45
-35,-28,45
-36,-28,45
-36,-28,45
-36,-28,45
-35,-28,45
-35,-28,45
-35,-28,45
-36,-28,45
-36,-28,45
-36,-28,45
-35,-28,45
-36,-28,45
-36,-28,45
-35,-28,45
-35,-28,45
-36,-28,45
-36,-28,45
-35,-28,46
-36,-28,45
-35,-28,45
-35,-28,45
-36,-28,45
-36,-28,45
-35,-28,46
-35,-28,45
-36,-28,45
-35,-28,46
-36,-28,45
-35,-28,46
-35,-28,46
-35,-28,46
-35,-28,45
-35,-28,45
-35,-28,45
-35,-28,46
-35,-28,45
-35,-28,45
-35,-28,46
-35,-28,46
-35,-28,45
-35,-28,46
-35,-28,46
-35,-28,46
-35,-28,46
-35,-28,46
-35,-28,45
-36,-28,46
-35,-28,46
-36,-28,46
-35,-28,46
-35,-28,45
-35,-28,45
-35,-28,45
-35,-28,46
-35,-28,46
-35,-28,45
-35,-28,45
-35,-28,46
-36,-28,46
-35,-28,46
-35,-28,46
-35,-28,45
-35,-28,45
-35,-28,46
-35,-28,46
-35,-28,46
-35,-28,46
-35,-28,46
-35,-28,46
-35,-28,46
-35,-28,46
-35,-28,46
-35,-28,46
-35,-28,46
-35,-28,46
-35,-28,46
-35,-28,46
-36,-28,46
-35,-28,46
-36,-28,46
-35,-28,46
-35,-28,46
-35,-28,46
-35,-28,45
-35,-28,46
-35,-28,46
-36,-28,45
-35,-28,46
-35,-28,45
-35,-28,45
-35,-28,46
-35,-28,46
-36,-28,45
-35,-28,45
-35,-28,45
-35,-28,45
-35,-28,45
-35,-28,45
-35,-28,45
-35,-28,45
-35,-28,45
-36,-28,45
-35,-28,45
-36,-28,45
-36,-28,45
-35,-28,45
-36,-28,45
-36,-28,45
-36,-28,45
-36,-28,45
-35,-29,45
-36,-28,45
-36,-28,45
-36,-28,45
-36,-28,45
-36,-28,45
-36,-28,45
-36,-28,45
-36,-28,45
-36,-28,45
-36,-28,45
-36,-28,45
-36,-28,45
-36,-28,45
-36,-28,45
-36,-28,45
-36,-28,45
-36,-28,45
-36,-28,45
-36,-28,45
-36,-28,45
-36,-28,45
-35,-28,45
-35,-28,45
-36,-28,45
-36,-28,45
-36,-28,45
-35,-28,45
-35,-28,45
-35,-28,45
-36,-28,45
-35,-28,45
-35,-28,45
-36,-28,45
-35,-28,45
-35,-28,45
-36,-28,45
-35,-28,46
-35,-28,46
-35,-28,46
-36,-28,45
-35,-28,45
-35,-28,45
-35,-28,46
-35,-28,46
-36,-28,46
-35,-28,45
-35,-28,45
-35,-28,46
-36,-28,46
-36,-28,46
-35,-28,46
-36,-28,45
-35,-28,45
-35,-28,45
-36,-28,46
-35,-28,45
-35,-28,46
-35,-28,45
-35,-28,45
-35,-28,46
-36,-28,45
-35,-28,46
-35,-28,45
-35,-28,46
-36,-28,46
-35,-28,45
-35,-28,46
-35,-28,45
-35,-28,46
-35,-28,45
-35,-28,46
-35,-28,46
-35,-28,46
-35,-28,45
-35,-28,46
-35,-28,46
-35,-28,46
-35,-28,46
-35,-28,46
-35,-28,46
-35,-28,45
-35,-28,45
-35,-28,46
-36,-28,45
-35,-28,46
-35,-28,45
-35,-28,45
-36,-28,46
-35,-28,45
-35,-28,46
-35,-28,46
-36,-28,46
-35,-28,45
-35,-28,46
-35,-28,46
-35,-28,46
-35,-28,46
-35,-28,46
-36,-28,46
-36,-28,45
-35,-28,46
-35,-28,45
-35,-28,45
-36,-28,45
-36,-28,45
-35,-28,46
-36,-28,45
-36,-28,46
-36,-28,45
-36,-28,45
-36,-28,45
-36,-28,46
-36,-28,45
-35,-28,45
-36,-28,45
-36,-28,45
-36,-28,45
-36,-27,45
-36,-28,45
-36,-28,45
-36,-28,45
-36,-28,45
-36,-28,45
-36,-28,45
-36,-28,45
-36,-28,45
-36,-28,45
-36,-28,45
-36,-28,45
-36,-28,45
-36,-28,45
-36,-28,45
-36,-28,45
-36,-28,45
-36,-28,45
-36,-28,45
-36,-28,45
-36,-28,45
-36,-28,45
-36,-28,45
-36,-28,45
-36,-28,45
-36,-28,45
-36,-28,45
-37,-28,45
-36,-28,45
-36,-28,45
-36,-28,45
-36,-28,45
-36,-28,45
-36,-28,45
-36,-28,45
-36,-28,45
-36,-28,45
-36,-28,45
-36,-28,45
-36,-28,45
-36,-28,45
-36,-28,45
-36,-28,45
-36,-28,45
-36,-28,45
-36,-28,45
-36,-28,45
-36,-28,45
-36,-28,45
-36,-28,45
-36,-28,45
-36,-28,45
-36,-28,45
-36,-28,45
-36,-28,45
-36,-28,45
-36,-28,45
-36,-28,46
-36,-27,46
-36,-28,45
-36,-28,45
-36,-28,45
-36,-28,45
-36,-27,45
-36,-28,45
-36,-27,45
-36,-28,46
-36,-28,45
-36,-28,45
-36,-28,46
-36,-28,46
-36,-28,45
-36,-28,45
-36,-27,45
-36,-28,46
-36,-28,45
-36,-28,46
-36,-28,45
-36,-28,45
-36,-28,45
-36,-28,45
-36,-28,45
-36,-28,45
-36,-28,45
-36,-28,45
-36,-28,45
-36,-28,45
-36,-28,45
-36,-27,45
-36,-28,45
-36,-28,45
-36,-28,45
-36,-27,45
-36,-27,45
-36,-28,45
-36,-28,45
-36,-28,45
-36,-28,46
-36,-28,45
-36,-28,45
-36,-28,45
-36,-28,45
-36,-28,45
-36,-28,45
-36,-28,45
-36,-28,45
-36,-28,45
-36,-28,45
-36,-28,45
-36,-28,45
-36,-28,45
-36,-28,45
-36,-28,45
-36,-28,45
-36,-28,45
-36,-28,45
-36,-28,45
-36,-28,45
-36,-28,44
-36,-28,45
-36,-28,45
-36,-28,45
-36,-28,45
-36,-28,45
-36,-28,45
-36,-28,45
-36,-28,45
-36,-28,45
-36,-28,45
-36,-28,45
-36,-28,45
-36,-28,45
-36,-28,45
-36,-28,45
-36,-28,45
-36,-28,45
-36,-28,45
-36,-28,45
-36,-28,45
-36,-28,45
-36,-28,46
-36,-28,45
-36,-28,45
-36,-28,45
-36,-28,46
-36,-27,45
-36,-28,45
-36,-28,45
-36,-28,45
-36,-28,45
-36,-28,45
-36,-28,45
-36,-28,45
-36,-28,45
-36,-28,45
-36,-28,46
-36,-27,45
-36,-28,45
-36,-28,45
-36,-28,45
-36,-28,45
-36,-28,45
-36,-28,45
-36,-27,46
-36,-28,45
-35,-28,46
-36,-28,45
-36,-27,46
-36,-28,45
-36,-28,45
-36,-27,45
-36,-28,46
-35,-28,45
-36,-28,45
-36,-27,45
-35,-28,46
-36,-28,45
-36,-28,45
-36,-27,45
-36,-28,45
-36,-28,45
-36,-28,45
-37,-28,45
-36,-28,45
-37,-28,45
-36,-28,45
-37,-28,45
-35,-28,45
-35,-28,45
-37,-28,44
-37,-28,44
-37,-28,45
-36,-27,46
-36,-27,45
-36,-28,45
-36,-28,45
-36,-28,45
-36,-28,45
-36,-28,45
-36,-28,45
-36,-28,45
-36,-28,45
-36,-28,45
-37,-28,45
-36,-27,45
-36,-28,45
-36,-28,45
-37,-28,45
-37,-28,45
-36,-28,45
-36,-28,45
-37,-28,44
-37,-28,45
-37,-28,45
-37,-28,45
-37,-28,44
-37,-28,45
-37,-28,45
-37,-28,44
-36,-28,45
-37,-28,45
-37,-28,45
-37,-28,45
-37,-28,45
-37,-28,44
-37,-28,44
-37,-28,45
-37,-28,45
-37,-28,44
-37,-28,44
-37,-28,45
-37,-28,44
-37,-28,45
-37,-28,45
-37,-28,44
-37,-28,45
-37,-28,45
-37,-28,44
-37,-28,45
-36,-28,45
-37,-28,45
-37,-28,45
-37,-28,45
-37,-28,45
-36,-28,45
-36,-28,45
-37,-28,45
-37,-28,45
-36,-28,45
-36,-28,45
-36,-28,45
-36,-28,45
-37,-28,45
-36,-28,45
-36,-28,45
-36,-28,45
-36,-28,45
-37,-28,45
-36,-27,45
-36,-28,45
-36,-28,45
-36,-28,45
-36,-27,45
-36,-28,45
-36,-28,45
-36,-28,45
-36,-28,45
-36,-28,45
-36,-28,45
-36,-28,45
-36,-28,45
-36,-28,45
-37,-28,45
-36,-28,45
-36,-28,45
-37,-28,45
-36,-28,45
-36,-28,45
-36,-28,45
-36,-28,45
-36,-28,45
-36,-27,45
-36,-28,45
-37,-28,45
-36,-28,45
-36,-28,45
-36,-28,45
-36,-28,45
-36,-28,45
-36,-28,45
-37,-28,45
-36,-28,45
-36,-27,45
-36,-27,45
-36,-28,45
-36,-28,45
-36,-27,45
-36,-27,45
-36,-28,45
-36,-28,45
-36,-28,45
-36,-28,45
-36,-27,45
-36,-27,45
-36,-28,45
-36,-28,45
-36,-28,45
-36,-27,45
-36,-28,45
-36,-28,45
-36,-28,45
-36,-28,45
-36,-28,45
-36,-28,45
-37,-28,45
-36,-28,45
-36,-27,45
-38,-28,45
-36,-28,45
-36,-28,45
-36,-28,45
-37,-28,45
-36,-28,45
-36,-27,45
-35,-27,46
-36,-29,44
-35,-28,46
-36,-29,45
-32,-26,47
-34,-27,48
-32,-29,45
-37,-27,45
-44,-27,44
-38,-29,43
-38,-30,42
-38,-27,45
-37,-27,46
-38,-28,46
-32,-28,49
-27,-27,51
-23,-28,51
-22,-26,55
-17,-26,60
-15,-25,59
-9,-27,56
-4,-26,57
8,-28,54
6,-26,56
4,-23,62
6,-27,59
19,-25,57
23,-26,53
30,-27,47
31,-27,47
30,-30,50
26,-29,51
25,-30,50
27,-29,48
31,-29,47
30,-30,47
23,-31,48
24,-31,49
22,-26,42
28,-36,46
29,-32,44
25,-30,45
30,-30,46
35,-31,42
36,-24,47
28,-29,48
32,-32,51
35,-30,51
30,-30,50
31,-29,48
33,-32,49
40,-18,47
32,-29,39
31,-27,48
29,-30,50
31,-29,47
30,-29,47
28,-29,47
29,-26,48
24,-29,51
17,-27,51
21,-26,54
23,-27,54
18,-29,51
15,-22,54
22,-17,57
15,-27,59
10,-26,59
11,-24,58
9,-25,55
4,-26,55
-5,-25,58
-10,-25,58
-15,-24,59
-12,-26,59
-9,-25,59
-7,-25,57
-7,-25,58
-8,-25,58
-9,-25,58
-8,-25,58
-8,-25,58
-8,-25,58
-9,-25,58
-9,-25,58
-8,-25,58
-8,-25,58
-8,-26,58
-9,-25,58
-8,-25,58
-8,-25,58
-8,-25,58
-9,-25,57
-9,-25,58
-9,-25,58
-9,-25,58
-9,-25,57
-9,-25,58
-9,-25,58
-9,-25,58
-10,-25,57
-9,-25,58
-9,-25,58
-9,-25,58
-10,-25,58
-9,-25,58
-9,-25,58
-10,-25,58
-10,-25,58
-9,-25,57
-10,-26,57
-10,-26,58
-10,-25,57
-10,-25,58
-10,-25,58
-10,-26,57
-10,-26,58
-9,-25,58
-9,-26,58
-10,-24,57
-10,-25,57
-10,-25,58
-10,-25,58
-11,-26,56
-11,-26,57
-11,-26,57
-11,-25,57
-10,-25,57
-10,-25,58
-10,-25,58
-9,-25,58
-9,-25,58
-10,-25,58
-10,-25,58
-10,-26,58
-11,-26,58
-10,-26,60
-9,-25,61
-10,-26,58
-9,-27,58
-11,-28,57
-14,-29,54
-18,-32,52
-17,-31,52
-15,-31,54
-11,-32,55
-10,-32,52
-12,-35,50
-19,-33,48
-18,-33,51
-16,-36,52
-16,-36,49
-17,-34,48
-17,-36,49
-22,-37,49
-25,-37,47
-25,-36,48
-22,-39,48
-19,-41,47
-20,-39,46
-19,-40,47
-16,-40,47
-16,-39,46
-16,-41,45
-17,-42,46
-18,-42,46
-20,-44,43
-19,-45,40
-17,-44,43
-13,-42,47
-13,-42,46
-10,-46,43
-8,-47,42
-7,-47,41
-6,-46,42
-3,-49,41
-3,-48,40
-5,-47,39
-5,-47,41
-6,-49,39
-6,-48,38
-9,-50,36
-9,-52,33
-14,-51,31
-13,-60,26
-14,-65,23
-12,-62,13
13,-54,21
-23,-27,45
-76,-30,20
-93,-38,1
-35,-49,25
-71,-29,5
-87,-22,2
-77,-3,6
-68,-2,16
-73,9,22
-70,11,22
-58,13,25
-61,18,27
-55,9,32
-54,12,30
-50,12,34
-46,6,37
-45,4,36
-42,5,34
-42,12,37
-48,6,33
-31,11,37
-32,12,47
-51,13,46
-49,11,46
-45,13,50
-46,13,48
-49,15,44
-51,18,40
-54,19,37
-20,33,37
21,28,57
36,29,82
28,29,73
12,26,65
13,24,62
14,21,54
18,23,56
15,12,48
7,10,37
13,9,20
-13,13,8
-8,40,32
8,43,36
2,61,26
25,75,27
-7,78,1
-29,66,37
-5,73,89
-11,70,109
-10,87,42
-1,65,23
-11,47,15
-17,40,11
-27,42,18
-25,55,20
-17,65,15
-34,46,4
-27,42,10
-14,59,26
-28,63,19
-34,81,2
-31,79,10
-32,75,-1
-31,75,2
-15,72,10
-25,73,-1
-27,98,7
-26,97,10
-19,76,0
-22,69,-4
-10,72,-9
-11,71,-18
-8,67,-18
5,59,-7
7,43,-1
-5,35,0
-7,36,3
-9,37,-1
-12,37,-3
-16,40,-5
-17,42,-7
-22,50,-9
-25,55,-9
-33,62,-9
-43,65,-7
-57,67,-5
-45,64,-4
-39,60,-4
-33,59,-3
-25,60,-2
-22,59,-3
-27,59,-2
-29,60,-3
-38,60,-6
-45,60,-6
-49,59,-6
-50,57,-5
-52,55,-7
-54,55,-10
-59,61,-12
-63,64,-13
-62,64,-11
-60,62,-9
-62,55,-11
-64,51,-13
-57,48,-9
-55,44,-7
-51,40,-6
-57,34,-4
-60,30,-1
-61,23,5
-60,17,4
-55,4,1
-60,0,2
-57,-11,1
-57,-15,4
-50,-20,7
-46,-24,0
-45,-27,4
-41,-33,7
-48,-38,1
-46,-40,-5
-35,-45,1
-33,-44,-1
-35,-45,0
-34,-43,5
-27,-47,4
-24,-47,4
-23,-47,10
-22,-49,12
-24,-42,16
-19,-44,15
-27,-49,9
-27,-53,6
-35,-57,-2
-31,-53,7
-25,-54,12
-27,-54,9
-32,-55,8
-35,-56,10
-35,-59,9
-35,-67,17
-35,-67,19
-42,-64,17
-42,-54,17
-37,-39,16
-37,-41,19
-39,-45,24
-42,-47,22
-42,-50,20
-34,-47,23
-33,-45,18
-28,-44,19
-24,-42,22
-23,-38,23
-23,-42,20
-26,-43,16
-35,-46,14
-38,-51,12
-45,-52,4
-53,-54,1
-49,-70,1
-37,-58,2
-31,-58,5
-39,-60,6
-38,-61,5
-39,-57,6
-38,-56,2
-31,-49,3
-25,-47,9
-24,-45,14
-25,-48,12
-27,-53,8
-27,-55,7
-27,-56,8
-26,-56,9
-26,-55,10
-29,-57,10
-35,-62,8
-34,-58,9
-31,-54,13
-31,-57,14
-30,-60,15
-28,-60,12
-36,-49,10
-44,-47,10
-41,-49,15
-41,-48,15
-44,-38,12
-51,-35,6
-49,-33,6
-40,-37,9
-38,-37,12
-41,-33,13
-40,-32,13
-35,-24,13
-31,-20,11
-20,-20,2
-17,-19,1
-24,-8,-6
-36,0,-9
-31,6,-3
-41,10,-8
-67,19,-23
-75,21,-21
-96,39,-21
-86,41,-24
-80,51,-6
-83,51,-5
-67,54,-1
-62,57,1
-64,52,0
-56,51,1
-52,45,1
-50,44,-5
-53,41,-2
-48,42,0
-40,38,-1
-46,42,2
-41,47,3
-39,48,3
-57,49,-11
-53,52,6
-55,47,0
-50,53,19
-59,54,6
-47,49,7
-44,47,7
-60,41,0
-60,40,4
-42,45,16
-43,44,11
-50,46,12
-47,49,20
-33,45,18
-37,42,13
-44,43,13
-48,44,13
-45,42,15
-49,38,10
-56,43,13
-57,46,21
-53,47,33
-60,47,30
-65,47,29
-64,43,26
-46,41,28
-26,29,38
-35,24,39
-38,19,54
-25,28,55
-43,7,41
-42,11,49
-40,15,44
-43,13,37
-47,14,52
-45,15,57
-37,19,51
-34,23,47
-37,28,41
-40,29,40
-46,28,40
-45,27,41
-35,18,41
-35,18,44
-37,18,48
-37,19,48
-39,23,49
-39,24,49
-35,23,42
-37,23,42
-43,16,47
-46,14,44
-55,17,44
-44,21,45
-40,24,45
-41,24,46
-39,23,45
-41,20,44
-44,20,44
-46,16,42
-48,15,41
-51,16,39
-51,15,40
-52,14,41
-48,14,41
-45,17,45
-43,18,46
-42,17,44
-43,17,44
-45,18,45
-43,18,44
-41,19,45
-40,19,46
-38,19,46
-38,18,45
-42,19,45
-43,20,45
-44,20,45
-45,21,46
-47,24,43
-45,23,41
-44,23,42
-40,23,45
-38,23,46
-36,22,45
-37,22,45
-43,22,44
-43,22,44
-44,23,46
-44,25,48
-38,24,45
-37,25,44
-36,26,45
-36,27,45
-39,27,45
-41,25,44
-44,24,44
-42,24,44
-38,25,45
-39,25,45
-40,25,44
-39,25,44
-40,26,45
-40,26,46
-39,25,45
-39,24,44
-39,25,45
-40,25,44
-40,25,44
-39,25,45
-40,26,45
-40,26,44
-39,26,45
-40,26,44
-39,25,44
-39,26,45
-39,25,45
-40,25,45
-41,25,45
-40,25,45
-40,25,44
-40,25,44
-41,25,45
-40,25,44
-40,25,44
-41,25,44
-41,25,45
-42,24,44
-41,24,44
-41,23,44
-41,24,44
-41,24,44
-42,24,44
-42,24,44
-41,24,44
-41,24,44
-41,24,44
-42,24,44
-42,24,44
-42,24,44
-41,24,44
-41,24,44
-42,24,44
-42,24,44
-41,24,44
-41,24,44
-42,24,44
-42,24,44
-42,24,44
-41,23,44
-41,24,44
-41,24,44
-41,24,44
-42,24,44
-41,24,44
-41,24,44
-41,24,44
-41,24,44
-42,24,44
-41,24,44
-41,24,44
-41,24,44
-42,24,44
-41,24,44
-41,24,44
-42,24,44
-42,24,44
-41,24,44
-41,24,44
-41,24,44
-41,24,44
-42,24,44
-41,24,44
-41,24,44
-41,25,44
-41,24,45
-41,24,45
-42,24,44
-42,24,44
-48,25,45
-48,26,46
-44,24,50
-44,27,54
-42,27,57
-36,26,58
-25,21,54
-24,21,53
-17,20,56
-15,18,55
-17,17,53
-15,17,55
-9,17,56
-8,16,54
-8,16,53
-9,20,62
-3,21,64
6,21,63
4,20,61
1,19,56
2,18,57
5,20,60
5,20,60
2,21,61
1,22,62
1,20,61
0,21,60
0,21,60
0,21,60
2,21,62
3,21,61
1,19,61
-2,20,61
-2,19,61
-2,18,61
-2,18,62
-2,17,62
-2,19,61
-2,18,61
-2,17,61
-3,19,60
-3,19,61
-2,18,63
-2,18,62
-6,17,58
-2,16,56
-1,24,56
-4,18,58
-2,17,62
0,20,63
2,20,63
4,18,65
3,22,66
1,25,66
-1,23,65
-4,23,62
0,20,62
7,16,68
-3,15,53
-6,25,50
-5,24,53
-3,21,52
-3,22,48
13,19,46
17,17,46
18,19,50
-44,40,68
-59,29,82
-45,23,59
-22,17,47
-26,19,49
-30,22,57
-29,24,56
-31,21,52
-33,22,51
-36,24,49
-34,23,48
-32,24,50
-32,25,50
-30,27,50
-29,29,50
-32,30,49
-34,30,49
-33,29,49
-32,28,49
-32,25,50
-33,24,50
-34,25,50
-33,25,50
-33,26,50
-33,26,50
-33,25,50
-34,25,50
-33,25,50
-33,25,50
-33,25,49
-34,25,49
-33,25,50
-33,25,50
-33,26,50
-34,26,49
-34,25,49
-33,25,49
-34,25,50
-34,25,50
-34,25,50
-34,25,50
-34,25,49
-34,25,49
-33,25,50
-34,25,50
-34,25,49
-34,25,49
-34,25,49
-34,25,49
-34,25,50
-34,24,49
-34,24,50
-34,24,50
-34,25,50
-34,25,49
-34,25,50
-34,25,49
-34,25,48
-34,26,49
-34,24,51
-33,24,51
-35,24,49
-35,24,49
-34,25,50
-34,25,50
-34,25,49
-34,25,49
-34,25,49
-34,25,50
-34,25,49
-34,25,50
-34,24,49
-34,24,50
-35,24,49
-35,24,49
-34,24,50
-34,24,49
-35,25,49
-34,25,49
-34,24,49
-34,25,49
-35,25,49
-34,25,49
-34,25,49
-34,24,49
-35,25,49
-34,25,49
-34,25,50
-34,24,49
-35,25,49
-35,25,49
-34,25,50
-34,25,49
-35,25,49
-35,24,49
-34,25,50
-34,25,49
-34,25,49
-35,25,48
-35,25,49
-34,24,49
-35,24,49
-35,25,49
-34,25,49
-35,25,48
-34,25,50
-35,24,48
-35,24,49
-34,24,49
-36,24,48
-35,25,49
-34,25,49
-35,24,49
-36,24,48
-35,25,48
-33,24,51
-33,23,51
-37,23,47
-37,23,47
-35,23,49
-35,23,49
-36,24,48
-35,25,48
-36,24,48
-36,24,48
-35,23,48
-36,23,49
-36,24,48
-36,24,48
-36,24,48
-36,24,48
-36,24,48
-36,24,48
-35,24,49
-35,24,49
-36,24,48
-37,24,47
-36,24,48
-36,24,48
-36,23,48
-37,23,48
-36,23,48
-36,24,48
-36,24,48
-36,23,49
-36,23,48
-36,23,48
-36,23,48
-36,24,48
-36,24,48
-36,23,48
-37,23,48
-37,23,48
-37,23,48
-37,25,47
-36,25,46
-37,24,48
-36,23,49
-37,23,47
-37,24,47
-36,24,47
-37,23,47
-38,23,48
-37,23,48
-37,24,48
-38,24,47
-38,24,47
-38,24,47
-38,23,47
-38,23,47
-39,23,46
-38,24,47
-38,24,47
-38,23,47
-38,23,47
-38,23,47
-37,23,47
-38,23,47
-38,24,47
-38,24,46
-38,24,46
-38,24,47
-38,23,47
-38,23,47
-38,23,47
-38,24,47
-38,24,47
-38,24,47
-38,24,47
-38,24,47
-38,24,47
-38,24,47
-38,24,47
-38,24,47
-38,24,47
-38,23,47
-38,23,47
-38,23,47
-38,23,47
-37,24,47
-38,24,47
-38,24,47
-38,23,47
-38,23,47
-38,23,47
-38,23,47
-38,23,47
-38,23,47
-38,23,47
-38,23,47
-38,23,47
-38,23,47
-39,24,46
-38,24,47
-38,23,47
-39,23,47
-38,23,47
-38,23,47
-37,23,47
-37,24,47
-37,23,47
-37,23,48
-37,23,48
-37,23,47
-38,24,48
-37,24,48
-37,23,48
-38,23,47
-37,23,47
-37,24,47
-37,24,47
-37,23,47
-37,23,48
-37,23,47
-37,24,47
-37,24,48
-37,24,47
-37,24,47
-37,24,47
-37,23,47
-38,23,47
-37,23,48
-37,24,47
-37,24,47
-37,24,48
-37,24,47
-37,24,47
-37,25,47
-37,25,48
-37,24,47
-37,23,47
-37,24,47
-37,24,48
-37,24,48
-37,24,47
-38,24,47
-38,24,47
-37,24,47
-37,24,47
-37,24,47
-37,23,48
-37,23,47
-37,23,48
-37,23,47
-37,24,47
-37,24,47
-37,24,47
-37,24,47
-37,24,47
-37,24,47
-37,24,47
-37,24,47
-37,24,48
-37,24,47
-37,24,47
-37,24,47
-37,24,47
-37,24,47
-38,24,47
-38,24,47
-37,24,48
-37,24,47
-38,24,47
-37,24,47
-37,24,47
-37,24,47
-37,23,47
-37,23,47
-37,23,47
-37,24,47
-37,24,47
-37,24,47
-37,24,47
-37,24,47
-37,24,47
-38,24,47
-38,24,47
-37,23,47
-37,23,47
-38,23,47
-37,24,47
-37,24,47
-37,24,47
-37,24,47
-37,24,47
-38,23,47
-37,24,48
-38,24,47
-37,24,48
-37,23,47
-38,24,47
-38,24,47
-37,24,47
-37,24,47
-37,23,47
-38,23,47
-37,24,47
-37,23,47
-37,23,47
-37,23,47
-37,24,47
-37,24,47
-37,24,47
-37,24,47
-37,25,47
-37,24,47
-37,24,47
-37,24,47
-37,24,47
-37,24,47
-37,24,47
-37,24,47
-37,24,47
-37,24,47
-37,24,47
-37,24,47
-38,24,47
-38,24,47
-37,24,48
-37,24,47
-37,24,47
-37,24,47
-37,24,47
-37,24,47
-37,24,47
-37,23,47
-38,24,47
-37,24,48
-37,24,47
-37,23,47
-37,23,47
-37,24,47
-38,24,47
-37,24,47
-38,24,47
-38,24,47
-37,24,47
-38,25,47
-37,25,48
-36,24,48
-37,24,47
-39,24,45
-39,24,47
-38,23,47
-37,22,49
-36,22,50
-36,22,50
-36,22,48
-37,23,47
-38,23,47
-39,24,46
-39,24,46
-39,24,46
-39,24,46
-39,23,46
-39,23,46
-38,23,47
-38,23,47
-38,24,47
-38,23,47
-38,23,47
-39,23,46
-40,23,46
-40,23,46
-39,22,46
-39,21,46
-41,21,46
-42,21,46
-41,20,46
-42,20,46
-39,19,47
-39,21,47
-40,20,46
-40,21,46
-39,21,47
-38,20,48
-39,21,47
-39,21,46
-39,21,46
-42,20,47
-41,19,46
-41,19,46
-41,20,46
-42,19,46
-42,20,46
-43,20,45
-43,19,44
-43,20,44
-43,20,44
-46,20,44
-43,19,44
-41,19,46
-40,20,47
-43,20,44
-44,20,44
-43,20,45
-42,20,46
-43,21,45
-43,21,44
-44,22,43
-43,20,43
-43,20,42
-44,20,43
-45,21,44
-44,22,43
-44,22,43
-43,22,42
-43,22,43
-44,21,44
-44,20,44
-45,19,44
-44,19,44
-44,20,44
-44,21,43
-43,21,44
-43,20,44
-44,20,43
-45,20,43
-45,20,43
-44,19,44
-44,20,43
-45,19,43
-45,20,43
-45,20,43
-44,20,43
-44,20,43
-44,19,43
-44,19,43
-44,19,43
-44,19,43
-44,20,43
-45,20,43
-45,20,43
-45,19,43
-44,19,43
-45,19,43
-45,19,43
-45,19,43
-45,19,43
-44,19,43
-44,19,43
-44,20,43
-44,19,43
-45,20,43
-44,19,43
-45,20,43
-45,19,43
-44,19,43
-45,19,43
-45,20,43
-45,19,43
-45,19,43
-45,19,43
-45,19,43
-45,19,43
-45,19,43
-45,19,43
-44,19,43
-45,19,43
-45,19,43
-45,19,43
-44,20,43
-43,20,44
-44,19,44
-46,19,42
-46,19,42
-45,19,42
-45,19,43
-44,19,43
-44,19,43
-45,19,43
-45,19,44
-45,19,43
-44,19,43
-44,19,43
-44,19,43
-44,19,43
-44,19,44
-44,19,43
-44,19,44
-44,19,43
-44,19,43
-44,19,43
-44,20,43
-44,20,43
-45,19,43
-44,19,44
-44,19,43
-44,19,44
-44,19,43
-44,19,43
-44,19,44
-44,20,44
-44,19,43
-44,19,44
-45,20,43
-44,20,43
-44,20,44
-44,19,44
-44,19,43
-44,20,43
-45,19,43
-44,20,43
-44,19,43
-44,19,44
-44,19,43
-44,19,43
-44,19,43
-44,20,43
-44,20,43
-45,20,43
-44,19,43
-44,19,43
-44,19,43
-44,19,43
-45,19,43
-44,19,43
-44,19,43
-44,20,43
-44,20,43
-44,20,43
-44,20,43
-44,20,44
-44,19,44
-44,20,43
-45,20,43
-45,19,43
-45,19,43
-44,19,43
-44,19,43
-45,19,43
-44,19,43
-44,19,43
-44,20,43
-44,20,43
-44,19,43
-44,19,43
-44,19,43
-45,20,43
-44,20,43
-45,20,43
-44,20,43
-45,19,43
-44,20,43
-44,20,43
-44,20,43
-44,19,43
-45,19,43
-45,20,43
-45,20,42
-45,21,42
-44,20,43
-45,20,42
-45,20,42
-45,19,42
-44,19,42
-44,20,43
-45,20,43
-45,20,43
-45,20,42
-45,20,43
-45,20,43
-45,20,42
-45,20,42
-44,20,43
-45,20,43
-44,20,43
-44,20,43
-44,20,43
-45,20,42
-45,20,43
-44,20,43
-45,20,43
-45,20,43
-44,20,43
-44,20,43
-45,20,43
-45,20,42
-45,20,42
-45,20,42
-45,20,43
-45,20,42
-45,20,42
-46,20,41
-44,20,43
-45,20,43
-45,20,42
-45,20,42
-45,20,41
-45,20,42
-45,20,42
-45,20,42
-45,20,42
-45,20,42
-45,20,42
-45,20,42
-45,20,42
-45,20,42
-45,20,42
-45,20,42
-45,20,42
-45,20,42
-45,20,42
-45,20,42
-45,20,42
-45,20,42
-45,21,42
-45,21,42
-45,21,42
-45,21,42
-45,20,42
-45,20,42
-45,20,42
-45,21,42
-45,21,42
-45,20,41
-45,20,42
-45,21,43
-45,21,42
-45,21,42
-46,20,41
-45,21,42
-45,20,42
-45,20,42
-45,20,42
-45,20,42
-45,20,42
-45,21,42
-45,21,42
-45,21,42
-45,20,42
-45,21,42
-45,20,42
-45,20,42
-45,20,42
-45,20,42
-45,20,42
-45,21,42
-45,21,42
-45,20,42
-45,21,42
-45,21,42
-45,20,42
-45,20,41
-45,20,42
-45,21,42
-45,20,42
-45,20,43
-45,20,42
-45,21,42
-45,20,42
-45,21,42
-45,20,42
-45,20,42
-46,20,42
-45,20,42
-45,20,42
-45,20,42
-45,20,42
-45,20,42
-45,20,42
-45,20,42
-45,20,42
-45,20,42
-45,20,42
-45,20,42
-45,20,42
-45,20,42
-46,21,42
-44,20,42
-45,20,42
-45,20,42
-45,20,42
-45,20,42
-45,20,42
-45,20,42
-46,20,42
-46,20,42
-45,20,43
-45,20,42
-46,21,42
-46,20,41
-45,20,42
-45,20,42
-45,20,42
-46,20,42
-45,20,42
-45,20,42
-45,20,42
-45,20,42
-45,20,42
-45,20,42
-45,20,42
-45,20,41
-45,20,42
-46,20,42
-45,20,42
-45,20,42
-46,20,42
-45,20,42
-44,20,44
-44,19,42
-47,20,41
-46,20,40
-47,20,40
-46,20,42
-46,20,41
-46,20,41
-46,20,42
-46,20,41
-46,20,40
-47,21,40
-47,21,40
-47,21,40
-46,21,40
-46,20,41
-46,20,41
-46,20,40
-46,21,41
-47,21,40
-46,20,40
-46,20,40
-46,21,40
-47,21,40
-46,21,41
-45,21,41
-46,21,40
-46,22,41
-46,21,41
-46,20,41
-46,21,41
-46,21,41
-47,21,40
-47,21,40
-47,21,40
-47,21,40
-48,21,39
-47,21,40
-45,21,43
-43,20,44
-47,20,40
-47,21,40
-46,20,42
-46,21,41
-47,20,39
-47,19,40
-47,19,40
-46,20,40
-47,21,40
-47,20,40
-47,20,40
-47,20,41
-46,20,41
-47,20,40
-47,20,40
-47,20,40
-46,20,40
-47,20,41
-46,20,41
-47,20,40
-47,20,40
-47,20,41
-46,20,40
-47,20,40
-47,20,40
-48,20,39
-47,20,40
-46,20,41
-46,20,42
-47,20,41
-46,20,41
-47,20,41
-47,20,40
-46,20,41
-46,19,41
-46,20,41
-46,20,41
-46,20,41
-46,20,41
-46,20,41
-46,20,41
-46,20,41
-47,20,41
-46,20,41
-46,20,41
-46,21,41
-46,20,40
-46,20,41
-46,20,41
-46,20,41
-46,20,41
-46,20,41
-46,20,41
-46,20,41
-46,20,41
-47,20,40
-47,20,41
-46,20,41
-46,20,41
-47,21,41
-46,20,40
-46,20,41
-46,20,41
-46,20,41
-46,20,41
-47,20,41
-46,20,41
-46,20,41
-46,20,41
-46,20,41
-46,20,41
-46,20,41
-46,20,41
-46,20,41
-46,20,41
-46,20,41
-46,20,41
-46,20,41
-46,20,41
-46,20,41
-46,20,41
-47,20,41
-47,20,41
-46,20,41
-46,20,40
-47,20,40
-46,20,41
-46,20,41
-46,20,41
-47,20,41
-47,20,41
-46,20,41
-46,20,41
-46,20,41
-47,20,41
-46,20,41
-46,20,41
-47,20,41
-46,20,41
-46,20,41
-46,20,41
-46,20,41
-47,20,41
-46,20,41
-46,20,40
-46,20,41
-47,20,40
-47,20,41
-46,20,41
-46,20,41
-46,20,41
-46,20,41
-47,20,41
-47,20,40
-46,20,41
-46,20,40
-47,20,41
-46,20,41
-47,20,41
-47,20,40
-47,20,40
-47,20,40
-46,20,41
-46,19,41
-47,19,40
-47,20,40
-46,20,41
-46,20,41
-47,20,41
-46,20,41
-46,20,41
-46,20,41
-46,20,41
-46,20,41
-46,20,41
-47,20,40
-47,20,41
-47,20,40
-47,20,40
-47,20,40
-46,20,40
-47,20,40
-47,20,41
-47,20,41
-47,20,40
-47,20,40
-47,20,40
-47,20,40
-47,20,40
-46,20,41
-46,20,41
-48,20,39
-48,20,39
-47,20,40
-47,20,40
-47,20,41
-48,19,39
-47,19,40
-47,20,40
-48,20,39
-48,20,39
-47,20,39
-48,20,39
-48,20,39
-48,19,39
-48,20,39
-48,20,39
-48,19,39
-48,19,39
-48,19,39
-48,20,40
-47,20,40
-48,20,39
-48,19,39
-47,20,40
-48,20,39
-48,20,39
-48,20,39
-48,20,39
-48,19,39
-48,20,40
-48,20,39
-48,20,39
-48,19,39
-48,19,39
-48,19,39
-47,20,40
-48,19,39
-48,19,39
-48,19,39
-48,20,38
-49,20,38
-49,20,38
-48,20,39
-49,20,39
-48,19,38
-49,19,38
-48,19,39
-48,20,39
-48,20,38
-48,19,38
-49,19,38
-48,19,38
-48,19,39
-48,19,38
-48,19,39
-48,19,39
-48,19,39
-48,19,39
-49,20,38
-49,19,38
-48,19,39
-48,19,38
-49,19,38
-48,20,38
-48,20,39
-48,19,38
-48,19,38
-48,19,39
-48,19,39
-48,19,39
-48,19,39
-48,19,39
-48,20,39
-48,20,39
-48,20,39
-48,19,38
-48,19,39
-48,19,39
-49,19,39
-48,19,39
-49,19,39
-48,20,38
-48,19,39
-48,19,39
-48,19,39
-48,19,39
-48,19,39
-49,19,39
-48,19,39
-48,19,38
-48,20,39
-48,19,39
-48,19,39
-48,19,39
-48,20,38
-48,19,38
-48,19,39
-48,19,39
-48,19,39
-48,19,39
-48,19,39
-48,20,38
-49,19,38
-48,19,38
-48,19,38
-48,19,39
-48,19,39
-48,19,39
-48,19,39
-48,19,39
-48,19,39
-49,19,38
-48,20,39
-48,19,39
-48,20,39
-49,19,39
-48,19,39
-48,19,39
-49,19,39
-48,20,39
-48,20,38
-49,19,39
-48,19,39
-48,20,39
-48,20,38
-48,19,39
-49,20,38
-48,20,39
-48,19,38
-48,19,39
-48,19,39
-48,20,39
-48,19,39
-49,20,39
-49,20,38
-48,20,38
-48,19,38
-48,20,38
-48,19,39
-48,19,39
-48,19,39
-48,19,39
-48,20,39
-48,20,39
-48,19,39
-48,20,39
-48,19,39
-48,19,39
-48,19,39
-48,20,39
-48,20,39
-48,20,39
-48,20,39
-48,19,39
-48,19,39
-48,19,39
-48,19,39
-48,19,39
-48,19,39
-48,19,39
-48,19,39
-49,19,39
-48,19,39
-48,19,39
-48,19,39
-48,19,39
-48,20,39
-48,20,39
-48,19,39
-48,19,39
-48,19,39
-48,19,39
-48,19,39
-48,19,39
-49,19,39
-48,19,39
-48,19,39
-48,19,39
-48,19,39
-48,19,39
-48,19,39
-48,19,39
-48,19,39
-48,19,39
-47,20,40
-48,19,39
-48,20,39
-48,19,39
-48,20,39
-48,19,39
-48,19,39
-48,19,39
-48,19,39
-48,19,39
-48,19,39
-48,20,39
-48,19,39
-48,20,39
-48,20,39
-48,20,39
-48,19,40
-48,19,39
-48,19,39
-48,19,39
-48,19,39
-48,19,39
-48,19,39
-48,20,39
-47,20,40
-47,20,39
-48,20,39
-48,20,39
-48,20,39
-48,20,40
-48,20,39
-48,19,40
-47,19,40
-47,20,40
-48,20,39
-48,20,39
-48,20,39
-47,20,40
-47,20,39
-48,19,40
-48,19,39
-47,19,39
-48,20,40
-48,20,39
-48,20,39
-48,20,39
-47,20,39
-48,20,39
-47,20,40
-48,20,39
-48,20,39
-48,20,40
-47,20,40
-48,19,40
-47,19,39
-48,20,39
-48,20,39
-47,20,39
-48,20,39
-48,20,39
-48,20,39
-47,19,40
-48,20,40
-47,20,40
-47,20,40
-48,20,39
-48,20,39
-48,20,39
-47,20,39
-48,20,39
-48,19,39
-48,20,40
-47,20,39
-48,20,40
-48,20,39
-48,20,39
-48,20,39
-47,20,39
-48,19,39
-48,19,39
-48,19,39
-48,19,39
-48,20,39
-47,20,39
-47,20,39
-48,20,39
-48,20,39
-47,20,39
-48,19,39
-48,20,39
-48,19,39
-47,19,39
-48,19,39
-48,20,39
-47,20,40
-48,20,39
-48,20,39
-48,20,39
-48,20,39
-48,20,39
-48,19,39
-48,20,39
-48,20,39
-47,19,39
-48,20,39
-48,20,39
-48,20,39
-48,20,39
-48,20,40
-48,20,39
-48,20,39
-48,20,39
-48,20,39
-48,19,39
-48,19,39
-48,20,39
-48,20,39
-48,20,39
-48,20,39
-48,20,39
-48,20,39
-48,20,39
-48,20,39
-48,20,39
-48,20,39
-47,19,40
-47,20,40
-48,20,39
-48,20,39
-48,20,39
-47,20,39
-48,20,39
-48,20,39
-48,20,39
-47,20,39
-47,20,39
-48,20,39
-48,20,39
-48,20,39
-48,20,39
-48,20,39
-48,20,39
-48,20,39
-48,20,39
-48,20,39
-48,20,39
-48,20,39
-48,20,39
-48,20,39
-48,20,39
-48,20,39
-48,20,39
-48,20,39
-48,20,39
-48,20,39
-48,20,39
-48,20,39
-48,20,39
-48,20,39
-48,20,38
-48,20,39
-48,20,39
-48,19,39
-49,19,38
-49,19,38
-48,19,38
-48,20,39
-48,20,39
-48,20,38
-48,20,38
-48,20,38
-48,20,39
-48,20,39
-48,20,38
-48,20,38
-49,20,38
-48,20,39
-48,20,39
-48,20,38
-49,20,38
-48,20,39
-48,19,39
-48,20,39
-49,20,38
-48,20,39
-49,20,38
-48,20,39
-48,19,39
-49,19,38
-49,19,39
-48,20,39
-48,20,39
-48,19,39
-48,19,39
-48,19,39
-48,19,39
-48,20,38
-49,20,38
-48,19,39
-48,19,38
-48,19,38
-49,19,39
-49,19,38
-49,19,38
-49,19,38
-49,19,38
-49,19,39
-49,19,38
-49,19,38
-49,19,38
-49,20,38
-49,20,38
-49,19,38
-49,19,38
-48,19,38
-49,19,38
-49,19,38
-49,19,38
-49,19,39
-49,19,38
-49,20,38
-49,20,38
-49,20,38
-48,19,38
-49,19,38
-49,19,38
-49,19,38
-49,20,38
-49,20,38
-49,20,38
-49,20,38
-49,20,38
-49,20,38
-49,19,38
-48,19,38
-49,19,38
-49,20,38
-49,20,38
-49,19,38
-49,20,38
-48,20,38
-49,20,38
-49,19,38
-49,19,38
-49,20,37
-49,20,38
-49,19,38
-49,19,39
-49,20,38
-49,20,38
-49,19,38
-49,19,38
-49,20,38
-49,19,38
-49,19,38
-49,19,38
-48,19,38
-48,19,38
-49,19,38
-49,19,38
-49,19,38
-49,20,38
-49,19,38
-49,19,38
-49,19,38
-49,19,37
-49,20,38
-49,19,38
-49,19,38
-48,20,38
-48,20,38
-49,19,38
-49,19,38
-48,19,38
-49,19,38
-49,19,38
-48,19,38
-49,19,38
-48,20,39
-48,19,38
-49,20,39
-49,19,38
-49,19,38
-49,20,39
-49,20,38
-48,19,39
-48,19,39
-48,19,39
-48,19,39
-49,20,39
-48,19,38
-48,19,39
-48,20,39
-48,20,39
-48,20,39
-48,19,39
-48,19,39
-48,19,39
-48,19,39
-48,20,39
-48,20,39
-48,19,39
-48,19,39
-48,20,39
-48,20,38
-48,20,38
-48,19,39
-48,19,39
-48,19,39
-48,19,39
-48,20,39
-48,20,39
-47,20,39
-47,20,39
-48,20,39
-47,20,39
-47,20,40
-48,20,40
-47,20,41
-47,19,41
-46,20,40
-46,20,41
-44,20,42
-45,20,42
-45,20,42
-43,20,44
-42,20,45
-47,19,41
-47,20,40
-47,19,40
-47,20,39
-47,20,39
-48,20,39
-47,20,39
-47,20,39
-48,20,39
-48,20,40
-47,20,39
-47,20,40
-48,20,39
-48,20,39
-47,20,40
-48,20,39
-48,20,39
-48,20,39
-48,20,39
-47,20,39
-47,20,39
-48,19,39
-48,20,39
-47,20,40
-47,20,40
-48,20,39
-48,20,39
-48,20,39
-48,20,39
-48,20,40
-47,20,40
-48,20,40
-47,20,40
-48,20,39
-48,20,39
-48,20,39
-48,20,39
-48,20,39
-48,20,40
-47,20,39
-48,20,39
-48,20,40
-47,20,39
-48,20,39
-47,20,40
-48,20,39
-48,20,39
-48,20,39
-48,20,39
-47,20,40
-47,19,40
-48,19,40
-48,20,39
-47,20,40
-48,20,39
-48,20,39
-48,20,39
-47,20,39
-48,20,40
-48,20,39
-47,19,40
-47,20,39
-48,20,39
-47,20,40
-47,20,40
-48,20,39
-47,20,39
-48,20,39
-48,20,39
-48,20,39
-48,20,39
-48,20,39
-48,20,39
-48,20,39
-48,20,39
-48,20,39
-48,20,39
-48,20,39
-48,20,38
-48,20,39
-48,20,39
-48,20,39
-48,20,39
-48,20,39
-48,20,39
-48,20,39
-48,20,39
-48,20,39
-48,20,39
-48,20,39
-48,20,39
-48,20,39
-47,20,39
-48,20,39
-48,20,39
-48,20,39
-48,20,39
-48,20,39
-48,20,39
-47,20,39
-48,20,39
-48,20,39
-48,20,39
-48,20,39
-48,20,39
-48,20,39
-47,20,39
-47,20,39
-48,20,39
-48,20,39
-48,20,39
-47,20,39
-47,20,39
-48,20,39
-48,20,39
-48,20,39
-47,20,39
-48,20,39
-48,20,39
-47,20,40
-48,20,39
-48,20,39
-48,20,39
-48,20,39
-47,20,39
-48,20,39
-48,20,39
-48,20,39
-48,20,39
-48,20,39
-47,20,39
-48,20,39
-48,20,39
-48,20,39
-47,20,39
-48,20,39
-48,20,39
-47,20,40
-47,20,39
-48,20,39
-48,20,39
-47,20,39
-47,20,39
-48,20,39
-48,20,39
-48,20,39
-47,20,39
-47,20,39
-48,20,39
-48,20,39
-47,20,39
-48,20,39
-48,20,39
-48,20,39
-47,20,39
-47,20,39
-48,20,39
-48,20,39
-48,20,39
-47,20,39
-47,20,39
-48,20,39
-48,20,39
-48,20,39
-48,20,39
-48,20,39
-48,20,39
-48,20,39
-48,20,39
-48,20,39
-47,20,40
-48,20,39
-47,20,39
-48,20,39
-48,20,39
-48,20,39
-47,20,39
-47,20,40
-48,20,39
-47,20,39
-47,21,39
-48,20,40
-47,20,40
-47,20,39
-48,20,39
-48,20,39
-48,20,39
-47,20,39
-47,20,40
-47,20,39
-47,21,39
-47,21,39
-47,21,39
-47,21,39
-47,21,40
-47,21,39
-47,20,39
-47,20,40
-47,21,39
-47,21,39
-47,20,39
-47,20,40
-47,20,40
-48,21,40
-47,21,39
-48,20,39
-47,20,39
-47,20,40
-47,20,39
-48,20,40
-48,20,39
-47,20,39
-47,20,40
-48,20,39
-47,21,39
-47,20,39
-48,20,40
-47,20,39
-47,20,39
-48,20,39
-47,20,39
-48,20,39
-48,20,39
-48,20,39
-47,20,40
-47,20,40
-47,20,39
-48,20,40
-47,20,39
-48,20,39
-47,20,39
-47,20,39
-48,20,39
-47,20,40
-47,20,40
-47,20,40
-48,20,39
-48,20,39
-47,20,39
-48,20,40
-48,20,40
-48,20,39
-47,20,39
-47,20,40
-47,20,39
-47,20,40
-47,20,40
-47,20,40
-47,20,40
-48,20,40
-47,20,39
-47,20,39
-48,20,39
-47,20,39
-48,20,39
-47,20,39
-47,20,39
-47,20,40
-48,20,39
-47,20,40
-47,20,40
-47,20,39
-47,20,40
-48,20,39
-47,20,39
-48,20,39
-47,20,40
-47,20,40
-47,20,40
-48,20,40
-47,20,39
-47,20,40
-48,20,39
-48,20,39
-47,20,40
-47,20,40
-48,20,40
-48,20,40
-47,20,40
-47,20,39
-47,20,39
-47,20,39
-48,20,39
-48,20,39
-47,20,40
-47,20,39
-47,20,40
-47,20,39
-47,20,39
-47,20,39
-47,20,39
-47,20,39
-47,20,40
-47,20,40
-47,20,39
-47,20,39
-48,20,39
-48,20,39
-47,20,39
-48,20,40
-47,20,40
-48,21,39
-47,20,39
-48,20,39
-48,20,39
-47,20,40
-47,20,40
-47,20,39
-47,20,39
-47,20,40
-47,20,40
-48,20,39
-47,20,39
-47,20,39
-48,21,39
-47,20,39
-47,20,40
-48,20,39
-47,20,39
-47,20,40
-47,20,40
-47,20,39
-47,20,39
-47,20,39
-47,20,39
-47,20,39
-48,20,39
-48,20,40
-47,20,39
-48,20,39
-47,20,39
-48,20,39
-47,20,40
-47,20,39
-47,20,40
-47,20,40
-48,20,39
-47,20,39
-47,20,40
-48,20,39
-48,20,39
-48,20,39
-47,20,39
-47,20,39
-47,20,39
-48,20,39
-47,20,39
-47,20,39
-48,20,39
-47,20,39
-47,20,39
-48,20,39
-47,20,39
-48,20,39
-47,20,39
-47,20,39
-47,20,39
-47,20,39
-48,20,39
-47,20,39
-47,20,39
-47,20,39
-47,20,39
-47,20,39
-48,20,39
-47,20,40
-47,20,40
-48,19,40
-49,20,39
-47,21,39
-47,21,39
-47,20,40
-48,20,40
-47,20,40
-47,20,40
-48,20,40
-47,20,40
-47,20,39
-47,20,39
-47,20,40
-48,20,39
-47,20,39
-48,20,39
-47,20,40
-47,20,40
-47,20,40
-47,20,40
-47,20,40
-47,20,39
-47,20,39
-47,20,40
-47,20,40
-47,20,40
-47,20,40
-47,20,40
-47,20,40
-47,20,40
-48,19,39
-46,21,41
-46,21,42
-46,20,41
-47,21,41
-46,20,41
-46,20,41
-47,21,40
-47,20,41
-46,20,42
-47,19,40
-47,22,39
-46,22,40
-46,21,41
-47,21,40
-47,21,40
-46,21,40
-46,21,40
-46,20,41
-46,20,41
-46,20,41
-46,21,41
-45,21,41
-46,20,41
-46,21,40
-46,21,40
-46,21,40
-46,21,41
-46,21,41
-46,21,41
-46,21,41
-46,21,41
-45,20,41
-45,21,41
-46,21,42
-45,21,42
-45,20,40
-45,21,42
-45,20,41
-46,21,42
-45,20,42
-45,21,41
-45,21,41
-45,21,41
-46,21,41
-46,21,40
-46,21,41
-46,21,41
-46,20,41
-47,21,40
-47,21,40
-47,21,40
-47,20,39
-47,20,40
-47,20,40
-46,20,40
-47,21,40
-47,20,39
-47,20,39
-47,21,40
-47,20,40
-47,20,40
-48,20,39
-48,20,39
-47,20,39
-48,21,39
-48,21,39
-48,20,39
-47,20,39
-47,20,40
-48,20,38
-48,20,39
-48,20,38
-49,21,38
-49,21,38
-48,21,38
-49,20,38
-49,20,38
-48,20,38
-48,20,38
-49,20,37
-49,20,37
-49,20,38
-48,20,38
-49,21,38
-49,21,38
-48,21,38
-49,21,37
-49,21,35
-50,21,36
-49,20,37
-49,20,37
-50,21,37
-50,21,36
-49,22,38
-48,22,38
-48,22,38
-48,22,38
-48,22,38
-48,21,39
-47,22,39
-48,23,38
-47,23,40
-46,23,39
-46,24,38
-47,23,38
-47,23,39
-47,23,37
-50,23,35
-46,24,38
-42,25,40
-42,26,42
-43,27,42
-44,26,40
-44,26,40
-43,26,42
-42,25,43
-43,24,41
-44,24,41
-42,25,43
-42,25,42
-43,26,41
-43,25,41
-43,25,41
-44,25,41
-42,26,42
-42,27,41
-42,28,42
-41,27,42
-42,28,42
-41,27,41
-42,27,41
-42,27,42
-41,27,41
-40,29,42
-40,29,42
-39,29,43
-38,29,43
-41,29,43
-44,28,40
-47,28,36
-46,28,37
-39,29,43
-38,29,43
-41,29,43
-44,28,40
-47,28,36
-46,28,37
-46,28,36
-46,28,36
-46,29,36
-46,29,36
-48,29,33
-47,29,33
-46,30,36
-43,29,38
-45,29,38
-44,28,38
-45,29,36
-45,29,37
-44,29,38
-45,29,37
-45,30,37
-45,30,38
-45,30,38
-45,29,35
-46,30,34
-48,30,32
-48,29,32
-48,28,32
-49,28,32
-48,28,32
-48,28,33
-49,28,31
-50,29,31
-47,29,33
-47,29,34
-47,29,34
-48,29,34
-48,29,32
-48,29,32
-49,30,33
-48,30,32
-47,28,34
-47,28,35
-47,29,33
-47,30,33
-47,30,33
-47,29,32
-47,29,33
-47,29,35
-49,30,34
-48,30,32
-48,31,32
-47,32,32
-48,32,31
-48,32,32
-48,32,32
-47,32,32
-47,32,32
-47,32,32
-47,31,32
-46,31,33
-47,31,32
-47,31,32
-48,32,32
-47,32,32
-47,32,32
-46,32,33
-45,32,33
-46,33,34
-45,32,34
-45,32,35
-45,32,35
-45,32,34
-45,33,35
-43,32,36
-40,32,40
-42,32,38
-44,32,36
-41,32,37
-44,32,37
-43,32,37
-42,31,38
-43,30,38
-45,31,36
-44,31,37
-42,32,38
-41,31,38
-44,31,36
-46,31,35
-45,31,35
-46,31,35
-45,30,35
-46,30,35
-45,31,35
-45,31,35
-45,31,36
-45,31,36
-44,31,35
-46,31,35
-45,31,35
-44,31,36
-44,32,37
-47,31,34
-45,29,35
-47,29,35
-46,29,34
-47,30,33
-47,30,33
-47,29,33
-48,29,33
-48,29,34
-47,30,34
-47,30,33
-47,30,34
-48,30,33
-47,30,33
-46,29,34
-47,30,34
-46,30,34
-46,30,34
-47,29,34
-47,30,34
-46,30,35
-45,31,35
-45,30,35
-47,30,34
-47,30,34
-45,30,36
-46,30,35
-47,30,34
-46,30,34
-46,30,35
-46,30,35
-45,30,35
-46,30,35
-47,30,34
-46,30,34
-47,30,34
-47,30,34
-47,30,33
-47,30,34
-47,30,34
-47,30,34
-47,30,34
-47,30,34
-47,30,34
-46,30,34
-47,30,34
-47,30,34
-47,30,34
-47,30,34
-47,30,33
-47,30,34
-47,30,34
-47,30,34
-47,30,34
-47,30,33
-47,30,33
-46,30,34
-47,30,34
-47,30,34
-47,30,34
-47,30,34
-47,30,34
-47,30,34
-47,30,34
-47,30,34
-47,30,34
-46,30,34
-46,30,34
-47,30,34
-47,30,34
-46,30,34
-47,30,34
-47,30,34
-47,30,34
-47,30,34
-46,30,34
-47,30,34
-46,30,34
-47,30,34
-46,30,34
-47,30,34
-47,30,34
-46,30,34
-46,30,34
-46,30,34
-47,30,34
-47,30,34
-46,30,34
-47,30,34
-46,30,34
-47,30,34
-46,30,34
-47,30,34
-46,30,34
-47,30,34
-47,30,34
-47,30,34
-47,30,34
-47,30,34
-47,30,34
-47,30,34
-47,30,34
-47,30,34
-47,30,34
-47,30,34
-46,30,35
-47,30,34
-47,30,34
-47,30,34
-47,30,34
-46,30,34
-46,30,34
-47,30,34
-47,30,34
-46,30,35
-47,30,34
-47,30,34
-46,30,34
-46,30,34
-46,30,34
-46,30,34
-47,30,34
-47,30,34
-46,30,34
-47,29,34
-47,30,34
-46,30,34
-46,30,34
-46,30,34
-46,30,34
-47,30,34
-47,30,34
-47,30,34
-46,30,34
-47,30,34
-47,30,34
-47,30,34
-46,30,34
-47,30,34
-47,30,33
-47,30,34
-46,30,34
-47,30,34
-47,29,34
-46,30,34
-46,30,34
-47,30,34
-47,30,34
-47,30,34
-46,30,34
-46,30,34
-47,30,34
-46,30,34
-47,30,34
-46,30,34
-47,30,34
-46,30,34
-46,30,34
-47,30,34
-46,30,34
-47,30,34
-47,30,34
-46,30,34
-46,30,34
-47,30,34
-47,30,34
-47,30,34
-47,30,34
-47,30,34
-47,30,34
-47,30,34
-46,30,34
-47,29,34
-47,29,34
-47,30,34
-46,30,34
-47,30,34
-47,30,34
-47,30,34
-46,30,34
-47,30,34
-47,30,34
-46,29,34
-47,29,34
-47,30,34
-46,30,34
-46,30,34
-47,30,34
-47,30,34
-46,30,34
-47,30,34
-47,30,34
-47,30,34
-46,30,34
-46,30,34
-47,29,34
-46,30,34
-47,30,35
-47,30,34
-47,30,34
-47,30,34
-46,30,34
-47,30,34
-47,29,34
-47,30,34
-47,30,34
-47,30,34
-46,30,34
-47,30,34
-47,30,34
-47,30,34
-47,30,34
-47,30,34
-47,30,34
-47,30,34
-46,30,34
-47,30,34
-46,30,34
-47,30,34
-46,30,35
-47,30,34
-47,30,34
-46,30,34
-47,30,34
-47,30,34
-46,30,34
-47,29,34
-46,29,34
-46,30,34
-47,30,34
-47,30,35
-47,30,34
-47,30,34
-47,30,34
-47,30,34
-46,30,34
-47,29,34
-47,29,34
-47,30,34
-47,30,34
-47,30,34
-47,30,34
-47,30,34
-47,30,34
-47,30,34
-47,30,34
-47,30,35
-46,30,34
-47,30,34
-47,30,34
-47,30,34
-46,30,34
-47,30,34
-46,30,34
-46,30,34
-47,30,34
-46,30,34
-47,30,34
-47,30,34
-47,29,34
-47,29,34
-46,30,34
-47,30,34
-46,30,34
-46,30,34
-47,30,34
-47,30,34
-46,30,34
-47,30,34
-46,30,34
-46,30,34
-47,30,34
-47,30,34
-46,30,34
-47,30,34
-47,30,34
-47,30,34
-46,30,34
-47,30,34
-47,30,34
-46,30,34
-47,30,34
-47,30,34
-46,30,34
-47,30,34
-47,30,34
-47,30,34
-47,30,34
-47,30,34
-47,30,34
-47,30,34
-47,30,34
-46,30,34
-46,30,35
-47,30,34
-47,30,35
-46,30,35
-47,30,35
-46,30,34
-46,30,34
-47,30,34
-45,30,35
-46,30,35
-46,30,34
-46,30,34
-46,30,35
-46,30,35
-46,30,35
-46,30,35
-46,30,35
-47,30,35
-46,30,35
-46,30,35
-47,30,35
-46,30,35
-46,30,35
-46,30,35
-46,30,34
-46,30,35
-46,30,35
-46,30,35
-46,30,35
-46,30,35
-46,30,35
-46,30,35
-46,30,35
-46,30,34
-46,30,35
-46,30,34
-46,30,35
-46,30,35
-46,30,34
-46,30,35
-46,30,35
-46,30,35
-46,30,35
-46,30,35
-46,30,35
-46,30,35
-46,30,35
-46,30,35
-46,30,35
-46,30,35
-46,30,35
-46,30,35
-46,30,35
-46,30,35
-46,30,35
-46,30,35
-46,30,35
-46,30,35
-46,30,35
-46,30,35
-46,30,35
-46,30,35
-46,30,35
-46,30,35
-46,30,35
-46,30,34
-46,30,35
-46,30,35
-46,30,35
-46,30,34
-47,30,35
-46,30,34
-46,30,35
-46,30,35
-46,30,35
-46,30,35
-46,30,35
-46,30,35
-46,30,34
-47,30,35
-46,30,34
-46,30,34
-46,30,35
-46,30,35
-46,30,35
-47,30,34
-46,30,35
-46,30,34
-46,30,35
-46,30,35
-47,30,35
-46,30,35
-46,30,35
-46,30,35
-46,31,35
-46,30,34
-46,30,35
-45,30,35
-46,30,35
-46,30,35
-46,30,35
-46,30,34
-46,30,35
-47,30,35
-46,30,34
-46,30,34
-46,30,35
-46,30,35
-46,30,35
-46,31,35
-46,30,35
-46,30,35
-46,30,35
-46,30,34
-46,30,35
-46,30,35
-46,30,34
-46,30,35
-46,30,34
-46,30,34
-46,30,34
-46,30,35
-46,30,34
-46,30,35
-46,30,35
-46,30,34
-46,30,34
-46,30,35
-46,30,35
-46,30,35
-46,30,34
-46,30,35
-46,30,35
-46,30,34
-46,30,34
-46,30,34
-46,30,34
-46,30,35
-46,30,35
-46,30,34
-46,30,35
-46,30,35
-46,30,35
-46,30,34
-46,30,34
-46,30,34
-46,30,35
-46,30,34
-46,30,35
-46,30,35
-46,30,34
-46,30,34
-46,30,34
-46,30,35
-46,30,34
-46,30,34
-46,30,35
-46,30,35
-46,30,35
-46,30,35
-46,30,34
-46,30,34
-46,30,34
-46,30,35
-46,30,35
-46,30,35
-46,30,34
-46,30,34
-46,30,34
-46,30,35
-46,30,34
-46,30,35
-46,30,35
-46,30,35
-46,30,35
-46,31,35
-46,30,34
-46,30,35
-46,30,34
-47,30,34
-46,30,35
-46,30,34
-46,30,35
-46,30,34
-46,30,34
-46,30,35
-46,30,34
-46,30,34
-46,30,35
-46,30,35
-46,30,35
-46,30,34
-46,30,35
-46,30,34
-46,30,35
-46,30,34
-46,30,35
-46,30,35
-46,31,35
-46,30,35
-46,30,34
-46,30,34
-46,30,35
-46,30,35
-46,30,35
-46,30,35
-46,30,35
-46,30,35
-46,30,35
-46,30,35
-46,30,34
-46,30,35
-46,30,35
-46,30,34
-46,30,34
-46,30,35
-46,30,35
-46,30,35
-46,30,35
-46,30,34
-46,30,35
-46,30,35
-46,30,34
-46,30,35
-46,30,35
-46,30,34
-46,30,34
-46,31,34
-46,30,35
-46,30,35
-46,30,34
-46,31,34
-47,30,34
-46,30,34
-46,30,34
-46,30,35
-46,30,34
-46,30,34
-46,31,35
-46,30,35
-46,30,34
-46,30,34
-46,30,34
-46,30,34
-46,30,34
-46,30,34
-46,30,34
-46,30,35
-46,30,35
-46,30,34
-46,30,34
-46,30,35
-46,30,34
-46,30,35
-46,30,34
-46,30,35
-46,30,34
-46,30,34
-46,30,34
-46,30,34
-46,30,34
-46,30,35
-46,30,35
-46,30,35
-46,30,35
-46,30,35
-46,30,34
-46,30,35
-46,30,34
-46,30,35
-46,30,34
-46,30,35
-46,30,34
-46,30,35
-46,30,35
-46,30,34
-46,30,35
-46,30,35
-46,30,34
-46,30,35
-46,30,35
-46,30,35
-46,30,35
-46,30,35
-46,30,34
-46,30,35
-46,30,34
-46,30,35
-46,30,35
-46,30,35
-46,30,34
-46,30,34
-46,30,34
-46,30,35
-46,30,35
-46,30,35
-46,30,34
-46,30,34
-46,30,34
-46,30,35
-46,30,34
-46,30,35
-46,30,34
-46,30,35
-46,30,35
-46,31,35
-46,30,35
-46,30,35
-46,31,34
-46,30,35
-46,30,35
-46,30,34
-46,30,35
-46,30,35
-46,30,34
-46,30,35
-46,30,34
-46,30,34
-46,30,34
-46,30,34
-46,30,34
-46,30,35
-46,30,35
-46,30,35
-46,30,34
-46,30,34
-46,30,35
-46,31,35
-46,31,35
-46,30,35
-46,30,35
-46,31,34
-46,31,35
-46,30,34
-46,30,35
-46,30,35
-46,31,35
-46,31,35
-46,31,34
-46,31,35
-46,30,35
-46,30,35
-46,30,35
-46,30,35
-46,30,35
-46,30,35
-46,30,35
-46,30,35
-46,31,35
-46,30,34
-46,31,34
-46,30,35
-46,30,34
-46,31,35
-46,31,35
-45,28,35
-45,30,34
-46,30,35
-46,30,34
-46,30,35
-46,31,35
-46,31,35
-47,30,34
-46,30,35
-46,31,35
-46,30,35
-46,30,35
-46,30,34
-46,31,35
-46,31,35
-46,30,35
-46,30,35
-46,30,35
-46,31,35
-46,30,34
-46,30,35
-46,30,34
-46,30,35
-46,31,35
-46,31,34
-46,30,34
-46,30,34
-46,31,35
-46,30,34
-46,30,34
-46,30,34
-46,31,34
-46,30,34
-46,31,34
-46,31,35
-47,30,34
-46,30,34
-46,30,35
-46,30,35
-46,30,35
-46,30,34
-45,30,35
-46,30,35
-46,31,35
-46,30,35
-46,30,34
-46,30,35
-46,31,35
-46,31,35
-45,31,35
-47,32,35
-46,30,35
-45,30,36
-46,30,35
-45,30,35
-45,31,36
-45,31,35
-45,30,35
-45,30,35
-45,31,35
-45,30,36
-46,30,35
-46,31,35
-45,30,35
-45,30,35
-45,30,35
-45,31,35
-46,31,35
-46,31,35
-46,30,35
-46,31,35
-46,31,35
-45,30,35
-46,30,35
-45,31,34
-45,31,35
-46,30,35
-46,30,35
-45,31,35
-45,31,35
-46,31,35
-46,31,35
-45,31,35
-45,31,35
-46,30,35
-46,30,35
-46,30,35
-46,31,35
-46,30,35
-46,31,35
-46,30,34
-46,31,35
-46,31,35
-45,31,35
-46,31,35
-46,30,34
-46,30,34
-46,30,34
-46,31,35
-46,31,34
-47,31,34
-45,31,35
-45,31,35
-45,31,35
-45,31,35
-46,30,34
-46,30,34
-46,30,34
-46,30,34
-46,30,34
-46,31,34
-46,30,35
-46,30,34
-46,30,34
-46,31,35
-46,30,35
-46,30,34
-46,30,35
-46,30,35
-46,30,35
-46,31,35
-46,31,35
-46,31,35
-46,31,34
-46,30,35
-46,31,35
-46,30,35
-46,30,35
-46,30,34
-46,30,34
-46,31,35
-46,31,35
-46,30,35
-46,30,35
-46,31,35
-46,30,35
-46,30,34
-46,30,34
-46,31,34
-46,30,35
-46,30,34
-46,30,34
-46,30,34
-46,31,35
-46,30,34
-46,30,35
-46,30,34
-46,30,34
-46,30,35
-46,30,34
-46,30,35
-46,30,34
-46,30,34
-46,30,34
-46,30,34
-46,31,34
-46,30,35
-46,30,35
-46,30,34
-46,30,34
-46,30,35
-46,30,35
-46,30,34
-46,30,35
-46,30,34
-46,30,35
-46,30,34
-46,31,34
-46,30,34
-46,30,34
-46,30,34
-46,30,34
-46,30,34
-46,30,34
-46,30,34
-46,30,34
-46,31,34
-46,31,34
-46,30,34
-46,30,34
-46,30,34
-46,30,34
-46,30,34
-47,30,34
-46,31,34
-46,31,34
-46,30,35
-46,31,34
-46,31,34
-46,31,35
-46,31,34
-46,30,34
-46,31,34
-46,30,34
-46,30,34
-46,30,34
-46,30,34
-46,30,34
-46,30,34
-46,31,34
-46,31,34
-46,31,34
-46,30,34
-46,30,34
-46,30,34
-46,30,34
-46,31,34
-46,30,34
-46,31,34
-46,31,34
-46,31,34
-47,30,34
-46,30,34
-46,30,34
-46,30,34
-46,30,34
-46,30,34
-46,31,34
-46,31,34
-46,30,35
-46,30,34
-46,31,34
-46,31,34
-46,30,34
-46,30,34
-46,30,34
-46,31,34
-46,30,35
-46,31,34
-46,31,34
-46,30,34
-46,30,34
-46,31,34
-46,30,34
-46,30,34
-46,31,34
-46,30,34
-46,31,34
-46,30,34
-46,30,34
-46,31,34
-46,30,34
-46,30,34
-46,30,34
-46,30,34
-46,31,34
-46,31,34
-46,30,34
-46,30,34
-46,31,34
-46,30,34
-46,30,34
-46,31,34
-46,30,34
-46,30,34
-46,30,34
-46,31,34
-46,31,34
-46,31,34
-46,30,34
-46,30,34
-46,30,34
-46,31,34
-46,30,34
-46,30,34
-46,30,34
-46,31,34
-46,31,34
-46,30,34
-46,31,34
-46,30,34
-46,31,34
-46,30,34
-46,30,34
-46,30,34
-46,31,34
-46,31,34
-46,30,34
-46,31,34
-46,31,34
-46,31,34
-46,30,35
-46,30,34
-46,30,34
-46,31,34
-46,30,34
-46,31,34
-46,31,34
-46,31,34
-46,31,34
-46,31,34
-46,31,34
-46,31,34
-46,30,34
-46,31,34
-46,31,34
-46,30,34
-46,30,34
-46,31,34
-46,31,34
-46,31,34
-46,31,34
-46,31,34
-46,31,34
-46,31,34
-46,31,34
-46,31,34
-46,31,34
-46,31,34
-46,31,34
-46,31,34
-46,31,34
-46,31,34
-46,31,34
-46,30,34
-46,31,34
-46,30,34
-46,31,34
-46,31,34
-46,31,34
-46,31,34
-46,31,34
-46,31,35
-46,31,34
-46,31,34
-46,31,34
-46,30,34
-46,30,34
-46,30,34
-46,30,34
-46,30,34
-46,31,34
-46,31,35
-46,31,34
-46,31,34
-46,31,34
-46,30,34
-46,30,34
-46,30,34
-46,31,34
-46,31,34
-46,31,34
-46,31,34
-46,31,35
-46,31,34
-46,31,34
-46,30,35
-46,30,34
-46,30,34
-46,31,34
-46,30,34
-46,30,34
-46,31,34
-46,31,34
-46,30,34
-46,30,34
-46,31,34
-46,31,34
-46,31,34
-46,30,34
-46,31,34
-46,30,34
-46,30,35
-46,30,34
-46,30,34
-46,31,34
-47,31,34
-46,30,34
-46,31,34
-46,31,34
-46,30,34
-46,30,34
-46,30,34
-46,31,34
-46,30,34
-46,31,34
-46,31,34
-46,31,34
-46,31,34
-46,31,34
-46,30,34
-46,31,34
-46,31,34
-46,31,34
-46,30,34
-46,31,34
-46,31,34
-46,31,35
-46,31,35
-46,31,34
-46,31,34
-46,31,34
-46,31,34
-46,31,34
-46,31,34
-46,30,34
-46,31,34
-46,30,34
-46,31,34
-46,31,34
-46,31,35
-46,31,34
-46,31,34
-46,31,34
-46,31,33
-47,31,34
-46,31,33
-46,30,34
-46,31,34
-46,30,34
-47,30,34
-47,30,34
-46,32,34
-46,32,33
-46,31,33
-47,32,34
-45,32,34
-45,31,34
-46,31,34
-45,31,34
-45,31,35
-45,32,35
-46,32,34
-45,32,34
-45,33,34
-45,32,33
-46,32,34
-46,32,34
-43,32,35
-45,32,35
-45,32,34
-44,33,34
-44,33,34
-45,33,34
-45,33,34
-44,33,35
-44,32,35
-44,32,34
-45,32,34
-45,32,34
-45,32,34
-45,33,34
-45,32,34
-45,32,34
-46,32,34
-46,33,34
-45,32,34
-45,32,34
-45,32,34
-45,32,34
-45,32,34
-46,32,34
-45,33,33
-46,33,33
-45,32,32
-46,33,33
-46,32,33
-45,31,33
-45,32,34
-45,32,34
-45,32,33
-46,33,33
-43,33,37
-42,34,38
-46,33,27
-51,32,25
-49,32,29
-47,32,31
-48,31,30
-49,31,30
-49,31,30
-49,31,31
-49,32,30
-48,31,29
-50,31,30
-48,31,29
-48,33,32
-47,34,32
-46,34,30
-46,33,30
-44,32,33
-45,31,34
-45,32,35
-45,34,35
-45,35,33
-46,33,31
-46,32,32
-47,31,34
-46,31,34
-46,32,33
-46,31,32
-47,29,33
-49,29,30
-43,31,36
-40,32,40
-44,32,36
-44,32,35
-39,34,41
-39,33,40
-43,34,37
-41,36,39
-40,36,38
-45,33,35
-36,32,41
-32,33,46
-35,35,43
-35,35,42
-32,33,46
-31,34,46
-32,36,45
-33,37,45
-32,34,46
-36,34,43
-35,34,42
-40,33,40
-40,32,39
-41,32,39
-43,32,39
-46,25,39
-41,29,40
-31,32,35
-44,23,45
-41,44,35
-41,35,35
-43,37,33
-44,35,31
-52,33,28
-53,32,25
-52,32,23
-51,32,23
-51,33,23
-51,33,22
-52,33,20
-53,33,20
-52,34,19
-52,33,19
-54,33,14
-55,33,12
-58,36,13
-59,35,14
-60,33,10
-57,33,10
-51,34,23
-43,33,34
-47,32,29
-52,33,21
-50,33,23
-51,36,21
-48,36,25
-49,39,27
-46,37,29
-51,33,25
-54,31,20
-50,32,23
-50,33,24
-50,34,24
-49,34,26
-50,35,27
-49,34,26
-49,35,26
-51,35,23
-48,35,27
-47,35,28
-48,34,26
-49,35,26
-50,36,22
-49,34,21
-51,34,20
-51,33,23
-50,35,22
-51,33,20
-49,35,20
-50,36,23
-50,36,22
-49,37,22
-49,36,23
-49,36,21
-48,35,23
-52,36,19
-50,37,20
-48,38,20
-50,38,19
-49,39,18
-48,38,18
-52,39,15
-51,39,14
-51,41,15
-48,40,19
-46,40,22
-47,41,23
-46,40,24
-46,39,24
-48,37,24
-45,39,23
-45,41,21
-46,40,24
-46,40,27
-42,39,28
-43,39,28
-43,40,29
-43,39,28
-42,40,28
-42,40,29
-44,40,27
-43,40,27
-44,42,26
-42,42,28
-41,42,29
-41,42,28
-40,42,30
-40,42,30
-38,42,31
-39,43,32
-38,42,31
-39,42,31
-37,42,32
-37,42,32
-38,43,32
-38,43,32
-37,43,33
-36,44,33
-34,43,35
-37,42,31
-38,43,30
-38,43,33
-36,43,33
-34,43,35
-33,44,36
-33,43,35
-32,41,34
-33,42,36
-31,45,39
-34,43,36
-38,42,32
-36,43,35
-35,44,36
-31,43,37
-35,42,35
-34,40,34
-38,41,32
-35,42,35
-34,42,38
-35,41,35
-37,41,33
-42,40,29
-45,40,28
-42,39,27
-46,41,23
-44,41,23
-47,41,24
-48,40,23
-48,39,21
-48,39,20
-48,40,20
-47,39,22
-49,39,19
-47,38,20
-50,39,18
-50,39,18
-48,40,21
-49,39,20
-47,39,23
-49,39,21
-50,38,18
-49,38,20
-48,38,20
-49,39,18
-50,39,19
-48,39,20
-47,38,22
-47,38,23
-48,38,22
-48,38,23
-48,38,22
-51,39,23
-47,37,23
-47,38,22
-49,38,22
-48,37,24
-48,37,24
-45,36,26
-48,37,21
-47,38,22
-50,38,20
-49,37,21
-48,37,22
-48,37,24
-49,38,23
-49,36,22
-50,34,19
-48,38,25
-45,37,26
-46,38,28
-46,37,25
-50,37,23
-49,37,22
-48,38,24
-46,38,25
-47,36,25
-49,36,25
-50,36,21
-51,37,19
-51,36,19
-52,37,19
-51,36,19
-51,36,19
-51,36,19
-51,36,18
-50,36,19
-51,36,19
-51,36,19
-52,36,17
-52,36,17
-51,35,18
-52,36,18
-52,36,18
-51,36,18
-51,36,17
-50,35,18
-52,36,17
-52,36,18
-51,35,20
-51,35,19
-51,35,18
-51,35,19
-52,36,19
-52,35,19
-51,36,19
-51,35,20
-51,35,20
-51,35,20
-51,36,20
-51,35,20
-51,35,20
-53,35,19
-51,35,20
-51,35,20
-51,35,19
-52,35,17
-52,35,18
-52,35,18
-51,35,19
-52,35,19
-51,35,19
-52,35,19
-51,35,19
-52,35,19
-52,35,18
-52,35,18
-52,35,18
-52,35,18
-51,35,18
-52,35,18
-51,35,18
-52,35,18
-52,35,18
-52,35,18
-52,35,17
-52,35,17
-52,35,18
-52,34,17
-52,35,17
-52,35,17
-52,35,17
-52,35,17
-52,35,17
-52,35,17
-52,35,17
-52,35,18
-52,35,18
-52,35,17
-52,35,17
-52,35,18
-52,35,18
-52,35,17
-52,35,18
-52,35,18
-52,35,18
-52,36,18
-51,35,18
-52,35,18
-52,35,18
-51,36,18
-50,35,19
-52,36,17
-51,35,18
-52,35,18
-52,35,18
-51,35,18
-51,36,18
-52,35,18
-51,35,18
-51,35,18
-51,36,19
-51,36,18
-51,35,18
-51,36,19
-51,35,18
-52,36,18
-52,35,18
-52,36,18
-51,35,18
-52,35,18
-51,35,18
-51,35,19
-51,35,19
-52,36,18
-51,36,18
-52,36,18
-51,36,18
-51,35,19
-51,35,19
-51,36,19
-51,36,18
-51,36,18
-52,36,19
-51,36,18
-51,36,19
-51,36,18
-51,36,19
-51,36,19
-51,36,19
-51,35,19
-51,36,18
-51,36,18
-51,36,19
-52,36,18
-51,36,19
-51,35,19
-51,36,19
-51,36,19
-51,36,19
-51,36,19
-51,36,18
-51,36,18
-51,35,19
-51,35,19
-51,36,19
-51,35,19
-51,35,19
-51,36,19
-51,36,19
-51,36,19
-51,36,18
-51,36,19
-51,36,19
-51,36,19
-51,35,19
-51,36,19
-51,36,19
-51,36,19
-51,36,19
-51,35,19
-51,35,20
-51,35,19
-51,35,20
-51,35,20
-51,36,19
-51,36,20
-51,35,20
-51,36,19
-51,36,19
-51,36,19
-51,36,19
-51,35,20
-51,36,19
-51,36,19
-51,35,20
-51,36,19
-51,36,20
-50,35,20
-51,36,19
-51,36,20
-50,36,20
-52,36,19
-51,35,19
-51,36,19
-51,35,20
-51,35,19
-51,36,21
-51,35,19
-51,36,19
-51,36,20
-51,35,20
-51,35,19
-51,35,20
-51,36,20
-50,35,20
-51,36,19
-51,36,20
-51,35,20
-52,35,19
-51,36,19
-51,35,19
-51,35,20
-51,35,20
-51,36,20
-50,35,20
-51,35,20
-51,36,20
-51,36,20
-51,36,20
-51,36,20
-51,36,20
-51,36,19
-51,36,20
-51,36,20
-50,36,21
-51,36,19
-51,35,19
-52,35,17
-52,34,19
-51,35,18
-51,35,19
-52,34,19
-53,34,17
-52,35,19
-52,35,18
-51,35,19
-52,35,19
-52,35,19
-51,36,19
-51,35,19
-51,35,19
-52,35,19
-51,35,19
-51,35,19
-51,35,19
-51,36,19
-51,35,19
-51,36,19
-51,36,19
-51,35,19
-51,35,19
-51,36,19
-50,35,20
-52,35,19
-51,35,19
-51,35,20
-51,36,20
-51,36,19
-51,35,19
-51,36,19
-51,35,19
-51,36,19
-51,35,18
-51,35,19
-52,35,19
-52,35,18
-51,35,18
-52,35,18
-52,35,18
-52,35,18
-52,36,18
-51,35,19
-51,35,19
-51,35,18
-51,35,18
-52,36,18
-51,35,18
-51,35,18
-52,35,18
-52,36,18
-51,35,19
-51,35,18
-51,35,18
-52,35,18
-52,36,18
-51,35,18
-51,35,19
-52,35,18
-52,35,18
-51,35,18
-52,35,18
-51,35,18
-52,35,18
-51,35,18
-52,35,18
-52,35,18
-51,35,19
-52,35,18
-52,35,18
-51,35,18
-52,35,18
-52,35,18
-51,35,18
-52,35,18
-51,35,18
-52,35,18
-51,36,19
-52,36,18
-51,35,19
-52,36,18
-51,35,18
-51,35,19
-52,35,18
-52,35,18
-52,35,18
-52,35,18
-51,35,18
-51,35,19
-52,35,18
-51,35,19
-51,35,19
-51,35,19
-51,35,19
-51,35,19
-51,35,19
-52,36,19
-51,36,19
-52,35,19
-52,35,19
-51,35,19
-51,35,19
-52,35,19
-51,35,19
-51,35,19
-52,36,19
-51,35,19
-51,35,19
-51,35,19
-52,35,19
-51,35,19
-51,35,19
-51,35,19
-52,35,18
-51,35,19
-51,35,19
-51,36,19
-51,35,19
-51,36,19
-51,35,19
-52,35,19
-51,35,18
-51,35,19
-51,35,19
-51,36,18
-51,36,19
-52,36,19
-51,36,18
-51,35,19
-51,36,19
-51,36,19
-51,35,19
-52,36,19
-51,36,19
-51,36,19
-51,36,19
-51,36,19
-51,36,19
-50,36,20
-52,36,19
-51,36,19
-51,36,19
-51,36,19
-51,35,19
-51,36,19
-51,36,19
-51,36,19
-51,36,19
-51,36,19
-51,36,18
-51,36,19
-51,36,19
-51,36,19
-51,36,19
-51,36,19
-51,36,19
-51,36,19
-51,36,19
-51,36,19
-51,36,19
-51,36,19
-51,35,19
-51,36,19
-51,36,19
-51,36,19
-51,36,19
-51,36,19
-51,36,19
-51,36,19
-51,36,19
-52,36,18
-53,36,17
-50,36,20
-51,36,19
-51,36,21
-50,36,20
-50,36,20
-50,36,20
-51,36,20
-51,36,20
-51,36,20
-51,36,20
-51,36,19
-51,36,20
-51,36,20
-51,36,20
-51,36,20
-50,35,20
-51,36,20
-51,36,20
-51,36,20
-50,36,20
-51,36,20
-50,36,20
-50,36,20
-50,35,21
-51,36,20
-51,36,19
-50,36,20
-51,35,20
-51,35,20
-51,36,20
-51,36,20
-51,36,19
-50,36,20
-51,36,21
-51,35,20
-51,36,20
-52,36,19
-50,35,19
-51,36,22
-50,35,20
-49,36,22
-48,35,23
-51,36,20
-52,36,19
-51,36,21
-51,36,21
-49,35,22
-51,35,22
-50,36,21
-50,36,22
-50,36,21
-50,36,21
-50,36,22
-50,36,21
-54,36,16
-50,36,19
-47,37,24
-48,37,26
-44,38,30
-40,38,33
-40,38,33
-41,41,32
-38,37,35
-40,37,35
-43,37,33
-41,40,33
-41,40,32
-42,39,32
-41,39,33
-39,40,33
-39,40,33
-40,39,34
-40,38,34
-39,39,34
-40,39,34
-41,39,32
-41,39,32
-40,40,33
-41,39,33
-39,39,33
-40,40,33
-40,40,32
-40,40,33
-39,40,34
-38,40,34
-40,38,34
-39,39,34
-39,39,34
-39,41,33
-41,39,32
-40,39,33
-39,40,34
-37,40,35
-39,39,34
-39,40,34
-40,40,34
-37,40,35
-38,39,35
-38,39,34
-39,39,35
-39,39,34
-38,40,34
-39,41,34
-39,41,34
-38,41,34
-37,41,35
-40,38,33
-41,39,33
-40,39,33
-39,39,34
-41,39,32
-41,40,32
-39,39,34
-40,39,33
-40,40,34
-40,40,33
-40,41,33
-38,40,34
-39,39,34
-39,40,34
-39,40,34
-39,39,34
-39,39,34
-39,39,33
-40,40,34
-39,39,34
-39,40,34
-40,40,33
-38,39,34
-38,39,35
-39,39,34
-41,40,33
-39,39,33
-38,39,35
-38,38,35
-40,39,33
-40,39,33
-39,39,34
-40,39,33
-39,39,34
-40,40,34
-39,40,34
-38,40,34
-40,40,33
-39,39,34
-39,39,34
-39,39,34
-39,39,34
-38,39,35
-40,39,34
-39,39,34
-39,39,34
-39,40,34
-38,39,34
-40,39,34
-38,39,34
-39,39,35
-40,38,35
-39,39,34
-39,40,33
-40,39,33
-39,39,34
-39,39,35
-38,39,35
-40,39,34
-40,39,34
-39,39,34
-40,39,33
-40,39,34
-39,40,34
-39,39,34
-39,39,34
-39,39,33
-40,39,34
-40,39,34
-39,39,35
-40,38,34
-37,39,35
-39,39,34
-40,39,34
-39,39,35
-39,39,34
-39,39,33
-40,39,34
-41,39,33
-40,39,34
-39,39,34
-39,39,34
-40,39,34
-39,39,34
-40,39,33
-39,39,34
-39,39,34
-41,39,34
-41,39,33
-39,39,34
-39,39,35
-40,39,34
-40,39,34
-40,39,34
-40,39,34
-41,39,33
-40,39,33
-40,38,33
-40,39,33
-40,39,33
-39,39,34
-39,38,34
-41,38,33
-40,38,34
-41,39,33
-41,39,33
-41,38,33
-41,38,33
-40,39,34
-39,40,34
-39,39,33
-39,38,33
-40,39,34
-40,39,34
-41,39,33
-41,39,33
-40,38,33
-42,38,32
-40,38,33
-41,38,33
-42,39,33
-40,38,33
-41,39,34
-40,39,33
-39,39,33
-41,39,33
-40,39,33
-40,39,34
-39,39,33
-42,38,33
-43,38,32
-42,39,32
-42,38,31
-42,38,32
-41,38,33
-41,38,33
-41,38,33
-41,38,33
-41,38,33
-40,37,33
-42,38,33
-42,38,32
-41,38,32
-43,38,32
-42,38,32
-41,37,33
-43,37,33
-43,37,32
-41,37,33
-42,37,34
-43,37,32
-42,37,32
-43,37,33
-43,37,32
-43,37,32
-43,37,32
-43,37,32
-43,37,32
-43,37,32
-41,36,33
-44,37,31
-45,36,30
-47,36,29
-46,36,29
-45,37,30
-45,36,29
-46,36,29
-46,36,29
-45,36,29
-46,36,29
-46,36,29
-46,36,28
-46,36,29
-46,36,29
-47,36,28
-46,36,28
-47,36,29
-46,36,29
-44,35,30
-46,36,30
-46,36,29
-46,36,30
-47,36,29
-46,35,29
-46,35,30
-47,36,29
-46,36,30
-45,35,30
-47,35,28
-47,35,28
-46,35,30
-46,35,29
-47,35,28
-47,35,28
-47,35,28
-47,35,28
-46,35,28
-47,35,29
-48,35,27
-48,36,27
-48,35,27
-47,35,27
-47,35,28
-47,35,28
-47,35,28
-47,35,28
-47,35,28
-47,35,28
-47,35,28
-47,35,28
-47,35,28
-47,35,28
-48,36,28
-47,36,28
-46,35,28
-47,35,29
-47,35,28
-47,35,28
-47,35,28
-47,35,28
-47,35,28
-47,35,28
-47,35,28
-47,35,28
-47,36,28
-46,35,28
-47,35,28
-47,35,28
-46,35,29
-47,35,28
-47,35,28
-46,35,29
-47,35,29
-47,35,28
-47,35,29
-47,35,28
-47,35,29
-47,35,29
-47,35,29
-47,35,28
-47,35,28
-47,35,29
-47,35,29
-47,35,29
-47,35,28
-46,35,29
-47,35,29
-47,35,28
-47,35,29
-47,35,29
-47,35,28
-46,35,29
-47,35,29
-47,35,29
-47,35,29
-47,35,29
-47,35,29
-46,35,29
-47,35,28
-47,35,28
-47,35,29
-47,35,28
-46,35,29
-46,35,29
-47,35,29
-47,35,29
-47,35,29
-47,35,29
-46,35,29
-47,35,29
-47,35,29
-46,35,29
-47,35,29
-47,35,29
-47,36,28
-47,36,28
-46,35,29
-47,35,28
-46,35,29
-46,35,29
-47,35,28
-46,35,28
-47,35,29
-47,35,28
-46,35,29
-47,35,29
-47,35,28
-47,35,29
-46,35,29
-47,35,29
-46,35,29
-47,35,29
-47,35,29
-47,35,29
-47,35,29
-47,35,29
-47,35,29
-47,35,29
-46,35,29
-47,35,29
-47,35,28
-47,35,29
-47,35,28
-46,35,29
-47,35,29
-47,36,29
-47,35,29
-46,35,29
-47,35,29
-46,35,29
-46,35,29
-47,35,28
-47,35,29
-46,35,29
-47,35,29
-47,35,29
-47,35,29
-47,35,29
-46,35,29
-47,35,28
-47,35,29
-47,35,29
-47,35,29
-46,35,29
-47,35,28
-46,35,29
-47,35,28
-47,35,29
-47,35,28
-47,35,28
-47,35,28
-47,35,29
-47,35,29
-47,35,29
-47,35,29
-47,35,28
-46,35,28
-47,35,29
-47,35,29
-47,35,29
-47,35,28
-47,35,29
-47,35,28
-47,35,28
-47,35,28
-47,35,28
-47,35,29
-46,35,29
-47,35,29
-47,35,28
-47,35,28
-47,35,29
-47,35,28
-47,35,29
-47,35,29
-47,35,29
-47,35,29
-47,35,28
-47,35,28
-47,35,29
-47,35,28
-46,35,29
-47,35,29
-47,35,29
-47,35,29
-47,35,29
-47,35,29
-47,35,29
-47,35,29
-45,34,29
-48,35,28
-47,35,28
-46,35,29
-47,35,29
-47,35,28
-47,35,29
-47,35,29
-47,35,29
-47,35,29
-46,35,29
-47,35,29
-47,35,29
-46,35,29
-47,35,29
-47,35,28
-47,35,29
-46,35,29
-47,35,29
-47,35,29
-47,35,29
-46,35,29
-47,35,29
-47,35,29
-46,35,29
-47,35,29
-47,35,29
-47,35,29
-47,35,29
-46,35,29
-47,35,29
-46,35,29
-47,35,29
-47,35,29
-46,35,29
-47,35,29
-47,35,29
-47,35,29
-47,35,29
-47,35,29
-47,35,29
-47,35,28
-46,34,29
-47,35,29
-47,35,29
-46,35,29
-47,35,29
-47,35,29
-47,35,29
-46,35,29
-47,35,29
-47,35,29
-47,35,29
-47,35,29
-47,35,29
-47,35,29
-47,35,29
-47,35,29
-46,35,29
-47,35,29
-47,35,29
-46,35,29
-47,35,29
-47,35,29
-47,35,29
-47,35,29
-47,35,29
-47,35,29
-47,35,29
-47,35,29
-46,35,29
-47,35,29
-47,35,29
-47,35,29
-47,35,29
-46,35,29
-47,35,29
-47,35,28
-47,35,28
-46,35,29
-47,35,29
-47,35,29
-47,35,29
-47,35,29
-47,35,29
-47,35,29
-47,35,29
-47,35,29
-47,35,29
-47,35,29
-47,35,29
-47,35,29
-47,35,29
-47,35,29
-47,35,29
-47,35,29
-47,35,29
-47,35,29
-46,35,29
-47,35,29
-46,35,29
-47,35,29
-47,35,29
-47,35,29
-47,35,29
-47,35,28
-47,35,29
-47,35,29
-47,35,29
-47,35,29
-47,35,29
-46,35,29
-47,35,29
-47,35,29
-46,35,29
-47,35,29
-47,35,29
-47,35,29
-47,35,29
-46,35,29
-46,35,29
-47,35,28
-46,35,29
-47,35,28
-47,35,28
-47,35,29
-47,35,29
-47,35,29
-46,35,29
-47,35,29
-47,35,29
-47,35,29
-47,35,29
-47,35,29
-47,35,29
-47,35,29
-47,35,29
-47,35,29
-47,35,29
-47,35,29
-47,35,29
-47,35,29
-47,35,29
-47,35,29
-47,35,28
-47,35,29
-47,35,29
-47,35,29
-47,35,29
-47,35,29
-47,35,29
-47,35,29
-47,35,29
-47,35,29
-47,35,29
-46,35,29
-47,35,29
-47,35,28
-47,35,29
-47,35,29
-47,35,28
-47,35,29
-47,35,28
-46,35,28
-48,35,29
-47,35,28
-47,35,29
-47,35,28
-48,35,28
-46,35,29
-46,35,29
-47,35,28
-47,35,29
-47,35,28
-47,35,29
-47,35,28
-47,35,29
-46,35,29
-47,35,29
-47,35,28
-46,35,29
-46,35,29
-46,35,29
-47,35,29
-46,36,28
-47,36,29
-47,35,29
-47,36,28
-46,36,30
-46,36,29
-46,36,29
-45,35,30
-46,36,30
-46,36,29
-45,36,30
-44,35,30
-46,36,30
-45,36,30
-45,36,30
-44,36,31
-46,37,29
-47,37,28
-46,37,29
-44,37,30
-45,36,31
-46,36,30
-43,36,32
-43,36,32
-45,36,31
-45,36,31
-45,37,31
-45,36,31
-40,36,34
-39,34,37
-43,36,36
-41,36,35
-40,36,36
-40,36,36
-41,36,35
-41,37,36
-41,35,36
-41,35,36
-41,36,36
-43,36,35
-42,36,34
-43,35,34
-43,36,34
-43,36,34
-43,36,34
-43,35,34
-43,35,33
-44,35,33
-44,35,33
-43,36,34
-42,36,34
-43,35,34
-43,35,34
-44,35,33
-44,35,32
-44,35,33
-45,36,32
-44,36,32
-44,35,33
-44,35,33
-43,36,33
-43,36,33
-43,35,33
-44,35,33
-44,36,33
-44,36,33
-44,35,33
-45,35,33
-44,36,33
-44,36,32
-44,35,33
-44,35,33
-44,35,33
-43,35,33
-44,35,33
-44,35,33
-44,35,33
-45,35,33
-44,35,32
-44,36,33
-43,35,33
-43,35,34
-44,35,33
-43,35,33
-44,35,33
-44,35,33
-44,35,33
-43,35,33
-43,35,33
-45,35,33
-45,35,32
-44,35,32
-44,35,33
-44,35,33
-44,35,33
-44,35,33
-44,35,33
-44,35,32
-44,35,33
-44,35,33
-45,34,33
-45,35,32
-45,35,32
-45,35,32
-45,35,32
-44,35,32
-44,35,32
-45,35,32
-45,35,32
-44,35,33
-44,35,33
-44,35,33
-44,35,33
-45,35,33
-45,35,33
-43,36,33
-45,36,33
-44,34,32
-45,36,33
-44,35,33
-44,35,33
-44,35,33
-44,36,33
-44,36,33
-43,35,33
-43,36,33
-43,35,33
-44,35,34
-44,35,33
-44,35,33
-44,35,33
-44,35,32
-44,36,32
-44,36,32
-44,35,33
-44,35,33
-44,35,33
-43,35,33
-44,35,33
-44,36,33
-44,36,33
-44,35,32
-44,35,33
-44,35,33
-44,35,33
-44,35,32
-45,35,32
-44,35,32
-44,35,32
-45,35,32
-44,35,32
-45,36,31
-45,36,32
-45,35,32
-45,35,32
-44,35,32
-45,35,32
-45,35,32
-45,35,32
-45,35,32
-45,35,32
-45,35,32
-44,36,32
-45,35,31
-45,35,31
-44,35,32
-44,35,32
-45,35,31
-45,35,32
-43,35,33
-45,35,32
-44,35,32
-45,35,32
-45,35,32
-45,35,32
-45,35,32
-45,35,32
-45,35,32
-45,35,32
-45,35,32
-45,35,31
-45,35,31
-45,35,32
-45,35,32
-45,35,31
-45,35,32
-45,35,32
-45,35,32
-45,35,31
-45,35,32
-46,35,31
-46,35,31
-45,35,31
-44,35,33
-44,35,33
-45,35,32
-44,35,33
-45,34,32
-45,35,32
-44,35,32
-44,35,32
-45,35,32
-45,35,31
-44,35,32
-44,35,33
-43,35,34
-43,35,34
-43,35,34
-43,35,34
-42,34,34
-44,35,34
-43,35,34
-43,35,34
-43,34,34
-43,35,34
-43,35,35
-43,35,34
-43,34,35
-44,34,35
-43,34,35
-42,34,35
-43,34,35
-43,34,35
-43,35,35
-43,35,35
-42,34,35
-43,35,35
-43,34,35
-43,34,35
-43,34,35
-43,34,35
-42,34,35
-42,34,35
-43,34,35
-42,34,35
-42,34,35
-43,34,35
-43,34,35
-42,34,35
-42,34,35
-42,34,35
-42,34,35
-42,34,35
-42,34,35
-42,34,36
-42,34,35
-42,34,36
-42,34,36
-43,35,35
-43,34,35
-43,34,35
-43,34,36
-42,34,36
-43,34,36
-42,34,35
-43,34,35
-43,34,35
-43,34,35
-43,34,35
-43,34,35
-43,34,35
-42,34,35
-43,34,35
-43,34,35
-43,34,35
-43,34,35
-43,34,35
-43,34,35
-43,34,35
-43,34,35
-43,34,35
-43,34,35
-43,34,35
-43,34,35
-42,34,36
-42,34,35
-43,34,35
-43,34,35
-42,34,35
-43,34,35
-43,34,35
-43,34,35
-43,34,35
-43,34,35
-43,34,35
-43,34,35
-43,34,35
-43,34,35
-42,34,35
-43,34,35
-43,35,35
-43,34,35
-43,34,35
-43,34,35
-43,34,35
-43,34,35
-43,34,35
-43,34,35
-42,34,35
-43,34,35
-43,34,35
-43,34,35
-43,34,35
-42,34,35
-43,34,35
-43,34,35
-43,34,35
-43,34,35
-43,34,36
-43,34,35
-43,34,35
-42,34,35
-42,34,35
-43,34,35
-43,34,35
-42,34,35
-43,34,35
-43,34,35
-43,34,35
-43,34,35
-43,34,35
-42,34,35
-43,34,36
-43,34,35
-43,34,35
-42,34,35
-42,34,35
-42,34,36
-42,34,35
-43,34,35
-43,34,35
-42,34,36
-43,34,35
-42,34,35
-42,34,36
-42,34,36
-42,34,35
-42,34,36
-43,34,36
-43,34,35
-43,34,35
-43,34,35
-43,34,36
-43,34,35
-43,34,35
-42,34,35
-42,34,35
-42,34,35
-42,34,35
-42,34,35
-43,34,36
-42,34,36
-43,34,35
-43,34,36
-42,34,36
-43,34,36
-42,34,36
-42,34,35
-43,34,35
-43,34,35
-43,34,36
-42,34,36
-42,34,36
-43,34,36
-42,34,36
-42,34,36
-43,34,35
-42,34,36
-43,34,36
-43,34,35
-42,34,36
-42,34,36
-42,34,36
-43,34,36
-43,34,36
-42,34,35
-42,34,35
-42,34,36
-42,34,35
-43,34,35
-43,34,36
-43,34,35
-43,34,35
-42,34,36
-42,34,35
-43,34,35
-43,34,35
-43,34,36
-43,34,36
-42,34,36
-42,34,36
-42,34,36
-42,34,36
-43,34,35
-43,34,35
-43,34,35
-43,34,36
-43,34,35
-43,34,35
-43,34,35
-42,34,36
-43,34,35
-42,34,36
-43,34,35
-43,34,36
-43,34,35
-42,34,36
-42,34,36
-43,34,36
-42,34,35
-43,34,35
-43,34,35
-42,34,36
-43,34,35
-42,34,36
-42,34,35
-42,34,35
-42,34,36
-43,34,36
-43,34,35
-42,34,36
-43,34,36
-43,34,35
-42,34,36
-42,34,35
-43,34,36
-43,34,36
-43,34,35
-43,34,36
-42,34,36
-43,34,36
-43,34,35
-43,34,36
-42,34,35
-43,34,35
-43,34,36
-43,34,36
-42,34,35
-42,34,36
-43,34,35
-42,34,35
-42,34,36
-43,34,35
-42,34,36
-42,34,36
-43,34,35
-42,34,36
-43,34,36
-43,34,35
-42,34,36
-42,34,36
-43,34,36
-43,34,36
-42,34,35
-43,34,35
-43,34,36
-42,34,36
-43,34,35
-42,34,36
-43,34,36
-42,34,35
-43,34,35
-43,34,36
-43,34,35
-42,34,35
-43,34,36
-43,34,36
-43,34,36
-43,34,35
-42,34,35
-42,34,36
-43,34,36
-43,34,35
-43,34,36
-43,34,36
-42,34,36
-42,34,36
-43,34,35
-42,34,36
-43,34,35
-43,34,35
-42,34,36
-43,34,36
-43,34,35
-43,34,36
-43,34,36
-43,34,35
-43,34,35
-43,34,36
-43,34,35
-43,34,36
-42,34,36
-42,34,36
-43,34,35
-43,34,35
-43,34,35
-43,34,35
-43,34,35
-43,34,35
-43,34,35
-42,34,36
-43,34,35
-43,34,35
-43,34,35
-43,34,35
-43,34,36
-43,34,36
-42,34,36
-43,34,35
-43,34,35
-43,34,35
-43,34,35
-42,34,35
-42,34,36
-43,34,36
-43,34,36
-43,34,36
-42,34,36
-42,34,36
-42,34,36
-43,34,36
-42,34,36
-42,34,36
-43,34,36
-42,34,36
-42,34,36
-42,34,36
-43,34,36
-42,34,36
-42,34,36
-43,34,36
-43,34,35
-43,34,35
-42,34,36
-42,34,36
-42,34,36
-43,34,36
-43,33,36
-43,33,36
-43,33,36
-43,33,36
-44,33,35
-43,33,36
-43,33,35
-43,33,36
-43,33,36
-43,33,36
-43,32,36
-43,32,36
-43,32,36
-43,32,37
-43,32,36
-43,32,36
-43,33,36
-43,33,36
-43,33,36
-43,33,36
-43,33,36
-43,32,36
-43,32,36
-43,33,36
-43,32,36
-43,32,36
-43,32,36
-43,32,36
-43,32,36
-43,32,36
-43,32,36
-43,32,36
-43,32,36
-43,32,36
-43,33,37
-43,33,36
-43,33,36
-43,33,36
-43,33,37
-43,33,36
-43,33,36
-43,32,36
-43,32,36
-43,33,36
-43,33,36
-43,33,36
-43,32,36
-43,33,36
-43,32,36
-43,33,36
-43,34,36
-43,31,37
-43,32,36
-43,33,36
-43,33,37
-43,32,37
-42,32,36
-43,32,37
-43,33,36
-43,33,37
-42,33,37
-42,33,37
-43,33,36
-42,33,37
-42,33,37
-42,33,37
-43,33,36
-43,33,36
-43,33,36
-43,33,36
-43,33,36
-43,33,36
-43,33,36
-43,33,36
-43,33,36
-43,33,36
-43,33,36
-42,33,38
-43,33,37
-43,33,36
-43,32,36
-43,32,36
-43,32,36
-43,32,36
-43,32,36
-43,32,36
-43,33,36
-43,33,37
-43,33,36
-43,33,36
-43,33,36
-44,32,36
-44,33,36
-42,32,37
-42,33,37
-43,32,36
-42,32,37
-43,33,37
-43,33,37
-43,33,37
-42,32,37
-42,32,37
-46,31,36
-42,31,36
-41,32,38
-44,32,37
-43,32,36
-43,32,37
-43,32,38
-42,32,38
-41,32,39
-42,32,39
-42,32,37
-43,33,38
-43,32,37
-43,32,38
-43,32,37
-43,32,38
-42,32,38
-42,32,39
-41,31,39
-41,31,40
-41,30,40
-40,30,40
-41,30,41
-40,30,41
-41,31,41
-41,31,40
-41,31,40
-41,31,41
-40,30,40
-39,30,41
-39,31,42
-39,30,42
-39,30,42
-39,30,42
-39,30,42
-39,30,41
-40,30,42
-40,30,42
-39,30,41
-40,30,42
-39,30,42
-40,30,42
-40,30,42
-39,30,42
-39,31,42
-41,30,41
-40,30,42
-39,30,42
-39,30,41
-38,29,42
-40,30,42
-40,30,41
-39,31,41
-40,32,41
-40,31,41
-40,31,41
-40,31,41
-40,31,41
-40,31,41
-39,31,41
-40,31,41
-40,31,40
-40,31,40
-40,31,41
-41,31,41
-40,31,41
-40,31,41
-40,31,41
-40,31,41
-40,31,41
-40,31,41
-40,31,41
-39,31,41
-39,31,41
-39,30,41
-39,30,41
-40,31,41
-40,31,41
-40,31,41
-40,31,41
-39,31,41
-39,31,41
-39,31,41
-40,31,41
-40,31,41
-39,31,41
-39,31,42
-39,31,41
-39,31,41
-39,31,41
-40,31,41
-39,31,41
-39,31,41
-39,31,42
-39,31,41
-39,31,42
-39,31,41
-39,31,41
-39,31,41
-39,31,42
-39,31,41
-39,31,41
-39,31,42
-39,31,41
-39,31,41
-39,31,41
-39,31,41
-39,31,41
-40,31,41
-40,31,41
-40,31,41
-39,31,41
-39,31,41
-39,31,41
-39,31,41
-39,31,41
-39,31,41
-39,31,41
-39,31,41
-39,31,41
-39,31,41
-39,31,41
-39,31,41
-39,31,41
-40,31,41
-40,31,41
-39,31,41
-39,31,41
-39,31,41
-39,31,41
-39,31,41
-39,31,41
-40,31,41
-40,31,41
-39,31,41
-39,31,41
-39,31,41
-40,31,41
-39,31,41
-39,31,41
-39,31,41
-40,31,41
-40,31,41
-40,31,41
-39,31,41
-40,31,41
-39,31,41
-40,31,41
-39,31,41
-39,31,41
-40,31,41
-39,31,41
-39,31,41
-40,31,41
-40,30,41
-40,31,41
-39,31,41
-40,31,41
-40,31,41
-40,31,40
-40,31,41
-40,30,41
-40,30,41
-40,31,41
-39,31,41
-40,31,41
-40,31,41
-40,31,41
-40,31,41
-40,31,41
-40,31,41
-40,31,41
-40,31,41
-39,31,41
-39,31,41
-39,31,41
-40,31,41
-40,30,41
-41,30,41
-40,30,41
-40,31,41
-40,31,41
-40,31,41
-40,31,41
-40,31,41
-40,31,41
-40,30,41
-40,30,41
-40,30,41
-40,30,41
-40,30,41
-40,31,41
-40,31,41
-40,30,41
-40,31,41
-40,30,41
-40,30,41
-40,31,41
-40,31,41
-40,30,41
-40,30,41
-40,31,41
-40,31,41
-40,31,41
-40,31,41
-40,31,41
-40,31,41
-40,31,41
-39,31,41
-40,31,41
-40,31,41
-40,31,41
-40,31,41
-40,31,41
-40,31,41
-40,31,41
-40,30,41
-40,31,41
-40,30,41
-40,31,41
-40,31,41
-40,31,41
-40,31,41
-40,31,41
-40,30,41
-40,30,41
-40,30,41
-40,31,41
-40,31,41
-40,31,41
-39,31,41
-40,31,41
-40,31,41
-40,31,41
-41,30,41
-41,31,40
-40,30,41
-39,31,42
-38,31,42
-38,31,43
-39,31,42
-39,31,41
-39,31,41
-40,31,41
-40,30,41
-40,30,41
-40,31,41
-39,31,42
-38,31,42
-37,31,43
-37,31,43
-37,31,43
-39,31,42
-37,31,44
-37,32,44
-37,32,43
-38,34,42
-33,33,46
-28,34,50
-23,31,52
-24,31,51
-23,31,53
-26,31,52
-25,33,51
-22,31,50
-9,31,57
-9,29,56
-9,28,57
-9,28,57
-4,26,57
-2,26,58
3,26,58
4,26,57
-1,26,57
-3,29,57
-6,29,57
-5,28,57
-4,28,58
-3,28,59
-3,28,58
-5,28,58
-4,28,58
-1,27,58
-1,27,57
-1,28,58
-1,28,58
-2,28,57
-1,29,58
4,26,58
-3,27,57
-9,30,58
-5,28,59
2,24,57
-3,27,59
-5,28,59
-5,27,57
-4,28,57
-7,30,58
-8,30,59
-2,26,57
-1,25,58
-6,25,56
-12,28,57
-13,27,57
-13,27,57
-10,25,57
-13,28,58
-12,27,57
-11,27,56
-15,29,56
-15,30,56
-18,30,54
-16,29,54
-20,33,54
-22,32,54
-34,27,49
-35,28,48
-40,25,40
-39,27,45
-37,27,47
-36,27,46
-39,28,44
-39,28,44
-38,29,45
-39,28,44
-40,28,42
-39,28,42
-40,28,43
-40,28,42
-40,29,42
-41,29,42
-41,30,42
-42,29,38
-43,30,37
-42,30,41
-41,30,39
-44,31,38
-46,31,37
-44,31,36
-43,31,36
-44,32,36
-45,32,36
-45,32,34
-44,33,35
-45,33,34
-45,33,33
-45,34,33
-45,34,33
-45,34,32
-45,33,33
-46,34,32
-45,34,32
-46,34,32
-46,34,32
-46,34,32
-46,34,32
-44,34,33
-44,34,34
-44,33,33
-45,33,33
-45,33,33
-45,33,34
-45,33,33
-44,33,34
-44,33,34
-45,33,33
-44,33,34
-45,33,34
-44,33,34
-45,34,33
-45,34,33
-45,33,33
-44,33,34
-45,33,33
-45,33,33
-44,33,34
-45,34,34
-44,33,33
-44,33,34
-45,34,34
-44,33,34
-45,33,33
-44,33,34
-45,34,33
-44,33,33
-45,34,33
-44,33,34
-44,33,34
-45,33,34
-44,34,34
-44,34,34
-45,34,34
-44,33,34
-45,33,34
-45,33,34
-44,33,33
-45,33,34
-45,33,34
-44,33,34
-45,34,34
-45,33,34
-44,33,34
-45,34,34
-44,34,34
-45,33,34
-45,33,34
-44,33,34
-45,34,34
-44,33,34
-44,33,34
-44,33,34
-44,33,34
-44,33,34
-45,33,34
-44,33,34
-44,33,34
-45,34,34
-44,34,34
-45,34,33
-44,33,34
-44,34,34
-45,34,33
-44,33,34
-45,33,34
-45,33,33
-44,33,34
-45,33,33
-45,33,33
-44,33,34
-45,34,33
-45,33,33
-44,34,34
-45,33,33
-45,33,34
-45,33,34
-45,33,34
-45,33,33
-45,34,33
-45,33,33
-44,33,34
-44,33,33
-45,33,33
-45,33,34
-44,33,33
-45,33,33
-44,33,34
-45,33,33
-45,34,33
-44,33,33
-44,33,34
-44,33,34
-44,34,34
-44,34,34
-44,33,34
-44,33,35
-44,33,35
-44,34,35
-43,33,34
-44,33,34
-44,34,35
-44,34,35
-43,33,35
-44,33,35
-44,33,35
-43,33,35
-43,33,35
-43,33,35
-43,33,35
-43,33,35
-44,33,35
-44,33,35
-43,33,36
-43,33,35
-44,33,35
-43,33,35
-43,33,36
-43,33,36
-43,33,36
-43,33,36
-43,33,36
-43,33,36
-43,33,36
-43,33,36
-43,33,36
-43,32,36
-43,33,36
-42,33,36
-43,33,37
-43,33,36
-43,33,36
-43,33,37
-43,33,37
-43,33,37
-42,33,37
-43,33,37
-42,32,36
-43,33,36
-43,33,37
-43,33,36
-43,33,36
-43,32,36
-43,33,36
-43,32,37
-43,32,37
-43,33,36
-42,33,37
-43,33,37
-43,33,36
-43,33,37
-43,33,36
-43,33,37
-42,32,37
-43,33,37
-43,33,37
-43,32,37
-43,32,37
-43,32,37
-42,32,37
-43,32,37
-43,32,37
-43,33,37
-43,32,37
-43,32,37
-43,32,37
-43,32,37
-43,33,37
-42,32,37
-42,32,37
-42,32,37
-42,32,37
-43,32,37
-42,32,37
-42,32,38
-42,32,37
-42,33,37
-42,32,38
-42,32,37
-43,33,37
-42,32,37
-43,32,37
-43,32,37
-42,32,37
-42,32,37
-43,32,37
-42,32,37
-42,32,37
-42,32,37
-42,32,37
-43,32,37
-41,32,38
-43,33,37
-43,32,37
-43,32,37
-42,32,37
-42,32,37
-42,32,37
-42,32,37
-42,32,37
-42,32,37
-42,32,37
-43,32,37
-42,32,37
-43,32,37
-42,32,37
-43,32,37
-42,32,37
-43,32,37
-42,32,37
-43,32,37
-43,32,37
-42,32,38
-43,32,37
-43,32,37
-42,32,37
-43,32,37
-44,32,36
-42,33,37
-44,32,36
-42,32,37
-43,33,37
-42,32,37
-42,33,37
-43,32,37
-42,32,37
-42,33,37
-43,32,37
-42,32,37
-43,32,37
-42,32,37
-42,32,37
-42,32,37
-42,32,37
-42,32,37
-42,32,37
-42,32,38
-42,32,37
-42,32,37
-42,32,37
-42,32,38
-42,32,37
-42,32,37
-43,32,37
-42,32,37
-42,33,38
-42,32,38
-42,32,38
-42,32,38
-42,32,38
-42,32,38
-42,32,38
-42,32,38
-42,32,37
-42,32,38
-42,32,38
-42,32,39
-42,32,38
-42,32,38
-42,32,38
-42,32,38
-42,32,38
-42,32,38
-42,32,38
-42,32,38
-42,32,38
-42,32,37
-42,32,38
-42,32,37
-42,32,38
-42,32,38
-42,32,38
-42,32,37
-42,32,38
-42,32,37
-43,32,37
-43,32,37
-42,32,38
-43,32,38
-42,32,37
-42,32,38
-42,32,38
-42,32,38
-42,32,37
-42,32,37
-42,32,38
-43,32,37
-42,32,38
-42,32,38
-42,32,38
-42,32,38
-42,32,38
-42,32,37
-42,32,38
-42,32,38
-42,32,37
-42,32,37
-42,32,38
-42,32,38
-42,32,38
-42,32,38
-42,32,38
-42,32,38
-42,32,38
-42,32,38
-42,32,38
-42,32,38
-42,32,38
-42,32,38
-42,32,38
-42,32,38
-42,32,37
-42,32,38
-42,32,38
-42,32,37
-42,32,37
-42,32,38
-42,32,38
-42,32,37
-42,32,38
-42,32,38
-42,32,38
-42,32,38
-42,32,38
-42,32,37
-42,32,38
-42,32,38
-42,32,38
-42,32,38
-42,32,37
-42,32,38
-42,32,38
-43,32,37
-42,32,38
-42,32,38
-42,32,37
-42,32,37
-42,32,37
-42,32,37
-43,32,37
-42,32,37
-42,32,38
-42,32,38
-42,32,38
-42,32,38
-42,32,38
-43,32,37
-42,32,38
-42,32,38
-43,32,38
-43,33,38
-44,33,38
-43,33,37
-45,34,38
-45,35,38
-46,34,37
-46,33,38
-47,35,41
-42,40,43
-42,46,43
-38,17,42
-52,84,49
-46,33,38
-47,35,41
-42,40,43
-42,46,43
-38,17,42
-52,84,49
-34,5,40
-37,13,44
-47,17,46
-41,15,48
-29,8,56
-23,16,64
-28,9,61
-28,7,56
-28,-3,52
-34,3,55
-16,2,58
-15,0,57
-11,5,62
-13,5,62
-14,6,63
-12,6,62
-6,4,60
-10,8,58
-20,9,59
-11,13,63
-12,1,60
-28,9,55
-19,4,59
-16,5,54
-18,5,54
-10,7,59
-7,1,66
-18,2,61
-15,5,55
-16,5,63
-23,7,66
-22,-2,67
-22,1,69
-21,6,62
-25,4,56
-34,19,50
-23,18,54
-23,17,57
-21,11,58
-20,9,58
-21,8,59
-22,8,58
-23,8,58
-24,11,58
-23,12,61
-22,10,62
-21,19,61
-22,12,61
-23,11,58
-19,8,57
-22,15,55
-26,12,59
-23,15,60
-20,16,60
-22,15,59
-23,14,59
-24,13,58
-22,13,56
-25,16,54
-26,18,55
-23,13,54
-23,13,52
-25,11,50
-24,9,49
-31,1,48
-54,7,53
-48,11,64
-41,12,64
-37,12,56
-36,14,53
-39,13,50
-39,13,50
-39,11,50
-44,10,50
-42,10,53
-41,8,53
-41,8,54
-41,9,53
-40,11,52
-40,12,53
-41,12,52
-41,12,54
-39,12,55
-40,12,52
-37,24,57
-28,16,61
-29,23,62
-39,2,60
-38,-5,57
-45,2,56
-53,1,55
-44,-6,58
-48,-10,55
-56,-17,46
-61,-21,40
-51,-24,39
-48,-27,37
-51,-31,30
-56,-32,28
-44,-31,31
-42,-31,29
-33,-34,29
-36,-32,30
-29,-34,29
-26,-36,27
-24,-37,29
-24,-39,26
-19,-43,25
-21,-42,31
-25,-43,32
-18,-45,35
-18,-44,35
-16,-45,36
-17,-45,38
-14,-48,35
-11,-48,34
-6,-47,32
-9,-47,33
-13,-50,36
-17,-51,33
-18,-49,32
-15,-49,35
-11,-51,32
-14,-53,29
-19,-52,33
-16,-55,39
-5,-59,29
-9,-58,21
-9,-52,28
-5,-54,35
-17,-54,32
-23,-56,28
-20,-49,27
-16,-54,24
-19,-50,21
-25,-45,23
-24,-47,27
-29,-53,32
-28,-53,35
-24,-66,35
-29,-61,32
-29,-55,23
-25,-53,24
-17,-59,36
-5,-59,36
-17,-51,3
-17,-46,11
-14,-58,39
-14,-60,39
-29,-47,22
-32,-49,17
-24,-48,20
-24,-45,22
-26,-45,21
-27,-42,25
-26,-45,23
-25,-44,19
-21,-40,13
-20,-34,12
-16,-30,11
-22,-34,17
-36,-27,20
-67,-15,22
-52,-23,35
-72,-17,37
-89,-12,34
-89,-8,45
-88,-8,34
-80,-15,23
-71,-17,21
-69,-16,15
-70,-15,14
-68,-15,15
-68,-15,15
-66,-15,15
-67,-15,15
-65,-17,15
-64,-17,14
-64,-17,14
-62,-18,15
-62,-19,13
-63,-19,13
-62,-21,15
-60,-22,14
-59,-25,17
-59,-28,20
-57,-31,19
-55,-34,21
-60,-39,20
-54,-42,22
-48,-44,18
-42,-44,22
-42,-44,21
-36,-40,18
-29,-41,17
-24,-41,22
-23,-41,23
-16,-42,26
-17,-40,25
-23,-44,22
-16,-45,24
-14,-53,31
-5,-62,28
-16,-48,17
-14,-48,24
-10,-62,27
-16,-63,25
-37,-51,26
-36,-51,25
-19,-49,26
-18,-49,24
-33,-52,19
-32,-51,21
-28,-48,28
-26,-48,31
-22,-54,31
-18,-52,28
-16,-51,26
-9,-44,25
-7,-44,23
-5,-41,18
-10,-38,20
-22,-43,23
-27,-43,19
-31,-43,29
-39,-43,33
-57,-39,25
-54,-43,32
-45,-42,46
-54,-37,39
-53,-35,39
-43,-31,47
-45,-30,41
-48,-27,36
-57,-27,30
-51,-30,32
-42,-26,38
-38,-23,42
-51,-22,37
-56,-21,39
-44,-22,42
-43,-19,44
-47,-15,43
-50,-15,42
-49,-17,41
-51,-15,40
-52,-14,40
-54,-14,36
-55,-13,33
-59,-12,32
-54,-13,34
-54,-13,36
-56,-14,36
-56,-14,32
-56,-13,31
-52,-13,32
-52,-12,32
-56,-12,29
-58,-11,28
-59,-12,29
-55,-13,28
-56,-14,23
-57,-14,22
-56,-13,22
-56,-12,21
-59,-12,16
-60,-12,14
-60,-13,10
-64,-13,8
-63,-14,8
-62,-14,7
-61,-14,7
-63,-15,7
-67,-15,3
-67,-17,2
-63,-18,2
-66,-17,-4
-65,-16,-5
-64,-11,-5
-60,-11,-5
-61,-11,-7
-65,-11,-8
-65,-14,-4
-63,-14,-3
-66,-14,-14
-68,-14,-19
-62,-12,-25
-64,-11,-25
-62,-12,-22
-60,-11,-19
-58,-8,-17
-58,-8,-15
-62,-10,-18
-62,-11,-19
-60,-12,-14
-61,-13,-14
-62,-13,-18
-62,-13,-11
-61,-14,-9
-60,-14,-10
-60,-13,-9
-65,-13,-14
-63,-13,-9
-59,-13,-6
-60,-14,-7
-64,-13,-8
-64,-12,-7
-61,-13,-7
-63,-11,-6
-63,-12,-7
-65,-11,-7
-64,-11,-5
-64,-10,-5
-63,-10,-5
-62,-9,-5
-64,-8,-4
-62,-8,-3
-63,-9,-2
-65,-9,-4
-65,-10,-13
-64,-11,-11
-63,-13,-5
-66,-12,-5
-65,-14,-7
-63,-15,-8
-63,-17,-4
-63,-17,1
-61,-16,3
-55,-17,6
-55,-18,8
-59,-18,6
-62,-17,4
-64,-15,2
-63,-15,2
-63,-14,1
-63,-13,0
-65,-13,-2
-64,-14,-2
-63,-13,-2
-63,-13,-4
-62,-13,-5
-63,-12,-6
-60,-13,-5
-61,-13,-6
-64,-12,-6
-63,-12,-5
-60,-13,-5
-64,-12,-6
-66,-12,-7
-64,-11,-6
-64,-13,-7
-63,-12,-7
-65,-12,-7
-64,-11,-5
-65,-11,-6
-63,-11,-5
-65,-11,-6
-64,-10,-6
-64,-10,-6
-63,-10,-6
-63,-10,-6
-63,-11,-6
-63,-11,-6
-63,-12,-6
-63,-12,-6
-63,-12,-5
-63,-12,-6
-63,-13,-7
-63,-13,-8
-63,-12,-6
-63,-13,-7
-61,-14,-7
-62,-13,-8
-62,-13,-7
-61,-13,-7
-60,-13,-7
-60,-15,-8
-66,-20,-13
-70,-16,-13
-68,-12,-8
-64,-8,-7
-61,-8,-7
-60,-10,-4
-61,-11,-3
-62,-13,-5
-61,-13,-5
-63,-15,-6
-63,-15,-7
-62,-13,-6
-64,-12,-6
-63,-12,-5
-63,-12,-5
-64,-12,-6
-63,-12,-6
-62,-12,-6
-62,-13,-7
-62,-13,-8
-62,-13,-8
-62,-13,-7
-62,-13,-7
-63,-13,-8
-63,-13,-9
-62,-13,-10
-62,-13,-11
-63,-13,-12
-63,-13,-12
-62,-13,-12
-61,-13,-12
-63,-14,-13
-63,-13,-13
-63,-13,-13
-60,-13,-11
-61,-13,-11
-62,-13,-11
-62,-13,-11
-63,-12,-11
-63,-12,-11
-62,-12,-10
-63,-12,-10
-62,-11,-10
-62,-12,-10
-63,-12,-10
-62,-12,-10
-62,-12,-11
-62,-12,-11
-62,-12,-12
-63,-11,-13
-63,-12,-14
-62,-12,-15
-61,-11,-12
-63,-11,-13
-64,-12,-14
-64,-12,-14
-62,-12,-10
-62,-13,-10
-65,-12,-11
-63,-11,-9
-62,-12,-9
-62,-12,-9
-62,-11,-10
-63,-12,-13
-61,-12,-10
-61,-13,-11
-61,-12,-12
-63,-12,-12
-63,-11,-11
-59,-12,-10
-58,-13,-9
-61,-12,-8
-62,-12,-10
-62,-14,-12
-63,-14,-15
-67,-12,-12
-62,-13,-10
-62,-12,-12
-61,-12,-11
-59,-12,-10
-60,-12,-9
-61,-11,-8
-63,-10,-9
-64,-9,-9
-64,-8,-9
-63,-7,-9
-63,-9,-9
-63,-8,-9
-65,-6,-9
-66,-5,-7
-68,-4,-7
-67,-4,-6
-63,-3,-1
-68,-3,-3
-62,-7,-2
-68,-6,-2
-62,-6,-2
-60,-6,-2
-66,-7,-3
-66,-7,-3
-66,-6,-6
-63,-6,-4
-63,-4,0
-66,-3,-2
-64,-2,-1
-64,-2,-1
-63,-1,-3
-64,-2,-2
-64,0,0
-63,0,0
-64,2,-1
-64,2,1
-67,3,1
-64,5,3
-64,4,5
-66,5,4
-65,5,5
-62,6,9
-62,6,9
-63,5,8
-64,6,10
-65,6,15
-64,7,15
-59,6,15
-59,8,15
-63,13,14
-72,20,17
-58,15,15
-59,15,10
-54,15,13
-58,17,10
-64,20,8
-66,22,6
-66,24,4
-64,25,4
-61,35,1
-64,39,10
-75,20,7
-71,22,9
-62,17,11
-67,14,11
-66,12,10
-61,6,13
-53,4,23
-32,-4,44
-27,-7,52
-48,-12,51
-56,-10,43
-50,-14,46
-46,-12,46
-40,-14,43
-46,-11,41
-56,-4,50
-48,-2,53
-20,0,54
-20,0,55
-21,2,53
-21,4,59
-23,9,65
-21,7,62
-7,6,59
-11,5,60
-29,11,62
-23,11,60
-10,9,62
-10,11,66
-12,-8,58
-26,-7,54
-22,1,58
-5,-12,60
-10,-2,61
-24,6,52
-10,-1,60
8,0,56
14,9,57
5,-8,73
-4,-2,72
-14,7,68
-14,8,66
-14,8,65
-19,8,64
-12,22,63
-17,7,58
-15,22,69
-17,13,70
-18,11,73
-24,9,72
-42,6,68
-48,0,66
-40,-18,54
-43,-27,50
-45,-32,42
-37,-36,41
-23,-37,40
-21,-33,41
-12,-38,36
-11,-35,39
-12,-36,36
-11,-36,38
-6,-37,38
-13,-42,33
-22,-46,37
-17,-48,46
-22,-47,43
-17,-44,39
-18,-44,40
-18,-43,41
-23,-41,40
-18,-40,57
-60,-36,19
-63,-46,-17
-64,-77,-18
-42,-41,-11
-30,-57,-15
-27,-56,-14
-23,-58,-9
-14,-60,-4
-16,-59,0
-1,-60,1
5,-60,3
13,-61,14
11,-61,15
5,-59,16
7,-60,23
10,-59,35
-6,-59,27
-5,-60,20
-4,-61,14
-1,-60,14
1,-61,16
1,-61,17
1,-61,15
2,-62,13
1,-62,11
1,-62,9
1,-62,9
1,-63,9
0,-62,8
-1,-62,8
0,-62,9
0,-62,9
2,-62,9
2,-62,10
2,-62,10
2,-62,9
2,-62,11
1,-62,11
1,-61,11
2,-62,11
2,-62,11
2,-62,11
1,-61,10
-1,-60,25
2,-59,24
6,-64,4
7,-64,2
6,-64,3
4,-62,7
6,-61,15
5,-61,16
6,-61,17
7,-61,15
6,-61,13
4,-61,12
6,-60,12
6,-62,12
8,-62,13
9,-61,16
15,-61,22
13,-60,18
8,-55,16
10,-59,18
25,-52,17
20,-53,9
13,-38,-3
8,-24,4
-11,-7,21
-35,-7,39
-53,-4,41
-87,7,87
-75,12,82
-50,-21,69
-54,-22,66
-61,-15,67
-37,-2,70
-21,5,75
-27,12,68
-40,19,66
-48,20,76
-48,3,44
-43,2,40
-43,5,48
-43,3,50
-49,-4,49
-45,-7,43
-41,-16,36
-35,-12,40
-37,-9,35
-39,-8,30
-46,8,50
-48,12,51
-64,6,29
-62,9,30
-57,8,24
-50,5,21
-59,6,12
-111,0,13
-89,2,-1
-63,-14,13
-66,2,7
-64,1,14
-64,0,9
-66,1,6
-63,-1,8
-66,-2,5
-65,-2,5
-65,-2,6
-63,-2,8
-63,-2,8
-65,-2,5
-65,-3,4
-65,-3,3
-61,-5,5
-66,0,4
-63,-3,7
-63,-3,8
-65,-3,6
-65,-3,7
-65,-2,6
-64,-2,7
-64,-2,7
-65,-2,5
-65,-2,6
-64,-2,6
-64,-2,6
-65,-2,6
-64,-1,7
-64,-2,7
-64,-2,7
-65,-2,6
-64,-1,6
-64,-2,7
-64,-1,7
-64,-2,7
-64,-1,7
-64,-1,8
-64,-1,8
-64,-2,7
-64,-2,7
-64,-1,8
-64,-1,7
-64,-2,8
-65,-2,7
-64,-2,8
-64,-2,7
-64,-2,7
-64,-2,8
-64,-2,7
-64,-2,7
-64,-2,7
-64,-2,8
-64,-2,7
-64,-2,7
-64,-2,7
-64,-2,8
-64,-2,7
-64,-2,8
-64,-2,8
-64,-2,7
-64,-2,7
-64,-2,8
-64,-2,7
-64,-2,8
-64,-1,8
-64,-2,8
-64,-2,8
-64,-2,8
-64,-2,8
-64,-2,8
-64,-2,8
-64,-2,8
-64,-2,8
-64,-1,8
-64,-1,9
-64,-2,8
-64,-2,8
-64,-1,9
-64,-1,9
-64,-2,7
-65,-2,7
-64,-2,8
-64,-2,8
-64,-2,8
-64,-2,8
-64,-2,8
-64,-2,9
-64,-2,9
-64,-2,7
-65,-2,6
-65,-3,6
-64,-2,8
-64,-2,8
-64,-2,7
-64,-2,7
-64,-2,8
-64,-2,7
-65,-2,7
-64,-2,8
-64,-2,8
-64,-2,8
-64,-3,8
-64,-2,8
-64,-2,7
-64,-3,8
-64,-3,8
-64,-2,8
-64,-2,9
-64,-2,9
-63,-2,10
-64,-2,10
-65,-2,7
-65,-2,7
-64,-2,9
-64,-2,9
-64,-2,8
-64,-2,8
-64,-2,9
-64,-2,9
-64,-2,9
-64,-2,8
-64,-2,8
-64,-1,9
-64,-2,9
-64,-2,8
-64,-2,9
-64,-2,9
-64,-2,9
-64,-2,9
-64,-2,9
-64,-2,9
-64,-2,9
-64,-2,9
-64,-2,8
-64,-2,8
-64,-2,9
-64,-2,9
-64,-2,9
-64,-2,9
-64,-2,9
-64,-2,9
-64,-2,9
-64,-2,9
-64,-2,9
-64,-2,9
-64,-2,9
-64,-2,9
-64,-2,9
-64,-2,9
-64,-1,9
-64,-1,10
-64,-1,10
-64,-2,9
-64,-2,9
-64,-2,9
-64,-2,9
-64,-2,10
-64,-1,9
-64,-1,10
-64,-2,10
-64,-2,10
-64,-2,10
-64,-2,9
-64,-1,10
-64,-1,10
-64,-2,10
-64,-2,10
-64,-2,10
-64,-2,10
-64,-2,9
-64,-2,9
-64,-2,10
-64,-2,10
-64,-2,10
-64,-2,9
-64,-1,9
-64,-1,10
-64,-2,10
-64,-2,10
-64,-2,10
-64,-2,10
-64,-2,10
-64,-2,10
-64,-1,10
-64,-1,10
-64,-2,10
-64,-2,10
-64,-2,10
-64,-2,10
-64,-1,10
-64,-1,10
-64,-1,10
-64,-1,10
-64,-1,10
-64,-2,10
-64,-1,10
-64,-1,10
-63,-2,11
-64,-2,10
-64,-2,10
-64,-1,10
-64,-2,10
-64,-2,10
-64,-2,10
-64,-2,10
-64,-2,10
-64,-2,10
-64,-2,10
-64,-2,10
-64,-2,10
-64,-2,10
-64,-2,10
-64,-2,10
-64,-2,10
-64,-2,10
-64,-2,10
-64,-2,11
-64,-2,10
-64,-2,10
-64,-1,10
-64,-2,10
-64,-2,10
-64,-2,11
-64,-2,10
-64,-2,10
-64,-2,11
-64,-2,10
-64,-2,11
-64,-2,10
-63,-2,10
-64,-2,10
-64,-2,10
-64,-2,10
-64,-2,10
-64,-2,11
-64,-2,10
-64,-2,10
-64,-2,10
-64,-2,10
-64,-2,10
-64,-2,10
-64,-2,10
-64,-2,10
-64,-2,10
-64,-2,10
-64,-2,10
-64,-2,10
-64,-2,10
-64,-2,10
-64,-2,11
-64,-2,10
-64,-2,10
-64,-2,10
-64,-2,10
-64,-2,10
-64,-2,10
-64,-1,11
-64,-2,10
-64,-2,10
-64,-2,10
-64,-2,10
-64,-2,10
-64,-2,10
-64,-2,10
-64,-2,10
-64,-2,10
-64,-2,10
-64,-2,10
-64,-1,10
-64,-2,10
-64,-2,10
-64,-2,10
-64,-2,10
-64,-2,10
-64,-2,11
-64,-2,10
-64,-2,10
-64,-2,11
-64,-2,10
-64,-2,11
-64,-1,10
-64,-2,10
-64,-2,10
-64,-2,10
-64,-2,11
-64,-2,10
-64,-2,10
-64,-2,11
-64,-2,11
-64,-2,10
-64,-2,10
-64,-2,10
-64,-2,10
-64,-2,10
-64,-2,10
-64,-2,10
-64,-2,10
-63,-2,11
-64,-2,10
-64,-2,10
-64,-2,10
-64,-2,10
-64,-2,10
-64,-2,10
-64,-2,10
-64,-2,10
-64,-2,10
-63,-2,11
-64,-2,10
-64,-2,10
-64,-2,11
-63,-2,11
-64,-2,11
-63,-2,11
-64,-2,10
-64,-2,11
-64,-2,10
-64,-2,10
-64,-2,11
-64,-2,11
-64,-2,10
-63,-2,11
-64,-2,10
-64,-2,10
-63,-2,11
-64,-2,11
-64,-2,10
-64,-2,11
-64,-2,11
-64,-2,11
-64,-2,10
-64,-2,11
-63,-1,11
-64,-2,11
-64,-2,11
-63,-2,11
-64,-2,11
-64,-2,11
-64,-2,10
-64,-2,11
-64,-2,11
-64,-2,11
-64,-2,11
-64,-2,11
-64,-2,11
-64,-2,11
-64,-1,11
-64,-2,11
-64,-2,11
-64,-2,11
-64,-2,11
-64,-1,11
-64,-2,11
-64,-2,11
-64,-2,11
-63,-2,11
-64,-2,11
-64,-2,11
-64,-2,11
-64,-2,11
-64,-2,10
-64,-2,11
-64,-2,11
-64,-2,11
-64,-2,11
-64,-2,11
-64,-2,11
-64,-2,11
-64,-2,10
-64,-2,11
-64,-2,11
-63,-1,11
-64,-2,10
-64,-2,10
-64,-2,11
-64,-2,10
-64,-2,10
-64,-2,10
-64,-2,10
-64,-2,10
-64,-2,11
-64,-2,11
-64,-2,11
-64,-2,10
-64,-2,10
-64,-2,11
-64,-2,11
-63,-2,11
-64,-2,11
-64,-2,11
-64,-2,11
-64,-2,11
-63,-2,11
-64,-2,10
-64,-2,11
-64,-2,11
-64,-2,11
-64,-2,11
-64,-2,11
-63,-2,11
-63,-2,11
-63,-2,10
-64,-2,11
-64,-2,11
-63,-2,11
-63,-2,11
-64,-2,11
-64,-2,11
-64,-2,10
-64,-2,11
-64,-2,11
-64,-2,11
-63,-2,12
-63,-1,11
-64,-1,11
-63,-2,11
-63,-2,11
-64,-2,11
-64,-2,11
-64,-2,11
-64,-2,11
-63,-2,11
-63,-2,11
-64,-2,11
-64,-2,12
-64,-2,11
-64,-2,11
-63,-2,12
-63,-2,11
-63,-2,11
-64,-1,12
-64,-2,12
-64,-2,11
-63,-2,11
-64,-2,11
-63,-2,12
-64,-2,11
-63,-1,11
-63,-2,12
-64,-2,12
-63,-2,12
-63,-2,12
-64,-2,11
-64,-2,11
-64,-2,11
-64,-2,11
-64,-2,11
-64,-2,11
-64,-2,11
-63,-2,11
-64,-2,11
-64,-1,11
-63,-1,12
-64,-1,12
-64,-2,11
-63,-2,12
-64,-2,12
-63,-2,11
-63,-2,11
-64,-2,11
-64,-2,11
-64,-2,12
-64,-2,12
-64,-2,11
-63,-1,12
-63,-1,12
-64,-2,11
-64,-2,12
-64,-2,12
-63,-2,12
-64,-2,12
-63,-2,12
-63,-1,12
-64,-1,12
-64,-2,11
-64,-2,11
-64,-2,11
-64,-2,12
-63,-2,11
-64,-1,12
-63,-1,12
-64,-1,12
-63,-2,12
-64,-2,12
-64,-2,11
-63,-1,12
-63,-2,12
-64,-2,11
-64,-2,11
-64,-2,11
-64,-2,11
-64,-2,11
-63,-1,12
-63,-2,11
-64,-2,11
-64,-2,12
-63,-2,12
-64,-2,11
-63,-2,11
-64,-1,12
-63,-1,12
-64,-2,11
-64,-2,11
-64,-2,12
-63,-2,12
-63,-2,12
-64,-2,12
-63,-1,12
-64,-1,12
-63,-1,12
-63,-2,13
-64,-2,11
-63,-1,12
-63,-2,12
-64,-2,12
-64,-2,12
-63,-2,13
-64,-2,12
-63,-2,12
-63,-2,12
-64,-2,12
-63,-2,13
-63,-2,12
-63,-2,12
-63,-2,12
-63,-1,13
-63,-1,13
-63,-1,13
-63,-2,12
-63,-2,12
-63,-1,13
-63,-1,13
-64,-2,12
-64,-1,13
-63,-1,13
-63,-2,13
-63,-1,13
-63,-2,12
-64,-2,12
-63,-1,13
-63,-2,13
-64,-2,12
-63,-1,13
-64,-1,13
-63,-2,13
-63,-1,13
-63,-2,12
-64,-2,13
-63,-1,13
-63,-2,13
-64,-2,13
-64,-1,13
-63,-1,13
-63,-2,13
-63,-2,12
-64,-2,13
-63,-1,13
-63,-2,12
-64,-2,12
-63,-1,13
-63,-2,13
-63,-2,13
-63,-2,13
-64,-2,12
-63,-2,13
-63,-2,13
-63,-2,13
-63,-1,13
-64,-2,13
-63,-2,13
-63,-2,13
-63,-2,13
-64,-2,13
-64,-2,13
-63,-2,13
-63,-2,13
-63,-2,13
-63,-2,13
-64,-1,13
-63,-2,13
-64,-1,13
-63,-2,13
-63,-2,13
-63,-2,13
-63,-1,13
-63,-2,13
-63,-2,13
-63,-1,13
-63,-2,13
-63,-2,13
-63,-2,14
-63,-2,14
-63,-1,13
-63,-1,13
-63,-1,13
-63,-2,13
-63,-2,13
-63,-2,13
-63,-2,13
-63,-2,13
-63,-1,13
-64,-1,13
-63,-2,14
-64,-2,13
-63,-1,13
-63,-2,13
-63,-1,13
-63,-1,13
-63,-1,13
-64,-2,13
-64,-2,13
-63,-2,13
-63,-2,13
-63,-1,13
-63,-1,12
-64,-1,13
-64,-1,13
-63,-2,14
-63,-2,14
-63,-1,13
-63,-1,13
-63,-1,13
-63,-1,13
-63,-2,13
-63,-2,13
-63,-2,13
-63,-2,13
-63,-1,14
-63,-1,13
-63,-1,13
-64,-2,13
-63,-2,13
-64,-1,13
-63,-1,13
-63,-1,13
-63,-1,13
-63,-1,13
-63,-1,14
-64,-2,13
-63,-2,13
-64,-1,13
-63,-1,14
-63,-1,13
-63,-1,13
-63,-1,13
-63,-1,14
-63,-2,13
-64,-2,13
-63,-1,14
-63,-1,14
-64,-1,13
-63,-1,13
-63,-2,13
-63,-2,13
-63,-2,13
-63,-2,13
-63,-1,14
-63,-1,13
-64,-1,13
-63,-1,14
-63,-1,13
-63,-1,13
-63,-2,14
-64,-1,13
-63,-2,13
-63,-2,13
-63,-1,13
-63,-1,14
-63,-2,14
-63,-2,13
-63,-1,14
-63,-1,13
-63,-2,13
-64,-1,13
-63,-1,14
-63,-1,13
-63,-1,13
-64,-2,13
-63,-1,13
-63,-1,13
-63,-2,13
-64,-1,13
-63,-1,13
-63,-2,13
-63,-1,13
-63,-1,14
-63,-1,13
-63,-2,13
-64,-2,13
-64,-2,13
-63,-2,14
-63,-2,14
-63,-2,14
-63,-1,14
-63,-2,13
-63,-2,13
-63,-2,14
-64,-2,14
-65,-3,12
-64,-2,11
-62,0,14
-64,-1,13
-64,-3,13
-63,-2,14
-63,-1,13
-64,-1,13
-64,-2,13
-63,-2,14
-63,-2,13
-63,-2,13
-64,-2,13
-64,-2,12
-63,-1,13
-63,-2,13
-63,-2,14
-63,-2,13
-63,-2,13
-63,-2,13
-63,-1,13
-63,-2,14
-63,-2,13
-63,-2,14
-63,-2,14
-63,-2,14
-63,-2,14
-64,-2,13
-63,-2,14
-63,-2,14
-63,-2,14
-63,-2,13
-63,-2,13
-63,-2,14
-64,-1,14
-63,-2,14
-63,-2,14
-63,-2,14
-63,-2,14
-63,-2,14
-64,-2,14
-63,-2,14
-63,-2,14
-63,-2,14
-63,-2,14
-63,-2,14
-63,-2,14
-63,-2,14
-63,-2,14
-63,-2,14
-63,-2,14
-63,-2,14
-63,-2,14
-63,-2,14
-63,-2,14
-63,-2,14
-63,-2,14
-63,-2,14
-63,-2,15
-63,-1,14
-63,-2,15
-63,-1,15
-63,-2,14
-63,-2,14
-63,-2,14
-63,-2,14
-63,-2,14
-63,-1,14
-63,-1,14
-63,-1,15
-63,-2,14
-63,-2,15
-63,-2,14
-63,-1,14
-63,-2,14
-63,-2,14
-63,-1,15
-63,-2,14
-63,-2,15
-63,-1,15
-63,-2,15
-63,-2,14
-63,-2,14
-63,-2,15
-63,-2,15
-63,-1,14
-63,-1,15
-63,-1,15
-63,-1,15
-63,-2,15
-63,-2,14
-63,-2,15
-63,-2,15
-63,-2,14
-63,-1,15
-63,-1,15
-63,-1,15
-63,-1,16
-63,-2,14
-63,-2,14
-63,-1,15
-63,-2,15
-63,-1,15
-63,-1,15
-63,-2,15
-63,-2,15
-63,-1,15
-62,-1,15
-63,-1,14
-63,-2,14
-63,-2,15
-63,-2,16
-62,-2,16
-62,-1,15
-63,-2,14
-63,-2,14
-63,-2,15
-63,-2,15
-63,-1,14
-63,-1,15
-63,-2,14
-63,-1,15
-63,-2,15
-63,-2,14
-63,-2,14
-63,-2,14
-63,-1,15
-63,-1,15
-63,-1,15
-63,-2,14
-63,-2,15
-63,-2,14
-63,-2,14
-63,-2,14
-63,-2,14
-63,-1,15
-63,-2,15
-63,-2,14
-63,-1,14
-63,-2,15
-63,-2,14
-63,-2,15
-63,-2,15
-63,-2,15
-63,-2,15
-63,-2,15
-63,-2,15
-63,-2,14
-63,-2,14
-63,-2,15
-63,-2,15
-63,-2,15
-63,-2,15
-63,-2,14
-63,-2,15
-63,-2,15
-63,-2,15
-63,-2,15
-63,-2,15
-63,-2,14
-63,-2,15
-63,-2,15
-63,-2,15
-63,-2,15
-63,-2,15
-62,-2,15
-63,-2,15
-63,-2,15
-62,-1,15
-63,-2,16
-63,-2,15
-63,-2,15
-63,-2,15
-63,-2,14
-63,-2,15
-63,-2,15
-63,-2,15
-63,-2,15
-63,-2,15
-63,-2,14
-63,-2,14
-63,-2,15
-63,-2,15
-63,-2,15
-63,-2,15
-63,-2,15
-63,-2,16
-63,-2,15
-63,-2,14
-63,-2,15
-63,-2,15
-63,-2,15
-63,-2,15
-63,-2,15
-63,-2,15
-63,-2,15
-63,-2,15
-63,-2,15
-63,-2,15
-63,-2,15
-63,-2,15
-63,-2,15
-63,-2,15
-62,-2,16
-63,-2,15
-63,-2,15
-63,-2,16
-63,-2,15
-63,-2,15
-63,-2,15
-63,-2,15
-63,-2,16
-63,-2,15
-63,-2,15
-63,-2,15
-63,-2,16
-62,-2,16
-63,-2,16
-64,-2,13
-63,-2,14
-63,-2,15
-62,-2,16
-63,-2,15
-63,-2,14
-63,-2,15
-63,-2,14
-63,-2,14
-63,-2,14
-63,-2,15
-63,-3,15
-63,-3,15
-63,-2,15
-63,-2,14
-63,-2,14
-63,-2,14
-63,-2,15
-63,-3,15
-63,-2,16
-63,-2,15
-63,-2,15
-63,-2,15
-63,-2,15
-63,-2,15
-63,-2,14
-63,-2,14
-63,-2,15
-63,-2,15
-63,-2,15
-63,-2,15
-63,-2,15
-63,-2,14
-63,-2,15
-63,-3,15
-63,-2,15
-62,-2,15
-63,-2,14
-63,-2,15
-63,-2,15
-63,-2,15
-63,-2,14
-63,-1,15
-63,-1,15
-63,-2,15
-63,-2,15
-63,-2,14
-63,-2,14
-63,-2,15
-63,-2,15
-63,-2,15
-63,-2,15
-63,-2,15
-63,-2,15
-63,-1,15
-63,-1,15
-63,-2,16
-63,-2,15
-63,-2,15
-63,-2,15
-63,-2,15
-63,-2,15
-63,-2,15
-63,-1,15
-63,-2,16
-62,-2,16
-63,-2,15
-63,-2,15
-62,-2,16
-63,-2,15
-63,-2,16
-63,-2,15
-63,-2,16
-62,-2,16
-63,-2,16
-63,-2,16
-63,-2,16
-63,-2,16
-63,-2,16
-63,-2,16
-63,-2,16
-62,-2,16
-62,-1,16
-63,-2,16
-63,-2,15
-62,-2,15
-62,-2,16
-63,-2,15
-63,-2,16
-63,-2,16
-63,-2,16
-63,-2,15
-63,-2,15
-63,-2,16
-62,-2,16
-63,-2,16
-62,-2,16
-63,-2,16
-62,-2,16
-63,-2,16
-63,-2,16
-63,-2,16
-63,-2,15
-63,-2,16
-62,-2,16
-63,-2,16
-62,-2,16
-63,-2,16
-63,-2,16
-63,-2,16
-63,-2,15
-62,-2,16
-63,-2,16
-63,-2,16
-63,-2,16
-63,-2,16
-63,-2,15
-63,-2,16
-63,-2,16
-63,-2,15
-62,-2,16
-63,-2,16
-63,-2,16
-62,-2,16
-63,-2,15
-62,-2,16
-63,-2,16
-63,-2,16
-63,-2,15
-63,-2,15
-63,-2,15
-62,-2,16
-63,-2,15
-62,-2,16
-63,-2,16
-63,-2,15
-63,-2,16
-62,-2,16
-63,-2,16
-62,-2,16
-63,-2,16
-62,-2,17
-62,-2,16
-63,-2,16
-62,-2,16
-63,-2,16
-63,-2,16
-62,-2,16
-62,-3,16
-63,-3,15
-63,-2,16
-63,-1,15
-62,-2,15
-63,-2,15
-63,-3,16
-63,-3,15
-63,-3,16
-63,-3,16
-62,-1,16
-63,-2,15
-63,-3,15
-63,-3,16
-62,-2,16
-62,-2,16
-63,-2,15
-63,-2,16
-62,-3,16
-63,-2,15
-63,-2,16
-63,-2,16
-63,-2,16
-63,-2,16
-63,-2,15
-63,-3,15
-62,-3,16
-63,-2,16
-63,-2,15
-62,-2,15
-62,-3,15
-63,-2,16
-63,-2,16
-63,-2,16
-63,-2,15
-63,-2,16
-63,-2,16
-63,-2,16
-62,-2,16
-63,-3,16
-63,-2,15
-63,-3,16
-63,-2,15
-63,-2,15
-63,-2,16
-62,-1,16
-62,-2,16
-63,-2,15
-63,-2,16
-63,-2,16
-63,-2,16
-63,-2,16
-63,-2,15
-62,-2,16
-62,-1,16
-62,-2,16
-63,-3,15
-63,-2,15
-63,-2,16
-63,-2,16
-62,-2,16
-62,-1,16
-62,-1,16
-62,-2,17
-63,-3,15
-63,-2,16
-63,-3,15
-63,-2,16
-63,-2,16
-63,-2,16
-62,-2,17
-63,-2,16
-63,-2,16
-63,-2,16
-62,-2,16
-62,-2,16
-63,-2,16
-62,-2,16
-62,-2,16
-63,-2,16
-62,-2,17
-63,-2,16
-63,-2,16
-63,-2,16
-63,-2,16
-62,-2,16
-63,-2,16
-62,-2,16
-63,-2,16
-62,-2,16
-62,-2,16
-63,-2,15
-63,-2,16
-63,-2,17
-63,-2,16
-63,-2,16
-63,-2,16
-62,-2,17
-63,-2,16
-63,-1,16
-63,-2,16
-63,-2,16
-62,-2,16
-63,-2,16
-62,-2,16
-62,-2,16
-63,-2,16
-63,-2,16
-62,-2,16
-62,-2,16
-63,-2,16
-63,-2,17
-63,-2,17
-62,-1,16
-62,-1,16
-63,-2,16
-62,-1,17
-62,-1,16
-63,-2,16
-63,-2,16
-62,-2,17
-62,-2,16
-63,-2,17
-63,-2,17
-62,-1,17
-62,-2,16
-63,-2,16
-62,-2,17
-62,-1,16
-62,-2,16
-63,-2,16
-62,-2,16
-64,-2,14
-63,-2,14
-62,-2,15
-63,-2,15
-63,-2,13
-63,-2,14
-62,-2,16
-63,-2,14
-64,-2,14
-63,-2,14
-63,-2,14
-63,-2,14
-63,-2,14
-62,-2,15
-63,-2,15
-63,-2,15
-63,-2,15
-63,-1,15
-63,-2,14
-63,-2,14
-63,-1,15
-63,-2,14
-64,-2,14
-63,-2,15
-63,-2,15
-63,-1,15
-63,-1,14
-63,-2,15
-63,-2,15
-63,-1,14
-63,-2,15
-63,-2,15
-63,-2,14
-63,-1,15
-63,-1,15
-63,-2,15
-63,-2,14
-63,-2,15
-63,-2,15
-63,-2,14
-63,-2,15
-63,-2,15
-63,-2,15
-63,-2,15
-63,-1,15
-63,-2,15
-63,-2,15
-63,-2,15
-63,-2,15
-63,-1,14
-63,-2,15
-63,-2,15
-63,-1,15
-63,-2,15
-63,-2,16
-63,-2,15
-63,-2,15
-63,-2,16
-63,-2,16
-62,-2,15
-63,-2,15
-63,-2,16
-63,-2,16
-63,-2,16
-63,-2,15
-63,-2,15
-63,-2,15
-62,-2,16
-63,-2,16
-62,-2,16
-63,-2,15
-63,-2,15
-63,-2,16
-63,-3,16
-63,-3,15
-63,-2,16
-62,-2,16
-63,-2,15
-63,-2,15
-62,-2,15
-62,-2,15
-63,-3,13
-64,-3,14
-63,-2,15
-63,-3,15
-63,-3,14
-63,-2,14
-63,-3,15
-63,-2,14
-63,-2,14
-64,-2,14
-63,-2,14
-62,-3,15
-64,-3,14
-63,-2,14
-63,-3,14
-63,-3,15
-63,-3,13
-63,-2,15
-62,-3,16
-63,-3,15
-63,-3,14
-62,-2,15
-63,-2,15
-63,-2,15
-63,-2,16
-63,-2,15
-63,-2,15
-63,-2,15
-63,-2,15
-63,-2,16
-63,-3,16
-63,-2,15
-63,-3,15
-63,-3,15
-63,-3,15
-63,-2,16
-62,-2,17
-63,-3,16
-62,-3,16
-62,-3,18
-63,-3,17
-62,-3,18
-62,-5,17
-63,-4,16
-63,-3,17
-62,-3,17
-62,-3,17
-62,-3,17
-62,-3,17
-62,-2,18
-62,-2,18
-62,-3,18
-62,-2,18
-62,-2,19
-62,-2,18
-62,-2,18
-62,-2,19
-62,-2,18
-62,-2,18
-62,-3,18
-62,-3,18
-61,-2,19
-64,-2,16
-64,-1,17
-61,-1,19
-61,-1,19
-63,-1,17
-62,-1,19
-62,-1,18
-63,-1,18
-62,-1,18
-62,-1,19
-62,-1,19
-62,-1,18
-62,-1,18
-62,-1,19
-62,-1,19
-62,-1,18
-62,-1,19
-62,-1,19
-62,-1,19
-62,-1,19
-62,-1,19
-62,-2,19
-62,-2,18
-62,-1,18
-62,-1,19
-62,-1,19
-62,-1,18
-62,-1,18
-62,-1,19
-62,-1,18
-62,-2,19
-62,-1,19
-62,-2,18
-62,-1,18
-62,-1,18
-62,-2,18
-62,-1,17
-62,-2,18
-62,-2,18
-62,-2,18
-62,-2,18
-62,-2,18
-62,-2,18
-62,-1,18
-62,-2,18
-62,-2,17
-62,-2,18
-62,-2,17
-62,-2,17
-62,-2,17
-62,-2,17
-63,-2,17
-62,-2,17
-62,-2,17
-63,-2,17
-63,-2,17
-62,-2,17
-62,-2,16
-63,-2,16
-61,-2,18
-63,-2,15
-64,-3,13
-63,-3,15
-63,-2,16
-62,-2,16
-63,-2,15
-63,-2,15
-63,-2,16
-63,-2,16
-63,-2,16
-63,-2,15
-63,-2,16
-63,-2,16
-62,-2,16
-62,-1,17
-63,-1,16
-63,-2,16
-62,-2,17
-62,-2,17
-63,-2,16
-63,-2,16
-62,-2,17
-62,-2,16
-63,-2,16
-63,-2,16
-63,-2,16
-63,-2,16
-63,-2,16
-63,-2,16
-62,-2,16
-63,-2,16
-63,-2,16
-63,-3,16
-62,-3,16
-63,-2,16
-63,-2,16
-62,-2,16
-62,-2,16
-63,-1,16
-62,-2,17
-63,-2,16
-63,-2,15
-63,-2,16
-62,-2,16
-62,-2,17
-63,-2,16
-62,-2,16
-62,-2,17
-62,-1,16
-62,-1,17
-62,-2,17
-62,-2,17
-62,-2,16
-62,-2,17
-63,-2,16
-63,-2,17
-63,-2,17
-62,-2,16
-63,-2,17
-62,-2,17
-62,-2,17
-62,-2,17
-63,-2,17
-62,-2,17
-62,-2,17
-62,-2,16
-63,-2,15
-63,-2,15
-63,-2,15
-62,-3,16
-63,-3,15
-63,-3,15
-63,-3,15
-62,-2,16
-62,-2,16
-64,-2,14
-64,-2,14
-62,-3,17
-62,-2,16
-63,-3,14
-63,-2,15
-62,-3,16
-63,-2,15
-63,-3,14
-63,-3,14
-64,-3,14
-63,-2,15
-62,-3,16
-63,-2,14
-64,-2,13
-62,-2,16
-62,-3,15
-63,-2,14
-63,-2,15
-60,-3,17
-66,-4,10
-62,-3,16
-62,-2,16
-64,-3,13
-64,-3,14
-63,-2,15
-63,-2,14
-63,-2,15
-63,-3,15
-63,-2,14
-63,-2,15
-63,-2,15
-63,-3,15
-63,-3,14
-63,-2,15
-63,-2,15
-63,-3,14
-63,-3,14
-63,-2,15
-63,-2,15
-63,-2,15
-63,-2,15
-63,-2,15
-62,-2,15
-63,-3,15
-63,-3,15
-63,-2,16
-63,-3,15
-63,-2,15
-63,-2,15
-63,-3,15
-63,-2,15
-62,-2,16
-63,-3,15
-62,-2,17
-63,-2,17
-63,-2,16
-63,-3,16
-62,-2,16
-63,-2,16
-63,-2,16
-63,-3,16
-63,-3,16
-62,-2,17
-62,-3,17
-62,-3,15
-63,-2,15
-62,-2,16
-63,-2,17
-62,-2,16
-62,-2,16
-63,-2,16
-63,-3,16
-63,-2,16
-63,-2,16
-62,-2,16
-62,-2,16
-63,-2,16
-62,-2,16
-62,-2,16
-63,-3,16
-63,-3,17
-62,-2,17
-63,-2,16
-62,-2,16
-63,-2,16
-63,-2,16
-62,-2,16
-63,-2,16
-63,-3,16
-63,-3,16
-62,-3,17
-62,-3,16
-62,-3,16
-63,-2,16
-63,-3,16
-62,-2,16
-63,-2,16
-63,-3,16
-62,-3,16
-63,-3,15
-63,-3,16
-62,-2,16
-63,-3,16
-62,-3,15
-62,-3,16
-63,-3,15
-63,-3,16
-63,-3,16
-63,-3,16
-62,-3,16
-62,-2,16
-62,-2,16
-62,-3,16
-62,-3,16
-64,-3,15
-63,-3,15
-62,-3,16
-63,-3,15
-62,-2,16
-63,-2,16
-63,-3,15
-62,-2,16
-63,-2,16
-63,-2,16
-62,-3,16
-63,-3,16
-62,-2,16
-62,-2,16
-63,-2,15
-63,-2,14
-63,-3,15
-62,-3,16
-63,-2,16
-62,-3,16
-63,-2,14
-63,-2,14
-62,-3,16
-63,-2,16
-64,-2,15
-63,-3,16
-62,-3,16
-62,-2,16
-63,-2,16
-63,-3,16
-62,-3,17
-63,-3,16
-63,-3,16
-63,-2,16
-62,-2,17
-63,-2,16
-63,-2,16
-63,-2,16
-63,-2,17
-63,-3,16
-63,-3,16
-62,-2,16
-63,-2,16
-63,-2,16
-62,-2,17
-63,-3,16
-62,-3,16
-62,-3,17
-63,-2,16
-62,-3,16
-62,-3,16
-62,-2,17
-62,-3,16
-63,-3,16
-62,-2,17
-62,-3,17
-63,-2,16
-62,-3,17
-62,-2,17
-63,-2,17
-64,-3,15
-62,-3,16
-63,-2,17
-63,-3,16
-62,-2,18
-62,-2,18
-63,-3,16
-62,-3,16
-62,-2,17
-63,-3,16
-62,-3,16
-62,-3,17
-62,-3,17
-62,-3,17
-62,-3,17
-62,-3,17
-63,-2,16
-63,-3,16
-62,-3,17
-63,-3,17
-62,-3,17
-62,-3,16
-62,-3,16
-63,-3,17
-62,-3,17
-62,-3,17
-63,-3,17
-62,-3,17
-63,-3,16
-62,-3,17
-62,-3,16
-63,-3,17
-62,-3,17
-62,-3,17
-62,-3,16
-63,-3,16
-62,-3,17
-63,-3,16
-62,-3,16
-63,-2,17
-63,-3,16
-62,-3,16
-62,-3,16
-63,-3,17
-62,-3,17
-63,-3,17
-62,-3,16
-63,-3,17
-62,-3,17
-62,-3,16
-62,-3,16
-62,-3,16
-63,-3,16
-62,-3,17
-63,-3,16
-62,-3,16
-62,-3,16
-63,-3,16
-63,-3,16
-62,-3,16
-62,-3,16
-63,-3,15
-63,-3,16
-63,-3,16
-63,-3,15
-63,-3,16
-62,-3,16
-63,-3,15
-63,-2,16
-63,-3,16
-63,-3,16
-63,-3,16
-63,-3,16
-63,-2,16
-63,-2,16
-63,-2,16
-62,-3,16
-63,-2,16
-63,-2,16
-63,-3,16
-63,-3,16
-62,-2,16
-62,-2,16
-63,-2,16
-63,-2,17
-62,-3,16
-63,-3,14
-63,-3,14
-63,-2,15
-62,-3,15
-63,-3,15
-63,-3,15
-63,-2,16
-61,-2,18
-62,-2,17
-63,-2,15
-63,-3,16
-63,-2,15
-63,-2,16
-63,-3,16
-63,-3,15
-63,-2,15
-63,-2,15
-63,-3,15
-63,-3,15
-63,-2,16
-62,-2,16
-63,-2,15
-63,-2,16
-63,-2,15
-62,-2,16
-62,-2,16
-63,-2,16
-63,-3,16
-62,-2,16
-63,-3,15
-63,-2,15
-63,-2,15
-63,-2,15
-63,-2,15
-63,-3,16
-63,-3,16
-62,-2,15
-62,-2,16
-63,-3,16
-63,-3,16
-62,-2,16
-63,-2,16
-62,-3,16
-63,-2,16
-63,-2,16
-63,-2,16
-63,-2,16
-63,-2,15
-63,-2,15
-63,-3,16
-63,-3,15
-63,-2,15
-63,-2,15
-63,-3,16
-63,-2,16
-63,-2,16
-63,-3,16
-63,-2,16
-63,-2,16
-62,-2,16
-63,-3,16
-63,-2,16
-62,-2,16
-63,-3,15
-63,-3,16
-62,-2,16
-63,-2,16
-62,-2,16
-63,-3,16
-62,-2,17
-62,-3,16
-63,-3,16
-63,-2,16
-62,-2,16
-62,-2,16
-63,-3,16
-63,-2,16
-63,-2,16
-63,-3,15
-63,-2,15
-63,-2,16
-63,-3,16
-63,-2,16
-63,-2,16
-63,-3,16
-63,-2,17
-62,-2,16
-62,-2,16
-62,-2,17
-62,-2,16
-63,-2,16
-62,-2,17
-63,-2,16
-63,-3,16
-62,-2,16
-63,-2,16
-62,-3,16
-62,-3,16
-63,-2,16
-62,-2,16
-63,-3,17
-62,-2,16
-62,-2,17
-62,-2,17
-63,-2,16
-63,-3,16
-63,-3,16
-63,-3,16
-63,-3,16
-62,-3,16
-62,-2,16
-62,-3,17
-63,-2,16
-62,-2,17
-62,-3,17
-62,-2,17
-62,-2,17
-63,-2,17
-62,-2,17
-63,-3,16
-63,-3,16
-62,-2,17
-63,-3,16
-62,-3,16
-62,-2,17
-63,-2,16
-63,-2,16
-62,-2,17
-62,-2,16
-62,-2,16
-62,-3,16
-63,-3,15
-62,-2,16
-63,-3,16
-62,-2,16
-63,-3,16
-63,-2,16
-62,-3,16
-63,-2,16
-63,-3,16
-63,-3,16
-62,-2,16
-62,-2,17
-63,-2,16
-63,-2,16
-63,-3,16
-62,-3,16
-63,-3,16
-62,-2,16
-63,-3,16
-63,-3,16
-63,-2,16
-63,-2,16
-62,-3,16
-62,-3,16
-63,-2,16
-63,-2,16
-62,-2,16
-63,-2,15
-63,-3,16
-62,-3,16
-63,-3,15
-63,-3,15
-63,-2,16
-62,-2,16
-63,-2,16
-63,-3,16
-62,-2,16
-63,-2,16
-62,-2,16
-62,-2,16
-63,-3,16
-63,-3,16
-63,-3,16
-63,-3,16
-63,-3,16
-63,-3,16
-63,-2,16
-63,-3,16
-62,-2,17
-63,-2,16
-62,-2,16
-63,-3,16
-63,-2,16
-62,-3,16
-63,-3,15
-63,-2,16
-62,-2,16
-63,-3,16
-62,-2,16
-62,-2,16
-62,-3,17
-63,-3,16
-63,-2,16
-62,-2,16
-63,-2,16
-62,-3,16
-63,-2,16
-63,-3,16
-62,-2,16
-63,-2,16
-62,-2,17
-63,-2,16
-62,-3,17
-62,-3,17
-63,-3,16
-62,-3,17
-63,-3,16
-62,-3,17
-62,-2,16
-62,-2,17
-62,-2,17
-62,-2,17
-62,-3,17
-62,-2,17
-62,-3,17
-62,-3,16
-63,-3,17
-63,-3,16
-63,-2,17
-63,-2,16
-62,-2,17
-62,-3,17
-62,-2,17
-62,-2,17
-63,-3,16
-63,-3,17
-62,-2,17
-63,-3,16
-62,-3,17
-62,-2,17
-62,-2,17
-62,-3,17
-63,-3,16
-62,-2,17
-63,-3,16
-63,-3,16
-62,-3,16
-63,-3,17
-62,-2,17
-62,-2,16
-63,-2,16
-62,-3,17
-62,-3,17
-63,-3,16
-63,-3,16
-62,-2,17
-62,-2,17
-62,-3,17
-62,-3,17
-62,-3,17
-63,-3,16
-62,-4,17
-63,-3,17
-62,-2,16
-62,-3,17
-63,-3,17
-62,-3,17
-62,-3,16
-63,-3,16
-62,-3,17
-62,-3,17
-63,-3,16
-62,-3,16
-62,-2,17
-63,-3,16
-63,-3,16
-62,-3,17
-62,-2,16
-61,-3,17
-64,-2,16
-62,-2,17
-62,-3,17
-63,-3,16
-63,-3,16
-62,-3,16
-62,-2,16
-62,-2,17
-62,-3,17
-63,-3,16
-63,-3,16
-62,-3,17
-62,-2,17
-62,-2,16
-63,-2,16
-62,-3,17
-63,-3,16
-62,-3,17
-62,-3,17
-62,-2,17
-62,-2,17
-63,-3,17
-62,-3,17
-62,-3,17
-62,-4,17
-63,-3,16
-63,-2,16
-62,-3,17
-62,-3,17
-62,-3,17
-63,-2,16
-62,-3,17
-63,-3,17
-63,-2,17
-62,-3,17
-63,-3,17
-63,-3,16
-61,-2,17
-62,-2,17
-63,-3,17
-63,-3,17
-62,-2,17
-62,-3,18
-62,-2,17
-62,-2,18
-62,-3,18
-62,-3,16
-62,-3,17
-62,-3,17
-62,-3,17
-62,-3,17
-62,-3,17
-62,-2,17
-61,-3,19
-63,-3,18
-61,-4,17
-62,-4,17
-62,-3,17
-63,-3,17
-62,-4,16
-62,-3,16
-62,-3,17
-62,-3,18
-61,-3,18
-62,-3,18
-62,-3,18
-62,-3,18
-62,-4,17
-62,-4,17
-62,-3,18
-62,-3,18
-62,-3,18
-62,-3,17
-63,-3,17
-62,-3,17
-62,-3,17
-63,-3,17
-62,-3,17
-62,-3,17
-63,-3,17
-62,-2,17
-62,-3,17
-62,-3,17
-62,-3,17
-62,-3,18
-62,-3,17
-62,-3,17
-62,-3,17
-62,-3,17
-62,-3,17
-63,-3,17
-62,-3,18
-62,-3,17
-62,-3,17
-62,-3,18
-62,-3,18
-62,-3,17
-62,-3,17
-62,-3,18
-62,-3,18
-62,-3,17
-62,-3,17
-62,-3,17
-62,-3,18
-62,-3,18
-62,-3,18
-62,-3,18
-62,-3,17
-62,-3,17
-62,-3,18
-62,-3,18
-62,-3,17
-62,-4,17
-63,-3,17
-62,-3,18
-61,-3,18
-62,-3,17
-62,-4,17
-63,-3,17
-62,-3,18
-62,-3,18
-62,-3,17
-63,-3,17
-61,-4,18
-63,-4,17
-62,-3,17
-62,-3,17
-63,-3,17
-63,-3,17
-62,-3,17
-62,-3,17
-62,-3,17
-62,-3,17
-62,-3,17
-62,-4,17
-63,-3,17
-62,-3,17
-62,-3,16
-62,-4,17
-63,-3,17
-62,-3,17
-63,-3,16
-62,-3,17
-62,-3,17
-62,-4,17
-62,-4,16
-62,-3,16
-62,-3,16
-63,-4,17
-63,-4,16
-62,-4,17
-62,-4,16
-63,-4,16
-62,-4,17
-62,-4,17
-62,-3,17
-63,-4,16
-63,-4,16
-62,-4,17
-62,-4,17
-63,-4,15
-62,-4,18
-63,-4,16
-62,-3,17
-63,-3,16
-63,-4,16
-62,-4,17
-61,-3,18
-63,-3,15
-62,-3,17
-62,-3,18
-63,-3,17
-62,-3,17
-62,-3,18
-62,-3,17
-63,-3,17
-62,-3,17
-62,-3,17
-63,-3,17
-63,-3,17
-62,-3,17
-62,-3,17
-62,-3,17
-62,-3,18
-62,-3,18
-62,-3,18
-62,-3,18
-62,-3,18
-62,-3,18
-62,-3,18
-62,-3,17
-62,-3,18
-62,-3,18
-63,-3,18
-62,-3,18
-62,-3,18
-62,-3,18
-62,-3,18
-62,-3,18
-62,-3,18
-62,-3,17
-62,-3,18
-62,-3,19
-62,-4,18
-62,-4,18
-62,-3,18
-62,-3,18
-62,-3,17
-62,-3,18
-62,-3,19
-62,-3,18
-62,-3,18
-62,-3,19
-62,-4,18
-62,-3,18
-62,-3,18
-62,-3,18
-62,-4,18
-62,-4,19
-61,-3,19
-62,-3,18
-62,-4,18
-62,-4,18
-62,-3,19
-62,-3,19
-62,-4,18
-62,-3,18
-62,-4,19
-62,-4,19
-62,-3,18
-62,-3,18
-62,-3,18
-62,-3,18
-62,-4,18
-62,-4,18
-62,-3,18
-62,-4,18
-61,-3,18
-62,-3,18
-62,-4,18
-62,-4,18
-62,-4,19
-62,-3,18
-62,-3,18
-62,-4,18
-62,-4,18
-62,-4,18
-62,-3,18
-62,-4,18
-62,-4,18
-62,-4,18
-62,-3,18
-62,-3,19
-62,-4,18
-62,-3,18
-62,-3,20
-62,-3,19
-62,-3,18
-61,-3,19
-62,-3,19
-62,-5,18
-62,-4,19
-62,-3,19
-62,-3,18
-62,-4,18
-62,-4,19
-62,-3,20
-62,-3,19
-62,-4,19
-62,-5,18
-62,-5,18
-62,-5,19
-59,-5,19
-65,-5,13
-65,-5,11
-63,-5,15
-62,-5,15
-62,-7,16
-61,-7,16
-63,-5,15
-63,-5,15
-63,-4,16
-63,-4,15
-63,-4,16
-63,-4,16
-61,-4,16
-62,-5,17
-64,-5,17
-62,-5,17
-61,-5,19
-61,-4,19
-63,-3,19
-61,-5,20
-60,-5,21
-60,-5,22
-60,-5,23
-59,-6,22
-59,-5,22
-62,-3,22
-62,-3,22
-60,-4,22
-61,-4,22
-62,-2,20
-62,-3,20
-62,-3,18
-61,-4,18
-62,-4,18
-63,-4,17
-62,-3,18
-62,-3,16
-63,-3,16
-64,-3,15
-63,-4,15
-62,-4,16
-63,-3,15
-62,-3,15
-64,-4,14
-63,-5,15
-63,-4,14
-62,-4,15
-64,-3,15
-63,-3,15
-62,-5,15
-62,-5,15
-63,-5,14
-63,-4,15
-63,-4,14
-63,-4,14
-64,-4,14
-63,-4,14
-62,-5,15
-62,-5,15
-63,-5,15
-62,-5,15
-62,-5,15
-62,-4,15
-64,-4,15
-63,-6,15
-62,-6,15
-62,-3,15
-63,-4,16
-63,-6,15
-63,-5,15
-63,-4,16
-62,-5,15
-63,-5,14
-63,-4,14
-63,-5,14
-63,-5,15
-63,-5,15
-63,-5,15
-63,-5,15
-62,-5,15
-62,-4,15
-63,-5,15
-63,-5,15
-63,-4,15
-63,-4,15
-62,-4,15
-63,-4,15
-63,-5,15
-63,-5,15
-62,-4,16
-62,-4,17
-63,-4,15
-63,-4,15
-62,-4,16
-63,-4,16
-62,-4,16
-63,-4,16
-63,-4,15
-63,-4,15
-62,-4,16
-62,-4,16
-63,-4,15
-62,-4,15
-63,-4,16
-62,-4,16
-63,-4,16
-62,-4,16
-63,-4,16
-62,-4,16
-62,-4,16
-63,-4,16
-62,-4,16
-62,-4,16
-63,-4,16
-63,-4,16
-62,-4,16
-62,-4,16
-62,-4,16
-62,-4,16
-62,-4,16
-62,-4,16
-62,-5,16
-62,-4,16
-63,-5,16
-62,-4,16
-62,-4,16
-62,-4,16
-63,-4,16
-63,-4,16
-62,-4,17
-63,-4,15
-63,-4,16
-62,-4,16
-63,-4,16
-62,-4,16
-63,-4,15
-63,-4,16
-62,-4,16
-63,-4,15
-62,-4,16
-62,-4,16
-63,-4,15
-63,-4,16
-63,-4,15
-63,-4,16
-62,-5,16
-63,-5,15
-63,-5,16
-62,-4,16
-63,-5,15
-63,-5,16
-62,-4,16
-62,-4,16
-63,-5,15
-63,-4,16
-62,-4,16
-62,-4,16
-63,-5,15
-62,-4,16
-63,-4,15
-63,-4,15
-63,-5,14
-63,-4,16
-63,-5,15
-62,-5,15
-63,-5,16
-62,-5,16
-62,-4,16
-62,-5,16
-64,-5,14
-62,-4,17
-62,-4,17
-62,-4,16
-63,-4,15
-63,-5,16
-62,-4,16
-63,-4,16
-62,-4,16
-63,-4,15
-62,-4,16
-63,-4,16
-63,-4,16
-63,-4,16
-62,-4,15
-63,-4,16
-62,-4,16
-63,-4,16
-62,-4,16
-63,-4,16
-62,-4,16
-62,-4,16
-63,-4,16
-62,-5,16
-62,-4,16
-63,-4,16
-62,-4,16
-62,-4,16
-62,-4,16
-62,-4,16
-62,-4,16
-63,-4,16
-62,-4,17
-62,-4,16
-63,-4,16
-63,-4,17
-62,-4,16
-63,-4,16
-63,-4,16
-62,-4,17
-63,-4,16
-62,-4,16
-63,-4,16
-62,-4,16
-62,-4,16
-63,-4,16
-63,-4,16
-62,-3,17
-62,-3,17
-62,-5,16
-63,-5,15
-62,-3,17
-62,-4,17
-63,-5,15
-62,-4,16
-62,-4,16
-62,-4,17
-62,-4,17
-62,-5,16
-62,-4,16
-63,-3,17
-62,-4,17
-62,-4,17
-62,-4,16
-62,-4,16
-63,-4,17
-62,-4,17
-62,-4,16
-63,-4,15
-63,-4,17
-62,-4,17
-62,-5,16
-62,-5,16
-63,-4,16
-62,-5,16
-62,-5,15
-63,-5,15
-63,-5,15
-63,-4,16
-63,-4,16
-63,-4,14
-63,-4,15
-63,-3,15
-63,-4,16
-62,-5,13
-63,-5,13
-62,-4,17
-63,-4,16
-63,-5,14
-63,-5,13
-62,-4,16
-63,-5,16
-62,-5,15
-63,-4,14
-62,-4,15
-63,-5,15
-63,-4,15
-62,-4,15
-63,-5,14
-63,-5,14
-62,-4,16
-63,-4,16
-62,-5,15
-63,-5,15
-62,-5,15
-63,-5,16
-63,-4,16
-62,-5,16
-62,-5,15
-63,-4,16
-62,-4,16
-62,-5,16
-63,-5,15
-63,-4,15
-62,-5,16
-62,-4,16
-62,-4,16
-63,-5,15
-63,-4,16
-62,-4,16
-62,-4,16
-62,-4,16
-62,-4,16
-63,-4,16
-63,-4,16
-62,-4,16
-63,-4,15
-63,-5,15
-62,-4,16
-62,-4,16
-62,-4,16
-63,-4,16
-63,-4,16
-63,-4,15
-63,-4,16
-63,-4,16
-63,-4,15
-63,-4,15
-63,-4,16
-63,-4,16
-62,-4,15
-63,-4,15
-62,-4,16
-62,-4,16
-63,-4,15
-62,-4,16
-63,-4,16
-62,-5,15
-63,-4,16
-63,-4,17
-62,-4,15
-63,-4,15
-62,-4,16
-62,-4,16
-63,-4,15
-62,-4,16
-63,-4,15
-63,-4,15
-62,-5,16
-62,-5,15
-63,-4,15
-62,-4,16
-63,-5,16
-62,-4,16
-62,-3,16
-63,-5,15
-63,-5,15
-63,-4,16
-62,-5,16
-62,-5,15
-63,-3,15
-62,-4,16
-63,-5,15
-62,-4,16
-62,-4,16
-63,-5,16
-63,-5,15
-62,-4,17
-62,-4,16
-63,-5,15
-62,-5,16
-62,-4,16
-63,-4,15
-62,-5,16
-62,-5,16
-63,-5,15
-62,-4,16
-62,-4,16
-63,-4,16
-62,-4,16
-63,-5,15
-63,-4,16
-62,-4,16
-62,-4,16
-62,-5,16
-62,-5,16
-62,-4,16
-63,-4,16
-63,-5,16
-63,-5,16
-63,-4,16
-62,-4,16
-62,-4,16
-63,-4,16
-62,-5,17
-62,-5,16
-62,-5,16
-62,-4,16
-62,-4,16
-63,-3,16
-63,-4,16
-63,-4,16
-62,-4,16
-63,-4,16
-62,-5,17
-62,-4,16
-62,-4,16
-63,-4,16
-63,-4,16
-62,-4,16
-62,-4,16
-63,-4,16
-62,-5,16
-62,-4,16
-62,-4,16
-62,-4,16
-63,-4,16
-62,-4,16
-62,-4,16
-62,-4,16
-62,-4,16
-62,-4,16
-62,-4,17
-62,-4,16
-62,-5,16
-62,-4,17
-63,-4,16
-62,-4,16
-62,-5,16
-62,-4,16
-62,-4,16
-62,-4,17
-62,-4,16
-62,-4,16
-63,-5,16
-63,-4,16
-62,-4,17
-62,-4,16
-63,-4,16
-63,-4,16
-62,-4,17
-62,-5,16
-63,-4,16
-63,-4,17
-62,-5,16
-63,-4,16
-62,-4,17
-62,-4,17
-63,-4,17
-62,-4,17
-62,-4,17
-62,-5,17
-62,-4,17
-62,-4,17
-62,-4,17
-62,-4,17
-62,-4,17
-62,-4,17
-62,-4,17
-63,-4,17
-62,-4,17
-62,-5,16
-62,-3,16
-62,-4,17
-62,-4,17
-62,-4,17
-62,-4,17
-62,-4,17
-62,-4,17
-62,-4,16
-62,-4,17
-62,-4,17
-62,-5,16
-62,-4,17
-62,-4,17
-62,-4,16
-62,-4,16
-62,-4,17
-62,-4,17
-62,-4,17
-62,-4,17
-62,-4,17
-62,-4,17
-62,-4,16
-62,-4,17
-62,-4,17
-62,-4,17
-63,-4,16
-62,-4,17
-62,-3,17
-63,-4,16
-63,-4,16
-62,-4,17
-62,-4,17
-62,-4,16
-63,-4,16
-62,-4,17
-62,-4,17
-63,-5,17
-62,-5,17
-62,-4,17
-62,-4,17
-62,-4,17
-62,-4,17
-62,-4,16
-62,-4,17
-63,-5,17
-62,-5,17
-62,-5,17
-62,-4,16
-62,-4,17
-63,-5,16
-62,-5,16
-62,-4,17
-63,-5,17
-62,-5,16
-62,-5,16
-62,-4,17
-62,-4,17
-62,-4,17
-62,-4,17
-63,-5,16
-62,-5,16
-62,-5,16
-63,-4,16
-62,-5,16
-63,-5,16
-62,-4,17
-63,-5,17
-62,-5,16
-62,-4,17
-62,-4,17
-62,-4,16
-62,-5,16
-62,-5,17
-62,-5,17
-63,-5,16
-62,-5,17
-62,-5,16
-63,-4,16
-62,-4,17
-63,-5,17
-62,-4,16
-62,-5,16
-62,-5,16
-62,-5,17
-62,-4,17
-63,-4,16
-62,-5,16
-62,-5,17
-62,-4,17
-62,-5,17
-62,-5,16
-63,-5,16
-62,-4,17
-62,-5,17
-62,-5,16
-63,-4,17
-62,-5,17
-62,-5,16
-62,-5,16
-62,-5,16
-62,-5,17
-62,-5,17
-62,-4,16
-62,-5,17
-62,-5,16
-62,-4,17
-64,-4,17
-63,-5,14
-62,-5,16
-62,-5,18
-62,-5,17
-61,-4,17
-62,-4,17
-62,-5,17
-62,-4,18
-62,-5,17
-62,-4,16
-62,-4,17
-62,-5,17
-62,-4,17
-62,-5,17
-62,-4,17
-62,-4,17
-62,-4,17
-62,-5,17
-62,-4,17
-62,-5,17
-63,-5,17
-62,-5,18
-61,-4,17
-62,-4,17
-62,-5,17
-62,-5,17
-62,-4,17
-62,-5,16
-62,-5,16
-62,-4,18
-62,-4,17
-62,-5,17
-62,-5,16
-62,-4,17
-62,-4,17
-63,-4,16
-62,-5,16
-62,-5,17
-62,-4,17
-62,-4,16
-62,-5,16
-62,-5,17
-62,-5,17
-62,-4,17
-62,-5,17
-62,-5,17
-62,-5,17
-62,-5,17
-62,-4,17
-62,-5,17
-62,-5,17
-63,-5,16
-62,-4,17
-62,-4,16
-63,-5,17
-62,-5,17
-62,-4,17
-62,-4,16
-62,-5,17
-63,-5,17
-62,-5,16
-62,-4,17
-62,-5,16
-63,-5,16
-62,-4,17
-62,-4,17
-63,-5,16
-62,-5,17
-62,-5,17
-62,-5,17
-62,-5,16
-62,-5,17
-62,-5,17
-62,-4,17
-62,-5,16
-63,-5,16
-62,-5,17
-62,-5,16
-63,-5,16
-62,-4,17
-62,-5,16
-63,-5,16
-62,-4,16
-63,-5,16
-62,-5,17
-62,-5,18
-62,-5,18
-61,-4,18
-61,-5,18
-62,-5,17
-62,-5,17
-62,-5,18
-62,-5,18
-62,-5,17
-62,-4,17
-62,-5,17
-62,-5,17
-62,-5,17
-63,-5,17
-62,-5,17
-62,-4,17
-62,-4,18
-62,-5,19
-61,-4,19
-62,-4,18
-62,-4,19
-61,-5,18
-62,-4,18
-62,-3,18
-62,-4,18
-62,-3,18
-62,-4,18
-62,-4,18
-62,-3,18
-62,-4,18
-62,-4,19
-62,-4,19
-61,-4,18
-62,-5,18
-62,-4,18
-62,-4,19
-62,-4,18
-62,-4,18
-62,-4,19
-62,-4,18
-62,-4,18
-62,-5,19
-62,-5,19
-62,-4,19
-62,-4,18
-62,-4,19
-62,-4,18
-62,-4,19
-62,-4,19
-62,-4,19
-62,-4,19
-62,-4,18
-62,-5,18
-62,-5,18
-62,-4,19
-62,-5,19
-62,-5,18
-62,-5,19
-62,-4,18
-62,-4,18
-62,-4,18
-62,-4,19
-62,-4,18
-62,-4,18
-62,-4,18
-62,-5,19
-62,-4,18
-62,-4,18
-61,-4,19
-62,-4,18
-62,-4,18
-62,-4,18
-62,-5,18
-62,-5,18
-62,-4,18
-62,-4,18
-62,-4,19
-62,-4,18
-62,-4,18
-62,-5,18
-62,-5,18
-62,-5,19
-62,-5,19
-61,-4,19
-61,-4,19
-62,-5,18
-62,-4,18
-62,-5,19
-62,-5,18
-62,-4,18
-62,-4,19
-61,-4,19
-61,-5,18
-62,-5,17
-62,-5,19
-62,-5,19
-62,-5,18
-62,-5,18
-62,-5,19
-61,-4,19
-62,-4,19
-62,-5,18
-62,-5,19
-62,-5,18
-62,-5,18
-62,-5,19
-62,-5,18
-62,-4,18
-62,-5,19
-61,-5,19
-61,-4,19
-62,-5,19
-62,-5,19
-62,-4,19
-62,-4,19
-62,-4,19
-62,-5,19
-62,-5,18
-62,-5,18
-62,-5,19
-62,-5,19
-61,-5,19
-62,-4,19
-62,-4,19
-61,-4,19
-62,-4,19
-62,-4,19
-62,-4,19
-62,-5,19
-62,-5,18
-62,-4,18
-62,-4,19
-62,-4,19
-62,-4,19
-61,-4,20
-62,-4,20
-62,-4,19
-61,-5,20
-61,-5,19
-62,-4,19
-62,-4,19
-62,-5,19
-62,-5,19
-62,-5,19
-62,-5,19
-61,-5,20
-62,-4,19
-61,-4,20
-61,-4,20
-61,-4,20
-61,-4,19
-62,-5,19
-61,-5,20
-62,-5,19
-61,-5,19
-61,-4,20
-62,-4,20
-62,-4,20
-62,-5,20
-62,-5,19
-62,-5,20
-62,-5,20
-61,-5,19
-62,-4,19
-61,-4,20
-61,-4,20
-62,-5,19
-62,-5,20
-61,-5,20
-61,-5,20
-62,-5,19
-61,-4,19
-62,-5,20
-61,-5,20
-62,-5,20
-61,-4,20
-61,-5,20
-62,-4,20
-61,-4,20
-61,-5,20
-62,-5,19
-62,-5,19
-61,-5,20
-62,-5,19
-61,-5,20
-61,-5,20
-61,-4,20
-62,-4,20
-61,-5,20
-61,-4,20
-61,-4,20
-62,-4,20
-61,-4,20
-62,-5,19
-61,-5,20
-61,-4,20
-62,-4,20
-62,-5,20
-61,-4,20
-61,-4,20
-61,-4,20
-62,-4,20
-61,-4,20
-61,-5,20
-61,-4,20
-61,-4,20
-61,-5,20
-61,-5,20
-62,-5,20
-61,-4,20
-61,-5,20
-62,-5,19
-61,-4,20
-61,-5,20
-62,-5,20
-61,-5,20
-62,-5,20
-62,-5,19
-62,-4,19
-61,-4,19
-62,-5,19
-62,-5,19
-62,-5,19
-62,-5,18
-62,-4,20
-61,-4,20
-62,-4,19
-62,-4,19
-61,-4,20
-62,-4,20
-61,-5,20
-61,-5,20
-61,-4,20
-61,-4,20
-61,-5,19
-61,-5,19
-62,-5,19
-62,-5,19
-62,-5,20
-62,-5,20
-61,-4,20
-61,-4,20
-61,-4,20
-62,-5,20
-61,-5,20
-61,-5,20
-62,-5,19
-61,-5,20
-61,-5,20
-62,-5,20
-61,-5,20
-61,-4,20
-61,-4,20
-62,-5,20
-62,-5,19
-61,-4,19
-61,-5,20
-61,-4,20
-61,-4,20
-61,-4,20
-61,-4,20
-61,-4,20
-61,-4,20
-62,-4,20
-62,-5,20
-61,-4,20
-61,-4,20
-62,-4,20
-62,-4,20
-61,-4,20
-61,-4,20
-61,-4,20
-61,-4,21
-61,-5,20
-61,-5,20
-62,-4,20
-61,-5,20
-61,-4,20
-61,-4,20
-61,-4,20
-61,-4,21
-61,-4,21
-62,-4,20
-61,-4,20
-61,-4,21
-61,-4,20
-61,-4,21
-61,-4,20
-62,-4,20
-61,-4,21
-61,-5,20
-61,-5,20
-62,-4,20
-61,-4,21
-61,-4,20
-62,-4,20
-61,-4,21
-61,-4,20
-61,-4,20
-61,-4,20
-61,-4,21
-61,-4,20
-62,-4,20
-61,-4,21
-61,-4,21
-61,-4,20
-62,-4,21
-61,-4,21
-61,-4,21
-62,-4,20
-62,-4,20
-61,-5,21
-61,-4,20
-61,-4,21
-61,-4,21
-61,-4,21
-61,-4,21
-61,-4,21
-61,-3,21
-63,-3,19
-61,-3,20
-61,-4,20
-62,-4,19
-61,-4,20
-61,-4,20
-61,-4,20
-61,-4,21
-61,-4,21
-61,-3,21
-61,-3,21
-61,-4,20
-62,-4,19
-61,-3,22
-60,-4,22
-61,-4,20
-61,-4,21
-61,-4,21
-61,-4,21
-61,-4,21
-61,-4,22
-61,-4,21
-61,-3,21
-60,-4,21
-61,-4,21
-61,-3,22
-61,-4,22
-61,-5,21
-61,-5,21
-60,-4,22
-60,-4,22
-61,-4,21
-61,-4,22
-61,-4,22
-60,-4,21
-61,-3,21
-61,-4,22
-61,-4,22
-61,-4,21
-61,-4,21
-61,-5,21
-61,-4,22
-61,-4,21
-61,-4,21
-61,-4,22
-61,-4,22
-61,-4,21
-61,-4,21
-61,-4,21
-61,-4,21
-61,-5,21
-61,-4,21
-61,-4,22
-61,-5,21
-61,-4,21
-61,-4,21
-61,-4,22
-61,-4,21
-61,-4,21
-61,-4,22
-61,-4,22
-61,-4,21
-61,-4,22
-61,-5,22
-61,-4,22
-61,-4,21
-61,-4,21
-61,-4,22
-61,-4,22
-61,-4,21
-61,-4,21
-61,-4,22
-61,-5,21
-61,-4,22
-61,-4,22
-61,-4,22
-61,-4,21
-61,-4,22
-61,-4,22
-61,-4,21
-61,-4,21
-61,-5,22
-61,-4,22
-61,-5,21
-61,-4,21
-61,-5,22
-61,-5,22
-61,-4,21
-60,-4,22
-60,-4,22
-61,-4,22
-60,-4,22
-63,-4,21
-60,-5,22
-61,-4,21
-61,-4,21
-60,-4,22
-61,-4,22
-61,-5,22
-61,-4,22
-61,-3,22
-61,-4,22
-60,-4,22
-61,-4,21
-61,-4,22
-61,-4,22
-60,-4,22
-61,-4,21
-61,-4,22
-61,-4,22
-61,-4,22
-61,-4,21
-61,-3,22
-61,-4,22
-61,-4,21
-61,-4,21
-61,-4,22
-60,-4,21
-61,-4,21
-60,-4,23
-61,-4,22
-61,-4,21
-61,-4,21
-61,-3,22
-61,-4,22
-61,-4,22
-61,-4,22
-60,-4,22
-60,-4,23
-62,-4,21
-61,-4,21
-60,-4,22
-61,-4,22
-61,-4,21
-61,-4,21
-61,-4,22
-61,-3,21
-61,-4,21
-62,-3,21
-61,-3,20
-61,-3,21
-61,-4,20
-61,-4,21
-61,-4,21
-62,-4,20
-61,-4,20
-61,-4,21
-61,-3,21
-61,-4,20
-61,-3,21
-61,-4,21
-61,-4,20
-62,-4,20
-61,-4,20
-62,-3,20
-61,-4,20
-62,-4,20
-62,-4,20
-60,-4,23
-59,-5,25
-60,-5,23
-60,-4,22
-60,-5,22
-59,-2,22
-64,-5,18
-62,-5,18
-62,-4,20
-60,-4,21
-59,-4,21
-61,-4,20
-60,-4,20
-62,-4,19
-62,-5,18
-62,-5,18
-60,-3,18
-62,-6,19
-62,-5,19
-62,-4,19
-63,-4,19
-67,-4,14
-65,-5,16
-61,-4,21
-62,-5,19
-63,-6,16
-63,-5,17
-61,-5,19
-61,-5,19
-61,-5,18
-62,-5,17
-63,-5,18
-61,-5,18
-61,-5,19
-62,-5,18
-63,-6,17
-62,-5,17
-62,-5,17
-61,-5,17
-62,-5,18
-63,-6,15
-62,-5,16
-62,-5,17
-62,-5,17
-63,-5,17
-63,-5,16
-62,-5,17
-62,-5,17
-62,-5,17
-62,-6,17
-62,-6,17
-62,-5,16
-62,-5,17
-62,-5,17
-62,-5,17
-62,-5,17
-62,-5,16
-62,-5,16
-62,-5,17
-62,-5,17
-62,-5,17
-62,-5,17
-62,-4,17
-62,-5,17
-62,-6,17
-62,-6,17
-62,-5,17
-62,-5,17
-62,-5,17
-62,-6,17
-62,-5,17
-62,-5,18
-62,-5,18
-61,-5,18
-62,-5,17
-64,-6,14
-63,-6,14
-63,-5,16
-64,-5,15
-63,-6,15
-62,-6,15
-63,-5,15
-63,-6,15
-62,-7,15
-62,-6,16
-62,-6,15
-63,-6,16
-62,-6,15
-62,-5,16
-63,-6,14
-64,-6,12
-64,-6,12
-63,-6,13
-62,-5,15
-62,-6,16
-63,-6,14
-62,-6,15
-62,-5,15
-64,-6,15
-62,-6,15
-63,-6,14
-63,-7,14
-63,-6,14
-63,-6,15
-62,-6,16
-56,-5,16
-59,-4,21
-58,-4,21
-63,-5,16
-63,-7,13
-66,-8,7
-66,-7,6
-62,-8,12
-63,-7,14
-62,-5,17
-62,-5,17
-63,-8,12
-62,-7,15
-61,-6,17
-62,-6,17
-63,-6,16
-63,-6,15
-62,-7,14
-63,-7,15
-63,-7,15
-62,-7,16
-62,-7,15
-62,-6,15
-63,-7,15
-62,-7,16
-62,-7,15
-62,-8,15
-63,-7,15
-62,-7,15
-62,-7,15
-63,-7,15
-62,-7,15
-62,-7,15
-62,-7,14
-63,-7,14
-62,-7,14
-62,-8,14
-62,-7,14
-63,-7,14
-63,-7,14
-63,-7,14
-63,-7,13
-63,-7,13
-64,-7,12
-62,-7,12
-62,-8,13
-62,-7,13
-60,-5,13
-66,-8,12
-62,-7,15
-63,-7,14
-63,-7,13
-63,-6,14
-62,-6,14
-63,-7,14
-62,-6,13
-63,-6,13
-63,-6,14
-63,-6,14
-63,-6,13
-63,-6,13
-63,-6,13
-63,-6,14
-62,-7,14
-63,-6,14
-63,-7,14
-62,-7,15
-62,-6,16
-62,-6,16
-63,-7,15
-63,-6,15
-62,-6,15
-62,-6,15
-63,-7,15
-62,-6,15
-62,-6,16
-62,-6,15
-63,-6,15
-63,-7,15
-63,-7,15
-63,-6,15
-63,-6,15
-62,-7,15
-62,-6,16
-62,-6,15
-63,-6,14
-62,-6,15
-62,-6,15
-62,-7,15
-63,-7,15
-63,-7,14
-62,-6,15
-62,-6,15
-62,-6,15
-62,-7,15
-62,-7,16
-62,-7,15
-63,-7,15
-63,-6,16
-63,-6,15
-63,-7,14
-62,-7,16
-62,-6,16
-62,-6,16
-63,-7,15
-62,-6,16
-62,-6,16
-62,-6,15
-62,-6,15
-62,-6,16
-63,-6,15
-62,-6,16
-62,-6,16
-62,-6,16
-62,-6,16
-62,-6,16
-62,-6,16
-62,-7,16
-63,-6,16
-62,-7,16
-62,-6,16
-62,-6,16
-62,-6,16
-62,-6,16
-62,-6,16
-62,-6,16
-63,-7,15
-63,-7,15
-62,-6,16
-62,-6,16
-63,-7,15
-62,-7,16
-62,-6,16
-62,-6,16
-63,-6,16
-62,-6,16
-62,-6,16
-62,-6,16
-62,-6,16
-62,-6,16
-62,-7,16
-62,-6,16
-62,-6,16
-62,-7,16
-62,-6,16
-62,-6,16
-62,-6,16
-62,-6,16
-62,-6,16
-62,-6,16
-63,-6,16
-63,-6,17
-62,-6,16
-63,-6,15
-63,-6,15
-62,-7,16
-62,-7,16
-62,-6,16
-62,-6,16
-62,-6,16
-62,-6,16
-62,-6,16
-62,-6,16
-63,-6,16
-62,-6,15
-62,-6,16
-62,-6,16
-62,-6,16
-63,-6,16
-62,-6,16
-62,-6,16
-62,-6,16
-62,-6,16
-62,-6,16
-63,-6,16
-62,-6,16
-63,-6,15
-62,-6,16
-62,-6,16
-62,-7,16
-63,-6,15
-62,-6,16
-61,-6,18
-62,-7,16
-62,-6,15
-63,-7,13
-63,-7,12
-63,-7,13
-63,-6,13
-63,-5,14
-62,-7,9
-69,-5,5
-63,-8,11
-61,-8,9
-66,-4,8
-65,-9,11
-65,-9,5
-63,-10,1
-60,-11,5
-54,-9,9
-67,-9,5
-65,-9,4
-67,-7,3
-66,-8,3
-63,-10,1
-61,-9,3
-62,-11,2
-61,-10,3
-62,-9,1
-68,-8,4
-68,-6,5
-66,-5,5
-63,-6,6
-60,-10,7
-60,-9,7
-62,-11,7
-66,-7,5
-66,-2,6
-66,-3,4
-65,-3,3
-64,-3,5
-65,-4,4
-63,-4,7
-64,-5,5
-64,-5,6
-64,-6,5
-64,-5,5
-65,-6,4
-65,-6,5
-64,-5,7
-64,-4,9
-63,-5,11
-62,-7,11
-63,-6,10
-64,-6,9
-65,-6,10
-63,-6,11
-62,-5,12
-63,-6,11
-63,-5,12
-63,-6,12
-63,-6,12
-64,-6,10
-64,-6,10
-64,-5,12
-63,-5,12
-64,-6,10
-65,-4,11
-62,-5,15
-61,-5,17
-63,-5,15
-63,-4,15
-63,-5,15
-63,-5,15
-63,-6,15
-62,-6,15
-63,-4,16
-63,-3,16
-63,-4,15
-64,-4,14
-63,-4,15
-62,-4,16
-62,-5,17
-61,-5,18
-61,-5,18
-62,-4,17
-63,-4,17
-61,-4,18
-61,-5,19
-62,-5,17
-63,-5,17
-62,-5,19
-60,-6,19
-71,-9,15
-60,-5,17
-62,-4,18
-62,-5,16
-63,-5,16
-62,-4,18
-62,-5,17
-62,-5,16
-62,-5,16
-62,-5,16
-63,-5,16
-63,-5,16
-62,-5,16
-63,-5,15
-63,-5,16
-62,-4,16
-62,-4,15
-63,-4,14
-63,-4,15
-64,-5,14
-63,-4,15
-62,-4,15
-63,-4,15
-63,-4,15
-62,-4,15
-63,-4,14
-63,-4,15
-63,-4,15
-63,-4,16
-63,-5,15
-63,-4,15
-62,-4,15
-63,-4,15
-63,-5,15
-62,-4,16
-63,-4,15
-63,-5,15
-62,-4,15
-63,-4,15
-63,-4,14
-63,-4,15
-63,-4,15
-63,-4,15
-62,-4,16
-63,-5,13
-63,-5,14
-62,-4,16
-63,-5,14
-63,-4,14
-63,-4,15
-63,-4,15
-63,-5,15
-62,-4,15
-63,-4,15
-63,-5,15
-63,-5,14
-63,-5,15
-63,-4,15
-63,-4,15
-63,-4,14
-63,-4,15
-62,-4,15
-63,-4,15
-63,-5,15
-62,-4,15
-63,-5,15
-63,-5,14
-63,-4,14
-63,-5,15
-63,-4,15
-62,-4,15
-63,-5,15
-63,-5,15
-63,-5,15
-63,-4,15
-63,-4,15
-63,-4,15
-63,-4,15
-63,-5,15
-63,-4,15
-63,-4,15
-63,-5,15
-62,-4,16
-63,-4,15
-63,-4,15
-63,-4,15
-63,-4,15
-63,-5,15
-63,-5,15
-63,-5,15
-63,-4,15
-63,-4,15
-63,-5,15
-63,-4,15
-63,-4,15
-63,-5,15
-62,-4,15
-62,-4,16
-63,-4,15
-63,-4,15
-63,-5,15
-63,-5,15
-62,-4,16
-63,-4,15
-63,-4,16
-63,-4,15
-63,-5,15
-62,-4,15
-63,-4,15
-63,-4,15
-63,-4,16
-62,-4,16
-62,-4,16
-63,-4,16
-62,-4,16
-62,-4,16
-62,-4,15
-63,-5,15
-62,-3,16
-63,-4,15
-63,-4,15
-62,-4,16
-62,-4,16
-62,-4,17
-63,-3,15
-62,-4,16
-63,-3,16
-63,-4,16
-63,-3,16
-62,-4,16
-62,-4,16
-62,-4,16
-63,-4,16
-62,-4,17
-63,-3,16
-63,-3,16
-63,-4,16
-62,-4,17
-62,-4,17
-62,-3,17
-63,-3,16
-63,-4,16
-61,-3,18
-62,-4,17
-63,-4,17
-63,-4,16
-62,-4,17
-62,-4,17
-62,-3,17
-62,-4,17
-63,-4,16
-62,-3,17
-63,-3,16
-62,-4,17
-62,-3,17
-62,-3,18
-62,-4,17
-62,-3,17
-62,-4,17
-62,-3,16
-62,-4,17
-62,-4,17
-62,-4,17
-62,-4,18
-62,-4,18
-62,-4,17
-62,-4,17
-62,-3,17
-62,-4,17
-62,-4,17
-62,-4,17
-62,-3,17
-62,-4,17
-62,-4,17
-62,-4,17
-63,-4,17
-62,-4,17
-61,-4,19
-60,-5,17
-67,-5,14
-63,-4,15
-62,-4,17
-63,-4,16
-63,-4,16
-62,-4,16
-62,-4,16
-62,-4,17
-62,-4,17
-63,-4,16
-61,-4,17
-62,-4,17
-63,-4,16
-63,-4,17
-61,-4,17
-62,-4,16
-63,-4,16
-63,-4,17
-62,-4,17
-63,-4,16
-62,-4,16
-62,-4,17
-62,-4,17
-62,-4,17
-62,-4,16
-63,-4,16
-63,-5,16
-62,-4,16
-62,-3,17
-63,-4,17
-62,-4,17
-61,-4,17
-62,-4,17
-62,-4,17
-63,-5,16
-62,-4,17
-62,-4,16
-63,-4,16
-62,-4,17
-62,-4,17
-62,-4,17
-62,-4,17
-62,-4,17
-62,-4,16
-63,-4,16
-63,-4,16
-62,-4,16
-62,-4,17
-62,-4,17
-62,-4,17
-62,-4,17
-62,-4,17
-62,-4,17
-60,-3,16
-66,-5,16
-62,-4,17
-63,-5,16
-62,-4,16
-62,-4,17
-62,-4,16
-62,-5,16
-62,-4,17
-62,-5,16
-64,-3,15
-63,-4,16
-62,-4,16
-63,-4,16
-62,-4,16
-62,-4,16
-62,-5,16
-63,-5,16
-63,-4,15
-63,-4,16
-63,-4,16
-63,-4,16
-63,-4,16
-62,-4,17
-63,-4,16
-59,-3,17
-66,-5,14
-62,-4,17
-63,-4,15
-63,-4,16
-63,-4,16
-62,-4,15
-62,-4,16
-62,-4,16
-63,-4,16
-62,-4,16
-63,-4,16
-63,-4,16
-62,-4,16
-62,-4,16
-62,-4,15
-62,-4,16
-63,-4,16
-63,-4,16
-63,-4,15
-63,-4,16
-63,-4,16
-63,-4,16
-62,-4,16
-63,-4,15
-63,-4,16
-62,-4,16
-63,-4,15
-63,-4,15
-62,-4,16
-62,-4,16
-62,-5,16
-63,-4,15
-63,-4,14
-62,-4,17
-63,-5,16
-62,-5,15
-63,-5,15
-62,-5,15
-63,-5,14
-64,-5,12
-62,-5,14
-63,-5,14
-63,-5,13
-63,-5,12
-64,-5,13
-65,-5,12
-64,-5,12
-63,-3,14
-62,-4,15
-63,-3,15
-63,-4,14
-62,-4,15
-64,-4,14
-63,-4,15
-63,-4,15
-63,-3,15
-64,-3,14
-61,-4,15
-63,-3,15
-63,-3,15
-63,-4,14
-63,-3,14
-63,-3,14
-62,-4,14
-63,-3,15
-63,-3,15
-63,-3,14
-63,-3,15
-63,-3,15
-63,-3,15
-62,-4,15
-63,-3,14
-63,-4,15
-62,-4,15
-63,-4,15
-63,-3,15
-62,-3,15
-63,-3,14
-63,-3,14
-63,-3,15
-63,-4,14
-63,-4,14
-63,-4,14
-63,-4,14
-63,-3,15
-63,-3,15
-63,-4,14
-62,-4,14
-64,-4,13
-63,-4,14
-63,-4,14
-63,-4,14
-63,-4,14
-63,-4,14
-63,-4,15
-63,-4,14
-63,-3,14
-63,-4,14
-64,-4,13
-63,-3,14
-63,-4,14
-63,-4,13
-63,-4,14
-63,-3,14
-62,-4,14
-63,-3,13
-63,-3,14
-63,-4,13
-63,-4,13
-63,-4,14
-63,-4,14
-63,-3,13
-63,-3,14
-64,-3,14
-62,-3,15
-63,-4,13
-63,-3,14
-63,-3,14
-63,-4,14
-63,-4,13
-63,-3,14
-63,-3,14
-63,-3,14
-63,-4,13
-63,-3,14
-63,-3,15
-63,-4,14
-63,-4,13
-62,-3,15
-63,-3,15
-63,-4,13
-63,-4,14
-63,-3,14
-63,-4,14
-63,-3,14
-63,-3,14
-62,-3,14
-63,-3,15
-63,-3,15
-62,-3,15
-62,-3,14
-64,-4,14
-64,-4,14
-62,-3,15
-63,-3,14
-64,-3,14
-63,-4,15
-63,-3,14
-63,-3,15
-63,-4,15
-62,-3,15
-63,-4,15
-63,-4,15
-63,-3,14
-63,-4,14
-63,-4,14
-63,-3,14
-63,-3,15
-63,-4,15
-63,-3,14
-63,-3,15
-62,-3,15
-63,-3,14
-63,-3,15
-62,-3,15
-63,-4,14
-63,-4,14
-62,-4,15
-63,-4,15
-63,-3,15
-63,-3,15
-63,-4,15
-63,-4,15
-62,-3,14
-63,-4,14
-62,-4,15
-63,-4,14
-63,-4,14
-62,-3,15
-63,-3,14
-63,-4,15
-63,-4,15
-63,-4,14
-63,-3,14
-63,-4,14
-63,-4,15
-63,-4,15
-63,-3,15
-63,-3,15
-63,-3,15
-63,-3,15
-62,-3,15
-63,-3,14
-63,-3,15
-62,-3,15
-63,-4,15
-63,-3,14
-63,-3,15
-63,-4,15
-63,-3,15
-63,-3,15
-63,-3,15
-63,-4,15
-63,-3,14
-63,-3,15
-63,-3,15
-63,-3,15
-63,-4,15
-62,-4,15
-63,-3,14
-63,-3,15
-63,-4,16
-63,-3,15
-63,-3,15
-63,-3,15
-63,-4,15
-62,-4,15
-63,-3,15
-63,-3,15
-63,-4,15
-63,-4,15
-63,-3,16
-62,-3,15
-63,-3,15
-63,-3,15
-63,-4,15
-63,-3,15
-63,-3,15
-63,-3,16
-63,-4,16
-63,-3,16
-63,-3,16
-62,-3,16
-63,-4,16
-62,-4,15
-62,-3,16
-63,-3,15
-63,-4,15
-63,-3,16
-63,-3,15
-63,-3,16
-62,-3,16
-63,-3,15
-63,-3,15
-62,-4,16
-63,-4,15
-62,-3,15
-62,-3,16
-63,-3,16
-63,-3,16
-62,-3,16
-63,-3,15
-63,-4,16
-63,-3,15
-62,-3,15
-63,-3,15
-63,-4,16
-62,-3,16
-62,-2,16
-63,-3,16
-63,-4,15
-62,-3,16
-63,-3,16
-62,-3,16
-63,-3,16
-63,-3,14
-63,-4,14
-63,-3,15
-63,-3,16
-63,-4,15
-63,-3,15
-62,-3,15
-63,-3,14
-63,-4,15
-63,-3,15
-63,-3,16
-63,-3,16
-62,-3,16
-62,-2,16
-65,-2,14
-64,-4,11
-60,-1,11
-63,-3,12
-63,-5,13
-62,-6,14
-61,-6,13
-63,-4,14
-63,-4,13
-66,-5,11
-64,-4,12
-63,-4,13
-63,-5,14
-72,-8,9
-62,-5,14
-61,-1,14
-66,-10,13
-61,-8,13
-61,-7,12
-60,-10,7
-55,-11,7
-48,-10,5
-56,-10,-7
-66,-16,-32
-87,-12,-30
-63,-4,-21
-63,-9,-26
-59,-6,-18
-62,-6,-19
-61,-7,-17
-62,-6,-19
-63,-6,-19
-62,-7,-15
-61,-8,-13
-63,-7,-16
-63,-7,-16
-63,-7,-15
-63,-7,-14
-62,-7,-10
-62,-6,-7
-63,-7,-10
-64,-7,-13
-64,-7,-13
-63,-7,-12
-63,-7,-10
-63,-7,-9
-63,-7,-12
-64,-7,-12
-62,-8,-10
-64,-7,-12
-63,-7,-11
-63,-7,-9
-63,-7,-10
-63,-7,-9
-63,-7,-9
-63,-7,-10
-63,-7,-10
-62,-7,-9
-64,-7,-9
-64,-7,-10
-64,-7,-10
-64,-7,-10
-63,-6,-7
-63,-6,-8
-64,-6,-9
-64,-7,-10
-63,-7,-9
-64,-6,-9
-63,-7,-8
-64,-7,-10
-64,-7,-10
-63,-6,-8
-63,-7,-8
-64,-7,-9
-64,-6,-8
-63,-7,-8
-64,-7,-9
-63,-7,-8
-63,-7,-8
-64,-7,-9
-64,-6,-8
-63,-7,-7
-64,-6,-8
-64,-7,-8
-64,-7,-9
-64,-6,-7
-64,-7,-8
-64,-7,-7
-64,-6,-8
-64,-6,-7
-64,-7,-7
-64,-7,-7
-64,-7,-7
-64,-7,-8
-64,-7,-7
-63,-7,-6
-64,-6,-7
-64,-6,-7
-64,-7,-7
-64,-6,-7
-64,-7,-7
-64,-7,-7
-64,-7,-8
-64,-7,-7
-63,-6,-6
-64,-7,-6
-64,-6,-7
-64,-7,-6
-64,-7,-6
-64,-6,-7
-64,-7,-7
-64,-7,-7
-64,-7,-7
-63,-6,-6
-64,-7,-6
-64,-7,-7
-64,-7,-8
-64,-7,-6
-64,-7,-7
-64,-7,-7
-64,-7,-7
-64,-7,-6
-64,-7,-6
-64,-7,-7
-64,-7,-7
-63,-7,-7
-64,-7,-7
-64,-7,-7
-64,-7,-7
-64,-7,-6
-64,-7,-7
-64,-7,-6
-64,-7,-6
-64,-7,-6
-64,-6,-6
-64,-6,-6
-64,-6,-6
-64,-7,-6
-64,-7,-5
-64,-7,-5
-64,-7,-6
-64,-6,-5
-64,-6,-6
-64,-6,-7
-64,-6,-6
-64,-7,-6
-64,-7,-6
-64,-7,-5
-64,-7,-5
-64,-6,-5
-64,-6,-5
-64,-6,-5
-64,-6,-5
-64,-6,-5
-64,-7,-6
-64,-7,-5
-64,-7,-5
-64,-7,-5
-64,-6,-4
-64,-6,-5
-64,-6,-6
-64,-7,-5
-64,-7,-6
-64,-7,-5
-64,-7,-5
-64,-7,-5
-64,-7,-5
-64,-6,-6
-65,-6,-6
-64,-6,-3
-64,-6,-2
-64,-6,-4
-64,-6,-4
-64,-6,-4
-64,-6,-3
-64,-6,-3
-64,-6,-3
-64,-6,-4
-64,-6,-4
-64,-6,-4
-64,-6,-4
-64,-6,-4
-64,-6,-4
-64,-6,-4
-64,-6,-4
-64,-5,-3
-64,-6,-3
-64,-6,-3
-64,-6,-4
-64,-6,-4
-64,-6,-3
-64,-6,-4
-64,-6,-3
-63,-6,-2
-65,-6,-5
-65,-5,-4
-64,-5,-4
-64,-5,-3
-64,-5,-4
-64,-6,-5
-64,-6,-4
-64,-6,-4
-64,-6,-5
-65,-6,-4
-64,-5,-4
-64,-6,-5
-64,-6,-5
-64,-6,-4
-64,-6,-5
-64,-6,-5
-64,-6,-5
-64,-6,-4
-64,-6,-5
-64,-5,-4
-64,-5,-4
-64,-6,-5
-64,-6,-4
-64,-6,-4
-64,-6,-5
-64,-6,-4
-64,-6,-4
-64,-5,-4
-64,-5,-4
-64,-5,-5
-64,-6,-4
-64,-5,-4
-64,-5,-3
-64,-6,-3
-64,-6,-3
-64,-6,-2
-64,-6,-3
-65,-6,-5
-64,-5,-4
-65,-5,-4
-65,-6,-4
-64,-6,-4
-64,-6,-4
-64,-6,-3
-64,-5,-4
-64,-6,-3
-64,-6,-3
-65,-6,-4
-65,-6,-4
-64,-5,-3
-64,-5,-4
-64,-5,-4
-64,-6,-4
-65,-6,-4
-64,-5,-3
-64,-5,-3
-64,-5,-3
-64,-6,-3
-64,-5,-4
-64,-5,-4
-64,-6,-3
-64,-6,-3
-64,-5,-3
-64,-6,-4
-64,-5,-3
-64,-5,-3
-64,-5,-3
-64,-5,-3
-64,-6,-4
-65,-5,-4
-64,-5,-2
-64,-5,-2
-64,-5,-3
-64,-5,-2
-63,-7,-3
-64,-5,-5
-63,-8,-7
-65,2,-6
-64,-5,-4
-64,-5,-5
-63,-6,-5
-65,-7,-9
-65,-8,-10
-63,-7,-5
-63,-7,-4
-64,-7,-5
-65,-7,-6
-63,-6,-2
-63,-6,-1
-63,-10,-5
-64,-10,-6
-64,-9,-7
-65,-8,-7
-64,-9,-4
-63,-8,-2
-64,-7,0
-63,-7,1
-64,-7,0
-64,-6,-1
-65,-8,-1
-64,-8,-1
-63,-8,0
-64,-8,-1
-65,-7,-1
-64,-8,-1
-65,-6,-2
-63,-8,-1
-64,-8,-1
-64,-7,-1
-64,-7,-1
-64,-8,-1
-64,-7,-1
-63,-8,0
-64,-8,0
-64,-8,-2
-64,-7,-1
-64,-7,-1
-64,-8,-1
-64,-7,-1
-64,-7,-1
-64,-8,-1
-65,-8,-1
-64,-8,-1
-64,-8,0
-64,-8,0
-64,-7,0
-64,-7,0
-64,-7,0
-64,-8,0
-64,-8,0
-64,-8,0
-64,-7,0
-64,-7,0
-64,-7,0
-64,-7,0
-64,-8,0
-64,-7,0
-64,-7,1
-64,-7,1
-64,-7,0
-64,-7,0
-64,-7,0
-64,-7,0
-64,-7,0
-64,-7,0
-64,-7,1
-64,-7,1
-64,-7,0
-64,-7,0
-64,-7,0
-64,-7,0
-64,-7,1
-64,-7,1
-64,-8,1
-64,-7,1
-64,-8,1
-64,-8,1
-64,-7,1
-64,-7,1
-64,-7,1
-64,-7,1
-64,-8,1
-64,-7,1
-64,-7,1
-64,-7,1
-64,-7,1
-64,-7,1
-64,-7,1
-64,-7,2
-64,-7,1
-64,-7,1
-64,-7,1
-64,-7,1
-64,-7,1
-64,-7,1
-64,-7,1
-64,-7,1
-64,-7,2
-64,-8,1
-64,-7,1
-64,-7,1
-65,-7,1
-64,-7,2
-64,-7,2
-64,-7,2
-64,-7,2
-64,-7,2
-64,-7,2
-64,-7,2
-64,-7,2
-64,-7,1
-64,-7,2
-64,-7,2
-64,-7,3
-64,-7,2
-64,-7,2
-64,-7,2
-64,-7,2
-64,-7,2
-64,-8,2
-64,-7,2
-64,-7,2
-64,-7,2
-64,-7,2
-64,-7,2
-64,-7,2
-64,-7,2
-65,-7,2
-65,-7,2
-64,-8,3
-64,-7,3
-64,-7,1
-64,-7,2
-64,-8,2
-64,-8,3
-64,-8,3
-64,-8,2
-64,-8,2
-64,-8,2
-64,-7,2
-64,-7,2
-64,-8,2
-64,-7,2
-64,-7,2
-64,-7,2
-64,-7,2
-64,-7,3
-64,-7,2
-64,-8,2
-64,-7,2
-64,-7,3
-64,-7,2
-64,-7,3
-64,-7,3
-64,-7,2
-64,-7,3
-64,-7,3
-64,-7,3
-64,-7,2
-64,-7,3
-64,-7,2
-64,-7,3
-64,-8,3
-64,-8,2
-64,-7,4
-64,-7,3
-64,-7,3
-64,-7,3
-64,-7,3
-64,-8,3
-65,-8,2
-64,-7,3
-64,-7,3
-64,-7,3
-64,-7,3
-64,-7,3
-64,-7,2
-64,-8,3
-64,-7,3
-64,-7,3
-63,-6,4
-64,-7,3
-64,-7,3
-64,-7,4
-64,-7,3
-64,-6,3
-64,-7,3
-64,-8,3
-64,-7,3
-64,-7,4
-63,-7,5
-64,-7,4
-64,-7,4
-64,-7,4
-64,-7,4
-64,-7,3
-64,-7,4
-64,-7,3
-64,-7,4
-64,-7,4
-64,-7,3
-64,-7,3
-64,-7,3
-64,-7,3
-64,-7,4
-64,-7,3
-64,-7,3
-64,-8,3
-64,-7,3
-64,-7,4
-64,-7,2
-64,-7,3
-64,-7,3
-64,-7,3
-64,-7,2
-64,-8,2
-64,-7,3
-64,-7,3
-64,-7,2
-64,-7,3
-64,-7,2
-64,-8,3
-64,-8,3
-64,-7,4
-64,-7,3
-64,-7,3
-64,-7,3
-64,-7,3
-64,-7,3
-64,-7,3
-64,-7,3
-64,-7,3
-64,-7,3
-64,-7,3
-64,-7,3
-64,-7,3
-64,-7,3
-64,-7,3
-64,-7,3
-64,-8,3
-63,-7,4
-64,-7,3
-64,-7,3
-64,-7,4
-64,-7,3
-64,-7,3
-64,-7,3
-64,-7,4
-64,-7,3
-64,-7,3
-64,-7,3
-64,-7,3
-64,-7,3
-64,-7,3
-64,-7,3
-64,-7,3
-64,-7,4
-64,-7,3
-64,-7,3
-64,-7,3
-64,-7,4
-64,-7,3
-64,-7,3
-64,-7,3
-64,-7,3
-64,-7,3
-64,-7,3
-64,-7,4
-64,-7,3
-64,-7,3
-64,-8,3
-64,-7,3
-64,-6,4
-64,-7,3
-64,-7,3
-64,-7,3
-64,-7,3
-64,-7,3
-64,-7,3
-63,-9,3
-65,-7,3
-64,-6,3
-64,-7,3
-64,-6,3
-64,-7,3
-64,-7,4
-64,-6,3
-65,-6,2
-64,-7,3
-64,-6,3
-64,-7,3
-64,-6,3
-63,-7,3
-64,-7,3
-65,-7,3
-64,-6,4
-64,-7,4
-64,-7,3
-64,-7,3
-64,-6,4
-64,-6,4
-64,-5,3
-64,-6,4
-64,-7,4
-64,-7,3
-64,-7,3
-64,-7,4
-64,-7,4
-64,-6,4
-64,-6,4
-64,-6,4
-64,-6,4
-64,-7,4
-64,-7,4
-64,-6,4
-64,-6,4
-64,-7,4
-64,-7,3
-64,-7,4
-64,-6,4
-64,-6,4
-64,-7,4
-65,-7,4
-65,-7,4
-64,-7,4
-64,-5,4
-64,-6,5
-64,-8,4
-64,-6,4
-64,-6,4
-64,-7,4
-64,-6,4
-64,-6,4
-64,-7,4
-65,-7,4
-64,-7,4
-64,-7,5
-64,-6,4
-64,-7,4
-64,-7,5
-64,-7,4
-64,-7,4
-64,-7,4
-64,-7,5
-64,-7,4
-64,-7,3
-64,-7,3
-64,-7,4
-64,-7,4
-64,-7,4
-64,-7,4
-64,-6,4
-64,-6,4
-64,-7,4
-65,-6,4
-64,-6,4
-64,-7,5
-64,-7,4
-64,-7,4
-64,-6,5
-64,-7,4
-64,-7,4
-64,-7,4
-64,-7,4
-64,-7,4
-64,-6,4
-64,-7,4
-64,-7,4
-66,-7,3
-65,-7,3
-64,-7,4
-64,-7,4
-64,-7,3
-64,-7,3
-64,-7,3
-64,-6,4
-64,-7,3
-64,-6,3
-64,-6,2
-65,-6,2
-64,-6,2
-65,-6,2
-64,-7,3
-64,-7,4
-64,-8,3
-64,-6,3
-65,-6,4
-60,-8,7
-65,-6,6
-65,-6,1
-64,-6,4
-66,-6,2
-65,-7,2
-64,-7,3
-62,-6,4
-69,-5,4
-66,-4,6
-66,-7,7
-68,-5,8
-66,-4,9
-67,-6,8
-70,-7,11
-70,-9,11
-71,-9,14
-71,-11,17
-73,-12,22
-74,-13,22
-57,-13,20
-67,-23,18
-62,-17,22
-57,-22,20
-53,-25,19
-46,-28,24
-51,-27,21
-42,-29,16
-46,-30,20
-47,-29,27
-45,-31,25
-40,-34,26
-38,-34,30
-37,-36,29
-34,-37,26
-28,-36,28
-29,-35,31
-25,-35,41
-25,-35,41
-24,-34,38
-28,-35,36
-32,-35,41
-28,-34,41
-28,-40,33
-33,-40,32
-36,-35,46
-26,-41,44
-24,-41,32
-31,-34,30
-39,-34,35
-35,-38,38
-36,-41,36
-47,-40,30
-51,-41,32
-40,-36,34
-37,-33,29
-43,-35,26
-44,-34,28
-45,-37,31
-43,-36,30
-54,-33,33
-55,-35,33
-47,-42,36
-30,-38,29
-40,-30,22
-56,-29,27
-53,-45,46
-50,-40,44
-33,-35,34
-32,-35,27
-41,-33,15
-38,-30,17
-39,-25,17
-38,-24,18
-48,-17,24
-58,-13,22
-70,-4,27
-78,1,24
-78,7,18
-71,5,21
-71,5,17
-67,2,14
-62,-3,12
-66,-6,11
-77,-19,17
-64,-7,14
-60,-6,16
-60,2,18
-61,1,16
-64,1,12
-64,0,10
-66,1,5
-65,-7,5
-66,-2,3
-66,-2,3
-65,-1,4
-64,-1,5
-65,-4,3
-65,-5,2
-63,-6,5
-62,-6,6
-64,-6,4
-64,-7,3
-65,-8,1
-65,-7,2
-63,-6,6
-64,-6,4
-64,-6,4
-64,-7,4
-65,-7,2
-65,-7,2
-63,-6,6
-64,-6,4
-64,-6,4
-64,-7,4
-65,-7,2
-65,-7,3
-64,-6,4
-64,-7,3
-64,-7,3
-64,-6,5
-64,-7,4
-64,-7,4
-64,-7,4
-63,-6,5
-64,-7,5
-64,-6,4
-64,-6,4
-64,-7,4
-64,-7,4
-64,-6,5
-64,-7,5
-64,-6,4
-64,-6,4
-64,-6,4
-64,-6,4
-64,-6,4
-64,-6,3
-64,-7,4
-64,-6,4
-64,-6,4
-64,-6,4
-64,-6,4
-64,-6,3
-65,-7,2
-64,-7,2
-64,-7,1
-64,-7,1
-65,-7,0
-65,-8,-1
-64,-7,0
-64,-7,2
-64,-7,2
-64,-7,0
-65,-7,-1
-64,-7,-1
-64,-8,-1
-63,-7,1
-64,-7,-1
-65,-8,-5
-65,-8,-6
-64,-7,-2
-64,-7,-2
-64,-8,-3
-65,-8,-3
-64,-5,1
-65,-5,0
-65,-3,2
-64,-2,5
-64,-1,5
-64,-1,6
-64,-2,5
-65,-1,3
-65,-1,3
-65,-1,4
-64,-1,3
-65,-1,2
-64,-1,3
-65,-1,3
-65,-1,3
-64,-1,3
-64,-1,3
-65,-1,2
-65,-1,3
-65,-1,1
-65,-1,2
-65,-1,3
-65,-1,2
-65,-1,2
-64,-1,3
-64,-1,3
-64,-1,3
-65,-1,2
-64,-1,2
-64,-1,4
-65,-2,1
-65,-2,1
-65,-4,0
-65,-4,0
-65,-4,0
-64,-4,0
-65,-5,0
-65,-5,0
-65,-5,1
-64,-4,2
-65,-4,1
-64,-5,3
-65,-5,2
-66,-4,1
-66,-1,3
-73,-1,1
-60,8,15
-70,-1,13
-71,-1,16
-79,-4,16
-62,1,25
-65,2,25
-50,7,31
-38,7,30
-39,8,33
-34,5,45
-24,2,51
-19,-1,55
-11,-2,47
-23,-5,59
-25,-4,61
-41,-5,52
-43,-5,55
-27,-7,71
-23,-10,69
-24,-11,63
-16,-12,65
-12,-11,59
-18,-8,60
-7,-2,67
-4,0,64
2,3,62
3,4,63
0,4,63
-6,3,62
-1,5,66
-2,5,65
-3,3,69
-2,5,71
2,3,63
-3,4,56
-7,5,64
-10,7,59
7,4,72
3,5,74
-8,-2,51
2,2,56
10,2,62
0,1,65
-2,1,66
0,0,63
-6,-1,61
1,-6,63
-1,-3,64
-9,0,65
-15,0,64
-26,-2,63
-33,-2,56
-40,-5,44
-47,-5,40
-56,-5,32
-56,-5,33
-58,-6,26
-61,-3,28
-61,-1,39
-59,-2,35
-54,-5,35
-54,-6,36
-57,-9,33
-56,-11,35
-58,-13,36
-55,-15,35
-55,-16,34
-54,-17,36
-52,-17,35
-49,-18,34
-50,-18,34
-46,-19,35
-44,-19,35
-49,-19,31
-50,-19,32
-53,-21,27
-53,-21,27
-53,-23,26
-53,-23,21
-55,-20,14
-55,-19,13
-55,-19,10
-54,-18,8
-61,-19,10
-60,-20,10
-57,-20,11
-58,-20,9
-59,-19,5
-56,-18,3
-58,-14,0
-60,-13,-4
-60,-10,-11
-70,-9,-5
-71,-8,-2
-63,-6,-6
-66,-6,-5
-69,-5,1
-68,-4,5
-67,-5,10
-66,-4,10
-64,-1,14
-66,0,17
-64,1,15
-61,0,20
-61,3,25
-63,3,28
-59,4,34
-61,5,33
-67,7,35
-56,5,35
-58,1,26
-56,3,53
-55,1,49
-51,-3,48
-51,-8,43
-48,-9,39
-38,-14,41
-37,-13,44
-30,-13,44
-26,-11,53
-29,-8,53
-28,-4,50
-26,-1,57
-26,8,55
-21,19,48
-1,14,71
-9,10,66
-25,14,65
-25,10,66
-30,8,63
-30,12,72
-39,4,72
-38,7,66
-9,-2,65
-5,-4,64
0,-19,58
2,-22,60
-12,-27,52
-15,-27,44
-27,-21,41
-36,-15,44
-48,-10,41
-44,-5,48
-56,3,42
-48,0,40
-53,3,34
-50,4,30
-54,3,26
-60,1,20
-54,-3,25
-68,-9,32
-76,-5,36
-72,1,27
-60,-5,22
-53,-7,26
-55,-6,29
-56,-6,37
-55,-12,29
-62,-11,25
-61,-9,28
-58,-3,28
-62,-2,26
-60,-3,26
-58,-5,25
-60,-7,21
-60,-7,21
-63,-6,18
-64,-6,17
-62,-7,17
-62,-6,18
-62,-6,17
-62,-6,17
-62,-7,18
-62,-7,19
-61,-4,22
-60,-6,18
-64,-6,14
-66,-6,9
-64,-6,11
-61,-6,17
-60,-7,18
-62,-6,16
-64,-6,13
-63,-6,15
-62,-6,16
-62,-6,15
-63,-6,14
-63,-6,15
-62,-6,15
-62,-6,15
-62,-6,15
-63,-6,15
-63,-6,15
-62,-7,15
-63,-6,14
-62,-6,15
-63,-6,14
-62,-6,15
-63,-6,14
-63,-6,14
-63,-6,14
-62,-6,15
-63,-6,14
-63,-6,14
-63,-6,14
-63,-7,14
-62,-6,15
-62,-6,16
-62,-7,14
-63,-7,12
-63,-7,14
-62,-7,14
-62,-7,14
-63,-7,14
-63,-7,13
-62,-7,14
-62,-7,15
-62,-7,14
-63,-7,13
-63,-7,13
-63,-7,14
-63,-8,14
-62,-7,14
-62,-6,14
-63,-7,13
-63,-8,14
-63,-7,14
-63,-7,14
-62,-7,15
-62,-7,14
-63,-7,14
-63,-7,15
-62,-7,15
-63,-7,14
-63,-7,14
-62,-7,15
-62,-7,15
-63,-7,14
-63,-7,15
-62,-7,16
-62,-7,16
-62,-6,16
-62,-6,16
-63,-7,15
-63,-6,15
-62,-5,17
-62,-5,16
-63,-6,15
-63,-6,15
-62,-6,16
-62,-6,16
-62,-6,16
-63,-6,16
-62,-6,16
-62,-6,16
-62,-6,16
-62,-6,16
-62,-6,16
-62,-6,16
-62,-6,16
-62,-6,16
-62,-6,16
-62,-7,16
-62,-6,16
-62,-6,16
-62,-6,16
-63,-6,16
-62,-6,16
-63,-6,16
-62,-6,16
-62,-6,16
-62,-6,16
-62,-6,16
-62,-6,16
-62,-6,16
-62,-6,16
-62,-6,17
-62,-6,17
-62,-5,17
-62,-5,17
-62,-6,16
-62,-6,17
-62,-6,17
-62,-6,17
-62,-6,17
-63,-6,16
-62,-6,17
-62,-6,17
-62,-6,17
-62,-5,17
-62,-6,17
-62,-6,17
-62,-5,17
-62,-6,17
-62,-6,17
-63,-6,17
-63,-6,17
-62,-6,17
-62,-6,16
-62,-6,17
-62,-6,17
-62,-6,17
-62,-6,17
-62,-6,17
-62,-6,17
-62,-6,17
-62,-6,17
-62,-6,17
-62,-6,17
-62,-5,17
-62,-5,17
-62,-6,18
-63,-6,16
-62,-6,16
-62,-5,17
-61,-6,18
-62,-7,17
-62,-6,17
-62,-5,18
-62,-5,18
-62,-6,17
-62,-6,17
-62,-5,18
-62,-5,17
-62,-6,17
-62,-5,17
-62,-6,17
-62,-6,17
-62,-5,18
-62,-5,18
-62,-6,17
-62,-5,17
-62,-6,17
-62,-5,17
-62,-5,17
-63,-5,17
-62,-5,17
-62,-6,17
-62,-5,17
-63,-5,17
-62,-6,17
-62,-6,17
-62,-5,17
-62,-6,17
-62,-5,18
-62,-5,17
-62,-5,17
-62,-5,17
-62,-5,17
-62,-6,17
-62,-6,17
-62,-5,17
-62,-5,17
-62,-5,17
-62,-5,17
-62,-5,17
-62,-5,17
-62,-5,17
-62,-5,17
-62,-5,17
-62,-5,17
-62,-5,17
-62,-5,17
-62,-5,17
-62,-6,17
-62,-5,17
-62,-5,17
-62,-5,17
-62,-5,18
-61,-6,17
-62,-5,17
-62,-5,17
-62,-5,17
-62,-5,17
-62,-5,17
-62,-5,17
-62,-5,17
-62,-5,17
-62,-5,17
-62,-5,18
-62,-5,17
-62,-5,17
-62,-5,17
-62,-5,18
-62,-5,17
-62,-6,17
-62,-5,17
-62,-5,17
-62,-5,17
-62,-6,16
-62,-4,17
-62,-5,17
-62,-5,17
-62,-6,17
-63,-4,16
-62,-5,17
-62,-5,17
-62,-5,17
-62,-5,18
-62,-5,17
-62,-5,17
-63,-5,15
-63,-6,15
-64,-6,13
-63,-6,14
-63,-5,15
-62,-6,16
-63,-6,15
-63,-6,16
-61,-6,17
-63,-6,16
-63,-5,16
-63,-5,16
-62,-5,16
-62,-4,17
-62,-5,17
-62,-5,17
-62,-5,17
-62,-4,17
-62,-5,17
-62,-5,17
-62,-4,18
-62,-5,18
-62,-5,18
-62,-4,18
-62,-3,18
-62,-4,19
-60,-5,20
-61,-4,19
-61,-4,20
-61,-4,20
-61,-4,20
-62,-4,19
-62,-3,19
-62,-4,20
-62,-4,19
-61,-3,20
-62,-3,20
-62,-3,19
-62,-4,20
-62,-4,19
-62,-4,19
-62,-4,19
-61,-4,20
-62,-3,19
-63,-4,18
-61,-4,19
-62,-4,19
-62,-4,18
-62,-4,18
-62,-4,17
-63,-5,16
-63,-3,17
-62,-4,18
-62,-4,18
-62,-4,18
-62,-5,18
-62,-5,17
-62,-4,17
-62,-4,18
-62,-4,18
-62,-5,17
-62,-5,17
-62,-4,17
-62,-5,17
-62,-4,18
-62,-4,18
-62,-4,18
-62,-4,18
-62,-4,18
-62,-4,18
-62,-5,17
-62,-5,18
-62,-5,18
-62,-5,17
-62,-5,18
-62,-5,18
-62,-5,18
-63,-4,17
-62,-4,18
-62,-4,18
-62,-4,18
-62,-4,18
-62,-4,17
-62,-5,17
-62,-5,17
-62,-5,17
-62,-5,18
-62,-5,17
-62,-4,18
-62,-5,18
-62,-4,18
-62,-4,17
-62,-5,17
-62,-4,18
-62,-4,18
-62,-5,17
-62,-4,17
-63,-4,18
-63,-5,17
-62,-4,18
-61,-4,18
-63,-5,17
-62,-4,18
-62,-5,18
-62,-5,18
-62,-5,18
-62,-4,17
-62,-4,18
-62,-5,18
-62,-5,18
-62,-5,17
-62,-4,17
-63,-5,17
-62,-6,17
-62,-4,18
-63,-4,17
-62,-5,17
-62,-4,18
-61,-5,18
-62,-5,17
-63,-4,16
-62,-4,17
-62,-5,17
-61,-5,18
-62,-5,17
-63,-5,17
-62,-5,18
-62,-4,17
-62,-5,17
-62,-4,17
-62,-4,17
-62,-5,17
-62,-5,17
-62,-4,17
-62,-4,17
-62,-5,17
-62,-5,17
-62,-4,18
-61,-4,17
-62,-4,17
-62,-4,18
-62,-4,18
-62,-4,17
-62,-5,17
-62,-4,18
-62,-4,18
-62,-4,17
-62,-4,17
-62,-4,18
-62,-5,18
-62,-4,18
-62,-4,17
-62,-4,18
-62,-4,19
-62,-4,18
-62,-4,18
-62,-4,18
-62,-5,18
-62,-4,18
-62,-4,18
-62,-4,18
-62,-4,18
-62,-4,18
-62,-3,18
-62,-4,18
-62,-4,18
-62,-3,18
-62,-3,18
-62,-4,18
-62,-4,17
-62,-4,18
-62,-4,18
-62,-4,18
-62,-4,18
-62,-4,18
-62,-4,18
-62,-4,18
-62,-4,18
-62,-4,18
-62,-4,18
-61,-4,18
-62,-4,17
-62,-4,18
-62,-4,18
-62,-4,18
-62,-4,18
-62,-4,19
-62,-4,18
-62,-4,18
-62,-4,19
-62,-4,18
-62,-4,18
-62,-4,18
-62,-4,18
-62,-4,18
-62,-4,18
-62,-4,18
-62,-4,18
-62,-4,18
-63,-4,17
-62,-4,18
-62,-4,18
-62,-4,18
-62,-4,18
-62,-4,18
-62,-4,18
-62,-4,18
-62,-4,18
-62,-4,18
-62,-4,18
-62,-4,18
-62,-4,18
-62,-4,17
-62,-4,18
-62,-4,19
-62,-4,18
-62,-4,18
-62,-4,18
-62,-4,18
-62,-4,18
-62,-4,18
-62,-4,18
-62,-4,18
-62,-4,18
-62,-4,18
-62,-4,18
-62,-4,18
-62,-4,18
-62,-4,18
-62,-4,18
-62,-4,18
-62,-4,18
-62,-4,18
-62,-4,17
-62,-4,18
-62,-4,17
-62,-4,18
-62,-4,18
-62,-4,18
-62,-4,18
-62,-4,18
-62,-4,18
-63,-4,17
-62,-4,17
-63,-4,17
-62,-3,18
-62,-3,18
-64,-3,17
-63,-4,17
-61,-3,19
-61,-3,19
-62,-3,17
-63,-4,17
-61,-3,19
-61,-3,19
-62,-3,18
-62,-4,18
-62,-3,18
-61,-4,18
-62,-3,17
-62,-3,17
-62,-4,18
-62,-4,18
-62,-4,18
-62,-4,17
-63,-4,17
-61,-4,19
-61,-4,19
-62,-4,18
-62,-4,18
-63,-3,18
-63,-3,18
-62,-3,19
-61,-3,19
-62,-3,19
-62,-3,20
-61,-3,21
-61,-3,21
-61,-3,22
-61,-3,22
-61,-3,23
-60,-3,23
-61,-3,24
-61,-3,25
-58,-3,27
-58,-3,28
-57,-2,30
-56,-2,32
-54,-2,35
-53,-2,35
-53,-2,35
-54,-2,36
-54,-3,34
-54,-2,35
-54,-3,36
-54,-2,36
-54,-3,36
-54,-2,37
-53,-1,38
-51,-3,40
-48,-2,41
-42,-2,48
-40,0,50
-36,6,58
-29,3,58
-20,2,57
-21,-1,58
-31,4,58
-28,5,59
-25,3,56
-38,11,58
-35,9,66
-15,3,62
-18,4,60
-35,18,56
-25,5,57
-27,2,55
-30,6,57
-21,9,59
-37,14,60
-32,13,59
-16,9,61
-27,8,59
-27,5,60
-27,8,60
-29,8,61
-20,14,62
-19,16,60
-24,7,55
-5,-12,57
-26,2,58
-22,5,60
-24,6,58
-24,5,57
-27,6,57
-32,6,57
-28,5,58
-27,5,58
-26,4,59
-28,2,61
-35,5,54
-28,2,59
-27,6,61
-25,5,59
-22,14,60
-26,16,61
-26,16,66
-21,18,67
-16,14,69
-16,10,66
-16,9,67
-18,7,67
-18,4,67
-19,0,66
-18,-4,68
-27,-16,69
-34,-16,72
-32,-9,72
-25,-5,69
-12,-3,61
-10,-3,59
-6,-6,54
-4,-10,52
-5,-13,53
-6,-15,53
-5,-19,56
-3,-19,57
5,-23,58
5,-22,58
9,-24,57
10,-23,55
11,-26,54
10,-27,54
13,-28,54
14,-28,54
17,-28,53
19,-29,51
22,-29,51
24,-30,48
26,-30,46
27,-30,45
27,-30,44
29,-31,43
30,-30,43
34,-31,41
36,-31,40
35,-33,39
35,-34,38
36,-33,37
37,-34,36
38,-33,35
40,-34,35
41,-32,34
41,-33,33
40,-33,32
39,-34,32
42,-34,34
43,-34,35
42,-32,34
43,-31,32
44,-30,31
43,-30,32
43,-29,32
44,-30,32
44,-30,33
44,-30,33
45,-30,32
47,-30,31
47,-31,31
44,-31,32
44,-31,31
45,-30,31
44,-30,31
45,-29,32
46,-29,32
48,-29,34
49,-31,33
46,-29,32
45,-31,30
45,-30,30
45,-29,30
46,-27,30
47,-26,29
47,-25,30
48,-25,29
49,-24,29
49,-25,29
48,-25,30
49,-24,30
49,-25,32
49,-24,31
49,-24,30
48,-24,30
48,-24,29
49,-25,29
49,-25,30
50,-25,30
50,-24,30
49,-25,30
49,-25,30
50,-25,29
51,-26,28
50,-26,28
50,-27,28
50,-26,28
49,-27,29
49,-27,31
49,-27,31
49,-27,30
48,-26,29
48,-26,30
48,-26,30
49,-25,31
49,-25,31
48,-24,30
49,-25,29
49,-25,29
49,-25,30
49,-24,29
51,-24,27
51,-24,27
50,-25,26
50,-25,26
53,-23,10
63,-22,-2
60,-16,-26
43,-10,-24
26,-8,9
25,-12,6
-7,-12,31
-16,-16,41
-27,-22,62
-29,-5,73
-28,15,71
-30,36,103
-21,39,86
-19,49,84
-14,53,95
-3,47,89
2,40,82
1,39,81
7,27,70
7,22,72
14,23,69
25,14,82
14,17,82
-10,12,71
-14,7,67
-20,-4,46
-26,-9,34
-32,-19,31
-28,-22,28
-40,-23,19
-44,-25,17
-46,-27,-2
-52,-24,-9
-46,-18,-1
-48,-17,-3
-55,-11,-9
-58,-7,-8
-67,-5,-12
-68,-5,-11
-68,-5,-11
-67,-5,-12
-65,-4,-14
-63,-4,-15
-65,-3,-15
-67,-2,-11
-72,-1,-10
-74,2,-10
-75,4,-8
-75,6,-1
-80,9,9
-79,16,8
-63,15,-7
-92,22,25
-94,25,26
-100,19,26
-87,13,35
-65,-3,36
-61,-7,30
-53,-14,33
-48,-13,36
-40,-14,39
-30,-14,35
3,-23,30
13,-29,30
22,-37,21
19,-42,21
10,-42,24
7,-43,25
4,-50,26
11,-51,25
28,-47,25
38,-44,32
55,-36,40
53,-35,37
44,-31,35
41,-31,36
37,-32,33
33,-34,32
29,-34,33
32,-33,40
36,-34,41
40,-33,42
38,-33,40
34,-33,38
35,-32,41
36,-32,40
36,-31,41
37,-32,40
38,-31,40
37,-32,40
38,-31,39
40,-30,37
33,-29,30
41,-31,36
62,-29,46
45,-34,41
36,-36,39
28,-39,35
26,-41,32
30,-41,34
29,-40,32
27,-40,27
45,-39,38
43,-40,29
47,-44,23
48,-44,25
48,-40,27
47,-39,25
44,-37,29
44,-35,34
45,-36,40
43,-36,39
36,-37,40
33,-38,40
28,-41,40
24,-41,39
17,-43,40
11,-45,37
7,-46,35
6,-46,36
-1,-50,33
-3,-52,33
-3,-55,30
-3,-57,28
-3,-57,28
-3,-58,27
-7,-57,26
-8,-55,26
-1,-50,22
1,-45,19
-7,-37,25
-14,-34,29
8,-31,30
24,-35,15
36,-32,14
58,-25,19
61,-18,16
86,-9,11
103,-7,15
110,-10,21
92,-15,23
60,-21,22
48,-25,21
30,-30,26
24,-31,25
32,-28,29
35,-26,30
44,-21,36
49,-19,38
58,-15,38
60,-15,39
57,-15,39
54,-17,37
48,-20,36
43,-21,34
40,-19,31
45,-20,29
52,-16,33
54,-15,33
52,-15,36
50,-17,33
55,-16,27
46,-19,31
53,-15,31
56,-13,32
53,-13,33
54,-16,32
60,-16,34
53,-21,39
46,-24,41
45,-20,49
46,-19,50
38,-13,44
33,-12,47
35,-13,51
27,-11,49
16,-11,52
13,-12,54
12,-13,51
7,-14,51
9,-15,61
11,-15,63
1,-19,64
6,-18,69
10,-19,68
9,-18,63
10,-13,57
8,-11,58
6,-9,63
13,-5,59
17,-5,61
12,-9,62
8,-9,62
15,-7,58
15,-7,61
9,-8,63
4,-7,63
6,-4,67
5,-6,66
7,-12,62
4,-14,60
5,-11,58
3,-9,60
-6,-13,62
-14,-13,61
-10,-12,67
-10,-13,62
-13,-15,60
-12,-16,61
-19,-17,55
-22,-16,56
-32,-16,61
-30,-18,61
-33,-16,56
-30,-15,56
-38,-15,53
-43,-10,47
-41,-9,45
-42,-9,47
-44,-11,46
-45,-17,40
-44,-16,44
-47,-13,52
-47,-15,48
-41,-16,43
-40,-17,41
-43,-14,46
-43,-15,45
-42,-15,42
-41,-15,43
-39,-17,44
-38,-18,45
-39,-20,49
-41,-21,49
-37,-23,50
-34,-24,52
-31,-23,51
-24,-24,49
-25,-24,47
-28,-26,49
-27,-28,48
-27,-30,48
-26,-30,49
-26,-30,51
-26,-31,51
-26,-34,52
-26,-36,54
-25,-43,55
-24,-45,60
-26,-37,69
-29,-33,65
-23,-34,44
-16,-37,39
-6,-37,43
-6,-32,46
-5,-29,57
-6,-28,63
-11,-30,61
-11,-31,57
-15,-33,47
-16,-34,50
-15,-35,54
-14,-32,54
-15,-28,56
-11,-26,59
-3,-27,57
2,-27,55
13,-21,51
16,-19,48
-8,-12,55
-11,-13,59
-12,-13,56
-18,-14,53
-19,-15,57
-20,-17,59
-18,-20,58
-16,-20,56
-18,-18,57
-26,-16,55
-31,-15,55
-36,-15,56
-41,-13,56
-43,-14,54
-43,-14,53
-49,-19,48
-60,-24,44
-62,-26,47
-61,-26,49
-53,-21,48
-42,-18,47
-19,-15,45
-11,-12,44
1,-9,39
7,-8,38
19,-2,38
19,1,35
32,6,29
55,13,24
77,58,127
64,17,7
46,27,24
62,12,44
43,14,27
53,8,27
52,7,26
59,4,21
62,5,22
65,10,20
67,13,21
63,14,17
60,17,15
63,18,14
64,20,12
66,20,11
66,21,9
61,22,7
61,22,8
62,22,8
61,23,7
58,22,7
59,22,7
59,22,7
59,22,8
58,23,7
56,25,7
56,26,5
56,26,4
56,25,4
58,28,4
58,28,2
56,29,2
55,27,1
57,30,0
56,30,0
58,31,-1
59,32,0
55,29,0
56,29,0
55,31,-1
56,30,-1
57,32,0
56,32,0
56,30,0
54,31,-1
55,31,-2
54,32,-2
55,32,-2
55,32,-2
55,32,-2
55,32,-2
54,34,-2
55,34,-3
57,33,-3
55,31,-2
55,30,-2
56,31,-1
56,30,-2
54,31,-2
53,32,-2
54,32,-4
55,32,-5
56,31,-6
56,32,-5
59,30,-6
58,30,-5
57,32,-6
55,31,-5
55,30,-3
55,30,-3
57,30,-2
57,30,-1
57,29,2
56,29,2
53,29,1
53,27,2
57,26,1
54,28,0
53,29,-2
54,30,-2
58,32,0
55,29,-3
54,31,-2
52,31,-1
53,29,1
56,25,-2
55,28,-1
59,26,0
59,28,-1
59,26,-2
57,29,-2
56,28,-4
55,28,-6
55,28,-5
57,28,-6
58,28,-6
59,28,-5
58,28,-5
58,27,-6
57,27,-6
56,28,-6
57,26,-7
56,26,-7
58,25,-8
57,25,-8
59,24,-8
59,24,-8
60,23,-9
62,23,-9
60,23,-9
59,22,-10
60,23,-9
64,22,-8
64,22,-6
61,21,-7
59,20,-6
60,21,-3
59,20,-4
62,19,-1
60,17,-1
60,16,0
58,16,0
59,16,1
59,17,2
61,17,2
61,17,2
62,17,3
62,16,2
62,16,1
62,17,2
62,16,2
60,17,3
60,15,3
60,14,3
60,13,3
62,13,3
63,13,3
60,12,3
61,14,4
61,15,2
62,14,3
62,14,3
63,14,3
61,13,2
62,13,3
62,11,3
63,11,3
62,9,3
62,9,3
62,9,4
63,9,4
61,8,4
62,8,4
62,7,3
61,6,3
63,6,4
66,5,4
63,5,5
61,4,5
63,3,5
65,1,5
61,0,9
62,-1,8
61,-1,9
60,-2,10
63,-2,9
63,-1,11
60,-2,11
61,-3,12
60,-3,12
62,-7,11
62,-7,11
61,-7,13
61,-7,14
58,-7,11
58,-6,12
55,-4,12
54,-4,12
54,-1,11
57,-1,12
58,-2,11
60,-1,13
65,2,8
65,3,7
68,5,12
69,6,13
63,7,13
60,7,11
60,6,14
71,7,17
61,8,16
61,8,17
62,8,17
58,8,15
58,8,15
61,10,18
61,10,18
58,11,14
60,10,15
60,12,18
61,12,20
60,13,19
61,14,20
59,14,20
58,14,20
58,14,19
57,15,20
58,14,19
61,13,19
61,13,20
61,13,22
58,13,25
58,13,25
57,14,24
55,15,23
53,16,24
55,16,24
55,16,23
54,16,24
55,16,24
55,17,23
54,17,24
54,17,25
56,18,26
54,18,25
53,18,25
57,17,26
57,18,27
54,18,25
53,18,26
53,20,26
52,19,24
53,21,24
53,21,24
55,20,28
58,20,28
58,19,29
58,19,28
54,20,25
53,19,25
53,22,26
52,22,27
53,24,25
51,24,24
53,22,27
54,24,27
53,23,25
52,25,26
51,25,27
52,22,26
52,22,28
54,21,29
54,21,29
53,20,29
52,20,30
52,21,29
52,21,29
52,21,30
52,21,29
52,21,29
52,21,29
50,21,28
48,20,28
48,22,28
46,24,26
46,24,25
48,24,25
51,23,21
47,24,21
39,26,36
42,28,45
49,27,37
29,21,27
46,6,21
56,-5,11
44,-9,10
19,-13,15
22,-14,33
-45,-1,15
-44,-40,-16
-54,-29,-6
-70,-18,8
-110,-15,-5
-111,-14,-7
-89,4,29
-96,8,35
-112,11,34
-95,11,30
-71,12,29
-64,14,33
-71,25,45
-68,24,43
-72,14,16
-59,15,13
-60,16,13
-67,18,15
-51,24,25
-48,26,32
-48,22,39
-47,26,46
-55,23,26
-53,25,26
-54,28,28
-55,25,31
-51,21,23
-58,18,10
-72,16,5
-70,15,-18
-65,14,-22
-60,18,-20
-50,23,-9
-69,23,-13
-66,22,-14
-63,18,-28
-62,17,-26
-58,15,-20
-56,13,-19
-55,16,-17
-61,18,-17
-70,20,-10
-66,21,-4
-53,18,3
-52,20,3
-56,20,1
-59,21,3
-63,21,5
-67,19,6
-61,22,5
-60,20,0
-58,20,-5
-67,17,-14
-69,16,-15
-53,16,-16
-58,16,-11
-58,17,-9
-53,17,-10
-50,19,-10
-60,20,-13
-65,20,-13
-60,20,-13
-64,22,-14
-68,23,-14
-64,24,-11
-62,23,-11
-62,23,-14
-59,23,-13
-59,23,-12
-59,22,-10
-59,23,-8
-59,23,-9
-61,23,-9
-61,23,-8
-57,23,-8
-57,23,-7
-59,25,-7
-59,24,-7
-66,29,-12
-66,27,-5
-63,27,-7
-57,24,-10
-54,22,-7
-58,23,-4
-56,22,-4
-53,18,-8
-59,20,-10
-63,22,-9
-63,22,-10
-57,21,-12
-57,22,-12
-71,17,-19
-69,17,-19
-63,15,-19
-60,16,-16
-55,15,-5
-54,17,0
-54,17,0
-58,19,-1
-60,19,-2
-58,19,0
-51,17,5
-48,17,6
-39,21,18
-44,27,27
-84,49,17
-77,46,11
-59,40,9
-48,27,3
-50,26,6
-59,29,14
-61,29,16
-59,29,15
-57,28,13
-57,29,10
-57,29,10
-57,29,10
-58,28,10
-58,28,11
-58,28,11
-58,29,13
-58,29,12
-58,29,11
-58,28,10
-58,28,10
-58,29,10
-58,29,9
-57,29,9
-58,29,9
-58,29,9
-58,29,9
-58,29,9
-57,29,10
-58,29,10
-58,29,10
-57,29,9
-57,28,9
-59,28,10
-59,29,10
-58,29,10
-58,29,9
-58,29,9
-58,29,9
-58,29,9
-57,29,9
-58,29,9
-58,29,9
-57,29,9
-58,29,9
-58,29,9
-58,29,9
-58,29,9
-58,29,9
-58,29,9
-58,29,9
-58,29,9
-57,29,9
-58,29,9
-58,29,9
-57,29,9
-58,29,10
-57,30,9
-58,29,9
-58,29,9
-58,29,9
-58,29,9
-57,29,10
-57,29,9
-58,29,9
-57,29,9
-57,29,9
-58,29,9
-58,30,9
-57,29,9
-57,30,8
-57,29,9
-57,29,9
-57,29,9
-58,29,9
-58,29,9
-58,30,9
-58,30,9
-57,30,8
-57,29,8
-58,30,9
-57,30,9
-57,29,9
-57,29,9
-58,29,9
-58,29,9
-58,29,9
-58,29,9
-57,29,9
-57,29,9
-57,29,9
-57,30,9
-57,30,9
-57,30,9
-57,30,8
-57,30,8
-57,30,8
-58,29,8
-58,29,8
-58,29,9
-58,29,9
-57,30,9
-58,29,9
-58,30,9
-57,30,9
-57,29,9
-57,29,8
-58,29,8
-57,29,9
-58,29,8
-58,29,8
-58,29,8
-58,29,8
-58,29,8
-58,29,8
-58,29,8
-58,29,9
-58,29,8
-58,29,8
-58,29,8
-58,29,8
-58,29,8
-58,29,8
-58,28,8
-58,29,8
-58,28,8
-58,29,8
-57,29,8
-57,29,8
-58,29,8
-59,29,7
-58,29,7
-58,28,7
-58,28,7
-58,29,8
-58,28,8
-58,29,8
-58,29,8
-58,29,8
-58,29,8
-58,29,8
-57,29,8
-58,29,7
-58,28,8
-58,28,8
-58,29,8
-58,29,8
-58,29,8
-57,29,8
-58,29,7
-58,30,7
-57,30,8
-57,30,8
-57,30,8
-58,30,8
-57,30,8
-57,30,8
-58,29,8
-58,29,8
-57,29,8
-57,29,8
-57,30,8
-57,30,8
-57,30,8
-57,30,8
-58,30,8
-57,30,7
-57,30,7
-57,30,7
-57,30,7
-57,30,7
-57,29,7
-58,30,8
-58,30,8
-58,30,7
-58,29,8
-58,30,7
-58,29,7
-58,30,7
-57,30,7
-57,30,6
-58,29,6
-58,29,7
-58,29,7
-58,29,7
-58,29,7
-58,30,7
-58,30,7
-58,30,7
-58,29,7
-58,29,7
-58,28,7
-58,29,7
-58,30,7
-58,29,6
-58,30,7
-58,30,7
-58,30,7
-58,30,7
-58,30,8
-57,30,8
-58,31,8
-58,31,8
-56,32,9
-56,32,9
-58,35,7
-58,35,7
-55,34,8
-56,34,8
-56,34,7
-57,34,8
-56,33,10
-56,32,11
-55,35,13
-54,36,14
-49,42,16
-46,44,12
-47,43,5
-48,44,7
-52,46,9
-54,44,12
-56,45,16
-52,37,16
-47,38,16
-37,36,21
-42,36,19
-49,34,15
-50,34,16
-49,41,20
-44,45,22
-37,44,17
-38,46,17
-38,49,20
-41,49,19
-43,53,18
-42,50,15
-36,44,14
-36,43,16
-35,48,23
-33,47,26
-37,45,26
-39,45,27
-39,43,29
-36,43,33
-31,44,38
-28,43,37
-29,43,31
-32,43,30
-37,41,30
-42,40,34
-39,42,34
-34,45,24
-34,50,21
-36,54,22
-32,51,24
-35,54,23
-36,59,24
-32,55,21
-33,51,17
-36,56,15
-38,59,13
-31,59,12
-29,53,13
-37,55,14
-31,51,12
-37,44,1
-50,53,0
-55,57,-1
-66,52,0
-67,49,25
-63,45,34
-70,39,33
-62,34,45
-52,24,46
-39,16,47
-31,13,48
-29,5,39
-29,1,33
-24,-2,34
-31,-1,33
-39,16,47
-31,13,48
-29,5,39
-29,1,33
-24,-2,34
-31,-1,33
-28,-2,35
-34,-1,37
-32,5,54
-30,2,51
-30,5,45
-47,7,51
-24,8,74
-16,9,76
0,7,71
-8,4,65
-18,-1,66
-16,-1,65
-10,5,69
-7,6,64
-14,5,61
-13,6,60
-8,10,62
-9,9,61
-13,8,61
-11,8,63
-11,7,62
-12,7,64
-10,5,63
-11,4,64
-11,5,64
-11,3,63
-12,2,63
-11,3,63
-12,2,63
-12,1,63
-11,1,64
-11,1,63
-12,0,63
-11,-1,62
-11,-1,62
-12,1,65
-11,0,64
-12,-1,63
-11,0,63
-11,0,63
-11,-1,62
-11,0,63
-12,0,65
-11,-1,63
-12,-1,63
-11,-1,63
-10,-1,64
-10,0,63
-10,-1,62
-12,-1,63
-12,2,66
-10,2,65
-11,2,64
-11,1,62
-11,2,63
-11,4,62
-13,3,63
-12,5,65
-12,5,62
-13,5,63
-11,7,62
-12,7,63
-12,8,62
-13,7,62
-15,12,64
-15,14,63
-21,22,66
-24,24,66
-23,27,42
-16,33,34
-16,36,30
-24,31,37
-33,32,32
-27,29,38
-26,28,32
-27,22,38
-29,22,43
-39,27,57
-40,31,63
-39,37,57
-38,13,99
-73,42,93
-50,23,72
-62,16,22
-58,18,23
-47,26,41
-41,28,44
-35,26,45
-35,29,46
-34,31,41
-31,30,39
-29,29,39
-27,30,42
-28,38,45
-28,38,44
-30,37,45
-29,37,48
-24,39,51
-22,38,48
-28,35,43
-29,36,46
-26,37,48
-23,36,47
-26,37,40
-28,41,44
-27,41,45
-27,39,42
-26,39,42
-31,40,45
-33,41,47
-29,40,46
-28,38,44
-28,38,43
-28,39,43
-28,40,43
-28,41,42
-26,41,40
-26,41,41
-28,41,43
-26,40,45
-26,39,43
-27,39,43
-28,40,43
-27,39,44
-27,41,44
-27,42,44
-24,42,42
-26,43,42
-15,44,45
-15,45,45
-20,44,43
-21,44,43
-21,43,44
-23,43,44
-21,43,44
-20,44,44
-19,44,43
-18,45,43
-15,45,44
-16,47,44
-16,46,43
-14,46,43
-13,47,43
-14,48,44
-14,49,43
-14,48,41
-14,49,42
-13,49,42
-14,48,42
-14,49,43
-12,49,42
-13,51,40
-17,52,39
-13,53,39
-12,54,40
-12,52,41
-12,52,39
-14,49,33
-17,49,34
-20,51,38
-24,45,40
-20,45,45
-18,45,45
-20,43,44
-25,42,40
-27,43,41
-26,41,41
-25,40,40
-26,39,42
-27,37,41
-26,34,41
-28,34,40
-22,41,46
-26,42,48
-29,45,38
-29,43,35
-31,43,36
-33,44,35
-33,45,33
-33,47,32
-34,49,29
-35,50,27
-29,53,41
-18,50,45
-28,46,30
-30,45,29
-28,46,37
-30,50,33
-28,49,31
-26,52,36
-24,52,35
-25,51,30
-28,51,28
-28,52,28
-27,52,27
-26,52,27
-28,52,30
-25,50,31
-25,51,32
-27,51,30
-23,50,28
-21,51,28
-21,51,29
-26,54,29
-27,56,31
-23,55,30
-22,54,29
-21,53,30
-21,55,31
-22,56,27
-20,56,30
-16,57,32
-17,55,29
-14,57,30
-13,55,25
-12,57,26
-11,59,23
-9,62,26
-6,62,25
-6,61,25
-7,60,23
-5,60,23
-4,61,20
-2,61,20
1,61,21
0,61,23
0,59,22
-1,58,23
4,56,29
2,57,24
-9,64,19
-5,66,23
-1,64,26
-3,61,23
-2,62,22
-1,60,22
0,58,25
0,58,26
-2,60,25
-1,59,23
4,52,27
9,52,33
2,63,18
-6,73,22
-7,72,28
3,68,14
8,63,10
10,54,20
7,51,23
7,57,24
9,61,22
1,63,24
0,62,26
5,60,23
7,59,21
7,60,21
9,61,20
10,62,20
9,62,20
10,62,19
10,63,18
9,66,21
10,67,20
14,70,17
15,70,14
14,68,11
14,67,12
16,63,16
17,62,19
19,60,23
26,54,18
29,53,13
54,51,24
49,58,32
24,63,38
13,62,32
8,54,17
7,48,12
-3,44,11
-8,44,5
39,43,5
26,48,1
23,50,4
30,52,4
21,53,2
9,54,4
15,61,-11
24,62,-16
41,76,-21
36,78,-16
10,68,-8
11,65,-8
24,62,-17
25,61,-17
21,60,-13
20,61,-10
22,63,-8
25,64,-7
24,63,-7
21,62,-3
21,61,-1
21,60,-2
20,59,-2
21,59,-4
21,59,-6
21,59,-8
21,59,-8
23,62,-7
22,62,-7
22,62,-5
22,62,-4
20,61,-6
21,60,-7
21,60,-5
21,60,-4
22,60,-5
22,59,-5
22,60,-9
24,59,-10
23,59,-8
23,60,-6
23,60,-8
22,60,-8
22,60,-6
21,60,-6
22,60,-6
22,61,-6
22,61,-6
22,60,-8
22,60,-7
22,60,-7
22,60,-7
23,60,-8
23,60,-7
22,60,-6
22,59,-6
22,60,-6
23,60,-7
22,60,-6
23,60,-6
23,60,-7
23,59,-7
22,60,-6
23,60,-7
23,60,-8
23,60,-7
23,60,-7
23,60,-7
23,60,-6
23,60,-7
23,60,-7
23,60,-7
23,60,-7
22,60,-7
22,60,-6
23,60,-6
22,60,-6
22,60,-6
22,59,-6
23,60,-7
23,60,-7
23,59,-7
23,59,-6
22,59,-6
22,60,-6
23,60,-6
23,60,-7
23,60,-6
23,60,-7
22,60,-7
23,60,-7
23,60,-7
23,60,-8
23,60,-7
23,60,-6
23,60,-7
23,60,-7
22,60,-6
22,60,-7
23,60,-7
23,60,-7
23,60,-7
23,59,-8
23,59,-8
23,59,-7
23,60,-7
23,60,-7
23,60,-7
23,60,-6
23,60,-7
23,60,-7
23,60,-7
23,60,-7
23,60,-7
23,60,-8
23,60,-7
23,60,-7
23,60,-8
23,60,-7
23,60,-6
23,59,-7
23,59,-6
23,60,-7
23,60,-7
23,60,-7
23,60,-7
23,60,-7
23,59,-7
23,60,-7
23,60,-7
23,60,-7
23,60,-7
23,60,-6
23,59,-6
22,59,-7
23,59,-7
23,60,-7
23,60,-7
23,60,-7
23,60,-7
23,60,-8
23,60,-8
23,60,-7
23,59,-7
23,60,-7
23,59,-7
24,59,-7
23,59,-7
24,59,-8
24,59,-7
24,59,-7
23,59,-8
23,60,-7
23,60,-7
23,60,-8
24,60,-7
23,59,-7
23,59,-7
23,59,-7
23,60,-7
24,59,-7
23,59,-7
24,59,-8
23,59,-7
24,60,-7
24,60,-8
24,59,-7
23,59,-7
23,59,-7
23,59,-6
24,59,-7
24,60,-7
24,59,-7
24,59,-7
24,59,-8
23,59,-7
23,59,-7
23,59,-7
24,60,-7
24,60,-7
23,60,-8
23,59,-7
24,59,-7
24,59,-7
24,59,-7
24,59,-7
23,59,-7
24,59,-8
23,59,-7
24,60,-7
24,59,-7
24,59,-7
24,59,-7
23,59,-6
23,59,-7
23,59,-7
24,59,-7
24,59,-7
24,59,-7
24,59,-8
24,59,-7
23,59,-7
24,59,-7
23,59,-7
23,59,-7
24,59,-7
24,60,-7
23,59,-7
23,59,-7
24,59,-7
24,59,-7
24,59,-7
24,59,-7
24,59,-7
24,60,-7
24,60,-7
24,59,-8
24,59,-8
23,59,-7
23,59,-7
23,60,-7
24,60,-7
24,60,-7
24,59,-7
24,59,-7
24,59,-7
24,59,-7
24,59,-7
24,59,-7
23,60,-7
24,59,-7
24,59,-7
24,60,-7
24,59,-7
24,59,-7
24,59,-7
24,59,-7
24,59,-7
24,59,-7
24,59,-7
24,60,-7
24,60,-7
24,59,-7
24,59,-7
24,59,-7
23,59,-6
24,59,-7
24,59,-6
24,60,-6
24,59,-7
24,59,-7
24,59,-7
24,59,-7
24,59,-7
24,59,-7
24,59,-7
24,59,-7
24,59,-7
24,59,-7
24,59,-6
24,59,-7
24,59,-7
24,59,-7
24,59,-7
24,60,-6
24,59,-7
23,59,-6
24,60,-6
24,60,-7
24,60,-7
24,59,-6
24,59,-6
23,59,-6
24,59,-6
24,59,-7
24,59,-7
24,59,-7
24,59,-7
24,59,-6
24,59,-6
24,60,-7
24,60,-7
24,59,-6
24,59,-6
24,59,-6
24,59,-6
24,59,-6
24,59,-6
24,59,-6
24,59,-7
24,59,-6
24,59,-7
24,59,-7
24,60,-7
24,59,-7
24,59,-7
24,59,-6
23,59,-6
24,59,-6
24,59,-7
24,59,-7
24,59,-7
24,59,-7
24,59,-6
24,60,-7
24,59,-7
24,59,-6
24,60,-7
24,60,-7
24,60,-6
24,59,-7
24,59,-7
24,59,-6
24,59,-7
24,59,-7
24,59,-7
24,60,-6
24,59,-7
23,60,-6
24,60,-6
24,60,-7
24,59,-6
24,59,-6
23,59,-6
24,59,-7
24,59,-6
24,59,-6
24,60,-6
24,59,-7
24,59,-7
24,60,-7
24,60,-6
24,59,-6
24,60,-6
24,59,-7
24,59,-7
24,59,-6
24,59,-7
24,59,-6
24,59,-6
24,59,-6
24,59,-6
25,60,-6
27,61,-5
30,62,-19
28,62,-9
26,63,-6
26,64,-9
27,64,-9
27,63,-6
26,62,-2
22,61,5
23,61,7
17,55,9
16,55,14
18,58,18
15,55,17
-4,52,18
-13,54,22
0,57,31
-13,56,25
-11,56,24
-25,51,16
-32,53,29
-29,55,30
-39,51,23
-36,53,27
-31,48,45
-28,55,51
-38,49,44
-46,45,35
-44,44,32
-38,45,36
-38,41,31
-42,42,28
-38,42,33
-36,44,35
-35,41,30
-36,38,32
-33,37,37
-22,34,40
-14,29,38
-15,40,43
-26,42,45
-38,49,40
-36,46,34
-33,44,34
-34,44,35
-33,43,35
-29,43,36
-28,43,40
-27,42,41
-31,44,42
-32,44,41
-30,44,34
-26,45,32
-26,48,38
-26,48,39
-26,47,40
-25,46,37
-24,47,35
-26,51,31
-25,53,29
-22,56,28
-21,56,29
-22,53,36
-24,49,37
-29,48,35
-29,47,34
-27,50,34
-27,50,35
-28,51,34
-29,51,34
-28,49,34
-27,48,34
-27,47,33
-29,46,33
-30,47,34
-31,47,35
-28,46,36
-27,46,34
-27,46,35
-27,46,37
-26,46,38
-25,46,38
-24,46,39
-27,46,41
-27,45,41
-27,45,40
-25,44,40
-24,44,39
-24,44,40
-25,45,41
-26,46,41
-33,50,42
-35,54,47
-39,57,47
-35,56,50
-23,53,58
-24,46,55
-25,37,53
-26,31,51
-26,25,40
-22,23,40
-13,21,45
-13,22,48
-6,20,53
-7,21,56
-7,22,58
-8,21,58
-8,20,60
-4,19,63
-7,16,55
-5,18,56
-1,14,57
-7,12,61
-8,18,61
-1,11,62
-1,12,63
-6,10,61
-6,10,61
-6,12,63
-5,12,63
-3,12,55
0,13,56
-12,13,61
-15,13,63
-15,10,64
-12,9,64
-13,11,64
-16,11,65
-13,11,66
-13,11,64
-14,12,60
-14,11,59
-11,8,60
-8,11,60
-4,17,59
-8,9,60
-4,9,56
-13,19,52
-10,17,73
3,15,68
2,15,68
-5,13,69
-9,13,70
-2,8,66
1,14,61
-12,16,47
-5,15,48
-3,11,55
2,14,57
-1,21,61
-5,19,58
-4,18,53
-3,18,52
3,18,52
4,21,50
9,26,53
3,30,55
-26,27,50
-36,26,54
-75,18,39
-70,10,33
-50,-2,41
-52,10,31
-47,21,22
-60,27,20
-57,41,43
-58,72,99
-14,55,99
-40,39,9
-68,49,24
-51,45,20
-45,53,22
-46,51,16
-46,48,14
-53,48,13
-54,49,11
-50,49,8
-46,52,7
-44,62,-1
-45,65,-2
-44,74,1
-42,73,0
-34,68,1
-34,66,2
-29,65,5
-27,61,5
-33,57,2
-34,57,3
-31,52,7
-30,49,8
-27,43,9
-31,43,12
-33,43,12
-34,43,13
-36,42,14
-39,41,17
-41,41,19
-46,38,20
-51,36,21
-49,35,28
-48,33,30
-46,33,37
-44,32,38
-37,32,43
-34,30,43
-31,27,44
-26,28,50
-29,25,51
-24,25,51
-20,21,52
-21,20,50
-11,21,52
-15,13,49
-10,21,58
-11,20,54
-9,22,57
-8,14,58
-8,12,60
-8,11,60
-8,10,59
-10,10,60
-11,11,61
-11,10,61
-8,9,63
-11,11,61
-13,7,62
-9,7,62
-3,18,63
-7,5,67
-3,4,62
-5,8,62
-6,8,61
-1,14,63
-3,11,70
-3,9,72
-1,14,73
-17,12,63
-10,10,63
-4,10,66
-13,0,52
-5,14,53
-5,19,54
-3,9,64
-7,14,64
-13,20,60
-10,15,60
-8,15,64
-8,15,65
-5,13,63
-4,13,62
-7,13,61
-7,14,58
-7,14,56
-6,16,53
-2,16,51
4,21,50
-3,17,46
-9,19,43
-10,21,41
-33,21,27
-40,27,29
-52,31,21
-60,29,16
-57,42,27
-50,40,28
-37,41,25
-41,42,22
-47,42,16
-43,40,13
-39,43,15
-39,45,15
-40,48,12
-43,52,12
-37,56,9
-42,59,8
-36,54,8
-42,54,5
-50,55,6
-52,59,23
-66,66,27
-33,50,14
-36,59,12
-53,54,4
-54,48,2
-62,45,7
-57,44,4
-59,46,11
-57,47,17
-49,43,16
-50,37,16
-66,30,23
-73,30,33
-61,36,41
-56,38,40
-29,34,39
-28,35,35
-37,32,38
-41,29,40
-44,35,44
-43,33,46
-51,32,38
-51,29,34
-39,23,28
-39,27,34
-44,29,39
-50,27,39
-50,26,36
-44,27,42
-49,26,43
-53,26,46
-54,25,45
-50,24,48
-51,25,47
-46,23,48
-44,22,48
-41,21,46
-44,19,44
-42,17,44
-32,22,47
-30,14,50
-37,11,49
-42,9,47
-38,9,47
-36,6,49
-34,5,51
-31,4,49
-33,-2,47
-33,2,49
-31,2,52
-26,12,54
-29,-2,53
-32,-3,54
-34,-1,54
-30,1,55
-31,2,54
-32,8,56
-32,3,57
-26,7,59
-31,-1,53
-32,2,49
-22,3,60
-21,6,58
-22,-1,55
-20,-6,56
-21,6,57
-26,6,61
-28,3,59
-27,1,55
-24,-6,52
-19,0,55
-37,5,58
-25,30,60
-28,51,54
-18,0,56
-26,25,50
-25,18,51
-24,22,55
-25,21,55
-29,24,51
-19,27,64
-15,25,63
-27,20,49
-33,17,50
-34,13,50
-40,14,50
-39,16,51
-40,16,50
-56,16,40
-63,11,36
-64,13,33
-60,12,26
-73,15,0
-85,23,-3
-60,37,1
-49,41,-2
-91,55,-17
-86,63,-14
-62,54,-10
-56,56,-6
-50,47,-6
-52,47,-4
-48,50,-3
-42,49,-1
-37,49,6
-36,50,7
-41,56,7
-42,62,11
-42,59,11
-36,54,12
-35,51,10
-34,48,8
-38,49,9
-38,52,12
-39,48,13
-26,43,12
-25,42,9
-25,43,5
-24,44,3
-32,47,-1
-35,52,0
-41,58,1
-41,61,1
-39,61,4
-39,58,7
-41,52,2
-44,50,1
-46,48,7
-45,46,9
-45,44,11
-49,44,9
-50,43,13
-49,42,16
-52,39,20
-56,38,20
-57,37,20
-54,35,24
-53,33,26
-53,32,27
-51,29,27
-47,24,28
-45,23,30
-44,21,29
-41,21,32
-36,21,36
-37,21,38
-36,23,42
-40,40,39
-42,-4,39
-39,8,48
-47,18,43
-43,17,43
-40,18,39
-34,29,39
-40,26,50
-47,24,46
-44,20,32
-36,15,40
-27,12,65
-44,26,58
-42,12,60
-34,0,46
-37,24,38
-33,35,28
-31,35,27
-20,30,40
-25,18,36
-35,28,34
-36,24,35
-40,30,33
-39,29,27
-11,37,47
-7,39,46
-24,49,43
-36,53,45
-34,52,39
-32,50,36
-27,54,40
-27,52,38
-28,43,23
-23,41,19
-17,47,18
-16,48,19
-22,54,16
-23,57,17
-32,60,13
-34,60,3
-31,56,14
-25,66,27
-33,63,23
-38,49,14
-34,49,10
-50,60,15
-47,55,33
-50,54,16
-32,48,16
-28,60,25
-29,65,34
-38,65,24
-33,60,26
-43,50,30
-43,41,29
-42,40,36
-44,41,36
-45,38,32
-45,36,32
-45,38,46
-46,43,57
-29,43,57
-39,46,48
-31,41,44
-31,33,34
-31,31,26
-34,26,25
-48,25,41
-54,26,50
-45,21,58
-35,20,50
-32,20,45
-38,25,43
-37,30,44
-37,31,44
-38,31,43
-40,29,42
-42,28,41
-44,28,41
-42,27,40
-38,25,38
-36,25,37
-36,28,41
-38,30,43
-36,31,54
-30,30,56
-33,28,48
-36,28,45
-36,27,47
-35,27,48
-35,27,47
-34,27,47
-34,27,48
-33,27,48
-34,28,47
-34,27,46
-34,27,47
-31,29,48
-32,29,48
-34,27,47
-34,27,48
-31,28,50
-30,29,50
-31,29,49
-33,29,49
-34,30,50
-33,29,50
-35,29,48
-36,28,47
-31,27,53
-32,27,51
-28,25,51
-31,25,51
-29,26,54
-25,32,55
-25,23,52
-30,24,49
-27,28,52
-26,32,49
-25,38,45
-27,28,45
-21,33,59
-30,30,54
-28,15,53
-29,14,54
-29,15,56
-35,17,62
-32,16,55
-31,32,43
-32,55,30
-28,2,37
-31,40,38
-40,31,41
-43,33,41
-46,36,35
-60,44,35
-65,66,40
-57,63,36
-47,49,30
-46,45,30
-54,46,32
-51,47,32
-46,41,31
-43,43,33
-42,42,30
-42,41,29
-44,42,28
-43,40,25
-37,38,20
-49,44,25
-49,48,29
-40,44,25
-39,42,23
-41,42,26
-43,43,27
-42,42,27
-42,40,25
-40,36,22
-38,34,21
-37,29,19
-40,29,18
-45,30,19
-46,30,19
-42,29,20
-42,29,21
-46,30,23
-47,31,24
-44,30,26
-44,29,27
-49,30,27
-49,28,28
-46,25,31
-48,23,30
-50,25,33
-51,14,33
-56,24,35
-54,10,36
-56,71,41
-42,10,39
-43,20,37
-53,26,31
-48,25,30
-38,21,34
-27,18,42
-45,29,40
-47,34,39
-44,17,49
-46,12,53
-49,26,58
-47,22,55
-42,11,45
-43,2,39
-50,64,19
-46,45,19
-27,20,31
-31,28,32
-43,22,30
-41,22,31
-38,35,33
-35,36,33
-39,28,29
-46,35,30
-49,38,30
-49,37,28
-35,43,38
-29,42,37
-38,42,26
-30,42,31
-32,43,29
-24,45,32
-30,44,30
-28,46,27
-28,45,26
-29,48,26
-29,48,25
-28,49,16
-28,50,15
-27,51,15
-28,50,11
-29,56,17
-28,55,17
-32,51,10
-36,55,16
-35,63,25
-39,61,25
-45,61,26
-52,62,28
-39,54,17
-36,51,17
-47,50,14
-50,49,14
-43,51,21
-45,49,19
-50,46,17
-47,40,22
-47,40,24
-55,42,28
-57,44,26
-46,41,25
-45,37,28
-46,38,31
-46,37,33
-40,31,36
-41,33,37
-52,41,50
-53,43,54
-37,36,45
-35,34,38
-27,29,34
-34,29,32
-38,30,42
-40,30,47
-39,29,50
-36,27,49
-38,27,51
-37,26,51
-32,26,44
-32,25,43
-37,26,44
-37,26,46
-34,25,48
-35,24,47
-34,24,47
-32,25,48
-33,26,49
-36,27,47
-37,27,46
-35,28,47
-34,29,49
-33,29,49
-32,29,47
-33,29,45
-33,29,46
-38,29,50
-38,29,50
-33,26,47
-34,26,46
-37,29,48
-34,29,50
-33,29,47
-29,28,47
-32,29,47
-32,30,49
-31,29,51
-32,28,52
-31,28,51
-33,28,48
-30,29,48
-21,36,52
-32,22,47
-33,34,53
-32,33,53
-31,29,49
-31,29,51
-32,27,54
-33,28,54
-35,30,51
-30,26,51
-29,20,48
-34,20,44
-23,17,51
-17,20,57
-37,47,44
-26,35,50
-36,17,56
-30,4,58
-30,13,56
-32,22,62
-34,20,55
-28,2,59
-24,0,57
-22,16,50
-26,23,40
-25,38,40
-24,25,42
-26,22,46
-37,23,41
-63,27,35
-70,35,36
-72,43,21
-70,41,16
-69,38,12
-68,40,14
-60,43,14
-61,46,16
-65,64,37
-66,61,44
-62,39,32
-85,33,15
-54,26,23
-53,27,15
-44,23,19
-43,23,21
-53,25,16
-60,28,15
-62,29,17
-58,30,19
-53,30,22
-51,30,22
-47,29,21
-45,28,19
-42,26,18
-44,26,21
-46,25,18
-44,23,16
-46,24,17
-48,25,17
-48,25,18
-47,27,23
-47,27,21
-50,26,19
-53,26,20
-56,24,18
-55,25,18
-53,25,21
-53,24,22
-54,23,22
-53,23,23
-55,23,25
-55,23,26
-54,25,30
-53,25,31
-52,23,30
-52,24,31
-52,25,36
-44,47,45
-43,17,43
-43,28,44
-47,14,37
-43,23,41
-41,37,42
-37,22,44
-39,19,44
-41,20,44
-40,23,45
-39,23,47
-40,24,46
-38,18,49
-37,18,49
-38,20,48
-41,20,44
-37,24,47
-45,17,42
-38,24,44
-35,19,44
-41,33,31
-45,31,34
-36,-2,46
-42,10,46
-39,27,38
-35,24,41
-36,20,51
-41,25,49
-53,24,46
-50,17,42
-36,21,35
-36,22,28
-37,15,28
-41,33,16
-34,21,25
-42,29,25
-39,25,29
-37,29,27
-40,35,22
-45,38,19
-50,33,21
-51,30,31
-49,27,34
-48,33,31
-57,35,28
-50,29,30
-46,24,29
-52,33,29
-53,34,31
-50,32,29
-51,30,30
-56,32,32
-55,35,31
-54,30,36
-56,29,40
-62,33,40
-65,35,38
-67,36,38
-64,33,40
-59,33,38
-57,38,37
-53,35,39
-47,32,43
-52,35,43
-45,36,38
-32,53,47
-26,17,40
-30,10,36
-36,17,40
-39,13,39
-44,17,36
-35,12,44
-26,15,42
-24,13,47
-53,11,58
-76,8,52
-67,16,45
-53,14,38
-46,17,30
-50,18,30
-58,21,31
-56,25,36
-45,26,41
-45,25,41
-49,21,39
-49,21,38
-48,20,37
-49,21,36
-50,22,36
-50,21,36
-50,22,37
-48,21,38
-48,21,39
-48,21,39
-49,20,39
-53,20,39
-54,20,39
-49,24,45
-46,27,46
-49,22,40
-41,24,47
-41,25,52
-34,24,58
-30,22,55
-30,26,51
-22,29,54
-22,25,50
-21,19,47
-21,18,49
-12,20,58
-4,51,59
-16,-13,49
-12,21,62
-9,17,60
-10,22,60
-9,21,59
-9,16,57
-8,20,56
-7,21,55
-14,19,55
-9,15,55
-9,16,54
-9,22,52
-5,16,60
-9,27,61
-12,23,65
-9,16,67
-17,22,64
-29,25,67
-30,29,70
-34,45,69
-36,56,69
-48,32,50
-47,37,49
-37,38,46
-34,37,45
-32,39,34
-28,38,34
-29,44,41
-33,48,42
-35,53,41
-29,61,41
-21,55,30
-36,51,33
-45,57,38
-43,59,34
-38,56,27
-28,44,19
-24,35,17
-35,34,14
-36,35,18
-31,32,19
-27,32,20
-26,31,19
-29,33,21
-35,39,25
-38,41,25
-42,48,30
-40,50,32
-32,48,34
-33,48,32
-31,44,34
-32,43,33
-34,42,32
-34,43,34
-35,45,36
-37,44,36
-36,42,36
-24,41,38
-24,38,35
-30,41,33
-34,39,35
-39,37,39
-42,38,40
-36,39,46
-29,40,49
-18,38,48
-21,38,45
-19,36,47
-15,36,50
-14,37,53
-18,39,52
-15,32,52
-13,38,55
-21,35,53
-22,33,54
-18,30,53
-17,29,51
-20,35,48
-20,29,46
-13,34,51
-15,30,51
-19,30,51
-13,27,55
-17,40,49
-22,32,46
8,33,59
-8,32,56
-10,35,56
-8,35,59
-9,36,58
-9,34,56
-9,37,53
-10,27,36
-11,24,23
-7,30,27
-6,34,29
-8,31,22
-10,36,27
-17,41,28
-20,40,24
-29,42,18
-28,48,24
-25,58,34
-30,61,34
-34,62,28
-33,63,28
-32,63,27
-32,61,28
-34,52,19
-23,48,11
-27,55,32
-61,85,64
-48,50,2
-40,61,13
-35,59,17
-58,54,7
-53,49,10
-54,46,11
-52,47,14
-43,46,24
-46,48,27
-52,46,23
-55,42,23
-55,39,26
-47,38,24
-39,37,35
-39,39,43
-39,43,45
-41,43,40
-38,38,40
-33,33,42
-29,32,39
-34,34,40
-40,36,39
-39,34,39
-39,34,40
-32,27,45
-11,34,58
2,36,63
-15,33,54
-20,29,53
-23,29,57
-25,28,57
-24,28,53
-25,29,49
-27,30,49
-30,30,49
-32,30,48
-32,29,47
-32,29,48
-30,27,54
-27,27,55
-27,29,51
-29,29,49
-31,28,49
-31,28,49
-30,27,51
-29,27,51
-28,28,52
-27,29,52
-24,30,53
-23,30,54
-29,29,51
-30,27,49
-29,27,51
-28,27,51
-27,28,52
-27,28,52
-27,29,51
-27,29,52
-28,29,51
-30,27,50
-31,27,49
-31,27,50
-31,27,51
-31,26,50
-31,26,50
-32,26,50
-32,26,50
-32,26,50
-31,26,50
-32,26,50
-32,26,50
-32,26,50
-32,26,50
-32,26,50
-31,26,50
-31,26,51
-32,26,50
-33,26,50
-32,25,50
-32,25,51
-32,25,50
-33,26,50
-33,26,50
-33,26,50
-33,26,50
-33,25,50
-33,25,50
-34,25,49
-34,25,48
-34,25,49
-35,25,48
-35,25,48
-35,26,48
-36,25,48
-35,25,48
-35,24,48
-36,25,48
-36,25,48
-37,25,47
-37,25,47
-37,25,47
-37,25,46
-37,24,47
-37,24,47
-38,23,47
-38,23,47
-38,23,47
-38,23,47
-38,23,47
-38,23,46
-39,24,46
-39,23,46
-41,24,45
-40,25,45
-40,26,44
-38,26,45
-40,26,45
-43,22,43
-44,23,41
-46,21,37
-50,25,36
-48,24,37
-48,25,37
-51,25,30
-52,26,31
-53,25,31
-52,24,31
-48,26,31
-52,27,31
-50,27,31
-51,27,28
-54,28,31
-53,26,32
-54,27,25
-52,27,28
-48,25,35
-46,24,37
-45,24,38
-48,25,35
-49,25,35
-48,25,36
-48,26,36
-48,26,37
-49,26,37
-48,25,36
-48,25,35
-48,26,36
-47,26,36
-48,25,37
-47,25,36
-48,26,36
-48,25,36
-47,25,36
-48,25,36
-47,25,36
-48,25,36
-48,25,35
-48,25,35
-48,25,35
-48,25,35
-49,25,35
-49,25,35
-49,25,35
-49,25,35
-47,25,36
-48,25,35
-48,25,35
-48,25,34
-49,25,34
-49,26,34
-50,26,33
-49,26,35
-48,26,35
-48,26,35
-48,25,35
-49,25,34
-48,25,33
-50,26,34
-49,25,33
-49,25,33
-50,25,33
-50,25,33
-50,26,33
-49,25,33
-50,26,33
-50,26,32
-51,26,32
-50,26,32
-50,26,32
-51,26,31
-51,26,31
-51,26,31
-52,26,30
-52,26,30
-52,26,29
-52,26,30
-51,26,31
-50,26,31
-51,26,31
-51,26,31
-51,26,31
-51,26,31
-51,26,32
-50,26,32
-50,25,32
-50,25,32
-51,25,32
-51,26,31
-51,26,31
-51,26,32
-49,25,33
-50,25,31
-52,24,29
-51,25,29
-52,26,29
-53,26,28
-52,26,28
-52,26,29
-52,26,29
-53,26,28
-53,26,29
-52,26,30
-52,26,30
-52,25,29
-52,26,29
-52,25,28
-53,26,28
-53,26,28
-52,26,29
-50,26,32
-51,26,31
-51,26,30
-50,26,32
-50,26,33
-51,26,31
-51,26,32
-50,26,32
-50,26,32
-50,26,32
-51,25,33
-50,25,32
-50,25,32
-51,25,32
-50,25,32
-50,25,32
-51,26,32
-51,26,32
-50,25,32
-50,25,32
-50,25,32
-50,25,32
-50,26,32
-50,25,33
-50,25,33
-50,25,32
-50,25,32
-50,26,32
-50,26,32
-50,26,32
-50,25,33
-50,25,33
-50,25,33
-50,25,32
-50,26,33
-50,26,32
-50,26,32
-50,26,32
-49,25,33
-50,25,33
-50,25,33
-50,26,33
-50,26,33
-50,26,33
-50,26,32
-50,26,32
-50,26,32
-49,26,32
-50,26,32
-50,26,33
-50,26,33
-50,26,33
-50,26,33
-50,26,32
-50,26,32
-50,26,32
-50,26,32
-50,26,33
-50,26,32
-50,26,32
-50,26,32
-50,26,32
-50,26,32
-50,26,32
-50,26,32
-50,26,32
-50,26,32
-50,26,32
-50,26,31
-50,27,32
-50,26,32
-50,26,32
-50,26,32
-50,26,32
-50,26,32
-50,26,32
-50,26,32
-50,26,32
-50,26,32
-50,26,32
-50,26,32
-50,26,32
-50,26,32
-50,26,32
-50,26,32
-50,26,32
-50,26,32
-50,26,32
-50,26,33
-50,26,33
-50,26,32
-50,26,32
-50,26,32
-50,26,32
-50,26,32
-50,26,32
-50,26,32
-50,26,33
-49,26,33
-50,26,32
-50,26,32
-50,26,33
-50,26,32
-50,26,33
-50,26,33
-50,26,33
-50,26,32
-50,26,32
-49,26,33
-50,26,33
-50,26,32
-50,26,32
-50,26,32
-50,27,32
-50,26,32
-50,26,32
-49,26,33
-49,26,33
-50,27,33
-51,27,33
-49,28,32
-49,28,33
-49,27,33
-48,26,34
-50,27,35
-48,27,35
-49,28,37
-48,30,39
-45,29,40
-39,32,43
-35,36,44
-36,26,41
-37,26,44
-39,25,47
-40,26,45
-29,29,51
-26,31,52
-29,25,45
-43,25,41
-38,24,51
-32,26,53
-26,20,49
-28,23,47
-30,19,48
-26,21,53
-35,18,49
-38,18,49
-45,19,52
-46,21,52
-42,20,48
-38,22,47
-38,27,47
-37,29,47
-36,30,45
-37,29,44
-37,29,45
-39,26,45
-40,25,45
-39,25,45
-39,25,45
-40,26,44
-40,26,45
-40,25,45
-40,25,44
-40,25,44
-40,25,44
-40,25,44
-39,26,44
-40,26,45
-40,26,45
-41,26,44
-41,25,44
-41,25,44
-41,25,44
-41,25,44
-41,25,43
-41,25,44
-41,25,44
-41,24,44
-41,24,44
-41,24,44
-41,25,43
-41,25,43
-42,25,44
-42,25,43
-42,24,43
-42,25,43
-42,25,43
-41,25,43
-42,25,43
-42,25,44
-42,24,43
-42,24,43
-42,24,43
-42,24,43
-42,25,43
-42,25,43
-42,24,43
-42,24,43
-42,24,43
-42,24,43
-42,24,43
-42,24,43
-42,24,43
-42,24,43
-42,24,44
-42,24,43
-42,25,43
-42,25,43
-42,25,43
-41,25,43
-42,24,44
-42,24,43
-42,24,43
-42,24,43
-42,24,43
-42,24,44
-42,25,44
-42,24,43
-42,24,43
-42,24,43
-42,25,43
-42,25,43
-42,24,43
-42,24,43
-41,24,43
-42,24,43
-42,24,43
-42,24,43
-43,23,43
-42,24,43
-42,24,43
-43,24,43
-43,24,43
-43,24,43
-43,24,43
-42,24,43
-43,23,43
-43,24,43
-43,23,43
-42,24,43
-42,25,43
-42,24,43
-42,25,43
-42,24,43
-43,23,43
-43,23,43
-43,23,43
-43,23,42
-44,23,42
-44,23,42
-43,22,43
-43,22,43
-44,23,42
-44,23,43
-43,23,42
-44,23,42
-43,23,42
-42,24,43
-44,23,42
-45,22,41
-44,22,42
-44,22,43
-44,22,42
-44,22,43
-44,22,43
-44,21,43
-45,22,42
-44,23,42
-43,23,42
-43,23,42
-43,23,42
-44,23,44
-43,22,44
-45,21,41
-44,22,42
-43,22,43
-43,23,43
-43,22,43
-43,22,43
-46,22,42
-44,22,43
-43,23,42
-43,23,42
-42,25,42
-43,25,43
-46,23,41
-47,21,41
-44,22,42
-43,23,41
-44,22,42
-45,21,43
-45,20,43
-46,20,43
-45,20,42
-44,21,42
-44,21,42
-45,20,42
-46,21,42
-45,21,42
-44,21,42
-45,21,42
-45,20,42
-45,20,43
-45,20,43
-45,20,42
-45,21,41
-45,22,42
-44,22,42
-45,21,42
-45,21,42
-44,22,43
-44,22,43
-45,21,42
-45,21,42
-45,21,42
-45,21,42
-45,21,42
-46,22,42
-45,22,39
-42,20,42
-43,20,41
-53,27,49
-56,25,47
-69,27,44
-78,18,37
-87,6,25
-83,8,25
-76,4,10
-74,4,5
-78,11,22
-76,9,36
-41,5,45
-32,-2,41
-40,-2,29
-38,-4,25
-36,-8,3
-38,-9,-4
-52,-9,-8
-61,-9,-12
-45,-2,27
-47,-11,31
-71,-15,-9
-66,-20,-15
-63,-26,-18
-59,-29,-20
-51,-29,-17
-46,-22,-7
-56,-21,-8
-58,-24,-22
-49,-23,-22
-50,-17,-29
-59,-17,-39
-64,-19,-43
-57,-15,-29
-59,-13,-33
-59,-13,-36
-45,-11,-34
-40,-16,-38
-38,-20,-46
-40,-19,-41
-50,-21,-42
-52,-19,-46
-50,-15,-42
-48,-15,-44
-39,-15,-48
-41,-15,-49
-51,-13,-47
-48,0,-24
-74,13,-33
-68,5,-44
-54,1,-50
-51,-5,-46
-59,-5,-29
-58,-7,-21
-62,-8,-16
-44,-8,17
-36,-6,40
-36,1,52
-42,5,40
-45,8,19
-54,16,31
-52,22,46
-90,44,71
-48,35,67
-38,25,49
-30,37,41
-37,39,40
-37,40,36
-41,40,34
-36,39,41
-34,35,44
-40,32,42
-43,31,39
-39,34,42
-39,35,41
-42,36,38
-44,34,37
-39,34,42
-35,34,43
-33,35,44
-34,34,44
-34,35,45
-31,33,47
-30,32,47
-24,32,43
-21,32,40
-30,36,43
-35,38,43
-29,37,47
-28,34,44
-29,32,40
-31,32,41
-37,36,41
-38,37,40
-40,37,38
-41,37,36
-39,37,32
-44,43,32
-35,51,35
-27,57,35
-29,61,34
-27,52,27
-54,38,30
-59,33,29
-39,45,27
-37,53,23
-48,54,15
-47,51,14
-36,50,5
-42,54,11
-35,55,13
-36,66,7
-51,70,-13
-46,73,-10
-28,72,-7
-7,80,-4
-13,81,-13
-25,84,-18
-9,79,-11
1,75,2
-7,72,8
4,62,8
-6,62,0
-10,59,-5
-14,56,-8
-11,49,-8
-11,47,-10
-15,45,-15
-20,43,-9
-15,47,-10
-13,47,-10
-12,50,-2
-16,53,-7
-24,54,-11
-18,56,-8
-22,60,-7
-24,61,-10
-26,62,-11
-20,62,-9
-18,62,-8
-22,61,-10
-19,63,-11
-24,62,-12
-18,61,-6
-20,61,-9
-18,62,-12
-14,64,-13
-19,63,-13
-19,59,-12
-11,60,-11
-9,62,-13
-14,67,-14
-8,62,-13
-13,60,-14
-14,60,-14
-10,58,-11
-14,61,-3
-15,62,-6
-16,63,-9
-16,62,-10
-13,62,-10
-11,62,-11
-13,63,-13
-12,58,-14
-14,57,-15
-9,57,-14
-20,57,-19
-15,65,-10
-9,66,-8
-23,68,-14
-29,70,-14
-23,66,-13
-20,68,-16
-8,73,2
-7,69,0
-6,63,-11
-4,61,-15
-4,64,-24
-4,65,-26
0,63,-28
1,60,-26
3,56,-23
4,57,-23
3,58,-25
3,58,-25
0,56,-28
-1,55,-30
-5,59,-30
-7,59,-28
-10,57,-27
-10,59,-26
-12,61,-26
-14,60,-24
-11,60,-24
-14,61,-21
-15,60,-19
-17,59,-15
-17,60,-16
-17,60,-17
-19,57,-17
-20,57,-14
-23,58,-12
-25,61,-12
-25,62,-12
-25,62,-11
-24,62,-11
-12,79,-6
-8,92,-7
-17,63,-25
-26,61,-24
-23,79,-18
-41,86,-29
17,88,-14
18,67,-14
11,64,-2
-4,57,-5
-13,54,-7
-26,52,-11
-26,54,-12
-25,57,-12
-19,60,-12
-18,67,-4
-23,70,-4
-30,63,-11
-25,60,-11
-19,54,-3
-22,52,-2
-16,47,-5
-16,46,-12
-20,45,-12
-16,44,-11
-13,43,-12
-12,49,-11
-16,77,-12
-8,91,-24
4,98,-30
8,85,-27
-3,80,-19
-14,79,-25
16,82,-29
14,76,-30
-3,73,-26
-1,64,-23
-15,48,-22
-26,50,-19
-32,49,-19
-34,42,-15
-34,42,-11
-33,36,-4
-34,33,4
-46,35,13
-46,42,12
-54,55,11
-50,55,14
-57,43,16
-53,34,12
-56,41,-20
-51,37,-23
-52,44,-11
-56,45,-9
-55,37,1
-59,34,4
-57,26,11
-48,21,13
-36,17,11
-39,18,10
-55,20,13
-60,23,17
-58,25,10
-54,30,7
-59,40,10
-60,49,30
-52,40,22
-86,47,-6
-93,38,-7
-62,27,-13
-47,20,-13
-46,26,-9
-52,29,-6
-61,34,-5
-59,31,-5
-46,24,-3
-37,23,-2
-29,22,-1
-27,23,-1
-18,26,1
-16,32,1
-18,45,-3
-21,56,-4
-29,103,-21
-32,110,-22
-31,108,-14
-32,114,-12
-45,72,-9
-47,64,-11
-36,69,-15
-28,71,-14
-13,76,-5
-5,66,-1
-5,58,-3
-12,52,-7
-16,50,-8
-26,49,-11
-30,49,-11
-56,51,-28
-3,55,-8
28,53,36
27,64,39
-13,91,-6
-34,99,-26
-30,77,-25
-30,73,-29
-14,77,-18
-15,69,-17
-17,56,-17
-17,51,-16
-22,46,-10
-22,45,-11
-9,57,-16
-1,54,-19
2,48,-17
-3,57,-18
-1,56,-24
-7,63,-25
-10,62,-21
-16,68,-19
-16,81,-25
-25,86,-18
-28,68,-9
-32,66,2
-26,72,3
-16,76,-1
-8,75,2
-6,68,7
4,64,12
37,69,26
10,62,7
-7,59,-1
-13,61,1
-8,61,10
-16,57,8
-26,56,4
-29,59,0
-24,64,-2
-22,68,-2
-21,68,-7
-21,74,-9
-25,84,-10
-27,76,-9
-29,68,-11
-28,72,-12
-21,82,-13
-17,77,-11
-17,73,-10
-19,71,-10
-19,66,-10
-16,61,-11
-15,62,-11
-10,59,-13
-11,56,-14
-14,55,-12
-16,55,-11
-16,53,-11
-16,55,-10
-14,60,-8
-13,58,-7
-13,68,-4
-15,65,-1
-28,60,13
-30,65,16
-19,68,11
-16,73,9
-12,77,16
-10,77,21
-12,74,19
-12,69,18
-25,59,10
-33,56,2
-30,46,-1
-33,46,0
-30,53,8
-30,58,10
-24,58,8
-20,68,10
-21,72,13
-22,70,7
-22,68,6
-20,64,5
-22,68,4
-25,69,2
-25,65,1
-25,65,-1
-25,66,-1
-24,71,-1
-23,73,-1
-16,72,-3
-17,68,-2
-15,65,-2
-18,62,-5
-16,60,-5
-15,61,-7
-16,61,-8
-16,61,-9
-16,55,-9
-17,52,-8
-19,51,-7
-20,53,-7
-16,55,-7
-12,63,-8
-14,75,-9
-15,71,-12
-20,75,-13
-30,72,-5
-36,69,-3
-29,63,-7
-19,66,2
-4,69,52
-23,67,36
-33,55,12
-33,53,7
-30,52,0
-31,55,0
-26,58,4
-25,59,5
-26,58,4
-26,58,4
-23,57,4
-23,58,4
-26,59,0
-26,60,-1
-23,66,3
-20,69,7
-26,66,0
-26,66,-3
-22,63,-3
-19,60,-4
-20,61,-4
-18,58,-3
-18,58,-5
-19,66,-5
-20,67,-6
-20,64,-7
-20,63,-7
-21,63,-8
-21,64,-8
-22,64,-7
-20,63,-7
-19,60,-7
-19,59,-6
-17,60,-7
-17,62,-8
-18,62,-8
-19,58,-8
-21,60,-7
-21,60,-7
-21,62,-5
-20,63,-4
-20,62,-2
-25,64,6
-10,65,30
-42,56,-6
-27,63,2
-34,61,-5
-26,62,-4
-36,64,-8
-27,64,-7
-28,63,-10
-24,63,-8
-24,60,-6
-25,60,-6
-26,58,-7
-26,59,-6
-25,60,-5
-25,61,-5
-20,62,2
-22,62,1
-20,63,1
-21,63,0
-21,63,-2
-21,63,-2
-20,62,-2
-21,62,-3
-21,61,-4
-20,61,-4
-20,60,-4
-20,60,-3
-19,60,-1
-18,61,0
-19,62,1
-18,63,1
-20,63,-1
-20,63,-1
-20,63,0
-20,62,-1
-20,62,0
-21,61,-1
-21,61,-1
-21,61,0
-22,61,0
-22,61,0
-22,61,-1
-22,61,0
-22,61,0
-22,61,0
-22,61,-1
-22,61,-1
-22,61,0
-21,62,-1
-22,62,-1
-21,61,-1
-21,62,-1
-22,61,-1
-22,61,-1
-22,61,-1
-22,61,0
-21,61,-1
-21,62,-1
-21,62,-1
-21,62,-2
-21,62,-2
-21,61,-1
-21,61,-1
-21,61,-1
-22,61,-1
-22,61,-1
-22,61,-1
-23,61,-1
-23,61,-1
-23,62,-1
-22,61,-1
-22,62,-2
-22,61,-2
-21,61,-2
-22,61,-2
-22,61,-2
-22,61,-2
-22,61,-2
-22,61,-2
-22,61,-2
-22,62,-2
-23,61,-2
-22,61,-2
-22,61,-2
-22,61,-2
-22,61,-3
-22,61,-3
-22,61,-3
-22,61,-3
-22,62,-3
-22,61,-3
-22,62,-3
-22,61,-3
-22,61,-3
-23,61,-3
-22,61,-3
-22,61,-3
-22,62,-3
-22,61,-3
-21,61,-3
-22,61,-3
-22,61,-3
-22,61,-3
-22,61,-3
-22,61,-3
-22,61,-3
-22,61,-3
-22,61,-3
-22,61,-3
-22,61,-3
-22,61,-3
-22,61,-3
-22,62,-3
-22,61,-3
-22,62,-3
-22,61,-3
-22,61,-3
-22,62,-3
-22,62,-3
-22,61,-3
-22,61,-3
-22,61,-3
-22,61,-3
-22,61,-3
-22,61,-2
-22,61,-3
-22,61,-3
-22,61,-3
-22,61,-3
-22,61,-2
-22,62,-3
-22,61,-2
-21,61,-2
-21,61,-3
-20,61,-3
-20,62,-4
-21,62,-3
-22,62,-2
-22,62,-2
-22,61,-2
-23,61,-2
-23,61,-3
-22,62,-2
-22,62,-3
-21,61,-2
-21,61,-2
-21,61,-3
-21,61,-4
-20,62,-3
-20,62,-3
-20,61,-2
-21,61,-2
-21,61,-3
-21,61,-3
-21,61,-3
-22,62,-3
-21,62,-3
-21,62,-3
-20,62,-3
-20,62,-3
-20,62,-3
-20,62,-3
-21,62,-3
-21,62,-3
-21,61,-3
-21,62,-3
-21,61,-3
-21,62,-3
-21,61,-3
-21,62,-3
-21,61,-3
-20,62,-4
-20,62,-4
-21,62,-4
-21,62,-3
-20,62,-3
-20,62,-3
-20,62,-4
-20,62,-4
-20,62,-4
-20,62,-4
-20,61,-3
-20,62,-3
-20,61,-3
-20,62,-3
-20,62,-3
-20,61,-4
-20,62,-3
-20,62,-3
-20,62,-4
-20,62,-3
-20,62,-3
-20,61,-4
-21,62,-4
-21,62,-4
-21,62,-3
-20,62,-3
-20,62,-3
-20,62,-4
-20,61,-4
-20,61,-4
-20,61,-4
-21,61,-4
-21,62,-4
-21,62,-3
-21,62,-3
-21,61,-4
-21,61,-3
-21,61,-4
-20,61,-4
-21,62,-4
-21,62,-4
-21,61,-3
-21,61,-4
-20,63,0
-21,61,-2
-31,58,-9
-34,59,-10
-27,61,-5
-27,62,-5
-25,62,-6
-22,62,-6
-17,61,-4
-22,62,-7
-12,62,-2
-18,61,-1
-18,61,-2
-34,61,-10
-30,62,-8
-27,59,-7
-24,60,-5
-22,60,-1
-21,60,0
-20,60,-1
-19,60,-1
-22,60,-4
-23,60,-4
-26,60,-4
-26,60,-4
-26,60,-3
-26,60,-2
-27,60,-3
-27,60,-3
-26,60,-3
-26,60,-3
-26,60,-3
-26,59,-3
-25,59,-3
-26,59,-3
-26,59,-4
-25,59,-4
-25,60,-4
-26,59,-4
-26,60,-4
-25,60,-4
-25,60,-4
-25,60,-4
-25,60,-4
-23,60,-5
-24,60,-4
-26,60,-3
-26,60,-4
-25,60,-4
-25,60,-3
-26,60,-4
-26,60,-4
-26,60,-5
-25,60,-5
-25,60,-4
-25,60,-5
-24,60,-4
-24,60,-4
-24,61,-4
-24,60,-3
-23,61,-3
-24,60,-4
-23,61,-4
-24,61,-5
-24,60,-4
-24,61,-4
-24,60,-4
-23,61,-4
-23,60,-4
-24,60,-4
-24,60,-3
-24,61,-4
-24,60,-3
-24,60,-4
-24,60,-4
-24,60,-4
-24,61,-4
-24,60,-4
-24,60,-4
-24,61,-4
-24,61,-4
-24,61,-4
-24,61,-4
-24,60,-4
-24,60,-4
-24,60,-4
-24,60,-4
-24,61,-4
-24,60,-4
-24,61,-4
-24,61,-4
-24,60,-4
-24,60,-4
-24,60,-4
-24,61,-4
-24,60,-4
-24,60,-4
-24,60,-4
-24,60,-4
-24,60,-3
-24,60,-3
-24,61,-4
-24,61,-4
-24,60,-4
-23,60,-4
-24,60,-4
-24,60,-4
-24,60,-4
-25,60,-4
-24,61,-4
-25,61,-4
-25,61,-4
-25,60,-4
-25,60,-4
-24,60,-3
-25,60,-3
-23,61,-3
-23,61,-4
-24,60,-4
-24,61,-4
-25,60,-5
-23,60,-3
-23,60,-3
-22,60,-6
-23,60,-6
-24,60,-5
-22,60,-7
-25,60,-4
-24,62,-2
-25,60,-2
-27,61,-2
-25,60,0
-25,60,0
-26,59,1
-26,60,2
-27,60,-2
-27,60,-2
-27,60,-1
-27,60,-2
-26,60,-4
-27,60,-3
-25,59,-2
-26,59,-3
-25,60,-2
-25,60,-2
-25,60,-2
-27,60,-3
-26,61,-2
-26,60,-2
-26,60,-3
-26,60,-3
-26,60,-3
-24,60,-3
-24,61,-3
-24,61,-3
-24,61,-3
-25,61,-3
-25,60,-3
-25,60,-2
-25,60,-2
-24,60,-3
-25,60,-3
-24,60,-3
-24,60,-3
-24,60,-3
-24,60,-2
-24,61,-3
-24,61,-3
-24,60,-3
-24,59,-3
-23,60,-3
-23,60,-3
-23,60,-3
-24,61,-3
-25,60,-3
-25,60,-4
-25,60,-5
-24,60,-5
-24,60,-5
-25,60,-4
-25,60,-4
-26,61,-4
-26,61,-4
-26,60,-4
-25,60,-4
-23,60,-4
-24,61,-4
-22,62,-4
-23,61,-5
-24,61,-6
-22,62,-6
-23,63,-8
-23,62,-9
-24,60,-9
-24,59,-9
-24,60,-8
-22,60,-8
-23,60,-7
-23,60,-7
-23,61,-7
-24,62,-4
-23,62,-1
-23,63,3
-24,61,-1
-25,60,-4
-24,58,-6
-24,57,-8
-25,56,-8
-27,60,-6
-27,61,-5
-26,62,-3
-26,62,-2
-25,63,-2
-24,63,-2
-23,61,-2
-24,60,-3
-23,58,-3
-23,58,-2
-23,58,-3
-24,58,-3
-24,59,-4
-25,59,-4
-23,60,-5
-22,61,-4
-24,61,-3
-23,61,-4
-22,61,-5
-21,61,-6
-21,61,-6
-20,62,-7
-20,62,-6
-19,62,-5
-19,62,-5
-20,61,-6
-21,61,-7
-21,61,-6
-21,62,-6
-20,63,-6
-20,62,-7
-20,63,-6
-20,63,-6
-19,63,-6
-19,63,-6
-20,62,-6
-21,61,-6
-22,61,-7
-22,61,-7
-23,62,-7
-23,63,-8
-24,67,-10
-24,66,-9
-25,63,-9
-25,62,-7
-23,63,-5
-22,64,-5
-20,65,-5
-19,63,-5
-20,59,-5
-20,59,-3
-19,62,-2
-12,66,3
-8,68,5
-9,72,1
-7,73,2
-8,68,0
-9,63,0
-10,57,0
-9,55,2
-11,53,5
-16,53,5
-22,53,6
-24,54,3
-16,57,1
-15,60,0
-16,68,-7
-13,67,-15
-20,57,-17
-28,57,-14
-19,56,-9
-20,61,-7
-24,67,-5
-29,69,-16
-24,65,-28
-10,66,-10
10,70,16
-16,66,-9
-21,63,-12
-16,63,-9
-16,62,-11
-15,61,-13
-15,62,-13
-17,62,-11
-22,63,-13
-20,62,-11
-19,60,-12
-16,61,-7
-12,63,-5
-13,67,-3
-16,71,-5
-15,65,-7
-15,62,-7
-11,62,-4
-9,64,-3
-8,65,-2
-9,65,-3
-13,63,-5
-13,63,-4
-13,63,-1
-13,62,-1
-16,63,-2
-15,64,-3
-13,63,-2
-12,63,-1
-14,62,-1
-16,62,-1
-16,62,-1
-14,60,-3
-13,61,-4
-13,61,-5
-13,62,-5
-18,65,-5
-17,65,-4
-18,63,-5
-17,63,-4
-16,64,-4
-19,63,-6
-15,61,-7
-15,62,-5
-12,64,0
-12,63,-1
-15,60,-4
-12,63,-4
-13,65,-5
-20,64,-8
-21,65,-9
-19,67,-7
-11,64,-2
-10,64,-2
-11,62,-5
-12,62,-6
-11,63,-4
-10,64,-3
-12,64,-5
-10,65,-5
-12,64,-6
-12,64,-6
-12,64,-5
-10,63,-3
-11,62,-3
-13,63,-3
-13,64,-3
-13,64,-3
-12,64,-2
-12,65,-1
-11,65,-1
-9,64,-1
-9,65,-1
-8,64,-1
-7,63,-1
-6,65,-2
-6,66,-2
-4,65,-2
-7,65,-3
-10,64,-5
-10,65,-5
-10,64,-3
-12,66,-4
-13,67,-4
-12,66,-6
-11,65,-7
-10,64,-6
-11,63,-8
-16,61,-9
-12,64,-10
-5,66,-11
-12,65,-11
-12,62,-6
-17,63,-10
-11,62,-11
-13,64,-13
-7,62,-17
-12,63,-23
-12,61,-14
1,57,-16
-28,62,-24
-14,60,-11
-10,64,-25
-10,65,-21
-12,62,-25
-12,61,-28
-2,66,-30
-2,66,-27
-14,65,-30
-21,69,-18
-7,58,-19
-3,58,-24
-8,59,-27
-13,55,-27
-10,56,-28
-9,53,-32
-13,56,-30
-20,63,-28
-16,54,-35
-8,56,-33
-18,52,-31
-12,50,-20
-9,55,-30
-27,47,-36
-17,51,-42
-26,47,-44
-23,53,-34
-11,55,-27
-10,57,-24
-24,55,-33
-29,60,-32
-26,48,-28
-27,46,-32
-27,47,-35
-34,47,-38
-28,48,-38
-17,44,-31
-24,50,-34
-30,54,-34
-27,52,-28
-33,46,-31
-33,47,-33
-20,50,-20
-17,52,-20
-25,53,-33
-34,51,-35
-34,49,-30
-35,47,-31
-30,45,-29
-23,45,-25
-29,49,-26
-33,49,-27
-33,45,-30
-30,47,-27
-25,54,-24
-28,53,-27
-31,48,-33
-32,46,-33
-33,47,-32
-32,50,-30
-29,53,-27
-28,52,-27
-32,48,-30
-32,48,-31
-29,47,-31
-27,49,-33
-27,48,-33
-29,46,-31
-28,47,-32
-31,50,-31
-31,51,-31
-29,49,-34
-28,50,-33
-29,51,-30
-29,51,-30
-30,49,-29
-30,49,-28
-28,49,-30
-28,49,-30
-31,48,-29
-31,48,-30
-30,51,-29
-30,52,-29
-31,53,-27
-28,53,-27
-24,50,-23
-29,51,-26
-37,48,-34
-37,48,-34
-33,48,-28
-30,49,-27
-31,49,-29
-28,47,-30
-29,47,-32
-29,48,-36
-28,48,-35
-30,50,-32
-30,51,-31
-30,51,-30
-29,50,-29
-29,50,-31
-28,49,-31
-29,50,-30
-29,50,-28
-30,51,-29
-30,51,-28
-32,51,-28
-32,51,-28
-32,49,-27
-32,49,-27
-32,51,-25
-32,51,-25
-31,50,-26
-31,50,-28
-31,51,-25
-30,51,-24
-33,53,-23
-33,52,-23
-29,50,-27
-30,50,-27
-30,51,-26
-30,52,-26
-30,53,-26
-31,51,-27
-31,50,-26
-33,52,-24
-33,52,-24
-33,51,-24
-33,51,-25
-32,51,-25
-31,50,-27
-32,50,-27
-32,50,-26
-31,50,-26
-31,50,-25
-34,50,-24
-33,50,-23
-32,50,-23
-32,50,-25
-32,51,-24
-33,51,-23
-34,51,-24
-34,51,-24
-33,50,-26
-32,50,-26
-32,51,-26
-33,49,-26
-33,49,-26
-34,49,-27
-33,49,-27
-34,49,-27
-34,49,-27
-34,49,-26
-35,49,-25
-35,49,-25
-35,48,-25
-35,49,-24
-36,49,-24
-35,49,-24
-35,49,-25
-35,50,-24
-35,50,-24
-34,49,-24
-35,50,-24
-34,50,-25
-35,50,-24
-34,50,-24
-34,49,-24
-34,49,-24
-34,49,-24
-34,50,-23
-33,51,-25
-33,50,-25
-33,50,-25
-35,49,-23
-35,50,-23
-35,50,-24
-34,49,-25
-34,50,-24
-34,49,-23
-34,50,-22
-34,51,-23
-34,50,-25
-36,48,-25
-37,50,-22
-36,51,-20
-36,49,-21
-38,49,-25
-37,49,-26
-34,49,-28
-33,49,-28
-36,49,-24
-37,49,-24
-36,49,-25
-37,48,-25
-37,48,-24
-37,48,-24
-37,48,-23
-36,48,-24
-36,47,-23
-37,48,-22
-37,49,-22
-37,49,-22
-37,50,-21
-36,49,-23
-35,47,-25
-36,46,-25
-36,47,-23
-36,48,-22
-36,48,-23
-37,48,-23
-39,48,-22
-42,50,-21
-42,48,-22
-40,45,-23
-41,44,-23
-41,46,-21
-41,47,-21
-41,46,-21
-41,45,-20
-41,46,-19
-41,46,-20
-40,47,-21
-40,48,-22
-40,47,-23
-39,47,-24
-40,48,-21
-40,48,-21
-39,47,-22
-39,47,-21
-40,47,-20
-39,47,-22
-39,47,-23
-38,47,-24
-38,47,-24
-38,46,-24
-38,46,-23
-38,46,-23
-38,46,-23
-39,47,-22
-39,47,-21
-40,48,-20
-40,48,-20
-39,47,-21
-40,47,-21
-39,47,-21
-39,48,-22
-38,48,-22
-38,48,-22
-38,48,-21
-38,48,-21
-39,48,-20
-39,48,-20
-39,49,-19
-38,48,-19
-37,50,-20
-38,51,-22
-37,51,-22
-36,48,-23
-36,48,-22
-38,51,-18
-38,51,-19
-37,47,-22
-36,46,-22
-37,48,-19
-36,48,-19
-37,50,-19
-38,51,-19
-39,50,-19
-37,49,-21
-37,49,-21
-38,50,-20
-38,49,-20
-37,49,-20
-37,50,-20
-37,49,-20
-38,49,-20
-37,49,-19
-37,48,-19
-37,49,-19
-38,49,-18
-40,50,-19
-39,49,-17
-39,50,-15
-41,49,-15
-41,48,-16
-39,48,-14
-40,48,-13
-40,48,-11
-40,43,-12
-44,47,-15
-44,51,-18
-41,53,-14
-40,55,-3
-42,53,-2
-41,50,-4
-40,49,-4
-41,49,-5
-42,49,-7
-41,50,-7
-42,50,-8
-42,49,-7
-39,49,-6
-38,51,-4
-41,51,-7
-42,49,-8
-41,52,-5
-38,55,-2
-38,56,-2
-37,56,0
-37,53,1
-37,53,2
-37,53,3
-37,53,3
-37,54,5
-37,53,4
-38,52,4
-38,52,4
-38,53,4
-38,53,4
-37,55,5
-36,55,6
-36,55,6
-37,54,4
-37,53,2
-37,53,3
-37,54,4
-37,53,3
-37,53,3
-37,53,3
-37,54,6
-37,55,6
-36,55,5
-36,55,4
-36,54,4
-36,54,5
-36,53,5
-37,53,4
-37,53,3
-37,53,2
-37,53,2
-38,53,2
-38,53,2
-37,54,2
-36,54,2
-37,54,3
-37,55,3
-36,55,3
-36,55,3
-35,55,3
-35,54,4
-36,54,4
-36,54,4
-35,54,4
-35,54,4
-36,54,5
-37,54,5
-36,54,4
-35,55,5
-36,55,5
-37,55,6
-37,55,4
-36,55,4
-35,56,4
-36,56,3
-36,56,2
-37,57,2
-35,56,3
-36,55,4
-41,54,3
-39,52,3
-39,50,3
-40,49,3
-41,49,2
-39,47,2
-40,47,1
-44,50,-1
-44,52,-1
-42,53,-3
-42,54,-4
-43,53,-3
-41,50,-2
-40,45,-5
-39,45,-3
-40,48,-7
-41,48,-10
-47,50,-17
-40,55,-11
-38,49,-15
-47,48,-23
-43,51,-11
-40,47,-13
-45,45,-17
-42,48,-3
-43,47,-5
-38,45,-12
-37,47,-16
-39,49,-14
-40,48,-13
-45,48,-14
-42,49,-11
-40,49,-8
-46,50,-9
-42,47,-8
-45,46,-14
-43,43,-21
-42,44,-21
-42,45,-21
-40,45,-19
-46,46,-19
-48,50,-14
-47,46,-14
-48,47,-13
-42,46,-9
-36,49,-5
-45,52,-4
-55,58,-6
-47,48,-12
-39,42,-11
-35,47,-8
-41,51,-9
-44,48,-12
-39,44,-7
-34,47,-2
-33,50,1
-26,58,6
-47,54,-5
-58,59,-14
-43,47,-8
-44,50,-9
-65,44,-26
-59,44,-23
-38,35,-16
-33,35,-12
-46,41,-18
-47,46,-18
-38,49,-18
-37,49,-21
-39,51,-19
-39,51,-18
-40,52,-17
-37,51,-16
-38,50,-15
-38,51,-18
-39,43,-27
-22,45,-14
-29,48,7
-33,49,9
-34,48,5
-43,60,6
-47,65,10
-51,79,8
-57,75,2
-57,79,8
-63,81,4
-42,66,1
-50,64,2
-54,58,-2
-48,48,3
-44,44,10
-39,42,8
-45,37,8
-44,36,9
-41,30,11
-44,31,15
-48,32,21
-47,32,23
-45,30,25
-47,30,27
-47,34,34
-44,34,36
-42,30,36
-44,28,36
-43,27,38
-46,25,40
-48,24,40
-42,23,43
-39,23,44
-38,22,44
-38,21,44
-35,23,47
-35,23,46
-35,23,46
-34,23,47
-33,24,48
-33,25,48
-32,24,48
-31,23,49
-32,23,50
-34,23,50
-38,20,51
-36,21,54
-32,20,55
-29,19,55
-28,15,54
-30,16,56
-36,19,57
-35,17,58
-34,13,57
-32,13,56
-33,12,53
-36,10,53
-35,10,53
-34,1,50
-36,4,50
-32,3,54
-35,11,52
-28,11,54
-32,10,52
-33,5,54
-33,2,55
-36,4,48
-31,-3,55
-34,9,53
-27,10,55
-29,9,49
-31,15,46
-20,5,51
-24,9,55
-32,18,65
-27,15,62
-27,9,63
-25,12,62
-31,25,58
-34,22,56
-35,14,54
-38,21,51
-26,24,56
-26,22,51
-29,29,47
-33,15,44
-35,19,45
-30,18,47
-30,21,46
-42,22,40
-45,23,41
-47,21,40
-51,20,37
-59,17,31
-59,17,31
-60,16,32
-61,17,31
-63,18,30
-63,18,29
-61,19,28
-60,20,28
-56,20,27
-56,21,28
-55,23,28
-55,22,27
-53,23,27
-52,23,28
-49,22,29
-51,21,28
-54,20,26
-52,19,26
-48,16,25
-49,14,27
-51,15,27
-61,13,21
-62,13,23
-70,13,17
-70,16,15
-57,18,21
-53,19,18
-59,21,8
-56,26,10
-65,31,-4
-73,38,-12
-66,45,-4
-67,45,-3
-68,43,8
-55,41,22
-20,26,30
-26,35,37
-26,43,29
-28,45,16
-58,44,-14
-45,41,16
-47,42,27
-45,43,23
-56,54,3
-56,54,6
-50,51,21
-34,39,13
-33,42,8
-45,48,0
-54,56,-1
-43,51,2
-46,50,0
-51,53,6
-50,57,11
-50,50,6
-49,50,16
-44,44,25
-44,43,15
-38,48,31
-47,49,27
-36,44,23
-34,45,22
-35,46,19
-32,50,21
-28,51,24
-30,54,25
-29,53,31
-29,54,35
-27,58,39
-37,59,35
-34,62,32
-34,66,31
-40,63,18
-47,56,10
-44,58,16
-40,55,14
-43,52,13
-52,46,5
-48,44,6
-48,38,-14
-46,36,-17
-52,28,-32
-55,26,-36
-42,22,-40
-50,22,-43
-50,17,-49
-44,13,-49
-49,15,-36
-47,12,-33
-50,8,-37
-47,7,-31
-47,6,-31
-43,4,-31
-51,2,-30
-50,1,-32
-37,-1,-38
-33,-2,-37
-43,-2,-44
-52,-2,-53
-42,-2,-48
-33,-1,-49
-40,-1,-55
-48,-1,-55
-52,-3,-49
-55,-5,-44
-55,-6,-42
-52,-3,-37
-53,-3,-34
-49,-1,-28
-51,-1,-27
-68,1,-30
-64,-2,-22
-60,-3,-21
-62,-4,-17
-56,-4,-7
-61,-3,-5
-68,-6,-3
-69,-6,-4
-67,-9,-10
-69,-9,-9
-60,-7,-1
-58,-7,3
-61,-7,6
-67,-6,10
-66,-8,8
-60,-9,9
-65,-6,15
-66,-9,16
-56,-9,17
-58,-8,23
-59,-6,25
-51,-12,26
-52,-6,28
-57,-8,24
-56,-7,24
-59,-7,23
-60,-8,20
-60,-7,27
-61,-5,25
-57,-6,25
-57,-5,28
-54,-5,29
-51,-5,29
-53,-5,30
-54,-4,30
-54,-3,32
-53,-1,34
-58,-1,29
-57,1,33
-60,5,35
-61,4,35
-51,7,37
-46,8,41
-55,9,41
-62,10,43
-52,7,41
-54,8,32
-60,9,33
-54,8,35
-56,8,36
-53,7,37
-52,7,38
-47,4,39
-54,7,37
-53,8,36
-55,5,34
-55,6,39
-53,6,38
-51,7,34
-54,6,34
-53,8,39
-53,7,38
-49,7,38
-50,9,38
-52,10,34
-54,8,33
-51,6,36
-52,4,37
-49,6,35
-46,7,36
-46,7,33
-45,5,27
-54,4,15
-58,5,10
-54,6,8
-80,7,-8
-76,5,-11
-75,16,0
-77,13,-4
-69,13,0
-66,12,5
-61,9,-5
-61,10,-4
-62,12,2
-65,10,-2
-56,12,3
-58,13,9
-71,13,6
-69,12,5
-58,13,17
-63,14,8
-57,12,4
-58,15,5
-64,13,5
-68,11,0
-62,14,9
-59,14,11
-64,11,0
-60,11,2
-64,10,0
-64,13,-3
-63,14,-3
-63,17,-3
-65,18,-4
-60,27,-14
-58,24,-8
-61,8,-9
-62,11,-6
-65,15,-4
-65,17,-5
-64,19,-5
-63,19,-4
-63,19,-8
-62,18,-8
-63,17,-8
-62,17,-8
-65,18,-9
-66,18,-8
-66,22,-10
-66,23,-9
-64,23,-9
-64,22,-12
-63,26,-11
-61,27,-12
-59,29,-13
-56,30,-10
-54,28,-14
-55,26,-12
-54,21,-7
-58,20,-8
-59,19,-8
-62,18,-8
-62,18,-8
-64,17,-9
-64,16,-9
-64,16,-9
-64,17,-8
-63,17,-8
-63,17,-8
-62,17,-6
-63,17,-7
-62,18,-8
-62,17,-8
-60,18,-8
-61,18,-8
-61,19,-8
-61,20,-9
-59,21,-9
-57,24,-8
-59,26,-9
-58,25,-10
-53,26,-2
-54,25,-3
-59,25,-8
-60,26,-3
-61,25,-5
-64,20,-5
-63,22,-1
-66,26,-2
-66,24,-4
-66,25,1
-65,23,3
-63,22,4
-63,21,6
-67,21,6
-66,21,7
-63,22,10
-66,21,10
-67,19,9
-66,19,13
-50,24,20
-48,19,17
-55,21,18
-60,17,11
-62,13,11
-54,14,18
-59,13,6
-58,15,5
-39,19,3
-86,16,-10
-77,16,-15
-62,15,-7
-56,27,12
-69,19,2
-70,17,4
-70,16,7
-69,13,5
-60,12,-4
-66,11,-6
-56,15,1
-41,16,4
-58,14,7
-72,22,12
-65,19,14
-56,16,18
-68,15,16
-69,17,12
-55,19,28
-65,18,19
-69,16,8
-56,18,10
-59,23,10
-59,22,9
-60,17,10
-58,16,7
-64,13,3
-61,14,7
-70,8,6
-63,9,6
-65,14,0
-73,18,7
-76,16,5
-59,12,9
-59,15,13
-66,13,15
-59,15,24
-38,8,18
-40,13,22
-70,11,19
-69,11,19
-51,10,23
-46,11,23
-63,11,24
-64,9,20
-54,12,23
-52,9,23
-55,15,25
-69,19,21
-81,11,1
-72,10,3
-55,7,5
-54,9,6
-64,13,3
-69,15,-1
-73,17,-4
-69,15,-4
-61,13,0
-61,13,0
-53,15,3
-60,15,1
-68,14,-3
-70,13,-2
-63,9,-4
-75,11,-11
-66,8,-1
-61,10,-3
-59,10,2
-62,17,3
-66,16,1
-66,15,-1
-65,11,-4
-71,7,0
-68,5,-4
-45,6,-4
-58,20,16
-76,17,7
-59,5,0
-62,14,-23
-58,17,-14
-61,15,-19
-51,13,-10
-56,16,-12
-74,21,-25
-61,17,-22
-54,15,-37
-57,16,-37
-55,15,-39
-47,14,-40
-41,17,-41
-46,18,-45
-43,15,-49
-36,12,-45
-34,11,-50
-38,12,-56
-34,11,-56
-26,12,-55
-55,18,-52
-53,17,-47
-47,12,-50
-37,15,-53
-42,13,-47
-32,17,-42
-25,12,-45
-20,16,-53
-34,16,-70
-38,16,-66
-40,15,-55
-39,14,-52
-44,15,-48
-48,13,-47
-53,6,-42
-51,6,-40
-52,10,-37
-55,11,-38
-48,10,-37
-36,3,-49
-33,10,-46
-43,9,-51
-38,10,-47
-38,13,-47
-34,13,-49
-53,11,-45
-54,10,-39
-52,9,-35
-53,9,-34
-46,8,-37
-45,8,-37
-47,7,-43
-49,10,-46
-37,17,-48
-27,19,-58
-32,13,-55
-42,19,-54
-42,13,-57
-45,5,-45
-43,5,-38
-44,9,-29
-56,12,-36
-48,15,-32
-38,21,-47
-32,17,-59
-23,14,-54
-28,12,-57
-34,11,-61
-40,6,-61
-42,6,-59
-44,10,-47
-43,13,-42
-37,16,-43
-42,15,-52
-30,14,-52
-27,11,-50
-27,12,-53
-29,12,-55
-20,14,-58
-21,12,-65
-18,10,-63
-23,8,-64
-33,8,-63
-33,9,-58
-33,10,-48
-36,13,-47
-36,14,-51
-31,13,-51
-27,15,-51
-24,16,-55
-22,16,-60
-15,15,-63
-15,12,-62
-26,11,-69
-28,11,-64
-27,12,-52
-31,13,-51
-32,14,-58
-28,13,-55
-25,11,-58
-19,12,-58
-23,12,-56
-23,14,-56
-24,13,-59
-25,13,-61
-26,16,-57
-23,16,-56
-18,15,-61
-19,13,-60
-30,13,-62
-34,13,-62
-40,13,-63
-41,13,-67
-57,12,-76
-49,9,-68
-35,14,-33
-34,15,-28
-60,9,-38
-46,4,-27
-58,7,-8
-44,15,11
-63,6,-1
-56,15,18
-44,17,28
-87,3,-7
-45,5,6
-49,5,6
-76,-5,-28
-49,10,-10
-41,9,-2
-44,6,-33
-74,10,-49
-43,4,-16
-59,3,-40
-72,9,-42
-61,6,-40
-41,-1,-53
-36,-5,-55
-39,3,-34
-51,3,-30
-57,3,-38
-52,4,-38
-53,6,-42
-58,7,-41
-48,6,-37
-46,5,-40
-37,3,-39
-47,0,-50
-45,-4,-52
-40,-3,-52
-39,-1,-52
-43,0,-42
-50,2,-39
-55,2,-42
-46,6,-42
-47,5,-47
-36,7,-49
-33,3,-49
-41,7,-51
-45,5,-49
-40,3,-48
-49,6,-54
-49,7,-51
-42,2,-54
-42,3,-53
-57,4,-56
-55,9,-49
-63,5,-47
-56,4,-37
-42,1,-14
-52,2,-13
-71,-1,-14
-60,-3,-4
-49,-3,-7
-38,4,9
-51,4,4
-74,-1,-16
-68,-2,-14
-49,1,5
-46,2,3
-61,3,-17
-57,2,-22
-72,5,-40
-62,1,-34
-56,2,-29
-59,5,-28
-50,0,-35
-56,-2,-34
-69,-5,-29
-73,-6,-34
-68,-3,-40
-54,-1,-31
-53,1,-23
-56,-2,-27
-54,-8,-26
-56,-6,-22
-62,-5,-15
-66,-1,-6
-70,5,-10
-66,-1,-13
-57,-5,-22
-54,-3,-22
-61,-5,-16
-56,-6,-13
-55,-5,-16
-63,-2,-12
-65,-6,1
-65,-2,-20
-66,-1,-33
-51,1,-32
-59,-3,-41
-46,-2,-39
-46,-2,-42
-58,0,-45
-61,-1,-38
-62,0,-35
-50,-3,-27
-52,-2,-32
-49,1,-38
-44,1,-40
-41,0,-41
-49,-2,-42
-54,-2,-45
-51,-2,-45
-55,1,-42
-47,0,-42
-54,-2,-45
-48,0,-38
-50,-4,-45
-51,-4,-46
-52,-2,-44
-50,-3,-44
-50,-5,-43
-58,-3,-44
-53,-3,-46
-50,-1,-46
-60,0,-38
-62,2,-29
-45,-2,-30
-50,-4,-37
-46,-3,-32
-45,-9,-33
-45,2,-24
-51,0,-23
-44,-3,-16
-32,-11,-15
-53,-8,-45
-48,-4,-38
-53,5,-15
-67,-2,-35
-67,-1,-35
-63,-4,-36
-63,-2,-38
-64,-4,-40
-61,-4,-32
-62,-1,-25
-64,0,-21
-65,-3,-15
-62,-5,-12
-75,-4,-9
-70,-5,-1
-56,-7,8
-55,-6,13
-60,-7,21
-58,-6,26
-64,-7,33
-53,-7,41
-52,-10,35
-53,-9,34
-50,-6,44
-30,6,36
-23,-5,43
-39,-6,47
-39,-3,63
-41,-5,54
-28,-14,52
-29,-13,51
-16,-8,53
-9,-4,56
-15,-7,62
-16,-7,64
-11,3,55
-14,2,58
-9,2,68
-34,-5,55
-15,-2,64
-9,0,72
-11,4,60
-22,7,65
-23,7,71
-33,2,71
-42,2,68
-24,-5,55
-15,-2,57
-35,6,62
-21,-8,55
-22,3,55
-31,-1,49
-13,0,58
-13,2,61
-17,5,59
-8,6,62
-12,-1,66
-16,-3,56
-14,5,64
-17,5,65
-16,1,54
-14,9,60
-16,8,60
-20,3,65
-16,8,63
-8,6,64
-22,8,63
-21,5,61
-24,5,57
-13,9,66
-15,12,68
-31,10,62
-36,10,61
-70,6,55
-62,5,52
-34,-2,45
-5,10,52
-26,10,52
-33,4,52
-34,6,59
-32,12,60
-9,11,62
-17,8,58
-18,9,59
-19,13,60
-23,14,61
-24,11,59
-21,12,60
-21,10,61
-18,10,62
-22,11,62
-10,11,64
-21,10,55
-36,5,46
-44,5,45
-47,6,43
-39,2,46
-52,2,42
-57,6,55
-114,8,22
-58,-2,27
-30,1,42
-38,3,41
-41,10,42
-52,8,45
-51,9,45
-55,7,34
-59,1,25
-93,-2,1
-84,8,7
21,1,59
-28,8,59
-38,7,60
-28,9,66
-44,8,57
-37,14,56
-33,16,62
-23,12,66
-16,10,65
-26,7,54
-24,6,54
-28,5,45
-34,6,42
-48,5,33
-56,2,25
-71,-2,10
-73,-4,6
-70,-7,2
-69,-7,-4
-63,1,0
-60,5,5
-61,1,-11
-67,-4,-18
-63,-3,-9
-65,-4,-13
-71,10,-13
-70,2,-13
-67,-3,-24
-65,-2,-25
-52,-4,-24
-55,-2,-21
-69,0,-12
-61,-4,-20
-60,1,-34
-55,2,-35
-45,-1,-40
-47,-1,-42
-58,0,-45
-55,-1,-44
-60,-2,-44
-50,-6,-39
-55,-3,-25
-76,-1,-15
-67,-3,-13
-66,-6,-29
-73,-4,-33
-43,-11,-40
-31,-6,-41
-47,1,-41
-45,-4,-33
-57,-9,-33
-56,-11,-31
-63,-8,-26
-62,-7,-29
-63,-8,-23
-64,-11,-21
-42,-7,-6
-55,-3,-19
-68,-8,-14
-65,-7,-11
-56,-9,-8
-61,-8,-11
-58,-9,-2
-61,-8,4
-62,-7,2
-60,-5,12
-63,-8,11
-68,-11,8
-82,-11,6
-76,-9,9
-68,-8,6
-54,-5,6
-54,-5,10
-57,-4,8
-54,-6,7
-58,-6,-1
-61,-7,-5
-62,-9,-1
-67,-6,2
-66,-10,-1
-64,-8,-5
-71,-5,-2
-73,-4,-3
-71,-7,-5
-70,-7,-4
-64,-7,-5
-69,-4,2
-66,0,5
-61,-2,0
-58,-1,-2
-57,-3,-3
-56,-5,-7
-69,-12,-15
-69,-15,-12
-65,-8,-10
-65,-6,-2
-63,-2,2
-70,-5,6
-76,-2,21
-67,-2,21
-62,0,21
-62,1,18
-58,-4,10
-55,-5,7
-61,-5,-2
-61,-4,-3
-60,-5,-6
-63,-6,-6
-66,-7,-5
-68,-5,-5
-67,-5,-1
-66,-2,0
-73,-4,1
-75,-5,5
-66,-5,11
-64,-4,11
-66,-6,11
-56,-3,10
-56,-3,5
-61,-3,3
-63,-3,1
-61,-5,-1
-60,-6,-1
-63,-6,-2
-63,-5,-2
-63,-5,1
-66,-3,7
-70,-4,11
-69,-4,12
-73,-2,12
-70,-1,13
-65,-2,6
-64,-4,2
-61,-7,2
-58,-7,3
-56,-5,2
-61,-4,-3
-67,-2,-10
-67,-4,-11
-67,-4,-6
-64,-5,-7
-63,-3,-1
-63,-2,2
-67,-3,5
-71,0,15
-73,1,18
-65,-5,11
-66,-4,5
-67,-7,3
-63,-8,4
-57,-10,5
-48,-9,13
-58,0,4
-64,0,2
-73,-2,-1
-66,-3,3
-62,-4,3
-62,-4,2
-64,-5,4
-66,-4,3
-65,-4,3
-64,-4,5
-65,-2,8
-68,-2,7
-69,-1,7
-71,-1,5
-64,-3,0
-63,-3,0
-65,-8,1
-60,-7,8
-51,-1,6
-63,5,4
-64,4,4
-63,2,-1
-63,2,0
-65,2,-1
-66,1,-2
-69,2,-3
-60,1,0
-63,3,0
-67,4,3
-74,2,2
-73,2,2
-69,1,4
-68,2,6
-66,2,6
-66,1,5
-64,4,8
-66,5,11
-65,5,17
-65,9,21
-61,4,22
-59,7,30
-54,5,35
-52,6,35
-48,7,43
-49,6,45
-45,6,46
-52,8,38
-39,7,41
-33,9,46
-33,7,56
-46,4,55
-44,3,53
-15,16,55
28,18,67
-33,6,62
-41,8,62
-22,4,54
-20,7,53
-28,7,58
-28,6,61
-22,4,61
-21,4,62
-21,8,61
-21,9,60
-21,10,59
-20,12,60
-17,12,58
-20,11,59
-28,8,57
-24,9,61
-16,10,57
-20,13,59
-32,18,58
-38,18,52
-44,15,51
-36,13,45
-36,14,45
-41,14,43
-42,14,41
-51,12,33
-54,12,38
-56,12,45
-52,8,42
-53,12,38
-52,12,37
-50,13,33
-49,13,31
-53,13,29
-55,14,28
-58,14,25
-56,13,28
-57,13,18
-64,15,13
-73,14,14
-67,8,12
-67,10,10
-65,12,9
-63,12,7
-63,14,7
-61,14,6
-60,15,6
-62,15,8
-60,16,8
-62,17,8
-65,16,7
-65,15,8
-65,14,7
-64,14,7
-65,16,5
-64,16,5
-63,16,4
-62,16,4
-63,16,3
-62,16,3
-62,16,3
-62,15,3
-63,15,4
-63,15,4
-63,15,5
-64,16,5
-64,16,6
-63,16,6
-63,15,5
-61,15,5
-61,16,6
-63,16,5
-64,16,5
-63,16,6
-62,16,6
-62,16,6
-62,16,6
-63,16,6
-63,15,6
-64,15,6
-64,15,6
-64,14,5
-63,15,4
-61,15,4
-62,15,2
-63,14,3
-63,15,4
-63,16,4
-62,15,5
-62,16,5
-64,16,4
-63,16,4
-62,17,5
-62,18,7
-64,14,4
-66,14,-1
-66,13,0
-62,12,0
-64,13,1
-64,14,5
-64,14,4
-66,13,-6
-63,12,-2
-63,13,-3
-62,14,1
-58,15,6
-68,15,6
-65,14,0
-64,11,-3
-61,11,-2
-61,10,-2
-61,11,0
-60,12,-1
-54,12,5
-71,10,-11
-61,11,-7
-54,11,-3
-57,14,-1
-67,16,-8
-67,13,-9
-67,12,-14
-63,11,-15
-59,11,-17
-60,11,-17
-61,14,-14
-65,16,-16
-59,13,-15
-63,15,-19
-61,17,-19
-61,17,-23
-60,17,-17
-65,15,-18
-63,16,-18
-64,20,-16
-63,18,-20
-59,19,-23
-57,17,-25
-57,14,-26
-57,13,-27
-59,11,-22
-59,11,-19
-61,12,-15
-62,13,-14
-65,15,-14
-65,14,-15
-64,14,-15
-62,14,-14
-61,14,-15
-62,14,-15
-60,12,-13
-60,12,-12
-59,12,-11
-59,12,-9
-59,12,-9
-60,13,-10
-63,12,-11
-63,13,-11
-63,15,-12
-61,18,-13
-61,17,-13
-62,17,-12
-61,16,-14
-60,14,-14
-62,15,-14
-61,16,-15
-60,17,-16
-61,18,-14
-61,17,-15
-61,16,-17
-62,16,-17
-61,17,-18
-61,17,-18
-61,17,-18
-62,17,-17
-62,18,-16
-63,18,-16
-61,20,-15
-60,19,-15
-58,19,-14
-58,19,-13
-56,18,-13
-56,17,-14
-60,17,-14
-61,17,-15
-63,19,-14
-64,19,-14
-64,20,-14
-62,20,-13
-60,20,-12
-60,19,-12
-60,19,-12
-61,19,-12
-61,18,-12
-61,17,-13
-62,17,-14
-62,17,-14
-62,17,-14
-63,17,-14
-61,18,-15
-57,17,-16
-56,17,-16
-58,16,-17
-60,16,-17
-62,18,-16
-64,20,-15
-65,22,-13
-64,21,-13
-58,20,-12
-56,19,-12
-56,18,-13
-57,18,-14
-59,17,-15
-60,17,-15
-64,19,-14
-63,19,-13
-64,19,-13
-63,21,-12
-61,20,-12
-57,18,-13
-58,17,-14
-60,18,-15
-61,19,-15
-62,19,-15
-63,20,-14
-61,19,-14
-60,18,-14
-57,19,-14
-56,18,-15
-59,16,-17
-61,17,-17
-63,19,-16
-63,19,-15
-64,19,-14
-64,20,-13
-61,21,-12
-59,20,-11
-57,19,-13
-58,20,-13
-59,19,-14
-59,19,-14
-61,20,-15
-61,19,-14
-61,19,-14
-60,19,-14
-60,18,-14
-61,19,-14
-61,19,-14
-61,19,-14
-61,19,-13
-61,20,-13
-60,19,-13
-60,20,-14
-61,20,-14
-61,20,-14
-61,21,-13
-60,20,-12
-60,20,-12
-61,20,-13
-61,20,-13
-61,19,-13
-60,19,-14
-60,19,-14
-61,19,-14
-60,20,-13
-60,20,-13
-60,19,-13
-60,19,-13
-61,19,-13
-61,19,-13
-62,19,-13
-62,20,-13
-62,20,-13
-61,20,-13
-61,20,-13
-61,20,-14
-61,20,-13
-61,20,-13
-61,20,-13
-59,20,-13
-59,20,-13
-60,20,-13
-61,20,-13
-61,21,-12
-61,22,-12
-61,21,-12
-61,21,-12
-62,21,-12
-62,22,-11
-60,21,-12
-59,20,-12
-58,19,-13
-56,18,-14
-55,15,-14
-55,14,-14
-60,14,-15
-63,15,-15
-65,15,-15
-67,16,-15
-66,16,-15
-65,17,-13
-64,18,-12
-63,19,-12
-62,19,-12
-60,19,-11
-59,19,-12
-60,19,-12
-60,19,-12
-60,19,-11
-60,19,-11
-61,19,-11
-61,19,-11
-61,18,-11
-61,18,-11
-61,18,-10
-61,17,-10
-61,17,-10
-62,17,-11
-62,18,-10
-61,17,-11
-61,17,-11
-61,18,-12
-62,18,-12
-61,19,-12
-61,19,-11
-60,18,-11
-60,18,-11
-61,18,-11
-62,18,-11
-62,20,-10
-63,20,-9
-63,20,-10
-62,20,-10
-61,21,-9
-60,20,-10
-60,20,-10
-60,19,-10
-60,19,-10
-59,19,-11
-61,19,-11
-61,19,-11
-61,19,-11
-61,19,-11
-62,19,-11
-63,19,-12
-60,18,-12
-60,18,-12
-62,15,-14
-61,15,-12
-64,14,-14
-63,13,-12
-64,13,-13
-66,15,-11
-65,14,-11
-66,14,-10
-64,16,-9
-64,18,-6
-64,19,-6
-62,21,-2
-59,23,1
-54,24,5
-57,23,2
-59,24,0
-57,25,2
-54,22,0
-55,21,-2
-59,20,-4
-60,20,-4
-61,20,-5
-63,19,-5
-65,19,-5
-64,19,-5
-64,19,-5
-64,19,-4
-63,19,-5
-64,20,-4
-63,20,-4
-62,21,-4
-62,21,-4
-62,22,-4
-61,22,-5
-60,23,-5
-59,24,-4
-62,23,-7
-60,23,-7
-59,23,-6
-59,24,-7
-62,24,-9
-63,24,-10
-60,23,-9
-59,23,-9
-58,22,-10
-61,22,-11
-57,22,-12
-58,21,-15
-61,20,-21
-65,22,-24
-59,22,-25
-54,21,-23
-58,21,-31
-61,23,-33
-53,23,-34
-62,26,-43
-42,28,-16
-61,23,-29
-31,20,-17
-44,14,-23
-55,9,-32
-52,7,-37
-54,5,-43
-46,7,-44
-49,7,-46
-41,13,-38
-43,14,-40
-47,13,-40
-43,12,-39
-48,11,-45
-45,13,-47
-46,12,-50
-47,14,-49
-42,16,-50
-43,16,-50
-48,20,-48
-47,20,-46
-40,21,-42
-34,26,-39
-64,32,-43
-54,27,-42
-46,26,-35
-50,23,-35
-49,22,-32
-47,22,-31
-48,21,-34
-47,22,-32
-49,21,-35
-50,23,-34
-51,24,-33
-53,23,-34
-52,22,-35
-49,20,-36
-50,20,-35
-53,19,-36
-51,18,-35
-50,18,-36
-50,18,-35
-50,16,-34
-51,15,-34
-49,17,-37
-50,17,-38
-51,17,-34
-52,18,-34
-50,17,-36
-51,17,-37
-51,16,-37
-51,16,-37
-52,16,-37
-53,17,-36
-52,17,-36
-51,18,-35
-51,17,-36
-50,18,-37
-51,18,-37
-50,17,-37
-50,17,-39
-49,18,-40
-49,17,-38
-49,18,-37
-49,18,-38
-50,18,-38
-51,18,-37
-52,17,-35
-52,18,-36
-50,20,-36
-49,21,-36
-48,22,-35
-48,22,-35
-48,22,-37
-48,22,-36
-50,19,-36
-53,19,-38
-52,18,-40
-48,19,-39
-48,24,-36
-44,24,-34
-39,20,-35
-42,23,-35
-44,21,-35
-46,20,-37
-49,19,-39
-47,20,-41
-40,20,-40
-43,19,-39
-42,17,-46
-42,21,-46
-43,22,-46
-40,26,-48
-39,29,-50
-36,33,-50
-34,33,-53
-40,35,-61
-42,39,-61
-31,38,-48
-33,37,-45
-36,35,-43
-36,33,-40
-39,31,-35
-42,32,-33
-45,33,-32
-46,31,-32
-50,28,-28
-50,28,-26
-55,28,-23
-55,26,-24
-57,25,-14
-57,22,-5
-60,22,-2
-59,23,11
-57,24,16
-56,24,22
-56,23,24
-52,23,32
-53,22,31
-54,18,26
-54,17,20
-50,14,8
-57,14,-1
-69,17,-6
-63,13,-4
-65,12,-9
-67,12,-10
-59,15,-2
-54,12,-3
-73,10,-18
-80,13,-16
-61,11,-4
-70,9,-14
-70,8,-30
-55,11,-17
-36,18,3
-47,16,-3
-66,12,-24
-51,5,-15
-59,7,-27
-63,10,-32
-64,13,-28
-57,11,-27
-58,14,-28
-62,16,-35
-57,11,-11
-52,7,-29
-49,10,-30
-65,15,-25
-65,12,-38
-62,10,-33
-55,11,-28
-56,13,-33
-49,10,-32
-55,14,-32
-64,17,-32
-64,16,-43
-55,14,-43
-47,11,-39
-48,11,-34
-56,12,-33
-59,9,-34
-62,10,-34
-53,13,-20
-55,11,-22
-58,10,-31
-57,6,-25
-49,7,-16
-60,8,-22
-59,5,-21
-61,8,-14
-61,9,-10
-61,7,-11
-59,6,-12
-60,4,-14
-65,2,-14
-74,4,-17
-67,9,-12
-65,8,-15
-67,5,-18
-69,6,-13
-62,7,-15
-61,6,-20
-64,6,-22
-71,7,-26
-56,16,1
-71,8,-6
-68,9,4
-65,6,8
-61,7,10
-58,9,12
-68,4,11
-57,4,12
-63,3,13
-65,3,26
-62,1,25
-49,-3,31
-53,-6,28
-62,-5,23
-58,-5,29
-58,-2,30
-62,-4,25
-62,-1,31
-57,-2,34
-55,-1,26
-54,0,27
-60,-1,24
-60,-4,26
-60,-4,28
-64,-4,26
-60,-5,31
-60,-8,31
-53,-6,46
-40,-5,52
-32,-3,45
-37,-5,39
-40,-4,42
-40,-5,44
-43,-5,51
-44,-5,54
-35,-3,46
-46,-5,44
-47,-4,50
-45,-6,44
-44,-8,38
-50,-2,41
-48,-1,39
-51,-1,32
-60,1,34
-63,1,34
-60,-1,35
-52,1,34
-56,0,26
-45,6,30
-50,5,26
-66,4,14
-69,4,12
-69,3,4
-78,5,-2
-68,4,-3
-66,3,-7
-67,5,-18
-64,8,-6
-64,1,-28
-75,1,-27
-60,4,-29
-61,6,-48
-63,7,-52
-47,-6,-31
-43,3,-27
-27,16,-21
-49,23,-36
-69,19,-48
-62,15,-45
-50,8,-43
-47,7,-39
-34,8,-26
-36,13,-25
-62,18,-41
-62,15,-41
-51,10,-38
-54,11,-39
-55,14,-37
-50,16,-36
-49,10,-37
-49,11,-41
-44,17,-34
-46,14,-36
-56,10,-37
-59,11,-37
-58,9,-35
-52,9,-33
-48,9,-32
-47,9,-30
-52,7,-30
-43,2,-45
-42,2,-51
-35,0,-55
-36,2,-57
-27,4,-59
-25,4,-62
-29,7,-61
-27,6,-62
-30,7,-67
-25,8,-58
-37,10,-64
-23,10,-57
-40,4,-61
-30,6,-60
-33,4,-57
-36,4,-56
-28,2,-54
-33,2,-58
-36,5,-52
-35,5,-49
-57,4,-52
-42,0,-43
-50,0,-42
-57,5,-32
-59,1,-26
-49,-1,-25
-70,-1,-27
-64,-2,-14
-54,-4,-7
-70,-1,-4
-51,0,7
-55,-7,3
-59,1,5
-54,-5,18
-63,-2,11
-67,3,2
-71,-1,-9
-85,3,-7
-70,0,2
-55,-3,3
-74,-11,-25
-64,4,-18
-67,0,-28
-52,-4,-21
-47,-10,-20
-66,-12,-26
-73,-11,-26
-60,-1,-3
-59,3,-9
-50,-5,-19
-47,1,-23
-50,-12,-42
-37,-15,-39
-63,-12,-41
-72,-12,-42
-60,-15,-37
-53,-14,-30
-58,-5,-28
-49,-9,-20
-47,-7,-20
-46,-7,-30
-43,-5,-33
-41,-10,-49
-41,-14,-54
-51,-12,-53
-59,-11,-56
-54,-6,-33
-57,-6,-27
-64,-2,-30
-54,1,-23
-61,1,-39
-42,-5,-40
-33,-10,-53
-30,-11,-56
-53,-11,-65
-51,-12,-58
-44,-9,-37
-52,-5,-34
-50,1,-31
-41,4,-26
-42,1,-47
-39,1,-50
-31,-8,-59
-28,-10,-60
-35,-7,-61
-47,-8,-66
-41,-9,-64
-44,-2,-44
-49,3,-41
-35,-2,-47
-28,-5,-54
-29,-6,-63
-25,-3,-58
-25,-5,-58
-28,-4,-58
-34,-4,-66
-31,-3,-66
-31,0,-63
-27,0,-60
-29,-1,-57
-22,-4,-54
-18,-7,-55
-18,-10,-58
-8,-9,-62
-9,-10,-63
-16,-5,-60
-17,-4,-58
-21,-3,-60
-19,-3,-58
-19,-3,-62
-21,-4,-60
-16,-9,-55
-21,-8,-62
-16,-9,-64
-12,-13,-65
-16,-12,-64
-20,-7,-59
-20,-6,-59
-22,-4,-61
-21,-5,-59
-14,-9,-56
-15,-8,-64
-16,-9,-66
-17,-9,-62
-20,-10,-61
-25,-9,-58
-29,-5,-55
-31,-4,-57
-27,-3,-56
-28,-4,-58
-38,-8,-60
-44,-14,-63
-44,-14,-52
-47,-12,-35
-59,-13,-25
-60,-13,-22
-61,-14,-7
-54,-9,-5
-69,-14,-18
-61,-9,-2
-47,-7,6
-57,-13,3
-51,-12,9
-63,-15,6
-63,-12,2
-67,-12,7
-64,-11,7
-61,-13,5
-59,-11,4
-61,-13,-2
-66,-12,-7
-66,-10,-5
-60,-10,-7
-63,-14,-18
-61,-12,-29
-51,-10,-16
-57,-15,-18
-71,-8,-9
-67,-12,-1
-71,-11,-3
-70,-12,-6
-58,-11,-6
-57,-13,-7
-64,-13,-14
-66,-10,-4
-64,-7,-5
-62,-9,-5
-64,-9,-3
-59,-10,-7
-61,-14,-15
-61,-14,-14
-64,-11,-12
-58,-12,-12
-58,-15,-10
-66,-12,-18
-62,-12,-18
-55,-13,-15
-57,-13,-16
-71,-13,-33
-62,-14,-28
-59,-12,-23
-54,-14,-26
-57,-17,-36
-59,-13,-32
-57,-10,-26
-59,-10,-27
-58,-14,-30
-52,-15,-32
-56,-13,-25
-59,-15,-17
-66,-16,-26
-67,-17,-25
-55,-16,-12
-55,-12,-7
-67,-18,-11
-55,-16,-2
-62,-20,-6
-61,-17,-4
-57,-19,1
-57,-17,3
-61,-17,-2
-59,-15,1
-60,-16,0
-64,-17,-2
-64,-16,-1
-62,-17,1
-66,-19,-4
-65,-17,-3
-64,-15,-2
-71,-9,-2
-70,-6,8
-62,-7,22
-52,-13,20
-49,-19,17
-44,-24,6
-49,-26,-29
-50,-25,-35
-76,-17,-33
-49,-20,-18
-55,-17,-26
-63,-13,-26
-62,-11,-17
-57,-15,-20
-60,-8,-16
-45,-12,-15
-45,-15,-27
-60,-17,-52
-54,-14,-44
-66,-7,-34
-46,-15,-39
-47,-13,-29
-52,-10,-28
-49,-11,-33
-57,-13,-33
-52,-8,-35
-54,-13,-32
-55,-8,-39
-51,-12,-42
-54,-11,-33
-64,-9,-44
-51,-16,-37
-47,-13,-31
-52,-10,-36
-55,-12,-36
-53,-14,-32
-53,-14,-35
-57,-14,-27
-61,-12,-26
-57,-13,-33
-55,-13,-33
-57,-12,-33
-60,-12,-30
-58,-11,-29
-54,-13,-27
-53,-13,-27
-55,-13,-26
-54,-12,-24
-57,-10,-18
-63,-7,-22
-62,-13,-27
-62,-14,-26
-58,-14,-26
-58,-13,-26
-65,-13,-24
-63,-13,-22
-56,-13,-18
-52,-13,-15
-48,-14,-18
-55,-14,-23
-60,-13,-23
-59,-14,-24
-60,-14,-27
-59,-15,-28
-59,-14,-28
-60,-15,-29
-57,-15,-27
-56,-16,-27
-56,-16,-28
-57,-15,-30
-57,-15,-28
-55,-15,-27
-55,-15,-27
-60,-15,-28
-59,-15,-28
-58,-16,-26
-59,-17,-26
-59,-17,-26
-60,-18,-26
-60,-19,-24
-52,-17,-17
-62,-16,-14
-70,-16,-12
-56,-17,-10
-57,-21,-12
-62,-18,-5
-60,-14,-1
-60,-15,-1
-67,-13,0
-66,-16,0
-62,-18,1
-57,-21,7
-62,-20,6
-66,-21,2
-63,-19,14
-55,-18,20
-59,-19,15
-55,-18,20
-47,-17,35
-40,-18,41
-45,-14,39
-51,-14,40
-45,-16,38
-40,-15,40
-53,-16,36
-59,-19,33
-56,-21,30
-48,-20,34
-48,-13,34
-52,-10,33
-50,-9,29
-55,-9,23
-71,-10,8
-69,-11,9
-68,-17,-3
-69,-20,12
-61,-16,12
-60,-14,15
-52,-6,25
-62,-3,20
-59,-3,14
-61,-10,0
-72,-12,-10
-63,-14,-10
-64,-12,-15
-71,-14,-22
-63,-14,-17
-54,-13,-16
-52,-12,-22
-74,-6,-20
-67,-7,-17
-39,-7,-5
-41,-6,-13
-71,-6,-44
-64,-8,-37
-43,-9,-37
-48,-11,-45
-44,-9,-40
-50,-9,-42
-52,-9,-49
-49,-8,-42
-49,-3,-37
-51,-2,-40
-46,0,-38
-45,0,-43
-47,-5,-50
-45,-6,-49
-46,-6,-53
-41,-9,-52
-34,-10,-52
-37,-7,-56
-46,-3,-52
-46,-2,-39
-31,1,-31
-41,0,-50
-45,-2,-53
-40,-6,-52
-34,-8,-52
-37,-9,-59
-33,-9,-57
-26,-5,-59
-28,-3,-63
-34,0,-50
-38,1,-46
-38,-1,-42
-35,1,-40
-35,0,-52
-39,-1,-58
-34,-3,-59
-28,-4,-61
-26,-7,-59
-28,-6,-57
-22,-4,-61
-20,-4,-65
-26,-2,-52
-34,1,-45
-46,-1,-56
-23,1,-36
-25,2,-47
-40,0,-65
-38,-1,-58
-30,-1,-58
-33,-4,-62
-35,-5,-58
-32,-4,-60
-34,-1,-62
-38,2,-55
-41,3,-45
-21,7,-35
-35,6,-46
-48,4,-56
-39,0,-52
-37,0,-53
-43,-1,-60
-45,-2,-60
-43,-3,-59
-41,-3,-57
-42,1,-38
-44,5,-31
-54,8,-32
-50,5,-32
-50,5,-36
-61,-2,-45
-55,-4,-31
-68,-4,-30
-68,-5,-27
-59,-5,-19
-53,1,-10
-64,5,-15
-69,5,-22
-56,-1,-12
-56,-1,-9
-71,-2,-8
-75,-3,-10
-64,-5,9
-63,-4,9
-62,-2,8
-65,2,9
-62,0,17
-59,-1,15
-56,0,17
-58,1,26
-54,-5,32
-51,-3,33
-49,-3,44
-49,-3,44
-49,-3,42
-45,0,44
-45,1,46
-48,1,38
-49,-3,32
-50,-3,37
-51,-6,34
-58,-6,24
-61,-6,20
-67,-8,12
-67,-9,9
-62,-7,6
-58,-4,3
-56,-4,-7
-56,-6,-14
-84,-1,-21
-75,-1,-15
-59,-3,-9
-50,-2,-11
-51,0,-16
-62,1,-20
-60,-5,-26
-64,-4,-32
-56,-4,-34
-52,-5,-43
-49,-8,-49
-58,-4,-42
-61,-2,-37
-55,-2,-41
-56,0,-28
-57,3,-19
-60,2,-25
-55,1,-35
-50,-2,-29
-52,-3,-30
-50,-2,-38
-46,-4,-51
-42,-8,-50
-48,-8,-50
-52,-7,-41
-54,-4,-32
-56,-4,-35
-52,0,-42
-52,1,-46
-60,1,-26
-64,-2,-24
-65,1,-22
-60,0,-19
-54,0,-34
-48,-4,-37
-48,-4,-45
-48,-5,-49
-47,-9,-45
-55,-9,-39
-53,-6,-34
-50,-2,-32
-54,-1,-38
-55,-1,-38
-64,2,-22
-60,2,-19
-57,3,-25
-57,-1,-36
-49,-4,-34
-46,-6,-47
-44,-6,-51
-46,-8,-43
-49,-7,-40
-58,-4,-37
-54,-4,-33
-56,-1,-34
-51,1,-40
-59,-1,-38
-59,-1,-31
-67,0,-20
-64,2,-16
-55,-1,-26
-54,-3,-27
-51,-6,-30
-49,-7,-37
-51,-6,-43
-53,-6,-37
-56,-5,-35
-62,-4,-32
-63,0,-25
-64,0,-30
-54,2,-34
-60,2,-29
-62,3,-25
-69,2,-10
-60,1,-8
-63,-2,-20
-57,-3,-20
-57,-2,-26
-55,-4,-36
-54,-3,-34
-54,-4,-30
-62,-3,-25
-64,-1,-20
-61,0,-23
-56,1,-26
-64,4,-17
-66,1,-17
-69,4,-19
-71,3,-15
-66,-1,-16
-58,-3,-20
-47,-5,-23
-47,-5,-30
-57,-5,-31
-56,-5,-28
-65,-4,-29
-67,-3,-24
-66,1,-14
-67,2,-21
-59,2,-19
-62,1,-25
-68,10,-16
-59,2,-12
-52,0,-13
-54,-5,-9
-60,-5,-12
-57,-5,-20
-58,-5,-26
-60,-4,-28
-65,-3,-25
-69,-4,-21
-60,-3,-15
-56,2,-15
-57,4,-12
-68,7,-6
-71,6,-6
-72,4,-12
-69,3,-16
-63,2,-15
-60,2,-12
-62,3,-12
-61,2,-14
-64,0,-21
-63,-1,-24
-58,-2,-19
-55,-1,-16
-61,1,-23
-70,0,-27
-64,2,-18
-64,3,-18
-65,0,-23
-61,-3,-24
-55,-3,-25
-55,4,-27
-59,3,-21
-59,0,-16
-53,0,-7
-59,6,6
-66,5,-4
-65,-5,-24
-58,-5,-22
-58,0,-16
-63,-1,-20
-69,-4,-22
-71,-3,-20
-58,-4,-14
-52,-3,-11
-57,-4,-19
-59,-5,-19
-61,-3,-25
-69,-2,-26
-63,-6,0
-64,-11,3
-70,-8,20
-69,-9,29
-61,-8,28
-61,-7,19
-58,-7,21
-62,-14,6
-68,-12,3
-27,4,40
-63,-10,13
-62,-4,12
-60,-7,13
-67,-8,1
-70,-9,-4
-65,-8,-4
-61,-5,-8
-72,-8,-19
-70,-5,-12
-62,-7,-7
-62,-11,-12
-63,-10,-16
-62,-7,-13
-59,-4,-17
-64,-3,-19
-70,-5,-21
-63,-3,-18
-54,-5,-13
-57,-1,-16
-64,-4,-32
-60,-5,-30
-55,-8,-25
-59,-7,-23
-61,-6,-21
-66,-9,-25
-67,-9,-24
-58,-10,-11
-66,-11,-16
-59,-5,-17
-56,-6,-21
-61,-11,-28
-59,-11,-26
-58,-8,-21
-59,-7,-20
-58,-9,-18
-57,-6,-14
-69,-7,-19
-68,-6,-21
-63,-8,-25
-57,-8,-25
-55,-8,-22
-59,-8,-20
-59,-7,-19
-57,-7,-23
-57,-8,-23
-57,-8,-25
-58,-8,-27
-55,-9,-28
-65,-7,-26
-55,-2,-19
-60,-2,-30
-54,-8,-31
-60,-7,-31
-59,-5,-31
-56,-5,-31
-57,-5,-29
-57,-3,-28
-56,-4,-25
-58,-2,-24
-58,-1,-24
-59,0,-23
-57,-1,-22
-56,1,-22
-57,0,-25
-57,-2,-28
-57,-2,-32
-56,-1,-32
-58,2,-28
-58,3,-28
-54,0,-34
-56,0,-33
-58,0,-28
-58,0,-27
-63,-2,-27
-65,-2,-27
-65,-2,-22
-67,-3,-19
-68,-2,-21
-65,4,-16
-61,6,-13
-65,7,-18
-63,9,-18
-61,12,-15
-60,14,-12
-58,14,-14
-60,14,-17
-61,14,-15
-60,14,-13
-59,13,-15
-63,14,-14
-60,12,-10
-62,12,-12
-66,13,-15
-65,12,-13
-62,12,-9
-63,13,-10
-64,16,-10
-63,16,-9
-64,17,-8
-62,18,-4
-61,20,-3
-65,22,-3
-65,21,-1
-61,22,4
-63,21,2
-66,20,1
-64,20,2
-61,18,2
-61,19,4
-64,19,3
-62,18,3
-63,17,3
-62,17,2
-63,17,2
-62,17,3
-62,17,2
-63,17,1
-62,18,3
-61,18,3
-62,18,2
-63,19,4
-62,18,3
-62,18,5
-61,18,3
-61,17,4
-62,18,3
-62,17,3
-63,17,4
-63,18,3
-63,18,3
-63,18,2
-61,17,2
-62,18,2
-62,19,2
-61,19,1
-61,19,3
-58,20,5
-56,21,7
-60,18,6
-62,17,6
-61,16,-1
-62,15,-7
-68,18,-9
-64,19,-8
-61,19,-18
-60,20,-18
-52,20,-16
-50,19,-21
-52,20,-32
-56,21,-36
-48,23,-38
-46,24,-40
-41,24,-47
-36,25,-49
-34,25,-50
-38,26,-55
-30,28,-54
-25,28,-54
-25,28,-55
-23,27,-55
-24,27,-54
-27,26,-53
-27,25,-54
-25,25,-54
-23,26,-51
-26,27,-54
-24,27,-54
-21,27,-51
-20,27,-50
-19,30,-57
-17,30,-52
-21,31,-50
-21,30,-50
-18,30,-51
-16,32,-51
-17,35,-52
-19,35,-54
-16,35,-53
-16,36,-52
-15,37,-54
-16,37,-54
-17,38,-53
-17,37,-52
-19,38,-50
-20,38,-50
-21,38,-46
-25,36,-49
-27,37,-51
-34,34,-48
-34,34,-45
-34,33,-42
-37,33,-41
-38,31,-35
-42,30,-34
-44,30,-30
-46,31,-26
-51,29,-24
-51,27,-21
-58,28,-18
-55,28,-10
-58,27,-7
-60,28,-3
-61,28,5
-60,28,7
-60,28,9
-66,29,9
-60,29,13
-55,27,15
-61,27,16
-60,27,12
-57,28,7
-54,28,10
-52,30,12
-52,30,12
-57,30,11
-57,31,10
-56,30,10
-57,30,9
-58,31,9
-56,31,8
-55,30,5
-59,30,6
-59,29,8
-56,27,7
-57,26,7
-60,25,6
-60,26,7
-58,27,6
-61,27,4
-60,28,4
-61,28,4
-60,27,4
-61,27,3
-60,27,4
-60,27,4
-61,26,3
-61,26,3
-60,25,4
-60,25,4
-60,26,3
-60,27,3
-58,27,4
-59,28,4
-59,28,2
-57,28,5
-58,28,4
-58,27,5
-57,27,6
-58,27,6
-59,28,6
-59,28,6
-59,28,6
-59,27,5
-59,27,6
-60,27,6
-61,28,5
-59,29,7
-58,29,7
-58,28,7
-58,28,8
-58,28,6
-57,28,6
-59,28,7
-58,29,6
-56,29,8
-56,29,8
-56,30,7
-57,32,7
-55,32,8
-54,34,9
-54,36,6
-51,34,-5
-51,29,3
-53,25,6
-58,28,4
-59,36,2
-58,39,5
-60,41,5
-58,39,4
-51,41,-2
-43,36,-10
-51,32,-20
-56,32,-20
-53,30,-25
-47,28,-24
-41,27,-25
-41,27,-27
-47,32,-41
-36,38,-42
-34,36,-41
-35,36,-41
-36,42,-47
-33,44,-51
-28,41,-59
-32,39,-57
-32,41,-50
-26,38,-53
-22,38,-51
-17,34,-41
-15,34,-44
-16,36,-49
-16,38,-48
-11,39,-49
-12,39,-50
-13,39,-56
-12,35,-54
-10,31,-53
-12,31,-57
-11,31,-55
-8,31,-53
-10,31,-55
-10,31,-55
-9,31,-53
-9,30,-53
-7,31,-52
-4,33,-50
-15,33,-52
-14,32,-54
-1,28,-58
-3,28,-54
-12,30,-55
-7,27,-61
-4,22,-60
-9,21,-58
-7,22,-61
0,28,-56
1,31,-55
-17,30,-58
-1,27,-59
-3,24,-55
-5,24,-57
-18,26,-61
-20,26,-63
-12,25,-58
-12,25,-56
-11,24,-57
-10,25,-56
-15,24,-56
-18,25,-58
-17,27,-60
-15,26,-57
-14,27,-58
-13,29,-59
-16,27,-57
-17,26,-56
-18,25,-55
-23,26,-54
-25,27,-55
-24,27,-55
-24,24,-54
-26,22,-55
-29,21,-56
-31,19,-55
-31,17,-53
-35,16,-51
-36,16,-50
-41,19,-48
-41,18,-50
-43,17,-48
-45,17,-46
-44,20,-42
-47,23,-41
-46,25,-39
-49,25,-37
-47,22,-34
-47,20,-32
-50,19,-30
-50,19,-30
-58,21,-28
-57,20,-25
-58,19,-26
-58,19,-26
-59,21,-22
-61,22,-19
-58,21,-22
-58,20,-24
-60,20,-19
-57,21,-15
-60,20,-18
-61,19,-16
-59,20,-11
-63,20,-12
-65,20,-9
-63,19,3
-62,20,7
-56,18,14
-60,18,11
-69,15,5
-59,14,9
-59,18,18
-57,16,18
-56,17,24
-57,17,25
-58,19,27
-56,22,28
-54,27,30
-50,27,32
-54,19,27
-54,16,26
-51,13,33
-52,12,34
-56,13,37
-54,14,41
-51,14,44
-50,14,42
-43,18,44
-42,20,49
-39,18,46
-28,21,45
-24,20,51
-35,20,54
-37,19,53
-34,16,55
-36,14,53
-37,13,56
-37,14,56
-32,14,55
-28,15,58
-25,14,58
-24,14,56
-18,15,62
-24,19,60
-28,13,59
-22,5,64
-17,2,50
-14,8,49
-27,14,58
-32,12,61
-29,12,58
-31,12,56
-29,14,64
-25,8,61
-30,7,56
-24,4,56
-19,7,59
-57,10,43
-63,9,47
-37,3,43
-32,7,38
-39,16,47
-44,12,48
-47,9,49
-50,9,45
-50,6,39
-53,2,35
-60,1,30
-59,1,31
-55,-2,31
-56,-4,29
-61,-2,29
-62,-2,29
-55,-3,28
-53,-2,31
-54,2,36
-51,1,38
-42,4,42
-40,4,42
-43,3,41
-45,2,45
-53,-3,41
-55,-1,40
-36,1,42
-42,5,45
-59,2,37
-49,3,40
-50,1,37
-54,3,39
-52,5,39
-54,5,34
-58,5,32
-61,3,30
-63,5,29
-55,3,26
-55,5,28
-57,8,27
-57,8,26
-67,4,19
-67,3,20
-64,1,19
-63,1,19
-62,2,21
-63,1,22
-63,2,22
-61,1,21
-61,1,21
-62,1,21
-62,0,22
-64,0,24
-66,-2,21
-62,-2,24
-59,-2,24
-53,2,30
-53,1,30
-48,1,33
-51,-3,31
-56,-7,28
-55,-3,29
-52,-1,34
-61,-3,32
-52,-3,30
-47,-1,34
-55,-2,29
-57,1,33
-56,1,36
-59,-1,33
-60,-1,32
-56,-1,33
-56,0,34
-57,-1,33
-56,0,33
-55,0,32
-56,1,35
-54,-1,33
-56,1,34
-57,-1,31
-54,2,35
-60,1,34
-58,-3,32
-57,0,29
-58,-1,32
-52,0,35
-57,-1,32
-56,1,33
-56,0,31
-58,-2,30
-59,-2,29
-59,-1,28
-57,-1,28
-55,0,30
-56,0,30
-57,1,31
-56,0,31
-56,1,33
-55,1,33
-52,3,35
-52,4,39
-55,4,40
-55,4,39
-57,2,39
-60,0,35
-55,1,35
-53,2,38
-55,2,43
-41,2,42
-46,0,39
-51,2,45
-53,0,42
-47,1,42
-44,1,44
-41,-1,45
-42,-4,44
-35,-1,50
-33,-1,50
-37,0,46
-37,4,54
-35,1,60
-35,-1,57
-33,-1,52
-29,-1,55
-31,1,61
-33,0,59
-29,1,56
-26,2,56
-35,6,55
-38,4,53
-32,2,57
-30,2,58
-35,1,55
-38,2,54
-33,-1,54
-36,1,52
-46,-3,51
-45,-1,48
-38,-1,49
-37,-3,50
-33,-2,49
-28,4,50
-30,5,54
-37,6,61
-36,5,59
-29,5,60
-28,3,61
-30,3,58
-38,4,54
-37,6,54
-34,5,54
-44,3,47
-42,2,48
-40,2,50
-40,3,49
-41,7,48
-42,6,45
-45,0,42
-46,-2,42
-47,-3,53
-61,-2,52
5,16,67
-23,-1,50
-54,4,55
-38,-1,54
-29,-5,53
-19,2,55
-26,6,55
-42,0,57
-34,-8,57
-13,-10,54
-20,-4,57
-20,2,56
-21,3,55
-24,7,61
-29,9,64
-28,8,61
-27,7,58
-24,8,58
-24,9,60
-25,6,58
-28,6,57
-44,6,53
-40,3,52
-25,7,65
-23,6,63
6,12,63
-15,10,62
-15,9,61
-12,8,63
-20,5,62
-22,4,62
-10,5,64
-24,-2,55
-29,4,55
-16,4,53
-22,5,52
-27,7,58
-27,7,58
-28,4,58
-30,3,58
-29,6,63
-34,5,60
-35,7,56
-41,11,55
-44,10,54
-42,11,55
-15,13,66
-3,15,63
-25,9,54
-18,6,58
-21,6,57
-21,8,59
-30,2,60
-22,6,63
-26,8,53
-24,8,54
-27,10,59
-28,11,52
-31,9,49
-48,10,45
-63,13,32
-48,14,39
-49,16,35
-52,11,23
-52,8,12
-65,4,-6
-71,1,-20
-74,-4,-39
-73,-4,-38
-60,-6,-34
-58,-4,-39
-51,-5,-43
-41,-3,-34
-64,7,-36
-63,4,-32
-47,10,-41
-44,1,-55
-39,-1,-48
-30,-1,-50
-31,5,-59
-28,5,-65
-19,1,-55
-28,2,-61
-34,-1,-72
-54,-1,-34
-63,-1,-60
-41,4,-40
-39,4,-40
-35,1,-50
-30,0,-58
-25,-4,-67
-27,-5,-61
-50,-3,-62
-52,-2,-63
-50,3,-38
-49,2,-29
-68,-1,-34
-66,1,-28
-57,-6,-14
-60,-6,-12
-66,-5,-8
-62,-5,-4
-58,-13,-3
-58,-10,6
-66,-11,1
-72,-10,-4
-45,-11,8
-47,-9,15
-63,-12,2
-56,-12,7
-56,-9,29
-59,-13,21
-63,-12,17
-52,-13,25
-46,-10,30
-62,-4,17
-57,-5,8
-61,-8,-6
-69,-9,-10
-72,-7,-18
-69,-9,-17
-59,-8,-15
-58,-7,-14
-58,-5,-17
-64,-6,-24
-70,-1,-24
-71,-1,-25
-68,-2,-28
-64,-2,-25
-65,-2,-19
-63,-3,-20
-67,-4,-15
-64,-6,-13
-59,-7,-12
-62,-5,-7
-64,-8,2
-71,-3,-10
-58,-5,-5
-55,-10,17
-51,-10,4
-67,-8,-13
-66,-9,-2
-62,-9,4
-61,-6,4
-62,-8,2
-59,-9,1
-62,-7,-2
-64,-7,-4
-63,-7,-5
-64,-4,-3
-63,-5,-7
-61,-5,-8
-66,-3,-14
-70,-4,-17
-67,-6,-19
-65,-6,-18
-61,-5,-15
-62,-3,-13
-64,-2,-17
-66,-2,-19
-60,0,-18
-55,3,-18
-55,-1,-19
-55,-7,-24
-59,-4,-31
-56,3,-18
-55,2,-12
-69,-6,-35
-68,-7,-49
-55,-6,-40
-46,-4,-31
-37,-3,-23
-40,-5,-25
-48,-7,-32
-50,-6,-36
-55,-7,-41
-53,-7,-39
-55,-6,-42
-51,-5,-43
-52,-3,-44
-51,-5,-47
-47,-5,-48
-42,-6,-46
-52,-7,-52
-47,-10,-54
-39,-9,-48
-42,-2,-31
-48,4,-32
-48,4,-49
-43,-2,-60
-34,-6,-62
-11,-11,-62
-20,-11,-62
-38,-10,-58
-30,-4,-36
-43,-4,-41
-46,1,-44
-50,5,-44
-45,5,-53
-38,2,-59
-23,-6,-60
-20,-8,-60
-30,-12,-73
-33,-11,-69
-36,-4,-46
-39,-3,-46
-47,3,-48
-41,3,-45
-30,2,-52
-23,1,-58
-20,-4,-65
-15,-7,-69
-20,-12,-77
-23,-11,-71
-38,-1,-49
-34,-2,-51
-28,-2,-59
-25,-3,-57
-20,-2,-59
-18,-3,-60
-18,-8,-61
-14,-9,-60
-17,-9,-60
-21,-8,-60
-22,-8,-62
-20,-8,-60
-21,-8,-60
-19,-8,-59
-17,-9,-59
-19,-9,-59
-20,-9,-60
-20,-9,-59
-20,-8,-59
-21,-8,-59
-22,-8,-59
-20,-8,-60
-23,-10,-60
-24,-10,-59
-26,-10,-59
-34,-9,-59
-33,-8,-59
-37,-10,-59
-44,-10,-58
-42,-12,-58
-43,-14,-52
-41,-16,-45
-41,-15,-39
-45,-15,-35
-54,-14,-27
-54,-14,-27
-40,-10,-30
-48,-14,-29
-54,-13,-37
-45,-10,-38
-53,-18,-27
-50,-14,-25
-49,-16,-26
-53,-13,-30
-56,-13,-28
-51,-14,-27
-56,-11,-32
-60,-12,-32
-55,-12,-28
-54,-12,-29
-54,-12,-32
-55,-11,-31
-55,-9,-32
-52,-11,-29
-54,-7,-32
-52,-6,-32
-51,-5,-36
-47,-7,-35
-47,-6,-40
-46,-8,-43
-40,-9,-46
-43,-11,-53
-41,-11,-55
-38,-9,-53
-36,-13,-50
-40,-10,-57
-38,-9,-60
-34,-7,-53
-36,-7,-53
-34,-6,-62
-31,-6,-59
-31,-6,-55
-33,-6,-56
-34,-5,-53
-35,-5,-55
-36,-2,-47
-40,0,-48
-40,-2,-52
-38,-4,-52
-36,-3,-51
-35,-3,-51
-37,-3,-52
-37,-3,-53
-37,-3,-54
-36,-4,-54
-34,-5,-57
-33,-6,-57
-32,-7,-57
-34,-6,-57
-39,-7,-54
-36,-7,-49
-37,-4,-49
-46,-4,-45
-48,-4,-46
-51,-5,-46
-43,-4,-43
-37,-6,-47
-35,-7,-47
-40,-9,-54
-39,-5,-50
-49,-5,-41
-52,-4,-44
-42,-4,-38
-44,-5,-34
-47,-2,-42
-41,-2,-50
-39,-1,-58
-35,1,-57
-47,-3,-42
-46,-3,-46
-46,-7,-54
-50,-7,-50
-56,-2,-29
-63,4,-40
-46,-1,-39
-46,-1,-39
-39,1,-52
-33,4,-55
-32,-1,-55
-44,1,-51
-37,-1,-53
-52,-2,-36
-53,-1,-29
-57,3,-28
-62,3,-39
-55,3,-41
-51,3,-44
-40,3,-50
-38,1,-55
-32,-3,-62
-28,-6,-65
-38,-5,-61
-47,-2,-45
-46,-2,-32
-52,0,-45
-45,4,-41
-38,3,-41
-31,0,-55
-29,-1,-58
-23,-3,-58
-22,-4,-58
-32,-4,-65
-38,-4,-63
-41,1,-45
-39,0,-46
-41,-1,-50
-36,0,-44
-36,0,-51
-35,2,-52
-32,3,-54
-24,3,-64
-21,0,-63
-24,-3,-65
-29,-4,-69
-29,0,-59
-30,0,-56
-36,2,-55
-36,3,-53
-37,4,-51
-33,5,-52
-30,2,-55
-29,2,-59
-26,1,-62
-26,-2,-58
-30,-4,-68
-32,-5,-69
-38,-2,-51
-42,0,-48
-48,2,-52
-52,2,-52
-52,-3,-46
-53,-4,-45
-62,-5,-39
-61,-9,-37
-63,-7,-34
-60,-10,-19
-62,-9,-12
-67,-6,-19
-53,-9,-3
-57,-9,3
-53,-12,8
-52,-12,10
-48,-9,16
-28,-8,42
-27,-9,47
-37,-8,46
-39,-8,48
-41,-9,50
-39,-11,48
-39,-10,45
-43,-9,42
-53,-8,33
-57,-8,30
-57,-10,21
-58,-10,15
-61,-8,12
-61,-8,7
-59,-9,-4
-58,-8,-7
-64,-5,-13
-72,-7,-21
-69,-5,-22
-71,-2,-20
-61,2,-17
-61,2,-35
-67,5,-33
-55,-2,-39
-56,-7,-49
-49,-11,-47
-50,-10,-43
-52,-1,-34
-57,3,-30
-53,0,-40
-49,-2,-46
-44,2,-39
-39,-2,-45
-45,-3,-49
-43,-1,-48
-37,-2,-49
-36,0,-49
-39,0,-48
-42,0,-48
-41,-3,-49
-41,-4,-46
-48,-5,-49
-52,-3,-48
-53,-2,-47
-52,-2,-46
-46,-1,-41
-48,1,-43
-52,1,-42
-57,-2,-33
-54,-3,-33
-52,0,-28
-53,1,-26
-52,0,-27
-56,-1,-27
-62,-1,-24
-62,1,-19
-63,-1,-11
-64,-2,-7
-68,-2,-5
-65,-2,-9
-64,-4,-21
-61,-4,-18
-62,-4,-20
-65,1,-19
-60,1,-19
-59,1,-18
-61,-1,-19
-60,-2,-17
-64,-2,-13
-60,-4,-11
-62,-5,-13
-62,-2,-2
-68,-2,0
-67,0,3
-63,0,-1
-64,1,-10
-65,1,-9
-63,0,-10
-62,0,-9
-61,0,-6
-64,1,-6
-65,0,-8
-63,0,-6
-65,-1,-14
-70,-2,-18
-67,0,-16
-63,0,-15
-60,0,-17
-62,0,-18
-65,1,-25
-64,1,-26
-58,3,-22
-59,6,-22
-59,4,-17
-54,2,-14
-56,2,-17
-57,1,-19
-62,4,-20
-62,4,-25
-60,3,-26
-61,4,-25
-61,4,-24
-60,4,-22
-60,4,-22
-61,6,-20
-60,7,-21
-62,7,-21
-62,7,-19
-61,8,-17
-62,9,-18
-63,9,-18
-63,9,-17
-64,9,-17
-63,8,-17
-64,10,-16
-65,10,-14
-65,10,-15
-63,9,-16
-63,10,-12
-62,11,-10
-62,11,-11
-63,13,-10
-63,14,-7
-62,14,-7
-62,14,-3
-61,15,2
-62,14,1
-62,13,0
-61,14,4
-62,14,9
-62,14,8
-60,12,12
-62,13,14
-61,15,19
-64,15,15
-65,13,16
-62,13,18
-61,14,14
-63,16,14
-64,17,16
-65,17,13
-59,19,12
-60,20,12
-63,22,10
-62,24,11
-60,23,8
-60,24,9
-59,23,10
-62,23,9
-61,24,9
-62,25,9
-61,25,8
-62,25,7
-62,23,8
-61,20,10
-61,19,9
-63,19,7
-62,19,8
-62,19,9
-62,18,8
-61,15,8
-61,14,8
-61,13,7
-60,13,8
-63,13,8
-64,13,7
-64,13,9
-64,12,8
-66,11,7
-65,11,7
-63,13,7
-64,13,7
-63,14,5
-61,14,5
-62,16,7
-63,16,7
-61,15,4
-63,15,5
-66,15,9
-63,13,7
-60,12,7
-62,14,8
-64,14,4
-65,14,5
-65,14,8
-65,12,4
-55,11,24
-60,12,5
-62,17,-3
-55,18,0
-48,18,3
-63,25,-3
-52,22,-5
-55,21,-2
-53,19,3
-56,17,1
-61,18,1
-66,18,6
-66,16,5
-66,14,-1
-71,15,-2
-74,13,-3
-74,12,-5
-71,12,-10
-71,15,-8
-67,19,-9
-63,20,-11
-62,23,-10
-59,25,-12
-56,24,-15
-55,23,-17
-56,24,-16
-58,25,-15
-57,26,-16
-57,25,-13
-58,26,-16
-57,27,-18
-55,26,-15
-56,26,-15
-57,26,-15
-58,26,-15
-57,25,-15
-56,24,-17
-56,25,-18
-57,25,-20
-57,25,-20
-58,26,-22
-59,28,-23
-57,30,-21
-56,28,-21
-53,29,-21
-56,29,-22
-55,29,-21
-52,29,-20
-53,29,-22
-55,29,-23
-53,29,-22
-54,28,-23
-54,27,-23
-55,28,-24
-55,28,-24
-54,28,-23
-52,28,-25
-53,28,-25
-52,27,-25
-53,27,-26
-52,27,-27
-51,27,-28
-51,27,-27
-51,28,-28
-51,28,-29
-51,28,-29
-51,28,-28
-50,27,-29
-50,27,-29
-51,27,-28
-50,28,-28
-50,28,-30
-50,27,-30
-50,27,-29
-50,28,-29
-50,28,-30
-51,28,-29
-52,29,-29
-52,29,-31
-52,28,-32
-55,30,-36
-54,30,-34
-51,28,-32
-49,27,-29
-48,25,-26
-48,25,-26
-48,25,-27
-48,26,-30
-49,27,-34
-55,29,-33
-53,29,-31
-53,28,-32
-54,29,-28
-52,28,-27
-50,26,-26
-51,26,-25
-52,25,-25
-51,23,-25
-54,24,-26
-53,24,-26
-52,25,-26
-50,25,-28
-49,26,-29
-49,25,-30
-50,27,-30
-53,27,-29
-53,27,-28
-52,26,-27
-53,26,-27
-53,26,-27
-54,26,-28
-53,26,-27
-53,26,-26
-51,23,-27
-52,23,-27
-57,27,-28
-59,30,-30
-58,32,-29
-54,31,-29
-48,27,-27
-48,26,-27
-49,27,-28
-49,28,-28
-49,27,-29
-47,26,-29
-45,25,-31
-48,25,-30
-52,27,-29
-53,26,-30
-55,25,-30
-55,25,-30
-53,23,-29
-52,22,-28
-53,23,-27
-55,25,-27
-54,25,-27
-52,26,-28
-52,26,-28
-52,26,-28
-52,26,-29
-54,27,-29
-55,28,-29
-52,28,-28
-51,27,-28
-52,26,-30
-56,25,-33
-53,22,-33
-53,24,-28
-60,24,-25
-59,24,-23
-54,26,-19
-58,27,-19
-56,26,-16
-54,25,-17
-55,23,-19
-57,22,-19
-57,21,-18
-55,19,-15
-58,19,-10
-60,20,-6
-61,23,-1
-56,23,1
-56,23,0
-59,25,-2
-60,25,-3
-58,23,-5
-60,23,-7
-66,24,-8
-68,26,-8
-58,26,-2
-56,25,-2
-59,26,-1
-61,26,-1
-59,24,-1
-61,23,-3
-59,23,-3
-60,23,-3
-61,23,-3
-61,24,-3
-63,27,-2
-60,26,-2
-56,26,-2
-61,29,-1
-62,27,-3
-61,24,-3
-62,25,-3
-65,26,-3
-62,28,-2
-58,27,-3
-58,26,-2
-55,25,-3
-57,24,-2
-58,24,-2
-58,26,-1
-62,30,-1
-64,30,-2
-61,29,-3
-61,28,-3
-58,27,-3
-57,27,-2
-57,27,-1
-56,27,-1
-56,27,-1
-56,28,0
-58,29,0
-59,29,0
-60,29,0
-61,29,0
-60,28,1
-60,29,1
-57,29,1
-56,29,0
-58,29,0
-58,29,-1
-56,26,-1
-56,25,-2
-58,25,-3
-59,24,-4
-61,24,-5
-61,22,-5
-62,22,-4
-63,22,-2
-64,22,-2
-65,20,-2
-64,21,-2
-64,22,-3
-65,23,-4
-63,24,-4
-62,24,-5
-61,23,-6
-60,24,-5
-60,24,-5
-61,24,-6
-61,23,-4
-61,23,-5
-61,20,-6
-61,20,-5
-63,19,-7
-62,18,-8
-61,19,-6
-62,18,-5
-58,14,-14
-56,16,-12
-58,16,-15
-61,16,-20
-61,15,-17
-60,16,-16
-61,17,-16
-46,20,-6
-65,16,-15
-68,14,-20
-60,10,-21
-49,15,-16
-55,19,-13
-63,20,-16
-61,19,-16
-58,17,-19
-61,19,-17
-65,18,-17
-66,17,-18
-60,16,-14
-62,17,-15
-61,17,-17
-59,18,-16
-63,19,-17
-66,20,-17
-63,20,-15
-62,19,-13
-62,19,-10
-62,18,-10
-66,20,-12
-61,20,-5
-66,18,-7
-57,18,3
-61,18,3
-54,18,12
-53,18,15
-59,18,14
-58,20,17
-57,21,19
-58,20,17
-57,20,14
-60,20,11
-62,20,11
-61,19,11
-63,18,8
-61,18,8
-61,18,8
-63,17,5
-62,18,-2
-67,20,-4
-64,23,-1
-59,22,0
-54,26,7
-53,26,12
-69,21,-8
-66,21,-8
-60,15,-12
-61,19,-8
-58,18,-7
-62,20,-13
-66,17,-15
-63,15,-16
-60,17,-15
-61,18,-17
-58,17,-15
-52,17,-11
-63,16,-20
-67,17,-23
-59,18,-15
-58,15,-19
-59,17,-19
-59,17,-22
-56,16,-22
-55,16,-23
-56,19,-15
-64,14,-20
-64,16,-21
-59,7,-29
-68,9,-33
-63,11,-14
-59,15,-18
-51,16,-16
-59,19,-17
-70,14,-22
-68,11,-14
-64,12,-9
-64,15,-4
-69,15,-8
-77,9,-12
-69,14,-2
-62,15,22
-71,13,12
-72,11,8
-66,12,15
-53,12,31
-51,10,31
-34,11,48
-35,8,45
-24,8,51
-21,9,54
-19,6,56
-18,5,57
-17,3,57
-18,3,56
-17,2,59
-17,2,61
-21,2,62
-18,2,65
-15,1,63
-16,1,61
-14,0,60
-15,1,60
-16,2,64
-10,3,62
-12,1,56
-26,-1,44
-47,2,37
-43,6,43
-45,6,41
-67,8,35
-73,10,35
-63,3,38
-62,1,34
-53,5,33
-52,4,33
-52,5,35
-75,-3,14
-29,3,41
-31,7,41
-59,9,37
-61,7,39
-51,8,39
-51,10,36
-53,7,37
-58,6,37
-57,5,36
-54,5,36
-59,8,36
-58,9,36
-57,8,37
-51,9,40
-55,9,38
-55,9,37
-58,7,35
-65,6,33
-63,5,32
-49,6,38
-44,7,38
-41,9,35
-39,10,39
-45,5,42
-52,7,39
-55,8,40
-52,6,41
-48,7,41
-47,8,41
-50,7,39
-51,6,38
-52,7,37
-56,8,36
-69,3,33
-66,6,36
-67,2,34
-61,5,41
-55,3,44
-63,1,37
-49,4,43
-39,1,49
-36,3,55
-20,0,53
-15,0,56
-14,-1,59
-13,0,59
-9,3,62
-9,2,62
-10,-2,65
-8,-4,66
-4,-7,65
-6,-8,66
-3,-8,65
-2,-9,63
2,-9,60
3,-10,60
6,-10,59
6,-11,57
3,-13,57
2,-15,56
7,-14,57
5,-15,58
-3,-13,61
-6,-12,63
-5,-9,61
0,-8,61
6,-5,64
-12,-7,59
-10,-10,60
-5,-11,63
-8,-11,63
-8,-9,62
-9,-7,62
-14,-11,61
-15,-12,59
-24,-9,54
-29,-7,55
-35,-4,61
-28,-4,62
-26,-4,56
-30,-5,51
-36,-8,45
-36,-10,43
-37,-8,43
-48,-4,44
-58,2,47
-58,2,47
-54,0,48
-47,1,50
-47,2,47
-46,1,44
-51,0,39
-52,0,38
-57,0,33
-59,1,31
-61,1,30
-60,1,27
-59,1,26
-59,2,26
-60,2,25
-61,3,24
-62,3,24
-66,4,20
-64,3,23
-58,2,27
-59,2,26
-59,3,28
-60,2,26
-61,2,24
-60,1,25
-58,2,27
-59,2,26
-59,3,28
-60,2,26
-61,2,24
-60,1,25
-58,2,27
-57,1,26
-56,1,26
-57,0,24
-59,0,21
-61,0,19
-65,-1,11
-66,0,14
-66,1,16
-65,0,15
-64,1,11
-79,1,8
-70,2,16
-65,1,17
-58,0,21
-71,2,15
-57,1,28
-53,-1,29
-56,0,29
-52,-2,34
-58,-2,29
-57,-4,23
-53,-3,25
-52,2,29
-60,5,29
-54,4,34
-57,1,29
-62,-3,23
-60,-5,26
-57,-4,21
-58,-5,20
-64,-3,20
-67,0,17
-72,-2,19
-73,-8,19
-63,-4,22
-56,-2,21
-56,0,17
-52,3,23
-51,2,22
-55,3,19
-60,2,19
-69,-3,12
-70,-6,11
-65,10,34
-74,8,32
-63,1,19
-58,0,15
-60,1,11
-64,1,9
-62,1,10
-60,1,9
-64,3,8
-69,3,7
-67,2,16
-69,3,18
-63,2,20
-65,3,20
-61,4,19
-61,2,15
-61,2,16
-62,1,17
-58,-3,16
-58,-5,15
-56,-6,16
-67,-7,10
-67,-7,15
-65,-6,17
-61,-5,12
-49,-5,3
-66,2,4
-70,-4,12
-71,-3,6
-69,-4,7
-64,-1,17
-66,-1,14
-62,-1,7
-61,1,7
-64,0,8
-67,-4,-2
-62,-6,-8
-59,0,-5
-61,3,-4
-68,3,-6
-71,4,-4
-71,5,2
-70,4,4
-69,5,8
-64,4,8
-68,6,8
-68,5,10
-60,0,-2
-60,-1,-7
-55,-5,-8
-58,-3,-8
-62,-1,-8
-67,1,-8
-72,1,-10
-71,3,3
-69,6,9
-64,4,9
-68,-1,5
-71,-6,-5
-66,-7,-14
-60,2,-12
-62,1,-11
-59,-3,-6
-50,-4,-7
-55,-1,-7
-64,1,-8
-72,-1,-14
-78,-1,-7
-74,-1,1
-71,-4,-7
-66,-9,-15
-63,-4,-5
-56,-1,4
-52,-4,-1
-57,-5,-5
-61,-5,-5
-62,-7,-5
-63,-9,-1
-63,-6,-6
-62,-6,-19
-70,-6,-22
-70,0,-13
-58,0,-7
-71,3,-3
-75,4,-5
-65,0,-8
-66,0,-12
-64,-2,-11
-60,-3,-11
-64,-4,-13
-61,-3,-8
-64,-2,-7
-69,-3,-13
-61,-6,-19
-54,-4,-16
-49,-6,-16
-49,-7,-21
-67,-4,-37
-65,-2,-32
-60,-4,-26
-59,-2,-27
-54,-6,-35
-55,-6,-37
-57,-6,-35
-53,-7,-33
-53,-8,-34
-55,-7,-37
-56,-7,-37
-55,-7,-37
-54,-7,-36
-30,4,-16
-61,4,-26
-55,0,-28
-64,2,-35
-54,-6,-42
-51,-9,-41
-58,-8,-40
-60,-7,-38
-60,-4,-34
-56,-4,-31
-56,-4,-29
-55,-5,-29
-54,-5,-26
-53,-4,-25
-58,-2,-30
-63,-1,-36
-45,-7,-35
-61,-6,-43
-47,-8,-33
-43,-11,-37
-46,-8,-44
-48,-7,-37
-47,-6,-36
-51,-7,-42
-50,-4,-40
-48,-7,-39
-48,-8,-41
-45,-7,-46
-44,-6,-42
-46,-7,-40
-43,-8,-40
-45,-8,-49
-46,-8,-51
-40,-10,-48
-42,-9,-47
-41,-8,-46
-41,-6,-46
-41,-7,-49
-42,-8,-49
-44,-7,-50
-44,-7,-50
-43,-6,-49
-42,-6,-49
-44,-5,-44
-47,-3,-41
-47,-5,-56
-49,-4,-51
-42,-6,-42
-42,-6,-44
-44,-5,-43
-45,-6,-42
-47,-7,-43
-47,-3,-42
-44,-3,-39
-42,-1,-35
-44,-3,-33
-49,-1,-44
-48,-3,-49
-51,-6,-51
-51,-8,-48
-47,-8,-45
-47,-6,-44
-46,-5,-41
-44,-4,-40
-49,-3,-45
-51,-2,-46
-50,-3,-43
-48,2,-41
-53,4,-37
-51,2,-34
-50,4,-36
-52,2,-39
-54,4,-48
-41,4,-49
-39,-5,-57
-34,-4,-50
-38,-1,-52
-47,0,-47
-50,-1,-41
-51,0,-34
-53,1,-37
-51,0,-38
-49,0,-40
-44,-2,-45
-46,-2,-45
-47,1,-38
-47,2,-41
-47,1,-45
-49,1,-42
-52,-2,-49
-54,-6,-54
-51,-3,-48
-48,-1,-40
-46,-1,-34
-49,-2,-38
-49,-2,-44
-48,0,-40
-55,-3,-32
-55,-4,-30
-61,-3,-27
-63,-2,-24
-70,-2,-26
-68,-2,-25
-69,-3,-23
-66,-4,-21
-59,-5,-19
-69,-4,-13
-72,-1,-5
-59,-1,4
-60,-3,3
-54,-5,7
-58,-5,7
-64,-8,3
-63,-9,5
-56,-9,10
-58,-7,12
-68,-4,11
-67,-3,15
-60,-7,14
-64,-8,10
-62,-10,9
-58,-9,13
-56,-10,16
-61,-9,12
-64,-7,14
-65,-8,16
-63,-7,13
-59,-6,14
-56,-5,15
-60,-3,14
-65,-4,11
-71,-3,2
-70,-1,2
-65,-3,4
-62,-3,5
-59,-5,4
-59,-5,3
-61,-4,1
-63,-4,-1
-64,-4,-5
-64,-4,-7
-63,-3,-10
-63,-4,-13
-65,-3,-17
-65,-2,-19
-66,-1,-22
-68,0,-23
-65,0,-23
-63,-1,-21
-61,1,-21
-58,0,-22
-57,-2,-18
-55,-2,-19
-60,0,-27
-58,-2,-26
-66,-3,-25
-68,-2,-26
-63,-3,-25
-59,-1,-23
-58,-1,-24
-55,0,-25
-52,0,-24
-55,-1,-30
-55,-1,-34
-59,-2,-42
-55,-3,-39
-51,-2,-36
-52,-3,-36
-52,-3,-40
-53,-5,-42
-53,-3,-45
-54,-2,-45
-52,1,-40
-52,0,-44
-48,-4,-41
-49,-3,-40
-53,-2,-38
-53,-2,-37
-53,-2,-37
-52,-1,-37
-51,-2,-37
-51,-2,-37
-50,-2,-36
-52,-2,-37
-52,-2,-37
-51,-2,-37
-52,-2,-38
-52,-3,-39
-52,-3,-39
-51,-3,-40
-50,-3,-39
-51,-3,-39
-51,-2,-39
-52,-3,-39
-51,-2,-39
-52,-1,-38
-51,-1,-37
-50,-2,-37
-51,-1,-38
-51,-1,-39
-49,-1,-38
-50,-1,-40
-51,-1,-42
-52,-3,-43
-52,-3,-43
-51,-2,-41
-48,-1,-40
-49,0,-42
-49,-1,-42
-48,-1,-41
-49,-2,-41
-51,-1,-39
-55,-2,-40
-52,-2,-39
-53,-1,-33
-53,0,-32
-51,2,-31
-52,0,-34
-53,-1,-40
-51,0,-42
-47,-3,-50
-44,-3,-49
-46,-3,-48
-49,0,-42
-48,5,-35
-55,7,-29
-58,1,-29
-51,1,-30
-52,-1,-34
-56,-1,-40
-52,-1,-48
-52,-2,-46
-52,2,-40
-51,3,-38
-52,4,-33
-52,4,-31
-51,4,-32
-48,0,-46
-54,2,-47
-53,0,-42
-53,-1,-43
-52,0,-40
-52,1,-34
-57,4,-26
-59,5,-26
-58,8,-17
-62,5,-21
-63,2,-31
-55,3,-29
-49,3,-29
-51,2,-32
-67,3,-32
-54,4,-37
-54,-1,-44
-47,1,-43
-49,1,-44
-48,3,-42
-49,3,-36
-51,3,-35
-54,2,-35
-55,2,-36
-56,2,-33
-58,1,-33
-59,1,-34
-58,1,-33
-59,2,-35
-54,2,-36
-53,2,-36
-52,2,-34
-52,2,-35
-51,1,-35
-52,1,-35
-55,2,-35
-55,2,-35
-56,1,-34
-56,1,-34
-57,1,-34
-55,0,-34
-57,-1,-35
-59,0,-34
-55,2,-30
-55,1,-30
-63,0,-30
-63,0,-28
-59,-3,-30
-51,-4,-31
-55,0,-19
-62,-2,-17
-64,4,-11
-64,-1,-16
-55,-2,-18
-56,-2,-16
-54,-5,-31
-55,-5,-35
-64,-5,-31
-59,-1,-32
-55,2,-27
-66,3,-6
-72,0,-10
-67,2,-9
-63,-1,-10
-61,-4,-15
-63,-4,-25
-57,-7,-33
-53,-8,-33
-54,-5,-35
-56,-2,-28
-58,2,-13
-62,1,-12
-62,-2,-18
-61,-3,-21
-57,-3,-23
-57,-4,-25
-61,-2,-32
-60,-1,-33
-57,-2,-33
-56,-3,-33
-54,-2,-34
-55,-3,-35
-56,-3,-36
-56,-3,-36
-55,-3,-34
-56,-4,-35
-55,-5,-35
-53,-5,-36
-52,-4,-36
-53,-1,-33
-55,-1,-34
-56,-1,-35
-56,-2,-35
-52,-3,-33
-51,-3,-34
-53,-1,-32
-56,-2,-33
-60,-2,-34
-57,-2,-32
-54,-2,-32
-55,-2,-31
-55,-2,-33
-56,-2,-33
-57,-1,-32
-56,-2,-31
-55,-2,-32
-55,-2,-33
-55,-2,-32
-56,-2,-33
-55,-4,-35
-55,-3,-35
-55,-3,-34
-56,-3,-34
-55,-2,-33
-53,0,-30
-53,0,-29
-54,0,-28
-56,0,-31
-54,0,-29
-56,0,-31
-61,-2,-38
-56,-1,-35
-52,-1,-32
-54,-1,-33
-53,-1,-34
-52,1,-35
-51,0,-38
-50,-1,-40
-51,-4,-42
-51,-4,-41
-55,-2,-30
-58,-1,-25
-64,3,-24
-65,5,-26
-56,3,-27
-52,1,-34
-48,-1,-46
-47,-3,-51
-39,-6,-45
-53,-3,-46
-57,-1,-42
-54,0,-28
-54,3,-21
-68,8,-25
-65,7,-26
-50,5,-30
-47,3,-38
-50,1,-48
-52,-1,-53
-44,-3,-42
-49,-1,-43
-54,1,-42
-54,2,-35
-52,6,-20
-59,10,-18
-67,12,-20
-57,9,-19
-55,6,-35
-52,5,-41
-52,3,-48
-50,0,-43
-54,-1,-44
-58,-1,-43
-56,0,-33
-54,4,-22
-72,14,-27
-57,11,-19
-58,10,-22
-45,3,-43
-45,1,-47
-43,-5,-46
-41,-3,-40
-53,-1,-46
-53,2,-43
-51,4,-23
-56,6,-18
-68,7,-31
-60,5,-31
-48,1,-27
-50,1,-34
-50,-4,-53
-47,-8,-52
-47,1,-43
-45,0,-46
-48,0,-44
-52,2,-48
-56,5,-32
-60,7,-27
-56,8,-32
-53,7,-33
-50,2,-41
-45,1,-40
-50,-1,-47
-51,0,-49
-38,1,-50
-47,-5,-50
-47,-3,-46
-50,-2,-44
-51,1,-44
-49,5,-40
-47,4,-38
-55,7,-44
-47,3,-39
-45,0,-36
-46,-3,-40
-51,-3,-39
-54,-2,-35
-41,-2,-37
-49,-2,-32
-67,-1,-42
-64,-5,-39
-55,1,-33
-54,-3,-35
-51,4,-28
-51,7,-26
-60,3,-28
-60,7,-41
-47,1,-40
-41,-1,-41
-43,-5,-44
-42,-6,-43
-41,-1,-41
-51,2,-44
-52,4,-46
-47,5,-46
-52,6,-41
-49,9,-46
-40,5,-51
-41,-1,-53
-34,-5,-51
-31,-5,-62
-39,-6,-66
-36,-5,-47
-38,-1,-40
-46,8,-41
-51,8,-49
-45,12,-42
-45,8,-45
-37,5,-48
-38,-2,-53
-24,-9,-54
-35,-8,-52
-45,-5,-51
-51,-3,-49
-48,3,-45
-47,6,-40
-52,6,-37
-51,3,-30
-50,7,-43
-50,4,-46
-40,1,-30
-46,3,-40
-55,1,-45
-49,-5,-43
-43,-2,-41
-51,-2,-47
-53,-1,-47
-50,1,-41
-49,0,-42
-52,5,-43
-52,3,-41
-51,4,-42
-46,1,-39
-50,4,-37
-54,5,-41
-51,3,-39
-49,3,-36
-48,2,-41
-49,3,-42
-51,3,-36
-52,2,-41
-49,1,-44
-51,1,-44
-44,0,-46
-43,0,-45
-49,0,-50
-51,0,-49
-37,-1,-42
-42,2,-45
-43,1,-42
-46,3,-40
-50,2,-45
-47,1,-43
-50,2,-44
-49,4,-40
-52,2,-42
-51,1,-41
-45,-1,-38
-49,2,-35
-49,2,-41
-47,2,-52
-43,0,-51
-38,-1,-48
-39,-3,-48
-39,-4,-52
-41,-2,-50
-40,0,-46
-29,5,-46
-38,5,-55
-40,5,-55
-42,3,-58
-38,2,-59
-37,2,-60
-46,0,-55
-25,7,-59
-40,-1,-48
-48,3,-42
-53,-2,-45
-52,-3,-41
-58,-5,-31
-58,-4,-27
-61,-2,-25
-60,-3,-21
-64,-5,-18
-66,-4,-16
-63,-6,-12
-64,-6,-13
-62,-8,-7
-63,-9,-7
-63,-11,-4
-63,-12,-4
-60,-15,-4
-60,-16,-3
-61,-19,-4
-59,-20,-2
-56,-21,-4
-57,-21,-3
-60,-21,-2
-60,-21,-2
-56,-22,-1
-54,-22,-1
-52,-22,0
-55,-21,-1
-54,-20,-2
-45,-24,-7
-40,-26,-12
-38,-22,-22
-46,-20,-36
-76,-20,-47
-73,-14,-32
-43,-9,-29
-73,-11,-54
-59,-9,-45
-65,-10,-50
-39,-6,-37
-63,0,-38
-52,-1,-40
-45,-6,-47
-31,-7,-50
-34,-9,-49
-35,-10,-53
-33,-9,-53
-30,-11,-56
-19,-12,-53
-31,-11,-65
-29,-10,-62
-33,-7,-52
-39,-6,-57
-45,0,-52
-28,2,-52
-25,2,-52
-28,3,-50
-20,0,-52
-13,-7,-73
-11,-11,-75
-17,-14,-69
-22,-12,-68
-20,-6,-54
-27,-3,-56
-32,5,-51
-36,7,-49
-26,3,-66
-26,-3,-59
-10,5,-57
-18,-3,-65
-25,-5,-68
-27,-6,-67
-26,-3,-57
-41,-7,-61
-28,-6,-52
-29,-4,-58
-17,0,-55
-37,1,-48
-43,5,-44
-36,6,-48
-36,5,-51
-34,1,-47
-35,1,-59
-31,0,-55
-24,-1,-50
-30,-5,-64
-30,-4,-57
-32,-1,-56
-33,-1,-61
-29,1,-59
-34,2,-56
-31,2,-50
-32,4,-54
-34,6,-62
-35,5,-64
-29,1,-63
-28,0,-63
-17,-2,-52
-15,0,-53
-26,-1,-64
-21,-2,-63
-20,-3,-54
-20,-4,-54
-22,1,-63
-24,-2,-66
-25,-2,-65
-24,-3,-63
-30,2,-53
-39,3,-56
-29,-1,-52
-40,-6,-42
-39,3,-51
-36,-5,-66
-38,-2,-60
-37,1,-37
-72,-4,-61
-11,1,-32
-51,-8,-50
-50,-4,-51
-44,-6,-52
-40,-3,-51
-38,-4,-51
-39,-3,-50
-33,-2,-41
-50,-2,-47
-55,-2,-50
-46,-3,-45
-37,-1,-46
-33,-5,-51
-39,-2,-45
-41,-1,-59
-42,-2,-58
-40,-6,-46
-43,-7,-48
-58,-3,-30
-50,8,-41
-38,0,-38
-44,-2,-48
-35,-2,-55
-21,-7,-62
-19,-9,-65
-30,-7,-60
-43,-6,-66
-35,-3,-57
-34,-4,-52
-44,-5,-46
-42,-5,-42
-52,4,-37
-53,3,-40
-45,2,-38
-43,0,-49
-31,-3,-59
-27,-5,-60
-24,-9,-71
-20,-9,-60
-36,-4,-62
-34,-3,-60
-34,-3,-50
-37,-2,-46
-46,0,-44
-50,3,-47
-43,2,-40
-44,2,-42
-34,0,-58
-32,-4,-63
-28,-7,-65
-20,-10,-57
-33,-9,-61
-41,-6,-59
-40,-6,-57
-39,0,-42
-42,-1,-39
-47,4,-46
-46,4,-46
-45,4,-38
-46,2,-47
-36,0,-59
-28,-3,-60
-21,-9,-68
-26,-9,-63
-39,-4,-55
-39,-1,-60
-35,0,-53
-36,1,-47
-47,2,-40
-49,3,-37
-55,1,-36
-53,-1,-35
-52,2,-50
-48,2,-51
-44,0,-51
-39,-3,-48
-34,-2,-42
-47,1,-49
-51,1,-49
-50,0,-45
-51,2,-42
-50,2,-34
-46,3,-29
-56,6,-28
-58,9,-25
-61,2,-28
-62,2,-36
-52,1,-52
-48,-1,-51
-41,-5,-51
-39,-4,-48
-51,-1,-51
-53,0,-49
-47,3,-32
-50,4,-27
-57,5,-26
-68,5,-30
-70,3,-29
-68,1,-35
-64,-2,-38
-66,-3,-35
-67,-8,-29
-62,-7,-7
-63,-7,-9
-47,-9,3
-54,-10,8
-44,-10,25
-46,-10,26
-49,-11,31
-51,-10,33
-51,-10,35
-53,-10,33
-55,-9,37
-55,-8,37
-53,-10,36
-54,-11,34
-53,-10,35
-50,-11,35
-46,-12,35
-45,-12,34
-48,-11,34
-50,-11,32
-51,-13,25
-58,-13,11
-61,-13,2
-63,-13,-8
-71,-10,-21
-74,-7,-20
-62,-7,-23
-76,-8,-36
-57,-7,-18
-39,-1,0
-72,-9,-24
-58,-1,-16
-69,-7,-24
-54,-12,-20
-59,-7,-14
-63,1,-6
-62,-5,-15
-59,-7,-28
-59,-7,-33
-52,-7,-39
-52,-9,-40
-45,-10,-34
-55,-5,-39
-64,-8,-37
-59,-9,-30
-57,-8,-20
-66,-3,-10
-75,1,-19
-61,-5,-25
-51,-6,-25
-55,-8,-29
-42,-11,-44
-47,-9,-45
-47,-13,-42
-58,-9,-39
-58,-10,-38
-53,-9,-37
-52,-8,-31
-50,-10,-36
-58,-10,-14
-73,2,-11
-68,-2,-20
-46,-9,-32
-47,-17,-37
-43,-14,-55
-44,-12,-49
-53,-12,-45
-48,-15,-41
-55,-13,-47
-59,-11,-44
-53,-8,-39
-57,-6,-33
-56,-4,-21
-57,-5,-17
-63,-1,-17
-60,1,-20
-59,-2,-29
-55,-6,-45
-50,0,-48
-44,-8,-46
-48,-12,-38
-46,-13,-36
-54,-14,-32
-59,-12,-35
-59,-11,-35
-57,-6,-25
-66,-9,-26
-74,-4,-13
-73,-3,-12
-53,-2,-13
-58,-2,-12
-58,-9,-15
-59,-13,-21
-54,-15,-20
-54,-16,-20
-50,-17,-29
-56,-12,-32
-67,-10,-23
-68,-8,-23
-57,-12,-20
-59,-10,-11
-67,-12,1
-67,-13,6
-72,-3,6
-69,-8,2
-68,-6,-1
-65,-9,-12
-50,-14,-23
-49,-17,-23
-44,-23,-24
-58,-19,-32
-70,-13,-20
-69,-12,1
-73,-10,4
-76,2,-3
-66,-10,-6
-61,-13,-1
-61,-11,-4
-51,-14,-12
-45,-17,-16
-47,-18,-28
-54,-17,-32
-66,-14,-32
-61,-16,-30
-52,-8,-3
-66,-6,-2
-86,4,3
-80,9,8
-77,-5,-4
-65,-10,-12
-46,-15,-26
-50,-15,-25
-64,-13,-35
-62,-15,-35
-59,-10,-32
-61,-8,-31
-62,-2,-12
-64,1,-4
-70,1,-1
-63,-4,-6
-59,-6,-7
-57,-8,-13
-61,-9,-22
-60,-10,-24
-60,-9,-22
-62,-10,-28
-62,-10,-27
-61,-7,-22
-55,-6,-20
-58,-1,-5
-63,-3,-6
-73,-4,-18
-75,-3,-15
-64,-7,-15
-57,-7,-18
-62,-14,-8
-70,-4,-14
-56,-7,-19
-64,-5,-21
-69,-4,-20
-62,-8,-20
-59,-9,-17
-60,-8,-14
-57,-3,-14
-61,-2,-15
-64,-4,-22
-64,-5,-24
-60,-3,-14
-64,-7,-15
-59,-8,-19
-53,-11,-22
-58,-12,-24
-51,-10,-22
-53,-9,-31
-61,-8,-32
-58,-8,-30
-51,-7,-31
-56,-5,-32
-72,-7,-41
-45,-8,-21
-57,-4,-21
-71,-2,-36
-59,-9,-32
-54,-14,-34
-57,-15,-34
-57,-13,-31
-51,-11,-26
-46,-10,-20
-63,-12,-24
-64,0,-20
-68,-20,-44
-78,-16,-31
-65,-7,-20
-65,-3,-14
-77,-3,-14
-52,-4,15
-55,-3,11
-85,-4,9
-71,-11,2
-52,-7,-1
-53,-5,19
-47,-11,40
-56,-8,26
-61,-8,15
-61,-12,15
-58,-14,11
-52,-15,12
-50,-13,32
-59,-11,40
-54,-11,40
-52,-14,35
-59,-20,27
-61,-18,18
-58,-17,17
-66,-16,21
-62,-15,28
-58,-17,26
-43,-17,36
-44,-15,41
-46,-13,48
-47,-14,48
-43,-11,45
-35,-17,46
-31,-17,49
-29,-16,52
-31,-16,52
-36,-17,47
-39,-18,42
-32,-14,56
-26,-11,63
-20,-22,44
-38,-15,40
-56,-13,43
-53,-17,37
-60,-15,26
-59,-14,25
-70,-12,33
-58,-9,27
-60,-19,17
-59,-13,16
-60,-13,14
-58,-12,17
-54,-14,19
-52,-12,22
-63,-10,30
-70,-17,25
-67,-17,21
-63,-15,21
-64,-11,21
-71,-11,15
-58,-12,10
-53,-16,6
-47,-19,4
-51,-15,14
-58,-14,21
-57,-12,21
-45,-8,22
-51,-7,25
-61,-4,24
-63,-8,29
-73,-14,14
-59,-14,19
-70,-7,10
-71,-14,-14
-50,-9,-13
-51,-14,2
-66,-14,3
-61,-13,7
-63,-12,3
-67,-11,-8
-65,-10,-11
-55,-8,-11
-51,-8,-16
-61,-3,-38
-61,-4,-38
-56,-3,-41
-48,-5,-44
-44,-4,-47
-36,-5,-47
-33,-6,-52
-18,-3,-51
-17,-4,-58
-21,2,-76
-22,6,-61
-18,1,-67
-7,4,-59
-21,2,-60
-29,-4,-65
-24,-5,-63
-25,-4,-62
-26,-2,-58
-31,1,-60
-27,2,-56
-26,2,-55
-29,2,-58
-31,1,-60
-34,-3,-60
-29,-2,-58
-29,-5,-52
-36,-5,-53
-43,0,-42
-61,-4,-40
-69,-3,-39
-61,-2,-30
-66,-2,-24
-69,0,-18
-60,-2,-12
-62,-6,-5
-60,-9,-4
-77,-3,-10
-73,-4,-6
-43,-15,-3
-53,-9,0
-48,-9,19
-41,-5,27
-34,2,29
-54,5,16
-58,0,-15
-50,-3,-27
-57,-1,-51
-51,3,-54
-44,-3,-59
-39,-3,-67
-48,-3,-66
-38,-5,-62
-38,-4,-64
-42,-2,-59
-30,1,-54
-23,14,-26
-50,9,-62
-24,1,-49
-26,6,-46
-29,-1,-62
-35,-2,-66
-30,-6,-67
-20,-9,-64
-22,-12,-65
-36,-6,-57
-33,2,-45
-34,5,-49
-46,7,-54
-41,5,-50
-29,5,-54
-25,4,-56
-24,0,-58
-20,-2,-62
-18,-6,-66
-18,-7,-64
-27,-7,-62
-27,-5,-60
-31,1,-60
-26,3,-48
-43,6,-51
-40,8,-49
-39,8,-49
-40,6,-63
-10,-2,-68
-21,-5,-63
-25,-7,-66
-23,-6,-58
-28,-5,-61
-33,2,-58
-28,7,-46
-29,9,-47
-30,12,-46
-37,8,-61
-34,3,-71
-12,-5,-58
-25,-4,-58
-23,-6,-62
-20,-7,-58
-27,-4,-65
-30,0,-62
-29,9,-50
-31,8,-55
-21,8,-39
-31,12,-47
-33,10,-67
-16,6,-63
-18,1,-63
-24,0,-65
-23,-4,-56
-28,1,-64
-29,4,-65
-27,8,-58
-24,9,-56
-34,13,-52
-21,11,-57
-30,9,-61
-14,5,-58
-21,3,-63
-23,1,-68
-23,-2,-63
-23,-1,-61
-26,3,-61
-28,8,-57
-23,8,-52
-25,11,-47
-31,10,-59
-28,8,-62
-13,1,-61
-20,0,-66
-25,-2,-64
-27,-3,-62
-36,1,-59
-31,7,-54
-34,7,-54
-33,7,-54
-42,5,-50
-46,7,-50
-39,0,-62
-26,-4,-58
-34,-11,-56
-44,-11,-49
-44,-8,-50
-44,-5,-35
-53,0,-31
-65,-2,-37
-55,-2,-36
-50,-12,-35
-51,-16,-26
-60,-17,-25
-56,-18,-30
-53,-20,-27
-58,-18,-18
-66,-14,-4
-58,-10,9
-62,-14,16
-63,-13,14
-43,-14,36
-40,-18,40
-56,-16,38
-57,-20,38
-39,-25,41
-31,-22,42
-41,-21,44
-35,-21,45
-25,-20,51
-23,-17,53
-23,-18,51
-12,-11,51
-10,-10,61
-20,-15,69
-25,-20,64
-18,-21,60
-14,-20,56
-17,-17,51
-20,-18,53
-23,-15,63
-25,-15,62
-20,-12,59
-16,-11,59
-19,-14,64
-27,-17,57
-20,-13,56
-23,-13,60
-27,-15,52
-30,-15,53
-29,-12,61
-30,-14,67
-31,-15,55
-29,-15,53
-21,-12,60
-22,-12,60
-33,-14,53
-26,-13,52
-27,-11,55
-34,-13,50
-37,-14,49
-34,-13,56
-33,-16,59
-33,-16,52
-32,-15,53
-24,-10,69
-22,-18,68
-40,-15,41
-42,-17,44
-39,-19,34
-36,-20,40
-44,-14,61
-42,-13,58
-32,-16,49
-30,-16,46
-47,-13,52
-39,-18,49
-41,-16,31
-40,-16,26
-50,-17,25
-54,-16,24
-64,-13,12
-71,-14,2
-73,-16,0
-71,-18,-5
-64,-18,-5
-57,-15,-2
-57,-14,-2
-59,-10,0
-73,-7,9
-59,-15,27
-62,-10,20
-69,-11,16
-69,-13,21
-58,-19,22
-57,-20,14
-57,-15,12
-58,-15,11
-58,-18,4
-64,-19,1
-62,-16,16
-66,-15,22
-66,-5,40
-44,-5,39
-39,-6,40
-43,-7,43
-44,-7,47
-46,-6,49
-40,-11,44
-38,-14,43
-44,-14,45
-47,-13,47
-54,-11,50
-54,-10,52
-44,-8,47
-36,-8,41
-35,-10,42
-33,-12,50
-29,-13,54
-31,-15,54
-31,-16,52
-37,-14,49
-40,-12,52
-44,-10,59
-47,-10,60
-42,-8,57
-33,-6,52
-24,-4,48
-24,-4,50
-37,-6,50
-33,-9,53
-27,-13,54
-27,-14,54
-31,-16,52
-31,-13,60
-38,-13,63
-41,-11,63
-31,-6,60
-22,-5,56
-24,-5,49
-28,-5,60
-33,-9,58
-27,-15,53
-28,-17,53
-31,-18,54
-28,-15,60
-31,-12,72
-36,-10,65
-24,-8,53
-24,-4,51
-21,-9,50
-24,-10,52
-26,-12,58
-26,-14,55
-26,-14,51
-27,-14,54
-29,-11,65
-31,-10,68
-31,-10,62
-31,-9,57
-25,-9,53
-29,-7,54
-33,-9,51
-35,-9,47
-33,-10,48
-31,-12,53
-33,-14,55
-33,-15,59
-29,-14,66
-28,-12,64
-30,-12,57
-32,-9,53
-36,-7,48
-38,-10,38
-40,-12,42
-43,-11,48
-41,-12,47
-38,-15,50
-37,-17,51
-33,-16,58
-34,-14,60
-31,-16,54
-33,-13,51
-51,-5,38
-59,-7,28
-47,-10,42
-49,-10,45
-50,-13,40
-47,-13,45
-43,-15,48
-34,-13,55
-42,-13,50
-46,-16,41
-46,-12,36
-49,-8,39
-59,-5,36
-55,-10,36
-53,-11,38
-47,-13,39
-43,-13,42
-38,-14,52
-43,-11,53
-46,-13,38
-48,-9,38
-67,-6,20
-70,-9,11
-58,-8,29
-56,-8,30
-53,-9,26
-56,-12,28
-54,-10,45
-56,-13,38
-62,-15,20
-56,-15,20
-53,-6,29
-64,-5,18
-64,-8,24
-63,-8,29
-55,-11,27
-56,-12,27
-52,-13,34
-54,-9,34
-59,-11,25
-57,-4,26
-59,-2,26
-68,-10,16
-59,-8,26
-56,-8,26
-55,-8,27
-60,-12,23
-56,-12,27
-51,-5,43
-60,-8,31
-61,-16,17
-59,-9,22
-55,-2,29
-63,-1,22
-65,-7,23
-62,-7,26
-56,-9,26
-54,-10,27
-53,-7,37
-55,-8,31
-51,-7,27
-53,3,35
-73,-9,16
-57,-11,28
-56,-8,26
-60,-6,25
-61,-10,29
-54,-7,35
-51,-7,34
-51,-8,30
-46,-4,32
-76,-2,16
-67,-9,23
-53,-7,31
-57,-6,26
-61,-8,28
-59,-9,30
-51,-5,37
-49,-6,33
-48,-6,29
-52,4,37
-76,-5,16
-60,-12,30
-53,-6,28
-58,-4,26
-63,-7,28
-59,-9,29
-48,-4,40
-49,-6,36
-49,-5,29
-49,6,43
-75,-7,21
-62,-11,28
-52,-6,28
-62,-4,25
-61,-6,31
-54,-2,37
-52,-5,29
-45,-2,33
-59,8,36
-70,-10,21
-53,-11,32
-56,-5,28
-59,-4,30
-56,-4,34
-52,-2,39
-52,-3,34
-49,-4,31
-65,9,32
-73,-2,25
-49,-4,41
-46,-2,38
-49,0,40
-52,0,42
-43,-2,50
-43,-1,52
-40,-2,49
-40,-4,48
-34,-2,47
-35,0,48
-48,1,52
-45,-2,53
-40,-3,56
-35,-2,55
-27,0,56
-26,0,55
-27,2,53
-32,2,58
-37,2,58
-39,-4,54
-35,-1,54
-35,-1,55
-34,0,55
-25,1,56
-25,2,58
-30,-1,52
-30,-1,51
-33,-2,60
-38,-2,63
-40,-3,56
-37,-3,57
-34,-2,53
-34,-2,50
-32,0,55
-31,0,56
-32,-2,52
-36,-2,50
-37,-5,53
-38,-5,54
-38,-6,51
-41,-2,47
-43,-2,45
-48,-2,39
-52,-3,39
-56,-2,40
-53,-4,40
-53,-6,32
-57,-7,31
-61,-7,30
-61,-6,24
-56,-4,24
-56,-4,24
-70,-3,17
-68,-4,12
-59,-5,9
-61,-6,6
-63,-9,2
-65,-10,1
-61,-9,-4
-58,-8,-9
-58,-5,-12
-62,-5,-13
-62,-3,-18
-57,-4,-22
-66,-4,-33
-65,-2,-31
-56,-4,-36
-62,-4,-42
-54,-7,-37
-42,-5,-36
-43,-5,-46
-47,2,-51
-44,2,-51
-45,2,-49
-46,2,-44
-49,1,-43
-50,0,-43
-49,-1,-40
-48,0,-39
-49,0,-41
-48,1,-40
-47,2,-44
-50,2,-46
-49,0,-51
-48,-2,-50
-48,-5,-40
-46,0,-31
-51,3,-28
-59,3,-34
-61,2,-38
-58,2,-43
-53,2,-50
-48,-1,-47
-45,-4,-42
-50,-5,-44
-52,-2,-37
-47,5,-25
-47,7,-24
-59,7,-30
-61,6,-31
-57,6,-35
-53,3,-39
-48,-2,-42
-48,-2,-44
-57,-2,-50
-51,-5,-44
-47,-2,-42
-50,3,-38
-48,8,-22
-52,8,-23
-62,8,-32
-62,7,-30
-50,4,-35
-51,1,-44
-52,1,-45
-50,-1,-47
-47,-2,-47
-49,-3,-47
-51,5,-33
-51,6,-28
-53,7,-27
-57,8,-30
-53,7,-30
-52,4,-45
-48,1,-47
-48,0,-50
-48,-1,-53
-45,-4,-51
-45,-4,-50
-50,2,-44
-48,5,-36
-48,5,-36
-42,5,-32
-48,7,-32
-52,9,-40
-53,4,-51
-43,2,-47
-42,-2,-52
-50,1,-52
-42,-4,-51
-38,-4,-48
-49,2,-51
-48,4,-47
-49,7,-40
-49,7,-43
-41,6,-38
-34,6,-30
-46,7,-46
-51,3,-56
-43,-2,-53
-42,-3,-52
-49,-3,-54
-48,-3,-49
-50,-1,-49
-48,5,-40
-45,7,-38
-44,6,-38
-38,7,-30
-46,7,-40
-49,7,-45
-47,1,-51
-42,-3,-50
-44,-2,-51
-48,-2,-51
-47,-3,-48
-51,1,-49
-48,6,-38
-46,7,-37
-43,6,-36
-41,10,-30
-49,8,-44
-52,7,-51
-41,0,-48
-40,-1,-50
-46,-1,-53
-42,-2,-46
-48,2,-50
-50,7,-38
-53,9,-42
-39,7,-34
-36,11,-31
-46,6,-49
-49,6,-54
-38,1,-48
-38,0,-47
-35,-3,-48
-34,-4,-55
-48,-3,-58
-43,-1,-54
-36,2,-53
-34,2,-53
-29,2,-55
-26,2,-55
-27,2,-57
-27,2,-55
-25,2,-57
-26,2,-57
-26,2,-57
-23,2,-59
-23,-1,-63
-24,-1,-63
-21,-2,-63
-20,-1,-60
-20,-2,-60
-24,1,-60
-24,2,-60
-25,2,-60
-28,2,-60
-33,2,-59
-34,2,-59
-34,2,-55
-35,1,-53
-39,1,-53
-39,0,-52
-45,0,-46
-50,-2,-45
-35,4,-32
-40,13,-14
-63,9,-38
-56,9,-42
-57,1,-31
-59,7,-44
-46,3,-56
-38,-3,-53
-39,-5,-47
-44,-4,-45
-55,3,-38
-59,6,-34
-56,6,-30
-58,10,-20
-52,8,-21
-56,5,-34
-55,3,-39
-55,0,-26
-67,2,-34
-64,-1,-42
-60,-5,-41
-51,-5,-35
-56,-1,-32
-70,5,-21
-67,4,-14
-68,5,3
-73,6,6
-73,2,11
-66,1,13
-56,-1,16
-53,-4,16
-46,-2,27
-38,-3,38
-34,-4,48
-39,-4,50
-39,-5,55
-36,-7,55
-26,-8,55
-26,-8,53
-26,-4,54
-25,-3,56
-25,-3,59
-31,-9,53
-38,-8,50
-41,-11,46
-41,-13,43
-45,-14,29
-49,-13,28
-54,-13,27
-58,-14,20
-71,-13,13
-74,-11,13
-73,-11,10
-71,-9,14
-70,-9,22
-63,-11,22
-55,-15,22
-50,-16,27
-39,-14,33
-48,-18,27
-62,-15,13
-59,-15,21
-61,-7,31
-71,-9,21
-60,-10,14
-61,-9,14
-65,-8,21
-60,-11,40
-54,-14,31
-56,-14,21
-66,-9,18
-58,-9,15
-64,-9,10
-70,-12,14
-69,-12,18
-61,-12,24
-59,-11,23
-58,-11,23
-64,-9,28
-50,-14,24
-48,-16,17
-50,-18,20
-52,-20,19
-60,-19,9
-63,-16,8
-60,-15,11
-59,-17,10
-53,-17,6
-59,-15,2
-81,1,23
-77,-6,17
-67,-7,5
-68,-7,4
-65,-11,19
-70,-13,17
-68,-10,1
-57,-6,-11
-53,-4,-1
-67,-2,1
-61,-16,-14
-41,-18,-20
-39,-22,-21
-58,-19,-29
-69,-15,-29
-62,-14,-28
-53,-11,-26
-60,-10,-24
-70,-12,-29
-64,-15,-23
-59,-13,-17
-62,-15,-25
-63,-15,-28
-53,-17,-30
-48,-11,-34
-43,-10,-37
-45,-14,-36
-53,-19,-44
-54,-19,-47
-46,-16,-40
-47,-14,-36
-50,-14,-30
-63,-12,-29
-66,-6,-20
-67,-8,-28
-57,-14,-43
-46,-15,-35
-53,-9,-23
-54,-14,-29
-45,-14,-32
-45,-17,-40
-44,-15,-40
-46,-15,-46
-47,-13,-43
-49,-9,-40
-52,-7,-38
-67,-8,-28
-65,-12,-30
-59,-14,-24
-58,-17,-19
-64,-9,-15
-61,-5,-19
-52,-15,-26
-48,-13,-26
-45,-13,-31
-47,-12,-31
-55,-8,-23
-58,-8,-25
-61,-7,-27
-63,-9,-24
-66,-7,-20
-63,-9,-22
-60,-11,-23
-58,-10,-25
-58,-9,-28
-57,-9,-30
-58,-6,-28
-56,-4,-26
-57,-2,-29
-58,-2,-30
-59,0,-27
-61,-1,-23
-61,-1,-23
-59,-2,-23
-59,-1,-22
-63,2,-23
-64,4,-22
-65,7,-22
-65,8,-21
-59,6,-20
-58,5,-21
-60,6,-19
-61,6,-18
-61,7,-19
-61,8,-20
-59,8,-19
-59,9,-19
-63,10,-20
-63,11,-20
-62,9,-18
-62,9,-20
-62,9,-19
-64,8,-18
-65,7,-19
-66,8,-19
-68,10,-17
-68,12,-17
-67,14,-13
-63,12,-15
-64,10,-15
-62,6,-10
-64,1,-8
-67,0,-3
-64,-3,-1
-67,-4,-2
-63,-5,1
-58,-2,5
-62,5,6
-64,9,4
-63,12,5
-67,18,6
-66,18,7
-62,20,10
-65,20,9
-63,17,8
-61,16,9
-62,15,11
-59,16,12
-58,16,11
-59,19,8
-57,17,9
-64,18,6
-59,17,7
-61,16,9
-59,16,11
-59,14,13
-57,16,15
-57,14,9
-55,14,9
-61,18,-3
-64,16,-10
-65,19,-13
-65,21,-13
-62,19,-18
-60,19,-17
-56,18,-16
-56,17,-20
-66,18,-26
-61,17,-21
-59,17,-28
-57,18,-30
-53,19,-33
-49,19,-34
-49,18,-41
-42,18,-44
-45,15,-50
-41,18,-50
-35,18,-54
-32,20,-58
-33,22,-55
-31,23,-52
-27,26,-54
-19,26,-49
-30,27,-44
-40,26,-43
-40,23,-52
-44,24,-43
-51,25,-40
-47,19,-39
-50,19,-34
-57,20,-23
-60,17,-28
-61,16,-20
-59,16,-13
-60,15,-11
-66,17,-11
-61,16,-3
-60,14,1
-57,14,5
-61,15,6
-62,14,13
-62,11,12
-61,11,14
-60,11,17
-62,12,15
-58,15,23
-56,16,26
-61,18,26
-53,19,32
-50,21,35
-52,23,36
-47,24,42
-42,22,45
-39,20,49
-39,21,52
-36,19,49
-39,19,47
-34,21,53
-30,20,54
-22,20,52
-23,21,52
-25,22,55
-25,21,55
-21,20,54
-22,21,56
-20,19,58
-22,20,56
-25,20,59
-20,20,56
-21,20,56
-19,20,62
-20,20,61
-22,22,60
-20,19,58
-21,19,56
-21,19,55
-20,19,57
-21,19,59
-19,17,55
-20,23,58
-20,16,53
-19,22,57
-14,15,55
-16,20,57
-16,19,62
-14,26,56
-19,27,61
-14,23,59
-23,23,48
-19,24,58
-19,22,58
-18,18,59
-19,27,66
-21,26,65
-17,18,66
-19,19,63
-8,37,58
-21,20,42
-24,23,47
-23,20,54
-26,18,53
-32,21,57
-29,19,55
-26,19,54
-30,20,52
-30,20,49
-30,20,49
-35,21,48
-42,22,45
-34,23,54
-33,22,53
-37,23,51
-34,24,55
-34,24,53
-34,25,52
-33,25,49
-32,25,50
-31,27,51
-34,26,48
-33,25,49
-33,25,47
-38,22,48
-39,25,50
-39,28,50
-41,41,57
-46,44,57
-43,41,54
-44,40,57
-44,32,55
-45,24,53
-38,9,45
-37,3,40
-23,-5,28
-15,-6,20
-16,2,2
-22,7,-8
-128,22,-72
-81,22,-37
-17,12,5
-4,35,26
-8,48,72
-16,43,61
-47,42,22
-66,45,13
-68,42,15
-66,40,16
-57,38,29
-54,37,30
-54,35,23
-56,34,18
-63,33,10
-64,29,9
-60,28,12
-56,27,16
-56,27,16
-55,28,17
-54,30,18
-53,31,21
-51,31,21
-51,30,18
-53,31,20
-63,35,23
-68,38,21
-66,42,22
-61,41,22
-56,35,22
-56,32,18
-55,27,15
-53,24,13
-47,18,12
-46,17,13
-51,17,13
-53,18,14
-60,23,14
-66,28,17
-62,31,21
-55,27,27
-50,21,34
-56,16,28
-54,14,29
-53,12,31
-54,13,31
-55,18,34
-53,18,36
-56,25,39
-63,32,39
-53,31,45
-44,26,47
-37,27,55
-36,29,52
-34,30,41
-29,28,41
-30,29,46
-32,29,47
-27,27,45
-25,27,47
-23,29,53
-24,32,49
-27,33,44
-30,36,44
-23,37,50
-14,36,47
-1,49,32
18,33,55
-12,33,70
-6,37,64
-7,36,55
1,30,60
0,35,63
-37,32,28
-85,50,33
1,19,56
-17,61,67
-25,14,64
-33,13,51
-25,21,51
-21,24,56
-20,19,52
-20,13,49
-15,4,51
-20,-2,51
-51,-13,22
-69,-12,13
-80,-1,16
-52,-2,37
-56,-8,-2
-63,-9,-12
-88,-3,-23
-112,-3,-38
-56,-5,-18
-52,1,-9
-63,2,-5
-62,-7,-43
-45,-8,-42
-67,-5,-55
-65,-3,-49
-53,-15,-57
-51,-19,-50
-32,-11,-18
-37,-9,-8
-41,-9,-1
-48,-9,-12
-75,-11,-32
-71,-8,-27
-56,-10,-24
-67,-8,-18
-67,0,-7
-59,-3,-2
-61,-1,-2
-63,-3,5
-57,0,23
-68,-7,4
-62,-5,3
-64,-3,7
-70,-5,6
-73,-6,-1
-57,-7,1
-64,-6,5
-77,-4,8
-59,0,35
-72,-2,33
-48,-3,40
-38,-8,50
-50,-7,37
-46,-10,34
-43,-15,34
-48,-16,22
-50,-20,-5
-63,-21,-23
-51,-23,-20
-51,-23,-20
-35,-21,-29
-30,-20,-31
-39,-13,-54
-53,-5,-39
-38,-12,-50
-24,-13,-64
-7,-15,-72
-31,-8,-74
-58,-24,-79
-39,-19,-79
-20,-22,-73
-24,-20,-64
-12,-21,-50
-3,-21,-43
-33,-12,-43
-47,-11,-41
-46,-13,-47
-45,-13,-36
-45,-14,-30
-47,-17,-42
-44,-21,-39
-49,-23,-43
-40,-18,-38
-36,-20,-42
-44,-18,-50
-43,-17,-53
-44,-16,-49
-39,-14,-45
-38,-12,-51
-25,-10,-45
-28,-6,-51
-47,-5,-63
-42,-9,-66
-52,-7,-57
-46,-7,-41
-45,-8,-38
-38,-10,-36
-53,2,-19
-49,1,-19
-42,-2,-29
-42,-8,-48
-40,-10,-53
-34,-13,-54
-31,-10,-62
-31,4,-38
-39,-4,-30
-61,-10,-59
-44,-7,-47
-34,-7,-48
-38,-12,-56
-60,-9,-56
-46,-6,-52
-43,-5,-51
-46,-5,-53
-49,-3,-55
-44,1,-49
-42,1,-52
-45,3,-53
-39,1,-54
-34,-6,-49
-47,2,-40
-43,2,-41
-44,1,-41
-46,3,-36
-48,2,-38
-51,2,-34
-63,7,-45
-59,8,-49
-44,6,-52
-50,5,-57
-38,4,-55
-25,1,-47
-29,2,-48
-30,3,-56
-26,6,-57
-20,-1,-63
-30,3,-62
3,-3,-60
11,-5,-70
-10,8,-53
-33,16,-48
-60,9,-73
-25,4,-69
1,3,-71
-15,4,-71
-16,12,-48
-18,7,-50
-27,7,-57
-25,8,-50
-38,4,-59
-39,5,-59
-44,4,-46
-46,3,-46
-46,3,-47
-54,2,-45
-53,1,-40
-52,-1,-38
-54,3,-38
-55,2,-34
-58,4,-29
-53,3,-26
-53,1,-26
-51,2,-22
-47,1,-22
-47,-4,-28
-44,-3,-28
-53,1,-31
-52,6,-37
-32,-8,-40
-39,-12,-35
-53,-3,-43
-56,-3,-45
-50,9,-56
-49,11,-63
-51,8,-69
-56,11,-63
-44,8,-46
-49,9,-47
-52,8,-51
-36,6,-49
-35,9,-44
-51,10,-48
-53,16,-44
-46,14,-32
-60,11,-34
-69,10,-40
-46,7,-27
-58,6,-31
-57,7,-29
-60,13,-22
-58,10,-25
-57,7,-28
-59,5,-30
-55,4,-25
-55,5,-30
-55,6,-31
-54,6,-33
-45,2,-32
-44,2,-34
-47,7,-43
-57,7,-57
-54,13,-53
-40,16,-38
-24,1,-39
-28,-5,-46
-36,-3,-43
-47,5,-53
-48,15,-57
-41,16,-51
-32,18,-49
-37,11,-53
-39,8,-47
-36,7,-41
-41,10,-44
-48,11,-48
-55,11,-56
-59,13,-54
-52,10,-53
-48,9,-43
-41,7,-33
-60,3,-47
-62,6,-51
-57,13,-41
-55,12,-37
-49,13,-31
-53,10,-33
-61,10,-36
-57,9,-38
-49,10,-32
-56,12,-30
-62,10,-33
-47,11,-22
-48,12,-13
-81,14,-42
-47,16,-61
-32,4,-59
-32,-7,-47
-24,-2,-41
-36,-4,-42
-44,-6,-42
-49,-5,-41
-51,5,-43
-48,3,-40
-57,1,-38
-62,-1,-33
-69,-3,-31
-66,-4,-25
-60,0,-14
-65,2,-14
-45,4,19
-68,9,12
-77,2,-24
-74,-5,-31
-47,-13,-23
-41,-12,-26
-19,-17,-44
-17,-17,-57
-87,8,-36
-128,9,7
-44,-30,-53
-40,-10,-60
-59,-5,-54
-60,-4,-48
-73,6,-37
-70,12,-45
-59,8,-15
-71,11,-10
-45,7,-8
-39,4,-10
-56,4,10
-63,2,23
-67,6,32
-63,3,35
-61,1,30
-63,8,33
-60,7,36
0,8,51
-35,17,36
-51,22,34
-65,19,17
-67,20,9
-67,20,9
-64,20,16
-63,22,17
-62,22,19
-59,22,23
-53,26,30
-51,24,28
-46,23,23
-47,22,21
-51,22,17
-53,22,16
-68,28,17
-68,28,17
-62,29,19
-62,29,20
-62,31,19
-58,33,23
-55,34,24
-51,31,21
-49,30,21
-48,31,24
-47,30,23
-47,30,19
-45,30,20
-42,31,19
-41,32,17
-40,35,12
-37,39,11
-29,53,8
-26,68,7
-30,93,10
-35,89,11
-32,75,10
-26,77,5
-18,83,-4
-17,82,-4
-16,72,-3
-18,66,-3
-21,58,-6
-21,53,-7
-24,44,-3
-24,42,-1
-20,37,2
-18,38,5
-19,40,6
-21,47,7
-22,49,6
-23,62,7
-26,68,7
-26,83,0
-30,102,0
-39,83,3
-40,78,-1
-36,83,-4
-31,78,-2
-24,74,0
-21,69,1
-20,64,1
-19,63,1
-16,59,-3
-15,57,-4
-13,55,-7
-13,55,-8
-13,53,-9
-16,56,-10
-18,60,-9
-18,63,-9
-18,65,-6
-19,63,-2
-21,77,2
-20,65,4
-20,57,9
-16,57,13
-17,65,12
-19,74,14
-18,70,13
-18,61,8
-17,58,9
-22,51,9
-22,48,9
-23,51,4
-27,48,1
-25,54,1
-25,53,1
-26,52,0
-27,56,0
-32,65,0
-32,65,0
-26,78,-1
-28,97,6
-25,76,5
-21,67,1
-18,79,-5
-21,80,-11
-10,75,-10
-9,63,-18
14,61,-5
16,52,6
6,58,1
-12,61,-11
-22,65,-16
-23,62,-15
-30,62,-19
-29,66,-18
-16,70,-15
0,59,-14
3,52,-12
-10,55,-16
-11,63,-16
-15,73,-21
-22,68,-23
-24,83,-15
-27,86,-11
-28,81,-8
-28,80,-10
-18,72,-3
-22,68,-3
-22,66,2
-21,67,3
-18,69,8
-17,68,12
-12,69,18
-9,68,14
-8,65,6
-7,63,5
33,57,-24
-4,50,-37
-22,57,-20
-14,62,8
-16,63,15
-40,55,7
-50,55,-1
-45,55,-4
-35,55,0
-26,56,0
-28,58,-1
-33,56,-1
-31,57,1
-25,58,2
-26,60,6
-31,60,11
-32,57,7
-28,61,7
-25,63,11
-34,63,4
-37,62,1
-30,61,3
-26,61,4
-24,59,3
-22,60,6
-17,63,10
-18,64,6
-19,63,3
-8,61,-5
-23,62,-18
-31,62,-20
-21,61,-14
-3,61,-24
-22,55,-43
-2,64,-31
-10,65,-39
3,64,-10
-5,63,-24
12,64,-25
-6,63,-34
-33,59,-45
-4,56,-24
-12,62,5
8,56,2
8,58,-28
7,59,-32
9,56,-26
9,56,-29
-3,58,-24
7,60,-16
9,59,-23
9,58,-23
4,58,-27
9,57,-23
9,58,-20
6,61,-20
3,62,-21
-1,61,-26
-4,60,-27
-10,60,-25
-12,58,-22
-14,58,-29
-12,61,-30
11,64,-28
0,63,-29
-9,64,-23
-2,62,-24
-9,62,-27
-13,61,-26
-14,60,-19
-5,59,-13
-3,62,-7
-5,58,-7
-18,64,-7
-13,65,-4
-15,65,-12
-14,64,-13
-11,58,-6
-17,53,-5
-9,60,-4
-26,75,-24
-8,62,-14
-4,63,-17
-11,62,-33
-27,62,-39
-27,57,-43
-17,61,-29
-14,58,-19
-36,62,-41
-13,57,-33
-15,52,-43
-14,55,-44
-21,57,-45
-18,54,-40
-30,65,-27
-15,60,-16
-4,55,-3
-5,55,0
-26,49,-9
-40,32,-15
-30,69,10
-30,66,16
-25,61,25
-34,59,19
-36,52,17
-33,54,18
-33,57,20
-34,57,17
-33,55,21
-30,55,25
-29,55,25
-30,52,19
-31,52,20
-31,52,24
-30,51,24
-33,49,22
-32,49,22
-31,49,29
-35,50,32
-30,55,18
-29,53,15
-22,60,21
-30,56,20
-33,53,24
-32,50,25
-32,47,25
-32,47,25
-36,45,28
-35,47,29
-32,51,28
-32,53,25
-31,54,17
-31,54,12
-31,54,14
-31,53,16
-34,55,20
-39,54,13
-37,54,12
-33,55,10
-33,54,7
-35,53,8
-33,54,11
-35,52,12
-37,53,11
-30,53,6
-25,57,5
-20,59,8
-26,66,-2
-42,55,-37
-43,55,-43
-30,60,-25
-14,59,-13
-13,54,-9
-23,54,-13
-28,56,-20
-35,56,-25
-30,59,-30
-26,56,-30
-20,59,-20
-18,57,-21
-19,55,-26
-18,55,-25
-19,55,-31
-9,58,-32
-8,58,-32
6,56,-24
2,56,-26
-4,54,-44
-8,54,-27
-8,54,-36
-4,52,-35
-22,51,-28
-20,55,-28
-3,69,-19
26,71,3
-2,70,-12
-14,61,-34
3,59,-35
-8,57,-40
18,55,-22
14,56,-22
1,59,-30
-4,62,-34
1,62,-24
4,61,-21
-2,58,-28
-2,57,-32
3,55,-31
9,55,-27
8,58,-26
2,62,-27
2,60,-29
-2,58,-32
-3,58,-34
-2,55,-31
0,54,-30
-2,54,-33
-2,53,-36
2,55,-26
-1,57,-28
0,60,-29
-2,61,-31
-4,58,-30
-7,57,-30
-12,57,-36
-15,56,-38
-17,53,-39
-15,51,-38
-17,51,-38
-12,50,-40
-14,49,-32
-14,50,-28
-3,48,-25
-12,52,-31
-15,55,-30
-18,58,-28
-16,58,-30
4,52,-21
-7,56,-14
-21,61,4
-10,69,13
-17,67,3
-18,67,-3
-26,68,-8
-28,68,-8
-29,67,-5
-27,65,-4
-24,65,-1
-23,64,-1
-21,63,-1
-21,63,-1
-21,62,-2
-21,63,-3
-21,63,-3
-21,63,-3
-20,62,-4
-20,62,-4
-19,62,-4
-19,62,-5
-19,61,-4
-19,61,-4
-19,60,-4
-19,61,-4
-19,61,-4
-18,60,-4
-17,61,-4
-19,61,-3
-20,62,-3
-21,61,-3
-22,61,-3
-21,62,-3
-21,62,-3
-22,62,-3
-22,62,-2
-23,63,-2
-22,63,-2
-22,62,-3
-22,63,-3
-22,62,-3
-22,62,-3
-21,62,-3
-21,62,-3
-21,61,-3
-20,61,-3
-20,62,-3
-20,62,-4
-20,61,-3
-19,61,-2
-19,62,-1
-19,62,-1
-21,62,-2
-21,62,-3
-22,61,-3
-22,61,-3
-22,61,-3
-22,61,-4
-22,61,-3
-22,62,-4
-22,62,-3
-21,62,-2
-21,62,-2
-21,62,-2
-21,62,-2
-21,63,-2
-21,62,-3
-21,62,-3
-21,62,-3
-21,62,-3
-21,62,-3
-20,62,-3
-20,62,-3
-19,61,-3
-19,62,-3
-19,61,-3
-19,62,-3
-19,61,-3
-20,61,-3
-21,61,-3
-21,61,-3
-22,61,-3
-22,61,-3
-22,61,-3
-22,61,-3
-22,61,-3
-22,61,-2
-22,61,-2
-22,61,-3
-22,62,-3
-22,62,-3
-22,61,-3
-22,61,-3
-22,61,-3
-22,62,-3
-21,62,-3
-21,62,-3
-21,62,-3
-20,62,-3
-20,62,-2
-20,62,-3
-20,62,-3
-20,62,-2
-20,62,-3
-20,61,-3
-21,62,-3
-20,62,-2
-20,62,-3
-20,63,-3
-20,62,-3
-20,62,-2
-20,62,-2
-20,62,-2
-20,62,-3
-20,62,-3
-20,62,-2
-20,62,-3
-21,62,-2
-20,62,-2
-20,62,-2
-20,61,-2
-20,62,-3
-20,62,-2
-20,62,-3
-20,62,-3
-20,61,-3
-20,62,-3
-20,62,-3
-20,62,-3
-20,63,-3
-20,62,-3
-20,62,-3
-19,62,-3
-20,62,-3
-20,62,-3
-21,61,-3
-20,61,-3
-21,62,-3
-21,62,-3
-21,62,-3
-20,61,-3
-20,61,-3
-20,61,-3
-21,61,-3
-21,62,-3
-20,62,-3
-20,62,-3
-20,62,-3
-20,62,-3
-20,62,-3
-20,61,-3
-21,62,-4
-20,61,-3
-20,62,-3
-20,61,-3
-20,62,-3
-20,62,-3
-20,62,-3
-20,61,-3
-20,62,-3
-20,62,-3
-20,62,-3
-20,62,-3
-20,62,-3
-20,62,-3
-21,62,-3
-21,61,-3
-20,62,-3
-21,62,-3
-20,63,-3
-20,62,-3
-20,62,-3
-20,61,-3
-20,62,-3
-20,62,-3
-20,62,-3
-20,62,-3
-20,62,-3
-21,62,-3
-21,61,-3
-21,61,-3
-21,62,-3
-21,62,-3
-21,62,-3
-21,62,-3
-21,62,-3
-21,62,-2
-21,62,-2
-21,61,-3
-20,62,-3
-20,62,-3
-20,62,-3
-20,62,-3
-20,63,-3
-20,62,-3
-20,61,-2
-20,62,-2
-20,62,-2
-20,62,-3
-20,62,-2
-20,62,-3
-19,62,-3
-20,62,-2
-20,62,-2
-20,62,-2
-20,62,-2
-20,62,-3
-20,62,-3
-20,62,-2
-20,62,-3
-20,62,-3
-20,62,-2
-20,61,-2
-20,61,-2
-20,62,-3
-20,62,-2
-20,62,-2
-20,62,-2
-20,62,-2
-20,61,-3
-20,62,-3
-20,62,-3
-20,62,-3
-20,62,-3
-20,62,-3
-21,61,-2
-21,61,-3
-21,61,-2
-21,62,-3
-20,62,-3
-20,62,-3
-19,62,-3
-19,62,-3
-21,61,-3
-21,61,-3
-22,61,-3
-21,61,-3
-20,61,-3
-20,61,-3
-20,62,-3
-20,62,-2
-19,63,-3
-19,63,-3
-19,63,-3
-19,62,-3
-20,62,-3
-20,61,-3
-21,62,-3
-21,62,-3
-21,62,-3
-21,62,-3
-21,62,-3
-21,61,-3
-20,62,-3
-20,62,-3
-20,62,-3
-20,62,-3
-20,62,-4
-20,62,-4
-20,61,-4
-20,62,-4
-20,61,-4
-21,62,-4
-21,62,-5
-22,62,-4
-22,61,-4
-22,59,-3
-22,59,-3
-22,59,-3
-23,59,-3
-24,61,-4
-23,63,-4
-23,65,-4
-23,65,-5
-21,65,-5
-20,64,-6
-19,63,-7
-19,62,-8
-19,61,-8
-18,60,-8
-18,59,-8
-18,60,-7
-18,61,-6
-19,63,-5
-20,61,-5
-20,61,-5
-21,62,-5
-21,64,-5
-22,64,-4
-22,65,-5
-22,66,-5
-21,70,-6
-22,70,-6
-21,68,-5
-19,67,-5
-17,66,-2
-15,65,-2
-8,59,-2
-4,58,0
4,57,3
5,60,1
7,65,-4
4,61,-4
-1,62,-4
-10,63,-5
-12,65,-3
-14,65,-2
-15,64,-1
-19,65,0
-21,65,0
-21,66,2
-21,66,3
-22,65,4
-22,65,4
-21,63,5
-20,64,5
-19,63,4
-19,62,2
-17,56,2
-17,53,1
-21,55,1
-22,61,3
-16,75,1
-14,81,-1
-19,79,-7
-24,71,-9
-31,66,-11
-32,65,-13
-38,68,-8
-34,72,-6
-37,69,-11
-44,65,-14
-49,61,-16
-46,55,-18
-50,50,-15
-56,46,-9
-54,43,-10
-58,36,-7
-63,34,-4
-57,24,-3
-55,19,-3
-57,13,1
-51,8,1
-47,-8,3
-48,-12,5
-44,-11,9
-47,-8,8
-65,0,8
-61,0,12
-60,2,18
-46,-4,16
-62,-2,2
-58,-7,6
-63,-11,-2
-70,-7,-3
-65,-8,-1
-65,-9,-10
-68,-11,-16
-65,-16,-10
-72,-18,-11
-64,-24,-3
-71,-27,-7
-60,-28,-1
-55,-29,1
-53,-27,1
-54,-27,1
-66,-28,1
-66,-28,1
-62,-29,1
-55,-27,-1
-54,-27,1
-51,-27,1
-35,-24,8
-41,-25,7
-55,-27,7
-63,-28,7
-67,-27,11
-63,-26,13
-60,-28,10
-60,-28,9
-59,-28,8
-61,-26,11
-57,-27,9
-56,-29,10
-60,-30,12
-63,-34,6
-65,-31,-3
-41,-36,9
-56,-36,-2
-37,-31,1
-67,-45,-4
-39,-35,0
-36,-39,0
-53,-37,2
-61,-41,4
-55,-41,0
-49,-42,-4
-49,-38,4
-49,-43,14
-48,-38,8
-41,-43,7
-37,-38,5
-36,-37,5
-43,-38,-1
-46,-40,-3
-52,-41,0
-50,-41,2
-47,-43,2
-48,-41,3
-54,-40,4
-48,-37,10
-52,-39,1
-51,-41,-5
-53,-40,-6
-51,-40,-2
-51,-39,-4
-51,-40,-5
-50,-39,-5
-52,-38,-3
-52,-37,-2
-52,-37,1
-52,-37,1
-53,-37,0
-54,-36,0
-54,-36,1
-53,-36,1
-54,-35,1
-55,-35,1
-54,-35,1
-54,-35,0
-55,-34,1
-56,-34,1
-56,-33,0
-55,-32,0
-52,-33,0
-53,-33,1
-54,-35,1
-54,-36,1
-55,-35,1
-55,-34,0
-54,-33,1
-56,-35,0
-57,-34,-1
-53,-34,1
-54,-34,-1
-60,-32,0
-60,-33,-1
-54,-36,-2
-56,-35,-2
-58,-36,-3
-57,-35,-5
-55,-37,-6
-55,-36,-7
-51,-38,-9
-46,-40,-9
-43,-42,-6
-48,-41,-12
-50,-43,-5
-45,-42,0
-44,-40,5
-48,-42,3
-43,-42,7
-44,-43,5
-42,-46,6
-44,-46,6
-47,-45,4
-40,-46,3
-39,-45,3
-46,-44,5
-45,-45,5
-37,-44,4
-37,-44,2
-49,-46,-4
-46,-47,-3
-37,-47,1
-43,-48,-3
-45,-51,-1
-39,-52,2
-39,-52,-1
-36,-51,4
-57,-56,-17
-61,-57,-25
-37,-55,-13
-38,-55,-13
-41,-55,-18
-36,-55,-17
-37,-55,-18
-32,-53,-11
-39,-54,-11
-35,-53,-5
-32,-46,-1
-34,-49,-2
-25,-48,-3
-32,-49,-5
-32,-50,-3
-35,-45,8
-35,-47,5
-25,-50,0
-26,-55,0
-33,-57,0
-32,-59,-1
-28,-59,-1
-29,-58,-1
-23,-56,1
-20,-56,1
-23,-57,-3
-20,-59,-1
-19,-57,-1
-16,-55,0
-21,-55,-3
-23,-54,-3
-22,-51,-7
-26,-51,-11
-32,-53,-8
-38,-56,-12
-37,-55,-15
-37,-55,-18
-32,-55,-19
-31,-56,-17
-36,-54,-13
-39,-55,-17
-38,-54,-21
-35,-52,-15
-34,-50,-13
-30,-48,-15
-31,-47,-17
-30,-49,-16
-33,-50,-17
-34,-50,-21
-34,-51,-22
-35,-51,-20
-35,-52,-20
-35,-51,-20
-35,-50,-20
-36,-49,-17
-35,-49,-17
-33,-50,-16
-32,-49,-16
-36,-50,-15
-37,-51,-14
-37,-53,-18
-36,-54,-19
-32,-53,-14
-29,-52,-12
-38,-52,-12
-48,-52,-16
-33,-51,-16
-23,-49,-18
-30,-48,-19
-44,-49,-21
-34,-49,-20
-21,-50,-18
-34,-51,-22
-34,-46,-18
-24,-47,-16
-56,-37,-7
-69,-38,-9
-28,-43,-8
-31,-44,-14
-62,-40,-7
-54,-37,-11
-41,-40,-15
-43,-39,-18
-56,-36,-17
-56,-36,-17
-50,-35,-18
-54,-34,-18
-66,-34,-17
-67,-36,-17
-60,-36,-15
-59,-35,-15
-60,-32,-13
-55,-31,-13
-50,-30,-11
-52,-29,-13
-57,-28,-14
-55,-28,-11
-55,-28,-10
-58,-28,-10
-59,-27,-10
-59,-27,-8
-58,-27,-7
-58,-27,-6
-58,-27,-6
-58,-28,-5
-59,-27,-5
-58,-27,-4
-59,-26,-4
-59,-27,-4
-60,-26,-3
-63,-23,2
-58,-22,-1
-62,-23,4
-71,-22,5
-72,-21,-7
-60,-19,-3
-71,-22,-9
-71,-27,-14
-59,-29,-9
-64,-33,-27
-35,-60,-48
3,-38,-30
-46,-32,42
-63,-32,0
-55,-47,8
-76,-45,14
-64,-44,10
-58,-41,-12
-56,-39,-12
-27,-32,8
-26,-38,7
-25,-41,1
-25,-39,11
-23,-43,21
-29,-44,19
-33,-46,9
-38,-46,8
-40,-47,16
-42,-48,15
-44,-49,15
-45,-48,16
-46,-47,16
-45,-47,13
-44,-46,15
-44,-45,16
-40,-45,14
-39,-45,14
-42,-42,15
-43,-42,14
-41,-41,15
-43,-39,15
-49,-41,10
-41,-44,15
-42,-43,13
-58,-51,6
-58,-52,19
-22,-48,21
-27,-44,34
-42,-25,31
-80,-21,-2
-64,-6,2
-59,-21,18
-51,-8,21
-61,-12,23
-80,-17,-12
-74,-18,-18
-46,-31,-8
-49,-29,-4
-84,-23,17
-87,-20,24
-55,-23,25
-39,-21,9
-48,-7,12
-58,-2,27
-58,10,40
-48,5,35
-48,15,33
-48,16,36
-41,18,24
-36,29,19
-68,39,-9
-91,52,-13
-70,56,-8
-66,64,-24
-76,72,-34
-76,59,-36
-72,52,-33
-62,42,-22
-65,41,-16
-54,38,-7
-65,36,-13
-53,38,-1
-54,36,0
-57,34,3
-53,33,8
-62,28,10
-58,28,12
-56,34,12
-53,35,13
-62,30,13
-62,30,16
-51,42,3
-47,46,1
-37,37,-2
-33,36,-4
-24,34,2
-18,35,1
-26,35,10
-28,38,15
-30,43,5
-31,54,-22
-26,57,-23
-35,57,-15
-32,62,-17
-13,78,-22
-27,83,-21
-15,85,-15
-19,92,6
-51,92,7
-26,94,18
-54,89,29
-42,120,95
-54,48,-44
-2,42,25
-128,102,-22
-63,92,-50
-29,58,-6
-34,68,-12
-74,55,-28
-59,54,-25
-50,45,-22
-57,42,-29
-63,40,-27
-62,35,-20
-61,21,-15
-46,10,-9
-48,10,-2
-39,5,15
-40,4,20
-3,57,96
-12,0,48
-88,14,-17
-81,15,3
-88,-11,-23
-77,-15,-22
-58,-22,-27
-43,-23,-28
-51,-17,-22
-82,-15,-27
-77,-17,-26
-75,-20,-24
-71,-21,-23
-67,-22,-21
-50,-25,-20
-20,-24,-24
-42,-25,-14
-57,-28,-20
-42,-41,-27
-40,-35,-21
-52,-35,-27
-53,-32,-32
-44,-38,-25
-58,-47,-20
-55,-45,-27
-42,-43,-27
-45,-42,-22
-11,-32,-8
-14,-37,-12
-25,-39,-23
-36,-40,-25
-47,-40,-13
-48,-41,-11
-49,-43,-24
-48,-43,-28
-47,-38,-25
-45,-34,-16
-54,-37,-13
-57,-37,-15
-54,-36,-16
-51,-37,-15
-52,-39,-20
-50,-39,-19
-52,-39,-19
-47,-39,-18
-42,-38,-19
-44,-37,-19
-47,-36,-18
-50,-35,-18
-45,-35,-16
-44,-35,-14
-47,-36,-14
-53,-36,-17
-49,-36,-15
-58,-37,-14
-58,-37,-15
-55,-38,-12
-55,-39,-13
-55,-38,-11
-55,-37,-7
-59,-38,-13
-49,-37,-14
-48,-37,-10
-53,-37,-10
-49,-36,-10
-45,-36,-6
-41,-37,-3
-44,-38,-4
-50,-39,-7
-51,-41,-9
-51,-41,-12
-50,-40,-10
-46,-41,-7
-46,-40,-8
-41,-41,-8
-42,-41,-10
-47,-43,-12
-57,-46,-19
-61,-48,-21
-39,-46,-3
-43,-46,3
-49,-42,13
-34,-32,26
-44,-39,11
-45,-39,23
-68,-27,56
-56,-22,53
-49,-40,18
-33,-31,31
-31,-19,49
-27,-18,51
-21,-15,51
-18,-12,54
-13,-14,51
-17,-16,50
-21,-20,52
-24,-22,52
-34,-20,51
-47,-19,50
-48,-24,46
-37,-23,50
-33,-18,51
-40,-18,54
-43,-18,45
-46,-23,42
-37,-19,46
-38,-20,45
-43,-24,41
-43,-24,45
-47,-18,47
-41,-23,47
-43,-22,46
-43,-22,42
-42,-19,45
-42,-25,40
-44,-22,36
-33,-11,44
-40,-18,45
-38,-20,47
-32,-10,50
-32,-16,51
-31,-13,54
-33,-20,65
-32,-19,65
-37,-18,63
-32,-26,56
-28,-22,56
-33,-23,52
-72,35,18
-17,-28,43
-36,-4,38
-33,2,40
-25,-15,43
-41,-12,27
-54,-18,24
-62,-22,23
-62,-26,17
-60,-27,9
-67,-32,3
-72,-35,-7
-55,-37,-5
-58,-39,-7
-62,-43,-12
-54,-39,-7
-56,-38,-8
-55,-35,-10
-53,-33,-6
-67,-33,-12
-60,-33,-11
-57,-32,-7
-61,-32,-8
-56,-33,-12
-49,-32,-10
-47,-30,-14
-46,-28,-12
-50,-24,-11
-53,-23,-6
-55,-23,-18
-65,-31,-38
-39,-29,-33
-43,-26,-12
-58,-26,-23
-66,-24,-12
-69,-26,-8
-69,-23,-5
-63,-17,3
-59,-17,16
-51,-10,25
-54,-9,26
-55,-7,27
-59,-10,24
-50,-3,41
-45,-8,38
-52,-3,33
-55,-2,38
-57,-1,43
-67,-8,27
-65,-12,23
-48,-12,14
-52,-13,15
-57,-14,17
-69,-14,21
-67,-9,33
-66,-2,36
-64,-14,28
-66,-13,28
-57,-13,28
-61,-15,28
-58,-20,26
-58,-22,23
-58,-24,21
-52,-27,26
-48,-26,27
-42,-28,28
-47,-30,26
-45,-29,29
-44,-30,30
-45,-33,28
-48,-34,25
-44,-35,22
-43,-36,22
-42,-36,19
-42,-37,18
-44,-37,16
-48,-39,18
-52,-39,19
-52,-40,19
-43,-40,21
-45,-38,21
-46,-38,19
-46,-38,19
-39,-38,22
-39,-38,22
-43,-39,21
-40,-39,22
-37,-40,23
-43,-39,20
-45,-41,21
-44,-40,21
-44,-40,22
-42,-42,22
-43,-42,21
-43,-41,21
-43,-41,24
-48,-39,25
-48,-39,24
-47,-37,25
-47,-36,24
-47,-34,25
-48,-34,23
-46,-35,21
-48,-35,21
-47,-34,23
-46,-34,23
-40,-31,24
-44,-30,24
-45,-29,20
-48,-35,21
-47,-34,23
-46,-34,23
-40,-31,24
-44,-30,24
-45,-29,20
-43,-29,21
-43,-28,19
-45,-27,14
-55,-23,6
-51,-27,5
-56,-26,-1
-67,-26,-4
-68,-28,-5
-72,-24,-3
-78,-23,-12
-78,-28,-13
-84,-25,-3
-79,-20,2
-65,-27,4
-72,-17,6
-65,-22,4
-57,-23,-2
-55,-26,-1
-55,-24,3
-55,-27,3
-57,-28,3
-60,-28,3
-53,-26,3
-44,-26,1
-47,-29,-5
-57,-24,1
-43,-23,14
-24,-29,21
-53,-40,3
-76,-45,-7
-78,-46,-5
-56,-35,-9
-52,-36,-13
-56,-37,-22
-60,-38,-25
-52,-38,-29
-51,-38,-28
-41,-36,-25
-39,-36,-24
-42,-34,-23
-44,-37,-18
-50,-38,-13
-47,-37,-16
-47,-37,-16
-45,-38,-19
-51,-42,-29
-51,-42,-26
-52,-40,-19
-53,-40,-21
-47,-40,-16
-48,-39,-19
-44,-40,-18
-42,-40,-18
-41,-38,-14
-34,-36,-6
-41,-40,-13
-42,-42,-17
-36,-43,-15
-40,-45,-19
-39,-43,-13
-44,-39,-10
-47,-37,-10
-54,-40,-19
-50,-42,-16
-48,-39,-11
-47,-37,-16
-41,-33,-7
-55,-31,-8
-61,-35,-10
-51,-36,-9
-55,-30,-3
-57,-27,0
-58,-27,-10
-60,-26,-9
-72,-27,-6
-68,-26,-3
-65,-26,1
-64,-24,3
-63,-24,0
-62,-25,-4
-59,-24,-2
-61,-24,0
-60,-25,-1
-61,-25,-2
-59,-25,0
-57,-26,-3
-55,-29,-3
-56,-30,-1
-57,-31,0
-64,-42,-7
-68,-39,-11
-58,-35,-10
-52,-35,-6
-60,-37,-19
-54,-40,-21
-55,-42,-25
-54,-40,-24
-52,-41,-22
-47,-40,-20
-40,-42,-17
-38,-42,-17
-42,-44,-18
-41,-44,-17
-39,-44,-17
-37,-44,-15
-32,-43,-8
-36,-45,-1
-35,-39,0
-41,-42,-1
-34,-42,2
-39,-46,-3
-45,-45,-8
-42,-46,-8
-43,-49,-8
-44,-49,-12
-40,-49,-11
-38,-51,-8
-41,-50,-6
-43,-49,-7
-44,-49,-9
-42,-47,-7
-44,-48,-9
-47,-49,-8
-47,-47,-4
-46,-44,3
-48,-44,5
-39,-44,8
-45,-44,7
-52,-39,11
-43,-40,13
-43,-42,15
-50,-40,19
-50,-37,21
-48,-38,20
-49,-34,22
-48,-35,22
-46,-33,23
-44,-34,24
-47,-32,30
-49,-32,30
-44,-32,30
-43,-33,29
-49,-33,27
-48,-33,27
-47,-33,26
-51,-33,24
-52,-33,23
-53,-33,23
-50,-35,25
-53,-36,23
-56,-38,21
-60,-35,20
-58,-35,20
-56,-38,15
-58,-38,14
-60,-37,12
-59,-37,13
-52,-34,15
-51,-35,15
-48,-40,15
-52,-40,16
-51,-40,13
-50,-41,11
-51,-40,8
-49,-40,10
-45,-39,15
-43,-42,14
-40,-44,13
-38,-45,12
-40,-46,12
-37,-46,9
-37,-47,12
-39,-47,19
-39,-49,17
-34,-49,12
-33,-47,17
-34,-51,22
-34,-49,21
-30,-47,25
-28,-47,27
-28,-47,28
-28,-48,27
-25,-47,27
-23,-47,29
-21,-45,31
-22,-45,30
-27,-46,29
-30,-46,29
-32,-47,28
-34,-48,28
-35,-49,27
-35,-49,28
-39,-48,28
-39,-47,29
-37,-46,28
-35,-47,28
-33,-46,27
-29,-46,27
-30,-47,26
-31,-48,25
-32,-49,25
-32,-48,25
-32,-47,26
-35,-46,26
-35,-47,27
-36,-46,29
-36,-47,30
-38,-47,26
-38,-48,22
-42,-51,17
-46,-50,14
-47,-40,10
-40,-40,17
-47,-35,32
-44,-41,31
-61,-41,13
-59,-44,14
-54,-43,14
-54,-43,14
-49,-42,16
-51,-42,13
-47,-44,9
-46,-45,10
-44,-46,12
-45,-46,14
-43,-47,14
-41,-48,10
-38,-47,15
-36,-48,13
-35,-48,16
-39,-48,14
-36,-48,10
-37,-50,7
-33,-47,14
-17,-44,27
-23,-46,24
-32,-44,22
-35,-45,19
-34,-48,14
-36,-50,12
-39,-52,11
-38,-49,12
-37,-48,12
-38,-47,9
-46,-50,9
-46,-46,15
-42,-45,17
-41,-45,15
-40,-45,14
-41,-43,16
-45,-41,14
-47,-39,17
-49,-37,18
-41,-38,18
-43,-39,15
-52,-38,15
-47,-40,13
-59,-40,21
-64,-40,22
-53,-41,24
-59,-41,20
-56,-38,24
-54,-39,22
-53,-41,19
-57,-39,17
-61,-46,17
-64,-41,16
-49,-35,15
-45,-35,11
-46,-45,3
-47,-46,6
-52,-44,9
-53,-46,8
-53,-45,7
-52,-44,1
-48,-44,-6
-44,-46,-9
-43,-47,-9
-42,-47,-10
-38,-48,-9
-36,-47,-3
-34,-47,-2
-27,-47,-1
-22,-47,2
-20,-48,9
-20,-49,11
-21,-51,15
-22,-52,15
-22,-53,11
-23,-53,10
-29,-56,7
-30,-55,5
-30,-54,5
-32,-54,0
-36,-54,-2
-33,-53,5
-38,-52,5
-39,-52,5
-42,-50,7
-43,-47,8
-40,-46,11
-45,-44,13
-58,-44,3
-58,-44,0
-35,-37,29
-53,-35,32
-48,-42,23
-53,-36,26
-56,-36,29
-48,-36,32
-44,-36,30
-49,-39,27
-53,-40,25
-49,-39,24
-40,-37,27
-47,-33,31
-45,-31,36
-38,-32,36
-36,-33,36
-44,-40,36
-52,-44,36
-55,-39,32
-51,-38,27
-48,-46,17
-51,-46,17
-54,-43,18
-48,-41,14
-45,-41,14
-46,-41,16
-47,-42,11
-45,-43,10
-40,-44,13
-45,-45,11
-45,-48,10
-36,-49,10
-33,-51,9
-25,-52,7
-26,-52,6
-24,-52,8
-20,-53,11
-14,-54,9
-16,-52,9
-19,-54,11
-23,-52,12
-29,-47,10
-28,-46,10
-27,-52,9
-30,-55,7
-40,-58,6
-42,-57,6
-38,-52,13
-41,-50,9
-40,-47,5
-40,-48,3
-43,-47,1
-45,-45,-1
-49,-40,-5
-51,-39,-2
-51,-38,-4
-58,-32,-6
-52,-22,21
-79,-28,19
-64,-29,25
-57,-32,27
-61,-32,27
-60,-31,27
-57,-31,27
-54,-32,26
-50,-31,26
-47,-30,19
-50,-31,16
-51,-29,20
-56,-33,20
-63,-42,16
-65,-42,14
-60,-47,10
-62,-48,8
-60,-46,9
-60,-44,8
-53,-40,10
-49,-41,8
-48,-40,7
-48,-38,7
-43,-39,8
-42,-39,7
-34,-44,13
-31,-45,17
-26,-48,19
-26,-53,20
-29,-51,23
-30,-47,17
-30,-48,13
-30,-48,12
-26,-48,13
-27,-49,11
-29,-49,10
-31,-51,13
-30,-53,11
-33,-51,9
-29,-50,11
-29,-50,9
-39,-47,7
-43,-46,2
-42,-45,2
-44,-41,5
-43,-39,8
-48,-41,2
-56,-41,2
-39,-39,9
-41,-39,8
-48,-38,5
-48,-39,-1
-47,-36,-12
-54,-35,-5
-79,-32,12
-66,-32,15
-65,-29,23
-52,-28,22
-49,-26,25
-62,-20,31
-64,-21,32
-63,-19,32
-60,-19,33
-53,-19,35
-49,-17,32
-53,-13,27
-54,-17,26
-57,-22,25
-61,-24,23
-64,-26,21
-65,-28,19
-68,-28,22
-66,-27,24
-65,-26,15
-64,-28,11
-66,-25,13
-62,-26,11
-64,-28,9
-83,-24,3
-72,-22,-4
-55,-32,-2
-44,-37,-2
-50,-44,8
-45,-48,10
-39,-49,11
-32,-46,14
-33,-45,13
-32,-47,10
-27,-48,9
-26,-49,10
-29,-50,8
-31,-52,6
-23,-53,12
-20,-51,17
-20,-49,22
-22,-47,27
-29,-49,25
-33,-47,21
-25,-48,20
-26,-51,19
-41,-54,12
-37,-53,12
-28,-55,17
-28,-55,16
-27,-58,15
-23,-59,15
-33,-53,10
-39,-51,10
-53,-50,12
-55,-52,12
-38,-54,1
-34,-44,-1
-44,-36,19
-37,-40,30
-34,-39,27
-39,-37,37
-42,-36,40
-45,-35,32
-44,-33,34
-45,-31,38
-46,-31,35
-51,-30,35
-53,-31,36
-50,-34,37
-48,-34,34
-53,-33,30
-54,-34,28
-49,-39,31
-48,-39,34
-47,-39,22
-42,-34,25
-37,-37,24
-36,-37,27
-38,-39,30
-37,-42,30
-35,-47,32
-33,-46,33
-29,-41,35
-36,-48,30
-46,-44,31
-34,-48,31
-29,-46,26
-29,-55,25
-24,-58,26
-20,-60,26
-22,-60,26
-24,-58,26
-22,-55,27
-20,-55,27
-21,-55,27
-25,-53,18
-24,-49,17
-28,-50,22
-28,-48,24
-23,-47,22
-21,-47,20
-25,-48,12
-25,-49,10
-23,-53,12
-23,-56,11
-22,-61,8
-25,-60,8
-23,-59,7
-28,-60,7
-32,-52,10
-27,-51,8
-26,-54,2
-42,-51,1
-57,-47,6
-69,-50,11
-62,-47,13
-50,-39,15
-48,-38,17
-49,-35,18
-47,-34,20
-46,-35,30
-43,-33,30
-71,-37,8
-66,-36,13
-53,-35,19
-51,-31,18
-50,-25,18
-48,-23,21
-41,-26,24
-53,-27,19
-81,-29,1
-71,-31,3
-60,-29,3
-58,-33,2
-60,-37,2
-58,-39,2
-55,-39,1
-50,-41,2
-47,-41,3
-50,-44,2
-49,-44,0
-47,-45,-3
-50,-46,-4
-53,-47,-2
-53,-46,-1
-48,-45,1
-44,-45,3
-41,-45,1
-40,-45,1
-38,-42,5
-38,-43,7
-47,-48,-4
-48,-50,-10
-41,-51,-13
-37,-52,-9
-34,-54,-7
-28,-55,-6
-22,-54,0
-23,-54,0
-23,-53,-3
-24,-51,-2
-17,-53,4
-18,-51,-2
-12,-52,0
-13,-55,-3
-27,-57,-19
-31,-58,-24
-29,-57,-25
-26,-56,-24
-26,-52,-24
-27,-52,-26
-33,-49,-27
-34,-45,-28
-35,-45,-27
-38,-40,-27
-35,-39,-29
-45,-36,-32
-46,-36,-33
-49,-37,-32
-59,-39,-31
-57,-38,-24
-57,-40,-21
-57,-35,-17
-63,-32,-14
-56,-30,-9
-51,-31,-9
-54,-28,-12
-61,-27,-9
-64,-25,-6
-58,-27,-7
-59,-27,-6
-62,-24,-6
-58,-23,-2
-53,-26,2
-60,-23,-2
-63,-25,-5
-61,-24,-6
-64,-26,-9
-64,-25,-6
-52,-26,-4
-47,-32,-5
-61,-31,-11
-62,-30,-7
-59,-30,-5
-58,-30,-5
-57,-23,4
-62,-22,6
-63,-20,7
-58,-23,7
-59,-26,4
-59,-27,2
-57,-32,-3
-60,-35,-2
-70,-32,-3
-69,-32,-6
-55,-34,-7
-51,-35,-6
-51,-41,-10
-54,-43,-14
-63,-39,-14
-57,-32,-5
-57,-31,0
-58,-33,-2
-56,-34,-3
-47,-31,-5
-47,-34,-4
-58,-36,-15
-52,-38,-18
-49,-38,-17
-54,-40,-21
-54,-38,-15
-41,-41,-8
-38,-44,1
-38,-47,1
-32,-49,-1
-33,-50,0
-34,-51,6
-32,-52,8
-31,-52,9
-26,-52,11
-22,-53,9
-23,-51,19
-19,-49,18
-30,-47,10
-29,-49,2
-26,-52,4
-30,-50,-2
-33,-52,-9
-34,-51,-9
-37,-53,-11
-35,-54,-15
-30,-52,-14
-38,-52,-14
-36,-48,-8
-37,-50,-7
-45,-51,-17
-42,-52,-17
-43,-47,-14
-41,-47,-15
-49,-46,-22
-51,-45,-22
-49,-43,-18
-50,-45,-16
-50,-42,-14
-49,-40,-10
-56,-39,-7
-54,-39,-3
-58,-35,-4
-58,-33,-3
-54,-35,-3
-59,-34,-4
-58,-33,0
-56,-34,0
-68,-36,0
-76,-33,-4
-48,-36,2
-57,-34,4
-61,-34,5
-54,-37,6
-56,-38,6
-56,-38,6
-50,-39,5
-51,-40,2
-54,-40,4
-50,-39,5
-48,-40,5
-51,-43,5
-50,-43,7
-48,-41,9
-45,-42,14
-42,-42,14
-41,-42,14
-41,-41,15
-40,-40,15
-36,-41,15
-39,-43,16
-40,-45,17
-39,-45,20
-33,-45,25
-30,-45,26
-29,-47,23
-28,-50,21
-27,-51,17
-36,-49,17
-34,-49,19
-30,-49,21
-30,-47,22
-31,-52,19
-31,-53,19
-34,-53,17
-36,-53,16
-35,-51,12
-38,-52,9
-41,-51,9
-38,-51,11
-39,-53,9
-42,-51,7
-43,-45,8
-39,-45,11
-44,-45,12
-47,-44,10
-47,-41,7
-43,-39,9
-48,-36,6
-51,-35,2
-53,-35,3
-53,-36,4
-48,-41,6
-49,-41,7
-52,-42,8
-47,-39,8
-47,-38,6
-47,-37,4
-47,-36,2
-52,-33,1
-53,-33,1
-62,-35,-7
-69,-34,-9
-64,-36,2
-60,-33,6
-55,-32,8
-57,-32,5
-58,-35,1
-56,-36,2
-58,-39,-1
-58,-38,-2
-57,-35,0
-57,-34,0
-52,-34,-3
-49,-34,-4
-54,-37,-4
-55,-37,-3
-49,-37,-3
-48,-36,-1
-57,-39,-1
-56,-40,-1
-50,-41,2
-51,-41,1
-49,-40,2
-40,-37,4
-52,-39,-4
-53,-45,-6
-54,-45,-8
-39,-51,-7
-36,-51,-7
-29,-55,-6
-29,-54,-3
-31,-54,1
-30,-55,2
-27,-54,8
-27,-55,7
-28,-56,5
-24,-57,3
-23,-58,-1
-18,-59,0
-19,-55,2
-24,-56,2
-29,-54,3
-30,-53,6
-25,-53,9
-29,-54,9
-32,-53,8
-28,-52,11
-41,-47,9
-34,-50,-1
-31,-48,0
-35,-57,-1
-38,-58,-3
-37,-55,3
-35,-53,2
-41,-51,-3
-41,-50,-4
-40,-47,-4
-39,-46,-4
-41,-46,-7
-43,-46,-10
-50,-44,-14
-48,-44,-12
-40,-40,-4
-44,-39,-4
-54,-37,-2
-56,-37,-4
-55,-37,-2
-58,-37,-3
-54,-36,-3
-59,-36,-3
-64,-37,-8
-59,-36,-8
-55,-33,-3
-60,-31,0
-58,-31,-1
-56,-33,-2
-57,-35,-1
-57,-35,-1
-54,-35,-1
-55,-34,-3
-57,-33,-4
-55,-33,-4
-54,-33,-4
-54,-35,-3
-54,-35,0
-60,-34,0
-58,-34,-1
-57,-37,-1
-57,-37,-1
-53,-37,-2
-52,-37,1
-52,-37,0
-50,-39,-3
-45,-42,-3
-46,-42,-3
-46,-43,-3
-45,-43,-3
-41,-44,0
-41,-44,1
-45,-46,0
-43,-47,1
-37,-47,0
-40,-47,1
-45,-48,2
-43,-45,4
-44,-45,4
-44,-44,4
-42,-44,4
-42,-43,4
-42,-43,2
-43,-44,-1
-45,-43,-2
-45,-45,-4
-46,-45,-6
-42,-46,-6
-42,-49,-6
-45,-48,-4
-45,-46,0
-45,-44,2
-48,-44,2
-50,-42,-2
-52,-41,-1
-56,-38,2
-58,-38,1
-64,-39,-7
-66,-40,-2
-46,-29,16
-47,-30,16
-51,-30,9
-52,-31,7
-51,-34,3
-54,-37,-3
-56,-39,-8
-56,-41,-12
-53,-41,-12
-51,-40,-8
-51,-40,-6
-55,-39,-4
-54,-40,-3
-51,-41,-1
-52,-42,0
-55,-42,3
-53,-42,4
-53,-40,5
-51,-38,5
-49,-39,7
-50,-36,4
-55,-38,0
-55,-38,0
-48,-39,1
-47,-40,0
-45,-43,2
-45,-44,2
-45,-46,2
-42,-46,4
-40,-46,11
-37,-43,10
-34,-43,7
-42,-44,1
-44,-47,0
-40,-47,4
-41,-48,4
-40,-47,0
-39,-48,-2
-40,-50,-6
-39,-49,-6
-35,-47,-6
-37,-48,-9
-41,-50,-15
-42,-52,-16
-43,-50,-11
-38,-47,-10
-35,-51,-18
-40,-49,-17
-39,-45,-12
-38,-47,-11
-40,-48,-18
-44,-47,-17
-48,-39,-5
-50,-39,-7
-46,-40,-10
-47,-38,-10
-56,-37,-12
-58,-33,-12
-58,-32,-13
-63,-28,-13
-66,-28,-11
-66,-26,-10
-66,-26,-10
-66,-27,-9
-66,-28,-7
-57,-24,0
-57,-23,0
-60,-22,0
-62,-22,0
-62,-24,-1
-63,-23,-2
-63,-24,-3
-61,-25,-3
-61,-26,-4
-60,-26,-4
-58,-27,-4
-58,-28,-2
-58,-28,0
-57,-29,1
-55,-31,2
-54,-32,3
-53,-34,3
-52,-34,4
-51,-36,5
-50,-37,6
-50,-38,7
-48,-37,12
-49,-36,14
-53,-42,10
-54,-43,7
-50,-41,6
-49,-41,5
-48,-44,-2
-48,-46,-5
-48,-49,-7
-49,-49,-6
-48,-47,-5
-46,-47,-4
-42,-48,-5
-40,-48,-5
-36,-48,-3
-35,-48,-1
-34,-47,4
-35,-46,6
-38,-44,9
-36,-42,11
-38,-41,9
-37,-42,8
-41,-47,2
-44,-49,-2
-43,-52,-9
-40,-52,-9
-40,-53,-10
-42,-53,-10
-39,-50,-7
-39,-49,-3
-39,-49,-4
-38,-51,-8
-41,-49,-8
-45,-51,-11
-45,-46,-10
-40,-45,-5
-44,-44,-5
-51,-41,-5
-49,-42,-4
-50,-39,-2
-48,-37,-1
-52,-36,-4
-54,-35,-5
-53,-34,-5
-53,-33,-6
-55,-33,-9
-58,-33,-9
-59,-33,-6
-61,-33,-5
-61,-32,-4
-60,-32,-3
-60,-31,2
-61,-30,3
-56,-30,2
-60,-30,0
-68,-29,-2
-60,-30,-2
-59,-31,-2
-60,-32,2
-59,-33,4
-51,-34,5
-50,-34,6
-54,-40,5
-55,-40,4
-53,-42,2
-52,-41,3
-49,-41,2
-48,-43,0
-48,-46,-2
-49,-45,-2
-46,-46,-2
-45,-47,-4
-40,-48,-7
-38,-48,-7
-34,-49,-2
-34,-48,0
-29,-45,6
-32,-44,7
-31,-44,9
-28,-46,8
-34,-49,3
-35,-51,1
-37,-49,-1
-35,-50,-6
-38,-50,-9
-35,-49,-11
-31,-49,-10
-27,-49,-16
-33,-49,-15
-45,-50,-13
-38,-52,-12
-46,-49,-13
-51,-48,-12
-51,-44,-12
-52,-42,-12
-56,-39,-13
-55,-38,-14
-55,-34,-14
-56,-31,-12
-57,-28,-8
-58,-29,-9
-57,-29,-8
-58,-29,-8
-60,-29,-6
-58,-29,-4
-60,-28,-5
-61,-26,-4
-66,-25,-3
-66,-24,-2
-64,-24,1
-63,-25,3
-64,-26,3
-64,-28,-1
-62,-29,-2
-59,-30,-3
-60,-31,-4
-58,-30,-1
-56,-30,-1
-49,-31,2
-51,-32,2
-54,-37,0
-52,-40,-1
-48,-44,2
-50,-44,1
-49,-44,2
-45,-45,2
-43,-45,1
-42,-46,0
-43,-49,-4
-43,-52,-7
-45,-53,-10
-40,-53,-10
-43,-52,-11
-43,-50,-13
-31,-47,-7
-31,-50,-8
-34,-50,-11
-29,-46,-6
-30,-46,-5
-40,-46,-4
-39,-46,-2
-39,-46,-6
-37,-47,-2
-37,-49,-8
-37,-50,-9
-39,-49,-8
-32,-48,-6
-24,-49,-14
-28,-47,-17
-47,-45,-16
-44,-48,-17
-39,-44,-14
-49,-42,-13
-48,-42,-11
-45,-40,-11
-66,-33,-10
-64,-33,-9
-57,-29,-4
-67,-25,-1
-66,-20,2
-64,-20,2
-66,-22,4
-64,-23,7
-66,-25,8
-72,-25,7
-66,-25,8
-60,-24,7
-59,-24,7
-62,-26,4
-60,-28,1
-61,-28,1
-63,-28,4
-54,-29,6
-48,-29,9
-57,-34,3
-58,-36,3
-57,-41,2
-57,-43,1
-56,-40,0
-55,-40,1
-49,-39,4
-46,-39,1
-43,-36,0
-37,-42,-1
-33,-52,-5
-37,-55,-7
-39,-59,-12
-40,-56,-11
-28,-51,-6
-26,-49,-6
-37,-50,-9
-38,-47,-9
-37,-46,-6
-37,-37,-1
-35,-40,-2
-38,-47,-6
-39,-50,-7
-37,-53,-11
-37,-53,-14
-40,-47,-7
-37,-46,-7
-29,-47,-17
-34,-45,-20
-43,-47,-24
-46,-47,-20
-48,-43,-16
-48,-41,-18
-54,-34,-15
-60,-31,-12
-64,-31,-10
-58,-32,-10
-65,-31,-10
-69,-30,-8
-70,-24,-4
-67,-23,-2
-69,-18,3
-64,-16,8
-60,-13,15
-57,-14,14
-58,-15,12
-66,-20,7
-71,-22,4
-69,-27,-2
-66,-30,-3
-64,-32,-1
-61,-31,-1
-54,-33,0
-55,-33,-1
-52,-35,-2
-51,-34,1
-47,-35,5
-47,-38,4
-46,-40,6
-46,-41,6
-44,-40,10
-44,-37,13
-36,-36,21
-34,-37,22
-38,-42,19
-40,-44,18
-48,-50,13
-51,-51,9
-53,-49,2
-46,-50,0
-35,-53,-8
-35,-54,-14
-33,-55,-17
-36,-54,-6
-32,-52,-5
-37,-42,2
-36,-42,-3
-30,-43,-7
-27,-44,-10
-32,-45,-24
-38,-45,-27
-41,-40,-20
-34,-40,-21
-34,-42,-29
-39,-43,-33
-63,-39,-20
-59,-40,-19
-51,-38,-22
-54,-35,-22
-62,-30,-14
-70,-28,-13
-71,-28,-13
-73,-25,-14
-65,-24,-8
-63,-22,-6
-67,-22,-4
-66,-21,-1
-70,-18,2
-70,-17,2
-65,-14,0
-62,-13,1
-62,-14,4
-67,-17,6
-70,-19,6
-65,-21,6
-61,-24,4
-62,-27,0
-62,-27,1
-54,-28,1
-51,-28,1
-51,-30,4
-51,-30,6
-48,-32,12
-46,-32,16
-50,-33,19
-53,-34,20
-49,-38,16
-46,-41,15
-48,-45,6
-47,-47,3
-45,-48,-1
-44,-48,-3
-42,-50,-5
-41,-51,-6
-41,-52,-7
-42,-52,-6
-32,-49,-2
-27,-49,-2
-28,-47,-4
-26,-47,-6
-23,-48,-5
-32,-49,-8
-34,-49,-10
-32,-48,-9
-33,-50,-11
-39,-52,-20
-39,-54,-21
-31,-52,-12
-35,-49,-13
-32,-50,-19
-33,-49,-22
-46,-46,-21
-44,-45,-20
-35,-44,-23
-36,-43,-23
-58,-37,-22
-69,-35,-22
-55,-40,-21
-51,-38,-21
-59,-33,-16
-68,-29,-10
-65,-28,-8
-61,-26,-7
-58,-20,-1
-58,-17,3
-64,-16,5
-66,-16,3
-66,-18,4
-62,-15,9
-61,-15,10
-64,-19,4
-64,-21,1
-64,-23,-1
-62,-25,-2
-65,-25,-2
-64,-26,-1
-62,-26,3
-61,-26,3
-62,-31,3
-59,-33,2
-54,-34,2
-52,-35,3
-50,-34,8
-49,-37,9
-53,-42,6
-53,-44,5
-49,-43,6
-46,-45,4
-40,-49,-1
-41,-49,-1
-39,-48,-2
-38,-42,2
-36,-44,2
-34,-46,-1
-34,-47,-2
-39,-49,-3
-37,-50,-3
-26,-48,-6
-28,-52,-6
-30,-47,-7
-27,-48,-8
-29,-53,-17
-33,-53,-21
-42,-54,-17
-40,-52,-16
-42,-48,-13
-52,-46,-15
-52,-43,-13
-47,-42,-11
-48,-38,-5
-50,-41,-6
-53,-42,-11
-54,-39,-10
-60,-35,-9
-59,-35,-8
-57,-32,-7
-56,-32,-8
-61,-31,0
-67,-27,9
-60,-22,11
-57,-27,7
-60,-30,0
-62,-29,5
-61,-30,5
-60,-30,1
-53,-31,2
-53,-33,4
-58,-35,-1
-59,-39,-1
-57,-40,0
-51,-42,3
-49,-40,5
-49,-42,4
-46,-40,7
-41,-38,14
-42,-37,16
-42,-40,10
-47,-44,9
-49,-45,11
-50,-44,13
-47,-43,14
-45,-41,14
-42,-42,10
-41,-42,10
-38,-45,9
-35,-46,9
-42,-47,10
-47,-45,11
-41,-45,14
-51,-43,11
-43,-40,11
-33,-42,8
-37,-43,4
-32,-46,-2
-29,-49,-6
-40,-52,-16
-42,-52,-17
-45,-50,-10
-45,-52,-12
-45,-49,-11
-37,-47,-5
-40,-45,-4
-41,-44,-3
-40,-46,-7
-42,-44,-8
-51,-41,-8
-54,-38,-9
-58,-36,-10
-58,-33,-9
-54,-30,-4
-58,-29,-6
-80,-24,-16
-99,-71,-31
-40,-8,36
-48,-17,27
-50,-17,4
-73,-15,-2
-71,-20,-2
-63,-22,-8
-59,-24,-6
-61,-28,-3
-61,-28,-3
-53,-27,5
-53,-27,7
-56,-29,12
-58,-28,15
-58,-30,13
-56,-30,12
-50,-31,16
-50,-32,16
-53,-34,15
-51,-35,17
-51,-38,15
-49,-41,16
-50,-43,14
-51,-43,13
-48,-45,11
-45,-46,9
-44,-49,3
-43,-49,4
-40,-47,6
-38,-46,8
-34,-45,13
-38,-44,16
-37,-44,14
-38,-44,11
-39,-43,10
-38,-42,6
-39,-43,3
-33,-45,0
-29,-46,-2
-34,-49,-10
-41,-49,-13
-42,-47,-7
-37,-50,-6
-41,-50,-14
-44,-49,-13
-44,-46,-6
-44,-45,-8
-46,-47,-16
-49,-46,-19
-55,-40,-17
-53,-37,-12
-52,-37,-14
-55,-37,-14
-64,-32,-8
-61,-30,-6
-56,-26,-3
-60,-23,0
-69,-21,2
-66,-21,2
-64,-21,1
-69,-20,2
-69,-20,1
-66,-20,4
-65,-20,6
-66,-23,4
-64,-24,3
-59,-24,6
-60,-23,6
-59,-22,8
-57,-23,7
-62,-27,6
-61,-28,6
-52,-29,8
-53,-31,8
-55,-33,6
-52,-32,8
-52,-32,12
-50,-32,15
-49,-35,17
-54,-37,12
-51,-38,12
-46,-39,13
-44,-44,10
-46,-46,6
-43,-48,-1
-40,-47,0
-39,-45,3
-45,-44,4
-45,-44,4
-43,-44,4
-40,-46,4
-46,-44,1
-50,-46,-2
-57,-46,-2
-60,-44,1
-49,-40,6
-44,-40,7
-45,-41,1
-45,-41,1
-44,-43,-2
-46,-42,-2
-45,-43,-5
-45,-45,-7
-50,-46,-6
-51,-42,-2
-47,-43,-2
-48,-40,-5
-49,-38,-2
-54,-36,2
-56,-37,2
-57,-36,1
-57,-33,3
-60,-28,7
-61,-24,12
-62,-22,11
-62,-20,12
-61,-17,14
-59,-15,17
-58,-12,19
-61,-13,20
-66,-14,20
-68,-15,20
-65,-15,22
-63,-17,21
-66,-18,17
-62,-19,17
-58,-21,19
-58,-22,20
-55,-21,24
-52,-21,25
-49,-20,27
-53,-20,27
-55,-22,27
-53,-23,26
-51,-24,26
-50,-24,29
-53,-32,25
-53,-37,25
-61,-36,25
-60,-32,25
-49,-35,24
-52,-42,15
-50,-43,13
-50,-41,11
-52,-41,9
-50,-40,12
-42,-40,13
-42,-41,16
-42,-42,17
-35,-44,20
-39,-46,17
-39,-45,17
-36,-43,19
-29,-44,26
-28,-43,26
-32,-45,25
-34,-48,24
-38,-51,20
-36,-52,18
-31,-52,14
-35,-52,12
-36,-50,13
-37,-50,12
-32,-49,9
-33,-49,7
-34,-49,15
-35,-48,18
-35,-51,15
-38,-49,15
-40,-48,16
-38,-45,17
-41,-44,16
-47,-42,18
-50,-41,20
-49,-37,22
-49,-37,23
-52,-33,28
-52,-31,30
-56,-29,31
-55,-28,34
-48,-26,37
-43,-27,36
-47,-26,34
-52,-25,34
-49,-27,42
-46,-26,43
-53,-24,36
-55,-25,32
-45,-24,31
-44,-23,32
-41,-22,36
-47,-22,33
-48,-25,33
-50,-27,33
-50,-26,32
-48,-26,33
-46,-27,33
-48,-28,31
-52,-28,29
-46,-33,31
-48,-36,30
-57,-39,28
-60,-41,28
-59,-42,25
-57,-41,23
-53,-38,18
-52,-37,18
-49,-37,18
-48,-38,18
-48,-42,15
-48,-44,15
-42,-43,15
-37,-42,16
-30,-47,16
-33,-50,17
-34,-50,17
-30,-51,17
-28,-49,23
-31,-50,25
-33,-48,23
-29,-49,22
-26,-47,22
-30,-47,21
-37,-51,13
-34,-49,14
-38,-48,15
-36,-47,19
-37,-46,20
-37,-48,24
-36,-49,25
-33,-47,24
-34,-46,25
-40,-42,28
-39,-42,29
-35,-40,30
-38,-37,33
-42,-37,35
-46,-35,35
-44,-34,37
-41,-34,36
-42,-33,36
-44,-31,36
-41,-30,38
-39,-32,37
-44,-33,35
-48,-32,33
-48,-32,30
-47,-33,27
-48,-35,23
-49,-34,25
-47,-33,31
-44,-32,37
-45,-33,35
-51,-35,30
-55,-39,28
-58,-41,23
-56,-41,21
-53,-40,18
-53,-40,16
-53,-42,16
-51,-42,17
-52,-43,18
-51,-42,16
-46,-43,16
-45,-45,17
-45,-47,18
-45,-47,17
-41,-46,15
-39,-45,16
-34,-45,14
-30,-44,14
-23,-49,19
-25,-53,18
-25,-57,17
-20,-54,22
-15,-50,24
-14,-49,23
-19,-49,20
-24,-54,17
-25,-54,14
-25,-54,7
-26,-54,6
-32,-52,8
-34,-51,9
-32,-53,5
-33,-51,7
-41,-49,14
-41,-48,16
-37,-47,19
-40,-45,20
-45,-42,17
-45,-40,17
-49,-36,19
-54,-34,21
-58,-35,21
-55,-35,21
-54,-31,19
-54,-32,19
-57,-31,22
-61,-32,21
-60,-30,21
-59,-30,22
-59,-27,24
-56,-25,27
-55,-25,27
-58,-34,27
-63,-39,27
-58,-29,27
-52,-27,27
-50,-24,25
-55,-25,25
-51,-25,28
-51,-26,28
-51,-30,26
-48,-30,26
-42,-34,26
-42,-37,25
-46,-42,21
-46,-44,20
-45,-47,17
-46,-46,15
-47,-50,12
-45,-51,11
-42,-50,7
-41,-50,6
-35,-50,9
-35,-50,9
-26,-53,10
-26,-55,9
-33,-58,4
-30,-57,2
-18,-56,5
-23,-60,4
-26,-58,2
-22,-58,7
-21,-58,9
-35,-50,7
-33,-52,9
-18,-57,17
-29,-56,15
-33,-54,14
-28,-55,15
-26,-50,17
-24,-48,17
-24,-48,16
-27,-48,16
-28,-50,17
-27,-49,18
-33,-48,15
-39,-50,13
-44,-50,14
-45,-50,15
-42,-50,18
-39,-52,17
-38,-51,15
-39,-51,16
-39,-50,18
-38,-51,17
-40,-50,18
-40,-48,20
-39,-50,19
-38,-49,19
-38,-49,19
-37,-48,17
-37,-48,17
-38,-49,16
-37,-50,16
-39,-51,14
-40,-50,13
-38,-48,13
-34,-48,14
-35,-53,10
-39,-51,9
-35,-51,12
-34,-51,13
-34,-51,14
-36,-50,13
-38,-51,14
-39,-51,14
-37,-50,15
-41,-51,13
-42,-49,14
-39,-48,14
-37,-47,15
-38,-47,14
-41,-48,12
-41,-47,16
-39,-47,16
-37,-49,15
-39,-50,14
-41,-52,12
-41,-50,14
-41,-45,18
-37,-44,21
-33,-44,23
-34,-44,23
-35,-44,26
-36,-46,25
-35,-45,24
-36,-45,23
-37,-45,21
-37,-46,21
-37,-45,22
-34,-44,23
-32,-44,26
-37,-43,28
-38,-43,28
-35,-43,27
-37,-43,25
-41,-42,25
-44,-51,23
-53,-59,17
-56,-45,11
-47,-44,14
-53,-48,10
-58,-50,0
-55,-51,1
-58,-46,9
-53,-45,11
-44,-45,13
-42,-46,11
-36,-48,7
-35,-50,5
-33,-49,6
-30,-48,9
-26,-47,13
-26,-47,13
-24,-47,16
-21,-46,19
-25,-47,18
-25,-49,18
-22,-51,16
-21,-53,13
-22,-54,8
-23,-55,4
-27,-57,-3
-28,-57,-2
-25,-57,-7
-21,-59,-12
-12,-52,-11
-20,-49,-11
-66,-41,0
-66,-51,-1
-61,-45,1
-61,-38,7
-64,-35,10
-63,-36,12
-61,-35,13
-62,-35,12
-60,-33,13
-58,-29,16
-57,-27,19
-55,-24,21
-55,-23,21
-54,-22,24
-51,-21,25
-46,-20,28
-47,-20,29
-56,-21,32
-61,-23,33
-78,-25,23
-71,-24,21
-52,-22,18
-54,-22,20
-55,-20,23
-52,-20,22
-53,-22,19
-53,-23,19
-53,-25,21
-54,-24,25
-53,-24,28
-51,-22,32
-49,-22,32
-49,-25,39
-53,-31,41
-55,-24,33
-53,-25,29
-62,-41,25
-70,-41,23
-68,-36,16
-60,-36,13
-55,-36,14
-57,-37,15
-47,-35,17
-43,-36,17
-40,-38,18
-40,-36,21
-50,-37,18
-50,-34,19
-44,-32,19
-45,-33,16
-46,-34,16
-42,-34,16
-37,-35,17
-39,-34,15
-39,-38,13
-35,-38,17
-44,-33,12
-46,-37,10
-43,-40,9
-42,-41,4
-46,-40,-2
-57,-38,-2
-62,-31,5
-55,-27,11
-53,-22,13
-61,-18,15
-60,-17,13
-75,-12,13
-78,-10,16
-75,-8,13
-69,3,46
-70,-10,39
-65,-18,33
-75,-18,22
-72,-13,21
-57,-13,23
-58,-15,23
-59,-17,24
-58,-18,23
-57,-17,26
-58,-17,28
-59,-18,30
-59,-20,28
-64,-24,27
-66,-26,27
-61,-26,27
-56,-29,25
-54,-31,21
-57,-35,17
-58,-36,17
-56,-37,14
-55,-39,13
-61,-39,18
-48,-40,22
-32,-43,15
-29,-42,16
-27,-46,17
-24,-46,20
-17,-46,25
-16,-44,30
-15,-46,32
-12,-46,33
-10,-44,38
-11,-44,38
-11,-47,35
-12,-49,33
-19,-50,30
-24,-52,27
-23,-53,22
-25,-55,19
-36,-55,17
-34,-54,22
-29,-54,22
-22,-50,23
-28,-50,24
-53,-52,25
-48,-50,31
-30,-44,31
-28,-42,26
-33,-38,23
-41,-36,25
-40,-33,31
-35,-31,33
-53,-28,36
-54,-32,40
-39,-31,49
-42,-29,47
-37,-22,56
-36,-21,54
-38,-17,47
-34,-16,47
-40,-19,46
-41,-17,49
-38,-17,50
-41,-19,47
-42,-20,43
-41,-20,46
-43,-21,47
-40,-22,48
-43,-22,49
-38,-25,45
-38,-25,44
-38,-37,45
-40,-40,44
-37,-41,41
-38,-42,41
-39,-45,42
-38,-46,41
-41,-47,38
-38,-44,39
-40,-44,34
-37,-42,30
-36,-42,27
-38,-44,26
-43,-45,21
-52,-47,17
-30,-46,31
-19,-43,31
-12,-45,29
-9,-49,31
-2,-50,35
5,-49,39
-5,-46,38
-10,-47,36
-5,-51,39
-7,-52,39
-26,-53,27
-14,-50,34
-15,-50,33
-31,-50,23
-30,-52,24
-21,-51,26
-20,-52,25
-24,-50,25
-26,-49,25
-22,-49,30
-19,-49,31
-13,-50,33
-17,-50,30
-27,-50,26
-27,-50,29
-28,-46,26
-31,-46,27
-38,-42,32
-39,-40,34
-32,-35,35
-34,-34,34
-43,-34,36
-46,-35,34
-50,-34,37
-50,-33,38
-48,-32,39
-51,-32,39
-50,-32,40
-47,-31,40
-48,-31,40
-44,-30,41
-43,-30,39
-43,-30,36
-42,-31,36
-41,-31,35
-41,-32,35
-40,-32,35
-37,-32,37
-40,-33,39
-42,-34,37
-49,-34,32
-48,-38,31
-52,-48,31
-49,-46,32
-46,-45,31
-47,-47,27
-44,-47,22
-44,-47,18
-46,-47,14
-47,-46,14
-45,-44,15
-44,-45,14
-39,-48,12
-38,-52,10
-37,-50,4
-33,-48,10
-35,-46,14
-30,-47,16
-23,-46,20
-18,-44,23
-13,-46,22
-12,-52,19
-19,-53,15
-21,-58,14
-21,-59,14
-22,-59,13
-26,-59,12
-28,-59,13
-27,-59,14
-26,-56,12
-24,-55,9
-22,-55,7
-23,-55,6
-26,-56,5
-33,-53,2
-40,-54,0
-40,-53,0
-41,-52,-4
-42,-50,-3
-53,-48,2
-49,-43,7
-52,-40,5
-49,-38,2
-51,-35,-2
-54,-29,4
-63,-25,8
-64,-24,7
-62,-23,7
-61,-25,2
-68,-23,4
-73,-27,6
-66,-27,7
-61,-26,6
-61,-26,8
-60,-23,11
-57,-24,9
-60,-22,5
-62,-22,4
-61,-22,5
-58,-24,5
-62,-24,5
-62,-24,5
-59,-25,7
-60,-31,5
-66,-36,-2
-63,-35,-2
-62,-31,2
-60,-33,1
-60,-38,-6
-59,-40,-6
-59,-40,-7
-56,-41,-6
-54,-38,-5
-55,-35,-6
-53,-36,-7
-49,-37,-6
-49,-39,-8
-52,-41,-8
-49,-41,-6
-44,-40,-2
-43,-39,0
-43,-41,1
-42,-42,1
-40,-44,5
-38,-45,5
-35,-45,6
-35,-47,7
-38,-46,7
-36,-47,9
-32,-47,10
-34,-47,9
-40,-50,4
-43,-52,0
-39,-51,0
-35,-51,3
-43,-49,4
-32,-49,5
-28,-49,6
-34,-49,-1
-32,-51,-5
-30,-54,-7
-40,-52,-7
-38,-51,-5
-32,-51,-1
-45,-44,0
-45,-46,-3
-47,-38,-2
-51,-36,-2
-57,-35,-7
-56,-34,-8
-70,-30,-9
-70,-29,-6
-61,-31,-2
-61,-30,-3
-63,-29,2
-61,-30,4
-62,-30,4
-63,-30,6
-64,-29,7
-64,-28,6
-61,-28,6
-62,-29,8
-59,-32,6
-55,-33,6
-53,-33,7
-49,-33,10
-50,-36,10
-61,-43,-1
-65,-43,-3
-57,-39,1
-54,-37,3
-57,-41,-2
-58,-40,-5
-49,-40,-5
-49,-39,-4
-49,-37,-4
-47,-37,-4
-41,-39,-3
-44,-39,-3
-42,-41,0
-43,-42,1
-39,-44,1
-40,-43,1
-44,-43,7
-40,-44,8
-37,-44,6
-32,-44,6
-35,-44,-2
-35,-46,-5
-30,-47,-6
-30,-47,-8
-34,-53,-21
-37,-52,-15
-56,-53,-11
-60,-57,-8
-58,-55,-4
-49,-50,1
-42,-46,4
-38,-47,1
-37,-48,-3
-37,-45,-5
-39,-45,-7
-48,-45,-6
-43,-43,-3
-42,-42,-6
-41,-42,-6
-46,-38,0
-52,-37,3
-65,-41,0
-69,-41,0
-65,-37,0
-58,-34,2
-61,-34,4
-64,-34,4
-68,-32,8
-68,-31,10
-60,-30,12
-63,-29,13
-61,-29,13
-58,-28,10
-59,-25,3
-52,-25,-3
-50,-28,-4
-39,-30,-8
-34,-33,-13
-38,-40,-23
-31,-38,-22
-33,-38,-21
-25,-36,-16
-40,-29,-18
-49,-26,-22
-42,-22,-21
-47,-24,-31
-61,-34,-39
-67,-35,-40
-45,-32,-42
-35,-27,-41
-37,-25,-40
-43,-20,-35
-36,-21,-42
-40,-23,-48
-47,-23,-45
-61,-22,-44
-62,-14,-37
-67,-8,-33
-79,-2,-36
-79,0,-30
-79,2,-22
-82,10,-16
-79,9,-16
-74,5,-15
-78,4,-11
-79,2,-8
-71,-1,-9
-74,-7,-16
-75,-9,-14
-66,-12,-5
-63,-17,-4
-58,-19,-3
-54,-21,-5
-50,-27,-7
-53,-26,-7
-43,-29,-13
-35,-35,-19
-29,-40,-11
-30,-39,-15
-18,-42,-11
-12,-43,-6
-13,-37,-10
-20,-37,-15
-9,-37,-17
-18,-38,-24
-70,-47,-49
-104,-52,-59
-53,-37,-54
7,-31,-22
-54,-30,-41
-38,-28,-27
-41,-28,-23
-40,-27,-25
-43,-28,-27
-46,-28,-28
-42,-28,-29
-39,-28,-33
-43,-31,-33
-51,-32,-33
-59,-22,-35
-44,-32,-30
-52,-27,-33
-58,-20,-50
-59,-34,-54
-65,-16,-41
-70,-17,-35
-66,-14,-17
-71,-16,-17
-77,-22,-16
-73,-21,-11
-69,-19,-9
-65,-23,-9
-58,-26,-12
-48,-30,-11
-44,-30,-16
-69,-32,-21
-74,-27,-18
-32,-20,2
-50,-20,-8
-53,-26,-14
-50,-29,-19
-30,-37,-25
-29,-40,-28
-33,-48,-34
-30,-50,-30
-18,-47,-17
-10,-45,-10
-21,-40,-10
-25,-39,-12
-27,-38,-15
-37,-37,-21
-68,-44,-21
-126,-55,-29
-36,-30,-16
0,-23,-9
-48,-31,-45
-45,-39,-36
-37,-39,-18
-44,-36,-22
-33,-34,-21
-33,-33,-24
-45,-36,-43
-39,-37,-41
-58,-27,-32
-52,-9,-26
-51,-13,-35
-71,-11,-24
-67,-17,-26
-72,-12,-26
-80,-9,-21
-81,-2,-15
-82,-1,-6
-75,-5,5
-75,-10,3
-65,-24,-4
-62,-36,-14
-67,-52,-24
-66,-41,-19
-40,-38,-21
-34,-30,-14
-42,-15,5
-48,-16,9
-52,-21,10
-61,-20,14
-54,-28,34
-48,-35,28
-55,-42,9
-41,-40,25
-59,-30,-9
-56,-30,-19
-48,-38,-2
-46,-42,-3
-52,-42,-1
-50,-35,9
-46,-33,3
-52,-37,5
-52,-36,2
-52,-36,-2
-49,-35,-5
-44,-30,-12
-46,-30,-12
-34,-26,6
-76,-31,-10
-72,-42,-27
-65,-37,-22
-35,-34,-16
-27,-29,-12
-35,-28,-27
-40,-28,-32
-32,-25,-28
-42,-27,-34
-51,-30,-34
-55,-31,-32
-66,-33,-33
-68,-34,-36
-68,-33,-38
-56,-29,-33
-52,-21,-28
-56,-16,-25
-55,-15,-21
-57,-15,-19
-57,-15,-14
-65,-15,-6
-68,-17,0
-67,-17,7
-68,-16,9
-68,-16,8
-70,-16,4
-72,-12,10
-63,-16,5
-42,-27,-9
-50,-30,-11
-64,-17,-5
-52,-13,3
-48,-10,-12
-54,-12,-26
-66,-18,-41
-59,-19,-39
-60,-22,-27
-72,-6,-15
-25,19,-42
-19,-2,-43
-44,-42,-60
-44,-51,-68
-47,-49,-68
-47,-35,-58
-56,-28,-46
-60,-11,-35
-66,0,-19
-128,3,0
-110,-14,-15
-20,12,-25
-48,11,-12
-70,-3,-13
-56,-8,-16
-54,-11,-15
-65,-10,-14
-56,-1,7
-44,-3,6
-66,0,-10
-71,-1,-10
-61,-12,-17
-57,-18,-23
-81,-15,-11
-77,-15,-3
-76,3,16
-81,11,19
-69,5,22
-64,8,24
-67,8,15
-68,5,13
-65,0,17
-55,-5,9
-65,-18,14
-72,-18,23
-67,-26,10
-57,-29,-2
-49,-29,-4
-49,-32,-12
-40,-30,-5
-39,-32,-1
-40,-32,-20
-40,-46,-7
-45,-40,-4
-57,-34,-15
-54,-34,-14
-35,-36,-3
-32,-36,-5
-40,-42,-15
-39,-45,-18
-40,-44,-17
-47,-43,-16
-51,-47,0
-84,-45,-9
-86,-45,-10
-67,-47,-11
-28,-44,3
-58,-33,-17
-55,-34,-21
-51,-29,-25
-42,-23,-13
-59,-26,2
-59,-25,4
-54,-28,-1
-59,-25,-1
-51,-22,6
-45,-22,8
-53,-31,7
-53,-32,5
-67,-28,-12
-54,-23,-7
-46,-20,-9
-45,-19,-2
-31,-13,4
-36,-20,3
-90,-9,19
-103,-9,21
-89,-18,29
-85,-6,42
-86,-10,34
-80,-13,29
-73,-14,18
-68,-15,15
-60,-20,6
-62,-23,2
-58,-29,-3
-47,-31,-2
-42,-32,-5
-33,-33,-1
-31,-32,-1
-42,-30,-4
-42,-32,-4
-45,-38,-2
-50,-48,-8
-65,-38,-11
-64,-34,-5
-56,-35,-2
-52,-35,-2
-37,-33,-9
-47,-38,-15
-56,-43,-16
-57,-40,-12
-60,-42,-14
-58,-40,-14
-28,-33,-11
-32,-30,-13
-58,-34,-15
-63,-34,-13
-50,-35,-15
-51,-33,-19
-45,-33,-19
-41,-34,-16
-42,-37,-16
-37,-34,-13
-63,-30,-25
-56,-32,-1
-61,-28,3
-54,-27,-9
-57,-40,-7
-69,-24,-1
-77,-19,0
-82,-2,12
-86,-3,12
-83,-7,21
-74,-2,31
-71,2,40
-65,0,41
-51,-4,37
-57,-8,33
-54,-10,29
-53,-11,24
-58,-10,8
-50,-14,9
-48,-16,10
-48,-19,13
-54,-24,16
-48,-29,19
-45,-31,22
-42,-31,24
-44,-31,24
-50,-32,29
-59,-30,29
-58,-26,31
-82,-28,15
-35,-44,43
-38,-45,31
-26,-37,35
-36,-34,41
-55,-38,39
-52,-35,43
-34,-19,46
-26,-18,47
-22,-26,53
-30,-25,43
-42,-29,27
-48,-33,25
-49,-36,15
-48,-37,8
-49,-36,0
-46,-37,-2
-57,-41,-1
-54,-37,21
-36,-43,-15
-74,-48,-29
-49,-43,-25
-35,-43,-37
-23,-46,-31
-23,-53,-36
-25,-52,-36
-28,-44,-30
-16,-56,-11
-33,-56,-5
-41,-49,-9
-58,-37,-13
-82,-29,-12
-64,-14,-6
-40,-15,1
-66,-12,-5
-67,-16,-6
-63,-24,-7
-67,-24,-4
-75,-26,0
-70,-27,-2
-65,-23,-2
-68,-20,-2
-66,-17,0
-60,-16,0
-59,-15,2
-62,-18,2
-61,-22,3
-59,-23,7
-60,-22,12
-60,-24,8
-56,-27,7
-57,-28,8
-60,-33,11
-55,-35,8
-55,-37,1
-47,-37,3
-47,-35,4
-51,-33,1
-52,-33,-2
-47,-37,3
-51,-40,2
-69,-42,-10
-63,-39,-9
-56,-35,-6
-59,-37,-7
-61,-36,-11
-58,-36,-11
-61,-35,-11
-61,-36,-12
-52,-38,-17
-49,-40,-17
-43,-40,-15
-37,-41,-11
-31,-42,-6
-33,-42,3
-38,-42,4
-45,-43,6
-41,-47,9
-42,-47,4
-36,-47,1
-38,-47,-2
-35,-48,-5
-35,-49,-6
-36,-47,-2
-43,-50,-4
-42,-50,-5
-40,-49,-2
-35,-49,-3
-36,-52,-10
-40,-52,-12
-39,-51,-7
-42,-51,-4
-46,-52,-2
-46,-51,0
-49,-45,0
-41,-39,4
-49,-38,0
-53,-40,-2
-53,-41,0
-54,-40,0
-55,-39,-3
-53,-39,-3
-45,-40,-5
-47,-40,-7
-56,-39,-5
-61,-37,-2
-52,-36,4
-48,-36,5
-51,-37,1
-56,-35,0
-47,-29,18
-43,-31,18
-39,-30,17
-51,-33,10
-58,-31,7
-47,-33,8
-57,-24,4
-58,-29,10
-60,-28,16
-83,-31,12
-73,-33,13
-64,-34,7
-65,-30,0
-62,-22,5
-56,-23,4
-60,-22,0
-61,-26,-2
-63,-27,-1
-61,-29,1
-67,-28,-3
-52,-28,5
-51,-29,6
-51,-29,6
-53,-27,8
-56,-26,10
-59,-27,10
-62,-26,8
-62,-27,7
-66,-27,14
-63,-27,18
-48,-17,53
-62,-15,40
-65,-23,9
-53,-23,11
-50,-23,16
-53,-25,18
-50,-31,20
-52,-33,20
-53,-39,19
-46,-41,23
-50,-44,19
-46,-47,18
-42,-46,18
-41,-44,20
-39,-44,21
-39,-44,20
-32,-43,25
-32,-43,24
-33,-45,23
-32,-47,24
-35,-46,25
-41,-43,25
-37,-33,34
-50,-34,25
-44,-39,24
-38,-40,26
-38,-40,28
-43,-37,31
-48,-39,30
-42,-38,33
-43,-39,29
-39,-40,25
-37,-39,24
-40,-38,26
-44,-38,27
-45,-38,28
-45,-37,30
-44,-36,32
-45,-37,30
-44,-37,28
-43,-36,28
-47,-35,28
-47,-36,28
-48,-36,27
-49,-35,26
-47,-36,27
-47,-34,27
-49,-34,28
-47,-34,27
-48,-35,26
-48,-35,25
-47,-35,26
-48,-35,26
-48,-35,26
-47,-34,27
-47,-35,26
-47,-34,26
-47,-34,26
-48,-34,27
-47,-34,27
-47,-33,26
-47,-33,27
-47,-33,26
-47,-33,26
-47,-33,26
-48,-33,27
-48,-33,27
-48,-33,26
-47,-34,26
-47,-33,25
-47,-33,26
-47,-33,25
-46,-34,25
-47,-33,26
-50,-34,25
-50,-35,26
-48,-35,27
-49,-34,26
-52,-36,23
-50,-34,24
-48,-33,24
-49,-33,22
-51,-33,23
-49,-33,24
-51,-32,24
-51,-33,24
-51,-33,24
-52,-33,24
-52,-33,24
-49,-32,23
-49,-32,23
-49,-32,23
-48,-32,23
-51,-32,21
-50,-32,22
-49,-31,25
-48,-30,25
-52,-31,22
-55,-33,19
-52,-32,22
-51,-31,22
-50,-32,16
-50,-32,15
-50,-31,23
-47,-33,25
-51,-35,19
-52,-36,19
-51,-36,21
-51,-36,18
-49,-36,18
-47,-34,18
-47,-34,17
-44,-34,15
-43,-35,12
-53,-39,6
-57,-39,4
-66,-40,2
-64,-38,1
-54,-37,3
-53,-36,3
-53,-34,2
-50,-34,3
-50,-36,2
-51,-36,3
-51,-38,3
-51,-37,3
-56,-41,-5
-61,-42,-8
-52,-42,-4
-50,-41,-3
-49,-37,5
-45,-34,13
-53,-39,13
-68,-41,3
-55,-44,-9
-41,-44,-8
-47,-45,-9
-46,-44,-9
-41,-43,-5
-56,-42,-6
-56,-44,-2
-55,-43,0
-52,-44,0
-51,-40,-2
-50,-39,-2
-54,-32,2
-54,-28,2
-53,-24,4
-55,-23,7
-60,-22,9
-60,-21,10
-58,-22,14
-58,-23,14
-58,-27,13
-59,-29,12
-52,-30,13
-52,-29,12
-55,-29,9
-56,-31,7
-58,-30,5
-57,-30,3
-52,-31,6
-58,-31,7
-57,-30,9
-55,-30,10
-57,-31,7
-54,-34,5
-53,-35,5
-54,-36,5
-53,-37,4
-51,-40,0
-48,-40,-1
-46,-40,-1
-49,-42,1
-48,-45,-2
-45,-45,-2
-47,-47,-1
-47,-47,1
-47,-47,1
-45,-47,2
-51,-43,-1
-51,-40,-1
-51,-36,0
-50,-38,0
-52,-43,1
-51,-44,1
-53,-43,6
-55,-44,6
-59,-33,24
-45,-39,5
-53,-42,-2
-38,-41,10
-46,-44,9
-38,-50,11
-30,-47,19
-32,-50,19
-35,-47,13
-34,-45,13
-35,-43,18
-54,-46,18
-53,-47,17
-38,-47,17
-31,-47,18
-20,-47,13
-26,-50,8
-50,-43,16
-57,-40,15
-55,-48,13
-51,-47,13
-37,-49,10
-29,-51,9
-30,-48,6
-36,-46,7
-41,-43,6
-40,-44,4
-39,-44,4
-48,-42,7
-49,-44,4
-46,-45,-1
-51,-42,-1
-58,-40,3
-62,-45,-4
-63,-43,3
-64,-39,9
-53,-35,7
-52,-37,2
-55,-39,-5
-52,-37,-5
-53,-36,-2
-55,-35,-2
-53,-34,-2
-54,-33,-3
-55,-30,-1
-53,-30,-2
-56,-23,1
-58,-25,5
-58,-19,7
-53,-20,14
-62,-21,11
-60,-21,9
-57,-21,8
-59,-19,8
-60,-21,6
-60,-19,6
-57,-15,8
-51,-16,10
-61,-18,9
-77,-18,7
-76,-19,8
-67,-21,10
-67,-21,7
-65,-22,8
-64,-24,10
-62,-21,12
-63,-21,12
-57,-17,16
-56,-19,17
-61,-23,16
-63,-24,15
-61,-22,15
-59,-21,18
-52,-18,20
-47,-19,21
-45,-22,21
-48,-25,18
-62,-25,10
-62,-27,15
-79,-28,14
-77,-29,9
-64,-26,10
-63,-25,11
-57,-27,9
-54,-28,8
-56,-27,11
-58,-28,6
-55,-31,4
-51,-36,0
-48,-36,-4
-36,-36,-7
-37,-34,-4
-41,-27,10
-44,-29,9
-50,-27,26
-65,-34,21
-62,-35,12
-56,-35,9
-61,-33,4
-58,-32,3
-51,-31,2
-52,-31,3
-51,-35,10
-51,-35,12
-57,-36,4
-58,-36,1
-57,-36,5
-54,-34,9
-53,-32,9
-53,-33,5
-40,-33,6
-42,-33,3
-52,-33,-1
-48,-32,-10
-54,-32,-13
-56,-32,-8
-60,-33,-7
-60,-35,-12
-59,-35,-13
-55,-31,-11
-53,-29,-10
-57,-26,-11
-59,-25,-12
-57,-32,-13
-59,-25,-13
-63,-22,-13
-58,-22,-10
-63,-18,1
-70,-19,0
-75,-23,-7
-76,-23,-11
-66,-21,-10
-62,-18,-10
-65,-16,3
-73,-12,1
-65,-19,-16
-57,-20,-17
-60,-18,-12
-64,-17,-12
-56,-18,-10
-62,-15,-2
-63,-17,0
-57,-17,6
-56,-17,6
-57,-17,10
-57,-17,13
-57,-22,10
-53,-22,13
-38,-22,17
-50,-23,10
-62,-22,12
-66,-24,10
-63,-25,-2
-64,-26,-6
-55,-29,-8
-50,-29,-8
-52,-29,-7
-56,-27,-5
-56,-24,-7
-56,-25,-9
-59,-26,-11
-62,-28,-12
-65,-29,-16
-62,-31,-16
-57,-32,-18
-61,-33,-16
-70,-36,-22
-82,-20,-4
-76,-9,3
-53,-10,-6
-56,-10,-3
-51,-15,-14
-44,-16,-20
-38,-16,-31
-35,-18,-38
-39,-20,-47
-42,-21,-46
-46,-18,-38
-45,-19,-36
-54,-20,-38
-58,-21,-38
-62,-20,-42
-57,-20,-39
-55,-18,-33
-64,-17,-32
-67,-17,-28
-65,-16,-27
-61,-16,-22
-60,-15,-17
-64,-13,-10
-67,-14,-10
-62,-16,-3
-62,-16,-1
-74,-15,-4
-64,-14,-3
-63,-13,-3
-58,-13,-4
-58,-13,-6
-59,-16,-6
-63,-19,-5
-63,-19,-5
-58,-19,-3
-58,-18,0
-59,-19,2
-62,-24,1
-61,-26,0
-58,-26,2
-57,-24,4
-53,-25,7
-55,-24,8
-53,-25,7
-53,-25,7
-57,-25,8
-58,-25,7
-63,-26,5
-61,-28,4
-59,-26,4
-54,-25,5
-59,-27,4
-65,-23,2
-73,-25,3
-63,-23,4
-66,-23,5
-64,-20,5
-56,-18,6
-55,-17,9
-59,-18,7
-56,-21,6
-58,-21,6
-63,-27,0
-62,-28,0
-61,-31,-1
-60,-29,3
-54,-26,6
-51,-25,5
-47,-25,7
-53,-27,4
-56,-29,2
-58,-29,-2
-61,-34,7
-57,-34,7
-48,-36,1
-46,-38,-3
-45,-38,-6
-36,-36,-7
-46,-34,-11
-51,-36,-10
-51,-36,-9
-46,-36,-10
-61,-36,-13
-73,-36,-5
-60,-32,12
-64,-27,15
-71,-27,1
-60,-30,-12
-59,-29,-12
-57,-31,-16
-58,-30,-16
-56,-28,-11
-55,-27,-7
-57,-27,-1
-57,-28,-3
-58,-27,-4
-62,-26,-5
-59,-24,-2
-56,-24,-1
-54,-24,-2
-54,-24,-2
-56,-24,-5
-58,-24,-5
-57,-23,-2
-55,-23,-4
-60,-25,-8
-63,-26,-11
-64,-27,-24
-63,-37,-19
-57,-21,1
-58,-22,1
-62,-22,-5
-55,-24,-8
-53,-23,-7
-55,-21,-11
-55,-21,-12
-56,-21,-9
-61,-21,-9
-66,-21,-8
-68,-21,-9
-71,-18,-15
-49,-14,8
-63,-14,-3
-68,-14,-4
-61,-15,-5
-62,-16,-6
-61,-16,-3
-63,-16,-3
-64,-17,-2
-64,-16,-2
-65,-16,0
-65,-15,0
-65,-14,2
-65,-14,2
-66,-15,-1
-63,-17,-4
-63,-17,-6
-65,-18,-6
-60,-20,-6
-58,-20,-8
-57,-21,-7
-58,-21,-7
-59,-21,-5
-56,-21,-1
-59,-20,-2
-60,-19,-1
-60,-19,-1
-60,-21,1
-63,-21,-1
-62,-23,-3
-62,-24,-2
-62,-22,-1
-61,-21,1
-52,-20,7
-60,-20,6
-62,-17,6
-61,-17,7
-63,-18,1
-62,-17,3
-64,-14,3
-62,-14,1
-60,-15,-1
-60,-16,-3
-58,-18,-7
-56,-20,-9
-54,-21,-9
-56,-24,-10
-53,-24,-12
-58,-26,-16
-60,-25,-16
-59,-23,-17
-56,-24,-18
-56,-22,-17
-54,-22,-17
-62,-23,-22
-58,-23,-22
-54,-22,-23
-55,-22,-23
-57,-18,-23
-54,-19,-23
-55,-16,-23
-61,-16,-25
-61,-17,-24
-62,-15,-22
-63,-13,-18
-65,-12,-19
-65,-12,-20
-62,-12,-21
-66,-12,-23
-68,-11,-23
-67,-10,-18
-64,-9,-16
-64,-9,-14
-63,-8,-9
-64,-10,-11
-65,-11,-14
-67,-12,-16
-66,-14,-18
-64,-14,-18
-64,-15,-14
-61,-17,-14
-57,-18,-13
-58,-19,-12
-58,-20,-7
-61,-24,-7
-55,-24,-6
-55,-25,-5
-57,-28,-4
-54,-28,-1
-50,-27,5
-52,-27,6
-54,-24,7
-54,-24,6
-59,-24,4
-63,-26,4
-62,-24,4
-60,-24,-3
-55,-29,-5
-56,-28,-5
-53,-29,-3
-57,-33,-4
-61,-34,-6
-54,-34,-7
-53,-34,-5
-60,-30,-3
-60,-32,-5
-56,-29,-1
-56,-30,1
-70,-31,-12
-65,-28,1
-59,-28,11
-59,-31,-1
-58,-28,6
-62,-29,4
-51,-29,-4
-50,-34,-8
-54,-32,-12
-53,-31,-12
-51,-28,-12
-49,-25,-11
-49,-26,-12
-50,-27,-13
-46,-32,-13
-50,-32,-12
-56,-31,-16
-57,-31,-12
-65,-24,-9
-59,-21,-6
-57,-24,-7
-61,-22,-11
-59,-22,-13
-60,-22,-12
-66,-21,-11
-65,-16,-5
-59,-17,-5
-59,-19,-4
-59,-17,-3
-69,-17,-7
-72,-15,-10
-76,-19,-8
-60,-17,1
-56,-12,6
-57,-15,6
-63,-12,0
-62,-12,-1
-65,-13,0
-65,-12,1
-62,-9,4
-62,-10,6
-66,-9,9
-69,-10,8
-63,-12,10
-66,-14,7
-73,-14,9
-66,-18,8
-64,-17,9
-60,-16,20
-57,-15,21
-57,-17,16
-58,-16,17
-60,-18,16
-64,-23,13
-59,-20,19
-58,-21,21
-50,-20,26
-47,-20,28
-62,-19,21
-58,-19,23
-56,-21,20
-56,-22,19
-56,-25,18
-54,-27,19
-47,-26,27
-44,-26,29
-47,-28,28
-51,-25,26
-52,-20,23
-48,-20,22
-54,-23,16
-60,-29,9
-64,-32,7
-64,-33,9
-60,-30,15
-58,-26,21
-58,-26,18
-58,-27,13
-57,-27,11
-53,-27,6
-53,-28,3
-50,-26,4
-50,-26,3
-56,-32,-3
-58,-31,6
-59,-31,18
-60,-31,12
-55,-33,3
-56,-31,-1
-58,-30,-4
-58,-29,-4
-56,-26,-1
-56,-24,-2
-61,-24,-6
-61,-23,-5
-62,-22,-5
-62,-22,-6
-66,-20,-3
-68,-20,0
-61,-21,5
-61,-20,3
-67,-23,-2
-69,-35,-7
-49,-23,5
-65,-23,0
-64,-19,3
-65,-11,9
-62,-12,11
-63,-16,6
-64,-17,5
-61,-18,5
-60,-17,7
-58,-17,12
-59,-17,13
-63,-15,11
-63,-15,11
-61,-14,12
-60,-13,13
-59,-15,16
-61,-16,15
-57,-16,18
-58,-17,19
-64,-19,12
-64,-20,12
-65,-19,17
-62,-16,18
-61,-13,16
-64,-13,15
-61,-13,17
-60,-15,18
-58,-16,19
-53,-17,22
-55,-19,24
-57,-19,25
-57,-21,24
-58,-22,24
-60,-22,25
-55,-24,23
-50,-25,24
-53,-27,24
-51,-28,22
-49,-29,24
-48,-29,25
-48,-30,30
-48,-29,33
-41,-30,35
-43,-31,36
-42,-30,37
-38,-32,35
-39,-33,36
-42,-35,34
-37,-34,35
-35,-34,35
-40,-32,35
-39,-31,39
-35,-30,40
-42,-31,35
-47,-32,35
-40,-34,40
-37,-34,39
-53,-36,37
-45,-37,38
-39,-36,27
-40,-38,24
-47,-39,27
-43,-39,29
-40,-37,29
-42,-36,28
-44,-36,27
-47,-35,25
-45,-36,24
-43,-37,21
-43,-39,22
-43,-39,27
-47,-30,39
-51,-31,37
-45,-30,33
-46,-31,32
-46,-30,31
-48,-31,27
-51,-30,25
-51,-30,26
-52,-28,25
-52,-29,22
-50,-28,22
-50,-28,22
-50,-29,21
-56,-31,19
-58,-31,19
-51,-29,21
-51,-27,20
-56,-28,13
-65,-32,10
-71,-32,21
-43,-26,36
-54,-26,32
-51,-25,33
-48,-28,35
-51,-26,34
-46,-25,33
-48,-29,21
-33,-28,33
-57,-30,21
-60,-27,21
-45,-30,20
-59,-29,13
-59,-32,15
-46,-35,18
-50,-34,16
-61,-32,11
-49,-32,15
-58,-31,16
-57,-33,17
-55,-33,17
-52,-33,14
-51,-32,12
-48,-30,13
-45,-28,18
-50,-32,9
-51,-35,8
-60,-32,2
-61,-30,-5
-45,-30,-10
-47,-31,-12
-50,-34,-16
-47,-35,-16
-50,-36,-22
-51,-37,-21
-54,-39,-20
-55,-40,-20
-58,-42,-17
-60,-43,-17
-61,-42,-17
-66,-37,-29
-53,-31,-12
-53,-30,-5
-54,-26,5
-54,-22,0
-62,-28,-12
-61,-30,-15
-55,-35,-13
-49,-29,-2
-55,-29,-1
-50,-26,2
-46,-25,0
-48,-26,-13
-50,-26,-23
-58,-29,-31
-56,-29,-30
-50,-28,-21
-50,-27,-16
-57,-28,-17
-60,-29,-19
-64,-28,-18
-64,-26,-13
-60,-26,-12
-63,-24,-11
-66,-18,-12
-67,-16,-9
-60,-12,0
-56,-13,-1
-65,-14,-5
-70,-11,0
-63,-9,1
-64,-9,-1
-66,-6,3
-65,-7,4
-65,-10,1
-71,-10,2
-71,-10,7
-65,-13,8
-63,-11,6
-60,-11,2
-62,-10,3
-67,-12,0
-65,-13,0
-61,-15,-2
-59,-16,3
-59,-14,15
-64,-12,18
-62,-9,13
-62,-11,13
-80,-6,10
-82,-2,13
-65,-8,17
-62,-7,19
-63,-11,17
-65,-12,15
-58,-15,9
-56,-17,7
-57,-19,11
-57,-19,13
-54,-20,18
-57,-20,23
-58,-20,28
-51,-19,29
-47,-20,30
-59,-22,19
-52,-18,25
-52,-18,25
-55,-18,32
-52,-20,33
-55,-23,27
-60,-22,28
-56,-24,19
-50,-29,16
-48,-28,21
-55,-30,19
-53,-28,19
-55,-25,17
-53,-25,16
-53,-26,12
-56,-27,8
-56,-26,10
-51,-27,9
-60,-26,3
-66,-25,3
-76,-23,-5
-69,-22,-7
-59,-20,-5
-58,-18,-4
-60,-18,-10
-62,-17,-12
-62,-15,-4
-64,-18,-3
-64,-18,-1
-64,-21,2
-64,-22,0
-53,-25,6
-52,-23,7
-48,-23,10
-48,-23,9
-52,-21,6
-53,-20,2
-64,-14,-6
-69,-13,-10
-69,-11,-6
-67,-12,-1
-65,-15,5
-78,-19,5
-83,-12,10
-69,-16,10
-68,-15,0
-59,-13,2
-56,-14,4
-58,-12,2
-58,-10,2
-63,-10,0
-64,-8,2
-71,-9,-1
-73,-12,1
-72,-12,5
-64,-13,8
-69,-14,18
-62,-15,30
-58,-17,29
-59,-10,18
-48,-16,19
-49,-10,27
-49,-10,34
-50,-12,33
-49,-16,29
-48,-15,31
-55,-14,30
-57,-17,27
-53,-20,29
-51,-21,30
-51,-18,31
-50,-17,31
-47,-17,29
-49,-20,29
-52,-24,24
-59,-25,19
-56,-27,19
-57,-30,15
-60,-31,10
-57,-30,8
-48,-32,5
-58,-30,10
-56,-30,8
-48,-36,2
-42,-40,0
-53,-44,0
-55,-47,5
-47,-45,-3
-47,-46,-8
-51,-44,1
-50,-45,-1
-51,-46,-8
-51,-45,-4
-48,-45,3
-51,-47,1
-48,-46,6
-47,-47,5
-38,-45,6
-37,-44,6
-32,-41,9
-45,-39,11
-60,-41,16
-53,-43,18
-60,-40,13
-55,-42,8
-43,-40,6
-44,-46,4
-58,-46,-2
-52,-40,-1
-47,-41,0
-44,-40,-1
-46,-40,-2
-66,-36,-16
-59,-43,-21
-37,-41,-15
-44,-43,-17
-46,-41,-11
-50,-40,-8
-59,-39,-1
-56,-40,1
-45,-53,-5
-48,-60,-13
-42,-38,-7
-39,-36,-3
-49,-36,-3
-53,-35,2
-48,-41,11
-53,-38,6
-54,-31,18
-44,-32,17
-44,-36,4
-42,-38,0
-43,-41,1
-43,-42,0
-46,-43,-2
-47,-43,1
-47,-45,1
-48,-49,1
-47,-49,1
-43,-46,2
-42,-43,4
-46,-43,3
-47,-44,4
-52,-44,6
-55,-45,9
-58,-43,11
-53,-41,12
-47,-40,12
-45,-40,14
-50,-39,12
-50,-39,13
-50,-38,17
-52,-39,18
-47,-36,22
-46,-37,22
-44,-38,27
-45,-35,27
-40,-35,30
-42,-34,29
-48,-32,25
-45,-31,26
-54,-27,29
-57,-27,28
-47,-30,27
-51,-33,25
-52,-33,24
-47,-29,23
-42,-28,25
-56,-28,21
-58,-29,21
-52,-37,19
-51,-37,23
-57,-33,28
-59,-33,26
-48,-34,27
-50,-33,25
-47,-34,26
-47,-32,28
-49,-36,23
-46,-34,25
-54,-35,21
-47,-34,25
-42,-34,34
-46,-35,32
-43,-33,33
-41,-33,31
-44,-30,28
-41,-28,31
-41,-29,32
-43,-30,32
-42,-33,36
-42,-34,35
-42,-35,35
-43,-32,33
-43,-31,34
-42,-31,34
-41,-33,33
-42,-34,29
-42,-34,28
-46,-36,25
-47,-38,23
-54,-42,25
-52,-43,25
-50,-45,31
-43,-41,37
-23,-40,35
-29,-41,28
-38,-44,29
-41,-45,27
-45,-44,23
-43,-43,21
-39,-41,19
-37,-40,20
-41,-39,21
-42,-40,21
-42,-41,20
-44,-40,21
-41,-39,24
-41,-39,23
-43,-40,22
-45,-39,17
-44,-40,14
-43,-36,10
-54,-35,11
-65,-28,24
-63,-25,31
-59,-26,28
-56,-25,27
-57,-24,24
-56,-25,25
-65,-28,21
-63,-27,21
-52,-27,20
-50,-25,20
-46,-23,24
-45,-23,23
-52,-21,14
-62,-23,7
-84,-26,2
-77,-26,6
-63,-24,10
-66,-23,4
-54,-23,4
-53,-23,-2
-59,-29,-8
-67,-31,-7
-60,-35,-5
-61,-27,0
-59,-24,9
-65,-24,14
-63,-23,10
-59,-23,12
-62,-23,11
-55,-24,14
-53,-23,20
-46,-24,20
-41,-25,24
-49,-26,23
-52,-26,24
-50,-27,26
-50,-29,24
-45,-32,18
-46,-33,19
-47,-33,23
-52,-26,24
-50,-27,26
-50,-29,24
-45,-32,18
-46,-33,19
-47,-33,23
-45,-33,24
-47,-33,33
-51,-33,34
-52,-35,24
-55,-38,25
-59,-36,19
-55,-34,12
-55,-34,11
-56,-35,10
-58,-38,6
-51,-37,10
-52,-37,10
-53,-40,10
-50,-39,13
-49,-38,13
-49,-39,13
-50,-38,14
-50,-37,14
-51,-36,15
-51,-36,16
-51,-34,17
-51,-33,17
-50,-33,19
-51,-33,20
-51,-34,23
-49,-35,22
-48,-34,23
-49,-35,22
-47,-36,22
-47,-37,22
-46,-40,22
-45,-40,21
-46,-42,19
-45,-42,19
-46,-41,18
-46,-41,17
-47,-41,17
-46,-40,18
-46,-40,18
-47,-41,18
-45,-43,18
-44,-45,17
-44,-45,16
-45,-44,12
-46,-43,11
-46,-42,11
-47,-43,10
-47,-43,8
-47,-42,7
-47,-41,6
-47,-42,6
-49,-43,5
-48,-43,5
-50,-40,5
-50,-40,5
-48,-39,5
-48,-40,5
-47,-42,4
-46,-43,4
-47,-44,4
-47,-45,4
-46,-45,4
-46,-44,4
-47,-43,4
-46,-42,5
-46,-44,4
-46,-46,3
-46,-45,3
-41,-47,3
-37,-46,6
-51,-46,-8
-49,-46,0
-36,-50,13
-43,-55,4
-43,-53,5
-43,-53,2
-44,-47,-14
-39,-47,2
-42,-44,1
-47,-44,-1
-52,-42,4
-55,-43,7
-43,-43,4
-40,-43,3
-49,-45,-1
-46,-43,6
-49,-46,12
-46,-47,2
-34,-43,1
-38,-43,2
-35,-43,7
-39,-46,0
-36,-48,3
-38,-49,9
-39,-49,13
-42,-47,9
-37,-42,7
-29,-40,2
-29,-44,-4
-45,-43,-11
-49,-43,-6
-50,-49,-1
-49,-49,0
-48,-46,6
-50,-46,5
-48,-47,-3
-49,-49,-1
-53,-46,2
-54,-44,-2
-50,-42,4
-48,-41,5
-48,-40,4
-50,-39,4
-50,-38,6
-47,-39,7
-52,-40,4
-51,-40,5
-51,-39,6
-54,-39,5
-52,-39,6
-52,-39,6
-53,-38,6
-51,-38,5
-51,-38,5
-51,-37,5
-52,-37,5
-53,-36,5
-52,-36,6
-52,-36,6
-53,-36,6
-53,-36,5
-52,-36,6
-54,-36,5
-52,-36,6
-52,-36,6
-53,-36,5
-53,-36,6
-54,-35,6
-53,-35,5
-54,-35,5
-53,-34,6
-53,-34,5
-54,-34,5
-53,-33,7
-53,-34,7
-54,-34,7
-54,-33,7
-53,-34,7
-54,-34,6
-53,-34,5
-53,-34,5
-54,-34,7
-53,-33,8
-54,-32,8
-53,-32,9
-54,-32,9
-55,-32,9
-55,-31,9
-55,-31,8
-55,-32,7
-56,-32,7
-55,-32,6
-55,-33,6
-58,-33,6
-57,-32,6
-55,-31,5
-55,-33,4
-56,-33,5
-56,-32,5
-56,-31,4
-56,-31,5
-56,-31,5
-57,-32,5
-57,-31,6
-57,-30,7
-55,-30,6
-55,-30,6
-55,-31,5
-57,-32,5
-57,-32,5
-57,-32,4
-57,-31,5
-56,-30,5
-54,-30,6
-56,-31,7
-57,-31,6
-57,-30,7
-57,-30,7
-55,-29,7
-54,-30,7
-57,-31,8
-57,-31,8
-57,-30,8
-56,-29,9
-55,-29,8
-56,-29,8
-55,-30,7
-55,-30,7
-55,-32,6
-56,-33,6
-56,-32,6
-55,-32,6
-55,-32,6
-55,-33,6
-55,-33,6
-55,-34,5
-55,-34,5
-56,-34,5
-55,-33,6
-56,-31,5
-56,-30,5
-54,-30,5
-54,-31,4
-55,-33,3
-55,-34,2
-55,-33,2
-55,-33,2
-55,-33,3
-55,-33,3
-55,-34,3
-55,-34,4
-55,-33,4
-55,-32,4
-54,-33,3
-55,-34,3
-55,-34,2
-55,-34,2
-55,-33,3
-56,-33,3
-56,-31,4
-54,-31,4
-55,-32,4
-55,-32,3
-55,-32,2
-57,-33,2
-56,-33,2
-56,-32,2
-55,-31,3
-55,-30,4
-54,-30,4
-56,-33,4
-57,-33,4
-54,-32,4
-55,-32,4
-56,-33,3
-55,-34,3
-54,-32,2
-54,-33,2
-56,-35,2
-56,-34,2
-54,-34,3
-55,-35,4
-59,-33,6
-57,-30,7
-52,-28,5
-52,-28,5
-55,-31,5
-55,-32,5
-55,-33,4
-55,-34,3
-55,-35,3
-55,-34,3
-55,-33,3
-56,-33,3
-55,-33,4
-57,-33,3
-57,-33,3
-56,-31,3
-55,-32,1
-54,-29,3
-57,-29,5
-60,-31,5
-61,-30,4
-58,-27,6
-57,-25,6
-56,-25,7
-58,-26,7
-58,-25,9
-59,-24,8
-57,-26,4
-55,-26,5
-56,-27,5
-62,-30,0
-60,-30,0
-61,-30,-1
-61,-29,-1
-61,-29,-3
-60,-28,-3
-58,-27,-2
-61,-27,-4
-23,-12,32
-44,-12,16
-91,-26,-17
-64,-29,-8
-55,-34,-16
-60,-37,-18
-54,-35,-14
-51,-34,-14
-50,-28,-14
-51,-27,-10
-56,-23,-4
-58,-24,0
-57,-21,6
-56,-20,5
-58,-20,1
-54,-21,4
-64,-16,2
-72,-16,-2
-74,-13,0
-70,-12,2
-59,-13,1
-60,-14,1
-65,-15,0
-70,-11,5
-69,-9,6
-58,-8,3
-52,-11,-1
-54,-15,-4
-59,-16,-4
-59,-16,-3
-60,-15,-2
-64,-13,2
-66,-11,4
-58,-9,2
-59,-8,1
-67,-6,3
-65,-4,5
-58,-2,3
-59,-4,1
-68,0,4
-70,3,7
-74,9,5
-71,9,3
-66,5,6
-66,6,8
-67,7,9
-67,7,7
-69,8,1
-67,8,2
-64,11,3
-64,11,4
-66,11,2
-68,11,0
-67,12,3
-67,12,7
-72,11,6
-68,8,11
-76,5,4
-64,10,16
-64,8,12
-59,7,10
-62,6,7
-57,6,12
-59,7,15
-60,4,15
-61,4,15
-60,2,16
-59,2,18
-57,2,19
-54,3,22
-55,4,23
-58,5,22
-67,4,20
-64,3,19
-61,0,16
-62,1,17
-61,-1,16
-63,-4,14
-65,-5,14
-60,-6,20
-59,-6,21
-59,-5,23
-57,-5,23
-53,-4,28
-54,-3,27
-48,-3,26
-45,3,35
-61,22,19
-63,23,13
-70,12,12
-70,10,14
-64,6,15
-59,5,13
-60,6,8
-65,4,2
-69,5,-8
-71,4,-11
-76,5,-18
-75,5,-15
-72,6,-9
-69,8,-8
-70,10,-7
-68,12,-2
-65,12,0
-63,12,4
-63,12,5
-69,14,5
-67,15,6
-60,14,10
-59,12,10
-55,9,12
-58,8,11
-67,8,7
-71,10,7
-66,10,9
-61,12,12
-60,13,14
-60,13,15
-59,10,16
-61,9,16
-63,8,15
-65,8,14
-62,8,14
-62,9,14
-62,10,14
-61,12,15
-61,14,14
-63,16,16
-65,16,14
-74,15,12
-80,12,11
-65,11,20
-62,11,24
-54,15,26
-48,16,28
-47,15,37
-50,16,43
-47,8,39
-46,7,38
-49,5,36
-53,4,37
-57,2,35
-56,0,33
-57,0,30
-56,0,30
-53,-2,31
-53,-4,30
-52,-6,31
-50,-7,32
-53,-8,35
-51,-9,37
-51,-11,38
-48,-11,38
-48,-13,39
-54,-14,39
-51,-16,35
-48,-17,33
-48,-16,30
-63,-15,24
-64,-14,23
-56,-14,19
-56,-15,17
-64,-15,20
-65,-16,23
-66,-19,15
-64,-20,20
-67,-15,19
-60,-17,19
-62,-18,16
-66,-20,13
-65,-22,10
-62,-20,8
-62,-18,9
-62,-17,9
-52,-17,14
-55,-18,14
-64,-22,13
-67,-23,13
-64,-21,18
-64,-16,22
-62,-17,19
-58,-16,21
-57,-19,22
-62,-20,21
-62,-17,22
-55,-16,29
-46,-15,33
-61,-24,24
-71,-31,14
-52,-19,32
-50,-20,31
-47,-18,31
-48,-20,30
-48,-19,38
-50,-20,38
-43,-22,38
-39,-22,39
-48,-20,33
-46,-19,33
-46,-21,35
-46,-25,37
-50,-27,36
-48,-28,35
-47,-25,34
-46,-25,35
-50,-23,36
-53,-24,36
-40,-24,43
-30,-17,52
-35,-18,59
-63,-19,47
-49,-25,40
-39,-23,39
-51,-25,37
-51,-25,41
-39,-25,48
-34,-27,45
-37,-28,43
-44,-31,38
-45,-31,38
-43,-32,40
-41,-30,41
-35,-27,44
-31,-26,45
-28,-26,46
-24,-27,46
-23,-27,47
-26,-25,50
-32,-26,53
-35,-27,52
-28,-29,49
-25,-29,49
-29,-29,47
-30,-30,48
-26,-32,48
-27,-34,47
-27,-35,50
-28,-35,49
-29,-35,46
-28,-36,45
-25,-36,45
-24,-36,43
-24,-38,41
-25,-38,43
-24,-37,43
-26,-36,47
-25,-36,52
-22,-35,56
-27,-38,50
-30,-38,41
-28,-39,39
-26,-40,38
-30,-42,37
-34,-39,37
-30,-39,39
-28,-40,34
-29,-41,31
-33,-40,33
-37,-39,34
-34,-37,32
-31,-36,32
-38,-37,30
-40,-37,33
-47,-34,37
-48,-30,38
-41,-33,34
-41,-32,35
-42,-29,36
-42,-28,37
-44,-22,43
-57,-32,42
-53,-23,42
-34,-21,52
-32,-19,52
-30,-15,57
-40,-17,53
-58,-24,37
-59,-24,34
-54,-24,27
-52,-24,27
-52,-22,31
-51,-23,30
-50,-21,26
-54,-24,27
-56,-23,27
-55,-26,24
-55,-25,27
-54,-26,27
-50,-28,27
-51,-26,28
-49,-28,29
-47,-27,28
-49,-34,31
-52,-37,31
-54,-30,26
-50,-25,26
-46,-27,24
-50,-35,21
-51,-37,23
-52,-33,25
-50,-31,26
-46,-28,28
-47,-30,29
-46,-34,27
-46,-37,26
-45,-37,26
-45,-36,25
-46,-36,26
-43,-37,26
-42,-39,26
-45,-38,28
-46,-37,32
-44,-38,32
-36,-39,30
-40,-39,28
-43,-40,29
-45,-38,30
-41,-38,30
-44,-37,28
-49,-39,26
-50,-40,26
-40,-42,25
-36,-40,25
-36,-41,24
-40,-43,28
-42,-44,35
-43,-40,38
-41,-43,35
-42,-49,30
-45,-49,23
-37,-44,25
-31,-41,30
-34,-41,30
-31,-39,32
-33,-39,30
-33,-40,28
-30,-41,25
-29,-41,24
-34,-44,22
-37,-46,21
-43,-39,33
-41,-40,32
-43,-38,27
-41,-38,32
-45,-36,33
-43,-36,31
-41,-34,31
-43,-33,30
-39,-33,28
-37,-33,27
-48,-29,30
-51,-29,30
-49,-28,29
-51,-24,31
-52,-23,32
-42,-25,28
-34,-24,26
-60,-22,18
-68,-22,24
-54,-25,20
-51,-25,14
-45,-21,24
-55,-23,19
-86,-26,1
-90,-17,2
-95,-17,-14
-85,-15,-13
-69,-10,-1
-68,-13,-1
-69,-17,-7
-64,-22,-3
-55,-25,-5
-54,-24,-6
-50,-23,4
-52,-26,5
-53,-26,7
-55,-27,9
-47,-26,22
-46,-28,25
-52,-32,23
-44,-27,29
-41,-30,27
-47,-35,22
-50,-34,20
-49,-31,23
-47,-29,27
-45,-29,31
-45,-30,30
-48,-30,25
-54,-29,16
-59,-32,3
-53,-31,7
-54,-29,15
-57,-29,11
-71,-32,8
-62,-32,10
-51,-31,8
-55,-30,7
-61,-30,5
-61,-30,6
-57,-29,8
-55,-28,8
-53,-29,6
-50,-29,5
-54,-30,1
-56,-28,0
-52,-23,3
-51,-21,2
-57,-19,-4
-56,-15,-2
-56,-13,-2
-53,-9,-1
-60,-7,-1
-68,-2,-2
-73,2,-5
-80,4,2
-83,3,6
-83,3,9
-82,3,11
-79,4,12
-74,5,13
-61,7,20
-60,5,18
-62,4,11
-61,0,9
-73,2,10
-73,-1,10
-69,-3,9
-67,-4,10
-61,-7,14
-61,-7,15
-56,-9,15
-51,-12,16
-50,-15,23
-63,-12,18
-58,-14,31
-54,-15,29
-48,-16,26
-52,-18,24
-55,-18,22
-46,-18,28
-49,-20,28
-49,-21,32
-48,-23,31
-53,-24,31
-48,-25,30
-49,-20,35
-49,-21,37
-48,-20,35
-47,-21,36
-52,-22,36
-52,-23,34
-52,-22,32
-51,-23,31
-50,-24,30
-49,-24,31
-46,-23,29
-45,-22,28
-52,-21,25
-54,-25,22
-57,-24,26
-59,-21,29
-51,-22,28
-57,-21,25
-63,-21,26
-68,-23,22
-63,-25,21
-54,-26,22
-63,-25,19
-63,-25,19
-60,-27,17
-59,-26,16
-58,-25,15
-59,-27,12
-62,-27,13
-53,-25,18
-48,-25,17
-51,-27,16
-50,-27,19
-45,-25,20
-43,-25,19
-49,-23,18
-54,-23,19
-52,-22,25
-56,-20,11
-59,-20,11
-61,-20,14
-70,-21,15
-72,-20,15
-65,-21,16
-56,-21,19
-48,-24,20
-32,-23,24
-43,-16,18
-72,-13,4
-77,-19,-10
-78,-18,-13
-93,-20,-19
-83,-17,-8
-56,-22,-2
-68,-15,-9
-69,-15,-7
-62,-20,-1
-60,-20,5
-56,-20,10
-55,-21,11
-59,-25,12
-57,-25,12
-54,-24,17
-57,-22,17
-55,-27,15
-55,-28,18
-53,-25,22
-48,-25,22
-46,-24,25
-52,-25,27
-47,-26,32
-55,-24,28
-50,-21,29
-43,-22,29
-44,-22,30
-53,-22,26
-50,-25,26
-49,-27,19
-57,-26,15
-60,-29,17
-60,-28,19
-55,-28,27
-59,-24,26
-60,-22,28
-58,-21,29
-59,-18,20
-61,-16,19
-61,-17,14
-58,-19,11
-62,-21,9
-60,-22,10
-60,-23,8
-58,-24,10
-62,-25,14
-60,-26,14
-58,-26,17
-56,-26,18
-58,-25,22
-53,-24,25
-54,-23,25
-54,-21,24
-55,-21,24
-57,-22,18
-54,-21,20
-54,-17,25
-53,-18,25
-54,-20,22
-55,-19,19
-60,-17,22
-69,-17,22
-70,-16,16
-62,-12,20
-50,-12,39
-51,-11,40
-61,-12,37
-58,-14,42
-63,-19,33
-64,-20,30
-56,-20,29
-60,-23,25
-57,-23,27
-53,-24,31
-50,-22,33
-46,-23,32
-46,-24,27
-45,-26,27
-43,-28,28
-47,-29,29
-48,-28,30
-42,-27,30
-44,-26,33
-50,-25,33
-50,-24,34
-47,-22,37
-48,-22,34
-48,-24,30
-47,-24,30
-48,-27,25
-50,-30,22
-52,-30,20
-55,-30,24
-50,-30,31
-49,-31,27
-41,-31,34
-44,-33,30
-51,-34,21
-45,-32,22
-48,-32,21
-52,-32,21
-52,-33,21
-56,-32,19
-50,-32,20
-51,-31,17
-58,-27,19
-57,-28,18
-57,-22,18
-63,-21,16
-60,-20,20
-60,-21,20
-60,-21,20
-61,-22,20
-65,-21,19
-64,-20,19
-64,-19,20
-61,-15,34
-57,-16,34
-57,-14,28
-60,-15,29
-57,-14,26
-55,-16,27
-52,-14,32
-51,-14,33
-51,-20,32
-51,-18,31
-49,-17,30
-45,-18,27
-47,-21,25
-47,-20,27
-48,-22,30
-47,-20,36
-48,-17,35
-55,-13,33
-52,-15,33
-64,-15,32
-66,-17,31
-64,-12,31
-58,-12,28
-59,-10,27
-62,-11,25
-62,-16,17
-62,-19,18
-64,-20,22
-62,-21,24
-58,-18,32
-57,-17,34
-51,-20,41
-50,-21,46
-51,-21,40
-49,-21,39
-58,-15,33
-56,-16,29
-52,-20,20
-51,-22,20
-48,-28,16
-48,-29,10
-51,-31,15
-55,-31,16
-68,-30,16
-66,-28,20
-49,-27,26
-45,-26,28
-49,-26,29
-53,-27,31
-52,-27,26
-57,-27,26
-61,-26,28
-55,-29,21
-55,-29,15
-58,-26,26
-55,-27,25
-50,-30,13
-54,-27,20
-51,-26,23
-50,-23,26
-53,-25,23
-56,-24,19
-60,-24,15
-58,-23,12
-64,-17,16
-63,-14,20
-61,-11,22
-58,-10,23
-62,-18,16
-63,-22,13
-57,-24,11
-55,-25,11
-55,-25,15
-54,-22,22
-57,-24,26
-53,-25,27
-51,-27,24
-51,-28,20
-55,-28,21
-50,-30,21
-51,-30,20
-56,-31,20
-60,-33,19
-46,-32,23
-42,-33,27
-51,-33,21
-48,-31,22
-45,-30,24
-49,-30,25
-54,-33,24
-50,-32,31
-47,-32,32
-48,-33,31
-52,-34,35
-56,-32,36
-55,-32,29
-55,-31,26
-57,-31,24
-55,-30,25
-55,-28,20
-63,-34,18
-51,-30,26
-46,-32,29
-43,-32,31
-38,-31,35
-32,-30,39
-29,-32,41
-30,-32,43
-31,-29,47
-33,-28,46
-34,-27,52
-32,-29,53
-26,-28,58
-24,-29,59
-32,-29,51
-29,-27,50
-31,-22,47
-30,-20,46
-43,-21,34
-46,-21,32
-52,-24,30
-59,-23,29
-48,-25,35
-41,-24,40
-44,-15,45
-50,-14,42
-44,-17,44
-43,-17,44
-56,-12,41
-61,-14,38
-68,-13,24
-66,-16,20
-69,-17,18
-49,-23,18
-52,-26,14
-52,-29,22
-51,-33,24
-54,-33,25
-57,-33,27
-54,-31,32
-50,-30,32
-47,-26,34
-48,-25,37
-46,-27,29
-42,-24,25
-58,-23,23
-59,-24,25
-53,-26,23
-55,-26,24
-51,-29,23
-49,-28,24
-53,-29,26
-55,-28,24
-55,-30,19
-53,-30,20
-51,-30,33
-53,-31,36
-57,-31,33
-55,-26,37
-57,-28,33
-68,-26,24
-55,-26,26
-41,-26,21
-43,-31,20
-53,-33,20
-45,-33,27
-48,-29,29
-50,-29,31
-50,-27,32
-44,-23,30
-44,-23,27
-44,-24,23
-46,-28,22
-45,-28,24
-44,-25,28
-45,-26,29
-53,-24,31
-53,-21,31
-50,-15,37
-54,-14,34
-54,-9,31
-49,-6,34
-65,-9,30
-67,-14,29
-73,-20,27
-65,-18,31
-63,-16,32
-57,-8,34
-55,-4,36
-61,3,41
-63,7,45
-49,-3,38
-58,1,33
-58,-4,28
-55,-6,28
-62,-10,23
-62,-11,21
-56,-14,25
-58,-15,26
-57,-16,29
-57,-17,33
-56,-20,30
-53,-22,27
-49,-25,28
-48,-27,29
-49,-31,27
-49,-32,27
-50,-33,29
-51,-35,29
-49,-35,29
-48,-31,29
-47,-36,28
-43,-38,27
-41,-40,26
-42,-41,23
-41,-42,23
-39,-41,26
-40,-42,25
-38,-41,28
-38,-42,32
-40,-44,43
-37,-44,38
-41,-51,18
-32,-47,25
-27,-45,29
-32,-47,25
-37,-47,20
-34,-46,23
-35,-46,19
-37,-44,20
-37,-42,29
-37,-41,34
-35,-38,41
-35,-37,43
-34,-38,41
-32,-40,39
-33,-38,32
-33,-38,31
-33,-39,31
-36,-39,36
-39,-36,37
-35,-34,38
-35,-32,40
-42,-30,40
-43,-29,40
-38,-24,42
-37,-22,40
-40,-21,35
-40,-20,37
-52,-21,29
-57,-23,28
-61,-24,29
-61,-25,31
-64,-23,33
-62,-21,32
-59,-16,34
-57,-14,38
-54,-11,37
-53,-10,35
-54,-12,31
-54,-15,29
-61,-24,27
-61,-23,25
-62,-23,23
-61,-23,24
-57,-24,25
-55,-23,27
-57,-27,25
-57,-28,25
-52,-32,21
-62,-37,12
-71,-40,4
-53,-38,7
-44,-39,14
-45,-39,31
-46,-42,29
-40,-42,21
-37,-42,22
-33,-43,22
-33,-41,23
-34,-39,29
-35,-37,31
-33,-34,35
-30,-36,36
-50,-42,27
-48,-42,30
-28,-44,44
-38,-45,35
-28,-43,41
-28,-38,49
-32,-38,41
-36,-37,34
-32,-36,37
-33,-38,35
-39,-38,26
-36,-39,27
-33,-38,33
-38,-38,26
-41,-36,26
-35,-32,47
-23,-34,54
-25,-33,53
-34,-33,49
-34,-33,45
-33,-31,45
-35,-30,37
-30,-29,41
-32,-29,39
-35,-28,39
-43,-29,36
-42,-29,36
-41,-28,35
-52,-26,35
-62,-25,31
-58,-25,30
-63,-19,29
-68,-17,27
-58,-18,27
-58,-17,27
-55,-14,27
-52,-12,30
-49,-13,29
-66,-19,22
-69,-17,19
-65,-13,24
-59,-13,29
-52,-15,31
-55,-18,33
-60,-21,37
-59,-23,35
-56,-27,35
-61,-29,29
-62,-33,19
-55,-35,22
-49,-36,29
-45,-35,29
-35,-32,29
-37,-32,29
-40,-35,30
-41,-37,29
-39,-39,27
-38,-38,26
-37,-35,29
-35,-34,27
-38,-38,24
-40,-39,21
-36,-31,41
-33,-37,44
-40,-42,28
-36,-46,27
-38,-52,23
-37,-52,20
-38,-51,21
-37,-45,27
-36,-43,30
-39,-42,33
-40,-42,34
-43,-38,38
-45,-36,42
-36,-38,42
-29,-39,43
-27,-41,35
-26,-40,30
-32,-38,27
-35,-36,28
-38,-33,24
-43,-30,24
-42,-30,35
-41,-30,35
-54,-32,27
-50,-32,38
-54,-32,52
-54,-31,42
-41,-30,25
-67,-18,-12
-57,-22,28
-57,-7,35
-59,-13,30
-63,-19,22
-64,-37,13
-85,-53,-1
-70,-46,2
-45,-33,5
-47,-30,5
-48,-34,5
-47,-35,4
-46,-36,5
-45,-39,6
-41,-44,15
-42,-44,19
-37,-45,19
-38,-46,16
-37,-47,12
-41,-48,9
-38,-52,8
-38,-54,6
-36,-53,6
-35,-53,8
-35,-54,7
-34,-55,6
-32,-51,9
-31,-50,11
-30,-50,11
-34,-48,9
-40,-50,3
-39,-49,4
-42,-50,8
-55,-46,13
-55,-48,11
-36,-45,15
-34,-43,14
-38,-43,7
-39,-42,7
-41,-40,9
-38,-44,9
-49,-49,9
-55,-46,13
-44,-42,24
-29,-32,28
-45,-40,19
-85,-47,14
-55,-40,31
-37,-39,29
-40,-35,23
-49,-34,19
-41,-35,15
-28,-39,18
-34,-36,21
-52,-31,17
-63,-23,26
-66,-31,32
-68,-24,28
-55,-16,29
-52,-20,27
-52,-24,20
-51,-30,18
-54,-35,18
-57,-38,16
-58,-39,13
-59,-38,11
-75,-38,8
-76,-35,6
-53,-36,-3
-49,-39,-2
-32,-40,14
-37,-40,17
-34,-46,18
-30,-46,16
-38,-46,19
-40,-45,23
-35,-43,26
-41,-42,26
-50,-41,33
-52,-38,19
-41,-36,3
-47,-43,-5
-35,-53,-2
-40,-53,-4
-47,-48,-5
-45,-46,1
-40,-45,1
-50,-41,5
-53,-43,7
-41,-40,12
-42,-38,10
-40,-35,14
-40,-35,11
-61,-41,-1
-53,-42,11
-35,-33,30
-46,-39,23
-63,-38,15
-60,-34,19
-55,-39,28
-58,-35,28
-58,-31,26
-54,-30,25
-56,-31,11
-49,-30,9
-47,-27,6
-48,-25,7
-54,-22,14
-59,-27,21
-67,-27,19
-72,-33,9
-56,-32,9
-54,-25,19
-55,-19,16
-56,-16,9
-63,-15,6
-63,-14,9
-63,-20,9
-66,-26,-2
-55,-27,-5
-56,-31,-8
-68,-28,-2
-61,-27,11
-52,-25,12
-59,-32,17
-69,-40,13
-63,-38,13
-68,-34,18
-64,-27,11
-53,-26,11
-48,-21,29
-43,-21,32
-28,-26,37
-18,-26,50
-37,-30,34
-40,-30,25
-44,-33,21
-54,-32,19
-62,-32,20
-58,-32,17
-49,-30,24
-57,-30,23
-66,-36,17
-59,-35,12
-50,-34,11
-48,-31,5
-51,-33,3
-54,-34,5
-56,-36,4
-58,-35,4
-60,-32,6
-65,-35,3
-59,-37,-2
-59,-27,2
-51,-29,3
-52,-26,4
-55,-27,6
-56,-26,7
-59,-23,9
-52,-18,12
-49,-24,10
-59,-28,4
-60,-27,4
-57,-21,19
-55,-20,23
-57,-22,19
-60,-20,20
-59,-20,20
-66,-19,21
-78,-12,25
-50,-3,18
-55,-4,25
-58,-10,31
-57,-12,33
-58,-14,27
-57,-12,27
-61,-11,20
-64,-10,16
-61,-11,12
-64,-13,3
-67,-23,2
-64,-26,8
-61,-23,23
-59,-22,30
-60,-18,28
-61,-18,27
-57,-20,18
-55,-23,12
-50,-33,4
-53,-39,-4
-47,-44,-6
-35,-38,-12
-42,-35,-10
-46,-36,-4
-48,-34,-8
-60,-37,-10
-64,-36,-8
-69,-34,-6
-61,-30,-3
-46,-25,-2
-32,-23,-6
-114,-36,-21
-65,-25,-10
-50,-26,-16
-50,-28,-17
-39,-31,-20
-39,-34,-24
-48,-31,-22
-50,-28,-20
-59,-30,-25
-63,-30,-22
-63,-28,-15
-62,-26,-11
-57,-21,-5
-58,-20,-4
-60,-23,-9
-62,-23,-10
-66,-21,-14
-63,-19,-12
-62,-17,-18
-63,-18,-17
-63,-18,-20
-63,-20,-22
-63,-17,-20
-62,-16,-9
-50,-19,-7
-59,-22,-17
-57,-22,-15
-58,-24,-16
-62,-25,-20
-66,-22,-18
-68,-20,-17
-68,-12,-18
-65,-11,-14
-72,-13,-8
-66,-19,-10
-58,-22,5
-59,-22,14
-60,-16,23
-63,-13,24
-58,-15,12
-57,-17,6
-63,-19,-8
-56,-21,-7
-57,-26,-14
-53,-29,-13
-54,-26,-3
-54,-24,2
-57,-26,-1
-60,-30,-4
-61,-38,-6
-46,-35,2
-51,-32,17
-44,-36,13
-44,-42,13
-44,-40,29
-44,-35,32
-52,-32,34
-49,-32,33
-54,-32,23
-54,-31,23
-51,-29,24
-51,-29,24
-53,-31,18
-56,-32,14
-58,-34,6
-58,-35,4
-59,-34,15
-55,-34,18
-56,-39,4
-60,-39,1
-59,-33,9
-51,-32,9
-51,-41,0
-54,-39,-2
-47,-33,6
-45,-31,7
-49,-30,4
-56,-29,5
-58,-30,5
-58,-27,8
-55,-28,7
-53,-28,5
-52,-28,4
-51,-28,5
-48,-27,5
-50,-21,10
-64,-24,5
-78,-25,4
-73,-24,5
-71,-26,0
-71,-26,-4
-64,-26,-5
-62,-25,-5
-57,-21,-1
-55,-20,2
-55,-21,-2
-55,-23,-3
-64,-21,2
-66,-21,4
-65,-19,8
-62,-17,10
-59,-13,22
-72,-18,22
-73,-19,30
-61,-13,29
-61,-17,14
-61,-9,29
-56,-8,29
-48,-13,20
-48,-14,21
-49,-15,29
-52,-18,29
-51,-21,31
-47,-23,31
-46,-21,34
-48,-22,33
-47,-23,36
-51,-25,33
-51,-29,29
-49,-31,27
-51,-32,24
-53,-32,24
-52,-32,23
-49,-33,26
-49,-31,29
-50,-30,27
-48,-28,29
-48,-29,26
-50,-32,19
-53,-33,19
-57,-35,20
-64,-37,26
-63,-31,40
-33,-15,64
-29,-11,53
-38,-15,34
-38,-19,26
-69,-29,3
-69,-31,-1
-59,-34,3
-63,-35,4
-56,-37,14
-56,-33,18
-54,-33,14
-53,-30,17
-53,-28,22
-55,-26,20
-63,-22,16
-77,-19,14
-53,-19,27
-55,-18,21
-52,-23,16
-52,-21,18
-47,-21,24
-50,-23,23
-59,-27,19
-62,-27,21
-66,-24,31
-65,-21,41
-56,-14,51
-47,-14,38
-45,-11,36
-46,-16,28
-53,-18,20
-58,-14,25
-62,-16,25
-64,-17,17
-64,-20,18
-66,-23,16
-68,-22,16
-64,-24,14
-61,-23,16
-58,-23,18
-53,-22,20
-57,-25,14
-55,-25,13
-54,-27,9
-57,-26,7
-57,-26,4
-55,-27,3
-51,-28,2
-52,-30,3
-52,-30,5
-55,-32,5
-51,-34,5
-54,-36,3
-54,-39,1
-53,-40,-1
-47,-42,-2
-48,-46,-2
-47,-47,-2
-43,-44,2
-45,-42,4
-46,-39,7
-47,-39,5
-52,-39,3
-49,-41,2
-48,-41,2
-43,-39,6
-48,-39,7
-50,-40,8
-54,-42,6
-52,-41,11
-50,-37,23
-45,-35,24
-65,-34,9
-64,-37,11
-48,-35,35
-59,-35,20
-49,-38,20
-46,-35,23
-45,-31,27
-46,-32,26
-33,-29,39
-33,-27,39
-34,-33,39
-36,-32,42
-41,-34,35
-40,-30,36
-39,-31,37
-40,-30,36
-42,-29,35
-42,-26,35
-47,-26,37
-55,-24,32
-61,-24,28
-75,-26,17
-60,-26,27
-46,-16,40
-47,-20,31
-53,-20,24
-56,-20,24
-58,-19,27
-61,-19,28
-63,-22,30
-61,-22,32
-60,-25,30
-59,-28,29
-17,-38,49
-90,-6,-20
-61,-26,10
-64,-28,6
-58,-26,2
-59,-27,-3
-57,-28,-2
-54,-30,-4
-54,-31,-6
-50,-32,-5
-52,-34,-3
-54,-35,-4
-54,-36,-5
-48,-38,-2
-45,-39,-1
-48,-43,-1
-47,-45,-1
-44,-45,-3
-40,-46,-2
-43,-45,-2
-43,-45,0
-41,-44,5
-42,-42,6
-46,-43,5
-49,-44,2
-45,-45,6
-48,-42,8
-59,-42,2
-52,-42,5
-54,-41,6
-58,-39,6
-54,-42,15
-49,-40,17
-48,-36,15
-50,-40,13
-49,-40,15
-47,-40,14
-43,-40,15
-45,-39,19
-48,-40,20
-39,-35,30
-39,-34,31
-41,-32,33
-39,-33,33
-39,-31,30
-42,-34,29
-46,-37,25
-46,-37,26
-46,-34,27
-41,-32,30
-41,-29,32
-48,-30,30
-56,-32,31
-62,-31,30
-61,-30,29
-59,-28,27
-54,-26,24
-53,-25,24
-48,-20,28
-46,-20,31
-52,-21,28
-54,-22,25
-55,-22,24
-55,-22,24
-58,-20,25
-65,-26,20
-63,-28,19
-62,-28,16
-63,-29,13
-60,-29,11
-60,-29,9
-57,-29,7
-55,-29,8
-56,-30,2
-54,-32,5
-53,-33,2
-52,-33,0
-51,-33,1
-50,-33,3
-47,-33,4
-47,-34,5
-50,-39,4
-52,-40,2
-47,-42,3
-46,-43,3
-45,-47,3
-46,-47,2
-43,-47,4
-39,-45,6
-40,-46,6
-43,-46,7
-46,-48,4
-48,-49,0
-45,-48,5
-49,-46,5
-52,-45,5
-48,-44,4
-46,-43,5
-49,-43,7
-48,-42,7
-48,-45,6
-50,-46,5
-52,-44,10
-53,-43,9
-49,-43,9
-47,-43,9
-47,-43,11
-48,-43,12
-47,-42,13
-43,-40,15
-44,-41,17
-42,-41,22
-41,-40,24
-43,-40,22
-45,-37,23
-45,-38,22
-46,-38,20
-46,-37,21
-44,-36,22
-45,-38,21
-45,-36,24
-44,-31,28
-42,-29,27
-47,-29,28
-52,-31,27
-55,-31,27
-56,-31,28
-61,-30,26
-60,-31,24
-56,-30,22
-56,-30,19
-54,-25,24
-53,-24,26
-52,-22,19
-53,-24,19
-59,-25,16
-57,-28,16
-58,-27,14
-57,-27,15
-58,-26,17
-59,-26,18
-60,-25,18
-59,-24,20
-62,-24,17
-60,-23,17
-61,-24,16
-57,-24,17
-56,-25,17
-55,-24,17
-54,-25,19
-52,-24,20
-51,-25,20
-52,-25,23
-51,-24,24
-49,-28,25
-51,-28,24
-50,-35,23
-51,-37,20
-41,-37,22
-35,-34,28
-42,-38,34
-46,-41,31
-47,-39,28
-41,-38,25
-41,-36,23
-42,-36,23
-47,-37,23
-47,-38,22
-49,-41,24
-44,-39,35
-43,-38,34
-47,-41,29
-47,-40,28
-44,-40,25
-43,-41,23
-45,-43,21
-46,-44,20
-47,-43,19
-45,-43,22
-47,-44,24
-44,-42,28
-44,-41,27
-45,-37,27
-44,-36,26
-41,-36,27
-42,-37,27
-41,-36,27
-42,-33,27
-45,-33,27
-46,-33,29
-44,-32,29
-41,-29,28
-44,-30,27
-56,-31,24
-60,-33,22
-55,-33,20
-55,-31,19
-58,-31,14
-58,-30,14
-54,-28,13
-52,-26,21
-51,-23,29
-52,-24,25
-55,-26,21
-51,-28,20
-53,-29,18
-56,-30,18
-53,-29,21
-52,-28,19
-54,-29,21
-59,-29,22
-58,-30,22
-65,-35,10
-59,-35,14
-56,-31,14
-51,-30,18
-46,-34,23
-48,-36,24
-44,-36,24
-45,-37,26
-46,-40,29
-45,-41,29
-45,-42,28
-45,-43,26
-44,-44,25
-42,-44,23
-38,-45,19
-41,-46,16
-32,-49,19
-21,-49,23
-26,-49,24
-27,-50,24
-20,-52,19
-24,-65,7
-39,-62,6
-37,-59,25
-41,-58,21
-56,-64,-3
-32,-51,12
-34,-53,23
-54,-48,13
-48,-36,24
-41,-35,28
-41,-24,27
-46,-20,31
-39,-17,47
-39,-17,48
-38,-18,43
-36,-20,46
-37,-19,48
-41,-20,45
-42,-23,45
-28,-21,55
-23,-21,51
-34,-23,50
-37,-24,53
-34,-23,49
-31,-22,49
-35,-23,49
-37,-29,47
-31,-23,49
-34,-23,49
-34,-24,52
-34,-24,50
-33,-22,44
-34,-23,48
-32,-24,53
-26,-18,51
-34,-27,43
-36,-27,47
-29,-28,46
-28,-27,44
-28,-27,56
-29,-29,60
-26,-23,61
-24,-23,61
-30,-25,56
-25,-31,61
-24,-34,62
-25,-33,61
-46,11,48
-63,27,30
-23,-54,43
-34,-14,43
-35,-30,41
-35,-22,45
-35,-24,48
-37,-25,45
-38,-27,44
-39,-31,41
-39,-32,39
-42,-34,35
-41,-34,35
-42,-35,32
-45,-36,28
-41,-39,25
-49,-41,20
-47,-37,19
-47,-41,17
-52,-42,15
-48,-40,16
-51,-38,11
-54,-38,8
-52,-32,15
-58,-30,11
-43,-33,15
-48,-31,11
-51,-31,10
-48,-28,11
-51,-29,9
-68,-28,1
-70,-27,1
-60,-26,7
-58,-25,9
-58,-24,9
-55,-25,9
-57,-31,5
-61,-30,2
-55,-31,1
-50,-31,0
-50,-30,-2
-63,-28,-5
-79,-29,-3
-72,-25,1
-57,-26,-1
-60,-26,-6
-62,-28,-9
-66,-27,-11
-63,-26,-5
-53,-19,9
-59,-18,7
-63,-18,-2
-64,-16,-3
-62,-14,-2
-63,-14,-3
-60,-20,6
-65,-24,2
-65,-18,-1
-50,-13,20
-61,-18,10
-57,-15,10
-64,-18,5
-64,-17,7
-65,-16,7
-67,-16,6
-65,-17,7
-65,-17,6
-67,-15,7
-66,-15,8
-63,-13,10
-63,-12,10
-62,-11,10
-59,-11,10
-61,-12,11
-58,-13,15
-61,-12,14
-64,-12,11
-60,-14,14
-61,-14,15
-63,-14,15
-63,-14,17
-66,-16,13
-64,-17,13
-61,-17,15
-61,-17,15
-66,-15,15
-62,-13,19
-60,-13,20
-58,-13,21
-58,-12,20
-57,-11,19
-57,-9,19
-56,-9,20
-58,-9,21
-65,-8,26
-65,-5,22
-72,-6,15
-73,-3,14
-67,4,17
-62,4,17
-60,3,18
-61,4,18
-63,6,19
-61,7,21
-61,9,21
-61,10,23
-60,9,25
-61,8,26
-61,4,26
-61,2,24
-62,-3,24
-63,-4,25
-66,-2,22
-66,-2,22
-56,0,31
-63,-2,24
-64,-4,25
-54,-3,27
-54,-6,25
-51,-12,26
-50,-15,27
-50,-17,27
-54,-15,27
-45,-21,27
-50,-25,22
-55,-28,27
-58,-28,29
-57,-28,27
-56,-27,27
-57,-28,30
-55,-29,28
-53,-30,27
-52,-29,26
-59,-27,23
-55,-27,24
-45,-28,24
-44,-31,24
-48,-32,20
-47,-34,20
-44,-36,23
-48,-38,21
-40,-38,24
-48,-38,15
-50,-39,12
-54,-44,4
-59,-44,7
-57,-44,13
-54,-44,13
-45,-40,15
-37,-39,14
-46,-42,-7
-47,-41,-9
-45,-41,-6
-49,-36,-6
-49,-32,0
-35,-34,4
-50,-45,-10
-55,-45,-11
-51,-44,4
-42,-42,10
-51,-42,6
-51,-42,9
-44,-42,16
-47,-41,14
-47,-43,16
-47,-43,20
-44,-43,12
-41,-42,13
-46,-42,11
-45,-42,13
-46,-42,13
-45,-42,16
-45,-42,16
-44,-42,14
-46,-43,14
-47,-43,14
-45,-42,14
-45,-42,13
-45,-42,14
-48,-43,14
-47,-43,13
-45,-43,13
-45,-44,13
-45,-43,13
-46,-44,13
-45,-43,14
-46,-44,14
-44,-43,15
-44,-43,15
-44,-44,15
-45,-44,15
-45,-43,13
-44,-43,14
-47,-43,12
-47,-43,13
-45,-42,13
-47,-43,12
-47,-43,12
-46,-42,13
-46,-43,12
-47,-43,13
-46,-43,13
-46,-43,12
-46,-42,13
-46,-43,13
-46,-43,12
-44,-44,12
-45,-44,12
-44,-44,13
-45,-44,14
-44,-44,14
-44,-45,13
-43,-44,12
-43,-44,13
-45,-43,14
-45,-44,13
-45,-43,12
-45,-43,13
-46,-43,14
-47,-43,14
-46,-42,14
-46,-41,15
-46,-41,15
-45,-42,14
-45,-42,14
-47,-43,15
-46,-43,16
-44,-42,16
-45,-42,15
-45,-43,16
-43,-43,16
-45,-43,15
-45,-43,14
-45,-42,16
-45,-42,15
-46,-43,13
-44,-43,14
-44,-43,14
-44,-44,13
-45,-45,13
-44,-44,14
-45,-43,14
-45,-44,13
-44,-44,12
-45,-43,13
-46,-43,13
-45,-43,13
-44,-43,14
-45,-43,13
-45,-44,13
-45,-43,13
-45,-43,13
-47,-43,12
-45,-43,13
-45,-43,12
-45,-43,12
-45,-44,13
-45,-43,13
-46,-43,13
-46,-42,13
-46,-43,12
-46,-43,12
-45,-43,12
-45,-44,12
-46,-43,12
-45,-43,12
-46,-43,12
-45,-43,12
-45,-44,12
-45,-44,12
-45,-43,12
-45,-44,12
-45,-44,11
-45,-44,12
-45,-44,11
-45,-44,11
-45,-44,12
-45,-44,11
-45,-43,12
-45,-43,12
-44,-44,12
-45,-44,12
-46,-44,12
-44,-43,13
-45,-43,12
-45,-44,12
-46,-44,12
-45,-44,12
-45,-44,12
-46,-43,12
-45,-43,12
-45,-43,12
-45,-44,12
-45,-44,13
-45,-44,13
-44,-44,13
-45,-44,13
-44,-44,13
-45,-44,13
-45,-43,13
-45,-44,13
-44,-44,12
-44,-45,13
-45,-44,13
-45,-44,13
-44,-44,13
-44,-44,13
-44,-44,13
-44,-43,13
-45,-43,13
-45,-43,13
-45,-43,13
-45,-43,13
-45,-43,13
-45,-44,13
-44,-44,13
-44,-44,13
-44,-44,13
-45,-44,13
-44,-44,13
-45,-44,12
-45,-43,13
-45,-44,13
-45,-44,12
-44,-44,13
-44,-44,13
-45,-44,13
-45,-44,13
-45,-44,13
-44,-44,13
-45,-44,13
-44,-44,13
-44,-44,13
-45,-44,13
-44,-44,13
-44,-44,13
-44,-44,13
-44,-44,13
-45,-44,13
-44,-44,13
-44,-44,13
-44,-44,13
-44,-44,12
-45,-44,13
-44,-43,14
-45,-44,13
-45,-44,12
-45,-44,13
-45,-44,13
-45,-43,13
-45,-43,12
-45,-43,13
-45,-43,13
-44,-43,13
-43,-43,14
-44,-45,15
-45,-44,16
-44,-44,14
-44,-44,14
-45,-44,12
-45,-45,12
-43,-45,14
-44,-45,13
-44,-45,13
-44,-44,15
-44,-44,14
-46,-44,14
-45,-43,14
-45,-43,14
-45,-43,14
-45,-43,15
-44,-43,15
-45,-43,14
-45,-43,14
-45,-43,14
-45,-44,13
-45,-44,13
-45,-43,14
-45,-43,14
-45,-43,14
-45,-44,14
-44,-44,14
-44,-44,14
-44,-44,14
-44,-44,13
-44,-44,14
-45,-44,13
-45,-44,13
-44,-44,14
-44,-44,13
-44,-44,13
-44,-44,14
-43,-43,14
-44,-44,12
-45,-44,12
-45,-43,11
-45,-43,12
-45,-44,12
-45,-44,13
-45,-45,12
-45,-45,12
-44,-44,13
-44,-43,15
-44,-44,14
-44,-45,13
-44,-46,11
-43,-45,12
-45,-45,11
-44,-45,12
-43,-45,13
-43,-45,13
-43,-45,14
-43,-45,14
-43,-44,14
-42,-44,15
-43,-45,15
-42,-45,15
-42,-45,16
-41,-46,15
-42,-46,15
-41,-45,17
-41,-45,17
-42,-46,16
-42,-46,16
-41,-47,15
-41,-47,15
-41,-47,15
-41,-47,14
-41,-47,14
-39,-46,15
-39,-48,14
-39,-48,15
-41,-47,15
-40,-46,16
-41,-46,15
-40,-46,14
-41,-47,16
-40,-46,16
-42,-47,15
-40,-47,16
-40,-47,16
-41,-46,16
-40,-47,16
-40,-47,17
-39,-47,17
-39,-48,17
-39,-48,16
-39,-48,15
-39,-48,16
-37,-49,17
-38,-49,16
-38,-49,15
-39,-49,15
-40,-48,14
-41,-47,13
-42,-47,12
-43,-47,11
-43,-46,12
-43,-45,13
-44,-44,13
-48,-42,13
-54,-34,13
-55,-30,13
-46,-32,10
-46,-34,8
-51,-40,5
-53,-43,4
-42,-48,3
-45,-51,4
-45,-45,10
-39,-46,12
-44,-37,4
-14,-40,8
-50,-22,4
-66,-48,4
-82,-43,0
-59,-35,2
-49,-35,6
-60,-33,1
-62,-32,0
-51,-41,6
-47,-39,4
-44,-34,7
-47,-36,9
-51,-38,5
-51,-39,5
-53,-37,0
-54,-41,-3
-63,-36,10
-63,-35,12
-47,-34,17
-51,-33,15
-57,-34,9
-54,-35,9
-51,-36,13
-50,-38,12
-49,-39,12
-50,-39,12
-50,-37,12
-51,-37,12
-52,-37,14
-52,-36,16
-53,-35,16
-54,-34,17
-57,-35,14
-59,-35,9
-56,-39,3
-45,-35,-3
-46,-32,0
-46,-26,9
-50,-22,22
-61,-27,44
-54,-26,40
-41,-30,26
-32,-29,27
-60,-32,12
-71,-31,26
-64,-31,19
-40,-29,16
-49,-30,11
-58,-31,13
-56,-31,16
-53,-32,14
-48,-33,14
-50,-35,14
-51,-39,14
-50,-37,16
-54,-39,15
-57,-34,16
-53,-31,24
-52,-32,16
-50,-28,21
-48,-32,21
-49,-32,19
-50,-34,20
-51,-35,19
-48,-36,19
-44,-36,19
-54,-42,16
-43,-33,22
-55,-40,18
-47,-35,21
-50,-33,22
-57,-39,19
-44,-33,19
-46,-33,21
-52,-37,19
-44,-33,22
-47,-36,17
-52,-33,26
-46,-33,22
-46,-32,19
-55,-34,24
-55,-34,21
-49,-33,20
-51,-33,21
-51,-33,21
-51,-33,22
-51,-33,22
-51,-32,21
-50,-31,21
-51,-32,21
-54,-31,22
-49,-32,21
-52,-33,20
-49,-33,21
-52,-30,23
-51,-32,21
-50,-33,20
-52,-32,22
-50,-35,21
-51,-33,22
-50,-35,21
-50,-34,21
-51,-36,20
-51,-34,20
-50,-34,21
-51,-33,21
-51,-33,21
-51,-33,20
-50,-33,20
-50,-33,21
-50,-33,21
-51,-34,21
-51,-34,21
-50,-34,20
-51,-33,21
-50,-34,21
-50,-34,20
-50,-34,21
-51,-34,21
-50,-34,21
-51,-33,20
-51,-33,21
-50,-33,21
-51,-34,21
-50,-34,21
-51,-34,21
-51,-34,20
-51,-34,20
-50,-33,20
-51,-34,21
-51,-33,21
-51,-34,21
-50,-34,20
-51,-33,21
-50,-34,21
-50,-34,20
-51,-33,21
-50,-33,21
-50,-33,20
-50,-33,21
-51,-34,21
-50,-33,21
-51,-34,22
-50,-33,20
-49,-33,22
-50,-34,20
-48,-32,23
-50,-35,18
-47,-30,23
-53,-35,20
-49,-31,22
-52,-35,20
-49,-32,21
-50,-33,21
-53,-33,22
-49,-32,22
-50,-33,22
-51,-32,20
-50,-32,21
-53,-33,23
-53,-33,20
-50,-32,21
-51,-32,22
-51,-32,22
-50,-32,21
-54,-33,22
-53,-32,20
-50,-32,21
-51,-33,21
-51,-32,21
-50,-32,21
-51,-32,21
-51,-31,22
-51,-31,22
-51,-32,22
-51,-31,22
-52,-32,22
-58,-30,21
-69,-29,11
-68,-28,15
-23,-16,46
-19,-18,38
-51,-32,14
-44,-27,21
-36,-15,33
-43,-14,32
-33,-10,27
-29,-2,26
-28,-3,19
-27,1,16
-42,14,16
-53,20,14
-63,33,6
-49,36,14
-56,52,2
-64,62,-11
-52,61,-11
-37,71,-8
-35,79,-4
-40,88,-3
-44,89,-6
-42,82,-5
-38,78,-2
-34,72,3
-30,70,5
-26,66,5
-27,65,3
-27,63,1
-26,62,1
-27,61,-1
-26,61,-1
-26,61,-2
-25,62,-2
-23,65,-2
-22,66,-2
-21,65,0
-19,66,1
-18,62,1
-16,60,3
-19,55,10
-19,53,11
-17,55,7
-19,59,6
-21,61,4
-23,63,1
-25,63,0
-26,62,-2
-27,60,-2
-26,61,-3
-25,61,-3
-25,61,-1
-25,61,0
-25,62,0
-25,62,1
-24,62,2
-24,62,1
-24,61,2
-24,60,2
-24,59,2
-23,61,3
-22,68,5
-21,70,4
-19,65,2
-19,63,3
-19,60,4
-19,60,4
-18,58,4
-19,59,3
-20,61,3
-21,61,2
-22,61,1
-24,61,1
-24,61,0
-23,61,1
-22,61,1
-24,61,2
-24,61,1
-24,63,2
-24,64,2
-23,63,2
-23,62,1
-23,61,1
-22,61,1
-21,60,1
-21,60,1
-20,61,1
-20,61,0
-20,61,-1
-21,62,-1
-21,60,-1
-21,60,0
-22,60,1
-23,62,2
-22,63,3
-21,64,3
-22,63,3
-22,63,2
-21,61,3
-21,62,2
-21,63,2
-21,63,1
-22,62,0
-21,62,-1
-21,62,-1
-20,62,-1
-20,61,-1
-20,61,-2
-20,60,-2
-21,61,-2
-21,61,-2
-22,63,-1
-21,62,0
-19,61,-1
-19,61,-1
-19,61,-2
-20,61,-4
-21,60,-3
-21,62,-3
-22,63,-2
-22,63,-1
-22,61,-1
-23,62,-1
-22,61,-1
-22,62,0
-22,63,0
-21,63,0
-20,62,-1
-19,61,-1
-20,61,-1
-19,63,-2
-20,63,-2
-21,62,-2
-21,62,-3
-21,61,-4
-21,61,-4
-21,60,-3
-21,60,-4
-20,62,-4
-20,61,-4
-21,62,-4
-21,62,-4
-21,60,-4
-21,60,-3
-21,60,-4
-22,59,-4
-22,62,-2
-22,63,-2
-21,65,-2
-22,65,-3
-22,64,-5
-22,64,-6
-23,62,-10
-25,59,-14
-22,61,-10
-6,58,3
-15,60,-1
-20,59,-7
-20,60,-7
-16,60,-7
-17,61,-8
-15,62,-8
-15,62,-11
-18,62,-14
-16,61,-13
-17,63,-15
-22,63,-20
-25,59,-11
-11,62,-16
-30,63,-24
-15,60,-15
-9,65,-11
-22,64,-20
-20,62,-29
-16,63,-28
-8,58,-27
-9,59,-28
-4,58,-25
-13,60,-20
-14,65,-13
-13,58,-24
-17,62,-29
-23,62,-21
-21,59,-25
-23,59,-27
-24,58,-22
-21,56,-18
-19,58,-18
-23,58,-22
-20,56,-20
-19,56,-20
-21,56,-24
-23,55,-24
-23,56,-23
-24,53,-23
-24,54,-24
-28,50,-28
-27,51,-28
-25,51,-25
-24,52,-23
-28,54,-27
-30,52,-27
-30,53,-28
-27,52,-25
-27,52,-23
-31,53,-26
-32,51,-26
-27,51,-23
-32,51,-25
-29,53,-25
-31,53,-22
-27,53,-21
-32,53,-20
-35,55,-17
-33,54,-20
-35,52,-19
-34,50,-19
-31,49,-18
-33,50,-18
-32,51,-16
-32,51,-16
-35,53,-16
-36,53,-15
-36,56,-14
-36,55,-15
-36,55,-15
-35,55,-14
-34,53,-12
-35,53,-12
-35,52,-14
-36,53,-13
-34,55,-10
-35,55,-11
-36,54,-12
-36,54,-11
-36,53,-11
-36,54,-10
-35,54,-10
-36,53,-10
-37,53,-10
-37,53,-9
-37,54,-9
-34,54,-8
-35,53,-7
-38,53,-7
-37,53,-6
-37,54,-5
-36,53,-5
-37,52,-4
-37,53,-5
-35,53,-6
-37,54,-6
-37,54,-5
-36,54,-6
-36,55,-7
-36,56,-7
-36,54,-9
-34,53,-8
-36,53,-8
-37,52,-6
-36,54,-4
-35,54,-4
-36,54,-3
-39,53,-5
-38,54,-5
-33,55,-3
-36,55,-3
-36,56,-1
-36,55,-1
-34,55,0
-34,55,0
-33,54,1
-34,55,1
-34,55,2
-34,56,2
-35,55,2
-34,56,3
-35,56,4
-35,55,4
-35,55,3
-35,55,4
-35,55,4
-35,55,4
-35,55,3
-35,55,3
-35,55,3
-35,55,3
-35,55,3
-35,55,3
-34,55,2
-35,55,2
-35,54,3
-35,55,4
-35,55,4
-35,55,3
-35,55,3
-35,55,4
-36,55,4
-36,55,3
-35,55,2
-35,55,1
-35,54,1
-35,55,3
-35,55,3
-35,55,3
-35,55,4
-35,55,3
-35,55,3
-35,54,3
-35,55,4
-35,55,3
-35,55,4
-35,54,3
-35,54,3
-35,55,4
-35,55,3
-35,55,3
-35,55,3
-35,55,3
-35,55,3
-35,55,2
-35,55,3
-35,55,3
-35,55,3
-35,55,3
-35,55,3
-35,55,3
-35,55,3
-35,55,3
-35,56,3
-35,56,3
-35,56,3
-35,56,3
-35,55,3
-35,56,2
-38,56,-3
-39,58,-5
-37,62,-7
-34,59,-2
-40,54,2
-30,52,6
-33,48,7
-36,45,8
-36,46,9
-38,48,7
-46,46,3
-37,45,2
-46,41,-12
-35,38,-9
-31,34,-8
1,34,-10
-1,32,-33
-60,57,-64
-72,63,-53
-50,70,-38
-38,67,-37
-16,67,-22
-1,70,-19
18,71,-27
11,70,-30
-3,53,-31
-23,50,-49
2,53,-45
23,54,-42
14,54,-34
11,54,-29
9,51,-35
4,53,-38
9,60,-34
9,58,-25
12,59,-25
10,58,-33
14,58,-34
8,57,-29
0,48,-34
7,47,-45
7,47,-41
13,48,-41
7,52,-44
13,56,-27
5,55,-24
-6,55,-36
-10,58,-39
-5,64,-31
-3,68,-26
-8,63,-31
-6,65,-26
-19,59,-31
-3,61,-32
-6,61,-26
-1,61,-21
-20,59,-30
-31,61,-36
-15,57,-26
-20,58,-28
-14,55,-20
-25,55,-24
-25,54,-19
-22,54,-16
-20,55,-14
-20,55,-14
-21,57,-14
-20,60,-14
-20,61,-13
-22,60,-8
-24,62,-6
-25,67,-1
-25,67,1
-25,69,0
-28,71,-2
-34,70,-4
-30,66,-8
-37,63,4
-66,64,10
-64,60,12
-60,56,9
-58,49,2
-60,50,0
-67,48,6
-58,43,10
-61,38,13
-62,37,16
-51,29,19
-47,23,22
-47,14,26
-44,8,28
-39,-2,33
-38,-4,34
-32,-11,38
-34,-15,44
-34,-16,45
-31,-20,48
-27,-19,50
-20,-23,53
-17,-24,53
-13,-24,52
-9,-25,52
-5,-23,52
-1,-25,51
0,-25,54
2,-25,55
6,-24,57
10,-24,58
11,-25,54
6,-22,53
12,-19,58
15,-20,53
14,-23,63
10,-20,62
11,-18,60
15,-17,59
18,-12,59
18,-8,60
26,-6,55
32,-11,45
32,-12,47
27,-13,51
18,-14,54
22,-12,57
23,-8,59
29,-4,52
30,-7,52
26,-9,53
26,-6,55
28,-6,57
27,-6,56
28,-7,55
31,-8,54
39,-11,51
40,-13,50
38,-16,46
38,-19,45
35,-26,43
32,-28,45
31,-33,50
32,-33,51
37,-32,50
36,-32,50
32,-28,50
34,-27,50
37,-25,47
37,-25,46
35,-26,43
34,-26,43
33,-26,43
33,-27,44
34,-26,45
33,-25,46
32,-24,45
32,-24,46
32,-25,47
32,-23,50
32,-22,50
32,-21,51
32,-21,51
31,-20,52
31,-20,52
32,-21,52
31,-21,52
33,-21,51
33,-21,51
33,-21,49
33,-21,50
34,-20,50
34,-20,50
33,-20,49
33,-21,48
33,-21,49
33,-21,49
34,-21,51
34,-21,51
34,-20,51
33,-20,50
34,-19,50
33,-18,50
34,-18,50
34,-18,51
33,-18,51
35,-17,51
35,-17,50
35,-16,48
35,-16,47
35,-16,48
35,-16,48
34,-16,51
34,-15,51
36,-15,50
36,-16,49
35,-15,49
35,-15,49
36,-16,49
36,-17,50
36,-16,50
34,-16,51
38,-19,54
43,-21,55
42,-21,49
39,-21,47
34,-18,44
33,-17,44
33,-14,45
38,-13,45
41,-13,47
42,-16,49
43,-17,46
40,-17,43
38,-18,43
35,-17,43
36,-16,45
39,-15,46
40,-14,47
41,-13,47
41,-14,47
40,-16,46
40,-17,46
41,-19,44
40,-20,44
36,-19,46
36,-19,47
38,-16,48
39,-13,47
41,-16,44
41,-17,44
41,-18,45
42,-18,46
40,-19,46
38,-20,46
37,-20,46
38,-20,45
39,-22,45
40,-20,47
41,-20,47
40,-20,47
40,-20,46
39,-19,45
38,-19,44
38,-19,45
39,-18,45
41,-19,45
40,-19,45
40,-19,45
40,-19,46
39,-18,46
39,-18,46
39,-18,45
39,-18,44
39,-19,45
39,-19,45
40,-19,46
39,-19,47
39,-19,46
39,-19,46
38,-19,46
39,-19,46
39,-19,46
40,-20,48
41,-19,48
43,-18,46
42,-18,45
40,-17,42
39,-17,42
40,-17,42
41,-17,43
41,-18,42
40,-18,43
41,-18,44
41,-18,44
41,-19,44
41,-19,44
41,-18,44
41,-18,45
41,-18,44
41,-18,44
41,-19,44
40,-19,44
41,-19,44
41,-20,45
40,-20,47
39,-20,47
39,-18,49
41,-18,48
41,-17,46
41,-17,44
42,-17,42
41,-17,42
40,-17,41
41,-18,42
41,-18,42
41,-19,44
42,-19,44
43,-20,45
43,-19,44
43,-20,44
42,-20,43
41,-19,43
40,-18,42
40,-18,44
40,-18,44
41,-17,45
41,-17,45
42,-17,45
41,-17,45
41,-18,45
41,-17,45
41,-17,44
40,-17,44
40,-17,45
41,-17,45
41,-17,46
41,-17,45
40,-17,46
41,-19,46
42,-19,46
41,-19,46
42,-19,45
40,-18,44
40,-17,44
41,-17,44
41,-16,45
41,-16,46
41,-15,46
42,-15,46
42,-15,45
43,-14,43
44,-15,42
43,-16,41
42,-16,42
43,-15,44
43,-15,45
43,-14,44
43,-13,43
43,-14,43
42,-14,43
42,-13,44
42,-13,45
42,-14,44
42,-13,44
42,-13,44
41,-13,43
39,-11,40
38,-9,44
40,-9,46
45,-13,50
46,-15,50
41,-19,48
39,-20,47
36,-22,47
37,-22,46
37,-23,46
37,-23,46
38,-19,45
38,-16,42
35,-15,36
31,-13,37
37,-16,30
34,-15,29
-4,-14,49
-5,-19,50
17,-26,49
8,-27,43
-29,-33,31
-33,-36,32
-55,-20,64
-57,-21,66
-43,-36,72
-43,-29,81
-40,-29,74
-34,-31,57
-33,-32,51
-27,-27,58
-25,-30,58
-23,-34,50
-24,-34,49
-29,-39,50
-28,-40,48
-26,-39,44
-29,-41,39
-21,-36,37
-28,-28,38
-34,-38,37
-32,-39,34
-45,-43,29
-46,-42,27
-43,-42,24
-42,-40,27
-29,-37,43
-38,-38,34
-41,-38,18
-38,-35,18
-38,-41,20
-39,-43,21
-45,-41,22
-45,-42,23
-43,-41,26
-44,-42,25
-44,-43,21
-44,-43,21
-43,-42,22
-45,-41,24
-47,-42,23
-47,-43,19
-44,-42,18
-42,-40,17
-44,-41,16
-47,-40,18
-46,-40,18
-46,-40,19
-45,-40,18
-44,-40,19
-45,-40,20
-46,-40,20
-45,-39,20
-44,-37,19
-43,-38,18
-41,-37,19
-42,-37,17
-31,-31,15
-33,-31,10
-38,-37,11
-45,-33,6
-29,-22,13
-25,-22,9
-47,-21,7
-74,-18,9
-83,-21,-7
-128,-17,11
-114,-16,40
-72,-15,16
-44,-22,10
-48,-3,1
-51,-4,8
-67,-4,14
-79,-7,12
-62,-10,10
-60,-12,5
-61,-15,-1
-59,-18,-1
-61,-20,-7
-54,-21,-11
-62,-24,-13
-58,-22,-16
-49,-17,-24
-49,-10,-8
-68,-10,7
-69,-8,7
-62,-1,2
-64,-5,-5
-66,4,-2
-68,6,-2
-63,14,8
-81,23,12
-84,26,14
-78,21,8
-70,25,13
-67,27,18
-72,26,20
-61,26,13
-41,26,16
-30,29,21
-34,29,19
-33,31,17
-30,32,17
-37,41,14
-41,45,12
-40,53,12
-37,55,11
-40,60,5
-43,61,3
-39,61,3
-37,64,3
-36,68,2
-36,70,2
-36,75,4
-35,77,5
-28,70,4
-27,66,4
-33,62,10
-33,61,9
-34,59,7
-30,53,6
-27,51,5
-26,50,5
-26,49,6
-25,54,13
-23,59,17
-23,67,11
-24,70,7
-22,68,1
-18,64,2
-17,63,1
-18,64,1
-20,62,0
-19,61,-1
-18,58,-5
-18,55,-6
-21,52,-6
-23,53,-6
-29,58,-4
-30,60,-4
-26,61,-2
-23,63,3
-28,64,9
-25,62,9
-28,63,3
-29,63,0
-26,65,0
-24,59,-1
-27,58,-2
-30,52,-12
-36,54,-17
-38,56,-13
-39,56,-13
-31,62,-7
-30,67,-6
-26,69,-5
-23,68,-6
-21,62,-3
-19,60,-1
-18,59,0
-17,60,-2
-20,66,-4
-20,67,-5
-23,70,-6
-23,69,-7
-23,65,-8
-24,64,-9
-25,61,-9
-24,59,-10
-23,59,-8
-22,58,-8
-20,60,-8
-19,61,-9
-18,64,-12
-18,61,-13
-18,77,-17
-21,60,-10
-23,53,-6
-32,70,3
-30,72,5
-19,63,7
-12,58,10
-5,54,11
-11,53,18
-20,54,39
-21,58,42
-38,58,5
-37,54,-1
-25,58,0
-19,62,-2
-16,71,-6
-16,73,-8
-18,74,-12
-18,76,-13
-17,67,-16
-19,58,-17
-21,49,-18
-21,48,-18
-21,55,-18
-20,60,-18
-18,60,-18
-19,59,-17
-22,62,-16
-25,78,-18
-24,80,-18
-25,76,-16
-27,74,-14
-31,70,-11
-31,67,-10
-27,65,-8
-26,63,-6
-24,61,-4
-24,61,-4
-24,65,-6
-26,66,-8
-26,62,-10
-26,63,-11
-29,68,-11
-29,67,-11
-29,66,-8
-28,67,-6
-26,75,-6
-25,76,-4
-22,76,-1
-21,71,-1
58,89,58
97,66,82
-29,63,-3
-16,71,3
-40,55,-15
-29,46,-13
-22,44,-7
-26,61,3
-25,63,4
-26,63,0
-26,64,1
-24,73,4
-20,75,3
-11,66,-3
-12,66,-5
-9,77,-3
30,79,12
23,42,18
15,56,21
-13,58,14
-20,63,9
-22,63,3
-20,62,3
-19,64,3
-17,70,5
-24,69,4
-20,64,2
-14,68,0
-14,69,0
-19,63,1
-21,59,1
-26,62,-4
-24,65,-3
-23,64,-4
-24,60,-6
-23,58,-6
-25,57,-5
-24,56,-5
-19,55,-6
-17,58,-8
-15,53,-12
-15,51,-12
-15,53,-12
-16,58,-15
-17,67,-18
-17,68,-18
-22,77,-14
-24,82,-5
-33,80,-9
-30,73,-7
-23,61,10
-24,63,17
-26,84,15
-28,94,13
-1,78,17
-2,68,8
-10,59,5
-12,52,6
-16,41,4
-16,32,3
-13,29,2
-12,27,2
-14,27,3
-14,29,5
-16,45,1
-22,67,-2
-22,74,-3
-25,103,-7
-32,117,-5
-39,90,-3
-37,91,-8
-29,87,-6
-27,80,-1
-25,66,6
-23,60,7
-22,51,5
-20,48,3
-17,45,0
-16,45,-2
-14,48,-2
-13,50,-1
-17,61,-6
-17,67,-8
-18,75,-9
-20,74,-7
-25,77,1
-21,98,-6
-22,68,0
-21,60,5
-24,83,6
-17,74,7
-13,63,4
-9,43,4
-11,37,6
-17,29,10
-20,28,9
-22,32,5
-21,37,7
-22,48,9
-22,53,8
-23,68,6
-25,80,5
-28,85,0
-28,92,-4
-37,95,3
-35,68,3
-32,82,-3
-29,90,-2
-29,72,3
-31,70,4
-26,64,4
-23,62,2
-15,56,1
-13,54,0
-13,52,-3
-13,52,-3
-14,50,-5
-15,49,-8
-16,50,-9
-18,56,-10
-19,56,-8
-19,72,-7
-22,84,-5
-23,59,2
-26,84,2
-31,90,8
-32,91,12
-19,74,11
-14,63,10
-16,55,16
-18,51,17
-24,42,18
-19,40,19
-15,47,10
-17,62,8
-20,81,12
-18,70,15
-19,52,5
-20,58,2
-24,51,-1
-24,51,-4
-25,68,-6
-22,75,-7
-23,76,-15
-24,61,-13
-27,58,-8
-28,61,-8
-24,64,-13
-5,90,-21
1,111,-26
-6,102,-32
-14,85,-23
-34,60,-8
-28,44,-5
-17,51,-2
-19,59,0
-28,60,0
-28,62,0
-28,67,-1
-29,68,-6
-28,63,-12
-29,62,-12
-32,63,-12
-32,60,-11
-29,54,-5
-29,51,-1
-32,51,6
-31,51,7
-33,50,13
-34,51,17
-34,55,19
-32,59,23
-30,58,25
-27,58,23
-26,60,19
-29,77,13
-29,75,11
-26,80,5
-25,84,3
-24,83,-2
-26,82,-4
-29,69,-1
-28,64,0
-22,57,-1
-18,55,-1
-12,55,-2
-5,51,-3
-2,46,-8
-4,47,-11
-10,52,-11
-14,53,-10
-17,56,-7
-17,59,-7
-19,70,-6
-20,73,-5
-24,70,-3
-21,86,-8
-20,100,-25
-26,47,-14
-43,68,2
-42,63,-5
-36,59,-15
-14,66,-5
-8,66,2
-15,57,4
-20,58,5
-19,59,14
-18,57,15
-27,61,9
-1,71,21
-69,61,-15
-73,70,-15
-59,62,-17
-46,56,-21
-32,53,-23
-36,59,-22
-39,62,-21
-36,65,-25
-30,68,-18
-34,69,-12
-35,63,-7
-33,59,-7
-26,52,-4
-22,46,-3
-18,42,-3
-16,35,-4
-19,35,-4
-21,38,-3
-23,43,-4
-27,62,-6
-29,67,-6
-32,74,-3
-32,90,-7
-28,83,-9
-32,85,-5
-39,93,2
-36,92,-2
-25,67,-4
-21,58,0
-23,44,0
-23,40,-1
-22,35,-1
-22,35,0
-24,38,0
-25,38,0
-26,42,0
-32,58,1
-34,66,1
-31,70,-2
-31,112,-5
-34,106,-4
-26,73,-5
-27,88,-8
-23,82,-3
-19,78,-1
-6,65,3
2,51,1
-6,43,-5
31,56,-3
32,54,-5
-7,52,-16
-10,63,-8
-14,54,-7
-17,54,-4
-20,68,-3
-21,69,-4
-26,62,-10
-23,62,-13
-22,67,-10
-27,65,-7
-42,75,0
-52,77,2
-48,87,5
-37,81,-1
5,94,17
127,90,24
74,61,10
35,59,13
-3,67,16
-13,69,11
-21,59,-1
-26,58,-4
-29,55,-4
-26,50,-2
-21,49,1
-23,54,0
-23,56,-2
-21,72,-5
-23,98,-6
-27,90,-7
-26,86,-9
-25,85,-12
-25,81,-10
-27,69,-5
-23,60,-4
-19,48,-5
-15,45,-4
-12,44,-3
-11,47,-3
-13,56,-3
-14,61,-5
-16,67,-10
-16,68,-12
-15,69,-15
-15,66,-14
-18,69,-13
-22,86,-13
-26,40,1
-30,47,2
-28,71,4
-21,75,9
-18,75,14
-9,59,20
-8,54,20
-12,50,23
-14,48,24
-15,47,22
-16,46,20
-20,46,18
-23,48,16
-29,70,11
-28,84,7
-28,101,2
-29,88,2
-32,74,-7
-31,80,-11
-27,79,-10
-25,76,-9
-22,64,-10
-20,61,-11
-17,59,-12
-15,58,-13
-11,57,-15
-12,57,-16
-15,57,-17
-16,57,-17
-19,51,-13
-24,48,-5
-25,46,-2
-23,51,1
-20,52,-1
-21,68,2
-27,79,6
-27,66,4
-28,73,7
-28,95,17
-22,91,16
-10,85,20
-36,80,9
-17,69,7
-26,59,-1
-28,52,-5
-25,47,-6
-20,42,-6
-20,41,-5
-19,42,-1
-19,44,0
-19,52,3
-20,57,3
-21,64,2
-22,65,2
-26,65,3
-25,70,1
-25,96,9
-29,93,18
-13,67,9
-22,73,-9
-20,78,-12
-18,64,-12
-16,57,-9
-20,53,-8
-22,49,-9
-20,50,-9
-17,52,-9
-16,53,-11
-17,53,-12
-19,56,-10
-20,59,-9
-24,61,-8
-25,60,-6
-26,57,1
-25,56,1
-24,55,1
-25,53,3
-27,53,6
-25,54,2
-28,65,-4
-29,69,-4
-33,67,-3
-33,66,-2
-30,73,0
-27,74,-2
-25,77,-5
-25,64,-2
-27,66,-2
-25,55,-3
-24,58,-3
-20,69,-4
-19,74,-5
-19,69,-8
-19,64,-9
-20,61,-12
-21,62,-12
-21,62,-11
-20,61,-11
-18,65,-9
-18,64,-8
-16,62,-7
-15,58,-7
-15,54,-6
-15,51,-6
-16,43,-6
-16,38,-5
-16,37,-5
-16,39,-6
-15,51,-8
-18,75,-11
-21,87,-15
-27,97,-17
-31,102,-17
-28,83,-9
-25,76,-5
-23,65,-1
-20,62,-2
-12,56,-1
-10,52,0
-11,53,0
-12,53,-2
-14,47,-4
-14,48,-4
-12,51,-5
-11,53,-7
-11,61,-10
-11,66,-9
-12,76,-16
-15,58,-12
-23,58,-1
-19,51,-1
-11,45,-1
-16,45,-2
-28,51,3
-36,51,7
-41,53,9
-33,46,8
-35,40,16
-36,39,14
-30,39,10
-34,49,12
-32,53,8
-12,64,12
-8,81,6
-4,98,-10
-13,94,-21
-47,99,-18
-53,89,-10
-21,81,19
-26,71,20
-12,63,25
-10,63,29
-11,62,33
-11,64,38
-4,54,27
-4,54,20
-7,61,20
-6,62,18
-10,64,12
-5,65,24
1,75,15
1,73,5
6,76,14
13,73,15
9,73,5
13,71,-7
12,71,1
6,68,5
7,67,6
5,71,11
6,68,11
-5,63,11
-5,60,10
-13,54,3
-20,54,3
-28,61,5
-29,64,7
-18,64,18
-14,65,21
-21,70,18
-22,73,21
-11,73,27
-10,72,28
0,72,26
14,65,26
1,61,31
4,58,24
13,46,13
-23,41,-16
-3,56,17
-3,56,27
-23,52,6
-25,50,-4
-14,54,-13
-6,58,-12
-4,83,-13
1,80,-10
-16,85,-18
-26,82,-8
-15,84,-1
-16,86,8
-28,87,-2
-34,83,19
-33,77,14
-60,73,0
-61,77,-3
-56,71,-13
-65,68,-22
-27,64,-22
-17,61,-22
-23,58,-21
-32,51,-26
-32,54,-22
-56,49,-24
-50,36,-19
-50,32,-13
-72,22,-6
-69,18,-12
-56,11,-14
-61,9,-15
-60,7,-15
-57,6,-15
-48,7,-15
-46,6,-15
-63,-1,-24
-49,-5,-31
-55,-7,-28
-78,-8,-27
-70,-7,-28
-58,-7,-23
-67,-6,-21
-68,-3,-14
-57,-2,-10
-52,-10,-8
-53,-15,-5
-62,-27,-13
-63,-29,-19
-52,-29,-26
-51,-29,-26
-50,-28,-25
-49,-31,-28
-24,-36,-31
-25,-35,-26
-47,-35,-15
-41,-35,-22
-12,-35,-22
-27,-39,-23
-28,-45,-27
-20,-46,-28
-20,-47,-29
-16,-45,-29
-29,-45,-30
-24,-44,-22
-20,-44,-22
-16,-46,-26
-23,-47,-24
-21,-48,-21
-20,-50,-21
-18,-55,-21
-21,-56,-22
-23,-56,-27
-23,-56,-29
-19,-55,-28
-15,-55,-28
-7,-55,-24
-6,-54,-23
-27,-47,-19
-34,-44,-16
-30,-32,-14
-28,-34,-25
-26,-33,-39
-22,-33,-42
-18,-37,-54
-21,-37,-54
-30,-34,-58
-23,-36,-58
-42,-33,-62
-47,-31,-55
-62,-26,-41
-72,-18,-30
-69,-15,-28
-70,-20,-23
-70,-15,-19
-55,5,-2
-20,11,22
18,15,96
7,9,90
-7,1,60
-5,1,47
-36,8,9
-53,21,0
-100,46,7
-93,61,25
-49,54,40
-54,52,36
-70,41,24
-67,33,10
-47,26,4
-46,23,1
-57,26,-8
-64,25,-14
-69,20,-12
-71,19,-12
-60,14,-8
-61,16,-2
-57,14,-5
-64,13,-8
-64,12,-9
-71,9,-21
-63,9,-16
-71,9,-13
-75,10,-16
-60,14,-12
-47,14,-7
-66,16,-14
-68,16,-24
-94,24,-36
-80,27,-29
-63,33,-16
-50,32,-13
-47,28,-12
-44,23,-6
-52,23,-21
-49,21,-25
-50,20,-26
-47,24,-19
-49,22,-28
-60,22,-26
-63,19,-22
-61,20,-17
-68,25,-13
-68,26,-11
-43,44,3
-40,34,6
-49,42,-1
-69,41,-1
-29,55,7
-52,46,-5
-50,42,-2
-58,36,-5
-64,34,-10
-67,37,-13
-55,38,-7
-53,40,2
-52,43,2
-52,40,1
-55,38,-1
-59,41,20
-52,39,21
-38,28,17
-25,28,16
-18,42,28
-21,45,36
-24,51,33
-24,51,32
-35,51,37
-43,53,32
-47,55,21
-47,53,18
-51,50,8
-50,51,5
-48,55,3
-45,54,1
-49,44,-4
-52,49,-15
-57,50,-18
-53,42,-19
-52,36,-18
-46,27,-10
-45,26,-11
-51,25,-15
-55,25,-14
-46,24,-20
-49,25,-26
-58,21,-27
-54,20,-25
-50,18,-23
-48,16,-21
-46,13,-30
-45,19,-34
-70,12,-31
-81,24,-35
-65,19,-30
-55,17,-18
-71,12,-16
-59,15,-16
-52,10,-10
-51,18,-8
-49,20,-4
-50,24,-4
-56,29,-4
-82,29,-7
-75,30,-5
-76,28,-21
-44,29,1
-50,41,8
-56,43,8
-47,45,13
-42,40,10
-47,39,1
-44,42,3
-32,50,11
-27,53,12
-27,59,6
-37,66,6
-48,65,0
-45,66,-2
-55,68,-6
-59,63,-7
-40,55,-7
-42,49,-5
-65,40,-16
-67,41,-12
-53,35,-5
-69,36,-9
-65,33,12
-68,25,-15
-66,17,-15
-66,19,10
-56,9,8
-33,3,13
-35,-15,24
-52,28,5
-48,7,-12
-57,20,-21
-63,29,-22
-36,6,-24
-31,2,-27
-35,20,-22
-13,5,-36
-42,14,-54
-36,16,-51
-36,33,-53
-37,18,-56
-37,28,-64
-39,34,-63
-42,32,-60
-42,34,-55
-44,29,-45
-44,28,-43
-42,26,-53
-46,26,-57
-43,28,-50
-38,27,-48
-38,27,-39
-38,26,-30
-35,24,-32
-41,31,-32
-46,29,-29
-48,31,-25
-37,33,-26
-48,41,-10
-55,38,-21
-51,40,-27
-58,42,-29
-58,41,-30
-54,43,-36
-49,43,-39
-44,47,-42
-45,54,-37
-52,49,-33
-51,47,-22
-33,38,-14
-24,58,13
-38,54,14
-42,46,-9
-28,45,-13
-28,55,1
-29,51,-2
-38,45,4
-38,44,7
-34,45,8
-35,54,11
-46,56,5
-47,58,5
-40,59,7
-33,59,-2
-34,64,-2
-49,69,-5
-50,65,-9
-42,53,-11
-34,52,0
-34,50,2
-37,46,-5
-53,48,-16
-53,53,-12
-53,39,-17
-58,41,-21
-62,28,-22
-64,30,-20
-60,23,-19
-65,25,-22
-60,17,-18
-61,0,-25
-61,-1,-27
-57,-11,-29
-58,-9,-28
-47,-14,-23
-49,-11,-19
-63,-11,-19
-67,-19,-23
-85,-18,-26
-108,-4,-28
-116,12,-4
-100,1,-3
-49,4,4
-48,-48,-16
-59,-29,-27
-43,-31,-45
-7,-40,-49
-18,-53,-33
-29,-35,-6
-32,-30,-2
-33,-18,2
-55,-22,2
-45,-28,-6
-32,-33,5
-30,-36,12
-29,-42,11
-22,-43,10
-26,-41,9
-30,-42,10
-28,-41,10
-36,-38,12
-41,-36,9
-43,-28,9
-44,-32,6
-42,-39,10
-47,-44,8
-48,-51,11
-53,-51,9
-52,-50,7
-47,-41,-2
-49,-35,-4
-44,-27,-2
-40,-28,1
-39,-28,6
-35,-28,11
-38,-32,15
-39,-34,17
-56,-38,1
-54,-37,-9
-61,-34,-29
-64,-31,-35
-70,-31,-44
-58,-27,-45
-42,-41,-38
-53,-51,-31
-64,-47,-33
-50,-47,-35
-62,-51,-32
-62,-48,-30
-58,-45,-28
-57,-43,-23
-68,-34,-32
-74,-26,-36
-59,-23,-32
-47,-29,-33
-45,-30,-32
-47,-25,-20
-51,-20,-19
-48,-21,-20
-41,-24,-22
-48,-28,-23
-44,-31,-24
-32,-39,-27
-35,-42,-25
-28,-47,-20
-26,-50,-17
-26,-49,-15
-28,-47,-14
-37,-45,-16
-29,-43,-17
-15,-40,-21
-20,-40,-24
-37,-51,-43
-44,-41,-40
-70,-29,-29
-72,-34,-20
-38,-36,-11
-46,-31,-12
-49,-36,-19
-45,-37,-23
-41,-27,-23
-32,-26,-21
-23,-28,-27
-57,-24,-30
-58,-31,-28
-82,-27,-30
-74,-21,-20
-64,-16,-11
-63,-14,-7
-79,-17,-23
-76,-17,-24
-65,-19,-22
-61,-18,-19
-68,-16,-12
-71,-19,-13
-61,-22,-12
-63,-23,-10
-74,-24,-9
-70,-19,-4
-67,-20,-12
-43,-21,-10
-53,-16,-7
-63,-15,-2
-59,-21,-3
-58,-24,-12
-55,-25,-20
-55,-25,-22
-51,-26,-10
-42,-24,-3
-36,-23,1
-57,-18,-3
-61,-17,0
-53,-19,-2
-51,-18,-5
-49,-21,-5
-58,-22,-6
-72,-23,-10
-63,-25,-11
-62,-24,-16
-62,-32,-20
-80,-22,-24
-81,-18,-21
-71,-16,-7
-68,-17,-4
-63,-15,-2
-64,-12,-2
-57,-12,-12
-50,-14,-12
-39,-15,-25
-32,-17,-31
-35,-23,-49
-31,-25,-52
-33,-27,-45
-43,-28,-44
-50,-32,-41
-40,-29,-42
-34,-25,-42
-37,-24,-40
-29,-18,-52
-5,-17,-60
-6,-12,-52
-14,-8,-44
-5,-6,-51
12,6,-84
11,16,-80
-28,15,-87
-25,10,-91
-52,14,-69
-63,15,-68
-82,15,-59
-70,17,-42
-44,4,-11
-37,4,0
-72,7,-12
-60,2,-12
-65,-3,-17
-67,-1,-10
-61,-2,-3
-51,-1,19
-48,-3,37
-52,-5,32
-39,-1,45
-33,1,43
-41,1,25
-67,11,19
-49,36,36
4,14,110
-29,8,82
-25,8,60
-8,2,54
-11,6,52
-25,13,61
-26,9,89
-28,9,75
-22,5,62
-19,2,63
-16,-1,63
-21,-6,70
-33,-15,55
-35,-14,56
-29,-15,60
-33,-15,55
-37,-15,46
-32,-13,46
-28,-15,49
-30,-17,46
-39,-20,37
-39,-21,40
-32,-23,33
-29,-23,32
-29,-24,40
-28,-23,43
-23,-26,53
-34,-26,54
-31,-28,56
-30,-32,53
-32,-31,51
-35,-28,60
-33,-26,66
-27,-19,63
-25,-18,64
-23,-13,67
-24,-8,67
-27,1,56
-26,2,51
-22,-1,44
-15,-3,44
-5,-4,42
-5,-3,41
-14,-4,36
-25,-4,32
-52,-5,32
-65,-1,35
-84,0,37
-85,-1,23
-95,13,27
-93,14,23
-74,19,27
-79,16,7
-67,14,-23
-36,18,-16
-26,8,-20
-38,10,-55
-44,12,-43
-42,4,-42
-35,1,-68
-44,-1,-78
-36,-2,-79
-5,-10,-54
-21,-9,-47
-30,-12,-61
-31,-16,-57
-1,-7,-48
-9,-10,-58
-21,-5,-66
-14,3,-55
-9,5,-62
-27,1,-67
-33,-6,-60
-29,-6,-57
-24,-2,-65
-25,0,-73
-37,1,-67
-29,-5,-49
-20,-5,-57
-19,-2,-68
-10,-1,-61
-9,-8,-52
-16,-18,-51
-28,-22,-60
-34,-20,-58
-48,-11,-55
-53,-8,-48
-60,5,-29
-60,8,-28
-72,5,-41
-58,-9,-35
-3,-13,-15
-45,-8,-23
-79,-3,-25
-78,-2,-30
-66,5,-31
-57,9,-17
-64,16,-15
-65,20,-7
-71,5,-4
-77,12,-13
-84,-3,-30
-104,-1,-11
-89,-19,-50
-87,-11,-73
-34,9,-27
-25,7,-22
-5,28,17
-4,31,23
-11,32,25
-46,41,1
-59,44,-5
-26,55,29
-23,59,5
-56,41,-96
-35,40,-68
-46,34,-87
-45,29,-67
-31,26,-73
-26,30,-73
-29,47,-100
-22,54,-102
-14,30,-73
-18,27,-74
-14,22,-57
1,23,-57
-7,12,-60
3,16,-56
-45,9,-53
-40,3,-49
-28,-3,-47
-13,-5,-54
-19,-6,-53
-27,-6,-51
-39,-1,-46
-45,5,-42
-49,14,17
-51,1,-1
-47,-10,-16
-47,-15,-34
-53,-9,-47
-54,-21,-18
-48,-19,-17
-43,-21,-21
-77,-18,-29
-62,-21,-30
-62,-12,-27
-47,-10,-22
-45,-10,-33
-67,-16,-33
-88,-15,-27
-61,-16,-27
-58,-12,-14
-67,-18,-21
-51,-20,-17
-53,-20,-19
-59,-19,-23
-58,-18,-21
-63,-19,-19
-71,-3,19
-81,-7,8
-54,-21,-46
-38,-27,-49
-60,-32,-38
-62,-36,-36
-58,-37,-25
-64,-30,-11
-49,-23,4
-39,-24,4
-54,-39,-28
-37,-28,-12
-25,-12,12
-43,-15,-16
-51,-19,-22
-52,-9,-20
-55,-2,-12
-75,14,-19
-77,14,-22
-28,-10,4
15,-31,21
-107,-14,-41
-108,-9,-14
-124,-19,-8
-128,-12,6
-97,0,22
-68,10,23
-48,30,32
-77,26,1
-40,7,9
-49,13,-4
-33,12,36
-39,15,62
-54,-8,30
-59,-15,16
-70,-33,8
-30,-26,22
-51,-21,20
-84,-8,4
-70,-5,14
-85,1,17
-91,7,11
-76,-20,14
-43,-34,17
-35,-38,25
-33,-31,46
-25,12,51
-30,14,49
-35,39,30
-28,49,33
-49,46,31
-27,38,38
-43,28,16
-53,25,3
-66,28,-4
-60,31,4
-52,34,5
-52,36,1
-44,43,17
-64,46,5
-59,46,-6
-56,50,-2
-37,60,4
-60,62,-5
-60,52,-3
-57,62,-14
-56,65,-19
-48,60,-29
-37,57,-30
-26,51,-32
-24,51,-20
-20,57,-6
-20,59,-3
-32,54,-2
-28,50,-5
-34,53,-17
-38,55,-22
-39,51,-16
-47,49,-17
-52,46,-20
-46,46,-20
-44,43,-22
-42,43,-25
-37,44,-25
-30,45,-30
-33,43,-21
-32,41,-23
-32,57,-27
-29,66,-36
-4,68,-26
2,70,-35
-11,72,-50
-36,72,-48
-38,67,-42
-20,56,-44
-16,53,-38
-27,48,-40
-17,48,-37
-22,47,-46
-32,51,-41
-35,44,-50
-37,40,-50
-47,37,-34
-54,36,-25
-60,32,-10
-61,26,-8
-66,20,-9
-57,16,-2
-73,13,-8
-74,12,-12
-62,4,-5
-60,4,-8
-52,-2,-2
-48,-5,3
-50,-11,2
-46,-14,10
-50,-13,32
-60,-11,30
-54,-14,33
-48,-4,38
-53,8,34
-49,8,24
-58,10,22
-67,20,19
-60,19,17
-48,17,28
-52,12,30
-52,12,37
-55,14,38
-59,11,29
-55,7,27
-18,4,34
1,-2,21
-2,23,6
-9,27,11
-61,58,7
-68,54,0
-45,52,14
-43,60,26
-18,54,21
-19,59,6
-49,75,-6
-48,76,-19
-38,61,-19
-19,52,-46
-33,39,-48
-36,51,-54
-24,50,-29
-22,56,-29
-30,57,-33
-23,63,-22
-30,65,-42
-39,81,-66
-37,78,-65
-23,78,-80
-21,73,-76
-14,54,-64
-4,47,-52
25,39,-27
-4,39,-24
-18,26,-31
-23,17,-34
-66,5,-42
-58,1,-48
-68,-3,-45
-77,-1,-40
-65,8,-33
-55,4,-26
-53,-3,-32
-53,-7,-32
-69,-12,-33
-67,-15,-38
-52,-16,-31
-49,-19,-28
-46,-28,-22
-47,-30,-19
-49,-31,-13
-45,-34,-4
-43,-32,-1
-49,-33,1
-55,-33,-3
-39,-30,3
-32,-25,2
-39,-32,-5
-42,-34,-8
-37,-40,-11
-37,-43,-12
-35,-47,-12
-34,-49,-13
-25,-52,-13
-28,-53,-13
-22,-55,-19
-14,-54,-22
-46,-45,-21
-55,-44,-19
-30,-36,-7
-29,-31,-7
-64,-34,-16
-57,-37,-26
-61,-33,-32
-65,-32,-32
-60,-27,-35
-71,-16,-31
-61,-15,-32
1,-13,-5
18,-4,-4
-23,-9,-28
-4,-9,-25
10,-1,-41
-1,1,-68
-71,2,-94
-73,-3,-97
-94,-6,-61
-116,-4,-53
-84,-9,4
-102,0,-12
-72,9,-26
-73,8,-33
-69,6,-20
-63,-1,-17
-70,0,-14
-71,3,-4
-63,-4,-4
-53,-1,7
-50,0,21
-59,-5,17
-58,-8,20
-53,-11,20
-51,-9,17
-57,-11,19
-66,-10,22
-66,-9,28
-53,-14,28
-68,-23,5
-55,-25,12
-65,-9,19
-74,-4,28
-54,-11,29
-58,-18,4
-62,-21,-10
-62,-20,0
-50,-18,19
-47,-25,24
-20,-15,23
-25,-9,17
-54,-6,26
-69,-1,39
-58,-6,45
-53,-1,41
-45,2,39
-58,11,41
-96,-2,19
-79,-11,25
-67,-6,28
-68,-1,27
-56,-2,29
-53,1,11
-53,8,4
-59,6,-9
-72,6,-15
-57,-16,-36
-69,-11,-39
-50,-22,-49
-61,-22,-35
-73,-18,-10
-68,-24,-7
-62,-23,6
-69,-26,9
-79,-23,2
-71,-20,3
-55,-15,23
-44,-17,34
-34,-5,42
-44,-7,40
-45,-6,52
-44,-6,50
-39,-16,43
-52,-9,33
-51,-14,25
-42,-9,35
-40,6,53
-66,1,35
-37,-4,46
-39,-1,49
-53,1,49
-49,-4,49
-54,-5,45
-57,0,41
-62,0,31
-65,-7,24
-70,-11,24
-63,-9,30
-59,-8,24
-63,-5,7
-52,-4,-4
-34,2,1
-34,2,8
-28,1,26
-28,6,41
-49,9,57
-70,8,55
-66,8,61
-81,13,43
-56,12,35
-52,15,30
-38,18,29
-53,25,24
-48,26,24
-38,25,26
-41,27,23
-57,32,23
-79,25,3
-60,20,5
-78,23,6
-71,16,-11
-67,18,-19
-46,31,-21
-63,29,-25
-63,27,3
-65,23,0
-48,26,18
-66,32,8
-86,35,-61
-46,37,-31
-47,30,-13
-78,24,-41
-32,28,-6
-46,26,-8
-52,19,-20
-58,20,-15
-65,26,-27
-66,28,-29
-68,32,-31
-66,31,-24
-54,27,-16
-60,26,-17
-62,27,-6
-59,24,-11
-61,23,-18
-64,23,-4
-64,23,4
-68,19,6
-70,19,3
-68,14,-4
-71,11,-5
-72,9,9
-67,7,14
-68,6,19
-68,4,19
-59,-1,17
-60,-2,17
-57,-5,20
-55,-6,27
-65,-11,24
-56,-15,21
-48,-18,12
-50,-19,8
-54,-22,1
-51,-23,-3
-43,-26,-2
-47,-29,-1
-51,-36,-8
-48,-39,-9
-38,-38,3
-41,-39,8
-43,-36,2
-37,-36,3
-40,-30,-5
-29,-31,-4
6,-32,-3
-9,-35,-30
-9,-37,-35
-20,-25,-31
-18,-15,-24
-19,-8,-28
-21,4,-51
-49,6,-80
-72,9,-97
-33,28,-36
-44,39,-9
-122,37,-35
-123,30,-46
-106,28,-30
-105,19,-12
-70,14,9
-81,11,-17
-56,9,-13
-58,12,-6
-51,26,-6
-57,29,11
-55,36,49
-81,25,30
-79,24,39
-74,25,37
-50,22,51
-62,19,40
-70,12,37
-64,-3,32
-69,-8,20
-59,-18,14
-53,-24,6
-52,-35,9
-50,-45,3
-10,-46,23
-18,-58,15
-24,-65,-5
5,-64,7
-4,-61,-5
-5,-52,-10
-2,-33,-2
-2,-26,-3
-8,-12,-1
-8,-5,6
4,4,21
-10,9,0
-36,4,-14
-38,5,-9
-68,-5,-11
-54,-13,-10
-44,0,-8
-55,11,4
-52,38,30
-77,63,26
-62,87,38
-9,93,65
-34,94,54
-95,97,17
-24,91,48
-71,97,68
-81,89,82
-51,31,7
-55,38,-3
-41,53,-1
-38,59,-6
-44,53,-12
-49,68,-3
-32,64,1
-31,55,2
-51,51,-4
-43,42,-13
-29,56,6
-37,60,6
-64,60,-1
-63,55,-6
-84,51,-27
-75,53,-31
-61,45,-28
-63,41,-28
-87,43,-38
-84,43,-28
-67,32,-24
-34,19,-21
-14,11,5
-26,-6,9
-51,-11,16
-36,0,37
-27,8,55
-36,7,53
-53,-3,26
-63,-27,26
-55,-25,10
-57,-34,0
-64,-37,4
-63,-44,-11
-53,-48,-10
-59,-50,-10
-62,-47,-17
-47,-43,-4
-43,-41,-7
-52,-37,-11
-44,-35,-2
-42,-40,-11
-43,-44,-12
-40,-48,1
-46,-49,-5
-32,-46,9
-33,-47,1
-12,-35,8
-38,-29,16
-40,-33,10
9,-31,12
-19,-26,9
-28,-16,56
-23,-12,73
-48,-6,62
-38,-2,62
56,10,101
12,3,87
35,-5,57
26,-20,45
8,-42,21
1,-48,16
-6,-69,27
-14,-71,32
-27,-82,28
-24,-78,49
-32,-60,49
-27,-54,49
9,-34,70
4,-32,80
-1,-31,56
-11,-40,60
-40,-53,50
-28,-50,43
-6,-38,25
15,-36,33
-6,-30,33
2,-27,30
-6,-21,39
-17,-29,49
0,-29,56
8,-23,71
29,-13,66
52,15,105
32,4,80
27,-12,54
12,-25,38
3,-55,3
10,-67,12
22,-64,33
-2,-59,35
20,-48,68
-39,-51,39
14,-28,45
2,-27,49
48,-31,59
50,-18,63
20,-28,38
27,-23,38
33,-32,37
35,-29,42
14,-39,31
12,-47,27
13,-58,24
16,-45,39
27,-32,55
12,-41,40
-10,-51,18
-29,-77,1
-34,-74,3
-57,-62,31
-46,-61,47
-31,-64,36
-41,-65,16
-60,-64,10
-42,-65,21
-45,-62,21
-47,-66,22
-53,-82,20
-46,-84,18
-32,-83,13
-26,-72,6
-1,-46,11
-8,-38,7
-15,-15,18
-14,-12,18
2,1,48
-22,1,65
-41,-16,59
-26,-24,32
8,-32,35
-14,-39,37
-1,-35,39
3,-32,60
-1,-30,62
4,-13,57
2,-7,45
49,-23,38
83,-23,53
52,-12,30
29,-2,46
0,-3,27
0,-5,15
-16,10,19
-33,29,14
-47,55,-11
-54,77,-14
-128,91,-51
-128,85,-52
-128,94,7
-128,89,-9
-128,56,12
-113,46,36
-103,22,15
-84,17,17
-72,21,8
-74,29,-7
-46,47,-19
-55,49,-31
-57,51,-41
-51,39,-38
-51,18,-43
-51,-7,-57
-38,-5,-44
-27,-5,-40
-52,-7,-59
-42,-7,-47
-45,0,-37
-50,-22,-27
-52,-24,-27
-83,-27,-40
-71,-31,-27
-97,-40,8
-92,-47,16
-55,-37,26
-24,-31,36
-12,-42,21
-3,-33,24
-4,-44,8
-8,-36,-1
5,-29,19
1,-30,21
-53,-28,13
-62,-42,26
-65,-50,31
-47,-35,28
-18,-37,52
11,-27,53
6,-17,71
-22,-10,84
-16,-14,107
-24,-15,86
-26,-12,62
-26,0,58
-15,3,55
-9,2,59
-17,1,61
-11,-5,41
-15,-1,46
-23,7,56
-19,10,61
-8,12,63
-3,14,63
36,20,101
30,15,111
7,18,91
-4,19,86
-13,9,92
-20,6,86
-35,0,64
-39,-4,56
-18,-7,37
3,6,64
-13,-1,61
-35,-16,54
-24,-37,38
-30,-19,28
-17,-58,27
-28,-47,-11
-58,-24,-29
-33,-72,-1
-13,-74,-10
8,-91,-15
-7,-79,-19
-68,-57,-25
-9,-74,-23
-10,-47,-49
20,-32,-20
27,-15,-15
34,-19,-9
40,-60,27
40,-68,28
6,-61,-4
27,-53,-23
34,-36,-84
2,-43,-122
41,-61,-102
14,-41,-97
-43,-38,-119
-46,-36,-103
-50,-22,-69
-48,-27,-60
-18,-13,-21
-25,-33,-12
-27,-31,12
-29,-41,11
-35,-45,5
-36,-45,15
-40,-62,9
-23,-49,8
-23,-51,5
0,-66,-1
-19,-58,-1
-42,-128,-8
8,-5,49
-20,-65,12
-18,-73,-4
-8,-63,-2
-4,-57,4
-17,-51,-7
-20,-45,-15
11,-55,-19
17,-62,-4
13,-30,23
-2,-20,4
-13,-5,2
-15,-10,-33
-26,-45,-81
-22,-55,-91
-7,-67,-112
-4,-68,-101
-23,-46,-101
-32,-29,-92
-48,-13,-68
-46,-16,-34
-47,-25,-15
66,-55,8
102,-78,12
68,-78,-22
9,-61,-54
86,-72,7
-11,21,-83
-128,-23,-96
-61,-56,-57
-99,13,-9
-128,2,-20
-128,22,4
-128,24,-13
-117,30,-5
-85,57,15
-66,33,33
-84,39,19
-56,37,7
-66,43,9
35,33,72
36,11,53
57,-8,45
64,-15,44
54,-11,54
36,-4,25
5,-24,-2
-18,-10,25
-22,87,23
-57,-7,-9
-29,-45,-14
-27,-17,-31
-21,-7,-26
-34,19,-19
-29,23,-15
-46,24,-4
-52,26,-1
-16,11,-1
-3,1,1
-10,11,26
-3,14,30
-55,20,27
-98,19,-7
-128,46,41
-128,17,46
-128,14,39
-128,10,49
-103,-6,67
-77,-6,71
-54,-7,-6
-43,-12,-23
-31,-13,-20
-27,-4,-29
-29,0,-26
-79,19,-24
-98,32,-2
-82,41,-16
-60,47,-14
-57,48,-40
-50,48,-58
-11,59,-33
-7,64,-41
-41,47,-78
-45,47,-73
-42,38,-39
-16,40,-25
2,30,-19
5,27,-16
-9,17,-41
-32,6,-80
-38,2,-72
-22,18,-72
-34,50,-24
-101,60,-47
-57,55,7
-37,70,5
-74,87,-21
-71,91,-17
-45,93,-3
-56,99,-9
-58,106,-14
-45,93,-8
-41,90,-11
-22,77,-11
-7,57,-1
1,38,7
9,30,17
7,28,26
7,30,32
38,124,50
20,13,33
8,47,54
-8,52,56
-19,30,57
-14,22,60
-19,73,80
-12,-16,71
-2,61,67
-17,43,51
21,27,60
36,38,47
-76,27,17
-93,13,22
-27,2,8
-52,-12,-29
-61,-11,-47
-12,0,-36
-38,-2,-78
-50,-2,-85
-105,-7,-78
-30,3,-73
-18,11,-13
87,-11,73
23,7,50
4,-11,61
-6,-19,58
3,-20,66
13,-20,70
17,-17,65
16,-11,65
16,-7,58
14,-2,53
10,-16,55
-2,-12,55
-12,-7,61
-15,-5,61
-8,-2,59
-2,-10,61
-6,-6,59
-7,-5,60
-9,-6,60
-5,-1,62
2,0,71
-1,-3,64
10,-2,58
19,-2,57
9,-4,60
6,3,66
5,3,67
0,3,67
-3,3,66
0,2,65
0,1,65
-3,-3,66
-12,-8,61
1,-6,55
4,2,58
-1,-3,54
-5,1,54
-2,7,57
-5,9,58
-9,13,58
-11,6,57
-21,10,63
-20,12,65
-28,17,62
-34,19,59
-30,21,59
-21,21,67
-18,22,64
-23,21,57
-22,18,63
-19,20,72
-33,20,68
-38,13,48
-37,12,43
-36,10,33
-35,11,31
-33,12,36
-28,13,40
-20,11,37
-21,9,35
-30,10,37
-35,10,39
-64,21,52
-71,27,56
-73,36,64
-73,41,67
-52,34,55
-39,24,45
-35,12,31
-38,9,29
-38,11,32
-32,11,30
-22,10,26
-20,10,24
-14,9,18
-20,11,19
-51,30,29
-52,33,32
-73,49,38
-74,60,44
-76,49,40
-84,54,36
-69,44,38
-49,23,33
-41,16,36
-31,10,32
-31,7,25
-36,6,25
-39,9,25
-52,23,28
-63,38,32
-87,76,36
-80,88,39
-51,62,38
-57,60,37
-38,41,28
-35,27,19
-28,16,15
-25,14,17
-24,10,15
-27,10,15
-31,13,14
-35,13,14
-51,33,36
-66,57,59
-68,58,62
-62,50,57
-40,43,60
-21,21,45
-23,12,38
-26,10,35
-27,8,35
-44,10,33
-53,18,34
-62,35,39
-71,41,45
-71,60,61
-56,60,63
-36,45,48
-25,37,42
-22,23,31
-30,20,26
-36,19,29
-29,20,30
-18,16,23
-18,18,23
-20,22,30
-31,27,31
-70,45,48
-79,52,54
-76,46,63
-74,54,68
-46,40,66
-35,32,60
-23,14,47
-26,11,39
-34,9,31
-30,7,28
-28,5,25
-28,7,22
-32,9,22
-55,19,30
-80,30,38
-94,65,55
-76,68,60
-53,44,48
-60,46,48
-49,31,39
-42,21,31
-30,12,31
-24,12,34
-17,10,32
-16,7,27
-22,8,27
-32,14,33
-44,13,34
-59,20,35
-99,37,38
-112,50,41
-113,62,44
-92,59,45
-55,28,35
-53,17,33
-58,9,30
-58,5,24
-58,4,22
-67,6,15
-66,8,14
-63,13,12
-64,18,10
-62,23,6
-62,21,6
-96,15,6
-116,25,10
-115,38,16
-107,34,13
-78,31,10
-65,26,8
-46,25,9
-39,25,8
-26,30,5
-21,33,4
-12,35,0
-9,33,3
-12,34,7
-18,35,9
-49,51,10
-65,58,15
-93,66,22
-106,73,29
-87,57,28
-76,40,27
-79,30,26
-70,5,26
-62,-4,23
-47,-16,11
-43,-17,7
-44,-14,3
-51,-9,4
-68,6,3
-78,14,3
-116,37,4
-128,59,6
-114,75,22
-100,64,16
-49,39,13
-45,25,11
-38,15,14
-36,11,14
-36,10,15
-36,9,14
-36,5,8
-40,2,6
-33,3,12
-34,3,13
-39,1,12
-44,-1,20
-54,9,28
-43,8,22
-37,5,19
-52,10,17
-63,13,23
-64,15,21
-62,15,20
-74,28,25
-83,34,23
-105,57,17
-104,71,15
-94,70,14
-84,58,10
-66,47,9
-56,37,11
-44,19,9
-40,13,9
-43,17,18
-38,24,25
-20,30,14
-10,33,11
-42,37,7
-68,42,19
-128,59,30
-116,56,25
-65,43,48
-46,29,47
-26,1,26
-27,-3,22
-25,-5,21
-21,-6,18
-23,-7,16
-36,1,17
-56,8,19
-88,27,17
-92,40,23
-79,53,40
-80,48,42
-54,32,35
-36,13,27
-34,-6,14
-37,-6,11
-38,0,18
-41,2,25
-48,3,28
-49,4,24
-84,13,18
-111,29,20
-93,66,30
-92,51,25
-84,51,29
-65,41,30
-36,13,23
-28,2,19
-27,-5,20
-24,-4,23
-28,-2,17
-40,3,15
-57,7,17
-93,16,18
-119,23,17
-126,38,25
-119,37,28
-91,24,24
-72,16,21
-46,6,17
-32,3,16
-13,0,11
-6,-1,10
1,-1,12
-3,-3,13
-24,-4,11
-43,-6,16
-107,0,21
-128,16,16
-128,37,31
-122,29,29
-98,30,31
-77,26,32
-49,13,20
-44,7,18
-45,1,23
-45,-1,25
-52,-1,16
-52,-2,13
-60,1,15
-58,7,11
-53,6,6
-75,-2,1
-117,8,-5
-113,36,-7
-102,28,-6
-97,32,0
-88,30,-1
-63,27,-1
-57,24,2
-47,23,6
-44,23,5
-40,26,3
-38,25,2
-37,29,1
-38,33,2
-41,33,8
-41,31,9
-59,38,11
-67,37,16
-75,39,26
-71,38,28
-55,24,18
-46,15,19
-40,7,22
-59,11,18
-58,11,16
-47,5,19
-47,4,18
-54,11,19
-56,16,18
-55,19,13
-59,20,11
-97,42,17
-127,71,20
-105,89,25
-83,74,22
-38,39,18
-37,27,12
-35,16,11
-38,15,14
-37,13,17
-32,10,17
-25,13,42
-27,15,56
-16,13,23
-42,24,12
-104,47,27
-98,34,32
-85,13,20
-74,6,10
-50,1,14
-44,2,16
-30,-4,14
-25,-6,16
-26,-9,14
-48,-2,11
-64,3,11
-113,32,36
-121,55,51
-103,50,20
-89,48,15
-67,37,33
-54,32,39
-29,15,33
-22,8,25
-9,6,18
-1,8,20
5,4,21
11,-1,17
-52,17,7
-126,41,1
-128,84,33
-100,74,52
-70,38,41
-57,22,30
-51,5,8
-48,1,2
-33,-11,3
-25,-16,5
-14,-17,7
-25,-17,6
-128,13,8
-128,127,-8
-117,124,-8
-63,54,5
-54,38,2
-33,16,-2
-30,12,-6
-29,8,0
-22,9,8
13,9,4
34,-3,-5
-50,19,-12
-109,63,-16
-126,127,19
-120,116,31
-85,55,19
-79,42,12
-66,23,7
-51,11,4
-31,-12,10
-25,-14,11
-18,-13,8
-16,-7,-11
-36,2,-27
-91,24,-37
-128,108,-26
-128,115,-19
-102,74,3
-54,42,18
-48,28,12
-34,21,14
-31,19,19
-24,14,24
-23,13,21
-25,10,15
-27,10,14
-37,19,13
-42,21,10
-57,25,3
-86,41,0
-101,66,8
-100,54,6
-78,44,14
-66,39,20
-54,16,11
-51,7,8
-48,2,13
-49,3,13
-71,7,-3
-70,10,-4
-61,13,-7
-61,16,-13
-76,36,-24
-82,47,-28
-95,64,-36
-74,47,-40
-70,43,-42
-75,47,-42
-74,46,-36
-63,39,-22
-55,33,-18
-43,26,-11
-37,26,-9
-25,27,-10
-25,33,-12
-33,47,-12
-39,52,-8
-43,61,7
-38,55,5
-21,45,0
-25,38,1
-67,47,2
-98,61,2
-105,64,8
-85,51,26
-72,21,25
-63,10,18
-45,2,16
-40,0,12
-31,-5,19
-26,-8,22
-31,-2,23
-34,3,24
-49,21,25
-58,29,14
-89,47,-2
-115,79,5
-115,77,12
-95,58,13
-72,54,15
-45,29,19
-41,22,24
-32,15,27
-22,13,24
-5,11,18
1,8,15
3,3,8
0,3,8
-39,15,15
-88,31,12
-128,62,26
-127,70,36
-95,45,28
-74,28,26
-47,-2,16
-41,-3,17
-39,1,22
-38,-2,19
-38,-2,14
-39,-3,12
-46,-3,7
-113,18,-4
-128,43,-12
-128,76,-6
-128,75,5
-60,34,4
-44,27,5
-26,16,10
-17,13,12
-12,7,9
-10,7,8
-11,8,10
-13,6,10
-50,14,13
-118,28,18
-99,32,43
-76,41,67
-61,27,50
-57,15,38
-44,-4,21
-35,-8,18
-26,-8,26
-25,-10,24
-23,-12,15
-24,-13,12
-97,14,1
-121,61,-3
-128,82,-3
-122,51,-2
-95,40,1
-55,19,8
-45,12,12
-29,8,10
-28,8,13
-40,6,11
-47,9,11
-44,18,10
-43,19,12
-54,19,21
-70,31,33
-91,40,24
-72,26,21
-61,23,40
-68,32,54
-51,18,37
-35,10,24
-25,2,20
-30,2,26
-41,-5,18
-54,-5,23
-72,-4,48
-87,12,57
-96,28,51
-78,25,58
-52,26,73
-45,19,65
-29,9,50
-19,6,47
-12,0,40
-16,5,41
-24,0,31
-19,-1,31
-19,-5,34
-23,-5,50
-30,-7,57
-43,-8,79
-39,-10,87
-40,11,88
-50,24,87
-49,10,99
-33,7,84
-22,-25,56
-13,-29,50
-7,-10,40
-16,-4,41
-10,2,44
-8,5,38
-12,11,34
-11,14,53
-10,11,77
-5,3,71
19,0,77
-3,-8,91
-49,7,89
-38,-9,73
-25,-12,50
-24,-6,49
-20,-1,50
-19,-3,36
-13,0,32
-8,6,25
-7,8,21
-10,17,12
-14,25,8
-12,51,9
-14,73,11
-30,107,11
-38,116,10
-51,113,-2
-52,103,-5
-40,92,-4
-32,98,-3
-23,90,7
-21,71,12
-25,64,10
-29,63,6
-35,57,3
-34,55,4
-22,53,10
-16,54,10
4,65,17
-6,69,11
-22,67,2
-20,67,7
-11,64,9
-8,55,9
-12,54,7
-18,58,-3
-15,57,-1
-19,56,1
-23,61,-4
-24,72,-5
-24,76,-9
-33,81,-12
-43,77,-17
-50,86,-20
-41,83,-18
-26,67,-9
-22,60,-4
-19,55,-3
-18,58,-5
-15,60,-8
-13,57,-8
-15,46,-6
-17,42,-5
-18,36,-2
-18,32,5
-19,32,5
-18,32,4
-12,33,1
-12,36,2
-13,40,2
-16,69,-5
-22,90,-6
-30,103,-19
-39,127,-23
-60,124,8
-52,109,8
-28,72,7
-23,63,15
-14,52,23
-13,47,20
-22,44,17
-24,40,18
-26,28,18
-26,26,20
-25,31,21
-24,38,21
-17,52,11
-11,62,4
-7,127,-10
-14,127,-4
-19,123,-11
-25,105,-20
-25,50,-9
-28,41,-7
-27,34,-4
-19,27,4
-15,25,5
-10,25,8
-8,23,7
0,13,-6
3,23,-17
-6,75,-30
-20,113,-19
-71,127,15
-65,116,24
-44,61,1
-41,51,2
-20,54,27
2,49,40
-6,39,36
-15,32,34
-31,33,14
-41,67,-1
-30,127,-5
-20,127,-12
-16,115,7
-16,72,1
-26,72,-14
-28,64,-17
-35,50,-16
-30,44,-12
-11,38,-4
9,30,-1
24,9,-4
20,16,-10
-2,63,-25
-24,82,2
-44,84,6
-67,108,11
-80,82,10
-50,22,9
-39,21,10
-51,36,27
-52,26,15
-46,41,-3
-45,77,-4
-65,127,-16
-48,127,-29
-23,106,-13
-17,80,-7
-22,48,-6
-25,42,-3
-27,34,-2
-27,26,-1
-25,21,0
-21,20,-1
-7,21,-6
7,23,-13
6,73,-35
-5,115,-30
-40,103,2
-51,108,2
-29,96,-3
-43,60,4
-46,46,19
-32,25,28
-25,20,25
-15,22,21
-19,28,18
-25,39,21
-27,47,18
-68,106,-21
-84,127,-52
-111,127,-69
-74,126,-46
-24,99,-31
23,94,-36
-28,82,16
-44,67,7
-40,49,0
-34,44,-7
-20,21,-20
-21,7,-20
-26,18,-4
-27,30,-4
-23,62,1
-22,84,6
-18,94,-3
-15,100,-6
-13,56,4
-24,66,12
-24,63,10
-20,54,2
-16,48,1
-13,44,9
-20,47,15
-36,67,27
-45,79,31
-40,89,28
-33,85,28
-10,67,35
-2,60,32
-12,64,17
-22,64,9
-32,62,11
-31,58,8
-36,64,-7
-37,81,-6
-44,97,-23
-45,104,-32
-30,94,-27
-23,76,-16
-22,55,-11
-22,52,-12
-21,56,-11
-18,58,-8
3,57,-4
18,53,-13
70,34,-56
58,29,-30
41,51,-27
-4,46,-43
-10,66,-22
-28,117,-18
-34,127,-8
-57,127,-1
-54,127,13
-49,109,33
-39,98,34
-34,71,18
-32,62,14
-14,59,12
-10,53,8
-5,51,15
-14,42,-2
46,26,-41
42,11,-39
82,-2,-17
73,0,-22
-27,68,-60
-68,127,-69
-62,127,-29
-44,108,-18
-3,38,-3
-7,40,1
-23,27,7
-37,23,2
-29,43,-31
-21,103,-40
-23,107,-23
-43,127,35
-38,125,40
-8,65,14
11,46,12
50,-5,26
27,-5,32
21,-6,26
9,11,19
-15,83,-10
-21,127,-24
-40,127,-35
-34,98,-22
8,30,-18
5,33,-29
-10,77,-33
-29,101,-27
-55,112,1
-62,108,19
-32,96,17
-9,81,23
18,33,28
26,11,17
12,-4,17
-18,-4,17
-11,4,8
19,58,-15
-5,114,-31
-42,102,-69
-41,59,-62
-24,56,-32
-26,52,-35
-24,78,-51
-24,89,-42
-37,98,-27
-54,104,-30
-40,97,-24
-25,75,-6
-24,44,1
-33,37,-4
-25,33,-18
-33,33,-27
-32,32,-25
-14,31,-17
-14,29,-25
-4,36,-22
12,45,-45
-24,62,-69
-16,81,-113
-13,74,-102
-17,77,-83
-19,75,-57
-14,69,-49
-16,51,-43
-12,40,-41
-10,24,-25
-21,20,-23
-30,19,-18
-22,22,-25
-26,32,-40
-29,40,-37
-23,54,-50
-15,70,-49
-20,73,-40
-36,75,-38
-34,74,-23
-32,68,-13
-28,46,-24
-24,49,-40
-8,45,-44
-26,41,-49
-29,40,-45
-20,45,-38
-14,45,-32
-12,45,-31
-17,46,-27
-20,44,-26
-13,44,-23
-24,48,-27
-36,54,-42
-37,62,-47
-28,68,-53
-20,59,-49
-10,63,-30
-26,66,-31
-28,63,-35
-36,50,-38
-40,44,-40
-24,29,-36
-24,29,-27
-17,32,-29
-23,35,-33
-27,45,-37
-29,52,-38
-29,63,-31
-31,62,-20
-25,53,-18
-17,61,-19
-32,68,-25
-39,65,-30
-37,72,-22
-30,79,-16
-30,72,-19
-32,60,-23
-31,41,-14
-24,34,-9
-16,24,-2
-17,24,0
-37,36,6
-56,46,-9
-38,43,-5
-25,20,-4
0,8,15
12,6,0
-11,11,-14
-27,71,-40
-38,113,-63
-59,89,-68
-61,62,-52
-34,34,-10
-12,23,2
-3,40,-26
-34,64,-31
-82,91,-46
-106,102,-53
-111,98,-25
-85,87,-3
6,37,11
21,19,5
4,3,-4
-6,-6,-19
-9,-14,-22
-5,-12,-17
-1,4,-10
-2,22,-5
-21,86,-13
-40,127,-48
-47,127,-61
-52,70,-41
-55,40,-30
-12,46,14
-13,61,19
-26,71,-9
-36,92,-12
-69,107,-16
-61,90,-16
-46,48,-10
-38,39,-7
-37,37,-20
-38,27,-34
-13,8,-5
4,-2,9
-2,-8,-2
-8,7,8
-6,77,-2
1,104,-42
-32,127,-70
-34,112,-79
6,38,-24
4,20,-20
-11,8,-41
-24,6,-45
-2,23,-27
27,69,-44
-3,110,-64
-35,120,-55
-62,105,-66
-44,82,-44
-20,83,-25
-13,53,-29
-13,35,-34
-16,9,-7
-15,7,-6
-15,-7,-8
-21,0,-5
4,34,-15
-10,75,-34
-50,127,-89
-40,115,-75
-24,68,-49
-12,47,-47
-28,21,-27
-25,14,-19
-10,12,-19
-10,22,-18
-21,62,-32
-9,102,-38
-13,127,-19
-40,127,-23
-43,96,-26
-32,98,-20
-23,59,-33
-16,42,-29
-13,36,-33
-9,36,-33
3,43,-27
5,56,-54
-16,58,-60
26,56,-44
33,53,-33
7,38,-26
1,30,-17
-15,20,-18
-22,26,-31
-14,38,-59
-9,46,-57
-18,64,-50
-23,60,-60
16,56,-49
13,53,-55
12,45,-53
17,50,-47
8,63,-30
-9,70,-29
-16,66,-32
-13,65,-32
-9,65,-29
-11,62,-27
-1,62,-22
-4,59,-24
-1,60,-57
-9,61,-38
6,71,-36
2,58,-38
-4,49,-27
-1,64,-18
5,66,-23
13,63,-23
8,54,-27
-2,50,-13
-8,47,-11
-10,48,-20
-4,50,-14
-3,47,-20
-4,45,-23
-7,42,-9
-11,37,-8
-21,25,-9
-11,22,-4
-1,10,-18
15,9,-23
11,77,-67
8,107,-128
65,79,-103
50,48,-71
-10,15,-54
-16,7,-28
-9,8,-7
-20,32,-12
-9,65,-45
-17,115,-63
-18,114,-70
-24,82,-66
-20,85,-55
-12,64,-17
-15,55,-20
-24,27,-4
-32,17,12
4,4,31
-4,7,20
-13,23,-7
-18,51,-28
-10,127,-73
2,127,-93
-7,76,-36
7,64,-12
-19,49,-22
-11,42,-21
2,57,-28
-4,69,-27
-23,121,-27
-37,127,-23
-51,86,2
-38,70,-9
-30,70,-12
-14,57,14
-3,43,38
-20,2,22
-5,-10,10
14,-5,13
21,2,27
-28,32,-9
-39,65,-26
-60,127,-49
-44,113,-60
-25,70,-43
-28,56,-34
-34,65,-23
-45,72,-18
-60,85,4
-80,105,25
-69,91,17
-51,65,9
0,22,26
0,3,26
-9,-12,16
-5,-13,15
-21,-14,-1
-28,-10,-13
-39,27,-26
-64,65,-17
-78,127,-14
-53,111,-16
-33,57,-19
-26,33,-13
-27,30,-20
-28,61,-36
-32,88,-35
-65,127,2
-73,127,2
-40,96,-29
-21,70,-32
-11,61,-12
-11,58,-3
-26,48,3
-35,42,-3
-33,42,-10
-29,47,-11
-24,63,-11
-24,68,-13
-25,60,-18
-21,51,-21
-15,41,-19
-14,44,-16
-29,89,-25
-33,101,-33
-39,78,-43
-39,78,-42
-33,75,-28
-35,71,-26
-28,65,-28
-17,73,-26
-12,75,-24
-5,70,-20
-7,67,-17
-13,60,-17
-15,57,-19
-20,61,-22
-20,64,-23
-19,67,-23
-20,71,-20
-20,78,-13
-17,78,-9
8,84,-8
16,63,-1
-9,66,9
-14,81,11
-11,85,6
-8,78,5
-7,63,8
-13,59,13
-25,55,20
-30,55,20
-33,55,19
-30,51,16
-27,50,12
-25,46,12
-28,35,16
-19,16,13
17,-10,5
23,-30,-17
12,2,-30
-19,121,-55
-35,127,-18
-32,106,-42
12,58,-38
55,11,-11
28,-3,-12
-15,42,-49
-24,127,-50
-52,122,-11
-69,107,-9
-25,109,2
-18,79,-4
11,52,1
10,57,5
6,34,7
-8,23,9
-10,4,15
-4,-3,10
6,-8,8
-3,8,8
-25,71,-1
-26,127,-15
-35,127,-71
-38,107,-51
11,34,3
10,24,-8
-20,31,-46
-27,104,-67
-37,125,-63
-48,127,-1
-26,127,16
17,72,-1
27,49,2
93,28,39
44,32,56
-9,-8,36
-24,-21,30
-30,-8,16
-28,10,12
-27,127,1
-38,127,-7
-62,112,-39
-10,84,-31
22,89,-9
7,104,-31
-18,88,-80
-49,89,-59
-86,86,-28
-57,94,-27
-14,79,-32
-18,73,-9
85,69,122
3,28,28
-23,24,10
-47,28,4
-41,23,-1
-18,24,9
-15,23,12
-6,-16,6
-6,-23,-16
-71,55,-68
-75,127,-24
-59,127,25
-42,94,9
-45,79,4
-69,58,1
-25,27,8
-10,25,12
4,29,9
-17,62,-8
-46,127,-15
-61,127,-32
-61,64,-9
-58,55,4
-48,35,-13
-44,28,-16
-63,32,17
-61,33,2
-41,21,-12
-42,25,-21
-34,28,-23
-36,38,-24
-39,46,-23
-45,67,-28
-44,75,-34
-47,81,-31
-48,77,-36
-46,78,-41
-45,78,-35
-41,67,-28
-40,58,-28
-33,44,-20
-30,37,-20
-30,33,-21
-31,34,-20
-36,38,-17
-36,41,-14
-36,47,-16
-36,52,-12
-32,57,-4
-33,58,-2
-29,52,7
-19,50,15
-16,57,17
-14,56,16
-6,61,13
-4,68,9
-4,83,1
-5,97,-13
-3,119,-34
-14,75,-27
-25,93,-22
-22,91,-22
-16,85,-20
-16,71,-5
-21,68,1
-21,55,9
-21,50,11
-21,54,17
-18,56,18
-15,59,16
-16,60,15
-17,59,16
-13,59,19
25,54,12
40,53,7
13,39,10
2,21,7
13,17,-8
13,40,-7
26,125,-41
32,127,-58
12,99,-33
3,76,-20
4,28,-2
-6,16,-8
-7,39,-26
-11,108,-38
-24,127,-13
-32,122,9
-38,126,11
-44,84,26
-44,63,25
-20,40,4
0,41,-1
71,8,26
66,-6,34
-5,-8,21
-9,-2,15
-20,63,2
-30,114,-12
-20,127,-60
-4,89,-52
7,58,-3
-1,60,-5
-8,52,-37
-12,65,-42
-40,105,1
-36,127,-1
-35,125,1
-33,102,5
-7,69,8
-6,60,5
-9,30,7
-13,8,25
-26,7,40
10,-2,41
21,-12,30
19,-14,4
24,8,-4
-33,127,1
-75,127,24
-111,73,-51
-32,56,-14
-25,91,-22
-2,85,-2
-18,73,25
-35,71,17
-25,43,23
-12,26,24
5,16,39
4,23,53
-3,26,36
1,20,22
1,-8,2
-35,6,6
-77,63,43
-76,69,19
-46,43,38
-44,26,38
-29,35,14
-25,44,1
-77,92,10
-93,109,12
-65,108,1
-40,83,-14
-45,74,-10
-60,60,-12
-59,53,-7
-44,36,3
-50,36,12
-58,50,12
-59,54,12
-53,66,7
-42,70,3
-37,90,-6
-32,110,-11
-29,108,-25
-31,94,-28
-24,85,-34
-21,90,-38
-20,87,-41
-18,74,-41
-11,55,-32
-10,49,-28
-16,47,-22
-19,50,-21
-21,68,-20
-25,79,-19
-24,93,-12
4,100,-32
-2,78,-15
-28,62,23
-32,72,27
-26,60,14
-20,49,7
-14,35,3
-16,35,13
-16,32,20
-18,30,14
-17,25,6
-19,21,10
-25,15,15
-33,18,27
-31,13,27
-16,1,10
8,-1,-33
5,30,-31
-40,127,-16
-53,127,-12
-55,114,-10
-39,71,2
-13,40,11
-12,38,1
-17,77,-28
-15,98,-35
-25,115,-11
-35,111,7
-31,96,7
-26,52,-11
-23,37,-8
6,26,38
14,17,48
-36,-10,0
-24,-17,4
-15,-4,-2
-13,12,-5
-1,88,-6
-10,127,-25
-11,121,-42
-12,90,-33
-5,55,-31
-6,58,-40
-19,79,-53
-46,116,-61
-99,125,-42
-78,114,-27
-20,95,55
-32,75,33
-38,41,-2
-26,22,-4
-19,-7,6
-14,-16,7
-14,-23,0
-25,-18,0
-31,23,-25
-43,79,-44
38,121,2
19,102,32
1,103,26
-36,88,-38
-51,78,-54
-47,53,-41
-56,47,-30
-53,64,6
-56,61,13
-54,31,30
-27,19,39
-12,7,41
-14,11,43
-11,6,24
-26,14,9
-57,68,5
-65,104,-5
-62,99,-29
-59,90,-24
-41,67,-24
-37,73,-38
-51,127,-42
-52,127,-29
-50,119,-22
-49,118,-16
-33,89,-13
-42,83,17
-52,52,12
-41,36,1
-38,33,-1
-23,23,-11
-24,23,-16
-32,27,-19
-31,27,-29
-32,42,-22
-40,68,-14
-59,96,-19
-49,88,-33
-29,86,-30
-30,79,-19
-30,68,-14
-29,64,-12
-26,56,-12
-23,52,-11
-19,48,-15
-16,48,-17
-14,47,-15
-16,49,-13
-22,60,-14
-25,64,-12
-14,74,-26
-2,96,-47
4,67,-27
-18,62,-5
-20,87,1
-11,85,-3
-9,59,-10
-2,50,3
-4,47,9
-13,46,11
-18,48,7
-24,51,3
-23,52,4
-17,47,2
-12,36,2
-29,10,0
-32,5,10
5,7,30
10,7,21
-14,58,-11
-26,114,-35
-8,126,-67
-3,85,-53
11,54,-9
-1,52,-20
-20,81,-56
-22,94,-44
3,127,-4
-4,124,16
-46,83,4
-26,71,6
-23,50,1
-28,18,4
-29,7,13
-20,-8,9
-14,-8,9
2,9,10
-9,33,0
-22,103,-33
-24,127,-61
-21,88,-61
-9,77,-38
-19,55,-30
-17,56,-40
-15,67,-37
-7,62,-23
-34,84,-27
-51,125,-19
-33,100,-4
-36,67,-12
-45,50,23
-38,45,39
-36,2,0
-36,-9,5
-22,-16,5
-17,-22,-4
-13,9,-21
-8,53,-33
-12,127,-70
-16,127,-73
-11,98,-45
-25,59,-21
-29,45,-20
7,53,-8
0,57,-11
-54,97,-5
-96,127,-16
-62,99,-10
-39,81,-2
-27,63,-5
-28,58,-10
-16,33,-32
-28,21,-32
-34,-9,-23
-19,-17,-4
-14,-6,17
-3,1,13
1,31,-24
-6,51,-32
-5,98,-50
-22,105,-58
-39,76,-53
-36,54,-38
-32,20,-25
-32,24,-25
-35,31,-45
-35,46,-61
-47,88,-83
-73,126,-71
-34,127,-9
-14,104,-2
-33,83,-53
-25,49,-67
-16,37,-66
-18,25,-49
-27,24,-47
-22,21,-33
-11,19,-32
-2,29,-41
0,36,-54
6,48,-53
6,47,-47
2,43,-40
-2,59,-38
-13,66,-51
-5,65,-54
-13,79,-58
-17,80,-59
-1,62,-53
14,49,-45
19,40,-25
16,39,-19
8,40,-35
9,40,-48
25,45,-52
30,49,-46
29,44,-45
27,40,-45
9,38,-45
10,58,-36
26,58,-32
27,56,-17
11,65,-11
37,86,-8
54,81,-11
41,58,-25
32,41,-25
18,40,-22
17,47,-18
-13,50,-36
-19,44,-27
-28,29,-9
-32,17,-3
-8,-9,1
7,-14,-3
-17,11,10
12,23,8
34,89,-21
5,112,-85
2,116,-88
-17,82,-73
-4,52,-51
15,49,-31
46,70,-34
26,101,-37
-47,127,-22
-32,101,-19
-19,84,-15
-2,29,7
-21,-6,-2
-72,-39,-14
-52,-26,-9
-34,1,-32
-22,24,-50
28,87,-75
15,127,-88
-3,127,-65
-18,116,-50
-31,62,-10
-32,48,2
-23,52,9
-45,53,10
-104,88,6
-106,119,23
-17,94,47
-12,68,38
-29,39,21
-27,27,13
-18,9,13
-17,3,11
-25,-6,-6
-21,0,-12
-16,16,-14
-16,26,-9
-20,33,-10
-26,77,-7
-49,80,-7
-122,111,1
-127,100,13
-74,55,23
-58,35,25
-32,10,21
-25,6,17
-63,15,-6
-78,36,-17
-89,44,-4
-84,51,14
-61,82,77
-54,84,92
-40,25,11
-28,12,0
-23,6,7
-28,10,13
-26,10,15
-27,4,5
-19,-1,-1
-13,0,-2
6,20,-8
20,33,7
-128,80,-19
-128,100,-39
-123,48,-39
-82,31,-14
-50,-4,0
-55,-2,-24
-59,0,-32
-55,25,-32
-74,42,-37
-95,84,-51
-79,89,-42
-64,69,-10
-67,48,-23
-55,25,-25
-49,17,-26
-38,9,-23
-33,7,-17
-53,11,-25
-40,16,-22
-41,26,-22
-38,36,-11
-64,51,-14
-78,50,-26
-26,44,17
-48,44,4
-64,46,-21
-54,49,-13
-53,47,-19
-64,52,-26
-68,66,-17
-61,63,-13
-39,52,-6
-25,41,-6
-27,38,-12
-31,47,-9
-27,51,-8
-33,54,-14
-35,59,-14
-26,68,-11
-32,73,-15
-22,75,-33
-20,74,-32
-35,59,-24
-33,63,-24
-23,73,-15
-23,75,-12
-18,67,-16
-20,63,-19
-18,55,-4
-17,51,4
-22,40,-3
-25,33,-11
-26,20,-5
-16,12,1
-16,-2,25
-19,-8,33
-24,3,-20
-16,70,-36
-17,112,-54
8,118,-80
2,98,-68
-18,51,-34
-17,47,-22
18,57,-18
5,79,-25
-60,127,-13
-98,127,-13
-65,76,-4
-45,63,-5
-28,40,8
-30,28,0
-25,5,1
-16,-5,8
6,-12,2
-3,-10,-1
-8,19,-29
-7,62,-36
-24,120,-52
-18,127,-54
-37,89,-40
-34,67,-32
-23,40,-9
-14,39,-17
-16,69,-26
-28,88,-21
-54,98,7
-69,107,10
-50,94,-12
-39,59,-17
-35,50,-16
-29,42,-11
-27,38,-7
-25,32,1
-22,24,3
-14,7,-1
-8,4,0
17,5,-7
20,6,-16
13,82,-41
4,127,-57
-42,103,-64
-31,86,-44
-33,63,-14
-35,44,6
-33,41,-11
-29,57,-22
-23,84,-35
-27,103,-44
-61,127,-29
-51,107,-15
-33,66,7
-27,52,14
-29,30,6
-33,22,-3
-31,15,-12
-23,11,-4
-19,17,-2
2,28,-8
1,37,-13
-6,79,-36
-10,95,-58
-33,89,-63
-25,89,-57
-38,67,-66
-47,60,-15
-2,35,-14
-5,26,-32
-15,20,-59
-6,4,-52
14,29,-35
32,72,-12
-36,127,-26
-62,127,-55
-52,116,-37
-65,93,-19
-41,67,-15
-17,54,-21
12,26,-31
4,12,-29
-28,4,-20
-9,13,-7
-1,57,9
-28,64,9
-41,66,-2
-33,81,-26
-36,98,-36
-53,94,-38
-56,86,-42
-29,91,-18
-26,88,-13
-14,70,-8
-5,57,-7
-8,31,-5
-6,23,-9
-6,12,-16
-3,13,-17
-18,33,-12
-22,42,-20
-29,52,-23
-25,61,-19
-26,72,-17
-33,74,-20
-38,81,-21
-37,95,-26
-37,76,-23
-38,73,-16
-27,74,-8
-24,66,-3
-11,49,6
-15,45,0
-21,40,3
-22,37,-1
-26,41,0
-28,48,-6
-30,52,-6
-33,52,-7
-33,53,-8
-35,61,-8
-33,63,-10
-27,55,-7
-19,50,-8
-17,92,-10
-20,91,-6
-34,78,-14
-33,88,-19
-33,80,-17
-36,72,-14
-35,57,-7
-31,51,-6
-22,47,-7
-17,47,-6
-14,47,-5
-14,46,-4
-15,45,-7
-17,46,-9
-20,54,-13
-17,59,-13
-16,65,-15
-17,63,-15
-23,62,-12
-23,68,-12
-23,72,-13
-27,77,-9
-35,83,-2
-46,81,7
-39,73,6
-19,52,-1
-16,47,1
-17,44,15
-21,42,17
-29,37,11
-29,35,9
-31,37,6
-31,42,5
-46,67,-7
-55,73,-13
-42,63,-15
-36,73,-19
-39,89,-21
-43,80,-24
-32,87,-30
-26,88,-27
-33,72,-15
-37,61,-9
-37,42,-4
-27,38,-2
-21,36,-3
-11,36,-2
-9,34,-2
-7,31,0
-9,30,-1
-14,41,-5
-16,47,-6
-15,63,-9
-15,94,-21
-23,115,-22
-44,121,-6
-62,125,5
-38,103,-6
-26,55,-10
-10,42,4
-8,40,15
-19,31,1
-34,22,-4
-33,23,1
-31,32,5
-30,38,7
-33,51,3
-29,62,2
-26,70,2
-27,94,-3
-29,112,-2
-28,104,-9
-24,117,-19
-26,112,-16
-32,76,-3
-26,53,-1
-30,45,-5
-17,39,-4
-16,38,-4
-9,32,-1
-7,30,-1
-8,31,-4
-8,35,-5
-10,44,-9
-11,46,-10
-13,62,-13
-13,89,-19
-24,101,-16
-39,96,-4
-66,123,9
-51,111,5
-30,67,9
-2,53,14
15,54,38
-12,46,24
-41,31,3
-42,31,3
-28,40,14
-25,40,14
-26,42,6
-27,55,1
-28,61,2
-28,57,-5
-29,84,-10
-36,110,-7
-31,101,-13
-26,105,-18
-26,101,-13
-33,78,-5
-36,69,-4
-29,54,-3
-25,49,-5
-14,45,0
-10,43,1
-7,40,0
-8,41,-1
-9,46,-4
-11,54,-7
-15,65,-11
-17,60,-8
-16,69,-10
-16,85,-16
-26,73,2
-40,84,10
-38,101,3
-33,98,3
-16,70,12
-10,57,11
-17,48,17
-22,43,20
-31,33,16
-31,31,15
-28,32,18
-24,39,17
-23,46,13
-26,68,11
-28,76,12
-28,79,-5
-32,113,-6
-27,71,10
-25,53,-2
-20,89,-15
-24,98,-11
-33,82,-3
-35,71,-1
-25,54,0
-22,50,0
-13,45,0
-10,43,0
-11,37,0
-12,34,0
-14,30,-2
-14,32,-4
-14,42,-5
-14,51,-4
-15,59,-4
-15,78,-9
-33,116,-1
-49,84,17
-46,107,8
-25,110,1
-24,90,3
-10,57,16
-12,49,16
-22,40,10
-27,33,7
-30,26,5
-30,25,7
-31,29,9
-31,33,8
-30,50,5
-31,62,8
-25,67,5
-25,93,-2
-33,127,3
-26,112,-5
-19,113,-13
-22,104,-4
-33,79,8
-32,68,7
-21,51,0
-19,51,-1
-11,47,1
-7,43,2
-2,34,-1
-2,28,-2
-1,27,-3
-5,35,-4
-7,40,-3
-10,40,-2
-12,51,-5
-22,77,-13
-27,84,-10
-56,127,-2
-61,127,4
-45,117,1
-32,86,-1
4,60,28
-13,58,13
-21,45,7
-24,42,11
-32,33,9
-33,31,9
-35,37,9
-34,42,9
-35,65,6
-36,72,6
-31,84,-4
-29,113,-6
-27,121,-4
-22,108,-15
-19,103,-25
-25,95,-22
-38,73,-11
-42,64,-13
-22,49,-7
-15,47,-7
-18,44,-7
-15,40,-9
-13,36,-8
-2,33,-4
-2,33,-3
-15,34,-5
-18,34,-8
-26,39,-18
-26,51,-18
-39,56,-19
-51,68,-18
-58,112,-5
-59,113,-7
-45,90,2
-34,74,9
-33,54,27
-20,53,32
-46,42,8
-41,36,6
-34,33,5
-26,34,9
-26,48,13
-31,56,13
-36,74,6
-35,89,0
-30,127,0
-19,82,-9
-17,86,-16
-21,94,-21
-25,81,-18
-32,53,-15
-32,43,-15
-24,38,-12
-21,37,-11
-16,38,-9
-14,39,-8
-13,46,-4
-15,51,-2
-15,66,-5
-13,73,-9
-15,64,-15
-14,63,-15
-18,71,-14
-24,71,-12
-32,62,-11
-34,63,-8
-41,63,2
-39,60,4
-29,63,4
-25,69,4
-4,84,56
-14,87,55
-31,62,21
-34,60,17
-30,63,19
-26,62,8
-25,61,6
-29,63,16
-29,63,17
-39,67,12
-44,70,10
-48,73,8
-56,74,1
-73,73,-4
-70,69,2
-29,60,44
-36,48,48
-36,34,45
-26,29,46
-30,22,41
-26,19,40
-23,9,37
-21,2,35
-24,-6,34
-24,-5,37
-24,-9,36
-22,-11,40
-22,-14,48
-13,-19,48
-14,-25,48
-19,-23,44
-15,-12,67
-35,-15,54
-28,-13,58
-14,-39,43
-13,-43,48
-15,-48,51
-17,-46,54
-16,-35,50
-15,-34,48
-14,-39,46
-15,-37,47
-19,-33,50
-17,-34,48
-11,-37,49
-15,-36,49
-23,-36,47
-17,-38,49
-20,-35,43
-21,-32,57
-44,-29,45
-38,-32,32
-33,-34,38
-32,-35,38
-34,-40,26
-35,-44,26
-43,-47,46
-19,-45,74
-40,-33,45
-36,-30,27
-33,-27,34
-53,-23,43
-47,-22,40
-50,-23,24
-54,-24,25
-44,-28,35
-42,-31,27
-66,-27,29
-73,-18,38
-40,-19,34
-46,-24,29
-49,-22,33
-50,-16,34
-40,-16,36
-44,-13,24
-57,-10,11
-67,-7,8
-29,8,17
-30,13,2
-45,30,1
-45,40,1
-45,64,-21
-43,58,-17
-50,53,-10
-68,62,-9
-48,53,-17
-48,54,-10
-79,52,-6
-64,46,-1
-54,65,-1
-41,65,-15
-25,65,-24
3,74,-31
15,89,-21
41,92,9
37,84,16
2,80,8
-6,80,5
-7,73,-7
5,71,1
-9,68,1
-13,74,-2
-27,71,-8
-35,66,-14
-31,68,-16
-28,79,-13
-29,78,-14
-30,75,-14
-31,67,-11
-31,63,-10
-26,55,-13
-16,54,-14
-14,54,-14
-14,54,-12
-18,55,-11
-20,56,-12
-22,63,-14
-24,79,-15
-24,80,-10
-23,87,1
-23,92,-1
-21,69,13
-20,75,22
7,71,22
11,64,17
7,52,11
1,49,10
-10,49,13
-15,52,15
-23,55,13
-26,55,11
-26,60,14
-24,63,17
-22,65,15
-22,70,12
-21,79,9
-23,84,8
-26,65,5
-27,66,2
-31,85,1
-30,81,0
-27,67,-2
-24,57,-2
-24,55,-2
-23,57,-2
-21,57,-2
-18,57,-2
-15,58,-2
-13,51,-3
-14,47,-4
-14,53,-1
-11,62,0
-1,59,-4
3,49,-11
0,68,-27
-3,64,-27
-22,74,-12
-32,92,-6
-44,105,6
-41,94,4
-26,60,1
-25,55,7
-22,52,26
-25,52,34
-30,45,39
-30,45,35
-29,48,29
-31,46,22
-41,57,13
-44,84,3
-37,127,-12
-22,127,-9
-18,124,-14
-42,127,-26
-38,127,-34
-39,91,-32
-36,84,-28
-10,71,-19
1,62,-16
8,45,-10
9,39,-9
6,33,-9
5,34,-8
-5,34,-10
-7,32,-11
-20,48,-8
-27,55,-14
-51,65,-17
-62,86,-14
-57,105,-39
-71,104,-18
-55,80,9
-36,67,3
-31,59,10
-33,54,17
-36,56,21
-42,58,21
-39,59,19
-38,62,24
-44,76,21
-49,78,15
-47,66,13
-42,74,8
-42,95,2
-39,94,-8
-37,97,-13
-31,102,-23
-29,94,-20
-31,76,-19
-31,69,-17
-26,60,-13
-21,58,-12
-12,55,-10
-9,55,-9
-8,53,-4
-9,51,-4
-9,47,-4
-14,46,-7
-21,52,-5
-26,47,-4
-34,41,4
-36,51,7
-28,58,9
-31,54,11
-33,68,14
-30,78,14
-29,87,9
-28,84,6
-28,70,1
-32,60,7
-36,56,7
-37,52,5
-35,52,7
-35,51,13
-36,53,14
-38,69,12
-39,79,10
-36,74,10
-33,66,10
-42,106,11
-48,107,16
-31,81,-4
-27,97,-8
-18,101,0
-20,92,3
-25,78,-3
-18,72,-4
-18,63,-7
-14,57,-6
-12,46,-8
-11,41,-8
-10,38,-9
-11,41,-9
-12,50,-10
-13,53,-12
-17,64,-10
-18,66,-1
-15,77,-7
-14,61,-5
-21,67,2
-34,92,9
-31,101,9
-25,89,2
-22,74,-3
-28,70,11
-42,69,27
-44,57,6
-46,52,-1
-38,51,10
-37,49,8
-41,68,19
-45,78,21
-46,76,18
-43,73,16
-41,100,12
-42,98,12
-39,84,4
-37,95,-4
-29,101,-12
-24,104,-11
-18,80,-14
-20,68,-11
-21,63,-12
-20,55,-16
-16,50,-17
-9,42,-15
-7,39,-14
-6,34,-13
-8,35,-14
-13,43,-17
-14,46,-16
-24,63,-10
-28,83,-14
-40,83,-3
-50,85,2
-47,100,0
-38,93,-3
-25,73,6
-19,62,11
-19,47,16
-22,41,13
-47,40,28
-46,39,29
-27,41,22
-30,41,15
-41,51,6
-33,56,5
-29,72,4
-31,76,-4
-28,66,-11
-22,79,-11
-30,84,-1
-36,75,-4
-36,89,-16
-31,82,-10
-29,74,-6
-25,63,-2
-24,58,-1
-19,49,-1
-16,46,-2
-13,44,-3
-12,43,-4
-10,43,-5
-11,43,-5
-14,50,-5
-15,55,-7
-15,62,-6
-16,61,-3
-19,85,-7
-21,94,-8
-29,77,-1
-38,90,6
-33,96,5
-23,84,-5
-11,63,-11
-12,59,-6
-21,45,0
-34,35,1
-36,32,0
-33,39,4
-34,44,6
-30,52,10
-27,59,10
-25,79,7
-27,87,5
-28,75,2
-28,88,1
-37,80,7
-39,72,2
-32,93,-10
-29,94,-7
-25,82,-3
-23,75,-2
-21,63,-4
-19,58,-4
-15,51,-5
-14,48,-6
-12,48,-8
-11,50,-9
-10,49,-10
-11,49,-10
-14,58,-9
-15,63,-11
-19,60,-10
-21,62,-7
-22,69,-8
-22,58,-4
-32,71,6
-36,84,9
-38,91,10
-26,73,13
-19,65,13
-11,56,16
-15,51,15
-23,44,12
-24,42,10
-29,44,10
-31,46,11
-31,54,10
-31,63,9
-32,77,4
-32,74,3
-28,69,2
-30,89,0
-40,81,4
-38,86,-3
-31,96,-7
-27,93,-3
-23,78,-1
-21,72,-1
-20,63,-2
-19,59,-3
-14,51,-4
-12,48,-4
-8,42,-5
-7,40,-6
-7,37,-8
-11,42,-11
-13,47,-13
-19,61,-10
-23,71,-4
-24,106,-8
-25,95,-6
-37,89,7
-34,95,7
-19,87,3
-11,70,-4
-13,53,-6
-18,46,1
-32,38,6
-36,35,4
-32,42,4
-33,49,4
-32,57,8
-31,57,9
-28,60,9
-27,67,9
-26,78,5
-25,73,2
-30,98,-3
-41,100,-2
-33,76,-2
-33,92,-4
-25,87,-4
-28,82,1
-22,67,-1
-23,58,-4
-21,53,-5
-14,48,-6
-13,46,-7
-11,45,-9
-10,44,-10
-9,44,-11
-11,46,-12
-15,55,-17
-16,59,-16
-21,67,-6
-22,83,-9
-22,75,-6
-32,73,5
-38,94,8
-31,94,6
-18,73,3
-11,61,2
-12,48,9
-15,41,10
-33,34,20
-26,34,30
-37,37,13
-30,40,13
-40,46,3
-39,53,4
-33,69,-1
-33,80,-4
-25,73,3
-22,97,2
-31,101,5
-36,73,-5
-32,85,-8
-29,86,-6
-27,82,-1
-27,70,0
-24,65,0
-20,54,-1
-16,49,0
-13,43,-2
-12,43,-4
-10,42,-7
-9,41,-7
-11,41,-8
-12,43,-10
-15,57,-14
-15,59,-13
-26,67,-4
-26,87,-5
-26,85,-6
-34,81,0
-38,96,10
-31,95,9
-13,70,0
-5,58,5
-9,52,10
-27,38,7
-32,31,3
-30,32,3
-29,38,6
-29,48,6
-30,54,5
-32,67,3
-33,78,0
-31,79,-2
-26,85,-6
-31,89,4
-33,88,1
-24,96,-10
-21,87,-10
-22,72,-5
-23,66,-3
-26,54,-5
-25,49,-6
-18,44,-6
-15,43,-5
-13,41,-6
-12,43,-6
-15,60,-6
-15,68,-7
-14,69,-9
-13,68,-9
-13,75,-10
-14,70,-14
-21,60,-4
-36,75,9
-37,82,6
-26,82,2
-17,69,-1
-10,49,3
-12,46,13
-24,38,9
-26,34,4
-27,35,7
-28,42,10
-27,48,12
-28,55,10
-24,71,7
-24,80,10
-26,84,3
-28,103,4
-34,82,3
-34,90,-4
-30,100,-7
-29,90,-6
-27,72,0
-26,65,1
-23,53,-2
-20,48,-2
-14,42,-3
-12,39,-5
-9,44,-6
-8,53,-8
-10,54,-9
-16,61,-8
-17,63,-8
-14,69,-10
-14,85,-15
-19,67,-11
-28,66,0
-39,94,8
-33,97,2
-21,72,-8
-14,56,-4
-14,46,13
-16,42,18
-25,33,9
-25,32,6
-25,40,11
-26,46,12
-28,55,11
-29,63,11
-30,80,8
-30,83,9
-27,72,5
-28,89,1
-37,87,10
-36,77,3
-33,96,-6
-29,89,-4
-26,73,-2
-24,60,-1
-23,56,-1
-18,51,-2
-16,48,-3
-14,45,-6
-13,45,-7
-10,47,-9
-10,49,-10
-13,58,-13
-15,65,-14
-20,71,-10
-21,75,-6
-20,80,-7
-22,60,2
-33,84,10
-31,97,8
-21,85,10
-16,71,12
-8,48,14
-11,43,16
-18,33,18
-20,29,14
-22,28,9
-23,34,11
-25,47,13
-27,63,12
-27,71,7
-33,90,5
-34,79,4
-42,109,-3
-48,90,2
-46,88,-13
-42,99,-13
-30,85,-6
-27,79,-4
-23,67,-2
-22,63,-3
-18,59,-4
-15,57,-4
-11,53,-5
-10,50,-7
-7,44,-10
-8,40,-10
-14,37,-10
-17,42,-12
-20,57,-17
-25,62,-11
-36,81,5
-26,96,-7
-24,73,-1
-28,90,8
-24,96,14
-20,84,11
-15,66,11
-14,48,9
-19,44,12
-27,37,18
-28,32,14
-25,30,11
-25,35,12
-25,47,13
-25,53,11
-25,69,7
-26,80,6
-27,83,-2
-28,106,-7
-38,75,6
-40,84,2
-38,95,1
-33,84,5
-28,72,11
-25,67,13
-21,60,9
-19,56,8
-16,49,5
-16,46,2
-11,41,-7
-10,38,-11
-13,36,-7
-18,39,-6
-21,53,-10
-21,60,-8
-24,63,5
-19,81,-5
-19,74,-5
-25,85,7
-32,100,10
-25,99,14
-21,81,10
-19,54,-1
-21,50,3
-22,51,35
-22,48,23
-32,35,-2
-39,37,-2
-39,44,-2
-32,51,2
-23,67,6
-22,77,8
-24,84,6
-24,87,-1
-37,106,7
-35,80,3
-30,103,-9
-26,100,-8
-23,79,-4
-25,72,-1
-24,63,-1
-21,59,-2
-15,51,-4
-10,44,-5
-8,42,-4
-7,38,-5
-8,36,-6
-17,42,-7
-24,49,-9
-34,63,-5
-36,60,0
-31,66,-4
-29,70,-6
-29,64,0
-36,73,7
-45,92,11
-43,88,7
-30,60,1
-27,49,1
-29,43,22
-35,41,21
-32,32,14
-35,32,2
-35,38,-2
-35,42,0
-28,56,2
-28,68,0
-33,77,-1
-32,71,0
-36,104,2
-45,105,6
-35,86,-2
-23,100,0
-21,91,0
-25,68,2
-24,59,3
-24,50,0
-22,47,-2
-17,44,-4
-14,43,-4
-9,38,-5
-9,37,-5
-10,34,-7
-11,34,-7
-14,36,-8
-16,43,-10
-23,52,-5
-25,72,-12
-48,105,-18
-61,101,-3
-67,122,-3
-44,104,-17
-16,57,-25
-15,48,-16
4,56,119
-74,37,23
-19,11,6
-25,20,3
-25,42,1
-12,42,-12
-10,47,-14
-15,59,-9
-22,69,-6
-54,84,66
-114,89,6
-6,57,-4
-16,31,-16
-38,95,-15
-33,76,-16
-28,66,-16
-30,60,-9
-24,50,-1
-19,44,-2
-16,37,0
-14,35,1
-13,37,-2
-13,37,-5
-17,43,-6
-20,51,-7
-24,73,-10
-27,75,-8
-43,68,9
-32,82,-9
-25,100,-22
-29,94,-9
-40,89,12
-39,83,9
-23,62,-2
-15,42,1
-13,40,12
-16,35,17
-17,33,15
-15,32,10
-16,37,9
-14,43,8
-13,46,6
-19,68,17
-35,79,19
-32,64,3
-23,66,-12
-30,86,-20
-44,85,-22
-45,94,-24
-40,95,-24
-35,78,-13
-31,66,-7
-23,45,3
-20,40,4
-13,37,0
-11,37,-2
-11,37,-4
-11,37,-4
-12,42,-5
-14,50,-6
-18,73,-17
-22,73,-14
-27,69,-7
-30,93,-5
-30,85,-6
-36,69,3
-38,74,10
-28,81,10
-13,77,5
-9,66,5
-18,61,0
-33,49,1
-34,44,4
-23,38,5
-23,38,3
-24,38,4
-22,39,4
-8,47,9
-8,56,14
-24,65,-1
-25,67,-5
-37,108,-5
-40,92,2
-33,86,-13
-29,89,-14
-28,78,-7
-30,70,-5
-29,59,-3
-26,57,-2
-19,50,-2
-15,45,-5
-11,44,-6
-12,43,-7
-14,43,-7
-18,50,-8
-20,58,-10
-18,69,-15
-18,72,-18
-20,67,-8
-23,72,-1
-22,89,-8
-21,68,-5
-30,70,6
-32,79,8
-26,77,11
-19,67,9
-13,48,3
-14,45,7
-20,38,13
-22,36,12
-31,40,16
-24,43,19
-32,46,13
-29,48,10
-23,63,6
-25,75,8
-27,69,-1
-23,91,-7
-23,93,-3
-31,82,-8
-32,86,-13
-34,84,-13
-34,76,-8
-30,58,-1
-28,52,0
-21,49,-1
-17,47,-1
-13,44,-1
-12,43,-2
-15,43,-6
-16,47,-6
-16,57,-5
-16,61,-8
-15,64,-13
-17,64,-9
-26,76,3
-26,91,-2
-26,65,2
-30,57,7
-31,89,10
-29,99,12
-17,70,6
-12,59,6
-17,57,17
-22,45,9
-22,28,-1
-24,26,7
-22,26,17
-22,36,16
-20,40,11
-21,61,5
-23,74,2
-30,83,5
-29,72,5
-27,94,6
-34,94,9
-37,67,-2
-33,80,-5
-30,82,5
-31,78,7
-26,66,7
-24,62,7
-18,54,6
-16,50,5
-22,48,0
-23,51,2
-37,56,2
-47,62,13
-53,67,23
-64,71,23
-65,71,34
-59,61,39
-51,63,33
-46,50,48
-37,39,40
-25,41,34
-20,36,36
-7,22,33
-2,9,32
2,-4,39
5,-7,39
11,-5,42
7,0,44
10,-2,42
11,-1,43
15,-1,48
14,-1,51
11,0,57
7,4,58
3,2,51
6,-5,51
-6,-1,63
-21,4,66
-54,19,74
-50,21,81
-42,25,78
-37,24,72
-28,20,62
-18,16,50
-15,13,46
-20,6,39
-26,4,38
-40,9,40
-46,13,44
-50,15,49
-55,20,55
-56,22,53
-43,19,59
-56,38,68
-74,44,50
-73,33,24
-67,39,28
-51,43,38
-47,36,31
-40,22,25
-37,18,26
-35,11,26
-34,8,26
-32,5,27
-34,4,28
-41,1,26
-43,1,27
-56,1,32
-63,1,32
-78,5,32
-70,9,46
-61,9,40
-74,13,25
-107,15,7
-98,11,2
-76,12,4
-75,15,6
-69,16,9
-50,14,14
-42,13,16
-34,9,16
-31,7,16
-34,4,14
-37,1,11
-43,-5,8
-52,-5,9
-71,1,9
-81,3,7
-91,9,6
-86,12,11
-80,14,38
-92,18,31
-91,22,-3
-83,16,-9
-87,24,-11
-83,26,-13
-57,16,-6
-47,11,-1
-42,1,3
-43,-2,3
-39,-9,3
-40,-12,4
-40,-12,14
-43,-17,13
-49,-16,12
-62,-17,11
-70,-18,10
-82,-23,4
-98,-20,-5
-99,-10,-7
-85,-11,-7
-76,-15,-20
-79,-14,-23
-70,-15,-15
-69,-13,-7
-64,-9,-2
-50,-7,2
-38,-12,6
-43,-15,1
-44,-16,-7
-39,-15,-4
-46,-14,-5
-47,-12,-2
-49,-12,9
-50,-11,11
-49,-14,11
-55,-17,8
-77,-19,3
-80,-19,7
-90,-20,-9
-102,-3,-25
-88,4,-6
-79,9,-9
-72,11,-17
-49,3,-13
-46,-1,-12
-52,-9,-21
-53,-13,-27
-49,-20,-21
-42,-21,-10
-40,-18,0
-41,-18,-4
-48,-25,-10
-55,-23,-8
-72,-21,-14
-67,-25,-17
-79,-36,-36
-86,-23,-41
-77,-27,-28
-72,-23,-29
-70,-21,-29
-66,-18,-24
-59,-8,-16
-56,-5,-14
-45,-2,-10
-41,-2,-10
-38,-3,-10
-36,-4,-10
-38,-7,-14
-35,-11,-25
-46,-13,-30
-58,-24,-41
-66,-30,-48
-77,-27,-38
-84,-32,-33
-86,-31,-29
-93,-22,-34
-65,-10,-26
-47,-17,-20
-37,-19,-19
-38,-21,-19
-38,-25,-19
-40,-28,-19
-48,-30,-18
-52,-31,-15
-55,-30,-8
-54,-31,-7
-47,-33,-11
-45,-32,-12
-51,-29,-16
-57,-34,-17
-74,-43,-12
-76,-45,-7
-62,-46,-11
-68,-48,-18
-93,-30,-16
-64,-7,4
-37,-3,11
-29,-8,4
-29,-9,3
-28,-19,-4
-29,-23,-6
-40,-29,-6
-50,-34,-6
-76,-41,-4
-82,-39,1
-72,-33,10
-65,-30,12
-70,-26,12
-71,-29,16
-82,-23,2
-81,-17,-5
-78,-19,-7
-79,-17,-8
-62,-16,-6
-48,-16,1
-46,-17,1
-46,-18,-3
-36,-21,0
-33,-21,2
-38,-21,0
-47,-21,-2
-57,-22,-3
-58,-24,-3
-56,-26,5
-71,-27,0
-71,-26,3
-76,-41,-3
-93,-43,-13
-86,-24,-13
-82,-31,-14
-82,-23,-16
-74,-19,-15
-54,-14,-5
-52,-11,-3
-40,-9,-2
-35,-11,-1
-32,-13,-1
-34,-13,0
-32,-19,0
-34,-22,-2
-41,-29,1
-48,-32,2
-66,-41,-4
-78,-39,-5
-80,-32,2
-70,-28,5
-94,-40,4
-100,-24,-2
-86,-13,0
-84,-20,4
-91,-4,4
-54,-4,4
-34,-7,5
-22,-14,6
-27,-15,6
-33,-21,4
-35,-24,3
-45,-29,2
-54,-30,5
-61,-30,9
-59,-33,7
-77,-31,-1
-84,-26,1
-100,-43,-18
-98,-34,-22
-86,-33,-16
-83,-30,-17
-74,-22,-16
-69,-16,-12
-49,-6,-2
-39,-5,2
-29,-7,4
-28,-9,3
-25,-16,8
-28,-20,9
-48,-25,7
-58,-25,7
-71,-25,12
-77,-24,13
-75,-17,19
-79,-23,23
-109,-10,14
-94,1,19
-77,3,24
-55,3,15
-47,-2,11
-42,-10,17
-43,-13,15
-43,-19,10
-39,-20,10
-34,-21,14
-35,-24,15
-41,-30,19
-47,-31,21
-57,-31,21
-63,-30,22
-74,-27,22
-79,-31,22
-94,-31,14
-84,-20,14
-73,-29,17
-76,-24,15
-72,-19,10
-56,-11,15
-50,-10,14
-43,-9,13
-28,-9,13
-24,-14,11
-28,-18,10
-38,-28,9
-47,-30,11
-67,-31,12
-67,-31,17
-69,-26,20
-72,-24,21
-95,-31,24
-101,-19,21
-81,-2,15
-70,-7,20
-66,-5,22
-60,-9,15
-39,-19,16
-43,-24,16
-50,-23,17
-46,-23,17
-37,-23,19
-38,-23,20
-41,-23,21
-43,-23,21
-50,-28,22
-56,-30,22
-69,-33,19
-78,-42,18
-85,-27,17
-66,-26,12
-53,-35,14
-80,-29,11
-83,-24,8
-60,-15,8
-50,-12,8
-40,-10,7
-34,-11,7
-31,-16,7
-37,-19,6
-49,-22,6
-59,-22,8
-74,-24,11
-71,-25,14
-65,-21,16
-62,-22,18
-86,-24,23
-96,-11,19
-85,-6,16
-81,-7,22
-72,6,22
-56,3,18
-37,-9,20
-44,-11,20
-50,-14,16
-43,-15,16
-35,-19,13
-38,-20,13
-48,-18,15
-50,-17,16
-56,-17,15
-72,-19,14
-73,-18,12
-70,-27,13
-79,-30,5
-81,-25,-6
-83,-29,-10
-76,-25,-14
-76,-20,-17
-76,-9,-21
-70,-4,-20
-46,-2,-14
-34,-3,-11
-31,-6,-9
-35,-7,-9
-37,-8,-8
-40,-8,-9
-51,-11,-12
-60,-13,-15
-68,-14,-18
-73,-16,-22
-82,-13,-22
-87,-11,-20
-91,-3,-27
-83,6,-27
-75,13,-15
-68,14,-13
-57,17,-16
-56,12,-15
-54,8,-13
-45,0,-15
-41,-3,-15
-32,-6,-10
-29,-5,-8
-37,-3,-15
-53,0,-19
-93,5,-27
-96,7,-26
-85,8,-10
-82,6,-4
-78,-7,-6
-83,-7,-14
-90,7,-19
-101,17,-20
-91,33,-18
-83,32,-16
-69,27,-8
-62,24,0
-51,21,15
-41,21,19
-4,19,-42
-45,9,-83
-7,30,36
-83,23,37
-65,-3,17
-53,13,15
-59,51,49
-113,76,11
-115,91,3
-42,82,12
-22,64,-8
-21,37,-34
-26,19,-33
-9,2,-7
-9,7,4
-18,31,3
-22,43,-9
-59,65,-26
-77,74,-21
-61,80,-26
-55,70,-37
-83,88,-11
-83,88,-10
-48,67,-25
-46,72,-13
-61,69,-4
-58,62,-13
-56,83,-23
-60,85,-14
-41,65,-16
-38,70,-23
-26,86,-19
-18,82,-18
22,58,-32
24,53,-36
14,52,-40
8,54,-42
11,47,-39
0,44,-27
-5,46,-25
-5,51,-33
-9,60,-28
-5,72,-20
-8,72,-23
-14,70,-16
-17,65,-7
-13,95,-21
-4,92,-22
-13,63,-2
-18,73,0
-16,83,-5
-6,75,-6
2,61,-1
-3,56,7
-17,49,5
-17,44,4
-25,42,2
-19,43,3
-20,47,5
-21,48,6
-22,52,3
-24,59,0
-25,71,-8
-24,74,-15
-22,105,-18
-29,74,-13
-32,73,-19
-21,80,-27
-18,74,-26
-19,61,-14
-18,55,-12
-12,44,-10
-8,42,-7
17,43,-2
15,38,-4
-9,44,-16
-15,47,-18
-23,56,-15
-25,61,-16
-23,69,-20
-22,74,-18
-23,72,-9
-26,77,-8
-21,95,-16
-18,69,-13
-28,62,-4
-26,77,-2
-15,84,-2
-6,74,1
3,59,7
0,53,7
-8,41,-1
-14,38,-3
-18,41,-1
-24,45,0
-23,46,1
-21,51,4
-22,53,4
-27,68,4
-33,73,-1
-29,65,-11
-27,78,-11
-29,86,-6
-36,80,-5
-34,87,-13
-33,83,-14
-31,72,-4
-30,64,-3
-27,54,-3
-23,52,-2
-16,49,-3
-14,49,-4
-12,47,-5
-5,46,-7
-7,45,-11
-14,45,-15
-24,55,-21
-27,59,-23
-29,62,-19
-32,60,-2
-35,80,-6
-21,79,-18
-23,68,-13
-34,71,7
-37,73,7
-28,70,-4
-22,62,-6
-17,48,2
-19,43,7
-24,35,7
-26,34,5
-28,39,7
-29,43,9
-27,48,9
-25,52,8
-26,73,4
-30,77,4
-29,69,-2
-31,88,-6
-39,89,1
-40,77,-4
-35,84,-15
-32,83,-13
-30,75,-4
-30,70,-2
-25,60,-1
-20,55,-2
-13,51,-4
-11,49,-6
-10,48,-8
-9,45,-11
-11,45,-12
-16,50,-12
-21,55,-12
-21,65,-8
-21,70,-6
-16,88,-12
-20,70,-2
-34,76,10
-36,84,8
-27,86,8
-21,78,8
-12,61,9
-13,55,12
-18,45,17
-21,40,19
-23,36,16
-27,36,11
-25,39,9
-24,43,8
-24,54,9
-24,62,7
-26,75,-1
-27,73,-2
-28,95,-11
-43,81,1
-44,74,-7
-38,89,-14
-34,85,-10
-28,74,-2
-25,68,-1
-21,61,-1
-18,59,-1
-14,54,-2
-13,53,-4
-11,49,-7
-10,47,-8
-9,42,-10
-10,40,-11
-13,42,-13
-16,45,-14
-20,55,-6
-24,64,1
-26,96,-6
-24,94,-5
-29,75,5
-29,86,8
-29,98,9
-24,88,5
-16,65,-1
-15,61,3
-20,51,5
-25,39,3
-26,36,3
-26,36,3
-25,38,4
-25,44,4
-25,49,5
-25,65,1
-27,73,-1
-28,77,-2
-29,90,-5
-37,86,2
-38,69,2
-34,81,-11
-30,83,-11
-26,76,-1
-27,72,2
-24,65,-1
-22,62,-2
-15,55,-2
-14,52,-4
-14,47,-7
-13,45,-9
-12,42,-11
-13,43,-12
-17,51,-11
-18,59,-12
-20,66,-6
-24,68,2
-20,86,-7
-19,68,-1
-22,70,8
-30,90,15
-28,90,16
-18,72,14
-13,62,12
-10,47,14
-10,41,17
-16,33,16
-19,33,14
-21,37,12
-22,41,13
-23,50,13
-24,56,12
-25,75,5
-26,82,3
-27,67,3
-27,69,0
-35,106,-2
-42,92,2
-41,77,-8
-34,79,-8
-28,81,2
-26,76,6
-24,66,7
-21,62,5
-16,57,2
-13,55,2
-12,49,-1
-11,46,-3
-11,42,-5
-14,42,-5
-17,47,-6
-21,63,-2
-23,63,5
-24,76,3
-20,79,2
-20,77,8
-25,91,16
-22,90,18
-18,79,11
-13,61,4
-12,53,5
-19,42,11
-22,39,12
-24,33,7
-24,34,5
-24,41,7
-25,47,8
-27,64,5
-28,76,4
-33,74,5
-33,68,3
-37,104,0
-43,98,6
-42,86,-6
-36,89,-9
-26,85,-1
-22,70,2
-21,65,0
-18,60,-2
-17,58,-4
-14,56,-6
-13,54,-8
-8,49,-9
-9,48,-10
-11,47,-12
-13,47,-13
-16,51,-14
-18,52,-10
-20,66,-4
-20,80,-7
-25,73,5
-29,72,10
-28,94,6
-25,96,7
-16,75,10
-12,64,7
-16,55,8
-17,52,10
-25,45,7
-29,43,3
-27,45,4
-25,46,5
-26,50,6
-26,51,7
-25,61,4
-26,72,0
-26,73,-6
-32,106,-7
-37,96,-2
-36,85,-12
-33,84,-15
-25,78,-13
-24,72,-11
-21,62,-9
-19,57,-10
-13,56,-10
-11,54,-10
-9,48,-10
-8,45,-11
-10,44,-13
-12,43,-13
-15,45,-12
-16,48,-12
-14,56,-10
-16,59,-6
-22,69,-3
-24,84,-4
-26,92,-3
-29,76,2
-28,76,5
-28,84,5
-24,81,1
-20,65,-2
-19,61,0
-21,51,3
-24,46,4
-26,40,5
-26,39,5
-24,42,7
-23,44,7
-21,49,9
-21,53,9
-23,68,5
-25,73,4
-24,65,1
-23,68,-2
-28,85,-1
-33,77,2
-35,70,-8
-33,80,-11
-29,85,-6
-28,80,-4
-25,68,-2
-23,63,-2
-19,57,-3
-17,55,-5
-16,51,-7
-15,50,-8
-13,47,-11
-13,46,-12
-14,49,-12
-15,52,-13
-17,61,-15
-20,65,-7
-24,68,0
-26,86,0
-21,88,-1
-21,65,10
-20,68,13
-23,82,16
-20,79,14
-16,66,5
-15,60,4
-18,50,8
-22,45,10
-26,39,8
-27,40,6
-25,44,7
-25,46,7
-24,51,7
-25,55,7
-28,69,3
-30,73,3
-30,68,-1
-30,83,-5
-38,89,5
-38,80,-5
-33,86,-7
-26,85,-2
-24,81,1
-21,71,-1
-20,68,-3
-18,64,-6
-16,62,-6
-14,57,-9
-12,54,-9
-11,48,-9
-13,44,-9
-14,42,-10
-14,42,-12
-14,48,-16
-18,51,-14
-20,72,-14
-19,87,-15
-28,78,4
-33,81,8
-19,93,2
-14,96,3
-9,80,10
-10,71,15
-27,58,28
-34,53,16
-26,44,4
-28,38,-1
-24,36,-4
-21,35,-4
-23,41,-1
-22,48,2
-30,58,7
-24,89,-4
-30,105,-8
-29,82,-17
-27,76,-18
-18,62,-11
-21,59,-9
-27,55,-11
-30,54,-14
-28,54,-14
-28,54,-15
-33,51,-16
-40,51,-16
-49,54,-19
-49,58,-20
-50,56,-15
-50,57,-14
-46,56,-11
-46,55,-8
-47,55,-3
-48,55,-3
-45,50,2
-47,49,3
-45,44,7
-47,46,12
-42,39,17
-43,35,16
-52,32,16
-46,29,24
-46,28,25
-51,27,23
-52,27,23
-49,22,27
-50,17,25
-59,21,22
-61,24,25
-56,25,30
-53,24,30
-52,25,29
-49,26,31
-43,26,34
-44,27,32
-44,21,33
-44,17,33
-41,24,38
-35,25,42
-34,22,43
-41,22,38
-44,21,38
-42,26,44
-43,22,44
-41,20,46
-38,18,46
-40,14,46
-40,19,48
-44,21,54
-45,21,57
-45,21,64
-46,22,68
-52,14,62
-53,6,59
-37,16,55
-32,19,53
-29,28,49
-27,4,43
-27,-4,39
-31,-7,43
-27,1,52
-28,1,55
-25,4,58
-24,6,58
-21,4,63
-20,-1,63
-22,-8,59
-21,-11,61
-21,-11,60
-25,-5,58
-32,-8,57
-30,-6,58
-25,-8,60
-22,-13,58
-13,-8,68
-19,-12,66
-29,9,77
-45,-2,57
-39,0,54
-32,-1,54
-27,-5,55
-22,-7,50
-22,-7,54
-16,-7,61
-12,-9,61
-8,11,66
-11,22,68
-11,36,59
-7,33,57
1,23,61
-1,13,59
-6,11,60
-8,6,60
-11,12,60
-13,8,57
-9,6,56
-8,7,57
-17,4,62
-17,7,67
-18,15,65
-19,11,61
-18,9,64
-15,7,65
-13,7,61
-17,6,58
-16,7,59
-15,5,61
-17,6,62
-20,6,62
-18,5,61
-14,4,57
-13,4,57
-9,13,60
-9,5,66
-23,12,60
-14,4,62
-6,0,65
-13,-3,62
-14,2,68
-14,0,68
-15,3,67
-18,4,64
-10,0,59
-12,7,58
-10,4,60
-9,2,60
-13,3,59
-15,3,60
-15,1,62
-17,2,63
-15,2,62
-14,-1,57
-18,-6,53
-22,-1,61
-19,-1,63
-14,1,59
-13,2,55
-6,1,52
-5,1,50
-16,6,43
-23,8,43
-24,11,40
-29,15,35
-37,25,32
-43,30,30
-58,36,23
-53,38,24
-39,44,18
-35,51,14
-31,66,5
-30,76,0
-36,95,-11
-41,101,-15
-38,88,-10
-39,78,-10
-38,82,-10
-37,79,-10
-28,66,-12
-25,63,-10
-22,65,-1
-22,65,1
-26,61,-3
-28,56,-4
-27,56,-3
-29,58,-1
-28,61,-1
31,72,46
59,82,51
5,50,1
-10,59,2
-20,69,5
-20,66,0
-20,60,-6
-20,58,-3
-18,60,-1
-17,64,1
-20,70,3
-21,67,2
-15,66,2
-10,66,3
-14,63,1
-19,63,-1
-21,67,-3
-23,69,-2
-34,69,-9
-34,68,-11
-29,64,-11
-26,59,-9
-25,58,-8
-24,53,-9
-24,52,-9
-21,49,-7
-21,48,-6
-21,49,-6
-21,52,-5
-21,61,-5
-21,65,-4
-20,71,-3
-20,82,-5
-18,82,-1
-21,66,2
-25,55,5
-25,62,3
-22,75,3
-18,70,3
-19,57,3
-18,54,4
-20,50,4
-23,48,5
-28,49,4
-23,51,4
-25,54,7
-23,54,8
-20,50,4
-23,48,5
-28,49,4
-23,51,4
-25,54,7
-23,54,8
-26,56,8
-23,55,7
-23,59,7
-25,64,9
-27,64,-1
-27,64,1
-23,67,5
-30,77,7
-32,78,6
-31,68,2
-28,64,1
-26,66,0
-26,68,-1
-26,66,-4
-26,65,-4
-26,64,-3
-25,63,-5
-25,61,-8
-24,61,-8
-22,59,-7
-21,58,-9
-21,55,-8
-22,54,-7
-22,53,-6
-21,52,-7
-19,56,-6
-19,58,-4
-19,67,-4
-17,78,-6
-18,67,3
-22,56,6
-24,58,4
-23,72,2
-21,76,4
-19,69,4
-20,65,4
-23,60,3
-26,59,10
-33,56,13
-24,55,12
-29,54,4
-32,55,9
-30,52,1
-25,52,5
-20,54,8
-21,61,8
-25,70,4
-26,68,1
-29,82,-4
-31,86,0
-32,69,1
-29,64,-1
-26,63,-4
-26,68,-6
-28,78,-3
-28,75,-2
-28,64,-4
-27,63,-3
-25,60,-4
-25,59,-6
-24,55,-6
-23,51,-6
-22,48,-6
-24,49,-5
-24,49,-6
-22,53,-7
-21,57,-6
-23,58,-2
-23,57,2
-21,67,2
-17,71,0
-16,63,4
-19,59,5
-24,65,6
-26,73,4
-25,82,2
-24,77,-1
-24,69,0
-27,69,6
-28,63,3
-33,60,-1
-34,56,5
-32,55,6
-29,54,9
-28,54,10
-27,53,8
-26,55,6
-28,65,4
-28,68,3
-27,69,0
-27,83,0
-27,81,1
-25,69,-2
-23,70,-3
-21,70,-4
-21,72,-3
-26,77,-2
-23,73,-2
-27,67,-11
-28,65,-10
-27,60,-11
-27,57,-12
-24,50,-12
-21,47,-11
-20,44,-10
-19,44,-9
-19,44,-11
-20,45,-11
-20,51,-9
-21,55,-6
-22,70,-3
-21,82,-4
-20,76,4
-23,70,7
-21,68,8
-22,72,7
-21,73,6
-22,70,4
-21,66,5
-28,59,13
-25,55,13
-29,52,4
-33,52,2
-30,52,4
-27,52,5
-23,51,10
-24,50,10
-25,53,7
-24,61,6
-24,66,4
-24,64,2
-30,87,0
-35,92,4
-34,73,-1
-29,73,-6
-25,84,-9
-24,82,-8
-23,69,-5
-23,64,-4
-23,59,-4
-21,59,-4
-19,59,-8
-18,58,-11
-15,56,-12
-12,56,-10
-13,54,-10
-16,51,-11
-16,51,-13
-16,52,-13
-16,56,-11
-17,60,-3
-20,64,-2
-19,88,-4
-18,88,0
-23,64,5
-26,66,5
-29,80,6
-29,82,3
-24,71,-5
-22,67,-5
-23,63,-1
-24,59,-1
-26,51,1
-26,49,1
-21,47,5
-9,51,15
-16,55,8
-21,53,5
-19,56,5
-21,59,3
-24,70,-3
-21,68,-3
-18,62,-6
-20,72,-6
-31,86,-2
-33,63,-4
-29,65,-7
-25,80,-6
-24,79,-5
-23,67,-6
-20,63,-5
-20,60,-4
-19,59,-5
-16,56,-6
-15,56,-7
-14,50,-14
-15,43,-19
-23,56,9
-22,61,3
-24,64,-13
-21,66,-9
-15,67,0
-19,64,2
-19,63,1
-17,68,-7
-13,71,-6
-14,59,0
-18,53,3
-19,58,1
-22,65,1
-24,69,2
-25,72,0
-23,72,0
-35,71,16
-31,57,5
-33,57,9
-36,52,-4
-27,54,5
-19,59,17
-21,57,8
-29,54,4
-24,55,2
-22,60,2
-22,64,4
-22,65,-1
-21,62,-4
-19,57,-6
-20,64,-7
-29,90,-3
-30,81,1
-18,67,1
-12,79,0
-9,84,1
-12,80,1
-22,68,-6
-17,65,-3
-21,60,-6
-20,58,-6
-16,54,-8
-14,52,-9
-12,50,-11
-13,49,-11
-14,49,-12
-17,49,-13
-18,51,-13
-19,56,-12
-19,57,-11
-20,60,-9
-22,62,-6
-22,83,-7
-19,93,-7
-21,76,-1
-28,69,3
-33,81,40
-36,87,30
-31,74,-1
-23,71,-2
-28,63,-6
-25,58,-7
-19,49,-5
-16,47,-2
-7,47,3
-6,50,4
-8,51,3
-10,52,2
-13,55,2
-15,57,3
-24,63,2
-28,65,0
-26,59,-5
-21,66,6
-18,77,10
-34,84,0
-37,71,-5
-23,70,-4
-24,76,-8
-22,78,-11
-21,73,-9
-20,64,-7
-18,62,-6
-15,55,-5
-15,53,-6
-16,50,-10
-15,50,-10
-15,48,-10
-16,48,-9
-18,49,-10
-18,52,-11
-17,61,-11
-17,67,-10
-18,70,-9
-20,69,-8
-21,78,-8
-17,87,-11
-14,73,-13
-20,68,-15
-31,70,-5
-37,71,-6
-35,69,-7
-23,65,-1
-19,64,2
-19,59,5
-13,55,13
15,57,33
-4,54,20
-32,48,2
-27,50,4
-20,55,1
-21,56,2
-21,57,0
-22,59,-1
-20,66,-2
-18,64,-3
-20,61,-6
-23,79,-5
-32,97,-1
-29,74,-6
-8,86,-3
-8,88,0
2,73,6
-2,67,0
1,61,3
-6,57,2
-19,54,-6
-20,52,-8
-18,49,-9
-14,47,-9
-14,45,-9
-17,46,-9
-20,48,-7
-20,56,-5
-20,61,-5
-21,70,-3
-22,72,0
-21,78,-4
-20,88,-8
-24,80,-5
-26,67,-1
-32,59,1
-32,62,1
-24,69,3
-18,70,4
-19,69,0
-20,65,-2
-13,64,0
6,64,14
11,54,11
2,53,7
-15,54,2
-21,53,-2
-22,51,-2
-20,51,2
-20,53,9
-29,60,8
-35,62,2
-30,61,-1
-25,65,-1
-18,101,7
-31,96,-1
-24,66,-2
-19,71,-2
-11,76,-7
-10,75,-8
-11,67,-3
-14,63,-3
-24,55,-7
-24,52,-7
-17,47,-8
-15,46,-8
-13,46,-9
-14,46,-10
-17,49,-9
-18,52,-9
-18,61,-10
-17,65,-10
-19,68,-5
-21,67,-2
-21,83,-7
-19,85,-8
-21,67,-4
-24,66,-2
-34,75,3
-34,75,5
-29,68,16
-14,62,18
-25,61,10
-18,52,3
-13,48,1
-10,45,0
-11,46,1
-16,50,1
-16,52,0
-20,52,3
-24,54,5
-34,67,17
-32,69,11
-34,66,14
-38,64,19
-23,80,12
-12,76,-9
-22,72,3
-24,70,8
-26,73,-9
-31,76,-15
-34,66,-24
-35,61,-24
-32,58,-19
-30,57,-17
-25,57,-13
-22,56,-14
-17,55,-14
-12,53,-8
-11,51,-6
-13,48,-4
-15,51,-3
-16,58,-3
-17,61,-4
-17,63,2
-20,63,6
-18,79,-2
-17,92,-4
-21,66,1
-26,59,3
-34,73,3
-34,83,0
-23,79,-3
-19,72,-4
-22,63,-3
-26,59,-1
-31,48,-9
-25,45,-5
-18,47,2
-1,54,16
0,54,16
-5,54,10
-18,56,5
-23,59,3
-31,66,-8
-29,67,-9
-23,74,-7
-28,89,-1
-31,77,-1
-25,75,-7
-20,78,-8
-22,73,-7
-22,70,-6
-24,63,-6
-23,61,-6
-19,55,-7
-17,52,-8
-15,51,-10
-14,50,-11
-12,48,-13
-13,50,-13
-17,54,-14
-19,56,-15
-21,65,-17
-22,69,-15
-21,74,-10
-21,82,-10
-17,79,-7
-21,69,1
-24,62,7
-21,62,5
-19,69,4
-17,70,6
-17,64,6
-18,60,7
-35,58,23
-32,48,22
-32,45,14
-34,44,5
-34,47,6
-25,49,5
-21,48,2
-21,53,0
-20,57,-3
-21,65,-3
-22,65,-2
-23,60,-3
-24,62,-5
-27,88,-8
-33,91,-4
-36,60,-3
-33,62,-6
-27,78,-5
-27,77,-4
-24,68,-1
-23,65,-1
-19,64,-2
-17,62,-4
-16,59,-8
-15,57,-9
-16,54,-10
-17,53,-10
-17,51,-10
-15,53,-11
-15,55,-11
-15,59,-10
-16,61,-8
-20,62,-2
-21,63,-1
-16,80,-7
-14,79,-6
-21,61,1
-24,65,1
-28,83,0
-31,87,7
-32,74,15
-28,64,7
-26,55,0
-39,50,-8
-25,44,1
-23,43,1
-23,46,5
-22,47,5
-20,50,3
-19,53,2
-17,60,1
-19,63,0
-26,68,-2
-26,68,-2
-22,61,2
-19,60,8
-20,74,9
-34,85,-2
-34,72,-5
-19,78,-7
-11,81,-3
-18,73,-4
-23,67,-5
-24,59,-6
-21,57,-5
-17,53,-5
-16,52,-6
-16,50,-7
-16,49,-7
-16,49,-7
-16,49,-6
-17,52,-7
-17,55,-8
-18,65,-8
-18,69,-8
-21,70,-4
-22,73,-5
-17,92,-11
-17,81,-7
-22,57,4
-26,58,4
-24,71,3
-18,71,0
-16,63,3
-10,62,14
-30,51,-4
-28,47,-7
-29,49,-5
-25,52,0
-23,53,3
-23,53,9
-23,53,10
-24,55,9
-25,60,7
-23,71,3
-21,70,1
-25,88,-4
-29,99,-1
-28,67,-5
-27,60,-10
-24,72,-8
-24,75,-8
-30,69,-9
-31,65,-11
-28,62,-11
-26,61,-10
-22,60,-11
-22,58,-12
-21,55,-13
-19,53,-13
-16,52,-13
-16,52,-12
-18,55,-12
-18,58,-14
-18,63,-12
-19,59,-3
-20,62,-1
-14,76,-7
-13,71,-3
-18,58,4
-21,63,3
-27,83,6
-28,86,8
-18,72,4
-28,71,9
-28,62,27
-20,52,10
-33,44,-2
-33,42,-4
-28,44,-3
-24,46,0
-21,52,8
-21,55,9
-23,64,4
-26,68,2
-28,65,-1
-28,62,-1
-30,80,-1
-35,93,3
-33,74,4
-29,76,-1
-23,89,-3
-23,84,-5
-22,78,-7
-21,69,-7
-21,67,-8
-20,64,-9
-19,61,-11
-15,58,-14
-13,54,-14
-11,47,-14
-11,44,-12
-13,45,-11
-12,44,-11
-12,46,-11
-12,48,-10
-17,56,-2
-19,65,-1
-14,99,-11
-15,92,-8
-30,79,2
-36,85,8
-33,85,5
-27,83,-1
-15,69,0
-12,70,9
-35,60,-4
-41,56,-1
-34,52,8
-30,51,8
-31,51,9
-27,50,11
-22,49,10
-21,52,7
-21,59,5
-23,70,0
-23,70,-3
-26,102,-5
-29,100,-1
-30,74,-8
-27,75,-13
-20,78,-10
-19,76,-9
-22,66,-9
-24,62,-9
-21,57,-9
-17,56,-9
-16,54,-13
-16,53,-14
-13,50,-15
-13,49,-14
-16,50,-13
-17,51,-12
-16,57,-14
-15,61,-14
-16,65,-8
-18,66,-3
-22,77,0
-15,81,-5
-16,68,2
-19,60,5
-23,66,3
-28,80,7
-28,81,7
-28,70,10
-24,69,19
-32,59,0
-32,54,-1
-33,50,-2
-31,47,2
-27,46,9
-25,47,11
-23,52,10
-21,56,7
-25,70,4
-26,75,3
-24,70,1
-22,67,-1
-24,81,-3
-28,86,0
-26,69,-5
-24,67,-9
-21,76,-8
-21,75,-6
-23,67,-5
-22,64,-6
-19,61,-6
-18,58,-7
-17,56,-9
-15,53,-11
-14,51,-12
-15,50,-10
-17,51,-8
-21,58,-5
-21,58,-5
-14,58,-3
-13,58,-1
-12,57,3
-15,57,3
-17,65,2
-16,77,-2
-15,94,-6
-20,74,-8
-33,81,-3
-41,86,0
-37,73,-10
-29,67,-12
-22,65,-4
-22,63,0
-29,54,3
-33,50,2
-30,49,4
-24,54,7
-21,59,9
-1,61,18
20,66,21
15,64,13
-11,70,5
-19,68,3
-21,60,-2
-27,62,-9
-29,81,-7
-37,81,-1
-37,72,-4
-28,80,-10
-23,81,-9
-20,77,-6
-19,71,-6
-21,62,-7
-21,59,-7
-18,57,-9
-16,56,-10
-12,53,-10
-12,51,-10
-14,50,-10
-15,50,-9
-17,50,-8
-17,53,-8
-16,60,-6
-16,61,-2
-23,64,10
-20,69,6
-12,79,5
-12,70,12
-19,64,10
-26,84,8
-28,84,8
-28,71,3
-27,67,1
-29,65,4
-30,60,4
-29,50,6
-28,48,9
-29,49,11
-28,51,12
-27,54,11
-26,54,10
-24,60,9
-25,63,7
-26,67,5
-26,67,5
-24,62,4
-22,66,1
-26,90,2
-28,82,5
-26,65,-1
-24,72,-3
-22,81,-3
-22,77,-4
-22,69,-3
-22,66,-3
-19,61,-4
-16,56,-6
-14,54,-6
-14,50,-9
-14,48,-8
-15,44,-7
-15,43,-6
-17,47,-5
-16,52,-4
-17,60,0
-19,64,3
-20,73,4
-15,90,-5
-17,87,5
-23,69,9
-27,73,2
-30,79,3
-27,74,3
-25,68,0
-23,61,0
-23,59,2
-26,51,2
-28,48,3
-28,49,7
-28,48,8
-27,50,10
-26,51,11
-23,53,9
-22,58,7
-25,71,4
-25,68,2
-25,65,1
-27,84,-4
-32,91,-1
-34,69,1
-30,66,-1
-21,75,-4
-17,77,-5
-18,69,-4
-20,65,-5
-23,60,-5
-22,58,-5
-17,56,-8
-16,55,-9
-14,53,-11
-14,53,-11
-14,51,-10
-15,50,-10
-16,51,-11
-16,54,-12
-16,60,-8
-17,62,-4
-22,75,1
-18,88,-8
-16,71,0
-21,56,7
-27,62,3
-28,72,1
-23,78,0
-22,74,-1
-24,68,3
-24,61,7
-29,60,14
-34,49,1
-28,50,6
-23,53,10
-23,53,8
-26,52,9
-26,54,9
-23,62,5
-24,65,2
-23,65,0
-23,64,-1
-22,76,-6
-25,88,-5
-28,76,-1
-27,68,-4
-20,76,-9
-19,78,-8
-21,70,-4
-22,65,-4
-20,60,-4
-18,58,-4
-15,53,-5
-14,52,-6
-13,47,-7
-15,46,-7
-16,46,-6
-18,50,-7
-19,54,-6
-18,63,-5
-19,68,-4
-21,70,1
-23,69,4
-20,77,-1
-16,84,-4
-17,76,5
-21,66,6
-28,59,0
-30,68,0
-26,70,3
-23,67,1
-23,62,1
-23,58,1
-25,48,5
-26,45,11
-31,51,12
-27,51,7
-23,54,11
-22,54,12
-20,54,10
-20,55,8
-22,64,4
-23,69,3
-24,64,1
-24,62,-1
-26,78,-1
-31,79,3
-29,71,3
-23,71,-2
-21,75,-4
-22,73,-4
-22,68,-4
-23,60,-4
-22,58,-4
-19,55,-4
-18,53,-6
-17,52,-6
-16,51,-7
-16,52,-8
-16,53,-7
-17,55,-7
-18,57,-7
-18,60,-7
-19,62,-5
-21,66,1
-22,67,5
-16,80,-5
-13,86,-4
-20,62,7
-23,54,5
-28,58,0
-27,68,1
-24,75,3
-23,67,-1
-25,67,6
-23,60,14
-28,54,4
-29,49,7
-29,48,8
-30,49,9
-26,48,6
-25,53,9
-24,54,9
-23,63,8
-24,67,7
-26,67,-1
-24,66,0
-24,74,-1
-27,83,-1
-32,75,5
-29,63,3
-25,67,-3
-23,74,-4
-24,75,-3
-24,67,-3
-22,66,-3
-20,64,-3
-19,58,-4
-18,56,-6
-16,53,-6
-16,52,-7
-16,51,-7
-16,51,-8
-16,51,-8
-18,55,-6
-18,58,-4
-19,61,2
-21,61,6
-16,74,-2
-14,82,-2
-18,62,5
-22,58,4
-28,72,2
-30,83,6
-29,77,8
-26,70,5
-20,68,8
-25,64,12
-33,49,4
-34,47,4
-26,48,13
-25,50,12
-29,54,12
-28,54,13
-24,57,12
-23,62,10
-22,73,5
-22,72,3
-20,64,2
-20,66,0
-28,88,-1
-30,66,1
-28,58,-3
-22,71,-4
-23,75,-1
-23,68,0
-22,64,-1
-19,62,-1
-17,60,-1
-17,53,-5
-17,50,-6
-16,47,-8
-16,47,-8
-16,49,-5
-16,50,-5
-16,56,-6
-16,60,-6
-16,61,-2
-17,57,4
-22,61,9
-16,81,-3
-14,90,4
-16,68,13
-26,69,4
-33,76,5
-22,71,13
-21,69,9
-28,66,5
-28,53,3
-28,48,0
-26,52,1
-24,55,4
-24,56,1
-24,56,1
-27,53,3
-27,52,4
-28,55,3
-28,59,4
-29,66,5
-28,65,5
-29,84,0
-30,92,1
-33,79,2
-31,73,1
-25,71,0
-23,75,-2
-21,74,-3
-20,70,-5
-19,65,-7
-18,63,-7
-17,60,-8
-15,59,-8
-15,56,-11
-14,55,-12
-14,51,-11
-15,49,-10
-17,50,-8
-16,51,-8
-16,55,-6
-15,60,-3
-16,61,0
-20,61,9
-20,61,9
-13,77,-3
-11,92,-6
-19,72,5
-23,67,5
-36,81,3
-38,83,6
-29,72,3
-24,66,2
-22,63,9
-24,58,10
-29,51,9
-31,50,9
-30,50,11
-29,51,11
-24,50,11
-22,52,10
-22,60,7
-24,66,5
-23,69,3
-22,65,2
-19,66,-1
-23,86,-5
-28,87,-1
-27,66,-1
-24,69,-5
-21,80,-6
-22,78,-5
-24,67,-2
-23,64,0
-19,62,-1
-17,60,-2
-14,54,-2
-14,51,-3
-15,47,-6
-16,46,-6
-16,49,-5
-15,50,-4
-15,53,-4
-14,55,-3
-15,57,-3
-16,60,-3
-19,66,-2
-22,69,-2
-23,86,-5
-21,94,-4
-26,77,3
-29,69,6
-32,75,2
-33,82,1
-27,75,-2
-24,69,-2
-24,64,0
-29,55,1
-30,50,4
-28,47,9
-27,46,11
-17,49,13
-10,50,16
-8,48,15
-7,50,14
-15,64,9
-18,71,8
-21,65,-2
-21,70,-9
-26,94,-5
-33,85,0
-36,65,-10
-31,70,-13
-26,81,-7
-25,77,-3
-22,65,-2
-21,62,-2
-17,59,-2
-15,56,-4
-15,53,-7
-15,51,-9
-15,50,-9
-15,50,-9
-17,52,-8
-17,53,-9
-16,59,-9
-16,63,-6
-17,63,-3
-21,69,3
-19,80,-2
-16,78,2
-19,64,6
-22,61,4
-25,70,2
-26,80,4
-25,77,4
-22,67,0
-27,66,6
-23,54,5
-23,50,3
-27,47,4
-29,45,2
-24,48,5
-23,49,5
-26,49,2
-26,49,2
-27,61,7
-25,69,5
-22,74,2
-22,71,3
-23,67,1
-26,76,-1
-28,82,2
-26,67,-4
-23,73,-6
-14,77,-4
-21,77,-6
-24,67,-5
-24,65,-7
-21,61,-7
-18,60,-7
-15,57,-7
-14,55,-8
-13,51,-10
-13,48,-11
-14,47,-11
-14,46,-12
-16,49,-11
-16,52,-10
-18,61,-8
-20,66,-7
-22,71,-5
-22,79,-9
-19,92,-14
-24,82,-13
-39,67,-1
-40,64,6
-19,79,33
-33,76,10
-26,69,-5
-23,65,-11
-21,59,-12
-16,53,-3
-9,51,4
-2,51,9
-10,51,7
-18,53,2
-17,55,1
-19,52,1
-22,52,3
-28,60,4
-32,59,-1
-26,65,2
-21,79,1
-32,79,-5
-28,69,-3
-15,64,-1
-12,66,-3
-15,73,-3
-20,73,-6
-16,71,-4
-19,69,-2
-21,63,-6
-22,60,-7
-19,58,-6
-18,56,-7
-18,56,-8
-17,56,-9
-16,53,-11
-17,52,-10
-18,51,-10
-17,51,-10
-17,53,-9
-17,56,-8
-18,59,-8
-19,65,-5
-23,69,-5
-21,89,-13
-24,88,-14
-31,77,43
-46,65,22
-42,61,3
-33,64,-4
-12,67,-11
-14,68,-15
-9,64,-16
-6,62,-16
-16,59,0
-7,53,2
-13,54,5
-13,52,2
-18,56,-1
-16,56,3
-18,55,4
-25,56,4
-28,57,6
-32,58,7
-38,58,5
-35,57,3
-32,74,2
-24,74,-8
-24,65,-12
-20,61,-13
-19,57,-13
-20,61,-11
-21,66,-12
-23,69,-9
-23,67,-9
-23,63,-9
-21,60,-9
-19,57,-9
-18,56,-9
-18,54,-9
-19,53,-8
-19,54,-8
-19,56,-7
-19,60,-7
-20,62,-7
-19,65,-7
-19,67,-7
-21,68,-5
-21,66,-4
-20,79,-5
-18,84,-5
-19,66,-3
-22,59,-1
-25,55,0
-25,59,1
-24,68,7
-16,66,3
-19,63,-1
-25,58,-2
-25,55,1
-21,49,2
-21,47,4
-22,48,7
-22,48,7
-22,50,7
-22,51,7
-20,54,5
-21,56,5
-24,62,4
-23,66,3
-25,65,0
-25,62,-1
-26,69,-2
-28,78,-1
-36,84,3
-36,70,4
-29,62,-2
-27,70,-2
-27,76,-3
-26,74,-4
-24,67,-3
-23,66,-2
-20,62,-3
-19,58,-5
-17,55,-6
-18,51,-3
-18,53,-1
-21,54,2
-20,53,3
-19,58,2
-17,61,3
-16,64,5
-17,62,6
-19,63,4
-18,73,0
-17,71,-1
-21,57,0
-25,59,-1
-26,69,-2
-24,74,-2
-25,70,-2
-24,63,0
-25,61,4
-26,53,9
-26,50,11
-25,48,12
-25,49,14
-25,53,16
-25,54,16
-25,55,15
-25,58,14
-27,69,10
-27,69,8
-27,64,7
-27,74,0
-29,89,-2
-33,72,4
-31,65,0
-27,78,-7
-26,80,-6
-25,74,-3
-24,68,-3
-20,63,-4
-17,62,-4
-16,57,-5
-16,55,-7
-14,52,-9
-14,52,-9
-14,50,-8
-16,50,-7
-18,53,-6
-17,54,-8
-16,62,-7
-16,62,-4
-22,64,7
-22,71,5
-13,91,-6
-14,80,2
-22,59,8
-27,75,3
-26,80,4
-23,71,1
-22,64,-3
-24,59,3
-27,55,5
-30,47,5
-29,45,7
-27,50,9
-27,53,9
-27,56,9
-28,59,8
-29,64,5
-30,67,5
-29,69,5
-27,63,4
-26,70,-3
-27,87,-4
-32,85,3
-31,73,-1
-24,79,-7
-21,80,-7
-20,75,-6
-20,69,-6
-20,63,-6
-19,60,-6
-17,56,-4
-15,55,-3
-17,51,-5
-17,51,-6
-19,48,-8
-19,43,-4
-19,43,-3
-18,44,-3
-17,43,-4
-18,47,-2
-20,53,0
-20,80,-5
-20,91,-3
-30,77,5
-31,82,2
-36,95,2
-34,87,4
-22,70,2
-21,68,2
-21,62,3
-23,56,2
-25,47,6
-25,45,8
-24,45,10
-24,47,12
-21,50,13
-20,51,13
-18,58,12
-21,66,9
-26,71,3
-24,62,1
-23,68,-3
-26,74,-2
-33,81,0
-30,73,-8
-28,73,-11
-26,75,-10
-26,74,-7
-24,67,-6
-22,64,-6
-19,59,-6
-18,55,-6
-16,52,-7
-16,51,-8
-16,48,-9
-21,47,-12
-24,49,-7
-17,52,-4
-9,60,-3
-10,60,-2
-17,64,5
-20,67,8
-17,86,-2
-18,81,4
-24,62,12
-24,63,9
-25,72,6
-24,72,6
-22,65,3
-21,65,5
-23,60,9
-24,52,9
-25,50,11
-21,51,11
-22,52,9
-23,53,10
-22,55,10
-21,56,10
-22,57,8
-23,63,5
-23,65,5
-22,59,3
-22,55,2
-22,71,-4
-24,87,-4
-34,77,3
-34,71,0
-25,74,-9
-22,75,-7
-24,68,-1
-25,64,0
-23,60,-2
-21,59,-3
-16,57,-4
-16,56,-4
-16,52,-6
-16,51,-7
-16,49,-6
-18,49,-5
-18,53,-5
-18,63,-4
-18,64,-2
-21,67,4
-23,70,8
-14,87,-4
-12,90,-7
-20,62,7
-23,56,8
-25,63,-2
-25,65,-1
-22,65,0
-22,62,-2
-24,64,-1
-26,63,1
-28,57,2
-28,56,4
-27,56,7
-27,57,9
-26,56,11
-25,55,12
-24,55,13
-23,55,12
-24,61,11
-23,66,9
-22,67,4
-22,73,0
-23,88,-2
-26,85,0
-26,65,-3
-24,63,-7
-21,71,-7
-21,67,-3
-20,64,-3
-18,61,-4
-17,59,-4
-16,54,-5
-15,52,-7
-15,49,-7
-15,47,-6
-17,46,-4
-18,46,-3
-18,52,-1
-18,57,-1
-17,65,2
-19,68,5
-17,92,-5
-16,92,-3
-26,60,8
-27,59,5
-25,75,-2
-23,78,-1
-24,67,-1
-25,63,0
-26,62,6
-27,53,11
-25,50,12
-20,50,12
-17,52,12
-20,52,9
-21,51,9
-22,52,9
-22,55,8
-23,68,3
-24,74,2
-23,67,1
-22,67,-1
-24,80,-3
-27,82,0
-30,68,2
-26,63,-2
-23,70,-8
-23,74,-6
-25,68,-1
-23,62,-1
-20,59,-4
-18,57,-4
-17,54,-5
-18,53,-6
-19,55,-6
-18,57,-3
-16,55,-2
-15,55,-1
-13,55,-1
-13,56,-2
-15,60,-2
-16,61,0
-19,73,-1
-16,87,-3
-19,76,0
-26,59,4
-28,61,3
-25,75,3
-22,76,4
-19,64,4
-20,62,4
-23,55,8
-24,51,10
-23,46,13
-23,47,14
-22,54,17
-21,56,17
-18,56,16
-17,56,14
-18,58,11
-19,60,10
-22,64,9
-22,62,6
-23,60,-2
-24,71,-3
-34,84,6
-35,73,5
-28,65,-5
-23,74,-6
-25,79,2
-26,74,3
-23,66,1
-18,65,0
-16,63,-1
-15,57,-4
-15,54,-5
-15,50,-5
-15,49,-5
-16,48,-6
-16,50,-5
-15,55,-6
-15,58,-6
-16,67,-2
-18,73,-1
-17,97,-3
-19,85,5
-25,63,12
-23,58,10
-21,70,6
-18,77,7
-17,72,5
-18,68,5
-21,59,8
-24,54,7
-23,46,8
-21,45,10
-18,46,11
-19,48,9
-22,51,9
-24,53,9
-24,54,9
-25,64,10
-25,70,9
-23,63,5
-22,63,0
-28,101,0
-31,96,7
-31,60,1
-27,65,-3
-26,80,0
-26,76,2
-26,67,6
-24,67,5
-19,67,4
-16,65,4
-13,59,2
-13,56,1
-14,51,-1
-14,50,-2
-14,45,-1
-14,44,-2
-13,49,-2
-14,52,-1
-15,58,-1
-17,60,0
-21,62,6
-20,65,6
-13,87,-6
-17,80,-9
-22,71,-4
-34,73,-2
-36,79,-4
-29,76,-7
-24,71,-5
-21,63,5
-22,58,7
-26,48,6
-26,48,8
-26,49,12
-26,51,13
-25,57,14
-26,59,15
-26,59,16
-25,58,16
-24,64,12
-24,66,12
-23,64,8
-21,61,5
-21,67,-2
-24,82,-4
-33,74,5
-32,57,5
-24,64,-2
-25,74,-3
-25,76,4
-25,72,4
-21,69,4
-18,67,4
-13,61,0
-14,61,-3
-15,60,-4
-17,54,-5
-17,52,-6
-17,49,-5
-16,50,-5
-15,55,-3
-14,58,-3
-15,62,-3
-16,63,-1
-18,64,2
-17,69,-3
-16,74,-5
-18,64,-2
-25,57,-1
-27,64,-4
-27,82,-4
-27,85,-3
-28,74,-3
-28,71,-1
-30,65,0
-29,59,2
-27,51,8
-27,51,10
-27,52,11
-27,53,11
-27,54,11
-25,59,12
-24,60,11
-26,68,5
-27,72,4
-24,63,4
-22,59,2
-23,68,-2
-27,79,-2
-32,74,0
-32,70,-4
-26,80,-6
-25,82,-6
-22,79,-6
-21,75,-7
-20,67,-7
-20,65,-7
-17,59,-7
-16,56,-8
-13,51,-9
-12,49,-9
-12,47,-9
-13,46,-8
-13,47,-10
-13,49,-12
-13,55,-8
-14,58,-6
-15,75,-5
-15,86,-5
-19,83,2
-26,72,3
-27,74,4
-30,84,4
-25,82,1
-35,77,20
-23,69,20
-27,54,-4
-31,51,1
-28,43,-10
-23,43,-6
-20,48,2
-23,51,4
-26,56,2
-27,58,1
-26,63,3
-25,66,3
-25,67,1
-25,71,-2
-30,94,0
-31,82,1
-26,68,-4
-24,75,-3
-24,81,0
-26,77,-2
-26,68,-3
-25,66,-4
-19,60,-5
-17,57,-5
-17,52,-9
-16,51,-10
-15,51,-11
-15,53,-13
-15,55,-13
-15,56,-14
-16,58,-17
-15,57,-19
-17,56,-17
-19,63,-5
-20,68,-1
-15,78,-5
-15,72,4
-15,66,21
-12,73,16
-10,80,15
-15,79,20
-29,70,20
-34,64,14
-39,55,3
-38,52,-1
-35,51,-2
-31,51,-1
-26,51,-2
-26,52,-4
-26,56,-4
-27,56,-4
-27,65,-5
-29,67,-3
-29,62,-3
-31,69,-8
-32,78,-8
-32,73,-4
-32,64,-5
-31,75,-8
-27,79,-8
-26,77,-9
-26,73,-9
-23,69,-5
-20,66,-4
-19,61,-5
-17,59,-6
-15,58,-6
-14,57,-8
-12,51,-9
-11,51,-8
-12,48,-6
-14,47,-7
-14,50,-5
-13,52,-4
-16,59,2
-18,66,3
-17,85,0
-19,79,2
-26,68,1
-30,86,-2
-32,89,-1
-31,86,0
-25,69,2
-26,68,10
-25,62,10
-25,50,4
-25,46,3
-28,46,4
-27,49,5
-26,54,4
-26,56,4
-26,58,2
-27,62,1
-28,72,-2
-28,71,-2
-26,66,-4
-27,72,-6
-31,80,-4
-32,69,-3
-32,64,-7
-30,72,-7
-28,77,-5
-28,74,-4
-25,70,-4
-22,69,-5
-20,66,-6
-20,64,-8
-18,61,-10
-17,60,-11
-14,57,-12
-14,54,-9
-14,53,-8
-14,52,-10
-15,53,-10
-15,58,-6
-16,56,-1
-20,62,5
-16,71,-2
-13,72,5
-15,63,10
-20,69,7
-21,76,7
-25,81,6
-25,79,5
-25,74,2
-27,71,4
-27,61,8
-27,56,7
-28,54,6
-29,54,5
-33,58,3
-34,59,3
-33,58,4
-32,58,4
-30,63,1
-30,68,-2
-29,79,-7
-31,93,-7
-33,77,5
-29,69,-2
-27,78,-4
-23,82,-1
-22,79,0
-21,73,-2
-20,71,-3
-17,66,-4
-17,63,-5
-16,55,-5
-17,51,-1
-23,54,-1
-25,57,-2
-24,50,-7
-22,48,-7
-18,45,-3
-18,47,-3
-20,52,-3
-23,52,-2
-26,61,1
-24,68,1
-19,70,7
-22,68,11
-23,71,9
-23,78,5
-24,81,5
-25,75,6
-26,65,8
-25,61,10
-27,54,14
-27,52,16
-27,53,15
-27,58,15
-28,60,15
-29,59,14
-28,59,12
-27,62,8
-27,65,6
-26,67,6
-26,61,5
-26,72,-1
-28,86,-1
-33,77,3
-32,74,0
-23,84,-5
-20,84,-6
-20,74,-2
-20,68,-2
-20,62,-3
-18,59,-4
-15,54,-5
-15,52,-6
-14,48,-6
-13,48,-6
-15,47,-5
-15,47,-5
-17,50,-7
-16,56,-5
-16,59,-2
-20,74,2
-18,88,-4
-18,81,4
-23,71,8
-26,66,7
-27,73,6
-25,83,5
-22,76,3
-21,64,2
-23,61,3
-26,57,1
-24,52,-1
-22,52,-1
-21,52,1
-21,49,2
-23,48,4
-27,48,8
-27,48,7
-25,57,8
-25,64,8
-26,68,3
-28,80,-2
-36,94,2
-35,79,-1
-30,72,-8
-27,80,-7
-26,78,-7
-25,70,-8
-24,66,-8
-21,61,-6
-20,58,-8
-19,53,-11
-17,52,-11
-16,54,-14
-15,55,-15
-17,57,-16
-19,58,-17
-19,60,-16
-17,61,-16
-15,65,-11
-15,67,-6
-15,84,-6
-12,86,-3
-19,59,12
-21,60,13
-18,76,9
-15,80,9
-15,71,8
-15,66,7
-19,58,7
-22,54,8
-34,51,14
-25,49,14
-27,52,2
-31,55,3
-30,58,6
-28,59,7
-25,67,5
-28,79,1
-29,74,2
-29,61,1
-29,69,-4
-33,87,-1
-34,74,1
-30,79,-6
-27,85,-6
-25,86,-3
-24,80,-2
-21,70,-3
-19,67,-3
-16,61,-3
-15,58,-5
-15,52,-8
-13,49,-9
-10,44,-11
-12,44,-11
-15,50,-8
-15,52,-8
-15,57,-7
-16,61,-3
-20,69,4
-17,81,-1
-16,80,5
-20,73,12
-24,79,10
-22,84,9
-20,79,8
-16,61,4
-26,57,16
-24,59,31
-23,52,23
-25,44,13
-26,45,13
-26,48,10
-26,49,8
-28,57,10
-31,61,10
-32,68,8
-31,71,8
-31,65,8
-31,72,5
-30,86,4
-32,73,6
-30,70,0
-27,75,-2
-28,72,0
-29,66,1
-25,66,2
-21,65,1
-19,61,2
-19,61,4
-17,61,3
-17,60,0
-17,55,0
-19,51,-2
-20,50,-2
-19,55,-3
-17,54,-2
-19,57,0
-19,59,0
-19,70,1
-17,79,1
-18,67,9
-22,60,13
-23,66,12
-20,72,10
-16,76,9
-16,74,7
-18,68,8
-20,66,9
-24,56,10
-25,51,9
-24,48,8
-24,50,9
-23,52,10
-24,52,9
-26,54,10
-27,55,10
-29,70,4
-31,76,3
-33,64,3
-32,69,-2
-38,91,3
-33,87,-1
-27,87,-3
-18,82,-4
-21,79,-5
-30,71,-7
-30,68,-7
-25,62,-5
-27,61,-6
-32,66,-9
-35,71,-11
-29,71,-11
-23,66,-7
-14,45,-2
-12,34,0
-13,22,0
-20,23,-2
-30,34,2
-32,40,6
-41,62,5
-36,78,9
-39,63,3
-36,59,13
-31,72,23
-26,78,20
-17,75,4
-14,68,-3
-22,66,-5
-33,60,0
-29,60,-6
-41,55,-21
-44,58,-20
-46,61,-10
-42,58,-8
-30,56,3
-27,58,5
-22,65,6
-24,67,4
-29,65,0
-30,68,-1
-39,94,5
-38,85,6
-28,73,-6
-25,83,-7
-23,91,-4
-22,90,-1
-21,86,-4
-18,82,-7
-17,69,-11
-17,67,-12
-15,59,-13
-15,55,-13
-16,46,-13
-17,45,-13
-18,40,-14
-19,41,-13
-17,46,-11
-17,49,-11
-20,55,-4
-33,60,8
-29,67,4
-16,78,0
-13,68,4
-19,70,6
-23,82,3
-31,90,-1
-32,85,-4
-28,74,-6
-27,71,-3
-30,64,1
-30,61,4
-28,55,6
-30,55,8
-31,56,13
-31,54,14
-30,52,15
-29,56,14
-30,72,10
-28,77,9
-23,70,5
-21,66,3
-26,71,2
-31,79,1
-37,81,-2
-32,76,-6
-24,86,-9
-21,88,-7
-18,82,-4
-18,69,-8
-20,67,-8
-20,62,-8
-18,59,-10
-16,51,-12
-17,50,-13
-17,46,-12
-18,44,-12
-17,43,-9
-17,45,-8
-15,52,-8
-16,54,-4
-23,58,5
-20,67,-1
-11,84,-7
-13,74,-4
-22,70,4
-26,77,2
-29,84,-2
-28,82,-4
-25,79,-1
-22,76,3
-35,66,2
-41,59,1
-33,53,14
-32,54,13
-30,56,13
-29,59,14
-29,60,13
-31,65,9
-31,68,6
-30,70,3
-27,67,1
-29,91,-3
-32,94,2
-25,77,-6
-24,84,-10
-21,89,-10
-21,86,-9
-22,72,-8
-22,67,-7
-21,67,-7
-19,67,-9
-15,60,-11
-14,56,-14
-12,51,-14
-11,49,-14
-13,45,-13
-13,43,-12
-13,43,-12
-12,41,-10
-16,45,-6
-19,50,1
-21,71,1
-15,85,-3
-17,79,5
-22,89,9
-25,96,7
-27,93,8
-26,83,5
-23,70,6
-20,66,8
-23,58,16
-36,50,3
-31,45,8
-27,46,11
-30,54,13
-29,58,14
-24,56,10
-23,56,7
-27,66,7
-27,68,6
-25,65,-4
-26,80,-5
-33,89,3
-32,77,-1
-26,77,-10
-24,80,-9
-22,76,-5
-22,72,-4
-22,66,-6
-24,65,-6
-22,64,-7
-16,63,-8
-12,60,-13
-13,56,-13
-14,51,-7
-18,48,-9
-15,48,-7
-19,47,3
-19,47,6
-15,50,6
-15,54,11
-10,73,5
-8,87,1
-18,65,9
-22,65,8
-27,81,-3
-27,87,-2
-27,82,-3
-24,77,-4
-23,70,-4
-25,66,-1
-26,58,4
-25,55,5
-28,54,10
-28,53,12
-26,51,12
-28,52,13
-31,58,14
-31,62,14
-28,71,11
-25,71,9
-23,65,8
-22,64,3
-25,73,1
-34,87,4
-32,76,2
-26,84,-7
-22,88,-7
-18,83,-5
-18,77,-5
-20,68,-5
-19,65,-6
-17,59,-7
-15,55,-7
-12,50,-7
-12,48,-8
-14,44,-8
-15,43,-7
-15,43,-4
-15,45,-4
-15,51,-2
-16,54,1
-19,62,6
-16,74,-1
-13,92,-2
-19,81,2
-28,79,8
-29,83,6
-27,85,5
-24,77,2
-20,70,-1
-21,64,1
-23,58,2
-27,48,2
-27,46,3
-26,48,6
-26,50,7
-25,52,9
-24,53,9
-24,61,5
-25,68,6
-25,71,4
-25,67,1
-25,64,-1
-28,78,-1
-32,79,4
-29,66,0
-23,69,-7
-24,78,-5
-26,78,-1
-26,73,-3
-21,66,-4
-17,63,-3
-17,60,-4
-16,58,-6
-16,55,-9
-16,54,-10
-14,54,-12
-15,55,-12
-16,58,-11
-16,61,-12
-16,64,-11
-16,63,-5
-17,64,-2
-14,83,-5
-13,79,0
-18,61,8
-20,59,8
-23,69,9
-24,75,11
-20,73,10
-18,69,8
-20,61,11
-26,58,15
-24,49,14
-25,49,8
-28,50,3
-26,51,4
-21,51,6
-21,52,8
-25,54,6
-26,60,4
-26,65,2
-25,63,-1
-30,100,-3
-34,100,4
-34,72,-4
-25,82,-5
-25,81,-2
-26,75,2
-25,72,1
-19,66,-1
-16,64,-1
-13,57,-2
-13,53,-3
-14,48,-5
-13,47,-5
-13,46,-6
-15,48,-7
-15,53,-6
-14,57,-6
-15,64,-4
-16,64,-1
-17,81,-5
-16,91,-4
-19,70,2
-21,69,3
-26,76,4
-28,80,6
-26,75,6
-24,68,3
-23,63,7
-23,57,9
-24,49,9
-26,49,11
-27,49,11
-26,53,11
-26,57,12
-23,56,10
-22,56,8
-24,61,9
-24,63,9
-22,61,8
-21,61,3
-28,92,5
-29,90,8
-28,66,1
-26,65,-1
-23,75,1
-22,76,0
-23,71,0
-23,68,-1
-18,63,-3
-17,61,-4
-16,59,-6
-16,56,-7
-14,52,-7
-15,51,-7
-17,50,-7
-16,49,-7
-15,51,-6
-15,52,-5
-16,55,-3
-17,60,0
-21,67,4
-18,80,-8
-15,98,-4
-25,73,7
-28,70,4
-31,81,-1
-27,81,-1
-21,67,-3
-20,65,-1
-23,57,2
-26,51,3
-24,44,5
-24,45,6
-22,48,7
-21,49,7
-21,51,8
-21,52,8
-23,55,8
-23,58,7
-24,66,6
-23,63,5
-24,59,2
-24,68,-1
-34,95,8
-34,73,9
-30,73,-2
-26,83,-1
-27,81,3
-27,76,3
-22,68,1
-17,62,2
-16,57,2
-16,51,-3
-16,50,-4
-15,48,-5
-15,47,-4
-16,46,-5
-19,48,-7
-21,56,-9
-22,60,-7
-19,64,-5
-18,79,-8
-21,70,3
-28,65,8
-36,73,10
-38,74,6
-31,77,8
-25,75,10
-26,68,10
-28,63,8
-28,49,7
-25,44,7
-20,43,8
-19,42,8
-21,42,5
-21,41,4
-22,41,4
-22,41,4
-26,50,7
-27,81,-2
-30,111,-6
-37,84,-2
-37,69,-3
-33,76,-3
-32,75,-3
-31,74,-2
-30,71,0
-23,68,-1
-21,64,-1
-19,58,-3
-20,55,-4
-19,53,-5
-18,52,-4
-15,52,-2
-16,52,-3
-15,54,-3
-16,55,-3
-16,59,-1
-16,61,-1
-18,66,3
-18,78,0
-17,84,4
-19,64,7
-23,60,5
-25,67,5
-23,75,8
-19,68,6
-19,65,5
-21,56,7
-22,50,6
-25,43,7
-24,43,8
-22,48,9
-22,52,9
-24,56,11
-25,56,10
-26,60,8
-26,62,8
-27,69,8
-27,68,8
-26,60,7
-26,57,7
-26,71,3
-29,86,6
-34,71,5
-34,68,1
-28,77,0
-25,78,1
-23,72,2
-22,68,-1
-20,65,-4
-19,63,-4
-16,59,-5
-16,56,-6
-16,52,-7
-15,50,-6
-15,50,-6
-15,51,-5
-15,51,-5
-15,56,-3
-16,58,-2
-15,76,-4
-16,87,-2
-22,63,8
-26,61,9
-26,75,7
-26,82,7
-18,79,5
-18,73,3
-21,66,10
-24,60,11
-27,48,7
-26,48,9
-24,48,10
-22,47,10
-25,48,9
-26,49,9
-26,53,8
-27,60,7
-27,71,3
-27,77,-2
-31,102,2
-33,75,-2
-31,75,-6
-26,77,-5
-23,75,-5
-23,70,-5
-23,67,-4
-19,62,-5
-17,60,-4
-15,55,-7
-15,54,-8
-14,51,-10
-14,50,-10
-15,48,-10
-15,49,-10
-16,52,-11
-16,55,-10
-16,58,-7
-17,60,-3
-21,83,1
-18,90,0
-20,66,9
-20,64,10
-24,81,10
-25,84,12
-20,71,10
-18,62,5
-18,54,6
-19,51,9
-24,45,7
-26,44,5
-27,48,7
-27,52,8
-26,57,9
-23,60,8
-23,64,6
-26,68,2
-26,69,1
-28,89,-4
-30,94,-1
-29,69,-2
-27,62,-7
-24,71,-6
-23,73,-5
-26,69,-3
-25,66,-3
-21,61,-3
-18,59,-3
-14,53,-3
-14,51,-5
-16,47,-7
-16,45,-6
-16,46,-5
-16,46,-6
-15,52,-7
-16,61,-7
-17,66,-6
-19,68,-3
-24,74,3
-18,102,-4
-18,88,3
-21,60,7
-26,68,8
-28,79,6
-23,79,2
-17,62,-2
-16,58,1
-22,48,2
-22,45,3
-28,42,5
-25,42,6
-21,46,7
-23,49,7
-23,52,10
-21,54,9
-21,64,4
-21,70,3
-23,67,1
-25,63,-3
-23,84,0
-27,86,2
-33,71,-1
-33,69,-4
-29,74,-3
-28,74,-2
-26,69,-3
-25,67,-3
-21,62,-2
-20,59,-2
-18,53,-5
-17,50,-7
-17,49,-8
-15,50,-9
-15,50,-8
-17,54,-9
-17,58,-8
-17,65,-8
-16,68,-7
-19,69,0
-20,74,2
-15,82,-1
-15,68,2
-21,61,3
-26,68,4
-31,75,12
-29,73,12
-20,62,5
-16,58,5
-13,52,24
-25,47,13
-28,43,5
-31,46,0
-27,52,5
-26,55,7
-24,59,9
-22,61,9
-24,69,10
-24,70,11
-23,60,6
-24,82,1
-27,90,5
-28,62,0
-28,62,-4
-25,80,-7
-24,83,-8
-23,73,-8
-23,69,-7
-22,62,-6
-21,60,-6
-18,55,-6
-18,52,-6
-15,50,-6
-15,50,-5
-14,50,-3
-15,50,-3
-16,50,-4
-16,52,-4
-17,57,-3
-18,61,-2
-21,62,5
-21,65,6
-14,89,-3
-15,91,-1
-23,76,4
-28,75,6
-37,81,6
-33,82,5
-18,68,3
-16,57,4
-18,52,4
-23,42,3
-24,39,3
-24,42,5
-23,44,6
-23,49,8
-23,51,10
-19,58,13
-18,62,13
-25,69,8
-25,68,5
-21,59,5
-20,56,4
-24,81,0
-28,89,3
-33,64,-1
-32,67,-5
-28,81,-2
-28,81,-1
-24,71,-2
-23,67,-3
-20,63,-2
-19,61,-2
-16,57,-4
-16,54,-6
-15,52,-7
-14,49,-8
-14,46,-7
-15,45,-5
-16,48,-7
-16,55,-5
-18,59,-1
-22,75,3
-17,95,-5
-17,77,4
-23,70,8
-29,79,7
-28,79,5
-22,69,-2
-20,63,-5
-19,59,-2
-23,56,0
-26,49,0
-26,45,-1
-24,45,2
-24,47,3
-25,50,6
-26,54,7
-26,61,6
-25,64,4
-25,69,4
-26,69,3
-27,62,1
-26,68,-3
-30,84,3
-29,71,1
-26,64,-6
-23,76,-2
-22,79,-2
-24,72,-5
-24,68,-6
-20,65,-5
-18,63,-5
-17,60,-9
-17,59,-10
-16,57,-12
-15,55,-12
-15,51,-13
-15,49,-14
-15,50,-13
-16,53,-11
-17,60,-7
-19,63,-4
-22,65,5
-18,73,0
-12,88,-1
-13,81,5
-19,72,5
-22,69,4
-28,71,7
-26,71,9
-21,68,8
-19,64,10
-20,56,18
-18,50,16
-20,43,7
-25,42,1
-25,42,1
-20,45,3
-20,48,3
-20,55,2
-22,59,3
-24,69,4
-23,70,2
-24,65,2
-26,73,1
-33,99,7
-34,77,8
-29,64,1
-28,74,2
-27,79,6
-24,75,6
-19,69,4
-18,67,3
-17,62,0
-16,60,-1
-15,56,-2
-14,55,-2
-14,51,-1
-14,50,0
-13,49,-3
-13,48,-3
-13,51,-2
-13,54,0
-14,58,1
-17,65,-1
-17,80,-3
-20,90,-2
-25,81,-1
-30,79,1
-31,84,0
-26,81,-6
-21,75,-7
-21,66,-5
-22,62,-6
-24,50,-7
-23,44,-6
-24,39,-1
-23,40,1
-22,48,0
-18,55,7
7,70,37
-17,68,21
-34,63,7
-33,67,4
-24,66,0
-27,64,-2
-17,62,-1
-18,73,-1
-31,83,3
-32,75,2
-26,71,-4
-24,78,-6
-25,78,-5
-23,71,-6
-22,67,-6
-18,61,-6
-18,59,-6
-16,54,-7
-15,52,-8
-14,50,-9
-13,48,-10
-13,47,-10
-14,48,-10
-16,53,-11
-16,56,-11
-17,66,-8
-17,70,-5
-19,87,-4
-16,91,-4
-19,64,4
-22,61,5
-27,78,7
-25,84,10
-21,75,7
-24,67,5
-25,60,4
-25,56,3
-23,49,4
-27,47,3
-25,45,3
-24,47,6
-25,50,4
-23,52,7
-23,53,7
-25,62,4
-27,65,3
-28,63,1
-28,68,-3
-31,83,3
-34,75,4
-30,74,-4
-25,79,-6
-23,77,-6
-24,73,-6
-25,65,-4
-23,64,-4
-19,61,-4
-17,59,-5
-16,53,-6
-15,52,-6
-13,49,-9
-13,48,-9
-14,48,-9
-15,53,-7
-16,55,-7
-16,57,-7
-19,62,0
-22,73,5
-17,85,-1
-13,86,-1
-18,67,0
-29,67,4
-32,74,4
-26,76,0
-21,68,-3
-17,63,-2
-17,61,1
-23,52,-2
-28,47,-2
-29,43,5
-25,44,7
-26,50,8
-27,52,9
-23,54,9
-19,56,9
-21,66,7
-24,70,6
-25,65,2
-24,76,-1
-33,93,5
-33,79,4
-27,73,-2
-24,77,-2
-23,73,-2
-23,68,-3
-22,61,-5
-21,58,-5
-17,55,-5
-14,52,-7
-14,51,-7
-16,52,-7
-16,53,-8
-16,57,-8
-17,58,-7
-18,59,-4
-17,61,-3
-18,65,-1
-19,65,3
-18,65,2
-14,79,-2
-9,86,9
-13,63,7
-20,56,1
-26,67,5
-26,72,8
-23,66,7
-18,58,1
-20,57,2
-24,53,2
-27,52,4
-30,52,7
-31,53,10
-28,58,11
-27,58,11
-22,55,11
-21,55,9
-24,62,7
-25,65,5
-25,65,1
-31,94,2
-31,91,4
-30,73,-1
-26,74,-2
-23,76,-4
-23,74,-3
-23,65,-4
-21,62,-4
-17,60,-4
-16,58,-5
-16,54,-8
-15,53,-9
-14,51,-11
-14,51,-11
-16,53,-11
-17,54,-9
-17,56,-10
-16,59,-11
-17,67,-6
-17,70,-3
-17,89,-4
-15,96,-3
-19,67,11
-20,58,12
-21,64,10
-18,76,11
-16,71,10
-13,60,6
-22,58,9
-27,49,10
-24,45,6
-25,43,-5
-26,46,-6
-24,52,-3
-24,55,-3
-28,64,-2
-29,66,-2
-31,68,-4
-33,68,-3
-33,64,2
-32,61,0
-35,99,1
-37,88,8
-35,65,1
-34,77,0
-31,85,3
-27,82,3
-21,78,1
-17,77,-2
-14,73,-3
-15,69,-5
-15,62,-9
-14,60,-10
-13,55,-14
-14,49,-14
-13,47,-13
-15,46,-13
-14,48,-13
-15,53,-12
-15,55,-9
-20,58,2
-22,66,3
-14,80,-2
-14,66,3
-17,73,2
-21,81,4
-33,85,14
-36,83,18
-18,71,12
-36,78,35
-37,56,8
-39,53,-4
-37,49,-3
-35,51,-4
-24,56,2
-21,56,5
-22,58,7
-23,58,6
-25,56,5
-25,57,5
-24,61,4
-23,61,3
-26,91,-3
-28,79,2
-29,70,-3
-25,77,-9
-23,78,-10
-22,71,-9
-22,65,-10
-24,58,-9
-23,55,-8
-19,53,-10
-18,54,-11
-13,54,-11
-12,54,-11
-12,53,-10
-14,51,-11
-18,51,-11
-19,54,-10
-18,59,-9
-19,60,-8
-21,69,-6
-21,82,-9
-20,77,-5
-25,64,1
-29,65,4
-29,68,0
-24,76,-2
-23,75,-2
-24,70,-1
-21,68,3
-28,61,10
-35,55,6
-27,51,13
-19,53,15
-18,52,9
-17,53,4
-19,53,2
-17,52,2
-17,53,2
-20,61,-1
-22,64,-5
-20,68,-8
-21,82,-9
-29,84,-4
-32,71,-4
-28,70,-9
-25,74,-8
-25,74,-4
-24,69,-2
-21,60,-2
-19,58,-2
-15,55,-3
-15,54,-4
-15,52,-6
-14,51,-7
-15,51,-9
-16,51,-9
-17,51,-9
-18,53,-9
-18,59,-8
-20,63,-4
-20,74,-6
-17,89,-6
-22,76,1
-29,60,10
-25,58,5
-20,72,1
-17,75,5
-20,66,4
-23,64,6
-26,62,6
-26,59,3
-28,53,-1
-26,49,-3
-30,48,2
-28,49,6
-24,50,7
-22,49,7
-27,53,4
-26,59,3
-31,68,0
-30,68,-6
-27,83,-4
-25,81,1
-24,67,-2
-26,66,-4
-26,67,-5
-27,67,-4
-27,67,-3
-23,64,-5
-22,64,-6
-19,64,-6
-19,62,-6
-18,59,-9
-18,57,-10
-17,53,-11
-17,52,-12
-18,52,-11
-18,52,-11
-18,53,-10
-18,54,-9
-19,60,-7
-20,64,-5
-23,67,2
-22,70,0
-15,91,-6
-15,86,-1
-24,58,1
-29,47,0
-30,54,2
-25,64,9
-16,74,16
-19,79,29
-32,64,-1
-36,61,-4
-24,60,6
-21,60,6
-20,58,-1
-25,58,-12
-28,55,-21
-39,59,-25
-21,55,-19
8,56,20
0,54,13
-26,57,-8
-34,59,-10
-35,57,-9
-34,55,-6
-31,53,2
-28,52,1
-26,54,-7
-28,66,-4
-35,74,-7
-32,70,-12
-16,62,-13
-15,65,-13
-7,72,-16
-7,72,-18
-11,65,-20
-14,64,-20
-12,63,-14
-11,53,-10
-12,46,-12
-14,41,-20
-6,51,-11
-18,57,-13
-20,61,-18
-15,73,-13
-21,72,-11
-17,69,-11
-17,68,-14
-13,65,-12
-14,63,-12
-20,59,-12
-18,58,-11
-15,62,-11
-15,65,-13
-10,80,-28
-13,80,-27
-23,49,-18
-22,50,-14
-3,71,4
4,76,10
-7,69,1
-15,65,-6
-21,64,-5
-19,62,0
-19,57,3
-21,56,3
-24,56,0
-23,56,-2
-20,56,-3
-19,55,-3
-18,52,-3
-19,52,-3
-23,57,-4
-25,60,-5
-24,59,-4
-23,61,-4
-24,70,-3
-28,89,4
-23,76,2
-17,57,-4
-17,63,-7
-16,79,-7
-18,78,-5
-27,68,-7
-28,65,-10
-23,61,-10
-21,61,-9
-15,60,-9
-14,60,-8
-14,58,-10
-15,57,-11
-16,55,-10
-16,55,-10
-16,54,-8
-16,53,-8
-16,53,-7
-17,56,-5
-20,60,-2
-21,65,-4
-20,70,-6
-21,89,-8
-22,85,-6
-30,62,-1
-34,63,-1
-32,68,-1
-29,69,-2
-25,68,1
-24,67,1
-27,64,-2
-27,62,-1
-28,57,-3
-27,56,-4
-17,59,3
20,64,25
41,69,26
-3,61,1
-29,69,1
-21,69,3
-17,60,0
-21,59,1
-24,60,4
-24,59,3
-22,59,4
-22,62,3
-22,77,3
-22,76,4
-21,70,-2
-19,69,-5
-7,65,-2
-5,66,-1
-13,67,-2
-25,63,-5
-27,60,-9
-23,54,-11
-20,54,-11
-19,56,-11
-19,57,-11
-19,59,-12
-18,59,-12
-16,60,-11
-16,59,-10
-19,61,-9
-19,61,-9
-19,64,-7
-19,65,-4
-19,78,1
-16,87,1
-14,69,13
-12,55,13
-14,48,2
-19,53,-1
-26,70,-7
-29,75,-7
-32,68,-7
-28,63,-6
-30,57,-6
-26,55,-7
-22,54,-4
-21,54,-4
-21,52,-3
-20,54,9
-21,53,11
-24,54,9
-30,56,7
-33,61,2
-35,64,-1
-27,61,-1
-22,67,-4
-28,98,8
-28,82,5
-25,68,-5
-22,71,-5
-22,70,-6
-24,67,-7
-26,64,-8
-25,62,-7
-19,56,-6
-18,52,-8
-17,50,-10
-17,52,-11
-14,57,-13
-14,57,-11
-18,55,-8
-19,56,-7
-19,59,-8
-18,61,-6
-18,61,-3
-19,63,-3
-20,63,-2
-21,73,-1
-22,84,-2
-22,88,-2
-22,79,5
-18,52,11
-13,45,8
-14,58,20
-24,66,21
-20,65,12
-25,62,-1
-28,58,-12
-28,56,-13
-25,55,-7
-23,56,-3
-23,57,-1
-25,57,1
-23,51,6
-19,52,7
-16,54,8
-19,59,15
-33,68,11
-32,68,9
-31,62,0
-26,67,-1
-18,95,7
-22,96,6
-22,71,-4
-14,64,-8
-5,65,-4
-11,64,-2
-16,62,-2
-27,58,-8
-26,56,-10
-21,56,-11
-20,56,-12
-18,57,-14
-18,57,-13
-18,57,-10
-17,56,-11
-19,57,-10
-20,59,-8
-21,60,-6
-21,62,-6
-21,64,-1
-23,64,4
-19,69,4
-15,76,0
-14,80,3
-16,68,6
-24,52,3
-29,55,1
-28,67,3
-25,70,1
-22,66,-3
-21,63,-2
-23,55,-1
-27,52,-1
-27,52,0
-23,57,5
-21,61,7
-20,62,9
-20,61,11
-15,58,11
-15,56,10
-18,58,7
-22,59,6
-22,59,3
-21,61,2
-25,79,1
-27,83,2
-29,74,-1
-26,69,-5
-24,62,-8
-24,65,-6
-25,68,-6
-24,66,-7
-21,63,-6
-20,63,-4
-17,61,-3
-17,59,-5
-18,55,-9
-18,53,-10
-16,50,-9
-16,50,-8
-17,52,-7
-17,54,-7
-17,63,-5
-17,70,-2
-19,69,2
-17,79,4
-13,86,3
-13,68,7
-19,54,6
-26,49,3
-27,60,3
-18,77,3
-16,74,-1
-23,68,-5
-25,66,-4
-26,58,-4
-25,52,-3
-22,52,9
-30,51,-2
-23,50,3
-24,51,3
-25,54,5
-25,58,5
-25,64,5
-25,65,5
-27,66,4
-28,66,4
-27,70,0
-27,75,1
-29,68,1
-30,65,0
-28,65,0
-26,71,-4
-25,73,-6
-25,71,-8
-25,69,-8
-24,64,-6
-21,62,-6
-18,59,-6
-18,59,-7
-18,59,-8
-17,59,-9
-16,58,-10
-15,57,-10
-15,58,-10
-15,58,-11
-17,55,-11
-18,55,-9
-19,55,-3
-21,57,1
-17,70,-3
-12,79,-4
-15,65,0
-26,61,1
-31,70,2
-33,79,4
-27,79,3
-25,74,3
-24,67,4
-24,56,2
-26,53,4
-25,51,6
-25,51,6
-27,55,7
-27,55,8
-23,54,9
-21,54,9
-19,57,7
-21,59,5
-23,62,2
-23,63,-1
-26,86,-2
-30,91,0
-31,62,-5
-29,62,-7
-25,75,-6
-25,75,-5
-25,67,-8
-23,64,-8
-20,59,-4
-19,56,-4
-17,54,-8
-16,54,-7
-15,55,-7
-15,55,-7
-16,54,-7
-17,54,-8
-18,57,-8
-18,61,-6
-18,61,-5
-19,61,4
-20,62,3
-15,82,-4
-14,80,1
-22,60,3
-25,59,1
-32,73,2
-29,79,2
-27,74,4
-22,69,4
-20,64,2
-26,60,-2
-27,51,-2
-26,49,1
-26,48,4
-23,49,5
-18,53,5
-13,56,10
-12,58,10
-18,60,8
-27,66,1
-28,66,-2
-24,62,-6
-25,73,-6
-25,77,3
-27,70,0
-24,63,-4
-26,71,-6
-26,74,-5
-26,70,-5
-25,67,-5
-21,64,-5
-19,63,-5
-18,59,-8
-18,56,-9
-17,53,-9
-17,53,-9
-17,52,-10
-16,52,-9
-16,54,-9
-16,55,-9
-17,60,-7
-17,63,-6
-19,62,1
-20,62,4
-16,78,-4
-15,86,-4
-18,67,2
-21,61,3
-32,70,2
-34,77,5
-27,72,-1
-25,67,-3
-21,61,1
-23,54,7
-28,48,0
-27,46,3
-24,48,5
-24,53,8
-23,56,9
-21,60,8
-19,62,8
-20,67,7
-22,67,5
-24,65,4
-22,63,3
-20,62,-1
-23,72,-1
-29,80,1
-30,73,-1
-27,63,-7
-25,68,-6
-26,73,-3
-26,71,-4
-22,65,-5
-20,64,-4
-17,59,-4
-17,57,-6
-18,53,-9
-17,52,-9
-16,51,-9
-16,51,-8
-16,54,-8
-17,58,-9
-17,62,-8
-17,68,-5
-18,66,-1
-21,63,7
-17,63,3
-13,85,-2
-14,80,7
-20,57,7
-24,56,4
-29,76,6
-25,80,4
-21,71,-1
-19,68,3
-22,58,6
-28,51,0
-32,44,0
-29,46,3
-24,52,7
-22,52,8
-25,52,12
-25,50,12
-25,54,9
-25,63,8
-21,65,5
-21,63,-3
-29,100,-1
-33,93,4
-33,65,-5
-28,66,-7
-22,77,-6
-22,71,-6
-23,65,-6
-22,60,-6
-20,58,-6
-17,57,-7
-17,56,-8
-16,55,-9
-15,55,-10
-15,55,-10
-15,55,-10
-17,54,-10
-18,55,-9
-16,57,-9
-16,58,-9
-19,64,-1
-20,64,1
-20,68,-2
-19,79,-5
-18,85,-3
-21,71,-1
-29,60,3
-33,62,4
-31,72,3
-26,75,2
-16,74,5
-23,71,3
-30,61,-6
-25,59,-2
-16,55,2
22,62,26
16,58,19
-11,52,1
-16,54,-1
-19,54,2
-18,53,3
-23,59,1
-27,65,-1
-24,65,-3
-19,69,1
-27,86,0
-29,83,2
-22,68,2
-17,62,3
-14,68,0
-15,71,0
-18,71,1
-27,68,-6
-24,65,-4
-21,64,-3
-19,60,-5
-18,59,-8
-16,57,-12
-18,56,-13
-16,54,-12
-15,53,-12
-15,52,-16
-15,57,-12
-13,60,-8
-20,64,-7
-20,65,-3
-20,75,-3
-14,85,-2
-16,75,9
-20,69,8
-24,66,4
-27,69,4
-24,74,8
-22,72,6
-22,69,13
-27,64,8
-29,49,0
-25,45,2
-16,42,5
-15,43,6
-18,51,4
-20,52,3
-19,53,5
-19,52,6
-21,59,15
-26,63,18
-37,62,2
-34,58,-1
-37,58,0
-35,64,-9
-26,84,2
-41,65,-1
-38,58,-5
-22,64,-3
-22,71,-3
-23,72,-5
-23,71,-3
-22,67,-2
-21,64,-3
-19,61,-6
-19,60,-8
-16,58,-9
-15,58,-11
-14,56,-11
-15,55,-11
-16,52,-8
-16,51,-7
-15,51,-5
-15,53,-3
-16,56,0
-16,59,0
-17,69,-2
-17,84,-5
-21,90,-5
-26,82,-4
-35,73,3
-35,69,2
-22,74,-1
-20,78,3
-21,68,-3
-23,64,-6
-24,54,-10
-20,48,-1
-8,49,12
1,50,21
-4,48,13
-13,50,3
-17,52,1
-22,51,3
-24,51,5
-28,56,0
-32,61,-6
-26,62,-7
-22,71,-6
-30,100,2
-33,84,2
-26,71,1
-20,73,-2
-8,72,-7
-5,70,-7
2,68,10
-8,66,6
-22,61,-7
-19,60,-8
-20,59,-8
-18,58,-7
-18,56,-9
-18,56,-13
-18,53,-13
-18,55,-11
-18,55,-10
-17,58,-9
-17,61,-7
-19,64,-2
-20,66,0
-16,81,-3
-14,81,-1
-19,62,2
-24,59,3
-32,67,2
-32,74,2
-24,75,0
-20,70,-2
-23,65,2
-23,59,-1
-22,51,0
-21,49,1
-16,49,8
-14,50,10
-13,51,7
-14,52,5
-14,56,4
-15,60,5
-25,66,1
-29,65,-5
-27,65,-5
-22,62,-3
-20,62,-1
-28,89,2
-31,87,5
-28,65,-2
-22,67,-3
-18,72,-1
-17,72,0
-13,68,6
-17,63,2
-22,59,-3
-20,56,-3
-15,51,-6
-15,51,-7
-16,52,-9
-17,53,-10
-19,51,-12
-19,52,-11
-19,57,-9
-19,60,-9
-21,67,-3
-21,68,0
-17,97,-10
-13,96,-3
-24,58,8
-25,53,7
-28,65,6
-25,71,5
-17,64,-3
-14,60,-2
-20,58,3
-25,54,2
-27,54,-1
-26,55,-1
-23,56,2
-23,58,7
-25,56,5
-25,54,6
-23,52,6
-23,53,5
-24,56,5
-26,61,1
-24,62,1
-22,60,0
-23,66,-2
-27,82,-1
-29,79,-1
-28,64,-3
-28,65,-5
-28,78,-5
-28,77,-4
-26,66,-4
-24,62,-4
-20,60,-2
-18,58,-3
-15,56,-4
-15,55,-6
-16,55,-7
-16,54,-8
-15,53,-9
-16,53,-9
-17,57,-8
-18,62,-9
-16,55,-7
-16,54,-8
-15,53,-9
-16,53,-9
-17,57,-8
-18,62,-9
-19,65,-7
-21,64,-1
-25,64,1
-17,79,2
-11,88,4
-11,65,5
-16,56,1
-36,63,0
-41,73,2
-28,71,2
-21,66,3
-20,62,6
-23,58,4
-25,50,1
-24,49,2
-24,50,5
-24,51,7
-21,54,8
-19,55,9
-10,55,10
-3,57,14
-19,66,12
-24,69,10
-22,63,4
-21,56,3
-24,64,4
-29,79,3
-31,75,2
-31,64,-1
-30,67,-1
-30,72,-1
-29,73,-1
-23,66,-2
-20,64,-1
-19,62,-4
-19,60,-5
-19,57,-8
-19,56,-9
-17,53,-10
-16,52,-10
-15,51,-9
-15,51,-9
-16,55,-9
-17,58,-7
-18,64,-5
-19,64,-2
-18,77,-3
-16,91,-6
-20,73,7
-25,58,12
-30,54,11
-31,66,10
-20,74,0
-17,71,-4
-16,67,-2
-27,62,0
-29,57,-1
-27,48,-4
-25,46,-3
-21,47,3
-17,49,8
-19,51,9
-23,53,6
-26,57,4
-27,62,2
-29,69,-1
-26,67,1
-23,59,1
-23,66,-1
-32,93,2
-35,86,3
-35,70,-4
-32,72,-8
-26,74,-4
-25,70,-1
-23,58,-2
-23,57,-5
-20,61,-8
-18,60,-9
-20,61,-4
-17,62,-13
-15,60,-24
-16,59,-25
-22,53,-19
-20,52,-16
-19,59,-14
-20,64,-4
-20,62,3
-15,67,3
-11,77,0
-4,85,-4
-8,64,-5
-20,49,2
-28,58,2
-29,74,7
-22,71,16
-44,73,27
-39,65,22
-33,54,4
-34,50,3
-29,48,-3
-23,49,-3
-14,53,2
-17,55,2
-23,56,0
-25,57,0
-26,61,2
-26,64,2
-25,66,1
-24,65,2
-21,63,1
-24,71,1
-29,82,5
-29,72,3
-24,67,-4
-22,73,-3
-23,72,-3
-24,64,-4
-23,62,-5
-19,61,-4
-18,60,-4
-17,56,-7
-17,54,-8
-16,51,-10
-16,50,-10
-16,51,-10
-16,52,-10
-17,56,-11
-18,59,-11
-18,66,-7
-19,67,-3
-22,72,3
-20,80,0
-15,83,0
-15,69,5
-24,57,6
-31,61,7
-27,78,9
-24,79,10
-20,68,7
-28,58,1
-32,53,-2
-25,42,2
-27,43,3
-20,47,3
-20,49,5
-23,45,5
-22,43,6
-24,49,11
-25,53,11
-29,65,7
-27,68,7
-23,66,4
-24,71,1
-36,101,7
-38,87,8
-32,66,-2
-28,75,-1
-27,79,3
-27,74,3
-24,65,1
-23,65,0
-19,63,-5
-17,61,-8
-16,58,-11
-15,56,-13
-14,52,-10
-15,52,-8
-14,53,-8
-14,53,-9
-13,54,-7
-16,61,-5
-18,61,-2
-18,68,-2
-18,76,-3
-19,65,3
-21,60,3
-26,64,7
-29,73,9
-25,88,11
-32,88,15
-24,73,15
-31,71,0
-27,60,-5
-24,57,-4
-21,50,-1
-22,48,1
-31,43,12
-34,46,17
-31,55,24
-22,54,24
-11,62,18
-13,69,14
-15,64,9
-16,58,1
-23,75,-6
-31,86,0
-41,74,-6
-37,68,-14
-25,75,-15
-21,78,-8
-20,74,-5
-21,65,-4
-20,62,-4
-16,56,-4
-15,54,-5
-14,52,-5
-15,52,-5
-15,53,-4
-15,54,-4
-15,56,-6
-15,60,-6
-15,67,-6
-15,68,-5
-17,71,-3
-16,82,-6
-15,84,-6
-16,69,-5
-19,62,-3
-22,67,-4
-11,77,2
-5,76,-1
-1,68,0
-22,64,-3
-19,54,-29
-40,52,-37
-27,55,-20
-31,57,-17
-27,53,-13
-34,49,-16
-17,52,-16
-20,60,-14
-26,61,-19
-28,63,-27
-19,62,-20
-15,56,-16
-17,51,-19
-19,44,-21
-21,50,-25
-43,70,-38
-34,75,-37
22,71,-21
22,73,-28
-9,68,-47
-11,63,-37
-18,51,-33
-19,45,-33
-16,36,-36
-5,35,-36
-10,43,-44
-21,51,-41
-25,58,-34
-29,56,-32
-31,47,-32
-34,44,-28
-31,46,-21
-28,47,-27
-29,48,-29
-10,41,-15
-16,52,-13
-45,59,-39
-35,62,-35
-27,61,-35
-22,63,-35
-12,70,-36
-6,59,-44
-7,57,-31
3,60,-22
8,64,-27
2,69,-25
-14,70,-24
-9,65,-22
-17,50,-22
-26,49,-27
-9,38,-35
-8,40,-29
-4,45,-29
-12,53,-21
-11,61,-19
-9,59,-19
-23,53,-28
-24,53,-28
-16,57,-30
-17,58,-28
-19,61,-29
-19,60,-24
-19,59,-23
-42,63,-36
-36,60,-38
-4,50,-32
-7,51,-30
-20,47,-35
-17,47,-34
-31,46,-32
-34,48,-28
-13,49,-9
-15,52,-7
-33,57,-11
-21,61,-6
-13,64,-10
-3,69,-5
-2,74,-6
-8,82,-8
-28,77,-21
-33,72,-25
-37,66,-27
-38,65,-25
-27,65,-18
-21,64,-16
-14,57,-9
-13,53,-3
-15,53,2
-12,59,1
-13,74,-1
-14,66,0
-19,61,1
-27,65,6
-30,70,3
-25,73,-3
-25,71,-2
-20,66,3
-21,61,4
-31,53,1
-25,49,1
-27,47,0
-24,49,4
-27,53,5
-27,55,6
-27,56,7
-26,56,6
-26,60,5
-26,60,4
-23,62,3
-23,61,1
-24,60,2
-25,59,3
-25,59,4
-25,65,1
-28,84,2
-31,84,5
-32,69,3
-27,65,0
-20,70,-6
-19,67,-5
-21,65,-5
-24,62,-5
-23,61,-6
-20,59,-8
-19,59,-8
-16,59,-8
-15,59,-7
-11,56,-8
-17,56,-11
-19,55,-10
-19,53,-9
-17,54,-7
-17,55,-6
-19,59,-3
-20,61,-2
-22,65,2
-21,65,5
-22,71,0
-19,82,-4
-23,79,-1
-28,67,0
-36,61,2
-37,63,1
-29,69,0
-25,68,-2
-21,63,-4
-22,62,-5
-25,57,-7
-25,52,-6
-19,52,0
34,64,40
19,58,26
-16,52,2
-23,58,4
-25,56,0
-23,57,-2
-27,66,-1
-27,68,-2
-20,62,0
-25,60,-4
-23,76,1
-26,82,3
-24,71,3
-18,65,2
-13,72,-5
-15,77,-7
-11,76,-3
-13,73,-2
-21,66,-5
-25,64,-6
-23,59,-9
-21,57,-9
-18,54,-10
-16,52,-11
-15,50,-13
-15,49,-14
-16,52,-15
-18,54,-15
-19,57,-16
-19,64,-14
-20,66,-13
-22,67,-7
-25,68,-6
-20,87,-10
-17,87,-9
-19,65,0
-21,60,1
-22,72,17
-20,93,66
-24,68,7
-26,61,-13
-30,60,-5
-23,57,0
-11,48,0
-10,46,-1
-19,51,-3
-25,53,-5
-28,56,-6
-27,54,-6
-28,53,-9
-8,51,5
-7,53,19
-31,57,11
-43,62,7
-44,63,12
-38,54,15
-34,52,7
-35,76,3
-34,71,-7
-22,58,-8
-21,58,-15
-28,62,-21
-24,68,-15
-27,65,-14
-17,60,-6
-15,59,-2
-16,55,-2
-19,53,-5
-19,50,-8
-17,49,-7
-17,50,-6
-17,52,-4
-17,59,1
-19,65,2
-24,73,-1
-26,77,-1
-26,81,6
-28,88,-3
-35,93,-13
-38,69,-13
-36,40,-4
-29,43,-1
-15,66,10
-13,74,4
-15,66,-15
-20,60,-12
-20,55,-9
-21,51,0
-16,49,10
-20,46,20
-28,44,11
-34,43,0
-34,45,-1
-30,48,3
-27,49,5
-42,60,9
-47,61,4
-41,59,-5
-40,58,-2
-29,56,-1
-34,62,-2
-37,73,-7
-45,74,-7
-29,59,-5
-23,57,-10
-22,64,-17
-24,67,-15
-25,68,-13
-26,68,-13
-22,60,-12
-17,57,-12
-11,54,-9
-11,52,-6
-15,49,-3
-21,52,-7
-22,55,-9
-19,59,-9
-19,61,-9
-20,64,-9
-22,65,-9
-21,68,-7
-20,70,-5
-19,78,-1
-17,88,-1
-14,75,2
-19,64,4
-23,52,8
-22,56,7
-14,71,7
-13,72,5
-14,64,-1
-15,59,-3
-19,52,-5
-20,49,-8
-22,47,-8
-25,49,-8
-28,51,-5
-17,54,5
-14,58,6
-21,60,5
-30,64,10
-29,65,11
-31,65,13
-32,61,6
-26,62,9
-27,67,6
-30,81,4
-37,90,6
-38,82,5
-32,67,-1
-29,64,-5
-25,67,-5
-23,70,-3
-22,68,-3
-22,67,-4
-17,65,-7
-9,62,-6
-21,59,-14
-21,59,-13
-17,56,-13
-16,55,-13
-16,58,-13
-16,59,-13
-16,59,-11
-16,59,-10
-17,61,-4
-19,61,2
-16,71,4
-12,79,-1
-14,66,8
-20,61,11
-22,65,9
-27,81,9
-26,83,9
-21,73,3
-29,71,7
-23,59,12
-24,55,3
-30,47,-4
-29,47,-1
-23,48,3
-23,48,4
-24,50,7
-24,50,6
-27,57,5
-28,66,4
-27,74,4
-25,69,2
-26,61,3
-27,68,1
-36,87,4
-38,78,7
-32,71,1
-28,78,-2
-23,83,-4
-23,80,-4
-21,69,-4
-22,67,-5
-21,66,-8
-20,65,-10
-17,60,-12
-14,56,-14
-13,55,-14
-13,53,-11
-15,51,-12
-14,50,-10
-14,50,-10
-14,52,-7
-15,53,-3
-18,61,4
-17,71,1
-16,86,3
-18,75,9
-24,73,9
-25,76,7
-30,89,6
-28,87,5
-23,73,1
-23,69,6
-30,59,6
-28,52,4
-30,46,1
-26,46,5
-23,48,6
-24,49,7
-26,52,7
-26,52,7
-26,57,7
-26,64,7
-25,69,6
-25,65,4
-27,74,-1
-35,96,6
-36,79,7
-31,72,-2
-24,79,-3
-22,83,-2
-22,78,-1
-23,65,-4
-22,62,-6
-21,59,-9
-19,59,-10
-15,58,-13
-14,55,-14
-14,58,-12
-15,57,-11
-17,57,-12
-17,58,-13
-15,61,-11
-15,63,-8
-18,69,-1
-17,79,-2
-17,74,9
-18,66,15
-15,61,14
-14,64,12
-15,72,15
-18,72,15
-20,67,10
-24,60,12
-25,56,12
-26,53,9
-28,54,9
-28,58,11
-27,58,11
-28,59,10
-29,60,9
-30,59,9
-31,60,9
-28,67,7
-27,68,6
-24,64,5
-24,64,5
-27,74,2
-30,85,1
-35,84,3
-31,78,-1
-22,82,-5
-18,86,-4
-16,81,-2
-16,75,-3
-18,67,-7
-17,64,-7
-16,58,-9
-16,54,-9
-14,48,-11
-13,46,-11
-13,46,-10
-13,47,-9
-13,47,-9
-14,51,-8
-14,54,-6
-18,63,-1
-21,65,4
-19,77,-1
-16,92,-6
-19,82,-1
-24,72,0
-37,78,3
-41,88,5
-32,83,9
-20,75,5
-26,63,-6
-24,60,-3
-23,50,-5
-26,46,-5
-29,44,-3
-29,45,-2
-27,50,-1
-28,52,-1
-27,59,1
-27,66,2
-25,80,4
-20,83,8
13,81,21
10,72,17
-12,65,5
-23,80,-2
-26,82,-1
-22,66,-1
-20,72,0
-19,81,-3
-20,81,-3
-21,71,-6
-23,67,-7
-24,64,-10
-23,62,-12
-19,58,-16
-16,56,-17
-14,53,-17
-14,52,-16
-16,50,-13
-18,50,-14
-15,51,-13
-16,53,-12
-16,58,-6
-18,59,-1
-23,66,5
-18,78,-1
-15,80,5
-16,67,9
-23,65,5
-28,72,6
-34,86,10
-27,83,17
-22,69,3
-29,65,-5
-35,58,-4
-29,48,-2
-25,48,1
-22,49,5
-23,50,5
-25,52,5
-24,53,5
-21,56,6
-19,61,6
-17,72,6
-17,70,4
-21,71,-2
-28,80,-2
-30,79,1
-26,68,0
-18,62,0
-16,69,0
-19,75,0
-22,73,-3
-23,67,-4
-23,65,-5
-20,60,-6
-19,58,-6
-18,54,-10
-17,52,-11
-16,51,-12
-17,51,-10
-18,53,-9
-18,57,-12
-17,60,-11
-17,67,-8
-17,67,-6
-17,77,-5
-18,84,-3
-19,61,7
-20,55,7
-20,56,6
-23,64,7
-25,76,9
-23,74,5
-27,72,22
-27,69,22
-21,49,-4
-31,47,-6
-22,50,6
-15,52,10
-26,51,-3
-29,54,-2
-36,50,-10
-33,51,-9
-29,61,-2
-37,64,-11
-41,64,-17
-36,63,-12
-30,74,3
-23,77,0
-13,74,-12
-8,64,-10
-6,64,-12
-6,69,-21
-10,70,-26
-10,66,-19
-10,63,-17
-11,56,-20
-10,54,-20
-3,50,-17
3,49,-11
-1,54,-8
-6,56,-12
-12,59,-14
-15,61,-13
-13,62,-17
-13,66,-14
-8,70,-10
-12,71,-12
-20,70,-8
-18,74,-9
-16,86,-18
-17,74,-17
-19,54,-12
-13,56,-8
2,72,-1
-3,76,-3
-2,68,-3
-5,65,1
-11,56,-2
-14,52,-6
-17,51,-8
-23,51,-2
-21,50,-2
-17,48,-6
-18,48,-7
-24,52,-7
-26,54,-10
-37,64,-7
-41,65,-9
-48,64,-5
-41,61,-5
-32,70,-9
-35,75,-14
-21,69,-12
-18,63,-17
-18,65,-22
-13,68,-22
-27,69,-21
-22,66,-18
-24,62,-11
-25,59,-17
-13,59,-13
-18,62,-16
-11,55,-16
-11,51,-16
-14,50,-16
-17,51,-15
-19,53,-12
-19,55,-10
-20,55,-11
-22,61,-10
-17,66,-5
-13,72,4
-10,83,0
-12,84,2
-16,63,3
-23,50,3
-25,55,3
-32,76,4
-22,78,0
-17,73,-7
-20,68,-13
-26,62,-8
-30,58,-7
-30,49,-12
-27,47,-10
-21,47,-6
-20,48,-4
-21,50,-3
-20,53,0
6,66,24
1,72,23
-40,70,-6
-37,69,-6
-26,67,-8
-21,73,-6
-23,84,0
-26,65,-3
-23,67,-6
-18,77,-10
-19,79,-11
-7,72,0
-8,68,1
-16,61,-3
-19,59,-4
-20,56,-8
-19,55,-8
-16,53,-10
-15,52,-11
-14,52,-13
-15,53,-14
-18,59,-13
-19,62,-12
-17,66,-11
-18,65,-8
-22,64,2
-20,66,2
-12,77,-5
-10,68,-4
-16,59,-1
-22,60,0
-35,75,1
-38,78,-1
-31,72,-1
-28,70,4
-27,64,5
-26,54,4
-25,52,6
-26,51,7
-26,51,8
-26,53,8
-22,52,10
-12,55,13
-7,59,13
-9,68,9
-13,71,7
-16,67,2
-16,65,0
-22,72,-3
-28,81,-3
-35,74,-3
-29,65,-7
-22,73,-10
-21,79,-8
-25,77,-7
-24,70,-8
-22,62,-8
-21,60,-7
-17,56,-6
-15,53,-7
-15,50,-10
-14,50,-10
-13,50,-9
-14,50,-9
-16,53,-7
-17,55,-8
-18,61,-7
-20,67,-2
-22,71,1
-17,96,-7
-17,89,0
-24,57,8
-26,54,6
-31,68,2
-27,76,0
-22,73,-7
-21,68,-7
-24,61,-1
-27,56,-1
-29,50,-4
-28,49,-3
-24,52,2
-23,53,4
-26,54,7
-25,54,8
-21,58,9
-21,63,9
-26,69,6
-27,67,3
-25,64,0
-24,70,-1
-28,78,2
-28,68,0
-28,64,-2
-24,68,-5
-25,74,-5
-25,73,-7
-25,69,-8
-23,64,-7
-21,63,-8
-20,60,-9
-19,58,-10
-16,55,-13
-15,54,-14
-14,51,-13
-15,51,-12
-17,52,-12
-16,54,-14
-16,62,-12
-18,67,-10
-20,69,0
-23,76,1
-19,81,2
-19,70,5
-20,59,8
-22,58,8
-28,69,12
-28,72,13
-25,70,12
-25,69,12
-30,63,15
-22,53,11
-27,48,0
-22,43,-1
-20,44,1
-20,46,3
-24,48,4
-30,56,7
-30,60,6
-28,67,7
-27,67,8
-25,66,3
-28,83,0
-33,87,8
-33,69,4
-28,70,-7
-26,77,-6
-26,79,-1
-27,74,0
-22,67,-6
-20,65,-7
-17,62,-6
-17,60,-7
-16,57,-9
-15,55,-10
-15,51,-9
-14,49,-8
-15,49,-7
-15,50,-7
-15,55,-6
-15,59,-5
-19,62,4
-21,65,7
-16,73,2
-12,86,-3
-14,74,1
-20,62,0
-25,71,-2
-32,84,-3
-31,79,-6
-28,70,-9
-27,69,-5
-32,62,1
-32,56,2
-30,49,4
-29,50,6
-28,53,6
-28,55,8
-29,55,9
-28,55,8
-28,61,8
-27,66,9
-24,67,6
-22,65,4
-20,64,1
-23,75,-1
-32,86,4
-29,76,3
-21,73,-4
-19,81,-5
-19,80,-5
-22,70,-7
-23,67,-8
-20,63,-9
-18,62,-9
-16,57,-8
-15,55,-9
-15,51,-11
-14,51,-12
-13,48,-12
-14,48,-11
-15,48,-10
-16,51,-8
-18,57,-4
-19,62,-2
-22,68,5
-21,70,5
-15,90,-1
-25,96,0
-64,70,4
-77,61,4
-90,74,2
-87,74,5
-91,63,7
-93,62,2
-86,52,-6
-88,50,-7
-79,47,-4
-66,41,-5
-62,37,-3
-42,24,3
-28,14,4
-18,2,11
-16,-4,12
-13,-14,19
-9,-20,22
-14,-30,24
-20,-35,22
-23,-43,23
-23,-54,21
-25,-69,17
-27,-67,18
-29,-59,11
-23,-56,11
-17,-56,9
-15,-59,7
-23,-56,2
-28,-55,0
-29,-52,8
-27,-51,11
-18,-51,10
-17,-50,8
-20,-52,4
-22,-53,4
-30,-54,10
-28,-56,10
-31,-57,13
-29,-58,15
-27,-59,13
-30,-60,12
-31,-61,13
-36,-72,9
-42,-67,12
-50,-57,13
-47,-53,12
-41,-48,17
-44,-45,19
-39,-46,16
-33,-47,14
-24,-45,15
-22,-41,16
-19,-33,12
-15,-28,14
-11,-26,17
-11,-25,18
-11,-19,18
-17,-14,17
-28,-6,16
-28,-4,16
-39,7,9
-34,9,7
-87,29,-14
-73,37,-9
-76,52,-4
-89,71,-9
-66,74,-26
-68,81,-25
-68,96,-15
-63,93,-10
-57,82,-11
-41,66,-4
-36,61,1
-31,55,-1
-31,52,-4
-28,51,-6
-26,52,-6
-22,51,-4
-22,52,-4
-24,55,-2
-26,57,0
-26,61,2
-25,61,2
-22,64,3
-22,68,1
-25,82,3
-25,70,4
-33,62,5
-34,62,7
-28,68,2
-24,70,0
-21,70,3
-23,67,4
-22,58,5
-21,53,5
-18,45,8
-21,43,11
-22,45,11
-20,48,7
-21,50,6
-23,51,6
-24,48,5
-27,48,5
-27,55,7
-27,63,3
-27,74,-5
-33,93,-1
-35,76,-1
-35,63,-4
-34,65,-5
-35,73,-4
-33,71,-3
-29,64,-1
-27,63,-1
-25,62,-2
-23,61,-3
-21,60,-7
-20,60,-8
-20,59,-9
-20,58,-8
-19,57,-6
-20,57,-6
-21,56,-4
-21,55,-3
-19,53,-1
-18,53,0
-17,52,1
-20,51,-1
-21,53,-2
-24,76,-3
-26,81,-1
-35,80,1
-38,74,4
-34,69,0
-30,72,-2
-21,72,-4
-22,71,-7
-21,66,-8
-24,62,-8
-26,51,-9
-27,45,-9
-21,45,0
-16,50,10
-12,57,22
-24,56,8
-29,61,0
-29,63,-1
-27,61,0
-25,62,0
-29,60,-2
-29,58,-3
-25,56,-3
-22,64,-2
-28,87,-1
-34,76,-3
-30,56,-1
-23,69,2
-23,74,0
-20,71,-3
-19,68,-5
-17,65,0
-19,63,-1
-21,59,-7
-20,58,-7
-17,53,-8
-17,51,-8
-19,48,-7
-20,48,-6
-19,49,-6
-19,50,-6
-18,55,-5
-19,59,-5
-21,71,-5
-23,82,-5
-26,73,0
-30,74,1
-25,68,1
-20,65,-1
-15,66,-1
-16,67,1
-19,68,6
-21,67,10
-23,62,12
-28,59,5
-28,52,3
-20,49,5
-19,49,4
-23,50,6
-24,47,7
-26,45,9
-30,50,11
-32,62,7
-30,65,3
-20,77,-1
-24,92,1
-34,76,3
-36,67,0
-32,67,-4
-30,70,-5
-26,71,-3
-25,67,-4
-23,61,-5
-22,60,-4
-19,56,-5
-18,54,-6
-17,52,-7
-16,51,-8
-16,51,-8
-16,51,-8
-19,51,-8
-19,52,-7
-19,56,-7
-21,62,-1
-23,64,2
-21,85,-5
-19,92,-5
-23,69,3
-27,66,5
-33,71,4
-32,78,3
-22,74,1
-22,69,0
-18,59,3
-22,54,3
-25,44,3
-23,40,1
-31,39,3
-26,40,6
-27,48,7
-26,53,12
-28,53,7
-29,56,7
-27,63,6
-26,63,2
-20,71,-3
-26,89,-3
-34,85,-1
-36,71,-6
-31,72,-10
-30,75,-8
-27,74,-6
-25,66,-7
-25,64,-6
-20,58,-5
-18,54,-6
-17,51,-8
-16,51,-9
-14,49,-8
-15,49,-8
-17,50,-7
-19,52,-6
-18,55,-7
-18,58,-6
-20,65,-1
-23,64,3
-23,70,0
-21,84,-6
-19,76,1
-24,65,1
-36,73,7
-42,79,7
-31,72,-2
-20,67,-2
-21,60,-3
-21,55,-4
-24,48,-4
-28,45,-6
-28,43,-2
-29,47,-1
-25,55,5
-22,57,9
-11,59,17
-27,66,9
-35,69,2
-29,65,-4
-25,60,-4
-18,55,2
-23,55,0
-29,68,-3
-35,75,-1
-36,60,-2
-33,64,-5
-28,84,-5
-27,86,-3
-25,73,-3
-25,67,-2
-24,64,-5
-23,63,-6
-17,59,-8
-15,57,-8
-13,53,-9
-13,50,-10
-15,49,-12
-15,51,-13
-17,52,-14
-19,53,-13
-18,57,-9
-19,60,-7
-21,65,0
-21,67,0
-18,91,-5
-23,68,3
-30,63,6
-35,70,3
-37,80,15
-23,77,19
-24,72,2
-31,61,-12
-31,58,-10
-27,50,-11
-25,48,-8
-25,47,-5
-25,48,-5
-19,53,2
-9,57,9
11,63,27
-4,60,24
-37,68,13
-40,71,6
-33,66,-3
-28,76,-3
-20,85,8
-22,75,7
-26,65,-1
-25,64,-4
-26,69,-8
-27,69,-9
-27,64,-10
-25,60,-11
-24,59,-11
-21,55,-12
-19,54,-12
-17,52,-11
-16,50,-11
-18,52,-10
-18,54,-9
-20,58,-8
-20,62,-7
-20,66,-3
-21,63,0
-20,76,-3
-17,88,-4
-20,65,11
-24,63,13
-23,64,9
-25,68,10
-25,69,13
-26,65,11
-27,64,17
-38,65,17
-25,54,18
-27,48,9
-27,48,8
-25,47,6
-20,48,4
-19,48,6
-22,49,6
-24,50,5
-25,54,5
-27,65,2
-27,66,-1
-27,64,-6
-25,69,-6
-26,79,-4
-33,75,1
-37,65,5
-35,65,1
-31,69,-1
-29,69,2
-26,66,3
-24,63,4
-22,62,2
-23,64,0
-22,63,-3
-21,63,-3
-17,64,-3
-17,63,-4
-17,59,-5
-16,55,-6
-16,52,-7
-16,54,-7
-22,55,-10
-21,56,-5
-16,58,5
-15,67,0
-18,79,-4
-21,71,-3
-31,63,2
-32,69,-2
-28,71,-3
-26,69,1
-25,65,2
-24,58,4
-26,53,5
-25,48,8
-28,51,14
-31,54,19
-34,56,16
-26,58,13
-22,58,12
-19,59,7
-19,61,6
-25,64,2
-26,62,1
-22,57,-3
-22,62,-6
-28,87,-1
-33,82,0
-32,68,-4
-29,68,-4
-28,74,1
-28,72,1
-23,63,-3
-21,61,-3
-20,58,-3
-20,54,-6
-19,52,-7
-17,50,-10
-17,51,-9
-17,52,-8
-17,52,-8
-18,53,-8
-19,55,-7
-20,60,-3
-20,61,0
-19,74,-4
-18,91,-6
-22,72,4
-27,63,5
-28,66,5
-24,75,2
-19,79,6
-17,73,10
-18,61,10
-26,56,12
-34,48,6
-30,42,4
-34,44,-3
-32,46,-4
-25,50,1
-22,50,3
-22,49,4
-23,50,3
-28,57,1
-27,66,0
-26,65,-3
-30,86,-5
-34,94,-2
-36,68,-2
-33,63,-4
-30,73,-3
-29,75,-1
-26,69,0
-24,65,0
-22,63,-1
-21,61,-3
-20,58,-7
-19,56,-8
-17,54,-9
-16,53,-9
-17,51,-11
-16,51,-11
-18,56,-10
-18,58,-9
-18,65,-6
-20,66,-1
-20,70,-2
-16,83,-8
-17,71,0
-22,61,2
-26,52,3
-27,58,1
-24,71,2
-23,70,-2
-23,68,1
-21,64,10
-29,63,13
-38,53,-8
-25,57,14
-33,57,3
-35,54,3
-19,59,13
-19,58,7
-17,59,3
-21,60,1
-25,64,-2
-25,65,-2
-20,69,-1
-18,75,0
-15,79,-1
-11,75,-1
-8,64,-1
-11,62,-6
-12,69,-6
-13,70,-4
-23,65,-5
-24,62,-7
-24,58,-4
-24,56,-4
-21,57,-9
-22,59,-8
-28,62,-14
-31,64,-14
-35,64,-13
-39,59,-10
-37,57,-7
-34,56,-4
-32,53,-3
-32,55,-7
-37,60,-9
-45,54,-1
-48,52,-1
-61,53,-2
-64,55,-3
-53,59,9
-50,60,15
-59,57,11
-64,51,10
-62,38,8
-60,29,6
-61,16,8
-55,15,15
-62,7,7
-70,6,9
-64,5,20
-65,3,18
-60,-4,18
-54,-9,17
-44,-18,16
-37,-21,20
-31,-25,22
-31,-30,24
-28,-37,22
-29,-45,25
-32,-45,21
-23,-40,14
-22,-42,11
-34,-48,10
-43,-51,11
-47,-55,5
-42,-52,7
-36,-47,11
-38,-47,11
-33,-48,18
-28,-49,16
-30,-50,12
-34,-50,9
-29,-52,9
-28,-54,10
-28,-55,15
-26,-56,14
-26,-60,10
-25,-60,9
-24,-58,7
-26,-57,9
-30,-57,15
-30,-64,14
-39,-68,18
-44,-62,18
-37,-53,15
-44,-45,17
-49,-45,16
-44,-47,15
-43,-47,15
-33,-47,16
-25,-47,19
-24,-49,18
-26,-51,16
-25,-50,18
-26,-49,20
-31,-48,24
-29,-47,25
-26,-46,23
-26,-46,24
-27,-48,24
-26,-48,25
-23,-53,25
-23,-54,26
-26,-56,24
-24,-57,25
-18,-62,29
-20,-74,26
-36,-68,24
-39,-56,18
-24,-53,15
-18,-57,14
-24,-52,15
-27,-48,17
-20,-46,16
-13,-45,15
1,-45,10
-5,-33,16
-3,-37,10
-14,-29,7
-27,-23,9
-36,-23,11
-38,-21,9
-38,-8,11
-37,-1,11
-51,18,12
-49,26,13
-60,49,-2
-68,59,-2
-57,73,-7
-48,94,-9
-53,127,-18
-73,127,-17
-91,111,-10
-78,83,-7
-39,66,-10
-28,73,-7
-13,75,8
-13,71,7
-18,56,0
-23,51,-3
-30,43,-8
-31,44,-10
-33,51,-10
-33,61,-5
-31,64,-1
15,74,41
127,85,101
-37,59,3
-45,59,-1
-35,69,-16
-34,67,-26
-32,77,-14
-24,76,-10
-18,65,-26
-12,57,-28
-1,60,-16
9,65,-8
10,74,-15
5,71,-23
4,61,-18
7,59,-12
2,56,-10
4,55,-12
-7,56,-17
-6,57,-15
-1,57,-14
4,57,-16
1,59,-17
-1,62,-19
-5,70,-21
-5,71,-20
-7,87,-24
-11,73,-17
-14,64,-12
-13,59,-5
-4,59,-2
12,65,9
11,70,10
-5,72,0
-7,69,1
-7,66,6
-6,61,6
-9,54,2
-10,53,0
-11,53,-4
-11,52,-5
-12,52,-4
-13,52,-3
-15,55,-3
-19,59,-4
-24,65,-5
-23,66,-4
-21,62,-6
-21,61,-8
-26,83,-7
-29,93,-4
-10,64,2
-3,63,-1
-6,79,-3
-12,80,-6
-7,68,-4
-8,58,-14
-14,56,-14
-8,56,-4
-13,55,-7
-12,54,-4
-17,56,-8
-16,54,-11
-22,56,-12
-23,57,-12
-21,60,-12
-21,67,-10
-21,68,-10
-22,70,-5
-21,74,-4
-17,88,-7
-17,76,-5
-24,53,6
-26,53,7
-21,71,4
-23,75,2
-17,67,3
-14,62,1
-23,55,-7
-22,53,-8
-14,51,1
-18,48,-1
-20,48,-4
-23,51,5
-19,49,3
-18,49,5
-22,55,3
-30,62,1
-35,65,-7
-30,63,-10
-31,62,-5
-29,75,-3
-39,87,-1
-36,68,-4
-31,60,-9
-23,72,-7
-14,76,-7
-19,72,-8
-17,62,-4
-27,62,-4
-27,62,-6
-22,60,-10
-19,60,-10
-17,58,-11
-15,58,-12
-15,55,-12
-15,54,-12
-14,54,-8
-10,54,-6
-20,55,-8
-20,58,-6
-23,64,-1
-24,66,2
-19,82,-3
-18,69,0
-21,53,2
-32,63,6
-37,78,7
-32,82,-2
-23,72,-8
-15,64,-4
-17,62,0
-25,53,-2
-27,49,-4
-32,47,-4
-32,48,-3
-29,53,0
-28,57,1
7,61,25
15,64,29
-19,63,8
-27,64,2
-21,65,1
-19,68,-4
-26,95,-2
-30,84,-3
-26,61,-10
-24,65,-10
-22,77,-5
-25,76,-2
-24,66,-7
-21,63,-7
-17,61,-6
-16,56,-8
-16,54,-9
-13,51,-11
-12,51,-10
-15,51,-9
-16,52,-9
-17,53,-10
-17,54,-10
-19,59,-7
-19,63,-5
-23,67,3
-23,70,1
-16,93,-7
-15,86,-2
-24,68,6
-28,64,6
-32,75,4
-28,74,0
-21,66,-2
-17,63,0
-24,58,0
-28,53,-3
-31,47,-3
-29,48,-1
-27,52,3
-25,54,5
-17,52,9
-14,52,11
-16,56,13
-24,66,7
-29,68,3
-25,68,1
-22,71,1
-26,83,0
-32,78,-1
-29,69,-5
-25,76,-6
-25,79,-4
-23,73,-4
-24,63,-6
-22,61,-5
-19,57,-4
-17,55,-5
-16,53,-7
-15,53,-8
-13,52,-11
-13,51,-10
-17,51,-9
-19,52,-9
-19,55,-8
-19,57,-6
-21,62,-2
-22,64,2
-21,67,4
-17,75,-3
-18,82,0
-22,65,5
-34,59,6
-38,62,5
-33,76,3
-19,71,4
-15,66,5
-25,59,-2
-29,57,-4
-27,57,5
-25,55,5
-24,54,1
-24,55,7
-24,59,18
-29,58,15
-44,62,11
-57,66,13
-73,68,-3
-82,71,2
-87,68,-10
-83,66,-12
-66,59,-9
-56,56,-7
-45,52,9
-38,48,15
-29,41,18
-26,37,24
-34,33,35
-33,31,38
-25,26,42
-23,27,45
-20,10,43
-23,12,42
-22,10,44
-19,4,49
-15,11,54
-15,4,56
-16,0,56
-19,-2,60
-20,-1,60
-12,1,58
-14,2,59
-17,4,61
-13,2,64
-22,0,71
-22,13,69
-21,11,66
-14,10,64
-11,16,64
-17,19,62
-14,16,58
-10,12,60
-12,12,67
-8,12,67
-6,14,56
-4,14,52
-3,15,51
-7,13,55
-5,20,61
-11,18,54
0,12,57
-3,10,60
-9,10,62
-10,13,68
-12,14,68
-16,11,69
-16,11,72
-29,8,70
-27,8,68
-20,0,64
-22,0,60
-25,-2,60
-25,3,61
-22,10,60
-23,11,58
-20,9,57
-16,7,56
-15,5,54
-15,4,52
-14,4,53
-13,4,54
-12,4,55
-9,5,58
-11,6,55
-15,4,57
-16,7,66
-16,9,66
-16,10,65
-15,11,66
-19,23,71
-25,26,69
-27,19,58
-21,29,57
-23,39,55
-21,47,45
-22,43,39
-25,36,34
-29,39,33
-23,53,42
-13,42,45
-9,50,37
-3,19,31
-5,34,24
-1,31,25
-4,29,21
-9,31,19
-23,42,21
-42,52,24
-51,67,28
-57,84,26
-82,87,5
-81,76,1
-59,63,1
-60,59,-7
-65,53,-3
-63,53,2
-45,51,6
-40,49,5
-33,46,4
-32,44,3
-31,44,3
-30,43,4
-29,44,3
-32,44,2
-31,47,0
-26,54,-2
-25,59,-1
-27,67,-2
-25,77,-6
-22,79,-5
-24,65,-3
-27,72,-1
-26,80,-1
-23,82,-7
-20,74,-11
-17,64,-6
-17,61,2
-29,49,0
-36,43,-4
-32,39,1
-32,42,6
-33,45,4
-29,47,8
-20,50,12
-18,57,10
-18,84,1
-15,75,-10
-23,56,-15
-26,84,4
-39,97,6
-49,87,-21
-41,88,-25
-27,82,-16
-19,74,-8
-13,63,-6
-13,58,1
-20,51,-7
-20,49,-9
-16,48,-12
-12,48,-12
-7,46,-10
-7,46,-9
-13,52,-11
-16,54,-11
-16,57,-11
-16,57,-11
-18,75,-10
-18,89,-12
-23,70,-8
-29,76,-7
-34,93,-2
-35,91,-1
-29,72,-4
-15,64,5
-15,66,15
-27,55,6
-38,42,1
-34,41,7
-28,42,10
-21,46,12
-20,47,12
-20,56,9
-21,64,6
-24,77,0
-26,92,-6
-33,100,-1
-32,80,-5
-27,77,-13
-26,78,-13
-26,70,-9
-26,64,-9
-22,54,-8
-21,52,-8
-20,49,-7
-20,48,-6
-13,47,-10
-14,48,-14
-13,51,-14
-13,52,-14
-15,55,-14
-15,58,-14
-14,64,-12
-16,68,-7
-19,96,-6
-20,83,5
-27,77,9
-18,75,3
-18,76,3
-20,63,12
-19,57,12
-38,58,20
-24,51,27
-24,39,12
-25,38,7
-27,43,1
-26,44,0
-23,47,1
-23,54,-1
-22,78,-10
-23,79,-13
-25,69,-11
-26,86,-10
-35,80,8
-32,72,4
-28,77,-9
-32,78,-4
-32,70,5
-31,65,5
-25,59,4
-22,56,4
-20,51,0
-22,51,-2
-21,49,-7
-19,43,-17
-14,33,-28
-22,41,-17
-24,50,-10
-24,69,-12
-21,74,-13
-8,101,-24
-2,101,-18
-14,79,10
-16,84,9
-2,80,-7
-1,72,-10
-9,55,11
-15,55,11
-24,55,10
-28,53,13
-29,46,10
-26,44,9
-23,47,10
-24,49,10
-25,54,9
-25,58,8
-27,71,5
-27,76,4
-28,66,4
-30,72,2
-34,89,3
-34,81,3
-34,82,-7
-31,85,-8
-26,80,-7
-25,68,-3
-25,64,-4
-22,57,-6
-20,54,-7
-16,49,-10
-14,48,-11
-10,44,-12
-10,44,-11
-14,46,-10
-16,50,-10
-17,59,-12
-16,63,-11
-21,72,0
-20,87,-5
-15,92,-7
-19,77,-1
-26,83,5
-26,81,3
-22,72,-5
-19,62,-10
-18,52,-12
-20,49,-6
-28,44,-2
-40,45,-1
-45,42,-16
-44,45,-13
-43,49,-3
-41,50,-1
-37,57,-1
-33,71,-2
-32,71,-3
-27,66,-7
-29,76,-9
-39,87,-6
-36,75,-9
-29,86,-15
-24,85,-14
-24,76,-11
-24,69,-10
-23,60,-12
-22,58,-12
-18,52,-13
-15,49,-14
-9,45,-15
-9,44,-16
-11,45,-14
-13,46,-14
-13,50,-14
-14,54,-15
-15,61,-13
-18,61,-8
-20,79,-10
-18,89,-14
-21,74,-4
-30,83,8
-34,89,7
-21,82,-2
-16,70,-3
-8,68,21
-22,61,11
-38,40,-8
-43,40,1
-31,34,1
-26,39,5
-27,46,6
-24,49,7
-20,58,5
-20,67,2
-24,81,-3
-27,78,-5
-35,93,-1
-40,94,2
-36,78,-6
-32,80,-10
-27,80,-5
-27,78,-2
-22,67,-4
-20,64,-6
-17,57,-7
-16,54,-8
-14,48,-12
-11,46,-16
-11,43,-17
-18,47,-17
-20,50,-20
-20,61,-23
-20,67,-22
-22,68,-8
-27,70,6
-22,94,-4
-19,92,3
-14,67,14
-14,76,17
-10,80,16
-10,79,12
-12,64,-3
-11,55,-7
-28,51,-1
-28,50,4
-32,45,-7
-33,45,-9
-38,54,-8
-39,56,-5
-27,56,0
-26,61,1
-29,76,0
-31,76,-3
-31,75,-8
-33,90,-5
-35,76,1
-33,72,-5
-29,90,-10
-26,89,-9
-26,80,-5
-25,75,-5
-21,66,-6
-16,58,-6
-15,54,-6
-13,48,-8
-11,45,-9
-11,44,-10
-12,45,-11
-13,50,-12
-14,53,-12
-15,60,-13
-15,62,-11
-19,64,-2
-19,77,-6
-17,81,-2
-19,71,1
-24,88,0
-25,91,2
-26,86,1
-23,71,-2
-21,59,-1
-24,55,3
-27,46,7
-28,44,6
-28,45,7
-28,48,9
-26,49,9
-26,51,8
-26,59,3
-27,65,2
-27,69,-1
-27,83,-10
-31,103,-6
-34,75,-3
-33,78,-12
-28,84,-9
-26,84,-5
-26,75,-1
-24,68,-2
-18,58,-3
-15,54,-3
-13,48,-5
-13,45,-7
-11,42,-10
-10,41,-10
-13,45,-9
-17,50,-9
-16,60,-12
-16,64,-11
-18,63,-7
-19,72,-10
-16,84,-9
-18,65,-2
-29,75,-1
-31,85,0
-28,89,-4
-25,85,-6
-19,72,-5
-20,61,0
-28,58,11
-34,41,-1
-29,41,4
-26,46,12
-25,46,12
-23,49,9
-24,54,8
-27,70,2
-29,75,0
-27,68,-4
-27,80,-8
-34,95,-3
-35,79,-3
-31,81,-16
-27,83,-16
-24,79,-11
-25,70,-10
-24,59,-9
-22,56,-10
-19,53,-10
-17,50,-12
-13,47,-12
-11,46,-12
-10,48,-13
-14,51,-14
-16,51,-19
-24,60,-26
-27,65,-21
-27,69,-13
-22,85,-12
-19,86,8
-21,75,13
-18,77,16
-16,82,20
-10,82,26
-12,79,22
-14,65,10
-18,59,5
-20,47,5
-23,44,3
-22,39,-4
-24,37,-5
-22,42,-5
-24,46,-5
-27,56,-3
-26,63,-4
-29,71,-12
-37,74,-9
-29,72,-1
-26,85,-3
-30,90,15
-34,68,14
-27,74,1
-26,86,5
-26,82,13
-25,78,13
-17,77,9
-15,76,6
-11,72,3
-11,62,-1
-11,57,-3
-10,47,-3
-10,43,-3
-11,37,-3
-10,36,-5
-8,41,-7
-10,45,-7
-14,55,-4
-17,62,-2
-17,90,-9
-18,103,-11
-27,92,-3
-30,91,4
-26,90,-1
-25,87,-4
-20,74,-4
-20,68,-5
-18,60,-6
-20,54,-7
-25,43,-1
-25,38,0
-26,38,3
-24,41,4
-22,47,5
-22,51,6
-22,59,7
-24,64,7
-26,69,6
-28,106,-2
-33,108,7
-34,66,-1
-31,77,-4
-24,81,0
-25,75,0
-24,66,-1
-23,63,-2
-19,61,-2
-17,59,-2
-15,55,-7
-15,53,-8
-13,51,-11
-13,49,-12
-14,47,-13
-15,50,-14
-16,55,-14
-17,58,-14
-16,62,-10
-17,65,-5
-18,79,-5
-16,85,-6
-18,69,4
-19,69,5
-23,82,3
-24,86,3
-23,74,-2
-21,65,-5
-19,58,7
-21,54,13
-30,41,-1
-29,40,-1
-28,44,2
-27,51,4
-25,53,6
-23,54,8
-24,56,7
-26,69,3
-25,69,2
-24,76,-8
-27,98,-6
-35,80,-1
-35,81,-10
-30,85,-10
-27,84,-6
-25,75,-3
-22,69,-4
-18,61,-4
-16,57,-3
-16,52,-6
-15,51,-8
-11,49,-9
-11,49,-10
-12,51,-10
-13,54,-10
-14,61,-12
-14,61,-10
-15,59,-6
-19,69,1
-16,82,-4
-12,76,-6
-16,75,-4
-25,84,3
-27,84,4
-26,74,-3
-23,65,-6
-11,61,21
-12,60,22
-32,49,-1
-48,47,-6
-50,49,-3
-45,50,2
-42,51,9
-42,56,8
-37,73,0
-32,78,-2
-26,71,-2
-26,79,-5
-33,94,-5
-35,79,-3
-30,86,-15
-24,87,-16
-21,85,-10
-21,80,-6
-18,70,-6
-17,66,-8
-14,59,-8
-12,53,-7
-12,52,-5
-9,46,-4
-11,41,-4
-7,37,-1
-10,36,-4
-14,44,-4
-17,49,-4
-22,53,6
-25,60,9
-12,89,-7
-13,103,-3
-22,96,9
-24,105,4
-33,111,5
-38,96,6
-29,68,2
-24,64,3
-22,53,3
-21,47,2
-24,39,-1
-26,38,0
-28,40,3
-29,40,2
-28,46,3
-27,53,2
-28,74,-2
-30,79,-1
-28,67,1
-31,90,0
-35,91,7
-37,85,-3
-30,94,-6
-21,91,-6
-20,85,-4
-20,69,-2
-20,65,-3
-19,58,-6
-17,56,-7
-13,52,-10
-11,50,-12
-8,46,-11
-9,46,-10
-13,47,-12
-12,49,-11
-12,56,-10
-13,56,-5
-19,65,5
-16,75,0
-12,84,5
-13,74,7
-23,94,3
-28,100,9
-30,87,11
-23,73,4
-17,61,0
-18,59,6
-23,48,7
-26,43,4
-28,42,3
-30,50,5
-29,52,7
-27,56,6
-26,60,4
-30,74,1
-28,74,1
-24,79,-6
-27,101,-3
-32,77,0
-31,76,-7
-27,87,-2
-26,87,-1
-18,76,0
-16,68,-1
-13,56,-2
-15,54,-3
-15,50,-8
-13,49,-9
-9,47,-12
-9,46,-12
-12,44,-12
-14,45,-14
-16,52,-13
-16,60,-12
-17,67,-2
-21,82,2
-15,96,-4
-14,76,6
-14,72,8
-22,89,6
-25,91,8
-24,75,4
-21,60,-2
-20,54,3
-22,49,4
-24,41,-1
-26,40,-4
-27,44,2
-26,47,4
-26,50,5
-25,54,6
-27,69,6
-27,76,5
-28,84,-3
-32,103,-2
-34,81,5
-33,71,-1
-28,80,-9
-25,78,-8
-24,72,-6
-24,69,-6
-21,64,-6
-19,60,-6
-15,53,-8
-15,52,-9
-13,52,-11
-11,52,-12
-12,53,-11
-14,55,-12
-14,57,-13
-16,60,-10
-17,60,-4
-17,82,-3
-17,94,-2
-19,66,8
-20,73,7
-20,85,8
-20,82,9
-16,65,6
-16,57,2
-17,47,6
-19,44,8
-24,41,6
-26,42,4
-28,49,7
-28,53,9
-28,59,9
-28,67,6
-30,75,4
-32,79,4
-32,82,-3
-34,101,-2
-34,79,5
-34,77,-2
-27,88,-7
-24,84,-3
-24,80,-2
-21,72,-5
-19,68,-6
-14,61,-6
-13,57,-7
-11,51,-8
-11,48,-8
-11,47,-8
-11,48,-7
-13,48,-8
-12,50,-8
-12,55,-6
-14,55,-2
-19,66,5
-16,82,-1
-16,86,3
-17,77,3
-22,91,1
-23,93,2
-25,84,2
-23,74,-2
-21,60,-1
-22,56,1
-25,48,1
-27,46,0
-28,46,0
-28,48,0
-28,53,4
-31,56,5
-31,59,4
-34,70,5
-34,67,7
-33,94,-1
-35,108,6
-34,78,3
-32,91,-2
-24,96,-1
-21,94,0
-19,84,-4
-18,82,-5
-15,76,-5
-14,70,-6
-13,60,-9
-11,55,-8
-11,48,-8
-9,45,-7
-9,41,-7
-10,41,-7
-8,44,-6
-8,45,-5
-13,51,3
-17,54,8
-13,76,-2
-12,94,-7
-17,99,-4
-26,114,-2
-28,113,-4
-30,101,-7
-28,73,-9
-23,66,-8
-22,60,-5
-26,47,-1
-28,43,0
-31,45,3
-33,48,4
-33,51,6
-34,55,8
-32,63,8
-31,70,5
-29,70,9
-26,64,11
-24,65,7
-25,77,3
-33,90,11
-32,72,10
-28,91,-3
-23,99,-4
-16,96,-2
-15,88,-3
-16,77,-5
-17,73,-5
-16,63,-5
-14,57,-6
-12,48,-6
-12,44,-5
-9,38,-4
-9,34,-6
-7,35,-6
-8,38,-7
-9,42,-8
-16,58,-1
-20,69,4
-17,111,-10
-18,127,-10
-29,105,9
-34,103,14
-30,92,3
-27,83,-3
-18,71,-10
-16,67,-9
-21,56,-7
-26,47,-5
-32,35,0
-32,32,0
-30,36,4
-31,39,7
-27,45,11
-26,48,12
-24,68,12
-21,78,10
-22,75,5
-22,75,2
-28,97,4
-32,88,11
-30,71,6
-25,83,-5
-21,81,-3
-20,73,-1
-20,69,-2
-20,61,-4
-18,58,-5
-17,52,-6
-17,51,-7
-18,52,-10
-16,52,-10
-12,53,-8
-11,54,-6
-11,54,-5
-12,53,-6
-12,55,-6
-14,57,-2
-19,64,6
-18,77,0
-14,85,-1
-17,75,1
-25,85,1
-26,90,1
-25,80,0
-22,68,-2
-20,53,1
-20,48,3
-22,43,4
-23,41,4
-25,46,6
-29,56,9
-30,57,9
-28,58,9
-27,63,8
-28,79,6
-28,74,5
-25,64,3
-25,75,0
-32,99,1
-32,80,2
-29,73,-10
-25,81,-10
-22,82,-6
-21,77,-4
-18,69,-6
-17,67,-7
-14,61,-6
-14,58,-8
-13,52,-8
-12,50,-6
-11,48,-5
-12,45,-5
-15,43,-6
-14,46,-5
-14,51,-6
-14,55,-6
-20,62,3
-24,64,8
-18,81,-4
-15,100,-4
-17,82,3
-25,88,2
-29,89,0
-33,75,-2
-29,66,-4
-23,61,-4
-21,57,-1
-23,48,5
-25,43,7
-28,43,13
-27,46,14
-24,51,13
-22,54,14
-19,58,14
-19,62,11
-24,71,6
-24,70,4
-24,80,-8
-28,102,-5
-34,71,5
-36,66,-3
-27,82,-7
-23,82,-6
-21,71,-2
-21,65,-3
-21,57,-4
-20,54,-3
-16,48,-5
-16,46,-7
-14,46,-11
-13,50,-11
-14,52,-10
-16,54,-9
-17,56,-11
-16,61,-10
-16,63,-7
-19,79,-2
-17,96,-5
-19,71,6
-21,63,8
-20,77,5
-21,83,5
-21,71,2
-19,62,-2
-19,54,3
-20,49,5
-26,41,7
-23,40,6
-22,42,0
-24,47,1
-27,54,4
-26,57,6
-20,65,1
-21,72,1
-25,73,3
-27,72,0
-32,97,-1
-33,80,2
-35,70,-9
-34,79,-9
-33,79,-6
-27,68,-7
-25,65,-7
-21,62,-5
-19,58,-6
-17,53,-9
-16,51,-10
-14,49,-12
-13,48,-12
-13,50,-11
-14,53,-12
-15,59,-15
-16,64,-15
-17,65,-8
-19,66,-3
-18,89,-6
-16,90,-2
-19,64,7
-20,70,8
-21,82,8
-20,80,6
-16,60,0
-17,54,0
-19,46,7
-23,43,9
-28,40,5
-28,45,2
-30,50,4
-28,54,6
-26,56,5
-25,70,3
-26,78,2
-29,72,0
-29,73,-4
-32,96,-1
-32,82,3
-32,66,-6
-30,74,-6
-26,79,-4
-27,77,-3
-26,70,-4
-23,67,-4
-17,62,-3
-16,59,-5
-16,53,-9
-16,51,-10
-13,48,-10
-10,50,-9
-6,55,-6
-8,58,-7
-16,67,-11
-27,70,-4
-35,63,17
-27,70,14
-25,83,4
-45,55,12
-41,70,1
-37,71,-6
-39,67,-5
-33,56,-4
-30,52,-3
-31,39,0
-31,33,0
-32,25,-1
-31,24,-2
-31,29,-1
-30,32,-2
-30,45,-4
-31,52,-6
-34,69,-8
-41,68,1
-53,68,21
-40,84,4
-49,91,12
-54,64,13
-49,86,-6
-46,88,-7
-31,82,-5
-28,78,-3
-22,72,0
-19,68,-2
-18,57,-6
-17,52,-7
-13,45,-7
-9,39,-6
-8,37,-5
-11,41,-5
-12,43,-6
-12,52,-8
-13,58,-8
-20,71,-1
-23,84,7
-15,100,4
-15,86,7
-18,78,9
-19,86,11
-28,91,8
-29,82,6
-21,64,2
-20,61,6
-21,47,8
-23,42,5
-25,40,3
-24,43,1
-20,49,-5
-20,48,-4
-25,47,11
-28,51,19
-30,65,11
-27,66,15
-24,67,12
-26,84,6
-44,101,11
-50,92,5
-42,87,-11
-24,85,-10
-19,81,-5
-20,73,-3
-20,69,-6
-20,64,-9
-15,60,-12
-10,53,-15
-21,49,-12
-24,52,-1
-21,52,0
-21,51,-6
-19,49,-8
-15,46,-4
-16,48,5
-25,51,18
-25,60,15
-14,84,15
-15,74,19
-30,81,20
-32,84,17
-17,74,5
-20,65,-2
-24,55,-3
-21,55,-1
-25,50,3
-31,50,4
-40,50,8
-39,53,12
-38,63,16
-30,63,15
-27,68,11
-27,81,12
-28,74,12
-35,90,2
-37,98,6
-35,76,5
-34,81,-2
-27,91,-10
-24,88,-10
-21,78,-7
-22,77,-8
-20,71,-12
-19,66,-14
-17,65,-10
-16,61,-15
-13,53,-24
-15,52,-25
-18,53,-19
-16,53,-17
-18,50,-17
-16,52,-14
-13,57,-4
-16,61,2
-15,83,1
-18,77,8
-23,72,12
-19,82,9
-10,84,7
-13,75,2
-15,72,-2
-23,68,0
-33,63,4
-34,53,-1
-36,51,-4
-33,53,-4
-31,54,-3
-31,49,3
-31,50,3
-30,78,-2
-30,85,0
-29,82,-1
-30,96,2
-32,87,6
-32,84,0
-26,84,-5
-25,83,-7
-31,78,-7
-30,72,-7
-28,64,-13
-23,62,-14
-22,63,-17
-17,63,-17
-9,61,-17
-5,58,-15
-6,58,-16
-7,53,-20
-7,53,-21
-8,51,-19
-12,53,-16
-25,62,-2
-28,73,0
-15,75,-9
-15,63,-9
-26,75,-6
-28,80,-4
-25,83,-9
-23,80,-11
-28,74,-11
-24,71,0
-22,63,6
-24,58,-3
-45,50,-17
-52,49,-19
-40,47,-10
-33,46,-9
-37,56,-18
-38,64,-22
-31,66,-23
-27,62,-21
-31,82,-21
-30,72,-18
-33,81,-25
-27,105,-26
-24,101,-26
-22,85,-20
-23,76,-15
-22,64,-15
-18,62,-14
-5,57,-6
0,53,-2
0,45,-3
-5,43,-5
-13,41,-10
-16,42,-11
-14,47,-12
-12,51,-11
-14,61,-9
-18,66,-7
-24,103,-9
-25,107,-6
-33,85,3
-35,88,7
-23,85,4
-18,78,0
-13,68,-6
-15,65,-6
-23,59,5
-28,51,-2
-36,41,-1
-31,38,3
-30,43,5
-29,47,7
-28,55,8
-27,57,9
-29,70,4
-30,79,0
-27,78,-4
-25,97,-5
-26,92,-2
-28,74,-7
-27,76,-8
-26,74,-8
-28,74,-6
-29,70,-9
-28,66,-8
-40,60,-13
-44,57,-17
-33,55,-16
-29,54,-13
-23,49,-2
-24,50,0
-27,53,8
-29,55,7
-25,57,12
-19,59,19
-3,55,25
-1,60,23
-7,65,39
-7,51,36
2,58,24
4,61,25
-2,65,26
-5,63,21
-8,56,14
-10,49,10
-10,45,8
-15,46,3
-18,47,3
-26,59,5
-28,62,10
-35,64,5
-37,75,5
-28,96,13
-25,85,13
-24,79,4
-26,99,8
-35,78,17
-39,72,7
-35,86,-2
-31,85,0
-26,79,4
-24,75,3
-21,71,-1
-20,69,-4
-16,63,-7
-16,61,-8
-14,57,-10
-13,55,-10
-13,52,-9
-15,49,-11
-15,50,-11
-14,51,-10
-14,51,-7
-14,74,-5
-16,91,-6
-19,68,6
-22,72,5
-24,85,1
-23,88,1
-21,77,-6
-19,69,-7
-19,59,-2
-25,57,1
-30,52,3
-32,48,-2
-35,52,2
-34,54,4
-32,55,7
-31,57,9
-30,70,4
-32,78,1
-30,70,1
-29,67,-2
-32,87,-4
-33,85,-2
-33,78,-10
-31,80,-13
-27,78,-10
-26,75,-7
-23,65,-6
-20,62,-8
-18,60,-8
-16,55,-10
-15,53,-12
-12,50,-14
-12,50,-14
-15,52,-11
-16,53,-11
-18,59,-13
-16,63,-12
-16,65,-1
-18,71,2
-15,92,-5
-15,78,2
-20,68,7
-22,73,6
-24,78,8
-25,77,8
-20,63,6
-20,56,5
-20,47,10
-22,44,10
-24,43,7
-26,45,5
-28,52,8
-30,56,8
-29,61,7
-29,64,5
-31,74,1
-32,75,1
-29,75,-7
-31,100,-12
-31,83,-11
-28,81,-15
-19,84,-18
8,71,-11
3,67,-7
0,62,-13
2,58,-19
33,51,1
28,49,-2
10,48,-11
5,49,-14
-9,55,-23
-14,59,-23
-14,65,-20
-16,71,-18
-22,72,-20
-24,73,-21
-19,83,-27
-22,95,-37
-11,62,-25
-3,64,-6
-1,72,-3
4,73,-9
9,64,-9
2,61,-1
-2,53,-14
-15,51,-16
-9,49,2
-13,50,-10
-21,51,-14
-27,48,-17
-25,46,-23
-28,51,-25
-27,57,-28
-22,69,-28
-24,74,-19
-11,64,-52
-16,71,-52
-26,65,-44
-10,59,-35
12,57,-32
6,57,-30
0,59,-46
-2,53,-50
-3,46,-44
-11,42,-37
-4,34,-31
-4,34,-29
-19,41,-34
-25,42,-34
-25,37,-33
-21,36,-36
-17,39,-41
-17,40,-46
-15,46,-46
-21,50,-44
-18,72,-49
-6,76,-59
11,60,-53
25,60,-22
17,62,-17
-1,67,-43
2,70,-42
1,65,-43
-19,62,-40
-11,36,-15
-11,28,-22
-5,31,-20
-8,37,-24
-22,46,-25
-28,48,-24
-25,49,-18
-27,47,-21
-19,49,-26
-19,50,-26
-27,54,-41
-34,64,-52
-18,78,-39
-9,71,-37
-17,73,-32
-26,71,-22
-23,64,3
-25,61,2
-11,51,-2
-6,62,-2
-11,66,-13
-17,63,-15
-29,63,-20
-34,69,-18
-30,70,-16
-26,69,-15
-17,75,-14
-3,70,-7
-12,64,-3
-16,81,-9
-10,78,-11
-19,60,7
-24,65,8
-23,77,6
-17,77,10
-12,60,14
-14,55,13
-20,49,18
-25,47,19
-24,44,15
-25,47,12
-23,52,13
-23,54,13
-27,54,13
-27,54,12
-28,60,10
-29,67,8
-29,68,7
-28,63,4
-29,89,-3
-36,84,9
-34,68,4
-31,80,-3
-29,84,-1
-27,79,5
-25,74,5
-20,66,2
-17,62,2
-14,56,0
-14,53,-2
-12,49,-3
-12,47,-3
-12,45,-1
-14,45,-1
-16,47,-3
-15,50,-3
-15,57,-1
-17,59,3
-22,64,9
-20,74,2
-16,96,-7
-19,88,-2
-26,84,2
-31,86,3
-35,79,3
-30,71,0
-22,63,0
-21,59,3
-22,45,6
-25,37,5
-26,38,4
-26,45,5
-26,46,6
-26,50,7
-26,56,8
-26,65,4
-28,70,4
-28,65,7
-27,62,4
-30,94,-2
-36,100,6
-35,75,-1
-34,81,-6
-27,79,0
-27,76,4
-25,68,3
-21,64,1
-15,59,-1
-14,56,0
-15,51,-2
-14,51,-4
-12,50,-5
-10,48,-4
-11,48,-3
-15,50,-4
-14,57,-5
-16,58,-5
-23,63,8
-30,73,9
-25,93,-9
-31,78,-7
-33,76,-6
-33,79,-8
-33,76,-6
-31,62,-5
-29,58,-9
-24,52,-7
-22,47,-5
-24,38,-3
-26,37,-3
-26,44,-3
-26,46,-4
-29,47,0
-30,47,1
-33,57,1
-32,64,0
-31,69,-3
-30,67,-3
-35,92,-7
-38,91,-3
-38,74,-7
-36,79,-11
-27,77,-9
-26,74,-8
-26,62,-7
-25,58,-8
-21,54,-10
-19,53,-9
-15,50,-7
-11,49,-10
-12,49,-11
-14,50,-10
-15,52,-10
-16,55,-11
-16,59,-11
-18,66,-8
-19,67,-4
-22,78,-2
-20,85,-6
-20,73,-3
-26,69,2
-34,75,1
-32,77,-1
-25,72,-3
-24,65,-3
-24,51,2
-26,44,4
-26,37,3
-25,36,3
-27,38,4
-27,40,4
-28,48,2
-29,52,0
-31,64,-5
-31,71,-8
-30,68,-7
-29,74,-12
-34,91,-12
-39,74,-9
-39,77,-13
-31,83,-15
-27,81,-12
-25,70,-8
-25,65,-6
-23,59,-6
-21,56,-6
-18,53,-6
-16,52,-6
-14,53,-8
-13,52,-8
-14,45,-7
-14,45,-6
-14,53,-8
-14,57,-7
-21,64,4
-24,68,6
-19,101,-11
-18,91,-8
-27,72,-5
-33,85,-6
-28,80,-11
-25,75,-14
-18,64,-10
-18,59,-7
-23,50,-4
-29,42,0
-30,39,0
-33,46,6
-33,50,9
-34,53,13
-33,55,11
-31,71,2
-32,81,0
-28,67,1
-28,69,-3
-34,99,-5
-35,89,-3
-31,85,-14
-28,87,-15
-24,81,-13
-24,74,-11
-21,63,-10
-19,59,-10
-16,54,-9
-14,51,-8
-12,47,-9
-11,48,-10
-11,48,-13
-12,45,-12
-16,50,-7
-16,54,-7
-16,63,-10
-17,66,-5
-23,73,7
-18,85,-1
-12,75,-2
-23,71,4
-27,80,5
-27,82,1
-26,79,0
-26,67,3
-27,59,8
-29,50,13
-29,49,13
-24,46,9
-24,50,8
-29,56,10
-31,56,10
-30,59,8
-29,63,6
-29,73,4
-29,69,3
-28,84,-5
-32,84,2
-31,78,0
-30,81,-7
-26,85,-9
-25,83,-8
-23,71,-4
-22,67,-5
-19,61,-6
-16,59,-5
-14,52,-7
-14,51,-8
-12,48,-9
-11,47,-9
-13,47,-7
-14,48,-12
-17,53,-13
-12,59,-3
-16,63,3
-21,74,1
-18,78,-8
-18,80,-8
-22,78,-6
-36,86,1
-40,89,3
-33,75,-4
-28,71,-7
-20,59,-12
-25,51,-4
-24,45,7
-23,43,3
-23,46,4
-23,47,4
-25,51,7
-26,53,7
-25,57,4
-25,63,4
-25,70,-1
-25,82,-8
-33,93,-4
-34,75,-7
-29,92,-12
-27,85,-8
-26,76,-6
-21,61,-5
-23,57,-8
-17,54,-7
-16,53,-9
-13,53,-10
-14,52,-12
-14,51,-13
-15,52,-13
-14,53,-15
-15,55,-17
-15,61,-17
-17,61,-14
-19,74,-11
-17,90,-16
-19,69,2
-27,65,8
-27,75,4
-23,82,1
-18,80,3
-17,71,2
-20,56,5
-25,51,16
-29,50,14
-29,47,11
-27,45,3
-31,46,1
-29,48,0
-28,51,0
-25,61,2
-30,74,-3
-31,72,-3
-32,73,-9
-35,92,-8
-41,80,2
-42,70,-2
-33,81,-5
-26,83,-6
-22,78,-3
-20,74,-2
-22,69,-4
-22,69,-6
-19,68,-9
-17,67,-9
-12,59,-11
-10,52,-11
-11,42,-8
-11,40,-6
-11,40,-6
-11,42,-7
-11,48,-5
-14,52,-1
-17,64,-2
-15,83,-8
-17,84,-7
-23,83,-5
-32,103,-2
-34,94,-5
-32,77,-4
-25,58,-1
-24,59,3
-24,53,4
-27,49,4
-31,46,6
-31,50,8
-32,57,10
-31,60,11
-23,61,10
-22,63,8
-23,70,5
-23,70,3
-21,63,-1
-20,66,-4
-29,84,-2
-31,77,-1
-30,71,-9
-28,77,-10
-25,80,-6
-25,77,-4
-23,65,-3
-21,61,-3
-16,53,-4
-16,51,-4
-15,50,-7
-15,50,-8
-13,50,-7
-15,50,-8
-16,51,-9
-16,54,-10
-15,56,-9
-17,61,-4
-19,62,2
-20,74,-2
-17,89,-8
-17,84,0
-21,77,4
-31,75,2
-33,79,0
-27,78,-4
-22,72,-5
-19,62,-1
-19,57,-1
-22,45,-2
-25,41,-1
-25,40,2
-25,43,4
-26,49,6
-25,51,6
-24,54,7
-24,59,6
-25,67,4
-27,70,3
-26,65,3
-28,62,5
-31,68,2
-47,85,3
-46,69,4
-37,77,-5
-31,87,-5
-23,84,-2
-22,79,-4
-20,76,-7
-19,75,-7
-17,68,-7
-16,63,-7
-13,56,-6
-13,53,-5
-15,43,-7
-14,40,-6
-11,38,-3
-9,39,-3
-9,40,-6
-12,43,-5
-15,56,-1
-16,65,-4
-18,111,-9
-21,109,-4
-31,91,-9
-30,91,-7
-41,89,-4
-38,79,-9
-25,70,-6
-26,66,-4
-29,55,-1
-34,49,-2
-30,43,2
-25,49,9
-26,53,9
-26,55,9
-24,55,9
-24,66,8
-24,72,8
-21,73,4
-20,67,1
-17,62,0
-16,65,-2
-24,85,0
-30,78,2
-23,77,-7
-19,82,-7
-24,77,-1
-24,69,-1
-21,58,-2
-19,55,0
-17,48,0
-16,46,-2
-16,47,-5
-16,49,-5
-16,51,-5
-16,51,-5
-19,55,-7
-21,61,-9
-17,64,-6
-15,66,-3
-12,80,-4
-20,94,-4
-25,78,-3
-31,80,8
-27,82,5
-17,75,-5
-16,66,-9
-21,59,-5
-22,55,-3
-25,48,-4
-27,44,-3
-27,41,-2
-28,45,3
-22,48,4
-22,49,5
-23,50,10
-24,54,9
-25,72,6
-26,74,4
-24,63,0
-24,66,-3
-34,91,-1
-39,82,3
-37,66,-7
-31,77,-8
-21,81,-8
-21,77,-7
-22,66,-5
-21,62,-7
-20,60,-7
-17,54,-7
-15,53,-8
-14,50,-12
-14,49,-13
-13,51,-12
-13,50,-13
-18,56,-14
-17,61,-6
-15,64,-5
-16,63,-3
-15,87,-4
-14,94,-1
-21,69,1
-26,72,3
-30,80,8
-29,82,6
-19,65,-4
-16,61,-4
-21,54,1
-24,49,4
-27,42,0
-27,41,-1
-28,45,5
-27,48,6
-25,52,8
-25,55,8
-25,68,5
-28,74,2
-29,68,0
-31,82,-6
-34,92,-3
-38,78,-3
-37,81,-10
-27,84,-12
-24,81,-10
-24,68,-6
-25,63,-6
-23,58,-6
-20,57,-7
-13,55,-8
-13,55,-10
-11,53,-12
-25,63,-6
-23,58,-6
-20,57,-7
-13,55,-8
-13,55,-10
-11,53,-12
-12,52,-10
-11,50,-11
-15,50,-12
-16,54,-11
-15,57,-10
-17,59,-3
-19,64,1
-16,89,-3
-17,78,3
-21,74,4
-23,85,2
-26,91,3
-27,84,2
-23,65,-2
-25,63,1
-24,53,5
-27,45,3
-27,44,4
-27,46,6
-27,48,8
-27,52,8
-28,53,8
-28,61,1
-28,69,-2
-27,70,-2
-27,67,-3
-35,96,-4
-40,85,0
-34,84,-7
-31,89,-7
-26,83,-5
-26,77,-4
-23,66,-4
-20,62,-4
-17,58,-3
-16,55,-5
-14,50,-9
-12,48,-11
-12,48,-11
-12,49,-11
-15,53,-12
-15,55,-11
-16,62,-13
-17,63,-11
-20,64,-3
-20,81,-3
-17,79,0
-17,67,8
-20,71,10
-20,87,9
-22,86,6
-24,75,0
-25,68,1
-25,59,4
-23,52,5
-24,41,6
-24,39,6
-25,43,5
-26,48,5
-29,58,4
-30,61,3
-33,68,2
-33,73,-1
-32,71,-1
-29,69,-1
-31,89,-3
-34,83,-2
-34,84,-9
-31,88,-9
-27,83,-8
-27,77,-7
-25,65,-7
-22,62,-5
-17,58,-4
-15,53,-7
-15,51,-9
-12,52,-11
-12,52,-12
-14,51,-12
-15,52,-12
-13,57,-12
-15,61,-10
-17,61,-1
-17,70,-3
-12,83,1
-13,71,6
-20,70,4
-24,78,5
-28,84,8
-26,77,8
-21,66,6
-21,61,8
-21,49,9
-23,45,8
-25,44,7
-25,45,8
-28,48,9
-28,50,10
-25,57,11
-26,62,10
-29,74,4
-32,74,1
-30,67,1
-29,80,-2
-31,85,-1
-34,74,-4
-33,79,-8
-28,84,-9
-26,82,-9
-25,69,-7
-24,65,-5
-20,60,-4
-19,57,-6
-16,53,-7
-15,51,-9
-14,52,-12
-14,53,-12
-13,53,-12
-15,50,-12
-15,55,-11
-17,60,-10
-17,63,-2
-17,72,-1
-15,85,-1
-17,69,5
-26,73,5
-27,80,6
-22,81,6
-21,71,0
-22,67,0
-25,57,2
-25,51,4
-25,45,2
-25,44,2
-26,47,3
-27,49,3
-31,53,4
-31,56,4
-31,69,1
-31,74,-1
-33,77,-7
-35,96,-8
-42,81,0
-38,76,-5
-30,89,-10
-27,86,-7
-26,75,-5
-25,70,-5
-22,64,-7
-19,63,-6
-16,58,-7
-15,56,-9
-11,54,-12
-11,52,-12
-14,51,-9
-14,51,-8
-12,55,-9
-11,57,-9
-14,58,-4
-17,58,0
-19,71,-1
-12,75,0
-13,66,3
-25,80,2
-28,89,1
-28,87,-2
-26,78,-3
-27,69,-2
-28,65,1
-30,54,5
-29,48,4
-29,46,6
-29,47,8
-30,51,8
-31,54,9
-31,58,7
-31,64,5
-32,72,3
-30,67,4
-30,86,-4
-34,103,0
-32,85,-5
-31,91,-10
-23,86,-11
-22,80,-10
-23,67,-8
-23,63,-8
-17,56,-9
-14,53,-8
-13,47,-7
-12,45,-8
-12,47,-10
-13,56,-9
-14,59,-8
-14,60,-9
-14,63,-10
-15,63,-4
-19,62,1
-15,86,-2
-10,89,2
-13,75,1
-23,80,-2
-31,79,11
-29,74,11
-19,66,16
-15,61,22
-18,51,16
-21,48,18
-24,44,20
-24,45,19
-28,51,17
-30,52,18
-32,54,17
-32,59,15
-32,71,11
-32,72,7
-29,69,6
-32,82,4
-36,84,6
-36,79,7
-32,88,5
-30,88,3
-28,80,4
-24,66,0
-21,61,1
-16,52,-1
-16,49,-2
-12,48,-3
-10,48,-5
-13,47,-7
-11,49,-3
-12,48,-7
-13,50,-6
-12,56,-4
-16,60,1
-20,78,4
-20,95,4
-19,81,9
-24,82,8
-36,90,13
-31,84,13
-27,67,9
-27,64,7
-26,57,4
-27,51,4
-27,42,5
-30,41,6
-27,46,14
-25,50,15
-26,51,15
-25,55,18
-25,61,18
-31,69,13
-30,67,9
-35,80,6
-35,86,4
-39,73,6
-37,76,5
-29,81,0
-29,79,-1
-29,69,4
-28,66,5
-23,61,5
-22,59,2
-18,54,-2
-17,51,-4
-15,49,-4
-13,48,-4
-10,46,-15
-12,45,-21
-20,56,-18
-13,62,-16
-16,63,-5
-22,68,3
-20,93,1
-16,91,5
-23,74,14
-32,83,15
-31,85,18
-24,71,16
-25,63,10
-23,55,9
-24,49,7
-26,41,3
-26,39,2
-27,43,6
-27,44,9
-25,45,7
-25,47,8
-25,62,7
-28,72,5
-33,72,0
-29,64,0
-21,91,8
-29,93,11
-37,79,3
-33,82,-3
-26,84,-4
-24,79,-2
-21,66,1
-20,60,1
-18,53,-3
-17,51,-3
-13,49,-6
-13,47,-8
-4,44,-17
-14,44,-5
-33,50,3
-21,58,3
-15,59,-2
-23,61,5
-27,67,8
-23,86,3
-20,73,8
-28,81,9
-29,87,11
-33,86,10
-30,76,11
-24,59,11
-26,56,12
-25,45,14
-24,41,14
-24,37,14
-25,38,16
-27,43,15
-27,47,14
-30,57,9
-31,63,7
-33,70,2
-34,68,1
-36,90,-6
-38,93,-4
-41,76,-6
-38,84,-9
-27,79,-9
-25,75,-7
-28,65,-5
-26,60,-4
-22,58,-4
-18,55,-6
-17,55,-6
-15,54,-6
-15,53,-7
-13,52,-7
-15,52,-7
-14,53,-4
-15,56,-6
-15,61,-2
-18,62,3
-25,79,5
-21,92,-2
-18,74,4
-23,74,6
-32,80,9
-35,77,10
-27,63,6
-24,59,2
-21,56,4
-22,53,4
-25,46,1
-27,43,2
-30,45,4
-31,48,6
-31,56,11
-31,61,9
-36,65,8
-35,70,8
-32,64,8
-31,62,4
-33,78,1
-36,92,1
-37,83,-1
-32,88,-7
-26,85,-7
-22,79,-7
-22,71,-7
-21,64,-6
-20,61,-6
-18,55,-6
-16,54,-6
-12,51,-8
-11,49,-9
-13,45,-12
-11,43,-9
-15,48,-9
-15,50,-8
-15,57,0
-9,61,5
-12,91,6
-14,100,3
-26,86,7
-37,86,9
-37,88,11
-27,83,12
-26,74,6
-27,62,3
-25,55,2
-23,43,-3
-24,44,-3
-25,49,-2
-27,46,0
-32,40,6
-31,39,8
-28,53,10
-26,65,8
-30,74,2
-30,65,2
-34,82,-2
-36,98,0
-35,70,2
-33,80,-2
-27,91,-1
-27,87,0
-26,69,0
-25,64,0
-19,59,0
-15,55,-2
-15,54,-3
-15,53,-5
-15,52,-9
-15,53,-7
-12,50,-8
-13,54,-12
-15,57,-11
-14,62,-6
-14,62,-2
-22,65,9
-23,73,6
-14,87,4
-15,75,5
-27,77,3
-32,82,4
-30,83,4
-28,76,2
-27,65,-2
-28,62,1
-25,51,3
-26,48,4
-33,44,8
-31,45,9
-31,48,12
-32,49,12
-31,55,11
-32,61,10
-33,71,6
-31,67,5
-31,77,-1
-33,93,0
-36,76,1
-33,77,-3
-25,89,-3
-24,84,-2
-26,71,-2
-22,62,0
-20,59,-1
-16,54,-2
-14,54,-3
-13,54,-6
-14,53,-9
-14,51,-12
-13,52,-11
-17,54,-12
-17,57,-13
-17,61,-9
-17,59,-4
-25,58,12
-25,61,11
-10,80,-5
-9,80,-5
-17,72,5
-25,81,9
-36,90,9
-37,88,9
-27,70,3
-25,67,6
-26,59,15
-28,54,13
-30,50,10
-31,46,10
-33,48,9
-31,48,5
-29,52,4
-29,70,1
-30,74,1
-28,61,-1
-28,61,-4
-37,92,-6
-39,85,-4
-35,80,-11
-32,93,-12
-25,88,-9
-25,82,-5
-24,71,-1
-23,68,-1
-18,63,-2
-15,61,-1
-11,54,-1
-12,51,-3
-10,46,-3
-10,43,-3
-12,42,-4
-12,42,-4
-13,48,-5
-13,52,-5
-18,60,2
-20,66,2
-19,98,-9
-20,99,-9
-30,96,2
-35,101,3
-35,94,-2
-31,71,0
-26,63,-3
-23,63,-1
-23,57,0
-25,44,4
-27,41,5
-29,41,6
-29,44,7
-29,47,9
-28,49,10
-25,58,8
-26,68,6
-27,74,6
-26,67,5
-25,73,1
-28,89,1
-32,77,6
-31,73,-1
-27,91,-2
-24,90,-1
-22,78,4
-21,71,4
-21,64,0
-19,62,-1
-15,57,-2
-13,54,-3
-12,48,-7
-10,47,-7
-12,44,-5
-13,44,-4
-13,45,-5
-13,52,-6
-14,57,-3
-19,74,0
-20,90,-4
-20,84,-6
-26,89,-1
-28,89,6
-27,84,0
-30,75,1
-29,69,2
-29,67,0
-28,65,2
-26,57,5
-26,51,6
-27,46,6
-28,47,6
-27,50,7
-26,51,9
-26,53,11
-27,56,12
-29,62,14
-28,61,14
-23,64,10
-22,71,5
-28,94,5
-31,77,6
-31,75,5
-29,76,6
-26,76,7
-20,70,6
-19,68,3
-18,64,1
-19,64,-1
-19,61,-5
-18,58,-6
-16,51,-6
-17,50,-6
-16,47,-4
-17,45,-4
-15,46,-5
-13,48,-6
-15,56,-2
-18,59,5
-24,71,5
-20,91,-3
-18,83,4
-23,81,12
-22,85,5
-24,82,2
-24,68,-2
-25,66,-2
-23,56,5
-22,51,7
-21,39,9
-23,37,9
-25,44,9
-25,53,8
-26,54,9
-26,55,10
-26,59,7
-27,65,3
-28,60,2
-27,69,-2
-29,86,-1
-35,87,1
-36,81,-3
-35,79,-5
-32,76,-1
-30,69,5
-27,65,5
-20,60,3
-16,59,2
-14,56,-1
-14,55,-3
-16,56,-3
-16,54,-3
-17,49,-5
-17,49,-4
-15,57,-3
-16,61,-3
-18,59,3
-21,57,9
-17,65,5
-13,76,-2
-12,76,-3
-24,75,5
-32,77,8
-38,82,9
-32,76,7
-17,58,2
-16,55,6
-22,48,9
-29,45,8
-42,48,9
-40,49,9
-39,48,11
-38,49,11
-35,61,10
-35,70,8
-34,69,7
-32,66,7
-28,73,2
-29,82,0
-29,68,0
-30,68,-4
-28,80,-7
-25,83,-8
-25,74,-6
-25,71,-6
-23,66,-5
-21,63,-4
-18,57,-4
-17,52,-5
-18,47,-5
-17,47,-6
-17,44,-6
-17,49,-4
-16,52,-3
-19,58,-5
-19,62,-4
-23,64,9
-26,68,12
-14,90,-2
-12,83,3
-22,67,11
-26,73,8
-27,80,7
-26,78,8
-22,64,7
-21,58,3
-21,53,4
-23,50,4
-30,49,2
-31,51,1
-32,55,6
-33,56,9
-32,55,9
-32,59,8
-34,69,7
-32,72,6
-27,64,6
-27,66,3
-34,92,5
-36,88,8
-30,81,-2
-22,94,-5
-21,91,-3
-22,76,-1
-22,71,-1
-19,67,-3
-17,65,-3
-13,58,-4
-13,53,-5
-13,46,-6
-13,44,-6
-15,39,-7
-15,38,-5
-16,41,-2
-16,45,-2
-18,54,1
-21,58,7
-22,70,5
-18,87,-2
-18,89,4
-25,83,7
-33,93,9
-31,93,4
-25,82,1
-21,73,0
-22,63,1
-24,59,2
-29,49,1
-30,44,2
-26,41,8
-27,43,10
-27,46,12
-28,52,9
-28,56,7
-31,74,1
-33,75,0
-29,74,-4
-30,89,-5
-37,79,3
-35,71,-2
-28,85,-8
-25,84,-5
-25,76,0
-24,70,0
-21,62,-3
-20,61,-3
-17,56,-4
-16,55,-6
-15,53,-9
-14,53,-10
-14,52,-10
-13,51,-8
-17,52,-9
-16,56,-9
-18,62,-4
-19,59,6
-22,67,9
-12,80,1
-11,70,5
-22,73,7
-26,78,7
-32,80,5
-29,75,5
-25,69,3
-25,65,6
-25,53,14
-26,49,15
-28,44,11
-28,45,11
-29,53,12
-29,55,11
-30,60,8
-31,65,6
-33,71,3
-32,67,2
-32,85,-4
-35,97,-1
-33,68,0
-33,77,-6
-27,87,-6
-26,84,-3
-24,71,0
-22,63,-3
-20,60,-3
-18,58,-3
-16,54,-5
-12,52,-7
-11,51,-7
-11,46,-7
-13,45,-7
-14,46,-6
-15,53,-6
-16,64,-2
-17,64,2
-20,75,5
-16,87,-1
-15,74,0
-21,73,0
-27,85,2
-30,83,1
-28,72,-2
-26,69,-4
-23,64,0
-24,60,3
-27,51,3
-28,48,3
-33,49,5
-31,48,7
-33,52,8
-34,56,9
-33,66,6
-33,71,5
-32,74,4
-28,75,3
-35,109,5
-34,92,8
-26,89,-8
-17,94,-7
-15,87,-3
-21,72,0
-21,67,-1
-18,58,-7
-17,55,-8
-11,49,-6
-10,45,-5
-11,41,-8
-12,42,-9
-14,46,-9
-15,48,-7
-14,54,-6
-13,57,-5
-20,64,5
-22,73,3
-19,86,-2
-21,78,1
-31,87,5
-33,92,6
-32,92,6
-28,83,6
-23,66,7
-23,61,10
-23,49,9
-28,47,11
-30,39,4
-28,42,6
-29,47,6
-28,52,8
-29,56,7
-31,70,3
-31,73,2
-29,78,-3
-33,95,0
-31,71,5
-31,75,-3
-26,90,-4
-25,87,-2
-26,73,1
-24,69,2
-20,63,1
-18,60,0
-14,55,-1
-13,53,-2
-11,50,-5
-12,48,-7
-12,44,-7
-14,44,-7
-14,49,-7
-15,51,-8
-15,61,-1
-18,67,5
-17,94,-2
-16,98,0
-23,79,5
-32,86,7
-29,90,4
-19,77,-4
-18,71,-3
-16,57,0
-19,51,-3
-25,44,-4
-25,42,-4
-24,44,-1
-25,46,1
-29,51,4
-31,53,6
-32,58,9
-30,64,8
-30,73,9
-29,67,9
-26,66,5
-29,80,3
-36,85,9
-32,68,6
-31,89,-2
-28,94,0
-24,82,2
-23,75,2
-19,70,0
-17,68,-1
-15,63,-3
-14,60,-4
-12,53,-5
-13,50,-6
-12,45,-7
-14,43,-8
-14,43,-7
-13,48,-5
-13,53,-4
-16,59,1
-19,61,5
-16,81,-1
-15,92,-1
-17,85,1
-25,85,-2
-40,99,-2
-41,97,0
-30,71,-1
-25,65,2
-21,57,-1
-21,53,-4
-22,47,-5
-23,46,-3
-29,45,4
-32,47,7
-30,49,9
-25,50,8
-23,56,9
-26,60,10
-27,69,11
-25,65,6
-30,96,1
-38,109,11
-32,70,2
-30,81,-3
-23,89,1
-20,74,1
-19,67,-1
-19,60,-3
-18,58,-2
-15,52,-2
-13,50,-5
-11,48,-7
-11,47,-6
-14,47,-7
-16,48,-8
-17,55,-6
-16,56,-6
-18,59,-4
-19,62,0
-22,68,10
-19,79,2
-14,89,-1
-16,74,2
-33,80,10
-38,87,12
-29,84,4
-21,72,-2
-18,64,1
-18,61,4
-23,52,2
-25,46,2
-27,42,4
-26,43,6
-27,46,9
-26,50,12
-26,52,10
-26,59,8
-26,66,6
-26,73,5
-24,72,1
-31,92,5
-30,79,4
-26,77,-11
-25,82,-9
-29,78,0
-29,76,2
-25,70,-4
-21,67,-4
-16,62,-3
-16,59,-5
-17,55,-7
-16,53,-7
-16,51,-7
-15,50,-6
-16,48,-5
-15,49,-3
-14,55,-5
-15,59,-4
-16,61,5
-18,65,6
-16,81,-1
-20,77,3
-24,73,6
-30,79,6
-28,80,6
-24,75,-3
-23,72,-2
-24,65,6
-25,58,5
-27,47,4
-27,45,7
-26,46,9
-28,47,10
-27,49,14
-26,51,13
-27,60,9
-30,69,7
-29,72,6
-27,66,5
-26,66,1
-30,81,1
-37,79,2
-33,71,-3
-28,88,-5
-24,90,-4
-21,82,-3
-21,75,-4
-19,68,-4
-18,65,-4
-16,60,-7
-14,53,-11
-13,51,-12
-10,47,-13
-12,46,-12
-15,47,-10
-15,52,-10
-14,60,-4
-15,59,1
-16,74,3
-13,84,-1
-14,69,10
-19,70,13
-26,85,6
-27,96,7
-25,87,0
-22,75,-4
-25,70,4
-28,64,1
-30,52,-6
-29,49,-3
-25,45,1
-26,47,1
-28,50,5
-28,49,5
-28,53,7
-29,59,7
-33,71,5
-33,71,6
-28,75,3
-28,87,4
-31,82,4
-27,80,-4
-25,86,-6
-21,83,-5
-23,78,-6
-25,68,-7
-23,64,-7
-18,59,-6
-16,56,-7
-15,52,-8
-15,50,-9
-14,50,-10
-13,51,-10
-12,53,-11
-14,56,-13
-15,63,-12
-16,65,-12
-17,62,-3
-20,66,2
-18,78,-2
-14,73,-1
-17,70,4
-21,75,6
-31,82,9
-29,80,10
-22,65,11
-19,62,14
-21,53,10
-25,51,5
-30,48,-1
-31,50,0
-31,52,1
-30,51,2
-30,51,2
-31,56,1
-31,64,2
-38,67,-2
-40,67,-3
-45,92,-6
-47,92,-1
-34,70,1
-31,76,-1
-29,77,0
-27,73,1
-26,65,0
-24,62,-2
-20,58,-3
-17,58,-3
-16,56,-7
-16,56,-10
-13,55,-12
-13,53,-13
-14,53,-16
-14,53,-16
-14,53,-18
-12,54,-17
-18,57,-8
-21,60,-3
-24,85,6
-11,78,19
-14,79,23
-30,91,25
-33,94,26
-30,78,11
-24,68,9
-26,60,8
-22,54,5
-24,43,-1
-24,41,-2
-27,36,0
-27,36,1
-30,40,3
-29,44,3
-33,60,2
-32,67,0
-40,79,-5
-41,98,-11
-46,91,-9
-43,75,-7
-33,82,-7
-28,82,-6
-24,74,-5
-24,67,-4
-22,57,-1
-17,54,-1
-15,53,-1
-14,53,-2
-11,52,-5
-13,52,-7
-14,53,-10
-13,52,-11
-14,51,-13
-17,58,-13
-19,63,-12
-23,71,-4
-22,83,-5
-19,84,-1
-24,69,4
-26,73,4
-25,76,2
-21,77,4
-19,70,2
-29,61,4
-21,56,7
-28,48,4
-29,43,1
-32,41,1
-31,41,3
-30,49,8
-28,51,11
-23,53,10
-21,60,9
-23,76,4
-25,76,2
-26,80,-4
-28,88,-1
-37,71,-3
-32,67,-6
-23,79,-4
-26,76,-3
-29,70,-4
-26,60,-4
-23,56,-4
-21,51,-8
-17,49,-7
-8,46,1
-9,47,1
-18,49,-10
-18,53,-11
-20,61,-9
-19,61,-8
-19,70,-6
-20,74,-1
-18,89,-5
-16,100,-6
-17,60,7
-23,53,5
-25,61,10
-19,69,15
-18,69,5
-19,67,3
-20,58,4
-21,50,4
-26,43,10
-25,42,10
-24,45,14
-29,46,10
-28,49,9
-26,57,7
-26,63,3
-29,73,3
-28,68,5
-31,81,-2
-35,98,-4
-36,82,-3
-34,76,-7
-30,79,-8
-28,78,-7
-24,65,-3
-23,61,-2
-21,57,-3
-20,56,-4
-17,53,-5
-16,51,-6
-12,50,-9
-12,49,-10
-14,49,-10
-15,51,-9
-17,55,-11
-17,59,-10
-17,65,-4
-19,66,0
-18,89,-6
-17,88,-1
-25,66,9
-23,77,6
-22,83,5
-20,79,1
-19,69,-1
-21,59,-1
-21,54,3
-28,44,6
-28,40,5
-28,41,7
-28,45,8
-28,52,11
-26,53,12
-23,60,11
-24,66,10
-28,74,8
-27,68,5
-28,86,-1
-32,92,1
-33,73,-2
-32,72,-7
-26,73,-11
-26,74,-9
-25,68,-5
-24,62,-5
-20,56,-7
-19,56,-7
-17,56,-7
-16,56,-8
-14,55,-12
-12,55,-12
-12,55,-13
-17,54,-15
-19,54,-14
-20,61,-9
-19,63,-6
-18,88,-6
-18,92,0
-25,61,15
-24,65,14
-20,84,9
-18,90,5
-15,72,2
-13,59,0
-29,50,15
-29,45,15
-26,38,6
-23,38,4
-24,42,1
-26,45,0
-28,50,5
-25,52,5
-25,62,5
-28,70,7
-23,70,8
-24,68,2
-35,97,2
-39,92,8
-34,75,-2
-33,79,-4
-28,79,-4
-25,70,-3
-22,65,-2
-22,60,-4
-19,56,-4
-17,50,-6
-16,49,-6
-14,48,-9
-13,49,-10
-14,54,-10
-15,57,-10
-16,61,-9
-16,61,-9
-16,64,-8
-16,70,-4
-18,91,-2
-18,72,3
-27,72,6
-26,77,8
-26,89,9
-22,83,8
-13,60,0
-16,57,0
-18,51,13
-31,47,12
-25,40,2
-28,39,1
-33,46,6
-33,48,9
-28,53,16
-25,69,21
-20,78,27
-7,72,19
-10,65,13
-28,88,2
-34,85,-3
-38,67,-14
-38,77,-18
-34,77,-10
-28,70,-9
-27,62,-8
-28,59,-8
-23,51,-9
-22,48,-7
-21,47,-2
-18,49,-2
-14,54,-3
-13,55,-2
-15,55,0
-16,57,1
-19,62,-1
-19,64,2
-22,68,7
-17,83,1
-14,81,10
-15,60,14
-21,65,11
-21,71,9
-22,71,7
-20,64,5
-20,56,3
-24,55,14
-25,53,13
-27,47,11
-27,46,11
-26,48,10
-26,50,8
-28,55,4
-29,57,4
-32,62,5
-31,68,5
-30,66,9
-26,63,6
-27,90,-3
-29,90,5
-35,73,4
-33,87,4
-28,93,-2
-27,87,-4
-24,70,-3
-23,67,-3
-21,61,-3
-19,58,-2
-15,52,-5
-13,49,-7
-10,47,-7
-10,44,-8
-13,43,-8
-13,45,-7
-11,49,-5
-15,58,-1
-17,61,2
-14,85,-5
-15,101,-2
-21,80,2
-30,91,2
-41,103,3
-38,92,4
-23,68,5
-22,63,5
-24,56,2
-28,49,-1
-25,37,3
-22,36,5
-23,43,7
-25,47,8
-27,51,7
-27,52,6
-26,64,4
-27,72,5
-26,71,3
-24,72,-1
-27,88,0
-31,84,3
-31,73,-5
-28,82,-5
-24,81,-2
-25,75,-1
-25,63,-2
-20,56,0
-17,53,1
-16,47,-3
-17,46,-7
-12,46,-9
-11,46,-8
-14,48,-10
-15,50,-11
-19,61,-12
-18,65,-10
-21,74,-5
-21,77,-1
-18,104,-6
-16,92,0
-25,68,10
-26,73,11
-23,77,8
-15,73,8
-12,59,4
-14,53,2
-17,41,4
-17,34,1
-26,36,-13
-27,39,-9
-41,51,13
-25,48,16
-13,57,12
-10,71,6
-20,78,1
-35,78,-1
-37,70,-4
-35,90,-14
-39,97,-6
-36,79,6
-23,79,2
-15,81,2
-13,76,2
-19,69,2
-26,66,0
-26,54,-5
-24,51,-6
-19,47,-8
-17,47,-10
-12,49,-10
-13,51,-11
-16,57,-13
-17,60,-15
-17,68,-14
-15,73,-12
-19,64,-8
-20,62,-5
-18,83,-6
-15,83,-3
-17,64,2
-25,68,4
-35,75,7
-26,72,7
-22,66,3
-19,54,0
-18,49,2
-23,41,-1
-24,39,-1
-24,44,1
-26,49,1
-35,59,4
-39,64,6
-37,79,6
-40,85,8
-40,78,-4
-43,95,-5
-34,88,5
-28,69,0
-23,68,-5
-25,71,-4
-32,79,-5
-30,79,-7
-23,71,-12
-17,67,-16
-12,57,-16
-13,53,-15
-14,46,-13
-14,44,-11
-13,45,-12
-14,58,-12
-15,66,-13
-13,71,-17
-16,73,-17
-16,100,-14
-15,81,0
-22,66,4
-21,75,0
-19,82,6
-19,76,9
-46,58,-13
-46,55,-9
-15,59,23
-20,57,17
-24,55,15
-24,57,15
-18,56,10
-19,57,7
-27,70,-1
-30,72,-3
-39,60,2
-39,58,4
-36,54,0
-30,62,0
-34,90,15
-33,85,10
-25,87,-8
-21,88,-6
-19,80,5
-17,76,8
-21,62,-2
-23,60,-6
-20,56,-7
-19,52,-10
-17,53,-10
-15,57,-11
-16,60,-12
-16,65,-12
-15,63,-12
-14,57,-16
-14,55,-16
-18,59,-8
-18,67,-5
-16,72,5
-19,71,6
-23,81,8
-24,85,10
-23,87,13
-17,75,14
-19,56,15
-20,48,14
-22,45,11
-23,47,6
-27,51,-2
-28,53,-3
-29,52,4
-28,50,14
-23,56,12
-19,66,6
-28,74,6
-30,65,4
-35,92,-3
-32,91,4
-29,74,0
-23,81,-4
-22,77,-4
-25,68,-3
-25,63,-3
-22,57,1
-18,55,1
-14,50,1
-13,49,0
-12,47,0
-12,46,-1
-9,45,-4
-10,47,-3
-15,53,-4
-16,57,-3
-16,64,2
-18,68,4
-15,91,-4
-15,102,-4
-24,83,6
-30,78,7
-34,76,5
-31,80,3
-22,75,-2
-19,68,-1
-20,58,-2
-20,54,-1
-22,46,12
-14,48,17
-5,37,4
-20,41,-13
-28,46,-9
-40,53,0
-40,53,0
-33,59,-1
-30,63,-2
-28,60,-3
-27,59,-5
-31,93,-9
-35,101,-1
-38,72,-7
-41,79,-9
-33,80,-3
-29,76,1
-25,64,2
-26,62,1
-20,58,0
-17,55,-3
-14,52,-5
-14,52,-6
-11,50,-6
-11,48,-8
-14,46,-16
-18,53,-9
-18,59,1
-16,60,-1
-13,64,-1
-9,65,1
-8,93,-10
-19,83,2
-26,81,4
-32,78,-1
-31,78,-2
-22,72,-7
-20,68,-9
-21,59,1
-21,53,2
-27,42,-3
-28,39,-3
-27,43,3
-28,46,4
-24,51,6
-22,53,5
-21,58,4
-23,63,3
-27,69,-1
-27,64,-1
-26,60,-5
-27,76,-6
-40,92,9
-41,83,5
-30,96,0
-21,95,3
-13,79,3
-14,69,0
-15,60,-1
-19,57,-2
-20,56,-2
-18,55,-6
-16,54,-10
-12,52,-12
-13,52,-10
-16,53,-9
-17,53,-8
-16,55,-6
-14,55,-3
-16,54,6
-15,59,4
-11,78,-4
-12,73,-2
-20,82,-1
-25,92,1
-39,100,5
-38,90,0
-25,69,-5
-22,68,1
-23,57,7
-26,52,7
-30,45,8
-31,45,8
-31,47,11
-30,48,10
-29,58,9
-29,66,6
-28,78,4
-26,75,1
-21,68,-2
-25,86,-1
-30,90,4
-28,75,-2
-27,83,-8
-21,87,-4
-21,84,-1
-21,71,-1
-19,65,-3
-16,57,-3
-14,52,-4
-13,45,-5
-12,43,-6
-12,41,-9
-11,40,-8
-14,41,-11
-15,46,-12
-17,57,-11
-17,65,-11
-20,78,-3
-24,86,1
-23,93,-1
-22,78,3
-25,68,11
-26,72,10
-27,89,11
-25,83,7
-19,69,6
-20,61,5
-20,54,1
-22,41,-5
-24,36,-2
-27,30,0
-30,37,1
-28,50,6
-27,55,6
-22,61,7
-21,66,7
-23,76,5
-22,72,6
-22,67,1
-27,81,1
-36,79,4
-36,78,-4
-29,90,-6
-25,87,-3
-25,71,0
-26,63,-1
-23,55,-3
-20,54,-4
-15,54,-6
-12,55,-8
-10,55,-9
-11,55,-10
-17,48,-8
-17,46,-6
-17,50,-7
-16,51,-7
-17,56,-5
-19,61,-1
-21,69,-4
-21,96,-6
-17,82,2
-25,67,9
-30,72,8
-33,87,4
-30,82,2
-23,69,3
-23,66,5
-27,55,0
-28,49,-2
-25,42,0
-23,42,1
-25,45,4
-25,47,6
-24,51,5
-22,54,4
-26,70,1
-28,75,0
-26,72,-1
-28,83,-3
-35,80,0
-34,67,-4
-31,79,-7
-28,80,-6
-27,74,-6
-27,68,-7
-22,60,-3
-19,54,-5
-18,52,-5
-16,49,-8
-15,48,-11
-12,49,-12
-15,50,-11
-18,57,-11
-18,62,-12
-18,72,-10
-18,70,-8
-20,79,-8
-18,85,-6
-19,65,1
-21,62,1
-24,72,6
-25,75,10
-21,67,12
-20,61,12
-19,51,9
-16,45,4
-30,46,12
-27,49,10
-29,52,10
-31,52,9
-31,52,7
-30,51,7
-31,53,5
-32,58,4
-32,71,4
-34,78,0
-34,97,-1
-40,76,-1
-36,73,-2
-30,82,-3
-26,83,-2
-25,71,-3
-22,65,0
-21,57,-1
-21,55,-2
-19,54,-6
-17,53,-7
-13,52,-8
-13,52,-8
-15,49,-8
-15,51,-7
-16,56,-8
-16,58,-8
-17,62,-4
-19,64,0
-20,85,-4
-18,86,-2
-24,68,2
-31,71,5
-36,83,6
-26,85,3
-22,72,1
-24,67,1
-28,57,-2
-29,51,-5
-28,44,-4
-23,43,0
-25,45,1
-28,49,4
-29,50,5
-25,55,8
-26,60,8
-27,68,5
-27,66,5
-30,86,1
-33,95,2
-35,75,-2
-33,78,-5
-27,80,-6
-27,77,-7
-27,64,-8
-27,59,-8
-21,54,-4
-20,53,-4
-16,50,-6
-16,51,-7
-14,52,-11
-13,53,-12
-14,51,-13
-15,52,-14
-18,54,-17
-19,61,-12
-19,65,-8
-22,72,-4
-20,92,-6
-21,68,8
-24,66,10
-29,71,7
-27,78,8
-18,79,7
-20,73,3
-24,59,7
-28,54,13
-26,43,4
-30,40,3
-27,43,3
-25,46,4
-26,49,3
-25,52,3
-26,61,3
-26,64,2
-31,65,-5
-34,64,-7
-38,94,-9
-42,103,-6
-32,68,-4
-30,71,-4
-25,78,-5
-23,77,-4
-23,68,-4
-22,64,-3
-20,59,-4
-18,58,-4
-15,55,-6
-13,50,-9
-11,49,-9
-13,46,-20
-8,48,-10
-5,48,-3
-15,45,-12
-17,54,-13
-20,63,-11
-23,76,-7
-24,86,-6
-22,100,-7
-25,85,-4
-41,72,-3
-50,73,-7
-33,82,-3
-24,76,-4
-23,66,-9
-24,62,-10
-10,53,-7
-7,48,-9
-18,40,-16
-24,39,-17
-25,43,-13
-22,45,-10
-22,44,-10
-24,45,-10
-31,52,-7
-35,55,-7
-29,64,-9
-36,100,-20
-37,97,-21
-31,58,-20
-29,62,-19
-27,73,-20
-26,71,-20
-23,63,-16
-23,59,-15
-22,55,-14
-21,53,-15
-17,51,-14
-16,51,-14
-12,52,-17
-12,51,-19
-13,55,-15
-14,54,-14
-12,57,-11
-14,58,-11
-22,67,-11
-26,69,-10
-17,88,-10
-15,89,-11
-27,60,-10
-34,56,-7
-43,68,-6
-34,74,-7
-11,74,-9
-19,64,-12
-24,59,-13
-25,47,-13
-24,45,-11
-21,42,-8
-20,43,-9
-24,46,-8
-24,59,-13
-25,47,-13
-24,45,-11
-21,42,-8
-20,43,-9
-24,46,-8
-26,49,-7
-29,53,-2
-30,54,-2
-27,60,-4
-27,62,-8
-32,60,1
-29,56,1
-29,68,-3
-36,85,-8
-43,69,-9
-42,60,-9
-38,79,-9
-36,83,-9
-33,72,-8
-30,65,-8
-27,62,-8
-24,62,-9
-19,63,-12
-17,62,-14
-14,60,-16
-13,60,-17
-12,58,-18
-12,53,-16
-14,54,-15
-14,55,-14
-14,56,-11
-17,61,-5
-20,62,-2
-19,82,-5
-16,92,-6
-21,69,5
-27,70,7
-34,77,4
-28,80,6
-19,71,3
-20,66,-2
-21,59,-4
-25,56,-5
-28,49,-11
-30,48,-12
-32,50,-8
-32,51,-6
-31,51,-1
-31,50,0
-32,56,2
-34,61,1
-28,70,5
-27,69,7
-28,72,1
-35,87,2
-35,74,2
-30,70,0
-24,85,2
-24,86,0
-23,80,-3
-21,69,-6
-20,65,-8
-17,62,-5
-15,60,-5
-14,55,-10
-13,53,-12
-15,50,-13
-13,49,-12
-9,45,-13
-10,47,-13
-13,49,-11
-13,52,-11
-17,60,-3
-21,64,3
-21,91,-2
-17,99,0
-24,82,3
-35,88,6
-43,89,1
-35,82,-1
-25,67,6
-29,61,1
-23,53,-6
-26,52,-7
-20,43,-6
-19,40,-5
-27,42,3
-31,52,4
-32,56,3
-26,60,6
-26,67,7
-22,75,3
-21,66,0
-24,72,-4
-27,82,-5
-35,76,-7
-34,69,-10
-27,70,-11
-26,69,-10
-26,67,-5
-25,64,-6
-23,60,-8
-20,58,-8
-17,53,-9
-16,53,-10
-14,55,-10
-12,54,-13
-15,56,-9
-15,56,-17
-23,60,-20
-26,62,-17
-21,65,-5
-19,66,-1
-5,92,-9
-6,92,-2
-18,65,5
-28,74,2
-31,81,7
-18,74,6
-11,67,5
-16,49,12
-22,44,11
-35,37,1
-29,35,-2
-25,39,1
-26,44,0
-32,55,4
-32,59,5
-28,63,0
-27,70,1
-28,77,3
-28,69,0
-31,93,-2
-32,92,5
-29,69,-7
-30,79,-11
-26,82,-13
-27,78,-12
-26,68,-7
-25,65,-6
-20,57,-6
-20,54,-8
-23,49,-11
-20,49,-11
-13,48,-10
-10,49,-10
-10,54,-9
-14,58,-6
-15,58,-6
-15,65,-6
-16,69,-2
-15,83,-3
-13,93,-9
-18,67,-1
-24,62,7
-27,64,10
-28,73,9
-19,74,3
-12,68,-1
-20,66,4
-21,61,3
-32,52,-11
-32,48,-13
-32,48,-11
-26,48,-7
-26,51,-2
-27,50,0
-29,55,4
-31,59,9
-35,73,12
-35,73,12
-29,85,2
-29,101,6
-26,82,6
-27,85,0
-25,87,-8
-22,78,-12
-23,71,-11
-24,61,-9
-23,59,-11
-19,55,-19
-16,52,-21
-15,43,-16
-15,43,-16
-13,46,-16
-12,49,-16
-15,55,-15
-15,58,-14
-16,64,-11
-18,67,-5
-20,85,-1
-18,92,0
-21,71,14
-20,74,14
-18,83,14
-19,80,19
-26,67,24
-24,64,20
-24,58,17
-23,51,15
-21,48,10
-22,49,8
-25,51,3
-27,51,1
-29,49,3
-31,53,2
-32,57,0
-33,60,1
-34,64,-2
-38,109,-10
-39,93,-4
-38,79,-9
-35,83,-10
-28,76,0
-29,72,4
-28,67,4
-25,67,3
-18,61,3
-15,58,2
-14,54,0
-13,54,-1
-11,50,-1
-13,43,1
-8,26,13
-8,20,7
-13,49,2
-22,67,7
-26,86,-3
-21,104,-18
-20,77,7
-27,63,14
-33,77,-4
-32,82,-9
-21,78,-7
-17,73,-5
-18,63,-1
-25,53,1
-26,47,2
-28,42,0
-29,44,0
-29,53,3
-31,58,3
-38,64,11
-39,63,14
-35,72,9
-29,76,7
-25,75,0
-30,90,-3
-37,88,1
-35,81,-2
-29,86,-12
-25,88,-14
-22,84,-12
-23,77,-10
-22,67,-10
-19,63,-11
-15,55,-10
-13,52,-12
-12,51,-20
-8,50,-22
-5,42,-20
-5,35,-25
-12,33,-23
-23,41,-17
-20,61,-7
-33,72,18
-30,74,19
-7,98,15
-2,93,19
-15,94,21
-18,88,19
-22,76,5
-20,70,0
-13,58,-10
-14,53,-11
-23,47,-7
-31,46,-10
-35,51,-7
-40,58,-6
-51,70,-3
-53,72,-3
-45,66,2
-40,61,4
-39,70,5
-36,67,5
-33,67,-1
-35,80,0
-38,86,1
-42,84,-7
-32,94,-14
-25,92,-10
-18,85,-4
-16,80,-4
-19,73,-8
-16,69,-11
-13,67,-10
-11,59,-9
-9,55,-7
-10,50,-7
-10,48,-8
-8,44,-9
-9,43,-10
-9,40,-8
-11,41,-5
-17,52,4
-17,66,1
-15,88,-6
-16,88,-2
-31,106,3
-31,104,5
-26,86,-5
-21,77,-8
-23,71,-5
-27,66,-2
-34,56,3
-36,51,5
-36,49,8
-33,51,9
-34,58,8
-35,63,9
-35,70,10
-36,76,7
-38,77,4
-36,85,-3
-36,91,-1
-38,73,-1
-36,76,-8
-28,84,-9
-26,83,-7
-24,78,-6
-22,74,-7
-18,69,-8
-16,68,-8
-14,64,-10
-13,61,-12
-12,55,-14
-11,55,-6
-12,50,-9
-21,43,-16
-41,41,-20
-38,43,-21
-32,43,-5
-32,48,-5
-34,67,-11
-36,60,0
-40,57,2
-34,61,1
-35,77,10
-33,78,4
-38,58,-13
-50,43,-9
-52,37,-11
-47,27,-15
-46,26,-13
-42,28,-9
-41,30,-11
-38,36,-13
-36,39,-13
-39,57,-18
-39,67,-22
-40,69,-24
-39,73,-25
-47,84,-19
-47,70,-17
-42,80,-23
-36,85,-22
-27,78,-11
-29,72,-6
-27,61,-6
-25,59,-6
-20,57,-7
-16,57,-6
-12,54,-7
-12,53,-8
-12,50,-9
-13,48,-10
-15,51,-10
-16,54,-11
-15,59,-10
-17,62,-7
-20,83,-8
-20,84,-2
-23,75,2
-34,82,4
-25,83,6
-11,74,9
-16,69,7
-23,56,2
-24,48,2
-21,36,9
-20,35,9
-21,39,7
-22,43,7
-27,52,4
-29,57,4
-31,65,1
-32,71,-1
-34,79,0
-35,71,0
-34,58,2
-34,67,-1
-41,96,0
-44,88,2
-38,82,-6
-32,85,-7
-24,86,-3
-22,80,-5
-23,69,-7
-24,66,-9
-20,60,-10
-14,55,-10
-11,54,-11
-10,49,-12
-11,47,-13
-12,45,-11
-13,47,-11
-15,57,-14
-18,61,-12
-22,71,-1
-20,84,-6
-16,72,-6
-17,67,0
-23,77,3
-26,83,4
-25,79,5
-25,71,6
-27,60,5
-31,58,2
-32,52,7
-17,49,14
-25,50,9
-30,52,5
-35,60,10
-31,60,11
-27,57,9
-25,60,9
-26,73,1
-25,72,0
-20,67,-1
-27,90,1
-34,96,5
-30,70,-7
-23,78,-10
-19,80,-6
-20,76,-5
-22,65,-4
-23,63,-4
-18,61,-6
-16,57,-8
-15,52,-10
-13,50,-11
-13,48,-11
-13,48,-11
-13,45,-13
-13,45,-14
-14,49,-13
-15,54,-12
-19,65,-3
-22,69,5
-21,90,-5
-18,104,-8
-20,81,5
-23,78,12
-30,82,10
-32,86,8
-21,70,-5
-18,66,-4
-22,58,-3
-25,53,-4
-28,43,-2
-25,40,3
-24,44,4
-23,50,7
-23,53,12
-19,54,15
-18,58,14
-16,65,14
-14,64,12
-16,80,0
-20,91,0
-30,76,-2
-33,73,-9
-31,80,-14
-33,80,-13
-36,70,-14
-30,64,-15
-25,59,-13
-20,57,-12
-12,54,-10
-11,53,-10
-10,54,-11
-11,53,-11
-14,53,-10
-15,52,-11
-18,54,-12
-17,57,-11
-17,60,-4
-18,63,1
-19,89,-2
-18,66,7
-21,64,7
-24,81,6
-26,89,9
-23,78,0
-20,67,-2
-22,61,10
-19,56,10
-32,45,-9
-31,41,-8
-28,43,-2
-27,47,1
-25,48,5
-25,51,5
-25,61,5
-25,69,3
-26,74,1
-25,70,1
-26,76,1
-30,83,2
-37,71,1
-31,66,-2
-25,78,-3
-24,81,-1
-22,77,-1
-23,70,-4
-21,62,-7
-20,59,-7
-18,52,-8
-15,48,-9
-14,47,-11
-13,46,-12
-12,47,-12
-14,50,-12
-16,53,-13
-17,64,-13
-18,66,-10
-22,74,-3
-22,88,-7
-17,80,-3
-20,66,5
-26,64,8
-27,69,7
-23,74,7
-19,68,3
-20,62,1
-17,61,13
-25,56,6
-34,51,-3
-35,45,-2
-35,44,3
-32,45,3
-27,48,5
-23,53,9
-21,59,8
-26,75,4
-28,70,3
-28,67,0
-35,98,0
-36,91,0
-31,82,-10
-28,84,-11
-20,79,-8
-22,71,-7
-24,61,-6
-23,58,-7
-18,54,-6
-16,51,-6
-12,47,-6
-11,45,-6
-13,45,-7
-13,45,-6
-15,43,-1
-17,48,2
-16,58,-2
-17,62,-3
-23,62,7
-25,68,5
-21,99,-6
-18,86,-4
-27,71,3
-31,79,6
-33,80,3
-27,75,0
-18,63,-4
-17,60,2
-22,51,5
-26,44,7
-27,38,7
-26,43,11
-28,44,9
-26,51,9
-22,54,9
-21,66,7
-25,72,7
-25,71,3
-22,69,1
-25,88,3
-28,84,5
-30,66,-4
-27,76,-4
-24,74,-6
-24,71,-7
-26,65,-5
-26,63,-5
-20,58,-3
-18,54,-4
-15,50,-4
-14,49,-5
-15,51,-7
-16,51,-8
-19,49,-4
-20,50,-2
-18,54,-3
-18,63,-3
-18,66,-1
-21,69,5
-19,75,0
-16,88,-6
-18,80,-4
-27,67,0
-33,68,0
-29,73,-2
-22,71,-5
-15,63,-4
-17,59,-2
-23,49,-1
-25,45,4
-20,43,8
-24,44,4
-24,46,3
-24,45,1
-23,48,4
-25,53,3
-27,69,2
-26,72,1
-27,68,-1
-28,77,-4
-36,90,0
-36,70,0
-30,68,1
-28,76,2
-26,81,0
-25,77,-1
-24,72,-4
-20,66,-5
-18,61,-6
-17,52,-7
-17,50,-8
-15,50,-8
-15,51,-8
-13,50,-8
-13,49,-11
-12,53,-13
-14,57,-12
-17,57,-7
-19,60,-5
-19,87,-7
-18,94,-7
-22,72,-3
-29,72,2
-39,77,10
-35,79,4
-9,74,0
-7,68,9
-22,65,11
-26,59,0
-37,52,-7
-33,49,2
-1,38,-6
-11,44,-5
-31,44,-12
-27,44,-10
-15,48,9
-26,63,17
-52,74,12
-43,74,11
-42,84,-4
-27,91,-22
-20,76,-22
-3,66,-14
4,66,-10
-16,64,-16
-19,61,-17
-22,58,-11
-22,54,-10
-22,49,-9
-21,46,-9
-16,46,-6
-15,45,-3
-21,48,-7
-25,54,-10
-26,57,-12
-21,57,-12
-20,66,-8
-21,70,-5
-28,68,4
-24,69,4
-19,91,-12
-27,79,-15
-22,73,-10
-16,80,2
-8,84,8
-5,71,4
-7,66,2
-8,52,-2
-10,45,-3
-13,38,-3
-15,37,-2
-15,40,0
-16,44,1
-20,47,4
-24,47,0
-34,60,11
-31,67,17
-38,70,-2
-46,68,4
-44,75,-6
-46,83,-13
-40,70,-16
-26,66,-15
-14,74,-19
-18,75,-19
-24,67,-16
-25,63,-13
-20,56,-10
-19,52,-9
-15,47,-8
-10,46,-7
-12,43,-9
-16,43,-9
-26,48,-1
-28,50,-1
-25,53,-6
-21,68,-11
-22,78,-12
-28,78,-6
-29,73,-6
-26,87,-14
-24,91,-11
-15,60,7
-19,55,9
-57,60,14
-62,64,7
-43,62,-12
-45,55,-17
-39,48,-10
-31,44,-5
-22,35,-2
-25,33,-1
-25,33,1
-23,33,2
-20,38,7
-16,41,17
-25,51,26
-42,56,23
-54,56,4
-52,66,0
-28,64,-4
-26,79,-11
-28,75,-14
-39,65,-15
-36,84,-14
-30,75,-15
-28,72,-9
-25,61,-6
-21,57,-5
-16,51,-4
-14,49,-4
-13,46,-4
-14,44,-4
-15,42,-6
-15,43,-7
-17,49,-9
-20,58,-10
-21,72,-11
-20,75,-12
-19,74,-9
-21,77,-7
-21,95,-14
-22,74,-10
-34,55,5
-31,60,5
-24,73,0
-22,74,7
-18,62,1
-20,57,-5
-23,49,-14
-26,43,-18
-20,43,-7
-14,44,2
-24,46,-6
-23,52,-7
-28,52,-8
-33,56,-7
-39,62,-17
-39,71,-20
-38,88,-15
-27,86,-19
-7,74,-17
6,74,-10
9,74,-15
-2,67,-33
-6,63,-30
3,53,-19
6,49,-13
0,44,-17
-5,42,-21
-5,42,-16
0,46,-9
-1,55,-15
-7,58,-20
-1,63,-18
1,65,-18
0,78,-16
-5,83,-17
-5,100,-30
-5,92,-26
-8,65,-7
9,64,4
25,73,2
17,72,-16
5,69,-11
-2,62,2
-4,56,2
-8,46,-5
-9,45,-6
-11,46,-10
-12,47,-12
-13,48,-9
-15,49,-4
-23,53,5
-27,60,3
-31,73,-16
-30,70,-18
-36,88,-17
-39,90,-16
-28,69,-11
-21,66,-10
-9,73,-13
-12,75,-17
-15,66,-20
-16,61,-20
-13,52,-13
-16,52,-12
-9,50,-13
-8,49,-11
-14,54,-13
-10,54,-10
-15,55,-14
-18,57,-17
-17,64,-19
-14,71,-17
-13,69,-14
-16,63,-12
-13,67,-14
-4,71,-12
-1,65,-11
-14,56,-13
-21,62,-13
-41,81,8
-57,80,0
-29,68,5
-25,66,6
-30,56,15
-35,51,17
-21,45,1
-19,46,-6
-22,44,-18
-18,44,-19
-18,44,-17
-20,53,-9
8,66,15
-13,72,6
-22,66,-13
-17,78,-4
-18,98,-12
-7,78,-12
-1,69,-21
6,77,-13
4,71,-16
-9,63,-16
-10,61,-14
-9,57,-8
-7,53,-7
-11,49,-9
-5,47,-11
1,51,-6
-2,52,-8
-12,58,-11
-14,59,-13
0,77,-13
3,82,-16
-8,71,-18
-6,68,-13
-10,86,-15
-9,82,-19
-24,57,-24
-26,53,-25
-15,71,-4
-10,84,10
0,70,3
-10,65,3
-12,60,-1
-11,54,-4
-6,44,-4
-8,43,-5
-13,44,-9
-15,47,-14
-14,49,-11
-18,54,-8
-16,57,-9
-25,68,-26
-27,70,-22
-29,72,-24
-31,96,-22
-28,82,-2
-11,68,-5
3,79,-10
-5,84,-12
1,65,-16
5,60,-13
1,56,-9
-2,52,-16
-7,49,-20
-5,48,-18
-2,43,-21
-1,44,-20
-7,48,-15
1,51,-16
-12,64,-15
-1,76,-14
-1,74,-16
-8,78,-16
-15,85,-12
-14,97,-12
-19,71,-14
-21,61,-13
-9,71,-5
13,83,4
12,76,1
0,60,1
-7,53,1
-11,42,-6
-11,41,-6
-11,42,-6
-11,43,-6
-16,51,-5
-20,53,-4
-28,56,5
-30,62,10
-39,68,-5
-40,66,-20
-35,62,-15
-29,62,-12
-30,82,-18
-37,86,-14
-33,63,-9
-19,64,-12
-11,72,-12
-10,71,-13
-13,63,-13
-14,61,-14
-14,54,-20
-14,52,-16
-7,53,-6
-14,51,-9
-18,52,-13
-21,52,-16
-18,52,-16
-15,55,-17
-16,59,-17
-17,66,-14
-19,69,-10
-19,66,-10
-20,79,-12
-20,88,-7
-22,69,-2
-25,65,4
-22,71,5
-33,82,10
-30,83,6
-11,59,3
-13,51,0
-24,38,-7
-23,34,-6
-18,31,-1
-17,34,1
-22,40,0
-24,43,0
-29,49,3
-27,56,3
-32,69,4
-25,73,3
-31,69,-3
-29,62,-10
-28,86,-10
-34,78,3
-32,70,-1
-31,83,-2
-33,83,-2
-31,73,-1
-28,67,-3
-21,62,-4
-18,60,-4
-19,56,-7
-18,56,-8
-17,58,-10
-16,59,-11
-13,60,-13
-13,60,-14
-14,62,-15
-13,61,-14
-15,59,-15
-17,61,-12
-23,61,2
-23,65,2
-14,83,-5
-11,71,-3
-17,62,1
-21,68,2
-29,79,-1
-30,77,-6
-21,71,-12
-21,69,-11
-24,62,-6
-32,54,-10
-33,52,-11
-30,52,-6
-28,52,-3
-20,51,5
-18,54,10
-25,54,6
-11,58,10
-6,77,10
-13,73,6
-20,62,5
-29,62,-1
-31,86,-3
-19,90,1
-26,76,-12
-19,78,-13
-12,86,-14
-17,76,-24
-10,61,-13
-1,60,-5
-5,54,-4
-11,48,-15
-9,47,-5
-10,49,-5
-17,51,-8
-20,53,-8
-26,56,-14
-26,58,-15
-25,64,-12
-23,68,-11
-23,67,-3
-20,79,0
-17,90,0
-16,65,12
-17,61,14
-21,74,8
-20,78,6
-16,69,0
-21,64,0
-25,58,5
-22,53,4
-27,42,-5
-27,39,-7
-26,41,-2
-23,43,-3
-20,46,0
-22,49,3
-22,50,10
-21,54,11
-38,74,16
-42,78,15
-38,71,9
-32,70,10
-34,80,6
-36,87,2
-39,77,-1
-35,72,-3
-27,75,-8
-25,76,-11
-21,73,-14
-21,68,-12
-22,65,-12
-21,59,-12
-20,55,-13
-17,55,-7
-16,47,-11
-22,43,-15
-22,45,-10
-18,46,-2
-14,45,-2
-6,49,-3
-6,54,0
-14,65,2
-16,73,-2
-17,102,-8
-20,88,-7
-25,78,0
-26,76,1
-38,78,0
-34,77,-1
-23,69,0
-24,69,5
-31,58,7
-20,52,8
-16,38,-15
-19,37,-15
-36,44,-16
-41,46,-15
-26,49,-4
-23,54,2
-33,65,3
-46,68,-7
-37,69,2
-28,65,7
-31,74,-1
-26,82,13
-17,75,13
-23,84,-1
-42,83,-10
-39,77,-12
-21,74,-7
-38,60,-25
-32,59,-24
11,61,-1
-1,54,-5
-4,47,-10
-8,46,-5
-6,48,-2
-8,47,-8
-20,50,-19
-24,53,-21
-28,60,-17
-29,64,-11
-29,75,-1
-24,91,-6
-23,72,-1
-27,66,8
-23,67,7
-27,84,3
-24,84,0
-1,67,2
-36,62,5
-20,49,14
-20,42,6
-21,37,-4
-24,35,-7
-26,39,-7
-27,45,-3
-27,55,3
-28,59,1
-31,73,-2
-32,79,-1
-31,70,-1
-30,68,-5
-32,85,-9
-36,85,-4
-33,77,-7
-29,78,-11
-25,71,-11
-26,69,-9
-27,62,-7
-25,61,-7
-21,58,-8
-19,57,-9
-17,56,-11
-14,57,-12
-14,57,-14
-16,58,-15
-16,58,-16
-17,59,-17
-18,61,-18
-20,63,-13
-20,65,-8
-20,86,-10
-18,94,-9
-18,64,3
-22,63,5
-22,66,11
-22,69,13
-19,65,17
-18,60,16
-20,52,14
-19,51,17
-23,48,15
-24,48,12
-27,54,6
-31,57,4
-30,58,6
-30,58,5
-30,66,1
-31,73,-1
-32,73,-3
-32,67,-3
-34,78,-6
-36,78,-4
-35,67,-3
-32,76,-10
-29,83,-11
-25,78,-10
-25,72,-10
-25,64,-8
-23,62,-8
-20,58,-7
-18,56,-8
-15,55,-9
-13,54,-10
-10,53,-11
-10,50,-11
-12,50,-12
-14,50,-12
-17,55,-10
-17,59,-8
-20,70,-1
-19,84,-3
-17,88,-1
-19,73,4
-27,74,8
-27,80,7
-24,86,-2
-19,76,-8
-17,64,-6
-19,60,-1
-26,49,0
-30,46,-3
-31,41,0
-31,44,5
-30,47,7
-28,53,9
-27,56,9
-26,65,6
-28,71,4
-30,66,0
-29,68,-2
-32,92,-1
-34,83,1
-35,80,-7
-32,85,-10
-23,83,-8
-20,78,-7
-21,70,-8
-21,67,-8
-19,61,-8
-16,59,-7
-14,54,-8
-14,53,-9
-13,50,-11
-13,48,-11
-14,45,-10
-13,46,-11
-14,48,-12
-14,51,-10
-15,56,-6
-17,61,-3
-20,97,-8
-19,89,-4
-28,79,0
-34,90,4
-37,93,6
-27,78,0
-20,71,-2
-24,62,5
-31,54,-3
-31,43,-2
-27,40,0
-25,40,4
-24,41,3
-23,47,6
-24,49,7
-24,56,3
-25,64,1
-26,70,-3
-25,79,-8
-35,100,-2
-33,82,-2
-31,82,-9
-27,79,-6
-24,74,-2
-24,72,-2
-21,62,-5
-19,58,-5
-16,52,-4
-16,49,-6
-14,48,-7
-14,47,-7
-14,47,-9
-15,51,-10
-15,54,-10
-17,62,-12
-17,66,-11
-17,74,-8
-20,91,-10
-19,73,0
-27,74,4
-27,77,4
-26,81,4
-18,69,4
-17,63,1
-17,56,7
-19,51,8
-25,44,6
-25,44,5
-28,49,5
-29,51,7
-29,54,7
-29,56,8
-31,62,8
-32,66,7
-33,74,3
-32,71,2
-28,65,-1
-29,78,-3
-35,88,4
-33,76,-4
-32,80,-8
-26,82,-7
-23,79,-7
-22,70,-10
-22,67,-10
-20,62,-7
-18,58,-8
-15,54,-11
-13,51,-10
-13,49,-11
-13,49,-11
-13,49,-11
-12,50,-12
-12,54,-14
-13,56,-14
-17,60,-5
-20,67,0
-20,90,-5
-16,85,-2
-19,73,2
-22,80,4
-29,87,7
-30,85,6
-21,65,-3
-21,64,1
-19,57,22
-26,51,7
-32,45,1
-33,43,2
-30,46,6
-28,48,6
-27,54,7
-27,66,5
-28,73,2
-29,74,-1
-24,69,0
-27,82,-1
-30,90,-1
-30,72,-4
-27,77,-10
-21,84,-11
-20,80,-9
-25,70,-6
-24,66,-5
-19,56,-6
-17,52,-6
-13,48,-6
-10,47,-6
-10,46,-9
-11,46,-10
-14,46,-11
-15,46,-11
-17,50,-13
-17,54,-14
-17,62,-14
-19,67,-10
-23,91,-4
-24,97,-6
-29,84,4
-31,77,11
-32,79,14
-16,79,9
-17,74,13
-12,63,20
-16,62,7
-24,48,-5
-26,42,-7
-24,32,-7
-19,33,-5
-16,39,-2
-16,44,1
-23,49,4
-27,53,5
-29,69,5
-28,73,5
-27,87,-1
-33,110,3
-37,76,4
-38,74,-4
-28,79,-3
-26,77,-2
-24,71,1
-23,67,0
-21,59,-2
-20,57,-5
-17,55,-9
-16,55,-10
-13,54,-12
-13,53,-11
-14,52,-10
-19,52,-14
-18,57,-13
-16,63,-12
-17,61,-9
-24,62,6
-23,71,4
-15,84,0
-14,69,4
-17,73,5
-22,79,5
-31,89,5
-29,82,0
-22,64,-5
-22,60,1
-23,49,5
-25,45,3
-27,44,4
-27,44,5
-27,48,9
-28,52,10
-28,58,9
-29,63,8
-29,68,3
-28,65,1
-28,81,-5
-34,99,-3
-39,88,-4
-38,86,-11
-25,85,-10
-21,83,-7
-21,74,-5
-22,63,-9
-21,60,-10
-17,57,-10
-16,56,-11
-14,55,-14
-12,54,-15
-11,53,-14
-15,52,-15
-14,51,-14
-15,53,-15
-14,56,-11
-15,56,-5
-18,68,1
-18,81,-2
-15,76,5
-15,72,5
-23,88,3
-26,93,5
-30,88,5
-23,71,-1
-19,60,2
-18,58,11
-33,49,-2
-31,46,-3
-31,44,1
-30,47,5
-29,50,6
-28,52,6
-29,62,5
-34,78,0
-33,72,-2
-26,71,-6
-28,83,-7
-32,80,-5
-33,71,-8
-31,79,-12
-28,82,-12
-24,80,-11
-22,74,-10
-22,68,-10
-21,66,-9
-18,58,-8
-16,55,-9
-12,51,-11
-6,47,-18
-3,26,-22
-13,32,-16
-29,47,-17
-26,54,-22
-18,72,-21
-18,73,-12
-28,80,7
-26,98,-2
-24,93,-4
-19,70,2
-8,68,18
-1,67,29
-15,72,18
-24,63,-8
-17,52,-7
-24,50,-4
-27,48,-4
-32,47,-10
-34,51,-10
-31,56,-6
-28,55,-4
-26,55,2
-25,58,2
-29,73,0
-33,73,0
-28,65,-1
-28,75,-3
-34,88,2
-36,77,3
-31,81,-8
-29,87,-8
-17,79,0
-16,77,-5
-13,72,-4
-16,69,-1
-17,59,-5
-18,57,-10
-17,57,-12
-14,57,-13
-11,53,-14
-12,51,-14
-15,48,-15
-13,47,-15
-15,56,-15
-16,59,-6
-15,72,-7
-14,81,-9
-14,70,-2
-27,75,3
-29,84,4
-28,87,-2
-23,79,-5
-24,75,2
-32,74,15
-28,55,-1
-32,49,-12
-33,42,-10
-32,43,-11
-26,49,-6
-24,53,0
-24,56,4
-25,60,2
-33,76,-1
-33,77,-1
-31,81,-6
-33,94,-2
-36,85,2
-32,78,-4
-28,89,-6
-19,83,-11
-8,73,-61
63,77,9
26,61,11
-8,56,-4
-16,53,-4
-28,47,-17
-26,48,-19
-20,49,-14
-17,51,-12
-16,53,-15
-17,54,-18
-23,61,-15
-23,63,-12
-21,67,-4
-18,82,-7
-15,74,2
-17,66,9
-21,69,11
-24,76,12
-21,80,10
-18,72,5
-20,55,14
-40,59,26
-21,46,19
-21,45,3
-30,43,-7
-31,44,-9
-30,45,-6
-27,48,1
-23,55,6
-23,61,6
-28,76,4
-31,64,0
-30,75,-5
-36,105,4
-34,82,1
-29,78,-4
-29,81,-1
-27,72,1
-24,67,2
-22,63,1
-19,62,1
-17,61,-4
-16,61,-7
-15,63,-12
-15,62,-14
-13,60,-14
-14,57,-13
-18,50,-14
-17,47,-14
-14,48,-15
-12,50,-13
-14,50,-5
-16,53,-2
-17,85,-8
-17,98,-9
-25,85,-4
-32,86,4
-39,91,5
-33,86,-2
-25,79,-4
-18,68,6
-27,56,-5
-31,42,-8
-27,37,-8
-21,37,-5
-21,41,-2
-24,47,-1
-27,53,1
-28,59,3
-26,64,5
-9,100,21
30,82,10
-12,97,3
-41,101,-6
-43,57,-19
-29,75,-10
-15,81,2
-16,76,2
-25,65,-5
-26,62,-8
-28,53,-4
-34,50,-3
-35,52,-12
-33,52,-14
-19,56,-12
-11,59,-10
-4,65,-2
-1,65,1
33,60,7
43,53,-8
-13,62,-3
-38,70,-23
-20,83,-19
-7,79,-6
-19,70,-6
-34,71,-10
-36,72,-14
-27,73,-21
-19,76,-16
-7,72,5
-1,63,10
-31,59,-9
-43,56,-14
-51,53,-12
-48,51,-6
-39,53,2
-37,55,1
-29,59,0
-31,65,-3
-36,72,-8
-32,70,-7
-25,65,-3
-27,62,-4
-31,79,-11
-34,77,-14
-32,75,-14
-30,77,-15
-28,79,-13
-27,77,-12
-24,69,-11
-20,65,-10
-16,58,-10
-14,53,-10
-15,52,-11
-12,51,-12
-11,50,-13
-8,46,-14
-9,45,-15
-23,43,-21
-13,41,-20
-4,47,-19
-13,62,-12
-25,101,-2
-19,91,-5
-33,85,6
-33,82,7
-29,89,14
-26,92,23
-22,80,22
-25,77,15
-25,60,1
-32,52,-3
-28,41,-3
-26,39,-3
-24,40,-4
-25,42,-6
-24,44,-6
-25,48,-6
-26,57,-6
-27,61,-9
-28,68,-9
-28,76,-9
-30,85,-6
-34,69,-4
-37,73,-8
-30,86,-7
-29,82,-3
-28,64,0
-30,59,-1
-24,55,-2
-19,54,-1
-16,52,-2
-15,51,-4
-14,49,-6
-14,47,-9
-14,42,-8
-16,39,-4
-20,48,-7
-17,57,-7
-24,65,-4
-28,70,-1
-27,93,-12
-31,81,-12
-45,79,3
-33,82,-2
-5,79,-11
3,72,-10
-3,64,-9
-22,60,-4
-24,57,0
-28,49,9
-29,47,10
-22,45,3
-28,44,-4
-21,50,-2
-23,53,1
-31,53,-3
-30,57,1
-31,70,-2
-25,74,-3
-27,99,1
-31,85,5
-33,83,-7
-32,89,-11
-30,80,-5
-31,77,-4
-26,68,-6
-23,65,-7
-16,58,-7
-14,57,-7
-13,58,-9
-11,58,-10
-11,55,-12
-11,53,-12
-11,49,-14
-11,47,-15
-12,44,-17
-14,55,-13
-18,76,-13
-19,80,-7
-30,76,4
-35,87,2
-26,92,-4
-15,87,-10
-12,79,-9
-14,64,-5
-21,60,-1
-26,51,2
-27,45,-4
-30,44,0
-33,45,-2
-29,50,6
-29,52,8
-29,55,8
-30,62,6
-27,77,3
-26,75,1
-22,71,-4
-23,80,-6
-35,90,0
-34,73,-2
-30,78,-15
-27,80,-14
-25,77,-8
-25,71,-9
-22,61,-10
-19,57,-8
-16,55,-8
-12,52,-9
-12,51,-11
-11,50,-13
-11,49,-14
-14,48,-16
-15,48,-17
-17,54,-18
-19,60,-16
-19,77,-11
-20,98,-14
-22,82,0
-28,79,7
-25,80,4
-21,78,3
-15,65,2
-16,56,0
-13,51,-2
-20,52,9
-33,50,11
-28,45,3
-35,46,-2
-42,52,0
-41,58,-1
-31,56,0
-19,58,3
-17,63,5
-21,72,4
-24,70,0
-21,71,-8
-33,89,-5
-38,80,-3
-34,75,-14
-30,78,-15
-26,75,-8
-25,73,-5
-20,66,-4
-19,62,-5
-14,57,-6
-11,54,-6
-14,51,-9
-12,50,-9
-11,45,-12
-12,44,-13
-16,46,-14
-17,49,-15
-17,59,-16
-16,64,-16
-19,68,-9
-20,79,-9
-20,93,-9
-21,75,-2
-28,68,5
-32,73,4
-28,84,-1
-21,80,2
-19,68,13
-23,65,12
-32,49,-6
-30,38,-7
-26,37,-5
-23,40,-1
-24,43,2
-24,49,2
-24,53,1
-24,65,-1
-27,71,-2
-28,71,-2
-27,77,-3
-36,97,1
-34,78,0
-25,76,-7
-22,80,-6
-21,72,-5
-26,69,-3
-26,61,-4
-22,59,-4
-18,56,-4
-16,54,-6
-14,49,-8
-12,47,-9
-14,46,-13
-14,49,-14
-18,52,-13
-20,54,-14
-20,64,-14
-20,64,-10
-22,73,-2
-13,96,-10
-11,78,-5
-20,66,8
-22,66,6
-23,71,4
-20,69,2
-20,61,-4
-18,60,1
-34,62,14
-21,54,6
-29,45,-9
-33,47,-9
-33,49,-5
-32,52,-2
-29,55,7
-27,56,8
-25,61,9
-25,69,8
-22,66,9
-20,63,3
-32,97,-1
-37,98,1
-34,73,-9
-31,80,-10
-25,79,-9
-24,76,-8
-24,70,-9
-24,68,-11
-20,64,-11
-19,62,-11
-16,58,-11
-15,54,-14
-14,55,-15
-10,52,-15
-11,52,-15
-12,47,-15
-10,47,-14
-9,48,-14
-14,53,-15
-23,69,-10
-23,89,-8
-20,86,-5
-23,76,0
-30,76,8
-33,82,9
-39,83,16
-36,79,4
-20,69,1
-28,61,-6
-32,48,-11
-29,44,-10
-23,43,-3
-24,45,-2
-28,50,-4
-30,53,-5
-27,55,-2
-26,57,-1
-25,66,0
-25,70,-1
-15,71,7
-8,77,13
-17,83,4
-29,80,0
-26,66,-1
-17,67,-3
-15,70,-5
-15,73,-4
-12,68,-2
-22,65,-7
-24,63,-9
-21,58,-9
-18,55,-9
-17,53,-12
-17,52,-12
-16,50,-10
-15,49,-9
-14,48,-10
-14,49,-11
-16,53,-8
-16,57,-6
-19,62,-2
-20,63,2
-16,83,-7
-10,81,-10
-31,80,2
-40,81,3
-39,83,-6
-36,79,-7
-25,70,-1
-24,64,-7
-29,58,-12
-24,51,-3
-22,49,-3
-23,44,-3
-25,43,-3
-23,45,0
-24,46,2
-24,48,5
-25,50,10
-29,56,22
-34,59,15
-35,58,4
-35,61,0
-34,86,-5
-35,90,-5
-33,66,-6
-32,67,-5
-27,70,-7
-27,72,-7
-28,69,-8
-27,66,-8
-24,58,-6
-22,56,-6
-20,54,-8
-20,53,-9
-20,52,-10
-18,52,-10
-16,52,-11
-16,52,-11
-16,50,-11
-25,51,-17
-36,56,-17
-61,63,3
-69,65,14
-75,87,-4
-78,86,7
-70,73,11
-61,74,11
-49,72,12
-38,71,18
-23,55,21
-22,47,20
-22,34,24
-18,29,29
-18,23,31
-16,20,32
-13,23,39
-12,20,40
-14,20,45
-16,21,48
-14,17,52
0,4,64
-19,-4,58
-24,17,63
-21,8,70
-24,7,71
-29,5,65
-28,-6,61
-28,0,62
-29,0,60
-29,-2,59
-22,9,54
-19,7,48
-10,3,45
-8,3,47
-8,3,40
-12,2,41
-9,0,58
-5,6,63
1,7,65
-1,8,70
-2,8,65
-1,9,65
-5,14,68
-15,21,84
-38,26,85
-33,20,83
-24,26,63
-21,25,56
-21,17,53
-22,14,55
-27,14,58
-24,17,56
-6,10,49
-2,11,46
-4,11,40
-11,8,42
-11,15,54
-13,13,60
-21,13,62
-18,9,66
-18,9,69
-18,5,68
-17,1,66
-17,-3,76
-32,-1,85
-37,5,79
-31,9,78
-35,3,62
-30,1,58
-19,11,56
-17,11,51
-16,11,44
-15,10,43
-11,6,41
-9,4,41
-10,-1,43
-9,-2,47
-8,0,61
-10,2,67
-13,9,74
-15,14,76
-19,16,80
-15,13,80
-22,17,84
-40,18,66
-31,15,64
-21,15,72
-13,23,63
-21,16,54
-21,13,55
-16,4,52
-12,3,46
-9,5,35
-5,8,36
-3,13,44
-6,16,48
-9,21,55
-11,21,57
-15,14,68
-19,18,77
-23,19,83
-23,17,84
-33,14,83
-30,26,74
-29,10,63
-31,11,65
-25,13,54
-18,14,48
-19,18,40
-18,20,38
-7,16,32
-1,12,29
1,10,23
2,10,22
2,21,27
-18,36,18
-29,48,12
-43,75,0
-43,82,-6
-48,127,-34
-50,127,-41
-55,110,-39
-50,121,-30
-38,96,-31
-29,78,-29
-20,62,-16
-18,55,-13
-21,36,-14
-25,28,-14
-29,25,0
-26,24,2
-23,36,0
-24,45,3
-28,61,4
-28,67,2
-31,84,0
-34,86,4
-28,82,-1
-33,100,3
-35,91,-2
-35,104,-8
-23,103,-9
-20,94,-7
-18,77,-5
-19,69,-5
-21,58,-8
-17,50,-8
-13,46,-8
-9,40,-10
-6,40,-9
-7,38,-9
-9,39,-11
-17,47,-15
-21,53,-15
-24,62,-6
-26,79,-10
-24,86,-2
-27,79,-2
-26,98,-6
-28,103,-6
-27,89,0
-25,76,-1
-24,59,1
-26,56,1
-32,44,-5
-34,39,-4
-32,40,1
-35,43,0
-33,53,4
-34,58,3
-33,73,-1
-33,81,-5
-35,74,-7
-36,87,-10
-44,90,-3
-38,100,-16
-30,104,-17
-21,93,-14
-19,85,-13
-22,70,-12
-22,65,-12
-18,58,-14
-15,54,-13
-11,49,-13
-9,47,-13
-9,46,-14
-10,46,-15
-10,47,-15
-11,50,-15
-13,55,-15
-15,55,-12
-20,78,-18
-19,78,-14
-34,92,-2
-39,102,1
-27,99,-10
-23,88,-12
-16,66,0
-19,63,5
-27,56,6
-29,51,5
-28,45,5
-32,42,-2
-34,49,3
-36,54,1
-31,63,1
-29,75,-1
-27,80,-2
-27,73,-6
-29,85,-11
-39,99,-5
-38,84,-11
-35,100,-22
-28,87,-18
-24,66,-10
-23,67,-5
-27,60,-8
-24,57,-10
-17,56,-11
-13,56,-9
-9,56,-10
-7,55,-11
-7,54,-14
-9,52,-15
-9,52,-19
-12,56,-21
-18,58,-15
-19,66,-10
-15,83,-14
-15,74,-12
-29,90,4
-27,97,4
-23,79,-5
-23,69,-3
-24,57,3
-20,51,17
-24,47,9
-27,42,1
-27,47,3
-25,54,6
-26,60,6
-24,73,6
-25,80,4
-27,78,3
-27,65,4
-26,84,3
-30,92,8
-42,114,4
-38,113,-1
-20,96,-3
-15,89,-4
-14,73,-3
-18,68,-3
-19,59,-4
-17,56,-7
-12,50,-12
-10,47,-12
-7,43,-11
-9,39,-12
-14,37,-17
-16,41,-17
-23,54,-3
-22,73,-3
-18,87,-14
-25,98,2
-29,106,5
-24,104,1
-25,88,-2
-19,57,0
-18,52,5
-19,47,12
-21,45,10
-24,45,1
-27,52,2
-32,63,0
-28,66,-1
-34,77,-5
-36,84,-4
-40,76,-7
-43,92,-13
-42,79,-5
-40,80,-11
-31,96,-17
-27,91,-15
-24,75,-10
-23,70,-9
-22,63,-9
-21,60,-9
-16,54,-10
-12,52,-10
-9,52,-12
-7,54,-12
-10,56,-14
-12,58,-15
-16,64,-19
-19,65,-16
-19,76,-15
-16,80,-16
-17,70,-10
-25,87,-5
-21,90,-5
-20,76,-5
-18,63,-2
-20,50,-3
-18,53,6
-31,52,8
-20,48,1
-36,51,-9
-40,56,-5
-40,62,-8
-32,70,-5
-31,88,-2
-28,89,-3
-36,108,-7
-42,94,2
-38,78,-9
-35,91,-11
-22,90,-10
-20,83,-10
-17,68,-7
-20,63,-7
-19,56,-7
-18,53,-9
-12,51,-11
-10,52,-12
-10,53,-13
-13,57,-14
-14,60,-17
-20,68,-25
-20,67,-24
-25,87,-10
-23,88,-4
-14,68,-7
-18,79,-5
-18,89,10
-19,87,7
-12,61,2
-12,53,3
-11,56,9
-37,60,15
-27,47,7
-26,45,-6
-33,58,-11
-38,65,-10
-40,71,-15
-40,81,-15
-39,83,-8
-40,86,-14
-44,91,-5
-43,84,-7
-36,92,-13
-27,89,-9
-25,83,-9
-23,72,-10
-18,68,-9
-16,62,-8
-15,60,-10
-13,58,-15
-11,56,-15
-11,54,-16
-12,54,-15
-14,62,-18
-16,69,-21
-20,77,-20
-17,98,-26
-11,72,-15
-20,73,-5
-26,82,1
-26,80,1
-21,60,7
-14,49,11
-5,43,18
-4,44,23
-11,46,17
-14,48,11
-21,63,9
-32,69,2
-37,76,-4
-37,78,-5
-34,83,-5
-32,86,-5
-35,74,-7
-38,91,-10
-42,78,-4
-39,90,-14
-32,87,-13
-26,81,-8
-25,75,-7
-22,65,-6
-20,63,-6
-15,57,-7
-14,54,-8
-11,50,-10
-9,49,-11
-8,51,-10
-9,52,-11
-14,63,-15
-16,75,-14
-19,82,-3
-19,80,-4
-7,82,-20
-5,64,-18
-18,73,0
-22,78,3
-26,80,-4
-23,70,-7
-19,53,-6
-20,53,-2
-23,53,7
-26,51,10
-26,42,-2
-24,46,4
-32,54,2
-30,68,-7
-28,85,-8
-33,100,-6
-34,90,-2
-36,95,0
-38,80,3
-31,62,1
-26,71,-2
-28,90,0
-25,85,-2
-25,77,-6
-25,73,-7
-22,62,-19
-30,53,-36
-48,53,-72
-59,48,-77
-41,72,-54
-28,75,-67
-33,52,-95
-63,48,-104
-80,44,-84
-76,45,-62
-23,18,-7
-38,-7,3
-54,-13,-2
-48,-21,0
-23,-19,3
-28,-16,8
-26,-20,13
-7,-25,14
-3,-22,22
-12,-29,8
-17,-33,8
-18,-41,17
-25,-45,12
-36,-56,10
-37,-61,10
-46,-64,2
-43,-68,-1
-31,-84,-6
-55,-77,-6
-57,-81,-14
-47,-80,-21
-26,-62,-18
-23,-51,-13
-33,-35,-3
-33,-34,-3
-38,-35,-10
-31,-37,-8
-18,-34,-1
-20,-34,-2
-24,-48,-11
-22,-55,-11
-25,-60,-6
-35,-65,-5
-44,-76,-9
-35,-80,2
-42,-73,7
-62,-68,2
-55,-59,-6
-44,-53,-9
-35,-51,-1
-26,-45,5
-24,-44,-3
-19,-29,18
-19,-22,19
-18,-28,22
-25,-33,19
-31,-44,12
-35,-47,8
-39,-55,9
-38,-59,10
-41,-63,6
-48,-71,6
-51,-91,-10
-46,-79,-15
-32,-75,-10
-32,-72,-12
-33,-65,-9
-31,-61,-6
-25,-45,1
-19,-40,4
-8,-31,10
-9,-27,12
-16,-29,9
-18,-35,7
-21,-44,6
-23,-49,13
-21,-52,20
-32,-63,14
-45,-69,8
-52,-81,9
-49,-73,9
-63,-66,-19
-63,-66,-25
-47,-53,-24
-47,-47,-27
-30,-54,-17
-23,-56,-16
-26,-48,-12
-30,-43,-7
-25,-42,-5
-19,-42,-6
-17,-40,-4
-19,-44,-7
-23,-46,1
-28,-45,7
-40,-57,1
-45,-65,-3
-41,-82,-4
-38,-95,-15
-44,-79,-27
-36,-76,-18
-25,-66,-11
-31,-59,-9
-35,-49,-7
-29,-46,-6
-24,-36,-5
-21,-34,-4
-17,-33,-4
-19,-40,-3
-22,-45,-2
-34,-63,0
-40,-64,-1
-34,-59,3
-31,-55,8
-32,-62,2
-38,-66,-5
-50,-77,-8
-51,-79,-4
-60,-61,5
-57,-54,2
-53,-42,-7
-55,-41,-6
-50,-44,4
-41,-45,5
-22,-43,1
-17,-39,-1
-13,-30,5
-15,-29,7
-18,-27,10
-18,-29,8
-9,-41,-5
-9,-41,3
-16,-41,8
-28,-40,5
-38,-42,6
-43,-53,-2
-65,-43,-18
-67,-37,-26
-67,-30,-41
-74,-14,-46
-76,-9,-44
-58,-10,-38
-60,-11,-37
-61,-5,-35
-42,-2,-25
-40,-1,-17
-45,-1,-17
-42,0,-20
-39,5,-27
-49,23,-60
-80,21,-88
-65,18,-77
-64,18,-70
-50,37,-62
-43,43,-52
-48,46,-35
-44,49,-33
-34,51,-24
-33,44,-21
-20,29,-16
-17,25,-17
-18,26,-18
-23,27,-18
-25,33,-20
-27,39,-22
-34,54,-19
-39,68,-23
-39,79,-23
-38,88,-27
-34,75,-25
-37,90,-19
-39,105,-16
-43,88,-26
-37,89,-26
-37,81,-19
-39,76,-15
-36,61,-12
-35,57,-11
-22,55,-6
-22,52,-8
-11,50,-9
-8,47,-12
-7,41,-11
-9,42,-12
-16,60,-13
-14,74,-16
-11,81,-17
-9,72,-10
-11,109,-8
-9,93,-6
-28,84,4
-28,90,6
-16,89,-1
-9,79,2
8,51,13
-11,38,7
-15,33,7
-21,30,4
-22,32,5
-23,45,3
-27,52,3
-29,65,0
-30,74,-4
-34,89,-9
-36,74,-9
-43,78,-18
-50,104,-16
-57,92,-14
-49,92,-13
-36,86,-10
-32,83,-8
-24,73,-6
-24,67,-6
-22,61,-8
-19,58,-7
-14,53,-7
-9,51,-7
-6,45,-12
-4,41,-12
-15,47,-12
-15,56,-13
-18,72,-8
-15,77,-5
-12,97,-12
-8,78,-10
-27,89,2
-37,96,0
-33,91,-3
-12,63,7
-13,53,3
-23,45,4
-28,41,-2
-24,36,-3
-25,39,0
-28,48,4
-31,54,4
-35,59,-1
-36,70,-2
-33,91,1
-35,84,0
-36,92,-8
-41,101,-2
-44,72,-8
-41,89,-8
-32,87,-2
-30,82,-1
-25,71,-3
-22,67,-3
-17,58,-2
-16,54,-3
-15,50,-6
-12,48,-8
-8,48,-8
-7,47,-6
-10,51,-10
-13,64,-14
-18,68,-12
-22,69,1
-21,87,-7
-13,82,-8
-18,88,-1
-28,94,8
-26,90,4
-24,68,0
-22,59,1
-19,44,4
-21,40,3
-23,34,2
-25,34,1
-28,42,2
-31,49,4
-33,62,6
-33,70,5
-31,82,4
-33,77,2
-41,114,-3
-46,99,3
-40,88,-9
-34,97,-8
-28,90,-4
-26,84,-3
-24,70,-5
-22,65,-6
-16,59,-4
-14,55,-6
-12,54,-7
-8,50,-9
-7,49,-10
-10,49,-12
-11,49,-13
-12,56,-15
-12,59,-15
-16,58,-5
-19,69,-4
-19,82,1
-19,73,5
-30,97,8
-30,107,10
-22,89,11
-21,74,8
-21,61,8
-25,57,10
-29,46,4
-30,43,2
-30,39,2
-31,41,0
-30,50,-2
-29,60,-3
-30,73,-8
-32,78,-6
-30,65,-5
-32,86,-5
-39,83,2
-41,94,-2
-33,102,-3
-27,88,0
-23,80,2
-22,68,2
-21,62,-1
-15,51,-1
-8,44,1
-10,41,-4
-7,39,-5
-7,37,-8
-8,40,-8
-14,51,-3
-12,58,-4
-13,63,-14
-15,66,-13
-18,101,-7
-17,107,-3
-24,98,2
-24,106,3
-19,94,-10
-18,79,-9
-12,60,-1
-9,51,-3
-26,42,-5
-35,36,-12
-23,34,-4
-20,43,0
-27,62,10
-30,66,11
-27,71,7
-30,80,4
-32,79,4
-25,94,-2
-33,99,4
-33,78,-4
-29,94,-9
-25,102,-4
-25,95,-7
-23,85,-5
-13,78,-3
-9,64,-6
-10,57,-2
-6,45,-1
-7,42,-2
-10,37,-7
-11,37,-9
-9,40,-9
-9,44,-14
-7,52,-36
-12,73,-28
-29,102,-15
-15,102,-35
-15,95,-14
-26,101,20
-15,97,23
-22,97,8
-24,78,-5
-30,71,-7
-30,52,-14
-30,34,-26
-40,37,-19
-24,39,-9
-21,44,-6
-30,50,-6
-42,55,-4
-31,51,-2
-32,60,4
-31,73,9
-33,97,0
-41,85,4
-36,82,-3
-28,121,-7
-22,118,-7
-23,101,-7
-21,91,-4
-19,74,-6
-15,65,-8
-9,53,-5
-9,48,-5
-4,41,-1
-3,36,-1
-3,31,-3
-6,29,-7
-5,36,-10
-7,42,-10
-12,59,-8
-16,71,-6
-17,120,-11
-26,114,-8
-38,118,-4
-30,110,-3
-22,99,-5
-12,72,-4
-13,65,-4
-19,54,-8
-22,49,-11
-24,37,-15
-24,34,-14
-28,39,-6
-32,46,-3
-42,58,4
-41,60,5
-34,74,9
-30,81,11
-30,84,6
-32,106,5
-32,72,8
-28,80,-1
-22,113,-6
-18,105,-5
-20,87,-6
-22,81,-7
-22,69,-12
-12,55,-11
-8,49,-11
-13,44,-12
-16,43,-7
-14,43,-5
-5,47,-5
-8,49,-9
-12,51,-10
-19,60,-10
-23,70,-11
-25,85,-6
-28,77,8
-33,84,10
-27,93,6
-17,98,11
-21,90,5
-29,68,-1
-36,59,-2
-37,44,-8
-31,39,-7
-22,40,-2
-23,42,-3
-25,49,5
-28,47,13
-35,55,1
-42,74,-3
-57,89,3
-60,97,-5
-45,81,-6
-39,69,-9
-38,108,-18
-30,104,-21
-22,86,-18
-21,74,-17
-24,58,-11
-22,52,0
-18,49,-3
-9,49,1
-6,47,2
-16,48,-8
-14,49,-9
-13,48,-13
-11,48,-14
-12,59,-11
-12,77,-5
-22,95,9
-37,91,19
-44,97,2
-35,97,-2
-24,91,7
-25,78,4
-32,59,-4
-29,52,-5
-24,40,-8
-22,38,-9
-21,38,-10
-23,41,-11
-28,56,-13
-32,64,-11
-38,71,-12
-38,75,-13
-44,74,-10
-46,99,-8
-52,93,1
-34,85,-4
-28,99,-1
-25,81,0
-29,76,-1
-27,64,-3
-26,60,-5
-20,58,-7
-17,58,-7
-12,55,-10
-12,56,-11
-11,59,-13
-11,62,-12
-13,66,-14
-12,68,-16
-14,67,-14
-19,66,-9
-18,82,-12
-13,83,-11
-15,72,-2
-16,81,-2
-14,82,0
-16,76,0
-19,58,1
-21,54,1
-23,53,5
-26,56,4
-35,58,2
-37,56,0
-40,62,3
-33,63,5
-36,73,1
-39,87,-4
-37,83,-3
-38,96,-5
-50,101,1
-47,80,-6
-42,92,-10
-23,103,-3
-15,95,-8
-6,73,-4
-11,64,7
-32,54,-10
-21,51,-12
-17,51,-15
-14,53,-14
-11,57,-16
-11,61,-18
-12,72,-20
-14,74,-21
-14,66,-17
-19,62,-11
-17,75,-13
-17,68,-4
-31,67,13
-30,79,12
-14,77,6
-10,76,5
-3,55,1
-7,50,-3
-12,45,-5
-23,52,-10
-26,58,-13
-38,68,-2
-51,73,19
-56,90,40
-44,91,37
-17,90,40
-13,82,36
-23,97,25
-28,92,23
-26,88,-14
-51,97,-10
-37,88,-7
-28,84,-13
-29,65,-20
-33,63,-23
-32,64,-20
-25,65,-18
-12,65,-18
-10,64,-18
-7,59,-14
-6,57,-13
-6,58,-15
-10,61,-12
-20,60,8
-26,61,14
-19,86,6
-4,80,13
3,85,19
-22,100,7
-32,99,5
-45,79,-9
-26,64,6
-50,68,2
-31,53,2
-43,56,-6
-46,57,-6
-38,58,-1
-42,56,-1
-41,59,0
-41,62,-6
-38,70,-3
-31,62,1
-34,92,3
-39,92,1
-36,101,-5
-29,112,-8
-22,99,-13
-20,89,-11
-21,73,-7
-19,66,-8
-16,58,-13
-14,54,-13
-15,48,-7
-10,46,-6
-7,43,-8
-9,41,-10
-11,40,-12
-12,47,-13
-12,53,-10
-18,60,1
-21,76,-4
-23,87,-6
-15,80,1
-34,116,9
-38,115,10
-26,81,5
-22,67,9
-24,57,11
-26,53,9
-28,44,2
-31,42,1
-33,44,4
-29,46,5
-31,53,4
-32,62,1
-34,85,-2
-33,78,-3
-34,96,-9
-41,104,-4
-41,71,-11
-40,85,-12
-30,85,-6
-27,81,-5
-23,68,-6
-20,63,-4
-19,56,-5
-16,53,-6
-12,50,-6
-11,49,-7
-10,52,-7
-13,55,-11
-13,58,-12
-14,61,-14
-16,63,-12
-18,73,-5
-22,91,-6
-18,66,0
-22,68,0
-25,85,3
-23,86,3
-16,72,2
-19,63,1
-24,51,3
-26,46,6
-27,42,6
-28,40,5
-27,45,7
-29,49,8
-31,55,3
-30,63,2
-36,84,1
-39,81,0
-42,95,-5
-46,103,1
-41,77,-3
-41,92,-6
-29,89,-5
-23,78,-6
-21,73,-8
-21,63,-9
-20,58,-9
-18,51,-10
-15,48,-10
-12,46,-10
-11,46,-9
-11,53,-9
-13,55,-9
-13,66,-10
-13,68,-9
-16,70,-2
-19,87,-3
-14,74,-1
-13,66,-1
-20,75,2
-20,75,6
-23,72,6
-19,65,4
-19,55,-2
-20,54,2
-24,49,5
-28,48,2
-36,51,3
-38,49,3
-36,55,1
-36,67,3
-33,85,5
-20,81,2
-18,97,-3
-34,91,9
-34,75,0
-36,92,-8
-31,87,-5
-27,79,-2
-25,75,-3
-20,68,-6
-18,62,-7
-18,48,-9
-17,45,-10
-14,46,-11
-12,48,-11
-10,56,-13
-11,61,-14
-14,74,-17
-15,78,-14
-16,86,-9
-17,94,-12
-15,64,-5
-23,76,-1
-23,83,2
-20,78,-1
-15,60,-4
-13,52,-2
-18,44,0
-22,43,2
-26,48,15
-30,50,11
-32,52,9
-48,61,8
-40,63,10
-36,86,5
-28,92,8
-22,70,7
-21,59,1
-30,92,5
-36,91,4
-43,98,-6
-38,100,-12
-26,95,-12
-22,92,-8
-17,79,-5
-18,73,-6
-19,62,-10
-17,59,-10
-8,53,-8
-6,49,-9
0,42,-10
2,36,-15
1,28,-30
-1,29,-33
-21,50,-15
-28,60,3
-32,75,-5
-21,94,-18
-10,91,-11
-23,113,-1
-24,125,14
-12,91,-1
-10,76,4
-46,66,6
-57,46,-12
-30,36,-6
-23,33,-4
-17,46,10
-21,50,10
-25,58,7
-27,65,8
-32,79,11
-34,78,7
-38,103,4
-38,102,11
-34,84,-3
-30,98,-3
-20,102,-3
-17,97,-7
-15,77,-9
-16,68,-9
-21,55,-11
-20,48,-12
-15,47,-11
-11,45,-11
-10,45,-12
-8,48,-12
-12,55,-15
-13,60,-17
-15,62,-14
-15,85,-14
-14,90,-10
-17,71,3
-24,80,5
-22,90,8
-22,86,6
-17,66,9
-15,57,11
-19,53,14
-22,53,14
-29,55,8
-32,52,1
-23,57,13
-25,61,14
-35,69,10
-39,75,11
-40,74,10
-37,71,4
-38,113,6
-35,92,5
-32,104,-8
-27,102,-10
-21,86,-9
-19,76,-7
-20,64,-6
-20,60,-8
-19,53,-11
-16,51,-12
-11,49,-11
-9,47,-10
-10,48,-11
-12,49,-13
-12,50,-14
-13,56,-16
-14,59,-14
-14,90,-14
-16,92,-12
-19,75,-2
-30,86,1
-27,94,1
-28,92,-2
-12,70,11
-19,65,17
-34,57,20
-37,51,17
-34,46,10
-35,47,8
-29,50,9
-27,49,8
-27,54,4
-27,61,1
-29,76,-4
-29,77,-5
-32,115,-7
-37,105,-5
-37,93,-12
-25,84,-6
-20,79,-5
-18,71,-4
-18,59,-3
-17,50,-2
-17,46,-3
-14,39,-6
-11,38,-6
-10,36,-6
-10,34,-7
-9,38,-7
-11,45,-9
-15,60,-10
-16,64,-7
-20,83,-5
-21,108,-10
-24,95,-4
-31,99,0
-34,100,4
-29,95,4
-16,67,2
-15,58,4
-16,46,3
-18,40,-1
-21,31,-6
-21,29,-6
-22,32,-1
-22,37,1
-24,43,-5
-25,49,-6
-24,66,-8
-25,75,-5
-23,99,-6
-34,99,10
-32,72,-1
-27,98,2
-23,88,3
-21,71,1
-20,65,1
-20,56,4
-17,52,4
-16,45,1
-14,42,0
-14,36,-5
-13,34,-5
-12,34,-5
-12,38,-5
-14,58,-5
-20,72,-7
-24,80,0
-21,80,-2
-13,104,-7
-15,87,-2
-32,85,5
-36,89,3
-24,79,-2
-16,68,-5
-12,54,-1
-15,47,-3
-23,34,-7
-27,25,3
-32,23,11
-17,34,14
-13,46,17
-15,63,16
-20,71,12
-30,93,2
-36,93,0
-43,90,-5
-41,89,-4
-39,76,-1
-36,81,-2
-28,81,-2
-28,79,-1
-28,74,1
-24,72,1
-17,66,0
-14,64,-1
-14,59,-3
-13,54,-4
-9,46,-6
-11,40,-8
-10,35,-8
-11,36,-8
-11,41,-10
-12,52,-8
-16,72,-3
-19,79,-3
-17,95,-12
-21,91,-7
-35,98,4
-34,102,-1
-21,94,-2
-18,70,-5
-19,58,-5
-22,39,-4
-30,30,-6
-31,28,-5
-28,29,-4
-27,36,-2
-29,42,-1
-22,56,-2
-24,67,-1
-43,85,0
-47,82,3
-48,110,6
-45,90,10
-22,94,-7
-19,104,-3
-22,77,2
-27,69,1
-28,60,-3
-25,57,-6
-17,53,-6
-13,52,-4
-13,48,-7
-12,48,-9
-10,48,-11
-9,49,-13
-10,50,-16
-10,53,-16
-17,65,-17
-27,66,-8
-26,82,-9
-27,90,3
-28,84,4
-20,99,16
-15,91,21
-20,56,14
-21,51,11
-19,40,5
-26,45,10
-26,52,7
-27,52,0
-39,58,1
-31,55,4
-28,52,6
-29,55,3
-24,71,1
-25,66,-1
-27,90,-10
-35,106,-8
-37,87,-9
-35,93,-12
-27,84,-10
-24,80,-7
-20,68,-3
-19,62,-4
-18,53,-4
-14,50,-5
-17,48,-10
-8,47,-5
-5,44,-5
-9,40,-9
-10,43,-10
-13,62,-19
-13,70,-22
-15,93,-17
-21,103,-19
-23,88,-2
-34,96,9
-29,101,2
-19,91,-1
-10,63,6
-11,57,9
-17,43,8
-18,40,6
-20,38,-5
-19,39,-11
-22,50,-11
-24,57,-10
-23,62,-8
-24,66,-8
-36,78,-3
-34,82,2
-35,70,0
-34,77,-5
-39,73,1
-43,69,-3
-38,83,-6
-27,84,-7
-27,77,-6
-22,63,-5
-24,60,-6
-21,58,-8
-19,56,-8
-15,53,-10
-12,51,-9
-9,50,-10
-9,50,-10
-13,54,-13
-13,59,-19
-14,67,-20
-18,70,-15
-20,96,-17
-15,83,-15
-24,88,-4
-24,94,-2
-15,83,-2
-13,70,-2
-17,48,3
-20,42,3
-22,38,3
-26,39,6
-24,40,2
-22,42,-6
-24,59,-3
-27,65,0
-28,66,-3
-30,68,-3
-32,78,3
-28,81,-8
-36,102,-1
-43,74,2
-40,82,-4
-27,93,-2
-24,91,-2
-21,77,-5
-20,72,-6
-22,63,-8
-21,61,-8
-17,53,-11
-10,49,-12
-4,44,-10
-6,44,-11
-10,50,-14
-12,53,-16
-14,62,-18
-16,66,-18
-20,79,-10
-16,92,-13
-13,75,-4
-18,80,1
-23,90,10
-21,89,11
-13,68,9
-10,57,7
-17,47,7
-19,43,8
-18,38,7
-24,41,2
-27,45,2
-24,56,3
-24,64,2
-31,79,-2
-34,84,-2
-36,79,-5
-35,99,-9
-46,81,5
-38,68,1
-27,91,-6
-24,90,-5
-23,81,-3
-23,74,-4
-20,66,-2
-19,63,-3
-14,57,-5
-13,55,-8
-14,55,-8
-8,55,-7
-8,56,-10
-10,59,-11
-8,68,-13
-11,68,-15
-15,56,-12
-13,61,-12
-14,69,-13
-14,66,5
-11,72,8
-18,92,9
-20,96,5
-18,75,-2
-25,70,0
-29,63,26
-36,59,19
-29,40,-14
-20,39,-2
-26,41,-2
-16,49,8
-16,64,13
-23,70,8
-34,80,4
-36,80,5
-32,89,-5
-38,108,3
-32,73,2
-29,89,-4
-23,95,-4
-22,93,-6
-17,80,-5
-16,74,-4
-18,65,-7
-17,61,-6
-14,54,-8
-11,51,-8
-9,45,-9
-7,45,-10
-9,45,-11
-11,46,-14
-10,47,-17
-14,51,-19
-14,52,-13
-23,87,-5
-23,97,-3
-17,92,0
-25,104,4
-22,107,4
-25,99,1
-24,73,8
-23,66,13
-27,54,9
-31,48,-6
-22,38,-5
-21,37,-4
-19,40,1
-21,42,3
-23,49,3
-24,58,3
-27,73,0
-28,70,-1
-29,75,-6
-34,96,-6
-42,78,1
-38,82,-4
-25,94,-9
-20,86,-4
-18,79,-3
-19,69,-4
-19,66,-4
-16,59,-4
-14,56,-4
-8,49,-4
-9,45,-6
-5,41,-5
-6,39,-6
-10,42,-10
-10,46,-14
-14,59,-14
-16,67,-8
-22,98,-6
-24,93,-2
-27,95,-11
-21,101,-13
-13,93,2
-16,85,0
-66,72,3
-65,64,4
-17,50,3
-15,43,-6
-22,26,-19
-23,24,-18
-22,35,-7
-15,43,2
-13,50,0
-15,63,-3
-22,76,-4
-27,78,-15
-32,107,-12
-42,95,5
-38,93,-3
-36,93,-1
-31,86,3
-30,72,7
-27,67,5
-21,60,1
-16,58,3
-11,51,2
-12,48,0
-12,44,-4
-13,42,-7
-13,43,-8
-13,47,-8
-15,57,-11
-16,62,-12
-17,60,0
-19,67,1
-19,88,-5
-18,81,0
-24,84,4
-25,92,2
-27,98,9
-22,81,9
-14,54,1
-17,51,4
-20,45,7
-26,39,1
-27,39,1
-30,42,4
-32,46,3
-30,57,2
-29,66,1
-31,77,0
-28,70,0
-28,84,-5
-34,105,-1
-34,77,-3
-32,86,-7
-24,89,-6
-22,85,-5
-19,71,-4
-19,69,-4
-22,63,-4
-23,61,-5
-26,59,-9
-30,59,-11
-39,55,-13
-52,52,-14
-72,46,-11
-76,48,-8
-79,46,-2
-81,41,5
-81,27,16
-83,19,13
-74,6,11
-56,-1,17
-51,-7,13
-41,-13,10
-32,-13,14
-25,-16,23
-24,-21,19
-13,-27,16
-11,-27,19
-20,-28,13
-18,-30,14
-33,-34,11
-37,-36,12
-28,-45,21
-30,-55,19
-49,-63,13
-53,-64,12
-47,-80,16
-44,-86,6
-33,-79,-4
-31,-75,-6
-34,-64,-7
-34,-60,-2
-34,-49,3
-32,-40,3
-22,-31,5
-17,-27,6
-15,-26,3
-14,-29,3
-7,-34,5
-6,-44,2
-21,-60,2
-31,-71,11
-38,-76,13
-55,-80,10
-60,-79,6
-57,-74,-6
-56,-67,-9
-62,-55,-12
-51,-49,-10
-42,-40,-8
-46,-43,-4
-36,-50,7
-26,-50,8
-12,-43,7
-14,-37,9
-21,-32,13
-21,-32,14
-22,-35,15
-22,-38,16
-22,-46,3
-20,-49,6
-35,-38,44
-42,-46,37
-26,-57,11
-24,-57,1
-22,-41,-14
-31,-37,-21
-35,-24,-17
-47,-22,-21
-74,-18,-16
-72,-8,-12
-77,-3,-10
-70,-2,-7
-54,0,-7
-57,-1,-14
-53,-1,-14
-46,5,-15
-49,12,-11
-59,26,-10
-60,34,-10
-38,48,-3
-32,62,-7
-33,104,-8
-35,111,-6
-48,127,2
-45,127,-1
-26,82,-6
-21,68,-1
-22,56,2
-27,49,0
-28,36,-1
-29,33,0
-25,35,1
-29,39,5
-34,50,11
-32,56,9
-30,72,5
-32,80,6
-30,70,7
-25,67,4
-32,96,4
-35,80,-3
-36,90,-8
-26,88,-8
-26,84,-8
-23,70,-7
-22,65,-6
-21,56,-7
-18,52,-8
-15,48,-9
-13,46,-10
-9,43,-13
-7,42,-12
-10,45,-13
-11,48,-14
-15,56,-17
-17,59,-13
-20,82,-9
-20,93,-11
-25,80,-2
-32,91,2
-31,91,-1
-27,84,-6
-19,66,-5
-21,63,-3
-21,53,11
-27,51,15
-32,43,4
-33,41,0
-34,42,-2
-33,50,3
-31,53,1
-27,70,0
-28,83,-1
-29,77,-3
-28,83,-6
-38,89,4
-36,71,-1
-31,93,-9
-25,95,-9
-19,80,-8
-19,69,-8
-18,57,-6
-20,54,-7
-21,48,-9
-20,46,-10
-13,43,-10
-11,43,-11
-7,47,-10
-8,48,-10
-13,54,-12
-15,59,-14
-17,62,-14
-17,68,-12
-14,107,-21
-15,86,-15
-32,70,1
-42,83,4
-29,84,-3
-17,69,-7
-5,59,20
-20,57,45
-41,46,13
-19,35,-5
-25,33,-9
-33,38,-16
-31,41,-17
-18,49,-3
-19,55,4
-29,71,-1
-33,71,1
-31,69,-7
-33,108,-2
-32,99,4
-35,98,-10
-27,88,-12
-25,82,-8
-21,67,-1
-35,61,-8
-13,49,3
-9,49,4
-16,46,-3
-16,46,-4
-11,44,-7
-10,42,-10
-9,44,-12
-11,46,-13
-15,55,-17
-20,59,-16
-23,78,-10
-16,94,-9
-19,78,-7
-34,95,7
-36,97,8
-27,81,1
-12,65,4
-4,55,11
-14,55,25
-35,43,2
-31,37,-4
-32,32,-6
-34,35,-6
-34,43,0
-28,46,2
-20,65,5
-21,76,5
-25,81,-3
-30,98,-8
-43,91,1
-41,76,-5
-32,87,-14
-27,85,-12
-23,75,-9
-22,68,-8
-21,56,-8
-20,54,-9
-17,53,-9
-15,53,-10
-12,52,-10
-9,55,-3
-8,60,3
-4,57,-8
-5,56,-20
-15,61,-19
-19,66,-9
-26,67,-2
-25,80,-10
-20,62,-7
-25,73,-1
-30,91,2
-31,92,3
-28,70,6
-23,59,8
-21,53,12
-20,51,14
-27,45,9
-29,44,8
-32,47,4
-33,51,3
-29,59,5
-28,63,1
-28,73,0
-26,68,3
-24,69,-9
-28,93,-9
-38,92,-8
-36,96,-11
-28,87,-12
-22,74,-7
-21,67,-5
-21,56,-3
-21,51,-3
-18,45,-4
-15,44,-4
-11,42,-7
-10,44,-8
-10,46,-7
-10,48,-6
-15,57,-11
-16,62,-10
-18,67,0
-20,85,-7
-16,76,-3
-21,78,-2
-29,91,4
-28,93,5
-25,78,5
-19,63,2
-17,51,4
-16,46,6
-24,41,14
-28,38,9
-24,40,1
-28,41,-1
-29,48,0
-27,51,1
-24,70,0
-27,83,0
-32,74,-1
-36,95,0
-36,87,4
-36,80,-8
-35,92,-10
-28,81,-6
-26,75,-4
-22,64,-4
-24,59,-5
-20,54,-6
-18,53,-6
-16,51,-9
-13,50,-9
-12,48,-10
-10,47,-10
-12,44,-12
-12,44,-13
-16,51,-13
-17,55,-10
-18,89,-12
-23,104,-8
-28,77,6
-27,85,2
-21,88,-2
-18,87,-5
-16,73,-3
-15,64,-1
-26,53,9
-31,48,12
-27,33,7
-24,29,1
-27,32,-2
-24,43,-7
-21,51,-7
-21,79,-5
-24,86,-7
-31,107,-12
-38,108,-6
-37,74,-11
-33,79,-18
-28,83,-17
-25,77,-9
-23,59,-2
-22,49,-3
-21,43,-6
-19,44,-6
-17,45,-6
-16,49,-7
-16,55,-8
-16,56,-9
-19,66,-10
-19,68,-9
-17,68,-11
-16,65,-10
-16,88,-17
-17,80,-12
-23,65,-9
-29,80,-4
-34,86,3
-17,70,-5
-10,57,-3
-14,42,11
-14,38,14
-29,35,15
-29,36,20
-24,38,15
-25,40,9
-32,51,0
-32,60,-3
-29,83,-11
-28,83,-8
-28,82,-14
-37,101,-10
-49,83,-7
-43,85,-11
-31,96,-13
-23,91,-11
-21,69,-6
-20,61,-6
-22,57,-7
-21,56,-8
-17,55,-7
-14,55,-7
-8,54,-8
-7,54,-9
-11,53,-12
-13,55,-15
-12,60,-16
-13,63,-9
-17,69,-5
-14,86,-12
-12,75,-12
-20,87,-9
-20,92,-4
-26,84,3
-27,72,6
-26,56,20
-33,56,19
-21,49,8
-27,47,-4
-30,51,-7
-28,54,-6
-30,54,-6
-31,56,-6
-31,62,-9
-31,69,-11
-33,70,-9
-32,63,-7
-33,93,-8
-40,89,2
-37,87,-4
-36,100,-7
-28,96,-1
-26,90,0
-12,79,5
-16,74,1
-14,63,-6
-13,60,-7
-12,51,-5
-11,44,-8
-7,42,-10
-5,43,-13
-6,45,-15
-10,52,-18
-14,58,-16
-16,61,-4
-16,73,-5
-16,92,-12
-16,81,-7
-33,107,3
-36,119,4
-28,97,4
-16,72,1
-18,60,2
-22,57,-1
-31,47,-5
-31,40,-7
-25,38,-5
-27,43,2
-28,54,4
-28,56,1
-32,65,1
-34,71,4
-36,65,3
-35,78,0
-41,110,6
-34,94,1
-27,104,-9
-25,97,-9
-21,88,-8
-24,73,-9
-24,67,-12
-18,59,-10
-19,67,-7
-13,57,-19
-20,47,-28
-41,46,-31
-45,38,-35
-59,38,-38
-66,38,-34
-67,36,-6
-68,29,-2
-79,21,2
-73,18,11
-67,12,14
-70,7,8
-70,8,-6
-66,12,-5
-49,2,4
-54,1,14
-37,-9,15
-30,-11,8
-35,-7,3
-41,-7,-3
-72,-18,-23
-66,-17,-10
-42,1,37
-63,1,16
-68,1,1
-62,-6,-11
-69,-12,-9
-83,-27,-25
-96,-33,-33
-85,-33,-49
-48,-31,-22
-44,-42,-13
-50,-32,-15
-50,-17,-12
-50,-14,-11
-42,-17,-14
-43,-16,-8
-33,-18,-12
-36,-17,-13
-48,-16,-11
-53,-17,-10
-57,-20,-11
-57,-25,-13
-62,-28,-19
-72,-25,-16
-81,-24,-10
-85,-22,-23
-97,-15,-43
-84,-16,-40
-52,-16,-37
-48,-12,-38
-56,-3,-26
-52,0,-18
-45,13,0
-47,12,-13
-37,10,-15
-24,13,-16
-27,11,-14
-37,14,-14
-40,14,-9
-39,14,-11
-55,18,-24
-75,25,-39
-78,28,-38
-80,34,-40
-84,43,-41
-84,43,-47
-82,41,-48
-74,44,-40
-68,44,-34
-54,44,-22
-49,43,-18
-43,38,-13
-37,35,-10
-30,34,-8
-26,36,-9
-21,43,-9
-20,49,-11
-23,68,-14
-27,77,-11
-24,86,-12
-24,85,-10
-25,92,-2
-26,84,-6
-28,66,-4
-37,68,5
-36,78,7
-20,76,2
-16,65,3
-17,44,0
-20,38,1
-25,31,-2
-24,29,-3
-24,30,0
-23,32,3
-22,38,5
-22,42,4
-26,60,4
-28,69,2
-28,70,-5
-27,79,-10
-39,111,-3
-41,92,-6
-41,83,-12
-36,78,-8
-32,71,-3
-28,64,-2
-20,52,-2
-18,49,-1
-16,45,-2
-16,43,-4
-15,42,-8
-13,47,-10
-13,51,-11
-14,58,-15
-13,64,-17
-20,78,-16
-20,71,-8
-27,79,2
-23,92,-5
-16,92,-3
-25,98,3
-21,94,6
-17,83,0
-15,57,-5
-12,44,0
-16,23,1
-19,20,-1
-21,21,2
-26,26,-3
-28,40,-4
-34,48,-2
-34,64,-4
-33,75,-6
-27,87,-6
-25,83,-6
-40,125,2
-43,99,5
-30,83,-8
-28,93,-5
-28,78,-6
-27,72,-5
-21,61,3
-20,53,1
-15,51,-1
-14,48,-7
-13,47,-8
-10,43,-9
-9,42,-8
-10,42,-12
-10,45,-13
-15,55,-17
-18,67,-19
-25,81,-12
-26,85,-10
-6,86,-11
-6,67,-7
-31,79,0
-29,97,-2
-17,91,-4
-11,78,3
-16,65,16
-19,60,10
-31,45,-9
-33,43,-8
-32,43,1
-30,43,2
-33,48,8
-34,49,10
-28,55,5
-28,66,1
-29,79,-2
-27,78,-9
-32,97,-3
-37,84,-4
-35,95,-13
-24,90,-14
-23,82,-13
-24,68,-8
-22,62,-8
-18,52,-9
-16,49,-9
-13,45,-6
-12,44,-7
-12,44,-10
-12,44,-10
-12,48,-12
-14,53,-12
-15,61,-13
-15,64,-12
-19,66,-4
-18,80,-7
-14,85,-7
-15,74,-5
-27,88,-3
-31,89,-1
-34,77,0
-30,66,-1
-20,54,0
-24,50,4
-27,49,3
-30,47,0
-31,50,0
-34,56,2
-33,57,3
-33,60,3
-34,68,3
-32,74,2
-25,69,-2
-34,109,1
-34,96,4
-31,96,-12
-30,103,-9
-19,90,-3
-22,79,-3
-20,61,-2
-18,54,-1
-17,49,-1
-14,46,-2
-11,41,-4
-11,38,-6
-10,34,-5
-12,35,-6
-14,42,-9
-14,49,-11
-18,58,-6
-19,59,1
-18,90,-11
-16,93,-11
-26,90,-7
-36,103,-2
-38,111,2
-24,77,-6
-19,66,1
-15,59,10
-21,49,-4
-28,41,-6
-27,40,-5
-28,38,-3
-29,39,-2
-34,51,0
-36,61,2
-34,80,0
-34,90,2
-27,73,6
-28,75,2
-35,79,10
-34,68,6
-23,83,-3
-21,93,2
-18,88,4
-12,78,0
-13,64,-5
-16,61,-3
-20,54,-7
-20,52,-9
-15,45,-10
-12,42,-12
-9,41,-10
-10,41,-11
-11,45,-11
-15,58,-9
-17,62,-4
-20,76,-5
-17,94,-11
-19,86,-8
-27,93,2
-32,110,6
-28,103,0
-13,72,-5
-10,63,-2
-15,54,-3
-20,49,-7
-26,38,-11
-27,36,-10
-27,39,-8
-28,43,-7
-30,53,-6
-30,56,-4
-26,62,-4
-29,69,-1
-31,76,2
-28,69,-1
-29,96,2
-35,80,4
-32,77,-4
-31,89,-3
-26,89,0
-27,78,-15
31,52,-32
53,56,30
21,49,22
-20,48,-2
-20,41,-7
-24,42,-16
-26,45,-17
-19,54,-4
-16,61,-4
-19,74,-16
-23,82,-22
-32,92,-14
-26,84,-10
-3,73,-9
3,52,-2
8,52,1
-2,64,-3
-21,93,-6
-20,86,-4
-20,58,3
-22,56,8
-22,47,3
-23,42,-2
-24,39,-1
-20,41,3
-26,45,-1
-30,50,-4
-25,62,-5
-26,68,-8
-30,84,-9
-34,83,-7
-35,85,-11
-40,89,0
-37,66,-3
-32,89,-5
-27,88,-4
-22,80,-5
-17,73,-2
-17,65,-1
-19,61,-3
-14,53,-3
-15,50,-6
-11,45,-10
-9,44,-10
-8,43,-11
-10,46,-12
-12,54,-12
-11,57,-14
-17,69,-16
-19,68,-9
-16,87,-13
-15,83,-11
-20,82,-7
-27,94,-3
-27,95,-5
-26,83,-8
-21,61,-3
-21,57,1
-23,47,2
-23,40,0
-27,38,-4
-26,47,-1
-29,53,-1
-31,59,-4
-28,64,-3
-30,74,0
-33,79,3
-28,82,-3
-30,95,1
-28,76,-5
-27,85,-9
-25,85,-8
-23,78,-7
-24,67,-7
-25,63,-8
-21,59,-10
-19,57,-10
-15,53,-11
-14,51,-13
-12,49,-15
-10,50,-16
-11,52,-15
-12,56,-17
-15,64,-18
-16,66,-14
-16,84,-14
-15,96,-15
-17,68,1
-24,75,4
-22,82,4
-15,72,6
-11,64,9
-15,50,3
-19,45,4
-16,42,6
-13,45,8
-58,39,-16
-32,42,-3
-26,57,-3
-36,62,-4
-37,78,-5
-34,87,-4
-34,79,-5
-31,82,-8
-37,87,-1
-39,74,-4
-36,85,-6
-32,82,-5
-27,73,-4
-24,68,-3
-21,64,-3
-21,61,-6
-17,54,-5
-16,53,-5
-13,53,-10
-12,54,-12
-10,55,-13
-11,55,-14
-13,57,-18
-15,62,-20
-18,65,-13
-17,88,-13
-13,95,-13
-17,67,0
-21,72,3
-19,79,6
-17,79,8
-12,61,3
-17,56,2
-27,46,-1
-26,42,-2
-31,48,8
-51,48,-9
-22,48,-4
-27,58,-1
-30,62,-1
-25,65,2
-31,79,-2
-34,80,-2
-35,83,-5
-38,98,-4
-43,79,-7
-42,83,-7
-30,80,-5
-26,77,-6
-20,70,-4
-19,66,-4
-25,58,-7
-21,56,-6
-17,52,-7
-15,50,-10
-13,50,-11
-12,58,-12
-12,61,-14
-13,63,-17
-14,63,-16
-21,63,-11
-18,73,-9
-11,91,-22
-8,77,-20
-18,84,-17
-17,86,-10
-19,69,8
-27,59,9
-42,50,9
-42,47,9
-41,43,7
-41,43,7
-36,46,3
-32,48,2
-33,53,-5
-35,57,-7
-35,72,-12
-33,79,-14
-26,75,-12
-25,99,-12
-26,79,2
-34,72,-8
-40,93,-23
-37,69,-13
-35,59,-9
-28,54,-11
-22,54,-8
-11,49,-5
-9,45,-6
-12,42,-12
-11,43,-13
-7,48,-14
-7,51,-15
-10,57,-19
-8,61,-19
-15,67,-18
-14,70,-14
-13,94,-16
-12,91,-10
-40,81,4
-38,83,-1
-39,86,-3
-38,77,2
-28,59,7
-28,53,6
-29,43,1
-27,38,-1
-23,34,-3
-20,37,-4
-27,44,-8
-29,48,-8
-28,65,-12
-27,78,-14
-28,81,-11
-36,73,-17
-40,87,-21
-45,81,-23
-43,88,-26
-35,79,-17
-32,74,-13
-29,63,-6
-26,57,-4
-20,51,-4
-19,50,-5
-15,52,-8
-14,55,-10
-10,58,-11
-10,56,-10
-12,56,-8
-13,58,-9
-17,63,-13
-21,62,-7
-19,94,-15
-14,95,-12
-19,75,-1
-23,83,1
-26,84,1
-25,77,1
-19,58,8
-20,49,11
-28,40,12
-29,36,10
-28,32,4
-32,41,1
-33,45,-2
-31,62,5
-28,65,6
-22,76,4
-19,80,3
-22,97,-7
-29,112,-3
-39,77,-7
-36,78,-12
-37,79,-7
-37,72,-6
-28,58,-4
-26,55,-3
-18,53,-2
-17,53,-2
-13,55,-3
-14,56,-4
-13,55,-9
-11,54,-9
-8,49,-9
-9,49,-11
-14,61,-18
-17,63,-18
-24,78,-16
-20,94,-18
-22,73,-5
-33,77,0
-31,82,2
-16,77,2
-8,67,2
-12,52,2
-18,47,1
-36,38,1
-30,37,6
-29,34,3
-26,40,4
-31,50,1
-27,53,1
-26,64,-3
-27,74,-4
-26,83,-6
-26,91,-12
-41,104,-6
-43,80,-8
-35,83,-9
-31,78,-5
-26,68,0
-23,63,2
-17,54,2
-18,50,-2
-18,48,-4
-17,46,-6
-17,45,-11
-15,46,-13
-15,49,-18
-22,51,-21
-16,64,-18
-10,73,-15
-12,73,3
-12,95,-2
-10,80,2
-22,87,7
-22,92,8
-23,92,13
-16,78,19
-8,53,17
-12,45,16
-19,31,6
-21,28,1
-22,29,-4
-22,34,-5
-24,50,-8
-25,56,-9
-27,68,-12
-29,78,-14
-35,82,-11
-35,79,-13
-44,108,-10
-47,86,-8
-44,84,-9
-39,83,-5
-36,75,-3
-33,70,-4
-28,64,-9
-17,63,-6
-15,58,-4
-12,56,-5
-11,54,-6
-9,54,-9
-6,54,-9
-10,58,-13
-9,59,-14
-16,71,-15
-19,69,-11
-20,73,-8
-16,85,-14
-16,71,-3
-22,80,0
-21,91,-3
-21,86,-1
-18,61,-3
-16,51,-7
-24,41,-8
-26,38,-5
-23,39,12
-22,42,11
-28,51,7
-33,57,10
-35,64,8
-36,66,6
-36,78,6
-31,85,7
-30,77,2
-31,92,2
-41,76,3
-37,71,-3
-33,91,-7
-29,87,-9
-26,80,-7
-24,71,-3
-23,67,-5
-16,62,-7
-14,61,-9
-12,60,-12
-11,59,-13
-10,54,-16
-8,51,-17
-9,45,-19
-11,46,-21
-17,46,-10
-17,50,2
-12,73,0
-8,66,0
-16,92,8
-36,112,13
-50,104,9
-45,91,13
-34,64,14
-27,55,15
-22,46,31
-24,40,20
-29,32,19
-32,36,19
-33,45,14
-32,52,11
-37,64,5
-37,79,2
-34,73,1
-28,77,-3
-34,92,1
-39,101,-5
-34,109,-10
-23,89,-13
-21,79,-11
-24,66,-7
-25,59,-8
-21,49,-8
-17,46,-8
-11,42,-8
-9,40,-8
-9,38,-8
-9,38,-9
-12,45,-10
-13,49,-11
-14,62,-11
-16,65,-10
-19,79,-10
-20,96,-13
-24,82,0
-30,83,2
-34,89,4
-29,81,8
-23,68,5
-16,59,4
-14,55,4
-17,52,3
-25,48,0
-30,45,1
-32,45,3
-32,49,5
-31,50,5
-28,62,3
-28,72,3
-29,72,4
-29,69,-1
-37,100,1
-37,86,1
-32,89,-11
-26,90,-12
-22,78,-11
-23,70,-9
-25,57,-6
-23,54,-6
-18,51,-8
-16,49,-8
-11,47,-9
-10,47,-9
-11,48,-10
-12,49,-11
-14,52,-14
-14,55,-15
-16,56,-12
-17,58,-10
-20,96,-17
-22,83,-9
-34,70,0
-33,87,-2
-34,93,0
-23,79,8
-17,69,9
-12,55,8
-16,51,11
-23,42,12
-22,41,8
-27,38,-4
-30,38,-7
-28,44,-3
-26,49,-2
-24,67,-3
-24,79,-4
-24,79,-11
-27,95,-13
-42,84,-2
-41,71,-8
-33,89,-6
-26,85,-4
-21,69,-2
-19,63,0
-18,59,0
-17,57,-1
-15,49,-3
-13,45,-4
-11,39,-6
-9,36,-6
-10,37,-8
-13,43,-10
-13,49,-11
-17,65,-9
-23,68,-7
-24,108,-14
-26,117,-13
-31,83,2
-33,93,3
-18,94,6
-11,84,2
-4,59,-3
-7,54,1
-21,42,-2
-27,35,-7
-27,26,-10
-24,29,-9
-23,38,-8
-21,43,-7
-22,53,-6
-24,61,-7
-32,79,-6
-35,73,-3
-34,82,-7
-39,104,-2
-41,94,-1
-36,93,-7
-23,89,-5
-24,85,-1
-19,71,3
-17,65,2
-15,54,0
-17,49,-3
-16,47,-5
-14,46,-11
-12,47,-11
-12,46,-9
-12,47,-9
-15,54,-13
-16,59,-13
-16,59,-6
-18,61,-1
-20,90,-6
-18,92,-5
-21,73,-1
-26,80,4
-33,91,7
-31,91,5
-14,67,-4
-12,63,3
-19,53,8
-20,48,5
-25,38,-6
-26,35,-7
-25,37,-4
-24,41,-2
-23,48,-2
-24,53,-3
-32,77,-2
-36,82,-1
-35,67,-1
-33,99,-1
-36,95,4
-36,90,-7
-31,94,-9
-24,87,-7
-24,81,-4
-22,69,-3
-21,64,-4
-19,53,-5
-16,50,-4
-12,44,-4
-10,42,-5
-9,40,-7
-9,40,-7
-12,46,-9
-14,52,-9
-15,62,-10
-16,67,-7
-18,88,-6
-18,99,-10
-24,71,-3
-32,76,-1
-37,95,5
-33,93,1
-12,67,-5
-13,68,5
-16,60,13
-27,51,-4
-30,41,-8
-25,37,-4
-23,39,-1
-23,42,4
-23,46,5
-25,63,2
-27,74,0
-30,71,1
-28,72,-2
-32,100,1
-35,85,0
-35,83,-10
-31,81,-10
-27,76,-6
-25,71,-5
-21,60,-6
-20,56,-6
-17,50,-5
-16,48,-6
-13,47,-8
-11,47,-10
-11,43,-9
-15,47,-4
-20,55,-5
-19,58,-6
-21,69,-2
-19,75,-2
-14,99,-9
-21,70,-6
-22,87,-6
-20,88,-11
-20,81,-12
-16,60,-7
-18,51,-3
-26,43,9
-25,39,9
-24,33,10
-22,35,15
-19,40,3
-24,46,0
-27,58,-3
-28,68,-5
-32,88,-7
-34,85,-6
-33,83,-10
-34,92,-9
-35,82,-8
-33,80,-12
-27,74,-10
-26,71,-6
-29,64,-3
-27,60,-3
-19,53,-3
-18,51,-3
-12,46,-2
-13,45,-3
-14,45,-6
-13,47,-7
-14,49,-8
-15,52,-11
-17,63,-13
-22,69,-9
-22,74,-10
-20,101,-13
-16,70,-9
-27,75,-2
-30,84,1
-22,80,-5
-17,71,-6
-15,56,1
-18,50,2
-28,43,5
-23,39,6
-23,39,5
-21,38,3
-23,40,0
-25,44,0
-24,54,1
-25,63,2
-27,75,2
-26,71,-2
-33,111,-8
-39,105,-2
-45,77,-11
-42,88,-12
-30,76,-7
-28,72,-4
-25,62,-2
-24,58,-3
-19,52,-3
-16,50,-5
-15,50,-7
-13,49,-9
-12,48,-11
-12,48,-11
-13,48,-11
-18,53,-13
-20,59,-13
-23,61,-1
-25,72,-1
-17,93,-9
-16,74,-2
-25,84,3
-27,89,4
-28,86,5
-22,71,4
-19,55,6
-19,49,9
-21,39,10
-23,35,11
-22,32,8
-22,33,8
-26,42,3
-26,47,2
-24,67,-2
-26,80,-5
-30,79,-4
-29,75,-6
-35,96,-1
-38,82,-8
-41,88,-14
-37,78,-9
-32,70,-5
-27,59,-1
-25,56,-2
-19,55,-4
-17,54,-5
-15,55,-8
-15,55,-9
-13,55,-11
-13,53,-11
-14,49,-12
-15,50,-11
-15,57,-10
-16,59,-7
-19,65,-1
-15,83,-9
-13,79,-3
-19,75,0
-31,85,4
-34,89,6
-23,76,2
-15,63,-3
-16,55,2
-17,49,5
-25,42,3
-25,38,-1
-27,42,-3
-29,45,-2
-28,52,-2
-28,57,-3
-32,72,-4
-35,74,-4
-33,70,-5
-40,107,-2
-42,91,2
-37,85,-8
-32,94,-8
-24,87,-3
-25,78,-4
-17,67,-1
-20,66,-1
-17,63,-4
-15,60,-6
-12,54,-8
-11,52,-7
-10,50,-6
-11,48,-7
-11,50,-11
-10,52,-12
-11,60,-13
-11,67,-10
-14,73,-10
-14,68,-9
-25,83,-2
-22,90,-2
-21,105,-11
-20,100,-11
-23,84,-5
-32,78,5
-28,52,-5
-29,45,-7
-26,40,-4
-23,43,-6
-23,46,-5
-29,47,-3
-33,53,0
-36,69,-2
-35,70,-4
-34,93,-9
-37,104,-1
-39,84,-6
-36,96,-9
-27,93,-4
-26,89,-3
-23,81,-2
-20,74,-2
-18,64,-3
-17,60,-3
-15,55,-5
-15,52,-7
-14,48,-8
-13,47,-6
-15,45,-9
-17,48,-11
-20,58,-10
-23,59,-7
-22,72,-10
-21,76,-12
-28,74,0
-32,85,1
-26,104,0
-19,77,3
-18,64,2
-24,54,7
-26,52,5
-25,44,-5
-26,45,-7
-33,52,-7
-37,55,-8
-34,60,-5
-34,62,-5
-33,70,-4
-35,72,-6
-36,65,-15
-39,88,-16
-45,85,-10
-44,88,-15
-38,101,-11
-32,99,-7
-21,92,-5
-16,87,-1
-16,74,-2
-15,68,-2
-14,59,-4
-15,53,-7
-9,45,-8
-6,43,-8
-8,41,-10
-9,42,-10
-12,49,-12
-11,53,-8
-14,65,-8
-16,86,-7
-19,83,-5
-35,106,1
-37,112,0
-25,92,-3
-18,77,-2
-15,64,1
-30,65,7
-20,53,1
-26,50,-8
-32,46,-10
-37,47,-12
-31,53,-6
-28,56,-3
-34,69,-5
-39,78,-6
-42,72,-9
-42,84,-14
-46,83,-4
-46,79,-5
-38,105,-12
-26,100,-7
-23,95,-6
-15,88,-2
-19,77,-3
-17,72,-3
-14,62,-5
-13,55,-9
-11,53,-9
-8,49,-10
-10,45,-16
-34,46,-25
-38,50,-25
-28,48,-16
-28,47,-4
-30,64,-2
-25,64,-4
-17,59,-4
-22,64,0
-27,77,4
-27,82,2
-16,77,-1
-16,73,-5
-25,77,-6
-32,77,-5
-36,68,-11
-37,65,-10
-35,62,-1
-35,61,2
-31,63,4
-31,73,3
-33,87,-1
-34,77,-2
-36,91,-7
-46,96,5
-41,63,-4
-41,86,-9
-29,112,-8
-14,105,-7
-12,94,-6
-16,75,-5
-18,67,-6
-16,55,-8
-13,51,-9
-9,41,-10
-6,39,-9
-8,37,-10
-9,38,-11
-12,47,-15
-16,51,-17
-24,56,-10
-25,70,-11
-25,83,-12
-29,78,-6
-46,94,1
-40,100,-3
-23,91,-4
-16,78,1
-13,62,5
-12,60,12
-31,53,8
-28,49,0
-35,42,-8
-34,41,-6
-28,46,-6
-25,62,-7
-27,73,-10
-34,89,-11
-36,81,-11
-43,104,-9
-50,95,0
-45,86,-7
-39,97,-8
-19,93,-1
-16,85,-1
-10,68,3
-15,62,5
-19,54,5
-19,52,2
-19,48,-11
-19,45,-14
-15,48,-10
-15,52,-10
-14,56,-12
-13,60,-16
-17,62,-16
-19,60,-9
-20,72,-9
-19,64,-8
-27,69,4
-31,82,6
-26,105,3
-23,98,4
-16,66,5
-17,60,7
-22,54,10
-24,45,2
-24,46,2
-25,47,0
-25,48,1
-27,56,0
-28,63,-3
-34,82,-7
-36,77,-8
-46,96,-4
-51,87,2
-47,98,-11
-36,103,-14
-23,85,-9
-22,79,-4
-24,69,-3
-23,64,-6
-22,59,-12
-18,58,-11
-12,56,-11
-10,56,-11
-9,55,-11
-8,58,-12
-10,57,-13
-8,59,-14
-13,57,-14
-19,54,-8
-27,72,-3
-26,68,-3
-18,68,-4
-21,97,-1
-25,103,0
-34,84,-1
-34,69,-2
-31,55,1
-28,52,0
-24,49,-5
-21,48,-2
-26,50,0
-30,53,1
-34,59,0
-32,64,1
-32,79,4
-37,84,8
-31,83,0
-36,94,6
-38,81,-1
-33,95,-7
-21,100,-7
-17,89,-8
-16,72,-7
-16,65,-7
-17,55,-9
-15,50,-9
-10,43,-9
-10,40,-10
-9,38,-10
-10,39,-11
-16,53,-16
-15,58,-17
-16,65,-17
-17,71,-6
-15,93,-13
-11,69,-9
-15,75,-7
-25,91,3
-28,95,6
-23,76,4
-19,59,1
-18,54,27
-28,58,35
-33,44,-6
-39,42,-6
-30,42,-1
-29,45,-2
-22,54,2
-20,62,1
-26,76,0
-26,72,1
-42,111,-4
-47,105,-4
-35,98,-11
-32,105,-8
-26,81,-10
-23,69,-9
-22,54,-7
-24,49,-9
-18,48,-8
-17,47,-9
-13,46,-7
-9,48,-6
-9,50,-6
-10,58,-10
-11,64,-21
-18,72,-23
-24,80,-11
-17,96,-14
-16,76,-6
-33,87,5
-28,87,1
-14,76,3
-8,64,7
-9,46,9
-12,42,10
-19,38,5
-21,37,1
-24,41,-2
-27,46,-2
-32,54,0
-32,58,0
-29,74,-6
-30,87,-5
-32,75,-2
-33,89,-7
-37,90,-1
-37,82,-9
-38,90,-12
-32,81,-10
-28,64,-7
-28,58,-6
-23,50,-4
-20,47,-6
-16,47,-7
-13,51,-9
-12,54,-9
-12,59,-10
-14,60,-10
-18,68,-13
-18,77,-11
-18,73,-3
-18,87,-12
-14,78,-6
-17,75,-1
-25,85,1
-23,86,2
-19,69,5
-18,56,8
-18,40,13
-17,36,15
-16,31,12
-15,31,7
-18,40,4
-20,46,2
-31,65,-5
-38,76,-15
-53,82,-15
-56,73,-11
-35,97,-11
-40,118,-1
-38,98,-12
-34,110,-15
-22,90,-7
-20,69,0
-24,62,0
-19,51,0
-18,48,-1
-14,43,-2
-12,41,-4
-11,37,-10
-12,36,-11
-18,40,-12
-19,44,-13
-23,58,-16
-25,61,-13
-24,83,-11
-24,98,-12
-22,83,-6
-29,90,0
-38,93,11
-35,88,11
-10,61,13
-10,54,14
-17,45,19
-38,42,13
-23,33,10
-25,35,4
-26,44,-1
-26,46,-2
-25,53,-3
-24,61,-4
-28,86,-9
-30,82,-9
-32,97,-11
-43,83,-3
-44,89,-10
-35,93,-15
-30,87,-14
-22,71,-3
-21,65,-1
-20,54,-5
-19,51,-6
-19,49,-9
-18,48,-9
-14,47,-13
-8,44,-12
-10,45,-11
-11,48,-8
-12,58,-9
-13,63,-10
-14,73,-5
-16,92,-11
-13,77,-6
-18,81,-3
-27,95,0
-27,97,1
-21,74,-1
-21,61,-2
-22,48,4
-22,43,6
-21,37,4
-22,37,4
-29,39,-1
-28,46,3
-29,51,3
-29,69,-5
-31,83,-8
-34,88,-6
-33,70,-5
-37,95,-4
-37,84,-5
-36,94,-10
-31,98,-10
-20,88,-6
-17,82,-3
-20,65,-3
-20,58,-3
-17,50,-6
-14,48,-5
-10,45,-4
-9,45,-6
-9,45,-9
-11,48,-9
-7,52,-4
-6,52,-11
-25,53,-20
-33,55,-18
-39,76,-24
-32,72,-22
-36,85,-15
-34,92,-10
-29,87,-9
-20,64,-2
-21,57,-1
-22,50,-3
-22,45,-4
-28,42,-6
-30,43,-4
-34,51,-3
-34,53,-2
-33,58,-2
-32,67,-2
-35,73,-4
-34,64,-9
-39,107,-11
-42,101,-8
-34,97,-21
-30,98,-21
-25,76,-12
-26,68,-8
-23,57,-7
-22,51,-8
-17,43,-8
-14,42,-6
-9,42,-5
-9,43,-6
-10,51,-7
-10,56,-8
-12,61,-9
-12,61,-11
-16,58,-4
-18,75,-5
-18,92,-10
-17,81,-7
-28,92,-1
-37,102,4
-36,99,2
-15,65,2
-12,56,5
-14,43,6
-20,39,7
-24,34,3
-23,36,1
-26,44,0
-27,49,0
-28,57,-1
-29,63,1
-34,79,2
-34,74,3
-32,100,-6
-36,109,2
-35,89,-9
-33,98,-12
-22,84,-8
-22,75,-5
-23,60,-1
-22,53,-2
-20,45,-3
-17,43,-3
-14,43,-2
-11,44,-2
-8,47,-5
-10,50,-9
-11,54,-11
-15,66,-13
-17,68,-12
-19,67,-6
-21,88,-10
-19,85,-4
-25,87,2
-25,99,3
-21,100,1
-12,72,-2
-11,61,-2
-18,54,4
-19,48,3
-23,39,-6
-23,36,-6
-23,37,-4
-21,39,-3
-21,45,-1
-23,46,-1
-25,57,-1
-28,77,-6
-26,81,-12
-27,102,-14
-39,85,-4
-41,86,-6
-27,88,-9
-24,81,-5
-27,71,2
-18,58,3
-17,54,3
-7,48,5
-13,45,1
-13,41,-4
-15,43,-6
-15,46,-7
-15,50,-8
-14,63,-9
-16,72,-12
-17,83,-13
-16,74,-10
-14,71,-11
-15,88,-14
-13,80,-13
-22,79,-13
-30,86,-2
-28,92,1
-16,66,-7
-14,53,-5
-22,41,16
-21,36,17
-23,26,-4
-23,24,-9
-26,38,-2
-26,45,0
-26,55,-1
-29,61,-1
-34,78,2
-22,70,-7
-29,109,-3
-36,91,0
-33,95,-10
-25,96,-3
-21,87,0
-21,70,-1
-22,62,-1
-20,49,-1
-17,46,1
-12,40,-1
-9,39,-3
-6,39,-6
-7,42,-7
-12,47,-12
-16,52,-16
-19,65,-15
-22,66,-8
-19,73,-8
-18,95,-15
-16,82,-3
-26,90,1
-35,101,5
-31,93,2
-17,64,2
-9,58,9
-20,49,7
-30,35,-9
-28,32,-6
-24,31,-3
-24,36,-1
-28,46,1
-28,52,1
-29,74,-4
-29,83,-6
-31,68,-4
-32,75,-5
-41,89,4
-42,82,0
-35,104,-11
-28,97,-11
-26,81,-9
-24,75,-7
-22,65,-7
-21,60,-7
-17,53,-7
-15,50,-7
-12,44,-10
-10,42,-10
-7,41,-11
-8,43,-11
-12,51,-12
-13,58,-14
-16,63,-9
-16,71,-7
-15,98,-12
-14,78,-7
-30,91,0
-34,95,2
-31,84,3
-16,59,2
-16,57,6
-16,48,15
-20,42,13
-25,36,10
-28,35,6
-27,39,6
-28,46,5
-31,62,3
-32,74,-1
-36,88,-4
-36,79,-3
-43,114,0
-42,88,7
-35,89,-10
-29,104,-13
-22,81,-4
-24,73,-2
-24,62,-1
-22,58,-3
-17,53,-4
-14,50,-4
-12,47,-7
-10,44,-8
-8,42,-10
-7,42,-10
-11,45,-11
-12,49,-11
-16,61,-13
-17,69,-4
-19,89,-6
-19,86,3
-27,89,6
-39,104,15
-35,99,16
-15,74,11
-7,64,8
-19,86,3
-27,89,6
-39,104,15
-35,99,16
-15,74,11
-7,64,8
-5,56,6
-12,49,6
-32,37,-7
-33,34,-4
-31,36,-2
-29,41,0
-29,47,1
-29,49,0
-29,67,-3
-31,78,-2
-31,67,-3
-32,85,-9
-38,90,1
-39,84,-6
-32,97,-13
-27,89,-9
-23,74,-2
-22,68,-2
-19,58,-3
-18,55,-3
-15,49,-3
-12,46,-4
-11,45,-5
-9,42,-7
-9,42,-8
-10,45,-11
-10,50,-12
-17,59,-8
-19,59,-1
-19,100,-11
-19,103,-13
-27,96,-2
-32,100,3
-28,97,5
-21,81,2
-8,58,-7
-16,61,3
-24,44,3
-26,39,-2
-32,29,-7
-31,31,-5
-28,42,2
-27,44,5
-24,52,3
-25,63,1
-25,79,-3
-21,78,-11
-37,119,0
-37,91,0
-32,96,-16
-25,89,-11
-25,69,0
-24,58,0
-21,55,-1
-17,55,1
-12,53,2
-9,46,1
-7,42,-1
-8,35,-5
-8,33,-5
-13,41,-6
-13,44,-6
-16,57,-7
-19,60,-5
-21,109,-14
-24,113,-13
-31,86,-3
-41,101,8
-31,103,-5
-22,90,-13
-9,69,-7
-11,66,-3
-20,50,-3
-26,43,-5
-27,31,-4
-26,29,-2
-24,32,2
-23,37,4
-22,46,5
-21,52,4
-21,71,2
-25,71,0
-23,73,-5
-36,104,1
-35,84,0
-36,91,-11
-28,86,-9
-24,76,-3
-23,68,-2
-22,55,-2
-20,50,-2
-16,44,-2
-16,42,-2
-14,42,-4
-13,42,-6
-14,47,-7
-16,52,-6
-18,64,-8
-18,71,-9
-19,67,-3
-19,64,1
-17,88,-5
-14,84,-6
-17,68,-5
-21,73,0
-33,90,5
-30,88,4
-16,66,-4
-15,61,0
-21,48,5
-26,39,5
-24,37,4
-25,38,3
-24,42,3
-24,49,4
-23,51,3
-25,65,-1
-26,75,-2
-27,68,-3
-29,84,-5
-39,93,1
-39,82,-7
-29,101,-11
-22,90,-5
-24,66,1
-25,61,2
-22,54,1
-19,52,-1
-15,47,-1
-15,46,-1
-13,45,-4
-12,43,-7
-13,44,-8
-11,46,-6
-14,52,-10
-14,59,-11
-18,69,-6
-22,67,4
-24,85,1
-19,98,-5
-19,79,5
-26,88,10
-33,97,11
-16,78,3
-12,63,-1
-15,52,3
-18,46,1
-23,35,-2
-23,32,-1
-22,33,0
-22,36,0
-23,43,0
-23,47,-1
-25,65,2
-26,74,2
-22,80,-10
-26,104,-11
-38,87,-2
-43,87,-6
-37,80,-5
-34,73,-1
-25,65,2
-22,60,1
-17,54,0
-15,53,-2
-15,50,-3
-15,49,-2
-17,48,-4
-19,51,-7
-22,62,-8
-22,68,-11
-24,73,-14
-23,73,-9
-22,69,-6
-17,92,-7
-12,82,-2
-14,64,3
-18,74,4
-25,80,13
-21,71,14
-7,49,15
-14,45,14
-19,47,12
-21,46,7
-26,49,0
-27,53,-2
-27,61,-5
-29,65,-6
-31,71,-9
-30,78,-12
-31,83,-14
-31,91,-17
-40,93,-12
-42,82,-15
-40,82,-14
-37,75,-10
-33,65,-4
-30,58,-1
-24,47,-2
-22,49,-1
-17,52,-2
-16,54,-3
-17,61,-8
-16,70,-10
-14,74,-9
-17,75,-8
-24,77,-10
-34,72,-9
-28,65,-9
-28,67,-5
-24,50,4
-39,51,10
-35,55,9
-25,63,11
-22,58,11
-17,47,9
-18,43,8
-22,37,7
-23,34,4
-23,32,0
-20,35,0
-26,52,0
-29,62,-1
-34,81,-6
-36,93,-9
-38,84,-4
-39,79,-8
-49,103,-2
-49,90,-5
-37,92,-16
-29,83,-13
-26,77,-10
-27,63,-5
-26,58,-6
-24,54,-8
-21,53,-8
-16,53,-8
-14,53,-9
-10,52,-8
-10,53,-7
-12,53,-10
-12,55,-13
-16,62,-11
-18,60,-3
-20,84,-7
-16,87,-8
-16,71,-9
-22,81,-7
-29,84,6
-29,79,8
-12,53,1
-9,49,1
-12,48,-7
-17,44,-13
-34,45,-13
-39,48,-11
-47,56,-12
-45,58,-11
-41,58,-8
-37,64,-8
-30,81,-15
-28,78,-14
-29,79,-17
-40,88,-21
-55,83,-17
-34,94,-8
-26,90,-5
-26,72,-6
-24,69,-6
-27,60,-9
-22,56,-8
-17,49,-8
-16,48,-8
-12,48,-9
-10,48,-10
-11,45,-13
-11,47,-14
-13,55,-18
-19,61,-22
-33,66,-25
-46,83,-34
-52,65,-30
-64,65,-29
-65,64,-15
-61,67,-6
-42,62,6
-35,56,12
-26,46,35
-28,49,36
-22,52,39
2,36,33
-22,34,5
-21,37,0
-8,39,10
-42,53,9
-66,63,8
-79,68,32
-86,82,45
-36,68,14
-28,73,-7
-43,67,-19
-54,61,-13
-44,55,13
-35,52,17
-36,40,12
-31,35,11
-16,25,3
-11,22,-1
-9,21,-8
-15,31,5
-21,41,24
-33,45,18
-62,61,14
-76,66,18
-95,52,12
-83,68,-11
-73,58,-26
-30,58,-15
-23,84,-13
-37,86,-14
-33,78,3
-30,54,7
-26,45,0
-25,27,-7
-19,23,-11
-12,22,-6
-10,24,-3
-9,33,1
-10,40,3
-15,57,1
-17,71,-3
-24,81,-16
-27,73,-20
-29,106,-23
-40,101,-16
-51,104,-23
-47,96,-24
-41,75,-11
-35,68,-3
-28,51,8
-26,44,10
-22,38,6
-20,37,2
-17,39,-5
-15,42,-6
-15,49,-5
-21,63,-5
-23,71,-7
-25,81,-10
-23,83,-11
-20,94,-15
-14,93,-14
-18,65,-1
-23,79,2
-15,83,-2
-11,74,-7
-6,50,-4
-9,44,-3
-20,38,-2
-23,34,-2
-22,32,0
-22,35,4
-17,40,9
-22,45,8
-21,58,2
-20,67,-3
-29,75,1
-32,69,-7
-29,109,-5
-35,103,3
-40,96,-7
-36,93,-10
-29,74,-6
-28,67,-2
-24,54,1
-22,50,0
-18,44,-1
-16,43,-2
-15,44,-5
-15,47,-6
-12,52,-8
-11,55,-10
-12,57,-13
-15,70,-18
-18,71,-15
-20,79,-12
-20,93,-17
-17,65,-9
-25,73,-6
-35,92,3
-35,93,5
-24,63,2
-16,51,2
-13,45,11
-11,42,16
-18,35,18
-31,32,6
-27,39,4
-27,43,2
-24,52,3
-23,58,2
-21,80,-2
-22,83,-3
-22,77,-10
-30,94,-5
-40,77,-7
-43,91,-14
-36,96,-7
-32,83,-4
-23,55,2
-20,46,2
-18,44,0
-16,44,-1
-15,45,-3
-15,51,-7
-14,56,-9
-15,57,-11
-14,55,-12
-16,62,-16
-17,65,-16
-18,70,-13
-18,86,-15
-16,70,-9
-23,70,-5
-31,88,2
-28,91,0
-19,72,2
-16,57,5
-15,48,15
-32,49,18
-28,39,12
-26,37,8
-28,40,1
-32,43,-2
-26,48,-4
-23,57,-1
-23,77,1
-22,76,-1
-22,81,-14
-41,90,-6
-44,86,-12
-45,96,-19
-38,88,-17
-26,72,-9
-24,65,-5
-22,51,-2
-20,48,-3
-17,45,-7
-16,46,-8
-12,47,-9
-11,47,-11
-12,49,-9
-14,50,-9
-15,69,-14
-15,77,-13
-16,88,-10
-15,99,-15
-18,53,-8
-24,59,-4
-24,82,-5
-25,91,-5
-20,77,-7
-19,68,-6
-21,57,0
-24,55,1
-28,48,0
-29,46,0
-27,46,3
-27,48,3
-31,58,2
-34,73,-1
-36,85,-5
-35,83,-8
-36,93,-9
-39,78,2
-36,77,-6
-24,102,-19
-20,97,-17
-21,69,-6
-23,61,-3
-24,50,-6
-23,44,-9
-16,41,-8
-14,41,-8
-11,46,-8
-10,52,-8
-13,62,-11
-13,65,-12
-14,71,-14
-14,70,-11
-17,80,-11
-17,93,-14
-17,61,-1
-22,68,0
-27,85,4
-27,88,9
-20,65,12
-16,50,11
-13,42,9
-18,43,7
-20,43,5
-24,46,3
-25,53,5
-32,60,9
-32,61,7
-29,80,0
-31,93,1
-31,64,0
-31,72,-5
-45,94,8
-39,88,3
-33,98,-2
-30,89,1
-25,73,5
-24,66,5
-21,56,2
-19,52,1
-14,47,-2
-13,44,-3
-9,41,-7
-8,42,-7
-8,45,-10
-7,44,-14
-18,59,-13
-20,70,-8
-20,79,2
-22,92,-4
-19,88,-4
-21,91,3
-20,95,5
-22,82,6
-23,69,5
-15,43,-3
-14,39,0
-22,37,10
-22,36,11
-22,37,8
-25,41,9
-30,61,11
-31,65,10
-31,73,10
-30,79,10
-30,88,-1
-32,109,-2
-32,85,-3
-31,79,-9
-30,84,-11
-29,74,-10
-28,63,-9
-25,55,-8
-21,44,-6
-19,42,-5
-13,38,-5
-12,36,-6
-11,42,-5
-11,46,-4
-14,57,-5
-14,68,-8
-15,73,-9
-16,71,-6
-16,89,-13
-19,79,-7
-24,72,0
-33,98,3
-29,106,4
-18,78,6
-12,61,6
-10,44,13
-12,37,14
-16,24,7
-18,23,3
-18,31,-1
-20,43,-1
-27,60,-3
-29,71,-5
-21,71,-8
-24,65,-6
-32,66,-4
-26,75,-14
-37,103,-3
-38,82,-4
-45,91,-9
-38,82,-4
-32,71,4
-30,64,5
-21,55,6
-18,53,6
-14,49,3
-15,51,1
-16,53,0
-13,48,-6
-12,48,-8
-12,60,-10
-12,69,-12
-21,80,-10
-23,78,-4
-20,104,-13
-15,85,-11
-21,78,-2
-22,87,0
-24,87,2
-22,75,2
-15,51,3
-14,45,7
-21,37,8
-21,33,4
-20,33,2
-20,36,2
-23,43,2
-26,47,1
-31,61,-1
-33,72,-3
-35,79,-4
-31,70,-5
-38,120,2
-39,93,5
-36,95,-10
-31,92,-5
-24,87,-3
-23,75,-3
-21,69,-3
-19,59,-3
-16,55,-4
-14,48,-6
-12,44,-7
-11,40,-8
-9,39,-8
-10,45,-11
-13,52,-11
-14,66,-11
-13,67,-11
-16,61,-5
-17,71,-6
-17,80,-7
-19,85,-8
-33,107,1
-37,108,7
-31,79,13
-22,62,13
-18,58,19
-16,54,18
-19,42,3
-23,38,-1
-24,36,-3
-23,36,-3
-21,39,-3
-24,59,-1
-25,70,-4
-25,72,-7
-24,77,-15
-41,104,-3
-41,85,-5
-41,96,-14
-34,92,-11
-24,76,0
-23,67,4
-22,50,4
-22,47,3
-17,46,1
-15,46,0
-12,47,-3
-12,47,-4
-11,42,-7
-11,41,-8
-13,47,-14
-15,57,-16
-23,74,-7
-31,82,3
-30,109,-8
-26,85,-1
-24,86,8
-17,99,7
-11,87,0
-10,72,-3
-14,49,2
-18,42,3
-24,36,1
-22,31,-2
-18,26,-5
-20,34,2
-22,41,3
-24,53,1
-24,61,-2
-24,80,-2
-26,76,0
-26,75,-5
-30,100,-4
-40,96,-3
-43,99,-8
-33,83,-7
-28,75,-3
-24,61,2
-22,54,2
-20,47,0
-19,45,0
-16,43,-3
-15,43,-5
-13,45,-7
-14,45,-5
-18,56,-2
-18,68,-5
-17,76,-12
-20,69,-6
-22,91,-7
-17,89,-10
-21,67,-2
-25,80,0
-24,87,0
-24,75,6
-21,64,7
-19,50,6
-19,44,11
-17,31,17
-15,29,15
-17,35,11
-17,42,10
-23,55,8
-25,58,5
-24,70,-2
-25,79,-2
-31,82,0
-31,76,-4
-40,104,0
-38,86,2
-36,90,-9
-30,91,-7
-25,75,-1
-24,67,1
-23,56,-1
-22,52,-2
-19,47,-2
-17,45,-2
-14,43,-4
-13,42,-5
-12,42,-6
-12,42,-7
-14,51,-10
-16,58,-12
-20,72,-8
-27,89,4
-26,102,7
-11,80,6
-9,82,-3
-23,105,1
-29,102,9
-26,65,4
-24,53,-1
-19,43,4
-17,38,5
-14,29,4
-15,27,2
-17,28,3
-19,34,4
-21,42,4
-21,47,2
-24,69,-1
-27,81,-2
-30,114,-14
-40,127,-7
-44,87,-11
-44,93,-15
-31,77,-7
-29,63,0
-26,58,0
-24,53,-1
-19,48,1
-17,47,0
-16,44,-4
-16,46,-8
-15,49,-9
-14,52,-12
-15,53,-21
-16,70,-41
-16,83,-34
-21,78,-4
-19,95,-9
-21,76,1
-2,67,7
8,88,5
0,95,9
-19,81,8
-25,67,7
-28,49,16
-28,46,16
-18,32,6
-16,28,2
-22,31,-2
-24,37,-2
-22,49,3
-21,52,2
-21,64,-4
-24,74,-7
-28,78,-14
-30,91,-19
-44,86,-2
-43,62,-7
-37,91,-11
-27,82,-4
-27,76,-2
-26,66,-1
-24,61,0
-18,54,1
-16,52,1
-15,50,-3
-14,50,-5
-11,49,-5
-12,46,-7
-11,48,-13
-12,54,-16
-22,79,-11
-26,79,-3
-17,86,-16
-9,97,-18
-5,87,-4
-8,82,-3
-18,83,-3
-24,80,2
-27,64,3
-21,56,4
-21,52,3
-23,49,0
-30,50,-3
-31,50,-6
-29,48,-13
-28,50,-10
-31,52,-8
-30,56,-6
-29,60,-4
-29,73,-1
-29,71,2
-26,71,-2
-30,88,1
-39,102,-1
-36,106,-4
-25,98,-6
-20,87,-3
-18,73,-1
-18,66,-1
-17,54,-1
-14,50,-3
-8,43,-5
-7,40,-4
-8,37,-5
-8,39,-6
-8,46,-9
-9,48,-11
-13,59,-10
-17,66,-7
-20,74,-4
-21,93,-7
-18,100,-5
-21,98,-1
-30,100,7
-33,97,6
-27,74,-1
-23,66,0
-19,56,1
-16,45,0
-17,40,-2
-21,32,-4
-22,31,-4
-25,36,-3
-26,40,-1
-28,52,0
-28,58,0
-29,73,-1
-31,80,2
-28,75,0
-34,101,0
-37,77,4
-34,80,-2
-27,101,1
-22,94,3
-20,74,2
-21,67,2
-20,57,1
-17,54,2
-12,48,-1
-9,46,-3
-8,44,-4
-9,42,-7
-12,37,-9
-14,38,-8
-14,43,-10
-13,49,-9
-21,66,3
-19,106,-8
-17,110,-6
-30,95,5
-33,102,8
-28,101,-2
-22,90,-4
-16,65,0
-18,59,2
-22,43,-3
-26,35,-7
-23,30,-6
-23,33,-4
-24,40,0
-26,44,1
-29,55,5
-28,58,5
-27,72,0
-26,79,-1
-24,64,-2
-23,67,-9
-36,88,3
-37,76,-1
-43,96,-7
-33,91,-7
-24,78,-8
-22,71,-7
-17,57,-2
-18,55,-3
-17,50,-6
-15,46,-8
-13,44,-9
-11,42,-11
-10,43,-13
-13,50,-14
-16,58,-13
-19,69,-8
-20,68,-3
-17,95,-13
-12,91,-11
-21,83,-2
-27,91,3
-35,91,7
-31,84,7
-20,57,5
-16,51,8
-15,43,14
-17,38,11
-23,31,8
-23,32,8
-26,42,6
-27,47,5
-30,63,2
-31,70,-2
-34,87,-2
-31,75,1
-31,98,0
-33,86,6
-35,78,-7
-33,86,-13
-26,84,-9
-26,71,-2
-27,66,-2
-24,60,-5
-22,58,-6
-16,55,-6
-14,53,-5
-10,45,-8
-9,43,-9
-9,37,-8
-6,35,-7
-5,45,-5
-12,57,0
-19,69,3
-16,88,-10
-15,90,-6
-20,92,0
-34,104,7
-33,99,8
-19,69,2
-13,58,1
-16,50,6
-17,45,4
-22,36,0
-25,34,0
-26,36,-2
-26,40,-2
-27,50,1
-27,55,-1
-28,74,-6
-31,83,-6
-31,70,-3
-33,95,-9
-38,91,-3
-42,83,-9
-39,92,-10
-29,81,-7
-28,73,-6
-25,63,-5
-24,59,-6
-19,55,-3
-16,54,-3
-12,52,-5
-11,51,-7
-8,48,-10
-7,47,-11
-9,47,-11
-13,52,-12
-18,67,-12
-19,67,-9
-20,88,-17
-19,94,-20
-21,79,-8
-26,92,-2
-24,94,-2
-18,85,-6
-12,60,-4
-11,52,0
-19,48,17
-22,41,13
-32,34,-9
-27,33,-6
-28,42,-1
-32,49,6
-30,54,10
-29,73,9
-26,80,7
-22,82,-5
-27,108,-9
-36,94,-2
-37,91,-9
-33,85,-15
-30,76,-14
-25,66,-10
-22,60,-10
-19,51,-9
-17,49,-10
-15,47,-9
-13,47,-10
-9,46,-11
-8,47,-12
-10,52,-14
-12,53,-14
-15,60,-17
-18,64,-14
-20,105,-13
-16,97,-15
-19,72,-7
-30,85,2
-38,88,9
-36,84,7
-13,60,8
-5,45,8
-4,43,11
-27,42,16
-25,42,18
-32,43,12
-33,45,11
-33,53,9
-31,63,5
-31,81,-4
-34,81,-7
-18,78,-12
-20,106,-9
-40,77,3
-48,83,-12
-39,82,-20
-32,74,-16
-22,58,-8
-17,52,-5
-16,46,1
-19,44,-1
-19,46,-7
-16,48,-8
-12,52,-10
-10,54,-10
-12,56,-10
-15,59,-10
-17,73,-11
-16,75,-7
-15,85,-9
-9,95,-11
-14,69,0
-28,70,-1
-31,75,-2
-32,69,-4
-26,62,-5
-5,50,2
-11,48,5
-19,47,5
-21,45,0
-32,47,-2
-33,48,0
-26,52,2
-22,56,0
-30,69,-2
-32,72,-5
-31,75,-10
-32,101,-8
-44,91,-12
-46,89,-14
-38,84,-10
-33,79,-6
-27,68,-5
-22,60,-7
-9,51,-9
-11,49,-8
-14,48,4
-14,49,1
-13,52,-9
-12,55,-11
-17,58,-15
-11,66,-13
-12,67,-13
-19,74,-8
-21,89,-10
-32,61,3
-46,76,12
-35,89,-2
-27,86,-6
-19,67,4
-19,58,4
-22,46,3
-21,40,3
-19,31,5
-17,29,5
-16,34,4
-16,38,4
-15,45,3
-18,51,3
-24,76,2
-27,86,4
-29,104,-10
-38,124,-1
-61,83,10
-72,94,1
-47,86,-15
-31,80,-9
-22,69,6
-24,64,5
-25,59,-2
-22,57,-7
-21,56,-8
-16,58,-9
-14,55,-11
-9,57,-14
-11,57,-16
-11,62,-15
-13,61,-14
-15,69,-11
-16,82,-14
-17,71,-1
-26,79,4
-26,93,2
-24,92,1
-16,63,2
-12,51,5
-15,44,9
-16,42,9
-21,41,5
-21,42,4
-27,51,7
-30,55,6
-31,61,12
-28,64,14
-31,91,2
-43,85,0
-43,73,-8
-42,88,-9
-47,87,-8
-36,101,-20
-28,97,-20
-19,75,-10
-19,68,-7
-20,60,-7
-20,57,-10
-19,52,-13
-16,50,-13
-10,47,-10
-8,46,-9
-9,42,-8
-9,42,-7
-11,49,-11
-14,56,-9
-19,72,2
-18,96,-10
-18,96,-5
-22,96,0
-21,106,0
-21,101,3
-21,71,6
-21,56,4
-17,46,10
-23,45,4
-26,44,-1
-26,45,-2
-32,54,-1
-34,58,-2
-36,58,-5
-37,65,-9
-39,75,-11
-35,73,-12
-34,81,-16
-44,99,-9
-43,82,-6
-33,100,-12
-23,104,-9
-14,90,-2
-17,79,-3
-15,63,-5
-19,58,-9
-13,48,-8
-12,45,-8
-10,38,-10
-8,36,-10
-8,37,-9
-9,41,-8
-13,55,-11
-13,64,-12
-15,71,-8
-16,73,-7
-15,99,-23
-17,92,-21
-35,85,-3
-35,90,6
-25,86,1
-24,78,1
-21,65,5
-20,61,9
-23,50,9
-26,42,2
-25,42,2
-25,45,1
-25,47,2
-26,55,1
-28,63,-1
-33,79,-1
-34,75,2
-28,69,-4
-33,89,1
-40,103,2
-35,103,-7
-21,94,-12
-18,86,-9
-21,71,-4
-20,61,-2
-19,46,-5
-15,40,-5
-10,34,-6
-8,33,-5
-8,33,-7
-9,36,-7
-10,45,-8
-14,52,-11
-18,71,-10
-20,72,-6
-18,107,-17
-19,91,-13
-27,96,-5
-36,94,6
-33,89,4
-16,64,-4
-12,56,-3
-12,45,8
-19,42,14
-27,36,8
-30,35,4
-34,45,4
-33,49,5
-26,55,3
-24,64,1
-27,85,-3
-28,77,-5
-30,100,-10
-37,100,-2
-36,74,-13
-35,87,-16
-28,82,-10
-26,76,-8
-24,64,-5
-23,59,-5
-19,55,-6
-16,54,-7
-12,53,-8
-12,52,-9
-10,48,-9
-11,45,-9
-13,47,-11
-12,51,-14
-13,61,-15
-14,63,-14
-16,67,-6
-21,98,-6
-19,79,1
-26,83,-2
-27,89,0
-27,90,6
-26,78,4
-16,55,0
-17,53,4
-24,47,6
-22,43,3
-27,39,-2
-27,40,-1
-29,45,0
-29,50,2
-29,62,-2
-31,73,-6
-30,80,-6
-28,74,-6
-37,101,-3
-37,78,-4
-36,88,-12
-31,85,-11
-27,79,-6
-26,72,-4
-23,62,-3
-22,59,-3
-17,51,-3
-15,49,-4
-19,49,-9
-5,48,-16
5,42,-17
-9,38,-14
-16,45,-13
-20,66,-16
-18,72,-11
-20,81,-2
-18,91,-2
-14,82,-1
-19,90,1
-26,95,12
-28,94,16
-21,74,16
-15,62,10
-13,48,4
-13,45,2
-21,39,1
-24,37,-1
-23,36,-1
-23,38,-1
-24,47,-4
-26,56,-2
-23,70,-3
-20,75,-1
-20,81,-3
-28,111,0
-30,81,7
-26,71,-4
-22,93,0
-17,81,5
-21,73,5
-23,64,6
-19,58,4
-16,51,1
-13,47,1
-11,42,0
-10,41,-2
-8,42,-2
-10,44,-3
-12,52,-3
-15,58,-3
-17,67,1
-14,74,-4
-18,91,-7
-21,82,6
-37,84,14
-32,93,7
-16,91,-1
-8,73,-6
-12,65,2
-18,59,4
-24,45,0
-26,40,-2
-24,37,-4
-22,38,-4
-21,43,-4
-22,45,-2
-26,51,0
-29,60,0
-32,80,0
-31,76,2
-30,87,3
-35,94,8
-36,79,4
-29,86,-2
-27,81,0
-25,72,2
-24,69,2
-21,62,1
-19,59,0
-17,54,-2
-15,51,-3
-14,47,-6
-12,46,-7
-10,44,-9
-11,46,-10
-15,50,-10
-16,56,-11
-19,62,-8
-18,63,0
-21,77,1
-18,89,-4
-17,75,3
-21,79,4
-32,95,12
-33,92,14
-18,61,1
-13,56,1
-15,51,3
-20,44,-2
-23,41,-2
-26,42,1
-27,44,4
-25,44,6
-25,45,7
-24,62,4
-26,78,4
-24,68,6
-24,64,3
-31,93,4
-36,85,4
-36,92,-7
-30,93,-7
-25,80,-5
-23,73,-3
-22,58,-1
-22,52,-2
-18,45,-2
-16,42,-3
-11,40,-7
-11,42,-7
-14,48,-4
-15,52,-4
-17,60,-9
-17,65,-9
-17,69,-4
-16,82,-8
-16,78,-4
-28,73,4
-33,82,5
-32,89,6
-27,79,3
-12,57,1
-12,54,5
-20,45,1
-21,42,1
-25,38,2
-26,38,0
-25,39,-2
-24,42,-1
-23,56,0
-21,67,-3
-29,79,-3
-31,66,-5
-24,81,0
-28,95,4
-45,93,-4
-39,92,-9
-23,80,-3
-20,73,2
-19,59,4
-22,52,3
-20,42,0
-18,40,-2
-16,39,-6
-15,41,-7
-13,48,-10
-14,57,-11
-15,61,-13
-18,69,-15
-20,69,-11
-23,72,-4
-23,89,-8
-16,78,-4
-19,70,-3
-26,85,4
-27,87,5
-17,68,-3
-12,55,-5
-18,41,-1
-24,37,-2
-29,32,-8
-30,33,-7
-33,41,0
-36,47,1
-38,60,11
-29,66,12
-17,89,12
-15,91,12
-12,65,4
-13,71,-5
-27,73,-7
-39,78,-3
-49,91,-6
-44,87,-10
-32,72,-8
-22,64,-3
-16,52,-1
-16,49,-3
-15,50,-5
-16,51,-9
-16,51,-10
-13,47,-11
-14,46,-11
-16,53,-12
-20,56,-15
-22,64,-1
-25,74,2
-19,84,-1
-18,69,2
-19,78,6
-22,86,6
-26,87,12
-23,76,9
-19,58,3
-18,54,7
-25,46,10
-25,42,6
-25,40,-5
-28,42,-6
-29,51,-4
-27,55,-3
-28,66,-6
-30,75,-8
-34,74,-6
-34,69,-9
-41,93,-5
-43,68,-6
-39,82,-10
-29,89,-8
-27,81,-6
-24,70,-5
-22,65,-4
-22,60,-5
-19,59,-5
-16,57,-6
-14,56,-6
-12,51,-9
-13,49,-10
-13,49,-10
-12,48,-9
-12,56,-9
-16,59,-4
-27,60,9
-28,77,0
-23,83,0
-25,73,2
-32,84,4
-31,87,7
-24,74,2
-17,64,2
-8,51,5
-9,50,16
-3,37,-2
-9,32,-19
-25,38,-24
-39,58,-14
-45,64,-11
-44,69,-16
-46,78,-14
-46,73,-6
-41,63,-10
-45,100,-3
-43,85,-3
-36,100,-15
-30,99,-12
-27,83,-3
-29,78,-2
-25,67,-6
-25,65,-10
-18,62,-11
-15,60,-10
-11,58,-10
-10,55,-10
-6,48,-13
-8,43,-13
-10,47,-8
-11,51,-7
-14,52,-5
-16,61,-2
-15,85,-4
-14,73,-1
-23,89,0
-26,94,-1
-31,93,-2
-26,81,-2
-16,62,-2
-18,57,4
-19,53,5
-17,47,6
-16,47,5
-35,47,-5
-34,49,-3
-27,56,4
-26,61,1
-30,82,-6
-36,92,-5
-41,77,-3
-43,88,0
-42,69,10
-35,64,2
-23,103,-7
-20,97,-6
-20,77,-7
-23,73,-4
-25,68,-4
-24,65,-6
-19,55,-8
-11,48,-8
-9,44,-9
-7,42,-8
-7,40,-7
-10,41,-8
-14,47,-11
-15,53,-12
-19,70,-2
-21,73,1
-15,91,-8
-13,84,-8
-18,87,-7
-30,101,2
-33,95,2
-22,69,-4
-14,60,-6
-13,54,-6
-15,51,-8
-23,44,-12
-26,41,-12
-31,39,-8
-32,40,-8
-33,47,-5
-33,54,-4
-33,73,-5
-34,79,-4
-34,82,-5
-37,102,-3
-39,78,3
-35,79,-2
-30,95,-4
-26,93,-4
-23,86,-4
-22,83,-4
-20,70,-4
-17,59,-5
-16,53,-6
-13,44,-8
-12,41,-10
-9,40,-9
-9,41,-10
-10,48,-12
-11,53,-14
-13,61,-15
-14,61,-10
-18,71,0
-17,88,-8
-14,76,-8
-20,80,-7
-32,99,2
-36,103,3
-28,83,-5
-20,67,-6
-21,57,4
-22,51,3
-20,43,-2
-22,41,-4
-25,44,-2
-26,46,-2
-28,52,-3
-29,56,-2
-35,72,-3
-36,79,-3
-34,70,-6
-40,106,2
-39,84,3
-36,76,-6
-30,97,-12
-22,87,-9
-22,79,-6
-21,68,-5
-22,64,-7
-18,58,-8
-16,56,-9
-10,52,-8
-10,50,-9
-7,45,-8
-10,45,-11
-11,49,-13
-12,54,-14
-15,64,-10
-15,62,-5
-14,87,-14
-14,82,-11
-22,76,-6
-28,87,-3
-33,101,4
-31,95,4
-18,65,-3
-16,61,1
-22,60,16
-26,52,3
-33,43,-14
-29,45,-9
-23,50,-2
-25,51,-3
-30,51,-2
-33,70,-2
-34,77,-2
-32,72,-3
-32,88,-4
-41,90,4
-38,78,0
-29,96,-7
-21,96,-9
-16,77,-12
-14,69,-9
-19,56,-5
-20,51,-8
-17,46,-13
-14,46,-14
-12,44,-13
-12,48,-16
-8,67,-26
-11,68,-27
-14,67,-18
-9,69,-15
-6,60,-7
-7,62,-5
-6,73,-7
-8,64,-8
-22,70,-5
-31,92,-1
-39,107,-4
-40,96,-10
-28,62,1
-30,51,0
-31,45,-6
-26,43,-3
-28,43,-2
-26,47,2
-25,51,2
-25,54,2
-27,58,1
-29,73,1
-28,75,-5
-42,114,2
-38,82,3
-28,87,-10
-22,89,-11
-20,79,-8
-21,72,-6
-23,59,-7
-21,53,-7
-18,47,-9
-15,45,-9
-13,43,-9
-12,43,-10
-12,46,-11
-11,51,-12
-13,63,-16
-15,68,-20
-19,72,-13
-20,74,-2
-17,99,-4
-8,84,-11
-18,65,-10
-31,75,6
-33,78,11
-23,66,12
-16,56,7
-19,51,7
-25,54,12
-34,52,-6
-36,51,-7
-35,53,-2
-34,54,-1
-30,56,-1
-29,58,-1
-28,72,-3
-29,74,-3
-27,57,-8
-31,81,-7
-41,99,-11
-39,106,-15
-28,96,-15
-22,88,-12
-16,74,-4
-17,67,-1
-21,52,-3
-18,47,-4
-13,41,-6
-10,40,-6
-8,36,-8
-7,36,-8
-12,43,-10
-15,59,-15
-18,69,-14
-19,71,-8
-20,86,-13
-20,75,-6
-24,76,-1
-35,94,2
-31,99,1
-22,83,2
-16,67,3
-12,59,16
-29,54,15
-30,37,-6
-33,36,-9
-32,39,-3
-33,40,-2
-28,44,0
-25,50,-2
-23,70,-4
-25,77,-5
-25,76,-14
-33,99,-9
-46,84,-7
-48,96,-14
-35,92,-14
-27,85,-11
-22,72,-2
-19,64,0
-21,52,-4
-18,50,-7
-16,50,-8
-13,51,-10
-10,51,-11
-9,54,-12
-11,56,-14
-13,63,-19
-13,65,-20
-19,66,-8
-20,86,-10
-13,81,-10
-15,71,-5
-24,81,3
-24,84,6
-22,79,8
-18,67,9
-16,50,9
-17,48,11
-23,49,20
-32,46,11
-30,48,2
-35,52,2
-37,54,0
-33,56,2
-28,73,-1
-29,83,-4
-29,78,-8
-30,86,-12
-42,84,-2
-42,63,-5
-37,90,-14
-26,91,-7
-24,83,-5
-22,69,-2
-23,63,-4
-18,57,-5
-15,55,-5
-13,50,-6
-13,48,-6
-11,50,-8
-10,51,-9
-14,54,-11
-16,57,-15
-22,64,-17
-27,64,-17
-31,73,-29
-32,56,-27
-56,69,-18
-63,74,-19
-48,67,-20
-40,56,-17
-23,44,-1
-20,41,5
-23,36,3
-26,34,-2
-27,35,-4
-25,39,-2
-24,53,1
-24,60,0
-22,71,-8
-30,89,-9
-33,86,-8
-37,96,-16
-45,99,-10
-46,73,-10
-44,83,-15
-34,83,-12
-32,76,-8
-28,66,-3
-25,62,-1
-24,54,-2
-24,53,-5
-20,57,-6
-19,59,-8
-15,60,-9
-13,59,-9
-10,54,-11
-11,52,-13
-15,58,-13
-18,58,-9
-16,82,-15
-16,90,-15
-24,84,0
-37,94,5
-30,96,0
-22,83,-3
-13,53,-6
-14,50,-1
-21,45,5
-22,41,5
-21,32,0
-25,43,1
-25,51,3
-25,64,-2
-26,69,-3
-32,81,-1
-33,80,-1
-35,103,-7
-44,105,4
-36,77,-7
-35,97,-6
-26,86,1
-29,77,0
-24,61,1
-23,57,0
-19,51,-2
-18,50,-3
-13,48,-4
-14,48,-7
-12,50,-9
-13,49,-10
-19,51,-2
-18,50,-3
-13,48,-4
-14,48,-7
-12,50,-9
-13,49,-10
-15,58,-12
-15,64,-13
-14,67,-13
-12,63,-10
-14,80,-13
-15,70,-7
-23,73,0
-28,87,0
-26,102,-1
-21,80,2
-17,64,2
-20,54,11
-21,47,10
-25,39,6
-24,38,3
-27,44,1
-29,50,0
-28,56,-3
-27,60,-4
-30,79,-3
-31,80,-3
-29,77,-14
-39,104,-7
-48,83,-11
-49,95,-19
-30,89,-15
-26,81,-9
-23,67,-5
-19,62,-3
-21,57,-6
-19,55,-6
-15,53,-8
-14,52,-10
-10,52,-11
-11,53,-12
-11,55,-13
-12,56,-15
-13,60,-14
-17,60,-8
-15,80,-13
-12,78,-9
-15,80,-6
-27,95,-3
-28,96,-1
-27,76,-2
-21,62,-2
-16,50,0
-18,50,1
-23,49,8
-26,47,6
-34,42,-7
-36,50,-2
-34,60,-1
-33,65,-3
-28,86,-2
-27,84,-1
-29,88,-10
-37,103,-4
-38,73,-8
-37,84,-15
-27,91,-10
-24,83,-9
-22,67,-4
-20,63,-2
-22,57,-5
-19,54,-7
-14,51,-7
-13,50,-8
-10,48,-11
-11,51,-11
-13,55,-11
-14,68,-17
-15,72,-17
-14,66,-9
-14,79,-12
-11,73,-7
-11,66,-2
-21,78,-1
-23,88,2
-24,92,8
-23,82,8
-19,64,9
-26,62,18
-25,47,-2
-30,44,-8
-33,48,-7
-30,48,-6
-31,48,-4
-31,52,-5
-34,73,-9
-34,86,-12
-33,73,-11
-35,89,-12
-47,79,0
-43,68,-6
-32,99,-12
-26,101,-9
-20,86,-7
-17,70,-2
-24,64,-4
-21,56,-7
-17,54,-7
-14,50,-7
-13,47,-8
-9,45,-8
-10,47,-10
-11,54,-12
-12,62,-14
-15,64,-10
-14,69,-9
-16,97,-16
-10,83,-10
-21,89,-10
-21,95,-6
-31,90,5
-28,76,4
-18,54,2
-18,55,8
-24,51,3
-25,50,-8
-34,53,-7
-36,55,-7
-32,55,-3
-31,56,-2
-32,66,-4
-33,77,-6
-31,75,-11
-41,101,-6
-42,80,-3
-40,95,-13
-35,100,-12
-22,88,-8
-20,82,-7
-15,67,-3
-19,63,-4
-17,56,-5
-15,53,-6
-13,48,-9
-13,46,-10
-12,52,-9
-13,55,-10
-13,62,-13
-15,66,-14
-17,65,-7
-15,78,-13
-12,67,-9
-14,65,-5
-28,89,-2
-26,97,0
-26,87,2
-22,73,3
-22,58,9
-22,55,14
-25,45,9
-26,41,3
-28,44,4
-31,49,4
-34,55,4
-36,83,-4
-38,93,-6
-34,68,-4
-29,65,-8
-39,90,-9
-38,79,-16
-34,99,-18
-33,93,-11
-28,76,-7
-25,70,-7
-21,58,-6
-19,55,-5
-13,52,-5
-10,51,-4
-9,48,-6
-8,49,-6
-10,50,-10
-12,53,-11
-15,64,-16
-17,70,-16
-18,75,-12
-17,91,-17
-18,73,1
-31,77,10
-24,86,-3
-22,95,-4
-8,76,9
-11,64,8
-22,48,0
-27,40,-6
-26,33,-6
-24,32,0
-23,34,0
-25,43,-4
-26,52,-5
-27,75,-6
-29,88,-4
-33,82,-3
-33,86,-6
-43,99,2
-47,84,3
-41,107,-7
-31,105,-10
-20,87,-7
-18,79,-6
-20,60,-3
-22,53,-4
-21,47,-7
-18,45,-10
-12,42,-12
-9,41,-11
-8,46,-10
-9,50,-12
-10,64,-18
-10,70,-18
-17,65,1
-20,66,0
-16,74,-12
-20,79,-7
-27,95,-4
-30,97,-3
-31,89,-4
-22,59,-1
-20,50,-2
-21,46,2
-22,45,2
-23,43,1
-26,45,4
-29,54,13
-27,63,18
-10,64,3
-17,74,-4
-37,73,-2
-43,68,-7
-59,99,-15
-63,88,-20
-48,100,-33
-33,98,-28
-23,82,-14
-24,75,-11
-25,66,-15
-24,64,-16
-19,62,-15
-16,61,-15
-13,56,-15
-12,55,-15
-12,64,-8
-10,67,-11
-14,77,-15
-15,73,-6
-10,80,-13
-7,59,-3
-11,52,5
-27,63,0
-23,67,-1
-31,74,6
-33,72,14
-26,61,7
-26,61,7
-26,64,19
-30,66,14
-42,68,10
-47,67,11
-55,60,4
-49,65,0
-39,81,-3
-35,76,-4
-33,111,-11
-41,108,-2
-35,88,-11
-32,95,-16
-23,86,-15
-22,80,-14
-21,65,-10
-21,59,-9
-18,51,-11
-17,49,-12
-14,48,-12
-9,48,-12
-8,48,-12
-8,53,-12
-12,56,-12
-14,65,-9
-15,65,-6
-15,89,-10
-16,92,-7
-23,73,8
-32,89,10
-26,94,8
-25,87,8
-14,61,9
-13,51,9
-16,42,16
-19,39,13
-24,35,5
-26,39,6
-32,44,4
-34,44,2
-36,58,0
-35,73,-2
-34,88,-4
-32,79,-4
-37,105,0
-43,92,4
-37,88,-14
-33,91,-14
-26,78,-5
-25,72,-3
-22,54,-4
-21,44,-4
-19,42,-3
-13,40,-3
-12,42,-6
-10,49,-7
-10,51,-5
-16,57,-6
-20,59,-9
-22,65,-5
-22,66,-1
-21,99,-6
-17,86,-1
-25,82,4
-27,88,4
-26,85,7
-24,76,7
-17,49,5
-15,45,7
-18,40,13
-20,34,11
-23,30,9
-24,33,12
-25,40,12
-25,45,12
-26,64,10
-26,81,5
-25,82,1
-23,69,-4
-35,112,3
-40,90,-9
-40,99,-16
-24,80,-6
-23,72,-5
-21,58,-2
-21,51,-2
-20,41,-2
-17,39,-2
-14,39,-4
-13,42,-6
-12,48,-7
-13,53,-7
-14,61,-7
-13,66,-9
-16,71,-7
-18,72,-2
-21,95,-6
-17,76,-3
-29,89,3
-30,93,6
-24,86,5
-20,71,2
-13,48,5
-15,44,9
-23,34,10
-28,29,6
-47,30,4
-50,38,10
-48,40,11
-56,49,4
-57,61,-2
-56,74,-5
-53,68,-4
-55,96,-15
-62,85,-14
-64,86,-24
-60,91,-29
-55,81,-25
-56,72,-24
-45,59,-19
-39,55,-14
-30,46,-13
-21,39,-7
-19,33,4
-19,29,10
-20,24,26
-24,25,31
-28,28,44
-34,32,48
-29,16,49
-27,28,52
-48,37,69
-50,30,60
-48,33,60
-47,32,64
-37,34,56
-27,32,50
-21,14,48
-23,6,42
-14,7,34
-2,13,29
2,11,23
9,-5,32
-6,2,47
-16,13,58
-11,10,74
-15,8,85
-18,6,85
-7,-10,82
-17,7,82
-58,7,80
-45,5,72
-31,0,60
-33,1,58
-37,5,52
-34,5,48
-14,13,45
-10,5,44
-3,3,45
-4,2,46
-7,-1,46
-8,-4,48
-16,-13,54
-10,2,55
-3,-2,73
-7,8,77
-25,5,77
-20,9,82
-26,25,92
-33,19,75
-26,19,71
-24,20,67
-22,18,64
-16,9,57
-14,5,53
-9,3,47
-6,3,44
-3,3,39
1,4,41
3,7,46
3,7,51
-2,6,59
-5,3,62
-2,7,73
-6,10,75
-7,17,84
-17,16,87
-27,18,86
-26,17,79
-26,15,71
-23,13,69
-17,12,59
-13,14,51
-8,13,36
-4,12,35
-3,6,37
-5,3,38
0,6,44
0,6,51
-7,7,65
-6,15,69
-8,15,71
-14,19,78
-13,20,82
-22,41,86
-36,52,79
-29,35,67
-24,27,62
-17,28,58
-11,28,55
-12,21,50
-13,16,50
-2,14,45
0,12,40
-2,13,38
2,13,42
4,15,47
1,17,51
-1,20,64
-5,22,70
-12,25,77
-1,17,82
-11,41,100
-39,35,87
-39,18,65
-30,15,63
-25,13,63
-22,15,62
-16,23,54
-11,23,46
-2,21,43
7,7,41
7,-2,37
-1,1,42
0,-1,49
-2,13,65
-8,18,69
-11,15,69
-9,11,69
-14,20,82
-21,46,98
-15,27,80
-11,28,72
-18,36,74
-17,32,67
-1,13,52
-2,6,46
-8,6,41
-7,7,39
2,11,39
4,11,38
7,15,40
7,20,47
3,20,57
5,27,70
-32,55,91
-80,22,29
-87,-15,0
-87,-27,-2
-68,-21,9
-53,-23,5
-56,-21,6
-75,-11,11
-81,-8,9
-68,-4,2
-59,-5,1
-53,-8,2
-51,-10,0
-46,-9,-4
-48,-10,-6
-56,-10,-7
-55,-11,-7
-58,-10,-7
-68,-10,-10
-82,-5,-8
-69,-4,4
-127,3,13
-109,11,6
-70,-3,-24
-73,-1,-26
-66,4,-28
-61,2,-24
-61,-1,-14
-58,-2,-7
-43,-1,13
-44,0,13
-43,-4,4
-37,-6,4
-32,-10,7
-53,-14,3
-64,-19,-8
-65,-26,-13
-71,-25,-15
-77,-23,-17
-65,-32,-12
-76,-38,-34
-82,-36,-40
-68,-42,-47
-64,-41,-51
-53,-32,-45
-47,-25,-36
-44,-15,-24
-36,-10,-17
-27,-8,-13
-28,-10,-15
-33,-14,-16
-36,-17,-17
-47,-25,-21
-52,-29,-22
-58,-31,-18
-58,-34,-15
-66,-41,-21
-72,-44,-23
-77,-48,-31
-68,-31,-28
-60,-32,-27
-55,-31,-27
-60,-22,-33
-54,-21,-25
-35,-25,-7
-33,-30,-13
-32,-30,-13
-31,-30,-8
-33,-32,-7
-34,-33,-7
-39,-35,-10
-51,-37,-16
-55,-38,-17
-58,-41,-19
-59,-41,-21
-57,-54,-23
-63,-60,-35
-61,-54,-43
-58,-57,-44
-60,-46,-46
-54,-38,-46
-37,-26,-34
-32,-20,-22
-44,-13,-14
-47,-12,-14
-35,-13,-9
-31,-13,-7
-31,-18,-8
-35,-21,-11
-48,-26,-15
-55,-29,-18
-68,-30,-18
-72,-31,-19
-83,-36,-22
-87,-22,-29
-76,-14,-26
-73,-21,-19
-74,-15,-16
-66,-9,-10
-62,-10,-9
-52,-14,-8
-44,-16,-5
-40,-18,-4
-43,-18,-5
-46,-19,-5
-49,-19,-6
-55,-17,-6
-59,-17,-5
-65,-17,-7
-72,-18,-9
-74,-12,-5
-74,-12,-1
-64,-24,8
-71,-27,-1
-85,-31,-21
-73,-24,-14
-65,-27,-12
-71,-25,-17
-71,-14,-17
-60,-10,-12
-42,-9,-4
-42,-8,-3
-43,-13,-3
-45,-20,-5
-47,-22,-5
-49,-23,-3
-49,-27,-3
-55,-30,-3
-58,-32,-1
-73,-36,-7
-88,-36,-10
-94,-29,-4
-85,-24,5
-58,-20,18
-61,-25,9
-70,-16,1
-65,-11,-2
-64,-9,-4
-67,-3,-4
-62,3,-5
-57,2,-4
-54,-1,-1
-56,-5,0
-61,-9,8
-62,-11,10
-58,-15,8
-56,-17,7
-61,-18,5
-65,-17,3
-62,-15,5
-58,-15,8
-57,-17,10
-61,-17,9
-60,-20,12
-61,-23,13
-58,-25,13
-68,-36,5
-83,-32,-2
-66,-24,4
-57,-24,8
-51,-19,6
-51,-23,4
-54,-24,1
-50,-21,1
-45,-16,0
-49,-13,-1
-45,-13,1
-40,-14,3
-69,-1,4
-69,2,3
-42,9,9
-28,11,9
-51,23,0
-51,27,2
-41,29,-3
-54,38,-5
-66,55,-3
-56,58,-2
-53,64,-11
-61,70,-14
-54,75,-20
-51,74,-22
-46,68,-33
-43,67,-34
-39,69,-27
-43,63,-23
-41,59,-22
-23,59,-21
-43,60,-25
-9,63,-20
-14,67,-24
-25,67,-8
-21,64,2
-14,65,9
-8,64,6
-24,62,-18
-30,64,-16
-24,61,-12
-19,58,-13
-14,60,-16
-15,59,-20
-15,54,-18
-14,52,-17
-17,56,-25
-17,59,-29
-10,53,-26
-18,55,-22
-17,54,-24
-9,54,-19
-1,62,-1
-2,66,-1
-13,58,-14
-17,64,-14
-19,67,-17
-15,82,-26
-5,78,-25
3,60,-18
0,58,-13
-4,55,-11
-4,54,-14
-2,58,-25
-4,61,-30
-4,66,-28
-1,66,-27
2,60,-29
6,60,-29
18,63,-22
14,68,-15
-6,66,-23
-10,62,-25
-10,56,-26
-11,54,-26
-14,52,-25
-14,53,-25
-8,58,-23
-10,62,-22
-13,62,-24
-13,62,-22
-9,60,-21
-8,60,-21
-8,78,-33
-4,86,-39
-3,66,-31
-3,58,-8
3,61,-3
7,58,-16
6,61,-19
18,67,-13
11,66,-18
0,63,-17
-2,61,-18
-7,58,-16
-7,58,-25
-1,59,-17
-10,58,-28
-8,62,-19
-8,62,-15
-6,59,-19
-9,60,-22
-11,58,-22
-13,58,-22
-4,58,-21
-1,58,-29
-8,53,-36
-10,50,-29
-3,44,-18
-3,45,-16
-13,47,-19
-18,53,-26
-10,67,-28
-9,67,-23
-13,65,-22
11,67,-30
3,63,-41
-10,61,-44
-15,59,-46
-10,56,-41
-1,59,-36
-7,56,-34
-16,54,-34
-12,57,-32
-7,57,-28
-12,55,-21
-13,54,-26
-15,61,-22
-20,64,-24
-23,63,-28
-22,62,-25
-27,58,-24
-29,55,-26
-26,54,-27
-24,54,-27
-23,48,-28
-37,48,-35
-33,51,-22
-21,55,-20
-19,60,-33
-30,61,-43
-23,63,-26
-19,60,-20
-22,55,-22
-25,55,-23
-21,58,-17
-17,65,-12
-16,66,-12
-22,61,-9
-27,59,-8
-35,51,-18
-36,53,-22
-26,51,-19
-25,49,-16
-33,52,-12
-34,52,-10
-38,47,-6
-42,43,-5
-46,35,2
-47,33,2
-52,31,-3
-56,31,-5
-61,32,-10
-59,32,-10
-55,32,-21
-61,43,-25
-80,57,-9
-60,56,11
-30,46,0
-38,42,-15
-46,40,-23
-43,42,-19
-41,48,-12
-44,48,-13
-40,48,-9
-37,40,-13
-38,39,-13
-41,41,-14
-45,43,-14
-46,44,-12
-48,42,-13
-55,43,-15
-56,44,-11
-51,49,-15
-50,50,-15
-52,55,-13
-53,62,-15
-57,55,-17
-48,52,-14
-30,50,-8
-37,51,-6
-43,50,-5
-39,51,-4
-38,56,0
-41,58,6
-41,50,8
-38,44,6
-34,35,5
-34,31,5
-39,28,4
-43,30,5
-48,30,1
-47,31,2
-44,35,3
-54,39,-1
-62,41,-3
-61,39,-4
-61,34,-10
-65,48,-15
-71,60,-22
-53,60,-30
-32,56,-24
-27,58,-27
-30,60,-25
-34,60,-15
-36,55,-20
-26,46,-20
-24,44,-20
-17,37,-18
-18,38,-17
-25,44,-19
-27,46,-20
-26,52,-20
-27,58,-20
-41,70,-26
-41,74,-25
-31,70,-20
-23,74,-11
-28,76,-22
-31,69,-30
-18,54,-26
-12,56,-20
-18,70,-10
-19,73,-7
-10,64,-8
-8,53,-6
-11,49,-3
-17,42,0
-19,41,-3
-25,42,-7
-29,45,-8
-33,52,-8
-38,53,-6
-42,59,-8
-42,63,-12
-42,60,-21
-36,54,-21
-26,59,-12
-41,67,-21
-47,61,-37
-39,60,-33
-40,59,-33
-40,61,-31
-37,54,-31
-32,49,-30
-22,45,-26
-10,45,-20
1,50,-7
4,53,0
-7,61,2
-14,66,-3
-22,70,-14
-24,71,-18
-23,77,-24
-24,79,-21
-27,78,-17
-29,95,-9
-25,94,-5
-7,59,0
-1,53,5
-10,59,13
-15,65,14
-16,64,9
-13,56,7
-13,49,7
-14,49,10
-22,49,10
-25,51,11
-26,53,14
-26,52,14
-27,50,15
-25,52,14
-23,68,9
-22,75,6
-23,69,-8
-24,70,-9
-30,79,-3
-36,85,-6
-37,77,-14
-34,72,-17
-28,68,-16
-28,71,-13
-26,66,-10
-23,58,-10
-21,56,-9
-16,54,-9
-14,54,-9
-12,53,-11
-11,52,-13
-10,53,-17
-13,56,-19
-20,62,-20
-21,63,-26
-18,66,-30
-18,65,-27
-20,66,-21
-21,77,-17
-29,77,4
-34,67,4
-36,76,5
-36,82,6
-24,80,10
-19,74,12
-27,64,17
-27,56,23
-26,41,14
-24,38,9
-17,28,0
-21,25,-6
-25,27,-4
-29,31,-1
-26,52,-11
-52,89,16
-51,84,25
-37,105,19
-11,116,12
-23,97,-26
-27,99,-27
-15,72,-16
-11,61,-11
-19,43,-5
-24,37,-5
-22,30,-6
-23,28,-7
-20,28,-10
-18,29,-13
-16,37,-14
-18,44,-15
-33,61,-18
-36,66,-17
-35,80,-18
-36,88,-16
-37,102,-14
-34,98,-14
-36,79,4
-37,81,5
-38,82,0
-34,77,1
-27,61,-2
-25,55,-2
-25,50,-2
-26,47,-6
-24,45,-14
-26,46,-13
-23,48,-5
-38,42,-9
-49,35,-25
-61,31,-26
-61,26,-31
-94,38,-26
-72,47,-10
-51,33,-11
-51,29,-15
-78,29,-28
-81,29,-32
-64,34,4
-57,27,8
-50,10,-14
-50,3,-24
-52,3,-23
-46,5,-20
-29,10,-12
-34,10,-13
-46,4,-12
-42,1,-13
-40,-4,-15
-48,-4,-18
-67,-4,-32
-75,-7,-42
-95,-5,-34
-81,-3,-25
-77,-3,-37
-69,8,-38
-64,9,-36
-53,9,-40
-50,11,-38
-46,8,-29
-40,1,-25
-41,-1,-12
-41,0,-8
-36,-4,-10
-42,-4,-14
-48,-9,-18
-48,-14,-19
-57,-13,-15
-61,-11,-10
-62,-9,-18
-59,-1,-24
-68,-3,-30
-56,-20,-34
-96,-12,-59
-126,-15,-70
-74,-11,-34
-68,-8,-32
-52,-9,-34
-52,-8,-32
-37,-2,-16
-35,-2,-16
-32,-3,-6
-31,-2,-5
-38,-18,-14
-57,-16,-11
-84,-10,-29
-87,1,-34
-76,8,-27
-79,14,-20
-73,15,-17
-80,19,-27
-92,22,-26
-79,20,-17
-81,18,-25
-64,15,-26
-49,13,-18
-35,9,-11
-36,10,-10
-34,4,-6
-32,3,-5
-38,-1,0
-40,0,7
-44,2,7
-55,2,3
-76,6,11
-78,8,14
-85,5,-4
-87,3,-13
-82,1,-17
-90,4,-21
-95,8,-23
-86,7,-19
-82,10,-22
-75,10,-24
-56,5,-19
-46,5,-7
-40,5,-2
-27,4,0
-27,4,-1
-33,4,0
-35,5,2
-51,6,3
-57,5,-3
-66,10,-11
-66,15,-3
-78,28,12
-88,32,12
-99,39,14
-95,45,13
-81,37,-2
-74,31,-3
-68,31,-6
-62,30,-7
-55,22,-9
-52,17,-11
-41,9,-8
-36,6,-4
-35,7,4
-35,8,7
-44,16,10
-50,22,14
-55,28,18
-57,27,13
-68,34,2
-77,42,10
-68,38,6
-76,36,-11
-81,33,-19
-65,38,-10
-58,41,-5
-46,45,-3
-40,44,-3
-34,46,1
-33,46,5
-28,45,8
-24,42,5
-14,43,1
-16,45,0
-17,57,-5
-10,65,-6
-22,86,-19
-25,91,-22
-10,87,-21
-5,104,-29
-2,75,-15
-13,69,-9
-14,77,-11
-10,82,-11
-4,69,-6
-3,59,-5
-14,47,-5
-12,44,1
-13,35,1
-1,41,12
1,48,15
-7,50,9
-16,58,10
-15,65,8
-12,69,8
-16,84,5
-13,80,0
-19,104,-12
-21,94,-14
-24,84,-21
-23,82,-22
-24,77,-24
-17,71,-19
-8,62,-1
-5,52,3
-17,45,3
-20,42,0
-19,39,-3
-17,39,-3
-11,41,-5
-10,45,-7
-14,58,-14
-17,68,-19
-21,77,-26
-24,76,-20
-30,94,-10
-33,108,-13
-28,81,-6
0,66,5
20,70,16
2,74,10
-3,68,0
-11,52,-5
-15,49,-1
-21,42,4
-22,41,10
-24,41,14
-22,42,8
-18,47,10
-21,50,10
-21,57,11
-21,64,11
-19,78,9
-21,76,9
-16,84,0
-23,110,5
-34,80,-3
-32,80,-12
-27,81,-14
-28,78,-13
-24,65,-6
-21,58,-6
-18,51,-4
-15,49,-3
-13,43,-3
-12,42,-3
-11,42,-2
-12,43,-3
-13,52,-3
-12,66,-4
-12,70,-7
-15,86,-3
-17,111,-3
-23,101,-14
-31,85,-7
-64,83,-8
-66,81,-16
-51,61,-11
-45,50,-8
-49,30,-12
-53,25,-12
-62,18,-24
-71,4,-44
-76,-5,-42
-80,-7,-30
-67,0,-12
-49,6,-6
-24,-1,-4
-26,-7,-10
-38,-11,-11
-38,-14,-7
-30,-32,19
-23,-44,24
-74,-48,-24
-82,-47,-22
-71,-44,-32
-62,-47,-31
-57,-32,-18
-49,-22,-11
-37,-19,-6
-36,-6,6
-31,-10,8
-31,-17,9
-34,-20,14
-50,-31,13
-58,-34,12
-58,-31,16
-52,-32,15
-60,-41,7
-71,-40,5
-88,-47,-6
-104,-38,-24
-79,-30,-17
-72,-31,-15
-69,-21,-16
-61,-15,-13
-33,-11,-3
-30,-12,-5
-33,-19,-8
-35,-20,-6
-37,-28,-2
-38,-33,-3
-48,-36,-7
-59,-35,-8
-66,-39,-4
-68,-40,-5
-71,-35,-9
-67,-32,-7
-53,-42,-4
-78,-47,-31
-87,-43,-36
-85,-43,-35
-80,-35,-36
-66,-22,-29
-58,-15,-21
-46,-10,-12
-40,-9,-9
-34,-9,-10
-34,-9,-9
-32,-12,-5
-34,-15,-3
-43,-19,-5
-47,-21,-5
-56,-23,-3
-63,-27,-7
-76,-27,-12
-83,-28,-8
-98,-24,-27
-88,-15,-26
-78,-21,-18
-75,-19,-21
-66,-15,-23
-58,-12,-17
-45,-11,-12
-44,-13,-14
-37,-13,-10
-35,-13,-10
-42,-12,-8
-46,-14,-4
-49,-16,-5
-57,-17,-7
-67,-20,-10
-86,-19,-25
-84,-17,-28
-73,-27,-28
-74,-30,-34
-75,-32,-40
-73,-34,-42
-71,-30,-48
-70,-27,-47
-58,-16,-33
-47,-10,-24
-25,-2,-10
-20,-1,-7
-17,-4,-9
-20,-7,-11
-31,-17,-19
-34,-21,-24
-55,-36,-44
-94,-34,-54
-127,9,-39
-108,24,-25
-80,25,-15
-69,24,-12
-81,18,-16
-81,19,-21
-78,24,-24
-70,22,-20
-48,10,-13
-44,7,-12
-41,0,-10
-47,-4,-14
-46,-7,-16
-54,-14,-7
-57,-18,-8
-56,-18,-4
-55,-18,-2
-61,-15,2
-65,-14,0
-73,-9,-7
-71,-9,-6
-71,-27,-13
-79,-23,-17
-85,-28,-23
-88,-25,-25
-87,-17,-25
-78,-13,-21
-52,-6,-10
-43,-4,-8
-32,-2,-4
-29,-1,-4
-25,-7,-4
-31,-10,-2
-46,-21,-3
-61,-24,-7
-74,-15,-2
-75,-17,-2
-84,-19,-5
-89,-17,-3
-92,-10,-11
-89,-2,-15
-86,-10,-14
-81,-2,-15
-73,0,-12
-49,-1,-2
-43,-5,-1
-40,-10,1
-39,-10,4
-38,-10,5
-40,-11,7
-47,-12,8
-51,-14,6
-59,-18,6
-63,-20,6
-70,-21,1
-77,-22,-3
-86,-28,-5
-91,-32,-10
-90,-27,-11
-78,-29,-9
-71,-31,-13
-71,-29,-13
-62,-20,-11
-45,-12,-5
-36,-10,-3
-31,-10,-2
-29,-13,-1
-30,-17,0
-41,-27,-1
-56,-28,0
-68,-23,5
-61,-25,5
-67,-24,3
-85,-16,5
-88,-15,2
-88,4,-5
-90,8,-3
-78,7,-4
-76,8,-7
-55,2,0
-43,-3,2
-42,-8,-1
-44,-10,-1
-42,-12,-1
-42,-14,0
-50,-17,0
-55,-17,0
-66,-20,-3
-71,-17,-2
-79,-15,-4
-87,-10,-8
-71,-10,0
-71,-21,-4
-100,-14,-22
-104,-15,-21
-91,-5,-20
-84,1,-19
-66,2,-10
-57,1,-6
-42,-2,-3
-29,-1,1
-25,0,3
-17,0,8
-14,-2,9
-10,-3,8
-34,4,2
-77,20,0
-80,26,2
-76,37,2
-76,42,4
-64,56,-4
-56,57,-4
-49,72,-1
-42,83,1
-31,87,-7
-25,79,-10
-21,59,-14
-23,52,-15
-32,50,-13
-35,49,-15
-38,52,-12
-38,56,-8
-31,58,-3
-28,61,-3
-29,75,-6
-31,75,-6
-31,65,-11
-37,99,-10
-42,98,-12
-44,99,-15
-37,90,-9
-43,75,-5
-37,70,-4
-18,57,-4
-13,54,-1
-7,48,2
-7,45,0
-10,43,-6
-13,46,-9
-15,62,-11
-16,67,-13
-15,72,-17
-13,73,-19
-16,67,-13
-20,72,-10
-19,88,-11
-16,69,-5
-26,71,3
-23,77,2
-21,79,1
-20,73,4
-24,54,7
-26,48,9
-26,42,11
-25,39,10
-28,41,7
-31,45,9
-32,55,10
-32,57,9
-30,68,6
-33,79,1
-34,76,1
-33,91,-9
-36,99,-7
-41,93,-9
-36,98,-17
-26,87,-17
-25,79,-11
-23,66,-3
-23,59,-4
-20,52,-8
-20,50,-13
-13,52,-35
-13,53,-34
-21,43,-31
-9,40,-26
1,30,-16
-10,36,-20
-36,55,-39
-40,62,-32
-31,81,-32
-26,91,-29
-54,93,1
-63,101,14
-32,93,25
-42,98,53
-60,65,1
-66,54,-8
-39,29,3
-37,13,-16
-27,25,-9
-7,39,-15
-1,54,-15
16,60,27
5,57,51
-62,49,20
-83,54,25
-63,44,29
-56,69,-1
-47,64,-13
-43,54,-2
-70,73,2
-74,61,-13
-51,55,-13
-30,48,-8
-7,27,-10
-6,24,-4
-10,26,13
-14,26,13
-21,26,8
-29,30,7
-24,45,6
-30,53,-3
-31,78,-15
-33,93,-19
-41,104,-20
-43,127,-31
-17,77,-29
-27,60,-17
-35,80,-15
-21,73,-29
-17,70,-27
-14,55,-16
-15,47,-13
-19,32,-11
-21,27,-9
-20,25,-7
-21,27,-3
-26,36,4
-28,42,7
-20,61,6
-20,70,4
-23,72,1
-21,71,-8
-20,102,-14
-35,88,-5
-55,94,-4
-55,95,-9
-44,82,-17
-37,72,-15
-16,57,2
-9,50,4
-10,41,5
-13,38,3
-16,38,-2
-18,46,-1
-17,75,-6
-16,93,-7
-29,103,-21
-15,75,-15
-9,63,-10
0,51,-11
-8,34,-4
-22,50,15
-21,60,5
-15,84,-6
-20,89,-6
-25,76,2
-24,66,4
-21,55,10
-20,48,10
-20,44,5
-21,48,5
-31,56,10
-37,62,17
-57,71,2
-63,73,-7
-38,86,-2
-16,83,2
5,90,15
4,85,22
-18,82,6
-24,83,1
-37,84,1
-41,81,-4
-37,69,-10
-31,63,-11
-21,60,-7
-13,58,-7
-12,59,-8
-10,59,-12
-8,60,-12
-8,55,-15
-10,52,-18
-13,43,-19
-18,43,-14
-26,73,-7
-28,79,1
-25,76,4
-17,83,4
-9,99,6
-13,103,8
-18,85,8
-20,73,2
-27,57,1
-31,51,2
-34,42,-3
-33,42,-3
-29,47,5
-27,50,5
-27,55,3
-28,62,-1
-32,77,-9
-32,76,-8
-30,85,-3
-35,98,2
-45,79,1
-46,89,-10
-33,98,-11
-24,83,-4
-21,76,-7
-22,74,-9
-21,70,-11
-19,65,-12
-17,63,-13
-15,58,-14
-12,57,-15
1,57,-13
4,55,-9
0,48,-12
-6,43,-17
-13,37,-18
-15,44,-18
-20,72,-13
-21,73,-7
-33,98,0
-34,113,2
-30,122,-2
-19,103,-11
-13,78,-14
-20,74,-6
-27,58,4
-30,51,6
-29,47,7
-27,47,12
-26,51,20
-24,51,22
-21,62,20
-26,81,9
-32,76,5
-39,110,1
-41,106,7
-36,109,-6
-28,119,-14
-23,114,-12
-21,100,-11
-21,82,-10
-23,76,-12
-21,65,-16
-19,61,-15
-7,59,-15
-2,56,-16
-1,51,-13
-4,48,-11
-7,43,-7
-7,42,-7
-11,44,-12
-13,44,-11
-14,67,-11
-14,76,-7
-21,82,-2
-27,102,0
-26,119,-4
-24,113,-11
-17,91,-17
-18,86,-11
-28,78,5
-29,63,-3
-30,57,-5
-32,55,-2
-33,58,4
-33,60,8
-31,63,6
-35,76,-2
-33,79,-2
-37,70,1
-40,76,5
-51,80,1
-49,85,-12
-39,111,-17
-28,109,-12
-27,90,-11
-27,84,-12
-24,73,-16
-16,67,-14
-8,58,-11
-9,53,-11
-7,45,-11
-8,46,-10
-10,51,-9
-10,55,-12
-9,60,-17
-11,59,-17
-17,71,-12
-20,84,-11
-22,75,-6
-27,80,-3
-33,94,1
-21,83,-4
-16,80,-6
-19,72,-2
-17,66,1
-17,61,7
-22,58,3
-27,52,-2
-29,52,1
-33,49,6
-33,45,4
-33,59,0
-35,73,-4
-38,84,-9
-37,91,-11
-42,82,2
-40,80,-4
-36,102,-7
-31,105,-6
-25,92,-2
-22,84,-5
-18,74,-9
-16,71,-9
-13,67,-9
-12,62,-11
-10,58,-15
-10,57,-16
-7,55,-17
-9,56,-19
-9,51,-23
-12,50,-22
-17,50,-15
-27,64,2
-29,78,4
-25,73,7
-19,74,9
-11,97,15
-8,97,17
-8,85,22
-8,76,17
-14,64,7
-17,62,7
-22,56,8
-26,54,7
-31,53,6
-32,52,8
-29,49,7
-31,52,7
-32,67,4
-34,77,0
-37,68,-3
-35,75,-7
-37,87,6
-35,70,4
-35,89,-16
-31,94,-19
-24,92,-11
-21,82,-8
-20,80,-10
-18,75,-12
-16,73,-12
-14,66,-13
-12,63,-13
-9,59,-14
-10,57,-13
-8,53,-12
-9,49,-13
-11,45,-15
-10,45,-13
-13,48,-6
-15,64,-5
-34,78,5
-52,80,13
-60,92,5
-49,92,-4
-28,82,-1
-25,75,5
-23,58,6
-24,50,4
-34,44,2
-44,41,-4
-28,34,-7
-28,36,-9
-30,40,-8
-30,46,-8
-27,61,-11
-25,71,-14
-28,72,-16
-27,82,-21
-29,96,-19
-19,86,-33
-7,83,-33
-4,70,-12
-12,62,-10
-20,47,-21
-7,45,-8
20,61,37
16,53,21
0,45,2
-8,47,-3
-6,57,-25
-2,56,-39
-3,59,-36
0,60,-37
-14,58,-37
-23,56,-30
-25,71,-32
-21,94,-35
-27,88,-18
-26,81,-16
-20,82,-14
15,88,14
58,86,55
24,73,16
-18,63,-30
-22,58,-32
-15,46,-26
-12,47,-19
-2,46,-7
-8,51,-17
-12,52,-19
-18,51,-19
-9,57,-19
-20,56,-24
-16,59,-25
-14,83,-33
-18,91,-32
2,80,-18
12,77,-2
21,75,-9
16,72,-26
9,63,-26
4,58,-24
7,50,-18
-2,47,-23
-6,44,-15
5,46,-12
5,48,-21
-7,49,-19
-1,53,-18
-4,55,-21
-9,58,-26
-6,61,-30
-20,70,-34
-22,68,-33
-16,79,-24
-8,76,-21
4,69,-10
20,77,10
20,83,8
21,76,-4
13,71,-5
-9,58,-9
-12,50,-11
-21,44,-10
-23,43,-7
-30,46,-10
-27,45,-6
-27,42,0
-30,41,-1
-38,42,-5
-40,46,-17
-46,63,-19
-37,63,-16
-31,63,-19
-33,72,-23
-36,89,-27
-24,95,-28
-3,88,-31
-4,83,-34
-11,70,-36
-13,63,-37
-7,51,-36
8,41,-34
9,33,-30
-3,36,-29
-24,43,-21
-25,48,-20
-23,49,-21
-23,54,-21
-26,58,-20
-28,64,-20
-33,68,-17
-41,75,-16
-23,49,-21
-23,54,-21
-26,58,-20
-28,64,-20
-33,68,-17
-41,75,-16
-40,79,-22
-38,72,-43
-44,66,-41
-29,62,-28
-15,63,-20
-14,63,-25
-21,63,-25
-23,56,-10
-19,52,-6
-14,50,-6
-15,46,-9
-25,46,-21
-28,47,-18
-25,47,-11
-25,47,-8
-21,45,-12
-30,43,-17
-43,36,-16
-50,33,-15
-63,36,-19
-63,45,-24
-47,57,-22
-43,60,-17
-39,63,-15
-38,52,-19
-32,53,-15
-22,48,-7
-28,50,-4
-33,52,1
-33,52,0
-31,49,-1
-27,48,-1
-28,50,0
-28,51,0
-31,54,0
-32,56,-1
-38,59,-3
-35,58,0
-22,68,19
-9,71,25
-15,70,14
-19,71,6
-27,82,1
-33,81,1
-37,70,1
-35,68,2
-21,60,3
-11,58,2
0,59,0
-4,61,-2
-11,63,-4
-12,63,-4
-8,62,1
-2,59,4
0,56,4
-2,54,5
-4,54,5
-7,54,5
-7,56,5
-12,60,3
-15,63,4
-16,63,5
-18,68,1
-18,100,-2
-18,82,0
-24,67,-3
-24,71,-4
-22,64,-2
-24,61,2
-24,57,5
-23,56,6
-21,52,6
-21,51,4
-21,50,7
-21,50,6
-22,46,3
-22,44,3
-21,43,0
-21,44,-1
-24,53,-4
-27,67,-6
-31,95,-10
-31,91,-10
-29,100,-21
-25,74,-11
-30,56,-9
-36,77,-4
-31,74,-9
-19,62,-15
-15,55,-13
-12,48,-8
-14,46,-6
-23,42,-8
-28,42,-5
-27,50,7
-24,53,10
-17,53,13
-18,53,14
-19,52,12
-21,57,9
-23,69,4
-21,62,1
-23,77,-8
-30,78,-4
-38,87,-9
-42,93,-16
-34,79,-17
-33,73,-12
-25,63,-7
-24,59,-6
-20,52,-5
-18,51,-5
-14,49,-7
-15,51,-10
-16,52,-9
-16,56,-11
-16,61,-12
-16,68,-17
-14,71,-18
-16,68,-13
-17,79,-11
-17,79,5
-20,72,13
-15,73,8
-10,78,5
-7,77,5
-10,72,3
-19,60,-4
-25,58,-2
-34,54,0
-34,50,-5
-35,49,-5
-34,53,1
-32,56,2
-32,58,5
-29,60,7
-29,61,4
-32,70,0
-32,72,2
-29,80,-12
-37,104,-7
-32,80,-5
-32,90,-13
-27,93,-13
-23,85,-11
-22,70,-6
-22,60,-4
-21,58,-4
-18,54,-6
-15,52,-7
-11,47,-9
-7,46,-8
-6,45,-9
-6,44,-10
-8,43,-12
-12,45,-13
-18,58,-7
-20,79,-5
-21,103,-12
-22,95,-9
-36,107,3
-32,103,5
-22,73,-7
-17,65,-7
-14,56,2
-13,51,2
-19,42,-4
-25,44,1
-36,43,-4
-34,47,-1
-38,55,6
-37,59,9
-27,58,11
-21,65,7
-24,70,5
-24,63,0
-26,77,-8
-36,82,-1
-33,66,-6
-32,88,-20
-29,88,-21
-26,72,-15
-24,65,-11
-21,50,-11
-21,47,-11
-17,45,-13
-14,46,-15
-2,41,-25
-3,40,-29
-30,81,-17
-37,91,-22
-18,90,-27
-12,90,-23
-17,99,-13
-16,91,-12
-19,71,-14
-20,64,-11
-20,59,-8
-21,55,-10
-17,55,-4
-20,53,-1
-28,49,-4
-31,47,-3
-59,61,18
-54,63,45
-44,54,21
-27,39,5
-20,35,0
-13,31,-3
-20,40,-2
-55,94,48
-46,93,27
-42,63,-21
-33,59,-14
-17,52,-10
-17,53,-14
-26,56,-8
-29,55,-7
-27,52,-8
-25,50,-6
-27,42,-12
-27,42,-14
-27,53,-10
-27,61,-12
-23,82,-5
-26,87,-3
-31,89,-11
-32,84,-14
-20,78,-2
-18,69,3
-13,72,3
-7,71,2
-18,63,-6
-24,61,-10
-21,50,-10
-18,43,-6
-19,43,-5
-24,53,7
-26,51,4
-12,42,5
-8,41,8
-22,45,-7
-18,46,-8
-8,61,-3
-19,77,-2
-62,104,5
-40,66,-19
-42,83,-17
-31,80,-12
-24,79,-5
-22,67,-6
-14,52,0
-14,47,-1
-11,38,-1
-10,35,-1
-13,29,-6
-14,28,-6
-19,29,-5
-20,32,-6
-22,38,-9
-23,42,-13
-26,55,-18
-31,68,-13
-18,113,-25
-31,104,-44
-44,102,-21
-48,92,63
2,91,54
-57,59,-10
-37,56,-17
-10,78,-25
6,71,-30
6,53,-26
-4,45,-28
-12,34,-20
-11,33,-17
-13,32,-13
-19,36,-11
-16,44,-6
-22,49,-5
-27,59,5
-28,63,10
-32,77,28
-39,76,11
-29,66,-7
-29,66,-4
-27,80,-3
-31,71,-9
-35,63,-14
-33,69,-17
-25,75,-21
-25,71,-19
-24,59,-13
-24,56,-11
-15,55,-1
-11,46,-5
-13,45,-11
-17,48,-15
-17,46,-15
-14,45,-14
-15,45,-13
-19,53,-11
-22,58,-11
-29,74,-1
-33,78,15
-12,99,3
-5,104,0
-16,70,-4
-29,73,-3
-46,83,5
-44,73,0
-17,53,-3
-13,46,1
-17,35,4
-17,30,4
-23,32,4
-26,34,5
-23,49,9
-22,52,11
-21,52,10
-21,54,9
-23,65,8
-23,68,5
-27,97,-10
-36,74,-2
-38,72,-10
-34,79,-17
-33,72,-14
-29,66,-7
-27,61,-7
-23,50,-9
-19,50,-10
-16,53,-10
-16,54,-10
-16,53,-11
-16,53,-11
-17,61,-13
-21,69,-16
-26,92,-12
-27,101,-11
-18,105,-17
-15,92,-18
-19,70,-4
-23,68,1
-24,71,-1
-19,71,-4
-9,64,-3
-5,57,-1
-3,41,2
-6,38,4
-12,39,4
-13,43,4
-13,47,2
-13,52,-1
-20,56,2
-27,61,1
-21,60,-3
-22,69,-13
-25,78,-13
-40,95,-15
-45,94,-13
-37,71,-14
-30,68,-12
-25,69,-6
-24,64,-5
-20,49,-6
-19,45,-5
-20,45,-4
-20,46,-4
-21,51,-5
-20,52,-7
-20,53,-10
-19,55,-10
-21,60,-11
-22,64,-11
-24,72,-13
-26,75,-13
-26,82,-11
-21,79,-12
-19,83,-14
-17,81,-15
-19,63,-13
-21,58,-11
-22,59,-10
-19,62,-8
-17,60,-9
-21,59,-7
-20,57,-2
-14,53,-9
-16,54,-11
-13,56,4
-17,54,4
-24,53,11
-49,62,26
-45,54,17
-29,49,9
-17,42,3
-19,42,3
-29,50,5
-34,54,10
-36,58,19
-39,67,20
-48,78,17
-32,67,10
-28,62,-1
-33,57,-2
-25,54,-3
-22,57,-2
-24,56,-4
-25,54,-5
-28,55,-1
-29,55,-1
-28,53,-3
-27,51,-3
-27,51,0
-27,49,0
-28,48,0
-31,49,1
-31,51,1
-32,55,0
-31,57,2
-27,60,4
-25,61,5
-25,61,7
-25,60,8
-27,60,7
-30,66,8
-34,78,2
-36,84,1
-36,76,0
-33,68,0
-20,64,-2
-11,67,-4
-5,70,-7
-8,67,-8
-16,60,-7
-17,57,-2
-19,53,10
-18,51,13
-18,47,13
-20,46,10
-22,45,5
-25,47,6
-27,49,9
-31,54,17
-34,58,20
-32,63,24
-33,62,18
-33,65,7
-33,77,5
-40,71,3
-28,53,0
-12,51,-5
-13,59,-7
-22,63,-8
-25,63,-6
-28,62,-4
-28,61,-3
-26,58,-2
-24,57,0
-21,55,1
-20,55,0
-21,56,4
-21,57,8
-45,54,3
-38,51,7
-31,64,27
-38,67,24
-37,74,14
-28,79,18
-24,77,21
-27,69,17
-28,67,19
-25,70,28
-33,69,25
-37,63,18
-33,63,24
-31,61,29
-28,58,31
-20,48,36
-17,41,32
-7,31,33
-7,29,34
-13,25,40
-13,25,42
-11,25,48
-13,24,49
-17,26,54
-15,26,56
-13,22,54
-14,22,54
-14,22,56
-9,42,56
-7,29,53
-9,16,56
-27,14,64
-33,15,65
-35,17,55
-32,17,51
-26,1,46
-28,-2,47
-42,1,50
-41,3,46
-38,3,44
-40,6,46
-41,4,46
-32,2,64
-31,0,70
-47,-3,60
-45,8,52
-28,13,52
-29,10,54
-46,11,49
-48,12,47
-39,12,51
-39,12,57
-47,14,61
-48,15,56
-37,8,41
-30,6,40
-25,9,48
-28,9,49
-28,19,59
-36,16,57
-41,13,49
-41,15,45
-36,17,44
-37,16,39
-42,11,34
-46,14,36
-56,23,31
-53,18,38
-60,18,35
-67,17,34
-70,19,36
-73,17,40
-67,15,35
-62,11,31
-63,10,29
-58,11,36
-53,15,40
-43,14,47
-41,7,43
-38,14,49
-29,11,51
-29,8,52
-29,6,53
-24,5,56
-23,-5,57
-22,-10,52
-26,-10,48
-25,-3,51
-22,-2,54
-26,-1,61
-29,2,59
-28,-2,62
-31,1,64
-27,2,61
-23,1,61
-22,-1,59
-22,-3,59
-23,-2,58
-23,-4,57
-21,-4,57
-21,-5,57
-23,-4,58
-27,-3,64
-20,3,69
-10,3,64
-10,1,60
-15,6,65
-20,10,64
-26,12,61
-24,11,55
-19,14,60
-23,17,61
-25,16,72
-35,7,69
-26,17,62
-16,22,52
-10,8,48
-10,9,51
-21,11,54
-28,14,59
-32,19,58
-30,16,56
-24,12,54
-21,14,52
-12,11,48
-12,11,45
-12,14,45
-10,20,48
-10,23,45
-21,28,44
-25,31,45
-36,38,47
-36,41,51
-30,38,56
-30,37,56
-46,46,57
-46,45,51
-53,49,47
-62,56,48
-56,56,41
-54,52,32
-57,38,14
-69,40,6
-101,70,32
-85,73,36
-71,50,24
-64,45,20
-46,38,16
-36,33,15
-27,23,9
-23,19,8
-24,18,7
-27,21,6
-55,33,13
-77,46,14
-55,53,22
-39,42,39
-40,39,41
-39,37,35
-38,34,31
-26,26,20
-16,25,20
-10,36,18
-8,43,16
-3,62,15
-8,73,18
-14,84,18
-19,82,9
-31,75,-3
-34,72,-2
-42,67,-9
-39,67,-10
-30,69,-3
-28,71,1
-22,79,3
-23,84,3
-30,77,3
-32,76,4
-36,64,12
-32,59,12
-22,60,6
-19,63,5
-18,61,7
-21,58,5
-26,56,0
-27,54,-1
-25,49,-1
-21,46,-2
-21,46,-3
-21,48,-1
-21,51,-1
-25,62,-3
-26,67,-3
-25,77,-2
-26,79,0
-26,77,-2
-25,80,-6
-20,80,-3
-20,71,1
-20,59,6
-19,59,6
-16,55,4
-14,53,3
-14,52,3
-16,52,4
-21,53,7
-21,52,10
-24,55,8
-23,58,11
-33,62,3
-27,64,3
-24,66,-7
-15,67,1
-19,69,-2
-23,70,-1
-33,81,2
-32,79,5
-24,64,4
-21,62,3
-21,61,3
-20,55,3
-21,51,2
-19,49,1
-19,49,0
-19,48,-2
-20,47,-2
-21,50,-3
-21,55,-3
-23,64,-3
-22,68,-3
-20,79,-4
-20,86,-6
-20,93,-5
-19,89,-6
-5,76,-10
1,66,-7
5,57,-8
2,57,-13
-7,65,-7
-6,62,-2
-11,54,1
-13,52,3
-17,53,4
-13,52,5
-11,52,4
-14,55,3
-19,63,2
-18,68,3
-17,71,3
-15,68,2
-13,69,2
-10,81,-1
-8,93,-3
-2,83,-1
-6,68,3
-20,64,0
-21,67,0
-19,55,4
-19,54,4
-20,55,-1
-23,56,-3
-27,51,-3
-29,50,0
-28,48,0
-26,48,0
-24,48,0
-25,51,1
-28,57,3
-33,57,1
-39,58,2
-38,54,2
-34,47,4
-34,47,4
-34,56,6
-35,62,6
-32,75,-1
-32,79,-3
-34,70,1
-37,80,0
-32,84,-2
-20,71,-5
-16,65,-4
-14,60,1
-14,57,0
-14,50,-5
-12,47,-4
-11,48,-2
-12,49,-2
-14,51,-3
-14,52,-3
-21,54,1
-25,54,2
-22,51,2
-26,51,2
-28,48,6
-28,49,7
-24,51,7
-26,53,9
-26,58,16
-27,57,11
-20,59,0
-21,89,-6
-24,81,3
-28,56,-1
-27,67,3
-27,72,3
-28,71,0
-20,65,1
-18,64,2
-17,59,3
-17,58,4
-15,58,5
-15,59,5
-16,58,4
-16,58,4
-16,54,2
-18,53,2
-19,57,2
-17,61,2
-17,64,0
-17,66,-3
-18,88,-11
-19,87,-13
-24,67,-15
-26,61,-13
-30,74,-16
-30,80,-15
-24,60,-13
-22,55,-11
-20,53,-7
-22,55,-6
-23,55,-5
-23,56,-4
-25,60,0
-22,61,5
5,71,45
10,70,35
-42,60,-3
-41,56,1
-30,62,1
-21,71,2
-18,72,1
-26,91,-4
-29,97,-6
-30,80,0
-27,64,1
-21,66,4
-22,71,4
-20,66,2
-23,60,-2
-14,54,-1
-19,55,-4
-18,50,-4
-19,47,-5
-19,43,-7
-18,44,-8
-17,48,-4
-19,50,-4
-21,56,-7
-21,60,-7
-24,69,-7
-24,74,-7
-25,84,-4
-26,87,-3
-25,85,-3
-25,78,0
-23,65,3
-24,68,4
-22,64,3
-19,55,5
-19,52,6
-19,46,10
-18,42,8
-17,41,7
-21,43,6
-20,52,1
-21,55,0
-21,57,1
-21,60,1
-26,74,2
-27,79,1
-27,81,2
-28,81,3
-33,85,3
-37,78,5
-32,55,1
-31,57,-3
-26,63,1
-24,61,1
-22,52,-3
-22,50,-4
-22,49,-6
-22,47,-6
-21,45,-10
-22,54,-9
-22,58,-6
-21,56,-3
-22,59,-3
-19,68,-1
-17,73,0
-16,80,1
-17,85,2
-20,86,0
-21,75,1
-22,69,4
-20,68,4
-17,69,5
-14,67,3
-10,56,-2
-10,52,-3
-13,46,-2
-15,45,-3
-16,40,-6
-17,39,-6
-18,49,-5
-19,56,-4
-21,65,-3
-23,70,-2
-25,80,1
-25,83,2
-23,82,2
-24,78,5
-28,75,8
-30,71,8
-31,68,7
-21,70,3
-20,68,2
-21,62,0
-22,58,-1
-21,52,-4
-20,50,-5
-18,49,-7
-17,49,-7
-17,48,-9
-17,48,-10
-18,51,-11
-17,54,-10
-19,64,-11
-20,67,-11
-22,76,-10
-23,82,-8
-23,89,-4
-21,87,-5
-19,74,-2
-20,68,2
-23,63,5
-24,67,8
-19,65,5
-15,62,2
-13,59,3
-14,56,4
-18,50,4
-19,47,2
-19,45,0
-16,51,2
-17,53,0
-19,60,-1
-20,63,-1
-20,64,-3
-21,68,-3
-25,72,-3
-26,77,-4
-30,87,-1
-33,82,1
-26,63,1
-22,68,1
-14,70,3
-13,64,2
-17,56,-2
-19,52,-5
-22,46,-6
-21,43,-6
-18,40,-7
-16,41,-6
-16,45,-8
-18,47,-8
-19,48,-10
-21,48,-10
-26,54,-6
-24,56,-8
-24,68,-10
-28,76,-7
-32,84,-6
-30,89,-3
-26,115,-8
-17,108,-9
-19,83,-3
-16,60,-2
-14,65,0
-3,58,-1
0,55,-3
-6,50,-1
-7,51,1
-10,48,-2
-9,47,-3
-10,47,-2
-11,48,0
-9,52,-4
-8,54,-5
-12,60,-7
-14,59,-6
-21,57,1
-29,56,-1
-18,44,3
-13,44,9
-24,51,11
-22,56,11
-25,66,12
-25,65,11
-25,66,4
-26,74,3
-22,92,4
-22,82,5
-22,63,2
-23,74,0
-22,76,0
-20,62,1
-21,58,2
-19,56,6
-15,55,7
-12,53,5
-14,54,4
-17,57,1
-17,58,0
-18,57,-1
-18,56,-2
-18,56,-2
-19,60,-2
-20,68,1
-19,70,-1
-17,90,-8
-16,87,-10
-18,62,-10
-23,60,-9
-27,78,-4
-24,73,-2
-16,56,-6
-15,54,-4
-20,54,1
-20,54,1
-19,56,7
-15,62,17
-18,64,18
-29,61,10
-33,56,4
-31,55,5
-23,56,4
-23,64,-5
-26,72,-4
-34,88,-11
-37,96,-9
-33,79,5
-31,78,5
-17,72,5
-25,72,1
-19,61,-3
-13,59,6
-21,54,-4
-18,52,-2
-19,51,-2
-18,50,-1
-17,47,-2
-18,45,-3
-22,45,-2
-23,46,-3
-26,49,-7
-25,51,-7
-21,62,-6
-21,67,-7
-24,74,-5
-27,82,-5
-25,104,-9
-23,100,-9
-26,70,2
-26,55,5
-29,62,4
-27,70,4
-21,62,1
-19,52,5
-20,50,7
-25,45,3
-27,44,3
-27,52,5
-25,57,7
-20,64,5
-18,66,4
-19,67,2
-20,67,2
-21,66,3
-20,65,4
-22,68,3
-23,71,3
-22,71,-2
-22,72,-4
-22,73,-4
-24,67,-6
-24,57,-7
-23,53,-6
-20,49,-4
-19,47,-3
-17,44,-3
-17,42,-4
-17,43,-4
-19,46,-5
-22,55,-6
-25,69,-7
-24,76,-6
-24,86,-6
-24,87,-7
-26,87,-4
-26,93,-3
-24,80,4
-24,67,5
-24,58,7
-24,57,8
-21,50,9
-17,47,9
-14,39,4
-16,38,4
-18,39,2
-19,41,3
-20,50,3
-20,56,2
-21,64,1
-22,66,1
-23,72,-1
-22,77,-1
-22,79,-1
-22,79,1
-24,73,8
-29,65,6
-34,58,4
-26,58,6
-21,64,-2
-21,63,-4
-21,59,-2
-22,55,-5
-22,53,-6
-22,51,-7
-22,52,-8
-21,51,-10
-21,50,-10
-22,55,-10
-22,61,-10
-21,74,-11
-20,80,-12
-19,89,-9
-20,86,-8
-22,84,-4
-23,78,-1
-4,60,0
-4,62,2
-6,67,7
-10,66,4
-12,60,-1
-14,57,0
-13,48,2
-14,43,1
-16,42,2
-17,44,1
-18,51,-1
-18,56,-2
-22,63,-4
-22,70,-4
-26,80,-4
-30,74,0
-30,71,2
-31,74,2
-31,74,3
-27,66,2
-23,68,-1
-20,67,-3
-19,62,-3
-23,54,-6
-24,53,-7
-21,50,-9
-22,49,-10
-22,44,-10
-22,44,-9
-21,47,-9
-21,50,-8
-23,56,-6
-23,59,-7
-21,61,-7
-27,66,-10
-27,72,-8
-27,77,-8
-27,75,-5
-30,73,-6
-33,81,1
-31,75,2
-31,71,-1
-30,74,-2
-25,68,-6
-21,62,-6
-21,58,-6
-22,51,-6
-21,48,-6
-16,44,-6
-16,43,-6
-16,44,-6
-16,47,-6
-19,48,-6
-21,49,-5
-25,50,2
-27,50,2
-26,49,3
-26,49,5
-30,49,7
-32,52,4
-33,52,-1
-33,50,-1
-39,76,1
-39,94,2
-34,64,-3
-28,63,-4
-26,73,-8
-26,74,-10
-24,68,-8
-23,65,-6
-18,61,-3
-17,59,-2
-16,54,-4
-16,51,-7
-16,50,-7
-16,47,-9
-16,50,-10
-17,61,-12
-19,64,-14
-21,70,-17
-24,72,-18
-28,73,-15
-28,78,-18
-20,93,-24
-15,75,-23
-21,52,-20
-22,62,-18
-25,63,-20
-25,57,-21
-24,55,-16
-25,55,-13
-27,58,-4
-27,58,-4
-23,59,-2
-23,62,1
-26,67,3
-25,70,7
48,84,50
-33,64,-17
-46,67,-6
-25,73,-2
-10,78,14
-14,73,17
-13,67,15
-9,66,7
-9,69,-4
-14,70,-7
-15,71,-9
-22,63,-9
-23,57,-10
-25,49,-10
-24,48,-10
-20,47,-9
-18,46,-9
-15,48,-5
-14,49,-3
-18,50,-2
-19,52,-3
-21,60,-3
-23,62,0
-25,64,3
-25,72,2
-21,102,-9
-20,112,-10
-30,91,-4
-29,77,0
-16,63,-1
-10,72,0
-9,65,3
-5,60,6
-16,53,5
-23,50,2
-23,45,-3
-19,44,-2
-14,47,3
-13,50,3
-10,58,0
-13,65,1
-14,69,1
-16,77,-2
-18,80,-3
-22,80,1
-24,81,3
-25,71,4
-24,66,3
-20,65,-1
-19,64,-2
-18,58,-2
-19,52,-2
-21,44,-3
-20,42,-4
-20,41,-6
-19,42,-6
-18,46,-7
-18,49,-8
-19,59,-8
-20,64,-8
-22,74,-9
-22,79,-10
-21,86,-8
-23,94,-6
-23,95,-7
-21,90,-6
-16,69,0
-16,60,4
-20,60,5
-18,59,3
-15,56,2
-15,50,4
-17,47,5
-18,45,5
-17,43,3
-18,44,2
-18,48,3
-19,59,3
-19,62,2
-21,72,-2
-22,77,-2
-27,73,-4
-28,72,-5
-33,82,-6
-38,81,-3
-44,60,-4
-42,60,-4
-31,62,0
-24,59,2
-19,52,2
-17,48,2
-21,46,0
-21,43,0
-24,44,-5
-25,48,-6
-23,58,-17
-24,66,-32
-11,90,-41
7,84,-14
8,75,-14
5,72,-15
8,74,-14
-1,68,-16
-8,70,-21
-23,86,2
-24,83,2
-27,62,-19
-28,59,-12
-21,58,2
-10,50,4
-3,42,1
-10,47,-2
-21,57,-6
-23,60,-4
-27,74,-2
-27,78,-2
-26,72,-3
-27,74,0
-26,77,-7
-27,73,-11
-34,76,-18
-36,76,-21
-28,67,-15
-22,61,-10
-23,50,-12
-32,51,-12
-35,49,-10
-46,50,-13
-42,50,-11
-38,48,1
-36,47,12
-32,46,34
-36,44,35
-44,40,37
-45,40,41
-44,42,49
-45,47,54
-38,46,59
-30,49,48
-35,30,43
-37,30,44
-32,23,40
-28,20,40
-20,18,36
-17,17,41
-16,15,47
-19,16,45
-21,14,44
-20,15,43
-22,14,42
-26,19,44
-20,11,52
-13,5,54
-9,0,43
-8,1,46
-20,9,50
-24,11,61
-25,8,68
-12,2,81
-37,16,90
-50,15,66
-36,1,63
-36,6,58
-37,10,55
-34,-1,55
-30,-2,52
-24,11,43
-23,9,43
-24,5,46
-24,8,50
-25,5,54
-27,4,55
-27,5,59
-28,5,60
-23,6,58
-24,6,57
-26,3,60
-29,-2,61
-21,6,64
-20,6,64
-27,7,74
-36,7,71
-31,11,63
-29,15,61
-28,19,54
-26,19,50
-24,26,53
-20,21,57
-20,18,58
-21,16,61
-21,15,60
-18,14,57
-14,16,58
-14,15,54
-16,14,54
-16,12,56
-15,11,58
-14,9,61
-15,9,62
-16,6,65
-19,7,69
-25,4,70
-23,3,66
-13,5,62
-13,8,64
-15,2,62
-14,-1,63
-17,12,63
-13,16,61
-10,14,54
-9,10,54
-7,9,57
-8,11,58
-10,16,62
-11,17,62
-14,19,61
-12,18,61
-7,19,63
-10,21,62
-12,24,63
-14,28,70
-11,30,73
-11,34,66
-8,32,59
-3,27,52
-1,24,52
-5,25,51
-4,35,55
0,42,58
1,42,56
-2,36,52
-3,31,52
-3,23,51
-4,24,52
-5,26,55
-6,26,56
-5,26,54
0,26,55
13,16,61
9,23,61
-9,21,61
-15,23,65
-30,29,76
-34,35,81
-28,37,79
-24,35,70
-23,26,61
-22,25,67
-16,26,61
-23,24,53
-24,29,54
-13,33,57
-7,30,55
-29,24,42
-44,15,35
-49,10,43
-41,8,47
-46,2,46
-39,2,49
-28,-2,50
-26,-5,49
-16,-5,51
-13,-5,53
-12,0,62
-14,3,65
-18,5,68
-24,11,75
-22,17,78
-17,18,73
-16,15,64
-18,16,65
-9,25,68
-6,25,63
-6,20,53
-9,17,51
-12,12,47
-12,12,45
-12,6,46
-14,6,48
-13,6,47
-17,11,50
-16,14,54
-17,21,57
-15,20,54
-10,13,48
-9,13,47
-12,25,53
-22,12,52
-45,23,44
-60,24,43
-70,24,50
-64,21,51
-63,12,47
-67,11,43
-82,14,31
-87,19,28
-91,29,23
-82,28,20
-70,16,15
-67,14,13
-64,16,8
-63,17,4
-65,15,-4
-58,12,-4
-51,10,-6
-48,9,-6
-43,11,-3
-39,9,-3
-35,8,-3
-32,7,-2
-30,8,-3
-29,10,-4
-29,14,-4
-24,26,-6
-27,34,-9
-32,57,-10
-35,69,-13
-36,93,-17
-41,104,-16
-46,104,-17
-40,96,-18
-29,83,-9
-27,79,-4
-30,74,-6
-28,71,-5
-33,71,-4
-36,73,-4
-36,75,-2
-33,78,1
-25,77,2
-23,76,-2
-20,83,-8
-20,86,-12
-19,83,-24
-20,74,-24
-25,66,-17
-9,65,-3
-28,68,-10
-8,65,-1
-9,62,-3
-4,51,3
-10,45,0
-15,39,-3
-18,40,-4
-19,43,-4
-19,44,-4
-18,48,-6
-18,50,-6
-22,54,-3
-22,54,-1
-19,55,-3
-18,60,3
-20,66,7
-24,66,4
-27,62,2
-28,65,2
-25,77,-2
-23,87,-3
-17,84,0
-19,83,-1
-21,89,-4
-25,86,-7
-25,68,-4
-21,58,-3
-16,56,-7
-16,54,-8
-18,44,-6
-19,42,-6
-20,42,-7
-22,45,-8
-21,47,-9
-20,51,-10
-21,52,-10
-23,53,-9
-24,54,-10
-24,62,-9
-23,65,-8
-22,70,-10
-22,71,-12
-23,73,-10
-23,73,-10
-25,84,-9
-23,92,-10
-18,94,-16
-19,81,-12
-27,63,0
-25,67,0
6,76,16
10,69,15
6,55,6
3,49,3
-10,43,0
-13,42,1
-17,43,0
-16,44,-2
-16,51,-4
-18,54,-2
-21,58,1
-24,59,2
-25,59,4
-26,56,2
-24,54,1
-22,59,3
-23,61,4
-28,60,-1
-30,65,0
-31,71,0
-31,72,-2
-32,86,-1
-34,90,3
-37,72,-3
-36,59,-7
-34,72,-13
-32,83,-14
-23,75,-14
-23,72,-15
-21,66,-16
-20,62,-16
-16,54,-14
-15,51,-14
-14,45,-11
-14,43,-11
-12,43,-11
-12,42,-11
-14,42,-12
-14,42,-12
-15,47,-12
-17,52,-17
-19,59,-17
-22,86,-17
-31,106,-18
-38,122,-15
-42,108,-11
-40,81,-6
-34,77,-2
-14,78,10
-5,70,13
-10,57,12
-14,55,11
-19,52,9
-17,55,8
-10,58,9
-9,59,10
-13,60,4
-14,58,-7
-62,78,22
-86,86,44
-85,63,39
-76,57,30
-48,39,17
-31,29,16
-23,14,17
-22,11,17
-16,6,20
-18,3,23
-23,-2,33
-25,-2,38
-28,-8,48
-31,-14,54
-32,-13,56
-25,-18,58
-25,-17,63
-17,-14,46
-17,-4,48
-22,2,55
-23,-4,35
-8,-6,34
-6,-14,48
-1,28,50
6,-14,44
-25,4,38
-17,26,61
-48,23,42
-53,28,45
-64,34,33
-50,30,39
-53,33,13
-50,13,17
-65,41,-12
-64,39,-47
-54,37,-71
-63,39,-79
-63,47,-64
-55,47,-55
-48,36,-54
-46,31,-47
-50,20,-46
-51,13,-48
-47,12,-38
-43,15,-29
-46,8,-28
-48,10,-27
-47,7,-25
-50,11,-25
-48,8,-26
-47,-3,-30
-67,-12,-34
-53,-23,-26
-51,-27,-21
-83,-23,-18
-89,-19,-13
-91,11,-14
-80,11,-18
-74,12,-17
-75,16,-16
-66,22,-12
-56,20,-5
-32,14,5
-25,12,6
-15,11,4
-15,11,1
-13,14,0
-13,17,0
-15,31,-5
-16,45,-9
-14,108,-10
-19,127,-16
-27,127,-32
-40,127,-25
-41,127,-27
-35,83,-21
-32,77,-14
-24,71,-4
-20,62,-4
-16,50,-3
-14,43,-3
-15,37,-5
-16,33,-6
-21,41,-4
-23,50,-4
-29,66,-2
-31,71,0
-34,72,2
-35,71,0
-32,63,-4
-33,56,-7
-40,55,-23
-40,55,-35
-33,56,-52
-29,49,-52
-31,33,-52
-32,32,-53
-23,30,-45
-13,30,-34
-10,30,-30
-7,29,-33
-8,29,-44
-7,30,-49
-3,30,-59
-12,33,-58
-14,31,-53
-11,25,-60
-12,25,-62
-19,28,-73
-20,29,-79
-23,21,-86
-28,16,-74
-31,16,-63
-30,18,-70
-31,17,-59
-30,14,-49
-31,8,-46
-33,8,-47
-34,12,-42
-34,14,-42
-31,18,-43
-32,14,-43
-27,5,-33
-33,0,-30
-54,-3,-28
-57,-4,-24
-57,-7,-16
-62,-10,-14
-70,-16,-6
-75,-17,1
-99,-3,3
-92,-1,9
-79,-7,12
-76,-2,8
-79,0,3
-77,4,0
-66,7,1
-44,2,1
-36,-1,1
-43,1,-2
-44,3,-1
-48,9,2
-49,12,5
-62,15,7
-69,11,1
-87,12,-5
-90,14,-4
-87,14,-6
-86,14,-3
-86,12,8
-84,10,13
-69,19,28
-48,29,38
-18,24,50
-11,20,51
-14,14,51
-16,11,50
-19,8,45
-15,10,47
2,17,54
2,19,51
-9,14,42
-11,5,42
-7,2,42
4,16,76
-5,12,53
-90,-18,-17
-106,-39,-50
-94,-19,-55
-53,-15,-57
-41,-14,-64
-41,-9,-62
-19,-3,-56
-15,-4,-44
-21,-3,-47
-17,-3,-55
-9,-4,-42
-12,-3,-43
-4,-4,-49
-1,-1,-53
-12,6,-67
-17,11,-74
-18,10,-79
-15,7,-81
-22,4,-95
-30,6,-90
-30,16,-81
-28,11,-80
-35,4,-64
-39,3,-62
-38,3,-59
-37,1,-56
-32,-4,-53
-29,-4,-51
-24,-1,-47
-21,-2,-46
-20,-2,-45
-18,-1,-43
-15,0,-42
-11,0,-42
-11,-1,-42
-10,-8,-42
-12,-13,-41
-32,-21,-39
-42,-26,-40
-41,-30,-35
-43,-29,-30
-49,-30,-30
-63,-31,-34
-49,-33,-24
-82,-45,-32
-83,-17,-3
-80,-21,0
-72,-23,4
-65,-21,12
-63,-19,15
-63,-14,22
-53,-16,13
-49,-22,2
-48,-20,-11
-38,-20,-20
-14,-16,-41
-7,-19,-54
-37,-11,-67
-1,-15,-57
7,-19,-51
-11,-25,-58
-17,-25,-60
-14,-22,-62
-12,-18,-61
-12,-19,-76
-12,-24,-70
-23,-26,-65
-31,-20,-70
-28,-9,-69
-30,-9,-67
-28,-10,-74
-26,-15,-67
-34,-23,-48
-39,-26,-37
-41,-27,-20
-36,-27,-16
-40,-24,-5
-41,-24,-5
-37,-29,-12
-37,-29,-13
-41,-29,-17
-46,-28,-23
-60,-29,-23
-51,-37,-28
-73,-30,-58
-59,-25,-51
-72,-19,-53
-66,-20,-42
-55,-27,-29
-53,-20,-22
-51,-17,-21
-45,-13,-19
-44,-13,-20
-41,-15,-18
-44,-17,-19
-33,-21,-16
-38,-22,-16
-49,-30,-19
-54,-35,-24
-63,-39,-25
-68,-41,-28
-83,-40,-30
-88,-38,-30
-85,-26,-24
-79,-25,-24
-74,-16,-24
-71,-12,-24
-66,-1,-22
-64,3,-21
-53,-1,-16
-50,-3,-13
-46,-7,-5
-43,-10,-4
-45,-18,-8
-44,-17,-8
-47,-16,-9
-50,-17,-8
-53,-19,-9
-55,-23,-8
-60,-24,-9
-66,-26,-10
-69,-28,-11
-77,-28,-11
-82,-29,-12
-85,-25,-19
-81,-21,-23
-66,-16,-25
-63,-15,-27
-54,-12,-25
-49,-13,-24
-41,-15,-22
-39,-16,-21
-39,-16,-18
-41,-16,-14
-49,-25,-11
-51,-21,-9
-64,-26,-7
-59,-26,-4
-71,-28,-4
-71,-25,2
-76,-20,10
-77,-21,11
-77,-25,16
-82,-18,19
-81,-8,21
-76,-4,23
-59,-7,26
-53,-9,27
-46,-10,30
-39,-9,29
-39,-11,29
-37,-12,32
-36,-12,33
-31,-12,36
-33,-13,35
-34,-16,29
-33,-18,32
-44,-25,30
-41,-33,30
-48,-38,31
-57,-43,28
-85,-40,16
-92,-42,10
-83,-39,-1
-77,-34,-7
-62,-30,-10
-60,-32,-15
-54,-33,-14
-50,-32,-13
-41,-28,-14
-39,-24,-11
-34,-30,-6
-33,-29,-6
-33,-28,-1
-30,-33,-2
-30,-44,-5
-47,-49,-6
-48,-50,2
-45,-59,9
-46,-59,8
-45,-68,2
-55,-71,-5
-55,-63,-5
-52,-60,-5
-64,-45,-4
-69,-40,-12
-59,-36,-18
-53,-37,-21
-23,-35,-26
-18,-35,-28
-11,-37,-26
-14,-40,-29
0,-45,-38
18,-48,-36
12,-51,-33
15,-52,-31
24,-55,-19
22,-60,-17
17,-65,-13
15,-61,-13
25,-57,-13
20,-62,-19
-1,-72,-37
-5,-74,-32
6,-71,-9
0,-70,-14
-4,-61,-16
-1,-56,-18
-2,-56,-14
-3,-53,-17
-4,-52,-20
-7,-54,-22
-6,-56,-27
-4,-55,-21
-14,-55,-15
-23,-57,-17
-27,-60,-16
-21,-57,-9
-18,-61,-5
-40,-75,-10
-46,-82,-9
-35,-77,14
-38,-64,13
-23,-45,30
-18,-50,37
-14,-53,17
-15,-51,11
-16,-52,12
-21,-54,9
-16,-50,12
-12,-46,14
-9,-45,11
-14,-47,9
-19,-48,10
-19,-49,11
-12,-55,12
-10,-56,4
-24,-74,-3
-17,-68,-2
-19,-79,-4
-40,-70,1
-48,-68,3
-42,-60,5
-43,-61,2
-37,-53,10
-35,-43,16
-33,-41,9
-35,-43,-3
-33,-37,-13
-38,-38,-19
-32,-39,-25
-25,-42,-28
-15,-48,-32
-18,-47,-32
-26,-49,-24
-28,-50,-24
-31,-49,-25
-32,-47,-24
-32,-44,-25
-30,-44,-27
-22,-47,-29
-24,-50,-28
-34,-56,-20
-42,-59,-20
-60,-58,-18
-61,-56,-8
-64,-51,6
-62,-51,8
-55,-52,4
-41,-50,0
-40,-45,-1
-31,-38,0
-29,-34,0
-34,-34,-4
-32,-35,-2
-34,-42,1
-37,-48,-1
-34,-50,2
-32,-52,5
-42,-52,4
-46,-54,3
-46,-49,11
-51,-57,11
-61,-41,10
-42,-37,16
-43,-41,12
-45,-42,13
-45,-36,13
-41,-34,12
-43,-28,8
-47,-24,8
-37,-23,10
-33,-22,9
-49,-17,2
-62,-16,-5
-55,-18,-7
-62,-17,-9
-82,-17,-20
-79,-9,-26
-75,-9,-32
-85,0,-37
-84,-4,-33
-75,5,-22
-68,8,-21
-60,4,-23
-60,-2,-22
-54,-8,-16
-47,-10,-18
-49,-8,-22
-50,-8,-24
-52,-8,-22
-54,-7,-22
-50,-6,-26
-52,-7,-25
-63,-8,-26
-58,-5,-24
-50,0,-27
-64,-9,-26
-74,-8,-45
-77,-1,-55
-37,-27,-24
-116,17,-52
-93,6,-13
-29,12,10
-38,17,25
-53,3,1
-61,17,2
-44,-1,-14
-42,9,-3
-31,6,0
-34,4,-14
-47,12,-36
-42,13,-33
-16,44,-70
-13,61,-73
-58,58,-64
-66,52,-48
-27,37,-58
-22,28,-66
-32,22,-82
-24,34,-82
-19,109,-72
2,35,-68
4,5,-51
16,24,-41
-39,43,16
-84,60,0
16,25,-107
48,97,-69
10,69,-48
-23,52,-31
-31,25,-30
-16,21,-46
19,40,-61
11,49,-62
-25,60,-54
-28,62,-46
-30,39,-47
-49,71,-50
-37,64,-50
-16,55,-41
-24,48,-42
-31,23,-43
-25,15,-35
-21,26,-32
-6,17,-42
14,10,-1
-23,23,-51
-40,14,-36
-59,41,-43
-52,25,-48
-50,20,-62
-37,26,-59
-42,42,-53
-46,34,-53
-47,24,-55
-56,31,-53
-58,35,-55
-50,36,-52
-32,37,-16
-50,22,-32
-53,24,-42
-53,5,-39
-40,16,-29
-23,17,-19
-47,21,-22
-45,10,-21
-35,31,-14
-42,38,-12
-45,15,-30
-57,30,-24
-71,42,-32
-64,34,-34
-59,27,-30
-60,46,-32
-92,64,-33
-92,49,-28
-49,19,-17
-43,30,-14
-55,26,-12
-56,16,-12
-42,11,-11
-39,7,-4
-34,7,-2
-38,5,-7
-36,2,2
-41,3,2
-53,7,-2
-62,7,4
-80,2,13
-86,6,22
-85,13,21
-88,29,9
-95,40,5
-105,25,23
-77,-9,55
-45,24,12
-36,28,12
-36,-3,30
-33,-1,35
-24,-2,26
-32,6,28
-38,1,35
-39,-4,41
-37,-2,46
-38,-3,48
-43,-9,59
-44,-4,59
-57,1,63
-56,-3,66
-51,12,54
-57,11,53
-58,13,60
-56,14,70
-40,0,58
-31,5,27
-26,13,29
-27,6,32
-26,6,35
-29,6,39
-28,-4,38
-23,1,38
-35,4,47
-37,3,51
-36,6,45
-31,9,54
-24,16,68
-36,29,90
-49,18,89
-34,30,87
-29,33,90
-29,29,79
-25,27,74
-9,19,62
-1,15,51
15,13,44
5,11,50
7,6,49
7,5,47
15,4,36
14,5,38
10,5,41
12,3,42
11,-3,46
13,-7,48
16,-9,51
18,-7,57
29,-15,57
34,-11,62
44,-9,72
47,-5,66
31,44,77
15,44,72
22,66,76
17,58,51
-9,44,30
-4,51,36
-5,47,38
-11,31,33
-15,28,39
-12,37,41
-15,41,43
-26,35,30
-33,27,24
-38,6,27
-38,-6,33
-58,-40,41
-55,-31,39
-52,6,39
-54,12,39
-38,7,52
-29,0,65
-71,15,65
-80,31,63
-55,39,36
-48,31,32
-29,25,54
-14,25,61
-12,37,48
-33,43,36
-33,48,43
-13,42,47
-7,20,47
-20,15,44
-16,24,45
-9,25,46
-18,27,55
6,27,70
15,29,76
9,41,83
2,45,81
8,52,80
4,52,77
2,49,63
1,38,62
-13,20,49
-17,21,52
1,32,51
-1,36,51
-8,31,31
-6,24,15
12,5,2
23,-5,15
31,-9,53
24,6,55
-27,50,39
-59,69,48
-47,74,66
-36,68,77
-26,50,102
-52,29,65
-43,32,36
-34,53,51
1,48,46
3,52,41
13,47,29
9,49,8
2,54,-3
-10,56,1
-2,46,9
0,26,9
-13,24,-4
-34,45,-7
-38,52,-6
-54,47,-18
-69,50,-21
-74,69,-7
-69,78,3
-61,92,14
-66,97,16
-69,96,19
-63,95,23
-44,86,31
-36,70,30
-33,31,13
-33,24,2
-38,35,-29
-38,35,-29
-18,30,-19
-9,30,-11
15,37,3
23,55,5
7,116,-1
1,127,-31
-4,81,-35
3,57,-29
2,56,-36
-13,92,-20
-23,89,-17
-22,65,-19
-20,60,-15
-17,58,-7
-15,55,-4
-14,39,0
-11,35,2
-14,39,1
-17,38,7
-24,46,8
-26,59,-1
-29,58,8
-31,53,12
-34,43,28
-27,38,32
-10,54,43
1,63,51
26,97,53
19,111,43
-23,101,21
-31,85,15
-19,49,9
-12,39,9
-4,38,46
8,40,60
-6,44,33
-15,36,11
-17,25,-1
-13,32,4
-1,52,17
7,55,17
-1,65,13
1,93,31
18,100,41
30,93,50
20,80,45
1,63,46
-7,60,49
-7,58,33
-3,58,31
3,50,38
6,45,43
8,37,46
6,37,39
-5,40,20
-10,36,16
-11,31,15
-14,37,12
-8,47,28
-7,55,36
-22,61,35
-26,59,41
-28,67,45
-31,75,45
-26,83,51
-28,86,46
-21,83,41
-12,64,38
-17,35,29
-27,32,25
-28,44,16
-24,33,11
-25,29,15
-12,16,34
-11,25,29
-24,32,20
-21,32,23
-23,27,28
-25,18,31
-22,45,56
-25,56,61
-30,76,55
-30,71,53
-24,66,63
-19,78,71
-21,71,44
-22,60,35
-8,52,46
-3,48,46
-1,23,33
1,27,33
8,42,51
6,18,42
-8,-15,32
-11,-3,39
-15,24,43
-17,15,42
-13,19,58
-11,21,60
-16,12,50
-19,17,48
-20,14,50
-21,6,54
-21,7,58
-24,14,65
-28,23,64
-30,26,65
-31,46,84
-8,79,91
-15,43,57
-18,21,54
-13,38,61
-15,44,47
-18,34,38
-10,18,40
-5,16,44
0,12,49
1,10,47
-8,5,44
-8,8,50
1,31,70
1,30,70
-2,15,52
-7,9,45
-12,23,52
-7,33,66
6,29,79
4,25,70
17,57,92
34,85,73
25,69,52
18,36,37
24,26,45
15,34,41
8,38,34
-9,35,23
-10,25,28
4,20,49
7,25,56
-1,35,50
-7,29,43
-9,47,49
-4,51,63
6,74,84
13,72,88
12,70,83
6,87,67
15,68,56
9,59,48
3,47,41
2,43,43
10,28,44
9,21,42
-7,8,19
-14,5,17
-18,31,31
-9,40,49
-3,28,71
-29,-21,52
-37,-24,62
-18,-2,85
-17,12,85
-27,13,63
-21,13,69
6,19,80
6,24,76
4,13,55
7,11,54
10,16,47
11,15,46
3,7,35
-5,1,26
-10,-2,28
-12,-5,33
-11,13,52
-10,26,63
-16,46,80
-17,40,84
-16,30,88
-16,28,91
-15,42,98
-17,48,89
-22,55,63
-16,52,56
-9,13,44
-13,7,36
-24,13,31
-22,22,31
-19,22,15
-19,18,10
-22,21,17
-21,12,28
-24,8,42
-28,7,69
-36,6,70
-61,25,77
-52,39,74
-56,65,62
-53,59,62
-47,35,77
-49,28,81
-45,39,55
-42,49,45
-13,46,62
-4,35,67
-4,16,43
-10,13,30
-15,23,32
-13,21,35
-14,11,37
-17,8,36
-21,20,51
-27,23,52
-48,32,41
-48,34,43
-49,37,46
-53,31,46
-60,20,59
-55,19,65
-56,38,61
-61,52,36
-51,48,25
-44,27,17
-45,17,23
-41,9,24
-36,15,26
-30,25,24
-30,23,22
-35,12,18
-35,8,17
-40,16,22
-51,27,22
-55,50,42
-53,53,49
-65,49,27
-71,49,19
-63,64,35
-61,66,42
-60,72,30
-44,75,30
-18,32,26
-19,19,27
-22,40,24
-17,44,21
-8,46,18
-6,39,19
-1,29,23
-5,36,20
-19,52,20
-23,44,20
-18,61,39
-12,60,47
-23,57,40
-31,77,31
-34,75,27
-32,87,48
-29,84,42
-14,65,43
-9,58,43
-6,37,44
-2,41,42
-8,41,46
-10,35,44
-8,24,28
-10,7,27
-7,11,43
-1,6,40
-9,21,48
-7,21,47
-5,28,48
-5,34,47
-1,45,40
-3,51,38
2,50,40
-5,61,37
-13,76,32
-6,75,31
4,95,24
14,101,17
23,95,11
17,72,8
12,63,9
10,56,6
12,53,5
14,50,6
14,48,5
13,39,3
11,39,4
6,47,6
7,49,3
4,53,0
-3,57,5
-3,57,-2
-2,66,-5
-6,59,0
-5,60,3
-1,75,8
2,72,-6
11,110,-29
7,81,-22
3,63,-6
3,73,-11
-5,74,-17
-8,66,-12
-7,50,-4
-6,33,0
-7,35,11
-6,43,12
-4,57,3
-9,68,-2
-12,72,-4
-12,54,0
-16,63,2
-17,65,-6
-18,68,-12
-19,73,-12
-17,70,-12
-5,58,-4
5,52,8
18,69,-1
16,88,-18
27,81,-6
33,74,-6
23,88,-6
12,85,-2
3,55,8
3,50,12
5,56,9
4,53,9
1,43,-4
14,21,0
47,-3,47
60,16,40
71,70,56
58,39,55
52,33,42
47,36,42
42,32,42
54,26,59
59,30,64
66,46,71
67,41,73
50,14,58
35,11,45
23,11,35
13,5,31
14,-15,41
14,-15,44
-2,-4,29
-11,-5,22
-8,-5,21
-7,9,32
6,19,59
7,19,69
11,37,70
10,38,72
28,35,91
45,34,100
52,52,109
48,64,103
20,27,55
10,9,44
-14,37,16
-16,56,23
-10,46,26
-14,26,14
-25,9,11
-27,14,14
-31,29,22
-28,33,34
-20,48,47
-20,45,54
-24,42,48
-28,52,48
-30,59,53
-25,75,57
-21,89,56
-23,82,43
-20,48,39
-18,8,49
-23,22,44
-29,51,21
-31,40,20
-30,12,22
-31,13,19
-34,23,14
-34,24,15
-36,31,24
-37,38,31
-35,70,38
-37,83,38
-34,55,42
-36,52,44
-42,79,56
-36,75,66
-27,56,63
-31,49,45
-36,33,37
-31,27,28
-27,20,36
-13,7,27
-7,3,22
-9,-23,18
-60,-72,-6
-26,-22,18
-36,2,20
-44,5,25
-51,-3,24
-49,-14,32
-53,-14,33
-73,-2,44
-83,6,49
-89,22,68
-77,25,90
-43,14,115
-37,1,96
-51,-9,30
-46,1,24
-46,17,16
-33,22,19
-20,9,28
-15,6,35
-27,-12,30
-41,-3,32
-58,24,54
-60,24,50
-74,27,34
-69,29,41
-67,38,37
-69,39,35
-76,41,40
-77,48,49
-69,47,40
-61,13,10
-58,19,11
-44,38,33
-33,36,40
-26,33,30
-30,28,22
-32,21,18
-28,25,20
-22,31,37
-24,35,37
-29,37,34
-30,34,37
-41,30,39
-40,33,37
-41,35,48
-45,34,52
-50,49,58
-49,56,57
-41,62,52
-37,58,49
-34,39,33
-31,25,26
-26,32,25
-23,43,27
-18,33,26
-17,28,34
-17,35,33
-20,27,25
-22,27,25
-24,33,32
-24,35,34
-27,57,47
-31,66,47
-41,72,48
-44,74,44
-39,79,51
-37,76,58
-29,67,50
-31,61,36
-44,49,16
-41,46,13
-26,25,24
-16,12,29
-12,25,34
-14,28,35
-18,28,37
-23,31,37
-24,33,40
-23,29,41
-23,22,46
-21,22,49
-16,16,50
-13,19,55
1,18,60
8,8,55
9,-3,46
17,-2,59
20,-3,64
13,4,69
14,7,67
11,3,61
-8,-1,63
9,28,93
17,37,101
25,34,61
3,31,28
-10,54,31
-10,54,54
2,28,42
5,25,42
6,35,52
5,36,49
-4,39,46
-10,44,47
-10,40,46
-10,34,45
-7,35,52
-7,39,58
-7,36,65
-8,32,63
-5,40,63
4,48,65
-4,40,83
-3,52,97
2,48,93
-4,33,68
-3,50,25
-1,50,23
-8,19,36
-12,12,35
-12,23,36
-12,24,43
-14,17,42
-14,21,44
-16,28,46
-20,27,54
-23,23,60
-26,46,86
-22,52,97
-15,25,88
-23,20,78
-20,61,75
-9,57,71
-14,8,49
-20,5,39
-22,34,39
-20,32,39
-16,10,38
-15,11,39
-14,15,38
-16,10,34
-25,4,32
-30,11,41
-35,36,67
-33,46,80
-28,37,90
-25,39,90
-19,53,81
-28,57,80
-32,54,71
-26,31,25
-25,31,11
-24,61,29
-16,61,40
-7,23,41
-8,10,27
-13,8,19
-19,17,17
-29,39,27
-34,36,32
-42,49,44
-45,58,48
-41,48,56
-41,41,56
-42,38,54
-49,39,57
-63,60,65
-59,60,60
-44,30,40
-37,25,36
-30,24,26
-26,19,23
-21,12,18
-18,13,20
-14,10,21
-15,7,19
-22,0,21
-49,12,39
-68,52,55
-56,95,62
-50,64,57
-44,33,46
-44,49,46
-49,80,60
-45,96,66
-27,100,60
-24,83,43
-18,31,0
-19,34,-13
-11,30,6
-8,21,12
-4,15,21
-5,15,24
-10,21,28
-16,24,30
-35,37,38
-49,47,42
-68,64,43
-67,62,47
-58,46,52
-60,43,60
-62,56,73
-62,57,71
-61,53,49
-47,52,31
-22,29,7
-24,16,20
-26,14,25
-28,9,21
-28,3,12
-28,-4,1
-32,-3,4
-36,7,15
-42,9,20
-57,24,37
-70,39,51
-78,73,77
-73,67,76
-59,23,39
-61,20,25
-78,72,34
-82,84,39
-53,48,23
-42,25,22
-34,7,24
-34,8,25
-33,16,25
-30,16,21
-23,10,13
-18,10,12
-12,13,21
-14,14,28
-34,22,39
-49,31,43
-73,49,40
-78,51,35
-76,29,25
-73,21,29
-71,21,41
-102,39,54
-96,59,53
-59,48,25
-47,18,17
-50,10,26
-52,33,39
-31,21,33
-26,-1,10
-18,-10,15
-16,-14,7
-21,-14,16
-22,-15,18
-41,-14,32
-55,-6,45
-63,19,64
-61,22,64
-65,13,59
-76,10,59
-87,17,57
-80,18,48
-70,20,41
-68,26,48
-50,26,54
-43,19,52
-37,25,51
-32,29,48
-24,13,26
-25,4,14
-28,12,12
-27,13,19
-25,8,21
-22,2,30
-23,2,36
-28,8,47
-31,15,53
-36,16,53
-41,11,49
-45,15,46
-42,17,48
-54,19,75
-50,44,94
-10,55,95
-9,25,78
-28,-5,43
-43,22,49
-47,48,57
-37,31,43
-20,12,24
-16,15,27
-8,13,37
-4,10,41
-6,12,43
-11,15,44
-24,23,48
-27,28,52
-32,33,63
-33,38,70
-26,42,73
-39,46,80
-42,61,82
-32,57,63
-29,42,43
-25,44,25
-29,42,30
-32,21,38
-33,11,36
-31,6,32
-29,12,37
-26,12,51
-24,8,53
-26,10,53
-27,13,52
-31,6,53
-35,3,59
-42,5,78
-44,9,84
-44,9,80
-47,7,76
-74,20,78
-79,26,75
-64,11,36
-62,5,5
-69,22,18
-58,21,12
-45,18,17
-37,19,22
-22,15,36
-18,9,40
-20,7,39
-28,6,33
-33,8,34
-51,21,38
-64,33,43
-78,35,21
-81,26,20
-89,30,24
-91,44,25
-79,56,28
-67,46,22
-55,20,12
-53,19,12
-45,26,16
-37,26,16
-29,23,18
-29,20,21
-26,14,30
-29,11,32
-39,0,40
-39,-5,42
-43,-25,46
-45,-28,49
-47,-25,58
-49,-32,61
-60,-43,68
-61,-53,75
-65,-40,79
-51,-32,78
-25,-21,52
-20,-21,44
-7,-16,50
-19,-49,19
-30,-51,7
-44,-48,-20
-34,-36,-10
-18,-9,-5
-22,-1,3
-37,-1,12
-55,-2,32
-68,17,83
-71,13,95
-61,-13,59
-57,-16,61
-68,-1,43
-82,11,48
-75,11,38
-66,-1,31
-51,4,20
-47,18,22
-38,32,30
-36,30,29
-26,13,24
-23,3,20
-25,-6,19
-30,-9,20
-43,7,34
-48,19,39
-59,31,47
-63,33,47
-73,27,42
-90,39,50
-87,51,49
-74,55,38
-84,48,32
-87,41,23
-67,39,11
-33,19,20
-26,5,28
-44,-25,16
-49,-35,-4
-23,-10,29
-22,7,29
-36,11,25
-39,9,24
-47,5,15
-44,2,21
-51,2,55
-57,9,77
-64,39,73
-47,31,60
-82,55,23
-82,59,36
-45,48,64
-33,20,34
-40,18,27
-46,23,32
-34,25,41
-22,20,35
-19,13,30
-22,14,25
-22,19,32
-25,14,33
-27,11,32
-44,19,41
-50,17,49
-48,6,57
-45,6,66
-27,3,86
-18,-13,68
-17,-9,94
-18,2,95
-1,20,96
15,29,80
13,1,64
1,5,62
-25,10,49
-25,10,39
-22,6,36
-20,4,39
-14,3,38
-9,-1,38
-13,1,41
-5,-1,41
0,-6,43
8,10,74
25,18,76
20,33,71
35,55,75
34,43,80
47,22,76
40,6,62
43,14,67
41,19,80
36,16,80
33,7,68
45,0,72
35,13,63
37,17,50
29,8,38
27,8,37
18,11,36
20,-8,33
18,-26,28
34,-23,26
27,-27,48
23,-18,50
8,-10,38
12,-18,30
29,-33,21
16,-33,39
1,-33,34
12,-47,16
14,-51,41
21,-83,35
24,-38,59
3,-9,79
12,-45,53
26,-47,38
19,-55,40
17,-63,18
28,-50,8
20,-52,12
17,-50,13
17,-40,11
13,-41,16
8,-46,18
11,-45,24
15,-57,35
11,-59,34
5,-49,28
10,-56,26
25,-70,26
21,-74,27
28,-84,25
35,-69,32
42,-31,32
44,-33,19
35,-61,18
30,-63,21
13,-51,12
9,-49,11
14,-47,17
18,-55,14
23,-56,5
27,-51,7
33,-55,13
29,-55,11
25,-61,4
26,-67,6
26,-82,9
24,-87,9
21,-84,24
26,-82,35
25,-76,27
18,-48,22
16,-39,16
17,-35,8
19,-48,10
16,-36,15
18,-23,13
19,-38,2
19,-41,0
23,-37,9
19,-45,17
32,-97,-6
43,-98,-23
48,-65,-18
47,-53,-12
53,-63,2
44,-84,14
45,-107,19
50,-92,16
38,-48,-2
34,-28,-5
25,-12,7
24,-28,5
22,-29,-5
19,-21,-3
17,-22,-5
15,-25,-10
18,-40,-10
33,-62,-5
35,-70,-10
45,-70,-18
52,-62,-20
56,-69,-10
48,-81,-12
38,-79,-3
41,-71,-9
35,-86,-17
31,-94,-31
25,-60,-14
20,-32,-11
6,-34,-13
2,-40,-15
4,-37,-12
1,-24,-9
1,-15,-10
0,-19,-7
4,-43,5
6,-58,2
23,-96,-9
27,-108,-10
31,-102,-2
25,-96,-4
29,-82,-6
42,-83,1
38,-91,-3
28,-79,-13
20,-36,-7
26,-17,8
23,-17,6
18,-25,-2
15,-27,-3
11,-29,-3
9,-32,-1
8,-50,6
13,-58,4
28,-61,11
32,-64,21
38,-95,16
35,-100,12
27,-80,15
26,-76,17
26,-81,20
29,-80,24
24,-67,22
22,-60,25
11,-58,19
7,-53,15
-1,-38,12
-4,-31,12
-1,-23,16
2,-25,20
6,-38,20
10,-46,19
11,-52,22
12,-53,25
30,-59,48
36,-80,37
33,-80,36
28,-56,44
32,-45,53
32,-47,62
30,-51,61
22,-66,41
25,-54,40
24,-32,42
21,-33,39
22,-32,27
23,-25,23
21,-13,23
19,-15,24
17,-29,25
17,-31,28
18,-32,38
20,-29,47
16,-35,65
15,-44,68
19,-58,64
13,-48,67
-3,-37,77
0,-40,79
-6,-30,91
-13,-27,84
-15,-31,56
-19,-29,50
-20,-15,49
-16,-15,42
0,1,33
-3,4,32
-23,9,33
-28,2,38
-29,-4,41
-26,-14,51
-29,-21,53
-36,-20,57
-33,-20,54
-22,-10,51
-24,-2,52
-26,-1,54
-23,-7,54
-33,-4,64
-43,5,66
-52,15,62
-50,13,66
-93,33,66
-92,30,58
-74,18,33
-58,15,29
-59,2,20
-85,-15,18
-64,-15,17
-60,11,22
-39,-1,30
-34,-8,29
-22,-4,31
-22,-6,28
-31,-13,7
-22,-11,58
-46,-29,38
-41,-31,29
-51,-14,27
-60,-11,32
-66,-16,31
-53,-23,33
-51,-24,35
-69,-17,35
-50,-21,34
-54,-5,41
-59,-9,39
-63,-32,32
-70,-20,35
-63,-7,37
-54,-14,26
-38,-27,12
-42,-26,13
-62,-14,17
-60,-19,22
-52,-26,36
-55,-23,40
-46,-19,40
-31,-22,39
-30,-38,28
-27,-36,26
-27,-35,44
-19,-43,40
-27,-27,40
-19,-27,43
14,-42,47
18,-29,64
19,-18,71
13,-15,65
7,-18,63
4,-28,68
3,-29,71
-5,-15,71
0,-3,69
3,4,62
1,-5,54
13,11,55
11,3,54
7,15,62
8,22,67
15,22,72
17,21,65
20,19,57
34,9,52
33,33,54
21,40,58
14,11,60
7,1,56
-17,9,57
-15,11,59
10,11,65
15,22,66
18,38,63
23,31,59
38,7,56
34,5,54
16,6,55
-7,-8,58
-5,-12,57
5,-4,57
9,1,63
18,2,65
21,1,63
26,2,55
27,4,51
25,9,55
25,8,57
29,8,60
31,10,62
39,9,53
41,22,55
33,25,52
48,57,54
50,20,42
26,9,48
26,22,47
30,25,45
37,21,45
43,19,45
46,6,44
47,4,45
46,18,46
44,22,46
45,20,47
47,18,45
42,15,44
39,14,45
32,20,47
34,22,49
38,22,50
39,18,54
35,17,54
28,11,51
27,6,51
29,9,54
31,13,53
33,14,55
34,14,56
40,18,58
39,17,56
30,8,51
26,4,51
18,8,54
16,12,57
21,12,55
25,8,53
34,5,56
38,8,59
38,17,59
31,19,58
15,15,55
15,10,55
26,6,58
31,9,57
31,15,60
27,15,59
12,5,55
3,-1,54
8,0,57
29,-2,61
33,3,64
26,7,59
21,3,58
23,-1,58
27,4,59
30,9,61
27,7,61
22,4,57
22,5,57
23,4,57
25,5,56
25,11,59
25,20,60
29,7,55
31,0,52
28,8,57
27,8,58
26,5,55
25,6,53
25,3,49
26,-1,50
28,-2,60
32,0,60
34,2,58
33,1,56
29,-6,53
33,-5,55
35,-2,56
31,-3,55
28,-3,52
25,-3,52
26,2,53
28,7,53
30,4,53
26,4,53
27,2,47
47,13,51
61,23,51
71,17,53
63,10,50
35,8,46
21,11,43
22,21,46
30,15,45
41,9,52
37,15,49
33,14,51
34,16,56
38,12,52
41,13,52
40,14,49
37,13,47
36,12,49
37,10,44
28,8,42
23,13,52
8,24,63
10,19,68
31,13,68
32,9,65
28,12,66
21,8,59
18,8,56
15,12,54
10,7,55
19,8,65
25,7,69
16,7,65
10,7,64
0,6,62
14,10,61
7,10,59
10,7,64
15,1,66
16,5,61
16,6,72
16,1,76
14,8,61
16,17,65
26,29,68
32,26,60
34,13,63
38,5,55
23,-8,55
1,13,45
-32,12,30
-52,-22,23
-81,-78,25
-54,-20,57
-31,10,31
-13,-16,55
-16,-27,45
-25,-49,36
-27,-52,39
-26,-50,42
-26,-48,46
-31,-44,46
-33,-39,48
-29,-26,57
-26,-21,58
-27,-10,48
-29,-2,46
-33,11,55
-32,11,58
-29,0,47
-33,-8,40
-39,-29,37
-42,-40,38
-40,-46,39
-29,-40,42
-25,-35,48
-24,-30,52
-27,-26,50
-28,-26,43
-34,-20,38
-34,-19,38
-45,-8,46
-65,0,42
-69,-6,42
-66,-27,43
-59,-47,40
-45,-68,21
-34,-68,20
-20,-45,29
-18,-32,36
0,-26,41
-14,-26,44
-42,-33,40
-45,-32,42
-28,-32,45
-11,-23,44
-33,-36,23
-67,-47,15
-41,-63,27
-45,-54,25
-23,-42,36
-22,-36,41
-34,-44,41
-33,-43,37
-32,-49,30
-28,-49,30
-24,-49,30
-26,-51,31
-28,-55,28
-26,-47,36
-12,-41,40
-7,-39,40
-20,-53,35
-19,-59,36
-16,-52,36
-41,-26,45
-27,-22,47
-36,-29,39
-37,-39,38
-42,-33,38
-45,-30,38
-45,-29,41
-51,-27,38
-48,-28,38
-50,-25,38
-47,-10,39
-43,-9,42
-52,-15,45
-43,-26,45
-36,-14,47
-33,-2,49
-39,-11,48
-36,-9,52
-35,-13,52
-39,-18,50
-34,-5,55
-34,-11,54
-38,-17,55
-31,-8,56
-33,-11,55
-34,-16,54
-32,-23,53
-27,-24,59
-14,-23,67
-10,-12,76
0,9,84
-27,2,54
-26,-3,52
-20,21,57
-25,27,55
-30,13,45
-30,10,44
-15,17,54
0,15,66
-24,-5,74
-42,-3,55
-37,-8,48
-25,10,56
-23,7,58
-26,-5,56
-26,1,59
-19,1,61
-18,15,61
-27,17,60
-19,17,56
-6,21,57
-14,13,66
-20,7,64
-19,17,57
-18,19,61
-27,17,58
-23,15,57
-22,19,58
-26,16,56
-22,10,55
-8,15,60
-12,17,62
-17,19,61
-19,11,60
-7,8,64
-4,12,61
-4,15,61
-3,10,68
-1,16,63
-6,22,65
-14,24,56
-17,22,55
-9,21,60
-6,24,60
-11,27,62
-12,21,60
-12,22,60
-15,19,57
-14,21,60
-15,21,59
-16,25,60
-14,25,61
-18,29,55
-23,30,52
-22,33,50
-21,31,51
-22,36,50
-20,33,50
-17,30,52
-11,34,62
-9,29,62
119,-67,43
-128,32,-75
-7,91,21
-34,12,84
10,65,67
-1,40,84
7,45,49
4,40,45
-1,40,50
-6,28,52
-21,16,53
-28,23,53
-34,20,48
-34,15,43
-59,21,36
-55,10,27
-44,-8,26
-43,-11,38
-35,-28,45
-25,-42,64
-25,-20,62
9,-33,82
-1,7,71
-1,0,69
-9,-3,67
-9,-5,65
-10,-7,63
-13,-4,67
-17,-6,65
-25,-15,56
-27,-17,53
-29,-20,51
-30,-20,51
-26,-21,53
-17,-6,65
-25,-15,56
-27,-17,53
-29,-20,51
-30,-20,51
-26,-21,53
-24,-18,54
-20,-16,58
-18,-15,58
-18,-18,58
-19,-21,57
-21,-22,59
-21,-21,58
-21,-21,54
-22,-21,52
-23,-17,55
-23,-16,54
-25,-11,54
-25,-9,54
-35,-7,55
-40,-6,58
-37,-6,49
-43,-4,50
-47,0,50
-49,-1,48
-43,-1,44
-42,-1,42
-36,-1,36
-36,4,34
-34,9,36
-31,20,41
-39,22,41
-54,20,33
-58,19,30
-57,21,23
-52,22,19
-44,26,16
-43,31,17
-47,37,13
-52,35,6
-65,33,-2
-68,32,-6
-78,32,-5
-84,34,-4
-94,32,-1
-98,32,2
-98,32,11
-95,30,13
-85,27,13
-78,26,10
-70,28,10
-67,35,17
-52,57,30
-43,68,32
-41,66,14
-46,43,-4
-53,10,-10
-51,29,9
-52,45,19
-47,64,23
-47,62,23
-48,47,15
-49,43,7
-47,38,5
-47,35,3
-48,33,2
-47,35,3
-46,36,4
-45,37,4
-42,40,6
-42,42,8
-46,43,9
-51,43,10
-53,43,13
-54,43,14
-57,41,14
-59,40,12
-58,36,10
-57,35,9
-58,33,7
-61,30,5
-69,22,0
-71,20,-5
-81,9,-14
-80,11,-12
-87,27,2
-92,18,-7
-88,26,-2
-79,34,2
-72,28,6
-66,22,8
-64,26,12
-61,26,15
-59,22,13
-50,25,17
-49,28,21
-50,23,26
-52,27,23
-35,30,25
-31,24,24
-27,23,31
-33,24,30
-41,25,37
-43,25,40
-46,14,32
-51,17,36
-46,33,46
-46,36,47
-34,6,-20
-34,45,28
-53,37,11
-58,30,26
-45,33,24
-45,32,23
-47,28,23
-47,34,29
-51,11,23
-53,20,36
-37,27,35
-46,22,33
-50,24,34
-52,26,41
-51,23,42
-35,26,36
-43,24,35
-44,21,36
-46,19,36
-49,15,45
-53,6,42
-45,12,39
-42,14,39
-31,-1,42
-46,-8,42
-58,-14,44
-59,-10,46
-55,-14,42
-55,-15,41
-39,-18,41
-40,-17,42
-43,-18,41
-43,-21,40
-41,-23,37
-42,-18,31
-47,-12,25
-54,-14,29
-56,-25,22
-47,-22,20
-38,-26,9
-41,-26,7
-45,-31,9
-54,-28,9
-63,-25,7
-82,-15,11
-88,-4,9
-75,4,-4
-56,-4,-7
-54,-2,-8
-68,1,-5
-84,-10,-3
-97,-1,-3
-89,8,-4
-82,13,-7
-77,21,-12
-81,24,-9
-86,23,-1
-85,14,1
-82,3,0
-78,1,-2
-80,2,-7
-84,4,-8
-91,6,-3
-90,2,0
-92,-1,-3
-86,0,-9
-76,1,-22
-72,1,-30
-74,-3,-33
-69,-4,-29
-66,-5,-25
-61,-5,-18
-60,-2,-14
-66,3,-16
-68,2,-18
-55,4,-26
-59,3,-26
-58,-1,-21
-57,-5,-17
-67,-10,-13
-63,-11,-10
-59,-13,-6
-53,-19,-8
-48,-29,-15
-52,-23,-15
-64,-16,-14
-72,-11,-12
-73,1,-6
-77,3,2
-76,-1,10
-83,-7,15
-80,-14,15
-78,-13,15
-70,-7,12
-67,-2,9
-67,1,8
-69,-1,8
-79,5,6
-84,5,-5
-87,4,-6
-85,5,2
-92,6,5
-92,5,-4
-84,4,-9
-71,-7,-7
-77,-5,-4
-75,-1,4
-72,0,8
-69,4,8
-67,4,9
-60,-2,16
-59,0,18
-55,-5,24
-60,-7,26
-60,-8,27
-55,-10,28
-56,-8,33
-62,-4,33
-68,-9,23
-59,-3,22
-41,5,36
-44,6,39
-53,1,34
-49,-4,31
-35,-21,35
-30,-20,37
-30,-15,39
-28,-10,38
-27,-1,39
-28,-2,39
-32,-2,39
-34,-10,40
-35,-11,44
-43,-9,47
-44,-7,43
-45,2,38
-45,-2,40
-56,6,37
-57,8,34
-49,8,55
-45,-1,50
-68,1,39
-63,-9,26
-32,-28,34
-36,-4,37
-56,-36,46
-39,-25,36
-55,-12,38
-50,-20,41
-33,-21,51
-48,-18,51
-45,-6,44
-39,-8,48
-32,-22,41
-36,-16,38
-39,-26,28
-38,-27,31
-46,-22,42
-31,-44,51
-14,-25,-9
-60,27,61
-38,9,84
7,-34,39
2,-12,67
-33,26,89
-30,16,88
9,-33,54
5,-18,62
-15,8,79
-6,-12,62
-9,-11,64
-18,7,76
3,-17,53
16,-20,67
8,-4,69
11,-6,63
8,0,66
19,-3,66
43,-13,60
50,-13,62
52,-2,50
43,0,38
39,-12,25
61,-19,17
84,40,34
65,64,38
52,12,56
49,7,39
45,2,27
49,9,35
54,12,38
58,6,35
58,2,32
54,-9,26
53,-9,30
49,-7,32
47,-11,30
48,-15,36
51,-17,42
55,-17,49
54,-18,43
58,-23,26
59,-21,27
66,-7,27
69,-4,34
67,0,31
61,2,18
59,12,19
71,3,16
61,9,28
56,4,19
46,9,11
44,10,15
45,10,22
47,10,22
58,6,29
59,7,31
58,5,33
57,7,31
56,13,23
57,13,21
66,9,21
75,4,13
69,7,5
63,-3,4
65,-5,10
63,11,14
62,14,9
53,17,-12
47,14,-15
51,7,-13
57,7,-9
64,10,0
65,9,-4
64,8,-7
64,6,-9
63,1,3
64,7,11
69,26,18
72,24,15
78,9,14
80,6,17
93,1,3
90,10,9
83,4,25
84,-7,19
80,-4,-5
80,2,-13
79,13,-14
84,4,-4
88,-2,4
80,6,-6
76,7,-6
67,9,-5
60,9,-5
46,12,-4
43,14,-4
36,20,2
34,23,0
35,21,-5
36,21,-2
49,25,5
55,26,-1
69,13,-8
82,3,3
95,3,29
93,8,31
76,14,15
69,11,9
70,1,15
71,-5,23
60,-2,14
57,-3,11
60,1,20
65,1,28
71,-1,36
63,3,31
61,7,28
62,10,26
67,16,24
67,14,26
64,14,26
58,14,15
59,10,10
67,3,18
71,3,32
75,-3,26
76,-6,20
74,0,16
76,1,22
78,-6,27
74,-6,23
65,-1,15
61,1,14
54,4,14
51,5,15
50,5,21
49,7,25
47,16,31
46,16,31
44,17,28
45,19,30
50,22,37
51,24,36
47,31,31
44,32,33
56,22,35
63,20,36
71,16,41
69,16,32
50,19,24
40,18,20
40,14,22
43,9,26
47,11,30
52,16,43
52,18,48
50,17,47
48,18,47
44,23,48
40,27,50
38,30,50
39,28,52
35,25,55
29,24,49
30,24,43
44,27,47
63,32,53
63,26,56
47,22,30
39,24,22
38,38,37
38,41,43
28,34,30
25,30,22
21,39,37
15,45,39
17,29,23
19,35,26
19,54,43
12,47,20
13,39,13
12,51,13
8,65,15
14,45,3
18,45,-4
24,67,-2
32,64,4
38,63,5
38,65,-3
38,72,-2
35,73,-3
30,65,-2
16,77,-21
4,51,1
48,114,-5
8,64,0
8,68,2
-3,62,-4
-1,64,0
1,65,2
0,64,2
1,65,3
1,65,3
0,64,2
1,65,3
1,65,3
0,64,3
1,65,2
0,65,3
0,65,2
1,65,2
0,64,3
0,65,3
0,65,3
0,65,3
0,65,5
2,65,3
0,66,4
-2,63,2
0,67,3
1,65,3
0,64,3
0,66,3
0,64,3
1,65,2
1,65,2
0,65,3
1,65,3
1,64,3
1,65,3
0,65,3
0,65,3
1,65,2
1,65,2
0,65,3
0,65,3
1,65,3
1,65,3
0,65,3
0,65,3
1,64,3
1,64,3
0,65,3
1,65,3
1,64,3
0,64,3
1,65,3
1,65,3
0,64,2
1,65,3
1,65,3
1,65,3
1,65,3
1,64,3
1,65,3
1,65,3
1,65,3
0,65,3
1,65,3
1,65,3
1,65,2
1,65,3
0,65,3
0,65,3
1,65,3
1,65,3
0,65,2
1,65,3
0,65,3
1,65,2
1,65,3
1,65,3
0,65,3
0,65,2
1,65,3
1,65,3
1,65,2
1,65,3
1,65,3
0,65,2
1,65,3
1,65,3
0,65,3
0,65,2
1,65,3
0,65,3
1,65,3
1,64,3
1,65,3
1,65,2
1,65,3
1,65,3
1,64,2
1,65,2
1,65,3
1,65,3
1,64,3
1,65,3
1,65,3
1,65,2
1,65,3
0,65,3
0,65,3
1,65,3
1,65,3
0,65,3
1,65,3
1,65,3
1,65,3
1,65,3
1,65,3
0,65,3
1,65,3
1,64,3
1,65,3
1,65,3
1,64,3
0,65,3
0,65,3
1,65,3
1,65,3
1,65,3
1,65,3
1,65,3
1,65,3
1,65,3
1,65,3
1,65,3
1,65,3
1,65,3
0,65,3
0,65,3
1,65,3
1,65,3
1,65,3
1,65,3
1,65,3
1,65,3
1,65,3
0,65,3
1,65,3
1,65,3
1,65,3
1,65,3
1,65,2
1,65,3
1,65,3
1,65,3
1,65,3
1,65,3
0,65,3
1,65,3
1,65,3
1,65,3
0,65,3
1,65,3
1,65,3
1,65,3
0,65,3
1,65,3
1,65,3
1,65,3
1,65,3
1,65,3
1,65,3
1,65,3
1,65,3
0,65,3
1,65,3
1,65,3
0,65,3
1,65,3
1,65,3
1,65,3
1,65,3
1,65,3
1,65,3
1,65,3
1,65,3
0,65,3
1,65,3
1,65,3
1,65,3
1,65,3
1,65,3
0,65,3
1,64,3
1,64,3
1,65,3
1,65,3
1,65,3
1,65,3
1,65,3
1,65,3
1,65,3
0,65,3
1,65,3
1,65,3
1,65,3
0,65,3
1,65,3
1,65,3
1,65,3
1,65,3
0,65,3
1,64,3
1,64,3
1,65,3
0,65,3
0,64,3
3,62,1
1,66,3
1,65,3
1,64,3
0,64,3
0,66,3
1,64,3
1,65,3
1,65,3
1,64,2
1,65,3
1,65,3
1,64,3
1,64,3
0,65,3
0,65,3
0,65,3
0,65,3
1,65,3
1,65,3
1,65,3
1,65,3
1,64,3
1,65,3
1,65,3
1,65,3
1,65,3
1,65,3
1,65,3
1,65,3
1,65,2
1,65,3
1,65,3
0,65,2
1,65,3
1,64,3
0,65,3
1,65,3
1,64,3
0,64,3
1,65,3
1,65,3
1,65,3
1,65,3
1,65,3
1,65,3
1,65,3
1,65,3
1,65,3
1,65,3
1,65,3
0,65,3
1,65,3
1,65,3
1,64,3
1,65,3
1,64,3
0,65,3
1,65,3
1,64,3
0,64,3
1,65,2
0,65,3
1,64,3
1,64,3
1,65,3
1,65,3
1,64,3
1,64,3
1,65,3
1,65,3
0,65,3
1,65,3
1,65,3
1,65,3
1,65,3
0,65,3
1,65,2
1,65,3
1,65,3
1,65,3
1,65,3
1,65,3
0,65,3
1,65,3
1,65,3
1,65,3
1,65,3
1,65,3
1,65,3
1,65,3
1,65,3
1,65,3
0,65,3
0,65,3
1,65,3
1,65,3
1,65,3
1,65,3
1,65,3
1,65,3
0,65,3
1,65,3
1,65,2
1,65,3
1,65,3
1,65,3
1,65,3
1,65,3
0,65,3
0,65,3
0,65,3
0,65,3
1,65,3
0,64,3
1,65,3
1,65,3
1,64,3
1,64,3
1,65,3
1,65,3
0,64,3
1,64,3
0,65,3
1,65,3
1,65,3
1,65,3
0,65,3
1,65,3
1,65,3
1,65,3
0,65,3
1,65,3
1,65,3
1,65,3
1,65,3
1,65,3
1,65,3
0,65,3
1,65,2
1,65,3
1,65,3
1,65,3
1,65,3
0,65,2
0,65,3
0,65,3
1,65,3
1,65,3
0,65,3
1,65,3
1,65,2
1,65,3
0,64,3
0,65,3
1,65,3
1,65,3
1,65,3
1,65,3
1,65,3
1,65,3
0,65,3
1,65,3
1,65,3
1,65,3
1,65,3
0,65,3
1,65,3
1,65,2
1,65,3
0,65,3
1,65,3
1,65,3
1,65,3
1,65,3
1,65,3
1,65,3
1,65,3
1,65,3
1,65,3
1,65,3
1,65,3
1,65,3
1,65,3
0,65,3
1,65,3
1,65,3
1,65,3
1,65,3
1,65,3
1,65,3
0,65,3
1,65,3
1,65,3
1,65,3
1,65,3
0,65,3
1,64,3
1,65,3
1,65,3
1,65,3
1,65,3
0,65,3
1,65,3
0,65,3
1,65,3
1,65,3
1,65,3
1,65,3
1,65,3
1,65,3
1,65,3
1,65,3
1,65,3
1,65,3
1,65,3
1,65,3
1,65,3
1,65,3
1,65,3
1,65,3
1,65,3
1,65,3
1,65,3
1,65,3
1,65,3
1,65,3
1,65,3
1,65,3
0,65,3
1,65,3
1,65,3
1,65,3
1,65,3
1,64,3
1,65,3
0,65,3
1,65,3
0,65,3
1,65,3
1,65,3
1,65,3
1,65,3
1,65,3
1,65,3
1,65,3
0,65,3
1,65,3
1,65,3
1,65,3
1,65,3
1,65,3
1,65,3
1,65,3
1,65,3
1,64,3
1,65,3
0,65,3
1,65,3
1,65,3
0,65,3
1,65,3
1,65,3
1,65,3
1,65,3
1,64,2
1,65,2
1,65,3
1,64,3
1,65,3
1,65,3
1,65,3
1,65,3
1,65,3
0,65,3
1,65,3
1,65,3
1,65,3
1,65,3
1,65,3
1,65,3
1,65,3
1,65,3
1,65,3
0,65,3
1,64,3
1,65,3
0,65,3
1,64,3
1,65,3
1,65,3
1,65,3
1,65,3
1,64,3
1,65,3
0,65,3
1,65,3
1,64,3
1,65,3
1,65,3
0,65,3
1,65,3
1,65,3
0,65,3
1,65,3
1,65,3
1,65,3
1,65,3
1,65,3
0,64,3
1,65,3
1,65,3
1,65,3
1,65,3
1,65,3
1,65,3
1,65,3
1,65,3
1,65,3
1,65,3
1,64,3
1,65,3
1,65,3
1,64,3
1,65,3
1,65,3
1,65,3
1,65,3
1,65,3
1,65,3
1,65,3
1,65,3
1,65,3
1,65,3
1,65,3
0,65,3
1,65,3
1,64,3
1,65,3
1,65,3
1,65,3
1,65,3
1,65,3
1,65,3
1,65,3
1,65,3
1,65,3
1,65,3
1,65,3
0,65,3
1,65,3
0,65,3
1,65,3
1,65,3
1,65,3
1,65,3
1,65,3
1,65,3
1,64,3
1,65,3
1,65,3
1,65,3
1,65,3
1,65,3
1,65,3
1,65,3
1,65,3
1,65,3
1,65,3
1,65,3
1,65,3
1,65,3
1,65,3
1,65,3
1,65,3
1,65,3
1,65,3
1,65,3
1,65,3
1,65,3
1,64,3
1,65,3
1,65,3
1,65,3
0,65,3
0,65,3
1,65,3
1,65,3
1,65,3
1,65,3
1,65,3
1,65,3
0,65,3
1,65,3
1,64,3
1,64,3
1,65,3
1,65,3
0,64,3
1,65,3
1,65,3
1,65,3
1,65,3
1,65,3
1,65,3
1,65,3
1,64,3
1,65,3
1,65,3
1,65,3
1,65,3
1,65,3
1,65,3
1,65,3
1,65,3
0,65,3
1,65,3
1,65,3
1,65,3
1,65,3
1,65,3
1,65,3
1,65,3
1,65,3
0,65,3
1,65,3
1,65,3
1,65,3
1,65,3
1,65,2
0,65,3
1,65,3
1,64,3
1,64,3
1,65,3
1,65,3
1,64,3
1,65,3
1,65,3
0,65,3
1,64,3
1,65,3
1,65,3
1,65,3
0,65,3
1,65,3
1,65,3
0,65,3
1,65,3
1,65,3
1,65,3
1,65,3
1,64,3
1,64,3
1,65,3
1,65,3
1,64,3
1,64,3
1,65,3
1,65,3
1,65,3
1,65,3
1,65,3
0,65,3
1,65,3
1,65,3
1,65,3
1,65,3
1,65,3
1,65,3
1,65,3
1,64,3
1,65,3
0,65,3
1,65,3
0,65,3
0,65,3
1,64,3
1,64,3
0,65,3
1,65,3
1,64,3
0,65,3
1,65,2
0,65,3
1,65,3
1,65,3
1,65,3
1,65,3
0,65,3
1,65,3
1,65,3
1,65,3
1,65,3
1,65,3
1,65,3
1,64,3
1,64,3
0,65,3
1,65,3
1,64,3
1,65,3
1,65,3
1,65,3
0,65,3
1,65,3
1,64,3
1,64,3
1,65,3
1,65,3
1,64,2
1,64,3
1,65,3
1,64,3
1,65,3
1,64,3
1,65,3
1,65,3
0,64,3
1,65,3
1,65,3
1,65,3
1,65,3
0,65,3
1,65,3
1,65,3
1,65,3
1,64,3
1,65,3
1,65,3
1,65,3
1,65,3
1,65,3
1,65,3
1,65,3
1,65,3
1,65,3
1,65,3
1,65,3
1,65,3
1,65,3
1,65,3
1,64,3
1,65,3
1,65,3
1,65,3
0,65,3
0,65,3
1,65,3
0,65,3
1,65,3
1,65,2
1,65,3
1,65,3
1,65,3
1,65,3
1,65,3
1,65,3
1,65,3
1,65,3
0,65,3
1,65,3
1,65,3
1,65,3
1,65,3
1,65,3
1,65,3
0,65,3
0,65,3
1,65,3
1,65,3
1,65,3
1,65,3
1,64,2
1,65,3
1,65,3
1,65,3
1,65,3
1,64,3
1,65,3
1,65,3
1,65,3
1,65,3
1,65,3
1,65,3
1,65,3
1,65,3
1,65,3
1,65,3
1,65,3
1,65,3
1,65,3
1,65,3
1,65,3
1,65,3
1,65,3
1,65,3
1,65,3
1,65,3
1,65,3
1,65,3
1,65,3
1,65,3
1,65,3
1,65,3
1,65,3
0,65,3
1,65,3
1,65,3
1,65,3
1,65,3
1,65,3
1,65,3
1,65,3
1,65,3
1,64,3
1,65,3
1,64,3
0,65,3
1,65,3
0,65,3
1,65,3
1,65,3
1,65,3
1,65,3
1,65,3
1,65,3
1,65,3
0,65,3
1,65,3
1,65,3
1,65,3
1,65,3
1,64,3
1,65,3
1,65,3
1,65,3
1,64,3
1,65,3
1,65,3
1,65,3
1,65,3
1,65,3
0,65,3
0,65,3
1,65,3
1,65,3
1,65,2
1,65,3
1,65,3
1,65,3
0,65,3
1,65,3
1,65,3
0,65,3
0,65,3
1,65,3
1,65,3
1,65,3
0,65,3
1,65,2
1,65,3
0,65,3
1,65,3
1,65,3
0,65,3
0,64,3
1,65,3
0,65,3
1,65,3
1,65,3
1,65,3
1,65,3
1,65,2
1,65,3
0,65,3
1,65,3
1,65,3
1,65,3
1,65,3
1,65,3
1,64,3
1,65,3
1,65,3
1,65,3
1,65,3
1,65,3
1,65,3
1,64,3
1,65,3
0,65,3
1,65,3
1,65,3
1,65,3
1,65,3
0,65,3
1,65,3
1,65,3
1,65,3
1,65,3
1,64,3
1,65,3
1,65,3
1,65,3
1,65,3
1,65,3
1,65,3
1,65,3
0,65,3
1,65,3
1,65,3
1,65,3
1,65,2
1,65,3
1,65,3
0,65,3
1,65,2
1,65,3
1,65,3
1,65,3
1,65,3
1,65,3
1,65,3
1,65,3
1,65,3
1,65,3
1,65,3
1,65,3
1,65,3
0,64,3
1,65,3
1,65,3
1,65,3
0,65,3
1,65,3
0,65,3
1,65,3
1,65,3
1,65,3
1,65,3
1,65,3
1,65,3
1,65,3
0,65,3
1,65,3
1,65,3
1,65,3
0,65,3
1,65,3
1,65,2
1,65,3
1,64,3
1,65,3
1,65,3
1,65,3
0,65,3
1,65,3
1,65,3
1,65,3
1,65,3
0,65,3
0,65,3
1,65,3
0,65,3
1,65,3
1,64,3
0,65,3
0,65,3
1,65,3
1,65,3
1,65,3
0,65,3
1,65,3
1,65,3
1,65,3
1,65,3
1,65,3
0,65,2
1,65,3
1,65,3
1,65,3
1,65,3
0,64,3
1,64,2
1,67,3
-1,64,4
2,65,2
3,66,2
-1,64,4
0,64,3
2,65,2
1,64,3
1,65,3
1,64,3
1,64,3
1,65,3
0,64,3
1,65,3
1,65,3
1,65,3
1,65,3
1,64,3
1,65,3
1,65,3
1,65,3
1,65,2
1,65,3
1,65,3
1,65,3
1,65,3
1,65,3
0,65,3
1,65,3
1,65,3
0,65,3
1,65,3
1,65,3
0,65,3
1,65,3
1,65,3
1,64,3
0,65,3
1,65,3
1,64,3
1,65,3
0,65,3
1,65,3
1,65,2
0,65,3
0,65,3
1,65,2
1,64,2
1,65,3
1,65,3
1,64,3
1,65,2
0,65,3
0,64,3
1,65,2
1,65,3
1,65,3
1,65,3
0,65,3
1,64,3
1,65,3
1,64,3
1,65,3
0,65,3
1,65,3
1,65,3
1,65,3
1,65,3
1,65,3
0,65,3
0,65,3
1,65,3
1,65,3
0,65,3
0,64,3
1,65,3
1,65,3
1,65,3
1,65,3
1,64,3
1,65,3
1,65,3
1,65,3
1,65,3
1,65,3
1,64,3
1,65,3
1,65,3
1,65,3
1,65,3
1,65,3
1,65,3
1,65,3
1,65,2
1,65,3
1,65,3
1,64,3
1,65,3
1,65,3
1,65,3
1,65,3
1,65,3
0,65,3
1,65,3
1,65,3
1,65,3
1,65,3
1,65,3
1,65,3
1,64,3
1,65,3
1,64,3
1,65,3
1,65,3
1,65,3
1,65,3
1,65,3
1,65,3
1,65,3
1,65,3
1,65,3
1,65,3
1,65,3
1,64,3
1,65,3
0,65,3
1,65,2
1,65,3
1,65,3
1,65,3
1,65,3
1,65,3
1,65,3
1,65,3
1,65,3
1,65,3
1,65,3
1,65,3
1,65,3
1,65,3
1,65,3
1,65,3
1,65,3
1,65,3
1,65,3
1,65,3
1,65,3
1,65,3
0,65,3
1,65,3
1,65,3
1,65,3
1,65,3
1,65,3
1,65,3
1,65,3
1,65,3
0,65,3
1,65,3
1,65,3
1,65,3
1,65,3
1,65,3
1,65,3
1,65,3
1,65,3
1,64,3
1,65,3
1,65,3
1,65,3
1,65,3
1,65,3
1,65,3
1,65,3
1,65,3
1,65,3
1,65,3
1,65,3
1,65,3
1,65,3
1,65,3
1,65,3
1,65,3
1,65,3
1,64,3
1,65,3
1,65,3
1,65,3
1,65,3
1,64,3
1,65,3
1,65,3
1,65,3
1,65,3
1,65,2
1,65,3
1,65,3
1,65,3
1,65,3
1,65,3
1,65,3
1,65,3
1,65,3
1,65,3
1,65,3
1,65,3
1,65,3
1,65,3
1,64,3
1,65,3
0,65,3
1,65,3
1,65,3
1,65,3
1,64,3
1,65,3
1,64,3
1,65,3
1,65,3
1,65,3
1,65,3
1,65,3
1,65,3
1,65,3
1,65,3
1,65,3
1,65,2
1,65,3
1,65,3
1,65,3
1,65,3
1,65,3
1,65,3
1,65,3
1,65,3
1,65,2
1,65,3
1,65,3
0,65,3
1,65,3
1,65,3
1,65,3
1,65,2
1,65,3
1,65,3
1,65,3
1,65,3
1,65,3
1,65,3
1,65,3
1,65,3
1,65,3
1,65,3
1,65,3
1,65,3
1,65,3
1,65,3
1,65,3
1,65,3
1,65,3
1,64,3
1,65,3
1,65,3
1,65,3
1,65,3
1,65,3
1,65,3
1,65,3
1,65,3
1,65,3
1,65,3
1,65,3
1,65,3
1,65,3
1,65,3
1,65,3
1,65,3
1,65,3
1,65,3
1,65,3
1,65,3
1,65,3
1,65,3
1,65,3
1,65,3
1,65,3
1,65,3
1,65,3
1,65,3
0,65,3
1,65,3
1,65,3
1,65,3
1,65,3
1,65,3
1,65,3
1,65,3
1,65,3
1,65,3
1,65,3
1,65,3
1,65,3
0,65,3
1,65,3
1,65,3
1,65,2
1,65,3
1,65,3
1,65,3
1,65,3
1,65,3
1,65,3
1,65,3
1,65,3
1,65,3
1,65,3
1,65,3
1,65,3
1,65,3
1,65,3
1,65,3
1,65,3
1,65,3
1,65,3
1,65,3
1,65,3
1,65,2
1,65,3
1,65,3
0,65,2
1,65,3
1,65,3
1,65,3
1,65,3
1,65,3
1,65,3
1,65,3
1,65,3
1,65,3
1,65,3
1,65,3
1,65,3
1,65,3
1,65,3
1,65,3
1,65,3
1,64,3
1,65,3
1,65,3
1,65,3
1,65,3
1,65,3
1,65,3
1,64,3
1,65,3
1,65,3
1,65,3
1,65,3
1,65,3
1,64,3
1,65,3
1,65,3
1,65,3
1,65,3
1,64,3
1,65,3
1,65,3
1,65,3
1,65,3
1,65,3
1,65,3
1,65,3
1,65,3
1,65,3
1,65,3
1,65,3
1,65,3
1,65,3
1,65,3
1,65,3
1,65,3
1,65,3
1,65,3
1,65,3
1,65,3
1,65,3
1,64,3
1,65,2
1,65,3
1,65,3
1,65,3
1,65,3
0,65,3
1,65,3
1,65,2
1,65,3
1,65,3
1,65,3
1,65,3
1,65,3
1,65,3
1,65,3
1,65,3
1,65,3
1,65,3
1,65,3
1,65,3
1,65,3
1,65,3
1,65,3
1,65,3
1,65,2
1,65,3
1,65,3
1,65,3
1,65,2
1,65,3
1,65,3
1,65,3
1,65,3
1,65,3
1,65,3
1,65,3
1,65,3
1,65,3
1,65,3
1,65,3
1,65,3
1,65,3
1,65,3
1,65,3
1,65,3
1,65,3
1,65,3
1,65,3
1,65,3
1,64,3
1,65,3
1,65,3
1,64,3
1,65,3
1,65,3
1,65,3
1,65,3
1,65,3
1,65,3
1,65,3
1,65,3
1,65,3
1,65,3
1,65,3
1,65,3
1,65,3
1,65,3
1,65,3
1,65,3
1,65,3
1,65,3
1,65,3
1,65,3
1,65,3
1,65,2
1,65,3
1,65,3
1,65,2
1,64,3
1,65,3
1,65,3
1,65,3
1,65,3
1,65,3
1,65,3
1,65,3
1,65,3
1,65,3
1,65,3
1,65,3
1,65,3
1,65,3
1,65,3
1,64,3
1,65,3
1,65,3
1,65,3
1,64,3
1,65,3
1,65,3
1,65,3
1,65,3
0,65,3
0,64,3
1,65,3
1,65,3
1,65,3
1,65,3
1,65,3
1,65,3
1,65,3
1,65,3
1,65,3
1,65,2
1,65,2
1,65,3
1,64,3
1,65,3
0,65,3
1,64,3
1,64,3
1,65,3
1,65,3
1,65,3
1,65,3
1,65,3
1,65,3
1,65,3
1,65,3
1,64,3
1,64,3
1,65,3
1,65,3
1,65,3
1,65,3
1,65,2
1,64,3
1,64,3
1,65,3
1,65,3
0,64,3
1,64,3
1,65,3
1,65,3
1,65,3
1,65,3
1,65,3
1,65,3
1,65,3
1,65,3
1,65,2
1,65,3
1,64,3
1,65,3
1,65,3
1,64,3
1,65,3
1,65,3
1,64,3
1,64,3
1,65,3
1,65,3
1,64,3
1,64,3
1,65,3
1,65,3
1,65,3
1,65,3
1,65,3
1,65,3
1,65,3
0,65,3
1,65,3
1,65,3
1,65,3
1,65,3
1,65,3
1,65,3
1,65,2
1,65,3
1,65,3
1,65,3
1,65,3
1,64,3
1,64,3
1,65,3
1,65,3
1,65,3
1,65,3
1,65,2
1,65,3
1,65,3
1,64,3
1,65,3
1,65,3
1,65,3
1,64,3
1,64,3
1,65,3
1,65,3
1,65,3
1,65,3
1,65,3
1,64,3
1,65,3
1,65,3
1,65,3
1,65,2
1,65,3
1,65,3
1,65,3
1,65,3
1,65,3
1,65,3
1,65,3
1,65,3
1,65,3
1,65,2
1,65,3
1,65,3
0,65,3
1,65,3
1,65,3
1,65,3
1,65,3
1,65,3
1,65,3
1,65,3
1,65,3
1,65,3
1,65,3
1,65,3
1,65,3
1,65,3
1,65,3
1,65,3
1,65,3
1,65,2
1,64,3
1,65,3
1,65,3
1,65,3
1,64,3
1,65,3
1,65,3
1,65,3
1,65,3
1,65,3
1,65,3
1,65,3
1,65,3
1,65,2
1,65,3
1,65,3
1,65,3
1,65,3
1,65,3
1,65,3
1,65,3
1,65,3
1,65,3
1,64,3
1,65,3
1,65,3
1,64,3
1,65,3
1,65,3
1,65,3
1,65,3
1,65,3
1,64,3
1,65,3
1,64,3
1,65,3
1,65,3
1,65,3
1,65,3
1,65,3
1,65,3
1,65,3
1,65,3
1,65,3
1,65,3
1,65,3
1,65,3
1,65,2
1,65,3
1,65,3
1,65,3
1,65,2
1,65,3
1,65,3
1,65,3
1,65,3
1,65,3
1,65,3
0,65,3
1,65,3
1,64,3
1,65,3
1,65,3
1,65,3
1,65,2
1,65,3
1,64,3
1,65,3
1,65,2
1,65,3
1,65,3
1,65,3
1,65,3
1,65,2
1,65,2
1,64,3
1,65,3
1,64,3
1,65,3
1,65,3
1,65,3
1,64,3
1,65,3
1,65,3
1,65,3
1,65,3
1,65,3
1,65,3
1,65,3
1,65,3
1,65,3
1,65,3
1,65,3
1,64,3
1,65,3
1,65,3
1,65,3
1,64,2
1,65,2
1,65,3
1,65,3
1,65,3
1,65,3
1,65,3
1,65,3
1,65,3
1,65,3
1,65,3
1,65,3
1,65,3
1,65,3
1,64,3
1,65,3
1,65,2
1,65,3
1,64,3
1,64,3
1,65,3
1,65,3
1,65,3
1,65,3
1,65,3
1,65,3
1,65,3
1,65,3
1,65,3
1,65,3
1,65,3
1,65,3
1,65,3
1,65,3
1,65,3
1,65,3
1,65,3
0,65,3
1,65,3
1,65,3
1,65,3
1,65,3
1,65,3
1,65,3
1,65,3
1,65,3
1,64,3
1,65,3
1,65,3
1,65,3
1,65,3
1,65,3
1,65,3
1,64,3
1,65,3
1,65,3
1,65,3
1,65,3
1,65,3
1,65,3
1,65,3
0,64,3
1,65,2
1,65,2
1,64,3
1,65,3
1,65,3
1,65,3
1,65,3
1,65,3
1,65,3
0,65,3
1,65,3
1,65,3
1,65,3
1,65,3
0,65,3
1,65,3
1,65,3
1,65,3
1,65,2
0,64,3
1,64,3
1,65,2
0,64,3
1,64,3
1,65,3
1,65,2
1,65,3
1,64,3
1,64,3
1,65,3
1,64,3
1,65,3
1,65,3
1,64,3
1,65,3
0,64,3
1,64,3
1,65,2
0,64,3
1,65,3
1,65,3
0,65,3
1,65,3
1,64,2
1,65,2
1,65,3
1,65,3
0,65,3
1,65,3
1,65,3
1,65,3
1,65,3
1,65,3
1,64,3
1,65,3
1,65,3
1,65,3
1,65,3
1,64,3
1,65,3
1,64,3
1,65,2
1,65,3
1,65,3
1,65,3
1,64,3
1,64,3
1,65,3
1,65,3
1,64,3
1,65,3
1,65,3
1,65,3
1,65,2
1,65,3
1,65,3
1,65,3
1,65,3
1,65,3
1,65,3
1,65,3
1,65,3
1,65,3
1,65,2
1,65,3
1,65,3
1,64,3
1,65,3
1,65,3
1,65,3
1,64,3
1,65,3
1,65,3
1,65,3
1,64,3
1,65,3
0,65,3
1,65,3
1,65,3
1,65,3
1,65,3
1,65,2
1,65,3
1,65,3
1,65,3
1,65,3
1,65,2
1,65,3
0,65,3
1,65,3
1,65,3
1,65,3
0,65,3
1,65,3
1,65,3
1,65,3
1,64,3
1,65,3
1,64,3
1,65,3
1,65,3
1,64,3
1,65,3
1,65,3
1,65,3
1,65,3
0,65,3
1,65,3
1,65,3
1,65,3
1,65,3
1,65,3
1,65,3
1,65,3
1,65,3
1,65,3
1,65,3
1,64,3
1,65,3
1,65,3
1,64,3
1,65,3
1,65,3
1,65,3
1,65,3
1,65,3
1,65,3
1,65,3
1,65,3
1,65,3
1,65,3
1,65,3
1,65,3
1,65,3
1,65,3
0,65,3
1,65,3
1,65,3
1,65,3
1,65,3
1,65,3
1,65,3
1,65,3
1,65,3
1,65,3
1,65,3
1,65,3
1,65,3
1,64,3
1,65,2
1,65,3
1,65,3
1,65,3
1,65,2
1,65,3
1,65,3
1,64,2
1,65,3
1,65,3
1,64,3
1,65,3
1,64,3
1,65,3
1,65,3
0,65,3
1,65,3
1,64,3
1,65,3
0,65,3
1,65,3
1,65,3
1,65,3
1,65,3
1,65,3
0,65,3
1,65,2
1,65,3
1,65,3
1,65,3
1,65,3
1,65,3
1,65,3
0,65,3
5,79,3
-2,67,7
-48,93,2
15,83,5
36,106,17
22,99,28
29,72,32
24,54,35
19,25,31
15,19,35
5,29,27
7,27,43
0,22,41
-4,21,36
0,32,47
6,41,60
18,-2,65
20,3,67
15,-2,59
-3,-3,54
14,28,65
16,24,69
12,-9,58
15,-38,69
22,0,61
20,7,50
19,10,48
25,-28,73
27,4,68
37,6,84
22,-9,69
25,-8,74
14,-21,51
16,-8,66
10,-9,62
1,38,35
2,64,18
17,7,58
12,19,56
3,15,57
1,23,53
3,23,60
-1,23,62
4,20,60
3,23,60
1,20,62
-4,24,62
-3,21,64
-2,17,57
-2,17,58
4,13,64
3,9,61
1,11,60
4,8,63
1,9,66
-1,10,64
2,9,58
1,12,64
2,12,63
3,14,66
-3,14,61
-4,16,61
-1,10,60
0,9,61
-1,7,62
-2,7,64
-5,8,66
-4,7,67
-5,7,66
-5,6,66
-6,5,64
-6,5,65
-6,5,64
-6,5,64
-5,4,64
-8,5,63
-5,3,63
-7,5,65
-8,5,66
-7,5,66
-7,6,65
-6,5,64
