1672590292.000000, 1672590292.000000, 1672590292.000000
32.000000, 32.000000, 32.000000
-23,-8,59
-23,-8,59
-22,-8,60
-22,-8,60
-23,-8,60
-22,-8,60
-22,-8,60
-23,-8,60
-22,-8,60
-22,-8,60
-23,-8,59
-23,-8,60
-23,-8,60
-23,-8,60
-22,-8,60
-22,-8,60
-22,-8,60
-22,-8,60
-22,-8,60
-22,-8,60
-23,-8,60
-22,-8,60
-22,-8,59
-22,-8,60
-22,-8,60
-22,-8,59
-23,-7,59
-22,-8,60
-22,-8,60
-23,-8,59
-23,-8,60
-22,-8,60
-23,-8,60
-23,-8,59
-23,-8,60
-22,-8,60
-22,-8,59
-23,-8,60
-22,-8,60
-22,-8,60
-22,-8,59
-22,-8,60
-22,-8,60
-23,-8,59
-23,-8,59
-22,-8,60
-23,-8,60
-23,-8,60
-23,-8,59
-22,-7,60
-22,-8,60
-23,-8,59
-23,-8,60
-22,-8,60
-23,-8,59
-23,-8,59
-23,-8,60
-22,-8,59
-23,-8,60
-23,-8,60
-22,-8,60
-23,-8,60
-23,-8,60
-22,-8,61
-23,-8,59
-25,-7,59
-21,-8,60
-21,-8,60
-25,-8,59
-23,-8,60
-22,-8,60
-23,-8,60
-23,-8,59
-23,-8,60
-22,-8,60
-22,-8,60
-23,-8,59
-23,-8,60
-22,-8,60
-23,-8,60
-23,-8,60
-22,-8,60
-22,-8,60
-23,-8,60
-23,-8,60
-22,-8,60
-22,-8,60
-23,-8,59
-23,-8,60
-22,-8,60
-22,-8,60
-23,-8,60
-22,-8,60
-23,-8,60
-23,-8,60
-23,-8,60
-22,-8,60
-23,-8,60
-22,-8,60
-23,-8,60
-23,-8,60
-23,-8,60
-22,-8,60
-23,-8,59
-23,-8,60
-22,-8,60
-22,-8,60
-23,-8,60
-23,-8,60
-23,-8,60
-22,-8,59
-22,-8,60
-23,-8,60
-22,-8,60
-23,-8,60
-22,-8,60
-23,-8,60
-22,-8,60
-23,-8,60
-23,-8,59
-22,-8,60
-22,-8,60
-23,-8,60
-23,-8,60
-22,-8,60
-23,-8,59
-23,-8,60
-22,-8,60
-22,-8,60
-23,-8,59
-23,-8,60
-22,-8,60
-23,-8,60
-23,-8,60
-23,-8,60
-23,-8,60
-22,-8,60
-23,-8,59
-23,-8,60
-23,-8,59
-23,-8,60
-23,-8,60
-22,-8,60
-23,-8,60
-23,-8,59
-23,-8,60
-23,-8,60
-23,-8,60
-23,-8,60
-22,-8,60
-22,-8,60
-23,-8,60
-22,-8,60
-23,-8,59
-23,-8,60
-23,-8,60
-22,-8,59
-24,-8,60
-23,-8,60
-22,-8,60
-23,-8,60
-23,-8,59
-23,-8,60
-23,-8,59
-23,-8,60
-23,-8,59
-23,-8,60
-23,-8,60
-23,-8,59
-23,-8,60
-23,-8,59
-23,-8,60
-23,-8,60
-23,-8,59
-23,-8,60
-23,-8,60
-23,-8,60
-23,-8,59
-23,-8,60
-23,-8,59
-22,-8,60
-23,-8,60
-23,-8,60
-23,-8,60
-22,-8,59
-23,-8,60
-22,-9,60
-23,-8,60
-23,-8,59
-22,-8,59
-23,-7,60
-22,-7,60
-22,-9,60
-22,-9,59
-21,-7,60
-21,-8,60
-21,-8,60
-22,-8,60
-20,-7,61
-21,-7,61
-21,-8,62
-20,-8,60
-19,-7,59
-20,-11,65
-24,-6,67
-16,-4,66
-17,-9,62
-23,-6,59
-17,-6,60
-16,-10,60
-18,-10,59
-14,-11,60
-23,-10,59
-11,-10,59
-8,-11,56
-23,-10,51
-18,-12,57
-15,-9,59
-12,-8,58
-16,-5,63
-13,-5,66
-12,-7,62
-14,-5,62
-14,-5,68
-21,-8,62
-14,-7,61
-12,-7,61
-27,-2,65
-25,-4,61
-15,-6,59
-21,-5,63
-20,-6,61
-21,-6,60
-22,-5,61
-22,-6,61
-23,-5,59
-25,-7,58
-27,-6,58
-27,-7,57
-25,-6,57
-24,-6,58
-30,-5,58
-31,-7,57
-31,-7,55
-32,-5,57
-31,-5,56
-31,-6,56
-30,-6,57
-28,-6,57
-28,-5,57
-29,-6,57
-28,-6,57
-29,-7,57
-29,-6,57
-28,-6,57
-28,-6,58
-28,-6,57
-28,-6,57
-29,-6,57
-29,-6,57
-28,-5,57
-28,-6,57
-28,-6,57
-28,-6,58
-28,-6,57
-29,-6,57
-29,-5,57
-29,-5,57
-28,-6,57
-28,-6,57
-29,-6,57
-29,-6,57
-28,-6,57
-29,-6,57
-29,-6,57
-28,-6,57
-28,-6,57
-28,-6,57
-28,-6,57
-28,-6,57
-28,-6,57
-28,-6,57
-29,-6,58
-28,-6,57
-28,-6,57
-29,-6,57
-28,-6,57
-28,-6,58
-28,-6,57
-28,-6,58
-28,-6,57
-28,-6,57
-28,-6,58
-28,-6,57
-28,-6,58
-28,-6,57
-27,-6,58
-28,-6,58
-28,-6,57
-28,-6,57
-28,-6,58
-28,-6,57
-28,-6,58
-28,-6,58
-28,-6,57
-28,-6,58
-28,-6,58
-28,-6,57
-28,-6,58
-28,-6,57
-28,-6,58
-28,-6,57
-28,-6,58
-28,-6,57
-28,-6,58
-28,-6,57
-28,-6,57
-28,-6,58
-28,-6,58
-28,-6,58
-28,-6,58
-28,-6,58
-28,-6,58
-28,-6,57
-28,-6,58
-28,-6,57
-28,-6,58
-28,-6,58
-28,-6,58
-28,-6,57
-28,-6,58
-28,-6,58
-27,-6,57
-28,-6,58
-28,-6,58
-28,-6,58
-27,-6,58
-28,-6,58
-28,-6,58
-28,-6,58
-28,-6,58
-27,-6,58
-28,-6,58
-28,-6,57
-28,-6,57
-27,-6,58
-28,-6,58
-28,-6,58
-28,-6,58
-28,-6,58
-27,-6,57
-28,-6,58
-28,-6,58
-28,-6,58
-27,-6,58
-28,-6,58
-27,-6,57
-28,-6,58
-27,-6,58
-27,-6,58
-28,-6,58
-28,-6,58
-28,-6,58
-28,-6,58
-27,-6,57
-27,-6,58
-28,-6,58
-28,-6,58
-28,-6,58
-27,-6,58
-28,-6,58
-27,-6,57
-28,-6,58
-28,-6,58
-28,-6,58
-28,-6,57
-28,-6,58
-28,-6,58
-28,-6,58
-28,-6,58
-28,-6,57
-28,-6,58
-28,-6,57
-28,-6,58
-28,-6,58
-28,-6,58
-28,-6,58
-28,-6,58
-28,-6,58
-28,-6,58
-28,-6,58
-28,-6,58
-28,-6,57
-28,-6,58
-28,-6,57
-28,-6,58
-28,-6,58
-28,-6,57
-27,-6,57
-28,-6,58
-28,-6,58
-28,-6,58
-28,-6,58
-28,-6,57
-28,-6,58
-28,-6,57
-28,-6,58
-28,-6,57
-28,-6,57
-28,-6,58
-28,-6,58
-28,-6,58
-28,-6,58
-28,-6,58
-28,-6,58
-28,-6,58
-28,-6,58
-28,-6,58
-28,-6,58
-28,-6,57
-28,-6,58
-28,-6,58
-28,-6,57
-28,-6,57
-28,-6,58
-28,-6,58
-28,-6,57
-28,-6,58
-28,-6,58
-28,-6,58
-28,-6,58
-28,-6,57
-28,-6,58
-28,-6,58
-28,-6,58
-28,-6,58
-28,-6,58
-28,-6,57
-28,-6,57
-28,-6,58
-27,-6,58
-28,-6,58
-28,-6,57
-28,-6,58
-28,-6,58
-28,-6,58
-28,-6,57
-28,-6,57
-28,-6,57
-28,-6,58
-28,-6,58
-28,-6,58
-28,-6,58
-27,-6,58
-27,-6,58
-28,-6,57
-27,-6,57
-28,-6,58
-28,-6,57
-28,-6,58
-28,-6,58
-27,-6,58
-28,-6,58
-28,-6,58
-27,-6,58
-28,-6,58
-28,-6,57
-28,-6,57
-28,-6,58
-28,-6,58
-28,-6,58
-28,-6,58
-28,-6,58
-27,-6,58
-28,-6,58
-28,-6,58
-27,-6,58
-27,-6,57
-28,-6,58
-28,-6,58
-27,-6,58
-27,-6,58
-27,-6,58
-28,-6,58
-28,-6,58
-27,-6,58
-27,-6,58
-28,-6,58
-28,-6,58
-27,-6,58
-28,-6,58
-28,-6,58
-28,-6,58
-28,-6,58
-27,-6,58
-27,-6,58
-28,-6,57
-27,-6,58
-28,-6,58
-28,-6,58
-27,-6,58
-27,-6,58
-28,-6,58
-28,-6,58
-27,-6,58
-28,-6,58
-28,-6,58
-28,-6,58
-28,-6,58
-28,-6,58
-28,-6,58
-28,-6,57
-28,-6,58
-28,-6,57
-28,-6,58
-28,-6,57
-28,-6,58
-28,-6,58
-28,-6,58
-28,-6,57
-28,-6,58
-28,-6,57
-28,-6,57
-28,-6,57
-28,-6,58
-28,-6,58
-28,-6,57
-28,-6,58
-28,-6,57
-28,-6,58
-28,-6,58
-28,-6,57
-28,-6,58
-28,-6,58
-28,-6,57
-28,-6,58
-28,-6,58
-28,-6,57
-28,-6,58
-28,-6,58
-28,-6,57
-28,-6,58
-28,-6,58
-28,-6,58
-28,-6,58
-28,-6,58
-28,-6,58
-28,-6,58
-28,-6,58
-28,-6,58
-27,-6,58
-27,-6,58
-27,-6,57
-27,-6,57
-28,-6,58
-28,-6,58
-27,-6,58
-28,-6,58
-28,-6,58
-28,-6,58
-28,-6,58
-27,-6,58
-28,-6,58
-27,-6,58
-27,-6,58
-28,-6,58
-28,-6,58
-27,-6,58
-27,-6,57
-28,-6,58
-28,-6,58
-27,-6,58
-27,-6,58
-28,-6,58
-28,-6,57
-28,-6,58
-28,-6,58
-27,-6,58
-28,-6,58
-28,-6,58
-28,-6,58
-28,-6,58
-27,-6,58
-28,-6,57
-28,-6,58
-28,-6,58
-27,-6,58
-27,-6,58
-28,-6,58
-28,-6,58
-28,-6,58
-28,-6,58
-27,-6,58
-28,-6,58
-28,-6,58
-27,-6,58
-27,-6,58
-27,-6,58
-28,-6,58
-27,-6,58
-28,-6,58
-28,-6,58
-28,-6,57
-28,-6,58
-28,-6,58
-27,-6,58
-27,-6,58
-27,-6,58
-27,-6,58
-28,-6,58
-27,-6,58
-27,-6,58
-28,-6,58
-28,-6,58
-27,-6,58
-27,-6,58
-28,-6,58
-28,-6,58
-28,-6,58
-27,-6,58
-27,-6,58
-27,-6,58
-28,-6,58
-27,-6,57
-27,-6,58
-28,-6,58
-28,-6,58
-27,-6,58
-27,-6,58
-28,-6,58
-28,-6,58
-27,-6,58
-27,-6,58
-28,-6,58
-28,-6,57
-28,-6,58
-27,-6,58
-28,-6,58
-28,-6,58
-28,-6,58
-28,-6,58
-28,-6,58
-28,-6,58
-28,-6,58
-28,-6,58
-27,-6,57
-29,-5,58
-29,-6,59
-26,-6,57
-27,-6,57
-30,-6,57
-28,-6,58
-27,-6,58
-28,-6,57
-28,-6,57
-27,-6,58
-28,-6,58
-28,-6,57
-28,-6,58
-28,-6,58
-27,-6,58
-28,-6,57
-28,-6,58
-27,-6,58
-28,-6,58
-28,-6,58
-27,-6,58
-28,-6,58
-28,-6,58
-28,-6,58
-27,-6,58
-28,-6,57
-28,-6,58
-27,-6,58
-28,-6,58
-28,-6,58
-27,-6,58
-28,-6,57
-28,-6,58
-28,-6,58
-27,-6,58
-27,-6,58
-27,-6,58
-28,-6,58
-28,-6,58
-27,-6,58
-27,-6,58
-28,-6,58
-28,-6,58
-27,-6,58
-27,-6,58
-28,-6,58
-27,-6,58
-28,-6,58
-28,-6,58
-27,-6,58
-27,-6,58
-28,-6,58
-27,-6,58
-28,-6,58
-28,-6,58
-27,-6,58
-27,-6,58
-27,-6,58
-27,-6,58
-27,-6,58
-28,-6,57
-28,-6,58
-27,-6,58
-27,-6,58
-28,-6,58
-28,-6,58
-27,-6,58
-28,-6,58
-28,-6,58
-27,-6,58
-28,-6,58
-27,-6,58
-27,-6,58
-28,-6,58
-27,-6,57
-27,-6,58
-28,-6,58
-27,-6,57
-28,-6,58
-27,-6,58
-27,-6,58
-28,-6,58
-27,-6,58
-27,-6,58
-28,-6,58
-27,-6,57
-28,-6,57
-27,-6,58
-27,-6,58
-28,-6,58
-28,-6,58
-27,-6,58
-27,-6,58
-28,-6,58
-28,-6,58
-27,-6,58
-27,-6,58
-28,-6,58
-27,-6,57
-28,-6,58
-27,-6,58
-27,-6,58
-28,-6,58
-27,-6,58
-27,-6,58
-27,-6,58
-28,-6,58
-27,-6,58
-28,-6,58
-28,-6,57
-27,-6,58
-28,-6,58
-27,-6,58
-28,-6,58
-27,-6,58
-27,-6,58
-28,-6,58
-27,-6,58
-27,-6,58
-28,-6,58
-28,-6,58
-28,-6,57
-28,-6,58
-28,-6,57
-28,-6,58
-28,-6,58
-27,-6,58
-28,-6,58
-28,-6,58
-27,-6,58
-28,-6,57
-28,-6,58
-27,-6,58
-28,-6,58
-28,-6,57
-28,-6,57
-28,-6,58
-27,-6,58
-28,-6,57
-28,-6,58
-28,-6,58
-27,-6,58
-28,-6,57
-28,-6,57
-28,-6,58
-28,-6,58
-28,-6,57
-28,-6,57
-28,-6,57
-28,-6,58
-28,-6,58
-27,-6,57
-28,-6,58
-28,-6,58
-27,-6,58
-28,-6,58
-28,-6,58
-27,-6,58
-27,-6,58
-28,-6,58
-28,-6,58
-27,-6,58
-27,-6,58
-28,-6,58
-27,-6,58
-27,-6,58
-28,-6,57
-28,-6,58
-28,-6,58
-27,-6,58
-27,-6,58
-28,-6,58
-27,-6,58
-27,-6,58
-28,-6,58
-27,-6,58
-28,-6,58
-27,-6,58
-28,-6,58
-28,-6,58
-27,-6,58
-27,-6,58
-28,-6,58
-27,-6,58
-28,-6,57
-28,-6,57
-28,-6,58
-27,-6,58
-27,-6,57
-29,-6,58
-27,-6,58
-27,-6,58
-28,-6,58
-28,-6,57
-27,-6,58
-28,-6,58
-27,-6,58
-27,-6,58
-27,-6,57
-28,-6,58
-28,-6,58
-27,-6,58
-28,-6,57
-28,-6,58
-28,-6,58
-28,-6,58
-27,-6,58
-27,-6,58
-28,-6,58
-27,-6,58
-27,-6,58
-28,-6,58
-28,-6,58
-27,-6,58
-27,-6,57
-28,-6,58
-28,-6,58
-27,-6,58
-28,-6,58
-27,-6,58
-27,-6,58
-28,-6,58
-28,-6,58
-27,-6,58
-27,-6,58
-27,-6,58
-27,-6,58
-27,-6,58
-28,-6,58
-28,-6,58
-27,-6,58
-27,-6,58
-27,-6,58
-27,-6,58
-27,-6,58
-27,-6,58
-28,-6,58
-27,-6,58
-27,-6,58
-28,-6,58
-27,-6,58
-27,-6,58
-28,-6,57
-28,-6,58
-27,-6,58
-28,-6,58
-28,-6,58
-27,-6,58
-27,-6,58
-27,-6,58
-28,-6,58
-28,-6,58
-28,-6,58
-28,-6,58
-28,-6,57
-27,-6,58
-28,-6,58
-27,-6,58
-27,-6,58
-27,-6,58
-27,-6,58
-27,-6,58
-27,-6,58
-27,-6,58
-28,-6,58
-27,-6,58
-27,-6,58
-28,-6,58
-28,-6,58
-28,-6,58
-28,-6,57
-28,-6,57
-28,-6,58
-28,-6,58
-28,-6,58
-28,-6,58
-28,-6,58
-27,-6,58
-28,-6,58
-28,-6,57
-28,-6,58
-27,-6,58
-28,-6,58
-28,-6,57
-28,-6,57
-27,-6,58
-28,-6,58
-28,-6,57
-28,-6,58
-28,-6,58
-28,-6,57
-28,-6,58
-28,-6,58
-28,-6,57
-28,-6,58
-28,-6,58
-27,-6,58
-28,-6,58
-28,-6,58
-28,-6,58
-28,-6,58
-27,-6,58
-27,-6,58
-28,-6,58
-28,-6,58
-28,-6,57
-27,-6,58
-27,-6,58
-28,-6,58
-28,-6,58
-28,-6,58
-28,-6,58
-28,-6,58
-28,-6,57
-27,-6,58
-27,-6,58
-28,-6,58
-27,-6,58
-27,-6,58
-27,-6,58
-27,-6,58
-28,-6,58
-27,-6,58
-28,-6,58
-28,-6,58
-28,-6,58
-28,-6,58
-27,-6,58
-27,-6,57
-27,-6,58
-28,-6,58
-27,-6,58
-27,-6,58
-27,-6,58
-27,-6,58
-27,-6,58
-28,-6,58
-27,-6,58
-27,-6,58
-27,-6,58
-27,-6,58
-27,-6,58
-28,-6,57
-27,-6,58
-27,-6,58
-27,-6,58
-27,-6,58
-27,-6,58
-27,-6,58
-27,-6,58
-27,-6,58
-27,-6,58
-27,-6,58
-27,-6,58
-27,-6,58
-27,-6,58
-27,-6,58
-27,-6,58
-27,-6,58
-27,-6,58
-27,-6,57
-27,-6,58
-28,-6,58
-27,-6,58
-27,-6,58
-27,-6,58
-27,-6,58
-27,-6,58
-27,-6,58
-27,-6,58
-27,-6,58
-27,-6,58
-27,-6,58
-27,-6,57
-27,-6,58
-28,-6,58
-27,-6,58
-27,-6,58
-27,-6,58
-27,-6,58
-27,-6,58
-27,-6,58
-28,-6,58
-27,-6,58
-27,-6,58
-27,-6,58
-27,-6,58
-28,-6,58
-27,-6,58
-27,-6,58
-28,-6,58
-27,-6,58
-27,-6,58
-28,-6,58
-27,-6,58
-27,-6,58
-27,-6,58
-27,-6,58
-27,-6,58
-27,-6,58
-27,-6,58
-28,-6,58
-28,-6,58
-28,-6,58
-28,-6,57
-27,-6,58
-28,-6,57
-28,-6,58
-27,-6,58
-28,-6,58
-27,-6,58
-27,-6,58
-27,-6,58
-28,-6,58
-28,-6,58
-28,-6,58
-28,-6,57
-28,-6,58
-28,-6,58
-28,-6,58
-28,-6,58
-28,-6,58
-27,-6,58
-27,-6,58
-28,-6,57
-27,-6,58
-28,-6,58
-28,-6,58
-28,-6,58
-28,-6,58
-27,-6,58
-28,-6,58
-28,-6,57
-28,-6,58
-27,-6,58
-28,-6,58
-27,-6,57
-27,-6,58
-28,-6,58
-27,-6,58
-27,-6,58
-28,-6,58
-27,-6,58
-28,-6,58
-28,-6,58
-28,-6,57
-28,-6,58
-27,-6,58
-28,-6,58
-28,-6,58
-27,-6,58
-27,-6,58
-27,-6,58
-27,-6,58
-27,-6,58
-27,-6,57
-27,-6,58
-27,-6,58
-27,-6,58
-27,-6,58
-27,-6,58
-27,-6,58
-27,-6,58
-28,-6,58
-28,-6,58
-28,-6,57
-28,-6,58
-28,-6,57
-28,-6,58
-27,-6,57
-27,-6,58
-28,-6,58
-27,-6,58
-27,-6,58
-27,-6,57
-27,-6,57
-28,-6,58
-27,-6,58
-27,-6,57
-28,-6,58
-27,-6,58
-28,-6,58
-27,-6,58
-27,-6,58
-27,-6,58
-27,-6,58
-27,-6,58
-27,-6,58
-27,-6,58
-27,-6,58
-27,-6,58
-27,-6,58
-28,-6,58
-28,-6,58
-28,-6,58
-28,-6,58
-27,-6,57
-27,-6,57
-28,-6,58
-27,-6,58
-27,-6,58
-28,-6,58
-28,-6,58
-28,-6,58
-27,-6,58
-27,-6,58
-27,-6,58
-28,-6,58
-28,-6,58
-27,-6,58
-28,-6,58
-28,-6,58
-27,-6,58
-27,-6,58
-27,-6,57
-27,-6,58
-27,-6,58
-27,-6,58
-27,-6,58
-27,-6,58
-27,-6,58
-27,-6,58
-27,-6,58
-28,-6,57
-28,-6,58
-27,-6,58
-27,-6,58
-28,-6,57
-28,-6,58
-27,-6,58
-28,-6,58
-28,-6,58
-27,-6,58
-27,-6,58
-28,-6,57
-28,-6,58
-28,-6,58
-27,-6,58
-28,-6,57
-28,-6,57
-28,-6,57
-27,-6,58
-27,-6,58
-27,-6,58
-27,-6,58
-28,-6,57
-27,-6,58
-27,-6,58
-28,-6,57
-28,-6,57
-28,-6,58
-28,-6,58
-28,-6,57
-28,-6,57
-27,-6,58
-27,-6,58
-28,-6,58
-28,-6,57
-28,-6,58
-28,-6,58
-28,-6,58
-27,-6,58
-28,-6,58
-27,-6,58
-27,-6,58
-28,-6,58
-27,-6,58
-28,-6,58
-28,-6,58
-28,-6,58
-28,-6,58
-28,-6,57
-27,-6,58
-27,-6,58
-28,-6,57
-28,-6,58
-27,-6,58
-28,-6,58
-28,-6,58
-27,-6,58
-27,-6,58
-27,-6,57
-28,-6,58
-27,-6,58
-27,-6,58
-28,-6,58
-28,-6,58
-27,-6,58
-27,-6,58
-28,-6,58
-28,-6,58
-28,-6,58
-27,-6,58
-28,-6,58
-27,-6,57
-28,-6,58
-27,-6,58
-27,-6,58
-27,-6,57
-27,-6,58
-27,-6,58
-27,-6,58
-28,-6,58
-28,-6,58
-28,-6,58
-27,-6,58
-27,-6,58
-28,-6,58
-27,-6,58
-27,-6,58
-27,-6,58
-27,-6,57
-27,-6,58
-28,-6,58
-27,-6,58
-28,-6,58
-27,-6,58
-27,-6,58
-28,-6,58
-27,-6,58
-27,-6,58
-28,-6,58
-28,-6,58
-27,-6,58
-27,-6,58
-28,-6,58
-28,-6,58
-27,-6,58
-27,-6,58
-28,-6,58
-27,-6,58
-27,-6,58
-27,-6,58
-27,-6,58
-27,-6,58
-28,-6,58
-27,-6,58
-28,-6,57
-28,-6,58
-27,-6,58
-28,-6,58
-28,-6,58
-27,-6,58
-28,-6,58
-28,-6,58
-27,-6,58
-27,-6,58
-27,-6,58
-27,-6,57
-28,-6,58
-27,-6,57
-27,-6,58
-28,-6,58
-28,-6,57
-27,-6,58
-27,-6,58
-28,-6,58
-28,-6,57
-27,-6,58
-28,-6,58
-28,-6,58
-28,-6,57
-27,-6,58
-28,-6,57
-28,-6,58
-28,-6,57
-28,-6,58
-27,-6,58
-28,-6,58
-27,-6,58
-28,-6,58
-28,-6,57
-28,-6,58
-28,-6,57
-28,-6,58
-28,-6,58
-28,-6,58
-28,-6,57
-28,-6,58
-28,-6,58
-28,-6,57
-28,-6,58
-28,-6,58
-28,-6,58
-28,-6,58
-28,-6,58
-28,-6,58
-28,-6,58
-27,-6,58
-28,-6,58
-28,-6,58
-27,-6,58
-27,-6,58
-28,-6,58
-27,-6,58
-28,-6,57
-28,-6,57
-27,-6,58
-28,-6,58
-27,-6,58
-27,-6,58
-28,-6,58
-28,-6,58
-27,-6,58
-27,-6,57
-28,-6,58
-27,-6,58
-27,-6,58
-28,-6,58
-27,-6,58
-27,-6,58
-28,-6,58
-27,-6,58
-27,-6,58
-27,-6,58
-27,-6,58
-28,-6,58
-27,-6,58
-27,-6,58
-27,-6,58
-27,-6,58
-28,-6,58
-27,-6,58
-27,-6,58
-28,-6,58
-27,-6,57
-27,-6,58
-28,-6,58
-27,-6,58
-27,-6,58
-27,-6,58
-27,-6,58
-27,-6,58
-27,-6,58
-28,-6,58
-28,-6,58
-27,-6,58
-27,-6,58
-27,-6,58
-28,-6,58
-28,-6,58
-27,-6,58
-28,-6,58
-27,-6,58
-27,-6,58
-27,-6,58
-27,-6,58
-28,-6,58
-27,-6,58
-27,-6,58
-27,-5,58
-29,-7,56
-27,-6,59
-28,-5,58
-27,-5,58
-26,-6,58
-28,-6,57
-28,-6,58
-27,-6,58
-27,-6,58
-27,-6,58
-28,-6,57
-27,-6,58
-27,-6,58
-27,-6,57
-27,-6,58
-27,-6,58
-27,-6,58
-27,-6,58
-28,-6,58
-27,-6,57
-27,-6,58
-28,-6,58
-27,-6,58
-28,-6,58
-28,-6,58
-27,-6,58
-27,-6,58
-27,-6,58
-27,-6,58
-27,-6,58
-27,-6,58
-28,-6,58
-27,-6,58
-27,-6,58
-27,-6,57
-27,-6,58
-27,-6,58
-27,-6,58
-27,-6,58
-27,-6,58
-28,-6,58
-27,-6,58
-28,-6,58
-28,-6,58
-27,-6,58
-27,-6,58
-27,-6,58
-27,-6,58
-27,-5,58
-27,-6,58
-28,-7,57
-28,-6,58
-27,-6,58
-27,-6,58
-29,-6,57
-28,-7,57
-26,-6,59
-27,-6,58
-27,-6,58
-26,-7,58
-26,-6,58
-26,-6,58
-28,-6,58
-28,-7,57
-27,-6,58
-27,-6,58
-27,-6,58
-27,-6,58
-27,-6,58
-28,-6,58
-27,-6,58
-27,-6,58
-27,-6,58
-28,-6,58
-28,-6,58
-27,-6,58
-27,-6,58
-28,-6,57
-27,-6,58
-27,-6,58
-27,-6,58
-27,-6,58
-27,-6,58
-27,-6,58
-27,-6,58
-27,-6,58
-28,-6,58
-27,-6,58
-27,-6,58
-27,-6,58
-27,-6,58
-27,-6,58
-27,-6,58
-27,-6,58
-27,-6,58
-27,-6,58
-27,-6,58
-27,-6,58
-27,-6,58
-27,-6,58
-28,-6,58
-27,-6,58
-27,-6,58
-28,-6,58
-27,-6,58
-27,-6,58
-27,-6,58
-27,-6,58
-27,-6,58
-27,-6,58
-27,-6,58
-27,-6,58
-27,-6,58
-28,-6,58
-27,-6,58
-27,-6,58
-28,-6,58
-27,-6,58
-27,-6,58
-27,-6,58
-27,-6,58
-27,-6,58
-27,-6,58
-27,-6,58
-28,-6,58
-27,-6,58
-27,-6,58
-27,-6,58
-27,-6,58
-27,-6,58
-27,-6,58
-27,-6,58
-27,-6,58
-27,-6,58
-28,-6,58
-27,-6,57
-27,-6,58
-27,-6,57
-27,-6,58
-27,-6,58
-27,-6,58
-27,-6,58
-27,-6,58
-27,-6,58
-27,-6,58
-27,-6,58
-28,-6,57
-27,-6,58
-27,-6,58
-27,-6,58
-27,-6,58
-28,-6,58
-27,-6,58
-27,-6,58
-28,-6,57
-28,-6,58
-27,-6,58
-27,-6,58
-28,-6,58
-27,-6,57
-27,-6,58
-27,-6,58
-27,-6,58
-28,-6,58
-27,-6,58
-27,-6,58
-28,-6,57
-27,-6,57
-27,-6,58
-28,-6,58
-27,-6,58
-28,-6,58
-28,-6,58
-28,-6,58
-28,-6,58
-28,-6,58
-27,-6,58
-27,-6,58
-28,-6,57
-28,-6,57
-27,-6,58
-27,-6,58
-28,-6,57
-28,-6,58
-27,-6,58
-28,-6,58
-28,-6,58
-27,-6,58
-28,-6,58
-28,-6,57
-28,-6,58
-28,-6,58
-28,-6,58
-27,-6,58
-27,-6,57
-28,-6,58
-28,-6,58
-28,-6,58
-27,-6,58
-27,-6,58
-28,-6,58
-28,-6,57
-27,-6,58
-28,-6,58
-27,-6,58
-28,-6,58
-27,-6,58
-27,-6,58
-27,-6,58
-27,-6,58
-27,-6,58
-28,-6,58
-27,-6,58
-27,-6,58
-27,-6,58
-27,-6,58
-27,-6,58
-27,-6,58
-27,-6,58
-27,-6,57
-28,-6,58
-28,-6,58
-27,-6,58
-27,-6,58
-27,-6,58
-27,-6,58
-27,-6,58
-27,-6,58
-27,-6,58
-27,-6,58
-27,-6,58
-27,-6,58
-27,-6,58
-27,-6,58
-27,-6,58
-27,-6,58
-28,-6,58
-27,-6,58
-27,-6,58
-27,-6,58
-27,-6,58
-27,-6,58
-27,-6,58
-27,-6,58
-27,-6,57
-27,-6,58
-27,-6,58
-27,-6,58
-27,-6,58
-27,-6,58
-27,-6,58
-27,-6,58
-27,-6,58
-27,-6,58
-27,-6,57
-27,-6,58
-27,-6,58
-27,-6,58
-27,-6,58
-27,-6,58
-27,-6,58
-27,-6,58
-27,-6,58
-27,-6,58
-27,-6,58
-27,-6,58
-27,-6,58
-27,-6,58
-27,-5,58
-27,-7,57
-28,-6,57
-27,-5,58
-27,-6,58
-27,-6,57
-28,-6,57
-27,-6,58
-27,-6,58
-27,-6,58
-28,-6,57
-27,-6,58
-27,-6,58
-27,-6,58
-28,-6,58
-28,-6,58
-27,-6,58
-27,-6,58
-28,-6,58
-27,-6,58
-27,-6,58
-27,-6,58
-27,-6,58
-27,-6,58
-27,-6,58
-27,-6,58
-27,-6,58
-27,-6,58
-27,-6,58
-28,-6,58
-27,-6,58
-27,-6,58
-27,-6,58
-27,-6,58
-27,-6,58
-27,-6,58
-27,-6,58
-27,-6,58
-27,-6,58
-27,-6,58
-27,-6,57
-28,-6,58
-27,-6,58
-27,-6,58
-28,-6,58
-27,-6,58
-27,-6,58
-27,-6,58
-27,-6,58
-27,-6,58
-27,-6,58
-28,-6,58
-27,-6,58
-27,-6,58
-27,-6,58
-28,-6,58
-28,-6,57
-27,-6,58
-27,-6,58
-28,-6,58
-28,-6,58
-27,-6,58
-28,-6,58
-27,-6,57
-27,-6,58
-28,-6,58
-28,-6,58
-27,-6,58
-28,-6,58
-27,-6,58
-27,-6,58
-27,-6,58
-27,-6,58
-27,-6,58
-28,-6,57
-28,-6,58
-27,-6,58
-27,-6,58
-28,-6,57
-28,-6,58
-27,-6,58
-27,-6,58
-28,-6,57
-28,-6,57
-27,-6,58
-27,-6,58
-28,-6,57
-28,-6,58
-27,-6,58
-27,-6,58
-28,-6,58
-28,-6,58
-27,-6,58
-27,-6,58
-27,-6,58
-28,-6,58
-28,-6,58
-27,-6,58
-27,-6,58
-27,-6,58
-28,-6,58
-27,-6,58
-27,-6,58
-27,-6,58
-28,-6,58
-27,-6,58
-27,-6,58
-27,-6,58
-28,-6,58
-27,-6,58
-27,-6,58
-27,-6,58
-27,-6,58
-28,-6,58
-28,-6,58
-27,-6,58
-27,-6,58
-27,-6,58
-27,-6,58
-27,-6,58
-27,-6,58
-27,-6,58
-28,-6,58
-27,-6,58
-28,-6,58
-27,-6,58
-27,-6,58
-27,-6,58
-27,-6,58
-27,-6,58
-27,-6,58
-28,-6,58
-28,-6,58
-27,-6,58
-28,-6,58
-27,-6,58
-27,-6,58
-28,-6,58
-27,-6,58
-27,-6,58
-27,-6,58
-28,-6,57
-27,-6,58
-27,-6,58
-27,-6,58
-27,-6,58
-27,-6,58
-27,-6,58
-28,-6,57
-28,-6,58
-27,-6,58
-27,-6,58
-27,-6,58
-27,-6,58
-27,-6,58
-27,-6,58
-27,-6,58
-28,-6,58
-27,-6,58
-27,-6,58
-28,-6,58
-28,-6,58
-27,-6,58
-27,-6,58
-27,-6,58
-28,-6,58
-27,-6,58
-27,-6,58
-28,-6,58
-27,-6,58
-27,-6,58
-27,-6,58
-27,-6,58
-27,-6,58
-28,-6,58
-27,-6,58
-27,-6,58
-27,-6,58
-27,-6,58
-27,-6,58
-27,-6,58
-27,-6,58
-28,-6,58
-27,-6,58
-27,-6,58
-27,-6,58
-27,-6,58
-28,-6,58
-27,-6,58
-27,-6,58
-28,-6,58
-27,-6,58
-27,-6,57
-28,-6,58
-28,-6,58
-28,-6,57
-27,-6,58
-27,-6,58
-27,-6,58
-27,-6,58
-28,-6,58
-27,-6,58
-27,-6,58
-27,-6,58
-27,-6,58
-27,-6,58
-27,-6,58
-28,-6,58
-27,-6,58
-28,-6,58
-28,-6,58
-28,-6,58
-27,-6,58
-27,-6,58
-27,-5,58
-29,-8,56
-29,-7,58
-28,-5,58
-27,-5,59
-27,-6,58
-28,-6,57
-28,-6,58
-27,-6,58
-27,-6,58
-28,-6,57
-28,-6,58
-27,-6,58
-27,-6,58
-28,-6,58
-28,-6,58
-28,-6,58
-28,-6,58
-27,-6,57
-28,-6,57
-27,-6,58
-27,-6,58
-28,-6,58
-28,-6,58
-28,-6,58
-27,-6,58
-28,-6,58
-27,-6,58
-28,-6,58
-27,-6,58
-27,-6,58
-28,-6,57
-28,-6,58
-27,-6,58
-27,-6,58
-28,-6,57
-28,-6,58
-27,-6,58
-27,-6,58
-27,-6,57
-27,-6,58
-27,-6,58
-27,-6,58
-27,-6,58
-27,-6,57
-27,-6,58
-28,-6,58
-27,-6,58
-28,-6,58
-28,-6,58
-27,-6,58
-27,-6,58
-27,-6,57
-27,-6,58
-27,-6,58
-27,-6,58
-28,-6,58
-28,-6,58
-28,-6,58
-28,-6,58
-27,-6,58
-28,-6,58
-27,-6,58
-27,-6,58
-27,-6,58
-27,-6,58
-27,-6,58
-27,-6,58
-26,-6,57
-28,-6,58
-28,-6,58
-27,-6,58
-27,-6,58
-28,-6,58
-27,-6,57
-27,-6,58
-27,-6,58
-27,-6,58
-27,-6,58
-27,-6,58
-28,-6,58
-27,-6,58
-27,-6,58
-28,-6,58
-28,-6,58
-27,-6,58
-27,-6,58
-27,-6,58
-26,-6,58
-27,-6,58
-27,-6,58
-27,-6,58
-27,-6,58
-28,-6,58
-28,-6,58
-28,-6,58
-28,-6,58
-27,-6,58
-28,-6,58
-27,-6,58
-27,-6,58
-27,-6,58
-27,-6,58
-27,-6,58
-27,-6,58
-27,-6,58
-27,-6,58
-28,-6,57
-28,-6,58
-27,-6,58
-27,-6,58
-28,-6,57
-28,-6,57
-27,-6,58
-27,-6,58
-27,-6,58
-28,-6,58
-27,-6,58
-27,-6,58
-28,-6,57
-27,-6,58
-27,-6,58
-27,-6,58
-28,-6,58
-28,-6,58
-27,-6,58
-27,-6,58
-28,-6,57
-28,-6,57
-28,-6,58
-27,-6,58
-28,-6,57
-28,-6,57
-28,-6,58
-27,-6,58
-27,-6,58
-27,-6,58
-28,-6,57
-28,-6,58
-27,-6,58
-27,-6,58
-28,-6,58
-28,-6,58
-28,-6,58
-27,-6,58
-28,-6,58
-28,-6,58
-28,-6,57
-28,-6,58
-28,-6,58
-27,-6,58
-28,-6,57
-28,-6,58
-27,-6,58
-28,-6,58
-28,-6,58
-28,-6,57
-28,-6,57
-28,-6,58
-27,-6,58
-28,-6,58
-28,-6,57
-28,-6,57
-28,-6,58
-27,-6,58
-27,-6,58
-28,-6,58
-28,-6,58
-27,-6,58
-27,-5,58
-27,-6,58
-28,-7,57
-29,-6,57
-27,-5,59
-26,-6,59
-28,-7,57
-29,-6,57
-27,-6,58
-27,-6,58
-28,-6,57
-27,-6,57
-27,-6,58
-27,-6,58
-27,-6,58
-28,-6,58
-28,-6,58
-28,-6,58
-28,-6,58
-28,-6,57
-28,-6,57
-27,-6,58
-27,-6,58
-27,-6,58
-27,-6,58
-27,-6,58
-27,-6,58
-27,-6,57
-27,-6,58
-27,-6,58
-28,-6,57
-28,-6,57
-27,-6,58
-28,-6,58
-27,-6,57
-28,-6,58
-28,-6,58
-27,-6,58
-27,-6,58
-27,-6,58
-27,-6,58
-28,-6,58
-28,-6,58
-27,-6,58
-27,-6,58
-28,-6,57
-28,-6,58
-27,-6,58
-27,-6,58
-28,-6,58
-28,-6,57
-27,-6,58
-27,-6,58
-27,-6,58
-28,-6,58
-27,-6,58
-27,-6,58
-28,-6,57
-28,-6,57
-27,-6,58
-27,-6,58
-28,-6,58
-28,-6,58
-27,-6,58
-28,-6,57
-28,-6,58
-27,-6,58
-27,-6,58
-27,-6,58
-28,-6,58
-27,-6,58
-27,-6,58
-27,-6,58
-28,-6,58
-27,-6,58
-27,-6,58
-28,-6,58
-27,-6,58
-27,-6,58
-27,-6,58
-28,-6,58
-27,-6,58
-27,-6,58
-27,-6,58
-28,-6,58
-27,-6,58
-27,-6,58
-28,-6,57
-28,-6,58
-27,-6,58
-27,-6,58
-28,-6,58
-27,-6,57
-27,-6,58
-27,-6,58
-28,-6,57
-28,-6,57
-27,-6,58
-27,-6,58
-28,-6,57
-28,-6,57
-28,-6,58
-27,-6,58
-28,-6,58
-28,-6,57
-27,-6,58
-27,-6,58
-28,-6,58
-28,-6,57
-27,-6,58
-27,-6,58
-28,-6,58
-28,-6,58
-28,-6,58
-27,-6,58
-28,-6,57
-28,-6,57
-27,-6,58
-27,-6,58
-28,-6,57
-28,-6,58
-27,-6,58
-27,-6,58
-28,-6,58
-28,-6,57
-28,-6,58
-27,-6,58
-27,-6,58
-29,-6,57
-28,-6,58
-27,-6,58
-27,-6,58
-28,-6,57
-28,-6,58
-27,-6,58
-27,-6,58
-28,-6,58
-28,-6,58
-27,-6,58
-27,-6,58
-28,-6,58
-28,-6,58
-27,-6,58
-27,-6,58
-27,-6,58
-27,-6,58
-27,-6,57
-27,-6,58
-27,-6,58
-28,-6,58
-27,-6,58
-28,-6,58
-28,-6,58
-27,-6,58
-27,-6,58
-27,-6,58
-27,-6,58
-28,-6,58
-27,-6,58
-27,-6,58
-28,-6,57
-27,-6,58
-27,-6,58
-27,-6,58
-28,-6,58
-27,-6,58
-27,-6,58
-27,-6,58
-27,-6,58
-28,-6,58
-28,-6,58
-27,-6,58
-27,-6,58
-28,-6,58
-28,-6,58
-27,-6,58
-27,-6,58
-27,-6,58
-27,-6,58
-27,-6,58
-27,-6,58
-27,-6,58
-27,-6,58
-27,-6,58
-27,-6,58
-27,-6,58
-28,-6,57
-28,-6,58
-27,-6,58
-27,-6,58
-28,-6,58
-27,-6,58
-27,-6,58
-28,-6,58
-27,-6,58
-27,-6,58
-27,-6,58
-28,-6,58
-28,-6,58
-27,-6,58
-27,-6,58
-27,-6,58
-28,-6,57
-28,-6,58
-27,-6,58
-27,-6,58
-28,-6,58
-27,-6,58
-28,-6,58
-28,-6,58
-27,-6,58
-27,-6,58
-27,-6,58
-27,-6,58
-27,-6,58
-27,-6,58
-27,-6,58
-28,-6,58
-28,-6,58
-28,-6,58
-28,-6,58
-28,-5,58
-27,-6,58
-27,-6,58
-27,-6,58
-27,-6,58
-27,-6,58
-27,-6,58
-27,-6,58
-27,-6,58
-27,-6,58
-27,-6,58
-27,-6,58
-27,-6,58
-28,-6,58
-28,-6,58
-28,-6,58
-28,-6,58
-28,-6,58
-28,-6,58
-27,-6,58
-27,-6,58
-28,-6,58
-27,-6,58
-27,-6,57
-28,-6,57
-28,-6,58
-28,-6,58
-27,-6,57
-28,-6,57
-28,-6,58
-27,-6,58
-27,-6,58
-28,-6,57
-28,-6,58
-27,-6,58
-28,-6,57
-28,-6,57
-28,-6,58
-28,-6,58
-28,-6,58
-27,-6,58
-27,-6,57
-28,-6,57
-28,-6,58
-27,-6,58
-28,-6,57
-28,-6,58
-28,-6,58
-28,-6,58
-28,-6,58
-28,-6,57
-28,-6,58
-27,-6,58
-27,-6,58
-28,-6,58
-27,-6,57
-28,-6,58
-27,-6,58
-28,-6,58
-28,-6,58
-28,-6,58
-27,-6,58
-28,-6,58
-28,-6,58
-27,-6,58
-27,-6,58
-27,-6,58
-28,-6,58
-28,-6,58
-27,-6,58
-28,-6,58
-28,-6,58
-27,-6,58
-27,-6,58
-27,-6,58
-27,-6,58
-28,-6,57
-28,-6,57
-27,-6,58
-28,-6,58
-27,-6,58
-28,-6,58
-28,-5,58
-27,-6,58
-27,-6,58
-28,-6,57
-28,-6,58
-27,-6,58
-28,-6,58
-28,-6,58
-27,-6,58
-29,-8,57
-27,-2,60
-25,-5,58
-29,-10,54
-29,-5,59
-27,-5,58
-26,-6,57
-30,-6,56
-28,-6,58
-26,-6,59
-28,-6,57
-29,-5,57
-27,-6,58
-27,-7,57
-28,-5,57
-27,-6,58
-28,-6,58
-27,-6,57
-27,-5,58
-28,-6,58
-27,-6,58
-28,-6,58
-28,-6,57
-27,-6,58
-27,-6,58
-28,-6,58
-28,-6,58
-27,-6,58
-27,-6,57
-28,-6,58
-27,-6,58
-28,-6,58
-28,-6,58
-27,-6,58
-27,-6,58
-28,-6,58
-27,-6,58
-28,-6,58
-27,-6,58
-27,-6,58
-27,-6,58
-28,-6,58
-28,-6,58
-27,-6,58
-27,-6,58
-28,-6,58
-27,-6,58
-28,-6,58
-27,-6,58
-27,-6,58
-28,-6,58
-27,-6,58
-28,-6,58
-28,-6,58
-27,-6,58
-27,-6,58
-27,-6,58
-27,-6,58
-28,-6,58
-28,-6,57
-28,-6,58
-27,-6,58
-28,-6,58
-28,-6,58
-28,-6,58
-28,-6,57
-28,-6,58
-27,-6,58
-28,-6,58
-28,-6,58
-28,-6,58
-27,-6,58
-27,-6,58
-28,-6,58
-28,-6,58
-28,-6,58
-28,-6,58
-28,-6,58
-28,-6,58
-28,-6,58
-28,-6,58
-28,-6,58
-28,-6,57
-28,-6,57
-28,-6,58
-28,-6,57
-28,-6,58
-28,-6,57
-28,-6,57
-28,-6,57
-27,-6,58
-28,-6,58
-28,-6,57
-28,-6,57
-28,-6,58
-28,-6,58
-28,-6,58
-28,-6,58
-28,-6,58
-28,-6,57
-28,-6,58
-28,-6,58
-28,-6,58
-28,-6,58
-28,-6,57
-28,-6,58
-27,-6,57
-27,-6,58
-28,-6,57
-27,-6,58
-27,-6,58
-28,-6,58
-28,-6,58
-27,-6,58
-28,-6,58
-28,-6,58
-28,-6,58
-28,-6,57
-27,-6,58
-27,-6,58
-28,-6,58
-27,-6,58
-28,-6,58
-28,-6,58
-27,-6,58
-27,-6,58
-27,-6,58
-27,-6,58
-27,-6,58
-27,-6,58
-27,-6,58
-27,-6,58
-28,-6,58
-27,-6,58
-27,-6,58
-28,-6,58
-27,-6,58
-27,-6,58
-28,-6,58
-27,-6,57
-27,-6,58
-28,-6,58
-27,-6,58
-27,-6,58
-27,-6,58
-27,-6,58
-27,-6,58
-28,-6,58
-28,-6,57
-27,-6,58
-27,-6,58
-27,-6,57
-27,-6,58
-27,-6,58
-27,-6,58
-27,-6,57
-27,-6,58
-27,-6,58
-27,-6,58
-27,-6,58
-27,-6,58
-28,-6,58
-27,-6,58
-27,-6,58
-28,-6,58
-27,-6,58
-27,-6,58
-27,-6,58
-27,-6,58
-27,-6,58
-27,-6,58
-27,-6,58
-27,-6,58
-27,-6,58
-27,-6,58
-28,-6,58
-27,-6,58
-27,-6,58
-27,-6,58
-27,-6,58
-27,-6,58
-27,-6,58
-27,-6,58
-27,-6,58
-27,-6,58
-27,-6,58
-28,-6,58
-27,-6,58
-28,-6,58
-28,-6,58
-27,-6,58
-27,-6,57
-27,-6,58
-28,-6,58
-28,-6,58
-27,-6,58
-27,-6,58
-27,-6,58
-28,-6,58
-28,-6,58
-28,-6,58
-28,-6,58
-28,-6,58
-28,-6,58
-28,-6,58
-28,-6,57
-28,-6,58
-28,-6,58
-28,-6,58
-28,-6,57
-28,-6,58
-28,-6,58
-28,-6,58
-28,-6,57
-28,-6,58
-28,-6,58
-28,-6,58
-28,-6,58
-28,-6,58
-28,-6,58
-28,-6,58
-27,-6,58
-28,-6,58
-27,-5,58
-28,-6,57
-27,-5,58
-28,-7,56
-28,-6,57
-27,-6,58
-27,-6,58
-27,-6,57
-28,-6,58
-28,-6,58
-27,-6,58
-28,-6,57
-27,-6,57
-28,-6,58
-27,-6,58
-29,-7,58
-28,-6,58
-27,-6,58
-28,-6,57
-27,-6,58
-27,-6,57
-28,-6,58
-29,-6,58
-27,-6,58
-28,-6,57
-28,-6,57
-27,-6,58
-27,-6,58
-28,-6,58
-27,-6,57
-27,-6,58
-27,-6,58
-28,-7,58
-28,-7,58
-27,-6,58
-27,-6,58
-27,-7,58
-27,-6,58
-28,-6,57
-28,-6,58
-27,-7,58
-27,-6,58
-28,-6,57
-28,-6,57
-27,-6,58
-27,-6,58
-27,-6,58
-27,-6,58
-27,-6,58
-27,-6,58
-28,-6,58
-27,-6,58
-27,-5,58
-28,-5,58
-28,-6,57
-27,-6,58
-28,-5,58
-28,-6,58
-27,-6,58
-28,-6,58
-28,-6,58
-27,-6,57
-27,-6,58
-28,-6,58
-27,-6,58
-27,-6,58
-28,-6,58
-27,-6,58
-27,-6,58
-28,-6,58
-28,-6,58
-27,-6,58
-27,-6,58
-28,-6,58
-27,-6,58
-27,-6,58
-27,-6,58
-27,-6,58
-27,-6,58
-27,-6,58
-27,-6,58
-27,-6,58
-27,-6,58
-28,-6,58
-27,-6,58
-27,-6,58
-28,-6,58
-28,-6,57
-28,-6,58
-27,-6,58
-27,-6,58
-28,-6,58
-28,-6,58
-27,-6,58
-28,-6,58
-28,-6,58
-27,-6,58
-27,-6,58
-28,-6,58
-27,-6,58
-28,-6,58
-28,-6,58
-28,-6,58
-28,-6,58
-28,-6,58
-28,-6,58
-28,-6,57
-27,-6,57
-28,-6,57
-28,-6,58
-28,-6,58
-28,-6,57
-28,-6,57
-28,-6,57
-28,-6,58
-28,-6,58
-28,-6,58
-28,-6,57
-27,-6,58
-28,-6,58
-28,-6,58
-28,-6,58
-28,-6,58
-27,-6,57
-28,-6,58
-28,-6,58
-28,-6,57
-28,-6,58
-28,-6,58
-27,-6,58
-27,-6,58
-28,-6,58
-28,-6,58
-27,-6,58
-27,-6,58
-28,-6,58
-28,-6,58
-27,-6,58
-28,-6,58
-28,-6,57
-28,-6,58
-27,-6,58
-28,-6,58
-27,-6,58
-28,-6,58
-28,-6,58
-27,-6,58
-27,-6,58
-28,-6,58
-28,-6,58
-27,-6,58
-28,-6,58
-27,-6,58
-28,-6,58
-28,-6,58
-27,-6,58
-27,-6,58
-28,-6,58
-27,-6,58
-27,-6,58
-27,-6,58
-28,-6,58
-27,-6,58
-27,-6,58
-28,-6,58
-27,-6,58
-28,-6,58
-28,-6,58
-27,-6,58
-27,-6,58
-28,-6,58
-27,-6,58
-27,-6,58
-27,-6,58
-28,-6,58
-27,-6,58
-27,-6,58
-27,-6,58
-27,-6,58
-27,-6,58
-27,-6,58
-28,-6,58
-28,-6,58
-27,-6,58
-27,-6,58
-28,-6,58
-27,-6,58
-27,-6,58
-28,-6,58
-27,-6,58
-27,-6,58
-27,-6,58
-28,-6,58
-28,-6,58
-28,-6,58
-27,-6,58
-28,-6,58
-27,-6,58
-27,-6,58
-27,-6,58
-27,-6,58
-27,-6,58
-27,-6,58
-27,-6,58
-27,-6,58
-27,-6,58
-28,-6,58
-28,-6,58
-27,-6,57
-27,-6,58
-27,-6,58
-28,-6,58
-27,-6,58
-27,-6,58
-27,-6,58
-27,-6,58
-27,-6,58
-27,-6,58
-27,-6,58
-27,-6,58
-27,-6,58
-27,-6,58
-28,-6,58
-27,-6,57
-28,-6,58
-28,-6,58
-27,-6,58
-27,-6,58
-28,-6,58
-27,-6,58
-27,-6,58
-28,-6,58
-27,-6,58
-28,-6,58
-28,-6,58
-27,-6,58
-28,-6,58
-27,-6,58
-27,-6,58
-27,-6,58
-28,-6,58
-28,-6,58
-28,-6,58
-28,-6,58
-28,-6,58
-28,-6,58
-28,-6,58
-27,-6,57
-28,-6,58
-28,-6,58
-28,-6,58
-27,-6,57
-28,-6,58
-28,-6,57
-28,-6,57
-28,-6,58
-28,-6,57
-28,-6,58
-28,-6,58
-28,-6,58
-28,-6,58
-28,-6,58
-28,-6,58
-28,-6,58
-27,-6,58
-28,-6,58
-28,-6,58
-27,-6,58
-28,-6,57
-27,-6,58
-28,-6,58
-28,-6,58
-28,-6,58
-28,-6,57
-28,-6,58
-28,-6,58
-27,-6,58
-28,-6,58
-28,-6,57
-27,-6,58
-27,-6,58
-27,-6,58
-28,-6,58
-28,-6,58
-27,-6,58
-28,-6,58
-27,-6,58
-28,-6,58
-28,-6,58
-27,-6,58
-27,-6,58
-28,-6,58
-28,-6,58
-27,-6,58
-27,-6,58
-27,-6,58
-27,-6,58
-27,-6,58
-27,-6,58
-28,-6,58
-28,-6,58
-27,-6,58
-27,-5,58
-28,-5,58
-28,-6,57
-27,-6,59
-27,-6,57
-28,-6,57
-28,-6,58
-27,-6,58
-27,-6,57
-28,-6,57
-27,-6,58
-27,-6,58
-28,-6,57
-28,-6,58
-27,-6,58
-27,-6,58
-28,-6,58
-28,-6,58
-27,-6,58
-27,-6,58
-28,-6,58
-28,-6,58
-27,-6,58
-27,-6,58
-27,-6,58
-27,-6,58
-27,-6,58
-27,-6,58
-28,-6,58
-27,-6,58
-28,-6,58
-28,-6,58
-27,-6,58
-28,-6,58
-27,-6,58
-27,-6,58
-27,-5,58
-28,-7,59
-30,-8,56
-26,-4,59
-27,-6,59
-27,-7,58
-27,-5,58
-28,-7,58
-27,-6,58
-27,-5,57
-28,-5,58
-27,-6,58
-27,-6,58
-28,-6,58
-28,-6,58
-27,-6,58
-27,-6,57
-28,-6,58
-27,-6,58
-27,-6,58
-27,-6,58
-28,-6,58
-27,-6,58
-28,-6,58
-28,-6,58
-27,-6,58
-27,-6,58
-28,-6,58
-28,-6,58
-27,-6,58
-28,-6,58
-28,-6,58
-27,-6,58
-28,-6,58
-28,-6,58
-27,-6,58
-28,-6,58
-28,-6,58
-28,-6,58
-28,-6,58
-28,-6,58
-28,-6,58
-27,-6,58
-28,-6,58
-28,-6,57
-27,-6,58
-28,-6,58
-28,-6,58
-28,-6,58
-27,-6,58
-28,-6,58
-28,-6,57
-28,-6,58
-28,-6,57
-28,-6,57
-28,-6,58
-28,-6,57
-28,-6,57
-28,-6,58
-28,-6,57
-28,-6,58
-27,-6,58
-28,-6,58
-28,-6,58
-28,-6,57
-28,-6,58
-28,-6,57
-28,-6,58
-28,-6,57
-27,-6,58
-28,-6,57
-27,-6,58
-27,-6,58
-27,-6,58
-28,-6,58
-27,-6,57
-27,-6,58
-28,-6,58
-28,-6,57
-28,-6,58
-28,-6,58
-27,-6,58
-27,-6,58
-28,-6,58
-28,-6,58
-28,-6,57
-28,-6,58
-28,-6,58
-28,-6,58
-27,-6,58
-27,-6,58
-28,-6,58
-27,-6,58
-27,-6,58
-27,-6,58
-27,-6,58
-27,-6,58
-27,-6,58
-28,-6,58
-27,-6,58
-28,-6,58
-27,-6,58
-27,-6,58
-27,-6,58
-27,-6,58
-27,-6,58
-28,-6,58
-28,-6,57
-28,-6,58
-27,-6,58
-27,-6,58
-27,-6,58
-27,-6,58
-27,-6,58
-27,-6,58
-27,-6,58
-27,-6,58
-27,-6,58
-27,-6,58
-27,-6,58
-27,-6,58
-27,-6,58
-27,-6,58
-27,-6,58
-28,-6,58
-27,-6,58
-28,-6,58
-27,-6,58
-28,-6,58
-27,-6,58
-27,-6,58
-27,-6,58
-27,-6,58
-27,-6,58
-27,-6,58
-27,-6,58
-27,-6,58
-28,-6,58
-28,-6,58
-27,-6,58
-28,-6,58
-28,-6,58
-28,-6,58
-27,-6,58
-28,-6,58
-28,-6,58
-27,-6,58
-28,-6,58
-28,-6,58
-27,-6,58
-28,-6,58
-28,-6,57
-28,-6,57
-28,-6,58
-28,-6,58
-28,-6,58
-28,-6,58
-28,-6,58
-27,-6,58
-28,-6,58
-27,-6,58
-27,-6,58
-28,-6,58
-28,-6,58
-28,-6,57
-28,-6,58
-28,-6,58
-28,-6,58
-28,-6,58
-28,-6,58
-28,-6,58
-27,-6,58
-28,-6,58
-28,-6,58
-27,-6,58
-28,-6,58
-28,-6,57
-27,-6,58
-27,-6,58
-28,-6,58
-28,-6,57
-27,-6,58
-27,-6,58
-27,-6,58
-28,-6,58
-27,-6,58
-27,-6,58
-28,-6,58
-28,-6,58
-27,-6,58
-28,-6,58
-27,-6,58
-28,-6,58
-27,-6,58
-27,-6,58
-27,-6,58
-27,-6,58
-28,-6,58
-27,-6,58
-27,-6,58
-27,-6,58
-27,-6,58
-28,-6,58
-27,-6,58
-27,-6,58
-28,-6,58
-27,-6,58
-28,-6,58
-28,-6,58
-27,-6,57
-28,-6,58
-27,-6,58
-27,-6,58
-28,-6,58
-27,-6,58
-27,-6,58
-28,-6,58
-27,-6,58
-27,-6,58
-27,-6,58
-27,-6,58
-28,-6,58
-27,-6,58
-27,-6,58
-27,-6,58
-27,-6,58
-27,-6,58
-27,-6,58
-27,-6,58
-27,-6,58
-27,-6,58
-27,-6,58
-27,-6,58
-28,-6,58
-27,-6,58
-28,-6,58
-27,-6,58
-27,-6,58
-27,-6,58
-28,-6,58
-28,-6,58
-27,-6,58
-27,-6,58
-27,-6,58
-28,-6,58
-27,-6,58
-27,-6,58
-27,-6,57
-27,-6,58
-28,-6,58
-27,-6,58
-27,-6,58
-27,-6,58
-27,-6,58
-27,-6,58
-27,-6,58
-27,-6,58
-27,-6,58
-27,-6,58
-27,-6,58
-27,-6,58
-27,-6,58
-27,-6,58
-27,-6,58
-27,-6,58
-27,-6,58
-28,-6,58
-27,-6,58
-27,-6,58
-28,-6,58
-27,-6,58
-27,-6,58
-27,-6,58
-27,-6,58
-28,-6,58
-28,-6,58
-27,-6,58
-27,-6,57
-28,-6,58
-28,-6,58
-27,-6,58
-27,-6,58
-27,-6,58
-27,-6,58
-28,-6,58
-28,-6,58
-27,-6,58
-27,-6,58
-28,-6,58
-28,-6,58
-27,-6,57
-27,-6,58
-28,-6,58
-28,-6,58
-27,-6,58
-27,-6,58
-28,-6,58
-28,-6,57
-28,-6,58
-28,-6,58
-27,-6,58
-28,-6,58
-28,-6,58
-28,-6,58
-28,-6,58
-28,-6,58
-27,-6,58
-27,-6,58
-28,-6,58
-28,-6,58
-28,-6,58
-27,-6,58
-27,-6,58
-27,-6,58
-28,-6,58
-27,-6,58
-27,-6,58
-27,-6,58
-28,-6,58
-27,-6,58
-27,-6,58
-27,-6,58
-27,-6,57
-27,-6,58
-27,-6,58
-27,-6,58
-27,-6,58
-27,-6,58
-28,-6,58
-27,-6,58
-27,-6,58
-27,-6,58
-27,-6,58
-27,-6,58
-28,-6,58
-28,-6,58
-27,-6,58
-27,-6,58
-27,-6,58
-27,-6,58
-27,-6,58
-27,-6,58
-28,-6,58
-27,-6,58
-27,-6,58
-28,-6,58
-27,-6,58
-27,-6,58
-27,-6,58
-27,-6,58
-28,-6,58
-28,-6,58
-27,-6,58
-27,-6,58
-27,-6,58
-27,-6,58
-28,-6,58
-27,-6,58
-27,-6,58
-27,-6,57
-27,-6,58
-27,-6,58
-27,-6,58
-27,-6,58
-27,-6,58
-27,-6,58
-27,-6,58
-27,-6,58
-27,-6,58
-27,-6,58
-27,-6,58
-27,-6,58
-27,-6,58
-27,-6,58
-27,-6,58
-27,-6,58
-27,-6,58
-27,-6,58
-27,-6,58
-28,-6,58
-27,-6,58
-27,-6,58
-27,-6,58
-27,-6,58
-27,-6,58
-28,-6,58
-27,-6,58
-27,-6,58
-27,-6,58
-27,-6,58
-27,-6,58
-27,-6,58
-27,-6,58
-27,-6,58
-27,-6,58
-27,-6,58
-27,-6,58
-27,-6,57
-27,-6,58
-27,-6,58
-27,-6,58
-27,-6,58
-27,-6,58
-27,-6,58
-27,-6,58
-27,-6,58
-27,-6,58
-27,-6,58
-27,-6,58
-27,-6,58
-27,-6,58
-27,-6,58
-27,-6,58
-27,-6,58
-27,-6,58
-28,-6,58
-27,-6,58
-27,-6,58
-27,-6,58
-27,-6,58
-27,-6,58
-27,-6,58
-27,-6,58
-27,-6,58
-27,-6,58
-27,-6,58
-28,-6,58
-27,-6,58
-27,-6,58
-27,-6,58
-27,-6,58
-27,-6,58
-27,-6,58
-27,-6,58
-27,-6,58
-27,-6,58
-27,-6,58
-27,-6,58
-27,-6,58
-27,-6,58
-27,-6,58
-27,-6,58
-28,-6,58
-27,-6,58
-28,-6,58
-28,-6,58
-27,-6,58
-27,-6,58
-27,-6,58
-27,-6,58
-27,-6,58
-27,-6,58
-27,-6,58
-27,-6,58
-27,-6,58
-27,-6,58
-27,-6,58
-27,-6,58
-27,-6,58
-27,-6,58
-27,-6,58
-27,-6,58
-27,-6,58
-27,-6,58
-27,-6,58
-27,-6,58
-27,-6,58
-27,-6,58
-27,-6,58
-27,-6,58
-27,-6,58
-27,-6,58
-27,-6,58
-27,-6,58
-27,-6,58
-27,-6,58
-27,-6,58
-27,-6,58
-27,-6,58
-27,-6,58
-27,-6,58
-27,-6,58
-27,-6,58
-27,-6,58
-27,-6,58
-27,-6,58
-27,-6,58
-27,-6,58
-27,-6,58
-27,-6,58
-27,-6,58
-27,-6,58
-27,-6,58
-27,-6,58
-27,-6,58
-27,-6,58
-27,-6,58
-27,-6,58
-27,-6,58
-27,-6,58
-27,-6,58
-27,-6,58
-27,-6,58
-27,-6,58
-27,-6,58
-27,-6,58
-27,-6,58
-27,-6,58
-27,-6,58
-27,-6,58
-27,-6,58
-27,-6,58
-27,-6,58
-27,-6,58
-27,-6,58
-27,-6,58
-27,-6,58
-27,-6,58
-27,-6,58
-27,-6,58
-27,-6,58
-27,-6,58
-27,-6,58
-27,-6,58
-27,-6,58
-27,-6,57
-27,-6,58
-27,-6,58
-27,-6,58
-27,-6,58
-27,-6,58
-27,-6,58
-27,-6,58
-27,-6,58
-27,-6,58
-27,-6,58
-27,-6,58
-27,-6,58
-27,-6,58
-27,-6,58
-27,-6,58
-27,-6,58
-27,-6,58
-27,-6,58
-27,-6,58
-27,-6,58
-27,-6,58
-27,-6,58
-27,-6,58
-27,-6,58
-27,-6,58
-27,-6,58
-27,-6,58
-28,-6,58
-27,-6,58
-27,-6,58
-27,-6,58
-27,-6,58
-27,-6,58
-27,-6,58
-27,-6,58
-27,-6,58
-28,-6,58
-27,-6,58
-28,-6,58
-28,-6,58
-27,-6,58
-27,-6,58
-27,-6,58
-27,-6,58
-27,-6,58
-27,-6,58
-26,-6,58
-26,-6,58
-27,-6,58
-27,-6,58
-27,-6,58
-27,-6,58
-27,-6,58
-27,-6,58
-27,-6,58
-27,-6,58
-27,-6,58
-27,-6,58
-27,-6,58
-27,-6,58
-27,-6,58
-27,-6,58
-27,-6,58
-27,-6,58
-27,-6,58
-27,-6,58
-27,-6,58
-27,-6,58
-27,-6,58
-27,-6,58
-27,-6,58
-27,-6,59
-26,-6,57
-29,-5,57
-28,-5,59
-25,-7,58
-26,-6,57
-29,-5,58
-27,-6,59
-26,-6,58
-28,-6,58
-27,-6,58
-27,-6,58
-26,-6,58
-27,-6,58
-27,-6,58
-27,-6,58
-27,-6,58
-27,-6,58
-27,-6,58
-27,-6,58
-27,-6,58
-27,-6,58
-27,-6,58
-27,-6,58
-27,-6,58
-27,-6,58
-27,-6,58
-27,-6,58
-27,-6,58
-27,-6,58
-27,-6,58
-27,-6,58
-27,-6,58
-27,-6,58
-27,-6,58
-27,-6,58
-27,-6,58
-27,-6,58
-27,-6,58
-27,-6,58
-27,-6,58
-27,-6,58
-27,-6,58
-27,-6,58
-27,-6,58
-27,-6,58
-27,-6,58
-27,-6,58
-27,-6,58
-27,-6,58
-27,-6,58
-27,-6,58
-27,-6,58
-27,-6,58
-27,-6,58
-27,-6,58
-27,-6,58
-27,-6,58
-27,-6,58
-27,-6,58
-27,-6,58
-27,-6,58
-27,-6,58
-27,-6,58
-27,-6,58
-27,-6,58
-27,-6,58
-27,-6,58
-27,-6,58
-28,-6,58
-27,-6,58
-27,-6,58
-28,-6,58
-27,-6,58
-27,-6,58
-27,-6,58
-27,-6,58
-27,-6,58
-27,-6,58
-27,-6,58
-27,-6,58
-27,-6,58
-27,-6,58
-27,-6,58
-27,-6,58
-27,-6,58
-27,-6,58
-27,-6,58
-27,-6,58
-27,-6,58
-27,-6,58
-27,-6,58
-27,-6,58
-27,-6,58
-27,-6,58
-27,-6,58
-27,-6,58
-27,-6,58
-26,-6,58
-26,-6,58
-27,-6,58
-27,-6,58
-27,-6,58
-27,-6,58
-27,-6,58
-27,-6,58
-27,-6,58
-26,-6,58
-26,-6,58
-28,-6,58
-26,-6,58
-26,-6,58
-26,-6,58
-27,-6,58
-26,-6,58
-26,-6,58
-27,-6,58
-27,-6,58
-27,-6,58
-27,-6,58
-27,-6,58
-27,-6,58
-27,-6,58
-27,-6,58
-27,-6,58
-27,-6,58
-27,-6,58
-27,-6,58
-27,-6,58
-27,-6,58
-27,-6,58
-27,-6,58
-26,-6,58
-26,-6,58
-27,-6,58
-27,-6,58
-27,-6,58
-27,-6,58
-27,-6,58
-27,-6,58
-27,-6,58
-26,-6,58
-26,-6,58
-27,-6,58
-27,-6,58
-27,-6,58
-27,-6,58
-27,-6,58
-27,-6,58
-26,-6,58
-26,-6,58
-27,-6,58
-27,-6,58
-28,-6,58
-28,-6,58
-27,-6,58
-27,-6,58
-27,-6,58
-27,-6,58
-27,-6,58
-27,-6,58
-27,-6,58
-27,-6,58
-27,-6,58
-27,-6,58
-27,-6,58
-27,-6,58
-27,-6,58
-27,-6,58
-27,-6,57
-27,-6,58
-27,-6,58
-27,-6,58
-27,-6,58
-27,-6,58
-27,-6,58
-27,-6,58
-27,-6,58
-27,-6,58
-27,-6,58
-27,-6,58
-27,-6,58
-27,-6,58
-27,-6,58
-27,-6,58
-27,-6,58
-27,-6,58
-27,-6,58
-27,-6,58
-27,-6,58
-27,-6,58
-27,-6,58
-27,-6,58
-27,-6,58
-27,-6,58
-27,-6,58
-27,-6,58
-27,-6,58
-27,-6,58
-27,-6,58
-27,-6,58
-27,-6,58
-27,-6,58
-27,-6,58
-27,-6,58
-27,-6,58
-27,-6,58
-27,-6,58
-27,-6,58
-27,-6,58
-27,-6,58
-27,-6,58
-27,-6,58
-27,-6,58
-27,-6,58
-27,-6,58
-27,-6,58
-27,-6,58
-27,-6,58
-27,-6,58
-27,-6,58
-27,-6,58
-27,-6,58
-27,-6,58
-27,-6,58
-27,-6,58
-27,-6,58
-27,-6,58
-27,-6,58
-27,-6,58
-27,-6,58
-26,-6,58
-27,-6,58
-27,-6,58
-27,-6,58
-27,-6,58
-27,-6,58
-27,-6,58
-27,-6,58
-27,-6,58
-27,-6,58
-27,-6,58
-28,-6,58
-27,-6,58
-27,-6,58
-27,-6,58
-27,-6,58
-27,-6,58
-27,-6,58
-27,-6,58
-27,-6,58
-27,-6,58
-27,-6,58
-27,-6,58
-27,-6,58
-27,-6,58
-27,-6,58
-27,-6,58
-27,-6,58
-27,-6,58
-27,-6,58
-27,-6,58
-27,-6,58
-27,-6,58
-26,-6,58
-27,-6,58
-27,-6,58
-27,-6,58
-27,-6,58
-27,-6,58
-27,-6,58
-27,-6,58
-27,-6,58
-27,-6,58
-27,-6,58
-27,-6,58
-27,-6,58
-27,-6,58
-27,-6,58
-27,-6,58
-27,-6,58
-27,-6,58
-27,-6,58
-27,-6,58
-27,-6,58
-27,-6,58
-27,-6,58
-27,-6,58
-27,-6,58
-27,-6,58
-27,-6,57
-27,-6,58
-27,-6,58
-27,-6,58
-27,-6,58
-27,-6,58
-27,-6,58
-27,-6,58
-27,-6,58
-27,-6,58
-27,-6,58
-27,-6,58
-27,-6,58
-27,-6,58
-27,-6,58
-27,-6,58
-27,-6,58
-27,-6,58
-27,-6,58
-27,-6,58
-27,-6,58
-27,-6,58
-27,-6,58
-27,-6,58
-27,-6,58
-26,-6,58
-27,-6,58
-27,-6,58
-27,-6,58
-27,-6,58
-27,-6,58
-27,-6,58
-27,-6,58
-27,-6,58
-27,-6,58
-27,-6,58
-27,-6,58
-27,-6,58
-27,-6,58
-27,-6,58
-27,-6,58
-27,-6,58
-27,-6,58
-27,-6,58
-27,-6,58
-27,-6,58
-27,-6,58
-27,-6,58
-27,-6,58
-27,-6,58
-26,-6,58
-27,-6,58
-27,-6,58
-27,-6,58
-27,-6,58
-27,-6,58
-27,-6,58
-27,-6,58
-27,-6,58
-27,-6,58
-27,-6,58
-27,-6,58
-27,-6,58
-27,-6,58
-27,-6,58
-26,-6,58
-27,-6,58
-27,-6,58
-27,-6,58
-27,-6,58
-27,-6,58
-27,-6,58
-27,-6,58
-27,-6,58
-27,-6,58
-27,-6,58
-27,-6,58
-27,-6,58
-27,-6,58
-27,-6,58
-27,-6,58
-27,-6,58
-27,-6,58
-27,-6,58
-27,-6,58
-27,-6,58
-27,-6,58
-27,-6,58
-27,-6,58
-27,-6,58
-27,-6,58
-26,-6,58
-27,-6,58
-27,-6,58
-27,-6,58
-27,-6,58
-27,-6,58
-27,-6,58
-27,-6,58
-27,-6,58
-27,-6,58
-27,-6,58
-27,-6,58
-27,-6,58
-27,-6,58
-27,-6,58
-27,-6,58
-27,-6,58
-27,-6,58
-26,-6,58
-26,-6,58
-27,-6,58
-27,-6,58
-27,-6,58
-27,-6,58
-27,-6,58
-27,-6,58
-27,-6,58
-27,-6,58
-27,-6,58
-27,-6,58
-27,-6,58
-27,-6,58
-27,-6,58
-27,-6,58
-27,-6,58
-27,-6,58
-27,-6,58
-27,-6,58
-27,-6,58
-27,-6,58
-27,-6,58
-27,-6,58
-27,-6,58
-27,-6,58
-27,-6,58
-27,-6,58
-27,-6,58
-27,-6,58
-27,-6,58
-27,-6,58
-27,-6,58
-27,-6,58
-27,-6,58
-27,-6,58
-27,-6,58
-27,-6,58
-27,-6,58
-27,-6,58
-27,-6,58
-27,-6,58
-27,-6,58
-27,-6,58
-27,-6,58
-27,-6,58
-27,-6,58
-27,-6,58
-27,-6,58
-27,-6,58
-27,-6,58
-27,-6,58
-27,-6,58
-27,-6,58
-27,-6,58
-27,-6,58
-27,-6,58
-27,-6,58
-27,-6,58
-27,-6,58
-27,-6,58
-27,-6,58
-27,-6,58
-27,-6,58
-27,-6,58
-27,-6,58
-27,-6,58
-27,-6,58
-27,-6,58
-27,-6,58
-27,-6,58
-27,-6,58
-27,-6,58
-27,-6,58
-27,-6,58
-27,-6,58
-27,-6,58
-27,-6,58
-27,-6,58
-27,-6,58
-27,-6,58
-27,-6,58
-27,-6,58
-27,-6,58
-27,-6,58
-27,-6,58
-27,-6,58
-27,-6,58
-27,-6,58
-27,-6,58
-27,-6,58
-27,-6,58
-27,-6,58
-27,-6,58
-27,-6,58
-27,-6,58
-27,-6,58
-27,-6,58
-27,-6,58
-27,-6,58
-27,-6,58
-27,-6,58
-27,-6,58
-27,-6,58
-27,-6,58
-27,-6,58
-27,-6,58
-27,-6,58
-27,-6,58
-27,-6,58
-27,-6,58
-27,-6,58
-27,-6,58
-27,-6,58
-27,-6,58
-27,-6,58
-27,-6,58
-26,-6,58
-26,-6,58
-27,-6,58
-27,-6,58
-27,-6,58
-27,-6,58
-27,-6,58
-27,-6,58
-27,-6,58
-27,-6,58
-27,-6,58
-26,-6,58
-27,-6,58
-27,-6,58
-26,-6,58
-27,-6,58
-27,-6,58
-27,-6,58
-27,-6,58
-27,-6,58
-27,-6,58
-27,-6,58
-27,-6,58
-27,-6,58
-27,-6,58
-27,-6,58
-27,-6,58
-27,-6,58
-27,-6,58
-27,-6,58
-27,-6,58
-27,-6,58
-27,-6,58
-27,-6,58
-27,-6,58
-27,-6,58
-27,-6,58
-27,-6,58
-27,-6,58
-27,-6,58
-27,-6,58
-27,-6,59
-26,-6,60
-27,-6,57
-28,-6,57
-27,-6,59
-26,-6,59
-27,-6,57
-28,-6,57
-26,-6,58
-26,-6,58
-27,-6,58
-27,-6,58
-27,-6,58
-27,-6,58
-27,-6,58
-27,-6,58
-27,-6,58
-27,-6,58
-27,-6,58
-27,-6,58
-27,-6,58
-27,-6,58
-27,-6,58
-27,-6,58
-27,-6,58
-27,-6,58
-27,-6,58
-27,-6,58
-27,-6,58
-27,-6,58
-27,-6,58
-27,-6,58
-27,-6,58
-27,-6,58
-27,-6,58
-27,-6,58
-27,-6,58
-27,-6,58
-27,-6,58
-27,-6,58
-27,-6,58
-27,-6,58
-27,-6,58
-27,-6,58
-27,-6,58
-27,-6,58
-27,-6,58
-27,-6,58
-27,-6,58
-27,-6,58
-27,-6,58
-27,-6,58
-27,-6,58
-27,-6,58
-27,-6,58
-27,-6,58
-27,-6,58
-27,-6,58
-27,-6,58
-27,-6,58
-27,-6,58
-27,-6,58
-27,-6,58
-27,-6,58
-27,-6,58
-27,-6,58
-27,-6,58
-27,-6,58
-27,-6,58
-27,-6,58
-27,-6,58
-27,-6,58
-27,-6,58
-27,-6,58
-27,-6,58
-27,-6,58
-27,-6,58
-27,-6,58
-27,-6,58
-27,-6,58
-27,-6,58
-27,-6,58
-27,-6,58
-27,-6,58
-27,-6,58
-27,-6,58
-27,-6,58
-27,-6,58
-27,-6,58
-27,-6,58
-27,-6,58
-27,-6,58
-27,-6,58
-27,-6,58
-26,-6,58
-27,-6,58
-27,-6,58
-27,-6,58
-27,-6,58
-27,-6,58
-27,-6,58
-27,-6,58
-27,-6,58
-27,-6,58
-27,-6,58
-27,-6,58
-27,-6,58
-27,-6,58
-27,-6,58
-27,-6,58
-27,-6,58
-27,-6,58
-27,-6,58
-27,-6,58
-27,-6,58
-27,-6,58
-27,-6,58
-27,-6,58
-27,-6,58
-27,-6,58
-27,-6,58
-27,-6,58
-27,-6,58
-27,-6,58
-27,-6,58
-27,-6,58
-27,-6,58
-27,-6,58
-27,-6,58
-27,-6,58
-27,-6,58
-27,-6,58
-27,-6,58
-27,-6,58
-27,-6,58
-27,-6,58
-27,-6,58
-27,-6,58
-27,-6,58
-27,-6,58
-27,-6,58
-27,-6,58
-27,-6,58
-27,-6,58
-27,-6,58
-27,-6,58
-27,-6,58
-27,-6,58
-27,-6,58
-27,-6,58
-27,-6,58
-27,-6,58
-27,-6,58
-27,-6,58
-27,-6,58
-27,-6,58
-27,-6,58
-27,-6,58
-27,-6,58
-27,-6,58
-27,-6,58
-27,-6,58
-27,-6,58
-27,-6,58
-27,-6,58
-27,-6,58
-27,-6,58
-27,-6,58
-27,-6,58
-27,-6,58
-27,-6,58
-27,-6,58
-27,-6,58
-27,-6,58
-27,-6,58
-27,-6,58
-27,-6,58
-27,-6,58
-27,-6,58
-27,-6,58
-27,-6,58
-27,-6,58
-27,-6,58
-27,-6,58
-27,-6,58
-27,-6,58
-27,-6,58
-27,-6,58
-27,-6,58
-27,-6,58
-27,-6,58
-27,-6,58
-27,-6,58
-27,-6,58
-27,-6,58
-27,-6,58
-27,-6,58
-27,-6,58
-27,-6,58
-27,-6,58
-27,-6,58
-27,-6,58
-27,-6,58
-27,-6,58
-27,-6,58
-27,-6,58
-27,-6,58
-27,-6,58
-27,-6,58
-27,-6,58
-27,-6,58
-27,-6,58
-27,-6,58
-27,-6,58
-27,-6,58
-27,-6,58
-27,-6,58
-27,-6,58
-27,-6,58
-27,-6,58
-27,-6,58
-27,-6,58
-27,-6,58
-27,-6,58
-27,-6,58
-27,-6,58
-27,-6,58
-27,-6,58
-27,-6,58
-27,-6,58
-27,-6,58
-27,-6,58
-27,-6,58
-27,-6,58
-27,-6,58
-27,-6,58
-27,-6,58
-27,-6,58
-26,-6,58
-27,-6,58
-27,-6,58
-27,-6,58
-27,-6,58
-27,-6,58
-27,-6,58
-27,-6,58
-27,-6,58
-27,-6,58
-27,-6,58
-27,-6,58
-27,-6,58
-27,-6,58
-27,-6,58
-27,-6,58
-27,-6,58
-27,-6,58
-27,-6,58
-27,-6,58
-27,-6,58
-27,-6,58
-27,-6,58
-27,-6,58
-27,-6,58
-27,-6,58
-27,-6,58
-27,-6,58
-27,-6,58
-27,-6,58
-27,-6,58
-27,-6,58
-27,-6,58
-27,-6,58
-27,-6,58
-27,-6,58
-27,-6,58
-27,-6,58
-27,-6,58
-27,-6,58
-27,-6,58
-27,-6,58
-27,-6,58
-27,-6,58
-27,-6,58
-27,-6,58
-27,-6,58
-27,-6,58
-27,-6,58
-27,-6,58
-27,-6,58
-27,-6,58
-27,-6,58
-27,-6,58
-27,-6,58
-27,-6,58
-27,-6,58
-27,-6,58
-27,-6,58
-27,-6,58
-27,-6,58
-27,-6,58
-27,-6,58
-27,-6,58
-27,-6,58
-27,-6,58
-27,-6,58
-27,-6,58
-27,-6,58
-27,-6,58
-27,-6,58
-27,-6,58
-27,-6,58
-27,-6,58
-27,-6,58
-27,-6,58
-27,-6,58
-27,-6,58
-27,-6,58
-27,-6,58
-27,-6,58
-27,-6,58
-27,-6,58
-27,-6,58
-27,-6,58
-27,-6,58
-27,-6,58
-27,-6,58
-27,-6,58
-27,-6,58
-27,-6,58
-27,-6,58
-27,-6,58
-27,-6,58
-27,-6,58
-27,-6,58
-27,-6,58
-27,-6,58
-27,-6,58
-27,-6,58
-27,-6,58
-27,-6,58
-27,-6,58
-27,-6,58
-27,-6,58
-27,-6,58
-27,-6,58
-27,-6,58
-27,-6,58
-27,-6,58
-27,-6,58
-27,-6,58
-27,-6,58
-27,-6,58
-27,-6,58
-27,-6,58
-27,-6,58
-27,-6,58
-27,-6,58
-27,-6,58
-27,-6,58
-27,-6,58
-27,-6,58
-27,-6,58
-27,-6,58
-27,-6,58
-26,-6,58
-27,-6,58
-27,-6,58
-27,-6,58
-27,-6,58
-27,-6,58
-27,-6,58
-27,-6,58
-27,-6,58
-27,-6,58
-27,-6,58
-27,-6,58
-27,-6,58
-27,-6,58
-27,-6,58
-27,-6,58
-27,-6,58
-27,-6,58
-27,-6,58
-27,-6,58
-27,-6,58
-27,-6,58
-27,-6,58
-27,-6,58
-27,-6,58
-27,-6,58
-27,-6,58
-27,-6,58
-27,-6,58
-27,-6,58
-27,-6,58
-27,-6,58
-27,-6,58
-27,-6,58
-27,-6,58
-27,-6,58
-27,-6,58
-27,-6,58
-27,-6,58
-27,-6,57
-27,-6,58
-27,-6,57
-27,-6,58
-27,-6,58
-27,-6,58
-27,-6,58
-27,-6,58
-27,-6,58
-27,-6,58
-27,-6,57
-28,-5,58
-27,-6,58
-24,-6,58
-25,-6,59
-28,-7,58
-28,-6,57
-28,-5,58
-27,-7,58
-27,-6,58
-28,-6,57
-28,-6,57
-27,-6,58
-27,-6,58
-28,-6,57
-28,-6,57
-27,-6,58
-27,-6,58
-27,-6,58
-27,-6,58
-27,-6,58
-27,-6,58
-27,-6,58
-27,-6,58
-27,-6,58
-28,-6,58
-27,-6,57
-27,-6,57
-27,-6,58
-27,-6,58
-27,-6,58
-28,-6,58
-28,-5,58
-27,-6,58
-27,-6,58
-28,-6,58
-27,-6,57
-28,-6,58
-27,-6,58
-28,-6,58
-28,-6,58
-28,-6,58
-27,-6,58
-28,-6,57
-27,-6,58
-27,-6,58
-27,-6,58
-27,-6,58
-27,-6,58
-27,-6,58
-27,-6,58
-27,-6,58
-27,-6,58
-27,-6,58
-27,-6,58
-27,-6,58
-27,-6,58
-27,-6,58
-27,-6,58
-27,-6,58
-27,-6,58
-27,-6,58
-27,-6,58
-27,-6,58
-27,-6,58
-27,-6,58
-27,-6,58
-27,-6,58
-27,-6,58
-27,-6,58
-27,-6,58
-27,-6,58
-27,-6,58
-27,-6,58
-27,-6,58
-27,-6,58
-28,-6,58
-28,-6,58
-28,-6,58
-27,-6,57
-28,-6,58
-28,-6,58
-28,-6,57
-28,-6,58
-28,-6,58
-28,-6,58
-28,-6,57
-28,-6,58
-28,-6,58
-28,-6,58
-28,-6,57
-28,-6,58
-28,-5,58
-27,-6,57
-27,-6,57
-28,-5,58
-28,-5,57
-28,-6,58
-28,-6,57
-28,-5,58
-27,-5,58
-28,-6,57
-28,-6,58
-28,-6,57
-27,-6,58
-27,-6,58
-28,-6,58
-27,-6,58
-27,-5,58
-25,-6,58
-28,-6,59
-28,-6,57
-27,-6,58
-26,-6,58
-27,-6,58
-28,-6,57
-28,-6,57
-27,-6,57
-27,-7,57
-27,-7,56
-27,-4,59
-27,-4,59
-29,-5,57
-29,-4,58
-27,-4,60
-30,-3,59
-26,-6,59
-26,-5,57
-24,-5,57
-25,-6,57
-26,-4,59
-26,-4,58
-27,-5,55
-28,-5,56
-28,-2,60
-28,-1,61
-27,-2,58
-27,-3,59
-26,-3,58
-24,-2,59
-25,-2,60
-27,-1,60
-29,-2,58
-28,-2,58
-26,-2,58
-24,-3,58
-24,-4,59
-25,-4,59
-25,-4,58
-26,-4,58
-28,-4,58
-24,-3,59
-24,-2,58
-28,-2,58
-29,-4,57
-29,-3,58
-29,-2,58
-28,-4,57
-30,-5,56
-30,-3,58
-29,-2,58
-31,-4,56
-33,-4,57
-31,-4,57
-29,-4,56
-27,-6,56
-28,-6,58
-25,-7,57
-24,-6,57
-28,-4,58
-29,-5,58
-28,-5,57
-27,-5,57
-28,-5,59
-28,-5,58
-27,-5,58
-28,-5,58
-28,-6,58
-27,-5,57
-28,-5,58
-28,-5,57
-28,-5,57
-28,-5,57
-28,-5,57
-29,-5,57
-29,-5,57
-29,-4,58
-28,-5,57
-28,-4,57
-30,-4,58
-29,-4,57
-28,-4,57
-28,-4,58
-28,-4,57
-28,-4,58
-29,-3,58
-29,-4,57
-29,-4,57
-29,-4,57
-29,-4,58
-29,-4,57
-29,-4,57
-30,-4,57
-30,-4,57
-30,-4,57
-29,-4,57
-28,-4,57
-28,-5,57
-28,-4,57
-29,-4,58
-28,-4,57
-28,-4,58
-29,-4,58
-28,-4,57
-28,-5,57
-28,-5,58
-28,-4,57
-28,-4,57
-28,-5,57
-28,-5,57
-28,-5,57
-28,-4,57
-29,-4,57
-28,-4,58
-28,-5,57
-28,-5,58
-28,-5,58
-28,-5,57
-28,-4,57
-28,-4,58
-28,-5,58
-28,-4,57
-28,-4,58
-28,-4,57
-29,-4,57
-29,-4,57
-29,-4,58
-29,-4,58
-28,-4,57
-28,-4,57
-29,-4,58
-29,-4,57
-28,-4,57
-28,-4,58
-28,-5,57
-28,-5,57
-28,-5,57
-29,-5,57
-29,-4,57
-29,-4,57
-28,-4,57
-28,-5,57
-29,-4,57
-28,-5,57
-28,-5,57
-29,-5,57
-28,-5,57
-28,-5,57
-29,-4,58
-28,-4,58
-29,-4,57
-28,-4,57
-28,-4,57
-29,-5,57
-28,-5,57
-28,-4,57
-28,-4,57
-28,-4,57
-28,-5,57
-28,-5,58
-28,-5,57
-28,-4,57
-28,-4,58
-28,-5,57
-28,-5,57
-28,-4,57
-28,-4,57
-28,-5,57
-28,-5,58
-28,-4,57
-29,-4,58
-28,-5,58
-28,-5,57
-29,-4,57
-29,-5,57
-29,-5,57
-29,-4,57
-29,-4,57
-29,-4,57
-29,-5,57
-28,-5,57
-29,-4,57
-29,-4,57
-29,-5,57
-29,-4,57
-29,-5,57
-28,-4,57
-29,-4,57
-29,-5,57
-29,-5,57
-29,-4,57
-29,-5,57
-29,-4,57
-29,-4,57
-29,-4,57
-29,-5,57
-29,-5,57
-29,-4,57
-29,-5,57
-29,-5,57
-29,-4,57
-29,-5,57
-29,-5,57
-29,-4,57
-29,-4,57
-29,-4,57
-29,-5,57
-28,-5,57
-29,-5,57
-29,-5,57
-29,-5,57
-28,-5,57
-28,-5,57
-28,-4,57
-28,-5,57
-28,-5,58
-28,-5,57
-28,-4,57
-28,-4,57
-28,-5,57
-29,-5,57
-28,-5,57
-28,-5,58
-28,-5,58
-28,-4,58
-28,-4,58
-28,-5,57
-28,-5,58
-28,-4,58
-28,-5,58
-28,-5,57
-28,-4,57
-28,-5,58
-28,-5,57
-28,-5,58
-28,-4,58
-28,-5,57
-28,-5,57
-28,-4,58
-28,-4,58
-28,-5,58
-28,-5,57
-28,-4,57
-28,-5,57
-28,-5,58
-28,-5,57
-28,-5,57
-28,-4,57
-28,-5,57
-28,-5,57
-28,-4,58
-28,-5,57
-28,-5,57
-28,-5,57
-28,-5,57
-28,-5,58
-28,-5,57
-28,-5,57
-28,-5,58
-28,-5,58
-28,-5,57
-28,-5,58
-28,-5,57
-28,-5,58
-28,-5,58
-28,-4,58
-28,-5,58
-28,-4,58
-28,-5,57
-28,-5,58
-28,-5,57
-28,-5,57
-28,-5,57
-28,-4,57
-28,-5,58
-28,-5,58
-28,-5,57
-28,-5,58
-28,-5,57
-28,-5,57
-28,-4,58
-28,-5,57
-28,-5,57
-28,-5,57
-28,-5,57
-28,-5,57
-28,-5,57
-28,-5,57
-28,-5,57
-28,-5,57
-28,-5,58
-28,-5,58
-28,-5,58
-28,-5,57
-29,-5,57
-28,-4,58
-28,-6,57
-29,-4,57
-28,-5,58
-28,-6,57
-29,-3,57
-28,-4,57
-28,-6,58
-28,-5,58
-28,-4,57
-29,-5,57
-28,-5,58
-28,-5,57
-29,-4,57
-29,-5,58
-28,-5,57
-29,-5,57
-28,-5,57
-28,-5,57
-29,-5,57
-29,-5,57
-28,-4,57
-29,-5,57
-29,-5,57
-28,-4,57
-29,-5,57
-28,-5,57
-29,-5,57
-29,-5,57
-28,-5,57
-29,-5,57
-29,-5,57
-28,-5,57
-28,-5,57
-28,-5,58
-28,-4,57
-28,-5,58
-28,-5,57
-28,-5,57
-28,-5,57
-28,-5,57
-28,-5,57
-28,-5,57
-28,-4,57
-28,-5,58
-28,-5,57
-28,-5,57
-28,-4,57
-28,-5,57
-28,-5,58
-28,-5,57
-28,-5,57
-28,-5,57
-28,-5,57
-28,-4,58
-28,-5,57
-28,-5,58
-28,-5,58
-28,-5,57
-28,-5,57
-28,-5,58
-28,-4,58
-28,-5,57
-28,-5,58
-28,-5,58
-28,-5,58
-28,-5,57
-28,-5,57
-28,-5,58
-28,-5,58
-28,-5,57
-28,-5,57
-28,-5,58
-28,-5,58
-28,-5,58
-28,-5,57
-28,-4,58
-28,-5,58
-28,-5,57
-29,-5,57
-29,-5,58
-28,-5,58
-27,-5,58
-29,-4,60
-30,-4,61
-32,-3,64
-28,-3,63
-20,4,61
-15,8,71
-16,6,70
-19,4,61
-21,5,61
-20,2,61
-17,0,58
-12,-5,59
-17,-4,63
-20,-4,64
-15,-5,64
-11,-5,62
-13,-4,62
-7,-8,55
0,-9,53
2,-2,61
1,-1,61
-6,-1,52
-3,-3,50
-9,-3,48
-13,-4,44
-16,-9,43
-18,-11,42
-36,-11,42
-41,-13,48
-31,-13,52
-36,-9,58
-37,1,68
-34,2,66
-38,15,58
-34,16,64
-35,16,65
-31,16,58
-32,20,61
-39,19,66
-26,24,77
-32,30,47
-29,38,46
-4,43,48
-32,53,63
-45,33,33
-44,36,31
-38,52,30
-44,48,28
-35,45,28
-32,51,24
-25,63,17
-26,63,16
-34,54,19
-37,49,20
-30,48,18
-31,50,17
-31,56,12
-28,57,8
-50,60,8
-46,64,6
-29,65,11
-20,67,17
-24,90,15
-18,91,18
-12,86,3
-9,82,7
2,75,15
9,65,14
0,60,7
-22,54,1
-29,53,6
-34,46,13
-40,48,12
-47,46,11
-49,46,12
-50,47,17
-48,45,18
-45,39,19
-43,38,21
-39,37,26
-36,38,25
-32,45,26
-31,50,28
-34,50,31
-34,54,33
-27,61,44
-13,55,46
-8,55,47
-3,56,48
3,57,45
-1,53,37
-7,50,37
-9,42,36
-11,39,36
-21,29,41
-25,25,42
-28,20,46
-32,19,50
-45,18,56
-49,21,58
-53,27,55
-52,29,51
-42,23,40
-41,20,36
-42,26,35
-40,29,36
-42,35,39
-46,39,41
-51,39,38
-51,37,37
-45,31,36
-43,28,37
-43,24,37
-44,24,38
-43,25,40
-43,27,43
-42,28,47
-42,33,51
-39,32,50
-38,29,46
-45,22,43
-37,28,50
-38,26,50
-42,28,47
-43,27,47
-48,23,48
-50,21,45
-44,15,43
-43,13,43
-43,12,44
-39,13,44
-36,14,44
-36,14,45
-36,13,48
-34,11,47
-35,6,47
-37,4,48
-43,2,52
-45,7,54
-51,13,49
-52,12,45
-43,7,35
-42,5,32
-44,4,31
-44,3,30
-54,8,37
-51,10,39
-49,5,37
-53,2,40
-53,1,41
-53,1,42
-53,1,42
-52,2,42
-50,2,42
-47,2,43
-47,1,43
-51,0,43
-53,0,44
-57,0,49
-59,1,51
-63,5,57
-67,7,60
-59,9,54
-48,13,51
-32,20,45
-27,24,44
-26,28,46
-26,29,48
-22,28,48
-23,26,49
-26,20,49
-26,17,48
-27,11,47
-29,9,48
-38,2,47
-44,-2,47
-50,-6,49
-66,-8,58
-66,-1,63
-58,7,58
-57,9,51
-44,7,44
-42,8,44
-43,16,47
-42,20,49
-38,21,46
-38,19,44
-36,12,39
-36,10,39
-34,8,40
-35,8,41
-42,9,45
-47,10,47
-48,11,50
-47,11,51
-46,10,51
-44,11,50
-34,5,48
-35,2,49
-47,4,49
-44,3,46
-52,13,51
-50,15,51
-42,19,52
-46,20,47
-44,20,39
-44,19,38
-50,23,38
-33,13,32
-31,9,32
-62,31,35
-46,34,41
-34,55,60
-26,62,68
-18,54,65
-16,51,61
-16,42,56
-15,37,53
-19,33,47
-24,32,45
-30,31,42
-34,29,42
-43,29,38
-47,27,37
-56,24,35
-56,22,35
-56,14,38
-60,13,40
-66,8,41
-66,7,41
-65,13,48
-63,15,51
-59,24,52
-55,28,51
-47,32,48
-36,30,42
-35,29,41
-28,35,47
-22,36,48
-18,35,48
-17,33,49
-19,29,48
-22,27,47
-27,23,45
-30,22,46
-38,22,50
-39,20,51
-43,19,50
-44,17,50
-45,14,48
-45,13,48
-44,13,48
-44,13,48
-44,15,48
-44,16,48
-44,17,48
-43,17,48
-41,17,48
-40,18,49
-39,18,50
-38,18,49
-39,18,50
-39,17,50
-39,19,51
-39,19,51
-38,20,50
-38,19,48
-37,18,48
-35,17,46
-35,17,46
-35,16,46
-35,17,46
-36,17,47
-36,16,47
-38,16,48
-39,16,50
-40,15,50
-41,14,50
-42,13,50
-41,13,50
-43,13,49
-43,13,48
-42,14,46
-41,15,46
-39,16,45
-39,17,44
-41,18,42
-42,19,42
-41,22,43
-42,22,43
-46,25,43
-46,28,45
-44,28,45
-45,26,45
-45,25,46
-43,25,48
-43,25,48
-45,23,47
-46,22,47
-46,20,47
-47,21,47
-44,21,46
-41,19,44
-37,17,44
-35,17,45
-32,20,47
-31,23,48
-32,26,49
-31,26,49
-32,26,49
-33,26,49
-34,26,49
-34,26,50
-35,27,51
-34,27,50
-35,25,52
-36,25,52
-36,24,55
-35,23,56
-34,22,55
-34,21,54
-33,19,53
-34,18,50
-35,17,51
-37,17,51
-37,18,50
-38,17,47
-39,16,46
-39,16,48
-39,16,48
-39,19,51
-40,20,52
-36,21,51
-35,21,50
-32,19,50
-31,19,50
-31,19,50
-33,19,50
-36,18,50
-37,18,50
-39,19,49
-38,19,49
-37,18,49
-35,18,49
-35,18,49
-35,18,49
-35,18,49
-35,19,49
-37,18,48
-37,19,49
-38,19,49
-39,20,50
-39,21,50
-39,22,50
-38,22,49
-37,22,48
-37,22,48
-36,23,48
-36,24,48
-36,25,49
-35,25,48
-35,25,48
-35,25,48
-36,25,48
-36,25,48
-36,25,49
-36,25,49
-36,24,49
-36,24,48
-37,23,48
-38,23,48
-38,23,48
-39,22,47
-39,22,47
-39,22,47
-39,22,47
-39,22,47
-38,22,48
-38,21,47
-38,21,47
-38,21,48
-38,21,48
-38,21,47
-38,21,48
-39,21,48
-39,21,48
-39,21,48
-38,20,48
-38,20,48
-38,20,48
-39,20,48
-39,20,47
-39,21,47
-39,21,47
-39,21,47
-39,21,47
-39,21,47
-39,21,47
-39,21,48
-39,21,48
-38,21,48
-38,22,48
-38,21,48
-38,21,49
-38,22,48
-39,21,48
-40,22,48
-39,22,48
-38,22,47
-38,22,46
-37,22,46
-38,23,46
-38,23,46
-38,23,47
-38,24,48
-37,24,48
-37,24,47
-37,24,48
-37,25,49
-37,27,50
-36,27,49
-36,29,48
-36,30,48
-34,33,47
-33,34,46
-33,35,45
-32,35,44
-30,35,43
-30,35,43
-31,33,43
-32,33,43
-35,33,43
-35,33,44
-36,35,45
-36,36,43
-38,36,40
-38,34,39
-37,34,39
-38,34,40
-38,33,42
-37,31,44
-37,31,44
-38,31,47
-38,29,47
-39,25,46
-39,22,46
-38,20,47
-36,20,47
-37,19,48
-39,20,49
-40,27,54
-40,31,54
-35,30,49
-35,27,46
-31,28,44
-31,30,43
-37,32,41
-43,32,42
-46,35,45
-44,34,44
-43,31,42
-42,31,42
-42,31,42
-40,30,40
-39,28,38
-37,29,37
-35,29,38
-36,29,39
-39,29,40
-43,31,41
-44,31,42
-44,29,43
-44,29,44
-39,29,50
-35,29,51
-34,29,48
-35,29,48
-38,29,46
-39,32,47
-40,42,47
-39,41,44
-35,38,39
-30,37,38
-18,39,36
-15,42,35
-15,48,29
-16,50,26
-14,54,25
-13,54,26
-14,55,27
-14,54,27
-15,53,28
-15,53,30
-15,53,30
-18,54,31
-19,54,31
-19,54,30
-18,55,29
-18,55,28
-19,55,28
-20,55,27
-20,56,27
-22,60,26
-23,61,26
-25,63,26
-26,65,26
-24,66,27
-24,64,27
-25,62,27
-25,60,27
-27,56,28
-27,53,29
-30,48,31
-32,47,32
-35,47,34
-36,45,35
-39,48,36
-40,48,35
-41,45,36
-45,48,36
-46,45,38
-48,42,38
-40,37,36
-41,34,35
-44,35,35
-44,31,37
-45,29,37
-43,25,36
-41,24,31
-36,38,48
-41,25,38
-36,12,35
-39,4,29
-38,10,26
-28,13,8
-45,30,30
-65,26,19
-49,26,14
-49,24,3
-77,26,-11
-70,23,-9
-68,20,-12
-68,22,-12
-69,24,-11
-67,24,-10
-60,26,-4
-59,26,-4
-59,29,-11
-58,29,-10
-59,28,-10
-58,29,-7
-54,30,-7
-53,31,-10
-52,31,-9
-54,32,-9
-55,33,-9
-58,33,-8
-60,31,-9
-60,37,-6
-60,38,-2
-58,42,1
-51,43,3
-51,40,-2
-56,39,-4
-58,39,-2
-56,38,-2
-55,36,-2
-55,34,0
-50,32,0
-49,31,-1
-48,31,-3
-46,31,-6
-48,32,-3
-55,33,5
-61,27,2
-58,28,0
-61,26,-3
-58,24,-8
-59,23,-12
-61,25,-10
-64,23,-12
-62,22,-12
-63,22,-13
-56,22,-13
-53,20,-12
-62,20,-13
-57,18,-13
-63,16,-13
-66,15,-13
-65,11,-14
-63,11,-14
-63,14,-15
-64,15,-15
-59,18,-17
-58,20,-18
-61,21,-17
-59,19,-18
-61,15,-19
-62,14,-19
-58,11,-24
-59,12,-25
-54,14,-27
-52,15,-27
-51,15,-28
-52,13,-30
-56,10,-30
-57,10,-29
-60,13,-25
-60,14,-25
-60,18,-26
-59,19,-28
-55,17,-28
-55,15,-29
-55,15,-29
-53,16,-29
-52,17,-29
-52,18,-29
-54,19,-27
-57,22,-25
-56,23,-25
-60,28,-23
-61,30,-22
-61,32,-21
-58,32,-22
-57,33,-21
-56,32,-20
-50,31,-21
-49,31,-20
-51,30,-21
-51,31,-21
-51,35,-17
-50,37,-18
-48,38,-17
-48,40,-16
-50,40,-17
-50,40,-18
-49,42,-15
-48,41,-16
-46,41,-16
-46,35,-19
-47,35,-21
-45,37,-19
-47,39,-17
-48,40,-16
-47,39,-18
-47,41,-18
-47,44,-18
-43,45,-19
-44,47,-18
-44,49,-16
-46,48,-16
-47,45,-16
-47,44,-17
-46,44,-17
-44,44,-19
-42,47,-19
-42,49,-19
-44,46,-20
-46,45,-19
-46,40,-15
-47,38,-12
-47,32,-11
-40,33,-12
-41,33,-13
-45,33,-13
-51,32,-12
-50,29,-9
-52,29,-10
-54,31,-9
-51,30,-9
-57,30,-10
-60,28,-11
-66,25,-21
-64,23,-23
-63,22,-24
-64,20,-20
-64,17,-14
-64,15,-15
-70,12,-14
-66,12,-16
-52,9,-21
-53,9,-20
-57,8,-23
-57,7,-22
-64,4,-25
-67,5,-24
-65,7,-24
-63,3,-25
-67,-4,-20
-69,-10,-19
-69,-23,-14
-65,-30,-10
-67,-39,-15
-64,-41,-12
-61,-40,-10
-56,-43,-5
-56,-43,-4
-51,-40,1
-44,-40,3
-44,-38,-8
-40,-37,-9
-35,-33,-11
-34,-33,-11
-42,-35,-4
-47,-37,-8
-44,-38,-2
-46,-39,0
-44,-43,-1
-43,-47,-4
-45,-51,-11
-42,-50,-11
-34,-54,-11
-37,-57,-15
-40,-57,-23
-36,-58,-25
-32,-60,-20
-35,-58,-18
-48,-59,-6
-50,-60,-3
-49,-54,10
-60,-49,12
-67,-51,13
-52,-50,2
-50,-48,-2
-47,-47,0
-45,-48,3
-29,-55,0
-20,-60,4
-35,-52,-1
-27,-55,-4
-22,-52,-14
-26,-45,-3
-41,-43,11
-38,-43,14
-44,-40,1
-38,-41,-7
-15,-50,-18
-8,-56,-17
-15,-67,-15
-14,-68,-17
-17,-64,-5
-22,-64,0
-30,-62,3
-33,-60,6
-36,-54,11
-35,-52,14
-35,-45,15
-32,-44,17
-25,-43,12
-22,-41,8
-28,-35,5
-28,-33,-2
-41,-28,-17
-49,-11,-13
-55,-7,-8
-62,-8,9
-59,-8,10
-69,4,11
-78,5,2
-78,15,10
-97,14,-9
-97,20,-18
-62,17,0
-61,27,58
-74,33,63
-67,24,54
-49,20,58
-41,22,49
-40,21,44
-52,15,30
-53,11,30
-52,6,25
-56,2,21
-59,-3,14
-65,-4,8
-69,-6,11
-70,-6,16
-67,2,18
-65,3,17
-66,6,9
-61,9,8
-62,11,7
-67,15,8
-68,15,8
-67,10,6
-69,9,5
-67,8,10
-68,6,10
-69,6,11
-66,5,12
-59,3,14
-58,2,13
-66,3,10
-73,6,13
-75,7,10
-74,8,6
-63,5,11
-60,2,11
-73,-2,-9
-74,0,-19
-81,-3,-44
-73,-4,-40
-55,-9,-20
-56,-12,-20
-43,-18,-18
-58,-25,-27
-34,-29,-26
-25,-26,-20
-52,-29,-19
-48,-18,-10
-59,-40,-29
-59,-54,-26
-25,-47,-9
-31,-37,-26
-56,-13,-22
-43,-5,-36
-30,-2,-43
-35,-2,-33
-34,-3,-32
-19,-6,-53
-20,-16,-63
-32,-16,-37
-32,-13,-26
-55,0,-34
-63,4,-38
-67,13,-51
-64,20,-49
-71,20,-60
-113,14,-103
-46,21,-69
-27,27,-59
-33,30,-61
-36,31,-83
-43,16,-67
-45,7,-56
-62,-8,-43
-58,-10,-29
-60,-7,-32
-58,3,-34
-54,6,-28
-58,6,-26
-58,7,-17
-55,6,-9
-54,2,-9
-57,4,-2
-57,3,-1
-67,7,3
-71,8,3
-65,5,4
-67,6,4
-70,9,15
-66,9,17
-62,4,18
-64,1,18
-62,-5,18
-60,-9,20
-59,-14,17
-57,-18,14
-61,-27,5
-63,-32,4
-64,-39,-1
-68,-43,-6
-66,-45,-4
-64,-43,-1
-60,-38,3
-58,-35,7
-48,-25,14
-57,-15,13
-56,-10,12
-52,3,3
-64,8,-10
-61,17,-30
-66,14,-44
-58,-1,-33
-57,-9,-28
-76,-1,-13
-82,-4,-50
-86,-18,-32
-81,-19,-38
-85,-19,-42
-72,-23,-45
-52,-35,-43
-49,-39,-43
-33,-37,-28
-26,-32,-22
-16,-22,-15
-2,-19,-26
-7,-14,-22
-15,-8,-28
-24,6,-30
-26,6,-26
-42,10,-34
-47,11,-36
-69,17,-46
-121,21,-85
-115,7,-83
-59,3,-43
-40,14,-37
-61,21,-68
-59,18,-68
-44,13,-58
-45,8,-55
-57,-7,-17
-62,-14,6
-80,-24,36
-68,-37,24
-98,-40,-25
-100,-36,-38
-98,-12,-8
-92,-7,-8
-56,1,11
-41,4,23
-75,36,23
-104,66,30
-32,64,61
-3,52,65
-3,19,47
-9,4,46
-7,-6,38
-9,-4,27
-56,2,26
-60,0,30
-61,-5,39
-60,-2,42
-51,1,51
-50,3,49
-52,8,42
-68,5,30
-68,-1,36
-71,-6,35
-74,-3,34
-75,5,43
-58,8,47
-52,10,37
-48,12,36
-49,10,31
-46,8,33
-43,5,40
-50,-1,42
-52,-12,46
-53,-10,51
-49,-13,51
-47,-13,48
-40,-10,44
-45,-6,40
-52,12,31
-50,18,29
-54,32,36
-57,34,41
-43,28,45
-39,15,48
-38,6,46
-37,-7,39
-41,-11,36
-35,-15,34
-32,-21,36
-33,-30,35
-34,-29,39
-41,-27,43
-47,-30,40
-52,-27,39
-48,-30,38
-47,-36,31
-48,-38,28
-43,-40,25
-45,-39,22
-46,-38,20
-43,-35,18
-41,-26,17
-43,-23,20
-46,-24,23
-48,-21,20
-47,-26,15
-59,-70,11
-59,-95,17
-29,-60,31
-26,-44,11
-45,-45,8
-51,-57,6
-47,-64,3
-35,-66,-1
-28,-54,4
-29,-62,2
-24,-51,6
-22,-56,7
-17,-62,7
-11,-54,6
-8,-62,8
-5,-61,8
4,-61,6
4,-64,8
-1,-59,10
-1,-58,14
-5,-59,10
-9,-59,9
-7,-60,4
-10,-63,4
-15,-58,7
-15,-65,10
-11,-61,14
-10,-65,10
-19,-59,10
-17,-65,9
-23,-54,15
-21,-60,15
-21,-57,12
-23,-57,11
-20,-56,12
-17,-60,9
-23,-57,8
-18,-65,6
-19,-62,9
-22,-56,11
-21,-56,12
-22,-60,13
-23,-60,10
-29,-54,13
-30,-55,11
-31,-53,10
-33,-56,8
-36,-51,9
-33,-53,7
-33,-53,8
-36,-52,8
-34,-52,9
-34,-53,10
-36,-51,10
-39,-48,10
-40,-51,7
-42,-49,8
-43,-51,7
-42,-51,8
-41,-49,8
-39,-51,8
-36,-48,6
-39,-50,6
-38,-49,7
-39,-51,7
-40,-50,7
-40,-51,7
-40,-51,7
-37,-50,7
-39,-51,7
-38,-49,8
-39,-50,7
-39,-48,8
-39,-50,7
-39,-50,7
-38,-49,7
-40,-50,7
-41,-50,8
-37,-49,7
-38,-50,7
-40,-50,8
-40,-49,8
-38,-51,7
-39,-49,7
-39,-51,7
-38,-51,7
-39,-50,7
-39,-51,8
-39,-49,8
-39,-51,7
-39,-51,7
-39,-50,8
-38,-51,8
-38,-52,10
-37,-51,11
-35,-54,17
-36,-52,18
-41,-49,10
-36,-45,8
-35,-50,5
-41,-49,-2
-35,-51,-4
-30,-54,-6
-36,-52,-13
-45,-51,-13
-42,-53,-4
-42,-55,-2
-43,-53,-3
-42,-56,-5
-40,-54,-3
-37,-54,-4
-36,-57,-9
-34,-58,-8
-24,-56,-6
-16,-57,-5
-19,-60,-10
-14,-63,-12
-10,-66,-13
-10,-64,-12
-2,-85,-18
-3,-81,-19
-8,-76,-16
-14,-66,-22
-8,-59,-23
10,-36,-5
15,-34,-4
23,-24,21
28,-24,25
21,-23,34
15,-30,39
11,-42,29
7,-49,29
1,-83,45
9,-83,47
7,-69,49
-4,-57,42
-45,-46,26
-55,-49,22
-39,-63,23
-31,-63,24
-21,-55,26
-13,-52,27
-6,-54,32
-2,-53,34
0,-51,34
-1,-54,34
2,-53,34
4,-52,33
8,-50,28
12,-52,26
15,-56,21
23,-59,18
27,-56,17
29,-57,14
25,-56,14
21,-61,17
16,-58,15
13,-56,16
12,-55,17
20,-58,18
21,-57,19
24,-55,18
28,-59,20
13,-63,11
13,-58,13
8,-56,27
10,-55,33
13,-58,29
15,-58,25
10,-59,17
7,-56,17
11,-59,23
9,-58,21
13,-52,23
20,-53,23
29,-61,19
32,-59,23
25,-55,25
14,-53,23
11,-53,23
17,-51,28
21,-54,24
26,-59,23
14,-56,26
-6,-54,27
4,-60,22
17,-59,17
20,-58,20
11,-56,20
8,-57,24
8,-57,23
16,-57,24
8,-56,26
-1,-59,26
13,-55,30
22,-55,30
21,-55,23
18,-56,19
11,-56,36
4,-65,34
0,-53,31
18,-53,32
18,-56,25
17,-54,24
5,-55,24
5,-58,25
11,-58,28
12,-59,20
17,-56,23
13,-58,27
13,-57,27
9,-56,25
8,-54,24
10,-54,29
10,-55,30
9,-55,30
9,-55,31
6,-55,30
4,-56,30
2,-55,30
1,-55,30
2,-56,29
3,-56,28
4,-57,28
5,-57,28
5,-56,27
7,-56,27
8,-57,26
8,-57,26
7,-57,26
7,-56,26
7,-57,27
6,-57,26
5,-57,26
5,-57,27
5,-57,27
5,-56,28
5,-56,29
4,-56,29
4,-55,29
5,-55,29
5,-55,29
5,-56,29
5,-56,29
5,-56,29
5,-56,28
5,-56,28
5,-56,28
5,-56,27
6,-56,28
5,-55,29
4,-54,30
3,-62,34
1,-58,34
15,-44,27
35,-43,34
21,-60,34
0,-63,25
-8,-59,19
-1,-56,18
18,-61,24
6,-59,25
-20,-63,20
-18,-63,18
-3,-62,13
-6,-61,0
11,-63,3
16,-60,8
8,-60,5
12,-62,10
14,-62,11
5,-60,9
7,-62,9
13,-61,12
10,-61,11
13,-62,11
17,-61,9
16,-60,10
14,-61,12
6,-62,15
5,-61,17
6,-59,20
4,-61,21
1,-61,18
7,-59,17
3,-58,8
4,-63,7
1,-69,7
3,-66,11
1,-58,9
3,-60,9
-2,-61,6
-3,-64,5
-2,-64,5
2,-63,4
8,-62,6
5,-62,3
3,-63,3
6,-62,6
6,-62,7
6,-62,9
6,-62,9
4,-63,9
4,-63,10
2,-61,10
4,-62,11
4,-62,12
3,-61,12
4,-62,13
5,-62,13
3,-61,11
3,-61,11
6,-62,12
6,-62,11
5,-62,11
4,-62,10
4,-61,10
4,-61,10
5,-62,11
5,-62,11
4,-63,10
4,-61,10
5,-61,10
4,-61,11
4,-61,11
4,-62,11
5,-61,13
5,-61,13
3,-61,12
7,-61,14
8,-61,13
6,-61,10
4,-61,8
7,-63,9
8,-61,10
5,-63,12
5,-63,12
4,-61,12
1,-60,9
11,-60,15
9,-61,14
2,-63,12
2,-60,10
10,-63,12
9,-63,12
4,-60,14
3,-60,16
4,-61,17
10,-63,18
14,-62,16
9,-59,11
9,-60,10
8,-64,8
5,-62,8
4,-62,8
3,-61,9
2,-61,11
0,-62,11
-5,-68,13
-6,-59,12
-6,-60,16
-5,-59,15
0,-62,12
0,-64,10
-1,-62,11
0,-62,11
1,-63,10
1,-63,10
0,-62,11
1,-62,13
0,-61,14
3,-61,13
6,-63,12
3,-62,11
0,-62,12
2,-62,12
5,-62,12
5,-60,11
4,-62,10
4,-62,10
5,-61,10
5,-63,9
6,-63,10
3,-61,10
3,-61,10
4,-63,11
3,-62,10
3,-62,10
4,-62,10
4,-62,9
4,-62,9
4,-62,9
4,-62,9
3,-62,9
3,-62,9
3,-62,9
3,-62,9
3,-62,9
4,-62,9
4,-62,9
3,-62,9
5,-63,8
6,-63,9
4,-63,9
2,-62,8
5,-62,10
9,-63,10
12,-62,11
11,-64,8
9,-62,7
2,-61,7
-3,-61,8
-5,-62,8
-2,-62,9
-1,-60,7
-3,-61,7
-15,-61,2
-20,-60,0
-19,-61,-2
-19,-61,-5
-30,-53,0
-37,-54,5
-36,-55,14
-33,-54,18
-28,-50,29
-21,-49,36
-20,-52,36
-25,-50,33
-37,-53,24
-31,-52,24
-15,-51,30
-15,-49,34
-16,-57,34
-7,-53,38
-21,-54,27
-37,-53,17
-47,-49,16
-58,-49,-1
-62,-44,-6
-38,-61,-5
-15,-61,-3
36,-55,20
49,-54,46
7,-48,46
-28,-47,35
-35,-46,28
-34,-52,23
-73,-55,27
-65,-37,48
-81,-42,40
-77,-55,3
-14,-48,-2
6,-62,-19
32,-56,11
12,-50,20
-19,-50,39
-21,-51,31
-35,-60,7
-18,-69,26
-14,-60,6
-16,-55,3
8,-51,-22
18,-52,-21
-20,-71,-49
-9,-73,-37
-15,-58,-17
-16,-66,-21
-2,-65,3
8,-66,-56
-54,-45,-53
-38,-56,-36
-22,-63,-27
-53,-61,-38
-40,-61,-37
24,-54,7
20,-35,24
13,-34,33
33,-35,54
10,-32,51
-12,-33,58
-18,-53,72
-16,-62,55
-34,-49,47
-46,-44,34
-57,-39,11
-62,-43,6
-57,-41,5
-46,-43,13
-41,-36,34
-42,-37,35
-45,-38,27
-48,-33,23
-58,-35,5
-59,-37,4
-59,-34,4
-64,-37,7
-62,-37,3
-53,-34,4
-57,-37,-2
-64,-41,-6
-67,-43,-8
-66,-44,-6
-64,-40,6
-65,-41,-11
-46,-33,1
-9,-44,30
-20,-53,28
-16,-52,27
-19,-53,22
-30,-46,18
-38,-47,15
-37,-54,16
-26,-56,26
-10,-48,22
-4,-47,18
8,-53,24
14,-60,33
15,-58,36
16,-52,40
-4,-51,40
-11,-55,30
4,-62,29
-3,-61,26
-12,-59,10
-9,-61,9
-3,-58,15
18,-59,21
3,-55,23
-8,-55,37
20,-58,47
17,-51,60
16,-44,60
-15,-51,9
-20,-49,15
-33,-64,-5
-33,-72,-13
11,-66,-10
30,-67,-8
1,-70,-13
-1,-67,-5
-27,-42,21
-6,-37,61
7,-57,54
3,-53,43
3,-56,16
10,-59,13
14,-60,11
18,-59,7
30,-58,14
28,-53,20
30,-57,25
18,-59,20
13,-59,15
25,-61,8
27,-62,4
22,-59,6
19,-55,12
17,-51,22
13,-54,26
12,-59,25
14,-63,17
21,-62,9
29,-61,13
33,-63,21
35,-59,21
26,-57,19
22,-54,18
-2,-46,28
-10,-42,33
-20,-50,33
-13,-55,33
1,-55,29
6,-55,27
23,-60,22
30,-62,19
44,-66,7
30,-63,17
-38,-53,39
-72,-50,37
0,-46,38
16,-54,36
8,-56,37
-8,-52,34
-12,-54,27
-12,-57,29
-10,-56,30
-1,-56,27
4,-56,28
9,-58,27
12,-58,26
15,-57,27
13,-56,27
9,-56,26
9,-55,28
4,-56,31
1,-56,31
-2,-56,30
-2,-56,30
0,-56,29
0,-56,28
1,-56,27
2,-57,24
-1,-57,22
1,-58,27
8,-57,32
6,-57,28
6,-57,27
6,-56,29
8,-56,30
6,-56,28
6,-56,29
4,-56,29
3,-56,28
3,-56,27
2,-56,28
3,-58,27
3,-57,27
2,-57,24
3,-58,24
4,-58,26
3,-57,26
3,-57,27
3,-57,26
3,-57,27
3,-57,27
3,-57,27
3,-57,27
3,-57,27
3,-57,27
3,-57,26
3,-57,26
3,-57,26
3,-57,26
3,-57,26
3,-57,26
3,-57,26
3,-57,26
3,-57,26
3,-57,26
3,-57,26
3,-57,26
3,-58,26
3,-57,26
3,-57,26
3,-57,26
3,-57,26
3,-57,26
3,-57,26
3,-57,26
3,-57,26
3,-57,26
3,-57,26
3,-57,26
3,-58,26
3,-58,26
3,-57,26
3,-57,26
3,-57,26
3,-57,26
3,-57,26
3,-58,26
3,-58,26
3,-57,25
3,-57,26
3,-57,26
3,-57,25
3,-57,26
3,-57,26
3,-57,26
3,-57,26
3,-57,26
3,-57,26
3,-57,26
3,-57,26
3,-57,26
3,-57,26
3,-57,26
3,-57,26
3,-57,26
3,-58,26
3,-57,26
3,-57,26
3,-57,26
3,-57,26
3,-57,26
3,-57,26
2,-57,26
3,-57,26
2,-57,26
2,-57,26
3,-57,26
3,-57,26
2,-58,26
2,-57,26
3,-57,26
3,-57,26
2,-57,26
2,-57,26
3,-57,26
3,-57,26
2,-57,26
2,-57,26
2,-57,26
2,-57,26
2,-57,26
2,-57,27
2,-57,26
2,-57,27
2,-57,26
2,-57,26
2,-57,26
2,-57,27
2,-57,27
2,-57,27
2,-57,27
2,-57,27
2,-57,27
2,-57,27
2,-57,27
2,-57,27
2,-57,27
1,-57,27
2,-57,27
2,-57,27
2,-57,27
2,-57,27
2,-57,27
2,-57,27
2,-57,27
2,-57,27
2,-57,27
2,-57,27
1,-57,27
2,-57,27
2,-57,27
2,-57,27
2,-57,27
2,-57,27
2,-57,27
2,-57,27
2,-57,27
2,-57,27
2,-57,27
2,-57,27
2,-57,27
2,-57,27
2,-57,27
2,-57,27
2,-57,27
1,-57,27
2,-57,27
2,-57,27
2,-57,27
2,-57,27
2,-57,27
2,-57,27
2,-57,27
2,-57,27
2,-57,27
2,-57,27
1,-57,27
2,-57,27
2,-57,27
2,-57,27
2,-57,27
2,-57,27
2,-57,27
2,-57,27
2,-57,27
2,-57,27
2,-57,27
2,-57,27
2,-57,27
2,-57,27
2,-57,27
2,-57,27
2,-57,27
1,-57,27
1,-57,27
2,-57,27
2,-57,27
2,-57,27
1,-57,27
2,-57,27
2,-57,27
1,-57,27
2,-57,27
2,-57,27
1,-57,27
2,-57,27
2,-57,27
2,-57,27
2,-57,27
2,-57,27
2,-57,27
2,-57,27
2,-57,27
2,-57,27
2,-57,27
2,-57,26
2,-57,27
2,-57,27
2,-57,27
2,-57,26
2,-57,27
2,-57,26
2,-57,26
2,-57,26
2,-57,26
2,-57,26
2,-57,26
2,-57,26
2,-57,26
2,-57,26
2,-57,26
2,-57,26
2,-57,26
2,-57,26
2,-57,26
2,-57,26
2,-57,26
2,-57,26
3,-57,26
3,-57,26
2,-57,26
2,-57,26
2,-58,26
2,-57,26
2,-57,26
2,-57,26
3,-58,26
3,-57,26
3,-57,26
3,-58,26
2,-57,26
3,-57,26
2,-57,26
1,-57,26
1,-57,26
2,-57,27
2,-57,26
2,-57,26
2,-57,26
2,-57,26
2,-57,26
2,-57,26
2,-57,26
2,-57,26
2,-57,26
2,-57,26
3,-57,26
3,-57,26
2,-57,26
2,-57,26
2,-57,26
2,-57,26
2,-57,26
2,-58,26
2,-57,26
2,-57,26
3,-57,26
2,-57,26
1,-57,26
2,-57,26
3,-57,26
3,-57,26
1,-58,26
1,-57,26
1,-57,27
0,-58,28
2,-55,27
5,-56,26
4,-58,27
3,-57,27
1,-57,27
2,-57,26
5,-58,24
7,-59,24
3,-58,24
3,-58,24
3,-58,25
1,-57,25
2,-56,27
1,-57,28
1,-57,27
2,-56,27
2,-57,26
2,-58,26
3,-57,26
3,-58,26
2,-58,25
1,-57,25
1,-57,26
2,-57,27
2,-57,26
2,-57,26
2,-57,26
2,-57,26
2,-57,26
2,-57,26
2,-57,26
1,-57,26
1,-58,26
2,-57,26
2,-57,26
2,-57,26
2,-57,26
2,-57,26
2,-58,26
2,-57,26
2,-57,26
1,-58,26
1,-57,26
2,-57,26
2,-57,26
2,-57,26
2,-57,26
2,-58,26
2,-58,26
1,-57,26
1,-57,26
2,-57,26
2,-57,26
1,-57,26
2,-57,26
2,-57,26
2,-57,26
1,-57,26
2,-57,26
1,-57,26
1,-57,26
2,-57,26
2,-57,26
1,-57,26
2,-57,26
2,-57,26
1,-57,26
2,-57,26
2,-57,26
2,-57,26
2,-57,26
2,-57,26
2,-57,26
2,-57,26
2,-57,26
2,-57,26
2,-57,26
2,-57,27
1,-57,26
1,-57,26
1,-57,26
1,-57,26
1,-57,26
1,-57,26
1,-57,26
1,-57,26
1,-57,26
1,-57,27
1,-57,26
1,-57,26
1,-57,27
1,-57,26
1,-57,26
1,-57,26
1,-57,26
2,-57,26
1,-57,26
1,-57,27
1,-57,27
1,-57,26
1,-57,27
1,-57,27
1,-57,26
1,-57,26
1,-57,26
1,-57,26
1,-57,26
2,-57,27
0,-57,26
1,-57,26
2,-57,26
2,-57,27
1,-57,26
1,-57,26
1,-58,26
1,-57,26
1,-57,26
2,-57,26
1,-57,26
1,-57,26
2,-57,26
2,-57,26
1,-57,26
1,-57,26
1,-58,26
2,-57,26
2,-57,26
2,-57,26
1,-57,26
1,-57,26
2,-57,26
2,-57,26
2,-58,26
2,-57,26
2,-58,26
2,-57,26
2,-58,26
1,-58,26
2,-57,26
2,-57,26
2,-58,25
2,-58,26
2,-58,26
2,-57,25
2,-58,26
2,-58,25
2,-58,25
2,-58,25
2,-58,26
2,-58,25
2,-58,25
2,-58,25
2,-58,25
2,-58,25
2,-58,25
2,-58,25
2,-58,25
2,-58,25
2,-58,25
2,-58,25
2,-58,25
2,-58,25
2,-58,25
2,-58,25
2,-58,25
2,-58,25
2,-58,25
2,-58,25
2,-58,25
2,-58,25
2,-58,25
2,-58,25
2,-58,25
2,-58,25
2,-58,25
2,-58,25
2,-58,25
2,-58,24
2,-58,25
2,-58,24
2,-58,25
2,-58,25
2,-58,25
2,-58,25
2,-58,24
2,-58,24
2,-58,24
2,-58,24
3,-58,24
3,-58,25
1,-58,24
2,-58,25
2,-58,25
2,-58,24
2,-58,25
2,-58,25
2,-58,25
2,-58,25
2,-58,25
2,-58,25
2,-58,24
1,-58,25
2,-58,25
2,-58,24
1,-58,25
2,-58,25
2,-58,24
2,-58,25
2,-58,25
2,-58,25
2,-58,25
1,-58,25
2,-58,25
2,-58,25
2,-58,25
2,-58,25
1,-58,25
1,-58,25
2,-58,25
2,-58,25
2,-58,25
2,-58,25
2,-58,24
2,-58,24
2,-58,25
1,-58,24
2,-58,25
2,-58,24
1,-58,25
2,-58,25
1,-58,24
1,-58,25
2,-58,25
2,-58,25
2,-58,25
1,-58,25
1,-58,25
1,-58,25
1,-58,25
1,-58,25
1,-58,25
2,-58,25
1,-58,25
1,-58,25
1,-58,25
2,-58,25
1,-58,25
1,-58,25
1,-58,25
1,-58,25
1,-58,25
1,-58,25
1,-58,25
1,-58,25
1,-58,26
1,-58,25
1,-58,25
1,-58,25
1,-58,25
1,-57,26
1,-58,25
1,-57,26
1,-58,25
1,-58,25
1,-58,25
1,-58,25
1,-57,25
1,-58,26
1,-58,26
1,-58,25
1,-58,26
1,-57,26
1,-58,26
0,-58,26
1,-58,26
1,-58,26
1,-58,26
1,-58,26
1,-57,26
1,-57,26
1,-57,26
1,-57,26
1,-57,26
1,-57,26
1,-57,26
1,-57,26
1,-57,26
1,-57,26
1,-57,26
1,-57,26
1,-57,26
1,-57,26
1,-57,26
0,-57,26
1,-57,26
0,-57,26
1,-57,26
1,-57,26
1,-58,26
0,-57,26
0,-57,26
1,-57,26
1,-57,26
0,-57,26
1,-57,26
1,-57,26
1,-57,26
1,-57,26
1,-57,26
0,-57,26
0,-58,26
1,-57,26
1,-57,26
0,-57,26
1,-57,26
1,-57,26
1,-57,26
1,-57,26
1,-57,26
1,-57,26
1,-57,26
1,-58,26
1,-58,26
1,-57,26
1,-58,26
1,-58,26
1,-58,26
1,-57,26
1,-57,26
1,-58,26
0,-57,25
1,-57,26
1,-58,26
1,-58,26
1,-58,26
1,-58,26
1,-58,26
1,-58,26
1,-57,26
1,-57,26
1,-58,26
1,-58,26
1,-58,25
1,-58,25
1,-58,25
1,-58,26
1,-58,26
1,-58,26
1,-58,25
1,-58,25
1,-58,25
1,-58,25
1,-58,25
1,-58,25
2,-58,25
1,-58,25
2,-58,25
2,-58,25
1,-58,25
0,-58,25
1,-58,26
2,-58,26
1,-58,25
2,-58,26
1,-58,25
1,-58,25
1,-58,25
1,-58,25
1,-57,26
1,-58,26
1,-58,26
1,-58,26
1,-58,25
1,-58,26
1,-57,25
1,-57,26
1,-58,26
1,-58,26
1,-58,26
1,-58,26
1,-58,26
1,-58,26
1,-57,26
1,-58,26
1,-58,26
1,-58,25
1,-57,26
1,-58,26
0,-58,26
1,-57,26
1,-57,26
1,-57,26
1,-57,26
1,-57,26
1,-58,26
1,-58,26
1,-57,26
1,-57,26
1,-57,26
0,-58,26
1,-57,26
1,-57,26
0,-57,26
1,-57,26
1,-57,26
1,-57,26
1,-57,26
1,-57,26
1,-57,26
1,-57,26
1,-57,26
1,-57,26
1,-57,26
1,-57,26
1,-57,26
1,-57,26
1,-57,26
1,-57,26
1,-58,26
0,-57,26
0,-57,26
1,-57,26
1,-57,26
0,-57,26
1,-57,27
1,-57,26
0,-57,26
0,-57,26
1,-57,26
1,-57,26
0,-57,26
1,-57,26
1,-57,26
0,-57,26
1,-57,26
1,-57,26
1,-57,27
1,-57,26
0,-57,26
0,-57,26
1,-57,26
1,-57,26
1,-57,26
1,-58,26
1,-57,26
1,-57,26
1,-57,26
1,-57,26
1,-57,26
1,-57,26
0,-58,26
0,-57,26
1,-57,26
1,-57,26
0,-57,26
1,-58,26
1,-57,26
1,-57,26
1,-57,26
1,-57,26
1,-58,26
1,-57,26
1,-58,26
1,-58,26
1,-58,26
1,-57,26
1,-58,26
1,-58,26
1,-57,26
1,-58,26
1,-58,26
1,-58,26
1,-58,26
1,-58,26
1,-58,25
1,-58,26
1,-58,25
1,-57,25
2,-58,25
1,-58,25
1,-58,25
1,-58,26
2,-58,26
1,-58,25
1,-58,25
2,-58,25
1,-58,25
1,-58,25
1,-57,25
1,-58,25
1,-58,25
1,-58,25
2,-58,25
1,-58,25
1,-58,25
2,-58,25
2,-58,25
2,-58,25
2,-58,26
1,-58,25
1,-58,25
1,-58,25
2,-58,25
2,-58,25
2,-58,25
2,-58,25
1,-58,25
2,-58,25
2,-58,25
1,-58,25
1,-58,25
2,-58,25
2,-58,25
1,-58,25
1,-58,25
2,-58,25
1,-58,25
1,-58,25
2,-58,25
2,-58,25
1,-58,25
2,-58,25
2,-58,25
1,-58,25
2,-58,25
2,-58,25
2,-58,25
2,-58,25
2,-58,25
2,-58,25
2,-58,25
2,-58,25
1,-58,25
1,-58,25
2,-58,25
2,-58,25
2,-58,25
1,-58,25
1,-58,25
2,-58,25
2,-58,25
2,-58,25
1,-58,25
2,-58,25
2,-58,25
1,-58,25
1,-58,25
2,-58,25
2,-58,25
1,-58,25
1,-58,25
1,-58,25
1,-58,25
1,-58,25
2,-58,25
1,-58,25
1,-58,25
1,-58,25
1,-58,25
1,-58,25
1,-58,25
1,-58,25
1,-58,25
1,-58,25
1,-58,25
1,-58,25
1,-58,25
1,-58,25
1,-58,25
1,-58,26
1,-57,26
1,-58,25
1,-58,25
1,-58,26
1,-58,25
1,-58,26
1,-57,26
1,-58,26
1,-58,26
1,-58,26
1,-58,26
1,-58,26
1,-58,26
1,-58,26
1,-58,26
1,-58,26
1,-58,26
1,-57,26
1,-58,26
1,-57,26
1,-57,26
1,-57,26
1,-57,26
1,-57,26
1,-57,26
1,-58,26
1,-57,26
1,-57,26
1,-57,26
1,-58,26
1,-57,26
0,-57,26
1,-57,26
1,-57,26
0,-57,26
1,-57,26
1,-57,26
1,-57,26
1,-57,26
1,-57,26
1,-57,26
0,-57,26
0,-57,26
1,-57,26
1,-57,26
1,-57,26
1,-57,26
1,-57,26
1,-57,27
1,-57,26
1,-57,26
0,-57,26
0,-57,26
1,-57,26
1,-57,26
1,-57,26
0,-57,26
0,-57,26
1,-57,27
1,-57,26
1,-57,26
1,-57,26
1,-58,26
1,-58,26
1,-58,26
2,-58,25
1,-58,25
1,-58,25
2,-58,25
2,-58,25
2,-58,25
2,-58,25
2,-58,25
2,-58,25
1,-58,25
1,-58,25
2,-58,25
2,-58,25
2,-58,25
2,-58,24
3,-58,24
3,-58,24
3,-58,24
3,-59,24
3,-58,24
1,-58,24
2,-58,24
2,-58,25
2,-58,25
2,-58,25
2,-58,25
2,-58,25
2,-58,25
2,-58,25
2,-58,25
2,-58,24
2,-58,25
2,-58,25
2,-58,25
1,-58,25
2,-58,25
2,-58,25
2,-58,24
2,-58,25
2,-58,25
1,-58,25
2,-57,25
1,-58,25
2,-58,25
2,-58,25
2,-58,25
1,-58,25
1,-58,25
2,-58,25
2,-58,25
2,-58,25
2,-58,25
2,-58,25
2,-58,25
2,-58,25
2,-58,25
1,-58,25
1,-58,25
2,-58,25
1,-58,25
1,-58,25
2,-58,25
2,-58,25
1,-58,25
1,-58,25
2,-58,25
2,-58,25
1,-58,25
1,-58,25
1,-58,25
0,-58,25
1,-58,25
2,-58,25
2,-58,25
2,-58,25
2,-58,25
1,-58,25
1,-58,25
1,-58,25
1,-58,25
1,-58,25
2,-58,25
2,-58,25
2,-58,25
2,-58,25
1,-58,25
1,-58,25
2,-58,25
2,-58,25
2,-58,25
2,-58,25
1,-58,25
1,-58,25
1,-58,25
1,-57,25
2,-58,25
1,-58,25
1,-58,25
2,-58,25
1,-58,25
1,-58,25
2,-58,25
2,-58,25
1,-58,25
1,-58,25
1,-58,25
1,-58,25
1,-58,25
1,-58,25
1,-58,25
1,-58,25
1,-58,25
1,-58,25
1,-58,26
2,-58,25
1,-58,25
1,-58,25
1,-58,26
1,-58,25
1,-58,25
1,-58,26
1,-58,26
1,-58,26
1,-58,25
1,-57,26
1,-57,26
1,-58,26
1,-57,26
1,-57,26
1,-58,26
1,-58,26
1,-58,26
1,-58,26
1,-57,26
1,-57,26
1,-58,26
1,-57,26
1,-57,26
1,-58,26
1,-57,26
1,-57,26
1,-58,26
1,-58,26
1,-58,26
1,-58,26
1,-58,26
1,-57,26
1,-57,26
1,-57,26
0,-57,26
1,-57,26
1,-57,26
1,-57,26
1,-57,26
1,-57,26
1,-57,26
1,-58,26
1,-57,26
1,-57,26
1,-57,26
1,-58,26
1,-57,26
1,-58,26
1,-58,26
1,-57,26
1,-58,26
1,-58,26
1,-58,26
1,-57,26
1,-57,26
1,-58,26
1,-58,26
1,-58,26
1,-58,26
1,-57,26
1,-58,26
1,-57,25
1,-58,25
1,-58,25
1,-58,25
1,-58,25
2,-57,26
1,-58,26
0,-58,25
2,-57,26
2,-58,26
1,-58,26
1,-58,25
1,-58,26
1,-58,26
1,-57,25
1,-57,26
1,-58,26
1,-58,25
1,-57,25
1,-58,25
1,-58,26
2,-58,27
-1,-57,25
1,-57,26
2,-59,25
2,-59,26
1,-56,27
3,-55,26
0,-57,23
1,-60,26
2,-58,27
1,-57,26
2,-56,26
3,-58,27
3,-57,27
3,-57,26
5,-57,27
5,-58,28
1,-57,29
-3,-56,29
-2,-57,29
0,-57,29
-1,-57,27
-1,-57,25
0,-57,24
3,-58,25
4,-58,25
2,-57,25
2,-58,25
1,-58,25
2,-58,25
1,-58,25
2,-57,26
2,-58,26
2,-57,26
2,-58,26
1,-57,26
1,-57,26
1,-57,26
1,-58,27
1,-57,26
2,-57,26
2,-57,26
1,-57,26
1,-58,26
1,-58,26
0,-57,26
0,-57,26
1,-57,26
1,-57,26
1,-57,26
1,-57,26
1,-57,26
1,-57,26
1,-57,27
0,-57,27
0,-57,27
0,-57,27
0,-57,26
0,-57,26
1,-57,26
1,-57,26
1,-58,26
0,-58,26
0,-57,26
1,-58,25
1,-57,26
0,-57,28
0,-57,29
0,-57,28
1,-56,27
1,-57,27
1,-57,27
1,-57,27
1,-57,26
1,-58,26
1,-57,26
0,-57,26
1,-57,27
1,-57,26
1,-57,26
2,-58,26
2,-58,26
2,-58,26
0,-57,26
0,-57,27
1,-57,27
1,-57,27
1,-57,27
1,-57,27
1,-57,27
1,-57,26
1,-57,26
1,-57,26
1,-57,26
1,-57,26
1,-58,26
1,-57,26
1,-57,26
1,-57,26
1,-57,26
1,-57,26
1,-57,26
1,-57,26
1,-57,26
1,-57,26
1,-57,26
1,-58,26
1,-57,26
1,-58,26
2,-58,26
2,-58,26
2,-58,26
1,-58,26
2,-57,26
1,-58,26
1,-57,26
2,-58,26
2,-58,25
2,-58,25
2,-58,25
2,-58,25
2,-58,26
1,-58,25
2,-58,26
2,-58,25
1,-58,26
1,-58,26
2,-58,25
2,-58,25
2,-58,25
2,-58,25
2,-58,25
2,-58,25
2,-58,26
1,-58,25
1,-58,25
1,-58,25
1,-58,25
2,-58,25
2,-58,25
1,-57,25
2,-58,26
1,-58,25
2,-57,25
2,-58,25
1,-58,26
1,-58,25
2,-57,26
2,-58,25
1,-58,25
1,-58,26
2,-57,26
1,-58,26
1,-58,26
1,-58,26
2,-58,26
1,-58,26
1,-58,26
1,-58,26
1,-57,26
1,-57,26
1,-57,26
1,-58,26
1,-58,26
1,-57,26
1,-57,26
1,-57,26
1,-58,26
1,-58,26
1,-57,26
1,-58,26
1,-57,26
1,-57,26
1,-57,26
1,-57,26
1,-57,26
1,-57,26
1,-57,26
0,-57,26
1,-57,26
1,-57,26
1,-57,26
1,-57,26
1,-58,26
1,-57,26
1,-58,26
1,-58,26
1,-57,26
1,-58,26
1,-57,26
1,-57,26
1,-57,26
1,-57,26
1,-57,26
1,-57,26
1,-57,26
1,-57,26
1,-57,26
1,-57,26
1,-57,26
1,-57,26
1,-57,26
1,-57,26
1,-57,26
1,-57,26
1,-57,26
1,-57,26
1,-57,26
1,-57,26
1,-57,26
1,-57,26
0,-57,26
0,-57,26
1,-57,26
0,-57,26
1,-57,26
1,-57,26
0,-57,26
1,-57,26
1,-57,26
1,-57,27
0,-57,26
0,-57,26
1,-57,27
1,-57,26
1,-57,26
0,-57,26
1,-57,26
0,-57,26
0,-57,27
0,-57,26
0,-57,27
1,-57,26
0,-57,27
0,-57,26
0,-57,26
1,-57,27
1,-57,26
0,-57,27
1,-57,26
0,-57,27
0,-57,27
0,-57,26
1,-57,27
1,-57,26
0,-57,27
0,-57,27
0,-57,27
0,-57,27
0,-57,27
1,-57,27
1,-57,27
0,-57,27
0,-57,27
0,-57,27
1,-57,27
0,-57,27
0,-57,26
1,-57,27
1,-57,27
1,-57,26
1,-57,26
1,-57,26
1,-57,26
1,-57,26
1,-57,27
1,-57,26
1,-57,26
0,-57,26
1,-57,27
1,-57,26
1,-57,26
1,-58,26
1,-58,26
1,-57,26
1,-57,26
1,-57,26
1,-57,26
1,-57,26
0,-58,26
0,-57,26
1,-57,26
1,-57,26
1,-57,26
1,-58,26
1,-58,26
1,-58,26
1,-57,26
1,-57,26
1,-58,26
1,-57,26
1,-57,26
1,-58,26
1,-58,26
1,-57,26
1,-58,26
1,-58,26
1,-57,26
1,-58,26
1,-57,26
1,-58,26
1,-57,25
1,-58,26
1,-58,26
1,-58,25
1,-58,25
1,-58,25
1,-57,25
1,-58,25
2,-58,26
1,-58,26
1,-58,25
1,-57,26
2,-57,26
1,-58,25
1,-58,26
1,-58,26
1,-57,26
1,-57,26
1,-58,26
1,-58,26
1,-57,26
1,-58,26
1,-58,26
1,-57,26
1,-57,26
1,-57,26
1,-57,26
1,-57,26
1,-58,26
1,-58,26
1,-57,26
1,-57,26
1,-57,26
1,-58,26
1,-57,26
1,-57,26
1,-57,26
1,-58,26
1,-58,26
1,-57,26
1,-57,26
1,-57,26
1,-58,26
0,-58,26
1,-57,26
1,-57,26
1,-57,26
1,-57,26
1,-57,26
1,-57,26
1,-57,26
1,-57,26
1,-57,27
1,-57,26
0,-57,26
0,-57,26
1,-57,26
1,-57,26
1,-57,26
1,-57,26
1,-57,26
1,-57,26
1,-57,26
0,-57,26
1,-57,27
1,-57,26
1,-57,26
1,-57,26
1,-57,26
0,-57,27
1,-57,27
0,-57,27
0,-57,26
0,-57,26
1,-57,26
1,-57,27
1,-57,26
0,-57,26
0,-57,27
1,-57,27
1,-57,27
0,-57,27
1,-57,27
0,-57,26
0,-57,26
0,-57,26
1,-57,27
0,-57,27
0,-57,27
0,-57,26
1,-57,27
0,-57,26
1,-57,27
1,-57,27
0,-57,26
1,-57,27
1,-57,26
1,-57,26
1,-57,26
1,-57,26
1,-57,26
1,-57,26
1,-57,26
1,-57,26
1,-57,26
1,-57,26
1,-58,26
1,-57,26
1,-57,26
1,-57,26
1,-58,26
1,-57,26
0,-58,26
1,-57,26
1,-57,26
1,-57,26
1,-58,26
1,-57,26
1,-57,26
1,-57,26
1,-57,26
1,-58,26
1,-58,26
1,-57,26
1,-57,26
1,-58,26
1,-57,26
1,-58,26
1,-58,26
1,-58,26
1,-58,26
1,-58,26
1,-57,26
1,-57,26
1,-57,26
1,-57,26
1,-57,26
1,-58,26
1,-57,26
1,-58,26
1,-57,26
1,-57,26
1,-57,26
0,-57,26
0,-58,26
1,-57,26
1,-57,26
1,-57,26
1,-57,26
1,-57,26
1,-57,26
1,-57,26
1,-57,26
1,-57,26
1,-57,26
0,-57,26
1,-57,26
1,-57,26
0,-57,26
1,-57,26
1,-57,26
1,-57,26
1,-57,26
1,-57,26
0,-57,26
1,-57,26
1,-57,26
1,-57,26
1,-57,26
1,-57,26
1,-57,26
1,-57,26
0,-57,26
0,-57,26
1,-57,27
1,-57,27
1,-57,26
0,-57,26
0,-57,26
1,-57,27
1,-57,27
0,-57,27
1,-57,27
1,-57,26
0,-57,27
0,-57,26
0,-57,26
1,-57,26
0,-57,27
0,-57,26
1,-57,27
0,-57,26
0,-57,26
1,-57,27
1,-57,27
1,-57,27
1,-57,27
0,-57,26
0,-57,26
0,-57,26
0,-57,27
0,-57,27
0,-57,27
0,-57,27
0,-57,27
0,-57,26
0,-57,26
0,-57,27
1,-57,27
1,-57,27
0,-57,27
0,-57,26
0,-57,27
1,-57,27
0,-57,27
0,-57,27
1,-57,27
1,-57,27
0,-57,26
0,-57,27
0,-57,27
1,-57,27
0,-57,27
0,-57,26
1,-57,27
1,-57,27
0,-57,27
0,-57,26
0,-57,27
1,-57,27
1,-57,27
0,-57,27
0,-57,27
0,-57,27
0,-57,27
1,-57,27
0,-57,27
0,-57,27
0,-57,26
0,-57,27
0,-57,27
0,-57,27
1,-57,27
1,-57,27
0,-57,27
0,-57,26
0,-57,27
1,-57,27
0,-57,27
0,-57,26
0,-57,27
0,-57,27
0,-57,27
0,-57,26
1,-57,27
0,-57,27
0,-57,27
0,-57,26
0,-57,27
0,-57,26
1,-57,26
1,-57,27
1,-57,27
1,-57,27
1,-57,27
0,-57,26
0,-57,26
0,-57,26
0,-57,27
1,-57,26
1,-57,26
0,-57,26
1,-57,26
1,-57,26
1,-57,26
0,-57,26
1,-57,26
1,-58,26
0,-57,26
1,-57,26
1,-57,26
1,-57,26
1,-57,26
1,-58,26
1,-57,26
1,-57,26
1,-57,26
1,-58,26
1,-58,26
1,-57,26
1,-58,26
1,-57,26
1,-57,26
1,-58,26
1,-57,26
1,-57,26
1,-58,26
1,-57,26
1,-58,26
1,-58,26
1,-57,26
1,-57,26
1,-58,26
1,-57,26
1,-58,26
1,-58,25
1,-58,26
1,-57,26
2,-57,26
1,-58,25
1,-58,26
2,-58,26
1,-58,26
1,-58,25
2,-58,26
1,-58,26
1,-58,25
1,-58,25
1,-58,25
1,-58,26
1,-58,25
1,-58,26
1,-58,25
1,-58,25
1,-58,25
1,-58,25
1,-58,25
1,-58,25
1,-58,25
1,-58,25
1,-58,25
1,-58,25
1,-58,25
1,-58,25
2,-58,25
1,-58,25
1,-58,25
1,-58,25
1,-58,25
2,-58,25
1,-58,25
1,-58,25
2,-58,25
2,-58,25
2,-58,25
1,-58,25
2,-58,25
2,-58,25
1,-58,25
2,-58,25
1,-58,25
1,-58,25
1,-58,25
1,-58,25
1,-58,25
1,-58,25
1,-58,25
2,-58,25
1,-58,25
2,-58,25
1,-58,25
2,-58,25
2,-58,25
1,-58,24
1,-58,25
1,-58,25
1,-58,25
1,-58,24
1,-58,24
1,-58,24
2,-58,24
2,-58,24
1,-58,24
2,-58,24
2,-58,25
2,-58,24
1,-58,24
2,-58,24
2,-58,24
2,-58,24
2,-58,24
2,-58,25
1,-58,24
1,-58,24
1,-58,25
1,-58,25
0,-58,24
1,-58,24
2,-58,24
2,-58,24
2,-58,24
1,-59,24
1,-58,23
1,-58,23
2,-58,25
1,-58,24
1,-59,24
1,-58,24
1,-58,23
2,-59,23
2,-59,22
1,-58,23
1,-59,22
2,-59,22
4,-59,22
3,-59,21
2,-59,21
1,-60,20
2,-60,20
2,-59,20
3,-59,21
0,-60,23
0,-59,24
0,-58,24
0,-58,24
0,-59,25
-1,-58,24
-1,-58,23
1,-58,23
0,-59,22
0,-59,24
-1,-59,26
-1,-58,27
0,-57,26
-1,-57,25
-1,-57,25
0,-58,24
1,-58,23
3,-59,23
3,-59,23
1,-58,25
2,-58,26
1,-57,27
0,-57,27
0,-57,26
0,-57,26
-1,-58,26
-2,-58,25
0,-58,25
1,-58,24
3,-57,25
2,-58,25
1,-58,26
0,-58,25
0,-58,25
-1,-58,25
-2,-57,26
-1,-57,27
-1,-57,27
-1,-57,26
-1,-57,26
0,-58,26
0,-58,26
-1,-58,25
-1,-58,25
-1,-58,26
0,-58,26
-1,-58,26
-1,-57,26
-1,-57,26
-1,-57,26
-1,-57,26
-1,-57,26
-1,-57,26
-1,-57,26
0,-57,26
-1,-57,26
-1,-57,26
-1,-57,26
-1,-57,26
-1,-57,26
-1,-57,27
-1,-57,26
-1,-57,26
-1,-57,26
-1,-57,26
-1,-57,27
-1,-57,26
-1,-57,27
-1,-57,27
-1,-57,27
-1,-57,27
-2,-57,26
-1,-57,27
-1,-57,27
-1,-57,27
-1,-57,27
-1,-57,27
-1,-57,27
-1,-57,27
-1,-57,27
-1,-57,27
-1,-57,27
-1,-57,27
-2,-57,27
-1,-57,27
-2,-57,27
-2,-57,27
-1,-57,27
-1,-57,27
-2,-57,27
-2,-57,27
-2,-57,27
-2,-57,27
-2,-57,27
-2,-57,27
-2,-57,27
-2,-57,27
-2,-57,27
-2,-57,27
-1,-57,28
-2,-57,27
-2,-57,28
-2,-57,28
-2,-57,27
-2,-57,27
-2,-57,28
-2,-57,27
-2,-57,28
-2,-57,28
-2,-57,27
-2,-57,27
-2,-57,28
-2,-57,28
-2,-57,28
-2,-57,28
-2,-57,27
-2,-57,28
-2,-57,28
-2,-56,28
-2,-57,27
-2,-57,28
-2,-57,28
-2,-57,28
-2,-57,28
-3,-57,28
-3,-57,28
-2,-57,28
-2,-56,28
-2,-57,28
-2,-56,28
-2,-57,28
-2,-57,28
-2,-57,28
-2,-56,28
-2,-57,28
-2,-57,28
-2,-57,28
-2,-56,28
-2,-56,28
-2,-56,28
-2,-56,28
-2,-56,28
-2,-56,28
-2,-57,28
-2,-56,28
-3,-56,28
-2,-57,28
-2,-57,28
-2,-57,28
-2,-56,28
-2,-56,28
-2,-56,28
-2,-57,28
-3,-56,28
-3,-56,28
-2,-56,28
-2,-57,28
-2,-56,28
-3,-57,28
-3,-56,28
-2,-56,28
-2,-56,28
-2,-56,28
-2,-56,28
-2,-56,29
-2,-56,28
-3,-56,28
-2,-56,28
-2,-56,28
-2,-56,28
-2,-57,28
-2,-56,28
-2,-57,28
-2,-57,28
-2,-56,28
-2,-56,28
-2,-56,28
-2,-56,28
-2,-56,28
-2,-56,28
-2,-56,28
-2,-56,28
-2,-56,28
-2,-57,28
-2,-56,28
-2,-56,28
-2,-56,28
-2,-57,28
-3,-56,28
-2,-56,28
-2,-57,28
-2,-57,28
-3,-56,28
-3,-57,28
-2,-56,28
-2,-56,28
-2,-56,28
-2,-56,28
-2,-56,28
-3,-56,28
-3,-56,28
-2,-56,28
-2,-56,28
-3,-56,28
-2,-56,28
-2,-56,28
-2,-57,28
-2,-56,28
-2,-56,28
-2,-56,28
-2,-56,28
-2,-56,28
-3,-56,28
-3,-56,28
-2,-56,28
-2,-56,28
-2,-56,28
-2,-56,28
-2,-56,28
-2,-56,28
-3,-56,28
-2,-56,28
-3,-56,28
-2,-56,28
-2,-56,28
-2,-56,28
-3,-56,28
-3,-56,28
-2,-56,28
-2,-56,28
-3,-56,28
-2,-56,28
-2,-56,28
-2,-56,28
-2,-57,28
-2,-56,29
-3,-56,28
-3,-57,28
-2,-56,28
-2,-56,28
-3,-57,28
-3,-56,28
-2,-56,28
-2,-56,28
-2,-56,28
-2,-56,28
-3,-56,28
-2,-57,28
-2,-56,28
-3,-56,28
-2,-56,28
-2,-56,28
-2,-56,28
-3,-56,28
-3,-56,28
-2,-56,28
-3,-56,28
-2,-56,28
-2,-56,28
-3,-56,28
-3,-56,28
-2,-56,28
-2,-56,28
-3,-56,28
-3,-56,28
-2,-56,28
-2,-56,28
-3,-56,28
-3,-56,28
-2,-56,28
-3,-56,28
-3,-56,28
-2,-56,28
-2,-56,28
-3,-56,28
-3,-56,28
-2,-56,28
-2,-56,28
-2,-56,28
-2,-56,28
-3,-56,28
-3,-57,28
-2,-56,28
-3,-56,28
-2,-56,28
-2,-56,28
-2,-56,28
-2,-56,29
-2,-56,28
-2,-56,28
-2,-56,28
-3,-56,28
-2,-56,28
-2,-56,29
-3,-56,28
-3,-56,29
-2,-56,28
-2,-56,28
-3,-56,28
-2,-56,29
-2,-56,28
-3,-56,28
-3,-56,28
-2,-56,29
-2,-56,28
-3,-56,28
-3,-56,28
-2,-56,28
-2,-56,28
-3,-56,28
-2,-56,28
-2,-57,28
-2,-56,28
-2,-56,28
-2,-56,28
-2,-57,28
-2,-56,28
-2,-56,28
-2,-56,28
-2,-56,28
-2,-56,28
-2,-56,28
-2,-57,28
-2,-56,28
-2,-56,28
-2,-56,28
-2,-56,28
-2,-57,28
-3,-57,28
-2,-56,28
-2,-56,28
-2,-56,28
-2,-56,28
-2,-57,28
-2,-57,28
-2,-57,28
-2,-56,28
-2,-56,28
-2,-57,28
-2,-56,28
-2,-57,28
-2,-57,28
-2,-56,28
-2,-57,28
-2,-57,27
-2,-57,28
-2,-57,28
-2,-57,28
-2,-57,28
-2,-57,28
-2,-57,28
-2,-57,28
-2,-57,28
-2,-57,28
-2,-57,28
-2,-57,28
-2,-57,28
-2,-57,28
-1,-57,28
-2,-57,28
-2,-57,28
-2,-57,27
-1,-57,28
-2,-57,27
-2,-57,28
-2,-57,28
-2,-57,28
-2,-57,28
-2,-57,28
-2,-57,27
-2,-57,27
-2,-57,27
-1,-57,28
-2,-57,27
-2,-57,27
-2,-57,27
-2,-57,28
-2,-57,27
-2,-57,28
-2,-57,27
-2,-57,28
-2,-57,28
-2,-57,27
-2,-57,28
-2,-57,28
-2,-57,28
-2,-57,28
-2,-57,28
-2,-57,28
-2,-56,28
-2,-57,28
-2,-57,28
-3,-57,28
-2,-57,28
-2,-57,28
-2,-57,27
-2,-57,28
-2,-57,28
-2,-57,28
-2,-57,28
-2,-56,28
-2,-57,28
-2,-57,28
-2,-57,28
-2,-57,28
-2,-57,28
-2,-57,28
-2,-57,28
-2,-56,28
-2,-57,28
-2,-57,28
-2,-57,28
-2,-56,28
-2,-57,28
-2,-56,28
-2,-57,28
-2,-56,28
-2,-56,28
-2,-56,28
-2,-57,28
-2,-57,28
-2,-57,28
-2,-56,28
-2,-56,28
-2,-57,28
-3,-57,28
-2,-57,28
-2,-57,28
-2,-56,28
-2,-56,28
-2,-57,28
-2,-56,28
-2,-57,28
-2,-56,28
-2,-56,28
-2,-57,28
-3,-57,28
-2,-56,28
-2,-56,28
-2,-57,28
-2,-56,28
-2,-56,28
-2,-56,28
-2,-56,28
-2,-56,28
-3,-56,28
-3,-56,28
-2,-56,28
-2,-56,28
-2,-56,28
-2,-56,28
-2,-56,28
-3,-56,28
-2,-56,28
-2,-56,28
-2,-56,28
-2,-56,28
-2,-56,28
-3,-56,28
-3,-56,28
-2,-56,28
-2,-56,28
-3,-57,28
-2,-56,28
-2,-57,28
-2,-56,28
-3,-56,28
-2,-56,28
-2,-56,28
-3,-57,28
-2,-56,28
-2,-56,28
-3,-56,28
-3,-56,28
-2,-56,28
-2,-56,28
-2,-56,28
-2,-56,28
-2,-56,28
-3,-56,28
-2,-56,28
-2,-56,28
-3,-56,28
-2,-56,28
-2,-56,28
-3,-56,28
-3,-56,28
-2,-56,28
-3,-56,28
-2,-56,29
-2,-56,28
-3,-56,28
-3,-56,28
-2,-56,29
-2,-56,28
-3,-56,28
-3,-56,28
-2,-56,28
-3,-56,28
-3,-56,28
-2,-56,28
-2,-56,28
-3,-56,28
-3,-56,28
-2,-56,28
-2,-56,28
-3,-56,28
-3,-56,28
-3,-56,28
-2,-56,28
-2,-56,28
-2,-56,29
-3,-56,28
-3,-56,29
-2,-56,28
-2,-56,28
-3,-56,29
-2,-56,28
-3,-56,28
-3,-56,28
-2,-56,28
-3,-56,28
-2,-56,28
-2,-56,28
-3,-57,28
-3,-57,28
-2,-56,28
-2,-56,28
-2,-56,28
-2,-56,28
-2,-57,28
-2,-56,28
-2,-56,28
-2,-56,28
-2,-56,28
-2,-57,28
-2,-57,28
-2,-56,28
-2,-56,28
-2,-56,28
-2,-57,28
-2,-57,28
-2,-56,28
-2,-57,28
-2,-56,28
-2,-57,28
-2,-57,28
-2,-57,28
-2,-57,28
-2,-57,28
-2,-57,28
-2,-57,28
-2,-57,28
-2,-57,28
-2,-57,28
-2,-57,28
-2,-57,27
-2,-57,28
-2,-57,28
-2,-57,28
-2,-57,28
-2,-57,28
-2,-57,27
-2,-57,28
-2,-57,28
-2,-57,27
-2,-57,28
-2,-57,28
-2,-57,27
-2,-57,27
-2,-57,28
-2,-57,28
-2,-57,28
-2,-57,28
-2,-57,28
-2,-57,28
-2,-57,27
-2,-57,28
-2,-57,28
-2,-57,28
-2,-57,28
-2,-57,27
-2,-57,28
-2,-57,28
-2,-57,28
-2,-57,28
-2,-57,28
-3,-57,27
-3,-57,28
-2,-56,28
-2,-56,28
-2,-57,28
-2,-57,28
-2,-57,28
-2,-57,28
-3,-57,28
-2,-56,28
-2,-57,28
-3,-56,28
-2,-57,28
-2,-57,28
-2,-56,28
-2,-57,28
-2,-56,28
-2,-56,28
-2,-56,28
-2,-56,28
-2,-57,28
-3,-56,28
-2,-56,28
-3,-57,28
-2,-56,28
-2,-56,28
-2,-57,28
-2,-56,28
-3,-56,28
-2,-57,28
-2,-56,28
-2,-56,28
-2,-56,28
-3,-57,28
-3,-57,28
-2,-56,28
-2,-56,28
-3,-57,28
-2,-56,28
-3,-57,28
-2,-56,28
-3,-56,28
-2,-56,28
-2,-56,28
-3,-56,28
-3,-56,28
-3,-56,28
-2,-57,28
-3,-57,28
-3,-56,28
-2,-56,28
-3,-56,28
-2,-57,28
-2,-56,28
-3,-56,28
-2,-56,28
-2,-56,28
-2,-56,28
-2,-56,28
-2,-56,28
-2,-57,28
-2,-56,28
-3,-56,28
-2,-56,28
-3,-56,28
-2,-56,28
-2,-56,28
-2,-57,28
-3,-56,28
-3,-56,28
-2,-56,28
-2,-56,28
-2,-57,28
-2,-56,28
-3,-56,28
-3,-56,28
-3,-56,28
-2,-56,28
-3,-56,28
-3,-56,28
-3,-56,28
-3,-56,28
-3,-56,28
-2,-56,28
-2,-56,28
-3,-56,28
-2,-56,28
-3,-56,28
-3,-56,28
-2,-56,28
-2,-56,28
-2,-56,28
-3,-57,28
-2,-56,28
-3,-56,28
-2,-56,28
-3,-56,28
-3,-56,28
-3,-56,28
-2,-56,28
-2,-56,28
-3,-57,28
-3,-57,28
-2,-56,28
-2,-56,28
-2,-56,28
-3,-56,28
-2,-56,28
-2,-56,28
-2,-57,28
-2,-56,28
-2,-56,28
-3,-56,28
-3,-57,28
-2,-57,28
-2,-57,28
-2,-57,28
-2,-56,28
-2,-56,28
-2,-56,28
-2,-57,28
-2,-56,28
-2,-56,28
-2,-57,28
-2,-57,28
-2,-57,28
-2,-57,28
-2,-56,28
-2,-57,27
-2,-57,28
-2,-57,28
-2,-57,28
-2,-57,28
-2,-57,28
-3,-57,28
-3,-57,28
-2,-57,28
-2,-57,28
-2,-57,27
-2,-57,28
-2,-57,28
-2,-57,28
-3,-56,28
-2,-57,28
-2,-57,28
-2,-57,28
-2,-57,28
-2,-57,28
-2,-56,28
-2,-57,28
-2,-56,28
-2,-56,28
-2,-57,28
-2,-57,28
-3,-57,28
-2,-57,28
-2,-57,28
-2,-57,28
-2,-57,28
-2,-56,28
-3,-57,28
-2,-57,28
-2,-57,28
-3,-56,28
-2,-57,28
-2,-57,28
-3,-57,28
-3,-57,28
-2,-56,28
-2,-56,28
-3,-56,28
-3,-57,28
-2,-56,28
-3,-57,28
-3,-56,28
-3,-56,28
-2,-56,28
-3,-56,28
-3,-57,28
-3,-57,28
-2,-56,28
-3,-56,28
-3,-56,28
-3,-56,28
-3,-56,28
-3,-56,28
-2,-56,28
-2,-57,28
-3,-56,28
-2,-56,28
-2,-56,28
-3,-56,28
-2,-56,28
-2,-56,28
-3,-56,28
-3,-56,28
-3,-56,28
-3,-56,28
-2,-56,28
-2,-57,28
-3,-56,28
-3,-56,28
-3,-56,28
-2,-56,28
-3,-56,28
-3,-56,28
-3,-56,28
-3,-56,28
-3,-57,28
-3,-56,28
-2,-56,28
-3,-56,28
-3,-56,28
-2,-56,28
-2,-56,28
-3,-56,28
-3,-56,28
-3,-56,28
-2,-56,28
-2,-56,28
-3,-56,29
-3,-56,28
-3,-56,28
-3,-56,28
-3,-56,28
-3,-56,28
-3,-56,28
-3,-56,28
-3,-56,28
-3,-56,28
-3,-56,28
-3,-56,28
-2,-56,28
-2,-56,28
-2,-56,28
-3,-56,28
-3,-56,28
-2,-56,28
-3,-57,28
-3,-56,28
-2,-56,28
-2,-56,28
-3,-56,28
-3,-56,28
-2,-56,28
-2,-56,28
-3,-57,28
-2,-56,28
-2,-56,28
-3,-56,28
-3,-57,28
-2,-56,28
-3,-57,28
-2,-56,28
-2,-56,28
-2,-57,28
-3,-57,28
-3,-57,28
-2,-57,28
-2,-57,28
-2,-57,28
-2,-56,28
-2,-57,28
-2,-57,28
-2,-57,28
-3,-57,28
-2,-57,28
-2,-57,28
-3,-57,28
-2,-57,28
-2,-57,28
-2,-57,27
-2,-57,28
-2,-57,28
-2,-57,28
-2,-57,28
-2,-57,27
-2,-57,28
-2,-57,28
-2,-57,28
-2,-57,28
-2,-57,28
-2,-57,28
-2,-57,27
-2,-57,27
-2,-57,27
-2,-57,27
-2,-57,28
-2,-57,27
-2,-57,27
-2,-57,27
-2,-57,27
-2,-57,27
-2,-57,28
-2,-57,28
-2,-57,27
-2,-57,27
-2,-57,28
-2,-57,28
-2,-57,28
-3,-57,27
-2,-57,27
-2,-57,28
-3,-57,28
-2,-57,28
-2,-57,28
-2,-57,28
-3,-57,27
-2,-57,28
-2,-57,28
-3,-57,27
-2,-57,28
-2,-57,28
-2,-56,27
-2,-57,28
-2,-57,28
-2,-57,28
-2,-56,28
-2,-56,28
-2,-56,28
-2,-56,28
-2,-57,28
-2,-57,28
-2,-57,28
-2,-57,28
-2,-57,28
-2,-57,28
-2,-57,28
-2,-57,28
-3,-57,28
-3,-56,28
-2,-57,28
-2,-57,28
-3,-57,28
-3,-56,28
-2,-56,28
-2,-56,28
-3,-57,28
-2,-57,28
-2,-57,28
-3,-56,28
-3,-57,28
-2,-56,28
-2,-56,28
-3,-56,28
-3,-56,28
-3,-56,28
-3,-56,28
-3,-56,28
-2,-56,28
-3,-56,28
-2,-56,28
-2,-56,28
-3,-56,28
-3,-56,28
-3,-57,28
-3,-56,28
-3,-56,28
-3,-57,28
-3,-56,28
-3,-57,28
-3,-56,28
-3,-56,28
-3,-56,28
-3,-56,28
-2,-56,28
-2,-57,28
-3,-56,28
-3,-57,28
-2,-56,28
-2,-56,28
-3,-56,28
-3,-57,28
-3,-56,28
-3,-56,28
-3,-56,28
-3,-56,28
-2,-56,28
-3,-56,28
-3,-56,28
-3,-56,28
-3,-56,28
-3,-56,28
-3,-56,29
-3,-56,28
-3,-56,28
-2,-57,28
-3,-56,28
-3,-56,28
-3,-56,28
-3,-56,28
-3,-56,28
-3,-56,28
-2,-56,28
-3,-56,28
-3,-56,28
-3,-56,28
-3,-56,28
-3,-56,28
-2,-56,28
-2,-56,28
-3,-57,28
-3,-56,28
-3,-56,28
-2,-56,28
-2,-57,28
-2,-57,28
-2,-56,28
-2,-56,28
-3,-57,28
-2,-56,28
-2,-56,28
-2,-56,28
-3,-57,28
-2,-57,28
-2,-57,28
-2,-57,28
-2,-57,28
-2,-57,28
-2,-57,28
-2,-57,28
-2,-57,28
-2,-57,28
-2,-57,28
-2,-57,28
-2,-57,28
-2,-57,28
-2,-57,28
-2,-57,28
-2,-57,28
-2,-57,28
-2,-57,28
-2,-57,28
-2,-57,28
-3,-57,27
-2,-57,28
-2,-57,28
-2,-57,27
-2,-57,27
-2,-57,28
-2,-57,27
-2,-57,27
-2,-57,27
-2,-57,27
-2,-57,28
-2,-57,28
-2,-57,28
-2,-57,28
-2,-57,28
-2,-57,27
-2,-57,27
-2,-57,28
-2,-57,28
-2,-57,28
-2,-57,28
-2,-57,28
-2,-57,28
-2,-57,28
-2,-57,28
-2,-57,28
-2,-57,28
-2,-57,28
-3,-57,28
-2,-57,28
-2,-57,28
-2,-57,28
-3,-57,28
-3,-57,28
-2,-56,28
-2,-57,28
-3,-57,28
-2,-56,28
-3,-56,28
-3,-57,28
-3,-57,28
-2,-57,28
-2,-57,28
-3,-57,28
-2,-56,28
-2,-57,28
-3,-56,28
-2,-56,28
-3,-56,28
-2,-57,28
-2,-56,28
-2,-56,28
-3,-57,28
-3,-56,28
-3,-57,28
-3,-56,28
-2,-56,28
-2,-56,28
-2,-56,28
-3,-56,28
-3,-56,28
-3,-56,28
-3,-56,28
-2,-56,28
-2,-56,28
-3,-56,28
-3,-56,28
-3,-56,28
-2,-56,28
-2,-56,28
-3,-56,28
-3,-56,28
-3,-56,28
-3,-56,28
-3,-56,28
-2,-56,28
-3,-56,28
-3,-57,28
-3,-56,28
-3,-56,28
-3,-56,28
-3,-56,28
-3,-56,28
-3,-56,28
-2,-56,28
-3,-56,28
-3,-56,28
-3,-56,28
-3,-56,28
-3,-56,28
-3,-56,28
-3,-56,28
-2,-56,28
-3,-56,28
-3,-56,28
-3,-56,28
-3,-56,28
-3,-56,28
-3,-56,28
-3,-56,28
-3,-56,28
-3,-56,28
-3,-56,29
-3,-56,28
-3,-56,28
-3,-56,28
-3,-56,28
-3,-56,28
-3,-56,28
-3,-56,28
-2,-56,28
-3,-56,28
-3,-56,28
-3,-56,28
-2,-56,28
-3,-56,28
-3,-56,28
-3,-56,28
-2,-56,28
-2,-56,28
-3,-56,28
-2,-56,28
-3,-57,28
-3,-57,28
-2,-56,28
-2,-56,28
-2,-56,28
-2,-56,28
-3,-56,28
-2,-57,28
-2,-56,28
-2,-56,28
-2,-57,28
-2,-56,28
-3,-57,28
-3,-57,28
-2,-57,28
-2,-56,28
-2,-56,28
-2,-57,28
-2,-57,28
-2,-57,28
-2,-56,28
-2,-56,28
-2,-56,28
-2,-57,28
-2,-57,28
-2,-57,28
-2,-57,28
-2,-57,28
-2,-57,28
-2,-57,28
-2,-57,28
-2,-57,28
-2,-56,28
-2,-57,28
-2,-57,28
-2,-57,28
-2,-57,28
-2,-57,27
-2,-57,27
-2,-57,28
-2,-57,27
-2,-57,28
-2,-57,28
-2,-57,28
-2,-56,28
-3,-57,28
-3,-57,28
-2,-57,28
-2,-56,28
-2,-57,28
-2,-56,28
-2,-57,28
-2,-57,28
-2,-57,28
-2,-56,28
-2,-57,28
-3,-57,28
-2,-56,28
-2,-57,28
-3,-56,28
-2,-57,28
-2,-57,28
-2,-57,28
-2,-57,28
-2,-57,28
-2,-56,28
-2,-56,28
-2,-57,28
-2,-57,28
-2,-57,28
-2,-57,28
-2,-57,28
-3,-56,28
-2,-56,28
-2,-57,28
-2,-57,28
-2,-56,28
-2,-57,28
-2,-57,28
-3,-57,28
-2,-57,28
-2,-56,28
-3,-57,28
-2,-56,28
-2,-57,28
-2,-57,28
-2,-56,28
-2,-57,28
-2,-57,28
-2,-56,28
-2,-57,28
-2,-56,28
-2,-57,28
-3,-57,28
-2,-56,28
-2,-57,28
-2,-56,28
-2,-56,28
-2,-56,28
-2,-57,28
-2,-57,28
-2,-56,28
-2,-56,28
-3,-57,28
-3,-56,28
-2,-57,28
-2,-56,28
-2,-57,28
-2,-56,28
-2,-56,28
-2,-56,28
-2,-57,28
-2,-57,28
-3,-56,28
-2,-56,28
-2,-57,28
-2,-57,28
-2,-57,28
-2,-56,28
-2,-57,28
-2,-56,28
-2,-56,28
-2,-56,28
-2,-57,28
-2,-56,28
-2,-57,28
-2,-56,28
-3,-56,28
-3,-56,28
-2,-56,28
-2,-56,28
-2,-56,28
-2,-57,28
-2,-56,28
-3,-56,28
-2,-56,28
-3,-56,28
-3,-56,28
-2,-56,28
-2,-56,28
-3,-56,28
-2,-56,28
-3,-56,28
-3,-56,28
-2,-56,28
-2,-56,28
-3,-56,28
-3,-56,28
-3,-56,28
-3,-56,28
-3,-56,28
-2,-56,28
-3,-56,28
-3,-56,28
-3,-56,28
-3,-56,28
-2,-56,28
-3,-56,28
-3,-57,28
-2,-56,28
-2,-56,28
-3,-56,28
-3,-56,28
-3,-56,28
-3,-56,28
-3,-56,28
-2,-56,28
-3,-56,28
-3,-56,28
-2,-56,28
-2,-56,28
-2,-56,28
-3,-56,28
-3,-56,28
-2,-56,28
-3,-56,28
-3,-56,28
-2,-56,28
-2,-56,28
-3,-56,28
-3,-56,28
-3,-56,28
-2,-56,28
-3,-56,28
-3,-56,28
-3,-56,28
-3,-56,28
-3,-56,28
-3,-56,28
-2,-56,28
-3,-56,28
-3,-56,28
-3,-56,28
-2,-56,28
-3,-56,28
-3,-56,28
-3,-56,29
-3,-56,28
-2,-56,29
-3,-56,29
-3,-56,28
-3,-56,29
-3,-56,29
-3,-56,28
-3,-56,28
-3,-56,29
-2,-56,29
-3,-56,28
-3,-56,28
-2,-56,29
-3,-56,29
-3,-56,28
-3,-56,28
-2,-56,28
-2,-56,29
-3,-56,28
-3,-56,29
-3,-56,28
-3,-56,28
-3,-56,28
-3,-56,28
-3,-56,28
-3,-56,28
-3,-56,29
-3,-56,28
-3,-56,29
-3,-56,28
-3,-56,28
-3,-56,28
-3,-56,28
-2,-56,28
-2,-56,28
-3,-56,28
-3,-56,28
-3,-56,28
-3,-56,28
-2,-56,28
-2,-56,28
-2,-56,28
-2,-56,28
-2,-56,28
-3,-56,28
-2,-56,28
-2,-56,28
-3,-56,28
-3,-56,28
-2,-56,29
-2,-56,28
-3,-57,28
-2,-57,28
-2,-56,28
-3,-56,28
-2,-56,28
-2,-56,28
-3,-57,28
-2,-57,28
-2,-56,28
-2,-57,28
-2,-56,28
-2,-57,28
-2,-57,28
-2,-56,28
-2,-56,28
-2,-56,28
-2,-56,28
-2,-57,28
-2,-57,28
-2,-56,28
-2,-56,28
-2,-57,28
-2,-57,28
-2,-57,28
-2,-57,28
-2,-56,28
-2,-57,28
-2,-57,28
-2,-57,27
-2,-57,28
-1,-57,28
-2,-57,27
-2,-57,27
-2,-57,28
-2,-57,28
-2,-57,28
-2,-57,28
-2,-57,27
-2,-57,27
-2,-57,28
-2,-57,28
-2,-57,27
-2,-57,27
-2,-57,27
-2,-57,28
-2,-57,27
-2,-57,28
-2,-57,27
-2,-57,27
-2,-57,27
-2,-57,27
-2,-57,27
-2,-57,27
-2,-57,27
-2,-57,27
-2,-57,27
-2,-57,27
-2,-57,27
-2,-57,27
-2,-57,27
-2,-57,27
-2,-57,27
-1,-57,27
-1,-57,27
-2,-57,27
-2,-57,27
-2,-57,27
-2,-57,27
-2,-57,27
-2,-57,27
-2,-57,27
-2,-57,27
-2,-57,27
-2,-57,27
-2,-57,27
-2,-57,27
-2,-57,27
-2,-57,27
-2,-57,27
-2,-57,27
-2,-57,27
-2,-57,27
-2,-57,27
-2,-57,27
-2,-57,27
-2,-57,27
-2,-57,27
-2,-57,26
-1,-57,27
-1,-57,27
-2,-57,26
-2,-57,27
-2,-57,27
-1,-57,27
-2,-57,26
-2,-57,26
-2,-57,26
-2,-57,26
-2,-57,27
-1,-57,27
-2,-57,26
-2,-57,26
-1,-57,27
-1,-57,27
-2,-57,26
-2,-57,26
-2,-57,27
-2,-57,26
-2,-57,26
-1,-57,27
-2,-57,26
-2,-57,26
-1,-57,26
-2,-57,26
-2,-57,26
-2,-57,26
-2,-57,27
-2,-57,26
-2,-57,26
-2,-57,26
-1,-57,26
-2,-57,26
-2,-57,26
-1,-57,26
-1,-57,26
-2,-57,26
-2,-57,26
-2,-57,26
-1,-57,26
-2,-57,26
-2,-57,26
-1,-57,26
-2,-58,26
-2,-57,26
-1,-57,26
-2,-57,26
-2,-57,26
-2,-58,26
-2,-57,26
-2,-57,26
-2,-57,26
-2,-58,26
-2,-58,26
-2,-57,26
-2,-57,26
-2,-57,26
-2,-57,26
-2,-57,26
-2,-57,26
-2,-57,26
-2,-57,26
-2,-57,26
-1,-57,26
-1,-57,26
-2,-57,26
-2,-57,26
-1,-57,26
-2,-57,26
-2,-57,26
-2,-57,26
-1,-57,26
-2,-57,26
-2,-57,26
-2,-57,26
-1,-57,26
-2,-57,26
-2,-57,26
-2,-57,26
-2,-57,26
-2,-57,26
-2,-57,26
-2,-57,26
-2,-57,26
-2,-57,27
-2,-57,26
-2,-57,26
-2,-57,26
-2,-57,27
-2,-57,26
-2,-57,26
-2,-57,26
-2,-57,27
-2,-57,26
-2,-57,27
-2,-57,27
-2,-57,26
-2,-57,27
-2,-57,26
-3,-57,26
-2,-57,27
-2,-57,27
-2,-57,26
-2,-57,27
-2,-57,27
-2,-57,27
-2,-57,27
-2,-57,26
-2,-57,27
-2,-57,27
-2,-57,27
-2,-57,27
-2,-57,27
-2,-57,27
-2,-57,27
-2,-57,27
-2,-57,27
-2,-57,27
-2,-57,27
-2,-57,27
-2,-57,27
-2,-57,27
-2,-57,27
-2,-57,27
-2,-57,27
-2,-57,27
-2,-57,27
-2,-57,27
-2,-57,27
-3,-57,27
-2,-57,27
-2,-57,27
-2,-57,27
-2,-57,27
-3,-57,27
-3,-57,28
-2,-57,27
-2,-57,27
-2,-57,27
-2,-57,27
-2,-57,27
-3,-57,27
-3,-57,27
-2,-57,28
-2,-57,27
-3,-57,27
-2,-57,28
-2,-57,28
-3,-57,27
-3,-57,27
-3,-57,28
-3,-57,28
-2,-57,27
-3,-57,27
-3,-57,28
-3,-57,27
-3,-57,27
-3,-57,28
-2,-57,27
-3,-57,28
-3,-56,28
-2,-57,28
-3,-57,28
-3,-57,28
-3,-57,28
-3,-57,28
-2,-57,28
-2,-57,28
-3,-57,28
-3,-57,28
-3,-56,28
-2,-56,28
-3,-56,28
-3,-57,28
-3,-57,28
-3,-57,28
-3,-56,28
-2,-56,28
-2,-56,28
-3,-57,28
-3,-56,28
-2,-57,28
-2,-57,28
-3,-56,28
-3,-57,28
-3,-56,28
-3,-56,28
-3,-56,28
-3,-56,28
-3,-56,28
-3,-56,28
-3,-56,28
-3,-56,28
-3,-56,28
-3,-56,28
-3,-56,28
-3,-56,28
-3,-56,28
-3,-56,28
-3,-56,28
-3,-56,28
-3,-56,28
-3,-57,28
-3,-56,28
-3,-56,28
-3,-56,28
-3,-56,28
-3,-56,28
-3,-56,28
-3,-56,28
-3,-56,28
-3,-56,28
-3,-56,28
-2,-56,28
-3,-56,28
-3,-56,28
-3,-56,28
-3,-56,28
-3,-56,28
-3,-56,28
-3,-56,28
-3,-56,28
-3,-56,28
-3,-56,28
-3,-56,28
-3,-56,28
-3,-56,28
-3,-57,28
-3,-56,28
-3,-56,28
-3,-56,28
-3,-56,28
-3,-56,28
-3,-56,28
-3,-56,28
-3,-56,28
-2,-56,28
-3,-57,28
-3,-56,28
-3,-56,29
-3,-56,29
-3,-56,28
-3,-56,28
-3,-56,28
-3,-56,28
-3,-56,28
-3,-56,28
-3,-56,29
-3,-56,28
-3,-56,29
-3,-56,28
-3,-56,29
-3,-56,28
-3,-56,28
-3,-56,29
-3,-56,28
-3,-56,29
-3,-56,28
-3,-56,28
-3,-56,28
-3,-56,28
-3,-56,28
-3,-56,29
-3,-56,29
-3,-56,29
-3,-56,29
-3,-56,28
-3,-56,28
-3,-56,28
-3,-56,28
-2,-56,29
-2,-56,29
-4,-56,28
-3,-56,28
-3,-56,28
-3,-56,28
-3,-56,28
-3,-56,28
-3,-56,28
-3,-56,28
-3,-56,28
-3,-56,28
-3,-56,28
-3,-56,28
-3,-56,28
-3,-56,28
-3,-56,28
-3,-56,28
-3,-56,28
-3,-56,28
-2,-57,28
-2,-56,28
-2,-56,28
-3,-56,28
-3,-56,28
-2,-56,28
-2,-57,28
-2,-57,28
-2,-56,28
-2,-57,28
-3,-56,28
-2,-57,28
-2,-56,28
-2,-56,28
-2,-56,28
-3,-57,28
-3,-57,28
-2,-57,28
-2,-56,28
-2,-57,28
-2,-57,28
-2,-56,28
-3,-57,28
-3,-57,28
-2,-57,28
-3,-56,28
-2,-57,28
-2,-57,28
-3,-57,28
-3,-57,28
-2,-57,28
-2,-57,28
-2,-57,28
-2,-57,28
-3,-56,28
-3,-56,28
-3,-57,28
-3,-57,28
-2,-57,28
-2,-56,28
-2,-56,28
-3,-57,28
-3,-56,28
-3,-56,28
-3,-57,28
-2,-56,28
-2,-56,28
-3,-56,28
-3,-57,28
-2,-56,28
-2,-57,28
-3,-57,28
-3,-56,28
-3,-57,28
-3,-56,28
-3,-56,28
-3,-56,28
-2,-56,28
-3,-56,28
-3,-56,28
-3,-56,28
-3,-57,28
-3,-56,28
-3,-56,28
-3,-56,28
-3,-56,28
-3,-56,28
-3,-56,28
-3,-56,28
-3,-56,28
-3,-56,28
-3,-56,28
-3,-56,28
-3,-56,28
-3,-56,28
-3,-56,28
-3,-56,28
-3,-56,28
-3,-56,28
-3,-56,28
-3,-56,29
-3,-56,28
-3,-56,28
-3,-56,28
-3,-56,28
-3,-56,28
-3,-56,28
-3,-56,28
-3,-56,28
-3,-56,28
-3,-56,28
-2,-56,28
-3,-56,28
-3,-56,28
-3,-56,28
-3,-56,28
-3,-56,28
-3,-56,28
-3,-56,28
-3,-56,29
-3,-56,28
-3,-56,28
-3,-56,28
-3,-56,28
-3,-56,28
-3,-56,29
-3,-56,29
-3,-56,29
-3,-56,29
-3,-56,28
-3,-56,28
-3,-56,28
-3,-56,28
-3,-56,28
-3,-56,29
-3,-56,29
-3,-56,29
-4,-56,28
-3,-56,28
-4,-56,28
-4,-56,27
-4,-57,28
-2,-57,29
-2,-55,30
-1,-56,30
-2,-56,29
-2,-55,30
-2,-56,29
-3,-55,29
-3,-56,28
-2,-56,29
-1,-55,29
0,-56,29
-1,-56,28
-2,-56,28
-1,-56,28
-2,-58,29
-4,-56,28
0,-56,28
2,-56,29
0,-56,28
-1,-57,28
-3,-57,28
-1,-57,28
2,-55,29
1,-57,28
-1,-57,27
-1,-56,27
1,-57,27
1,-57,26
1,-57,26
0,-58,26
-1,-57,27
-1,-57,27
1,-57,28
1,-57,28
1,-57,27
1,-57,26
1,-57,26
1,-57,26
1,-57,26
1,-58,26
0,-57,27
0,-57,27
1,-57,27
1,-57,28
1,-57,27
0,-57,26
0,-57,27
1,-57,26
2,-57,26
2,-58,26
1,-57,26
1,-57,26
1,-57,26
1,-56,26
2,-57,27
1,-58,26
1,-57,26
0,-57,26
1,-57,26
1,-58,26
2,-58,26
1,-57,26
1,-57,26
0,-56,26
0,-57,26
1,-58,26
0,-58,27
-3,-56,26
-1,-57,27
0,-57,28
0,-56,26
2,-57,25
8,-58,27
7,-58,27
4,-58,25
4,-57,23
9,-59,28
5,-59,29
-2,-56,28
-1,-55,27
-2,-59,23
-5,-59,24
-9,-57,27
-11,-58,24
8,-55,25
7,-57,28
-7,-59,24
-12,-61,19
-15,-57,22
-10,-57,25
-9,-57,24
-8,-59,22
8,-59,24
11,-60,24
-7,-59,21
-5,-59,21
-1,-57,23
-3,-59,23
-3,-59,23
-5,-58,20
-5,-58,20
-4,-58,25
-5,-58,25
-2,-57,25
-1,-57,25
-6,-57,27
-1,-55,32
-5,-56,33
-8,-56,37
4,-57,43
4,-54,36
-26,-56,12
-29,-58,16
-21,-56,24
-21,-55,20
-28,-55,15
-22,-55,15
-24,-58,7
-40,-59,-1
-31,-53,6
-38,-55,2
-23,-60,7
-13,-60,13
-22,-60,5
-17,-59,1
-12,-56,7
10,-60,27
-1,-62,24
7,-55,33
4,-54,32
2,-57,38
4,-59,31
-15,-57,23
-25,-57,22
-15,-53,23
-12,-60,26
-9,-56,30
-16,-56,28
-17,-56,27
-15,-55,30
-6,-57,26
-6,-55,25
-16,-56,17
-17,-57,20
-16,-57,28
-14,-55,28
-17,-56,27
-20,-55,25
-16,-59,23
-16,-60,22
-14,-57,22
-12,-56,21
-13,-59,20
-8,-58,23
-9,-58,23
-15,-58,19
-13,-58,20
-11,-59,22
-12,-59,21
-13,-58,20
-12,-58,21
-12,-58,23
-12,-58,23
-13,-57,24
-12,-58,25
-12,-58,24
-12,-57,24
-13,-57,24
-15,-57,24
-13,-58,24
-13,-57,24
-14,-58,22
-12,-59,22
-11,-57,23
-11,-57,23
-11,-57,24
-13,-56,24
-12,-57,24
-12,-57,24
-15,-57,24
-15,-57,25
-14,-57,25
-14,-57,24
-14,-57,23
-14,-58,22
-14,-58,22
-15,-55,23
-15,-53,25
-17,-58,24
-18,-58,25
-14,-54,29
-14,-54,30
-12,-57,29
-14,-58,27
-18,-54,26
-19,-53,24
-8,-57,23
-2,-57,25
12,-60,33
18,-59,34
11,-55,29
10,-55,31
11,-55,30
7,-57,26
-3,-57,21
-5,-56,22
-10,-56,22
-10,-57,26
-13,-55,31
-6,-55,33
1,-55,35
-1,-56,27
-2,-55,27
-4,-53,37
-6,-52,35
-11,-53,36
-15,-54,36
-16,-55,34
-18,-53,31
-17,-56,32
-15,-53,36
-3,-52,30
0,-53,30
0,-57,23
1,-58,21
24,-57,32
19,-58,28
-3,-54,26
-8,-53,31
-6,-54,37
-6,-55,44
-9,-48,36
-7,-59,27
11,-59,27
7,-55,18
-8,-58,8
0,-56,15
12,-55,41
9,-53,37
14,-52,32
8,-54,28
7,-56,27
7,-57,25
7,-57,29
6,-56,26
7,-56,29
9,-56,30
12,-57,26
16,-56,30
12,-52,27
9,-55,30
8,-55,29
9,-55,27
11,-55,28
13,-55,30
13,-54,28
10,-55,27
9,-56,28
9,-56,30
9,-56,30
10,-55,28
10,-55,28
9,-55,29
9,-55,29
11,-55,28
11,-55,29
9,-55,28
9,-55,29
9,-55,29
10,-55,28
10,-55,28
10,-55,28
10,-55,28
10,-56,28
10,-56,28
9,-55,28
9,-56,28
9,-55,28
9,-55,28
10,-55,28
10,-55,28
10,-56,28
10,-55,28
10,-55,28
10,-55,28
9,-56,28
9,-56,28
9,-56,28
9,-56,28
9,-55,28
9,-55,28
9,-56,28
9,-56,28
9,-55,28
10,-55,28
10,-55,28
10,-55,28
9,-55,28
10,-55,28
10,-56,28
10,-55,28
10,-55,29
10,-55,28
10,-56,28
10,-56,28
10,-55,28
9,-55,29
9,-55,29
10,-55,29
10,-55,29
10,-55,29
9,-55,28
9,-55,29
9,-55,29
9,-55,29
9,-55,29
9,-55,29
9,-55,29
9,-55,29
9,-55,29
9,-55,29
9,-55,29
10,-55,29
9,-55,29
9,-55,29
9,-55,29
9,-55,29
10,-55,29
9,-55,29
9,-55,29
9,-55,29
9,-55,29
10,-55,29
9,-55,29
9,-55,29
9,-55,29
9,-55,29
9,-55,29
10,-55,29
9,-55,29
9,-55,29
9,-55,29
9,-55,29
10,-55,29
9,-55,29
9,-55,29
9,-55,29
9,-55,29
9,-55,29
9,-55,29
9,-55,29
10,-55,29
9,-55,29
9,-55,29
9,-55,29
9,-55,29
10,-55,29
9,-55,29
9,-55,29
9,-55,29
9,-55,29
10,-55,29
9,-55,29
9,-55,29
9,-55,29
10,-55,29
9,-55,29
9,-55,29
9,-55,29
10,-55,29
9,-55,29
9,-55,29
9,-55,29
9,-55,29
9,-55,29
9,-55,29
9,-55,29
9,-55,29
9,-55,29
9,-55,29
9,-55,29
9,-55,29
9,-55,29
9,-55,29
9,-55,29
9,-55,29
9,-55,29
9,-55,29
9,-55,29
9,-55,29
9,-55,29
9,-55,29
9,-55,29
9,-55,29
9,-55,29
10,-55,28
10,-55,29
9,-55,29
9,-55,29
9,-55,29
9,-55,29
9,-55,29
9,-55,29
9,-55,28
9,-55,28
9,-55,29
10,-55,28
9,-55,28
9,-55,28
9,-55,28
9,-55,28
9,-56,28
9,-55,28
9,-56,28
9,-55,28
9,-56,28
9,-56,28
9,-55,28
9,-56,28
9,-55,28
9,-55,28
9,-56,28
9,-55,28
9,-56,28
9,-56,28
9,-56,28
9,-56,28
9,-56,28
10,-56,28
9,-56,28
9,-56,28
9,-56,28
9,-56,28
9,-55,28
9,-56,28
9,-56,28
9,-56,28
10,-55,28
10,-55,28
9,-56,28
9,-56,28
9,-56,28
9,-55,28
10,-55,28
9,-55,28
9,-55,28
9,-55,28
9,-55,28
9,-56,28
9,-55,28
9,-55,28
9,-55,28
9,-56,28
9,-55,28
9,-55,28
9,-55,28
10,-55,28
9,-55,28
9,-55,29
9,-55,29
9,-55,28
9,-55,28
9,-55,29
9,-55,29
9,-55,29
9,-55,29
9,-55,29
9,-55,28
9,-55,28
9,-55,29
9,-55,29
9,-55,28
9,-55,29
9,-55,29
9,-55,29
9,-55,29
9,-55,29
9,-55,29
9,-55,29
9,-55,29
9,-55,29
9,-55,29
9,-55,29
9,-55,29
9,-55,29
9,-55,29
9,-55,29
9,-55,29
9,-55,29
9,-55,29
9,-55,29
9,-55,29
9,-55,29
9,-55,29
9,-55,29
9,-55,29
9,-55,29
9,-55,29
9,-55,29
9,-55,29
9,-55,29
9,-55,29
10,-55,29
9,-55,29
9,-55,29
9,-55,29
9,-55,29
9,-55,29
9,-55,29
9,-55,29
9,-55,29
9,-55,29
9,-55,29
9,-55,29
9,-55,29
9,-55,29
9,-55,29
9,-55,29
9,-55,29
9,-55,29
9,-55,29
9,-55,29
9,-55,29
9,-55,29
10,-55,29
9,-55,29
9,-55,29
9,-55,29
9,-55,29
9,-55,29
9,-55,29
9,-55,29
9,-55,29
9,-55,29
9,-55,29
9,-55,29
9,-55,29
9,-55,29
9,-55,29
9,-55,29
9,-55,29
9,-55,29
9,-55,29
9,-55,29
9,-55,29
9,-55,29
9,-55,29
9,-55,29
9,-55,29
9,-55,29
9,-55,29
9,-55,29
9,-55,29
9,-55,29
9,-55,29
9,-55,29
9,-55,29
9,-55,29
9,-55,29
9,-55,29
9,-55,29
9,-55,29
9,-55,29
9,-55,29
10,-55,29
9,-55,29
9,-55,29
9,-55,29
9,-55,29
9,-55,29
9,-55,29
9,-55,29
9,-55,29
9,-55,29
9,-55,29
9,-55,29
9,-55,29
9,-55,29
9,-55,29
9,-55,29
9,-55,29
9,-55,29
9,-55,29
9,-55,29
9,-55,29
9,-55,29
9,-55,29
9,-55,29
9,-55,29
10,-55,29
9,-55,29
9,-55,29
9,-55,29
9,-55,29
9,-55,29
9,-55,29
9,-55,29
9,-55,29
9,-55,29
10,-55,29
9,-55,29
9,-55,29
9,-55,29
9,-55,29
9,-55,29
9,-55,29
9,-55,29
9,-55,29
9,-55,29
9,-55,29
9,-55,29
9,-55,29
9,-55,29
9,-56,29
9,-55,29
9,-55,29
9,-55,29
9,-55,28
9,-55,28
9,-55,28
9,-55,29
9,-55,28
9,-55,28
9,-55,28
9,-55,28
9,-55,28
9,-55,28
9,-56,28
9,-55,28
9,-56,29
9,-56,29
8,-56,29
9,-56,29
9,-56,28
9,-55,28
9,-55,28
9,-56,28
9,-56,28
9,-55,28
9,-55,28
9,-56,28
9,-56,28
9,-55,28
9,-56,28
9,-56,28
9,-55,28
9,-56,28
9,-56,28
9,-55,28
9,-56,28
9,-56,28
9,-56,28
9,-56,28
9,-56,28
9,-56,28
9,-56,28
9,-56,28
9,-56,28
9,-56,28
9,-56,28
9,-56,28
9,-56,28
9,-56,28
9,-56,28
9,-56,28
9,-56,28
9,-55,28
9,-56,28
9,-56,28
9,-56,28
9,-56,28
9,-56,28
9,-56,28
9,-56,28
9,-56,28
9,-56,28
9,-56,28
9,-56,28
9,-56,28
9,-56,28
9,-56,28
9,-56,28
9,-56,28
9,-56,28
9,-56,28
9,-56,28
9,-56,28
9,-56,28
9,-56,28
9,-56,28
9,-56,28
9,-56,28
9,-56,28
9,-56,28
9,-56,28
9,-55,28
9,-56,28
8,-56,28
9,-56,28
9,-56,28
9,-55,28
9,-55,28
9,-56,28
9,-56,28
9,-56,28
9,-56,28
9,-56,28
9,-56,28
9,-56,28
9,-56,28
9,-55,28
9,-55,28
9,-56,29
9,-56,28
9,-56,28
9,-55,28
9,-55,28
9,-55,29
9,-55,28
9,-56,29
9,-55,28
9,-55,28
9,-55,28
9,-55,29
9,-55,28
9,-55,29
9,-56,29
9,-55,28
9,-55,29
9,-55,28
9,-55,28
9,-55,29
9,-55,29
9,-55,29
9,-55,29
9,-55,29
9,-55,29
9,-55,29
9,-55,29
9,-55,29
9,-55,29
9,-55,29
9,-55,29
9,-55,29
9,-55,29
9,-55,29
9,-55,29
9,-55,29
9,-55,29
9,-55,29
9,-55,29
9,-55,29
9,-55,29
9,-55,29
9,-55,29
9,-55,29
9,-55,29
9,-55,29
9,-55,29
9,-55,29
9,-55,29
9,-55,29
9,-55,29
9,-55,29
9,-55,29
9,-55,29
9,-55,29
8,-55,29
9,-55,29
9,-55,29
9,-55,29
9,-55,29
9,-55,29
9,-55,29
9,-55,29
9,-55,29
9,-55,29
9,-55,29
9,-55,29
9,-55,29
9,-55,29
9,-55,29
9,-55,29
9,-55,29
9,-55,29
9,-55,29
9,-55,29
9,-55,29
9,-55,29
9,-55,29
9,-55,29
9,-55,29
9,-55,29
9,-55,29
9,-55,29
8,-55,29
9,-55,29
9,-55,29
9,-55,29
9,-55,29
9,-55,29
9,-55,29
8,-55,29
9,-55,29
9,-55,29
9,-55,29
9,-55,29
9,-55,29
9,-55,29
9,-55,29
9,-55,29
9,-55,28
9,-55,29
9,-55,29
9,-55,29
9,-55,29
8,-55,28
9,-56,28
9,-55,28
9,-55,28
9,-55,28
9,-56,28
9,-56,28
9,-56,28
9,-56,28
9,-55,28
9,-56,28
9,-55,28
9,-56,28
9,-56,28
9,-55,28
9,-56,28
9,-56,28
9,-55,28
9,-56,28
8,-56,28
9,-56,28
9,-56,28
9,-56,28
9,-56,28
9,-56,29
9,-56,28
9,-56,28
9,-56,28
9,-56,28
9,-56,29
9,-55,29
9,-56,28
9,-55,28
9,-56,29
9,-56,28
9,-56,28
9,-55,28
9,-55,29
9,-55,28
9,-55,28
9,-56,28
9,-55,28
9,-55,28
9,-55,28
9,-55,29
9,-55,28
9,-55,29
9,-55,29
9,-55,29
9,-55,28
9,-55,28
8,-55,29
9,-55,29
9,-55,29
9,-55,29
9,-55,29
9,-55,29
9,-55,29
9,-55,29
9,-55,29
9,-55,29
9,-55,29
9,-55,29
9,-55,29
9,-55,29
9,-55,29
9,-55,29
9,-55,29
9,-55,29
9,-55,29
9,-55,29
9,-55,29
9,-55,29
9,-55,29
9,-55,29
9,-55,29
9,-55,29
9,-55,29
9,-55,29
9,-55,29
9,-55,29
9,-55,29
9,-55,29
9,-55,29
9,-55,29
8,-55,29
8,-55,29
9,-55,29
9,-55,29
9,-55,29
9,-55,29
9,-55,29
9,-55,29
9,-55,29
9,-55,29
9,-55,29
8,-55,29
9,-55,29
9,-55,29
9,-55,29
9,-55,29
9,-55,29
9,-55,29
9,-55,29
9,-55,29
9,-55,29
9,-55,29
9,-55,29
9,-55,29
9,-55,29
9,-55,29
9,-55,29
9,-55,29
9,-55,29
9,-55,29
9,-55,29
9,-55,29
9,-55,29
9,-55,29
9,-55,29
8,-55,29
9,-55,29
9,-55,29
9,-55,29
9,-55,29
9,-55,29
9,-55,29
8,-55,29
9,-55,29
9,-55,29
9,-55,29
9,-55,29
9,-55,29
9,-55,29
9,-55,29
9,-55,29
9,-55,29
9,-55,29
9,-55,29
9,-55,28
9,-55,29
9,-55,29
9,-55,28
9,-55,29
9,-55,29
9,-55,28
9,-55,28
9,-55,28
9,-56,28
9,-56,28
9,-56,28
9,-55,28
8,-55,28
8,-56,28
9,-55,28
9,-56,28
9,-56,28
8,-56,28
9,-56,28
9,-56,28
9,-56,28
9,-56,28
9,-55,28
9,-55,28
9,-56,28
9,-56,28
9,-55,28
8,-56,28
9,-56,28
9,-56,28
9,-56,28
9,-56,28
9,-56,28
9,-56,28
9,-56,28
9,-56,28
9,-56,28
9,-56,28
9,-55,28
9,-56,28
9,-56,28
9,-56,28
9,-56,28
9,-56,28
9,-56,28
8,-56,28
9,-56,28
9,-56,28
9,-56,28
8,-56,28
9,-56,28
9,-56,28
9,-56,28
9,-56,28
9,-56,27
8,-56,28
9,-56,28
9,-56,28
9,-56,28
9,-56,28
9,-56,28
9,-56,28
9,-56,28
9,-56,28
9,-56,28
9,-56,27
9,-56,28
9,-56,28
9,-56,28
9,-56,27
9,-56,28
9,-56,28
9,-56,28
9,-56,28
9,-56,28
9,-56,28
8,-56,28
8,-56,28
9,-56,27
9,-56,28
8,-56,28
8,-56,28
9,-56,28
8,-56,28
8,-56,28
9,-56,28
9,-56,28
8,-56,28
9,-56,28
9,-56,28
8,-56,28
9,-56,28
9,-56,28
9,-56,28
9,-56,28
9,-56,28
8,-56,28
9,-56,28
9,-56,28
9,-56,28
9,-55,28
9,-56,28
9,-56,28
8,-56,28
9,-56,28
9,-56,28
9,-56,28
9,-56,28
8,-56,28
8,-56,28
9,-56,28
9,-56,28
9,-56,28
8,-55,29
9,-56,28
9,-56,28
9,-56,28
9,-56,28
9,-56,28
9,-56,28
8,-55,29
9,-56,28
9,-55,28
8,-56,29
9,-55,29
9,-55,29
9,-55,29
9,-55,29
9,-55,29
8,-55,29
9,-56,28
9,-55,28
9,-55,29
9,-55,29
9,-56,28
9,-55,29
9,-55,29
9,-55,29
9,-55,29
9,-55,29
9,-55,29
9,-56,29
8,-55,29
8,-56,29
9,-55,29
9,-55,29
8,-55,29
8,-55,29
9,-55,29
9,-55,29
8,-55,29
9,-55,29
9,-55,29
9,-55,29
8,-55,29
9,-55,29
9,-55,29
8,-55,29
9,-55,29
9,-55,29
9,-55,29
9,-55,29
9,-55,29
8,-55,29
9,-55,29
9,-55,29
8,-55,29
9,-55,29
9,-55,29
9,-55,29
9,-55,29
9,-55,29
9,-55,29
9,-55,29
9,-55,29
9,-55,29
9,-55,29
8,-55,29
9,-55,29
9,-55,29
9,-55,29
8,-55,29
9,-55,29
9,-55,29
8,-55,29
8,-55,29
9,-55,29
9,-55,29
8,-55,29
9,-55,29
9,-55,29
9,-55,29
9,-55,29
9,-55,29
9,-55,29
9,-55,29
9,-55,29
9,-55,29
9,-55,29
9,-55,29
9,-55,29
9,-55,29
9,-55,29
9,-55,29
9,-55,29
9,-55,29
9,-55,29
9,-55,29
9,-55,29
9,-55,29
8,-55,29
8,-55,29
9,-55,29
9,-55,29
9,-55,29
9,-55,29
9,-55,29
9,-55,29
8,-55,29
9,-55,29
9,-55,29
9,-55,29
8,-55,29
9,-55,29
9,-55,28
9,-55,29
9,-56,29
9,-55,28
9,-56,28
9,-55,29
9,-55,28
8,-56,28
8,-55,28
9,-55,28
9,-56,28
9,-55,28
9,-56,28
9,-55,28
9,-55,28
9,-56,28
9,-56,28
9,-56,28
8,-56,28
8,-56,28
9,-56,28
9,-56,28
9,-56,28
8,-56,28
9,-56,28
9,-56,28
8,-56,28
9,-56,28
9,-56,28
8,-56,28
9,-56,28
9,-56,28
8,-56,28
8,-56,28
9,-56,28
9,-56,28
9,-56,28
8,-56,28
8,-56,28
8,-56,28
9,-56,28
9,-56,28
9,-56,28
9,-56,28
9,-56,28
9,-56,28
9,-56,28
9,-56,28
9,-56,28
9,-56,28
9,-56,28
8,-56,28
9,-56,28
9,-56,28
9,-56,28
8,-55,28
9,-55,28
9,-56,28
8,-56,28
8,-55,28
9,-56,28
8,-56,29
8,-56,28
9,-56,29
9,-55,28
9,-55,28
8,-56,28
9,-55,29
9,-55,28
9,-55,29
8,-55,29
9,-56,29
9,-55,29
9,-55,28
8,-55,28
8,-55,29
9,-56,28
9,-55,29
8,-55,28
9,-55,29
8,-55,28
9,-55,29
9,-55,29
9,-55,29
8,-55,29
8,-56,29
9,-55,29
9,-55,29
8,-55,29
8,-55,29
9,-55,29
9,-55,29
8,-55,29
9,-55,29
9,-55,29
8,-55,29
8,-55,29
9,-55,29
9,-55,29
8,-55,29
9,-55,29
9,-55,29
9,-55,29
9,-55,29
9,-55,29
8,-55,29
9,-55,29
9,-55,29
9,-55,29
9,-55,29
9,-55,29
8,-55,29
8,-55,29
9,-55,29
9,-55,29
9,-55,29
9,-55,29
9,-55,29
8,-55,29
9,-55,29
9,-55,29
8,-55,28
9,-55,29
9,-55,29
9,-55,29
8,-55,29
9,-55,29
9,-55,29
9,-55,29
8,-55,29
9,-55,29
9,-55,29
9,-55,29
8,-55,29
9,-55,29
9,-55,29
8,-55,29
8,-55,29
9,-55,29
9,-55,29
9,-55,29
9,-55,29
9,-55,29
9,-55,29
9,-55,29
9,-55,29
9,-55,29
9,-55,29
8,-55,29
8,-55,29
9,-55,29
9,-55,29
9,-55,29
8,-55,29
9,-55,29
9,-55,29
8,-55,29
9,-55,29
9,-55,29
8,-55,29
8,-55,29
9,-55,28
9,-55,29
8,-55,29
8,-55,29
9,-56,29
9,-56,29
8,-55,29
8,-55,29
9,-55,28
8,-55,29
9,-55,29
9,-55,29
9,-55,28
8,-55,28
9,-56,28
9,-55,29
9,-56,28
9,-56,28
9,-56,28
8,-56,28
8,-56,28
9,-55,28
8,-55,28
9,-55,28
9,-55,28
8,-55,28
9,-55,28
9,-55,28
8,-56,28
9,-55,29
9,-56,28
8,-56,29
8,-55,29
9,-55,28
9,-55,28
8,-55,29
8,-55,29
9,-55,29
9,-55,29
8,-55,29
9,-55,29
9,-55,29
8,-55,29
9,-55,29
9,-56,29
8,-55,29
8,-55,29
8,-55,29
9,-55,29
9,-55,29
9,-55,29
8,-56,29
9,-55,29
9,-55,29
9,-55,29
9,-55,29
9,-55,29
9,-55,29
9,-55,28
9,-55,29
8,-55,29
8,-55,29
9,-55,29
9,-55,29
8,-55,29
8,-55,29
9,-55,29
9,-55,29
8,-55,29
8,-55,29
9,-55,29
9,-55,29
9,-55,29
8,-55,29
9,-55,29
9,-55,29
8,-55,29
9,-55,29
9,-55,29
8,-55,29
9,-55,29
9,-55,29
9,-55,29
9,-55,29
8,-55,29
9,-55,29
9,-55,29
9,-55,29
9,-55,29
9,-55,29
9,-55,29
9,-55,29
9,-55,29
9,-55,29
9,-55,29
8,-55,29
8,-55,29
9,-55,29
9,-55,29
8,-55,29
8,-55,29
9,-55,29
9,-55,29
8,-55,29
9,-55,29
9,-55,29
8,-55,29
8,-55,29
9,-55,29
9,-55,29
8,-55,29
8,-55,29
9,-55,29
9,-55,29
8,-55,29
8,-55,29
9,-55,29
9,-55,29
9,-55,29
8,-55,29
8,-55,29
8,-55,29
9,-55,29
9,-55,29
9,-55,29
9,-55,29
8,-55,29
8,-55,29
9,-55,29
9,-55,29
8,-55,29
8,-55,29
9,-55,29
8,-56,29
8,-55,29
9,-56,29
9,-55,28
8,-55,28
8,-55,29
9,-55,29
9,-55,29
8,-55,29
8,-55,29
9,-55,28
9,-55,28
8,-55,29
9,-56,29
9,-56,28
8,-55,28
8,-56,28
9,-55,28
9,-56,28
9,-56,29
9,-55,28
9,-55,28
8,-56,28
8,-56,28
9,-56,28
9,-56,28
9,-56,28
8,-56,28
8,-56,28
9,-56,28
8,-56,28
9,-56,28
9,-56,28
8,-56,28
8,-56,28
9,-56,28
9,-56,28
8,-56,28
8,-56,28
9,-56,28
9,-56,28
8,-56,28
9,-56,28
8,-56,28
8,-56,28
9,-56,28
9,-56,28
8,-56,28
8,-56,28
9,-56,28
9,-56,28
9,-56,28
9,-55,28
9,-56,28
8,-56,28
8,-55,28
8,-56,28
9,-56,28
9,-55,28
9,-56,28
8,-56,28
8,-55,28
9,-56,28
8,-55,28
9,-55,28
9,-56,29
8,-56,28
8,-56,28
9,-55,28
9,-55,28
8,-55,29
8,-55,29
9,-55,28
8,-56,29
8,-56,29
8,-55,29
9,-56,29
8,-55,29
8,-56,29
9,-55,29
9,-55,29
8,-55,29
8,-55,29
9,-55,29
8,-55,29
9,-55,29
9,-55,29
9,-55,29
9,-55,29
9,-55,29
8,-55,29
8,-55,29
9,-55,29
9,-55,29
9,-55,29
8,-55,29
8,-55,29
8,-55,29
9,-55,29
9,-55,29
9,-55,29
8,-55,29
8,-55,29
9,-55,29
9,-55,29
9,-55,29
8,-55,29
9,-55,29
9,-55,29
8,-55,29
8,-55,29
9,-55,29
8,-55,29
8,-55,29
9,-55,29
9,-55,29
8,-55,29
8,-55,29
9,-55,29
9,-55,29
9,-55,29
9,-55,29
8,-55,29
8,-55,29
9,-55,29
9,-55,29
8,-55,29
9,-55,29
8,-55,29
8,-55,29
9,-55,29
9,-55,29
8,-55,29
9,-55,29
8,-55,29
9,-55,29
9,-55,29
9,-55,29
8,-55,29
8,-55,29
9,-55,29
9,-55,29
8,-55,29
9,-55,29
9,-55,29
8,-55,29
8,-55,29
9,-55,29
9,-55,29
8,-55,29
8,-55,29
9,-55,29
9,-55,29
8,-55,29
8,-55,29
9,-55,29
9,-55,29
9,-55,29
9,-55,29
9,-55,29
9,-55,29
9,-55,29
9,-55,29
8,-55,29
9,-55,29
9,-55,29
9,-55,29
8,-55,29
9,-56,29
9,-55,29
8,-55,28
9,-56,28
9,-56,29
8,-56,29
8,-56,29
9,-55,29
9,-55,28
9,-55,28
8,-55,29
9,-56,28
9,-55,28
8,-55,28
9,-56,29
9,-56,28
8,-55,29
8,-56,29
9,-55,28
9,-56,28
8,-56,28
8,-55,28
9,-56,28
9,-56,28
8,-56,28
9,-56,28
8,-56,28
8,-56,28
9,-56,28
9,-56,28
9,-56,28
8,-55,28
8,-56,28
9,-55,28
9,-56,28
8,-56,28
9,-56,28
9,-56,28
9,-56,28
8,-56,28
8,-56,28
9,-56,28
9,-56,28
8,-56,28
8,-56,28
9,-56,28
8,-56,28
9,-56,28
9,-56,28
8,-56,28
8,-56,28
9,-56,28
9,-56,28
8,-56,28
8,-56,28
9,-56,28
8,-56,28
9,-56,28
9,-56,28
8,-56,28
8,-56,28
8,-56,28
8,-55,28
9,-56,28
9,-56,28
8,-55,28
9,-56,28
8,-56,28
8,-56,28
9,-56,28
9,-56,28
9,-55,28
8,-56,28
8,-56,28
9,-56,28
9,-55,28
8,-56,29
8,-56,28
9,-56,28
8,-56,29
8,-55,28
9,-56,29
9,-55,28
8,-56,29
9,-55,29
9,-56,29
8,-55,28
8,-55,28
9,-55,29
9,-55,29
9,-55,29
9,-55,29
8,-55,29
8,-55,29
9,-55,29
9,-55,29
9,-55,29
9,-55,29
9,-55,29
9,-55,29
8,-55,29
9,-55,29
8,-55,28
9,-55,29
9,-55,29
9,-55,29
8,-56,29
8,-55,29
8,-55,29
9,-55,29
8,-55,29
8,-56,29
9,-55,29
9,-55,29
8,-55,29
8,-55,29
9,-55,29
8,-55,29
8,-55,29
9,-55,29
9,-55,29
9,-55,29
9,-55,29
8,-55,29
9,-55,29
9,-55,29
9,-55,29
8,-55,29
9,-55,29
8,-55,29
9,-55,29
8,-55,29
9,-55,29
9,-55,29
9,-55,29
9,-55,29
8,-55,29
9,-55,29
9,-55,29
8,-55,29
9,-55,29
9,-55,29
8,-55,29
8,-55,29
9,-55,29
9,-55,29
8,-55,29
8,-55,29
9,-55,29
9,-55,29
9,-55,29
9,-55,29
9,-55,29
8,-55,29
8,-55,29
9,-55,29
9,-55,29
8,-55,29
8,-55,29
9,-55,29
9,-55,29
9,-55,29
9,-55,29
8,-55,29
8,-55,29
9,-55,29
9,-55,29
8,-55,29
8,-55,29
9,-55,29
8,-55,29
9,-55,29
9,-55,29
9,-55,29
9,-55,29
8,-55,29
8,-56,29
9,-55,29
8,-55,29
8,-56,29
9,-55,29
9,-55,29
8,-55,28
8,-55,29
8,-55,29
9,-56,29
8,-56,29
8,-55,29
9,-55,29
8,-56,29
8,-55,29
9,-55,29
9,-55,28
8,-56,28
8,-56,28
8,-55,28
8,-55,28
9,-55,29
8,-55,28
9,-56,28
8,-55,28
8,-56,28
8,-56,28
9,-55,28
9,-56,28
9,-56,28
8,-56,29
9,-56,28
9,-56,28
8,-56,28
9,-56,28
9,-56,28
8,-56,28
8,-56,28
9,-55,28
9,-56,28
8,-56,28
9,-56,28
9,-56,28
8,-56,28
8,-56,28
9,-56,28
8,-56,28
9,-56,28
9,-56,28
9,-56,28
8,-55,28
8,-56,28
9,-56,28
9,-55,28
9,-56,28
8,-56,29
8,-56,28
8,-56,28
9,-56,28
9,-56,28
8,-55,28
9,-56,28
8,-55,28
8,-56,28
9,-56,28
8,-56,28
8,-55,28
9,-55,28
9,-56,29
8,-55,28
8,-55,29
9,-55,29
9,-55,28
8,-56,28
8,-55,29
9,-55,29
8,-56,28
8,-56,29
8,-55,28
8,-56,29
8,-55,29
8,-55,29
9,-56,29
8,-55,29
8,-55,29
9,-55,29
9,-55,29
9,-55,29
8,-55,29
8,-55,29
9,-55,29
9,-55,29
9,-55,29
8,-55,29
9,-55,29
9,-55,29
9,-55,29
8,-55,29
8,-55,29
8,-55,29
9,-55,29
9,-55,29
9,-55,29
8,-55,29
8,-55,29
9,-55,29
9,-55,29
8,-55,29
8,-55,29
9,-55,29
9,-55,29
8,-55,29
9,-55,29
9,-55,29
9,-55,29
8,-55,29
9,-55,29
9,-55,29
8,-55,29
8,-55,29
9,-55,29
9,-55,29
8,-55,29
9,-55,29
9,-55,29
8,-55,29
9,-55,29
9,-55,29
8,-55,29
8,-55,29
8,-55,29
9,-55,29
9,-55,29
8,-55,29
9,-55,29
8,-55,29
8,-55,29
9,-55,29
9,-55,29
8,-55,29
8,-55,29
9,-55,29
9,-55,29
8,-55,29
8,-55,29
9,-55,29
9,-55,29
8,-55,29
9,-55,29
9,-55,29
8,-55,29
8,-55,29
9,-55,29
9,-55,29
8,-55,29
8,-55,29
9,-55,29
8,-55,29
9,-55,29
9,-55,29
8,-55,29
8,-55,29
9,-55,29
9,-55,29
9,-55,29
8,-55,29
9,-55,29
9,-55,29
8,-55,29
8,-55,29
9,-55,29
9,-55,29
8,-55,28
9,-55,29
8,-55,29
8,-55,29
8,-55,29
9,-55,29
9,-55,29
8,-55,29
8,-55,29
9,-56,28
8,-55,28
8,-55,29
9,-55,29
9,-55,28
8,-55,29
9,-56,29
9,-56,28
8,-55,28
8,-56,29
8,-56,28
9,-55,28
9,-55,29
8,-55,29
8,-56,28
8,-56,28
8,-56,28
9,-56,28
8,-56,28
8,-55,28
9,-55,28
8,-56,28
9,-56,28
9,-56,28
8,-56,28
8,-55,28
9,-55,28
9,-56,28
8,-55,28
8,-56,28
9,-55,28
9,-56,28
8,-56,29
8,-56,28
8,-56,28
8,-55,28
8,-55,29
9,-56,28
8,-56,29
8,-56,29
9,-55,29
8,-55,28
8,-55,28
8,-55,28
8,-55,29
9,-55,29
9,-55,28
8,-55,29
8,-55,29
8,-55,29
8,-56,28
8,-55,29
9,-55,28
9,-55,29
9,-55,29
8,-55,29
8,-55,29
8,-55,29
8,-55,29
9,-55,29
8,-56,29
8,-55,29
8,-55,29
9,-55,29
9,-55,29
8,-55,29
8,-55,29
9,-55,29
9,-55,29
8,-55,29
9,-55,29
9,-55,29
8,-55,29
8,-55,29
9,-55,29
9,-55,29
8,-55,29
8,-55,29
9,-55,29
9,-55,29
9,-55,29
9,-55,29
8,-55,29
8,-55,29
9,-55,29
9,-55,29
9,-55,29
8,-55,29
9,-55,29
8,-55,29
8,-55,29
9,-55,29
9,-55,29
9,-55,29
9,-55,29
9,-55,29
8,-55,29
8,-55,29
9,-55,29
9,-55,29
8,-55,29
8,-55,29
9,-55,29
9,-55,29
8,-55,29
8,-55,29
9,-55,29
8,-55,29
8,-55,29
9,-55,29
8,-55,29
9,-55,29
8,-55,29
9,-55,29
9,-55,29
8,-55,29
9,-56,29
8,-55,29
9,-56,30
9,-56,29
9,-55,32
12,-55,34
5,-56,30
6,-56,29
6,-55,33
1,-56,32
3,-56,36
1,-54,34
1,-55,27
5,-58,26
1,-58,16
3,-58,15
8,-58,12
13,-59,10
10,-59,6
8,-60,3
7,-60,-1
9,-60,-3
12,-60,-6
13,-60,-9
15,-60,-11
13,-61,-15
13,-60,-18
18,-61,-19
16,-61,-22
14,-60,-25
19,-60,-23
22,-60,-20
19,-58,-22
16,-59,-19
17,-60,-16
15,-60,-11
12,-59,-11
12,-60,-10
12,-61,-9
11,-60,-7
10,-60,-7
9,-61,-6
8,-62,-7
8,-61,-6
8,-61,-7
11,-62,-6
11,-62,-6
6,-61,-8
7,-62,-7
14,-58,-3
13,-62,-6
12,-65,-8
12,-61,-7
13,-60,-6
12,-61,-5
12,-62,-4
12,-62,-5
12,-62,-5
10,-61,-4
9,-61,-4
8,-62,-4
9,-63,-4
10,-62,-4
10,-62,-4
9,-62,-5
11,-61,-5
11,-61,-5
10,-61,-6
10,-61,-4
11,-62,-5
12,-61,-5
12,-61,-4
10,-61,-3
12,-62,-3
11,-62,-4
10,-61,-4
10,-62,-4
13,-61,-4
16,-62,-3
13,-62,-4
12,-61,-3
11,-62,-4
14,-62,-5
13,-63,-7
12,-60,-3
11,-62,0
10,-61,1
7,-61,1
10,-62,0
14,-64,0
14,-63,1
11,-61,-4
10,-63,-5
13,-61,0
9,-59,1
9,-59,4
14,-64,5
11,-65,0
9,-61,-2
10,-62,-5
11,-61,-5
10,-63,-8
10,-64,-8
5,-60,-6
5,-60,-6
8,-64,-5
9,-63,-4
9,-62,-6
12,-62,-4
9,-62,-5
8,-62,-5
9,-62,-4
10,-61,-2
10,-61,-1
11,-59,0
10,-60,-1
6,-62,-5
5,-61,-8
9,-60,-9
11,-60,-9
6,-60,-14
3,-60,-16
9,-59,-16
5,-60,-19
1,-60,-22
7,-59,-20
11,-59,-21
11,-58,-23
9,-58,-25
8,-58,-25
2,-58,-31
4,-58,-32
10,-57,-27
11,-57,-27
13,-57,-27
12,-57,-27
9,-56,-26
9,-56,-25
14,-55,-26
15,-56,-27
15,-56,-25
18,-55,-23
16,-54,-24
15,-55,-27
16,-55,-27
16,-55,-28
16,-56,-29
13,-55,-26
11,-54,-24
14,-55,-27
16,-56,-28
16,-55,-23
17,-54,-21
26,-55,-20
26,-55,-21
9,-55,-26
11,-55,-25
23,-56,-27
24,-54,-24
13,-58,-28
19,-57,-22
16,-55,-22
12,-56,-28
12,-58,-31
17,-56,-26
18,-56,-20
22,-56,-23
24,-56,-19
26,-57,-19
22,-57,-20
19,-55,-5
18,-54,-3
29,-53,-10
27,-53,-9
28,-55,-4
28,-53,-4
32,-52,-11
32,-51,-15
39,-53,-18
38,-52,-17
35,-50,-14
35,-50,-14
43,-51,-17
45,-50,-21
36,-51,-14
29,-51,-14
18,-52,-17
25,-53,-22
29,-50,-19
24,-50,-21
34,-50,-11
35,-51,-13
37,-48,-11
47,-48,-12
44,-46,-13
37,-50,-14
35,-51,-13
25,-48,-11
27,-49,-11
34,-51,-14
37,-49,-15
41,-46,-14
40,-44,-15
42,-42,-14
38,-45,-15
42,-47,-12
41,-45,-13
42,-43,-12
41,-43,-14
45,-42,-15
48,-41,-15
45,-41,-16
45,-42,-18
45,-41,-17
45,-40,-18
43,-41,-20
44,-41,-21
44,-44,-23
41,-41,-28
43,-39,-21
51,-39,-14
47,-42,-20
47,-41,-15
39,-43,-15
40,-43,-13
37,-42,-15
38,-43,-19
43,-44,-19
45,-44,-19
44,-43,-19
48,-39,-10
46,-39,-11
41,-46,-13
44,-46,-10
54,-46,-17
50,-42,-25
73,-40,-4
63,-38,-7
48,-40,-12
44,-43,-12
35,-45,-17
33,-47,-20
25,-46,-22
18,-48,-25
14,-52,-23
12,-46,-20
3,-30,-14
4,-33,-8
-8,-60,-2
-21,-72,1
-18,-62,5
-19,-61,13
-36,-58,24
-25,-64,26
-3,-64,30
-2,-56,19
0,-57,18
-2,-55,15
2,-54,15
-4,-52,14
-6,-46,12
0,-43,21
-14,-32,31
-49,-8,47
-42,-20,42
-38,-5,36
-72,11,61
-63,-1,52
-73,13,71
-44,4,72
-33,8,66
-15,14,51
-12,13,45
-14,32,57
-26,40,67
-27,38,63
-28,38,65
-19,43,67
-13,45,68
-20,50,69
-29,50,66
-29,47,62
-19,41,51
-19,37,47
-9,34,47
-1,38,49
11,36,47
10,35,45
-2,37,36
0,38,38
3,35,37
4,35,41
14,38,54
14,36,52
4,37,44
5,36,47
6,37,52
7,37,52
10,36,53
8,37,52
4,40,50
5,37,48
9,35,52
11,34,53
16,35,58
20,31,61
19,32,60
23,35,58
24,36,56
25,35,55
25,34,53
23,33,51
22,33,49
23,27,42
22,27,39
23,27,40
24,25,39
22,20,34
24,15,33
29,2,32
25,-3,31
23,-2,34
24,9,39
37,35,43
50,50,44
51,43,47
49,48,40
39,56,22
34,57,16
19,65,16
23,60,12
5,58,3
3,59,9
24,57,-8
3,53,-16
-7,54,5
-21,61,8
-9,87,6
-27,75,-21
-36,74,-10
-25,49,2
-12,53,-13
-26,62,-12
-43,72,-8
-33,69,-6
-29,65,-13
-38,59,-4
-33,54,-15
-30,60,-13
-31,61,-11
-37,66,-9
-35,66,-9
-35,69,-10
-25,73,-11
-23,78,-6
-21,79,-10
-13,81,-15
-13,73,-25
-15,65,-33
-13,66,-24
-12,60,-15
-15,60,-21
-10,61,-24
-8,59,-26
-12,61,-26
-8,62,-15
-11,62,-14
-17,61,-12
-13,59,-11
-8,57,-9
-10,58,-7
-11,58,-5
-14,60,-4
-13,59,1
-10,58,-1
-7,59,0
-5,60,3
-4,61,2
-5,62,1
-9,67,1
-7,69,4
1,72,10
3,71,9
0,65,5
-2,63,3
-6,59,4
-9,56,5
-13,54,7
-13,55,8
-9,53,11
-6,54,15
-7,56,17
-9,60,19
-10,62,17
-10,68,16
-9,69,16
-6,69,17
-4,69,19
-3,67,19
-5,66,19
-8,64,18
-9,65,19
-13,68,20
-14,70,21
-14,64,16
-18,60,15
-19,56,13
-22,52,10
-31,57,11
-32,52,11
-22,50,16
-34,47,13
-34,43,14
-27,43,21
-20,47,27
-24,49,25
-37,49,14
-47,51,11
-46,55,16
-48,59,24
-35,59,26
-20,55,30
-23,53,32
-30,49,36
-33,46,36
-37,39,29
-42,35,22
-43,41,18
-44,41,17
-36,39,23
-25,42,29
-32,39,22
-36,38,24
-46,38,25
-45,38,27
-27,38,40
-27,40,42
-36,45,42
-37,44,42
-36,41,44
-36,41,47
-34,43,50
-32,45,49
-32,43,46
-31,43,37
-26,34,31
-16,26,41
-26,28,42
-36,38,48
-41,46,52
-49,64,63
-42,62,64
-15,62,55
-11,60,46
-1,53,36
2,52,33
-1,49,29
-3,46,29
-6,41,31
-15,41,36
-29,37,39
-28,34,41
-20,29,44
-14,26,45
-16,24,52
-21,20,55
-24,19,63
-22,27,71
-23,29,71
-26,28,69
-34,25,71
-39,31,76
-34,43,70
-25,32,40
-28,32,34
-29,34,40
-32,37,44
-27,32,36
-24,29,33
-26,27,37
-26,25,38
-27,25,43
-31,26,44
-33,30,45
-31,36,47
-24,44,55
-28,55,60
-30,54,67
-22,49,64
-1,48,53
1,47,47
-5,45,41
-6,45,41
-3,42,46
-2,39,45
-8,34,40
-14,35,40
-21,36,44
-20,34,46
-14,33,47
-8,32,47
-8,31,47
-11,32,47
-15,34,48
-20,37,50
-24,37,53
-28,36,57
-34,40,63
-26,57,68
-18,58,61
-15,51,46
-19,50,44
-28,51,45
-22,51,46
-11,46,43
-11,43,40
-15,39,39
-17,37,38
-22,35,38
-23,33,40
-25,33,43
-29,34,47
-35,35,53
-31,34,53
-30,32,53
-35,37,56
-34,34,60
-31,28,64
-24,34,68
-4,36,60
1,35,51
-8,38,38
-12,41,36
-10,41,37
-8,39,38
-8,40,45
-10,39,46
-12,36,45
-13,34,44
-16,27,47
-18,25,49
-24,24,56
-35,30,64
-37,38,72
-36,37,71
-33,30,61
-25,26,55
-25,25,48
-31,30,47
-29,43,50
-24,44,48
-18,41,44
-18,38,42
-21,34,40
-22,32,38
-24,28,39
-28,30,44
-31,33,48
-30,33,53
-28,33,52
-29,37,51
-28,33,49
-16,27,47
-23,38,54
-32,48,54
-25,45,47
-16,47,37
-17,49,32
-9,43,32
-3,41,34
-13,45,28
-26,45,24
-33,46,21
-33,45,20
-44,43,18
-45,47,21
-37,59,17
-41,61,12
-44,64,9
-42,61,4
-35,59,0
-32,63,1
-35,64,-3
-35,63,-5
-51,58,-10
-40,52,-6
-20,54,10
-28,55,4
-42,58,-11
-42,64,-5
-36,63,-4
-39,61,-6
-35,59,1
-41,54,4
-35,49,-11
-41,48,-20
-40,51,-17
-35,49,-17
-41,45,-19
-51,35,-18
-52,40,-12
-49,49,-15
-28,43,-9
-18,39,-1
-11,38,5
-5,37,12
0,40,15
-6,54,17
-14,64,18
-19,65,13
-14,66,9
-9,71,7
-13,60,9
-13,57,9
-9,69,6
-12,64,3
-15,77,6
-10,76,6
-7,69,1
-7,69,1
-4,67,-1
0,67,-5
-1,64,-9
0,72,-8
-2,81,-9
3,77,-10
2,76,-11
5,72,-11
5,73,-12
4,75,-11
5,69,-5
5,67,-5
-2,65,-7
-4,64,-8
-4,62,-10
-4,61,-10
-2,61,-12
-1,60,-12
-2,61,-14
-1,60,-15
-1,60,-15
-1,63,-17
-1,64,-17
-1,66,-14
-1,66,-13
-2,65,-12
-2,65,-11
-2,66,-9
-2,65,-10
-1,64,-9
-1,64,-9
-1,62,-11
-2,62,-11
-1,63,-10
-1,63,-10
-3,64,-11
-3,64,-11
-3,65,-12
-4,64,-12
-3,64,-12
-3,64,-11
-4,64,-10
-5,63,-10
-5,64,-10
-5,63,-10
-5,63,-10
-5,63,-10
-5,62,-11
-4,61,-11
-3,60,-12
-3,59,-13
-2,57,-14
-2,56,-14
-1,58,-14
-3,60,-15
-5,61,-15
-5,63,-15
-6,65,-15
-2,65,-15
1,69,-12
9,72,-7
0,76,-9
-14,67,-16
3,65,-3
-5,66,-16
-20,63,-31
-1,68,-8
5,72,-2
-15,69,-3
-11,65,-3
-7,64,-1
-6,69,-1
-8,62,-9
-6,63,-10
-13,64,-7
-4,63,-12
-3,63,-10
-12,68,-4
-13,65,-3
-5,60,-8
-8,59,-12
-14,50,-29
-8,49,-17
4,72,-4
0,60,3
-16,69,7
-1,65,12
-17,62,0
-18,63,5
-41,69,-1
-14,54,-2
-21,71,6
-14,69,-4
-23,70,7
-29,66,11
-37,71,11
-30,67,15
-18,60,22
-6,65,23
-13,75,28
-30,71,28
-33,76,41
-35,73,45
-34,61,52
-43,48,45
-47,42,42
-57,30,44
-53,24,44
-46,10,40
-45,4,39
-41,-4,36
-41,-10,35
-38,-15,31
-34,-17,31
-25,-24,29
-21,-27,31
-23,-32,38
-25,-34,41
-18,-34,42
-13,-34,45
-34,-29,56
-33,-24,56
-12,-22,57
-13,-22,58
-12,-22,56
-6,-23,51
-13,-25,56
-23,-16,59
-7,-23,54
-3,-23,54
-7,-13,60
-23,-9,57
-19,-13,54
-16,-9,52
-20,-8,50
-25,-14,50
-27,-14,55
-27,-17,60
-28,-17,62
-28,-16,59
-30,-17,56
-53,-17,48
-60,-16,46
-45,-17,46
-46,-15,46
-49,-9,50
-45,-9,49
-40,-10,49
-44,-11,52
-47,-9,55
-47,-9,55
-35,-17,53
-28,-20,55
-40,-21,56
-38,-23,58
-26,-26,60
-15,-27,64
-7,-28,59
-12,-25,63
-13,-21,65
-8,-16,56
-7,-21,55
14,6,61
11,-8,58
17,-11,67
1,-14,61
-15,-20,42
-13,-22,42
-1,-13,62
-23,-12,60
0,-23,74
-1,4,83
-43,-14,19
-57,-13,-12
-90,-35,4
-57,-19,31
-16,-33,37
-8,-45,36
3,-42,54
1,-39,60
0,-34,59
-4,-31,54
-1,-34,55
-1,-34,56
0,-28,60
-5,-25,60
-14,-23,61
-15,-19,63
-15,-21,61
-12,-22,62
-9,-23,65
-12,-27,64
-13,-26,63
-14,-24,60
-16,-22,58
-19,-20,59
-20,-20,59
-15,-21,56
-14,-21,58
-15,-21,60
-15,-22,59
-13,-23,57
-15,-22,57
-16,-22,59
-15,-22,58
-14,-23,56
-12,-20,58
-12,-20,59
-11,-21,60
-13,-20,61
-13,-20,60
-13,-22,60
-14,-21,60
-15,-21,57
-14,-21,59
-14,-22,59
-14,-21,59
-14,-21,59
-13,-21,59
-12,-21,58
-13,-22,58
-13,-23,57
-13,-22,58
-14,-22,58
-12,-21,60
-13,-21,58
-13,-21,58
-12,-20,59
-12,-21,59
-11,-20,60
-13,-19,59
-11,-18,61
-8,-16,63
-8,-16,62
-12,-17,61
-7,-21,62
0,-14,61
3,-15,65
-4,-14,61
-7,-15,59
-5,-14,63
-4,-15,63
-5,-14,62
-1,-14,64
0,-16,61
-4,-16,60
-7,-10,60
-4,-11,63
-7,-12,64
-5,-16,64
-3,-14,66
3,-12,66
1,-12,65
-11,-15,57
-13,-28,51
-4,-20,61
-10,-25,59
-11,-16,58
-12,-17,59
-11,-21,64
-9,-20,62
-10,-23,58
-12,-21,57
-9,-23,59
-9,-25,59
-11,-18,60
-13,-24,59
-11,-20,60
-13,-21,59
-11,-24,57
-10,-21,59
-12,-22,60
-12,-22,58
-12,-23,59
-15,-21,60
-13,-20,60
-14,-22,57
-12,-22,57
-15,-20,57
-14,-22,57
-17,-21,59
-15,-22,59
-7,-23,64
-19,-20,57
-14,-22,58
-13,-22,58
-16,-22,56
-17,-23,56
-15,-22,59
-16,-22,59
-12,-20,60
-13,-21,60
-14,-21,59
-14,-21,60
-15,-21,59
-16,-21,58
-15,-21,58
-15,-21,58
-13,-16,58
-20,-22,58
-19,-21,57
-11,-25,59
-13,-20,60
-15,-20,59
-15,-21,58
-19,-21,56
-18,-22,57
-16,-21,58
-16,-21,58
-15,-21,59
-16,-21,58
-16,-21,58
-17,-20,58
-18,-20,58
-17,-21,57
-18,-21,58
-18,-21,58
-17,-21,58
-17,-20,58
-17,-21,58
-18,-21,58
-18,-21,58
-18,-20,58
-17,-20,58
-17,-20,58
-17,-21,57
-18,-21,58
-18,-20,57
-18,-21,58
-18,-21,58
-18,-21,57
-17,-20,58
-17,-20,58
-18,-21,58
-18,-21,57
-18,-21,58
-17,-21,58
-18,-21,57
-18,-21,58
-17,-21,58
-18,-21,58
-18,-21,58
-18,-21,58
-18,-21,58
-18,-21,58
-17,-21,58
-18,-21,57
-18,-20,58
-18,-21,58
-18,-21,57
-17,-21,58
-17,-20,58
-18,-21,58
-18,-21,58
-18,-21,58
-18,-21,58
-18,-21,58
-18,-21,58
-18,-20,58
-18,-21,58
-18,-21,58
-18,-20,58
-18,-21,58
-18,-21,57
-18,-20,58
-17,-21,58
-18,-21,58
-18,-20,58
-18,-21,58
-18,-21,58
-17,-21,58
-18,-20,58
-18,-21,58
-18,-20,58
-18,-20,58
-18,-21,58
-17,-21,58
-18,-20,58
-17,-20,58
-18,-21,58
-18,-21,58
-18,-21,58
-17,-21,58
-18,-20,58
-18,-21,58
-17,-21,58
-18,-21,58
-18,-20,58
-17,-21,58
-18,-21,58
-18,-21,58
-17,-21,58
-17,-21,58
-17,-21,57
-18,-21,58
-18,-21,58
-18,-21,58
-17,-21,58
-18,-21,58
-17,-20,58
-18,-21,58
-17,-20,58
-18,-21,57
-17,-21,58
-18,-21,58
-18,-21,57
-18,-21,58
-17,-21,58
-18,-21,58
-17,-21,58
-18,-21,58
-17,-21,58
-18,-21,57
-18,-21,58
-17,-21,58
-17,-20,58
-18,-21,58
-18,-21,58
-17,-21,58
-18,-21,58
-18,-20,58
-18,-21,58
-18,-20,58
-18,-20,58
-18,-21,58
-18,-20,58
-18,-21,58
-18,-21,58
-18,-20,58
-18,-20,58
-18,-20,58
-18,-20,58
-18,-20,57
-19,-20,58
-18,-20,58
-18,-20,58
-18,-20,58
-18,-20,58
-18,-20,58
-18,-20,58
-19,-20,58
-19,-20,58
-18,-20,58
-18,-20,58
-18,-20,58
-18,-20,58
-19,-20,58
-19,-20,58
-18,-20,58
-18,-20,58
-19,-20,58
-18,-21,58
-18,-20,58
-18,-20,58
-18,-20,57
-18,-20,58
-18,-20,58
-18,-20,58
-19,-20,57
-19,-20,58
-19,-20,57
-19,-21,58
-18,-20,58
-18,-20,58
-18,-20,57
-19,-20,58
-19,-21,57
-18,-20,57
-18,-20,58
-19,-20,58
-18,-20,58
-18,-20,58
-19,-20,58
-18,-20,58
-19,-20,58
-19,-20,58
-18,-20,58
-18,-20,57
-19,-21,57
-18,-20,58
-18,-20,58
-18,-21,58
-19,-21,58
-19,-21,57
-18,-20,58
-19,-21,61
-21,-20,58
-19,-21,58
-19,-20,58
-19,-21,56
-18,-21,56
-19,-21,57
-21,-19,58
-17,-21,58
-19,-21,56
-19,-20,57
-19,-21,58
-18,-21,58
-19,-21,57
-20,-21,57
-18,-20,57
-20,-20,57
-19,-21,57
-18,-21,56
-18,-21,58
-19,-21,60
-19,-21,58
-18,-21,58
-19,-21,58
-17,-21,58
-20,-21,57
-21,-21,55
-18,-21,57
-19,-21,57
-20,-21,56
-19,-21,57
-19,-21,58
-19,-21,58
-18,-21,57
-20,-21,57
-18,-22,56
-18,-21,55
-18,-21,55
-21,-21,58
-22,-21,60
-15,-22,54
-17,-23,58
-18,-20,60
-17,-21,59
-20,-21,56
-20,-21,57
-17,-22,57
-19,-22,56
-18,-21,57
-19,-21,58
-19,-21,58
-19,-21,57
-19,-21,55
-19,-21,57
-20,-21,58
-20,-21,57
-18,-21,57
-20,-21,56
-21,-20,57
-19,-20,58
-19,-21,56
-19,-21,56
-21,-20,57
-17,-21,57
-19,-21,58
-18,-21,58
-19,-21,58
-19,-21,58
-20,-20,56
-20,-21,60
-20,-20,58
-19,-21,58
-18,-21,56
-20,-21,56
-21,-21,58
-18,-21,56
-18,-21,56
-21,-20,60
-20,-20,58
-19,-21,56
-20,-21,57
-20,-21,57
-19,-21,57
-19,-21,57
-20,-21,58
-19,-21,58
-19,-21,56
-20,-21,57
-19,-21,58
-19,-21,57
-19,-21,57
-20,-21,57
-20,-21,57
-19,-21,57
-20,-21,57
-19,-21,57
-19,-22,56
-19,-21,56
-19,-21,57
-19,-21,58
-19,-21,57
-20,-21,57
-20,-21,57
-19,-21,57
-18,-21,57
-20,-21,57
-19,-21,56
-20,-21,57
-20,-21,57
-20,-21,57
-19,-21,57
-20,-22,57
-18,-21,57
-21,-21,57
-19,-21,56
-19,-21,57
-19,-22,57
-19,-22,57
-20,-21,57
-20,-21,57
-19,-21,57
-19,-22,57
-20,-22,57
-19,-21,57
-19,-21,56
-20,-21,57
-19,-21,57
-19,-21,57
-20,-21,57
-19,-21,57
-20,-21,57
-20,-21,57
-20,-22,57
-20,-21,57
-20,-21,57
-19,-21,57
-19,-21,57
-20,-22,57
-20,-22,57
-19,-21,57
-20,-21,57
-19,-21,58
-20,-21,57
-20,-21,57
-19,-21,56
-20,-21,57
-19,-21,57
-20,-21,57
-19,-21,57
-19,-21,57
-21,-21,58
-19,-21,57
-19,-21,57
-20,-21,57
-19,-21,57
-18,-22,57
-19,-21,56
-20,-21,57
-19,-21,57
-18,-21,57
-20,-21,57
-20,-21,57
-19,-21,58
-19,-21,57
-20,-21,57
-19,-21,57
-19,-21,58
-19,-21,58
-20,-21,56
-20,-21,58
-19,-21,57
-19,-21,57
-19,-21,57
-19,-21,57
-19,-21,57
-20,-21,57
-19,-21,57
-19,-21,57
-19,-21,57
-20,-21,57
-20,-21,56
-19,-21,57
-19,-21,57
-19,-21,57
-19,-21,58
-20,-21,57
-20,-21,57
-19,-21,56
-19,-21,57
-19,-21,58
-19,-21,58
-19,-22,57
-20,-22,57
-19,-21,56
-19,-20,56
-19,-21,59
-19,-22,58
-19,-21,56
-20,-21,56
-19,-22,59
-19,-22,57
-20,-21,56
-20,-21,57
-19,-22,57
-19,-21,57
-20,-21,57
-19,-21,57
-19,-22,56
-18,-22,58
-19,-21,57
-20,-21,57
-19,-22,57
-18,-22,57
-17,-21,56
-21,-22,57
-19,-22,58
-19,-21,57
-20,-21,57
-19,-22,56
-19,-21,57
-19,-22,57
-19,-22,57
-19,-21,57
-19,-21,57
-19,-22,57
-20,-22,57
-19,-21,57
-19,-22,57
-19,-21,57
-19,-22,56
-19,-21,57
-19,-22,57
-19,-22,57
-19,-21,57
-19,-21,57
-19,-22,57
-19,-21,57
-19,-22,57
-19,-22,57
-19,-22,57
-18,-22,57
-20,-21,57
-19,-22,57
-19,-22,57
-19,-21,57
-19,-22,57
-19,-22,57
-19,-22,57
-19,-22,57
-19,-22,57
-18,-22,57
-19,-21,57
-19,-22,57
-19,-22,57
-19,-21,57
-18,-21,57
-18,-22,57
-19,-21,57
-19,-22,58
-19,-22,58
-19,-22,57
-19,-22,57
-19,-22,57
-19,-21,57
-19,-21,57
-19,-22,57
-18,-22,57
-19,-21,57
-19,-21,57
-19,-21,57
-18,-22,58
-19,-22,58
-19,-21,57
-20,-21,57
-20,-22,57
-20,-21,56
-20,-22,57
-19,-21,57
-20,-20,57
-20,-22,56
-23,-20,58
-19,-21,59
-17,-24,57
-16,-24,58
-20,-21,56
-22,-22,52
-24,-24,53
-29,-20,50
-31,-21,50
-46,-19,40
-46,-15,36
-54,-23,37
-63,-21,30
-64,-18,24
-61,-19,21
-63,-21,21
-57,-17,24
-54,-19,19
-60,-18,19
-66,-22,26
-60,-21,37
-47,-24,18
-49,-24,3
-57,-28,-1
-61,-25,13
-57,-23,21
-49,-23,13
-50,-27,-3
-52,-25,4
-48,-27,7
-49,-30,1
-57,-24,-7
-61,-25,-4
-61,-26,2
-51,-22,4
-61,-20,10
-79,-12,3
-69,-9,3
-59,-14,-1
-61,-15,-1
-66,-16,0
-70,-16,5
-57,-14,15
-58,-9,16
-72,-10,6
-67,-7,6
-64,-12,7
-63,-10,9
-61,-13,10
-62,-13,10
-61,-11,10
-62,-11,9
-63,-10,9
-62,-11,10
-63,-11,7
-64,-11,7
-67,-9,9
-64,-9,8
-64,-9,9
-64,-10,9
-59,-12,5
-62,-12,6
-63,-11,8
-60,-12,3
-63,-12,3
-65,-8,10
-63,-7,11
-63,-13,10
-63,-10,8
-61,-12,11
-60,-10,12
-63,-10,10
-63,-10,9
-62,-11,8
-63,-11,9
-63,-9,9
-65,-9,9
-63,-10,7
-64,-11,7
-65,-10,9
-62,-10,9
-63,-10,9
-62,-10,9
-64,-10,9
-63,-10,9
-63,-9,11
-62,-10,12
-64,-10,10
-63,-9,11
-62,-10,9
-65,-11,8
-66,-8,8
-63,-9,8
-62,-10,6
-65,-10,7
-64,-9,8
-62,-10,8
-64,-10,7
-63,-9,8
-63,-8,7
-65,-8,7
-64,-9,7
-63,-10,8
-63,-10,8
-63,-9,8
-63,-9,8
-64,-9,8
-64,-9,7
-64,-9,7
-64,-9,7
-63,-10,7
-63,-9,8
-63,-9,8
-64,-9,8
-63,-9,7
-64,-9,7
-63,-9,8
-63,-9,8
-64,-9,8
-63,-9,8
-63,-9,7
-64,-10,7
-64,-9,7
-63,-9,8
-63,-9,8
-63,-10,8
-63,-10,8
-63,-9,8
-63,-9,7
-63,-9,7
-64,-10,8
-64,-9,8
-63,-9,8
-63,-10,8
-63,-10,8
-63,-9,7
-63,-9,8
-64,-9,8
-64,-10,8
-63,-10,8
-63,-10,8
-64,-9,8
-64,-9,8
-63,-9,7
-63,-10,7
-63,-9,8
-64,-9,8
-64,-10,7
-63,-10,7
-63,-10,8
-64,-9,8
-64,-9,7
-63,-9,7
-64,-10,7
-63,-10,7
-64,-9,7
-63,-9,7
-63,-9,7
-63,-9,7
-64,-9,7
-63,-9,7
-63,-10,7
-64,-9,7
-64,-9,7
-63,-9,7
-63,-9,7
-63,-9,7
-64,-9,7
-63,-9,7
-63,-9,7
-64,-9,7
-63,-9,7
-63,-9,7
-64,-9,7
-63,-9,7
-63,-9,7
-64,-9,7
-64,-9,7
-64,-9,7
-64,-9,7
-63,-9,7
-64,-9,7
-63,-9,7
-64,-9,7
-63,-9,7
-64,-9,7
-64,-9,7
-63,-9,7
-64,-9,6
-63,-9,7
-63,-9,7
-63,-9,7
-63,-9,7
-64,-10,7
-63,-9,7
-63,-9,7
-63,-9,7
-64,-9,7
-64,-10,7
-63,-9,7
-63,-9,8
-63,-9,7
-64,-10,7
-64,-10,7
-63,-9,8
-63,-9,8
-64,-10,7
-64,-10,7
-63,-10,7
-63,-10,7
-63,-9,8
-64,-10,8
-63,-9,7
-63,-9,7
-63,-10,8
-64,-10,8
-63,-9,7
-63,-9,7
-64,-9,8
-63,-10,7
-63,-9,8
-63,-9,8
-64,-10,7
-63,-9,8
-64,-10,8
-63,-10,7
-63,-9,8
-64,-10,7
-63,-9,8
-63,-9,8
-63,-10,7
-64,-10,7
-64,-10,8
-63,-9,7
-63,-9,8
-64,-10,7
-64,-10,8
-63,-9,7
-63,-9,8
-63,-10,7
-64,-9,8
-63,-9,8
-63,-9,8
-63,-9,8
-64,-10,8
-63,-10,8
-63,-9,8
-63,-10,8
-63,-10,8
-64,-9,8
-63,-9,7
-63,-10,8
-64,-10,8
-64,-9,8
-63,-10,8
-64,-9,8
-64,-10,7
-63,-10,8
-64,-9,7
-64,-9,7
-63,-10,7
-63,-10,7
-64,-9,8
-64,-9,8
-63,-9,7
-63,-9,7
-63,-10,7
-64,-9,8
-63,-9,8
-63,-9,8
-63,-10,7
-64,-9,7
-64,-9,7
-63,-9,8
-64,-9,7
-64,-9,7
-63,-9,7
-63,-9,7
-64,-9,7
-64,-9,7
-64,-9,7
-64,-9,7
-64,-9,7
-64,-9,7
-64,-9,7
-64,-9,7
-63,-9,7
-63,-9,7
-63,-9,7
-64,-9,7
-64,-9,7
-63,-9,7
-63,-9,7
-64,-10,7
-64,-9,7
-63,-9,7
-64,-9,7
-64,-9,7
-63,-9,7
-63,-9,7
-63,-9,7
-64,-9,7
-64,-9,7
-64,-9,7
-63,-9,7
-64,-9,7
-64,-9,7
-64,-9,7
-63,-9,7
-63,-9,7
-64,-9,7
-63,-9,7
-64,-9,7
-64,-9,7
-63,-9,7
-63,-9,7
-63,-9,7
-64,-9,7
-64,-9,7
-63,-9,8
-63,-9,7
-64,-9,7
-63,-10,7
-64,-9,7
-63,-9,7
-64,-9,7
-63,-9,7
-64,-9,7
-64,-9,7
-63,-9,7
-63,-10,7
-63,-10,7
-64,-9,7
-63,-9,7
-63,-9,7
-64,-10,7
-63,-10,7
-63,-9,7
-63,-9,7
-64,-9,7
-64,-9,7
-63,-9,7
-63,-9,7
-63,-10,7
-64,-9,7
-63,-10,7
-63,-9,7
-63,-9,7
-64,-9,7
-63,-10,7
-64,-10,7
-63,-8,8
-65,-10,7
-63,-9,7
-64,-9,7
-63,-9,8
-64,-10,7
-63,-9,7
-64,-9,7
-64,-10,7
-63,-10,7
-63,-9,7
-63,-9,7
-63,-9,7
-63,-10,7
-63,-9,7
-63,-9,7
-63,-9,7
-63,-9,7
-63,-9,8
-65,-11,6
-62,-10,7
-62,-9,7
-63,-8,8
-63,-10,6
-63,-9,7
-63,-9,7
-64,-9,7
-63,-9,7
-63,-9,7
-63,-9,7
-63,-9,7
-64,-10,6
-63,-10,6
-64,-9,7
-63,-9,7
-64,-9,7
-64,-9,7
-64,-9,7
-63,-9,7
-63,-9,7
-64,-9,7
-64,-9,6
-63,-9,7
-63,-9,7
-64,-9,6
-64,-9,7
-63,-9,6
-64,-9,6
-64,-9,7
-64,-9,6
-63,-9,6
-63,-9,6
-64,-9,7
-64,-9,6
-64,-9,6
-64,-9,6
-64,-9,6
-64,-9,6
-64,-9,6
-64,-8,6
-64,-9,6
-63,-9,6
-64,-9,6
-63,-9,6
-64,-9,6
-64,-9,6
-64,-8,6
-64,-9,6
-63,-9,7
-64,-9,6
-64,-9,6
-64,-9,6
-64,-9,6
-63,-9,7
-64,-9,7
-64,-9,6
-64,-9,6
-64,-9,7
-64,-9,6
-64,-9,7
-64,-9,7
-64,-9,6
-64,-9,7
-63,-9,6
-64,-9,7
-64,-9,7
-64,-9,6
-64,-9,7
-63,-9,6
-64,-9,7
-64,-9,6
-64,-9,6
-63,-9,7
-64,-9,7
-63,-9,7
-64,-9,6
-64,-9,7
-64,-9,7
-63,-10,6
-64,-9,7
-63,-9,7
-63,-9,7
-63,-10,7
-63,-9,7
-64,-9,6
-63,-10,6
-64,-9,7
-64,-9,7
-64,-9,7
-64,-9,7
-63,-9,7
-64,-9,7
-63,-10,6
-63,-9,6
-64,-9,7
-63,-10,7
-64,-9,7
-64,-9,7
-63,-9,7
-63,-9,7
-64,-9,7
-64,-9,7
-63,-9,7
-63,-9,7
-64,-9,6
-64,-9,7
-63,-9,7
-64,-10,6
-64,-9,6
-63,-9,7
-63,-9,7
-64,-9,7
-64,-9,7
-63,-10,7
-63,-10,7
-64,-9,7
-63,-9,7
-64,-9,7
-63,-9,7
-64,-9,7
-64,-9,7
-63,-9,7
-64,-9,7
-63,-9,7
-63,-9,7
-64,-9,7
-63,-9,7
-63,-9,7
-63,-10,6
-63,-9,7
-64,-9,7
-64,-9,7
-63,-9,7
-63,-9,7
-64,-9,7
-64,-9,7
-64,-9,7
-63,-9,7
-63,-10,7
-63,-9,7
-63,-9,7
-64,-9,7
-63,-10,7
-63,-9,7
-63,-9,7
-64,-9,6
-64,-9,7
-63,-10,7
-63,-9,7
-64,-9,7
-64,-9,6
-64,-9,7
-64,-9,6
-64,-9,7
-64,-9,6
-64,-9,6
-64,-9,7
-63,-9,6
-64,-9,6
-64,-9,7
-64,-9,7
-64,-9,6
-64,-9,6
-64,-9,6
-63,-9,7
-64,-9,6
-64,-9,6
-64,-9,6
-64,-9,6
-63,-9,6
-63,-9,7
-64,-9,6
-64,-8,6
-64,-9,6
-63,-9,6
-64,-9,6
-63,-9,6
-64,-8,7
-64,-9,6
-64,-9,7
-63,-8,7
-64,-10,6
-64,-9,6
-63,-9,6
-63,-9,6
-64,-9,6
-64,-9,6
-64,-9,6
-64,-9,6
-64,-9,6
-64,-9,7
-64,-9,6
-64,-9,6
-63,-9,6
-64,-9,6
-64,-9,6
-64,-9,6
-63,-9,7
-63,-9,7
-64,-9,7
-63,-9,6
-63,-9,6
-64,-9,6
-64,-9,6
-63,-9,7
-64,-9,7
-63,-9,7
-64,-9,7
-63,-9,6
-64,-9,7
-64,-9,7
-64,-9,7
-63,-9,7
-63,-9,7
-64,-9,6
-63,-9,6
-64,-9,7
-63,-9,7
-63,-9,7
-63,-10,7
-64,-9,6
-63,-9,6
-64,-9,7
-64,-9,7
-64,-9,7
-63,-9,7
-63,-9,7
-63,-9,7
-64,-9,7
-64,-9,7
-64,-9,7
-64,-9,6
-64,-9,6
-63,-9,7
-64,-9,7
-63,-9,7
-64,-9,7
-64,-10,7
-64,-9,7
-64,-9,6
-63,-9,7
-63,-9,7
-63,-9,7
-64,-9,7
-64,-10,6
-64,-9,7
-63,-9,7
-63,-9,7
-63,-9,7
-63,-9,7
-64,-9,7
-64,-9,6
-63,-9,7
-64,-9,6
-63,-9,7
-64,-8,7
-63,-9,6
-64,-9,7
-64,-9,6
-64,-9,6
-64,-9,6
-64,-9,6
-64,-8,7
-63,-9,6
-64,-9,6
-63,-9,6
-64,-9,7
-64,-9,6
-64,-9,6
-63,-8,6
-63,-9,6
-63,-9,6
-64,-9,6
-64,-9,6
-64,-9,6
-64,-9,6
-63,-8,7
-63,-9,6
-64,-8,6
-64,-9,6
-64,-9,6
-64,-8,6
-64,-9,6
-63,-8,7
-64,-9,6
-64,-8,6
-64,-9,6
-64,-9,6
-64,-9,6
-63,-8,6
-64,-8,6
-64,-9,6
-64,-8,6
-63,-8,6
-64,-9,6
-64,-9,6
-64,-9,6
-63,-9,6
-63,-9,6
-64,-9,6
-64,-9,6
-63,-9,6
-64,-9,6
-64,-8,6
-63,-9,6
-63,-9,6
-64,-9,6
-64,-9,6
-64,-9,6
-64,-9,6
-64,-9,6
-63,-9,7
-64,-9,6
-64,-9,6
-64,-9,6
-63,-9,6
-64,-9,7
-64,-9,6
-64,-9,6
-64,-9,6
-63,-9,6
-63,-9,6
-64,-9,6
-64,-9,6
-64,-9,6
-63,-9,6
-64,-9,7
-64,-9,6
-63,-9,6
-63,-9,6
-64,-9,7
-64,-9,6
-63,-9,6
-64,-9,7
-64,-9,6
-64,-9,6
-64,-9,7
-64,-9,7
-63,-9,6
-63,-9,6
-64,-8,7
-63,-9,6
-63,-9,7
-63,-9,7
-64,-8,7
-63,-9,6
-64,-9,6
-64,-9,6
-63,-9,6
-63,-9,6
-64,-9,7
-64,-9,7
-63,-9,6
-64,-9,6
-64,-10,7
-63,-9,7
-63,-9,7
-64,-9,7
-64,-9,6
-64,-9,6
-64,-9,7
-64,-9,7
-64,-9,7
-64,-9,6
-64,-9,6
-64,-9,7
-64,-9,7
-64,-9,6
-64,-9,7
-63,-9,7
-64,-9,6
-64,-9,6
-63,-9,6
-63,-9,6
-64,-9,6
-64,-9,7
-64,-9,6
-63,-9,6
-63,-9,7
-64,-9,7
-64,-9,6
-63,-9,6
-63,-8,7
-64,-9,6
-64,-9,6
-64,-9,7
-63,-9,6
-64,-9,6
-63,-9,6
-64,-9,6
-64,-9,6
-63,-9,6
-63,-9,6
-64,-8,6
-64,-9,7
-64,-9,6
-64,-9,6
-64,-8,6
-64,-9,6
-64,-9,6
-64,-8,6
-64,-8,6
-64,-8,6
-64,-8,6
-64,-8,6
-64,-8,6
-64,-8,6
-64,-9,6
-64,-8,6
-64,-8,6
-64,-8,6
-63,-9,6
-64,-9,6
-64,-9,6
-64,-8,6
-64,-9,6
-64,-9,6
-64,-8,6
-64,-8,6
-64,-9,6
-64,-9,6
-64,-9,6
-64,-8,6
-64,-9,6
-64,-9,6
-64,-9,6
-64,-8,6
-64,-9,6
-64,-8,6
-64,-9,6
-63,-9,6
-64,-9,6
-64,-9,6
-64,-9,6
-64,-9,6
-64,-9,6
-63,-9,6
-64,-9,6
-64,-9,6
-64,-9,6
-64,-9,6
-64,-9,6
-64,-9,6
-64,-9,6
-63,-9,6
-64,-9,6
-63,-9,6
-64,-9,6
-64,-9,6
-64,-9,6
-64,-9,6
-64,-9,6
-64,-9,6
-63,-9,6
-64,-9,6
-64,-9,7
-64,-9,6
-64,-9,6
-63,-9,6
-64,-9,7
-64,-9,6
-64,-9,7
-63,-9,6
-64,-9,6
-64,-9,6
-64,-9,7
-63,-9,6
-64,-9,6
-64,-9,6
-63,-9,7
-64,-9,6
-64,-9,6
-64,-9,6
-64,-9,6
-63,-9,6
-64,-9,6
-64,-9,6
-64,-9,6
-63,-9,6
-64,-9,7
-64,-9,6
-64,-9,6
-64,-9,6
-64,-9,6
-64,-9,7
-63,-9,7
-64,-9,6
-64,-9,7
-64,-9,6
-64,-9,6
-64,-9,7
-63,-9,6
-63,-9,6
-64,-9,6
-64,-9,6
-63,-9,6
-64,-9,6
-64,-9,6
-64,-9,6
-64,-9,6
-64,-9,7
-64,-9,6
-63,-9,6
-64,-9,6
-64,-9,6
-64,-9,6
-64,-8,6
-64,-9,6
-63,-9,6
-64,-9,6
-64,-9,6
-64,-9,6
-64,-8,6
-64,-9,6
-64,-9,6
-64,-9,6
-64,-9,6
-64,-9,6
-64,-8,6
-64,-9,6
-63,-9,6
-64,-8,6
-63,-8,6
-64,-8,6
-64,-9,6
-64,-9,6
-64,-8,6
-64,-8,6
-63,-9,6
-63,-9,6
-64,-8,6
-64,-8,6
-63,-9,6
-64,-8,5
-64,-8,6
-64,-8,6
-64,-8,6
-64,-8,5
-64,-8,6
-64,-8,6
-64,-8,6
-64,-8,5
-64,-8,6
-64,-8,6
-64,-8,6
-64,-8,6
-64,-8,6
-64,-8,6
-64,-9,6
-64,-8,6
-64,-8,6
-64,-8,6
-64,-8,6
-64,-8,6
-64,-8,6
-64,-8,6
-63,-8,6
-64,-9,6
-64,-8,6
-64,-8,6
-64,-8,6
-64,-8,6
-64,-9,6
-64,-9,6
-63,-8,6
-64,-9,6
-64,-9,6
-63,-8,6
-64,-8,6
-64,-9,6
-63,-8,6
-63,-9,6
-64,-9,6
-64,-9,6
-64,-9,6
-64,-9,6
-64,-9,6
-64,-8,6
-64,-8,6
-64,-9,6
-64,-9,6
-64,-9,6
-64,-9,6
-64,-9,6
-64,-9,6
-64,-9,6
-64,-9,6
-63,-9,6
-64,-9,6
-64,-9,6
-64,-9,6
-64,-9,6
-64,-9,6
-64,-9,7
-64,-9,6
-64,-9,6
-64,-9,6
-64,-9,6
-64,-8,6
-64,-9,6
-64,-9,6
-64,-9,6
-64,-9,6
-64,-9,6
-64,-9,7
-64,-9,6
-64,-9,6
-64,-9,6
-64,-9,6
-64,-9,6
-64,-9,7
-64,-9,6
-64,-9,6
-64,-9,7
-64,-9,6
-64,-9,6
-64,-9,6
-64,-9,6
-64,-9,7
-64,-9,6
-64,-9,6
-63,-9,6
-63,-9,7
-64,-9,6
-64,-9,6
-63,-9,6
-63,-9,6
-64,-9,6
-64,-9,6
-63,-8,6
-64,-9,6
-64,-9,6
-64,-8,6
-63,-9,6
-64,-8,6
-64,-8,6
-63,-8,7
-64,-8,6
-64,-8,6
-64,-8,6
-64,-8,6
-64,-9,6
-63,-9,6
-64,-8,6
-64,-8,6
-64,-9,6
-64,-8,6
-63,-8,6
-64,-8,6
-64,-8,6
-64,-8,6
-64,-8,6
-64,-9,6
-64,-8,6
-64,-8,5
-64,-8,6
-64,-8,6
-64,-8,6
-64,-8,6
-64,-8,6
-62,-8,5
-64,-8,6
-64,-8,7
-64,-9,5
-63,-8,6
-64,-9,6
-64,-9,6
-64,-8,6
-64,-8,6
-64,-8,6
-64,-8,6
-64,-8,6
-64,-8,6
-64,-9,6
-64,-9,6
-63,-9,6
-64,-8,6
-64,-9,6
-64,-8,6
-64,-8,6
-64,-9,6
-64,-9,6
-64,-8,6
-64,-8,6
-64,-9,6
-64,-9,6
-63,-8,6
-64,-9,6
-64,-9,6
-64,-9,6
-64,-8,6
-63,-9,6
-64,-9,6
-64,-9,6
-63,-9,6
-64,-9,6
-64,-9,6
-64,-9,6
-64,-9,6
-64,-8,6
-64,-9,6
-64,-9,6
-64,-9,6
-63,-9,6
-64,-9,6
-64,-9,6
-63,-9,6
-64,-8,6
-64,-9,7
-64,-9,7
-63,-9,6
-64,-9,6
-64,-9,6
-64,-9,6
-64,-9,6
-64,-9,7
-64,-9,6
-64,-8,6
-64,-9,6
-64,-9,6
-63,-9,6
-64,-9,6
-64,-9,6
-64,-9,6
-63,-9,7
-64,-9,6
-64,-9,7
-63,-9,6
-64,-9,6
-64,-9,6
-64,-9,6
-64,-9,6
-64,-9,6
-64,-9,7
-64,-9,6
-64,-9,6
-63,-8,6
-64,-9,6
-64,-9,7
-64,-9,6
-64,-9,6
-64,-9,6
-64,-8,6
-64,-9,6
-64,-8,6
-64,-9,6
-64,-8,6
-64,-9,6
-64,-9,6
-64,-9,6
-64,-8,6
-64,-9,6
-63,-8,6
-64,-9,6
-64,-9,6
-64,-9,6
-63,-8,6
-64,-8,6
-64,-9,6
-64,-9,6
-64,-7,7
-65,-9,6
-63,-9,6
-64,-7,6
-64,-8,6
-64,-9,6
-63,-8,6
-64,-8,6
-64,-9,6
-64,-9,6
-64,-8,6
-64,-8,6
-64,-8,6
-63,-8,6
-65,-9,6
-64,-8,6
-64,-8,6
-64,-7,7
-65,-9,6
-63,-8,6
-64,-8,6
-64,-9,6
-64,-8,6
-63,-9,6
-64,-9,6
-64,-9,6
-64,-8,6
-64,-8,6
-64,-9,6
-64,-9,6
-64,-9,6
-64,-9,6
-64,-9,6
-64,-8,6
-64,-8,6
-64,-9,6
-64,-9,6
-63,-9,6
-64,-9,6
-63,-8,6
-64,-8,6
-63,-9,6
-64,-8,6
-64,-9,6
-64,-8,6
-64,-8,6
-64,-9,6
-64,-9,6
-64,-8,6
-63,-9,6
-64,-9,6
-64,-9,6
-64,-9,6
-63,-9,6
-64,-9,6
-64,-9,6
-63,-9,7
-64,-9,6
-64,-9,6
-64,-9,6
-64,-9,7
-63,-8,7
-64,-9,6
-64,-8,6
-63,-9,6
-63,-9,7
-64,-9,6
-64,-9,6
-64,-9,7
-63,-9,6
-64,-9,6
-64,-9,6
-63,-9,7
-64,-9,6
-64,-9,6
-63,-8,7
-63,-8,7
-64,-9,6
-64,-9,6
-63,-9,6
-63,-9,6
-64,-9,6
-63,-9,6
-64,-9,6
-64,-9,6
-64,-9,6
-64,-9,6
-64,-8,6
-64,-9,7
-64,-8,6
-64,-9,6
-64,-8,6
-64,-8,7
-63,-9,6
-64,-9,7
-64,-9,7
-63,-9,6
-64,-9,6
-64,-8,6
-64,-9,7
-63,-9,6
-64,-9,6
-63,-8,6
-64,-9,6
-64,-9,6
-64,-9,6
-64,-9,6
-64,-8,6
-64,-9,6
-63,-8,6
-64,-9,6
-64,-9,6
-64,-9,6
-64,-9,6
-63,-8,6
-64,-8,6
-64,-8,6
-64,-9,6
-63,-9,6
-64,-8,6
-64,-9,6
-64,-8,6
-63,-8,6
-64,-8,6
-64,-9,6
-64,-9,6
-64,-8,6
-64,-8,6
-64,-8,6
-64,-8,6
-64,-9,6
-64,-8,6
-64,-8,6
-64,-9,6
-63,-8,6
-64,-8,6
-64,-8,6
-64,-8,6
-63,-9,6
-64,-8,6
-64,-9,6
-64,-8,6
-63,-8,6
-64,-8,6
-64,-9,6
-64,-8,6
-64,-8,6
-64,-8,6
-64,-8,6
-64,-9,6
-64,-8,6
-63,-9,6
-63,-8,6
-64,-9,6
-64,-8,6
-64,-9,6
-64,-9,6
-64,-9,6
-64,-8,6
-64,-9,6
-64,-9,6
-63,-9,6
-63,-9,6
-64,-8,6
-64,-9,6
-64,-9,6
-63,-9,6
-63,-9,6
-64,-8,6
-64,-9,6
-64,-9,6
-64,-9,6
-64,-9,6
-64,-9,6
-64,-8,6
-64,-9,6
-64,-9,6
-64,-9,6
-63,-8,6
-64,-9,6
-64,-9,6
-64,-8,7
-63,-8,7
-64,-8,6
-64,-9,6
-64,-9,7
-64,-8,7
-64,-9,6
-64,-9,6
-64,-9,6
-63,-9,6
-64,-9,6
-63,-9,6
-64,-8,7
-64,-9,7
-64,-9,6
-64,-9,6
-64,-9,6
-64,-9,7
-63,-9,6
-64,-9,6
-63,-9,6
-64,-9,6
-63,-8,6
-64,-9,7
-64,-9,6
-64,-9,6
-64,-9,7
-64,-9,6
-64,-9,6
-64,-9,6
-63,-9,6
-64,-9,6
-64,-9,6
-63,-8,7
-64,-9,6
-64,-9,6
-64,-9,6
-63,-8,6
-63,-8,6
-64,-9,6
-64,-9,6
-64,-9,6
-64,-9,6
-64,-9,6
-64,-9,6
-64,-8,6
-63,-9,6
-64,-9,6
-64,-8,6
-64,-9,6
-64,-9,6
-64,-8,6
-64,-9,6
-63,-9,6
-64,-8,6
-64,-8,6
-64,-9,6
-63,-8,6
-64,-8,6
-64,-8,6
-64,-8,6
-64,-8,5
-64,-9,6
-63,-8,6
-64,-9,6
-64,-9,5
-64,-8,6
-63,-8,6
-64,-8,6
-64,-8,6
-63,-8,6
-64,-8,6
-64,-8,6
-64,-9,6
-63,-8,6
-64,-8,6
-64,-8,6
-64,-8,6
-64,-8,6
-64,-9,6
-64,-9,6
-63,-8,7
-64,-8,6
-64,-8,5
-64,-9,6
-63,-8,6
-64,-9,6
-64,-8,6
-64,-8,6
-64,-9,6
-64,-9,6
-64,-8,6
-64,-8,6
-64,-8,6
-64,-9,6
-64,-9,6
-63,-9,6
-64,-9,6
-64,-8,6
-63,-8,6
-64,-8,6
-64,-8,6
-64,-9,6
-63,-8,7
-64,-8,6
-64,-9,6
-64,-9,6
-64,-8,6
-64,-9,6
-64,-9,6
-64,-9,6
-63,-9,6
-61,-8,7
-66,-6,8
-61,-9,6
-63,-8,7
-63,-8,7
-66,-9,6
-62,-9,6
-63,-8,6
-64,-9,7
-65,-9,6
-63,-8,6
-63,-8,7
-64,-9,6
-64,-9,6
-63,-8,7
-63,-8,6
-64,-9,6
-64,-9,6
-63,-8,6
-63,-8,6
-64,-9,6
-64,-9,6
-63,-8,6
-64,-9,7
-64,-9,6
-63,-9,6
-64,-9,6
-64,-9,6
-64,-9,7
-64,-9,6
-64,-9,6
-63,-9,7
-64,-8,7
-64,-9,6
-64,-9,6
-63,-9,6
-63,-9,7
-64,-9,6
-64,-8,7
-63,-9,6
-64,-8,6
-64,-9,6
-63,-9,7
-64,-9,6
-64,-9,6
-64,-9,7
-63,-9,7
-64,-9,6
-64,-9,6
-64,-9,6
-64,-9,6
-63,-8,6
-64,-8,7
-63,-8,6
-64,-9,6
-64,-9,6
-63,-8,6
-64,-8,7
-64,-8,6
-64,-8,6
-63,-8,6
-64,-8,6
-64,-9,6
-64,-9,6
-64,-9,6
-64,-9,6
-64,-8,6
-63,-9,6
-64,-9,6
-64,-9,6
-64,-8,6
-64,-9,6
-64,-8,6
-64,-8,6
-63,-8,6
-64,-8,6
-63,-9,6
-63,-8,6
-64,-8,6
-64,-8,6
-63,-9,6
-64,-8,6
-64,-8,6
-64,-8,6
-64,-8,6
-64,-8,6
-64,-8,6
-63,-8,6
-64,-8,6
-64,-9,5
-64,-8,6
-64,-8,6
-64,-9,6
-64,-9,6
-63,-9,6
-64,-8,6
-64,-9,6
-64,-8,6
-64,-8,6
-64,-8,6
-64,-8,6
-63,-8,6
-64,-8,6
-64,-9,5
-64,-9,6
-64,-8,6
-64,-9,6
-64,-9,6
-63,-8,6
-63,-8,6
-64,-9,6
-64,-9,6
-63,-9,6
-63,-9,6
-64,-8,6
-64,-9,6
-64,-9,6
-63,-9,6
-64,-9,6
-64,-9,6
-64,-9,6
-64,-8,6
-64,-9,6
-64,-8,6
-63,-9,6
-64,-9,6
-63,-8,7
-64,-9,6
-63,-9,6
-64,-9,6
-64,-8,7
-64,-8,6
-64,-9,6
-64,-9,6
-64,-8,7
-64,-9,6
-63,-8,6
-64,-9,6
-64,-8,6
-64,-9,6
-64,-9,6
-64,-8,7
-63,-9,6
-64,-9,7
-64,-9,6
-64,-9,6
-63,-9,6
-64,-8,7
-64,-9,6
-63,-9,6
-63,-9,7
-64,-9,7
-64,-9,6
-64,-9,6
-63,-9,6
-63,-9,7
-64,-9,6
-64,-8,6
-63,-8,7
-63,-8,6
-64,-9,6
-64,-9,6
-64,-9,7
-63,-9,6
-64,-9,6
-64,-9,6
-64,-9,6
-64,-9,6
-64,-8,6
-64,-9,6
-64,-9,6
-63,-8,6
-63,-8,7
-64,-9,6
-64,-9,6
-64,-9,6
-63,-9,6
-64,-9,6
-63,-8,7
-63,-8,7
-64,-8,6
-64,-8,6
-64,-9,6
-64,-9,6
-64,-8,6
-64,-9,6
-64,-8,7
-63,-9,6
-64,-9,6
-64,-9,6
-63,-8,6
-64,-8,6
-64,-9,6
-63,-8,6
-63,-8,6
-64,-9,6
-64,-9,6
-63,-8,6
-64,-8,6
-64,-8,6
-64,-8,6
-63,-8,6
-64,-8,6
-64,-9,6
-64,-8,6
-64,-8,6
-64,-8,6
-63,-8,6
-64,-8,6
-64,-9,6
-64,-8,6
-64,-8,6
-63,-8,6
-64,-9,6
-64,-8,6
-64,-8,6
-64,-8,6
-64,-8,6
-64,-8,5
-63,-8,6
-63,-8,7
-64,-8,5
-64,-8,5
-64,-9,6
-64,-8,6
-64,-8,6
-64,-8,6
-64,-8,6
-63,-8,6
-64,-8,6
-64,-8,6
-64,-8,6
-63,-8,6
-63,-8,6
-64,-9,6
-64,-8,6
-63,-8,6
-64,-8,6
-64,-9,6
-64,-9,5
-63,-8,6
-64,-8,6
-64,-8,6
-64,-9,6
-63,-8,6
-64,-9,6
-64,-8,6
-64,-8,6
-64,-9,6
-64,-8,6
-64,-9,6
-63,-8,6
-64,-9,6
-64,-8,6
-64,-9,6
-64,-9,6
-63,-8,6
-64,-9,6
-64,-8,6
-64,-9,6
-63,-9,6
-64,-8,6
-64,-8,6
-64,-8,6
-63,-8,6
-64,-8,7
-64,-9,6
-64,-9,6
-64,-9,6
-63,-8,6
-64,-8,6
-63,-8,6
-64,-9,6
-64,-9,6
-64,-9,6
-64,-8,6
-64,-9,6
-64,-9,6
-63,-8,6
-64,-9,6
-64,-8,6
-64,-9,6
-64,-9,6
-64,-9,6
-64,-8,6
-64,-9,6
-63,-9,6
-64,-9,6
-64,-8,6
-64,-8,6
-63,-9,6
-64,-9,6
-63,-9,6
-64,-9,6
-63,-9,6
-63,-8,6
-64,-8,6
-64,-9,6
-64,-8,6
-64,-9,6
-64,-9,6
-63,-9,6
-64,-8,6
-64,-9,6
-63,-8,7
-64,-8,6
-64,-9,6
-64,-9,6
-63,-8,7
-64,-9,6
-63,-8,6
-64,-9,6
-64,-9,7
-64,-9,6
-63,-8,7
-64,-8,6
-64,-9,6
-64,-9,6
-63,-9,7
-64,-9,6
-64,-9,6
-64,-9,6
-63,-9,6
-64,-9,6
-64,-9,6
-64,-9,6
-63,-9,6
-64,-8,6
-64,-9,6
-63,-9,6
-63,-8,6
-64,-9,6
-64,-9,6
-63,-8,6
-64,-9,6
-64,-8,6
-64,-9,6
-64,-9,6
-63,-8,6
-64,-8,6
-64,-9,6
-64,-9,6
-63,-9,6
-64,-8,6
-64,-8,6
-64,-8,6
-64,-9,6
-64,-8,6
-64,-9,6
-64,-8,6
-64,-8,6
-64,-9,6
-64,-9,6
-64,-8,6
-63,-8,6
-64,-8,6
-64,-9,6
-64,-9,6
-64,-8,6
-64,-8,6
-64,-8,6
-64,-9,6
-64,-8,6
-64,-8,6
-64,-8,6
-64,-8,6
-64,-8,6
-64,-8,5
-64,-8,6
-64,-9,6
-64,-9,5
-63,-8,6
-65,-8,7
-63,-9,5
-63,-8,6
-64,-8,6
-64,-8,6
-63,-9,5
-63,-8,5
-64,-8,6
-64,-8,6
-63,-8,6
-64,-8,6
-64,-9,6
-64,-9,6
-64,-8,6
-64,-8,6
-64,-9,6
-64,-9,6
-64,-8,6
-64,-9,6
-64,-8,6
-64,-8,6
-64,-8,6
-63,-9,6
-64,-8,6
-64,-8,6
-64,-8,6
-63,-9,6
-64,-9,6
-64,-8,6
-63,-9,6
-63,-8,6
-64,-8,6
-64,-9,6
-63,-9,6
-64,-9,6
-64,-9,7
-64,-9,6
-63,-8,6
-64,-9,6
-64,-9,6
-64,-9,6
-63,-9,6
-64,-9,6
-64,-9,6
-64,-9,6
-63,-9,6
-64,-8,6
-64,-9,6
-64,-9,6
-63,-9,6
-63,-8,6
-64,-8,6
-64,-9,6
-63,-9,6
-63,-9,6
-64,-8,6
-64,-8,6
-64,-9,6
-64,-9,6
-64,-8,6
-64,-9,6
-64,-8,6
-64,-9,6
-64,-9,6
-63,-9,6
-64,-9,6
-64,-9,6
-64,-9,6
-64,-9,6
-64,-9,6
-64,-9,6
-64,-9,6
-64,-8,7
-64,-9,6
-64,-9,6
-64,-9,6
-64,-9,6
-63,-8,6
-64,-9,6
-64,-9,6
-64,-9,6
-64,-9,7
-64,-9,6
-64,-9,6
-63,-9,6
-64,-8,6
-63,-9,6
-64,-8,6
-63,-9,6
-64,-9,6
-64,-8,6
-64,-8,6
-64,-9,6
-64,-9,7
-64,-9,6
-64,-8,6
-63,-9,6
-64,-9,6
-64,-9,6
-64,-9,6
-64,-8,7
-63,-9,6
-63,-8,6
-63,-8,6
-65,-9,7
-64,-8,6
-63,-8,6
-64,-8,6
-65,-9,6
-64,-8,6
-63,-8,6
-64,-9,6
-64,-8,6
-64,-8,6
-64,-8,6
-64,-8,6
-64,-8,6
-64,-8,6
-64,-8,6
-64,-8,6
-64,-8,6
-64,-8,6
-63,-8,6
-64,-8,6
-64,-8,6
-64,-8,6
-64,-8,6
-64,-8,6
-63,-9,6
-64,-8,6
-64,-8,6
-64,-8,6
-63,-8,6
-64,-8,6
-64,-8,6
-64,-8,6
-64,-8,6
-64,-9,6
-64,-8,6
-64,-8,6
-64,-8,6
-64,-8,6
-64,-9,6
-63,-8,6
-64,-9,6
-64,-8,6
-63,-8,6
-63,-8,6
-64,-8,6
-64,-9,6
-63,-8,6
-64,-8,6
-64,-9,6
-64,-9,6
-64,-8,6
-64,-9,6
-64,-8,6
-64,-8,6
-64,-9,6
-64,-8,6
-64,-8,6
-64,-9,6
-64,-9,6
-64,-9,6
-63,-8,7
-64,-9,6
-64,-9,6
-64,-8,6
-64,-8,6
-64,-9,6
-64,-8,6
-64,-9,6
-64,-9,6
-64,-8,6
-64,-8,6
-64,-9,6
-64,-9,6
-64,-9,6
-63,-9,6
-64,-9,6
-64,-8,6
-64,-9,7
-63,-9,6
-63,-9,6
-64,-9,6
-64,-8,6
-63,-8,6
-64,-9,6
-64,-9,6
-64,-8,6
-63,-9,6
-64,-9,6
-64,-9,6
-64,-9,6
-64,-8,6
-64,-9,6
-63,-9,6
-64,-9,7
-64,-9,6
-64,-9,6
-64,-9,6
-63,-9,6
-65,-9,6
-63,-8,6
-64,-9,6
-64,-8,6
-64,-9,6
-63,-8,6
-64,-9,6
-64,-9,7
-64,-9,6
-63,-8,6
-64,-9,6
-64,-9,6
-63,-8,6
-64,-9,6
-64,-9,6
-64,-9,6
-63,-9,6
-64,-8,6
-64,-9,6
-63,-8,6
-63,-8,6
-64,-9,6
-64,-9,6
-64,-9,6
-64,-8,6
-64,-8,6
-64,-8,6
-63,-9,6
-64,-9,6
-64,-8,6
-64,-8,7
-64,-9,6
-64,-9,6
-64,-9,6
-64,-8,6
-64,-8,6
-63,-8,6
-64,-8,6
-63,-9,6
-64,-9,6
-65,-7,7
-64,-9,6
-63,-8,6
-64,-8,6
-65,-8,6
-64,-9,6
-63,-8,6
-65,-8,6
-64,-8,6
-64,-8,6
-64,-8,6
-64,-9,5
-64,-8,6
-64,-8,6
-64,-8,6
-64,-7,6
-64,-9,6
-64,-8,6
-64,-8,6
-64,-8,6
-63,-8,6
-64,-8,6
-64,-8,6
-64,-9,6
-64,-8,6
-64,-8,6
-64,-8,6
-64,-8,6
-64,-8,6
-64,-8,6
-64,-8,6
-64,-9,6
-64,-8,6
-64,-9,6
-63,-8,6
-64,-8,6
-64,-8,6
-64,-8,6
-64,-9,6
-64,-8,6
-64,-9,6
-63,-8,6
-64,-8,6
-64,-8,6
-64,-8,6
-64,-9,6
-64,-8,6
-64,-9,6
-63,-9,6
-64,-9,6
-64,-9,6
-63,-8,6
-63,-8,6
-64,-9,6
-64,-9,6
-63,-9,6
-64,-8,7
-64,-9,6
-63,-8,6
-64,-8,6
-63,-9,6
-64,-8,7
-63,-8,6
-64,-9,6
-63,-9,6
-64,-8,7
-63,-9,6
-64,-8,6
-63,-9,6
-63,-9,6
-64,-9,6
-64,-8,6
-64,-9,6
-64,-9,6
-64,-8,7
-64,-9,6
-64,-8,6
-64,-9,6
-64,-9,6
-63,-8,6
-64,-8,6
-64,-9,6
-64,-8,6
-64,-9,6
-64,-8,6
-64,-9,6
-64,-8,6
-63,-9,6
-63,-9,6
-64,-8,6
-64,-9,6
-64,-9,7
-64,-9,6
-63,-8,6
-63,-8,6
-64,-9,6
-64,-9,6
-63,-9,6
-63,-8,7
-64,-9,6
-63,-9,6
-64,-8,6
-63,-9,6
-64,-8,7
-64,-9,6
-63,-8,7
-64,-8,6
-64,-9,6
-64,-8,7
-64,-9,6
-64,-8,7
-65,-9,6
-64,-9,6
-63,-8,7
-64,-8,6
-64,-9,6
-64,-9,6
-63,-8,6
-64,-8,6
-64,-8,6
-64,-8,6
-64,-8,6
-64,-8,6
-64,-8,6
-63,-8,6
-65,-8,6
-64,-8,6
-64,-8,6
-63,-8,6
-64,-8,6
-64,-8,6
-64,-8,6
-63,-8,5
-64,-8,6
-64,-9,6
-64,-8,6
-64,-8,5
-64,-8,6
-64,-8,6
-64,-8,6
-64,-8,7
-64,-9,5
-64,-8,6
-64,-8,6
-63,-8,6
-64,-8,6
-64,-8,6
-63,-8,6
-64,-8,6
-64,-8,6
-64,-8,6
-64,-8,6
-64,-8,6
-64,-8,6
-64,-8,6
-64,-8,6
-64,-9,5
-64,-8,7
-65,-9,6
-64,-8,6
-64,-8,6
-64,-9,6
-64,-9,6
-63,-8,6
-64,-8,6
-64,-8,6
-64,-8,6
-64,-9,6
-64,-8,6
-64,-8,6
-64,-9,6
-64,-9,6
-63,-8,6
-64,-8,6
-64,-9,6
-64,-8,6
-64,-9,6
-63,-9,6
-64,-8,6
-64,-9,6
-63,-8,6
-63,-8,6
-64,-9,6
-64,-8,6
-63,-9,6
-63,-8,6
-64,-9,6
-64,-9,6
-63,-8,7
-63,-8,6
-64,-9,6
-64,-8,6
-63,-9,6
-64,-8,7
-64,-8,7
-64,-9,6
-63,-8,7
-64,-9,6
-64,-9,6
-64,-8,6
-63,-9,6
-63,-8,7
-64,-8,7
-64,-9,6
-63,-8,7
-64,-9,6
-64,-9,6
-63,-8,6
-63,-9,6
-64,-8,7
-64,-9,6
-63,-8,6
-63,-8,7
-65,-9,6
-64,-9,6
-63,-9,6
-63,-9,6
-64,-8,7
-64,-9,6
-63,-9,6
-64,-9,6
-64,-9,6
-64,-8,6
-64,-9,6
-63,-8,7
-64,-8,7
-63,-9,6
-63,-8,6
-64,-9,6
-64,-9,6
-64,-8,6
-64,-9,6
-64,-8,7
-63,-8,6
-64,-9,6
-64,-8,7
-64,-9,6
-64,-9,6
-64,-9,6
-64,-8,6
-64,-9,7
-64,-9,6
-64,-8,6
-63,-9,6
-64,-9,6
-64,-8,6
-64,-9,6
-63,-8,7
-64,-9,6
-64,-8,6
-64,-9,6
-64,-9,6
-64,-8,6
-64,-9,6
-64,-8,6
-64,-9,6
-64,-9,6
-63,-8,6
-64,-9,6
-64,-8,6
-64,-8,6
-63,-8,6
-64,-8,6
-64,-9,6
-64,-8,6
-64,-8,6
-64,-8,6
-64,-8,6
-64,-9,5
-64,-7,6
-64,-8,6
-64,-8,6
-64,-8,5
-64,-8,6
-64,-9,5
-64,-8,5
-63,-8,6
-64,-8,6
-64,-8,6
-64,-8,5
-64,-8,6
-64,-8,6
-64,-8,6
-64,-8,6
-64,-8,6
-63,-8,6
-64,-8,6
-64,-8,6
-64,-8,6
-64,-8,6
-64,-9,6
-63,-8,6
-64,-8,6
-64,-9,6
-64,-8,6
-64,-8,6
-64,-9,6
-64,-8,6
-64,-9,6
-64,-9,6
-63,-7,7
-64,-8,7
-64,-8,6
-63,-8,6
-64,-9,6
-63,-8,7
-64,-8,6
-63,-8,6
-64,-8,7
-64,-9,6
-64,-8,6
-64,-9,6
-64,-9,6
-64,-8,6
-64,-9,6
-64,-9,6
-63,-8,6
-64,-8,6
-64,-9,6
-64,-9,6
-64,-8,6
-64,-9,6
-64,-9,6
-64,-9,6
-64,-9,6
-63,-8,7
-65,-9,6
-63,-8,6
-63,-8,6
-64,-9,6
-63,-8,6
-63,-8,6
-64,-9,6
-64,-9,6
-63,-8,6
-63,-8,6
-64,-9,6
-64,-9,6
-63,-9,6
-63,-9,6
-64,-8,6
-64,-9,6
-63,-8,6
-63,-8,6
-65,-9,6
-64,-8,6
-64,-9,6
-63,-9,6
-64,-9,6
-63,-8,6
-64,-9,6
-64,-9,6
-64,-9,6
-63,-9,6
-63,-9,6
-64,-9,6
-64,-8,7
-64,-9,6
-63,-9,6
-64,-8,6
-63,-9,6
-64,-8,6
-64,-9,6
-63,-8,6
-64,-8,7
-64,-9,6
-64,-9,6
-63,-9,6
-64,-9,6
-64,-9,6
-64,-8,6
-63,-9,6
-64,-9,6
-64,-9,6
-63,-8,6
-64,-9,6
-64,-9,6
-63,-8,6
-63,-8,6
-64,-9,6
-64,-8,6
-64,-8,6
-65,-8,6
-63,-8,6
-64,-8,6
-64,-8,6
-63,-8,6
-64,-8,6
-63,-8,6
-64,-8,6
-64,-8,6
-64,-9,6
-64,-8,6
-64,-8,6
-64,-8,6
-63,-8,6
-64,-9,6
-64,-8,6
-64,-9,6
-64,-8,6
-64,-8,6
-64,-8,6
-64,-8,6
-64,-8,6
-64,-8,6
-64,-8,6
-64,-8,6
-64,-8,6
-64,-8,6
-64,-9,5
-63,-8,6
-64,-7,6
-64,-9,6
-64,-8,6
-64,-8,6
-64,-8,6
-64,-8,6
-64,-9,6
-63,-9,6
-64,-8,6
-64,-9,6
-64,-8,6
-63,-8,6
-64,-9,5
-64,-8,6
-64,-9,6
-64,-8,6
-63,-8,6
-64,-8,6
-64,-9,5
-63,-9,6
-63,-8,6
-64,-8,6
-64,-9,6
-63,-9,6
-64,-8,6
-64,-9,6
-64,-8,6
-64,-8,6
-64,-8,6
-64,-9,6
-64,-9,6
-64,-9,7
-64,-8,7
-64,-9,6
-64,-9,5
-63,-8,7
-64,-7,7
-63,-9,6
-63,-9,6
-63,-8,7
-64,-7,7
-62,-9,5
-63,-8,6
-63,-8,7
-65,-9,6
-63,-8,6
-63,-8,6
-64,-9,6
-64,-9,6
-64,-9,6
-64,-8,6
-64,-9,6
-64,-9,6
-64,-8,7
-64,-8,6
-64,-9,6
-63,-9,6
-63,-8,7
-64,-9,6
-63,-8,6
-64,-9,6
-64,-9,6
-64,-9,6
-64,-9,6
-64,-8,6
-63,-9,7
-64,-8,6
-64,-9,6
-64,-9,6
-64,-9,6
-63,-8,7
-64,-8,6
-64,-9,6
-64,-9,6
-63,-8,6
-63,-8,6
-64,-9,6
-64,-9,6
-63,-8,6
-63,-8,6
-64,-9,6
-64,-9,6
-63,-9,6
-64,-8,6
-64,-9,6
-64,-9,6
-63,-9,6
-64,-9,7
-64,-8,6
-64,-8,6
-64,-9,6
-63,-8,6
-64,-8,6
-64,-9,6
-63,-8,6
-64,-8,7
-64,-9,6
-64,-9,6
-63,-9,6
-63,-8,6
-64,-9,6
-64,-9,6
-63,-8,6
-64,-8,6
-64,-9,6
-64,-8,6
-64,-8,6
-64,-8,6
-64,-8,6
-63,-8,6
-64,-8,6
-64,-9,6
-64,-8,6
-63,-8,6
-65,-9,6
-63,-9,5
-63,-8,6
-64,-8,6
-64,-8,6
-64,-8,6
-64,-9,6
-64,-8,6
-64,-8,6
-64,-8,6
-64,-8,6
-64,-8,6
-64,-9,6
-63,-8,6
-64,-8,6
-63,-8,6
-64,-8,6
-64,-9,6
-64,-8,6
-64,-8,6
-64,-8,6
-63,-8,6
-64,-8,6
-64,-8,6
-64,-8,6
-63,-8,6
-63,-8,6
-64,-9,6
-64,-9,6
-64,-8,6
-64,-9,6
-64,-8,6
-64,-8,6
-63,-9,6
-63,-8,6
-63,-7,6
-65,-9,6
-63,-9,6
-64,-8,6
-63,-8,6
-64,-9,6
-64,-8,6
-64,-9,6
-63,-8,6
-64,-9,6
-64,-8,6
-64,-9,6
-63,-8,6
-64,-8,6
-63,-9,6
-64,-8,6
-64,-9,6
-64,-8,6
-63,-9,6
-64,-9,6
-63,-9,6
-64,-8,7
-64,-9,6
-64,-9,6
-64,-9,5
-64,-9,6
-64,-8,7
-63,-8,6
-64,-9,6
-64,-9,6
-64,-9,6
-64,-9,6
-63,-9,6
-64,-9,6
-64,-9,6
-64,-8,6
-63,-8,7
-63,-9,6
-64,-8,6
-63,-9,6
-63,-8,7
-64,-9,6
-64,-9,6
-63,-8,6
-64,-9,6
-64,-8,6
-64,-9,6
-63,-9,6
-64,-8,6
-64,-9,6
-63,-8,7
-63,-8,6
-64,-9,6
-64,-9,6
-63,-8,7
-64,-8,7
-64,-9,6
-64,-9,6
-63,-8,7
-65,-9,6
-63,-8,6
-63,-8,6
-64,-9,7
-64,-9,6
-63,-8,6
-64,-9,6
-64,-9,6
-64,-8,6
-64,-9,6
-64,-9,6
-63,-8,6
-64,-8,6
-64,-9,6
-63,-9,6
-64,-8,6
-64,-8,6
-64,-8,6
-64,-8,6
-64,-9,6
-64,-9,6
-64,-8,6
-63,-8,6
-64,-8,6
-64,-9,6
-64,-8,6
-63,-8,6
-64,-8,6
-64,-9,6
-64,-8,6
-64,-9,6
-64,-8,6
-64,-9,6
-64,-9,6
-64,-8,6
-63,-8,6
-65,-9,6
-64,-8,6
-63,-8,6
-64,-8,6
-64,-8,6
-64,-8,6
-64,-8,6
-64,-8,6
-64,-8,6
-64,-9,6
-63,-8,5
-64,-8,6
-64,-8,6
-64,-8,6
-64,-8,6
-64,-8,6
-64,-8,6
-64,-8,6
-63,-8,6
-64,-8,6
-64,-9,5
-64,-8,6
-64,-8,6
-64,-8,6
-64,-9,6
-64,-8,6
-64,-8,6
-64,-9,6
-64,-8,6
-64,-8,6
-64,-8,6
-64,-8,6
-64,-8,6
-63,-8,6
-64,-9,6
-64,-9,6
-63,-8,6
-63,-8,6
-64,-9,6
-64,-9,6
-64,-8,6
-64,-8,6
-64,-8,6
-63,-8,6
-64,-8,6
-64,-9,6
-64,-9,6
-63,-9,6
-64,-8,6
-65,-9,6
-63,-8,6
-63,-8,6
-63,-8,6
-64,-9,6
-64,-8,6
-64,-9,6
-63,-8,6
-64,-9,6
-64,-8,7
-64,-9,6
-64,-9,6
-64,-8,6
-64,-8,7
-64,-8,6
-64,-9,6
-64,-9,6
-64,-8,6
-64,-9,6
-63,-8,7
-64,-9,6
-63,-9,6
-64,-8,7
-64,-8,7
-63,-8,6
-64,-8,6
-65,-9,6
-64,-9,6
-63,-8,6
-64,-9,6
-65,-9,6
-64,-9,6
-63,-8,6
-63,-9,6
-64,-9,6
-64,-9,6
-63,-8,6
-63,-8,6
-64,-9,6
-64,-9,6
-63,-9,6
-64,-8,6
-64,-8,6
-64,-9,6
-63,-9,6
-64,-9,6
-64,-9,6
-63,-8,6
-63,-8,6
-63,-9,6
-65,-9,6
-63,-8,6
-63,-8,6
-64,-9,6
-64,-9,6
-63,-8,6
-64,-8,6
-64,-9,6
-64,-9,6
-63,-9,6
-63,-9,6
-64,-9,6
-64,-9,6
-64,-9,6
-63,-9,6
-64,-9,6
-64,-8,6
-64,-9,6
-64,-8,6
-64,-8,6
-64,-9,6
-64,-8,6
-64,-8,6
-64,-8,6
-64,-9,6
-64,-9,5
-64,-8,6
-64,-8,6
-64,-9,6
-63,-8,6
-64,-8,6
-64,-9,6
-64,-8,6
-64,-8,6
-64,-8,6
-64,-8,6
-64,-8,6
-64,-8,6
-64,-8,6
-64,-8,6
-64,-8,6
-64,-8,6
-64,-8,6
-64,-8,6
-64,-8,6
-64,-8,6
-64,-8,6
-64,-8,6
-64,-8,6
-64,-8,6
-64,-8,6
-63,-8,6
-64,-8,6
-64,-8,6
-64,-8,6
-64,-8,6
-64,-8,6
-64,-8,6
-64,-8,6
-64,-8,6
-64,-8,6
-64,-8,6
-64,-8,6
-64,-9,6
-64,-9,6
-63,-8,6
-64,-8,6
-64,-9,6
-64,-8,6
-63,-8,6
-64,-8,6
-64,-9,6
-64,-9,6
-64,-8,6
-63,-9,6
-64,-8,6
-64,-8,6
-63,-9,6
-64,-8,6
-64,-8,6
-63,-8,6
-64,-9,6
-64,-9,6
-64,-8,6
-64,-8,6
-64,-9,6
-64,-9,6
-63,-8,6
-64,-8,6
-64,-9,6
-64,-9,6
-64,-8,6
-64,-8,6
-64,-9,6
-63,-9,6
-64,-9,6
-64,-9,6
-64,-8,6
-64,-8,6
-64,-8,6
-63,-9,6
-64,-9,5
-64,-9,6
-64,-8,7
-64,-9,6
-64,-8,6
-63,-9,6
-64,-9,6
-64,-9,6
-63,-8,6
-64,-9,6
-65,-9,6
-63,-9,6
-64,-9,6
-64,-8,6
-64,-9,6
-64,-9,6
-64,-9,6
-63,-9,6
-64,-9,6
-64,-8,7
-64,-9,6
-64,-8,6
-64,-9,6
-64,-8,6
-64,-9,6
-63,-8,6
-64,-9,6
-64,-9,6
-64,-8,6
-63,-8,6
-64,-9,6
-65,-9,6
-63,-9,6
-63,-8,6
-64,-8,6
-64,-9,6
-63,-8,6
-64,-9,6
-64,-8,6
-64,-8,6
-63,-8,6
-63,-8,6
-64,-8,6
-64,-9,6
-64,-8,6
-63,-8,6
-64,-8,6
-64,-9,6
-63,-8,6
-64,-8,6
-64,-8,6
-64,-9,6
-63,-8,6
-64,-8,6
-64,-8,6
-64,-8,6
-64,-9,6
-64,-8,6
-64,-8,6
-64,-8,6
-64,-8,6
-64,-8,6
-64,-9,5
-64,-8,5
-64,-8,6
-64,-8,6
-64,-8,5
-63,-8,6
-64,-8,6
-64,-8,6
-64,-8,6
-64,-8,6
-64,-8,6
-64,-8,6
-64,-8,6
-64,-9,6
-64,-8,6
-64,-8,6
-64,-8,6
-64,-8,6
-64,-8,6
-64,-9,6
-64,-8,6
-64,-8,6
-64,-8,6
-63,-9,6
-64,-8,6
-64,-8,6
-64,-9,6
-63,-8,6
-64,-8,7
-64,-9,6
-64,-9,5
-63,-8,6
-65,-8,6
-63,-8,6
-63,-8,6
-64,-9,6
-64,-9,6
-64,-8,6
-64,-8,6
-64,-9,6
-64,-8,6
-64,-9,6
-63,-8,6
-64,-8,6
-64,-9,6
-64,-8,6
-63,-9,6
-64,-8,6
-64,-8,6
-64,-8,6
-63,-9,6
-64,-9,6
-64,-9,6
-63,-8,7
-64,-9,6
-64,-8,6
-63,-9,6
-64,-8,6
-64,-9,6
-64,-9,6
-63,-8,6
-64,-9,6
-64,-9,6
-64,-8,6
-64,-8,6
-64,-9,6
-64,-8,6
-64,-8,6
-64,-9,6
-64,-8,6
-63,-8,6
-64,-9,6
-63,-9,6
-64,-9,6
-64,-9,6
-64,-8,6
-63,-8,6
-64,-9,6
-64,-8,6
-63,-8,6
-64,-9,6
-63,-8,6
-64,-7,7
-63,-9,6
-63,-9,6
-63,-8,6
-65,-8,7
-63,-9,6
-63,-8,6
-64,-9,6
-64,-9,6
-63,-8,6
-64,-8,6
-64,-9,6
-64,-8,6
-64,-8,6
-64,-9,6
-64,-9,6
-64,-8,6
-63,-8,6
-64,-8,6
-64,-8,6
-64,-8,6
-63,-8,6
-64,-8,6
-64,-8,6
-64,-8,6
-64,-8,6
-64,-9,6
-64,-8,6
-64,-8,6
-64,-8,6
-64,-8,6
-64,-8,6
-64,-8,6
-64,-8,6
-64,-8,6
-64,-8,6
-64,-8,6
-64,-8,6
-64,-8,6
-64,-8,6
-63,-8,6
-64,-8,6
-64,-9,6
-64,-8,6
-64,-8,6
-64,-8,6
-64,-8,6
-64,-8,6
-64,-8,6
-64,-8,6
-64,-9,5
-63,-8,6
-64,-8,6
-64,-8,6
-64,-9,5
-64,-8,6
-64,-8,6
-64,-8,6
-63,-8,6
-64,-9,5
-64,-9,6
-64,-8,6
-63,-8,6
-64,-8,6
-64,-8,6
-64,-8,6
-64,-8,6
-63,-8,6
-64,-9,6
-64,-8,7
-65,-9,6
-63,-8,6
-63,-8,6
-64,-8,6
-64,-8,6
-63,-8,6
-64,-8,6
-64,-8,6
-64,-8,6
-64,-9,6
-64,-8,6
-64,-8,6
-63,-8,6
-63,-9,6
-64,-8,6
-64,-8,6
-64,-9,6
-63,-8,6
-64,-9,6
-64,-9,6
-64,-8,6
-64,-8,6
-64,-9,6
-63,-8,7
-64,-9,6
-64,-9,6
-63,-8,6
-64,-8,6
-64,-9,6
-64,-8,6
-64,-8,6
-64,-9,6
-64,-9,6
-63,-8,6
-64,-9,6
-64,-9,6
-63,-8,6
-64,-9,6
-64,-9,6
-63,-8,6
-64,-8,6
-64,-9,6
-64,-9,6
-63,-8,6
-63,-8,6
-64,-8,7
-64,-9,7
-63,-9,6
-63,-9,6
-64,-9,7
-64,-9,6
-63,-9,6
-63,-9,6
-64,-9,6
-64,-8,6
-63,-8,6
-64,-9,6
-64,-9,6
-64,-8,6
-63,-8,6
-63,-8,6
-64,-9,6
-64,-9,6
-64,-9,6
-64,-8,6
-64,-8,6
-64,-8,6
-64,-8,6
-63,-8,6
-64,-9,6
-64,-9,5
-64,-8,6
-63,-9,6
-63,-8,6
-64,-9,6
-64,-9,6
-64,-8,6
-63,-8,5
-64,-8,6
-64,-9,6
-64,-7,6
-64,-8,6
-64,-8,6
-64,-8,6
-64,-8,6
-64,-8,6
-64,-9,5
-64,-8,6
-63,-8,6
-64,-8,6
-64,-9,5
-64,-8,6
-64,-9,6
-63,-7,6
-64,-7,6
-64,-8,6
-65,-8,6
-64,-8,5
-65,-9,5
-63,-7,6
-64,-8,6
-64,-8,6
-64,-8,5
-64,-8,6
-64,-8,6
-64,-8,6
-64,-8,5
-64,-8,5
-64,-8,5
-64,-8,6
-64,-8,5
-64,-8,6
-64,-7,5
-64,-8,5
-64,-8,5
-64,-8,6
-64,-7,5
-64,-8,5
-64,-8,5
-64,-8,6
-64,-8,5
-64,-8,5
-64,-8,5
-64,-8,5
-64,-8,5
-64,-7,6
-64,-8,5
-64,-8,5
-64,-8,5
-64,-8,5
-64,-8,5
-64,-8,6
-64,-8,5
-64,-8,5
-64,-8,5
-64,-8,5
-64,-8,6
-64,-8,5
-64,-8,5
-64,-8,6
-64,-8,6
-64,-8,6
-64,-8,5
-64,-8,5
-64,-8,6
-64,-8,6
-64,-8,6
-64,-8,5
-63,-8,6
-64,-8,6
-64,-8,6
-64,-8,6
-63,-8,6
-64,-8,6
-64,-8,6
-64,-8,6
-63,-9,6
-64,-9,5
-64,-8,6
-64,-8,6
-64,-8,6
-64,-9,6
-63,-8,6
-64,-8,6
-64,-8,6
-63,-8,6
-64,-9,6
-64,-8,6
-64,-8,6
-64,-9,6
-64,-8,6
-64,-8,6
-64,-9,6
-64,-8,6
-64,-8,6
-64,-9,6
-64,-9,6
-64,-8,6
-64,-8,6
-64,-9,6
-64,-9,6
-63,-8,6
-63,-8,6
-64,-8,6
-63,-8,6
-63,-8,6
-64,-9,6
-64,-9,6
-63,-8,6
-64,-8,6
-63,-8,6
-64,-9,6
-64,-8,6
-64,-9,6
-63,-8,6
-64,-9,6
-64,-8,6
-64,-9,6
-64,-9,6
-63,-9,6
-64,-8,6
-64,-9,6
-64,-8,7
-64,-9,6
-64,-9,6
-63,-8,6
-64,-8,6
-64,-9,6
-64,-9,6
-63,-8,6
-64,-9,6
-64,-9,6
-64,-8,6
-63,-8,6
-64,-9,6
-64,-8,6
-64,-8,6
-64,-8,6
-64,-9,6
-64,-8,6
-63,-8,6
-64,-9,6
-64,-8,6
-63,-8,6
-64,-8,6
-64,-8,6
-64,-8,6
-64,-8,6
-64,-9,5
-64,-8,6
-64,-8,6
-64,-9,5
-64,-8,6
-64,-8,6
-64,-8,6
-64,-8,5
-64,-8,6
-64,-9,6
-64,-8,6
-64,-8,5
-64,-8,6
-64,-8,6
-64,-8,6
-64,-8,6
-64,-8,6
-64,-8,6
-64,-8,5
-64,-8,5
-64,-8,6
-63,-8,6
-64,-8,6
-64,-8,6
-64,-8,6
-64,-8,6
-63,-9,5
-64,-8,6
-64,-8,6
-64,-8,6
-64,-9,6
-64,-9,6
-64,-8,6
-64,-8,6
-64,-8,6
-64,-9,6
-64,-8,6
-64,-8,6
-64,-8,6
-64,-9,6
-64,-8,6
-64,-8,6
-64,-8,6
-64,-9,6
-64,-9,6
-64,-8,6
-64,-8,6
-64,-8,6
-63,-8,6
-64,-9,6
-64,-9,6
-64,-8,6
-64,-8,6
-64,-8,6
-63,-8,6
-64,-9,6
-64,-8,6
-63,-8,6
-64,-8,6
-64,-8,6
-63,-8,6
-63,-8,5
-64,-9,5
-64,-8,6
-64,-8,6
-63,-8,6
-64,-8,5
-64,-8,5
-64,-8,6
-64,-8,5
-64,-8,6
-64,-8,5
-64,-8,6
-64,-8,6
-64,-8,5
-64,-8,5
-64,-8,6
-64,-8,6
-64,-8,6
-64,-8,6
-64,-8,5
-63,-8,5
-65,-7,7
-65,-10,5
-63,-8,5
-63,-7,5
-65,-9,6
-63,-8,5
-63,-7,5
-64,-9,6
-64,-9,6
-63,-8,6
-64,-8,6
-64,-8,6
-64,-9,6
-63,-8,6
-63,-8,6
-64,-8,6
-64,-8,6
-64,-9,6
-64,-8,6
-64,-8,6
-64,-8,6
-64,-9,6
-64,-8,6
-64,-8,6
-64,-9,6
-64,-8,6
-64,-8,6
-64,-8,6
-64,-8,6
-64,-8,6
-64,-8,6
-64,-8,6
-64,-8,6
-64,-8,6
-64,-8,6
-64,-8,6
-63,-8,5
-64,-8,5
-64,-8,6
-64,-8,6
-64,-8,5
-64,-8,5
-63,-9,6
-63,-8,6
-64,-8,5
-64,-8,5
-64,-8,5
-64,-8,6
-64,-8,5
-64,-8,5
-64,-8,5
-65,-9,4
-64,-6,7
-66,-9,5
-63,-8,5
-64,-8,4
-66,-8,6
-63,-8,5
-63,-8,5
-64,-8,6
-65,-8,6
-63,-8,5
-63,-7,5
-64,-8,5
-65,-9,5
-63,-7,6
-63,-8,5
-64,-8,5
-64,-8,5
-64,-8,5
-64,-8,5
-64,-8,5
-63,-8,6
-64,-8,6
-64,-8,5
-64,-8,5
-64,-8,5
-64,-8,6
-64,-8,5
-65,-8,5
-64,-8,5
-64,-8,5
-64,-8,5
-64,-7,5
-64,-7,5
-64,-8,4
-63,-8,5
-64,-8,5
-65,-7,5
-65,-7,5
-64,-7,4
-64,-7,5
-64,-8,5
-64,-7,5
-64,-7,4
-65,-7,4
-64,-7,5
-64,-7,5
-64,-7,5
-64,-7,5
-64,-8,4
-64,-8,4
-64,-7,5
-64,-7,4
-64,-7,5
-64,-7,5
-64,-8,4
-64,-8,4
-64,-7,5
-64,-7,5
-64,-8,5
-64,-8,4
-64,-7,4
-64,-8,5
-64,-8,5
-64,-7,4
-64,-8,5
-64,-7,5
-64,-7,5
-64,-7,5
-64,-7,5
-64,-8,5
-64,-8,5
-64,-7,5
-64,-7,5
-64,-8,5
-63,-8,6
-64,-7,4
-65,-6,4
-64,-7,5
-64,-8,5
-63,-8,5
-64,-8,5
-65,-7,4
-64,-7,4
-64,-7,5
-64,-7,4
-64,-7,4
-64,-7,5
-64,-7,5
-64,-7,5
-63,-7,5
-64,-8,5
-64,-7,5
-65,-7,5
-64,-7,5
-63,-8,6
-64,-8,5
-64,-7,5
-64,-7,5
-64,-7,5
-64,-7,5
-64,-7,5
-64,-8,5
-64,-8,6
-64,-7,5
-64,-7,5
-63,-7,6
-65,-7,5
-65,-7,5
-63,-8,5
-64,-8,5
-64,-7,5
-64,-7,6
-64,-7,5
-64,-7,5
-64,-7,5
-64,-8,5
-63,-7,6
-64,-7,5
-64,-8,5
-64,-7,5
-64,-7,5
-64,-7,4
-64,-7,4
-64,-7,5
-63,-8,5
-64,-7,4
-64,-7,5
-64,-7,6
-64,-7,5
-64,-7,5
-64,-7,5
-64,-7,5
-64,-7,5
-64,-7,5
-65,-7,5
-64,-7,5
-64,-7,5
-64,-7,5
-64,-8,5
-64,-8,5
-64,-7,5
-64,-7,5
-64,-7,5
-64,-7,5
-64,-7,5
-64,-7,5
-64,-7,5
-64,-7,5
-64,-8,5
-64,-7,5
-64,-7,5
-64,-7,5
-64,-7,5
-64,-7,5
-64,-8,5
-64,-7,5
-64,-7,5
-64,-7,5
-64,-8,5
-64,-7,5
-64,-7,5
-64,-7,5
-64,-7,5
-64,-7,5
-64,-8,5
-64,-7,5
-64,-7,5
-64,-7,5
-64,-8,5
-64,-7,5
-64,-7,5
-64,-7,5
-64,-7,5
-64,-8,5
-63,-7,5
-65,-7,5
-65,-8,5
-64,-7,6
-64,-7,5
-64,-8,5
-64,-7,5
-64,-7,5
-64,-7,5
-63,-7,5
-64,-7,5
-62,-8,5
-63,-7,5
-63,-7,6
-65,-7,6
-64,-8,5
-63,-7,5
-64,-7,5
-65,-7,5
-63,-8,5
-63,-7,5
-64,-7,5
-64,-8,5
-63,-8,5
-64,-7,6
-64,-8,5
-64,-8,4
-64,-7,5
-64,-7,6
-63,-7,6
-64,-7,5
-65,-7,5
-64,-8,5
-64,-8,5
-64,-7,5
-65,-7,5
-64,-7,6
-64,-7,6
-64,-7,4
-64,-7,5
-64,-7,5
-64,-7,6
-64,-7,5
-64,-7,4
-64,-8,5
-64,-8,5
-63,-6,5
-65,-7,5
-64,-9,4
-63,-7,5
-65,-7,5
-66,-7,5
-63,-8,5
-63,-7,5
-64,-7,5
-64,-8,5
-64,-7,5
-64,-7,5
-63,-7,5
-64,-8,5
-65,-8,5
-64,-8,6
-64,-8,5
-64,-8,4
-63,-6,6
-64,-8,5
-63,-7,5
-64,-7,5
-65,-7,5
-63,-7,6
-64,-7,6
-64,-7,5
-65,-8,5
-63,-7,5
-64,-8,5
-64,-7,5
-64,-7,5
-64,-7,5
-64,-8,5
-64,-7,5
-64,-7,5
-64,-7,5
-64,-7,5
-64,-8,5
-64,-7,5
-64,-7,6
-64,-8,5
-64,-8,5
-64,-7,6
-64,-7,6
-64,-8,5
-64,-8,5
-64,-7,5
-64,-7,5
-64,-8,5
-64,-7,5
-64,-8,5
-64,-7,5
-64,-7,5
-65,-8,5
-63,-7,5
-64,-7,5
-64,-7,5
-64,-8,5
-64,-7,5
-64,-7,5
-64,-7,5
-64,-7,5
-64,-7,5
-64,-8,5
-64,-7,5
-64,-7,5
-64,-7,5
-64,-7,5
-64,-7,5
-64,-7,5
-64,-8,5
-64,-7,5
-64,-7,5
-64,-7,5
-64,-7,5
-64,-7,5
-64,-7,5
-64,-8,5
-64,-8,5
-64,-7,5
-64,-7,5
-64,-7,5
-64,-7,5
-64,-7,5
-64,-8,5
-64,-7,5
-64,-7,5
-64,-7,5
-64,-7,5
-64,-8,5
-64,-7,5
-64,-7,5
-64,-7,5
-64,-7,5
-64,-8,5
-64,-7,5
-64,-7,5
-64,-8,5
-64,-7,5
-64,-7,5
-64,-7,5
-64,-7,5
-64,-7,5
-64,-8,5
-63,-7,5
-64,-7,5
-64,-8,6
-64,-7,5
-64,-8,5
-64,-8,5
-64,-7,5
-64,-8,5
-64,-7,5
-64,-7,6
-64,-8,5
-64,-7,5
-64,-8,5
-64,-8,5
-64,-8,5
-64,-7,5
-64,-7,6
-64,-7,5
-63,-9,4
-64,-7,6
-65,-8,5
-63,-7,6
-63,-7,6
-65,-7,5
-64,-7,6
-64,-8,5
-65,-8,5
-64,-8,5
-64,-7,6
-64,-7,5
-64,-7,5
-64,-8,5
-64,-8,5
-64,-7,5
-64,-8,5
-64,-7,6
-64,-7,5
-64,-7,5
-65,-8,5
-64,-8,5
-64,-8,5
-63,-7,5
-64,-7,6
-64,-8,5
-63,-7,5
-64,-7,6
-65,-8,4
-64,-8,5
-64,-7,6
-64,-7,6
-64,-8,5
-64,-8,5
-64,-7,6
-64,-8,5
-64,-7,5
-64,-7,6
-64,-8,5
-64,-8,5
-64,-7,5
-64,-8,5
-64,-7,5
-63,-7,5
-64,-8,5
-64,-8,5
-64,-7,5
-64,-7,6
-65,-8,5
-64,-8,5
-63,-7,5
-65,-7,5
-64,-8,5
-64,-8,5
-64,-7,5
-64,-7,6
-64,-8,5
-64,-7,5
-64,-8,5
-64,-8,5
-64,-7,5
-64,-7,6
-65,-7,5
-64,-8,5
-64,-8,5
-64,-7,5
-64,-7,5
-64,-8,5
-64,-8,5
-64,-7,6
-64,-7,6
-64,-8,5
-64,-8,5
-64,-7,6
-64,-8,5
-63,-7,6
-64,-7,5
-65,-8,5
-64,-8,5
-64,-7,6
-64,-7,6
-64,-8,6
-64,-8,5
-64,-8,5
-64,-8,5
-64,-7,5
-64,-7,5
-64,-8,5
-64,-7,5
-64,-8,5
-64,-8,5
-64,-7,5
-64,-8,5
-64,-7,5
-64,-8,5
-64,-7,5
-64,-8,5
-64,-8,5
-64,-7,5
-64,-7,5
-64,-7,6
-64,-7,5
-64,-7,5
-64,-7,5
-64,-8,5
-64,-8,5
-64,-7,6
-64,-7,5
-64,-8,5
-64,-7,5
-64,-7,5
-65,-8,5
-64,-8,5
-64,-7,6
-64,-7,5
-64,-7,5
-63,-7,5
-64,-7,5
-65,-8,5
-64,-8,5
-64,-8,5
-64,-7,5
-64,-7,5
-63,-8,5
-63,-7,5
-64,-8,5
-65,-8,5
-64,-8,5
-63,-7,6
-64,-7,6
-64,-7,5
-63,-7,5
-64,-7,5
-64,-7,5
-63,-8,6
-64,-8,5
-64,-7,5
-64,-7,5
-64,-8,5
-64,-7,5
-64,-7,5
-64,-7,6
-64,-8,5
-64,-8,5
-64,-7,6
-64,-7,6
-64,-8,5
-63,-7,5
-64,-7,5
-65,-8,5
-63,-7,6
-64,-7,5
-64,-8,5
-64,-8,5
-64,-7,5
-64,-8,5
-64,-8,5
-64,-8,5
-64,-7,5
-64,-8,5
-64,-8,5
-63,-7,5
-64,-8,5
-64,-8,5
-64,-8,5
-64,-8,5
-64,-7,5
-64,-7,5
-64,-7,5
-64,-8,5
-64,-8,5
-64,-7,6
-64,-8,6
-64,-7,5
-64,-7,5
-64,-8,5
-64,-8,5
-64,-8,5
-64,-8,5
-64,-7,5
-64,-7,5
-64,-7,6
-64,-8,5
-64,-8,5
-64,-8,5
-64,-8,5
-64,-8,5
-64,-7,6
-65,-8,5
-64,-8,5
-64,-8,5
-63,-7,5
-64,-7,6
-64,-8,5
-63,-7,5
-64,-7,5
-64,-8,5
-64,-8,5
-64,-7,5
-64,-7,5
-64,-7,5
-64,-7,5
-65,-8,5
-64,-8,5
-64,-7,5
-64,-7,5
-64,-7,5
-64,-7,5
-64,-7,5
-64,-8,5
-64,-7,5
-63,-7,5
-64,-7,5
-64,-7,5
-64,-8,5
-64,-7,5
-64,-8,5
-64,-7,5
-64,-7,5
-64,-8,5
-64,-7,5
-64,-7,5
-64,-7,5
-64,-8,5
-65,-8,4
-64,-7,5
-64,-7,5
-64,-7,5
-63,-6,6
-64,-7,5
-64,-7,5
-64,-8,4
-64,-7,4
-64,-8,4
-64,-7,4
-63,-6,5
-64,-7,5
-64,-6,5
-64,-8,5
-64,-7,4
-64,-8,4
-64,-7,5
-64,-6,5
-64,-7,4
-64,-7,5
-65,-7,4
-65,-8,4
-64,-7,5
-64,-6,5
-64,-7,5
-64,-7,5
-64,-7,4
-64,-7,4
-64,-7,5
-64,-7,5
-64,-7,4
-64,-7,4
-64,-7,4
-64,-7,5
-64,-7,4
-64,-7,4
-64,-7,4
-64,-7,5
-64,-7,5
-64,-7,4
-64,-7,4
-64,-7,4
-64,-6,5
-65,-7,4
-64,-8,4
-64,-7,4
-64,-7,4
-64,-7,5
-64,-7,5
-64,-7,4
-64,-7,4
-64,-7,4
-64,-7,4
-64,-6,5
-64,-6,5
-64,-7,3
-65,-7,4
-64,-6,4
-64,-7,5
-64,-7,4
-64,-7,4
-65,-7,4
-64,-7,4
-64,-7,4
-64,-7,4
-64,-7,4
-64,-6,4
-64,-7,4
-64,-6,4
-65,-8,3
-64,-6,4
-65,-6,4
-64,-7,4
-63,-6,4
-65,-7,3
-64,-7,4
-64,-7,4
-64,-6,4
-65,-7,4
-64,-7,4
-65,-7,3
-65,-7,4
-65,-6,4
-65,-7,4
-64,-6,3
-65,-7,3
-63,-7,4
-64,-6,4
-64,-7,3
-64,-7,3
-64,-6,4
-64,-7,4
-64,-7,3
-65,-6,4
-64,-7,4
-64,-7,4
-64,-7,4
-64,-7,4
-64,-6,4
-64,-7,4
-64,-6,4
-64,-8,3
-64,-7,3
-64,-7,4
-64,-6,4
-64,-7,4
-65,-7,4
-65,-8,3
-64,-7,4
-64,-7,4
-64,-6,4
-64,-7,4
-64,-8,4
-65,-8,3
-64,-7,4
-64,-7,4
-64,-7,4
-64,-6,4
-65,-8,4
-64,-7,4
-64,-7,4
-64,-6,4
-64,-7,4
-64,-7,4
-64,-7,4
-64,-7,4
-64,-6,4
-64,-6,4
-64,-7,4
-64,-6,5
-64,-8,4
-64,-7,4
-64,-7,4
-64,-7,4
-64,-7,4
-64,-7,4
-64,-7,4
-64,-7,4
-64,-7,4
-64,-7,4
-64,-7,4
-64,-7,4
-64,-7,4
-64,-7,5
-64,-7,4
-64,-7,4
-64,-8,4
-63,-6,5
-65,-7,5
-63,-7,4
-64,-7,4
-64,-7,5
-65,-7,5
-63,-7,4
-64,-7,4
-65,-7,4
-64,-7,5
-64,-7,4
-64,-8,4
-64,-7,4
-64,-7,5
-64,-7,4
-65,-7,5
-65,-7,4
-64,-7,5
-64,-7,4
-64,-8,4
-64,-8,4
-64,-7,5
-64,-7,5
-64,-7,4
-64,-7,4
-64,-7,5
-64,-8,5
-64,-7,5
-64,-7,4
-64,-8,5
-64,-8,5
-64,-7,5
-64,-7,4
-64,-7,5
-64,-8,5
-64,-7,5
-64,-8,5
-64,-7,5
-64,-7,5
-64,-7,5
-64,-8,5
-64,-7,5
-63,-8,4
-64,-8,4
-64,-8,4
-64,-8,5
-64,-7,5
-64,-8,5
-64,-8,5
-64,-8,5
-64,-8,5
-64,-8,5
-64,-7,5
-64,-8,5
-64,-8,5
-64,-8,5
-64,-8,5
-64,-8,5
-64,-8,4
-62,-6,6
-65,-8,5
-63,-9,5
-63,-8,4
-63,-7,5
-65,-8,6
-63,-8,5
-63,-8,4
-64,-8,5
-64,-8,5
-63,-7,5
-64,-7,5
-64,-9,5
-64,-9,5
-64,-7,5
-64,-8,5
-65,-9,4
-64,-8,5
-63,-8,5
-64,-8,5
-64,-8,5
-64,-8,5
-63,-8,5
-64,-8,5
-65,-8,5
-64,-8,5
-63,-8,5
-64,-8,5
-65,-8,5
-64,-8,5
-63,-8,5
-63,-7,6
-64,-8,5
-64,-8,5
-63,-8,5
-63,-8,5
-64,-8,5
-64,-7,5
-64,-8,5
-64,-8,5
-64,-8,5
-64,-8,5
-64,-8,5
-63,-8,5
-64,-7,5
-64,-8,5
-64,-8,5
-63,-8,5
-64,-8,5
-64,-8,5
-64,-8,5
-64,-8,5
-64,-8,5
-64,-8,5
-63,-8,5
-64,-8,5
-64,-8,5
-64,-8,5
-64,-8,5
-64,-8,5
-64,-8,5
-64,-8,5
-63,-8,5
-64,-8,6
-64,-9,5
-64,-8,5
-63,-8,5
-64,-8,6
-64,-8,5
-64,-8,6
-64,-8,5
-64,-8,5
-64,-8,5
-64,-8,5
-64,-8,5
-64,-8,5
-64,-8,5
-64,-8,5
-64,-8,5
-63,-8,5
-64,-8,5
-64,-8,5
-64,-8,5
-64,-8,5
-64,-8,5
-64,-8,5
-64,-8,5
-64,-8,5
-64,-8,5
-64,-8,5
-64,-8,5
-64,-8,5
-64,-8,6
-64,-8,5
-64,-8,5
-64,-8,5
-63,-7,6
-64,-8,5
-64,-8,5
-64,-9,5
-64,-8,6
-64,-8,5
-64,-8,5
-64,-8,5
-64,-8,6
-64,-8,5
-63,-8,5
-64,-7,6
-64,-8,5
-64,-8,6
-64,-8,5
-64,-8,5
-65,-8,6
-64,-8,5
-64,-8,5
-64,-8,5
-64,-9,5
-64,-8,5
-63,-8,5
-64,-8,5
-64,-8,5
-64,-8,5
-64,-8,5
-64,-8,5
-64,-8,5
-64,-8,6
-65,-9,5
-64,-8,5
-64,-8,6
-64,-8,6
-64,-8,5
-64,-8,5
-64,-8,6
-64,-8,5
-64,-8,5
-64,-8,5
-64,-8,5
-64,-8,6
-64,-8,6
-64,-8,5
-64,-8,5
-64,-8,5
-64,-7,6
-64,-8,6
-64,-8,5
-64,-8,5
-64,-8,5
-64,-7,6
-64,-8,5
-64,-8,5
-64,-9,5
-64,-8,5
-64,-8,5
-64,-8,5
-64,-8,6
-64,-8,5
-63,-8,6
-64,-8,5
-64,-8,4
-63,-8,6
-64,-8,6
-64,-7,6
-64,-8,5
-64,-8,6
-64,-8,5
-64,-8,5
-64,-8,5
-64,-8,6
-63,-7,6
-64,-8,5
-63,-8,5
-64,-8,5
-64,-9,5
-63,-8,6
-64,-8,5
-64,-8,6
-64,-8,5
-64,-8,6
-64,-8,6
-64,-8,5
-64,-8,5
-64,-8,5
-64,-8,6
-63,-7,5
-64,-8,5
-65,-8,6
-64,-8,5
-64,-8,5
-64,-8,5
-64,-8,5
-64,-8,5
-64,-8,5
-64,-8,5
-63,-8,5
-64,-8,5
-64,-8,6
-64,-8,5
-64,-8,5
-64,-8,5
-64,-8,5
-64,-8,5
-63,-8,5
-64,-8,5
-65,-8,6
-64,-9,5
-63,-8,5
-63,-8,5
-65,-9,5
-64,-8,5
-64,-8,5
-63,-8,5
-64,-8,5
-64,-8,5
-64,-8,5
-64,-8,5
-64,-8,5
-64,-8,5
-63,-8,5
-64,-8,5
-64,-8,5
-64,-8,5
-63,-7,6
-64,-8,6
-65,-9,5
-64,-8,5
-63,-7,6
-64,-8,5
-64,-9,5
-64,-8,5
-63,-8,6
-64,-8,5
-64,-8,5
-64,-8,5
-63,-8,5
-64,-8,6
-65,-8,6
-64,-8,5
-63,-8,5
-64,-8,5
-64,-8,5
-63,-8,5
-64,-7,5
-64,-8,5
-64,-8,5
-63,-7,6
-64,-7,5
-64,-7,5
-64,-8,5
-64,-7,5
-64,-7,6
-64,-8,5
-64,-7,5
-64,-8,5
-64,-8,5
-64,-8,5
-64,-8,5
-64,-8,5
-63,-7,5
-64,-8,5
-65,-8,4
-64,-8,5
-64,-7,5
-64,-7,5
-64,-8,5
-64,-8,4
-64,-8,5
-64,-7,5
-64,-7,5
-64,-8,5
-64,-7,5
-64,-7,5
-64,-7,5
-64,-8,5
-64,-7,5
-64,-7,5
-64,-8,5
-64,-7,5
-64,-8,4
-64,-7,5
-65,-8,5
-64,-7,5
-64,-7,4
-64,-7,5
-64,-8,5
-64,-8,4
-64,-8,4
-64,-7,5
-64,-7,5
-64,-8,4
-63,-8,4
-65,-7,5
-65,-7,6
-63,-8,5
-63,-8,4
-64,-8,4
-64,-7,6
-63,-8,5
-64,-8,4
-65,-8,5
-64,-8,5
-63,-7,5
-64,-7,5
-65,-8,4
-64,-8,5
-63,-7,5
-64,-7,5
-65,-8,5
-64,-8,5
-64,-7,5
-64,-8,5
-64,-8,5
-63,-8,5
-63,-7,5
-64,-7,5
-65,-8,5
-63,-7,5
-64,-8,5
-64,-8,5
-64,-8,5
-64,-8,5
-64,-8,5
-63,-7,5
-64,-7,5
-64,-8,5
-64,-8,5
-63,-8,5
-64,-8,5
-64,-8,5
-63,-8,5
-64,-8,5
-64,-8,5
-64,-8,5
-63,-7,5
-64,-8,5
-64,-8,5
-63,-8,5
-63,-7,6
-64,-8,5
-64,-8,5
-63,-8,5
-65,-8,5
-65,-9,5
-63,-8,5
-62,-7,5
-64,-8,5
-65,-8,5
-63,-7,5
-63,-8,4
-64,-8,5
-65,-9,5
-64,-7,6
-64,-8,6
-64,-8,5
-64,-8,5
-64,-8,5
-64,-8,5
-64,-8,5
-64,-7,6
-64,-8,5
-63,-8,5
-64,-8,5
-64,-9,5
-64,-8,5
-63,-8,5
-64,-7,5
-64,-8,5
-64,-8,6
-64,-9,5
-64,-8,5
-64,-8,5
-63,-7,5
-64,-8,5
-64,-8,5
-64,-8,5
-64,-8,5
-64,-7,5
-64,-8,5
-64,-8,5
-64,-8,5
-64,-8,5
-64,-9,5
-64,-7,6
-64,-8,6
-64,-8,5
-64,-8,5
-64,-8,5
-64,-8,6
-64,-8,5
-63,-8,5
-64,-8,5
-64,-7,5
-64,-8,5
-64,-8,5
-63,-7,5
-64,-8,5
-64,-7,6
-64,-8,5
-64,-9,4
-64,-8,5
-63,-8,6
-65,-8,5
-64,-8,5
-64,-8,5
-64,-8,5
-64,-8,5
-64,-8,5
-64,-8,5
-64,-8,5
-64,-8,5
-64,-8,6
-64,-8,5
-64,-8,5
-64,-8,5
-64,-7,6
-64,-8,5
-64,-8,5
-64,-8,5
-64,-8,5
-64,-8,5
-63,-8,6
-64,-8,5
-64,-8,5
-64,-8,5
-64,-8,5
-64,-8,5
-63,-8,5
-65,-8,5
-64,-8,5
-64,-8,6
-64,-8,5
-63,-8,5
-64,-8,5
-64,-8,5
-64,-8,5
-64,-8,5
-64,-8,5
-64,-8,5
-64,-8,5
-64,-8,5
-64,-8,5
-64,-8,5
-64,-8,5
-64,-8,5
-64,-8,5
-64,-8,5
-64,-8,6
-64,-8,5
-64,-8,5
-63,-7,6
-64,-8,5
-64,-8,5
-64,-8,5
-64,-8,5
-64,-8,5
-64,-8,6
-63,-7,6
-64,-8,5
-64,-8,5
-64,-8,5
-64,-8,5
-64,-8,5
-64,-8,5
-64,-8,5
-63,-7,6
-64,-8,5
-64,-9,5
-64,-7,5
-64,-8,5
-64,-8,5
-64,-7,5
-64,-8,5
-64,-8,5
-64,-7,5
-64,-7,5
-64,-8,5
-64,-8,5
-64,-8,5
-64,-8,5
-64,-8,5
-64,-8,5
-64,-7,6
-64,-8,5
-64,-8,5
-64,-8,5
-64,-8,5
-64,-8,5
-64,-8,5
-64,-8,5
-63,-8,6
-64,-8,5
-64,-8,5
-64,-8,5
-63,-8,5
-64,-8,5
-64,-8,5
-64,-8,5
-64,-8,5
-64,-7,5
-64,-8,5
-64,-8,5
-64,-8,5
-64,-7,5
-64,-8,5
-64,-8,5
-64,-8,5
-64,-8,5
-64,-8,5
-64,-8,5
-64,-7,5
-64,-8,5
-64,-7,5
-64,-8,5
-64,-8,5
-64,-7,5
-64,-7,5
-64,-8,5
-64,-7,5
-64,-8,5
-64,-8,5
-64,-7,5
-64,-9,4
-64,-8,5
-64,-7,6
-64,-7,5
-64,-8,5
-64,-8,4
-64,-8,5
-64,-8,5
-64,-7,5
-64,-7,5
-64,-8,5
-64,-8,5
-64,-8,5
-64,-8,5
-64,-8,5
-64,-8,5
-64,-8,5
-63,-7,5
-64,-8,5
-64,-8,5
-64,-9,5
-64,-7,5
-64,-7,5
-64,-7,5
-64,-8,5
-64,-8,5
-65,-8,5
-64,-7,6
-64,-7,6
-64,-8,5
-64,-8,5
-64,-8,5
-63,-8,5
-64,-8,5
-64,-8,5
-64,-7,5
-64,-8,5
-65,-8,5
-64,-8,4
-64,-8,5
-63,-8,5
-63,-8,5
-64,-8,5
-64,-8,5
-63,-7,6
-64,-9,4
-64,-8,5
-64,-9,5
-64,-7,6
-64,-7,6
-64,-8,5
-63,-7,6
-64,-9,4
-64,-8,5
-63,-8,5
-63,-7,5
-64,-8,5
-64,-8,5
-63,-8,5
-64,-9,5
-64,-7,5
-63,-7,5
-64,-7,5
-64,-8,5
-64,-8,6
-63,-7,5
-64,-9,4
-64,-8,5
-63,-8,5
-64,-8,5
-64,-8,5
-64,-8,5
-63,-8,5
-64,-8,5
-64,-8,5
-64,-8,5
-64,-7,6
-64,-8,5
-64,-8,5
-64,-8,5
-64,-8,5
-64,-8,5
-64,-8,5
-64,-8,5
-64,-8,5
-64,-8,5
-64,-8,5
-64,-8,5
-64,-8,5
-64,-7,6
-64,-8,5
-64,-8,5
-64,-8,5
-64,-7,6
-64,-8,5
-64,-8,5
-64,-8,5
-64,-8,5
-64,-8,5
-64,-7,5
-64,-8,5
-64,-8,5
-63,-7,5
-64,-8,5
-64,-8,5
-64,-8,5
-63,-7,6
-64,-8,5
-64,-7,5
-65,-9,5
-64,-7,6
-63,-8,5
-65,-8,5
-64,-8,5
-64,-8,5
-63,-7,5
-63,-8,5
-64,-7,5
-64,-9,5
-64,-8,5
-64,-8,5
-64,-8,5
-63,-7,5
-64,-8,5
-64,-8,5
-64,-7,5
-64,-7,5
-64,-8,5
-64,-8,5
-63,-7,6
-64,-8,5
-65,-8,5
-64,-8,5
-64,-8,5
-64,-8,5
-65,-8,5
-64,-8,5
-64,-7,6
-63,-7,6
-64,-8,4
-64,-9,5
-63,-7,6
-64,-7,5
-64,-8,5
-64,-8,5
-63,-8,5
-63,-8,5
-64,-7,5
-65,-8,5
-63,-8,5
-64,-7,5
-65,-8,5
-64,-8,5
-63,-8,5
-64,-8,5
-64,-8,5
-64,-8,5
-64,-8,5
-64,-7,5
-64,-7,6
-64,-9,5
-64,-8,5
-63,-7,5
-64,-7,5
-64,-8,5
-64,-7,5
-64,-8,5
-64,-8,5
-64,-8,5
-63,-7,5
-63,-7,5
-64,-7,5
-64,-8,5
-64,-8,5
-63,-7,5
-64,-7,4
-64,-8,4
-64,-8,5
-64,-8,5
-64,-7,5
-63,-7,5
-64,-8,4
-65,-8,4
-64,-8,5
-64,-8,5
-64,-7,5
-64,-8,5
-64,-7,5
-63,-7,5
-64,-7,4
-64,-7,5
-64,-7,5
-64,-7,5
-64,-7,5
-64,-7,5
-64,-8,5
-64,-7,5
-64,-8,4
-64,-8,5
-64,-7,5
-64,-7,5
-64,-8,5
-64,-8,5
-64,-7,5
-64,-7,5
-64,-8,5
-64,-8,5
-64,-8,5
-64,-8,5
-64,-8,5
-63,-7,5
-64,-9,4
-65,-7,5
-64,-8,5
-64,-8,5
-64,-8,5
-64,-8,5
-64,-8,5
-65,-8,5
-65,-8,5
-63,-7,6
-64,-7,5
-65,-8,5
-65,-9,5
-64,-7,5
-63,-8,5
-64,-7,6
-63,-7,6
-64,-8,5
-64,-8,5
-64,-8,5
-64,-7,6
-65,-8,5
-63,-8,5
-64,-8,5
-64,-8,5
-64,-8,5
-63,-7,6
-64,-8,5
-64,-8,5
-64,-8,5
-63,-7,6
-64,-7,6
-64,-8,4
-64,-8,5
-64,-8,5
-64,-8,5
-64,-8,5
-64,-7,5
-63,-8,5
-64,-8,5
-64,-8,5
-64,-7,5
-64,-8,5
-64,-7,5
-64,-8,4
-64,-8,5
-64,-8,5
-64,-7,6
-64,-8,5
-64,-8,4
-64,-7,5
-64,-7,5
-65,-8,5
-63,-7,5
-64,-8,5
-64,-8,6
-64,-8,5
-63,-7,5
-63,-7,5
-64,-9,4
-64,-8,5
-63,-7,5
-64,-7,5
-64,-8,5
-64,-9,5
-64,-7,5
-64,-7,5
-63,-8,5
-65,-8,6
-63,-8,5
-63,-8,5
-64,-7,6
-65,-8,5
-64,-8,5
-63,-8,5
-64,-7,5
-64,-8,5
-64,-8,5
-64,-8,5
-64,-8,5
-64,-8,5
-64,-8,5
-64,-7,5
-64,-8,5
-64,-8,5
-63,-7,5
-64,-8,5
-64,-9,5
-64,-7,6
-63,-7,5
-64,-9,5
-64,-8,5
-63,-8,5
-63,-7,5
-64,-8,5
-65,-9,5
-63,-7,6
-64,-7,5
-64,-8,5
-64,-7,5
-64,-9,4
-64,-8,5
-64,-8,5
-64,-7,6
-63,-7,5
-64,-8,5
-64,-8,5
-64,-8,5
-64,-8,5
-63,-7,5
-64,-6,5
-64,-8,4
-64,-8,5
-63,-6,6
-64,-6,6
-64,-8,4
-64,-8,5
-63,-7,5
-65,-7,5
-64,-8,5
-64,-7,5
-64,-8,5
-64,-7,5
-64,-7,5
-64,-7,5
-64,-8,4
-65,-7,5
-64,-7,5
-64,-7,5
-64,-7,4
-65,-8,4
-64,-7,5
-64,-7,5
-64,-7,5
-65,-7,4
-63,-7,5
-63,-7,4
-64,-7,4
-63,-8,5
-63,-7,5
-64,-7,4
-65,-8,4
-64,-8,5
-64,-8,5
-64,-7,5
-64,-7,5
-64,-8,5
-64,-8,4
-64,-7,5
-64,-7,5
-64,-8,5
-64,-8,5
-63,-7,5
-64,-8,5
-64,-8,5
-64,-8,5
-64,-8,5
-64,-8,5
-64,-8,5
-64,-8,5
-64,-8,5
-64,-8,5
-64,-8,5
-64,-8,5
-64,-7,5
-64,-8,5
-63,-8,5
-64,-8,5
-64,-8,5
-64,-7,6
-64,-8,5
-64,-9,4
-63,-8,5
-64,-8,5
-64,-8,5
-64,-8,5
-64,-8,5
-64,-7,5
-65,-8,5
-64,-8,6
-64,-7,6
-64,-8,5
-64,-7,5
-63,-8,4
-64,-7,5
-64,-8,5
-64,-8,5
-63,-8,5
-64,-7,5
-64,-8,5
-64,-8,5
-64,-7,5
-64,-8,5
-63,-8,5
-64,-8,5
-64,-8,5
-64,-8,5
-64,-8,5
-64,-8,5
-64,-8,5
-63,-8,5
-64,-8,5
-64,-7,6
-65,-8,5
-64,-8,5
-64,-8,5
-64,-7,6
-64,-8,5
-64,-8,5
-64,-8,5
-64,-7,5
-64,-8,5
-64,-8,5
-64,-8,5
-64,-8,5
-64,-8,5
-64,-8,5
-64,-8,5
-64,-8,5
-64,-8,5
-64,-8,5
-64,-8,5
-64,-8,5
-64,-7,5
-64,-7,5
-64,-8,5
-64,-8,5
-64,-8,5
-64,-7,5
-64,-8,5
-64,-8,5
-63,-7,5
-63,-7,5
-64,-7,5
-64,-7,5
-64,-8,5
-64,-8,5
-64,-8,5
-64,-8,5
-63,-7,6
-64,-8,5
-64,-7,5
-65,-8,5
-64,-8,5
-64,-7,5
-64,-7,4
-64,-7,5
-65,-8,5
-64,-7,5
-63,-6,6
-65,-8,4
-65,-8,4
-63,-7,5
-64,-7,5
-64,-7,5
-63,-8,5
-64,-8,4
-64,-8,4
-63,-7,5
-64,-7,5
-64,-7,5
-64,-8,4
-65,-8,4
-64,-7,5
-64,-7,5
-63,-6,6
-64,-8,4
-65,-9,4
-65,-8,5
-64,-6,6
-64,-8,5
-64,-8,4
-64,-9,5
-67,-8,5
-63,-8,4
-65,-8,4
-62,-7,4
-65,-8,5
-63,-7,5
-64,-8,5
-63,-7,5
-64,-8,5
-64,-7,5
-64,-8,5
-64,-8,5
-64,-8,5
-63,-7,5
-64,-8,5
-64,-8,5
-63,-8,5
-64,-8,5
-65,-7,5
-64,-8,5
-64,-7,5
-63,-8,5
-64,-7,5
-64,-8,5
-64,-8,5
-64,-8,5
-64,-8,5
-64,-8,5
-63,-8,6
-64,-8,5
-64,-8,4
-64,-8,6
-64,-8,5
-64,-8,5
-63,-7,5
-64,-8,5
-64,-9,5
-64,-7,5
-64,-8,5
-64,-8,5
-63,-7,5
-65,-8,5
-64,-8,5
-64,-8,5
-64,-8,5
-64,-8,5
-64,-8,5
-63,-7,6
-64,-7,5
-64,-8,5
-64,-8,5
-64,-8,5
-64,-8,5
-64,-8,4
-64,-7,6
-64,-8,5
-64,-8,5
-64,-8,5
-64,-7,6
-64,-8,5
-64,-7,5
-63,-7,6
-64,-8,5
-64,-8,5
-65,-8,4
-64,-8,5
-63,-8,5
-63,-7,5
-64,-7,5
-64,-8,5
-64,-8,5
-63,-7,5
-65,-8,5
-64,-8,5
-64,-8,5
-64,-8,5
-64,-7,5
-63,-7,6
-64,-7,4
-65,-8,5
-64,-7,5
-64,-8,4
-64,-8,5
-64,-7,5
-64,-8,4
-64,-7,5
-64,-8,5
-64,-7,5
-64,-7,5
-64,-7,5
-64,-8,5
-64,-7,5
-64,-8,5
-64,-7,5
-64,-7,4
-64,-8,5
-64,-8,5
-64,-7,5
-64,-7,5
-64,-7,5
-64,-7,5
-64,-8,5
-64,-7,4
-64,-7,5
-64,-7,5
-64,-8,4
-64,-7,5
-64,-7,5
-64,-7,5
-64,-7,5
-64,-8,5
-64,-8,5
-64,-7,5
-64,-7,5
-64,-8,5
-64,-8,5
-64,-7,5
-64,-8,5
-64,-8,5
-63,-7,5
-64,-7,5
-64,-8,5
-64,-8,5
-64,-8,5
-64,-8,5
-64,-8,5
-64,-7,5
-64,-8,5
-64,-8,5
-64,-8,5
-64,-8,5
-64,-8,5
-64,-8,5
-64,-8,5
-64,-7,5
-64,-8,5
-64,-8,5
-64,-7,5
-64,-8,5
-64,-8,5
-64,-8,5
-63,-7,6
-64,-7,6
-64,-9,4
-63,-8,5
-63,-7,5
-64,-7,6
-65,-8,6
-64,-8,5
-63,-8,5
-63,-7,5
-64,-8,5
-64,-8,5
-64,-8,5
-63,-8,5
-64,-8,5
-64,-8,5
-64,-7,5
-64,-8,5
-64,-8,5
-64,-8,5
-64,-8,5
-64,-8,5
-64,-8,5
-64,-8,5
-64,-8,5
-64,-8,5
-64,-8,5
-64,-8,5
-64,-7,5
-64,-8,5
-64,-7,5
-65,-8,5
-64,-8,5
-64,-8,5
-63,-7,5
-64,-8,5
-64,-8,5
-64,-8,5
-63,-8,5
-65,-8,5
-64,-8,5
-64,-8,5
-63,-7,6
-64,-8,6
-64,-8,5
-64,-8,5
-64,-8,5
-64,-8,5
-63,-7,5
-64,-8,5
-64,-7,6
-64,-8,5
-64,-7,5
-64,-8,5
-64,-8,5
-64,-7,5
-64,-8,5
-64,-8,5
-64,-8,5
-64,-8,5
-64,-7,5
-64,-7,5
-64,-7,5
-64,-8,5
-64,-7,5
-64,-7,5
-64,-8,5
-65,-8,5
-65,-7,6
-64,-7,6
-65,-9,7
-66,-7,7
-65,-9,8
-67,-10,7
-69,-12,10
-70,-11,11
-69,-12,12
-67,-16,12
-63,-16,13
-63,-17,28
-62,-17,29
-56,-16,29
-52,-16,29
-61,-14,30
-62,-13,33
-11,-19,46
-8,-17,55
-54,-11,41
-52,-16,29
-61,-14,30
-62,-13,33
-11,-19,46
-8,-17,55
-54,-11,41
-48,-10,39
-8,-7,55
-11,-6,53
-1,-4,59
6,-5,62
15,-5,67
9,-6,63
12,-9,60
17,-8,61
13,-7,61
10,-6,60
10,-10,59
11,-11,60
18,-10,62
22,-10,61
18,-4,62
17,-7,61
19,-8,61
17,-2,58
18,-4,61
24,-2,63
28,-3,61
21,3,60
24,0,61
25,1,55
30,1,55
28,-2,53
24,0,54
28,2,56
28,3,55
30,6,61
31,6,65
28,3,65
30,-2,66
14,3,55
28,3,61
13,-13,50
19,-4,58
15,-7,57
16,-8,60
19,-4,63
16,-7,60
3,-13,59
1,-9,62
-3,-14,57
-9,-14,55
-20,-18,50
-26,-21,53
-17,-17,50
-24,-24,44
-40,-27,43
-52,-31,31
-58,-31,31
-72,-19,40
-51,-20,32
-51,-15,24
-58,-14,22
-63,-12,18
-61,-12,18
-69,-9,8
-68,-7,16
-68,-14,14
-66,-14,7
-62,-17,-1
-61,-17,1
-60,-17,3
-57,-16,5
-59,-10,9
-59,-13,8
-58,-17,-1
-66,-13,-12
-67,-13,-9
-71,-7,-5
-64,-7,1
-72,-5,4
-72,-6,1
-71,-10,-5
-74,-12,-8
-64,-19,-10
-61,-19,-4
-63,-15,6
-48,-15,11
-57,-13,2
-67,-13,0
-61,-6,4
-60,-5,7
-59,1,12
-55,0,14
-55,-3,14
-60,-5,12
-76,-11,4
-81,-11,0
-74,-6,-5
-66,-9,-4
-59,-13,-3
-61,-10,3
-63,-8,5
-62,-7,6
-62,-7,4
-66,-7,1
-69,-8,0
-65,-6,0
-63,-7,1
-64,-8,1
-65,-8,2
-64,-7,1
-65,-7,1
-63,-8,2
-64,-7,3
-63,-8,2
-64,-8,2
-63,-8,3
-62,-8,3
-66,-8,4
-65,-7,5
-64,-7,1
-64,-8,1
-64,-8,3
-64,-7,4
-64,-8,1
-64,-8,2
-64,-7,3
-64,-7,3
-64,-8,2
-64,-7,3
-64,-8,2
-64,-8,1
-64,-8,2
-64,-7,3
-64,-8,2
-64,-8,2
-64,-8,2
-64,-7,2
-64,-8,2
-65,-7,2
-64,-8,2
-64,-7,2
-64,-8,2
-64,-8,2
-64,-8,2
-64,-7,2
-64,-7,2
-64,-8,2
-64,-8,2
-64,-8,2
-64,-8,2
-64,-8,2
-64,-8,2
-64,-8,2
-64,-7,2
-64,-8,2
-64,-8,2
-64,-7,2
-64,-8,1
-64,-8,2
-64,-5,4
-66,-9,1
-64,-9,1
-64,-8,1
-65,-7,3
-65,-7,4
-63,-8,2
-64,-8,0
-65,-8,2
-64,-7,3
-64,-7,2
-64,-7,1
-64,-8,2
-64,-8,2
-64,-7,2
-64,-7,2
-65,-8,1
-65,-9,1
-63,-6,3
-64,-7,3
-65,-8,1
-64,-8,2
-64,-7,2
-64,-7,2
-65,-7,2
-64,-8,1
-64,-7,1
-65,-7,2
-64,-7,2
-64,-8,1
-64,-7,1
-64,-7,2
-64,-7,2
-64,-7,2
-64,-7,2
-64,-8,1
-64,-8,1
-63,-7,1
-64,-7,2
-65,-8,2
-64,-8,2
-64,-7,1
-64,-7,1
-64,-7,2
-64,-7,2
-64,-7,2
-64,-7,1
-64,-8,1
-64,-8,2
-65,-7,2
-64,-7,1
-65,-7,1
-64,-8,2
-64,-8,1
-63,-8,2
-63,-9,3
-63,-8,4
-64,-8,2
-64,-8,2
-64,-8,1
-64,-8,2
-64,-8,2
-64,-8,3
-64,-9,2
-65,-8,2
-65,-7,2
-68,-8,3
-65,-9,3
-68,-9,1
-69,-10,2
-63,-9,10
-62,-7,22
-62,-12,18
-58,-8,17
-57,-10,30
-53,-14,32
-47,-7,40
-57,-4,35
-53,-12,24
-58,-15,23
-61,-18,20
-55,-19,15
-55,-20,11
-62,-19,5
-62,-19,2
-60,-19,-1
-65,-22,-3
-63,-19,-3
-67,-18,-1
-68,-17,3
-64,-18,6
-61,-17,8
-59,-18,8
-56,-20,9
-58,-20,15
-55,-19,24
-42,-18,31
-52,-20,41
-53,-18,41
-51,-12,36
-56,-13,31
-59,-12,24
-63,-14,19
-63,-16,14
-58,-16,16
-58,-17,18
-58,-17,14
-61,-17,10
-56,-17,11
-56,-19,14
-65,-13,18
-60,-11,24
-56,-9,36
-57,-11,38
-65,-6,34
-65,-9,33
-53,-11,43
-47,-13,47
-38,-20,46
-40,-21,44
-36,-21,39
-34,-20,40
-34,-17,37
-35,-16,38
-42,-12,48
-36,-10,54
-43,-8,48
-44,-8,50
-46,-19,55
-39,-19,54
-30,-20,48
-31,-19,48
-39,-18,52
-44,-18,46
-39,-17,46
-37,-18,54
-40,-15,53
-37,-18,48
-36,-18,47
-42,-21,50
-37,-23,51
-24,-23,54
-17,-24,56
-16,-22,57
-16,-23,56
-8,-21,56
-5,-20,56
-2,-22,53
1,-22,54
6,-19,58
5,-19,57
7,-17,60
9,-16,62
12,-14,64
14,-12,64
10,-16,62
11,-17,62
14,-16,64
12,-17,62
14,-16,63
13,-14,64
6,-17,61
7,-17,60
7,-17,60
8,-18,60
8,-18,60
5,-18,61
6,-18,61
5,-17,60
4,-17,60
4,-18,61
5,-17,62
4,-17,61
4,-17,62
5,-16,61
5,-16,61
5,-17,62
4,-17,62
5,-17,61
4,-16,61
5,-17,61
5,-17,61
5,-17,61
6,-17,61
4,-17,60
5,-17,62
7,-16,61
6,-17,61
5,-17,62
6,-17,61
6,-17,62
5,-16,61
5,-16,61
6,-16,61
5,-16,62
7,-16,60
7,-16,61
9,-15,62
8,-15,61
8,-15,61
7,-14,61
9,-14,62
9,-12,61
13,-17,61
11,-17,60
8,-11,61
9,-13,63
12,-12,62
11,-13,61
8,-14,61
13,-12,62
14,-15,60
10,-15,59
11,-13,62
13,-12,62
12,-14,61
13,-15,62
10,-14,61
12,-10,65
18,-13,65
4,-21,49
8,-17,56
15,-16,62
18,-16,62
-6,-14,59
-6,-19,58
5,-16,62
-21,-14,57
-26,-20,56
-22,-16,57
-34,-16,56
-31,-16,57
-27,-16,57
-31,-17,56
-30,-18,54
-28,-18,54
-29,-21,54
-27,-22,53
-29,-21,51
-30,-20,53
-29,-20,53
-25,-21,54
-21,-23,56
-25,-22,55
-26,-22,55
-26,-21,55
-26,-21,55
-29,-22,54
-30,-21,53
-29,-24,52
-26,-24,52
-22,-26,51
-23,-25,52
-26,-24,54
-26,-23,54
-26,-24,55
-26,-24,54
-23,-26,51
-22,-27,51
-24,-25,52
-25,-26,52
-24,-24,54
-25,-23,55
-25,-23,54
-25,-23,54
-26,-24,54
-25,-24,53
-25,-23,54
-27,-23,54
-27,-23,54
-27,-23,54
-26,-22,54
-26,-22,54
-27,-23,54
-25,-22,54
-26,-22,54
-27,-22,54
-26,-22,54
-26,-23,54
-26,-23,53
-27,-22,54
-28,-21,54
-27,-22,54
-28,-22,54
-26,-22,53
-26,-22,54
-26,-22,54
-26,-22,54
-27,-22,54
-27,-22,54
-27,-22,54
-27,-22,54
-27,-22,54
-27,-23,54
-27,-22,53
-27,-22,54
-28,-22,54
-28,-22,53
-28,-23,53
-26,-22,53
-27,-24,52
-26,-23,53
-26,-23,53
-27,-23,54
-26,-22,54
-28,-23,53
-28,-22,53
-28,-22,54
-27,-22,53
-28,-23,52
-28,-23,53
-28,-23,53
-27,-23,53
-27,-22,54
-28,-22,54
-27,-22,54
-28,-22,53
-29,-23,53
-28,-22,54
-28,-23,52
-27,-23,52
-27,-23,53
-27,-23,53
-27,-23,53
-28,-22,53
-27,-22,53
-27,-22,54
-28,-22,53
-28,-23,53
-27,-22,54
-28,-22,53
-29,-22,53
-28,-22,53
-28,-23,53
-28,-22,53
-28,-22,53
-28,-22,53
-28,-23,53
-28,-23,53
-27,-22,53
-28,-22,53
-28,-23,53
-28,-22,53
-28,-22,54
-28,-22,53
-28,-22,53
-28,-22,53
-27,-22,53
-27,-22,53
-27,-22,54
-29,-22,53
-28,-23,53
-27,-22,53
-27,-23,53
-28,-23,53
-29,-22,53
-28,-22,53
-27,-23,53
-27,-23,53
-27,-23,53
-28,-22,54
-27,-22,53
-28,-22,54
-29,-21,53
-27,-23,53
-27,-22,54
-28,-22,55
-24,-23,52
-23,-23,54
-25,-23,54
-26,-23,54
-26,-22,54
-25,-23,53
-24,-23,55
-26,-22,55
-28,-22,52
-26,-23,54
-27,-22,54
-27,-22,54
-27,-22,54
-29,-21,53
-30,-21,54
-33,-20,53
-30,-21,54
-26,-22,53
-30,-22,51
-29,-21,53
-27,-22,54
-30,-21,53
-32,-21,51
-32,-22,53
-29,-21,53
-29,-21,53
-29,-21,52
-28,-22,53
-28,-22,53
-28,-21,55
-28,-22,53
-31,-21,50
-31,-22,51
-30,-21,52
-31,-21,52
-33,-20,52
-34,-20,52
-34,-19,53
-35,-19,52
-34,-20,52
-32,-19,52
-29,-21,52
-33,-20,52
-34,-20,52
-32,-20,52
-31,-21,52
-27,-22,52
-29,-21,52
-34,-20,51
-33,-20,51
-29,-21,53
-28,-21,53
-30,-21,51
-29,-22,51
-33,-21,52
-33,-20,53
-32,-19,51
-32,-20,52
-36,-19,52
-34,-20,51
-32,-19,52
-31,-19,53
-33,-20,53
-32,-20,52
-31,-20,53
-32,-20,53
-33,-20,51
-34,-20,51
-33,-21,51
-35,-20,50
-34,-20,51
-34,-20,51
-35,-20,51
-35,-20,51
-35,-20,50
-32,-21,51
-30,-22,52
-35,-21,49
-32,-21,50
-29,-21,54
-32,-21,52
-33,-21,51
-35,-21,50
-35,-21,49
-32,-21,49
-31,-21,51
-32,-20,53
-32,-19,53
-32,-18,54
-31,-17,55
-31,-18,54
-30,-17,55
-33,-18,54
-36,-18,53
-35,-16,52
-36,-20,53
-33,-18,51
-34,-17,50
-35,-18,52
-34,-18,53
-33,-17,51
-36,-17,50
-36,-17,52
-34,-18,52
-34,-17,51
-35,-17,51
-35,-18,51
-34,-18,52
-35,-18,51
-34,-18,51
-34,-17,51
-34,-18,51
-34,-18,52
-34,-18,51
-34,-18,51
-34,-18,51
-35,-18,51
-35,-17,51
-34,-17,51
-34,-17,51
-35,-18,51
-35,-18,51
-34,-18,51
-34,-17,51
-35,-18,51
-34,-17,53
-34,-18,51
-34,-18,51
-34,-18,51
-34,-18,51
-34,-18,51
-34,-18,52
-34,-18,51
-35,-18,51
-35,-18,50
-35,-18,50
-35,-18,51
-34,-18,51
-33,-18,51
-35,-18,51
-35,-18,51
-35,-18,51
-35,-18,51
-34,-18,51
-34,-18,51
-35,-18,51
-34,-18,51
-34,-18,51
-34,-18,52
-35,-18,51
-35,-18,50
-32,-19,53
-33,-19,51
-31,-19,51
-33,-20,49
-31,-20,53
-35,-19,54
-31,-20,53
-26,-21,54
-30,-22,52
-22,-24,50
-18,-21,54
-21,-19,58
-22,-20,55
-12,-20,60
-10,-19,62
-17,-18,60
-16,-19,58
-9,-18,62
-12,-16,63
-10,-17,61
-6,-16,63
-9,-15,63
-8,-16,62
-8,-15,63
-8,-16,61
-12,-17,62
-11,-16,61
-7,-17,60
-9,-16,60
-8,-16,60
-13,-16,61
-10,-15,60
-9,-15,63
-10,-15,62
-5,-15,61
-5,-14,62
-8,-13,62
-7,-13,62
-5,-13,64
-4,-13,63
-5,-12,63
-4,-13,62
-4,-13,63
-4,-12,62
-4,-13,63
-4,-13,63
-4,-14,62
-5,-13,63
-6,-13,62
-5,-14,63
-6,-14,62
-4,-13,62
-5,-13,62
-6,-14,62
-5,-13,62
-6,-14,62
-6,-13,62
-5,-14,62
-5,-13,62
-5,-13,62
-5,-13,62
-6,-13,62
-6,-13,62
-6,-13,62
-5,-13,62
-6,-13,62
-6,-13,62
-6,-13,63
-6,-13,62
-6,-13,62
-6,-13,62
-6,-13,62
-6,-13,62
-6,-13,62
-6,-13,62
-6,-13,62
-6,-13,62
-7,-13,62
-7,-13,63
-6,-13,62
-6,-13,62
-6,-14,61
-6,-13,62
-6,-13,62
-6,-13,63
-7,-13,62
-6,-13,62
-6,-13,62
-6,-13,62
-7,-13,62
-9,-13,62
-7,-13,62
-6,-13,62
-7,-13,62
-6,-13,62
-7,-13,62
-6,-13,62
-8,-13,62
-6,-13,62
-6,-13,62
-8,-13,62
-6,-13,62
-6,-13,62
-8,-13,62
-8,-13,62
-6,-13,62
-8,-12,63
-8,-12,62
-7,-13,62
-8,-14,61
-9,-14,61
-7,-14,62
-8,-13,62
-9,-13,62
-7,-13,63
-12,-12,62
-10,-13,62
-11,-14,61
-12,-14,61
-9,-14,62
-11,-14,61
-11,-14,61
-10,-13,62
-13,-13,61
-13,-15,60
-11,-14,61
-12,-14,61
-12,-14,61
-9,-13,63
-11,-12,63
-13,-13,62
-11,-13,62
-11,-13,62
-16,-15,60
-15,-15,60
-16,-15,61
-17,-14,60
-17,-16,58
-16,-16,60
-20,-16,58
-17,-15,61
-17,-14,62
-20,-14,60
-20,-14,59
-25,-17,55
-24,-18,54
-25,-17,55
-25,-17,55
-24,-16,57
-23,-17,57
-22,-16,58
-22,-16,58
-21,-16,58
-22,-16,57
-22,-16,58
-20,-15,58
-20,-15,59
-20,-16,58
-16,-15,60
-15,-13,61
-15,-13,61
-15,-14,60
-14,-13,62
-12,-13,63
-11,-13,62
-9,-13,62
-7,-13,63
-9,-13,62
-10,-13,63
-5,-13,62
-6,-13,63
-10,-14,61
-7,-14,62
-9,-13,61
-10,-14,61
-9,-13,62
-10,-13,63
-9,-14,62
-7,-14,62
-10,-14,61
-9,-14,61
-9,-13,63
-10,-13,63
-10,-13,62
-10,-13,62
-10,-13,61
-10,-13,61
-11,-13,62
-10,-13,62
-10,-13,61
-10,-12,62
-10,-13,62
-9,-13,62
-9,-12,62
-9,-12,62
-9,-12,62
-10,-12,62
-10,-12,62
-10,-12,62
-10,-12,62
-10,-12,61
-10,-12,62
-10,-12,62
-9,-12,62
-10,-12,63
-11,-11,62
-9,-12,62
-8,-12,62
-10,-11,61
-7,-11,63
-10,-11,62
-9,-9,63
-5,-11,62
-4,-11,62
-5,-8,63
-7,-12,60
-6,-9,65
-10,-8,61
-3,-9,64
-2,-5,65
-1,-5,67
-6,-10,59
-5,-12,62
-3,-10,62
-2,-9,64
-1,-7,65
0,-7,66
1,-9,71
-4,-9,69
-12,-4,62
12,3,70
-19,-23,50
-8,-14,60
-10,-16,58
-9,-16,60
-16,-14,61
-16,-14,61
-14,-14,62
-15,-14,61
-13,-14,61
-12,-14,60
-14,-15,61
-13,-15,61
-13,-15,60
-15,-15,59
-13,-15,61
-14,-15,60
-13,-14,61
-12,-15,62
-13,-15,61
-13,-15,60
-14,-15,61
-13,-15,61
-14,-15,61
-14,-15,60
-13,-15,61
-14,-15,61
-14,-15,61
-13,-15,61
-14,-15,61
-13,-15,60
-14,-15,60
-15,-15,60
-14,-15,61
-12,-15,61
-14,-15,61
-12,-14,61
-11,-14,62
-15,-15,61
-13,-15,61
-20,-13,60
-24,-15,57
-17,-16,60
-21,-16,58
-20,-15,58
-18,-14,61
-19,-15,60
-16,-16,59
-16,-16,58
-13,-17,59
-12,-16,60
-31,-13,55
-39,-13,51
-38,-15,52
-37,-14,54
-37,-12,54
-39,-13,50
-34,-15,52
-30,-16,52
-32,-16,51
-33,-16,53
-31,-12,55
-32,-12,55
-35,-12,54
-34,-13,54
-29,-12,53
-29,-12,57
-37,-11,53
-35,-11,54
-36,-10,53
-36,-11,53
-36,-12,53
-35,-12,53
-36,-11,52
-36,-12,52
-36,-12,52
-36,-12,52
-35,-12,53
-35,-11,52
-35,-12,52
-37,-11,52
-37,-11,52
-36,-12,51
-37,-12,52
-36,-11,52
-37,-12,51
-36,-12,52
-36,-12,52
-37,-12,52
-37,-11,52
-36,-12,52
-36,-12,52
-37,-12,52
-37,-11,52
-36,-11,52
-37,-12,51
-37,-11,52
-36,-12,52
-36,-12,52
-36,-12,52
-36,-12,52
-36,-11,52
-37,-12,51
-36,-12,52
-36,-11,52
-37,-11,51
-37,-11,52
-35,-12,52
-37,-12,51
-37,-12,52
-36,-11,52
-37,-12,51
-38,-11,51
-36,-11,52
-37,-11,51
-37,-11,51
-36,-11,52
-37,-12,51
-37,-12,52
-35,-12,52
-36,-12,51
-39,-11,52
-35,-11,52
-38,-12,51
-38,-11,51
-36,-11,51
-38,-12,51
-36,-12,52
-37,-12,51
-38,-11,50
-36,-11,52
-36,-12,52
-37,-11,51
-36,-11,51
-38,-12,52
-37,-12,52
-36,-11,51
-37,-11,51
-37,-12,51
-37,-11,52
-36,-11,52
-36,-12,52
-39,-11,51
-37,-12,51
-36,-12,52
-38,-11,51
-37,-11,51
-36,-11,52
-37,-11,51
-36,-11,52
-38,-12,50
-39,-11,51
-36,-12,52
-39,-12,50
-37,-11,51
-37,-11,52
-38,-12,51
-37,-11,51
-38,-11,50
-37,-11,52
-35,-11,52
-39,-11,50
-38,-11,51
-37,-11,52
-37,-12,52
-36,-11,51
-38,-12,50
-38,-11,52
-36,-11,52
-38,-11,50
-39,-11,51
-36,-11,52
-37,-12,52
-36,-11,51
-37,-11,51
-38,-12,52
-36,-11,52
-39,-11,51
-39,-11,51
-37,-11,52
-35,-12,52
-38,-11,52
-36,-10,52
-37,-11,51
-38,-11,52
-39,-11,52
-35,-11,52
-38,-12,50
-40,-14,47
-38,-14,48
-42,-12,49
-43,-11,49
-43,-11,48
-42,-11,49
-40,-13,49
-41,-13,46
-47,-13,43
-45,-12,44
-45,-13,43
-45,-13,41
-46,-13,44
-47,-13,44
-49,-13,41
-47,-13,41
-48,-13,41
-47,-13,39
-46,-13,40
-47,-14,38
-53,-15,31
-53,-14,37
-54,-7,45
-44,-9,51
-33,-10,55
-34,-12,55
-34,-13,53
-23,-13,57
-33,-15,52
-35,-13,53
-37,-14,49
-39,-13,50
-37,-13,51
-38,-12,49
-39,-12,49
-43,-13,48
-42,-12,47
-40,-11,49
-39,-13,50
-42,-13,47
-42,-12,48
-39,-12,49
-39,-12,49
-40,-12,49
-41,-12,48
-41,-12,48
-41,-12,49
-40,-12,50
-39,-13,48
-40,-12,48
-41,-12,48
-40,-12,48
-41,-12,48
-41,-12,48
-42,-12,48
-41,-12,48
-40,-12,48
-41,-12,48
-42,-12,48
-41,-12,48
-40,-12,49
-40,-12,48
-43,-12,47
-41,-12,48
-41,-12,48
-42,-12,48
-40,-12,48
-41,-12,48
-41,-12,48
-41,-12,48
-42,-12,47
-43,-12,47
-40,-12,49
-41,-12,48
-42,-11,47
-41,-12,48
-42,-13,47
-40,-12,48
-41,-12,47
-42,-12,47
-41,-12,48
-42,-12,48
-41,-11,48
-42,-12,48
-43,-12,47
-39,-12,49
-41,-12,47
-43,-12,47
-40,-12,48
-42,-12,48
-41,-12,48
-42,-12,47
-43,-12,47
-40,-12,49
-41,-12,47
-42,-11,47
-42,-12,48
-41,-12,48
-41,-11,48
-42,-12,47
-43,-12,47
-40,-12,48
-41,-12,47
-43,-12,47
-41,-12,48
-42,-12,48
-42,-12,47
-42,-12,47
-41,-12,48
-40,-12,48
-43,-12,47
-42,-12,48
-41,-12,48
-41,-12,48
-42,-12,47
-43,-12,47
-40,-12,49
-42,-12,47
-42,-12,47
-41,-12,48
-42,-12,48
-41,-11,48
-43,-12,47
-42,-12,48
-41,-12,48
-42,-12,47
-41,-12,47
-42,-12,47
-41,-12,48
-41,-12,48
-43,-12,47
-41,-12,47
-43,-12,47
-41,-12,47
-42,-12,47
-41,-12,48
-41,-12,48
-42,-11,47
-42,-12,48
-40,-13,47
-41,-14,44
-44,-11,47
-42,-11,49
-42,-11,47
-43,-11,46
-42,-11,47
-42,-12,47
-43,-11,47
-43,-10,47
-42,-11,47
-43,-11,47
-42,-11,47
-42,-10,47
-42,-10,47
-41,-10,48
-44,-11,45
-47,-10,45
-46,-9,49
-42,-9,48
-44,-9,43
-50,-10,43
-50,-11,41
-44,-12,45
-43,-10,45
-52,-10,43
-44,-9,44
-49,-13,40
-48,-14,39
-48,-13,38
-56,-10,34
-50,-10,37
-51,-9,32
-57,-11,25
-59,-12,23
-60,-10,19
-60,-11,16
-64,-11,14
-65,-11,13
-61,-10,11
-64,-10,11
-65,-11,13
-64,-11,12
-61,-10,9
-61,-12,9
-61,-12,11
-60,-11,12
-63,-9,13
-63,-10,10
-66,-9,8
-64,-7,9
-64,-9,9
-64,-9,7
-64,-9,7
-64,-7,7
-64,-8,7
-64,-9,6
-64,-8,7
-64,-7,5
-64,-7,6
-64,-9,6
-63,-8,6
-64,-8,7
-63,-8,7
-62,-7,5
-65,-9,2
-64,-7,2
-64,-8,4
-62,-8,-1
-64,-8,-4
-66,-9,-5
-65,-8,-5
-65,-9,-13
-64,-11,-13
-62,-13,-12
-61,-15,-18
-58,-14,-15
-63,-12,-10
-63,-13,-11
-52,-13,-11
-56,-12,-8
-66,-10,-8
-68,-11,-8
-64,-9,-12
-63,-11,-14
-64,-12,-15
-68,-10,-15
-61,-13,-3
-64,-11,2
-66,-11,-1
-70,-11,-1
-51,-15,13
-44,-10,20
-71,-9,21
-71,-10,19
-36,-13,38
-41,-10,37
-58,-10,40
-52,-10,36
-58,-9,30
-59,-11,26
-63,-13,22
-58,-12,18
-62,-11,18
-60,-12,24
-60,-12,21
-61,-9,27
-58,-12,26
-54,-13,29
-58,-13,25
-54,-11,32
-59,-13,26
-56,-13,28
-58,-13,28
-55,-14,26
-57,-14,24
-58,-13,27
-56,-13,29
-56,-14,26
-55,-14,28
-58,-13,31
-60,-13,28
-59,-13,33
-58,-13,34
-42,-12,42
-38,-15,45
-51,-15,39
-55,-15,36
-49,-15,39
-43,-14,42
-44,-14,44
-49,-16,42
-45,-15,42
-46,-14,42
-43,-16,44
-42,-15,46
-39,-15,46
-44,-14,47
-46,-15,47
-45,-14,43
-42,-16,42
-43,-15,50
-48,-15,49
-40,-14,44
-37,-15,44
-42,-17,46
-43,-14,51
-35,-14,45
-24,-17,41
-54,-14,46
-58,-10,41
-54,-10,29
-53,-12,25
-66,-16,15
-67,-12,14
-61,-13,13
-54,-14,17
-65,-10,15
-68,-12,3
-61,-12,4
-71,-9,8
-64,-10,10
-50,-13,22
-65,-9,9
-62,-12,9
-55,-13,17
-64,-11,11
-62,-14,12
-64,-9,16
-68,-6,19
-57,-12,16
-62,-11,15
-61,-10,21
-48,-13,28
-68,-10,18
-72,-10,12
-50,-13,23
-56,-10,28
-62,-9,22
-55,-11,20
-59,-13,25
-52,-11,32
-54,-9,32
-61,-8,15
-56,-13,14
-69,-4,16
-74,-6,10
-55,-6,20
-61,-6,10
-66,-13,-10
-64,-11,-4
-63,-8,2
-67,-5,1
-64,-11,-3
-67,-9,3
-66,-7,4
-61,-7,10
-68,-8,3
-65,-7,3
-62,-10,8
-70,-9,9
-66,-6,10
-61,-6,14
-69,-7,15
-61,-8,17
-53,-12,14
-61,-13,15
-60,-5,27
-63,-5,21
-58,-11,11
-56,-10,12
-67,-8,9
-63,-7,6
-63,-8,-2
-64,-10,-2
-62,-8,1
-70,-10,-9
-67,-10,-6
-64,-8,5
-68,-8,4
-62,-7,-3
-60,-12,5
-64,-9,9
-58,-12,4
-70,-10,-1
-72,-9,5
-52,-11,14
-55,-9,13
-61,-7,12
-54,-11,18
-67,-7,14
-67,-11,14
-57,-7,21
-52,-13,4
-71,-9,11
-61,-6,18
-66,-9,9
-66,-11,12
-62,-8,19
-60,-8,18
-60,-8,11
-62,-10,14
-66,-10,9
-63,-10,4
-59,-10,10
-66,-10,5
-65,-9,7
-67,-8,5
-68,-8,4
-75,-12,-2
-72,-11,1
-44,-9,24
-48,-8,30
-64,-9,26
-55,-9,31
-55,-10,35
-57,-10,34
-58,-8,37
-79,-8,29
-21,-14,51
-48,-13,44
-29,-13,50
-32,-12,56
-27,-12,55
-27,-11,55
-17,-13,59
-12,-13,61
-15,-12,62
-14,-12,61
-17,-13,60
-19,-15,51
-17,-14,52
-40,-7,48
-66,-9,38
-54,-9,42
-54,-7,39
-60,-5,31
-59,-5,32
-52,-8,35
-54,-8,36
-55,-6,36
-55,-6,37
-55,-9,35
-46,-10,37
-54,-9,36
-50,-9,36
-49,-10,35
-51,-10,37
-52,-9,37
-54,-9,35
-53,-8,33
-53,-8,33
-57,-7,36
-57,-7,36
-58,-7,34
-48,-9,40
-50,-10,39
-50,-10,40
-48,-10,40
-49,-10,40
-49,-10,40
-52,-9,37
-53,-9,35
-50,-10,41
-48,-10,45
-50,-11,39
-51,-11,39
-46,-13,37
-49,-13,33
-50,-12,40
-51,-10,43
-48,-11,37
-51,-11,35
-52,-11,37
-52,-11,41
-48,-11,39
-49,-11,39
-50,-10,39
-50,-11,37
-48,-11,40
-48,-11,42
-49,-11,39
-48,-11,41
-50,-11,40
-50,-11,40
-49,-11,40
-49,-11,40
-47,-11,41
-50,-11,40
-50,-11,40
-49,-11,40
-48,-11,40
-50,-11,40
-49,-11,40
-48,-11,41
-48,-11,40
-50,-11,40
-48,-11,41
-49,-11,40
-49,-11,40
-49,-11,41
-48,-11,40
-49,-11,40
-50,-11,40
-48,-11,41
-48,-11,41
-49,-11,41
-49,-11,41
-50,-11,40
-48,-11,41
-49,-11,40
-48,-11,41
-48,-11,41
-49,-11,41
-48,-11,41
-49,-11,41
-48,-11,40
-49,-11,40
-50,-11,41
-48,-11,41
-49,-11,40
-50,-11,41
-48,-11,41
-49,-10,41
-48,-11,41
-49,-11,41
-49,-11,41
-49,-11,41
-49,-11,41
-48,-11,40
-49,-11,41
-48,-11,41
-48,-11,41
-49,-11,40
-49,-11,41
-49,-11,40
-49,-11,41
-49,-11,41
-49,-11,41
-48,-11,41
-49,-11,41
-49,-11,41
-49,-11,40
-49,-11,40
-48,-11,41
-49,-11,40
-49,-11,41
-48,-11,40
-49,-11,40
-48,-11,41
-49,-11,40
-49,-11,40
-49,-11,41
-48,-11,41
-49,-11,41
-49,-11,40
-48,-11,41
-48,-11,41
-49,-11,40
-49,-11,40
-48,-11,41
-48,-11,41
-50,-11,40
-48,-11,41
-48,-11,41
-50,-11,40
-49,-11,40
-49,-11,41
-49,-11,41
-50,-11,40
-49,-11,40
-48,-11,41
-50,-11,40
-48,-11,41
-49,-11,41
-48,-11,40
-49,-11,41
-50,-11,40
-49,-11,41
-49,-11,40
-49,-11,40
-50,-11,40
-49,-11,41
-49,-11,41
-49,-11,40
-48,-11,41
-49,-11,40
-49,-10,41
-50,-11,40
-49,-11,40
-49,-10,40
-50,-11,40
-48,-11,41
-48,-11,40
-50,-10,40
-49,-11,40
-49,-11,40
-49,-10,40
-50,-11,40
-50,-10,40
-49,-11,40
-49,-11,40
-49,-11,40
-49,-11,40
-49,-10,40
-49,-11,39
-48,-11,40
-50,-10,40
-49,-10,40
-50,-10,40
-49,-11,40
-48,-11,41
-49,-10,41
-49,-11,40
-49,-10,41
-48,-11,40
-50,-11,40
-49,-11,40
-49,-10,40
-49,-11,40
-49,-11,40
-49,-10,41
-48,-11,41
-50,-11,40
-49,-10,40
-49,-11,40
-49,-10,40
-49,-11,41
-49,-11,40
-48,-10,41
-49,-11,40
-49,-11,40
-48,-11,41
-49,-11,40
-49,-10,41
-48,-11,42
-49,-11,40
-49,-11,41
-49,-11,40
-49,-10,40
-49,-11,40
-49,-11,41
-48,-11,41
-50,-11,40
-49,-11,41
-49,-11,40
-50,-11,41
-49,-11,40
-49,-10,41
-49,-11,39
-48,-11,42
-49,-11,40
-49,-11,40
-50,-10,40
-49,-11,41
-48,-11,41
-49,-11,40
-50,-11,40
-48,-11,41
-49,-11,40
-49,-11,41
-49,-11,40
-49,-11,40
-48,-10,41
-50,-11,40
-50,-11,40
-49,-11,40
-50,-11,40
-49,-11,40
-49,-11,40
-49,-10,40
-48,-11,41
-50,-10,40
-48,-10,41
-49,-11,40
-49,-11,40
-49,-11,41
-50,-11,41
-48,-11,41
-50,-11,40
-49,-11,41
-49,-11,40
-50,-11,39
-49,-11,41
-49,-11,40
-49,-11,40
-49,-10,40
-47,-11,40
-50,-10,40
-49,-11,40
-50,-11,40
-49,-11,40
-50,-10,40
-48,-11,41
-49,-11,40
-49,-10,41
-48,-10,40
-50,-11,40
-49,-11,41
-49,-11,40
-48,-11,41
-49,-11,41
-49,-10,41
-48,-11,41
-50,-11,40
-50,-11,40
-49,-11,40
-50,-11,40
-48,-11,41
-49,-11,40
-49,-11,41
-49,-11,40
-50,-11,40
-48,-11,41
-49,-10,40
-48,-11,40
-50,-11,40
-50,-11,40
-48,-11,41
-48,-10,40
-49,-11,40
-49,-11,41
-49,-11,41
-48,-11,41
-50,-11,40
-50,-11,40
-48,-11,39
-50,-10,43
-49,-10,40
-50,-11,40
-48,-11,42
-50,-12,38
-50,-11,41
-48,-11,41
-49,-11,40
-48,-10,42
-49,-11,40
-49,-11,41
-48,-11,41
-50,-11,40
-50,-11,40
-48,-11,41
-49,-11,40
-49,-11,41
-48,-11,41
-49,-10,40
-48,-11,41
-50,-11,40
-49,-11,41
-49,-10,40
-49,-10,40
-49,-11,40
-49,-11,41
-48,-11,40
-49,-11,40
-49,-10,41
-50,-11,40
-50,-11,40
-49,-11,41
-48,-11,40
-49,-11,41
-48,-11,41
-49,-11,41
-48,-11,41
-50,-11,40
-50,-11,40
-49,-11,41
-49,-11,40
-48,-11,41
-48,-11,41
-49,-10,40
-48,-10,41
-50,-11,40
-49,-11,40
-48,-11,41
-49,-11,40
-49,-10,41
-48,-11,41
-49,-11,40
-49,-10,41
-49,-11,40
-50,-11,40
-49,-11,41
-48,-11,41
-48,-11,41
-49,-11,40
-49,-10,41
-49,-11,40
-49,-11,40
-49,-11,41
-48,-11,41
-49,-11,40
-49,-11,40
-49,-10,41
-49,-11,41
-49,-11,40
-49,-10,41
-49,-11,40
-49,-11,40
-49,-11,41
-49,-11,40
-49,-11,40
-49,-11,40
-49,-11,41
-48,-11,40
-50,-11,40
-48,-11,41
-49,-10,41
-49,-11,41
-49,-11,40
-49,-11,40
-48,-11,41
-49,-11,40
-49,-10,41
-49,-11,41
-48,-11,41
-49,-11,40
-49,-11,41
-49,-11,41
-49,-11,40
-49,-11,41
-48,-11,41
-49,-10,41
-49,-11,41
-49,-11,40
-50,-10,40
-48,-11,41
-49,-11,40
-49,-10,41
-48,-11,41
-50,-11,40
-47,-10,41
-51,-12,40
-50,-11,39
-48,-10,42
-49,-11,41
-49,-10,40
-48,-10,41
-50,-11,40
-48,-11,41
-49,-11,40
-51,-11,42
-48,-11,40
-49,-10,41
-50,-11,40
-48,-11,41
-49,-11,40
-51,-11,42
-48,-11,40
-49,-10,41
-49,-10,40
-48,-11,41
-48,-10,41
-50,-11,40
-49,-11,40
-49,-11,41
-49,-11,41
-49,-11,41
-49,-11,41
-49,-11,40
-49,-10,40
-49,-11,40
-50,-11,40
-48,-11,41
-48,-11,41
-49,-11,41
-48,-11,41
-50,-10,40
-49,-10,41
-48,-11,41
-49,-11,40
-48,-11,41
-50,-11,40
-48,-10,41
-50,-11,40
-50,-11,40
-48,-11,41
-49,-11,38
-50,-10,41
-47,-11,41
-50,-11,40
-50,-11,40
-48,-11,40
-49,-11,40
-49,-11,41
-48,-10,41
-49,-11,40
-49,-11,41
-48,-10,41
-48,-11,40
-49,-11,41
-48,-11,41
-49,-10,40
-50,-11,40
-48,-11,41
-49,-10,41
-48,-11,41
-50,-10,40
-49,-11,41
-49,-11,40
-50,-11,40
-48,-11,41
-49,-11,41
-48,-11,41
-49,-11,40
-48,-10,41
-48,-11,40
-50,-11,40
-49,-11,41
-48,-11,41
-50,-11,41
-49,-11,40
-49,-11,41
-48,-11,41
-49,-11,40
-50,-11,41
-49,-11,41
-49,-11,41
-48,-11,41
-49,-11,40
-49,-10,41
-48,-11,40
-50,-11,40
-49,-11,41
-48,-11,41
-50,-10,41
-49,-11,40
-49,-11,41
-48,-11,42
-48,-11,41
-50,-10,40
-49,-10,41
-48,-11,41
-50,-10,40
-48,-11,41
-49,-11,40
-49,-10,41
-48,-11,40
-50,-11,40
-49,-10,41
-49,-11,40
-50,-10,41
-49,-11,40
-49,-10,40
-48,-11,41
-49,-11,40
-50,-11,40
-48,-11,41
-50,-11,40
-49,-11,40
-49,-11,40
-50,-10,40
-49,-11,40
-49,-11,41
-48,-11,41
-50,-10,40
-49,-11,41
-48,-11,41
-49,-11,40
-49,-11,40
-49,-11,40
-49,-10,40
-49,-11,40
-49,-10,40
-49,-11,41
-48,-11,41
-49,-11,40
-49,-11,40
-48,-11,41
-49,-11,41
-50,-11,40
-49,-10,41
-48,-11,41
-49,-11,40
-50,-10,40
-48,-11,42
-49,-11,41
-49,-10,40
-49,-10,40
-48,-11,41
-48,-10,41
-50,-11,39
-49,-11,41
-48,-11,41
-49,-11,40
-50,-11,41
-48,-11,40
-50,-11,40
-48,-10,41
-48,-11,41
-49,-10,41
-49,-11,40
-48,-11,41
-49,-10,40
-51,-11,39
-47,-10,43
-50,-10,41
-49,-11,40
-48,-10,43
-51,-11,39
-48,-11,42
-48,-11,40
-50,-11,40
-49,-11,41
-48,-11,41
-49,-11,40
-50,-11,40
-49,-11,41
-49,-11,41
-48,-11,40
-50,-11,40
-50,-11,40
-49,-11,40
-49,-10,41
-49,-10,40
-49,-11,40
-50,-11,40
-48,-11,41
-49,-11,40
-49,-11,41
-49,-11,40
-50,-11,40
-49,-10,41
-49,-11,40
-50,-11,39
-48,-11,41
-49,-11,40
-49,-11,40
-49,-11,40
-49,-11,40
-50,-10,40
-48,-11,41
-49,-11,40
-49,-11,41
-47,-10,43
-52,-11,37
-47,-11,41
-49,-11,40
-50,-10,40
-48,-11,41
-50,-11,40
-50,-10,40
-48,-11,41
-49,-11,40
-48,-11,41
-49,-11,41
-50,-10,40
-49,-11,41
-49,-11,40
-50,-10,40
-48,-11,41
-49,-11,41
-49,-10,40
-49,-11,40
-50,-11,40
-49,-11,41
-49,-11,37
-50,-11,40
-48,-11,40
-48,-11,42
-50,-12,37
-52,-10,40
-48,-11,40
-50,-11,40
-48,-11,41
-49,-11,40
-50,-11,40
-49,-11,40
-50,-11,40
-49,-11,40
-50,-11,40
-49,-10,41
-48,-11,40
-49,-11,40
-49,-11,40
-49,-11,40
-49,-11,40
-49,-11,41
-48,-11,41
-49,-11,40
-49,-10,40
-50,-11,40
-49,-11,40
-49,-11,41
-49,-11,40
-49,-10,40
-48,-11,41
-49,-11,40
-49,-11,40
-49,-11,40
-49,-11,40
-49,-11,41
-49,-11,40
-49,-10,40
-49,-11,41
-49,-11,40
-48,-11,41
-49,-11,40
-50,-11,40
-49,-10,40
-49,-11,41
-49,-11,40
-49,-11,40
-49,-11,40
-48,-11,41
-48,-11,40
-49,-11,40
-49,-11,41
-48,-10,43
-49,-10,40
-50,-11,40
-50,-11,41
-49,-11,40
-47,-10,41
-50,-11,40
-50,-11,40
-49,-10,40
-50,-10,40
-48,-11,41
-49,-11,40
-49,-11,40
-49,-11,40
-49,-11,41
-49,-11,41
-49,-11,40
-48,-11,40
-49,-11,41
-49,-11,41
-48,-11,41
-50,-11,39
-47,-10,43
-49,-11,41
-48,-11,40
-50,-11,38
-47,-11,42
-49,-11,41
-48,-11,41
-50,-10,40
-49,-11,40
-48,-11,41
-49,-11,40
-49,-10,42
-48,-11,38
-50,-11,40
-49,-11,41
-49,-11,40
-49,-11,41
-48,-11,41
-50,-11,40
-49,-10,40
-49,-11,40
-49,-11,41
-48,-11,40
-49,-11,40
-49,-11,41
-48,-11,41
-50,-11,40
-49,-11,40
-49,-11,41
-49,-11,41
-49,-11,40
-50,-11,40
-48,-11,42
-48,-11,41
-49,-11,41
-48,-11,41
-50,-11,40
-49,-11,41
-49,-11,40
-50,-10,40
-49,-11,41
-48,-11,41
-48,-11,41
-50,-11,40
-49,-11,41
-49,-11,40
-49,-10,41
-49,-11,41
-50,-11,40
-49,-11,40
-50,-11,41
-48,-11,40
-48,-10,40
-50,-11,41
-47,-11,41
-50,-10,39
-51,-11,40
-48,-11,41
-49,-11,39
-48,-11,41
-48,-11,41
-51,-10,40
-49,-11,40
-50,-10,40
-50,-11,40
-48,-11,41
-48,-11,40
-49,-11,40
-50,-11,40
-48,-11,41
-50,-10,40
-49,-10,40
-49,-11,40
-50,-11,40
-47,-10,41
-49,-11,40
-50,-11,40
-48,-11,41
-50,-11,40
-50,-10,40
-48,-11,41
-49,-11,40
-48,-11,41
-48,-11,41
-51,-11,40
-49,-11,41
-49,-11,40
-51,-11,39
-48,-11,41
-48,-11,41
-49,-11,40
-49,-11,40
-49,-11,41
-48,-10,41
-50,-11,40
-49,-11,41
-49,-11,40
-49,-10,41
-49,-11,41
-49,-11,42
-51,-10,42
-52,-11,38
-53,-10,37
-48,-12,38
-47,-13,40
-45,-12,43
-45,-11,46
-43,-8,50
-43,-7,50
-44,-7,49
-43,-8,48
-43,-8,51
-43,-8,50
-43,-9,53
-43,-9,54
-36,-11,51
-36,-14,51
-39,-14,48
-35,-17,49
-31,-18,50
-31,-19,50
-30,-19,52
-32,-19,51
-28,-19,53
-29,-20,53
-25,-20,52
-26,-22,54
-28,-21,52
-28,-20,54
-28,-19,54
-29,-19,55
-29,-19,54
-27,-19,54
-28,-19,55
-27,-18,55
-25,-18,55
-28,-19,56
-30,-17,56
-26,-18,57
-26,-17,54
-34,-19,53
-23,-20,57
-15,-21,59
-20,-20,57
-24,-18,57
-22,-17,56
-33,-17,51
-37,-16,50
-36,-17,50
-37,-17,48
-43,-18,47
-42,-17,48
-44,-17,49
-37,-17,49
-38,-17,49
-38,-18,49
-38,-18,49
-37,-17,50
-37,-17,50
-35,-16,51
-34,-17,52
-34,-16,53
-34,-17,52
-39,-16,50
-37,-17,51
-38,-16,49
-38,-16,49
-36,-17,50
-38,-16,48
-39,-16,51
-39,-16,50
-41,-17,46
-38,-17,47
-33,-18,50
-34,-17,50
-42,-18,45
-38,-18,46
-37,-16,51
-40,-16,49
-38,-17,49
-37,-15,50
-43,-14,48
-39,-13,51
-36,-13,52
-40,-12,51
-41,-11,51
-40,-11,51
-37,-11,51
-47,-11,50
-48,-12,48
-42,-12,45
-47,-13,46
-47,-13,45
-42,-15,47
-32,-17,51
-34,-16,50
-35,-16,49
-29,-17,53
-30,-17,55
-29,-16,54
-24,-16,56
-22,-16,59
-26,-16,59
-24,-16,58
-16,-17,63
-16,-18,62
-10,-21,62
-22,-22,67
-29,-20,68
-24,-24,64
-22,-26,61
-21,-27,52
-18,-30,48
-8,-29,42
-6,-27,43
-16,-19,42
-17,-13,44
-16,-8,47
-20,-6,49
-24,-6,52
-24,-7,53
-45,-15,51
-51,-18,52
-52,-16,57
-55,-16,54
-49,-14,49
-61,-13,37
-62,-11,38
-55,-7,40
-38,-6,50
-39,-11,53
-37,-11,51
-41,-11,50
-43,-8,49
-40,-10,46
-38,-10,47
-45,-10,47
-45,-8,49
-36,-9,51
-39,-10,50
-38,-10,51
-40,-9,51
-40,-9,50
-41,-9,50
-41,-10,48
-41,-10,50
-40,-9,49
-41,-9,49
-39,-9,49
-40,-9,50
-41,-9,50
-41,-10,49
-40,-9,49
-40,-9,50
-41,-9,49
-41,-9,49
-41,-9,49
-40,-9,49
-41,-9,48
-40,-9,49
-41,-9,49
-40,-9,49
-41,-9,49
-41,-9,49
-40,-9,49
-41,-9,49
-41,-9,49
-41,-9,49
-41,-9,49
-42,-9,48
-41,-9,49
-41,-9,49
-41,-9,48
-41,-9,49
-41,-9,49
-42,-9,48
-41,-9,49
-41,-9,49
-41,-9,49
-41,-8,51
-41,-9,49
-41,-10,47
-41,-9,49
-42,-9,48
-41,-10,47
-41,-9,49
-42,-9,49
-40,-9,49
-41,-9,48
-42,-9,48
-41,-9,49
-41,-9,48
-41,-9,49
-41,-9,48
-41,-9,49
-41,-9,49
-41,-9,48
-41,-9,49
-41,-9,49
-41,-9,48
-41,-9,49
-41,-9,49
-41,-9,48
-41,-9,48
-41,-9,49
-40,-9,49
-41,-9,49
-42,-9,48
-41,-9,49
-41,-9,49
-42,-9,48
-41,-9,48
-40,-9,49
-41,-9,49
-41,-9,49
-41,-9,48
-41,-9,49
-41,-9,49
-42,-9,48
-41,-9,49
-41,-9,49
-42,-9,48
-41,-9,49
-42,-10,49
-42,-9,48
-40,-9,49
-42,-9,48
-40,-9,49
-41,-9,49
-42,-9,48
-41,-9,49
-41,-9,49
-42,-9,49
-41,-9,48
-42,-9,48
-41,-9,49
-41,-9,49
-42,-9,48
-41,-9,49
-41,-9,49
-42,-9,48
-41,-9,49
-41,-9,49
-41,-9,48
-41,-9,49
-42,-9,48
-40,-9,50
-41,-9,49
-41,-9,49
-41,-9,49
-41,-9,48
-41,-9,49
-41,-9,48
-42,-9,48
-40,-9,48
-43,-9,49
-41,-9,48
-42,-9,48
-41,-9,48
-41,-9,49
-41,-9,48
-42,-9,48
-41,-9,49
-42,-9,48
-40,-9,49
-41,-9,48
-42,-9,48
-41,-9,49
-41,-9,48
-41,-9,49
-41,-9,49
-41,-9,49
-40,-9,49
-43,-10,48
-43,-9,49
-41,-9,49
-42,-9,48
-41,-9,49
-42,-9,48
-41,-9,49
-41,-9,49
-42,-9,48
-42,-9,48
-41,-9,49
-42,-9,48
-42,-9,49
-41,-9,49
-42,-9,48
-41,-9,48
-42,-9,48
-42,-9,48
-41,-9,48
-42,-9,48
-40,-8,49
-40,-9,48
-43,-9,47
-41,-9,48
-42,-9,48
-42,-9,48
-42,-9,50
-39,-9,50
-41,-9,49
-42,-9,48
-41,-9,48
-41,-9,49
-42,-9,48
-41,-9,49
-41,-9,49
-41,-9,48
-41,-9,49
-41,-9,49
-41,-9,49
-42,-9,48
-42,-9,48
-40,-9,50
-41,-9,48
-41,-9,48
-40,-9,49
-42,-9,49
-41,-9,49
-43,-9,48
-42,-9,48
-40,-9,50
-42,-9,48
-41,-9,49
-42,-9,48
-42,-9,48
-41,-9,48
-42,-9,48
-41,-9,49
-41,-9,49
-42,-9,48
-42,-9,49
-41,-9,49
-42,-9,49
-41,-9,48
-41,-9,48
-41,-9,49
-41,-9,49
-42,-9,48
-40,-9,49
-42,-9,48
-41,-9,49
-41,-9,48
-42,-9,48
-41,-9,49
-41,-9,49
-41,-9,49
-40,-9,49
-43,-9,48
-40,-9,49
-42,-9,48
-42,-9,48
-40,-9,49
-42,-9,48
-42,-9,49
-41,-9,48
-42,-9,48
-41,-9,49
-41,-9,48
-41,-9,49
-41,-9,49
-42,-9,48
-41,-9,49
-42,-9,48
-42,-9,48
-41,-9,49
-42,-9,48
-41,-9,49
-41,-9,49
-42,-9,48
-41,-9,49
-42,-9,48
-42,-9,49
-41,-9,48
-42,-9,48
-41,-9,49
-41,-9,49
-43,-8,49
-40,-9,49
-41,-10,50
-43,-9,48
-40,-9,49
-43,-9,48
-41,-9,49
-41,-9,48
-42,-9,48
-40,-9,49
-43,-10,48
-40,-9,49
-41,-9,48
-42,-9,48
-41,-9,49
-42,-9,48
-42,-9,49
-41,-9,48
-42,-9,48
-41,-9,49
-42,-9,48
-42,-9,48
-41,-9,49
-41,-9,48
-42,-9,48
-41,-9,48
-43,-9,48
-41,-9,49
-42,-9,48
-42,-9,48
-42,-9,48
-42,-9,49
-41,-9,48
-42,-9,48
-41,-9,48
-42,-9,49
-42,-9,48
-42,-9,48
-41,-9,48
-42,-9,48
-41,-9,49
-41,-9,48
-42,-8,48
-41,-9,49
-42,-9,48
-42,-9,48
-40,-9,48
-41,-9,48
-42,-10,48
-42,-9,48
-41,-9,50
-41,-9,48
-43,-9,48
-41,-8,48
-41,-9,49
-42,-9,48
-41,-9,49
-42,-9,49
-38,-8,50
-44,-10,46
-43,-9,47
-40,-9,50
-42,-9,48
-42,-8,48
-41,-9,46
-43,-9,48
-42,-9,48
-41,-9,48
-43,-9,48
-42,-9,49
-40,-9,49
-42,-9,48
-43,-9,48
-41,-9,49
-42,-9,48
-41,-9,48
-41,-9,48
-42,-9,48
-41,-9,49
-42,-9,48
-42,-9,48
-41,-9,48
-42,-9,48
-41,-9,48
-42,-9,48
-42,-9,48
-40,-9,49
-42,-9,48
-41,-9,48
-41,-9,49
-42,-9,48
-42,-9,48
-41,-9,48
-42,-9,48
-40,-9,49
-42,-9,48
-41,-9,48
-41,-9,49
-43,-9,48
-42,-9,48
-41,-9,49
-42,-9,48
-40,-9,49
-41,-10,49
-41,-8,48
-40,-9,49
-43,-9,47
-42,-9,48
-41,-9,49
-42,-9,48
-41,-9,49
-42,-9,48
-41,-8,48
-42,-9,48
-43,-9,47
-41,-9,49
-41,-9,49
-41,-9,49
-40,-9,48
-42,-9,48
-40,-9,49
-42,-9,47
-43,-9,47
-40,-9,49
-42,-9,49
-41,-9,48
-41,-9,49
-42,-9,48
-41,-9,49
-42,-9,48
-42,-9,48
-41,-9,49
-41,-9,48
-42,-9,48
-41,-9,48
-41,-9,48
-42,-9,48
-41,-9,49
-42,-9,48
-42,-9,48
-41,-9,49
-41,-9,49
-42,-9,48
-42,-9,48
-41,-9,49
-41,-9,49
-42,-9,47
-42,-9,48
-40,-9,50
-41,-10,49
-42,-9,47
-41,-9,49
-42,-9,49
-43,-9,48
-41,-9,49
-41,-8,48
-42,-9,48
-42,-9,49
-42,-9,48
-42,-9,48
-41,-9,49
-41,-9,48
-42,-9,48
-41,-9,49
-42,-9,48
-42,-9,48
-41,-9,49
-42,-9,48
-41,-9,48
-42,-9,48
-42,-9,49
-43,-9,49
-42,-9,47
-41,-9,48
-42,-9,48
-42,-10,48
-42,-9,48
-42,-9,47
-41,-9,50
-42,-9,49
-42,-9,48
-43,-10,46
-42,-8,50
-42,-9,48
-42,-9,48
-41,-9,48
-42,-9,48
-42,-9,48
-42,-9,48
-42,-9,48
-43,-8,49
-42,-9,48
-42,-9,48
-41,-9,48
-42,-9,48
-42,-9,48
-41,-9,48
-42,-9,48
-41,-9,48
-42,-9,49
-41,-9,49
-41,-9,48
-42,-9,48
-42,-9,48
-40,-9,48
-42,-9,48
-41,-9,48
-41,-9,49
-42,-9,49
-41,-9,51
-41,-10,49
-43,-9,48
-41,-9,48
-42,-9,47
-42,-9,48
-40,-9,49
-42,-9,48
-41,-8,51
-40,-10,49
-42,-9,48
-41,-8,48
-41,-9,47
-43,-8,49
-41,-9,49
-42,-9,48
-41,-9,48
-43,-9,48
-41,-9,49
-41,-9,48
-43,-9,47
-41,-9,49
-42,-9,50
-43,-9,48
-39,-9,50
-42,-9,49
-40,-9,47
-41,-10,46
-42,-8,50
-40,-9,49
-42,-9,48
-43,-9,49
-41,-9,49
-42,-9,49
-42,-9,48
-42,-9,47
-42,-9,50
-40,-9,50
-43,-9,48
-41,-9,48
-42,-9,48
-41,-9,49
-42,-9,48
-42,-9,49
-41,-8,50
-42,-9,48
-41,-9,48
-42,-9,46
-41,-9,49
-41,-9,49
-42,-9,47
-42,-9,48
-41,-9,49
-43,-9,48
-42,-9,48
-42,-9,48
-42,-9,48
-41,-9,49
-42,-9,48
-42,-9,48
-40,-9,49
-42,-9,48
-42,-9,48
-41,-9,48
-42,-9,49
-41,-9,49
-43,-9,47
-42,-9,48
-40,-9,49
-42,-9,48
-41,-9,49
-41,-9,48
-41,-9,49
-41,-9,49
-43,-9,47
-43,-9,48
-40,-9,50
-42,-9,48
-41,-9,48
-41,-9,48
-41,-9,49
-41,-9,49
-42,-9,47
-42,-9,48
-40,-9,50
-41,-9,48
-42,-9,49
-40,-9,50
-42,-9,49
-42,-9,48
-42,-9,48
-43,-9,47
-40,-9,49
-42,-9,48
-41,-9,49
-42,-9,48
-43,-9,48
-41,-9,49
-42,-9,48
-42,-9,50
-41,-8,49
-41,-9,48
-43,-9,48
-40,-9,49
-42,-9,48
-40,-9,49
-42,-9,48
-42,-9,47
-41,-9,49
-41,-9,48
-42,-9,48
-42,-9,49
-41,-9,49
-42,-9,48
-41,-9,48
-42,-10,47
-43,-9,48
-41,-8,49
-41,-9,48
-43,-9,47
-41,-9,49
-42,-9,48
-42,-9,47
-41,-9,49
-42,-10,47
-43,-9,47
-40,-9,48
-42,-9,49
-42,-9,48
-41,-9,49
-41,-9,49
-41,-9,49
-42,-9,47
-44,-9,47
-41,-9,49
-40,-10,50
-43,-9,46
-42,-9,48
-41,-9,49
-42,-9,48
-42,-9,48
-42,-9,48
-42,-9,48
-42,-10,48
-42,-9,48
-42,-9,49
-41,-9,47
-43,-9,48
-40,-8,49
-41,-8,48
-42,-9,48
-42,-9,48
-42,-9,48
-41,-9,48
-41,-9,48
-41,-9,48
-41,-9,48
-42,-9,48
-42,-9,48
-42,-9,48
-43,-9,47
-40,-9,48
-42,-9,48
-41,-9,49
-42,-9,48
-43,-9,48
-42,-9,48
-44,-9,48
-47,-8,47
-43,-8,46
-42,-11,45
-38,-10,51
-39,-10,49
-43,-8,46
-42,-8,47
-41,-10,47
-40,-9,46
-40,-7,51
-37,-8,53
-37,-8,50
-39,-8,54
-35,-5,56
-27,-6,58
-24,-5,60
-26,-6,63
-27,-7,61
-32,-8,55
-30,-8,53
-23,-15,57
-22,-13,55
-29,-10,59
-29,-9,56
-31,-10,60
-26,-10,55
-29,-9,57
-27,-9,58
-28,-10,57
-27,-9,57
-29,-10,56
-29,-10,56
-28,-10,56
-28,-9,57
-29,-9,57
-28,-9,56
-28,-9,57
-29,-10,56
-29,-10,56
-28,-10,57
-28,-9,57
-28,-10,56
-29,-11,55
-28,-9,57
-28,-9,57
-28,-9,56
-28,-9,56
-28,-10,58
-28,-10,57
-28,-9,56
-29,-9,56
-28,-10,58
-27,-9,57
-29,-9,56
-28,-9,57
-27,-9,57
-28,-9,57
-28,-9,57
-28,-9,55
-28,-10,58
-28,-10,57
-29,-9,56
-28,-9,57
-28,-10,57
-28,-10,56
-28,-9,57
-29,-9,56
-28,-10,57
-28,-10,57
-28,-9,57
-29,-9,57
-28,-10,56
-28,-9,58
-27,-10,57
-28,-9,56
-28,-10,57
-28,-10,57
-28,-9,56
-28,-9,57
-28,-10,57
-27,-9,57
-28,-9,57
-28,-9,56
-28,-9,57
-28,-10,57
-26,-10,57
-31,-8,57
-27,-9,57
-29,-10,57
-28,-10,58
-28,-9,56
-28,-10,57
-28,-10,58
-28,-8,56
-29,-9,57
-28,-10,57
-28,-10,57
-28,-9,57
-28,-9,57
-28,-10,57
-28,-10,57
-28,-9,56
-28,-9,56
-27,-9,57
-28,-9,56
-27,-10,58
-27,-9,57
-29,-10,57
-28,-11,58
-28,-9,56
-29,-8,57
-28,-10,56
-28,-9,57
-28,-10,57
-29,-11,56
-29,-9,56
-28,-10,58
-28,-9,55
-29,-9,58
-28,-10,56
-28,-9,58
-28,-9,58
-29,-10,55
-30,-10,56
-28,-10,58
-28,-9,56
-28,-9,56
-28,-10,57
-28,-10,57
-28,-10,57
-29,-9,56
-29,-10,57
-28,-9,57
-29,-9,56
-28,-9,57
-28,-10,56
-28,-10,58
-28,-10,57
-29,-9,56
-28,-10,57
-28,-9,56
-29,-9,56
-28,-9,56
-29,-9,56
-28,-10,57
-28,-9,57
-29,-9,56
-29,-10,57
-28,-9,57
-29,-9,56
-29,-9,56
-28,-9,57
-28,-10,57
-29,-9,56
-29,-9,55
-29,-10,58
-26,-10,55
-31,-8,58
-28,-8,57
-29,-9,57
-29,-10,57
-28,-9,56
-30,-9,55
-29,-10,58
-28,-9,56
-30,-7,58
-28,-9,57
-29,-9,57
-29,-10,58
-28,-9,55
-30,-10,54
-28,-11,58
-29,-10,56
-29,-8,57
-29,-10,56
-28,-9,57
-28,-11,56
-29,-10,56
-29,-9,55
-29,-10,57
-28,-11,55
-29,-7,56
-28,-9,57
-29,-10,56
-29,-10,57
-29,-10,56
-29,-9,56
-29,-10,57
-29,-10,57
-28,-9,57
-29,-10,56
-29,-10,56
-28,-9,57
-29,-9,57
-29,-10,56
-29,-9,56
-29,-10,57
-28,-10,55
-28,-9,58
-28,-9,56
-28,-9,57
-29,-10,56
-29,-9,56
-29,-10,57
-29,-10,57
-29,-9,55
-29,-8,57
-28,-9,56
-30,-9,56
-30,-10,56
-27,-10,57
-28,-9,59
-28,-9,58
-28,-10,57
-28,-11,58
-28,-10,58
-25,-11,56
-26,-12,58
-26,-12,57
-23,-13,56
-23,-12,57
-23,-13,60
-23,-11,58
-33,-11,52
-25,-16,58
-18,-14,56
-18,-13,56
-24,-12,59
-25,-12,59
-26,-10,58
-31,-10,56
-31,-10,56
-28,-10,58
-26,-10,59
-24,-13,56
-30,-9,56
-27,-9,59
-27,-10,57
-30,-10,57
-29,-9,56
-28,-10,57
-27,-10,56
-29,-12,57
-28,-11,56
-28,-9,57
-27,-10,57
-29,-10,57
-28,-10,57
-29,-11,56
-30,-11,56
-28,-10,57
-30,-10,56
-29,-11,56
-27,-10,56
-29,-10,56
-28,-10,56
-28,-11,58
-28,-11,55
-28,-11,55
-29,-11,57
-29,-11,56
-27,-10,56
-29,-10,57
-29,-11,56
-28,-10,56
-30,-11,57
-29,-10,56
-29,-11,55
-30,-11,57
-28,-10,57
-29,-10,56
-29,-11,55
-29,-11,56
-29,-10,56
-29,-10,56
-28,-10,57
-27,-11,54
-30,-11,58
-28,-10,56
-30,-10,55
-29,-10,57
-29,-10,55
-30,-10,56
-28,-10,57
-28,-11,56
-30,-11,56
-28,-10,57
-30,-10,56
-29,-11,56
-29,-10,57
-31,-11,57
-29,-11,55
-28,-11,55
-29,-11,56
-28,-10,56
-29,-10,56
-30,-11,55
-29,-10,56
-30,-11,57
-29,-11,57
-30,-10,55
-31,-11,56
-29,-10,56
-30,-10,55
-29,-10,56
-29,-10,56
-30,-11,56
-29,-11,57
-29,-11,55
-31,-11,55
-29,-10,56
-30,-10,56
-30,-11,55
-29,-10,57
-29,-10,56
-29,-11,57
-28,-10,57
-31,-11,55
-29,-10,55
-30,-10,58
-30,-11,56
-29,-10,56
-29,-10,56
-30,-10,57
-29,-11,57
-30,-11,55
-29,-10,57
-29,-10,55
-30,-10,56
-29,-10,57
-29,-11,56
-29,-10,57
-28,-11,56
-31,-11,56
-29,-10,56
-30,-10,56
-30,-10,56
-29,-11,57
-29,-10,55
-30,-10,57
-30,-11,56
-29,-10,56
-29,-10,56
-30,-11,55
-29,-11,56
-29,-11,56
-30,-10,55
-30,-11,56
-28,-10,56
-31,-10,55
-29,-10,56
-29,-11,56
-29,-11,56
-30,-10,56
-29,-10,56
-30,-10,56
-29,-10,57
-29,-10,56
-30,-10,55
-29,-11,56
-29,-11,56
-30,-10,56
-30,-11,56
-29,-10,57
-28,-10,57
-31,-11,55
-30,-10,56
-29,-10,56
-30,-10,55
-29,-11,57
-29,-10,56
-30,-11,55
-30,-11,56
-29,-10,56
-30,-10,55
-29,-10,56
-29,-10,56
-29,-10,56
-29,-11,57
-29,-10,55
-30,-11,56
-29,-10,57
-29,-10,56
-30,-11,56
-29,-10,56
-30,-11,56
-29,-11,56
-29,-10,55
-30,-10,56
-29,-11,57
-29,-10,56
-30,-10,55
-29,-11,56
-29,-10,56
-29,-11,56
-28,-10,56
-31,-11,55
-30,-11,57
-29,-10,56
-31,-10,55
-30,-11,56
-29,-10,56
-29,-11,57
-29,-10,56
-30,-10,55
-29,-11,57
-29,-10,56
-30,-9,55
-29,-10,56
-30,-11,56
-29,-10,57
-29,-10,57
-29,-10,55
-30,-11,55
-29,-11,57
-29,-11,55
-30,-10,56
-29,-10,56
-29,-10,57
-29,-10,55
-30,-10,55
-29,-11,56
-30,-11,57
-29,-9,55
-30,-10,55
-29,-11,57
-29,-11,57
-29,-10,56
-29,-10,55
-30,-10,56
-29,-10,57
-30,-10,55
-31,-10,55
-29,-11,57
-30,-11,56
-28,-9,56
-31,-11,56
-29,-10,57
-29,-10,57
-31,-11,55
-31,-11,55
-29,-10,56
-30,-10,56
-29,-10,57
-29,-10,54
-30,-10,57
-28,-10,57
-31,-10,55
-30,-11,57
-29,-11,56
-30,-10,56
-29,-10,56
-31,-10,55
-29,-11,57
-30,-10,55
-30,-10,55
-29,-11,56
-29,-10,56
-29,-10,56
-28,-10,56
-30,-11,56
-29,-11,56
-29,-10,55
-30,-9,56
-29,-11,56
-29,-10,56
-30,-11,56
-29,-10,58
-30,-11,55
-31,-11,57
-29,-10,55
-30,-10,56
-30,-10,56
-29,-11,56
-29,-10,56
-29,-10,56
-30,-11,56
-29,-10,57
-29,-10,56
-30,-10,56
-29,-11,57
-30,-11,56
-29,-10,56
-30,-11,55
-30,-11,57
-30,-10,56
-30,-10,55
-29,-10,57
-29,-11,56
-30,-10,56
-29,-10,57
-30,-11,55
-30,-10,55
-29,-10,56
-30,-10,55
-30,-10,56
-29,-10,56
-30,-10,56
-29,-10,57
-30,-10,55
-31,-10,55
-29,-10,57
-30,-10,56
-30,-10,56
-29,-10,56
-30,-10,56
-30,-9,57
-28,-12,54
-30,-11,57
-28,-10,56
-31,-10,55
-31,-10,55
-29,-11,56
-30,-11,56
-29,-10,55
-31,-11,56
-28,-10,57
-30,-10,56
-31,-11,55
-30,-11,57
-30,-10,56
-31,-10,55
-29,-10,57
-30,-10,55
-30,-11,56
-29,-10,56
-31,-10,55
-31,-10,55
-30,-11,57
-30,-11,56
-30,-10,55
-30,-11,57
-29,-10,57
-29,-11,53
-32,-9,57
-27,-10,56
-31,-11,56
-29,-10,56
-29,-10,56
-30,-11,56
-31,-11,56
-29,-10,55
-30,-10,56
-30,-10,56
-30,-11,56
-30,-10,56
-30,-10,56
-31,-11,55
-30,-10,56
-29,-10,56
-31,-11,54
-29,-11,56
-31,-11,58
-29,-10,55
-33,-12,58
-29,-10,55
-31,-10,57
-29,-11,55
-30,-10,55
-29,-10,57
-30,-11,55
-30,-11,56
-30,-10,56
-28,-9,55
-29,-12,56
-29,-9,54
-30,-11,56
-29,-11,56
-30,-11,56
-30,-10,56
-30,-11,56
-30,-10,56
-30,-10,56
-30,-11,56
-31,-11,56
-29,-10,56
-31,-11,56
-31,-10,58
-29,-11,53
-28,-11,56
-29,-11,55
-29,-12,54
-31,-9,58
-31,-10,55
-30,-11,57
-31,-10,56
-30,-10,54
-31,-11,57
-29,-10,56
-30,-11,55
-32,-10,56
-28,-11,56
-29,-10,56
-31,-9,57
-30,-11,54
-31,-10,57
-29,-11,56
-31,-10,56
-31,-10,57
-29,-11,56
-30,-10,57
-30,-10,56
-30,-10,55
-31,-11,56
-30,-11,57
-30,-10,55
-31,-10,57
-30,-11,55
-30,-10,56
-30,-10,57
-29,-11,55
-32,-11,56
-28,-10,56
-29,-11,54
-32,-10,56
-29,-11,55
-30,-11,56
-30,-10,57
-30,-12,54
-31,-11,57
-29,-10,56
-30,-11,55
-32,-10,55
-29,-11,56
-30,-10,56
-30,-10,56
-29,-12,54
-31,-10,56
-29,-10,56
-30,-11,55
-30,-10,56
-30,-11,56
-30,-11,56
-30,-11,55
-29,-10,56
-30,-11,56
-30,-10,56
-29,-10,56
-31,-11,55
-30,-11,56
-30,-10,56
-30,-10,56
-29,-10,56
-30,-11,55
-31,-10,55
-29,-11,57
-30,-11,56
-31,-11,55
-29,-11,56
-29,-10,56
-31,-10,55
-29,-11,56
-30,-10,56
-30,-11,55
-30,-11,55
-30,-11,56
-30,-11,56
-29,-10,55
-29,-10,56
-30,-11,56
-30,-10,56
-30,-11,54
-32,-10,56
-28,-11,56
-30,-11,56
-30,-9,56
-29,-12,54
-30,-10,56
-30,-11,55
-31,-11,55
-30,-10,56
-29,-11,56
-31,-10,56
-29,-10,57
-31,-11,56
-30,-11,56
-30,-11,56
-31,-11,55
-31,-9,58
-29,-11,56
-31,-11,56
-29,-11,56
-31,-11,55
-30,-10,56
-31,-11,55
-31,-11,55
-30,-10,55
-30,-10,56
-30,-11,56
-30,-11,55
-30,-10,55
-30,-11,56
-30,-11,56
-30,-10,56
-30,-10,56
-30,-11,56
-30,-10,56
-30,-11,56
-30,-11,56
-31,-11,55
-31,-10,55
-30,-10,56
-30,-10,55
-31,-11,55
-31,-11,56
-27,-10,57
-35,-8,56
-28,-11,56
-30,-11,57
-30,-10,56
-30,-10,56
-30,-11,55
-31,-11,56
-29,-10,56
-30,-11,56
-31,-11,55
-30,-11,56
-26,-11,57
-26,-8,60
-28,-10,58
-27,-12,56
-27,-13,54
-35,-12,52
-37,-10,52
-36,-10,52
-35,-11,53
-37,-10,52
-35,-11,53
-35,-12,53
-36,-12,51
-36,-12,53
-35,-11,54
-35,-11,53
-35,-11,53
-35,-11,53
-35,-11,53
-34,-11,53
-35,-11,53
-34,-11,54
-34,-11,53
-36,-11,52
-35,-12,52
-34,-11,54
-34,-11,54
-35,-11,53
-34,-11,53
-35,-11,53
-35,-11,53
-34,-11,54
-35,-11,52
-36,-11,52
-34,-11,53
-34,-10,54
-35,-11,52
-34,-11,53
-35,-12,52
-35,-11,53
-34,-11,54
-35,-11,53
-34,-11,53
-35,-11,53
-35,-11,53
-35,-11,53
-35,-11,52
-35,-11,53
-34,-11,53
-34,-11,53
-35,-11,53
-34,-11,53
-35,-11,53
-35,-11,53
-34,-11,53
-34,-11,53
-35,-11,53
-35,-12,53
-35,-11,53
-34,-11,53
-34,-11,54
-35,-11,53
-35,-11,52
-34,-11,54
-34,-11,54
-35,-11,53
-35,-11,53
-34,-11,53
-34,-11,53
-35,-11,53
-34,-11,53
-35,-11,53
-34,-11,53
-35,-11,53
-35,-11,53
-35,-11,53
-34,-11,53
-35,-11,53
-34,-11,53
-35,-11,53
-35,-11,53
-34,-11,53
-34,-11,53
-35,-11,53
-35,-11,53
-34,-11,53
-34,-11,53
-34,-11,54
-35,-11,53
-35,-11,53
-34,-11,53
-35,-11,53
-34,-11,53
-35,-11,53
-34,-11,53
-33,-10,53
-35,-11,53
-35,-12,53
-34,-11,53
-34,-11,53
-35,-11,52
-35,-11,54
-35,-11,53
-35,-11,52
-34,-10,53
-33,-11,54
-36,-12,53
-35,-12,52
-34,-10,54
-33,-11,54
-36,-12,52
-35,-11,52
-34,-11,54
-34,-11,53
-34,-11,53
-35,-11,53
-34,-11,54
-35,-11,53
-35,-11,54
-33,-11,53
-35,-11,52
-34,-11,54
-34,-11,53
-35,-11,53
-34,-11,54
-36,-11,52
-34,-10,53
-34,-11,54
-35,-11,53
-35,-11,53
-34,-11,54
-35,-11,53
-34,-10,53
-34,-11,53
-35,-12,53
-35,-11,53
-33,-10,53
-35,-12,53
-36,-12,52
-34,-11,54
-34,-11,53
-35,-11,52
-35,-12,53
-34,-11,54
-34,-10,53
-35,-11,53
-35,-11,54
-34,-11,54
-35,-11,53
-34,-11,54
-34,-11,53
-35,-11,54
-34,-10,52
-35,-10,52
-35,-12,53
-34,-11,53
-34,-11,54
-34,-11,54
-34,-10,52
-34,-11,53
-35,-12,54
-34,-11,53
-34,-11,53
-33,-10,54
-35,-11,53
-35,-12,53
-35,-11,53
-35,-11,52
-34,-10,54
-33,-11,54
-35,-11,53
-35,-11,52
-34,-11,53
-34,-12,54
-34,-11,54
-34,-10,52
-35,-11,52
-35,-12,54
-34,-11,54
-34,-10,52
-35,-10,52
-35,-12,53
-35,-12,53
-34,-10,53
-34,-10,53
-36,-12,52
-35,-11,54
-34,-10,52
-36,-9,51
-30,-10,57
-32,-10,56
-36,-10,52
-35,-10,54
-28,-10,57
-26,-11,57
-21,-11,61
-25,-12,58
-39,-10,51
-31,-11,53
-29,-12,52
-32,-15,50
-37,-13,50
-35,-10,56
-33,-11,53
-36,-12,51
-41,-13,54
-35,-10,55
-31,-11,54
-35,-13,53
-38,-14,51
-36,-14,48
-36,-14,48
-40,-16,48
-42,-16,45
-42,-16,46
-41,-14,48
-35,-14,52
-36,-14,50
-37,-14,52
-37,-14,50
-39,-15,47
-37,-14,50
-35,-12,55
-37,-11,53
-35,-10,54
-29,-11,60
-28,-10,59
-38,-10,54
-37,-11,52
-38,-13,53
-36,-13,52
-40,-14,44
-38,-15,47
-29,-15,54
-26,-14,53
-26,-14,55
-28,-16,57
-25,-10,62
-36,-11,54
-27,-12,53
-31,-13,53
-38,-10,54
-38,-10,54
-31,-11,54
-32,-12,53
-36,-12,53
-36,-10,54
-34,-11,53
-36,-10,52
-35,-11,54
-34,-11,54
-35,-11,52
-34,-11,53
-33,-11,53
-35,-11,53
-36,-11,53
-36,-10,53
-36,-11,53
-36,-10,52
-37,-10,52
-36,-10,53
-35,-11,53
-35,-10,52
-36,-9,51
-36,-11,53
-36,-11,53
-35,-9,52
-38,-9,51
-36,-10,52
-36,-10,53
-36,-9,52
-36,-9,51
-38,-10,52
-36,-10,53
-36,-9,52
-37,-10,52
-36,-10,52
-36,-10,53
-36,-10,52
-37,-9,51
-38,-10,52
-35,-10,52
-36,-9,52
-37,-10,52
-37,-10,52
-37,-10,53
-36,-9,52
-37,-10,52
-38,-10,52
-36,-10,53
-35,-9,52
-37,-10,52
-37,-10,52
-36,-10,52
-37,-10,52
-36,-9,52
-37,-10,52
-37,-10,52
-36,-10,52
-36,-9,52
-37,-10,52
-37,-10,52
-37,-10,53
-36,-9,51
-38,-10,52
-37,-10,52
-36,-9,52
-37,-9,52
-37,-10,52
-37,-10,52
-36,-9,52
-36,-9,52
-38,-10,52
-37,-10,52
-36,-9,52
-37,-9,52
-37,-10,52
-36,-10,52
-36,-10,52
-36,-9,52
-38,-10,52
-37,-10,52
-36,-9,52
-37,-9,52
-37,-10,51
-37,-10,52
-36,-9,52
-36,-9,52
-38,-10,51
-37,-10,52
-36,-9,52
-37,-10,51
-38,-10,51
-36,-9,53
-35,-10,53
-37,-9,51
-39,-10,52
-36,-9,52
-36,-9,53
-37,-10,52
-38,-9,52
-37,-10,52
-36,-10,52
-36,-9,52
-37,-9,52
-37,-10,52
-37,-9,52
-36,-9,52
-36,-9,52
-38,-10,52
-37,-10,52
-37,-9,51
-38,-9,52
-36,-10,52
-36,-9,52
-37,-9,52
-37,-9,52
-37,-10,52
-37,-10,52
-36,-9,51
-38,-10,52
-37,-10,52
-37,-9,52
-37,-9,51
-36,-9,52
-37,-10,52
-37,-9,51
-37,-9,51
-37,-10,52
-39,-10,51
-36,-9,52
-37,-9,53
-37,-10,51
-37,-9,52
-36,-10,53
-36,-9,52
-38,-10,52
-38,-10,52
-36,-9,52
-36,-9,53
-38,-10,51
-37,-10,52
-36,-10,52
-36,-9,51
-37,-10,52
-38,-10,52
-36,-9,52
-36,-9,52
-37,-9,52
-37,-10,52
-37,-10,52
-36,-9,52
-37,-9,52
-38,-10,52
-36,-9,52
-37,-9,52
-37,-10,52
-37,-9,52
-37,-10,52
-36,-10,51
-36,-9,52
-38,-10,51
-37,-9,51
-36,-8,54
-35,-9,52
-37,-9,52
-38,-10,52
-35,-9,52
-36,-9,50
-38,-10,52
-38,-10,51
-36,-8,54
-35,-9,53
-38,-10,52
-36,-9,52
-36,-9,51
-37,-10,52
-38,-10,52
-36,-9,52
-36,-9,52
-37,-9,52
-37,-10,52
-36,-10,52
-36,-9,52
-37,-9,51
-38,-10,52
-37,-10,52
-37,-9,53
-36,-9,52
-37,-9,52
-36,-9,53
-36,-11,50
-37,-9,52
-38,-10,51
-37,-9,52
-37,-9,52
-36,-9,52
-37,-9,52
-37,-10,52
-36,-9,52
-37,-9,51
-38,-10,52
-37,-9,52
-36,-9,52
-37,-9,52
-37,-10,52
-37,-9,52
-36,-9,52
-36,-9,52
-38,-10,51
-37,-10,52
-36,-9,52
-37,-9,51
-37,-9,52
-36,-9,52
-38,-10,52
-37,-10,52
-37,-9,52
-38,-10,52
-37,-9,52
-37,-10,52
-37,-10,52
-37,-9,52
-38,-10,52
-36,-10,53
-37,-9,51
-38,-10,52
-37,-9,52
-37,-9,52
-36,-9,52
-37,-10,52
-37,-10,52
-35,-9,53
-36,-10,51
-37,-10,52
-37,-10,52
-36,-8,54
-36,-9,52
-38,-10,52
-38,-10,52
-35,-9,53
-36,-9,51
-37,-10,53
-37,-10,52
-37,-9,52
-36,-9,52
-37,-10,52
-38,-10,52
-35,-9,54
-36,-9,51
-38,-10,52
-37,-10,53
-36,-9,51
-37,-9,53
-38,-10,51
-37,-10,53
-35,-9,52
-37,-9,51
-37,-10,52
-36,-9,52
-36,-9,52
-37,-10,52
-37,-10,52
-37,-10,53
-36,-9,52
-37,-9,51
-38,-10,51
-37,-10,53
-36,-9,51
-37,-9,52
-38,-10,51
-37,-9,52
-37,-9,52
-36,-9,52
-38,-10,51
-37,-10,52
-36,-9,53
-37,-9,52
-37,-9,52
-36,-9,52
-37,-10,52
-36,-9,52
-36,-9,51
-38,-10,52
-35,-9,52
-37,-9,51
-37,-10,52
-36,-9,52
-37,-10,52
-36,-9,52
-37,-9,51
-37,-10,51
-36,-11,52
-34,-10,54
-31,-9,53
-34,-10,52
-37,-11,52
-37,-10,55
-39,-9,48
-36,-9,50
-39,-8,53
-39,-9,53
-39,-8,51
-36,-9,50
-39,-10,51
-39,-10,52
-38,-10,49
-37,-10,50
-38,-10,52
-38,-9,53
-36,-9,53
-33,-10,54
-34,-11,53
-35,-11,53
-38,-11,53
-34,-10,53
-34,-10,54
-33,-10,55
-33,-11,54
-34,-12,55
-31,-11,55
-28,-13,54
-30,-14,55
-32,-13,57
-32,-13,58
-29,-14,55
-28,-15,53
-23,-19,54
-20,-19,56
-21,-17,55
-22,-16,56
-22,-18,56
-23,-18,55
-23,-19,54
-25,-17,57
-26,-18,55
-26,-18,54
-20,-17,55
-22,-18,57
-27,-15,52
-37,-18,53
-31,-15,54
-35,-15,54
-32,-13,55
-30,-11,56
-32,-12,57
-29,-12,58
-31,-12,54
-39,-12,50
-37,-11,53
-35,-13,50
-35,-12,51
-34,-10,55
-33,-10,58
-33,-9,53
-35,-10,51
-35,-9,53
-34,-10,55
-34,-8,54
-35,-8,54
-33,-9,54
-33,-8,54
-34,-8,54
-36,-9,54
-36,-8,55
-34,-7,57
-36,-9,53
-31,-9,56
-34,-9,54
-35,-10,54
-36,-12,48
-35,-12,50
-38,-14,51
-35,-11,52
-34,-12,50
-35,-12,53
-35,-11,53
-35,-13,53
-35,-12,53
-34,-12,52
-33,-13,53
-34,-12,53
-34,-13,54
-35,-12,52
-33,-12,53
-38,-12,52
-38,-14,50
-34,-13,51
-31,-13,54
-31,-13,53
-31,-14,53
-34,-13,54
-35,-13,52
-36,-14,50
-34,-13,54
-34,-14,53
-34,-13,53
-34,-13,53
-35,-14,53
-35,-13,52
-34,-13,53
-34,-13,53
-35,-13,53
-34,-13,53
-34,-13,53
-34,-13,53
-35,-14,52
-34,-13,53
-34,-13,53
-35,-13,53
-34,-13,52
-35,-14,53
-34,-13,53
-34,-13,53
-34,-13,53
-34,-13,53
-35,-13,53
-34,-13,53
-35,-13,53
-35,-13,52
-34,-13,53
-35,-13,53
-34,-12,53
-34,-13,54
-35,-13,53
-34,-13,53
-34,-13,52
-35,-13,52
-35,-13,52
-34,-13,53
-34,-13,53
-35,-13,52
-35,-13,53
-35,-13,53
-35,-13,52
-35,-13,53
-34,-13,53
-35,-13,53
-34,-13,53
-35,-13,53
-35,-13,53
-34,-13,52
-35,-13,52
-34,-13,53
-34,-13,53
-35,-13,53
-34,-13,53
-35,-13,52
-35,-13,52
-35,-13,52
-35,-13,52
-34,-13,53
-35,-13,53
-35,-13,53
-36,-13,52
-35,-13,53
-34,-12,52
-36,-13,52
-35,-13,52
-34,-13,53
-35,-13,51
-35,-13,52
-35,-13,53
-34,-13,53
-36,-13,52
-35,-13,53
-34,-13,53
-35,-13,53
-35,-13,52
-35,-13,52
-34,-13,53
-35,-13,53
-35,-12,52
-35,-13,53
-35,-13,53
-35,-13,52
-35,-12,52
-35,-13,52
-36,-13,52
-35,-13,53
-34,-12,53
-36,-13,52
-36,-13,53
-34,-12,53
-36,-13,52
-34,-13,53
-35,-13,52
-36,-13,53
-34,-13,52
-35,-13,52
-36,-13,53
-34,-13,53
-35,-13,52
-35,-12,53
-35,-13,52
-35,-13,52
-34,-13,52
-35,-13,52
-36,-13,52
-34,-13,53
-35,-13,53
-35,-12,53
-36,-13,52
-35,-13,52
-34,-12,53
-35,-12,52
-35,-13,53
-35,-13,53
-35,-12,52
-35,-13,52
-36,-13,53
-36,-13,52
-34,-12,53
-34,-12,52
-36,-13,52
-36,-13,52
-34,-12,53
-34,-12,52
-36,-13,52
-35,-13,52
-34,-12,53
-34,-12,52
-36,-14,52
-36,-14,53
-34,-12,53
-35,-12,52
-35,-13,52
-35,-13,53
-34,-12,53
-35,-13,52
-36,-13,53
-34,-12,53
-35,-12,52
-35,-13,52
-35,-13,53
-34,-12,53
-34,-12,52
-35,-13,53
-35,-13,53
-35,-12,52
-35,-12,52
-35,-13,52
-36,-13,52
-35,-12,53
-34,-13,53
-36,-13,52
-35,-12,52
-35,-13,53
-35,-13,52
-35,-12,53
-34,-13,53
-33,-12,52
-35,-12,52
-32,-13,55
-33,-13,54
-36,-13,51
-36,-13,52
-35,-13,52
-35,-12,52
-37,-13,51
-35,-12,53
-36,-13,52
-38,-13,51
-39,-12,50
-37,-13,50
-37,-13,50
-36,-12,54
-36,-11,55
-37,-12,50
-40,-13,46
-33,-13,55
-31,-11,58
-36,-11,51
-38,-12,50
-35,-12,53
-36,-12,52
-35,-12,52
-35,-12,53
-36,-12,52
-36,-12,52
-36,-12,52
-36,-12,52
-36,-12,52
-36,-12,52
-35,-12,52
-35,-12,52
-36,-12,52
-36,-12,52
-36,-12,52
-36,-12,52
-36,-12,52
-35,-12,52
-36,-12,52
-36,-12,52
-35,-12,52
-36,-12,52
-35,-12,52
-36,-12,52
-36,-12,52
-36,-12,52
-37,-12,52
-35,-12,52
-36,-12,52
-36,-12,52
-36,-12,52
-36,-12,52
-35,-12,52
-36,-12,52
-36,-12,52
-36,-12,52
-36,-12,52
-36,-12,52
-36,-12,53
-35,-12,52
-36,-12,52
-36,-12,52
-35,-13,53
-35,-12,52
-37,-12,51
-36,-12,52
-36,-12,52
-36,-12,52
-36,-11,53
-36,-13,50
-36,-12,53
-35,-12,52
-36,-12,52
-36,-12,52
-36,-12,52
-36,-12,52
-36,-12,52
-36,-12,52
-36,-12,52
-35,-12,52
-36,-12,52
-36,-12,52
-36,-12,52
-36,-12,52
-36,-12,52
-35,-12,52
-36,-12,52
-35,-12,52
-36,-12,52
-35,-12,52
-35,-12,52
-36,-12,52
-35,-12,52
-36,-12,52
-35,-12,52
-36,-12,52
-37,-12,52
-34,-11,53
-36,-12,52
-36,-12,52
-35,-12,53
-36,-12,52
-35,-11,52
-37,-13,52
-36,-12,52
-35,-11,52
-36,-12,52
-37,-13,52
-36,-12,52
-34,-11,52
-36,-12,52
-36,-13,52
-36,-12,52
-35,-12,52
-36,-12,52
-36,-12,52
-35,-11,52
-35,-12,52
-36,-12,52
-35,-12,52
-36,-12,52
-35,-12,52
-36,-12,52
-36,-12,53
-36,-11,52
-36,-13,50
-36,-12,53
-35,-12,52
-35,-12,52
-36,-12,52
-35,-13,53
-35,-12,53
-35,-11,51
-36,-12,52
-36,-13,52
-35,-11,53
-36,-11,52
-37,-12,52
-35,-12,52
-35,-12,53
-35,-11,52
-37,-13,52
-36,-12,53
-35,-11,52
-37,-12,51
-35,-12,53
-35,-12,53
-36,-12,52
-36,-11,51
-36,-13,52
-36,-12,53
-36,-11,52
-36,-12,51
-36,-12,52
-35,-12,53
-36,-12,52
-35,-12,52
-37,-12,52
-36,-12,53
-35,-12,52
-36,-12,52
-36,-12,52
-37,-13,52
-35,-11,53
-37,-12,51
-37,-13,51
-37,-13,52
-35,-11,52
-36,-12,52
-37,-13,52
-36,-12,52
-35,-11,53
-36,-12,52
-37,-12,52
-36,-12,52
-35,-11,53
-36,-12,51
-37,-12,51
-36,-12,52
-36,-12,52
-35,-12,53
-36,-12,52
-36,-12,52
-35,-12,52
-36,-12,52
-36,-12,52
-36,-12,51
-36,-11,52
-35,-12,53
-36,-12,52
-36,-12,52
-35,-12,52
-36,-12,52
-35,-12,53
-36,-12,52
-35,-12,52
-36,-12,52
-36,-12,52
-35,-12,52
-36,-12,52
-36,-12,52
-36,-12,52
-36,-11,52
-36,-13,52
-36,-12,52
-35,-11,52
-37,-12,52
-36,-12,53
-34,-12,53
-36,-11,51
-36,-12,52
-35,-12,53
-36,-12,52
-35,-12,53
-35,-12,52
-37,-12,52
-35,-12,53
-36,-11,51
-37,-12,52
-35,-12,53
-35,-12,52
-36,-12,53
-35,-12,52
-36,-12,52
-35,-12,52
-35,-12,52
-36,-12,52
-36,-12,53
-36,-12,52
-35,-12,53
-35,-12,52
-36,-12,52
-36,-12,52
-35,-11,52
-36,-12,52
-36,-12,52
-36,-12,52
-35,-12,53
-35,-12,52
-36,-12,52
-35,-12,53
-35,-11,52
-36,-12,52
-36,-12,53
-36,-12,53
-35,-12,53
-36,-11,52
-36,-11,52
-37,-13,52
-35,-12,52
-32,-12,52
-38,-12,50
-38,-13,47
-32,-12,55
-32,-11,58
-39,-10,51
-38,-10,52
-35,-13,52
-34,-13,53
-38,-11,53
-37,-10,54
-31,-11,58
-31,-12,60
-32,-13,57
-31,-13,56
-26,-16,54
-24,-18,53
-23,-20,53
-21,-21,54
-18,-20,55
-16,-20,58
-21,-21,57
-24,-21,56
-26,-20,54
-25,-21,53
-18,-21,55
-16,-22,54
-23,-21,52
-23,-20,51
-21,-22,54
-34,-16,54
-37,-13,55
-33,-13,58
-33,-16,54
-22,-19,45
-30,-17,49
-45,-11,60
-45,-7,58
-38,-9,49
-45,-13,50
-40,-9,59
-46,-11,48
-33,-10,49
-35,-10,53
-38,-8,57
-33,-10,55
-36,-12,50
-35,-11,49
-33,-9,56
-34,-9,56
-33,-9,53
-34,-10,54
-31,-11,54
-30,-10,54
-34,-11,55
-36,-10,52
-32,-9,54
-32,-11,55
-34,-10,55
-34,-10,54
-33,-10,54
-32,-10,54
-34,-10,55
-34,-10,54
-32,-9,54
-33,-10,53
-34,-11,54
-33,-10,55
-33,-10,55
-34,-9,53
-33,-10,54
-34,-11,54
-34,-10,54
-32,-9,54
-34,-11,54
-33,-10,54
-33,-10,55
-33,-10,53
-34,-10,54
-33,-11,54
-33,-10,55
-32,-9,54
-34,-10,53
-34,-10,54
-32,-11,55
-34,-10,54
-34,-10,53
-34,-11,54
-33,-10,55
-31,-9,54
-35,-11,53
-34,-11,54
-32,-11,55
-34,-10,53
-34,-10,53
-34,-11,54
-34,-10,55
-32,-9,54
-34,-10,53
-34,-11,53
-32,-10,56
-33,-11,53
-34,-10,53
-34,-11,55
-33,-10,54
-32,-9,55
-34,-10,53
-34,-10,54
-33,-11,55
-34,-11,53
-34,-10,53
-34,-10,55
-33,-10,54
-34,-10,54
-34,-10,54
-33,-10,54
-33,-11,55
-33,-10,53
-34,-10,53
-33,-10,54
-33,-10,55
-33,-10,54
-34,-10,53
-33,-10,54
-33,-11,55
-33,-10,54
-33,-10,53
-34,-11,54
-33,-10,54
-33,-10,55
-33,-10,54
-33,-10,54
-34,-11,55
-33,-10,53
-34,-10,53
-33,-10,54
-34,-9,55
-33,-10,54
-33,-10,54
-33,-11,54
-34,-10,55
-33,-10,55
-33,-10,54
-34,-10,54
-33,-10,54
-33,-10,55
-33,-10,54
-33,-10,54
-33,-12,54
-33,-10,54
-33,-10,54
-34,-11,54
-33,-10,54
-32,-9,54
-33,-10,54
-33,-10,54
-34,-11,54
-33,-10,54
-32,-10,54
-35,-11,53
-33,-10,54
-32,-10,54
-34,-10,54
-34,-11,53
-33,-11,54
-32,-10,54
-34,-10,54
-33,-11,54
-33,-10,54
-33,-10,54
-33,-10,54
-33,-11,54
-34,-11,54
-32,-10,54
-33,-10,53
-34,-11,55
-33,-10,54
-33,-10,54
-34,-11,54
-33,-11,54
-33,-11,54
-32,-10,54
-33,-10,54
-34,-11,55
-32,-10,54
-34,-11,53
-34,-9,55
-33,-11,54
-34,-10,55
-32,-10,53
-34,-10,55
-33,-10,55
-34,-10,53
-34,-10,54
-33,-10,55
-33,-10,55
-33,-10,54
-34,-11,51
-33,-10,55
-32,-11,53
-35,-9,55
-33,-10,53
-33,-10,55
-33,-10,54
-34,-11,54
-33,-10,53
-34,-10,55
-33,-10,54
-34,-9,56
-33,-10,54
-33,-10,54
-33,-10,55
-33,-10,55
-33,-11,52
-33,-10,55
-33,-11,54
-34,-10,54
-33,-11,54
-33,-10,54
-33,-11,55
-32,-11,54
-34,-11,54
-33,-11,52
-33,-9,56
-32,-9,55
-34,-11,54
-34,-11,54
-33,-10,54
-33,-10,54
-33,-10,54
-33,-10,53
-33,-9,55
-33,-11,54
-34,-11,54
-33,-10,54
-33,-9,56
-32,-9,56
-32,-10,56
-32,-11,55
-31,-10,54
-33,-11,55
-34,-13,53
-35,-12,53
-31,-11,56
-32,-12,55
-34,-13,55
-35,-12,57
-36,-11,54
-37,-13,54
-39,-15,54
-32,-15,51
-29,-16,49
-33,-19,47
-34,-20,46
-31,-20,45
-31,-20,44
-29,-21,46
-34,-20,48
-31,-16,55
-28,-14,55
-31,-15,56
-31,-15,58
-33,-11,57
-35,-11,55
-38,-11,55
-38,-11,54
-40,-10,53
-37,-11,51
-38,-11,53
-38,-11,50
-40,-11,50
-40,-11,49
-41,-11,48
-44,-11,48
-43,-9,49
-41,-10,47
-42,-10,48
-42,-10,48
-42,-10,48
-43,-10,47
-43,-10,47
-45,-9,47
-45,-10,46
-43,-10,45
-44,-10,45
-46,-10,47
-45,-9,46
-46,-9,45
-45,-10,45
-45,-9,46
-47,-10,45
-42,-11,44
-40,-10,49
-46,-10,45
-44,-10,45
-41,-10,48
-41,-11,46
-46,-11,46
-45,-10,45
-46,-11,44
-45,-11,45
-44,-9,46
-43,-10,46
-43,-11,46
-45,-11,45
-44,-10,44
-45,-10,45
-44,-9,46
-44,-10,46
-44,-9,46
-45,-9,45
-45,-9,44
-46,-9,45
-47,-9,45
-46,-9,44
-45,-10,44
-45,-9,45
-46,-9,45
-46,-8,44
-48,-8,44
-46,-7,45
-46,-7,44
-47,-8,44
-48,-7,44
-48,-8,43
-47,-8,43
-47,-8,43
-47,-8,44
-48,-7,44
-48,-7,43
-47,-8,43
-47,-8,43
-46,-8,43
-47,-8,44
-47,-8,44
-46,-8,44
-45,-8,45
-47,-8,44
-47,-8,43
-47,-8,43
-47,-8,44
-46,-8,45
-45,-8,45
-46,-8,44
-46,-7,45
-47,-8,44
-47,-8,43
-47,-8,44
-48,-8,44
-44,-8,46
-46,-8,46
-46,-8,46
-46,-7,45
-48,-8,42
-49,-9,42
-46,-10,42
-45,-10,44
-43,-11,45
-43,-10,45
-44,-10,45
-44,-12,42
-46,-10,43
-47,-9,45
-46,-9,46
-43,-6,55
-42,-6,54
-42,-8,56
-42,-6,58
-42,-6,54
-43,-6,52
-36,-12,50
-42,-11,50
-39,-14,52
-26,-19,45
-42,-19,42
-44,-21,36
-47,-23,32
-46,-27,27
-43,-29,31
-45,-28,32
-57,-16,42
-52,-15,46
-38,-16,50
-33,-16,51
-33,-14,52
-46,-13,46
-50,-12,45
-43,-11,44
-39,-13,51
-48,-21,46
-44,-24,41
-39,-22,42
-43,-22,38
-39,-22,25
-55,-16,32
-45,-8,44
-28,-8,51
-48,-11,47
-57,-11,41
-54,-8,46
-57,-9,43
-58,-8,34
-58,-10,27
-65,-12,21
-67,-13,20
-61,-13,18
-62,-12,19
-60,-12,20
-60,-13,19
-61,-12,20
-60,-13,21
-62,-13,19
-61,-13,18
-60,-13,20
-58,-15,23
-62,-13,22
-65,-12,18
-56,-13,27
-50,-14,34
-61,-14,26
-54,-15,29
-51,-14,29
-61,-14,25
-63,-14,27
-51,-13,33
-47,-14,28
-64,-15,26
-60,-13,25
-51,-13,33
-50,-13,30
-60,-11,23
-54,-14,24
-64,-11,30
-73,-10,30
-51,-13,28
-48,-13,33
-52,-12,36
-68,-12,32
-53,-11,38
-39,-12,39
-49,-14,41
-46,-15,43
-35,-15,50
-33,-11,52
-38,-9,48
-47,-7,50
-52,-9,37
-46,-9,32
-43,-9,37
-64,-14,20
-64,-15,10
-75,-13,2
-70,-10,12
-60,-9,19
-75,-8,20
-63,-12,18
-54,-11,17
-57,-11,23
-64,-14,29
-33,-13,41
-29,-11,45
-53,-19,40
-51,-16,41
-24,-6,59
-17,-8,47
-77,-11,15
-54,-12,27
-51,-9,23
-62,-18,1
-84,-14,0
-65,-11,-1
-73,-11,10
-52,-7,16
-55,-8,17
-73,-15,13
-69,-10,12
-42,-10,30
-49,-12,35
-48,-15,33
-45,-16,37
-38,-9,37
-34,-4,53
-72,-11,25
-69,-16,12
-64,-9,15
-66,-13,14
-59,-16,1
-80,-12,2
-63,-12,-3
-60,-8,3
-70,-11,16
-61,-11,11
-64,-15,13
-69,-7,12
-66,-12,10
-43,-16,29
-39,-14,39
-67,-12,29
-67,-10,25
-52,-12,34
-49,-11,32
-50,-17,38
-55,-16,37
-47,-12,42
-58,-13,42
-37,-14,38
-56,-12,48
-53,-12,46
-44,-12,45
-41,-12,46
-39,-12,43
-77,-20,17
-48,-19,28
-53,-18,34
-71,-16,25
-28,-21,50
-18,-18,57
-43,-18,51
-23,-21,55
-9,-16,60
-26,-18,59
-12,-19,56
-15,-19,54
-13,-20,56
-16,-18,58
-11,-17,64
-11,-14,63
-16,-13,64
-7,-14,59
-13,-13,61
-22,-14,61
-18,-14,60
-23,-13,59
-21,-13,59
-22,-12,60
-24,-12,58
-25,-11,58
-24,-12,58
-26,-11,59
-27,-11,56
-25,-10,60
-24,-8,60
-23,-9,60
-23,-9,59
-21,-9,60
-22,-8,61
-22,-8,59
-22,-8,60
-20,-8,59
-23,-8,59
-23,-7,59
-22,-6,60
-24,-5,61
-22,-4,62
-20,-5,61
-24,-7,60
-22,-7,60
-20,-9,60
-20,-8,60
-20,-5,63
-20,-6,61
-19,-6,62
-20,-5,62
-19,-5,62
-23,-5,63
-21,-6,60
-20,-7,59
-20,-10,59
-21,-11,60
-21,-11,60
-20,-11,60
-14,-9,62
-12,-9,63
-12,-9,64
-6,-12,57
-5,-15,55
-36,-14,50
-47,-12,47
-42,-9,44
-43,-9,47
-53,-5,42
-51,-7,36
-56,-10,33
-59,-8,34
-57,-9,27
-56,-10,25
-62,-11,23
-60,-11,24
-55,-14,18
-61,-14,16
-63,-12,18
-63,-12,18
-57,-11,27
-56,-10,29
-56,-12,29
-55,-12,32
-53,-10,32
-56,-9,28
-58,-10,26
-58,-10,27
-58,-9,26
-60,-8,30
-60,-9,30
-58,-9,30
-56,-9,30
-58,-8,29
-62,-8,35
-55,-9,30
-57,-10,30
-54,-11,33
-55,-12,33
-54,-11,31
-53,-12,33
-60,-11,28
-61,-11,28
-51,-13,37
-50,-16,39
-51,-17,34
-47,-18,33
-38,-18,35
-44,-15,41
-45,-14,41
-36,-13,47
-35,-14,59
-39,-12,57
-35,-9,54
-39,-10,54
-42,-9,48
-42,-10,49
-42,-12,49
-43,-11,48
-42,-11,48
-41,-11,46
-42,-12,47
-43,-11,47
-43,-11,48
-42,-11,46
-42,-11,47
-43,-11,47
-42,-11,47
-43,-11,47
-43,-11,47
-43,-11,47
-43,-11,47
-43,-11,47
-43,-11,47
-43,-11,47
-43,-11,47
-43,-11,47
-42,-11,47
-42,-11,47
-43,-11,47
-43,-11,47
-43,-11,47
-42,-11,47
-43,-11,47
-43,-11,47
-43,-11,47
-42,-11,47
-43,-11,46
-43,-11,47
-43,-10,47
-43,-11,46
-43,-11,47
-42,-11,47
-44,-11,47
-43,-10,46
-44,-10,46
-44,-10,47
-42,-11,47
-43,-11,46
-43,-11,47
-42,-11,47
-44,-11,46
-44,-11,46
-43,-11,47
-43,-11,47
-43,-10,47
-42,-10,47
-44,-11,46
-43,-10,47
-43,-10,47
-44,-10,46
-44,-11,46
-42,-10,47
-43,-11,47
-44,-11,46
-43,-10,46
-43,-11,47
-43,-11,47
-43,-11,46
-43,-10,47
-43,-11,46
-45,-11,46
-43,-10,47
-43,-11,45
-44,-9,47
-43,-11,46
-43,-11,47
-43,-10,47
-44,-11,45
-44,-11,46
-43,-11,47
-43,-10,47
-43,-11,46
-44,-10,46
-43,-11,46
-44,-10,47
-43,-10,46
-44,-11,46
-43,-10,47
-44,-10,46
-44,-10,46
-44,-11,47
-43,-11,47
-43,-10,46
-44,-10,46
-44,-11,47
-43,-10,47
-43,-10,46
-44,-10,46
-43,-11,47
-43,-11,47
-43,-10,46
-44,-11,46
-43,-10,47
-43,-10,47
-43,-10,46
-44,-10,46
-44,-10,46
-43,-10,47
-44,-11,46
-45,-10,46
-42,-10,47
-43,-10,46
-43,-10,47
-43,-11,46
-44,-10,46
-43,-10,46
-44,-11,46
-43,-10,47
-43,-10,47
-44,-10,46
-43,-10,47
-43,-11,47
-43,-10,46
-45,-11,46
-44,-10,47
-43,-10,47
-43,-10,46
-43,-10,46
-43,-11,47
-43,-10,47
-43,-10,47
-44,-10,46
-43,-10,47
-44,-10,46
-44,-10,46
-43,-10,47
-44,-11,46
-44,-10,46
-44,-10,46
-43,-10,47
-43,-10,47
-45,-10,46
-43,-10,46
-43,-11,46
-43,-10,46
-43,-10,46
-44,-10,46
-43,-10,47
-44,-10,46
-44,-10,46
-43,-10,47
-44,-11,46
-43,-10,46
-44,-10,46
-44,-10,47
-43,-10,46
-44,-10,46
-44,-10,46
-43,-11,46
-44,-10,46
-43,-10,46
-44,-10,46
-43,-10,46
-42,-10,47
-44,-10,46
-44,-10,46
-44,-11,46
-44,-10,46
-43,-10,46
-44,-10,46
-43,-11,47
-44,-10,46
-44,-10,46
-44,-11,46
-44,-11,46
-43,-10,46
-44,-11,46
-43,-10,47
-43,-10,46
-43,-10,46
-43,-10,46
-44,-11,46
-44,-10,46
-44,-10,46
-44,-10,46
-43,-10,47
-43,-10,46
-43,-10,46
-43,-10,46
-44,-10,46
-43,-10,47
-44,-10,46
-45,-10,46
-42,-10,47
-44,-10,46
-44,-10,46
-44,-11,46
-43,-10,46
-44,-10,46
-45,-10,46
-43,-10,47
-43,-10,46
-44,-11,46
-44,-10,46
-43,-10,46
-43,-10,46
-44,-11,46
-43,-11,47
-44,-10,46
-44,-10,46
-43,-10,46
-44,-11,46
-42,-10,47
-43,-10,46
-44,-11,46
-43,-11,46
-44,-10,47
-43,-10,46
-44,-10,46
-43,-10,46
-42,-10,46
-44,-10,46
-44,-11,46
-43,-10,47
-43,-10,46
-44,-11,46
-44,-11,46
-43,-10,47
-43,-10,46
-45,-11,46
-43,-11,46
-43,-10,46
-43,-10,46
-44,-10,46
-43,-11,46
-43,-10,47
-43,-10,46
-44,-10,46
-43,-10,47
-44,-10,46
-44,-10,46
-44,-10,46
-44,-11,46
-43,-10,47
-43,-10,46
-44,-10,47
-43,-11,46
-44,-10,46
-43,-10,46
-43,-10,46
-44,-10,46
-43,-10,46
-44,-10,46
-43,-10,46
-44,-10,46
-44,-10,46
-43,-10,46
-44,-10,46
-43,-10,46
-43,-10,47
-44,-10,46
-43,-11,47
-44,-10,46
-44,-10,46
-44,-10,46
-44,-10,47
-43,-10,46
-44,-10,46
-44,-11,46
-43,-11,47
-43,-10,46
-43,-10,46
-44,-10,46
-44,-11,46
-43,-10,46
-44,-10,46
-44,-11,46
-44,-11,46
-43,-10,46
-44,-11,46
-44,-11,47
-43,-10,46
-45,-10,46
-43,-10,46
-44,-11,46
-44,-10,46
-43,-10,46
-44,-11,47
-43,-10,46
-44,-10,46
-44,-10,46
-43,-11,46
-43,-10,47
-43,-10,47
-43,-10,46
-44,-11,46
-44,-10,46
-43,-10,46
-44,-11,46
-43,-11,47
-43,-10,47
-43,-10,46
-43,-10,47
-44,-11,46
-43,-10,47
-44,-10,46
-44,-10,46
-43,-10,47
-43,-10,46
-43,-10,46
-43,-11,47
-40,-11,47
-43,-9,46
-46,-10,45
-42,-11,47
-38,-11,48
-41,-11,49
-43,-13,47
-49,-10,45
-43,-12,44
-44,-12,43
-49,-9,44
-42,-10,47
-41,-9,47
-43,-10,48
-45,-12,46
-43,-11,47
-49,-9,44
-42,-10,47
-41,-9,47
-43,-10,48
-45,-12,46
-43,-11,47
-44,-10,46
-41,-11,47
-42,-12,47
-44,-11,46
-46,-10,45
-44,-10,46
-43,-11,46
-44,-10,46
-44,-11,45
-44,-11,45
-45,-11,46
-44,-11,46
-44,-11,45
-46,-10,45
-44,-10,45
-43,-11,46
-45,-11,45
-45,-11,45
-44,-10,45
-45,-10,45
-44,-10,45
-44,-10,46
-45,-10,45
-45,-10,45
-44,-10,45
-45,-10,46
-46,-10,44
-44,-10,45
-46,-10,44
-45,-10,45
-45,-11,46
-44,-11,46
-44,-10,45
-45,-10,45
-45,-10,46
-45,-10,45
-44,-10,46
-48,-11,44
-45,-10,44
-45,-10,45
-45,-9,45
-46,-10,45
-46,-11,45
-42,-9,47
-44,-9,45
-47,-10,43
-45,-10,45
-44,-10,46
-44,-10,45
-46,-10,44
-46,-10,45
-44,-10,45
-45,-10,45
-45,-10,45
-45,-10,45
-44,-10,45
-45,-10,44
-45,-9,45
-45,-10,46
-45,-10,45
-45,-9,44
-46,-10,45
-44,-10,46
-45,-10,45
-45,-10,45
-45,-10,45
-45,-10,45
-45,-10,45
-45,-10,45
-45,-10,45
-44,-10,45
-45,-10,45
-46,-9,45
-44,-10,45
-46,-10,45
-44,-9,44
-49,-10,46
-43,-9,43
-49,-10,45
-44,-10,43
-45,-10,45
-47,-10,44
-44,-10,45
-44,-9,45
-47,-10,44
-44,-10,45
-46,-10,45
-45,-9,45
-46,-10,45
-45,-10,45
-44,-10,45
-45,-9,45
-44,-9,45
-45,-10,45
-45,-9,45
-45,-10,45
-45,-10,45
-45,-10,45
-46,-10,44
-46,-10,45
-44,-10,46
-45,-9,45
-45,-9,45
-46,-10,44
-46,-10,44
-46,-10,45
-44,-9,45
-46,-9,45
-45,-10,45
-45,-10,45
-45,-9,45
-45,-10,45
-46,-10,45
-45,-10,45
-46,-9,45
-45,-10,45
-45,-10,45
-46,-10,44
-45,-10,45
-46,-10,44
-45,-10,45
-45,-10,45
-46,-10,45
-44,-10,45
-45,-10,45
-46,-10,44
-45,-10,45
-46,-10,45
-45,-9,45
-45,-10,45
-46,-10,45
-44,-10,45
-45,-10,45
-45,-9,45
-45,-10,45
-46,-10,44
-45,-10,45
-45,-10,45
-44,-10,45
-45,-10,45
-45,-10,45
-45,-10,45
-46,-10,45
-45,-10,45
-45,-10,45
-45,-9,45
-44,-10,45
-45,-10,45
-45,-10,45
-45,-10,45
-45,-10,45
-45,-10,45
-46,-10,45
-44,-9,46
-45,-10,45
-45,-10,45
-46,-10,45
-44,-10,46
-45,-10,45
-45,-10,45
-43,-9,47
-45,-7,50
-45,-7,51
-46,-7,51
-44,-8,52
-41,-11,54
-40,-13,49
-42,-16,43
-39,-17,37
-45,-25,30
-40,-18,42
-42,-15,48
-43,-12,52
-41,-13,49
-41,-15,45
-43,-14,46
-42,-14,48
-38,-13,49
-42,-13,48
-42,-12,49
-40,-10,51
-40,-10,52
-41,-13,47
-43,-12,46
-42,-12,47
-41,-12,47
-43,-12,47
-43,-12,47
-41,-12,47
-42,-12,47
-43,-12,47
-42,-12,47
-42,-12,47
-41,-12,47
-42,-13,47
-42,-12,47
-42,-12,47
-43,-12,47
-42,-12,47
-41,-12,47
-42,-12,47
-43,-12,46
-42,-13,47
-39,-11,46
-41,-12,48
-43,-14,47
-41,-11,46
-43,-11,47
-43,-13,48
-41,-12,47
-42,-12,47
-43,-12,47
-42,-13,47
-42,-12,47
-42,-12,47
-43,-12,47
-42,-12,47
-42,-12,48
-43,-12,47
-42,-12,47
-42,-12,47
-42,-12,47
-42,-12,47
-42,-12,47
-42,-12,47
-42,-12,48
-43,-12,47
-43,-12,47
-41,-12,47
-43,-13,47
-42,-12,47
-41,-12,47
-43,-12,47
-40,-12,47
-43,-12,47
-43,-12,46
-42,-12,47
-42,-12,47
-42,-12,47
-42,-12,47
-42,-12,47
-41,-12,48
-42,-12,47
-43,-12,47
-41,-12,47
-43,-12,47
-42,-12,47
-42,-12,47
-43,-13,47
-43,-12,47
-41,-11,47
-43,-12,47
-42,-12,47
-42,-12,47
-42,-12,47
-42,-12,47
-43,-12,47
-42,-12,47
-42,-12,47
-42,-12,47
-42,-12,47
-43,-12,47
-42,-12,47
-42,-12,47
-43,-12,47
-41,-12,48
-41,-12,47
-43,-12,47
-42,-12,47
-42,-12,47
-43,-12,47
-42,-12,47
-42,-12,47
-43,-12,48
-41,-12,47
-43,-12,47
-42,-12,47
-42,-12,47
-42,-12,47
-42,-12,47
-43,-12,47
-42,-12,47
-42,-12,47
-43,-12,47
-42,-12,47
-42,-12,47
-43,-12,47
-42,-12,47
-42,-12,47
-42,-12,47
-42,-12,47
-43,-12,47
-41,-12,47
-42,-12,47
-42,-12,47
-42,-12,47
-43,-12,47
-43,-12,47
-42,-12,47
-43,-12,47
-42,-12,47
-42,-12,47
-42,-12,47
-41,-12,47
-43,-12,47
-43,-12,47
-41,-12,47
-43,-12,47
-41,-12,47
-42,-12,47
-42,-12,47
-43,-12,47
-43,-12,47
-42,-12,47
-43,-12,47
-43,-12,47
-42,-12,47
-42,-12,47
-43,-11,46
-42,-12,47
-42,-12,47
-43,-12,47
-42,-12,47
-42,-12,46
-43,-12,47
-42,-12,47
-43,-12,47
-42,-11,47
-43,-12,47
-42,-12,47
-42,-11,47
-43,-12,47
-43,-12,47
-42,-11,47
-43,-12,47
-42,-12,47
-43,-12,46
-44,-11,46
-42,-12,47
-43,-12,47
-42,-12,47
-42,-12,47
-43,-12,47
-42,-12,47
-43,-11,47
-43,-11,46
-42,-12,47
-43,-12,47
-42,-12,47
-42,-12,47
-43,-12,46
-42,-12,47
-43,-12,47
-43,-12,46
-43,-12,47
-43,-12,47
-42,-12,47
-42,-12,47
-43,-12,47
-42,-12,47
-43,-12,47
-43,-11,46
-43,-12,46
-43,-12,47
-42,-12,47
-43,-11,46
-43,-11,47
-43,-12,46
-43,-12,46
-42,-11,47
-43,-12,46
-43,-12,47
-42,-12,47
-44,-12,46
-43,-12,46
-42,-12,47
-43,-12,47
-43,-12,47
-43,-11,47
-43,-12,47
-42,-12,47
-44,-11,46
-44,-11,47
-43,-12,47
-44,-12,47
-42,-12,46
-43,-12,47
-42,-12,47
-42,-12,46
-44,-12,47
-41,-11,47
-43,-12,47
-43,-12,46
-42,-11,47
-43,-12,46
-42,-12,47
-42,-12,47
-43,-11,46
-43,-12,46
-43,-12,47
-42,-12,47
-43,-11,47
-42,-11,47
-42,-11,47
-43,-12,47
-42,-11,48
-41,-11,49
-41,-11,48
-42,-12,48
-42,-13,48
-43,-12,47
-43,-12,46
-47,-13,46
-44,-12,46
-40,-13,48
-39,-13,49
-42,-14,46
-41,-14,46
-41,-14,46
-43,-14,46
-44,-14,46
-41,-14,47
-43,-14,47
-44,-15,46
-43,-14,47
-42,-13,48
-42,-14,48
-44,-16,45
-40,-15,45
-45,-16,43
-47,-17,42
-44,-18,41
-41,-18,43
-43,-17,43
-45,-17,43
-43,-18,43
-41,-18,43
-42,-17,49
-42,-17,47
-42,-16,48
-44,-16,46
-39,-17,47
-35,-17,51
-38,-16,47
-39,-16,50
-42,-16,50
-38,-15,49
-36,-15,51
-37,-15,51
-36,-16,51
-39,-15,47
-38,-15,49
-40,-16,47
-42,-15,48
-43,-13,51
-41,-13,50
-43,-15,44
-38,-19,45
-33,-18,49
-35,-16,51
-38,-13,50
-26,-12,62
-41,-12,51
-33,-12,51
-39,-14,50
-39,-14,50
-38,-15,47
-37,-15,47
-37,-14,48
-38,-14,49
-41,-14,49
-39,-14,46
-41,-15,45
-44,-14,46
-45,-14,44
-44,-13,47
-43,-14,47
-43,-13,46
-38,-13,45
-44,-15,46
-41,-14,46
-43,-13,47
-43,-14,47
-41,-14,46
-42,-14,46
-43,-14,46
-43,-14,47
-41,-14,46
-41,-14,47
-43,-14,46
-42,-14,47
-42,-14,46
-42,-14,47
-42,-14,47
-42,-14,46
-42,-14,46
-43,-14,46
-43,-14,47
-43,-14,46
-42,-13,46
-42,-14,46
-42,-14,46
-43,-14,46
-43,-14,46
-43,-14,46
-43,-14,46
-42,-13,47
-42,-14,46
-43,-14,46
-43,-14,46
-42,-13,46
-43,-14,46
-42,-14,46
-42,-13,46
-43,-14,47
-42,-13,48
-43,-14,45
-43,-14,46
-43,-14,46
-43,-14,46
-43,-14,46
-43,-14,46
-43,-14,46
-41,-14,47
-43,-14,46
-45,-13,45
-42,-14,46
-44,-13,46
-43,-13,46
-44,-14,45
-44,-13,46
-42,-13,46
-44,-14,46
-43,-13,46
-42,-13,46
-43,-13,45
-43,-13,46
-44,-14,46
-43,-13,46
-42,-13,46
-44,-13,45
-43,-13,46
-42,-14,46
-44,-13,45
-43,-13,46
-44,-14,46
-43,-13,46
-43,-14,45
-43,-13,46
-43,-14,46
-42,-13,46
-43,-13,46
-43,-14,46
-43,-14,46
-43,-13,46
-43,-13,46
-43,-14,46
-43,-13,46
-43,-13,46
-42,-13,46
-44,-13,46
-43,-13,46
-43,-13,46
-42,-13,46
-44,-13,46
-43,-13,46
-43,-13,46
-43,-13,46
-42,-13,46
-43,-14,46
-43,-14,46
-43,-13,46
-44,-13,46
-43,-13,45
-43,-14,46
-44,-13,46
-43,-13,46
-43,-14,46
-44,-13,45
-44,-13,45
-42,-14,46
-44,-14,46
-43,-14,46
-42,-14,46
-43,-14,46
-43,-14,46
-43,-14,46
-43,-14,46
-44,-13,46
-44,-14,45
-43,-14,46
-43,-14,45
-42,-14,46
-43,-14,46
-43,-14,45
-42,-14,46
-43,-14,46
-44,-13,46
-42,-13,46
-44,-14,46
-43,-14,46
-43,-14,46
-43,-14,46
-43,-14,46
-43,-14,46
-43,-14,46
-43,-14,46
-43,-14,46
-43,-14,45
-43,-14,46
-43,-14,46
-43,-14,45
-43,-14,46
-43,-14,46
-43,-14,46
-43,-14,46
-43,-14,45
-43,-14,46
-43,-14,46
-43,-14,45
-43,-14,46
-43,-14,46
-43,-14,46
-43,-14,46
-44,-14,45
-43,-14,46
-43,-14,46
-44,-14,46
-43,-14,46
-44,-14,45
-43,-14,46
-43,-14,46
-44,-14,45
-43,-14,46
-44,-14,46
-43,-14,45
-43,-14,46
-43,-14,46
-44,-14,46
-43,-14,45
-43,-14,45
-42,-14,46
-42,-14,46
-45,-14,45
-43,-14,46
-43,-14,46
-44,-14,46
-43,-14,46
-43,-14,46
-43,-14,46
-43,-14,46
-44,-14,45
-44,-14,45
-42,-14,46
-43,-14,46
-44,-14,45
-43,-14,46
-43,-14,46
-43,-14,46
-44,-14,45
-44,-14,46
-42,-14,46
-43,-14,45
-44,-14,45
-43,-14,45
-43,-14,46
-43,-14,46
-44,-14,45
-43,-14,46
-43,-14,46
-43,-14,46
-43,-14,45
-43,-14,46
-43,-14,46
-43,-14,46
-43,-14,45
-43,-14,46
-43,-14,45
-43,-14,46
-44,-14,45
-43,-14,46
-43,-14,46
-43,-14,45
-43,-13,46
-44,-14,46
-43,-14,46
-44,-14,45
-44,-14,46
-43,-14,46
-44,-14,46
-42,-14,46
-43,-14,45
-43,-14,46
-43,-14,46
-44,-14,45
-43,-14,46
-42,-14,46
-44,-14,46
-42,-14,46
-44,-14,45
-44,-14,46
-43,-13,46
-44,-14,45
-42,-14,46
-44,-14,46
-42,-14,46
-43,-14,46
-43,-14,46
-43,-14,46
-44,-14,45
-44,-14,46
-43,-14,45
-43,-14,46
-43,-14,46
-43,-14,46
-43,-14,46
-43,-14,46
-43,-14,46
-43,-14,46
-44,-14,45
-43,-14,46
-43,-14,46
-43,-14,45
-44,-14,45
-43,-14,46
-43,-14,46
-43,-14,46
-43,-14,46
-43,-14,46
-43,-14,45
-43,-14,46
-44,-14,46
-43,-14,46
-43,-14,46
-43,-14,45
-42,-14,46
-44,-14,46
-44,-13,46
-43,-14,46
-44,-14,45
-42,-14,46
-43,-14,46
-44,-14,45
-43,-14,46
-43,-14,46
-43,-14,46
-43,-14,45
-43,-14,45
-42,-14,46
-44,-14,45
-45,-14,45
-42,-14,46
-43,-14,46
-43,-14,46
-43,-14,45
-43,-14,46
-42,-14,46
-43,-14,45
-44,-14,46
-42,-14,46
-43,-14,46
-43,-14,46
-43,-14,46
-43,-14,45
-43,-14,46
-43,-14,46
-44,-14,45
-43,-14,46
-42,-14,46
-44,-14,45
-43,-14,46
-44,-14,45
-43,-13,46
-43,-14,46
-43,-14,45
-44,-14,46
-43,-14,46
-44,-14,45
-43,-14,46
-43,-14,45
-43,-14,45
-43,-14,46
-44,-14,45
-43,-14,46
-44,-14,45
-44,-14,45
-43,-14,46
-44,-14,45
-42,-13,46
-43,-14,45
-43,-14,46
-42,-14,46
-45,-13,45
-44,-14,45
-44,-14,45
-44,-14,45
-42,-14,46
-43,-14,46
-44,-13,45
-42,-14,46
-45,-13,45
-43,-14,46
-43,-14,46
-44,-14,45
-43,-14,46
-44,-14,45
-44,-14,45
-43,-14,45
-43,-14,45
-43,-14,45
-44,-14,46
-44,-14,46
-43,-14,46
-44,-14,45
-45,-14,45
-42,-14,46
-44,-14,45
-43,-14,46
-43,-14,46
-44,-14,46
-43,-14,46
-44,-14,45
-43,-13,46
-44,-14,45
-44,-14,45
-43,-13,46
-43,-14,45
-43,-14,46
-45,-14,45
-45,-14,45
-42,-14,46
-44,-14,45
-44,-14,46
-42,-14,45
-44,-14,46
-42,-14,46
-44,-14,45
-44,-13,46
-43,-13,45
-45,-14,45
-42,-14,46
-40,-14,46
-43,-14,45
-45,-14,44
-46,-13,44
-43,-14,45
-43,-13,45
-44,-13,45
-45,-12,46
-44,-13,45
-45,-12,45
-45,-12,46
-43,-12,47
-42,-13,47
-43,-13,45
-45,-15,42
-45,-14,43
-44,-14,45
-44,-14,45
-43,-14,45
-44,-14,44
-42,-13,47
-43,-14,47
-43,-14,45
-44,-14,45
-45,-14,45
-45,-14,45
-45,-13,45
-45,-13,45
-42,-13,49
-45,-12,48
-44,-13,45
-44,-14,44
-37,-15,42
-37,-15,43
-42,-15,50
-42,-12,53
-37,-11,49
-40,-13,47
-42,-14,48
-46,-13,46
-40,-12,48
-40,-12,48
-44,-12,46
-42,-12,47
-42,-12,47
-42,-12,47
-42,-12,47
-42,-12,47
-42,-12,47
-42,-12,47
-41,-12,47
-43,-12,47
-42,-12,47
-42,-12,47
-43,-12,47
-42,-12,47
-43,-12,47
-41,-12,48
-42,-12,47
-43,-12,47
-42,-12,47
-43,-12,47
-42,-12,47
-42,-13,47
-43,-13,47
-42,-12,47
-42,-12,47
-42,-13,47
-41,-13,47
-43,-12,47
-43,-12,47
-42,-12,47
-42,-12,47
-42,-12,46
-42,-12,47
-43,-12,47
-43,-12,47
-42,-12,47
-41,-12,47
-43,-12,47
-42,-12,48
-41,-12,47
-43,-12,47
-43,-12,47
-43,-12,47
-43,-12,47
-42,-12,47
-42,-12,47
-42,-12,46
-42,-12,47
-43,-12,47
-42,-12,47
-44,-12,46
-43,-12,47
-42,-11,47
-43,-12,47
-43,-12,47
-42,-12,46
-41,-12,47
-44,-12,46
-44,-12,46
-41,-12,47
-42,-11,47
-44,-12,47
-43,-12,46
-43,-11,46
-43,-12,46
-43,-12,46
-43,-12,46
-43,-12,46
-43,-12,46
-44,-12,46
-42,-12,47
-43,-12,47
-43,-12,46
-43,-12,46
-43,-12,47
-42,-12,47
-42,-11,46
-44,-12,47
-43,-11,47
-42,-12,47
-44,-12,46
-42,-12,47
-42,-12,47
-43,-12,46
-43,-12,47
-43,-11,46
-43,-12,46
-43,-12,46
-43,-12,47
-42,-11,47
-44,-12,46
-43,-11,46
-42,-12,47
-44,-12,46
-42,-12,46
-44,-12,46
-43,-11,46
-43,-11,47
-43,-12,47
-42,-11,47
-43,-12,46
-43,-12,46
-43,-11,47
-43,-12,47
-42,-12,47
-43,-12,46
-43,-12,46
-43,-12,46
-43,-11,46
-41,-11,46
-44,-12,46
-43,-11,46
-43,-11,47
-43,-12,47
-43,-12,46
-44,-12,46
-43,-11,47
-42,-12,48
-43,-12,46
-43,-12,46
-43,-12,46
-42,-11,47
-43,-12,47
-44,-12,46
-44,-11,46
-43,-12,46
-43,-12,47
-43,-11,46
-43,-11,46
-43,-11,46
-43,-12,46
-43,-12,47
-42,-11,46
-44,-11,46
-44,-12,46
-43,-12,47
-44,-12,46
-43,-11,47
-44,-12,46
-44,-12,46
-43,-11,46
-43,-11,47
-43,-12,46
-43,-12,46
-42,-11,46
-42,-11,47
-45,-12,46
-44,-12,45
-43,-11,47
-44,-12,46
-42,-11,47
-43,-12,46
-44,-12,45
-43,-12,47
-45,-13,47
-44,-13,44
-43,-12,47
-45,-13,46
-40,-10,47
-38,-7,46
-46,-13,47
-40,-12,46
-44,-10,46
-45,-11,45
-41,-11,48
-44,-11,45
-43,-10,46
-44,-12,47
-43,-12,47
-43,-11,47
-44,-11,47
-42,-11,48
-45,-13,46
-44,-11,45
-43,-11,47
-42,-12,47
-44,-12,46
-43,-11,47
-43,-11,47
-42,-10,47
-43,-11,47
-43,-11,46
-43,-11,47
-43,-12,46
-43,-12,45
-43,-11,47
-42,-11,47
-44,-12,46
-44,-11,46
-43,-11,47
-43,-11,47
-43,-11,46
-43,-11,46
-42,-11,47
-44,-11,46
-45,-12,45
-42,-12,48
-41,-11,46
-45,-11,45
-43,-12,46
-43,-12,46
-44,-12,45
-42,-12,47
-43,-12,47
-43,-11,47
-43,-12,46
-43,-12,46
-43,-12,47
-43,-11,46
-44,-11,46
-42,-12,47
-43,-12,47
-44,-12,46
-43,-12,47
-43,-12,46
-43,-11,46
-45,-12,46
-43,-12,47
-42,-11,47
-45,-12,45
-42,-11,47
-44,-12,46
-44,-12,46
-43,-11,46
-43,-11,47
-42,-12,46
-44,-12,46
-42,-11,47
-43,-12,47
-45,-12,46
-43,-12,47
-43,-11,46
-42,-12,46
-44,-13,45
-46,-12,44
-44,-13,43
-45,-13,41
-46,-11,46
-46,-9,47
-43,-9,46
-44,-11,47
-42,-9,48
-43,-13,47
-41,-9,50
-40,-6,49
-47,-8,43
-45,-7,46
-39,-8,48
-43,-9,47
-45,-9,46
-44,-9,46
-45,-9,47
-45,-9,45
-44,-8,45
-43,-9,45
-44,-12,47
-45,-9,45
-44,-9,45
-45,-9,46
-45,-9,46
-42,-10,45
-44,-10,46
-45,-10,45
-44,-9,46
-44,-9,46
-45,-10,45
-46,-9,46
-45,-9,45
-44,-10,47
-41,-10,49
-45,-9,44
-46,-9,44
-41,-8,51
-39,-8,50
-46,-9,45
-41,-9,48
-42,-9,47
-46,-9,47
-45,-8,47
-45,-7,49
-45,-8,48
-46,-9,46
-44,-11,43
-46,-12,45
-47,-12,43
-40,-13,48
-41,-15,46
-42,-16,40
-41,-18,40
-40,-13,53
-47,-13,50
-32,-11,52
-29,-12,53
-32,-12,64
-30,-11,59
-28,-11,55
-33,-13,55
-33,-15,53
-31,-17,53
-29,-17,52
-32,-19,52
-27,-19,53
-28,-20,53
-26,-19,51
-23,-20,55
-31,-19,54
-26,-17,56
-23,-18,57
-26,-19,54
-35,-19,53
-27,-18,54
-26,-18,54
-35,-20,49
-33,-18,49
-26,-18,56
-30,-17,54
-36,-14,50
-40,-14,47
-37,-15,53
-37,-15,54
-42,-12,50
-39,-11,50
-40,-12,51
-41,-11,50
-38,-12,48
-39,-12,50
-42,-12,48
-39,-12,50
-38,-10,51
-42,-11,49
-41,-11,49
-41,-11,47
-42,-11,47
-41,-10,49
-40,-11,50
-42,-10,48
-42,-11,48
-41,-11,48
-40,-11,48
-41,-11,49
-41,-11,48
-41,-11,49
-41,-11,48
-41,-11,49
-41,-11,48
-41,-11,49
-41,-11,48
-41,-11,49
-42,-12,48
-40,-11,49
-39,-11,49
-42,-12,48
-40,-11,49
-40,-10,48
-43,-11,48
-40,-11,48
-41,-11,49
-41,-11,48
-41,-11,48
-42,-11,48
-40,-11,49
-41,-11,48
-41,-11,48
-40,-11,49
-42,-11,48
-40,-11,49
-38,-9,47
-42,-11,49
-41,-11,47
-40,-10,48
-42,-12,48
-41,-12,48
-40,-10,48
-40,-10,49
-42,-12,47
-41,-11,48
-39,-11,49
-42,-11,47
-41,-11,48
-40,-11,49
-41,-11,48
-41,-11,48
-42,-11,48
-40,-11,49
-42,-11,48
-41,-11,49
-40,-11,49
-42,-11,49
-41,-11,46
-42,-11,49
-42,-11,49
-42,-11,48
-42,-11,48
-40,-11,49
-41,-11,49
-40,-11,49
-40,-11,48
-43,-11,48
-40,-11,49
-42,-11,48
-43,-11,48
-41,-11,48
-41,-11,49
-39,-11,49
-41,-12,48
-40,-11,50
-40,-10,49
-40,-12,48
-40,-12,47
-39,-12,48
-39,-11,51
-43,-10,49
-52,-10,42
-38,-16,50
-41,-11,51
-38,-15,46
-27,-10,57
-25,-13,57
-22,-12,56
-24,-12,57
-8,-11,62
0,-10,62
-11,-7,70
-14,-5,72
5,-8,60
13,-9,59
-6,-12,67
0,-14,68
0,-15,64
-7,-17,62
0,-18,57
8,-18,52
-5,-11,55
-8,-12,58
6,-10,57
8,-8,54
2,-14,56
4,-14,59
-1,-10,68
-6,-8,73
-3,-8,69
-1,-7,66
2,-7,64
4,-7,66
3,-7,66
-1,-8,64
-2,-8,64
-6,-8,62
-3,-10,63
-3,-6,64
-3,-8,61
1,-9,62
-2,-6,61
2,-10,65
5,-7,63
0,-8,65
0,-6,65
4,-2,64
4,-2,66
7,-8,63
5,-7,64
5,0,65
4,-2,65
3,-4,64
4,-5,65
2,-4,66
-2,-7,64
-2,-6,66
-3,-8,57
1,-12,60
5,-10,60
3,-10,61
0,-9,64
-1,-9,64
-4,-9,64
11,-1,63
-19,-15,59
1,0,68
4,2,62
0,-7,61
-8,-16,62
-4,-13,62
-1,1,67
3,-16,62
-8,-10,63
-4,-14,63
-5,-11,61
-6,-14,63
-3,-14,62
-3,-13,62
-6,-11,62
-6,-14,61
-4,-14,63
-4,-13,63
-4,-13,62
-3,-13,62
-3,-13,63
-9,-12,64
-8,-12,63
-10,-14,64
-11,-13,58
-1,-13,64
-6,-11,63
-4,-14,59
-3,-14,62
-4,-12,63
-7,-11,62
-6,-11,64
-7,-12,64
-7,-13,62
-7,-14,61
-5,-15,60
-7,-15,58
-8,-14,64
-5,-13,65
-6,-11,62
-4,-11,63
-18,-11,61
-14,-14,60
-17,-11,62
-26,-15,57
-20,-16,59
-32,-15,54
-35,-17,52
-31,-17,54
-35,-17,51
-36,-17,50
-32,-17,47
-37,-19,49
-40,-20,51
-36,-19,48
-35,-19,46
-33,-21,49
-37,-21,48
-42,-20,43
-37,-18,46
-38,-17,52
-40,-17,51
-37,-17,49
-38,-17,46
-42,-17,44
-42,-16,49
-40,-13,52
-40,-13,53
-36,-13,50
-35,-15,54
-33,-14,55
-32,-14,54
-33,-15,52
-38,-16,51
-36,-17,46
-36,-14,50
-37,-14,50
-39,-14,51
-37,-14,53
-38,-14,49
-40,-14,49
-38,-15,50
-37,-14,52
-36,-13,52
-35,-13,52
-32,-16,54
-36,-14,51
-36,-14,50
-35,-14,51
-35,-16,52
-35,-14,51
-32,-14,53
-33,-15,52
-35,-16,52
-33,-16,53
-34,-15,53
-34,-15,52
-32,-15,53
-34,-14,53
-32,-16,53
-31,-15,53
-35,-15,52
-31,-15,54
-33,-15,53
-35,-15,53
-35,-14,53
-34,-14,53
-35,-14,52
-33,-16,52
-33,-15,53
-34,-15,53
-35,-14,52
-34,-15,53
-34,-15,53
-33,-15,53
-34,-16,52
-34,-15,52
-34,-15,53
-34,-15,53
-34,-15,52
-34,-15,53
-34,-15,53
-35,-14,52
-34,-14,53
-35,-15,52
-34,-15,53
-34,-15,52
-35,-15,52
-34,-15,52
-35,-14,53
-34,-15,52
-34,-15,53
-33,-15,52
-34,-15,53
-34,-15,53
-35,-15,52
-35,-15,52
-35,-14,55
-34,-15,52
-34,-16,52
-35,-15,52
-34,-14,53
-33,-14,52
-35,-15,52
-35,-15,53
-35,-14,52
-34,-14,52
-35,-15,53
-35,-14,52
-34,-14,52
-35,-15,52
-34,-15,52
-34,-15,52
-35,-15,52
-35,-15,52
-34,-14,53
-36,-14,52
-36,-15,51
-34,-15,52
-34,-14,53
-36,-15,51
-35,-14,52
-34,-14,52
-36,-15,52
-34,-14,51
-34,-14,53
-35,-15,52
-36,-14,52
-35,-14,53
-35,-14,53
-35,-15,51
-36,-14,52
-34,-15,52
-35,-15,52
-35,-14,50
-36,-14,53
-34,-15,52
-34,-15,52
-35,-15,52
-35,-15,51
-34,-14,53
-35,-14,52
-35,-15,51
-34,-14,52
-35,-14,52
-36,-14,52
-34,-14,52
-35,-14,52
-35,-15,51
-35,-14,52
-35,-14,52
-35,-14,52
-34,-14,52
-35,-15,52
-35,-15,52
-31,-13,51
-36,-15,54
-37,-15,50
-32,-13,53
-34,-15,52
-37,-16,50
-35,-13,52
-34,-13,53
-35,-16,52
-37,-15,49
-36,-14,52
-35,-15,51
-30,-14,53
-30,-13,50
-33,-14,53
-34,-12,54
-35,-12,50
-40,-13,55
-40,-12,57
-31,-10,59
-24,-13,57
-29,-14,54
-30,-14,56
-35,-5,60
-37,-2,59
-39,1,53
-40,-3,47
-34,-17,43
-32,-17,46
-33,-13,51
-33,-11,52
-30,-11,55
-30,-15,53
-31,-14,52
-31,-12,58
-23,-7,73
-31,-4,67
-35,-2,50
-37,-3,49
-37,-2,58
-36,-4,56
-39,-4,52
-41,-4,50
-36,-3,46
-36,1,51
-35,0,52
-35,-5,51
-35,-5,52
-38,-4,54
-32,-6,56
-33,-10,54
-36,-10,53
-34,-10,53
-34,-11,52
-35,-13,51
-37,-12,54
-32,-10,57
-32,-9,56
-32,-4,55
-30,-2,56
-31,-1,57
-31,-1,58
-29,-2,61
-28,-3,60
-31,-4,60
-31,-4,59
-31,-6,55
-33,-6,54
-34,-4,57
-26,-6,59
-28,-9,57
-32,-10,55
-32,-10,58
-28,-14,58
-28,-13,59
-29,-17,62
-24,-23,62
-16,-34,53
-13,-36,52
-4,-39,53
-8,-33,54
-39,-18,41
-62,-13,29
-62,-1,36
-40,5,49
-16,10,52
-11,12,52
-24,25,63
-29,29,62
-11,27,63
-4,28,66
-9,46,70
-10,56,71
-3,45,66
-10,42,63
-17,20,57
-21,4,55
-29,-18,52
-38,-30,40
-36,-31,34
-60,-19,25
-77,-19,29
-50,-13,40
-51,-12,38
-68,-3,35
-63,-2,36
-42,-2,42
-63,1,28
-46,-3,28
-64,1,18
-54,-1,30
-51,0,27
-50,2,24
-64,4,14
-60,3,24
-65,3,29
-72,2,29
-71,-3,29
-50,-9,37
-48,-8,37
-49,-3,38
-53,-4,35
-53,-4,34
-51,-3,34
-48,-4,32
-52,-3,29
-57,-4,33
-47,-5,34
-49,-4,33
-61,-4,24
-56,-2,26
-60,-1,27
-62,0,27
-60,1,24
-64,0,24
-55,2,29
-57,3,28
-59,0,29
-59,1,29
-58,-3,25
-57,-4,23
-59,-6,19
-61,-6,18
-62,-7,15
-66,-7,13
-66,-6,8
-67,-6,5
-64,-5,4
-65,-5,2
-61,-4,0
-64,-4,-2
-65,-6,-5
-70,-6,-9
-69,-5,-10
-64,-6,-4
-65,-5,-4
-66,-7,-8
-67,-6,-7
-66,-5,-2
-63,-4,1
-65,-5,-1
-66,-6,-2
-64,-5,0
-65,-5,0
-64,-5,2
-63,-4,1
-64,-7,-1
-63,-6,-1
-68,-5,2
-66,-5,1
-64,-5,-1
-64,-7,-2
-66,-6,0
-65,-6,2
-63,-6,5
-66,-6,4
-60,-6,4
-67,-6,3
-66,-6,4
-64,-6,3
-63,-5,6
-65,-7,3
-65,-6,4
-64,-5,4
-65,-5,4
-64,-5,3
-65,-6,2
-66,-6,2
-67,-6,2
-61,-5,1
-63,-7,0
-67,-8,-2
-62,-8,-1
-64,-9,-4
-63,-10,-6
-67,-9,-11
-69,-10,-11
-65,-8,-2
-65,-7,2
-64,-2,10
-62,-2,14
-62,0,19
-61,-1,22
-60,-3,19
-64,-3,13
-70,-2,12
-66,-4,15
-60,-8,15
-65,-5,8
-68,-5,10
-53,-7,23
-48,-8,28
-53,-6,35
-56,-6,36
-57,-6,36
-59,-6,36
-49,-10,39
-44,-11,42
-45,-16,45
-39,-19,47
-37,-21,46
-37,-21,42
-36,-19,44
-44,-15,46
-47,-7,49
-46,-6,50
-44,-4,44
-44,-2,45
-44,-4,46
-45,-6,46
-48,-8,47
-49,-6,48
-45,-5,48
-45,-4,47
-46,-3,44
-45,-3,41
-45,-4,40
-46,-5,42
-48,-5,44
-51,-8,46
-48,-9,45
-48,-10,40
-49,-9,39
-50,-10,38
-50,-9,39
-48,-9,40
-48,-10,41
-48,-12,41
-46,-12,41
-44,-12,45
-46,-12,46
-50,-16,43
-49,-16,42
-47,-13,41
-48,-14,40
-47,-16,40
-47,-16,40
-46,-15,41
-48,-17,40
-48,-18,40
-48,-18,40
-48,-18,40
-48,-18,40
-49,-17,39
-49,-17,40
-48,-17,40
-43,-17,43
-43,-17,44
-42,-17,46
-43,-18,45
-44,-17,42
-46,-17,41
-45,-18,43
-45,-18,43
-45,-17,42
-46,-17,42
-45,-16,43
-45,-17,43
-45,-19,43
-45,-19,42
-45,-17,41
-44,-17,44
-43,-18,43
-45,-17,42
-46,-15,43
-44,-15,44
-46,-15,42
-46,-15,42
-45,-16,43
-46,-14,43
-46,-16,41
-50,-13,41
-45,-13,44
-53,-12,41
-54,-11,39
-51,-15,36
-51,-6,38
-56,-15,31
-50,-14,30
-50,-18,26
-51,-23,27
-49,-24,31
-51,-26,31
-51,-18,38
-52,-15,35
-48,-4,41
-47,-2,32
-65,-3,27
-61,-7,23
-63,-12,23
-55,-6,65
-53,-9,31
-45,-8,36
-61,-10,25
-61,-10,23
-53,-10,26
-68,-11,11
-80,-14,-3
-55,-10,21
-61,-4,22
-62,-3,24
-60,-1,26
-62,0,25
-62,-1,22
-61,-3,17
-64,-4,16
-59,-5,20
-59,-8,23
-62,-9,24
-62,-9,24
-61,-2,27
-69,1,26
-73,8,22
-51,1,35
-66,18,48
-44,14,56
-39,13,46
-39,7,44
-46,-4,46
-41,-11,46
-35,-3,41
-34,-3,44
-22,4,37
-11,25,16
-18,42,9
-27,55,22
-50,60,29
-72,68,56
-55,58,58
-26,80,2
-55,102,-12
-56,107,1
-44,95,-9
-27,63,-29
-26,53,-32
3,37,-28
8,41,-15
1,63,-3
22,52,7
56,51,-3
-6,42,-47
8,67,-39
11,79,-27
18,57,-40
23,61,-34
18,45,-27
-6,42,-47
8,67,-39
11,79,-27
18,57,-40
23,61,-34
18,45,-27
-8,59,-39
17,63,-28
35,55,-26
16,62,-24
20,49,-30
20,48,-15
37,54,-20
25,59,-21
30,58,-14
19,57,-18
21,53,-6
17,51,-7
31,52,-13
29,63,-4
35,49,-11
22,58,-13
29,51,4
37,51,0
33,55,0
36,54,-5
40,58,8
37,52,1
29,54,2
34,51,7
32,59,5
60,56,8
22,50,3
31,49,8
31,58,7
36,52,5
30,58,7
39,53,9
47,52,2
44,52,-3
31,51,0
42,53,10
39,48,2
32,51,0
33,48,5
39,52,8
38,55,9
32,49,2
37,59,7
31,48,10
30,47,13
37,59,19
39,62,28
32,55,1
28,54,6
12,56,8
14,57,3
53,44,18
10,56,0
-17,61,-11
-31,61,-15
13,55,2
8,54,-4
5,45,0
-5,38,6
-9,45,7
8,47,7
-32,60,-14
-6,79,-7
-2,65,-11
-3,80,-19
19,87,-24
15,104,-7
40,74,-14
32,81,-14
-13,91,-15
-4,89,-11
5,80,-15
7,85,-11
-21,83,-20
-10,72,-8
-24,64,-7
-1,67,8
2,70,2
2,68,-4
3,68,-4
4,68,-1
0,66,-2
-8,67,-5
-12,67,-9
-10,60,-5
-11,59,-9
-18,62,-14
-7,62,-11
-8,61,-10
-3,64,-7
4,64,-4
5,61,1
5,63,3
6,64,1
9,61,-1
5,60,1
2,58,-1
-12,62,-14
-10,62,-11
-7,59,-8
-7,63,-7
-12,64,-11
-13,64,-15
-17,65,-15
-5,63,-10
-7,61,-10
-12,62,-11
-7,64,-5
-6,65,-4
-14,70,0
-10,70,2
-10,69,-2
-10,68,-3
-9,70,3
-8,71,8
-9,85,23
-10,89,29
-16,87,28
-27,81,23
-28,74,21
-31,61,22
-32,54,21
-35,44,19
-37,40,18
-39,32,17
-39,30,18
-46,27,22
-48,24,23
-47,19,32
-48,17,36
-48,11,34
-46,10,34
-38,10,41
-35,9,39
-38,10,38
-39,14,39
-36,10,35
-34,10,33
-34,15,27
-34,16,28
-32,21,30
-23,24,33
-20,40,65
-59,42,84
-24,37,83
-21,33,54
-20,32,46
-33,29,41
-36,29,41
-44,29,43
-47,33,46
-29,33,52
-25,31,49
-24,29,43
-26,29,41
-27,28,41
-28,29,42
-49,40,51
-53,39,50
-29,31,43
-30,31,41
-41,32,38
-44,32,37
-43,33,40
-40,33,40
-34,34,41
-37,37,44
-39,35,44
-39,35,43
-45,31,44
-40,22,47
-30,22,47
-35,21,53
-31,22,59
-35,27,63
-23,24,63
-22,34,60
-23,31,63
-33,24,48
-27,22,53
-20,22,57
-30,16,51
-32,16,50
-27,12,48
-40,12,44
-44,16,49
-34,9,46
-33,9,47
-30,9,51
-37,12,51
-34,7,49
-32,9,53
-33,6,55
-23,6,59
-27,8,56
-33,0,50
-28,5,55
-42,1,43
-41,3,42
-29,9,56
-41,23,52
-7,15,67
-9,21,76
12,30,78
-28,11,52
-21,8,75
4,33,77
-17,19,59
-23,23,60
-16,18,61
-11,14,57
-1,25,67
-7,18,67
-17,21,61
-18,16,56
-16,23,61
-11,19,61
-22,22,54
-22,22,52
-19,22,53
-22,21,51
-17,16,50
-18,19,52
-31,28,49
-23,29,53
-26,31,52
-7,28,58
20,11,76
8,39,74
12,31,70
18,33,54
12,38,65
11,29,77
5,28,75
2,49,78
-10,48,69
-20,27,59
-18,30,55
-37,31,36
-53,30,19
-61,24,7
-73,26,-9
-66,17,-1
-57,16,11
-64,11,-4
-71,8,-12
-69,5,-14
-62,3,-6
-64,-1,-8
-59,-6,-2
-66,-8,-15
-53,-6,6
-55,-4,19
-68,-10,8
-70,-12,4
-61,-14,28
-69,-21,23
-70,-16,7
-50,-18,14
-47,-15,34
-50,-20,32
-53,-23,21
-50,-25,27
-38,-25,44
-42,-26,46
-52,-26,36
-51,-30,30
-32,-24,44
-31,-30,40
-45,-34,34
-36,-36,41
-30,-37,42
-37,-34,39
-18,-37,39
-7,-37,43
-4,-40,47
-15,-36,46
-18,-43,45
-18,-43,42
-16,-43,42
-18,-44,41
-21,-41,46
-23,-44,41
-20,-44,41
-19,-42,45
-20,-40,43
-17,-42,39
-18,-40,41
-26,-39,41
-29,-39,43
-31,-38,45
-31,-37,42
-36,-39,38
-37,-39,38
-33,-38,37
-38,-38,35
-37,-37,36
-40,-34,39
-35,-34,36
-40,-30,38
-46,-35,34
-44,-35,33
-43,-34,35
-41,-35,31
-40,-34,31
-47,-35,30
-43,-33,29
-47,-37,26
-46,-36,27
-49,-38,27
-49,-33,28
-50,-36,25
-48,-34,26
-43,-32,26
-42,-33,23
-48,-34,25
-50,-34,26
-51,-32,25
-55,-34,23
-51,-32,23
-47,-31,23
-52,-33,23
-49,-31,23
-49,-33,21
-52,-34,21
-54,-34,20
-60,-34,20
-50,-31,22
-51,-30,22
-44,-31,21
-49,-34,20
-47,-34,19
-53,-31,18
-54,-31,19
-53,-31,16
-55,-32,18
-52,-33,17
-50,-30,18
-64,-32,12
-61,-33,10
-56,-28,17
-52,-28,18
-62,-29,8
-62,-28,13
-48,-18,29
-49,-31,36
-57,-29,32
-52,-27,32
-48,-34,31
-46,-33,34
-39,-33,37
-38,-33,35
-29,-35,38
-20,-36,45
-19,-36,43
-18,-36,45
-18,-37,48
-17,-37,48
-17,-39,48
-15,-40,49
-15,-39,45
-14,-39,46
-16,-38,47
-12,-36,51
-11,-36,49
-12,-36,53
-10,-37,54
-9,-36,49
-15,-37,50
-11,-37,51
-12,-38,51
-10,-37,51
-9,-37,50
-8,-37,48
-7,-36,48
-10,-38,53
-7,-38,50
-6,-37,50
-8,-37,50
-8,-35,53
-9,-32,52
-5,-34,50
-4,-34,52
-7,-31,53
-10,-36,53
-5,-37,56
-11,-41,51
-11,-39,53
-6,-38,51
-7,-38,49
-8,-37,48
-8,-38,47
-5,-37,48
-8,-39,47
-9,-39,50
-10,-41,50
-13,-39,43
-16,-38,45
-12,-39,48
-7,-38,50
-7,-39,48
-10,-39,51
-8,-40,54
-9,-38,52
-10,-38,53
-7,-38,54
-7,-37,50
-9,-38,50
-9,-38,48
-10,-38,47
-8,-40,51
-6,-39,52
-5,-40,53
-6,-40,52
-3,-41,53
-7,-38,46
-9,-40,44
-8,-37,46
-6,-39,46
-8,-37,42
-5,-39,45
-2,-37,48
-3,-37,49
-2,-42,53
-4,-40,54
-8,-41,52
-9,-40,50
-9,-40,47
-5,-41,49
-7,-40,47
-7,-42,46
-7,-41,49
-5,-42,49
-3,-40,49
-8,-38,49
-10,-38,50
-7,-41,45
0,-39,46
-4,-37,49
-17,-38,48
-16,-39,49
-14,-41,48
-16,-40,45
-21,-41,46
-20,-42,46
-19,-41,45
-16,-38,48
-16,-38,50
-12,-38,50
-12,-35,51
-9,-37,51
-13,-38,50
-16,-39,50
-16,-40,48
-19,-39,47
-18,-39,48
-21,-37,47
-22,-37,47
-19,-36,50
-19,-36,49
-15,-35,47
-14,-36,49
-13,-34,52
-16,-34,51
-18,-35,50
-16,-34,50
-15,-34,50
-14,-33,49
-3,-35,51
-4,-34,49
-14,-30,53
-14,-32,50
-7,-33,49
-26,-22,53
-31,-23,53
-31,-11,68
-26,-21,61
-20,-22,64
-17,-19,64
-19,-18,64
-12,-28,59
-29,-23,53
-31,-18,53
-22,-20,55
-25,-18,54
-23,-19,54
-24,-19,55
-20,-16,60
-27,-11,54
-42,-14,48
-39,-10,51
-40,-10,46
-44,-19,41
-55,-14,34
-50,-13,40
-51,-15,41
-50,-12,42
-48,-13,43
-36,-11,58
-36,-12,55
-36,-7,55
-31,-8,57
-30,-7,56
-34,-8,54
-40,-8,51
-39,-5,52
-40,1,54
-41,2,55
-50,-26,48
-45,-31,48
-21,-21,69
-13,-31,63
-9,-18,72
-18,-15,69
-17,-17,61
-19,-20,56
-5,-22,49
-6,-26,48
-6,-32,38
-6,-31,35
-9,-26,40
-15,-25,46
-14,-19,57
-11,-17,61
-7,-15,62
-2,-10,67
-2,-8,65
5,-8,67
2,-8,66
3,3,68
0,-21,62
-8,-10,65
-2,-12,67
-5,-11,62
-3,-11,68
-5,-18,59
-1,-19,60
1,-19,60
6,-20,65
-13,2,65
-14,-7,62
-15,-5,60
-3,-3,63
-7,-6,62
-10,-7,62
-12,-6,65
-11,-6,65
-8,-6,65
-9,-5,64
-8,-5,64
-9,-5,64
-10,-5,63
-10,-5,63
-11,-5,63
-11,-5,64
-10,-5,63
-10,-4,63
-10,-4,63
-11,-4,64
-9,-4,64
-10,-4,63
-11,-4,63
-10,-3,64
-9,-4,64
-9,-6,63
-12,-4,63
-10,-5,63
-8,-3,64
-11,-5,62
-12,-5,61
-8,-4,65
-7,-3,64
-8,-1,64
-8,-5,63
-6,-5,64
-6,-4,65
-6,-4,64
-8,-7,61
-4,-3,64
-5,-4,62
-6,-6,62
-4,-2,63
-9,-4,63
-3,2,65
-3,-4,65
-7,0,65
-5,-2,67
-13,-4,63
-9,1,65
-13,-6,58
-5,-5,60
-12,-8,58
-13,-5,62
-11,-2,66
-8,-4,66
-10,-4,66
-5,-7,68
3,-9,70
17,16,70
-17,-18,45
-9,-4,53
-3,-10,60
-1,-8,63
-8,-9,60
-5,-8,63
-4,-7,63
-6,-8,63
-5,-7,64
-6,-6,59
-8,-4,57
-10,-3,57
-11,-2,57
-14,2,56
-13,3,56
-15,7,57
-19,10,55
-23,16,58
-22,23,61
-24,30,61
-25,30,61
-27,35,62
-28,37,63
-28,40,65
-29,42,64
-29,45,64
-29,46,62
-28,48,59
-26,48,55
-21,48,46
-18,49,43
-13,53,36
-25,61,38
-20,59,36
-11,61,30
-6,64,31
-6,65,27
-8,69,29
-10,72,35
-13,65,30
-14,63,20
-14,60,19
-11,53,17
-9,54,17
-8,56,14
-8,54,13
-11,53,12
-11,53,11
-15,52,12
-16,50,13
-17,51,15
-17,53,17
-16,52,19
-16,55,22
-9,57,27
-8,54,27
-8,56,27
-10,58,27
-13,55,26
-18,53,25
-19,54,26
-19,64,30
-16,63,29
-13,63,28
-11,63,30
-9,64,31
-7,63,31
-8,59,26
-10,58,25
-14,58,23
-15,57,23
-16,54,22
-16,54,24
-12,56,27
-10,55,26
-10,56,28
-10,57,28
-11,57,30
-10,57,32
-11,56,31
-10,56,30
-11,56,28
-12,56,29
-12,58,30
-13,58,29
-13,58,29
-13,58,27
-14,58,27
-14,58,28
-13,58,29
-13,58,28
-13,58,27
-13,58,28
-13,58,28
-12,58,27
-11,58,27
-11,58,27
-11,58,27
-10,57,28
-10,57,28
-10,57,28
-10,57,28
-10,57,28
-10,57,28
-11,57,28
-11,57,28
-11,58,28
-11,57,28
-12,57,28
-12,58,28
-13,58,27
-13,58,27
-13,58,27
-13,58,27
-13,58,28
-12,58,28
-12,58,28
-12,58,28
-11,58,28
-11,58,28
-11,58,28
-11,58,28
-11,58,28
-9,57,28
-10,57,28
-11,57,28
-11,58,30
-10,57,28
-10,57,27
-14,59,29
-14,58,28
-14,58,26
-13,57,28
-13,56,28
-13,56,28
-17,59,31
-18,59,32
-17,58,30
-17,58,31
-17,57,35
-17,56,33
-22,58,34
-29,60,39
-26,56,39
-28,58,40
-28,58,39
-25,50,39
-28,51,41
-31,52,41
-30,48,40
-31,47,41
-31,46,44
-36,39,41
-33,36,40
-25,30,40
-25,27,38
-22,21,35
-21,21,35
-17,25,39
-15,23,39
-15,23,39
-14,21,39
-10,18,40
-15,18,41
-24,17,41
-28,16,43
-34,17,46
-32,18,46
-31,13,45
-43,14,46
-41,13,48
-41,12,48
-44,12,48
-48,14,49
-50,13,50
-50,16,53
-49,15,54
-50,16,54
-48,17,55
-46,15,54
-49,15,53
-51,14,54
-51,15,55
-52,15,56
-51,15,56
-48,15,53
-47,13,53
-48,10,51
-46,9,51
-47,4,53
-48,4,56
-42,7,61
-41,8,59
-42,7,56
-39,8,57
-37,5,59
-33,1,56
-30,-3,55
-24,-4,56
-22,-5,55
-18,-6,52
-20,-7,52
-15,-19,60
-9,-19,63
-9,-25,63
-8,-35,63
13,-38,70
8,-35,66
-4,-24,76
-1,-17,79
-8,-13,67
-16,-10,61
5,-13,56
1,-13,50
7,-18,54
9,-16,54
9,-11,56
-1,-5,57
-11,1,73
-4,-2,79
-5,-2,71
-9,-2,67
-3,-4,70
2,-6,70
5,-8,75
-7,1,71
-3,-6,72
-6,3,69
-7,16,68
6,2,68
4,-2,65
-4,-7,58
-4,-7,56
-4,-2,50
-4,2,52
-5,-2,46
-5,-6,47
-10,-11,43
-4,-2,47
-3,-15,54
-7,-7,57
-5,-12,56
-8,-10,66
-21,7,76
-22,1,73
-9,-4,70
-7,-3,68
-16,-2,63
-16,-3,65
-9,-6,70
-14,-3,57
-12,-4,53
-7,-16,56
-6,-7,60
-5,-8,59
-2,-9,60
-2,-6,60
0,-5,60
-5,-2,57
-4,-1,58
0,-4,54
-4,-4,52
-3,-7,55
-5,-8,56
-8,-6,55
-5,-5,54
-7,-4,49
-8,-6,48
-14,-3,56
-17,0,60
-7,2,63
-10,-2,60
-20,4,62
-18,7,63
-10,1,55
-12,1,53
-14,2,55
-16,3,57
-17,4,58
-16,7,62
-19,7,63
-23,8,69
-22,9,71
-22,10,74
-22,9,74
-26,11,75
-27,11,76
-25,13,74
-24,13,72
-21,13,71
-20,13,69
-19,14,65
-20,15,64
-21,11,61
-21,9,61
-23,8,65
-24,7,66
-19,7,65
-18,5,65
-16,4,61
-14,4,59
-17,0,60
-16,1,60
-11,2,57
-15,-1,53
-18,1,56
-14,2,61
-16,3,60
-24,2,60
-20,2,62
-26,3,56
-26,2,59
-20,1,63
-17,1,62
-26,2,55
-22,1,53
-18,4,45
-20,9,40
-30,20,45
-37,25,53
-63,41,81
-66,34,85
-44,23,49
-33,20,39
-38,23,42
-41,23,47
-40,22,51
-38,22,51
-36,21,47
-39,22,46
-37,20,49
-35,20,49
-37,21,48
-37,21,49
-38,22,49
-36,21,49
-36,21,49
-37,21,49
-35,21,49
-35,22,49
-36,23,49
-37,22,50
-35,22,50
-34,22,48
-35,22,49
-36,22,50
-35,22,50
-35,22,49
-36,23,49
-36,22,49
-36,22,50
-37,23,50
-36,22,50
-38,22,52
-41,23,53
-49,20,61
-47,19,62
-37,16,57
-26,17,56
-22,19,57
-25,19,57
-24,17,57
-20,15,60
-21,14,59
-20,10,56
-16,9,56
-15,7,55
-17,6,53
-14,4,55
-12,7,55
-9,-2,58
-15,1,57
-13,7,62
-15,2,63
-22,3,56
-23,2,55
-8,3,68
-10,4,68
-19,10,57
-10,1,59
-9,2,62
-15,8,63
-12,5,71
-15,1,79
-6,-6,82
-19,-6,42
-11,-5,49
-12,-3,51
-14,-2,55
-16,4,62
-18,5,63
-22,10,64
-24,11,63
-23,14,66
-29,16,64
-29,19,61
-27,19,62
-33,21,60
-35,25,64
-36,30,71
-34,30,70
-31,28,69
-33,26,65
-34,25,65
-34,25,65
-30,25,59
-27,27,58
-29,26,58
-28,25,56
-28,28,56
-29,29,59
-26,27,55
-24,27,55
-24,24,54
-21,21,47
-20,20,46
-21,18,49
-22,17,49
-22,18,48
-21,18,48
-24,16,50
-24,15,51
-24,13,51
-23,12,52
-23,11,53
-21,10,54
-23,8,54
-24,7,53
-24,7,55
-24,6,55
-23,4,55
-23,3,55
-23,1,53
-23,2,53
-27,1,56
-27,2,59
-26,2,61
-26,2,60
-25,1,59
-24,0,59
-25,-1,58
-27,-3,58
-32,-6,59
-33,-6,62
-33,-8,61
-37,-10,61
-35,-9,60
-31,-6,58
-29,-5,58
-26,-2,59
-23,0,62
-19,2,61
-19,2,58
-15,5,59
-9,6,62
-15,2,58
-17,4,58
-10,3,61
-10,1,62
-14,0,62
-14,-3,63
-15,-3,62
-14,-7,60
-11,-2,63
-12,-3,63
-9,-10,60
-14,-4,57
-11,-4,68
-9,-3,66
-12,-6,60
-12,-2,61
-12,-5,65
-12,-7,61
-13,1,59
-12,-6,58
-15,1,62
-11,2,65
-13,-4,66
-12,-4,65
-12,-5,67
-15,-3,75
-19,1,69
-10,2,43
-14,-5,44
-14,-1,56
-20,-2,61
-21,-3,63
-17,-3,61
-20,-1,58
-22,-2,58
-22,-3,60
-22,-2,60
-18,-1,56
-18,0,53
-21,4,49
-20,6,45
-20,6,42
-24,9,40
-28,12,40
-28,15,39
-27,18,39
-31,27,37
-32,30,37
-38,36,38
-34,38,39
-36,45,37
-38,48,38
-28,49,38
-28,50,36
-37,53,34
-36,54,30
-34,57,27
-35,58,28
-33,58,24
-38,64,21
-48,56,9
-39,53,10
-27,59,16
-53,61,0
-34,65,10
-57,80,38
-45,61,22
-20,59,7
-46,52,12
-49,47,6
-43,41,6
-45,46,14
-45,46,14
-49,45,12
-47,44,13
-54,43,17
-53,41,17
-54,38,20
-52,38,21
-50,37,26
-49,38,26
-46,39,29
-45,40,29
-45,36,31
-45,33,35
-44,29,42
-43,31,38
-42,33,39
-41,32,41
-42,31,40
-40,31,42
-38,29,43
-36,29,43
-32,28,46
-33,30,49
-36,30,48
-32,28,46
-31,27,45
-33,26,49
-34,25,49
-35,26,50
-32,26,50
-33,27,50
-36,27,49
-36,25,46
-36,25,48
-38,26,47
-37,27,47
-33,26,49
-33,26,50
-38,24,50
-34,24,50
-25,28,50
-25,29,50
-27,29,52
-27,28,51
-24,27,52
-24,26,53
-27,25,52
-30,26,52
-28,27,52
-32,27,54
-32,27,53
-29,28,56
-31,27,57
-31,31,64
-26,24,63
-23,22,62
-24,24,62
-20,20,57
-15,21,56
-19,25,54
-22,24,52
-21,22,54
-23,22,54
-17,17,56
-16,16,57
-16,15,38
-14,11,60
-16,20,58
-23,14,58
-21,14,57
-18,14,59
-26,11,58
-16,17,61
-24,16,56
-23,14,58
-19,14,57
-14,18,59
-16,10,54
-12,16,62
-17,18,61
-28,11,67
-19,15,70
-6,16,74
1,40,71
-27,5,38
-18,21,45
-16,19,44
-12,24,48
-12,23,49
-18,24,50
-25,23,54
-27,23,54
-29,21,57
-28,17,54
-26,15,61
-35,10,44
-47,13,28
-53,25,44
-46,43,70
-54,42,49
-45,54,33
-52,49,19
-64,42,14
-55,40,14
-48,42,16
-47,44,12
-48,43,8
-56,42,0
-55,44,-1
-56,44,-3
-52,44,-1
-52,47,-4
-46,47,-1
-48,47,-4
-51,48,-4
-45,49,-2
-43,50,-1
-36,54,5
-36,59,4
-33,69,0
-32,73,4
-31,85,8
-29,83,8
-14,81,9
-5,76,9
0,63,8
0,58,7
-9,58,2
-14,56,-1
-15,56,-2
-17,57,1
-29,62,7
-30,64,13
-27,63,16
-24,61,24
-30,62,24
-36,53,25
-43,52,27
-56,46,29
-46,39,40
-45,37,43
-44,34,40
-40,29,41
-36,26,43
-37,23,42
-37,19,41
-25,13,47
-21,10,48
-16,6,47
-15,6,48
-11,3,48
-10,4,50
-5,4,53
-4,1,52
-7,1,54
-7,1,57
-7,-3,58
-7,-3,58
-10,-4,62
-8,-6,66
-9,-5,66
-13,-6,63
-13,-6,62
-10,-6,64
-13,-5,63
-11,-4,62
-12,-6,62
-15,-8,61
-14,-3,61
-11,-6,61
-10,-4,62
-14,-1,63
-12,1,65
-12,-6,62
-15,-1,62
-14,-6,61
-8,-5,64
-14,-3,65
-16,0,63
-14,-6,66
-8,-7,68
-7,6,76
-10,-5,66
-21,-7,46
-18,-8,48
-14,-5,60
-16,-5,63
-15,-5,63
-14,-5,61
-15,-4,59
-14,-3,57
-12,-3,57
-7,0,52
-5,1,48
-4,2,40
-7,4,39
-21,11,36
-23,13,35
-40,28,37
-37,28,40
-40,36,42
-46,43,43
-44,46,43
-42,48,43
-46,55,46
-43,53,43
-41,49,40
-45,53,39
-45,48,31
-46,46,23
-32,54,28
-22,55,33
-23,56,28
-24,54,19
-17,54,20
-21,54,16
-32,57,11
-28,57,15
-28,59,14
-30,56,11
-33,54,9
-31,56,11
-32,55,10
-36,56,8
-38,55,3
-39,52,-3
-44,58,1
-42,61,6
-45,66,5
-39,52,-6
-36,45,4
-48,54,7
-33,46,2
-57,41,6
-61,58,24
-46,45,11
-48,47,6
-47,42,10
-49,43,12
-50,42,13
-52,42,16
-53,41,13
-53,43,14
-51,43,14
-51,43,17
-50,43,18
-47,43,16
-46,44,17
-42,45,21
-41,45,22
-39,48,27
-37,48,28
-36,49,29
-36,49,32
-36,48,35
-35,50,38
-32,48,31
-28,47,33
-26,46,35
-22,46,38
-28,46,46
-26,45,45
-25,46,49
-25,46,52
-20,40,54
-19,38,53
-14,34,55
-9,30,57
-17,32,50
-22,27,39
-19,27,38
-20,26,43
-24,26,46
-43,23,41
-39,21,45
-41,17,52
-49,15,55
-51,11,52
-50,11,51
-50,12,56
-48,12,55
-42,12,56
-41,13,57
-34,15,61
-32,12,60
-22,12,64
-19,9,64
-22,5,58
-21,2,55
-14,1,56
-13,-1,56
-13,-4,52
-12,-4,52
-9,-5,53
-6,-5,56
-6,-4,56
-6,-6,57
-7,-7,59
-9,-7,62
-11,-7,62
-12,-7,63
-11,-6,64
-10,-5,64
-12,-4,64
-12,-4,66
-8,-4,67
-11,-6,63
-13,-7,61
-11,-1,62
-8,-5,63
-9,-4,63
-12,-6,61
-11,-5,63
-11,-4,62
3,1,67
-4,-6,65
-7,-1,65
-7,-4,63
-5,0,61
-1,-5,63
-8,-2,64
-6,-7,69
-4,-7,73
-5,-2,66
-2,-6,64
-8,-5,52
-18,-9,48
-11,-5,55
-9,-3,58
-8,0,59
-7,2,59
-7,3,59
-6,2,58
-9,3,58
-9,3,60
-11,4,62
-12,4,62
-12,4,62
-15,5,62
-19,6,60
-20,8,60
-21,8,60
-18,9,61
-20,14,60
-18,17,60
-25,20,51
-26,22,48
-25,29,44
-28,41,36
-33,53,47
-31,50,54
-25,49,55
-40,48,44
-58,49,36
-47,41,29
-47,40,23
-50,49,24
-40,49,17
-48,48,14
-52,46,12
-49,44,13
-49,45,10
-52,47,4
-53,46,4
-53,47,1
-47,46,5
-49,45,0
-48,46,3
-46,49,0
-46,51,0
-45,57,6
-42,57,8
-35,60,6
-34,66,5
-30,72,10
-22,77,12
-18,76,12
-1,71,13
1,70,9
1,64,3
-3,61,-1
-17,63,-5
-22,63,-7
-20,57,-1
-21,56,0
-18,54,3
-18,53,5
-18,53,7
-19,52,7
-21,53,8
-21,53,9
-22,53,11
-21,54,12
-20,54,15
-19,54,16
-18,55,18
-18,56,19
-16,55,21
-16,57,21
-16,56,21
-16,57,23
-16,59,25
-15,59,26
-16,60,27
-14,60,28
-13,60,29
-14,64,36
-14,62,37
-24,64,36
-42,71,37
-28,62,54
-33,63,52
-41,64,52
-35,63,55
-31,57,50
-29,53,45
-27,46,45
-24,41,45
-19,32,43
-21,30,42
-7,27,44
-9,25,45
-14,19,41
-6,17,41
-9,10,39
-3,7,42
7,6,51
5,3,51
1,2,54
-6,1,61
-9,2,63
-11,-2,65
-11,-1,66
-11,-1,65
-10,0,66
-10,0,64
-14,-2,62
-11,1,64
-9,1,65
-13,-1,61
-14,1,60
-6,0,64
-11,-1,60
-8,2,63
-9,-2,62
-10,5,60
-12,6,61
-11,-1,63
-11,-1,63
-5,-1,65
-10,-2,63
-7,5,69
-11,-2,68
-13,2,64
-11,1,63
-8,1,61
-9,1,62
-15,2,67
-16,0,67
-7,2,67
-5,-3,65
-5,0,63
-9,4,51
-5,4,52
-9,6,54
-12,7,52
-12,5,51
-12,7,51
-11,9,48
-14,9,48
-23,11,48
-21,13,48
-19,16,47
-24,17,47
-28,25,50
-31,27,50
-36,33,49
-36,36,49
-33,42,49
-31,43,48
-29,46,44
-28,48,43
-27,50,39
-26,52,36
-25,55,30
-27,57,31
-24,56,30
-20,54,21
-21,54,19
-23,55,22
-22,55,23
-21,56,23
-21,57,24
-29,55,13
-31,55,11
-39,56,7
-32,53,9
-34,48,0
-40,59,10
-52,68,5
-41,72,5
-53,69,13
-46,65,-2
-39,52,-3
-50,48,5
-42,46,4
-42,48,5
-49,50,3
-48,48,3
-47,46,6
-50,47,5
-48,45,13
-48,50,5
-47,49,7
-47,48,8
-48,48,7
-46,44,13
-46,43,15
-43,43,22
-43,44,24
-45,43,28
-44,42,28
-44,40,31
-42,39,34
-42,36,30
-44,37,33
-42,36,39
-40,35,36
-38,34,39
-39,34,43
-37,32,40
-36,30,41
-41,31,43
-41,32,44
-37,30,42
-36,30,43
-35,31,45
-36,31,44
-36,31,43
-35,31,45
-34,30,44
-34,29,46
-36,29,47
-36,28,47
-35,28,46
-35,27,47
-35,28,48
-34,27,47
-35,27,46
-35,27,47
-35,27,47
-35,28,47
-35,28,47
-35,29,48
-37,28,49
-33,29,50
-34,30,51
-36,30,51
-33,31,51
-29,29,49
-25,29,51
-25,25,59
-24,24,62
-28,25,65
-28,24,66
-25,23,64
-23,21,54
-24,20,55
-23,15,55
-20,14,59
-28,16,54
-29,12,53
-16,8,56
-18,9,55
-19,4,54
-18,4,57
-19,1,58
-19,1,59
-14,2,61
-13,3,61
-13,3,61
-13,2,60
-10,2,61
-11,1,60
-7,5,62
-8,-5,59
-13,2,60
-13,-1,61
-14,2,65
-12,0,64
-18,-3,60
-20,0,58
-12,-1,63
-1,-3,65
-4,-2,63
-11,2,60
-6,-1,66
-8,-3,69
-9,-1,66
-9,-4,66
-4,-2,67
-13,2,62
-16,-3,61
-5,2,64
1,9,59
-14,6,49
-12,4,51
-9,9,52
-8,9,52
-9,11,50
-10,12,53
-6,15,59
-4,17,64
-10,17,63
-9,18,62
-11,22,59
-14,22,57
-21,25,61
-30,24,55
-30,26,49
-40,37,47
-35,47,57
-48,54,53
-50,62,51
-45,42,23
-43,40,21
-50,39,25
-46,42,25
-45,47,15
-48,47,12
-51,44,10
-54,43,10
-51,43,6
-55,43,5
-53,45,4
-56,44,4
-52,44,5
-53,44,3
-49,49,4
-43,49,3
-42,51,7
-41,55,9
-39,61,7
-39,63,6
-33,70,8
-31,74,10
-22,71,10
-11,68,9
-6,67,8
1,64,5
-1,61,4
-8,60,1
-11,61,0
-13,61,1
-12,60,1
-12,61,2
-14,60,3
-15,58,5
-15,59,6
-16,59,7
-17,60,7
-17,55,2
-18,57,4
-18,58,10
-18,58,10
-17,58,13
-16,58,14
-15,58,18
-16,59,20
-14,57,24
-16,59,28
-17,59,34
-19,62,38
-19,62,40
-37,67,38
-40,63,41
-31,61,53
-36,61,51
-37,59,49
-26,54,54
-23,52,51
-30,54,47
-27,44,48
-23,42,49
-21,34,43
-20,30,42
-13,24,47
-15,22,48
-10,13,45
-4,12,46
-3,3,46
0,-2,46
1,-2,51
2,-3,53
-1,-9,54
-1,-7,58
-3,-6,60
-7,-8,60
-8,-5,62
-8,-6,64
-7,-5,64
-6,-6,65
-10,-6,63
-8,-6,65
-6,-7,64
-7,-6,64
-12,-7,60
-3,-3,64
-4,-7,59
-6,-3,59
-8,3,63
2,-10,72
-1,0,67
-5,-5,61
-5,-9,61
-3,-6,64
-8,-7,67
-7,-1,78
-1,5,76
6,-5,59
-12,-14,44
-10,-6,51
-9,-6,56
-10,-3,60
-8,-2,58
-3,1,52
-5,5,47
-4,5,46
-4,5,43
-11,8,43
-20,15,44
-23,18,47
-33,26,50
-31,28,52
-31,35,52
-34,39,52
-34,41,48
-41,46,46
-39,48,46
-34,46,44
-26,45,39
-29,47,38
-28,46,34
-29,47,27
-28,53,27
-25,52,26
-19,53,24
-18,57,21
-21,60,24
-18,58,26
-16,59,20
-25,58,13
-43,59,10
-31,55,5
-39,55,-3
-35,59,0
-37,71,10
-55,74,5
-51,66,-7
-32,58,-10
-25,52,-13
-45,58,6
-42,55,4
-42,49,1
-55,50,3
-55,43,-5
-50,43,-3
-44,43,-2
-50,45,0
-50,45,1
-55,50,3
-55,43,-5
-50,43,-3
-44,43,-2
-50,45,0
-50,45,1
-48,45,3
-47,49,4
-49,48,5
-49,45,5
-51,48,6
-43,48,8
-43,48,11
-45,48,14
-44,48,15
-43,48,22
-42,43,21
-42,43,25
-44,40,28
-43,38,27
-46,40,33
-44,36,30
-41,38,40
-38,37,38
-42,34,42
-43,34,44
-32,31,44
-35,29,44
-42,30,45
-41,27,43
-35,25,44
-35,25,45
-34,26,47
-33,25,47
-30,24,52
-32,25,55
-31,23,56
-30,23,55
-29,25,54
-26,24,54
-21,22,51
-20,22,50
-19,22,54
-19,22,54
-20,24,54
-23,24,57
-23,23,57
-26,24,58
-31,25,63
-27,20,62
-25,21,59
-27,24,61
-28,21,63
-22,17,63
-24,19,62
-22,17,59
-15,16,57
-11,18,56
-12,20,57
-16,19,56
-13,17,59
-10,15,61
-10,16,62
-7,11,57
-6,10,58
-9,10,58
-9,9,60
-9,8,63
-13,8,62
-13,6,60
-16,12,61
-14,7,61
-13,8,62
-14,6,60
-12,7,62
-15,8,60
-10,5,63
-13,7,62
-8,11,66
-9,8,65
-10,6,62
-12,6,60
-10,11,60
-12,7,58
-9,7,62
-9,13,63
-7,7,64
-5,6,64
-7,9,63
-10,8,62
-8,9,66
-11,10,72
-8,9,75
1,7,76
-17,-7,43
-25,1,43
-13,4,53
-10,5,55
-4,7,54
-9,12,51
-11,13,50
-9,18,52
-5,17,56
-5,19,59
-9,20,56
-8,23,60
-11,22,60
-21,22,64
-25,23,61
-25,25,54
-26,25,45
-42,38,43
-37,47,53
-41,56,45
-46,58,46
-42,45,30
-40,38,23
-65,35,27
-49,36,23
-46,45,18
-48,46,14
-48,47,7
-48,44,8
-53,43,6
-58,43,4
-54,43,5
-48,44,6
-48,45,3
-51,48,1
-49,49,1
-48,51,3
-43,53,5
-39,57,6
-37,62,10
-33,69,11
-29,75,11
-24,77,15
-16,75,14
2,67,9
10,65,8
4,66,1
-7,65,-4
-15,64,-6
-13,63,-5
-14,58,-3
-13,57,-2
-12,57,0
-12,57,0
-14,57,2
-14,57,2
-15,58,4
-16,59,5
-18,56,7
-19,57,10
-18,57,11
-18,54,13
-18,55,15
-18,56,19
-18,55,21
-19,63,28
-15,61,28
-16,61,31
-16,61,32
-16,61,30
-15,61,30
-16,65,35
-19,63,35
-23,60,38
-28,62,41
-24,56,46
-34,59,43
-33,58,50
-23,54,56
-22,51,50
-29,52,44
-28,40,48
-26,39,51
-21,33,47
-15,23,41
-13,20,42
-9,16,42
-7,13,43
-5,9,46
-1,9,50
-5,9,51
-8,7,51
-4,4,56
-4,2,59
-8,4,61
-10,2,62
-6,1,64
-6,2,65
-12,1,64
-13,1,64
-11,2,63
-13,1,62
-12,1,63
-14,3,62
-12,2,64
-16,2,61
-10,2,63
-14,4,60
-7,3,62
-6,1,64
-6,8,66
-7,3,64
-8,2,62
-14,4,60
-10,4,62
-7,5,68
-9,6,65
-13,7,68
-8,4,71
-2,4,78
-19,-11,51
-7,6,42
-6,0,39
-4,2,42
-6,1,42
-6,6,40
-9,10,40
-13,17,40
-14,19,40
-26,33,41
-29,37,43
-25,43,47
-29,47,50
-29,47,52
-27,47,50
-30,50,43
-34,52,44
-28,55,43
-25,53,40
-28,51,29
-24,52,27
-19,53,26
-26,59,23
-27,61,19
-8,61,35
-8,66,37
-27,59,19
-25,60,21
-27,59,15
-34,60,13
-33,60,21
-36,58,13
-41,57,5
-36,61,10
-51,66,16
-60,65,16
-41,45,2
-45,46,9
-46,45,12
-47,46,11
-52,44,12
-53,44,10
-48,46,12
-51,46,10
-50,45,12
-54,44,15
-48,44,12
-47,46,18
-41,46,18
-40,46,24
-40,47,27
-39,46,27
-40,46,30
-34,46,35
-36,45,34
-36,47,36
-33,46,41
-35,42,51
-40,46,61
-34,44,67
-33,34,60
-38,38,57
-26,38,57
-17,25,48
-22,26,46
-20,25,48
-17,19,50
-21,17,54
-19,14,55
-13,10,56
-15,8,55
-17,6,55
-11,6,58
-13,6,56
-5,3,58
-2,1,60
-6,1,58
-6,-1,60
-7,-1,61
-8,-1,61
-7,-2,62
-6,-2,63
-6,-1,64
-8,-1,63
-8,-1,63
-5,-1,63
-8,1,64
-10,-1,62
-6,1,64
-6,0,64
-5,-1,65
-7,0,64
-3,1,65
-5,0,64
-6,1,62
-6,1,62
-6,-1,61
-1,3,63
-3,0,64
-5,-1,63
-5,5,62
7,1,66
-1,0,63
1,-1,66
-1,-1,64
-1,6,63
1,5,63
-6,1,65
-16,-1,72
6,4,80
40,1,86
-17,5,47
-9,-2,52
-4,-1,59
-4,-1,62
-7,0,64
-7,1,64
-5,1,62
-6,1,62
-7,-1,65
-7,-2,66
-5,-1,66
-4,-1,65
-6,-1,64
-5,0,64
-5,0,64
-6,-1,63
-5,0,64
-6,-1,62
-6,-1,63
-7,0,63
-6,0,63
-6,0,64
-6,0,63
-6,-1,64
-6,-1,64
-6,-1,64
-6,0,64
-6,-1,64
-6,-1,64
-6,0,64
-6,0,64
-6,0,63
-6,0,64
-6,0,64
-6,0,63
-6,0,63
-7,0,63
-6,0,64
-7,0,63
-7,0,63
-7,-1,64
-7,0,64
-7,0,63
-6,-1,63
-6,-1,64
-7,-1,63
-7,0,64
-6,0,64
-8,0,64
-8,0,64
-8,0,64
-7,0,64
-7,0,63
-8,0,63
-7,-1,63
-8,0,63
-8,0,64
-8,0,64
-8,0,63
-8,0,64
-9,-1,63
-9,-1,63
-10,0,63
-10,0,64
-10,0,63
-10,0,64
-10,1,64
-10,0,64
-10,0,64
-9,0,64
-9,0,64
-10,0,64
-10,0,64
-8,0,64
-9,0,64
-10,0,63
-9,0,63
-9,0,63
-10,0,63
-10,0,63
-9,0,63
-9,0,63
-9,0,63
-9,0,63
-9,0,63
-9,0,63
-9,1,63
-9,0,63
-10,0,63
-10,0,63
-9,0,63
-10,1,64
-10,1,64
-10,1,63
-10,1,63
-10,1,63
-10,1,63
-9,1,63
-10,0,63
-10,0,63
-10,0,63
-10,0,63
-10,0,63
-10,0,63
-10,0,63
-10,0,64
-9,0,64
-10,0,63
-10,0,64
-10,0,64
-10,0,64
-10,0,63
-10,0,63
-10,0,63
-11,0,63
-11,1,63
-10,1,63
-11,1,63
-10,1,63
-10,0,63
-10,0,63
-10,0,63
-10,0,63
-10,0,63
-10,0,63
-10,1,64
-11,1,64
-11,1,64
-11,1,64
-11,1,63
-11,1,63
-10,1,62
-11,1,62
-11,0,62
-11,1,63
-10,0,63
-10,0,64
-10,0,64
-10,1,64
-10,1,63
-11,0,63
-11,0,63
-11,0,63
-11,1,63
-11,1,63
-11,1,63
-11,1,63
-11,0,63
-10,0,63
-11,0,63
-11,0,63
-11,0,64
-11,0,64
-12,0,63
-12,1,63
-12,0,63
-12,0,63
-12,0,63
-11,0,63
-11,0,64
-11,0,64
-11,0,64
-11,1,64
-10,0,63
-10,0,63
-11,-1,63
-10,0,63
-9,0,63
-11,0,63
-11,0,63
-10,0,63
-10,0,63
-10,0,63
-10,0,63
-10,0,62
-10,0,62
-10,1,63
-10,0,63
-11,0,63
-10,0,63
-11,1,63
-10,0,63
-10,0,63
-10,0,63
-10,0,63
-10,0,64
-10,0,64
-11,1,64
-10,1,64
-11,1,63
-11,0,63
-10,0,63
-10,0,63
-11,0,62
-11,0,63
-10,0,63
-11,0,63
-10,0,63
-10,0,63
-10,0,64
-11,0,64
-10,0,63
-11,1,63
-10,1,63
-10,0,62
-11,0,63
-10,0,63
-10,0,63
-11,0,63
-11,0,64
-10,1,64
-11,1,63
-11,0,63
-11,1,63
-10,1,63
-11,1,63
-10,0,63
-10,1,63
-11,0,63
-11,1,63
-11,1,63
-11,1,63
-11,1,63
-10,1,63
-11,0,63
-11,1,63
-11,1,63
-11,1,63
-11,1,63
-11,1,63
-11,0,63
-11,1,63
-11,1,63
-11,1,63
-11,1,63
-11,1,63
-12,1,63
-11,1,64
-11,1,63
-11,1,63
-11,1,63
-11,1,63
-11,1,63
-11,1,63
-11,1,63
-12,0,63
-12,0,63
-12,1,63
-12,1,62
-11,0,62
-11,0,62
-12,0,63
-12,0,63
-11,0,63
-11,0,63
-12,0,63
-12,0,63
-12,1,63
-12,1,63
-11,1,63
-11,0,62
-12,0,62
-13,1,64
-12,2,65
-10,4,65
-10,2,63
-12,-1,61
-13,-2,61
-14,0,64
-13,2,65
-12,3,65
-12,3,64
-11,-1,60
-12,-2,60
-12,-1,64
-13,1,65
-12,2,64
-11,1,64
-12,0,63
-12,-1,63
-12,-1,63
-12,-1,63
-12,0,64
-12,-1,64
-11,-1,64
-11,-1,64
-10,0,64
-9,0,64
-11,0,62
-10,0,63
-9,-1,63
-9,-2,62
-10,-3,61
-11,-3,62
-10,-3,62
-10,-3,62
-11,-3,62
-10,-3,63
-10,-3,63
-10,-2,64
-10,-2,63
-10,-1,63
-9,-1,64
-10,-1,63
-9,-2,63
-10,-2,63
-11,-2,62
-10,-2,63
-10,-2,63
-10,-2,63
-10,-1,63
-10,-1,61
-9,-1,61
-8,1,60
-9,1,59
-9,0,57
-10,0,58
-13,1,58
-15,0,60
-17,-1,60
-19,2,61
-19,1,61
-21,3,61
-23,4,61
-24,6,59
-26,7,58
-31,10,59
-31,11,58
-33,13,62
-32,13,62
-27,12,62
-29,12,59
-28,13,58
-25,14,58
-27,15,56
-28,16,54
-27,16,56
-26,17,56
-29,18,56
-30,18,56
-30,16,57
-28,17,57
-29,17,55
-31,18,54
-31,18,55
-31,18,54
-33,17,52
-33,18,52
-30,19,51
-32,21,53
-35,20,53
-34,20,54
-33,20,52
-39,20,51
-37,19,53
-34,19,48
-39,21,45
-44,21,47
-38,20,49
-43,23,41
-36,23,47
-43,20,45
-36,20,48
-17,26,50
-35,26,46
-44,22,43
-51,21,41
-51,24,42
-40,25,43
-40,26,43
-43,26,40
-45,27,39
-49,28,36
-50,28,35
-50,27,32
-49,28,32
-47,29,33
-49,27,31
-47,32,30
-49,30,28
-51,35,24
-53,32,21
-58,35,14
-59,34,14
-56,34,17
-55,33,17
-55,31,16
-56,31,16
-56,31,16
-55,30,16
-54,29,20
-55,29,20
-56,29,19
-55,29,19
-54,29,21
-54,28,21
-54,28,22
-54,28,22
-54,28,22
-55,28,23
-54,28,23
-53,27,23
-53,28,24
-53,28,24
-53,28,24
-53,28,24
-53,28,24
-53,28,25
-53,28,25
-53,28,25
-53,28,25
-53,28,25
-53,29,26
-52,28,25
-52,28,26
-52,28,26
-52,28,26
-52,28,27
-52,28,26
-52,28,26
-52,28,27
-52,28,27
-52,28,27
-52,28,27
-52,28,27
-52,28,27
-52,28,27
-52,28,27
-52,28,27
-52,28,27
-51,29,27
-52,29,27
-52,29,28
-52,28,27
-51,28,28
-51,28,28
-51,29,28
-51,28,28
-51,29,28
-51,28,28
-51,28,28
-51,28,28
-51,28,28
-51,28,28
-51,28,28
-51,28,28
-51,28,28
-52,28,28
-51,28,28
-51,28,28
-52,28,28
-51,28,28
-51,28,28
-51,28,28
-51,28,28
-52,28,28
-52,28,28
-51,28,28
-51,28,28
-51,28,28
-51,28,28
-51,28,28
-51,28,28
-51,28,28
-51,28,28
-52,28,28
-51,28,28
-51,28,28
-51,28,28
-51,28,28
-51,28,28
-51,28,28
-51,28,28
-51,28,28
-51,28,28
-51,28,28
-52,28,28
-52,28,28
-51,28,28
-51,28,28
-52,28,28
-51,28,28
-51,28,28
-51,28,28
-52,28,28
-51,28,28
-51,28,28
-51,28,28
-51,28,28
-51,28,28
-51,28,28
-52,28,28
-52,27,28
-51,28,28
-51,28,28
-51,28,28
-51,28,28
-52,28,28
-51,28,28
-52,28,28
-51,28,28
-52,27,28
-52,28,28
-51,28,28
-51,28,28
-52,28,28
-51,28,28
-51,28,28
-51,27,28
-51,28,28
-52,28,28
-51,28,28
-51,28,28
-51,28,28
-51,28,28
-52,28,29
-51,28,28
-51,28,29
-51,28,29
-51,28,29
-51,28,28
-51,28,28
-51,28,28
-51,28,29
-51,28,29
-51,28,29
-51,28,29
-51,28,29
-51,28,29
-51,28,29
-51,28,28
-51,28,28
-51,28,29
-51,28,29
-51,28,29
-51,28,29
-51,28,28
-51,28,28
-51,28,28
-51,28,29
-51,28,29
-51,28,28
-51,28,28
-51,28,29
-51,28,29
-51,28,29
-51,28,29
-51,28,29
-51,28,29
-51,28,29
-51,28,29
-51,28,29
-51,28,28
-51,28,29
-51,28,29
-51,28,29
-51,28,29
-51,28,28
-51,28,28
-51,28,28
-51,28,28
-51,28,29
-51,28,28
-51,28,28
-51,28,29
-51,28,28
-51,28,29
-51,28,29
-51,28,29
-51,27,29
-51,28,29
-51,28,29
-51,28,29
-51,28,29
-51,28,29
-51,28,29
-51,28,29
-51,28,29
-51,28,29
-51,28,29
-51,28,29
-51,28,29
-51,28,29
-51,28,29
-51,27,29
-51,28,29
-51,27,29
-51,27,29
-51,28,29
-51,28,29
-51,27,29
-51,27,29
-51,28,29
-51,28,29
-51,28,29
-51,28,29
-51,27,29
-51,27,29
-51,27,29
-51,27,29
-51,27,29
-51,27,29
-51,28,29
-51,28,29
-51,27,29
-51,28,29
-51,28,29
-51,28,29
-51,28,29
-51,28,29
-51,28,29
-51,28,29
-51,28,29
-51,28,29
-51,28,29
-51,28,29
-51,28,29
-51,28,29
-51,27,29
-51,28,29
-51,28,28
-53,28,29
-56,30,28
-65,32,27
-70,35,27
-49,39,34
-52,46,36
-1,29,48
5,27,52
-4,23,57
-19,21,54
-28,11,50
-25,12,51
-29,9,28
-41,7,13
-34,18,22
-30,30,35
-87,76,101
-32,39,22
-39,52,16
-55,42,19
-37,46,21
-42,48,13
-43,52,8
-51,53,-3
-50,54,-3
-54,51,0
-55,50,4
-46,49,7
-47,52,7
-43,65,8
-45,77,6
-35,101,15
-29,101,14
-11,82,7
0,73,4
13,68,12
10,62,15
1,55,16
-7,55,13
-21,54,5
-20,52,4
-23,51,3
-24,51,5
-21,50,11
-25,55,19
-24,53,23
-21,48,29
-21,48,31
-21,45,33
-19,43,33
-17,37,35
-18,36,36
-26,32,39
-29,33,42
-28,31,43
-32,31,44
-34,34,44
-31,37,44
-29,37,43
-29,38,44
-29,44,46
-31,49,47
-31,49,45
-28,46,41
-27,41,36
-28,41,38
-33,43,42
-31,47,44
-30,60,48
-33,66,52
-22,50,46
-12,38,45
-9,36,47
-13,31,48
-16,30,47
-16,26,46
-13,25,45
-8,27,41
-9,29,40
-14,33,43
-16,36,45
-12,42,48
-9,42,47
-8,42,45
-11,43,44
-13,45,45
-11,44,46
-10,42,48
-12,42,52
-15,54,54
-20,65,54
-19,78,49
-13,75,45
-11,62,39
-16,54,37
-20,36,36
-28,33,34
-31,34,32
-35,39,33
-35,40,34
-32,39,37
-31,38,39
-34,37,43
-34,36,45
-37,32,45
-39,29,46
-43,23,52
-42,21,56
-42,16,58
-43,15,55
-44,18,52
-44,20,51
-41,18,48
-40,19,47
-39,24,47
-40,24,46
-43,23,45
-43,28,47
-30,37,52
-24,39,50
-25,45,47
-25,45,47
-24,42,44
-24,39,44
-23,34,45
-24,29,47
-25,28,49
-27,27,50
-29,26,51
-30,23,52
-29,22,53
-28,19,54
-29,17,54
-30,14,53
-31,13,53
-30,12,53
-29,13,54
-33,14,57
-46,18,62
-39,32,63
-31,27,55
-34,17,44
-39,16,43
-38,21,50
-37,22,49
-33,21,42
-32,18,41
-33,14,41
-34,13,42
-35,14,45
-36,16,47
-39,20,54
-40,29,66
-35,29,67
-48,40,72
-56,40,74
-30,29,68
-16,28,63
-9,30,52
-13,30,46
-22,31,42
-19,30,43
-11,25,43
-12,25,43
-17,24,43
-21,24,45
-21,20,50
-20,18,53
-21,13,56
-24,11,57
-25,10,60
-25,9,61
-34,7,65
-43,7,70
-52,12,81
-47,21,83
-33,26,67
-25,21,55
-31,14,41
-34,13,45
-36,17,48
-30,20,48
-28,18,46
-31,13,44
-32,11,45
-33,8,47
-34,7,46
-32,5,49
-32,5,51
-35,7,60
-40,10,65
-43,16,69
-38,24,71
-36,17,70
-34,15,69
-27,16,58
-24,18,52
-25,21,43
-26,20,42
-25,21,44
-25,20,46
-32,21,52
-36,20,53
-31,18,51
-28,17,50
-27,16,51
-23,15,53
-23,14,54
-24,16,55
-25,17,58
-27,19,61
-27,20,63
-26,23,64
-24,22,63
-24,18,60
-27,16,60
-34,19,63
-33,20,61
-34,18,55
-34,16,53
-30,12,45
-29,8,41
-41,3,41
-47,3,45
-58,9,55
-53,11,56
-43,11,52
-46,9,48
-47,6,48
-46,6,49
-43,7,48
-44,8,48
-43,14,54
-40,18,57
-39,18,58
-43,16,58
-40,20,61
-37,19,61
-38,18,59
-27,13,58
-26,10,56
-29,10,49
-32,11,47
-34,10,48
-34,10,50
-33,11,54
-35,11,57
-36,13,59
-32,12,57
-26,10,55
-25,8,55
-23,5,55
-23,4,54
-22,3,57
-22,2,59
-26,2,58
-25,2,59
-25,2,58
-24,2,58
-21,2,57
-21,1,58
-21,1,59
-21,1,61
-22,2,61
-24,4,63
-24,4,65
-27,8,66
-30,10,65
-28,9,61
-23,8,60
-22,4,52
-27,3,48
-35,-3,42
-37,-7,42
-38,-9,45
-39,-7,47
-46,-1,52
-45,1,54
-39,1,54
-39,2,54
-42,4,54
-44,5,54
-46,6,55
-45,7,56
-37,9,61
-37,10,59
-42,12,58
-29,13,56
-26,8,50
-25,1,49
-27,-1,52
-31,3,58
-33,5,61
-25,7,66
-23,7,68
-23,6,71
-24,4,72
-31,2,77
-31,0,80
-36,-5,81
-42,-8,81
-53,-15,75
-57,-22,68
-57,-29,51
-52,-36,41
-54,-41,30
-48,-40,25
-29,-45,19
-25,-46,18
-13,-45,15
-6,-46,14
-1,-44,14
-1,-44,11
2,-40,14
3,-36,19
5,-35,20
5,-34,25
7,-35,29
3,-41,29
5,-42,33
5,-48,38
3,-51,36
0,-52,36
-3,-56,35
-4,-59,32
0,-57,35
-3,-54,33
-2,-54,32
-2,-55,32
0,-53,38
-1,-52,35
2,-53,32
7,-51,33
4,-51,34
4,-54,31
7,-52,32
8,-50,34
8,-50,34
4,-50,29
5,-52,25
14,-52,35
11,-57,32
9,-63,26
13,-62,34
9,-61,32
2,-59,24
4,-54,26
5,-50,30
4,-50,28
10,-48,39
13,-48,43
8,-49,38
9,-48,31
2,-46,26
-3,-46,23
-5,-44,28
-6,-43,27
-3,-47,25
1,-48,25
3,-43,23
3,-45,20
9,-54,3
5,-54,-2
-15,-55,10
-33,-53,9
-39,-53,-8
-43,-52,-14
-38,-48,-13
-37,-42,-15
-58,-25,-7
-46,-28,-13
-49,-20,-2
-80,-17,-6
-76,-20,-16
-78,-16,-15
-94,-11,-22
-99,-2,-39
-93,-2,-40
-72,2,-27
-70,1,-23
-66,2,-19
-64,3,-26
-61,6,-26
-57,8,-21
-49,5,-17
-49,3,-19
-55,-1,-20
-56,-2,-18
-56,-5,-21
-60,-5,-21
-67,-5,-22
-70,-6,-26
-76,-2,-26
-79,-1,-30
-74,2,-28
-72,0,-26
-74,-4,-24
-70,7,-12
-65,11,-9
-54,11,-7
-53,11,-8
-49,12,-3
-48,12,0
-50,9,6
-52,7,8
-63,3,7
-64,2,6
-66,1,4
-66,1,5
-63,1,6
-62,-1,5
-63,-2,2
-63,-3,1
-63,-3,1
-64,-3,0
-64,-3,0
-69,-3,1
-70,-3,1
-71,-4,1
-76,-2,-1
-78,0,-4
-71,7,-5
-64,3,-4
-60,0,-7
-54,-2,-8
-51,-4,-8
-54,-6,-10
-59,-6,-12
-64,-3,-14
-67,-1,-16
-68,1,-18
-68,1,-18
-64,0,-16
-63,0,-16
-62,0,-15
-62,1,-14
-63,3,-13
-64,3,-13
-64,5,-10
-63,5,-9
-65,5,-9
-65,4,-10
-67,4,-8
-68,4,-7
-69,4,-10
-69,5,-11
-67,5,-12
-67,5,-11
-64,5,-10
-64,5,-9
-65,4,-7
-71,3,-1
-70,2,4
-68,1,7
-73,-1,7
-79,-5,4
-75,-6,3
-68,-12,1
-65,-16,-3
-66,-18,-8
-64,-20,-9
-54,-19,-1
-52,-21,-3
-58,-26,-9
-58,-24,-8
-48,-29,-5
-48,-31,-7
-51,-30,-10
-51,-31,-10
-54,-31,-12
-52,-32,-12
-50,-32,-15
-52,-32,-15
-49,-30,-12
-48,-30,-13
-53,-29,-14
-53,-28,-13
-51,-27,-14
-48,-39,-22
-49,-32,-20
-48,-33,-25
-47,-31,-27
-42,-38,-33
-36,-34,-26
-40,-44,-22
-42,-44,-25
-47,-42,-29
-47,-44,-26
-47,-43,-24
-44,-42,-25
-46,-41,-22
-46,-45,-22
-83,-45,-31
-63,-30,-24
-39,-32,-5
-48,-41,-5
-54,-35,-4
-54,-35,-3
-30,-38,10
-27,-36,16
-41,-36,9
-43,-37,6
-36,-42,1
-50,-44,-7
-65,-53,-13
-65,-53,-12
-66,-52,-11
-60,-49,-3
-44,-45,5
-44,-48,6
-47,-49,1
-21,-46,0
-33,-34,11
-61,-26,21
-63,-31,13
-49,-32,14
-46,-30,18
-54,-26,14
-56,-26,17
-51,-25,23
-47,-24,30
-34,-27,28
-27,-33,23
-19,-37,19
-23,-40,12
-47,-46,-4
-61,-46,-10
-74,-46,-12
-77,-42,-11
-60,-30,9
-43,-18,25
-76,-7,-18
-58,4,-20
-60,11,-15
-87,12,-35
-73,12,-33
-47,20,-31
-48,17,-36
-57,18,-13
-42,17,-3
-79,1,-27
-61,0,-23
-57,-8,-14
-63,0,-18
-84,15,-49
-88,18,-58
-67,11,-25
-41,-3,-9
-28,-12,31
-53,-11,17
-79,-6,4
-93,-6,4
-70,-13,-1
-39,-11,5
-70,11,13
-85,5,6
-47,-3,14
-45,1,29
-61,1,19
-86,9,7
-80,6,16
-65,-18,7
-77,-14,-15
-58,0,45
-57,3,56
-26,4,58
-21,8,69
-36,8,43
-17,3,46
-41,-5,-13
-79,0,-26
-93,0,-15
-83,-7,-15
-74,-2,11
-72,-1,11
-55,-3,18
-67,-4,4
-51,3,5
-66,-1,-1
-79,2,0
-84,4,-9
-78,19,-2
-45,16,31
-26,13,59
-4,-1,70
11,-1,47
-16,6,53
-21,4,62
-18,-3,58
-15,0,58
-24,6,64
-24,1,58
-16,0,60
-20,3,56
-30,8,54
-38,5,48
-49,8,65
-35,6,71
-46,5,37
-67,4,21
-50,6,40
-50,8,29
-78,3,1
-72,0,3
-62,0,12
-66,0,11
-73,4,12
-84,4,10
-60,3,18
-59,1,15
-58,3,14
-57,-1,16
-63,-3,17
-62,-2,21
-59,-2,23
-66,-4,18
-52,-3,23
-53,-4,22
-60,-3,21
-80,-3,22
-69,-2,28
-54,-5,26
-43,-7,30
-54,-3,17
-69,0,14
-64,-6,29
-63,-4,22
-55,-2,29
-59,-5,37
-57,-12,40
-65,-11,28
-57,-9,41
-52,-9,45
-45,-9,43
-41,-7,50
-48,-9,41
-47,-14,33
-48,-18,29
-46,-15,22
-56,-17,17
-53,-15,26
-63,-8,21
-65,-10,22
-64,-13,19
-72,-20,15
-53,-21,25
-43,-15,36
-36,-11,50
-64,-16,30
-61,-18,28
-56,-17,30
-49,-17,34
-46,-19,34
-44,-19,34
-48,-22,24
-45,-18,26
-50,-11,39
-59,-7,45
-52,-25,29
-60,-25,27
-68,-22,23
-63,-20,19
-44,-20,32
-41,-16,36
-63,-17,26
-59,-17,24
-58,-20,23
-51,-24,21
-47,-22,26
-46,-20,26
-34,-16,38
-47,-8,29
-59,-11,21
-47,-2,41
-55,6,47
-72,1,43
-58,-6,52
-53,-7,45
-68,-11,34
-61,-10,34
-61,-10,22
-39,-21,14
-39,-20,18
-62,-16,23
-54,-16,18
-35,-8,20
-37,-7,12
-44,-7,-2
-57,-4,-13
-69,-7,-23
-59,-9,-13
-75,-2,-28
-89,-4,-53
-77,-4,-47
-65,1,-28
-69,5,-35
-94,14,-54
-85,13,-46
-62,20,-17
-25,18,-10
-41,5,0
-50,10,-1
-58,2,-16
-53,-7,-21
-43,-16,-17
-45,-15,-13
-47,-13,-8
-69,-10,-3
-88,-13,-11
-76,-13,-8
-62,-9,4
-61,-8,11
-63,3,15
-63,2,16
-73,12,0
-78,14,-6
-60,14,10
-55,14,17
-52,18,13
-56,22,11
-52,24,11
-63,27,0
-73,28,-4
-68,27,-3
-66,27,-1
-60,27,0
-55,27,1
-61,31,3
-60,32,3
-58,32,1
-56,33,0
-56,35,-2
-54,36,-2
-55,39,3
-61,40,1
-55,39,1
-58,39,0
-52,38,3
-56,36,1
-54,33,-1
-54,31,-1
-55,30,1
-55,30,4
-53,29,3
-45,30,7
-48,30,5
-73,28,2
-82,28,0
-71,23,0
-64,29,1
-55,39,-1
-51,43,-3
-36,47,-6
-35,49,-4
-51,57,12
-53,60,21
-32,44,12
-56,40,-3
-72,35,-12
-62,31,-11
-50,33,-1
-51,34,-1
-58,39,-5
-54,40,-2
-48,42,4
-49,43,5
-58,42,7
-59,43,8
-61,45,8
-60,46,9
-55,49,8
-55,49,6
-51,42,4
-50,38,5
-48,34,6
-45,30,9
-46,30,10
-47,32,10
-48,31,10
-48,31,13
-48,32,14
-51,34,17
-50,36,17
-49,41,16
-50,43,18
-48,44,19
-47,44,19
-48,45,16
-47,46,15
-45,46,13
-45,46,12
-46,48,10
-46,48,10
-46,49,9
-46,50,10
-46,48,9
-46,48,9
-47,44,10
-47,44,10
-46,42,9
-47,42,9
-47,42,9
-47,42,9
-48,41,9
-51,39,9
-52,38,10
-51,35,8
-52,33,7
-53,37,9
-53,37,9
-52,35,7
-61,33,4
-63,30,8
-52,29,13
-49,24,15
-51,27,14
-54,30,12
-50,30,14
-52,34,19
-55,35,19
-47,36,23
-41,39,27
-38,42,26
-35,43,29
-35,52,28
-33,55,31
-35,55,31
-43,57,29
-30,54,30
-32,55,33
-36,53,32
-26,50,29
-28,52,38
-43,48,37
-39,45,30
-25,51,40
-24,48,41
-36,46,31
-33,44,29
-28,44,31
-24,46,35
-26,50,38
-29,50,38
-32,48,33
-29,47,32
-30,45,29
-32,44,25
-31,47,29
-35,46,27
-36,46,31
-40,46,34
-23,44,49
-25,51,55
-23,48,55
-5,45,55
-26,58,37
-13,49,38
-18,46,44
-19,43,45
-22,42,51
-31,39,52
-34,37,50
-30,31,45
-34,31,42
-34,31,39
-34,32,39
-36,34,38
-30,33,39
-32,37,42
-32,36,43
-29,34,44
-28,33,45
-33,32,44
-33,32,46
-29,30,47
-33,29,45
-31,30,49
-32,30,47
-32,31,47
-32,31,47
-31,30,48
-31,30,48
-31,31,48
-31,30,48
-32,30,47
-32,30,46
-33,30,46
-38,31,42
-42,31,35
-42,30,24
-38,33,29
-33,34,27
-27,32,31
-13,31,50
-14,31,55
9,32,57
22,35,59
5,60,50
-10,67,45
-54,63,24
-94,50,12
-17,41,33
-14,41,37
-40,55,40
-30,60,48
-36,72,44
-38,70,38
-23,73,28
-38,72,12
-25,53,6
-27,55,14
-36,53,30
-35,47,33
-43,42,32
-57,42,35
-58,42,38
-63,36,34
-64,31,27
-73,23,13
-67,16,11
-73,8,3
-68,0,-1
-59,-1,-7
-56,-3,-8
-56,-1,-9
-44,0,-3
-47,1,-6
-59,1,-9
-62,-1,-2
-64,-6,-1
-69,-12,0
-62,-17,3
-52,-30,-9
-63,-35,-15
-72,-28,-7
-48,-25,5
-59,-22,6
-58,-23,14
-51,-20,20
-53,-25,13
-60,-21,14
-39,-19,21
-61,-28,8
-43,-27,10
-37,-30,12
-53,-35,-3
-67,-39,-7
-29,-35,24
-12,-36,39
-26,-36,38
-46,-40,13
-42,-49,12
-45,-46,12
-7,-50,47
-3,-49,47
-16,-54,27
-26,-53,21
12,-47,67
-7,-50,43
-22,-45,25
-10,-51,31
-6,-41,36
-21,-46,37
-23,-47,35
-22,-46,23
-39,-55,11
-26,-50,40
-34,-49,28
-48,-54,23
-28,-54,26
-50,-50,6
-43,-52,11
-35,-46,19
-47,-42,19
-48,-54,23
-28,-54,26
-50,-50,6
-43,-52,11
-35,-46,19
-47,-42,19
-40,-46,10
-47,-45,12
-50,-40,22
-54,-42,18
-52,-44,19
-46,-42,24
-47,-43,19
-45,-44,19
-43,-42,21
-44,-42,21
-41,-41,21
-41,-41,19
-39,-40,20
-36,-40,23
-39,-39,25
-41,-37,27
-40,-41,22
-39,-44,23
-36,-46,25
-40,-49,23
-38,-46,26
-37,-45,26
-37,-45,26
-36,-45,27
-37,-46,24
-39,-47,24
-40,-47,23
-37,-50,16
-31,-50,18
-32,-51,17
-33,-50,17
-29,-49,18
-34,-48,21
-48,-43,26
-43,-44,23
-29,-54,21
-41,-60,12
-48,-63,12
-37,-56,25
-7,-56,37
-12,-47,24
-19,-38,38
-27,-40,37
-9,-38,40
-37,-39,38
-20,-43,43
-18,-51,40
-25,-52,42
-16,-49,34
-9,-46,36
-17,-42,47
-9,-48,49
-17,-51,32
-10,-51,31
-9,-56,23
-8,-53,23
-2,-49,39
-6,-50,37
-10,-51,40
-12,-50,39
-5,-47,43
-8,-46,36
-7,-52,30
-13,-58,30
-12,-53,37
-16,-51,31
-10,-48,34
-12,-50,32
-17,-46,25
-13,-60,22
-12,-55,22
-3,-52,0
1,-63,18
-13,-54,17
-4,-52,22
-8,-52,14
-14,-52,23
22,-51,6
38,-45,-8
14,-30,-9
7,-22,-9
-19,-11,-19
-40,-10,-27
-61,-2,-20
-45,-1,-18
-125,38,-24
-128,56,-15
-60,49,10
-59,91,51
-82,87,60
-95,84,49
-81,49,30
-76,33,-3
-57,35,-4
-59,11,-21
-64,7,-26
-68,1,-14
-74,18,-5
-51,27,18
-54,32,21
-55,32,17
-51,35,22
-31,40,36
-27,43,40
-71,37,21
-86,35,8
-49,22,23
-56,29,28
-69,26,7
-71,24,13
-47,17,24
-46,19,24
-47,18,28
-55,16,28
-59,18,18
-69,13,10
-53,2,10
-43,-1,18
-41,23,34
-37,26,43
-17,44,39
-28,54,33
-55,64,27
-60,53,28
-41,30,17
-25,33,28
-20,39,37
-21,53,37
-34,63,28
-36,65,36
-40,71,35
-42,89,41
-43,93,43
-23,84,56
-8,80,49
51,55,56
72,47,45
83,52,12
47,62,-3
-7,91,-31
-43,96,-55
-56,116,-69
-41,97,-50
-20,96,-20
-15,103,7
-36,90,28
-36,84,31
-22,87,30
-1,85,34
2,70,10
20,62,-9
35,42,-16
-20,56,-34
-42,75,-52
-12,54,-43
-21,60,-31
-29,51,-32
-30,56,-37
-24,67,-20
-32,53,-24
-32,52,-24
-11,46,-15
-25,104,-20
-17,72,-19
-19,39,-31
-17,74,-26
-23,43,-35
-32,50,-36
-36,47,-32
-30,47,-31
-38,48,-33
-31,52,-29
-30,57,-22
-28,62,-15
-37,64,-18
-28,56,-10
-31,51,-17
-38,50,-15
-33,50,-3
-27,54,1
-22,52,2
-23,54,-7
-26,57,-9
-19,54,-7
-40,59,-10
-38,58,-7
-34,52,-8
-44,55,-16
-43,45,-21
-47,58,-18
-39,52,-19
-36,36,-21
-50,41,-20
-52,43,-13
-48,37,-9
-54,49,-1
-49,61,2
-46,47,-4
-42,64,1
-42,29,-5
-53,38,-9
-35,42,3
-38,43,8
-43,44,6
-45,42,4
-41,34,3
-43,74,1
-46,41,-7
-44,49,-18
-61,71,-16
-46,67,-4
-39,52,-10
-36,46,-20
-49,17,-32
-39,31,-25
-43,34,-27
-42,47,-17
-39,54,-14
-39,64,-10
-34,56,-9
-31,58,-3
-41,59,-3
-22,38,-5
-37,52,-13
-45,46,-13
-51,48,-14
-28,56,6
-34,47,-3
-29,53,-25
-42,55,-29
-40,44,-39
-48,49,-35
-67,53,-27
-47,46,-18
-44,52,-22
-33,47,-28
-29,35,-29
-41,37,-20
-45,32,-18
-58,43,-23
-52,49,-17
-43,49,-15
-36,45,-19
-40,44,-16
-43,54,-15
-45,42,-16
-41,46,-19
-51,38,-14
-37,43,-10
-29,54,-9
-32,54,-14
-43,50,-20
-30,56,-14
-21,53,-26
-34,58,-12
-29,54,-13
-34,55,-25
-26,67,-28
-35,75,-35
-56,73,-53
7,42,-19
-44,48,-11
-40,45,0
-41,44,-10
-40,35,-18
-27,37,-18
-34,45,-16
-40,46,-17
-36,51,-18
-35,52,-17
-39,47,-24
-49,47,-41
-45,55,-6
-42,44,-9
-52,48,-11
-44,49,2
-48,55,6
-48,54,2
-47,57,0
-55,53,-2
-42,53,-3
-26,51,-7
-25,63,0
-42,35,-13
-42,37,-2
-46,31,-10
-39,50,-6
-48,49,-6
-52,39,-9
-68,53,-6
-54,73,7
-43,33,-3
-44,25,-7
-44,19,-17
-52,30,-20
-53,42,-13
-69,51,-10
-55,48,-5
-62,48,1
-50,37,-2
-49,48,-6
-38,42,-12
-43,44,-13
-47,41,-18
-47,43,-20
-42,46,-18
-38,49,-10
-35,47,-18
-24,43,-21
-31,48,-23
-33,47,-28
-29,51,-29
-30,53,-26
-46,77,-25
-36,74,-23
-22,62,-19
-15,46,-17
-37,66,-26
-29,45,-27
-24,47,-25
-20,47,-21
-17,46,-23
-9,55,-22
-12,56,-27
-15,63,-29
-15,67,-29
-18,67,-33
-16,57,-35
-6,57,-30
-3,55,-26
-2,58,-22
3,59,-13
-19,59,-31
-20,61,-37
-20,62,-33
-2,55,-27
-1,57,-41
2,59,-36
13,54,-18
14,51,-20
13,49,-27
7,57,-19
10,56,-24
0,64,-31
-5,62,-35
-3,57,-42
-19,61,-40
-4,55,-38
2,58,-30
2,60,-32
3,62,-30
4,62,-36
1,58,-38
6,60,-35
1,62,-33
-2,62,-36
-5,62,-35
-11,62,-29
-20,68,-27
-14,59,-27
-8,56,-23
-8,57,-21
-10,60,-22
-14,48,-27
-25,51,-33
-19,57,-32
-20,62,-34
-34,52,-45
-33,71,-32
-30,52,-30
-8,44,-22
34,93,-14
16,36,-16
2,47,-22
-19,56,-23
-16,55,-10
-11,63,-16
-9,76,0
12,74,28
14,77,29
-13,95,44
-11,93,20
-10,111,35
-21,109,31
-16,101,11
-22,96,19
-26,76,23
-26,73,32
-17,61,32
-7,52,38
5,44,47
9,40,42
-3,47,34
-7,54,32
10,33,33
-8,15,29
-10,19,33
-16,-4,45
-32,-3,35
-44,24,17
-44,16,19
-72,25,37
-75,36,34
-83,20,22
-74,11,21
-63,11,19
-51,6,38
-87,12,25
-53,19,66
-32,-26,64
-45,-29,54
-25,-30,59
-14,-18,78
-26,-16,25
-50,-11,22
-49,12,66
-62,-6,37
-81,-6,16
-67,4,59
-30,-25,66
-6,-26,62
-1,-20,44
-52,2,34
-71,-5,14
-22,-3,49
-35,5,18
-111,6,-84
-128,27,-49
-91,48,38
-45,35,65
-34,15,71
-45,7,49
-33,-10,44
-31,-13,46
-43,-12,38
-48,-10,25
-40,-11,18
-20,-1,48
-66,5,45
-58,-1,37
-35,-3,39
-38,2,38
-48,-2,43
-58,1,41
-42,4,44
-56,4,44
-61,19,28
-75,13,1
-63,11,18
-29,3,49
-94,37,-6
-91,17,10
-60,8,19
-59,18,18
-66,17,15
-49,18,38
-47,23,37
-59,29,37
-48,28,95
-48,35,53
-56,34,46
-71,40,31
-72,38,16
-85,40,-13
-88,43,-17
-69,34,-14
-59,35,-13
-64,8,7
-49,5,10
-56,-1,4
-57,-13,1
-52,-28,3
-51,-27,7
-50,-32,17
-49,-35,19
-35,-41,23
-45,-40,25
-38,-43,25
-39,-42,29
-45,-41,27
-33,-42,29
-37,-40,26
-42,-41,15
-44,-42,14
-47,-42,19
-41,-42,22
-41,-44,14
-39,-47,12
-33,-50,10
-34,-51,12
-31,-56,13
-28,-55,17
-32,-53,23
-34,-53,23
-37,-49,22
-37,-51,19
-44,-51,15
-44,-52,10
-40,-55,13
-32,-57,13
-18,-67,2
-15,-73,-12
4,-87,-36
2,-86,-38
8,-73,-19
11,-56,27
10,-41,58
-13,-26,79
-34,-13,77
-44,-5,68
-41,-4,69
-27,-8,63
-20,-16,64
-19,-24,55
-19,-28,45
-24,-34,20
-24,-37,9
-26,-45,2
-30,-50,6
-32,-51,2
-32,-55,-5
-35,-60,-11
-36,-61,-12
-38,-64,-14
-42,-66,-11
-43,-63,6
-41,-62,8
-37,-58,9
-38,-56,10
-39,-51,9
-42,-48,15
-41,-48,18
-50,-49,23
-48,-47,19
-50,-49,8
-47,-51,9
-40,-48,19
-31,-44,15
-35,-38,3
-39,-39,5
-34,-42,6
-35,-40,2
-33,-38,-5
-35,-33,-7
-37,-33,-4
-36,-29,-10
-38,-27,-14
-47,-28,-11
-51,-22,-13
-47,-18,-19
-64,-10,-1
-58,-11,0
-63,-2,-5
-81,7,15
-77,8,4
-78,14,8
-55,48,52
-34,49,63
-61,51,67
-72,51,56
-64,46,36
-63,46,42
-58,43,38
-54,37,35
-54,33,32
-55,27,31
-61,27,33
-74,28,32
-65,28,35
-53,26,41
-55,28,44
-34,33,53
-27,37,51
-37,44,46
-32,43,51
-11,47,64
-6,53,60
6,45,48
9,43,49
11,32,49
10,29,46
29,38,43
30,29,36
17,17,48
12,20,53
18,24,50
14,22,54
22,21,66
20,-2,61
33,24,63
1,24,59
-25,24,51
-30,18,68
-15,11,76
-25,16,65
-26,19,69
-33,12,60
-27,12,64
0,9,71
6,7,69
9,9,64
15,7,60
6,15,58
14,13,67
-3,2,50
8,10,53
2,17,49
-3,18,42
1,13,49
-1,9,51
-11,17,48
5,18,56
16,16,60
29,18,60
53,21,62
58,25,68
53,27,62
38,19,61
43,23,64
37,28,71
29,33,76
2,31,81
-5,22,77
-19,11,44
-40,15,29
-60,20,24
-57,23,21
-61,15,4
-69,7,-6
-71,4,-3
-60,10,11
-46,17,29
-46,21,31
-54,19,32
-42,14,36
-17,11,49
-22,14,51
-5,17,53
7,16,55
26,17,58
39,20,63
32,26,56
51,34,60
52,40,55
49,32,60
46,25,53
39,32,46
37,31,40
33,37,35
28,27,33
24,25,41
30,30,42
33,26,46
18,21,41
12,23,40
16,23,39
20,17,41
20,23,47
42,26,52
61,24,48
73,26,49
85,33,60
84,36,62
77,57,56
29,2,49
34,25,61
19,36,64
2,48,66
-18,35,54
-36,28,35
-38,22,31
-41,40,38
-47,40,35
-50,17,21
-42,9,25
-44,16,37
-50,23,43
-45,22,37
-45,16,30
-47,12,32
-47,15,36
-49,16,35
-52,14,34
-62,17,25
-52,12,18
-59,13,-8
-74,5,-19
-98,4,-18
-90,10,-9
-70,6,6
-61,7,3
-66,7,-4
-70,10,-9
-72,15,-14
-58,13,-13
-51,11,-4
-38,12,13
-31,13,18
-18,21,35
-10,24,43
11,23,53
18,36,58
35,26,74
27,4,73
16,17,62
17,16,65
22,15,68
11,15,60
10,15,57
19,17,57
23,26,62
22,24,63
18,15,59
17,14,58
18,23,63
19,18,63
26,9,69
22,20,67
16,21,64
3,30,64
-20,31,55
-25,27,48
-38,25,40
-47,24,34
-40,21,31
-36,24,18
-35,30,3
-73,33,-43
-68,27,-41
-62,30,-35
-60,33,-38
-50,28,-42
-42,25,-40
-44,19,-39
-44,18,-33
-49,18,-28
-53,20,-35
-55,20,-44
-54,21,-47
-50,15,-51
-40,18,-49
-26,13,-42
-33,15,-46
-37,9,-60
-48,7,-62
-38,17,-53
-35,18,-53
-41,15,-56
-48,17,-54
-48,15,-57
-49,28,-46
-42,24,-57
22,71,-44
45,74,3
58,62,20
59,56,35
47,54,41
49,60,38
22,68,54
15,72,69
26,77,74
39,91,74
11,64,65
0,50,61
-28,14,52
-48,0,41
-77,-5,19
-68,-5,22
-45,-10,3
-46,-11,-8
-53,-3,-10
-54,2,-1
-27,6,-3
-64,10,-21
-69,18,7
-64,8,2
-67,5,5
-76,-2,7
-68,-4,12
-59,-7,7
-59,-6,4
-63,-4,-26
-74,3,-4
-57,3,-5
-39,-2,1
-59,8,-9
-70,8,-25
-68,8,-25
-76,6,-29
-59,4,-20
-57,4,-22
-57,4,-22
-60,3,-32
-75,6,-40
-83,0,-46
-73,-4,-30
-69,-12,-26
-77,-14,-29
-79,-10,-29
-89,6,-36
-82,14,-18
-60,17,10
-57,24,25
-60,24,22
-35,15,25
-25,14,31
25,12,67
77,9,113
-12,-6,32
-75,-13,11
-97,-19,22
-77,-30,39
-56,-41,38
-73,-36,21
-70,-37,-7
-58,-34,-10
-55,-24,28
-47,-15,21
-37,-4,37
-31,-3,38
-95,15,23
-76,12,37
-55,4,26
-81,6,15
-21,6,36
-29,14,31
-36,13,36
-59,12,29
-60,-3,25
-25,-22,20
-16,-27,20
-23,-23,71
-76,-2,43
-70,-15,-10
-45,-2,-16
-102,-5,-40
-112,6,-21
-52,0,30
-53,-4,25
-47,-5,17
-51,-5,7
-75,7,-9
-76,13,-19
-94,27,-31
-83,29,-8
-64,4,-19
-70,0,-12
-53,3,11
-40,5,19
-78,12,18
-56,5,-13
-30,-4,-40
-40,0,-53
-101,35,-28
-76,31,-24
-52,-1,23
-55,-17,65
-55,-30,60
-106,-23,-5
-114,-19,7
-64,-38,14
-60,-30,13
-29,-27,1
-30,-20,-45
-84,39,-24
-79,56,-22
-30,45,21
-9,35,37
-31,14,51
-23,-7,44
-38,-14,32
-35,-17,31
-22,-13,64
-36,-21,52
-45,-24,57
-51,-7,60
-76,-3,32
-89,-1,15
-75,2,-1
-48,3,-4
-61,20,-15
-57,17,-39
-107,42,-45
-128,15,38
-43,1,60
-42,15,50
-77,1,8
-81,-32,-4
-66,-25,-5
-20,-14,8
-27,-14,6
-52,-5,20
-65,-7,21
-84,7,24
-85,6,14
-64,-21,11
-65,-18,12
-57,-20,20
-49,-24,35
-90,-2,-14
-66,-7,-14
-38,-13,-33
-46,-6,-20
-42,-13,37
-53,-17,43
-83,-8,-55
-107,-12,-74
-57,-4,17
-40,5,50
-24,3,63
-77,-16,-2
-48,-18,-23
19,-28,46
-8,-28,58
-67,-22,26
-52,-7,-2
-41,-9,-63
-37,0,-89
-43,14,-103
-67,6,-121
-52,18,-49
-33,25,-22
-37,21,-77
-23,13,-88
-55,-2,-27
-45,-8,-37
-29,-17,-47
-28,-13,-46
-16,-10,-50
-15,-5,-40
-23,-11,-55
-26,-17,-68
-37,-6,-42
-34,-6,-60
-31,3,-64
-33,5,-59
-50,10,-73
-79,21,-67
-75,13,-64
-58,34,-44
-51,36,-42
-2,30,-24
45,15,3
-8,20,-21
-37,20,-28
-63,29,-48
-71,34,-47
-66,29,-34
-55,34,-17
-100,73,-8
-112,78,-14
-58,59,4
-76,61,-19
-128,43,-19
-105,43,-4
-67,49,-6
-52,46,-10
-57,38,-23
-71,38,-25
-37,40,-23
-35,50,-8
-12,44,-24
0,54,-26
-8,70,-3
-13,68,10
-26,72,12
-29,64,-13
-20,62,-25
-38,50,-48
-55,43,-46
-47,50,-28
-37,44,-17
-36,50,-22
-12,60,-6
-22,57,-26
-33,62,-26
-34,57,-43
-42,46,-56
-40,33,-53
-15,30,-36
-15,48,-29
-13,55,-15
-22,57,-10
-47,53,-19
-31,53,-3
-34,50,10
-51,50,2
-36,60,22
-30,63,31
-47,71,27
-37,54,22
-30,42,10
-36,40,4
-30,39,9
-25,42,16
-39,56,10
-32,51,10
-29,54,14
-32,51,5
4,39,-3
-14,42,6
-94,76,10
-82,62,10
-30,54,20
-29,57,21
-57,52,-1
-52,50,-13
-23,41,-3
-27,35,-12
-36,54,-10
-48,64,-2
-56,72,-10
-41,76,6
-30,80,10
-38,77,8
-50,60,-20
-59,65,-15
-47,25,3
-28,3,-6
-31,3,-15
-49,37,13
-62,50,13
-51,50,1
-23,53,23
-33,64,24
-45,54,20
-49,42,12
-31,40,26
-52,29,4
-47,36,8
-25,37,64
-28,26,49
-40,34,17
-51,48,28
-36,41,43
-45,43,37
-52,40,35
-45,45,39
-41,42,16
-44,40,18
-58,40,18
-56,39,5
-53,60,28
-54,60,30
-82,38,5
-47,19,0
-37,22,7
-28,23,16
-35,22,19
-61,31,1
-55,32,-11
-44,49,-4
-42,58,2
-45,48,-23
-53,43,-36
-39,53,-30
-40,53,-35
-36,42,-46
-28,41,-52
-27,37,-57
-33,35,-51
-40,31,-44
-48,30,-41
-69,20,-51
-60,19,-61
-45,27,-67
-49,30,-77
-6,31,-78
8,39,-48
53,40,-24
61,48,-16
21,94,10
-54,95,-36
-34,94,-37
-16,83,-10
-2,85,1
-16,76,-47
-55,79,-70
-55,47,-66
-68,38,-69
-61,29,-64
-24,27,-61
-4,32,-24
53,33,28
-15,43,55
-70,44,13
-36,58,19
-9,77,41
-17,116,31
-32,114,14
-32,78,-20
-31,80,-23
-10,68,0
-9,67,-6
-11,44,-30
-18,45,-28
-33,46,-30
-33,46,-26
-32,46,-22
-33,58,-14
-29,59,-9
-39,52,-15
-47,49,-24
-61,39,-41
-58,35,-40
-34,41,-25
-34,39,-27
-33,35,-18
-16,34,0
-3,35,1
-18,43,0
-38,71,-19
-60,79,-24
-57,68,-12
-56,67,-12
-31,53,-12
-50,57,-9
-52,55,0
-41,47,3
-27,49,12
-28,56,19
-38,62,20
-50,67,13
-47,55,10
-56,59,10
-23,58,28
-37,42,11
-42,34,-4
-35,25,-13
-44,19,-16
-71,23,-26
-74,27,-28
-54,34,-5
-45,38,11
-60,30,-2
-69,28,-5
-68,22,-13
-68,16,-17
-62,18,-17
-52,19,-12
-42,16,-6
-40,15,-5
-49,24,-4
-57,27,-6
-64,29,-5
-60,27,-1
-60,32,14
-65,33,13
-76,39,21
-80,41,23
-67,37,27
-71,36,25
-90,31,10
-90,15,-15
-68,6,-27
-71,-5,-42
-72,-10,-42
-56,-4,-33
-48,0,-25
-30,7,4
-9,7,23
-41,3,3
-50,-1,-10
-51,-10,-25
-50,-13,-31
-68,-16,-41
-60,-18,-36
-55,-22,-33
-59,-25,-37
-63,-29,-37
-63,-30,-42
-60,-31,-39
-57,-33,-37
-60,-29,-31
-58,-32,-32
-52,-33,-36
-51,-35,-36
-40,-37,-24
-39,-37,-13
-40,-36,-8
-34,-33,4
-35,-33,5
-39,-35,6
-42,-33,8
-42,-33,13
-39,-34,15
-48,-36,11
-56,-37,8
-61,-43,8
-62,-47,5
-60,-53,-3
-54,-55,-2
-43,-56,-3
-36,-56,-3
-28,-56,-3
-25,-55,-2
-24,-54,3
-25,-54,2
-17,-58,4
-17,-59,8
-20,-57,15
-29,-57,13
-27,-57,17
-22,-56,23
-29,-57,22
-29,-57,20
-30,-54,23
-32,-55,19
-29,-55,23
-33,-52,24
-36,-55,20
-29,-55,21
-29,-59,22
-31,-69,17
-22,-68,18
-11,-69,15
-6,-68,18
-14,-59,18
-9,-54,24
7,-43,39
3,-44,31
7,-38,31
4,-34,28
3,-30,17
-13,-32,15
-34,-20,30
-41,-20,30
-33,-27,3
-44,-31,2
-49,-30,18
-50,-32,24
-37,-36,21
-44,-44,18
-43,-51,27
-60,-25,11
-72,-13,12
-69,3,7
-69,1,3
-70,-13,7
-52,-14,13
-65,-14,3
-66,-18,-4
-56,-12,-16
-80,-7,-25
-74,-2,-10
-85,0,-10
-70,-5,-8
-65,-8,-23
-37,-14,-13
-53,-23,-24
-91,-34,-11
-105,-30,-30
-57,-6,10
-21,27,69
-97,29,-11
-115,2,-59
-43,2,36
-84,14,17
-56,6,9
-39,6,16
-49,12,12
-59,13,0
-59,12,-4
-40,10,-15
-26,16,-6
-13,36,26
-16,42,21
-40,71,-3
-47,83,-5
-46,77,-8
-66,81,-13
-79,73,-12
-71,65,-14
-54,53,-5
-27,53,4
-5,57,10
-21,61,4
-23,58,-3
-8,61,3
-35,64,-24
-26,63,-31
-23,54,-33
-15,53,-38
-25,64,-20
-11,58,-17
-6,41,-35
-33,44,-36
-24,37,-37
-30,37,-41
-59,41,-42
-30,50,-28
-14,52,-16
-54,59,-33
-43,62,-36
-14,58,-24
-17,54,-30
-34,41,-27
-45,38,-26
-49,45,-9
-62,43,-17
-35,38,-13
-38,37,-15
-56,41,-12
-56,37,-5
-54,38,-6
-51,40,-4
-65,33,-20
-71,39,-20
-38,41,-12
-20,46,-6
-45,38,-20
-50,40,-26
-43,31,-23
-43,27,-16
-66,37,-37
-51,43,-33
-38,61,-16
-38,53,-9
-30,54,11
-10,51,21
-17,57,18
-49,68,9
-48,77,16
-68,82,-13
-82,83,-30
-70,69,-71
-47,59,-62
-56,58,-29
-53,64,-37
-68,71,-63
-68,75,-67
-36,69,-38
-33,62,-21
-45,50,-23
-44,47,-11
-43,34,6
-39,25,9
-32,18,28
-38,13,26
-40,2,23
-49,12,36
-60,11,15
-67,14,7
-85,43,10
-54,29,11
-38,30,20
-51,27,43
-53,28,47
-39,22,44
-53,18,32
-67,3,7
-70,0,-2
-79,-13,-17
-74,-21,-28
-58,-23,-30
-51,-23,-33
-40,-21,-47
-34,-20,-49
-33,-14,-49
-23,-5,-44
-23,4,-52
-23,8,-64
-54,9,-64
-65,7,-57
-69,5,-40
-57,2,-36
-47,-1,-33
-47,-1,-30
-41,-5,-27
-35,-11,-36
-34,-33,-70
-14,-19,-39
-35,-6,-59
-71,-32,-77
-59,-28,-71
-48,-9,-32
-61,-12,-46
-32,9,-40
-38,17,-50
-51,26,-63
-43,28,-45
-46,20,-37
-38,16,-36
-38,7,-39
-55,7,-48
-54,0,-51
-46,-4,-48
-44,-10,-62
-49,-12,-55
-42,-15,-49
-45,-16,-46
-56,-12,-54
-56,-8,-49
-70,5,-37
-82,11,-16
-56,14,-11
-34,19,29
-27,15,54
-49,12,16
-55,13,15
-66,16,9
-61,10,13
-60,2,22
-61,-1,23
-62,-7,18
-67,-7,16
-68,-5,17
-68,-6,17
-69,-4,17
-71,-3,18
-72,-3,18
-72,-4,18
-70,-4,22
-70,-4,22
-69,-3,19
-70,-4,20
-72,-9,20
-71,-10,20
-67,-13,23
-68,-15,24
-65,-20,22
-62,-23,18
-58,-33,17
-51,-38,17
-42,-46,18
-42,-53,6
-40,-51,2
-24,-46,11
-18,-43,17
-15,-39,22
-17,-36,23
-14,-30,30
-15,-29,36
-30,-29,42
-26,-30,47
-29,-38,39
-34,-42,38
-46,-46,24
-40,-51,23
-10,-54,32
-14,-60,26
-5,-61,38
-2,-63,37
11,-61,39
11,-59,41
-2,-59,32
4,-57,34
13,-55,38
12,-51,38
5,-51,31
3,-46,27
-1,-42,14
13,-35,3
35,-35,4
66,-36,21
50,-37,15
31,-51,10
29,-53,14
36,-52,16
43,-52,15
57,-46,20
50,-48,21
32,-44,29
28,-41,29
22,-37,31
16,-34,33
11,-27,39
7,-25,41
-5,-25,42
-4,-24,51
-10,-26,58
-11,-30,57
-16,-25,71
-18,-25,72
-17,-24,66
-23,-18,60
-23,-18,67
-25,-18,67
-28,-15,62
-46,-17,55
-54,-20,50
-51,-20,42
-56,-24,34
-66,-25,15
-68,-22,8
-56,-22,-6
-52,-20,-12
-71,-12,-25
-75,-11,-26
-57,-8,-21
-62,-4,-22
-59,-4,-26
-53,-4,-26
-63,1,-29
-68,-2,-26
-52,-9,-18
-53,-9,-21
-54,-13,-30
-54,-12,-32
-62,-14,-35
-61,-16,-37
-53,-19,-34
-52,-15,-33
-52,-13,-36
-52,-14,-37
-50,-14,-37
-53,-10,-36
-52,-9,-36
-47,-11,-37
-45,-11,-38
-50,-14,-40
-55,-12,-39
-49,-15,-41
-48,-15,-44
-45,-12,-38
-44,-8,-34
-52,-5,-37
-52,-5,-35
-48,-19,-47
-50,-15,-46
-54,-12,-43
-53,-12,-46
-51,-10,-49
-46,-9,-45
-45,-3,-40
-47,-2,-39
-47,-1,-37
-48,-1,-35
-48,-1,-34
-50,-1,-34
-52,-2,-35
-53,-3,-37
-54,-4,-37
-57,-4,-37
-59,-4,-38
-57,-5,-36
-55,-6,-35
-53,-9,-36
-52,-10,-38
-51,-10,-40
-51,-9,-41
-53,-5,-40
-54,-3,-39
-58,1,-36
-61,2,-35
-61,2,-32
-61,0,-31
-55,-1,-26
-56,-2,-24
-55,-6,-22
-54,-6,-20
-51,-8,-18
-53,-9,-18
-57,-11,-20
-58,-8,-20
-60,-6,-20
-63,-4,-19
-68,-1,-18
-67,0,-18
-60,2,-12
-54,2,-7
-53,2,-7
-54,-1,-11
-58,-3,-14
-63,-3,-19
-66,-3,-22
-77,-3,-30
-78,-3,-31
-74,-1,-31
-71,0,-30
-57,1,-22
-50,-1,-20
-47,-3,-23
-49,-2,-25
-57,-2,-32
-57,0,-34
-55,-2,-34
-53,-3,-34
-54,-5,-36
-56,-5,-36
-55,-6,-34
-57,-7,-35
-61,-6,-35
-62,-6,-35
-64,-5,-33
-65,-5,-33
-66,-4,-30
-67,-2,-28
-71,0,-27
-74,9,-26
-73,13,-25
-61,17,-15
-55,15,-11
-53,10,-11
-54,9,-13
-56,9,-16
-54,11,-15
-55,11,-16
-56,10,-16
-59,9,-15
-64,9,-16
-74,14,-19
-72,18,-14
-66,16,-4
-64,14,-2
-59,11,-3
-58,9,-5
-56,5,-6
-58,4,-8
-61,2,-13
-63,2,-14
-69,3,-17
-70,5,-16
-67,7,-14
-67,7,-12
-66,7,-11
-62,9,-9
-58,9,-8
-54,5,-7
-55,3,-7
-60,1,-9
-62,0,-10
-66,4,-12
-64,4,-10
-64,1,-13
-65,0,-14
-65,-1,-15
-67,-1,-17
-70,0,-18
-70,1,-17
-68,2,-15
-69,2,-15
-67,3,-14
-65,2,-13
-65,2,-11
-65,4,-11
-62,4,-9
-62,4,-10
-63,5,-10
-61,5,-8
-57,4,-5
-58,1,-6
-60,-1,-7
-63,-3,-9
-64,-3,-9
-67,-4,-9
-67,-4,-9
-70,-5,-10
-74,-7,-12
-78,-16,-11
-81,-18,-9
-75,-15,0
-71,-17,3
-70,-13,15
-72,-8,16
-62,2,21
-44,3,23
5,3,51
13,8,66
-8,13,62
-7,8,60
5,14,62
4,14,60
0,11,58
8,12,64
16,14,65
7,14,60
8,9,60
9,9,59
5,8,59
5,6,60
8,6,60
4,4,62
6,2,62
7,2,62
10,0,62
7,-1,61
7,-2,62
8,-2,62
7,-1,62
5,-1,64
6,0,65
7,1,66
6,1,65
6,1,65
7,1,64
7,1,64
5,0,63
9,0,64
7,0,62
7,-1,64
7,-1,63
7,1,63
6,1,62
7,1,63
7,1,64
6,1,63
7,1,64
6,1,63
7,1,63
7,2,63
6,1,63
7,1,64
7,1,64
7,1,64
7,2,65
6,3,65
4,-1,64
5,2,64
5,2,63
6,2,62
5,-1,63
5,0,63
7,1,66
7,0,65
5,-2,63
5,-2,63
7,-2,64
6,-2,63
4,-4,61
6,-5,62
7,-5,62
6,-6,62
7,-6,63
6,-6,63
6,-6,63
6,-6,64
7,-6,64
7,-6,64
6,-6,64
7,-6,64
7,-6,63
7,-6,63
7,-5,63
7,-5,63
7,-5,63
7,-6,63
7,-5,63
7,-5,63
7,-5,63
7,-5,64
6,-5,63
7,-5,63
7,-5,63
7,-5,64
7,-4,63
7,-5,63
6,-6,63
7,-5,63
7,-4,64
7,-5,62
6,-6,62
7,-5,63
9,-4,62
9,-6,63
6,-4,63
8,-5,63
11,-5,63
10,-5,63
8,-5,63
8,-4,63
10,-3,63
9,-2,64
7,-6,63
10,-3,65
8,-5,61
11,-4,62
10,-4,62
10,-3,61
12,-2,66
12,-1,65
9,-5,60
10,-2,60
13,-2,63
13,0,64
3,-4,67
6,-4,69
7,0,65
15,-3,65
9,-8,58
-1,-8,56
3,-7,59
5,-6,62
5,-4,63
3,0,62
4,0,61
5,0,57
2,-2,53
-12,-4,51
-24,-5,48
-38,-11,42
-44,-14,41
-55,-18,35
-53,-21,33
-54,-26,26
-60,-26,22
-75,-25,9
-76,-24,6
-72,-23,1
-70,-20,-2
-70,-16,-7
-67,-17,-8
-63,-13,-19
-70,-16,-30
-63,-8,-26
-54,-5,-29
-60,-2,-39
-58,4,-38
-52,10,-33
-49,11,-35
-47,14,-36
-46,17,-38
-47,18,-40
-47,16,-45
-46,16,-44
-46,11,-45
-47,10,-45
-44,8,-46
-44,7,-45
-44,8,-44
-44,6,-44
-44,5,-46
-44,6,-45
-45,5,-46
-44,5,-48
-45,5,-49
-44,5,-48
-43,4,-49
-43,5,-48
-43,3,-47
-44,3,-48
-42,4,-48
-44,4,-46
-41,6,-43
-44,13,-39
-46,14,-36
-41,16,-37
-46,16,-39
-45,18,-35
-46,17,-38
-51,15,-37
-51,15,-36
-51,13,-41
-54,12,-40
-56,11,-42
-56,10,-44
-58,10,-44
-55,9,-44
-56,8,-50
-55,9,-48
-52,7,-46
-50,7,-46
-46,9,-38
-47,10,-37
-50,11,-37
-48,12,-38
-49,13,-39
-50,14,-38
-48,16,-35
-48,20,-31
-50,21,-34
-53,18,-43
-51,19,-40
-48,18,-37
-48,17,-35
-47,20,-33
-48,22,-33
-51,21,-35
-49,22,-31
-49,22,-30
-47,18,-31
-51,19,-33
-51,20,-34
-51,14,-34
-51,15,-32
-49,19,-31
-57,18,-35
-59,18,-39
-57,23,-33
-60,21,-28
-58,19,-27
-55,15,-29
-55,16,-29
-60,18,-26
-62,16,-25
-63,17,-26
-58,16,-20
-58,13,-21
-64,15,-24
-66,16,-17
-58,24,3
-60,24,8
-72,23,5
-66,22,6
-54,25,16
-49,25,20
-45,27,21
-56,25,23
-48,23,36
-40,21,42
-51,23,40
-54,21,35
-48,18,30
-53,22,30
-55,22,29
-58,21,32
-45,19,41
-44,19,44
-49,16,42
-55,16,39
-58,16,29
-57,14,29
-63,12,22
-68,8,19
-71,7,16
-67,0,15
-65,-1,10
-67,-3,5
-61,0,6
-68,4,-4
-71,7,16
-67,0,15
-65,-1,10
-67,-3,5
-61,0,6
-68,4,-4
-68,7,-1
-60,15,4
-61,16,2
-51,22,9
-55,24,13
-63,25,6
-62,24,7
-54,27,14
-51,25,17
-52,25,19
-59,25,15
-50,26,24
-59,26,19
-72,25,10
-73,28,11
-48,26,16
-42,28,20
-53,31,19
-61,35,20
-73,33,15
-75,29,19
-75,26,17
-91,19,10
-85,17,13
-64,1,33
-62,-6,32
-43,-12,37
-32,-14,44
-19,-14,45
-12,-13,46
-5,-4,61
4,-3,58
9,3,60
16,4,61
16,11,61
20,15,61
29,19,52
24,23,52
21,26,50
37,26,38
28,36,45
29,38,52
37,35,43
40,35,41
36,37,40
32,35,36
47,28,31
36,33,29
28,35,38
38,35,38
38,36,31
34,37,43
36,35,41
37,36,37
41,36,43
33,36,36
32,37,38
32,34,46
41,33,35
51,36,23
30,36,20
36,33,49
34,35,49
3,28,34
7,24,41
18,24,52
19,24,58
-3,26,57
3,26,58
-27,26,49
-28,21,53
-42,20,44
-48,16,40
-58,11,33
-58,7,23
-66,8,15
-69,10,17
-64,10,17
-64,15,7
-65,17,14
-76,26,35
-78,20,22
-70,20,15
-71,20,10
-70,19,9
-76,20,4
-52,26,17
-35,22,28
-59,17,23
-60,18,22
-53,19,20
-61,19,17
-79,17,-8
-83,15,-7
-77,-3,12
-86,-12,-1
-42,-14,10
-26,-13,30
-19,-15,57
-22,-15,62
-15,-3,44
-60,34,31
-64,45,28
-44,62,23
-43,63,18
-17,71,53
-16,72,65
-37,60,22
-41,55,21
-14,54,38
-14,56,37
-43,53,21
-34,54,34
10,60,74
5,52,59
-11,56,32
-27,53,24
-10,50,35
3,50,38
4,53,43
-4,53,41
-25,53,39
3,51,47
-9,57,38
-15,58,38
-12,55,40
-8,54,44
-8,57,49
-28,46,35
-14,53,48
-34,44,33
-17,49,42
-22,47,38
-17,46,41
-20,46,35
-20,42,28
-27,45,18
-38,43,6
-53,39,-19
-75,40,-35
-77,38,-5
-33,33,9
-42,42,21
-43,44,33
-64,38,10
-55,31,12
-66,23,8
-66,19,4
-69,9,-4
-55,7,2
-56,9,8
-56,10,4
-69,20,2
-69,17,1
-66,11,-18
-78,10,-17
-56,6,-8
-48,5,-8
-54,11,-9
-65,9,-5
-70,9,-6
-57,5,3
-52,3,9
-58,7,0
-66,7,-2
-75,7,0
-63,9,10
-51,17,12
-56,21,8
-69,10,-22
-74,4,-36
-61,1,-8
-62,4,-7
-66,5,-24
-75,2,-27
-59,-2,-5
-71,4,-6
-58,9,6
-53,9,8
-66,6,-10
-62,5,-6
-58,17,10
-62,19,-9
-75,16,-15
-53,9,-13
-74,4,-7
-70,2,-32
-61,2,-22
-71,8,-21
-74,8,-27
-74,-4,-31
-79,-9,-4
-61,2,10
-86,4,6
-75,4,9
-54,0,7
-46,2,8
-44,5,11
-46,10,15
-40,7,30
-30,8,35
-48,1,29
-48,10,34
-54,7,31
-56,-2,28
-43,-4,26
-51,-7,15
-71,-10,7
-76,15,60
-70,-19,48
-56,-34,19
-74,-10,29
-56,-3,29
57,38,47
-4,60,86
-66,-9,14
-30,20,39
-57,14,46
-51,2,40
-93,-5,8
-123,-17,5
-41,8,73
-60,-15,43
-52,-25,7
-16,3,31
45,49,59
-33,40,71
-80,7,9
-44,30,41
-58,4,22
-60,6,10
-70,3,10
-72,-4,4
-62,-2,-13
-63,-5,-14
-62,5,-25
-56,9,-26
-56,12,-31
-61,17,-20
-63,16,-2
-71,24,2
-75,29,-4
-64,30,-40
-67,33,-34
-46,26,-41
-43,24,-42
-49,18,-53
-50,12,-48
-44,7,-35
-44,4,-41
-60,5,-55
-52,12,-51
-67,11,-30
-65,11,-15
-65,18,-9
-62,22,-10
-68,29,-26
-52,28,-28
-29,14,-51
-40,15,-48
-45,8,-56
-42,6,-54
-46,4,-38
-45,1,-27
-45,3,-23
-71,11,-32
-69,16,-31
-75,20,-10
-88,22,-9
-59,14,-23
-64,16,-26
-47,14,-18
-46,14,-23
-49,13,-45
-48,15,-32
-55,9,-31
-59,12,-20
-55,8,-11
-57,13,-8
-71,13,-18
-64,17,-16
-65,14,-20
-76,17,-24
-74,13,-23
-74,8,-28
-62,4,-24
-62,7,-17
-55,10,-9
-53,10,-13
-59,15,-15
-57,14,-9
-61,13,-3
-61,11,9
-54,16,12
-63,34,-10
-84,29,-11
-64,13,-1
-50,4,1
-55,16,-20
-75,16,-32
-77,4,-24
-69,2,-20
-59,3,-16
-56,7,-14
-61,13,-23
-77,18,-27
-64,9,-11
-57,9,3
-50,16,21
-63,17,16
-70,17,4
-59,17,4
-47,22,10
-46,24,10
-55,15,-12
-73,16,-30
-76,10,-25
-64,9,-2
-62,9,-1
-69,6,-22
-66,4,-24
-73,8,-23
-71,10,-15
-58,12,6
-54,19,16
-60,18,-5
-64,25,-6
-44,21,3
-47,19,-6
-53,13,-17
-64,13,-22
-64,12,-26
-59,14,-27
-61,14,-24
-59,12,-17
-57,17,-14
-58,20,-12
-67,22,-18
-67,23,-16
-62,22,-17
-59,23,-19
-57,24,-23
-57,24,-22
-57,22,-25
-55,19,-26
-55,19,-27
-55,17,-22
-56,17,-22
-56,18,-27
-56,19,-30
-57,19,-29
-56,19,-27
-56,20,-25
-57,22,-25
-56,23,-23
-55,23,-21
-57,25,-17
-57,25,-16
-60,28,-17
-62,27,-16
-68,28,-8
-65,31,0
-64,24,-7
-68,26,-3
-59,29,3
-54,25,2
-64,28,6
-55,25,9
-60,28,13
-67,26,16
-38,24,19
-67,31,23
-57,28,33
-44,27,35
-64,31,30
-69,27,25
-38,21,36
-63,31,43
-47,21,60
-51,5,40
-49,1,24
-47,-6,17
-40,-7,20
-49,-5,10
-47,-4,3
-45,7,17
-51,19,30
-15,9,44
-10,17,45
-40,45,32
-26,53,44
-24,78,59
-27,74,50
-37,66,38
-36,62,37
-38,58,31
-48,58,33
-28,51,36
-32,51,30
-35,50,33
-15,45,39
-8,47,38
-26,52,30
-28,52,29
-50,52,27
-32,49,31
-23,51,36
-10,49,38
-34,54,38
-18,52,43
-40,49,19
-26,49,29
-32,53,20
-47,50,10
-44,51,17
-30,50,31
-35,53,25
-49,53,11
-29,49,37
-35,48,28
-39,52,31
-40,50,30
-26,47,17
-32,46,11
-50,41,-6
-64,39,-17
-83,46,-12
-20,45,19
-41,40,4
-60,42,15
-40,38,18
-57,35,11
-59,32,9
-59,24,7
-66,22,9
-59,13,6
-58,13,5
-62,17,13
-50,17,11
-63,20,1
-58,22,6
-64,20,-1
-72,19,-10
-69,15,-18
-66,13,-16
-72,7,-21
-67,5,-18
-56,5,-8
-56,7,-12
-71,9,-12
-61,6,-2
-44,4,24
-52,9,25
-71,11,8
-70,11,12
-62,8,13
-74,4,0
-72,5,2
-52,-4,-5
-62,0,-6
-66,1,-6
-68,0,-9
-57,1,-1
-54,2,2
-63,1,2
-66,3,4
-69,5,8
-72,5,10
-61,7,20
-68,10,13
-65,13,5
-64,15,2
-69,3,-16
-64,-2,-10
-65,-1,-10
-71,1,-11
-73,-1,-15
-71,1,-3
-78,-8,-11
-60,0,9
-58,1,10
-49,-1,1
-38,-2,13
-50,20,39
-79,6,-7
-50,-7,35
-42,0,42
-47,7,32
-46,5,29
-50,7,28
-51,4,24
-68,-6,17
-92,-4,20
-78,-2,52
-62,-8,60
-57,-27,24
-65,-23,1
-50,1,12
8,29,41
3,56,54
-75,34,65
-65,-3,40
-33,19,51
-49,0,31
-55,-6,25
-92,-8,11
-99,-5,43
-42,-5,56
-64,-24,23
-44,-18,12
-46,-2,22
-34,9,23
9,40,49
-47,33,64
-59,7,39
-37,19,46
-55,-6,22
-66,-12,18
-100,-8,26
-64,-1,58
-67,-13,53
-57,-26,22
-41,-13,16
-44,4,21
18,47,55
-57,35,59
-80,-7,32
-36,7,42
-48,0,26
-54,0,26
-66,4,11
-64,3,11
-59,-3,13
-61,-4,6
-56,-1,-6
-63,-2,-3
-71,1,0
-69,6,-9
-66,6,-10
-69,10,-16
-84,11,1
-67,16,35
-76,13,32
-65,4,4
-56,4,2
-55,2,-5
-46,-2,-10
-41,-4,-24
-39,-4,-26
-25,3,-48
-28,3,-59
-43,11,-71
-41,16,-68
-42,19,-65
-42,18,-71
-38,17,-72
-28,17,-75
-14,17,-45
-28,9,-44
-55,14,-40
-40,14,-44
-54,14,-50
-53,10,-54
-52,6,-47
-50,5,-46
-48,5,-44
-46,3,-22
-58,0,-28
-56,-2,-7
-63,-6,-9
-60,-13,-8
-57,-12,-6
-64,3,10
-63,4,8
-66,12,11
-78,13,-2
-66,5,-10
-61,1,-13
-77,-7,-38
-75,-11,-44
-61,-15,-44
-55,-13,-36
-51,-7,-21
-60,-5,-18
-52,-1,5
-45,-1,19
-54,3,22
-57,4,14
-75,4,-13
-72,5,-12
-60,-2,-15
-64,1,-23
-58,-1,-27
-63,-1,-33
-64,-3,-42
-59,-4,-31
-51,-3,-26
-48,-3,-27
-47,-4,-28
-52,-6,-40
-56,-5,-40
-60,-8,-47
-71,-8,-56
-50,1,-5
-63,7,-29
-65,17,9
-70,18,-7
-56,10,-23
-53,11,-23
-44,19,-29
-47,20,-36
-37,14,-56
-40,17,-55
-43,13,-47
-35,11,-58
-29,12,-81
-41,11,-77
-37,13,-52
-59,12,-64
-51,19,-58
-52,10,-33
-51,9,-28
-39,7,-4
-54,8,4
-68,4,-1
-63,6,14
-58,12,21
-70,18,6
-71,12,-13
-74,10,-20
-69,1,-26
-61,-3,-25
-51,-8,-27
-56,-6,-20
-60,-4,-17
-62,-1,-19
-65,1,-10
-54,0,4
-66,6,5
-74,7,-2
-66,4,-12
-58,4,-13
-50,10,1
-62,6,-19
-67,4,-26
-72,-1,-26
-65,-4,-25
-61,-2,-27
-60,-3,-29
-59,-3,-20
-60,-2,-15
-64,4,-22
-73,6,-27
-62,2,-9
-57,4,-1
-57,9,-8
-55,10,-13
-59,12,-20
-58,9,-26
-64,7,-31
-63,4,-30
-60,3,-24
-60,4,-22
-62,9,-25
-62,11,-24
-61,11,-21
-61,10,-23
-62,10,-23
-61,9,-20
-60,10,-21
-60,11,-21
-59,14,-19
-60,15,-21
-62,15,-19
-60,22,-3
-77,21,-13
-76,21,-15
-63,14,-13
-74,16,3
-57,9,5
-54,12,8
-64,14,13
-58,9,24
-44,11,33
-50,11,28
-49,12,31
-59,19,37
-66,18,38
-59,16,49
-70,18,44
-56,12,42
-36,15,50
-28,5,60
-39,-3,55
-50,-9,41
-45,-9,37
-45,-15,25
-41,-16,21
-29,-14,21
-39,-10,26
-35,-3,24
-20,3,20
-39,16,26
-50,41,31
-46,38,27
-69,55,8
-72,55,6
-64,56,11
-63,54,7
-58,53,2
-61,55,2
-52,50,-2
-53,51,1
-46,48,-4
-47,51,1
-45,50,9
-38,48,7
-61,48,-17
-51,48,-3
-41,54,6
-40,52,8
-47,52,-6
-47,49,0
-44,49,-1
-48,48,0
-44,44,2
-67,50,-4
-39,52,3
-71,49,-15
-70,46,-15
-47,63,-14
-42,59,3
-47,50,14
-42,44,20
-42,30,15
-43,29,9
-63,27,-17
-64,24,-21
-56,18,-4
-57,13,-6
-31,13,15
-77,15,7
-55,11,0
-57,8,-4
-58,16,-18
-66,14,-32
-72,14,-29
-67,11,-25
-49,6,-24
-46,4,-24
-64,3,-25
-59,4,-25
-56,5,-18
-58,3,4
-47,3,21
-66,8,6
-65,9,-2
-64,15,-3
-71,15,-6
-56,5,-11
-60,5,-15
-73,0,-32
-75,2,-25
-67,3,-23
-69,5,-20
-61,3,-3
-58,4,-2
-55,10,9
-55,11,9
-76,9,-7
-74,7,-8
-52,11,-1
-57,14,-5
-61,9,-14
-69,3,-25
-71,3,-24
-67,4,-21
-62,4,-15
-70,4,-14
-75,5,-9
-69,3,-4
-57,-1,-8
-57,2,-7
-59,7,-1
-69,8,-7
-64,8,-6
-53,5,1
-59,5,0
-61,7,8
-69,8,9
-68,5,2
-67,6,2
-57,7,-3
-53,10,0
-69,15,-16
-65,8,-24
-71,0,-15
-67,1,-9
-64,2,-17
-68,-1,-28
-62,2,-10
-65,2,-3
-57,6,-4
-63,8,-11
-64,10,-6
-56,7,5
-60,8,5
-63,14,-2
-73,11,-17
-63,4,-14
-58,3,-13
-55,10,-12
-70,16,-9
-68,13,-22
-70,10,-22
-66,7,-31
-62,5,-26
-69,1,-30
-70,1,-29
-55,-1,-24
-59,-1,-23
-79,5,-23
-87,5,-10
-70,3,-1
-62,-1,-3
-40,6,16
-50,8,13
-53,0,13
-59,5,21
-45,1,32
-49,5,37
-57,3,30
-46,4,34
-48,1,29
-49,-1,12
-51,1,10
-93,-2,24
-66,6,51
-58,-8,71
-58,-18,47
-68,-28,6
-65,-18,19
-53,5,18
-7,27,41
-69,33,65
-106,-10,8
-31,16,53
-43,11,38
-56,-6,21
-72,-8,11
-63,1,57
-50,8,77
-64,-27,20
-71,-36,6
-49,-9,27
-24,4,22
-4,64,88
-127,17,19
-22,2,50
-57,5,31
-56,-7,23
-75,-11,11
-101,-19,11
-48,8,72
-77,-9,51
-50,-32,4
-47,-18,15
-26,9,26
41,42,59
-128,21,38
-84,-12,10
-37,16,37
-58,-5,27
-86,-12,8
-83,-10,25
-49,0,64
-64,-8,55
-62,-30,6
-66,-23,13
-16,14,27
40,56,69
-113,7,18
-27,19,45
-51,3,30
-59,-15,18
-96,-13,5
-85,-2,44
-61,-5,56
-58,-29,7
-67,-28,8
-44,-6,14
-17,13,42
-7,57,89
-106,13,34
-39,2,39
-39,17,42
-57,-9,26
-56,2,25
-59,-6,10
-65,-8,6
-52,-4,-9
-56,0,-9
-60,-3,-2
-61,1,-3
-67,2,-12
-62,2,-1
-69,2,-12
-78,4,-8
-82,9,17
-77,18,26
-59,9,-4
-66,13,-10
-51,-3,-29
-31,3,-18
-50,7,-30
-22,3,-48
-48,0,-74
-34,10,-68
-29,7,-76
-42,11,-78
-19,10,-68
-29,9,-60
-33,10,-62
-45,8,-43
-50,16,-30
-35,8,-51
-34,7,-47
-36,2,-37
-50,3,-32
-61,-4,-47
-57,-6,-39
-55,-2,-21
-66,-2,-26
-64,-4,-23
-58,-1,-16
-53,1,-7
-55,5,3
-55,7,5
-60,8,4
-75,14,-1
-77,8,-14
-63,-2,-19
-69,-12,-32
-65,-15,-37
-54,-13,-34
-53,-10,-29
-71,-4,-21
-73,-4,-18
-46,-2,0
-45,0,4
-64,2,-4
-69,2,-10
-61,-3,-7
-51,2,7
-68,11,-12
-63,4,-16
-69,4,-20
-66,4,-23
-62,4,-32
-64,2,-44
-55,-1,-48
-53,-1,-45
-56,0,-43
-50,-3,-39
-52,-1,-36
-57,0,-37
-58,-1,-35
-61,1,-34
-65,1,-31
-57,0,-17
-63,9,-4
-48,12,5
-53,14,1
-71,6,-18
-71,5,-20
-54,0,-11
-54,1,-11
-61,-1,-26
-58,-7,-30
-50,-9,-29
-45,-10,-32
-70,-6,-47
-72,-9,-39
-59,7,-17
-82,18,-12
-68,17,7
-86,14,-13
-30,8,-4
-53,16,-22
-56,13,-32
-47,11,-35
-46,11,-43
-54,14,-50
-51,9,-83
-43,4,-77
-30,5,-59
-49,13,-45
-45,16,-34
-59,18,-36
-50,10,-30
-56,12,-13
-59,10,-15
-62,8,-30
-67,4,-35
-60,-4,-29
-61,-2,-19
-70,0,-13
-69,0,0
-57,5,12
-67,10,10
-64,4,-1
-64,3,-6
-55,2,-9
-61,2,-12
-59,2,-3
-56,4,2
-66,4,-1
-71,4,5
-62,1,5
-52,0,2
-68,-1,-13
-75,-3,-19
-64,-7,-20
-61,-10,-33
-61,-11,-30
-56,-8,-10
-54,-5,-1
-67,5,-8
-80,6,-15
-63,-4,-3
-56,-4,4
-50,8,7
-63,9,-8
-57,2,-13
-56,2,-11
-67,-2,-25
-63,0,-24
-61,1,-21
-61,2,-22
-70,3,-31
-64,1,-28
-56,0,-21
-60,7,-17
-66,7,-20
-65,6,-23
-66,8,-24
-67,9,-21
-59,8,-16
-60,10,-17
-62,14,-16
-61,13,-14
-61,13,-15
-63,13,-16
-64,12,-15
-62,8,-13
-62,8,-11
-65,10,-10
-65,10,-10
-54,13,1
-68,13,-14
-73,17,-10
-78,15,-9
-76,15,-8
-85,17,-1
-57,13,7
-61,13,10
-51,12,17
-55,11,22
-51,14,36
-50,15,38
-36,14,45
-47,18,44
-52,24,52
-51,23,55
-90,26,35
-67,23,39
-9,12,75
-42,-7,50
-45,-10,42
-35,-13,36
-32,-13,35
-33,-10,39
-31,-10,36
-44,-2,36
-49,3,33
-25,1,42
-21,5,46
-24,21,58
-21,28,67
-23,42,57
-21,38,54
-5,47,62
-9,47,57
-4,45,57
1,48,60
-2,47,49
-7,50,49
9,49,54
10,53,51
18,48,44
20,50,45
13,47,46
17,48,41
25,42,42
22,47,48
28,47,51
15,47,44
20,56,47
38,47,42
31,47,37
18,58,40
31,62,53
27,62,51
25,63,52
22,56,53
14,48,48
4,30,38
-4,23,39
-20,5,28
-21,2,19
-48,-7,0
-59,-8,-3
-61,-6,-3
-73,-8,-10
-77,4,10
-61,4,12
-93,12,17
-84,15,15
-55,12,0
-81,17,4
-47,21,35
-69,30,33
-73,27,26
-71,21,27
-62,11,21
-78,15,6
-72,12,4
-65,-2,2
-75,3,9
-50,24,45
-61,21,40
-45,11,38
-48,19,40
-47,23,30
-41,16,29
-37,2,33
-46,4,35
-46,11,39
-36,16,53
-41,10,52
-27,1,56
-25,1,51
-17,2,53
-19,7,60
-18,13,61
-24,18,53
-11,20,57
-13,6,66
-29,11,66
-36,8,66
-37,5,54
-32,7,49
-43,11,44
-48,10,38
-36,10,50
-23,13,52
-47,2,42
-72,-7,35
-41,-3,38
-28,13,53
-68,8,25
-69,5,18
-65,-2,2
-77,6,9
-51,17,39
-53,8,35
-54,15,32
-52,21,32
-72,11,11
-74,16,-5
-61,14,-3
-57,7,5
-70,8,2
-80,12,2
-56,8,9
-74,4,-6
-69,4,-8
-57,9,-13
-62,10,-17
-36,13,-21
-55,8,-37
-72,11,-37
-61,8,-32
-61,8,-26
-79,9,-24
-67,7,-32
-55,6,-35
-56,4,-27
-74,3,-20
-80,-1,-17
-55,1,-19
-38,-5,-24
-42,-1,-20
-38,-1,-39
-41,0,-45
-46,18,-24
-53,21,-21
-55,23,-10
-57,24,-6
-66,25,10
-61,27,17
-58,28,22
-53,29,30
-59,30,26
-67,30,22
-66,28,18
-69,23,8
-76,25,-1
-70,16,-15
-73,9,-10
-66,10,8
-64,10,14
-56,10,23
-54,12,26
-42,13,29
-37,12,28
-34,13,36
-30,20,44
-1,23,51
-2,24,53
-7,36,53
-4,41,53
-3,52,52
-5,56,54
2,52,62
-9,51,53
-11,49,43
-6,48,46
-6,45,50
-16,45,49
-28,45,40
-14,43,50
-8,51,54
-7,53,49
-8,44,39
-6,49,54
-18,55,61
-7,48,54
-12,46,46
-9,43,33
-20,45,23
-39,46,5
-40,44,-8
-49,42,-26
-52,41,-29
-50,41,-26
-47,37,-31
-45,39,-42
-44,37,-44
-45,35,-52
-43,33,-52
-34,30,-56
-36,30,-56
-37,24,-59
-36,25,-58
-31,24,-53
-43,18,-47
-46,15,-53
-17,17,-62
-12,12,-41
-37,23,-40
-37,16,-49
-54,15,-40
-45,13,-31
-46,11,-32
-62,10,-31
-64,10,-29
-61,13,-29
-51,12,-21
-51,12,-16
-62,6,-20
-59,0,-18
-35,-6,-18
-44,-9,-37
-62,4,-47
-67,6,-39
-59,39,-9
-66,31,-35
-45,13,-51
-45,12,-39
-51,21,14
-90,21,-10
-66,17,-27
-60,13,-43
-63,12,-33
-67,22,-29
-53,21,-33
-37,18,-35
-19,13,-38
-26,10,-63
-54,12,-68
-68,12,-68
-61,15,-65
-38,13,-54
-38,10,-51
-55,6,-59
-63,4,-62
-54,-7,-83
-22,-6,-67
11,13,17
35,35,88
-43,28,17
-73,18,-8
-26,19,-2
-2,14,-16
-102,8,-118
-128,16,-104
-64,12,-18
-34,31,-23
-87,15,-64
-73,9,-71
-49,6,-69
13,8,0
23,29,57
8,38,68
-58,23,6
-51,24,6
-25,20,-2
-63,10,-60
-81,6,-79
-128,9,-88
-42,25,-18
-93,-1,-63
-68,6,-72
-14,10,-20
-7,23,15
-22,30,49
-38,26,51
-32,25,60
-39,26,50
-55,11,41
-54,10,39
-37,8,51
-40,8,56
-38,16,54
-39,21,46
-41,25,57
-51,26,53
-71,4,21
-60,2,34
-66,1,30
-78,-5,15
-57,3,13
-18,17,44
-14,15,47
-28,4,48
-28,10,55
-31,25,56
-32,14,62
-7,11,90
-1,13,93
8,7,56
-31,15,42
-57,20,54
-43,13,54
-70,19,19
-76,15,20
-32,7,20
-32,9,18
-65,24,32
-65,21,31
-71,21,14
-68,24,21
-84,17,22
-99,20,11
-22,7,32
-14,24,55
-44,25,40
-36,11,58
-9,12,68
0,14,77
3,14,88
-12,11,75
-17,10,56
-38,19,53
-49,15,41
-45,12,16
-52,17,13
-52,14,36
-60,11,33
-52,19,30
-60,20,25
-48,18,34
-40,20,35
-61,23,22
-61,27,20
-59,27,23
-65,30,20
-57,30,12
-62,27,7
-53,25,-1
-54,26,-4
-57,24,-7
-57,25,-11
-55,23,-15
-55,21,-15
-60,22,-24
-61,19,-35
-51,15,-31
-48,13,-35
-49,19,-35
-44,20,-41
-47,18,-50
-52,20,-66
-44,18,-65
-43,6,-57
-55,11,-50
-64,26,-54
-70,27,-55
-58,15,-67
-57,16,-72
-48,7,-66
-37,10,-48
-32,6,-29
-36,4,-24
41,18,101
-33,16,5
-72,9,-22
-48,9,-18
-67,12,-45
-128,10,-73
-77,13,-41
-90,10,-47
-68,3,-47
-28,0,12
-25,15,33
-53,24,-1
-59,19,14
-64,14,9
-64,10,-10
-61,5,-23
-61,3,-33
-66,1,-37
-57,5,-33
-56,1,-40
-62,6,-35
-62,7,-9
-56,5,-14
-58,8,1
-50,16,22
-79,17,38
-67,19,53
-63,10,32
-62,4,20
-33,0,35
-25,-2,15
-47,-6,-30
-69,18,-1
-56,4,-4
-61,1,-33
-56,3,-22
-43,14,-5
-52,11,-22
-58,1,-34
-51,-3,-39
-67,-5,-49
-69,-2,-53
-45,1,-48
-35,-1,-42
-36,-2,-61
-33,4,-52
-26,4,-59
-26,3,-65
-28,11,-63
-50,12,-57
-34,7,-56
-26,5,-51
-51,11,-51
-53,7,-59
-35,12,-44
-33,7,-46
-34,6,-51
-33,8,-42
-28,7,-46
-35,-3,-74
-39,-7,-76
-37,9,-41
-63,13,-31
-35,1,-42
-17,7,-42
-31,9,-58
-40,7,-60
-52,11,-54
-35,11,-48
-19,8,-52
-27,8,-56
-42,9,-63
-35,10,-63
-31,8,-58
-20,6,-51
-38,5,-60
-44,6,-59
-46,4,-67
-37,5,-57
-42,2,-55
-51,2,-54
-57,3,-46
-63,3,-46
-55,4,-44
-44,4,-33
-67,-2,1
-57,-5,-1
-59,-6,-5
-55,-2,1
-67,2,7
-43,8,15
-47,15,24
-53,13,31
-54,13,40
-38,16,38
-31,19,42
-32,23,52
-24,24,53
-31,27,51
-29,26,52
-41,33,59
-58,33,55
-19,21,69
-39,27,59
-28,17,59
-24,18,57
-14,20,57
-15,21,54
-25,29,46
-23,32,44
-27,56,52
6,52,76
8,53,66
4,31,47
-8,27,40
-39,21,41
-14,13,57
-3,9,69
-29,8,57
-14,-8,68
-10,-6,75
-29,-10,61
-31,-14,64
-50,-16,54
-54,-20,53
-45,-14,49
-44,-8,41
-41,0,38
-48,6,45
-49,3,48
-42,8,51
-33,16,56
-43,22,56
-39,11,62
-27,12,52
-69,19,48
-29,11,64
-6,5,57
-42,19,43
-42,20,49
-43,20,48
-51,17,43
-65,15,31
-58,12,36
-46,3,41
-32,4,40
-52,5,-1
-77,8,-13
-80,18,-2
-79,10,-21
-72,9,-11
-47,16,4
-71,-2,-10
-74,-7,-15
-57,-15,-15
-56,-16,-5
-57,-17,-9
-57,-18,-18
-62,-9,-2
-64,-8,-3
-62,-7,-20
-64,-3,-11
-61,-3,-3
-46,2,12
-65,5,4
-59,9,12
-63,10,5
-62,7,-3
-65,6,-4
-71,8,-13
-69,7,-18
-73,0,-26
-74,-3,-22
-59,-9,-13
-62,-8,-11
-62,-9,-14
-66,-6,-11
-63,-3,-3
-64,-2,2
-62,2,16
-62,4,21
-66,0,7
-66,0,6
-62,5,21
-62,6,19
-64,7,6
-74,4,-9
-70,-5,-16
-67,-8,-7
-57,-9,-1
-54,-11,-6
-59,-8,-12
-59,-5,-2
-65,-4,-2
-61,-1,7
-60,1,12
-68,9,6
-67,10,2
-57,19,-1
-86,15,-17
-66,6,-17
-70,-2,-25
-66,-7,-23
-69,-11,-25
-58,-12,-31
-71,-11,-30
-71,-12,-8
-75,-9,-6
-68,-4,0
-66,-8,-8
-57,-2,17
-44,-1,22
-30,6,63
-43,9,41
-66,-6,20
-30,-5,42
-35,3,32
-44,-3,19
-54,-19,18
-80,-17,25
-54,-8,64
-51,-32,44
-76,-42,11
-54,-34,8
-47,-24,14
-12,10,31
45,41,52
-106,1,24
-71,-26,19
-40,10,33
-51,-18,22
-97,-18,8
-101,-23,27
-59,-22,62
-70,-44,27
-66,-27,11
-32,-18,15
78,39,75
-17,53,95
-71,-27,6
-34,-1,40
-65,-6,27
-57,-12,10
-63,-7,5
-72,-17,8
-49,-17,-4
-46,-13,-7
-61,-3,-23
-59,1,-19
-75,8,-26
-77,11,-6
-71,13,-11
-63,17,-40
-61,14,-37
-55,6,-38
-40,2,-41
-45,-1,-45
-38,-2,-40
-38,-6,-63
-51,-1,-63
-57,8,-36
-67,6,-41
-65,8,-29
-67,8,-24
-77,16,-31
-72,21,-29
-51,13,-25
-35,6,-27
-32,-2,-48
-36,2,-44
-43,-6,-48
-40,-7,-52
-59,10,-31
-66,9,-42
-65,16,-25
-62,13,-34
-59,15,-30
-59,7,-30
-54,5,-32
-54,6,-35
-62,9,-34
-70,10,-24
-64,12,-18
-76,26,-18
-86,28,-21
-52,27,9
-58,23,18
-58,19,26
-53,17,27
-54,16,22
-55,15,19
-51,12,20
-50,11,21
-51,3,26
-50,3,28
-53,2,29
-62,3,28
-53,0,33
-46,-1,29
-58,3,33
-58,5,37
-52,4,39
-51,9,36
-51,10,37
-50,13,42
-49,14,43
-56,14,38
-57,14,38
-50,13,40
-52,14,40
-54,15,39
-49,18,43
-52,17,41
-46,17,45
-47,17,39
-38,16,40
-55,21,31
-62,20,29
-59,19,34
-56,16,29
-54,17,28
-58,15,24
-63,16,18
-67,17,14
-64,14,17
-65,13,17
-43,12,21
-65,4,6
-58,7,-2
-80,7,-10
-84,12,1
-57,9,0
-57,9,7
-72,7,1
-71,4,-6
-64,0,-9
-63,-3,-17
-71,-7,-13
-65,-9,-15
-60,-10,-13
-60,-10,-12
-52,-11,-17
-59,-6,-11
-59,-2,-18
-58,0,-12
-59,3,-7
-62,5,-6
-74,10,0
-72,12,1
-62,21,13
-83,15,-6
-67,7,-3
-59,5,-1
-71,3,-16
-75,1,-19
-67,-9,-14
-48,-15,-7
-49,-12,-4
-60,-3,-3
-76,1,-8
-58,-4,10
-49,1,21
-67,4,15
-79,2,6
-71,0,3
-60,0,6
-69,3,5
-70,2,1
-67,-4,-15
-68,-6,-17
-64,-8,-10
-61,-8,-8
-57,-7,-9
-62,-8,-11
-67,-6,-2
-61,-6,5
-67,-1,12
-68,-2,12
-65,-1,12
-66,-2,9
-61,-1,10
-60,2,16
-57,4,12
-64,4,-5
-68,0,-14
-75,-7,-14
-75,-9,-13
-52,-11,-9
-52,-6,-14
-69,-4,-12
-69,-5,-9
-66,-7,-4
-63,-6,-6
-61,-1,-5
-60,2,0
-63,7,-1
-69,9,-3
-70,5,-9
-66,14,0
-66,5,-16
-63,8,-13
-71,-4,-30
-68,-6,-29
-63,-7,-28
-64,-6,-27
-78,-6,-10
-72,-7,-16
-74,-6,-7
-66,-2,1
-63,2,10
-60,-7,12
-43,5,31
-59,20,33
-57,10,17
-49,1,30
-31,3,39
-44,3,31
-52,-3,21
-77,-8,16
-93,-11,20
-47,-3,64
-57,-14,63
-65,-41,1
-64,-40,-8
-50,-14,14
-45,2,9
59,67,96
-79,34,49
-45,-9,42
-27,18,46
-60,-17,21
-51,-15,20
-104,-17,14
-71,-7,55
-67,-25,49
-53,-47,4
-41,-13,12
-2,13,45
48,44,62
-128,11,26
-66,2,27
-56,5,33
-64,-4,26
-56,-5,5
-61,-5,1
-62,-7,-17
-57,-3,-26
-52,-6,-30
-54,-6,-26
-72,1,-27
-75,5,-20
-71,12,-18
-62,16,-29
-58,18,-51
-64,19,-52
-54,2,-45
-40,5,-41
-40,-3,-40
-45,-4,-43
-37,-5,-57
-39,1,-54
-51,8,-33
-64,8,-43
-61,2,-30
-73,8,-27
-69,11,-22
-53,7,-29
-53,9,-33
-31,2,-56
-36,0,-56
-33,-4,-53
-28,-9,-56
-38,-7,-47
-40,-3,-44
-54,4,-51
-61,7,-46
-68,12,-42
-79,16,-43
-61,10,-35
-51,10,-31
-44,3,-28
-40,2,-30
-39,2,-41
-42,1,-45
-47,2,-44
-48,1,-43
-57,2,-35
-60,4,-26
-74,12,-14
-73,22,-17
-83,32,-12
-57,30,10
-70,25,9
-66,21,15
-65,20,15
-56,18,16
-55,16,13
-55,11,10
-55,10,10
-55,4,9
-52,3,13
-58,4,11
-64,4,11
-63,5,19
-62,3,21
-61,-1,15
-61,-1,19
-59,3,30
-53,2,34
-55,4,31
-60,6,31
-63,9,34
-56,9,34
-53,10,31
-53,11,34
-60,16,33
-56,15,33
-55,15,32
-61,18,26
-62,18,26
-53,20,34
-57,20,31
-63,18,27
-54,21,35
-47,19,43
-52,20,36
-42,19,44
-40,16,45
-41,17,44
-45,18,40
-48,20,35
-49,21,33
-43,23,34
-41,23,33
-51,26,30
-52,26,22
-58,25,21
-61,22,23
-61,21,19
-76,17,5
-85,8,1
-60,8,12
-47,17,19
-60,15,5
-68,13,1
-98,23,-20
-55,21,7
-59,14,-8
-83,17,-7
-65,5,2
-58,-4,2
-61,-16,2
-58,-15,-6
-62,-16,-3
-58,-14,4
-56,-11,-17
-62,-8,-21
-67,2,-6
-66,2,-10
-52,7,10
-45,14,20
-71,20,16
-68,17,9
-74,12,4
-72,9,3
-65,2,-11
-63,1,-18
-69,-4,-16
-77,-3,-16
-63,-6,-9
-57,-8,-7
-57,-6,1
-62,-7,-10
-59,-3,-1
-67,-1,9
-57,0,24
-71,1,14
-74,0,6
-58,2,15
-56,5,20
-69,6,12
-67,5,7
-54,-2,-5
-66,-3,-14
-80,-3,-19
-74,-4,-10
-48,-11,-10
-55,-10,-9
-65,-4,-3
-69,-3,-7
-69,1,-3
-76,2,-1
-54,-2,6
-49,3,15
-66,7,-1
-82,13,-10
-56,1,-10
-48,6,-11
-69,7,-15
-67,4,-14
-58,2,-16
-72,-3,-28
-79,-5,-25
-64,-6,-26
-59,-9,-33
-73,-3,-15
-76,-4,-8
-62,-6,-8
-62,-3,0
-55,1,13
-46,1,17
-54,10,44
-55,6,24
-66,-1,15
-70,-2,20
-26,-6,41
-30,-2,32
-48,-1,36
-58,-4,35
-60,-10,26
-70,-13,25
-61,-2,59
-47,-8,66
-67,-28,23
-71,-35,6
-61,-21,18
-18,9,34
58,37,52
-96,21,35
-79,-16,17
-37,23,40
-57,1,27
-81,-14,26
-104,-15,19
-55,0,69
-62,-18,51
-64,-34,6
-51,-19,9
36,20,67
35,65,92
-101,-8,12
-55,-22,25
-45,18,46
-61,-3,26
-56,-6,-2
-61,-9,2
-62,-14,-3
-54,-6,-15
-59,0,-7
-72,2,-4
-76,4,-16
-67,1,-21
-66,2,-18
-68,10,-30
-63,11,-34
-61,3,-37
-55,0,-32
-61,0,-24
-74,4,-16
-76,8,12
-56,11,19
-70,10,6
-53,-1,-7
-40,-1,-12
-43,4,-16
-38,1,-40
-47,2,-34
-38,10,-47
-52,2,-73
-38,9,-62
-30,5,-64
-28,8,-71
-33,6,-71
-28,3,-53
-44,7,-46
-42,10,-46
-37,5,-61
-38,-2,-54
-42,-4,-44
-51,1,-31
-45,-4,-30
-52,-3,-28
-71,-1,-21
-76,0,-23
-54,-3,-15
-45,4,1
-59,12,-2
-56,13,0
-70,14,-13
-74,4,-19
-66,-1,-18
-61,-3,-22
-67,-8,-35
-74,-8,-41
-60,-19,-47
-39,-14,-34
-41,-2,-4
-51,6,1
-76,11,-11
-69,13,-9
-53,7,-9
-56,5,-16
-60,-1,-22
-62,0,-25
-45,-7,-34
-58,2,-26
-65,-1,-34
-57,2,-29
-51,4,-27
-48,5,-29
-55,3,-37
-64,3,-46
-65,5,-39
-64,13,-35
-70,8,-41
-54,13,-21
-56,26,-5
-67,30,-14
-75,30,-32
-25,24,0
-35,29,-1
-47,26,-42
-51,23,-54
-42,24,-56
-42,22,-50
-34,22,-45
-38,21,-46
-33,21,-48
-34,20,-44
-42,24,-49
-39,26,-44
-48,26,-48
-47,27,-47
-53,30,-54
-57,32,-54
-53,33,-51
-52,32,-40
-49,31,-28
-56,27,-20
-56,25,-16
-53,19,-13
-55,15,-15
-52,5,-9
-53,4,-11
-61,3,-10
-62,5,-3
-61,5,0
-63,5,0
-62,5,0
-59,5,0
-69,5,-7
-64,3,-5
-64,-1,-11
-66,-2,-12
-60,-1,-13
-59,0,-14
-64,3,-16
-64,4,-14
-62,8,-13
-63,10,-12
-66,14,-6
-58,16,-3
-58,17,-4
-61,20,4
-61,21,6
-53,20,8
-56,22,7
-60,23,9
-58,24,11
-59,25,15
-62,25,17
-56,26,19
-54,27,22
-56,28,22
-55,28,22
-55,29,19
-47,31,29
-56,27,20
-62,28,21
-49,29,28
-51,27,29
-58,26,20
-57,27,21
-56,28,27
-52,29,25
-58,30,18
-57,32,20
-56,34,21
-62,39,14
-60,41,22
-66,33,15
-65,34,15
-67,27,20
-69,23,19
-66,18,28
-62,13,26
-51,-2,19
-50,-3,24
-45,-8,34
-54,-11,20
-46,-11,17
-47,-7,31
-55,-8,16
-52,-9,7
-66,3,19
-66,8,16
-57,8,11
-58,10,16
-59,16,4
-59,21,0
-65,35,7
-79,37,-1
-63,25,-13
-54,28,-4
-66,27,-24
-62,25,-32
-49,23,-33
-43,21,-35
-45,23,-42
-43,27,-48
-43,31,-49
-38,30,-54
-44,24,-62
-46,19,-66
-43,18,-70
-46,12,-58
-50,21,-54
-46,18,-54
-59,12,-64
-43,4,-84
-16,2,-72
0,12,2
18,27,60
9,39,46
-37,35,-12
-41,31,-35
-33,23,-59
-71,14,-123
-113,12,-122
-77,8,-53
-43,25,-26
-49,16,-46
-60,6,-63
-48,3,-72
-9,6,-10
-39,13,-4
-57,21,-6
-37,27,18
-26,32,63
-30,27,61
-44,28,44
-42,22,50
-31,13,61
-16,11,67
-18,18,74
-24,24,73
-36,24,45
-41,24,45
-91,13,40
-87,6,26
-48,3,41
-50,6,40
-4,16,62
-49,26,64
-13,13,39
-8,12,45
-9,13,38
2,20,47
-9,21,61
-5,21,67
-12,22,76
12,20,92
21,20,74
-29,25,45
-47,29,48
-63,21,26
-54,20,34
-80,22,34
-44,16,36
-42,3,15
-33,6,39
-37,27,35
-41,36,41
-67,26,23
-72,29,25
-66,33,42
-70,34,33
-37,19,27
-26,15,34
6,22,44
-1,27,57
-63,21,42
-75,12,37
-35,14,46
-13,10,50
10,8,51
6,8,63
-15,20,72
-3,17,78
-16,19,71
-4,17,61
-2,26,65
-9,20,82
-4,20,75
-10,21,76
-19,17,75
-41,13,28
-63,5,9
-37,2,27
-30,13,27
-30,30,55
-39,15,52
-47,13,48
-33,8,46
-15,7,56
-22,8,40
-5,18,58
-13,19,67
-14,16,78
-6,17,81
-2,8,55
-11,14,47
-14,19,60
-10,9,56
-19,13,74
-2,13,58
4,13,64
-3,9,77
-9,12,65
-13,14,64
-16,11,72
-9,17,54
-24,17,46
-43,12,12
-69,12,4
-67,-2,-11
-65,-4,-37
-98,16,-15
-81,12,-7
-66,4,-11
-84,7,-31
-40,4,-18
13,10,31
46,33,127
19,28,119
-39,16,33
-9,20,34
-38,9,-44
-61,-1,-82
-128,7,-109
-98,15,-68
-41,12,-10
-58,8,-26
-69,11,-20
-35,7,13
-31,13,38
-17,25,71
-54,23,30
-67,16,14
-51,18,14
-62,12,-6
-65,4,-27
-59,-8,-34
-60,-13,-40
-50,-6,-37
-51,-1,-40
-62,5,-42
-56,10,-42
-56,15,-11
-62,8,-9
-75,25,16
-61,27,31
-82,17,18
-86,16,15
-63,1,2
-39,-12,12
-28,-2,5
-48,4,-15
-48,17,-10
-79,9,-22
-75,7,-20
-58,4,-20
-49,4,-32
-63,4,-43
-60,3,-44
-45,5,-28
-44,6,-28
-53,5,-39
-52,3,-45
-45,6,-37
-49,7,-45
-38,14,-45
-46,13,-46
-43,2,-73
-28,0,-68
-18,0,-67
-15,3,-65
-30,9,-51
-18,2,-50
-23,1,-60
-37,4,-59
-25,8,-53
-19,5,-47
-39,4,-63
-32,-1,-62
-26,3,-52
-36,3,-60
-35,2,-61
-34,1,-69
-34,0,-62
-26,2,-51
-31,3,-52
-25,1,-39
-40,2,-38
-42,1,-36
-49,4,-36
-42,1,-40
-50,3,-41
-52,10,-50
-44,11,-57
-48,4,-67
-53,2,-71
-11,-2,-56
-18,-3,-59
-34,2,-58
-43,7,-52
-38,12,-41
-39,10,-52
-28,-1,-54
-36,1,-52
-42,10,-61
-38,8,-69
-31,4,-56
-36,2,-47
-36,3,-47
-40,1,-40
-47,1,-30
-48,5,-26
-45,9,-35
-48,4,-46
-58,1,-46
-74,-10,-52
-62,-15,-45
-33,-9,-34
-29,-9,-37
-37,2,-43
-50,8,-50
-54,6,-69
-45,6,-68
-58,22,-41
-62,19,-42
-45,18,-27
-40,11,-42
-40,8,-26
-37,-2,-22
-46,15,-43
-44,6,-65
-24,6,-52
-32,10,-47
-60,15,-52
-63,7,-75
-50,5,-76
-61,11,-66
-57,9,-60
-74,6,-68
-58,-3,-73
5,-16,-44
19,-3,4
40,46,107
-35,41,18
-65,13,-26
-30,3,-28
-60,-4,-88
-128,1,-128
-86,23,-47
-48,0,-31
-40,10,-51
-49,0,-52
-37,14,1
-25,14,17
-34,17,42
-51,16,45
-53,10,46
-37,9,58
-29,11,66
-41,11,51
-26,17,53
-36,18,42
-45,6,25
-52,0,3
-57,-8,-13
-61,-19,-51
-74,-17,-57
-79,-9,-47
-65,-2,-28
-64,-1,-38
-51,5,-19
-76,11,-25
-60,9,-12
-67,25,29
-68,17,40
-59,4,21
-50,-3,5
-38,-12,13
-41,-8,-3
-50,-9,-31
-60,5,-29
-63,9,-23
-29,-4,-33
-55,1,-76
-74,3,-75
-43,3,-48
-40,0,-48
-45,1,-56
-47,-3,-42
-45,-2,-39
-58,5,-10
-69,6,-5
-60,3,-2
-58,4,0
-72,-1,-9
-59,-3,-8
-43,11,5
-57,13,1
-58,10,-7
-60,17,-1
-54,28,9
-58,33,17
-45,30,23
-48,34,29
-41,40,34
-38,47,44
-33,46,44
-35,44,46
-28,44,48
-26,43,48
-27,47,48
-24,44,44
-17,43,47
-20,44,46
-11,44,47
-15,43,46
-13,45,46
-18,44,45
-15,44,46
-15,44,46
-15,44,46
-17,43,47
-16,45,45
-16,45,43
-16,45,42
-17,44,42
-25,48,39
-9,42,52
-18,45,48
-18,49,52
-16,55,58
-6,75,63
-9,73,66
-23,68,51
-9,57,53
-12,39,53
-11,28,53
-11,14,48
-15,9,46
-31,-9,30
-42,-14,27
-52,-13,35
-62,-1,32
-57,4,31
-32,7,35
-36,12,36
-56,22,54
-51,26,59
-35,22,55
-39,24,41
-58,42,47
-47,41,55
-29,18,47
-35,22,50
-54,22,44
-36,17,53
-59,11,38
-65,3,31
-35,-10,17
-39,-24,4
-63,-20,-16
-80,-8,-20
-70,7,6
-40,11,22
-59,14,10
-82,25,27
-48,18,8
-68,19,-10
-51,30,45
-76,31,32
-69,33,24
-57,16,24
-83,18,23
-74,7,33
-66,-3,34
-48,-22,20
-22,-13,35
-45,16,45
-3,21,39
-2,29,53
-45,12,42
-36,17,60
-15,19,79
-22,15,60
-49,19,52
-55,-2,29
-32,3,37
-56,6,29
-75,-1,17
-41,11,22
-29,18,25
-70,14,33
-65,6,44
-57,7,26
-52,34,18
-89,5,26
-78,0,12
-60,6,5
-66,3,-12
-29,17,-4
-78,21,10
-82,4,21
-25,-7,30
-3,21,43
-86,6,-17
-95,24,-6
-52,5,13
-63,-3,7
-43,24,14
-48,20,13
-99,15,-10
-103,10,-11
-70,11,0
-56,17,-8
-76,19,-12
-71,11,1
-19,14,19
-53,8,10
-55,26,13
-80,21,16
-76,16,34
-49,20,72
-26,22,75
-46,18,45
-60,15,28
-72,10,21
-61,5,25
-59,2,19
-55,5,28
-46,9,41
-42,11,46
-39,13,43
-41,13,43
-32,15,39
-29,16,43
-30,23,53
-22,22,53
-22,25,52
-25,28,56
-16,27,64
-22,28,62
-20,29,66
-14,30,68
-22,24,50
-11,20,46
-17,27,55
-27,26,48
-33,30,57
-30,31,54
-31,35,54
-34,40,61
-28,36,68
-27,30,67
-32,13,60
-24,-1,54
-24,-9,45
-27,-21,24
-35,-18,25
-36,-17,12
-42,-17,7
-65,-10,-15
-63,-9,-19
-61,-9,-25
-62,-8,-30
-84,0,-46
-85,4,-42
-58,19,1
-72,20,-11
-67,5,-46
-65,2,-44
-71,3,-22
-63,5,-8
-67,6,2
-48,7,17
-45,-11,-24
-37,-10,-27
-57,-8,-54
-45,-8,-42
-58,11,-6
-54,16,-1
-72,11,-32
-64,19,26
-71,14,6
-59,11,-24
-72,18,-16
-78,17,-14
-70,13,-12
-53,12,-19
-45,14,-17
-5,3,-35
-15,9,-53
-70,4,-90
-88,6,-81
-57,13,-63
-49,3,-68
-50,5,-67
-65,-2,-71
-43,-7,-83
-14,-16,-80
18,-5,-11
29,20,74
17,41,74
-43,17,-16
-16,17,-22
-17,6,-60
-91,-6,-128
-119,-5,-123
-66,30,-5
-52,6,-30
-64,1,-54
-71,2,-68
-66,2,-73
-3,-5,-27
-2,4,9
27,39,103
-27,24,22
-44,8,-27
-40,14,-31
-58,0,-109
-128,-1,-128
-71,22,-36
-46,16,-25
-58,8,-49
-66,2,-66
-53,-4,-65
-22,-7,-43
-21,13,12
-23,13,29
-39,26,56
-34,20,63
-30,23,60
-60,16,37
-39,5,56
-24,5,70
-18,2,75
-24,7,59
-26,10,54
-50,19,47
-53,12,40
-89,-4,15
-99,-11,2
-44,-8,30
-33,-2,32
-17,7,62
-48,8,63
-37,17,57
-21,15,55
-37,12,48
-43,7,32
-15,15,55
-4,21,62
-33,10,64
-18,3,71
14,8,90
-2,7,56
-36,13,69
-37,6,79
-29,-6,11
-44,4,13
-45,7,39
-35,6,46
-65,13,26
-45,6,36
-53,11,22
-73,14,-3
-78,24,1
-86,26,0
-90,25,8
-82,11,-8
-66,11,-2
-20,10,21
2,10,29
-29,5,50
-38,1,46
6,7,69
0,13,63
11,14,75
6,12,78
-20,17,83
-11,19,80
23,15,67
13,17,55
-6,20,53
-33,11,45
-51,8,27
-60,9,23
-56,13,30
-53,13,30
-47,6,0
-37,2,-20
-34,4,-32
-89,17,-49
-120,16,-71
-99,22,-60
-75,16,-55
-69,1,-78
-51,-5,-77
11,3,-18
39,18,55
59,48,117
-37,24,8
-62,15,-6
-43,9,-21
-62,-13,-75
-119,-7,-111
-75,32,-34
-43,3,-22
-79,-1,-50
-58,4,-43
-34,0,-1
-14,18,37
-50,20,30
-75,19,3
-78,12,-4
-71,8,-1
-78,-5,-27
-58,-11,-18
-52,-11,-21
-47,-8,-19
-50,-6,-18
-59,0,-24
-70,2,-14
-56,2,5
-67,7,-8
-78,22,18
-74,13,20
-68,8,25
-65,3,37
-49,1,52
-49,-2,50
-51,-12,29
-52,-11,19
-52,-4,-5
-63,2,9
-53,3,9
-51,1,2
-66,-6,-17
-52,-6,-15
-55,-11,-50
-55,-12,-53
-43,1,-42
-38,13,-29
-51,1,-45
-45,-1,-43
-39,-1,-48
-62,-3,-65
-52,-2,-57
-38,3,-54
-23,1,-43
-50,2,-55
-46,1,-56
-41,2,-50
-59,3,-52
-64,4,-44
-66,3,-43
-57,-9,-54
-68,-9,-43
-62,-12,-31
-56,-15,-31
-43,-21,-14
-45,-19,-8
-33,-5,15
-57,6,16
-67,5,18
-49,9,21
-44,14,25
-51,20,36
-48,23,44
-42,19,47
-35,20,53
-35,20,54
-27,20,55
-23,20,57
-22,19,57
-28,25,59
-24,22,54
-21,21,57
-20,22,58
-23,22,55
-23,22,55
-25,19,55
-25,21,57
-21,20,60
-23,20,54
-26,23,52
-24,23,56
-21,22,55
-24,25,58
-22,26,55
-39,29,35
-25,22,62
-30,14,56
-30,2,44
-24,3,46
-27,-3,44
-21,-1,48
-6,5,57
-4,12,60
-8,19,65
0,30,64
-2,34,61
-13,44,55
-12,48,55
-6,48,64
-12,48,61
-9,46,53
-7,45,47
-5,49,56
-14,51,54
-22,53,44
-16,45,44
-17,51,67
-18,48,58
-18,49,49
-28,51,48
-31,51,31
-42,51,18
-41,49,2
-45,47,-9
-47,42,-23
-48,38,-27
-42,31,-37
-37,28,-47
-42,25,-58
-45,25,-58
-35,23,-51
-30,18,-47
-31,17,-50
-42,17,-52
-49,23,-44
-57,17,-53
-59,12,-58
-49,4,-66
-44,2,-74
1,7,-33
-2,10,-4
-37,12,-14
-58,15,-39
-58,7,-67
-46,8,-53
-44,10,-49
-40,10,-55
-45,15,-56
-33,13,-57
-21,8,-58
-23,5,-65
-17,7,-64
-8,6,-61
-25,4,-67
-21,5,-62
-25,8,-52
-22,6,-55
-34,3,-52
-35,4,-45
-33,4,-42
-46,6,-53
-40,1,-57
-50,0,-48
-48,-2,-43
-43,-5,-43
-40,-5,-42
-41,-4,-34
-53,-3,-44
-54,4,-55
-61,4,-44
-53,7,-23
-50,12,-30
-70,17,-37
-43,20,-13
-50,8,-28
-31,5,-24
-53,-1,-42
-63,4,-41
-55,8,-31
-44,5,-43
-15,10,-55
-28,7,-53
-75,9,-71
-79,10,-76
-71,7,-71
-63,7,-64
-66,-6,-86
-6,-22,-92
19,-7,-45
39,40,110
25,47,103
-55,17,-20
-64,18,-22
-62,13,-45
-46,3,-63
-74,4,-83
-82,6,-75
-73,7,-60
-72,12,-47
-71,21,-48
-85,12,-81
-31,-6,-80
5,-1,-34
62,35,119
19,38,60
-76,20,-29
-58,17,-17
-38,12,-44
-64,4,-72
-128,2,-96
-88,4,-45
-38,13,-30
-72,7,-69
-50,2,-64
-7,19,5
-7,31,42
-20,33,67
-60,24,42
-74,11,35
-60,7,38
-41,9,44
-41,11,45
-48,9,41
-49,6,35
-67,10,34
-60,8,44
-51,20,25
-23,11,50
-54,11,52
-61,5,41
-78,8,29
-82,1,29
-47,-3,28
-52,2,42
-47,18,42
-32,20,33
-10,19,73
-36,5,59
-7,11,46
2,17,59
-19,21,62
1,26,73
15,27,87
0,13,54
-21,19,64
-54,22,47
-70,21,46
-46,10,39
-17,6,34
16,0,60
-2,13,56
-14,23,58
-9,20,65
-8,26,64
-9,21,68
-18,8,61
-8,12,68
-6,9,61
-3,12,65
-18,10,66
-11,12,67
-25,14,67
-14,10,58
-26,21,53
-39,18,48
-19,5,4
-74,11,-22
-81,10,-23
-59,12,-43
-73,15,-41
-92,13,-59
-92,14,-65
-81,21,-27
-77,5,-46
-54,6,-42
-38,5,-21
-17,17,27
5,13,64
-8,13,83
-32,15,61
-34,9,51
-25,6,50
-18,2,47
-25,-3,42
-41,4,33
-57,8,22
-61,10,15
-78,14,6
-58,18,15
-75,21,3
-70,21,11
-66,20,13
-60,19,17
-72,20,11
-74,20,13
-62,18,18
-58,19,19
-61,22,15
-67,23,13
-59,22,20
-57,21,19
-58,22,15
-60,23,16
-59,21,13
-56,22,15
-59,23,15
-59,24,16
-54,27,22
-69,23,22
-61,23,18
-71,25,15
-71,29,18
-60,34,21
-52,42,8
-53,45,1
-63,39,-28
-54,31,-25
-44,17,-14
-50,-1,-17
-69,-12,12
-67,-15,43
-53,-15,51
-64,-3,44
-58,4,34
-26,7,7
-33,22,5
-63,42,-4
-65,50,2
-39,51,9
-42,57,18
-42,60,21
-40,60,21
-42,65,23
-49,63,19
-46,54,16
-40,53,20
-24,55,29
-28,57,24
-39,64,20
-38,63,22
-43,60,6
-51,61,2
-53,60,9
-52,50,3
-48,48,-7
-50,40,-9
-56,34,-16
-44,27,-12
-53,16,-17
-58,10,-22
-51,8,-19
-47,19,12
-59,21,-1
-77,22,-49
-84,20,-43
-39,11,-21
-62,11,-28
-54,17,-3
-62,12,-20
-67,12,-27
-44,15,-9
-77,18,-25
-46,22,-10
-66,19,-24
-56,22,-16
-62,14,-5
-69,12,-12
-49,7,-15
-53,9,-10
-58,7,-13
-70,7,-20
-51,3,-20
-78,-2,-27
-80,6,-41
-54,34,-11
-72,7,-5
-69,19,-1
-76,15,-4
-77,22,-7
-57,19,-5
-50,11,-11
-60,28,-3
-54,-3,-3
-58,-1,6
-77,5,13
-56,4,14
-53,9,25
-56,12,23
-41,13,44
-35,17,46
-45,16,40
-45,16,47
-50,15,48
-12,13,62
-36,23,43
-66,16,27
-69,17,14
-53,19,21
-60,-2,-17
-77,-12,-14
-63,-1,-2
-50,1,2
-75,2,-15
-71,9,-19
-55,7,-13
-79,19,0
-79,20,-1
-78,9,-11
-68,9,-17
-48,7,-12
-44,14,1
-65,7,-19
-51,8,-6
-62,-5,29
-75,-14,24
-46,5,25
-30,9,23
-107,18,-6
-79,29,4
-37,11,22
-55,2,12
-75,18,23
-69,13,25
-44,9,35
-52,6,12
-70,-5,-8
-58,-4,-16
-55,-1,-45
-60,15,-38
-77,12,-43
-81,13,-33
-81,14,-22
-72,10,-12
-82,6,-19
-77,6,-11
-83,4,-13
-82,2,-13
-78,5,-4
-46,-10,-14
-41,-13,-16
-48,-13,3
-37,-9,23
-42,-1,26
-43,7,37
-20,8,49
-22,9,49
-16,15,66
-14,13,67
-7,12,64
-6,16,65
-10,14,64
-11,16,64
-10,13,64
-11,13,62
-10,12,64
-11,12,64
-10,13,62
-19,10,54
-17,12,59
-34,15,54
-33,8,53
-21,6,56
-26,4,47
-32,0,32
-26,-2,31
-10,3,43
-11,7,42
-14,28,36
-24,35,28
-85,50,3
-93,52,1
-83,50,-15
-81,51,-19
-74,46,-47
-80,49,-48
-59,48,-29
-35,47,-20
-42,43,-17
-38,41,-19
-37,41,-23
-37,41,-18
-39,42,-22
-43,43,-25
-42,41,-28
-40,45,-28
-41,47,-27
-38,46,-36
-42,45,-34
-37,47,-29
-37,50,-28
-38,50,-23
-41,51,-25
-40,48,-21
-39,49,-24
-43,50,-23
-43,50,-21
-44,43,-29
-40,42,-35
-51,59,-21
-76,55,-21
-46,42,-14
-32,41,-29
-69,43,-15
-31,42,8
-43,32,-9
-54,29,-15
-56,18,-12
-51,12,-9
-52,10,-7
-59,9,-6
-68,8,-11
-62,17,5
-58,16,13
-62,23,11
-61,29,10
-66,23,-9
-62,16,-23
-69,10,-35
-66,4,-32
-54,-2,-23
-55,-3,-21
-59,-2,-16
-56,-3,-7
-69,3,-11
-70,6,-2
-50,7,31
-54,11,29
-77,13,3
-69,13,1
-65,14,4
-68,9,7
-63,4,0
-63,0,-16
-68,-3,-22
-66,-4,-20
-66,-3,-11
-72,-1,-4
-58,-3,-1
-52,-1,-6
-63,1,-4
-62,1,11
-62,2,13
-57,4,15
-60,7,8
-59,15,13
-61,18,10
-65,14,-24
-71,11,-30
-66,0,-16
-63,-4,-16
-73,-4,-14
-75,-6,-27
-72,-4,-30
-88,-6,-21
-66,-6,-3
-57,-11,-2
-58,1,6
-38,-4,3
-42,8,46
-36,10,46
-80,-3,4
-68,-6,20
-33,4,34
-48,1,30
-59,-6,14
-85,-16,11
-94,-19,26
-42,-15,63
-53,-28,47
-70,-25,9
-65,-16,14
-30,-2,26
-4,16,28
-69,26,63
-74,-10,22
-43,14,38
-59,-5,25
-76,-14,12
-101,-15,8
-55,-2,71
-64,-20,59
-49,-34,11
-45,-25,15
-40,-9,10
7,14,52
-60,32,75
-91,-15,16
-45,17,45
-52,8,36
-57,-7,3
-52,-5,-7
-63,-13,-3
-52,-3,-26
-53,-2,-34
-50,-3,-24
-58,-2,-20
-86,3,-15
-84,6,-9
-80,14,-7
-70,13,11
-79,6,-30
-68,1,-28
-38,3,-4
-45,7,-27
-36,-11,-55
-23,1,-45
-44,-8,-65
-31,-5,-72
-39,4,-74
-39,3,-81
-6,1,-49
-38,4,-47
-45,10,-48
-37,2,-50
-33,-4,-60
-36,-8,-56
-42,-9,-41
-47,-9,-34
-59,-10,-25
-65,-8,-14
-58,-11,-16
-54,-1,4
-51,5,11
-54,13,11
-65,12,8
-77,7,-13
-74,0,-20
-59,-6,-23
-70,-14,-41
-56,-16,-46
-47,-14,-38
-60,-8,-27
-62,-5,-16
-50,0,-9
-41,4,-5
-55,3,-12
-66,0,-26
-49,-4,-20
-51,-8,-22
-53,-7,-28
-67,-6,-41
-87,-5,-52
-74,-6,-55
-29,5,5
-40,9,-5
-51,9,-26
-17,3,-4
-48,17,-37
-61,15,-55
-51,11,-50
-54,6,-64
-56,8,-68
-41,8,-76
-39,11,-68
-39,7,-64
-40,7,-58
-40,10,-49
-39,11,-45
-42,16,-24
-52,15,-30
-69,16,-24
-57,18,-21
-56,15,-12
-69,13,-21
-63,15,-17
-63,12,-13
-62,13,-11
-58,15,-8
-65,14,-14
-65,15,-13
-58,17,-5
-69,17,-11
-66,16,-5
-61,17,-2
-69,18,-1
-64,17,3
-59,16,5
-52,16,9
-55,17,8
-63,20,12
-59,21,20
-59,26,25
-60,26,23
-57,19,22
-64,17,22
-80,26,15
-99,31,-2
-65,21,40
-69,14,40
-68,5,12
-57,1,10
-47,-2,9
-39,-2,11
-39,-5,15
-38,-3,17
-33,-1,18
-35,1,18
-43,7,26
-40,9,20
-65,28,5
-75,34,0
-44,37,-3
-60,43,-12
-60,43,-18
-64,50,-14
-65,50,-13
-50,53,-14
-52,50,-20
-53,49,-11
-49,50,-13
-52,55,-17
-54,55,-4
-22,50,-1
-41,53,-1
-34,49,9
-35,49,10
-53,46,-3
-54,43,-8
-53,48,-7
-51,49,-7
-42,48,3
-38,50,0
-43,50,-2
-41,49,0
-40,51,-3
-42,52,-9
-46,54,-13
-45,53,-10
-48,54,-12
-50,56,-19
-47,53,-13
-65,51,-24
-60,43,-25
-37,45,4
-39,41,32
-31,16,-2
-75,12,-27
-62,19,4
-41,5,4
-66,5,-14
-62,7,-18
-54,10,-6
-64,12,-9
-56,10,-7
-62,12,-6
-65,14,-7
-61,14,-6
-57,18,-1
-50,22,4
-76,25,-12
-61,21,-11
-63,18,-8
-66,15,-13
-69,13,-16
-64,9,-21
-67,2,-28
-63,-3,-21
-61,-3,-17
-54,-3,-14
-64,-2,-17
-58,2,2
-51,2,14
-56,4,20
-54,5,18
-64,10,3
-79,10,-5
-67,10,2
-58,7,6
-67,5,-12
-75,0,-22
-75,-7,-19
-71,-9,-21
-56,-8,-10
-56,-3,-5
-63,-3,-3
-63,-1,3
-62,1,5
-57,1,11
-55,8,21
-62,9,13
-74,11,-1
-66,10,2
-57,11,-1
-70,3,-20
-71,-9,-25
-68,-9,-16
-70,-11,-20
-64,-6,-7
-75,-6,-11
-78,-10,-7
-58,-7,1
-73,-11,3
-66,-2,13
-43,4,32
-45,6,52
-64,8,29
-78,-2,18
-35,-4,44
-19,-2,45
-43,-3,28
-50,-9,17
-67,-6,19
-82,-11,21
-47,-8,66
-54,-16,63
-65,-38,12
-69,-32,4
-49,-16,17
-44,-1,21
-6,19,47
-1,37,77
-91,-16,20
-48,10,39
-49,1,32
-62,-6,9
-62,-7,1
-61,-15,-1
-57,-16,-12
-55,-12,-30
-60,-9,-30
-63,-2,-7
-69,0,-4
-78,-3,-22
-81,7,1
-85,13,11
-71,9,-4
-65,5,-18
-60,-7,-25
-38,-8,-24
-37,-1,-23
-38,-6,-50
-55,-10,-84
-18,-2,-61
-41,5,-61
-4,11,-46
-29,1,-58
-53,13,-67
-38,8,-33
-36,6,-47
-47,1,-65
-40,-4,-61
-38,-9,-56
-28,-7,-35
-56,-11,-34
-62,-14,-34
-62,-18,-28
-53,-16,-22
-60,-7,-5
-59,-10,-7
-49,-8,4
-45,-9,9
-53,3,17
-56,6,11
-75,7,-8
-81,5,-16
-70,-6,-22
-63,-10,-21
-63,-22,-32
-61,-27,-36
-54,-29,-37
-53,-23,-31
-63,-13,-16
-61,-12,-10
-51,-5,14
-55,1,17
-67,3,5
-70,-1,-14
-71,-5,-17
-51,-9,-6
-55,-10,-10
-56,-8,-13
-65,-12,-24
-53,-13,-21
-47,-15,-23
-54,-12,-36
-58,-14,-43
-60,-15,-46
-64,-13,-42
-69,-10,-44
-75,-14,-40
-55,-8,-28
-46,0,-14
-55,5,7
-75,4,-7
-37,3,-9
-44,5,-13
-45,8,-29
-45,5,-41
-41,3,-47
-41,2,-53
-48,3,-56
-39,2,-54
-52,5,-70
-64,6,-65
-58,4,-64
-35,5,-46
-40,8,-39
-58,7,-33
-57,9,-24
-58,14,-14
-68,12,-22
-53,13,-7
-60,10,-6
-67,11,-6
-59,14,4
-59,14,4
-65,14,8
-52,13,5
-60,15,8
-78,15,5
-72,13,3
-59,12,6
-64,10,14
-77,17,14
-85,21,10
-92,24,4
-78,15,26
-74,8,19
-64,2,22
-55,-3,16
-46,-8,12
-39,-10,11
-38,-9,7
-32,-8,8
-36,-6,8
-48,-1,2
-45,12,25
-59,23,27
-37,42,15
-44,49,-5
-78,53,-42
-71,56,-41
-63,59,-19
-52,56,-13
-47,53,-4
-43,51,0
-51,50,-13
-50,50,-19
-47,49,-15
-45,49,-12
-44,50,-10
-44,49,-5
-45,54,-6
-45,52,-10
-44,50,0
-41,51,0
-37,47,1
-46,44,-9
-45,50,-12
-71,51,-23
-42,55,-4
-50,54,2
-67,54,-9
-45,52,0
-46,46,-5
-66,40,-15
-56,34,-6
-66,21,-10
-68,21,2
-31,14,13
-41,13,9
-65,26,-6
-81,22,-11
-41,21,-9
-60,21,-23
-65,19,-31
-70,17,-30
-67,8,-34
-59,6,-29
-55,4,-13
-60,5,-12
-63,3,-28
-66,3,-28
-61,3,-11
-53,1,-2
-48,5,12
-60,6,8
-63,9,3
-54,15,1
-59,18,-1
-72,10,-21
-67,5,-28
-66,-3,-32
-72,-3,-32
-65,-4,-26
-67,-7,-32
-63,-1,-10
-65,-1,-3
-61,3,2
-57,0,-1
-58,3,4
-58,6,7
-60,17,2
-62,12,-20
-72,4,-29
-63,-2,-18
-65,-6,-15
-71,-7,-19
-73,-9,-33
-75,-9,-24
-75,-9,-11
-73,-8,-1
-50,-13,1
-44,-1,28
-55,11,46
-39,4,36
-56,1,20
-64,-7,28
-36,-8,35
-31,1,33
-41,0,32
-67,-11,19
-76,-18,15
-93,-16,25
-67,-2,58
-57,-29,58
-71,-39,19
-60,-37,0
-47,-29,10
-33,7,18
65,33,54
-78,21,68
-123,-37,-7
-16,23,59
-27,33,48
-69,-8,24
-62,-8,24
-89,-23,23
-95,-18,32
-48,-11,71
-74,-40,23
-75,-36,12
-52,-22,12
-35,-14,5
27,21,49
6,41,84
-92,-32,25
-42,-19,42
-38,3,32
-46,-14,16
-54,-12,0
-49,-18,-7
-55,-19,-21
-57,-22,-36
-63,-14,-30
-57,-12,-18
-74,-6,7
-78,-19,-5
-83,7,14
-76,10,43
-72,6,-3
-44,-3,-11
-31,-8,-33
-36,-4,-45
-53,-4,-49
-36,1,-60
-58,-2,-87
-27,9,-57
-29,4,-70
-39,7,-79
-26,0,-64
-35,4,-56
-40,4,-52
-36,0,-62
-33,-4,-59
-37,-14,-58
-29,-14,-37
-44,-12,-28
-46,-14,-25
-77,-4,-17
-65,-2,-3
-58,-5,4
-51,4,18
-62,24,29
-97,21,-14
-67,-6,-8
-72,-15,-21
-65,-21,-28
-65,-27,-37
-54,-27,-42
-51,-19,-31
-65,-11,-24
-57,-9,-14
-36,2,14
-56,6,3
-68,6,-4
-81,2,-18
-65,1,-6
-62,-7,-20
-55,-8,-20
-63,-10,-30
-62,-11,-35
-56,-10,-36
-52,-10,-38
-46,-8,-37
-52,-12,-43
-60,-9,-39
-70,-10,-46
-54,-11,-47
-70,-6,-28
-71,5,-13
-40,2,18
-78,3,-22
-55,-4,-21
-44,10,-6
-50,24,-10
-47,9,-32
-45,2,-54
-41,1,-52
-47,-3,-64
-39,-2,-81
-31,-5,-46
-29,-9,-44
-67,11,-34
-67,5,-39
-49,5,-24
-54,0,-15
-73,3,-16
-67,-1,-19
-62,-12,-33
-58,-13,-30
-55,-9,-11
-63,-5,-10
-62,0,-2
-61,3,-1
-53,3,2
-56,3,-3
-67,-2,-17
-52,2,-3
-86,16,-8
-60,4,-10
-63,3,-9
-80,4,-12
-67,-10,-24
-71,-12,-26
-69,-13,-33
-54,-9,-24
-52,-6,-17
-64,6,-3
-66,6,2
-57,11,4
-61,8,-4
-52,6,-6
-43,11,5
-58,9,-26
-69,4,-32
-61,2,-20
-56,5,-20
-60,7,-28
-49,10,-23
-55,19,-33
-57,25,-35
-50,28,-26
-50,28,-26
-51,33,-33
-51,35,-24
-50,39,-26
-50,40,-27
-51,41,-26
-51,40,-26
-48,39,-25
-49,40,-24
-45,42,-27
-45,43,-28
-48,43,-29
-47,44,-29
-44,44,-25
-53,46,-17
-44,43,-24
-40,44,-19
-40,45,-16
-52,42,-33
-35,38,-27
-38,45,-21
-50,48,-23
-44,45,-12
-47,47,-16
-43,47,-14
-42,49,-14
-35,51,-11
-36,54,-8
-39,55,-10
-39,53,-9
-38,53,-6
-37,53,1
-43,53,-9
-47,54,-11
-50,52,-8
-45,51,-6
-44,53,-7
-44,55,-11
-44,56,-14
-46,56,-22
-51,60,-28
-56,60,-24
-56,59,-22
-61,60,-12
-61,55,-6
-60,47,2
-57,42,5
-51,30,7
-49,26,12
-37,16,15
-32,13,21
-30,7,29
-36,6,27
-38,4,23
-41,2,20
-58,-2,21
-65,-1,25
-55,-6,28
-52,-11,31
-65,-4,35
-56,-3,33
-58,2,37
-56,8,40
-61,6,38
-53,6,40
-42,13,46
-47,10,46
-41,13,58
-40,10,50
-42,11,38
-47,12,36
-62,18,30
-66,26,35
-52,23,39
-46,14,30
-55,11,20
-68,7,23
-56,6,30
-55,17,32
-73,21,29
-62,25,23
-64,28,30
-67,11,23
-68,7,17
-53,6,23
-48,2,28
-43,-2,15
-45,-6,-3
-128,4,-59
-122,12,-19
-39,1,-9
-62,-3,-13
-68,-6,-16
-63,-15,-17
-67,-18,-16
-62,-18,-6
-45,-17,5
-51,-5,-4
-81,1,-2
-47,8,18
-47,16,40
-74,26,4
-64,10,-4
-68,2,-15
-71,-6,-24
-68,-12,-23
-68,-11,-11
-55,-16,-17
-57,-15,-16
-70,-13,-20
-65,-9,-8
-51,1,17
-67,4,11
-63,9,9
-65,14,12
-63,8,2
-71,4,1
-71,-2,-1
-74,-7,-10
-82,-13,-14
-81,-17,-3
-60,-17,-4
-81,-17,-17
-73,-18,-17
-57,-10,-5
-48,-8,14
-37,9,43
-42,8,58
-42,7,32
-69,-2,26
-49,-1,21
-44,-5,15
-60,-13,3
-74,-11,14
-93,-25,16
-59,-22,43
-48,-31,52
-67,-35,19
-59,-22,6
-46,-12,7
-13,17,36
13,30,45
-101,-11,36
-90,-20,25
-46,21,43
-59,3,27
-63,-5,4
-61,-19,-8
-61,-21,-8
-53,-8,-30
-47,-4,-34
-53,2,-38
-57,9,-43
-60,18,-13
-66,23,-14
-81,27,-34
-85,33,-25
-87,34,-25
-75,30,-24
-52,30,7
-68,30,6
-57,21,10
-53,17,10
-58,10,2
-59,9,1
-53,9,2
-58,10,4
-64,7,5
-66,6,-2
-52,1,-1
-50,-3,12
-56,4,32
-72,6,37
-75,7,26
-58,4,18
-67,13,21
-57,9,34
-52,11,30
-54,13,28
-56,16,34
-53,18,28
-67,20,19
-62,22,33
-50,20,41
-36,24,33
-50,30,40
-61,25,21
-52,24,16
-53,24,20
-70,22,15
-55,17,21
-58,18,24
-73,18,18
-81,21,12
-84,14,10
-68,11,14
-57,15,17
-66,17,16
-60,15,17
-57,16,13
-75,13,-4
-75,10,-3
-60,12,5
-62,1,9
-65,-1,7
-48,-11,-6
-57,-12,-5
-62,-9,3
-58,-15,2
-60,-16,-9
-60,-16,-9
-64,-12,-4
-66,-10,-6
-61,-10,-4
-47,-5,11
-61,10,6
-64,16,9
-68,17,-2
-76,20,-6
-76,17,-14
-79,11,-23
-69,-6,-33
-57,-11,-26
-58,-15,-16
-57,-16,-17
-59,-12,-9
-63,-6,-2
-57,0,16
-62,1,16
-58,8,22
-71,14,7
-71,17,-1
-78,-2,-26
-72,-10,-23
-67,-10,-10
-73,-10,-10
-75,-11,-14
-75,-12,-5
-77,-15,-7
-77,-11,-5
-35,-14,14
-45,-10,21
-49,2,38
-35,4,43
-62,-7,32
-43,-8,33
-48,-1,31
-53,-5,24
-41,-7,21
-51,-8,11
-51,-10,3
-60,-8,2
-53,-21,-15
-62,-17,-3
-111,3,34
-93,-9,23
-63,-5,69
-70,-21,2
-91,-24,-1
-69,-21,3
-75,-18,-5
-40,-10,-27
-6,-3,10
10,57,46
-43,43,70
-71,-24,23
-50,3,33
-54,4,13
-60,-9,-5
-63,-3,-17
-70,-9,-18
-58,-10,-27
-52,-10,-31
-53,-4,-25
-69,-2,-22
-76,6,-13
-78,14,-11
-59,25,-31
-47,27,-51
-47,26,-58
-35,16,-58
-27,10,-60
-36,8,-59
-33,2,-54
-33,1,-59
-37,4,-57
-64,13,-47
-70,17,-37
-65,19,-31
-43,15,-23
-44,8,-33
-43,14,-33
-42,9,-39
-41,6,-39
-41,9,-40
-46,9,-41
-54,11,-32
-57,15,-33
-66,21,-47
-80,28,-53
-64,33,-25
-61,35,-17
-68,25,-15
-63,23,-11
-53,18,-2
-52,17,-4
-56,14,-21
-52,13,-18
-54,13,-17
-56,12,-18
-59,9,-22
-58,10,-21
-57,9,-19
-61,9,-21
-62,10,-23
-62,12,-24
-62,11,-23
-61,11,-23
-59,9,-23
-61,8,-25
-61,10,-26
-60,11,-25
-62,10,-27
-64,9,-26
-61,10,-22
-60,10,-20
-60,11,-18
-61,12,-18
-62,12,-19
-61,13,-17
-62,14,-15
-63,14,-17
-64,14,-18
-63,11,-16
-63,10,-18
-61,9,-18
-61,11,-17
-62,13,-18
-60,15,-16
-59,16,-16
-58,18,-16
-60,20,-17
-61,22,-15
-58,21,-13
-56,19,-13
-56,17,-14
-56,8,-17
-58,5,-19
-64,4,-24
-73,4,-27
-63,9,-15
-64,10,-12
-71,13,-13
-73,15,-11
-71,22,-8
-70,25,-1
-63,19,10
-52,14,14
-48,12,18
-51,12,19
-64,8,13
-66,7,14
-62,8,14
-63,8,13
-62,8,16
-63,6,16
-63,6,15
-60,3,15
-59,3,16
-58,3,16
-59,3,12
-65,0,10
-61,3,14
-64,4,9
-68,5,7
-63,8,11
-62,5,13
-58,4,18
-58,6,24
-51,5,21
-51,5,19
-57,16,15
-61,21,4
-72,18,-12
-70,16,-16
-69,13,-21
-67,16,-24
-64,17,-13
-62,18,-8
-56,20,-5
-54,20,-2
-56,18,-11
-56,17,-16
-59,15,-18
-57,13,-24
-57,11,-23
-61,10,-26
-62,10,-28
-61,10,-29
-60,10,-29
-60,7,-30
-61,6,-31
-60,7,-29
-64,7,-31
-60,12,-31
-60,13,-31
-59,14,-29
-62,19,-30
-61,5,-41
-62,2,-36
-60,4,-36
-57,5,-36
-60,7,-32
-55,9,-29
-52,11,-26
-52,13,-26
-53,17,-35
-55,19,-37
-49,22,-35
-47,23,-33
-50,19,-37
-48,17,-35
-50,17,-37
-48,14,-39
-45,16,-33
-50,19,-34
-52,18,-36
-45,19,-35
-46,18,-34
-51,20,-42
-43,20,-48
-48,18,-42
-49,15,-42
-48,18,-47
-44,14,-46
-36,13,-50
-48,10,-54
-38,3,-44
-38,4,-48
-50,2,-43
-49,-1,-32
-53,7,-34
-44,12,-54
-40,4,-30
-43,-3,-32
-37,20,-39
-34,15,-69
-36,17,-89
-55,15,-42
-56,14,-41
-36,11,-20
-51,11,-18
-74,15,0
-59,16,-11
-61,13,-25
-60,15,-28
-66,16,-39
-68,19,-37
-62,18,-28
-44,16,-21
-45,22,-10
-50,22,-3
-22,27,25
-21,29,29
-46,37,3
-69,38,-16
-70,29,-16
-69,35,-15
-66,35,-12
-70,34,-11
-62,32,-15
-59,34,-17
-62,39,-24
-66,41,-23
-62,43,-17
-40,41,-13
-49,43,-22
-48,43,-16
-37,44,-19
-44,48,-27
-46,46,-26
-36,43,-15
-43,43,-16
-44,42,-20
-49,42,-32
-38,41,-18
-42,44,-19
-52,48,-24
-50,46,-21
-41,43,-19
-52,42,-26
-55,41,-29
-47,39,-16
-52,40,-21
-42,43,-18
-55,38,-22
-44,41,-17
-52,38,-10
-46,37,-6
-49,39,-5
-47,39,-5
-46,37,-10
-50,35,-14
-50,32,-21
-47,30,-29
-46,30,-33
-58,26,-42
-58,27,-43
-44,30,-38
-44,29,-40
-54,30,-41
-40,27,-33
-43,24,-40
-40,23,-42
-35,24,-41
-25,30,-33
-27,29,-33
-29,29,-48
-23,26,-57
-24,25,-51
-31,23,-51
-27,22,-55
-29,25,-51
-31,24,-58
-29,19,-67
-29,18,-67
-26,11,-67
-16,11,-60
-31,25,-46
-34,23,-57
-33,22,-59
-35,22,-46
-34,21,-49
-31,23,-57
-33,24,-55
-37,23,-46
-34,25,-47
-43,26,-43
-44,26,-44
-36,17,-47
-33,19,-45
-51,20,-54
-51,20,-53
-45,14,-46
-40,13,-35
-63,16,-31
-65,12,-30
-62,10,-10
-59,15,2
-66,19,0
-73,19,-1
-55,21,20
-56,21,27
-64,21,20
-56,22,25
-51,21,27
-42,19,30
-36,14,30
-42,10,30
-58,16,31
-52,10,50
-80,15,34
-67,19,20
-69,17,16
-65,19,19
-45,12,29
-25,2,45
-17,-1,52
-31,12,59
-28,21,62
-40,24,33
-47,24,24
-37,32,23
-51,32,14
-60,34,8
-57,34,3
-67,28,-19
-77,34,-8
-68,18,-31
-65,16,-35
-66,4,-45
-39,2,-37
-44,9,-47
-41,9,-50
-43,8,-46
-43,9,-46
-32,10,-51
-27,7,-57
-42,9,-56
-29,17,-39
-27,15,-41
-30,12,-58
-24,10,-57
-30,14,-60
-31,14,-61
-31,14,-59
-34,15,-58
-34,14,-60
-33,11,-62
-36,11,-61
-33,11,-60
-32,10,-57
-34,12,-54
-35,8,-49
-41,9,-50
-44,8,-49
-49,9,-47
-65,9,-51
-67,12,-55
-61,18,-50
-40,20,-13
-41,27,10
-52,24,18
-58,29,18
-50,30,28
-49,25,21
-47,30,28
-37,33,40
-44,37,60
-25,27,52
-4,15,57
-43,9,39
-69,15,31
-42,10,52
-67,30,26
-105,27,-4
-66,25,30
-50,31,33
-16,15,43
-4,16,74
-29,16,44
-51,19,37
-29,31,58
-30,42,46
-54,28,29
-50,28,37
-34,38,50
-28,32,38
-38,38,42
-48,32,26
-50,25,12
-57,18,-11
-59,17,-22
-72,7,-35
-79,7,-36
-66,-2,-38
-25,-1,0
-69,9,-11
-69,4,-25
-81,12,-34
-71,4,-38
-54,8,-25
-65,11,-26
-56,6,-21
-52,8,-23
-51,10,-32
-51,12,-31
-56,14,-33
-60,14,-34
-62,16,-28
-62,14,-27
-60,15,-25
-53,17,-20
-62,19,-29
-53,19,-31
-53,16,-34
-53,16,-33
-52,16,-33
-53,12,-41
-50,12,-47
-41,6,-47
-45,5,-42
-48,5,-44
-47,8,-38
-51,12,-36
-57,16,-34
-58,21,-24
-58,20,-23
-58,18,-30
-56,19,-27
-59,18,-28
-54,16,-32
-51,11,-36
-47,12,-33
-51,10,-38
-51,9,-40
-51,9,-41
-49,10,-39
-50,10,-38
-50,11,-37
-53,12,-34
-54,11,-34
-52,11,-33
-53,12,-34
-54,12,-36
-53,12,-37
-54,13,-37
-51,12,-36
-51,12,-36
-52,14,-36
-52,13,-37
-51,13,-37
-52,13,-37
-52,12,-37
-51,11,-36
-49,11,-35
-50,10,-36
-50,10,-39
-51,11,-40
-51,12,-40
-51,12,-39
-53,13,-37
-52,13,-36
-51,14,-35
-50,13,-36
-49,13,-37
-50,13,-38
-50,12,-38
-51,13,-38
-51,14,-36
-52,15,-38
-52,16,-38
-52,17,-35
-52,16,-35
-53,16,-35
-52,15,-34
-50,14,-34
-50,13,-35
-51,13,-36
-50,12,-37
-50,13,-37
-50,13,-38
-51,12,-39
-51,13,-39
-49,13,-39
-51,15,-39
-51,16,-39
-50,15,-38
-49,17,-35
-51,17,-35
-50,16,-37
-49,16,-36
-51,17,-38
-52,17,-38
-48,16,-39
-50,16,-40
-49,16,-41
-48,16,-39
-48,16,-42
-48,15,-43
-44,15,-41
-46,16,-43
-45,15,-46
-47,18,-49
-50,19,-48
-54,19,-47
-49,18,-45
-50,20,-43
-52,19,-42
-42,15,-38
-30,13,-27
-43,13,-29
-41,13,-23
-49,13,-32
-53,8,-47
-56,13,-41
-60,13,-39
-61,11,-44
-58,15,-39
-28,19,-32
-34,16,-43
-35,19,-55
-30,20,-53
-36,19,-50
-32,21,-55
-29,21,-56
-35,19,-50
-34,23,-44
-23,17,-69
-16,17,-65
-32,15,-49
-35,17,-56
-21,9,-73
-13,14,-68
-33,16,-70
-30,14,-53
-28,22,-54
-38,22,-59
-28,17,-56
-34,17,-56
-33,17,-50
-29,16,-49
-35,19,-44
-34,20,-40
-33,18,-49
-34,18,-50
-41,18,-48
-38,13,-49
-41,16,-51
-46,12,-48
-53,7,-58
-39,17,-45
-44,16,-44
-29,22,-46
-29,18,-49
-32,16,-60
-27,17,-55
-23,15,-56
-25,16,-55
-35,18,-57
-32,17,-53
-34,13,-61
-36,14,-63
-36,14,-54
-39,8,-61
-31,12,-40
-40,9,-48
-48,7,-53
-55,11,-51
-54,14,-41
-42,12,-30
-10,12,-11
-34,11,-37
-47,14,-39
-41,16,-36
-41,24,-43
-47,33,-16
-65,33,-2
-57,29,-5
-57,34,-13
-60,43,10
-62,44,25
-37,44,18
-45,47,10
-47,52,-1
-36,50,11
-30,52,19
-30,56,23
-25,56,24
-35,55,17
-41,55,19
-38,54,17
-37,56,13
-33,56,17
-20,62,28
-26,61,23
-32,58,15
-41,59,7
-44,57,12
-43,57,3
-45,54,10
-31,52,13
-34,48,11
-40,52,-4
-42,52,-6
-34,48,3
-41,46,-5
-43,43,-19
-41,49,-20
-68,43,-27
-66,43,-25
-49,48,-20
-46,45,-10
-46,45,-5
-47,42,-7
-59,30,-7
-63,28,-6
-54,22,-2
-56,19,-2
-59,14,-5
-56,15,-1
-62,15,0
-59,13,1
-60,13,-1
-59,13,-1
-60,12,0
-59,13,0
-59,12,-6
-62,14,-7
-55,17,-5
-54,20,-1
-57,19,-1
-62,17,-11
-63,15,-16
-62,14,-21
-61,15,-19
-54,16,-15
-52,16,-19
-56,18,-25
-53,18,-25
-57,17,-32
-54,19,-32
-47,17,-32
-50,18,-39
-52,18,-42
-49,17,-42
-49,18,-43
-52,19,-44
-50,20,-43
-47,20,-42
-45,21,-41
-44,21,-41
-42,21,-42
-40,21,-43
-44,22,-47
-45,22,-47
-42,22,-47
-43,22,-44
-42,23,-46
-39,24,-45
-41,23,-44
-37,24,-44
-38,24,-46
-39,24,-45
-39,24,-46
-37,23,-47
-40,23,-46
-37,23,-46
-38,23,-46
-37,24,-44
-36,24,-45
-36,25,-46
-36,25,-47
-37,27,-48
-37,27,-49
-41,28,-50
-43,28,-50
-47,28,-43
-48,28,-43
-49,27,-44
-53,27,-39
-54,25,-44
-40,26,-34
-54,24,-35
-54,21,-36
-30,20,-25
-41,19,-30
-37,18,-32
-31,15,-40
-38,14,-42
-30,11,-52
-37,12,-61
-37,15,-52
-37,13,-58
-45,19,-50
-46,20,-53
-54,27,-55
-51,28,-51
-49,29,-49
-53,33,-45
-59,34,-44
-64,33,-46
-56,31,-37
-50,28,-29
-49,17,-29
-36,17,-20
-35,13,-21
-38,15,-23
-33,8,-31
-40,6,-36
-48,5,-34
-51,5,-38
-54,3,-49
-53,9,-39
-42,6,-39
-74,8,-60
-33,19,-23
-58,22,-40
-45,18,-37
-43,22,-39
-33,27,-37
-41,33,-47
-36,27,-56
-21,24,-45
-23,16,-54
-29,19,-62
-34,15,-56
-19,14,-54
-14,10,-67
-26,11,-75
-18,13,-51
-39,22,-48
-31,15,-50
-34,23,-57
-37,23,-57
-42,24,-40
-37,21,-43
-38,22,-64
-47,24,-57
-73,11,-82
-58,6,-59
-47,6,-37
-25,17,-3
-65,10,-1
-58,16,3
-54,18,3
-70,18,-3
-67,17,-3
-69,20,11
-58,16,20
-43,12,35
-37,14,46
-7,1,50
-19,-3,43
-71,5,43
-71,15,40
-80,20,9
-70,19,17
-14,-1,44
-38,1,49
-9,15,57
-48,41,19
-68,48,4
-56,44,10
-43,30,3
-61,25,-21
-43,17,-26
-61,12,-60
-54,17,-65
-42,17,-65
-57,21,-64
-42,17,-42
-35,20,-42
-34,15,-50
-34,11,-54
-30,12,-53
-31,14,-55
-24,16,-51
-35,17,-66
-38,17,-62
-35,18,-59
-32,18,-61
-33,19,-59
-37,16,-64
-38,14,-68
-32,17,-57
-32,14,-57
-27,16,-44
-34,14,-44
-38,14,-45
-39,15,-40
-65,13,-44
-71,18,-42
-71,12,-47
-41,15,-17
-33,17,-5
-91,16,-25
-55,21,10
-44,26,28
-30,23,42
-38,34,53
-37,30,50
-48,25,29
-36,30,43
-11,35,50
-21,37,56
-22,12,47
-38,2,32
-27,4,32
-24,29,75
-97,44,25
-106,34,15
-7,38,49
-4,39,57
-5,2,69
11,26,67
-46,45,43
-29,40,41
-46,39,18
-46,31,7
-56,25,-30
-49,9,-38
-47,9,-29
-63,14,-17
-65,21,-17
-52,34,-22
-56,40,-26
-72,41,-28
-63,42,-27
-61,49,-28
-58,52,-22
-43,48,-13
-41,47,-14
-49,47,-12
-45,49,-12
-35,54,-18
-37,56,-15
-44,53,-16
-42,51,-13
-39,54,-8
-44,57,-3
-33,51,0
-26,54,5
-31,56,-8
-57,55,-24
-37,53,-18
-48,56,-18
-69,54,-29
-50,52,-18
-52,49,-20
-41,46,8
-42,37,-2
-62,23,-1
-56,19,8
-61,15,11
-57,8,-4
-61,9,7
-66,8,7
-57,4,13
-56,5,11
-67,2,19
-56,4,28
-48,5,30
-39,7,31
-42,17,31
-41,14,27
-40,22,32
-48,23,30
-50,20,18
-59,18,13
-56,15,10
-40,16,16
-61,19,-4
-57,19,-3
-59,24,-14
-60,21,-23
-57,20,-27
-55,21,-32
-58,22,-33
-54,20,-45
-59,20,-46
-53,22,-45
-52,22,-45
-55,23,-47
-49,22,-45
-49,24,-46
-49,24,-44
-42,25,-45
-36,25,-44
-41,27,-44
-39,27,-42
-42,28,-46
-41,29,-46
-46,30,-42
-45,30,-48
-54,31,-40
-52,30,-38
-57,27,-35
-62,24,-36
-47,27,-22
-47,23,-18
-47,19,-19
-44,20,-16
-44,18,-17
-45,17,-27
-39,16,-26
-37,13,-33
-39,13,-39
-40,11,-47
-43,10,-49
-41,10,-56
-47,11,-55
-47,13,-49
-51,16,-51
-58,23,-51
-56,25,-51
-58,33,-42
-62,33,-46
-67,35,-45
-68,33,-47
-53,29,-31
-59,26,-31
-52,21,-20
-46,18,-13
-40,13,-4
-36,8,-7
-45,6,-21
-40,4,-24
-38,1,-31
-42,2,-42
-49,1,-50
-51,3,-55
-65,3,-55
-63,5,-45
-64,6,-43
-61,10,-51
-57,15,-34
-45,14,-33
-48,17,-56
-31,19,-43
-28,25,-38
-32,36,-33
-34,30,-44
-25,26,-43
-29,27,-42
-38,21,-59
-39,18,-53
-20,13,-60
-29,12,-75
-33,19,-52
-39,21,-42
-38,21,-35
-43,18,-50
-38,20,-58
-34,16,-51
-36,15,-37
-48,23,-47
-53,19,-54
-75,7,-69
-65,6,-62
-69,5,-59
-51,8,-49
-51,21,-1
-63,18,2
-59,17,-1
-53,24,15
-64,24,9
-67,24,10
-48,27,28
-47,25,29
-54,25,18
-47,26,17
-38,32,28
-16,29,49
-9,21,51
-29,17,36
-30,21,45
-10,31,63
-14,18,56
-22,20,57
-45,17,60
-56,17,59
-101,22,39
-99,19,46
-81,14,59
-63,16,54
-46,11,49
-29,15,56
-33,15,60
-37,10,47
-29,11,46
-34,18,44
-24,19,42
-33,17,34
-34,21,36
-33,29,35
-34,32,31
-35,37,34
-42,39,27
-41,35,18
-45,36,8
-57,34,-16
-60,30,-25
-64,19,-52
-64,12,-61
-49,2,-60
-44,3,-57
-64,16,-44
-50,13,-40
-47,11,-47
-33,11,-52
-34,15,-51
-38,13,-53
-28,15,-56
-33,12,-49
-35,15,-50
-30,15,-56
-25,15,-55
-34,20,-63
-34,16,-66
-34,13,-63
-32,12,-61
-25,12,-62
-31,12,-68
-37,19,-51
-35,17,-52
-45,17,-56
-42,19,-49
-41,14,-46
-49,14,-37
-46,15,-26
-51,15,-25
-56,15,-23
-58,14,-26
-60,14,-23
-63,15,-18
-56,13,-19
-59,13,-16
-58,14,-14
-56,11,-16
-63,12,-20
-61,12,-20
-61,11,-18
-59,10,-20
-61,10,-21
-60,8,-21
-58,7,-22
-59,7,-24
-61,7,-24
-58,7,-24
-59,9,-24
-62,10,-25
-59,10,-24
-61,12,-24
-61,12,-23
-61,12,-23
-60,10,-23
-58,10,-24
-59,10,-24
-59,10,-25
-59,10,-26
-59,12,-25
-59,13,-23
-59,14,-21
-54,12,-19
-54,12,-22
-52,11,-23
-48,11,-22
-55,9,-38
-60,11,-41
-74,17,-39
-72,17,-32
-68,16,-28
-69,18,-22
-73,18,-19
-68,15,-16
-46,16,3
-48,17,-1
-50,13,-14
-55,11,-18
-45,8,-11
-42,4,-15
-40,5,-24
-40,5,-28
-49,5,-40
-62,5,-47
-72,14,-44
-84,16,-48
-80,23,-44
-80,26,-42
-77,30,-36
-75,30,-26
-74,30,-28
-56,31,-8
-45,29,4
-43,22,21
-49,15,30
-46,4,35
-33,0,45
-29,-10,48
-27,-12,44
-17,-9,55
-28,-5,56
-24,-13,55
-32,-10,55
-29,1,66
-11,6,62
-21,12,57
-15,10,60
3,7,63
9,4,58
4,16,65
4,20,65
10,18,61
13,19,57
18,21,54
15,22,59
17,27,58
11,38,66
12,35,71
18,35,71
28,36,68
0,33,64
13,26,69
20,19,68
25,10,65
9,-1,56
12,-10,52
6,-21,45
12,-27,46
14,-37,43
-2,-34,30
-8,-32,37
-14,-30,41
-15,-27,36
-20,-25,44
-30,-17,51
-21,-13,54
-41,-7,51
-39,-2,55
-25,7,68
-27,12,66
-25,14,65
-18,22,66
-26,23,63
-22,27,68
-21,31,67
-27,34,60
-23,33,60
-22,25,61
-20,27,62
-26,24,58
-33,20,56
-33,12,54
-33,10,52
-52,12,42
-56,11,41
-44,13,51
-47,14,48
-43,11,43
-46,10,40
-46,10,48
-43,7,48
-45,7,43
-45,6,38
-46,6,53
-44,7,55
-38,6,49
-36,7,50
-38,8,55
-40,8,46
-42,7,44
-38,3,53
-30,4,55
-30,5,57
-34,6,56
-21,6,58
-23,7,55
-34,10,53
-32,11,55
-35,10,56
-32,8,55
-38,9,49
-45,11,50
-36,13,53
-38,16,50
-31,15,48
-31,15,48
-33,10,48
-39,9,42
-47,11,34
-47,7,28
-46,0,18
-50,3,12
-60,3,2
-60,3,-6
-68,4,-18
-68,4,-20
-69,6,-31
-74,10,-26
-82,13,-26
-116,17,-70
-91,15,-58
-39,9,7
-54,13,25
-43,-4,41
-31,-4,57
-39,-6,52
-36,-9,54
-43,-2,45
-39,0,38
-33,7,36
-33,11,42
-24,18,45
-26,23,45
-31,22,57
-15,22,64
-29,31,67
-33,26,56
-9,16,70
-33,23,56
-31,27,56
-26,31,62
-29,21,48
12,10,68
-52,30,70
-15,2,78
-19,0,84
-19,-2,73
-22,-5,63
-24,-4,55
-31,-6,50
-21,-9,48
-22,-11,44
-23,-12,39
-16,-10,44
-13,-8,50
-15,-6,52
-22,-1,48
-18,1,51
-37,11,50
-32,12,56
-19,14,67
-21,17,66
-19,20,67
-16,19,64
-25,21,57
-25,25,56
-24,31,59
-26,32,59
-28,26,61
-27,23,59
-24,25,60
-21,24,58
-27,27,53
-27,25,49
-33,23,51
-38,24,50
-37,25,53
-39,23,55
-39,22,59
-29,18,60
-28,17,58
-21,15,62
-2,9,62
-6,3,61
-11,5,55
-27,20,45
-40,23,47
-37,39,62
-39,48,65
-26,36,63
-24,28,67
4,0,51
11,-13,55
-1,0,62
-6,16,69
-28,36,52
-41,32,35
-50,25,21
-42,20,15
-52,15,-1
-54,12,-15
-54,15,-22
-54,15,-36
-46,20,-31
-46,16,-53
-58,16,-63
-46,14,-72
-50,15,-70
-40,10,-57
-39,8,-58
-39,15,-55
-42,18,-56
-56,18,-62
-54,16,-64
-43,16,-51
-51,14,-44
-44,12,-15
-47,12,-6
-70,19,-24
-73,24,-18
-69,19,-19
-64,16,-20
-58,15,8
-55,13,16
-52,12,20
-32,14,24
-32,25,36
-53,23,19
-50,15,7
-102,12,-19
-114,12,-8
-56,33,13
-54,24,33
-21,5,55
-13,5,48
-5,13,48
2,20,41
-46,16,36
-30,15,44
-103,13,-2
-115,14,9
-23,24,48
-53,31,70
-22,1,57
-18,3,58
21,18,49
-33,21,41
-35,20,50
-57,17,27
-106,10,11
-52,11,59
-2,25,53
-44,20,42
-31,20,41
-22,27,42
-26,19,33
-39,6,14
-44,6,2
-67,2,-23
-68,-1,-31
-68,11,-34
-68,16,-39
-71,30,-34
-62,22,-53
-77,28,-67
-66,30,-61
-68,31,-49
-69,32,-37
-67,25,-42
-54,28,-28
-42,29,1
-46,23,8
-52,12,21
-52,11,25
-61,6,31
-54,1,33
-33,-12,49
-42,-10,52
-37,-2,54
-40,-4,48
-38,-9,44
-42,2,44
-40,2,44
-25,8,46
-17,11,42
-30,21,49
-27,25,56
-10,25,54
-11,31,55
-28,38,85
-36,33,54
-16,25,57
-35,41,58
-52,37,71
-47,27,76
-30,17,71
-31,8,62
-35,-2,42
-32,-9,31
-20,-9,28
-18,-10,28
-11,-13,31
-14,-11,37
-22,-2,39
-25,0,43
-33,12,55
-23,15,65
-25,20,74
-19,21,74
-26,25,72
-32,26,67
-29,27,65
-26,33,63
-19,33,63
-22,25,60
-20,25,60
-20,25,59
-20,24,56
-23,26,56
-20,26,57
-24,26,55
-20,26,58
-21,22,51
-21,26,49
-20,24,50
-21,25,52
-23,25,51
-25,25,50
-26,25,54
-27,26,55
-29,25,55
-32,23,54
-32,22,55
-34,22,55
-29,20,57
-34,15,54
-35,16,55
-35,11,53
-39,9,51
-35,10,53
-35,11,53
-33,13,52
-32,13,51
-33,18,51
-34,19,52
-35,20,54
-36,21,54
-37,19,53
-37,18,53
-35,16,51
-35,16,52
-33,16,52
-34,16,53
-35,15,52
-36,13,52
-40,10,51
-37,9,52
-34,13,54
-36,13,51
-32,16,53
-31,21,53
-28,22,53
-29,30,53
-34,30,51
-31,32,54
-30,33,54
-23,30,51
-21,30,50
-26,28,46
-30,28,44
-34,26,42
-37,25,42
-38,26,45
-35,27,47
-39,28,53
-37,25,54
-39,24,53
-36,22,52
-35,19,51
-38,19,50
-35,20,51
-37,21,50
-35,22,50
-34,23,50
-35,23,51
-33,25,52
-34,21,52
-36,21,50
-35,20,50
-36,16,49
-35,16,50
-34,19,53
-32,20,53
-33,23,52
-32,24,52
-31,26,53
-30,26,54
-34,24,52
-34,23,53
-33,21,53
-32,19,51
-31,19,52
-30,19,52
-31,21,52
-31,21,53
-31,22,54
-29,22,54
-31,19,53
-32,18,52
-27,19,56
-27,19,58
-27,19,56
-26,20,55
-25,20,54
-25,22,53
-23,24,51
-25,26,45
-28,25,41
-40,28,26
-42,30,17
-50,28,-6
-51,31,-21
-61,26,-41
-66,24,-50
-68,21,-54
-71,18,-62
-67,18,-62
-67,18,-50
-62,17,-37
-55,17,-33
-32,16,-13
-33,18,2
-30,23,20
-13,21,43
10,21,78
-55,17,-33
-32,16,-13
-33,18,2
-30,23,20
-13,21,43
10,21,78
7,20,80
-20,20,60
-40,26,52
-63,38,45
-48,37,45
-38,32,51
-13,25,62
-11,17,66
9,0,53
11,-7,54
-15,5,61
-22,16,59
-43,33,54
-44,42,56
-27,35,66
-13,29,71
13,9,67
-2,2,49
-27,7,35
-35,11,32
-55,18,10
-58,21,6
-57,23,-8
-58,21,-14
-59,21,-27
-55,22,-34
-49,21,-50
-53,19,-55
-55,22,-51
-48,21,-46
-42,20,-43
-43,20,-44
-47,19,-50
-49,19,-51
-47,18,-54
-53,16,-62
-53,13,-64
-62,9,-56
-65,8,-54
-61,7,-41
-50,10,-26
-41,-4,-19
-46,-2,-10
-60,20,7
-63,22,24
-41,5,47
-34,4,56
-35,-2,32
-24,-7,26
-45,-6,28
-59,-3,25
-38,0,24
-75,13,11
-97,50,7
-97,52,7
-108,18,-4
-70,3,4
27,-34,35
10,-50,42
-38,-8,51
-45,0,40
-93,38,-19
-116,64,6
-97,29,16
-67,-8,18
-14,-24,27
11,-44,42
-27,-20,43
-62,9,2
-95,43,-19
-121,61,3
-111,32,14
-52,-13,21
-16,-22,26
-6,-29,31
-21,-11,29
-51,24,19
-62,34,9
-61,24,-12
-60,14,-22
-64,12,-30
-65,14,-30
-42,13,-51
-53,13,-70
-63,17,-72
-64,19,-55
-70,13,-43
-61,13,-44
-66,19,-40
-68,19,-41
-55,16,-36
-78,10,-25
-70,9,-24
-43,15,4
-56,14,8
-28,9,30
-26,16,59
-27,26,37
-27,10,23
-39,15,37
-27,20,36
-111,5,-17
-124,13,8
-40,15,37
-30,10,61
-20,1,55
-31,8,55
3,21,49
-51,13,33
-40,16,43
-46,17,37
-101,5,20
-46,-3,45
-26,28,69
-60,10,48
-20,3,47
15,19,52
8,26,59
-32,30,54
-26,24,51
-38,5,12
-40,-1,5
-83,0,-8
-74,-2,-8
-54,5,-7
-64,11,-7
-62,15,-11
-58,22,-12
-57,21,-41
-58,21,-64
-64,23,-73
-64,22,-64
-65,15,-61
-62,18,-52
-60,19,-43
-62,14,-53
-61,16,-44
-48,18,-32
-67,8,-42
-53,10,-27
-44,12,0
-58,11,-2
-45,9,7
-32,5,30
-14,-5,39
-31,-7,55
-37,5,55
-67,16,33
-69,31,29
-86,34,31
-76,17,29
-59,2,35
-47,-3,40
-30,-13,46
-36,-11,46
-41,-7,39
-33,-4,37
-68,17,28
-71,27,27
-71,31,32
-69,11,30
-49,-2,38
-44,-6,40
-26,-20,43
-38,-24,45
-35,-7,44
-52,8,34
-77,44,37
-80,38,37
-61,10,43
-55,0,41
-41,-7,47
-46,-18,37
-44,-16,31
-37,-8,38
-44,-8,44
-44,2,43
-43,4,42
-42,6,47
-40,5,43
-21,0,44
-15,-2,34
-49,-2,-1
-56,1,-3
-53,4,-32
-61,4,-42
-66,12,-34
-64,11,-40
-56,13,-43
-62,14,-44
-67,18,-38
-60,19,-35
-53,25,-42
-49,29,-46
-50,29,-39
-44,30,-37
-56,26,-56
-60,25,-62
-66,27,-56
-61,19,-55
-52,14,-56
-67,17,-47
-69,19,-35
-57,14,-32
-62,12,-35
-41,19,20
-36,25,44
-1,16,44
15,6,52
-24,-5,1
-32,-6,-7
-53,4,-6
-70,11,-18
-69,25,-6
-61,29,16
-44,33,35
-50,39,42
-57,41,55
-37,44,62
-34,67,50
-40,72,49
-8,60,62
0,70,75
-2,57,57
-26,48,41
-24,58,41
-57,45,39
-62,39,39
-43,40,44
-56,38,36
-63,30,11
-68,31,9
-47,20,13
-36,12,17
-77,8,1
-69,4,4
-58,-5,7
-62,-5,2
-72,1,4
-57,4,15
-46,6,25
-36,10,34
-41,18,44
-53,18,33
-56,26,26
-64,25,26
-65,20,26
-62,14,30
-57,14,31
-57,13,32
-59,12,29
-60,12,24
-65,10,26
-52,10,28
-45,10,29
-52,7,28
-53,4,31
-55,5,32
-57,6,33
-55,4,30
-56,3,28
-60,6,26
-54,4,27
-56,2,23
-59,4,20
-65,3,22
-61,3,23
-58,2,18
-60,-1,8
-63,1,6
-66,3,3
-67,1,-3
-65,1,0
-64,0,-2
-64,-1,3
-64,0,-1
-65,-2,-3
-63,-2,-3
-65,0,-10
-63,2,-4
-61,0,-6
-62,-1,-8
-57,-4,-13
-63,-5,-13
-63,-3,-15
-65,0,-17
-72,3,-18
-69,3,-13
-59,2,-3
-59,1,0
-59,1,2
-59,-2,-7
-56,-5,-11
-54,-2,-12
-46,-5,-26
-48,-4,-22
-55,4,-6
-66,7,-6
-70,10,-6
-65,12,1
-47,21,23
-45,25,26
-60,31,13
-65,37,4
-64,40,6
-69,44,-9
-70,43,-14
-65,41,-17
-62,34,-22
-52,32,-45
-70,25,-53
-40,21,-51
-29,24,-39
-70,21,-54
-51,26,-44
-18,26,-28
-26,31,-24
-57,39,-39
-56,23,-47
-59,29,-41
-57,19,-50
-63,13,-82
-55,11,-84
-32,15,-26
-62,27,-14
-62,23,-26
-43,23,-49
-45,32,-31
-47,42,-14
-36,32,-4
-57,34,-3
-53,40,8
-32,39,13
-21,40,30
-47,41,33
-34,36,38
-31,45,37
-37,42,36
-26,45,51
-28,56,42
-12,38,50
-6,52,61
0,43,62
12,43,50
4,49,71
19,57,67
-3,55,37
-9,38,20
-39,28,5
-51,34,14
-55,27,20
-57,29,16
-63,23,25
-75,29,30
-64,19,32
-61,12,33
-68,18,39
-65,-1,27
-57,-8,20
-56,-7,13
-45,-5,10
-30,-9,10
-52,-3,3
-36,-1,4
-35,14,26
-50,38,47
-37,46,56
-60,58,30
-38,66,99
-31,77,41
-70,34,-14
-31,64,48
-34,68,49
-55,38,26
-64,35,25
-10,16,62
-2,14,72
-35,20,55
-29,21,61
3,44,76
-5,49,66
-24,56,59
-32,72,66
-49,60,26
-109,56,40
-80,37,60
-47,14,61
-26,-3,51
-6,-25,47
9,-28,39
10,-24,6
10,-22,-7
32,-12,-19
57,-4,-20
-128,31,-65
-128,45,-128
127,66,-128
127,127,127
-109,-29,23
26,-23,72
-3,4,72
-13,23,76
-8,37,92
-18,25,92
-22,0,70
-23,-4,61
-13,-10,38
-9,-20,22
6,-27,10
21,-27,2
16,-14,-5
-77,14,-46
-128,43,-118
127,-65,-128
127,127,127
-106,24,87
-21,2,69
-55,29,33
-63,20,37
-55,21,45
-44,24,46
-47,25,42
-50,27,47
-60,25,40
-57,23,37
-51,19,32
-55,14,30
-56,6,31
-45,6,33
-68,17,23
-67,12,24
-52,18,35
-63,17,24
-36,15,37
-32,24,46
-25,28,52
-15,29,56
-8,36,53
-34,55,76
-51,59,98
5,44,69
-6,54,76
-44,49,50
-47,41,50
-54,21,30
-47,12,21
-16,-11,16
-39,-15,3
-32,-19,-3
8,-26,-12
-24,-33,-64
-4,-31,-62
-95,-6,-85
-128,-12,-86
-24,-19,-74
-29,-19,-43
-44,-16,-25
-50,-21,-35
-48,-18,-8
-63,-18,-4
-53,-7,-32
-46,7,-43
0,18,107
-8,5,81
-75,-23,34
-54,-33,78
-70,-36,20
-77,-41,-57
-60,-41,-46
-56,6,-24
-46,54,19
-37,-24,25
-75,-17,4
-69,-17,7
-62,-22,3
-78,4,-20
-81,4,4
-72,-15,31
-77,-21,26
-11,-32,50
-6,-26,82
-10,-15,54
-17,-6,41
-25,-13,61
-2,-17,61
8,-19,56
1,-23,50
-3,-14,57
-4,-13,57
3,-10,58
1,-9,57
8,-7,62
12,-8,59
12,-8,56
19,-6,57
22,-6,51
23,-11,57
22,1,61
19,-11,57
21,-8,58
25,-8,54
22,-7,54
26,-6,61
24,-4,60
25,-4,57
28,-3,57
23,-5,56
27,0,56
31,-3,53
30,0,55
24,-2,58
22,4,58
30,5,60
30,6,63
31,-4,60
10,1,52
30,12,57
29,9,56
33,11,58
34,10,56
30,11,57
26,11,58
25,9,60
28,8,52
28,11,57
28,13,53
32,10,53
20,15,62
19,13,63
37,4,72
30,2,71
8,-1,63
16,18,63
26,5,54
14,5,50
19,1,55
21,-3,59
15,-8,58
14,-6,57
13,-5,57
14,-4,56
21,-4,60
18,-5,60
14,-6,58
20,-6,60
16,-5,59
10,-9,59
14,-8,60
15,-6,57
15,-4,59
22,0,65
27,3,66
27,9,60
60,11,49
21,2,69
19,-5,71
2,61,51
28,-23,61
31,87,76
18,-62,43
23,11,59
28,-4,59
16,-6,50
23,-6,50
21,-2,55
27,-2,51
-14,-6,51
-60,-33,37
-53,-27,54
-12,-20,59
-29,-20,62
22,-8,77
26,-10,74
-4,-10,63
-19,-19,50
-18,-28,-12
-28,-18,-9
-67,-2,11
-86,4,8
-78,18,58
-73,8,42
-64,3,4
-72,-2,19
-83,-11,-16
-104,0,-56
-83,-9,18
-75,0,20
-65,-3,19
-55,3,29
-21,1,48
33,-4,75
72,4,80
26,12,63
-61,20,50
-72,22,57
-51,18,73
-34,15,49
-63,44,47
-80,26,44
-64,8,39
-52,-4,25
-56,-6,23
-54,-1,34
-53,0,43
-52,7,60
-45,11,56
-49,25,61
-44,27,63
-30,23,62
-32,23,63
-34,26,69
-27,25,66
-28,23,62
-29,21,60
-23,19,59
-21,18,57
-25,14,56
-28,8,55
-31,3,49
-33,3,43
-43,3,33
-43,6,33
-46,16,28
-62,26,21
-51,40,25
-50,44,24
-61,40,23
-58,27,22
-61,22,24
-65,16,27
-59,10,28
-66,12,32
-70,13,34
-48,9,32
-56,17,39
-67,25,49
-66,23,47
-74,19,48
-65,16,46
-55,9,39
-50,1,34
-54,-6,30
-52,-8,25
-45,-11,16
-48,-11,15
-42,-13,20
-41,-17,18
-48,-21,15
-47,-22,19
-51,-26,23
-52,-24,24
-53,-19,29
-54,-17,29
-53,-18,27
-54,-21,23
-58,-19,24
-56,-19,18
-57,-19,18
-57,-23,19
-58,-22,16
-59,-23,16
-60,-22,21
-56,-20,24
-55,-21,25
-59,-19,26
-61,-18,26
-62,-17,22
-64,-16,22
-60,-14,20
-60,-15,19
-60,-15,18
-60,-15,18
-62,-14,18
-61,-13,18
-60,-16,18
-61,-17,17
-56,-17,19
-58,-16,18
-61,-15,17
-60,-14,18
-62,-15,16
-60,-14,19
-58,-15,19
-56,-18,19
-54,-17,21
-57,-14,19
-57,-13,19
-60,-12,23
-61,-9,22
-57,-6,23
-60,-3,24
-61,-1,25
-57,0,26
-65,5,27
-64,6,28
-59,6,27
-62,7,27
-62,8,29
-61,7,29
-57,6,29
-63,4,31
-57,4,31
-60,5,29
-57,4,28
-58,5,30
-60,7,31
-60,6,30
-58,5,27
-61,9,26
-58,9,28
-58,9,28
-57,10,28
-60,14,26
-60,14,26
-58,13,22
-59,14,21
-55,15,23
-55,12,23
-62,8,17
-63,6,18
-58,2,18
-60,2,17
-63,1,20
-63,0,22
-61,-2,20
-61,-1,18
-62,-2,16
-61,-2,16
-62,-2,15
-63,-2,15
-65,-1,16
-65,-1,16
-66,0,19
-67,1,20
-69,2,18
-70,1,18
-71,2,15
-74,1,10
-74,-3,9
-67,-8,8
-64,-11,9
-66,-18,11
-70,-18,13
-62,-14,10
-44,-12,9
-72,7,5
-81,12,11
-57,16,26
-36,19,37
-42,11,38
-57,12,33
-57,23,33
-93,14,-8
-68,10,8
-63,13,23
-67,4,21
-64,1,25
-75,4,4
-57,5,21
-44,16,39
-49,18,36
-50,22,46
-35,18,52
-28,16,46
-52,17,37
-53,14,41
-45,10,48
-39,11,50
-44,9,41
-45,8,43
-49,13,43
-51,13,47
-49,7,40
-48,9,45
-49,21,55
-38,20,54
-48,11,50
-41,6,51
-35,0,32
-38,0,34
-37,-5,50
-32,-4,40
-41,-5,35
-56,-4,21
-72,-2,0
-68,-4,-6
-69,-1,-3
-66,4,2
-63,0,8
-61,2,0
-41,-6,-3
-52,-10,-14
-52,-14,-18
-80,-5,-43
-92,2,-36
-46,0,-5
-58,10,4
-86,1,-4
-65,-3,1
-57,12,11
-57,21,14
-66,30,7
-77,36,20
-72,23,6
-61,23,9
-55,26,11
-55,25,6
-56,25,-4
-65,20,-12
-69,18,-16
-69,21,-25
-55,16,-31
-58,17,-27
-55,17,-27
-57,14,-33
-54,14,-38
-48,15,-46
-55,15,-50
-60,8,-49
-48,13,-36
-41,26,-29
-69,29,-50
-60,13,-57
-55,17,-42
-57,17,-29
-59,18,-20
-45,20,-4
-37,23,12
-40,30,34
-37,26,36
-52,19,29
-56,16,31
-53,16,24
-51,15,19
-50,17,-3
-55,20,-10
-52,24,-30
-61,23,-35
-59,22,-40
-58,23,-41
-68,16,-46
-68,13,-52
-59,9,-52
-56,7,-38
-59,6,-41
-48,15,-30
-49,21,-9
-60,37,-5
-63,30,-18
-53,22,-36
-42,34,-17
-52,32,0
-68,28,-2
-51,31,12
-41,26,18
-49,30,22
-58,32,19
-29,32,32
-32,35,32
-31,37,40
-26,36,43
-39,38,39
-31,41,49
-15,27,47
-20,30,50
-8,41,63
-10,35,52
-15,42,60
0,40,52
9,33,53
-10,36,51
-1,40,64
11,20,59
2,18,48
13,24,47
-2,34,30
-86,43,-40
-118,42,-35
-70,26,11
-68,24,15
-71,26,4
-91,29,-1
-65,40,28
-47,29,31
-43,21,11
-51,17,6
-77,20,2
-64,14,-3
-69,7,-27
-70,11,-13
-66,19,11
-62,24,13
-76,36,27
-69,31,29
-38,21,34
-47,5,30
-27,-8,35
-22,-16,15
-19,-15,3
3,21,49
15,36,72
-2,22,52
1,34,77
-18,40,73
-23,39,73
-46,42,78
-29,35,86
-8,18,70
-15,23,68
-12,19,65
-7,17,60
-18,23,60
-24,22,63
-25,16,57
-13,17,55
-7,29,69
-10,29,65
-13,23,53
-8,27,62
-17,40,53
-13,48,60
-12,53,60
-13,65,37
-6,66,37
-21,73,58
-24,57,57
-32,32,20
-40,26,15
-53,13,1
-51,11,10
-41,8,38
-29,3,54
-40,6,59
-65,14,42
-66,12,18
-93,11,11
-81,2,5
-73,-2,7
-64,4,16
-62,7,17
-57,7,12
-55,7,12
-56,9,12
-55,10,13
-63,12,9
-66,13,12
-62,15,15
-62,15,15
-63,12,16
-62,11,18
-60,11,18
-64,12,18
-65,12,18
-61,12,17
-59,12,16
-60,13,14
-61,14,15
-61,17,18
-62,19,17
-63,21,17
-60,21,17
-60,19,16
-60,19,14
-59,18,15
-61,18,16
-63,18,14
-63,18,14
-63,19,15
-62,19,16
-61,21,16
-61,22,16
-60,23,14
-58,22,14
-56,21,14
-57,19,14
-57,16,16
-61,16,18
-62,17,18
-64,18,19
-63,19,19
-63,18,17
-60,18,16
-58,17,14
-58,15,13
-59,13,14
-61,13,14
-66,14,15
-67,15,15
-64,16,15
-62,14,15
-60,10,12
-60,9,11
-63,8,11
-65,9,9
-64,11,11
-64,11,12
-63,12,14
-62,11,16
-61,9,18
-58,7,18
-60,2,17
-63,2,15
-66,3,13
-69,8,13
-72,8,12
-69,9,11
-64,8,11
-61,8,13
-60,8,12
-61,7,10
-60,8,10
-58,7,11
-59,7,11
-62,8,10
-63,7,10
-63,8,10
-63,9,10
-64,8,11
-63,9,12
-64,8,14
-65,9,14
-67,12,17
-66,12,18
-64,13,19
-61,14,20
-59,11,21
-60,11,20
-62,12,21
-60,10,22
-62,7,20
-61,5,18
-54,2,17
-59,-2,15
-64,-1,12
-63,-1,14
-59,0,17
-69,3,24
-68,4,27
-61,5,30
-62,2,28
-66,-1,28
-59,-2,24
-55,0,19
-60,1,19
-64,5,10
-65,8,9
-66,13,1
-70,14,-6
-60,22,-2
-60,21,-1
-60,19,-7
-58,17,-8
-61,14,-14
-60,9,-19
-61,6,-30
-62,5,-33
-56,3,-33
-56,2,-34
-59,2,-38
-59,1,-30
-54,1,-26
-55,0,-22
-55,-1,-21
-55,0,-27
-58,5,-30
-58,9,-31
-56,6,-30
-58,3,-30
-66,5,-38
-65,9,-31
-59,13,-24
-45,16,-5
-56,15,-9
-57,14,-10
-57,12,-13
-50,3,-17
-59,2,-15
-50,0,-18
-51,-5,-26
-64,2,-33
-66,3,-32
-67,2,-32
-66,3,-30
-67,6,-23
-65,5,-20
-67,5,-22
-68,6,-21
-66,11,-15
-63,13,-27
-59,16,-28
-48,22,-10
-59,15,-21
-69,15,-45
-65,14,-43
-55,12,-36
-58,13,-28
-52,16,-21
-54,19,-19
-60,19,-35
-53,17,-27
-55,17,-24
-55,16,-31
-48,15,-36
-49,15,-36
-52,13,-42
-48,13,-41
-44,16,-39
-46,16,-37
-44,15,-36
-43,15,-33
-50,16,-32
-54,16,-35
-48,14,-40
-48,7,-38
-73,10,-46
-70,8,-48
-70,6,-44
-68,4,-35
-71,2,-32
-76,4,-39
-57,11,-9
-86,5,-8
-73,-7,-9
-51,-12,-8
-35,-10,-1
-15,-10,4
-1,-14,3
39,-24,9
55,-30,14
10,20,35
-72,40,48
-128,72,-18
-33,11,-102
-128,33,-95
-128,-5,-65
-75,-3,-1
-59,-4,6
-19,-25,6
-7,-27,7
-14,-19,6
13,-31,14
34,-5,32
-20,26,50
-77,41,81
-80,82,6
-37,41,-100
-128,35,1
-128,24,-8
-44,30,16
-47,24,-1
-37,28,20
-36,31,23
-59,34,3
-83,36,0
-68,28,7
-58,19,11
-65,21,16
-74,22,7
-73,17,10
-56,14,19
-65,14,25
-60,13,32
-54,16,29
-56,13,22
-45,14,26
-41,20,25
-30,29,44
-19,31,55
-22,36,60
-14,34,60
-12,38,56
16,43,57
16,47,74
12,47,64
6,44,74
-3,46,80
-27,42,56
-59,33,37
-54,29,34
-53,22,14
-45,18,4
-80,8,-29
-76,10,-26
-66,3,-38
-68,-12,-46
-37,-18,-23
-36,-30,-27
-17,-49,-41
-2,-46,-31
28,-47,-35
0,-44,-49
-32,-23,-13
-128,-28,-76
-56,-19,-54
-8,-28,-49
-25,-33,-16
-50,-18,-22
-49,-21,-5
-53,-21,-6
-69,-21,-3
-48,-46,44
-39,-21,35
-71,-18,-7
-45,-17,19
-56,1,14
-56,-9,31
-42,-26,72
-52,1,48
-42,-21,40
-44,-3,60
-42,-17,48
-39,-16,45
-47,0,35
-28,7,44
-3,11,76
-15,0,37
-72,-40,24
-123,-28,-10
-80,-39,-49
-58,-54,-28
-21,-16,4
-26,69,-19
-75,-28,-48
-65,-12,-22
-52,-23,-17
-57,-23,0
-41,-14,-18
-29,-10,-37
-36,-26,-31
-59,-26,-26
-57,-28,-21
-36,-21,-40
-53,-23,-42
-74,-23,-32
-66,-17,-37
-55,-27,-26
-48,-27,-30
-43,-23,-54
-34,-19,-53
-34,-20,-52
-70,-16,-35
-89,-14,-24
-45,-13,-23
-35,-20,-47
-55,-21,-17
-40,-14,-16
-60,-20,-38
-58,-16,-6
-41,-17,-10
-67,-19,-19
-73,-24,-29
-63,-24,-23
-68,-14,-14
-65,-12,-12
-72,-9,-19
-54,-13,-15
-56,-20,-16
-48,-19,-4
-56,-14,-6
-53,-14,-17
-65,-9,-1
-62,-7,7
-68,-11,5
-72,-11,-3
-66,-20,-5
-65,-25,-9
-73,-30,0
-63,-31,10
-59,-35,4
-55,-39,0
-16,-46,-7
6,-56,-38
-17,-44,-91
-36,-35,-78
-96,5,-37
-128,9,-75
-21,-26,-67
-19,-18,4
-34,-17,9
-52,-18,-7
-54,-15,14
-50,-18,17
-49,-15,18
-54,-4,30
-44,-4,30
-42,-9,58
-14,-2,88
-3,1,91
11,-2,79
-43,-11,34
-55,-11,12
-74,-17,44
-63,-22,39
-41,-24,36
-66,-24,33
-6,-21,33
-25,-26,2
-45,6,-4
-47,6,-41
-88,5,-34
-128,0,-43
-96,-17,-17
-65,-17,8
-34,-13,26
-54,-16,15
-52,-15,13
-66,-12,-16
-75,-11,-27
-63,-26,-61
-34,-28,-62
-46,-15,-21
-59,-12,-6
-62,-11,-1
-58,-12,-6
-73,-9,-19
-48,-10,-11
-79,-1,-16
-80,-5,-17
-66,-11,-17
-59,-12,-19
-75,-14,-39
-67,-17,-44
-40,-19,-36
-40,-16,-19
-50,-14,-18
-57,-15,-26
-65,-16,-38
-70,-12,-39
-80,-11,-28
-61,-7,-12
-45,-5,12
-67,-9,-11
-52,-11,-17
-79,-21,-41
-52,-18,-25
-15,-29,-17
-13,-30,-16
-52,-22,-35
-53,-18,-41
-67,-13,-46
-77,-14,-52
-61,-13,-30
-56,-14,-29
-51,-16,-21
-63,-16,-17
-64,-21,-9
-62,-20,-3
-51,-17,6
-54,-19,-1
-61,-23,-10
-62,-21,-3
-57,-23,0
-56,-25,-11
-39,-24,10
-61,-19,0
-66,-28,-10
-48,-31,-18
-62,-27,-20
-79,-27,-32
-75,-29,-32
-47,-29,-11
-47,-27,-5
-47,-25,-1
-55,-29,-7
-61,-28,-8
-55,-28,-1
-40,-28,19
-36,-29,34
-41,-31,50
-57,-30,42
-55,-34,24
-49,-46,-18
-57,-49,-25
-50,-45,-18
-15,-47,-6
-29,-40,-16
-77,-32,-36
-63,-32,-29
-68,-28,-17
-49,-27,5
-40,-42,-26
-58,-48,-37
-42,-42,-12
-31,-38,-3
-48,-39,-4
-47,-28,4
-48,-25,11
-94,-19,23
-124,-7,45
-54,-17,54
-38,-24,31
-23,-25,30
-35,-26,20
-54,-43,-5
-56,-42,-9
-1,-38,18
31,-34,43
27,-16,61
7,-14,57
-7,-8,70
-3,-3,73
11,-1,73
15,2,70
15,6,68
18,5,67
14,9,64
11,5,60
20,6,62
19,10,66
-11,21,48
-6,-23,49
38,18,73
22,16,70
17,7,70
-3,-10,55
-7,-10,51
-1,-6,59
-1,-7,61
1,2,70
1,6,70
13,9,71
19,12,70
8,25,53
-27,-4,21
56,30,78
47,22,74
2,12,48
-25,2,38
-15,5,55
-1,10,61
3,11,63
3,11,62
1,14,58
-2,12,54
-11,2,51
-24,-4,51
-36,-9,57
-31,-9,65
-33,-8,66
-30,-5,66
-25,-3,66
-25,4,61
-25,6,57
-27,14,53
-26,17,51
-19,25,54
-14,28,58
-7,31,55
-6,34,50
-7,40,40
-10,43,37
-11,53,36
-11,56,35
-11,61,30
-11,65,27
-9,72,22
-9,77,20
-11,84,21
-14,83,21
-20,77,22
-22,71,20
-32,66,19
-35,64,20
-32,52,26
-28,50,33
-22,51,36
-11,54,39
-8,61,42
-5,78,49
-6,76,46
-14,87,39
-13,87,36
-10,73,28
-8,66,24
-10,68,21
-10,70,21
-11,65,17
-13,63,17
-9,60,14
-6,55,11
-7,48,8
-9,48,8
-14,42,8
-16,42,9
-19,45,10
-19,48,11
-20,60,14
-24,67,17
-23,84,21
-17,95,26
-13,97,46
-12,88,54
-1,57,49
-1,48,36
-4,51,34
-8,58,31
-6,61,29
-6,54,22
-7,52,21
-11,49,23
-12,46,23
-15,44,25
-13,44,27
-15,42,31
-17,45,33
-20,48,34
-18,48,34
-18,51,34
-21,54,36
-16,55,32
-15,58,31
-13,62,29
-13,70,28
-8,85,38
-2,78,38
-4,58,35
-5,44,27
-4,43,23
-4,47,21
-11,59,24
-11,63,26
-10,59,24
-8,52,23
-10,51,23
-18,51,23
-22,51,22
-24,52,20
-23,55,23
-19,61,25
-15,60,25
-11,63,24
-13,65,23
-18,70,22
-20,73,21
-20,75,17
-19,75,16
-24,78,17
-30,78,16
-38,72,13
-40,68,10
-30,69,4
-26,73,0
-33,67,-11
-29,65,-9
-27,55,0
-30,48,1
-33,41,7
-39,37,0
-37,39,-5
-32,40,0
-31,32,-4
-40,35,-11
-33,34,-10
-45,31,-6
-38,31,8
-64,30,-9
-55,35,1
-44,44,3
-42,55,7
-67,86,-19
-63,95,-13
-29,66,4
-31,49,-2
-16,31,3
-25,32,-1
-21,47,-15
-42,66,-19
-48,63,-4
-40,51,1
-35,49,-4
-41,48,-15
-42,45,-23
-43,49,-23
-44,45,-18
-42,41,-23
-37,43,-9
-44,50,-11
-43,42,-7
-43,46,-7
-47,51,-9
-41,53,-3
-42,55,-3
-45,57,3
-47,59,3
-33,59,0
-43,60,-8
-32,57,8
-4,52,11
-35,59,-6
-27,57,2
-24,52,-17
-31,57,-21
-37,63,3
-29,62,8
-34,60,-1
-39,60,-2
-26,57,-2
-27,56,-7
-36,54,-7
-35,55,7
-25,54,19
-41,56,-4
-46,56,-8
-39,48,-10
-48,46,-5
-37,49,3
-51,48,2
-58,45,-15
-25,46,-9
3,66,27
12,67,47
-14,54,27
-45,60,7
5,52,36
0,58,46
-25,46,20
-16,49,30
-40,53,36
-30,46,28
-11,49,32
-16,45,34
-23,40,39
-26,37,35
-23,36,28
-16,39,17
6,71,10
-3,81,13
-30,71,35
-40,68,44
-40,68,38
-31,60,29
-32,55,23
-29,51,20
-26,50,21
-28,52,22
-30,54,23
-32,55,26
-32,53,26
-33,49,23
-34,48,23
-39,47,20
-40,48,19
-38,49,16
-39,52,15
-37,56,17
-37,59,20
-33,55,18
-36,55,16
-34,58,23
-35,60,24
-33,65,19
-28,68,19
-14,69,25
-17,64,27
-26,55,29
-27,53,37
-23,53,41
-13,50,40
-10,50,37
-8,44,30
-8,43,28
-11,46,27
-12,50,27
-12,57,26
-10,60,25
-6,64,24
-6,64,24
-5,59,22
-6,58,21
-5,56,21
-5,55,20
-5,58,19
-4,59,18
-6,64,21
-12,69,27
-18,72,32
-17,64,27
-19,59,24
-22,57,22
-29,50,23
-31,47,25
-37,49,28
-37,51,30
-33,51,30
-26,52,26
-26,51,26
-27,49,26
-27,47,25
-30,47,29
-30,48,31
-30,51,32
-30,53,32
-28,56,31
-28,56,29
-28,54,28
-28,53,28
-30,54,29
-30,55,29
-26,59,29
-23,60,29
-23,58,31
-25,55,31
-28,51,30
-28,49,32
-26,47,28
-25,48,27
-21,49,31
-19,49,32
-20,55,27
-23,59,28
-24,60,29
-24,58,31
-22,57,32
-19,54,30
-19,53,30
-18,51,29
-20,50,28
-21,51,26
-21,52,26
-21,54,27
-21,55,28
-19,56,30
-19,56,31
-20,56,32
-20,55,31
-20,54,32
-20,54,32
-19,54,30
-19,54,31
-19,55,32
-19,54,31
-18,53,30
-17,53,32
-19,55,36
-19,55,37
-17,57,38
-15,58,39
-13,58,40
-10,54,35
-8,52,35
-5,51,42
-4,49,46
-7,43,49
-8,41,47
-11,42,45
-12,41,41
-4,45,39
-3,51,42
-4,50,45
-4,48,43
-3,46,40
-2,45,43
-6,40,49
-12,36,47
-16,30,52
-15,28,53
-9,25,54
-11,26,56
-21,28,58
-22,28,59
-27,34,63
-30,38,65
-23,34,62
-20,26,48
-26,24,43
-32,14,43
-36,10,47
-34,10,55
-32,9,57
-44,13,56
-44,20,60
-33,24,61
-32,21,55
-33,16,45
-32,11,43
-29,7,46
-32,6,46
-28,2,50
-24,5,54
-31,4,54
-37,2,52
-35,3,57
-38,5,60
-61,6,59
-65,6,60
-42,1,62
-33,3,61
-29,6,55
-26,7,55
-20,8,56
-24,9,58
-20,11,60
-14,8,57
-15,7,56
-11,7,56
-7,7,58
-7,6,60
-6,6,60
-3,4,58
-1,3,59
-11,0,63
-15,4,66
-18,4,69
-19,5,69
-20,5,65
-19,4,62
-21,2,60
-20,2,61
-23,4,63
-24,6,64
-20,4,62
-17,6,60
-21,-1,56
-21,-2,58
-17,0,62
-21,0,61
-24,-1,62
-18,0,66
-20,-1,65
-16,-2,64
-17,-1,64
-17,-2,61
-18,-3,60
-15,-1,60
-14,1,62
-13,3,64
-13,4,63
-10,3,62
-10,1,62
-12,4,62
-11,3,61
-10,2,61
-9,3,62
-9,3,62
-10,1,62
-7,2,63
-6,2,64
-6,2,64
-6,3,64
-5,1,65
-6,0,64
-5,3,64
-6,3,64
-8,2,64
-6,1,63
-7,4,63
-8,2,62
-9,1,62
-9,8,63
-8,3,63
-5,2,65
-4,1,65
-11,3,60
-7,4,63
-7,7,66
-8,6,66
-8,7,62
-10,7,61
-22,1,64
-10,4,69
-5,0,63
-6,5,60
-5,4,63
-7,6,65
-7,8,70
-14,-3,65
-13,5,59
-5,14,61
-8,25,51
-7,-6,47
-16,19,53
-17,16,55
-20,12,54
-28,8,54
-31,7,54
-27,9,56
-25,11,57
-33,11,57
-35,12,58
-40,9,56
-43,8,57
-43,8,58
-41,8,57
-43,8,55
-44,9,55
-43,11,55
-42,12,54
-41,12,53
-41,13,52
-39,14,51
-40,14,50
-39,15,50
-39,15,48
-44,12,45
-48,10,44
-52,11,42
-49,10,42
-53,9,41
-62,7,36
-69,5,26
-87,4,12
-85,5,13
-70,13,13
-71,17,12
-66,19,16
-62,16,8
-50,20,8
-45,26,12
-30,61,44
-122,81,-17
43,-15,75
-13,23,39
-33,20,32
-53,19,52
-6,15,58
-37,24,40
-43,29,29
-55,33,22
-9,34,53
-13,38,52
-40,51,26
-41,63,24
-55,62,36
-80,60,17
-54,49,1
-22,60,7
-24,91,26
-60,58,19
-70,58,14
-50,57,12
-40,70,15
-39,53,-1
-32,59,-2
-32,68,-3
-34,63,-4
-26,59,3
-12,48,8
-31,50,14
-43,75,18
-53,100,26
-49,79,19
-13,62,16
-28,53,17
1,40,41
11,38,50
-10,6,18
-12,-3,10
-11,17,24
-29,29,19
-94,71,22
-91,43,11
-67,61,30
-83,49,-1
-84,61,-6
-80,80,12
-86,64,10
-71,46,10
-73,46,12
-56,47,12
-45,35,3
-22,40,17
-5,37,24
-47,36,7
-59,52,4
-70,63,15
-64,87,27
-28,59,19
-39,38,17
-14,27,46
-14,16,50
-17,0,26
-18,-4,14
-30,6,24
-31,14,40
-97,24,8
-98,19,9
-55,27,17
-94,46,-10
-116,108,17
-86,89,35
-86,34,8
-70,44,15
-64,45,13
-45,40,15
-26,36,21
-28,41,27
-33,52,32
-36,85,43
-33,96,37
-44,82,25
-33,73,16
-17,22,19
-4,32,31
-2,33,35
-12,29,31
-33,30,29
-41,29,24
-74,23,26
-58,20,23
-73,51,0
-103,74,-1
-71,85,-4
-27,104,6
-89,72,18
-76,70,21
-59,62,20
-32,56,28
-35,52,23
-8,41,22
-1,41,25
-20,40,37
-32,60,52
-42,104,49
-45,104,35
-42,67,10
-10,45,21
8,40,37
13,30,43
-6,21,38
-11,17,36
-33,18,28
-49,25,23
-48,18,24
-51,27,23
-79,59,5
-73,66,4
-107,107,14
-57,101,42
-105,60,16
-92,56,0
-55,48,16
-48,47,15
-30,45,22
-16,26,21
-19,30,23
-37,53,37
-32,69,36
-73,91,26
-70,83,25
-35,39,17
-35,26,18
-6,23,31
-5,19,34
-21,12,22
-25,7,26
-46,23,37
-64,17,18
-55,14,19
-47,16,26
-76,37,-10
-115,60,-7
-121,115,38
-93,78,29
-78,43,5
-64,46,23
-71,36,25
-57,35,26
-38,31,32
-32,27,29
-13,26,34
-30,58,51
-15,85,39
-68,91,15
-67,101,23
-15,54,12
2,45,25
3,46,39
-14,35,38
-28,25,28
-37,23,23
-47,23,25
-46,25,30
-59,29,13
-47,34,14
-61,72,1
-76,86,3
-68,82,-6
-54,96,37
-44,79,25
-86,97,29
-65,72,38
-61,66,27
-49,52,25
-45,46,23
-28,40,19
-25,41,17
-16,30,23
-36,61,38
-38,88,47
-48,82,27
-57,87,26
-18,47,18
-16,30,17
3,36,32
0,28,38
-15,16,25
-12,15,31
-35,23,25
-69,25,26
-59,31,11
-69,45,-7
-127,84,28
-97,76,21
-95,88,6
-86,72,13
-66,73,21
-75,66,12
-48,49,18
-40,41,12
-24,43,14
-9,38,25
-18,31,27
-35,47,32
-41,85,54
-45,84,33
-67,87,28
-18,48,18
-16,28,20
7,35,43
6,27,42
-12,15,28
-23,11,24
-41,24,32
-58,28,34
-77,39,10
-71,55,19
-102,67,22
-79,71,18
-49,91,6
-42,87,42
-91,80,1
-69,95,20
-53,65,38
-56,61,20
-27,47,16
-21,46,21
8,41,22
2,31,31
-36,59,54
-27,76,62
-37,84,39
-54,96,35
-15,59,22
-18,37,25
2,35,40
-12,29,39
-24,23,33
-40,17,22
-51,23,10
-43,23,24
-55,26,11
-66,34,3
-52,31,11
-71,50,-2
-78,63,0
-85,93,-8
-53,89,8
-37,69,-5
-36,67,-3
-47,66,7
-34,64,3
-35,66,13
-45,59,13
-37,51,-7
-46,60,-10
-48,57,3
-47,56,-7
-58,61,-1
-58,54,-5
-48,45,-2
-40,41,-7
-38,36,-2
-38,43,-3
-37,43,1
-38,44,13
-44,54,22
-67,84,44
-59,85,43
-40,52,7
-28,24,5
-2,25,36
2,17,38
-4,11,41
-25,16,27
-44,18,26
-57,24,21
-80,24,2
-52,29,9
-76,65,-22
-117,109,-30
-18,105,50
-41,96,22
-74,70,31
-60,61,25
-58,64,21
-53,53,23
-35,44,15
-7,44,17
-6,33,16
-29,68,33
-41,93,46
-17,82,39
-27,80,33
-4,43,3
-19,42,5
-10,46,32
-17,38,34
-23,34,30
-25,38,32
-58,41,20
-54,37,20
-46,51,23
-60,58,16
-43,56,24
-42,62,23
-36,62,27
-27,59,31
-27,57,18
-34,56,8
-17,60,15
-13,80,19
-51,88,8
-52,75,1
-15,86,9
-49,82,20
-48,85,19
-55,72,18
-48,67,18
-40,46,12
-32,46,13
-31,46,18
-12,45,27
-19,50,34
-33,61,42
-18,84,51
-21,80,41
-24,44,24
-39,25,22
-10,30,44
-1,25,38
-8,16,28
-18,15,21
-32,21,39
-72,33,21
-70,35,1
-73,61,1
-90,75,21
-83,56,-2
-50,90,3
-55,82,20
-68,86,30
-49,79,28
-37,63,21
-19,36,11
-12,43,16
-11,40,43
-20,50,57
-29,68,69
-17,62,71
-7,53,50
-34,37,26
-23,17,46
-18,15,55
-13,1,41
-19,2,38
-67,6,3
-74,5,4
-13,48,58
-14,54,37
-82,74,-19
-42,69,19
-34,57,23
-77,57,-14
-24,82,26
-11,79,28
-33,65,7
-13,68,20
-23,70,37
-42,83,52
-30,73,48
-41,44,27
-53,48,29
-41,53,41
-32,43,43
-26,27,35
-25,21,32
-35,21,33
-27,31,41
-31,46,47
-41,50,48
-34,60,39
-64,72,37
-61,58,12
-41,35,-13
-29,34,12
-24,29,15
-35,23,9
-28,23,18
-22,19,7
-43,27,15
-60,42,5
-49,34,16
-74,37,8
-77,42,7
-74,40,16
-66,49,23
-50,46,17
-61,81,8
-59,89,20
-53,68,16
-58,58,4
-41,66,19
-39,72,28
-53,58,12
-38,60,17
-31,59,17
-21,53,10
21,56,-15
16,65,2
-57,65,-11
-96,66,17
-41,35,39
-36,36,29
-56,46,19
-59,41,13
-41,32,24
-28,23,18
-43,33,27
-45,41,23
-62,81,14
-75,80,5
-51,67,7
-27,56,9
-20,49,16
3,33,34
3,28,31
-1,24,26
-23,34,28
-32,35,32
-49,50,48
-79,46,22
-91,38,27
-84,49,33
-76,54,23
-73,61,2
-53,67,-7
-24,102,31
-42,123,42
-87,63,-4
-65,73,4
-42,58,10
-42,54,7
-26,40,3
-16,44,5
-20,46,6
-23,46,8
-38,71,24
-42,88,34
-70,87,24
-19,52,1
-20,29,4
-6,40,27
-3,32,32
-7,20,21
-16,16,18
-34,22,19
-66,25,22
-62,32,11
-45,35,16
-114,55,-3
-121,73,-23
-55,83,27
-70,60,-1
-48,56,9
-46,58,9
-40,61,12
-40,67,11
-30,56,7
-26,57,5
-22,64,9
-28,66,13
-27,68,20
-23,62,23
-31,60,28
-31,60,31
-20,51,24
-19,56,30
-19,54,30
-18,57,27
-22,58,26
-19,80,10
-22,77,10
-18,82,5
-18,81,9
-30,72,14
-37,72,14
-41,63,14
-36,55,12
-46,45,22
-42,43,23
-20,30,32
-28,29,42
-31,52,58
-15,64,48
-61,87,29
-34,69,12
-56,62,-7
-33,39,-5
-12,47,21
-8,44,22
-32,43,2
-34,39,5
-35,43,8
-38,51,12
-36,57,15
-50,63,13
-56,65,8
-75,60,9
-53,57,24
-39,62,19
-41,66,13
-72,67,-6
-66,59,2
-16,51,19
-4,63,36
-36,60,16
-42,59,25
-25,54,16
-22,56,19
-25,62,13
-27,63,12
-20,63,20
-18,59,19
-23,63,21
-27,68,21
-21,74,36
-36,69,28
-33,75,30
-30,71,34
-27,64,34
-27,53,38
-27,49,40
-20,44,46
-13,45,49
-12,46,61
-13,53,72
-35,66,54
-62,75,47
-75,70,70
-72,64,65
-73,53,45
-73,43,41
-83,26,23
-90,17,7
-82,2,-29
-74,-11,-33
-49,-29,-31
-30,-32,-24
-18,-33,-8
-14,-32,-6
-9,-28,4
5,-25,14
3,-22,23
-8,-24,25
-13,-36,27
-16,-39,21
-13,-51,17
-20,-63,15
-16,-69,19
-10,-69,22
-10,-68,25
-3,-65,29
3,-64,26
-3,-59,25
-3,-57,27
-2,-53,26
-3,-51,26
-5,-47,27
-2,-46,34
7,-45,35
-6,-49,16
1,-51,15
28,-53,38
27,-55,29
28,-54,25
29,-42,30
30,-42,29
24,-37,24
22,-36,22
23,-36,30
21,-39,29
5,-42,34
-1,-44,35
-13,-43,38
-21,-42,45
-23,-42,44
-26,-38,47
-27,-37,48
-30,-35,47
-31,-32,53
-32,-24,58
-29,-22,63
-31,-15,70
-29,-12,74
-30,-6,74
-28,-3,74
-26,0,70
-27,1,70
-28,0,68
-27,2,66
-22,4,56
-22,5,55
-22,5,53
-23,5,53
-32,5,54
-37,5,54
-41,7,56
-41,7,55
-44,8,53
-45,9,51
-42,11,47
-40,15,44
-42,16,41
-45,18,39
-45,19,38
-49,19,38
-51,21,38
-50,25,40
-50,27,41
-46,29,42
-42,29,42
-40,28,42
-38,27,43
-40,26,41
-42,25,40
-47,25,38
-49,25,38
-51,25,38
-52,25,37
-52,28,37
-52,31,37
-52,33,36
-51,34,35
-51,36,33
-51,35,32
-48,32,30
-48,31,29
-50,29,29
-52,27,28
-52,26,29
-52,25,28
-51,25,28
-52,26,28
-52,27,29
-53,29,30
-53,29,31
-45,28,29
-46,29,30
-47,26,40
-44,25,45
-36,25,50
-40,28,54
-36,26,59
-31,25,57
-31,32,57
-29,35,54
-26,36,50
-25,35,48
-28,26,45
-33,22,43
-32,19,43
-32,18,43
-44,19,42
-46,21,42
-47,26,45
-48,29,48
-45,31,50
-40,33,48
-38,30,46
-37,25,40
-35,20,38
-57,10,40
-61,5,39
-48,7,44
-45,11,47
-37,16,39
-22,21,40
-18,33,43
-51,32,8
-68,35,-17
-52,26,-7
-44,32,16
-32,37,13
-49,49,-18
-78,72,-23
-61,68,16
-60,56,8
-52,60,-7
-26,58,7
-18,58,28
-34,64,37
-33,59,38
-34,48,36
-30,42,40
-36,48,39
-35,44,25
-24,44,16
-44,58,29
-28,53,37
-40,61,33
-56,57,25
-38,62,40
-35,45,36
-41,42,36
-51,50,29
-49,49,30
-44,44,33
-41,48,34
-32,46,26
-28,48,23
-20,48,21
-20,49,17
-31,53,18
-43,57,20
-50,75,28
-50,75,29
-41,50,14
-10,38,9
-12,40,42
-2,42,50
2,36,51
-7,33,49
-16,26,45
-16,15,39
-25,14,39
-75,36,39
-89,46,32
-46,40,31
-38,42,14
-56,60,-1
-28,74,13
-69,91,2
-38,73,13
-1,97,39
-48,89,27
-67,61,34
-65,58,12
-37,59,9
-35,65,22
-46,41,11
-43,34,0
-35,46,10
-36,44,5
-44,52,11
-39,48,14
-38,49,11
-46,49,18
-45,47,22
-50,53,36
-58,65,46
-55,43,33
-35,37,33
-38,17,31
-20,14,42
8,7,47
3,8,50
-12,13,40
-11,9,33
-46,29,31
-71,38,22
-58,43,7
-55,58,14
-67,74,-5
-55,80,4
-70,73,22
-69,48,12
-36,57,28
-22,66,30
-35,66,24
-42,72,21
-25,66,19
-30,72,12
-35,70,8
-47,60,11
-51,62,12
-38,51,11
-32,40,14
-41,33,10
-40,41,12
-35,41,25
-37,42,31
-56,53,48
-66,56,50
-36,38,51
-35,30,42
-33,11,40
-27,7,45
-18,-2,32
-15,-6,33
-20,3,43
-85,19,10
-63,19,11
-40,35,20
-57,66,8
-60,62,4
-49,43,-10
-53,55,-4
-38,85,22
-41,76,28
-47,77,52
-77,57,29
-56,40,27
-38,40,28
-48,37,27
-28,21,27
-24,12,28
-60,27,33
-47,25,37
-39,26,63
-31,27,79
-62,30,45
-104,29,12
-22,20,38
-19,13,36
-18,4,27
1,2,31
-9,5,44
-19,8,45
-37,13,38
-56,20,17
-69,44,-13
-70,77,13
-108,88,6
-79,70,4
-63,56,26
-76,54,25
-64,50,24
-44,37,34
-36,36,36
-34,33,35
-31,24,40
-49,34,45
-67,44,41
-64,35,19
-54,39,31
-47,31,26
-40,19,20
0,8,19
1,8,25
-23,14,26
-26,17,31
-39,16,19
-61,20,8
-63,51,3
-80,72,11
-106,88,19
-79,63,31
-84,41,37
-81,44,30
-61,27,22
-61,25,22
-46,25,25
-28,22,31
-23,22,43
-47,49,61
-73,61,45
-54,57,62
-2,36,54
-31,10,23
-4,6,26
3,3,44
-11,5,42
-31,14,40
-30,12,34
-53,24,20
-100,36,2
-82,58,35
-70,60,38
-85,46,5
-61,51,11
-58,58,10
-68,51,7
-74,52,19
-50,49,24
-47,42,27
-43,37,27
-33,35,32
-27,33,34
-36,40,34
-38,48,28
-48,56,20
-37,59,24
-39,58,16
-53,61,9
-34,60,12
-50,65,6
-53,64,9
-48,50,19
-49,48,19
-49,42,28
-43,36,31
-33,27,39
-31,28,40
-29,30,40
-36,35,30
-44,48,25
-44,45,18
-34,45,10
-25,38,15
-16,53,25
-20,52,25
-21,55,24
-22,59,15
-32,64,0
-33,64,-1
-31,66,1
-30,59,6
-25,60,13
-30,61,15
-35,61,13
-42,64,16
-65,74,9
-9,65,32
10,69,48
-10,64,33
-16,62,25
-16,56,28
-16,54,25
-8,55,19
-9,58,16
-11,60,19
-13,58,13
-8,56,6
-3,57,3
-2,59,0
3,57,2
1,64,5
1,63,7
7,65,11
6,66,9
5,67,7
5,59,2
6,66,1
12,72,1
5,75,1
30,68,8
27,72,8
13,73,4
17,65,2
13,73,2
15,72,8
12,74,4
15,69,0
19,64,2
22,66,1
20,69,-8
19,68,-8
27,63,-2
22,63,0
19,70,5
26,67,7
23,69,0
33,70,4
4,72,2
4,64,3
19,58,-4
21,60,-4
18,61,5
18,60,7
-6,58,-12
9,60,8
7,59,7
1,59,5
-2,59,3
10,55,-2
11,56,-3
3,63,6
0,65,6
5,62,9
1,63,9
4,59,5
7,59,5
2,64,12
4,64,10
-4,68,10
3,70,15
5,75,15
-10,77,8
1,72,15
3,68,14
3,69,9
6,62,13
-10,67,15
-5,64,16
-3,61,21
-5,62,18
0,62,19
-6,62,13
-3,62,13
1,61,15
-3,61,12
-3,61,20
-2,61,19
-3,62,18
-2,62,17
-4,61,16
-3,62,16
-4,63,16
4,63,16
19,64,8
0,69,18
-14,65,20
-5,65,23
3,61,18
-10,68,13
3,66,18
1,70,14
-1,67,13
-1,67,13
2,68,11
4,65,12
5,60,11
2,63,16
-4,56,21
-10,57,20
-6,57,21
-4,57,27
-24,59,14
-12,63,20
-1,63,17
-1,62,18
-5,64,13
1,65,11
3,65,12
5,65,8
8,67,7
10,68,8
0,63,5
7,70,9
9,71,8
8,66,7
13,64,9
8,68,9
4,67,13
3,65,14
3,63,12
0,61,15
1,61,16
0,57,15
-3,58,13
-2,59,14
-4,60,13
2,58,6
-10,65,4
6,64,10
10,62,8
8,64,6
13,67,9
10,64,10
11,64,9
13,64,12
11,63,8
11,62,9
11,63,7
10,64,6
16,61,6
12,62,3
6,63,6
11,65,11
12,64,13
6,65,13
6,64,12
2,63,10
1,61,11
2,60,12
8,60,15
10,60,16
6,61,12
7,60,11
7,61,11
7,64,12
7,65,10
2,68,9
3,69,9
4,75,11
4,75,11
3,75,14
5,77,17
5,75,12
4,79,15
-6,84,11
-6,83,8
7,90,1
10,86,-4
10,80,-6
6,82,-7
1,76,-6
0,74,-6
-8,70,1
-9,69,2
-5,64,-1
-2,68,0
0,66,0
0,64,-1
-1,58,-1
-2,61,-1
-3,61,-4
-2,61,-6
-2,59,-7
-3,54,-6
-4,54,-3
-8,47,0
-9,44,1
-13,44,4
-15,41,5
-15,43,7
-15,44,7
-16,51,6
-17,51,10
-15,56,20
-12,58,24
-15,60,27
-15,60,30
-16,57,34
-15,57,37
-21,60,33
-28,58,28
-46,53,25
-53,52,24
-59,60,21
-65,63,18
-70,71,8
-81,79,11
-61,67,14
-44,50,12
-44,45,9
-7,33,21
-11,26,14
17,27,50
4,24,63
-116,33,-13
-52,9,15
-36,28,65
-39,19,55
-27,18,46
-34,21,45
-35,27,57
-40,38,55
-47,41,49
-49,42,51
-50,37,44
-49,29,34
-30,24,38
-32,25,39
-24,35,43
-24,36,49
-28,31,47
-24,28,42
-25,28,45
-22,28,53
-22,27,53
-28,21,51
-26,20,55
-35,16,56
-34,15,59
-35,14,60
-40,11,54
-43,15,63
-48,16,59
-47,21,51
-44,23,49
-48,22,47
-51,21,46
-47,26,44
-42,26,40
-40,22,35
-45,18,29
-38,9,39
-41,10,37
-46,15,39
-50,15,42
-44,17,34
-53,21,24
-75,33,18
-50,28,30
-52,33,34
-54,42,40
-45,49,47
-45,45,44
-51,45,36
-51,37,32
-46,35,29
-44,30,25
-42,30,24
-43,28,22
-43,27,21
-43,23,20
-45,21,19
-48,18,17
-50,17,16
-55,15,19
-55,14,19
-61,13,23
-64,13,22
-67,13,21
-68,14,22
-73,21,25
-71,22,24
-69,24,22
-65,24,21
-73,31,18
-78,36,13
-59,32,11
-51,21,8
-53,18,6
-61,21,1
-62,23,1
-55,25,2
-50,22,5
-55,17,4
-58,17,2
-61,15,-1
-61,14,0
-60,17,9
-60,18,11
-61,15,10
-64,13,9
-73,13,7
-74,12,5
-66,15,7
-64,17,7
-68,23,0
-69,28,-2
-61,31,-5
-57,34,-2
-54,38,-5
-52,38,-10
-34,41,-2
-29,42,2
-45,61,20
-6,118,86
-42,126,80
-26,66,7
-6,63,36
-20,36,42
-4,29,44
-4,27,45
-14,23,39
-8,19,36
-20,22,21
-55,41,7
-37,55,27
-48,81,18
-69,77,10
-46,86,18
-36,91,18
-41,69,-20
-12,70,-10
-10,82,4
-13,82,5
-30,89,33
-54,78,23
-40,77,47
-45,66,37
-54,38,20
-47,35,14
-54,35,10
-35,39,10
-18,46,12
-21,45,11
-27,49,16
-47,75,33
-57,87,33
-55,77,17
-19,49,19
-23,25,35
8,13,37
11,-7,31
-8,0,35
-25,9,39
-35,15,35
-66,29,26
-100,43,7
-70,63,6
-59,67,9
-65,85,19
-56,82,37
-74,62,7
-67,77,18
-74,70,20
-70,54,5
-29,56,20
-22,34,12
-14,30,16
-8,42,25
-12,58,42
-39,82,41
-14,75,47
-43,96,32
-19,65,31
-25,40,26
-11,39,39
19,30,44
21,29,50
-16,25,49
-32,24,46
-71,36,23
-75,25,34
-14,30,32
-76,61,-5
-49,77,11
-26,79,24
-16,87,18
-10,101,33
-12,97,29
-21,98,29
-88,115,43
-87,83,12
-40,74,13
-12,44,12
5,32,7
7,12,20
-8,22,27
-33,79,64
-18,91,66
-32,64,22
-28,44,3
11,47,32
18,40,38
0,16,41
-11,7,39
-43,12,32
-57,24,27
-79,43,35
-53,47,55
-76,69,12
-61,70,2
-23,61,19
-14,53,21
-34,68,45
-41,61,25
-54,63,12
-42,64,14
-39,62,6
-49,63,6
-43,68,8
-16,66,17
-8,75,16
-17,72,9
-13,69,17
3,65,27
-1,61,25
0,61,36
-7,59,32
-38,65,22
-32,65,23
-48,55,15
-48,55,19
-38,46,22
-53,44,17
-58,48,24
-47,41,26
-40,20,29
-64,24,33
-29,31,28
-2,36,31
-48,53,15
-51,64,15
-61,71,15
-35,53,17
-11,23,30
-20,28,38
-11,11,27
-23,21,29
-23,31,41
-20,41,55
-54,31,21
-53,28,-13
-8,32,-3
-68,101,16
-60,76,23
-21,61,23
-33,62,25
-35,55,21
-32,64,22
-21,66,29
-22,67,15
-30,68,11
-15,61,18
-14,65,26
-8,65,17
-25,82,10
6,72,24
0,66,-5
-7,73,-4
11,76,19
-4,75,10
-28,73,4
-24,73,11
-48,66,2
-39,61,12
-33,52,23
-31,46,24
-27,45,26
-12,47,28
-13,45,30
-50,51,28
-64,60,21
-60,75,7
-73,81,8
-2,36,27
-6,39,21
-26,38,3
-23,32,-2
-19,30,1
-22,28,-1
-50,37,11
-54,35,8
-53,27,4
-63,33,0
-57,49,24
-67,53,30
-40,56,18
-48,67,8
-8,85,7
17,92,28
-49,79,10
-18,82,26
-69,92,31
-54,64,25
-60,69,27
-54,63,22
-46,59,15
-28,50,1
-8,40,7
-24,39,21
-27,38,12
-7,33,9
-15,34,22
-25,42,29
-23,31,26
-34,46,38
-37,38,44
-55,53,48
-64,64,37
-88,84,30
-81,98,36
-65,70,32
-43,58,23
-27,43,21
-24,36,26
-17,25,24
-20,18,19
-21,2,17
-16,7,27
-34,27,18
-47,37,24
-30,40,39
-65,34,33
-68,38,36
-51,26,38
-68,30,23
-86,38,43
-54,30,61
-66,33,44
-62,33,26
-48,32,42
-39,30,40
-56,43,4
-60,56,18
-50,38,36
-52,46,31
-49,41,31
-43,34,36
-48,34,38
-44,37,40
-34,36,34
-31,36,33
-25,42,29
-23,47,25
-44,44,17
-30,61,31
-46,74,34
-51,95,53
-39,84,45
-28,37,-11
-22,37,6
-27,40,24
-22,33,32
-5,43,32
-18,56,39
-28,55,31
-29,54,20
-49,48,9
-63,56,10
-71,51,6
-78,46,1
-63,33,2
-54,33,-4
-10,60,33
-46,68,14
-41,70,21
-18,76,31
-17,64,16
-21,63,17
-1,69,16
-6,106,34
-107,62,31
-60,100,65
-52,81,59
-13,33,26
-4,19,20
-8,27,26
-15,28,34
-31,19,44
-55,32,53
-34,31,57
-34,53,62
-26,24,17
-12,29,25
-11,29,49
-7,24,46
-18,16,42
-10,16,35
-35,23,18
-80,37,12
-74,47,55
-70,77,55
-97,96,6
-68,82,-9
-56,66,-24
-56,58,-24
-56,41,-18
-49,25,-1
-49,17,9
-50,4,13
-64,0,9
-73,-6,10
-70,-8,14
-69,-7,20
-81,-3,16
-76,7,14
-68,9,17
-74,17,10
-71,20,7
-59,25,7
-59,24,8
-50,19,8
-53,23,5
-47,29,11
-41,31,8
-46,42,10
-52,46,7
-34,50,13
-43,58,10
-47,55,10
-42,55,13
-36,53,14
-35,55,12
-4,66,26
-19,103,63
-49,46,11
-20,56,23
-27,62,27
-28,63,32
-32,64,19
-42,73,24
-47,68,24
-51,51,15
-50,53,24
-41,44,25
-41,39,27
-46,48,35
-36,47,31
-25,42,16
-22,46,13
-30,49,13
-29,49,25
-40,67,34
-47,75,19
-48,64,45
-8,48,17
-15,38,39
7,32,43
-4,23,44
-20,37,28
-67,20,25
-57,21,38
-76,52,15
-70,59,10
-58,54,17
-52,48,0
-54,47,-4
-36,55,12
-19,81,24
-35,88,25
-31,81,26
-47,99,34
-61,103,43
-81,61,7
-70,60,19
-22,49,32
-17,34,26
-21,29,26
-20,38,29
-24,39,41
-29,45,53
-26,69,78
-41,63,58
-56,48,31
-23,16,3
-14,19,34
-6,22,46
-3,14,34
-21,26,17
-22,26,14
-66,48,21
-78,57,23
-63,62,21
-85,71,10
-55,71,1
-60,88,-6
-26,84,2
8,81,18
-8,76,22
-27,82,32
-33,70,28
-27,70,26
-26,64,29
-24,57,25
-31,53,37
-33,48,35
-18,40,37
-21,44,35
-19,48,39
-23,52,41
-43,57,56
-38,59,61
-34,44,33
-34,38,23
-31,37,32
-32,33,29
-32,25,27
-42,37,31
-44,41,25
-51,69,44
-67,82,34
-53,44,29
-26,30,44
5,13,45
16,8,33
16,7,32
5,18,45
-7,23,46
-31,28,50
-64,34,44
-71,27,52
-77,23,38
-67,29,24
-52,67,8
-45,105,11
-63,89,32
-86,92,29
-45,83,20
-41,71,6
-51,62,6
-43,61,16
-30,51,22
-27,47,24
-38,39,23
-27,49,23
-23,52,28
-33,55,46
-37,64,59
-28,67,56
-51,51,27
-21,38,22
-32,24,19
-6,22,44
5,19,45
-9,9,39
-21,13,37
-16,15,44
-41,22,43
-82,33,16
-60,37,26
-90,81,8
-53,83,12
-26,122,-4
-76,96,4
-72,59,24
-58,89,26
-43,61,25
-55,70,22
-36,62,25
-41,55,19
-29,44,26
-38,29,19
-41,31,17
-32,34,30
-29,35,34
-32,34,50
-46,38,60
-32,46,47
-43,62,69
-42,33,26
-28,13,8
-15,32,58
-9,19,51
-4,-5,45
-11,7,45
-28,0,44
-62,9,29
-42,18,9
-36,43,20
-90,90,4
-78,78,5
-33,65,12
-42,67,12
-9,69,24
-2,86,33
-31,74,26
-28,70,27
-32,68,32
-48,75,22
-49,73,20
-70,57,21
-41,46,24
-12,36,32
-12,32,32
-23,37,40
-20,49,51
-26,61,74
-31,63,55
-16,62,57
-9,59,64
-27,29,38
-11,24,45
16,23,39
11,19,43
0,18,46
-8,13,42
-54,26,30
-73,31,16
-46,32,35
-44,42,15
-59,96,22
-35,102,34
-47,116,23
-38,86,28
-27,94,33
-49,64,33
-57,65,29
-43,55,24
-33,52,29
-30,46,37
-35,39,35
-28,35,35
-33,35,35
-34,41,40
-17,44,45
-19,27,54
-37,35,77
-50,31,39
-66,29,45
-2,18,39
-17,16,59
-6,1,50
3,-3,55
-15,3,49
-17,5,50
-29,22,44
-53,34,14
-77,46,-7
-47,51,7
-56,58,3
-58,60,-1
-17,60,21
-33,72,28
-52,64,19
-12,71,31
-2,78,47
-10,58,43
-30,58,35
-25,53,22
-20,54,20
-51,74,17
-30,85,26
-43,91,26
-45,74,38
-51,59,43
-44,49,35
-32,28,31
-42,23,29
-28,17,38
-18,18,43
-29,38,51
-33,47,66
-25,52,79
-37,47,68
-32,39,64
-11,27,59
-10,12,52
2,6,58
3,7,54
-12,6,48
-26,2,48
-65,14,44
-32,15,33
-102,62,11
-109,58,7
-38,43,35
-32,38,15
-21,46,13
-29,53,18
-54,55,25
-34,56,36
-16,59,47
-12,54,46
-9,44,45
-13,46,38
-32,52,21
-43,58,8
-55,88,9
-74,127,56
-78,78,29
-60,82,49
-15,38,41
-10,29,34
-8,17,32
-9,12,32
-16,22,53
-34,47,96
-38,54,85
-60,46,52
-36,30,35
-21,17,54
-15,5,49
-13,-13,40
-19,-9,36
-58,10,28
-82,22,17
-65,36,9
-25,50,44
-70,69,12
-73,56,3
-29,64,25
-46,71,31
-32,56,21
-26,66,20
-17,52,22
-18,52,28
-27,52,34
-33,49,29
-47,60,17
-41,63,18
6,67,51
-65,72,25
-59,47,19
-25,49,49
-27,35,34
-43,42,43
-46,38,40
-81,44,34
-77,43,33
-25,32,45
-42,35,34
-42,39,12
-28,40,23
-36,38,28
-36,31,29
-39,30,34
-50,20,41
-59,5,63
-67,6,53
-74,10,31
-54,11,32
-36,3,19
-25,-7,20
-25,-4,28
-30,3,23
-37,15,13
-42,30,10
-58,68,-2
-90,94,29
-66,74,55
-56,45,35
-58,39,30
-44,28,34
-54,25,36
-54,18,28
-50,9,27
-58,6,33
-69,-3,32
-58,-9,35
-50,2,40
-69,16,51
-64,14,36
-50,18,24
-42,22,31
-25,14,40
-28,13,38
-24,14,39
-25,15,42
-33,3,16
-38,2,14
-70,25,10
-71,30,14
-43,27,21
-40,31,10
-53,58,24
-52,66,39
-74,52,25
-46,61,8
-33,65,11
-58,54,20
-49,56,29
-46,57,14
-46,53,17
-46,55,28
-50,50,26
-46,40,31
-43,42,29
-53,30,31
-54,35,34
-43,46,32
-51,46,34
-44,47,30
-36,42,26
-48,41,24
-48,44,22
-38,39,14
-44,42,13
-49,48,17
-46,45,16
-52,44,15
-50,44,16
-52,41,13
-52,39,13
-52,41,26
-46,45,16
-52,44,15
-50,44,16
-52,41,13
-52,39,13
-52,41,26
-43,52,49
-54,51,44
-84,51,30
-55,33,20
-39,20,22
-48,12,20
-37,10,29
-36,18,27
-55,22,24
-53,19,13
-41,23,-1
-55,44,12
-57,51,20
-42,44,15
-27,50,22
-34,43,21
-36,44,24
-36,43,20
-54,40,10
-60,44,6
-67,39,4
-63,32,6
-50,35,8
-49,38,6
-43,44,-1
-40,50,2
-59,72,7
-49,73,9
-42,70,11
-37,62,11
-36,57,13
-35,56,15
-35,57,18
-35,53,22
-36,52,22
-34,53,25
-32,54,26
-27,52,27
-25,51,27
-24,52,27
-25,55,29
-24,57,32
-21,59,32
-13,63,28
-12,62,25
-11,64,20
-13,65,20
-27,63,29
-33,56,35
-25,42,30
-21,41,26
-24,47,22
-25,48,22
-23,52,25
-21,49,24
-24,50,24
-26,50,28
-27,49,29
-32,49,35
-35,46,35
-39,40,36
-43,40,36
-43,40,36
-37,42,36
-34,44,33
-36,44,30
-40,45,22
-48,51,18
-50,62,13
-42,61,14
-32,53,10
-31,52,7
-33,52,4
-33,50,3
-26,47,4
-23,49,5
-22,52,8
-22,53,8
-20,55,7
-23,58,11
-25,57,10
-19,56,7
-15,58,9
-10,63,10
-11,64,12
-10,55,14
-11,48,12
-17,45,13
-15,47,14
-16,48,18
-13,61,22
5,61,15
8,59,11
3,63,5
0,60,3
-9,59,8
-10,63,11
-8,74,13
-7,77,13
-8,72,14
-9,73,15
-13,71,14
-7,71,18
-9,70,10
-14,73,12
-11,72,8
-14,69,7
-13,68,15
-18,65,8
-18,66,9
-16,69,17
-16,69,14
-19,67,14
-20,68,15
-18,70,16
-24,70,15
-19,72,17
-19,74,15
-30,71,3
-24,72,3
-21,75,11
-23,74,5
-28,72,3
-30,72,6
-19,74,12
-18,72,11
-25,74,2
-21,80,3
-25,75,3
-27,76,-1
-27,81,1
-30,75,0
-36,72,-5
-31,75,1
-32,70,5
-33,61,-1
-18,55,-2
-12,46,-1
-26,45,-6
-19,48,4
-22,48,9
-27,45,6
-28,45,3
-31,45,1
-28,45,0
-34,51,3
-36,55,0
-34,50,-2
-39,49,-2
-38,48,-6
-40,49,-10
-41,45,-9
-40,42,-7
-42,44,-8
-43,45,-9
-43,45,-5
-43,45,-2
-42,44,-6
-44,44,-6
-46,39,-5
-46,38,-4
-47,38,-4
-46,37,-10
-46,40,-7
-48,41,-9
-46,41,-8
-45,41,-7
-49,41,-8
-44,44,-4
-46,46,-6
-46,45,-5
-41,47,-2
-41,47,-1
-44,48,-2
-45,48,0
-46,48,0
-40,49,4
-42,51,4
-43,54,3
-39,54,2
-45,51,2
-46,52,4
-41,50,7
-43,48,7
-37,43,8
-34,40,11
-38,36,7
-37,38,7
-36,37,6
-42,44,6
-44,44,2
-44,54,3
-46,56,-1
-44,57,5
-40,56,7
-43,56,3
-39,57,4
-34,67,1
-31,66,-4
-20,57,5
-18,51,3
-28,47,-4
-28,47,-2
-25,54,2
-25,59,3
-23,66,5
-22,69,3
-25,66,2
-19,64,6
-14,58,10
-11,54,5
-12,45,8
-14,49,9
-10,53,16
-12,50,16
-12,63,20
-13,57,20
-12,55,21
-7,54,22
-11,55,22
-12,57,21
-11,55,19
-8,62,17
-6,63,15
-10,66,12
-12,73,12
-18,79,6
-10,76,10
-6,68,15
-9,65,15
-12,68,15
-16,64,15
-13,64,14
-17,65,13
-12,70,11
-13,69,10
-8,68,11
-14,68,9
-14,71,9
-17,73,10
-12,68,10
-10,72,20
-9,69,3
-15,65,11
-15,66,11
-11,67,11
-14,64,13
-15,64,11
-16,66,10
-16,65,8
-15,63,7
-19,64,5
-19,65,7
-17,61,8
-20,61,8
-14,63,8
-15,61,8
-19,65,7
-19,63,9
-15,61,7
-14,63,9
-15,60,8
-12,63,7
-12,63,7
-19,64,6
-12,69,6
-7,67,10
-13,67,7
-15,64,12
-15,62,10
-18,61,10
-23,62,8
-23,56,8
-25,57,6
-27,55,5
-23,56,9
-29,61,5
-26,60,5
-15,63,8
-10,63,12
-13,64,6
-16,65,7
-15,64,7
-17,65,6
2,66,16
-13,60,10
-4,68,11
-13,65,9
0,66,13
-5,66,12
-12,68,13
-8,65,12
-14,64,13
-16,65,10
-14,61,11
-14,59,11
-19,60,10
-20,57,8
-17,58,11
-19,62,4
-23,62,6
-7,62,8
-3,64,12
-7,67,12
-7,65,13
-8,65,13
-7,64,12
11,73,25
1,65,17
3,68,17
0,66,16
7,69,17
3,67,16
0,66,16
-3,67,13
-3,65,15
-1,61,14
-2,60,12
-1,61,12
-5,62,12
-5,59,11
-10,59,8
-11,58,8
-10,58,10
-16,61,9
-14,63,12
-14,62,13
-6,63,16
3,64,20
-1,64,18
4,65,23
3,64,22
-1,63,17
0,63,17
3,65,19
-5,70,19
0,62,14
-3,71,14
-1,70,15
3,74,13
-2,77,10
-2,73,11
-4,77,12
1,84,13
6,77,10
1,81,12
-7,78,11
-11,80,11
-16,83,10
-28,82,11
-28,79,13
-30,70,10
-34,65,8
-33,61,7
-34,57,5
-36,51,2
-33,49,4
-38,46,3
-40,47,2
-29,39,5
-30,37,3
-36,37,4
-35,36,3
-34,33,0
-32,35,-1
-25,32,-1
-27,35,-3
-40,43,-4
-39,45,-3
-33,45,-3
-29,44,-4
-33,50,-5
-32,54,-7
-42,56,-4
-35,56,2
-45,57,-3
-43,61,1
-44,63,-1
-36,60,-5
-38,60,-4
-38,60,2
-35,60,4
-31,58,5
-27,52,6
-26,49,6
-26,50,5
-28,46,4
-28,46,6
-39,37,-1
-58,20,-12
-70,10,2
-58,19,8
-57,43,13
-51,50,17
-47,46,20
-48,50,21
-48,52,20
-47,50,17
-52,51,13
-46,48,12
-51,45,8
-51,42,8
-53,40,3
-57,37,4
-54,34,7
-57,33,1
-60,34,2
-50,33,3
-49,33,4
-48,33,5
-52,34,2
-51,35,4
-48,35,4
-49,35,-4
-54,39,-4
-48,42,6
-48,43,2
-55,53,-1
-53,54,4
-42,56,7
-41,57,4
-36,62,6
-37,66,7
-36,61,8
-30,50,8
-25,43,1
-27,48,0
-33,57,1
-26,46,2
-24,43,2
-23,47,6
-26,51,2
-28,56,1
-28,58,4
-25,56,4
-26,55,2
-21,50,-1
-18,47,2
-13,47,1
-19,48,-2
-20,63,3
-14,59,0
-18,51,1
-18,53,2
-16,66,0
-19,68,-3
-19,65,0
-22,68,2
-26,74,-5
-23,77,-1
-21,74,1
-25,75,-4
-26,71,-2
-24,68,2
-29,66,-2
-29,67,-6
-33,68,-4
-23,71,1
-33,70,-5
-32,69,-2
-34,69,-1
-29,67,4
-32,69,4
-37,70,-2
-35,72,3
-30,78,7
-28,78,5
-30,82,-1
-23,84,1
-15,88,-5
-20,93,-5
-4,84,10
-5,86,10
-13,85,7
-4,82,8
1,76,1
-13,76,-6
-23,68,-9
-21,72,-7
-24,68,9
-25,73,9
-14,59,-6
-15,58,-3
-17,48,4
-24,44,8
-26,40,6
-34,37,2
-37,38,2
-38,42,2
-40,43,0
-46,47,2
-48,48,1
-50,50,0
-45,50,2
-40,46,-6
-40,43,-11
-46,43,-9
-45,41,-10
-46,42,-18
-44,40,-20
-50,38,-28
-64,39,-32
-65,37,-28
-59,33,-24
-68,26,-19
-69,25,-15
-67,22,-13
-64,20,-12
-59,27,-4
-56,30,-1
-50,33,7
-27,27,7
-28,29,11
-21,44,24
-20,49,20
-19,53,8
-4,58,12
-54,84,26
-86,74,12
-101,58,-8
-95,63,14
-25,53,33
-33,43,24
-45,29,35
-54,30,39
-59,47,28
-57,57,30
-5,37,63
-30,36,45
7,16,41
26,22,64
-22,21,43
-16,15,36
-44,8,-15
-38,26,6
-47,54,25
-48,43,22
-67,55,39
-79,46,19
-61,39,10
-57,58,-3
-49,74,11
-58,74,23
-75,70,6
-86,98,17
-62,78,-7
-34,63,-14
-48,60,-19
-57,50,-22
-43,49,-9
-18,40,9
-17,38,8
-26,49,15
-39,58,22
-52,104,43
-50,90,43
-44,62,25
-20,58,33
-33,49,37
-25,38,32
13,31,56
3,22,43
-10,21,48
-8,20,48
-36,25,34
-56,25,18
-59,34,36
-40,45,21
-14,41,-1
-101,100,-19
-68,97,14
-22,93,24
-23,90,19
-37,91,4
-28,92,3
-38,77,-4
-55,71,-11
-64,63,-6
-69,52,-11
-52,51,-5
-23,47,10
-34,35,5
-48,44,6
-34,45,2
-32,45,2
-49,53,-2
-53,53,1
-53,69,10
-85,81,-5
-72,73,6
-41,64,6
-47,36,-16
-21,32,14
-19,18,18
-27,3,19
-37,5,10
-46,12,1
-48,16,9
-50,28,3
-49,25,-4
-75,37,4
-61,26,6
-61,34,4
-74,44,-15
-52,54,-4
-42,77,11
-81,81,3
-55,66,9
-23,72,1
-10,68,3
-16,79,3
-45,77,-14
-66,66,-8
-35,67,27
-11,60,34
-17,60,25
-30,67,12
-28,66,14
-19,67,14
-23,58,9
-28,57,12
-33,61,23
-28,62,25
-37,52,17
-34,49,22
-26,49,15
-24,45,4
-29,55,5
-18,57,10
-42,87,35
-45,88,38
-52,74,22
-31,63,8
-24,42,19
-9,35,27
13,18,29
7,17,37
-25,19,41
-40,17,50
-34,27,47
-35,24,37
-66,26,21
-89,32,33
-72,26,48
-22,29,51
-68,70,2
-51,59,11
-30,71,16
-42,75,9
-40,74,4
-38,72,2
-28,73,6
-52,61,4
-46,47,1
-72,57,7
-58,57,2
-35,60,14
-29,54,16
-48,55,12
-42,61,20
-28,50,18
-30,47,9
-40,59,-2
-32,72,8
-34,61,9
-37,57,0
-50,62,-4
-47,58,5
-44,45,13
-39,45,17
-40,48,34
-48,54,38
-58,62,13
-66,59,12
-28,44,6
-33,43,17
-40,42,24
-34,28,14
-22,34,20
-19,34,31
-23,33,25
-32,42,19
-27,39,21
-88,37,2
-81,28,-2
-69,45,5
-81,58,11
-58,49,0
-57,51,-3
-44,54,0
-40,60,10
-47,75,11
-45,69,2
-35,74,9
-37,70,12
-84,80,20
-75,62,11
-54,48,16
-54,44,20
-44,32,22
-19,28,28
-34,36,31
-35,35,45
-30,27,48
-38,56,68
-47,59,57
-55,62,44
-32,47,38
-34,16,18
-6,29,45
-11,16,47
-18,15,42
-28,19,26
-29,19,24
-55,26,7
-81,34,2
-67,40,-1
-55,45,1
-73,70,-5
-53,71,8
-52,64,15
-54,61,9
-43,61,18
-42,64,23
-28,59,24
-20,54,24
-18,51,26
-25,54,20
-25,58,18
-38,66,11
-27,67,16
-28,67,16
-33,66,11
-21,70,40
-25,55,22
-22,54,23
-18,61,24
-26,50,18
-21,54,26
-25,58,25
-29,59,29
-24,62,41
-25,60,41
-25,65,42
-23,59,38
-34,54,35
-33,56,38
-32,46,26
-31,43,27
-36,41,24
-32,43,26
-24,44,19
-20,48,20
-36,77,32
-39,78,20
-54,72,17
-15,61,35
-30,36,28
6,36,48
11,28,47
4,14,33
-13,16,32
-27,20,33
-59,34,40
-63,57,19
-57,60,14
-54,62,6
-47,65,8
-54,60,-9
-45,73,-1
-20,86,25
-35,83,13
-34,76,27
-36,69,22
-25,66,14
-27,59,15
-38,55,20
-39,48,14
-27,51,16
-33,52,16
-33,51,10
-35,54,14
-37,53,13
-34,51,17
-34,43,15
-35,48,22
-36,46,24
-35,47,24
-38,49,21
-40,57,27
-39,55,26
-43,55,24
-40,57,24
-40,49,20
-37,42,18
-39,41,17
-46,46,18
-38,40,17
-43,41,14
-48,44,14
-33,45,19
-46,48,18
-50,56,21
-51,70,25
-73,74,17
-18,48,14
-24,41,13
-35,36,26
-24,33,20
-24,32,15
-30,31,17
-27,32,16
-35,30,15
-33,26,14
-85,36,-3
-72,47,12
-57,56,33
-68,47,14
-64,93,69
-61,64,34
-51,54,14
-55,53,18
-55,49,34
-49,45,31
-43,45,30
-41,42,24
-29,40,16
-31,42,15
-31,61,25
-37,78,31
-43,67,22
-52,55,4
-16,45,35
-16,37,38
7,23,29
3,21,49
-15,25,40
-23,13,24
-27,17,33
-79,49,20
-66,56,12
-70,85,7
-53,84,17
-51,87,8
-41,88,29
-66,81,28
-75,57,13
-48,52,22
-31,58,24
-16,46,25
-3,42,33
-14,61,57
-17,74,73
-16,65,56
2,62,59
-35,43,41
-24,20,34
12,9,44
6,8,51
-14,7,49
-17,7,33
-36,19,19
-74,46,6
-36,64,32
-84,92,-22
-101,88,-11
-13,82,29
-13,88,37
-62,69,4
-54,76,1
-40,80,24
-53,80,26
-49,50,21
-36,42,20
-34,36,15
-33,36,18
-11,41,35
-9,44,46
-34,65,73
-40,59,57
-11,43,69
-8,43,50
-22,28,45
-12,17,44
-13,17,48
-24,17,39
-63,29,31
-64,32,0
-64,54,8
-41,54,21
-59,58,12
-42,54,15
-41,53,11
-46,58,21
-26,45,24
-31,55,33
-33,59,23
1,41,31
-2,40,30
-19,54,23
-18,56,26
-16,72,35
-29,82,23
-75,86,23
-71,83,21
-54,77,27
-38,72,34
-35,47,41
-21,35,39
-2,20,60
-19,16,73
-40,45,87
-45,55,65
-63,42,38
-34,24,34
-16,20,40
-2,-8,11
-9,-15,7
-10,8,30
-14,15,21
-55,36,-21
-95,77,-25
-103,109,4
-71,112,83
-74,25,-1
-59,17,4
-52,33,9
-52,41,29
-42,21,51
-41,11,50
-21,36,63
-42,49,51
-82,65,21
-56,48,30
-27,25,26
-28,22,30
-28,23,27
-21,24,30
-11,17,15
-12,10,15
-26,22,34
-113,40,10
-91,22,-10
-128,73,7
-128,70,20
-65,30,52
-55,31,37
-34,33,21
-33,41,24
-32,60,38
-42,63,31
-53,72,39
-38,53,36
-37,25,41
-36,23,37
-24,22,40
-31,21,43
-35,16,20
-38,15,23
-40,16,32
-49,14,30
-59,9,40
-57,7,39
-59,4,31
-70,7,33
-77,17,29
-74,16,23
-68,13,13
-62,13,19
-59,12,25
-59,2,21
-50,0,26
-49,0,26
-42,-2,31
-37,-1,41
-41,0,38
-34,4,40
-35,9,50
-48,18,39
-46,22,32
-53,36,38
-43,44,41
-40,43,26
-46,48,31
-42,49,40
-41,49,33
-43,49,20
-47,51,20
-46,55,16
-34,53,12
2,69,35
-12,64,38
-16,47,31
-22,50,28
-26,57,22
-38,71,12
-49,78,14
-37,84,19
-52,79,19
-30,76,44
-7,56,39
-8,45,37
-12,45,49
-30,46,54
-41,55,65
-45,66,48
-48,62,46
-8,47,22
3,40,36
-4,23,41
-1,12,44
-30,6,37
-40,9,40
-73,12,13
-66,16,7
-41,53,5
-56,77,15
-75,66,6
-55,66,13
-25,70,20
-27,77,26
-32,69,23
-48,68,28
-51,62,18
-53,60,10
-56,62,18
-70,41,28
-52,30,36
-25,18,39
-27,16,34
-37,29,44
-45,36,51
-62,63,46
-60,75,36
-43,63,15
-31,44,17
-55,24,22
-25,13,22
-15,10,16
-19,13,19
-26,9,28
-26,10,29
-60,22,11
-81,28,3
-62,28,19
-73,40,30
-66,37,42
-55,34,35
-97,63,-5
-35,70,18
-18,70,12
-21,83,12
-22,73,4
-40,68,1
-34,63,1
-29,63,26
-40,55,15
-37,49,8
-29,64,21
-42,70,14
-37,66,21
-41,63,20
-46,63,14
-35,58,22
-34,52,15
-28,38,4
-33,45,10
-24,57,12
-24,54,6
-36,67,17
-49,86,26
-47,84,38
-85,62,19
-44,38,16
-33,36,21
-20,14,27
-5,18,24
-6,26,22
-32,32,18
-41,37,15
-47,44,6
-50,42,-3
-56,38,10
-60,47,29
-40,41,35
-44,42,30
-63,47,20
-70,51,21
-76,63,34
-61,64,31
-50,63,9
-22,62,9
11,80,29
-25,79,14
-29,76,8
-28,75,4
-18,68,2
-21,68,5
-29,59,13
-35,56,11
-31,55,14
-28,57,21
-35,57,34
-64,41,-2
-53,45,21
-46,50,33
-48,47,25
-47,48,16
-36,52,33
-33,55,10
-36,51,11
-39,37,18
-33,30,19
-53,42,23
-49,51,24
-53,47,30
-56,54,38
-46,87,33
-80,63,9
-20,36,19
2,31,31
19,21,29
15,23,33
-13,33,45
-24,39,48
-47,30,34
-75,26,24
-69,36,49
-111,41,52
-56,37,66
-70,27,30
-70,49,34
-34,36,47
-25,37,41
-23,48,39
-37,68,48
-22,72,50
-46,85,33
-51,57,-1
-28,54,15
-11,38,30
2,29,28
0,13,33
-11,6,30
-36,11,37
-26,17,48
-76,20,48
-71,21,31
-50,33,33
-70,40,24
-79,67,14
-82,82,25
-71,59,52
-91,47,43
-54,35,37
-36,38,32
-2,20,38
-28,36,55
-44,54,63
-40,74,53
-57,66,36
-7,29,27
-13,27,41
-2,30,42
1,31,40
-8,33,37
-21,36,33
-30,35,31
-44,37,30
-70,39,29
-54,37,26
-21,43,26
-63,59,15
-33,47,32
-34,50,24
-52,48,16
-41,43,21
-25,57,21
-32,58,19
-35,80,25
-16,82,36
-21,66,17
-35,63,9
-54,78,14
-92,84,16
-88,81,26
-41,47,12
-29,42,17
4,35,30
7,33,40
-43,71,74
-39,78,83
-32,53,66
-13,46,70
-39,21,28
-13,32,60
-7,14,50
-9,4,40
-31,8,26
-50,19,37
-82,28,28
-71,28,25
-67,43,-2
-62,59,7
-47,60,6
-88,63,-13
-30,52,12
-16,55,23
-18,45,39
-48,49,39
-28,53,27
-37,43,35
-40,43,34
-34,47,32
-32,48,36
-17,51,27
-15,55,17
-38,61,22
-30,62,26
-17,72,44
-24,72,40
-45,57,35
-41,55,43
-28,48,29
-54,33,14
-45,40,27
-33,43,23
-35,45,24
-51,49,14
-31,50,27
-33,44,13
-58,50,14
-51,41,11
-41,45,17
-44,43,20
-46,34,23
-45,33,27
-47,46,46
-60,60,48
-42,50,33
-35,47,35
-30,33,24
15,24,28
20,17,28
-4,17,30
-4,20,28
-26,27,28
-54,42,33
-94,61,-44
-90,117,1
-109,58,-26
-71,41,-28
-52,45,28
-77,43,24
-56,39,29
-29,37,41
-37,34,55
-42,54,66
-34,78,28
-42,91,31
-20,52,3
-40,45,-2
-18,36,27
-6,26,21
-7,23,18
-21,23,8
-20,28,18
-61,58,22
-78,52,30
-102,46,19
-86,50,13
-65,74,46
-90,75,50
-81,44,4
-75,48,12
-64,51,16
-57,59,15
-47,53,10
-39,53,10
-19,45,-3
-25,52,5
-25,68,21
-34,75,22
-32,95,46
-36,88,21
-45,64,25
-13,42,20
-14,26,34
2,17,34
7,18,56
-7,11,54
-19,15,47
-53,21,22
-63,27,12
-114,63,-15
-77,79,30
-65,45,1
-61,60,24
-81,59,35
-72,57,26
-49,49,25
-37,38,17
-18,40,27
-25,43,44
-29,59,53
-35,44,35
-23,53,58
-35,38,41
-53,16,35
-32,28,56
-26,24,63
-21,21,60
-38,7,21
-47,6,7
-58,22,-5
-53,28,4
-67,72,28
-102,81,-3
-75,68,-14
-65,56,-16
-56,48,-17
-36,40,9
-33,32,9
-38,23,11
-36,22,15
-43,17,18
-50,17,13
-57,23,11
-57,26,10
-82,35,5
-82,36,6
-70,31,8
-66,33,8
-59,32,6
-54,33,5
-48,39,5
-48,43,6
-48,49,6
-46,49,6
-48,54,7
-47,55,7
-44,52,8
-43,50,6
-42,43,0
-45,41,1
-54,36,-3
-55,37,2
-58,37,3
-60,39,6
-57,38,6
-51,33,6
-51,30,6
-58,24,4
-58,22,5
-55,19,6
-56,19,6
-60,21,8
-62,24,8
-60,26,3
-64,29,4
-60,40,6
-57,43,6
-51,48,8
-51,46,5
-45,49,17
-34,56,45
-58,47,15
-60,46,8
-54,41,27
-59,37,32
-55,30,23
-56,28,25
-50,31,25
-47,31,25
-47,35,24
-36,40,19
-30,42,17
-42,64,25
-41,77,28
-34,78,35
-50,87,30
-65,76,23
-47,67,32
-17,44,37
-10,39,36
-12,23,21
-6,25,27
-9,27,32
-20,28,31
-32,38,42
-37,44,44
-45,48,34
-40,46,37
-36,49,29
-41,43,20
-23,45,37
-28,48,38
-40,59,33
-44,66,28
-47,75,32
-40,71,29
-39,67,20
-45,56,10
-38,55,13
-24,63,20
-23,61,18
-12,52,15
-12,51,21
-11,46,14
-14,52,9
-21,63,11
-33,63,6
-22,79,24
-6,79,33
-31,79,28
-44,78,25
-38,69,26
-29,64,25
-31,57,34
-30,58,34
-30,52,34
-32,56,32
-40,48,25
-40,48,21
-32,52,21
-32,45,16
-29,46,17
-24,43,12
-29,51,8
-43,68,27
-46,81,31
-55,68,13
-28,66,31
-26,64,31
-15,43,25
-23,56,42
-18,44,35
-14,33,36
-17,29,37
-23,28,33
-16,26,32
-23,40,34
-39,46,41
-52,42,42
-44,37,35
-57,44,21
-57,52,22
-48,55,17
-55,61,13
-50,67,18
-31,67,21
-40,74,17
-35,58,3
-32,56,3
-25,50,2
-19,53,8
32,68,42
20,82,35
-64,65,-5
-58,77,19
-66,76,3
-51,87,8
-47,69,0
-39,57,-3
-51,46,-7
-54,47,-15
-52,50,-15
-50,47,-14
-44,51,-5
-35,45,-8
-64,43,-17
-51,51,-4
-48,40,2
-50,37,2
-39,29,1
-38,29,5
-53,39,6
-42,35,7
-59,47,9
-61,52,14
-61,83,49
-107,58,7
-65,52,33
-36,35,22
-28,23,26
-24,35,25
-17,32,37
-17,28,31
-24,27,30
-19,27,30
-29,33,34
-25,45,46
-30,41,45
-30,24,44
-18,36,49
-41,43,63
-39,42,62
-48,39,38
-57,40,30
-54,47,32
-45,48,29
-38,55,20
-43,64,25
-47,70,4
-40,77,11
-52,92,32
-57,73,25
-73,77,44
-57,40,17
-35,34,17
-32,26,20
-34,25,21
-19,26,42
-30,37,53
-42,69,61
-42,69,59
-23,54,43
-40,30,17
0,37,45
6,22,40
-3,2,34
-15,1,34
-16,-5,31
-47,10,43
-62,21,49
-19,30,53
-128,70,-18
-91,63,10
-20,81,33
-42,83,22
-62,61,9
-53,71,23
-34,47,11
-33,55,9
-15,84,25
-35,50,17
-3,42,29
-13,68,27
-10,77,41
-29,75,36
-29,65,27
-37,52,26
-44,47,27
-48,38,32
-48,29,27
-40,20,33
-48,25,44
-47,30,43
-32,26,36
-41,49,52
-41,72,58
-34,38,29
-51,58,21
-32,42,38
-33,27,34
-28,6,34
-18,5,40
-25,7,39
-47,11,32
-43,18,30
-41,22,36
-53,20,31
-43,21,37
-46,24,32
-50,26,13
-51,28,3
-46,62,15
-69,100,45
-41,34,10
-52,21,-1
-17,58,45
-10,72,55
-35,34,17
-43,47,14
-43,60,26
-55,54,25
-46,42,24
-37,43,35
-46,43,22
-48,39,25
-47,36,26
-54,36,28
-49,37,38
-52,22,25
-61,26,36
-59,19,38
-56,0,31
-52,8,31
-55,8,27
-41,18,26
-38,22,33
-50,36,36
-48,43,45
-89,69,28
-115,61,16
-51,50,19
-49,34,19
-17,8,10
-5,4,21
-5,-4,33
-12,-4,28
-36,1,5
-47,21,7
-74,23,23
-86,16,28
-85,28,30
-128,33,37
-80,19,32
-65,9,21
-60,19,32
-65,30,23
-60,27,28
-42,37,34
-36,33,26
-37,29,20
-51,40,22
-45,60,25
-49,59,16
-77,76,23
-77,88,23
-69,68,3
-54,50,3
-20,39,9
-11,25,15
-2,20,20
2,20,21
-3,18,23
-17,24,10
-64,48,25
-81,52,38
-86,50,36
-90,43,41
-93,47,38
-115,54,33
-73,33,40
-72,29,32
-63,44,31
-61,42,46
-39,28,21
-46,30,8
-40,41,15
-35,41,20
-29,35,24
-28,26,29
-25,24,31
-49,43,27
-98,76,31
-108,81,24
-78,58,16
-33,37,26
-28,42,27
-8,16,5
8,15,21
-4,17,25
-12,10,24
-45,28,51
-60,25,55
-65,15,45
-74,11,37
-87,14,39
-128,19,37
-70,28,51
-70,38,66
-63,13,32
-53,15,28
-58,26,33
-43,31,43
-48,18,26
-50,24,25
-39,30,26
-45,39,31
-45,44,32
-67,68,33
-86,59,25
-56,69,34
-47,57,20
-38,38,15
-25,36,16
-20,24,25
-27,16,24
-32,6,21
-33,7,25
-43,8,27
-53,25,27
-39,28,27
-56,25,27
-73,40,31
-64,37,34
-64,25,8
-65,33,1
-60,71,38
-67,73,49
-71,64,52
-61,54,42
-51,43,34
-53,44,34
-52,37,35
-28,54,31
-30,43,22
-40,51,29
-35,50,37
-29,37,24
-33,32,27
-35,43,34
-32,39,30
-40,40,27
-48,44,26
-72,63,24
-83,76,28
-78,73,26
-56,59,19
-32,41,14
-19,31,11
28,-11,21
-24,-6,-13
20,27,66
-42,-2,37
-77,34,44
-86,44,18
-82,34,18
-77,36,29
-42,29,25
-32,26,18
-36,24,-9
-47,32,-3
-68,49,13
-35,42,9
-41,45,-13
-128,109,-29
-89,79,14
-68,44,-22
-67,37,-20
-66,47,-8
-58,51,-13
-41,43,-1
-32,36,-11
-32,43,-8
-31,43,-2
-38,35,-10
-38,35,-17
-57,54,-25
-64,65,-35
-70,48,-23
-67,43,-11
-62,32,-3
-60,31,-3
-53,35,10
-44,35,16
-51,44,24
-62,50,37
-58,65,42
-61,74,14
-57,55,2
-44,16,21
-34,18,41
-13,-11,38
-9,-10,29
-23,-4,15
-29,-5,2
-13,28,40
-38,45,36
-113,31,-25
-128,80,-12
-60,110,49
-87,63,4
-73,25,-7
-52,24,2
-54,45,21
-57,48,21
-36,39,27
-26,35,26
-36,51,36
-50,78,57
-50,70,39
-38,51,40
-28,29,48
-16,10,43
2,-2,37
-27,-4,14
-33,3,8
-75,9,-12
-91,19,-18
-38,58,11
-12,76,41
-75,66,-8
-59,88,23
-53,76,21
-49,63,8
-54,68,23
-62,59,24
-53,47,28
-51,42,22
-16,29,44
-21,23,59
-36,39,77
-39,54,56
-22,50,64
-24,43,60
-5,10,44
15,2,47
-16,-7,37
-25,4,28
-35,10,18
-88,26,-26
-50,36,-13
-37,91,18
-77,77,0
-60,108,38
-34,110,49
-56,84,22
-49,71,22
-58,65,28
-62,56,27
-41,34,26
-34,27,30
-22,21,42
-17,9,61
-39,5,82
-50,18,85
-76,23,48
-49,16,43
-38,8,29
-25,-3,19
-32,-9,14
-21,0,20
-29,9,-3
-41,14,-17
-80,34,-50
-21,48,13
-35,66,18
-112,61,11
-90,95,42
-96,48,13
-69,36,4
-61,28,13
-72,30,11
-52,37,36
-50,29,33
-50,18,27
-49,27,34
-56,19,27
-52,12,36
-48,18,47
-50,17,14
-86,29,11
-56,34,19
-39,16,42
-34,15,52
-33,18,41
-19,19,47
-24,27,46
-26,29,45
-21,27,24
-29,28,20
-68,42,27
-64,45,21
-57,41,15
-69,55,24
-63,57,28
-48,52,13
-58,56,7
-52,66,23
-51,57,15
-62,76,34
-52,72,63
-70,32,34
-62,18,26
-27,8,27
-21,10,27
-29,14,43
-48,13,42
-13,24,70
-19,39,68
-63,41,29
-86,37,23
-41,31,42
-32,39,34
-26,36,11
-11,28,17
-39,26,9
-39,30,13
-48,35,31
-57,34,25
-58,35,29
-66,42,30
-68,43,32
-62,40,24
-59,38,17
-54,35,14
-53,34,15
-51,37,14
-51,38,15
-47,44,17
-45,44,16
-42,43,18
-41,43,21
-38,45,24
-37,46,25
-35,50,26
-33,50,26
-27,51,28
-25,53,29
-25,54,27
-27,54,25
-26,53,25
-27,53,25
-31,55,24
-30,56,23
-30,55,24
-31,55,24
-33,54,25
-34,52,27
-34,51,26
-41,47,24
-43,43,26
-41,34,30
-43,30,33
-50,28,32
-52,29,32
-49,28,33
-49,29,33
-52,32,32
-50,35,33
-52,39,28
-52,39,28
-44,36,34
-44,35,33
-44,34,26
-39,35,28
-36,39,27
-36,40,26
-37,45,21
-35,51,20
-34,55,21
-39,58,19
-41,57,20
-35,56,23
-30,46,21
-33,42,20
-26,41,32
-43,38,45
-54,44,46
-33,50,54
-33,41,43
-36,47,40
-32,59,44
-27,49,33
-39,58,40
-44,43,56
-42,34,44
-44,28,40
-39,29,43
-43,29,38
-39,32,39
-23,34,36
-22,35,34
-26,44,44
-19,58,64
-40,65,42
-60,61,40
-29,44,43
-18,35,45
-9,33,48
5,29,61
-10,21,44
-5,19,54
-7,13,56
-16,18,60
-10,17,63
-31,14,52
-32,10,51
-33,34,57
-44,53,44
-62,84,48
-58,85,40
-69,70,47
-66,64,5
-47,53,7
-40,49,9
-24,38,12
-21,34,11
-29,24,8
-36,23,8
-41,18,11
-49,15,12
-77,16,13
-85,21,14
-81,26,23
-81,23,23
-83,24,20
-80,29,24
-64,38,32
-60,37,25
-59,38,22
-50,41,21
-47,40,20
-51,41,16
-49,41,14
-47,37,10
-51,37,9
-55,36,4
-55,36,5
-55,35,7
-56,33,4
-58,37,8
-58,42,9
-45,44,9
-43,48,16
-43,51,20
-31,59,47
-38,52,42
-43,56,38
-46,41,37
-28,36,43
-20,47,50
-24,53,59
-55,62,37
-57,53,34
-18,50,38
-30,42,47
-25,34,45
7,27,49
8,31,51
3,37,63
-4,34,60
-18,36,42
-42,42,26
-53,45,38
-54,48,40
-51,51,23
-48,51,16
-36,52,20
-30,54,17
-30,53,8
-19,52,7
-22,56,19
-19,51,18
-33,59,3
-33,65,10
-35,78,26
-32,83,26
-83,73,13
-92,64,5
-43,89,38
-44,66,42
-43,38,29
-58,32,15
-42,40,25
-23,43,32
-32,37,26
-33,37,25
-30,33,18
-37,40,5
-43,46,10
-54,41,18
-52,39,18
-49,44,16
-51,47,23
-40,51,56
-32,51,59
-94,42,14
-35,23,35
-21,15,44
-5,5,41
-5,-3,51
-23,3,41
-42,8,28
-37,10,22
-39,26,2
-26,41,8
-91,85,-16
-76,64,5
-63,99,25
-72,71,23
-71,53,7
-53,58,18
-54,54,19
-53,42,37
-37,33,45
-27,17,52
-35,23,58
-48,40,76
-50,37,59
-39,43,17
-48,57,24
-40,39,25
-35,30,30
-12,22,45
-14,22,46
-24,32,52
-23,34,52
-36,45,25
-47,54,16
-41,48,17
-40,43,17
-40,42,19
-39,42,20
-41,38,23
-41,37,27
-47,29,30
-50,26,30
-52,28,28
-61,27,25
-67,25,24
-90,30,21
-94,34,20
-77,30,22
-67,28,21
-60,22,18
-62,22,16
-63,31,14
-60,31,13
-55,29,12
-62,29,12
-59,24,16
-64,19,11
-75,24,6
-68,24,10
-69,29,11
-71,34,12
-62,37,16
-59,39,17
-51,41,20
-46,41,21
-41,36,20
-42,34,21
-57,28,26
-58,20,28
-56,19,28
-51,19,27
-57,20,28
-60,26,37
-50,18,40
-44,15,32
-43,13,29
-36,14,35
-29,13,40
-36,15,46
-53,15,42
-61,22,13
-43,20,25
-63,22,31
-62,19,37
-53,23,53
-54,21,46
-56,8,34
-57,5,35
-68,21,33
-61,26,29
-35,33,36
-20,33,40
-24,30,35
-23,33,37
-30,47,43
-34,48,39
-32,45,39
-19,38,32
-23,43,34
-38,56,47
-44,51,46
-31,33,37
-28,35,41
-36,42,32
-32,39,29
-24,45,31
-29,47,29
-29,51,43
-29,45,41
-36,42,36
-35,44,47
-34,35,48
-39,30,44
-34,29,49
-33,31,45
-27,35,45
-40,44,35
-58,57,27
-61,62,27
-32,51,7
-40,51,7
-39,53,21
-36,46,16
-36,44,11
-36,45,10
-35,47,15
-43,45,0
-48,50,-6
-30,59,2
-20,53,7
-36,88,11
-89,82,-15
-87,103,17
-66,105,22
-35,58,12
-34,44,7
-41,52,17
-49,48,18
-41,37,27
-44,26,21
-28,35,14
-27,44,19
-30,49,40
-52,52,44
-69,55,31
-74,55,25
-63,46,52
-24,23,5
-16,24,34
2,3,35
-2,-7,36
-7,9,33
-9,14,27
-32,42,51
-128,65,18
-37,28,27
-48,46,12
-99,68,-1
-58,56,13
-21,91,30
-46,71,1
-41,86,31
-52,88,31
-58,76,21
-62,82,29
-62,60,14
-53,55,14
-11,38,21
-9,32,16
-6,44,23
-9,50,29
-41,71,45
-44,90,67
-41,75,52
-71,69,26
-23,19,11
4,29,49
10,23,37
19,5,34
-2,15,38
-40,41,48
-78,50,29
-80,45,8
-83,61,1
-89,71,-10
-59,63,9
-23,71,12
-60,72,-11
10,89,37
-1,97,32
-43,88,35
-53,87,33
-45,67,8
-32,56,11
-48,38,9
-48,37,9
-25,43,17
-19,46,22
-21,43,43
-21,52,49
-21,89,71
-40,75,42
-21,75,49
-21,26,19
-10,16,18
20,18,35
14,21,44
8,25,47
-13,40,64
-73,44,15
-70,44,13
-72,62,21
-69,68,14
-50,65,13
-22,71,25
-56,108,38
-57,78,42
-53,91,33
-45,78,34
-51,60,28
-29,48,20
-12,45,24
-7,39,28
-11,38,37
-17,47,48
-35,86,79
-32,71,66
-79,51,55
-53,38,36
-9,19,43
-15,12,42
-9,6,38
-4,-4,38
-7,-6,41
-22,3,37
-69,19,24
-38,2,20
-7,24,22
-85,93,13
-83,72,19
-48,54,28
-41,63,30
-15,67,45
3,72,59
-74,72,52
-96,56,39
-58,49,54
-58,43,47
-61,15,30
-37,12,34
-6,17,32
-5,13,36
-33,20,45
-39,31,54
-45,76,80
-61,62,53
-88,66,59
-1,10,16
17,1,14
3,26,21
7,13,30
-5,7,39
-9,14,36
-30,31,41
-50,46,52
-91,46,37
-95,37,11
-47,55,35
-33,83,35
-52,77,-2
-55,85,11
-21,92,47
-30,82,39
-67,60,32
-69,53,25
-47,47,26
-37,41,30
-21,37,30
-9,35,30
-19,36,34
-26,42,42
-28,55,64
-49,72,66
-54,60,44
-48,47,44
-23,29,17
3,32,42
-24,24,45
-13,8,57
-19,15,60
-21,15,53
-23,6,47
-63,11,32
-95,19,25
-6,23,36
-28,42,17
-66,52,5
-36,48,22
-41,66,16
-61,66,18
-43,62,24
-40,61,18
-17,65,33
-19,58,32
-24,52,26
-22,58,33
-35,59,23
-35,62,24
-53,82,30
-88,81,22
-68,74,26
-51,53,25
-42,41,23
-34,33,20
-27,34,18
-10,36,24
-17,40,25
-56,61,59
-53,65,63
-66,68,26
-25,68,64
-16,21,12
-17,18,40
-12,14,45
-9,6,41
-13,18,49
-21,18,44
-67,27,52
-86,39,43
-61,37,23
-77,50,9
-65,63,23
-44,61,23
-41,64,18
-52,65,17
-31,56,19
-22,58,18
-13,56,20
5,55,30
7,50,30
-4,49,34
-22,50,24
-17,53,22
-9,56,26
-9,62,35
-15,65,37
-19,66,35
-15,64,35
-28,60,17
-13,62,27
-13,54,36
-29,54,31
-30,66,23
-21,66,32
-31,65,26
-38,65,20
-32,72,24
-31,70,21
-28,60,19
-19,61,18
-15,55,14
-5,51,15
-11,67,17
-22,86,20
9,112,46
-33,78,21
-18,56,13
-23,41,20
3,33,38
25,20,43
-3,16,43
-28,19,52
-45,19,35
-55,46,31
-73,50,18
-65,60,11
-62,65,11
-18,82,26
-27,79,17
-54,73,2
-47,82,5
-45,96,20
-64,83,20
-53,62,27
-53,60,27
-29,50,26
-17,46,22
-14,40,19
-19,46,19
-22,65,37
-30,69,43
-36,96,37
-46,58,41
-30,50,57
-36,24,23
-21,9,25
3,16,34
8,9,37
2,-1,34
-7,10,41
-63,46,48
-104,48,29
-63,32,13
-44,48,14
-89,64,-4
-41,61,14
-38,84,20
-48,82,4
-73,77,-1
-59,74,13
-76,58,-1
-74,52,1
-30,44,20
-20,38,19
-37,27,11
-40,34,11
-29,54,20
-48,71,-3
-57,87,-8
-50,73,7
-36,60,7
-39,47,6
-40,46,8
-42,50,23
-46,33,20
-51,30,30
-34,27,37
-39,21,39
-59,34,32
-54,49,15
-67,60,29
-22,58,49
-37,45,27
-34,24,24
-30,16,11
-24,14,8
-31,14,3
-22,7,-2
-39,11,-6
-43,38,-3
-48,51,11
-83,42,10
-69,41,18
-66,62,16
-91,65,-5
-46,87,58
-55,65,24
-57,61,-12
-44,78,14
-44,73,10
-59,69,11
-51,72,18
-43,65,15
-36,53,19
-27,48,16
-31,59,12
-24,56,24
-35,52,16
-38,48,10
-35,54,25
-36,38,21
-40,35,18
-38,38,25
-39,33,23
-42,40,23
-49,45,32
-51,31,34
-50,36,28
-63,42,29
-74,62,34
-87,61,24
-64,44,19
-38,27,22
-13,21,30
-8,22,33
-16,19,22
-16,19,19
-26,18,10
-43,24,17
-58,27,16
-50,33,12
-60,46,32
-81,48,33
-79,36,6
-72,32,4
-54,46,10
-68,63,2
-55,77,35
-34,72,31
-37,64,-11
-22,61,-13
13,75,6
6,81,11
-7,68,-1
-1,67,-2
13,71,6
7,71,5
-7,66,6
-7,66,6
-2,59,5
-8,60,6
-12,59,6
-9,60,6
-13,61,7
-11,59,11
-12,57,10
-15,58,12
-19,59,10
-20,60,9
-22,61,10
-25,65,7
-23,69,8
-24,72,6
-18,68,7
-13,61,6
-15,59,5
-12,64,1
-14,66,-3
-22,63,-10
-18,60,-7
-26,58,2
-30,56,5
-34,54,13
-34,53,11
-37,59,5
-41,62,3
-39,57,1
-33,63,12
-37,61,10
-34,55,6
-32,54,7
-43,51,13
-47,55,15
-26,48,12
-29,53,15
-48,55,19
-45,60,23
-39,62,25
-46,60,24
-39,57,28
-41,53,28
-44,47,20
-28,43,23
-25,36,29
-28,36,31
-34,56,33
-45,62,22
-56,50,16
-9,35,19
-5,52,65
-8,36,50
-3,23,46
-18,29,43
-38,34,25
-76,48,12
-85,55,3
-49,58,0
-46,71,-6
-45,65,-5
-24,59,0
-37,74,9
-24,65,13
-1,62,29
-6,62,47
-16,59,46
-15,56,36
-31,61,20
-30,58,23
-34,51,9
-42,56,-9
-20,93,37
-33,73,38
-49,66,15
-35,62,21
-41,57,31
-56,54,28
-30,42,20
-29,43,14
-31,42,12
-36,41,13
-38,48,21
-49,56,34
-48,68,49
-63,53,18
-43,50,20
-34,19,20
-26,26,40
1,14,38
0,10,33
-24,16,30
-29,12,19
-69,32,15
-71,44,10
-73,53,2
-56,59,6
-64,63,-9
-56,74,6
-23,90,31
-47,76,8
-46,72,31
-61,73,27
-32,66,23
-35,57,17
-39,52,23
-35,53,25
-15,47,25
-22,45,27
-25,56,35
-14,62,49
-15,69,59
-15,62,47
-30,54,33
-17,59,36
-5,40,44
-28,25,26
-2,17,33
7,19,53
-13,21,42
-18,16,40
-13,23,33
-15,36,27
-52,51,26
-28,70,38
-30,73,33
-25,81,36
-25,74,37
-10,64,35
-8,63,33
-11,58,28
-25,63,27
-29,62,30
-11,60,33
-27,60,27
-38,68,24
-44,76,31
-44,71,10
-60,77,16
-51,55,6
-47,53,11
-51,46,20
-44,30,16
-24,22,14
-21,31,20
-34,47,49
-63,52,43
-18,69,64
-41,36,52
-49,5,6
-23,2,12
-7,-3,35
-18,2,48
-21,13,31
-49,10,2
-77,37,-13
-83,60,1
-101,61,4
-46,46,25
-70,16,24
-61,21,22
-53,27,31
-56,23,32
-60,30,28
-56,31,23
-52,33,17
-50,25,12
-49,24,13
-53,27,20
-54,26,26
-53,30,41
-46,31,41
-60,49,41
-51,56,44
-34,31,34
-30,31,38
-18,25,39
-26,16,38
-26,22,44
-28,17,30
-50,20,2
-60,26,8
-56,37,27
-57,40,27
-46,45,17
-53,45,10
-22,55,26
-29,79,42
-33,60,45
-39,61,40
-33,53,33
-34,53,27
-36,60,29
-36,62,21
-54,58,17
-53,62,29
-41,61,28
-46,40,23
-57,41,18
-32,37,33
-30,31,39
-42,26,40
-40,26,50
-28,29,72
-41,38,63
-55,58,56
-42,42,49
-32,18,27
-24,22,34
-1,19,44
-14,17,49
-33,22,30
-39,20,26
-66,32,14
-54,39,17
-49,52,15
-78,65,4
-60,63,13
-41,58,27
-28,58,31
-14,65,35
-19,59,30
-25,46,29
-20,53,36
-25,49,37
-34,45,29
-27,49,28
-24,54,27
-25,59,30
-30,56,24
-35,62,32
-36,69,34
-30,54,38
-25,54,46
-27,51,40
-26,53,41
-18,44,38
-20,42,37
-20,47,41
-25,47,46
-22,45,48
-24,43,47
-37,46,52
-37,48,47
-47,49,35
-40,52,39
-41,46,33
-43,39,23
-41,37,26
-35,33,33
-38,30,29
-24,29,39
-20,32,48
-44,39,55
-52,40,45
-46,36,62
-42,24,47
-42,6,55
-32,9,66
-18,0,53
-12,-6,42
-23,-8,32
-35,-7,28
-77,9,14
-65,17,21
-28,41,29
-64,47,9
-42,39,28
-46,43,24
-61,46,18
-44,41,17
-40,43,17
-36,47,28
-46,47,26
-55,47,35
-41,52,35
-32,40,27
-41,41,32
-42,48,36
-35,47,36
-27,48,32
-30,49,27
-29,49,25
-28,49,24
-31,50,19
-34,52,17
-33,58,25
-32,57,21
-40,64,20
-35,69,32
-38,61,40
-33,52,37
-32,49,39
-40,54,43
-46,53,41
-39,52,42
-36,49,40
-44,48,36
-41,47,36
-35,37,35
-38,36,34
-28,34,38
-29,30,35
-35,29,40
-35,29,44
-39,26,51
-44,26,61
-42,27,60
-71,28,56
-42,17,53
-31,15,46
-20,17,49
-16,10,44
-22,7,25
-20,6,18
-35,9,8
-60,17,0
-44,27,11
-50,41,17
-66,56,3
-58,54,5
-62,69,14
-69,66,3
-31,63,10
-32,69,28
-52,61,24
-33,60,26
-42,59,26
-51,50,15
-49,47,9
-54,44,20
-58,40,21
-51,52,47
-55,36,38
-61,25,26
-55,25,23
-49,19,21
-52,22,20
-53,23,16
-45,17,16
-47,22,14
-56,21,12
-60,26,15
-59,21,6
-61,25,18
-64,22,20
-66,20,26
-62,18,28
-61,17,29
-62,19,29
-58,15,30
-57,16,28
-55,18,27
-59,15,27
-57,14,24
-56,7,23
-59,10,31
-67,1,29
-65,5,38
-55,5,30
-64,10,23
-76,21,18
-56,13,24
-42,16,22
-31,14,29
-27,13,33
-29,13,34
-32,13,23
-28,12,17
-35,15,12
-46,20,11
-29,32,21
-41,43,13
-88,74,6
-95,70,10
-96,78,23
-97,79,34
-44,45,41
-52,33,28
-56,47,26
-54,39,22
-42,41,29
-35,30,26
-38,30,23
-33,47,29
-32,59,33
-47,75,42
-61,59,27
-32,33,32
-28,19,43
-15,12,41
-12,4,43
-18,0,47
-23,-1,39
-46,2,15
-57,9,10
-50,32,14
-48,43,12
-94,48,-18
-63,83,26
-59,82,30
-59,79,27
-63,50,20
-65,45,13
-45,44,18
-37,39,25
-33,34,38
-34,29,90
-42,30,77
-65,41,45
-40,34,53
-33,11,30
-14,6,27
3,-3,29
-16,-5,30
-26,11,29
-51,22,27
-71,28,1
-83,46,-5
-82,127,5
-67,82,14
-90,36,46
-74,13,20
-36,16,30
-40,34,39
-44,50,58
-27,52,67
-26,34,49
-30,27,44
-30,27,47
-25,23,49
-16,20,48
-14,18,45
-16,16,51
-37,16,35
-47,17,39
-40,21,44
-44,28,41
-49,39,35
-58,42,28
-60,45,26
-55,44,22
-42,46,25
-42,49,21
-41,49,15
-37,45,20
-24,38,33
-24,36,35
-34,52,41
-31,48,58
-34,45,57
-40,43,38
-45,29,-7
-74,30,-25
-50,47,14
-53,55,36
-59,51,61
-77,57,75
-1,19,90
-10,13,63
-74,36,14
-27,20,42
-52,20,37
-27,10,47
-28,7,44
-44,11,50
-47,10,47
-45,15,17
-55,22,12
-60,35,0
-60,51,8
-56,49,5
-50,54,3
-51,46,2
-35,42,4
-33,66,19
-17,61,34
-37,55,37
-47,47,21
-49,47,30
-47,49,30
-54,40,21
-55,45,28
-44,47,34
-35,47,32
-47,51,26
-59,60,25
-40,45,18
-56,40,18
-56,40,20
-59,31,15
-62,30,20
-58,33,21
-62,24,14
-62,18,18
-58,23,17
-57,15,14
-67,16,15
-55,17,12
-51,13,13
-53,15,8
-53,16,12
-55,16,15
-57,19,15
-61,16,14
-67,17,11
-62,19,10
-64,18,10
-65,21,12
-65,23,16
-61,19,21
-62,19,26
-62,17,34
-61,14,35
-63,10,50
-73,7,76
-69,7,53
-51,-5,0
-53,6,21
-17,26,35
-14,17,25
-7,14,30
-14,19,21
-33,31,33
-40,41,36
-55,59,-10
-86,64,-29
-103,65,-44
-75,85,-1
-67,56,19
-66,44,6
-52,39,16
-67,41,31
-68,41,30
-44,19,24
-51,12,16
-50,9,15
-54,-1,20
-58,-1,17
-60,-2,23
-66,-6,20
-70,-6,34
-62,-6,65
-79,-3,42
-89,-7,26
-66,-2,28
-43,0,28
-18,-6,25
-15,-9,27
-12,-4,19
-30,6,11
-35,12,21
-26,32,23
-64,42,-15
-90,41,-13
-58,32,-3
-92,96,-8
-71,100,35
-79,55,16
-65,51,24
-61,40,31
-58,30,18
-44,17,15
-43,5,21
-61,-8,39
-76,-7,52
-51,-7,79
-46,-12,23
-76,-12,12
-12,5,49
-4,-6,36
1,4,42
-1,5,37
-21,17,36
-36,28,34
-63,36,15
-65,37,24
-87,54,17
-96,57,11
-60,39,7
-66,49,6
-93,87,43
-75,60,43
-36,25,7
-40,26,-1
-51,53,16
-60,52,29
-61,36,32
-56,28,29
-47,14,28
-48,7,26
-41,-6,35
-48,-12,46
-53,-6,53
-55,-12,39
-74,0,18
-61,14,30
-64,14,14
-35,11,2
-34,17,6
-42,7,-13
-32,7,-3
-26,14,38
-105,16,31
-15,7,82
-42,22,17
-128,71,12
5,61,34
-103,35,-13
-74,35,-2
-25,36,26
-33,31,25
-41,29,19
-34,26,24
-40,22,29
-44,24,24
7,25,-2
-27,23,16
-58,53,34
-103,50,54
-58,36,43
-67,28,38
-65,35,39
-97,64,50
-105,56,39
-79,31,38
-80,33,28
-51,22,29
-42,15,28
-39,9,20
-13,9,30
-8,9,39
-8,14,39
-1,26,45
-8,32,40
-90,61,60
-109,61,27
-37,43,16
-52,40,17
-52,30,27
-52,22,25
-87,10,28
-101,11,28
-113,24,26
-96,29,12
-41,7,25
-34,-2,17
13,-19,27
-7,-9,42
-13,13,39
-33,24,24
-50,26,12
-80,51,0
-68,67,15
-83,74,-3
-61,71,-25
-51,84,9
-74,83,19
-53,58,19
-58,49,30
-61,36,13
-53,36,21
-44,17,33
-57,9,35
-55,-1,65
-65,8,76
-57,22,41
-83,12,20
-52,24,30
-37,24,25
-4,-8,29
-5,-13,37
-11,4,49
-7,11,47
-23,27,43
-36,38,40
-60,56,29
-79,62,-15
-76,75,-21
-74,81,-19
-49,77,16
-26,73,46
-43,61,36
-28,43,33
-24,37,26
-8,36,34
-6,37,40
-21,38,69
-24,46,92
-29,55,76
-70,49,38
-15,27,42
-12,31,34
-13,23,43
-11,20,52
-11,5,61
-16,1,67
-12,8,61
-24,9,57
-61,21,54
-40,23,57
-65,34,48
-71,45,49
-59,44,39
-55,49,32
-50,51,31
-39,50,27
-34,49,26
-34,46,28
-33,43,24
-24,31,26
-27,27,23
-35,24,26
-33,22,33
-37,20,40
-40,22,42
-41,25,43
-43,24,42
-50,25,41
-50,24,41
-51,23,37
-56,24,34
-60,24,30
-58,23,27
-59,24,24
-58,26,25
-56,36,29
-58,42,30
-57,54,35
-53,52,37
-35,47,36
-20,46,39
-18,45,39
-18,49,35
-16,51,34
-18,53,29
-18,52,28
-19,48,26
-21,45,24
-24,43,21
-25,43,21
-26,41,24
-27,41,27
-28,45,34
-29,47,36
-30,51,37
-27,50,37
-39,55,34
-49,58,31
-51,60,25
-45,62,23
-37,56,16
-36,54,13
-39,59,-3
-36,63,-6
-26,60,-10
-22,49,-19
-35,43,-19
-34,45,-12
-37,43,-15
-32,44,-15
-36,43,-18
-55,46,-22
-47,42,-28
-47,43,-27
-51,41,-20
-57,35,-15
-58,36,-16
-57,41,-13
-52,45,-4
-35,50,5
-37,45,0
-38,34,-3
-38,40,2
1,35,22
-20,43,16
-29,46,9
-31,45,5
-26,53,4
-27,52,4
-27,55,-2
-24,60,-1
-25,62,2
-18,58,3
-15,54,2
-9,54,6
-12,53,4
-15,56,4
-14,58,5
-13,60,2
-13,65,2
-12,65,-1
-12,66,0
-11,67,2
-10,66,6
-12,71,1
-14,72,-1
-17,73,-2
-17,73,-3
-17,70,0
-19,70,-1
-21,70,-2
-23,71,-2
-20,69,3
-21,65,0
-17,65,5
-16,67,1
-20,74,-2
-17,77,0
-8,77,7
-9,78,10
-10,73,3
-12,72,10
-15,70,10
-19,68,3
-25,65,-10
-22,69,-9
-30,73,-3
-12,74,2
-21,70,-14
-25,79,1
-28,79,0
-25,75,-12
-18,78,-9
-21,81,-9
-14,79,-7
-18,75,-14
-22,76,-16
-12,77,-6
-16,69,-9
-17,71,-11
-14,66,-10
-20,65,-6
-20,61,-7
-11,54,-7
-17,51,-11
-20,53,-16
-21,54,-15
-23,53,-15
-27,56,-16
-24,51,-16
-37,53,-16
-38,56,-15
-31,51,-11
-33,46,-11
-30,47,-8
-27,44,-7
-26,44,-6
-25,46,-5
-25,45,-3
-28,47,-5
-32,49,-10
-31,48,-9
-33,49,-5
-35,50,-3
-42,50,-9
-40,51,-8
-39,48,-8
-40,48,-7
-43,48,-9
-44,47,-9
-42,45,-7
-42,46,-6
-40,43,-6
-47,43,-7
-44,44,-5
-50,45,-7
-55,45,-10
-49,41,-6
-47,39,-4
-45,37,-4
-47,36,-5
-50,34,-3
-47,33,-1
-51,31,-3
-54,34,1
-52,35,6
-54,35,5
-57,36,1
-58,38,1
-54,40,5
-52,39,5
-52,43,2
-52,45,4
-52,51,4
-50,54,5
-47,53,1
-45,55,3
-45,55,4
-46,52,3
-45,47,5
-39,46,7
-39,49,6
-37,51,4
-35,53,7
-35,49,10
-39,46,7
-37,45,8
-38,45,10
-35,44,11
-36,43,9
-44,45,13
-43,46,12
-37,44,13
-35,45,15
-32,54,17
-31,63,16
-38,73,16
-35,64,16
-28,48,10
-30,53,8
-28,62,11
-27,63,9
-25,56,7
-22,53,7
-17,53,6
-20,55,6
-18,55,8
-21,58,9
-22,60,10
-19,61,11
-20,62,11
-15,61,10
-13,63,9
-12,66,11
-9,65,11
-8,52,16
-6,49,17
-7,50,16
-6,53,15
-2,55,14
-1,54,14
-1,59,13
-6,59,12
-4,59,13
-4,58,11
-8,55,7
-9,60,9
-13,67,10
-8,65,10
-8,69,9
-12,69,6
-8,70,5
-10,69,3
-6,71,6
-13,70,3
-13,72,9
-17,75,11
-19,75,8
-13,78,8
-12,78,7
-8,79,10
-10,78,11
-12,75,8
1,70,16
-23,67,6
-7,62,8
-17,63,7
-8,61,11
-7,66,8
-11,67,6
-11,65,7
-11,64,8
-15,65,6
-13,64,5
-11,61,7
-9,61,8
-14,63,5
-13,64,7
-11,64,7
-13,63,6
-14,63,7
-2,66,8
-9,66,7
-8,67,7
-3,68,9
-3,69,8
-5,71,9
-12,63,8
-13,66,8
-12,64,10
-12,62,10
-13,60,8
-13,61,5
-13,58,6
-15,59,7
-19,60,5
-18,60,5
-22,62,3
-21,62,3
-9,60,5
-5,62,5
-6,66,11
-4,64,12
-6,65,12
-6,67,12
-6,65,12
-6,65,12
3,67,14
-7,64,9
-3,64,12
-6,63,12
6,65,15
-2,68,12
1,71,16
4,64,13
1,64,11
-3,64,13
-2,62,15
-3,63,15
-5,64,15
-6,61,13
-6,59,13
-8,61,9
-10,61,10
-12,58,8
-11,59,7
-9,62,8
-9,63,8
-1,65,19
-8,62,12
1,63,19
1,62,17
-2,65,14
0,67,16
3,63,17
0,61,14
3,62,16
7,66,16
-2,68,13
1,71,13
1,71,13
-1,83,12
-5,81,15
-7,81,9
-13,79,8
-9,80,6
-9,79,4
-10,78,3
-12,78,0
-16,77,5
-18,76,4
-21,74,2
-23,73,6
-23,67,6
-20,64,6
-23,62,6
-20,58,9
-20,55,2
-18,54,1
-18,58,2
-20,59,0
-22,62,-6
-23,61,-6
-23,60,-4
-24,55,-3
-24,52,-2
-26,50,-3
-25,48,-3
-25,48,0
-27,48,2
-26,46,2
-26,45,2
-28,47,5
-28,48,6
-29,48,5
-29,49,5
-30,50,3
-29,49,3
-30,49,3
-31,49,5
-34,53,6
-35,56,7
-36,60,6
-35,57,7
-34,52,9
-38,51,10
-43,55,12
-46,55,10
-44,51,7
-40,51,7
-41,49,6
-42,48,5
-41,51,6
-47,52,0
-52,56,0
-53,51,2
-53,47,-3
-56,30,3
-48,20,10
-45,-4,1
-45,0,6
-52,36,12
-48,48,14
-52,61,16
-60,67,23
-58,68,17
-51,64,15
-50,61,12
-52,55,9
-41,41,7
-37,39,8
-38,39,7
-40,41,6
-38,39,6
-38,35,5
-40,31,7
-42,31,11
-46,31,10
-49,31,9
-49,30,11
-52,31,12
-55,32,11
-55,37,9
-58,44,6
-62,55,4
-58,54,3
-50,49,0
-49,47,1
-40,46,2
-42,48,-1
-38,55,0
-35,55,2
-36,52,-3
-36,50,-4
-30,49,-1
-32,51,-2
-31,52,-1
-30,54,1
-33,58,0
-34,62,-2
-29,65,0
-29,68,1
-27,66,-2
-24,58,1
-24,55,2
-21,50,3
-23,49,4
-23,55,6
-18,58,7
-17,57,5
-13,55,7
-13,53,8
-12,51,8
-11,52,11
-10,52,10
-9,53,9
-10,56,8
-12,58,5
-9,58,5
-7,55,7
-11,60,7
-13,64,3
-10,65,3
-7,69,3
-6,66,2
-6,71,4
-5,72,6
-7,73,8
-4,72,9
-6,70,8
-9,70,7
-5,72,7
-5,74,6
-6,75,6
-6,74,7
-7,75,7
-8,76,6
-8,75,7
-9,72,6
-10,70,7
-8,69,10
-7,67,11
-9,69,10
-4,67,14
-4,64,15
-6,65,12
-4,68,15
3,70,18
-9,71,8
0,74,18
9,75,20
2,77,11
-4,81,12
6,81,20
7,79,14
4,80,8
5,80,5
7,81,4
7,77,2
4,78,2
4,79,2
3,77,3
3,76,0
-1,70,4
-5,69,8
-13,66,5
-17,64,2
-24,60,5
-25,60,6
-22,56,7
-21,56,10
-11,50,15
-12,43,15
-17,42,7
-17,38,5
-26,31,9
-25,31,12
-26,30,14
-28,31,18
-26,34,20
-28,35,22
-31,40,22
-35,42,21
-42,58,19
-48,65,20
-51,78,19
-36,88,22
-32,89,19
-34,80,16
-32,68,19
-46,66,23
-45,68,15
-50,50,9
-54,49,10
-42,30,4
-34,20,0
-37,8,1
-38,7,10
-43,3,19
-51,4,20
-44,8,30
-48,12,30
-72,14,25
-55,17,26
-52,23,35
-53,18,41
-75,11,27
-71,10,19
-69,7,-2
-58,8,14
-39,-2,16
-44,1,6
-57,1,13
-63,9,15
-52,7,17
-62,27,22
-51,18,17
-39,5,5
-44,10,7
-57,21,18
-68,24,23
-67,36,9
-64,39,8
-74,44,-13
-57,47,-12
-66,64,-1
-65,60,0
-67,54,15
-51,36,29
-29,20,45
-37,10,41
-83,16,16
-45,61,35
-43,36,62
-78,29,67
-27,20,73
-8,7,68
-5,4,46
0,7,49
-26,12,30
-58,21,7
-57,29,4
-27,44,26
-40,55,23
-46,47,18
-32,44,25
-20,65,47
-19,73,50
-20,79,67
-45,76,66
-80,50,25
-62,29,28
-40,23,34
-37,31,50
-32,29,37
-47,31,18
11,65,75
-30,70,70
-27,19,55
-10,19,58
22,3,42
29,-6,41
10,7,47
2,8,32
-20,15,25
-55,31,23
-71,36,37
-30,42,50
-42,49,18
-59,70,12
-54,75,20
-53,60,26
-44,53,28
-24,48,40
-33,68,59
-48,65,56
-40,47,36
-50,36,8
-39,27,4
-34,26,11
-44,29,7
-62,33,16
-66,45,39
-38,50,71
-30,42,66
-37,41,53
-33,56,51
-39,27,18
-23,41,42
-38,37,51
-40,35,48
-32,23,50
-36,22,43
-46,22,30
-51,23,42
-51,27,41
-38,28,24
-52,30,25
-46,27,30
-46,30,25
-43,32,15
-59,38,18
-30,37,25
-36,36,22
-38,40,43
-23,42,39
-26,51,35
-38,60,28
-42,58,17
-43,58,17
-14,42,20
-18,50,19
-20,50,21
-19,52,35
-42,39,32
-28,44,35
-38,48,23
-40,49,14
-39,62,21
-44,67,23
-78,64,-2
-59,71,11
-53,90,15
-87,83,14
-44,78,10
-30,63,8
-38,63,9
4,39,27
-4,20,34
-30,48,54
-12,54,75
-43,64,65
-58,53,73
-6,18,34
-21,27,53
-20,7,49
-17,-6,42
-39,3,40
-46,15,30
-76,27,9
-70,32,-3
-34,60,-4
-55,80,-10
-72,77,3
-45,60,-2
-11,103,5
-16,60,2
8,43,44
-1,60,42
-18,55,44
-49,62,31
-35,64,31
-36,52,19
-43,58,27
-52,56,19
-46,57,19
-44,65,36
-43,53,25
-35,47,26
-39,53,29
-44,41,28
-39,40,27
-53,43,31
-58,45,27
-34,33,24
-36,30,18
-30,45,10
-23,35,12
-40,59,12
-51,73,18
-40,94,26
-35,81,21
-44,76,12
-34,48,6
10,30,32
15,15,26
10,19,43
-7,31,30
-14,32,36
-88,45,3
-70,41,10
-101,70,37
-85,69,64
-56,44,37
-51,44,29
-61,59,32
-68,68,23
-60,73,5
-59,79,2
-62,64,-12
-48,60,-9
-35,52,-3
-22,50,5
-16,50,16
-22,55,24
-27,80,54
-19,85,66
-35,64,36
-10,56,48
-27,29,31
-24,18,38
5,4,46
-12,-4,41
-11,5,44
-39,18,38
-73,19,11
-42,33,13
-61,71,12
-68,77,-1
-54,62,-4
-41,75,11
-16,84,25
7,90,47
-36,76,30
-44,86,40
-55,75,29
-52,59,22
-50,54,21
-38,34,22
-36,31,26
-12,26,29
-7,24,30
-26,32,37
-27,49,52
-43,69,46
-48,66,36
-69,44,9
-51,34,2
-28,34,21
-54,21,5
-53,14,-3
-41,19,-1
-38,17,-2
-45,18,10
-54,31,26
-64,34,10
-47,17,-1
-83,35,4
-99,49,13
-108,61,24
-91,43,20
-70,40,18
-56,31,28
-52,28,26
-58,33,27
-54,49,21
-46,46,23
-36,42,17
-30,44,19
-34,40,23
-37,36,29
-46,24,19
-45,26,21
-22,31,41
-24,31,43
-91,47,9
-65,71,7
-59,67,32
-46,34,26
-36,20,7
-28,18,37
-34,32,54
-54,31,38
-44,18,42
-44,20,42
-38,20,42
-36,20,40
-39,22,46
-39,22,61
-42,22,56
-41,14,37
-41,12,41
-56,16,33
-33,14,49
-38,13,47
-42,12,46
-37,18,49
-31,17,50
-40,13,50
-43,14,52
-32,10,54
-36,13,51
-37,11,53
-39,12,51
-35,10,52
-33,15,57
-37,13,53
-32,10,49
-37,7,43
-30,16,57
-33,17,56
-30,19,55
-34,17,55
-20,16,52
-30,11,50
-33,29,55
-28,21,55
-26,19,54
-30,24,53
-28,20,54
-22,20,56
-33,25,57
-33,26,57
-20,18,72
-11,12,79
-36,26,23
-49,-8,16
-43,24,46
-49,21,46
-48,15,42
-44,11,50
-42,11,52
-41,10,50
-42,11,50
-66,11,35
-56,11,44
-17,34,71
-44,25,57
-54,-15,41
-47,-1,20
-32,5,42
-46,18,58
-44,26,36
-10,6,48
-42,0,32
-31,-3,39
-19,4,44
-54,19,51
-74,4,37
-83,11,28
-49,24,31
-31,16,35
-70,11,10
-80,25,6
-50,15,39
-49,9,28
-54,16,17
-50,14,31
-55,17,24
-62,18,26
-57,20,31
-71,21,16
-77,25,17
-62,18,29
-59,20,18
-59,20,21
-60,19,28
-55,14,21
-56,13,19
-50,15,21
-50,16,23
-50,19,23
-49,21,27
-57,16,18
-53,21,10
-47,27,19
-61,28,15
-64,29,11
-62,34,13
-63,42,12
-60,45,14
-50,43,11
-49,49,15
-46,47,11
-44,51,15
-43,49,12
-39,38,11
-38,41,17
-55,47,16
-51,48,20
-56,37,2
-44,40,11
-45,44,17
-51,41,22
-50,36,20
-47,37,17
-44,43,22
-45,43,24
-52,40,19
-46,38,21
-49,44,24
-48,43,23
-42,44,20
-42,47,25
-44,53,23
-42,51,22
-44,46,16
-41,42,16
-37,38,14
-36,40,14
-36,52,19
-40,56,22
-43,57,21
-42,48,19
-46,46,21
-41,42,24
-33,40,24
-38,44,23
-40,45,26
-41,44,32
-40,44,31
-45,45,32
-47,50,32
-70,64,23
-72,69,23
-54,61,23
-49,57,19
-59,58,20
-50,50,27
-32,30,29
-26,16,20
-18,0,5
-11,-2,5
-28,3,5
-27,3,10
-30,12,21
-40,19,26
-74,32,17
-98,26,17
-99,29,23
-117,55,14
-99,51,33
-79,36,27
-66,29,14
-53,23,16
-36,20,21
-38,13,28
-47,14,24
-43,20,26
-61,44,45
-99,59,-3
-76,73,2
-59,38,22
-42,27,26
-32,7,36
-32,7,45
-45,9,55
-67,10,56
-55,10,40
-68,20,31
-71,24,31
-74,19,19
-67,10,8
-64,4,0
-58,-3,-5
-61,-7,0
-60,-6,3
-58,-8,10
-52,-10,11
-49,-11,18
-50,-11,18
-46,-13,25
-46,-13,26
-49,-8,13
-45,-6,24
-57,5,28
-67,6,22
-66,9,16
-61,14,26
-61,12,19
-67,11,20
-48,11,28
-41,13,26
-31,10,25
-34,14,23
-36,25,12
-63,44,13
-61,43,38
-47,8,47
-61,28,5
-63,21,9
-70,15,12
-53,11,22
-51,5,21
-57,8,39
-51,8,47
-56,11,31
-53,11,31
-51,7,24
-63,10,14
-91,8,9
-83,13,2
-60,15,8
-59,12,17
-62,4,31
-58,-1,39
-60,-5,43
-57,-7,42
-57,-8,33
-60,-6,28
-64,-2,14
-65,1,11
-63,6,16
-58,9,22
-53,9,35
-53,5,37
-51,3,36
-51,1,36
-59,2,24
-61,3,26
-61,4,30
-56,4,34
-58,0,34
-56,-2,32
-56,-4,33
-58,-8,32
-57,-12,31
-69,-16,37
-75,-18,40
-77,-3,25
-65,1,7
-40,14,6
-54,12,5
-60,4,27
-56,0,46
-72,-10,52
-67,-14,48
-49,-22,31
-32,-27,20
-48,-28,17
-43,-25,14
-46,-22,11
-48,-14,16
-43,-8,16
-50,4,18
-44,4,21
-59,13,38
-118,0,64
-54,0,38
-32,3,29
23,8,38
15,14,31
-60,16,15
-92,24,38
-91,31,24
-105,27,17
-31,18,4
-41,21,-7
-108,36,34
-85,15,28
-69,10,25
-68,8,23
-80,7,18
-69,5,21
-51,3,17
-55,6,15
-76,13,11
-72,15,9
-69,13,10
-60,15,17
-58,18,26
-62,15,18
-60,16,18
-56,14,11
-60,15,10
-67,11,4
-65,8,0
-59,7,7
-65,8,12
-67,9,9
-66,8,5
-63,6,3
-60,6,5
-69,6,-3
-68,5,-4
-78,8,9
-96,11,6
-66,12,20
-83,11,9
-64,9,26
-69,10,28
-73,14,23
-65,14,26
-68,12,13
-69,9,10
-64,4,10
-59,1,6
-57,0,5
-46,0,3
-52,0,2
-69,-4,1
-67,-6,-3
-80,-8,-6
-74,-9,-6
-66,-15,-5
-59,-18,-6
-59,-20,8
-58,-17,16
-64,-13,18
-61,-10,24
-72,-5,12
-74,-6,5
-54,-8,-1
-53,-7,0
-49,-11,7
-51,-12,8
-56,-15,3
-60,-14,4
-56,-13,12
-54,-16,16
-61,-11,17
-64,-7,17
-75,-1,11
-74,2,13
-68,2,9
-58,1,21
-60,-4,21
-58,-13,18
-61,-15,21
-67,-12,19
-68,-12,15
-60,-12,19
-54,-14,19
-50,-18,16
-48,-17,14
-47,-20,16
-45,-23,13
-47,-21,10
-51,-22,8
-65,-29,-1
-63,-22,3
-71,-16,0
-71,-18,-2
-71,-17,2
-68,-19,2
-69,-11,5
-64,-9,9
-58,-9,9
-54,-10,12
-52,-4,19
-55,-6,18
-65,-3,28
-57,-5,24
-63,-5,20
-76,1,24
-76,3,27
-77,7,32
-73,5,30
-68,1,25
-64,3,24
-58,5,22
-53,4,22
-47,-1,21
-48,-4,20
-52,-8,16
-49,-12,18
-51,-22,20
-56,-24,21
-61,-27,16
-54,-31,13
-61,-32,10
-68,-31,4
-80,-20,2
-70,-13,-1
-79,-11,-5
-77,-10,-3
-66,-9,4
-61,-5,7
-58,-3,9
-54,-6,15
-55,-8,11
-53,-9,10
-55,-9,9
-61,-5,19
-63,-4,14
-72,4,17
-72,7,25
-66,6,33
-65,4,30
-55,13,39
-59,15,42
-57,10,45
-54,10,42
-51,12,31
-46,11,34
-42,8,34
-46,7,33
-41,4,28
-47,5,26
-46,6,34
-45,6,35
-59,4,36
-52,0,41
-59,-3,41
-61,-4,42
-49,-2,48
-53,-5,39
-55,-5,38
-53,-2,35
-48,0,33
-55,10,32
-56,12,32
-53,21,30
-58,26,24
-56,29,18
-41,31,23
-68,44,21
-90,43,17
-30,26,36
-35,25,27
-12,17,9
-42,33,28
-41,43,43
-41,43,42
-46,39,41
-79,44,57
-41,29,42
-62,38,35
-39,40,44
-31,42,46
-28,45,35
-33,46,29
-31,42,28
-33,42,23
-31,46,25
-25,57,31
-28,54,33
-45,49,28
-38,37,27
-34,47,35
-51,53,28
-28,39,39
-30,30,44
-43,42,22
-39,45,28
-46,41,20
-45,41,13
-46,54,-1
-39,50,-18
-54,46,-55
-57,51,-60
-83,54,-38
-81,55,7
-62,33,41
-56,28,29
-1,29,51
-3,29,54
-26,41,45
-37,49,38
-11,53,28
-27,72,41
-13,56,49
-37,62,32
-60,71,37
-13,50,37
-17,36,17
-21,47,33
-11,52,46
-51,34,30
-38,29,53
-45,33,46
-50,36,42
-37,35,24
-39,37,23
-26,44,40
-31,31,41
-43,48,29
-35,45,30
-42,40,24
-42,42,29
-34,41,40
-35,38,41
-32,34,34
-37,33,34
-46,33,32
-34,35,44
-40,42,40
-37,34,49
-45,38,44
-44,35,44
-31,38,38
-37,42,29
-44,44,30
-42,42,30
-37,42,30
-45,45,18
-51,46,20
-36,45,24
-34,43,29
-34,44,31
-32,48,31
-36,50,30
-37,46,34
-35,47,34
-36,48,30
-38,46,29
-33,45,32
-31,47,29
-32,47,27
-33,46,29
-32,47,28
-32,49,30
-31,49,31
-31,50,31
-34,49,31
-35,48,30
-31,48,27
-29,47,27
-31,48,30
-33,50,31
-28,49,32
-31,49,33
-30,51,33
-29,50,32
-32,49,32
-30,50,32
-24,50,32
-27,46,28
-31,48,33
-29,50,39
-28,49,33
-29,46,33
-30,48,37
-28,49,37
-25,47,32
-26,44,30
-29,49,39
-31,51,41
-27,48,35
-26,45,33
-30,47,35
-25,48,35
-19,44,29
-35,48,36
-28,54,41
-20,46,35
-27,41,31
-25,52,42
-24,50,40
-24,46,36
-25,49,38
-20,51,39
-23,50,37
-21,50,36
-19,51,38
-19,51,37
-20,50,37
-22,51,38
-19,51,37
-20,50,33
-20,50,35
-18,54,36
-16,53,34
-24,50,35
-25,51,36
-21,52,33
-17,50,34
-26,49,33
-18,49,36
-17,47,35
-21,46,39
-26,50,37
-15,49,34
-16,52,36
-22,50,42
-16,44,44
-28,45,35
-30,53,31
-8,52,38
-6,47,46
-29,44,43
-18,48,46
-19,43,27
-37,55,2
-6,65,30
-1,59,47
-22,45,47
-20,56,39
-7,59,29
-20,57,21
-17,63,27
-13,74,25
-18,72,40
-7,59,42
3,50,42
-7,45,50
-10,45,58
-22,34,70
-29,29,72
-48,21,62
-49,17,64
-61,10,50
-61,4,38
-64,0,26
-62,1,18
-35,1,1
-26,7,-3
-68,27,-25
-65,31,-24
-51,31,-14
-46,26,-9
-45,23,8
-51,26,4
-59,34,-8
-58,43,8
-54,40,12
-54,36,-7
-40,30,0
-40,25,11
-58,24,16
-60,25,16
-60,30,19
-59,36,16
-63,40,15
-62,31,14
-57,30,16
-67,34,13
-73,36,16
-65,36,20
-65,37,17
-77,42,8
-70,43,4
-54,44,-7
-62,52,-10
-44,56,-6
-52,52,-7
-66,47,-10
-57,42,-4
-52,37,-3
-47,37,-3
-46,34,-3
-45,33,0
-42,32,3
-44,32,1
-46,33,5
-45,33,6
-48,34,0
-47,36,1
-53,35,6
-51,34,5
-52,35,5
-52,35,10
-52,34,12
-54,33,10
-55,32,10
-56,31,11
-56,30,12
-55,28,13
-56,27,11
-60,27,13
-57,27,15
-61,26,12
-66,28,9
-70,39,6
-64,35,6
-65,25,3
-58,23,6
-60,26,7
-60,28,1
-65,28,-3
-63,24,2
-63,20,5
-60,20,6
-60,18,9
-61,19,8
-65,21,6
-69,22,4
-65,21,9
-66,21,12
-64,19,9
-58,14,21
-64,13,23
-67,10,27
-63,8,34
-61,-2,22
-57,-5,17
-46,-7,10
-39,-5,8
-51,6,11
-50,8,14
-53,7,16
-67,15,17
-57,19,22
-61,17,18
-65,21,33
-64,17,30
-67,13,23
-61,17,25
-85,28,21
-69,27,54
-63,18,27
-63,10,21
-55,3,17
-54,3,7
-51,3,5
-71,-2,19
-56,-4,16
-55,-2,8
-53,1,2
-65,1,10
-61,4,15
-66,7,15
-62,6,12
-67,3,11
-61,0,11
-65,-6,3
-63,-9,1
-68,-10,-3
-67,-10,-1
-72,-5,-1
-71,-2,1
-67,2,7
-64,1,9
-61,-1,9
-62,-2,9
-64,-2,11
-61,-3,12
-60,-3,12
-60,-2,13
-63,-2,13
-63,-2,12
-64,-1,12
-65,2,14
-64,2,13
-63,0,16
-62,-1,15
-60,-3,18
-64,-2,16
-67,0,15
-68,2,16
-67,3,20
-65,4,21
-62,1,20
-62,0,19
-63,-1,18
-61,-4,19
-67,-3,16
-66,-1,17
-62,1,23
-62,2,23
-56,4,24
-53,5,25
-55,4,21
-56,4,21
-55,5,21
-55,3,21
-41,6,36
-58,7,15
-69,7,18
-60,7,51
-57,5,31
-46,-15,31
-48,-11,41
-48,-18,30
-49,-23,31
-57,-7,26
-54,-3,17
-69,4,14
-66,7,27
-74,16,8
-85,14,21
-71,9,28
-74,9,32
-60,3,36
-50,2,34
-59,6,22
-51,11,34
-50,12,27
-60,12,20
-60,15,28
-66,13,28
-70,11,30
-67,12,28
-65,11,31
-57,2,40
-50,-6,43
-54,-12,37
-57,-13,33
-65,-21,38
-64,-24,35
-51,-33,27
-52,-24,28
-50,-16,25
-66,-8,11
-63,-5,22
-62,2,17
-55,0,11
-58,-28,19
-42,-21,26
-51,-25,19
-48,-18,19
-36,-16,24
-72,-19,18
-64,-17,37
-33,-23,35
-44,-30,17
-54,-16,36
-50,-9,33
-36,-12,57
-43,-8,58
-43,-57,-25
-48,41,68
-61,-15,31
-38,-21,57
-49,-3,41
-48,-7,39
-32,-2,53
-49,-2,50
-48,-11,50
-61,-2,27
-38,9,46
-28,46,19
-36,40,11
-43,26,9
-43,9,5
-48,8,16
-39,-12,20
-30,-8,34
-27,-4,35
-41,-3,48
-61,14,59
-90,31,37
-106,34,17
-116,33,22
-109,33,18
-72,40,1
-79,47,-10
-85,39,-13
-56,41,-1
-49,44,2
-39,50,2
-37,50,3
-31,51,8
-29,51,9
-26,54,8
-27,61,8
-22,69,7
-17,69,4
-11,65,1
-10,62,0
-8,63,-4
-8,62,-6
-4,65,-5
-3,64,-5
-1,65,-3
2,67,-2
4,68,-4
3,68,-5
2,67,-2
3,65,0
3,65,1
3,64,1
3,63,2
3,63,1
3,62,0
2,62,-1
1,63,-2
0,65,-4
0,69,-3
1,74,-4
1,74,-5
0,75,-5
1,75,-5
1,66,-6
-3,63,-5
-9,64,-6
-11,60,-6
-17,54,-3
-20,56,-2
-18,61,-2
-16,62,-4
-16,67,-6
-15,66,-6
-16,67,-4
-17,66,-4
-20,63,-3
-21,61,-3
-24,53,-3
-26,51,-3
-33,51,-1
-37,53,0
-42,58,1
-40,62,6
-38,62,7
-35,62,8
-33,62,7
-32,62,6
-33,62,6
-32,62,9
-31,61,10
-32,59,16
-32,56,18
-27,49,18
-27,47,18
-32,43,23
-37,40,25
-38,39,26
-39,41,30
-47,42,30
-47,39,28
-49,36,27
-51,35,27
-52,29,28
-52,24,30
-60,20,30
-69,20,35
-78,13,36
-82,12,38
-74,7,50
-60,-2,40
-57,-1,39
-35,-8,33
-37,-8,34
-40,-13,36
-36,-16,38
-32,-17,39
-28,-20,38
-22,-25,38
-19,-28,36
-18,-34,36
-18,-34,35
-24,-39,33
-26,-41,33
-36,-48,35
-39,-52,36
-42,-55,40
-39,-52,41
-23,-39,40
-13,-38,39
-9,-41,37
-11,-42,37
-23,-40,39
-26,-37,38
-21,-36,33
-19,-37,32
-16,-40,34
-22,-42,42
-24,-43,45
-27,-44,48
-26,-45,47
-26,-43,43
-25,-44,41
-31,-48,40
-38,-49,43
-41,-42,43
-41,-38,43
-35,-36,37
-30,-36,33
-34,-39,36
-40,-37,37
-33,-40,31
-31,-40,30
-32,-42,21
-33,-45,17
-45,-51,3
-48,-52,2
-60,-48,-1
-62,-47,-3
-62,-40,5
-61,-37,10
-55,-35,21
-52,-38,26
-44,-40,37
-43,-41,41
-39,-43,41
-39,-44,39
-37,-41,40
-36,-35,39
-36,-30,38
-34,-24,38
-31,-19,38
-25,-15,38
-27,-15,46
-27,-6,53
-27,-8,60
-28,-12,71
-25,-17,75
-32,-26,76
-43,-32,72
-44,-45,59
-39,-51,49
-28,-48,34
-39,-43,35
-36,-42,42
-29,-36,49
-1,-26,43
13,-24,35
6,-54,29
-62,-51,42
-71,-58,47
-84,-28,58
-82,-22,53
-59,-20,45
-50,-19,48
-29,-17,51
-25,-16,49
-22,-13,49
-22,-13,49
-23,-11,36
-15,-13,30
-31,-22,48
-43,-20,49
-27,-24,58
-21,-23,66
-18,-21,67
-20,-20,68
-16,-18,62
-15,-16,57
-15,-20,45
-16,-23,42
-16,-25,41
-18,-24,44
-18,-24,45
-16,-25,44
-25,-21,45
-41,-13,43
-47,-9,41
-63,4,45
-66,11,46
-67,11,39
-69,12,36
-55,11,35
-51,9,30
-64,13,30
-69,17,31
-52,14,13
-50,13,7
-63,17,5
-59,20,9
-53,29,10
-51,36,8
-50,43,0
-59,46,-17
-73,44,-34
-66,41,-28
-62,41,-23
-55,45,-19
-36,42,-5
-33,42,2
-44,44,-1
-43,44,-5
-47,46,-6
-50,51,-10
-52,50,-12
-49,48,-5
-57,47,-5
-50,48,12
-47,45,12
-45,38,-3
-55,44,-5
-50,53,-7
-40,59,3
-49,60,-3
-52,53,-19
-26,61,-13
-19,57,-10
5,53,-29
0,58,-32
-13,87,-16
-12,75,-12
-15,78,-1
-20,86,6
-31,81,23
-44,83,28
-53,84,30
-42,81,38
-23,57,42
-23,51,28
-25,61,8
-13,60,9
-19,60,6
-25,62,-2
-31,63,-9
-35,74,-17
-32,79,-20
-15,81,-20
-17,79,-22
-29,74,-31
-32,74,-31
-19,71,-35
-11,72,-38
7,71,-29
4,64,-31
-4,66,-38
-9,63,-42
-8,58,-43
-21,65,-43
-21,62,-36
-13,60,-28
-14,66,-1
-17,54,-4
-8,54,-15
-10,63,-20
-34,65,-27
-39,63,-27
-27,66,-30
-23,63,-9
-19,56,1
-19,54,9
-26,56,8
-59,56,10
-45,50,4
-48,50,-6
-58,52,-8
-43,50,-1
-27,50,0
-29,49,-7
-27,50,-14
-9,41,-18
-14,40,-18
-48,40,-32
-16,35,-20
-7,44,-16
-29,47,-30
-64,52,-35
-44,50,-23
-31,39,-20
-39,37,-23
-52,34,-6
-68,28,-9
-86,36,-30
-75,36,-28
-50,34,0
-55,32,10
-57,37,11
-64,43,18
-62,41,19
-42,37,28
-39,41,30
-40,41,19
-45,41,23
-41,29,31
-51,26,34
-54,26,40
-58,27,34
-72,29,42
-54,24,40
-39,23,18
-41,24,13
-30,24,24
-12,23,30
-12,30,34
-25,34,46
-51,27,56
-63,28,45
-63,26,41
-54,26,40
-52,34,40
-48,36,38
-50,41,40
-29,43,39
-41,43,36
-39,30,34
-45,22,32
-27,23,48
-45,21,39
-45,19,42
-41,16,41
-47,17,47
-53,11,44
-61,10,44
-54,12,44
-39,15,40
-40,16,38
-33,20,45
-35,20,46
-40,21,46
-43,22,52
-43,20,51
-42,25,49
-43,24,49
-42,23,48
-39,24,42
-42,26,44
-35,20,43
-37,22,45
-38,18,45
-51,21,42
-60,15,45
-32,23,58
-33,25,54
-30,15,50
-34,22,48
-42,26,46
-48,24,43
-30,31,44
-27,29,46
-32,7,43
-45,7,48
-55,0,46
-58,-4,47
-51,4,51
-39,9,53
-31,10,45
-25,9,50
-28,14,55
-40,14,55
-40,12,53
-34,15,51
-26,12,50
-30,12,48
-32,20,52
-32,17,51
-42,15,50
-37,11,50
-39,13,51
-28,13,53
-38,11,48
-54,11,47
-51,13,45
-39,14,47
-45,18,47
-36,19,36
-49,14,41
-46,25,43
-46,29,44
-51,33,50
-51,35,45
-37,30,48
-55,29,51
-26,10,29
-31,9,35
-55,20,45
-70,17,36
-64,5,36
-44,10,40
-51,15,36
-45,12,32
-46,16,33
-52,22,35
-64,20,32
-55,26,37
-44,36,39
-60,30,25
-70,21,23
-50,27,36
-44,31,34
-64,30,28
-59,24,26
-48,22,33
-35,20,32
-42,22,24
-40,21,24
-54,27,16
-63,26,23
-59,32,24
-57,31,28
-59,28,22
-59,30,23
-56,32,12
-45,30,10
-53,35,7
-66,31,5
-71,30,9
-71,30,6
-83,42,-1
-84,37,11
-35,24,11
-18,39,44
-29,44,44
-54,51,21
-40,42,26
-16,37,10
19,31,25
6,30,40
-18,19,31
-10,10,13
-2,21,52
-77,54,64
-36,62,87
-64,86,45
-72,70,40
-79,58,-21
-120,60,-25
-11,25,-11
53,19,73
-7,-5,15
-27,-1,-1
46,22,64
2,34,12
-35,30,-41
-42,102,-1
-64,127,62
-42,127,62
69,114,61
50,90,18
-38,84,29
-44,27,-52
-80,14,-22
-8,-9,19
-21,1,45
-32,5,36
-20,16,30
19,33,-3
20,48,-11
-26,97,-18
-49,127,-58
-4,120,-21
70,88,59
28,98,5
-3,85,-36
37,23,-44
29,14,-35
33,18,10
21,38,-19
52,64,-6
45,68,3
17,47,-45
25,58,-25
-18,70,4
28,88,-10
14,78,6
22,65,1
14,66,-2
5,62,-7
0,68,2
33,67,-16
41,77,-10
19,75,5
6,75,14
4,82,11
86,80,-28
6,10,-122
-39,4,-98
73,-8,-17
74,5,-22
30,38,-35
17,75,-10
50,93,-8
16,86,-22
20,34,-35
37,41,-29
60,20,-5
17,22,-10
26,50,-1
71,53,6
0,60,-25
-20,55,-13
41,47,20
61,36,2
28,52,-21
40,50,11
11,52,20
11,44,9
11,36,-12
-6,30,-56
-8,55,-32
3,97,-33
-18,124,-51
-26,127,-71
-12,126,-56
103,74,-21
126,39,-12
3,40,-39
4,39,-44
13,25,-10
-19,33,6
-33,45,-4
-51,22,-40
-40,15,-32
-21,47,-5
17,63,-10
-38,42,-39
-32,73,-19
-45,65,-45
15,93,-19
16,87,3
-30,96,2
-10,71,-25
-16,64,-27
-30,71,-14
25,47,-8
-56,83,17
-41,69,12
-12,46,15
-18,60,41
-28,60,14
-32,66,11
-31,65,14
-37,60,13
-48,52,15
-43,51,11
-33,50,20
-38,53,22
-41,50,17
-39,48,21
-35,48,29
-44,48,25
-37,45,25
-36,49,28
-41,52,31
-44,43,28
-43,38,33
-48,34,33
-44,26,35
-42,35,36
-47,33,31
-45,36,34
-47,34,32
-43,29,31
-36,33,38
-31,35,53
-27,33,54
-36,30,48
-34,27,47
-25,29,46
-31,31,47
-47,32,49
-43,25,40
-50,22,27
-48,21,35
-51,20,35
-51,19,34
-56,22,23
-57,23,27
-58,24,26
-59,21,22
-60,22,14
-60,22,14
-58,24,24
-54,22,16
-54,23,20
-53,25,27
-54,25,25
-51,25,22
-52,28,26
-54,27,22
-57,26,20
-54,29,23
-54,27,25
-53,27,21
-52,26,21
-55,28,26
-54,27,25
-55,25,25
-53,25,30
-40,23,30
-33,26,38
-47,30,47
-44,27,46
-42,24,38
-47,26,35
-36,32,48
-25,30,54
-42,29,31
-59,32,16
-41,26,16
-59,26,-5
-60,29,-8
-70,26,-15
-63,26,-20
-54,29,-11
-57,30,-7
-59,31,-16
-56,31,-18
-56,32,-18
-55,31,-17
-54,32,-16
-55,31,-17
-56,30,-16
-55,30,-17
-55,30,-17
-55,29,-15
-56,30,-17
-55,30,-16
-54,31,-17
-56,30,-17
-55,29,-15
-56,29,-16
-56,29,-17
-57,30,-18
-57,30,-19
-59,30,-21
-56,29,-15
-62,29,-14
-62,30,-12
-59,32,-1
-60,31,3
-62,30,10
-67,32,14
-63,39,19
-65,31,14
-51,26,21
-50,26,22
-53,22,19
-54,22,22
-55,19,18
-52,16,18
-56,16,12
-57,16,9
-60,12,7
-60,11,4
-59,6,-3
-60,6,-2
-63,5,-1
-62,6,-2
-62,5,-3
-65,5,-3
-68,6,-7
-68,6,-7
-68,7,-1
-68,6,-1
-67,7,-2
-65,8,-2
-61,8,0
-63,7,-1
-63,5,-5
-61,0,-9
-57,2,-6
-59,4,-11
-63,6,-13
-61,8,-12
-59,10,-10
-61,12,-10
-60,11,-11
-57,8,-9
-57,9,-10
-65,8,-6
-67,8,-7
-70,5,-11
-71,4,-9
-63,5,-11
-73,9,-17
-80,17,-23
-81,17,-34
-102,17,-41
-91,11,-38
-94,6,-39
-80,6,-29
-49,-1,-15
-29,-9,-8
-37,-11,-6
-30,-22,-10
-37,-25,-5
-40,-38,-7
-40,-41,-5
-43,-41,-1
-42,-39,-1
-42,-38,1
-53,-36,-1
-51,-32,5
-54,-32,-1
-55,-40,-19
-54,-39,-16
-39,-34,-19
-50,-32,-18
-41,-44,-44
-30,-40,-38
-46,-38,1
-71,-38,-2
-62,-41,-31
-32,-40,-37
-9,-32,-23
-24,-37,-22
-5,-25,1
-28,-18,-11
-64,-14,-39
-104,-20,-40
-108,-28,-47
-75,-26,-37
-47,-19,11
-56,-13,29
-62,-10,29
-86,1,41
-77,0,40
-62,2,51
-61,2,39
-61,-12,7
-66,-13,-11
-76,-11,-15
-67,-12,-16
-63,-16,-29
-44,-20,-33
-38,-33,-28
-45,-36,-20
-51,-37,-12
-53,-34,-9
-59,-26,-3
-58,-23,1
-51,-22,9
-49,-20,9
-44,-22,12
-43,-25,5
-42,-27,0
-47,-37,-17
-53,-35,-21
-75,-35,-24
-79,-39,-29
-25,-33,9
-11,-32,35
-48,-22,52
-57,-24,46
-36,-25,59
-29,-21,66
-29,-18,55
-26,-16,57
-26,-11,62
-33,-14,56
-32,-14,56
-38,-12,53
-35,-12,49
-33,-9,48
-29,-11,47
-26,-12,42
-40,-1,38
-38,0,39
-38,2,44
-39,7,47
-28,10,50
-28,12,51
-26,14,46
-94,38,87
-105,30,116
-1,11,47
-8,18,45
-33,31,55
-32,29,54
-26,31,50
-26,30,53
-24,27,54
-26,28,54
-30,28,52
-29,28,51
-30,27,51
-31,27,51
-33,26,49
-34,27,49
-33,28,49
-32,28,49
-31,28,50
-29,27,51
-29,27,51
-31,26,51
-31,26,50
-31,27,50
-32,27,49
-32,28,49
-31,27,50
-32,26,50
-32,27,50
-32,26,50
-32,27,50
-32,26,50
-33,26,50
-33,27,49
-34,26,49
-33,26,49
-33,26,49
-33,26,49
-33,26,49
-34,26,49
-34,26,49
-35,26,48
-35,26,48
-35,26,48
-34,26,48
-33,27,50
-30,25,50
-33,26,50
-36,25,50
-35,22,49
-33,22,52
-37,20,51
-37,17,49
-32,16,50
-34,16,52
-30,12,48
-26,7,46
-21,10,44
-20,19,45
-33,23,49
-28,36,48
-11,38,54
-68,48,32
-69,41,13
-49,34,10
-55,44,10
-49,46,17
-47,44,17
-50,45,5
-47,48,1
-38,49,3
-55,44,10
-49,46,17
-47,44,17
-50,45,5
-47,48,1
-38,49,3
-29,51,5
-36,63,5
-44,72,-1
-88,98,-3
-128,127,-2
-5,127,45
-15,98,7
-41,73,39
-27,37,33
21,-33,32
82,-34,3
-16,20,-45
-119,57,-58
-74,37,-49
-60,46,-52
-24,69,-30
-36,58,-4
-47,35,-46
-63,35,-40
-52,29,-31
-33,25,-46
-19,25,-58
10,22,-54
14,22,-37
-39,20,-35
-67,24,-43
-63,9,-45
-46,4,-40
-36,3,-37
-40,3,-39
-43,0,-39
-44,1,-38
-56,8,-34
-65,17,-32
-64,21,-31
-62,21,-31
-55,21,-30
-52,20,-30
-52,20,-30
-53,21,-29
-56,21,-29
-60,20,-22
-62,19,-20
-63,17,-20
-62,18,-18
-55,18,-16
-55,19,-16
-59,20,-16
-60,20,-15
-63,21,-13
-65,21,-12
-64,20,-13
-62,19,-13
-58,18,-13
-58,18,-15
-60,17,-15
-60,16,-15
-62,14,-14
-63,15,-12
-64,17,-9
-64,17,-8
-65,17,-6
-62,17,-9
-55,14,-12
-61,10,-9
-60,7,-9
-55,6,7
-62,7,11
-78,8,-16
-70,3,-20
-59,4,-20
-57,4,-26
-59,6,-38
-62,10,-37
-67,9,-32
-63,10,-29
-46,8,-16
-44,12,-9
-55,5,-25
-52,2,-31
-54,-3,-44
-55,-4,-44
-49,-4,-39
-51,-4,-41
-52,-5,-48
-54,-5,-42
-73,0,-33
-70,-1,-41
-67,-3,-22
-66,0,-18
-33,0,7
-26,-5,53
-27,-6,54
-13,0,56
-24,3,64
-27,3,60
-24,4,65
-18,3,57
-20,4,59
-17,10,67
-14,10,63
-18,14,55
-25,17,53
-28,18,52
-27,17,53
-28,19,48
-30,20,42
-33,24,48
-33,27,49
-36,27,46
-37,28,46
-36,30,41
-35,31,34
-43,40,32
-41,43,29
-33,45,11
-33,55,10
-44,74,1
-45,67,-22
-47,72,-25
-43,70,-37
-45,64,-41
-41,58,-51
-35,66,-36
-18,59,-29
-19,58,-34
-21,60,-37
-10,64,-40
-10,59,-41
-11,56,-36
-7,52,-31
-11,51,-31
-7,46,-27
-4,45,-32
-5,44,-39
0,44,-39
12,48,-34
-1,49,-45
2,50,-42
-7,47,-38
-12,50,-43
-8,44,-44
8,51,-22
14,56,-22
-8,62,-28
-13,61,-26
-9,58,-26
-8,50,-26
-15,49,-28
-13,54,-23
-14,58,-24
-18,64,-20
-15,64,-20
-22,66,-25
-22,65,-22
-14,59,-22
-18,59,-24
-9,53,-24
-7,56,-21
-17,57,-32
-14,60,-26
-23,63,-28
-16,65,-25
-20,62,-24
-12,59,-26
-17,57,-28
-18,55,-29
-13,53,-28
-10,51,-26
-6,53,-22
-8,52,-24
-13,58,-28
-14,67,-20
-13,67,-25
-12,64,-24
-16,64,-20
-15,57,-18
-13,52,-19
-13,50,-22
-13,45,-11
-22,38,-12
-24,36,-24
-25,32,-19
-10,26,-16
17,19,-13
4,26,-4
-23,41,-26
-26,37,-39
-35,51,-29
-33,57,-18
-22,52,-24
-15,57,-24
-27,78,-15
-25,79,-20
-15,92,-9
-18,100,-6
-17,97,-18
-17,98,-24
-4,79,-19
2,82,-7
12,84,-3
12,116,3
1,107,-14
-29,90,-7
-35,89,-16
-32,78,1
-19,63,2
-11,61,-31
-14,56,-35
29,42,-25
37,48,-27
-9,80,-33
-20,80,-33
-18,81,-15
-19,82,3
-71,85,-4
-90,76,-14
-51,74,11
-39,70,8
-14,66,6
13,56,2
35,37,-2
53,31,-7
26,21,-44
0,32,-39
-2,31,-63
-81,73,-62
-91,85,-35
-58,100,13
-58,105,1
-10,125,44
-28,103,42
-27,110,30
-38,102,16
-16,33,-20
-15,20,-18
-70,5,-44
-60,9,-34
-16,-3,-42
15,-2,-34
-18,29,-38
-20,32,-43
-23,32,-64
-17,25,-74
-41,47,-80
-60,65,-89
-19,53,-62
-16,55,-48
-31,60,-56
-7,74,-35
-35,127,5
-27,127,29
-4,97,34
-10,93,22
6,73,18
-4,64,-9
-8,40,-13
-15,36,10
-50,27,10
-38,16,20
-31,17,16
-28,16,-2
-57,19,-16
-44,40,-1
-53,44,-4
-89,51,-50
-66,46,-48
-15,60,-26
2,56,-12
-7,42,-8
-19,50,-5
-27,44,-39
-20,44,-48
-14,60,-25
-8,55,-20
-2,69,-20
-9,74,-17
8,74,-18
2,79,-17
-14,85,-12
19,92,12
26,93,18
19,78,16
13,83,-3
-29,104,-18
-16,99,-17
57,99,0
0,99,-16
25,84,-3
27,77,-1
0,77,-8
-10,78,-7
8,70,15
9,69,20
-5,67,23
-10,66,23
-11,78,6
-15,78,-3
-16,58,-7
4,48,-19
-2,25,-25
-11,14,-20
-30,-3,6
-40,8,24
-66,63,20
-28,81,29
-15,74,7
-11,69,-1
-27,61,1
-32,36,5
-25,30,-11
-28,20,-24
-36,19,-24
-21,54,-14
-20,52,7
-21,63,6
-20,77,7
-69,108,-7
-58,111,-12
-53,82,2
-60,75,-8
-47,51,10
-55,52,0
-43,29,-28
-25,17,-21
-43,30,-23
-41,28,-30
-47,41,-16
-52,41,-13
-39,39,-19
-42,38,-17
-53,39,-16
-61,39,-11
-76,41,-10
-95,45,-40
-113,47,-42
-66,40,-27
-87,30,-52
-52,7,-46
-30,-3,-41
87,15,24
111,9,48
54,11,5
-3,13,-47
-128,28,-58
-128,50,-42
-9,54,22
-50,90,39
-128,40,-5
-114,18,3
-52,14,27
-53,10,19
-46,0,12
-30,-4,16
-34,22,2
-62,33,-1
-74,36,16
-66,38,11
-73,43,-11
-49,45,5
-25,42,9
-48,30,-19
-66,27,-40
-57,2,-72
-69,-8,-63
-32,-13,-31
-18,-6,1
24,25,-13
0,67,-17
-4,127,34
-31,127,27
-10,122,-20
-7,106,-30
-46,93,-53
-42,67,-70
-49,33,-76
-31,22,-65
-54,21,-61
-38,15,-36
2,14,36
-40,45,62
-47,54,37
-69,87,63
-74,100,-42
-44,89,-38
2,90,4
-12,71,-2
77,97,42
7,68,-12
6,71,-20
-11,66,-19
-47,61,-51
-49,68,-75
-28,61,-55
-42,55,-20
-29,51,-15
19,48,35
-5,52,28
12,57,49
8,63,14
-4,65,-4
-28,85,10
-36,72,6
-26,57,-8
-46,67,5
-45,67,24
-29,53,26
-30,54,23
-29,55,10
-27,57,8
-21,59,9
-18,59,14
-22,54,12
-36,59,10
-40,61,2
-43,55,19
-35,57,26
-24,57,20
-21,61,21
-14,61,5
-21,63,4
-28,68,10
-30,67,17
-14,88,6
-26,83,1
-20,87,13
-19,89,-4
-34,77,-17
-41,55,-9
-39,82,51
-38,84,47
-9,69,55
-1,50,25
-10,31,4
-7,30,-4
-41,37,14
-60,42,20
-32,43,12
-38,53,18
-53,52,25
-57,50,23
-32,28,10
7,18,20
-3,14,7
-13,34,22
8,28,32
-6,35,74
-35,34,58
-47,20,37
-45,24,40
-33,42,34
-27,40,37
-39,36,34
-83,50,22
-39,54,51
-16,65,47
3,67,40
-21,55,27
-70,67,17
-20,49,41
17,77,45
16,71,21
-22,45,18
-41,45,21
-55,49,46
-24,45,82
-77,34,31
-80,22,20
-3,6,23
-22,19,19
-75,34,-7
-45,64,65
-30,70,89
-36,88,69
-50,87,49
-76,75,14
-41,48,22
-9,11,-7
7,1,-23
10,6,26
8,4,35
-57,27,21
-64,30,21
-56,31,-8
-82,28,-23
-71,39,0
-81,35,1
-83,38,-20
-87,33,-25
-27,38,-37
-58,43,-22
-53,35,1
-55,38,1
-84,44,-8
-67,41,-3
-38,24,6
-36,27,7
-56,27,15
-70,21,4
-72,21,8
-66,23,14
-52,20,2
-38,23,21
-53,30,19
-55,28,5
-67,28,-3
-70,24,-2
-65,23,1
-54,23,-3
-60,22,-5
-61,22,3
-56,22,10
-66,21,6
-79,22,2
-73,22,1
-65,24,9
-65,16,7
-61,12,11
-40,14,30
-55,16,23
-52,10,31
-37,14,44
-58,30,40
-62,31,40
-38,19,44
-42,22,40
-43,20,37
-49,8,32
-30,7,41
-61,16,50
-72,11,37
-40,2,43
-49,15,41
-26,25,43
-29,23,39
-46,25,44
-43,24,46
-36,29,54
-49,26,33
-35,15,49
-39,14,43
-37,15,50
-47,22,54
-32,19,52
-33,20,43
-38,25,46
-46,26,46
-34,22,47
-34,18,44
-46,24,50
-40,24,52
-26,21,50
-26,17,44
-44,19,48
-46,27,52
-53,27,52
-51,19,44
-53,18,40
-44,10,34
-45,8,32
-39,9,39
-36,10,42
-45,15,40
-48,15,41
-45,19,51
-46,29,53
-42,20,46
-36,13,41
-44,14,49
-47,15,44
-51,14,45
-41,11,45
-41,12,48
-39,15,46
-39,11,54
-41,16,57
-33,1,47
-44,1,46
-33,13,53
-40,20,49
-43,21,50
-34,12,49
-34,14,52
-42,17,52
-36,15,51
-32,17,54
-35,20,55
-31,26,49
-23,20,51
-32,11,51
-38,11,50
-44,15,57
-37,17,52
-40,12,43
-30,19,54
-35,19,53
-33,18,55
-30,22,50
-28,21,46
-33,15,52
-51,18,43
-32,18,55
-27,24,52
-30,27,53
-33,23,51
-27,23,55
-42,13,51
-48,15,49
-35,18,51
-29,19,47
-39,19,49
-44,23,50
-25,25,51
-34,25,47
-34,27,53
-31,26,55
-21,25,48
-32,26,43
-49,15,43
-54,15,37
-49,23,39
-48,24,40
-54,22,35
-56,23,41
-39,26,40
-42,25,39
-52,22,37
-52,25,33
-42,17,38
-52,19,38
-54,21,29
-59,22,28
-42,23,31
-62,24,15
-73,13,-1
-45,7,19
-21,15,23
-48,24,-3
-72,19,-15
-68,23,-21
-77,19,-28
-82,26,-19
-70,26,-27
-59,16,-16
-61,26,-15
-71,24,-33
-71,19,-34
-82,22,-14
-64,25,-4
-46,13,5
-44,11,13
-32,5,30
-30,6,33
-57,-3,7
-58,-5,-1
-73,15,21
-86,21,15
-53,24,26
-44,34,39
-43,24,44
-74,17,38
-62,14,40
-49,15,35
-38,13,33
-15,13,44
-31,23,48
-49,41,53
-52,38,56
-48,40,63
-33,27,53
-12,18,46
-12,26,54
-35,41,47
-30,53,55
-41,95,59
-70,78,38
-44,56,39
-47,62,34
-99,47,-52
-84,21,-91
-83,-40,-128
-48,-60,-128
6,-38,-44
9,-23,2
23,-4,61
-2,-2,43
-60,-6,-4
-54,-17,-19
-45,-7,-25
-90,-4,-68
-23,1,-36
-14,34,-4
1,43,8
-20,91,-3
-30,116,-7
-26,127,-51
-31,127,-83
-42,98,-57
-19,84,-33
-31,65,-42
-25,49,-54
-37,39,-76
-45,32,-72
-24,22,-51
-8,22,-33
-63,15,-60
-28,11,-70
41,17,-33
17,32,-25
19,36,-3
20,40,25
-43,99,31
-68,107,14
1,104,17
-86,84,-75
-25,79,-57
-58,67,-37
-45,66,-27
-14,51,-31
2,47,-30
-9,36,-31
-18,32,-30
3,42,-28
3,51,-22
3,59,-8
5,72,-8
-16,74,-11
-17,75,-10
-37,86,-28
-45,83,-40
9,70,-7
2,63,-5
-22,63,-11
-25,60,-12
-18,54,-9
-15,57,-5
-13,57,0
-7,59,3
-11,61,2
-16,60,0
-22,60,-4
-23,61,-9
-21,66,-10
-12,72,-3
-7,70,-2
3,65,-7
3,64,-8
-5,62,-10
-5,60,-13
5,63,-12
1,63,-12
-3,64,-18
-8,65,-20
-11,63,-21
-6,64,-17
-7,64,-15
-7,63,-13
-13,62,-12
-15,61,-10
-14,60,-8
-15,64,-8
-15,67,-2
-17,66,-4
-17,64,-7
-16,61,-6
-18,56,-5
-18,56,-5
-14,57,-2
-14,61,-6
-11,64,-8
-3,65,-14
-6,65,-16
-10,68,-18
-12,70,-19
-17,71,-20
-20,69,-19
-20,64,-14
-20,63,-12
-20,62,-12
-19,63,-11
-14,61,-12
-14,61,-10
-16,59,-10
-17,58,-10
-19,56,-8
-21,55,-7
-19,54,-6
-17,56,-6
-16,62,-5
-14,64,-5
-11,69,-5
-11,70,-4
-11,72,-4
-10,71,-5
-9,68,-6
-9,64,-5
-9,62,-4
-12,59,-6
-13,58,-7
-15,58,-7
-17,58,-8
-23,64,-6
-22,66,-6
-17,68,-8
-15,67,-8
-11,63,-5
-11,63,-4
-12,60,-4
-13,60,-5
-15,59,-5
-16,60,-5
-18,64,-4
-17,66,-4
-15,67,-6
-14,67,-5
-13,67,-5
-12,67,-5
-10,63,-5
-10,61,-5
-11,61,-5
-11,62,-5
-10,65,-4
-9,65,-4
-9,66,-3
-8,70,-2
-8,72,0
-3,72,0
1,70,1
3,65,0
2,59,-1
-1,55,2
-5,57,1
-8,59,-1
-8,63,3
-8,65,9
-8,65,11
-10,65,10
-12,68,10
-9,69,7
-7,69,7
-3,66,7
-3,65,6
-1,65,4
0,66,3
0,65,2
2,65,1
6,65,-1
6,62,-2
6,61,-2
5,60,-3
5,59,-3
5,59,-5
4,58,-5
3,57,-5
1,58,-7
2,58,-12
3,60,-13
-1,58,-10
1,63,-5
7,62,-5
7,63,-7
5,71,-8
2,69,-10
-4,68,-21
1,68,-18
5,66,-12
1,69,-12
-3,62,-5
3,68,1
-5,74,12
3,61,12
-16,44,-14
-11,54,-4
-2,47,-2
-2,47,-5
-7,56,-6
-8,62,-6
-5,70,-9
-57,114,-3
-20,88,25
-14,72,-23
-16,62,-35
-22,72,-14
-34,61,-12
-22,61,-15
-22,61,-17
-34,57,-17
-39,60,-21
-18,59,-22
-32,61,-14
-24,65,-13
-29,60,-16
-39,54,-14
-33,57,-11
-21,60,-6
-25,58,-9
-33,56,-14
-27,55,-16
-29,61,-6
-26,61,-11
-35,57,-14
-34,54,-15
-35,50,-15
-32,51,-9
-30,49,-13
-36,51,-8
-37,53,-9
-36,56,-8
-36,60,-5
-37,63,-10
-35,64,-12
-35,61,-12
-29,59,-14
-26,54,-16
-35,53,-24
-45,70,-32
-46,78,-27
-25,78,-19
-5,79,-4
-1,68,6
-3,69,8
-2,60,7
-7,60,5
-16,62,-2
-21,60,-6
-25,63,-9
-25,63,-10
-24,62,-11
-22,63,-11
-21,64,-6
-19,66,-3
-6,58,1
-7,59,1
-9,59,1
-5,57,0
-3,56,0
-1,56,2
3,57,5
11,59,7
14,63,7
15,66,9
13,65,11
10,63,12
9,61,12
8,61,10
12,59,9
9,61,8
5,64,7
1,71,4
0,69,2
0,64,1
-1,63,-1
1,62,-4
0,62,-5
-1,62,-7
-2,62,-6
-2,64,-3
-2,65,-1
2,67,2
5,74,5
7,76,3
15,68,1
18,67,1
14,67,0
11,69,-1
10,71,-3
11,70,-3
10,70,-2
9,70,-1
8,71,1
6,69,2
3,64,8
8,60,10
11,58,11
14,57,8
15,59,16
18,60,21
17,64,24
7,61,34
7,44,43
10,48,47
-3,45,55
3,44,57
-17,44,55
-21,46,48
-38,33,43
-38,37,34
-57,27,25
-47,25,27
-35,22,30
-56,32,44
-52,36,40
-34,25,11
-42,27,10
-53,34,10
-36,30,23
-64,19,30
-44,18,30
-51,11,40
-61,9,41
-39,6,52
-55,1,42
-58,13,41
-39,20,38
-41,3,56
-45,1,52
-42,-28,57
-53,-19,46
-74,-13,38
-50,-22,40
27,-5,59
-44,26,40
6,31,93
31,5,45
-16,10,5
-25,13,-48
-118,4,-91
-50,10,-13
25,12,-12
-128,33,-114
-128,35,-53
-50,10,-29
-74,12,-37
-50,28,-56
-44,21,-39
-56,19,-36
-52,14,-36
-46,15,-36
-43,16,-27
-51,22,-37
-54,39,-24
-70,42,-19
-75,37,-26
-101,37,-24
-58,30,-21
-69,20,-17
-49,12,-2
-64,10,6
-75,10,20
-57,5,13
-26,0,31
-55,16,38
9,2,46
16,9,53
-4,14,71
9,14,88
-10,21,54
-5,23,51
-16,38,44
-25,39,30
-19,33,22
-19,32,12
-22,32,-11
-30,35,-28
-71,50,-26
-82,54,-21
-84,40,-23
-85,41,-21
-84,38,-4
-83,35,-19
-75,50,-18
-56,55,-8
-47,55,6
-50,47,6
-31,50,8
-31,53,7
-36,62,-4
-31,56,-11
-28,56,-3
-34,58,-8
-35,61,-15
-33,58,5
-34,57,8
-35,63,0
-33,63,4
-36,54,-2
-37,52,0
-43,55,4
-45,58,4
-43,55,-6
-38,66,-9
-18,59,-23
-8,45,-15
-43,38,-25
-53,35,-22
-48,40,-6
-44,43,-1
-56,50,3
-64,48,-4
-48,47,7
-49,49,21
-45,47,19
-60,55,35
-53,48,33
-51,48,27
-56,52,21
-50,53,13
-48,55,9
-55,57,-3
-52,58,-11
-58,55,-20
-57,55,-22
-55,48,-32
-45,45,-32
-46,48,-39
-54,50,-34
-39,35,-13
-33,25,-13
-51,22,-15
-43,21,-9
-38,33,-10
-49,41,-21
-46,46,-11
-46,43,-6
-47,42,-16
-60,42,-22
-39,57,-4
-33,50,0
-73,41,4
-81,41,29
-89,32,1
-44,25,-4
-29,45,2
-36,68,15
-35,64,6
-54,71,-39
-24,67,-39
-8,56,-18
-13,57,-25
4,60,-42
8,55,-40
-14,64,-18
-31,62,-7
-59,70,-14
-76,79,-22
-71,96,-14
-56,102,-19
-40,109,-26
-30,111,-19
-30,124,10
-10,101,9
-16,80,3
-25,81,-3
-36,88,-8
-31,84,-10
-4,71,-9
1,61,-1
-7,42,16
-2,48,22
-1,41,25
-14,34,29
-17,34,29
-33,24,21
-40,15,16
-54,32,-2
-65,64,0
-61,63,26
-62,40,23
-65,48,9
-58,52,16
-53,30,20
-50,18,16
-47,11,8
-46,12,3
-38,20,-4
-37,28,-7
-40,38,-9
-46,41,-15
-46,53,2
-45,53,13
-87,127,-7
-47,12,0
-63,83,27
-71,84,33
-38,67,-5
92,127,39
-39,11,21
-18,7,11
13,22,34
35,60,69
22,26,64
-5,34,58
17,35,64
20,42,46
19,52,44
18,58,31
57,45,46
42,23,34
26,35,65
27,70,15
-51,66,-98
-70,26,-126
-64,48,-101
-72,69,-75
-79,60,-57
-45,42,-28
-17,33,23
-8,41,35
-16,52,42
8,17,-7
49,24,6
127,34,62
46,67,30
49,80,40
59,127,81
56,127,73
-128,127,-91
-128,84,0
-37,40,71
-37,98,46
-6,127,56
57,127,72
15,60,49
-22,52,51
-1,29,46
-12,10,39
-78,-11,29
-61,1,37
-5,10,47
12,12,57
27,34,88
56,66,122
-93,4,15
-128,0,-26
-47,-32,34
21,-26,74
-37,-15,24
-56,-18,2
-60,-16,-23
-62,1,-37
-56,-3,-38
-63,-5,-29
-75,-4,-9
-126,-10,-29
-81,-25,-1
-70,0,14
-128,4,-24
-71,22,22
-83,40,33
-54,18,-42
-79,-21,-54
-10,-31,44
-27,-23,56
-56,0,14
-48,13,-42
-46,45,-41
-52,51,-26
-42,42,-51
-37,38,-49
-62,20,-38
-47,14,-40
-33,-9,-22
-9,-15,11
-100,-23,-12
-128,0,30
-125,2,31
-91,23,-7
-75,43,-11
-59,37,-6
-51,26,-27
-58,29,-41
-86,24,-32
-71,-14,-14
-90,-35,-23
-44,-19,27
-5,-5,9
-2,26,30
-16,44,39
-47,75,-17
-88,78,-38
-113,14,-102
-54,-8,-24
-39,-12,8
-55,1,-19
-66,4,-27
-64,13,-5
-73,17,-16
-79,22,-23
-77,29,-21
-65,23,-35
-76,19,-43
-52,3,-7
-30,-16,24
-56,-2,24
-47,-3,6
-53,17,-20
-97,24,-41
-79,24,-47
-75,13,-38
-54,13,-35
-49,13,-30
-63,-2,-21
-68,-2,-20
-60,-3,10
-45,-11,13
-65,3,0
-73,10,-7
-51,28,18
-43,19,23
-60,19,19
-59,14,18
-68,10,11
-72,6,10
-74,5,12
-72,8,16
-59,6,32
-53,2,35
-61,1,25
-73,1,21
-70,2,23
-76,2,30
-72,4,30
-61,5,36
-57,5,40
-48,7,50
-44,5,54
-42,3,60
-46,3,59
-53,-3,64
-50,-4,58
-63,1,52
-58,4,70
-45,11,41
-38,16,29
32,13,19
18,16,28
-31,21,26
-65,24,17
-102,9,5
-101,-2,12
-80,-1,18
-83,0,44
-43,0,43
-23,-1,41
-28,4,33
-27,8,37
-98,12,24
-115,14,31
-99,19,30
-11,8,56
26,15,84
14,11,86
-26,0,53
-33,-16,34
-20,-19,38
-10,-21,54
2,-25,46
14,-24,47
3,-29,33
17,-32,28
4,-25,7
-81,-2,36
-90,-10,69
-47,8,96
-44,11,88
-55,8,54
-47,2,46
-39,-9,38
-21,-17,50
-37,-22,55
-61,-24,46
-57,-17,44
-17,-15,63
16,-9,68
4,-16,75
-16,-16,74
-19,-16,83
5,-19,92
31,-20,37
-14,-38,-17
-7,-69,-46
-12,-58,-56
-58,-60,-38
-70,-53,-29
-60,-40,-20
-83,-28,-8
-61,-23,12
-26,-17,26
-63,0,22
-88,-2,26
-123,22,52
-84,21,67
-70,8,55
-85,-8,11
-52,-21,26
-53,-20,9
-70,-41,-20
-58,-45,-21
-23,-42,-15
-35,-53,-32
-46,-52,-33
-46,-55,-38
-33,-59,-37
-48,-61,-26
-59,-59,-17
-53,-59,-26
-73,-56,-48
-58,-55,-68
-22,-49,-51
50,-47,23
43,-55,34
14,-35,63
-14,-11,56
-30,36,84
-15,45,77
-25,61,92
-26,31,68
41,-10,53
35,-25,44
43,-16,54
34,-11,46
54,-7,50
32,-15,36
5,2,28
27,-7,31
20,1,38
30,-1,45
49,-3,47
49,-4,37
38,-2,37
33,4,42
52,9,47
78,0,44
74,0,42
67,4,32
69,6,27
54,11,16
64,12,20
78,10,7
48,20,5
21,26,38
15,23,52
18,44,42
10,49,32
9,79,72
8,73,62
4,63,78
-14,63,72
-17,49,62
-29,46,61
-47,60,63
-46,59,62
-37,52,52
-46,53,46
-42,26,37
-38,8,39
-51,1,13
-73,1,7
-61,-5,15
-54,-9,22
-77,-9,4
-48,-5,15
-36,-5,21
-68,-7,5
-74,-14,1
-76,-17,4
-90,-13,4
-69,-14,7
-58,-17,10
-81,-14,2
-67,-10,-7
-49,-25,-4
-29,-26,-1
-22,-42,-1
-41,-40,2
-39,-47,10
-36,-48,12
-41,-42,17
-28,-48,18
-31,-58,19
-45,-62,24
-21,-59,21
-2,-61,15
-22,-58,17
-13,-50,24
-26,-51,25
-40,-51,20
-8,-44,46
25,-51,55
43,-44,63
42,-40,41
31,-40,18
20,-27,2
6,-17,-2
-120,-20,-27
-128,-31,-25
-109,-52,17
-74,-37,46
-46,-23,98
-28,-18,91
14,-22,52
2,-14,16
-113,-10,-21
-126,-8,-36
-113,13,8
-93,12,25
-51,13,33
-47,6,22
-55,3,28
-51,-3,30
-67,-11,6
-99,-13,-2
-75,-11,1
-34,-13,19
0,-11,47
-22,-12,59
-53,-9,47
-89,-2,34
-89,-1,33
-50,-8,22
-27,-1,23
-7,-10,9
18,-12,22
-1,-36,-21
55,-61,-29
58,-96,-14
32,-84,16
-41,-81,7
-41,-102,-18
-36,-63,65
-80,-45,53
-126,-62,-10
-71,-35,29
8,-21,-8
-13,-11,-17
52,-9,35
44,-21,18
-69,-9,-19
-123,17,21
-105,23,57
-25,22,42
-13,15,29
-51,31,29
-75,27,13
-75,-5,-14
-94,-24,-22
-120,-11,-26
-115,-10,-35
-81,-27,-7
-59,-37,-11
-49,-32,2
-95,-8,-2
-57,17,-13
-27,16,5
-23,32,12
-18,37,5
-47,44,-7
-44,30,6
-95,27,-6
-90,19,-12
-37,20,13
-59,37,28
-74,41,23
-58,39,16
-51,47,19
-75,54,24
-76,60,23
-63,54,20
-45,47,27
-35,44,24
-31,44,22
-30,46,14
-40,50,8
-44,57,-3
-49,59,-6
-57,59,-8
-47,55,-3
-31,47,3
-30,48,6
-30,52,5
-41,55,6
-46,58,1
-40,59,6
-53,60,-1
-39,58,8
-35,52,6
-43,53,-3
-35,54,-2
-37,51,5
-11,47,22
-18,49,18
-15,54,17
-38,53,5
-42,53,6
-41,53,-2
-43,51,-9
-45,52,-10
-46,52,-10
-47,48,-12
-45,48,-11
-46,47,-15
-43,46,-13
-39,49,-13
-40,50,-14
-41,48,-14
-43,48,-17
-39,50,-15
-38,50,-14
-37,50,-15
-36,51,-15
-37,52,-15
-39,52,-14
-39,53,-14
-37,52,-13
-34,51,-12
-34,50,-11
-38,51,-14
-38,50,-14
-40,51,-13
-43,51,-14
-41,50,-14
-44,53,-13
-41,53,-11
-38,50,-11
-39,52,-10
-39,49,-11
-40,49,-11
-39,50,-13
-39,50,-16
-38,50,-12
-35,49,-11
-37,49,-14
-38,50,-14
-38,54,-11
-39,54,-11
-36,53,-9
-37,53,-9
-38,51,-9
-39,50,-8
-43,50,-10
-46,50,-12
-44,51,-11
-43,51,-11
-43,54,-11
-44,50,-14
-45,50,-14
-47,49,-13
-49,47,-15
-48,48,-12
-47,49,-11
-46,52,-10
-45,53,-10
-43,50,-5
-42,47,-5
-45,44,-4
-44,40,-8
-53,31,-4
-58,24,-9
-68,21,-11
-67,18,-14
-59,20,-26
-41,19,-44
-12,34,-82
-5,47,-94
-25,51,-85
-48,76,-61
-37,76,-21
-28,69,-17
-32,68,-3
-51,73,-2
-55,76,30
-59,48,35
-43,29,32
-53,27,9
-59,31,-3
-69,32,-29
-41,31,-15
-56,34,-14
-52,29,-18
-63,33,-2
-69,33,11
-34,28,24
-48,36,24
-54,38,10
-50,40,5
-34,52,20
-27,58,30
-29,71,33
-41,75,42
-50,59,-4
-63,40,-52
-42,14,-83
-48,7,-82
-50,19,-54
-48,27,-35
-28,40,21
-30,38,28
-68,55,27
-59,33,-19
-63,32,-29
-64,29,-22
-53,26,-21
-47,31,-14
-50,38,-9
-54,39,-4
-47,36,-14
-59,36,-18
-56,33,-13
-55,31,-11
-52,32,-9
-57,37,-14
-59,37,-14
-57,35,-5
-50,33,-8
-50,34,-7
-52,34,-10
-55,34,-7
-55,34,-9
-56,37,-11
-51,38,-11
-49,35,-9
-50,35,-8
-54,35,-8
-56,32,-11
-61,30,-13
-60,31,-12
-60,31,-12
-59,29,-11
-55,29,-10
-57,30,-7
-57,30,-11
-51,33,-4
-52,33,-5
-59,33,-11
-62,32,-12
-54,33,-4
-52,33,-3
-48,32,-5
-60,37,-11
-59,27,-11
-57,26,-10
-49,32,-4
-53,36,-5
-63,34,-17
-61,33,-16
-57,29,-11
-58,29,-12
-54,33,4
-79,36,-2
-57,26,-13
-49,26,-19
-40,28,-7
-48,33,1
-50,32,-1
-58,32,-2
-60,32,-2
-58,30,-2
-59,29,-5
-60,27,-8
-58,25,-8
-59,27,-8
-61,29,-8
-59,29,-6
-57,28,-5
-58,29,-6
-59,28,-6
-61,28,-6
-59,27,-1
-66,28,-7
-63,27,-7
-55,26,-1
-54,26,2
-56,29,4
-58,28,3
-57,28,6
-60,29,8
-61,33,5
-62,34,10
-39,33,17
-31,34,26
-57,50,30
-64,30,-11
-47,26,-28
-62,22,-37
-73,24,-28
-59,22,-25
-54,26,-11
-49,25,7
-46,24,5
-55,31,-1
-61,31,-6
-63,30,-8
-63,29,-9
-61,28,-11
-55,27,-7
-54,27,-9
-59,29,-13
-56,26,-9
-53,27,-7
-59,29,-7
-62,30,-10
-67,31,-10
-69,28,-17
-52,26,-4
-51,28,-4
-54,30,-4
-55,28,-5
-56,30,-6
-58,31,-7
-58,30,-6
-56,29,-7
-60,29,-10
-61,25,-11
-59,28,-9
-55,30,-9
-54,28,-11
-56,28,-11
-59,29,-14
-58,29,-11
-52,28,-11
-56,30,-11
-57,28,-14
-50,28,-15
-58,30,-18
-60,30,-18
-57,31,-15
-53,31,-20
-56,31,-21
-49,30,-17
-50,30,-18
-58,31,-21
-54,31,-21
-54,29,-24
-52,29,-21
-51,31,-16
-58,31,-24
-55,33,-20
-54,29,-23
-51,28,-24
-50,31,-15
-52,31,-19
-52,30,-21
-52,32,-19
-55,31,-20
-55,30,-21
-54,30,-20
-53,32,-19
-54,32,-17
-53,30,-17
-53,29,-24
-52,29,-19
-54,31,-19
-53,31,-20
-54,30,-18
-56,31,-23
-54,30,-13
-55,31,-23
-54,30,-19
-53,29,-19
-54,25,-9
-55,25,-11
-71,19,-18
-73,19,-17
-73,15,-9
-68,25,-8
-37,29,2
-6,56,56
-33,54,40
-17,36,17
-10,50,33
-39,55,26
-46,49,16
-55,55,29
-94,54,13
-71,31,23
-57,36,21
-17,23,22
-25,25,18
-55,37,7
-61,36,6
-19,12,9
-27,11,-1
-79,37,1
-48,23,2
-33,29,-11
-38,44,-9
-34,62,15
-55,62,0
-61,63,2
-64,63,7
-62,55,3
-50,49,-2
-55,53,-5
-56,46,-12
-44,44,-9
-40,42,-7
-40,42,-8
-45,42,-8
-45,44,-7
-47,44,-4
-48,45,-4
-49,44,-6
-49,47,-3
-45,48,3
-44,47,1
-53,48,-3
-45,48,4
-43,47,8
-47,45,6
-48,42,1
-47,41,-6
-44,38,-6
-46,38,-4
-45,41,2
-48,42,4
-54,46,3
-51,43,-2
-51,42,-6
-43,42,-2
-43,44,6
-53,45,-1
-60,50,-3
-79,56,-6
-80,53,-4
-67,56,-1
-55,53,9
-55,36,16
-48,26,12
-47,12,12
-51,13,16
-72,16,15
-65,13,4
-90,28,1
-100,34,-9
-74,22,-7
-56,26,13
-98,0,1
-76,-1,10
-81,-17,-19
-73,-14,-19
-28,-8,-9
-18,-14,-1
-34,-14,-6
-14,-22,26
-35,-37,11
-42,-44,7
-57,-38,8
-57,-45,5
-53,-40,10
-35,-32,23
-32,-34,22
-35,-37,3
-54,-31,-3
-48,-55,19
-49,-64,18
-50,-60,14
-40,-58,19
-30,-50,21
-26,-55,12
-45,-33,15
-46,-18,24
-30,-7,44
-24,-8,37
-26,-25,20
-34,-38,15
-41,-63,20
-38,-58,23
-32,-71,28
-40,-68,26
-41,-57,12
-36,-43,38
-43,-36,43
-38,-33,34
-21,-30,38
-9,-28,36
-21,-31,34
-30,-71,7
-18,-66,11
-23,-47,34
-28,-43,39
-34,-38,42
-37,-38,37
-16,-32,40
-15,-30,18
-25,-47,-9
-21,-47,-12
-72,-49,-6
-92,-43,6
-115,-41,11
-89,-47,5
-59,-56,-14
-47,-53,-8
-38,-32,9
-32,-33,13
-47,-25,4
-69,-17,-5
-52,-17,24
-66,-28,10
-64,-33,13
-45,-38,14
-72,-41,6
-71,-44,15
-66,-37,16
-17,-23,25
-19,-22,22
-35,-21,16
-43,-30,12
-44,-41,22
-62,-52,12
-61,-59,25
-34,-62,22
-46,-69,18
-46,-69,24
-48,-59,15
-48,-49,10
-12,-26,43
7,-19,34
-4,-17,1
8,-23,11
-12,-53,10
-19,-59,6
-26,-71,-6
-25,-71,-1
-52,-65,14
-70,-60,13
-63,-57,21
-38,-53,15
-42,-49,23
-35,-45,15
-23,-46,33
-22,-52,46
-51,-66,45
-70,-57,26
-50,-52,18
-24,-38,13
-6,-33,29
-7,-27,27
-18,-31,14
-32,-31,6
-65,-23,5
-33,-19,34
-28,-12,37
-48,-13,20
-52,-23,8
-57,-43,-25
-50,-48,-15
-44,-43,31
-43,-39,41
-72,-33,20
-74,-32,18
-89,-25,7
-56,-25,-18
-40,-23,-29
-42,-20,-40
-48,-16,-40
-68,-7,-30
-70,-8,-30
-45,0,-1
-38,0,13
-52,3,39
-88,3,5
-54,-6,-12
-40,-4,-5
-40,11,5
-57,24,-9
-102,56,5
-128,68,-15
-122,68,-27
-77,53,-13
-42,75,16
-34,79,25
-36,72,38
-44,69,40
-42,54,44
-32,41,47
-10,5,2
-17,2,-13
-54,-4,-5
-60,-8,8
-43,-4,13
-34,17,27
-31,27,29
-60,34,26
-89,43,20
-74,41,15
-55,43,42
-72,35,36
-79,21,-2
-79,33,-27
-68,34,-39
-49,28,-13
-40,21,-6
-31,8,-6
-22,8,-4
-29,19,-12
-38,25,-11
-60,45,-15
-59,41,-9
-35,51,3
-51,53,-11
-59,77,-1
-58,64,0
-41,58,10
-69,71,6
-71,73,-2
-54,66,-21
-51,61,-18
-47,52,-5
-45,53,-5
-32,58,-4
-32,54,-3
-32,51,13
-37,45,14
-52,37,5
-53,33,5
-57,26,5
-63,23,0
-50,14,0
-48,7,2
-66,3,4
-62,6,12
-52,5,25
-56,5,25
-61,4,18
-67,4,12
-88,14,3
-84,22,8
-62,20,10
-60,21,9
-65,28,7
-55,28,10
-52,23,12
-46,15,13
-49,10,13
-54,4,7
-60,3,3
-68,5,4
-71,4,4
-78,5,3
-78,7,8
-77,7,12
-79,9,12
-91,9,17
-84,7,22
-62,-2,23
-59,-4,21
-54,2,26
-55,5,31
-57,5,28
-48,2,30
-37,-2,32
-31,-4,32
-25,-5,35
-23,-5,37
-32,2,38
-46,9,42
-24,11,47
-32,30,58
-48,28,63
-36,12,61
-37,7,55
-40,2,56
-39,-3,54
-27,3,56
-31,6,57
-30,2,63
-37,-6,59
-32,-10,42
-25,-9,39
-22,-4,28
-51,-6,21
-48,-7,29
-113,9,45
-72,5,44
-67,8,41
-67,10,24
-53,1,14
-60,0,21
-63,-4,20
-55,5,28
-60,6,32
-57,3,32
-57,3,34
-51,3,33
-53,5,44
-54,9,44
-59,5,43
-55,3,42
-52,4,45
-47,1,49
-32,2,42
-37,4,41
-38,6,54
-32,6,52
-51,2,46
-52,2,45
-39,-4,48
-37,-2,50
-18,3,68
-17,1,65
-25,0,60
-24,0,60
-26,-2,53
-27,-2,55
-30,0,54
-35,0,53
-27,5,61
-24,5,62
-30,5,52
-32,5,53
-36,4,53
-34,5,54
-32,8,57
-33,7,52
-31,9,51
-28,9,48
-29,10,40
-42,10,43
-59,8,37
-45,-5,32
-45,-5,21
-76,12,7
-81,12,6
-68,12,0
-76,10,-4
-67,16,6
-63,16,3
-57,11,-1
-72,8,-6
-71,9,-7
-69,10,-7
-70,10,-10
-71,10,-8
-64,9,-7
-61,9,-5
-62,9,2
-66,10,-2
-65,12,-8
-63,13,-9
-67,16,-12
-68,13,-6
-63,12,-4
-57,15,-3
-58,14,1
-72,13,-7
-68,18,-9
-66,13,-9
-66,9,-2
-59,9,-9
-57,18,-9
-61,23,-3
-63,21,0
-62,22,0
-62,23,1
-55,25,5
-58,24,1
-64,27,4
-62,30,5
-61,32,-1
-52,36,-1
-39,42,19
-53,42,5
-35,47,-24
-39,42,-27
-57,35,-27
-46,35,-26
-49,36,-33
-51,43,-30
-30,66,-24
-36,106,-8
-24,122,10
-16,90,26
-17,86,21
4,64,8
-1,62,-3
-23,68,-14
-14,63,-19
-6,53,-24
-3,59,-18
-4,79,2
-16,83,1
-18,72,0
-22,75,-2
-12,90,-2
-6,87,1
-6,73,0
-6,63,2
-5,46,-2
0,47,0
-1,56,-3
-2,59,-6
-8,64,-10
-4,69,-6
-11,69,-11
-17,64,-2
-15,68,10
-20,66,2
-27,64,-7
-44,73,0
-38,71,3
-41,61,-25
-46,61,-24
-21,62,-6
-13,63,-8
1,79,-10
7,73,-7
-11,66,-7
-2,57,-5
5,51,-2
6,54,-5
-6,66,-15
0,67,-12
8,63,-6
12,65,8
2,67,12
0,65,14
-12,54,5
-11,52,5
-8,43,3
22,46,17
-2,54,14
0,58,14
-20,66,-6
-11,61,21
1,65,36
3,93,20
7,95,5
30,76,-5
34,62,-9
20,60,-8
25,68,-4
-7,82,-23
-11,84,-24
-8,72,-15
-3,68,-18
-7,63,-23
0,67,-18
12,71,-11
6,68,-14
-11,70,-23
-6,75,-1
-19,71,-21
-10,75,-19
-8,73,-30
-11,75,-31
-9,69,-44
-16,64,-47
-15,59,-41
-19,60,-36
-9,55,-33
-32,57,-48
-53,58,-50
-74,63,-35
-45,62,-5
-20,83,34
-43,68,11
-22,72,8
-18,69,-3
-19,60,-7
-22,56,-4
-18,59,2
-23,60,4
-6,69,7
-15,71,6
-9,73,12
-20,72,11
-36,65,14
-44,66,14
-56,63,9
-53,63,8
-22,69,21
-25,66,25
-34,65,22
-18,63,27
-33,61,18
-35,61,22
-32,53,19
-43,50,10
-42,50,10
-34,47,10
-41,44,-2
-50,43,-12
-47,46,-14
-53,33,-16
-50,31,-14
-51,26,-10
-50,21,-9
-56,23,-23
-43,31,-25
-51,30,-31
-67,27,-32
-51,23,-26
-55,19,-32
-65,15,-27
-56,18,-32
-55,17,-31
-50,16,-37
-42,21,-30
-43,22,-31
-52,24,-30
-54,22,-30
-49,20,-29
-52,20,-26
-49,17,-31
-39,19,-23
-37,18,-26
-37,25,-23
-42,27,-20
-37,31,-16
-36,33,-16
-51,45,-20
-55,53,-21
-48,68,-14
-40,73,-11
-15,94,15
4,84,16
13,73,28
10,76,40
6,80,44
18,78,45
-10,74,46
-20,79,51
-23,61,43
-33,58,37
-48,49,25
-51,44,26
-56,41,23
-58,37,19
-61,32,16
-61,27,7
-58,22,6
-53,20,13
-52,22,14
-38,18,10
-44,23,2
-43,36,0
-46,38,4
-77,33,-17
-72,36,-17
-24,25,36
-42,20,25
-57,4,-28
-72,1,-43
-63,2,-20
-55,-1,-9
-81,8,-9
-79,7,-12
-68,12,-10
-55,15,-1
-50,15,-4
-65,11,-6
-59,11,-3
-52,11,10
-61,13,12
-67,16,16
-60,14,16
-52,14,11
-56,9,-4
-76,11,-12
-67,15,-1
-74,18,-6
-82,17,-20
-61,14,-26
-65,19,-7
-60,18,-14
-60,24,-15
-57,19,-10
-52,15,-14
-80,12,-7
-71,13,-6
-56,15,-6
-53,15,-5
-61,17,-7
-65,17,-8
-60,12,-1
-54,10,-7
-49,11,-3
-58,11,-6
-80,12,-26
-84,14,-29
-61,14,-14
-58,11,-16
-59,17,-9
-57,12,-7
-68,15,0
-52,17,0
-57,12,1
-60,17,6
-46,12,5
-54,13,2
-44,25,3
-48,19,17
-68,29,-1
-58,31,3
-68,25,-5
-67,29,-15
-71,27,-1
-67,20,13
-68,27,23
-79,28,-1
-84,27,6
-43,17,12
-40,12,10
-59,20,2
-56,13,0
-58,18,6
-67,20,2
-63,24,9
-58,24,15
-35,30,34
-44,34,19
-38,32,16
-43,31,13
-46,32,15
-49,29,11
-49,28,10
-54,31,9
-64,35,10
-69,35,12
-63,30,12
-57,26,10
-56,24,10
-49,17,7
-44,14,5
-37,16,3
-35,21,4
-36,49,7
-38,67,9
-56,95,17
-60,113,22
-23,94,28
-3,80,30
13,67,25
6,63,22
-3,58,21
-9,52,22
-8,49,18
-17,48,17
-26,58,33
-51,81,44
-74,82,41
-67,83,52
-67,77,49
-50,57,49
-44,51,44
-31,42,34
-25,41,32
-17,38,36
-17,39,34
-12,30,31
-8,33,39
13,37,47
15,28,49
-9,24,40
-14,16,36
-5,4,47
-11,2,51
-10,7,58
-1,1,59
2,2,63
-4,2,61
-20,25,60
-4,-10,64
-10,7,69
-24,0,60
-16,3,62
-5,-7,60
-17,9,61
-20,3,61
-27,-12,83
-34,-64,49
-21,28,64
-3,8,76
-23,13,69
-4,16,75
-16,12,63
-6,17,68
7,8,69
-14,12,80
-4,9,80
-3,7,70
-4,5,67
-20,-4,64
-14,-7,61
-20,-16,46
-17,-9,50
6,-12,59
1,-11,56
-5,-10,60
0,-9,60
7,-13,60
-2,-10,63
-3,-14,61
4,-12,62
3,-12,64
4,-8,71
4,-20,66
-10,-9,51
-2,-14,57
2,-15,62
-2,-14,61
-7,-14,62
-7,-14,62
-9,-12,62
-12,-12,63
-11,-16,61
-9,-14,59
-11,-16,58
-12,-16,59
-9,-15,61
-10,-18,60
-12,-14,62
-10,-13,63
-11,-12,63
-13,-9,63
-10,-12,64
-10,-13,64
-9,-12,61
-12,-12,63
-14,-13,61
-11,-13,61
-8,-14,60
-12,-12,61
-13,-12,60
-11,-13,60
-10,-13,61
-14,-12,63
-15,-12,63
-16,-11,62
-16,-12,62
-15,-11,61
-15,-10,61
-15,-11,61
-14,-11,61
-15,-11,60
-16,-11,61
-17,-11,61
-17,-11,61
-15,-12,60
-16,-11,60
-16,-11,61
-16,-11,61
-18,-10,61
-18,-10,61
-18,-10,61
-19,-10,61
-19,-10,61
-19,-10,60
-20,-10,60
-19,-10,61
-20,-10,61
-19,-10,61
-19,-10,60
-19,-10,60
-20,-10,60
-20,-10,60
-20,-10,60
-20,-10,60
-21,-10,60
-21,-10,60
-21,-10,60
-20,-10,60
-20,-10,60
-21,-10,60
-21,-9,60
-21,-9,60
-20,-9,60
-21,-9,60
-21,-9,60
-21,-9,60
-21,-9,60
-21,-9,60
-22,-9,60
-21,-9,60
-21,-9,60
-21,-9,60
-21,-9,60
-22,-9,59
-21,-9,60
-21,-9,59
-22,-9,60
-21,-9,59
-21,-9,58
-22,-9,58
-24,-9,59
-24,-10,59
-25,-9,60
-24,-9,60
-25,-10,59
-24,-10,59
-24,-10,59
-24,-10,59
-25,-9,59
-24,-9,58
-25,-9,59
-25,-9,59
-24,-9,59
-25,-9,58
-24,-9,58
-25,-9,59
-25,-9,58
-25,-8,58
-25,-8,58
-24,-9,58
-24,-9,58
-25,-9,59
-25,-9,59
-25,-8,59
-25,-8,59
-25,-8,58
-25,-8,58
-25,-9,58
-25,-9,58
-25,-9,59
-26,-9,59
-25,-9,59
-25,-9,59
-25,-9,58
-25,-9,58
-25,-8,58
-26,-8,58
-26,-8,58
-26,-8,58
-26,-8,58
-26,-8,58
-26,-8,58
-25,-8,58
-25,-8,58
-25,-8,58
-25,-8,58
-26,-9,58
-26,-8,58
-25,-8,58
-26,-8,57
-28,-9,58
-29,-8,58
-28,-8,58
-27,-8,58
-27,-8,58
-27,-8,58
-26,-9,58
-26,-9,58
-26,-9,58
-26,-8,57
-26,-8,58
-26,-8,58
-26,-8,58
-26,-9,58
-27,-8,58
-26,-8,58
-26,-8,58
-26,-8,58
-26,-8,58
-25,-8,58
-26,-8,58
-26,-8,58
-26,-8,58
-26,-9,58
-26,-9,58
-25,-9,58
-25,-9,58
-27,-9,59
-27,-9,59
-27,-9,58
-27,-9,58
-26,-9,58
-27,-9,58
-26,-8,57
-25,-9,57
-25,-9,58
-25,-9,58
-27,-9,59
-27,-8,59
-26,-8,58
-26,-8,57
-26,-8,57
-26,-8,58
-26,-9,58
-26,-9,58
-26,-9,59
-26,-8,58
-26,-8,58
-25,-8,58
-26,-8,58
-27,-8,58
-27,-8,58
-26,-8,58
-26,-8,58
-25,-8,58
-26,-8,57
-26,-8,58
-27,-8,58
-27,-8,59
-27,-8,59
-26,-8,58
-26,-8,57
-26,-8,57
-26,-8,58
-26,-8,58
-27,-8,58
-27,-8,58
-27,-8,58
-26,-8,57
-26,-8,57
-26,-8,58
-27,-8,58
-27,-8,58
-26,-8,58
-26,-7,58
-26,-7,58
-26,-7,58
-26,-7,58
-27,-8,58
-27,-8,58
-27,-8,58
-27,-7,58
-27,-7,57
-27,-7,57
-27,-7,58
-28,-7,58
-29,-7,58
-29,-6,58
-28,-6,58
-28,-7,57
-28,-6,57
-27,-7,58
-28,-6,58
-27,-6,58
-27,-6,57
-27,-7,57
-27,-6,57
-27,-7,58
-27,-7,57
-28,-6,58
-28,-6,58
-28,-6,57
-28,-7,57
-28,-6,57
-28,-6,57
-28,-6,57
-29,-6,57
-28,-6,57
-27,-6,57
-28,-7,57
-28,-7,57
-28,-7,58
-28,-7,57
-28,-6,57
-28,-7,57
-28,-7,57
-28,-7,57
-28,-7,57
-28,-7,57
-29,-6,57
-28,-7,57
-28,-7,57
-28,-7,57
-29,-7,57
-28,-6,57
-28,-6,57
-28,-7,56
-28,-7,57
-29,-7,57
-29,-7,58
-29,-6,57
-28,-7,57
-28,-7,57
-28,-7,57
-28,-7,57
-28,-7,58
-29,-7,58
-28,-7,58
-28,-7,57
-28,-7,57
-27,-8,57
-28,-7,58
-29,-7,58
-29,-7,58
-29,-7,58
-29,-7,58
-28,-7,58
-28,-6,57
-26,-6,58
-27,-7,58
-28,-7,57
-25,-8,55
-23,-7,55
-24,-7,57
-25,-7,59
-27,-7,60
-27,-7,61
-27,-7,59
-28,-7,57
-27,-7,57
-26,-7,56
-27,-7,57
-27,-8,58
-28,-7,58
-28,-7,59
-28,-7,58
-26,-7,57
-26,-7,57
-27,-8,58
-27,-8,58
-28,-7,58
-27,-7,58
-27,-7,57
-26,-7,57
-26,-7,57
-26,-7,58
-27,-8,59
-28,-8,59
-27,-7,58
-27,-7,57
-25,-7,57
-26,-7,58
-27,-8,58
-27,-8,59
-28,-7,58
-27,-7,58
-26,-7,57
-26,-7,57
-26,-8,58
-28,-8,58
-28,-8,58
-28,-7,58
-26,-7,58
-26,-7,57
-26,-7,57
-25,-7,58
-26,-7,58
-28,-7,59
-28,-7,59
-27,-7,58
-26,-7,58
-26,-7,57
-29,-6,58
-26,-7,59
-24,-7,58
-24,-8,58
-24,-8,57
-25,-6,59
-25,-7,58
-25,-7,58
-24,-6,58
-24,-6,59
-25,-7,58
-24,-6,58
-25,-7,59
-25,-7,59
-25,-4,58
-27,-6,58
-24,-7,58
-25,-5,58
-25,-4,59
-27,-4,58
-30,-6,60
-26,-4,61
-25,-4,55
-28,-4,56
-25,-1,60
-23,-3,60
-28,-5,61
-26,-3,63
-27,-10,57
-21,-10,55
-22,-8,52
-26,-17,50
-23,-11,50
-32,-13,51
-35,-12,55
-25,-5,60
-22,-10,59
-30,-8,54
-34,-8,53
-30,-7,51
-30,-7,49
-35,-6,49
-33,-5,50
-33,-1,52
-36,2,52
-34,6,54
-34,7,55
-41,12,56
-44,13,57
-48,16,58
-49,20,62
-44,19,64
-39,15,62
-35,12,53
-36,13,51
-33,16,48
-33,18,46
-34,25,48
-29,29,49
-21,36,51
-26,38,50
-22,36,47
-16,33,43
-16,32,43
-23,30,43
-22,30,43
-23,31,45
-21,31,46
-15,29,45
-13,28,43
-15,31,40
-20,35,40
-15,39,38
-14,45,36
-20,71,39
-18,77,41
-14,78,41
-14,72,36
-12,66,25
-11,67,21
-12,74,15
-14,74,13
-14,62,9
-14,59,9
-16,55,12
-16,54,13
-17,51,12
-16,50,12
-13,53,14
-12,54,15
-8,57,15
-8,55,15
-10,54,15
-14,49,17
-15,46,18
-13,41,15
-12,51,14
-15,74,21
-20,82,24
-20,96,27
-17,95,33
-1,84,41
4,81,38
4,72,26
0,64,22
-4,53,21
-5,48,20
-8,39,16
-8,38,16
-9,39,19
-9,41,20
-9,48,22
-8,49,21
-5,50,19
-4,47,19
-2,43,17
-2,54,16
-8,86,17
-15,96,18
-14,96,20
-10,86,15
-8,84,13
-6,74,14
-9,66,16
-13,54,20
-14,49,20
-13,41,19
-12,40,18
-10,48,18
-11,51,17
-12,52,14
-13,50,13
-16,46,14
-16,45,15
-16,63,14
-17,75,14
-29,89,21
-33,95,31
-21,95,47
0,90,45
34,77,35
32,71,25
12,63,18
4,57,19
-10,47,17
-11,42,16
-9,40,16
-3,37,16
-3,38,16
-7,42,17
-8,44,18
-9,48,19
-10,48,20
-11,51,23
-9,56,25
-10,89,28
-11,101,26
-10,97,18
-7,93,15
-7,90,10
-7,82,10
-9,62,14
-12,54,14
-14,45,13
-14,41,13
-11,39,12
-11,40,12
-10,44,13
-10,47,14
-9,53,14
-12,51,14
-14,51,14
-21,63,18
-25,74,25
-26,84,36
-24,81,35
-14,97,47
-5,93,48
5,80,36
4,74,28
-3,63,19
-5,60,19
-9,49,17
-8,42,15
-8,36,13
-8,34,13
-5,36,15
-5,40,16
-4,44,19
-5,43,19
-5,41,18
-4,44,17
-6,77,18
-11,92,21
-16,105,26
-12,103,27
-7,94,19
-2,81,16
-2,74,19
-10,61,20
-14,55,19
-17,45,17
-18,43,17
-17,44,20
-17,45,21
-14,47,19
-13,51,18
-13,54,17
-14,53,18
-17,48,19
-19,49,19
-23,60,20
-26,67,21
-28,76,26
-27,77,28
-17,90,32
-9,97,32
3,86,26
2,76,23
-2,65,19
-4,59,17
-6,49,12
-7,39,9
-8,37,9
-12,39,11
-14,41,14
-15,43,17
-14,43,16
-9,42,11
-7,54,8
-12,92,14
-19,100,17
-17,105,25
-17,98,22
-12,87,14
-7,79,14
-5,61,18
-8,54,18
-18,45,19
-23,45,20
-25,46,21
-22,45,20
-16,53,19
-13,58,19
-14,75,20
-15,76,18
-21,91,15
-25,89,17
-24,70,22
-22,61,21
-13,60,15
-8,68,11
-8,75,13
-8,65,14
-8,59,13
-7,54,10
-8,54,9
-11,49,9
-11,47,9
-10,49,12
-11,54,14
-12,61,17
-12,63,18
-12,67,19
-13,71,21
-17,69,21
-18,69,21
-17,73,22
-14,69,21
-10,59,14
-10,60,14
-14,65,15
-16,64,14
-16,58,10
-16,56,9
-18,56,9
-19,58,10
-20,59,9
-17,61,9
-16,62,9
-16,67,10
-16,68,10
-15,77,8
-16,79,7
-17,73,10
-17,69,11
-14,61,16
-8,62,17
4,66,17
7,73,17
3,75,17
4,69,16
6,61,14
2,59,13
-3,55,12
-5,52,13
-5,48,13
-5,47,13
-8,48,13
-10,50,14
-12,54,15
-12,52,15
-11,51,17
-12,51,17
-13,49,18
-14,50,18
-13,50,18
-9,55,14
-9,71,12
-11,93,10
-13,98,9
-12,96,3
-14,95,1
-13,81,1
-13,72,3
-15,58,9
-17,53,10
-19,45,10
-19,43,10
-18,40,10
-19,42,11
-20,50,14
-19,53,14
-13,54,13
-11,53,12
-15,50,12
-18,54,12
-26,75,16
-32,85,18
-29,84,20
-26,90,23
-13,95,34
-4,85,24
0,69,17
-4,60,11
-5,56,11
-8,43,11
-10,40,10
-9,36,10
-9,38,11
-9,42,15
-9,44,18
-7,44,16
-6,43,14
-7,61,7
-10,78,8
-29,107,14
-28,108,14
-17,101,9
-11,89,7
-11,72,8
-16,66,10
-26,55,10
-28,50,9
-22,38,8
-22,37,10
-22,42,14
-22,46,15
-17,54,14
-16,55,13
-15,47,10
-16,43,8
-20,49,9
-25,77,11
-29,82,11
-31,95,14
-30,100,24
-2,92,36
9,86,34
8,73,19
4,67,15
-1,55,17
-3,48,18
-10,39,16
-9,38,16
-8,38,14
-7,38,13
-8,42,12
-7,42,12
-6,52,9
-7,71,9
-14,97,9
-16,102,10
-12,101,10
-11,100,9
-9,82,8
-8,71,11
-12,58,15
-14,52,14
-14,42,13
-12,39,13
-9,41,15
-8,46,15
-7,48,13
-10,50,9
-12,48,8
-16,54,8
-18,67,9
-30,90,19
-33,85,23
-30,92,37
-23,96,45
0,84,42
6,77,34
0,64,21
-4,62,19
-6,49,19
-8,45,19
-7,36,18
-6,35,18
-7,38,19
-8,42,18
-8,44,16
-8,43,15
-9,43,16
-9,51,15
-8,79,16
-12,102,21
-13,111,23
-15,103,24
-13,91,21
-8,65,11
-7,56,12
-13,49,19
-17,45,22
-22,38,23
-22,35,21
-14,37,17
-12,43,17
-15,54,20
-17,55,21
-17,46,20
-18,41,18
-24,59,22
-29,72,26
-42,95,38
-34,97,37
-8,103,35
1,102,31
10,94,21
8,87,17
3,71,14
0,65,13
-7,50,9
-10,38,9
-11,34,9
-10,35,9
-11,39,10
-13,52,12
-12,57,14
-9,72,17
-10,88,22
-21,87,28
-23,82,30
-20,59,26
-18,52,19
-14,65,18
-14,74,19
-12,69,17
-10,63,14
-10,61,8
-13,60,7
-19,63,9
-19,65,10
-17,64,6
-15,64,4
-13,68,1
-13,72,0
-12,83,-2
-12,74,-1
-18,74,8
-22,70,17
-24,65,21
-15,55,17
-6,56,14
3,63,16
5,68,16
5,71,18
3,67,18
-2,62,15
-5,60,13
-5,56,12
-4,54,13
-6,51,15
-8,51,16
-12,54,17
-13,56,19
-13,59,22
-14,59,23
-10,56,25
-9,59,23
-13,80,24
-17,81,22
-16,68,20
-13,59,19
-8,59,12
-7,65,10
-8,77,6
-10,71,2
-10,67,0
-10,60,2
-10,58,5
-10,56,6
-9,54,5
-8,53,5
-8,55,7
-7,55,9
-6,54,9
-6,51,9
-7,51,10
-11,46,13
-12,46,14
-15,43,17
-15,40,17
-13,64,20
-18,83,26
-26,89,33
-32,103,38
-16,100,47
-4,85,44
2,77,29
-2,72,23
-8,57,18
-9,45,17
-9,40,14
-7,34,10
-7,35,11
-7,39,14
-6,42,16
-4,50,19
-4,50,21
0,45,20
2,43,19
0,56,15
-4,71,17
-11,92,20
-12,99,20
-13,105,20
-12,96,17
-9,80,12
-7,75,13
-11,64,14
-15,55,17
-18,51,16
-18,47,16
-16,43,16
-14,46,17
-12,51,16
-12,53,15
-14,49,13
-18,44,12
-20,45,11
-26,73,20
-28,81,20
-27,90,27
-24,95,39
-12,95,51
0,91,45
3,78,29
0,71,27
2,53,24
3,45,24
-1,36,20
-2,33,18
-7,36,15
-5,38,15
-5,46,17
-4,48,17
0,44,16
1,43,14
-5,74,14
-8,92,15
-18,113,17
-18,114,18
-12,90,13
-9,79,9
-5,66,13
-12,56,19
-13,50,19
-17,41,16
-15,38,15
-12,40,14
-11,43,15
-13,54,15
-14,57,13
-15,51,10
-16,48,10
-20,63,10
-26,81,14
-34,92,29
-27,90,32
-17,93,54
-10,90,55
4,86,42
6,80,34
2,66,26
1,58,26
-4,39,20
-5,33,16
-6,28,13
-6,28,11
-9,38,11
-7,45,12
-5,45,11
-5,44,11
-4,43,11
-1,56,8
-4,73,12
-18,101,21
-19,105,24
-9,109,23
-3,99,21
-1,81,18
-1,70,20
-9,56,19
-12,50,18
-16,40,19
-16,36,19
-19,39,20
-18,43,21
-15,52,19
-14,56,18
-14,55,17
-15,55,15
-23,72,18
-30,82,23
-34,72,26
-31,78,26
-15,107,31
-3,99,27
1,82,21
2,73,16
2,67,13
3,53,8
3,45,7
-5,42,7
-9,39,8
-9,36,12
-6,36,14
-6,42,12
-7,43,11
-5,57,9
-12,78,12
-26,100,21
-27,106,24
-22,101,21
-20,95,18
-18,78,20
-18,69,21
-19,54,18
-21,49,17
-22,45,19
-20,43,19
-15,44,17
-14,51,17
-10,65,15
-8,82,11
-23,93,15
-27,73,22
-28,62,26
-18,59,20
-14,64,15
-10,72,13
-10,74,15
-6,63,15
-3,59,13
-2,58,9
-3,58,7
-8,56,7
-8,56,8
-3,51,9
-3,51,11
-6,54,14
-8,57,17
-10,60,21
-9,60,20
-10,66,22
-11,73,23
-18,86,26
-16,83,25
-9,69,21
-8,61,17
-7,54,11
-8,56,12
-10,62,12
-14,62,10
-15,62,6
-16,61,2
-15,60,2
-19,62,5
-19,61,7
-18,63,8
-16,64,8
-13,66,9
-11,68,10
-6,70,10
-5,70,8
-8,69,11
-10,70,16
-12,64,28
-9,59,31
3,54,25
7,60,22
8,70,23
5,72,23
0,66,18
-2,64,15
-5,62,14
-6,60,14
-5,54,14
-6,50,13
-6,44,12
-7,42,11
-8,45,12
-8,48,14
-7,48,14
-6,52,16
-7,55,17
-8,52,20
-8,51,20
-5,46,20
-2,50,17
-7,92,18
-8,101,16
-9,106,13
-4,105,13
0,86,8
0,79,5
-3,65,7
-7,58,9
-12,46,12
-14,43,11
-18,42,12
-17,42,14
-16,47,14
-16,50,15
-13,53,16
-13,51,15
-18,50,15
-20,50,16
-23,60,13
-25,72,17
-28,89,22
-27,93,29
-26,94,42
-10,90,51
-2,83,42
3,66,28
1,59,25
0,50,25
-2,44,22
-5,37,15
-4,34,14
-4,34,15
-3,35,15
-5,39,18
-5,39,17
-1,49,9
-4,70,9
-16,102,14
-18,108,14
-16,108,17
-12,96,14
-8,80,10
-9,75,13
-17,60,17
-18,45,17
-18,41,15
-18,40,14
-14,44,17
-13,48,16
-11,50,16
-16,56,14
-17,54,15
-18,48,15
-18,49,15
-22,65,15
-24,76,19
-27,86,24
-30,96,31
-19,93,48
-8,89,46
1,82,30
1,76,24
-2,64,20
-3,57,20
-8,44,16
-7,40,13
-5,33,12
-4,33,13
-1,33,13
-1,35,14
-2,41,17
-2,42,17
-2,56,12
-3,75,13
-10,101,17
-12,106,22
-10,105,21
-9,86,14
-8,76,13
-14,68,17
-16,63,17
-17,51,16
-18,48,17
-20,48,22
-19,50,24
-15,52,22
-14,53,19
-17,53,17
-18,50,17
-20,50,14
-23,67,18
-31,87,24
-30,84,27
-21,84,30
-22,96,35
-3,99,37
2,89,32
2,73,25
1,69,23
-3,52,18
-4,45,16
-6,40,13
-6,38,15
-6,37,15
-8,37,20
-11,39,22
-9,40,26
-11,44,27
-24,62,31
-36,68,37
-55,79,44
-60,81,43
-48,72,40
-41,63,38
-44,47,37
-44,39,39
-43,25,39
-45,20,37
-49,15,36
-48,14,37
-46,15,31
-45,16,29
-43,18,28
-42,16,27
-44,13,26
-44,10,30
-61,8,34
-70,12,38
-79,22,50
-77,27,58
-76,31,64
-63,36,66
-48,30,60
-37,14,46
-35,11,41
-19,5,37
-18,6,36
-17,4,36
-20,4,39
-25,8,50
-23,7,53
-26,7,62
-34,8,66
-33,7,70
-27,2,66
-26,0,51
-25,3,50
-19,5,55
-19,5,57
-27,3,57
-25,1,58
-20,-2,61
-21,-2,61
-28,-1,62
-29,0,64
-26,1,63
-22,2,60
-22,2,61
-17,2,64
-19,3,64
-21,5,62
-21,4,60
-17,4,58
-16,6,58
-20,5,59
-20,6,62
-21,6,61
-19,7,61
-20,1,58
-19,6,60
-14,4,62
-11,7,65
-17,8,63
-16,8,64
-17,5,62
-14,6,61
-14,6,62
-13,7,60
-17,8,61
-20,8,65
-19,5,59
-15,5,60
-17,2,62
-16,6,64
-16,6,65
-17,6,66
-17,7,70
-27,1,65
-15,-4,62
-26,9,44
-19,0,50
-21,1,59
-17,7,70
-27,1,65
-15,-4,62
-26,9,44
-19,0,50
-21,1,59
-22,1,61
-18,2,63
-15,3,63
-16,4,63
-17,4,62
-16,3,61
-14,3,60
-10,4,58
-9,4,56
-10,10,53
-17,13,50
-26,10,49
-28,10,52
-28,11,52
-31,11,52
-35,8,52
-35,7,53
-38,7,52
-43,5,52
-47,5,52
-40,6,52
-42,9,52
-36,12,50
-38,16,50
-35,23,49
-28,24,48
-23,34,43
-24,41,40
-19,56,36
-16,60,38
-14,62,44
-15,63,45
-16,62,39
-16,62,33
-11,70,25
-9,72,23
-8,71,23
-7,70,25
-9,62,24
-11,59,22
-13,55,18
-14,54,17
-14,53,17
-14,55,19
-12,57,23
-12,59,25
-11,61,26
-9,64,27
-7,65,26
-5,66,22
-6,68,22
-9,74,20
-9,80,21
-10,76,19
-8,72,17
-9,66,13
-9,59,10
-8,48,7
-7,48,7
-10,55,9
-11,58,10
-15,63,10
-12,63,8
-12,59,5
-13,60,5
-18,64,10
-20,65,13
-21,66,15
-19,67,14
-14,66,13
-13,67,13
-12,71,14
-13,80,13
-13,78,12
-15,72,12
-16,68,13
-19,67,20
-18,64,23
-8,54,20
-3,52,21
-5,61,30
-10,69,31
-23,80,32
-27,81,37
-35,72,36
-41,66,32
-53,61,30
-52,58,31
-52,49,30
-55,44,26
-55,36,22
-56,33,25
-54,22,28
-59,16,25
-67,12,27
-61,9,25
-50,-3,29
-56,-8,27
-49,-18,19
-43,-25,18
-41,-24,21
-33,-26,18
-27,-26,21
-23,-29,20
-21,-29,22
-13,-31,26
-13,-34,26
-15,-42,24
-15,-45,26
-15,-50,30
-16,-54,28
-25,-54,29
-29,-55,28
-25,-56,28
-25,-58,24
-19,-53,26
-22,-53,25
-23,-53,21
-25,-52,22
-25,-43,25
-21,-39,27
-17,-34,25
-15,-33,21
-17,-33,17
-20,-35,20
-28,-33,23
-43,-33,15
-51,-29,18
-48,-23,11
-58,-18,4
-78,-5,12
-73,-6,25
-75,1,38
-64,10,44
-45,25,68
-48,30,79
-52,26,70
-67,22,54
-62,22,48
-37,21,50
-38,29,37
-44,30,33
-52,32,33
-48,31,37
-40,26,41
-45,26,34
-30,20,26
-26,21,22
-49,23,8
-70,33,7
-59,29,4
-66,25,-1
-70,16,0
-60,12,2
-62,19,2
-60,32,14
-44,33,21
-47,35,12
-46,39,13
-61,52,11
-65,54,13
-62,52,5
-64,56,-1
-52,49,-2
-50,47,-2
-50,41,0
-51,39,1
-51,38,2
-51,40,2
-52,41,2
-52,42,1
-52,42,1
-52,41,2
-52,40,2
-52,41,2
-51,41,1
-50,41,1
-50,41,1
-50,41,1
-50,41,1
-50,41,2
-50,41,2
-51,41,2
-50,41,1
-51,41,1
-51,41,1
-51,41,1
-51,41,1
-51,40,1
-51,40,1
-52,40,1
-51,40,1
-51,40,1
-51,40,1
-51,40,1
-52,40,1
-51,40,1
-52,40,1
-52,40,1
-52,40,1
-52,40,1
-51,40,1
-52,40,1
-51,40,1
-52,40,1
-51,40,1
-51,40,1
-51,40,1
-51,40,1
-51,40,1
-51,40,0
-52,41,1
-51,40,1
-51,40,1
-51,40,1
-51,39,1
-53,41,0
-52,42,1
-50,40,2
-52,40,1
-51,41,1
-50,40,2
-52,42,2
-52,42,3
-53,42,2
-50,42,7
-48,41,7
-50,42,5
-51,41,5
-52,41,6
-51,41,6
-48,39,5
-48,39,4
-48,37,4
-50,37,2
-51,36,2
-52,37,2
-52,39,3
-51,40,3
-51,41,3
-53,42,3
-53,41,2
-53,41,2
-52,41,1
-52,41,1
-55,41,0
-54,44,0
-51,43,0
-51,44,1
-50,43,2
-53,42,2
-54,42,3
-54,42,3
-58,44,3
-59,44,4
-58,44,5
-58,49,5
-59,50,3
-57,52,3
-57,51,9
-42,43,15
-30,39,18
-33,38,19
-36,34,21
-37,34,21
-32,34,29
-28,33,33
-28,31,36
-32,33,35
-39,32,33
-38,28,33
-34,23,34
-34,22,38
-31,21,42
-34,22,42
-41,24,46
-41,23,48
-39,22,47
-36,21,46
-26,18,40
-29,20,35
-41,30,26
-36,32,25
-30,40,26
-33,50,26
-28,67,25
-26,79,23
-20,94,20
-20,91,17
-17,76,12
-14,61,9
-13,57,9
-15,53,12
-17,52,14
-19,52,17
-19,52,16
-15,54,16
-11,54,16
-8,55,15
-11,55,13
-14,49,14
-17,46,15
-19,44,13
-19,54,13
-24,78,18
-24,84,20
-22,86,32
-23,87,40
-14,80,38
-10,74,29
-8,60,20
-8,54,18
-10,43,18
-11,42,18
-10,40,18
-9,39,18
-10,40,15
-11,44,11
-13,59,10
-17,87,10
-19,100,8
-21,106,10
-18,94,9
-8,80,5
-5,73,4
-8,61,9
-12,53,13
-19,42,13
-20,40,12
-20,39,11
-19,39,13
-19,47,16
-18,52,15
-18,52,15
-20,50,13
-22,62,11
-26,69,12
-34,85,13
-42,107,23
-30,89,37
-20,82,41
-7,76,27
-4,72,20
-6,60,12
-8,49,11
-8,46,11
-10,42,13
-10,42,14
-10,41,16
-9,41,15
-6,49,11
-6,63,10
-9,89,9
-16,95,9
-16,98,9
-9,95,11
-14,79,10
-12,69,15
-23,59,17
-25,52,14
-28,43,12
-28,41,14
-25,38,15
-22,41,16
-16,48,19
-15,46,18
-19,60,12
-24,74,12
-34,83,19
-36,83,21
-29,89,40
-7,86,39
-2,79,31
-1,64,20
-2,60,19
-3,50,19
-6,45,17
-8,38,15
-8,36,14
-8,31,13
-6,31,13
-8,51,13
-11,66,14
-23,98,19
-22,102,18
-17,103,17
-13,95,17
-20,72,14
-18,58,17
-21,41,18
-23,37,19
-31,34,16
-29,32,15
-25,40,17
-23,42,19
-20,48,20
-23,76,24
-29,86,27
-34,73,20
-34,88,22
-19,104,25
-8,93,24
29,69,27
27,57,22
9,51,12
0,51,9
-8,46,10
-11,45,11
-13,49,14
-13,50,16
-10,51,17
-7,47,18
-10,43,12
-20,64,14
-32,89,18
-40,98,18
-40,115,21
-33,106,17
-22,83,9
-18,74,7
-14,63,9
-13,58,10
-14,49,11
-17,47,12
-16,45,9
-15,56,6
-12,63,7
-10,72,7
-9,83,5
-14,78,9
-19,71,16
-18,54,19
-18,52,15
-13,61,15
-9,69,17
-1,66,19
2,60,20
-4,55,17
-9,58,16
-17,60,15
-18,60,17
-14,56,17
-12,55,17
-9,55,18
-10,55,19
-12,55,19
-13,57,18
-12,59,16
-13,60,14
-15,71,14
-19,82,14
-25,91,12
-24,74,10
-15,68,5
-10,70,-2
-10,71,-2
-8,66,-2
-7,61,-3
-8,56,-2
-10,55,-1
-13,51,-1
-13,51,-1
-12,51,0
-13,52,2
-14,55,7
-13,55,9
-13,52,9
-13,53,10
-17,52,10
-17,49,11
-23,45,10
-25,48,10
-26,63,12
-29,66,14
-26,77,14
-30,89,22
-31,81,31
-18,70,32
-16,63,17
-15,57,16
-15,46,16
-16,43,16
-17,42,15
-17,44,12
-18,46,10
-14,53,6
-16,68,4
-16,93,0
-17,100,-4
-19,95,-2
-11,80,5
-12,67,11
-15,60,12
-21,48,14
-24,42,12
-25,38,10
-22,37,9
-19,37,11
-22,41,12
-23,47,9
-28,59,8
-33,75,12
-29,74,11
-28,87,25
-29,85,32
-20,73,31
-14,69,24
-11,55,19
-10,51,19
-12,45,20
-14,42,18
-16,41,15
-15,44,11
-13,50,8
-11,82,6
-11,89,3
-12,95,-4
-13,94,-3
-13,82,4
-13,71,8
-18,52,13
-21,45,16
-21,42,17
-23,43,17
-20,41,15
-18,41,13
-20,42,11
-22,49,9
-27,66,11
-28,74,14
-27,87,18
-28,86,26
-23,80,37
-18,76,33
-10,71,20
-8,61,17
-6,49,20
-10,43,21
-13,42,20
-15,43,15
-14,44,14
-12,53,13
-13,70,13
-12,92,10
-14,93,8
-11,87,5
-12,86,7
-16,72,13
-17,58,14
-18,39,11
-21,38,13
-18,36,16
-17,34,16
-16,40,19
-16,43,20
-20,52,20
-25,72,22
-26,74,21
-25,76,17
-15,97,25
-1,92,28
18,71,25
17,64,18
3,58,9
5,50,15
8,47,18
6,52,19
2,54,20
-6,44,15
-7,39,12
-20,71,17
-25,97,27
-30,104,23
-23,114,19
-15,106,14
-12,98,13
-10,75,8
-10,69,8
-12,57,8
-16,51,9
-16,46,8
-14,47,6
-11,50,3
-10,56,2
-8,68,1
-9,75,1
-15,69,8
-19,69,14
-24,56,18
-26,53,18
-17,62,13
-7,80,16
0,82,19
2,68,20
0,66,18
-5,64,13
-9,61,10
-10,55,9
-7,53,10
-7,50,10
-10,50,11
-14,55,13
-16,56,14
-16,60,13
-15,58,12
-15,65,10
-18,73,9
-27,91,10
-27,88,10
-18,71,5
-15,71,2
-11,77,-3
-11,77,-6
-6,66,-4
-6,61,-3
-7,54,1
-9,50,2
-11,49,2
-14,51,1
-14,53,2
-13,54,6
-12,53,8
-11,50,11
-13,49,11
-18,48,10
-21,47,10
-25,44,11
-28,49,11
-32,66,14
-33,73,15
-29,77,15
-31,90,24
-23,89,32
-16,81,29
-11,64,18
-12,54,16
-10,43,15
-10,43,16
-12,45,14
-12,45,13
-11,48,11
-9,50,10
-11,73,9
-12,88,7
-15,90,3
-14,86,2
-13,83,2
-12,74,6
-18,68,8
-23,45,12
-22,39,13
-22,39,13
-23,40,14
-20,40,14
-22,43,15
-21,47,14
-22,52,11
-24,70,12
-26,75,10
-28,97,16
-32,86,27
-22,68,40
-19,69,34
-4,64,25
-1,57,23
-3,48,22
-4,47,23
-15,43,19
-17,45,17
-12,54,12
-9,61,11
-6,79,6
-7,85,1
-7,91,-2
-13,86,-2
-15,80,2
-18,60,9
-20,50,12
-21,42,15
-21,42,14
-16,42,15
-15,41,16
-16,45,17
-20,46,15
-27,62,12
-31,72,12
-28,77,17
-26,81,20
-23,88,37
-16,84,34
-1,68,23
0,66,20
0,53,19
-2,48,19
-12,42,20
-16,39,19
-15,45,18
-12,49,16
-9,58,13
-9,79,12
-13,84,9
-14,94,4
-17,95,4
-19,82,7
-16,70,10
-18,48,11
-20,43,12
-21,40,17
-21,39,19
-20,37,19
-21,40,19
-20,45,20
-21,54,19
-28,73,20
-26,72,19
-21,87,22
-18,97,28
-7,83,24
-4,72,20
0,56,15
-1,52,16
-7,43,14
-10,44,14
-13,46,18
-14,45,19
-14,43,20
-15,56,18
-18,81,19
-31,99,18
-30,102,16
-23,105,12
-21,97,9
-20,84,11
-18,74,11
-16,57,8
-17,52,9
-20,44,10
-19,44,9
-14,47,8
-14,54,7
-13,61,9
-14,64,9
-13,74,4
-17,78,6
-30,69,17
-31,61,20
-26,56,19
-21,60,16
-6,76,14
2,76,18
-3,64,14
-4,63,13
-11,64,6
-14,65,4
-13,64,6
-11,57,7
-11,56,8
-15,57,9
-16,58,11
-16,58,12
-14,59,11
-10,59,10
-11,64,8
-16,79,8
-16,70,9
-13,70,7
-11,76,3
-7,82,-8
-5,73,-11
2,56,-5
1,51,1
-6,53,8
-9,55,7
-8,53,0
-6,53,-2
-2,55,1
-3,53,3
-7,51,6
-10,52,7
-16,47,9
-17,49,8
-16,56,9
-21,71,12
-22,75,14
-21,94,27
-20,96,37
-3,82,37
3,76,31
2,59,24
0,49,22
-4,40,19
-7,41,19
-12,45,17
-12,46,16
-11,46,14
-9,46,12
-6,70,9
-5,88,7
-6,95,0
-7,102,-1
-9,92,0
-8,81,3
-6,58,9
-8,49,10
-13,42,13
-17,43,15
-16,42,16
-14,44,14
-13,45,15
-21,48,14
-23,53,12
-26,68,12
-27,73,14
-28,96,23
-27,91,35
-8,76,39
1,71,31
3,66,21
1,61,20
-2,46,21
-6,43,22
-14,44,20
-14,45,18
-8,46,14
-7,53,12
-7,84,10
-7,91,7
-8,97,1
-8,97,-1
-9,86,-2
-8,79,0
-10,60,3
-12,51,5
-18,41,12
-20,39,14
-17,39,13
-13,44,15
-13,48,18
-17,49,14
-20,55,13
-29,74,14
-33,80,18
-30,78,28
-29,84,39
-8,81,37
3,73,30
4,66,21
2,60,18
-6,48,15
-11,46,15
-15,45,15
-15,43,14
-9,45,15
-6,44,12
-3,67,8
-2,82,4
-8,94,1
-11,98,1
-18,92,8
-16,81,11
-14,57,12
-16,50,14
-20,42,20
-21,39,19
-22,39,19
-22,44,18
-21,48,15
-19,51,9
-22,56,8
-35,72,16
-34,78,20
-22,97,24
-9,96,25
8,74,23
10,70,19
8,63,10
3,55,6
-8,50,10
-12,51,14
-6,51,18
-6,48,16
-7,43,15
-7,40,14
-18,64,19
-25,82,21
-28,95,16
-23,94,15
-16,95,15
-17,96,16
-16,82,14
-15,69,11
-15,55,8
-17,48,7
-16,47,8
-13,49,11
-12,52,11
-8,60,7
-8,74,4
-16,83,9
-20,74,15
-19,55,23
-18,53,20
-16,68,16
-10,75,17
-1,69,24
-1,62,26
-5,54,24
-7,53,20
-10,54,15
-10,53,15
-9,48,17
-10,51,19
-15,59,23
-16,62,22
-13,69,19
-12,75,19
-18,78,17
-19,78,15
-22,69,15
-19,57,9
-19,58,7
-22,65,4
-21,66,4
-18,61,4
-16,57,2
-17,56,0
-18,57,0
-21,63,4
-20,62,4
-16,63,3
-14,66,3
-10,71,5
-10,77,4
-11,82,4
-14,79,9
-11,60,15
-12,50,16
-10,57,19
-5,64,17
1,75,24
0,66,24
-2,60,22
-8,57,20
-16,54,16
-17,53,14
-14,47,11
-11,43,9
-11,44,8
-12,45,8
-12,47,8
-15,51,11
-19,53,14
-20,52,19
-18,50,18
-15,49,16
-13,49,14
-14,72,11
-14,89,8
-14,103,-1
-16,110,-2
-4,85,4
-2,74,7
-10,62,9
-20,61,5
-25,44,5
-29,42,6
-28,39,11
-28,39,13
-24,40,13
-21,46,11
-18,55,9
-20,53,7
-24,55,4
-30,71,13
-30,78,15
-26,89,17
-24,94,26
-16,86,32
-10,77,30
-3,64,20
-4,59,19
-6,46,17
-7,40,16
-9,38,17
-12,38,16
-15,41,16
-15,41,15
-19,53,10
-21,67,8
-26,97,5
-26,104,5
-22,93,4
-16,85,2
-14,75,1
-13,65,5
-22,48,10
-25,42,10
-29,37,11
-27,34,12
-24,34,11
-29,46,15
-32,49,15
-26,50,11
-26,58,12
-32,81,17
-32,88,18
-44,85,32
-49,80,38
-39,71,22
-30,69,14
-19,56,14
-17,50,13
-14,41,11
-17,40,9
-25,44,12
-29,50,17
-35,55,4
-37,60,-1
-35,78,5
-31,79,8
-31,81,9
-31,76,8
-25,61,12
-28,58,14
-33,44,16
-35,35,12
-38,33,11
-39,32,11
-34,32,12
-34,33,12
-34,34,12
-40,33,10
-43,36,9
-52,56,9
-52,65,13
-52,69,15
-54,80,23
-48,86,34
-38,81,29
-17,69,21
-12,60,21
-14,45,21
-16,40,20
-22,37,17
-24,37,16
-21,34,17
-20,33,18
-21,36,19
-25,46,18
-35,84,24
-39,90,21
-34,94,21
-32,94,21
-31,83,19
-30,58,18
-30,45,18
-35,30,19
-37,27,20
-37,22,20
-36,22,20
-38,30,19
-40,35,19
-39,42,20
-37,39,19
-36,39,18
-41,48,19
-44,64,23
-44,67,25
-41,91,25
-41,105,29
-25,94,33
-19,85,31
-16,70,26
-17,63,23
-19,47,20
-20,40,18
-26,28,17
-30,25,16
-42,27,19
-44,32,20
-43,40,19
-53,59,16
-58,80,16
-55,77,15
-50,73,13
-32,57,8
-32,55,5
-35,65,4
-33,67,4
-36,54,-1
-35,49,0
-43,44,-3
-52,39,-4
-53,43,1
-47,44,5
-48,47,3
-49,36,-2
-50,37,-12
-50,40,-12
-60,48,-2
-61,54,38
-76,39,10
-53,37,-2
-41,39,-2
-42,41,-4
-47,48,-1
-47,49,6
-49,41,11
-48,31,6
-48,30,4
-48,28,6
-44,27,10
-44,26,20
-50,30,24
-57,34,21
-58,36,17
-55,35,13
-56,39,15
-57,49,16
-58,47,11
-50,36,3
-46,35,1
-43,40,3
-43,44,4
-47,45,4
-46,40,6
-47,34,10
-50,34,13
-50,35,14
-49,32,12
-48,32,12
-47,33,13
-44,32,14
-44,31,13
-45,27,14
-45,23,16
-45,21,17
-50,19,15
-55,24,15
-72,42,17
-68,45,21
-69,49,32
-69,56,40
-59,50,34
-53,48,27
-43,40,24
-37,32,25
-34,19,21
-38,17,20
-35,18,21
-35,17,21
-41,21,18
-44,23,16
-51,26,17
-59,34,16
-72,58,16
-72,63,18
-73,65,17
-65,59,19
-55,41,26
-58,35,23
-60,27,12
-51,15,8
-49,12,9
-47,11,9
-47,14,10
-49,17,8
-49,18,7
-48,19,11
-47,15,12
-58,15,11
-62,19,12
-76,38,17
-74,37,18
-80,51,36
-74,55,43
-55,49,32
-46,44,26
-39,31,22
-39,25,21
-39,21,21
-37,19,20
-38,18,19
-39,19,19
-40,19,15
-41,19,12
-60,35,14
-69,49,14
-72,63,15
-77,64,21
-61,54,28
-60,37,24
-60,31,17
-51,15,12
-49,9,12
-50,8,16
-47,10,15
-47,10,8
-49,11,7
-47,15,11
-50,14,11
-67,22,12
-70,32,19
-86,30,27
-84,43,38
-71,50,44
-60,46,34
-48,34,25
-45,27,26
-38,20,25
-38,15,23
-43,11,22
-44,10,22
-44,15,21
-42,18,20
-52,23,18
-62,36,17
-71,55,17
-70,52,18
-78,54,19
-64,41,22
-58,33,23
-49,15,27
-48,7,25
-50,-2,21
-50,-3,19
-48,2,17
-50,5,15
-52,9,12
-56,10,12
-76,20,12
-72,35,16
-67,24,17
-79,32,21
-65,50,43
-58,43,43
-54,40,39
-50,36,36
-39,24,31
-39,20,28
-43,9,25
-46,5,25
-41,2,25
-41,5,24
-40,11,20
-43,8,18
-83,22,17
-92,46,23
-98,51,23
-101,57,17
-91,49,13
-58,33,15
-50,24,15
-49,13,14
-50,12,15
-44,8,16
-47,8,15
-52,15,12
-59,19,14
-69,33,17
-72,38,18
-79,46,12
-75,39,12
-61,23,11
-62,25,12
-54,38,15
-51,41,19
-46,42,25
-42,39,27
-42,32,23
-43,29,20
-47,23,19
-49,21,19
-55,19,20
-59,19,23
-61,21,27
-60,26,28
-59,29,28
-52,29,26
-51,25,26
-67,23,22
-80,32,22
-66,33,20
-57,27,19
-61,24,12
-60,29,12
-55,35,15
-50,34,14
-49,25,10
-50,24,9
-52,24,11
-52,27,12
-56,31,16
-58,34,16
-55,36,20
-53,36,20
-52,34,21
-54,33,17
-64,35,21
-63,31,22
-49,24,28
-51,28,29
-49,32,30
-45,42,36
-43,42,38
-48,36,32
-47,33,29
-42,28,25
-40,24,24
-38,18,23
-40,16,22
-42,15,23
-43,15,25
-49,18,27
-52,20,27
-52,22,27
-50,20,27
-45,19,24
-43,19,22
-56,33,23
-65,45,23
-73,54,24
-79,57,25
-60,49,26
-52,34,26
-54,29,25
-52,24,22
-49,14,18
-56,10,19
-59,11,20
-56,9,13
-57,11,12
-56,14,11
-53,14,10
-57,11,12
-56,9,16
-57,6,15
-61,8,15
-66,28,23
-72,28,27
-75,32,36
-74,29,37
-67,23,31
-62,18,30
-47,5,32
-42,-5,29
-60,-15,21
-67,-3,19
-53,5,20
-55,7,23
-76,29,25
-76,40,24
-82,52,28
-74,44,26
-60,40,21
-44,22,19
-39,10,21
-43,-5,29
-45,-3,28
-52,0,28
-56,3,26
-49,4,26
-47,5,24
-47,17,14
-44,21,11
-40,6,12
-48,0,12
-67,-6,15
-67,-4,27
-90,-12,33
-111,-17,28
-104,9,37
-92,15,35
-68,14,27
-55,11,28
-40,8,27
-41,6,25
-47,0,20
-46,0,19
-42,9,20
-49,14,18
-70,34,13
-64,44,25
-76,45,21
-68,38,18
-63,26,25
-61,11,30
-57,7,28
-66,3,16
-63,2,15
-51,0,15
-49,-3,14
-47,-2,13
-46,-3,12
-49,-8,13
-53,-8,13
-74,7,20
-80,12,21
-94,17,32
-93,24,43
-79,27,31
-71,28,29
-45,22,35
-43,19,30
-41,10,22
-39,5,20
-35,-4,20
-36,-5,18
-38,-6,12
-83,10,13
-80,32,17
-92,40,23
-95,41,21
-79,34,19
-69,30,22
-58,19,25
-54,11,25
-52,-1,24
-51,-6,22
-50,-10,17
-49,-11,15
-53,-7,12
-55,-4,11
-54,2,16
-52,3,17
-58,1,18
-65,3,17
-73,14,24
-86,20,24
-89,37,31
-93,35,30
-77,33,40
-71,29,41
-58,18,35
-53,8,31
-50,-4,26
-53,-13,20
-55,-16,17
-61,-11,14
-61,-10,14
-62,-18,9
-69,-18,9
-93,1,10
-86,11,11
-83,14,10
-82,15,10
-74,18,7
-65,19,9
-54,19,14
-55,15,10
-49,5,6
-46,2,7
-44,-4,11
-49,-6,13
-56,-3,17
-59,-2,19
-62,1,25
-63,1,28
-67,-1,28
-68,4,30
-69,8,36
-72,7,35
-68,5,29
-62,0,28
-57,-2,25
-59,2,26
-60,6,27
-62,10,28
-63,11,26
-61,10,25
-58,9,25
-56,8,25
-55,8,25
-54,4,25
-55,3,25
-55,4,27
-55,4,27
-56,6,26
-55,7,27
-61,3,26
-63,8,26
-61,16,27
-62,13,24
-68,15,20
-60,24,23
-60,26,24
-56,25,22
-54,14,17
-53,11,18
-51,12,22
-51,12,22
-57,12,23
-54,13,24
-53,13,24
-50,13,22
-49,12,20
-48,8,19
-48,5,19
-46,2,20
-44,-1,21
-51,-9,19
-53,-10,22
-73,1,28
-79,4,28
-90,21,42
-82,29,48
-69,28,46
-58,26,45
-43,22,41
-41,19,36
-42,12,29
-41,8,29
-41,3,28
-41,1,26
-41,2,24
-41,3,24
-41,-1,20
-49,-3,20
-81,17,23
-89,35,33
-94,40,34
-79,39,28
-67,31,30
-51,17,33
-50,11,31
-51,3,26
-50,2,25
-54,-2,18
-57,-2,15
-57,4,15
-55,6,17
-51,7,15
-50,4,14
-48,-2,15
-51,-6,14
-64,-5,19
-73,3,23
-76,4,28
-91,6,33
-76,24,44
-73,25,38
-56,26,37
-47,22,36
-46,16,26
-45,14,23
-42,8,21
-40,5,18
-39,8,15
-41,9,15
-50,6,14
-78,22,18
-74,33,23
-85,31,25
-87,32,24
-76,29,25
-74,24,25
-67,12,24
-62,7,23
-57,1,21
-58,0,20
-56,-1,15
-54,-1,13
-49,3,9
-47,3,7
-46,1,7
-46,-2,9
-53,-7,11
-63,-2,17
-66,13,28
-74,5,34
-86,22,40
-81,28,38
-65,30,43
-50,21,36
-47,17,30
-39,9,27
-37,8,28
-37,12,18
-35,12,19
-38,2,17
-45,-1,15
-84,9,12
-87,21,14
-89,38,28
-93,42,24
-72,37,21
-60,29,24
-60,19,23
-57,14,23
-55,6,21
-53,1,22
-57,-6,17
-54,-8,14
-51,-4,7
-50,3,6
-43,10,8
-44,3,5
-63,-7,1
-73,-1,6
-83,3,25
-96,40,43
-95,42,42
-73,37,44
-58,27,39
-47,15,24
-44,10,20
-43,-3,16
-48,-9,14
-53,-6,13
-50,-4,13
-44,-6,12
-41,-9,12
-47,-17,6
-71,-19,4
-100,10,3
-104,24,5
-128,37,11
-111,33,8
-66,23,11
-61,20,14
-59,15,16
-55,13,17
-49,9,18
-47,5,17
-50,0,13
-53,1,12
-63,5,12
-88,6,7
-83,13,12
-66,2,13
-65,-7,8
-68,0,9
-67,8,17
-72,22,25
-67,23,26
-54,19,25
-50,15,22
-44,12,19
-44,10,18
-48,3,19
-51,-2,19
-58,-5,21
-60,-1,23
-67,8,23
-67,9,25
-72,6,22
-74,7,21
-76,10,18
-69,10,15
-67,4,11
-70,7,9
-65,10,11
-64,13,13
-57,11,8
-54,7,6
-54,7,8
-56,10,9
-60,13,10
-63,14,11
-63,12,12
-66,10,15
-66,10,18
-75,11,21
-76,14,25
-69,9,27
-64,5,28
-61,9,29
-57,12,31
-60,18,31
-61,17,29
-59,15,21
-55,13,18
-46,9,14
-45,8,13
-44,6,16
-44,5,17
-45,4,21
-43,4,24
-43,3,26
-47,1,24
-52,7,26
-50,10,24
-44,4,21
-67,11,20
-76,22,22
-98,33,25
-104,33,24
-73,27,23
-65,21,23
-52,8,23
-52,6,22
-59,2,22
-62,3,22
-49,3,15
-46,0,11
-31,-3,6
-28,-3,5
-34,-8,5
-50,-7,12
-77,9,29
-87,-3,30
-102,6,44
-101,19,43
-77,17,35
-54,16,38
-36,1,29
-39,-1,21
-42,-3,14
-40,1,9
-49,3,10
-83,20,10
-80,29,15
-89,30,18
-84,28,17
-78,19,25
-79,15,26
-63,5,22
-58,0,19
-51,-5,15
-51,-7,10
-55,-5,5
-53,-2,4
-46,-3,6
-46,-6,5
-49,-12,7
-56,-11,9
-77,-1,15
-82,8,21
-88,5,27
-86,13,31
-79,19,35
-71,17,34
-53,9,31
-44,4,30
-41,-6,21
-43,-9,19
-50,-9,14
-52,0,12
-51,5,12
-68,4,9
-72,13,9
-74,28,16
-84,30,15
-70,23,23
-70,18,29
-79,0,25
-80,4,20
-66,-1,12
-56,-7,10
-50,-8,7
-50,-8,4
-48,-6,4
-48,-5,4
-50,-5,5
-54,-7,4
-67,-4,6
-71,-2,10
-77,1,17
-90,-2,22
-90,23,38
-86,22,33
-66,20,34
-51,15,31
-46,10,22
-45,7,19
-44,0,17
-42,-4,16
-40,-5,14
-58,-3,13
-82,6,11
-87,28,20
-92,27,21
-91,26,11
-77,22,13
-61,11,17
-57,4,17
-52,-11,17
-54,-16,15
-55,-21,13
-53,-21,12
-55,-19,9
-55,-16,8
-55,-12,9
-54,-11,9
-63,-14,8
-73,-10,9
-76,16,25
-85,15,25
-87,28,32
-81,27,36
-72,23,47
-68,16,41
-57,3,32
-44,-5,25
-44,-9,20
-49,-14,13
-52,-16,11
-63,-15,10
-73,-11,10
-75,-4,14
-78,-4,13
-85,-1,11
-81,4,13
-71,6,10
-62,6,10
-58,2,6
-62,4,5
-66,9,6
-66,13,8
-55,9,7
-51,3,7
-53,-1,9
-56,0,12
-65,3,14
-72,4,15
-74,3,17
-76,-1,15
-81,6,17
-77,9,20
-64,-6,15
-59,-6,19
-59,1,25
-64,13,29
-63,15,28
-57,11,27
-52,8,23
-48,4,16
-47,1,16
-47,-5,15
-50,-6,16
-54,-4,17
-58,1,19
-71,2,22
-85,10,21
-66,20,24
-71,13,18
-74,20,14
-67,24,17
-56,24,17
-53,17,14
-51,10,13
-51,9,14
-51,7,17
-53,6,18
-58,4,19
-59,5,20
-57,7,20
-50,8,17
-48,10,15
-46,7,12
-46,1,12
-51,-14,12
-59,-18,11
-74,-16,14
-77,-8,19
-92,-4,30
-97,7,34
-78,23,40
-67,21,39
-51,15,34
-50,16,31
-40,11,26
-39,6,20
-33,-5,19
-31,-8,18
-31,-10,14
-45,-6,14
-91,22,10
-95,40,18
-97,37,13
-89,32,11
-71,17,20
-67,11,24
-64,2,27
-65,-5,22
-63,-4,22
-56,-4,13
-54,-4,7
-51,-2,6
-49,0,6
-51,-6,5
-60,-9,4
-64,-3,12
-69,4,15
-78,3,21
-83,10,29
-78,13,35
-80,17,33
-64,20,33
-57,16,30
-49,8,23
-48,6,22
-49,1,21
-50,-1,22
-55,4,25
-56,6,25
-51,3,22
-48,2,20
-56,8,18
-69,19,17
-80,32,20
-88,31,18
-76,28,21
-65,15,25
-61,10,26
-53,1,27
-54,-3,26
-54,-6,21
-53,-5,19
-52,-1,12
-52,1,9
-46,5,6
-43,5,6
-42,-3,5
-47,-6,5
-68,0,15
-69,4,24
-96,7,38
-97,20,47
-82,29,42
-69,28,43
-43,16,39
-44,14,33
-46,6,28
-47,3,27
-51,3,26
-52,7,24
-50,11,22
-52,12,22
-57,23,19
-63,34,20
-64,35,20
-79,38,18
-72,35,19
-65,17,25
-65,10,27
-64,-1,20
-63,-3,20
-54,-3,18
-55,-2,14
-46,4,9
-44,6,8
-44,6,6
-52,6,5
-59,17,16
-64,11,21
-95,15,41
-96,23,42
-91,31,45
-79,31,46
-48,18,39
-43,15,35
-45,11,25
-45,9,23
-47,6,20
-48,5,17
-47,4,20
-42,-1,20
-50,-6,18
-86,8,10
-88,25,15
-104,29,12
-105,36,9
-77,30,21
-66,19,29
-71,6,27
-65,0,22
-55,-5,16
-48,-7,12
-44,-10,5
-48,-12,3
-57,-9,3
-63,-6,3
-84,12,9
-82,20,11
-90,23,10
-85,28,16
-77,25,26
-70,32,28
-51,34,29
-44,32,29
-37,20,25
-42,16,20
-47,9,15
-44,6,11
-44,4,10
-48,0,11
-49,-3,14
-59,-10,21
-70,-12,24
-77,-8,28
-78,-6,29
-84,-6,25
-90,-3,24
-94,6,19
-87,9,18
-65,6,12
-60,5,9
-55,6,7
-51,6,9
-49,4,10
-49,3,8
-51,3,7
-50,3,7
-57,7,11
-58,10,12
-65,11,14
-68,11,16
-70,13,20
-70,13,23
-80,14,24
-82,16,33
-83,14,31
-75,23,31
-58,29,33
-44,29,33
-40,27,33
-28,22,32
-31,18,25
-36,10,21
-40,7,20
-43,4,23
-48,1,25
-61,-6,28
-68,-10,30
-74,-12,30
-75,-11,31
-83,-14,24
-91,-13,23
-97,5,22
-86,12,23
-69,5,10
-68,3,6
-63,8,8
-59,11,11
-50,12,11
-48,9,7
-46,6,5
-45,6,8
-46,7,12
-61,9,17
-67,11,20
-72,13,26
-79,13,25
-74,14,36
-70,10,37
-69,3,29
-61,11,31
-50,21,37
-52,22,37
-46,23,37
-42,18,35
-44,10,26
-44,6,23
-43,3,20
-44,2,20
-51,-1,22
-52,-2,24
-56,-6,27
-59,-7,29
-63,-3,31
-62,1,31
-58,-1,31
-60,0,31
-78,1,30
-90,6,32
-87,22,29
-77,17,22
-75,17,18
-57,18,25
-51,15,25
-39,5,21
-38,2,17
-36,-2,16
-36,-3,17
-42,-3,15
-45,-2,16
-63,1,17
-67,4,20
-69,5,24
-69,4,25
-77,2,28
-84,3,28
-84,14,32
-86,16,32
-77,34,37
-68,37,37
-47,35,37
-37,29,36
-35,21,27
-33,17,24
-35,9,18
-38,6,19
-40,5,20
-48,1,22
-54,-3,23
-63,-8,25
-67,-8,26
-70,-6,26
-74,-8,27
-97,-7,26
-106,5,25
-94,26,27
-85,21,23
-76,21,16
-67,22,18
-45,16,22
-41,11,20
-37,4,18
-36,2,17
-32,3,17
-34,3,15
-39,3,15
-41,4,15
-52,7,18
-54,7,21
-66,6,28
-77,6,26
-91,16,37
-92,17,40
-98,23,43
-75,37,42
-62,38,40
-32,25,38
-32,20,31
-31,15,21
-32,13,18
-32,11,15
-32,10,16
-45,9,19
-52,5,21
-61,-2,25
-61,-2,26
-68,0,25
-70,0,26
-88,2,24
-94,10,25
-88,38,24
-81,34,24
-73,26,19
-64,26,20
-49,19,23
-42,15,23
-37,7,17
-34,6,16
-30,7,15
-30,8,15
-35,15,15
-37,20,16
-46,32,18
-44,34,23
-42,34,25
-50,48,25
-46,57,29
-51,67,38
-52,78,36
-39,90,33
-34,81,31
-26,60,27
-25,51,21
-23,41,16
-23,39,15
-23,35,16
-26,35,18
-39,38,20
-43,40,23
-48,51,27
-49,59,28
-56,75,37
-61,90,38
-54,97,32
-43,87,27
-32,79,23
-30,83,19
-24,76,11
-19,66,12
-13,52,12
-8,42,10
-8,39,10
-6,35,10
-7,38,12
-10,43,12
-14,46,13
-14,51,16
-14,52,17
-17,56,22
-18,60,24
-19,73,25
-20,81,28
-26,81,36
-32,75,40
-31,75,46
-23,77,44
-11,67,36
-13,58,29
-14,44,20
-15,40,16
-20,37,14
-20,37,12
-15,34,15
-16,35,17
-21,38,24
-24,42,28
-23,55,31
-27,57,29
-31,59,31
-47,85,36
-52,97,35
-40,84,29
-34,76,27
-33,78,21
-30,77,19
-17,65,18
-15,58,17
-13,45,14
-11,42,12
-9,39,11
-9,37,11
-9,38,11
-9,41,11
-10,52,13
-9,56,14
-11,61,18
-13,73,18
-15,89,23
-20,83,28
-30,72,40
-32,74,43
-19,78,41
-15,73,37
-14,52,27
-15,37,19
-16,34,17
-17,31,14
-17,33,15
-16,37,17
-21,40,19
-23,44,26
-25,48,29
-33,59,34
-32,57,34
-37,63,36
-44,79,39
-43,94,36
-38,85,30
-34,77,26
-36,81,23
-28,75,18
-22,66,16
-17,51,14
-16,46,12
-13,38,10
-12,35,9
-11,36,9
-11,38,10
-11,44,11
-10,49,11
-8,57,13
-10,70,19
-13,79,19
-16,80,24
-20,80,30
-28,79,37
-28,78,40
-19,74,38
-11,69,34
-5,54,26
-5,45,23
-10,37,16
-12,36,15
-17,36,16
-20,36,18
-30,44,27
-27,47,30
-36,51,34
-39,53,35
-39,52,33
-43,55,34
-50,78,38
-51,93,37
-39,93,29
-35,83,26
-34,78,21
-32,75,18
-20,64,16
-15,58,16
-10,47,14
-9,42,12
-7,38,10
-9,37,10
-9,37,10
-10,45,11
-9,49,11
-8,53,15
-9,55,20
-11,68,18
-10,81,18
-21,86,35
-32,86,38
-36,81,48
-30,79,48
-14,69,41
-9,64,36
-11,45,22
-15,38,20
-25,31,22
-29,31,23
-34,35,26
-38,39,30
-37,46,36
-36,50,36
-44,58,35
-48,61,34
-52,71,34
-54,80,33
-46,77,27
-40,63,18
-39,64,13
-34,67,9
-28,65,8
-18,54,6
-18,46,5
-21,40,6
-24,39,9
-27,36,13
-28,38,18
-28,47,26
-24,50,28
-21,52,29
-22,53,31
-22,50,32
-23,50,33
-24,61,34
-22,68,34
-24,67,35
-31,67,35
-32,58,31
-25,53,30
-21,51,25
-21,53,22
-23,57,18
-23,56,16
-24,49,14
-24,49,16
-23,52,19
-26,53,19
-25,51,21
-23,49,24
-25,50,24
-27,48,27
-28,49,29
-28,49,31
-29,51,32
-29,54,32
-29,56,32
-31,58,33
-32,59,33
-33,71,35
-33,77,34
-25,70,31
-25,64,28
-24,56,21
-24,59,19
-20,65,18
-17,67,17
-15,62,14
-12,60,14
-13,55,11
-13,53,11
-12,50,11
-11,50,13
-11,50,14
-12,54,19
-13,58,20
-10,64,25
-10,70,29
-8,79,30
-10,76,31
-22,74,38
-24,69,40
-19,51,37
-14,49,33
-8,54,28
-8,58,26
-9,56,20
-10,53,19
-12,50,19
-12,50,19
-10,50,22
-9,50,24
-8,46,28
-10,45,32
-12,47,37
-12,49,40
-11,54,43
-13,54,42
-16,58,39
-17,64,37
-18,71,33
-20,61,27
-20,57,24
-21,52,22
-19,51,21
-17,48,20
-17,51,20
-17,61,20
-16,66,21
-14,67,20
-15,64,19
-17,61,17
-17,59,17
-15,56,18
-15,55,19
-14,56,22
-15,58,23
-15,60,25
-15,60,26
-14,60,27
-14,59,26
-15,55,24
-16,53,24
-16,51,22
-16,47,22
-15,41,24
-15,40,26
-16,40,29
-16,54,28
-18,68,28
-23,86,30
-24,80,30
-25,73,34
-23,80,33
-12,79,32
-8,70,32
-4,53,30
-5,47,29
-6,38,27
-6,35,27
-5,30,27
-5,32,28
-7,42,31
-7,45,31
-11,48,29
-13,55,29
-15,73,30
-18,88,31
-26,94,32
-24,84,31
-28,68,29
-29,66,27
-25,59,25
-26,58,25
-34,59,27
-40,57,33
-42,57,35
-38,54,36
-37,52,33
-35,45,30
-35,42,28
-33,39,24
-33,38,23
-30,37,23
-28,37,22
-29,38,23
-29,38,24
-30,38,25
-30,40,26
-32,44,30
-33,44,31
-34,45,36
-34,46,38
-34,48,41
-33,52,43
-33,60,45
-31,60,44
-26,62,41
-19,59,34
-15,57,30
-13,56,26
-11,52,19
-10,50,16
-9,51,19
-12,57,28
-3,56,32
2,61,34
4,63,39
8,55,50
-1,55,42
-10,50,32
-9,48,31
-12,48,26
-13,50,25
-14,65,25
-15,74,25
-14,75,23
-17,69,22
-21,60,21
-21,57,21
-19,59,21
-16,63,21
-13,69,18
-13,71,17
-15,63,16
-15,58,16
-14,55,19
-13,56,21
-12,58,25
-11,58,27
-7,56,29
-7,57,31
-8,59,31
-10,60,30
-11,61,30
-13,58,28
-15,57,26
-15,58,24
-17,62,23
-18,74,26
-17,76,27
-17,62,27
-16,59,28
-12,58,28
-9,56,26
-6,56,25
-6,56,24
-5,57,25
-6,58,24
-2,57,25
0,59,25
5,61,25
6,61,25
9,61,25
8,60,25
2,62,24
-1,62,22
-8,63,19
-11,64,18
-13,65,19
-14,64,21
-13,62,21
-13,58,22
-13,55,22
-15,57,22
-15,57,22
-17,60,23
-17,62,23
-15,58,22
-15,54,20
-15,51,18
-16,54,17
-16,64,17
-16,68,18
-14,69,19
-16,69,20
-14,68,22
-12,67,23
-12,64,25
-12,62,25
-11,60,24
-11,60,23
-11,67,21
-11,70,20
-12,63,18
-14,56,18
-15,55,19
-17,53,21
-16,52,23
-14,52,24
-13,51,25
-16,54,26
-18,58,27
-18,69,29
-18,70,28
-18,61,26
-19,56,25
-17,52,24
-15,53,25
-14,59,25
-14,61,24
-16,62,23
-17,61,22
-17,60,21
-16,60,22
-14,60,23
-13,59,23
-11,59,23
-11,58,23
-11,58,24
-11,58,23
-12,59,24
-12,60,24
-12,61,24
-11,60,25
-11,59,24
-12,58,24
-12,58,24
-13,59,24
-13,59,25
-14,59,25
-14,58,24
-14,58,25
-14,59,25
-14,59,25
-14,59,25
-15,58,24
-15,58,24
-15,58,24
-16,58,24
-15,58,24
-15,58,24
-14,59,25
-13,58,25
-14,57,26
-14,58,26
-14,59,26
-14,59,26
-14,59,25
-14,59,25
-14,58,25
-13,58,25
-13,58,24
-13,59,25
-13,58,24
-13,59,24
-13,59,24
-14,59,23
-14,59,23
-14,59,24
-13,58,24
-13,59,24
-13,59,24
-13,59,24
-14,59,24
-14,60,25
-14,60,25
-13,59,25
-13,59,25
-13,59,25
-13,59,25
-13,59,25
-13,59,25
-13,59,24
-13,58,23
-14,58,23
-14,59,23
-14,59,23
-14,59,23
-14,59,24
-14,59,24
-14,58,25
-14,58,26
-14,58,26
-14,58,26
-15,58,26
-14,58,26
-14,58,25
-13,58,24
-14,58,24
-13,59,23
-13,59,23
-12,59,23
-12,59,23
-13,59,24
-13,59,24
-14,58,25
-14,58,25
-14,59,25
-14,59,25
-13,59,25
-14,59,24
-14,59,24
-13,59,24
-13,60,24
-13,58,23
-13,58,23
-13,58,24
-13,59,24
-14,60,24
-13,60,25
-14,59,24
-14,59,24
-14,59,24
-13,59,23
-13,60,23
-13,59,24
-13,58,24
-13,58,24
-13,58,24
-13,58,25
-13,59,25
-13,60,25
-13,59,25
-13,58,24
-13,56,23
-13,56,23
-14,56,22
-14,55,22
-14,54,21
-15,55,21
-16,55,21
-16,56,22
-18,58,23
-20,60,24
-27,71,28
-31,76,25
-30,73,20
-39,77,21
-38,76,20
-51,78,17
-56,78,16
-54,75,18
-60,74,20
-70,83,21
-66,78,24
-49,56,29
-44,47,28
-31,37,25
-24,32,30
-21,24,36
-25,23,36
-12,22,37
-15,25,39
-12,18,43
-11,15,45
-13,10,53
-9,1,55
-10,-6,61
-12,-10,62
-15,-13,59
-6,-14,50
0,-5,49
-20,-3,60
-23,-2,64
-12,-1,65
-12,-2,64
-15,0,62
-12,0,64
-13,1,62
-14,2,63
-14,2,64
-15,2,64
-13,3,65
-14,2,64
-12,1,65
-13,1,64
-15,1,64
-16,0,63
-16,0,60
-16,0,60
-15,0,62
-16,-1,64
-20,-1,65
-19,-3,64
-19,-4,62
-21,-6,61
-19,-6,58
-19,-6,58
-17,-5,58
-19,-4,61
-20,-5,61
-19,-5,63
-20,-5,62
-20,-5,62
-20,-6,61
-19,-6,60
-19,-5,60
-19,-6,60
-19,-6,60
-20,-6,61
-19,-3,62
-18,-5,61
-19,-6,61
-21,-6,60
-20,-5,60
-17,-3,62
-18,-3,62
-20,-2,61
-16,-1,63
-17,-2,62
-18,0,63
-18,-3,61
-19,0,61
-18,-3,60
-18,-1,61
-19,-2,61
-18,0,61
-16,0,62
-20,-1,62
-20,1,62
-19,0,63
-20,0,64
-18,1,66
-15,1,63
-24,-2,58
-26,-6,57
-15,-2,57
-22,-13,50
-24,-8,54
-24,-9,56
-22,-10,58
-24,-12,59
-26,-11,62
-26,-9,62
-22,-7,60
-22,-5,59
-20,-3,58
-20,-3,56
-21,-5,54
-24,-3,53
-19,-1,52
-17,0,49
-25,5,47
-24,7,48
-20,8,48
-33,15,50
-36,20,50
-37,30,55
-46,36,61
-49,45,74
-45,45,76
-34,44,68
-26,42,64
-23,32,55
-26,30,51
-31,28,46
-27,26,45
-22,26,40
-21,30,40
-12,36,44
-23,44,46
-31,62,60
-23,61,65
-5,49,58
-8,45,50
-17,42,40
-20,36,37
-19,28,41
-20,25,42
-21,20,40
-18,19,43
-32,19,46
-41,16,45
-45,15,47
-50,21,43
-54,27,41
-32,30,53
-27,29,55
-51,34,46
-50,42,45
-53,43,27
-49,39,23
-27,28,8
-32,27,-1
-37,20,-18
-49,21,-23
-70,23,-21
-66,27,-10
-57,39,10
-98,51,9
-74,47,10
-51,30,8
-48,30,7
-44,22,2
-47,38,-3
-56,35,-6
-60,36,-6
-60,37,0
-61,37,8
-62,36,7
-59,34,1
-57,35,3
-62,36,1
-66,40,-2
-67,39,-7
-76,45,-6
-71,44,1
-47,40,10
-39,41,11
-35,42,8
-37,44,5
-34,52,-3
-33,55,-6
-35,53,0
-40,53,8
-62,44,10
-62,35,9
-56,29,11
-53,31,10
-48,32,7
-45,33,7
-42,31,5
-43,30,6
-51,32,12
-62,32,17
-67,35,16
-59,39,10
-53,44,14
-59,39,14
-64,35,10
-67,42,13
-68,53,15
-77,59,-5
-62,47,-9
-33,27,-4
-28,28,2
-29,30,4
-35,30,-1
-47,31,-5
-55,36,-2
-71,42,0
-75,40,-4
-56,37,3
-46,34,5
-41,31,7
-43,31,8
-52,32,9
-57,33,8
-60,34,5
-60,36,5
-56,37,8
-55,35,8
-58,32,4
-60,29,-2
-59,27,-2
-61,27,1
-61,29,6
-61,32,7
-69,39,3
-71,50,4
-68,47,6
-53,41,8
-45,39,6
-34,41,6
-34,45,5
-29,54,2
-30,57,4
-43,61,18
-56,57,14
-61,37,1
-55,32,3
-42,33,11
-39,37,14
-43,39,13
-47,39,10
-51,36,5
-51,35,7
-50,34,10
-50,34,11
-54,36,15
-55,37,14
-48,38,10
-46,41,13
-56,43,16
-62,41,18
-63,43,17
-64,54,11
-62,60,8
-52,51,0
-49,37,-1
-42,32,2
-39,32,1
-32,34,-3
-34,36,-3
-47,43,-1
-56,43,-2
-65,44,-6
-62,42,-7
-51,39,-2
-47,38,2
-46,35,3
-49,34,2
-52,35,2
-53,35,1
-58,36,-1
-60,36,-1
-58,38,3
-56,38,5
-54,35,4
-55,32,3
-57,29,-1
-56,28,-1
-57,29,1
-60,30,5
-61,30,5
-59,30,-1
-60,29,-3
-63,33,-6
-67,38,-6
-67,41,3
-62,41,6
-51,43,4
-49,44,2
-40,45,0
-35,45,-1
-30,47,-5
-28,49,0
-49,57,13
-66,56,11
-68,35,2
-58,31,3
-44,33,6
-40,35,7
-39,37,6
-43,38,6
-50,38,5
-55,37,5
-59,34,6
-52,32,9
-53,32,9
-55,34,9
-54,35,7
-48,41,8
-49,44,10
-59,43,14
-62,41,13
-60,42,6
-59,46,5
-60,58,4
-60,59,2
-47,43,4
-46,37,3
-41,32,0
-36,31,-3
-34,34,-5
-40,37,-4
-54,44,-3
-62,44,-5
-64,42,-10
-59,41,-10
-47,40,-1
-45,38,2
-46,37,4
-48,36,2
-52,34,-1
-54,37,-2
-55,39,-2
-58,41,1
-59,41,2
-55,37,4
-53,35,4
-55,32,0
-56,31,-2
-58,30,-4
-59,30,-2
-59,30,3
-59,29,4
-57,32,2
-57,32,0
-59,32,-3
-64,33,-5
-70,38,-5
-65,38,0
-53,35,10
-51,39,12
-52,46,8
-52,47,6
-48,46,4
-44,43,3
-36,43,2
-34,45,4
-32,53,11
-39,56,15
-57,52,14
-55,39,10
-49,35,9
-42,37,8
-40,39,9
-36,39,10
-37,39,11
-46,42,12
-50,43,11
-53,40,12
-52,37,12
-54,36,14
-54,37,16
-51,38,13
-48,40,13
-46,44,17
-49,45,17
-56,45,15
-57,45,13
-58,53,9
-58,56,6
-50,51,2
-45,42,4
-47,38,4
-47,37,4
-42,35,-1
-40,33,-3
-42,36,-1
-49,38,0
-53,36,-2
-59,34,-5
-61,35,-6
-65,35,-10
-60,38,-5
-48,35,2
-47,34,3
-52,33,4
-55,32,2
-58,32,0
-58,34,-1
-57,39,0
-54,40,2
-51,40,5
-52,41,5
-54,39,1
-54,36,0
-55,31,1
-55,30,1
-56,32,0
-57,35,0
-60,38,-3
-61,38,-4
-64,38,0
-64,37,1
-58,41,2
-50,46,3
-47,46,4
-41,44,2
-39,43,1
-37,46,-1
-38,50,-1
-46,56,5
-50,56,8
-52,47,7
-47,45,6
-40,43,5
-40,43,6
-42,39,7
-45,37,6
-51,36,3
-55,35,2
-53,35,6
-52,36,8
-54,37,12
-55,38,12
-51,42,9
-48,45,11
-52,45,15
-56,42,14
-59,39,10
-60,43,8
-60,58,2
-61,60,-7
-47,48,-5
-46,38,-2
-46,31,-1
-40,27,-5
-39,29,-4
-46,36,0
-51,37,-1
-57,38,-4
-60,37,-7
-62,37,-13
-62,35,-12
-55,34,-4
-50,31,-2
-48,30,0
-51,29,0
-54,33,2
-55,34,2
-56,38,1
-56,38,2
-56,38,4
-55,36,2
-55,35,-1
-57,35,-2
-60,34,-2
-58,33,-1
-53,32,0
-52,33,1
-61,41,-6
-64,47,1
-61,45,7
-52,42,5
-50,44,4
-51,50,3
-47,50,2
-40,46,-1
-37,45,-1
-32,44,0
-31,46,1
-33,53,4
-36,55,7
-52,58,13
-56,54,11
-50,45,5
-44,43,4
-39,41,5
-40,40,7
-44,39,9
-48,39,8
-52,38,6
-50,37,6
-49,37,9
-51,38,10
-55,39,14
-52,37,6
-47,39,6
-49,42,12
-54,40,13
-62,40,12
-62,40,11
-56,51,9
-55,56,7
-55,59,-2
-52,52,-4
-49,38,-1
-49,35,-1
-40,33,-5
-35,35,-7
-38,38,-8
-43,40,-7
-56,41,-7
-61,40,-10
-59,37,-14
-55,38,-9
-47,39,0
-45,36,0
-48,37,0
-51,38,1
-56,39,0
-55,39,-1
-55,39,-2
-54,39,0
-52,39,1
-53,38,-1
-52,37,-2
-54,35,-3
-56,34,-1
-59,33,-1
-58,32,-2
-56,33,-4
-60,36,-7
-71,45,-5
-69,45,-2
-56,39,-1
-53,39,0
-48,44,0
-42,46,0
-33,46,-2
-31,48,-2
-31,53,4
-39,56,6
-63,55,5
-68,48,1
-56,36,2
-50,35,3
-39,37,4
-36,39,6
-41,39,6
-46,40,7
-55,40,5
-58,39,4
-55,35,4
-49,34,6
-46,35,9
-49,37,10
-50,38,9
-49,39,6
-49,40,7
-53,39,12
-56,38,12
-62,41,12
-62,41,10
-55,48,8
-55,52,6
-56,62,2
-55,61,0
-49,42,0
-46,36,1
-40,35,0
-36,36,-1
-36,38,-3
-42,40,-3
-52,41,-6
-56,41,-8
-58,38,-12
-58,35,-12
-58,32,-8
-56,34,-5
-49,33,-2
-49,33,-1
-52,34,1
-56,33,1
-57,34,0
-58,36,0
-58,37,1
-56,36,3
-56,35,4
-58,32,-1
-58,32,-3
-57,30,-5
-55,29,-3
-57,31,1
-57,31,0
-54,34,0
-55,37,-3
-66,45,-7
-67,47,-3
-59,45,2
-52,45,2
-45,51,0
-45,53,2
-43,49,1
-40,46,0
-35,46,-1
-31,50,-2
-31,53,-1
-41,54,8
-51,55,11
-62,41,3
-55,37,2
-44,37,4
-42,37,4
-45,33,5
-46,31,5
-50,30,4
-52,32,8
-63,33,13
-67,33,14
-63,33,5
-54,35,5
-54,47,14
-62,45,13
-67,41,5
-66,47,4
-61,59,-8
-54,52,-11
-42,38,-9
-39,32,-6
-35,34,-3
-35,36,-4
-38,37,-5
-44,38,-6
-57,41,-6
-61,41,-10
-59,40,-16
-52,41,-11
-46,39,-4
-49,37,-2
-50,35,-3
-49,37,-4
-50,40,-4
-50,43,-3
-52,44,-3
-56,43,0
-58,41,0
-58,38,-2
-56,37,-3
-52,35,-3
-52,34,-3
-53,32,0
-56,33,2
-60,34,-2
-59,34,-2
-64,33,-8
-67,35,-10
-63,41,-2
-59,40,5
-56,39,8
-58,41,5
-55,45,3
-50,44,3
-41,40,1
-37,39,1
-32,42,2
-37,49,6
-47,52,9
-63,51,11
-64,45,8
-50,36,7
-45,37,7
-42,39,6
-42,38,6
-43,38,8
-47,39,9
-54,39,9
-54,38,8
-47,36,8
-45,36,9
-46,37,11
-46,39,12
-47,41,10
-46,42,9
-49,43,13
-53,42,15
-60,40,17
-62,41,16
-61,47,8
-57,52,5
-54,67,2
-51,63,1
-47,43,0
-48,35,-1
-45,34,-4
-35,37,-8
-33,37,-9
-42,42,-7
-51,44,-7
-65,45,-11
-63,42,-12
-49,39,-4
-46,38,-1
-45,36,0
-47,36,-1
-50,38,-3
-52,39,-2
-54,41,-1
-53,41,-1
-55,40,2
-55,39,2
-53,34,2
-53,32,1
-53,31,-2
-52,31,-3
-53,34,-2
-55,36,2
-60,36,6
-59,36,3
-56,36,-2
-60,40,-8
-66,45,-8
-66,48,3
-60,45,6
-50,43,2
-49,44,0
-40,45,-2
-35,44,-4
-32,48,-5
-31,52,-2
-34,58,9
-51,59,10
-67,44,1
-61,36,0
-48,33,4
-45,34,6
-43,36,5
-44,35,5
-47,34,5
-50,34,4
-55,34,4
-55,35,6
-52,34,7
-52,34,8
-50,36,9
-51,37,9
-49,40,5
-48,41,7
-53,41,12
-57,40,13
-60,43,12
-57,47,12
-57,51,8
-59,62,8
-61,64,4
-48,44,1
-45,35,2
-43,31,1
-39,29,-2
-33,34,-5
-35,38,-6
-52,43,-6
-59,42,-8
-64,40,-11
-58,38,-11
-50,39,-5
-47,39,-3
-43,38,0
-43,37,0
-49,37,-1
-53,36,-2
-54,39,-2
-53,41,-2
-54,44,0
-54,43,1
-53,39,2
-55,35,0
-55,33,-2
-55,33,-4
-55,33,-4
-55,34,1
-57,34,2
-57,37,2
-55,36,1
-61,38,-6
-68,42,-7
-68,44,-2
-63,40,1
-54,35,4
-53,37,4
-52,41,2
-48,41,0
-40,39,-1
-37,39,0
-34,45,1
-34,49,3
-42,56,7
-50,58,10
-63,49,8
-61,41,5
-49,36,4
-44,36,4
-40,36,4
-44,37,7
-50,37,7
-56,36,4
-56,35,3
-47,33,4
-48,34,7
-51,36,11
-53,39,13
-53,40,6
-50,42,5
-52,46,12
-58,44,12
-59,43,11
-59,46,10
-63,62,3
-64,67,-3
-49,51,-3
-45,39,0
-45,32,1
-43,31,-1
-37,32,-7
-35,34,-9
-44,41,-9
-53,43,-9
-59,41,-8
-58,38,-10
-52,35,-10
-50,37,-5
-49,37,-2
-48,36,-1
-49,36,1
-53,37,0
-54,38,1
-54,41,2
-54,42,2
-53,41,4
-52,38,4
-55,35,2
-58,36,0
-55,35,-3
-55,33,-2
-57,31,-2
-54,29,-2
-57,31,-6
-61,37,-6
-70,49,3
-68,49,6
-60,45,4
-56,46,3
-51,48,2
-45,47,2
-36,45,1
-32,44,3
-27,46,8
-29,48,11
-47,50,14
-59,49,11
-70,35,3
-47,31,9
-40,36,12
-42,38,12
-45,38,10
-46,39,9
-47,40,10
-51,40,11
-51,40,10
-46,38,12
-44,38,12
-44,37,10
-43,37,10
-44,42,13
-46,44,14
-47,45,16
-49,44,16
-55,40,14
-54,40,13
-55,43,16
-53,46,17
-55,58,12
-56,65,9
-52,64,3
-48,51,0
-45,36,1
-44,33,0
-35,38,-5
-33,43,-10
-36,50,-8
-55,53,-6
-61,50,-6
-57,41,-7
-49,40,-4
-42,37,0
-42,38,1
-47,38,-1
-51,38,-1
-58,37,-1
-60,36,-2
-61,36,0
-58,35,3
-56,32,4
-57,30,4
-57,28,0
-58,27,-2
-59,28,-3
-59,29,-1
-58,31,3
-60,32,3
-62,38,0
-63,40,-2
-62,41,1
-63,38,2
-63,40,-1
-58,43,2
-53,52,5
-46,50,6
-42,46,5
-33,43,1
-31,44,1
-31,49,4
-36,52,7
-51,51,13
-57,48,12
-55,39,7
-48,40,7
-35,41,7
-33,42,9
-41,39,11
-46,40,11
-52,41,10
-51,40,9
-47,38,10
-45,37,11
-47,34,14
-50,35,14
-53,38,10
-53,40,12
-53,38,17
-56,36,17
-65,36,12
-62,36,11
-58,50,13
-61,64,7
-61,63,3
-48,39,-5
-42,32,-2
-39,31,-1
-36,34,-4
-33,37,-10
-37,44,-8
-56,53,-5
-65,49,-7
-58,38,-6
-51,35,-3
-47,34,0
-49,35,1
-53,37,0
-55,37,0
-55,38,1
-55,38,1
-55,38,3
-55,38,4
-57,35,0
-57,36,-1
-56,33,-3
-56,32,-3
-57,30,-3
-55,30,-2
-58,36,-1
-60,42,0
-57,43,3
-59,41,2
-59,44,3
-56,52,7
-53,52,8
-42,48,8
-37,46,7
-31,46,7
-30,46,7
-36,49,11
-45,49,14
-60,44,10
-59,40,7
-45,36,8
-41,37,9
-44,37,11
-47,37,12
-51,34,12
-53,33,10
-56,31,7
-56,32,8
-50,32,11
-50,32,12
-49,34,12
-47,36,9
-50,37,9
-56,35,15
-64,32,14
-63,37,11
-63,39,10
-52,44,9
-53,51,8
-62,63,-2
-58,62,-1
-55,42,-3
-50,33,-4
-39,27,-5
-32,29,-5
-31,36,-9
-36,40,-8
-54,53,-6
-62,53,-9
-63,42,-18
-58,38,-17
-48,32,-9
-46,33,-6
-45,33,-5
-48,34,-5
-59,35,-8
-62,34,-8
-62,33,-7
-60,34,-5
-55,33,-2
-61,31,-3
-62,29,-4
-61,27,-6
-59,27,-6
-57,25,-5
-58,26,-2
-61,28,1
-59,28,0
-57,31,-5
-62,35,-9
-74,42,-10
-70,41,-4
-58,36,2
-55,40,3
-46,49,2
-40,53,3
-35,54,-1
-33,57,-2
-25,56,4
-30,57,6
-49,56,7
-56,50,3
-48,38,3
-43,37,5
-43,39,9
-44,39,9
-46,36,7
-45,32,5
-45,30,6
-55,32,12
-62,33,13
-70,40,9
-58,42,9
-47,52,20
-55,45,16
-57,40,6
-59,47,4
-67,73,-4
-68,67,-13
-37,36,-13
-30,27,-9
-28,28,-1
-33,31,-3
-42,36,-9
-50,39,-10
-67,43,-13
-69,42,-15
-61,36,-12
-51,33,-7
-43,29,-4
-44,29,-4
-52,32,-5
-57,34,-6
-59,38,-6
-58,40,-6
-55,43,-3
-53,39,-1
-54,37,-1
-55,33,-3
-54,33,-5
-55,32,-5
-57,32,-4
-60,29,-3
-60,28,-2
-59,27,-2
-60,28,-5
-59,30,-6
-60,31,-10
-64,39,-10
-64,43,-2
-58,42,7
-56,43,6
-54,47,0
-51,47,-1
-42,44,-3
-39,43,-4
-34,46,-2
-31,49,3
-40,56,11
-53,56,10
-61,42,0
-53,38,0
-43,38,6
-44,39,6
-47,38,5
-47,37,5
-45,37,5
-48,37,3
-49,36,4
-48,35,8
-51,36,11
-59,38,12
-60,40,8
-49,45,8
-49,48,13
-60,41,11
-60,41,8
-58,51,6
-59,61,2
-59,62,-7
-49,49,-6
-44,34,-3
-43,31,-4
-35,33,-7
-33,36,-9
-38,41,-8
-45,44,-7
-65,47,-8
-67,44,-11
-55,36,-11
-50,33,-7
-47,32,-3
-49,35,-4
-65,47,-8
-67,44,-11
-55,36,-11
-50,33,-7
-47,32,-3
-49,35,-4
-51,36,-4
-57,37,-3
-58,37,-4
-54,39,-2
-53,39,0
-51,36,1
-51,34,1
-56,34,-2
-55,36,-3
-54,35,-2
-56,34,-1
-59,34,-2
-58,34,-3
-61,36,-7
-65,39,-6
-67,40,2
-65,36,0
-60,39,-1
-55,45,0
-46,51,3
-42,51,2
-31,50,2
-27,51,1
-25,53,5
-30,55,6
-50,54,9
-59,50,5
-54,40,4
-42,37,6
-41,37,7
-43,36,9
-46,36,9
-48,32,4
-48,32,4
-50,33,8
-53,33,10
-62,37,16
-63,37,11
-51,42,10
-49,45,15
-63,39,14
-66,35,8
-57,42,12
-58,52,10
-62,62,0
-58,60,1
-49,36,-5
-43,32,-3
-35,29,-2
-31,30,-4
-35,36,-10
-41,41,-10
-58,52,-8
-66,50,-9
-56,42,-10
-50,41,-6
-43,38,-2
-41,38,-2
-43,38,-1
-49,39,-2
-53,40,-2
-58,44,-1
-58,45,-1
-52,42,0
-50,39,0
-54,37,-2
-55,35,-4
-54,35,-4
-55,34,-3
-60,32,1
-61,30,-2
-62,32,-4
-65,34,-7
-72,43,-9
-71,47,-3
-56,40,4
-47,36,3
-49,38,1
-45,39,-1
-36,40,0
-33,42,-1
-32,49,3
-33,52,8
-57,55,9
-67,43,3
-59,36,2
-45,36,5
-43,37,6
-44,40,6
-45,39,6
-49,37,4
-51,37,3
-55,36,2
-52,35,3
-47,33,6
-48,34,6
-48,37,8
-50,40,6
-49,45,7
-49,46,13
-61,42,14
-61,39,11
-61,40,7
-57,48,6
-54,62,0
-57,73,-2
-56,54,-1
-53,40,-4
-41,32,-7
-35,29,-8
-30,32,-11
-38,38,-12
-46,43,-10
-67,48,-10
-69,47,-12
-52,39,-9
-46,36,-5
-44,32,-4
-47,31,-5
-52,34,-5
-55,34,-5
-60,37,-4
-58,39,-2
-55,40,-1
-54,39,0
-54,35,1
-55,33,1
-57,33,-2
-57,34,-3
-54,32,-2
-55,31,1
-58,29,3
-59,28,-1
-55,29,-1
-56,30,-4
-67,37,-12
-67,42,-9
-57,44,3
-52,46,5
-50,50,4
-48,51,3
-46,50,1
-40,45,-2
-36,45,-3
-33,48,-4
-33,51,-1
-44,56,6
-53,56,8
-60,45,4
-54,40,3
-43,39,5
-43,39,5
-45,38,5
-45,36,5
-47,35,5
-51,34,4
-51,35,6
-50,34,8
-54,34,10
-58,34,11
-57,37,7
-52,39,7
-51,44,14
-55,44,15
-57,39,9
-55,42,5
-54,55,3
-65,71,-3
-62,59,-9
-38,33,-7
-36,32,-6
-33,31,-5
-33,34,-7
-40,35,-8
-49,39,-9
-66,44,-12
-69,43,-16
-58,38,-13
-50,36,-6
-46,33,-2
-48,31,-5
-50,33,-8
-51,36,-8
-54,44,-6
-54,47,-3
-52,48,0
-53,45,0
-52,38,-3
-52,36,-4
-52,34,-7
-51,35,-6
-51,37,-1
-53,36,0
-58,35,2
-59,35,-4
-57,34,-5
-58,33,-9
-60,36,-12
-66,47,-3
-62,47,5
-51,39,6
-50,37,1
-51,40,-4
-50,42,-4
-45,45,-2
-41,45,-2
-33,45,0
-34,46,1
-47,51,4
-55,53,5
-62,47,1
-58,41,-1
-47,39,3
-45,40,3
-44,40,1
-42,40,1
-43,39,4
-49,40,5
-56,41,3
-56,40,2
-47,38,1
-42,37,2
-43,39,5
-46,44,8
-47,47,8
-46,48,7
-46,48,8
-51,45,12
-55,43,13
-61,42,13
-62,42,9
-56,46,5
-54,51,5
-58,65,9
-57,59,2
-46,38,-4
-45,36,-4
-42,33,-3
-41,35,-4
-38,33,-8
-38,33,-10
-48,40,-10
-55,43,-12
-63,42,-15
-60,40,-12
-51,37,-5
-47,36,-3
-46,33,-2
-47,33,-2
-51,36,-3
-55,38,-1
-57,39,-2
-57,40,-1
-56,39,1
-53,35,1
-54,32,0
-59,33,-4
-58,34,-5
-54,33,-2
-58,32,-1
-58,31,-1
-58,32,-3
-63,45,-10
-66,52,-6
-61,49,5
-57,43,4
-50,42,0
-47,45,0
-38,46,-1
-33,45,-2
-30,47,-2
-28,50,3
-43,53,7
-54,53,6
-61,41,0
-54,36,1
-45,36,4
-43,40,5
-44,41,5
-48,40,4
-51,39,3
-54,38,2
-53,37,2
-47,37,4
-47,37,5
-49,38,7
-50,39,6
-49,40,3
-49,40,4
-52,40,8
-55,39,9
-56,39,11
-59,41,11
-61,42,6
-56,45,4
-53,57,1
-53,63,2
-54,55,3
-53,44,-1
-46,37,-3
-37,34,-5
-34,35,-7
-34,37,-8
-41,44,-9
-46,47,-10
-63,48,-12
-63,43,-12
-54,37,-7
-41,36,-1
-39,35,-2
-45,38,-1
-51,38,-2
-56,40,-2
-56,41,-2
-54,42,-1
-55,42,1
-53,36,2
-53,33,2
-56,30,-1
-58,29,-4
-59,29,-4
-59,30,-2
-60,29,1
-61,28,-1
-57,32,0
-57,31,-2
-65,37,-6
-72,43,-6
-67,43,0
-60,41,1
-50,46,3
-43,50,3
-38,49,2
-31,45,-1
-31,47,-3
-31,54,-2
-37,57,2
-57,57,8
-63,48,5
-51,36,4
-45,36,5
-40,40,4
-41,39,4
-43,38,6
-47,38,5
-52,37,3
-53,36,4
-50,34,7
-51,33,8
-57,36,11
-58,38,11
-51,42,8
-52,45,11
-59,45,11
-62,44,8
-59,52,6
-63,62,3
-56,58,-7
-45,44,-2
-41,34,1
-39,31,-3
-37,35,-5
-35,37,-7
-41,40,-7
-55,43,-9
-61,44,-11
-62,39,-16
-55,37,-11
-47,36,-2
-47,35,-2
-47,35,-1
-47,37,-1
-52,40,0
-54,42,0
-54,43,0
-53,43,1
-51,40,2
-52,38,2
-56,38,0
-55,38,-1
-55,35,-3
-56,35,-3
-55,32,-4
-55,32,-5
-61,39,-7
-63,43,-2
-60,42,5
-59,39,2
-56,43,0
-53,47,1
-42,50,3
-35,49,4
-33,49,4
-29,51,7
-33,53,8
-53,55,9
-61,51,7
-54,38,4
-46,36,4
-39,37,6
-40,38,8
-47,39,10
-51,38,9
-51,35,5
-51,33,5
-48,33,8
-49,33,10
-56,33,15
-60,33,12
-51,37,5
-50,42,10
-61,45,14
-66,41,10
-56,42,10
-55,48,8
-57,64,0
-57,68,-5
-50,55,-3
-41,38,-2
-38,34,-3
-30,33,-5
-31,36,-8
-38,41,-10
-47,46,-9
-62,50,-11
-63,47,-15
-56,35,-14
-51,35,-8
-44,33,-4
-44,32,-5
-48,37,-2
-53,39,-2
-60,40,-6
-59,39,-7
-59,39,-6
-57,38,-5
-55,34,-3
-56,33,-2
-56,31,-3
-56,30,-3
-56,29,-4
-56,29,-3
-56,29,-1
-58,31,2
-59,30,3
-61,32,-2
-60,33,-2
-65,38,-10
-69,43,-11
-66,47,3
-58,42,7
-53,36,2
-52,38,-2
-46,42,-3
-41,42,-4
-35,44,-6
-33,47,-4
-37,54,5
-49,57,7
-65,48,4
-61,40,0
-46,34,2
-45,35,3
-44,37,1
-43,38,1
-42,40,3
-44,42,4
-50,44,4
-48,44,5
-43,41,6
-43,41,7
-43,41,8
-43,41,9
-50,42,10
-57,40,12
-56,38,13
-60,34,14
-61,34,13
-63,32,5
-59,36,4
-59,61,5
-63,73,1
-59,56,-5
-53,40,-6
-38,35,-4
-35,32,-6
-30,34,-12
-33,37,-13
-46,52,-7
-57,55,-7
-58,44,-4
-53,39,-3
-45,33,-1
-45,35,-2
-48,39,-1
-51,41,1
-54,41,2
-54,42,3
-51,41,5
-51,40,4
-53,38,1
-54,36,0
-55,33,-1
-59,30,-3
-58,29,-3
-57,35,-3
-62,40,-5
-60,44,2
-56,42,8
-58,44,4
-58,49,3
-51,49,6
-43,49,7
-30,45,9
-27,45,9
-29,50,11
-34,54,11
-50,56,12
-58,52,10
-53,42,7
-43,40,8
-38,40,11
-39,40,13
-44,37,13
-49,33,9
-51,32,7
-50,31,7
-49,31,11
-54,33,18
-60,34,18
-56,35,8
-49,40,13
-59,47,18
-64,42,14
-63,50,12
-64,58,4
-61,68,-12
-56,57,-12
-38,36,-3
-36,32,-1
-32,31,-2
-31,32,-6
-39,40,-11
-48,48,-12
-68,50,-11
-70,45,-10
-52,34,-8
-45,30,-5
-42,30,-2
-45,32,-2
-52,38,-1
-55,41,0
-59,41,-1
-57,40,0
-54,38,0
-53,36,-1
-53,33,-3
-55,35,-3
-55,34,-1
-61,34,-1
-61,34,-2
-59,34,-9
-62,39,-11
-67,48,-1
-64,46,4
-57,39,4
-53,40,2
-46,43,1
-40,43,1
-32,43,-2
-31,45,-2
-30,53,4
-37,58,7
-61,56,7
-65,46,3
-52,34,3
-46,33,3
-40,37,3
-39,38,4
-42,40,5
-46,41,4
-56,41,3
-55,40,4
-47,37,5
-47,38,7
-47,38,8
-49,40,8
-49,41,5
-48,43,6
-51,44,9
-58,44,11
-61,44,8
-53,48,8
-52,53,4
-54,64,-2
-54,65,-2
-49,49,0
-50,39,0
-45,32,-4
-37,31,-5
-27,34,-9
-30,38,-10
-44,49,-9
-54,52,-9
-68,46,-15
-65,40,-17
-50,35,-5
-44,34,-2
-40,35,-2
-43,37,-2
-51,41,-2
-57,41,-2
-57,41,-3
-53,40,0
-51,39,2
-53,34,1
-57,34,0
-58,37,-4
-57,35,-6
-60,34,-5
-60,33,-3
-59,36,-5
-60,40,-6
-67,46,-3
-64,45,-2
-53,44,-3
-47,49,1
-39,55,5
-35,53,4
-29,46,-2
-30,47,-3
-33,50,-1
-39,52,0
-53,52,4
-57,46,3
-53,37,4
-49,38,5
-43,41,5
-42,41,5
-44,41,7
-50,40,5
-53,40,3
-51,38,3
-44,37,5
-45,38,6
-46,39,7
-46,43,9
-47,44,8
-51,42,9
-52,41,10
-57,37,10
-59,35,8
-60,37,6
-60,37,6
-51,48,8
-53,55,7
-56,66,3
-50,64,2
-44,46,-2
-43,39,-3
-36,34,-5
-33,34,-8
-34,41,-14
-39,48,-15
-53,55,-11
-62,51,-10
-57,39,-5
-45,37,0
-43,37,-1
-41,41,0
-45,43,1
-52,42,1
-53,40,1
-54,40,3
-54,41,3
-53,41,1
-53,39,-1
-56,35,-4
-58,33,-4
-56,29,-4
-56,34,-5
-61,45,-2
-61,50,6
-62,48,8
-60,44,2
-53,45,1
-46,48,3
-32,48,5
-27,49,6
-22,51,10
-23,53,11
-40,56,10
-50,55,8
-58,44,0
-51,40,2
-38,43,10
-42,45,13
-45,45,13
-48,41,9
-47,38,6
-49,34,4
-51,32,4
-48,36,12
-50,38,15
-53,39,14
-50,39,9
-44,44,8
-47,45,11
-57,44,14
-59,42,13
-51,47,16
-50,54,14
-61,68,-3
-62,68,-5
-53,48,-5
-50,41,0
-39,31,0
-34,31,0
-23,37,-3
-24,40,-6
-42,52,-13
-48,54,-13
-58,52,-10
-55,41,-11
-49,38,-5
-38,40,3
-45,43,0
-65,44,-2
-62,44,3
-46,38,1
-45,38,0
-45,40,3
-46,40,3
-52,38,2
-54,38,-1
-63,38,-5
-68,36,-4
-59,36,0
-55,36,-1
-57,42,-2
-59,49,2
-63,52,5
-60,48,2
-47,44,-2
-45,45,-2
-36,48,1
-33,49,2
-29,51,3
-26,52,5
-34,54,5
-55,55,7
-62,50,5
-54,38,4
-45,37,6
-38,39,6
-36,41,7
-40,43,8
-45,42,8
-53,39,7
-53,38,6
-45,36,5
-45,36,8
-48,36,9
-49,37,11
-52,43,11
-53,43,7
-54,48,12
-55,48,16
-61,44,13
-59,42,11
-58,46,10
-56,53,8
-54,61,3
-49,58,3
-47,42,1
-44,36,0
-34,30,-6
-28,33,-12
-32,38,-13
-46,52,-8
-60,55,-6
-65,47,-4
-57,41,-4
-42,35,-2
-38,36,-2
-44,41,0
-47,43,0
-51,43,1
-51,44,1
-53,45,4
-54,44,4
-52,39,1
-53,38,-1
-51,36,-5
-50,35,-4
-53,34,3
-56,34,5
-56,37,1
-56,40,-1
-59,46,-8
-62,50,-8
-63,50,1
-58,45,4
-50,44,0
-49,44,-3
-37,46,-3
-29,48,-3
-28,51,-1
-34,56,9
-48,57,9
-65,44,-1
-59,37,-3
-43,36,2
-42,36,4
-44,37,6
-45,37,6
-48,36,2
-49,35,-1
-46,35,3
-47,34,5
-56,38,13
-62,42,15
-55,42,5
-49,46,9
-59,49,11
-62,44,5
-59,52,2
-58,61,0
-55,61,-10
-47,49,-8
-39,36,-4
-36,33,-3
-31,36,-6
-35,38,-10
-40,40,-11
-56,49,-11
-62,50,-12
-60,42,-15
-52,39,-10
-44,36,-3
-43,34,-3
-48,36,-5
-49,39,-4
-53,43,-2
-55,43,-3
-54,44,-1
-53,43,0
-49,40,-1
-49,37,-2
-55,39,-2
-58,39,-3
-58,33,-5
-58,32,-5
-57,31,-4
-57,34,-6
-65,44,-6
-66,49,-1
-60,42,2
-55,42,1
-50,49,0
-47,53,1
-36,51,-2
-32,50,-2
-28,51,1
-32,54,7
-40,55,8
-56,50,4
-59,44,1
-46,38,3
-40,38,5
-36,40,7
-40,41,8
-47,42,8
-50,41,6
-48,38,4
-46,37,5
-48,37,10
-52,37,12
-58,38,12
-57,38,7
-50,43,7
-49,48,12
-56,46,10
-55,47,9
-56,57,6
-61,64,-1
-58,59,-9
-51,45,-7
-42,33,-5
-34,31,-6
-29,33,-8
-35,37,-10
-43,38,-11
-55,43,-10
-62,43,-12
-64,41,-15
-57,39,-12
-48,36,-6
-47,36,-5
-49,38,-5
-54,38,-4
-53,41,-3
-53,39,-4
-53,40,-2
-54,41,-1
-55,39,-1
-55,39,-2
-54,37,-5
-55,35,-6
-52,35,-7
-50,37,-7
-54,42,-10
-56,48,-5
-58,55,5
-56,52,1
-50,52,-1
-43,53,4
-38,53,3
-29,51,2
-26,52,3
-23,53,5
-26,54,7
-42,59,10
-50,60,9
-56,48,2
-51,40,3
-39,39,10
-40,39,10
-45,38,8
-46,36,6
-44,33,5
-44,32,5
-49,32,11
-53,35,15
-63,37,13
-61,36,7
-49,44,10
-51,48,14
-63,45,12
-62,44,13
-63,54,5
-61,57,-1
-53,53,-6
-47,46,-5
-45,33,-5
-40,33,-3
-33,37,-5
-29,45,-7
-31,47,-9
-45,47,-8
-54,47,-8
-65,41,-12
-65,36,-13
-55,34,-6
-52,33,-6
-49,34,-4
-50,36,-2
-51,42,2
-51,44,3
-49,46,3
-47,48,3
-40,48,4
-41,46,3
-45,42,-2
-46,39,-3
-47,38,-2
-51,39,-1
-59,43,-3
-68,48,-6
-84,53,-5
-66,44,0
-56,40,1
-43,36,2
-39,36,2
-34,42,5
-32,43,5
-32,44,1
-35,46,1
-48,52,5
-57,54,6
-58,44,3
-50,41,5
-36,43,10
-35,45,12
-43,45,10
-46,43,8
-49,37,5
-48,35,4
-50,32,6
-48,32,10
-52,32,13
-54,34,13
-58,39,12
-54,40,10
-54,51,19
-64,49,17
-71,46,-1
-67,49,0
-54,58,1
-47,52,-1
-41,32,-3
-39,31,-2
-37,31,-5
-40,32,-15
-43,33,-15
-57,38,-11
-69,37,-12
-68,32,-6
-57,32,-3
-45,32,-2
-43,34,-1
-48,39,0
-53,42,0
-62,37,-6
-62,33,-7
-58,36,0
-59,36,1
-52,37,-3
-52,36,-5
-56,34,-10
-54,33,-9
-58,34,-11
-62,40,-7
-61,54,9
-58,60,14
-50,62,6
-43,57,5
-31,56,8
-32,53,6
-25,50,-1
-18,49,6
-26,52,7
-47,53,7
-56,50,5
-53,40,7
-45,39,10
-43,39,12
-47,40,11
-48,38,7
-47,38,7
-46,34,8
-49,33,8
-52,32,9
-51,32,10
-52,36,11
-52,38,9
-51,41,5
-51,42,8
-57,42,13
-59,40,13
-61,44,11
-61,41,3
-47,46,3
-49,60,10
-52,61,9
-57,52,2
-56,45,-2
-49,34,-6
-44,33,-7
-33,38,-10
-29,41,-10
-35,51,-6
-42,53,-6
-61,48,-10
-64,43,-12
-53,36,-8
-46,37,-3
-39,40,-1
-39,41,-1
-48,42,0
-52,40,0
-57,37,-2
-59,37,-2
-55,37,1
-52,36,2
-56,35,-1
-56,33,-5
-54,34,-7
-56,34,-4
-64,38,1
-62,39,0
-61,50,-7
-65,55,-8
-70,51,-1
-62,42,0
-48,36,1
-43,43,2
-39,44,2
-31,44,0
-30,44,1
-30,46,5
-32,49,7
-46,52,8
-53,53,9
-58,42,5
-54,38,4
-43,39,8
-40,41,10
-40,39,9
-42,39,9
-52,41,8
-56,39,6
-60,35,4
-54,34,5
-43,33,7
-44,33,8
-46,36,10
-48,38,11
-50,43,6
-49,46,8
-55,48,14
-60,46,14
-62,44,10
-56,54,7
-55,61,3
-51,70,-2
-46,60,-2
-43,39,-1
-44,35,-2
-38,33,-8
-33,35,-11
-33,41,-13
-40,47,-12
-57,49,-10
-63,48,-12
-61,42,-12
-52,41,-7
-41,37,-2
-39,37,-2
-43,40,-1
-47,41,0
-52,40,-1
-53,41,-2
-54,43,0
-55,43,1
-53,39,2
-54,36,1
-56,34,-2
-57,33,-4
-56,32,-3
-61,30,-4
-60,29,-3
-56,30,-3
-57,36,-6
-68,51,-7
-68,54,-3
-54,49,4
-49,49,4
-46,52,4
-45,53,3
-36,48,0
-32,46,-1
-28,47,-1
-27,49,2
-38,53,7
-47,54,9
-56,44,3
-53,39,1
-40,40,5
-37,43,7
-41,42,9
-45,42,9
-48,40,6
-50,40,3
-51,40,4
-47,38,7
-52,35,11
-56,34,10
-57,36,5
-49,41,7
-50,47,12
-60,44,9
-61,47,6
-63,62,5
-65,67,-4
-50,48,-8
-45,36,-7
-43,30,-2
-40,29,-3
-31,33,-8
-32,35,-10
-48,40,-11
-54,42,-10
-65,42,-15
-64,40,-17
-51,38,-9
-47,37,-6
-46,36,-3
-48,35,-3
-51,35,-5
-52,36,-5
-53,42,-5
-54,46,-6
-54,46,-2
-52,44,-1
-52,39,-1
-53,37,-4
-52,37,-5
-52,36,-5
-55,34,-4
-59,34,-7
-56,33,-6
-51,35,-7
-54,38,-9
-66,47,-6
-64,46,-4
-55,41,-3
-51,43,-2
-52,49,1
-50,51,1
-40,48,-1
-36,47,-2
-30,50,-2
-27,53,2
-35,60,11
-47,61,12
-63,47,0
-61,40,-2
-44,34,2
-39,35,4
-43,38,7
-47,37,9
-53,35,7
-53,33,5
-54,31,5
-55,29,8
-58,29,9
-63,30,9
-61,31,5
-51,36,8
-53,38,11
-62,37,10
-64,38,5
-60,54,5
-59,58,-1
-48,64,-4
-46,59,-3
-45,42,-2
-46,39,-1
-43,34,-6
-37,34,-10
-35,35,-9
-41,37,-7
-53,38,-6
-57,37,-9
-60,37,-16
-59,37,-17
-54,39,-10
-48,38,-6
-46,36,-3
-48,35,-2
-52,37,-3
-53,41,-5
-52,41,-5
-55,43,-3
-55,44,0
-56,42,0
-56,40,-3
-58,37,-5
-58,35,-8
-55,34,-12
-56,37,-14
-54,41,-3
-53,41,3
-56,49,3
-59,52,1
-51,52,2
-43,50,3
-35,47,5
-32,48,6
-27,49,8
-29,50,10
-43,52,11
-50,51,9
-57,41,1
-50,38,3
-38,43,11
-41,43,11
-45,43,10
-46,40,8
-50,38,6
-53,34,5
-51,32,5
-50,32,7
-51,32,8
-53,36,10
-54,38,8
-51,43,6
-48,46,10
-54,42,13
-56,39,12
-59,41,7
-54,44,8
-53,57,9
-55,64,4
-57,65,-3
-53,52,-3
-45,36,-1
-43,31,-2
-35,30,-4
-32,32,-7
-37,38,-11
-44,44,-10
-64,49,-12
-70,45,-14
-59,37,-11
-46,34,-3
-42,34,-2
-42,37,0
-47,38,0
-54,38,-2
-55,38,-3
-55,38,-2
-55,40,0
-58,42,1
-58,42,-2
-58,37,-5
-57,35,-7
-52,31,-7
-50,31,-7
-58,41,-6
-63,48,0
-67,47,2
-60,47,0
-54,48,1
-51,49,2
-37,46,3
-31,45,4
-23,45,6
-23,47,8
-37,50,9
-44,52,10
-56,50,4
-58,45,1
-46,42,8
-46,42,11
-50,41,10
-51,37,8
-49,34,6
-49,30,3
-49,29,4
-48,28,5
-50,29,6
-61,36,8
-62,40,5
-51,45,10
-52,48,18
-63,38,5
-59,36,0
-53,53,-1
-56,67,-4
-58,65,-14
-48,53,-11
-37,34,-8
-38,33,-8
-33,37,-9
-35,41,-10
-40,43,-9
-48,44,-10
-59,44,-12
-63,43,-16
-58,35,-19
-51,32,-17
-48,33,-11
-52,32,-10
-54,33,-9
-55,36,-9
-54,37,-9
-52,40,-7
-52,42,-7
-55,41,-5
-55,39,-4
-53,36,-3
-53,36,-5
-54,37,-6
-54,35,-7
-55,31,-4
-56,31,-4
-55,33,-4
-54,35,-3
-59,39,-10
-63,44,-8
-68,46,0
-64,44,1
-51,43,0
-49,45,1
-42,46,2
-39,44,1
-33,41,-1
-31,43,-2
-29,50,2
-45,59,9
-56,59,8
-58,46,5
-52,42,5
-43,41,5
-41,40,5
-39,40,5
-38,41,6
-44,44,7
-49,45,7
-54,41,6
-49,39,7
-47,37,9
-49,38,9
-52,38,10
-51,39,7
-47,42,8
-47,44,10
-53,44,13
-57,42,11
-55,46,12
-56,53,10
-59,65,-1
-58,65,-1
-50,44,1
-48,37,2
-42,28,-3
-36,28,-6
-31,34,-9
-42,43,-10
-51,47,-10
-62,44,-12
-63,40,-13
-58,32,-11
-51,33,-6
-46,34,-2
-46,37,-1
-50,42,0
-53,43,0
-55,43,0
-56,41,-1
-54,38,0
-53,36,0
-56,36,-3
-56,37,-4
-53,36,-5
-53,34,-3
-58,33,-5
-58,33,-5
-55,37,-8
-56,41,-8
-64,50,1
-67,50,3
-58,46,0
-53,46,1
-43,48,1
-37,47,1
-26,49,2
-23,55,6
-27,58,8
-46,58,8
-51,54,6
-53,41,1
-48,38,3
-40,38,9
-41,39,10
-48,39,8
-51,38,6
-51,34,4
-51,34,6
-51,34,9
-54,35,10
-61,37,11
-59,37,7
-46,40,9
-47,43,12
-59,44,13
-62,42,10
-58,51,6
-55,60,4
-54,63,-6
-50,57,-5
-45,36,-5
-39,31,-3
-34,33,-5
-32,33,-9
-40,37,-8
-58,42,-7
-65,43,-9
-61,38,-16
-53,37,-14
-46,38,-7
-45,38,-5
-46,37,-3
-48,36,-3
-52,38,-4
-53,40,-3
-53,43,-3
-52,43,-2
-51,41,0
-53,40,0
-57,42,-4
-54,40,-5
-52,34,-4
-55,33,-5
-56,32,-7
-55,34,-6
-61,38,-8
-65,42,-7
-63,47,-1
-58,45,0
-51,46,0
-50,49,1
-50,49,3
-42,45,4
-38,43,3
-30,43,1
-28,45,2
-34,51,5
-41,53,8
-56,50,8
-55,44,5
-45,42,5
-42,42,6
-42,42,7
-43,41,7
-46,39,7
-49,39,6
-53,39,6
-50,37,6
-47,35,8
-49,35,9
-55,38,11
-54,39,8
-47,42,6
-48,45,11
-60,44,13
-64,42,9
-55,48,11
-55,53,7
-56,64,0
-50,52,0
-48,42,-1
-46,32,-3
-40,29,-6
-29,36,-10
-30,39,-12
-45,47,-8
-54,48,-8
-60,44,-14
-56,41,-16
-50,39,-9
-48,38,-6
-46,38,-4
-47,37,-5
-53,36,-4
-55,36,-5
-59,37,-8
-58,37,-8
-55,36,-5
-57,35,-5
-61,30,-9
-61,29,-9
-58,27,-9
-55,28,-6
-57,30,-3
-58,29,-2
-58,29,-1
-57,28,-2
-58,28,-4
-62,31,-9
-63,33,-11
-65,35,-11
-62,34,-6
-62,42,6
-59,51,6
-58,56,5
-55,55,7
-41,47,5
-34,43,4
-28,41,4
-25,42,7
-39,49,10
-50,50,11
-61,41,7
-55,37,6
-42,36,7
-41,38,9
-43,39,10
-44,40,9
-45,41,9
-47,42,10
-54,39,10
-53,36,10
-50,34,11
-49,33,11
-50,36,11
-48,41,10
-49,43,13
-60,45,19
-65,45,18
-62,42,15
-59,44,11
-53,57,9
-54,65,5
-50,48,-2
-48,38,-2
-41,30,3
-37,28,-1
-38,29,-10
-44,34,-10
-58,44,-9
-63,48,-6
-56,44,-3
-50,42,0
-44,37,1
-44,37,0
-48,40,1
-50,41,1
-55,41,-1
-56,40,-1
-52,40,3
-51,41,5
-51,40,5
-55,38,-1
-56,36,-3
-54,34,0
-57,35,1
-55,37,2
-55,38,0
-61,42,-4
-63,43,-1
-61,41,7
-60,39,5
-57,42,1
-53,45,3
-43,46,6
-39,45,6
-33,43,7
-33,44,8
-38,48,10
-44,50,11
-60,49,11
-62,44,7
-52,36,5
-45,36,7
-40,40,9
-41,41,10
-44,42,12
-46,41,12
-53,40,12
-55,39,10
-55,36,10
-49,34,9
-45,33,9
-41,36,9
-42,38,9
-45,41,12
-47,42,13
-51,43,14
-53,43,15
-55,40,14
-54,38,12
-58,37,10
-60,38,9
-54,44,10
-52,51,10
-52,67,11
-52,67,7
-46,47,1
-44,40,1
-39,33,0
-35,34,-3
-35,38,-7
-41,43,-8
-55,51,-7
-60,50,-6
-55,45,-2
-50,42,1
-43,41,2
-48,42,1
-49,42,2
-51,38,1
-53,36,1
-55,35,2
-54,35,3
-58,37,1
-60,36,-2
-62,31,-5
-61,29,-5
-61,30,-6
-61,33,-5
-63,42,-3
-59,46,3
-51,53,12
-50,64,9
-39,66,4
-36,62,5
-29,56,5
-25,52,7
-26,49,11
-32,48,11
-43,50,9
-47,51,6
-50,44,1
-44,42,5
-39,41,13
-42,40,15
-49,38,12
-49,37,9
-47,37,11
-45,35,12
-45,34,12
-47,34,15
-52,35,17
-60,34,9
-55,35,8
-54,42,20
-59,43,22
-65,41,15
-65,42,16
-64,52,11
-65,55,0
-56,58,-2
-51,48,-2
-44,34,-1
-39,30,-3
-33,30,-6
-33,33,-7
-39,45,-6
-47,52,-2
-66,50,-5
-65,42,-8
-49,32,-5
-44,30,-2
-46,34,1
-52,38,1
-53,39,2
-55,38,2
-55,38,3
-57,37,5
-57,35,4
-56,32,-2
-56,33,-3
-55,31,-1
-57,32,1
-58,34,1
-55,34,1
-63,40,-7
-69,46,-4
-69,49,10
-66,44,9
-55,40,4
-51,41,3
-42,43,5
-37,43,5
-28,41,6
-26,42,8
-33,49,12
-41,51,13
-56,50,8
-58,44,4
-47,38,5
-41,43,11
-42,44,10
-43,43,9
-43,42,9
-48,43,11
-52,42,11
-58,36,7
-57,34,5
-43,34,9
-43,37,11
-46,37,10
-47,38,9
-46,41,9
-47,42,12
-55,39,16
-59,38,17
-63,40,15
-63,41,12
-56,53,10
-56,62,8
-55,71,4
-50,58,3
-47,36,-1
-47,34,-2
-39,29,-7
-33,33,-10
-32,36,-13
-38,43,-9
-61,49,-9
-72,40,-14
-64,36,-10
-46,32,-2
-43,32,-2
-44,36,-1
-47,37,0
-54,37,-1
-57,37,-3
-58,40,-2
-56,41,-1
-54,37,0
-53,34,-1
-56,33,-3
-54,33,-4
-50,32,-3
-51,33,0
-58,34,4
-61,35,3
-60,33,-2
-59,34,-3
-64,40,-13
-67,49,-5
-61,48,1
-55,45,4
-51,45,2
-49,46,1
-42,48,-1
-34,47,-4
-32,49,-4
-30,55,-4
-26,57,2
-46,59,8
-54,53,5
-55,36,0
-48,34,1
-42,37,4
-42,38,4
-46,36,2
-47,35,1
-50,36,2
-52,38,6
-59,39,12
-63,39,12
-63,37,7
-57,37,5
-49,42,8
-50,45,10
-54,44,8
-55,45,6
-60,62,6
-64,66,-11
-47,49,-11
-38,44,-6
-40,34,-5
-43,35,-7
-35,36,-9
-34,37,-7
-47,38,-8
-52,34,-8
-56,33,-9
-61,31,-15
-62,33,-15
-56,39,-9
-50,37,-5
-47,33,-2
-50,32,-3
-56,33,-5
-58,35,-6
-56,38,-8
-55,41,-6
-54,41,-2
-54,40,-2
-54,38,-3
-54,38,-3
-51,36,-5
-51,33,-4
-57,32,-4
-59,32,-6
-56,33,-3
-56,33,-5
-67,38,-12
-69,43,-10
-57,44,3
-53,45,3
-56,51,-1
-56,50,0
-50,48,0
-35,42,2
-31,42,2
-24,44,2
-25,47,4
-41,54,7
-54,56,7
-63,45,4
-53,39,4
-37,37,5
-36,41,5
-43,45,5
-46,46,6
-47,44,8
-49,42,8
-53,38,5
-53,37,4
-47,35,6
-46,35,7
-48,38,10
-50,39,8
-52,39,4
-51,41,6
-54,38,10
-55,37,10
-56,41,12
-58,44,8
-52,47,8
-52,61,10
-58,67,7
-65,56,0
-61,44,-6
-48,32,-5
-43,28,-4
-32,27,-6
-28,30,-7
-38,39,-10
-46,44,-10
-65,46,-16
-69,42,-17
-64,34,-10
-54,34,-5
-41,33,-2
-38,34,-1
-46,38,0
-53,38,-1
-58,37,-2
-58,37,-3
-55,40,0
-56,41,0
-53,40,-3
-53,38,-5
-55,33,-6
-56,33,-4
-55,35,-3
-61,46,-6
-62,51,-1
-64,52,7
-63,50,2
-52,48,0
-49,48,1
-35,43,5
-30,41,5
-25,42,9
-25,45,10
-38,53,11
-47,55,10
-59,47,3
-57,40,2
-43,38,10
-39,40,11
-44,41,10
-46,41,10
-47,39,8
-49,37,7
-54,34,6
-54,33,7
-51,32,9
-51,32,11
-53,34,10
-50,35,6
-48,39,6
-56,41,12
-58,40,14
-59,42,12
-58,44,9
-57,56,7
-61,64,-2
-54,66,-5
-48,59,1
-48,38,-2
-45,34,-3
-37,31,-7
-32,34,-9
-35,40,-12
-40,44,-11
-57,46,-9
-65,44,-12
-65,38,-17
-55,35,-12
-41,34,-4
-42,32,-3
-46,35,-3
-50,38,-2
-56,39,-2
-57,39,-3
-53,39,0
-52,38,2
-55,37,1
-57,37,-2
-59,37,-6
-57,33,-7
-57,33,-6
-60,38,-8
-62,43,-6
-65,53,5
-63,50,3
-51,44,-3
-47,45,-2
-39,47,1
-34,48,2
-26,49,5
-24,51,8
-33,57,11
-45,57,10
-63,47,0
-60,40,-2
-44,34,5
-39,38,10
-44,42,12
-46,43,11
-47,41,9
-50,39,8
-54,35,4
-55,33,4
-49,32,8
-47,32,9
-48,33,8
-48,38,8
-49,40,7
-51,44,9
-53,44,12
-55,41,12
-57,40,11
-57,42,7
-53,46,6
-53,65,9
-58,72,7
-56,56,-2
-49,41,-5
-44,32,-2
-41,29,-4
-32,36,-7
-31,39,-9
-39,45,-8
-44,47,-8
-55,47,-12
-59,45,-16
-57,42,-14
-46,42,-4
-42,41,-3
-42,41,-3
-47,41,-3
-49,42,-3
-53,42,-3
-53,41,-3
-53,40,-3
-51,39,1
-52,38,0
-55,37,-4
-53,37,-5
-51,35,-4
-54,35,-2
-59,35,-2
-57,36,-3
-60,41,-9
-67,47,-11
-68,49,-4
-60,44,-2
-48,45,0
-46,48,1
-39,49,2
-32,48,1
-27,48,-3
-28,50,-5
-28,57,1
-36,59,4
-53,58,5
-58,50,2
-51,39,1
-45,39,2
-38,40,6
-42,39,6
-49,37,4
-50,32,-1
-51,31,0
-49,32,7
-54,31,8
-67,33,10
-70,34,7
-56,39,4
-50,45,10
-58,43,12
-61,41,7
-59,49,-1
-60,65,-4
-60,63,-14
-50,51,-9
-34,34,-5
-34,32,-3
-33,39,-5
-30,37,-9
-38,39,-9
-46,42,-11
-62,46,-15
-67,44,-20
-58,37,-13
-49,36,-9
-38,34,-6
-39,35,-4
-47,38,-3
-53,39,-4
-57,41,-7
-56,44,-8
-56,44,-6
-54,40,-4
-54,37,-4
-54,35,-6
-53,34,-7
-52,34,-5
-54,33,-4
-60,31,-3
-60,30,-7
-56,32,-7
-57,32,-10
-66,40,-17
-70,47,-14
-60,47,3
-55,44,5
-51,43,-3
-49,43,-5
-44,46,-7
-41,46,-8
-34,48,-7
-29,49,-5
-29,54,4
-40,58,6
-61,51,-2
-60,43,-5
-45,36,-1
-40,39,3
-42,41,3
-46,39,0
-47,39,1
-49,39,1
-52,39,0
-49,37,2
-47,36,4
-50,37,5
-52,38,6
-51,41,5
-48,42,4
-51,43,7
-56,42,9
-64,41,7
-64,41,5
-58,51,3
-56,56,0
-56,67,-2
-53,60,-2
-47,38,-2
-47,36,-3
-39,31,-8
-33,33,-10
-31,35,-13
-38,40,-13
-55,45,-14
-60,44,-15
-61,37,-17
-50,37,-6
-46,37,-4
-43,36,-4
-43,38,-3
-50,41,-1
-54,42,-2
-55,42,-2
-54,42,-1
-51,40,1
-52,40,1
-56,40,-4
-55,40,-6
-55,35,-7
-55,33,-8
-56,35,-5
-58,38,-6
-64,51,-2
-67,55,3
-62,47,1
-55,43,-2
-45,47,-2
-40,48,-1
-27,48,2
-23,49,3
-18,54,11
-23,59,14
-52,58,8
-62,51,0
-55,36,-5
-38,37,7
-37,40,11
-44,42,12
-48,42,11
-51,39,6
-49,36,4
-50,32,3
-52,32,4
-50,33,11
-52,33,12
-55,34,8
-54,36,4
-50,42,4
-50,45,8
-58,50,13
-58,49,12
-55,49,9
-54,51,7
-57,60,2
-58,64,0
-51,48,-5
-47,41,-6
-38,31,-7
-35,31,-6
-31,40,-8
-34,42,-9
-50,44,-12
-61,46,-13
-62,43,-16
-51,38,-12
-45,38,-7
-39,39,-3
-41,39,-3
-48,40,-3
-51,41,-3
-56,42,-6
-57,41,-6
-55,41,-2
-54,39,-2
-54,36,-1
-55,34,-2
-55,30,-4
-54,29,-5
-55,32,-5
-56,33,-3
-60,34,-1
-60,33,-2
-56,32,-6
-57,33,-10
-66,43,-12
-71,47,-7
-60,44,5
-54,41,4
-50,43,-2
-50,45,-3
-47,47,-4
-40,44,-5
-35,43,-6
-30,44,-7
-29,48,-5
-39,55,1
-46,58,4
-61,50,3
-62,43,1
-51,40,2
-45,42,2
-40,41,0
-39,39,0
-44,38,3
-48,39,3
-55,41,1
-51,40,0
-42,37,3
-44,39,5
-48,41,9
-50,43,11
-50,46,8
-45,45,7
-45,47,13
-52,48,14
-64,42,6
-64,44,2
-62,55,-2
-62,64,-6
-55,54,-6
-47,36,-4
-45,33,-3
-36,29,-7
-31,32,-9
-33,37,-13
-39,42,-13
-57,47,-12
-62,48,-12
-56,44,-12
-50,43,-8
-42,40,-3
-41,39,-3
-45,39,-2
-48,40,-1
-53,40,-2
-55,41,-2
-54,43,0
-53,43,2
-51,41,4
-52,40,3
-55,38,-3
-56,36,-5
-56,31,-4
-57,30,-3
-58,32,0
-57,35,1
-60,42,-4
-61,48,-1
-61,46,2
-56,43,1
-52,43,0
-46,45,2
-42,45,2
-35,45,2
-33,46,1
-28,50,3
-30,53,6
-52,57,9
-62,53,8
-60,39,4
-52,35,4
-40,37,3
-37,40,5
-40,44,8
-43,44,9
-51,42,7
-53,40,6
-53,36,4
-51,35,5
-48,36,8
-47,37,10
-48,40,10
-49,40,7
-49,42,8
-55,42,12
-59,44,14
-61,45,14
-57,46,13
-55,48,8
-56,51,7
-53,57,2
-51,50,-2
-47,37,-2
-46,33,-1
-39,34,-5
-36,37,-7
-36,43,-7
-41,45,-6
-55,47,-8
-59,45,-9
-58,41,-10
-54,39,-8
-47,35,-2
-47,35,-1
-49,36,0
-51,38,0
-52,38,0
-53,39,0
-53,38,1
-53,38,4
-55,37,5
-55,37,3
-56,37,-3
-55,35,-5
-56,35,-3
-53,38,0
-57,42,-2
-64,53,-2
-68,54,1
-59,47,1
-51,44,-2
-43,47,0
-41,48,3
-34,47,3
-30,44,1
-27,46,0
-27,49,2
-40,55,7
-50,56,10
-60,45,8
-56,40,6
-44,38,2
-39,39,3
-37,41,7
-41,43,9
-52,43,8
-55,40,6
-53,36,4
-51,35,6
-49,34,9
-48,37,11
-49,40,11
-48,42,8
-48,43,10
-56,43,15
-63,41,13
-64,38,7
-57,40,9
-57,51,9
-60,57,5
-51,56,0
-46,49,0
-47,37,1
-44,31,-1
-34,29,-7
-33,30,-10
-40,42,-10
-48,49,-9
-63,53,-7
-60,51,-5
-50,43,-3
-47,38,-1
-40,37,0
-38,39,0
-39,45,0
-42,47,1
-52,48,0
-53,48,0
-53,44,4
-55,43,5
-50,40,3
-48,36,-2
-49,34,-3
-52,32,-2
-58,33,2
-62,40,4
-61,42,3
-57,44,1
-57,47,-3
-66,50,-4
-67,48,0
-58,46,2
-49,49,1
-34,54,3
-29,53,4
-30,48,1
-31,45,-1
-32,43,-4
-32,45,-4
-34,51,0
-36,55,5
-49,61,15
-54,56,12
-49,46,4
-45,44,2
-39,39,1
-40,37,3
-41,41,10
-45,43,8
-49,42,6
-47,40,7
-48,39,8
-51,38,12
-54,40,11
-50,41,5
-46,45,10
-55,47,16
-61,45,13
-66,42,11
-65,48,8
-62,58,-6
-60,63,-7
-45,45,-2
-43,38,-3
-43,30,-5
-38,31,-6
-30,32,-11
-32,35,-11
-46,42,-8
-53,44,-7
-61,44,-13
-61,42,-15
-54,40,-8
-50,38,-6
-45,37,-4
-47,37,-3
-48,39,-2
-49,43,-2
-50,46,-2
-53,48,2
-52,46,3
-51,43,2
-53,41,0
-54,37,-4
-53,33,-4
-53,29,-3
-53,30,-4
-50,35,1
-55,39,-2
-62,45,-3
-65,47,-3
-64,46,1
-60,47,2
-47,52,4
-44,55,5
-37,53,3
-34,50,1
-31,50,-1
-28,51,-1
-26,55,3
-33,56,7
-50,56,12
-57,41,1
-54,37,-1
-42,38,3
-41,39,5
-44,38,7
-45,37,6
-48,35,5
-48,36,5
-49,37,7
-52,37,8
-53,40,11
-54,41,10
-47,42,4
-45,44,7
-54,46,8
-58,47,7
-54,51,10
-50,56,11
-49,58,6
-50,62,5
-51,62,4
-49,55,2
-47,40,-3
-44,34,-6
-37,33,-9
-33,35,-10
-35,41,-10
-43,44,-10
-55,47,-10
-64,42,-15
-62,40,-12
-48,38,-5
-44,37,-4
-43,37,-2
-44,38,-1
-49,40,1
-51,40,-1
-54,43,-2
-53,44,0
-54,43,2
-54,41,2
-55,36,1
-54,34,0
-52,34,-3
-52,34,-3
-55,34,2
-56,36,2
-55,36,0
-54,36,-1
-58,41,-4
-65,48,-2
-70,49,2
-63,45,2
-50,45,1
-47,46,2
-43,46,3
-36,43,0
-32,42,-1
-27,45,-1
-26,50,1
-37,59,8
-48,62,11
-60,50,6
-56,43,4
-42,41,5
-39,42,5
-36,41,5
-37,42,6
-43,44,8
-49,44,8
-53,44,8
-52,41,7
-44,39,7
-44,39,8
-44,41,9
-45,42,10
-48,45,7
-48,46,6
-48,47,13
-52,47,15
-59,46,12
-57,47,11
-53,55,4
-52,62,2
-53,63,0
-47,40,1
-46,36,1
-40,32,-4
-37,34,-7
-33,40,-10
-38,44,-9
-51,47,-9
-58,46,-10
-61,41,-13
-56,39,-11
-46,40,-4
-43,39,-2
-42,38,-2
-45,39,-2
-51,40,-4
-53,40,-5
-57,41,-6
-56,42,-5
-54,40,-2
-53,38,-1
-54,34,-1
-54,32,-2
-53,30,-5
-53,30,-6
-55,36,-3
-55,38,0
-57,38,2
-57,36,-2
-54,36,-4
-59,37,-9
-73,46,-13
-65,42,-1
-56,36,3
-51,37,1
-53,40,-1
-50,43,-3
-44,44,-3
-34,43,-3
-31,44,-3
-30,50,2
-34,55,5
-52,57,5
-60,52,2
-57,41,2
-49,39,4
-40,41,5
-38,40,3
-41,38,3
-44,37,4
-51,38,3
-54,38,2
-49,38,5
-47,38,7
-51,38,9
-52,40,11
-54,41,7
-48,44,8
-48,48,12
-59,48,9
-58,48,6
-55,64,3
-60,74,-4
-51,57,-9
-41,46,-5
-39,34,-4
-38,32,-5
-32,35,-8
-31,36,-9
-44,40,-10
-52,41,-9
-64,41,-14
-64,38,-18
-53,37,-11
-48,38,-6
-44,38,-4
-44,37,-3
-49,37,-3
-51,37,-3
-55,39,-5
-55,42,-4
-53,44,-1
-53,44,0
-53,40,1
-54,38,0
-55,35,-3
-54,35,-4
-55,34,-3
-59,33,-3
-57,32,-3
-56,34,-7
-58,38,-9
-68,46,-5
-67,45,-3
-58,41,-2
-54,43,-1
-46,48,2
-42,48,0
-34,48,-3
-32,48,-3
-30,50,-3
-27,53,2
-43,59,9
-57,58,6
-67,41,-2
-60,36,-2
-41,36,2
-36,38,3
-37,40,6
-42,42,6
-52,42,5
-57,41,3
-58,36,2
-51,34,3
-47,35,7
-49,36,9
-50,37,9
-50,38,3
-50,38,2
-53,41,9
-56,39,10
-60,38,11
-60,40,9
-56,47,6
-53,54,4
-50,64,-6
-51,65,-5
-53,53,-2
-52,43,-5
-45,30,-10
-38,28,-11
-31,32,-8
-33,37,-7
-44,45,-5
-48,44,-7
-61,43,-17
-63,42,-22
-60,35,-23
-56,32,-17
-44,32,-7
-43,32,-6
-50,34,-5
-56,33,-9
-64,33,-12
-64,33,-12
-61,33,-10
-53,34,-5
-54,34,-3
-59,31,-6
-59,30,-8
-60,29,-10
-59,28,-8
-57,28,-5
-58,30,-5
-58,35,-5
-58,37,-9
-62,41,-8
-64,41,-7
-62,36,-6
-59,38,-3
-50,47,2
-47,49,2
-38,48,0
-35,49,-1
-29,54,-1
-26,56,3
-35,63,12
-48,61,10
-62,45,-1
-57,40,-1
-42,38,4
-39,40,6
-42,41,7
-43,40,8
-44,39,7
-49,37,5
-52,37,5
-50,37,8
-50,37,10
-53,38,14
-55,37,10
-46,38,5
-44,40,8
-52,43,14
-58,43,14
-60,45,10
-56,52,7
-53,65,-3
-53,67,-5
-50,51,-1
-50,41,-1
-44,30,-4
-36,31,-5
-31,38,-7
-34,42,-8
-47,48,-10
-61,46,-12
-60,44,-14
-58,39,-17
-52,37,-11
-49,38,-7
-43,37,-4
-44,36,-4
-48,37,-3
-53,39,-5
-55,40,-6
-56,42,-6
-55,43,-4
-53,40,-1
-52,38,0
-54,35,-2
-56,33,-4
-57,33,-8
-55,34,-7
-55,35,1
-58,35,1
-57,33,-2
-55,33,-3
-60,36,-12
-66,41,-13
-69,48,-2
-60,44,3
-50,39,1
-50,41,0
-47,45,-2
-43,44,-3
-37,44,-3
-32,45,-3
-30,47,-1
-39,53,4
-49,55,5
-63,48,2
-62,43,0
-48,40,2
-44,41,1
-37,42,0
-34,43,1
-40,44,5
-47,44,5
-60,43,1
-58,42,0
-44,40,2
-39,39,3
-42,40,6
-43,40,6
-48,44,10
-51,45,9
-51,43,7
-51,45,9
-58,46,9
-60,48,7
-55,52,4
-55,60,6
-58,66,1
-52,57,0
-42,40,-2
-39,36,-3
-38,35,-6
-33,39,-10
-35,41,-10
-46,43,-12
-54,43,-14
-61,42,-17
-59,41,-15
-50,39,-6
-46,38,-4
-43,36,-3
-45,36,-3
-53,35,-4
-54,36,-4
-55,39,-5
-55,41,-5
-55,43,1
-54,41,2
-54,36,3
-55,34,1
-55,31,-3
-55,33,-4
-58,34,-2
-58,35,1
-62,33,0
-60,33,-1
-61,37,-6
-63,41,-7
-62,45,2
-60,42,2
-56,43,1
-46,46,3
-42,46,3
-35,44,2
-32,44,2
-30,48,1
-29,51,3
-40,58,9
-51,58,9
-64,47,6
-61,41,5
-47,39,5
-42,40,4
-36,39,3
-35,40,4
-41,45,8
-46,47,9
-55,46,9
-55,44,8
-48,39,7
-44,39,7
-43,40,8
-43,41,9
-46,43,9
-46,44,8
-45,44,10
-46,43,11
-48,42,10
-54,47,13
-56,47,12
-51,49,9
-50,53,8
-54,67,6
-55,66,2
-51,47,-3
-47,39,-2
-43,34,-2
-39,34,-4
-34,40,-7
-34,43,-6
-45,48,-5
-52,48,-8
-59,45,-16
-58,43,-17
-54,39,-11
-51,39,-6
-44,36,-2
-43,35,-2
-48,36,-3
-52,37,-3
-55,37,-3
-56,39,-3
-57,41,-2
-56,40,0
-54,37,2
-55,32,1
-56,31,-1
-57,32,-3
-57,34,-3
-55,35,0
-56,34,0
-55,35,-1
-55,36,-4
-62,41,-7
-65,44,-6
-58,45,1
-53,43,3
-53,46,4
-50,49,3
-44,50,0
-40,49,0
-36,47,-1
-33,46,-1
-32,47,-1
-34,49,0
-41,55,6
-48,57,10
-59,49,7
-55,43,4
-43,41,4
-41,40,2
-42,39,3
-42,38,6
-46,39,6
-55,41,5
-54,41,5
-46,37,5
-47,37,6
-48,37,7
-48,39,9
-51,42,9
-51,42,7
-48,41,9
-51,41,11
-56,41,11
-58,42,9
-55,48,8
-55,54,4
-53,67,-2
-52,67,-4
-48,48,0
-48,40,1
-44,32,-3
-39,31,-5
-35,38,-7
-36,41,-6
-45,46,-3
-50,45,-4
-54,41,-12
-55,40,-15
-54,38,-17
-55,40,-11
-53,42,-3
-45,36,-4
-43,35,-4
-49,37,-2
-54,38,-2
-53,39,-4
-52,40,-4
-54,42,-2
-55,41,0
-55,38,1
-55,36,-1
-55,34,-6
-55,35,-6
-52,33,-4
-52,33,-1
-56,34,0
-56,34,-2
-55,36,-2
-57,37,-7
-63,44,-9
-62,47,-6
-53,44,3
-53,45,1
-54,47,-1
-51,49,0
-48,47,-1
-41,43,-2
-37,43,-3
-32,45,-2
-30,49,1
-39,57,8
-47,58,9
-59,50,5
-59,43,2
-47,38,2
-41,38,2
-39,39,4
-40,38,5
-44,39,7
-49,40,6
-54,40,4
-53,38,4
-47,36,7
-47,35,8
-50,36,9
-51,37,10
-54,38,6
-52,39,6
-54,41,12
-58,41,13
-62,42,9
-57,45,10
-54,55,7
-57,62,5
-57,60,2
-49,51,2
-45,37,2
-41,30,-4
-36,32,-6
-31,38,-8
-35,44,-6
-50,48,-7
-58,47,-10
-62,42,-14
-56,39,-12
-48,40,-4
-44,40,-3
-41,40,-2
-42,41,-1
-47,40,0
-50,41,-1
-55,43,-3
-56,44,-3
-53,42,-1
-53,41,0
-54,38,1
-54,36,0
-52,34,-4
-52,36,-3
-53,39,0
-56,38,2
-59,34,-1
-56,33,-2
-54,32,-6
-64,41,-8
-68,46,-4
-60,43,4
-54,40,3
-54,41,-1
-53,44,-1
-46,48,-1
-40,48,0
-33,48,0
-31,50,0
-29,54,4
-35,58,7
-53,58,6
-60,51,3
-54,39,1
-47,37,2
-41,40,4
-42,41,4
-44,40,5
-45,40,6
-49,38,4
-50,38,4
-49,37,6
-48,37,7
-50,37,8
-51,38,9
-52,40,10
-52,40,7
-48,42,9
-53,44,14
-59,44,11
-55,45,9
-54,50,8
-53,61,0
-54,64,0
-50,57,1
-48,46,-1
-41,36,-3
-37,33,-4
-34,38,-6
-35,42,-6
-43,45,-5
-47,45,-5
-55,42,-10
-59,41,-13
-61,36,-17
-57,36,-13
-48,38,-5
-45,37,-3
-47,35,-2
-49,35,-2
-53,37,-1
-54,38,-2
-54,40,-2
-54,41,-1
-55,40,2
-55,36,1
-56,34,-2
-58,34,-6
-56,34,-5
-54,32,0
-56,32,0
-55,32,-1
-54,33,-2
-60,40,-10
-66,48,-9
-63,53,0
-54,48,4
-49,46,1
-51,47,1
-48,47,1
-44,45,-1
-37,42,-3
-34,42,-4
-31,46,0
-32,49,3
-47,55,10
-55,54,9
-62,42,2
-56,38,1
-40,38,2
-36,40,2
-38,41,5
-41,43,7
-50,44,7
-55,44,6
-53,40,3
-44,38,5
-45,39,7
-48,39,9
-49,40,10
-50,44,7
-48,44,6
-49,46,12
-53,46,14
-59,44,13
-57,45,11
-55,52,3
-55,62,4
-54,62,-3
-46,50,-1
-45,36,-2
-43,32,-5
-35,34,-8
-32,36,-9
-38,41,-6
-46,42,-6
-60,42,-9
-63,41,-13
-56,37,-13
-51,39,-8
-48,40,-4
-46,39,-3
-47,37,-2
-49,39,-2
-51,40,-1
-52,42,-1
-52,42,0
-52,43,4
-53,43,4
-55,43,-1
-55,41,-3
-55,37,-6
-55,36,-7
-56,37,-9
-56,40,-7
-54,44,0
-53,45,3
-56,47,-1
-55,49,-1
-48,51,4
-44,50,5
-38,49,3
-35,49,2
-29,50,1
-27,52,3
-35,55,10
-44,55,13
-57,49,7
-58,44,1
-44,39,2
-40,40,6
-43,39,10
-47,37,12
-49,35,8
-54,32,2
-53,32,3
-51,31,8
-52,31,11
-58,33,15
-61,33,10
-56,36,5
-50,41,8
-54,48,14
-58,46,10
-55,49,12
-56,55,9
-64,66,-6
-63,63,-11
-48,41,-1
-42,35,2
-33,29,1
-33,36,-4
-37,39,-6
-42,42,-6
-52,45,-5
-54,41,-6
-58,36,-13
-57,34,-16
-52,38,-12
-51,43,-6
-50,41,-4
-49,37,-4
-49,36,-4
-49,37,-3
-50,39,-3
-53,41,-3
-53,43,-3
-54,43,0
-54,42,1
-54,37,-1
-56,37,-3
-55,37,-4
-54,36,-3
-56,34,-4
-55,33,-3
-54,32,-6
-55,36,-8
-61,47,-4
-59,48,-1
-54,46,0
-52,46,0
-49,49,2
-47,48,1
-41,46,-2
-39,46,-3
-34,47,-3
-31,49,0
-33,55,6
-40,56,10
-58,52,8
-58,41,1
-51,40,2
-41,38,3
-41,39,5
-43,38,8
-46,37,7
-52,34,2
-53,34,3
-51,35,7
-52,35,10
-59,35,13
-62,36,12
-55,38,7
-50,42,9
-50,47,14
-53,45,12
-57,51,8
-60,63,6
-63,64,-10
-50,52,-6
-39,36,1
-39,33,1
-37,34,-2
-35,36,-5
-38,40,-6
-49,42,-7
-54,42,-8
-62,39,-13
-61,36,-14
-53,38,-8
-52,39,-5
-49,36,-3
-47,36,-2
-47,35,-1
-46,37,0
-51,39,-2
-55,41,-3
-59,43,0
-58,41,1
-53,38,1
-52,37,-1
-52,37,-3
-52,36,-3
-57,36,-2
-58,37,-1
-58,42,-5
-58,44,-7
-55,50,-3
-52,48,-2
-51,43,-2
-52,45,0
-53,48,3
-49,47,3
-39,47,-1
-36,47,-3
-30,49,-3
-28,52,3
-33,54,7
-53,56,12
-64,53,9
-61,40,2
-52,38,1
-35,38,1
-32,38,4
-37,38,9
-44,38,9
-58,37,5
-61,34,4
-52,32,6
-53,32,7
-58,32,9
-58,32,10
-58,37,10
-57,43,11
-56,53,10
-56,54,9
-63,61,0
-62,58,-10
-45,47,-5
-43,40,-2
-42,34,-1
-39,33,-3
-35,36,-7
-41,41,-7
-46,43,-5
-53,40,-7
-55,38,-9
-58,36,-15
-57,37,-15
-51,42,-10
-48,42,-7
-45,41,-4
-45,40,-4
-47,40,-4
-48,40,-4
-49,41,-5
-51,42,-6
-54,43,-4
-55,42,-2
-55,40,-1
-56,38,-2
-56,37,-6
-53,37,-6
-53,35,-3
-56,34,-2
-55,33,-3
-55,33,-3
-59,36,-10
-62,41,-11
-66,45,-5
-60,43,-2
-51,40,-1
-51,46,0
-49,48,0
-41,47,-2
-39,46,-3
-34,47,-4
-32,48,-2
-33,54,4
-39,57,6
-55,54,7
-58,47,3
-50,39,1
-46,38,1
-40,41,2
-40,40,4
-42,41,7
-47,41,7
-54,41,4
-55,38,3
-48,34,4
-47,34,6
-49,33,8
-51,35,10
-54,38,8
-54,38,6
-54,40,10
-57,40,10
-61,40,7
-58,49,6
-60,58,5
-63,69,-11
-56,61,-12
-42,41,-5
-41,36,-4
-34,34,-6
-31,36,-8
-34,39,-7
-41,41,-7
-50,43,-8
-52,42,-11
-59,39,-17
-61,37,-19
-53,37,-16
-49,38,-13
-45,36,-9
-46,36,-8
-49,36,-8
-51,37,-8
-55,37,-10
-55,38,-10
-55,39,-8
-55,39,-5
-56,36,-5
-56,35,-4
-56,32,-6
-56,32,-8
-56,32,-9
-55,29,-5
-56,28,-3
-58,29,-4
-56,30,-4
-56,34,-8
-61,37,-13
-70,47,-8
-68,46,-2
-59,40,0
-55,43,-3
-52,50,-2
-51,52,-1
-41,48,-2
-37,46,-3
-30,46,-4
-28,47,-3
-30,52,0
-37,54,2
-52,53,4
-55,49,4
-49,41,3
-43,41,3
-36,43,3
-37,43,4
-42,42,5
-46,41,6
-50,42,3
-47,42,4
-44,41,5
-47,40,8
-49,41,8
-50,44,10
-49,45,8
-45,44,7
-48,43,10
-57,44,14
-61,44,13
-60,48,11
-60,55,7
-58,66,-4
-53,61,-7
-44,40,-3
-43,35,-3
-40,32,-7
-36,35,-9
-34,39,-12
-39,42,-10
-54,45,-10
-59,44,-11
-59,40,-13
-53,38,-12
-45,39,-6
-44,38,-4
-45,39,-4
-48,40,-3
-52,42,-2
-53,41,-2
-52,41,-1
-51,40,3
-51,39,3
-57,38,1
-58,39,-2
-53,37,-3
-54,36,-3
-57,34,-3
-57,36,-6
-59,41,-12
-65,47,-5
-65,45,4
-61,42,0
-49,43,-2
-43,45,-2
-29,48,-1
-26,49,0
-22,55,12
-30,58,14
-60,56,3
-71,46,-5
-54,33,-4
-45,34,0
-36,36,6
-42,41,8
-46,43,8
-53,41,4
-55,39,2
-54,37,2
-52,36,4
-50,35,6
-50,35,6
-50,34,6
-50,35,4
-51,38,2
-51,42,4
-52,45,12
-55,45,13
-60,45,9
-59,45,7
-51,47,3
-50,49,3
-55,60,9
-60,61,6
-52,44,-2
-48,39,-2
-42,34,-3
-37,33,-4
-31,37,-7
-34,41,-5
-48,45,-7
-54,45,-9
-63,41,-13
-64,38,-14
-55,34,-7
-46,36,-2
-40,35,0
-49,37,1
-55,38,0
-57,39,0
-54,38,-1
-52,38,1
-52,38,2
-56,35,1
-58,34,-2
-56,33,-5
-53,32,-2
-56,30,1
-57,31,-1
-59,33,-5
-64,33,-9
-70,40,-8
-69,43,-4
-58,42,1
-53,45,3
-49,48,3
-48,47,1
-39,45,0
-37,45,0
-32,48,2
-34,51,5
-52,55,9
-62,52,8
-63,37,3
-49,33,4
-45,34,3
-41,37,3
-41,37,3
-44,39,6
-47,40,8
-54,42,8
-54,42,9
-49,39,8
-46,39,8
-45,40,8
-44,40,7
-45,42,8
-45,43,9
-46,44,11
-46,44,12
-48,44,15
-50,43,16
-57,41,17
-60,43,16
-58,43,9
-52,47,6
-45,57,9
-50,68,13
-57,48,1
-53,39,-1
-45,32,-3
-42,34,-4
-39,38,-9
-43,47,1
-47,54,8
-56,61,5
-64,63,-6
-59,64,-17
-64,53,-12
-55,48,9
-65,43,16
-85,35,28
-87,25,22
-94,23,-1
-92,26,3
-72,13,4
-60,1,-4
-52,-21,-16
-48,-31,-13
-43,-41,3
-44,-39,6
-58,-39,-1
-55,-36,-1
-20,-41,10
-13,-47,9
-28,-44,12
-30,-38,24
-30,-34,26
-28,-33,21
-29,-27,23
-36,-30,13
-36,-34,15
-39,-41,16
-38,-46,18
-42,-56,15
-41,-57,15
-40,-55,12
-33,-53,11
-27,-50,13
-26,-50,16
-30,-53,17
-31,-54,16
-30,-52,15
-26,-53,14
-18,-53,14
-19,-53,16
-21,-57,13
-26,-59,10
-28,-58,13
-28,-57,15
-35,-57,15
-34,-58,16
-38,-58,16
-34,-58,15
-27,-60,17
-26,-62,16
-33,-65,14
-33,-62,12
-23,-53,10
-18,-50,9
-15,-52,6
-14,-58,7
-17,-62,7
-16,-62,9
-22,-61,6
-32,-61,5
-28,-58,9
-22,-52,12
-20,-53,10
-21,-56,6
-22,-55,7
-20,-53,12
-17,-53,11
-28,-56,2
-28,-55,3
-19,-55,13
-18,-56,13
-19,-55,10
-23,-55,8
-28,-55,4
-27,-52,8
-27,-52,5
-27,-51,0
-37,-47,-2
-58,-44,-7
-58,-41,-9
-56,-33,-13
-54,-29,-12
-56,-22,-12
-57,-23,-17
-56,-26,-18
-58,-27,-18
-61,-28,-13
-64,-26,-11
-63,-24,-7
-61,-22,-4
-63,-22,-3
-65,-21,-2
-56,-18,3
-57,-18,3
-63,-14,6
-60,-10,11
-59,-9,11
-59,-7,11
-65,1,19
-68,3,23
-46,-1,35
-41,3,42
-36,16,42
-48,25,43
-44,29,56
-43,30,59
-61,20,49
-70,18,48
-59,19,55
-52,22,52
-39,29,43
-47,26,27
-40,24,25
-23,26,26
-35,24,21
-50,26,17
-49,31,17
-58,31,-7
-66,25,-16
-59,21,-18
-63,21,-21
-63,19,-17
-66,21,-7
-66,45,30
-62,41,26
-52,28,0
-54,14,-2
-53,59,-7
-58,50,-7
-63,46,-6
-61,46,-6
-54,35,-8
-56,36,-10
-61,40,-11
-67,47,-10
-77,54,-3
-67,54,2
-47,51,6
-41,51,3
-33,50,4
-24,51,7
-21,52,7
-21,54,11
-24,55,12
-51,51,3
-60,45,-1
-52,37,3
-43,39,10
-40,43,16
-45,43,15
-52,40,7
-52,36,5
-50,32,4
-49,31,5
-49,33,10
-52,34,13
-57,35,11
-56,34,8
-50,36,7
-51,37,9
-59,39,13
-60,43,14
-58,48,12
-52,51,14
-54,57,8
-58,59,2
-64,56,-9
-48,37,-7
-42,28,-6
-35,26,-6
-35,32,-7
-37,38,-11
-39,45,-9
-52,49,-8
-61,47,-10
-61,41,-14
-56,37,-13
-47,34,-5
-45,35,-2
-48,35,-3
-50,35,-4
-55,37,-6
-57,38,-6
-59,40,-5
-57,39,-3
-57,36,-2
-56,34,-1
-56,32,-1
-56,31,-3
-58,32,-5
-58,32,-4
-58,31,-3
-58,31,-3
-61,35,-6
-69,44,-6
-69,47,-1
-57,40,2
-52,38,1
-45,43,1
-45,47,2
-38,49,2
-35,49,1
-30,50,-1
-28,53,0
-30,58,5
-43,58,5
-58,49,5
-57,43,6
-47,38,5
-42,39,4
-37,41,5
-39,41,5
-48,43,6
-52,42,5
-53,40,4
-46,39,4
-46,40,9
-47,39,9
-49,41,11
-51,42,11
-50,42,6
-48,42,11
-51,42,13
-59,43,10
-58,44,10
-54,53,12
-58,59,7
-60,68,-3
-57,59,-5
-49,37,-1
-47,33,-1
-35,30,-5
-30,34,-5
-29,40,-5
-38,42,-6
-56,45,-8
-63,46,-10
-62,39,-15
-55,35,-10
-48,34,-2
-47,33,-1
-46,33,1
-49,34,0
-56,36,-3
-59,37,-4
-60,37,-5
-57,38,-2
-57,36,-2
-57,35,-2
-56,33,-1
-55,34,-2
-54,32,-2
-55,31,1
-55,31,2
-56,31,2
-57,31,1
-62,32,-3
-65,34,-6
-62,37,-7
-62,37,-9
-53,42,0
-52,44,6
-52,54,7
-51,55,4
-45,54,6
-43,51,6
-34,46,1
-31,46,0
-26,50,-1
-23,52,3
-33,59,17
-47,57,17
-65,44,6
-61,38,6
-44,38,7
-41,38,5
-39,35,6
-42,33,6
-44,30,6
-52,33,13
-60,33,15
-73,35,13
-70,36,6
-49,45,14
-49,49,21
-63,37,4
-63,43,2
-61,63,1
-64,70,-5
-52,49,-15
-35,36,-13
-31,30,-4
-31,30,-2
-32,32,-7
-37,33,-11
-51,45,-11
-63,49,-15
-65,47,-14
-56,42,-9
-47,34,-3
-46,34,-2
-46,36,-2
-48,38,-3
-52,42,-3
-54,42,-3
-54,42,-3
-54,42,-2
-54,40,-2
-52,38,-2
-53,37,-3
-56,34,-1
-56,33,1
-56,35,1
-57,37,0
-66,45,-10
-71,48,-12
-69,46,3
-64,41,7
-49,35,5
-49,38,3
-44,40,3
-38,41,3
-31,40,4
-31,42,6
-29,51,14
-36,56,15
-62,52,8
-68,45,4
-53,32,5
-44,35,10
-40,40,11
-41,40,9
-43,41,7
-49,41,6
-51,40,6
-51,39,5
-46,39,7
-43,41,10
-45,43,11
-46,44,9
-45,45,7
-42,47,10
-45,48,13
-54,46,17
-60,45,15
-58,49,13
-55,52,11
-56,68,7
-58,70,0
-44,48,0
-43,39,-1
-42,33,-1
-42,33,-3
-35,39,-6
-34,38,-7
-48,39,-11
-61,40,-14
-63,38,-14
-61,37,-12
-54,37,-4
-51,37,-3
-46,35,-3
-45,35,-3
-49,35,-2
-54,37,-1
-56,39,-2
-54,42,0
-54,42,2
-53,38,3
-54,36,3
-57,34,-2
-55,35,-4
-52,34,-3
-53,35,-1
-55,38,1
-55,39,-1
-60,43,-3
-67,45,-3
-69,42,-3
-61,39,-3
-51,45,1
-48,49,5
-42,50,6
-37,47,4
-32,44,0
-32,45,-1
-31,53,2
-31,56,7
-52,58,12
-61,54,10
-60,39,2
-43,37,5
-38,40,7
-39,40,9
-41,40,10
-48,39,9
-52,39,7
-53,36,6
-53,36,7
-48,35,10
-48,35,10
-48,37,9
-48,39,10
-50,42,9
-50,43,8
-47,42,12
-49,41,14
-54,41,13
-57,42,11
-54,46,8
-52,49,8
-53,59,6
-54,64,5
-52,58,2
-50,49,-1
-41,37,-2
-38,34,-3
-32,37,-6
-33,44,-7
-37,48,-6
-48,50,-6
-55,49,-11
-59,43,-16
-55,41,-18
-51,37,-13
-48,38,-9
-45,37,-6
-47,37,-6
-52,37,-8
-53,37,-7
-56,36,-8
-58,35,-9
-60,34,-6
-59,34,-4
-57,31,0
-58,30,-1
-59,27,-6
-60,27,-7
-59,27,-7
-58,27,-5
-59,30,0
-61,32,-1
-62,38,-7
-64,41,-11
-72,45,-10
-67,42,-6
-52,38,-3
-41,46,2
-38,48,2
-32,49,-1
-33,49,-5
-32,53,-11
-32,55,-10
-36,59,2
-46,60,5
-55,47,1
-51,43,0
-42,45,3
-40,47,4
-40,47,5
-43,44,4
-41,40,1
-39,38,1
-42,42,6
-41,44,11
-50,40,12
-55,40,12
-63,37,7
-63,35,6
-61,41,12
-64,43,10
-72,53,-2
-73,60,-5
-51,65,-5
-45,57,-5
-32,44,-2
-28,40,-2
-24,38,-4
-31,39,-13
-36,41,-12
-55,47,-7
-69,50,-5
-67,42,-5
-54,39,-2
-42,36,0
-40,37,-1
-42,39,-1
-46,40,0
-56,41,-2
-60,39,-3
-63,36,-1
-59,33,1
-55,30,3
-56,29,1
-60,28,-2
-61,27,-3
-58,26,-2
-56,24,-1
-57,26,3
-58,29,5
-57,37,3
-53,38,3
-51,40,-1
-62,46,-5
-64,47,-4
-58,42,2
-56,42,2
-48,51,4
-45,52,5
-45,49,5
-47,45,2
-44,43,-1
-44,43,-1
-42,48,2
-47,51,5
-54,49,6
-54,44,5
-46,39,4
-42,41,4
-35,45,7
-34,45,8
-34,43,12
-39,42,12
-54,35,2
-56,34,0
-46,32,7
-45,33,10
-47,37,16
-52,41,18
-58,47,15
-58,46,16
-53,43,22
-62,41,15
-63,45,-2
-69,70,-5
-64,68,-3
-43,38,2
-38,33,2
-34,25,-6
-34,28,-11
-36,37,-14
-37,45,-12
-49,62,-3
-56,60,0
-55,49,3
-57,42,0
-47,37,-2
-44,36,-2
-42,37,1
-46,37,3
-50,39,10
-53,41,12
-57,42,8
-60,41,2
-58,35,-4
-55,32,-4
-59,28,1
-59,29,3
-57,37,6
-60,41,3
-64,50,3
-65,48,7
-56,43,7
-44,40,8
-43,41,8
-42,43,6
-36,45,7
-31,47,4
-30,50,3
-22,58,10
-19,65,17
-43,64,13
-54,58,7
-57,43,3
-48,39,5
-40,41,11
-42,40,11
-49,36,8
-48,34,8
-45,32,7
-46,30,8
-53,32,14
-58,34,18
-64,35,10
-59,35,7
-55,43,12
-58,44,12
-60,46,12
-62,51,9
-62,60,-5
-57,51,-10
-49,41,-5
-40,32,0
-38,32,1
-35,37,-3
-38,39,-6
-48,44,-11
-54,46,-14
-55,42,-17
-54,39,-17
-48,34,-10
-50,35,-6
-48,39,-1
-47,40,-1
-48,43,-3
-51,44,-3
-54,43,-7
-54,42,-8
-55,41,-7
-53,41,-6
-52,38,-2
-53,38,-1
-55,35,-1
-56,34,-3
-57,33,-4
-58,33,-5
-57,32,-7
-60,32,-11
-59,35,-12
-59,39,-9
-56,40,-1
-52,39,6
-51,42,3
-50,52,0
-49,57,2
-41,54,5
-35,51,6
-31,53,6
-30,54,5
-30,57,2
-32,57,1
-38,56,5
-41,56,6
-42,54,5
-40,52,4
-36,49,2
-35,49,2
-36,50,3
-38,52,4
-40,52,3
-38,51,2
-36,53,0
-39,55,1
-44,59,5
-40,57,4
-39,55,3
-37,54,2
-37,53,1
-38,49,2
-39,47,2
-41,46,4
-41,47,6
-44,47,7
-46,46,7
-47,46,11
-48,46,12
-47,46,12
-46,48,14
-45,51,9
-44,51,5
-44,44,3
-43,40,3
-41,41,8
-44,45,11
-54,44,1
-59,42,-3
-54,37,0
-50,37,1
-46,39,0
-45,40,-2
-44,45,-1
-43,47,-2
-43,44,-8
-54,41,-14
-58,39,-17
-55,35,-16
-50,35,-12
-49,36,-10
-52,34,-12
-59,34,-14
-60,35,-14
-61,32,-16
-60,30,-16
-60,26,-14
-61,25,-13
-61,24,-13
-64,21,-13
-64,17,-9
-61,17,-4
-59,22,-1
-61,24,-3
-68,32,-8
-71,37,-11
-60,46,-13
-56,49,-13
-51,54,-2
-48,55,5
-56,52,3
-56,51,1
-45,41,-2
-36,37,-4
-29,36,-11
-26,36,-9
-30,39,-3
-45,43,1
-54,44,2
-64,42,4
-63,42,7
-55,43,5
-52,40,3
-53,36,0
-53,34,-1
-55,32,-8
-55,33,-10
-50,38,-3
-46,40,1
-42,40,3
-43,39,3
-47,38,1
-50,37,1
-53,36,2
-55,35,3
-57,36,6
-58,37,8
-63,37,4
-65,39,-2
-65,47,-11
-56,56,-5
-54,84,16
-69,88,0
-47,46,-6
-32,35,-3
-33,33,-3
-32,30,-9
-29,27,-12
-35,30,-16
-39,36,-13
-61,48,-9
-69,47,-10
-63,39,-7
-49,37,-3
-42,37,-1
-45,37,-1
-52,37,-1
-53,37,-2
-51,39,1
-51,40,3
-50,41,6
-50,42,6
-52,41,-1
-55,40,-2
-61,36,-5
-61,36,-6
-62,42,-9
-69,48,-5
-72,56,7
-63,55,4
-43,57,1
-38,57,2
-26,51,1
-24,50,-3
-21,47,-1
-23,51,12
-35,50,11
-57,44,2
-65,38,-5
-52,33,-1
-43,37,7
-37,42,12
-41,41,9
-48,41,5
-50,41,4
-50,36,4
-48,37,6
-46,40,12
-50,41,14
-54,41,7
-51,40,4
-45,43,9
-49,43,14
-59,48,18
-67,48,12
-61,59,8
-57,69,3
-52,78,-6
-47,65,-5
-40,36,0
-41,28,-2
-37,28,-4
-27,34,-9
-26,36,-11
-35,52,-5
-45,56,-4
-71,50,-12
-69,42,-16
-46,36,-5
-40,37,-1
-42,39,-1
-47,39,-2
-52,40,-2
-55,39,-4
-57,37,-5
-57,35,-4
-54,31,-2
-55,31,-1
-56,29,-2
-56,28,-4
-57,32,-4
-58,34,-2
-62,36,0
-63,36,-2
-61,42,-8
-65,48,-14
-69,56,-8
-64,50,1
-52,41,7
-49,45,6
-44,48,2
-40,45,-2
-37,42,-3
-32,41,-6
-29,42,-6
-29,48,4
-37,53,9
-54,49,9
-62,43,5
-60,37,2
-52,39,4
-39,43,5
-37,42,5
-42,40,6
-49,40,4
-61,37,-1
-56,38,0
-41,38,5
-40,39,6
-45,41,8
-46,43,12
-49,45,12
-52,44,10
-54,44,14
-58,44,14
-66,45,5
-57,53,4
-53,62,8
-55,67,5
-50,57,1
-40,36,-2
-41,34,-2
-38,30,-5
-36,31,-8
-39,33,-9
-44,35,-9
-54,37,-13
-59,41,-15
-61,45,-9
-59,43,-4
-50,36,0
-48,34,-2
-46,33,-2
-46,35,0
-52,37,1
-54,38,1
-54,38,4
-53,38,6
-55,37,2
-58,36,-3
-59,35,-7
-55,33,-2
-56,33,1
-57,34,3
-62,39,-4
-68,46,-8
-71,52,-4
-57,42,-1
-50,44,0
-44,50,1
-38,52,2
-27,51,2
-27,52,1
-24,54,4
-28,55,7
-50,56,7
-60,50,2
-56,34,-2
-49,32,0
-40,36,8
-40,37,10
-47,40,7
-50,39,5
-55,36,1
-54,33,0
-50,34,5
-49,34,8
-52,36,11
-53,37,9
-51,41,4
-48,44,6
-56,44,13
-61,45,13
-64,42,7
-54,51,2
-52,60,-2
-52,65,-4
-49,58,0
-44,40,2
-44,36,-1
-39,33,-7
-33,36,-7
-34,41,-8
-40,43,-7
-52,43,-11
-58,43,-13
-59,37,-15
-59,36,-13
-50,37,-5
-46,36,-3
-43,35,0
-49,36,-1
-58,35,-3
-58,34,-4
-58,36,-4
-57,37,-3
-56,36,1
-56,34,1
-57,33,0
-58,33,-2
-58,31,-3
-59,30,-2
-61,24,-6
-58,25,-6
-60,29,-7
-66,41,-6
-67,45,-1
-62,44,4
-59,46,3
-50,52,2
-51,53,1
-44,50,-1
-38,47,-2
-30,45,-2
-28,46,0
-26,52,7
-34,55,9
-55,53,7
-59,46,2
-46,40,3
-39,42,6
-38,45,7
-40,44,8
-44,43,9
-45,41,7
-47,39,6
-47,39,7
-45,40,10
-47,41,13
-53,44,15
-49,43,9
-45,43,11
-52,46,16
-57,47,14
-59,51,8
-57,59,6
-55,71,-1
-51,63,-4
-41,40,-1
-42,38,-1
-39,32,-5
-33,35,-6
-34,38,-8
-38,40,-8
-52,47,-9
-58,48,-10
-65,41,-15
-60,38,-10
-46,35,0
-46,34,1
-47,36,0
-51,37,0
-55,38,2
-55,37,1
-54,38,4
-53,40,5
-51,37,4
-52,36,3
-58,37,0
-57,33,0
-57,33,1
-57,32,0
-57,32,-2
-57,39,-2
-62,44,0
-66,48,9
-64,47,8
-52,51,5
-47,54,5
-45,57,3
-43,54,1
-35,48,-1
-31,46,1
-24,46,5
-22,48,9
-37,50,12
-47,50,11
-59,43,6
-56,39,6
-43,42,9
-39,44,12
-38,43,12
-38,43,11
-40,43,12
-42,43,12
-45,43,12
-44,44,14
-44,45,15
-45,44,17
-44,43,14
-42,40,12
-43,40,13
-46,40,17
-48,40,19
-52,40,20
-53,42,19
-59,48,19
-57,51,16
-48,60,10
-48,68,13
-46,67,9
-47,56,6
-48,38,0
-45,33,-2
-34,33,-6
-28,36,-8
-29,44,-3
-37,51,-1
-57,55,-7
-64,49,-13
-62,38,-10
-54,37,-5
-42,38,-1
-42,39,0
-50,40,2
-56,39,1
-55,35,-1
-58,34,-1
-59,33,0
-56,29,1
-57,29,2
-59,25,-4
-59,26,-6
-53,34,-1
-53,35,3
-58,38,6
-62,37,2
-62,38,-2
-63,39,-6
-70,46,-6
-70,50,2
-60,42,9
-53,42,6
-43,42,-1
-39,42,-2
-33,45,-3
-33,49,-3
-30,53,1
-29,54,10
-53,54,11
-59,45,2
-51,32,-2
-46,34,1
-39,36,7
-42,38,8
-46,38,6
-53,37,2
-53,38,3
-49,39,8
-49,39,11
-56,43,13
-54,42,7
-45,45,9
-44,48,14
-55,45,16
-63,43,11
-58,49,7
-53,55,4
-52,72,-3
-54,68,-6
-39,42,-7
-37,35,-8
-37,33,-8
-34,34,-7
-35,35,-9
-53,42,-9
-60,44,-10
-68,47,-13
-61,40,-14
-54,37,-8
-42,33,-2
-42,33,-1
-48,37,0
-55,36,-3
-57,36,-4
-60,38,-6
-59,39,-6
-53,38,-2
-54,36,-1
-57,31,1
-58,31,1
-56,27,-1
-56,27,-1
-53,28,1
-52,30,3
-59,35,7
-63,35,3
-67,33,-5
-66,30,-8
-68,28,-11
-64,34,-3
-60,47,14
-60,52,15
-61,51,7
-56,45,2
-41,35,-3
-35,33,-2
-31,36,-4
-30,40,0
-40,54,12
-52,58,14
-60,46,8
-57,39,7
-48,38,9
-45,37,6
-43,35,5
-41,37,7
-44,39,6
-50,42,3
-47,42,2
-37,41,8
-39,43,11
-45,48,15
-46,49,15
-48,49,15
-47,48,18
-58,41,19
-64,38,15
-68,41,12
-68,42,7
-50,53,7
-47,62,11
-45,66,3
-45,52,0
-38,35,-6
-35,33,-5
-34,33,-7
-34,33,-11
-42,40,-9
-62,55,-8
-68,52,-12
-52,38,0
-47,34,4
-48,31,-1
-50,31,-2
-51,37,1
-52,38,2
-54,42,4
-54,44,6
-54,43,9
-54,41,9
-52,36,4
-52,34,2
-56,32,0
-59,31,-1
-58,34,1
-58,36,0
-62,45,4
-60,51,12
-62,55,9
-58,60,6
-51,59,8
-45,55,8
-31,47,8
-25,44,9
-20,44,6
-19,45,6
-24,49,8
-33,52,10
-51,56,16
-55,45,12
-48,43,12
-41,42,12
-41,42,12
-42,39,12
-43,37,11
-43,34,10
-44,34,10
-47,37,15
-50,39,20
-60,42,14
-56,41,9
-47,47,16
-49,47,19
-57,46,19
-60,44,17
-55,51,13
-54,57,9
-54,64,3
-52,60,2
-44,43,5
-45,37,1
-42,27,-5
-36,28,-5
-31,37,-5
-34,41,-4
-52,50,-5
-67,47,-13
-67,42,-14
-59,36,-6
-53,36,-3
-57,44,0
-55,53,6
-43,68,18
-51,62,9
-71,58,5
-103,46,13
-95,27,19
-106,13,12
-104,-5,-7
-81,-13,-1
-62,-23,-1
-51,-25,3
-47,-25,13
-49,-22,15
-38,-13,31
-40,-8,39
-40,1,45
-24,2,51
-14,7,58
-19,8,58
-9,13,62
-8,6,62
-6,12,63
2,8,61
0,8,55
-7,12,61
-8,8,62
-3,6,64
-4,4,63
-4,4,66
-5,0,68
-5,-1,69
-6,-3,66
-2,-2,64
-2,-2,62
-7,-7,56
-6,-6,56
0,-2,60
5,0,61
1,0,61
6,-2,65
3,0,60
4,0,59
11,-3,64
13,-2,66
7,2,69
7,0,78
-1,-2,77
6,-1,70
2,-1,54
4,-5,58
-1,-6,64
-8,-1,71
-13,1,70
-14,-3,65
-10,-4,64
-8,-6,56
-13,-7,53
-17,-8,55
-16,-7,58
-18,-3,60
-20,-4,62
-19,-2,66
-17,-2,64
-15,-6,59
-14,-6,59
-13,-5,61
-12,-4,62
-12,-2,64
-14,-1,65
-15,0,66
-14,-1,67
-13,-3,66
-14,-4,66
-13,-5,64
-12,-6,65
-13,-6,67
-15,-6,68
-17,-1,69
-19,-1,66
-18,3,63
-15,4,62
-15,6,62
-14,8,64
-12,10,64
-11,8,59
-11,8,56
-12,7,55
-11,7,56
-10,5,58
-9,5,60
-10,6,63
-12,5,65
-10,3,65
-9,3,64
-9,2,61
-9,3,60
-9,2,60
-7,2,62
-8,2,61
-8,1,61
-8,0,61
-8,0,62
-9,-2,64
-9,-2,65
-9,-2,67
-10,-2,67
-11,-3,69
-11,-3,71
-14,-1,75
-20,5,78
-22,4,75
-20,1,62
-18,1,57
-15,1,53
-14,1,51
-16,0,50
-17,-1,52
-21,-6,56
-21,-7,59
-23,-8,62
-21,-5,65
-17,-5,66
-16,-6,62
-13,-6,57
-13,-6,57
-13,-6,58
-13,-8,59
-13,-8,62
-13,-8,63
-13,-9,63
-13,-9,62
-14,-9,62
-13,-9,62
-12,-11,62
-13,-9,64
-16,-8,65
-14,-7,68
-22,0,77
-20,1,74
-18,3,70
-17,7,63
-18,7,60
-25,6,55
-25,8,56
-18,10,57
-20,10,55
-21,9,56
-19,8,60
-19,4,62
-19,2,60
-15,1,58
-15,2,57
-17,2,58
-15,3,60
-14,2,62
-14,1,62
-13,0,61
-13,-1,61
-16,-2,62
-17,-2,62
-19,-1,62
-14,1,65
-13,3,68
-13,3,70
-17,1,70
-19,3,73
-24,5,76
-31,3,71
-29,2,64
-18,0,50
-17,-2,46
-17,-3,45
-18,-4,46
-21,-6,51
-25,-8,55
-33,-7,63
-30,-6,67
-20,-7,69
-21,-8,64
-21,-9,54
-18,-7,54
-16,-5,57
-16,-4,58
-16,-4,58
-17,-3,60
-16,-4,64
-17,-6,63
-19,-8,61
-21,-8,62
-19,-8,61
-16,-8,63
-19,-5,63
-20,-7,63
-21,-5,66
-30,1,75
-31,1,74
-25,3,69
-25,4,66
-25,6,59
-25,6,56
-20,8,52
-18,9,52
-16,9,53
-15,11,56
-19,9,63
-18,8,65
-14,2,63
-14,0,61
-19,-2,58
-21,-3,56
-17,-2,55
-12,-1,56
-12,-2,58
-12,-2,60
-6,2,70
-8,4,71
-7,8,70
-7,11,68
-3,14,62
-3,10,60
-12,9,56
-16,7,54
-24,9,58
-28,12,60
-41,15,60
-34,13,54
-31,13,49
-36,9,42
-42,9,44
-49,12,58
-49,15,61
-38,19,65
-37,19,61
-39,17,54
-36,16,57
-37,13,52
-40,13,48
-38,13,45
-44,13,41
-49,16,40
-43,18,45
-38,22,43
-41,24,39
-47,21,37
-51,18,33
-51,22,31
-58,25,30
-58,25,28
-49,30,27
-55,37,11
-58,37,8
-52,39,5
-48,38,6
-54,42,5
-48,37,7
-49,37,9
-51,41,10
-52,37,12
-51,37,20
-46,45,31
-48,30,21
-46,33,18
-52,48,7
-51,45,2
-43,38,2
-49,33,6
-62,35,22
-69,36,27
-61,44,25
-55,43,22
-60,43,14
-62,39,15
-68,51,12
-68,56,13
-66,50,-7
-42,41,-4
-27,36,2
-27,31,0
-40,29,-6
-45,31,-8
-50,38,-2
-55,40,8
-55,38,12
-50,31,10
-49,30,10
-55,32,10
-55,34,11
-57,34,9
-57,33,9
-59,31,11
-61,30,9
-59,32,5
-56,34,4
-56,32,8
-57,32,10
-59,36,14
-68,41,9
-76,55,6
-71,55,10
-45,44,12
-35,42,11
-28,42,10
-29,44,8
-38,51,7
-36,53,13
-49,49,18
-55,44,14
-52,36,10
-43,34,12
-43,34,14
-41,36,16
-41,37,14
-46,34,12
-46,34,14
-50,32,15
-51,35,18
-55,44,22
-52,45,23
-46,49,30
-52,45,30
-64,32,17
-65,35,16
-62,52,24
-65,67,21
-59,54,-5
-40,37,-4
-21,30,2
-30,27,1
-46,27,-4
-47,31,-3
-63,48,7
-64,45,12
-58,33,10
-48,29,12
-41,25,14
-41,25,15
-48,27,14
-59,30,12
-62,31,11
-62,34,8
-64,37,5
-58,33,6
-60,32,6
-59,31,10
-65,33,7
-80,50,6
-77,53,11
-56,46,9
-43,47,8
-32,53,9
-29,57,9
-26,60,7
-21,58,14
-45,54,15
-54,45,10
-55,32,2
-47,29,3
-37,29,13
-36,31,19
-46,35,18
-50,35,13
-49,31,10
-50,33,13
-57,34,22
-63,36,22
-54,41,20
-47,45,26
-59,40,26
-70,34,15
-69,42,17
-67,63,11
-62,65,3
-40,40,-5
-24,30,-1
-30,31,0
-38,30,-1
-44,37,-7
-45,43,-1
-62,43,10
-61,40,12
-45,31,9
-44,31,8
-47,34,10
-53,36,10
-54,34,10
-51,32,14
-51,32,13
-55,32,10
-61,33,4
-61,32,2
-63,33,7
-69,36,9
-67,39,6
-75,54,3
-70,55,9
-56,44,12
-48,42,11
-35,40,7
-31,41,7
-33,48,2
-32,51,3
-36,52,16
-49,51,16
-64,37,6
-59,31,6
-48,29,12
-46,30,14
-47,31,11
-47,32,9
-47,34,3
-46,33,2
-45,31,7
-47,31,11
-56,40,23
-61,43,20
-52,47,17
-49,51,24
-74,41,12
-77,40,6
-69,49,7
-65,61,9
-57,57,-13
-44,38,-12
-21,32,-1
-32,32,0
-40,32,-6
-46,38,-8
-50,47,-1
-65,46,5
-62,39,4
-45,32,6
-42,33,7
-44,35,7
-47,37,7
-51,37,9
-53,36,9
-55,35,10
-55,36,9
-55,38,1
-56,38,-1
-59,37,2
-61,37,6
-65,40,5
-74,45,0
-76,54,4
-65,48,7
-45,45,8
-38,46,8
-32,50,6
-31,51,1
-26,51,5
-27,56,18
-41,53,17
-60,43,9
-60,35,5
-47,29,7
-42,29,12
-42,33,19
-46,33,17
-50,31,10
-48,27,8
-50,28,14
-54,28,16
-67,30,22
-71,33,19
-57,44,20
-51,51,24
-51,49,18
-58,49,15
-69,65,7
-70,63,2
-42,36,-2
-35,32,0
-36,31,0
-38,28,-4
-45,31,-8
-44,39,-4
-56,49,3
-61,44,4
-55,36,8
-46,31,9
-46,31,9
-53,33,9
-55,34,8
-53,34,10
-52,33,12
-54,32,13
-58,30,10
-60,32,3
-56,33,3
-58,34,8
-62,35,10
-60,34,10
-69,37,6
-71,52,6
-66,53,11
-48,46,15
-40,46,15
-35,45,10
-33,46,7
-35,50,1
-34,51,0
-30,55,19
-42,56,23
-60,41,12
-60,32,8
-48,27,9
-43,28,11
-42,33,15
-45,37,11
-45,35,9
-49,34,14
-51,33,17
-58,37,23
-61,39,19
-49,47,20
-43,48,23
-52,44,23
-59,40,20
-64,45,14
-66,52,9
-62,65,5
-54,58,2
-35,36,2
-35,36,3
-40,27,-5
-43,27,-8
-42,38,-3
-49,45,2
-61,43,8
-58,39,10
-46,32,9
-45,30,8
-49,33,7
-52,35,7
-56,37,7
-57,34,10
-56,33,11
-56,29,8
-55,28,5
-53,33,5
-54,33,6
-67,35,11
-69,36,11
-70,36,3
-74,44,2
-71,51,7
-64,45,11
-41,43,12
-36,42,10
-29,43,7
-30,43,4
-36,51,1
-33,51,9
-51,53,17
-59,44,11
-57,31,7
-51,29,10
-44,33,15
-46,33,15
-46,32,10
-46,30,7
-47,29,5
-48,28,8
-53,35,22
-66,43,20
-58,44,18
-48,47,25
-52,44,24
-68,35,12
-70,44,9
-66,55,1
-61,67,-1
-39,45,-3
-23,38,2
-34,33,1
-39,30,-4
-45,30,-11
-46,37,-7
-62,49,3
-65,45,5
-51,36,7
-43,35,8
-46,35,9
-50,37,9
-55,35,7
-56,33,7
-54,32,8
-51,33,10
-52,30,9
-56,34,7
-60,37,5
-64,36,9
-64,36,11
-70,41,5
-71,48,5
-64,50,13
-58,43,14
-46,40,11
-40,39,10
-31,40,7
-30,41,6
-35,49,3
-30,50,10
-44,55,21
-55,51,17
-62,34,6
-58,29,6
-46,29,12
-44,32,15
-45,35,13
-47,36,10
-52,32,2
-50,31,5
-48,31,15
-52,33,21
-62,40,18
-60,43,14
-45,51,20
-46,53,24
-59,44,15
-63,48,13
-67,58,3
-54,55,2
-42,39,1
-39,34,2
-39,31,-2
-44,28,-12
-46,31,-12
-43,44,-1
-54,48,2
-61,39,5
-57,35,7
-47,30,8
-48,30,8
-56,32,6
-56,33,7
-54,35,9
-53,34,10
-50,33,12
-50,32,12
-59,28,6
-62,29,2
-56,30,4
-57,32,6
-66,37,9
-73,41,5
-73,55,5
-68,53,7
-51,47,10
-44,47,9
-35,48,5
-32,51,0
-31,52,-3
-28,52,3
-28,54,9
-51,51,9
-56,45,6
-51,34,6
-46,33,8
-41,37,11
-40,38,12
-43,40,10
-47,39,7
-46,32,7
-47,32,10
-53,35,18
-61,39,20
-59,41,12
-52,43,11
-48,48,21
-57,46,19
-65,49,16
-62,58,3
-60,64,-2
-52,60,2
-38,36,4
-39,35,4
-39,29,-7
-44,31,-15
-43,37,-12
-51,48,2
-61,47,5
-57,38,8
-50,35,8
-46,32,6
-48,32,5
-51,33,6
-54,33,7
-56,32,8
-56,30,9
-58,27,11
-60,26,9
-62,24,2
-59,26,0
-56,30,3
-59,33,6
-70,41,5
-76,46,4
-70,50,7
-65,49,9
-50,52,7
-42,50,5
-33,50,4
-30,50,3
-29,51,3
-29,51,8
-41,55,15
-54,45,8
-55,40,5
-47,33,6
-39,33,11
-32,36,16
-35,38,16
-45,38,12
-49,36,10
-48,33,13
-48,34,16
-52,38,24
-60,40,23
-57,42,18
-50,44,20
-54,50,27
-63,45,21
-63,46,16
-63,50,11
-61,59,-2
-52,50,-4
-36,35,2
-34,32,2
-38,27,-4
-43,31,-6
-46,41,3
-56,47,9
-63,40,7
-48,32,7
-44,30,7
-46,33,9
-49,34,9
-52,35,11
-53,34,11
-53,33,12
-53,32,12
-55,29,7
-55,30,5
-55,36,6
-60,41,10
-68,50,15
-70,51,10
-70,58,2
-66,57,7
-49,44,8
-41,41,6
-30,41,6
-29,44,7
-27,52,8
-30,56,12
-46,54,16
-54,46,11
-54,32,9
-48,29,11
-43,29,15
-43,31,16
-47,34,13
-48,36,11
-48,33,11
-49,32,17
-51,32,20
-57,35,21
-61,36,17
-50,42,23
-52,45,30
-65,44,22
-64,45,18
-66,57,9
-66,61,1
-46,40,-3
-38,32,0
-31,28,-1
-35,26,-5
-43,31,-7
-44,37,-1
-64,50,6
-67,45,5
-58,34,3
-50,31,3
-46,31,5
-48,32,7
-49,33,8
-48,33,9
-50,33,10
-53,35,10
-58,37,7
-56,37,3
-59,38,2
-62,42,4
-63,45,4
-69,55,8
-68,59,16
-57,49,14
-51,48,8
-39,44,2
-33,44,2
-26,47,2
-21,50,8
-26,60,24
-40,57,21
-57,42,6
-57,36,4
-48,31,9
-42,33,14
-40,35,17
-43,36,16
-45,36,12
-44,33,11
-48,33,16
-52,33,22
-66,35,21
-61,36,16
-51,42,22
-56,49,27
-64,43,18
-61,48,19
-61,49,11
-61,56,-1
-56,50,-6
-34,35,2
-34,32,2
-39,28,-4
-44,30,-7
-52,40,1
-63,47,7
-58,38,9
-49,34,9
-41,29,9
-44,29,9
-52,31,9
-54,33,10
-52,33,12
-53,33,12
-58,31,10
-57,31,8
-56,32,5
-58,33,5
-66,41,10
-64,43,11
-74,54,8
-72,62,10
-64,53,13
-56,47,10
-38,40,3
-29,42,6
-28,41,6
-26,43,12
-31,46,17
-50,47,16
-56,44,9
-48,36,6
-41,35,10
-39,39,20
-42,41,21
-50,40,14
-49,38,10
-45,35,7
-41,36,10
-45,40,20
-48,43,23
-51,42,17
-48,43,16
-48,43,21
-53,43,25
-67,42,23
-68,42,19
-58,47,8
-56,54,6
-56,59,0
-41,38,2
-37,33,1
-41,29,-6
-43,29,-8
-42,38,-4
-47,45,4
-64,48,9
-63,41,6
-48,32,4
-45,31,4
-49,32,5
-51,33,7
-53,34,8
-53,34,9
-51,34,13
-52,33,13
-55,30,9
-55,30,6
-57,30,4
-61,32,6
-64,39,16
-73,48,9
-72,53,7
-66,55,10
-52,46,10
-48,44,7
-40,45,4
-36,47,4
-30,52,7
-27,54,12
-34,57,18
-48,45,13
-54,39,9
-49,29,8
-46,28,10
-39,32,15
-39,34,16
-44,37,13
-45,38,13
-49,35,19
-53,34,22
-60,33,27
-63,32,20
-56,40,20
-51,44,23
-59,43,23
-63,42,22
-64,52,13
-61,56,11
-56,55,0
-46,42,-4
-35,36,2
-36,31,2
-45,25,-5
-49,24,-8
-51,33,-3
-57,38,2
-59,37,10
-59,36,9
-54,31,8
-51,30,10
-51,31,11
-52,33,12
-51,34,13
-47,34,13
-49,34,12
-54,33,6
-55,35,6
-62,34,7
-69,35,10
-69,37,16
-71,41,12
-68,55,10
-65,54,12
-48,45,9
-42,44,6
-32,44,6
-30,42,4
-32,42,-1
-36,46,-1
-36,56,18
-48,59,22
-57,44,11
-52,40,10
-41,37,14
-41,37,15
-42,36,12
-43,33,9
-43,32,8
-44,32,13
-46,31,16
-55,38,26
-63,40,23
-55,41,20
-53,43,23
-62,40,26
-71,37,18
-70,42,15
-70,48,12
-59,58,5
-55,49,-1
-32,33,2
-28,32,2
-39,27,-5
-41,30,-7
-50,45,1
-58,45,8
-64,32,9
-60,27,8
-45,26,11
-44,26,11
-53,27,10
-57,29,12
-53,27,15
-54,26,13
-62,27,7
-67,32,6
-65,33,8
-62,37,13
-64,44,14
-79,54,8
-79,58,12
-65,46,9
-51,43,6
-28,44,5
-23,48,5
-30,54,1
-24,54,11
-46,54,23
-52,41,14
-51,26,4
-46,24,4
-39,27,11
-39,28,14
-35,30,15
-35,30,15
-44,36,21
-50,43,31
-65,47,27
-57,46,25
-58,45,38
-68,33,16
-78,40,12
-72,56,-4
-63,59,-10
-37,35,-3
-29,31,1
-35,33,0
-41,34,-2
-53,39,0
-50,37,7
-49,30,13
-52,27,11
-49,30,10
-46,31,12
-52,30,14
-56,26,13
-53,23,12
-54,22,10
-59,27,5
-62,29,6
-69,32,15
-72,35,15
-71,38,7
-72,43,3
-67,59,8
-64,55,8
-45,48,7
-33,50,9
-20,57,10
-19,57,13
-28,61,21
-56,44,14
-59,33,6
-50,23,4
-43,24,7
-37,28,17
-39,29,18
-42,30,16
-44,30,15
-51,34,21
-59,37,27
-65,40,23
-60,41,22
-53,42,31
-60,39,29
-69,34,17
-71,41,11
-69,54,-2
-67,47,-6
-41,29,0
-34,28,3
-41,30,-2
-45,31,-3
-54,38,3
-55,37,10
-50,24,12
-53,19,12
-50,22,12
-49,22,11
-57,25,9
-59,26,14
-60,28,15
-65,24,5
-65,24,1
-60,31,2
-60,36,6
-66,51,14
-71,55,11
-72,60,12
-67,56,13
-46,48,6
-35,47,4
-28,50,3
-26,54,1
-22,56,8
-25,58,15
-46,45,12
-49,36,7
-44,29,9
-40,29,12
-39,32,16
-40,32,15
-42,33,13
-43,34,15
-50,38,26
-57,41,33
-65,39,22
-54,42,26
-56,44,30
-71,37,16
-72,42,13
-71,67,-2
-70,60,-13
-36,32,-3
-25,29,3
-39,29,-3
-43,30,-4
-54,39,1
-52,40,10
-49,31,12
-50,27,10
-47,29,10
-48,29,9
-56,30,11
-58,27,11
-57,23,12
-56,22,9
-58,28,2
-59,31,3
-63,37,9
-67,41,12
-70,45,6
-72,49,4
-70,58,12
-64,54,11
-42,46,4
-33,47,4
-23,51,3
-20,56,14
-31,60,21
-54,43,13
-55,35,6
-43,26,3
-37,27,6
-35,32,15
-37,33,17
-41,33,14
-44,33,15
-50,36,29
-64,42,34
-67,40,22
-59,44,27
-58,50,31
-66,47,27
-77,59,-10
-72,61,-17
-42,39,-4
-31,33,2
-38,28,-5
-41,28,-8
-48,38,-7
-52,40,1
-45,37,15
-47,32,12
-49,30,10
-48,30,9
-53,31,9
-62,27,10
-60,24,11
-57,23,12
-55,24,11
-61,29,7
-63,32,9
-69,38,13
-71,43,14
-79,49,2
-75,54,4
-59,49,10
-46,42,6
-25,46,5
-25,51,5
-24,61,19
-39,61,26
-55,44,16
-53,32,6
-45,24,0
-38,24,2
-31,25,11
-36,34,18
-39,36,17
-41,34,16
-51,36,22
-61,39,29
-73,40,23
-55,45,30
-54,47,33
-71,43,18
-73,49,11
-70,68,-6
-68,61,-14
-31,34,-2
-26,32,1
-39,25,-4
-45,26,-7
-50,35,-3
-51,39,7
-51,36,15
-54,31,12
-49,31,8
-47,30,9
-52,32,10
-54,30,10
-55,27,12
-56,26,11
-56,27,6
-57,29,5
-64,39,8
-67,42,12
-67,48,17
-70,48,9
-77,56,3
-72,56,8
-47,41,5
-25,43,4
-22,47,4
-23,55,8
-32,59,18
-57,47,17
-57,33,9
-46,22,5
-40,23,6
-37,25,10
-38,27,12
-40,31,13
-40,33,15
-50,40,27
-61,47,35
-66,44,25
-59,43,26
-62,43,29
-71,35,16
-74,49,1
-74,56,-11
-56,51,-8
-45,38,-3
-31,32,1
-36,28,-3
-45,26,-7
-49,32,-5
-52,37,9
-49,36,13
-53,29,12
-52,29,9
-50,28,9
-54,27,7
-55,26,7
-53,24,10
-51,24,12
-61,30,9
-66,32,6
-66,35,8
-69,40,10
-76,49,1
-77,55,-2
-66,58,11
-53,52,10
-28,52,6
-22,57,7
-21,63,15
-32,61,22
-51,41,13
-53,31,6
-46,22,0
-41,21,0
-38,23,9
-36,28,16
-37,37,21
-41,36,20
-53,36,21
-61,38,27
-68,39,23
-52,42,28
-54,45,35
-76,46,20
-78,52,7
-69,62,-6
-65,57,-8
-32,33,6
-28,31,4
-39,24,-5
-44,28,-7
-49,37,2
-50,39,13
-50,35,14
-52,28,11
-48,28,10
-46,26,9
-53,29,11
-57,27,11
-56,26,13
-55,25,12
-60,26,9
-64,27,8
-68,32,7
-70,36,7
-77,47,6
-80,51,5
-68,56,16
-60,53,13
-36,48,5
-25,52,5
-23,55,5
-23,58,19
-35,56,22
-54,39,9
-55,32,4
-44,27,6
-39,27,11
-36,30,17
-37,31,16
-41,31,12
-42,34,16
-53,39,36
-69,43,35
-65,40,23
-56,43,28
-58,41,31
-68,36,24
-75,48,4
-70,56,-3
-56,50,-10
-39,35,-5
-29,33,2
-40,31,-2
-50,34,-5
-53,39,-3
-44,37,14
-47,31,13
-48,29,12
-46,31,10
-46,32,10
-54,31,10
-55,27,11
-56,23,13
-61,24,10
-64,30,6
-63,33,7
-73,41,10
-74,45,12
-76,51,-1
-73,58,1
-57,53,13
-44,44,9
-26,44,5
-24,49,6
-29,57,5
-29,56,12
-48,49,17
-51,38,10
-48,27,5
-43,28,7
-38,28,13
-39,30,14
-39,31,12
-39,31,12
-46,36,21
-67,46,33
-71,43,25
-59,50,31
-59,55,37
-68,43,23
-68,51,15
-66,58,-5
-63,53,-12
-33,32,-2
-30,32,1
-38,27,-1
-44,29,-3
-54,37,2
-50,39,13
-47,34,18
-45,31,16
-46,29,11
-48,30,13
-57,28,13
-58,24,12
-54,23,13
-55,25,14
-64,32,11
-65,34,12
-66,33,15
-67,33,15
-78,39,4
-80,47,1
-66,58,14
-55,50,12
-29,47,7
-21,51,10
-22,56,11
-38,58,21
-50,54,22
-59,32,7
-54,28,5
-42,28,9
-40,29,13
-38,32,18
-41,33,16
-39,31,12
-40,33,14
-50,38,27
-62,41,31
-63,42,25
-52,45,28
-57,48,34
-67,41,21
-71,47,10
-70,59,6
-59,52,-6
-42,38,0
-26,28,4
-41,26,-3
-46,30,-5
-54,41,6
-52,39,14
-54,32,14
-56,27,11
-48,28,11
-44,28,11
-52,28,13
-55,27,14
-55,22,13
-56,22,11
-63,27,3
-63,31,6
-63,37,14
-64,43,16
-71,50,10
-77,55,12
-66,55,13
-54,53,9
-33,50,7
-26,51,9
-19,59,10
-16,59,17
-37,57,25
-49,45,16
-57,26,1
-51,21,-1
-37,24,8
-34,27,15
-38,35,23
-42,34,19
-42,31,17
-63,42,30
-72,44,27
-61,41,22
-58,47,31
-69,40,24
-71,39,19
-68,58,6
-66,65,-1
-50,38,-6
-34,28,-2
-33,28,-1
-36,28,-1
-48,39,0
-54,38,6
-51,34,15
-51,27,13
-51,25,12
-46,25,12
-52,26,11
-55,26,11
-54,24,12
-51,24,12
-61,29,8
-70,35,6
-68,35,10
-64,37,12
-66,50,11
-73,54,5
-70,64,17
-46,47,9
-37,45,4
-28,48,5
-27,53,6
-20,59,18
-28,62,26
-49,43,17
-53,35,9
-47,24,1
-42,23,2
-37,28,12
-37,31,17
-38,36,21
-40,37,20
-52,37,25
-65,39,30
-72,37,18
-65,37,19
-49,48,36
-56,47,33
-67,47,19
-71,55,6
-69,56,-10
-53,39,-10
-28,28,0
-35,26,-1
-47,26,-5
-53,39,4
-49,41,15
-49,35,14
-47,29,11
-51,29,8
-52,29,9
-56,29,12
-55,26,11
-54,23,10
-56,23,9
-55,29,7
-58,32,7
-68,41,13
-68,43,15
-65,46,8
-68,54,3
-68,67,11
-62,57,10
-35,44,5
-28,44,6
-24,50,7
-26,55,11
-44,57,22
-51,48,15
-51,31,3
-46,27,2
-37,31,12
-36,32,17
-43,32,16
-42,30,12
-41,31,15
-50,39,31
-61,41,32
-65,40,20
-59,40,22
-60,43,28
-71,40,19
-76,54,7
-72,64,1
-53,43,-5
-34,30,-2
-29,28,-1
-36,26,-2
-48,36,-3
-54,38,1
-53,38,13
-53,33,10
-50,29,9
-47,29,10
-48,29,11
-54,29,11
-57,24,12
-55,22,12
-56,23,6
-62,27,2
-64,34,7
-65,36,9
-68,42,15
-75,47,4
-72,53,5
-58,53,12
-52,48,8
-33,49,5
-28,51,5
-25,59,6
-21,61,17
-45,55,19
-52,43,11
-51,30,3
-45,27,2
-38,28,9
-36,29,13
-38,32,15
-39,32,13
-44,35,16
-48,36,24
-72,44,30
-71,41,21
-53,50,30
-55,52,33
-71,39,16
-72,44,12
-66,58,-2
-61,52,-9
-34,29,0
-32,27,1
-44,27,-1
-57,36,-2
-55,38,8
-46,31,14
-47,26,11
-47,27,11
-45,28,12
-51,30,11
-59,28,9
-57,21,7
-55,22,7
-61,30,6
-66,33,6
-70,38,11
-71,40,12
-67,47,6
-70,52,3
-65,60,15
-56,50,13
-37,44,3
-31,47,3
-26,54,6
-22,57,12
-37,59,25
-49,50,20
-56,34,6
-52,29,3
-42,29,9
-38,30,15
-37,33,20
-39,32,14
-39,32,15
-46,36,24
-57,40,32
-66,42,26
-58,44,26
-54,46,35
-67,41,24
-71,46,15
-71,54,4
-67,60,-7
-55,42,-7
-28,30,4
-30,29,3
-45,31,-2
-46,34,-3
-50,41,10
-46,39,18
-52,28,13
-54,26,11
-51,27,12
-49,27,13
-52,26,12
-58,25,11
-59,23,12
-60,24,10
-64,29,5
-64,32,7
-64,33,11
-71,43,13
-80,47,7
-72,61,15
-62,58,18
-39,47,8
-30,46,5
-25,52,7
-22,55,11
-32,59,26
-46,53,25
-56,32,9
-54,26,5
-39,26,6
-34,28,11
-39,34,19
-40,37,20
-35,34,19
-39,35,19
-55,40,34
-68,44,34
-55,43,27
-45,48,32
-58,48,31
-66,43,23
-73,53,4
-71,58,-5
-47,41,-3
-32,32,3
-37,27,1
-49,31,-3
-54,37,-3
-50,38,14
-48,35,16
-48,25,12
-46,29,14
-44,30,15
-50,31,15
-59,25,14
-58,22,14
-54,23,9
-56,25,8
-63,33,10
-66,35,13
-66,40,16
-66,43,14
-75,51,8
-73,57,12
-61,45,9
-45,43,5
-26,44,3
-27,49,3
-27,59,14
-34,65,24
-54,45,15
-56,36,7
-48,26,3
-36,28,10
-34,29,13
-37,32,15
-38,31,13
-42,32,15
-45,36,20
-67,47,32
-69,47,27
-53,44,27
-52,44,32
-73,38,19
-71,40,17
-66,56,5
-62,61,-3
-45,38,-5
-32,33,2
-32,30,1
-40,29,-3
-48,36,-2
-54,40,5
-50,36,14
-51,30,12
-51,28,9
-48,28,10
-49,30,16
-54,29,14
-61,24,12
-60,22,12
-55,20,7
-60,27,7
-66,34,11
-70,44,19
-68,45,17
-70,48,2
-70,56,2
-65,58,9
-53,50,6
-27,49,5
-20,50,7
-21,54,12
-34,56,17
-56,47,16
-55,36,10
-46,25,4
-42,25,5
-36,30,14
-36,32,18
-42,35,18
-42,34,17
-45,34,21
-51,38,30
-67,42,26
-61,41,23
-48,46,35
-66,40,28
-71,40,20
-78,47,5
-70,58,-11
-56,47,-11
-29,32,4
-38,28,0
-47,28,-3
-53,39,3
-54,41,9
-46,34,13
-47,29,11
-43,31,11
-42,29,11
-51,29,12
-60,27,11
-61,23,12
-59,22,12
-59,24,8
-62,28,6
-68,35,12
-70,38,14
-67,44,12
-70,45,3
-72,66,8
-68,59,11
-37,46,6
-27,46,7
-20,54,8
-21,55,11
-41,57,22
-54,50,17
-55,29,2
-44,27,5
-37,30,12
-37,32,18
-42,32,16
-44,29,9
-43,31,13
-48,37,28
-57,43,34
-65,43,22
-55,47,26
-57,50,35
-68,40,22
-75,49,5
-69,54,0
-57,50,-5
-40,34,-4
-32,32,-2
-38,30,-5
-46,34,-8
-52,39,-5
-48,35,14
-50,33,14
-50,31,13
-47,32,13
-52,32,12
-59,31,12
-59,25,15
-55,22,15
-56,19,9
-62,27,4
-62,27,7
-66,31,13
-70,34,14
-72,40,3
-69,47,6
-64,54,13
-59,47,7
-39,49,3
-31,53,6
-21,62,14
-17,64,24
-45,55,24
-54,42,15
-55,28,0
-49,25,-2
-37,29,9
-35,31,16
-41,34,20
-42,34,18
-44,31,14
-48,32,17
-62,38,28
-64,40,24
-57,49,25
-55,55,35
-66,49,21
-70,51,13
-71,57,-3
-51,39,-2
-40,34,0
-34,26,-5
-40,26,-9
-47,37,-7
-52,40,3
-49,38,19
-48,31,15
-47,26,11
-43,28,10
-47,30,9
-55,31,12
-59,27,15
-58,25,15
-55,23,13
-55,23,10
-59,27,5
-62,30,8
-70,40,13
-71,45,13
-73,56,5
-73,63,11
-59,52,10
-42,48,7
-23,51,6
-21,55,6
-22,59,16
-51,53,18
-55,41,10
-52,27,2
-46,26,4
-37,28,12
-34,29,16
-39,31,14
-42,32,13
-44,33,16
-50,36,21
-69,43,29
-68,40,22
-52,44,25
-48,46,32
-66,38,18
-67,38,14
-68,50,4
-65,62,2
-53,41,-11
-39,32,-7
-36,29,-7
-43,28,-9
-51,36,-6
-55,38,3
-49,34,11
-47,26,7
-49,28,7
-47,28,8
-54,29,10
-63,24,7
-61,21,7
-56,19,5
-58,21,3
-63,29,3
-63,31,7
-69,36,9
-69,41,13
-75,46,2
-76,53,3
-68,52,8
-57,47,5
-30,46,3
-24,49,4
-20,58,11
-25,60,19
-53,49,18
-58,37,9
-53,25,0
-45,23,0
-37,27,9
-35,30,14
-36,32,16
-38,31,13
-47,35,16
-53,38,25
-76,46,26
-68,43,22
-48,47,33
-52,48,34
-72,49,18
-73,61,-11
-68,62,-15
-28,37,3
-28,32,2
-44,26,-7
-48,29,-9
-55,39,-2
-49,39,10
-44,33,16
-47,27,11
-47,31,11
-46,32,10
-54,31,11
-59,27,10
-58,22,12
-57,23,11
-57,27,7
-59,31,6
-64,37,10
-66,39,12
-65,47,15
-69,49,7
-73,64,8
-71,56,9
-44,40,4
-31,41,4
-21,46,5
-25,50,5
-41,58,21
-60,42,13
-60,34,6
-43,28,5
-37,29,9
-35,32,13
-39,32,11
-43,31,10
-42,32,12
-47,35,20
-57,41,30
-69,45,26
-63,43,24
-55,39,33
-70,33,21
-74,36,10
-72,46,5
-61,61,-7
-51,52,-6
-28,35,4
-31,32,3
-42,34,-4
-46,39,-2
-51,39,8
-46,36,14
-49,28,13
-50,28,11
-44,28,12
-52,28,11
-59,26,9
-59,23,12
-55,23,12
-58,31,8
-62,34,7
-64,42,12
-65,47,14
-61,59,7
-58,64,3
-66,60,9
-62,48,3
-33,50,-1
-23,54,3
-21,62,11
-34,63,15
-51,50,14
-51,41,9
-38,30,4
-33,29,4
-31,28,7
-34,28,10
-42,27,15
-46,27,18
-56,29,28
-62,35,31
-64,38,17
-61,46,25
-54,43,33
-66,33,20
-69,45,11
-77,63,-18
-75,56,-22
-41,32,0
-36,32,3
-38,24,-4
-44,26,-8
-54,34,-3
-55,39,7
-48,32,9
-48,29,7
-49,30,9
-49,28,9
-57,26,7
-62,23,6
-59,21,9
-56,22,8
-56,28,1
-57,31,0
-64,35,6
-66,39,10
-66,49,9
-67,53,4
-72,63,6
-56,53,2
-42,52,3
-33,55,5
-20,63,7
-17,63,14
-29,63,17
-49,40,8
-48,33,6
-41,26,5
-36,23,7
-35,25,14
-39,27,15
-45,25,15
-47,27,17
-59,36,34
-71,40,32
-72,43,30
-66,48,31
-65,44,24
-69,52,12
-72,63,-14
-71,53,-20
-32,40,-3
-35,33,-3
-46,25,-7
-48,28,-8
-51,33,2
-45,32,10
-42,30,14
-44,32,13
-51,32,10
-52,31,9
-59,26,6
-60,22,4
-58,22,7
-53,33,9
-59,38,8
-65,39,10
-66,37,10
-70,39,9
-74,43,1
-69,59,9
-66,56,15
-48,42,8
-35,42,6
-24,46,5
-26,51,2
-29,54,11
-42,56,19
-54,39,12
-50,33,8
-37,27,8
-34,28,11
-37,32,16
-41,33,15
-39,31,13
-40,33,15
-54,40,29
-67,46,32
-63,43,24
-52,53,38
-60,50,33
-71,48,17
-72,52,6
-68,58,-10
-52,46,-9
-29,32,3
-33,29,3
-43,29,-2
-44,32,-3
-47,38,10
-47,38,18
-51,30,14
-54,29,11
-47,30,11
-47,31,12
-52,27,12
-54,25,13
-54,25,16
-54,28,15
-60,33,11
-63,36,12
-72,44,14
-71,48,14
-74,55,7
-74,61,11
-62,53,12
-45,49,7
-19,49,4
-17,52,4
-21,53,6
-39,55,20
-50,52,20
-52,38,9
-44,32,9
-32,31,13
-33,31,15
-39,32,17
-40,30,16
-49,25,15
-54,25,20
-70,31,29
-77,34,24
-65,44,26
-58,47,32
-60,47,28
-59,51,29
-56,64,15
-59,62,6
-44,38,-4
-37,31,-1
-42,25,-2
-44,25,-3
-52,29,1
-54,32,12
-53,32,22
-52,26,16
-49,27,14
-44,27,16
-50,27,16
-56,21,18
-58,19,19
-59,20,16
-58,23,14
-60,25,12
-62,29,15
-62,37,17
-56,43,17
-54,53,18
-66,60,23
-76,57,15
-70,55,7
-39,53,5
-25,54,8
-16,58,12
-16,57,14
-30,55,21
-43,50,20
-52,36,8
-51,31,6
-43,29,10
-42,29,14
-45,31,20
-47,33,20
-48,28,16
-49,26,17
-53,26,25
-60,34,23
-66,36,24
-51,45,34
-54,48,33
-62,51,28
-67,55,17
-65,56,-5
-53,45,-2
-34,35,9
-37,32,6
-44,32,0
-48,39,0
-53,44,8
-50,41,13
-53,31,8
-55,29,5
-47,29,7
-46,30,11
-54,29,16
-58,28,17
-61,22,14
-60,19,14
-62,18,13
-64,17,10
-64,18,8
-62,23,9
-59,38,17
-59,46,22
-69,55,17
-72,59,15
-70,56,13
-46,51,6
-30,48,6
-13,50,8
-16,52,5
-26,58,15
-38,61,18
-50,47,14
-50,40,11
-40,33,12
-36,32,14
-41,30,17
-43,29,17
-40,31,17
-41,31,18
-49,35,29
-56,38,34
-63,41,27
-58,43,28
-49,49,35
-53,44,31
-65,43,22
-65,51,24
-69,53,2
-58,42,-2
-37,30,4
-36,28,3
-42,27,-1
-46,38,7
-53,40,14
-57,30,16
-59,24,11
-55,22,9
-50,22,11
-50,27,14
-54,28,15
-53,29,19
-51,28,18
-51,28,15
-54,29,12
-59,33,11
-63,36,13
-70,42,13
-70,48,12
-65,59,19
-64,62,24
-63,58,13
-31,56,6
-19,57,5
-14,56,1
-19,51,4
-25,53,12
-41,45,18
-46,42,16
-43,34,10
-38,32,11
-36,30,15
-38,29,17
-39,30,19
-45,35,26
-50,39,33
-64,44,35
-60,39,29
-51,45,33
-55,46,33
-72,54,15
-76,57,2
-62,49,-11
-42,31,-4
-41,27,3
-47,24,-1
-49,24,-4
-47,31,0
-50,37,11
-46,32,15
-50,29,12
-53,28,12
-54,28,12
-56,27,11
-61,23,8
-59,22,10
-53,26,14
-53,30,12
-56,34,10
-57,35,13
-68,30,11
-68,30,10
-71,38,4
-73,55,14
-68,52,16
-55,49,8
-41,49,7
-24,54,8
-24,57,5
-27,56,18
-42,54,22
-55,35,9
-54,30,6
-42,28,7
-37,30,10
-34,34,17
-36,36,18
-34,36,16
-38,36,17
-55,40,27
-64,43,30
-56,39,25
-49,41,29
-51,40,37
-67,37,26
-72,41,11
-68,64,4
-63,60,-5
-45,48,-2
-33,30,1
-44,33,0
-50,37,1
-54,36,10
-48,31,13
-44,25,14
-45,26,15
-43,29,13
-45,29,12
-59,25,10
-60,23,11
-56,24,15
-59,29,14
-63,36,14
-66,38,15
-71,47,14
-70,54,10
-69,65,8
-68,67,14
-48,49,10
-33,48,9
-16,53,7
-17,56,3
-28,56,15
-34,52,24
-53,33,13
-54,27,9
-48,22,7
-44,20,9
-35,28,20
-40,33,22
-42,34,23
-49,35,30
-55,38,35
-64,40,30
-57,39,30
-54,40,37
-64,35,31
-73,41,20
-75,52,11
-66,53,-7
-46,46,0
-29,30,6
-35,33,4
-49,39,2
-57,42,3
-46,31,15
-43,27,17
-46,24,16
-46,27,16
-45,29,16
-53,29,15
-60,23,16
-59,21,17
-57,22,13
-57,24,10
-61,31,11
-66,41,16
-67,44,18
-72,54,13
-74,58,14
-66,51,17
-56,44,11
-29,46,6
-25,50,6
-28,56,4
-22,55,14
-40,54,26
-51,45,20
-49,32,9
-43,28,9
-36,26,13
-37,27,16
-41,30,18
-39,32,18
-43,35,22
-48,37,28
-69,41,30
-68,38,24
-48,44,31
-45,47,37
-62,41,28
-72,46,18
-74,59,3
-71,57,-2
-40,32,4
-35,29,8
-44,23,-1
-47,24,-3
-50,34,2
-48,34,16
-48,30,17
-49,26,16
-49,27,16
-52,27,15
-58,27,14
-59,21,14
-56,20,15
-57,23,12
-62,27,9
-61,34,9
-60,35,14
-65,38,18
-65,43,16
-77,52,8
-79,61,13
-59,47,14
-46,42,10
-27,42,7
-23,46,7
-32,55,6
-29,55,17
-50,50,25
-55,38,16
-49,27,8
-40,25,9
-33,27,13
-35,31,16
-35,35,18
-37,36,21
-45,38,25
-64,44,38
-69,43,33
-50,45,27
-42,48,32
-59,51,32
-66,55,28
-76,60,1
-72,60,-6
-34,36,3
-30,32,5
-42,26,-2
-46,25,-6
-50,34,-1
-52,37,10
-47,37,25
-49,32,19
-51,29,12
-46,29,13
-50,30,16
-55,27,15
-59,21,15
-58,21,16
-57,24,15
-62,26,13
-67,31,12
-65,36,16
-64,42,20
-76,53,12
-76,61,12
-66,54,12
-47,49,8
-18,48,6
-15,54,6
-22,60,9
-26,64,15
-35,68,29
-38,62,19
-42,44,5
-49,41,2
-53,36,3
-59,35,3
-65,25,8
-75,25,10
-92,24,-1
-86,25,1
-59,25,12
-60,17,8
-46,6,7
-48,-3,6
-60,-17,9
-64,-22,10
-78,-24,8
-77,-20,3
-78,-14,-9
-65,-9,-1
-61,-7,2
-49,-5,9
-48,-2,9
-45,1,11
-39,-2,14
-39,-7,18
-41,-7,24
-43,-9,33
-45,-10,33
-45,-15,17
-43,-24,4
-54,-30,-12
-83,-28,-23
-99,-40,-32
-85,-45,-30
-66,-48,-20
-67,-51,-27
-69,-39,-32
-67,-30,-23
-70,-12,-5
-66,-6,1
-44,-4,1
-43,-5,-1
-53,-7,0
-52,-6,5
-46,-9,12
-41,-12,12
-39,-15,8
-44,-19,7
-49,-20,7
-59,-24,11
-62,-25,13
-73,-29,9
-80,-32,6
-78,-36,6
-69,-34,8
-52,-35,10
-54,-36,8
-52,-37,4
-57,-37,-4
-74,-36,-23
-74,-33,-21
-69,-22,-8
-63,-19,-6
-49,-20,1
-60,-19,-1
-66,-12,-4
-62,-8,2
-42,-10,9
-46,-12,2
-51,-14,-7
-58,-15,-3
-78,-15,9
-77,-16,12
-62,-16,22
-61,-17,25
-50,-23,16
-42,-25,18
-65,-20,15
-88,-20,11
-89,-31,6
-88,-32,-1
-84,-26,1
-81,-24,-5
-72,-17,-3
-58,-8,4
-52,-8,3
-46,-8,2
-47,-6,5
-48,3,8
-54,7,18
-45,9,25
-47,10,33
-45,13,42
-49,10,39
-61,2,35
-66,-1,31
-70,-9,17
-69,-14,15
-69,-23,11
-65,-27,9
-59,-31,7
-63,-35,5
-86,-41,-2
-96,-41,-7
-88,-28,-5
-78,-19,-2
-63,-14,1
-65,-12,-3
-65,-10,-5
-56,-4,-2
-49,-2,1
-42,-4,-2
-40,-5,0
-43,0,20
-52,0,27
-66,-3,28
-63,-1,36
-66,-9,29
-60,-10,28
-65,-15,16
-74,-16,11
-76,-22,8
-75,-23,7
-84,-30,0
-85,-23,1
-88,-15,0
-78,-12,1
-61,-3,2
-50,0,7
-49,1,11
-50,1,14
-53,4,15
-56,4,22
-49,3,30
-39,2,28
-39,-1,26
-39,-7,24
-39,-11,23
-50,-16,21
-60,-17,15
-72,-22,11
-75,-25,10
-75,-28,8
-69,-30,7
-60,-34,8
-66,-33,6
-84,-35,0
-87,-34,-4
-85,-20,-9
-78,-11,-7
-64,-7,-3
-62,-7,-5
-64,-2,-8
-62,2,-6
-51,3,1
-50,1,5
-49,0,10
-55,-4,8
-70,-9,6
-64,-10,11
-67,-8,21
-66,-8,25
-55,-15,26
-57,-17,18
-59,-19,12
-66,-19,11
-75,-19,8
-91,-17,-1
-89,-17,-1
-78,-15,6
-65,-13,6
-55,-15,-4
-51,-14,-3
-50,-9,2
-49,-9,0
-42,-8,4
-41,-9,9
-48,-9,11
-48,-9,16
-50,-6,33
-43,-7,35
-54,-10,29
-67,-16,25
-86,-21,20
-85,-19,15
-74,-24,3
-63,-25,5
-60,-24,1
-64,-24,0
-76,-34,-11
-76,-28,-4
-85,-21,-16
-72,-15,0
-67,-15,0
-68,-11,-9
-58,-8,-3
-47,-6,3
-47,-6,3
-52,-6,6
-47,-7,10
-51,-6,14
-54,-5,20
-55,-5,23
-54,-7,26
-61,-13,24
-64,-13,23
-64,-13,24
-67,-15,23
-81,-21,15
-86,-23,9
-87,-12,8
-89,-3,10
-77,2,13
-66,3,15
-47,6,14
-43,7,12
-50,8,7
-52,7,10
-48,6,20
-45,4,22
-47,-1,18
-48,0,17
-49,-2,21
-54,-6,23
-56,-7,23
-66,-7,22
-73,-8,20
-78,-6,21
-74,-3,23
-63,-3,23
-64,-6,21
-77,-15,15
-88,-16,8
-92,-6,3
-84,-3,5
-60,-3,9
-59,-4,8
-62,0,6
-58,0,5
-51,2,6
-45,0,7
-47,-4,8
-49,-7,8
-53,-10,10
-56,-11,11
-61,-12,14
-64,-12,15
-67,-13,14
-63,-13,15
-63,-14,15
-70,-13,15
-78,-6,18
-77,-9,21
-85,-5,21
-90,6,23
-82,8,22
-57,9,19
-50,11,17
-49,14,12
-49,13,12
-46,9,15
-44,4,16
-46,-2,12
-46,-3,10
-48,-5,9
-50,-7,10
-59,-10,13
-64,-10,13
-69,-12,17
-74,-14,19
-79,-16,22
-78,-17,20
-70,-15,17
-69,-16,16
-67,-17,12
-73,-21,8
-93,-16,-2
-88,-5,1
-66,-1,5
-65,-4,1
-69,-2,-1
-61,3,5
-54,5,8
-47,0,8
-48,-2,8
-46,-8,13
-49,-12,14
-61,-16,13
-61,-17,14
-57,-19,15
-60,-22,14
-65,-26,10
-63,-27,8
-61,-24,10
-63,-22,12
-80,-20,1
-87,-14,-5
-71,-6,2
-65,-5,-2
-50,-2,3
-54,5,11
-57,9,4
-55,8,-1
-62,9,2
-70,10,0
-61,7,-2
-58,4,-7
-43,2,10
-48,1,26
-63,-2,26
-77,-2,31
-71,-7,40
-80,-8,32
-68,-8,41
-40,-9,54
-44,-7,46
-38,-10,68
-44,-11,67
-51,-8,58
-56,-4,52
-47,3,42
-38,7,41
-38,6,41
-37,8,51
-36,7,54
-30,6,56
-23,1,57
-27,0,57
-17,2,59
-18,0,55
-24,-2,48
-21,0,47
-17,4,59
-21,7,65
-21,8,61
-29,8,60
-46,7,57
-39,11,60
-30,14,69
-46,17,68
-62,19,67
-53,18,58
-42,21,54
-28,20,41
-24,18,43
-34,13,39
-29,9,41
-11,10,52
-12,8,46
-14,3,45
-6,3,53
-7,4,50
0,5,47
8,5,61
-3,10,58
-23,16,54
-18,22,64
-46,33,82
-40,32,85
-20,40,88
-27,44,85
-24,40,86
-32,36,82
-21,18,51
-9,7,35
-9,-9,9
-13,-11,11
-18,1,39
-31,22,92
-24,17,93
-6,10,61
-4,7,47
-10,3,45
-18,5,52
-18,7,56
-14,9,61
-7,10,63
-8,13,65
-16,15,71
-17,15,71
-13,19,74
-11,21,79
-21,24,80
-27,23,73
-29,20,64
-20,25,64
-11,24,61
-12,24,69
-13,23,86
-9,22,88
-17,28,55
-52,33,37
-58,18,38
-59,1,20
-67,-7,13
-49,11,31
-8,13,50
29,-6,43
5,-11,23
-66,-26,14
-105,-26,17
-59,-11,36
-38,-8,73
-70,-29,35
-64,-29,40
-56,-18,51
-42,-19,44
-31,-35,-7
-36,-47,-20
-43,-32,16
-61,-39,-6
-67,-46,-6
-70,-26,0
-69,-18,44
-53,-17,47
9,-18,33
-7,-27,16
-49,-31,-6
-60,-32,-2
-55,-33,14
-48,-31,22
-54,-31,19
-54,-32,13
-36,-31,14
-38,-28,23
-43,-27,22
7,-11,64
-6,6,83
-44,29,107
-43,35,108
-44,38,85
-45,37,71
-29,29,54
-26,27,53
-23,29,57
-34,28,44
-27,35,44
-20,30,44
-23,22,33
-31,18,28
-39,19,29
-40,22,32
-39,27,39
-33,27,45
-38,21,42
-45,21,45
-39,24,55
-46,22,49
-49,16,36
-42,14,28
-54,13,9
-88,25,-2
-99,40,-8
-52,35,10
-44,32,12
-44,27,12
-50,27,1
-72,51,-8
-73,51,-7
-44,43,8
-48,37,-3
-39,39,8
-39,35,10
-52,25,7
-56,26,6
-67,24,1
-66,26,0
-59,32,1
-58,33,2
-66,43,8
-70,49,9
-64,56,4
-62,60,-1
-61,64,3
-54,55,2
-31,50,4
-27,47,4
-26,54,2
-27,55,0
-31,52,8
-47,43,12
-49,36,9
-41,28,8
-36,29,10
-37,27,12
-40,29,13
-46,33,15
-48,36,17
-60,43,26
-69,43,26
-63,36,18
-58,39,22
-65,37,25
-71,36,16
-76,42,6
-74,54,1
-59,43,-9
-45,41,-5
-32,31,-2
-35,27,-5
-44,33,-5
-51,37,-1
-52,35,14
-50,30,17
-48,25,15
-47,26,13
-51,25,9
-58,26,7
-61,24,8
-57,23,10
-63,30,8
-71,35,5
-63,35,6
-59,36,10
-60,41,14
-75,52,12
-71,63,15
-52,57,18
-43,46,13
-28,44,9
-28,46,9
-33,54,4
-34,54,2
-33,53,17
-42,49,21
-54,30,11
-49,24,9
-39,25,12
-36,25,13
-41,29,12
-41,30,11
-46,39,18
-52,41,23
-67,43,32
-69,43,30
-52,43,33
-53,43,33
-71,36,22
-72,39,13
-73,51,-2
-72,56,-8
-44,41,-1
-24,28,9
-30,26,6
-44,31,4
-52,35,5
-49,35,13
-48,30,13
-53,26,10
-49,26,9
-52,27,9
-57,27,9
-58,24,16
-58,24,20
-61,27,15
-65,29,11
-67,38,15
-70,46,17
-66,51,13
-64,54,8
-69,59,10
-65,49,9
-33,41,7
-23,46,8
-22,52,10
-24,53,18
-48,52,26
-55,39,18
-51,21,8
-39,20,12
-34,23,16
-42,28,17
-46,29,16
-47,31,20
-46,33,27
-70,40,32
-72,39,30
-55,40,40
-57,39,37
-72,35,18
-79,43,8
-70,58,1
-62,51,-4
-36,37,4
-32,34,5
-43,29,1
-49,32,2
-46,35,13
-38,33,19
-38,27,20
-42,27,19
-47,28,15
-53,31,14
-64,32,12
-62,28,13
-55,23,14
-57,24,11
-59,35,11
-64,41,14
-64,47,17
-61,53,10
-62,57,7
-72,60,12
-67,48,6
-39,45,3
-26,47,5
-24,53,6
-29,53,7
-44,49,18
-50,42,19
-48,28,8
-45,25,8
-37,26,14
-34,27,17
-43,31,16
-45,32,16
-46,33,22
-47,33,27
-62,38,34
-66,37,31
-66,46,39
-69,48,35
-79,43,3
-76,50,-7
-64,57,-6
-47,46,3
-28,30,5
-41,28,1
-44,32,3
-49,37,12
-43,34,16
-44,25,12
-48,25,11
-48,30,13
-50,29,15
-58,27,12
-59,23,12
-57,24,13
-57,25,12
-61,30,9
-62,32,11
-66,40,15
-66,45,16
-74,55,6
-76,65,9
-65,56,12
-47,49,8
-25,47,7
-20,50,8
-26,52,6
-25,53,13
-47,49,18
-52,38,11
-48,27,6
-41,25,8
-35,28,17
-37,31,19
-42,33,17
-41,36,20
-47,37,25
-67,43,33
-71,41,26
-54,41,35
-52,49,45
-67,40,24
-70,45,14
-66,55,-5
-61,51,-7
-34,34,6
-31,31,8
-38,32,10
-44,37,9
-47,37,14
-43,32,17
-44,22,12
-48,23,10
-50,26,13
-50,28,16
-58,26,15
-58,22,15
-56,25,15
-58,29,13
-64,32,10
-68,37,13
-70,44,18
-69,47,18
-71,56,8
-66,58,15
-55,49,11
-25,47,9
-22,50,9
-21,51,9
-27,52,11
-38,51,20
-45,46,18
-46,30,8
-42,28,11
-37,30,20
-40,31,22
-49,29,16
-47,29,16
-45,32,25
-48,35,33
-64,39,33
-61,38,32
-59,44,41
-69,38,29
-76,41,14
-80,53,7
-67,48,-3
-49,39,3
-26,25,11
-34,25,7
-47,29,4
-50,37,13
-43,32,18
-42,23,20
-47,22,20
-51,24,20
-51,25,20
-56,22,16
-56,19,15
-57,29,16
-60,36,15
-63,36,15
-64,38,17
-61,48,17
-64,52,13
-67,66,24
-64,63,22
-43,50,10
-33,50,7
-24,54,8
-25,58,10
-28,58,22
-34,54,24
-43,38,14
-41,31,9
-34,28,10
-33,29,13
-39,29,18
-45,30,20
-43,38,30
-51,41,34
-59,43,30
-58,38,24
-51,44,30
-52,48,40
-64,46,29
-71,52,7
-76,63,1
-43,45,-4
-31,35,0
-39,24,3
-46,25,3
-58,34,2
-56,33,6
-48,29,16
-48,27,18
-48,26,16
-49,27,14
-51,26,10
-53,25,9
-54,24,11
-55,26,14
-62,34,15
-65,37,14
-66,42,15
-66,52,14
-64,52,12
-65,55,14
-65,55,15
-42,45,8
-30,44,8
-24,44,7
-27,46,7
-32,51,17
-38,51,18
-48,41,15
-53,36,10
-42,28,14
-37,29,18
-40,31,17
-45,32,17
-43,33,21
-47,32,24
-66,40,32
-68,40,29
-56,40,33
-54,44,42
-70,35,24
-71,38,7
-64,52,5
-66,63,-1
-39,38,4
-30,32,8
-45,27,3
-50,29,3
-48,34,8
-43,31,13
-43,26,17
-45,25,17
-52,26,15
-58,28,11
-58,27,11
-50,28,15
-50,32,16
-56,38,14
-57,41,14
-60,38,15
-63,37,13
-73,43,9
-78,47,6
-76,62,14
-67,59,15
-39,53,10
-26,54,10
-20,51,5
-25,52,1
-36,53,8
-41,50,12
-42,40,15
-41,35,13
-33,31,13
-30,31,13
-33,36,20
-42,41,25
-50,36,20
-48,35,20
-53,38,30
-60,39,32
-64,36,26
-57,43,34
-58,47,39
-74,49,12
-73,48,-2
-57,53,-1
-48,44,4
-32,30,10
-39,29,6
-48,29,2
-49,34,3
-49,33,13
-48,29,17
-51,21,14
-51,23,13
-45,25,13
-49,27,13
-56,29,16
-55,30,19
-60,32,14
-64,33,10
-60,34,13
-62,36,16
-68,43,16
-66,47,10
-63,61,14
-61,63,21
-52,54,11
-37,55,10
-19,57,8
-23,55,13
-29,57,21
-49,45,21
-50,35,12
-43,27,5
-40,25,6
-34,25,11
-35,28,16
-38,33,21
-41,35,23
-50,39,33
-58,41,38
-67,37,25
-60,35,24
-55,44,35
-64,41,31
-73,51,19
-74,61,7
-55,54,-6
-34,38,-1
-27,30,6
-40,28,3
-55,34,0
-61,41,3
-46,34,16
-46,31,16
-43,28,15
-45,31,13
-50,31,11
-53,30,9
-54,23,11
-59,25,13
-60,28,12
-60,30,9
-64,33,10
-71,40,15
-70,47,16
-69,52,5
-67,60,10
-64,49,9
-54,45,4
-25,45,4
-20,48,4
-23,48,8
-34,51,16
-60,44,21
-62,32,12
-45,26,7
-38,26,10
-37,29,17
-38,30,19
-44,29,15
-44,28,14
-47,31,20
-56,37,31
-70,39,30
-57,43,35
-60,42,34
-72,38,20
-78,45,13
-71,59,-1
-56,48,-2
-32,29,3
-34,29,3
-42,34,2
-48,40,3
-48,38,15
-42,32,18
-45,23,14
-47,24,13
-50,29,17
-53,30,18
-58,24,16
-57,22,15
-58,21,10
-59,24,8
-61,32,10
-61,37,15
-62,47,21
-63,51,19
-68,57,10
-73,60,13
-65,47,12
-54,45,8
-26,46,7
-20,52,5
-21,52,8
-37,55,22
-48,51,27
-56,32,12
-50,27,9
-36,23,10
-35,24,13
-37,28,18
-40,30,19
-43,33,22
-46,35,26
-66,42,34
-69,40,27
-56,44,31
-53,48,39
-71,38,23
-75,43,20
-71,60,3
-68,54,-9
-35,29,-2
-28,29,8
-40,25,4
-49,27,0
-61,38,5
-53,36,15
-43,26,17
-43,24,15
-47,25,14
-50,25,15
-56,25,14
-59,21,13
-57,22,13
-56,28,9
-60,30,8
-67,35,13
-68,35,14
-66,42,15
-68,45,12
-69,60,16
-70,56,14
-51,47,4
-35,50,5
-21,56,5
-19,57,4
-30,57,11
-43,56,17
-53,36,13
-47,29,9
-36,25,9
-35,24,9
-37,26,12
-39,28,13
-43,36,21
-48,38,26
-64,44,35
-70,40,27
-57,41,27
-56,42,33
-74,35,25
-76,50,12
-67,59,5
-52,48,-8
-37,34,-3
-34,29,6
-40,25,3
-57,31,-2
-60,34,1
-46,31,16
-44,27,17
-47,24,15
-48,26,14
-52,25,13
-56,25,10
-59,19,8
-57,21,10
-61,30,9
-64,32,8
-65,38,13
-66,40,15
-66,49,11
-64,52,7
-70,64,11
-69,57,9
-41,50,4
-25,52,5
-16,56,5
-20,54,8
-42,54,18
-55,37,13
-51,29,7
-38,25,8
-36,25,11
-35,29,16
-40,30,16
-45,34,18
-49,33,20
-64,48,36
-70,49,31
-63,46,23
-60,52,25
-64,66,30
-69,61,30
-69,50,27
-71,42,26
-84,25,14
-85,15,7
-81,5,-2
-81,-4,-2
-83,2,6
-53,-1,10
-39,0,22
-33,5,36
-30,7,51
-30,11,54
-27,15,57
-22,15,54
-13,11,47
-11,9,44
-1,3,38
-4,-5,39
-3,-11,43
0,-15,56
7,-18,59
-10,-10,57
-23,-3,56
-49,10,62
-32,14,65
-22,19,61
-31,16,57
-35,17,65
-37,17,61
-34,13,52
-29,11,48
-30,9,48
-33,10,52
-30,8,51
-29,8,46
-36,10,45
-42,11,44
-49,14,49
-50,17,52
-47,23,51
-43,22,49
-49,23,40
-48,16,42
-42,17,27
-77,29,5
-93,42,-11
-73,28,-17
-56,29,-8
-43,45,5
-51,52,17
-52,38,19
-47,30,15
-41,25,9
-48,26,6
-57,29,1
-56,27,0
-57,26,4
-60,29,9
-67,35,7
-69,36,2
-70,36,0
-63,34,2
-64,43,7
-73,52,10
-69,58,17
-58,52,14
-38,47,7
-34,48,4
-32,56,2
-33,60,3
-24,61,21
-43,43,16
-44,32,10
-43,27,9
-38,27,13
-32,31,20
-34,33,21
-40,34,19
-42,35,21
-53,38,29
-62,40,32
-61,41,28
-55,44,28
-59,48,33
-65,42,28
-70,54,15
-70,58,5
-59,46,-8
-40,35,-2
-28,29,8
-35,26,5
-53,30,-2
-59,38,-1
-43,39,13
-38,34,17
-47,30,15
-54,29,13
-52,28,13
-51,27,12
-54,25,14
-55,27,17
-55,25,18
-56,25,16
-62,27,9
-64,30,11
-71,43,13
-76,54,14
-73,58,10
-68,60,14
-63,51,11
-35,45,8
-25,48,9
-23,49,4
-26,50,5
-42,53,17
-48,48,18
-44,33,10
-39,31,11
-31,29,16
-29,28,20
-42,29,18
-46,30,16
-44,30,19
-45,35,26
-60,46,35
-62,46,32
-51,46,33
-51,45,39
-71,36,26
-74,42,16
-77,51,-2
-49,40,-4
-34,37,4
-34,29,7
-38,29,5
-54,37,3
-54,38,9
-42,31,18
-43,26,16
-49,24,13
-49,27,13
-46,27,14
-49,26,13
-56,27,16
-55,27,19
-57,26,14
-64,28,9
-72,32,12
-70,35,16
-61,47,17
-57,51,9
-84,69,3
-81,61,3
-37,47,3
-23,51,8
-17,60,19
-31,59,20
-56,49,20
-56,37,13
-47,23,9
-38,22,13
-35,23,16
-37,25,16
-37,26,15
-37,28,21
-42,29,26
-62,41,40
-72,41,34
-53,44,38
-52,44,42
-69,34,29
-70,39,26
-73,56,14
-75,55,0
-38,35,-1
-26,31,7
-37,29,4
-48,28,1
-61,35,4
-52,33,14
-41,28,24
-41,24,23
-45,26,20
-43,26,19
-54,27,15
-59,27,13
-57,21,14
-55,24,14
-62,38,14
-62,38,17
-65,38,17
-64,49,11
-67,57,9
-70,66,26
-64,57,22
-38,46,11
-29,45,11
-27,53,11
-26,54,11
-18,54,27
-30,53,29
-51,36,15
-51,30,11
-41,25,10
-38,26,14
-37,33,24
-36,35,27
-36,37,27
-38,36,26
-47,38,29
-58,41,31
-58,41,30
-48,41,32
-47,45,44
-61,43,40
-71,53,26
-66,61,18
-59,55,-6
-36,43,0
-23,30,9
-41,30,7
-49,36,6
-53,38,11
-48,37,20
-47,27,19
-49,27,18
-45,30,17
-45,30,17
-55,27,16
-57,24,18
-56,22,20
-57,25,18
-61,28,14
-64,29,16
-67,35,21
-70,39,24
-76,46,12
-76,53,13
-62,50,16
-50,42,10
-23,47,11
-20,50,12
-20,58,21
-32,60,29
-58,45,23
-57,32,14
-45,21,8
-38,22,10
-32,25,18
-41,31,21
-42,33,22
-43,33,28
-50,36,32
-66,40,29
-61,38,29
-50,43,42
-57,39,39
-73,35,23
-79,46,15
-73,56,0
-58,46,-2
-28,30,8
-27,29,8
-44,29,2
-51,32,2
-54,36,14
-48,32,20
-46,23,19
-50,23,17
-48,25,15
-50,26,15
-53,26,17
-52,25,20
-52,25,20
-58,27,17
-64,30,11
-62,32,15
-63,37,19
-65,43,20
-70,52,13
-72,63,21
-63,52,16
-37,44,8
-27,45,8
-25,54,9
-27,56,15
-44,55,29
-52,44,23
-51,28,11
-46,24,9
-35,23,12
-32,25,16
-35,31,21
-39,30,20
-42,31,23
-46,33,29
-73,43,37
-73,40,31
-49,45,37
-50,47,43
-72,41,25
-77,46,15
-75,60,-2
-60,53,-6
-29,32,7
-26,29,7
-44,28,1
-49,32,0
-52,36,10
-44,32,22
-46,27,19
-48,27,17
-48,27,18
-53,28,19
-58,26,17
-55,22,18
-53,21,18
-58,27,16
-61,27,14
-65,29,15
-68,32,17
-71,44,18
-73,47,14
-71,57,24
-64,52,19
-37,45,7
-28,47,8
-26,58,13
-27,59,15
-38,56,28
-47,49,26
-53,31,12
-48,26,8
-37,24,12
-35,25,16
-36,27,21
-39,28,21
-42,31,24
-54,38,36
-68,42,36
-63,38,30
-54,42,35
-56,46,37
-62,48,35
-75,56,7
-75,58,-3
-45,39,0
-32,33,7
-37,25,2
-46,22,-4
-51,33,-2
-52,40,4
-43,37,20
-42,35,20
-49,31,16
-49,31,15
-48,29,15
-51,29,14
-58,24,14
-59,23,14
-58,24,14
-58,25,12
-60,29,10
-62,32,12
-70,38,17
-70,41,18
-68,47,9
-70,54,9
-69,51,10
-37,40,3
-27,43,4
-25,54,7
-27,56,13
-55,56,25
-62,43,18
-51,27,9
-42,25,9
-34,27,15
-34,28,16
-40,28,15
-42,28,16
-46,32,23
-48,35,30
-69,42,31
-69,40,27
-50,46,39
-50,46,41
-67,38,26
-74,44,12
-70,54,0
-62,51,-2
-35,33,9
-30,29,12
-43,24,3
-49,24,0
-58,34,3
-55,36,12
-44,28,17
-44,26,19
-44,26,19
-51,25,17
-56,25,14
-63,25,15
-61,24,15
-61,26,12
-66,28,9
-65,34,13
-64,36,17
-66,46,16
-66,49,9
-67,58,16
-65,53,16
-43,42,7
-33,44,7
-29,54,9
-29,59,14
-42,58,28
-51,48,24
-53,27,10
-48,23,7
-39,22,9
-37,25,13
-37,29,19
-35,32,22
-37,34,25
-44,34,28
-66,40,34
-62,37,29
-51,41,31
-52,42,35
-64,38,27
-71,55,21
-74,66,11
-55,47,-10
-35,37,0
-27,28,7
-37,24,2
-53,28,-5
-56,33,-1
-53,38,17
-53,34,15
-50,29,13
-48,30,14
-47,28,16
-52,27,15
-56,22,13
-56,22,15
-52,24,15
-57,27,14
-65,30,14
-67,31,15
-68,36,17
-69,41,16
-77,51,12
-75,59,21
-57,47,13
-32,46,7
-24,48,8
-22,57,13
-26,58,20
-50,52,29
-56,41,22
-53,26,10
-45,22,8
-33,24,14
-33,25,18
-39,31,21
-41,33,22
-43,35,28
-47,37,35
-69,37,34
-69,33,28
-51,36,34
-45,37,43
-65,30,35
-64,34,27
-67,57,17
-70,64,2
-42,34,-6
-31,36,5
-34,31,14
-43,32,14
-60,35,10
-50,29,16
-47,25,15
-46,27,17
-46,28,17
-46,28,16
-51,26,14
-53,21,18
-54,22,20
-63,28,19
-68,30,15
-67,30,16
-68,31,17
-70,40,17
-70,44,13
-66,56,21
-62,49,17
-42,39,6
-32,43,7
-28,57,13
-27,58,19
-43,54,31
-52,45,25
-56,25,8
-52,22,5
-40,22,9
-37,26,14
-37,31,21
-42,32,20
-44,32,19
-47,32,23
-64,34,32
-70,34,27
-60,35,29
-53,44,43
-65,42,35
-73,47,23
-74,52,12
-67,52,-6
-50,38,-3
-24,31,7
-30,28,6
-45,31,3
-55,35,4
-50,34,21
-44,31,24
-48,23,17
-47,26,18
-43,26,19
-47,27,19
-56,22,17
-57,21,17
-57,21,16
-62,24,15
-64,28,16
-66,32,19
-72,40,18
-75,45,10
-72,57,13
-71,60,18
-50,48,11
-25,51,11
-21,56,11
-27,55,14
-36,56,22
-58,40,20
-59,29,12
-48,21,8
-42,20,9
-36,24,18
-35,28,21
-37,31,21
-40,31,22
-49,31,27
-56,33,31
-68,33,28
-61,35,31
-60,45,42
-67,44,33
-75,55,17
-82,60,-1
-49,38,-2
-34,29,4
-38,26,4
-43,26,2
-58,37,6
-57,37,16
-41,28,23
-45,23,17
-46,24,15
-41,25,16
-50,26,16
-59,22,15
-55,20,17
-57,27,16
-61,33,12
-63,32,16
-64,36,21
-65,42,20
-64,44,14
-66,56,18
-68,65,23
-56,47,11
-41,46,9
-22,51,12
-22,58,13
-25,60,25
-38,56,29
-52,35,19
-50,26,12
-39,21,8
-36,20,9
-35,25,19
-40,29,25
-40,32,30
-46,32,31
-65,35,33
-70,33,27
-55,37,36
-54,41,43
-64,33,32
-72,46,26
-74,59,17
-57,44,-7
-41,33,-3
-35,31,8
-40,29,11
-61,37,9
-59,30,9
-44,23,18
-40,20,17
-42,23,17
-46,26,17
-54,29,17
-60,28,16
-60,20,15
-58,20,15
-59,27,14
-61,30,13
-65,32,17
-66,33,18
-64,39,13
-66,43,8
-66,62,19
-64,55,19
-51,46,9
-36,45,8
-29,53,8
-28,56,7
-25,55,19
-47,49,23
-54,39,14
-48,28,8
-42,26,8
-34,28,18
-34,30,22
-42,32,21
-44,31,20
-50,33,24
-58,33,30
-68,34,26
-65,33,26
-49,43,38
-52,44,40
-69,42,29
-76,49,14
-78,56,-9
-65,47,-8
-30,31,9
-28,27,9
-43,26,3
-48,31,2
-51,39,14
-47,35,20
-49,25,14
-53,24,13
-49,26,15
-50,26,17
-56,24,15
-53,19,17
-53,19,16
-62,25,11
-64,28,10
-62,32,16
-67,36,19
-67,45,20
-67,47,12
-74,60,14
-72,55,15
-45,42,8
-29,44,9
-24,49,8
-28,54,8
-39,58,24
-51,54,27
-53,31,12
-48,26,9
-39,24,11
-38,25,14
-39,29,19
-38,29,20
-38,30,22
-44,32,26
-63,38,38
-73,38,33
-57,37,34
-54,43,42
-71,40,32
-76,52,8
-79,60,-6
-49,39,-1
-31,33,8
-32,27,5
-42,27,3
-55,35,4
-54,37,11
-43,29,21
-44,26,18
-48,27,18
-45,28,19
-47,26,17
-50,24,15
-58,22,18
-59,25,20
-65,28,13
-66,29,11
-67,32,15
-66,35,19
-66,48,17
-79,60,14
-74,59,16
-61,50,13
-30,47,9
-23,48,8
-21,54,8
-24,56,15
-47,55,25
-52,46,21
-47,28,10
-38,26,14
-37,25,17
-42,24,16
-40,24,17
-43,28,22
-47,30,29
-65,41,39
-70,40,32
-55,42,35
-48,41,42
-66,37,35
-73,46,22
-77,54,-3
-66,56,-5
-40,32,3
-31,32,9
-44,25,5
-53,26,2
-52,32,6
-44,30,14
-41,28,22
-46,27,20
-51,28,16
-50,28,15
-54,27,14
-54,22,14
-58,22,17
-57,24,17
-59,30,13
-67,36,18
-71,40,22
-74,48,17
-75,50,9
-71,61,14
-61,52,12
-29,45,12
-19,48,12
-19,53,12
-26,53,14
-45,50,24
-51,43,22
-52,23,11
-46,22,11
-37,24,17
-39,28,22
-41,32,24
-42,31,24
-45,32,29
-50,35,32
-61,41,32
-54,42,34
-52,45,43
-60,40,38
-67,41,28
-72,61,12
-68,55,-5
-50,38,-8
-24,35,7
-34,25,9
-44,25,9
-61,34,7
-58,35,12
-48,29,21
-43,26,21
-45,29,18
-46,29,16
-47,29,14
-48,30,17
-58,32,21
-64,33,18
-64,34,16
-66,35,16
-71,40,15
-73,45,12
-72,62,16
-70,63,18
-43,45,8
-29,42,8
-22,45,10
-27,46,10
-40,48,21
-47,49,26
-56,35,15
-52,29,11
-38,26,12
-44,27,17
-48,28,19
-41,27,24
-41,29,26
-51,31,33
-63,33,31
-66,35,28
-62,34,32
-68,30,32
-68,30,28
-75,54,11
-77,63,-3
-53,43,-5
-31,37,7
-29,30,7
-36,31,5
-57,38,-2
-58,40,3
-43,32,16
-44,27,15
-52,22,12
-53,23,13
-53,23,10
-53,22,9
-55,26,15
-57,28,18
-63,29,15
-66,31,14
-65,33,18
-67,41,20
-70,44,14
-68,52,10
-69,53,12
-58,43,9
-41,42,8
-25,49,11
-23,48,8
-36,47,9
-45,46,11
-42,35,18
-45,33,17
-47,22,10
-48,22,12
-46,27,24
-46,29,22
-46,28,16
-46,30,18
-54,37,28
-62,39,27
-61,40,32
-59,42,40
-73,32,26
-80,34,14
-89,44,-12
-79,43,-15
-36,33,6
-26,26,10
-36,25,4
-46,29,2
-53,41,10
-41,30,18
-38,28,19
-49,24,14
-51,22,12
-53,26,15
-55,25,14
-56,25,17
-56,26,20
-64,32,14
-63,34,12
-64,40,13
-67,44,13
-68,55,15
-68,59,15
-68,53,19
-59,49,15
-32,47,11
-24,50,12
-25,55,6
-26,53,9
-32,51,19
-39,42,19
-52,31,10
-50,26,10
-42,21,19
-42,22,23
-47,29,22
-44,29,20
-45,30,22
-56,35,32
-64,36,31
-61,36,34
-53,38,37
-61,37,33
-67,36,27
-74,48,17
-80,59,4
-52,38,1
-34,34,6
-34,29,7
-40,28,4
-49,38,5
-50,39,11
-39,30,25
-43,28,25
-55,21,19
-55,22,18
-53,26,19
-52,26,19
-54,25,22
-56,26,22
-61,27,15
-61,29,14
-62,32,17
-67,35,19
-66,48,24
-66,49,19
-65,60,19
-65,58,20
-50,47,14
-24,50,12
-18,55,11
-22,53,12
-28,55,20
-41,43,24
-45,36,18
-44,25,13
-39,22,15
-37,21,20
-40,24,23
-45,29,25
-45,31,26
-48,36,35
-58,39,38
-66,36,31
-56,36,34
-53,40,41
-64,34,33
-70,43,25
-74,53,14
-62,44,-3
-43,36,2
-36,30,8
-42,27,7
-54,35,9
-52,36,14
-37,27,23
-41,25,22
-50,20,18
-48,23,17
-52,25,18
-59,25,19
-55,26,21
-56,30,18
-56,33,16
-57,36,19
-59,39,22
-62,46,24
-64,45,19
-67,55,18
-68,55,19
-59,47,13
-45,47,12
-18,52,13
-12,54,11
-21,49,14
-29,50,20
-46,45,24
-58,36,13
-50,30,13
-46,29,17
-35,28,22
-35,31,23
-40,33,26
-44,30,27
-56,33,32
-65,37,32
-58,38,35
-56,49,46
-66,50,35
-76,58,2
-80,57,-10
-41,39,4
-25,31,10
-43,27,4
-48,28,2
-50,42,8
-46,39,14
-36,29,20
-39,29,21
-45,31,19
-46,32,18
-51,34,17
-51,32,19
-51,29,24
-57,29,21
-59,33,16
-56,32,16
-66,39,19
-68,43,24
-65,47,18
-65,51,16
-67,54,17
-59,47,14
-31,44,10
-23,45,9
-26,48,9
-30,48,13
-40,49,24
-53,45,24
-50,43,19
-46,46,14
-45,43,15
-41,36,20
-42,35,21
-47,30,19
-53,29,19
-70,28,30
-70,25,26
-71,23,10
-72,19,8
-57,13,8
-73,9,1
-95,24,-10
-91,25,-8
-70,29,9
-65,24,9
-66,30,8
-68,32,7
-51,30,9
-45,31,12
-53,22,13
-56,21,15
-49,14,20
-46,8,21
-45,-3,22
-46,-8,19
-53,-13,14
-45,-19,19
-50,-25,12
-62,-29,5
-59,-27,7
-65,-29,4
-74,-27,-3
-85,-16,-8
-87,-13,-11
-69,-11,-11
-55,-9,-13
-42,-10,-17
-49,-8,-22
-46,-6,-18
-33,-7,-11
-26,-11,-17
-35,-11,-26
-27,-15,-26
-33,-16,-30
-61,-20,-36
-58,-24,-36
-56,-32,-44
-68,-34,-47
-74,-33,-48
-70,-30,-50
-66,-27,-49
-64,-29,-52
-47,-25,-60
-46,-20,-62
-48,-11,-55
-37,-9,-48
-35,-8,-47
-34,-5,-40
-38,-3,-32
-37,-6,-23
-35,-10,-24
-37,-17,-30
-40,-18,-32
-40,-21,-39
-43,-22,-41
-48,-26,-38
-48,-27,-38
-47,-29,-41
-47,-29,-41
-57,-26,-41
-64,-28,-47
-64,-21,-48
-63,-19,-51
-62,-6,-53
-58,-4,-47
-49,-1,-32
-45,0,-30
-37,1,-27
-36,0,-29
-43,-6,-31
-46,-10,-31
-45,-14,-33
-40,-18,-31
-42,-20,-31
-49,-23,-33
-51,-24,-32
-52,-24,-35
-56,-24,-37
-56,-26,-39
-55,-25,-41
-55,-23,-43
-57,-23,-43
-60,-30,-52
-61,-28,-59
-61,-16,-59
-58,-12,-49
-47,-11,-43
-42,-11,-42
-40,-6,-39
-38,-3,-36
-35,-5,-30
-34,-8,-28
-37,-12,-27
-40,-15,-28
-43,-18,-31
-42,-20,-32
-46,-23,-31
-47,-26,-32
-46,-29,-36
-53,-27,-44
-60,-26,-45
-75,-21,-42
-77,-19,-46
-70,-7,-43
-71,0,-38
-69,1,-31
-66,3,-27
-54,6,-24
-44,7,-21
-40,4,-19
-45,1,-19
-47,-5,-19
-45,-7,-19
-42,-11,-19
-41,-13,-19
-56,-15,-19
-71,-15,-16
-80,-22,-9
-84,-29,-11
-93,-26,-20
-92,-22,-16
-63,-13,-6
-56,-10,-5
-45,-9,-5
-47,-11,-10
-61,-14,-25
-65,-13,-29
-49,-11,-18
-47,-13,-20
-56,-17,-31
-63,-12,-33
-60,-7,-25
-64,-2,-10
-66,-5,-11
-61,-13,-23
-65,-14,-29
-84,-7,-5
-89,-10,-1
-84,-14,-13
-82,-13,-15
-53,-15,-11
-49,-16,-14
-46,-13,-20
-40,-15,-23
-23,-20,-20
-22,-22,-23
-39,-27,-41
-48,-25,-41
-77,-9,1
-102,9,-8
-104,2,-25
-63,0,-16
-60,-9,-24
-68,-4,-13
-59,-5,5
-53,-6,0
-45,-7,-17
-45,-9,-21
-53,-9,-24
-54,-10,-30
-63,-14,-33
-67,-17,-39
-66,-18,-42
-63,-19,-40
-59,-20,-38
-55,-24,-36
-56,-25,-37
-59,-23,-43
-65,-21,-46
-73,-15,-43
-64,-12,-36
-54,-14,-31
-50,-15,-33
-41,-12,-33
-38,-11,-32
-31,-10,-30
-29,-11,-31
-26,-13,-29
-23,-12,-28
-25,-12,-30
-25,-14,-33
-29,-16,-38
-41,-17,-40
-59,-26,-45
-61,-29,-45
-85,-28,-31
-94,-30,-29
-113,-25,-25
-115,-18,-25
-102,-5,-29
-82,4,-25
-72,6,-23
-56,6,-25
-49,5,-25
-40,3,-20
-38,1,-16
-34,-4,-11
-34,-8,-16
-42,-7,-4
-37,-7,5
-42,-10,-2
-47,-10,-8
-55,-16,-21
-58,-19,-23
-76,-27,-25
-77,-30,-24
-72,-30,-19
-66,-29,-17
-58,-33,-18
-57,-35,-19
-69,-35,-30
-70,-34,-35
-70,-24,-36
-66,-19,-34
-57,-12,-24
-63,-12,-28
-58,-12,-38
-54,-9,-35
-50,-9,-28
-51,-13,-27
-53,-15,-29
-53,-15,-30
-49,-18,-29
-53,-20,-15
-51,-21,-9
-53,-28,-1
-46,-32,3
-36,-36,0
-35,-31,4
-35,-19,10
-45,-14,9
-85,-9,-7
-92,-10,-11
-93,-12,-8
-86,-11,-7
-64,-9,-7
-60,-7,-8
-57,-3,-10
-57,-4,-6
-51,-3,1
-53,-3,-2
-55,-6,-13
-49,-8,-12
-54,-15,-13
-64,-17,-15
-66,-22,-16
-65,-23,-14
-82,-25,-20
-78,-25,-20
-65,-24,-22
-55,-27,-24
-53,-29,-27
-52,-32,-31
-51,-31,-32
-64,-22,-44
-67,-16,-39
-72,-14,-40
-73,-15,-44
-51,-18,-26
-50,-15,-19
-50,-22,-20
-46,-21,-18
-29,-20,-7
-20,-13,2
-5,-9,26
-19,-6,25
-67,-6,-8
-82,-8,-17
-80,-19,-21
-76,-20,-22
-72,-28,-22
-73,-29,-21
-79,-31,-31
-79,-33,-37
-78,-32,-46
-78,-25,-51
-89,1,-59
-81,1,-61
-48,2,-39
-44,-3,-33
-41,-5,-28
-24,-12,-15
-18,-12,-5
-21,-13,-2
-24,-8,4
-25,-3,13
-42,-3,9
-61,-11,0
-73,-18,-7
-87,-29,-14
-88,-35,-14
-89,-42,-26
-86,-38,-31
-67,-30,-29
-60,-27,-24
-61,-28,-38
-58,-31,-44
-49,-27,-48
-46,-23,-49
-45,-19,-43
-45,-20,-42
-38,-16,-35
-37,-14,-32
-40,-6,-25
-46,-5,-19
-54,-7,-10
-55,-8,-4
-64,-15,-11
-68,-12,-3
-67,-13,-4
-59,-17,-13
-58,-20,-16
-57,-21,-17
-62,-19,-19
-71,-19,-29
-73,-22,-32
-73,-15,-40
-74,-9,-39
-74,-3,-35
-70,0,-29
-56,5,-25
-52,7,-20
-52,9,-7
-51,8,-2
-55,5,-6
-53,4,-10
-50,3,-17
-51,2,-18
-56,-2,-21
-59,-2,-20
-68,-6,-24
-71,-9,-27
-73,-15,-38
-72,-15,-41
-62,-15,-42
-58,-16,-43
-46,-19,-43
-47,-23,-46
-50,-26,-49
-44,-19,-51
-42,-18,-48
-38,-15,-48
-35,-12,-48
-35,-6,-46
-36,-2,-43
-42,4,-33
-52,5,-25
-67,1,-15
-57,-3,-10
-71,1,-16
-78,4,-12
-76,-2,-14
-68,-3,-19
-55,-9,-21
-54,-9,-24
-67,-9,-37
-69,-11,-44
-64,-14,-50
-64,-11,-45
-79,0,-52
-81,2,-54
-53,6,-45
-44,5,-37
-47,3,-25
-46,2,-15
-40,-1,-3
-50,-1,-16
-46,4,2
-40,-1,9
-45,-3,4
-58,-5,-8
-65,-8,-14
-75,-13,-24
-72,-18,-27
-66,-22,-29
-66,-24,-29
-66,-28,-40
-68,-30,-44
-86,-29,-43
-102,-28,-43
-65,-22,-25
-54,-22,-23
-76,2,-7
-76,8,3
-77,2,6
-68,5,8
-49,8,15
-62,6,0
-34,2,9
-34,2,-4
-36,-21,-56
-10,-28,-53
-18,-45,-49
-30,-42,-42
-35,-39,-27
-36,-42,-30
-49,-42,-40
-79,-34,-40
-100,-23,-20
-121,-26,-7
-123,-15,1
-112,-2,9
-88,1,7
-57,1,-14
-49,2,-20
-35,-2,-15
-36,-6,-16
-33,-11,-14
-36,-10,-8
-41,-10,-4
-38,-11,-2
-52,-12,5
-57,-13,13
-65,-25,11
-69,-31,9
-80,-37,8
-84,-34,3
-80,-25,-5
-71,-22,-4
-63,-26,-5
-63,-28,-7
-69,-28,-14
-72,-27,-19
-68,-15,-23
-64,-10,-24
-61,-6,-25
-62,-7,-27
-47,-6,-22
-49,0,2
-49,-3,4
-51,-12,-5
-54,-10,-3
-56,-10,-1
-55,-12,-1
-50,-12,0
-53,-11,-10
-68,-8,-21
-69,-5,-14
-77,0,-7
-82,3,-3
-87,8,-4
-93,10,-8
-95,24,-7
-92,28,-3
-71,31,0
-37,31,13
-19,40,33
-32,39,31
-45,28,33
-38,25,35
-23,15,31
-28,24,26
-34,23,31
-42,21,38
-39,14,43
-44,15,40
-37,15,43
-46,18,49
-44,19,52
-47,20,36
-51,18,37
-46,18,56
-48,13,52
-71,11,32
-69,17,26
-81,33,3
-86,37,-5
-54,33,3
-44,32,8
-36,33,14
-44,34,13
-46,27,17
-44,26,19
-49,28,18
-52,27,17
-61,29,13
-58,28,13
-52,25,13
-54,25,15
-60,28,20
-67,32,23
-69,36,31
-66,35,35
-71,39,27
-74,45,22
-65,48,21
-46,41,20
-32,41,19
-23,50,14
-23,52,11
-38,48,14
-44,47,20
-40,35,24
-39,27,21
-40,21,17
-43,22,19
-43,21,26
-45,22,28
-49,24,30
-52,22,30
-61,27,34
-66,31,35
-59,38,39
-54,39,40
-59,32,36
-66,34,35
-78,41,27
-75,42,20
-49,37,11
-38,33,9
-37,31,3
-42,36,3
-49,43,9
-41,40,16
-37,33,25
-46,28,26
-49,26,25
-54,25,21
-55,25,20
-52,24,21
-49,25,24
-53,31,28
-53,33,28
-56,33,25
-61,33,24
-65,37,29
-65,38,30
-63,52,28
-63,57,30
-56,45,22
-39,42,17
-18,48,11
-19,53,8
-34,52,12
-40,49,20
-45,37,28
-46,31,25
-47,23,15
-45,23,15
-42,25,25
-42,26,28
-46,31,30
-48,31,30
-55,31,32
-56,33,33
-55,37,35
-49,36,36
-47,32,35
-62,29,35
-71,34,35
-85,48,24
-74,47,17
-40,31,10
-32,26,8
-35,27,4
-39,32,5
-50,40,11
-48,38,19
-47,29,24
-49,25,22
-49,24,20
-51,26,20
-52,25,20
-50,25,20
-46,23,25
-49,22,27
-61,24,24
-65,25,21
-69,32,23
-68,38,26
-67,46,22
-65,53,19
-61,59,21
-59,51,19
-37,45,15
-20,54,13
-20,57,11
-38,53,17
-45,48,24
-48,33,25
-47,26,20
-42,21,13
-41,22,14
-37,24,24
-36,27,29
-47,30,28
-53,31,28
-59,30,32
-62,31,37
-60,32,37
-54,33,38
-53,35,38
-58,35,40
-67,46,39
-70,49,31
-57,36,15
-47,32,13
-37,24,8
-38,23,7
-46,31,8
-48,36,14
-41,34,29
-41,30,32
-48,24,27
-49,25,25
-52,25,22
-56,25,20
-51,23,23
-46,24,31
-49,27,33
-60,34,27
-63,35,25
-67,39,24
-65,42,24
-61,55,24
-58,61,29
-51,51,32
-45,44,26
-28,45,17
-25,47,13
-30,51,8
-32,50,12
-34,47,28
-35,43,33
-43,33,24
-44,29,19
-40,28,20
-36,28,24
-36,30,30
-40,31,28
-50,32,28
-51,33,33
-54,35,48
-55,36,47
-47,35,44
-49,31,44
-62,35,45
-79,47,34
-73,48,29
-46,35,17
-38,30,14
-36,27,11
-36,29,12
-44,37,12
-46,37,18
-40,29,31
-41,24,32
-43,21,30
-46,23,28
-54,24,25
-55,25,26
-48,25,33
-48,25,34
-55,29,29
-58,32,27
-62,38,29
-62,42,30
-64,53,30
-61,58,32
-55,56,34
-46,51,30
-28,46,17
-24,47,13
-27,53,8
-25,54,16
-23,53,25
-30,47,32
-37,40,27
-42,30,21
-42,28,20
-36,25,24
-35,25,26
-38,27,29
-42,28,30
-52,33,42
-51,35,49
-50,40,45
-50,44,44
-59,42,43
-66,44,44
-74,51,29
-73,49,16
-39,34,14
-33,29,13
-38,25,8
-41,32,10
-49,46,16
-43,40,21
-37,29,25
-41,24,25
-46,22,27
-47,23,26
-55,23,22
-57,23,22
-55,21,25
-57,28,23
-59,30,20
-60,34,20
-60,37,22
-61,43,25
-64,49,25
-64,64,32
-60,64,34
-49,52,24
-40,50,20
-25,51,13
-24,53,9
-19,56,13
-18,55,23
-37,46,29
-43,38,26
-39,29,20
-36,27,19
-32,25,22
-31,25,25
-37,28,29
-41,29,31
-46,30,39
-51,35,45
-58,37,42
-51,41,43
-51,38,43
-62,35,37
-69,45,39
-66,51,22
-47,46,18
-34,35,10
-39,31,6
-50,37,10
-57,42,14
-43,29,21
-34,23,28
-37,20,32
-39,20,31
-41,22,26
-50,24,23
-56,24,24
-57,21,25
-59,23,24
-58,30,24
-60,31,24
-60,32,25
-55,39,29
-62,45,25
-65,65,30
-64,64,30
-49,50,23
-39,51,21
-21,52,16
-19,54,13
-20,52,18
-32,51,23
-44,37,27
-42,25,19
-38,23,18
-35,24,19
-34,26,24
-35,31,31
-35,31,33
-43,33,40
-54,37,44
-66,37,38
-55,39,38
-50,43,45
-63,43,45
-80,50,33
-82,55,18
-45,43,9
-32,36,9
-27,27,9
-33,25,7
-46,39,10
-47,41,13
-36,34,23
-35,30,27
-45,27,24
-49,27,21
-53,30,19
-54,30,20
-56,29,23
-56,27,24
-61,28,20
-58,32,18
-59,36,21
-65,44,27
-66,50,28
-69,58,18
-70,65,20
-54,51,19
-36,49,17
-20,53,10
-17,54,6
-27,49,4
-34,46,10
-40,35,24
-41,31,26
-40,27,19
-38,27,19
-35,28,25
-36,30,26
-42,33,27
-47,34,29
-57,41,41
-63,43,41
-48,44,40
-46,47,47
-67,34,36
-72,41,30
-71,53,15
-72,52,1
-36,40,3
-32,36,5
-34,34,10
-48,40,16
-41,36,21
-35,29,25
-39,25,24
-43,23,22
-45,26,20
-47,32,18
-48,30,18
-55,29,24
-56,31,27
-58,35,26
-57,37,27
-61,41,28
-63,46,28
-63,52,18
-64,63,20
-57,57,20
-42,49,18
-23,50,11
-18,53,9
-26,58,11
-38,56,15
-47,42,26
-47,32,22
-38,21,17
-35,20,18
-31,22,22
-34,25,24
-36,31,26
-51,34,33
-63,39,39
-71,42,35
-58,44,40
-55,42,44
-63,38,37
-81,47,18
-81,54,7
-47,46,1
-36,39,3
-24,29,7
-28,29,7
-46,37,7
-48,40,12
-38,31,26
-41,30,29
-50,27,26
-48,27,23
-47,29,19
-50,27,17
-50,24,20
-51,25,23
-58,33,22
-62,37,23
-68,47,28
-66,55,21
-65,60,15
-65,65,19
-56,55,21
-27,46,15
-18,49,15
-24,56,8
-30,55,8
-39,45,22
-39,39,26
-42,26,18
-40,22,15
-37,24,16
-39,26,21
-39,31,31
-39,30,34
-51,35,42
-59,37,39
-63,42,33
-51,43,39
-48,40,49
-61,47,46
-77,56,16
-87,61,3
-46,52,8
-43,45,9
-40,40,15
-42,39,18
-51,39,24
-56,38,30
-68,26,39
-73,19,42
-73,19,41
-67,18,45
-56,5,44
-60,-13,23
-68,-21,15
-66,-26,20
-54,-26,28
-50,-35,26
-50,-35,25
-54,-36,17
-47,-33,23
-21,-26,32
-32,-27,25
-33,-16,38
-27,-15,38
-29,-20,37
-22,-23,40
-10,-40,42
-17,-45,42
-18,-43,38
-11,-40,36
-1,-37,31
2,-32,30
-7,-31,20
-7,-27,21
-6,-28,28
-5,-29,29
-11,-36,28
-22,-37,28
-33,-40,27
-33,-43,22
-42,-49,10
-77,-54,14
-86,-59,12
-91,-60,-4
-89,-51,-8
-85,-28,-3
-86,-26,-1
-65,-24,0
-60,-19,8
-64,-5,11
-54,-3,11
-40,-3,17
-49,-3,18
-53,-8,18
-53,-8,21
-55,-14,22
-55,-16,20
-53,-20,23
-52,-23,23
-58,-25,23
-66,-25,21
-86,-26,20
-87,-26,21
-88,-31,22
-89,-22,21
-89,-5,19
-78,1,22
-45,1,24
-37,4,22
-41,6,18
-44,6,17
-47,2,16
-43,-1,18
-37,-7,16
-40,-8,18
-42,-10,20
-57,-13,25
-65,-15,27
-68,-21,33
-69,-22,33
-70,-22,30
-68,-21,29
-69,-20,28
-73,-18,27
-85,-17,24
-84,-15,22
-78,-9,23
-86,-5,23
-68,-6,21
-63,-7,16
-63,-7,11
-58,-7,14
-40,-12,10
-34,-16,6
-28,-22,5
-27,-27,5
-34,-30,5
-40,-27,10
-49,-29,15
-55,-30,16
-52,-35,18
-48,-34,18
-64,-26,27
-77,-28,32
-74,-27,37
-104,-18,36
-122,-12,46
-95,-12,61
-67,-12,63
-57,-9,45
-54,-5,37
-45,-4,22
-41,-4,15
-30,-4,9
-20,-5,9
-6,-8,7
-3,-9,8
-5,-16,12
-11,-20,17
-24,-24,34
-29,-29,38
-47,-35,38
-56,-33,39
-59,-35,41
-50,-41,41
-62,-39,43
-96,-33,41
-113,-32,36
-116,-24,30
-86,-17,27
-76,-20,26
-73,-26,26
-61,-19,31
-53,-21,27
-46,-21,16
-43,-21,14
-34,-19,9
-27,-18,8
-17,-18,5
-13,-17,5
-6,-19,10
-9,-21,12
-21,-21,24
-29,-20,26
-60,-11,41
-79,-16,42
-108,-16,54
-110,-17,60
-118,-13,62
-103,-18,53
-66,-16,36
-59,-10,33
-53,-2,32
-51,0,29
-38,-3,20
-30,-4,18
-20,-5,17
-18,-4,17
-21,-3,21
-36,-4,28
-46,-7,32
-57,-15,45
-60,-19,47
-59,-25,46
-58,-29,45
-72,-32,42
-84,-36,39
-98,-34,36
-99,-30,33
-69,-15,28
-58,-14,25
-59,-12,22
-59,-8,23
-43,-2,24
-37,0,24
-38,-3,23
-37,-6,27
-35,-9,21
-46,-11,12
-46,-18,21
-47,-18,32
-57,-22,33
-55,-26,28
-44,-30,26
-47,-28,23
-72,-21,25
-79,-21,23
-92,-17,24
-90,-8,29
-97,-2,30
-83,-5,26
-54,-4,13
-35,1,25
-30,2,32
-43,4,29
-50,4,20
-43,-2,14
-38,-3,13
-41,-4,25
-45,-7,26
-61,-12,26
-65,-12,29
-60,-20,36
-62,-23,36
-64,-25,32
-65,-26,31
-77,-24,32
-89,-25,31
-95,-16,26
-86,-8,25
-60,-5,23
-61,-8,19
-76,-6,22
-81,-4,28
-42,-6,39
-30,-7,24
-44,-9,12
-48,-19,15
-43,-22,25
-44,-16,23
-23,-23,7
-43,-17,3
-45,-19,24
-82,-13,4
-67,-29,9
-93,-31,29
-104,-33,39
-44,-40,54
-50,-41,46
-65,-34,12
-60,-32,4
-56,-16,30
-77,2,29
-108,2,9
-79,-13,15
-22,-19,39
30,-18,51
47,-20,38
28,-19,21
-59,-10,7
-83,-15,7
-128,-5,8
-97,-33,21
-57,-51,42
-44,-43,66
-18,-53,46
-9,-52,37
-12,-49,20
-37,-44,15
-128,-22,-13
-128,1,-1
-75,-14,20
-52,-27,20
-40,-23,23
-21,-23,29
-13,-22,29
-48,-13,25
-63,-15,20
-79,-11,14
-81,-16,18
-61,-28,20
-45,-29,18
-46,-37,25
-37,-38,28
-12,-36,27
-16,-35,19
-53,-32,2
-87,-31,-3
-70,-8,39
-83,8,38
-128,0,15
-106,-9,16
-71,-3,30
-37,8,52
7,-3,43
3,-6,32
-22,3,24
-50,11,20
-86,21,-5
-64,5,16
-52,-13,14
-40,-27,15
-42,-28,26
-61,-28,29
-77,-31,20
-79,-33,26
-74,-33,27
-77,-38,21
-84,-37,18
-91,-21,14
-91,-9,13
-78,-1,14
-75,-4,13
-68,-3,13
-58,-1,14
-36,0,20
-28,0,23
-28,-6,16
-31,-6,15
-32,-10,20
-35,-10,23
-53,-9,27
-53,-13,25
-58,-19,26
-65,-21,32
-69,-25,34
-76,-26,35
-97,-22,36
-86,-16,35
-85,-2,36
-82,10,30
-69,8,26
-45,7,24
-40,8,24
-39,10,23
-41,9,22
-39,2,20
-37,-2,21
-36,-6,22
-36,-8,20
-49,-10,23
-55,-13,28
-65,-20,33
-70,-22,33
-70,-27,36
-67,-28,36
-62,-27,31
-56,-28,29
-56,-26,28
-67,-28,26
-91,-21,24
-88,-13,21
-73,-5,20
-65,-8,30
-60,-10,21
-68,-8,11
-63,-9,17
-46,-12,23
-38,-17,19
-25,-23,18
-17,-25,18
-29,-23,10
-42,-23,6
-60,-22,11
-62,-16,15
-58,-21,9
-46,-28,10
-48,-33,9
-60,-32,7
-100,-20,30
-103,-13,52
-102,-13,36
-104,-2,46
-64,4,49
-51,6,47
-47,6,41
-44,4,36
-31,0,26
-29,-2,20
-44,1,8
-50,1,7
-48,-6,4
-46,-12,2
-58,-26,6
-49,-32,21
-55,-42,35
-50,-46,40
-19,-53,43
-25,-45,33
-59,-42,25
-124,-26,14
-109,-13,25
-106,11,6
-81,-5,8
-74,-18,13
-68,-16,16
-54,-15,23
-42,-11,31
-19,-16,42
-6,-20,37
-10,-22,20
-38,-17,10
-83,-16,-1
-89,-9,-9
-46,-22,0
-38,-23,12
-44,-26,25
-39,-26,28
-64,-15,43
-89,-14,41
-85,-13,43
-97,0,42
-91,10,46
-68,-5,35
-55,-3,23
-48,0,14
-42,1,9
-44,-1,11
-51,1,21
-42,3,29
-31,2,24
-46,-7,11
-45,-12,11
-52,-14,21
-52,-14,35
-47,-21,41
-54,-24,41
-62,-26,52
-52,-25,53
-67,-20,42
-67,-22,32
-73,-30,22
-78,-33,12
-84,-23,-12
-75,-18,-14
-76,-16,-25
-74,-16,-32
-57,-11,-29
-66,-8,-28
-49,-5,-7
-45,-7,-1
-52,-6,14
-53,-10,14
-49,-18,12
-53,-15,19
-53,-19,24
-51,-20,22
-54,-20,9
-50,-22,10
-45,-21,17
-79,-22,5
-79,-25,4
-74,-33,-6
-71,-27,-6
-89,-16,-8
-103,-5,-5
-89,6,-3
-62,7,6
-39,2,-2
-42,6,5
-42,7,26
-41,5,24
-50,3,9
-53,3,6
-56,-2,7
-55,-6,8
-62,-9,7
-64,-11,10
-61,-17,20
-66,-19,18
-76,-21,12
-74,-16,11
-75,-17,10
-78,-18,10
-96,-17,4
-98,-9,3
-80,1,5
-74,-1,6
-74,0,6
-70,4,12
-60,5,18
-34,1,23
-30,-3,22
-39,-6,15
-37,-8,14
-37,-8,17
-42,-6,22
-51,-7,26
-51,-9,27
-46,-9,30
-44,-8,32
-43,2,43
-61,8,45
-71,12,48
-68,12,50
-85,35,52
-68,31,58
-39,35,54
-40,41,47
-33,38,39
-33,39,38
-35,33,36
-32,30,38
-26,30,35
-26,29,36
-41,22,33
-57,19,32
-52,5,41
-41,-2,44
-44,-9,52
-52,-18,54
-55,-16,55
-55,-4,57
-48,1,64
-34,7,71
-35,4,69
-34,5,63
-31,10,60
-30,21,59
-24,21,57
-18,10,57
-21,18,58
-14,12,61
-10,6,59
-6,7,49
-4,7,52
-6,4,56
-8,3,54
-4,4,59
-3,3,61
-6,0,60
-2,-2,61
4,-7,63
0,-4,62
-2,-6,66
-2,-5,70
-1,2,75
-6,2,75
-4,8,74
-8,9,71
-17,9,69
-21,16,64
-15,12,58
2,8,58
2,9,56
-14,11,57
-16,10,62
-10,6,61
-6,5,58
-8,5,54
-6,4,54
-8,2,56
-5,5,57
-5,2,59
-4,5,64
-10,7,70
-12,7,71
-12,3,68
-8,2,65
-6,-1,64
-8,0,64
-13,1,78
-28,10,79
-27,8,66
-17,2,57
-16,-5,50
-16,-6,49
-14,-3,59
-20,1,63
-16,-6,75
-18,-6,60
-4,-2,58
-4,-7,50
-7,-6,51
-7,-6,54
-2,-5,55
0,-4,60
-5,-6,61
-1,-9,66
-2,-9,66
-8,-5,71
-10,0,77
-12,7,83
-12,12,84
-24,22,82
-30,28,79
-23,20,68
-17,14,61
-12,11,53
-16,10,50
-14,9,47
-9,8,46
-5,7,44
-6,6,44
-11,5,50
-9,7,55
-2,6,62
-2,3,64
1,0,72
-5,-2,78
-4,-1,82
-1,-3,87
-17,3,84
-39,9,78
-22,5,72
-20,0,56
-22,-1,54
-18,5,52
-12,2,48
-7,-1,44
-10,-1,44
-9,-2,49
-8,-2,53
-7,-4,57
-3,-4,62
-6,-4,69
-9,-3,71
-10,3,80
-7,6,84
-4,11,83
-18,17,78
-27,19,75
-14,19,72
-3,14,62
-8,9,57
-12,9,54
-7,9,52
-1,6,41
-3,3,39
-6,2,42
-5,2,53
1,0,59
5,-9,65
-1,-6,66
-6,-8,74
-3,-10,77
1,-10,79
-7,-7,75
-23,3,71
-21,5,70
-23,4,62
-26,4,58
-31,13,59
-21,11,57
-8,3,45
-12,0,40
-24,-8,34
-27,-9,35
-25,-5,46
-27,-2,52
-35,3,63
-37,5,67
-39,13,75
-42,17,76
-48,25,71
-47,24,67
-46,31,55
-44,33,48
-42,34,38
-32,37,39
-26,37,37
-31,33,28
-30,29,26
-17,21,19
-17,18,13
-40,20,-1
-58,22,-8
-69,23,-2
-70,24,8
-74,25,19
-83,22,15
-90,23,20
-94,24,32
-94,38,48
-93,40,27
-65,44,-7
-48,48,-4
-38,36,-5
-31,34,-6
-35,33,-4
-43,32,-3
-40,25,8
-37,22,14
-46,23,24
-51,26,25
-55,24,15
-53,27,13
-66,31,9
-72,37,12
-76,42,17
-73,55,25
-70,62,24
-64,68,15
-57,64,13
-33,59,15
-29,62,11
-28,60,3
-28,51,5
-32,34,15
-30,26,18
-31,18,13
-28,15,13
-30,18,15
-35,24,19
-51,34,33
-55,38,48
-76,34,36
-70,33,36
-65,34,53
-77,21,28
-80,41,18
-86,51,15
-57,36,0
-42,50,7
-30,37,9
-28,38,10
-26,29,10
-28,19,9
-31,15,11
-48,17,20
-53,21,29
-73,20,24
-70,22,16
-65,23,8
-71,29,10
-76,43,25
-75,49,30
-63,64,20
-62,66,12
-65,69,9
-45,61,12
-20,62,13
-21,63,10
-22,50,16
-30,44,18
-35,28,15
-41,20,11
-51,17,8
-40,16,9
-30,18,18
-28,26,28
-33,43,52
-50,49,55
-65,36,40
-59,36,43
-69,29,41
-80,38,20
-86,40,9
-56,46,4
-42,50,5
-36,34,9
-40,33,11
-42,28,16
-35,21,17
-28,12,15
-34,13,15
-47,16,21
-53,19,21
-65,26,12
-66,27,9
-66,28,8
-72,28,9
-78,34,22
-78,41,25
-68,57,10
-63,62,6
-65,61,6
-49,53,9
-26,58,16
-26,61,15
-31,57,22
-42,49,22
-43,25,12
-39,16,8
-30,12,7
-25,11,7
-35,21,14
-55,35,26
-53,45,43
-70,46,38
-67,38,35
-65,42,49
-70,32,37
-80,33,13
-90,43,-1
-59,43,-5
-41,34,-1
-24,35,9
-26,32,10
-46,35,10
-48,31,10
-35,18,13
-37,13,16
-46,14,26
-51,19,28
-60,24,17
-65,26,13
-66,32,12
-69,34,16
-78,37,25
-81,42,27
-72,58,16
-67,60,12
-64,54,10
-53,52,12
-23,59,19
-13,54,23
-22,47,24
-34,34,19
-35,26,14
-34,16,9
-34,14,8
-41,18,13
-44,19,18
-56,28,43
-58,33,53
-71,34,34
-72,35,37
-67,26,38
-73,20,21
-86,46,10
-86,46,-4
-46,49,1
-41,49,1
-30,37,17
-28,38,23
-36,25,17
-37,19,12
-34,14,12
-33,15,18
-39,18,21
-46,22,22
-55,29,23
-66,28,19
-76,36,20
-79,44,28
-83,52,27
-78,68,10
-68,70,5
-47,60,9
-31,60,13
-22,53,13
-23,50,14
-32,41,18
-32,33,16
-39,18,8
-41,17,10
-40,19,9
-33,19,12
-36,32,26
-45,40,35
-77,36,31
-73,34,30
-59,46,46
-64,43,38
-80,45,12
-88,57,-6
-67,43,-15
-40,40,-5
-39,30,13
-42,31,15
-43,26,15
-37,20,13
-34,10,9
-37,10,15
-41,15,19
-55,24,20
-69,31,18
-68,36,15
-61,36,16
-65,37,21
-71,45,26
-70,54,24
-72,62,11
-72,69,-4
-55,59,0
-20,65,14
-8,62,20
-24,54,26
-36,48,24
-38,31,12
-41,25,7
-39,14,6
-38,16,8
-43,13,12
-50,21,20
-58,35,32
-59,44,39
-62,54,38
-56,54,40
-64,44,34
-78,38,13
-83,51,-1
-52,46,-4
-44,47,-2
-37,36,7
-38,37,11
-35,32,18
-34,25,15
-34,15,11
-36,13,10
-39,15,12
-40,18,15
-54,26,15
-64,30,15
-76,34,18
-78,32,18
-83,39,26
-86,45,24
-72,56,8
-68,67,3
-46,51,6
-32,50,10
-27,49,6
-30,47,2
-41,46,14
-43,40,15
-37,22,6
-37,21,6
-29,26,15
-31,28,17
-54,32,23
-67,32,25
-70,39,30
-61,38,26
-47,37,21
-59,44,31
-77,36,15
-89,50,-4
-81,53,-15
-50,42,-6
-33,43,6
-36,29,16
-39,28,16
-42,18,6
-42,12,2
-39,10,13
-40,8,18
-49,18,17
-52,25,18
-59,39,21
-66,39,16
-67,38,8
-70,38,10
-80,56,20
-80,64,12
-68,76,3
-60,74,4
-20,75,16
-10,71,17
-18,55,15
-25,47,19
-35,32,15
-35,24,10
-33,18,5
-30,16,5
-39,22,10
-47,33,29
-51,35,45
-65,39,45
-69,36,36
-78,45,46
-80,42,27
-75,52,-2
-79,60,-11
-44,45,-2
-36,44,9
-37,32,17
-50,34,15
-43,26,12
-35,18,11
-33,11,10
-35,9,12
-42,17,18
-50,21,18
-63,27,11
-63,28,8
-66,39,13
-71,43,19
-82,51,28
-78,55,25
-60,64,13
-56,63,9
-48,51,7
-38,55,13
-30,62,13
-25,53,17
-30,47,20
-41,29,12
-43,21,8
-32,17,7
-30,18,8
-39,25,13
-42,29,20
-50,36,42
-58,41,45
-72,34,30
-66,33,36
-70,28,35
-74,24,21
-88,51,0
-80,54,-10
-46,43,-2
-30,42,9
-32,34,16
-47,37,14
-41,24,11
-34,19,9
-31,12,13
-34,12,18
-58,20,20
-63,25,17
-65,26,7
-63,25,4
-67,33,10
-77,38,21
-79,46,23
-65,68,12
-62,72,9
-59,63,5
-41,59,9
-21,64,17
-22,64,15
-26,56,23
-34,46,21
-38,28,12
-37,19,8
-33,15,5
-33,14,5
-39,21,16
-46,26,24
-48,37,51
-61,45,50
-72,33,29
-69,34,32
-68,30,37
-71,25,28
-82,45,10
-79,53,-3
-47,40,-1
-31,39,5
-27,38,20
-45,40,18
-53,34,13
-34,17,9
-32,14,9
-37,13,18
-44,18,22
-54,24,21
-58,27,19
-63,30,14
-67,31,13
-78,36,17
-84,39,20
-72,52,21
-62,62,18
-60,63,11
-57,58,9
-32,53,12
-28,55,11
-29,57,8
-29,51,12
-33,40,19
-41,31,14
-38,16,8
-39,17,8
-33,25,9
-34,27,14
-44,35,31
-53,40,40
-77,39,29
-72,39,28
-64,43,43
-70,34,30
-66,26,6
-78,54,-7
-65,46,-9
-44,48,2
-45,39,8
-49,31,11
-46,30,11
-36,18,5
-34,14,4
-43,13,10
-45,14,15
-52,25,17
-61,30,14
-65,35,9
-67,37,8
-68,44,18
-72,45,21
-65,64,21
-60,67,11
-60,64,3
-52,55,3
-34,53,7
-27,57,10
-20,55,23
-34,53,23
-47,31,9
-49,20,3
-42,14,1
-37,16,3
-38,21,7
-51,31,17
-53,35,29
-60,43,42
-66,37,28
-78,36,29
-75,35,37
-74,21,6
-72,35,7
-76,58,-17
-54,41,-15
-37,51,8
-35,38,14
-41,37,17
-41,28,12
-35,15,2
-37,11,3
-44,13,12
-49,18,13
-56,27,12
-61,32,12
-62,38,11
-64,42,13
-75,48,20
-80,52,20
-68,60,6
-63,63,2
-56,53,3
-41,52,7
-27,58,12
-27,63,16
-29,56,19
-41,37,11
-42,26,6
-39,14,0
-36,13,-1
-37,20,5
-49,22,6
-63,31,26
-59,35,42
-63,39,31
-67,41,29
-62,44,43
-72,34,25
-73,42,6
-83,50,-4
-53,49,-10
-42,48,-6
-37,34,3
-42,32,5
-42,30,10
-35,22,8
-35,12,7
-40,11,10
-47,19,17
-52,23,16
-62,32,13
-63,34,11
-69,35,7
-70,37,16
-70,40,21
-69,59,15
-67,64,9
-61,60,8
-51,54,7
-31,56,10
-24,60,11
-23,54,17
-33,51,18
-43,30,11
-44,21,5
-42,17,2
-36,16,2
-40,21,4
-49,25,7
-58,34,32
-54,42,48
-63,37,28
-68,33,23
-73,39,37
-73,27,22
-76,43,1
-84,58,-11
-51,43,-9
-42,50,0
-40,33,5
-46,40,6
-38,52,23
-32,56,37
-67,47,38
-91,28,39
-120,16,56
-128,5,26
-126,27,26
-75,21,24
-52,-4,5
-43,-15,2
-55,-16,12
-54,-17,0
-58,-16,3
-48,-6,22
-35,-2,30
-15,0,42
-24,1,58
-39,-14,48
-29,-22,29
-12,-24,24
-14,-16,40
-8,-11,38
-5,-18,31
-20,-33,40
-21,-33,56
-39,-44,51
-31,-40,64
-32,-47,63
-31,-49,58
-20,-64,50
-29,-70,43
-19,-69,40
-5,-66,23
-22,-68,11
-22,-61,17
-12,-54,18
-22,-41,23
-24,-36,22
33,-28,42
27,-33,39
-15,-37,23
-29,-37,31
4,-52,42
18,-57,47
21,-53,43
-9,-57,38
-6,-64,56
7,-59,57
14,-56,57
-1,-52,62
-38,-45,33
-36,-42,38
-9,-35,43
-23,-40,30
-23,-38,29
-12,-33,29
-13,-31,26
-11,-31,22
-28,-36,17
-27,-37,26
-24,-44,40
-33,-52,41
-34,-57,46
-35,-59,47
-23,-61,53
-25,-66,42
-23,-69,37
-38,-65,31
-40,-58,28
-36,-52,16
-37,-53,11
-28,-38,21
-19,-33,30
-17,-30,22
-13,-32,21
-9,-38,21
-15,-36,17
-26,-45,17
-25,-50,29
-31,-57,36
-45,-61,36
-55,-68,35
-57,-69,37
-53,-62,39
-45,-56,39
-64,-47,16
-69,-40,12
-41,-16,30
-67,-24,15
-46,-28,18
-32,-27,31
-8,-28,25
2,-24,20
-31,-28,7
-25,-43,5
-30,-50,14
-53,-53,27
-51,-53,31
-55,-51,34
-61,-53,31
-49,-57,11
-39,-70,-9
-55,-65,-3
-57,-57,-5
-52,-47,-21
-51,-44,-25
-48,-37,-18
-41,-36,-16
-47,-36,-7
-49,-33,-1
-28,-39,-5
-12,-40,2
2,-48,15
-18,-51,13
-24,-57,16
-23,-58,29
-34,-61,21
-46,-64,16
-46,-61,25
-48,-66,15
-45,-59,18
-58,-46,21
-58,-29,6
-49,-23,0
-44,-28,-1
-53,-30,-2
-74,-29,-2
-46,-27,3
-40,-28,-7
-12,-29,5
-10,-28,15
-29,-33,33
-51,-39,16
-62,-62,5
-47,-65,9
-69,-69,10
-68,-70,16
-56,-69,16
-50,-67,7
-45,-48,12
-42,-45,6
-41,-46,-3
-47,-38,-2
-36,-28,7
-30,-22,18
-32,-21,20
-27,-21,17
-23,-18,16
-23,-24,20
-35,-36,5
-38,-38,3
-54,-34,13
-64,-37,3
-69,-35,-5
-81,-27,-19
-76,-22,-15
-75,-10,-5
-78,3,10
-67,10,20
-47,13,36
-71,26,36
-47,20,38
-25,24,35
-34,20,35
-45,18,34
-49,17,33
-68,19,28
-64,21,29
-46,14,37
-44,11,39
-54,14,44
-61,18,47
-64,17,60
-64,18,58
-77,22,17
-97,41,6
-91,49,9
-69,42,5
-29,33,7
-21,31,12
-24,19,16
-22,6,12
-23,9,14
-32,7,11
-50,11,4
-83,19,1
-79,26,4
-66,45,8
-77,53,4
-81,62,7
-69,65,9
-69,67,-10
-77,63,-15
-59,59,2
-37,60,12
-14,62,15
-19,56,9
-29,39,5
-32,31,4
-33,22,3
-31,19,3
-41,21,1
-47,26,4
-58,30,12
-63,33,30
-69,36,46
-77,33,29
-81,31,22
-80,31,21
-67,34,2
-76,36,-8
-62,48,-12
-53,43,-10
-39,43,-2
-25,39,9
-33,36,7
-35,23,7
-35,16,6
-43,11,11
-45,14,14
-51,26,14
-51,27,13
-67,39,6
-69,47,7
-66,45,17
-73,45,20
-80,53,8
-76,59,-1
-70,57,-3
-54,54,4
-24,59,11
-22,63,9
-23,53,11
-33,47,11
-44,28,4
-40,25,5
-40,24,7
-44,27,10
-53,35,18
-53,34,19
-60,28,16
-71,24,19
-76,23,30
-72,16,19
-82,9,13
-96,18,-15
-92,36,-21
-101,27,-35
-93,26,-30
-65,28,-13
-32,25,3
-3,23,28
-8,15,27
-23,8,15
-26,6,10
-46,8,7
-59,14,2
-48,22,10
-45,23,14
-19,25,34
-3,28,37
-14,45,30
-19,65,34
-38,95,39
-39,105,42
-35,117,48
-22,111,43
3,82,32
11,68,30
8,40,17
4,34,12
-7,41,5
-12,45,4
-26,52,5
-29,53,7
-27,52,8
-27,61,19
-30,65,25
-47,89,38
-56,111,40
-54,106,36
-39,82,30
-27,62,26
-29,69,25
-24,74,18
-18,65,15
-13,46,8
-12,39,7
-11,34,4
-10,36,4
-10,36,1
-10,39,1
-12,59,6
-13,71,8
-7,73,14
-8,79,19
-20,94,20
-24,93,30
-26,69,42
-25,62,40
-16,61,30
-12,64,27
-10,60,25
-10,43,19
-11,33,14
-13,29,8
-15,34,7
-19,49,9
-16,54,10
-21,60,18
-24,63,21
-25,64,24
-27,69,27
-29,78,33
-36,82,35
-45,103,43
-42,97,39
-27,70,29
-26,67,26
-33,82,21
-28,82,17
-13,60,13
-15,51,13
-15,41,5
-13,37,4
-13,30,-1
-15,29,-2
-19,34,-4
-17,43,-2
-2,51,5
-6,61,12
-18,90,21
-22,106,31
-26,97,36
-23,80,45
-18,71,39
-12,68,26
-8,68,25
-10,51,21
-13,40,17
-14,27,11
-15,26,9
-18,33,8
-24,44,14
-29,64,22
-27,61,22
-31,63,26
-37,64,27
-44,63,26
-49,66,26
-72,92,27
-80,103,25
-62,79,11
-67,79,12
-81,94,1
-72,94,-1
-49,81,-2
-47,70,-3
-39,52,-5
-38,41,-7
-50,38,-4
-23,31,8
-14,21,13
6,3,20
4,2,27
-3,-4,44
-21,-2,45
-90,11,23
-124,12,18
-24,-12,63
38,0,106
-22,18,76
-43,8,43
-43,3,21
-38,1,19
-41,3,20
-33,4,26
-23,0,41
-23,3,53
-33,-6,53
-33,-13,52
-50,-37,13
-102,-49,-14
-92,-51,6
-100,-44,2
-116,-23,5
-119,-3,19
-66,8,66
-51,1,73
-32,4,67
-22,6,59
15,7,69
-1,2,56
-1,-2,47
-21,-5,26
-43,-11,24
-30,-15,35
-17,-18,36
-35,-20,29
-27,-23,7
-41,-19,3
-75,-23,-90
-77,-8,-21
-112,-15,-41
-76,-37,-12
-97,-12,18
-88,-10,23
-79,-2,40
-63,9,51
-65,11,65
-59,-2,35
-27,-4,37
0,8,59
8,8,61
31,-1,66
13,-1,63
-10,-14,57
-13,-20,60
-43,-28,65
-65,-37,68
-35,-40,62
-115,19,16
-128,-29,4
-52,-19,39
-30,-19,47
-36,-19,31
-38,-13,30
-15,-9,41
-19,-11,32
-28,-7,34
-24,-6,42
-19,-4,53
-20,-2,60
-25,0,66
-30,3,64
-30,1,66
-40,1,68
-45,3,81
-51,10,90
-59,12,85
-49,10,71
-35,12,50
-28,12,50
-25,13,48
-21,10,41
-16,5,28
-19,5,25
-22,3,24
-23,2,28
-36,8,43
-43,8,49
-43,-3,60
-46,-7,64
-50,-11,65
-62,-6,60
-68,-5,63
-69,4,78
-69,18,78
-52,30,56
-45,26,49
-47,31,47
-39,34,47
-18,24,39
-15,17,34
-25,9,28
-25,7,28
-25,6,31
-26,5,32
-30,4,32
-32,6,37
-52,9,49
-52,7,54
-53,5,60
-56,13,60
-72,22,70
-66,29,77
-26,44,88
-18,50,76
-28,45,48
-39,45,39
-28,32,36
-24,27,36
-32,22,35
-41,13,35
-42,10,35
-49,4,33
-52,0,35
-49,-5,38
-48,-5,38
-70,-5,43
-75,8,50
-50,25,56
-48,22,52
-51,15,46
-44,11,47
-31,7,43
-30,7,40
-29,4,34
-28,3,35
-38,5,32
-39,4,31
-50,15,48
-49,17,56
-55,14,56
-62,13,53
-69,18,63
-62,19,66
-53,27,60
-65,39,60
-52,48,62
-25,48,61
1,47,52
-8,34,42
-15,27,34
-15,23,24
-10,21,21
-19,22,22
-24,23,26
-34,32,45
-33,36,54
-24,32,56
-25,27,52
-34,17,48
-36,11,45
-67,10,40
-74,18,45
-60,52,66
-50,68,75
-40,58,60
-43,49,45
-38,38,27
-32,32,24
-24,24,24
-23,22,24
-20,25,21
-21,35,21
-27,48,27
-27,62,34
-19,69,40
-14,72,40
-3,76,44
5,78,46
-6,71,27
-21,66,27
-23,69,25
-21,69,21
-15,68,24
-8,58,26
-7,47,23
-7,33,16
-8,32,13
-13,37,11
-19,43,14
-24,54,18
-24,59,20
-26,65,24
-26,65,25
-29,66,28
-31,70,32
-38,99,37
-37,100,34
-29,77,24
-26,73,22
-21,72,21
-16,67,20
-1,50,17
-3,41,14
-4,31,10
-4,28,8
-6,36,7
-9,45,7
-10,55,8
-12,77,9
-14,80,9
-16,94,13
-18,102,16
-31,94,30
-30,83,34
-8,75,34
9,76,33
12,58,24
9,44,18
0,30,15
-5,28,15
-12,34,12
-19,40,16
-19,52,23
-25,51,27
-29,45,31
-28,37,32
-32,33,34
-45,37,33
-85,75,37
-75,93,41
-46,83,44
-34,71,43
-28,64,43
-24,65,42
-16,44,28
-17,28,16
-24,24,13
-29,25,8
-28,23,9
-37,29,17
-41,34,23
-47,34,36
-55,37,44
-44,56,58
-46,62,58
-59,61,61
-58,55,55
-33,42,50
-22,42,46
-6,39,41
2,28,44
-10,22,31
-11,16,23
-25,19,22
-29,23,29
-36,28,48
-35,27,55
-38,20,53
-38,14,51
-47,5,51
-50,2,50
-74,-1,47
-95,4,44
-84,23,47
-80,28,45
-72,29,40
-38,25,33
-20,17,31
-25,7,24
-31,5,22
-31,2,20
-28,2,19
-28,5,24
-30,11,30
-49,21,45
-62,29,54
-66,37,67
-65,35,62
-72,38,61
-70,37,57
-55,30,45
-41,33,43
-25,33,43
-27,32,40
-24,25,29
-21,21,25
-21,17,26
-22,16,26
-34,19,37
-37,20,41
-37,17,49
-38,12,52
-48,3,50
-54,1,48
-72,0,50
-77,-1,49
-87,6,47
-98,40,43
-89,42,41
-55,28,34
-46,25,30
-26,18,25
-21,14,25
-24,10,22
-28,9,21
-31,7,25
-31,9,28
-31,11,35
-34,14,38
-43,25,52
-57,30,63
-61,33,65
-52,35,65
-45,47,67
-50,46,63
-46,42,51
-30,42,48
-24,35,42
-29,32,38
-25,22,28
-24,18,25
-24,14,25
-27,14,28
-43,22,38
-46,24,45
-52,26,54
-49,25,54
-37,17,49
-55,10,47
-57,6,56
-54,14,69
-79,34,62
-45,39,47
-35,38,38
-28,27,33
-30,24,37
-25,12,31
-26,6,23
-35,0,17
-38,-1,20
-42,3,31
-52,10,36
-47,20,52
-46,27,61
-50,37,67
-52,40,66
-53,46,61
-52,49,56
-56,57,49
-46,56,48
-9,55,46
-1,52,43
-21,41,27
-30,35,21
-21,21,25
-19,18,24
-18,15,21
-22,15,19
-42,21,27
-67,25,29
-79,19,27
-68,16,46
-67,19,47
-74,24,46
-64,27,52
-82,27,20
-78,37,6
-59,49,1
-56,45,1
-47,31,-2
-33,24,1
-23,16,12
-25,13,14
-41,10,9
-45,11,7
-45,20,4
-40,25,0
-72,43,-5
-82,52,-1
-81,55,9
-77,57,7
-72,64,-16
-68,65,-25
-56,63,-1
-52,69,5
-27,68,16
-27,62,13
-28,47,2
-28,30,-1
-28,23,0
-30,16,-2
-38,15,-3
-50,23,5
-59,26,7
-68,32,29
-69,39,41
-73,39,25
-76,33,20
-74,25,7
-69,26,-6
-85,43,-17
-74,44,-22
-52,60,-7
-29,33,0
-23,35,14
-35,33,11
-48,21,-1
-41,16,-2
-33,15,2
-40,20,6
-52,31,11
-58,33,10
-77,43,5
-82,49,5
-83,55,8
-75,58,13
-58,69,3
-62,55,-10
-56,51,-6
-40,58,0
-32,58,-1
-33,48,-2
-37,41,-2
-33,29,4
-33,26,8
-41,25,9
-49,30,13
-80,33,17
-91,35,15
-102,25,12
-71,9,18
-31,-14,22
-21,-20,27
-23,-16,32
-55,-3,34
-110,43,39
-94,40,39
-55,20,33
-50,16,30
-39,12,27
-33,9,24
-31,5,22
-36,8,23
-33,3,21
-29,1,35
-48,-4,42
-50,0,50
-52,5,54
-68,7,58
-69,6,59
-72,9,61
-76,13,63
-59,19,57
-39,24,56
-12,25,55
-15,23,53
-29,25,42
-28,21,33
-22,10,15
-14,9,19
-17,4,24
-26,3,30
-39,-1,57
-26,-5,70
-38,-12,57
-41,-14,50
-56,-6,49
-62,-3,55
-77,-3,70
-84,6,74
-72,25,69
-61,22,61
-48,17,46
-43,17,39
-15,10,35
-9,4,28
-19,-1,17
-32,-6,19
-37,-8,24
-44,-6,37
-56,-2,44
-63,9,48
-47,16,56
-18,16,80
-22,21,87
-75,33,76
-88,33,69
-48,27,63
-29,27,59
-18,27,54
-22,29,51
-27,23,42
-24,18,37
-22,10,26
-22,7,23
-19,8,35
-29,10,39
-35,6,40
-34,-1,48
-44,-31,59
-37,-36,68
-31,-38,65
-40,-36,60
-68,-25,70
-80,-11,69
-65,19,52
-80,9,34
-70,5,37
-19,8,59
1,6,63
-4,-5,62
-12,-19,53
-13,-37,41
-30,-26,33
-60,-23,27
-62,-20,31
-56,-15,34
-53,-17,28
-48,-21,29
-42,-17,42
-34,-16,66
-42,-13,72
-109,-4,36
-91,12,50
-36,12,78
-39,12,66
-39,9,48
-35,2,40
-34,-7,23
-33,-14,22
-20,-17,52
-25,-16,55
-43,-24,27
-38,-34,16
-30,-49,16
-20,-49,30
-17,-53,35
-13,-56,36
-40,-54,41
-76,-28,62
-89,-17,69
-53,-2,54
-53,18,58
-34,12,56
-18,12,52
-9,7,48
-17,3,38
-42,-7,30
-44,-12,30
-37,-19,26
-42,-21,24
-61,-17,33
-87,-9,37
-52,4,79
-32,15,97
-46,13,82
-60,17,74
-60,19,65
-42,21,61
-15,20,48
-19,19,43
-21,14,43
-17,11,42
-16,2,31
-21,0,25
-34,2,25
-37,5,35
-27,1,51
-32,-3,58
-38,-6,61
-35,-8,64
-39,-9,62
-60,-18,58
-66,-18,61
-90,12,72
-78,20,78
-45,19,72
-35,16,65
-22,11,47
-20,7,39
-26,1,26
-28,-2,23
-32,-6,23
-31,-4,27
-23,0,39
-24,-1,41
-46,11,50
-46,12,60
-34,17,78
-30,19,79
-51,20,70
-63,24,74
-49,22,78
-34,21,74
-8,26,70
-14,24,62
-26,17,42
-21,11,30
-17,9,26
-12,8,27
-13,10,34
-25,14,56
-28,12,58
-25,-2,74
-22,-8,78
-43,-15,71
-53,-21,65
-50,-27,57
-47,-27,57
-71,-1,72
-76,10,71
-48,6,47
-52,6,36
-49,2,31
-37,1,31
-25,-3,34
-36,-8,31
-38,-1,46
-26,-3,52
15,-10,69
7,-7,68
-23,-8,64
-25,-5,68
-36,0,83
-30,-5,81
-35,-2,62
-63,-5,76
-53,-6,76
-24,2,57
-29,0,42
-34,-4,29
-26,1,32
-8,1,42
-8,-1,36
-6,6,41
3,3,43
-2,10,44
-27,12,45
-39,-11,62
-32,-17,73
-15,-9,79
-24,-8,71
-40,4,67
-62,14,66
-76,27,72
-65,33,78
-30,31,81
-28,27,73
-30,17,59
-23,14,53
-15,10,38
-21,3,26
-23,1,23
-25,0,22
-24,1,26
-23,1,27
-33,8,32
-50,27,47
-34,33,60
-6,36,57
-5,41,46
-19,64,40
-21,72,44
-21,77,45
-19,79,42
-11,81,29
-8,83,31
-6,62,37
-6,48,33
-8,35,18
-9,39,15
-12,49,13
-15,54,13
-17,66,21
-19,68,27
-18,65,32
-15,65,31
-14,79,33
-18,86,32
-29,106,41
-27,97,39
-18,70,27
-14,66,22
-11,64,14
-9,60,12
-2,46,14
-4,33,12
-6,32,11
-12,32,6
-14,33,5
-20,47,5
-21,62,8
-19,79,13
-21,86,15
-19,97,21
-12,101,21
-3,85,25
-8,77,30
-3,67,24
-2,68,19
-2,64,17
2,57,19
3,37,16
5,28,12
1,25,7
-5,28,5
-13,45,5
-16,50,9
-17,62,21
-18,67,21
-10,68,26
-9,68,30
-12,77,35
-21,89,39
-37,111,46
-24,85,33
-17,71,27
-11,69,24
-1,65,19
4,51,13
1,45,12
-6,38,12
-11,37,12
-19,41,13
-17,42,14
-9,43,9
-8,55,8
-7,74,10
-10,79,11
-11,96,14
-14,100,16
-27,87,30
-22,83,36
7,79,34
16,80,32
21,58,24
19,46,22
11,25,18
3,21,15
-11,24,12
-19,32,14
-15,48,21
-12,52,25
-11,59,28
-12,62,29
-14,66,29
-14,71,27
-25,101,25
-46,120,31
-38,98,30
-27,66,24
-21,64,21
-12,61,20
-9,55,20
-10,43,17
-14,43,18
-25,43,16
-31,41,14
-38,50,14
-38,54,14
-31,57,15
-29,59,19
-35,65,29
-37,70,32
-32,74,27
-32,73,25
-40,67,27
-36,67,27
-25,67,25
-20,64,24
-18,48,24
-18,39,25
-19,25,20
-20,21,18
-26,21,20
-31,24,22
-39,21,26
-59,21,35
-62,17,39
-47,12,49
-55,13,49
-60,12,54
-53,9,51
-78,31,29
-90,44,24
-61,45,23
-46,39,17
-36,37,25
-37,30,28
-33,16,31
-30,7,26
-38,9,17
-48,13,18
-45,10,25
-48,13,24
-59,19,29
-57,20,39
-47,27,68
-54,33,78
-55,44,72
-53,40,59
-68,47,43
-54,43,43
-25,46,50
-31,42,43
-40,27,35
-19,12,34
-13,9,31
-24,2,24
-27,-2,26
-27,-7,35
-30,-3,46
-51,-5,51
-56,-9,45
-58,-10,40
-63,-12,30
-59,-19,27
-56,-25,28
-108,-23,22
-118,-10,23
-95,-8,11
-81,-7,13
-62,-6,25
-47,-4,29
-29,-6,25
-23,-9,23
-21,-22,20
-25,-22,20
-31,-29,16
-31,-32,18
-23,-37,34
-29,-40,33
-34,-34,43
-36,-32,55
-32,-20,69
-52,-13,74
-57,-9,87
-54,-5,88
-52,-10,66
-29,-5,56
-22,-3,52
-19,-4,38
-16,-5,33
-19,-5,27
-21,-6,28
-27,-5,34
-35,-7,37
-45,-21,45
-45,-32,49
-52,-48,54
-51,-50,51
-42,-50,45
-43,-47,46
-51,-42,40
-58,-42,33
-66,-31,26
-60,-25,21
-54,-20,18
-55,-18,15
-50,-13,15
-52,-12,12
-51,-19,7
-51,-24,5
-47,-28,0
-46,-28,-2
-51,-30,0
-56,-33,-2
-60,-31,-2
-68,-28,0
-70,-29,0
-75,-24,-1
-78,-21,-1
-82,-19,3
-89,-13,8
-81,-9,9
-75,-9,11
-54,-14,14
-47,-16,15
-38,-17,6
-48,-17,-15
-56,-10,-13
-55,-14,-15
-53,-36,-15
-39,-41,2
16,-59,39
27,-64,35
48,-58,42
58,-53,60
-43,-57,61
-57,-61,52
-69,-53,64
-73,-42,58
-62,-39,38
-49,-36,37
-25,-28,35
-14,-25,34
-15,-18,34
-18,-20,30
-12,-24,25
-24,-25,25
-39,-23,19
-53,-24,13
-54,-22,11
-68,-24,3
-82,-29,-3
-91,-30,5
-89,-29,8
-96,-21,2
-106,-18,-8
-86,-7,-7
-69,-8,-1
-51,-10,18
-43,-10,25
41,-16,33
53,-10,29
68,-1,47
38,12,58
-98,21,7
-128,15,-10
-128,-15,14
-66,-62,21
-3,-55,55
-24,-52,48
40,-49,54
8,-43,58
-128,-21,39
-128,24,26
-128,13,17
-49,-16,28
-26,-7,40
-8,-9,37
-5,-10,31
-17,-11,22
-29,-12,20
-52,-13,23
-58,-12,28
-54,-14,37
-46,-20,39
-47,-24,46
-48,-23,54
-55,-18,63
-62,-11,64
-72,5,68
-70,4,62
-48,14,55
-37,11,52
-29,4,48
-26,2,44
-25,-3,28
-25,-4,22
-32,-8,18
-37,-9,23
-47,-13,31
-48,-18,36
-50,-34,43
-50,-35,46
-51,-37,45
-64,-32,48
-68,-31,48
-72,-26,46
-71,-16,44
-67,0,43
-61,2,42
-50,-2,35
-41,-1,38
-31,-6,33
-30,-9,30
-32,-14,27
-34,-18,25
-46,-19,21
-49,-20,21
-60,-18,35
-60,-22,41
-55,-23,44
-55,-26,40
-69,-20,34
-75,-15,31
-86,-11,32
-83,-4,39
-67,2,37
-56,2,33
-31,-3,32
-25,-5,29
-29,-2,28
-28,-1,29
-19,-8,20
-28,-7,21
-56,-5,22
-52,-10,31
-55,-26,39
-87,-44,23
-81,-47,19
-47,-48,19
-61,-44,14
-101,-35,49
-69,-6,81
-79,12,-6
-78,0,-15
-72,-12,-18
-66,-7,-12
-53,-4,3
-39,-5,15
-34,-8,15
-35,-11,7
-43,-12,-1
-44,-14,-5
-51,-20,-16
-61,-20,-16
-76,-22,-5
-81,-22,-1
-85,-20,-3
-87,-20,-2
-98,-10,-2
-105,-2,-1
-98,18,12
-97,15,9
-30,-2,0
-37,-14,-24
-50,-7,-4
-28,-1,25
-22,-3,19
-43,-10,-14
-70,-18,-35
-63,-23,-13
-30,-34,1
-42,-58,-30
-52,-60,-22
-63,-52,-4
-50,-54,1
-37,-48,-31
-49,-43,-65
-85,2,-72
-107,1,-96
-58,-3,-40
-48,-10,-19
-29,-4,24
-33,2,46
-30,-16,33
-30,-14,10
-69,-11,-48
-74,-13,-64
-64,-34,-52
-57,-29,-31
-66,-29,-3
-50,-34,5
-65,-34,-30
-99,-21,-58
-128,19,-39
-91,20,-14
-70,17,2
-38,6,10
-30,5,12
-31,1,9
-34,0,2
-39,0,-12
-45,-3,-17
-68,-14,-22
-71,-20,-19
-71,-32,-9
-69,-37,-8
-59,-40,-5
-49,-41,-4
-57,-41,-26
-72,-39,-42
-100,-29,-36
-113,-18,-41
-108,-14,-28
-103,-16,-28
-70,-6,-15
-61,1,3
-44,5,25
-33,1,24
-23,-9,17
-14,-13,13
-17,-15,11
-22,-18,12
-9,-34,-2
-18,-48,-13
-26,-52,-6
-47,-50,-4
-55,-41,-18
-53,-28,-17
-73,-21,-16
-127,-9,-34
-128,1,-20
-70,-5,23
-60,-12,26
-57,-6,28
-52,-11,23
-43,-16,12
-31,-20,13
-30,-29,10
-26,-33,3
5,-54,-4
9,-58,-6
-16,-49,-6
-21,-45,-12
-54,-34,-19
-83,-29,-4
-113,-12,-11
-102,0,-3
-86,0,-18
-82,-19,-31
-96,-18,-18
-88,-18,-3
-46,-19,18
-26,-21,12
-12,-30,-13
-26,-25,-33
-46,-15,-39
-70,-3,-66
-81,-1,-49
-73,-7,-16
-73,-12,-14
-67,-7,-9
-76,-3,-25
-107,15,-31
-111,17,-30
-82,12,-17
-63,12,-12
-48,7,-10
-38,5,-5
-31,0,2
-34,0,2
-42,0,-5
-47,1,-3
-58,0,-2
-42,-6,0
-43,-28,-32
-62,-45,-40
-98,-41,-30
-58,-33,-27
-43,-30,-32
-39,-26,-56
-46,-8,-88
-48,-2,-69
-69,22,-56
-64,21,-64
-42,6,-55
-37,0,-20
-34,-5,-14
-31,-19,-21
-26,-19,-22
-26,-16,-34
-31,-14,-41
-40,-12,-54
-46,-10,-59
-55,-6,-60
-64,-5,-60
-68,-1,-56
-68,1,-56
-72,2,-59
-74,6,-52
-73,19,-33
-64,20,-29
-50,13,-22
-43,8,-16
-35,2,-11
-32,1,-14
-29,1,-20
-32,1,-25
-41,-5,-41
-43,-8,-41
-51,-25,-37
-54,-31,-36
-58,-34,-33
-55,-34,-33
-60,-28,-51
-62,-14,-65
-65,-1,-74
-61,12,-71
-61,13,-63
-55,10,-49
-47,7,-37
-38,4,-15
-36,0,-12
-35,-7,-18
-38,-5,-20
-36,0,-21
-41,3,-26
-49,8,-35
-53,9,-40
-62,10,-44
-69,8,-44
-84,9,-44
-85,10,-46
-85,9,-41
-84,10,-36
-76,13,-33
-65,14,-31
-50,10,-22
-44,8,-17
-38,1,-12
-39,0,-11
-44,-2,-15
-55,-6,-13
-60,-11,-13
-63,-18,-11
-65,-33,-6
-65,-35,-4
-65,-35,-5
-61,-36,-8
-62,-38,-11
-107,-28,-26
-121,-18,-30
-67,-22,0
-50,-34,-3
-26,-17,13
-20,-5,30
-7,4,17
11,-5,-2
-31,-33,-92
-45,-26,-47
-110,7,-87
-78,8,-42
-52,-35,-22
-49,-44,-7
-34,-27,36
-66,-21,3
-121,-2,-56
-117,19,-62
-99,2,-65
-74,0,-45
-53,-6,-17
-41,-4,-10
-35,0,-6
-39,1,-10
-43,1,-18
-41,-2,-19
-36,-9,-19
-58,-19,-24
-73,-32,-28
-114,-46,-28
-107,-48,-16
-89,-47,-24
-73,-54,-29
12,-54,-1
25,-42,17
-8,-4,26
-1,-7,8
-65,-13,-76
-80,2,-54
-104,15,-81
-70,14,-47
-63,-37,-22
-40,-49,-16
-5,-21,16
-14,-26,10
-41,-33,-27
-63,-34,-50
-64,-18,-35
-90,-22,-44
-105,-17,-28
-93,-12,-15
-84,-9,-16
-89,-2,-19
-113,6,-15
-107,0,-26
-67,-5,0
-41,-12,-1
-35,-13,-9
-31,-8,-3
-27,-4,-1
-23,-6,-1
-28,-13,-8
-41,-29,-10
-44,-38,-8
-33,-50,4
-30,-54,4
-40,-53,0
-42,-52,-6
-39,-53,-21
-54,-52,-37
-80,-38,-35
-92,-28,-26
-102,-20,-26
-94,-27,-17
-63,-33,3
-63,-35,2
-42,-32,5
-27,-30,7
-16,-29,10
-13,-34,6
-21,-38,-4
-24,-37,-15
-32,-39,-27
-40,-39,-33
-61,-35,-23
-61,-31,-17
-64,-31,-21
-65,-29,-21
-74,-23,-16
-82,-8,-3
-73,-5,-7
-71,2,-7
-72,3,-3
-48,0,-3
-46,-1,-7
-53,-7,-17
-59,-11,-19
-55,-28,-18
-52,-42,-19
-46,-56,-21
-42,-56,-20
-42,-52,-27
-49,-49,-33
-62,-45,-45
-76,-32,-58
-94,-5,-56
-88,-2,-43
-71,-1,-32
-64,0,-25
-49,3,-12
-44,4,-8
-37,1,-6
-35,-2,-6
-39,-4,-10
-41,-3,-10
-42,-7,-13
-57,-4,-19
-65,-5,-23
-82,-6,-30
-79,0,-27
-81,1,-45
-86,7,-54
-80,11,-45
-85,17,-37
-67,27,-20
-51,23,-16
-35,16,-13
-32,13,-9
-26,10,-7
-32,11,-12
-52,9,-29
-61,12,-30
-60,5,-21
-63,0,-21
-66,-7,-20
-65,-10,-18
-74,-6,-34
-86,-1,-46
-97,24,-55
-91,31,-60
-74,26,-41
-65,20,-32
-52,10,-16
-45,9,-9
-39,1,-11
-37,-5,-14
-37,-8,-17
-37,-6,-18
-43,-6,-21
-51,-6,-31
-60,-2,-33
-84,15,-28
-86,17,-30
-76,23,-30
-75,22,-31
-80,23,-17
-85,26,-9
-77,37,-5
-66,34,-4
-41,23,-1
-31,16,3
-30,9,4
-35,9,0
-41,9,-9
-45,7,-11
-48,1,-8
-56,-3,-9
-71,-13,-9
-77,-17,-13
-90,-23,-30
-98,-20,-37
-99,-8,-34
-98,0,-35
-91,18,-38
-83,18,-34
-69,14,-24
-62,12,-19
-40,7,-10
-34,-2,-6
-34,-5,-4
-30,-12,-4
-29,-14,-3
-39,-12,-9
-47,-9,-15
-52,-1,-14
-57,2,-12
-67,16,2
-68,19,1
-85,32,-18
-85,43,-17
-77,32,-17
-77,31,-19
-75,26,-24
-68,26,-22
-52,24,-14
-45,20,-9
-38,13,-7
-37,11,-7
-36,16,-7
-45,17,-11
-57,23,-15
-59,20,-17
-68,15,-19
-72,15,-19
-76,15,-23
-84,14,-28
-86,19,-28
-91,42,-22
-84,49,-25
-72,43,-23
-64,36,-22
-49,33,-13
-38,28,-6
-22,18,1
-20,14,0
-28,11,-6
-29,13,-7
-37,18,-10
-44,25,-13
-47,47,-5
-47,49,-1
-45,57,1
-46,68,1
-46,87,0
-51,84,6
-54,82,12
-48,81,13
-42,80,20
-37,70,15
-16,43,8
-15,34,7
-19,31,1
-19,31,0
-26,39,2
-28,44,5
-32,48,7
-34,53,7
-45,62,8
-47,66,4
-52,69,1
-69,86,3
-72,94,3
-49,72,1
-40,64,4
-40,62,8
-39,63,7
-24,53,5
-19,45,4
-18,36,3
-17,33,2
-16,32,1
-19,35,0
-24,44,-3
-23,48,-2
-26,64,5
-32,70,8
-36,81,6
-33,93,8
-31,84,6
-39,78,9
-51,61,13
-43,58,14
-27,53,11
-25,49,10
-24,34,5
-23,28,3
-29,29,2
-35,42,2
-36,49,3
-45,61,8
-48,63,7
-43,60,8
-44,62,8
-47,66,4
-47,66,2
-60,81,0
-62,91,0
-43,71,1
-37,63,3
-35,58,6
-30,56,6
-22,43,5
-22,35,3
-21,27,-1
-21,25,-2
-24,32,-5
-28,38,-7
-32,53,-6
-33,59,-5
-39,63,-7
-48,71,-7
-51,83,-6
-56,83,-7
-63,65,-5
-59,61,0
-45,63,9
-36,63,8
-24,52,7
-21,43,7
-19,27,7
-21,26,7
-24,31,6
-36,45,2
-41,49,0
-42,44,5
-47,40,5
-56,43,3
-61,43,-1
-68,39,-13
-74,43,-18
-88,69,-24
-80,66,-23
-60,55,-15
-58,53,-11
-40,46,-5
-31,38,0
-22,24,4
-21,17,3
-26,14,-3
-31,19,-4
-32,34,-5
-32,42,-6
-41,55,-7
-40,63,-3
-47,60,0
-60,63,-5
-60,73,-9
-61,73,-9
-57,79,-2
-38,75,6
-32,69,8
-23,53,9
-18,40,9
-12,24,9
-10,22,8
-13,25,6
-15,31,7
-24,46,4
-31,51,1
-39,64,3
-42,67,6
-49,68,6
-50,69,4
-66,94,-2
-76,106,-8
-58,75,-12
-45,65,-5
-37,60,5
-31,59,9
-21,45,9
-20,39,6
-23,27,0
-23,28,-2
-21,29,-1
-22,46,-1
-21,55,-1
-20,61,0
-24,71,2
-30,81,1
-32,94,-1
-46,91,5
-54,82,15
-30,72,20
-14,77,24
-1,66,21
-7,55,14
-21,35,7
-20,30,7
-16,28,9
-17,30,9
-27,42,13
-30,47,14
-30,48,10
-34,49,7
-42,54,5
-47,52,3
-56,52,-1
-65,58,-3
-82,84,-6
-72,84,-8
-54,67,0
-48,63,2
-37,56,3
-24,47,6
-16,33,9
-19,27,7
-22,23,3
-29,27,-3
-31,35,-5
-29,54,-1
-32,61,0
-37,76,4
-41,77,7
-37,86,3
-37,89,0
-50,69,11
-51,62,13
-29,64,16
-23,66,16
-23,60,14
-20,50,12
-14,28,9
-15,25,7
-17,29,5
-19,33,4
-29,51,7
-28,56,8
-30,57,9
-35,62,10
-43,63,10
-43,65,9
-53,82,10
-61,94,9
-47,84,2
-39,72,5
-35,65,11
-32,61,10
-24,53,9
-19,37,5
-20,32,4
-18,29,3
-19,30,2
-20,42,1
-19,51,1
-20,66,4
-22,72,6
-28,82,5
-29,87,2
-34,95,2
-39,82,9
-41,66,16
-25,66,15
-13,69,15
-16,64,13
-14,42,13
-12,31,12
-11,25,8
-13,26,6
-21,37,5
-25,46,8
-28,53,11
-32,56,10
-43,67,9
-48,69,6
-55,74,4
-57,79,1
-70,99,-4
-49,70,-4
-40,59,1
-37,55,1
-36,56,1
-23,45,1
-20,37,-1
-20,30,-2
-19,31,-2
-20,36,-5
-21,40,-6
-19,51,-6
-18,58,-3
-25,82,1
-28,79,2
-26,89,1
-27,93,1
-36,75,9
-35,72,13
-19,77,20
-12,77,23
-12,65,23
-10,52,22
-10,30,16
-13,28,11
-19,28,7
-27,38,9
-31,43,9
-33,47,8
-40,60,7
-44,67,5
-47,64,5
-52,66,5
-62,81,2
-58,87,1
-48,76,5
-39,67,8
-36,67,5
-29,63,5
-23,53,4
-15,36,5
-17,31,5
-20,30,3
-21,31,1
-25,41,-2
-23,49,-1
-26,63,5
-27,74,6
-30,74,9
-29,79,8
-27,82,4
-35,72,9
-37,59,18
-33,59,18
-27,69,21
-23,71,22
-19,54,19
-20,43,16
-20,33,11
-22,34,8
-26,38,7
-29,43,9
-33,50,13
-36,51,13
-43,56,13
-51,62,9
-52,62,9
-62,75,11
-70,86,8
-66,92,9
-55,83,17
-66,82,17
-73,85,11
-69,72,20
-62,59,19
-42,37,13
-35,30,14
-22,22,7
-19,18,-3
-30,19,-15
-21,18,-18
-36,14,-24
-41,13,-27
-31,5,-31
-36,0,-30
-44,-17,-33
-52,-25,-36
-76,-9,-45
-82,-6,-53
-82,6,-38
-68,-1,-13
-55,-8,-16
-60,-6,-16
-53,-7,-18
-46,-8,-35
-49,-11,-41
-44,-21,-32
-37,-28,-23
-27,-43,-17
-25,-50,-24
-29,-52,-28
-41,-46,-33
-63,-24,-41
-70,-14,-56
-89,8,-92
-82,5,-86
-91,8,-46
-76,3,-22
-8,-13,36
-7,-17,51
-37,-19,12
-69,-14,-39
-56,33,-47
-68,7,-68
-56,8,-49
-43,1,-30
-48,-7,1
-48,-11,5
-76,-12,-10
-87,-16,-20
-88,-3,-32
-97,4,-29
-85,4,-11
-70,0,-4
-53,-2,2
-40,-4,2
-37,-4,-2
-44,-2,-15
-47,-3,-20
-61,-10,-21
-61,-17,-16
-58,-37,-9
-54,-44,-7
-49,-46,-6
-53,-41,-12
-61,-26,-31
-70,-16,-45
-84,10,-60
-82,18,-57
-83,8,-51
-76,5,-36
-55,-7,-8
-47,-14,-6
-34,-25,-5
-27,-30,-7
-33,-27,-27
-39,-16,-30
-55,-9,-40
-52,-17,-45
-46,-20,-38
-48,-18,-30
-57,-9,-17
-58,-7,-9
-57,-4,-9
-81,4,-43
-94,12,-46
-92,9,-55
-86,6,-44
-70,-5,-43
-59,-8,-22
-38,-10,8
-34,-10,2
-30,-10,-17
-37,-6,-34
-45,0,-48
-60,-5,-57
-50,-16,-53
-41,-23,-43
-28,-46,-30
-26,-50,-16
-44,-42,-20
-62,-31,-61
-69,14,-90
-71,14,-93
-79,7,-59
-66,2,-36
-45,-11,-16
-44,-13,-10
-42,-11,0
-42,-11,-8
-44,-10,-26
-42,-9,-30
-44,-8,-33
-51,-11,-29
-54,-10,-24
-61,-12,-23
-67,-12,-25
-72,-5,-29
-79,-7,-35
-90,-4,-21
-96,3,-17
-84,13,-5
-75,10,-7
-61,5,-2
-52,3,4
-41,0,3
-41,0,0
-47,1,-5
-57,0,-13
-66,-4,-18
-70,-14,-19
-64,-35,-24
-55,-39,-24
-29,-46,-18
-21,-48,-13
-14,-34,-18
-31,-26,-49
-77,15,-128
-43,27,-102
-77,5,-97
-58,8,-69
-36,-5,-18
-29,-9,27
-20,-13,35
-14,-22,5
-37,-15,-14
-64,8,-15
-60,5,-9
-76,11,3
-97,4,-6
-92,3,-4
-94,-8,-5
-88,-16,-1
-94,-6,-1
-102,10,-2
-85,14,3
-50,20,10
-41,20,9
-38,14,7
-41,9,8
-34,2,7
-31,1,5
-40,2,-1
-50,-1,-4
-67,-5,-4
-72,-10,2
-71,-22,7
-71,-25,6
-81,-22,0
-86,-21,-4
-90,-19,-15
-89,-15,-14
-69,-1,-6
-69,2,-4
-88,13,-8
-64,8,2
-48,6,8
-35,-9,7
-37,-16,-3
-62,-13,-27
-79,-7,-33
-67,2,-9
-66,2,-3
-64,0,6
-73,-3,2
-89,-4,7
-83,-7,9
-101,-11,6
-110,-6,10
-83,-9,23
-78,-7,18
-64,4,9
-51,7,7
-23,9,12
-14,8,11
-13,5,-5
-20,-1,-21
-67,-33,-74
-82,-50,-42
-63,-57,23
-41,-50,16
-54,-75,10
-75,-69,8
-75,-30,24
-29,-27,35
21,-41,19
26,-51,-35
-25,-49,-63
-126,-21,-58
-128,-16,-88
-57,-7,-13
-61,-15,34
-80,-30,10
-70,-18,3
-4,10,42
3,-7,55
51,-42,31
58,-63,4
5,-64,-35
-44,-52,-54
-128,-21,-70
-128,-2,-58
-128,7,-2
-128,5,24
-128,-13,22
-110,-8,23
-13,25,66
6,26,62
32,1,14
40,-15,-6
-19,-28,-67
-60,-42,-67
-68,-33,-16
-91,-30,11
-120,-61,22
-64,-26,53
-5,6,86
86,-46,61
71,-58,24
20,-38,-41
-47,-32,-78
-128,-6,-80
-128,-10,-65
-119,-7,23
-121,-32,40
-87,-42,4
-54,-22,8
-21,-19,19
-10,-11,19
9,-16,13
12,-24,9
6,-34,-10
-6,-32,-14
-51,-15,-32
-70,-6,-23
-99,4,-35
-92,19,-23
-118,22,-38
-105,11,-29
-80,2,0
-65,-1,2
-51,-11,1
-66,-13,-6
-87,-9,-21
-73,-20,-22
-72,-27,-25
-51,-39,-12
-38,-42,-9
-27,-40,-15
-29,-40,-30
-46,-30,-46
-54,-28,-48
-69,-8,-54
-82,-2,-53
-90,-6,-38
-87,-8,-30
-70,-10,-16
-70,-9,-7
-59,-10,1
-51,-17,-3
-36,-17,-15
-32,-18,-22
-34,-15,-24
-37,-12,-20
-45,-8,-21
-48,-7,-21
-63,-10,-11
-62,-13,-13
-80,-21,-24
-82,-17,-20
-84,-7,-16
-88,3,-19
-77,9,-12
-70,7,-6
-56,4,-5
-47,3,-4
-45,0,-7
-50,-3,-11
-52,-5,-9
-58,-17,-8
-62,-23,-10
-59,-30,-9
-57,-32,-9
-64,-36,-24
-73,-37,-39
-84,-24,-51
-86,-10,-53
-84,4,-54
-76,4,-44
-59,1,-17
-50,-1,-9
-42,-6,-3
-39,-10,-3
-41,-17,-6
-42,-17,-9
-38,-14,-12
-42,-15,-10
-51,-14,-13
-51,-15,-13
-68,-14,-9
-71,-14,-13
-69,-13,-26
-83,-15,-43
-88,-2,-24
-85,3,-14
-90,17,-25
-74,11,-14
-68,8,-14
-58,2,-16
-54,1,-16
-45,-4,-22
-44,-8,-25
-48,-5,-33
-49,-11,-33
-46,-19,-24
-40,-21,-21
-39,-22,-21
-40,-21,-19
-35,-28,-18
-40,-31,-22
-52,-15,-29
-58,-4,-35
-77,15,-64
-84,18,-64
-94,8,-34
-82,0,-18
-62,-13,-3
-54,-17,-5
-36,-15,-15
-33,-13,-17
-35,-8,-13
-41,-3,-10
-61,11,-19
-61,17,-18
-59,15,-21
-66,17,-20
-59,9,-15
-59,7,-17
-65,14,-14
-77,36,-27
-69,54,-43
-65,32,-42
-63,25,-37
-53,13,-34
-48,12,-33
-43,8,-29
-39,5,-25
-39,5,-17
-43,5,-18
-54,16,-38
-52,20,-42
-50,16,-46
-54,19,-51
-61,37,-75
-58,45,-83
-54,41,-72
-56,40,-66
-45,37,-54
-39,33,-44
-29,24,-22
-26,21,-15
-25,16,-8
-24,13,-8
-25,15,-17
-27,20,-23
-34,38,-29
-49,54,-40
-55,55,-40
-55,64,-42
-55,69,-49
-60,58,-52
-61,51,-43
-54,43,-32
-48,42,-31
-40,35,-25
-33,29,-20
-28,20,-14
-28,19,-16
-31,21,-23
-36,23,-30
-46,25,-41
-50,23,-40
-54,20,-35
-58,19,-34
-59,14,-35
-61,13,-40
-76,38,-66
-75,56,-65
-60,56,-47
-57,51,-39
-42,37,-27
-40,31,-22
-30,22,-10
-25,20,-9
-27,15,-11
-31,16,-13
-32,17,-15
-39,20,-22
-47,25,-26
-58,38,-29
-63,40,-31
-70,44,-30
-71,46,-34
-81,48,-46
-80,45,-44
-78,46,-25
-71,49,-20
-48,47,-15
-40,42,-11
-29,26,-3
-26,21,-1
-26,17,-5
-32,21,-9
-46,29,-19
-53,31,-26
-52,24,-19
-56,16,-14
-65,4,-14
-66,2,-14
-61,-3,-26
-66,-5,-37
-90,10,-62
-89,24,-56
-82,24,-58
-71,18,-56
-71,23,-56
-63,31,-27
-36,20,-17
-13,10,17
-13,11,45
-8,5,21
-22,1,-28
-39,-1,-43
-54,-9,-53
-73,-25,-51
-83,-27,-37
-100,-21,-23
-103,-14,-38
-98,16,-49
-95,26,-28
-85,38,-2
-69,39,-4
-39,30,1
-32,21,5
-22,9,9
-21,4,7
-24,0,0
-32,1,-5
-56,1,-14
-65,0,-17
-63,-7,1
-68,-18,2
-77,-29,-1
-76,-29,-2
-72,-30,-19
-77,-27,-34
-99,-4,-60
-87,21,-48
-85,16,-48
-70,8,-36
-61,5,-22
-38,2,0
-32,0,1
-30,-4,-1
-33,-6,5
-36,-8,5
-35,-8,2
-40,-12,-9
-55,-12,-15
-82,-6,-26
-89,-1,-29
-107,-2,-42
-102,-7,-45
-89,-8,-37
-84,-3,-27
-74,9,-9
-68,15,-6
-48,14,3
-42,11,6
-34,7,7
-26,3,3
-34,3,-3
-49,4,-10
-61,2,-14
-63,-5,-14
-66,-20,-12
-68,-28,-10
-63,-30,-6
-59,-29,-20
-65,-30,-34
-77,-18,-44
-71,-5,-40
-87,-6,-52
-79,-6,-49
-62,-6,-24
-57,-5,-8
-44,-8,-3
-43,-12,-10
-36,-13,-6
-27,-14,-17
-39,-11,-17
-48,-8,-6
-47,-11,23
-55,-13,20
-82,-14,10
-71,-12,5
-68,-4,-37
-81,-6,-54
-104,4,-42
-112,12,-31
-82,14,-11
-62,8,-5
-50,0,5
-48,-5,4
-55,-8,-7
-62,-7,-14
-66,-5,-27
-51,-15,-30
-41,-20,-27
-25,-27,-17
-20,-31,-10
-12,-34,-5
-10,-36,-5
-27,-43,-33
-47,-40,-56
-65,-18,-63
-84,-12,-75
-93,-13,-55
-82,-16,-41
-53,-17,-20
-46,-16,-15
-40,-15,-9
-32,-15,-7
-35,-15,-19
-38,-14,-22
-47,-11,-23
-62,-13,-34
-70,-12,-34
-58,-9,-30
-69,7,-57
-89,8,-72
-95,14,-48
-91,15,-24
-71,24,-7
-54,20,-10
-45,17,-1
-33,9,6
-32,9,3
-33,8,-7
-39,9,-14
-54,9,-23
-50,3,-23
-58,-8,-20
-65,-12,-24
-68,-18,-25
-67,-20,-27
-77,-18,-51
-87,-11,-66
-91,22,-75
-89,27,-70
-73,20,-48
-59,16,-37
-41,8,-19
-35,6,-10
-31,0,-3
-28,-3,-3
-32,-8,-9
-36,-8,-13
-48,-11,-23
-52,-9,-26
-72,1,-27
-81,8,-23
-79,12,-26
-78,13,-35
-76,18,-33
-77,22,-15
-80,28,-12
-66,32,-9
-67,28,-10
-53,19,-2
-44,13,0
-36,7,-3
-35,6,-6
-41,8,-10
-47,8,-13
-54,1,-20
-61,-4,-21
-66,-8,-17
-69,-9,-17
-80,-13,-34
-82,-14,-40
-88,-9,-45
-91,3,-47
-85,27,-51
-77,25,-43
-66,16,-32
-59,15,-27
-43,11,-14
-39,7,-12
-38,5,-10
-38,2,-11
-33,-2,-11
-35,-4,-12
-43,-8,-17
-47,-8,-17
-60,-2,-14
-81,6,-19
-82,7,-12
-99,12,-19
-104,19,-23
-84,19,-17
-82,20,-19
-66,20,-21
-56,16,-17
-34,9,-5
-29,6,-2
-27,6,-4
-32,7,-7
-44,7,-12
-54,8,-14
-76,6,-25
-90,-2,-31
-97,-20,-26
-103,-32,-36
-82,-47,-20
-56,-43,-14
-33,-28,-18
-47,-11,-28
-41,7,0
-48,8,-4
-82,11,-45
-76,11,-45
-42,32,-9
-75,29,-41
-51,-1,-46
-65,-18,-65
-52,-25,-48
-44,-25,-24
-46,-23,-10
-56,-6,6
-46,5,11
-77,7,-20
-99,17,-39
-128,28,-34
-126,36,-37
-55,17,-12
-36,7,-11
-25,4,-2
-22,3,11
-19,0,13
-17,1,4
-56,13,-18
-90,16,-40
-75,-9,-55
-70,-25,-40
-66,-51,-17
-64,-59,-3
-32,-50,16
-8,-47,19
-25,-31,-15
-92,-25,-90
-123,70,-106
-123,29,-126
-61,-4,-50
-38,-10,-18
-23,-11,-2
-37,-4,-2
-15,2,29
-12,4,24
-28,3,6
-60,4,-30
-55,11,-26
-84,2,-58
-85,-4,-64
-71,-10,-46
-79,-5,-58
-75,-8,-88
-68,0,-82
-75,15,-59
-72,20,-52
-30,22,-23
-15,18,-17
-7,11,25
-13,10,37
0,7,20
-15,8,-15
-73,39,-98
-96,6,-128
-61,-26,-60
-58,-38,-44
-56,-35,-9
-45,-28,3
-49,-29,-19
-61,-25,-62
-78,31,-93
-76,43,-98
-82,19,-117
-49,12,-44
-47,9,-18
-38,6,17
-27,1,1
-25,3,-4
-12,9,16
0,-8,27
-33,-12,11
-86,-9,-6
-73,-13,1
-69,-15,7
-75,-19,6
-97,-12,5
-100,-1,4
-89,5,1
-79,1,-2
-62,1,-7
-55,3,-6
-46,8,-2
-40,5,-2
-28,-1,-3
-22,-2,0
-24,0,-9
-58,-2,-34
-99,-10,-59
-82,-16,-47
-70,-27,-32
-60,-28,-26
-54,-29,-30
-48,-24,-52
-53,-21,-72
-49,7,-50
-70,32,-47
-82,16,-70
-49,6,-40
-27,-6,-10
-26,-7,-13
-14,-2,10
-15,-8,12
-24,-19,-11
-33,-15,-19
-53,-6,-41
-71,-17,-66
-84,-27,-81
-87,-21,-62
-99,-13,-31
-92,1,-21
-72,14,-25
-64,17,-13
-76,25,-28
-72,21,-35
-45,14,-23
-34,10,-15
-27,4,-8
-28,1,-6
-29,-3,-9
-31,-3,-12
-55,-2,-25
-66,-2,-32
-71,-13,-29
-73,-20,-23
-71,-24,-20
-64,-22,-18
-67,-23,-30
-81,-10,-55
-89,2,-61
-78,11,-55
-65,6,-48
-54,3,-31
-49,1,-22
-35,-3,-7
-31,-7,-4
-33,-14,-7
-38,-16,-12
-47,-16,-23
-57,-17,-27
-68,-15,-32
-74,-11,-29
-87,-4,-24
-87,-1,-22
-82,-5,-24
-90,-6,-25
-95,5,-16
-90,4,-14
-65,6,-8
-55,2,-1
-47,9,1
-37,8,-3
-26,2,5
-24,1,7
-41,-2,6
-56,-8,-5
-61,-22,-7
-86,-49,-38
-80,-49,-46
-49,-37,-46
-36,-30,-43
-16,-23,-36
-11,-24,-48
-58,-34,-84
-73,-18,-64
-114,-6,-40
-123,-8,-32
-120,3,16
-78,1,26
-38,-5,17
-32,-4,10
-25,-3,-9
-24,-1,-15
-18,-2,-19
-25,-4,-24
-36,-6,-25
-34,-10,-28
-49,-22,-41
-71,-26,-50
-88,-33,-53
-92,-26,-56
-99,13,-34
-124,26,-21
-85,27,-16
-76,31,-1
-81,43,45
-52,25,50
-43,19,34
-45,13,0
-49,13,-9
-56,3,-7
-60,-6,-11
-46,-15,-12
-37,-28,-15
-26,-45,-18
-25,-45,-18
-46,-36,-27
-54,-30,-29
-60,-16,-39
-60,1,-39
-97,1,-53
-96,-6,-37
-79,-15,-5
-76,-15,2
-60,-15,-7
-59,-18,-15
-47,-10,-11
-45,-10,-10
-45,-3,-12
-52,1,-10
-73,7,-16
-79,11,-16
-75,12,-21
-78,11,-27
-85,10,-34
-83,13,-27
-79,18,-21
-67,22,-13
-61,17,-14
-38,9,-4
-32,7,1
-32,6,-5
-34,5,-8
-49,4,-15
-55,1,-18
-53,-12,-11
-57,-18,-11
-72,-19,-17
-74,-20,-24
-77,-22,-38
-91,-18,-47
-98,11,-53
-91,21,-53
-83,17,-39
-76,15,-33
-54,10,-20
-42,8,-11
-32,3,-4
-33,2,-4
-34,-5,-6
-33,-6,-8
-37,-6,-14
-42,-7,-16
-56,-2,-18
-72,9,-19
-71,8,-20
-77,15,-25
-81,17,-34
-79,26,-38
-82,30,-32
-88,40,-35
-89,36,-36
-72,24,-20
-60,18,-10
-46,13,-10
-45,12,-21
-40,14,-36
-38,15,-39
-31,6,-44
-18,2,-36
-9,-18,-23
-7,-28,-22
-17,-33,-13
-30,-31,-31
-39,-7,-76
-63,21,-81
-84,35,-128
-77,26,-126
-77,10,-59
-71,4,-33
-52,0,-3
-49,-3,-1
-36,-11,-6
-30,-12,-9
-36,-12,-31
-36,-7,-27
-41,-5,-33
-48,2,-43
-56,4,-40
-56,6,-31
-55,9,-28
-63,6,-47
-63,11,-45
-78,27,-32
-82,34,-32
-69,31,-31
-62,25,-25
-62,20,12
-39,11,11
-42,1,-17
-51,4,-17
-59,-1,-7
-56,-6,-7
-55,-16,-11
-54,-22,-14
-53,-23,-17
-58,-20,-31
-60,-12,-48
-74,8,-51
-97,33,-90
-77,31,-87
-68,15,-59
-58,13,-42
-34,7,-7
-32,3,1
-31,-4,3
-30,-7,-1
-31,-5,-12
-43,3,-27
-51,10,-29
-73,15,-45
-74,16,-46
-68,10,-43
-67,13,-42
-72,20,-53
-74,21,-54
-84,34,-32
-86,40,-12
-69,31,-3
-46,24,-8
-39,19,-19
-29,19,-8
-23,7,4
-33,8,-5
-62,21,-14
-85,25,-32
-74,-2,-51
-56,-17,-39
-58,-37,-42
-58,-35,-29
-31,-38,-2
-28,-37,0
-45,-16,-52
-43,-1,-73
-42,31,-89
-61,38,-116
-38,21,-94
-43,8,-23
-41,3,-10
-43,3,14
-48,5,28
-48,-3,17
-39,2,1
-40,15,-42
-39,23,-54
-60,37,-89
-60,35,-87
-56,23,-68
-57,13,-61
-49,7,-30
-50,4,-27
-47,21,-48
-38,32,-34
-39,20,-40
-39,20,-39
-26,20,-29
-40,20,-28
-44,17,-34
-45,20,-37
-51,14,-34
-55,8,-30
-61,6,-26
-62,6,-26
-66,9,-41
-68,13,-48
-74,31,-53
-70,47,-49
-69,46,-43
-72,37,-30
-62,33,-21
-45,26,-14
-38,20,-11
-24,12,-2
-17,10,0
-35,10,-7
-40,18,-8
-57,27,-15
-63,36,-18
-64,46,-16
-68,45,-10
-82,46,-10
-88,47,-17
-94,44,-24
-91,44,-17
-74,49,4
-63,49,10
-32,46,14
-22,40,13
-16,22,7
-17,19,6
-23,19,2
-45,30,-7
-58,33,-11
-59,30,-12
-46,19,-6
-64,7,-20
-66,2,-28
-78,3,-56
-78,11,-67
-83,46,-87
-73,50,-84
-54,33,-55
-50,28,-41
-45,22,-32
-42,20,-29
-29,11,-20
-30,9,-17
-39,1,-12
-45,-4,-17
-39,-2,-23
-42,-2,-26
-51,8,-24
-53,12,-24
-63,14,-20
-63,21,-21
-71,29,-41
-80,31,-50
-79,32,-36
-74,31,-28
-65,27,-20
-56,23,-15
-45,17,-9
-38,13,-6
-31,9,-1
-30,11,-4
-45,16,-20
-63,27,-40
-65,22,-37
-55,3,-22
-56,-5,-27
-67,-10,-30
-65,-10,-33
-71,-1,-54
-83,18,-69
-74,48,-89
-72,41,-82
-62,31,-47
-47,25,-31
-36,15,-8
-36,9,-8
-38,-2,-14
-38,-5,-16
-36,-2,-27
-38,1,-30
-41,7,-30
-39,8,-33
-47,18,-22
-53,21,-25
-71,30,-39
-77,28,-44
-83,30,-38
-86,26,-33
-86,26,-22
-80,30,-18
-56,20,-13
-35,9,-8
-25,6,-9
-25,4,-9
-36,8,-14
-48,17,-37
-52,16,-36
-57,2,-35
-54,-5,-34
-56,-17,-29
-58,-18,-26
-70,-17,-47
-77,-8,-65
-85,23,-86
-77,35,-85
-74,23,-71
-63,20,-55
-37,16,-14
-31,12,-7
-30,6,-11
-30,3,-13
-31,-2,-18
-32,-2,-20
-41,-2,-28
-45,-1,-28
-52,4,-23
-67,5,-27
-87,13,-34
-88,18,-36
-93,24,-49
-85,26,-40
-81,24,-21
-74,28,-13
-55,28,-3
-36,13,0
-32,8,0
-35,6,-9
-35,6,-13
-42,6,-16
-51,6,-19
-59,2,-18
-61,-4,-18
-67,-13,-18
-70,-17,-20
-73,-19,-22
-76,-21,-30
-94,-21,-51
-92,-6,-48
-85,14,-47
-82,11,-48
-61,5,-34
-49,7,-20
-35,6,-5
-34,3,-6
-32,1,-4
-31,0,-2
-36,-4,-4
-40,-6,-8
-53,-5,-12
-59,-2,-10
-82,3,-16
-94,7,-18
-87,12,-14
-95,9,-30
-90,14,-26
-85,15,-15
-82,18,-12
-65,21,-5
-53,18,-2
-33,10,3
-33,8,-1
-38,6,-8
-38,4,-8
-52,1,-6
-58,-2,-8
-62,-19,-7
-62,-27,-2
-68,-41,-10
-69,-39,-5
-90,-37,-23
-112,-35,-43
-101,-2,-25
-98,-1,-25
-85,-4,-22
-76,-4,-17
-53,1,1
-45,1,7
-47,-15,6
-46,-24,2
-48,-29,5
-51,-35,5
-56,-44,-4
-52,-47,0
-54,-44,5
-54,-47,13
-52,-44,16
-28,-38,33
-27,-43,31
-36,-40,23
-26,-30,33
-24,-33,31
-29,-36,27
-25,-38,33
-27,-42,27
-13,-40,14
-4,-40,16
-3,-38,23
-5,-45,25
-4,-56,35
3,-60,36
13,-60,45
8,-59,46
10,-58,37
14,-54,35
11,-66,14
13,-68,9
20,-59,22
9,-58,25
17,-50,34
17,-46,26
14,-36,12
13,-31,11
20,-29,10
23,-31,12
22,-50,16
12,-71,32
3,-83,42
-14,-91,60
-27,-89,58
-35,-66,42
-35,-67,32
-55,-58,20
-57,-49,19
-35,-39,29
-30,-44,29
-26,-48,27
-26,-39,29
-16,-28,21
-9,-26,20
-9,-32,12
-8,-29,12
-15,-35,36
-15,-45,43
-25,-62,30
-32,-60,27
-15,-54,37
-12,-51,31
-22,-55,15
-33,-55,8
-39,-42,1
-53,-34,-6
-58,-27,-12
-61,-26,-14
-43,-33,-3
-40,-26,3
-53,-23,-5
-35,-20,1
-38,-19,-1
-73,-8,-12
-60,7,8
-91,19,4
-107,27,-4
-71,56,24
-60,40,14
-36,41,11
-48,55,14
-47,63,27
-35,71,26
-29,91,19
-32,92,25
-27,65,28
-25,53,25
-19,37,14
-18,39,10
-24,44,8
-29,50,12
-26,51,15
-28,59,16
-31,68,20
-29,69,23
-38,76,24
-47,85,23
-55,105,22
-48,82,20
-34,58,19
-29,75,18
-24,78,17
-11,67,15
-11,55,13
-16,43,11
-15,40,11
-11,39,9
-10,42,9
-12,51,6
-10,57,8
-8,72,15
-10,73,20
-12,85,12
-13,91,11
-29,87,21
-31,81,22
-21,77,24
-12,75,26
-6,61,24
-9,48,21
-14,28,14
-15,26,12
-20,28,10
-23,33,10
-20,46,16
-21,51,17
-25,68,19
-30,70,17
-41,73,22
-54,81,21
-61,92,19
-57,87,13
-47,75,14
-38,67,14
-33,70,14
-20,66,13
-15,60,13
-12,47,14
-11,41,12
-11,33,8
-12,33,7
-15,38,6
-17,46,6
-17,64,8
-15,70,11
-22,78,20
-23,88,17
-19,87,15
-26,79,20
-33,73,19
-28,71,18
-20,74,20
-16,68,23
-17,46,21
-17,35,16
-15,26,8
-18,27,8
-23,36,9
-26,43,12
-27,54,15
-29,60,15
-40,68,15
-45,70,19
-45,73,19
-57,92,15
-59,97,15
-37,75,12
-30,66,13
-29,67,12
-27,66,13
-16,54,11
-15,45,9
-14,35,8
-15,31,7
-15,31,4
-17,35,3
-19,53,4
-18,64,6
-19,78,11
-22,81,15
-22,89,13
-19,91,9
-29,80,17
-34,71,20
-23,66,16
-16,67,17
-13,63,21
-13,56,21
-12,35,16
-12,28,13
-19,31,10
-20,36,10
-23,42,12
-25,54,14
-29,58,15
-40,71,15
-43,74,20
-49,75,23
-53,86,22
-50,103,22
-40,86,18
-29,65,16
-28,64,14
-22,63,14
-15,57,14
-12,40,10
-12,32,8
-13,30,6
-13,33,6
-12,48,4
-11,56,5
-10,69,8
-9,72,11
-16,83,18
-18,88,16
-22,92,17
-25,83,19
-27,75,23
-23,74,22
-8,75,24
-9,56,21
-11,43,19
-12,26,13
-13,25,11
-20,31,11
-22,38,12
-28,52,12
-30,61,14
-33,64,17
-36,67,18
-40,65,18
-44,67,17
-54,90,16
-57,100,19
-38,74,18
-33,65,16
-30,68,13
-28,68,13
-13,54,13
-11,45,12
-10,32,10
-13,29,6
-14,33,4
-14,38,4
-14,63,8
-13,72,10
-11,85,12
-14,84,11
-15,99,8
-24,80,13
-32,69,20
-25,63,21
-14,68,21
-2,68,19
-4,60,17
-9,36,15
-10,29,15
-16,28,10
-19,31,7
-21,48,11
-20,54,14
-23,58,15
-29,63,16
-35,68,17
-35,67,16
-35,78,12
-38,87,10
-45,99,12
-35,84,9
-21,65,6
-20,68,6
-19,64,7
-14,57,7
-12,39,4
-12,35,5
-13,28,3
-9,30,2
-12,44,0
-14,54,3
-13,75,8
-23,85,6
-26,89,6
-27,97,1
-27,100,-1
-37,75,5
-31,68,8
-7,71,4
-4,73,-2
-6,59,-1
-5,48,4
-6,30,9
-6,27,8
-7,34,4
-9,42,6
-12,55,7
-15,57,9
-27,64,16
-33,67,18
-36,72,13
-36,73,10
-39,84,6
-48,96,9
-48,91,10
-37,74,9
-24,56,6
-24,60,7
-22,54,8
-17,47,8
-13,35,8
-15,30,7
-19,31,4
-21,35,4
-23,51,5
-22,72,5
-19,76,6
-21,86,7
-21,87,7
-16,93,5
-18,86,6
-26,67,15
-24,66,17
-6,70,23
-2,70,22
-4,59,19
-6,49,19
-10,30,14
-13,27,12
-16,34,9
-18,39,10
-23,57,13
-22,59,14
-26,64,14
-32,66,15
-39,65,19
-42,70,18
-50,86,16
-56,96,18
-40,79,16
-33,65,15
-30,62,9
-31,64,9
-18,54,12
-12,38,10
-13,33,9
-15,32,5
-14,36,5
-16,54,7
-15,61,7
-10,75,12
-12,77,14
-20,85,17
-14,86,10
-22,83,9
-33,77,16
-26,67,19
-21,73,22
-6,70,22
-4,63,19
-7,39,17
-8,32,15
-13,30,9
-17,32,9
-20,44,11
-18,49,12
-25,60,15
-29,67,18
-35,66,17
-37,66,17
-46,80,16
-54,94,17
-51,96,18
-33,64,17
-29,60,15
-29,66,14
-22,62,15
-12,44,11
-11,40,11
-14,31,6
-16,33,5
-17,42,5
-19,50,5
-14,70,8
-12,78,9
-16,82,17
-19,86,16
-16,89,8
-23,79,12
-28,67,22
-22,68,25
-6,72,29
0,68,28
-10,51,21
-14,40,20
-18,27,15
-19,25,11
-22,32,9
-21,46,13
-21,47,13
-24,51,13
-30,66,16
-36,72,19
-38,71,20
-48,81,21
-55,93,23
-42,86,21
-33,75,19
-46,78,19
-53,90,16
-40,91,17
-54,84,16
-64,77,15
-58,66,11
-57,53,9
-49,48,7
-23,49,18
-9,38,17
-11,20,17
-9,12,22
-8,-4,36
-14,-8,34
-9,-18,46
-26,-19,46
-45,-14,38
-44,-6,36
-83,13,31
-72,14,30
-59,5,29
-51,-1,28
-72,4,19
-58,8,18
-74,3,23
-66,-5,49
-55,-5,58
-38,-38,28
-31,-46,24
-30,-68,21
-40,-68,31
-71,-39,56
-118,-7,53
-87,13,70
-61,5,61
-65,-1,30
-55,1,25
-32,-6,16
-26,-7,14
-23,-10,3
-23,-13,-2
-28,-17,-9
-31,-20,-6
-41,-16,20
-49,-13,37
-45,-16,61
-28,-18,60
-50,14,40
-81,32,38
-31,39,71
-24,47,81
-36,44,65
-40,44,58
-41,38,58
-36,24,41
-34,19,30
-32,16,27
-34,20,32
-44,24,39
-43,23,45
-41,21,50
-46,18,48
-61,12,45
-65,17,47
-72,29,46
-74,42,42
-68,59,39
-60,54,37
-44,42,29
-36,38,26
-27,35,29
-24,31,31
-21,19,24
-23,15,20
-35,19,14
-38,23,14
-43,36,16
-45,46,22
-36,48,36
-34,49,40
-15,45,33
-12,55,28
-25,89,24
-37,99,26
-42,97,24
-32,91,23
-12,76,27
-6,48,23
-7,37,19
-12,27,10
-14,26,8
-18,33,6
-21,39,9
-21,55,18
-19,59,19
-30,64,23
-35,68,25
-43,74,22
-46,83,19
-62,108,20
-53,92,20
-29,63,22
-22,59,19
-19,63,15
-19,59,15
-13,47,13
-12,38,12
-14,32,9
-16,36,8
-15,45,8
-15,50,9
-15,70,12
-13,70,15
-19,79,22
-19,81,21
-14,85,6
-31,80,17
-35,77,23
-25,74,26
-17,74,28
-8,60,26
-8,48,24
-10,27,17
-10,20,14
-15,21,10
-24,26,11
-36,44,13
-35,48,17
-45,49,26
-51,54,30
-51,59,32
-49,62,28
-50,75,17
-57,90,16
-49,79,17
-41,68,18
-35,65,16
-35,66,14
-31,61,15
-28,54,17
-25,36,14
-24,34,11
-26,34,10
-27,35,9
-26,39,11
-28,49,13
-31,55,16
-35,64,26
-35,71,26
-26,70,17
-32,69,21
-41,66,27
-37,66,24
-32,67,19
-28,63,21
-26,46,26
-25,35,22
-27,21,13
-29,20,10
-38,25,9
-45,30,12
-54,38,19
-55,39,18
-60,40,19
-63,43,21
-72,54,16
-72,62,13
-65,82,7
-58,74,7
-48,56,9
-45,53,9
-41,50,9
-34,46,11
-18,32,9
-19,22,6
-22,20,5
-25,25,0
-27,30,0
-30,48,3
-30,52,5
-30,66,8
-32,72,10
-28,91,8
-23,95,5
-33,91,20
-38,90,31
-21,80,31
-15,75,27
-8,64,23
-11,54,19
-11,35,13
-15,33,10
-19,36,8
-20,38,8
-20,46,11
-20,45,10
-25,53,18
-30,64,20
-32,67,11
-33,68,10
-35,84,15
-41,99,12
-44,88,6
-34,73,7
-22,65,7
-13,56,2
-11,53,2
-8,39,7
-9,35,8
-18,30,5
-20,31,5
-24,44,3
-22,53,2
-18,66,5
-21,75,9
-22,86,10
-21,84,11
-28,102,10
-24,97,4
-31,66,4
-34,61,6
-18,72,7
-11,76,9
-3,58,7
-2,48,6
-6,35,2
-9,32,2
-11,30,1
-13,33,3
-17,43,7
-22,49,12
-30,63,16
-32,67,14
-36,69,14
-38,70,16
-51,84,15
-60,100,16
-43,84,10
-27,63,10
-27,65,9
-38,70,16
-51,84,15
-60,100,16
-43,84,10
-27,63,10
-27,65,9
-24,61,12
-18,54,11
-8,38,10
-10,32,8
-19,33,6
-20,37,6
-16,53,5
-14,60,4
-12,72,6
-13,75,8
-19,83,9
-19,90,5
-19,89,15
-27,80,24
-27,69,33
-12,66,31
10,73,22
8,65,18
-1,43,15
-5,34,13
-5,30,12
-6,30,11
-13,39,14
-16,47,15
-18,56,19
-20,60,20
-27,66,22
-29,71,22
-31,75,21
-49,99,21
-54,108,23
-37,77,22
-29,65,22
-22,67,18
-23,65,16
-15,53,13
-11,45,12
-13,30,9
-17,31,6
-16,36,4
-17,37,5
-16,47,7
-17,59,8
-20,79,16
-22,85,20
-14,92,21
-6,95,16
-14,83,19
-22,74,22
-10,72,23
2,76,22
6,65,17
2,55,16
-5,34,15
-8,29,12
-15,29,5
-23,41,7
-27,49,9
-27,59,13
-26,61,16
-33,65,19
-37,63,21
-42,66,22
-45,68,19
-55,89,18
-52,93,19
-32,75,18
-28,70,18
-25,73,17
-22,69,18
-13,54,17
-13,42,13
-10,33,12
-11,29,8
-11,35,8
-10,41,8
-7,61,7
-10,68,7
-14,76,11
-18,78,17
-20,89,15
-20,92,13
-26,79,20
-20,72,22
-9,75,24
2,70,27
7,58,23
1,35,18
-2,29,16
-11,29,10
-16,30,9
-19,41,12
-18,47,15
-19,64,21
-20,70,25
-20,71,27
-21,73,28
-30,84,28
-38,95,27
-43,102,26
-37,83,22
-23,64,20
-22,69,16
-21,66,15
-18,58,13
-12,42,13
-14,36,13
-16,33,8
-13,33,5
-12,45,2
-11,54,2
-8,68,6
-8,70,9
-13,76,19
-15,85,19
-18,95,17
-24,87,24
-28,76,28
-9,76,25
2,77,27
8,60,21
2,49,17
-8,30,12
-10,28,11
-17,30,10
-17,33,10
-22,43,14
-26,51,18
-33,63,18
-39,67,19
-47,73,25
-47,77,28
-46,91,28
-46,97,28
-31,75,25
-24,64,22
-25,62,19
-23,63,16
-19,52,13
-17,44,12
-16,30,9
-16,27,8
-16,27,5
-17,32,4
-17,45,6
-16,53,7
-18,71,11
-18,75,15
-20,80,25
-16,89,23
-19,92,23
-34,77,38
-36,69,35
-20,67,18
-16,72,16
-7,59,22
-6,45,20
-12,25,12
-17,23,8
-22,30,7
-22,34,8
-21,50,17
-22,55,22
-24,59,24
-29,61,25
-44,62,20
-51,62,17
-56,71,11
-61,79,11
-57,83,15
-46,73,14
-36,68,10
-32,68,10
-21,58,9
-17,49,9
-15,37,9
-15,36,9
-18,36,5
-29,49,4
-33,53,5
-33,64,6
-31,67,7
-33,70,13
-33,73,14
-39,71,14
-44,65,20
-45,53,19
-42,55,15
-36,65,15
-30,62,20
-22,45,23
-20,35,18
-23,24,11
-28,26,9
-39,33,9
-43,37,12
-47,39,17
-51,37,16
-56,40,15
-59,42,15
-62,42,12
-61,45,10
-56,45,1
-61,54,-1
-59,59,-4
-55,53,-3
-51,51,-1
-37,46,5
-28,39,8
-28,31,8
-29,30,7
-34,35,3
-35,38,0
-33,53,-2
-33,62,0
-29,74,8
-27,79,9
-26,88,7
-31,84,15
-35,72,20
-30,71,17
-19,73,18
-14,72,18
-13,59,18
-13,48,16
-14,34,11
-16,34,10
-17,37,10
-17,40,12
-19,47,15
-19,48,17
-24,57,21
-28,63,24
-28,74,24
-29,77,23
-36,90,21
-44,91,22
-40,80,18
-29,67,13
-26,69,11
-22,61,10
-19,53,10
-12,42,12
-12,40,10
-12,39,5
-11,43,4
-13,49,2
-13,52,1
-13,63,3
-14,68,6
-18,78,13
-16,86,13
-19,93,16
-26,84,21
-30,74,32
-20,78,34
8,78,27
8,71,22
1,49,20
-6,39,18
-14,33,11
-14,32,10
-12,32,10
-14,35,11
-19,45,17
-20,50,16
-25,61,16
-32,73,19
-36,78,27
-40,95,25
-45,110,26
-40,83,24
-31,69,23
-21,70,17
-20,71,13
-13,59,14
-9,51,15
-17,32,13
-18,30,12
-18,28,5
-19,31,3
-20,43,9
-20,54,13
-17,67,17
-20,76,19
-21,84,23
-16,83,17
-24,82,16
-32,75,27
-21,64,29
-11,67,26
-1,70,22
-4,62,19
-9,40,16
-14,31,11
-16,32,9
-17,32,7
-20,39,10
-25,51,16
-25,51,18
-35,58,22
-40,62,24
-46,62,21
-46,64,20
-55,90,20
-60,105,23
-44,85,21
-33,71,21
-25,66,15
-21,65,13
-11,55,13
-8,47,14
-8,33,14
-10,29,12
-14,28,4
-17,30,1
-20,46,1
-20,55,3
-20,74,11
-21,77,16
-24,92,20
-20,99,18
-28,88,25
-29,77,30
-14,67,22
-1,72,24
13,64,22
10,53,19
1,35,16
-8,28,11
-11,31,9
-17,41,9
-21,51,12
-22,60,17
-23,65,20
-28,67,24
-31,67,24
-35,65,21
-38,66,19
-57,87,19
-63,93,19
-44,73,12
-31,66,11
-23,64,12
-21,60,13
-12,49,13
-12,41,12
-13,33,9
-14,33,7
-18,40,5
-19,48,5
-17,66,8
-17,72,11
-20,79,19
-21,81,22
-12,85,12
-18,86,14
-28,72,25
-18,73,21
-11,76,19
-6,67,20
-5,57,20
-3,32,17
-5,26,15
-11,30,14
-12,32,13
-17,39,12
-26,48,15
-30,58,21
-31,58,24
-37,62,27
-40,62,25
-43,68,21
-47,80,20
-54,99,20
-48,85,16
-30,66,15
-30,66,16
-22,60,16
-15,52,16
-9,37,15
-11,32,13
-14,32,9
-14,43,8
-15,50,9
-14,56,9
-12,70,15
-17,74,21
-17,79,19
-14,92,12
-22,86,16
-30,71,24
-27,70,27
-6,73,29
2,69,29
0,46,22
-4,35,20
-11,23,13
-15,24,11
-18,33,11
-20,43,14
-23,61,20
-22,66,23
-30,68,27
-34,68,28
-35,63,23
-38,65,20
-51,88,22
-54,99,24
-37,74,16
-28,64,14
-26,63,14
-24,59,13
-13,46,12
-10,39,11
-9,32,10
-11,31,8
-15,44,7
-18,52,7
-16,64,8
-16,77,14
-19,80,16
-14,93,11
-16,96,10
-31,77,23
-30,67,24
-14,72,29
-2,72,27
2,61,19
1,51,18
-3,28,14
-5,24,13
-11,27,8
-12,31,8
-19,51,13
-22,58,18
-26,63,23
-28,64,23
-35,67,24
-37,69,23
-43,74,18
-48,84,18
-45,90,18
-37,79,16
-29,70,15
-28,70,13
-20,60,13
-14,51,15
-9,36,11
-9,31,9
-12,32,8
-15,40,7
-15,49,7
-14,62,8
-13,69,10
-20,76,16
-22,82,18
-16,95,12
-23,92,17
-37,73,29
-29,69,32
0,68,29
7,67,24
2,47,16
-2,38,14
-9,29,11
-11,29,8
-12,36,5
-10,43,6
-18,58,13
-20,61,18
-24,65,25
-26,69,25
-29,76,22
-36,84,21
-53,107,31
-47,94,28
-27,69,23
-21,68,20
-22,65,17
-9,53,13
-10,42,11
-9,34,12
-9,31,10
-9,40,8
-9,45,7
-11,58,6
-11,69,7
-9,72,10
-13,71,15
-13,86,14
-13,91,12
-25,82,22
-27,79,26
-17,78,34
-5,75,33
4,58,27
2,43,21
0,27,16
-4,25,13
-13,30,8
-15,37,7
-15,57,11
-17,61,12
-23,69,20
-24,71,26
-26,73,33
-27,73,32
-31,80,27
-43,94,29
-40,89,25
-26,72,18
-20,71,17
-18,66,16
-13,61,18
-9,47,15
-9,43,14
-11,34,10
-11,33,7
-13,37,4
-14,44,5
-13,61,8
-11,69,10
-9,81,19
-11,81,23
-4,85,20
-3,83,15
-17,75,21
-20,76,23
-11,77,23
-3,78,25
2,63,24
1,50,22
-3,31,15
-7,28,12
-15,29,9
-18,32,8
-22,49,13
-20,64,18
-20,68,20
-25,73,25
-26,72,29
-30,72,26
-32,74,22
-49,99,30
-48,93,31
-29,65,23
-21,59,20
-20,61,16
-18,58,15
-10,48,15
-8,42,14
-11,32,11
-12,34,9
-11,45,7
-11,52,6
-11,67,8
-10,70,10
-11,72,15
-15,78,16
-12,90,14
-17,88,16
-31,76,29
-30,69,32
-1,70,36
11,69,32
8,48,16
1,40,14
-5,24,15
-6,22,15
-9,31,14
-11,52,21
-11,62,24
-12,70,24
-14,68,25
-22,66,27
-26,69,27
-38,94,30
-46,111,31
-34,82,24
-23,67,21
-16,64,17
-17,64,16
-11,53,16
-7,46,15
-9,33,13
-10,27,11
-13,30,7
-14,37,7
-15,59,8
-13,63,9
-13,77,16
-15,79,20
-10,91,16
-11,98,15
-26,81,25
-27,74,27
-4,76,30
8,74,28
13,57,18
5,35,13
-2,28,11
-12,28,9
-13,34,9
-12,48,13
-13,54,17
-13,63,22
-12,66,26
-16,68,31
-20,68,30
-27,74,28
-34,88,30
-37,104,32
-30,88,26
-19,66,18
-20,67,16
-22,58,14
-18,53,16
-11,36,14
-13,30,11
-13,29,6
-12,31,5
-12,44,5
-12,57,7
-12,73,15
-12,82,19
-12,88,20
-12,95,17
-19,91,19
-25,71,28
-13,69,27
13,70,21
15,66,16
5,51,13
-3,41,14
-12,26,14
-13,24,10
-13,32,10
-15,42,15
-19,62,26
-23,68,28
-25,67,29
-26,65,28
-31,65,27
-33,66,24
-43,76,19
-49,85,21
-40,74,16
-35,68,12
-31,68,8
-30,67,10
-18,56,14
-13,48,15
-11,34,12
-12,33,10
-13,33,7
-14,37,6
-13,55,8
-14,71,14
-16,73,16
-17,74,17
-15,83,15
-19,91,15
-25,83,21
-28,69,23
-22,70,27
-1,72,30
6,68,27
3,45,19
0,34,16
-8,25,10
-13,27,9
-18,37,9
-17,45,12
-19,57,18
-21,64,22
-26,68,30
-28,70,32
-28,71,30
-29,77,26
-37,106,27
-36,99,26
-24,69,18
-21,63,17
-21,66,15
-16,64,15
-7,52,13
-8,45,13
-12,38,11
-14,38,13
-27,51,26
-37,87,21
-38,82,28
-33,62,52
-44,46,46
-46,26,34
-33,21,34
-62,33,16
-81,46,9
-75,57,-12
-68,61,-4
-48,48,14
-29,33,20
-8,10,27
-5,5,24
-14,5,11
-26,9,7
-55,26,13
-57,27,13
-59,10,13
-69,3,13
-66,-7,19
-60,-11,14
-65,-8,9
-86,3,-3
-110,41,-30
-109,45,-38
-98,38,-27
-84,35,-16
-56,25,3
-38,11,12
-34,7,14
-36,3,11
-39,3,5
-41,10,1
-49,14,-3
-58,22,-5
-58,18,-3
-67,16,-1
-74,15,3
-77,16,5
-81,19,1
-102,27,5
-99,27,8
-83,40,12
-68,42,11
-44,35,15
-34,26,17
-27,15,14
-29,12,9
-34,10,4
-39,11,3
-59,12,0
-68,10,3
-75,-3,9
-75,-9,9
-73,-18,6
-75,-21,2
-71,-20,-5
-73,-20,-8
-96,1,-15
-88,17,-16
-88,20,-15
-78,18,1
-65,15,11
-48,4,18
-46,1,18
-54,-3,13
-59,-4,6
-59,0,1
-67,-3,-5
-68,-10,-12
-67,-14,-5
-70,-22,2
-67,-25,-1
-61,-35,-2
-55,-41,-4
-78,-33,-9
-85,-25,-6
-64,-17,-1
-54,-15,1
-56,-8,4
-32,7,23
-33,0,31
-29,-10,4
-25,-14,7
-22,-21,6
-53,-35,14
-64,-42,21
-68,-59,23
-62,-60,18
-60,-60,12
-71,-59,5
-81,-58,-6
-60,-46,-16
-46,-40,-12
-48,-35,-9
-47,-31,-5
-36,-29,5
-32,-29,6
-27,-32,1
-24,-35,-1
-21,-37,0
-26,-41,-1
-49,-51,-3
-66,-56,-4
-80,-60,-1
-84,-57,-2
-83,-43,4
-76,-40,9
-72,-34,-18
-81,-27,-19
-62,-8,9
-53,-3,14
-50,-9,4
-44,-14,3
-33,-19,4
-27,-21,5
-27,-21,2
-28,-22,2
-36,-26,7
-44,-30,12
-69,-46,17
-72,-56,20
-69,-56,18
-66,-55,11
-60,-57,7
-66,-55,-2
-70,-47,-6
-52,-43,-11
-46,-44,-12
-52,-40,-9
-51,-37,-3
-30,-43,1
-15,-48,-4
11,-59,-16
3,-50,-16
-46,-32,-24
-68,-31,-15
-60,-11,29
-73,3,45
-116,8,36
-122,-8,32
-89,-6,25
-70,-11,19
-63,-28,-9
-65,-33,-22
-46,-36,-14
-40,-31,1
-36,-27,2
-31,-24,3
-28,-20,3
-23,-17,3
-31,-15,-2
-49,-17,1
-49,-22,6
-37,-38,5
-33,-51,-1
-29,-69,6
-34,-70,5
-37,-67,-5
-81,-54,-21
-128,-7,-34
-128,2,-53
-110,-8,-37
-86,-12,-20
-50,-12,-3
-39,-7,8
-42,-5,13
-42,-12,8
-48,-25,-6
-49,-25,-10
-48,-23,-12
-49,-23,-12
-52,-22,-8
-56,-22,-8
-65,-17,-3
-66,-18,2
-66,-22,-3
-85,-18,-4
-101,-14,0
-94,-5,6
-85,5,9
-54,0,8
-46,-3,5
-34,-4,7
-34,-4,8
-36,-7,-2
-38,-9,-3
-56,-11,-5
-71,-14,-2
-70,-29,9
-65,-38,11
-57,-45,17
-52,-46,17
-51,-49,1
-77,-46,-18
-99,-30,-16
-87,-21,-10
-79,-11,-12
-77,-11,-10
-68,-6,6
-67,0,12
-49,0,18
-43,-2,15
-37,2,18
-34,0,27
-31,0,42
-40,-2,40
-45,-4,36
-43,-9,35
-48,-9,31
-63,-8,19
-49,-13,15
-76,-16,1
-101,-19,-2
-112,-5,-9
-107,6,-8
-68,11,14
-47,6,17
-23,2,25
-24,1,22
-39,-1,9
-48,-2,6
-67,-4,4
-72,-7,6
-67,-22,13
-67,-29,10
-69,-30,15
-67,-28,17
-84,-26,7
-101,-20,0
-94,-1,-2
-88,2,-3
-86,0,-6
-82,0,-4
-58,5,6
-43,5,10
-33,2,10
-34,0,7
-38,-3,7
-41,-4,8
-42,-7,10
-51,-8,14
-60,-7,17
-78,-7,22
-89,-5,25
-88,0,24
-84,0,20
-102,5,7
-96,5,6
-66,13,21
-59,18,26
-50,14,22
-44,11,16
-32,4,9
-30,2,8
-32,0,7
-40,1,7
-59,1,12
-66,0,16
-75,-9,23
-69,-15,25
-62,-31,19
-62,-36,11
-83,-45,-13
-90,-45,-24
-66,-18,-14
-67,-11,-25
-77,2,-48
-75,6,-44
-93,9,-60
-49,5,-27
-33,0,-9
-20,-11,-17
-22,-12,-12
-22,-12,3
-19,-13,1
-40,-10,-20
-48,-11,-32
-53,-9,-35
-75,-5,-57
-85,-23,-82
-73,-27,-80
-88,-22,-50
-92,-9,-35
-75,13,-15
-63,14,-12
-43,8,-5
-42,6,-2
-35,1,-4
-33,1,-7
-36,-2,-14
-44,-5,-18
-50,-13,-17
-52,-21,-17
-64,-37,-22
-64,-42,-23
-61,-44,-25
-62,-44,-33
-65,-39,-47
-69,-32,-48
-77,-12,-58
-67,-4,-51
-63,-4,-45
-51,-6,-29
-45,-6,-18
-39,-11,-6
-39,-15,-5
-41,-24,-11
-42,-22,-13
-46,-19,-21
-47,-19,-23
-54,-14,-20
-56,-15,-20
-67,-13,-19
-68,-9,-19
-71,-16,-30
-77,-20,-32
-94,-20,-26
-98,-9,-24
-86,3,-12
-74,-1,-11
-45,-7,0
-38,-8,3
-34,-8,-3
-33,-8,-6
-49,-13,-16
-61,-15,-16
-67,-27,-10
-58,-36,-6
-44,-48,-3
-48,-48,10
-44,-45,12
-68,-45,-22
-83,-37,-31
-95,-17,-31
-90,-15,-32
-77,-17,-15
-67,-16,-6
-53,-15,10
-52,-17,14
-45,-20,16
-49,-22,9
-45,-19,1
-40,-18,-3
-47,-18,-15
-48,-19,-17
-37,-23,-17
-35,-24,-20
-27,-34,-31
-24,-41,-31
-41,-51,-73
-62,-38,-93
-111,31,-24
-128,32,-32
-90,17,-14
-97,14,0
-78,4,35
-75,-7,30
-73,-6,4
-66,-2,-10
-50,-16,-41
-37,-25,-49
-11,-40,-53
4,-47,-37
5,-47,-29
-1,-48,-32
-12,-50,-43
-46,-50,-56
-69,-43,-61
-76,-33,-56
-85,-28,-50
-76,-18,-44
-74,-13,-36
-51,-10,-17
-60,-10,-8
-57,-17,-11
-50,-16,-18
-45,-16,-21
-51,-17,-19
-51,-16,-18
-48,-15,-18
-40,-21,-15
-32,-25,-17
-34,-32,-25
-51,-38,-35
-81,-43,-37
-88,-41,-31
-85,-26,-18
-77,-21,-13
-44,-19,-12
-32,-19,-18
-36,-14,-30
-50,-15,-28
-52,-17,-34
-63,-23,-34
-71,-28,-16
-68,-33,7
-59,-30,20
-47,-27,31
-39,-28,29
-22,-34,11
-28,-40,-17
-48,-43,-56
-63,-38,-61
-76,-35,-55
-75,-36,-45
-57,-33,-14
-44,-29,0
-37,-27,1
-40,-27,-6
-44,-24,-19
-45,-22,-25
-44,-18,-26
-41,-18,-25
-50,-17,-14
-60,-17,-11
-60,-18,-3
-55,-22,-18
-59,-24,-34
-100,-20,-49
-127,-2,-41
-85,10,1
-67,3,16
-39,0,24
-36,-1,22
-49,0,-9
-50,2,-20
-48,-6,-26
-55,-15,-31
-64,-28,-24
-66,-34,-16
-57,-43,-10
-52,-44,-12
-38,-42,-14
-33,-40,-19
-50,-32,-49
-64,-22,-57
-74,-7,-70
-71,-6,-78
-65,-2,-70
-64,2,-59
-55,7,-38
-52,11,-13
-70,14,17
-70,8,17
-74,12,29
-60,11,37
-48,2,34
-61,2,27
-60,-1,5
-63,-7,1
-57,-5,1
-45,-6,1
-46,-20,-24
-75,-30,-65
-65,-31,-58
-85,-18,-31
-81,-11,-1
-66,-11,2
-59,-9,2
-25,-3,38
-29,-8,29
-69,-4,-29
-73,-8,-36
-62,-31,-53
-39,-48,-50
-15,-71,-22
-15,-64,-3
5,-56,2
1,-47,3
-48,-21,-17
-80,-19,-55
-88,2,-80
-98,-4,-81
-93,-25,-41
-83,-36,-18
-55,-33,28
-55,-32,23
-38,-26,3
-37,-23,-12
-51,-8,-48
-52,-3,-51
-56,-15,-35
-58,-24,-18
-50,-29,-8
-49,-36,-11
-49,-37,-21
-77,-28,-31
-90,-21,-31
-93,-2,-20
-89,7,-10
-75,4,11
-61,0,17
-37,-5,15
-33,-7,11
-38,-8,-2
-37,-10,-12
-43,-14,-26
-46,-21,-24
-46,-34,-14
-47,-39,-7
-36,-44,-5
-33,-43,-7
-46,-34,-21
-64,-29,-37
-94,-2,-75
-97,8,-82
-97,1,-63
-90,-6,-48
-68,-6,-19
-60,-4,-10
-56,-7,-8
-49,-11,-13
-44,-13,-14
-39,-14,-19
-37,-13,-20
-45,-10,-25
-52,-6,-23
-59,-4,-19
-65,-6,-18
-70,-7,-18
-73,-9,-25
-83,-10,-21
-88,-10,-16
-86,0,-12
-77,5,-7
-56,2,-1
-49,2,5
-40,-5,7
-39,-9,10
-58,-4,10
-84,-3,-17
-41,11,5
-50,5,-6
-68,-19,-15
-43,-28,-14
-15,-47,-15
-17,-55,-28
-47,-46,-43
-83,-29,-46
-128,22,-51
-128,27,-26
-128,9,-10
-101,-16,-11
-95,-21,-4
-64,-24,17
-49,-23,20
10,-24,18
31,-28,14
24,-28,14
22,-27,14
6,-25,-2
1,-25,-17
-35,-28,-38
-49,-24,-31
-105,1,-33
-128,25,-24
-128,27,-11
-128,24,26
-120,-24,23
-122,-25,7
-88,-20,12
-56,-25,8
3,-24,0
23,-30,6
35,-35,3
24,-29,2
5,-39,-5
7,-49,-10
11,-60,-20
2,-57,-25
-23,-40,-19
-59,-26,-41
-128,10,-49
-128,39,-65
-86,25,-44
-102,4,3
-81,-19,7
-53,-11,14
-44,-3,15
-41,-16,-1
-44,-19,-8
-44,-19,-10
-48,-19,-12
-59,-15,-24
-57,-12,-20
-68,-10,-20
-77,-11,-20
-87,-5,-16
-87,-2,-17
-89,5,-20
-88,6,-17
-78,12,-6
-75,21,4
-54,18,7
-50,11,4
-43,4,5
-39,2,3
-39,-1,-4
-44,-3,-7
-55,-7,-10
-55,-11,-6
-58,-25,-7
-65,-30,-13
-64,-29,-11
-45,-32,-11
-43,-29,-23
-112,-1,-107
-79,18,-59
-99,28,-78
-81,16,-76
-49,7,-47
-47,4,-32
-40,2,-4
-37,2,-2
-38,-2,-13
-38,-5,-19
-34,-6,-23
-34,-8,-20
-49,-7,-27
-57,-7,-31
-72,1,-36
-76,1,-42
-80,1,-49
-87,2,-50
-93,13,-32
-88,30,-19
-79,32,-15
-70,28,-14
-56,18,-4
-51,13,0
-30,3,0
-33,3,0
-39,5,-3
-50,4,-3
-52,2,1
-53,-13,7
-58,-21,6
-68,-28,-1
-72,-27,-7
-74,-25,-18
-78,-25,-25
-89,-10,-38
-85,2,-41
-80,6,-37
-80,4,-33
-64,1,-21
-51,-1,-11
-38,-13,-5
-41,-17,-7
-42,-19,-5
-41,-19,-6
-41,-18,-9
-41,-17,-12
-55,-15,-20
-63,-12,-21
-71,-9,-17
-79,-8,-13
-81,-5,-16
-79,-5,-16
-85,-1,-14
-90,6,-14
-92,8,-7
-78,17,7
-64,13,8
-44,7,6
-36,1,4
-34,-5,8
-32,-5,10
-36,-8,-8
-44,-12,-17
-51,-23,-32
-51,-27,-36
-45,-41,-44
-52,-45,-37
-87,-14,-42
-83,-8,-47
-88,-10,-65
-75,-3,-51
-94,13,-11
-88,19,3
-62,0,-7
-48,-4,-11
-27,-3,-3
-28,-4,-4
-43,-10,-8
-44,-13,-5
-47,-12,5
-54,-17,3
-71,-17,2
-92,-12,-10
-97,-10,-5
-93,-8,2
-98,-2,-11
-97,3,-18
-89,10,-17
-67,15,-10
-59,15,-8
-43,12,5
-38,10,6
-32,5,2
-29,3,3
-27,2,3
-31,1,3
-57,3,1
-67,2,5
-65,-11,10
-68,-16,9
-77,-21,6
-80,-21,1
-86,-23,-16
-93,-22,-23
-96,4,-27
-90,17,-24
-81,17,-17
-75,13,-18
-49,8,-9
-37,6,-2
-28,2,1
-26,-2,1
-25,-3,2
-26,-3,3
-46,4,-5
-51,9,-10
-55,27,-4
-59,37,3
-60,38,6
-51,44,1
-48,54,-2
-52,87,15
-55,95,22
-44,100,31
-39,102,32
-26,83,24
-17,62,24
-8,32,20
-10,27,16
-16,32,8
-18,34,6
-20,41,8
-21,46,10
-27,55,16
-31,62,20
-33,70,26
-36,71,29
-41,84,32
-45,97,30
-42,80,24
-36,66,23
-33,58,20
-33,63,17
-23,63,16
-17,56,15
-15,43,12
-15,38,9
-15,37,8
-14,42,8
-17,48,9
-37,66,18
-49,72,16
-82,78,22
-75,80,35
-68,74,38
-74,67,35
-75,53,33
-65,54,29
-40,58,27
-31,55,25
-12,46,34
-3,36,39
-11,22,34
-17,18,29
-17,7,34
-14,8,37
-13,3,42
-10,-4,41
-4,-7,51
-9,-4,56
-15,-14,60
-8,-16,65
-9,-18,65
-8,-17,65
-14,-3,73
-14,3,77
-15,-3,65
-15,-1,63
-18,0,61
-14,2,61
-9,1,61
-10,-2,55
-13,-2,55
-11,1,60
-11,-4,56
-9,-2,59
-8,1,61
-8,-7,59
-2,-2,63
-5,0,66
-2,0,68
-6,-4,67
-4,-2,66
-6,-5,63
-4,-5,70
-16,-14,80
-16,-3,78
-8,-13,52
-6,8,57
-16,11,61
-20,14,63
-14,12,60
-15,12,58
-11,12,59
-11,13,61
-19,11,63
-19,9,65
-17,7,65
-16,3,63
-13,2,63
-13,3,63
-13,3,64
-9,3,65
-10,3,65
-14,-1,61
-17,-1,60
-17,0,58
-16,0,57
-14,-1,58
-18,0,58
-16,1,61
-15,1,59
-16,-3,55
-16,-4,56
-14,-3,61
-13,-3,62
-18,2,65
-22,2,65
-21,-2,64
-20,-3,64
-20,-2,64
-19,-2,63
-20,-2,62
-21,-3,62
-21,-1,64
-22,0,64
-20,-1,64
-21,2,65
-22,3,64
-17,2,61
-14,2,59
-12,7,57
-13,10,59
-15,16,57
-17,16,52
-23,18,48
-24,16,47
-27,13,46
-28,15,49
-36,17,53
-38,17,54
-35,16,54
-34,17,54
-23,15,52
-18,15,50
-22,17,44
-35,22,46
-32,22,49
-28,22,48
-20,24,46
-15,25,45
-23,32,38
-20,35,35
-10,44,29
-9,53,27
-15,77,28
-27,93,35
-46,96,50
-16,75,41
-2,65,32
6,58,24
4,57,24
-9,63,28
-14,64,27
-14,57,22
-13,55,22
-9,59,24
-8,59,22
-3,60,19
-4,62,19
-6,62,17
-6,61,18
-9,63,16
-10,64,16
-11,65,16
-11,66,16
-12,64,15
-13,63,15
-15,59,16
-16,58,17
-19,60,18
-17,61,19
-16,68,20
-16,69,23
-17,74,29
-20,74,33
-27,67,40
-33,67,43
-58,69,41
-65,68,43
-66,64,38
-78,60,33
-76,56,32
-70,44,24
-68,35,21
-67,27,13
-59,21,11
-50,4,9
-47,1,9
-26,-8,14
-23,-17,17
-33,-29,16
-26,-28,19
-27,-31,20
-28,-32,19
-22,-29,27
-22,-31,31
-27,-28,33
-27,-26,36
-25,-25,41
-24,-28,39
-22,-36,43
-25,-38,42
-28,-46,35
-26,-51,36
-24,-52,36
-23,-52,33
-18,-51,37
-15,-49,40
-14,-49,38
-13,-49,39
-15,-49,36
-10,-51,36
-8,-52,36
-8,-51,33
-7,-50,33
-5,-50,28
-1,-50,28
1,-48,22
4,-50,15
38,-51,30
30,-50,25
25,-50,27
25,-53,29
17,-52,33
19,-52,33
32,-52,33
31,-53,30
27,-57,28
21,-56,28
-4,-59,30
-15,-61,32
-20,-66,34
-13,-65,30
-20,-60,22
-21,-60,23
-23,-56,25
-18,-55,28
-18,-50,32
-10,-49,29
-4,-49,29
-8,-49,31
-10,-49,33
-13,-51,31
-17,-52,28
-13,-53,32
-11,-54,34
-16,-56,30
-16,-55,29
-15,-55,31
-15,-53,30
-12,-53,32
-10,-52,31
-7,-52,35
-6,-55,35
2,-53,40
-4,-54,32
-5,-54,32
-7,-54,32
-5,-54,33
-3,-53,34
-8,-53,33
-8,-54,32
-8,-54,32
-9,-53,34
-12,-53,35
-13,-52,33
-13,-53,32
-12,-54,33
-12,-54,32
-13,-54,31
-13,-54,32
-13,-54,31
-14,-54,31
-15,-53,32
-13,-53,35
-20,-51,29
-22,-51,25
-18,-44,28
-15,-41,32
-15,-36,35
-18,-35,30
-14,-34,30
-12,-30,29
-15,-28,23
-15,-27,21
-37,-25,5
-35,-24,5
-17,-20,8
-25,-10,9
-52,0,-3
-49,1,-5
-66,14,-9
-110,24,-18
-69,44,-11
-72,35,-12
-88,39,-11
-79,43,-10
-60,55,5
-53,63,12
-49,78,21
-50,87,23
-45,85,24
-27,72,22
-17,66,24
-10,59,26
-12,57,25
-14,53,22
-15,52,20
-18,57,18
-19,58,18
-19,59,18
-17,60,16
-24,65,17
-23,64,17
-17,62,17
-16,62,17
-14,60,17
-13,60,18
-10,59,18
-12,59,19
-12,60,19
-14,60,18
-13,60,18
-16,61,17
-16,61,17
-16,61,17
-16,61,18
-16,61,18
-16,60,17
-16,60,18
-16,60,18
-16,60,17
-16,60,17
-17,61,17
-17,61,17
-15,61,16
-16,62,16
-16,61,16
-15,60,16
-15,61,18
-14,60,18
-14,61,17
-14,62,18
-14,63,17
-14,62,17
-12,60,17
-14,60,16
-12,63,16
-12,62,16
-12,63,14
-13,64,14
-13,65,13
-11,63,13
-6,63,12
-4,63,12
-1,62,12
-2,64,12
-2,66,14
-2,66,13
-4,63,16
-8,63,17
-6,60,18
-6,59,18
-7,55,18
-11,55,18
-11,56,18
-15,54,19
-15,59,21
-15,62,24
-17,62,25
-19,60,29
-21,61,32
-21,58,34
-22,62,36
-20,78,41
-16,77,40
-19,60,34
-20,54,29
-22,57,23
-20,61,23
-15,68,22
-17,69,22
-15,64,14
-14,62,13
-14,59,13
-14,56,11
-11,52,12
-10,50,13
-10,52,13
-10,53,12
-11,63,17
-11,77,24
-8,81,26
-3,93,28
-7,92,31
-14,78,30
-15,73,23
-4,72,17
1,71,19
8,57,16
6,48,11
0,37,5
-4,37,4
-13,40,2
-17,42,4
-20,47,5
-21,50,9
-27,61,18
-26,61,21
-25,66,27
-28,66,27
-38,72,33
-44,80,37
-44,84,39
-37,78,36
-32,70,32
-30,77,29
-21,81,23
-16,75,19
-10,64,14
-9,57,11
-11,53,9
-10,48,7
-10,46,6
-6,45,7
-6,47,7
-6,59,8
-8,64,8
-11,78,12
-11,87,10
-16,84,20
-19,80,30
-19,75,37
-9,73,37
12,79,38
17,74,37
11,47,27
4,39,23
-6,36,18
-11,38,15
-18,46,15
-18,50,15
-16,51,15
-17,54,16
-22,62,20
-27,66,23
-26,69,29
-29,75,33
-36,90,39
-36,88,39
-32,67,35
-29,62,34
-26,68,31
-17,73,26
-14,72,24
-12,57,17
-11,50,14
-11,44,11
-11,42,11
-10,38,9
-8,39,10
-7,46,13
-8,51,14
-9,66,19
-11,75,23
-9,88,25
-7,98,29
-8,84,34
-11,77,35
-5,72,28
2,73,26
11,65,24
7,58,21
0,40,15
-4,35,13
-11,36,11
-13,39,11
-16,46,11
-14,48,12
-17,57,19
-22,66,24
-24,66,31
-22,72,40
-25,77,41
-34,90,50
-33,90,50
-28,70,40
-29,60,35
-27,66,30
-22,72,27
-13,73,22
-12,65,19
-11,51,9
-11,49,10
-12,47,9
-12,46,8
-10,43,8
-8,45,9
-9,54,13
-10,61,13
-7,72,20
-9,78,23
-5,91,25
-4,90,29
-7,75,35
-5,66,34
5,65,31
11,66,27
12,68,27
10,59,24
1,40,17
-4,37,14
-8,42,13
-12,48,14
-13,52,14
-15,53,18
-17,56,22
-18,62,27
-14,63,31
-15,70,36
-19,73,36
-27,84,39
-31,91,43
-24,78,41
-23,61,34
-24,56,27
-22,64,26
-14,72,23
-9,68,21
-9,56,17
-11,54,15
-12,47,11
-11,44,11
-8,41,9
-7,44,10
-8,54,12
-7,60,13
-7,70,16
-9,76,18
-11,88,23
-10,94,24
-10,83,28
-6,66,30
0,60,28
14,62,28
17,65,27
9,54,21
6,43,19
-2,35,14
-6,37,12
-10,44,12
-11,48,13
-12,53,16
-13,53,19
-16,55,25
-16,59,29
-16,69,32
-19,72,35
-26,85,42
-30,99,46
-22,90,44
-17,69,38
-22,55,28
-23,62,27
-17,72,21
-10,69,19
-5,54,16
-6,47,11
-7,44,9
-9,44,7
-9,45,9
-6,51,15
-6,52,13
-8,64,15
-8,70,18
-10,80,25
-8,87,25
-2,90,33
-1,78,33
-8,66,30
-5,65,29
8,70,25
9,67,24
1,54,21
0,43,19
-8,32,15
-10,32,14
-12,39,14
-11,42,14
-12,49,19
-13,54,20
-14,60,25
-21,66,29
-23,70,34
-23,76,40
-27,87,46
-27,94,51
-21,83,47
-22,66,39
-23,62,31
-22,66,28
-19,71,23
-16,65,15
-13,49,14
-13,45,10
-13,44,9
-12,44,10
-11,45,10
-9,48,11
-8,51,13
-9,61,14
-9,64,18
-11,71,22
-13,80,23
-11,89,28
-10,83,34
-7,68,37
-4,61,33
11,63,31
15,67,29
7,61,26
4,48,24
-5,34,17
-9,36,15
-12,43,16
-12,46,17
-15,52,18
-13,50,21
-17,55,25
-20,61,28
-16,66,33
-16,75,36
-18,78,37
-27,94,43
-25,98,44
-18,69,36
-18,57,30
-17,58,23
-13,60,23
-9,61,20
-10,58,19
-12,49,15
-12,44,14
-18,42,13
-20,43,12
-18,47,12
-14,49,12
-12,58,13
-14,64,14
-17,77,20
-15,82,21
-10,86,21
-4,89,27
2,76,34
3,68,32
13,56,29
10,60,28
2,65,27
-1,58,25
-4,37,19
-6,33,16
-8,38,14
-10,43,14
-15,53,15
-18,56,20
-16,58,21
-16,67,30
-17,72,33
-15,70,34
-15,72,37
-23,72,40
-26,78,44
-21,79,45
-15,68,40
-18,62,32
-20,65,29
-17,69,23
-13,67,20
-10,55,15
-8,49,11
-12,44,10
-15,44,11
-9,42,10
-8,43,13
-11,53,15
-9,59,15
-8,71,20
-9,77,24
-6,86,26
-4,88,31
-5,73,33
-6,68,33
-3,65,30
2,68,25
0,69,28
-2,52,24
-1,41,20
-2,32,18
-4,36,18
-9,43,13
-14,50,16
-13,50,21
-13,52,23
-17,65,28
-16,67,28
-12,74,34
-15,80,37
-29,99,46
-32,106,50
-21,69,42
-23,52,35
-22,61,27
-18,63,22
-9,59,20
-4,53,20
-10,45,14
-12,44,14
-14,45,12
-16,44,9
-13,49,10
-11,54,12
-9,60,14
-8,67,19
-9,71,21
-12,80,23
-10,79,23
-7,82,31
-5,75,34
-6,65,32
2,63,32
14,68,30
9,71,26
3,53,25
1,42,22
-4,33,15
-6,34,15
-7,39,13
-11,45,15
-15,54,19
-16,55,19
-18,61,26
-16,66,31
-17,73,34
-17,78,37
-24,89,44
-27,96,47
-18,81,42
-13,63,38
-16,58,28
-17,62,27
-18,61,21
-14,59,18
-8,50,14
-8,46,12
-12,45,11
-13,46,9
-13,46,8
-11,53,12
-10,58,14
-8,70,16
-8,73,17
-6,77,19
-6,83,20
-6,85,26
-4,74,30
-8,54,31
-7,54,29
3,62,31
2,68,34
-5,64,30
-6,53,26
-6,39,20
-7,38,17
-10,44,17
-10,45,17
-16,47,19
-17,49,20
-15,55,25
-16,61,27
-16,69,34
-14,71,37
-18,75,37
-22,75,36
-28,85,40
-23,76,34
-21,66,29
-21,62,23
-20,63,20
-17,69,16
-12,66,15
-5,53,11
-5,50,12
-11,49,10
-10,48,9
-9,47,10
-9,48,10
-7,53,11
-5,57,14
-7,65,16
-8,67,20
-11,81,26
-9,84,27
-8,81,36
-12,74,37
-10,66,32
-8,66,32
-6,69,28
-6,68,26
-4,51,21
-2,39,17
-1,34,14
-3,36,12
-11,42,9
-16,50,13
-17,52,15
-18,57,21
-20,63,22
-14,71,30
-15,72,33
-12,72,41
-15,73,42
-26,89,49
-23,87,48
-17,68,38
-20,64,30
-22,70,26
-19,69,22
-9,60,18
-6,51,13
-8,44,11
-13,45,9
-15,47,7
-11,46,7
-7,47,9
-7,52,10
-6,68,14
-5,66,16
-10,73,22
-11,82,23
-6,87,29
-9,82,31
-8,68,33
0,65,33
4,68,30
7,67,27
4,59,25
-3,42,19
-7,37,17
-13,34,15
-14,38,14
-12,46,15
-14,52,19
-13,55,23
-14,61,25
-13,69,29
-15,71,32
-17,68,32
-20,70,34
-26,75,37
-29,83,41
-23,74,40
-20,64,36
-24,64,29
-23,69,26
-14,73,23
-10,67,20
-10,52,12
-8,48,11
-12,46,10
-13,45,9
-9,45,8
-7,48,9
-5,55,10
-5,60,13
-7,69,19
-9,83,20
-5,87,20
-7,87,28
-11,80,27
-12,64,21
-6,65,23
11,69,26
12,68,27
9,48,22
7,38,20
-4,36,15
-6,38,14
-14,47,14
-13,51,16
-12,56,21
-11,56,23
-15,59,27
-15,63,30
-11,67,31
-13,71,32
-20,81,37
-26,93,42
-24,85,40
-18,70,37
-22,61,28
-22,68,27
-14,71,23
-9,66,22
-4,48,13
-4,42,10
-10,43,11
-8,44,8
-8,46,8
-7,52,11
-6,53,11
-7,64,13
-9,67,16
-13,77,21
-11,83,21
-7,92,31
-5,87,35
-1,67,35
3,61,32
17,68,27
17,69,24
7,56,20
1,47,17
-7,37,12
-6,37,13
-8,41,11
-12,47,12
-13,54,18
-9,52,19
-18,57,21
-20,61,26
-11,67,35
-9,67,36
-16,71,38
-21,76,40
-24,91,46
-21,75,38
-18,63,34
-19,64,28
-18,69,26
-14,72,23
-10,65,19
-5,49,8
-6,45,8
-8,44,13
-9,42,10
-8,43,7
-7,46,10
-6,52,13
-5,58,14
-6,69,20
-7,71,22
-7,82,27
-6,88,29
-8,81,35
-12,74,40
-5,57,36
1,62,34
8,70,31
4,67,27
-1,49,20
-3,39,16
-7,34,13
-8,39,12
-12,48,12
-15,50,15
-16,51,17
-19,54,22
-23,57,23
-16,64,33
-13,65,36
-14,73,40
-16,76,41
-24,88,47
-24,89,48
-17,67,38
-17,63,34
-17,67,26
-15,68,24
-11,59,19
-10,54,16
-10,46,10
-10,44,8
-14,48,10
-16,49,10
-12,54,10
-11,58,12
-11,67,17
-9,72,18
-7,75,18
-5,77,21
1,84,22
4,77,24
1,59,28
-1,55,27
8,59,28
5,68,30
0,68,32
0,47,28
0,38,25
-5,36,20
-6,39,19
-11,48,20
-15,53,21
-17,54,28
-17,55,30
-17,66,36
-13,69,38
-9,75,44
-9,76,45
-19,86,43
-20,88,43
-15,73,34
-12,61,28
-17,56,24
-18,58,22
-19,63,17
-17,60,18
-13,45,13
-15,42,13
-17,41,11
-16,42,11
-12,43,14
-10,46,16
-11,57,18
-10,60,19
-7,63,23
-12,76,28
-10,83,31
-6,85,34
-7,76,38
-1,62,34
0,59,30
1,66,26
-1,68,25
-9,57,21
-9,47,21
-6,33,17
-6,34,15
-9,44,17
-9,46,16
-12,53,19
-13,56,20
-12,61,26
-13,64,27
-15,69,32
-12,69,36
-9,71,40
-11,73,39
-21,91,45
-17,78,45
-15,62,36
-13,52,29
-14,54,24
-15,61,22
-14,68,17
-8,56,12
-7,51,9
-10,46,4
-14,49,2
-14,51,3
-16,52,4
-11,55,6
-9,59,8
-10,70,17
-11,74,25
-5,82,27
1,89,33
9,83,47
7,77,45
16,69,36
12,74,32
9,69,24
4,64,19
-1,42,10
-2,35,8
-8,35,7
-9,38,7
-13,42,7
-15,44,9
-17,52,15
-15,55,18
-16,66,23
-18,71,26
-22,81,36
-26,84,40
-30,98,47
-20,77,45
-23,64,41
-22,67,32
-20,71,27
-11,65,22
-8,57,19
-7,44,13
-7,42,9
-9,44,9
-9,44,9
-8,48,7
-8,52,6
-7,64,11
-7,71,11
-7,71,13
-10,75,15
-14,84,18
-10,88,21
-10,74,29
-8,68,29
6,64,28
15,68,29
18,72,28
15,65,25
4,43,19
1,38,17
-6,37,15
-8,42,15
-8,45,17
-10,48,20
-11,51,21
-15,62,27
-14,69,30
-12,71,32
-14,73,32
-23,79,35
-26,87,38
-23,84,36
-20,76,32
-21,63,26
-21,64,23
-17,70,19
-16,69,17
-10,55,14
-8,49,12
-9,42,10
-9,41,10
-9,41,9
-8,42,9
-7,49,11
-6,53,13
-7,67,15
-8,71,18
-11,85,23
-10,91,23
-8,92,32
-10,84,36
-4,63,30
3,60,28
10,67,25
10,69,24
2,53,19
-3,36,13
-6,34,10
-9,37,11
-10,38,10
-14,48,10
-15,51,15
-13,58,24
-20,62,26
-13,66,38
-13,67,39
-16,73,39
-18,77,41
-25,95,44
-22,94,44
-14,70,30
-16,65,26
-20,68,23
-15,68,20
-7,60,15
-5,53,13
-6,43,10
-8,42,9
-5,42,8
-5,41,9
-8,50,9
-6,54,11
-4,60,13
-5,66,16
-8,76,23
-5,89,26
-2,95,34
-5,83,42
-7,70,37
0,61,30
5,65,28
10,68,23
8,63,21
2,41,14
-4,36,12
-12,35,10
-14,36,9
-15,41,12
-15,47,15
-14,49,19
-13,52,21
-12,66,29
-14,71,32
-12,71,34
-14,74,35
-23,85,41
-23,90,46
-19,75,40
-19,64,35
-22,63,29
-21,67,27
-13,71,23
-9,65,21
-8,49,14
-8,42,10
-10,42,10
-11,42,9
-9,41,10
-8,47,12
-8,53,14
-8,69,18
-7,69,22
-8,79,29
-8,86,29
-10,93,32
-11,86,37
-7,57,31
0,50,29
14,62,26
16,68,24
9,60,19
4,50,16
-7,36,11
-10,37,10
-10,42,14
-10,44,15
-13,48,17
-14,51,21
-17,53,27
-16,58,32
-13,70,38
-10,69,40
-15,74,42
-19,75,41
-24,87,41
-22,76,34
-23,68,30
-25,66,24
-24,69,22
-14,72,20
-9,64,19
-6,48,15
-6,42,12
-8,39,11
-9,38,10
-6,38,11
-5,41,12
-6,52,16
-5,59,17
-4,70,22
-7,77,26
-8,89,29
-8,92,33
-12,82,39
-14,71,39
-8,62,33
4,64,32
15,66,28
14,60,23
8,45,14
2,38,11
-10,38,9
-11,38,10
-10,44,15
-12,48,18
-13,50,25
-12,53,34
-19,67,37
-23,72,38
-22,71,38
-29,68,36
-33,73,35
-35,81,35
-31,77,33
-26,61,26
-27,61,24
-28,69,19
-24,71,18
-15,59,16
-11,52,16
-10,42,13
-12,39,12
-13,35,14
-12,32,15
-13,38,17
-12,42,16
-15,52,18
-17,59,20
-24,80,26
-25,86,25
-19,104,32
-20,94,34
-27,73,34
-21,61,28
-5,60,27
-7,63,21
-8,57,18
-8,40,14
-7,33,13
-6,30,11
-7,34,12
-11,47,16
-13,52,19
-14,54,25
-16,58,29
-23,69,35
-20,71,39
-17,74,43
-21,76,41
-27,88,42
-27,92,42
-25,76,33
-26,68,29
-25,68,22
-22,70,19
-16,63,14
-13,54,12
-10,41,6
-10,39,7
-12,42,6
-11,41,4
-9,46,4
-9,51,6
-9,60,8
-10,68,11
-14,79,18
-11,87,21
-9,89,26
-15,80,33
-17,69,34
-2,63,41
4,63,38
15,68,36
12,62,34
4,39,24
0,30,19
-6,27,15
-9,30,14
-15,42,16
-17,50,18
-24,57,26
-29,58,27
-34,62,33
-34,62,33
-38,68,31
-41,72,29
-45,82,28
-44,86,27
-36,68,23
-35,64,22
-26,64,20
-22,64,19
-12,52,18
-10,44,18
-10,30,16
-21,33,12
-24,37,11
-19,37,10
-18,39,11
-19,50,13
-20,57,14
-23,69,18
-25,78,23
-18,91,25
-13,95,29
-16,89,38
-20,83,36
-7,67,33
0,67,29
7,69,23
8,62,20
5,39,13
3,34,11
-5,34,7
-9,38,6
-16,45,9
-16,49,11
-16,53,16
-15,55,19
-17,66,26
-21,71,26
-26,76,32
-32,79,33
-47,97,41
-48,100,42
-35,64,39
-33,57,31
-28,64,27
-16,63,21
-12,58,18
-9,46,12
-9,44,10
-12,45,8
-13,45,7
-10,52,5
-8,53,5
-9,55,5
-9,63,6
-15,82,9
-16,83,10
-9,93,15
-3,92,22
-4,81,31
-1,73,35
16,64,35
23,69,32
20,67,26
15,57,22
5,41,15
1,38,13
-6,41,11
-8,45,10
-10,49,12
-12,49,13
-18,48,14
-25,64,26
-25,70,30
-14,64,34
-19,71,37
-28,76,39
-31,84,40
-28,83,38
-27,73,35
-26,68,29
-23,69,26
-14,69,21
-13,61,18
-9,44,10
-11,40,9
-14,41,9
-12,41,8
-10,43,7
-8,46,8
-5,54,10
-6,64,12
-9,75,18
-8,75,21
-11,91,25
-10,92,30
-14,76,39
-15,68,37
-8,65,38
-6,70,35
8,67,32
9,59,29
6,35,21
2,30,19
-4,32,16
-10,38,14
-11,45,16
-12,54,17
-11,56,19
-15,63,25
-17,65,28
-11,64,32
-10,68,34
-16,77,35
-22,87,39
-25,90,42
-22,75,40
-25,57,31
-25,63,29
-18,68,24
-14,65,22
-11,52,17
-11,45,14
-13,39,10
-14,38,10
-12,39,8
-10,41,7
-9,52,12
-9,59,13
-13,72,17
-12,75,20
-8,87,26
-6,92,26
-5,91,31
-3,68,33
3,61,31
14,67,28
16,72,25
13,59,18
8,47,16
0,35,12
-2,36,11
-6,41,11
-9,45,11
-10,51,15
-11,53,17
-16,57,26
-16,61,29
-16,68,34
-16,70,35
-22,79,40
-28,89,43
-27,90,41
-25,75,36
-27,63,29
-27,68,27
-20,73,22
-12,68,20
-6,49,16
-6,43,13
-9,38,9
-9,39,9
-7,40,7
-5,50,10
-4,54,13
-5,67,17
-7,76,20
-9,86,24
-8,94,27
-12,95,32
-13,82,36
-9,61,33
0,60,31
15,68,26
13,67,22
7,46,14
0,39,13
-11,34,9
-11,35,9
-12,40,12
-11,47,14
-13,55,18
-13,58,22
-15,67,28
-14,67,31
-14,71,35
-15,78,38
-19,90,46
-21,95,48
-17,75,40
-19,64,34
-20,64,28
-18,67,25
-17,64,17
-12,58,16
-9,44,11
-8,41,9
-9,40,8
-9,43,5
-8,46,5
-6,55,9
-7,60,10
-9,69,13
-11,70,17
-13,84,22
-12,89,24
-5,87,36
-7,78,40
-2,60,36
7,58,36
13,71,30
11,70,26
5,48,17
0,39,14
-8,36,11
-10,39,12
-9,43,12
-10,45,14
-13,51,18
-14,50,21
-17,57,27
-17,63,31
-17,70,36
-13,71,40
-19,93,44
-20,98,43
-18,79,38
-21,56,29
-22,61,26
-18,67,22
-13,64,20
-6,51,17
-4,42,14
-8,39,12
-9,37,9
-9,39,7
-9,42,7
-6,53,12
-7,60,14
-11,76,20
-11,83,23
-11,90,30
-8,95,34
-8,82,37
-6,67,38
2,58,33
8,64,30
12,70,25
6,49,17
3,38,15
-2,34,13
-5,36,10
-5,37,10
-9,46,11
-12,55,16
-14,57,18
-18,65,31
-18,69,35
-14,67,40
-15,70,44
-24,70,45
-28,77,47
-27,81,47
-25,76,42
-26,66,33
-24,68,29
-19,71,20
-15,68,18
-10,56,14
-9,52,12
-7,46,11
-7,44,9
-6,40,10
-5,41,10
0,48,15
-2,53,16
-4,66,21
-7,70,25
-8,85,30
-8,93,33
-13,80,43
-14,72,41
0,65,39
5,68,34
5,66,29
5,44,22
-1,36,18
-9,34,15
-10,36,15
-12,39,15
-12,44,17
-14,54,23
-14,55,26
-16,59,32
-18,62,33
-24,75,42
-26,79,46
-27,86,51
-26,90,51
-21,73,40
-21,67,35
-21,71,27
-20,73,22
-10,61,17
-7,53,14
-7,43,8
-9,41,9
-8,40,8
-8,38,8
-5,38,10
-5,42,13
-5,54,17
-9,71,21
-11,71,25
-13,77,31
-17,92,32
-23,91,40
-20,77,41
-8,59,34
-5,62,33
-7,65,26
-8,65,23
-9,47,16
-9,39,14
-3,31,14
-1,29,12
-11,39,15
-13,50,18
-24,60,22
-32,61,26
-33,63,29
-32,64,29
-36,63,31
-37,65,32
-37,60,31
-39,65,32
-51,78,32
-42,74,29
-30,61,25
-28,59,22
-23,61,18
-18,58,16
-15,51,14
-14,47,12
-15,42,9
-13,43,9
-13,44,9
-9,48,10
-9,51,11
-13,67,15
-17,72,17
-17,80,26
-18,85,28
-19,88,29
-20,79,33
-26,59,35
-24,56,32
-9,65,27
-5,71,26
-2,57,21
2,43,14
-1,33,14
-3,35,13
-9,40,12
-10,45,14
-13,51,18
-13,52,23
-20,61,31
-20,62,32
-17,64,34
-18,68,35
-23,77,34
-25,83,36
-26,85,35
-27,66,29
-26,64,28
-24,65,24
-21,66,22
-12,56,20
-12,49,17
-13,38,13
-17,38,12
-18,36,10
-16,37,9
-14,43,12
-14,48,14
-16,59,17
-17,67,19
-19,76,26
-19,84,27
-17,96,33
-17,90,34
-12,64,39
-5,59,35
13,67,29
16,68,23
11,59,17
6,51,15
-3,38,11
-3,38,10
-4,41,10
-4,44,12
-10,51,17
-12,52,19
-15,55,26
-18,59,29
-18,65,33
-17,69,36
-19,73,38
-27,83,40
-31,88,41
-27,80,38
-26,64,33
-25,58,27
-26,62,22
-17,67,20
-14,66,19
-11,56,16
-8,49,14
-11,45,13
-12,45,12
-10,43,11
-10,45,12
-10,47,14
-10,49,15
-12,55,17
-12,58,18
-15,67,25
-17,76,26
-12,90,32
-13,95,37
-16,79,37
-18,70,38
3,68,35
12,72,30
18,71,19
11,53,13
4,45,10
-3,43,8
0,43,8
-1,48,9
-1,51,11
-5,53,16
-10,52,19
-12,52,24
-11,56,29
-11,65,32
-12,69,32
-17,74,32
-21,71,31
-32,83,34
-35,88,34
-25,66,31
-21,56,30
-22,62,25
-19,65,25
-11,63,28
-8,61,28
-7,52,28
-11,51,28
-16,47,26
-16,44,25
-9,42,25
-7,43,26
-7,44,25
-8,48,24
-9,56,25
-10,74,29
-8,78,30
-7,92,31
-9,98,31
-15,81,32
-17,71,30
-12,60,27
-9,61,24
-6,62,20
-5,59,17
-6,45,13
-6,40,12
-9,37,11
-11,39,11
-15,43,12
-14,45,15
-15,47,21
-14,48,23
-16,60,31
-17,65,34
-15,70,39
-18,74,42
-25,76,44
-30,84,47
-29,86,45
-26,73,40
-26,54,32
-25,57,28
-22,66,22
-16,70,21
-10,61,20
-10,49,14
-11,47,13
-14,45,12
-13,44,12
-10,47,11
-11,47,13
-12,49,17
-10,52,17
-10,62,21
-9,65,25
-11,78,31
-9,81,34
-10,86,38
-12,81,42
-10,61,38
-3,56,35
3,61,28
5,64,25
2,59,18
-2,50,16
-8,40,14
-10,41,14
-12,44,12
-13,46,13
-14,51,17
-15,52,18
-16,54,25
-17,58,29
-16,64,34
-16,68,39
-18,72,41
-21,72,40
-24,77,42
-23,78,40
-22,69,37
-24,58,30
-23,60,29
-19,68,24
-15,70,23
-14,58,19
-14,51,16
-13,45,13
-13,44,13
-12,40,12
-9,39,13
-8,41,16
-9,45,17
-7,56,18
-8,60,20
-15,68,26
-15,77,28
-11,90,32
-15,94,35
-20,79,39
-14,69,39
3,60,36
10,62,32
12,59,25
11,40,17
8,35,15
0,35,10
-5,40,9
-11,49,13
-12,53,16
-13,52,21
-15,55,26
-14,66,34
-12,67,36
-12,72,39
-16,77,41
-29,92,47
-30,96,48
-24,71,38
-25,61,33
-24,67,28
-23,70,24
-11,63,20
-9,57,18
-7,45,12
-8,42,12
-10,40,11
-10,40,10
-9,43,11
-9,49,12
-8,62,16
-9,69,18
-10,73,24
-10,80,27
-4,87,29
-5,76,34
-5,68,34
0,62,32
4,65,31
8,73,29
7,69,26
2,47,21
-2,39,18
-6,35,16
-9,37,15
-13,43,15
-14,46,17
-14,51,21
-15,53,24
-16,62,30
-17,67,32
-20,73,38
-21,75,41
-27,84,45
-29,89,45
-24,72,39
-24,62,34
-23,63,28
-23,67,24
-14,68,22
-10,62,21
-8,48,17
-9,44,14
-11,44,12
-10,42,11
-8,43,11
-6,48,13
-6,54,15
-7,62,17
-10,65,20
-13,79,27
-11,82,29
-10,92,36
-12,83,37
-4,63,36
-1,59,34
10,65,30
11,69,27
8,55,21
5,43,18
-1,35,15
-4,36,14
-8,41,14
-9,47,15
-11,54,19
-13,57,24
-15,59,30
-16,61,32
-14,66,34
-14,70,34
-20,72,35
-24,78,37
-29,88,39
-28,78,36
-28,60,29
-28,61,27
-25,71,22
-15,64,20
-12,57,19
-10,45,14
-9,42,14
-10,39,13
-8,38,12
-6,42,13
-6,46,15
-7,59,18
-7,65,20
-10,70,25
-13,77,28
-11,96,31
-11,95,33
-14,74,35
-12,63,33
0,57,28
6,61,25
6,66,20
3,59,18
-4,42,16
-6,38,14
-8,40,13
-9,43,13
-11,50,16
-11,51,19
-15,54,25
-16,56,28
-15,62,35
-12,68,39
-13,71,41
-23,73,42
-28,80,45
-25,82,43
-23,73,39
-25,62,30
-24,67,28
-21,73,20
-14,71,20
-9,56,17
-9,50,15
-10,45,13
-11,43,12
-9,39,10
-7,40,11
-7,46,13
-7,52,14
-7,61,17
-10,67,21
-10,83,27
-9,89,28
-8,88,35
-10,80,38
-3,63,36
3,61,34
9,69,29
9,67,26
4,48,19
0,39,17
-5,36,15
-6,39,14
-9,42,14
-13,51,17
-14,54,19
-16,59,27
-15,62,29
-15,69,34
-16,71,36
-20,77,39
-24,83,41
-27,93,42
-23,82,38
-23,57,30
-24,61,27
-23,68,22
-19,68,19
-10,57,17
-9,52,16
-8,43,13
-9,42,11
-9,40,9
-9,41,9
-8,48,11
-8,53,14
-11,66,17
-11,69,20
-11,76,26
-12,83,29
-12,91,30
-12,84,33
-11,65,32
1,60,31
4,63,28
5,69,25
4,63,22
1,40,17
-1,35,15
-4,36,13
-6,38,13
-10,46,14
-11,48,16
-13,54,21
-14,56,25
-18,66,32
-18,69,34
-17,71,38
-20,73,39
-27,81,43
-27,88,46
-22,77,39
-22,65,34
-23,62,27
-22,64,24
-14,65,19
-10,60,18
-10,48,14
-9,45,12
-10,43,12
-11,42,10
-7,42,9
-8,50,11
-7,55,13
-8,67,17
-10,71,21
-11,81,27
-9,87,28
-11,87,32
-15,76,34
-11,61,32
1,62,32
8,69,28
6,68,26
1,49,21
-3,40,19
-7,34,15
-8,35,15
-11,41,16
-13,46,18
-15,53,22
-15,56,26
-15,67,32
-16,71,32
-15,70,35
-17,73,36
-25,76,36
-27,83,39
-25,83,38
-25,69,34
-26,59,29
-22,69,24
-18,70,22
-16,58,19
-15,52,16
-14,42,11
-15,42,10
-15,42,6
-12,43,6
-9,50,9
-8,57,11
-6,68,16
-8,70,19
-13,82,27
-11,86,28
-6,81,35
-12,75,36
-9,61,37
-5,59,39
3,65,35
6,66,33
2,51,26
0,42,22
-6,33,16
-11,36,15
-16,44,15
-16,45,16
-15,50,21
-15,51,24
-16,61,30
-16,67,34
-14,73,37
-13,69,38
-17,65,39
-22,71,41
-24,81,43
-21,79,40
-19,67,36
-24,57,27
-23,61,25
-17,65,16
-12,63,16
-10,54,12
-10,52,11
-10,48,10
-10,46,9
-7,44,8
-7,45,8
-6,52,12
-6,56,14
-8,66,20
-10,70,24
-10,81,28
-11,88,31
-16,88,43
-15,83,47
0,71,40
2,72,37
8,69,27
9,50,13
9,39,10
7,33,10
1,31,6
-7,41,7
-10,47,8
-13,57,14
-14,57,16
-15,66,25
-14,70,28
-16,76,32
-18,77,34
-29,79,42
-37,87,49
-34,85,51
-27,68,44
-29,57,34
-30,69,30
-23,78,22
-17,72,18
-9,57,15
-10,51,11
-7,47,10
-9,45,9
-6,44,7
-4,45,8
-3,54,9
-2,56,10
-4,62,16
-9,68,21
-9,76,27
-6,83,31
-10,93,43
-4,79,43
4,68,41
14,68,33
15,68,28
10,56,21
6,45,17
-3,34,13
-6,32,11
-11,35,10
-12,39,11
-14,49,14
-13,52,17
-14,60,23
-16,65,27
-18,70,33
-18,71,38
-26,79,44
-28,89,48
-29,95,51
-25,80,46
-25,56,37
-26,59,32
-19,64,24
-14,66,23
-8,57,18
-8,51,15
-9,45,10
-10,46,9
-10,46,7
-7,46,6
-6,52,8
-6,58,13
-6,64,15
-9,74,21
-8,78,24
-6,94,31
-10,97,33
-11,72,41
-11,62,38
7,65,34
12,70,31
12,60,21
9,51,16
0,36,13
-6,34,11
-11,39,10
-11,44,9
-12,50,14
-13,52,15
-15,59,22
-17,63,28
-15,64,32
-17,71,35
-26,82,40
-28,90,44
-27,95,44
-26,77,38
-26,56,30
-27,60,27
-23,66,20
-19,63,18
-11,50,15
-9,40,10
-11,42,10
-13,45,8
-12,49,7
-11,54,9
-10,59,11
-11,74,14
-12,78,17
-13,81,23
-11,83,23
-5,84,29
-8,74,30
-4,55,32
2,54,34
8,62,31
10,67,30
9,57,27
6,47,23
-1,35,19
-5,36,17
-10,43,15
-12,46,16
-15,53,21
-16,54,24
-16,58,30
-14,62,33
-14,65,35
-15,65,37
-21,72,38
-23,78,41
-23,85,43
-18,62,35
-20,56,31
-21,61,24
-20,64,21
-13,63,17
-12,57,15
-11,47,9
-11,45,9
-14,48,9
-13,48,9
-11,54,11
-11,58,14
-9,70,17
-6,74,19
-3,83,18
-2,91,17
-7,76,22
-10,67,28
-2,47,29
3,49,32
1,67,29
2,72,30
-1,57,28
-4,47,26
-7,39,21
-8,42,20
-11,47,20
-12,49,21
-16,49,25
-15,54,30
-13,56,32
-13,61,32
-14,63,32
-20,77,33
-22,81,34
-19,91,34
-17,77,30
-16,55,24
-17,55,21
-17,63,17
-16,63,16
-14,57,13
-13,54,9
-16,56,10
-18,61,9
-18,60,8
-17,61,10
-14,65,12
-14,68,13
-12,75,15
-9,72,15
-2,71,10
-2,78,12
-7,82,17
-2,74,21
-1,54,32
-1,45,33
-3,48,36
-4,58,38
0,68,38
5,63,36
4,54,28
-2,49,22
-6,49,20
-9,48,18
-10,48,19
-12,57,22
-13,60,24
-12,62,28
-12,61,30
-13,63,32
-15,69,33
-19,76,33
-20,74,33
-18,63,32
-17,57,30
-16,51,23
-15,50,21
-18,51,16
-20,54,15
-24,64,12
-24,66,9
-25,65,5
-30,62,1
-35,61,6
-33,59,6
-26,56,11
-26,56,13
-26,52,17
-24,50,17
-21,53,17
-22,58,19
-26,56,11
-26,56,13
-26,52,17
-24,50,17
-21,53,17
-22,58,19
-22,61,21
-19,67,21
-17,72,16
-16,81,21
-22,83,21
-19,74,29
-13,64,33
-13,53,34
-10,52,32
-4,51,30
2,49,29
-1,43,23
-2,41,21
-8,42,24
-11,45,24
-16,49,25
-15,49,26
-18,50,28
-20,53,28
-21,54,29
-20,58,28
-20,82,27
-25,83,25
-32,63,26
-33,52,24
-34,53,22
-33,53,21
-26,54,20
-21,45,15
-20,45,14
-26,47,11
-29,51,10
-27,57,9
-26,61,11
-25,70,12
-23,75,11
-17,73,12
-19,80,9
-19,91,16
-25,85,21
-24,74,22
-21,71,21
-7,71,16
12,71,18
28,65,8
26,62,11
15,44,10
0,48,9
-16,48,11
-18,51,14
-25,61,19
-34,63,21
-45,57,28
-47,53,26
-49,52,29
-54,51,29
-58,48,27
-61,47,24
-67,50,24
-73,57,24
-64,50,22
-55,39,17
-50,38,16
-39,36,16
-35,30,17
-30,19,21
-31,14,20
-35,3,23
-40,0,26
-48,-2,28
-50,-5,29
-51,-7,30
-53,-6,29
-59,-3,28
-58,-3,28
-56,1,30
-60,6,33
-61,16,31
-66,21,35
-68,28,36
-64,26,36
-54,23,37
-51,22,38
-53,22,37
-52,23,34
-43,14,26
-40,11,25
-40,10,21
-37,10,20
-52,14,28
-61,12,29
-62,11,31
-66,8,37
-66,8,37
-73,7,33
-79,10,31
-74,14,27
-72,15,24
-68,23,22
-60,20,19
-59,15,12
-57,17,12
-44,22,14
-41,20,16
-40,14,14
-42,12,13
-44,15,13
-44,15,13
-46,20,17
-51,25,19
-67,38,22
-75,43,24
-76,48,30
-67,44,32
-57,37,28
-63,34,28
-77,45,23
-75,44,22
-60,34,26
-49,34,23
-43,38,24
-31,42,25
-22,38,27
-21,30,24
-25,28,20
-25,25,17
-24,27,18
-34,32,25
-42,34,27
-61,33,31
-65,31,34
-64,30,39
-65,30,35
-76,35,27
-72,36,24
-68,35,18
-66,38,21
-54,33,16
-52,30,12
-46,33,10
-41,31,10
-37,28,13
-42,27,11
-41,23,8
-45,23,8
-50,32,12
-52,36,12
-56,44,16
-56,46,18
-60,50,18
-58,57,20
-43,60,20
-34,62,14
-31,61,15
-31,62,13
-34,60,15
-34,61,23
-34,61,21
-34,61,17
-29,57,17
-19,45,18
-16,41,17
-21,38,12
-22,38,11
-27,48,16
-27,53,16
-28,61,20
-28,63,23
-35,62,22
-38,64,25
-39,70,22
-41,71,15
-41,70,6
-39,63,4
-39,50,0
-39,50,0
-29,52,0
-26,52,1
-24,49,3
-23,49,6
-25,45,3
-26,44,2
-28,45,2
-27,58,2
-28,63,1
-28,68,3
-29,77,4
-26,74,6
-25,78,7
-18,77,4
-19,80,7
-28,80,8
-25,69,10
-21,55,15
-17,56,17
-13,61,18
-12,61,17
-8,57,14
-7,53,12
-10,46,8
-11,43,7
-11,40,4
-10,39,4
-12,43,8
-12,43,9
-19,52,19
-21,54,22
-22,56,27
-25,61,30
-30,69,29
-32,70,27
-32,67,24
-41,76,20
-43,79,19
-36,62,14
-30,58,14
-29,63,12
-28,68,11
-21,72,9
-15,67,9
-11,54,7
-11,51,6
-12,47,4
-12,46,3
-14,45,1
-14,48,2
-10,59,4
-11,65,5
-15,93,7
-13,100,7
-10,105,8
-14,107,16
-23,98,21
-24,84,22
-15,57,22
-11,47,20
-6,47,17
-5,48,15
-5,44,9
-1,40,7
-4,40,7
-8,44,4
-7,48,4
-4,57,6
-3,61,7
-9,64,10
-12,63,11
-21,66,17
-20,71,20
-17,77,22
-15,81,24
-17,79,22
-22,78,19
-24,66,16
-23,60,15
-19,60,12
-17,61,11
-23,64,11
-20,61,10
-15,53,8
-14,50,8
-16,46,6
-16,46,4
-16,49,3
-15,53,2
-14,63,3
-14,66,4
-15,76,6
-16,83,8
-11,89,7
-6,84,8
-15,96,10
-17,78,12
-17,65,16
-12,52,23
-7,57,20
5,63,23
6,60,21
7,49,12
5,46,11
-1,46,8
-2,45,6
-4,52,5
-3,58,5
2,61,6
-1,61,7
-9,62,10
-10,61,12
-20,63,18
-22,69,23
-33,82,25
-47,94,25
-40,70,27
-34,65,26
-25,75,22
-19,81,19
-15,68,9
-12,63,6
-14,53,3
-13,48,3
-17,49,0
-14,48,-1
-12,55,0
-8,66,3
-7,70,5
-8,88,10
-7,91,9
-7,87,7
-13,90,9
-15,65,13
-17,57,16
-18,50,21
-8,57,27
2,54,33
5,50,33
3,37,28
0,37,26
-8,39,27
-15,44,28
-24,54,24
-29,59,25
-38,60,25
-36,59,26
-31,68,27
-33,82,26
-35,88,19
-28,75,17
-24,67,17
-24,58,13
-19,54,14
-17,55,14
-17,52,13
-17,48,12
-19,45,11
-21,43,9
-22,44,8
-21,47,7
-18,48,9
-14,46,10
-16,48,10
-17,50,12
-15,51,14
-16,59,14
-20,67,18
-23,77,25
-24,84,28
-25,100,25
-28,100,26
-39,86,30
-43,75,28
-27,53,18
-16,51,16
-5,59,12
-1,56,11
1,45,9
0,40,7
0,36,5
0,38,6
-4,49,9
-6,55,12
-9,56,17
-11,55,21
-14,60,24
-11,59,29
-8,65,36
-15,81,39
-18,91,44
-18,92,46
-11,75,42
-16,62,30
-19,67,28
-13,71,25
-11,71,22
-6,60,16
-7,52,13
-10,49,11
-12,48,10
-10,45,8
-9,46,8
-4,46,10
-5,48,10
-5,52,12
-5,58,13
-11,78,19
-12,89,20
-12,101,29
-15,99,38
-17,76,39
-10,64,36
2,65,31
0,64,24
-3,57,21
-7,42,13
-9,37,9
-11,37,11
-11,40,17
-9,41,20
-10,45,25
-14,51,30
-16,51,34
-20,58,37
-21,62,34
-20,64,34
-21,68,33
-30,83,28
-42,91,29
-35,72,23
-29,59,21
-22,62,23
-20,69,23
-16,58,19
-12,56,19
-13,43,14
-15,42,13
-14,40,11
-15,39,10
-11,43,10
-11,50,12
-14,57,12
-14,57,14
-16,69,18
-16,77,17
-11,90,24
-13,89,33
-21,77,37
-19,56,29
-12,64,27
1,88,26
2,78,21
0,57,11
-2,50,9
-6,40,5
-8,37,5
-8,35,6
-9,36,7
-14,50,13
-21,65,16
-33,73,16
-33,72,15
-30,74,20
-26,77,19
-21,73,14
-21,70,12
-22,59,7
-26,57,5
-28,52,5
-27,52,5
-23,56,7
-23,59,7
-23,80,6
-21,86,7
-18,62,8
-17,54,8
-25,51,10
-33,56,12
-32,61,17
-18,64,23
-13,61,25
-15,63,29
-17,64,28
-13,64,27
-9,65,25
-1,63,23
9,60,23
17,53,25
13,52,22
1,55,20
-4,60,20
-12,66,18
-15,68,18
-9,61,17
-9,60,15
-10,60,14
-11,60,12
-13,60,11
-13,57,10
-17,54,8
-18,54,9
-22,62,10
-22,67,12
-20,72,14
-20,71,15
-18,69,17
-18,68,18
-19,62,18
-19,61,17
-18,64,18
-15,65,18
-14,64,18
-14,60,18
-15,61,19
-17,65,19
-16,67,19
-12,65,19
-9,62,19
-10,57,16
-11,57,15
-12,57,15
-11,58,14
-10,61,13
-10,64,13
-11,66,13
-12,64,13
-14,60,12
-14,59,13
-12,58,14
-10,59,15
-9,62,16
-9,63,17
-10,63,17
-12,62,17
-13,61,16
-14,60,17
-13,61,18
-11,62,19
-10,62,19
-10,62,18
-11,62,17
-13,61,15
-13,61,15
-13,61,15
-13,62,15
-12,62,16
-11,62,16
-11,62,16
-11,62,16
-12,63,16
-12,63,16
-12,64,16
-12,63,16
-13,62,17
-13,62,17
-12,61,18
-12,61,18
-12,61,19
-11,61,19
-13,63,18
-13,63,18
-13,62,17
-13,63,16
-13,63,15
-12,62,15
-10,62,13
-11,62,13
-12,62,12
-11,62,12
-13,62,12
-10,60,12
-8,60,14
-10,60,15
-11,60,15
-12,61,16
-12,60,17
-11,61,18
-11,61,19
-12,64,20
-13,65,20
-12,68,21
-11,68,21
-8,64,18
-7,62,17
-7,60,13
-8,60,11
-11,59,10
-14,58,9
-19,57,10
-20,60,13
-18,65,18
-15,67,19
-7,67,24
-4,67,25
-4,64,20
-7,61,18
-11,58,14
-11,58,13
-14,58,11
-14,60,12
-13,62,13
-12,64,15
-10,64,16
-6,63,18
-5,61,18
-7,61,17
-8,60,18
-11,60,17
-12,60,17
-14,61,18
-14,62,19
-10,63,22
-9,65,24
-8,69,35
-10,72,42
-22,77,46
-27,73,43
-58,73,33
-81,72,28
-75,58,29
-72,53,30
-65,51,35
-63,44,29
-69,29,16
-76,25,13
-61,16,6
-41,9,10
-25,-9,13
-23,-19,24
-23,-22,24
-18,-28,23
-11,-31,26
-10,-30,25
-12,-32,24
-16,-34,27
-14,-37,31
-16,-44,33
-19,-47,33
-24,-52,31
-24,-53,33
-25,-54,29
-25,-52,27
-17,-49,28
-14,-44,32
-21,-46,34
-28,-48,29
-32,-47,17
-23,-44,19
-10,-33,26
-14,-32,21
-24,-32,13
-24,-36,18
-23,-33,19
-21,-34,16
-64,-30,3
-61,-29,5
-58,-30,4
-73,-19,17
-75,-19,20
-73,-15,21
-69,-14,18
-60,-8,20
-65,-4,18
-43,7,22
-37,12,19
-38,24,7
-40,32,0
-67,53,-5
-57,37,-17
-65,72,-12
-76,75,-16
-51,99,-6
-49,97,-5
-15,73,3
-2,72,9
15,65,27
13,60,29
-4,63,23
-11,62,21
-24,60,16
-29,59,15
-33,59,17
-30,60,19
-24,61,21
-20,62,21
-14,66,21
-12,68,21
-12,69,19
-11,68,16
-9,69,16
-8,64,9
-4,63,10
0,62,8
5,61,11
4,60,15
1,59,17
-4,60,17
-6,60,16
-11,63,13
-13,63,13
-17,65,13
-17,65,13
-14,64,15
-14,63,16
-14,62,17
-15,62,17
-16,62,17
-15,62,17
-14,62,18
-14,62,17
-14,62,17
-14,63,16
-13,63,15
-13,63,15
-11,63,15
-11,63,15
-9,62,14
-8,61,14
-6,61,16
-6,61,16
-8,61,16
-10,61,15
-11,62,15
-13,63,16
-14,63,15
-14,63,16
-14,63,16
-13,63,16
-12,62,17
-14,62,16
-14,62,16
-14,62,15
-14,62,15
-13,62,15
-13,62,15
-13,62,15
-12,62,15
-12,62,15
-12,62,15
-12,62,15
-11,62,15
-11,62,15
-11,62,16
-11,62,16
-11,62,16
-11,62,16
-12,62,16
-12,62,16
-12,62,16
-13,61,15
-13,62,15
-13,62,15
-13,62,15
-13,62,15
-13,62,15
-13,62,14
-13,62,15
-12,62,15
-12,61,15
-12,62,15
-12,62,16
-12,62,16
-12,62,16
-12,62,16
-12,62,16
-12,62,17
-10,64,20
-10,63,20
-12,67,30
-12,69,36
-22,76,42
-46,79,37
-22,69,48
-20,67,50
-54,70,39
-57,66,35
-49,55,35
-52,53,29
-43,44,28
-32,34,32
-30,31,32
-22,23,35
-17,19,38
-16,9,39
-15,6,40
-16,3,43
-13,-4,46
-17,-11,50
-12,-7,51
-5,-12,48
-13,-12,46
-19,-2,60
-19,-2,64
-15,0,63
-14,0,62
-23,-2,60
-20,1,62
-9,-1,66
-13,-4,65
-22,-4,62
-21,-1,65
-16,0,62
-17,0,59
-19,1,61
-17,-1,61
-20,-2,63
-17,0,65
-18,-1,63
-19,0,63
-16,0,62
-16,0,61
-17,0,61
-19,0,62
-18,0,62
-17,0,62
-18,0,61
-18,0,62
-16,0,62
-18,0,62
-18,-1,62
-17,0,62
-18,0,62
-17,0,62
-17,0,62
-17,0,62
-17,0,62
-18,0,62
-18,0,62
-17,0,62
-17,0,62
-18,0,62
-17,0,62
-17,0,61
-18,0,62
-17,0,62
-18,0,61
-17,0,62
-17,0,62
-17,0,62
-18,0,62
-18,0,62
-18,0,62
-18,0,62
-17,1,62
-17,1,62
-18,0,62
-18,1,62
-18,0,62
-18,0,62
-18,1,62
-18,1,62
-18,1,62
-18,1,62
-18,1,62
-18,1,62
-17,1,62
-18,1,62
-18,1,62
-18,1,62
-17,1,62
-17,1,62
-18,1,62
-17,2,62
-17,1,62
-17,1,62
-17,1,62
-18,1,62
-18,1,62
-17,2,62
-17,1,62
-18,1,62
-17,1,62
-18,1,61
-18,1,62
-17,1,62
-17,1,62
-17,1,62
-18,1,62
-17,1,62
-17,1,61
-17,1,61
-17,1,61
-17,2,61
-18,1,62
-19,1,62
-19,1,62
-19,1,62
-19,1,61
-19,1,61
-19,1,61
-20,1,61
-20,2,61
-20,1,62
-19,1,62
-20,1,62
-21,0,62
-20,0,62
-20,1,61
-20,1,61
-19,1,61
-18,2,61
-19,2,62
-19,2,62
-18,3,62
-18,2,62
-13,2,62
-13,4,61
-15,5,62
-14,7,63
-16,11,61
-20,9,60
-22,7,59
-23,4,57
-26,3,52
-27,4,50
-27,2,50
-27,1,52
-29,2,54
-31,3,53
-35,6,54
-35,7,52
-35,6,50
-36,7,49
-38,9,52
-39,10,51
-43,12,51
-46,12,51
-51,16,55
-49,19,57
-43,22,58
-44,22,55
-44,22,54
-40,22,51
-39,21,49
-38,21,45
-39,21,44
-39,22,41
-39,25,41
-39,27,41
-38,27,42
-36,31,46
-36,38,52
-32,42,56
-29,35,54
-27,30,52
-25,33,54
-19,39,55
-21,41,52
-19,45,51
-15,45,51
-7,43,49
-9,43,47
-14,48,46
-13,47,47
-13,41,45
-16,39,44
-17,37,44
-19,34,41
-19,32,41
-18,31,42
-15,30,42
-20,32,44
-31,40,44
-33,46,44
-35,48,43
-31,51,45
-28,51,46
-27,44,42
-29,39,39
-31,34,38
-32,33,38
-28,32,42
-30,32,43
-32,39,51
-23,39,54
-19,32,53
-23,30,53
-23,28,61
-17,29,63
-14,32,58
-12,34,56
-11,38,53
-10,37,53
-13,37,51
-15,37,52
-14,37,55
-14,36,56
-18,33,59
-21,31,58
-24,26,59
-27,24,61
-32,22,61
-32,20,60
-37,9,57
-42,10,57
-43,11,60
-42,15,64
-38,15,65
-35,14,59
-37,11,54
-30,11,50
-24,9,49
-28,5,45
-26,3,46
-21,-1,50
-20,-4,51
-22,-3,54
-23,-5,55
-22,-5,58
-20,-6,60
-16,-6,62
-16,-6,63
-18,-3,65
-20,-5,65
-21,-4,64
-21,-6,65
-23,-6,64
-24,-6,64
-22,-6,67
-23,-3,67
-24,1,61
-17,1,58
-15,2,55
-13,10,63
-17,11,67
-9,15,67
-16,12,51
-8,7,52
1,7,55
-10,10,63
-13,14,70
-11,10,71
-14,-1,65
-14,-1,63
-5,15,66
-11,3,56
-19,2,52
-9,2,56
-4,2,60
-12,1,55
-14,2,55
-12,8,58
-8,8,60
-10,11,57
-10,13,56
1,25,55
4,27,55
-7,25,61
-24,27,62
-42,29,72
-39,27,78
-50,17,77
-65,13,72
-60,5,65
-48,2,53
-46,0,48
-54,-3,38
-57,-1,37
-52,0,36
-54,3,37
-53,12,44
-49,14,44
-45,17,41
-41,15,41
-33,13,39
-31,11,35
-27,7,28
-26,7,28
-33,11,31
-39,14,33
-43,23,42
-41,28,46
-48,43,50
-44,51,57
-42,63,58
-44,61,48
-32,55,32
-27,55,29
-24,49,27
-22,48,27
-35,53,26
-35,59,24
-27,61,22
-19,57,23
-17,53,23
-16,45,17
-17,44,15
-20,43,10
-21,43,8
-19,54,12
-21,61,14
-27,80,19
-31,82,22
-34,80,29
-29,77,25
-21,80,9
-29,82,12
-37,64,19
-37,55,17
-44,40,2
-39,39,3
-27,42,5
-27,49,1
-32,63,6
-33,64,7
-30,70,0
-28,67,0
-24,54,4
-22,53,4
-18,50,6
-19,48,5
-18,46,5
-18,51,5
-18,55,5
-18,59,5
-19,74,6
-21,79,8
-17,81,8
-15,104,11
-19,104,13
-23,85,19
-22,78,21
-12,60,24
-3,53,24
8,44,22
7,49,18
-1,59,16
-5,57,17
-9,50,16
-10,49,17
-8,46,16
-6,43,14
-6,42,11
-4,43,10
2,44,9
-5,51,8
-15,70,12
-15,80,16
-4,95,29
11,91,32
23,82,33
16,81,28
-3,78,20
-14,72,19
-26,53,21
-21,42,19
-19,43,17
-17,57,16
-14,76,15
-13,81,16
-10,86,18
-1,70,12
-3,60,6
-18,54,2
-23,52,2
-23,47,1
-19,49,3
-11,56,-5
-5,59,-3
-3,64,2
-3,66,5
-7,81,10
-9,86,12
-14,99,12
-17,96,14
-11,91,33
-2,79,36
13,61,31
15,56,27
9,58,19
3,58,16
-5,52,14
-9,48,12
-12,41,10
-12,38,6
-12,42,4
-13,46,1
-14,50,1
-19,64,6
-19,72,13
-24,78,22
-18,77,25
-9,88,28
-12,88,28
-11,78,35
-12,67,33
-14,55,30
-11,53,27
-8,58,24
-7,72,23
-6,75,18
-7,68,16
-8,62,14
-10,56,11
-14,50,8
-15,49,7
-19,46,2
-21,48,1
-16,54,3
-15,57,3
-13,67,6
-13,72,8
-9,81,11
-4,87,7
0,95,2
-7,84,5
-4,74,8
-1,63,29
-6,59,33
-7,63,20
-3,68,17
1,69,20
4,69,22
9,57,22
6,54,18
-4,48,14
-7,48,17
-6,41,13
-8,38,11
-11,41,9
-13,44,10
-16,50,13
-15,51,14
-16,55,19
-16,55,22
-21,53,25
-22,55,27
-18,62,26
-17,75,30
-22,84,34
-22,77,33
-23,65,35
-22,61,34
-18,55,26
-18,62,23
-17,64,22
-13,66,24
-12,65,23
-10,59,24
-11,58,21
-12,59,15
-14,58,10
-17,57,8
-19,56,8
-20,55,8
-19,51,7
-19,48,7
-22,49,10
-27,54,14
-29,55,12
-34,66,17
-31,76,18
-29,85,21
-33,91,24
-30,81,32
-29,77,35
-16,56,17
-16,56,27
-19,60,23
-13,62,20
0,55,14
2,54,12
0,54,8
0,53,8
-8,53,10
-8,51,11
-8,46,9
-12,57,11
-12,60,14
-15,66,18
-17,74,20
-15,90,22
-10,97,24
-3,92,28
-5,82,28
-14,65,23
-13,56,19
-12,50,16
-11,49,16
-12,53,16
-12,56,17
-14,58,15
-15,61,15
-14,67,16
-12,65,15
-13,63,12
-12,63,12
-11,58,10
-11,54,9
-8,52,6
-7,54,6
-7,68,8
-9,70,9
-7,95,9
-4,90,5
-4,104,2
-10,86,7
-12,80,20
-10,59,19
-7,54,16
6,64,14
8,65,15
0,55,12
-2,51,11
-10,46,7
-14,45,6
-13,41,4
-11,42,3
-10,42,0
-10,46,0
-11,57,3
-16,70,10
-23,78,12
-24,80,15
-19,88,29
-14,90,33
-5,90,37
-3,79,36
-2,60,42
-1,51,35
-5,46,26
-9,51,25
-10,59,25
-10,63,21
-11,65,20
-11,64,16
-14,61,10
-15,55,4
-17,53,0
-16,56,0
-14,58,1
-11,64,2
-11,64,2
-9,69,4
-10,70,6
-13,82,11
-12,82,12
-8,97,12
-7,98,13
0,83,22
6,70,31
-2,48,39
4,45,36
10,61,32
12,64,31
2,59,28
-2,57,25
-7,47,19
-7,43,18
-3,44,13
-5,42,9
-9,43,6
-10,51,6
-14,62,8
-18,71,9
-17,81,18
-17,75,24
-16,81,28
-11,77,29
-12,74,30
-8,63,34
-7,56,33
-8,48,25
-8,48,22
-13,57,23
-16,61,23
-17,70,21
-15,72,19
-11,68,13
-9,66,11
-8,58,9
-7,54,8
-9,53,5
-11,55,5
-14,65,5
-13,62,4
-13,66,5
-12,74,6
-8,75,3
-7,81,4
-9,98,7
-12,93,8
-7,82,18
-4,75,22
1,58,28
6,54,29
10,52,27
8,59,27
0,59,25
-8,51,21
-9,48,19
-7,43,16
-7,40,14
-9,44,13
-10,46,12
-11,51,11
-12,60,12
-12,70,16
-13,80,20
-10,79,20
-14,82,22
-16,90,33
-15,88,34
-7,69,32
-5,59,29
-7,49,21
-8,45,18
-14,48,17
-17,55,21
-13,72,23
-11,73,18
-8,68,12
-9,67,11
-10,60,8
-11,57,7
-13,50,5
-14,48,4
-13,46,4
-12,50,4
-12,52,5
-13,57,7
-13,66,9
-16,78,10
-15,89,10
-12,108,10
-15,108,16
-7,93,29
2,79,26
-1,60,18
-4,53,16
-6,52,13
-9,52,10
-11,57,12
-10,57,14
-11,56,17
-6,55,18
-2,51,14
-3,49,12
-8,47,10
-10,46,10
-11,44,14
-12,45,15
-12,48,17
-11,48,19
-14,52,24
-15,51,25
-22,54,29
-20,55,31
-18,58,28
-18,84,28
-26,97,34
-25,78,34
-18,64,30
-3,45,23
-2,49,23
-6,65,28
-6,69,25
-15,71,15
-21,70,18
-27,58,18
-33,51,25
-34,41,29
-30,45,27
-18,50,23
-13,52,22
-13,50,14
-15,50,11
-16,46,7
-17,43,6
-20,45,10
-23,51,12
-28,79,16
-32,93,13
-43,101,22
-44,92,32
-27,66,39
-20,55,36
-11,58,30
-8,64,29
-3,56,18
-1,48,10
-1,46,7
-10,47,4
-14,51,6
-19,52,8
-16,54,10
-13,56,11
-12,60,11
-7,64,12
-7,66,13
-11,75,17
-13,82,20
-16,92,23
-14,93,25
-18,83,29
-20,72,30
-16,58,22
-15,58,20
-13,59,18
-14,63,19
-11,69,18
-10,68,14
-10,67,12
-12,70,11
-9,67,10
-9,62,7
-10,53,1
-9,49,2
-7,48,2
-6,45,2
-7,50,3
-12,63,6
-12,68,7
-12,86,7
-9,93,6
-5,112,5
-9,107,7
-18,91,14
-21,82,19
-3,59,18
6,47,13
6,49,7
0,59,6
-11,58,3
-12,54,4
-8,50,9
-5,47,10
-7,41,9
-9,42,9
-15,43,5
-15,48,6
-12,62,12
-10,69,13
0,85,21
2,83,24
0,85,29
-8,84,26
-9,74,23
-11,54,21
-13,51,21
-13,50,19
-13,53,19
-13,72,20
-10,75,18
-9,72,14
-9,74,13
-10,66,9
-11,61,8
-14,54,4
-17,51,1
-19,51,-1
-19,55,1
-16,61,1
-13,65,3
-12,78,8
-10,83,9
-1,84,8
-2,91,11
-9,82,14
-5,73,16
-2,62,26
0,55,26
8,52,21
6,60,20
3,62,25
2,54,25
-1,52,23
-4,49,20
-10,48,17
-11,48,16
-12,45,14
-11,49,14
-9,53,14
-9,58,12
-10,65,15
-11,67,18
-12,71,20
-10,75,24
-10,79,27
-11,87,30
-10,83,30
-7,70,25
-7,67,24
-8,56,20
-8,52,17
-9,53,13
-9,58,11
-10,67,11
-8,65,10
-7,63,8
-7,64,8
-10,59,7
-10,57,6
-12,57,6
-10,55,6
-11,53,7
-13,54,7
-17,54,11
-18,52,12
-16,50,13
-19,56,16
-19,58,16
-19,63,16
-20,68,17
-19,77,17
-17,88,15
-12,100,10
-10,98,8
-5,88,6
-3,82,5
5,71,6
5,63,6
-1,47,7
-6,46,9
-7,60,20
-4,61,18
0,65,15
2,60,18
-3,51,18
-5,47,17
-9,40,13
-10,38,12
-12,43,13
-13,49,13
-14,64,17
-18,74,24
-13,76,29
-15,78,31
-18,74,30
-26,78,21
-30,71,19
-29,54,20
-27,48,20
-23,44,19
-24,45,17
-27,52,17
-27,57,19
-28,61,23
-29,61,22
-32,56,22
-38,55,24
-38,59,24
-34,55,22
-32,48,29
-31,44,31
-32,37,31
-34,36,33
-41,34,40
-43,34,45
-62,40,49
-72,38,52
-74,46,63
-71,51,65
-68,51,59
-62,48,59
-51,42,54
-48,37,50
-43,32,43
-37,30,42
-27,25,37
-26,25,33
-20,19,29
-19,14,31
-25,3,39
-26,-12,36
-28,-14,38
-25,-13,39
-24,-16,39
-25,-21,38
-26,-23,40
-24,-25,44
-22,-28,46
-28,-33,44
-29,-35,47
-25,-32,48
-29,-34,43
-35,-36,43
-34,-37,45
-33,-35,38
-32,-34,31
-37,-36,30
-43,-27,37
-42,-26,32
-38,-28,29
-43,-23,40
-48,-24,36
-38,-22,33
-38,-20,37
-48,-16,31
-48,-16,29
-52,-19,26
-58,-18,23
-37,-21,50
-25,-34,49
-33,-36,40
-64,-35,50
-39,-27,55
-43,-31,17
-45,-32,11
-48,-32,26
-47,-36,31
-58,-39,17
-58,-35,18
-36,-36,34
-25,-39,40
-33,-44,41
-32,-49,36
-28,-39,45
-24,-37,50
-16,-38,42
-26,-46,30
-29,-44,32
-22,-42,40
-25,-41,40
-38,-36,31
-44,-44,24
-22,-47,37
-40,-48,28
-47,-44,22
-36,-44,33
-34,-46,35
-31,-47,37
-20,-45,40
-16,-43,45
-11,-41,49
-13,-42,50
-10,-40,45
-7,-37,47
-6,-28,55
-14,-22,42
6,-31,71
22,-35,83
-22,-43,42
-26,-39,42
-6,-29,58
-10,-29,57
-5,-35,48
-4,-37,51
-14,-21,68
7,-13,76
0,-15,53
-3,-15,48
-21,9,68
-33,23,56
-125,-4,-47
-93,32,12
34,15,32
27,-3,17
-6,5,51
-6,5,46
-15,-25,46
-3,-32,49
34,-9,47
42,-1,94
-68,45,77
-95,40,4
-113,67,31
-128,56,35
-128,27,22
-106,33,29
-79,30,26
-64,34,12
-73,33,1
-71,43,10
-60,49,13
-52,49,15
-46,54,17
-28,62,15
-26,69,14
-31,60,10
-27,47,13
-23,33,13
-31,40,17
-28,50,26
-21,53,24
-21,70,18
-24,80,19
-24,79,19
-24,80,22
-23,82,27
-21,79,29
-19,78,34
-18,80,38
-16,77,36
-26,72,19
-30,61,19
-25,44,50
-15,28,36
-6,16,36
-11,25,40
-63,88,23
-57,89,26
-21,74,32
-25,74,23
-30,77,25
-24,79,26
-3,77,32
-8,82,33
-9,79,19
-10,69,14
-5,53,6
-3,48,0
-5,40,3
-8,43,9
-2,45,18
4,47,19
1,64,26
0,74,31
-5,77,33
-4,73,32
-3,68,21
-7,72,18
-23,90,21
-16,79,20
-22,77,21
-38,69,25
-31,57,27
-26,50,25
-32,49,23
-34,46,26
-33,43,26
-31,49,22
-33,54,24
-34,59,27
-31,67,24
-25,79,22
-20,84,22
-16,85,14
-20,76,10
-18,69,7
-16,63,5
-10,53,4
-7,54,3
-12,61,3
-13,61,7
-15,75,13
-15,80,14
-12,76,18
-11,79,22
-12,80,23
-10,73,24
-16,55,32
-14,50,30
-4,50,34
4,59,32
2,59,29
-6,55,27
-9,51,26
-15,48,22
-16,47,20
-14,48,20
-14,54,23
-14,66,26
-18,70,28
-20,75,28
-19,69,27
-20,66,25
-21,64,22
-22,63,28
-21,56,29
-21,47,27
-22,46,28
-21,51,29
-23,54,28
-30,58,26
-28,65,25
-25,71,19
-23,67,16
-21,62,9
-19,63,8
-18,65,5
-14,59,5
-10,64,8
-12,67,11
-18,74,13
-10,75,10
-9,76,12
-14,82,20
-16,73,18
-18,56,28
-18,53,34
-15,52,33
-12,58,33
-4,57,30
-3,57,29
-4,56,25
-7,52,24
-14,47,20
-14,44,19
-9,39,16
-9,39,15
-10,43,13
-13,48,14
-17,64,21
-16,75,24
-8,87,26
-4,86,28
-4,86,29
-8,83,29
-17,69,27
-23,60,28
-29,49,33
-27,45,30
-25,37,24
-32,47,27
-33,56,30
-30,69,26
-26,68,23
-24,63,19
-24,59,18
-23,51,15
-22,45,12
-22,36,8
-24,36,8
-27,44,10
-28,48,9
-29,58,12
-33,68,16
-29,78,20
-24,78,18
-29,85,18
-32,85,17
-26,76,20
-24,72,23
-19,61,23
-14,62,23
0,63,23
5,63,23
0,68,26
-4,69,27
-2,58,22
-3,53,19
-14,50,20
-17,48,21
-24,45,24
-28,46,26
-30,48,37
-26,42,38
-30,40,39
-41,33,39
-45,30,44
-45,27,51
-38,24,46
-26,42,38
-30,40,39
-41,33,39
-45,30,44
-45,27,51
-38,24,46
-51,39,53
-55,49,60
-51,42,66
-48,34,59
-47,28,47
-42,27,45
-27,22,43
-30,19,44
-33,8,43
-33,5,43
-28,1,41
-25,-1,42
-20,-5,43
-20,-7,43
-19,-14,44
-20,-16,45
-23,-18,51
-16,-20,56
-12,-19,62
-12,-19,60
-13,-18,61
-10,-17,64
-7,-10,71
-4,-5,68
-4,-3,65
0,2,61
1,3,60
0,3,59
3,3,59
6,5,60
2,6,58
-1,6,60
3,7,63
5,6,62
3,4,61
1,2,61
2,1,62
-2,0,62
-5,0,63
1,-2,67
0,-4,69
-9,2,75
-12,-1,74
-13,-1,68
-10,0,64
-10,-1,60
-14,-2,59
-9,-3,62
-4,-3,64
-12,-3,62
-16,-3,62
-15,-6,63
-10,-5,64
-9,-5,63
-10,-7,62
-11,-9,62
-13,-10,62
-13,-10,63
-12,-7,66
-12,-7,67
-11,-7,68
-9,-8,68
-9,-10,65
-11,-10,63
-9,-9,66
-6,-8,67
-5,-2,66
-5,-1,65
-4,-1,63
-2,1,63
-1,3,60
-1,3,58
-3,1,58
-3,1,58
3,5,63
-1,3,62
2,3,64
0,1,62
0,5,63
0,3,63
-2,-1,64
-1,2,65
-8,1,62
1,2,68
0,1,66
-6,4,63
-9,0,60
4,3,66
3,3,66
-6,0,59
-4,0,60
0,-2,70
1,0,76
-4,3,71
-13,-4,65
6,4,63
3,-11,58
-3,-3,59
-13,-6,56
-13,-7,58
-8,-7,61
-9,-11,60
-12,-12,60
-9,-10,61
-5,-9,63
-2,-6,61
-3,-5,59
-5,-3,56
-9,-2,55
-12,0,52
-10,2,52
-11,7,53
-11,9,52
-14,11,46
-16,11,43
-17,10,40
-9,9,36
-8,14,36
-22,25,30
-23,27,25
-73,49,12
-82,55,8
-73,52,12
-65,56,15
-61,65,20
-60,68,20
-56,74,17
-55,75,15
-42,75,15
-39,75,16
-25,71,20
-19,65,15
-18,60,10
-21,58,8
-19,57,4
-19,56,2
-17,61,-1
-20,64,-1
-11,64,4
-8,63,3
-16,62,1
-18,61,-1
-44,63,0
-50,66,-1
-43,67,-1
-29,62,0
-21,62,1
-14,63,2
-10,66,1
-11,66,2
-16,64,4
-33,59,7
-50,62,9
-54,62,10
-54,63,12
-50,58,4
-45,57,12
-60,69,12
-58,63,12
-62,62,11
-65,56,9
-63,46,9
-67,43,7
-70,40,11
-65,37,18
-47,21,25
-50,15,20
-55,4,18
-45,-2,19
-50,-11,16
-46,-16,12
-43,-17,18
-38,-20,22
-34,-30,21
-33,-34,23
-34,-34,28
-35,-37,24
-40,-38,22
-25,-41,29
-21,-43,26
-13,-48,30
-12,-50,28
-12,-51,24
-8,-50,24
-3,-53,25
-3,-52,26
-5,-54,29
-4,-55,32
-13,-58,27
-8,-58,30
-13,-57,33
-13,-55,31
-10,-53,32
-13,-52,30
-19,-50,28
-14,-49,30
-13,-49,32
-14,-50,31
-13,-49,31
-13,-48,31
-16,-50,33
-18,-49,34
-24,-49,31
-24,-50,31
-24,-52,29
-23,-54,29
-19,-57,27
-18,-58,28
-22,-61,22
-30,-60,22
-34,-58,23
-24,-55,27
-23,-54,26
-16,-53,28
-14,-51,29
-19,-53,24
-16,-54,24
-16,-50,28
-19,-49,27
-23,-52,24
-22,-52,27
-16,-49,38
-20,-48,36
-28,-52,27
-28,-53,24
-25,-53,26
-22,-54,27
-24,-55,26
-24,-55,26
-21,-55,26
-21,-55,27
-21,-55,29
-22,-55,29
-22,-58,24
-20,-58,24
-17,-57,28
-14,-55,30
-14,-53,30
-18,-52,24
-16,-52,24
-12,-50,28
-11,-49,31
-10,-51,31
-12,-51,29
-9,-49,30
-9,-49,31
-9,-42,36
-12,-38,38
-21,-37,36
-15,-36,35
-10,-33,29
-16,-33,18
-14,-28,11
-13,-24,14
-27,-15,1
-21,-12,-1
-52,6,4
-60,17,3
-34,42,2
-44,49,1
-91,61,-26
-76,76,-28
-69,73,-15
-67,85,-11
-64,92,-6
-57,91,18
-46,86,28
-42,75,53
-51,77,72
-47,72,70
-20,65,44
-3,46,39
-3,50,36
-10,53,23
-19,52,17
-23,50,14
-22,50,13
-22,51,13
-20,52,14
-20,54,17
-19,54,17
-21,56,24
-21,58,26
-23,57,30
-24,56,35
-22,56,42
-22,57,45
-20,65,45
-19,70,42
-19,71,31
-21,67,27
-25,60,22
-27,58,21
-27,53,16
-34,53,16
-38,51,13
-44,49,12
-47,47,10
-47,44,9
-45,42,7
-44,39,11
-45,37,11
-45,36,11
-46,37,10
-46,39,11
-44,40,13
-47,49,20
-50,52,23
-55,58,29
-56,63,31
-55,59,35
-58,54,36
-81,44,35
-81,41,38
-81,45,37
-77,43,32
-71,41,28
-67,37,26
-64,29,17
-62,29,16
-52,17,22
-48,9,18
-42,-4,19
-31,-8,27
-30,-22,24
-27,-27,21
-20,-35,28
-12,-35,25
-11,-36,26
1,-34,31
-3,-35,32
-6,-39,34
-4,-43,34
-10,-51,34
-14,-53,33
-19,-55,29
-18,-54,30
-16,-53,28
-16,-54,27
-22,-52,27
-17,-53,28
-22,-53,26
-19,-54,25
-14,-55,25
-14,-55,24
-15,-55,24
-12,-55,25
-14,-57,22
-16,-56,21
-16,-52,25
-18,-51,26
-21,-54,26
-19,-55,25
-24,-57,21
-24,-57,23
-24,-56,24
-25,-57,22
-24,-57,21
-22,-58,17
-24,-60,16
-27,-59,17
-29,-57,19
-25,-55,20
-23,-54,19
-23,-55,20
-24,-56,20
-24,-56,13
-25,-53,11
-26,-51,13
-26,-51,13
-25,-55,11
-23,-57,13
-21,-62,13
-27,-60,15
-33,-59,16
-30,-58,14
-31,-55,14
-32,-54,13
-32,-59,15
-33,-59,16
-34,-54,17
-32,-52,16
-28,-52,13
-28,-50,12
-30,-52,11
-32,-56,10
-39,-57,15
-38,-55,18
-33,-53,17
-30,-50,19
-27,-48,21
-29,-47,17
-30,-49,15
-28,-50,22
-31,-49,24
-35,-48,20
-35,-47,19
-36,-49,19
-36,-49,22
-42,-46,27
-44,-46,25
-46,-48,18
-44,-48,17
-36,-47,22
-37,-48,21
-37,-50,17
-36,-49,19
-37,-49,20
-36,-48,21
-39,-47,21
-37,-46,22
-37,-48,21
-36,-47,22
-38,-46,21
-35,-47,22
-36,-48,21
-37,-48,22
-38,-48,22
-38,-49,22
-36,-49,22
-32,-49,25
-32,-50,25
-34,-51,23
-35,-49,23
-30,-46,23
-31,-46,21
-25,-48,21
-23,-49,22
-22,-52,24
-22,-53,23
-26,-53,22
-27,-54,19
-26,-51,19
-27,-51,17
-28,-53,14
-29,-53,15
-32,-56,9
-31,-57,11
-30,-58,15
-32,-59,12
-28,-59,17
-26,-58,18
-28,-58,14
-26,-58,15
-29,-55,15
-30,-54,16
-33,-52,15
-33,-54,10
-32,-52,11
-28,-50,19
-30,-51,16
-29,-55,14
-28,-55,16
-33,-54,25
-36,-55,21
-35,-54,14
-36,-53,13
-33,-54,14
-31,-53,14
-32,-52,16
-32,-52,16
-30,-53,12
-27,-54,12
-29,-56,10
-30,-57,9
-27,-57,11
-24,-57,14
-25,-56,19
-27,-55,19
-31,-54,17
-28,-55,16
-17,-55,17
-20,-54,18
-28,-50,16
-35,-47,11
-44,-48,9
-36,-47,14
-31,-45,14
-35,-46,7
-37,-43,11
-34,-38,14
-38,-36,11
-50,-33,9
-51,-32,9
-54,-31,5
-55,-30,3
-59,-29,1
-55,-28,3
-59,-31,-3
-57,-32,4
-66,-25,2
-62,-14,9
-69,0,10
-74,4,4
-62,21,12
-71,34,17
-51,28,18
-21,42,36
-12,63,82
-24,49,81
-51,39,57
-44,31,56
-31,21,43
-28,19,33
-45,26,27
-53,35,28
-53,46,51
-45,46,65
-22,39,86
-29,15,68
-45,-1,51
-52,-15,32
-53,-16,26
-48,-10,47
-37,-9,55
-47,-2,42
-57,0,34
-48,-7,20
-44,-9,12
-49,-9,-5
-47,-11,-11
-57,-11,-19
-51,-12,-23
-51,-13,-36
-49,-13,-44
-45,-11,-50
-47,-11,-51
-43,-14,-55
-44,-15,-54
-45,-17,-50
-47,-16,-49
-46,-17,-47
-43,-18,-48
-50,-16,-51
-51,-15,-48
-46,-21,-47
-55,-18,-43
-69,-15,-29
-72,-10,-19
-55,7,-15
-64,22,-26
5,13,-16
57,26,78
38,33,66
-16,37,18
-24,43,25
-22,62,67
-28,66,86
-54,56,82
-64,42,66
-89,16,33
-103,0,12
-110,-20,1
-94,-15,12
-49,12,39
-47,22,28
-34,42,36
-49,58,34
-56,51,27
-39,45,41
-34,37,40
-36,36,28
-30,32,17
-21,33,15
-18,33,17
-23,28,15
-70,28,8
-69,25,10
-57,13,10
-88,22,-5
-83,26,0
-55,35,17
-44,41,22
-35,51,24
-38,48,18
-49,62,2
-60,69,-5
-69,56,-13
-63,48,-4
-48,39,9
-47,36,7
-51,36,2
-51,37,0
-54,38,0
-55,39,0
-54,40,1
-53,39,2
-52,38,1
-52,38,0
-54,37,-2
-54,37,-2
-52,38,-3
-51,38,-2
-51,38,-2
-51,38,-2
-50,40,-3
-50,42,-3
-55,46,-3
-56,45,-3
-51,39,-2
-49,38,-2
-48,37,-3
-50,39,-4
-50,40,-4
-51,40,-5
-51,40,-5
-51,38,-5
-53,37,-6
-55,34,-8
-57,34,-11
-60,36,-13
-58,36,-11
-53,33,-8
-52,32,-7
-52,30,-7
-54,30,-7
-58,33,-7
-59,33,-11
-59,35,-11
-57,38,-7
-57,35,-7
-56,32,-7
-55,29,-9
-55,28,-11
-59,26,-12
-61,26,-12
-60,27,-10
-57,29,-9
-56,29,-9
-57,28,-10
-58,28,-9
-58,28,-9
-57,29,-8
-60,31,-9
-60,32,-12
-61,34,-15
-58,34,-12
-52,32,-5
-50,30,-4
-44,32,-3
-47,37,-2
-58,42,-4
-62,42,-6
-59,39,-8
-58,38,-8
-54,36,-4
-52,36,-3
-48,36,-2
-48,36,-1
-50,38,1
-52,39,0
-55,41,-5
-55,42,-7
-52,43,-4
-49,43,-1
-43,43,3
-43,43,4
-46,43,1
-47,43,-1
-48,44,-3
-48,44,-1
-48,44,0
-50,42,1
-50,41,0
-49,40,-1
-50,41,-1
-52,41,0
-52,41,-1
-53,39,-1
-53,38,-2
-53,40,-3
-52,40,-2
-51,40,-2
-52,40,-2
-53,39,-1
-53,39,-1
-52,39,-2
-52,39,-2
-52,40,-2
-51,40,-2
-51,40,-1
-51,40,-1
-52,40,-1
-52,40,-1
-51,40,-1
-50,39,-1
-51,40,-1
-52,40,-1
-52,41,-1
-51,41,-1
-49,41,-1
-49,42,-1
-48,43,-1
-48,44,-2
-50,43,-2
-52,42,-1
-52,41,-1
-52,41,-1
-52,41,-1
-49,41,-1
-49,40,-1
-51,40,-1
-52,39,-2
-53,39,-2
-53,39,-1
-53,39,-1
-53,39,-1
-53,39,-1
-52,39,-1
-51,41,0
-51,41,-1
-51,41,-1
-50,41,-1
-49,42,-1
-49,42,-1
-47,42,-1
-48,42,-1
-50,43,-1
-51,42,-1
-51,39,-1
-52,38,-2
-53,36,-4
-55,36,-5
-54,36,-3
-59,33,-6
-56,34,-4
-51,35,-2
-49,36,-2
-52,37,-3
-53,38,-3
-56,39,-6
-55,39,-6
-55,41,-6
-50,43,-5
-42,48,0
-45,46,-2
-48,41,-6
-49,37,-9
-51,38,-9
-51,40,-7
-53,42,-2
-53,43,-2
-53,39,-6
-53,37,-6
-54,37,-5
-53,38,-5
-51,39,-6
-50,39,-6
-50,40,-6
-51,41,-6
-52,41,-6
-52,39,-5
-52,39,-5
-52,39,-5
-52,41,-4
-50,42,-4
-50,42,-5
-51,42,-5
-51,42,-4
-50,43,-4
-49,42,-4
-49,38,-4
-50,38,-3
-51,39,-3
-52,40,-3
-51,42,-3
-51,43,-3
-51,40,-4
-51,39,-4
-52,39,-3
-52,39,-3
-52,40,-3
-52,40,-3
-53,39,-3
-53,38,-4
-52,39,-3
-51,40,-3
-51,40,-3
-52,39,-3
-52,38,-2
-51,38,-2
-51,39,-2
-51,41,-2
-51,43,-2
-50,42,-2
-51,42,-3
-52,41,-3
-52,41,-3
-50,41,-3
-48,41,-2
-47,40,-3
-47,40,-3
-50,41,-3
-51,42,-3
-52,41,-3
-52,41,-3
-51,40,-3
-51,40,-4
-51,39,-4
-52,39,-4
-54,39,-4
-54,39,-4
-51,39,-3
-50,39,-3
-50,40,-4
-51,40,-4
-53,41,-4
-53,41,-4
-51,40,-4
-50,40,-4
-51,39,-3
-52,39,-3
-52,40,-3
-52,40,-3
-52,41,-4
-51,40,-3
-53,41,-4
-52,42,-2
-50,38,-2
-50,38,-2
-61,43,-3
-69,66,12
-66,73,15
-59,64,-3
-57,64,-1
-46,40,4
-53,31,16
-65,20,35
-81,17,19
-100,15,-20
-93,20,-23
-90,31,-18
-47,23,4
-41,-6,-3
-48,-19,-15
-87,-12,2
-92,0,6
-79,19,14
-39,18,60
-48,17,55
-36,7,42
-4,-16,25
-47,-67,-77
-81,-86,-91
-58,-65,-27
-62,-49,7
-48,3,92
6,-12,91
-23,-16,4
-70,-43,-54
-63,-63,-55
-50,-53,-31
-71,-33,38
-78,-4,72
-22,-14,74
-24,-17,40
-81,-52,-63
-90,-60,-68
-43,-47,-16
-49,-38,9
-87,1,55
-45,-16,64
-26,-15,30
-55,-21,-7
-72,-56,-48
-56,-62,-42
-40,-45,2
-57,-37,26
-60,-14,52
-34,-18,54
-21,-23,21
-48,-35,-19
-91,-55,-67
-37,-48,-16
-40,-40,6
-56,-30,30
-63,0,52
-52,-21,25
-55,-35,-14
-66,-55,-43
-57,-58,-32
-50,-43,1
-65,-31,24
-40,-17,54
-39,-18,43
-60,-39,-20
-55,-51,-34
-60,-49,-21
-52,-47,-10
-14,-39,11
-37,-14,46
-67,-30,8
-86,-35,6
-56,-35,8
-46,-37,4
-53,-37,4
-50,-37,5
-53,-38,5
-55,-38,5
-53,-37,6
-51,-36,5
-52,-36,4
-52,-35,5
-53,-34,6
-53,-35,6
-48,-36,5
-53,-37,5
-50,-38,5
-54,-43,1
-56,-41,2
-48,-40,3
-55,-38,5
-54,-33,8
-54,-30,7
-54,-31,6
-52,-33,5
-52,-35,3
-53,-36,4
-53,-38,5
-52,-38,5
-53,-37,5
-52,-37,6
-51,-34,7
-55,-33,6
-53,-36,0
-52,-38,1
-53,-40,3
-55,-40,3
-53,-38,5
-51,-37,5
-53,-35,4
-52,-35,3
-53,-35,3
-53,-36,4
-53,-36,4
-54,-37,5
-52,-37,5
-52,-37,4
-53,-36,4
-52,-37,4
-52,-36,5
-55,-36,5
-55,-35,6
-47,-36,5
-49,-36,4
-60,-33,11
-57,-30,11
-60,-24,13
-56,-22,11
-37,-24,2
-34,-25,1
-45,-22,0
-50,-22,-1
-55,-23,-8
-52,-23,-8
-47,-20,-4
-68,-11,-5
-48,-10,13
-28,6,43
-41,35,50
-39,37,60
-51,30,56
-85,28,42
-77,19,44
-32,9,44
-31,9,38
-59,18,22
-55,26,28
-42,42,27
-56,50,24
-54,29,14
-44,25,11
-37,18,1
-43,18,-2
-64,17,-13
-76,17,-12
-70,16,-3
-65,21,8
-66,45,23
-57,46,12
-47,16,-5
-52,54,-10
-57,67,-4
-56,62,-3
-57,44,-5
-53,38,-1
-50,34,0
-50,35,-2
-49,41,-3
-49,43,-4
-51,45,-4
-52,43,-3
-51,39,-2
-51,39,-2
-51,40,-3
-51,41,-4
-50,41,-3
-50,41,-3
-49,41,-3
-49,42,-3
-50,42,-4
-50,42,-4
-50,42,-4
-50,41,-3
-50,41,-3
-50,41,-3
-51,41,-3
-51,41,-3
-51,41,-4
-51,41,-4
-51,41,-4
-51,40,-4
-50,41,-3
-52,41,-4
-52,41,-4
-52,40,-4
-52,39,-5
-51,40,-5
-51,41,-4
-50,42,-4
-50,41,-4
-51,41,-4
-51,41,-3
-51,40,-3
-51,40,-3
-51,41,-2
-52,41,-3
-52,40,-2
-52,40,-2
-52,40,-2
-51,39,-2
-49,39,-2
-50,39,-4
-52,39,-6
-53,37,-5
-53,37,-2
-53,38,1
-53,38,1
-53,38,-3
-53,39,-5
-50,39,-6
-49,40,-6
-51,41,-4
-52,40,-4
-51,43,-4
-50,42,-3
-53,43,-4
-55,44,-4
-56,44,-4
-58,47,-3
-52,51,3
-50,52,6
-44,55,10
-47,54,6
-49,53,0
-51,51,7
-46,46,12
-44,40,17
-42,37,14
-47,36,11
-50,33,11
-53,33,17
-54,33,17
-56,29,17
-53,24,16
-43,19,13
-39,13,9
-42,11,4
-45,14,1
-46,19,-4
-48,26,-3
-36,41,18
-27,46,29
-21,56,32
-19,51,25
-18,51,14
-19,53,11
-27,75,12
-32,87,17
-32,75,19
-30,74,21
-21,75,20
-15,72,19
-8,70,24
-5,64,23
-10,63,21
-16,66,24
-17,62,20
-19,62,14
-21,64,13
-24,66,12
-24,67,12
-22,64,11
-21,63,12
-18,64,13
-17,64,13
-16,63,13
-15,63,14
-13,65,15
-11,64,14
-9,64,14
-10,64,14
-11,59,14
-13,59,16
-15,58,17
-15,57,18
-15,58,21
-15,56,22
-14,56,25
-12,54,25
-13,55,26
-13,58,28
-11,60,27
-10,62,28
-7,66,31
-6,64,32
-4,61,32
-5,53,26
-6,50,24
-8,47,23
-9,46,24
-9,45,26
-9,46,26
-11,61,24
-13,72,26
-21,73,24
-21,70,24
-22,61,22
-21,57,19
-15,57,20
-14,62,22
-15,71,20
-15,73,19
-14,66,16
-17,64,12
-21,61,9
-20,59,9
-21,58,11
-20,57,12
-20,56,13
-17,56,15
-21,60,21
-24,66,23
-18,70,15
-21,70,21
-25,70,24
-32,61,20
-33,53,19
-33,45,19
-30,47,18
-24,48,16
-23,51,16
-21,61,20
-22,58,19
-21,54,17
-22,56,17
-22,53,16
-20,51,17
-15,46,21
-15,44,22
-19,41,23
-24,45,24
-25,48,26
-26,51,25
-21,54,24
-21,55,24
-23,59,20
-27,67,18
-33,85,20
-34,81,20
-25,70,19
-19,66,17
-10,63,14
-9,67,13
-10,72,10
-13,75,10
-16,71,7
-22,66,7
-23,64,7
-24,62,9
-26,62,10
-27,62,11
-27,62,13
-27,65,22
-25,63,22
-22,65,20
-26,65,21
-29,67,24
-28,65,20
-25,60,10
-26,59,10
-27,51,17
-27,45,17
-25,32,16
-25,28,19
-40,38,23
-45,34,26
-31,38,36
-25,39,34
-19,42,31
-23,42,33
-39,52,32
-44,52,31
-42,41,36
-40,36,30
-30,34,21
-26,38,33
-37,40,34
-43,42,33
-41,41,36
-46,39,33
-49,40,31
-54,37,29
-50,36,31
-44,36,35
-44,36,36
-52,36,33
-53,37,34
-48,40,41
-41,39,43
-34,35,43
-36,34,41
-50,28,29
-53,26,28
-50,27,30
-48,27,30
-46,25,31
-45,24,32
-46,23,34
-46,24,35
-45,24,37
-45,26,35
-43,25,36
-41,25,34
-48,26,25
-49,26,18
-55,27,11
-68,24,9
-55,27,17
-61,22,5
-63,22,-2
-50,17,-12
-54,11,-26
-72,17,-34
-73,26,-27
-71,32,-11
-65,26,-18
-59,24,-26
-57,24,-23
-58,29,-14
-62,28,-17
-52,29,-11
-52,30,-10
-56,37,-9
-59,38,-11
-52,36,-11
-53,34,-14
-52,29,-17
-50,29,-17
-63,32,-19
-60,34,-16
-44,25,-18
-41,17,20
-50,56,30
-71,57,19
-76,44,9
-57,32,7
-49,27,8
-55,21,0
-55,18,-2
-54,16,2
-51,21,8
-51,28,12
-52,30,12
-46,26,13
-42,27,12
-43,28,13
-49,34,8
-67,33,-8
-75,33,-12
-74,40,-12
-71,38,-11
-55,35,-5
-52,34,-4
-53,34,-4
-55,34,-4
-55,36,-5
-55,36,-6
-55,36,-6
-54,36,-6
-54,35,-5
-55,35,-5
-56,35,-5
-55,34,-5
-55,34,-5
-55,34,-5
-56,34,-5
-55,33,-5
-55,34,-5
-55,34,-5
-55,34,-5
-55,34,-5
-54,35,-5
-54,35,-5
-54,35,-5
-54,35,-4
-54,35,-5
-55,35,-4
-55,35,-5
-55,36,-5
-55,35,-5
-55,35,-4
-55,34,-4
-53,34,-4
-53,34,-4
-52,36,-5
-53,37,-5
-53,38,-4
-55,36,-4
-54,36,-5
-54,36,-4
-55,37,-5
-55,37,-5
-55,36,-4
-54,35,-5
-55,35,-5
-54,36,-6
-52,38,-5
-49,41,-2
-49,40,-2
-51,37,-4
-53,36,-6
-58,36,-8
-58,37,-8
-55,35,-7
-55,34,-7
-55,33,-6
-56,34,-6
-56,36,-7
-55,37,-7
-52,39,-6
-51,40,-5
-51,40,-4
-51,41,-4
-50,40,-4
-51,39,-3
-52,39,-3
-52,38,-3
-54,36,-4
-56,35,-5
-58,35,-6
-57,34,-5
-56,35,-6
-55,36,-6
-53,37,-6
-54,38,-7
-54,38,-7
-53,39,-7
-53,39,-7
-54,38,-7
-55,38,-8
-56,37,-8
-57,37,-8
-56,37,-8
-56,37,-8
-57,36,-9
-56,37,-9
-53,39,-8
-53,40,-7
-54,40,-5
-56,39,-7
-58,38,-9
-58,38,-9
-58,38,-7
-58,37,-7
-57,36,-8
-56,36,-8
-57,38,-8
-57,40,-8
-54,42,-6
-54,42,-6
-55,39,-8
-54,39,-8
-56,39,-8
-57,39,-7
-57,37,-6
-57,37,-6
-57,37,-5
-56,38,-6
-56,38,-6
-57,38,-6
-57,38,-6
-56,38,-6
-55,38,-6
-54,39,-6
-54,39,-7
-54,39,-7
-55,39,-6
-57,39,-6
-57,39,-6
-57,38,-6
-58,37,-6
-57,37,-6
-57,37,-6
-57,37,-6
-57,37,-7
-56,38,-7
-56,38,-7
-55,38,-7
-55,39,-7
-56,38,-7
-56,38,-7
-57,37,-7
-57,36,-7
-56,36,-7
-56,36,-6
-56,36,-7
-56,36,-7
-56,36,-7
-56,36,-8
-56,36,-7
-55,36,-7
-55,36,-7
-55,36,-7
-55,36,-7
-56,36,-7
-56,36,-7
-56,35,-7
-57,36,-8
-55,36,-7
-55,36,-7
-57,36,-8
-56,37,-7
-56,37,-6
-55,36,-5
-52,34,-4
-50,34,-3
-49,36,-3
-49,37,-4
-51,39,-6
-51,40,-6
-53,39,-6
-53,38,-6
-53,37,-4
-52,37,-4
-52,36,-5
-53,37,-7
-55,39,-8
-54,41,-10
-53,40,-10
-54,36,-7
-54,35,-6
-55,34,-6
-56,35,-6
-54,35,-7
-54,35,-7
-53,35,-7
-54,35,-7
-55,35,-7
-54,35,-7
-54,35,-7
-54,35,-7
-54,36,-7
-54,37,-7
-54,36,-6
-54,36,-6
-54,35,-6
-54,35,-6
-54,35,-6
-54,36,-6
-53,36,-6
-54,36,-6
-53,37,-6
-53,37,-6
-53,37,-6
-53,37,-6
-53,36,-6
-53,37,-6
-52,38,-7
-53,38,-7
-53,37,-7
-53,36,-6
-54,36,-6
-54,37,-6
-53,37,-7
-54,37,-7
-53,37,-7
-52,37,-7
-52,37,-7
-53,37,-7
-53,37,-7
-53,37,-7
-53,37,-7
-53,36,-7
-53,36,-6
-53,37,-7
-53,36,-6
-53,36,-7
-54,36,-7
-53,37,-7
-54,37,-7
-53,37,-7
-53,36,-7
-53,36,-7
-53,36,-7
-53,37,-7
-54,37,-7
-53,37,-7
-53,36,-7
-53,36,-7
-54,37,-7
-54,37,-7
-53,36,-7
-53,36,-7
-53,36,-6
-53,36,-7
-53,36,-7
-54,36,-7
-54,36,-7
-54,36,-7
-54,35,-7
-54,35,-7
-54,35,-7
-54,36,-7
-54,36,-7
-54,36,-7
-55,36,-7
-55,35,-7
-54,34,-7
-54,35,-7
-54,36,-7
-54,36,-8
-54,36,-7
-54,35,-7
-53,36,-7
-53,36,-7
-54,36,-7
-54,36,-7
-54,36,-7
-54,36,-7
-53,37,-6
-53,37,-7
-53,37,-7
-51,37,-7
-51,37,-7
-52,39,-8
-53,38,-7
-54,36,-8
-54,36,-7
-52,37,-7
-52,37,-7
-54,37,-7
-54,37,-7
-54,37,-7
-53,36,-7
-53,36,-7
-53,37,-7
-54,37,-7
-54,37,-7
-54,37,-7
-54,37,-7
-53,36,-7
-53,36,-7
-53,37,-7
-53,36,-7
-54,36,-7
-54,36,-7
-54,37,-8
-53,37,-8
-53,36,-7
-53,35,-6
-53,35,-7
-54,35,-7
-54,36,-7
-54,37,-7
-53,36,-7
-53,36,-7
-54,36,-7
-54,37,-8
-54,37,-8
-53,36,-8
-54,36,-7
-53,36,-7
-54,36,-7
-54,35,-8
-54,35,-8
-54,35,-8
-54,35,-8
-54,35,-7
-54,35,-7
-54,36,-8
-53,36,-8
-53,36,-9
-54,37,-8
-54,36,-8
-54,36,-8
-54,35,-7
-54,34,-7
-56,34,-7
-56,35,-7
-54,35,-8
-54,35,-8
-54,34,-7
-55,33,-7
-55,34,-7
-54,35,-8
-54,36,-8
-54,36,-8
-54,35,-8
-54,35,-8
-55,35,-8
-56,34,-7
-56,34,-8
-56,34,-7
-55,35,-8
-53,36,-8
-54,35,-8
-53,36,-7
-53,36,-7
-53,36,-7
-53,35,-7
-55,35,-6
-55,35,-6
-54,34,-7
-53,34,-7
-55,34,-7
-55,34,-7
-56,34,-8
-56,34,-8
-57,34,-8
-57,34,-9
-55,35,-8
-53,36,-8
-53,36,-8
-53,36,-8
-52,35,-8
-54,34,-8
-55,33,-7
-56,33,-6
-56,34,-7
-56,36,-8
-54,35,-7
-53,33,-7
-54,33,-7
-55,35,-7
-55,36,-7
-54,35,-8
-54,35,-8
-54,37,-7
-53,38,-7
-53,36,-7
-53,35,-7
-52,36,-7
-52,37,-8
-54,37,-8
-55,36,-7
-56,34,-7
-55,34,-7
-55,35,-6
-55,36,-7
-54,36,-7
-53,36,-7
-53,36,-7
-54,37,-8
-54,37,-8
-53,36,-7
-53,35,-7
-54,35,-7
-54,36,-7
-54,36,-7
-53,36,-7
-53,36,-7
-53,36,-7
-54,36,-7
-54,36,-7
-54,37,-7
-53,38,-7
-53,38,-7
-52,37,-7
-52,36,-7
-52,37,-7
-52,38,-7
-53,38,-8
-53,39,-8
-53,38,-8
-52,36,-7
-53,35,-6
-54,36,-7
-53,38,-7
-53,37,-8
-54,36,-8
-55,36,-8
-53,36,-7
-53,37,-7
-53,36,-8
-53,36,-8
-54,36,-7
-54,35,-7
-53,35,-7
-54,35,-7
-55,35,-7
-55,35,-7
-56,35,-6
-56,34,-7
-55,36,-8
-54,37,-8
-51,39,-6
-50,40,-5
-50,38,-6
-51,37,-7
-53,36,-8
-56,36,-8
-56,34,-7
-54,33,-7
-56,32,-7
-57,33,-8
-54,37,-9
-53,38,-10
-51,38,-9
-53,37,-8
-54,38,-6
-52,39,-6
-50,40,-6
-51,39,-6
-52,38,-6
-53,37,-7
-53,37,-7
-53,36,-7
-54,35,-7
-55,35,-7
-55,35,-6
-55,35,-6
-55,35,-7
-56,38,-8
-57,40,-7
-65,44,-8
-68,47,-7
-55,44,3
-54,45,7
-67,48,5
-65,52,9
-77,45,12
-100,46,11
-73,29,12
-41,22,28
-37,22,34
-50,20,27
-46,7,22
-42,4,25
-40,-2,25
-44,-6,23
-28,-15,18
-16,-28,20
-21,-30,21
-14,-28,22
-46,-20,17
-72,-9,24
-60,-8,37
-70,-6,30
-85,-9,21
-65,-17,24
-61,-18,23
-62,-18,13
-65,-19,13
-62,-18,19
-66,-16,19
-64,-18,19
-62,-19,18
-62,-18,21
-62,-18,22
-62,-20,19
-62,-22,19
-61,-23,18
-58,-24,17
-57,-25,14
-54,-25,15
-51,-22,19
-47,-23,18
-45,-22,20
-44,-24,20
-48,-25,22
-57,-24,20
-60,-25,20
-61,-26,20
-57,-27,21
-58,-28,20
-57,-27,20
-56,-27,18
-56,-26,17
-54,-26,18
-53,-26,19
-53,-26,18
-54,-26,18
-57,-27,20
-56,-27,21
-57,-27,19
-58,-27,19
-55,-26,21
-54,-25,21
-53,-25,20
-51,-25,19
-54,-25,18
-56,-25,19
-53,-26,18
-52,-26,19
-53,-25,20
-53,-25,20
-50,-24,20
-54,-23,19
-56,-23,19
-50,-23,19
-46,-22,20
-62,-19,17
-66,-19,17
-60,-21,15
-60,-21,15
-58,-22,17
-58,-22,18
-55,-22,19
-54,-21,20
-55,-21,21
-55,-21,20
-57,-21,18
-56,-20,19
-54,-20,19
-54,-20,20
-53,-19,19
-53,-20,19
-53,-19,19
-54,-19,20
-54,-20,20
-56,-20,18
-60,-20,18
-61,-21,17
-58,-20,18
-54,-21,20
-47,-22,21
-46,-22,21
-41,-23,21
-43,-23,19
-56,-20,20
-62,-18,19
-63,-17,16
-60,-19,20
-59,-19,22
-55,-19,22
-54,-21,20
-50,-22,21
-48,-22,21
-48,-21,20
-52,-20,19
-57,-18,18
-57,-18,19
-56,-19,19
-55,-19,19
-53,-20,20
-53,-20,20
-53,-21,20
-53,-21,19
-54,-21,20
-55,-20,20
-55,-20,21
-55,-20,21
-54,-20,20
-55,-20,18
-57,-18,22
-60,-17,19
-62,-18,14
-62,-18,13
-61,-15,14
-60,-16,13
-51,-22,11
-52,-21,10
-58,-17,21
-57,-18,30
-59,-18,33
-52,-15,35
-43,-18,40
-38,-19,37
-46,-22,30
-67,-24,25
-66,-21,21
-41,-11,40
-47,-12,37
-56,-11,50
-58,-11,51
-42,-14,48
-28,-13,47
-34,-14,32
-37,-17,29
-65,-15,10
-83,-20,-3
-65,-21,4
-61,-20,9
-50,-17,36
-44,-16,43
-38,-15,52
-45,-14,53
-67,-14,34
-66,-15,29
-60,-17,20
-58,-19,21
-60,-14,30
-54,-11,35
-55,-11,33
-51,-12,28
-49,-12,28
-50,-10,36
-50,-11,32
-60,-8,33
-61,-9,38
-60,-11,34
-56,-13,32
-54,-13,30
-55,-13,29
-52,-11,34
-51,-12,33
-53,-12,35
-53,-12,36
-53,-13,33
-55,-13,29
-52,-11,34
-51,-12,33
-53,-12,35
-53,-12,36
-53,-13,33
-54,-13,32
-57,-14,32
-56,-14,32
-55,-13,32
-54,-13,31
-54,-12,32
-53,-10,33
-53,-10,34
-52,-11,33
-53,-11,34
-52,-12,35
-53,-13,34
-55,-14,36
-57,-14,39
-57,-17,39
-57,-17,40
-54,-18,39
-53,-20,34
-58,-20,36
-58,-20,39
-52,-19,38
-52,-19,35
-58,-19,30
-57,-19,28
-49,-19,31
-49,-18,31
-45,-20,25
-43,-20,23
-45,-24,22
-48,-24,22
-60,-27,24
-62,-30,24
-54,-33,22
-51,-35,20
-54,-36,17
-56,-36,13
-46,-38,8
-42,-38,7
-39,-36,7
-41,-35,6
-37,-34,11
-34,-31,17
-53,-25,10
-63,-27,3
-59,-27,5
-53,-27,8
-59,-29,9
-62,-30,16
-65,-32,16
-70,-34,17
-76,-32,24
-59,-27,27
-55,-25,22
-51,-26,14
-51,-29,9
-51,-34,0
-53,-35,-5
-54,-38,-17
-50,-39,-19
-42,-36,-16
-44,-34,-15
-50,-32,-17
-55,-30,-16
-60,-29,-10
-56,-24,1
-57,-20,17
-54,-24,17
-69,-25,10
-68,-26,9
-71,-23,26
-64,-19,36
-74,-18,32
-51,-18,35
-38,-24,24
-63,-24,-11
-67,-28,-21
-50,-27,-17
-44,-25,-9
-44,-22,-15
-45,-23,-18
-56,-23,-21
-56,-21,-13
-63,-17,-5
-68,-17,-6
-75,-14,4
-72,-14,6
-66,-11,4
-62,-9,3
-54,-4,11
-45,-3,12
-42,5,5
-58,10,-4
-42,19,0
-33,20,2
-54,41,3
-49,49,4
-38,55,3
-36,62,2
-49,70,8
-53,80,18
-57,85,5
-61,80,2
-50,65,9
-42,57,11
-38,54,10
-35,57,11
-36,59,10
-34,55,9
-35,55,10
-34,53,12
-31,52,13
-25,49,14
-23,48,17
-22,47,18
-22,47,18
-24,51,24
-25,52,24
-27,53,26
-28,54,28
-27,57,28
-25,57,28
-22,57,28
-20,59,28
-20,70,26
-23,78,24
-22,80,23
-18,71,22
-4,58,21
-2,54,19
-4,56,18
-13,62,18
-17,62,14
-21,59,8
-32,55,7
-31,46,10
-30,45,12
-32,49,18
-33,50,18
-32,51,20
-30,50,21
-26,49,23
-25,49,23
-23,47,20
-23,48,18
-23,52,21
-21,54,21
-19,69,20
-16,81,19
-14,93,23
-14,95,27
-14,80,32
-13,65,27
-9,55,14
-6,58,12
-4,60,7
-4,61,8
-7,54,6
-7,50,5
-9,47,7
-12,47,8
-14,47,12
-14,47,13
-15,50,18
-18,51,22
-20,50,27
-19,53,23
-19,57,21
-19,67,22
-19,71,24
-29,89,29
-34,92,31
-24,71,27
-18,61,21
-14,69,17
-15,79,17
-18,91,22
-16,87,23
-16,78,27
-20,75,23
-21,75,22
-29,74,22
-55,65,14
-79,52,5
-72,38,9
-69,37,5
-64,30,2
-59,23,-9
-37,1,-22
-27,-7,-19
-36,-16,-39
-41,-13,-44
-25,-14,-41
-23,-26,-48
-21,-34,-37
-42,-44,4
-55,-46,11
-87,-40,45
-82,-31,63
-51,-29,40
-38,-26,29
-23,-27,11
-21,-31,2
-25,-37,-25
-20,-42,-30
-29,-45,-14
-40,-50,-1
-59,-71,17
-57,-77,21
-79,-57,43
-83,-46,47
-62,-33,37
-35,-28,32
-27,-25,16
-24,-25,6
-13,-28,-1
-6,-31,-4
-11,-44,-15
-16,-50,-13
-29,-66,-15
-43,-63,-3
-76,-62,25
-70,-63,25
-70,-54,31
-52,-43,14
-37,-40,12
-20,-34,10
-22,-34,3
-34,-39,-22
-25,-38,-20
-27,-25,-12
-40,-27,-10
-58,-32,-7
-56,-35,-5
-59,-29,3
-68,-26,10
-41,-28,11
-48,-26,16
-79,-19,19
-71,-18,8
-89,-15,16
-88,-13,27
-79,-15,22
-75,-14,19
-70,-7,22
-66,-6,23
-59,-2,21
-57,2,22
-55,5,25
-53,5,26
-46,7,28
-43,7,27
-49,5,27
-52,2,28
-57,-1,29
-62,-5,28
-63,-6,27
-68,-5,26
-68,-3,26
-60,1,27
-55,1,28
-61,-3,21
-63,-5,15
-62,-12,8
-64,-15,6
-70,-14,4
-69,-15,4
-64,-17,6
-61,-18,7
-59,-20,8
-59,-20,7
-60,-24,2
-60,-26,1
-64,-28,2
-65,-28,1
-69,-26,4
-69,-25,5
-72,-20,6
-73,-18,7
-71,-13,14
-69,-10,14
-60,-8,14
-58,-5,15
-63,-4,16
-67,-3,13
-67,-5,17
-64,-5,17
-56,-4,14
-51,-7,8
-52,-7,7
-52,-6,13
-51,-7,11
-63,-6,-2
-65,-4,0
-65,-6,2
-60,-7,3
-63,-9,4
-65,-10,1
-66,-8,-3
-69,-7,-6
-67,-4,-10
-67,-2,-9
-63,-3,-11
-61,-3,-14
-55,-5,-19
-58,-2,-22
-58,3,-32
-59,6,-38
-55,9,-43
-52,10,-44
-47,8,-49
-42,6,-47
-46,7,-46
-47,8,-51
-46,7,-55
-44,8,-54
-45,8,-52
-43,7,-49
-43,9,-47
-49,11,-52
-43,12,-52
-42,8,-50
-39,7,-49
-39,8,-46
-40,8,-45
-47,8,-41
-47,10,-42
-47,12,-45
-44,11,-43
-47,13,-43
-46,13,-42
-44,14,-41
-46,14,-42
-45,17,-42
-44,18,-41
-44,18,-39
-45,20,-38
-45,20,-38
-45,20,-39
-46,16,-43
-49,16,-48
-45,15,-39
-44,18,-36
-45,20,-44
-43,21,-48
-37,18,-45
-44,18,-43
-41,20,-37
-46,22,-52
-42,23,-51
-37,20,-50
-38,21,-48
-40,19,-45
-44,20,-45
-42,18,-51
-39,17,-56
-28,15,-51
-37,14,-59
-21,18,-30
-23,17,-26
-46,14,-43
-47,13,-46
-60,6,-61
-76,9,-58
-76,12,-41
-62,13,-31
-49,13,-27
-50,11,-30
-93,3,-38
-77,3,-20
-40,18,2
-33,12,-2
-40,6,-9
-48,3,-7
-63,4,1
-73,0,0
-69,2,-1
-65,3,2
-69,0,-1
-67,3,8
-63,2,14
-57,-4,-1
-77,-4,-15
-82,-6,-7
-65,-10,1
-36,-13,15
-40,-11,6
-65,5,-14
-59,13,-12
-73,10,-34
-67,4,-39
-60,-3,-50
-68,-3,-51
-61,-2,-36
-57,1,-38
-67,4,-51
-71,2,-45
-72,-6,-42
-71,-7,-44
-68,-13,-42
-69,-12,-41
-68,-14,-34
-70,-12,-32
-65,-12,-29
-62,-12,-25
-53,-11,-21
-55,-10,-20
-50,-13,-15
-42,-14,-17
-47,-17,-14
-44,-19,-16
-43,-19,-14
-41,-14,-8
-41,-13,-6
-42,-6,4
-39,-8,-3
-31,2,0
-33,8,10
-44,11,15
-48,8,10
-60,24,30
-63,25,37
-56,23,37
-52,27,44
-34,42,71
10,43,93
-128,16,14
-115,36,24
-56,29,28
-54,19,23
-66,2,33
-67,-2,27
-75,-5,23
-66,-5,21
-64,4,31
-57,2,21
-55,1,19
-57,-4,20
-55,-8,21
-50,-13,19
-59,-6,22
-67,-3,19
-58,2,21
-63,0,19
-74,1,12
-66,15,18
-61,17,20
-60,18,22
-55,18,26
-58,18,24
-53,20,26
-41,25,29
-46,25,28
-52,21,20
-56,22,19
-47,26,28
-45,28,29
-47,36,17
-45,34,8
-55,30,-10
-56,28,-10
-48,26,-6
-50,28,-11
-67,32,-14
-64,32,-14
-58,37,-13
-63,45,-7
-61,48,-6
-53,50,-5
-50,53,0
-49,59,7
-50,63,13
-27,63,20
-28,64,22
-31,69,23
-32,69,20
-36,67,15
-36,68,14
-34,65,14
-35,66,12
-37,65,9
-35,61,7
-38,58,5
-38,56,6
-36,55,7
-37,55,6
-38,50,2
-33,49,2
-37,46,1
-36,49,-1
-32,55,-1
-32,59,-2
-20,60,-8
-18,59,-13
-17,59,-27
-12,59,-27
-10,62,-27
-16,67,-23
-18,68,-20
-22,66,-10
-22,65,-6
-24,68,-1
-24,67,2
-22,68,6
-21,67,8
-22,65,9
-24,64,7
-9,58,6
-5,61,4
-2,62,-6
-5,66,-9
0,63,-17
4,65,-16
12,64,-7
13,65,0
21,72,6
12,79,3
33,75,13
41,70,14
27,59,7
37,48,11
44,52,15
30,56,13
35,52,17
39,49,13
23,50,17
23,47,24
19,49,28
17,50,30
19,51,32
22,54,28
25,57,27
19,60,25
17,64,24
10,61,24
11,56,21
9,59,22
5,57,23
6,46,27
8,43,28
-1,44,30
0,46,32
-3,50,34
-16,49,30
-25,56,35
-27,56,39
-28,56,39
-27,56,40
-23,58,37
-19,54,36
-24,57,33
-27,56,25
-25,53,24
-27,54,22
-30,54,19
-30,53,19
-29,52,17
-29,52,17
-27,54,20
-25,53,22
-23,55,23
-22,59,24
-22,63,25
-18,67,25
-16,68,25
-11,66,26
-10,64,25
-10,63,22
-10,62,21
-10,60,19
-10,59,19
-9,58,19
-9,58,19
-8,58,19
-8,59,19
-8,59,19
-8,59,19
-11,60,20
-12,60,21
-13,62,25
-12,61,25
-13,60,24
-14,61,26
-15,62,28
-18,63,30
-23,61,36
-17,59,43
-20,59,44
-14,58,51
-11,58,49
-14,57,44
-10,56,46
-10,56,42
-5,55,38
2,52,38
9,48,36
7,50,34
8,53,35
15,52,37
18,49,41
27,41,38
25,42,40
33,42,49
27,40,50
13,42,43
14,38,43
9,37,40
11,34,39
8,39,42
6,44,44
-41,37,17
-19,4,17
13,39,54
16,37,56
15,37,49
11,43,55
-5,40,55
-7,40,59
12,34,55
-1,36,54
-10,35,53
11,34,53
10,34,52
8,30,54
10,29,50
10,32,51
13,31,49
16,37,51
22,37,55
14,32,56
15,28,52
19,36,51
20,36,50
20,36,48
23,36,47
20,38,45
19,40,44
21,45,45
20,46,48
16,42,48
16,40,46
17,43,47
17,42,45
15,44,41
20,46,43
23,48,42
24,48,42
21,47,40
18,46,37
20,45,37
17,46,39
17,47,40
16,51,43
17,48,40
24,47,38
26,45,39
31,48,40
27,43,41
25,44,41
24,45,40
23,45,38
24,45,37
27,44,37
29,42,37
24,44,37
24,43,37
24,45,36
24,45,36
26,45,39
26,46,40
29,45,40
30,45,39
27,45,40
26,45,40
27,45,37
27,44,35
24,45,36
25,44,39
25,45,38
27,44,37
27,44,37
25,45,37
25,45,37
26,45,39
26,44,38
25,46,38
25,45,38
25,45,38
26,45,37
25,46,39
26,45,38
25,45,38
25,45,37
25,45,38
25,45,38
25,45,38
25,45,38
25,45,38
25,45,38
25,45,38
25,45,38
25,45,38
25,45,38
25,45,38
25,45,38
25,46,39
25,45,39
24,47,44
26,44,46
21,44,48
4,46,68
4,59,83
-24,65,78
-29,67,82
-20,80,87
-23,85,75
-22,86,60
-20,83,59
-12,75,48
7,58,36
5,51,43
0,44,37
41,15,26
43,11,26
23,4,31
30,-9,32
36,-1,43
39,-5,42
35,-7,42
34,-6,45
29,-10,49
27,-10,51
27,-10,54
25,-10,55
25,-8,52
29,-5,52
73,-4,28
76,5,-34
24,30,-29
-19,56,30
13,52,36
-34,79,29
-33,84,34
46,62,44
45,89,47
3,120,58
-14,126,68
-13,95,81
-20,84,67
3,54,54
16,44,57
-4,66,64
-1,48,47
30,48,50
34,50,45
32,48,35
28,49,33
32,48,29
29,49,27
22,49,32
20,48,36
29,49,45
32,48,46
35,52,46
24,48,46
9,57,50
4,59,41
-31,45,1
-67,35,-22
-104,34,-41
-116,29,-40
-95,30,-25
-80,28,-39
-77,29,-42
-43,24,-21
-25,11,-2
-22,-3,15
-18,-10,30
-17,-17,45
-11,-20,46
-17,-18,42
-26,-19,34
-31,-25,26
-33,-29,28
-38,-29,36
-41,-31,39
-51,-31,48
-55,-34,48
-60,-41,44
-56,-43,47
-50,-47,41
-50,-49,39
-26,-48,38
-22,-48,32
-5,-46,31
14,-42,32
25,-40,21
34,-38,25
36,-35,23
23,-35,26
15,-37,27
9,-43,32
10,-45,36
7,-52,35
6,-53,40
2,-54,34
4,-55,31
-1,-55,36
0,-57,39
3,-56,36
3,-54,36
1,-53,35
-2,-53,35
-4,-51,31
-5,-50,31
-7,-52,31
-7,-52,31
-7,-51,33
-9,-52,32
-9,-54,29
-5,-55,28
-3,-55,32
-1,-57,37
0,-58,31
2,-58,26
2,-58,23
-1,-59,26
-1,-59,26
-4,-62,21
-4,-65,20
-3,-67,19
-2,-66,19
2,-64,20
4,-63,20
2,-61,23
2,-59,25
5,-57,23
10,-58,31
5,-57,24
5,-57,24
6,-56,23
9,-58,23
5,-55,24
0,-53,25
-2,-53,22
-1,-54,23
2,-57,25
2,-57,27
1,-58,30
1,-58,32
4,-55,35
3,-54,35
2,-52,33
2,-52,32
3,-51,31
5,-51,32
8,-51,34
5,-51,32
3,-54,35
6,-55,37
8,-54,40
6,-51,42
7,-48,40
13,-42,39
13,-40,40
20,-39,43
17,-38,42
-9,-36,46
-16,-41,45
-16,-45,38
-10,-47,37
-40,-43,31
-51,-48,28
-34,-49,17
-41,-48,-3
-57,-51,-24
-66,-52,-34
-53,-51,-25
-51,-51,-18
-47,-50,-7
-42,-49,-4
-39,-46,1
-38,-44,2
-40,-42,1
-41,-41,1
-44,-40,0
-46,-38,0
-48,-40,-1
-47,-41,-3
-48,-43,-1
-50,-46,-4
-52,-46,-3
-52,-46,-4
-52,-47,-6
-51,-47,-7
-50,-46,-8
-50,-45,-8
-50,-44,-9
-50,-42,-6
-51,-41,-6
-52,-40,-3
-51,-40,-3
-49,-41,-2
-47,-42,-2
-44,-45,-2
-43,-46,-2
-40,-49,-4
-39,-50,-5
-41,-51,-8
-42,-51,-9
-41,-51,-12
-39,-50,-11
-31,-48,-11
-27,-48,-12
-27,-45,-7
-30,-41,-1
-32,-39,4
-37,-39,1
-44,-28,27
-47,-34,14
-51,-32,20
-55,-23,37
-52,-28,30
-51,-23,43
-52,-22,42
-56,-30,37
-57,-27,47
-61,-24,46
-55,-21,46
-52,-15,45
-48,-14,42
-39,-13,41
-37,-13,39
-38,-15,35
-39,-16,35
-43,-17,36
-44,-17,37
-48,-16,39
-50,-15,41
-50,-14,40
-51,-14,39
-52,-13,39
-56,-14,38
-69,-11,38
-74,-7,35
-76,3,33
-65,8,28
-54,9,25
-50,7,18
-55,6,14
-57,8,14
-60,8,13
-60,4,7
-58,1,6
-57,0,12
-71,0,8
-71,1,1
-71,3,0
-68,11,8
-70,4,0
-65,4,17
-64,1,16
-64,6,6
-61,9,9
-63,-8,16
-63,0,22
-63,-7,4
-65,-20,-3
-92,-12,-6
-91,-14,-5
-70,-8,9
-70,2,9
-58,6,2
-55,7,0
-52,8,2
-53,7,8
-58,6,20
-63,6,21
-63,2,14
-65,-1,13
-61,-3,14
-56,-8,15
-58,-9,15
-59,-11,12
-58,-11,12
-62,-12,12
-65,-11,12
-65,-5,13
-62,-5,13
-73,-11,9
-79,-9,9
-76,1,11
-74,1,10
-62,2,8
-63,0,7
-70,0,6
-73,2,7
-63,8,10
-60,5,9
-56,-1,6
-56,-3,7
-60,-4,7
-64,-4,6
-65,-3,9
-65,-4,8
-62,-4,12
-57,-4,14
-63,-11,13
-64,-10,15
-69,-8,19
-75,-2,20
-72,0,19
-66,-1,19
-63,-1,20
-57,-4,19
-56,-5,17
-54,-7,16
-54,-9,15
-56,-11,14
-57,-12,14
-64,-11,15
-66,-11,14
-62,-11,14
-62,-12,14
-56,-13,15
-55,-14,13
-55,-16,13
-54,-16,13
-58,-17,13
-61,-17,13
-63,-17,13
-68,-16,14
-70,-15,14
-70,-15,13
-69,-13,14
-67,-12,14
-65,-12,15
-65,-12,15
-65,-12,17
-63,-11,19
-61,-11,20
-62,-11,19
-61,-11,19
-60,-11,20
-60,-11,19
-61,-11,18
-61,-11,17
-61,-11,18
-61,-11,19
-57,-11,20
-55,-12,21
-52,-13,23
-53,-13,23
-57,-13,24
-58,-13,23
-62,-12,24
-62,-12,24
-61,-13,23
-59,-13,23
-59,-13,21
-59,-13,21
-59,-12,21
-60,-13,21
-60,-11,21
-60,-11,22
-58,-9,23
-57,-10,24
-59,-11,25
-60,-10,26
-60,-9,27
-60,-9,26
-60,-9,26
-58,-9,25
-58,-9,24
-58,-10,23
-58,-9,23
-59,-9,23
-60,-9,24
-60,-9,25
-59,-8,26
-59,-9,26
-60,-9,25
-59,-8,26
-60,-9,25
-60,-9,24
-59,-8,24
-58,-9,24
-59,-8,24
-59,-9,24
-59,-8,25
-59,-8,26
-60,-9,26
-59,-8,26
-59,-8,26
-59,-9,25
-59,-9,25
-59,-9,25
-59,-10,25
-59,-9,25
-57,-8,26
-57,-9,26
-58,-9,26
-59,-9,27
-60,-9,27
-61,-9,27
-59,-7,27
-58,-7,27
-57,-7,27
-56,-7,27
-58,-8,27
-58,-8,27
-57,-8,27
-57,-8,27
-57,-9,27
-58,-9,28
-56,-9,29
-55,-10,28
-55,-10,28
-55,-11,29
-57,-12,30
-58,-12,30
-60,-13,29
-61,-13,29
-61,-13,29
-60,-13,28
-60,-14,27
-59,-15,26
-58,-16,25
-59,-17,23
-60,-17,23
-63,-20,22
-64,-19,22
-62,-20,23
-60,-21,22
-57,-22,21
-53,-21,21
-53,-23,18
-52,-23,17
-50,-22,16
-50,-23,15
-49,-24,17
-48,-26,18
-43,-33,16
-45,-35,17
-47,-38,17
-48,-39,17
-51,-37,16
-51,-36,16
-50,-36,16
-50,-35,15
-51,-34,16
-54,-33,15
-58,-29,16
-58,-28,16
-60,-29,15
-65,-27,16
-84,-18,14
-82,-15,15
-72,-14,22
-64,-11,21
-59,-9,20
-53,-9,17
-50,-7,18
-50,-4,22
-51,-2,22
-54,-3,22
-54,-5,23
-51,-7,26
-51,-9,26
-54,-12,25
-55,-13,25
-54,-15,24
-56,-17,22
-60,-19,20
-62,-20,20
-64,-21,19
-65,-21,18
-68,-24,17
-75,-26,13
-79,-22,9
-76,-18,9
-64,-12,9
-58,-13,8
-56,-14,5
-59,-13,5
-63,-8,7
-64,-6,7
-60,-8,6
-61,-11,6
-60,-12,7
-56,-11,11
-55,-12,12
-55,-14,11
-56,-16,11
-62,-18,11
-66,-19,12
-72,-16,13
-72,-18,11
-71,-17,11
-67,-17,13
-72,-21,12
-73,-22,12
-74,-9,14
-70,-5,13
-55,-5,15
-49,-6,15
-48,-8,17
-50,-9,19
-55,-8,20
-55,-8,18
-53,-10,20
-51,-11,22
-53,-14,21
-55,-15,20
-55,-15,20
-56,-16,20
-56,-20,19
-60,-22,18
-66,-22,18
-68,-22,16
-67,-21,17
-68,-23,13
-71,-25,10
-72,-24,7
-72,-19,7
-66,-15,6
-56,-14,6
-46,-20,5
-48,-20,3
-55,-19,0
-63,-19,-3
-67,-16,-3
-62,-15,1
-56,-17,3
-55,-18,3
-52,-23,6
-53,-24,8
-58,-22,10
-62,-22,9
-69,-21,6
-72,-20,7
-76,-18,9
-74,-17,9
-74,-11,13
-78,-9,13
-72,-13,16
-65,-13,20
-62,-7,18
-54,-5,13
-51,-6,12
-46,-10,15
-49,-12,16
-55,-12,16
-56,-12,16
-56,-14,17
-54,-15,20
-51,-19,21
-55,-21,19
-61,-20,15
-63,-20,14
-65,-20,14
-67,-20,13
-68,-20,7
-66,-19,8
-61,-19,10
-60,-20,8
-67,-24,2
-73,-23,1
-72,-20,0
-69,-17,0
-55,-16,1
-51,-20,-4
-54,-25,-12
-56,-26,-15
-60,-20,-13
-59,-18,-12
-56,-22,-15
-55,-24,-14
-52,-28,-11
-51,-27,-9
-51,-25,-7
-53,-24,-7
-55,-24,-8
-59,-23,-8
-61,-22,-7
-65,-19,-3
-67,-20,-4
-68,-21,-6
-67,-20,-5
-75,-19,-8
-76,-16,-10
-70,-12,-10
-66,-9,-11
-55,-8,-12
-54,-8,-12
-55,-9,-9
-56,-9,-8
-60,-11,-6
-59,-12,-5
-59,-15,-5
-59,-16,-4
-58,-21,-4
-59,-23,-5
-60,-24,-8
-61,-25,-9
-66,-25,-13
-67,-23,-13
-68,-19,-11
-66,-19,-11
-62,-21,-11
-63,-25,-17
-65,-27,-20
-66,-24,-20
-64,-23,-19
-58,-19,-19
-55,-21,-20
-49,-25,-19
-49,-27,-18
-51,-24,-17
-57,-18,-17
-60,-13,-20
-52,-13,-19
-52,-12,-27
-53,-13,-33
-45,-21,-31
-42,-22,-31
-39,-23,-39
-38,-25,-40
-35,-26,-40
-35,-30,-42
-35,-31,-48
-37,-29,-49
-37,-26,-52
-39,-25,-51
-38,-24,-46
-38,-24,-45
-40,-21,-43
-41,-19,-44
-42,-15,-48
-43,-13,-48
-43,-9,-49
-44,-7,-48
-43,-6,-47
-46,-4,-46
-45,-2,-46
-43,0,-46
-43,0,-46
-48,-3,-45
-49,-5,-47
-47,-7,-49
-47,-6,-49
-47,-5,-49
-46,-5,-46
-43,-1,-41
-43,0,-40
-40,-1,-41
-39,-4,-42
-40,-9,-45
-42,-10,-46
-45,-10,-49
-45,-7,-49
-46,-7,-51
-45,-6,-51
-44,-5,-51
-45,-4,-51
-49,-3,-50
-51,-2,-49
-47,-1,-49
-45,-2,-49
-40,-4,-46
-37,-4,-44
-36,-3,-42
-37,-4,-39
-40,-5,-42
-43,-7,-45
-44,-7,-46
-43,-7,-49
-42,-7,-50
-42,-7,-48
-41,-8,-48
-40,-12,-49
-37,-8,-47
-41,-10,-48
-40,-11,-49
-42,-8,-51
-44,-8,-51
-46,-12,-52
-46,-13,-52
-43,-13,-55
-42,-10,-55
-37,-7,-57
-34,-7,-60
-31,-8,-58
-29,-8,-59
-35,-13,-56
-36,-15,-52
-44,-17,-49
-47,-15,-48
-47,-10,-43
-42,-14,-42
-39,-15,-42
-37,-21,-40
-37,-23,-38
-38,-25,-41
-39,-23,-43
-45,-18,-43
-44,-15,-42
-37,-16,-43
-33,-17,-42
-32,-20,-41
-33,-20,-42
-33,-17,-43
-34,-16,-44
-39,-14,-46
-41,-16,-47
-43,-12,-48
-43,-13,-48
-39,-12,-54
-38,-12,-56
-32,-11,-56
-34,-12,-56
-35,-15,-55
-36,-15,-56
-37,-15,-54
-38,-17,-55
-38,-16,-56
-39,-16,-55
-41,-12,-51
-38,-13,-47
-38,-14,-46
-35,-15,-45
-33,-16,-46
-27,-14,-43
-28,-14,-45
-25,-13,-47
-32,-9,-47
-44,-4,-47
-44,-6,-52
-43,-8,-57
-40,-7,-59
-32,-4,-62
-33,-5,-61
-35,-3,-57
-37,-4,-56
-33,-4,-58
-34,-3,-55
-33,-4,-55
-34,-5,-56
-35,-5,-55
-35,-4,-54
-33,-4,-56
-32,-3,-55
-30,-3,-54
-30,-3,-54
-32,-3,-55
-30,-3,-53
-31,-1,-51
-34,1,-50
-29,1,-50
-31,1,-52
-32,1,-54
-30,1,-59
-29,0,-59
-31,1,-61
-30,1,-62
-35,3,-64
-36,5,-62
-29,5,-60
-24,7,-58
-24,7,-60
-24,6,-59
-23,6,-57
-23,5,-58
-26,7,-58
-26,7,-58
-24,5,-61
-25,5,-60
-29,4,-60
-28,4,-59
-27,5,-57
-27,4,-57
-24,4,-57
-24,3,-57
-24,4,-60
-27,2,-62
-37,5,-57
-42,6,-53
-46,7,-50
-51,3,-57
-49,3,-52
-60,-3,-48
-68,-3,-49
-53,4,-30
-54,0,-23
-63,6,-15
-62,6,-12
-53,6,-10
-54,-1,-4
-47,2,5
-56,3,6
-44,5,19
-42,7,31
-30,10,54
-23,11,58
-13,11,61
-24,5,58
-29,14,60
-34,22,63
-31,28,62
-24,23,61
-28,17,56
-26,19,54
-24,21,53
-29,22,50
-34,24,46
-37,27,44
-44,29,43
-38,27,47
-38,26,46
-39,29,50
-39,30,51
-40,29,46
-41,30,45
-40,28,44
-40,25,40
-42,27,39
-43,27,40
-44,28,41
-45,29,41
-45,30,45
-44,29,46
-44,29,40
-43,30,37
-42,30,34
-39,28,33
-41,31,36
-40,32,38
-39,32,44
-41,36,50
-39,38,50
-38,38,45
-34,32,37
-34,31,36
-35,28,36
-36,29,35
-38,34,36
-40,38,42
-41,37,47
-37,38,46
-37,37,41
-35,35,42
-33,34,42
-35,35,41
-34,35,44
-29,32,45
-29,34,51
-32,36,52
-31,35,48
-29,30,40
-30,30,40
-32,29,36
-33,28,39
-37,31,38
-40,33,42
-42,36,45
-40,37,45
-37,37,47
-36,37,45
-35,33,42
-35,34,44
-35,33,44
-34,34,45
-35,34,44
-30,33,48
-28,34,47
-29,34,47
-26,34,50
-27,36,54
-26,35,52
-27,33,52
-31,29,46
-31,22,41
-34,21,42
-41,26,41
-43,28,41
-44,30,42
-43,29,45
-40,34,55
-41,35,55
-40,36,49
-37,34,46
-33,30,46
-33,30,49
-35,35,50
-34,36,48
-32,34,47
-28,20,42
-33,17,30
-39,23,24
-43,7,4
-57,11,-12
-63,2,-29
-65,5,-30
-53,7,-35
-48,7,-39
-46,8,-45
-47,7,-48
-45,7,-50
-41,7,-53
-44,6,-51
-36,6,-53
-34,6,-57
-37,2,-54
-35,3,-53
-29,7,-61
-30,8,-63
-29,8,-59
-26,7,-59
-25,5,-58
-23,3,-55
-25,4,-54
-26,4,-55
-23,4,-57
-25,4,-58
-23,3,-60
-20,3,-60
-21,3,-58
-19,3,-57
-21,5,-59
-22,5,-60
-22,4,-60
-21,4,-60
-21,5,-61
-18,4,-63
-16,4,-65
-15,3,-64
-14,4,-62
-16,4,-62
-16,3,-61
-16,4,-62
-13,5,-63
-11,4,-61
-8,4,-62
-6,6,-61
-7,5,-62
-6,5,-64
-9,6,-63
-10,4,-58
-12,7,-60
-17,6,-64
-20,5,-63
-23,3,-64
-20,4,-66
-20,7,-66
-16,6,-65
-11,7,-61
-15,8,-60
-11,6,-54
-18,5,-57
-20,4,-62
-20,5,-63
-17,3,-63
-13,4,-62
-23,4,-64
-17,4,-59
-22,4,-60
-27,4,-60
-22,4,-59
-23,5,-59
-20,3,-60
-21,3,-61
-21,3,-61
-23,4,-61
-23,4,-62
-27,3,-61
-26,3,-60
-20,2,-55
-19,2,-54
-18,3,-59
-18,3,-57
-21,3,-60
-22,4,-61
-17,5,-62
-15,4,-62
-17,6,-59
-22,4,-62
-26,7,-61
-30,7,-58
-12,4,-56
-5,4,-61
-17,1,-66
-15,3,-66
-16,3,-64
-18,2,-59
-16,4,-61
-20,4,-60
-20,6,-52
-25,6,-55
-23,9,-58
-25,8,-62
-32,5,-63
-31,2,-54
-33,4,-52
-35,7,-56
-32,8,-58
-27,8,-60
-28,8,-60
-27,6,-57
-27,6,-56
-29,6,-55
-28,7,-55
-26,6,-55
-22,5,-56
-27,6,-57
-27,5,-58
-25,6,-57
-24,7,-58
-28,6,-57
-28,7,-59
-23,7,-60
-25,7,-59
-26,9,-59
-23,8,-58
-23,10,-58
-23,11,-57
-20,11,-55
-22,12,-57
-19,12,-55
-22,12,-57
-20,13,-59
-14,16,-59
-17,17,-58
-11,22,-62
-13,23,-65
-12,22,-61
-10,23,-58
-11,26,-63
-9,28,-60
-4,28,-57
-5,29,-59
-3,29,-58
-5,29,-59
-6,27,-57
-6,27,-58
-3,28,-56
-4,29,-57
-3,29,-56
-2,28,-54
-2,29,-57
-2,29,-56
-2,30,-60
-3,30,-60
-4,30,-58
-4,32,-55
-3,31,-58
-4,30,-57
-6,30,-57
-5,30,-57
-6,30,-56
-6,31,-56
-8,30,-56
-5,31,-55
-8,31,-56
-9,29,-57
-9,30,-55
-10,29,-54
-6,30,-54
-11,30,-58
-10,30,-55
-12,30,-56
-14,27,-54
-12,27,-56
-13,27,-56
-11,31,-59
-10,30,-56
-25,55,-18
28,29,-36
-35,51,-76
-8,15,-53
-25,15,-48
-13,19,-44
-17,32,-55
-29,17,-78
-10,15,-47
-14,20,-58
-18,23,-66
-24,28,-61
-23,26,-60
-14,13,-60
-24,34,-69
-9,30,-41
-8,28,-39
-17,29,-54
-19,28,-55
-23,26,-57
-31,26,-68
-28,13,-53
-32,7,-59
-24,16,-50
-21,24,-56
-15,19,-72
-22,22,-56
-10,0,-77
-21,6,-84
-25,6,-75
-15,12,-76
11,18,-70
9,18,-69
-24,19,-66
-40,22,-51
-95,63,-65
-96,69,-102
15,-56,-78
-32,39,-80
-86,101,-22
-68,63,-52
-2,-12,-47
3,-43,-50
5,-6,-58
-19,70,-34
-35,68,-38
-51,26,-62
-43,-21,-73
-52,-12,-65
-50,21,-47
-33,16,-56
-29,22,-41
-24,12,-45
-26,8,-47
-35,13,-50
-42,19,-47
-37,9,-55
-20,7,-73
-40,24,-61
-37,28,-51
-33,22,-50
-34,15,-52
-39,12,-54
-40,13,-56
-7,-6,-75
-9,38,-61
-20,22,-58
-26,17,-61
-18,28,-63
-19,28,-62
-17,31,-61
-16,34,-59
-16,32,-57
-12,43,-55
-7,40,-54
-15,37,-51
-12,39,-41
-5,63,-31
-13,49,-38
-16,37,-34
-15,65,-28
-11,54,-28
-14,45,-28
-15,56,-25
-15,59,-24
-4,50,-26
-1,50,-26
-13,56,-26
-15,64,-26
-24,33,-14
-13,37,-3
-5,87,-17
-9,12,-32
-72,35,-54
-35,50,-54
-41,55,-42
-43,54,-34
-24,36,-17
-33,33,-24
-27,39,-23
-26,43,-25
-25,53,-28
-41,58,-19
-54,36,-23
-52,33,-26
-57,33,-25
-60,26,-19
-62,21,-18
-62,20,-19
-58,20,-18
-63,29,-13
-67,31,-13
-59,33,-8
-68,32,-10
-59,25,-16
-57,16,-15
-70,23,3
-58,35,1
-59,32,1
-57,49,7
-62,26,17
-60,27,15
-59,26,16
-44,37,22
-47,55,19
-51,47,19
-48,40,15
-42,46,20
-30,49,29
-33,36,25
-33,48,34
-26,47,38
-16,50,39
-14,39,39
-17,37,44
-17,43,49
-8,37,50
-8,40,49
-2,38,52
-2,39,52
-5,39,50
-8,39,50
-5,35,50
-4,38,50
0,38,51
-1,38,53
2,36,54
9,38,59
9,40,62
5,34,59
4,35,56
12,36,52
7,38,55
8,34,52
16,29,50
24,24,49
17,29,56
8,37,68
3,32,63
17,31,53
21,44,55
24,46,51
24,39,45
23,36,49
19,37,50
30,50,56
32,50,52
27,35,49
32,31,50
34,25,48
32,18,32
42,30,30
41,17,15
47,18,6
75,31,-20
53,35,-3
52,22,-13
49,10,-13
57,25,-14
57,28,-13
52,25,-17
54,27,-15
56,31,-15
55,27,-16
56,27,-16
57,29,-15
54,23,-15
53,23,-13
52,31,-4
52,30,-2
51,30,1
50,28,8
47,28,11
49,28,16
50,28,19
51,27,23
49,25,23
51,27,25
46,31,26
47,26,32
50,24,33
48,20,30
46,22,32
51,27,41
51,30,38
55,22,39
53,19,39
48,14,31
56,7,33
54,15,36
53,13,39
51,11,34
50,8,33
52,3,39
53,6,47
48,4,44
48,-1,46
48,5,50
44,3,47
47,-4,49
43,-3,47
45,-3,48
46,-4,47
47,2,47
44,-6,44
46,-10,45
43,-9,44
43,-8,45
43,-6,42
41,-7,41
42,-8,43
43,-8,44
44,-10,46
43,-9,46
42,-10,45
42,-9,45
42,-9,46
42,-9,48
43,-10,49
43,-8,49
42,-9,47
41,-10,46
40,-9,47
40,-8,47
39,-9,45
39,-8,45
39,-8,46
40,-9,47
40,-8,47
41,-8,48
41,-9,48
41,-10,48
41,-9,47
41,-10,47
42,-10,47
43,-11,45
44,-11,44
44,-14,46
44,-14,46
43,-12,43
