1672509340.000000, 1672509340.000000, 1672509340.000000
32.000000, 32.000000, 32.000000
34,-15,51
34,-16,51
34,-16,51
34,-15,51
34,-15,51
34,-15,51
34,-16,51
34,-15,50
34,-15,51
34,-15,51
34,-15,50
34,-15,51
34,-15,51
34,-15,51
34,-15,51
34,-15,51
34,-15,51
34,-16,51
34,-16,51
34,-15,51
34,-15,51
34,-15,51
34,-16,51
34,-15,51
34,-15,51
34,-15,51
34,-15,51
34,-16,51
32,-16,51
34,-15,52
32,-15,52
33,-16,52
32,-16,52
32,-16,52
32,-16,52
33,-16,52
32,-16,52
32,-16,52
32,-16,52
32,-16,52
32,-16,52
32,-16,51
32,-16,52
32,-16,52
32,-16,52
32,-16,52
32,-16,52
32,-16,52
33,-16,52
32,-15,52
33,-15,51
33,-16,52
33,-16,52
33,-16,51
33,-15,52
32,-15,52
32,-15,52
33,-16,52
32,-16,51
33,-16,52
32,-16,52
33,-15,52
33,-15,52
33,-15,52
33,-16,52
32,-16,52
33,-15,52
33,-15,52
32,-16,52
32,-16,51
33,-15,52
33,-15,52
33,-16,51
33,-15,51
32,-15,52
32,-15,52
33,-16,51
33,-16,52
33,-16,52
33,-15,52
33,-15,52
33,-15,52
33,-15,52
32,-16,51
32,-15,52
32,-15,52
33,-15,52
33,-15,52
33,-15,52
33,-15,52
33,-16,52
33,-15,52
33,-15,52
33,-16,52
33,-16,52
32,-16,52
33,-15,52
33,-15,52
33,-15,52
32,-15,52
33,-16,52
33,-15,51
33,-15,52
33,-15,52
33,-15,52
32,-15,52
33,-15,52
33,-15,52
33,-15,52
33,-16,52
32,-15,52
32,-15,52
33,-15,52
33,-15,52
33,-15,52
33,-15,52
33,-15,52
33,-15,52
32,-16,52
33,-16,52
33,-15,52
32,-15,52
33,-15,52
33,-15,52
33,-15,52
33,-15,52
33,-15,52
33,-15,52
32,-16,52
32,-16,52
33,-15,51
33,-16,52
32,-16,52
33,-16,51
33,-16,52
33,-16,52
33,-15,51
33,-15,51
33,-15,52
33,-16,52
32,-15,52
32,-16,51
32,-16,52
33,-16,52
33,-16,52
33,-16,51
33,-15,52
33,-15,52
33,-15,52
33,-15,52
33,-15,52
33,-15,52
33,-15,52
33,-15,52
33,-15,52
33,-16,51
33,-15,52
33,-15,52
33,-15,52
33,-15,52
33,-15,52
33,-16,52
32,-16,52
33,-15,52
33,-15,51
33,-15,52
33,-15,52
33,-15,52
33,-15,52
33,-15,52
33,-15,52
33,-15,52
33,-15,51
33,-16,52
32,-15,52
33,-15,52
33,-15,52
33,-15,52
33,-15,52
33,-15,52
33,-15,51
33,-15,52
33,-15,52
33,-15,52
33,-15,52
33,-15,52
33,-15,52
33,-15,52
33,-15,52
33,-16,52
32,-15,52
33,-15,52
33,-15,52
32,-16,52
33,-15,51
33,-15,52
33,-15,52
33,-15,51
33,-15,51
33,-15,52
33,-15,52
33,-15,52
33,-15,52
33,-15,51
33,-15,52
33,-15,52
33,-15,52
32,-15,52
33,-15,52
33,-15,52
33,-15,52
33,-15,52
33,-16,52
33,-15,52
33,-16,51
32,-16,52
33,-16,52
33,-16,52
33,-16,52
33,-15,52
33,-15,51
32,-16,52
33,-15,51
33,-15,52
32,-16,52
33,-16,51
33,-16,52
33,-16,52
33,-16,52
32,-16,52
33,-16,51
33,-16,52
33,-16,52
33,-15,51
33,-15,52
33,-15,52
33,-15,52
33,-16,51
33,-15,51
33,-15,52
33,-15,52
33,-15,52
33,-16,52
33,-16,52
33,-16,52
32,-16,52
32,-16,52
32,-16,52
32,-16,52
33,-16,52
32,-16,52
32,-16,52
33,-16,52
32,-16,52
32,-16,52
32,-16,51
32,-16,52
32,-16,52
32,-16,52
32,-16,52
33,-16,52
33,-16,52
32,-16,52
32,-16,52
32,-16,52
33,-15,52
33,-16,52
32,-16,52
32,-16,52
32,-16,52
32,-16,52
32,-16,52
32,-15,52
33,-16,52
32,-16,52
32,-16,52
32,-16,52
32,-16,52
32,-16,52
32,-16,52
32,-16,52
33,-16,52
32,-16,52
32,-16,52
33,-16,52
32,-16,52
32,-16,52
32,-16,52
32,-16,52
32,-16,52
32,-16,52
32,-16,52
32,-16,52
32,-16,52
32,-16,52
32,-16,52
32,-16,52
32,-16,52
32,-16,52
32,-16,52
32,-16,52
32,-16,52
32,-16,52
32,-16,52
32,-16,52
32,-16,52
32,-16,52
32,-16,52
32,-16,52
32,-16,52
32,-16,52
32,-16,52
32,-16,52
32,-16,52
33,-16,52
32,-16,51
32,-16,52
33,-16,52
32,-16,52
32,-16,52
32,-16,52
32,-16,52
32,-16,52
32,-16,51
32,-16,52
32,-16,52
32,-16,52
32,-16,52
32,-16,52
32,-16,52
32,-16,52
32,-16,52
32,-16,52
32,-16,52
32,-16,52
32,-16,52
32,-16,52
32,-16,52
32,-16,52
32,-16,52
32,-16,52
32,-16,52
33,-16,52
32,-16,52
32,-16,52
32,-16,52
32,-16,52
32,-16,52
32,-16,52
32,-16,52
32,-16,52
32,-16,52
32,-16,52
32,-16,52
32,-16,52
32,-16,52
32,-16,52
32,-16,52
32,-16,52
32,-16,52
32,-16,52
32,-16,52
32,-16,52
32,-16,52
32,-16,52
32,-16,52
33,-16,52
32,-16,52
32,-16,52
32,-16,52
32,-16,52
32,-16,52
32,-16,52
33,-16,52
32,-16,52
32,-16,52
32,-16,52
32,-16,52
32,-16,52
32,-16,52
32,-16,52
32,-16,52
32,-16,52
32,-16,52
32,-16,52
32,-16,52
32,-16,52
32,-16,52
32,-16,52
32,-16,52
32,-16,52
32,-16,52
32,-16,52
32,-16,52
32,-16,52
32,-16,52
32,-16,52
32,-16,52
32,-16,52
32,-16,52
32,-16,52
32,-16,52
32,-16,52
33,-16,51
33,-16,52
32,-16,52
32,-16,52
32,-16,52
32,-16,52
33,-16,52
33,-16,52
32,-16,52
32,-16,52
33,-16,52
33,-16,52
32,-16,52
32,-16,52
32,-16,52
32,-16,52
32,-16,52
32,-16,51
33,-16,52
33,-16,52
33,-16,52
32,-17,52
32,-16,52
32,-16,52
32,-16,52
32,-16,52
33,-16,52
33,-16,51
33,-16,52
33,-16,52
33,-16,51
32,-16,52
32,-16,52
32,-17,52
32,-16,52
32,-16,52
32,-16,52
32,-16,52
33,-16,52
33,-16,52
33,-16,52
32,-16,52
33,-16,51
33,-16,52
33,-16,52
33,-16,52
32,-16,52
32,-16,52
32,-16,52
32,-16,52
33,-16,52
32,-16,52
33,-16,52
33,-16,52
33,-16,51
33,-16,52
32,-16,52
32,-16,52
33,-16,52
33,-16,52
32,-16,52
32,-16,52
33,-16,52
33,-16,52
32,-16,52
32,-16,51
33,-16,52
33,-16,52
32,-16,52
32,-16,52
33,-16,52
32,-16,52
33,-16,52
33,-16,52
33,-16,51
33,-16,52
32,-16,52
33,-16,52
33,-16,51
33,-16,52
32,-16,52
33,-16,52
32,-16,52
32,-16,52
32,-16,52
32,-16,52
33,-16,52
33,-16,52
32,-16,52
32,-16,52
32,-15,51
32,-16,52
32,-16,52
32,-16,52
32,-16,52
32,-16,52
32,-16,52
32,-16,52
32,-16,52
32,-16,52
32,-16,52
32,-16,52
33,-16,52
32,-16,52
32,-16,52
32,-16,52
32,-16,52
32,-16,52
32,-16,52
32,-16,52
32,-16,52
32,-16,52
33,-16,52
32,-16,52
32,-16,52
32,-16,52
33,-16,52
33,-16,52
32,-16,52
32,-16,52
32,-16,52
32,-16,52
32,-16,52
32,-16,52
32,-16,52
33,-16,52
32,-16,52
32,-16,52
32,-16,52
32,-16,52
32,-16,52
32,-16,52
32,-16,52
32,-16,52
32,-16,52
32,-16,52
32,-16,52
32,-16,52
32,-16,52
32,-16,52
32,-16,52
32,-16,52
32,-16,52
32,-16,52
32,-16,52
32,-16,52
33,-16,52
32,-16,52
32,-16,52
32,-16,51
32,-16,52
32,-16,52
32,-16,52
32,-16,52
32,-16,52
32,-16,52
32,-16,52
32,-16,52
32,-16,52
32,-16,52
32,-16,52
32,-16,52
32,-16,52
32,-16,52
32,-16,52
32,-16,52
32,-16,52
32,-16,52
32,-16,52
32,-16,52
32,-16,52
32,-16,52
32,-16,52
32,-16,52
32,-16,52
32,-16,52
32,-16,51
33,-16,52
32,-16,52
32,-16,52
32,-15,52
32,-16,52
32,-16,52
32,-16,52
32,-16,52
32,-16,52
32,-16,52
32,-16,52
32,-16,52
32,-16,52
32,-16,52
32,-16,52
32,-16,52
32,-16,52
32,-16,52
32,-16,52
32,-16,52
32,-16,52
32,-16,52
32,-16,52
32,-16,52
32,-16,52
32,-16,52
32,-16,52
32,-16,52
32,-16,52
32,-16,52
32,-16,52
32,-16,52
33,-16,52
32,-16,52
32,-16,52
32,-16,51
32,-16,52
32,-16,52
32,-16,52
32,-16,52
33,-16,52
32,-16,52
32,-16,52
32,-16,52
32,-16,52
32,-16,52
32,-16,52
32,-16,52
32,-16,52
32,-16,52
32,-16,52
32,-16,52
32,-16,52
32,-16,52
32,-16,52
32,-16,52
32,-16,52
32,-16,52
32,-16,52
32,-16,52
32,-16,52
32,-16,52
32,-16,52
33,-16,52
32,-16,52
32,-16,52
32,-16,52
32,-16,52
32,-16,52
32,-16,52
32,-16,52
32,-16,52
33,-16,52
32,-16,52
32,-16,52
32,-16,52
32,-16,52
33,-16,52
32,-16,52
32,-16,52
32,-16,52
32,-16,52
32,-16,52
32,-16,52
33,-16,52
32,-16,52
32,-16,52
32,-16,52
32,-16,52
32,-16,52
33,-16,52
32,-16,52
32,-16,52
32,-16,52
32,-16,52
32,-16,52
32,-16,52
33,-16,52
32,-16,52
32,-16,52
32,-16,52
32,-16,52
32,-16,52
32,-16,52
32,-16,52
32,-16,52
32,-16,52
32,-16,52
32,-16,52
32,-16,52
32,-16,52
32,-16,52
33,-16,52
32,-16,52
32,-16,52
33,-16,52
32,-16,52
32,-16,52
32,-16,52
32,-16,52
32,-16,52
32,-16,52
32,-16,52
32,-16,52
32,-16,52
33,-16,52
33,-16,52
32,-16,52
32,-16,52
32,-16,52
32,-16,52
32,-16,52
32,-16,52
32,-16,52
32,-16,52
33,-16,52
33,-16,52
32,-16,52
32,-16,52
32,-16,52
32,-16,52
32,-16,52
32,-16,52
32,-16,52
32,-16,52
32,-16,52
32,-16,52
32,-16,52
32,-16,52
32,-16,52
32,-16,52
32,-16,52
32,-16,52
32,-16,52
32,-16,52
32,-16,52
33,-16,52
33,-16,52
32,-16,52
32,-16,52
32,-16,51
32,-16,52
32,-16,52
32,-16,52
32,-16,52
32,-16,52
32,-16,52
32,-16,52
32,-16,52
32,-16,52
32,-16,52
32,-16,52
32,-16,52
32,-16,52
32,-16,52
32,-16,52
32,-16,52
32,-16,52
32,-16,52
32,-16,52
32,-16,52
32,-16,52
32,-16,52
32,-16,52
32,-16,52
32,-16,51
32,-16,52
32,-16,52
32,-16,52
32,-16,52
32,-16,52
32,-16,52
32,-16,52
32,-16,52
32,-16,52
32,-16,52
32,-16,52
32,-16,52
32,-16,52
32,-16,52
32,-16,52
32,-16,52
32,-16,52
32,-16,52
32,-16,52
32,-16,52
32,-16,52
32,-16,52
32,-16,52
32,-16,52
32,-16,52
32,-16,52
32,-16,52
32,-16,52
32,-16,52
32,-16,52
32,-16,52
32,-16,52
32,-16,52
32,-16,52
33,-16,52
33,-16,52
32,-16,52
32,-16,52
32,-16,52
32,-16,52
32,-16,52
32,-16,52
32,-16,52
32,-16,52
32,-16,52
32,-16,52
32,-16,52
32,-16,52
32,-16,52
32,-16,52
32,-16,52
32,-16,52
32,-16,52
32,-16,52
32,-16,52
32,-16,52
32,-16,52
32,-16,52
32,-16,52
32,-16,52
32,-16,52
32,-16,52
32,-16,52
33,-16,52
32,-16,52
32,-16,52
32,-16,52
32,-16,52
32,-16,52
32,-16,52
32,-16,52
33,-16,52
33,-16,52
32,-16,52
32,-16,52
32,-16,52
32,-16,52
32,-16,52
32,-16,52
32,-16,52
32,-16,52
32,-16,52
32,-16,52
32,-16,52
32,-16,52
32,-16,52
32,-16,52
32,-16,52
32,-16,52
32,-16,52
32,-16,52
32,-16,52
33,-16,52
32,-16,52
32,-16,52
33,-16,52
32,-16,52
32,-16,52
32,-16,52
32,-16,52
32,-16,52
33,-16,52
32,-16,52
32,-16,52
32,-16,52
32,-16,52
32,-16,52
32,-16,52
32,-16,52
32,-16,52
32,-16,52
32,-16,52
32,-16,52
32,-16,52
32,-16,52
32,-16,52
32,-16,52
32,-16,52
32,-16,52
32,-16,52
32,-16,52
32,-16,52
33,-16,52
32,-16,52
32,-16,52
32,-16,52
33,-16,52
32,-16,52
32,-16,52
32,-16,52
32,-16,52
32,-16,52
32,-16,52
32,-16,52
32,-16,52
32,-16,52
32,-16,52
32,-16,52
32,-16,52
32,-16,52
32,-16,52
32,-16,52
32,-16,52
32,-16,52
32,-16,52
32,-16,52
32,-16,52
32,-16,52
32,-16,52
32,-16,52
32,-16,52
32,-16,52
32,-16,52
33,-16,51
32,-16,52
32,-16,52
32,-16,52
32,-16,52
32,-16,52
32,-16,52
32,-16,52
32,-16,52
33,-16,52
33,-16,52
32,-16,52
32,-16,52
32,-16,52
32,-16,52
32,-16,52
32,-16,52
32,-16,52
32,-16,52
32,-16,52
32,-16,52
32,-16,52
32,-16,52
32,-16,52
32,-16,52
32,-15,52
33,-15,52
32,-16,52
32,-16,52
32,-16,52
33,-16,52
32,-16,52
32,-16,52
32,-16,52
33,-15,51
32,-16,52
33,-16,52
33,-16,52
32,-16,52
33,-16,52
32,-16,52
32,-16,52
32,-16,52
32,-16,52
32,-16,52
32,-16,52
32,-16,52
33,-16,52
32,-16,52
32,-16,51
32,-16,52
33,-16,52
32,-16,52
32,-16,52
32,-16,52
32,-16,52
32,-16,52
33,-16,52
32,-16,52
32,-15,52
32,-16,52
33,-16,52
33,-16,52
33,-16,52
33,-16,51
32,-15,52
33,-16,52
32,-16,52
32,-15,52
33,-16,52
33,-16,52
32,-16,52
32,-16,52
32,-16,52
32,-16,52
33,-16,52
32,-16,52
32,-16,52
32,-16,52
33,-15,52
32,-16,52
33,-16,52
32,-16,52
32,-16,52
32,-16,52
32,-16,52
32,-16,52
32,-16,52
32,-16,52
32,-16,52
32,-16,52
32,-16,52
32,-16,52
33,-16,52
32,-16,52
32,-16,52
33,-15,52
33,-16,52
33,-16,51
32,-16,52
32,-16,52
32,-16,52
33,-16,52
32,-16,52
32,-16,52
32,-16,52
32,-16,52
32,-16,52
32,-16,52
32,-16,52
32,-16,52
32,-16,52
32,-16,52
32,-16,52
32,-16,52
32,-16,52
32,-16,52
32,-16,52
32,-16,52
32,-16,52
32,-16,52
32,-16,52
32,-16,52
33,-16,52
32,-16,52
32,-16,52
32,-16,52
32,-16,52
32,-16,52
32,-16,52
32,-16,52
32,-16,52
33,-16,52
32,-16,52
32,-16,52
32,-16,52
32,-16,52
32,-16,52
32,-16,52
32,-16,52
32,-16,52
32,-16,52
32,-16,52
32,-16,52
32,-16,52
32,-16,52
32,-16,52
32,-16,52
32,-16,52
33,-16,52
32,-16,52
32,-16,52
32,-16,52
32,-16,52
33,-15,52
33,-16,52
32,-16,52
32,-16,52
32,-16,52
32,-16,52
32,-16,52
32,-16,52
32,-16,52
32,-16,52
32,-16,52
32,-15,52
33,-16,52
32,-16,52
33,-15,52
32,-16,52
32,-16,52
32,-16,52
32,-16,52
33,-15,52
33,-16,52
32,-16,52
33,-16,52
33,-16,52
33,-16,52
32,-16,52
32,-16,52
32,-16,52
32,-16,52
32,-16,52
32,-16,52
33,-16,52
33,-16,52
32,-16,52
32,-16,52
32,-16,52
33,-16,52
33,-16,52
32,-16,52
32,-16,52
33,-16,52
32,-16,52
32,-16,52
32,-16,52
32,-16,52
33,-16,52
33,-16,52
32,-16,52
33,-16,52
32,-16,52
32,-16,52
32,-16,52
32,-16,52
32,-16,52
32,-16,52
32,-16,52
32,-16,52
32,-16,52
32,-16,52
32,-16,52
32,-16,52
33,-16,52
32,-16,52
32,-16,52
33,-16,52
32,-16,52
32,-16,52
32,-16,52
32,-16,52
32,-16,52
33,-16,52
32,-16,52
32,-16,52
32,-16,52
32,-16,52
32,-16,52
32,-16,52
32,-16,52
32,-16,52
32,-16,52
32,-16,52
32,-16,52
32,-16,52
32,-16,52
32,-16,52
32,-16,52
32,-16,52
32,-16,52
32,-16,52
33,-16,52
32,-16,52
32,-15,52
33,-16,51
32,-16,52
32,-16,52
32,-16,52
32,-16,52
32,-16,52
32,-16,52
32,-16,52
32,-16,52
32,-16,52
32,-16,52
32,-16,52
32,-16,52
32,-16,52
32,-16,52
32,-16,52
32,-16,52
32,-16,52
32,-16,52
32,-16,52
32,-16,52
32,-16,52
32,-16,52
32,-16,52
32,-16,52
32,-16,52
32,-16,52
32,-16,52
32,-16,52
32,-16,52
32,-16,52
32,-15,52
32,-16,52
32,-16,52
32,-16,52
32,-15,52
32,-16,52
32,-16,52
32,-15,52
33,-16,52
32,-16,52
32,-16,52
32,-16,52
32,-16,52
32,-16,52
32,-16,52
32,-16,52
32,-16,52
32,-16,52
32,-16,52
32,-16,52
32,-16,52
32,-16,52
32,-16,52
32,-16,52
32,-16,52
32,-16,52
32,-16,52
32,-16,52
32,-16,52
32,-16,52
32,-16,52
32,-16,52
33,-16,52
32,-16,52
32,-16,52
33,-16,51
32,-16,52
33,-16,52
32,-16,52
32,-16,52
33,-16,52
32,-16,52
32,-16,52
32,-16,52
32,-16,52
32,-16,52
32,-16,52
32,-16,52
32,-16,52
32,-16,52
32,-16,52
32,-16,52
32,-16,52
32,-16,52
32,-16,52
32,-16,52
32,-16,52
32,-16,52
32,-16,52
32,-16,52
32,-16,52
32,-16,52
33,-16,52
32,-16,52
32,-16,52
32,-16,52
32,-16,52
32,-16,52
32,-16,52
32,-16,52
32,-16,52
32,-16,52
32,-16,52
32,-16,52
32,-16,52
32,-16,52
32,-16,52
32,-16,52
32,-16,52
32,-16,52
32,-16,52
32,-16,52
32,-16,52
32,-16,52
32,-16,52
32,-16,52
32,-16,52
32,-16,52
32,-16,52
32,-16,52
32,-16,52
32,-16,52
33,-16,52
32,-16,52
32,-16,52
32,-16,51
32,-16,52
32,-16,52
32,-16,52
32,-16,52
32,-16,52
32,-16,52
32,-16,52
32,-16,52
32,-16,52
32,-16,52
32,-16,52
32,-16,52
32,-16,52
32,-16,52
32,-16,52
32,-16,52
32,-16,52
32,-16,52
32,-16,52
32,-16,52
32,-16,52
32,-16,52
32,-16,52
32,-16,52
32,-16,52
32,-16,52
32,-16,52
32,-16,52
32,-16,52
32,-16,52
32,-16,52
32,-16,52
32,-16,52
32,-16,52
32,-16,52
32,-16,52
32,-16,52
32,-16,52
32,-16,52
32,-16,52
32,-16,52
32,-16,52
32,-16,52
32,-16,52
32,-16,52
32,-16,52
32,-16,52
32,-16,52
32,-16,52
32,-16,52
32,-16,52
32,-16,52
32,-16,52
32,-16,52
32,-16,52
32,-16,52
32,-16,52
32,-16,52
33,-16,52
32,-16,52
32,-16,52
32,-16,52
32,-16,52
32,-16,52
32,-16,52
32,-16,52
32,-16,52
32,-16,52
32,-16,52
32,-16,52
32,-16,52
32,-16,52
32,-16,52
32,-16,52
32,-16,52
32,-16,52
32,-16,52
32,-16,52
32,-16,52
32,-16,52
32,-16,52
32,-16,52
32,-16,52
32,-16,52
32,-16,52
32,-16,52
32,-16,52
32,-16,52
32,-16,52
32,-16,52
32,-16,52
32,-16,52
32,-16,52
32,-16,52
32,-16,52
32,-16,52
32,-16,52
32,-16,52
32,-16,52
32,-16,52
32,-16,52
32,-16,52
32,-16,52
32,-16,52
32,-16,52
32,-16,52
32,-16,52
32,-16,52
32,-16,52
32,-16,52
32,-16,52
32,-16,52
32,-16,52
32,-16,52
32,-16,52
32,-16,52
32,-16,52
32,-16,52
33,-16,52
32,-16,52
32,-16,52
32,-16,52
32,-16,52
32,-16,52
32,-16,52
32,-16,52
32,-16,52
32,-16,52
32,-16,52
32,-16,52
32,-16,52
32,-16,52
32,-16,52
32,-16,52
32,-16,52
32,-16,52
32,-16,52
32,-16,52
32,-16,52
32,-16,52
32,-16,52
32,-16,52
32,-16,52
32,-16,52
32,-16,52
32,-16,52
32,-16,52
32,-16,52
32,-16,52
32,-16,52
32,-16,52
32,-16,52
32,-16,51
32,-16,52
32,-16,52
32,-16,52
32,-16,52
32,-16,52
32,-16,52
32,-16,52
32,-16,52
32,-16,52
32,-16,52
32,-16,52
32,-16,52
32,-16,52
32,-16,52
32,-16,52
32,-16,52
32,-16,52
32,-16,52
32,-16,52
32,-16,52
32,-16,52
32,-16,52
32,-16,52
32,-17,52
31,-16,52
33,-16,52
32,-16,52
32,-16,52
32,-16,51
32,-16,52
32,-16,52
33,-16,52
32,-16,51
32,-16,52
32,-16,52
32,-16,52
32,-16,51
32,-16,52
32,-16,52
32,-16,52
32,-16,52
32,-16,52
32,-16,52
32,-16,52
32,-16,52
32,-16,52
32,-16,52
32,-16,52
32,-16,52
32,-16,52
32,-16,52
32,-16,52
32,-16,52
32,-16,52
32,-16,52
32,-16,52
32,-16,52
32,-17,52
32,-16,52
32,-16,52
32,-16,52
32,-16,52
32,-16,52
32,-16,52
33,-16,52
32,-16,52
32,-16,52
32,-16,52
32,-16,52
32,-16,52
32,-16,52
32,-16,52
32,-16,52
32,-16,52
32,-16,52
32,-16,52
32,-16,52
32,-16,52
32,-16,52
32,-16,52
32,-16,52
32,-16,52
32,-16,52
32,-16,52
32,-16,52
32,-16,52
32,-16,52
33,-16,52
32,-17,53
32,-16,51
32,-16,51
32,-16,52
32,-16,52
32,-16,52
32,-16,52
32,-16,52
32,-16,52
32,-17,52
32,-16,52
32,-16,52
32,-16,52
32,-16,52
32,-16,52
32,-16,52
32,-16,52
32,-16,52
32,-16,52
32,-16,52
32,-16,52
32,-16,52
32,-16,52
32,-16,52
32,-16,52
32,-16,52
32,-16,52
32,-16,52
33,-16,52
32,-16,52
32,-16,52
32,-16,52
32,-16,52
32,-16,52
32,-16,52
32,-16,52
32,-16,52
32,-16,52
32,-16,52
32,-16,52
32,-16,52
32,-16,52
32,-16,52
32,-16,52
32,-16,52
32,-16,52
32,-16,52
32,-16,52
32,-16,52
32,-16,52
32,-16,52
32,-16,52
32,-16,52
32,-16,52
32,-16,52
32,-16,52
32,-16,52
32,-16,52
32,-16,52
32,-16,52
32,-16,52
32,-16,52
32,-16,52
32,-16,52
32,-16,52
32,-16,52
32,-16,52
32,-16,52
32,-16,51
32,-16,52
32,-16,52
32,-16,52
32,-16,52
32,-16,52
32,-16,52
32,-16,52
32,-16,52
32,-16,52
32,-16,52
32,-16,52
32,-16,52
32,-16,52
32,-16,52
32,-16,52
32,-16,52
32,-16,52
32,-16,52
32,-16,52
32,-16,52
32,-16,52
32,-16,52
32,-16,52
33,-16,52
32,-16,52
32,-16,52
32,-16,52
32,-16,52
32,-16,52
32,-16,52
32,-16,52
32,-16,52
32,-16,52
32,-16,52
32,-16,52
32,-16,52
32,-16,52
32,-16,52
32,-16,52
32,-16,52
32,-16,52
32,-16,52
32,-16,52
32,-16,52
32,-16,52
32,-16,52
32,-16,52
32,-16,52
32,-16,52
32,-16,52
32,-16,52
32,-16,52
32,-16,52
32,-16,52
32,-16,52
32,-16,52
32,-16,52
32,-16,52
32,-16,52
32,-16,52
32,-16,52
32,-16,52
32,-16,52
32,-16,52
32,-16,52
32,-16,52
32,-16,52
32,-16,52
32,-16,52
32,-16,52
32,-16,52
32,-16,52
32,-16,52
32,-16,52
32,-16,52
32,-16,52
32,-16,52
32,-16,52
32,-16,52
32,-16,52
32,-16,52
32,-16,52
32,-16,52
32,-16,52
32,-16,52
32,-16,52
32,-16,52
32,-16,52
34,-16,52
32,-16,52
32,-16,52
33,-16,52
32,-16,52
32,-16,52
32,-16,52
32,-16,52
32,-16,52
33,-16,52
32,-16,52
32,-16,52
32,-16,51
32,-16,52
33,-16,52
32,-16,52
32,-16,52
32,-16,52
32,-16,52
32,-16,52
32,-16,52
32,-16,52
32,-16,52
32,-16,52
32,-16,52
33,-16,52
32,-16,52
32,-16,52
33,-16,52
33,-16,52
32,-16,52
32,-16,51
33,-16,52
32,-16,52
32,-16,52
33,-16,52
32,-15,52
32,-16,52
32,-16,52
32,-16,52
32,-16,52
33,-16,52
32,-16,52
32,-16,52
32,-16,52
32,-16,52
32,-16,52
32,-16,52
32,-16,51
32,-16,52
32,-16,52
32,-16,52
32,-16,52
32,-16,52
32,-16,52
32,-16,52
32,-16,52
32,-16,52
32,-16,52
32,-16,52
32,-16,52
33,-16,52
32,-16,52
32,-16,52
33,-16,52
32,-16,52
32,-16,52
32,-16,52
32,-16,51
32,-16,52
32,-16,52
32,-16,52
32,-16,52
32,-16,52
32,-16,52
32,-16,52
32,-16,52
32,-16,52
32,-16,52
32,-16,52
32,-16,52
32,-16,52
32,-16,52
32,-16,52
32,-16,52
32,-16,52
32,-16,52
32,-16,52
32,-16,52
32,-16,52
32,-16,52
32,-16,52
32,-16,52
32,-16,52
32,-16,52
32,-16,52
32,-16,52
32,-16,51
32,-16,52
32,-16,52
32,-16,52
32,-16,52
32,-16,52
32,-16,52
32,-16,52
32,-16,52
32,-16,52
32,-16,52
32,-16,52
32,-16,52
32,-16,52
32,-16,52
32,-16,52
32,-16,52
32,-16,52
32,-16,52
32,-16,52
32,-16,52
32,-16,52
32,-16,52
32,-16,52
32,-16,52
32,-16,52
32,-16,52
32,-16,52
33,-16,52
32,-17,52
32,-16,52
32,-16,52
32,-16,52
32,-16,52
32,-16,52
32,-16,52
32,-16,52
32,-16,52
32,-16,52
32,-16,52
32,-16,52
32,-16,52
32,-16,52
32,-16,52
32,-16,52
32,-16,52
32,-16,52
32,-16,52
32,-16,52
32,-16,52
32,-16,52
32,-16,52
32,-16,52
32,-17,52
32,-16,52
32,-16,52
32,-16,52
32,-16,52
32,-16,52
32,-16,52
32,-16,51
32,-16,52
32,-16,52
32,-16,52
32,-16,52
32,-16,52
32,-16,52
32,-16,52
32,-16,52
32,-16,52
32,-16,52
32,-16,52
32,-16,52
32,-16,52
32,-16,52
32,-16,52
32,-16,52
32,-16,52
32,-16,52
32,-16,52
32,-16,52
32,-16,52
32,-16,52
32,-16,52
32,-16,52
32,-16,52
32,-16,52
32,-16,52
32,-16,52
32,-16,51
32,-16,52
32,-16,52
32,-16,52
32,-16,52
32,-16,52
32,-16,52
32,-16,52
32,-16,52
32,-16,52
32,-16,52
32,-16,52
32,-16,52
32,-16,52
32,-16,52
32,-16,52
33,-16,52
32,-16,52
32,-16,52
34,-15,52
34,-15,52
33,-15,51
36,-14,52
15,-18,48
9,-19,51
43,-16,58
43,-13,55
37,-16,47
36,-18,50
31,-22,49
29,-24,48
26,-31,47
28,-33,48
27,-36,46
26,-36,46
27,-36,46
28,-37,46
27,-36,45
25,-35,45
27,-34,45
28,-33,45
29,-33,45
28,-34,45
26,-35,45
27,-35,45
27,-35,45
27,-34,45
28,-34,45
28,-35,45
27,-35,45
27,-35,45
28,-35,45
30,-35,46
29,-37,46
29,-40,52
29,-38,56
28,-39,62
30,-49,65
17,-46,55
3,-41,49
-6,-35,49
-9,-30,46
-8,-25,43
-3,-23,41
-7,-17,43
-8,-15,42
-1,-14,42
-2,-16,41
-5,-23,66
11,-15,83
47,-15,77
44,-18,60
8,-20,62
2,-23,65
-13,-25,56
-9,-24,55
-2,-25,60
0,-24,60
1,-23,58
3,-23,61
4,-22,60
4,-23,60
4,-22,59
2,-23,60
0,-23,60
0,-24,59
0,-24,58
2,-25,59
2,-25,59
-2,-26,57
-2,-27,57
-1,-27,58
-2,-26,58
-3,-26,58
-3,-25,58
-2,-27,58
-3,-27,58
-5,-26,57
-4,-27,57
-3,-27,57
-3,-28,57
-2,-27,58
-3,-26,58
-3,-26,58
-1,-26,58
-2,-26,58
-4,-27,57
-3,-27,58
-4,-27,57
-4,-26,58
-3,-26,58
-4,-26,58
-3,-26,58
-3,-26,58
-3,-26,58
-3,-26,58
-3,-27,57
-3,-27,58
-4,-26,57
-4,-26,57
-5,-26,58
-5,-27,58
-4,-27,58
-3,-26,58
-3,-27,58
-5,-27,58
-5,-28,57
-5,-28,57
-5,-27,57
-5,-27,57
-5,-27,57
-5,-27,57
-4,-27,58
-4,-27,57
-4,-27,57
-4,-27,58
-4,-27,58
-4,-27,57
-4,-27,57
-4,-27,58
-4,-27,57
-5,-27,57
-4,-27,58
-4,-27,58
-4,-27,58
-4,-27,57
-4,-27,57
-4,-27,57
-5,-27,57
-4,-27,58
-4,-27,57
-5,-27,57
-5,-27,58
-5,-27,57
-5,-28,57
-5,-27,57
-4,-27,58
-4,-27,57
-4,-27,57
-4,-27,57
-5,-27,57
-5,-27,58
-4,-27,58
-5,-27,57
-5,-27,57
-4,-28,58
-5,-27,57
-5,-27,57
-5,-27,58
-5,-27,57
-4,-27,57
-4,-27,57
-4,-27,58
-5,-27,57
-4,-27,57
-4,-27,57
-4,-28,57
-5,-28,57
-5,-27,58
-4,-27,58
-5,-27,57
-4,-27,57
-5,-27,57
-5,-27,57
-5,-27,58
-4,-27,57
-5,-27,57
-5,-27,57
-4,-27,57
-5,-27,57
-4,-27,58
-4,-27,57
-5,-27,57
-4,-27,57
-5,-27,57
-4,-27,57
-5,-27,58
-5,-27,58
-4,-27,57
-4,-27,58
-4,-27,58
-5,-27,57
-4,-27,58
-4,-27,57
-4,-27,57
-4,-27,58
-5,-27,57
-4,-27,57
-4,-27,57
-5,-27,57
-5,-27,57
-5,-27,57
-4,-27,58
-4,-27,57
-4,-27,57
-4,-27,58
-5,-27,58
-4,-27,57
-4,-27,57
-4,-26,58
-5,-27,58
-4,-27,58
-4,-27,57
-4,-27,57
-4,-27,58
-4,-26,57
-4,-27,58
-4,-27,57
-4,-27,57
-4,-27,58
-4,-27,58
-4,-27,58
-4,-27,57
-4,-27,57
-4,-27,57
-4,-27,58
-4,-27,58
-4,-27,58
-4,-27,58
-4,-27,58
-4,-27,57
-4,-27,57
-4,-26,58
-4,-27,58
-4,-27,57
-4,-27,57
-4,-27,58
-4,-27,57
-4,-26,57
-4,-26,58
-4,-27,58
-4,-27,58
-4,-26,57
-4,-26,58
-4,-27,58
-4,-27,57
-4,-27,58
-4,-26,57
-4,-26,58
-4,-27,57
-4,-27,57
-4,-26,58
-4,-26,58
-4,-27,58
-3,-27,58
-4,-26,57
-4,-26,58
-4,-27,58
-4,-27,57
-4,-27,58
-5,-26,58
-4,-26,58
-4,-26,58
-4,-27,57
-4,-27,57
-4,-26,58
-4,-26,58
-4,-27,58
-4,-27,58
-4,-26,58
-4,-26,58
-4,-26,58
-4,-26,58
-4,-27,58
-4,-26,57
-4,-26,58
-4,-26,58
-4,-27,58
-4,-26,57
-4,-26,58
-4,-26,58
-4,-26,57
-4,-26,58
-4,-26,58
-5,-27,57
-5,-26,57
-4,-26,58
-5,-27,58
-4,-27,57
-4,-27,57
-5,-27,58
-5,-26,57
-4,-26,58
-4,-26,57
-4,-27,58
-4,-27,57
-4,-27,58
-4,-26,58
-4,-26,58
-4,-26,58
-4,-26,58
-4,-26,58
-4,-27,58
-4,-27,57
-5,-27,58
-4,-26,57
-4,-25,58
-3,-26,59
-3,-26,57
-4,-26,58
-4,-26,58
-3,-26,58
-3,-26,58
-4,-26,57
-4,-26,57
-4,-26,58
-4,-26,58
-4,-26,58
-4,-26,58
-4,-26,57
-4,-26,58
-4,-26,58
-4,-26,58
-3,-26,58
-3,-26,58
-3,-26,58
-3,-26,58
-3,-26,59
-3,-25,58
-3,-26,58
-3,-26,58
-4,-26,58
-5,-26,57
-4,-26,58
-4,-26,58
-4,-26,58
-4,-25,58
-3,-26,58
-3,-26,58
-4,-26,58
-3,-26,58
-3,-26,58
-3,-26,58
-3,-26,58
-4,-26,58
-4,-26,58
-4,-26,58
-3,-25,58
-3,-26,58
-4,-26,58
-3,-25,58
-3,-25,58
-4,-26,58
-4,-26,58
-4,-26,58
-4,-25,58
-4,-26,58
-4,-26,58
-4,-26,58
-3,-25,58
-3,-25,58
-3,-25,58
-3,-25,59
-3,-25,59
-3,-25,58
-3,-25,58
-4,-26,58
-4,-26,58
-4,-25,58
-4,-25,58
-4,-25,58
-3,-25,58
-3,-25,58
-2,-25,59
-2,-25,59
-3,-25,58
-3,-25,58
-4,-25,58
-4,-25,58
-4,-25,59
-4,-25,58
-4,-26,58
-4,-26,58
-5,-26,58
-4,-26,58
-4,-25,58
-4,-25,59
-4,-26,58
-4,-25,58
-3,-25,58
-4,-26,58
-4,-26,58
-4,-25,58
-4,-26,58
-5,-26,58
-5,-26,58
-5,-26,58
-3,-25,58
-4,-25,58
-3,-25,58
-3,-25,58
-4,-25,58
-4,-25,58
-4,-26,58
-5,-26,58
-5,-26,58
-4,-26,58
-4,-26,58
-4,-25,58
-4,-25,58
-3,-25,59
-3,-25,58
-3,-25,58
-3,-25,58
-4,-25,58
-4,-25,58
-3,-25,58
-3,-25,58
-3,-25,58
-3,-25,58
-4,-25,58
-3,-25,58
-3,-25,58
-4,-25,58
-3,-25,58
-3,-26,58
-4,-25,59
-3,-25,58
-4,-25,58
-4,-26,57
-4,-26,58
-4,-25,59
-4,-25,59
-4,-25,58
-5,-26,58
-4,-26,57
-3,-25,58
-3,-24,59
-4,-25,58
-3,-25,58
-2,-25,58
-3,-25,59
-4,-25,58
-3,-25,58
-3,-25,58
-4,-25,58
-4,-25,58
-2,-25,58
-3,-25,58
-4,-25,59
-3,-25,58
-3,-25,58
-4,-25,58
-4,-25,58
-4,-25,58
-4,-25,58
-3,-25,58
-4,-25,58
-4,-25,58
-4,-25,58
-3,-25,58
-3,-25,59
-4,-25,58
-4,-25,58
-3,-25,59
-3,-25,59
-4,-25,58
-4,-25,58
-4,-25,58
-4,-26,58
-4,-25,58
-4,-25,58
-4,-25,58
-4,-25,58
-3,-25,58
-3,-25,58
-4,-25,58
-3,-25,58
-3,-25,58
-4,-25,58
-4,-25,58
-4,-25,58
-4,-26,58
-4,-26,58
-4,-26,58
-4,-25,58
-4,-25,58
-4,-25,58
-3,-25,58
-3,-25,58
-4,-25,59
-3,-25,58
-3,-25,58
-4,-26,58
-3,-26,59
-4,-25,58
-4,-25,58
-4,-24,58
-3,-25,58
-4,-26,58
-4,-26,58
-4,-25,58
-4,-26,58
-3,-26,58
-4,-26,58
-4,-25,58
-3,-25,58
-4,-25,58
-4,-25,58
-4,-26,58
-4,-26,58
-4,-26,58
-4,-26,58
-4,-26,58
-4,-25,58
-4,-25,58
-4,-26,58
-3,-26,58
-4,-26,58
-4,-26,58
-4,-26,58
-4,-26,58
-4,-26,58
-4,-26,58
-4,-26,58
-4,-26,58
-4,-26,58
-4,-26,58
-4,-26,58
-4,-26,58
-4,-26,58
-4,-26,58
-4,-26,58
-4,-26,58
-4,-26,58
-4,-26,58
-4,-26,58
-4,-26,58
-4,-26,58
-4,-26,58
-4,-26,58
-4,-26,58
-4,-26,58
-4,-26,58
-4,-26,58
-3,-26,58
-4,-26,58
-4,-26,58
-4,-26,58
-4,-26,58
-4,-26,58
-4,-26,58
-4,-26,58
-4,-26,58
-4,-26,58
-5,-26,58
-4,-26,58
-4,-26,58
-4,-26,58
-4,-26,58
-4,-26,58
-4,-26,58
-4,-26,58
-4,-26,58
-4,-26,58
-4,-26,58
-4,-26,58
-4,-26,58
-4,-26,58
-4,-26,58
-3,-26,58
-4,-25,58
-4,-25,58
-4,-26,57
-4,-26,58
-4,-26,59
-5,-26,57
-4,-26,58
-4,-26,58
-4,-26,58
-4,-26,58
-4,-25,58
-4,-26,58
-4,-26,58
-4,-26,58
-4,-26,58
-4,-26,58
-4,-26,58
-4,-26,58
-4,-26,58
-4,-26,58
-4,-26,58
-4,-26,57
-4,-26,58
-4,-26,58
-4,-26,58
-4,-26,58
-4,-26,58
-4,-26,58
-5,-26,58
-4,-26,58
-4,-26,58
-5,-27,58
-5,-26,57
-3,-26,58
-4,-26,58
-4,-26,57
-4,-26,58
-4,-26,58
-4,-26,58
-4,-26,58
-4,-26,58
-3,-26,58
-4,-26,58
-4,-26,58
-3,-26,58
-4,-26,58
-4,-26,58
-4,-26,58
-4,-26,58
-4,-26,58
-4,-26,58
-4,-26,58
-4,-25,58
-4,-26,58
-4,-26,58
-4,-26,58
-4,-26,58
-4,-26,58
-5,-26,58
-5,-26,58
-4,-26,58
-4,-26,58
-4,-26,57
-4,-26,58
-5,-26,59
-4,-26,57
-4,-26,57
-4,-26,58
-4,-26,58
-4,-26,58
-4,-26,58
-4,-26,58
-4,-26,58
-4,-26,58
-4,-26,58
-4,-26,58
-4,-26,58
-4,-26,58
-4,-26,58
-4,-26,58
-4,-26,58
-4,-26,58
-4,-26,58
-4,-26,58
-4,-26,58
-5,-26,58
-4,-26,58
-4,-26,58
-4,-26,58
-4,-26,58
-4,-26,58
-4,-26,58
-4,-26,58
-4,-26,58
-3,-26,58
-4,-26,58
-4,-26,58
-4,-26,57
-4,-26,58
-4,-26,58
-4,-26,57
-4,-26,58
-4,-26,58
-4,-26,58
-4,-26,58
-4,-26,58
-4,-26,58
-4,-26,58
-4,-26,58
-4,-26,58
-4,-25,58
-4,-26,58
-4,-26,58
-4,-26,58
-4,-26,58
-4,-26,58
-4,-26,58
-4,-26,58
-4,-26,58
-4,-26,58
-4,-26,58
-4,-26,58
-4,-26,58
-3,-26,58
-3,-26,58
-4,-25,58
-4,-26,58
-4,-26,58
-4,-26,58
-3,-25,58
-3,-25,58
-4,-25,58
-4,-25,58
-3,-25,58
-3,-25,58
-3,-25,58
-3,-25,58
-3,-25,58
-3,-25,58
-3,-25,59
-2,-25,58
-3,-25,58
-3,-25,58
-2,-25,59
-2,-25,58
-3,-25,58
-3,-25,58
-3,-25,58
-3,-25,58
-3,-25,58
-3,-25,58
-3,-25,58
-3,-25,58
-3,-25,58
-3,-25,58
-3,-25,58
-3,-25,58
-3,-25,58
-3,-25,59
-3,-25,59
-3,-25,58
-3,-25,58
-3,-25,58
-3,-25,58
-3,-25,58
-4,-25,58
-4,-25,58
-4,-25,58
-3,-25,58
-3,-25,58
-4,-26,58
-3,-26,58
-4,-25,58
-4,-25,58
-3,-25,58
-4,-25,58
-3,-26,58
-3,-26,58
-4,-26,58
-4,-25,58
-4,-25,58
-4,-25,58
-4,-25,58
-3,-26,58
-4,-26,58
-4,-26,58
-4,-26,58
-3,-26,58
-3,-26,58
-4,-26,58
-4,-26,58
-3,-25,59
-4,-25,58
-4,-26,57
-3,-26,58
-4,-26,58
-4,-26,58
-4,-25,58
-4,-26,58
-4,-26,58
-4,-26,58
-4,-26,58
-4,-26,58
-4,-26,58
-3,-26,58
-4,-26,58
-4,-26,58
-4,-26,58
-4,-26,58
-4,-26,58
-4,-26,58
-4,-26,58
-4,-26,58
-4,-25,58
-4,-25,58
-3,-25,58
-4,-26,58
-4,-26,58
-3,-26,58
-4,-26,58
-4,-25,58
-3,-25,58
-4,-26,58
-4,-26,58
-3,-25,58
-4,-25,58
-4,-26,58
-4,-26,58
-3,-26,58
-4,-26,58
-4,-26,58
-4,-25,58
-3,-25,58
-3,-25,58
-4,-25,58
-3,-26,58
-4,-26,58
-4,-25,58
-3,-25,58
-4,-25,58
-3,-25,58
-4,-25,58
-4,-25,58
-4,-25,58
-4,-25,58
-4,-26,58
-4,-26,58
-3,-25,58
-3,-26,58
-4,-26,58
-4,-26,58
-4,-25,58
-4,-26,58
-4,-26,58
-4,-26,58
-4,-26,58
-4,-26,58
-3,-26,58
-4,-26,58
-4,-26,58
-4,-25,58
-3,-25,58
-4,-26,58
-4,-26,57
-4,-26,58
-4,-25,58
-4,-26,58
-3,-26,58
-3,-26,58
-3,-25,58
-4,-25,58
-4,-25,58
-3,-25,58
-3,-25,58
-3,-25,58
-4,-26,58
-4,-26,58
-4,-26,58
-4,-25,58
-4,-25,58
-4,-26,58
-4,-26,58
-4,-25,58
-4,-26,58
-3,-26,58
-3,-25,58
-4,-25,58
-4,-25,59
-4,-26,58
-4,-26,57
-4,-25,58
-4,-26,58
-3,-25,58
-3,-26,58
-4,-26,58
-4,-25,58
-4,-25,58
-4,-25,58
-3,-25,58
-3,-25,58
-3,-25,58
-3,-26,58
-4,-26,58
-4,-25,58
-3,-25,58
-4,-25,58
-4,-26,58
-3,-26,58
-4,-25,58
-4,-25,58
-4,-25,58
-3,-25,58
-4,-25,58
-4,-25,58
-4,-25,58
-3,-25,58
-3,-25,58
-3,-25,58
-3,-25,59
-4,-25,58
-4,-25,58
-3,-25,58
-4,-25,59
-3,-26,58
-3,-25,58
-4,-25,58
-3,-25,58
-4,-25,59
-3,-25,59
-4,-25,58
-4,-25,58
-4,-25,58
-4,-25,58
-4,-25,58
-4,-25,58
-3,-25,58
-4,-25,58
-4,-25,58
-3,-25,58
-4,-25,58
-3,-25,58
-4,-25,58
-3,-25,58
-4,-25,59
-4,-26,58
-4,-26,58
-3,-25,58
-4,-25,58
-3,-25,58
-3,-25,58
-3,-25,58
-4,-25,58
-4,-25,58
-4,-26,58
-4,-26,58
-4,-25,58
-4,-25,58
-4,-26,58
-4,-26,58
-4,-25,58
-4,-25,58
-4,-25,58
-5,-26,58
-4,-25,58
-4,-26,58
-4,-26,58
-4,-26,58
-4,-25,58
-3,-26,58
-4,-25,58
-4,-25,59
-4,-25,58
-4,-26,58
-3,-25,58
-4,-25,59
-5,-26,58
-4,-26,58
-4,-25,58
-4,-25,58
-4,-26,58
-4,-26,58
-4,-25,59
-4,-25,58
-4,-26,58
-4,-26,58
-5,-26,58
-4,-26,58
-4,-26,58
-4,-26,58
-3,-25,58
-4,-25,58
-4,-26,58
-4,-26,58
-4,-26,58
-4,-25,58
-4,-26,58
-4,-26,58
-4,-25,58
-5,-26,58
-4,-26,58
-4,-25,58
-4,-25,58
-3,-26,58
-3,-26,58
-5,-25,59
-5,-25,58
-4,-26,57
-4,-26,58
-4,-26,58
-5,-26,58
-4,-26,58
-4,-26,58
-5,-26,58
-4,-26,58
-4,-25,58
-4,-25,58
-4,-26,58
-4,-27,57
-4,-26,58
-5,-25,58
-4,-26,58
-4,-26,58
-4,-26,58
-5,-26,57
-4,-26,58
-5,-26,58
-4,-25,58
-3,-25,58
-3,-25,58
-4,-25,58
-3,-25,58
-4,-25,58
-4,-25,58
-4,-25,58
-4,-25,58
-4,-26,58
-4,-26,58
-4,-26,58
-4,-25,58
-4,-25,58
-4,-26,58
-4,-26,58
-4,-25,58
-4,-26,58
-4,-26,58
-4,-26,58
-4,-25,58
-4,-25,58
-4,-25,58
-4,-26,58
-4,-25,58
-3,-26,58
-4,-25,58
-4,-25,58
-4,-25,58
-4,-25,58
-4,-25,58
-4,-26,58
-4,-26,58
-4,-26,58
-4,-25,58
-4,-25,58
-4,-26,57
-4,-25,58
-3,-25,59
-4,-26,59
-4,-26,58
-4,-26,58
-4,-25,58
-4,-25,58
-4,-25,58
-4,-25,58
-3,-26,58
-3,-25,58
-4,-26,58
-4,-26,58
-4,-25,58
-4,-25,58
-3,-25,58
-4,-26,58
-4,-26,58
-4,-26,58
-4,-26,58
-4,-25,58
-4,-26,58
-4,-25,58
-3,-25,58
-4,-26,58
-4,-25,58
-4,-25,58
-3,-26,58
-4,-26,58
-4,-26,58
-3,-26,58
-4,-26,58
-4,-26,58
-4,-26,58
-4,-26,58
-4,-26,58
-4,-26,58
-4,-26,58
-4,-25,58
-4,-25,58
-3,-26,58
-3,-26,59
-4,-25,58
-6,-25,57
-4,-27,58
-4,-27,58
-5,-25,59
-5,-25,57
-4,-26,57
-5,-26,58
-5,-26,58
-4,-26,58
-4,-26,58
-4,-26,58
-4,-26,58
-4,-25,58
-4,-25,58
-3,-25,58
-4,-26,58
-4,-26,58
-4,-26,58
-4,-26,58
-5,-26,58
-4,-26,58
-4,-26,58
-3,-26,58
-3,-25,58
-4,-25,59
-4,-25,58
-3,-25,58
-3,-26,58
-4,-26,58
-4,-26,58
-4,-26,58
-4,-26,58
-4,-26,58
-4,-26,58
-4,-26,58
-4,-26,58
-4,-26,58
-3,-25,58
-3,-25,58
-3,-26,58
-3,-26,57
-3,-26,59
-4,-25,59
-4,-26,57
-4,-26,58
-4,-26,58
-4,-26,58
-4,-26,58
-4,-26,58
-4,-25,58
-3,-26,58
-4,-26,58
-4,-26,58
-4,-26,58
-4,-26,58
-4,-26,58
-4,-26,58
-4,-26,58
-4,-26,58
-3,-26,58
-4,-26,58
-4,-26,58
-4,-26,58
-4,-26,58
-4,-26,58
-4,-26,58
-4,-26,58
-4,-26,58
-4,-26,58
-4,-26,58
-4,-26,58
-4,-26,58
-3,-26,58
-3,-26,58
-4,-26,58
-4,-26,58
-4,-26,57
-4,-26,57
-4,-26,58
-5,-26,58
-3,-26,58
-4,-26,58
-4,-26,58
-4,-26,58
-4,-26,58
-4,-26,58
-4,-26,58
-4,-26,58
-4,-26,58
-4,-26,58
-4,-26,58
-4,-26,58
-4,-26,57
-4,-26,58
-4,-26,58
-4,-26,58
-4,-26,58
-4,-26,58
-4,-26,58
-4,-26,58
-4,-26,58
-4,-26,58
-4,-26,58
-4,-26,58
-4,-26,58
-4,-26,58
-4,-26,58
-4,-26,58
-4,-26,58
-4,-26,58
-4,-26,58
-4,-26,58
-4,-26,58
-4,-26,58
-4,-26,57
-4,-26,58
-4,-26,58
-4,-26,58
-4,-26,58
-4,-26,58
-3,-26,58
-4,-26,58
-4,-26,58
-4,-26,58
-4,-26,58
-4,-26,58
-4,-26,58
-4,-26,58
-4,-26,58
-5,-26,57
-4,-26,58
-4,-26,58
-4,-26,58
-4,-26,58
-4,-26,58
-4,-26,58
-4,-26,58
-4,-26,57
-4,-26,58
-4,-26,58
-4,-26,57
-4,-26,58
-4,-26,58
-4,-26,58
-4,-26,58
-4,-26,58
-4,-26,58
-4,-26,58
-4,-26,58
-4,-26,58
-4,-26,58
-4,-26,58
-4,-26,58
-4,-26,58
-4,-26,58
-4,-26,58
-4,-26,58
-4,-26,58
-4,-26,58
-4,-26,58
-4,-26,58
-4,-26,58
-4,-26,58
-4,-27,57
-4,-26,57
-4,-26,58
-4,-26,58
-4,-26,58
-4,-26,58
-4,-26,58
-4,-26,58
-4,-26,58
-4,-26,58
-4,-26,58
-4,-26,58
-4,-26,58
-4,-26,58
-4,-26,58
-4,-26,58
-4,-26,58
-4,-26,58
-4,-26,58
-4,-26,58
-4,-26,58
-4,-26,58
-4,-26,58
-4,-26,58
-4,-26,58
-4,-26,58
-4,-26,58
-4,-26,58
-4,-26,58
-4,-26,58
-4,-26,58
-4,-26,58
-4,-26,57
-4,-26,58
-4,-26,58
-4,-26,59
-4,-26,58
-4,-26,58
-4,-26,58
-4,-26,58
-4,-26,58
-4,-26,58
-4,-26,58
-4,-26,58
-5,-27,58
-4,-26,58
-4,-26,58
-4,-26,58
-4,-26,58
-4,-26,58
-4,-26,58
-4,-26,58
-4,-26,58
-4,-26,58
-4,-26,58
-4,-26,58
-4,-26,58
-4,-26,58
-4,-26,58
-4,-26,58
-5,-26,58
-4,-26,58
-4,-26,58
-4,-26,58
-4,-26,58
-4,-26,58
-4,-26,58
-4,-26,58
-4,-26,58
-4,-26,58
-4,-26,58
-4,-26,58
-4,-26,58
-5,-26,57
-4,-26,58
-3,-26,58
-4,-26,58
-4,-26,58
-4,-26,57
-4,-26,58
-4,-26,58
-5,-26,57
-5,-27,57
-5,-26,58
-5,-25,58
-4,-26,58
-4,-26,57
-5,-26,58
-4,-27,58
-4,-26,57
-4,-26,58
-3,-26,60
-4,-26,59
-5,-25,56
-5,-26,56
-5,-26,58
-5,-26,59
-4,-26,58
-3,-26,58
-4,-25,58
-4,-26,58
-4,-26,57
-4,-26,58
-4,-25,58
-4,-25,59
-3,-24,60
-3,-24,58
-3,-25,58
-4,-26,58
-4,-25,57
-4,-24,58
-3,-24,59
-3,-24,60
-2,-25,58
-3,-24,58
-3,-24,59
-3,-25,59
-3,-24,58
-3,-24,59
-2,-24,59
-2,-24,58
-2,-24,58
-2,-24,59
-2,-25,59
-3,-23,60
-3,-23,59
-2,-25,59
-3,-25,58
-3,-24,59
-3,-24,58
-2,-24,59
-2,-24,60
-2,-23,59
-2,-23,59
-1,-23,59
-1,-23,59
-1,-23,60
-2,-23,59
-2,-24,59
-3,-24,59
-3,-24,59
-2,-24,59
-2,-24,59
-1,-24,60
-2,-24,59
-2,-23,59
-3,-23,59
-1,-23,59
0,-24,59
-2,-24,59
-2,-24,59
-1,-24,59
-1,-24,59
-2,-23,58
-3,-24,58
-3,-24,60
-3,-23,60
-2,-23,59
-1,-24,59
-2,-25,59
-2,-24,59
-2,-23,59
-1,-23,60
-1,-23,60
-2,-23,60
-1,-24,60
-2,-24,59
-3,-24,58
-2,-24,59
-2,-23,59
-2,-23,60
-2,-23,60
-2,-23,58
-1,-24,59
-3,-24,59
-3,-24,59
-2,-23,59
-2,-23,59
-1,-24,60
-1,-24,59
-2,-24,59
-2,-23,59
-2,-23,59
-2,-23,59
-1,-23,59
-1,-23,59
-2,-23,60
-3,-24,59
-3,-24,59
-2,-24,58
-2,-23,59
-4,-24,59
-2,-24,58
-1,-24,59
-1,-24,59
-1,-24,59
-1,-24,58
-3,-23,58
-2,-23,60
-2,-23,59
-2,-24,59
-3,-24,58
-3,-24,58
-2,-24,58
-2,-24,59
-2,-24,60
-1,-24,60
-1,-23,59
0,-23,59
-1,-23,60
-1,-23,60
-2,-23,58
-1,-23,59
-1,-23,59
-1,-23,59
-2,-23,60
-2,-23,59
-1,-23,59
-1,-23,59
-1,-24,59
-1,-23,60
-2,-23,59
-2,-23,60
-1,-23,60
-2,-24,59
-1,-24,59
-1,-24,60
-2,-23,58
-1,-23,59
-1,-23,60
-2,-23,60
-2,-23,59
-1,-23,59
-1,-23,60
-2,-24,59
-2,-24,59
-1,-23,59
-2,-22,59
-2,-24,59
-1,-24,59
-2,-23,59
-2,-23,59
-2,-24,59
-2,-24,59
-1,-24,59
-2,-24,59
-2,-24,59
-2,-24,59
-2,-24,58
-2,-24,59
-3,-24,59
-2,-23,60
-2,-23,59
-2,-24,59
-1,-24,59
-2,-23,59
-2,-23,59
-2,-23,60
-2,-24,60
-2,-23,58
-1,-23,59
-2,-23,60
-2,-23,59
-1,-24,60
-1,-24,59
-1,-23,60
-1,-23,60
-2,-23,59
-2,-23,59
-2,-24,59
-2,-24,59
-2,-24,58
-2,-24,59
-2,-23,59
-2,-22,60
-2,-23,60
-2,-23,59
-1,-24,59
-1,-24,59
-1,-24,59
-1,-23,59
-1,-23,59
-1,-23,60
-2,-23,60
-2,-24,59
-2,-25,58
-2,-24,59
-2,-24,59
-2,-23,58
-1,-23,60
-1,-23,59
-1,-23,59
-1,-23,60
-2,-23,60
-1,-24,59
0,-24,59
-1,-23,60
-1,-23,59
-1,-23,59
-1,-23,60
-1,-22,60
-1,-23,59
-2,-24,59
-2,-24,59
-3,-24,59
-2,-24,59
-2,-24,59
-2,-24,59
-1,-23,59
-1,-23,59
-1,-23,60
-1,-23,59
-2,-23,59
-2,-24,59
-2,-24,59
-2,-24,59
-2,-24,59
-2,-23,60
-1,-23,60
-2,-23,59
-2,-24,58
-1,-24,59
-1,-23,59
-1,-24,59
-1,-24,59
-2,-23,59
-2,-23,59
-2,-24,59
-3,-24,58
-2,-24,60
-1,-24,59
-2,-24,59
-1,-24,59
-2,-23,59
-1,-24,59
-2,-23,60
-2,-23,59
-1,-24,59
-2,-24,58
-2,-24,60
-2,-24,59
-2,-23,59
-1,-23,60
-1,-23,59
-1,-24,59
-2,-24,58
-1,-23,60
-1,-23,60
-2,-23,58
-2,-24,58
-1,-23,59
-1,-23,59
-1,-23,59
-1,-24,59
-1,-23,59
-1,-23,58
-1,-23,60
-1,-23,60
-1,-24,59
-2,-24,59
-1,-23,59
-1,-23,60
0,-23,61
-1,-24,61
-5,-24,60
-4,-22,62
2,-21,68
12,-24,68
20,-18,61
23,-16,58
23,-11,56
14,-8,46
19,-7,41
28,-4,39
29,0,39
31,-1,35
35,-6,31
55,-16,40
65,-16,47
54,-16,40
51,-18,32
53,-20,25
59,-19,23
76,-17,19
73,-17,12
77,-15,6
67,-16,10
61,-15,7
61,-15,4
61,-15,9
59,-15,7
59,-15,9
61,-15,8
57,-13,18
66,-16,5
53,-17,5
50,-16,10
63,-19,15
63,-14,11
56,-14,9
63,-17,13
60,-16,14
54,-16,7
59,-16,8
64,-15,11
63,-13,9
59,-14,7
63,-14,7
61,-14,7
58,-16,7
62,-15,8
61,-15,9
58,-15,9
59,-16,8
60,-16,9
60,-16,9
61,-15,8
60,-15,9
61,-15,8
61,-15,8
60,-16,8
60,-15,9
60,-15,9
60,-16,9
60,-16,9
60,-16,9
60,-15,9
60,-16,9
59,-16,9
61,-15,8
60,-16,9
60,-16,9
60,-16,9
60,-16,9
60,-16,9
60,-16,9
60,-16,9
60,-15,9
60,-16,9
60,-16,9
60,-16,9
60,-15,8
60,-15,9
60,-16,9
60,-16,9
60,-16,9
60,-16,9
60,-16,9
60,-16,9
60,-16,9
60,-16,9
60,-16,9
60,-16,9
60,-16,9
60,-16,9
60,-16,9
60,-16,9
60,-16,9
60,-16,9
60,-16,9
60,-16,9
60,-16,9
60,-16,9
60,-16,9
60,-16,9
60,-16,9
60,-16,9
60,-16,9
60,-16,9
60,-16,9
60,-16,9
60,-16,9
60,-16,9
60,-16,9
60,-16,9
60,-16,9
60,-16,9
60,-16,9
60,-16,9
60,-16,9
60,-16,9
60,-16,9
60,-16,9
60,-16,9
60,-16,9
60,-16,9
61,-16,9
60,-16,9
60,-15,9
61,-15,9
61,-15,9
60,-16,9
60,-16,9
60,-16,9
61,-15,9
60,-15,9
60,-15,9
60,-15,8
61,-15,9
60,-15,9
60,-15,9
61,-15,8
60,-15,9
60,-16,9
61,-15,9
60,-15,8
60,-15,9
60,-15,9
60,-15,9
60,-15,9
60,-15,9
60,-15,9
60,-15,9
60,-16,9
60,-16,9
60,-15,9
60,-15,9
60,-16,9
60,-16,9
60,-15,9
60,-15,9
60,-15,9
61,-15,9
60,-16,9
60,-15,9
61,-15,9
60,-16,9
60,-16,9
60,-16,9
60,-15,9
60,-16,9
60,-16,9
60,-15,9
60,-15,9
60,-15,9
60,-16,9
60,-15,9
60,-15,9
60,-16,9
60,-16,9
60,-16,9
60,-16,9
60,-16,10
60,-16,10
60,-15,9
60,-16,9
60,-16,9
60,-15,9
60,-16,9
60,-16,9
60,-16,9
60,-16,9
60,-16,9
60,-15,10
60,-15,9
60,-16,9
60,-16,9
60,-16,9
60,-16,9
60,-15,9
60,-15,9
60,-15,10
60,-16,9
60,-16,9
60,-16,9
60,-16,9
60,-16,9
60,-15,9
60,-15,9
60,-16,9
60,-16,9
60,-16,9
60,-16,9
61,-16,9
60,-16,9
60,-16,8
60,-15,9
60,-15,9
60,-16,9
59,-16,9
60,-16,9
61,-16,9
60,-17,9
60,-16,9
60,-16,9
60,-16,10
60,-16,9
60,-16,9
60,-16,8
60,-16,9
60,-16,10
60,-16,9
60,-16,9
60,-16,9
60,-16,9
60,-16,9
60,-16,9
60,-16,9
60,-16,9
60,-16,9
60,-16,9
60,-17,9
60,-17,9
60,-16,9
60,-16,9
60,-16,9
60,-16,9
60,-16,8
60,-16,9
60,-16,9
60,-16,9
59,-16,9
60,-16,9
60,-17,9
60,-16,9
60,-16,9
60,-16,9
60,-16,9
60,-16,9
60,-16,9
60,-16,9
60,-16,8
59,-16,9
60,-16,9
60,-16,9
59,-16,9
60,-16,9
60,-17,9
60,-16,9
60,-17,9
60,-17,9
60,-16,9
60,-16,9
60,-16,9
60,-16,9
60,-16,9
60,-17,8
60,-16,9
59,-16,9
60,-16,9
60,-16,9
59,-16,9
60,-17,9
60,-17,9
60,-16,9
60,-16,9
60,-16,9
60,-16,9
60,-16,9
60,-16,9
60,-16,9
60,-16,9
60,-16,9
60,-16,9
60,-16,9
60,-16,8
60,-16,9
60,-16,9
60,-16,9
60,-16,8
60,-16,9
60,-16,10
60,-16,9
60,-16,9
60,-17,9
60,-16,9
60,-16,9
60,-16,9
60,-16,9
60,-16,9
60,-16,9
60,-16,9
60,-16,9
60,-16,9
60,-16,9
60,-16,9
60,-16,9
60,-16,9
60,-16,9
60,-16,9
60,-16,9
60,-16,9
60,-16,9
60,-16,9
60,-16,9
60,-16,9
60,-16,9
60,-16,9
60,-17,9
60,-16,9
60,-16,9
60,-16,9
60,-16,9
60,-16,9
60,-16,9
60,-16,9
60,-16,9
60,-16,9
60,-16,9
60,-16,9
60,-16,9
60,-16,9
60,-16,9
60,-16,9
60,-16,9
60,-16,9
60,-16,9
60,-16,9
60,-16,8
60,-16,9
60,-17,9
60,-16,9
60,-16,9
60,-16,9
60,-16,9
60,-16,9
59,-16,9
60,-16,9
60,-16,9
59,-16,9
60,-16,9
60,-16,9
59,-16,9
60,-16,9
60,-16,9
59,-16,9
60,-16,10
60,-16,9
60,-16,9
60,-16,9
60,-16,9
60,-16,9
60,-16,9
60,-16,9
60,-16,9
60,-16,9
59,-16,9
60,-16,9
60,-16,9
60,-16,9
60,-16,9
60,-16,9
60,-16,9
60,-16,9
60,-16,9
60,-16,9
60,-16,9
60,-16,9
60,-16,9
60,-16,9
60,-16,9
60,-16,9
60,-16,9
59,-16,9
60,-16,9
60,-16,9
60,-16,9
60,-16,9
60,-16,9
60,-16,9
60,-16,9
60,-16,9
60,-16,9
60,-16,9
60,-16,9
60,-16,9
60,-16,9
60,-16,9
60,-16,9
60,-16,9
60,-16,9
60,-16,9
60,-16,9
60,-16,9
60,-16,9
60,-16,9
60,-16,9
60,-16,9
60,-16,9
60,-16,9
60,-17,9
60,-17,10
60,-16,9
60,-16,9
60,-16,9
60,-16,9
60,-16,9
60,-16,9
60,-16,9
60,-16,9
60,-17,9
60,-17,9
60,-16,9
60,-16,9
60,-16,9
60,-16,9
60,-16,9
60,-16,9
60,-16,9
60,-16,9
60,-16,9
60,-17,9
60,-16,9
60,-16,9
60,-16,9
60,-16,9
60,-16,9
60,-16,9
60,-16,9
60,-16,9
60,-16,9
60,-16,9
60,-16,9
60,-16,9
60,-16,9
60,-16,9
60,-16,9
60,-16,9
60,-16,9
60,-16,9
60,-16,9
60,-16,9
60,-16,9
60,-16,9
60,-16,9
60,-16,9
60,-16,9
60,-16,9
60,-16,9
60,-16,9
60,-16,9
60,-16,9
60,-16,9
60,-16,9
60,-16,9
60,-16,9
60,-16,9
60,-16,9
60,-16,9
60,-16,9
60,-16,9
60,-16,9
60,-16,9
60,-16,9
60,-17,9
60,-16,9
60,-16,9
60,-16,9
60,-16,9
60,-16,9
60,-16,9
60,-16,9
60,-16,9
60,-17,9
60,-16,9
60,-16,9
60,-16,9
60,-16,9
60,-16,9
60,-16,9
60,-16,9
60,-16,9
60,-16,9
60,-16,9
60,-16,9
60,-16,9
60,-16,9
60,-16,9
60,-16,9
60,-16,9
60,-16,9
60,-16,9
60,-16,9
60,-16,9
60,-16,9
60,-16,9
60,-16,9
60,-16,9
60,-16,9
60,-16,9
60,-16,9
60,-16,9
60,-16,9
60,-16,9
60,-16,9
60,-17,9
60,-16,9
60,-16,9
60,-16,9
60,-16,9
60,-16,9
60,-16,9
60,-16,9
60,-16,9
60,-16,9
60,-16,9
60,-17,9
60,-16,9
60,-16,9
60,-16,9
60,-16,9
60,-16,9
60,-16,9
60,-16,9
60,-17,9
60,-16,9
60,-16,9
60,-17,9
60,-17,9
60,-16,9
60,-16,9
60,-16,9
60,-16,9
60,-16,9
60,-16,9
60,-16,10
60,-16,9
60,-16,9
60,-16,9
60,-16,9
60,-16,9
60,-16,9
60,-16,9
60,-16,9
60,-16,9
60,-16,9
60,-16,9
60,-16,9
60,-17,9
60,-16,9
60,-16,9
60,-16,9
60,-16,9
60,-16,9
60,-16,9
60,-16,9
60,-16,9
60,-16,9
60,-17,9
60,-17,9
60,-16,9
60,-17,9
60,-17,10
60,-17,9
60,-16,9
60,-16,9
60,-17,9
60,-17,9
60,-16,9
60,-16,9
60,-17,9
60,-17,9
60,-17,9
60,-17,9
60,-16,9
60,-16,9
60,-16,9
60,-16,9
60,-16,9
60,-16,9
60,-16,9
60,-16,9
60,-16,9
60,-16,9
60,-16,9
60,-17,9
60,-17,10
60,-16,9
60,-16,9
60,-16,9
60,-16,9
60,-16,9
60,-16,9
60,-16,9
60,-16,9
60,-17,9
60,-17,9
60,-16,9
60,-16,9
60,-16,9
60,-16,9
60,-16,9
60,-16,9
60,-16,9
60,-16,9
60,-16,9
60,-16,9
60,-16,9
60,-16,9
60,-16,9
60,-16,9
60,-16,9
60,-16,9
60,-16,9
60,-16,9
60,-16,9
60,-16,9
60,-16,9
60,-16,9
60,-16,9
60,-16,9
60,-16,9
60,-16,9
60,-17,9
60,-16,9
60,-16,9
60,-17,9
60,-16,9
59,-16,9
60,-16,9
60,-17,9
60,-17,9
60,-16,9
60,-16,9
60,-16,9
60,-17,9
60,-16,9
59,-17,9
60,-16,9
60,-17,9
60,-16,9
60,-16,9
60,-17,9
60,-17,9
60,-17,9
60,-17,9
60,-17,9
60,-17,9
60,-17,9
60,-17,9
60,-16,9
60,-16,9
60,-17,9
60,-17,9
60,-17,9
60,-17,9
60,-17,9
59,-16,9
60,-16,9
60,-16,9
59,-17,10
60,-16,9
60,-16,9
60,-17,9
60,-17,9
60,-16,9
60,-16,9
60,-16,9
60,-17,9
60,-17,9
60,-17,9
60,-17,9
60,-16,9
60,-17,9
60,-16,10
60,-17,10
60,-16,9
60,-16,9
60,-16,9
60,-16,9
60,-16,9
60,-16,9
60,-16,9
60,-17,9
60,-16,9
60,-17,9
60,-16,9
60,-16,9
60,-17,9
60,-17,9
60,-16,9
60,-16,9
60,-17,9
60,-17,9
60,-17,9
60,-16,9
60,-17,9
59,-17,9
60,-16,9
60,-16,9
60,-16,9
60,-17,9
60,-17,9
60,-17,9
60,-17,9
60,-16,9
60,-16,9
60,-16,10
60,-16,9
60,-16,9
60,-16,9
60,-16,9
60,-16,9
60,-16,9
60,-16,9
60,-16,9
60,-16,9
60,-17,9
60,-17,9
60,-16,9
60,-16,9
60,-17,9
60,-17,9
60,-17,9
60,-16,9
60,-17,9
60,-17,10
60,-17,9
60,-17,9
60,-17,9
60,-17,9
60,-16,9
60,-17,9
60,-17,9
60,-17,9
60,-17,9
60,-17,9
60,-17,10
60,-17,9
60,-17,9
60,-17,9
60,-17,9
60,-17,9
60,-16,9
60,-17,9
60,-17,9
60,-17,9
60,-17,9
60,-17,9
60,-17,9
60,-17,9
60,-17,9
60,-16,9
60,-17,9
60,-16,9
60,-16,9
60,-17,9
60,-16,9
60,-16,9
60,-17,9
60,-17,9
60,-16,9
60,-16,9
60,-17,9
60,-17,9
60,-17,9
60,-17,9
60,-16,9
60,-16,9
60,-16,9
60,-16,9
60,-16,9
60,-16,9
60,-16,9
60,-16,9
60,-16,9
60,-17,9
60,-16,9
60,-17,9
60,-16,9
60,-16,9
60,-17,9
60,-17,10
60,-17,9
60,-16,9
60,-16,9
60,-16,9
60,-17,9
60,-17,9
60,-17,9
60,-16,9
60,-17,9
60,-17,9
59,-16,9
60,-17,9
60,-16,9
60,-17,9
60,-17,9
60,-16,9
60,-17,9
60,-17,9
60,-16,9
60,-16,9
60,-17,9
60,-17,9
60,-17,9
60,-17,9
60,-17,9
60,-17,9
60,-17,9
59,-17,9
60,-17,9
60,-17,9
59,-17,9
60,-17,9
60,-17,9
60,-17,9
60,-17,9
60,-17,9
60,-17,9
60,-17,9
60,-17,9
60,-17,9
59,-17,9
60,-17,9
60,-17,9
60,-17,9
60,-17,9
60,-18,9
60,-17,8
60,-17,8
60,-17,9
60,-18,9
59,-18,9
60,-17,9
60,-17,8
60,-18,8
60,-18,9
59,-18,9
60,-18,8
59,-18,9
59,-18,8
59,-18,9
60,-18,9
59,-18,8
59,-18,8
60,-18,8
60,-18,8
60,-18,9
59,-17,9
59,-17,9
60,-17,8
60,-18,8
60,-18,8
59,-18,8
60,-18,8
60,-18,9
60,-18,9
59,-18,9
60,-18,9
60,-18,9
60,-18,8
60,-18,8
60,-18,8
60,-18,8
59,-17,9
60,-17,9
60,-17,9
60,-17,8
60,-18,8
59,-18,8
60,-18,8
59,-17,9
59,-17,8
60,-17,8
60,-18,9
59,-17,8
60,-17,8
60,-18,8
60,-18,8
60,-17,9
60,-17,9
59,-17,9
59,-18,9
60,-18,9
60,-17,8
60,-17,9
59,-17,8
60,-17,8
60,-17,9
60,-17,8
59,-17,8
60,-17,8
60,-18,9
60,-18,8
59,-17,9
60,-17,8
60,-17,8
60,-17,9
59,-17,8
60,-17,8
60,-18,8
59,-17,9
60,-17,8
60,-17,8
60,-18,8
59,-17,8
60,-17,9
60,-17,8
60,-17,8
60,-18,8
60,-17,8
59,-17,8
60,-17,8
60,-17,8
60,-17,8
60,-17,8
60,-17,8
60,-17,8
60,-17,8
60,-17,9
60,-17,9
60,-17,8
60,-17,8
60,-18,8
60,-17,9
60,-17,8
60,-17,8
60,-18,9
59,-17,8
59,-17,8
60,-17,9
60,-17,8
60,-17,8
60,-17,8
60,-17,9
60,-17,8
60,-17,9
60,-17,8
60,-17,8
60,-17,8
60,-17,8
60,-17,9
60,-17,8
60,-17,8
61,-17,9
58,-17,8
61,-16,7
59,-16,8
61,-17,9
60,-17,8
58,-15,7
60,-15,8
59,-14,7
55,-14,4
64,-14,3
70,-14,5
61,-13,5
60,-15,5
63,-15,6
60,-18,9
60,-19,10
59,-20,13
55,-21,13
54,-21,17
55,-22,18
55,-23,18
57,-22,18
54,-23,19
54,-22,19
54,-23,20
56,-23,20
54,-24,20
54,-24,20
53,-24,20
54,-24,20
55,-23,20
55,-23,20
55,-23,20
55,-24,20
54,-24,20
54,-24,20
54,-24,20
54,-24,20
55,-24,20
55,-24,20
55,-23,20
54,-23,20
55,-24,20
55,-23,20
54,-23,20
55,-23,20
55,-23,20
54,-24,20
55,-24,20
55,-23,20
55,-23,20
54,-23,20
55,-23,20
55,-23,20
54,-23,20
55,-23,20
55,-23,20
54,-23,20
55,-23,20
55,-23,20
54,-23,20
55,-23,20
56,-23,20
54,-22,20
55,-21,20
55,-22,20
55,-23,20
55,-23,20
54,-23,21
55,-23,21
54,-23,21
53,-24,22
54,-25,22
53,-25,22
52,-25,23
53,-26,23
53,-26,23
52,-26,24
52,-27,25
51,-27,24
50,-27,25
52,-26,24
53,-26,24
52,-26,24
52,-26,24
51,-26,24
51,-26,24
51,-27,25
51,-27,24
51,-27,24
51,-26,25
52,-26,24
52,-26,24
51,-26,24
52,-26,24
52,-27,24
51,-27,24
51,-27,24
52,-27,24
51,-27,24
52,-27,24
52,-26,24
51,-26,24
51,-26,24
52,-26,24
52,-26,24
52,-26,24
51,-26,24
51,-26,24
51,-27,24
51,-27,24
52,-27,24
51,-26,24
51,-26,24
52,-26,24
51,-26,24
51,-26,24
52,-26,24
52,-26,24
52,-27,24
51,-27,24
52,-27,24
52,-26,24
52,-27,24
52,-26,24
51,-26,24
52,-26,24
51,-26,24
51,-26,24
52,-26,24
52,-27,24
52,-27,24
51,-26,24
52,-27,24
52,-27,24
51,-26,24
52,-27,24
52,-26,24
52,-26,24
51,-26,24
52,-27,24
52,-26,24
52,-26,24
52,-27,24
52,-26,24
52,-26,24
51,-26,24
52,-26,24
52,-26,24
51,-26,24
52,-26,24
52,-26,24
52,-26,24
52,-26,24
52,-26,24
52,-27,24
51,-26,24
51,-26,24
52,-26,24
52,-26,24
52,-26,24
52,-26,24
52,-26,23
51,-27,24
52,-26,24
52,-26,24
51,-26,24
52,-26,24
52,-26,24
52,-26,24
51,-26,23
52,-26,24
52,-26,24
52,-26,24
51,-26,24
52,-26,23
52,-26,24
52,-27,24
52,-26,24
51,-26,24
52,-26,24
52,-26,24
52,-26,24
52,-26,24
52,-26,24
52,-26,23
52,-26,23
52,-27,24
52,-27,24
52,-26,24
52,-26,24
51,-27,24
51,-27,24
51,-27,24
52,-26,24
52,-27,23
51,-27,24
52,-27,24
52,-26,24
52,-26,24
51,-27,24
51,-27,24
52,-27,24
51,-27,24
52,-27,24
51,-27,24
52,-27,24
51,-27,24
52,-27,24
51,-27,24
51,-27,24
52,-27,24
52,-27,24
51,-27,24
52,-27,24
52,-27,24
52,-27,24
52,-27,24
51,-27,24
51,-27,24
51,-27,24
51,-27,24
51,-27,24
52,-27,24
51,-27,24
51,-27,24
52,-27,24
51,-27,24
51,-27,24
51,-27,24
51,-27,24
51,-27,24
51,-27,24
52,-27,24
51,-27,24
52,-27,24
51,-27,24
52,-27,24
51,-27,24
51,-27,24
51,-27,24
52,-27,24
51,-27,24
52,-26,24
52,-27,24
51,-26,24
51,-26,24
52,-27,24
52,-26,24
52,-26,24
52,-27,24
52,-27,24
52,-26,23
52,-26,24
52,-26,24
52,-26,23
51,-27,24
52,-27,24
52,-26,24
52,-26,24
52,-26,24
52,-26,24
52,-26,23
52,-26,24
52,-26,24
52,-26,24
52,-27,23
51,-27,24
52,-26,24
52,-26,24
52,-27,24
51,-26,24
52,-26,23
52,-26,23
52,-26,24
52,-26,24
52,-26,23
52,-27,24
52,-27,24
52,-26,24
52,-27,24
52,-26,23
52,-26,23
52,-27,24
51,-26,24
52,-27,24
52,-26,24
52,-27,23
52,-27,24
52,-27,24
52,-27,24
52,-26,24
52,-26,24
51,-26,23
52,-26,24
52,-26,24
52,-26,24
52,-26,24
51,-26,24
52,-27,24
52,-27,24
51,-26,24
52,-26,24
52,-26,24
52,-27,24
51,-27,24
51,-27,24
52,-27,24
51,-27,24
51,-27,24
52,-27,24
51,-27,24
51,-27,24
51,-27,24
52,-27,24
51,-27,24
51,-27,24
52,-27,24
51,-27,24
51,-27,24
51,-27,24
51,-27,24
52,-27,24
52,-27,24
51,-27,24
51,-27,24
52,-26,24
52,-26,24
51,-26,24
52,-27,24
52,-27,24
51,-27,24
52,-27,24
51,-27,24
51,-27,24
52,-26,24
52,-27,24
51,-27,24
51,-27,24
52,-27,24
52,-27,24
52,-27,24
51,-27,24
51,-27,24
52,-27,24
51,-27,23
51,-26,24
52,-27,24
51,-27,24
52,-27,24
52,-27,24
51,-27,24
51,-27,24
52,-26,24
52,-26,24
52,-27,24
52,-27,24
52,-26,24
51,-26,24
51,-26,25
47,-27,26
52,-27,25
52,-27,25
50,-26,25
52,-27,25
51,-27,25
50,-27,25
51,-27,25
51,-27,25
51,-27,25
51,-26,25
51,-27,25
51,-27,25
51,-27,25
51,-27,25
51,-27,25
51,-27,25
51,-27,25
51,-27,25
50,-27,25
51,-27,25
52,-27,25
50,-27,25
51,-27,25
51,-26,26
51,-27,25
51,-27,25
50,-27,25
51,-27,25
51,-27,25
51,-27,25
51,-27,25
51,-27,25
51,-27,25
51,-27,25
51,-27,25
51,-27,25
51,-26,25
51,-26,25
51,-27,25
50,-27,25
51,-26,25
51,-27,25
51,-27,25
51,-27,25
51,-27,25
51,-26,25
51,-27,25
51,-27,25
51,-27,25
51,-27,25
51,-27,25
51,-27,25
51,-26,25
51,-27,25
50,-27,25
51,-27,25
51,-26,25
51,-26,25
51,-27,25
51,-26,25
51,-26,25
51,-27,25
51,-27,25
51,-27,25
51,-27,25
51,-27,25
51,-27,25
51,-27,25
51,-27,25
51,-27,25
51,-27,25
51,-26,25
51,-26,25
51,-27,25
50,-27,25
51,-27,25
51,-27,25
51,-27,25
51,-27,25
51,-26,25
51,-27,25
51,-27,25
51,-26,25
51,-26,25
51,-27,25
51,-27,25
51,-27,25
51,-27,25
51,-27,25
51,-27,25
51,-27,25
51,-27,25
51,-27,25
51,-26,25
51,-27,25
51,-27,25
50,-27,25
51,-27,25
51,-27,25
50,-27,25
51,-26,25
51,-27,25
51,-27,25
51,-26,25
51,-26,25
51,-27,25
51,-27,25
51,-27,25
51,-27,25
51,-27,25
51,-27,25
51,-27,25
52,-27,25
51,-26,25
51,-27,25
51,-27,25
51,-26,25
51,-26,25
51,-27,25
51,-27,25
52,-26,25
51,-26,25
51,-27,25
51,-26,25
51,-26,25
51,-27,25
51,-26,25
51,-27,25
51,-27,25
51,-27,25
51,-26,25
51,-27,25
51,-27,25
51,-26,25
51,-26,25
51,-26,25
51,-26,25
51,-26,25
52,-26,25
51,-27,25
51,-26,25
51,-27,25
51,-27,25
51,-27,25
51,-26,25
51,-26,25
51,-26,25
51,-27,25
51,-26,25
51,-27,25
51,-26,25
51,-26,25
51,-27,25
51,-27,25
51,-27,25
51,-26,25
51,-27,25
51,-26,25
51,-26,25
51,-27,25
51,-26,25
51,-26,25
51,-26,25
51,-27,25
51,-27,25
51,-27,25
51,-26,25
51,-27,25
51,-26,25
51,-26,25
51,-26,25
51,-26,25
51,-26,25
51,-26,25
51,-27,25
51,-27,25
51,-26,25
51,-26,25
51,-27,25
51,-26,25
51,-26,25
51,-27,25
51,-27,25
51,-27,25
51,-27,25
52,-26,24
51,-27,25
51,-26,25
51,-27,25
51,-26,25
51,-26,25
51,-27,25
51,-27,25
51,-26,25
51,-26,25
51,-27,25
51,-27,25
51,-27,25
51,-27,25
51,-26,25
51,-26,25
51,-26,25
51,-26,25
51,-27,25
51,-26,25
51,-26,25
51,-26,25
51,-27,25
51,-26,25
51,-26,25
51,-26,25
51,-27,25
51,-27,25
51,-27,25
51,-26,25
51,-26,25
51,-26,25
51,-27,25
51,-26,25
51,-27,25
51,-27,25
51,-27,25
51,-27,25
51,-26,25
51,-27,25
51,-27,25
51,-27,25
51,-26,25
51,-27,25
51,-27,25
51,-27,25
51,-27,25
51,-27,25
51,-26,25
51,-26,25
51,-27,25
51,-26,25
51,-27,25
51,-26,25
51,-26,25
51,-27,25
51,-27,25
51,-27,25
51,-26,25
51,-27,25
51,-26,25
51,-26,25
51,-27,25
51,-27,25
51,-27,25
51,-27,25
51,-26,25
51,-27,25
51,-27,25
51,-27,25
51,-26,25
51,-27,25
51,-26,25
51,-27,25
51,-26,25
51,-26,25
51,-27,25
51,-27,25
51,-27,25
51,-27,25
51,-26,25
51,-26,25
51,-26,25
51,-27,25
51,-26,25
51,-26,25
51,-27,25
51,-27,25
51,-27,25
51,-26,25
51,-27,25
51,-27,25
51,-27,25
51,-26,25
51,-27,25
51,-27,25
51,-27,25
51,-27,25
51,-27,25
51,-26,25
51,-27,25
51,-27,25
51,-27,25
51,-26,25
51,-26,25
51,-27,25
51,-27,25
51,-26,25
51,-26,25
51,-27,25
51,-27,25
51,-27,25
51,-27,25
51,-27,25
51,-27,25
51,-26,25
51,-27,25
51,-27,25
51,-27,25
51,-26,25
51,-27,25
51,-26,25
51,-26,25
51,-27,25
51,-27,25
51,-26,25
51,-26,25
51,-27,25
51,-27,25
51,-26,25
51,-27,25
51,-27,25
51,-27,25
52,-27,24
51,-27,25
51,-27,25
52,-26,25
52,-26,25
51,-27,25
51,-26,25
51,-26,25
51,-27,25
51,-27,25
51,-27,25
51,-27,25
51,-26,25
51,-27,25
51,-27,25
51,-26,25
51,-27,25
51,-26,25
51,-26,25
51,-26,25
51,-27,25
51,-26,25
51,-27,25
51,-27,25
51,-27,25
51,-26,25
51,-26,25
51,-26,25
51,-27,25
51,-26,25
51,-27,25
51,-27,25
51,-27,25
51,-27,25
51,-26,25
51,-27,25
51,-27,25
52,-26,25
51,-27,25
51,-26,25
51,-26,25
51,-27,25
51,-27,25
51,-27,25
51,-27,25
51,-26,25
51,-26,25
51,-26,25
51,-26,25
51,-26,25
51,-26,25
51,-27,25
51,-27,26
51,-27,25
51,-26,25
51,-26,25
52,-26,25
52,-25,25
52,-25,25
52,-25,25
52,-25,25
52,-25,25
52,-26,25
51,-25,25
51,-26,25
51,-26,25
51,-26,25
51,-26,25
52,-26,25
51,-26,25
51,-26,25
51,-26,25
51,-25,25
51,-25,25
51,-26,25
52,-26,25
51,-26,25
51,-26,25
51,-26,26
51,-26,26
50,-27,26
51,-26,26
51,-26,25
51,-27,25
51,-27,26
50,-27,26
52,-24,25
51,-25,25
51,-27,25
51,-26,25
52,-26,25
51,-26,25
51,-26,25
51,-27,26
51,-27,25
51,-27,26
50,-27,26
51,-27,26
50,-27,26
51,-26,25
51,-25,25
52,-25,25
52,-25,25
52,-27,26
51,-28,26
51,-27,26
50,-27,26
51,-27,25
51,-27,26
50,-26,26
49,-27,25
51,-28,25
51,-28,26
50,-28,25
50,-27,26
50,-27,26
50,-27,26
50,-28,25
50,-28,25
50,-28,25
51,-27,25
51,-27,25
51,-27,25
51,-27,26
50,-27,25
51,-27,25
51,-27,25
51,-28,25
50,-27,26
50,-27,26
51,-27,25
50,-28,25
50,-28,26
50,-27,25
51,-26,25
51,-27,25
51,-27,25
51,-27,25
50,-27,26
50,-27,25
51,-27,25
51,-27,25
50,-28,25
50,-28,25
50,-28,25
51,-27,25
51,-27,25
51,-27,25
50,-28,26
51,-27,25
51,-26,25
51,-27,25
51,-27,25
51,-26,25
51,-27,25
51,-27,25
51,-27,25
50,-27,25
51,-27,25
50,-28,25
50,-28,25
50,-27,25
50,-27,25
51,-28,25
51,-28,26
50,-27,25
50,-27,25
51,-27,25
51,-27,25
50,-27,26
50,-28,25
51,-28,25
51,-28,25
51,-28,25
50,-28,25
51,-28,25
51,-28,25
51,-26,25
51,-27,25
51,-27,25
51,-26,25
51,-26,25
51,-27,25
51,-27,25
50,-27,25
51,-27,25
51,-27,25
50,-27,25
51,-27,25
51,-26,25
51,-26,25
51,-26,25
51,-27,25
51,-27,25
51,-26,25
51,-26,25
51,-27,25
51,-28,25
51,-27,25
51,-26,25
51,-27,25
51,-27,25
51,-27,25
51,-27,25
51,-27,25
51,-27,25
51,-27,25
51,-27,25
51,-26,25
51,-26,25
51,-26,25
51,-26,25
51,-26,25
51,-26,25
51,-26,25
51,-27,25
51,-27,25
51,-26,25
51,-26,25
51,-26,25
51,-26,25
51,-26,25
51,-26,25
51,-27,25
51,-26,25
51,-27,25
51,-26,25
51,-26,25
51,-26,25
51,-26,25
52,-25,25
51,-26,25
51,-26,25
50,-27,26
50,-27,25
51,-28,26
50,-28,25
50,-28,26
50,-28,27
49,-28,26
50,-28,26
50,-28,26
50,-27,26
50,-27,26
50,-28,27
50,-28,26
49,-29,26
49,-29,27
49,-29,26
49,-28,27
50,-28,26
50,-28,26
49,-28,26
50,-28,26
50,-28,26
50,-28,26
49,-28,27
49,-29,27
50,-28,26
49,-28,26
50,-28,26
50,-28,26
49,-28,26
50,-28,27
49,-28,26
50,-28,26
49,-29,27
49,-28,27
49,-29,27
50,-28,26
50,-28,27
49,-28,26
49,-28,26
49,-28,27
50,-28,26
49,-28,27
49,-28,26
49,-28,27
50,-28,27
49,-28,27
49,-28,26
50,-28,27
49,-28,26
50,-28,27
49,-28,26
50,-28,26
49,-28,26
49,-28,26
50,-28,26
50,-28,26
49,-28,26
50,-28,26
50,-28,26
49,-28,26
49,-28,26
50,-28,26
50,-28,26
49,-28,26
50,-28,26
50,-28,26
50,-28,26
49,-28,26
50,-28,26
50,-28,26
50,-28,26
50,-28,26
49,-28,26
50,-28,26
49,-28,26
50,-28,26
50,-28,26
50,-28,26
50,-28,26
50,-28,26
50,-28,26
49,-28,26
50,-28,26
50,-28,26
49,-28,26
50,-28,26
49,-28,26
50,-28,26
50,-28,26
50,-28,26
50,-28,26
50,-28,26
50,-28,26
50,-28,26
50,-28,26
50,-28,26
49,-28,26
50,-28,26
50,-28,26
50,-28,26
50,-28,26
50,-28,26
50,-28,26
49,-28,26
49,-28,26
50,-28,26
50,-28,26
49,-28,26
50,-28,26
50,-28,26
49,-28,26
50,-28,26
50,-28,26
50,-28,26
50,-28,26
50,-28,26
50,-28,26
49,-28,26
49,-28,26
49,-28,26
50,-28,26
50,-28,26
50,-28,26
50,-28,26
50,-28,26
50,-28,26
49,-28,26
50,-28,26
49,-28,26
49,-28,26
49,-28,26
50,-28,26
50,-28,26
49,-28,26
49,-28,26
50,-28,26
50,-28,26
49,-28,26
50,-28,26
50,-28,26
50,-28,26
50,-28,26
49,-28,26
50,-28,26
50,-28,26
49,-28,27
50,-28,26
50,-28,26
50,-28,26
50,-28,26
50,-28,26
50,-28,26
50,-28,26
50,-28,26
50,-28,26
50,-28,26
50,-28,26
49,-28,26
50,-28,26
50,-28,26
49,-28,26
50,-28,26
49,-28,26
50,-28,26
50,-28,26
50,-28,26
50,-28,26
50,-28,26
49,-28,26
50,-28,26
49,-28,26
50,-28,26
50,-28,26
50,-28,26
49,-28,26
50,-28,26
50,-28,26
50,-28,26
50,-28,26
50,-28,26
50,-28,26
50,-28,26
49,-28,26
50,-28,26
50,-28,26
50,-28,26
50,-28,26
50,-28,26
50,-28,26
50,-28,26
49,-28,26
50,-28,26
50,-28,26
49,-28,26
50,-28,26
50,-28,26
50,-28,26
50,-28,26
50,-28,26
50,-28,26
50,-28,26
49,-28,26
50,-28,26
50,-28,26
49,-28,26
50,-28,26
50,-28,26
50,-28,26
50,-28,26
50,-28,26
50,-28,26
50,-28,26
50,-28,26
50,-28,26
50,-28,26
50,-28,26
50,-28,26
49,-28,26
50,-28,26
50,-28,26
50,-28,26
50,-28,26
50,-28,26
49,-28,26
50,-28,26
50,-28,26
49,-28,26
50,-28,26
50,-28,26
50,-28,26
49,-28,26
50,-28,26
50,-28,26
49,-28,26
50,-28,26
50,-28,26
50,-28,26
50,-28,26
50,-28,26
50,-28,26
50,-28,26
50,-28,26
50,-28,26
50,-28,26
50,-28,26
50,-28,26
50,-28,26
50,-28,26
50,-28,26
50,-28,26
50,-28,26
50,-28,26
50,-28,26
50,-28,26
50,-28,26
50,-28,26
50,-28,26
50,-28,26
50,-28,26
50,-28,26
50,-28,26
50,-28,26
50,-28,26
50,-28,26
50,-28,26
50,-28,26
50,-28,26
50,-28,26
50,-28,26
50,-28,26
50,-28,26
50,-28,26
50,-28,26
50,-28,26
50,-28,26
50,-28,26
50,-28,26
50,-28,26
50,-28,26
50,-28,26
50,-28,26
50,-28,26
50,-28,26
50,-28,26
50,-28,26
50,-28,26
50,-28,26
50,-28,26
50,-28,26
50,-28,26
50,-28,26
50,-28,26
50,-28,26
49,-28,26
49,-28,26
50,-28,26
50,-28,26
50,-28,26
50,-28,26
50,-28,26
50,-28,26
50,-28,26
50,-28,26
50,-28,26
50,-28,26
50,-28,26
50,-28,26
50,-28,26
50,-28,26
50,-28,26
50,-28,26
50,-28,26
50,-28,26
50,-28,26
50,-28,26
50,-28,26
50,-28,26
50,-28,26
50,-28,26
50,-28,26
50,-28,26
49,-28,26
50,-28,26
50,-28,26
50,-28,26
49,-28,26
50,-28,26
50,-28,26
50,-28,26
50,-28,26
50,-28,26
50,-28,26
50,-28,26
50,-28,26
50,-28,26
50,-28,26
50,-28,26
50,-28,26
50,-28,26
50,-28,26
50,-28,26
50,-28,26
50,-28,26
50,-28,26
50,-28,26
50,-28,26
50,-28,26
50,-28,26
50,-28,26
50,-28,26
50,-28,26
50,-28,26
50,-28,26
50,-28,26
49,-28,26
50,-28,26
50,-28,26
50,-28,26
50,-28,26
50,-28,26
50,-27,26
50,-27,26
50,-28,26
50,-28,26
50,-28,25
50,-28,25
50,-28,26
50,-28,26
50,-28,26
50,-28,26
50,-28,26
50,-28,26
50,-28,26
50,-28,26
50,-28,26
50,-28,26
50,-28,26
50,-28,26
50,-28,26
50,-28,26
50,-28,26
50,-28,26
50,-28,26
50,-28,26
50,-28,26
50,-28,26
50,-28,26
50,-28,26
50,-28,26
50,-28,26
50,-28,26
50,-28,26
50,-28,26
50,-28,26
50,-28,26
50,-28,26
50,-28,26
50,-28,26
50,-28,26
50,-28,26
50,-28,26
50,-28,26
50,-28,26
50,-28,26
50,-28,26
50,-28,26
50,-28,26
50,-28,26
50,-28,26
50,-28,26
50,-28,26
50,-28,26
50,-28,26
50,-28,26
50,-28,26
50,-28,26
50,-28,26
50,-28,26
50,-28,26
50,-28,26
50,-28,26
50,-28,26
50,-28,26
50,-28,26
50,-28,26
50,-28,26
50,-28,26
50,-28,26
50,-28,26
50,-28,26
50,-28,26
50,-28,26
50,-28,26
50,-28,26
50,-28,26
50,-28,26
50,-28,26
50,-28,26
50,-28,26
50,-28,26
50,-28,26
50,-28,26
50,-28,26
50,-28,26
50,-28,26
50,-28,26
50,-28,26
50,-28,26
50,-28,26
50,-28,26
50,-28,26
50,-28,26
50,-28,26
50,-28,26
50,-28,26
50,-28,26
50,-28,26
50,-28,26
50,-28,26
50,-28,26
50,-28,26
50,-28,26
50,-28,26
50,-28,26
49,-28,26
50,-28,26
50,-28,26
50,-28,26
50,-28,26
50,-28,26
50,-28,26
50,-28,26
50,-28,26
49,-28,26
50,-28,26
50,-28,26
49,-28,26
50,-28,26
50,-28,26
50,-28,26
50,-28,26
50,-28,26
50,-28,26
50,-28,26
50,-28,26
50,-28,26
50,-28,26
50,-28,26
50,-28,26
50,-28,26
50,-28,26
50,-28,26
50,-28,26
50,-28,26
50,-28,26
50,-28,26
50,-28,26
50,-28,26
50,-28,26
50,-28,26
50,-28,26
50,-28,26
50,-28,26
50,-28,26
50,-28,26
50,-28,26
50,-28,26
50,-27,26
50,-28,26
50,-28,26
49,-28,26
50,-28,26
50,-28,26
50,-28,26
50,-28,26
50,-28,26
50,-28,26
50,-28,26
50,-28,26
50,-28,26
50,-28,26
50,-28,26
50,-28,26
50,-28,26
50,-28,26
50,-28,26
50,-28,26
50,-28,26
50,-28,26
50,-28,26
50,-28,26
50,-28,26
50,-28,26
50,-28,26
50,-28,26
50,-28,26
50,-28,26
50,-28,26
50,-28,26
50,-28,26
50,-28,26
50,-28,26
50,-28,26
50,-28,26
50,-28,26
50,-28,26
50,-28,26
50,-28,26
50,-28,26
50,-28,26
50,-28,26
50,-28,26
50,-28,26
50,-28,26
50,-28,26
50,-28,26
50,-28,26
50,-28,26
50,-28,26
50,-28,26
50,-28,26
50,-28,26
50,-28,26
50,-28,26
50,-28,26
50,-28,26
50,-28,26
50,-28,26
50,-28,26
50,-28,26
50,-28,26
50,-28,26
50,-28,26
50,-28,26
50,-28,26
50,-28,26
50,-28,26
50,-28,26
50,-28,26
50,-28,26
50,-28,26
50,-28,26
50,-28,26
50,-28,26
50,-28,26
50,-28,26
50,-28,26
50,-28,26
50,-28,26
50,-28,26
50,-28,26
50,-28,26
50,-28,26
50,-28,26
50,-28,26
50,-28,26
50,-28,26
50,-28,26
50,-28,26
50,-28,26
50,-28,26
50,-28,26
50,-28,26
49,-28,26
50,-28,26
50,-28,26
50,-28,26
50,-28,26
50,-28,26
50,-28,26
50,-28,26
50,-28,26
50,-28,26
50,-28,26
50,-28,26
50,-28,26
50,-28,26
50,-28,26
50,-28,26
50,-28,26
50,-28,26
50,-28,26
50,-28,26
50,-28,26
50,-28,26
50,-28,26
50,-28,26
50,-28,26
50,-28,26
50,-28,26
50,-28,26
50,-28,26
51,-28,26
50,-28,26
50,-28,26
50,-28,26
50,-28,26
50,-28,26
50,-28,26
50,-28,26
50,-28,26
50,-28,26
50,-28,26
50,-28,26
50,-28,26
50,-28,26
50,-28,26
50,-28,26
50,-28,26
50,-28,26
50,-28,26
50,-28,26
50,-28,26
50,-28,26
50,-28,26
50,-28,26
50,-28,26
50,-28,26
50,-28,26
50,-28,26
50,-28,26
50,-28,26
50,-28,26
50,-28,26
50,-28,26
50,-28,26
50,-28,26
50,-28,26
50,-28,26
50,-28,26
50,-28,26
50,-28,26
50,-28,26
50,-28,26
50,-28,26
50,-28,26
50,-28,26
50,-28,26
50,-28,26
50,-28,26
50,-28,26
50,-28,26
50,-28,26
50,-28,26
49,-28,26
50,-28,26
50,-28,26
50,-28,26
50,-28,26
50,-28,26
50,-28,26
50,-28,26
50,-28,26
50,-28,26
50,-28,26
50,-28,26
49,-28,26
50,-28,26
50,-28,26
50,-28,26
49,-28,26
50,-28,26
50,-28,26
50,-28,26
49,-28,26
50,-28,26
50,-28,26
50,-28,26
50,-28,26
50,-28,26
50,-28,26
50,-28,26
50,-28,26
50,-28,26
50,-28,26
50,-28,26
50,-28,26
50,-28,26
50,-28,26
50,-28,26
50,-28,26
50,-28,26
50,-28,26
50,-28,26
50,-28,26
50,-28,26
50,-28,26
50,-28,26
50,-28,26
50,-28,26
50,-28,26
50,-28,26
50,-28,26
50,-28,26
50,-28,26
50,-28,26
50,-28,26
50,-28,26
50,-28,26
50,-28,26
50,-28,26
50,-28,26
50,-28,26
50,-28,26
50,-28,26
50,-28,26
50,-28,26
50,-28,26
50,-28,26
50,-28,26
50,-28,26
50,-28,26
50,-28,26
50,-28,26
50,-28,26
50,-28,26
50,-28,26
50,-28,26
50,-28,26
50,-28,26
50,-28,26
50,-28,26
50,-28,26
50,-28,26
50,-28,26
50,-28,26
50,-28,26
50,-28,26
50,-28,26
50,-28,26
50,-28,26
50,-28,26
50,-28,26
50,-28,26
50,-28,26
50,-28,26
50,-28,26
50,-28,26
50,-28,26
50,-28,26
50,-28,26
50,-28,26
50,-28,26
50,-28,26
50,-28,26
50,-28,26
50,-28,26
50,-28,26
50,-28,26
50,-28,26
50,-28,26
50,-28,26
50,-28,26
50,-28,26
50,-28,26
50,-28,26
50,-28,26
50,-28,26
50,-28,26
50,-28,26
50,-28,26
50,-28,26
50,-28,26
50,-28,26
50,-28,26
50,-28,26
50,-28,26
50,-28,26
50,-28,26
50,-28,26
50,-28,26
50,-28,26
50,-28,26
50,-28,26
50,-28,26
50,-28,26
50,-28,26
50,-28,26
50,-28,26
50,-28,26
50,-28,26
50,-28,26
50,-28,26
50,-28,26
50,-28,26
50,-28,26
50,-28,26
50,-28,26
50,-28,26
50,-28,26
50,-28,26
50,-28,26
50,-28,26
50,-28,26
50,-28,26
50,-28,26
50,-28,26
50,-28,26
50,-28,26
50,-28,26
50,-28,26
50,-28,26
50,-28,26
50,-28,26
50,-28,26
50,-28,26
50,-28,26
50,-28,26
50,-28,26
50,-28,26
50,-28,26
50,-28,26
50,-28,26
50,-28,26
50,-28,26
50,-28,26
50,-28,26
50,-28,26
50,-28,26
50,-28,26
50,-28,26
50,-28,26
50,-28,26
50,-28,26
50,-28,26
50,-28,26
50,-28,26
50,-28,26
50,-28,26
50,-28,26
50,-28,26
50,-28,26
50,-28,26
50,-28,26
50,-28,26
50,-28,26
50,-28,26
50,-28,26
50,-28,26
50,-28,26
50,-28,26
50,-28,26
50,-28,26
50,-28,26
49,-28,26
50,-28,26
50,-28,26
50,-28,26
50,-28,26
50,-28,26
50,-28,26
50,-28,26
50,-28,26
50,-28,26
50,-28,26
50,-28,26
50,-28,26
50,-28,26
50,-28,26
50,-28,26
50,-28,26
50,-28,26
50,-28,26
50,-28,26
50,-28,26
50,-28,26
50,-28,26
50,-28,26
50,-28,26
50,-28,26
50,-28,26
50,-28,26
51,-28,26
50,-28,26
50,-28,26
50,-28,26
50,-28,26
50,-28,26
50,-28,26
50,-28,26
50,-28,26
50,-28,26
50,-28,26
50,-28,26
50,-28,26
50,-28,26
50,-28,26
50,-28,26
50,-28,26
50,-28,26
50,-28,26
50,-28,26
50,-28,26
50,-28,26
50,-28,26
50,-28,26
50,-28,26
50,-28,26
50,-28,26
50,-28,26
50,-28,26
50,-28,26
50,-28,26
50,-28,26
50,-28,26
50,-28,26
50,-28,26
50,-28,26
50,-28,26
50,-28,26
50,-28,26
50,-28,26
50,-28,26
50,-28,26
50,-28,26
50,-28,26
50,-28,26
50,-28,26
50,-28,26
50,-28,26
50,-28,26
50,-28,26
50,-28,25
50,-28,26
49,-28,26
50,-28,26
50,-28,26
50,-28,25
50,-28,26
50,-29,26
50,-29,26
49,-29,26
49,-29,26
49,-28,26
49,-29,26
49,-29,26
50,-29,26
49,-29,26
49,-29,26
49,-29,26
49,-28,26
49,-29,26
49,-28,26
49,-28,27
49,-29,26
50,-29,26
49,-29,26
48,-30,26
48,-30,27
48,-30,27
48,-30,27
48,-30,27
48,-30,26
49,-30,26
49,-29,26
49,-29,26
49,-29,27
48,-29,27
48,-29,27
48,-30,27
48,-30,27
48,-30,26
48,-30,27
48,-30,27
49,-29,27
49,-29,27
48,-30,27
48,-30,27
49,-29,27
49,-29,27
49,-29,27
48,-29,27
48,-29,27
49,-29,27
49,-29,27
48,-30,27
48,-30,26
49,-29,27
49,-29,27
48,-29,27
49,-29,27
49,-30,26
48,-29,26
49,-29,27
49,-29,27
49,-29,27
48,-29,26
49,-29,26
49,-29,26
49,-29,27
48,-29,26
49,-29,27
49,-30,26
48,-30,27
48,-29,27
49,-30,27
48,-30,27
48,-29,27
49,-29,27
49,-29,27
49,-29,26
49,-30,27
48,-29,27
48,-29,27
48,-29,27
49,-30,27
48,-30,27
48,-30,27
49,-29,27
49,-29,27
49,-29,26
49,-29,27
49,-30,27
49,-29,27
48,-29,27
48,-29,26
49,-29,27
49,-29,27
48,-30,27
48,-29,27
49,-29,27
49,-30,27
48,-29,26
48,-29,27
49,-29,27
49,-29,27
48,-30,27
48,-29,27
48,-29,27
49,-29,27
49,-30,26
48,-30,27
48,-29,27
49,-29,27
48,-29,27
48,-30,27
48,-30,27
48,-30,27
48,-30,27
48,-29,27
48,-29,27
48,-30,27
48,-29,27
48,-30,27
48,-30,27
48,-30,27
48,-30,27
48,-30,27
48,-30,27
48,-30,27
48,-30,27
48,-30,27
48,-30,27
48,-30,27
48,-29,27
48,-30,27
48,-30,27
48,-30,27
48,-30,27
48,-30,27
48,-30,27
49,-29,27
48,-30,27
48,-30,27
48,-29,27
49,-29,27
48,-30,27
48,-30,27
48,-30,27
48,-30,27
48,-29,27
48,-30,27
49,-30,27
48,-29,27
48,-29,27
48,-29,27
49,-29,26
48,-29,27
48,-29,27
48,-29,27
49,-29,27
48,-30,27
49,-29,27
49,-30,27
48,-29,27
49,-30,27
48,-29,27
49,-29,26
49,-29,26
48,-30,27
48,-30,27
48,-29,27
49,-29,27
48,-29,26
48,-30,27
49,-29,27
49,-29,27
48,-29,27
48,-30,27
49,-30,27
49,-30,27
48,-29,27
49,-29,27
49,-29,27
49,-29,27
48,-29,27
48,-29,27
48,-29,27
48,-29,27
49,-29,27
48,-29,27
49,-29,27
49,-29,27
49,-29,27
49,-29,26
49,-29,27
48,-29,27
48,-29,26
49,-29,27
49,-29,26
49,-30,26
49,-30,27
49,-29,27
48,-29,27
49,-29,27
49,-29,27
48,-29,27
48,-29,27
48,-29,27
49,-29,27
49,-30,27
49,-30,27
48,-29,27
49,-29,27
48,-29,27
49,-29,27
49,-30,27
48,-29,27
48,-29,27
48,-30,27
48,-29,27
48,-29,27
48,-29,27
48,-29,27
48,-30,27
48,-29,27
48,-30,27
48,-30,27
49,-30,27
48,-30,27
48,-29,27
49,-29,27
48,-30,27
48,-30,27
48,-29,27
49,-29,27
49,-29,27
48,-30,27
48,-29,27
49,-29,27
49,-29,27
48,-30,27
48,-30,27
49,-29,27
48,-30,27
48,-30,27
48,-29,27
49,-29,27
49,-29,27
48,-30,27
49,-29,27
48,-30,27
49,-30,27
48,-29,27
48,-29,27
49,-29,27
48,-29,27
48,-29,27
49,-29,27
49,-29,27
48,-29,27
48,-29,26
49,-30,27
48,-29,27
48,-29,27
48,-29,27
49,-29,26
49,-30,27
49,-29,27
48,-30,27
49,-29,27
49,-29,27
48,-30,27
49,-29,27
48,-29,27
49,-29,27
49,-29,27
48,-29,27
49,-29,27
49,-29,27
49,-29,27
49,-29,26
49,-29,27
48,-29,27
49,-29,27
48,-29,27
48,-29,27
49,-29,27
48,-29,26
49,-29,26
49,-29,27
49,-29,27
48,-29,27
49,-29,27
49,-29,27
48,-30,27
48,-30,26
49,-29,27
49,-29,26
48,-29,27
48,-29,27
49,-29,27
48,-29,27
49,-29,27
48,-29,27
49,-29,27
48,-29,27
49,-29,27
49,-29,27
49,-29,27
49,-30,27
48,-29,27
48,-29,27
49,-29,27
49,-30,27
48,-29,27
48,-29,27
49,-29,27
48,-30,27
48,-30,27
49,-30,27
49,-30,27
48,-30,27
48,-30,27
49,-29,27
49,-30,27
48,-30,27
48,-30,27
48,-30,27
49,-29,27
48,-29,27
48,-30,27
48,-29,27
48,-29,27
49,-29,27
49,-30,27
49,-30,27
48,-29,27
49,-30,27
48,-30,27
49,-29,27
48,-29,27
48,-29,27
49,-29,27
48,-29,27
48,-29,27
48,-29,27
48,-29,27
49,-30,27
49,-29,27
48,-29,27
48,-29,27
48,-29,27
49,-30,27
48,-30,27
49,-29,27
49,-30,27
48,-30,27
48,-29,27
48,-29,27
49,-29,27
48,-30,26
48,-30,27
49,-29,27
48,-29,27
49,-30,27
48,-29,27
48,-30,27
48,-29,27
48,-29,27
49,-29,26
48,-29,26
49,-29,27
48,-30,27
48,-29,27
48,-29,27
48,-29,27
48,-29,27
49,-29,27
49,-29,27
48,-29,27
48,-29,27
49,-30,27
48,-30,27
48,-29,27
49,-29,27
48,-29,27
49,-29,27
48,-30,27
48,-30,27
48,-29,27
49,-29,27
49,-30,27
48,-30,27
49,-29,27
49,-29,27
48,-29,27
48,-30,27
49,-30,27
48,-30,27
48,-30,27
48,-29,27
49,-29,27
48,-29,27
49,-29,27
49,-30,27
48,-30,27
48,-29,27
49,-29,27
48,-30,27
48,-29,26
49,-29,27
49,-30,27
48,-29,27
48,-29,27
49,-29,27
48,-29,26
48,-29,27
49,-29,27
49,-30,26
48,-29,27
49,-30,27
49,-29,27
48,-29,26
49,-29,27
49,-29,26
49,-29,27
48,-29,27
49,-29,27
49,-29,26
48,-29,27
48,-29,26
49,-29,27
49,-29,27
49,-29,27
49,-29,27
49,-29,26
48,-29,27
49,-29,27
49,-29,27
49,-29,27
48,-29,27
49,-29,26
49,-29,26
49,-29,27
48,-29,27
48,-29,27
49,-29,27
48,-29,27
48,-29,27
49,-29,27
48,-29,27
48,-29,27
49,-29,27
49,-29,27
48,-29,27
48,-29,27
49,-29,27
49,-30,27
48,-30,27
48,-30,27
48,-30,27
48,-30,27
48,-29,27
48,-29,27
49,-29,27
49,-29,27
48,-29,27
48,-30,27
48,-29,27
48,-30,27
48,-30,27
48,-30,27
48,-29,27
48,-29,27
48,-30,27
48,-29,27
48,-30,27
48,-30,27
49,-30,27
48,-30,27
48,-29,27
48,-30,27
48,-30,27
49,-29,26
49,-29,27
48,-30,27
48,-29,27
49,-29,27
48,-30,27
48,-30,27
48,-30,27
49,-29,27
49,-29,27
48,-29,27
48,-29,27
49,-29,27
48,-29,27
49,-29,27
49,-29,27
49,-29,27
49,-30,27
48,-29,27
48,-30,27
49,-30,27
49,-29,27
48,-29,27
49,-29,27
49,-29,27
49,-29,27
48,-30,27
48,-30,27
48,-29,27
49,-29,26
49,-29,27
49,-29,27
49,-29,27
49,-29,27
49,-29,27
48,-30,27
49,-29,27
49,-29,27
49,-29,27
49,-29,27
48,-29,27
49,-29,26
48,-29,26
49,-29,27
49,-29,26
49,-29,26
49,-29,27
49,-29,26
49,-29,26
48,-29,27
49,-29,27
49,-30,27
48,-29,27
48,-29,26
49,-29,26
48,-30,27
48,-29,27
49,-29,26
49,-29,26
48,-29,27
49,-29,27
49,-29,27
49,-29,27
49,-29,27
49,-30,27
48,-29,26
49,-29,27
49,-29,27
49,-29,27
49,-29,27
49,-29,27
48,-29,26
48,-29,27
48,-29,26
49,-29,26
49,-29,26
49,-29,27
48,-29,27
48,-29,27
49,-29,27
49,-29,27
48,-29,26
49,-29,26
49,-29,26
49,-30,27
48,-29,27
49,-29,27
49,-29,27
49,-29,27
49,-29,27
49,-29,27
49,-29,27
49,-29,27
49,-30,27
48,-30,27
48,-29,27
49,-29,27
49,-29,27
48,-29,27
49,-29,27
49,-29,27
48,-29,27
48,-29,27
48,-29,27
49,-29,27
48,-30,27
49,-30,27
49,-29,27
48,-30,27
48,-29,27
49,-29,27
48,-30,27
48,-30,27
49,-29,27
48,-30,27
48,-29,27
48,-29,27
49,-29,27
48,-29,27
48,-30,27
48,-29,27
49,-29,27
49,-30,27
48,-30,27
48,-30,27
49,-29,27
48,-29,27
48,-29,27
49,-29,27
49,-29,27
49,-29,27
48,-29,27
49,-29,27
49,-29,27
49,-29,27
48,-29,27
49,-30,27
49,-29,27
49,-29,27
49,-29,27
48,-29,27
49,-29,27
49,-29,27
48,-29,27
48,-30,27
48,-29,27
49,-29,27
49,-29,26
48,-29,27
49,-29,27
49,-29,27
49,-29,27
49,-29,27
49,-29,27
49,-30,26
49,-29,27
49,-29,27
49,-29,27
48,-29,27
49,-29,27
49,-29,27
49,-29,27
49,-29,27
49,-29,27
49,-29,26
49,-29,27
49,-29,27
49,-29,27
49,-29,27
49,-29,27
48,-29,27
48,-29,26
49,-29,27
49,-29,27
49,-30,27
48,-30,27
49,-29,26
49,-29,27
48,-29,27
49,-29,27
49,-29,27
49,-29,27
49,-29,27
48,-30,26
49,-29,26
48,-29,27
49,-29,27
49,-29,27
49,-29,26
49,-29,27
48,-30,27
49,-29,27
48,-30,27
49,-29,27
48,-30,27
48,-29,27
48,-29,26
49,-29,26
48,-30,27
48,-29,27
48,-29,27
48,-30,27
48,-29,27
49,-30,27
48,-30,27
48,-29,27
48,-29,27
49,-29,27
49,-30,27
48,-30,27
48,-29,27
49,-29,27
49,-29,27
48,-30,27
48,-30,27
48,-30,27
49,-29,27
49,-29,27
48,-30,26
49,-29,27
49,-29,27
48,-29,27
49,-29,27
48,-30,27
48,-30,27
49,-29,27
49,-30,27
49,-30,27
48,-29,27
49,-29,27
49,-29,26
48,-29,27
49,-29,27
49,-29,27
48,-30,27
48,-30,27
49,-29,27
49,-29,27
49,-29,27
48,-30,27
49,-29,27
49,-29,27
48,-29,27
48,-30,27
49,-29,26
49,-29,27
49,-29,27
49,-29,27
49,-29,26
48,-29,26
49,-29,27
49,-29,27
49,-29,27
49,-29,27
49,-29,27
49,-29,27
49,-29,27
48,-29,27
49,-29,27
49,-29,27
48,-29,27
49,-29,27
48,-29,27
49,-29,26
49,-29,27
48,-30,27
48,-29,27
49,-29,27
49,-29,27
48,-29,27
48,-29,27
49,-29,27
49,-29,26
48,-30,27
48,-29,27
49,-30,27
49,-29,27
49,-29,27
49,-29,27
49,-29,27
49,-29,27
49,-29,27
49,-29,26
49,-29,27
48,-29,27
49,-29,27
49,-29,27
48,-29,27
49,-29,27
48,-29,27
49,-29,27
49,-29,27
49,-29,27
49,-29,27
49,-29,27
48,-29,27
49,-29,27
49,-30,27
48,-29,27
48,-29,27
49,-29,27
49,-29,26
48,-29,27
49,-29,27
48,-29,27
49,-30,27
48,-29,27
49,-30,27
48,-29,27
49,-29,27
49,-29,27
49,-29,27
49,-29,27
48,-29,26
49,-29,27
49,-29,27
48,-29,27
48,-29,27
48,-30,27
49,-29,27
48,-29,26
49,-30,27
48,-29,27
48,-29,27
48,-30,27
48,-29,27
48,-29,27
48,-30,27
48,-29,27
49,-30,27
48,-30,27
48,-30,27
48,-29,27
49,-29,27
49,-30,27
48,-30,27
48,-30,27
48,-29,27
48,-30,27
48,-30,27
48,-30,27
48,-29,27
48,-29,27
48,-29,27
48,-29,27
49,-29,27
48,-29,27
48,-29,27
49,-29,27
49,-29,27
48,-29,27
48,-29,27
49,-29,27
48,-29,27
49,-30,27
49,-30,27
49,-29,27
49,-29,27
48,-30,27
48,-29,27
49,-29,27
49,-30,27
48,-30,27
48,-29,27
49,-29,27
49,-29,27
48,-29,27
48,-29,27
48,-29,27
49,-29,27
48,-29,27
49,-30,27
49,-29,27
49,-29,27
49,-29,27
49,-30,27
49,-29,27
49,-29,27
48,-29,27
49,-29,27
48,-29,27
48,-29,27
49,-29,27
48,-29,27
48,-29,27
49,-29,26
49,-29,27
49,-29,27
49,-29,27
49,-29,26
49,-29,27
48,-29,26
49,-29,27
49,-29,27
48,-29,27
49,-29,27
49,-29,27
48,-29,27
48,-29,27
49,-29,27
49,-29,27
48,-29,26
49,-30,27
49,-30,27
49,-29,27
48,-29,27
49,-29,27
49,-29,27
49,-29,26
49,-29,26
48,-29,27
49,-29,27
49,-29,27
49,-29,27
49,-29,27
49,-29,27
49,-29,27
49,-29,27
49,-29,27
48,-29,27
49,-29,27
49,-29,27
49,-29,27
48,-29,27
49,-29,27
49,-29,27
48,-29,27
49,-29,27
49,-29,26
49,-29,26
49,-29,27
48,-29,26
49,-29,27
49,-29,26
49,-30,27
48,-29,27
49,-29,26
48,-29,26
49,-29,27
49,-29,27
49,-29,27
49,-29,27
49,-29,27
49,-29,27
48,-29,27
49,-29,27
49,-29,26
49,-29,27
49,-29,27
48,-29,27
49,-29,27
49,-29,27
49,-29,27
48,-29,26
49,-29,27
49,-29,27
48,-29,27
49,-29,27
49,-30,27
49,-30,27
48,-29,27
48,-29,27
49,-29,27
49,-29,26
48,-30,27
48,-29,27
48,-30,27
48,-30,27
48,-30,27
48,-30,27
48,-30,27
49,-29,27
49,-29,27
48,-29,26
49,-29,27
49,-29,27
48,-30,27
48,-30,27
48,-30,27
48,-30,27
48,-30,27
48,-30,27
48,-29,27
48,-30,27
49,-30,27
48,-30,27
48,-30,27
48,-29,27
48,-30,27
49,-30,27
48,-30,27
48,-30,27
48,-30,27
48,-29,27
48,-30,27
48,-30,27
48,-30,27
48,-30,27
48,-30,27
48,-30,27
48,-30,27
48,-30,27
48,-30,27
48,-30,27
48,-30,27
48,-30,27
48,-29,27
48,-30,27
48,-29,27
48,-30,27
49,-30,27
48,-30,27
48,-30,27
49,-30,27
48,-30,27
48,-30,27
48,-29,27
49,-30,27
48,-29,27
48,-29,27
49,-30,27
48,-30,27
48,-30,27
48,-29,27
49,-30,27
48,-30,27
48,-29,27
48,-29,27
48,-29,27
48,-30,27
49,-30,27
49,-30,27
48,-29,27
48,-29,27
49,-29,27
49,-30,27
48,-30,27
48,-30,27
48,-29,27
48,-29,27
48,-30,27
48,-30,27
49,-30,27
48,-30,27
48,-29,27
48,-30,27
48,-30,27
48,-30,27
48,-30,27
47,-30,27
48,-30,27
48,-30,27
48,-30,27
48,-30,27
48,-30,28
48,-30,27
48,-30,27
48,-30,27
48,-30,27
48,-30,27
48,-30,27
48,-30,27
48,-30,27
48,-30,27
48,-30,27
47,-30,28
48,-30,28
48,-30,27
47,-30,28
47,-30,28
48,-30,28
47,-30,28
47,-30,28
47,-30,27
48,-30,28
47,-30,28
47,-30,27
47,-30,27
48,-30,28
47,-31,28
48,-30,27
48,-30,28
47,-30,28
47,-30,28
48,-30,27
48,-30,27
47,-30,27
47,-30,28
48,-30,28
47,-30,28
47,-31,28
47,-31,27
47,-30,28
48,-31,28
47,-30,27
47,-31,28
47,-31,27
48,-30,27
48,-30,27
47,-31,27
47,-30,28
47,-30,28
47,-30,27
48,-30,28
47,-30,27
47,-31,27
48,-30,28
48,-31,27
47,-30,28
48,-30,27
48,-30,28
48,-30,28
48,-30,27
48,-30,27
48,-30,27
47,-30,27
47,-30,27
47,-29,27
47,-30,27
49,-30,28
48,-30,27
49,-31,27
50,-30,26
52,-30,27
50,-30,28
46,-28,30
48,-28,30
50,-27,32
50,-28,33
43,-29,34
44,-28,40
44,-27,41
34,-26,42
26,-23,43
32,-24,48
38,-25,51
23,-23,50
26,-23,52
22,-21,51
22,-21,52
24,-21,54
22,-21,54
21,-22,54
23,-23,55
24,-23,55
23,-22,54
22,-22,52
22,-22,52
27,-28,50
28,-27,52
27,-29,54
23,-27,52
21,-26,47
26,-30,49
31,-30,50
34,-30,49
30,-30,48
26,-30,48
28,-29,48
30,-29,47
30,-30,47
30,-30,48
30,-30,47
29,-29,47
29,-30,47
30,-30,47
30,-30,47
29,-29,47
29,-30,47
30,-30,47
30,-30,47
30,-30,47
29,-29,47
29,-30,47
30,-30,47
30,-30,47
30,-29,46
29,-29,47
29,-29,47
30,-30,47
30,-30,47
30,-30,47
30,-30,47
29,-30,47
29,-30,47
29,-30,47
29,-30,47
30,-30,46
30,-30,47
30,-30,47
29,-30,47
29,-30,47
29,-30,47
29,-30,47
29,-30,47
29,-30,46
29,-31,46
30,-30,47
29,-30,47
29,-30,47
30,-30,47
29,-30,46
29,-30,47
29,-31,47
29,-30,47
30,-31,46
30,-30,46
29,-30,47
29,-30,47
29,-30,47
29,-30,47
30,-31,46
30,-31,46
29,-31,47
29,-30,47
29,-30,46
30,-30,47
30,-30,47
29,-30,47
29,-31,47
30,-31,47
30,-31,47
30,-31,46
29,-31,46
30,-31,47
30,-30,47
29,-30,47
29,-31,47
29,-30,46
29,-30,47
29,-30,47
29,-31,47
28,-31,47
29,-30,47
29,-30,47
29,-30,47
30,-30,46
29,-31,46
29,-31,47
29,-31,47
29,-31,47
30,-30,46
29,-30,46
29,-30,47
29,-31,47
29,-31,46
30,-30,47
29,-30,47
30,-30,47
30,-30,47
30,-30,47
31,-30,47
30,-31,46
29,-31,45
29,-32,46
28,-32,46
28,-32,46
29,-32,47
30,-31,46
30,-31,46
30,-30,46
29,-30,46
30,-31,47
29,-30,47
29,-30,46
29,-30,46
31,-31,47
32,-31,46
31,-30,45
29,-31,47
28,-31,47
29,-31,46
29,-31,47
31,-31,46
31,-31,46
30,-31,46
30,-31,46
29,-31,46
29,-31,46
30,-31,46
30,-31,46
29,-31,46
29,-31,46
29,-31,46
30,-31,46
30,-31,46
30,-31,46
29,-31,46
29,-32,46
29,-32,46
29,-31,46
29,-32,46
29,-31,46
30,-31,46
29,-31,46
29,-32,46
29,-31,46
30,-32,46
29,-32,46
29,-31,46
30,-31,46
30,-31,46
30,-31,46
29,-31,46
29,-32,46
29,-31,46
29,-31,46
29,-31,46
29,-31,46
29,-31,46
29,-31,46
29,-31,46
29,-31,46
29,-31,46
30,-31,46
29,-31,46
28,-32,47
28,-32,47
29,-31,46
30,-31,46
30,-31,46
30,-31,46
30,-31,46
30,-31,46
29,-32,46
29,-31,46
29,-31,46
30,-32,46
29,-32,46
29,-32,46
29,-32,46
30,-31,46
29,-31,46
29,-31,46
29,-31,46
30,-31,46
30,-31,46
29,-31,46
29,-31,46
29,-31,46
29,-31,46
30,-31,46
29,-32,46
29,-31,46
29,-31,46
30,-32,46
29,-31,46
29,-31,46
29,-31,46
29,-31,46
29,-32,46
29,-31,46
30,-31,46
29,-32,46
29,-32,46
29,-31,46
30,-31,46
30,-31,46
30,-31,46
30,-31,46
29,-31,46
30,-31,46
30,-31,46
29,-31,46
29,-31,46
29,-31,46
30,-31,46
30,-31,46
30,-31,46
30,-31,46
29,-31,46
29,-31,46
30,-31,46
30,-31,46
30,-31,46
30,-31,46
30,-31,46
29,-31,46
29,-31,46
29,-31,46
30,-32,46
29,-31,46
30,-31,46
29,-31,46
29,-32,46
29,-31,46
29,-31,46
30,-32,46
30,-31,46
29,-31,46
29,-32,46
29,-31,46
29,-31,46
30,-32,46
30,-31,46
29,-31,46
29,-31,46
30,-31,46
30,-31,46
30,-31,46
30,-31,46
29,-31,46
30,-32,46
30,-32,46
29,-31,46
29,-31,46
29,-31,46
29,-31,47
29,-32,46
29,-32,46
29,-32,46
29,-31,46
29,-31,46
29,-31,46
29,-31,46
30,-31,46
30,-32,46
29,-32,46
30,-31,46
30,-32,46
29,-31,46
29,-31,46
29,-32,46
30,-31,46
30,-32,46
30,-32,46
29,-31,46
29,-31,46
29,-32,46
30,-32,46
29,-31,46
29,-31,46
30,-31,46
30,-31,46
30,-31,46
29,-31,46
29,-32,46
29,-32,46
29,-31,46
29,-31,46
29,-32,46
29,-32,46
30,-31,46
30,-31,46
30,-32,46
29,-32,46
29,-31,46
29,-31,46
29,-31,46
30,-31,46
29,-31,46
29,-32,46
30,-32,46
30,-31,46
30,-31,46
29,-31,46
29,-31,46
30,-31,46
30,-31,46
30,-31,46
30,-31,46
29,-31,46
29,-31,46
30,-31,46
30,-31,46
30,-31,46
30,-31,46
30,-31,46
29,-31,46
29,-31,46
30,-31,46
30,-31,46
29,-31,46
29,-31,46
30,-31,46
29,-31,46
29,-32,46
29,-31,46
29,-31,46
29,-32,46
30,-32,46
29,-32,46
29,-32,46
29,-32,46
29,-32,46
29,-32,46
29,-32,46
29,-32,46
29,-32,46
29,-32,46
29,-32,46
28,-32,46
29,-32,46
29,-32,46
29,-32,46
29,-32,46
29,-32,46
29,-32,46
29,-32,46
29,-32,46
29,-32,46
29,-32,46
29,-32,46
29,-32,46
29,-32,46
29,-32,46
29,-32,46
29,-32,46
29,-32,46
29,-32,46
28,-32,46
29,-32,46
29,-32,46
30,-32,46
29,-32,46
29,-32,46
29,-32,46
29,-32,46
29,-32,46
29,-32,46
29,-32,46
29,-32,46
29,-32,46
29,-32,46
29,-32,46
29,-31,46
29,-32,46
29,-32,46
29,-32,46
29,-31,46
29,-32,46
29,-32,46
29,-32,46
29,-32,46
29,-32,46
29,-32,46
29,-31,46
29,-31,46
29,-32,46
29,-32,46
29,-32,46
29,-31,46
29,-32,46
29,-32,46
29,-32,46
29,-31,46
29,-32,46
29,-32,46
29,-32,46
29,-32,46
29,-32,46
29,-32,46
29,-31,46
29,-31,46
29,-32,46
29,-31,46
29,-32,46
29,-32,46
29,-32,46
29,-32,46
29,-32,46
29,-31,46
29,-31,46
29,-32,46
29,-32,46
29,-32,46
29,-32,46
30,-32,46
29,-31,46
29,-31,46
29,-31,46
29,-32,46
29,-32,46
29,-32,46
29,-32,46
29,-32,46
29,-32,46
28,-32,46
29,-32,46
29,-32,46
29,-32,46
28,-32,46
28,-32,46
29,-32,46
28,-32,46
29,-32,46
29,-32,46
29,-32,46
28,-32,46
29,-32,46
28,-32,46
29,-32,46
29,-32,46
29,-32,46
28,-32,46
28,-32,46
29,-32,46
28,-32,46
28,-32,46
29,-32,46
29,-32,46
29,-32,46
28,-32,46
29,-32,46
29,-32,46
29,-32,46
28,-32,46
29,-32,46
29,-32,46
29,-32,46
29,-32,46
29,-32,46
29,-32,46
29,-32,46
29,-32,46
29,-32,46
29,-32,46
29,-32,46
29,-32,46
29,-32,46
29,-32,46
29,-32,46
29,-32,46
29,-32,46
29,-32,46
29,-32,46
29,-32,46
29,-32,46
29,-32,46
29,-32,46
29,-32,46
29,-32,46
29,-32,46
29,-32,46
29,-32,46
29,-32,46
29,-32,46
29,-32,46
29,-31,46
29,-32,46
29,-32,46
29,-32,46
29,-32,46
29,-32,46
29,-32,46
29,-32,46
29,-32,46
29,-32,46
29,-32,46
29,-32,46
29,-32,46
29,-32,46
29,-32,46
29,-32,46
30,-32,46
29,-32,46
29,-32,46
29,-32,46
29,-32,46
29,-32,46
29,-32,46
29,-32,46
29,-32,46
29,-32,46
29,-32,46
29,-32,46
28,-32,46
29,-32,46
28,-32,46
29,-32,46
29,-32,46
29,-32,46
29,-32,46
29,-32,46
29,-32,46
29,-32,46
29,-32,46
29,-32,46
29,-32,46
29,-32,46
29,-32,46
29,-32,46
29,-32,46
29,-32,46
29,-32,46
29,-32,46
29,-32,46
28,-32,46
29,-32,46
30,-32,46
29,-32,46
29,-32,46
29,-32,46
29,-32,46
29,-32,46
28,-33,46
28,-32,46
29,-32,46
29,-32,46
28,-32,46
29,-32,46
29,-32,46
29,-33,46
29,-32,46
28,-32,46
28,-32,46
28,-32,46
28,-32,46
28,-32,46
28,-32,46
29,-32,46
29,-32,46
29,-33,46
28,-33,46
28,-32,46
28,-32,46
28,-32,46
28,-32,46
28,-32,46
29,-32,46
29,-32,46
28,-32,46
28,-32,46
29,-32,46
28,-32,46
28,-32,46
28,-33,46
29,-32,46
28,-32,46
28,-32,46
29,-32,46
29,-32,46
28,-32,46
28,-32,46
28,-32,46
28,-32,46
28,-32,46
28,-32,46
28,-32,46
28,-32,46
28,-32,46
29,-33,46
28,-32,46
28,-32,46
29,-33,46
28,-33,46
28,-32,46
28,-32,46
29,-32,46
29,-32,46
28,-32,46
29,-32,46
29,-32,46
29,-32,46
29,-32,46
28,-32,46
29,-32,46
29,-32,46
29,-32,46
29,-32,46
28,-32,46
28,-32,46
29,-32,46
29,-32,46
29,-32,46
29,-33,46
28,-33,46
28,-32,46
28,-32,46
28,-32,46
28,-32,46
28,-32,46
28,-32,46
29,-32,46
29,-32,46
29,-32,46
28,-32,46
29,-32,46
29,-32,45
29,-32,45
28,-32,46
28,-32,47
29,-32,46
29,-32,46
29,-32,46
28,-33,46
28,-32,46
28,-32,46
28,-32,46
29,-32,46
29,-32,46
29,-32,46
29,-32,46
29,-32,46
29,-32,46
29,-32,46
29,-32,46
28,-32,46
29,-32,46
29,-32,46
29,-32,46
29,-32,46
28,-32,46
29,-32,46
29,-32,46
28,-32,46
28,-32,46
29,-32,46
29,-32,46
29,-32,46
28,-32,46
28,-32,46
28,-32,46
29,-32,46
28,-32,46
29,-32,46
28,-32,46
29,-32,46
28,-32,46
29,-32,46
29,-32,46
29,-32,46
29,-32,46
28,-32,46
28,-32,46
28,-32,46
28,-32,46
28,-32,46
29,-32,46
29,-32,46
29,-32,46
29,-32,46
28,-32,46
28,-32,46
28,-32,46
29,-32,46
28,-32,46
28,-32,46
28,-32,46
29,-32,46
29,-32,46
28,-32,46
28,-32,46
29,-33,46
28,-33,46
28,-32,46
28,-32,46
28,-32,46
28,-32,46
28,-32,46
28,-32,46
29,-32,46
29,-32,46
28,-32,46
28,-32,46
29,-33,46
29,-33,46
28,-32,46
28,-33,46
28,-32,46
28,-32,46
28,-32,46
28,-32,46
29,-32,46
28,-32,46
29,-32,46
29,-32,46
28,-32,46
28,-32,46
28,-32,46
29,-32,46
28,-32,46
28,-32,46
28,-32,46
28,-32,46
28,-32,46
28,-32,46
28,-32,46
29,-32,46
29,-32,46
29,-32,46
29,-32,46
29,-32,46
29,-32,46
28,-32,46
28,-32,46
28,-32,46
29,-32,46
29,-32,46
29,-32,46
28,-32,46
29,-32,46
28,-32,46
28,-32,46
28,-32,46
29,-32,46
29,-32,46
28,-33,46
28,-32,46
28,-32,46
29,-32,46
28,-32,46
29,-32,46
29,-32,46
29,-32,46
28,-32,46
28,-32,46
28,-32,46
28,-32,46
29,-32,46
29,-32,46
29,-32,46
29,-32,46
29,-32,46
29,-32,46
28,-32,46
28,-32,46
28,-32,46
28,-32,46
29,-32,46
29,-32,46
29,-32,46
29,-32,46
29,-32,46
29,-32,46
28,-32,46
29,-32,46
29,-32,46
28,-32,46
28,-32,46
29,-32,46
29,-32,46
28,-32,46
28,-32,46
29,-32,46
29,-32,46
28,-32,46
29,-32,46
29,-32,46
29,-32,46
29,-32,46
28,-32,46
28,-32,46
29,-32,46
29,-32,46
29,-32,46
28,-32,46
29,-32,46
28,-32,46
28,-32,46
29,-32,46
29,-32,46
29,-32,46
29,-32,46
29,-32,46
29,-32,46
29,-32,46
29,-32,46
29,-32,46
28,-32,46
28,-32,46
29,-32,46
30,-32,46
28,-32,46
28,-32,46
29,-32,46
29,-32,46
28,-32,46
29,-32,46
29,-32,46
29,-32,46
29,-32,46
29,-32,46
29,-32,46
29,-32,46
29,-32,46
29,-32,46
29,-32,46
29,-32,46
29,-32,46
28,-32,46
29,-32,46
29,-33,46
29,-32,47
29,-32,47
30,-31,48
32,-30,50
34,-29,49
33,-24,54
38,-29,60
42,-23,71
42,-22,68
28,-18,64
26,-10,68
30,-4,69
27,-2,64
15,3,59
18,5,59
11,11,56
7,15,56
6,17,54
5,18,54
-1,20,51
0,22,53
-4,25,56
-5,26,54
-8,27,53
-7,29,54
-11,32,53
-14,32,51
-15,32,52
-18,31,51
-19,29,50
-20,28,52
-22,26,51
-26,23,53
-26,23,55
-29,23,55
-31,23,54
-35,21,50
-35,21,51
-36,21,54
-37,20,52
-37,17,47
-38,17,47
-38,16,50
-40,15,47
-41,14,44
-41,14,45
-41,14,43
-40,12,42
-39,10,42
-38,11,45
-40,12,47
-40,12,47
-42,8,40
-42,7,43
-43,6,44
-40,5,47
-39,4,52
-40,3,50
-36,0,55
-35,2,55
-34,2,56
-31,2,60
-31,3,61
-34,4,59
-35,4,57
-35,2,59
-33,3,59
-36,2,50
-32,4,55
-32,3,56
-29,3,58
-32,3,58
-31,3,59
-33,4,56
-33,4,56
-32,3,53
-31,4,53
-32,4,54
-31,3,55
-31,3,56
-32,4,56
-32,4,56
-32,3,56
-32,3,54
-31,4,55
-31,4,56
-31,4,57
-31,4,58
-30,4,58
-30,5,58
-30,5,57
-29,4,57
-28,4,58
-27,4,60
-27,4,58
-27,4,58
-30,2,60
-28,4,61
-29,3,56
-31,3,56
-22,4,62
-20,5,62
-20,6,55
-7,6,55
21,13,66
20,16,62
29,17,48
43,17,45
55,22,40
56,22,33
62,21,21
59,22,16
61,18,1
63,19,-2
60,18,-10
59,17,-18
58,17,-20
53,17,-25
53,17,-27
52,17,-31
53,19,-30
50,19,-31
49,19,-34
53,20,-35
53,21,-31
47,20,-36
49,20,-37
48,22,-34
46,22,-35
48,22,-37
49,23,-36
47,23,-36
46,23,-36
47,23,-36
46,23,-37
45,23,-36
45,24,-36
45,25,-36
45,25,-36
44,24,-36
44,25,-36
44,26,-36
44,26,-36
43,26,-36
43,27,-36
44,26,-38
44,27,-37
44,28,-36
43,27,-38
44,27,-37
43,28,-35
42,27,-36
43,27,-36
42,27,-35
42,27,-37
42,27,-37
43,28,-37
43,27,-38
43,28,-37
43,27,-38
43,27,-39
43,28,-38
43,27,-39
43,28,-38
43,28,-37
43,28,-38
43,28,-37
43,28,-37
42,28,-38
43,27,-38
43,28,-37
43,27,-38
42,28,-38
43,28,-37
43,28,-37
43,28,-38
43,28,-38
43,28,-38
43,28,-38
43,28,-38
43,28,-38
42,28,-38
43,28,-38
43,28,-37
42,28,-38
43,28,-38
42,28,-38
42,28,-38
42,28,-38
42,29,-38
43,28,-38
43,28,-38
42,28,-38
42,29,-38
42,29,-37
42,29,-37
42,29,-37
42,28,-38
43,29,-37
42,28,-38
42,29,-37
42,28,-38
42,29,-38
42,29,-37
42,29,-38
42,29,-38
41,29,-38
42,29,-37
42,28,-38
42,29,-38
42,29,-38
42,29,-38
42,29,-38
43,29,-38
43,29,-37
42,28,-39
42,29,-37
43,29,-37
42,29,-37
42,29,-37
42,28,-37
42,28,-37
42,29,-37
42,29,-37
42,28,-37
42,28,-37
43,29,-37
43,29,-37
43,28,-37
43,28,-38
43,28,-37
43,28,-37
43,28,-37
44,28,-37
44,28,-37
43,28,-37
43,27,-37
43,27,-36
43,27,-36
43,28,-35
44,28,-35
45,28,-34
45,28,-34
47,28,-34
47,28,-32
47,27,-33
48,27,-32
50,28,-30
50,28,-28
52,28,-29
53,29,-25
56,30,-19
59,31,-16
56,30,-16
58,32,-10
57,34,0
58,35,8
55,34,10
51,35,19
51,38,26
44,38,33
41,34,37
33,37,48
28,33,45
-10,31,36
-30,28,37
-20,26,51
-21,25,53
-32,25,51
-31,24,51
-27,24,54
-30,25,55
-30,25,53
-32,24,52
-33,24,51
-34,24,51
-35,23,51
-36,22,50
-37,22,47
-37,22,47
-37,21,48
-39,19,47
-39,17,48
-39,18,49
-40,17,48
-41,16,48
-41,16,49
-40,16,48
-41,16,48
-41,16,48
-41,15,47
-41,14,48
-42,13,47
-43,11,46
-43,11,46
-43,10,45
-44,10,45
-49,7,48
-47,7,49
-45,7,45
-45,8,46
-44,9,46
-44,8,45
-45,7,45
-45,6,46
-47,5,46
-47,4,45
-47,3,46
-47,3,46
-47,3,44
-47,3,43
-47,3,43
-47,3,44
-46,3,45
-46,3,45
-46,3,45
-46,3,47
-46,3,46
-46,2,45
-46,2,46
-47,2,44
-46,2,45
-46,3,46
-46,3,45
-46,3,46
-46,2,45
-46,3,46
-46,3,47
-45,3,46
-45,2,45
-45,2,45
-45,2,46
-44,3,48
-45,3,47
-45,2,45
-45,3,45
-41,3,48
-43,3,46
-42,2,46
-39,3,50
-38,4,52
-40,4,49
-37,4,51
-36,5,54
-36,5,54
-38,4,53
-38,3,53
-34,4,57
-35,4,57
-36,3,54
-35,3,54
-33,3,54
-33,3,53
-34,2,52
-34,2,54
-35,1,54
-35,1,54
-36,1,55
-35,1,56
-37,0,54
-37,0,53
-35,-2,53
-36,-2,53
-34,-3,52
-35,-3,50
-34,-4,47
-34,-5,47
-33,-7,43
-31,-9,42
-24,-9,48
-23,-9,48
-22,-10,46
-9,-14,49
-5,-13,52
2,-14,57
8,-15,57
14,-12,66
10,-12,64
19,-14,66
28,-12,75
21,-11,72
18,-14,62
23,-18,59
34,-17,74
27,-18,87
31,-9,96
23,-23,61
25,-24,47
28,-23,38
27,-22,41
38,-19,53
42,-20,51
43,-24,43
36,-27,34
45,-30,44
40,-31,47
25,-35,43
22,-38,40
26,-40,48
22,-40,49
19,-37,44
23,-35,44
26,-35,45
30,-35,46
29,-34,45
26,-35,45
26,-35,45
25,-36,45
26,-35,45
27,-35,45
27,-35,45
26,-35,45
25,-35,44
26,-36,45
27,-36,45
26,-35,45
26,-35,45
26,-35,45
26,-35,45
27,-36,46
26,-35,45
26,-35,45
26,-35,45
27,-35,45
26,-35,45
26,-35,45
26,-35,45
26,-35,45
27,-35,46
26,-36,45
26,-35,45
26,-35,45
27,-35,45
27,-35,45
26,-35,45
26,-35,45
26,-35,45
26,-35,45
26,-36,45
26,-35,45
26,-35,45
26,-35,45
26,-35,45
26,-35,45
26,-35,45
26,-35,45
26,-35,45
26,-35,45
26,-35,45
26,-35,45
26,-35,45
26,-35,45
26,-35,45
26,-35,45
26,-35,45
26,-35,45
26,-35,45
26,-35,45
26,-35,45
26,-35,45
26,-35,45
26,-35,45
26,-35,45
27,-35,45
26,-35,45
26,-35,45
26,-35,45
27,-35,45
26,-35,45
26,-35,45
26,-35,45
27,-35,45
27,-35,45
26,-35,45
26,-35,45
26,-35,45
26,-35,45
26,-35,45
26,-35,45
26,-35,45
26,-35,45
26,-35,45
26,-35,45
26,-35,45
26,-35,45
26,-35,45
26,-35,45
26,-35,45
27,-35,45
27,-35,46
26,-35,45
26,-35,45
26,-35,45
26,-35,45
27,-35,45
26,-35,45
26,-35,45
26,-35,45
27,-35,45
27,-35,45
26,-35,45
26,-35,45
27,-35,45
27,-35,45
26,-35,45
26,-35,45
26,-35,45
26,-35,45
27,-35,45
26,-35,45
26,-35,45
26,-35,45
27,-35,45
27,-35,45
26,-35,45
26,-35,45
26,-35,45
26,-35,45
27,-35,45
26,-35,45
27,-35,45
26,-35,45
26,-35,45
26,-35,45
26,-35,45
27,-35,45
27,-35,45
26,-35,45
26,-35,45
27,-35,45
26,-35,45
26,-35,45
27,-35,45
27,-35,45
27,-35,45
27,-35,45
27,-35,45
27,-35,45
27,-35,45
26,-35,45
26,-35,45
26,-35,45
26,-35,45
26,-35,45
26,-35,45
26,-35,45
26,-35,45
26,-35,45
26,-35,45
26,-35,45
26,-35,45
26,-35,45
27,-35,45
27,-35,45
26,-35,45
26,-35,45
26,-35,45
27,-35,45
26,-35,46
26,-35,45
26,-35,45
27,-35,45
26,-35,45
26,-35,45
26,-35,45
26,-35,45
27,-35,45
26,-35,45
26,-35,45
26,-35,45
26,-35,45
26,-35,45
26,-35,45
26,-35,45
26,-35,45
26,-35,45
26,-35,45
26,-35,45
26,-35,45
26,-35,45
26,-35,45
26,-35,45
26,-35,45
27,-35,45
27,-35,45
26,-35,45
26,-35,45
27,-35,45
27,-35,45
26,-35,45
26,-35,45
26,-35,45
27,-35,45
27,-35,46
26,-35,45
27,-34,45
27,-35,45
27,-35,45
27,-35,45
27,-35,45
27,-35,45
26,-35,45
26,-35,45
26,-35,45
26,-35,45
27,-35,45
26,-35,45
26,-34,45
27,-34,45
27,-34,45
27,-34,45
27,-35,45
26,-35,46
26,-35,45
27,-35,45
27,-34,45
26,-34,45
26,-34,45
27,-35,46
27,-35,45
27,-35,45
27,-35,45
26,-34,45
26,-34,46
26,-35,45
27,-34,45
27,-34,45
27,-34,46
27,-35,46
27,-35,45
27,-35,45
27,-34,45
26,-34,45
26,-35,45
26,-35,45
27,-35,45
27,-35,45
27,-34,45
26,-34,45
27,-35,45
27,-35,46
27,-35,45
27,-35,45
26,-34,45
26,-34,45
27,-34,45
27,-35,46
27,-36,45
27,-35,45
26,-34,45
26,-34,45
26,-34,46
27,-34,46
27,-35,45
27,-36,45
27,-35,45
27,-34,45
26,-34,45
27,-35,46
27,-35,46
27,-36,45
27,-35,45
27,-34,45
27,-34,45
26,-34,45
27,-34,45
27,-36,45
27,-36,45
26,-35,45
26,-35,45
26,-34,45
26,-34,45
26,-35,46
27,-35,45
27,-36,46
26,-35,45
26,-34,45
27,-34,46
26,-34,46
26,-34,45
26,-35,46
27,-35,45
27,-36,45
26,-36,45
26,-34,45
26,-34,46
26,-34,46
26,-35,45
26,-36,45
26,-36,45
26,-36,45
26,-34,45
26,-34,45
26,-34,45
26,-34,45
27,-36,45
27,-36,45
27,-36,45
26,-35,45
26,-34,45
26,-33,45
26,-33,45
26,-34,45
27,-36,45
27,-37,45
27,-36,45
26,-35,45
26,-32,46
25,-33,46
26,-35,45
27,-36,46
27,-36,45
26,-35,45
25,-34,45
26,-34,46
26,-34,46
27,-35,46
27,-35,45
26,-35,45
27,-35,45
27,-35,46
26,-34,45
26,-34,45
26,-35,45
27,-35,45
27,-35,45
27,-35,45
27,-35,45
26,-35,45
26,-35,45
26,-35,46
26,-35,45
27,-35,45
26,-35,45
27,-35,45
26,-35,45
27,-35,45
27,-35,46
26,-35,45
26,-35,45
26,-35,46
27,-35,45
26,-35,45
26,-34,45
26,-34,45
27,-35,45
27,-35,45
26,-35,45
26,-35,45
27,-35,46
27,-34,46
26,-35,44
27,-35,45
26,-36,47
26,-36,45
26,-35,44
27,-34,45
27,-35,45
27,-35,45
26,-35,45
26,-35,45
27,-35,45
27,-35,45
26,-35,45
26,-35,45
26,-35,45
26,-35,45
27,-35,45
26,-35,45
26,-35,45
27,-36,46
26,-36,46
27,-35,45
27,-34,44
28,-34,44
28,-34,44
27,-35,45
26,-36,45
26,-36,46
26,-37,45
26,-36,45
26,-36,45
26,-35,45
26,-35,45
26,-35,45
26,-35,45
26,-36,45
25,-36,46
25,-36,45
25,-36,45
25,-35,45
25,-34,45
25,-34,45
25,-35,45
25,-36,46
25,-37,46
23,-38,45
22,-38,45
22,-38,45
22,-37,45
22,-37,45
22,-38,45
21,-39,46
22,-38,45
23,-37,45
23,-37,46
23,-37,46
23,-37,45
22,-37,45
22,-37,45
22,-38,45
22,-38,45
22,-38,46
21,-38,45
22,-38,45
22,-38,45
22,-38,45
22,-38,46
22,-38,46
22,-38,45
22,-37,45
22,-38,45
22,-38,45
22,-38,45
22,-38,45
22,-38,45
22,-38,45
22,-38,45
22,-37,45
22,-37,45
22,-38,45
22,-38,45
22,-38,45
22,-38,45
22,-37,45
22,-38,45
22,-38,46
22,-38,45
22,-38,45
22,-38,45
23,-38,46
22,-38,45
22,-37,45
22,-38,45
22,-38,45
22,-38,45
22,-38,45
22,-38,45
22,-37,45
22,-37,45
22,-37,45
22,-38,45
22,-37,45
22,-37,45
22,-37,45
22,-37,45
23,-37,46
23,-38,45
22,-38,45
22,-38,45
22,-37,46
23,-37,45
23,-37,45
22,-37,46
22,-37,45
22,-37,45
23,-37,45
22,-38,45
22,-37,45
22,-37,45
22,-37,45
23,-37,45
23,-37,45
23,-37,45
23,-37,45
23,-38,45
22,-37,45
22,-37,45
22,-37,45
23,-37,45
22,-37,45
22,-37,45
22,-37,45
23,-37,45
23,-37,46
23,-37,45
23,-37,45
23,-37,46
22,-37,45
22,-37,45
22,-37,46
23,-37,45
23,-37,45
23,-37,45
22,-37,45
22,-37,46
22,-37,46
23,-37,45
23,-37,45
23,-37,45
22,-37,46
23,-37,45
23,-37,45
23,-37,45
23,-37,46
23,-37,45
22,-37,45
22,-37,45
23,-37,45
23,-37,46
23,-37,45
22,-37,45
22,-37,45
23,-37,45
23,-37,45
23,-37,45
22,-37,45
22,-37,45
23,-37,45
23,-37,45
22,-37,45
22,-37,46
23,-37,46
23,-37,45
23,-37,45
22,-37,45
22,-37,45
23,-37,46
23,-37,46
23,-37,45
23,-37,45
22,-37,46
23,-37,45
23,-37,45
22,-37,45
23,-38,45
22,-37,45
22,-37,45
22,-37,45
22,-37,45
22,-37,46
22,-37,45
22,-37,45
22,-37,45
22,-37,45
22,-38,45
22,-37,45
22,-37,45
22,-38,46
22,-37,45
23,-37,45
22,-37,45
22,-38,45
22,-38,46
22,-37,45
23,-37,45
22,-38,45
22,-37,45
22,-37,45
22,-37,46
22,-38,45
22,-38,45
22,-37,45
22,-37,45
22,-38,45
23,-37,45
22,-37,46
22,-37,45
22,-37,45
22,-37,45
22,-37,45
22,-37,45
22,-37,45
22,-37,45
23,-37,45
22,-37,45
22,-37,45
22,-37,45
23,-37,45
23,-37,45
23,-38,46
22,-37,45
23,-37,45
23,-37,46
22,-37,45
22,-37,46
22,-37,46
23,-37,45
23,-37,45
23,-37,46
22,-37,45
22,-37,46
23,-38,45
22,-38,45
22,-38,45
22,-37,45
22,-37,45
22,-37,45
23,-37,45
23,-38,45
23,-38,46
22,-38,45
23,-37,45
22,-37,45
23,-37,46
23,-37,45
22,-37,45
22,-37,45
23,-37,45
23,-37,46
23,-37,46
23,-37,46
23,-37,45
23,-37,45
23,-37,45
23,-37,45
22,-37,45
23,-38,45
22,-37,46
23,-37,45
23,-37,45
23,-37,45
22,-37,46
22,-37,46
22,-37,46
22,-37,46
23,-37,45
22,-37,45
23,-37,46
23,-37,46
23,-37,45
23,-37,45
23,-37,45
22,-37,45
22,-37,46
23,-37,46
23,-37,45
22,-37,45
23,-37,45
22,-37,45
22,-37,45
23,-37,45
23,-37,45
22,-38,46
22,-38,45
22,-37,45
22,-37,45
23,-37,45
23,-37,46
22,-38,45
22,-38,45
22,-38,46
23,-38,45
22,-37,45
22,-37,46
22,-37,45
22,-38,46
23,-38,46
22,-38,45
22,-38,45
22,-38,45
22,-37,45
22,-37,45
22,-37,45
22,-37,45
22,-37,45
23,-37,45
22,-37,45
22,-37,45
22,-37,45
23,-37,45
23,-38,45
22,-37,45
22,-38,45
22,-37,45
22,-37,46
23,-37,45
22,-37,45
23,-38,45
22,-37,45
22,-37,45
22,-38,45
22,-37,46
23,-37,45
23,-37,45
22,-37,45
22,-37,45
22,-37,46
23,-37,46
23,-37,45
22,-37,45
22,-37,46
22,-37,45
23,-37,46
22,-37,45
22,-37,45
23,-37,45
22,-38,45
22,-37,45
23,-37,45
22,-37,45
23,-37,45
22,-37,45
22,-37,45
22,-38,45
22,-37,45
23,-37,45
22,-37,45
23,-37,45
22,-37,45
23,-37,45
23,-37,46
22,-37,45
22,-37,45
22,-37,45
23,-37,45
23,-37,45
23,-37,45
22,-37,46
22,-37,46
23,-37,45
23,-37,45
23,-37,45
22,-37,46
22,-38,46
23,-37,45
22,-37,45
23,-37,45
22,-37,45
22,-37,45
22,-37,46
22,-37,45
23,-37,45
22,-37,45
22,-37,46
23,-37,46
22,-38,45
22,-37,45
22,-37,45
22,-37,45
22,-37,46
22,-37,45
22,-37,45
23,-37,45
23,-38,45
22,-37,46
22,-37,45
23,-38,45
23,-37,45
23,-37,45
23,-37,45
23,-37,45
23,-37,45
23,-37,45
23,-37,45
23,-37,45
23,-37,45
23,-37,45
23,-37,45
23,-37,45
22,-37,45
23,-38,45
23,-37,46
23,-37,45
23,-37,46
22,-37,46
23,-37,46
23,-37,45
23,-37,45
23,-37,45
23,-37,45
23,-37,46
23,-37,45
23,-37,45
23,-37,45
23,-37,45
22,-37,45
22,-37,45
23,-37,45
23,-37,45
23,-37,45
23,-37,45
22,-37,46
23,-37,45
23,-37,46
23,-37,45
23,-37,45
23,-37,45
23,-37,45
23,-37,45
23,-37,45
23,-37,45
23,-37,45
23,-36,45
23,-37,45
23,-37,45
23,-37,45
23,-37,45
23,-37,45
23,-36,45
23,-37,45
23,-38,46
23,-38,46
22,-37,46
22,-37,45
23,-37,45
23,-37,45
22,-37,45
22,-38,45
22,-37,45
22,-37,46
23,-38,45
23,-38,45
22,-37,45
22,-37,45
22,-37,46
22,-38,45
22,-38,45
22,-38,45
22,-38,45
22,-38,45
22,-37,45
22,-37,45
22,-37,45
22,-37,45
22,-38,46
22,-38,45
22,-38,45
22,-38,45
22,-38,45
22,-38,45
22,-38,45
22,-38,45
22,-37,45
22,-38,45
22,-38,46
22,-38,45
22,-38,45
22,-38,46
22,-38,45
21,-38,45
21,-38,45
22,-38,45
22,-38,45
22,-38,45
22,-38,45
22,-38,45
22,-38,45
22,-38,45
22,-38,45
22,-38,46
22,-38,46
22,-38,45
22,-38,45
22,-38,45
22,-38,45
22,-38,45
22,-38,45
22,-38,45
22,-38,45
22,-38,45
22,-38,45
22,-38,45
22,-38,45
22,-38,45
22,-38,45
22,-38,45
22,-38,45
22,-38,45
21,-38,45
22,-38,46
22,-38,45
22,-38,45
22,-38,45
22,-38,45
22,-38,45
22,-38,45
22,-38,45
22,-38,45
22,-38,45
22,-38,45
22,-38,45
22,-38,45
22,-38,45
22,-38,45
22,-38,45
22,-38,45
22,-38,45
22,-38,45
22,-38,45
22,-38,45
22,-38,45
22,-37,45
22,-37,45
22,-38,45
22,-38,45
22,-38,45
22,-38,45
22,-38,45
22,-38,45
22,-38,46
22,-38,46
22,-37,45
22,-37,45
22,-38,45
22,-38,46
22,-38,45
22,-38,45
22,-38,45
22,-37,45
22,-38,45
22,-38,46
22,-38,45
22,-37,45
23,-37,46
22,-38,45
22,-38,45
22,-38,45
22,-38,46
22,-38,45
22,-38,46
22,-37,45
22,-37,45
22,-37,46
23,-37,46
22,-37,45
22,-37,45
23,-37,45
23,-38,45
22,-37,45
22,-37,45
23,-38,45
22,-37,45
23,-37,45
23,-38,45
22,-37,45
22,-37,45
23,-38,45
23,-38,45
22,-38,45
22,-37,45
22,-37,46
22,-37,46
22,-38,45
22,-37,45
22,-37,45
22,-37,46
22,-37,45
22,-37,45
22,-38,45
23,-38,45
23,-38,45
23,-37,45
23,-37,45
22,-37,45
22,-37,45
22,-38,45
22,-38,45
23,-38,45
23,-39,45
23,-38,45
22,-37,45
22,-36,45
22,-36,45
23,-37,45
23,-38,45
22,-39,45
22,-39,45
23,-38,45
23,-38,45
23,-37,45
22,-37,45
22,-37,45
22,-37,45
23,-37,45
23,-37,45
23,-37,45
23,-37,46
23,-38,45
22,-37,45
23,-37,45
23,-37,45
22,-37,45
22,-37,45
22,-37,45
23,-37,45
22,-37,46
23,-37,45
23,-37,45
23,-37,45
22,-37,46
23,-37,45
23,-37,45
22,-37,45
23,-37,45
23,-37,45
22,-37,45
22,-37,46
23,-37,45
23,-37,45
23,-37,45
22,-37,46
22,-37,46
22,-37,46
23,-38,45
22,-38,45
22,-37,46
22,-37,45
22,-38,46
22,-37,45
23,-37,45
22,-37,45
22,-38,46
22,-38,45
22,-38,45
22,-38,45
22,-38,45
22,-38,45
22,-38,45
22,-38,46
22,-38,45
22,-38,46
22,-37,45
22,-38,46
22,-38,45
22,-38,45
22,-38,45
22,-37,45
22,-37,45
23,-37,46
23,-38,45
22,-38,45
22,-38,45
22,-37,45
22,-37,45
22,-38,45
22,-38,45
22,-38,45
22,-38,45
22,-37,45
22,-37,46
22,-37,45
22,-38,45
22,-38,45
22,-38,45
22,-37,45
22,-37,46
22,-37,45
23,-37,45
23,-37,45
23,-37,45
22,-37,46
22,-37,45
22,-38,45
22,-38,45
23,-37,46
22,-37,45
22,-38,45
22,-37,45
22,-37,45
22,-37,45
23,-38,45
22,-38,45
21,-38,46
23,-38,47
22,-37,47
23,-36,47
24,-34,48
26,-31,47
25,-31,48
25,-29,50
25,-30,49
28,-27,53
26,-26,52
32,-21,56
28,-18,57
23,-19,53
27,-18,56
25,-15,57
26,-14,58
26,-11,60
21,-9,60
21,-7,61
17,-8,58
15,-8,60
9,-7,59
6,-5,63
6,-3,64
5,-2,62
2,-2,62
1,-4,60
2,-4,63
4,-2,67
0,-1,65
0,-2,62
0,1,67
1,2,70
0,1,66
-1,0,62
0,3,70
0,4,68
-1,7,69
-1,7,68
-1,6,67
-1,7,68
-4,10,66
-8,7,60
-6,6,61
-4,9,63
-6,13,61
-7,14,60
-7,15,58
-7,17,57
-6,18,58
-5,19,59
-6,20,59
-7,20,59
-7,20,59
-9,21,56
-10,20,56
-11,20,57
-10,20,57
-12,20,56
-12,20,59
-11,19,64
-13,17,55
-15,13,52
-10,12,63
-11,10,63
-14,7,60
-11,6,62
-9,7,65
-12,7,64
-13,5,63
-11,4,64
-12,4,64
-15,3,60
-14,2,59
-12,0,65
-15,0,63
-15,0,61
-14,-1,62
-13,-3,63
-15,-3,62
-15,-2,60
-15,-2,59
-15,-2,57
-20,-5,52
-21,-8,55
-14,-9,55
-16,-12,49
-12,-10,49
-8,-8,49
16,-10,58
17,-7,57
20,-10,49
32,-12,52
49,-9,56
58,-18,55
81,-18,59
82,-21,50
59,-23,33
43,-23,37
40,-28,46
40,-29,45
34,-26,44
38,-23,45
40,-21,43
42,-23,40
41,-24,42
40,-25,43
41,-24,42
41,-23,42
41,-23,43
39,-24,42
39,-24,42
40,-24,42
41,-24,42
40,-24,42
40,-24,42
41,-24,42
41,-24,42
40,-24,42
40,-24,42
40,-24,42
40,-24,42
40,-24,42
40,-24,43
40,-24,42
39,-24,42
40,-24,42
41,-24,42
40,-25,42
39,-24,42
39,-24,42
40,-25,43
40,-25,42
39,-25,42
40,-25,42
40,-25,42
40,-25,42
39,-25,43
39,-25,42
40,-24,42
40,-25,42
40,-25,42
40,-25,42
40,-24,42
40,-24,42
40,-25,42
40,-25,42
40,-25,42
40,-25,42
40,-25,42
40,-25,42
40,-25,42
40,-25,42
40,-25,42
40,-25,42
40,-25,42
39,-25,42
40,-24,42
40,-24,42
39,-25,42
40,-25,42
40,-25,42
40,-24,42
40,-25,42
40,-24,42
40,-24,42
40,-24,42
40,-25,42
40,-24,42
40,-24,42
40,-24,42
40,-24,42
40,-24,42
40,-24,42
40,-24,42
40,-24,42
40,-24,42
40,-24,42
40,-24,42
40,-24,42
40,-24,42
40,-24,42
40,-24,42
40,-24,42
40,-24,42
40,-24,42
40,-24,42
40,-24,42
40,-24,42
40,-24,42
41,-24,42
40,-24,42
40,-24,42
41,-24,42
41,-24,42
40,-24,42
40,-24,42
40,-24,42
41,-24,42
41,-24,42
40,-25,42
39,-24,41
39,-24,42
41,-25,43
41,-25,42
39,-25,42
39,-25,42
39,-24,42
40,-25,42
40,-25,43
40,-25,43
39,-24,42
39,-24,43
39,-25,43
39,-24,43
39,-24,43
40,-24,44
39,-24,43
39,-23,43
39,-24,43
38,-24,43
38,-24,43
38,-25,44
38,-25,44
38,-24,44
38,-24,43
38,-24,43
38,-25,44
38,-25,44
38,-25,44
38,-25,44
38,-25,44
38,-25,44
38,-25,44
38,-24,44
38,-24,44
38,-24,44
38,-24,44
38,-24,44
38,-25,44
38,-24,44
37,-25,44
38,-25,44
38,-25,44
37,-25,44
38,-25,44
38,-25,44
38,-24,44
38,-25,44
38,-25,44
38,-25,44
38,-24,44
38,-25,44
38,-25,44
37,-25,44
38,-25,44
38,-25,44
38,-25,44
38,-25,44
38,-24,44
38,-24,44
38,-25,44
38,-25,44
38,-25,44
38,-25,44
38,-25,44
38,-25,44
38,-25,44
38,-25,44
38,-25,44
38,-25,44
38,-25,44
38,-25,44
38,-25,44
37,-25,44
38,-25,44
38,-25,44
38,-25,44
38,-26,43
39,-26,44
41,-27,49
41,-27,51
39,-27,52
36,-24,51
31,-21,53
30,-22,53
28,-18,51
26,-13,51
29,-9,56
33,-10,55
34,-13,53
29,-9,51
25,-13,47
23,-11,46
22,-14,36
24,-21,33
28,-24,28
31,-31,27
52,-33,35
92,-29,56
88,-27,52
41,-22,39
27,-18,37
43,-19,44
49,-19,45
33,-16,40
28,-11,39
44,-9,40
51,-8,36
55,-5,35
62,-4,36
79,-5,47
66,-9,44
29,-5,25
46,-6,24
63,-15,35
57,-15,38
52,-17,31
54,-19,28
61,-21,23
59,-22,22
49,-22,17
54,-24,18
54,-28,16
49,-28,13
46,-34,9
49,-39,4
54,-45,5
47,-44,7
46,-40,16
67,-83,25
75,-107,22
51,-70,28
33,-62,25
23,-50,18
23,-45,14
25,-46,10
22,-47,10
19,-45,5
20,-46,1
19,-45,-1
18,-47,-2
20,-51,-5
21,-52,-6
20,-56,-7
20,-58,-8
22,-60,-7
23,-62,-6
24,-62,-3
24,-60,-3
23,-59,-4
24,-59,-3
24,-60,-2
24,-58,-2
21,-54,-1
23,-55,2
23,-56,3
23,-57,3
23,-58,5
23,-59,7
22,-59,6
20,-62,6
19,-64,5
18,-65,4
18,-63,5
18,-61,6
18,-61,6
19,-64,6
19,-63,7
18,-68,8
18,-72,8
15,-65,8
13,-63,7
12,-66,8
11,-67,8
9,-61,6
9,-59,6
9,-59,7
9,-60,7
8,-59,7
8,-59,8
7,-56,7
7,-54,9
9,-53,10
9,-53,10
10,-55,9
12,-59,11
13,-59,12
13,-59,10
13,-60,10
15,-63,12
18,-63,11
15,-60,11
15,-59,11
15,-58,13
15,-57,13
16,-62,15
17,-61,17
16,-64,18
15,-66,17
13,-65,14
12,-64,10
10,-69,6
11,-75,5
13,-76,7
13,-72,7
15,-66,7
11,-66,5
12,-69,2
12,-66,1
15,-65,1
16,-62,1
18,-59,0
18,-60,-1
18,-58,-2
16,-55,-3
16,-55,-3
17,-55,-2
18,-55,-2
19,-55,-1
19,-55,-1
18,-57,0
18,-58,1
19,-60,2
19,-61,3
19,-71,3
19,-73,5
18,-72,9
18,-70,11
15,-66,14
14,-63,16
11,-59,15
11,-57,14
10,-60,14
8,-63,12
11,-65,10
10,-64,10
9,-59,8
8,-57,4
10,-57,4
11,-57,3
11,-51,3
12,-46,4
13,-46,4
16,-51,5
17,-54,5
21,-79,3
24,-82,7
21,-67,5
19,-62,4
18,-68,6
18,-70,5
11,-65,-1
10,-64,-2
13,-63,1
16,-61,2
19,-59,1
19,-58,0
18,-57,-1
17,-56,-2
17,-56,-3
18,-56,-2
18,-58,-4
19,-59,-4
19,-61,-4
20,-65,-4
20,-73,-5
19,-74,-6
19,-70,-2
20,-63,4
23,-65,8
22,-68,10
17,-70,6
8,-72,4
4,-74,5
1,-77,4
0,-74,4
1,-65,9
0,-61,10
1,-57,8
2,-57,7
2,-56,8
3,-56,8
5,-56,7
6,-54,7
8,-54,6
9,-54,5
13,-59,4
18,-63,4
22,-69,7
24,-70,9
23,-66,9
21,-63,8
16,-62,7
16,-63,7
15,-63,9
14,-60,10
14,-58,12
17,-59,17
17,-60,18
15,-63,18
14,-65,18
10,-66,19
8,-67,18
3,-68,12
0,-67,11
0,-71,7
2,-79,7
6,-71,7
5,-71,3
4,-71,-3
5,-70,-6
9,-65,-9
11,-63,-8
16,-59,-4
17,-58,-4
18,-55,-3
18,-55,-2
16,-59,-3
15,-62,-3
14,-64,-4
13,-64,-4
13,-62,-4
13,-61,-4
14,-60,-2
15,-59,0
15,-57,1
14,-57,1
14,-58,2
15,-61,4
15,-61,4
14,-58,4
14,-58,4
13,-61,3
14,-68,1
17,-80,0
17,-70,2
18,-58,8
19,-62,10
16,-68,9
13,-64,8
7,-57,6
6,-54,5
7,-53,6
9,-54,7
14,-58,10
14,-57,11
11,-56,9
11,-57,8
12,-58,8
13,-57,8
14,-56,7
14,-56,8
16,-60,11
16,-63,11
16,-66,12
14,-70,13
11,-72,12
6,-70,11
6,-68,11
5,-69,8
2,-70,7
-9,-63,3
-9,-64,0
1,-64,2
7,-65,3
14,-61,4
15,-57,4
19,-55,5
21,-58,5
20,-64,2
18,-66,0
15,-65,-3
15,-64,-4
15,-62,-4
15,-60,-3
17,-63,-2
17,-64,-2
16,-68,-2
16,-67,-1
15,-63,2
15,-63,4
13,-58,4
9,-56,6
8,-54,9
9,-49,14
9,-45,17
12,-47,21
13,-50,21
15,-53,20
15,-52,19
14,-47,18
15,-45,16
15,-47,11
16,-47,10
15,-44,5
15,-47,1
18,-56,2
20,-63,4
22,-70,4
20,-70,-2
14,-74,-4
10,-76,-4
7,-78,-9
7,-75,-6
9,-69,-4
9,-69,2
6,-66,-2
0,-64,-1
6,-65,2
16,-69,7
15,-72,7
23,-75,2
28,-73,6
31,-68,13
22,-75,6
35,-74,2
33,-77,-2
23,-77,1
19,-73,2
22,-72,-1
31,-71,1
37,-65,2
34,-64,0
33,-59,-1
34,-56,0
43,-53,0
39,-49,-1
38,-44,-3
38,-43,-4
39,-42,-6
40,-41,-5
37,-40,-5
36,-38,-8
41,-37,-11
45,-36,-9
43,-33,-6
43,-34,-12
44,-36,-7
46,-34,0
47,-34,1
47,-36,0
46,-39,0
48,-42,4
48,-43,5
44,-42,4
42,-39,1
39,-35,-4
37,-35,-6
41,-33,-3
43,-33,-7
43,-34,-10
44,-34,-8
46,-34,-7
44,-36,-10
54,-35,-10
53,-35,-12
50,-35,-12
43,-34,-15
37,-38,-13
48,-42,-11
59,-48,-15
56,-51,-7
48,-49,-7
40,-47,-11
37,-52,-7
44,-52,-5
40,-52,-2
33,-50,-4
31,-51,-5
29,-55,-3
31,-56,0
32,-58,2
31,-57,0
26,-58,-3
26,-61,-3
27,-64,1
26,-63,3
24,-63,2
22,-64,2
22,-65,4
21,-65,3
17,-66,0
16,-65,0
17,-60,1
18,-58,1
19,-56,5
20,-56,7
18,-59,9
17,-60,9
15,-64,11
14,-67,13
10,-66,16
8,-63,15
2,-62,13
-2,-59,8
-3,-57,7
1,-58,9
4,-58,11
8,-58,11
8,-59,9
7,-62,8
7,-63,8
7,-62,8
8,-62,9
8,-62,9
8,-62,10
8,-61,10
8,-61,10
8,-61,11
8,-61,10
8,-61,11
9,-62,13
10,-61,13
10,-61,11
11,-60,13
14,-59,16
16,-58,18
16,-58,17
22,-59,22
23,-61,23
23,-58,27
37,-63,40
37,-65,41
17,-67,34
9,-65,33
7,-64,39
2,-62,40
-2,-52,37
-1,-51,38
3,-46,41
4,-43,44
-3,-42,49
-4,-43,49
-5,-41,52
-6,-39,53
-6,-31,49
-10,-28,46
-13,-24,44
-10,-20,47
-11,-17,50
-13,-16,48
-12,-14,47
-12,-15,49
-15,-16,51
-15,-16,53
-14,-15,56
-16,-15,55
-18,-16,61
-15,-20,61
-16,-19,58
-16,-21,58
-15,-20,59
-16,-19,55
-17,-21,52
-14,-23,49
-14,-23,48
-12,-25,47
-9,-26,48
-11,-29,42
-8,-28,39
2,-27,38
1,-29,37
-1,-34,28
10,-37,31
16,-40,29
11,-44,25
9,-56,17
16,-64,15
18,-83,14
18,-94,18
29,-111,29
38,-110,33
34,-87,21
30,-79,20
28,-72,19
32,-68,16
24,-61,12
16,-59,9
15,-60,8
20,-60,10
21,-60,9
19,-60,9
19,-61,9
18,-65,8
18,-66,7
17,-67,6
15,-68,6
12,-67,6
12,-65,7
8,-60,8
7,-60,8
2,-60,9
0,-59,7
0,-56,3
1,-56,4
6,-56,6
9,-57,6
14,-62,7
16,-65,8
18,-67,8
17,-68,7
17,-66,8
15,-64,7
17,-61,6
14,-61,5
15,-60,5
15,-60,6
15,-60,8
15,-59,12
16,-59,14
14,-61,16
11,-63,17
13,-61,15
15,-58,12
16,-54,7
15,-53,5
15,-53,2
15,-54,1
13,-56,-1
13,-58,-2
12,-61,-3
13,-60,-3
14,-55,-4
15,-57,-6
12,-65,-13
9,-65,-17
7,-64,-24
5,-62,-25
7,-60,-25
8,-59,-22
9,-57,-13
10,-59,-13
10,-58,-13
11,-55,-6
11,-57,-6
6,-59,-10
6,-59,-10
3,-59,-10
2,-59,-12
6,-64,-11
0,-62,-10
-5,-52,-20
-2,-47,-18
-7,-51,-17
-6,-54,-20
-1,-62,-17
-12,-65,-21
-8,-61,-27
1,-64,-24
-10,-69,-26
5,-74,-38
4,-72,-38
2,-69,-26
-11,-65,-15
3,-63,-16
-4,-58,-15
1,-64,-10
-13,-62,-31
-10,-63,-22
8,-61,-2
12,-58,-19
14,-65,-13
-2,-65,-15
3,-72,7
9,-78,13
2,-76,0
23,-73,18
34,-76,26
28,-68,15
26,-60,13
6,-57,36
-4,-63,33
-72,-19,12
-46,-24,-9
46,-16,5
48,-3,19
11,-4,33
10,-12,39
27,-33,65
13,-33,56
38,-46,49
49,-47,56
39,-49,58
32,-48,52
25,-40,45
43,-38,46
55,-40,46
54,-38,41
43,-32,34
44,-28,47
51,-26,60
56,-22,50
48,-16,48
39,-22,45
37,-22,42
34,-19,37
35,-22,39
41,-24,42
42,-23,41
45,-17,42
45,-12,45
42,-12,45
43,-17,45
50,-19,50
48,-16,55
28,-10,39
36,-2,39
43,0,51
35,2,56
40,13,41
45,13,45
57,-3,48
50,4,50
40,10,47
35,10,43
36,4,42
38,9,46
30,3,46
46,10,61
43,15,57
37,13,53
38,14,55
40,11,57
41,14,63
40,10,60
37,12,56
30,14,52
28,20,59
27,18,61
22,18,54
5,22,50
1,26,46
-4,37,37
5,40,41
21,43,59
29,39,69
20,37,64
21,30,61
19,22,64
13,19,57
8,20,45
11,18,48
15,15,55
12,12,53
2,13,50
-1,22,54
-6,31,50
-16,33,53
-18,34,56
-13,34,52
-15,35,51
-14,32,51
-15,30,51
-17,29,46
-14,30,47
-11,31,53
-11,30,51
-10,28,52
-14,25,55
-14,17,71
-9,27,75
2,31,73
10,27,73
2,15,57
0,16,54
-7,13,52
-7,15,55
-10,15,59
-11,14,59
-6,7,63
2,10,67
31,28,73
22,-116,68
42,24,55
20,11,51
25,49,66
13,19,54
12,19,53
21,11,58
22,10,60
14,18,56
18,15,59
18,19,57
19,20,60
18,21,58
18,21,57
19,21,57
18,21,56
18,21,57
18,21,57
19,20,58
19,20,58
19,20,58
19,21,58
18,21,57
18,21,57
19,21,57
19,21,57
19,21,57
19,21,57
19,21,58
19,21,58
19,21,57
19,21,57
19,21,57
19,21,57
19,21,57
19,21,57
19,21,57
19,21,57
19,21,57
19,21,57
19,21,57
19,21,57
19,21,57
19,20,58
19,20,57
19,21,57
18,21,57
19,21,57
19,20,57
19,21,57
19,21,57
19,21,57
19,21,57
19,20,57
19,21,57
19,21,57
19,21,57
19,21,57
19,20,57
19,20,57
19,20,57
19,21,57
19,20,57
19,20,57
19,21,57
19,21,58
19,20,57
19,21,57
19,21,57
19,21,57
19,21,57
19,21,57
19,21,57
19,21,57
19,21,57
19,21,57
19,21,57
19,21,57
19,21,57
19,21,57
20,21,57
19,21,57
19,21,57
19,21,57
19,21,57
20,21,57
20,21,57
19,21,57
20,21,57
20,21,57
20,21,57
20,21,57
20,21,57
20,21,57
20,21,57
20,21,57
20,21,57
20,21,57
20,21,57
20,21,57
20,22,57
20,20,57
20,21,57
19,21,57
19,21,57
20,21,57
20,21,57
20,21,57
20,21,57
20,21,57
20,21,57
20,21,57
20,21,57
20,21,57
19,21,57
20,21,57
19,21,57
20,21,57
20,21,57
20,21,59
21,21,58
15,21,53
17,22,57
17,21,57
20,21,59
24,22,60
18,22,58
14,22,58
23,22,64
27,21,70
3,21,65
-7,20,64
11,14,73
-3,13,65
-23,18,57
-26,22,53
-45,27,35
-40,25,36
-36,28,36
-39,29,32
-40,31,35
-40,31,38
-43,34,41
-43,33,36
-43,31,35
-43,33,31
-42,33,33
-44,37,30
-42,37,29
-44,36,29
-44,37,28
-47,37,26
-47,38,26
-45,37,29
-47,36,29
-46,38,29
-45,38,29
-46,39,27
-46,39,25
-44,39,26
-43,39,27
-42,41,28
-43,42,25
-42,41,23
-42,41,26
-41,41,26
-42,41,25
-43,40,26
-43,41,28
-44,41,29
-44,40,27
-44,40,28
-43,40,29
-43,41,28
-43,41,26
-43,40,26
-42,40,27
-43,41,27
-43,41,26
-43,40,27
-43,40,26
-43,40,27
-44,40,27
-44,39,28
-44,39,29
-44,39,30
-44,40,30
-44,40,30
-44,40,28
-43,40,28
-43,40,27
-43,40,26
-43,40,27
-44,39,26
-43,39,27
-43,39,28
-43,39,29
-43,40,29
-43,39,29
-42,39,30
-43,39,28
-44,39,28
-43,39,28
-44,39,25
-44,39,22
-41,38,23
-41,38,24
-43,38,25
-43,36,28
-36,32,31
-36,32,30
-39,26,37
-43,22,39
-13,22,50
-10,23,53
22,14,95
18,20,107
18,28,73
1,25,58
-15,22,50
-16,24,53
-7,26,60
-4,25,61
-4,24,60
-5,24,60
-6,25,60
-5,25,59
-5,24,59
-6,24,59
-6,24,59
-6,25,59
-6,25,59
-6,25,59
-6,24,60
-5,24,60
-5,24,59
-6,25,59
-6,25,59
-6,24,59
-6,24,60
-6,25,60
-6,25,59
-6,24,59
-6,25,59
-6,25,59
-6,24,59
-6,25,60
-6,25,59
-6,25,59
-6,25,59
-6,25,60
-5,25,60
-6,24,59
-6,25,59
-6,25,59
-6,25,59
-6,24,59
-6,24,59
-6,24,59
-6,25,59
-6,24,60
-6,24,59
-6,24,59
-6,25,59
-6,25,59
-6,24,60
-6,24,60
-6,25,59
-6,25,59
-6,25,59
-6,25,59
-6,24,60
-6,24,60
-5,24,59
-6,25,59
-6,25,59
-6,24,60
-5,24,59
-6,25,59
-6,24,59
-6,25,59
-6,24,59
-6,24,59
-6,25,59
-6,24,59
-6,25,59
-6,24,60
-5,24,59
-6,25,59
-6,24,59
-6,24,59
-6,24,59
-6,24,59
-6,24,59
-6,24,59
-6,24,59
-6,25,59
-6,25,59
-6,24,60
-6,24,59
-6,25,59
-6,25,59
-6,24,59
-6,24,59
-5,24,60
-5,24,59
-6,24,59
-6,24,59
-6,25,60
-6,25,59
-6,24,59
-6,24,59
-6,24,59
-6,24,59
-6,24,59
-6,24,59
-6,24,59
-6,24,59
-6,24,59
-6,25,60
-6,24,59
-6,24,59
-6,24,59
-6,24,59
-6,25,59
-6,24,59
-6,24,59
-6,24,59
-6,25,59
-6,25,59
-6,25,59
-6,24,60
-6,24,60
-6,25,59
-6,25,59
-5,24,59
-6,24,59
-6,24,59
-5,24,59
-5,24,59
-6,25,59
-6,24,59
-6,24,59
-5,25,60
-6,25,59
-6,24,59
-6,25,59
-5,25,59
-6,24,59
-5,25,59
-6,24,59
-5,24,59
-5,25,60
-5,25,60
-5,25,59
-5,24,59
-4,24,60
-4,25,60
-4,25,59
-4,25,59
-4,24,60
-4,25,59
-4,25,59
-4,24,59
-4,25,59
-4,25,60
-4,25,59
-4,25,59
-4,25,59
-4,25,59
-4,25,59
-4,25,59
-4,25,59
-4,25,60
-4,25,59
-4,25,60
-4,25,59
-4,25,59
-4,25,59
-4,25,59
-4,25,59
-4,25,60
-4,25,59
-4,25,59
-4,25,59
-3,25,60
-4,25,59
-4,24,59
-3,25,60
-4,25,59
-4,25,59
-4,25,59
-4,24,59
-4,25,59
-4,25,60
-4,25,59
-4,25,59
-4,24,59
-5,24,59
-4,25,60
-5,24,58
-5,25,58
-5,24,59
-7,25,59
-4,23,60
0,23,63
-3,24,61
-3,24,62
0,25,65
0,25,67
-6,21,69
-8,21,69
-11,22,69
-17,21,67
-15,23,65
-16,25,64
-20,28,56
-24,27,50
-37,27,45
-41,27,45
-38,28,45
-49,27,34
-50,29,33
-47,29,34
-49,29,32
-52,28,27
-51,28,27
-51,28,26
-52,27,25
-56,25,21
-54,26,21
-52,27,21
-52,27,19
-53,27,13
-51,28,13
-51,27,10
-49,27,9
-52,23,3
-57,23,0
-55,23,3
-54,23,5
-57,24,8
-55,23,10
-61,22,8
-60,23,7
-62,23,9
-62,24,8
-53,25,12
-61,25,13
-59,22,14
-57,21,15
-60,19,15
-62,21,15
-63,22,13
-62,20,11
-62,21,12
-60,23,13
-61,21,10
-62,22,12
-61,21,12
-59,20,9
-59,22,8
-61,22,12
-59,20,10
-59,22,11
-59,20,11
-60,20,14
-60,21,13
-62,22,8
-60,23,9
-59,22,13
-60,22,12
-60,24,13
-58,21,12
-58,23,12
-62,22,14
-58,19,11
-60,18,10
-64,22,11
-58,22,9
-59,22,9
-56,22,11
-55,23,12
-56,23,15
-56,22,16
-59,26,11
-61,26,11
-58,27,12
-57,29,13
-57,28,14
-58,26,13
-59,27,15
-59,26,15
-58,24,14
-59,25,13
-61,26,12
-61,26,11
-60,26,10
-60,27,10
-60,25,11
-62,26,9
-60,26,8
-59,25,8
-60,25,6
-59,23,7
-61,24,6
-56,25,9
-55,26,10
-56,28,8
-55,27,9
-55,29,10
-54,28,10
-53,25,8
-51,26,7
-49,32,9
-47,31,9
-46,35,6
-49,38,7
-50,39,5
-51,49,7
-50,54,16
-49,50,18
-46,32,18
-44,22,21
-36,16,26
-33,16,31
-12,10,60
-13,11,66
-31,-11,82
43,9,127
6,36,111
-4,29,82
-23,15,43
-22,15,36
-22,18,35
-36,19,46
-34,19,57
-15,20,70
-12,19,69
-10,19,63
-10,20,62
-14,20,59
-16,20,58
-15,19,59
-14,20,60
-15,20,61
-16,19,60
-16,19,60
-15,19,60
-15,20,59
-15,20,58
-15,19,60
-15,20,60
-16,19,59
-16,19,59
-16,19,60
-15,20,61
-16,19,58
-17,19,58
-15,19,60
-14,19,61
-16,20,60
-16,19,58
-16,19,59
-15,20,60
-15,20,60
-15,19,59
-15,19,59
-15,19,60
-15,20,60
-16,19,59
-16,20,59
-15,19,60
-15,20,60
-15,19,59
-15,19,59
-15,20,60
-15,20,60
-15,19,60
-15,20,59
-15,20,60
-15,20,60
-16,19,59
-16,20,58
-15,19,60
-15,20,60
-16,19,59
-16,19,59
-15,20,60
-15,19,60
-15,20,60
-15,20,60
-15,20,59
-16,19,60
-15,19,60
-15,20,60
-15,19,59
-15,19,59
-15,20,60
-15,20,60
-15,20,60
-15,19,59
-15,20,59
-15,19,60
-15,19,60
-15,20,60
-15,20,59
-15,20,59
-16,19,60
-15,20,60
-15,20,59
-15,19,60
-15,19,60
-15,19,59
-15,20,59
-15,19,60
-15,20,60
-15,20,60
-15,20,59
-15,19,60
-15,19,60
-15,19,60
-15,20,60
-15,20,60
-15,20,60
-15,20,60
-15,19,60
-15,19,60
-15,19,60
-15,20,59
-15,19,59
-15,20,60
-15,20,60
-15,19,59
-15,19,60
-15,20,60
-15,20,60
-15,19,59
-15,20,60
-15,20,60
-15,20,59
-15,20,59
-15,20,60
-15,20,60
-15,20,59
-15,19,60
-15,20,60
-15,20,60
-15,20,60
-15,20,59
-15,19,59
-15,20,60
-15,20,60
-15,19,60
-15,20,60
-15,20,60
-14,20,60
-15,19,60
-15,20,60
-14,20,60
-15,19,60
-15,20,60
-15,20,59
-14,20,60
-15,20,59
-15,20,60
-15,20,60
-15,20,60
-15,20,60
-15,20,59
-15,20,60
-15,20,60
-15,20,60
-15,20,60
-15,20,60
-15,20,60
-15,20,60
-15,20,60
-15,20,60
-15,20,60
-15,20,59
-15,20,60
-15,20,60
-15,20,60
-15,20,60
-15,19,60
-15,20,60
-15,20,60
-15,20,60
-15,19,60
-15,20,60
-15,20,60
-15,20,60
-15,20,60
-15,20,60
-15,20,60
-14,20,59
-14,20,59
-15,19,59
-14,20,60
-15,20,60
-15,20,60
-15,20,60
-14,20,60
-15,20,60
-14,20,60
-14,20,60
-15,20,60
-15,20,59
-14,20,60
-15,20,60
-15,20,60
-14,20,60
-15,20,60
-15,20,60
-15,20,60
-15,20,60
-14,20,60
-14,20,60
-15,20,59
-15,20,60
-15,20,60
-15,20,60
-15,20,60
-15,20,60
-14,20,60
-15,20,60
-14,20,60
-14,20,60
-15,20,60
-14,20,59
-14,20,59
-14,20,60
-15,20,59
-15,20,60
-15,20,60
-14,20,59
-14,20,59
-15,20,59
-15,20,60
-14,20,60
-14,20,60
-15,20,60
-15,20,59
-15,20,60
-14,20,60
-15,20,60
-15,20,60
-15,20,60
-15,19,60
-15,20,60
-14,20,60
-15,20,60
-15,20,60
-15,20,60
-14,20,60
-14,20,60
-14,20,60
-14,20,60
-15,20,60
-15,20,60
-15,19,59
-14,20,59
-14,20,60
-14,20,60
-15,20,59
-15,20,59
-14,20,60
-15,20,60
-15,20,60
-15,20,60
-14,20,60
-15,20,60
-15,20,59
-15,20,60
-15,20,60
-15,20,60
-14,20,60
-15,20,60
-15,20,60
-15,20,60
-14,20,60
-15,20,60
-15,20,59
-15,20,60
-15,20,60
-14,20,60
-14,20,60
-15,20,59
-15,20,60
-15,20,60
-15,20,60
-15,20,59
-15,20,60
-14,20,60
-14,20,60
-14,20,60
-15,19,60
-15,20,60
-15,20,60
-14,20,60
-15,20,60
-15,20,59
-15,20,59
-14,20,60
-15,20,59
-15,20,60
-15,19,60
-14,20,60
-15,20,59
-15,20,60
-15,20,60
-14,20,60
-15,20,59
-15,20,59
-14,20,60
-15,20,60
-15,20,60
-14,20,60
-15,20,60
-15,20,60
-14,20,60
-15,20,60
-15,20,60
-14,20,60
-15,20,60
-15,20,60
-15,20,60
-15,20,60
-15,20,60
-14,20,60
-15,20,60
-15,19,60
-15,20,60
-15,20,60
-15,20,60
-14,20,60
-15,20,59
-15,20,59
-15,20,59
-14,20,60
-15,19,60
-15,20,60
-14,20,60
-14,20,60
-15,20,59
-15,20,60
-14,20,60
-15,20,60
-15,20,60
-15,20,59
-15,20,59
-15,20,60
-14,20,60
-15,20,60
-15,20,60
-14,20,60
-15,20,60
-15,20,59
-14,20,60
-15,20,60
-15,19,60
-14,20,60
-14,20,60
-14,20,60
-15,20,60
-15,20,60
-14,19,60
-15,20,60
-15,20,60
-15,20,60
-14,20,60
-14,20,60
-15,20,59
-14,20,60
-14,20,60
-15,20,60
-14,20,60
-14,20,59
-14,19,60
-15,20,59
-15,20,60
-14,20,60
-14,20,60
-15,19,60
-14,20,60
-15,20,59
-14,20,60
-14,20,60
-15,20,60
-15,20,60
-15,20,60
-14,20,60
-14,19,59
-15,20,60
-15,20,60
-15,20,60
-15,20,60
-14,20,60
-15,20,60
-15,20,59
-15,20,60
-15,20,60
-15,20,60
-15,20,60
-14,20,60
-14,20,60
-14,20,60
-15,20,60
-15,20,59
-14,20,60
-15,20,60
-15,19,60
-15,20,59
-14,20,60
-14,20,59
-15,20,60
-15,19,60
-14,20,60
-15,20,60
-15,20,60
-15,20,59
-15,20,60
-15,20,60
-14,20,60
-14,20,60
-15,20,60
-15,20,60
-15,20,60
-14,20,60
-15,20,60
-15,20,60
-15,20,60
-15,20,60
-15,20,60
-15,20,60
-14,20,60
-15,20,60
-15,20,60
-15,20,60
-14,20,60
-14,20,60
-14,20,60
-15,19,60
-15,20,59
-14,20,60
-14,19,60
-15,20,60
-15,20,60
-14,19,60
-14,20,60
-15,20,60
-15,20,60
-14,20,60
-14,20,60
-14,20,59
-15,20,59
-14,20,60
-14,20,60
-15,20,60
-15,20,59
-14,20,60
-15,20,60
-15,20,60
-14,20,60
-14,20,60
-15,20,60
-15,20,59
-14,20,60
-14,20,60
-15,20,60
-15,20,60
-14,20,60
-15,20,60
-15,20,60
-14,20,60
-14,20,60
-14,20,60
-14,20,60
-15,20,60
-14,20,60
-14,19,60
-15,20,60
-15,20,60
-14,20,59
-14,20,60
-15,20,59
-15,20,60
-14,20,60
-14,20,60
-14,20,60
-15,20,59
-15,20,60
-14,20,60
-14,20,60
-14,20,60
-15,20,60
-14,20,60
-14,20,60
-15,20,60
-14,20,60
-15,20,60
-15,20,60
-14,20,60
-14,20,60
-15,20,60
-15,20,60
-15,20,60
-15,20,60
-15,20,60
-15,20,60
-14,20,60
-14,20,60
-14,20,60
-15,19,60
-15,20,60
-14,20,60
-14,20,60
-15,20,60
-15,20,59
-14,20,60
-14,20,60
-15,20,60
-15,20,60
-14,20,60
-14,20,60
-14,20,60
-15,20,60
-15,20,60
-14,20,60
-15,20,60
-15,20,60
-15,20,60
-15,20,60
-15,20,60
-15,20,60
-14,20,60
-14,20,60
-15,20,60
-15,20,60
-14,20,60
-15,19,60
-15,20,60
-15,20,60
-15,20,60
-15,20,60
-15,19,60
-14,20,60
-15,20,60
-15,20,60
-14,20,60
-14,19,60
-15,19,60
-15,20,59
-14,20,59
-14,20,60
-15,20,59
-15,20,60
-14,20,60
-14,20,60
-14,20,60
-15,20,60
-15,20,60
-14,20,60
-14,20,60
-14,20,59
-15,20,59
-14,20,60
-14,20,60
-15,20,60
-14,20,60
-14,20,60
-15,20,60
-14,20,60
-15,20,60
-14,20,60
-14,20,60
-14,20,60
-15,20,60
-14,19,60
-14,20,60
-15,20,60
-14,20,60
-15,20,59
-14,20,60
-14,19,60
-14,20,59
-14,20,59
-14,19,60
-14,20,60
-15,20,60
-14,20,60
-14,20,60
-14,20,60
-14,20,60
-15,20,60
-14,20,60
-15,20,60
-14,20,60
-15,20,60
-14,20,60
-15,20,60
-15,20,60
-14,20,60
-14,20,60
-14,20,60
-14,20,60
-14,20,60
-14,20,60
-15,20,60
-14,20,60
-15,20,60
-14,20,60
-14,20,59
-15,20,59
-14,20,59
-15,20,60
-14,20,59
-14,20,60
-15,20,60
-14,20,59
-14,20,60
-14,20,60
-15,20,60
-15,20,60
-14,20,60
-15,20,60
-14,20,60
-15,20,60
-15,20,60
-15,20,60
-15,20,60
-14,20,60
-14,20,60
-15,20,60
-14,20,59
-15,19,60
-14,20,60
-14,20,60
-15,20,60
-14,20,60
-14,20,60
-15,20,59
-15,20,60
-14,20,60
-15,20,60
-15,20,60
-14,20,60
-15,20,59
-15,20,60
-14,20,60
-14,20,60
-15,20,59
-14,20,60
-14,20,60
-15,20,60
-15,20,60
-14,20,60
-15,20,60
-15,20,59
-15,20,60
-15,20,60
-14,20,60
-14,20,60
-14,20,60
-14,20,60
-14,20,60
-14,20,60
-15,20,60
-14,20,60
-15,20,60
-15,20,60
-14,20,60
-14,20,60
-15,20,60
-14,20,60
-14,20,60
-14,20,60
-14,20,60
-15,19,59
-14,20,60
-14,20,60
-15,20,60
-15,20,60
-14,20,60
-14,20,60
-14,20,59
-15,20,60
-14,20,60
-14,20,59
-14,20,60
-14,20,60
-15,20,60
-15,20,60
-14,20,60
-15,20,60
-15,20,59
-15,20,60
-14,20,60
-15,20,60
-15,20,60
-14,20,60
-14,20,60
-14,20,60
-14,20,60
-14,20,60
-14,20,60
-14,20,60
-14,20,60
-14,20,60
-14,20,60
-15,20,60
-14,20,60
-14,20,60
-15,20,60
-14,20,60
-14,20,60
-14,20,60
-14,20,60
-14,20,60
-14,20,60
-14,20,60
-14,20,60
-14,20,60
-15,20,59
-14,20,60
-14,20,60
-15,20,60
-14,20,60
-14,20,60
-14,20,60
-15,20,60
-14,20,60
-14,20,60
-14,20,60
-14,20,60
-14,20,60
-14,20,59
-14,20,60
-14,20,60
-14,20,60
-14,20,60
-14,20,60
-14,20,60
-14,19,59
-14,20,59
-14,20,60
-14,19,60
-14,20,60
-14,20,59
-14,20,60
-14,20,60
-14,20,60
-14,20,60
-14,20,60
-14,20,60
-14,20,60
-14,20,59
-15,20,60
-14,20,60
-15,20,60
-15,20,60
-14,20,60
-14,20,60
-14,20,59
-14,20,60
-14,20,60
-15,20,60
-14,20,60
-14,20,60
-14,20,60
-14,20,60
-14,20,60
-14,20,60
-15,20,60
-14,20,60
-14,20,60
-14,20,60
-15,20,59
-14,20,60
-14,20,60
-15,19,60
-15,20,59
-14,20,60
-14,20,60
-15,20,60
-14,19,60
-14,20,60
-14,20,60
-14,20,60
-14,20,60
-15,20,60
-14,20,60
-14,20,60
-15,20,59
-14,20,60
-14,20,60
-14,20,60
-15,20,60
-14,20,60
-14,20,60
-14,20,60
-14,20,60
-15,20,60
-14,20,60
-14,20,60
-15,20,60
-14,20,60
-14,20,60
-14,20,60
-14,20,59
-14,20,60
-15,20,60
-15,20,60
-14,20,59
-14,20,60
-14,20,60
-14,20,60
-14,20,60
-14,20,60
-14,20,60
-14,20,59
-15,20,59
-14,20,60
-14,20,60
-14,20,60
-14,20,60
-14,20,60
-14,20,60
-14,20,60
-14,20,60
-15,20,60
-14,20,60
-14,20,60
-14,20,60
-14,20,60
-14,20,60
-14,20,60
-14,20,60
-14,20,60
-14,20,60
-14,20,60
-14,20,60
-14,20,60
-14,20,59
-14,19,60
-15,19,60
-14,20,59
-14,20,60
-14,20,59
-14,20,59
-14,20,60
-14,20,60
-15,20,60
-14,20,59
-15,20,59
-14,20,60
-14,20,60
-14,20,60
-14,20,60
-14,20,60
-14,20,60
-14,20,60
-14,20,60
-14,19,60
-14,20,60
-14,20,60
-14,20,60
-14,20,60
-14,20,60
-14,20,60
-14,20,60
-14,20,60
-14,20,60
-14,20,60
-14,20,60
-14,20,59
-14,20,60
-14,20,60
-14,20,60
-14,19,60
-14,20,60
-14,20,59
-14,20,60
-14,20,59
-14,20,60
-14,19,60
-14,20,60
-14,20,60
-14,20,60
-15,20,60
-14,20,60
-14,20,60
-14,20,59
-15,20,60
-14,20,60
-14,20,60
-14,20,60
-14,20,60
-14,20,60
-15,20,60
-14,20,60
-14,20,60
-14,20,60
-14,20,60
-14,20,60
-14,20,60
-14,20,60
-14,20,60
-14,20,60
-14,20,59
-14,20,60
-14,20,60
-15,19,60
-14,20,59
-14,20,60
-14,20,59
-15,20,60
-14,20,60
-14,20,60
-14,20,60
-15,20,60
-15,20,60
-14,20,60
-14,20,60
-14,20,60
-14,20,60
-14,20,60
-14,20,60
-15,20,60
-14,20,60
-14,20,60
-14,20,60
-14,20,60
-14,20,60
-14,20,60
-14,20,60
-14,20,60
-14,20,60
-14,20,60
-14,20,60
-14,20,59
-14,20,60
-14,19,60
-15,19,60
-14,20,60
-14,20,60
-14,19,60
-14,20,59
-14,20,60
-14,20,60
-14,20,60
-14,20,60
-14,20,60
-14,20,60
-14,20,60
-14,20,60
-14,20,60
-14,20,60
-14,20,60
-14,20,60
-14,20,60
-14,20,60
-14,20,60
-14,20,60
-14,20,60
-14,20,60
-14,20,60
-14,20,60
-14,20,60
-14,20,60
-14,20,60
-14,20,60
-14,20,60
-14,20,60
-14,20,60
-14,19,60
-14,20,60
-14,20,60
-14,20,60
-14,20,59
-14,20,60
-14,20,60
-14,20,60
-14,20,60
-14,20,59
-15,20,60
-14,20,60
-14,20,60
-14,20,60
-14,20,60
-14,20,60
-14,20,60
-14,20,60
-14,20,60
-14,20,60
-14,20,59
-14,20,60
-14,20,60
-14,20,60
-14,20,60
-14,20,60
-14,20,60
-14,20,60
-14,20,60
-14,20,60
-14,19,60
-14,20,59
-14,20,60
-15,20,60
-14,20,60
-14,20,60
-14,20,60
-14,20,60
-14,20,60
-14,20,60
-14,20,60
-14,20,60
-15,19,60
-15,20,60
-14,20,60
-14,20,60
-14,20,60
-14,20,60
-14,20,60
-14,20,60
-14,20,60
-14,20,60
-14,20,60
-14,20,59
-14,20,60
-14,20,60
-14,20,60
-14,20,60
-15,20,60
-14,20,60
-14,20,60
-14,20,60
-15,20,60
-14,20,60
-14,20,60
-15,20,60
-14,20,59
-14,20,59
-14,20,60
-15,20,60
-14,20,60
-14,20,60
-14,20,60
-14,20,60
-15,20,60
-14,20,60
-14,20,60
-14,20,60
-14,20,60
-14,20,60
-14,20,60
-14,20,60
-14,20,60
-14,20,60
-14,20,60
-14,20,60
-14,20,60
-14,20,60
-14,20,60
-14,20,60
-14,20,60
-14,20,60
-14,20,60
-14,20,59
-14,20,60
-14,20,60
-14,20,60
-15,20,60
-14,20,59
-14,20,60
-14,19,59
-14,20,60
-14,20,60
-14,20,60
-14,20,60
-14,20,60
-14,20,60
-14,20,59
-14,20,60
-14,20,60
-14,20,60
-14,20,60
-14,20,60
-14,20,60
-14,20,60
-14,20,60
-14,20,60
-14,20,60
-14,20,60
-14,20,60
-14,20,60
-14,20,60
-14,20,60
-14,20,60
-14,20,60
-14,20,60
-14,20,60
-14,19,59
-14,20,60
-14,20,60
-14,20,60
-15,20,60
-14,20,59
-14,20,60
-14,20,60
-15,20,60
-14,20,60
-14,20,60
-14,20,60
-14,20,60
-14,20,60
-14,20,60
-14,20,60
-14,20,60
-14,20,60
-14,20,60
-14,20,60
-14,20,60
-14,20,60
-14,20,60
-14,20,60
-14,20,60
-14,20,60
-14,20,60
-14,20,60
-14,20,60
-14,20,60
-14,20,60
-14,20,60
-14,20,60
-14,20,60
-14,20,60
-14,20,60
-14,20,60
-15,20,60
-14,20,60
-14,20,60
-14,20,60
-15,20,60
-14,20,60
-14,20,60
-14,20,60
-14,20,60
-14,20,60
-14,20,60
-14,20,60
-14,20,60
-14,20,60
-14,20,60
-14,20,60
-14,20,60
-14,20,60
-14,20,60
-14,20,60
-14,20,60
-14,20,60
-14,20,60
-14,20,60
-14,20,60
-14,20,60
-14,20,60
-14,20,60
-14,20,60
-14,20,59
-14,20,59
-14,20,60
-14,20,60
-14,20,60
-14,20,59
-14,20,60
-14,20,59
-14,20,60
-14,20,60
-14,20,60
-14,19,60
-14,20,60
-14,20,60
-14,20,60
-14,20,60
-14,20,59
-14,20,59
-14,20,60
-14,20,59
-14,20,59
-14,20,60
-14,20,60
-14,20,60
-14,20,60
-14,20,60
-14,20,60
-14,20,60
-14,20,60
-14,20,60
-14,20,60
-14,20,60
-14,20,60
-14,20,60
-14,20,59
-14,20,60
-14,20,60
-14,20,60
-14,20,60
-14,20,59
-14,20,60
-14,20,60
-14,20,60
-14,20,60
-14,20,60
-14,20,60
-14,20,59
-14,20,60
-14,20,60
-14,20,60
-14,20,60
-14,20,60
-14,20,60
-14,20,60
-14,20,60
-14,20,60
-14,20,60
-14,20,60
-14,20,60
-14,20,60
-14,20,60
-14,20,60
-14,20,60
-14,20,60
-14,20,60
-14,20,60
-14,20,60
-14,20,60
-14,20,59
-14,20,60
-14,20,60
-14,19,60
-15,20,60
-14,20,59
-14,20,60
-14,20,60
-14,20,59
-14,20,60
-14,20,60
-14,20,60
-14,20,60
-14,20,60
-14,20,60
-14,20,60
-14,20,60
-14,20,60
-14,20,60
-14,20,60
-14,20,60
-14,20,60
-14,20,60
-14,20,60
-14,20,60
-14,20,60
-14,20,60
-14,20,60
-14,20,60
-14,20,60
-14,20,60
-14,20,60
-14,20,59
-14,20,60
-14,20,59
-14,20,60
-15,20,60
-14,20,60
-14,20,60
-14,20,60
-14,20,59
-14,20,60
-14,20,60
-14,20,60
-14,20,59
-14,20,60
-14,20,59
-14,20,60
-14,20,60
-14,20,60
-14,20,60
-14,20,60
-14,20,59
-14,20,60
-14,20,60
-14,20,60
-14,20,60
-14,20,60
-14,20,60
-14,20,60
-14,20,60
-14,20,60
-14,20,60
-14,20,60
-14,20,60
-14,20,60
-14,20,59
-14,20,60
-14,20,60
-14,20,60
-14,20,60
-14,20,60
-14,20,60
-14,20,60
-14,20,60
-14,20,60
-14,20,60
-14,20,60
-14,20,60
-14,20,59
-14,20,60
-14,20,60
-14,20,60
-14,20,59
-14,20,60
-14,20,60
-14,20,59
-14,20,60
-14,20,60
-14,20,60
-14,20,60
-14,20,60
-14,20,60
-14,20,59
-14,20,60
-14,20,60
-14,20,60
-14,20,60
-14,20,60
-14,20,60
-14,20,60
-14,20,59
-14,20,60
-14,20,60
-14,19,60
-14,20,60
-14,20,60
-14,20,60
-14,20,60
-14,20,60
-14,20,60
-14,20,60
-14,20,60
-14,20,60
-14,20,60
-14,20,60
-14,20,60
-14,20,60
-14,20,60
-14,20,60
-14,20,60
-14,20,60
-14,20,60
-14,20,60
-14,20,60
-14,20,60
-14,20,59
-14,20,60
-14,20,60
-14,20,60
-14,20,60
-14,20,60
-14,20,60
-14,20,60
-14,20,60
-14,20,59
-14,20,60
-14,19,60
-15,20,59
-14,20,60
-14,20,60
-14,20,60
-14,20,60
-14,20,60
-14,20,60
-14,20,60
-14,20,60
-14,20,60
-14,20,60
-14,20,60
-14,20,60
-14,20,60
-14,20,60
-14,20,60
-14,20,60
-14,20,60
-14,20,60
-14,20,60
-14,20,60
-14,20,60
-14,20,60
-14,20,60
-14,20,60
-14,20,60
-14,20,60
-14,20,60
-14,20,60
-14,20,60
-14,20,59
-14,20,60
-14,20,60
-14,20,60
-14,20,60
-14,20,60
-14,20,59
-14,20,60
-14,20,60
-14,20,60
-14,20,60
-14,20,60
-14,20,60
-14,20,60
-14,20,60
-14,20,60
-14,20,60
-14,20,60
-14,20,60
-14,20,60
-14,20,60
-14,20,60
-14,20,60
-14,20,60
-14,20,60
-14,20,60
-14,20,60
-14,20,60
-14,20,60
-14,20,60
-14,20,59
-14,20,60
-14,20,60
-14,20,60
-14,20,60
-14,20,60
-14,20,60
-14,20,60
-14,20,60
-14,20,59
-14,20,60
-14,20,60
-14,20,60
-14,20,60
-14,20,60
-14,20,60
-14,20,60
-14,20,60
-14,20,60
-14,20,60
-14,20,60
-14,20,60
-14,20,60
-14,20,60
-14,20,60
-14,20,59
-15,20,60
-14,20,60
-14,20,60
-14,20,60
-14,20,60
-14,20,60
-14,20,60
-14,20,60
-14,20,60
-14,20,60
-14,20,60
-14,19,60
-14,20,60
-14,20,60
-14,19,60
-15,20,59
-14,20,59
-14,20,60
-14,20,60
-15,20,60
-14,20,60
-14,20,60
-14,20,60
-14,20,60
-14,20,60
-14,20,60
-14,20,60
-14,20,60
-14,20,60
-14,20,60
-14,20,60
-14,20,60
-14,20,60
-14,20,60
-14,20,60
-14,20,60
-14,20,60
-14,20,60
-14,20,60
-14,20,60
-14,20,60
-14,20,60
-14,20,60
-14,20,60
-14,20,59
-14,20,59
-14,20,60
-14,19,60
-14,20,59
-14,20,59
-14,20,59
-14,20,59
-14,20,60
-14,20,60
-14,20,60
-14,20,59
-14,20,59
-14,20,60
-14,20,60
-14,20,60
-14,20,59
-14,20,60
-14,20,60
-14,20,60
-14,20,60
-14,20,60
-14,20,60
-14,20,60
-14,20,60
-14,20,60
-14,20,60
-14,20,60
-14,20,60
-14,20,60
-14,20,60
-14,20,60
-14,20,60
-14,20,60
-14,20,60
-14,19,60
-14,20,60
-14,20,59
-14,20,60
-14,20,60
-14,20,60
-14,20,60
-14,20,60
-14,20,60
-14,20,60
-14,20,59
-15,20,60
-14,20,60
-14,20,59
-14,20,60
-14,20,60
-14,20,60
-14,20,60
-14,20,60
-14,20,60
-14,20,60
-14,20,60
-14,20,60
-14,20,60
-14,20,60
-14,20,60
-14,20,60
-14,20,59
-14,20,60
-14,20,60
-14,20,60
-14,20,60
-14,20,60
-14,20,60
-14,20,60
-14,20,60
-14,20,59
-14,20,60
-14,20,60
-15,20,60
-14,20,60
-14,20,60
-14,20,60
-14,20,60
-14,20,60
-14,20,60
-14,20,60
-14,20,60
-14,20,60
-14,20,60
-14,20,60
-14,20,60
-14,20,60
-14,20,60
-14,20,60
-14,20,60
-14,20,60
-14,20,60
-14,20,60
-14,20,60
-14,20,60
-14,20,60
-14,20,60
-14,20,60
-14,20,60
-14,20,60
-14,19,60
-14,20,60
-14,20,60
-14,19,59
-14,20,59
-14,20,60
-14,20,60
-14,20,60
-14,20,60
-14,20,60
-14,20,60
-14,20,60
-14,20,60
-14,20,60
-14,20,60
-14,20,60
-14,20,60
-14,20,60
-14,20,60
-14,20,60
-14,20,60
-14,20,60
-14,20,60
-14,20,60
-14,20,60
-14,20,60
-14,20,60
-14,20,60
-14,20,60
-14,20,60
-14,20,59
-14,20,60
-14,19,60
-14,20,60
-14,20,60
-14,20,60
-14,20,60
-14,20,60
-14,20,60
-14,20,60
-14,20,60
-14,20,60
-14,20,59
-14,20,60
-14,20,60
-14,20,60
-14,20,60
-14,20,60
-14,20,60
-14,20,60
-14,20,60
-14,20,60
-14,20,60
-14,20,60
-14,20,60
-14,20,60
-14,20,60
-14,19,60
-14,20,60
-14,20,60
-14,20,60
-14,20,60
-14,20,60
-14,20,59
-14,20,60
-14,20,60
-15,20,60
-14,20,59
-14,20,60
-14,20,59
-14,20,60
-14,20,60
-14,20,60
-14,20,60
-14,20,59
-14,20,60
-14,20,60
-14,20,60
-14,20,60
-14,20,60
-14,20,60
-14,20,60
-14,20,60
-14,20,60
-14,20,60
-14,20,60
-14,20,60
-14,20,60
-14,20,60
-14,20,60
-14,19,60
-14,20,60
-14,20,60
-14,20,60
-15,20,59
-14,20,59
-14,20,60
-14,20,59
-14,20,60
-14,20,60
-14,20,60
-14,20,60
-14,20,60
-14,20,60
-14,20,60
-14,20,60
-14,20,60
-14,20,60
-14,20,60
-14,20,60
-14,20,60
-14,20,60
-14,20,60
-14,20,60
-14,20,59
-14,20,59
-14,20,60
-14,20,60
-14,20,60
-14,20,60
-14,20,60
-14,20,60
-14,20,60
-14,20,60
-14,20,60
-14,20,60
-14,20,60
-14,20,60
-14,20,60
-14,20,60
-14,20,60
-14,20,60
-14,20,60
-14,20,59
-14,20,60
-14,20,59
-14,20,60
-14,20,60
-14,20,60
-14,20,60
-14,20,60
-14,20,60
-14,20,60
-14,20,60
-14,20,60
-14,20,60
-14,20,60
-14,20,60
-14,20,60
-14,20,60
-14,20,60
-14,20,60
-14,20,60
-14,20,60
-14,20,60
-14,20,60
-14,20,60
-14,20,60
-14,20,60
-14,20,60
-14,20,60
-14,20,60
-14,20,60
-14,20,60
-14,20,60
-14,20,60
-14,20,60
-14,20,60
-14,20,60
-14,20,60
-14,20,60
-14,20,60
-14,20,60
-14,20,60
-14,20,60
-14,20,59
-14,20,60
-14,20,59
-14,20,60
-14,20,60
-14,20,59
-14,20,60
-14,20,60
-14,20,60
-14,20,60
-14,20,60
-14,20,60
-14,20,59
-14,20,60
-14,20,60
-14,20,60
-14,20,60
-14,20,60
-14,20,60
-14,20,60
-14,20,60
-14,20,60
-14,20,60
-14,20,60
-14,20,60
-14,20,60
-14,20,59
-14,20,60
-14,20,60
-14,20,60
-14,20,60
-14,20,60
-14,20,60
-14,20,59
-14,20,60
-14,20,60
-14,20,60
-14,20,60
-14,20,60
-14,20,60
-14,20,60
-14,20,59
-14,20,60
-14,20,60
-14,20,60
-14,20,60
-14,20,60
-14,20,60
-14,20,60
-14,20,60
-14,20,60
-14,20,60
-14,20,60
-14,20,60
-14,20,60
-14,20,59
-14,20,60
-14,19,60
-14,20,60
-14,20,59
-14,20,59
-14,20,60
-14,20,60
-14,20,60
-14,20,60
-14,20,60
-14,20,59
-14,20,60
-14,20,60
-14,20,59
-14,20,60
-14,20,60
-14,20,60
-14,20,59
-14,20,60
-14,20,60
-14,20,60
-14,20,60
-14,20,60
-14,20,60
-14,20,60
-14,20,60
-14,20,60
-14,20,60
-14,20,60
-14,20,60
-14,20,60
-14,20,60
-14,20,60
-14,20,60
-14,19,60
-14,20,60
-14,20,59
-14,20,60
-14,20,60
-14,20,60
-14,20,60
-14,20,60
-14,20,60
-14,20,59
-14,20,60
-14,20,60
-14,20,60
-14,20,60
-14,20,60
-14,20,59
-14,20,60
-14,20,60
-14,20,60
-14,20,60
-14,20,60
-14,20,60
-14,20,60
-14,20,60
-14,20,60
-14,20,60
-14,20,60
-14,20,60
-14,20,59
-14,20,60
-14,20,60
-14,20,60
-14,20,60
-14,20,59
-14,20,60
-14,19,60
-14,20,59
-14,20,60
-14,20,60
-14,20,60
-14,20,60
-14,20,60
-14,20,60
-14,20,60
-14,20,60
-14,20,60
-14,20,60
-14,20,60
-14,20,60
-14,20,60
-14,20,60
-14,20,60
-14,20,60
-14,20,60
-14,20,60
-14,20,60
-14,20,60
-14,20,60
-14,20,60
-14,20,60
-14,20,60
-14,20,60
-14,20,59
-14,20,60
-14,19,60
-14,20,60
-14,20,60
-14,20,60
-14,20,59
-14,20,60
-14,20,60
-14,20,60
-14,20,60
-14,20,60
-14,20,59
-14,20,60
-14,20,60
-14,20,60
-14,20,60
-14,20,60
-14,20,60
-14,20,60
-14,20,60
-14,20,60
-14,20,60
-14,20,60
-14,20,60
-14,20,59
-14,20,60
-14,20,60
-14,20,60
-14,20,60
-14,20,60
-14,20,60
-14,20,60
-14,20,60
-14,20,60
-14,20,60
-14,20,60
-14,20,59
-14,20,60
-14,20,60
-14,20,60
-14,20,60
-14,20,60
-14,20,60
-14,20,59
-14,20,60
-14,19,60
-14,20,60
-14,20,60
-14,20,60
-14,20,59
-14,20,60
-14,20,60
-14,20,60
-14,20,60
-14,20,60
-14,20,60
-14,20,60
-14,20,60
-14,20,60
-14,20,60
-14,20,60
-14,20,60
-14,20,60
-14,20,60
-14,20,60
-14,20,60
-14,20,60
-14,20,60
-14,20,59
-14,20,60
-14,20,59
-15,20,60
-14,20,60
-14,20,60
-14,20,60
-14,20,60
-14,20,60
-14,20,60
-14,20,60
-14,20,60
-14,20,60
-14,20,60
-14,20,60
-14,20,60
-14,20,60
-14,20,60
-14,20,60
-14,20,60
-14,20,60
-14,20,60
-14,20,60
-14,20,60
-14,20,60
-14,20,60
-14,20,60
-14,20,60
-14,20,60
-14,20,60
-14,20,59
-14,20,60
-14,20,60
-14,20,60
-14,20,60
-14,20,60
-14,20,60
-14,20,60
-14,20,60
-14,20,60
-14,20,60
-14,20,60
-14,20,60
-14,20,60
-14,20,60
-14,20,60
-14,20,60
-14,20,60
-14,20,60
-14,20,60
-14,20,60
-14,20,60
-14,20,60
-14,20,60
-14,20,59
-14,20,60
-14,20,60
-14,20,60
-14,20,60
-14,20,60
-14,20,60
-14,20,60
-14,20,60
-14,20,60
-14,20,60
-14,20,60
-14,20,60
-14,20,60
-14,20,60
-14,20,60
-14,20,60
-14,20,60
-14,20,60
-14,20,60
-14,20,60
-14,20,60
-14,20,60
-14,20,60
-14,20,60
-14,20,60
-14,20,60
-14,20,60
-14,20,60
-14,20,60
-14,20,60
-14,20,60
-14,20,60
-14,20,60
-14,20,60
-14,20,60
-14,20,60
-14,20,60
-14,20,60
-14,20,60
-14,20,60
-14,20,60
-14,20,60
-14,20,60
-14,20,60
-14,20,60
-14,20,60
-14,20,60
-14,20,60
-14,20,60
-14,20,60
-14,20,60
-14,20,60
-14,20,60
-14,20,60
-14,20,60
-14,20,60
-14,20,60
-14,20,60
-14,20,60
-14,20,60
-14,20,60
-14,20,60
-14,20,60
-14,20,60
-14,20,60
-14,20,60
-14,20,60
-14,20,60
-14,20,60
-14,20,60
-15,20,60
-14,20,60
-14,20,60
-14,20,60
-14,20,60
-14,20,60
-14,20,60
-14,20,60
-14,20,60
-14,20,60
-14,20,60
-14,20,60
-14,20,60
-14,20,60
-14,20,60
-14,20,60
-14,20,60
-14,20,60
-14,20,60
-14,20,60
-14,20,60
-14,20,60
-14,20,60
-14,20,60
-14,20,60
-14,20,60
-14,20,60
-14,20,60
-14,20,60
-14,20,60
-14,20,60
-14,19,60
-14,20,60
-14,20,59
-14,20,60
-14,20,60
-14,20,60
-14,20,60
-14,20,60
-14,20,60
-14,20,59
-14,20,60
-14,20,60
-14,20,60
-14,20,60
-14,20,60
-14,20,60
-14,20,60
-14,20,60
-14,20,60
-14,20,60
-14,20,60
-14,20,60
-14,20,60
-14,20,60
-14,20,60
-14,20,61
-14,20,59
-15,20,60
-14,20,60
-14,20,59
-15,20,59
-14,20,60
-14,20,60
-14,20,60
-15,20,60
-14,20,59
-14,20,58
-14,20,58
-13,20,60
-14,20,60
-15,19,60
-15,20,60
-14,20,59
-14,20,60
-14,20,60
-14,20,60
-14,20,60
-15,20,59
-15,19,60
-15,19,60
-14,20,60
-14,20,60
-15,20,60
-15,19,60
-15,20,60
-14,20,60
-14,20,60
-15,20,60
-15,20,60
-13,20,60
-14,20,59
-15,20,59
-15,20,59
-14,20,59
-14,20,59
-14,21,59
-14,21,59
-14,21,59
-14,21,58
-16,20,58
-16,20,59
-14,21,61
-13,20,61
-14,21,59
-15,21,59
-14,20,59
-14,20,59
-15,21,60
-15,20,59
-16,20,60
-13,19,61
-13,20,61
-13,21,60
-13,21,60
-14,21,57
-15,21,57
-13,21,60
-13,20,60
-13,20,60
-14,20,61
-13,21,60
-14,20,57
-15,21,57
-15,21,59
-13,21,61
-12,19,62
-14,19,60
-15,20,59
-13,20,60
-12,20,61
-14,20,61
-14,20,60
-12,21,58
-13,21,57
-15,20,60
-14,20,61
-12,20,61
-13,20,59
-14,21,59
-13,20,60
-12,20,59
-13,20,59
-14,20,60
-14,20,60
-14,20,60
-14,20,60
-13,20,61
-13,20,59
-13,20,58
-13,20,60
-13,20,60
-14,20,60
-14,20,60
-13,20,59
-13,20,60
-14,20,59
-13,20,60
-13,20,60
-13,20,59
-13,20,60
-13,20,60
-13,20,60
-14,20,60
-13,20,60
-13,20,60
-13,20,60
-13,20,60
-14,20,60
-13,20,60
-13,20,60
-14,20,59
-14,20,60
-13,20,60
-13,20,60
-14,20,60
-14,20,60
-14,20,60
-14,20,60
-13,20,60
-13,20,60
-14,20,60
-14,20,60
-13,20,60
-14,20,60
-14,20,59
-13,20,60
-13,20,60
-14,20,60
-14,20,60
-14,20,60
-13,20,60
-13,20,60
-14,20,60
-13,20,60
-13,20,60
-14,20,60
-13,20,60
-14,20,60
-13,20,59
-14,20,60
-14,20,60
-14,20,60
-14,20,60
-13,20,60
-14,20,59
-13,20,60
-13,20,60
-14,20,60
-14,20,59
-13,20,60
-13,20,60
-14,20,60
-14,20,60
-13,20,60
-13,20,60
-14,20,60
-14,20,60
-13,20,60
-14,20,60
-14,20,59
-13,20,60
-13,20,60
-14,20,60
-14,20,60
-14,20,60
-14,20,60
-14,20,60
-14,20,60
-13,20,60
-14,20,60
-14,20,59
-14,20,60
-13,20,60
-13,20,60
-14,20,59
-14,20,60
-14,19,60
-13,20,61
-12,21,60
-13,20,59
-15,19,59
-14,19,60
-13,20,60
-13,20,60
-14,20,60
-14,20,60
-14,20,60
-14,20,60
-14,20,60
-14,20,60
-14,20,60
-14,20,60
-14,20,60
-13,20,60
-14,20,60
-14,20,60
-14,20,59
-14,20,59
-14,20,59
-14,20,60
-14,20,60
-14,20,60
-14,20,60
-14,20,59
-14,20,60
-14,20,60
-14,20,60
-14,20,60
-14,20,59
-14,20,60
-14,20,60
-14,20,59
-14,20,59
-14,20,59
-14,20,60
-14,20,60
-14,20,59
-14,20,59
-14,20,61
-14,20,61
-14,20,58
-14,20,58
-14,20,60
-14,20,60
-13,20,59
-14,20,59
-14,20,60
-14,20,60
-13,20,60
-14,20,58
-14,20,60
-14,20,60
-14,21,60
-14,21,60
-14,20,59
-14,20,59
-14,20,60
-14,20,60
-14,20,60
-14,21,60
-14,21,60
-13,21,60
-14,20,59
-14,21,60
-14,20,60
-14,20,59
-14,20,60
-14,20,60
-14,20,59
-13,21,60
-13,21,59
-14,20,60
-14,20,60
-14,21,59
-14,21,60
-14,20,59
-14,21,59
-13,21,60
-14,20,60
-14,20,59
-14,20,59
-14,20,60
-14,20,60
-14,20,60
-14,20,59
-14,21,60
-13,20,60
-14,20,59
-14,20,60
-14,20,60
-14,20,60
-14,20,59
-13,21,60
-14,21,60
-14,20,59
-14,20,59
-14,20,59
-14,20,60
-14,20,60
-14,20,59
-14,20,60
-14,20,59
-14,20,60
-14,20,60
-14,20,59
-14,21,60
-14,20,60
-14,20,59
-14,20,60
-14,21,60
-14,20,60
-14,21,60
-14,21,59
-14,20,60
-14,20,60
-14,20,60
-14,20,60
-14,20,59
-14,20,60
-14,20,59
-14,20,59
-14,20,60
-14,20,59
-14,20,60
-14,20,60
-14,20,60
-14,20,60
-14,20,60
-14,20,60
-14,20,60
-14,21,60
-14,20,60
-14,20,60
-14,20,60
-14,21,60
-14,20,60
-14,20,60
-14,21,59
-14,20,59
-14,20,59
-14,20,59
-14,20,60
-14,20,60
-14,20,59
-14,20,59
-14,20,60
-14,20,60
-14,20,60
-14,20,60
-14,20,60
-14,20,60
-14,21,60
-14,20,60
-14,21,59
-14,20,60
-14,20,60
-14,20,60
-14,20,60
-14,20,59
-14,20,59
-14,20,60
-14,20,60
-14,21,60
-14,20,60
-14,20,59
-14,20,60
-14,20,59
-14,21,59
-13,20,60
-14,20,60
-14,21,59
-14,21,59
-14,20,60
-14,21,59
-14,20,60
-14,20,60
-14,20,60
-14,20,60
-14,20,60
-14,20,59
-14,20,60
-14,20,59
-14,20,60
-14,20,60
-14,21,60
-14,20,59
-14,20,59
-14,20,60
-14,20,60
-14,20,59
-14,21,59
-13,21,60
-14,20,60
-14,20,60
-14,20,60
-14,20,59
-14,20,60
-14,20,59
-14,20,59
-14,20,60
-14,21,59
-14,20,60
-14,20,60
-14,21,60
-14,21,59
-14,20,60
-14,20,59
-14,20,60
-14,20,60
-14,20,60
-14,20,60
-14,20,60
-14,20,59
-14,20,60
-14,20,60
-14,20,60
-14,20,60
-14,20,60
-14,21,60
-14,20,60
-14,20,60
-14,20,60
-14,20,60
-14,20,59
-14,20,60
-14,21,60
-14,20,60
-14,20,59
-14,20,60
-14,20,60
-14,20,60
-14,20,60
-14,21,59
-14,20,60
-14,20,60
-14,21,59
-14,21,59
-14,20,59
-14,20,59
-14,20,60
-14,20,60
-14,20,59
-14,20,59
-14,20,60
-14,20,59
-14,20,60
-14,20,60
-14,20,59
-14,20,60
-14,20,59
-14,20,59
-14,20,60
-14,20,60
-14,20,60
-14,20,60
-14,20,60
-14,20,60
-14,20,59
-14,20,60
-14,20,60
-14,20,60
-14,20,59
-14,20,59
-14,20,60
-14,20,60
-14,20,60
-14,20,60
-14,21,60
-14,20,59
-14,20,59
-14,20,60
-14,20,60
-14,20,60
-14,20,60
-14,20,59
-14,20,59
-14,20,60
-14,20,60
-14,21,60
-14,20,60
-14,20,59
-14,20,60
-14,20,59
-14,20,60
-14,20,60
-14,20,59
-14,20,60
-14,20,60
-14,20,60
-14,20,60
-14,20,60
-14,20,60
-14,20,59
-14,20,60
-14,20,60
-14,20,59
-14,21,60
-14,20,60
-14,20,59
-14,20,60
-14,20,60
-14,20,59
-14,20,59
-14,20,60
-14,20,60
-14,20,60
-14,20,60
-14,20,59
-14,20,60
-14,20,60
-14,20,59
-14,20,60
-14,20,60
-14,20,60
-14,20,59
-14,20,59
-14,20,60
-14,20,60
-14,20,60
-14,20,60
-14,20,60
-14,20,59
-14,20,60
-14,20,60
-14,20,60
-14,20,60
-14,20,59
-14,20,60
-14,21,59
-14,21,60
-14,20,60
-14,20,60
-14,20,60
-14,20,59
-14,20,59
-14,21,60
-14,20,60
-14,20,59
-14,20,60
-14,21,60
-14,21,59
-14,20,60
-14,20,60
-14,20,60
-14,20,60
-14,20,59
-14,20,59
-14,20,60
-14,20,60
-14,20,60
-14,20,60
-14,20,60
-14,20,60
-14,21,60
-14,20,59
-14,20,60
-14,20,60
-14,20,60
-14,20,59
-14,21,60
-14,20,60
-14,20,59
-14,21,59
-14,20,60
-14,20,60
-14,21,60
-14,21,60
-14,20,59
-14,20,60
-14,20,60
-14,20,60
-14,20,59
-14,21,59
-14,20,59
-14,20,60
-14,20,60
-14,20,60
-14,20,60
-14,20,59
-14,21,60
-14,20,59
-14,20,60
-14,20,60
-14,20,59
-14,21,59
-14,20,60
-14,20,60
-14,20,60
-14,20,60
-14,20,60
-14,20,60
-14,20,60
-14,20,59
-14,20,60
-14,21,59
-14,20,60
-14,20,60
-14,21,60
-14,20,60
-14,20,59
-14,20,59
-14,20,60
-14,20,60
-14,20,59
-14,20,59
-14,20,60
-14,20,60
-14,20,60
-14,20,60
-14,20,60
-14,20,60
-14,20,59
-14,20,59
-14,20,60
-14,20,60
-14,20,59
-14,20,59
-13,20,60
-14,21,60
-14,20,59
-15,20,59
-14,20,60
-14,20,60
-15,20,59
-14,21,60
-14,20,60
-15,20,60
-14,20,60
-14,21,60
-14,20,60
-15,20,59
-14,20,59
-14,20,60
-14,20,60
-14,20,59
-14,20,59
-14,20,60
-14,20,60
-14,20,60
-14,20,59
-14,20,60
-14,20,60
-14,20,59
-14,20,59
-14,21,60
-14,20,60
-14,20,60
-14,20,60
-14,20,59
-14,20,59
-14,20,60
-14,20,59
-14,20,60
-14,21,60
-14,20,59
-14,20,60
-14,20,59
-14,20,60
-14,20,60
-14,20,60
-14,21,59
-14,20,59
-14,20,59
-14,20,59
-14,20,60
-14,20,60
-14,20,60
-14,20,60
-14,20,60
-14,20,60
-14,20,59
-14,20,60
-14,20,60
-14,20,59
-14,20,59
-14,20,60
-14,20,60
-14,20,60
-14,20,60
-14,20,60
-14,20,59
-14,21,60
-14,20,59
-14,20,59
-14,20,60
-14,20,60
-14,20,59
-15,20,59
-14,20,60
-14,20,60
-14,20,60
-14,20,60
-14,21,59
-14,21,59
-14,20,60
-14,20,60
-14,20,59
-14,20,60
-14,21,60
-14,21,60
-15,20,59
-15,20,59
-14,20,60
-14,20,60
-14,20,59
-14,20,59
-14,20,60
-14,20,59
-15,20,59
-14,20,60
-14,20,60
-15,20,59
-15,20,59
-14,20,60
-14,20,60
-14,20,60
-14,20,59
-14,20,60
-14,20,60
-15,20,59
-15,20,59
-13,21,60
-14,21,60
-15,20,60
-14,20,59
-14,20,60
-14,20,59
-14,20,59
-14,21,59
-14,20,60
-14,20,60
-14,20,59
-15,20,59
-14,20,60
-14,20,60
-14,20,60
-14,20,60
-15,20,59
-14,20,60
-14,21,60
-14,20,59
-14,20,60
-14,20,59
-14,20,59
-14,20,60
-14,20,60
-14,21,59
-14,20,60
-14,20,59
-14,20,60
-14,20,60
-14,20,60
-14,20,59
-14,21,60
-14,20,60
-15,20,60
-14,21,59
-14,21,60
-14,20,59
-14,20,59
-14,20,60
-14,20,59
-14,21,59
-14,20,60
-14,20,59
-14,20,59
-14,20,60
-14,20,60
-14,20,60
-14,20,59
-14,20,59
-14,20,59
-14,20,60
-14,20,60
-14,20,60
-14,20,59
-14,20,60
-14,21,60
-14,20,59
-14,20,59
-14,20,60
-14,21,60
-14,20,59
-15,20,59
-14,20,60
-14,21,60
-14,21,59
-14,20,60
-15,21,59
-14,21,60
-14,20,59
-14,20,59
-14,20,60
-14,20,60
-14,20,59
-14,21,59
-14,20,60
-15,20,59
-15,20,60
-14,20,60
-14,20,60
-14,20,60
-14,20,59
-14,20,60
-14,20,59
-14,20,60
-14,20,59
-14,20,60
-14,20,59
-14,21,59
-14,20,60
-14,20,60
-14,21,59
-14,21,60
-14,20,60
-14,20,60
-14,20,59
-14,20,59
-14,20,60
-14,21,59
-14,20,60
-14,21,59
-14,21,59
-14,20,60
-14,20,59
-14,20,60
-14,20,59
-14,20,59
-14,20,60
-14,20,60
-14,20,60
-15,20,59
-14,20,59
-14,20,60
-14,20,60
-14,20,59
-14,20,59
-14,20,59
-14,20,59
-14,21,60
-14,20,59
-14,20,59
-14,20,60
-14,20,59
-14,20,59
-14,20,59
-14,21,59
-14,21,60
-14,20,60
-14,20,59
-14,21,60
-14,20,60
-15,20,59
-14,20,59
-14,20,60
-14,21,60
-14,21,60
-14,20,59
-14,20,60
-14,20,60
-14,20,60
-14,21,60
-14,21,59
-14,20,60
-14,20,60
-14,20,59
-14,20,59
-14,20,60
-14,20,59
-14,20,60
-14,20,60
-14,20,60
-14,20,60
-14,20,60
-14,20,60
-14,20,60
-14,20,60
-14,20,60
-14,20,59
-14,21,60
-14,20,60
-15,20,60
-14,21,59
-14,20,59
-14,20,59
-15,20,59
-14,20,60
-14,20,60
-14,20,60
-14,20,60
-14,20,59
-14,20,60
-14,20,60
-14,20,60
-14,20,60
-14,20,59
-14,20,59
-14,20,59
-14,20,59
-14,20,60
-14,20,60
-14,20,59
-14,20,59
-14,20,60
-14,20,59
-14,20,60
-14,20,59
-14,20,59
-14,20,59
-14,20,60
-14,20,59
-14,20,59
-14,20,59
-14,20,59
-14,20,59
-15,21,59
-14,20,59
-13,20,60
-13,20,60
-14,21,59
-14,20,59
-15,20,59
-14,20,61
-14,19,62
-14,21,60
-14,21,59
-13,21,57
-15,20,58
-15,20,61
-14,20,61
-14,20,61
-14,20,59
-13,20,59
-14,20,59
-14,20,59
-15,20,60
-15,20,60
-14,20,60
-13,20,60
-14,20,59
-14,20,60
-15,20,60
-15,20,60
-14,20,59
-14,20,60
-14,20,60
-14,20,60
-14,20,60
-14,20,60
-14,20,59
-14,20,59
-14,20,60
-14,20,60
-14,20,60
-14,20,60
-14,20,60
-14,20,60
-14,20,60
-14,20,60
-14,20,60
-14,20,60
-14,20,60
-14,20,60
-14,20,60
-14,20,60
-14,20,60
-15,20,59
-15,20,59
-14,20,60
-14,20,60
-15,20,59
-15,20,60
-14,20,60
-14,20,60
-14,20,59
-14,20,60
-15,20,60
-14,20,60
-14,20,59
-14,20,60
-14,20,60
-14,20,59
-14,20,60
-14,20,60
-14,20,60
-14,20,59
-14,20,60
-14,20,60
-14,20,59
-14,20,60
-14,20,60
-14,20,60
-14,20,60
-14,20,60
-14,20,60
-14,20,60
-14,20,59
-14,20,60
-14,20,60
-14,20,60
-14,20,59
-14,20,60
-14,20,60
-14,20,59
-14,20,60
-14,20,60
-14,20,60
-14,20,60
-14,20,60
-14,20,59
-14,20,60
-14,20,59
-14,20,60
-14,20,60
-14,20,60
-14,20,60
-14,20,59
-14,20,59
-14,20,60
-14,20,60
-14,20,60
-14,20,60
-14,20,60
-14,20,60
-14,20,60
-14,20,60
-15,20,60
-14,20,60
-14,20,60
-14,20,59
-14,20,60
-14,20,60
-14,20,59
-14,20,60
-14,20,60
-14,20,60
-14,20,60
-14,20,59
-14,20,60
-15,20,60
-14,20,60
-14,20,60
-14,20,60
-15,20,60
-14,20,60
-14,20,60
-14,20,60
-14,20,60
-15,20,60
-14,20,60
-14,20,60
-14,20,60
-14,20,59
-14,20,59
-14,20,60
-14,20,60
-14,20,60
-14,20,59
-15,20,60
-14,20,59
-14,20,60
-14,20,60
-14,20,60
-14,20,60
-14,20,60
-14,20,60
-14,20,60
-14,20,59
-14,20,60
-14,20,60
-14,20,59
-14,20,60
-14,20,60
-14,20,60
-14,20,59
-14,20,60
-14,20,60
-14,20,59
-14,20,60
-14,20,60
-14,20,60
-14,20,60
-14,20,60
-14,20,60
-14,20,60
-14,20,60
-14,20,60
-14,20,60
-14,20,60
-14,20,60
-14,20,60
-14,20,60
-14,20,60
-14,20,60
-14,20,60
-14,20,59
-14,20,60
-14,20,60
-14,20,59
-14,20,60
-14,20,60
-14,20,59
-14,20,59
-14,20,60
-14,20,60
-15,20,60
-14,20,60
-14,20,60
-14,20,60
-14,20,59
-14,20,60
-14,20,60
-14,20,60
-14,20,60
-14,20,60
-14,20,60
-14,20,60
-14,20,60
-14,20,60
-14,20,60
-14,20,60
-14,20,59
-14,20,60
-14,20,60
-14,20,59
-14,20,60
-14,20,60
-14,20,60
-14,20,60
-14,20,59
-14,20,59
-14,20,60
-14,20,60
-15,20,60
-14,20,59
-14,20,60
-14,20,60
-14,20,60
-14,20,60
-14,20,60
-14,20,60
-14,20,60
-14,20,60
-14,20,60
-14,20,60
-14,20,59
-15,20,60
-14,20,60
-14,20,60
-14,20,60
-14,20,60
-14,20,60
-15,20,60
-14,20,60
-14,20,60
-14,20,60
-15,20,60
-14,20,60
-14,20,60
-14,20,60
-14,20,60
-14,20,59
-14,20,60
-14,20,60
-14,20,60
-15,20,60
-14,20,59
-14,20,60
-14,20,59
-15,20,59
-14,20,60
-14,20,60
-14,20,60
-14,20,59
-14,20,60
-14,20,60
-14,20,60
-14,20,60
-14,20,60
-14,20,60
-14,20,59
-14,20,59
-14,20,60
-14,20,60
-14,20,60
-14,20,60
-14,20,60
-14,20,60
-14,20,60
-14,20,60
-14,20,59
-14,20,60
-14,20,60
-14,20,60
-14,20,60
-14,20,59
-14,20,60
-14,20,60
-14,20,60
-14,20,59
-14,20,60
-14,20,60
-14,20,60
-14,20,60
-14,20,60
-14,20,60
-14,20,59
-14,20,59
-14,20,60
-14,20,60
-14,20,60
-14,20,60
-14,20,60
-14,20,60
-14,20,60
-14,20,60
-14,20,60
-14,20,60
-14,20,60
-14,20,60
-14,20,60
-14,20,60
-14,20,60
-14,20,60
-14,20,60
-14,20,60
-14,20,60
-14,20,60
-14,20,60
-14,20,59
-14,20,60
-14,20,60
-14,20,60
-14,20,60
-14,20,59
-14,20,60
-14,20,59
-14,20,60
-14,20,60
-14,20,60
-14,20,59
-14,20,60
-15,20,60
-14,20,60
-14,20,60
-14,20,60
-14,20,60
-14,20,60
-14,20,60
-14,20,60
-14,20,60
-14,20,60
-14,20,60
-14,20,59
-14,20,60
-14,20,60
-14,20,60
-14,20,60
-14,20,60
-14,20,60
-14,20,60
-14,20,60
-14,20,60
-14,20,60
-14,20,60
-14,20,60
-14,20,60
-14,20,60
-14,20,60
-14,20,60
-14,20,59
-14,20,60
-14,20,60
-14,20,60
-14,20,60
-14,20,60
-14,20,60
-14,20,59
-14,20,60
-14,20,60
-14,20,60
-14,20,60
-14,20,60
-14,20,60
-14,20,60
-14,20,60
-14,20,60
-14,20,60
-14,20,60
-14,20,59
-14,20,60
-14,20,60
-14,20,60
-14,20,59
-14,20,60
-14,20,60
-14,20,60
-14,20,60
-14,20,60
-14,20,60
-14,20,60
-14,20,60
-15,20,60
-14,20,60
-14,20,59
-14,20,60
-14,20,59
-15,20,59
-14,20,60
-14,20,60
-14,20,59
-14,20,60
-15,20,60
-14,20,60
-14,20,60
-14,20,60
-14,20,60
-14,20,60
-14,20,59
-14,20,60
-14,20,60
-14,20,60
-14,20,60
-14,20,59
-14,20,60
-14,20,60
-14,20,60
-14,20,60
-14,20,60
-14,20,60
-14,20,60
-14,20,60
-14,20,59
-14,20,59
-14,20,60
-14,20,60
-14,20,60
-14,20,60
-14,20,60
-15,20,59
-14,20,60
-14,20,60
-14,20,60
-14,20,60
-14,20,60
-15,20,60
-14,20,60
-14,20,60
-14,20,60
-14,20,59
-14,20,60
-14,20,60
-14,20,60
-14,20,60
-14,20,60
-14,20,60
-14,20,60
-14,20,60
-14,20,60
-14,20,59
-14,20,59
-14,20,60
-14,20,60
-14,20,60
-14,20,60
-14,20,59
-14,20,60
-14,20,59
-15,20,60
-15,20,60
-14,20,59
-14,20,60
-14,20,59
-14,20,60
-14,20,60
-14,20,60
-14,20,60
-14,20,59
-14,20,60
-14,20,60
-14,20,60
-14,20,59
-14,20,60
-14,20,60
-14,20,59
-14,20,60
-14,20,60
-14,20,60
-14,20,60
-14,20,59
-14,20,60
-14,20,59
-14,20,60
-14,20,60
-14,20,60
-14,20,60
-14,20,60
-14,20,60
-14,20,60
-14,20,60
-14,20,60
-14,20,60
-14,20,60
-14,20,60
-14,20,59
-14,20,59
-14,20,60
-14,20,60
-14,20,60
-14,20,60
-14,20,60
-14,20,59
-14,20,60
-14,20,60
-14,20,60
-14,20,60
-15,20,60
-14,20,60
-14,20,60
-14,20,60
-14,20,60
-14,20,60
-14,20,60
-14,20,60
-14,20,60
-14,20,60
-14,20,60
-14,20,60
-14,20,60
-14,20,59
-14,20,60
-14,20,60
-14,20,60
-14,20,60
-14,20,60
-14,20,60
-14,20,60
-14,20,59
-14,20,59
-14,20,59
-15,20,59
-14,20,60
-14,20,60
-14,20,59
-14,20,60
-14,20,59
-14,20,60
-14,20,60
-14,20,60
-14,20,60
-14,20,59
-14,20,60
-14,20,60
-15,20,60
-14,20,60
-14,20,60
-14,20,60
-14,20,60
-14,20,60
-14,20,60
-14,20,60
-14,20,59
-14,20,60
-14,20,60
-14,20,60
-14,20,60
-14,20,60
-14,20,60
-15,20,60
-14,20,60
-14,20,60
-14,20,60
-14,20,60
-14,20,60
-14,20,59
-15,20,60
-14,20,60
-14,20,60
-14,20,59
-14,20,60
-14,20,59
-14,20,60
-14,20,60
-14,20,60
-14,20,60
-14,20,60
-14,20,60
-14,20,60
-14,20,60
-14,20,60
-14,20,60
-15,20,59
-14,20,60
-14,20,60
-14,20,60
-14,20,60
-14,20,60
-14,20,60
-14,20,60
-14,20,60
-14,20,60
-14,20,59
-14,20,60
-14,20,60
-14,20,60
-14,20,60
-14,20,60
-14,20,59
-14,21,59
-14,20,59
-15,20,59
-14,20,60
-14,20,60
-14,20,60
-14,20,60
-14,20,59
-14,20,60
-14,20,60
-14,20,60
-14,20,60
-14,20,59
-14,20,60
-14,20,60
-14,20,60
-14,20,60
-14,20,60
-14,20,60
-14,20,60
-14,20,60
-14,20,59
-14,20,60
-14,20,60
-14,20,59
-14,20,60
-14,20,60
-14,20,60
-14,20,60
-14,20,60
-14,20,60
-14,20,59
-14,20,60
-15,20,60
-14,20,59
-14,20,60
-14,20,59
-15,20,60
-15,20,60
-14,20,60
-14,20,60
-14,20,59
-14,20,60
-15,20,60
-14,20,60
-14,20,60
-15,20,60
-14,20,60
-14,20,60
-14,20,60
-14,20,60
-14,20,60
-14,20,60
-14,20,60
-14,20,60
-14,20,59
-14,20,60
-14,20,60
-14,20,59
-14,20,60
-14,20,60
-14,20,60
-14,20,60
-14,20,60
-15,20,60
-14,20,60
-14,20,60
-14,20,60
-14,20,59
-14,20,60
-14,20,60
-15,20,59
-14,20,60
-14,20,60
-14,20,60
-14,20,60
-14,20,60
-15,20,59
-14,20,60
-14,20,60
-14,20,60
-14,20,59
-14,20,60
-14,20,60
-14,20,59
-14,20,60
-14,20,60
-14,20,59
-14,20,60
-14,20,60
-14,20,60
-14,20,60
-14,20,60
-14,20,59
-14,20,60
-14,20,60
-14,20,60
-14,20,60
-14,20,59
-14,20,60
-14,20,59
-14,20,60
-14,20,60
-14,20,59
-14,20,60
-14,20,59
-14,20,59
-14,20,60
-14,20,60
-14,20,60
-14,20,60
-14,20,59
-15,20,60
-14,20,60
-14,20,60
-14,20,60
-14,20,60
-14,20,60
-14,20,60
-14,20,60
-14,20,60
-14,20,60
-14,20,60
-14,20,60
-14,20,60
-14,20,60
-15,20,60
-14,20,60
-14,20,60
-14,20,59
-14,20,60
-14,20,60
-14,20,60
-14,20,59
-14,20,60
-14,20,60
-14,20,59
-14,20,60
-15,20,60
-14,20,59
-14,20,60
-14,20,59
-15,20,60
-14,20,60
-14,20,60
-14,20,59
-14,20,59
-14,20,60
-15,20,60
-14,20,60
-14,20,60
-14,20,60
-14,20,60
-14,20,60
-14,20,60
-14,20,60
-14,20,60
-14,20,60
-14,20,60
-14,20,60
-14,20,59
-14,20,60
-14,20,60
-14,20,60
-14,20,59
-14,20,60
-14,20,60
-14,20,60
-14,20,60
-14,20,60
-14,20,60
-15,20,60
-14,20,59
-14,20,60
-14,20,59
-15,20,59
-14,20,60
-14,20,60
-14,20,59
-14,20,60
-14,20,60
-14,20,60
-14,20,60
-14,20,60
-14,20,60
-14,20,60
-14,20,60
-15,20,59
-14,20,60
-14,20,60
-14,20,59
-14,20,60
-14,20,60
-14,20,60
-14,20,59
-14,20,60
-14,20,59
-14,20,60
-14,20,59
-14,20,60
-14,20,60
-14,20,60
-14,20,60
-14,20,60
-14,20,60
-14,20,59
-14,20,60
-14,20,59
-14,20,60
-14,20,60
-14,20,60
-14,20,60
-14,20,60
-14,20,59
-14,20,60
-14,20,60
-14,20,60
-14,20,59
-14,20,60
-14,20,60
-14,20,60
-14,20,60
-14,20,60
-15,20,60
-14,20,60
-14,20,60
-14,20,60
-14,20,59
-14,20,60
-14,20,60
-14,20,60
-14,20,59
-14,20,60
-14,20,60
-14,20,60
-14,20,59
-14,20,60
-14,20,60
-14,20,60
-14,20,59
-14,20,59
-14,20,59
-14,20,60
-14,20,60
-14,20,60
-15,20,59
-14,20,59
-14,20,60
-14,20,60
-14,20,60
-14,20,60
-14,20,59
-14,20,59
-14,20,60
-14,20,60
-14,20,60
-14,20,60
-14,20,60
-14,20,60
-14,20,60
-14,20,60
-14,20,60
-14,20,59
-14,20,60
-14,20,60
-14,20,59
-14,20,59
-14,20,59
-14,20,59
-14,20,60
-15,20,60
-15,20,59
-14,20,59
-14,20,60
-15,20,60
-14,20,60
-14,20,60
-14,20,59
-14,20,60
-15,20,59
-14,20,60
-14,20,60
-14,20,59
-15,20,60
-14,20,60
-14,20,59
-14,20,59
-14,20,60
-14,20,60
-14,20,60
-14,20,60
-14,20,60
-14,20,59
-14,20,60
-14,20,60
-14,20,60
-14,20,60
-14,20,60
-14,20,59
-14,20,59
-14,20,60
-14,20,60
-14,20,59
-14,20,60
-14,20,60
-14,20,59
-14,20,60
-14,20,60
-14,20,59
-14,20,60
-14,20,60
-15,20,60
-14,20,60
-14,20,60
-14,20,60
-15,20,60
-14,20,60
-14,20,59
-14,20,59
-14,20,60
-14,20,60
-14,20,60
-14,20,60
-14,20,60
-14,20,59
-14,20,60
-14,20,60
-14,20,59
-15,20,60
-14,20,60
-14,20,60
-15,20,59
-15,20,60
-14,20,59
-14,20,60
-14,20,60
-14,20,60
-14,21,60
-14,20,59
-15,20,59
-14,20,60
-14,20,60
-15,20,59
-14,20,60
-14,20,59
-15,20,59
-14,20,60
-14,20,59
-14,20,60
-14,20,60
-14,20,59
-14,20,60
-14,20,60
-14,20,60
-14,20,60
-14,20,60
-14,20,60
-14,20,60
-14,20,59
-14,20,60
-14,20,60
-15,20,60
-15,20,59
-14,20,60
-14,20,60
-14,20,59
-14,20,59
-14,20,60
-14,20,60
-15,20,59
-15,20,59
-13,20,60
-14,20,59
-15,20,59
-14,20,60
-14,20,60
-14,20,59
-14,20,60
-14,20,60
-14,20,60
-15,20,59
-14,20,60
-14,20,60
-14,20,59
-15,20,59
-14,20,60
-14,20,60
-14,20,60
-14,20,60
-14,20,59
-14,20,59
-14,20,60
-14,20,59
-14,20,60
-14,20,60
-14,20,60
-14,20,59
-14,20,60
-14,20,60
-14,20,60
-14,20,60
-14,20,59
-15,20,60
-14,20,60
-14,20,59
-14,20,60
-14,20,60
-15,20,60
-14,20,60
-14,20,59
-14,20,60
-14,20,60
-15,20,60
-15,20,59
-14,20,60
-15,20,60
-15,20,60
-14,20,59
-14,20,60
-15,20,59
-15,20,59
-14,20,60
-14,20,60
-15,20,60
-14,20,60
-14,20,59
-14,20,60
-14,20,60
-14,20,60
-14,20,60
-14,20,60
-14,20,59
-14,20,60
-14,20,60
-14,20,60
-14,20,60
-14,20,60
-14,20,59
-14,20,60
-14,20,60
-14,20,60
-14,20,60
-14,20,60
-14,20,60
-14,20,60
-14,20,60
-14,20,60
-14,20,60
-14,20,60
-14,20,59
-14,20,60
-14,20,60
-14,20,60
-14,20,60
-14,20,59
-14,20,60
-14,20,60
-14,20,60
-14,20,60
-14,20,60
-14,20,60
-14,20,60
-14,20,60
-14,20,60
-14,20,60
-14,20,60
-14,20,60
-14,20,60
-14,20,60
-14,20,60
-14,20,59
-14,20,60
-14,20,60
-14,20,60
-14,20,60
-14,20,60
-14,20,60
-14,20,60
-14,20,60
-14,20,60
-14,20,60
-14,20,60
-14,20,59
-14,20,60
-14,20,60
-14,20,60
-14,20,60
-14,20,60
-14,20,60
-14,20,60
-14,20,60
-14,20,60
-14,20,60
-14,20,59
-14,20,60
-14,20,60
-14,20,60
-14,20,60
-14,20,60
-14,20,59
-14,20,60
-14,20,60
-14,20,60
-14,20,60
-14,20,60
-14,20,60
-14,20,60
-14,20,60
-14,20,60
-14,20,60
-14,20,60
-14,20,59
-14,20,59
-14,20,60
-14,20,60
-14,20,60
-14,20,60
-14,20,60
-14,20,60
-14,20,60
-14,20,60
-14,20,60
-14,20,60
-14,20,60
-14,20,60
-14,20,60
-14,20,60
-14,20,60
-14,20,60
-14,20,60
-14,20,60
-14,20,60
-14,20,59
-14,20,60
-14,20,60
-14,20,60
-14,20,60
-14,20,60
-14,20,60
-14,20,60
-14,20,60
-14,20,60
-14,20,60
-14,20,60
-14,20,60
-14,20,60
-14,20,60
-14,20,60
-14,20,60
-14,20,60
-14,20,60
-14,20,60
-14,20,60
-14,20,60
-14,20,60
-14,20,59
-14,20,60
-14,20,60
-14,20,60
-14,20,60
-14,20,59
-14,20,60
-14,20,60
-14,20,60
-14,20,60
-14,20,60
-14,20,60
-14,20,59
-14,20,60
-14,20,60
-14,20,60
-14,20,60
-14,20,60
-14,20,60
-14,20,60
-14,20,60
-14,20,60
-14,20,60
-14,20,60
-14,20,59
-14,20,60
-14,20,60
-14,20,60
-14,20,60
-14,20,59
-14,20,60
-14,20,60
-14,20,60
-14,20,60
-14,20,60
-14,20,60
-14,20,60
-14,20,60
-14,20,60
-14,20,60
-14,20,60
-14,20,60
-14,20,60
-14,20,60
-14,20,60
-14,20,60
-14,20,60
-14,20,60
-14,20,60
-14,20,60
-14,20,60
-14,20,60
-14,20,60
-14,20,60
-14,20,60
-14,20,60
-14,20,60
-14,20,60
-14,20,59
-14,20,60
-14,20,60
-14,20,60
-14,20,60
-14,20,59
-14,20,60
-14,20,60
-14,20,60
-14,20,60
-14,20,60
-14,20,60
-14,20,60
-14,20,59
-14,20,60
-14,20,60
-14,20,60
-14,20,59
-14,20,60
-14,20,60
-14,20,60
-14,20,60
-14,20,60
-14,20,59
-14,20,60
-14,20,60
-14,20,60
-14,20,60
-14,20,60
-14,20,60
-14,20,60
-14,20,60
-14,20,60
-14,20,60
-14,20,59
-14,20,60
-14,20,60
-14,20,60
-14,20,60
-14,20,59
-14,20,60
-14,20,60
-14,20,60
-14,20,60
-14,20,60
-14,20,59
-14,20,60
-14,20,60
-14,20,60
-14,20,60
-14,20,60
-14,20,60
-14,20,60
-14,20,60
-14,20,60
-14,20,60
-14,20,59
-14,20,60
-14,20,60
-14,20,60
-14,20,59
-14,20,59
-14,20,59
-14,20,60
-14,20,60
-14,20,60
-14,20,60
-14,20,60
-14,20,59
-14,20,60
-14,20,60
-14,20,60
-14,20,60
-14,20,60
-14,20,60
-14,20,60
-14,20,60
-14,20,60
-14,20,60
-14,20,60
-14,20,60
-14,20,60
-14,20,60
-14,20,60
-14,20,60
-14,20,60
-14,20,60
-14,20,60
-14,20,60
-14,20,60
-14,20,60
-14,20,59
-14,20,60
-14,20,60
-14,20,60
-14,20,59
-14,20,60
-14,20,60
-14,20,60
-14,20,60
-14,20,60
-14,20,60
-14,20,60
-14,20,60
-14,20,60
-14,20,60
-14,20,60
-14,20,60
-14,20,60
-14,20,60
-14,20,60
-14,20,60
-14,20,60
-14,20,60
-14,20,60
-14,20,60
-14,20,60
-14,20,60
-14,20,60
-14,20,60
-14,20,60
-14,20,60
-14,20,60
-14,20,60
-14,20,60
-14,20,59
-14,20,60
-14,20,60
-14,20,59
-14,20,60
-14,20,60
-14,20,60
-14,20,60
-14,20,60
-14,20,60
-14,20,59
-14,20,60
-14,20,59
-14,20,60
-14,20,60
-14,20,59
-14,20,60
-14,20,60
-14,20,59
-14,20,60
-14,20,60
-14,20,60
-14,20,60
-14,20,60
-14,20,60
-14,20,60
-14,20,60
-14,20,60
-14,20,60
-14,20,60
-14,20,60
-14,20,60
-14,20,60
-14,20,60
-15,20,60
-14,20,60
-14,20,59
-14,20,60
-14,20,59
-14,20,60
-14,20,60
-14,20,60
-14,20,60
-14,20,60
-14,20,60
-14,20,60
-14,20,60
-14,20,59
-14,20,60
-14,20,60
-14,20,60
-14,20,60
-14,20,60
-14,20,60
-14,20,59
-14,20,60
-14,20,60
-14,20,59
-14,20,60
-14,20,60
-14,20,60
-14,20,59
-14,20,60
-14,20,60
-14,20,60
-14,20,60
-14,20,60
-14,20,60
-14,20,60
-14,20,60
-14,20,60
-14,20,60
-14,20,59
-14,20,60
-14,20,60
-14,20,60
-14,20,60
-14,20,60
-14,20,60
-14,20,60
-14,20,60
-14,20,60
-14,20,60
-14,20,60
-14,20,59
-14,20,60
-14,20,60
-14,20,59
-14,20,60
-14,20,60
-14,20,60
-14,20,60
-14,20,59
-14,20,60
-14,20,60
-14,20,60
-14,20,60
-14,20,60
-14,20,60
-14,20,60
-14,20,60
-14,20,60
-14,20,60
-14,20,60
-14,20,60
-14,20,60
-14,20,59
-14,20,60
-14,20,60
-14,20,60
-14,20,60
-14,20,60
-14,20,60
-14,20,60
-14,20,60
-14,20,60
-14,20,60
-14,20,60
-14,20,60
-14,20,60
-14,20,60
-14,20,60
-14,20,60
-14,20,60
-14,20,60
-14,20,60
-14,20,60
-14,20,60
-14,20,60
-14,20,60
-14,20,60
-14,20,60
-14,20,60
-14,20,60
-14,20,60
-14,20,60
-14,20,60
-15,20,60
-14,20,60
-13,20,60
-14,20,59
-14,20,60
-14,20,60
-14,20,60
-14,20,59
-14,20,60
-14,20,60
-14,20,60
-14,20,60
-14,20,60
-14,20,60
-14,20,59
-14,20,60
-14,20,60
-14,20,60
-14,20,60
-14,20,60
-14,20,60
-14,20,60
-14,20,60
-14,20,60
-14,20,60
-14,20,60
-14,20,60
-14,20,60
-14,20,60
-14,20,59
-14,20,60
-14,20,60
-14,20,60
-14,20,60
-14,20,60
-14,20,60
-14,20,60
-14,20,60
-14,20,60
-14,20,60
-14,20,60
-14,20,60
-14,20,59
-14,20,60
-14,20,60
-14,20,60
-14,20,60
-14,20,60
-14,20,60
-14,20,60
-14,20,60
-14,20,60
-14,20,59
-14,20,59
-14,20,60
-14,20,60
-14,20,60
-14,20,60
-14,20,59
-14,20,60
-14,20,60
-14,20,60
-14,20,60
-14,20,60
-14,20,60
-14,20,60
-14,20,60
-14,20,60
-14,20,60
-14,20,59
-14,20,60
-14,20,60
-14,20,60
-14,20,60
-14,20,60
-14,20,60
-14,20,59
-14,20,60
-14,20,60
-14,20,60
-14,20,60
-14,20,60
-14,20,60
-14,20,60
-14,20,60
-14,20,60
-14,20,60
-14,20,60
-14,20,60
-14,20,60
-14,20,60
-14,20,60
-14,20,60
-14,20,60
-14,20,60
-14,20,60
-14,20,60
-14,20,60
-14,20,60
-14,20,60
-14,20,60
-14,20,60
-14,20,60
-14,20,59
-14,20,60
-14,20,59
-14,20,60
-14,20,60
-14,20,60
-14,20,60
-14,20,59
-14,20,59
-14,20,60
-14,20,60
-14,20,60
-14,20,60
-14,20,60
-14,20,60
-14,20,60
-14,20,60
-14,20,60
-14,20,60
-14,20,60
-14,20,60
-14,20,60
-14,20,59
-14,20,59
-14,20,60
-14,20,59
-14,20,60
-14,20,60
-14,20,60
-14,20,59
-14,20,60
-14,20,60
-14,20,60
-14,20,60
-14,20,60
-14,20,59
-14,20,60
-14,20,60
-14,20,60
-14,20,60
-14,20,60
-14,20,59
-14,20,60
-14,20,60
-14,20,60
-14,20,60
-14,20,60
-14,20,60
-14,20,59
-14,20,60
-14,20,60
-14,20,60
-14,20,60
-14,20,60
-14,20,60
-14,20,60
-14,20,60
-14,20,60
-14,20,60
-14,20,60
-14,20,60
-14,20,60
-14,20,60
-14,20,60
-14,20,60
-14,20,60
-14,20,60
-14,20,60
-14,20,59
-14,20,59
-14,20,60
-14,20,60
-14,20,60
-14,20,60
-14,20,59
-14,20,60
-14,20,60
-14,20,60
-14,20,60
-14,20,60
-14,20,60
-14,20,59
-14,20,60
-14,20,60
-14,20,59
-14,20,60
-14,20,60
-14,20,60
-14,20,60
-14,20,60
-14,20,60
-14,20,60
-14,20,60
-14,20,60
-14,20,60
-14,20,60
-14,20,59
-14,20,60
-14,20,60
-14,20,60
-14,20,60
-14,20,60
-14,20,60
-14,20,60
-14,20,60
-14,20,60
-14,20,60
-14,20,60
-14,20,59
-14,20,60
-14,20,60
-14,20,60
-14,20,59
-14,20,59
-14,20,60
-14,20,60
-14,20,60
-14,20,60
-14,20,60
-14,20,60
-14,20,59
-14,20,60
-14,20,60
-14,20,59
-14,20,60
-14,20,60
-14,20,60
-14,20,60
-14,20,60
-14,20,60
-14,20,60
-14,20,59
-14,20,60
-14,20,60
-14,20,60
-14,20,59
-14,20,60
-14,20,59
-14,20,60
-14,20,60
-14,20,60
-14,20,60
-14,20,59
-14,20,60
-14,20,60
-14,20,60
-14,20,60
-14,20,60
-14,20,60
-14,20,60
-14,20,60
-14,20,60
-14,20,60
-14,20,60
-14,20,60
-14,20,60
-14,20,60
-14,20,60
-14,20,60
-14,20,60
-14,20,60
-14,20,60
-14,20,60
-14,20,60
-14,20,60
-14,20,60
-14,20,60
-14,20,60
-14,20,60
-14,20,59
-14,20,60
-14,20,59
-14,20,60
-14,20,60
-14,20,60
-14,20,60
-14,20,60
-14,20,60
-14,20,60
-14,20,60
-14,20,60
-14,20,59
-14,20,60
-14,20,60
-14,20,60
-14,20,60
-14,20,60
-14,20,60
-14,20,60
-14,20,60
-14,20,60
-14,20,60
-14,20,60
-14,20,60
-14,20,60
-14,20,60
-14,20,60
-14,20,60
-14,20,60
-14,20,60
-14,20,59
-14,20,60
-14,20,60
-14,20,60
-14,20,60
-14,20,59
-14,20,60
-14,20,59
-14,20,60
-14,20,60
-14,20,60
-14,20,60
-14,20,60
-14,20,60
-14,20,60
-14,20,60
-14,20,60
-14,20,60
-14,20,60
-14,20,60
-14,20,59
-14,20,60
-14,20,60
-14,20,60
-14,20,60
-14,20,60
-14,20,60
-14,20,59
-14,20,60
-14,20,60
-14,20,60
-14,20,60
-14,20,60
-14,20,60
-14,20,60
-14,20,60
-14,20,59
-14,20,60
-14,20,60
-14,20,60
-14,20,59
-14,20,60
-14,20,59
-14,20,60
-14,20,60
-14,20,60
-14,20,59
-14,20,59
-14,20,60
-14,20,60
-14,20,60
-14,20,60
-14,20,59
-14,20,60
-14,20,60
-14,20,60
-14,20,60
-14,20,60
-14,20,60
-14,20,60
-14,20,60
-14,20,60
-14,20,60
-14,20,60
-14,20,60
-14,20,60
-14,20,60
-14,20,60
-14,20,60
-14,20,60
-14,20,60
-14,20,60
-14,20,60
-14,20,60
-14,20,59
-14,20,60
-14,20,60
-14,20,60
-14,20,60
-14,20,60
-14,20,60
-14,20,60
-14,20,59
-14,20,60
-14,20,60
-14,20,60
-14,20,60
-14,20,60
-14,20,60
-14,20,60
-14,20,59
-14,20,60
-14,20,60
-14,20,60
-14,20,60
-14,20,60
-14,20,60
-14,20,60
-14,20,60
-14,20,60
-14,20,60
-14,20,60
-14,20,60
-14,20,60
-14,20,60
-14,20,60
-14,20,60
-14,20,60
-14,20,60
-14,20,59
-14,20,60
-14,20,60
-14,20,60
-14,20,60
-14,20,60
-14,20,60
-14,20,59
-14,20,59
-14,20,60
-14,20,60
-14,20,59
-14,20,60
-14,20,60
-14,20,60
-14,20,60
-14,20,60
-14,20,60
-14,20,59
-14,20,60
-14,20,60
-14,20,60
-14,20,60
-14,20,60
-14,20,60
-14,20,60
-14,20,60
-14,20,60
-14,20,59
-14,20,59
-14,20,60
-14,20,60
-14,20,60
-14,20,59
-14,20,60
-14,20,60
-14,20,59
-14,20,60
-14,20,60
-14,20,60
-14,20,59
-14,20,59
-14,20,60
-14,20,60
-14,20,60
-14,20,60
-14,20,60
-14,20,60
-14,20,60
-14,20,60
-14,20,60
-14,20,60
-14,20,59
-14,20,60
-14,20,60
-14,20,60
-14,20,60
-14,20,60
-14,20,60
-14,20,60
-14,20,59
-14,20,60
-14,20,60
-14,20,59
-14,20,60
-14,20,60
-14,20,60
-14,20,60
-14,20,60
-14,20,59
-14,20,60
-14,20,60
-14,20,60
-14,20,59
-14,20,59
-14,20,59
-14,20,60
-14,20,60
-14,20,60
-14,20,60
-14,20,60
-14,20,60
-14,20,60
-14,20,60
-14,20,60
-14,20,60
-14,20,60
-14,20,60
-14,20,60
-14,20,60
-14,20,60
-14,20,59
-14,20,60
-14,20,60
-14,20,60
-14,20,60
-14,20,60
-14,20,60
-14,20,60
-14,21,60
-14,20,60
-14,20,60
-14,20,60
-14,20,60
-14,20,60
-14,20,60
-14,20,60
-14,20,60
-14,20,60
-14,20,60
-14,20,60
-14,20,60
-14,20,60
-14,20,60
-14,20,60
-14,20,60
-14,20,60
-14,20,60
-14,20,59
-14,20,60
-14,20,60
-14,20,60
-14,20,60
-14,20,60
-14,20,60
-14,20,60
-14,20,60
-14,20,60
-14,20,60
-14,20,60
-14,20,60
-14,20,59
-14,20,60
-14,20,60
-14,20,60
-14,20,59
-14,20,60
-14,20,60
-14,20,60
-14,20,60
-14,20,60
-14,20,59
-14,20,60
-14,20,60
-14,20,60
-14,20,60
-14,20,60
-14,20,60
-14,20,60
-14,20,60
-14,20,60
-14,20,59
-14,20,60
-14,20,60
-14,20,60
-14,20,60
-14,20,60
-14,20,60
-14,20,60
-14,20,60
-14,20,60
-14,20,60
-14,20,60
-14,20,60
-14,20,60
-14,20,60
-14,20,60
-14,20,60
-14,20,60
-14,20,60
-14,20,60
-14,20,60
-14,20,60
-14,20,60
-14,20,60
-14,20,60
-14,20,60
-14,20,60
-14,20,60
-14,20,60
-14,20,60
-14,20,60
-14,20,60
-14,20,60
-14,20,60
-14,20,60
-14,20,60
-14,20,60
-14,20,60
-14,20,60
-14,20,60
-14,20,60
-14,20,59
-14,20,59
-14,20,60
-14,20,60
-14,20,60
-14,20,60
-14,20,60
-14,20,60
-14,20,60
-14,20,60
-14,20,60
-14,20,60
-14,20,60
-14,20,60
-14,20,60
-14,20,60
-14,20,60
-14,20,59
-14,20,60
-14,20,59
-14,20,59
-14,20,60
-14,20,60
-14,20,59
-14,20,60
-14,20,60
-14,20,60
-14,20,60
-14,20,60
-14,20,60
-14,20,59
-14,20,60
-14,20,60
-14,20,60
-14,20,60
-14,20,60
-14,20,60
-14,20,60
-14,20,60
-14,20,60
-14,20,60
-14,20,60
-14,20,60
-14,20,60
-14,20,60
-14,20,59
-14,20,59
-14,20,60
-14,20,60
-14,20,60
-14,20,60
-14,20,59
-14,20,60
-14,20,60
-14,20,60
-14,20,60
-14,20,60
-14,20,60
-14,20,60
-14,20,60
-14,20,60
-14,20,60
-14,20,60
-14,20,60
-14,20,59
-14,20,60
-14,20,60
-14,20,60
-14,20,60
-14,20,60
-14,20,60
-14,20,60
-14,20,60
-14,20,60
-14,20,60
-14,20,60
-14,20,60
-14,20,60
-14,20,60
-14,20,60
-13,20,60
-14,20,60
-14,20,60
-14,20,60
-14,20,60
-14,20,59
-14,20,60
-14,20,60
-14,20,60
-14,20,60
-14,20,60
-14,20,60
-14,20,60
-14,20,60
-14,20,60
-14,20,60
-14,20,60
-14,20,60
-14,20,60
-14,20,60
-14,20,60
-14,20,60
-14,20,60
-14,20,60
-14,20,60
-14,20,60
-14,20,60
-14,20,60
-14,20,60
-14,20,60
-14,20,60
-14,20,60
-14,20,60
-14,20,60
-14,20,60
-14,20,60
-14,20,60
-14,20,60
-14,20,60
-14,20,59
-14,20,60
-14,20,60
-14,20,60
-14,20,60
-14,20,59
-14,20,60
-14,20,60
-14,20,60
-14,20,60
-14,20,60
-14,20,60
-14,20,60
-14,20,60
-14,20,60
-14,20,60
-14,20,60
-14,20,60
-14,20,60
-14,20,60
-14,20,60
-14,20,60
-14,20,59
-14,20,60
-14,20,59
-14,20,59
-14,20,60
-14,20,60
-14,20,60
-14,20,60
-14,20,59
-14,20,60
-14,20,60
-14,20,60
-14,20,59
-14,20,59
-14,20,59
-14,20,60
-14,20,60
-14,20,60
-14,20,60
-14,20,59
-14,20,59
-14,20,60
-14,20,60
-14,20,60
-14,20,59
-14,20,60
-14,20,60
-14,20,60
-14,20,60
-14,20,60
-14,20,60
-14,20,60
-14,20,60
-14,20,60
-14,20,60
-14,20,60
-14,20,60
-14,20,60
-14,20,60
-14,20,60
-14,20,60
-14,20,60
-14,20,60
-14,20,60
-14,20,59
-14,20,59
-14,20,60
-14,20,60
-14,20,60
-14,20,60
-14,20,60
-14,20,60
-14,20,60
-14,20,60
-14,20,60
-14,20,60
-14,20,59
-14,20,60
-14,20,60
-14,20,60
-14,20,60
-14,20,60
-14,20,60
-14,20,60
-14,20,60
-14,20,60
-14,20,60
-14,20,60
-14,20,60
-14,20,60
-14,20,60
-14,20,60
-14,20,60
-14,20,60
-14,20,60
-14,20,60
-14,20,60
-14,20,60
-14,20,60
-14,20,59
-14,20,59
-14,20,60
-14,20,60
-14,20,60
-14,20,60
-14,20,60
-14,20,59
-14,20,60
-14,20,60
-14,20,60
-14,20,60
-14,20,60
-14,20,59
-14,20,60
-14,20,60
-14,20,60
-14,20,60
-14,20,60
-14,20,60
-14,20,59
-14,20,60
-14,20,60
-14,20,60
-14,20,60
-14,20,60
-14,20,60
-14,20,60
-14,20,60
-14,20,60
-14,20,60
-14,20,60
-14,20,59
-14,20,60
-14,20,60
-14,20,60
-14,20,60
-14,20,60
-14,20,60
-14,20,60
-14,20,60
-14,20,60
-14,20,60
-14,20,59
-14,20,60
-14,20,60
-14,20,60
-14,20,60
-14,20,59
-14,20,60
-14,20,60
-14,20,60
-14,20,59
-14,20,60
-14,20,60
-14,20,60
-14,20,60
-14,20,60
-14,20,60
-14,20,60
-14,20,60
-14,20,59
-14,20,60
-14,20,60
-14,20,60
-14,20,60
-14,20,60
-14,20,60
-14,20,60
-14,20,60
-14,20,60
-14,20,60
-14,20,60
-14,20,60
-14,20,60
-14,20,60
-14,20,60
-14,20,60
-14,20,59
-14,20,60
-14,20,60
-14,20,60
-14,20,60
-14,20,59
-14,20,60
-14,20,60
-14,20,60
-14,20,59
-14,20,60
-14,20,60
-14,20,60
-14,20,60
-14,20,60
-14,20,60
-14,20,60
-14,20,60
-14,20,60
-14,20,60
-14,20,60
-14,20,60
-14,20,60
-14,20,60
-14,20,60
-14,20,60
-14,20,60
-14,20,60
-14,20,60
-14,20,60
-14,20,60
-14,20,60
-14,20,59
-14,20,60
-14,20,59
-14,20,60
-14,20,60
-14,20,60
-14,20,60
-14,20,59
-14,20,60
-14,20,60
-14,20,60
-14,20,59
-14,20,59
-14,20,60
-14,20,60
-14,20,60
-14,20,60
-14,20,60
-14,20,59
-14,20,60
-14,20,60
-14,20,60
-14,20,60
-14,20,60
-14,20,60
-14,20,60
-14,20,60
-14,20,60
-14,20,60
-14,20,60
-14,20,60
-14,20,60
-14,20,60
-14,20,60
-14,20,60
-14,20,59
-14,20,60
-14,20,60
-14,20,60
-14,20,60
-14,20,60
-14,20,60
-14,20,60
-14,20,60
-14,20,60
-14,20,60
-14,20,60
-14,20,60
-14,20,60
-14,20,60
-14,20,60
-14,20,60
-14,20,60
-14,20,60
-14,20,60
-14,20,60
-14,20,60
-14,20,60
-14,20,60
-14,20,60
-14,20,60
-14,20,59
-14,20,60
-14,20,60
-14,20,60
-14,20,60
-14,20,60
-14,20,60
-14,20,60
-14,20,59
-14,20,60
-14,20,60
-14,20,60
-14,20,60
-14,20,60
-14,20,60
-14,20,60
-14,20,60
-14,20,60
-14,20,60
-14,20,60
-14,20,59
-14,20,59
-14,20,60
-14,20,60
-14,20,60
-14,20,60
-14,20,60
-14,20,60
-14,20,60
-14,20,60
-14,20,60
-14,20,60
-14,20,60
-14,20,60
-14,20,60
-14,20,60
-14,20,59
-14,20,59
-14,20,60
-14,20,60
-14,20,60
-14,20,60
-14,20,60
-14,20,60
-14,20,60
-14,20,60
-14,20,60
-14,20,60
-14,20,59
-14,20,60
-14,20,60
-14,20,60
-14,20,60
-14,20,60
-14,20,60
-14,20,60
-14,20,60
-14,20,60
-14,20,60
-14,20,60
-14,20,60
-14,20,60
-14,20,60
-14,20,60
-14,20,60
-14,20,60
-14,20,60
-14,20,60
-14,20,60
-14,20,60
-14,20,60
-14,20,60
-14,20,60
-14,20,60
-14,20,60
-14,20,60
-14,20,60
-14,20,60
-14,20,60
-14,20,60
-14,20,60
-14,20,60
-14,20,60
-14,20,60
-14,20,60
-14,20,60
-14,20,60
-14,20,60
-14,20,60
-14,20,60
-14,20,60
-14,20,60
-14,20,60
-14,20,60
-14,20,60
-14,20,60
-14,20,60
-14,20,60
-14,20,60
-14,20,60
-14,20,60
-14,20,60
-14,20,60
-14,20,60
-14,20,60
-14,20,59
-14,20,60
-14,20,60
-14,20,59
-14,20,60
-14,20,60
-14,20,59
-14,20,60
-14,20,60
-14,20,60
-14,20,60
-14,20,60
-14,20,60
-14,20,60
-14,20,60
-14,20,60
-14,20,60
-14,20,60
-14,20,60
-14,20,60
-14,20,59
-14,20,60
-14,20,60
-14,20,60
-14,20,60
-14,20,60
-14,20,59
-14,20,60
-14,20,60
-14,20,59
-14,20,60
-14,20,60
-14,20,60
-14,20,59
-14,20,60
-14,20,60
-14,20,59
-14,20,60
-14,20,60
-14,20,60
-14,20,59
-14,20,59
-14,20,60
-14,20,60
-14,20,60
-14,20,60
-14,20,60
-14,20,60
-14,20,59
-14,20,60
-14,20,60
-14,20,60
-14,20,60
-14,20,60
-14,20,60
-14,20,60
-14,20,60
-14,20,60
-14,20,60
-14,20,60
-14,20,60
-14,20,60
-14,20,60
-14,20,60
-14,20,60
-14,20,60
-14,20,60
-14,21,59
-14,20,59
-14,20,60
-14,20,60
-14,20,60
-14,20,60
-14,20,60
-14,20,60
-14,20,59
-14,20,60
-14,20,60
-14,20,60
-14,20,60
-14,20,59
-14,20,60
-14,20,60
-14,20,60
-14,20,60
-14,20,60
-14,20,60
-14,20,60
-14,20,60
-14,20,60
-14,20,60
-14,20,60
-14,20,60
-14,20,60
-14,20,60
-14,20,60
-14,20,59
-14,20,60
-14,20,60
-14,20,60
-14,20,60
-14,20,60
-14,20,59
-14,20,60
-14,20,60
-14,20,60
-14,20,60
-14,20,59
-14,20,60
-14,20,60
-14,20,60
-14,20,60
-14,20,60
-14,20,60
-14,20,60
-14,20,60
-14,20,60
-14,20,60
-14,20,60
-14,20,60
-14,20,60
-14,20,60
-14,20,60
-14,20,60
-14,20,60
-14,20,60
-14,20,60
-14,20,59
-14,20,60
-14,20,60
-14,20,60
-14,20,60
-14,20,60
-14,20,60
-14,20,60
-14,20,60
-14,20,60
-14,20,60
-14,20,60
-14,20,60
-14,20,60
-14,20,60
-14,20,60
-14,20,60
-14,20,60
-14,20,60
-14,20,60
-14,20,59
-14,20,59
-14,20,60
-14,20,60
-14,20,60
-14,20,60
-14,20,60
-14,20,59
-14,20,60
-14,20,60
-14,20,60
-14,20,60
-14,20,60
-14,20,60
-14,20,59
-14,20,60
-14,20,60
-14,20,60
-14,20,60
-14,20,60
-14,20,60
-14,20,60
-14,20,60
-14,20,60
-15,20,60
-14,21,59
-14,20,60
-13,20,60
-14,20,59
-14,20,60
-14,20,60
-13,20,60
-14,20,60
-14,20,59
-14,20,60
-14,20,60
-14,20,60
-15,20,60
-14,20,59
-14,20,59
-15,21,60
-15,20,60
-15,20,62
-16,20,63
-17,19,62
-18,19,63
-17,18,65
-17,18,66
-22,18,62
-22,18,60
-27,20,58
-28,21,58
-25,22,58
-23,22,59
-20,25,60
-22,26,56
-28,27,48
-24,30,47
-26,31,46
-30,33,43
-30,33,42
-32,34,39
-35,34,39
-35,34,39
-34,36,39
-35,36,38
-36,37,37
-36,39,37
-36,40,36
-37,41,31
-36,41,32
-34,41,36
-34,41,36
-37,42,33
-37,42,32
-37,42,32
-38,42,31
-38,42,31
-38,42,32
-40,41,31
-39,42,31
-42,36,26
-44,47,27
-36,40,33
-40,41,34
-38,41,34
-39,39,30
-40,39,28
-39,39,34
-38,40,36
-40,41,35
-41,39,34
-39,39,36
-38,38,36
-39,37,36
-39,38,37
-39,39,35
-40,39,35
-39,38,35
-39,38,34
-40,39,34
-40,39,34
-38,37,35
-38,38,36
-41,40,34
-41,39,33
-38,39,36
-39,38,36
-38,38,33
-42,39,34
-39,39,34
-38,38,36
-40,41,35
-38,39,35
-38,38,35
-39,38,35
-41,38,36
-40,38,36
-39,36,37
-41,37,37
-42,39,36
-38,38,36
-39,38,39
-42,41,38
-37,35,35
-36,38,35
-37,38,35
-38,41,35
-37,40,34
-36,38,35
-38,38,35
-38,39,34
-39,39,35
-39,38,35
-39,38,36
-39,39,36
-42,40,35
-39,38,35
-39,39,34
-39,39,34
-39,40,33
-38,39,33
-38,40,34
-38,39,34
-39,39,34
-39,40,33
-40,39,35
-39,39,34
-41,40,32
-41,40,31
-40,40,32
-41,40,30
-42,38,28
-41,39,29
-42,41,32
-42,41,33
-41,38,29
-41,38,29
-38,38,35
-38,39,37
-36,41,35
-36,40,35
-35,39,38
-32,40,39
-31,41,39
-30,40,39
-27,40,43
-25,41,44
-25,43,43
-23,42,44
-21,42,44
-21,42,42
-20,41,42
-17,41,43
-18,42,43
-16,42,43
-17,41,42
-14,37,43
-12,36,45
-12,36,45
-14,35,45
-5,30,52
-6,29,53
-5,25,59
-6,25,63
-6,26,67
-5,27,69
3,23,71
1,23,65
-1,25,64
1,22,66
-3,21,61
-3,23,60
-5,23,65
-7,16,66
-11,17,61
-9,24,65
-8,24,67
-12,16,60
-12,15,56
-6,26,62
-5,25,62
-11,19,56
-12,20,57
-9,21,62
-10,19,62
-12,18,58
-10,17,59
-10,17,61
-13,18,59
-11,19,61
-10,18,62
-10,16,63
-10,18,62
-10,21,60
-9,19,60
-8,17,60
-7,17,58
-10,16,58
-12,12,55
-6,9,60
-10,5,66
-12,4,61
-14,-3,70
-14,0,65
-19,8,64
-16,8,68
-21,-2,63
-21,1,55
-23,-4,56
-22,1,59
-24,11,60
-22,11,63
-22,7,62
-16,11,62
-6,28,71
-6,16,70
-13,-1,66
-17,-4,64
-16,16,60
-18,25,59
-7,14,57
-10,19,60
-4,20,54
3,10,51
3,32,54
7,7,55
17,24,59
21,15,57
26,-2,61
31,18,68
26,26,65
18,13,52
22,8,50
26,18,61
22,15,60
23,11,56
25,13,56
24,12,57
23,8,58
23,6,65
23,5,67
20,2,60
19,3,60
23,6,63
23,5,61
19,8,58
20,8,57
17,11,55
13,15,56
13,10,54
11,7,52
13,4,59
16,2,66
19,-8,63
20,-8,64
24,-9,65
19,-15,64
14,-24,60
26,-44,81
24,-45,79
1,-47,54
4,-42,51
11,-33,48
12,-34,46
16,-32,57
9,-25,62
12,-15,52
7,-10,46
2,-6,30
-2,-8,20
41,-22,99
35,-39,96
10,-51,35
4,-57,20
8,-68,22
14,-59,17
-5,-39,49
-2,-38,46
11,-44,32
11,-59,41
9,-53,38
5,-44,31
14,-53,54
17,-57,38
8,-57,37
10,-51,29
6,-55,34
8,-64,33
21,-62,27
7,-56,33
0,-61,31
12,-56,31
5,-62,30
9,-53,25
5,-52,24
7,-60,32
5,-60,28
8,-61,33
4,-58,25
2,-50,25
10,-58,27
8,-54,27
8,-55,28
8,-44,20
11,-61,33
16,-56,34
9,-53,26
0,-71,32
26,-49,42
15,-61,44
17,-73,47
19,-72,40
27,-58,30
15,-56,9
45,-50,4
61,-39,13
-20,-21,-7
-57,-20,3
-18,-38,24
-15,-55,-10
4,-73,-5
12,-55,3
6,-73,13
-16,-85,-10
9,-83,5
8,-77,5
10,-76,-11
4,-82,-11
-2,-85,2
-5,-81,4
-7,-81,-2
-7,-74,-2
-23,-51,-44
2,-53,-59
8,-63,-37
-8,-57,-43
-17,-62,-43
-2,-62,-30
4,-59,-24
-14,-64,-19
-11,-65,-14
-2,-61,-7
-2,-61,-5
1,-60,-3
2,-59,-1
5,-57,2
7,-58,4
9,-57,5
9,-55,4
10,-56,3
10,-58,4
11,-55,4
12,-53,4
15,-57,5
15,-61,4
15,-63,0
16,-62,-1
15,-58,-4
15,-58,-5
15,-58,-5
16,-56,-5
17,-53,-4
18,-53,-3
19,-52,0
18,-52,0
19,-65,-3
17,-64,-2
18,-62,2
20,-61,12
21,-64,17
19,-68,18
16,-70,16
6,-70,13
1,-72,12
-14,-74,16
-18,-70,13
-21,-65,11
-17,-64,14
-2,-60,23
2,-60,26
6,-56,19
6,-55,13
5,-56,5
4,-57,3
8,-55,3
9,-53,2
13,-51,2
15,-51,3
19,-56,7
21,-58,10
23,-60,15
21,-60,14
16,-66,13
14,-88,15
13,-86,17
4,-75,13
1,-72,11
7,-64,16
11,-62,16
15,-65,14
14,-70,13
7,-71,8
5,-68,6
7,-61,4
7,-57,3
10,-59,3
11,-57,3
11,-56,2
11,-58,2
11,-53,3
11,-52,3
12,-54,4
12,-56,4
12,-59,3
12,-61,3
14,-73,3
16,-82,6
21,-90,16
19,-79,23
13,-67,22
4,-61,11
6,-61,7
6,-59,8
7,-57,11
11,-49,13
12,-49,11
16,-52,12
16,-53,13
15,-55,14
12,-56,16
9,-55,17
8,-56,16
5,-60,17
5,-60,20
3,-59,18
3,-60,18
3,-63,20
4,-65,18
-1,-72,11
-1,-79,12
6,-80,13
8,-80,11
12,-68,7
7,-50,-2
-2,-49,-9
-8,-51,-8
10,-59,3
22,-69,7
26,-71,9
23,-67,5
20,-62,4
15,-55,1
15,-55,2
17,-59,5
17,-60,7
13,-59,5
11,-58,4
7,-55,5
7,-56,5
8,-60,6
8,-61,6
8,-64,7
9,-71,7
12,-81,12
14,-82,17
13,-68,24
9,-60,20
3,-56,9
7,-58,6
9,-59,5
11,-56,7
15,-49,9
16,-48,10
16,-51,11
16,-57,11
15,-57,14
11,-55,17
11,-56,18
11,-60,23
12,-65,25
8,-64,19
5,-63,15
9,-72,14
13,-73,19
16,-70,22
15,-67,19
12,-67,14
13,-69,13
14,-71,10
14,-69,8
12,-69,5
12,-69,3
12,-66,0
12,-62,0
13,-61,-2
14,-62,-2
16,-60,-1
15,-58,-1
15,-54,-1
15,-54,1
14,-55,2
12,-55,0
12,-58,0
13,-71,4
16,-71,14
14,-59,23
12,-54,20
11,-63,17
14,-69,20
11,-65,24
11,-63,23
10,-59,21
11,-57,21
13,-59,18
13,-62,15
11,-63,15
11,-59,13
11,-55,8
10,-56,6
11,-57,7
11,-59,7
13,-58,5
13,-59,4
13,-59,5
13,-59,6
11,-57,4
10,-57,4
11,-57,6
12,-59,7
15,-57,8
16,-67,5
19,-70,6
21,-66,5
23,-66,3
25,-70,6
27,-69,8
24,-65,6
21,-63,5
20,-57,7
20,-54,7
24,-56,5
26,-57,7
29,-59,7
29,-58,4
27,-58,3
27,-57,3
26,-53,2
26,-51,2
27,-48,4
26,-48,7
13,-58,17
13,-54,18
31,-47,4
34,-45,-1
34,-45,-7
36,-47,-8
39,-51,-5
36,-57,-4
34,-59,0
36,-67,7
37,-69,19
27,-62,25
22,-57,15
13,-49,-1
5,-41,-9
4,-41,-14
13,-54,1
27,-57,16
30,-54,7
31,-67,5
38,-62,6
28,-47,-2
32,-48,4
36,-51,9
42,-52,15
35,-54,23
26,-56,19
31,-58,18
33,-56,17
32,-55,11
43,-54,17
49,-48,16
46,-51,30
40,-51,35
43,-50,42
38,-49,46
25,-45,49
20,-42,48
30,-32,47
28,-32,49
16,-29,46
21,-31,46
29,-43,61
33,-41,59
27,-30,41
25,-28,36
20,-26,48
20,-27,58
15,-24,50
16,-24,46
26,-19,57
32,-20,65
25,-23,64
23,-19,65
31,-18,78
29,-15,81
30,-12,67
29,-10,68
15,-1,67
11,4,67
4,10,61
-4,10,45
-9,14,41
1,17,49
1,15,54
-5,11,41
-1,8,41
-6,1,53
-9,-3,52
-11,-10,44
-10,-16,47
-4,-19,52
-3,-19,59
-12,-23,61
-14,-25,67
14,-24,127
-42,-7,89
-4,2,71
-20,5,59
-15,1,64
-24,0,58
-19,5,65
-17,3,61
-19,4,61
-21,3,61
-19,4,62
-19,5,61
-18,4,62
-19,3,61
-15,2,63
-19,2,62
-20,1,61
-17,1,61
-20,2,61
-18,2,62
-18,4,62
-20,0,61
-20,2,61
-18,2,61
-18,3,62
-17,3,62
-17,3,62
-19,2,61
-21,2,61
-20,3,61
-20,2,62
-18,3,62
-19,2,62
-20,1,62
-19,-1,58
-17,4,60
-15,7,62
-11,7,64
-7,5,63
-5,4,65
-12,5,63
-15,4,62
-14,4,62
-12,3,62
-12,4,63
-13,3,63
-11,4,63
-12,3,63
-12,3,63
-11,4,64
-12,3,63
-14,3,63
-13,3,63
-12,3,63
-12,3,63
-12,2,63
-15,3,62
-13,3,63
-11,3,63
-12,2,63
-13,3,62
-14,3,63
-17,4,64
-19,3,60
-8,2,64
-13,13,64
-13,-1,62
-14,-3,61
-14,0,63
-21,-1,59
-19,-1,59
-16,2,63
-15,2,62
-14,0,63
-15,0,61
-15,1,63
-15,2,62
-14,0,60
-12,4,64
-12,4,63
-12,3,64
-11,2,63
-10,4,65
-15,6,63
-15,4,63
-13,3,63
-11,2,63
-11,4,64
-10,5,64
-14,4,65
-17,4,65
7,-6,89
9,-15,57
-13,1,56
-22,-4,60
-22,4,60
-21,3,61
-20,2,61
-20,2,61
-20,2,61
-18,2,61
-18,2,61
-19,2,61
-19,2,61
-18,2,61
-19,2,61
-23,2,60
-20,2,62
-17,1,64
-18,2,59
-22,2,59
-20,3,62
-19,3,62
-20,1,61
-20,1,61
-20,1,61
-19,3,62
-21,2,61
-20,2,61
-20,1,61
-21,1,61
-20,2,61
-19,2,61
-20,2,60
-21,1,60
-20,2,62
-19,2,62
-19,3,62
-20,2,61
-21,1,60
-20,2,61
-18,3,62
-19,2,61
-19,2,61
-20,2,61
-19,2,62
-20,2,61
-19,2,62
-19,2,61
-20,2,61
-20,2,61
-19,2,61
-18,2,62
-20,2,61
-20,2,61
-17,3,62
-20,2,61
-19,2,61
-17,2,62
-20,2,61
-19,2,61
-18,2,62
-20,2,61
-19,2,61
-19,2,61
-19,2,61
-19,3,62
-18,3,62
-19,2,61
-19,2,61
-20,2,61
-19,3,61
-19,2,62
-19,2,62
-20,2,61
-19,2,61
-19,2,61
-19,3,61
-19,2,61
-19,2,62
-19,3,62
-20,2,61
-18,3,61
-19,2,61
-19,2,62
-19,2,62
-19,2,61
-19,3,61
-19,3,62
-18,3,62
-19,2,61
-18,2,62
-16,3,62
-18,3,62
-18,3,62
-18,2,62
-19,2,61
-18,3,62
-18,2,62
-20,3,61
-19,3,61
-19,3,61
-17,2,62
-17,2,62
-15,3,63
-17,2,62
-14,2,63
-17,2,61
-18,3,61
-16,2,70
-15,4,59
-16,4,63
-16,3,61
-17,1,60
-16,2,62
-17,3,65
-17,3,62
-15,1,61
-16,2,62
-19,3,62
-16,3,62
-15,2,63
-17,2,62
-17,2,62
-16,2,63
-16,2,63
-16,2,62
-17,2,62
-16,2,63
-17,2,62
-15,3,62
-15,2,62
-16,2,62
-16,2,62
-16,2,62
-15,3,62
-16,2,62
-15,2,62
-15,2,62
-15,2,62
-16,2,62
-15,2,62
-14,2,63
-16,2,62
-16,2,62
-15,3,63
-16,2,62
-14,3,63
-15,2,62
-16,2,62
-15,2,62
-15,2,63
-16,2,62
-15,2,62
-14,3,63
-16,2,62
-15,2,62
-15,3,63
-15,2,62
-16,3,62
-15,2,62
-15,3,62
-15,3,63
-14,3,62
-14,2,62
-15,3,62
-16,2,62
-13,2,63
-15,2,62
-14,2,63
-15,2,62
-15,2,62
-15,3,63
-15,3,62
-14,2,62
-15,2,62
-14,3,62
-15,3,62
-15,3,62
-14,2,62
-15,2,62
-14,3,63
-15,3,63
-15,2,62
-15,2,62
-15,3,62
-15,3,62
-15,2,62
-15,2,62
-14,2,63
-15,3,62
-15,3,62
-14,3,62
-15,2,62
-15,3,62
-14,3,63
-14,3,62
-15,2,62
-15,3,62
-14,3,63
-14,3,63
-15,2,62
-15,2,63
-15,3,62
-15,3,62
-15,3,62
-15,3,62
-15,2,62
-15,2,62
-15,3,63
-15,3,63
-15,2,63
-14,2,62
-15,3,63
-15,2,63
-14,3,63
-15,2,62
-15,2,62
-14,3,63
-15,3,62
-15,2,62
-14,2,63
-15,2,62
-15,3,62
-14,3,62
-15,2,62
-14,2,62
-14,2,63
-14,3,63
-15,3,62
-14,2,63
-14,3,62
-14,2,63
-14,3,63
-15,2,63
-15,2,62
-14,2,63
-15,2,62
-16,2,63
-15,2,62
-15,3,62
-15,3,62
-15,2,63
-16,2,63
-15,2,62
-13,2,63
-15,2,62
-15,2,62
-14,3,63
-14,3,63
-14,2,63
-15,2,62
-15,3,63
-14,3,62
-15,3,62
-13,3,63
-14,3,63
-15,3,62
-14,3,63
-15,2,63
-15,3,62
-14,3,62
-15,2,62
-14,3,63
-14,2,63
-14,2,62
-14,3,62
-15,3,62
-15,3,63
-14,2,62
-14,2,63
-15,2,62
-15,3,62
-14,3,62
-14,3,62
-14,2,63
-14,3,62
-14,3,63
-14,3,63
-14,2,63
-15,3,62
-14,3,62
-14,3,62
-14,2,63
-14,3,63
-14,2,62
-14,3,62
-14,3,62
-14,3,62
-14,3,62
-14,3,63
-15,3,62
-14,3,63
-14,3,62
-15,3,62
-15,3,62
-14,3,63
-14,3,62
-14,3,62
-14,3,62
-14,3,63
-14,3,62
-14,2,62
-14,3,62
-14,3,63
-14,3,63
-13,2,62
-14,2,62
-14,2,63
-15,3,62
-14,3,63
-14,2,62
-15,2,62
-14,3,63
-14,2,62
-14,3,63
-14,2,62
-14,2,63
-14,3,63
-14,2,63
-14,3,63
-14,2,63
-14,3,62
-14,3,63
-14,2,62
-14,3,62
-14,3,63
-14,3,63
-14,2,62
-14,3,63
-14,2,63
-14,3,63
-14,3,62
-14,3,63
-14,3,62
-14,2,63
-15,3,62
-14,3,63
-14,3,62
-14,3,63
-14,3,63
-14,3,62
-14,3,62
-14,3,63
-14,3,63
-14,3,63
-14,3,63
-14,3,62
-14,3,63
-14,3,63
-14,3,63
-14,3,62
-14,2,63
-14,3,63
-14,3,62
-14,3,63
-14,3,63
-14,3,63
-14,3,62
-14,3,63
-14,3,63
-14,3,62
-14,3,63
-14,3,63
-15,3,62
-13,3,63
-14,3,63
-14,3,62
-14,3,62
-14,3,63
-14,3,62
-14,3,63
-14,3,63
-14,3,62
-14,3,63
-14,3,63
-13,3,62
-15,3,63
-14,3,62
-14,3,63
-15,3,62
-14,3,63
-14,2,62
-14,3,62
-14,3,63
-14,3,63
-14,2,62
-13,3,62
-14,3,62
-14,3,63
-14,3,62
-14,3,62
-14,3,63
-14,2,62
-14,3,63
-14,3,63
-14,3,63
-14,3,62
-14,3,63
-14,2,62
-13,2,63
-14,2,62
-14,3,63
-14,3,63
-13,3,63
-13,3,63
-15,2,62
-15,2,62
-14,3,63
-14,3,63
-14,2,62
-14,3,63
-14,3,62
-14,2,63
-14,3,63
-14,3,63
-14,3,63
-14,3,62
-14,3,62
-14,3,63
-14,3,63
-14,3,62
-15,3,62
-14,2,63
-14,3,63
-15,3,62
-14,3,62
-14,3,63
-14,3,62
-14,3,63
-14,3,62
-14,3,63
-14,3,63
-14,3,62
-14,3,63
-14,3,63
-15,3,63
-13,3,63
-13,3,63
-14,3,62
-13,3,63
-14,3,62
-13,3,63
-14,3,63
-15,3,62
-14,3,63
-14,3,62
-14,3,62
-14,3,63
-14,3,62
-14,3,63
-14,3,62
-14,3,63
-14,3,63
-14,3,63
-14,3,62
-14,3,63
-14,3,62
-14,3,63
-14,3,62
-14,3,62
-14,3,62
-14,3,62
-14,3,63
-14,2,62
-14,3,62
-14,3,63
-13,3,63
-15,3,62
-14,3,63
-14,3,63
-14,3,62
-14,3,62
-14,3,63
-14,3,63
-14,3,62
-14,3,63
-14,2,63
-14,3,63
-14,3,62
-14,3,62
-13,3,63
-14,3,62
-14,3,63
-13,3,63
-14,3,63
-14,2,62
-14,3,63
-14,3,62
-13,3,63
-14,3,63
-14,2,63
-14,2,63
-14,3,63
-14,3,63
-14,2,62
-14,3,62
-15,3,62
-13,3,62
-14,3,63
-14,2,63
-13,3,63
-14,3,62
-14,3,63
-14,3,62
-15,3,62
-12,3,63
-14,3,63
-14,3,63
-13,3,63
-14,3,62
-14,3,63
-14,3,63
-14,3,62
-14,3,63
-14,3,63
-14,3,62
-14,3,63
-14,3,63
-14,3,62
-14,3,63
-14,3,63
-14,3,63
-14,3,63
-14,3,62
-14,3,62
-14,3,63
-14,3,63
-14,3,63
-14,3,62
-14,3,62
-13,3,63
-13,3,63
-14,3,63
-14,3,62
-14,3,63
-14,3,63
-14,3,62
-14,3,63
-14,3,63
-14,3,63
-14,3,63
-14,3,63
-14,3,62
-14,3,63
-14,3,62
-14,3,62
-14,3,63
-14,3,63
-14,3,63
-13,3,63
-14,3,63
-14,2,62
-13,3,63
-14,3,63
-14,2,63
-13,2,63
-14,3,62
-14,3,63
-13,3,63
-14,3,63
-13,3,62
-14,3,62
-15,3,62
-13,3,63
-14,3,63
-14,3,63
-13,3,63
-15,3,62
-14,2,62
-14,3,63
-14,3,63
-13,3,63
-14,3,63
-14,3,62
-13,3,63
-14,3,62
-14,3,63
-13,3,63
-14,3,62
-14,3,63
-14,3,62
-13,3,63
-14,3,63
-14,3,63
-14,3,63
-14,3,62
-13,3,63
-14,3,63
-14,3,63
-13,3,62
-14,3,62
-14,3,63
-13,3,63
-14,3,63
-14,3,63
-14,3,63
-13,3,63
-13,3,63
-14,3,63
-13,3,63
-14,3,62
-14,3,63
-13,3,63
-14,3,63
-14,3,63
-14,3,63
-14,3,63
-13,2,63
-14,3,63
-14,3,62
-15,2,62
-13,3,63
-14,3,63
-14,3,62
-13,3,63
-14,2,62
-14,2,63
-13,3,63
-14,3,63
-14,3,63
-13,3,63
-14,3,62
-14,3,62
-13,2,63
-13,3,63
-14,3,62
-14,2,63
-13,3,63
-13,3,62
-14,3,62
-14,3,63
-13,3,63
-14,2,63
-14,2,62
-13,3,63
-13,3,63
-14,2,63
-13,2,63
-14,2,63
-14,3,63
-14,3,63
-13,3,63
-14,3,63
-14,3,63
-14,2,63
-14,3,63
-14,3,63
-14,3,63
-14,2,62
-14,2,62
-13,3,63
-13,3,63
-14,2,62
-14,2,62
-13,3,63
-13,3,63
-14,2,62
-13,3,63
-14,3,63
-13,2,63
-13,3,63
-14,3,62
-14,2,62
-13,3,63
-14,3,63
-13,2,63
-13,3,62
-13,3,63
-13,3,63
-14,2,62
-13,3,63
-13,3,63
-15,3,62
-13,3,63
-13,3,63
-14,2,63
-14,2,62
-14,2,63
-14,3,63
-13,3,63
-13,2,63
-14,2,62
-14,3,62
-13,3,63
-13,3,63
-15,2,62
-12,3,63
-13,3,63
-15,2,62
-14,3,63
-14,3,63
-14,3,62
-14,2,63
-13,2,63
-14,3,62
-13,3,63
-14,3,62
-14,3,62
-13,2,63
-13,2,63
-14,3,62
-13,3,63
-14,2,62
-14,2,62
-13,3,63
-14,3,63
-14,2,63
-14,3,62
-14,3,63
-14,3,63
-14,3,62
-14,3,62
-13,3,63
-14,3,62
-14,2,62
-13,3,63
-13,3,63
-14,3,62
-14,2,62
-13,3,63
-13,3,63
-14,3,62
-14,3,63
-14,3,63
-14,3,62
-13,3,63
-13,3,63
-14,3,63
-13,3,63
-14,3,62
-14,3,63
-13,3,63
-14,3,63
-13,3,63
-14,3,62
-13,3,63
-13,3,63
-14,3,63
-13,2,63
-14,3,63
-13,3,63
-13,3,63
-14,3,63
-13,3,63
-13,3,62
-14,3,62
-14,3,62
-13,3,63
-14,3,63
-14,3,62
-14,3,63
-13,3,62
-14,3,62
-13,3,63
-13,3,63
-14,3,62
-13,3,62
-14,3,63
-14,3,63
-14,3,63
-14,3,63
-14,3,63
-13,3,63
-14,3,62
-13,3,63
-13,3,63
-14,3,62
-14,3,63
-13,3,63
-14,3,63
-13,3,63
-13,3,63
-14,3,62
-13,3,63
-13,3,63
-14,3,63
-13,3,63
-14,3,63
-14,3,63
-13,3,62
-14,3,63
-13,3,63
-13,3,63
-14,3,63
-13,3,63
-14,3,62
-14,3,63
-13,3,63
-14,3,62
-13,3,63
-13,2,63
-14,3,62
-14,2,62
-14,3,63
-14,3,62
-13,3,63
-14,3,62
-14,3,63
-13,3,63
-14,3,63
-13,2,63
-13,2,63
-14,3,62
-14,3,63
-13,3,63
-14,3,63
-14,3,63
-13,3,63
-13,3,63
-14,3,63
-13,3,63
-14,3,63
-14,3,63
-14,3,63
-14,3,62
-14,3,63
-13,3,63
-14,3,63
-14,3,63
-14,3,63
-13,3,63
-13,3,63
-14,3,63
-13,3,63
-13,3,63
-14,3,62
-14,3,63
-13,3,63
-13,3,63
-14,3,63
-13,3,63
-14,3,63
-13,3,63
-13,3,63
-14,3,62
-13,3,63
-14,3,62
-14,3,63
-13,3,63
-13,3,63
-13,3,62
-14,3,62
-13,3,63
-13,3,62
-13,3,63
-14,3,62
-14,2,62
-13,3,63
-14,3,62
-14,3,62
-14,3,63
-13,3,63
-14,2,62
-14,3,63
-13,3,63
-13,3,63
-14,2,63
-13,3,63
-13,3,63
-13,3,63
-14,2,63
-13,3,63
-13,3,63
-14,3,62
-13,3,63
-13,3,63
-14,2,62
-13,2,63
-13,3,63
-13,2,63
-13,2,62
-14,3,63
-13,2,63
-13,2,63
-13,3,63
-13,3,63
-13,2,62
-13,2,63
-13,2,63
-13,2,63
-12,3,63
-14,2,62
-13,3,63
-13,3,63
-14,2,63
-13,3,63
-13,3,63
-14,2,62
-14,3,62
-12,2,63
-14,3,62
-12,2,63
-13,3,63
-14,3,63
-13,3,63
-14,2,62
-14,3,62
-12,3,63
-14,2,62
-13,3,63
-13,3,63
-14,3,63
-13,3,63
-14,3,62
-13,3,63
-13,3,63
-13,3,63
-13,3,63
-14,3,63
-13,3,62
-13,3,62
-13,3,63
-13,3,63
-13,3,63
-14,3,63
-13,3,63
-13,3,63
-13,3,63
-13,3,63
-13,3,63
-13,3,63
-13,3,63
-13,3,63
-13,3,63
-12,3,63
-13,3,63
-13,3,63
-13,3,63
-13,3,63
-13,2,63
-13,3,62
-12,3,63
-13,3,63
-13,3,63
-13,3,63
-12,3,63
-13,3,63
-13,3,63
-12,3,63
-13,3,63
-12,3,63
-13,3,63
-13,3,63
-13,3,63
-13,3,63
-12,3,63
-12,3,63
-13,3,63
-12,3,63
-13,3,63
-13,3,63
-12,3,63
-12,3,63
-13,3,63
-12,3,63
-13,3,63
-13,3,62
-12,3,63
-13,3,63
-13,3,63
-12,3,63
-13,3,63
-13,3,63
-12,3,63
-13,2,63
-13,3,63
-13,3,63
-13,3,62
-12,3,63
-12,3,63
-14,3,63
-13,3,63
-13,3,63
-13,3,62
-12,3,63
-13,3,63
-13,3,63
-12,3,63
-13,3,63
-12,3,63
-13,2,63
-13,3,63
-13,2,63
-13,3,63
-13,3,63
-13,2,63
-12,3,63
-13,3,63
-13,3,63
-12,3,63
-12,3,63
-13,3,63
-12,3,63
-12,3,63
-13,3,63
-13,3,63
-13,3,63
-12,2,63
-13,2,63
-12,3,63
-12,3,63
-13,3,63
-12,3,63
-12,3,63
-13,3,63
-13,3,63
-13,3,63
-12,3,63
-12,3,63
-13,3,63
-13,3,62
-12,3,63
-13,3,63
-13,3,63
-13,2,63
-13,3,63
-12,3,63
-13,3,63
-13,2,62
-13,3,63
-12,3,63
-13,3,63
-13,3,62
-12,3,63
-13,3,63
-13,3,63
-13,3,63
-13,3,63
-13,3,63
-13,3,63
-12,3,63
-12,3,63
-13,3,63
-13,3,63
-12,3,63
-13,3,63
-12,3,63
-13,3,63
-13,3,63
-12,3,63
-13,3,63
-12,3,63
-12,3,63
-13,3,63
-12,3,63
-13,3,63
-13,3,63
-13,3,63
-13,3,63
-13,3,63
-13,3,63
-13,3,63
-12,2,63
-13,3,63
-12,3,63
-13,3,63
-13,3,63
-12,3,63
-13,3,63
-12,3,63
-12,3,63
-13,3,63
-13,3,63
-12,3,63
-13,3,63
-13,3,63
-12,2,63
-13,3,63
-13,3,63
-12,3,63
-12,3,63
-12,3,63
-13,3,62
-13,3,63
-12,3,63
-11,3,63
-12,2,63
-13,3,63
-13,3,63
-12,3,63
-12,3,63
-12,3,63
-13,3,63
-11,3,63
-11,3,63
-12,3,63
-11,3,63
-12,3,63
-12,3,63
-11,3,63
-12,3,63
-13,3,63
-10,3,63
-12,3,62
-12,2,64
-10,4,64
-10,3,64
-11,2,63
-12,2,62
-12,3,63
-11,3,64
-10,4,64
-10,3,63
-12,2,62
-11,3,63
-10,3,64
-11,3,63
-11,3,63
-11,2,63
-10,3,63
-10,3,63
-11,3,63
-11,3,63
-11,3,63
-11,3,63
-10,3,63
-10,3,63
-11,3,63
-10,3,63
-10,3,63
-11,3,63
-11,3,63
-11,3,63
-10,3,63
-10,3,64
-11,3,63
-10,3,63
-10,3,63
-10,3,64
-10,4,63
-11,3,63
-11,3,63
-10,3,64
-10,3,63
-11,3,62
-11,3,63
-9,3,64
-10,3,63
-11,3,63
-10,3,63
-11,3,63
-10,3,63
-10,3,63
-11,3,63
-10,3,64
-10,3,63
-10,3,63
-10,3,63
-10,3,63
-10,3,63
-10,3,63
-10,3,63
-10,3,63
-10,3,63
-10,3,63
-10,3,63
-10,3,63
-11,3,63
-10,3,63
-10,3,63
-10,3,63
-10,3,63
-11,3,63
-10,3,63
-10,3,63
-11,3,63
-11,3,63
-9,3,64
-11,3,63
-10,3,63
-10,3,63
-11,3,63
-10,3,63
-10,3,63
-10,3,63
-10,3,63
-10,3,63
-10,3,63
-10,3,63
-10,3,63
-10,3,63
-10,3,63
-10,3,63
-10,3,63
-10,3,63
-10,3,63
-10,3,63
-10,3,63
-10,3,63
-10,3,63
-10,3,63
-10,3,63
-10,3,63
-11,3,63
-10,3,63
-9,3,63
-10,3,63
-11,3,63
-10,3,63
-10,3,63
-10,3,63
-10,3,63
-10,3,63
-10,3,63
-10,3,63
-10,3,63
-10,3,63
-10,3,63
-10,3,63
-10,3,63
-10,3,63
-10,3,63
-10,3,63
-10,3,63
-10,3,63
-10,3,63
-10,3,63
-10,3,63
-10,3,63
-10,3,63
-11,3,63
-9,3,63
-10,3,63
-11,3,63
-10,3,63
-10,3,63
-10,3,63
-10,3,63
-10,3,63
-10,3,64
-9,3,63
-10,3,63
-10,3,63
-10,3,63
-10,3,64
-10,3,63
-10,3,63
-10,3,64
-10,3,63
-10,3,63
-10,3,63
-10,3,63
-10,3,63
-10,3,63
-10,3,63
-10,3,63
-10,3,63
-10,3,63
-10,3,63
-10,3,63
-10,3,63
-10,3,63
-10,3,63
-9,3,64
-10,3,63
-10,3,63
-11,3,63
-10,3,63
-10,3,63
-10,3,63
-10,3,63
-10,3,63
-10,3,63
-10,3,63
-10,3,63
-10,3,63
-10,3,63
-10,3,63
-10,3,63
-10,3,63
-10,3,63
-10,3,63
-9,3,63
-10,3,63
-10,3,63
-10,3,63
-10,3,63
-9,3,63
-10,3,63
-10,3,63
-10,3,63
-10,3,63
-10,3,63
-10,3,63
-10,3,63
-10,3,64
-10,3,63
-10,3,63
-10,3,63
-10,3,63
-10,3,63
-9,3,63
-10,3,63
-10,3,63
-11,3,63
-10,3,63
-9,3,64
-10,3,63
-10,3,63
-10,3,63
-10,3,63
-10,3,63
-10,3,63
-10,3,63
-10,3,63
-10,3,63
-10,3,64
-10,3,64
-10,3,63
-10,3,63
-10,3,63
-10,3,63
-10,3,64
-10,3,63
-11,3,63
-10,4,64
-10,3,64
-10,3,63
-10,3,63
-10,3,63
-10,3,64
-10,3,63
-10,3,63
-10,3,63
-9,3,63
-10,3,63
-10,3,63
-10,3,63
-10,3,63
-9,3,63
-10,3,63
-10,3,63
-10,3,63
-9,3,63
-10,3,63
-10,3,63
-9,3,63
-11,3,63
-10,3,63
-10,3,63
-10,3,63
-10,3,63
-10,3,63
-10,3,63
-10,3,63
-10,3,63
-10,3,63
-10,3,63
-10,3,63
-10,3,63
-10,3,63
-10,3,63
-10,3,63
-11,3,63
-9,3,64
-9,3,63
-10,3,63
-10,3,63
-10,3,63
-10,3,63
-10,3,63
-10,3,63
-10,3,63
-10,3,63
-10,3,63
-9,3,63
-11,3,63
-9,3,63
-9,3,63
-10,3,63
-10,3,63
-10,3,63
-10,3,63
-10,3,63
-10,3,63
-10,3,63
-9,3,63
-10,3,63
-10,3,63
-9,3,63
-10,3,63
-10,3,63
-10,3,63
-10,3,63
-9,3,63
-10,3,63
-10,3,63
-10,3,63
-10,3,64
-10,3,63
-10,3,63
-10,3,63
-10,3,63
-10,3,63
-10,3,63
-11,3,63
-9,3,63
-9,3,63
-10,3,63
-10,3,63
-10,3,63
-10,3,63
-9,3,63
-10,3,63
-10,3,63
-9,3,63
-10,3,63
-10,3,63
-10,3,63
-10,3,63
-9,3,63
-10,3,64
-10,3,63
-10,3,63
-10,3,63
-10,3,63
-9,3,63
-10,3,63
-10,3,63
-10,3,63
-10,3,63
-9,3,63
-9,3,63
-10,3,63
-10,3,63
-9,3,63
-10,3,63
-10,3,63
-9,3,63
-10,3,63
-10,3,63
-9,3,64
-9,3,63
-10,3,63
-9,3,63
-10,3,63
-10,3,63
-9,3,63
-10,3,63
-9,3,63
-10,3,63
-10,3,63
-9,3,63
-10,3,63
-10,3,63
-10,3,63
-10,3,63
-9,3,64
-10,3,63
-10,3,63
-10,3,63
-10,3,63
-9,3,63
-10,3,63
-10,3,63
-9,3,63
-10,3,63
-10,3,63
-10,3,63
-10,3,63
-9,3,63
-9,3,63
-10,3,63
-9,3,63
-10,3,63
-9,3,63
-10,3,64
-10,3,63
-10,3,63
-10,3,63
-9,3,63
-10,3,63
-9,3,63
-10,3,63
-10,3,63
-10,3,64
-8,3,63
-8,3,63
-9,3,63
-10,3,63
-10,3,63
-10,3,64
-8,3,63
-8,3,63
-11,3,63
-10,2,63
-8,3,64
-9,3,63
-9,3,63
-10,3,63
-10,3,63
-9,2,63
-9,3,63
-10,3,64
-10,3,64
-8,3,64
-9,3,63
-9,3,64
-10,3,63
-8,3,63
-8,2,64
-7,3,63
-10,4,63
-6,3,63
-6,4,63
-6,4,64
-6,4,63
-6,5,63
-5,5,63
-5,5,64
-6,5,63
-6,5,63
-4,5,64
-6,5,64
-6,4,63
-5,4,63
-4,5,63
-5,6,63
-8,4,64
-6,3,64
-7,2,63
-6,3,63
-7,3,64
-5,1,65
-8,5,62
-6,1,64
-4,3,64
-5,1,64
-6,2,64
-6,2,64
-6,2,64
-6,2,64
-6,2,64
-6,2,64
-5,2,64
-5,1,64
-4,2,64
-6,2,64
-6,2,64
-6,2,64
-4,2,64
-6,2,64
-6,2,63
-6,2,64
-5,2,64
-5,2,64
-6,2,63
-5,2,64
-5,2,64
-5,2,64
-5,2,64
-5,2,64
-5,2,64
-5,2,64
-6,2,63
-6,2,64
-5,2,64
-5,2,64
-5,2,64
-5,2,63
-5,2,64
-5,3,64
-5,2,64
-6,2,63
-5,2,64
-5,2,64
-5,2,64
-5,2,64
-5,2,64
-5,2,64
-6,2,64
-6,2,64
-5,2,64
-5,2,64
-5,2,63
-5,2,64
-5,2,64
-5,2,64
-5,2,64
-5,2,64
-5,2,64
-5,2,64
-5,3,64
-5,2,64
-5,2,64
-5,2,63
-5,2,64
-5,2,64
-5,2,64
-5,2,64
-5,2,64
-5,2,64
-5,2,64
-5,2,64
-5,2,64
-5,2,64
-5,2,64
-4,2,64
-5,2,64
-5,2,64
-5,2,64
-5,2,64
-5,2,64
-5,2,64
-5,2,64
-5,2,64
-4,2,64
-5,2,64
-6,2,64
-5,2,64
-4,2,64
-5,2,64
-5,2,64
-5,2,64
-4,3,64
-5,2,64
-5,2,64
-5,2,64
-5,2,64
-4,2,64
-5,2,64
-5,2,64
-5,2,64
-5,2,64
-4,2,64
-4,2,64
-5,2,63
-5,2,64
-5,2,64
-5,2,64
-5,2,64
-5,2,64
-5,2,64
-5,3,64
-4,2,64
-4,2,64
-5,2,64
-5,2,64
-5,2,63
-5,2,64
-4,2,64
-4,2,64
-5,2,64
-5,2,64
-5,2,64
-4,2,64
-4,2,64
-6,2,63
-5,2,64
-5,2,64
-5,2,64
-4,2,64
-5,2,64
-5,2,64
-4,2,65
-5,1,65
-6,2,62
-4,2,64
-2,3,65
-5,2,63
-6,1,63
-5,2,64
-4,3,64
-5,3,64
-5,2,63
-5,2,63
-5,2,64
-4,2,64
-4,2,63
-5,2,63
-5,2,64
-5,3,64
-5,2,64
-5,2,64
-5,2,64
-5,3,64
-5,2,63
-5,2,64
-4,2,64
-5,2,64
-5,2,63
-5,2,64
-5,2,64
-5,2,64
-4,2,64
-5,2,64
-5,2,64
-4,2,64
-5,2,64
-5,2,64
-5,2,64
-5,2,64
-5,2,64
-5,2,64
-5,2,64
-4,2,64
-4,2,64
-5,2,63
-5,2,64
-4,2,64
-5,2,64
-5,2,64
-4,2,64
-5,2,64
-5,2,64
-5,2,64
-5,2,64
-4,2,64
-4,2,64
-5,2,64
-4,2,64
-5,2,64
-5,3,64
-4,2,64
-4,2,64
-5,2,64
-4,2,64
-5,2,64
-4,2,64
-5,2,64
-5,2,64
-5,2,64
-5,3,64
-5,2,64
-5,2,64
-5,2,64
-5,2,64
-5,2,64
-4,2,64
-5,2,64
-5,3,64
-5,2,64
-4,2,64
-4,2,64
-5,2,64
-5,2,64
-4,2,64
-5,2,63
-5,2,64
-5,3,64
-5,2,64
-5,2,64
-4,2,64
-5,2,64
-5,2,64
-4,2,64
-5,2,64
-5,2,64
-5,2,64
-5,2,64
-4,2,64
-5,2,64
-5,2,64
-4,2,64
-5,2,63
-5,2,64
-5,2,64
-5,2,64
-5,2,64
-5,2,64
-5,2,64
-4,2,64
-4,2,64
-5,2,64
-5,2,64
-5,2,63
-5,2,64
-4,2,64
-5,2,64
-5,2,64
-4,2,64
-5,2,64
-5,2,64
-5,2,63
-5,2,64
-4,2,64
-5,2,64
-5,2,64
-4,2,64
-5,2,64
-5,2,64
-5,2,64
-4,2,64
-4,2,64
-5,2,64
-4,2,64
-5,2,64
-5,2,64
-4,2,64
-5,2,63
-4,2,64
-4,2,64
-5,2,63
-5,3,64
-4,2,64
-5,2,64
-5,2,64
-5,2,64
-5,2,64
-5,2,64
-4,2,64
-5,2,64
-4,2,64
-5,2,64
-5,2,64
-4,2,64
-5,2,64
-5,2,64
-5,2,64
-4,2,64
-4,2,64
-5,2,64
-5,2,64
-5,2,64
-4,2,64
-5,2,64
-5,2,64
-5,2,64
-5,2,64
-5,2,64
-5,2,64
-5,2,64
-5,2,64
-5,2,64
-5,2,64
-4,2,64
-5,2,64
-5,2,64
-4,2,64
-5,2,63
-5,2,64
-5,2,64
-4,2,64
-5,2,64
-5,2,64
-4,2,64
-5,2,64
-5,2,64
-4,2,64
-5,2,64
-5,2,64
-5,2,64
-5,2,64
-5,2,64
-5,2,64
-5,2,64
-4,2,64
-5,2,63
-5,2,64
-5,2,64
-4,2,64
-5,2,64
-5,2,64
-4,2,64
-5,3,64
-5,2,64
-5,2,64
-4,2,64
-5,2,64
-5,2,64
-4,2,64
-5,2,64
-5,2,64
-4,2,64
-5,2,64
-5,2,64
-4,2,64
-5,2,64
-5,2,64
-4,2,64
-5,2,64
-5,2,64
-5,2,64
-5,2,64
-5,2,64
-5,2,64
-5,2,64
-4,2,64
-4,2,64
-5,2,64
-5,2,64
-5,2,64
-5,2,63
-4,2,64
-4,2,64
-5,2,64
-4,2,64
-5,2,64
-4,2,64
-4,2,64
-5,2,64
-4,2,64
-5,2,64
-4,2,64
-5,2,64
-5,2,64
-5,2,64
-4,2,64
-5,2,64
-5,2,64
-4,2,64
-5,2,64
-5,2,64
-5,2,64
-5,3,64
-4,2,64
-5,2,64
-5,2,64
-4,2,64
-4,2,64
-5,2,64
-5,2,64
-5,2,63
-5,2,64
-5,2,64
-5,2,64
-4,2,64
-5,2,64
-5,2,64
-5,2,64
-4,2,64
-5,2,64
-5,2,64
-4,2,64
-4,3,64
-5,2,63
-5,2,64
-4,2,64
-5,2,64
-5,2,64
-5,2,64
-5,2,64
-5,2,64
-5,2,64
-5,2,64
-4,2,64
-4,2,64
-5,2,64
-5,2,64
-5,2,64
-5,3,64
-4,2,64
-5,2,64
-4,2,64
-5,2,64
-5,2,64
-5,2,64
-5,2,64
-5,2,64
-4,2,64
-5,2,64
-4,2,64
-5,2,64
-5,2,64
-5,2,64
-5,2,64
-4,2,64
-5,2,64
-5,2,64
-4,2,64
-5,3,64
-5,2,64
-5,2,64
-5,2,64
-4,2,64
-5,2,64
-5,2,64
-5,2,64
-5,2,64
-4,2,64
-4,2,64
-5,2,63
-4,2,64
-5,2,64
-5,2,64
-4,2,64
-5,2,63
-4,2,64
-4,2,64
-5,2,64
-4,2,64
-5,2,64
-4,2,64
-5,2,64
-5,2,64
-4,2,64
-5,2,64
-5,2,64
-4,2,64
-5,2,64
-5,2,64
-4,2,64
-4,2,64
-5,2,64
-5,2,64
-5,2,64
-4,2,64
-5,2,64
-4,2,64
-5,2,64
-4,2,64
-4,2,64
-5,2,64
-4,2,64
-4,2,64
-4,2,64
-4,2,64
-5,2,64
-5,2,64
-4,2,64
-4,2,64
-5,2,64
-4,2,64
-4,2,64
-4,2,64
-4,2,64
-5,2,64
-5,2,64
-4,2,64
-4,2,64
-5,2,63
-5,2,64
-4,2,64
-5,2,64
-4,2,64
-5,3,63
-5,2,64
-4,2,64
-5,2,64
-4,2,64
-5,2,64
-4,2,64
-4,2,64
-5,2,64
-5,2,64
-4,2,64
-5,2,64
-5,2,64
-5,2,64
-5,2,64
-5,2,64
-5,2,64
-5,2,64
-5,2,64
-5,2,63
-4,2,64
-5,2,64
-5,2,64
-5,2,64
-5,2,64
-4,2,64
-6,2,63
-5,2,64
-5,2,64
-5,2,64
-5,2,64
-5,2,64
-5,2,64
-5,2,64
-5,2,64
-5,2,64
-5,2,64
-5,2,64
-5,2,64
-5,2,64
-5,2,64
-5,2,64
-5,2,64
-5,2,64
-5,2,64
-5,2,64
-5,2,64
-5,2,64
-5,2,64
-4,2,64
-5,2,64
-5,2,64
-5,2,64
-5,2,64
-5,2,64
-5,2,64
-5,2,64
-5,2,64
-5,2,64
-5,2,64
-4,2,64
-5,2,64
-5,2,63
-4,2,64
-5,2,64
-6,2,64
-5,2,64
-5,2,63
-4,2,64
-5,2,64
-5,2,64
-5,2,64
-5,2,63
-5,2,64
-5,2,64
-5,2,63
-5,2,64
-4,2,64
-5,2,64
-5,2,64
-5,2,64
-6,2,64
-5,2,64
-5,2,64
-5,2,64
-5,2,64
-5,2,63
-5,2,64
-5,2,64
-5,2,64
-5,2,64
-5,2,64
-5,2,64
-6,2,64
-5,2,64
-5,2,64
-5,2,64
-5,2,64
-5,2,64
-5,2,64
-5,2,64
-5,2,64
-5,2,64
-5,2,64
-5,2,64
-5,2,63
-5,2,64
-5,2,64
-5,2,64
-5,2,64
-5,2,64
-5,2,64
-5,2,64
-5,2,64
-5,2,64
-4,2,64
-5,2,64
-5,2,64
-4,2,64
-5,2,63
-5,2,64
-5,2,64
-5,2,64
-5,2,64
-5,2,64
-5,2,64
-5,2,64
-4,2,64
-5,2,63
-5,2,64
-4,2,64
-5,2,63
-5,2,64
-5,2,64
-5,2,64
-4,2,64
-4,2,64
-5,2,64
-5,2,64
-5,2,64
-5,2,64
-5,2,64
-5,2,64
-5,2,64
-4,2,64
-5,2,64
-4,2,64
-5,2,64
-4,2,64
-4,2,64
-5,2,64
-4,2,64
-4,2,64
-5,2,63
-5,2,64
-5,2,64
-5,2,64
-3,2,64
-4,2,64
-5,2,64
-4,2,64
-5,2,64
-5,2,64
-4,2,64
-5,2,63
-5,2,63
-4,2,64
-5,2,64
-4,2,64
-4,2,64
-5,2,64
-4,2,64
-5,2,64
-5,2,64
-4,2,64
-5,2,64
-4,2,64
-4,2,64
-5,2,64
-4,2,64
-5,2,64
-5,2,63
-4,2,64
-5,2,64
-4,2,64
-4,2,64
-5,2,64
-5,3,64
-4,2,64
-5,2,64
-5,2,64
-4,3,64
-5,3,64
-4,2,64
-5,2,64
-5,2,64
-4,2,64
-5,3,64
-4,2,64
-5,2,64
-4,2,64
-5,2,64
-5,2,64
-4,2,64
-5,2,64
-5,2,64
-4,2,64
-5,2,64
-5,2,64
-4,2,64
-4,2,64
-5,2,64
-4,2,64
-5,2,63
-4,2,64
-4,2,64
-5,2,63
-4,2,64
-5,2,64
-5,2,63
-4,2,64
-5,2,64
-4,2,64
-4,2,64
-5,2,63
-4,2,64
-5,3,64
-4,2,64
-4,2,64
-5,2,64
-4,2,64
-5,2,63
-4,2,64
-4,2,64
-4,2,64
-5,2,64
-4,2,64
-3,2,64
-5,2,63
-5,2,64
-4,3,64
-4,2,64
-4,2,64
-5,2,64
-4,2,64
-5,2,64
-5,2,64
-4,2,64
-4,2,64
-5,2,64
-4,2,64
-5,2,64
-5,2,64
-4,2,64
-5,2,64
-5,2,64
-4,2,64
-4,2,64
-5,2,64
-4,2,64
-5,2,64
-4,2,64
-4,2,64
-5,2,64
-5,2,64
-5,2,64
-5,2,64
-4,2,64
-4,2,64
-5,2,64
-4,2,64
-5,2,63
-5,2,64
-4,2,64
-4,2,64
-4,2,64
-4,2,64
-5,2,64
-4,2,64
-4,2,64
-4,2,64
-4,2,64
-5,2,64
-4,2,64
-5,2,64
-4,2,64
-5,2,64
-5,3,64
-4,2,64
-4,2,64
-4,2,64
-4,2,64
-4,2,64
-4,2,64
-4,2,64
-5,2,64
-4,2,64
-4,2,64
-4,3,64
-4,2,64
-5,2,64
-4,2,64
-4,2,64
-4,3,64
-4,2,64
-5,2,64
-5,2,64
-4,2,64
-5,3,64
-4,2,64
-4,2,64
-5,2,64
-4,2,64
-5,2,64
-5,2,64
-4,2,64
-5,2,64
-4,2,64
-4,2,64
-5,2,64
-5,2,64
-4,3,64
-4,2,64
-4,2,64
-4,2,64
-4,3,64
-5,2,64
-4,2,63
-5,2,64
-5,2,64
-4,2,64
-5,2,64
-5,2,64
-4,2,64
-4,2,64
-5,2,64
-4,3,64
-4,2,64
-4,2,64
-4,2,64
-5,2,64
-4,2,64
-5,2,64
-4,2,64
-4,2,64
-4,2,64
-4,2,64
-4,3,64
-4,2,64
-5,2,64
-4,2,64
-4,2,64
-5,2,64
-4,2,64
-5,2,64
-4,2,64
-4,2,64
-5,2,64
-4,2,64
-5,2,64
-5,2,64
-4,2,64
-4,2,64
-4,2,64
-5,3,64
-5,3,64
-4,2,64
-4,2,64
-4,2,64
-4,2,64
-5,3,63
-4,2,64
-4,2,64
-5,2,64
-5,2,64
-4,2,64
-5,2,64
-5,2,64
-5,2,64
-5,2,64
-4,2,64
-5,2,64
-5,2,64
-5,2,64
-4,2,64
-4,2,64
-5,2,64
-4,2,64
-5,2,64
-5,2,64
-4,3,64
-5,2,64
-4,2,64
-4,2,64
-5,2,64
-5,3,63
-4,3,64
-5,3,64
-4,2,63
-4,2,64
-5,2,64
-4,2,64
-4,2,64
-5,2,63
-4,2,64
-5,3,64
-5,3,64
-4,2,64
-5,2,64
-4,3,64
-4,2,64
-5,2,64
-5,2,64
-4,2,64
-4,2,64
-5,3,64
-4,2,64
-5,2,64
-5,2,64
-4,2,64
-5,3,64
-5,3,64
-4,2,64
-4,2,64
-5,2,64
-4,3,64
-5,2,63
-4,3,64
-4,2,64
-4,3,64
-4,2,64
-4,3,64
-4,3,64
-4,3,64
-5,2,64
-4,3,64
-4,3,64
-4,3,64
-4,3,64
-4,3,64
-4,3,63
-4,3,64
-4,3,64
-4,3,64
-4,3,64
-4,3,64
-4,3,64
-4,3,64
-4,3,64
-4,3,64
-4,3,64
-4,3,64
-4,3,64
-4,3,64
-4,3,64
-3,3,64
-4,3,64
-5,3,64
-3,3,64
-4,3,64
-4,2,64
-4,3,64
-4,2,64
-4,2,64
-4,3,63
-4,2,64
-4,3,63
-6,3,64
-5,1,64
-4,1,64
-5,1,64
-4,1,63
-5,1,64
-5,-1,63
-5,1,63
-5,7,64
-3,1,64
3,5,64
5,6,64
7,6,63
7,6,63
8,8,64
10,7,64
9,8,63
8,8,62
9,8,63
8,9,62
7,11,61
5,15,63
6,14,63
8,14,62
8,12,62
10,8,64
11,5,65
4,6,63
6,6,62
4,7,62
5,2,63
8,6,63
8,8,64
6,7,63
7,8,64
8,7,63
9,8,63
8,7,63
8,8,63
8,6,63
8,6,63
10,6,63
9,6,63
8,6,63
9,6,63
10,6,63
9,6,63
10,5,63
10,5,63
10,6,62
11,6,63
11,6,63
10,6,63
10,6,63
10,6,63
10,6,63
10,6,63
11,6,63
10,6,63
10,6,62
11,6,62
12,6,63
11,6,63
10,6,62
11,6,62
11,6,63
10,6,62
10,6,62
11,6,62
11,6,63
10,6,63
11,6,63
11,6,62
10,7,63
11,6,63
11,6,62
11,7,63
11,6,63
11,6,62
11,6,62
12,6,63
10,7,62
10,6,62
12,6,62
11,6,63
10,6,62
11,6,63
11,6,63
10,6,63
11,6,63
11,7,63
11,6,62
11,6,62
11,6,62
11,6,63
11,6,63
11,6,63
11,6,62
11,6,63
10,6,62
12,6,63
11,6,63
10,6,62
10,7,64
12,6,63
11,7,62
11,7,62
13,6,63
10,6,63
9,6,62
12,6,62
12,6,63
10,7,63
11,6,63
12,6,62
11,6,62
11,6,63
11,6,63
11,6,62
11,6,63
11,6,63
11,6,63
10,7,63
11,6,63
11,6,62
10,6,62
12,6,62
12,6,63
10,6,62
11,6,62
11,6,63
11,6,62
11,6,62
11,6,62
12,6,63
11,6,63
11,6,62
11,6,62
12,6,63
11,7,63
11,7,63
11,6,62
11,6,62
11,7,63
11,7,63
12,6,63
12,6,62
11,6,62
11,7,62
11,6,63
11,7,62
11,6,62
11,6,63
11,7,62
11,7,63
12,6,62
11,6,62
11,6,62
11,7,62
12,6,62
11,7,62
11,7,62
11,6,62
11,6,62
11,6,62
12,7,63
11,7,62
11,6,62
11,6,63
11,7,62
11,6,63
11,6,62
11,7,63
11,7,63
11,6,63
11,7,62
11,6,63
11,6,62
11,7,63
11,6,62
11,7,62
11,6,62
11,6,62
12,6,62
11,7,63
10,7,62
11,7,62
12,6,62
11,7,63
11,7,62
12,6,62
11,6,62
11,7,63
12,7,63
11,6,62
11,6,62
11,6,62
11,6,62
11,7,62
11,6,62
11,7,63
12,6,62
12,6,62
11,6,63
11,6,62
11,7,62
12,6,63
11,6,62
11,6,62
12,6,63
11,7,62
10,6,62
12,6,62
12,6,62
11,7,62
11,7,63
12,6,62
11,6,62
11,6,62
11,6,63
11,6,62
11,7,63
12,6,62
12,6,63
11,6,62
11,6,63
12,6,63
11,6,62
11,6,62
12,6,62
11,6,62
11,6,62
11,6,63
10,6,62
12,6,63
12,6,63
11,6,62
12,7,62
11,6,62
11,6,63
11,7,63
11,6,63
12,6,62
11,6,62
11,6,62
11,6,62
12,6,63
12,6,62
11,6,62
11,7,63
12,6,63
11,6,62
11,6,62
12,7,63
11,7,63
12,6,62
11,6,63
11,6,62
12,7,62
11,7,62
11,6,62
11,6,62
11,6,62
11,6,62
12,6,63
12,7,63
11,6,62
10,6,62
12,7,63
11,7,63
11,6,63
11,6,62
12,7,63
12,6,62
11,7,62
12,6,62
11,7,62
11,7,63
12,7,62
11,6,62
12,6,62
12,7,62
11,6,62
11,7,62
12,6,62
12,7,62
11,6,62
11,7,63
11,6,62
11,6,62
11,6,63
12,7,63
11,6,63
11,6,63
11,6,62
11,6,62
11,7,62
12,6,62
11,7,63
11,6,62
11,6,62
12,7,63
12,6,62
11,7,63
11,6,63
12,6,62
12,6,62
11,6,62
11,7,62
12,6,63
12,6,62
11,7,62
11,7,62
12,6,62
11,6,62
11,6,62
11,6,62
12,6,63
11,6,62
11,6,62
11,6,62
12,6,62
11,6,63
11,7,63
12,6,62
11,6,63
11,6,63
12,6,62
11,6,63
11,6,63
11,6,62
12,6,62
12,6,63
11,6,62
11,6,62
12,6,62
11,6,63
11,6,62
11,6,63
12,6,62
11,6,62
11,6,62
11,6,63
11,6,63
11,6,63
11,6,62
11,6,62
11,6,62
12,6,63
11,6,62
11,6,62
12,6,62
11,6,62
11,7,62
11,6,63
11,6,62
11,6,62
12,6,62
11,6,62
12,6,62
12,6,62
10,7,63
11,6,62
12,6,63
11,6,63
11,6,62
12,6,63
11,6,63
11,6,62
11,6,63
11,6,62
11,6,62
11,6,63
12,6,63
11,6,62
11,6,62
12,6,63
11,6,62
11,6,63
11,6,62
11,6,62
11,6,63
11,6,62
11,6,62
12,6,62
11,6,62
11,6,62
11,6,62
11,6,62
11,6,63
11,6,63
11,6,63
11,6,62
11,6,62
11,6,63
11,6,63
11,6,62
11,7,62
10,6,63
11,6,63
11,7,62
11,6,62
11,6,62
11,7,63
12,6,63
11,6,62
10,7,62
11,6,63
11,6,63
11,6,63
11,6,62
11,6,63
11,6,62
11,6,62
11,6,62
11,6,63
11,6,62
11,6,62
11,6,63
11,6,62
11,6,62
11,6,63
12,6,62
10,6,63
11,6,62
11,6,62
11,6,63
11,6,63
11,6,63
11,6,62
11,6,62
11,7,62
11,6,62
12,6,63
11,6,62
11,6,62
11,7,62
11,6,62
11,6,62
11,6,62
11,6,63
11,6,62
11,6,63
11,6,63
11,6,63
11,6,62
11,6,63
11,6,63
11,6,62
11,6,63
11,6,62
11,6,63
11,6,63
11,6,62
11,6,63
11,6,62
11,6,63
11,6,62
11,6,62
11,6,62
11,6,62
11,6,62
11,6,63
11,6,62
10,6,62
12,6,63
11,6,62
11,6,62
11,6,62
11,6,62
11,6,63
11,6,62
11,6,62
10,6,63
11,7,63
11,6,62
11,6,62
11,6,62
11,7,63
11,6,63
11,6,62
11,6,62
11,6,62
10,6,62
11,6,63
11,6,63
11,6,63
11,6,63
11,6,63
11,6,63
11,6,63
11,6,63
11,6,62
10,6,62
10,6,62
12,7,63
12,7,63
11,6,63
11,6,62
11,6,62
12,7,63
11,6,63
11,6,62
11,6,62
12,7,63
11,7,63
10,6,62
11,6,62
11,7,63
11,6,63
11,6,62
11,6,63
11,6,63
11,7,63
11,6,63
11,6,63
11,6,63
11,7,63
11,6,62
10,6,62
11,6,62
11,7,63
11,7,63
11,6,63
11,6,62
10,6,63
11,7,63
11,6,62
11,6,62
11,6,62
11,6,62
11,6,63
11,6,63
11,6,62
11,6,63
11,6,63
11,6,62
11,6,62
11,6,62
11,6,62
11,6,63
11,6,63
11,6,62
11,6,62
11,6,62
10,6,63
11,6,62
11,6,63
11,6,63
11,6,62
11,6,63
11,6,63
11,6,62
11,6,62
11,6,63
11,6,63
11,6,63
11,6,63
11,6,63
10,6,63
11,6,62
12,6,63
11,6,63
10,6,62
11,6,63
12,6,63
11,6,62
10,6,62
11,6,63
11,6,63
10,6,62
11,6,62
11,6,63
11,6,63
11,6,63
11,6,63
11,6,63
11,6,63
11,6,63
11,6,63
11,6,63
10,6,62
11,6,62
12,6,63
11,6,62
11,6,63
12,6,63
11,6,63
11,6,63
11,6,63
11,6,62
11,6,62
11,6,62
11,6,63
11,6,62
11,6,62
11,6,63
11,6,63
12,6,62
11,6,62
11,6,63
11,6,63
11,6,62
11,6,62
11,6,62
10,6,62
11,6,63
11,6,62
11,6,63
11,6,62
11,6,63
11,6,63
11,6,63
11,6,63
12,6,62
11,6,63
11,6,63
11,6,63
11,6,62
10,6,62
10,6,63
12,6,63
11,6,62
10,6,63
11,6,62
11,6,63
11,6,62
11,6,63
11,6,62
11,6,62
11,6,63
11,6,63
11,6,62
11,6,62
12,6,62
11,6,63
11,6,63
11,6,62
11,6,62
12,6,62
12,6,63
11,6,63
11,6,63
11,6,63
11,6,62
11,6,62
11,6,63
12,6,62
11,6,62
11,6,63
11,6,62
11,6,63
11,6,62
12,6,63
11,7,62
11,6,63
12,6,62
11,6,62
11,7,62
11,6,63
11,6,62
11,6,62
11,6,62
11,6,63
12,6,63
11,6,63
11,6,62
12,6,62
11,6,62
11,6,62
12,6,62
11,6,63
11,6,63
11,6,62
12,6,62
11,6,62
11,6,63
11,6,62
11,6,62
11,6,62
11,6,62
12,6,62
11,6,63
10,6,62
11,6,62
12,6,62
11,6,63
11,6,63
12,6,62
11,6,62
10,6,63
12,6,63
12,6,62
11,6,62
11,6,62
12,7,63
12,6,62
11,6,63
11,6,63
11,6,63
11,6,62
12,6,62
12,6,62
11,6,63
11,6,63
12,6,63
11,6,62
10,6,63
12,6,63
12,6,62
11,6,62
11,6,62
12,6,62
12,6,62
11,6,62
11,6,62
12,6,63
12,6,63
11,6,62
11,6,62
13,6,62
12,6,62
10,7,63
11,6,63
12,6,62
11,6,62
11,6,62
11,6,62
12,6,63
12,6,62
11,6,63
11,6,62
11,7,62
12,6,62
11,6,63
12,6,62
12,6,63
11,6,62
11,6,62
11,6,62
11,6,62
12,6,62
12,6,62
11,6,62
11,6,62
12,6,63
12,6,62
11,6,62
11,6,62
11,6,63
12,6,62
12,6,62
11,7,63
12,6,62
11,6,62
11,6,62
12,6,62
11,7,63
12,6,62
12,6,62
11,7,62
12,6,62
11,6,62
11,6,62
12,6,63
12,6,62
11,6,62
11,6,62
11,6,62
11,6,62
12,6,63
11,6,63
11,7,62
12,6,62
11,6,63
11,6,62
11,6,62
12,6,62
11,6,62
11,6,63
12,6,63
11,6,62
11,6,62
12,6,63
11,6,62
11,6,62
12,6,62
11,6,63
11,6,62
12,6,62
12,6,62
11,6,62
11,6,62
12,6,63
11,6,62
11,6,62
11,6,62
11,6,63
12,6,62
11,6,63
11,6,62
11,6,63
11,6,63
11,6,62
12,6,62
11,6,62
11,6,62
11,6,62
12,6,63
12,6,63
11,7,63
11,6,62
12,6,63
11,6,63
11,6,62
11,6,63
12,6,62
11,6,62
9,7,62
10,6,62
13,6,63
11,7,63
11,6,62
11,6,63
8,7,63
10,5,63
14,5,62
11,7,62
11,6,63
11,5,63
12,5,62
11,5,63
10,6,63
11,5,63
12,4,63
9,5,63
12,5,63
12,4,62
11,5,63
11,5,63
12,5,63
11,4,62
10,4,62
12,5,63
12,5,63
11,4,62
11,4,62
11,5,63
12,5,63
11,4,62
11,4,62
11,5,63
11,4,63
12,5,63
11,4,63
12,4,63
11,4,63
11,4,63
11,4,63
11,4,63
12,4,62
11,4,63
11,4,62
11,4,63
11,4,62
10,4,62
11,4,63
12,4,63
12,4,63
11,4,62
10,4,63
10,4,63
12,4,63
11,4,63
11,5,63
11,5,63
12,4,62
12,4,63
11,4,63
10,4,63
11,4,62
11,5,63
12,5,63
11,5,63
11,4,62
11,4,62
11,4,63
12,5,63
12,5,63
10,5,62
11,4,63
12,4,63
11,4,62
10,4,62
11,4,63
11,5,63
10,4,63
11,4,63
12,4,63
13,4,62
12,4,62
11,4,63
10,4,63
11,4,62
12,4,63
11,5,63
11,4,62
12,4,62
11,4,62
11,4,63
11,4,63
11,4,63
12,4,63
11,4,63
12,4,63
12,4,63
12,4,63
11,4,63
11,4,62
11,4,63
11,4,62
11,4,63
12,4,63
12,4,62
11,4,63
11,4,63
12,4,63
12,4,63
11,4,63
11,4,62
12,4,63
12,4,62
11,4,63
11,4,62
11,4,63
12,4,63
11,4,63
11,4,63
11,4,63
11,4,63
12,4,63
10,4,62
11,4,62
12,4,63
11,4,63
12,4,62
12,4,63
11,4,63
11,4,63
12,4,63
11,4,63
12,4,62
11,4,63
11,4,63
11,4,63
11,4,63
11,4,63
11,4,63
11,4,63
11,4,62
12,4,63
11,4,62
11,4,63
11,4,62
11,4,62
12,4,63
12,4,63
11,4,63
11,4,63
12,4,63
11,4,63
11,4,63
11,4,63
11,4,62
11,4,63
11,4,63
11,4,63
11,4,63
11,4,63
11,4,63
11,4,62
11,4,63
12,4,63
11,4,63
11,4,63
11,4,63
11,4,62
11,4,63
11,4,63
11,5,63
12,4,62
12,4,63
11,4,63
11,4,62
12,4,63
12,4,62
11,5,63
12,5,63
13,5,62
11,5,62
11,4,62
12,5,62
11,4,62
12,5,62
11,5,63
12,5,62
12,4,62
12,5,63
12,5,63
12,4,62
12,5,62
11,5,63
12,5,62
12,5,63
12,4,62
12,4,62
12,4,63
12,5,62
12,4,62
12,5,62
12,5,62
12,4,62
11,4,63
12,4,62
11,5,62
11,5,62
13,4,63
12,4,62
11,4,62
12,5,62
12,5,62
12,5,62
12,5,62
12,5,63
12,5,62
12,4,62
12,5,62
12,5,63
12,5,62
12,4,62
12,5,62
12,5,63
12,5,62
12,5,62
12,5,62
12,5,62
12,5,63
12,5,62
12,5,63
12,4,63
11,5,62
12,5,62
12,5,63
12,5,63
12,4,63
12,5,62
12,5,62
12,5,62
12,5,62
12,5,62
12,5,62
12,5,62
12,5,62
12,5,63
12,5,62
12,5,63
12,5,62
12,5,62
12,5,62
11,5,62
12,5,62
12,5,63
12,5,62
12,5,62
12,4,62
12,5,63
12,4,62
12,5,62
12,5,62
12,5,62
12,5,62
12,5,63
12,5,62
12,5,62
12,5,62
12,5,63
12,5,62
12,5,62
12,5,62
12,5,62
13,5,62
12,5,62
12,5,62
13,5,62
12,5,62
12,5,62
12,5,62
12,5,62
12,5,62
11,5,63
13,5,62
12,5,62
13,5,62
12,5,62
12,5,62
13,4,62
11,5,62
12,5,62
12,5,62
12,5,62
12,5,63
12,4,62
12,5,62
12,4,63
12,5,62
12,5,62
12,5,62
12,5,62
12,5,62
12,5,63
12,5,63
12,5,62
12,5,62
12,5,62
12,5,62
13,5,62
13,5,63
12,4,62
12,4,62
12,5,62
12,5,62
12,5,62
12,4,63
12,4,62
12,5,62
12,4,62
12,5,62
12,5,62
12,5,62
12,5,63
12,5,62
12,5,62
12,5,63
12,5,62
12,5,62
12,5,62
12,5,62
12,4,62
12,5,62
12,5,62
12,5,63
12,5,62
12,5,62
12,5,62
12,5,62
12,4,62
12,5,63
12,5,63
11,5,62
14,5,62
11,5,62
13,5,63
12,5,63
12,5,63
13,5,62
12,5,62
13,5,62
12,5,62
12,5,63
12,5,62
12,5,62
12,5,63
12,5,62
12,5,63
12,5,62
12,5,63
13,5,62
12,5,62
12,5,62
13,5,62
12,5,62
12,5,62
13,5,62
12,5,63
12,5,62
12,5,62
13,5,62
12,5,63
12,5,62
13,5,62
12,5,62
12,5,62
13,5,63
12,5,62
12,5,62
12,5,63
12,5,62
12,5,63
12,5,62
12,5,62
12,5,62
13,5,62
12,4,63
11,5,62
13,5,62
12,5,62
12,5,62
12,5,62
12,5,62
12,5,62
12,5,62
12,5,62
12,5,62
13,5,63
12,5,62
12,5,62
12,5,62
12,5,62
12,5,62
13,5,62
13,5,62
12,5,62
12,5,63
12,5,62
13,5,62
12,5,62
11,5,62
13,5,62
13,5,63
12,5,62
12,5,62
12,5,63
12,5,62
12,5,62
12,5,63
12,5,62
12,5,62
12,5,62
13,5,62
12,5,62
12,5,62
12,5,62
12,5,62
12,5,62
12,5,62
12,5,62
12,5,62
12,5,63
12,5,62
12,5,62
12,5,62
12,5,62
12,5,62
12,5,62
13,5,62
13,5,63
12,5,62
13,5,62
13,5,62
12,5,62
13,5,62
13,5,62
12,5,63
13,5,62
12,5,62
12,5,62
13,5,63
12,5,62
13,5,62
13,5,62
13,5,62
12,5,62
12,5,63
12,5,62
12,5,62
12,5,62
12,5,62
13,5,62
13,5,62
12,5,62
12,5,63
13,5,62
12,5,62
13,5,62
13,5,62
12,5,62
13,5,62
12,5,62
12,5,62
13,5,62
13,5,62
12,5,62
12,5,62
12,5,62
13,5,62
12,5,62
13,5,62
13,5,62
12,5,62
13,5,62
13,5,62
12,5,62
12,5,62
13,5,62
12,5,62
13,5,62
12,5,62
12,5,62
13,5,62
12,5,62
13,5,62
13,5,62
12,5,62
13,5,62
12,5,62
12,5,62
13,5,62
13,5,62
12,5,62
12,5,62
12,5,63
12,5,62
12,5,62
12,5,62
13,5,62
12,5,63
12,5,62
13,5,62
12,5,62
12,5,62
12,5,63
13,5,62
13,5,62
12,5,62
12,5,62
12,5,62
12,5,62
12,5,63
13,5,62
12,5,62
12,5,63
12,5,62
12,5,62
12,5,62
13,5,62
12,5,63
12,5,62
12,5,62
13,5,62
12,5,62
13,4,62
13,5,62
12,5,62
13,5,62
13,5,62
13,5,62
12,5,62
12,4,62
13,4,62
12,5,62
13,5,62
13,5,62
12,5,62
13,4,62
13,5,62
12,5,62
13,5,62
12,5,62
12,5,62
12,5,62
13,5,62
13,5,62
12,5,62
12,5,62
13,5,62
13,5,62
13,5,62
12,5,62
12,5,62
12,5,62
13,5,62
13,5,62
12,5,62
12,5,62
13,5,62
12,5,62
12,5,62
13,5,62
13,5,62
12,5,62
12,5,62
13,5,62
13,5,62
12,5,62
13,5,62
13,5,62
13,5,62
12,5,62
12,5,62
13,5,62
12,5,62
13,5,62
12,5,62
12,5,62
13,5,62
12,5,62
13,5,62
12,5,63
12,5,62
13,5,62
13,5,62
12,5,62
13,5,62
13,5,62
13,5,62
12,5,62
13,5,62
13,5,62
12,5,62
13,5,62
12,5,62
13,5,62
13,5,62
12,5,62
13,5,62
13,5,63
12,5,62
12,5,62
13,5,62
12,5,62
13,5,62
12,5,62
13,5,62
12,5,62
12,5,62
13,5,62
12,5,62
13,5,62
12,5,62
13,4,62
13,5,62
12,5,62
12,5,62
13,5,62
12,5,62
13,5,62
12,5,62
13,5,62
13,5,62
13,5,62
12,5,62
13,5,63
13,5,62
13,5,62
12,5,63
13,5,62
13,5,62
13,5,62
12,5,62
12,5,62
13,5,63
12,5,62
13,5,62
13,5,62
13,4,62
13,5,62
12,5,62
13,5,62
13,4,62
12,5,62
12,5,62
13,5,62
13,5,62
12,5,62
12,5,62
13,5,62
12,5,62
12,5,62
12,5,62
12,4,62
13,5,62
12,5,62
12,5,62
13,5,62
13,5,62
12,5,62
13,5,62
12,5,62
13,5,62
13,5,62
12,4,62
12,4,62
13,5,62
12,5,62
12,5,62
13,5,62
13,5,62
13,5,62
12,5,62
12,5,62
13,5,62
13,5,62
13,5,62
12,5,62
12,5,62
12,5,62
12,5,62
13,5,62
12,5,62
13,5,62
12,5,62
12,5,62
13,5,62
13,5,62
12,5,62
13,5,62
12,5,62
12,5,63
13,5,62
12,5,62
13,5,62
13,5,62
13,5,62
13,5,62
12,5,62
13,5,62
12,5,62
12,5,62
13,5,62
14,4,62
11,5,62
12,5,62
13,5,62
12,5,62
13,5,62
13,5,62
13,5,62
13,5,62
13,5,62
13,5,62
12,5,62
12,5,62
12,5,62
13,5,62
13,5,63
13,5,62
13,5,62
13,5,62
13,4,62
12,5,62
13,5,62
12,5,62
12,5,62
13,5,62
13,5,62
13,5,62
13,5,62
12,5,62
13,5,62
13,5,62
12,5,62
13,5,62
13,5,62
12,5,62
12,5,62
13,5,62
12,5,62
12,5,62
12,5,62
12,5,62
13,5,62
13,5,62
12,5,62
12,5,63
12,5,62
12,5,62
12,5,63
13,5,62
12,5,62
12,5,62
13,5,62
12,5,62
12,5,62
12,4,62
12,5,62
12,5,62
13,5,62
13,5,63
12,5,62
12,5,62
13,5,62
12,5,62
13,5,62
13,5,62
13,5,62
12,5,62
12,5,62
13,5,62
13,5,62
12,5,62
12,5,62
13,5,62
12,5,63
12,5,62
13,5,62
12,5,62
12,5,62
13,5,63
12,5,62
13,5,62
13,5,62
12,5,62
13,5,62
12,5,62
13,4,62
12,5,62
12,5,62
13,5,62
13,5,62
12,5,62
13,5,62
13,5,62
12,5,62
13,5,62
13,5,62
12,5,62
13,5,62
12,5,62
13,5,62
12,5,62
13,5,62
13,5,62
12,5,62
12,5,62
13,5,62
13,5,62
12,5,62
12,5,62
13,5,62
13,5,62
12,5,62
12,5,62
13,5,62
12,5,62
13,5,62
12,5,62
12,5,62
12,5,62
12,5,62
13,5,62
12,5,63
12,5,62
13,5,62
13,5,62
13,5,62
12,5,62
13,5,62
13,5,62
12,5,62
12,5,62
12,5,62
14,5,62
12,5,62
13,5,62
13,5,62
12,5,62
13,5,62
13,5,62
12,5,62
12,5,62
13,5,62
12,5,62
13,5,62
12,5,62
13,5,63
13,5,62
12,5,62
13,5,62
13,5,62
12,5,63
13,5,62
13,5,62
12,5,63
13,5,62
13,5,62
13,5,62
12,5,62
13,5,62
13,5,62
13,5,62
13,5,62
13,5,62
13,5,62
12,5,62
13,5,62
13,5,62
12,5,62
13,5,62
13,5,62
13,5,62
13,5,62
12,5,62
13,5,62
13,5,62
13,5,62
13,5,62
13,5,62
13,5,62
12,5,62
13,5,62
13,5,62
12,5,62
12,5,62
13,5,62
13,5,62
13,5,62
13,5,62
12,5,62
13,5,62
13,5,62
12,5,62
13,5,62
14,5,62
12,5,62
12,5,63
13,5,62
13,5,62
13,5,62
13,5,62
13,5,62
12,5,62
13,5,62
13,5,62
12,5,62
13,5,62
13,5,62
13,5,62
13,5,62
13,5,62
13,5,62
13,5,62
12,5,62
13,5,62
13,5,62
13,5,62
13,5,62
13,5,62
13,5,62
13,5,62
13,5,62
13,5,62
13,5,62
12,5,62
13,5,62
13,5,62
12,5,62
12,5,62
13,5,62
12,5,62
12,5,62
13,5,62
13,5,62
13,5,62
13,5,62
12,5,62
13,5,62
12,5,62
13,5,62
13,5,62
12,5,62
13,5,62
13,5,62
12,5,62
12,5,62
13,5,62
13,5,62
12,5,62
12,5,62
13,5,62
12,5,62
13,5,62
12,5,62
13,5,62
13,5,62
12,5,63
12,5,62
13,5,62
13,5,62
12,5,62
12,5,62
13,5,62
13,5,62
12,5,62
13,5,62
13,5,62
13,5,62
13,5,62
12,5,62
13,5,62
13,5,62
13,5,62
13,5,62
13,5,62
13,5,63
12,5,62
13,5,62
13,5,62
12,5,62
12,5,62
13,5,62
13,5,62
12,5,62
13,5,62
13,5,62
13,5,62
13,4,62
13,5,62
12,5,62
13,5,62
12,5,62
12,5,62
13,5,62
13,5,62
13,4,62
13,5,62
13,5,62
13,5,63
12,5,62
13,5,62
13,5,62
12,5,62
13,5,62
12,5,62
12,5,62
13,5,62
13,5,62
13,5,62
13,5,62
12,5,62
13,5,62
13,5,62
13,5,62
12,5,62
13,5,62
12,5,62
12,5,62
13,5,62
12,5,62
12,5,63
13,5,63
13,5,62
12,5,62
13,5,62
12,5,62
12,5,62
13,5,62
12,5,62
12,5,62
13,5,62
12,5,62
13,5,62
12,5,62
12,5,62
12,5,62
12,5,62
13,5,62
12,5,62
12,5,62
12,5,62
12,5,62
12,5,62
12,5,62
12,5,62
12,5,62
12,5,62
13,5,63
13,5,62
12,5,62
12,5,63
12,5,62
12,5,62
13,5,62
13,5,62
12,5,62
12,5,62
12,5,62
13,5,63
12,5,62
12,5,62
13,5,62
12,4,62
13,5,62
12,5,63
12,5,62
13,5,62
13,5,62
12,5,62
12,5,62
12,5,62
13,5,62
12,5,62
12,5,62
12,5,62
13,5,63
12,5,62
12,4,62
13,5,62
12,5,62
13,5,63
13,5,62
12,5,62
12,5,62
12,5,62
13,5,62
12,5,62
12,5,62
13,5,62
12,5,62
12,5,62
13,5,62
13,5,62
12,5,62
12,5,62
13,5,62
13,5,62
13,5,62
12,5,62
12,5,62
13,5,62
13,5,62
13,5,62
13,5,62
13,5,62
12,5,62
12,5,63
13,5,62
13,5,62
13,5,62
13,5,62
12,5,62
13,5,62
12,5,62
13,5,62
12,5,62
13,5,62
13,5,62
12,5,62
13,5,62
13,5,62
12,5,62
13,5,62
13,5,62
12,5,62
12,5,62
13,5,62
12,5,62
13,5,62
13,5,62
13,5,62
13,5,62
13,5,62
12,5,62
13,5,62
13,5,62
12,5,62
13,5,62
13,5,62
13,5,62
12,5,62
13,5,62
12,5,62
13,5,62
13,5,62
12,5,62
13,5,62
13,5,62
12,5,62
13,5,62
13,5,62
12,5,62
12,5,62
13,5,62
13,5,62
12,5,62
12,5,62
13,5,62
13,5,62
12,5,62
12,5,62
13,5,62
13,5,62
12,5,62
13,5,62
12,5,62
12,5,62
13,5,62
13,5,62
12,5,62
13,5,62
12,5,62
13,5,62
13,5,62
12,5,62
13,5,62
12,5,63
12,5,62
12,5,62
12,5,62
13,5,62
13,5,62
13,5,62
12,5,62
13,5,62
12,5,62
12,5,62
13,5,62
12,5,62
12,4,62
13,5,62
12,5,62
12,5,62
12,5,63
13,5,62
13,5,62
13,5,62
12,5,62
13,5,62
13,5,62
13,5,62
13,5,63
12,5,62
13,5,62
13,5,62
12,5,62
13,5,62
13,5,62
12,5,62
12,5,62
13,5,62
13,5,63
13,5,62
12,5,62
13,5,62
12,5,62
13,5,62
13,5,62
13,5,62
12,5,62
13,5,62
12,5,63
12,5,62
13,5,62
12,5,62
12,5,62
12,5,62
13,5,62
12,5,62
12,5,62
13,5,62
12,5,62
12,5,62
12,5,62
13,5,62
13,5,62
12,5,62
12,5,62
13,5,63
12,5,62
12,5,62
12,5,62
13,5,62
13,5,62
12,5,62
13,5,62
12,5,62
12,5,62
12,5,62
12,5,62
13,5,62
13,5,62
12,5,62
13,5,63
12,5,62
13,5,62
13,5,62
12,5,62
12,5,62
13,5,62
13,5,62
12,5,62
12,5,62
13,5,62
12,5,62
12,5,62
12,5,62
13,5,62
12,5,62
12,5,62
13,5,62
13,5,62
12,5,62
12,5,62
12,5,62
13,5,62
12,5,62
12,5,62
12,5,62
12,5,62
12,5,62
13,5,62
13,5,62
12,5,62
13,5,62
13,5,62
12,5,62
12,5,62
13,5,62
13,5,62
12,5,62
12,5,62
12,5,62
12,4,62
13,5,62
13,5,63
12,5,62
12,5,62
13,5,63
13,5,62
12,4,62
12,4,62
12,5,62
13,5,63
12,5,62
13,5,62
13,5,62
12,5,62
12,5,62
12,5,62
13,5,63
12,5,62
12,5,62
13,5,62
12,5,62
12,5,62
12,5,62
13,5,62
12,5,62
13,5,62
13,5,63
12,5,62
13,5,62
12,5,62
12,5,62
12,5,62
12,5,63
13,5,62
12,5,62
12,5,62
12,5,62
13,5,62
13,5,62
13,5,62
12,5,62
13,5,62
12,5,62
12,5,62
13,5,62
13,5,62
12,5,62
12,5,62
13,5,62
13,5,62
12,5,62
13,5,62
13,5,62
13,5,62
12,5,62
12,5,62
13,5,62
13,5,62
12,5,62
12,5,62
13,5,62
13,5,62
12,5,62
13,5,62
13,5,62
12,5,62
13,5,62
13,5,62
12,5,62
13,5,62
13,5,62
13,5,62
12,5,62
12,5,63
13,5,62
13,5,62
12,5,62
12,5,62
13,5,62
13,5,62
12,5,62
13,5,62
13,5,62
12,5,62
12,5,62
13,5,62
13,5,62
13,5,62
12,5,62
12,5,62
13,5,62
13,5,62
13,5,62
13,5,62
12,5,62
12,5,62
13,5,62
13,5,62
13,5,62
13,5,62
13,5,62
12,5,62
13,5,62
13,5,62
12,5,62
13,5,62
13,5,62
13,5,62
12,5,62
12,5,62
13,5,62
12,5,62
13,5,62
13,5,63
12,5,62
12,5,62
13,5,62
13,5,62
12,5,62
12,5,62
12,5,62
13,5,62
12,5,62
13,5,62
13,5,62
12,5,62
12,5,62
13,5,62
13,5,62
12,5,62
12,5,62
13,5,62
13,5,62
12,5,62
13,5,62
13,5,62
12,5,62
13,5,62
13,5,62
13,5,62
13,5,62
13,5,62
13,5,62
12,5,62
12,5,62
13,5,62
12,5,62
12,5,63
13,5,62
13,5,62
13,5,62
13,5,62
12,5,62
12,5,62
13,5,62
13,5,62
12,5,62
13,5,62
13,5,62
13,5,62
12,5,62
12,5,62
14,5,62
13,5,62
12,5,62
13,5,62
13,5,62
13,5,62
12,5,62
12,5,62
13,5,62
12,5,62
13,5,62
13,5,62
13,5,62
12,5,62
13,5,62
13,5,62
12,5,62
13,5,62
13,5,63
12,5,62
13,5,62
13,5,62
12,5,62
13,5,62
13,5,62
13,5,62
13,5,62
12,5,62
13,5,62
13,5,62
13,5,62
13,5,62
13,5,62
12,5,62
13,5,62
13,5,62
13,5,62
13,5,62
13,5,62
13,5,62
12,5,62
13,5,62
12,5,62
12,5,62
13,5,62
12,5,62
13,5,62
13,5,62
12,5,62
13,5,62
13,5,62
13,5,62
12,5,62
13,5,62
12,5,62
12,5,62
13,5,62
13,5,63
12,5,62
13,5,62
13,5,62
13,5,62
12,5,62
12,5,62
13,5,62
12,5,62
13,5,62
12,5,62
13,5,62
13,5,62
12,5,62
13,5,62
13,5,62
12,5,62
12,5,62
12,5,62
13,5,62
12,5,62
12,5,62
13,5,63
12,5,62
13,5,62
13,5,62
13,5,62
12,5,62
13,5,62
13,5,62
12,5,62
13,5,62
13,5,62
12,5,62
12,5,62
12,5,62
13,5,62
13,5,62
13,5,62
13,5,62
13,5,62
12,5,62
12,5,62
13,5,62
12,5,62
13,5,62
13,5,62
13,5,62
13,5,62
13,5,62
13,5,62
12,5,62
12,5,62
13,5,62
13,5,62
12,5,62
13,5,62
12,5,62
13,5,62
13,5,62
12,5,62
13,5,63
13,5,62
13,5,62
13,5,62
13,5,62
13,5,62
13,5,62
13,5,62
13,5,62
13,5,62
13,5,62
13,5,62
13,5,62
13,5,62
13,5,62
13,5,62
13,5,62
13,5,62
13,5,62
13,5,62
13,5,62
13,5,62
12,5,62
13,5,62
13,5,62
13,5,62
12,5,63
12,5,62
13,5,62
13,5,62
12,5,62
13,5,62
13,5,62
13,5,62
12,5,62
13,5,63
12,5,62
12,5,62
13,5,62
13,5,62
12,5,62
12,5,62
12,5,63
12,5,62
12,5,62
12,5,62
12,5,62
12,5,62
12,5,62
13,5,62
12,5,62
12,5,62
12,5,62
13,5,62
12,5,62
13,5,62
12,5,62
12,5,62
13,5,62
12,5,62
12,5,62
13,5,62
12,5,62
12,5,62
13,5,62
12,5,62
11,4,62
12,4,61
13,6,63
11,7,63
12,5,62
13,5,62
11,5,62
12,4,62
14,5,62
12,5,63
12,5,62
13,4,62
10,4,62
15,5,62
17,5,63
10,4,62
15,4,62
16,4,63
13,6,63
13,4,62
12,4,62
13,4,62
13,4,62
13,5,63
13,5,62
13,4,62
14,4,62
14,5,62
12,4,62
13,4,62
13,4,62
13,5,62
15,4,62
15,4,62
12,4,62
13,4,62
15,4,62
15,4,62
16,5,62
13,4,62
16,4,62
15,4,62
8,5,62
11,7,63
12,7,62
12,6,63
12,7,63
9,7,63
13,5,60
13,11,64
10,5,64
7,3,62
7,5,63
9,4,65
11,1,64
9,3,64
10,-1,59
13,1,63
12,-1,62
15,-3,60
15,-2,58
21,2,63
19,5,64
19,5,62
20,2,61
15,4,61
14,3,60
20,4,60
23,1,57
27,1,55
40,4,51
44,3,50
51,3,48
46,3,48
37,3,50
35,3,50
38,3,50
39,3,50
40,3,50
39,3,50
39,3,50
40,3,50
39,3,50
39,3,50
39,3,50
39,3,50
39,3,50
39,3,50
40,3,50
39,3,50
39,3,50
39,3,50
39,3,50
39,3,49
39,3,50
40,3,49
40,3,49
39,3,49
39,3,50
40,3,49
40,3,49
39,3,49
39,3,50
40,3,49
41,3,49
39,3,49
40,3,49
40,3,49
41,3,49
40,3,49
40,3,49
41,3,48
40,3,48
41,3,48
41,3,48
41,3,48
41,3,48
43,3,48
44,3,48
35,4,51
35,4,50
42,5,49
41,3,52
39,5,52
35,8,52
37,7,52
36,7,54
28,9,55
29,8,56
28,8,58
15,9,58
14,9,60
14,1,61
14,1,60
16,-2,62
15,1,61
13,4,61
15,2,62
16,2,62
15,3,61
23,1,59
17,1,60
18,3,59
24,3,59
32,2,57
28,2,57
18,3,58
27,3,55
32,4,54
43,4,51
47,5,50
43,4,50
36,4,51
34,4,52
36,4,52
37,4,51
37,4,52
37,4,51
38,4,51
37,4,51
36,4,52
37,4,52
38,4,51
38,3,51
37,3,51
36,4,51
38,4,51
38,3,51
37,4,51
37,4,52
37,4,52
38,3,51
36,4,51
37,4,52
38,4,51
37,4,51
37,4,51
37,4,51
38,4,51
37,4,51
37,4,51
37,4,51
37,4,51
37,4,51
37,4,51
37,4,51
38,4,51
37,4,51
37,4,51
37,4,51
37,4,51
37,4,51
38,4,51
37,4,51
37,4,51
38,4,51
37,4,51
37,4,51
37,4,51
37,4,51
37,4,51
37,4,51
38,4,51
37,4,51
37,4,51
37,4,51
38,4,51
37,4,51
37,4,51
37,4,51
37,4,51
38,4,51
37,4,51
37,4,51
37,4,51
37,4,51
38,3,51
37,4,51
37,4,51
38,4,51
37,3,51
37,4,51
37,4,51
38,4,51
37,3,51
37,4,51
37,4,51
38,4,51
37,3,51
37,4,51
38,4,51
38,4,51
37,3,51
38,4,51
37,4,51
37,4,51
37,3,51
37,4,51
37,3,51
37,3,51
38,4,51
38,4,51
37,3,51
37,4,51
38,3,51
37,4,51
37,3,51
38,3,51
37,4,51
38,3,51
37,3,51
36,4,51
38,4,51
38,3,51
37,4,51
37,4,51
38,4,51
37,3,51
37,4,51
38,4,51
37,4,51
38,3,51
38,3,51
37,4,51
37,4,51
38,4,51
37,4,51
38,3,51
38,3,50
37,3,51
38,4,51
38,3,51
37,4,51
38,3,51
38,4,51
38,3,51
38,3,51
37,4,51
38,4,51
37,4,51
37,3,51
38,4,51
38,3,51
37,3,51
37,3,51
38,4,51
37,3,51
38,3,51
37,4,51
38,4,51
38,3,51
38,4,51
38,3,51
37,4,51
38,4,51
38,3,50
37,3,51
38,3,51
37,4,51
38,4,51
38,3,51
38,3,51
38,3,51
38,4,51
38,4,51
38,3,51
38,3,51
38,3,51
38,4,51
38,3,51
37,3,51
38,4,51
38,3,51
37,3,51
37,4,51
38,4,51
38,3,51
37,4,51
37,4,51
38,4,51
38,4,51
38,3,51
37,4,51
38,4,51
38,3,51
37,4,51
38,3,51
38,4,51
37,4,51
38,3,51
38,3,51
37,3,51
38,4,51
37,4,51
37,4,51
38,4,51
38,4,51
37,4,51
38,4,51
38,4,51
38,3,51
38,4,51
38,3,51
38,3,51
37,4,51
38,4,51
38,3,51
38,4,51
37,4,51
38,3,51
38,3,51
37,4,51
38,4,51
38,4,51
38,4,51
38,4,51
37,3,51
38,3,50
38,4,51
38,4,51
38,4,51
38,4,51
37,4,51
38,3,51
38,4,51
38,3,51
38,4,51
38,3,51
38,4,51
38,4,51
38,4,51
38,3,51
38,4,51
38,3,51
38,4,51
38,4,51
38,4,51
37,4,51
37,4,51
38,4,51
37,4,51
38,4,51
38,3,51
38,4,51
38,4,51
38,3,50
37,4,51
38,4,51
39,4,51
37,4,51
37,4,51
38,4,51
38,4,51
38,4,51
38,4,51
37,4,51
37,4,51
38,4,51
38,4,51
38,3,51
38,4,51
38,3,51
38,4,51
38,4,51
38,4,51
37,4,51
38,4,51
38,3,51
37,4,51
38,4,51
38,4,51
38,3,51
38,4,51
38,4,51
38,4,51
38,4,50
38,4,51
38,4,51
38,4,51
37,4,51
38,4,51
38,4,51
38,4,51
37,4,51
38,4,51
37,4,51
37,4,51
38,4,51
38,4,51
38,4,51
38,4,51
38,4,51
38,4,51
37,4,51
38,4,51
38,4,50
37,4,51
38,4,51
38,4,51
37,4,51
38,4,51
38,4,51
38,3,50
38,4,51
38,4,51
37,4,51
38,4,51
38,4,50
37,4,51
38,4,51
39,4,51
37,4,51
39,4,50
38,4,51
37,4,51
38,4,51
38,4,50
38,4,51
38,4,51
38,4,50
37,4,51
38,4,51
38,4,51
38,4,51
38,4,51
38,4,51
38,4,51
38,4,51
38,4,51
37,4,51
38,4,51
38,4,51
38,4,51
38,4,51
38,4,51
37,4,51
38,4,51
38,4,51
38,4,51
38,4,51
37,4,51
38,4,51
39,4,50
37,4,51
38,4,51
38,4,51
37,4,51
38,4,51
38,4,51
38,4,51
38,4,51
38,4,51
38,4,51
38,4,51
37,4,51
38,4,51
38,4,51
37,4,51
38,4,51
38,4,51
38,4,51
38,4,51
38,4,51
38,4,51
38,4,51
37,4,51
38,4,51
38,4,51
37,4,50
38,4,51
38,4,51
38,4,51
38,4,51
37,4,51
39,4,51
38,4,51
37,4,51
38,4,51
38,4,51
37,4,51
38,4,51
38,4,51
38,4,51
38,4,51
38,4,51
38,4,51
38,4,51
38,4,50
38,4,51
38,4,51
38,4,51
38,4,50
38,4,51
38,4,51
37,4,51
38,4,51
38,4,51
38,4,51
38,4,51
38,4,51
37,4,51
38,4,51
38,4,51
38,4,51
37,4,51
38,4,51
39,4,51
37,4,51
38,4,51
38,4,50
37,4,51
38,4,51
38,4,51
37,4,51
38,4,51
38,4,51
38,4,51
38,4,51
38,4,51
38,4,51
38,4,51
38,4,51
38,4,51
38,4,51
38,4,51
38,4,51
38,4,51
38,4,51
37,4,51
37,4,51
38,4,51
38,4,51
38,4,51
38,4,51
38,4,51
38,4,51
38,4,51
37,4,51
38,4,51
38,4,51
38,4,51
38,4,51
37,4,51
37,4,51
38,4,51
37,4,51
38,4,51
37,4,51
37,4,51
38,4,51
38,4,51
38,4,51
38,4,50
38,4,51
38,4,51
38,4,51
38,4,51
38,4,51
38,4,51
37,4,51
38,4,51
38,4,51
37,4,51
38,4,51
38,4,51
38,4,51
38,4,51
37,4,51
38,4,51
38,4,51
38,4,51
38,4,50
37,4,51
38,4,51
38,4,51
37,4,51
38,4,51
38,4,51
38,4,51
38,4,51
38,4,51
38,4,51
38,4,51
38,4,51
38,4,51
38,4,51
37,4,51
38,4,51
38,4,51
37,4,51
38,4,51
38,4,51
38,4,51
37,4,51
38,4,51
38,4,51
38,4,51
38,4,51
38,4,51
38,4,51
37,4,51
38,4,51
37,4,51
38,4,50
38,4,50
38,4,51
38,4,51
38,4,50
38,4,51
38,4,51
38,4,51
38,4,51
38,4,50
37,4,51
38,4,51
38,4,51
38,4,51
38,4,50
38,4,51
38,4,51
38,4,51
38,4,51
38,4,51
38,4,51
38,4,51
38,4,51
37,4,51
38,4,51
38,4,51
37,4,51
38,4,51
38,4,50
38,4,51
38,4,51
38,4,50
38,4,51
38,4,51
38,4,51
38,4,51
38,4,51
38,4,51
38,4,51
38,4,51
38,4,51
38,4,51
38,4,51
38,4,51
37,4,51
38,4,51
38,4,51
38,4,51
38,4,51
38,4,51
38,4,51
38,4,51
38,4,51
38,4,51
37,4,51
37,4,51
38,4,51
38,4,51
38,4,51
38,4,50
37,4,51
37,4,51
38,4,51
38,4,51
37,4,51
38,4,51
38,4,51
38,4,51
38,4,51
38,4,51
38,4,51
38,4,51
38,4,51
38,4,51
38,4,51
38,4,51
37,4,51
38,4,51
38,4,51
38,4,51
38,4,51
38,4,51
38,4,51
38,4,51
38,4,51
38,4,51
38,4,51
37,4,51
38,4,51
38,4,51
37,4,51
38,4,51
38,4,51
38,4,51
38,4,51
38,4,51
38,4,51
38,4,51
37,4,51
38,4,51
38,4,51
38,4,51
37,4,51
38,4,51
38,4,51
38,4,51
38,4,51
38,4,51
38,4,51
38,4,51
38,4,51
38,4,51
37,4,51
38,4,51
38,4,51
37,4,51
38,4,50
38,4,51
38,4,51
38,4,51
37,4,51
39,4,51
37,4,51
37,4,51
38,4,51
38,4,51
38,4,51
38,4,51
37,4,51
37,4,51
38,4,51
38,4,51
38,4,51
38,4,51
38,4,51
38,4,51
37,4,51
38,4,51
38,4,50
37,4,51
38,4,51
37,4,51
37,4,51
38,4,50
38,4,51
38,4,51
38,4,51
37,4,51
37,4,51
38,4,50
38,4,51
38,4,51
39,4,51
38,4,51
37,4,51
38,4,51
38,4,51
38,4,51
38,4,51
38,4,50
37,4,51
38,4,51
38,4,51
38,4,51
38,4,51
38,4,51
38,4,51
38,4,51
38,4,51
38,4,51
38,4,51
38,4,51
38,4,51
38,4,51
38,4,51
38,4,51
38,4,51
38,4,51
38,4,51
38,4,51
38,4,50
38,4,51
37,4,51
38,4,51
37,4,51
37,4,51
38,4,51
37,4,51
38,4,51
38,3,51
38,4,51
37,4,51
38,4,51
38,4,51
37,4,51
38,4,51
38,4,51
38,3,50
38,4,50
38,4,51
38,4,51
37,4,51
38,4,51
38,4,51
38,4,51
38,4,51
38,4,51
37,4,51
38,4,51
37,4,51
38,4,51
38,4,51
37,4,51
39,4,51
37,4,51
37,4,51
38,4,51
38,4,51
38,4,50
38,4,51
38,4,51
38,4,51
38,4,51
38,4,51
38,4,51
38,4,51
38,4,51
38,4,50
38,4,51
38,4,51
38,4,51
38,4,51
38,4,51
38,4,51
38,4,51
38,4,51
38,4,51
38,4,51
38,4,50
38,4,51
38,4,51
38,4,50
37,4,51
38,4,51
38,4,50
38,4,51
38,4,51
38,4,51
38,4,51
38,4,50
38,4,51
37,4,51
38,4,51
38,4,51
38,4,50
38,4,51
38,4,50
38,4,51
38,4,51
38,4,50
38,4,51
38,4,51
38,4,51
38,4,51
37,4,50
38,4,51
38,4,51
38,4,51
38,4,50
38,4,51
38,4,51
38,4,51
38,4,50
38,4,50
37,4,51
39,4,51
37,4,51
37,4,51
38,4,51
38,4,51
38,4,51
38,4,51
38,4,51
38,4,50
37,4,51
38,4,51
38,4,51
37,4,51
38,4,51
38,4,51
38,4,50
38,4,51
38,4,51
38,4,50
37,4,51
38,4,51
38,4,51
38,4,50
38,4,51
38,4,51
37,4,51
44,3,49
47,3,52
31,10,54
44,-2,51
40,3,56
30,8,56
25,10,59
12,13,57
10,4,63
12,8,65
-3,10,63
-4,8,63
-18,8,60
-21,12,61
-27,3,55
-33,6,56
-32,5,56
-31,6,56
-33,7,55
-32,7,56
-32,8,56
-28,6,57
-27,6,57
-30,6,56
-27,7,59
-25,8,58
-32,5,57
-27,6,58
-25,6,59
-28,7,58
-31,7,57
-23,7,60
-21,6,60
-27,7,58
-28,7,58
-29,6,57
-26,9,59
-21,5,60
-24,5,60
-24,6,60
-23,5,59
-24,7,59
-25,6,58
-23,6,61
-23,6,59
-20,7,61
-20,10,63
-19,7,62
-21,8,60
-22,8,61
-20,7,60
-20,7,61
-18,7,61
-17,8,62
-19,8,62
-19,7,61
-20,7,61
-20,7,61
-16,9,64
-15,9,67
-22,7,63
-25,4,54
-26,6,58
-14,0,54
-32,11,58
-30,4,56
-26,6,58
-25,6,60
-27,6,59
-27,6,58
-25,5,59
-26,5,59
-27,6,59
-26,6,59
-27,5,58
-25,5,58
-25,5,59
-27,6,59
-27,6,58
-22,6,60
-23,6,60
-25,6,59
-25,6,59
-25,6,58
-26,6,59
-25,7,60
-24,6,60
-24,6,60
-24,6,60
-25,6,59
-25,6,59
-24,6,59
-24,6,60
-24,6,60
-24,6,60
-23,6,60
-22,6,60
-25,6,60
-24,6,59
-23,6,59
-24,6,59
-24,6,60
-23,6,59
-24,6,59
-24,6,60
-23,6,60
-24,6,59
-24,6,60
-24,6,60
-25,6,59
-21,7,60
-21,7,61
-24,6,59
-24,6,59
-23,6,60
-22,6,60
-24,7,59
-24,7,59
-23,7,60
-22,7,60
-22,7,60
-23,7,60
-23,7,60
-23,7,60
-22,7,60
-22,7,60
-23,7,60
-24,7,60
-23,7,60
-22,7,60
-22,7,60
-22,7,60
-22,7,60
-23,7,60
-22,7,61
-21,7,60
-22,7,60
-23,7,60
-22,7,60
-21,7,60
-21,5,60
-23,7,59
-23,7,60
-21,7,61
-21,7,60
-22,8,60
-22,7,61
-21,5,59
-19,7,62
-19,7,61
-21,6,60
-19,6,61
-12,7,63
-11,8,63
-14,8,63
-15,7,62
-7,6,64
-6,6,64
-17,10,61
-17,11,61
-11,13,63
-15,14,62
-21,12,60
-15,12,61
-15,13,61
-15,12,62
-13,10,62
-16,9,62
-12,10,61
-13,9,62
-19,11,61
-15,12,62
-16,11,60
-19,10,59
-11,12,60
1,10,68
-9,19,77
34,8,43
1,-11,38
-4,32,46
16,8,49
20,15,48
15,23,39
8,25,40
16,23,52
11,35,77
10,35,73
15,31,60
22,34,60
15,35,58
12,33,62
5,24,48
20,16,46
23,8,50
26,1,59
39,-5,65
59,-21,51
74,-18,48
69,-3,38
50,-17,24
54,-12,20
46,-13,37
52,-13,33
62,-6,26
54,-8,28
46,-7,26
51,-8,23
62,-9,23
61,-11,21
64,-14,17
65,-10,15
68,-8,18
56,-12,21
54,-13,21
55,-13,20
58,-12,20
60,-12,20
59,-12,20
57,-13,21
57,-13,21
58,-13,21
58,-12,21
57,-13,21
57,-13,21
58,-13,21
58,-12,21
58,-12,22
57,-12,22
58,-12,22
58,-13,22
58,-13,22
58,-13,21
58,-12,22
58,-12,21
58,-12,21
58,-12,22
58,-13,22
58,-13,22
58,-12,21
58,-13,22
58,-12,22
58,-12,22
57,-12,22
58,-12,22
58,-12,21
58,-13,22
57,-13,22
57,-12,22
58,-12,21
58,-13,22
58,-12,22
58,-12,22
58,-12,22
58,-12,21
58,-13,22
58,-13,21
58,-13,22
58,-13,22
58,-12,22
58,-13,22
58,-12,22
58,-13,21
58,-13,21
58,-12,22
58,-13,22
58,-12,22
58,-13,22
58,-13,22
58,-13,22
58,-12,22
58,-12,22
57,-13,22
57,-12,22
58,-12,22
58,-13,22
57,-13,22
58,-12,21
58,-12,21
58,-12,22
58,-13,21
58,-12,22
58,-12,22
58,-13,22
58,-12,21
58,-12,21
58,-13,22
58,-12,22
58,-12,22
58,-12,22
58,-12,21
58,-12,21
58,-13,22
58,-12,22
58,-12,22
58,-13,22
58,-13,22
58,-12,22
58,-12,21
58,-12,22
58,-12,22
58,-13,22
58,-13,21
58,-13,21
58,-12,22
58,-12,22
57,-12,22
57,-13,22
57,-12,22
58,-12,22
58,-13,22
58,-13,21
58,-12,21
58,-12,22
57,-12,21
57,-12,21
59,-12,22
55,-12,23
58,-11,21
58,-12,22
58,-12,21
57,-12,22
56,-12,22
64,-12,21
60,-11,20
57,-11,21
59,-11,21
61,-10,21
58,-11,22
57,-12,22
58,-12,22
58,-13,23
57,-13,24
56,-14,25
55,-14,25
55,-15,25
55,-15,25
56,-13,25
56,-13,25
56,-13,25
56,-13,25
56,-13,24
57,-13,25
57,-13,25
56,-13,26
55,-13,26
55,-14,26
56,-15,26
55,-15,27
55,-15,27
54,-14,27
54,-14,26
56,-14,26
55,-14,26
55,-14,26
55,-14,26
55,-14,26
55,-14,27
55,-14,27
55,-14,27
55,-14,26
55,-14,27
55,-14,27
55,-14,26
55,-14,27
55,-14,27
55,-14,27
54,-14,27
55,-14,27
55,-14,27
55,-14,27
54,-14,27
55,-14,27
55,-14,27
55,-14,27
54,-15,27
54,-15,27
54,-14,28
54,-15,28
54,-15,28
55,-15,27
55,-15,27
55,-15,27
54,-14,28
54,-14,27
55,-15,27
55,-15,27
55,-14,27
54,-14,28
55,-15,27
55,-14,28
55,-15,27
55,-15,28
54,-14,28
55,-15,28
54,-14,27
55,-15,27
56,-15,28
56,-16,28
58,-16,27
57,-16,29
59,-16,30
57,-14,33
62,-11,35
75,-11,41
75,-9,46
81,-14,53
76,-14,53
46,-4,57
40,-1,58
24,5,57
22,8,59
12,14,56
4,17,52
0,23,46
-4,27,41
-2,25,41
2,24,46
-1,18,40
-5,16,45
-4,10,44
5,7,48
-1,5,53
1,3,55
-4,-6,46
0,-14,43
25,-15,66
17,-7,59
19,7,83
27,19,93
27,13,77
10,13,69
-3,7,59
3,6,61
3,5,66
0,3,66
-3,3,64
2,0,63
3,2,63
7,9,61
10,7,64
12,2,66
11,2,64
10,4,63
11,4,65
12,3,63
12,3,62
11,3,63
12,2,64
10,2,63
10,2,62
11,3,63
11,3,63
10,2,64
11,3,62
11,3,61
10,2,63
10,2,63
10,2,63
10,3,62
10,3,63
11,2,63
12,1,63
11,2,63
8,2,63
8,2,63
11,2,63
13,1,64
12,4,61
14,5,62
14,2,63
13,1,63
10,1,62
10,2,62
11,2,63
13,2,64
12,0,63
12,1,63
11,4,61
12,3,63
14,2,62
12,3,63
11,2,64
11,2,63
11,3,61
11,2,63
10,2,64
12,2,66
11,2,66
7,2,62
7,2,62
7,2,63
7,2,65
9,3,70
6,4,66
-6,5,57
-6,5,60
-3,2,58
-4,3,59
2,2,64
5,2,67
6,2,66
1,1,61
5,-3,65
8,-2,67
4,-3,65
4,-3,66
-2,-4,65
-2,-3,63
-1,-3,63
1,-2,65
1,-1,64
5,0,64
3,0,63
2,0,61
2,1,62
3,1,64
5,0,64
1,0,63
2,-1,63
0,-1,64
1,-1,65
0,-1,63
0,0,62
1,-1,63
3,-2,65
4,0,64
3,-1,64
2,-1,63
3,0,63
4,-1,65
4,-1,65
3,-1,63
3,-1,62
5,-1,63
5,-1,65
4,-1,64
5,-1,63
5,-1,63
4,-2,64
4,-1,64
5,0,62
3,0,62
5,-2,64
7,-2,65
9,-1,65
8,-1,63
6,-1,63
6,-1,64
7,-2,65
7,-1,64
5,-1,64
5,-2,65
4,-1,64
3,-1,65
4,-1,66
0,0,63
-1,-1,65
-5,-1,64
-9,-1,62
-13,-1,60
-14,-2,61
-14,0,61
-13,0,64
-6,0,65
-8,0,63
-9,-1,64
-10,-2,64
-9,0,63
-12,2,62
-12,-1,63
-10,-2,63
-10,-3,65
-11,-2,62
-10,-1,62
-10,-1,63
-10,-1,64
-11,-1,62
-11,-2,63
-10,-1,62
-9,-2,64
-11,-2,63
-11,-2,63
-11,-2,62
-10,-2,64
-10,-2,64
-11,-2,63
-11,-2,63
-9,-2,64
-11,-2,62
-10,-3,62
-10,-1,63
-10,-2,65
-10,-2,61
-9,-3,60
-8,-2,65
-6,-3,67
-6,-2,63
-7,-2,63
-6,-2,62
-6,-3,63
-9,-1,64
-7,-1,63
-3,-2,62
-3,0,65
-5,-1,60
-4,-1,66
-4,-1,63
-4,-2,64
-5,1,66
-4,2,66
-6,0,64
-7,0,66
-5,1,66
-2,2,64
4,-4,64
-5,-1,61
-5,-3,63
-4,-7,65
-9,-12,61
-5,-1,62
-8,-3,62
-8,-3,64
-5,-2,64
-3,0,64
-3,-1,63
-6,-2,64
-6,-2,63
-5,-1,63
-5,-1,64
-5,-2,64
-3,-2,65
-4,-2,64
-5,-2,64
-5,-1,63
-5,-1,63
-4,-2,64
-6,-2,64
-2,-1,64
-2,-2,64
-6,-2,63
-6,-2,63
-4,-1,64
-5,-1,64
-5,-2,64
-4,-3,63
-4,-3,63
-5,-1,65
-4,-1,65
-4,-2,62
-5,-1,62
-5,-2,64
-4,-2,65
-4,-2,63
-5,-2,63
-4,-2,66
-4,-1,67
-6,-1,63
-4,1,65
-8,3,62
-7,4,60
-4,6,62
-6,7,62
-6,8,63
-4,8,63
-7,8,58
-7,7,61
-2,7,63
1,6,66
2,5,64
5,4,66
1,3,62
1,0,66
3,1,71
2,2,68
-5,1,58
4,0,66
12,1,72
0,-4,64
3,-1,62
8,0,63
11,0,68
3,1,65
4,1,61
12,-1,64
13,-1,64
5,-1,60
0,-1,65
1,-1,65
2,0,61
-1,-1,63
-3,-1,66
0,0,63
4,0,63
-6,-4,73
-7,0,52
-8,4,54
-6,-1,65
2,0,76
-4,2,62
-12,-2,61
5,-6,65
8,0,65
6,3,59
6,2,61
11,-1,69
5,1,65
6,-5,61
-1,-2,67
2,-6,59
-6,-2,63
-8,-2,66
-4,-2,77
4,1,62
-5,2,56
-12,1,60
-14,9,76
5,10,66
2,10,60
3,11,59
6,13,62
5,9,58
1,6,56
13,4,73
9,-1,61
7,-1,58
12,-1,67
13,0,67
7,-1,61
7,-4,61
10,-3,65
13,-2,64
10,-3,64
7,-1,60
7,-2,63
11,-2,63
10,-3,65
8,-2,63
10,-1,62
11,-2,63
9,-2,63
8,-2,62
10,-2,63
12,-2,65
10,-2,62
8,-2,61
10,-3,64
10,-2,63
10,-2,63
9,-2,63
10,-3,64
9,-2,63
9,-2,63
9,-2,63
10,-2,63
9,-2,63
8,-2,63
10,-3,63
10,-2,63
8,-2,63
9,-2,62
10,-2,63
9,-3,63
8,-2,63
9,-3,63
10,-2,63
10,-3,63
8,-2,63
9,-2,63
10,-2,63
9,-2,63
9,-3,63
10,-2,63
9,-2,63
9,-2,63
10,-2,63
9,-3,63
10,-2,63
9,-2,63
8,-3,63
9,-3,63
10,-2,63
9,-2,63
8,-2,63
10,-2,63
9,-2,63
9,-3,63
9,-2,63
10,-2,63
9,-2,63
9,-2,62
9,-2,63
10,-2,63
9,-2,63
8,-3,63
9,-2,63
10,-2,63
9,-2,63
8,-3,62
8,-2,62
10,-3,64
9,-2,63
9,-2,64
8,-2,62
9,-3,62
9,-3,64
9,-2,63
10,-2,63
10,-2,63
8,-2,62
8,-3,62
10,-2,63
9,-2,63
9,-2,62
9,-3,64
10,-2,63
9,-2,63
8,-2,63
9,-2,63
10,-2,63
9,-3,63
8,-2,63
9,-2,64
9,-3,63
9,-3,63
9,-3,63
8,-2,63
7,-2,63
8,-2,63
9,-3,62
8,-2,63
7,-2,63
9,-2,62
10,-3,63
9,-2,64
10,-2,64
7,-3,64
8,-2,62
10,-2,63
9,-2,63
8,-2,63
8,-2,63
9,-3,62
9,-3,63
10,-2,64
8,-2,63
8,-3,63
8,-3,62
10,-2,64
8,-2,63
8,-3,62
9,-3,62
9,-2,63
8,-2,62
7,-3,63
10,-2,63
9,-2,64
9,-2,63
8,-2,63
9,-3,63
9,-3,62
9,-2,64
8,-2,64
9,-2,62
10,-3,62
9,-2,63
9,-2,63
8,-2,63
9,-2,63
10,-3,63
9,-2,62
9,-2,63
9,-2,63
9,-2,62
10,-3,64
8,-3,63
8,-3,64
9,-2,64
9,-2,63
8,-3,63
8,-2,62
9,-2,64
9,-2,63
8,-2,62
9,-3,63
9,-3,63
8,-2,63
9,-2,64
9,-2,64
9,-2,63
9,-3,63
9,-2,63
8,-2,63
8,-2,63
10,-2,62
10,-3,63
8,-2,63
8,-3,63
10,-3,63
9,-3,62
9,-2,64
9,-2,63
9,-3,63
9,-2,63
9,-2,63
9,-2,63
8,-3,63
9,-2,63
9,-2,63
8,-2,63
8,-2,62
9,-3,63
10,-2,63
8,-3,63
9,-2,63
9,-2,63
8,-3,63
9,-3,63
10,-3,63
8,-2,63
7,-2,63
10,-2,63
10,-3,63
8,-3,63
10,-2,64
9,-2,63
8,-3,63
9,-3,63
9,-2,64
8,-2,63
8,-2,63
10,-3,63
9,-2,63
9,-2,64
8,-2,63
10,-3,63
10,-3,62
8,-2,63
11,-2,64
9,-2,63
8,-3,62
8,-2,64
10,-2,63
9,-2,63
8,-3,63
9,-2,63
8,-2,63
8,-3,63
9,-2,64
13,-3,64
6,-3,63
9,-2,63
9,-2,63
8,-2,63
9,-2,63
9,-3,63
9,-2,63
10,-2,64
8,-3,63
8,-2,63
10,-3,63
9,-2,63
8,-2,63
8,-2,63
9,-3,63
10,-2,63
8,-2,63
9,-3,63
9,-3,62
9,-2,63
9,-2,64
8,-2,63
9,-4,63
9,-2,63
10,-1,65
7,-2,62
8,-3,63
9,-4,63
9,-3,63
9,-2,65
9,-2,63
8,-3,62
9,-3,62
10,-1,64
8,-2,64
8,-3,63
9,-3,61
10,-2,64
9,-1,64
7,-2,63
9,-3,63
10,-3,63
8,-2,63
8,-2,63
9,-2,63
10,-3,63
8,-2,63
9,-2,64
9,-2,63
9,-3,63
10,-2,63
9,-2,64
7,-2,63
9,-3,63
9,-3,62
8,-2,63
10,-2,64
9,-2,63
8,-3,63
9,-3,63
9,-2,63
8,-2,63
9,-3,62
9,-3,63
8,-2,63
8,-3,63
6,-2,62
9,-2,63
8,-3,63
8,-2,63
10,-2,63
9,-2,63
8,-3,62
9,-2,64
9,-2,63
9,-2,63
9,-3,63
8,-2,62
10,-2,63
10,-3,63
8,-3,63
7,-3,63
10,-3,63
10,-2,63
8,-2,63
9,-2,64
9,-3,63
8,-2,63
8,-3,63
9,-2,63
9,-2,63
9,-2,63
10,-2,63
9,-3,63
9,-2,62
10,-3,64
10,-2,64
7,-2,62
11,-2,63
11,-2,64
7,-3,63
7,-2,62
11,-2,62
11,-3,63
6,-2,62
8,-2,63
12,-2,64
10,-3,64
7,-3,63
10,-2,63
10,-2,63
9,-3,63
8,-3,63
9,-2,63
10,-2,64
9,-2,63
8,-2,62
9,-3,63
10,-2,63
9,-2,62
10,-2,64
10,-2,64
7,-3,63
9,-3,62
10,-2,63
9,-2,63
9,-2,62
9,-2,63
8,-2,63
9,-2,63
10,-3,63
9,-3,63
8,-3,63
10,-2,64
9,-2,63
8,-3,63
8,-2,63
9,-2,64
9,-2,63
9,-3,63
9,-2,63
9,-3,63
8,-2,63
10,-2,64
9,-2,63
8,-2,63
9,-3,63
9,-2,63
9,-2,62
9,-3,62
8,-3,62
9,-2,63
9,-2,63
9,-2,63
9,-3,63
8,-2,62
9,-2,63
9,-2,63
8,-2,63
9,-3,62
8,-2,62
8,-3,63
10,-2,64
10,-2,64
7,-2,62
9,-3,63
9,-2,62
9,-2,63
8,-2,63
9,-3,63
10,-2,64
9,-3,63
8,-2,63
9,-2,64
9,-3,63
9,-3,62
10,-2,64
9,-2,63
9,-2,63
9,-3,63
8,-3,62
8,-3,62
10,-2,64
8,-2,63
11,-2,64
9,-4,63
10,-3,62
8,-2,64
7,-2,64
7,-2,63
10,-3,63
9,-3,62
9,-2,64
8,-2,64
9,-3,63
10,-3,63
9,-2,62
8,-2,64
8,-2,63
7,-3,62
9,-4,62
10,-2,64
10,-1,64
8,-2,63
8,-3,62
10,-3,62
9,-2,63
8,-2,64
9,-2,63
10,-2,63
8,-3,61
9,-2,63
8,-2,63
8,-2,63
10,-2,63
10,-3,63
8,-2,63
8,-2,64
9,-2,63
9,-2,63
9,-3,62
8,-3,62
10,-2,64
9,-2,64
5,-3,62
10,-3,62
10,-2,63
9,-2,63
9,-3,63
9,-3,63
9,-3,62
9,-3,64
9,-2,63
9,-2,63
9,-3,63
10,-2,63
9,-3,63
9,-2,63
10,-2,63
9,-2,63
8,-3,63
10,-3,63
10,-3,63
9,-2,64
9,-2,63
8,-4,63
9,-2,62
10,-2,64
9,-2,63
9,-3,62
8,-3,62
9,-2,63
9,-2,63
8,-2,63
8,-4,63
11,-3,63
11,-2,64
7,-2,64
7,-2,63
10,-2,63
10,-2,63
8,-3,63
9,-2,62
11,-3,63
9,-3,64
8,-2,63
9,-2,63
10,-2,63
8,-3,63
8,-3,63
10,-3,63
9,-2,63
8,-2,63
9,-2,64
9,-2,63
9,-3,63
9,-3,63
8,-2,63
11,-3,64
9,-2,63
9,-2,63
9,-3,63
8,-2,62
10,-3,64
10,-2,64
9,-2,63
10,-2,63
8,-4,63
7,-3,62
9,-3,64
9,-2,63
9,-2,63
9,-3,63
10,-2,63
10,-2,64
8,-3,63
7,-3,63
11,-2,64
11,-2,63
7,-4,62
7,-3,62
11,-2,64
10,-2,63
8,-2,63
9,-2,63
9,-3,63
9,-2,63
9,-2,63
9,-2,63
10,-2,63
10,-2,63
8,-3,63
9,-2,63
10,-3,63
8,-3,63
10,-2,63
9,-3,63
8,-3,64
8,-2,63
9,-3,63
9,-2,64
10,-2,63
9,-3,63
9,-3,63
10,-2,62
10,-3,63
9,-2,63
9,-2,63
9,-2,63
9,-2,63
9,-3,63
10,-3,63
8,-2,63
8,-2,63
10,-2,63
10,-3,64
8,-3,63
8,-2,63
9,-2,63
9,-3,63
10,-2,63
8,-2,63
9,-3,63
9,-2,62
9,-3,63
8,-2,63
10,-2,63
9,-3,64
8,-2,63
9,-2,63
10,-3,63
8,-3,62
8,-3,62
9,-2,64
9,-2,63
10,-2,63
9,-3,63
8,-3,64
8,-1,63
11,-2,62
10,-2,64
6,-2,63
7,-2,63
11,-3,63
11,-3,63
7,-2,63
7,-3,63
10,-2,64
9,-2,63
9,-2,62
8,-3,64
8,-2,63
7,-3,62
8,-2,63
8,-2,63
9,-2,63
10,-2,64
8,-2,62
6,-3,63
5,-2,62
10,-2,63
10,-2,64
7,-2,64
6,-2,63
8,-3,64
7,-3,64
7,-3,62
6,-2,62
8,-2,67
5,-2,66
1,-3,65
2,-2,65
1,-2,65
2,0,64
5,2,66
4,3,63
7,5,59
10,6,62
9,7,60
12,9,57
13,9,58
14,9,60
14,8,60
16,9,61
15,8,61
14,5,61
13,4,62
12,3,65
12,3,65
11,4,63
11,4,63
11,5,63
10,5,63
12,4,61
15,3,62
16,5,63
14,5,62
16,4,65
14,4,62
14,5,62
12,4,62
12,3,63
14,3,64
13,2,63
12,4,61
12,3,61
14,4,64
15,4,64
13,4,62
11,3,60
12,4,62
13,3,63
13,4,63
13,4,63
13,3,63
13,3,62
12,4,61
11,4,62
12,3,63
12,3,63
14,3,62
14,3,62
13,3,62
13,3,62
11,2,62
10,2,62
12,3,62
13,3,62
14,2,62
14,3,62
13,2,63
11,1,62
13,2,62
15,3,62
14,3,62
13,2,62
13,1,62
14,0,63
13,0,62
13,1,62
12,2,62
13,1,63
13,0,63
13,0,63
13,0,63
12,-2,62
11,-1,61
14,-1,62
16,1,64
16,1,64
14,1,62
12,3,63
11,2,68
12,6,68
11,13,64
12,15,66
14,16,64
9,14,61
-3,5,52
-3,1,51
6,-6,52
4,-7,48
3,-11,68
4,-10,68
4,-5,71
-7,-6,70
12,-3,74
2,-2,62
3,-1,61
1,-2,61
1,-3,66
1,-3,70
-1,-2,63
-3,-5,62
-5,-4,63
-4,-3,65
-4,-2,65
-6,-4,63
0,2,63
-2,2,66
3,2,66
-3,0,62
2,0,65
-3,2,64
-5,2,63
0,2,58
0,3,63
3,4,62
4,5,60
11,6,64
18,3,69
16,3,60
15,4,60
17,3,63
20,3,65
21,7,61
19,5,58
26,6,60
26,7,58
23,7,59
22,6,57
24,6,59
24,5,56
25,3,57
27,6,59
30,7,59
22,6,55
31,7,58
26,6,56
28,5,56
26,6,57
25,7,55
28,7,57
27,8,57
27,6,56
30,6,55
35,7,56
32,7,55
30,7,55
31,8,56
33,4,58
27,4,59
25,4,59
26,5,57
26,6,57
26,6,56
23,5,57
23,4,57
24,4,59
25,3,58
26,3,58
26,3,59
26,4,55
25,4,58
26,3,58
27,4,58
29,3,58
26,3,57
26,3,56
28,4,58
29,5,57
27,3,57
27,3,56
26,4,57
27,2,59
28,4,56
30,5,59
30,3,58
26,4,57
23,3,57
24,3,58
29,4,60
27,3,56
25,3,57
24,3,56
25,4,58
25,3,57
26,3,58
27,3,57
26,4,58
26,3,58
24,2,58
28,3,59
25,4,56
28,4,58
27,3,58
26,3,59
27,5,59
25,4,60
25,4,62
24,5,58
23,4,58
26,4,58
25,4,58
22,5,58
23,5,59
24,2,58
26,3,59
24,3,59
23,4,58
23,4,59
23,4,58
25,4,58
26,4,59
23,3,59
22,3,58
23,3,59
23,4,59
24,4,58
23,3,59
23,3,59
22,3,60
23,4,58
24,4,59
24,3,60
23,3,58
22,3,59
24,3,59
26,2,59
24,3,58
25,4,60
26,4,62
24,2,61
18,4,57
16,6,58
14,6,60
14,5,61
10,5,64
11,5,62
16,7,58
14,5,62
9,2,63
13,4,62
10,2,66
10,1,63
9,3,62
10,4,64
11,3,64
6,1,61
6,-1,63
7,-2,64
0,-2,61
-1,-2,65
2,-1,62
4,-1,62
5,-1,62
4,-1,62
7,-2,68
5,2,61
5,0,61
8,-1,65
8,0,65
8,0,63
7,-1,63
5,0,63
7,0,65
7,0,63
8,-1,62
7,1,64
4,0,62
6,0,64
8,1,63
9,1,63
6,0,63
7,0,64
7,1,62
8,1,63
7,1,63
8,1,63
8,0,63
8,0,63
8,1,64
9,1,64
7,1,63
6,0,63
9,1,64
8,1,63
7,1,63
8,1,63
8,1,64
7,0,63
8,1,63
8,1,63
9,1,63
8,1,63
8,1,63
9,1,63
8,0,64
7,1,63
8,1,63
8,1,63
7,1,63
8,1,63
7,1,64
7,1,63
8,1,63
8,1,64
7,1,63
8,1,64
7,0,64
7,0,63
8,1,64
8,1,63
7,0,63
8,0,63
8,1,63
9,1,63
9,1,64
9,1,63
9,0,63
8,1,63
9,1,64
8,1,63
8,0,63
8,1,63
9,1,63
8,1,64
8,1,63
7,0,63
9,1,63
8,1,63
8,1,63
8,1,63
8,1,63
9,1,63
9,1,63
7,1,63
8,1,64
9,1,64
9,1,63
8,0,63
7,1,63
8,1,63
9,1,64
8,1,63
9,1,63
9,1,63
7,0,63
8,1,63
10,2,63
9,2,63
8,1,63
10,1,63
7,1,63
8,1,63
10,1,63
8,1,63
7,1,63
9,1,63
8,2,64
8,1,63
7,0,62
9,1,64
10,1,63
8,1,63
9,1,63
9,1,63
8,1,63
9,1,63
9,1,63
8,1,63
8,1,63
9,1,63
8,1,63
9,1,63
9,1,63
10,1,63
9,1,63
8,1,63
9,2,63
9,1,64
10,1,63
10,1,63
9,1,63
9,1,63
7,2,63
7,1,63
11,1,64
11,1,63
8,1,63
7,1,63
7,2,62
9,1,64
10,0,63
10,1,62
10,1,63
9,1,63
9,1,63
9,1,63
9,1,63
11,1,63
13,2,64
9,1,62
11,1,63
12,1,63
10,1,63
10,2,63
8,2,62
6,1,63
9,1,63
9,2,64
8,2,63
8,2,63
7,3,63
9,4,64
9,4,63
7,5,62
8,6,63
10,7,62
11,9,63
14,11,64
15,10,60
20,11,59
23,11,60
16,7,63
13,6,63
6,6,61
6,7,62
6,8,61
8,8,62
12,9,60
13,10,60
17,10,62
21,8,63
22,9,61
21,8,62
19,8,62
17,9,61
17,9,63
17,7,65
19,9,64
19,10,61
19,11,63
22,8,65
18,7,57
24,3,63
16,5,67
13,8,67
10,0,61
1,-1,53
-8,-4,58
0,-6,72
6,-11,67
-2,-6,57
-7,-3,56
-3,-2,57
3,-4,58
0,-6,58
-5,-3,60
-2,-7,64
2,-8,64
5,-6,61
0,-8,69
2,-7,62
9,-5,60
9,-5,63
27,-4,63
32,0,59
30,2,62
21,0,64
17,-1,65
14,-2,62
16,-1,60
12,-2,58
18,-2,68
15,-3,63
14,-1,60
15,-1,62
18,-1,62
18,-1,61
17,-1,62
16,-1,61
14,-4,62
16,-1,61
18,-2,62
17,-2,61
18,-2,62
17,-1,61
15,-2,60
20,-1,63
17,-1,62
14,-2,60
17,-1,62
17,-2,61
16,-2,60
17,-2,61
17,-2,61
18,-1,62
17,-1,61
17,-2,61
17,-2,62
17,-1,61
18,-1,61
16,-2,61
16,-2,62
17,-1,61
17,-1,61
17,-1,61
16,-1,62
16,-1,61
17,-2,61
18,-2,61
17,-1,62
17,-1,61
17,-1,62
16,-2,61
18,-1,61
17,-2,61
17,-1,61
17,-1,62
16,-2,61
16,-2,60
17,-2,62
16,-1,61
16,-2,61
16,-1,60
17,-2,61
16,-2,61
17,-1,62
17,-2,62
17,-2,61
16,-2,61
17,-1,62
17,-2,61
16,-2,61
17,-2,62
17,-2,61
16,-2,62
17,-1,62
17,-2,61
17,-2,62
16,-2,61
16,-2,61
17,-2,62
17,-1,61
16,-2,62
16,-1,62
17,-2,61
16,-2,61
17,-2,61
17,-2,62
16,-1,62
16,-2,62
16,-2,62
16,-2,62
17,-2,61
17,-2,61
16,-2,63
16,-1,61
17,-2,62
17,-2,62
16,-2,62
16,-2,61
18,-2,63
16,-2,61
16,-2,62
17,-2,61
17,-2,62
17,-2,62
16,-2,62
16,-1,61
17,-2,62
16,-2,60
17,-2,63
16,-1,62
17,-1,63
15,-2,61
16,-2,62
16,-3,61
17,-1,62
16,-2,63
16,-2,61
16,-2,61
16,-2,60
17,-2,62
16,-2,62
17,-1,62
17,-1,61
16,-2,60
16,-2,61
16,-2,62
16,-1,62
16,-2,61
17,-1,62
15,-2,60
15,-1,62
17,-1,62
15,-2,61
16,-2,61
16,-2,61
16,-2,62
16,-2,61
16,-2,63
16,-2,61
17,-3,62
15,-2,60
16,-1,62
16,-2,62
16,-2,62
17,-2,61
16,-3,61
16,-2,61
16,-2,61
16,-2,63
16,-1,61
16,-3,61
16,-2,61
17,-2,62
17,-1,62
14,-2,61
17,-2,61
16,-2,61
16,-2,62
16,-2,61
16,-2,62
16,-2,61
16,-2,61
16,-1,62
16,-2,62
16,-2,63
16,-3,61
16,-3,61
17,-2,61
17,-1,62
15,-2,63
15,-2,61
17,-3,61
15,-3,61
16,-2,61
16,-1,62
17,-1,62
16,-1,61
16,-3,60
16,-3,61
16,-1,62
16,-2,63
16,-2,61
17,-2,61
15,-2,61
15,-2,62
17,-2,62
16,-1,61
15,-3,61
17,-2,61
17,-2,62
15,-2,61
16,-2,63
16,-2,61
17,-2,62
16,-2,61
16,-2,62
16,-2,62
16,-2,62
16,-2,62
16,-2,62
16,-2,62
17,-2,61
15,-2,62
16,-1,61
17,-2,61
16,-2,61
16,-2,62
16,-2,62
16,-1,61
16,-2,62
16,-2,61
16,-2,62
16,-2,62
16,-2,61
16,-3,61
16,-2,61
17,-1,62
16,-2,62
16,-1,62
15,-3,60
17,-3,62
16,-1,62
16,-1,63
16,-3,61
16,-3,61
16,-2,62
16,-2,63
15,-1,61
16,-2,61
17,-2,63
16,-1,62
16,-2,61
16,-2,62
15,-3,61
17,-1,62
17,-1,62
16,-1,62
16,-3,61
17,-2,61
17,-2,62
15,-2,61
15,-2,61
16,-2,61
17,-2,62
17,-2,63
15,-1,61
17,-2,62
16,-3,61
17,-1,61
17,-1,62
16,-2,61
16,-3,61
17,-1,62
17,-1,62
16,-2,61
16,-2,61
17,-2,62
18,-1,63
16,-2,61
16,-2,61
17,-3,61
16,-3,61
16,-1,61
16,-2,62
17,-2,62
16,-2,61
17,-2,61
16,-2,62
16,-2,61
16,-1,61
17,-1,62
15,-2,61
15,-3,61
17,-2,62
17,-2,62
16,-2,61
15,-2,61
17,-2,62
17,-2,61
16,-2,61
15,-1,61
16,-2,61
16,-2,61
16,-2,61
17,-2,62
16,-1,62
15,-2,62
17,-2,62
16,-3,61
16,-2,62
16,-2,61
16,-1,63
16,-2,61
16,-3,62
15,-2,62
16,-2,62
16,-2,63
15,-2,61
17,-2,62
16,-2,62
16,-2,63
17,-2,62
16,-3,62
16,-1,60
17,-2,62
16,-2,62
16,-1,61
17,-1,62
15,-2,60
14,-3,61
17,-3,61
17,-2,62
15,-1,62
15,-2,62
16,-3,61
16,-3,61
16,-2,61
15,-2,62
17,-1,63
16,-2,60
16,-3,62
16,-1,63
17,-1,62
15,-2,61
16,-2,62
16,-3,61
16,-3,62
16,-1,62
17,-1,62
15,-2,61
16,-3,63
16,-2,61
16,-2,62
15,-2,61
17,-2,62
15,-2,61
15,-2,62
16,-2,61
17,-2,62
15,-2,60
16,-2,61
16,-2,61
15,-2,62
16,-2,61
16,-2,62
14,-3,60
17,-2,62
17,-1,62
15,-2,63
16,-2,61
17,-2,62
15,-3,62
16,-2,62
17,-1,62
16,-2,62
16,-3,62
16,-2,62
16,-2,62
17,-2,62
16,-2,63
16,-1,61
16,-2,62
15,-2,61
16,-2,63
16,-2,62
17,-2,62
15,-2,61
16,-2,62
16,-1,61
17,-1,63
15,-2,61
16,-2,62
17,-2,61
16,-2,61
15,-2,61
16,-2,62
16,-2,61
16,-2,61
15,-3,61
17,-2,61
16,-1,62
15,-3,61
14,-3,59
19,-2,61
17,-2,62
14,-1,62
15,-1,61
17,-3,61
15,-3,60
16,-1,61
16,-2,63
15,-1,60
17,-2,63
15,-2,60
15,-3,62
16,-2,63
17,-2,62
16,-2,62
16,-3,61
16,-2,62
17,-1,61
15,-1,62
16,-3,62
16,-3,60
16,-2,62
16,-2,62
15,0,62
17,-1,62
16,-3,60
16,-3,61
16,-2,62
16,-1,63
17,-2,62
16,-2,61
15,-3,61
16,-2,62
16,-1,62
16,-1,63
15,-2,60
16,-3,61
16,-2,63
15,-1,63
16,-2,62
16,-2,60
16,-3,61
15,-2,62
17,0,62
17,-1,62
16,-2,60
15,-3,61
16,-2,62
17,0,62
16,-2,62
15,-3,60
16,-3,61
16,-2,62
16,-1,62
16,-2,62
16,-2,61
15,-3,60
16,-2,61
16,0,62
16,-1,62
15,-3,61
16,-3,61
16,-2,63
16,-1,62
16,-1,61
16,-2,61
16,-2,61
15,-2,62
16,-1,62
16,-1,62
15,-3,61
16,-2,61
17,-2,61
16,-1,62
16,-1,62
15,-2,60
16,-3,61
16,-2,62
16,-2,61
16,-1,61
16,-2,61
11,-2,59
17,-2,61
20,-2,63
16,-2,62
16,-2,61
16,-3,63
15,-2,61
17,-2,61
16,-2,61
16,-2,62
16,-2,62
17,-1,61
16,-2,61
15,-2,61
16,-2,61
17,-1,61
16,-2,61
16,-2,62
15,-2,61
16,-2,62
15,-2,61
16,-2,62
17,-2,62
16,-2,62
16,-2,61
16,-3,63
15,-2,60
16,-2,62
17,-1,62
16,-1,62
15,-2,62
16,-2,61
17,-2,62
14,-2,61
15,-2,62
17,-1,62
16,-2,62
15,-3,61
16,-3,62
15,-2,62
16,-1,62
16,-2,61
15,-2,61
16,-2,61
16,-2,63
16,-2,61
15,-2,60
16,-2,61
16,-2,62
15,-2,62
16,-2,61
16,-2,61
15,-2,61
15,-1,62
16,-2,61
16,-2,62
16,-1,61
16,-2,62
14,-3,60
15,-2,62
17,-2,62
17,-2,62
14,-2,61
15,-2,61
17,-2,61
16,-2,61
16,-2,62
15,-2,61
17,-3,63
15,-2,60
15,-2,62
16,-2,61
17,-2,62
15,-2,62
16,-2,62
15,-2,62
15,-1,61
16,-2,61
16,-2,61
16,-2,61
15,-1,61
16,-2,61
15,-2,61
15,-3,60
16,-3,61
16,-2,62
15,-1,61
17,-1,62
16,-1,61
16,-2,61
16,-2,61
16,-2,62
15,-2,62
17,-1,62
16,-1,62
14,-4,61
14,-3,60
17,-2,62
16,-2,62
15,-1,62
16,-3,61
15,-3,61
15,-2,62
16,-2,62
16,-2,62
16,-2,62
15,-3,62
15,-3,60
16,-2,62
16,-1,62
18,-2,63
12,-3,60
16,-3,61
15,-3,61
15,-2,62
16,-1,63
16,-2,62
16,-3,62
15,-3,61
15,-3,62
16,-1,62
16,-1,63
15,-2,62
15,-2,62
16,-3,61
15,-2,61
15,-1,62
16,-2,62
15,-1,61
15,-3,62
16,-3,61
15,-2,62
14,-2,62
16,-2,61
16,-2,62
15,-2,61
15,-3,61
15,-2,61
15,-3,62
16,-2,62
16,-1,62
15,-2,61
15,-3,61
16,-2,61
16,-2,62
15,-2,63
15,-2,62
16,-2,61
16,-3,62
16,-2,62
16,-2,62
15,-2,62
15,-2,62
16,-2,62
15,-3,61
15,-2,61
16,-2,61
15,-2,61
16,-1,62
16,-1,61
15,-2,61
15,-3,62
15,-3,61
15,-2,61
16,-2,62
15,-2,62
15,-1,61
16,-2,63
15,-2,60
16,-2,63
14,-2,62
18,-2,64
16,-1,62
17,-2,61
15,-3,62
16,-1,61
15,-1,62
14,-1,61
18,-3,62
15,-2,61
14,-2,62
15,-1,62
16,-3,63
15,-2,60
15,-2,63
15,-2,64
15,-2,62
15,-2,62
17,-1,62
14,-3,61
15,-3,62
17,-2,63
15,-2,62
15,-2,62
15,-3,61
15,-2,62
14,-1,62
14,-2,61
15,-2,61
17,-3,65
14,-2,62
12,-3,61
15,-2,62
14,-3,63
13,-2,62
16,-1,63
16,-2,63
13,-4,61
16,-1,63
14,-2,62
13,-3,61
15,-2,62
15,-2,63
14,-3,62
15,-2,62
16,-1,63
14,-3,61
14,-3,61
16,-2,62
16,-2,63
13,-2,61
13,-2,62
14,-3,61
13,-3,61
15,-2,62
15,-2,62
14,-2,62
14,-2,62
15,-2,63
14,-2,61
14,-2,61
16,-2,62
14,-2,63
13,-2,61
15,-2,62
14,-2,63
14,-2,62
15,-3,62
16,-3,61
14,-2,64
13,-2,63
15,-3,62
16,-2,62
13,-3,62
15,-2,62
15,-2,63
15,-3,61
14,-3,61
14,-2,61
15,-2,64
15,-2,63
14,-2,62
14,-2,62
14,-3,61
15,-3,61
16,-1,63
14,-2,63
12,-2,61
15,-3,62
17,-2,63
14,-2,62
13,-2,61
15,-2,62
16,-2,62
14,-2,62
14,-2,61
15,-2,62
16,-2,62
16,-3,62
15,-2,61
17,-2,62
17,-2,62
15,-3,62
15,-3,61
16,-2,62
15,-3,62
16,-3,61
16,-1,61
16,-3,62
17,-3,62
14,-3,61
15,-4,60
19,-2,63
17,-2,62
13,-3,61
18,0,61
17,-3,61
15,-3,61
15,-2,61
16,-2,62
16,-2,61
17,-2,61
17,-2,61
16,-3,62
17,-2,61
17,-3,61
17,-3,61
17,-2,61
15,-2,62
16,-3,62
17,-2,61
16,-3,61
16,-3,61
17,-2,62
16,-2,62
16,-3,61
17,-2,61
16,-3,62
16,-3,61
17,-2,62
17,-2,61
16,-3,61
16,-3,61
16,-2,61
17,-3,61
18,-3,61
16,-2,61
16,-3,62
17,-3,61
17,-3,61
16,-2,62
16,-2,61
17,-2,61
17,-2,62
17,-3,61
17,-3,61
15,-2,61
16,-2,61
18,-3,62
17,-2,62
15,-2,62
15,-3,61
17,-2,61
17,-3,62
16,-3,62
17,-3,62
16,-2,62
15,-3,61
17,-3,62
16,-3,61
16,-2,61
17,-2,62
17,-2,62
16,-2,61
17,-2,62
16,-3,60
16,-3,61
17,-2,61
17,-2,62
15,-2,61
16,-2,60
17,-3,61
16,-3,61
16,-2,61
17,-2,61
16,-2,62
15,-3,61
17,-3,61
18,-2,61
16,-3,62
16,-3,61
15,-3,62
17,-3,62
18,-2,60
12,-1,57
19,-4,63
17,2,64
17,1,63
18,6,69
19,6,65
20,13,65
17,15,66
14,15,60
13,16,58
4,17,59
-7,14,54
9,11,55
-11,12,64
-10,8,65
2,10,70
-23,12,61
-10,13,59
-7,16,54
-6,15,57
-8,14,58
-1,14,62
10,14,67
12,15,73
6,13,65
8,13,63
8,8,66
3,10,69
-8,16,80
14,16,53
15,17,49
21,21,48
26,20,46
-11,6,40
-23,-2,30
-12,-2,79
-21,-6,95
-17,-10,63
-20,-9,59
-18,-5,60
-15,-8,63
9,-5,71
4,-10,74
12,-11,65
12,-14,64
6,-10,63
13,-13,64
13,-11,62
11,-11,61
14,-11,61
12,-11,62
10,-11,62
12,-11,61
14,-11,61
13,-12,62
12,-11,62
12,-10,61
13,-11,61
11,-11,61
13,-10,61
11,-10,61
11,-11,63
16,-11,61
16,-10,61
13,-10,62
14,-11,62
14,-9,61
14,-10,61
14,-11,61
14,-11,61
14,-10,62
14,-10,61
14,-11,61
14,-10,61
14,-10,61
15,-11,61
14,-10,61
13,-11,62
13,-9,61
19,-10,61
13,-10,61
16,-10,61
14,-10,62
15,-11,62
14,-10,61
14,-10,61
14,-10,61
15,-10,61
14,-10,61
15,-11,62
13,-10,61
15,-11,61
15,-10,60
14,-10,61
14,-10,62
14,-11,62
14,-9,61
15,-11,61
14,-10,60
14,-10,61
14,-10,62
14,-11,62
14,-10,60
15,-10,61
14,-9,61
14,-10,62
14,-10,61
14,-10,61
14,-10,61
14,-10,60
14,-10,61
14,-10,61
13,-11,62
13,-9,61
14,-10,60
15,-10,60
14,-9,62
14,-10,62
13,-9,61
15,-11,62
14,-10,60
14,-10,60
14,-11,62
13,-11,61
15,-10,61
15,-10,60
14,-10,61
14,-10,62
14,-11,62
13,-9,61
15,-10,60
15,-10,60
14,-10,62
14,-11,62
14,-10,61
14,-10,61
15,-10,61
14,-10,60
14,-11,62
14,-10,61
15,-11,61
15,-10,61
14,-10,61
15,-11,62
13,-11,62
13,-10,62
15,-10,61
14,-10,60
14,-9,61
13,-10,62
13,-11,62
15,-10,60
15,-10,60
13,-10,61
14,-10,62
14,-11,62
14,-11,61
15,-10,61
14,-11,61
14,-10,61
14,-10,61
14,-11,62
13,-10,61
15,-10,61
15,-10,61
14,-10,61
13,-10,61
15,-10,62
13,-10,61
14,-10,61
14,-10,60
15,-11,61
14,-10,62
14,-10,61
14,-10,61
14,-10,61
14,-10,60
14,-10,60
14,-10,61
14,-11,62
14,-10,61
15,-10,60
15,-10,60
14,-11,62
14,-11,62
13,-10,62
15,-11,61
14,-10,60
14,-11,61
13,-11,62
14,-10,61
15,-10,61
14,-10,60
13,-10,61
14,-10,62
14,-9,60
15,-10,61
14,-11,61
14,-11,61
14,-9,61
15,-10,62
14,-10,61
15,-10,61
14,-11,61
14,-10,61
14,-11,61
13,-10,61
14,-9,60
15,-11,62
14,-10,61
14,-10,61
14,-10,61
14,-11,62
14,-10,61
14,-10,61
14,-10,60
14,-11,61
14,-8,61
14,-10,61
14,-11,62
14,-11,61
15,-10,61
15,-10,62
14,-10,61
13,-10,61
13,-10,61
15,-8,62
12,-10,61
12,-11,62
13,-10,61
14,-11,62
14,-11,62
13,-10,61
10,-9,60
10,-10,64
12,-12,65
9,-10,66
7,-7,61
13,-5,60
9,-6,62
3,-8,64
6,-7,64
5,-7,62
9,-6,63
8,-7,64
5,-7,60
4,-6,62
8,-7,65
10,-6,66
2,-7,61
5,-6,62
8,-6,68
5,-4,63
-2,-3,59
2,-6,64
0,-7,62
-6,-6,58
-4,-11,62
1,-13,64
7,-16,70
2,-8,60
-5,-9,59
4,-11,64
2,-9,61
0,-9,62
8,-11,63
11,-10,65
-1,-6,59
-1,-10,60
11,-11,62
1,-9,62
7,-10,63
19,-13,64
13,-10,61
18,-8,61
22,-8,60
16,-9,60
14,-9,61
15,-10,61
18,-10,60
17,-10,61
15,-9,60
15,-10,61
14,-11,61
17,-10,60
16,-11,60
16,-10,62
15,-10,61
17,-11,61
16,-11,60
15,-10,61
16,-10,60
15,-10,61
14,-10,62
16,-10,61
16,-11,60
16,-10,61
14,-10,61
15,-10,61
16,-9,60
15,-12,61
16,-10,61
16,-10,62
15,-11,62
15,-10,61
16,-11,61
14,-10,60
16,-10,61
15,-10,61
15,-10,61
16,-10,60
15,-11,61
15,-10,60
15,-10,61
15,-10,61
15,-10,61
16,-10,61
15,-11,60
16,-10,61
15,-10,61
14,-10,61
16,-10,61
16,-12,61
16,-10,60
14,-9,61
15,-10,62
15,-10,60
16,-10,61
15,-10,60
16,-11,61
15,-10,61
15,-10,61
15,-10,61
15,-12,61
16,-11,61
16,-10,61
15,-11,61
15,-10,61
15,-10,61
15,-11,61
16,-11,61
16,-11,61
15,-11,61
15,-10,61
16,-11,61
15,-10,60
15,-10,61
14,-11,61
15,-10,61
15,-10,60
15,-12,62
16,-11,61
14,-10,61
16,-9,60
15,-11,61
15,-11,61
15,-11,60
16,-10,61
15,-11,61
16,-11,62
14,-10,61
16,-10,61
15,-11,60
15,-11,61
14,-10,61
16,-10,62
13,-10,61
16,-11,61
15,-11,60
15,-10,61
14,-11,62
15,-11,62
15,-10,60
15,-11,61
15,-10,60
15,-11,61
14,-9,61
15,-9,61
16,-12,61
15,-11,60
15,-10,61
15,-10,61
14,-10,61
15,-10,61
15,-11,60
15,-11,60
15,-11,61
14,-9,60
14,-10,60
15,-10,61
15,-11,61
15,-10,61
14,-10,60
16,-11,61
15,-10,61
15,-10,61
15,-11,62
15,-11,61
15,-10,61
15,-11,61
14,-11,61
14,-10,61
15,-9,61
15,-11,61
16,-11,61
15,-10,62
15,-9,61
15,-10,61
16,-11,62
15,-11,61
15,-10,61
14,-11,62
15,-10,60
15,-10,61
15,-11,61
15,-10,61
15,-10,61
15,-11,61
14,-11,61
15,-9,61
15,-12,62
15,-10,60
15,-10,61
15,-10,61
14,-11,61
15,-10,61
14,-11,61
16,-11,61
14,-10,60
14,-10,62
16,-10,60
15,-10,60
14,-11,60
16,-11,61
15,-10,62
15,-11,62
14,-9,60
16,-11,61
15,-11,61
15,-10,61
15,-10,61
14,-10,62
16,-9,61
15,-9,61
14,-11,61
15,-11,60
15,-10,60
15,-10,61
14,-9,61
15,-10,61
16,-10,60
16,-12,60
15,-11,61
15,-11,62
14,-10,62
15,-10,60
15,-10,61
14,-11,61
15,-11,61
15,-10,60
15,-10,61
15,-11,61
15,-10,61
15,-10,61
15,-10,61
15,-11,60
15,-10,61
14,-10,62
15,-10,61
15,-10,61
16,-10,61
15,-10,60
15,-11,61
14,-10,61
15,-10,61
15,-10,61
15,-10,61
15,-10,59
16,-11,62
15,-9,61
14,-10,62
16,-10,61
15,-11,60
15,-11,62
14,-10,61
14,-10,62
15,-10,62
14,-9,60
15,-11,60
15,-10,60
15,-10,61
14,-10,61
15,-10,60
16,-10,61
15,-11,61
15,-10,60
14,-10,61
15,-11,61
16,-10,61
15,-9,60
14,-10,60
16,-11,61
14,-10,61
15,-10,62
15,-11,61
15,-12,60
15,-10,60
15,-9,61
14,-10,62
14,-10,62
15,-10,60
15,-10,60
14,-10,61
15,-11,61
15,-9,60
14,-10,61
15,-11,61
15,-10,60
15,-10,60
14,-11,60
15,-10,61
14,-10,61
15,-11,61
15,-10,60
16,-10,61
15,-11,61
15,-11,61
15,-10,61
14,-10,61
15,-10,61
16,-9,61
14,-12,61
15,-10,60
15,-10,61
15,-10,61
15,-10,61
15,-10,61
15,-11,61
15,-10,60
16,-10,61
14,-10,61
15,-10,61
16,-9,61
15,-10,61
14,-12,61
15,-10,60
14,-10,60
14,-10,61
14,-9,61
15,-10,61
15,-10,60
15,-12,61
15,-11,61
15,-10,61
15,-10,62
15,-10,60
14,-10,61
15,-10,61
16,-10,60
13,-11,61
15,-9,61
15,-10,61
15,-11,61
15,-10,61
15,-11,61
15,-10,61
15,-11,61
14,-10,61
16,-10,61
15,-10,61
15,-10,61
15,-10,60
15,-11,61
14,-10,61
14,-10,62
16,-10,61
15,-10,61
15,-11,60
15,-11,60
13,-10,60
15,-10,62
15,-9,61
15,-11,61
15,-11,61
15,-10,61
15,-10,61
14,-11,61
15,-10,61
15,-11,61
15,-11,61
15,-10,61
15,-10,61
15,-11,61
15,-10,61
14,-11,61
15,-10,61
15,-10,61
14,-10,61
15,-11,61
15,-11,61
15,-10,62
14,-9,61
14,-10,61
15,-11,61
14,-10,61
14,-10,61
14,-11,61
14,-11,61
15,-9,61
15,-10,61
15,-11,61
14,-11,60
14,-10,60
15,-11,62
14,-10,61
15,-10,62
14,-10,61
15,-12,61
17,-11,61
9,-12,61
14,-12,63
15,-10,61
14,-12,64
16,-11,64
13,-8,63
3,-4,58
1,-3,58
-2,-7,65
0,-6,62
-1,-4,62
2,-5,67
-3,-5,64
-5,-4,63
0,-2,65
2,-1,66
1,-5,67
-1,-3,67
-2,-3,64
-8,-2,62
-12,0,62
-10,-5,64
-16,-3,64
-21,-3,62
-21,-2,58
-23,-2,60
-32,-6,62
-35,-11,63
-31,-11,62
-16,-9,63
-9,-7,60
1,-2,55
4,1,53
17,6,58
23,7,56
28,8,62
31,9,64
40,12,65
39,13,62
30,13,60
27,12,57
25,7,57
19,5,60
15,4,56
10,2,59
15,-3,65
9,-8,65
14,-2,61
24,-1,61
2,-7,66
3,-7,69
0,-11,68
-6,-12,64
-18,-6,59
-21,-6,62
-22,-1,56
-22,5,48
-6,5,61
0,1,64
-4,5,63
1,3,73
12,2,70
16,4,53
-6,-4,53
21,-11,71
40,-21,78
17,-4,61
2,-6,57
10,-5,63
12,-3,62
6,-7,63
10,-6,62
10,-6,62
12,-5,63
10,-6,62
11,-5,61
11,-6,62
12,-6,62
9,-6,64
9,-6,63
14,-6,62
9,-6,62
12,-6,63
12,-6,62
12,-5,63
10,-6,62
11,-6,61
13,-6,63
10,-6,62
12,-6,62
13,-6,63
11,-6,63
9,-6,61
13,-6,63
12,-7,63
12,-5,62
11,-5,62
11,-5,63
10,-7,63
14,-4,61
13,-6,64
11,-6,62
12,-6,63
12,-5,63
12,-5,62
10,-6,61
11,-5,63
12,-6,62
11,-5,62
12,-5,63
12,-6,62
12,-6,62
10,-5,62
12,-5,62
11,-5,62
11,-6,63
12,-5,62
13,-6,62
10,-6,61
11,-6,63
11,-6,62
14,-4,62
10,-7,63
11,-6,61
13,-5,62
12,-6,62
11,-6,63
11,-6,63
15,-2,62
11,-7,63
13,-5,61
11,-5,61
13,-6,63
11,-5,61
12,-6,61
12,-6,63
10,-7,62
14,-6,62
12,-6,61
11,-6,63
11,-5,62
13,-5,62
11,-7,62
13,-6,63
12,-5,62
11,-6,64
10,-6,62
14,-6,63
11,-6,61
12,-5,64
10,-8,63
13,-6,63
11,-6,62
14,-5,64
12,-6,62
13,-5,62
12,-8,62
12,-6,62
13,-5,62
12,-6,63
12,-4,62
13,-6,63
12,-7,62
12,-6,62
12,-5,63
11,-5,62
13,-5,62
13,-6,62
12,-7,63
10,-6,62
14,-5,62
12,-5,62
11,-6,62
12,-6,63
13,-5,62
13,-5,63
11,-6,62
12,-5,62
12,-5,62
12,-5,62
11,-6,62
11,-6,62
14,-5,63
11,-6,63
12,-6,62
14,-5,62
11,-6,62
10,-6,62
11,-6,62
17,-4,61
14,-6,63
11,-5,62
13,-6,64
11,-5,61
12,-6,63
13,-6,62
13,-6,63
13,-6,63
15,-3,62
8,-6,60
13,-6,62
11,-5,62
10,-6,63
15,-4,63
12,-6,61
9,-9,64
10,-6,61
10,-7,64
12,-3,61
13,-6,62
12,-5,61
13,-6,63
13,-4,62
11,-4,61
10,-6,63
11,-5,62
15,-5,63
12,-5,62
11,-6,62
13,-6,62
12,-6,63
11,-5,62
12,-5,62
13,-5,62
12,-7,63
12,-6,61
12,-5,62
12,-6,62
12,-5,62
13,-5,62
13,-5,62
13,-6,63
13,-5,62
12,-6,63
13,-7,63
10,-6,62
14,-4,61
16,-4,63
11,-7,61
12,-5,61
13,-5,62
11,-6,62
12,-5,62
14,-5,62
13,-5,62
12,-6,63
12,-5,61
13,-5,62
13,-6,62
11,-5,62
13,-5,62
14,-5,62
12,-6,62
12,-6,62
12,-5,61
13,-5,62
11,-6,62
12,-5,63
13,-5,62
15,-6,63
13,-5,62
12,-6,62
13,-5,62
13,-5,62
11,-6,62
11,-5,63
13,-5,61
14,-6,62
13,-6,63
13,-6,62
11,-6,62
13,-5,62
13,-5,63
13,-5,62
14,-6,62
13,-6,62
13,-5,62
13,-5,63
13,-5,62
12,-6,62
13,-6,62
12,-5,62
14,-5,62
13,-5,62
13,-5,62
14,-6,62
12,-6,62
13,-5,62
12,-5,62
12,-5,62
13,-6,62
13,-5,62
13,-5,62
14,-5,62
12,-6,62
14,-5,62
13,-5,62
13,-5,62
13,-5,62
12,-6,63
12,-6,62
13,-5,62
13,-5,62
13,-6,62
14,-5,63
14,-5,62
14,-4,61
10,-7,61
14,-5,61
11,-5,62
13,-5,62
12,-6,62
13,-6,61
11,-7,62
11,-5,62
13,-5,62
11,-6,62
15,-6,63
13,-5,62
13,-6,62
14,-6,62
13,-5,62
12,-5,62
13,-5,62
15,-5,63
14,-5,62
11,-4,61
15,-5,63
12,-6,63
12,-6,61
14,-5,62
13,-5,62
14,-5,62
9,-7,61
13,-6,63
14,-4,63
13,-5,62
13,-6,63
13,-5,61
13,-5,62
12,-6,61
12,-6,62
13,-5,62
14,-5,62
11,-5,62
13,-4,62
14,-5,63
13,-6,62
13,-6,62
12,-5,61
12,-5,63
12,-5,61
13,-5,62
12,-6,62
13,-4,61
12,-4,62
12,-6,62
13,-6,63
13,-5,61
13,-5,63
12,-6,62
13,-6,62
13,-5,62
12,-5,62
12,-6,63
12,-6,62
14,-5,62
12,-6,62
12,-6,61
13,-5,62
12,-5,62
12,-5,63
13,-5,63
12,-6,62
13,-5,62
13,-5,62
12,-6,62
12,-6,61
13,-5,62
12,-5,62
11,-5,62
12,-5,62
14,-5,62
13,-6,63
13,-6,62
13,-5,61
13,-5,63
12,-5,63
13,-6,62
12,-5,61
12,-6,62
15,-4,63
12,-5,61
12,-5,62
10,-6,63
12,-6,63
12,-6,62
11,-5,62
10,-7,64
16,-6,60
15,-6,61
12,-6,64
12,-5,62
14,-2,59
18,-2,61
18,-2,60
16,-3,62
16,-3,58
16,-2,57
17,-4,62
17,-5,64
19,-2,60
20,-1,60
20,-3,61
19,-5,61
19,-3,57
21,-1,59
22,-1,62
20,-4,62
20,-4,58
22,-4,57
25,-2,61
23,-2,62
20,-3,58
20,-3,58
21,-3,59
24,-3,61
23,-3,60
22,-4,59
23,-3,59
21,-3,60
21,-3,60
24,-3,59
23,-3,60
21,-3,60
22,-3,59
23,-4,59
22,-3,59
22,-3,60
22,-3,59
22,-4,60
22,-3,60
21,-3,58
22,-3,59
22,-4,60
22,-3,60
22,-3,59
23,-3,59
22,-4,59
22,-3,59
23,-3,59
23,-4,58
21,-4,57
22,-3,59
26,-2,56
29,-2,59
27,-2,57
29,-2,55
30,-2,57
26,-2,59
25,-2,58
25,-1,57
28,-2,56
30,-3,59
26,-2,58
29,-1,57
26,-3,58
22,-3,58
23,-2,58
27,-2,59
28,-2,58
21,-3,57
23,-3,58
27,-3,58
25,-2,58
25,-2,59
24,-3,58
26,-3,53
25,-2,58
25,-9,68
22,-6,65
14,-1,52
14,6,59
22,9,54
41,12,48
41,14,44
55,14,34
59,15,32
57,14,21
56,14,18
67,16,18
71,15,16
59,11,13
60,14,21
59,14,14
63,15,15
57,15,12
60,16,14
63,15,16
57,16,16
59,14,14
60,15,15
60,15,16
61,15,16
59,15,16
59,14,16
58,15,17
60,15,18
60,14,17
59,14,18
59,15,18
58,15,18
58,14,18
59,15,18
59,15,17
58,15,18
58,15,18
57,14,18
59,15,20
57,15,21
57,15,21
57,14,20
59,15,21
60,17,23
57,16,24
58,19,28
66,14,19
74,10,26
51,10,39
21,4,49
15,1,44
22,1,65
23,0,62
21,-1,58
23,2,58
21,2,56
27,3,56
30,4,58
25,2,57
25,2,57
25,1,59
24,1,60
25,2,57
26,2,57
27,1,57
27,2,59
28,2,59
27,2,57
25,2,56
26,2,57
28,2,59
29,2,60
26,1,56
25,2,55
21,3,59
22,2,58
30,2,58
32,2,57
29,3,56
28,3,57
28,4,56
29,4,56
29,4,56
25,3,56
28,1,61
26,2,59
24,2,56
27,2,57
26,2,58
23,0,60
23,0,59
25,2,56
29,1,58
30,1,59
29,2,57
29,4,55
29,4,56
27,3,56
26,3,56
28,2,57
30,2,59
26,2,58
25,2,57
26,3,57
27,3,58
27,3,57
27,3,58
26,3,57
28,3,63
27,3,63
33,3,71
44,1,76
49,6,76
51,10,74
52,22,74
43,26,70
25,42,63
10,49,58
0,47,39
-8,43,28
-13,35,15
-16,32,11
-24,28,4
-24,27,4
-31,29,4
-30,29,4
-30,38,17
-33,88,-4
-21,33,45
-12,66,38
-19,51,17
-27,58,19
-17,61,21
-17,60,24
-17,57,24
-15,57,27
-9,63,16
-20,59,21
-12,59,28
-20,54,25
-20,56,23
-17,61,22
-16,60,23
-13,58,26
-11,56,23
-26,58,24
-23,57,24
-20,58,22
-19,58,24
-22,57,21
-26,56,16
-28,54,10
-33,49,8
-34,54,11
-33,51,9
-32,46,5
-27,42,3
-18,30,7
-11,22,14
12,-3,30
20,9,42
18,19,57
20,22,104
7,22,108
-12,1,106
-14,17,93
25,7,83
17,8,72
8,6,51
10,8,56
11,6,65
16,5,69
17,2,66
16,4,61
21,6,68
20,4,70
6,2,68
2,1,67
5,2,66
3,3,62
2,9,63
2,10,64
12,9,45
16,10,46
33,8,58
35,12,59
36,16,55
27,15,45
31,14,50
37,5,67
32,4,54
39,5,53
46,3,65
38,-2,54
32,0,47
34,2,61
35,3,61
23,4,52
23,5,56
23,2,60
29,2,56
16,4,57
9,1,57
19,0,58
20,-3,69
17,-6,65
16,0,58
16,1,56
18,-1,60
22,-4,65
18,-3,62
13,-2,59
16,-2,61
15,-3,61
16,-2,61
18,-1,61
20,-1,60
19,-2,61
15,-2,61
13,-2,61
17,-3,61
20,-4,62
16,-2,61
17,-2,63
16,-2,60
14,-3,59
15,-3,61
22,-2,58
16,-2,61
15,-3,58
13,-5,64
16,-4,63
19,-3,59
19,-4,60
16,-5,63
15,-4,63
17,-2,60
18,-3,59
24,-5,63
18,-3,59
17,-2,63
23,-4,63
18,-2,58
18,-1,59
26,-3,62
20,-3,57
21,-2,59
18,-2,58
23,-3,60
15,-2,58
16,-2,61
17,0,57
20,1,57
33,0,61
35,1,57
32,5,44
38,2,48
47,4,50
48,5,48
59,2,57
44,-3,61
33,6,62
27,8,57
15,6,44
25,6,54
42,-3,55
58,-10,74
25,3,43
39,3,55
11,-1,54
23,-1,57
27,-2,63
34,5,51
36,6,44
60,11,41
53,14,38
65,17,34
62,17,33
58,19,31
55,19,30
50,22,25
52,26,32
40,27,32
38,30,33
32,31,33
25,29,32
33,30,43
35,29,35
39,33,41
41,36,44
33,29,24
38,32,33
42,31,34
46,32,34
54,32,33
52,32,28
49,30,26
44,29,29
44,30,28
46,28,20
45,26,15
52,27,13
51,27,11
60,26,12
62,26,11
56,18,-1
64,20,4
71,18,1
63,13,-10
68,14,-2
70,14,-2
64,9,-10
67,10,-6
61,10,-1
66,10,1
59,11,-1
60,11,0
71,8,-1
72,14,12
69,15,9
64,18,24
57,22,34
48,13,26
23,10,31
29,15,56
21,9,47
3,-5,55
-9,-7,76
25,-5,73
32,-2,60
24,3,56
27,0,61
26,0,57
21,2,51
28,0,62
30,0,65
16,0,54
22,1,58
26,3,61
30,2,57
28,3,51
34,4,56
27,2,57
26,1,55
23,2,57
28,2,61
25,2,56
29,1,58
30,2,57
32,0,60
25,2,58
22,1,57
23,1,61
24,1,59
22,2,57
22,3,58
20,1,58
21,2,58
28,1,62
23,3,57
23,1,59
28,0,59
27,1,58
25,2,58
26,1,59
26,1,59
25,2,59
21,2,58
25,1,58
30,3,57
27,1,58
24,1,59
26,2,57
31,2,58
26,2,57
25,1,58
24,0,59
25,0,58
27,1,58
25,1,57
26,1,58
26,1,58
23,0,57
23,0,56
28,1,61
27,0,61
24,1,63
31,3,63
32,4,56
17,3,61
33,5,68
30,3,62
4,7,42
4,8,47
9,6,59
13,3,62
14,1,72
2,-2,62
12,1,55
14,3,55
19,6,71
20,5,65
17,4,61
9,6,54
5,6,62
3,1,65
-9,1,53
-4,0,67
5,0,72
14,5,67
12,7,63
13,8,56
17,11,58
16,15,55
18,15,57
23,13,57
24,14,59
30,14,61
24,12,58
28,10,60
28,11,60
25,13,57
23,13,56
28,13,54
28,13,54
31,14,55
30,14,56
30,13,55
30,12,53
29,12,53
32,12,59
29,11,56
28,12,54
29,11,55
29,11,55
29,12,55
29,11,56
29,12,56
28,11,53
31,11,56
31,10,56
28,11,56
28,9,58
29,11,58
30,11,57
32,12,60
36,12,58
40,10,58
47,10,63
45,10,61
35,9,57
24,5,55
18,2,46
15,8,44
-2,11,43
-7,17,59
-6,21,60
-17,7,51
-17,-4,55
-34,-7,56
-6,-13,69
30,-14,85
26,-7,77
21,-5,59
15,-7,55
18,-3,62
15,-1,62
15,-7,66
16,-4,62
14,-2,58
13,-4,60
20,-3,63
24,-2,61
24,-2,55
21,-3,58
22,-5,61
26,-4,61
22,-2,54
16,-1,53
34,1,58
40,1,56
30,0,58
39,1,54
37,0,56
23,0,60
15,-2,60
15,-6,66
8,-6,63
6,-6,62
9,-5,61
21,-3,62
19,-4,63
17,-4,57
16,-3,54
13,-2,56
21,0,56
35,1,56
25,4,60
35,-2,61
54,0,67
15,-9,55
19,-11,61
14,-5,64
14,-5,60
14,-3,60
18,-4,60
12,-5,58
12,-4,59
17,-3,61
20,-4,62
14,-5,64
13,-3,59
16,-5,61
18,-5,62
16,-4,60
17,-4,62
16,-4,62
16,-4,61
16,-4,61
17,-5,62
16,-4,60
16,-4,61
16,-4,61
17,-3,62
14,-4,63
17,-5,61
16,-4,62
15,-5,60
16,-5,61
17,-3,62
16,-3,63
17,-4,61
17,-4,61
16,-4,60
17,-3,61
16,-4,61
17,-3,62
17,-4,62
16,-5,61
17,-4,61
17,-4,60
16,-4,61
18,-3,62
16,-3,62
16,-4,62
17,-4,61
17,-5,61
16,-4,61
16,-4,61
16,-3,61
17,-4,62
16,-4,61
17,-5,62
17,-4,61
16,-4,61
17,-3,61
17,-4,63
17,-4,62
16,-5,60
17,-4,60
15,-5,62
17,-3,62
18,-2,63
16,-5,60
15,-5,60
16,-4,61
15,-4,62
17,-3,60
18,-3,61
16,-5,61
15,-5,59
18,-4,62
16,-4,62
16,-3,60
17,-4,61
15,-5,62
15,-3,60
18,-4,62
15,-4,60
15,-5,63
18,-1,60
16,-5,61
15,-5,61
16,-5,63
17,-3,60
16,-4,62
15,-6,63
18,-5,63
16,-4,60
16,-4,62
15,-4,61
15,-4,62
17,-4,61
17,-4,61
15,-5,61
16,-4,60
17,-3,61
15,-4,62
17,-4,62
17,-4,61
16,-5,61
16,-5,61
18,-4,62
18,-3,62
14,-4,62
18,-3,61
17,-5,61
15,-6,60
18,-5,62
17,-4,62
14,-4,62
17,-2,61
18,-4,63
15,-5,61
16,-5,60
16,-3,61
15,-4,62
17,-3,62
17,-4,62
16,-4,60
17,-5,60
15,-4,61
15,-4,61
17,-3,62
18,-3,63
15,-4,60
16,-5,61
17,-4,60
15,-4,62
16,-4,61
16,-4,61
16,-4,62
16,-4,60
17,-4,61
16,-5,61
15,-4,61
16,-4,61
17,-4,62
16,-3,61
16,-4,60
16,-4,61
17,-4,61
16,-4,61
15,-6,61
16,-4,62
17,-3,62
15,-4,62
16,-3,61
16,-4,61
17,-4,61
14,-5,61
15,-4,62
17,-3,63
16,-4,61
16,-4,60
17,-5,62
14,-5,62
15,-4,61
18,-3,62
18,-3,63
15,-4,60
16,-5,62
16,-5,62
17,-4,61
16,-4,63
17,-3,61
16,-3,61
16,-4,61
16,-4,62
16,-4,61
15,-4,61
16,-4,62
16,-4,61
17,-4,62
16,-4,61
15,-4,61
15,-5,61
17,-3,62
17,-4,62
16,-4,61
16,-4,62
16,-4,61
16,-4,62
16,-4,62
16,-5,60
16,-4,61
15,-5,62
16,-4,62
16,-4,62
17,-4,62
16,-4,62
15,-5,60
17,-4,62
15,-4,62
15,-3,62
17,-3,62
16,-5,62
15,-4,61
16,-4,61
16,-4,61
17,-3,60
16,-3,61
16,-4,62
17,-3,61
15,-4,61
14,-4,60
18,-3,62
16,-4,61
16,-4,62
16,-4,61
16,-3,61
15,-3,61
16,-4,61
16,-4,61
16,-5,62
16,-4,61
17,-3,62
16,-3,61
16,-5,61
15,-5,60
16,-3,63
16,-3,62
15,-4,60
17,-4,63
15,-4,62
16,-4,61
19,-3,62
15,-4,62
14,-4,61
16,-3,61
17,-4,62
14,-5,61
15,-4,61
17,-3,62
17,-3,61
15,-4,61
16,-5,62
16,-4,62
16,-4,62
15,-4,61
17,-3,61
17,-4,61
15,-5,62
16,-5,63
17,-4,62
15,-4,61
16,-3,62
17,-3,62
16,-4,62
15,-4,60
17,-3,61
14,-5,61
17,-4,62
16,-3,62
16,-4,62
16,-5,61
15,-6,64
16,-3,60
15,-4,61
15,-5,63
17,-4,63
16,-3,61
15,-4,61
16,-4,61
16,-4,61
15,-4,60
16,-3,63
16,-3,62
17,-4,62
17,-4,60
16,-7,66
14,-5,62
15,-3,61
13,-5,64
18,-2,58
16,-4,61
16,-4,61
16,-5,63
15,-4,61
16,-3,62
16,-4,62
17,-3,62
16,-4,62
15,-4,61
16,-4,62
15,-4,61
14,-4,63
16,-3,60
17,-4,62
14,-5,62
16,-4,60
17,-3,62
15,-4,61
15,-5,63
18,-2,59
17,-3,62
16,-4,62
15,-4,60
16,-4,62
14,-4,61
14,-4,61
16,-3,61
16,-5,62
15,-4,62
17,-4,63
16,-4,61
15,-4,61
17,-3,62
17,-4,62
15,-5,61
16,-3,61
17,-4,63
13,-4,61
16,-4,62
17,-4,62
15,-4,62
15,-5,61
16,-4,62
14,-3,60
16,-3,62
18,-4,63
15,-4,61
15,-4,60
16,-5,63
15,-3,62
16,-2,62
16,-4,62
16,-5,61
16,-5,62
15,-4,61
14,-4,61
17,-3,62
16,-3,62
16,-4,61
17,-4,62
13,-6,62
16,-4,62
15,-4,62
16,-4,63
14,-5,61
16,-3,62
16,-4,62
15,-4,61
15,-5,60
15,-4,61
16,-3,63
18,-2,59
16,-3,60
15,-4,62
15,-4,62
15,-4,62
16,-4,61
17,-3,62
16,-4,61
16,-4,62
16,-4,60
16,-3,62
16,-4,62
15,-3,60
16,-3,62
16,-4,62
16,-4,61
15,-7,65
15,-3,60
16,-4,62
16,-3,61
16,-1,58
16,-5,64
16,-5,61
15,-5,61
15,-4,63
16,-3,61
16,-4,62
15,-4,61
16,-3,61
16,-5,62
15,-4,62
15,-4,61
16,-3,61
14,-4,64
15,-5,61
16,-4,61
15,-4,61
17,-3,62
17,-4,62
15,-4,62
17,-2,61
16,-5,60
15,-5,61
17,-4,63
15,-4,61
16,-3,62
17,-4,63
15,-4,61
16,-4,61
15,-4,61
15,-4,62
15,-4,61
15,-4,63
17,-5,62
16,-4,62
15,-5,61
15,-4,60
16,-4,62
14,-3,61
16,-3,61
18,-4,62
15,-4,61
16,-3,61
16,-4,61
15,-4,61
17,-3,62
16,-4,62
16,-3,61
16,-4,62
15,-4,61
16,-4,61
15,-4,61
16,-3,62
17,-4,62
16,-3,61
16,-4,62
15,-5,61
15,-4,61
16,-3,63
17,-3,62
15,-3,61
16,-4,62
15,-4,61
15,-4,61
15,-5,62
16,-4,62
17,-2,61
16,-4,63
15,-5,62
16,-5,61
16,-4,62
15,-4,61
15,-3,62
16,-4,61
16,-4,61
16,-4,62
15,-3,61
16,-5,61
16,-5,61
13,-6,64
18,0,59
17,-4,63
16,-4,60
16,-4,61
17,-3,63
15,-3,61
15,-4,60
16,-5,61
15,-4,60
11,-6,63
13,-6,62
13,-5,61
11,-8,62
14,-7,69
31,-7,71
24,1,59
20,3,49
21,6,52
26,9,53
29,10,54
28,8,58
23,6,59
21,4,62
22,3,63
21,1,64
14,-2,65
14,-1,60
15,-1,64
18,-1,63
10,-1,58
18,-5,68
20,-3,64
16,-1,58
15,-1,59
20,-3,64
18,-2,62
18,1,55
19,0,58
20,-1,61
21,-1,60
22,-1,58
23,-1,58
20,0,57
22,-2,62
23,-2,61
21,0,59
21,-1,58
20,-2,60
20,-1,62
25,-1,59
23,-1,58
19,-2,58
21,-3,60
23,-2,59
24,-2,62
24,-1,58
17,0,57
27,-3,61
26,-2,61
19,-2,59
21,-2,58
24,-2,61
24,-2,60
21,-2,59
22,-1,60
22,-2,60
21,-2,58
22,-2,59
23,-2,60
22,-2,60
22,-2,59
21,-3,61
22,-1,59
23,-2,61
23,-1,60
22,-2,59
22,-2,59
22,-3,61
21,-2,60
22,-1,60
21,-3,59
21,-2,59
22,-1,60
23,-2,59
21,-2,60
21,-2,59
21,-2,59
22,-1,59
23,-2,60
21,-2,59
22,-1,59
21,-3,60
22,-2,60
22,-2,60
21,-2,60
21,-1,59
22,-2,59
22,-1,60
22,-1,60
22,-2,59
21,-3,60
22,-2,60
23,-1,60
21,-2,60
21,-2,60
22,-2,59
23,-2,60
22,-2,60
22,-1,60
21,-2,60
22,-2,58
21,-2,60
21,-2,60
22,-1,60
24,-3,61
21,-2,59
21,-3,60
22,-2,60
23,-1,61
21,-2,59
21,-3,60
22,-2,60
22,-2,60
20,-2,59
23,-2,61
22,-1,59
21,-2,60
20,-2,59
23,-2,60
23,-2,60
21,-2,59
21,-2,59
22,-3,61
22,-2,60
21,-1,58
20,-2,59
20,-2,61
20,-2,60
23,-1,58
23,-2,61
21,-3,59
20,-2,61
23,-2,60
23,-2,59
21,-1,61
20,-2,60
19,-2,59
20,-2,59
22,-2,60
22,-2,61
21,-1,60
23,-1,60
23,-2,61
21,-2,59
20,-2,59
21,-2,60
22,-2,60
20,-2,59
21,-2,59
22,-2,60
22,-2,60
22,-1,59
20,-2,60
21,-2,60
19,-4,61
20,0,58
22,0,57
22,-1,60
22,-1,61
23,-2,60
20,-2,58
20,-2,59
21,-2,60
23,0,60
20,-1,61
21,-1,60
22,-1,61
20,-2,60
22,-2,60
22,-1,60
20,-1,60
20,-1,61
22,-1,60
21,-2,60
21,-1,60
22,-2,60
22,-1,61
20,-1,59
21,-1,60
21,-1,60
21,-2,62
20,-2,60
21,-2,60
22,-1,60
21,-2,61
21,-2,57
21,0,60
22,-2,62
21,0,57
23,-1,60
21,0,57
21,-3,60
20,-1,59
21,-2,60
21,-1,60
22,-2,62
22,0,60
19,-3,62
19,-1,58
21,-3,61
21,-1,60
22,-1,61
20,-1,59
21,-3,59
21,-1,60
20,-2,59
21,-1,60
22,-1,60
21,-1,61
21,-2,59
21,-2,58
21,-1,60
21,-1,61
21,-1,60
22,-2,60
21,-2,60
21,-2,60
21,-1,60
21,-1,60
22,-2,60
22,-2,59
21,-1,60
21,-1,60
22,-2,60
20,-1,59
22,-2,60
21,-1,60
20,-1,60
21,0,61
22,-1,60
21,-3,60
20,-2,58
22,-1,60
20,-1,59
20,-1,61
21,-1,59
22,-2,61
20,-1,59
21,-2,60
23,-1,60
21,-2,60
19,-1,60
22,-1,60
21,-2,60
21,-2,59
21,-1,60
23,-1,62
21,0,61
18,-1,58
21,-2,61
22,0,61
20,-1,59
21,-1,60
22,0,61
21,-2,61
19,-2,59
19,-2,60
21,0,61
24,0,61
22,0,61
17,-1,57
20,-1,60
22,-1,61
20,0,60
21,1,58
21,-1,61
20,-1,59
20,0,60
22,-1,60
21,-1,60
19,-1,58
23,0,61
22,-1,61
19,-1,59
20,-2,58
22,-2,61
20,-1,60
19,-1,59
22,-1,60
22,-2,60
17,-1,58
19,-2,61
24,-1,60
21,-2,61
23,-1,60
22,-2,59
20,-1,59
21,-2,59
17,-2,61
19,-1,60
22,-2,63
19,0,61
18,-1,60
19,-2,61
19,-3,59
20,0,61
21,0,61
21,-1,61
17,-2,60
18,-1,59
21,-1,61
19,-2,60
18,-2,59
22,-2,61
22,-1,61
17,-1,59
18,0,60
21,-2,61
21,-1,60
19,-1,60
19,-1,60
21,0,60
20,-2,61
18,-2,60
19,-2,60
21,0,61
19,-1,60
20,-1,61
22,0,60
20,-2,59
18,-2,58
20,-1,61
21,-1,61
19,0,61
21,-1,61
21,-2,59
20,-2,60
19,-1,60
21,-1,61
20,-1,59
21,-2,60
21,-2,60
21,-1,61
20,0,61
19,-2,60
19,-2,59
23,0,61
21,-1,61
19,-2,59
20,-2,60
22,-2,62
21,-1,61
19,-1,60
20,-1,60
20,-2,60
21,-1,60
20,-1,60
20,-2,59
21,-1,60
22,-1,61
20,-1,60
21,-1,60
20,-1,61
20,-1,60
21,-1,59
22,-1,61
22,0,60
20,-1,60
19,-2,59
20,-2,59
22,-1,61
21,-1,60
20,-1,60
20,-1,61
22,-1,60
19,-2,59
19,-2,58
22,0,61
22,-1,61
20,-2,60
21,-1,59
20,-2,60
20,-2,60
21,-1,61
22,-1,60
21,-1,60
20,-1,60
19,-2,60
18,-1,59
23,-1,62
22,-1,61
21,-2,59
20,-1,60
24,-1,60
20,-1,59
19,-2,59
23,-1,61
23,0,61
19,-1,59
19,-1,60
22,-2,60
23,-2,61
21,-1,59
21,0,60
21,-1,60
22,-1,60
22,-2,60
21,-2,60
20,-2,59
20,-1,59
22,-1,61
22,-1,60
22,-1,60
22,-1,60
22,-2,60
22,-2,59
22,-1,60
23,-1,60
23,-1,58
23,-1,60
23,-1,62
21,-2,58
22,-2,58
21,-1,60
22,-2,61
20,-1,59
19,-1,58
23,-2,61
24,-3,60
23,-3,59
22,-2,60
23,-2,60
24,-2,60
22,-2,60
21,-2,60
22,-2,59
23,-2,59
22,-1,60
21,-2,60
22,-2,60
23,-2,59
23,-2,60
22,-2,60
21,-1,60
23,-2,60
23,-2,59
20,-2,58
20,-2,59
24,-2,60
24,-2,60
21,-1,60
21,-2,60
21,-2,60
21,-2,59
23,-2,59
22,-2,60
20,-2,60
20,-2,60
22,-2,60
22,-2,60
21,-3,59
20,-3,59
21,-2,60
21,-1,60
20,-1,60
20,-3,59
21,-3,59
22,-2,60
22,-2,60
21,-1,61
20,-2,60
22,-2,60
21,-3,59
22,-1,61
22,-2,61
21,-2,59
22,-2,60
21,-2,60
20,-2,59
22,-1,61
23,-2,60
20,-2,59
20,-2,59
22,-2,60
22,-2,60
21,-2,60
21,-2,60
21,-2,60
21,-2,60
21,-3,60
21,-2,60
21,-2,60
21,-3,60
22,-2,60
22,-1,61
19,-3,60
20,-3,59
23,-2,60
20,-2,60
19,-2,59
21,-2,60
23,-2,59
20,-1,60
20,-2,60
21,-2,59
22,-3,59
23,-2,60
22,-2,60
21,-2,60
21,-2,60
22,-2,60
22,-2,59
22,-2,60
22,-2,60
21,-2,60
21,-2,60
22,-2,60
22,-2,59
22,-2,60
22,-2,60
21,-2,60
22,-2,59
21,-2,60
21,-2,60
22,-2,60
22,-2,60
21,-2,60
21,-2,60
22,-2,60
21,-2,60
20,-2,60
21,-2,60
22,-2,60
21,-2,60
21,-2,60
21,-2,60
20,-2,60
20,-2,59
22,-2,60
21,-2,60
19,-3,59
20,-2,59
22,-3,60
21,-2,60
20,-2,60
20,-1,60
21,-2,61
21,-2,61
20,-2,59
20,-2,59
22,-2,60
22,-1,60
20,-3,61
21,-1,59
22,-1,60
22,-1,60
20,-2,60
17,-2,59
21,-2,61
20,-1,61
21,-3,62
20,-2,63
13,-2,62
11,-3,61
13,-2,63
12,0,61
10,-2,59
9,-3,61
12,-2,62
13,-1,61
12,-1,60
6,-2,57
24,0,63
14,-1,62
16,-3,62
31,-6,73
24,-6,61
33,2,62
26,0,57
24,-2,61
15,-1,59
25,-1,58
27,-4,61
26,-2,60
18,-2,59
18,-2,59
19,-2,58
23,-2,62
17,-3,63
16,-3,59
14,-2,60
14,-2,63
17,-2,60
16,-3,61
16,-2,63
17,-2,61
18,-2,60
19,-1,59
19,-2,62
19,-3,60
18,-3,61
18,-2,61
22,-2,63
17,-2,60
15,-2,60
19,-2,61
18,-2,61
18,-2,60
17,-2,60
19,-2,62
18,-2,61
18,-2,61
17,-3,60
18,-3,61
18,-2,61
17,-2,62
19,-2,62
18,-2,61
17,-3,59
19,-3,61
18,-2,61
17,-2,61
19,-1,61
20,-1,63
16,-3,60
16,-4,59
19,-3,61
19,-2,62
16,-2,60
18,-2,61
18,-2,60
17,-3,59
17,-3,61
18,-2,62
18,0,59
18,-2,63
18,-3,61
17,-3,60
18,-2,60
19,-2,62
18,-2,62
18,-2,61
20,-2,59
18,-2,61
18,-2,61
19,-1,61
17,-2,61
18,-2,60
18,-3,62
17,-3,61
17,-2,60
18,-2,61
20,-2,61
18,-2,61
17,-3,61
19,-3,61
18,-2,61
18,-2,61
18,-2,61
19,-2,61
17,-2,61
18,-3,62
19,-2,61
18,-2,60
18,-2,60
19,-2,61
18,-3,61
18,-3,61
18,-2,62
18,-2,61
18,-2,61
19,-3,62
17,-2,60
18,-3,61
17,-3,62
18,-3,61
20,-2,62
20,-3,61
17,-3,61
17,-1,60
19,-2,61
18,-2,61
17,-2,60
19,-2,61
18,-3,61
17,-2,60
19,-2,62
19,-2,61
18,-2,61
18,-2,61
19,-2,61
18,-2,61
19,-2,61
17,-2,60
17,-2,60
19,-2,61
18,-2,61
17,-2,60
19,-2,61
18,-2,61
18,-2,61
18,-3,60
18,-2,61
18,-2,61
18,-2,61
18,-2,61
19,-2,61
18,-3,61
18,-2,61
19,-2,61
18,-2,61
18,-2,61
18,-2,61
18,-2,61
18,-2,61
18,-2,61
18,-2,61
18,-2,61
18,-2,60
18,-2,61
18,-2,61
18,-2,61
18,-2,61
18,-3,61
18,-2,61
18,-2,61
19,-3,61
17,-3,61
18,-2,61
18,-2,61
18,-2,61
18,-3,61
19,-2,61
19,-2,61
17,-2,61
17,-1,61
20,-2,62
19,-3,61
16,-3,60
18,-3,61
19,-2,62
17,-2,61
18,-2,61
19,-2,61
17,-2,60
18,-2,60
18,-2,62
18,-1,60
18,-2,61
18,-3,61
18,-3,61
19,-1,61
18,-2,62
17,-2,60
18,-2,60
18,-2,61
18,-2,61
18,-2,61
17,-2,62
18,-2,61
19,-2,61
17,-3,60
17,-2,60
19,-2,62
18,-2,62
17,-2,60
20,-1,61
17,-3,61
16,-3,61
19,-2,61
18,-2,61
18,-1,61
18,-3,61
18,-3,60
18,-2,61
19,-1,61
18,-2,61
17,-2,60
19,-2,61
19,-3,61
18,-2,61
19,-2,62
18,-2,61
18,-2,61
17,-2,61
19,-1,61
17,-2,61
17,-2,60
19,-2,61
18,-2,62
17,-2,60
18,-2,61
19,-3,62
17,-2,60
18,-2,61
19,-2,61
18,0,60
19,-1,60
18,-3,60
17,-2,60
19,-2,61
18,-2,62
17,-2,61
18,-2,60
20,-2,61
18,-2,60
18,-1,58
19,-1,61
17,-3,60
18,-1,60
20,-1,62
17,-3,61
16,-3,59
20,-2,61
19,-2,62
17,-1,61
18,-1,61
19,-3,61
17,-3,59
19,-2,61
18,-2,62
18,-1,60
20,-1,62
17,-4,60
16,-3,58
20,-2,61
17,-1,61
17,-1,60
19,-3,62
18,-3,60
18,-3,61
19,-1,61
17,-1,62
17,-1,60
19,-4,61
17,-4,59
19,-2,62
20,-1,62
17,-1,60
18,-2,60
19,-4,61
16,-3,59
20,-1,62
19,-1,61
17,-2,60
18,-2,60
18,-3,61
16,-3,60
20,-1,62
18,-2,62
16,-2,60
19,-2,61
18,-2,61
18,-2,61
20,-2,61
17,-2,61
17,-1,60
19,-3,62
17,-3,60
20,-2,62
20,-1,62
17,-1,60
17,-2,61
19,-3,61
17,-2,60
19,-2,61
18,-2,61
17,-1,61
19,-2,61
17,-3,60
16,-3,59
20,-2,62
17,-2,61
18,-1,60
20,-2,62
17,-3,60
17,-2,59
19,-2,61
16,-2,61
19,-1,60
20,-2,62
17,-3,61
18,-2,61
19,-2,62
16,-2,61
18,-1,60
19,-2,61
18,-3,61
17,-3,60
18,-2,61
18,-2,62
18,-2,61
19,-2,61
18,-3,61
17,-3,61
18,-2,60
19,-1,61
19,-1,63
17,-3,61
16,-4,59
18,-2,60
19,-1,62
18,-1,62
18,-2,61
17,-3,59
17,-3,61
19,-2,61
18,-1,61
18,-1,62
17,-3,59
17,-4,59
20,-1,61
18,-1,62
17,-1,61
18,-2,62
18,-3,60
17,-3,60
19,-1,62
18,-1,62
17,-2,60
18,-2,60
18,-3,61
16,-3,60
19,-1,61
20,-1,62
17,-3,61
16,-3,59
19,-2,61
20,-1,62
17,-2,61
17,-2,61
19,-2,61
18,-2,61
18,-2,61
18,-2,61
19,-2,61
18,-2,61
18,-1,62
19,-1,62
17,-4,61
16,-4,57
19,-2,60
19,-1,63
17,-1,62
18,-2,60
19,-3,61
17,-2,60
18,-2,62
18,-2,61
18,-1,60
19,-2,61
18,-3,61
17,-3,61
18,-3,61
18,-1,62
19,0,62
18,-2,61
17,-3,60
18,-3,61
19,-1,62
19,-1,62
17,-3,60
18,-3,60
18,-3,60
16,-2,61
19,-1,62
19,-2,62
18,-3,60
19,-3,61
17,-2,61
17,-2,61
19,-2,61
18,-2,61
18,-3,61
18,-3,61
18,-2,61
18,-2,61
18,-2,60
17,-3,61
19,-2,62
19,-2,61
17,-2,61
19,-2,61
18,-2,61
17,-2,61
18,-2,61
18,-3,61
17,-3,61
19,-1,62
19,-2,61
17,-2,60
18,-2,61
18,-2,61
17,-2,61
19,-2,62
18,-2,60
18,-2,61
18,-2,62
18,-2,61
18,-1,61
18,-2,60
17,-3,61
19,-2,61
18,-2,62
18,-2,61
18,-2,61
18,-2,61
18,-2,61
19,-2,61
18,-2,61
18,-2,60
18,-3,61
17,-2,61
18,-1,61
20,-1,62
16,-3,59
17,-3,60
19,-2,61
18,-3,61
18,-1,61
20,-1,62
16,-4,60
15,-3,59
19,-2,63
19,-1,62
19,0,60
18,0,57
18,-2,60
17,-3,61
18,-2,61
18,-2,61
18,-2,63
18,-1,61
18,-2,61
17,-3,61
19,-2,61
20,-2,62
17,-2,62
18,-1,60
19,-2,62
17,-3,60
18,-2,61
18,-2,61
17,-1,60
19,-3,61
17,-3,60
19,-2,62
18,-2,61
18,-1,61
20,-1,61
16,-3,60
15,-3,59
20,-2,62
18,-2,62
16,-2,61
19,-1,60
19,-2,62
16,-3,59
19,-2,61
19,-1,62
18,-2,61
17,-2,61
19,-3,61
18,-2,60
18,-2,61
19,-2,62
17,-2,61
17,-2,60
19,-2,62
16,-2,60
17,-2,61
18,-2,61
17,-2,61
19,-2,61
19,-3,61
16,-2,60
18,-2,62
17,-2,61
17,-2,61
19,-2,61
18,-3,61
17,-2,60
19,-1,62
17,-1,61
16,-2,61
20,-3,61
19,-3,61
16,-2,60
18,-1,61
19,-1,62
17,-2,61
18,-3,61
18,-3,61
17,-2,61
18,-2,62
18,-2,62
17,-2,61
18,-2,60
18,-2,61
18,-2,61
17,-2,60
18,-2,61
19,-2,62
17,-2,61
18,-1,61
19,-2,61
17,-3,60
17,-2,60
19,-2,63
18,-1,61
18,-2,61
19,-2,61
18,-2,61
18,-2,61
17,-2,61
18,-2,61
18,-2,61
18,-1,61
18,-2,62
17,-3,60
17,-2,60
20,-2,62
17,-2,61
17,-2,61
18,-2,61
18,-2,61
18,-3,61
17,-2,61
19,-2,62
17,-2,61
17,-2,61
18,-2,62
18,-2,61
17,-2,60
18,-2,61
19,-2,62
17,-2,61
19,-1,60
20,-2,63
16,-3,61
17,-2,60
20,-2,62
17,-2,61
19,-1,60
19,-2,62
18,-3,61
16,-3,61
19,-2,62
18,-2,62
18,-1,61
18,-2,60
18,-3,61
18,-2,61
19,-2,62
17,-1,62
18,-2,62
18,-3,60
19,-2,61
17,-2,60
18,0,60
18,-1,60
18,-2,61
17,-2,61
19,-2,60
18,-2,61
17,-3,61
18,-2,62
19,-2,62
17,-2,60
17,-3,60
17,-2,61
18,-2,61
22,0,60
15,-4,63
16,-2,59
18,-2,63
21,0,57
18,-2,61
18,-2,60
17,-4,64
17,-1,60
18,-2,62
16,-2,60
18,-2,59
20,-2,62
20,-2,60
15,-2,61
18,-1,60
18,-2,62
18,-2,60
18,-1,60
19,-2,61
17,-2,61
17,-2,60
17,-2,61
18,-2,62
18,-2,61
18,-2,61
18,-2,60
19,-3,62
17,-2,61
17,-2,61
18,-2,60
19,-2,61
17,-2,61
19,-2,62
18,-3,62
16,-2,59
18,-2,61
19,-2,62
18,-1,61
19,-2,60
18,-2,61
18,-2,62
18,-2,61
16,-2,61
17,-3,62
16,-3,61
20,-2,62
20,-2,61
16,-2,61
18,-1,61
16,-4,63
14,-2,59
19,-1,62
18,-2,62
16,-3,60
17,-2,60
19,-3,61
16,-2,61
17,-1,61
18,-3,62
15,-3,59
19,-1,63
18,-1,62
17,-3,61
16,-3,61
19,-2,61
17,-2,62
18,-2,62
18,-2,62
17,-2,61
18,-2,61
17,-2,61
18,-1,61
18,-2,60
18,-2,61
17,-2,61
16,-2,61
19,-2,61
19,-3,62
16,-2,60
19,-1,61
20,-2,63
17,-3,60
16,-3,61
20,-2,63
17,-2,61
18,-1,62
19,-2,61
18,-2,60
17,-3,61
17,-2,61
18,-2,61
18,-2,61
17,-2,61
17,-2,61
19,-2,61
18,-3,61
17,-2,60
18,-2,62
16,-2,61
18,0,60
18,-2,62
19,-2,61
20,-2,59
16,-3,64
16,-2,61
16,-3,63
19,-1,60
19,-3,62
18,-2,60
17,-3,61
18,-2,62
18,-1,62
17,-2,62
19,-1,62
18,-2,60
19,-2,61
15,-4,61
16,-3,63
19,-2,63
15,-3,63
16,-2,60
19,-2,62
18,-3,61
16,-3,60
19,-2,62
19,-1,61
19,-1,61
18,-1,61
19,-2,61
17,-3,61
17,-3,61
19,-1,62
14,-2,63
19,-1,61
19,-2,62
19,-2,60
17,-3,60
19,-1,62
18,-1,61
18,-2,63
18,-2,61
18,-2,60
19,-3,61
16,-3,62
18,-2,62
16,-1,62
18,-2,63
19,-3,62
18,-2,60
17,-2,61
16,-3,60
18,-1,62
18,-1,62
17,-2,62
16,-2,59
21,-3,60
17,-3,61
17,-2,61
18,-1,62
16,-3,63
19,1,58
18,-2,61
17,-3,60
17,-3,60
18,-1,62
17,-2,62
18,-2,61
19,-2,62
16,-3,60
17,-2,61
18,-2,62
19,-1,62
16,-2,61
18,-2,60
18,-2,62
19,-1,61
16,-5,63
14,-5,60
18,-2,65
17,0,62
17,-2,61
20,-2,60
20,-2,61
16,-2,62
16,-2,61
17,-1,62
19,-1,61
19,-3,61
18,-3,60
17,-2,62
18,-1,61
17,-2,62
15,-2,61
20,-1,59
19,-3,62
18,-2,62
18,-1,61
17,-2,60
19,-2,61
14,-2,61
19,-1,59
19,-2,61
17,-2,60
18,-2,60
16,-3,61
18,-1,61
17,-2,62
18,-2,61
19,-2,61
18,-1,61
18,-3,62
16,-2,62
18,-1,61
16,-2,62
19,-1,59
19,-1,60
18,-2,62
18,-2,60
18,-1,61
17,-2,62
19,-1,61
19,-2,62
17,-2,61
20,-2,61
16,-3,63
16,-1,60
17,-2,62
20,0,60
17,-2,60
18,-2,60
18,-2,61
16,-2,60
18,-2,61
17,-2,61
19,-1,61
18,-2,61
18,-3,60
17,-3,60
18,-1,62
18,-2,61
18,-2,62
18,-2,60
18,-2,61
16,-2,60
17,-2,61
17,-1,62
18,-2,62
18,-2,61
19,-2,61
17,-2,60
16,-2,61
17,-2,61
16,-2,60
20,-2,62
19,-1,62
18,-1,61
17,-3,61
17,-3,60
19,-2,62
17,-1,61
19,-1,62
18,-2,60
18,-3,60
16,-2,61
17,-2,62
18,-1,61
19,-2,62
18,-1,61
17,-3,61
17,-2,60
18,-2,60
16,-3,62
20,-1,62
20,-2,61
15,-2,60
17,-2,61
18,-2,62
16,-2,61
22,0,60
20,-2,62
16,-3,61
17,-2,61
18,-1,62
18,-1,61
17,-2,60
19,-2,62
18,-2,60
18,-1,60
18,-3,62
17,-2,60
18,-2,61
19,-2,62
17,-2,60
17,-2,62
19,-2,60
19,-2,62
15,-3,62
18,-2,62
18,-2,62
18,-1,61
20,-1,61
18,-2,61
17,-2,61
17,-2,61
17,-2,61
16,-2,61
17,-1,61
20,-2,60
19,-3,61
20,-2,59
16,-4,62
18,-2,62
18,-1,62
16,-2,61
17,-2,62
20,-2,61
18,-2,60
17,-3,60
18,-1,61
17,-1,62
16,-2,61
19,-2,61
18,-2,60
18,-2,61
17,-2,61
17,-2,61
18,-2,61
18,-2,61
18,-1,61
18,-1,62
18,-3,61
17,-3,59
18,-1,62
18,-1,62
18,-2,62
17,-2,59
22,-2,60
16,-4,62
17,-2,62
18,-2,62
17,-2,62
17,-1,61
20,-1,62
20,-1,60
16,-2,58
19,-2,62
15,-2,61
17,-1,61
20,-2,62
18,-3,60
16,-2,59
19,-2,62
16,-2,61
18,-1,61
18,-2,60
19,-2,62
16,-2,61
18,-2,62
19,-1,62
17,-2,61
19,-1,60
19,-2,61
17,-2,61
18,-2,61
19,-1,61
17,-2,61
16,-2,61
18,-2,61
20,-1,62
14,-4,61
15,-2,60
17,-2,63
18,-1,61
18,-2,61
18,-2,61
18,-2,60
18,-2,63
17,-1,61
17,-2,60
19,-2,60
18,-1,61
18,-2,62
18,-2,62
17,-2,61
19,-2,60
17,-3,61
16,-2,61
19,-2,61
20,-2,61
17,-3,61
15,-3,60
18,-6,57
15,-3,62
17,-6,61
28,-4,59
34,-3,59
22,0,60
24,1,54
27,4,57
24,5,53
28,6,53
33,7,59
34,6,62
22,8,61
21,8,62
19,9,59
18,8,59
13,9,57
13,9,58
15,9,63
13,8,64
9,8,62
9,9,61
10,5,63
10,4,61
9,4,63
10,4,64
10,3,64
11,4,63
12,4,62
11,4,61
13,4,62
12,4,63
14,2,62
15,1,62
17,0,61
17,0,61
18,1,63
16,1,62
16,3,61
18,3,63
18,2,62
16,2,61
16,2,62
16,1,62
15,1,62
16,2,61
17,2,63
18,1,62
18,1,62
17,2,67
23,2,65
49,3,70
61,9,70
63,27,53
57,29,42
40,35,40
28,35,36
29,44,30
39,40,37
36,35,35
44,21,27
63,46,46
52,47,30
45,43,24
37,37,21
19,40,13
22,43,15
28,40,12
53,49,5
57,49,5
42,42,10
24,40,9
29,54,6
40,57,11
38,54,10
35,53,10
32,53,5
31,54,2
33,54,3
31,53,7
37,53,10
39,52,8
37,53,8
42,54,7
38,55,4
36,53,4
32,52,9
34,54,9
31,53,7
37,54,7
42,53,7
34,53,9
31,52,10
33,51,11
34,52,11
34,52,6
26,52,5
38,53,9
42,53,11
32,54,8
28,51,6
33,51,15
31,50,16
43,54,8
44,53,8
33,49,15
31,48,17
40,47,24
47,45,25
32,34,13
32,31,22
42,27,39
35,23,40
52,22,45
68,18,53
11,1,-19
-26,8,-14
1,19,56
54,35,91
59,38,97
25,19,66
35,2,65
69,13,83
60,10,72
29,11,43
23,14,39
28,15,47
28,12,59
24,7,63
24,2,68
12,2,63
16,1,62
13,6,58
17,6,60
22,6,62
21,5,61
22,4,58
23,5,59
24,6,59
24,5,60
21,5,58
20,5,59
22,5,61
23,5,62
23,5,58
22,6,59
22,4,60
23,5,60
23,5,60
23,5,59
23,5,59
23,5,60
23,5,59
23,5,58
23,5,60
22,5,60
22,5,60
22,5,58
23,5,60
22,5,59
22,5,59
22,4,59
23,5,59
23,5,58
22,5,59
23,5,59
23,5,58
23,5,60
23,5,59
23,5,58
23,5,60
23,5,60
23,5,58
22,5,58
22,5,60
23,5,59
23,5,59
23,5,59
22,5,59
22,5,58
22,4,59
22,5,60
23,6,60
23,5,58
22,5,59
22,5,60
22,5,58
23,5,59
23,5,60
23,5,59
22,5,59
22,5,60
22,5,59
23,5,60
24,5,60
23,5,59
22,5,59
23,4,60
22,4,60
22,5,59
23,5,59
23,5,59
22,5,60
22,5,59
23,4,59
22,5,60
22,5,60
23,5,59
23,5,60
23,4,59
22,4,59
22,5,60
22,5,59
23,5,59
23,5,59
22,5,59
22,5,59
23,5,59
22,5,59
22,5,60
23,5,60
23,5,59
22,5,59
21,5,59
22,5,60
23,5,59
23,5,58
23,5,57
25,6,58
26,9,58
26,6,54
26,5,51
40,10,52
37,10,50
39,11,38
46,11,37
51,12,32
55,11,31
69,12,33
57,11,31
59,13,23
59,12,27
60,11,34
50,12,38
38,14,34
44,11,31
56,9,33
54,13,33
55,13,27
54,12,24
66,15,23
57,11,18
47,11,16
67,18,21
72,15,15
57,14,15
60,16,20
65,15,17
65,14,14
56,15,13
56,16,13
61,15,14
61,15,15
57,14,13
60,16,16
61,15,16
57,15,13
61,15,12
62,15,14
59,14,13
56,13,12
64,16,12
64,15,11
57,13,7
58,13,8
66,14,11
66,13,10
58,13,8
60,13,7
66,12,9
62,13,9
59,12,9
63,14,8
63,14,8
63,14,12
48,13,9
63,13,18
69,12,24
61,12,20
45,10,10
63,13,20
60,12,29
60,13,31
59,13,28
49,11,27
51,14,34
50,9,40
45,7,44
28,6,54
16,-2,53
24,-3,57
23,-2,58
26,1,55
29,1,55
34,1,56
34,2,56
31,0,55
29,0,55
30,1,56
32,1,57
31,1,56
30,1,53
30,1,53
34,0,56
33,0,55
29,1,55
28,2,55
32,1,55
33,-1,55
32,0,54
33,0,54
36,1,54
34,0,55
30,2,55
31,2,55
31,1,54
32,0,55
32,1,56
31,0,55
31,2,54
32,3,54
33,2,54
33,1,54
32,1,55
32,2,55
32,1,55
30,2,55
31,2,55
31,1,55
30,2,55
32,2,55
31,1,55
30,2,55
31,2,56
31,2,55
32,2,55
28,1,55
28,1,55
31,1,56
32,2,56
30,2,55
30,2,55
31,1,56
31,1,56
31,2,54
31,2,55
29,1,56
28,1,55
32,2,55
33,2,55
32,1,56
28,2,55
28,1,56
30,1,54
32,1,55
31,0,57
33,1,58
29,2,55
28,2,57
27,0,57
26,1,56
31,0,61
25,1,59
22,2,53
24,1,56
28,-1,61
22,-1,61
18,-2,60
18,-2,60
22,-1,60
25,-1,60
25,-1,57
26,0,58
25,1,57
28,0,56
24,-1,57
23,-2,60
23,-1,56
33,1,55
29,0,56
25,-2,58
25,-2,58
26,0,58
27,-2,58
28,-1,58
29,-1,58
26,-1,58
26,-2,57
24,-2,56
27,-1,57
27,-1,57
27,-1,58
26,-1,58
27,-2,57
27,-1,57
24,-1,58
23,-1,56
24,-1,55
34,0,58
33,0,56
26,-1,57
28,-1,57
29,-1,58
28,-1,56
27,-1,56
28,-1,57
29,0,58
27,-1,57
27,-1,56
27,-1,56
27,-1,57
29,-1,58
27,-1,57
28,-1,57
27,-2,58
29,-1,57
29,0,57
27,-1,57
28,-1,57
28,1,56
25,1,57
28,-1,59
25,-2,58
25,-1,55
26,-1,57
26,-1,58
26,0,57
26,-1,56
28,-2,58
27,-1,57
26,0,57
28,-1,57
27,-1,57
27,-1,57
28,-1,58
28,0,57
26,-1,56
27,-1,57
27,-1,57
27,-1,57
28,-1,57
28,-1,57
27,-1,57
27,-1,57
27,-1,57
28,-1,57
27,-1,57
27,-1,57
28,-1,57
27,-1,58
27,-1,57
27,-1,57
28,-1,58
27,-1,57
27,-1,57
28,-1,58
26,-1,57
27,-1,57
28,-1,58
26,-1,57
26,-2,59
28,0,55
28,-1,58
26,-2,57
27,-1,56
28,0,57
28,-1,58
26,-1,56
27,-1,57
28,-2,57
27,-1,57
27,0,57
27,-1,57
27,-1,57
28,-1,57
26,-1,57
26,-1,57
28,0,57
28,-1,57
26,-1,56
27,-1,57
28,-2,57
27,-1,57
27,0,57
28,0,57
27,-1,57
27,-1,57
27,-1,57
27,-1,57
28,0,57
28,0,56
26,-1,57
29,-1,57
27,-2,57
27,-1,58
27,-1,57
29,1,55
27,0,57
27,-2,57
26,-2,57
28,0,57
28,0,58
26,0,57
26,0,57
28,-1,57
27,-2,57
27,-1,57
26,-1,57
27,-1,57
28,-1,58
26,-2,57
28,-1,58
27,0,57
27,0,57
27,0,57
27,-2,57
26,-1,56
28,1,58
27,0,57
27,-1,56
27,-1,57
26,-2,56
27,-1,58
27,0,57
27,0,58
27,-1,58
27,-2,57
26,-1,57
28,0,58
27,0,58
27,0,57
27,-2,57
26,-2,56
28,0,58
28,0,57
27,0,57
26,-1,58
26,-2,56
28,0,57
27,0,58
26,0,57
27,-2,57
26,-2,56
28,-1,57
27,1,58
27,0,58
26,-2,56
26,-3,56
29,0,58
27,1,57
26,-1,57
27,-2,57
28,-1,57
27,-1,58
26,-1,58
26,-1,56
28,0,57
28,-1,58
26,-1,57
27,-1,58
28,-1,58
27,-1,57
26,0,57
27,-1,57
27,-1,57
28,0,57
27,-1,58
27,-1,58
27,-1,57
27,-1,58
28,0,57
26,-1,57
26,-1,57
28,-1,57
27,-1,57
27,0,57
27,-1,58
27,-1,58
26,-1,56
28,-1,57
28,0,57
26,0,57
26,-1,57
27,-2,56
28,-1,57
27,0,58
27,0,58
27,-1,57
27,-2,56
27,-1,57
27,0,58
27,0,58
27,-2,57
27,-2,57
27,-1,58
27,0,58
28,0,58
28,0,57
25,-2,56
26,-2,57
26,-1,60
29,0,58
28,-1,58
27,-1,56
25,-1,57
28,-1,58
28,0,58
27,0,57
27,-1,57
29,-1,56
26,-1,57
28,0,57
27,0,57
27,-1,58
27,-2,57
27,-2,57
27,0,58
28,-1,59
26,0,56
27,-1,57
27,-2,57
27,-1,57
27,-1,58
28,0,58
28,0,57
26,-1,57
27,-1,57
28,-1,58
26,-1,58
26,-1,57
28,0,57
28,-1,58
25,-1,57
28,0,58
28,-1,58
26,-1,57
27,-1,57
27,-1,57
25,-1,56
28,-1,58
27,0,57
28,0,57
26,0,58
27,-2,58
27,-1,57
28,0,58
25,0,58
30,-1,57
27,-2,57
27,-2,58
27,-1,57
28,-1,57
27,-1,58
27,0,57
29,-1,58
26,-2,57
27,-2,58
28,0,58
27,0,57
26,-1,56
28,-2,57
26,-1,57
28,-1,58
28,0,57
26,-1,57
27,-1,56
28,-1,57
27,-1,57
27,-3,61
27,0,56
25,-1,59
27,-1,57
28,0,58
26,-2,57
26,-1,57
27,0,57
27,-1,58
26,-1,56
26,-1,57
27,-1,58
26,-1,57
27,0,56
27,-1,58
26,-1,57
26,-1,57
27,-1,57
26,-1,57
27,0,56
27,-1,58
27,-1,58
27,-1,58
26,-2,56
28,-1,58
26,-1,58
26,-1,57
28,0,58
27,-1,57
28,-1,56
26,0,57
26,-1,58
27,0,56
27,-1,58
27,-2,58
26,-1,57
28,0,58
26,-1,57
27,-1,56
27,-1,57
27,-2,58
27,-1,56
28,0,58
27,-1,57
26,0,56
27,-1,57
26,-2,57
27,0,56
29,-1,58
27,-1,56
29,0,56
27,0,56
26,-1,57
26,0,56
28,-2,61
23,-2,59
29,-1,58
28,-1,60
28,-1,56
28,0,55
24,-1,59
27,0,56
26,-1,59
27,-1,55
28,-1,59
26,-1,57
27,-1,57
27,-1,58
25,0,57
27,-1,57
26,-1,58
27,-1,57
27,-1,57
27,-1,58
26,-1,57
27,-1,58
26,-1,56
27,0,58
28,-1,57
27,-1,57
27,-1,58
25,-1,59
26,-1,56
26,0,58
27,-1,58
26,-1,57
28,0,58
27,0,58
25,-1,56
27,-1,57
27,-1,58
26,-1,57
28,-1,59
28,0,57
26,0,57
26,-1,56
27,-1,58
24,-2,57
28,0,58
28,-1,57
26,-1,58
26,0,57
27,-1,58
26,-2,57
27,0,58
28,0,58
26,-1,58
26,0,57
28,-1,58
26,-1,57
27,-1,57
26,-1,57
25,-1,57
27,0,57
28,0,58
25,-1,57
26,-1,57
27,-1,58
26,-1,57
26,-1,57
27,-1,57
27,-1,58
26,-1,57
27,-1,58
28,-1,58
27,0,58
26,0,57
27,0,57
27,-1,57
27,-1,58
26,-1,58
27,-1,58
27,0,57
27,-1,58
27,-1,57
24,-2,59
27,0,57
26,-1,59
26,-1,56
27,-1,58
27,-1,58
25,-1,57
27,0,58
27,-1,57
26,-1,57
26,-1,58
27,-1,58
27,-1,57
26,-1,57
26,-1,57
27,0,58
26,-1,58
27,-1,57
26,-2,57
27,-1,58
26,0,58
26,-1,58
27,0,57
27,-1,58
26,-1,58
26,-1,58
27,0,57
26,0,58
26,-1,57
27,-1,57
26,-1,58
27,-1,58
26,-1,57
26,-1,57
26,-1,58
26,-1,57
27,-1,58
26,-1,57
26,0,58
25,-1,58
26,-1,57
26,-1,57
27,0,57
26,-1,58
26,-1,58
26,0,58
26,-1,58
26,-1,58
27,0,58
26,-1,58
27,-1,57
27,-1,58
26,-1,58
26,-1,57
26,-1,58
26,-1,58
27,0,57
27,-1,57
26,-1,58
26,-1,57
26,0,57
26,-1,58
26,-1,58
26,-1,57
27,-1,57
27,-1,58
25,-1,57
27,0,57
28,-1,58
25,0,58
25,-1,58
27,-1,57
28,0,57
26,-1,58
25,-1,58
26,0,57
27,0,58
27,-1,58
26,0,58
26,0,58
26,-1,57
26,-1,58
27,-1,58
27,0,58
26,0,58
26,-1,58
26,-1,58
27,-1,57
26,0,57
26,0,57
27,-1,58
26,-1,58
25,-1,57
26,-1,57
27,0,57
26,0,58
25,-1,57
26,-1,57
27,-1,58
25,-1,57
27,0,58
27,0,59
25,-1,57
27,-1,57
27,-1,58
27,-1,58
26,-2,58
26,-1,58
27,0,58
26,-1,58
26,0,57
27,-1,57
28,0,57
26,0,57
25,-1,58
26,-1,58
26,-1,58
28,0,58
28,0,58
24,-2,56
25,-1,58
27,0,59
26,0,58
28,0,58
27,-1,57
25,-1,58
26,-1,58
27,1,58
27,0,58
25,-1,57
26,0,57
27,0,58
26,-1,58
27,0,57
26,-1,58
25,-1,57
27,0,57
27,-1,57
26,-2,58
25,-1,57
27,0,58
27,0,58
27,0,58
26,0,57
27,-1,58
26,-1,58
27,0,59
27,0,58
25,-1,57
26,-1,57
27,0,58
26,-1,58
25,-1,57
27,0,58
26,0,57
26,0,58
26,0,57
27,0,58
25,-1,57
26,-1,57
26,-1,57
27,0,58
25,0,57
26,-1,58
25,-1,57
27,-1,57
26,-1,58
26,0,58
27,0,58
26,-1,57
25,-2,57
28,0,58
27,0,58
25,-1,57
26,-1,58
27,0,58
28,0,58
24,-1,57
26,-1,58
27,0,57
26,0,58
25,-1,58
26,0,58
27,-1,59
25,-2,57
25,-1,57
28,0,59
27,0,59
24,-1,58
26,0,57
28,0,58
25,-1,58
25,-1,57
27,0,58
26,0,58
26,-1,58
26,-1,57
27,0,57
25,-1,58
25,-1,57
27,0,57
26,-1,58
26,0,57
25,0,58
25,-1,57
25,-1,57
28,1,58
26,0,59
25,-1,57
25,-2,57
27,-1,58
26,-1,58
26,-1,57
27,0,59
27,0,59
24,-2,57
26,-1,57
27,-1,59
25,-1,57
27,-1,57
27,0,58
27,0,59
26,0,58
25,-2,56
27,-1,56
26,0,58
25,-1,58
28,0,58
26,-1,57
25,-2,57
26,-1,57
27,1,58
26,0,59
24,-2,56
26,-1,57
27,0,58
26,0,58
25,-1,57
27,0,57
26,-1,58
25,-1,57
27,0,58
27,0,58
25,-1,57
26,-1,57
27,0,57
26,-1,58
25,-2,57
27,-1,57
28,-1,58
26,0,58
26,0,58
27,0,58
27,-1,58
25,-1,57
27,-1,58
25,-1,57
25,-1,58
28,0,58
27,-1,58
24,-1,57
27,-1,58
26,-1,57
26,-1,57
27,0,58
27,0,58
26,-1,58
26,-1,57
27,-1,58
26,-1,58
26,0,58
27,0,58
27,0,58
26,0,57
27,0,57
25,-2,58
25,-1,56
29,2,59
27,1,59
25,-1,57
25,-2,57
27,-2,58
27,0,57
26,1,59
25,-1,58
26,-2,57
26,-1,57
28,0,59
26,0,58
25,-1,57
27,0,58
26,-1,58
26,-1,58
27,0,58
26,-1,58
26,0,56
27,0,58
26,0,58
25,-1,57
26,-2,58
28,-1,58
26,0,58
27,0,58
28,-1,58
25,-1,57
26,0,57
27,-1,58
25,-1,57
26,-1,57
27,-1,58
27,0,58
27,0,58
24,-1,57
25,-1,57
28,0,58
26,0,58
25,0,58
27,0,58
27,-1,57
25,-1,58
27,0,57
25,-1,58
24,1,58
26,-1,59
25,-1,57
27,0,57
26,-1,57
25,0,57
26,-1,58
26,-1,58
25,-1,57
27,-1,58
27,-1,58
25,-1,58
25,-1,58
26,-1,58
26,-1,58
26,0,58
27,-1,58
26,0,58
26,-1,58
26,-1,58
26,-1,58
26,-1,58
26,-1,58
25,-1,57
26,-1,57
27,-1,58
26,0,58
25,0,58
25,-1,57
26,-2,58
26,0,58
26,0,58
26,0,58
27,-1,58
24,-2,57
25,-1,58
26,-1,58
26,0,58
27,0,58
27,-1,58
24,-2,57
25,-2,58
27,0,59
27,0,59
25,-1,58
27,-1,57
25,-2,57
25,-1,57
26,0,58
25,0,58
27,0,58
27,0,58
25,-2,58
26,-1,58
27,-1,58
26,0,58
27,0,58
26,0,57
26,-1,57
25,-2,57
26,0,58
26,0,58
26,0,58
26,-1,57
26,-1,57
26,-1,58
25,-1,58
25,-1,57
25,-1,57
27,-1,57
26,0,58
26,-2,58
24,-2,56
28,0,58
27,0,58
26,0,58
26,-1,57
27,0,58
24,-1,57
26,-1,59
26,-1,57
26,-1,58
26,-1,58
27,0,58
24,-1,57
25,-1,58
26,0,58
26,0,59
25,-1,58
26,-1,57
25,-1,57
25,-1,58
26,-1,58
23,-2,60
26,1,55
28,-1,59
25,-2,58
24,-1,57
27,-1,58
26,-1,58
26,-1,57
26,-1,58
26,-1,58
25,0,57
26,-1,57
24,-1,55
25,-2,59
26,0,58
26,-1,58
26,-1,58
26,-1,58
26,-1,59
27,0,58
22,-1,59
28,0,56
27,0,59
26,0,57
26,0,54
24,-3,62
26,-1,57
26,0,59
26,1,55
27,-1,59
26,-2,58
25,-1,57
27,0,58
27,0,58
24,-1,58
26,0,57
27,0,58
26,-1,58
24,-1,58
27,0,58
27,-1,58
25,-1,58
25,-1,59
26,0,57
27,-1,59
23,-1,56
25,-2,62
27,-1,59
22,-1,60
28,1,55
28,-1,60
29,-1,56
24,-1,57
25,0,56
26,-1,59
27,0,56
27,0,55
26,0,57
25,-1,58
26,-3,61
26,1,56
25,0,59
25,-1,60
28,-1,59
25,-2,58
25,-1,58
27,0,58
27,0,58
25,-1,58
26,0,58
27,-1,58
26,-1,58
24,-1,57
26,-1,57
26,0,59
25,0,58
26,0,56
26,0,56
26,-1,57
25,-2,57
26,-1,60
25,-2,58
24,-1,56
21,-3,57
28,-5,62
25,-1,64
30,-4,67
28,-3,62
25,4,59
19,5,56
23,7,56
25,11,56
26,12,55
24,14,53
20,14,55
15,10,58
16,9,59
14,6,62
18,3,64
21,2,63
24,0,61
24,0,60
21,3,55
17,4,54
11,5,52
1,17,50
-4,17,49
9,20,53
14,22,57
26,41,100
13,44,73
-1,8,76
5,78,63
-7,28,60
-4,33,62
11,29,72
9,28,67
8,16,61
5,7,61
7,7,59
3,10,64
4,9,64
10,10,64
4,6,62
-3,2,62
1,3,63
3,7,65
-2,6,64
0,4,65
-5,2,63
-2,4,63
-5,3,64
-7,2,63
-3,3,63
-5,1,63
-7,1,64
-4,1,64
-6,1,64
-8,1,63
-6,1,63
-7,0,64
-8,1,63
-9,4,53
-3,-3,66
-3,-1,64
-3,-1,63
-1,0,64
-3,0,65
-4,0,63
-1,0,64
-4,-3,62
-3,3,65
-1,3,65
3,-3,62
5,-2,57
-4,1,64
-3,1,66
-1,1,63
-1,4,62
-5,1,64
-1,1,65
-2,3,64
-2,4,64
-3,1,66
-2,3,69
12,-8,69
-2,11,47
-1,-5,61
-5,-1,63
-6,-1,62
0,2,65
-2,3,65
-5,2,65
-4,3,65
1,1,63
0,1,64
-3,1,64
-3,1,63
-2,2,64
1,3,65
-3,2,63
-3,2,62
0,5,65
2,6,65
-3,3,63
-2,3,63
2,5,65
0,6,63
-2,4,64
0,3,63
1,4,64
1,5,64
-1,4,63
1,5,64
1,4,64
0,4,64
0,5,64
1,5,64
0,5,64
-1,4,63
1,4,63
2,6,64
0,5,63
1,5,63
3,6,63
3,6,64
1,7,64
4,9,63
5,9,64
1,8,62
-1,8,63
4,11,63
4,12,64
5,12,64
2,11,64
3,11,63
5,12,63
4,11,63
3,10,62
4,11,63
5,11,63
4,11,64
5,12,63
3,11,62
4,11,62
4,11,63
4,12,63
4,12,63
4,11,62
5,11,62
4,12,63
4,12,63
5,12,63
4,11,63
5,11,63
5,11,62
4,12,63
5,12,63
4,11,63
5,11,62
5,12,63
5,13,64
4,12,62
4,11,62
5,11,62
5,12,63
5,12,63
6,12,63
4,11,62
5,12,63
5,11,62
4,9,59
1,9,59
7,10,62
7,10,60
9,10,59
15,11,58
15,9,56
17,10,56
17,6,54
17,-2,50
28,4,48
30,14,42
16,18,55
13,25,54
12,25,41
8,24,36
14,23,55
19,19,55
23,10,49
7,0,58
123,-29,127
101,-13,80
22,3,35
10,-11,30
26,-17,41
44,-23,48
49,-19,59
29,-18,45
31,-18,42
40,-16,50
40,-15,52
36,-13,48
36,-13,48
39,-11,49
40,-11,49
39,-11,48
39,-12,48
39,-13,48
38,-13,48
38,-14,48
38,-14,48
39,-13,48
39,-13,48
39,-12,47
40,-11,48
40,-12,48
40,-12,48
40,-12,47
39,-12,48
39,-13,48
39,-13,47
39,-13,48
38,-13,48
38,-13,48
39,-13,48
40,-12,47
39,-12,48
39,-12,48
39,-12,47
40,-12,48
40,-13,48
39,-13,48
38,-14,48
39,-14,48
39,-13,48
38,-13,48
38,-13,48
39,-13,48
40,-13,48
40,-13,48
41,-12,48
42,-12,50
41,-12,52
43,-11,54
37,-18,52
42,-10,51
51,-6,56
56,-4,55
54,0,61
52,2,64
40,5,66
36,9,63
25,13,59
2,17,51
-4,19,46
-7,24,43
-9,27,43
7,20,50
10,18,49
-4,9,44
3,-3,53
44,-38,72
38,2,55
22,5,50
32,5,57
4,3,53
-4,2,52
3,-1,70
3,2,71
5,-4,61
8,-7,64
6,-3,62
2,-5,60
4,-4,65
-7,-4,63
0,-3,62
16,-5,60
16,-6,58
6,3,64
2,6,63
3,9,63
8,13,63
13,10,63
12,9,62
15,8,64
14,10,65
10,9,61
10,10,61
19,13,62
13,13,61
14,13,62
14,12,60
15,9,62
13,10,63
14,9,61
13,9,61
16,9,61
16,5,60
7,7,62
10,6,62
15,9,63
13,8,60
8,8,63
12,10,64
11,9,63
16,9,61
15,12,63
12,9,60
14,11,61
21,10,60
19,10,59
23,12,60
22,11,59
26,11,56
25,9,56
15,6,60
20,7,61
21,9,58
19,8,55
17,6,57
24,10,65
17,17,60
17,16,57
23,14,65
17,18,67
14,20,61
15,17,58
18,8,61
13,12,61
15,13,60
15,13,61
14,12,60
18,11,61
15,12,61
15,13,61
13,12,60
19,11,59
19,10,58
15,10,60
17,11,61
17,11,59
20,9,60
14,13,60
17,10,60
16,9,59
17,10,57
17,11,61
17,12,63
15,12,60
17,11,58
21,10,57
21,13,64
12,18,61
17,19,58
19,11,62
17,11,61
16,11,59
18,14,62
16,13,61
14,10,60
19,10,61
18,7,62
13,7,62
13,8,59
16,8,60
16,11,59
18,11,58
19,13,56
21,14,57
22,21,63
20,19,55
17,11,56
18,9,58
19,13,61
19,14,61
14,13,59
11,14,61
15,11,60
14,12,60
21,8,64
24,12,66
14,25,63
32,27,67
35,27,67
19,31,63
12,31,61
10,35,63
8,37,61
6,34,52
7,34,52
3,30,50
5,29,52
8,26,48
10,25,47
11,19,55
12,18,55
20,12,60
10,13,51
10,8,43
22,7,41
36,-1,40
32,-5,35
27,-13,33
47,5,60
11,21,70
16,-7,47
46,16,69
22,15,57
27,10,56
32,14,66
32,14,62
23,16,53
23,13,53
29,16,54
32,18,56
18,16,42
21,12,41
47,7,64
38,7,64
25,7,53
30,6,55
27,4,59
22,3,61
22,1,61
23,6,58
27,3,59
26,5,58
14,2,60
15,1,62
23,4,60
24,4,63
25,5,60
19,3,60
23,3,64
26,11,61
40,20,45
25,10,57
12,5,57
1,-1,66
12,-2,73
9,1,65
5,2,58
3,3,61
7,3,64
8,5,62
11,4,62
11,3,62
12,4,63
10,4,63
10,3,59
10,4,64
7,5,64
8,4,63
5,3,61
9,4,67
10,5,61
14,7,66
9,7,64
9,5,64
11,5,63
8,5,68
12,4,66
9,6,62
8,6,63
14,5,66
10,7,57
5,7,56
6,4,64
6,4,64
5,4,65
5,4,65
8,6,64
8,4,64
6,5,65
1,6,60
1,3,63
10,3,73
9,2,65
4,6,59
4,9,59
4,5,67
8,6,63
6,6,59
10,5,65
6,3,63
-2,4,63
6,5,67
10,5,62
6,3,64
3,3,61
-2,4,57
2,4,61
19,4,64
15,6,60
20,9,60
23,10,57
21,12,63
18,11,62
19,10,59
16,10,60
15,9,61
15,10,62
16,10,61
17,11,61
17,12,58
17,12,58
19,12,61
21,14,60
18,13,58
17,13,58
21,12,61
20,12,60
16,12,59
18,12,63
19,12,59
16,12,60
20,13,61
20,13,59
23,13,59
22,13,57
22,13,57
26,15,58
26,14,57
27,15,54
28,15,55
29,14,56
28,14,56
26,15,56
24,12,58
20,11,57
15,12,56
26,13,55
31,12,57
22,11,61
19,12,64
24,9,64
25,9,57
0,8,63
4,10,63
10,11,62
11,4,59
11,9,63
20,5,62
26,7,61
11,0,51
7,4,54
19,4,66
22,1,65
13,0,60
12,2,58
20,1,62
23,-1,66
7,-1,64
11,-1,63
25,1,62
15,4,63
6,0,65
13,-2,64
21,0,63
24,-1,61
17,3,64
15,1,61
18,2,59
13,3,60
6,0,62
5,5,62
9,1,66
10,1,63
-1,-1,59
-9,-3,52
-14,-2,61
3,0,67
16,3,63
46,0,62
49,1,78
-1,6,70
-14,2,47
10,-2,61
12,4,68
4,6,62
-1,11,60
5,4,64
3,1,65
-3,-2,62
22,-2,73
5,6,61
-1,3,58
6,4,69
1,3,65
2,4,63
-1,2,63
-4,1,60
-1,-1,66
-2,-5,63
-9,-5,69
-5,-6,64
-5,-1,66
-9,0,66
2,0,64
2,4,63
-5,1,64
-2,-1,67
2,1,63
4,4,67
1,5,64
-1,6,61
16,9,65
15,9,68
8,8,67
6,8,71
21,5,80
14,3,80
9,1,70
19,-2,68
19,-3,52
14,1,41
19,11,39
18,12,36
13,21,24
12,27,21
18,35,31
22,35,27
45,43,46
13,37,35
14,37,37
11,30,52
2,29,45
14,22,71
18,22,67
4,12,56
3,6,60
34,7,73
46,6,76
37,5,61
45,15,57
92,20,78
52,18,62
25,6,51
36,3,51
42,-4,52
45,-7,51
45,-8,50
46,-8,49
35,-13,42
33,-15,40
48,-12,55
50,-7,54
43,-1,43
41,-2,43
44,-6,42
38,-6,45
37,-8,49
39,-12,57
43,-19,61
35,-28,70
26,-33,68
34,-37,67
30,-37,54
11,-51,41
8,-55,40
13,-54,41
20,-54,36
18,-61,26
20,-65,30
18,-51,29
23,-49,24
23,-46,3
19,-46,-6
15,-46,-15
16,-48,-12
20,-54,-9
21,-57,-10
18,-54,-16
15,-53,-23
8,-51,-22
12,-54,-23
13,-54,-25
11,-57,-25
16,-60,-26
13,-69,-30
11,-70,-31
6,-69,-26
4,-71,-25
10,-67,-19
13,-66,-17
10,-64,-13
11,-63,-11
10,-61,-11
10,-59,-12
18,-51,-10
24,-48,-10
20,-45,-15
23,-48,-13
38,-53,-13
38,-52,-17
40,-46,-16
49,-44,-11
66,-50,-24
57,-48,-38
54,-46,-39
60,-55,-41
62,-59,-43
63,-57,-49
64,-57,-49
65,-51,-46
64,-47,-44
64,-50,-47
62,-48,-47
53,-42,-30
48,-43,-26
47,-46,-18
44,-47,-15
24,-51,-6
25,-50,-3
14,-54,7
17,-53,9
55,-52,18
55,-50,19
9,-44,20
20,-34,23
54,-25,30
52,-27,21
32,-55,15
44,-96,3
46,-80,46
61,-65,42
63,-38,51
64,-26,32
70,-24,31
68,-29,29
57,-23,26
48,-21,10
45,-13,12
50,-13,13
56,-6,19
54,-3,20
54,-2,27
53,-6,17
53,-6,35
56,-5,27
50,-3,25
42,4,26
43,5,30
51,2,47
47,0,75
71,11,-10
53,-26,-82
126,-32,38
97,-29,-25
70,-24,-10
55,-12,7
38,-12,26
39,-15,32
37,-8,46
41,-3,50
46,1,47
51,7,41
55,2,38
57,-5,30
51,-4,27
48,-5,26
53,-5,36
46,-9,37
47,-5,34
44,1,42
46,-4,45
51,-19,38
47,-16,34
45,-19,38
52,-23,46
45,-22,37
-6,-47,50
39,-34,15
36,-34,25
32,-35,19
35,-34,35
37,-41,40
35,-30,36
41,-40,41
37,-42,34
34,-59,24
39,-30,43
86,-46,30
30,-48,22
34,-40,29
28,-42,28
30,-43,24
39,-48,24
40,-50,26
22,-60,23
20,-62,19
15,-57,7
15,-58,10
16,-58,19
19,-58,19
22,-58,10
24,-60,5
23,-65,2
22,-68,1
32,-74,9
35,-75,11
33,-77,5
32,-72,1
48,-63,6
49,-57,5
48,-54,1
50,-57,2
54,-51,3
43,-43,0
41,-42,0
45,-48,2
45,-53,-1
40,-59,-6
38,-60,-7
37,-61,-8
38,-61,-6
35,-57,-3
32,-55,-4
27,-52,-3
29,-54,1
19,-55,10
29,-57,9
43,-52,-11
42,-52,-16
36,-48,-27
38,-43,-28
39,-44,-15
35,-56,8
31,-59,12
30,-57,9
15,-56,3
13,-53,3
22,-56,-2
28,-55,-3
25,-55,-4
19,-54,0
21,-54,2
17,-53,4
15,-52,-3
15,-51,-6
17,-53,-4
18,-61,3
19,-68,9
12,-56,24
20,-52,19
31,-56,-7
27,-58,-4
29,-57,-2
33,-61,1
22,-62,4
19,-56,11
29,-53,15
34,-52,18
45,-49,12
45,-48,12
30,-54,11
38,-54,21
42,-48,15
45,-47,12
48,-50,21
45,-48,21
41,-45,27
38,-44,27
45,-42,30
46,-43,32
37,-44,33
35,-38,39
36,-36,44
35,-40,51
35,-40,54
33,-35,52
32,-32,51
20,-33,49
13,-34,46
12,-37,48
14,-38,47
15,-38,54
14,-38,55
20,-44,56
20,-44,57
15,-37,49
14,-33,45
14,-25,48
10,-22,44
7,-21,41
8,-24,44
3,-40,68
10,-31,62
11,-18,52
11,-20,55
21,-26,57
13,-32,54
13,-35,57
18,-35,55
19,-33,54
18,-32,54
16,-30,56
10,-29,54
11,-29,53
17,-27,57
14,-26,56
15,-25,53
13,-26,56
20,-24,59
17,-25,57
17,-25,57
15,-25,58
14,-25,55
13,-24,53
16,-26,60
11,-24,55
13,-21,56
19,-23,58
24,-25,53
15,-23,53
25,-18,62
24,-19,57
21,-20,54
23,-19,59
28,-22,60
24,-26,62
17,-25,61
19,-24,60
17,-20,57
32,-11,45
46,-11,40
44,-7,40
34,-7,34
28,-6,35
25,-7,32
20,-11,24
15,-16,16
12,-30,32
39,-43,104
17,-39,97
64,-34,77
26,-26,55
17,-23,48
24,-23,39
32,-24,40
53,-21,40
55,-20,37
50,-19,39
41,-20,41
41,-20,41
45,-21,40
45,-23,39
44,-24,40
43,-23,40
42,-22,41
43,-22,41
42,-22,41
42,-22,41
41,-22,41
42,-22,41
41,-23,41
41,-23,41
43,-23,41
42,-23,41
41,-23,41
41,-22,41
41,-23,41
42,-22,41
42,-23,41
42,-23,41
42,-22,41
42,-22,41
42,-22,41
42,-23,41
41,-23,41
42,-23,41
42,-23,41
42,-23,41
42,-23,41
42,-23,41
42,-22,41
42,-22,41
42,-22,41
42,-22,41
42,-23,41
42,-23,41
42,-22,41
42,-23,41
42,-23,41
42,-22,41
42,-22,41
42,-22,41
42,-23,41
42,-22,41
42,-22,41
42,-22,41
42,-22,41
42,-23,41
42,-22,41
42,-23,41
42,-22,41
42,-22,41
42,-22,41
42,-22,41
42,-22,41
42,-22,41
42,-22,41
42,-22,41
42,-22,41
42,-22,41
42,-22,41
42,-22,41
42,-22,41
42,-22,41
42,-22,41
42,-22,41
42,-22,41
42,-22,41
42,-22,41
42,-22,41
42,-22,41
42,-22,41
42,-22,41
42,-22,41
42,-22,41
42,-22,41
42,-22,41
42,-22,41
42,-22,41
42,-22,41
43,-22,41
42,-22,41
41,-22,41
43,-22,41
43,-22,41
42,-22,41
42,-22,41
42,-22,41
42,-22,41
42,-22,41
42,-22,41
42,-22,41
42,-22,41
42,-22,41
42,-22,41
42,-22,41
42,-22,41
42,-22,41
42,-22,41
42,-22,41
42,-22,41
42,-22,41
41,-22,41
42,-22,42
42,-22,41
42,-22,41
41,-22,41
42,-22,41
42,-22,41
41,-22,42
42,-23,41
42,-22,41
42,-22,41
42,-22,41
42,-22,41
42,-22,41
42,-22,41
42,-22,41
42,-22,41
42,-22,42
41,-22,41
42,-22,41
42,-22,41
42,-22,42
42,-22,41
42,-22,41
41,-22,41
42,-22,41
42,-22,41
42,-22,42
42,-22,41
42,-22,41
42,-22,41
42,-22,41
42,-22,41
42,-22,41
42,-22,41
42,-22,41
42,-22,41
42,-22,41
42,-22,41
42,-22,41
42,-22,41
42,-22,41
42,-22,41
42,-22,41
42,-22,41
42,-22,41
42,-22,41
41,-22,41
42,-22,41
42,-22,41
42,-22,41
42,-22,41
42,-22,41
42,-22,41
42,-22,42
42,-22,41
42,-22,41
42,-22,41
42,-22,41
42,-22,41
42,-22,41
42,-22,42
42,-22,41
42,-22,41
42,-22,41
42,-22,41
42,-22,41
42,-22,41
42,-22,41
42,-22,41
42,-22,41
42,-22,41
42,-22,41
42,-22,41
42,-22,42
42,-22,41
42,-22,41
41,-22,42
42,-22,41
42,-22,41
41,-22,41
42,-22,41
42,-22,41
42,-22,42
42,-22,41
44,-22,41
42,-23,42
39,-22,42
41,-22,43
48,-24,44
42,-24,51
25,-23,48
35,-23,48
34,-25,52
26,-24,53
20,-24,55
13,-25,53
7,-25,55
10,-24,57
-1,-23,57
0,-24,58
0,-24,57
2,-25,58
1,-26,57
1,-26,58
1,-26,58
1,-26,58
0,-27,58
-1,-26,57
1,-25,58
2,-25,58
2,-29,57
3,-26,58
2,-26,58
1,-25,57
4,-33,56
3,-27,58
2,-27,57
3,-31,55
5,-32,55
4,-31,55
4,-31,55
4,-29,56
4,-30,55
4,-30,55
5,-32,55
4,-31,55
4,-31,55
4,-31,55
5,-31,55
4,-32,55
4,-32,54
5,-32,55
6,-33,54
5,-33,54
6,-32,54
7,-32,55
6,-32,54
6,-32,54
6,-33,55
6,-33,55
6,-33,53
6,-32,53
9,-33,54
9,-33,53
8,-33,53
9,-33,54
10,-33,53
8,-33,52
9,-33,54
10,-33,54
10,-33,53
9,-33,53
10,-33,54
10,-34,53
10,-34,53
9,-33,53
10,-34,54
10,-34,53
10,-34,53
10,-34,53
10,-34,53
10,-33,53
10,-34,53
10,-34,53
10,-33,53
10,-34,53
10,-34,53
10,-34,53
10,-34,53
10,-34,53
10,-34,53
10,-33,53
10,-34,53
10,-34,53
10,-34,53
10,-34,53
10,-34,53
10,-34,53
10,-34,53
10,-34,53
10,-33,53
10,-34,52
10,-34,53
10,-34,53
11,-34,53
10,-34,53
13,-35,53
13,-35,53
14,-22,52
12,-30,53
12,-31,54
10,-32,54
10,-31,53
13,-30,53
11,-32,55
11,-30,54
11,-29,54
12,-32,54
12,-32,54
11,-30,54
12,-31,54
12,-32,53
12,-32,53
12,-32,54
12,-33,53
12,-32,53
12,-32,53
12,-32,53
11,-31,54
12,-34,53
12,-32,53
12,-32,53
12,-32,53
12,-32,54
12,-32,53
12,-32,53
12,-32,53
12,-32,53
12,-32,53
12,-32,53
12,-31,53
12,-32,53
12,-33,53
12,-32,53
12,-32,53
11,-32,53
12,-32,53
12,-32,53
12,-32,53
12,-32,53
12,-32,53
12,-32,53
12,-32,53
12,-32,53
12,-32,53
12,-32,53
12,-32,53
12,-32,53
12,-32,53
12,-32,53
12,-32,53
12,-32,53
12,-32,53
12,-32,53
12,-32,53
12,-33,53
12,-32,53
12,-32,53
13,-32,53
13,-32,53
12,-32,53
12,-32,53
12,-32,53
12,-32,53
12,-33,53
12,-32,53
12,-32,53
12,-32,53
12,-32,53
12,-32,53
12,-32,53
12,-32,53
12,-32,53
12,-32,53
13,-33,53
12,-32,53
12,-32,53
12,-32,53
12,-32,53
12,-32,53
12,-32,53
12,-32,53
12,-32,53
12,-32,53
13,-32,53
12,-33,53
12,-33,53
13,-32,53
13,-32,53
12,-32,53
12,-32,53
12,-32,53
12,-32,53
12,-32,53
12,-32,53
12,-33,53
12,-33,53
12,-33,53
12,-32,53
12,-32,53
13,-32,53
12,-33,53
12,-32,53
12,-33,53
12,-33,53
12,-32,53
12,-32,53
12,-33,53
12,-33,53
12,-33,53
12,-33,53
12,-33,53
13,-33,53
12,-33,53
12,-33,53
13,-32,53
12,-33,53
12,-33,53
12,-33,53
12,-33,53
13,-33,53
13,-33,53
12,-33,53
12,-33,53
13,-33,53
13,-33,53
13,-33,53
12,-33,53
12,-33,53
12,-33,53
12,-33,53
13,-33,53
12,-33,53
12,-33,53
13,-33,53
12,-33,53
13,-33,53
12,-33,53
12,-33,53
13,-33,53
12,-33,53
13,-33,53
13,-33,52
13,-33,53
13,-33,53
12,-33,52
13,-33,53
13,-33,53
12,-33,53
12,-33,52
12,-33,53
13,-33,53
13,-33,53
12,-33,53
12,-33,53
13,-32,53
13,-33,53
13,-33,52
13,-33,53
12,-33,53
13,-33,53
13,-33,53
13,-33,53
13,-33,53
13,-33,53
12,-32,53
13,-33,53
13,-33,53
13,-33,53
13,-33,53
13,-33,53
13,-33,53
13,-33,53
13,-33,53
13,-33,53
13,-33,53
13,-33,53
13,-33,53
13,-33,53
13,-33,53
12,-33,52
13,-33,53
13,-33,53
13,-33,52
13,-33,53
12,-33,53
13,-33,53
13,-33,53
13,-33,53
13,-33,53
13,-33,53
13,-33,53
13,-33,53
13,-33,52
13,-33,53
13,-33,53
13,-33,53
13,-33,53
13,-33,53
13,-33,52
13,-33,53
13,-33,53
13,-33,53
13,-33,52
13,-33,53
13,-33,53
13,-33,53
13,-33,53
13,-33,52
12,-33,53
13,-33,52
13,-33,52
12,-33,53
12,-33,52
13,-33,53
13,-33,53
13,-33,52
13,-33,53
13,-33,53
13,-33,52
13,-33,52
13,-33,53
13,-33,52
13,-33,53
13,-33,52
13,-33,53
13,-33,53
13,-33,53
13,-33,53
13,-33,53
13,-33,53
13,-33,53
13,-33,53
13,-33,53
13,-33,53
13,-33,53
13,-33,53
13,-33,53
13,-33,53
13,-33,52
13,-33,53
13,-33,53
13,-33,53
13,-33,53
13,-33,52
13,-33,53
13,-33,53
13,-33,52
13,-33,53
13,-33,53
13,-33,53
13,-33,52
13,-33,53
13,-33,53
13,-33,52
13,-33,53
13,-33,53
13,-33,53
13,-33,53
13,-33,53
13,-33,53
13,-33,53
13,-33,52
13,-33,52
13,-33,53
13,-33,53
13,-33,53
13,-33,53
13,-33,52
13,-33,53
13,-33,53
13,-33,52
13,-33,53
13,-33,53
13,-33,53
13,-33,53
12,-33,52
13,-33,52
13,-33,53
13,-33,53
13,-33,52
13,-33,53
13,-33,52
13,-33,52
13,-33,53
13,-33,52
13,-33,52
13,-33,52
13,-33,52
13,-33,52
13,-33,53
13,-33,52
13,-33,52
13,-33,53
13,-33,52
13,-33,53
13,-33,52
13,-33,52
13,-33,52
13,-33,52
13,-33,52
13,-33,53
13,-33,52
12,-33,52
13,-33,53
12,-33,52
12,-33,52
13,-33,52
13,-33,52
13,-34,52
13,-34,52
12,-33,52
13,-33,53
13,-33,52
13,-33,52
13,-33,52
13,-33,53
13,-33,53
13,-33,52
13,-33,53
13,-33,52
13,-33,52
13,-33,53
13,-33,52
13,-33,52
13,-33,52
13,-33,53
13,-33,52
13,-33,52
13,-33,52
13,-33,52
13,-33,52
13,-33,53
13,-33,53
13,-33,52
13,-33,52
13,-33,52
13,-33,52
13,-33,53
13,-33,52
13,-33,52
13,-33,52
13,-34,52
13,-33,52
13,-33,52
13,-33,52
13,-33,52
13,-33,52
13,-33,52
13,-33,53
13,-33,53
13,-33,53
13,-33,53
13,-33,53
13,-33,53
13,-33,52
13,-33,53
13,-33,53
13,-33,53
13,-33,52
13,-33,52
13,-33,53
13,-33,53
12,-33,52
13,-33,53
13,-33,53
13,-32,52
12,-33,53
13,-33,52
15,-34,53
14,-33,52
14,-31,53
13,-33,52
13,-33,53
14,-35,53
13,-32,53
13,-32,52
14,-34,53
12,-32,53
13,-33,53
14,-33,54
13,-35,56
15,-39,63
12,-38,61
10,-33,60
9,-33,61
9,-33,58
5,-31,56
3,-30,54
3,-27,56
0,-28,55
-1,-26,54
-3,-24,54
-2,-24,54
-5,-22,53
-5,-22,53
-5,-23,56
-7,-23,56
-6,-24,57
-6,-24,58
-7,-22,57
-6,-23,58
-5,-23,57
-6,-23,57
-6,-22,58
-6,-25,58
-7,-24,58
-7,-23,59
-5,-25,61
-8,-24,58
-8,-24,58
-6,-24,59
-6,-23,60
-7,-24,58
-7,-24,58
-6,-23,59
-5,-24,59
-7,-24,58
-7,-24,58
-6,-24,58
-6,-24,59
-6,-24,58
-5,-24,61
-6,-20,56
-7,-24,58
-6,-21,58
-5,-26,58
-5,-25,58
-4,-25,60
-5,-26,59
-6,-24,59
-4,-27,60
-6,-24,59
-6,-25,58
-5,-25,58
-5,-25,58
-5,-24,57
-4,-25,58
-4,-26,58
-4,-25,58
-5,-24,56
-4,-24,56
-4,-23,55
-4,-23,53
-4,-23,52
-4,-23,49
-2,-24,47
3,-25,47
4,-28,48
5,-29,48
10,-31,52
21,-40,73
18,-40,71
21,-41,62
21,-43,63
17,-36,48
17,-35,45
15,-34,49
16,-37,51
14,-38,53
15,-35,50
13,-34,49
14,-36,51
14,-38,51
14,-37,50
14,-36,50
15,-37,51
15,-39,56
17,-41,59
14,-39,67
12,-39,67
10,-41,65
7,-36,65
3,-33,61
3,-31,58
-3,-27,52
-4,-26,52
-3,-28,50
-8,-23,48
-7,-22,49
-9,-20,48
-10,-20,47
-12,-20,48
-12,-21,51
-13,-22,53
-16,-23,52
-15,-23,55
-14,-23,58
-13,-22,60
-14,-23,57
-17,-22,56
-14,-23,58
-12,-22,59
-12,-22,57
-16,-21,53
-15,-22,56
-7,-25,60
-7,-24,59
-15,-19,59
-14,-21,58
-10,-23,58
-11,-23,60
-12,-23,61
-8,-21,61
-9,-23,63
-9,-25,59
-11,-24,58
-7,-24,61
-6,-21,63
-9,-22,61
-11,-23,59
-15,-17,59
-12,-15,57
-13,-20,54
-14,-22,52
-13,-23,52
-11,-22,51
-12,-24,50
-13,-27,53
-15,-30,48
-11,-30,49
-11,-30,51
-10,-30,51
5,-27,50
8,-28,52
9,-23,49
7,-25,48
74,-25,100
28,-25,80
13,-27,44
32,-43,52
9,-42,56
29,-41,53
21,-38,47
24,-31,50
39,-28,43
46,-27,46
36,-34,43
40,-40,36
47,-38,36
48,-34,38
45,-36,37
46,-43,34
42,-45,34
30,-51,30
33,-53,29
52,-79,36
46,-91,32
34,-78,49
40,-70,52
24,-60,33
21,-54,34
34,-48,48
31,-45,48
16,-43,29
18,-38,28
21,-35,31
19,-35,40
15,-34,37
10,-34,35
8,-34,37
9,-35,44
9,-35,48
-2,-30,41
-3,-29,39
-3,-23,42
0,-21,48
-6,-26,50
-11,-23,45
-5,-18,51
-4,-13,57
-12,-19,51
-13,-21,49
-12,-15,54
-12,-16,54
-16,-15,51
-15,-20,50
-15,-17,55
-13,-18,58
-12,-20,58
-14,-20,59
-16,-22,60
-15,-16,61
-16,-13,60
-16,-19,59
-15,-19,61
-13,-18,59
-15,-16,59
-15,-17,62
-13,-16,60
-12,-16,59
-13,-15,60
-12,-13,56
-11,-17,61
-13,-21,60
-12,-23,59
-15,-16,58
-17,-15,59
-16,-14,64
-12,-14,67
-9,-16,63
-9,-33,53
-16,-10,52
-12,-24,53
-10,-19,53
-12,-19,51
-10,-18,50
-10,-21,46
-11,-22,43
-6,-20,38
-5,-20,37
0,-23,37
4,-21,36
7,-24,37
12,-31,44
12,-35,42
12,-37,38
15,-41,41
14,-43,42
16,-47,41
16,-48,38
14,-51,42
15,-54,43
22,-54,48
18,-57,49
17,-59,53
17,-56,46
21,-51,38
23,-59,46
48,-57,85
41,-47,39
27,-41,33
38,-49,48
38,-48,27
34,-49,34
32,-50,40
29,-48,38
30,-48,39
31,-44,44
28,-45,47
18,-42,49
16,-40,57
28,-31,63
36,-30,70
31,-21,60
21,-28,54
2,-21,46
11,-20,56
4,-30,57
-3,-29,50
-7,-30,50
-2,-32,60
-7,-32,57
-11,-29,51
3,-29,62
2,-23,60
-8,-23,50
-5,-25,52
-1,-21,58
1,-22,59
-7,-31,51
-2,-26,57
-3,-29,58
-5,-24,54
-6,-27,55
-2,-31,61
-2,-29,58
-6,-26,55
-7,-27,56
-2,-28,59
-1,-26,55
-1,-22,54
-4,-23,51
2,-21,60
3,-18,64
-6,-24,52
-3,-29,56
3,-30,65
-1,-29,62
-3,-25,63
2,-23,66
-4,-21,71
-21,-27,46
-8,-23,53
-9,-21,55
-7,-16,55
-7,-16,53
-8,-17,53
-8,-17,58
-9,-16,59
-8,-22,61
3,-29,67
3,-43,67
2,-46,65
19,-51,71
20,-49,70
14,-49,66
18,-51,68
21,-51,68
18,-48,65
16,-45,67
19,-45,65
18,-40,64
17,-40,63
18,-35,55
21,-33,53
14,-30,50
12,-27,50
13,-22,44
15,-20,42
16,-14,42
7,-12,39
7,-10,38
15,-8,44
12,-13,50
-2,-13,42
6,-12,46
10,-15,58
3,-17,55
1,-18,50
6,-17,55
5,-19,60
-1,-19,53
5,-17,55
5,-18,61
4,-16,60
3,-18,57
3,-12,60
4,-14,63
5,-16,61
2,-17,57
4,-15,63
4,-16,65
2,-12,55
-2,-12,52
12,-16,72
9,-17,64
2,-13,51
4,-16,59
2,-16,63
3,-18,63
-1,-16,66
-1,-16,69
4,-10,67
11,-13,70
11,-25,67
-1,-16,51
3,-21,50
2,-21,56
2,-18,56
3,-18,51
2,-17,49
0,-21,49
0,-22,48
3,-20,44
5,-20,46
5,-23,44
5,-22,41
11,-25,46
9,-26,46
8,-24,39
10,-23,39
11,-27,42
9,-28,42
11,-28,41
15,-30,45
13,-33,47
17,-35,51
19,-37,53
22,-45,56
23,-50,63
20,-51,58
20,-48,54
23,-51,63
24,-53,63
16,-47,59
17,-44,59
35,-60,102
23,-63,91
18,-34,43
23,-54,54
1,-18,66
-2,-25,60
0,-23,60
-2,-21,62
-4,-19,51
-11,-17,47
-5,-22,58
-5,-22,62
-17,-25,60
-12,-25,63
-10,-24,57
-9,-25,57
-6,-25,58
-10,-26,54
-9,-29,53
-9,-28,56
-9,-26,56
-11,-25,58
-10,-26,59
-11,-24,58
-9,-25,58
-7,-27,58
-6,-27,58
-12,-28,54
-19,-24,50
-6,-29,60
-1,-26,60
-11,-22,54
-6,-32,56
-6,-30,57
-4,-27,57
-8,-29,56
-4,-32,58
3,-29,55
-11,-33,50
-5,-29,58
-4,-30,56
-8,-24,58
-4,-27,64
-5,-29,61
-7,-27,60
-1,-29,66
1,-22,73
-1,-27,62
5,-34,33
1,-24,49
-9,-26,58
-6,-24,60
-2,-21,57
-2,-22,55
-9,-22,62
-4,-25,59
4,-22,64
11,-24,85
1,-14,55
8,-20,36
17,-17,64
17,-17,60
16,-27,58
25,-33,62
27,-45,57
27,-64,55
27,-50,76
30,-66,73
32,-63,71
25,-50,59
14,-44,57
21,-37,57
18,-35,54
12,-34,50
18,-36,55
17,-33,52
15,-32,51
13,-31,48
12,-31,45
7,-27,41
7,-26,39
5,-20,36
1,-19,37
-4,-20,39
-1,-17,41
-4,-15,42
-9,-17,46
-5,-16,51
-4,-15,51
-9,-10,53
-11,-7,56
-13,-13,56
-13,-11,54
-17,-10,55
-15,-10,57
-12,-11,61
-20,-7,50
-20,-10,49
-10,-13,65
-10,-13,66
-12,-9,57
-18,-12,51
-11,-13,65
-9,-15,68
-4,-11,63
-14,-15,52
-17,-10,61
-11,-11,72
-9,-13,65
-9,-14,60
-10,-11,60
-11,-12,64
-9,-9,70
0,-8,79
-5,-16,65
-14,-27,44
-6,-17,48
-5,-13,56
-5,-12,57
-5,-11,54
-2,-13,52
-1,-13,52
-4,-12,48
-4,-12,45
-1,-16,44
2,-18,45
1,-17,43
10,-26,50
6,-26,48
7,-30,47
8,-32,50
11,-32,49
11,-31,49
7,-30,45
8,-30,46
12,-30,47
12,-32,47
10,-32,46
12,-32,46
18,-42,56
17,-48,60
11,-50,53
18,-47,55
26,-53,74
24,-56,75
18,-44,53
21,-38,53
22,-38,60
18,-40,58
25,-46,81
25,-69,67
15,-25,53
8,-35,66
9,-28,73
12,-33,63
-4,-30,59
24,-41,74
20,-29,71
3,-20,57
0,-21,54
0,-21,57
1,-19,58
-1,-19,60
-3,-19,59
-10,-17,55
-8,-18,56
-22,-29,45
-18,-15,50
-9,-19,57
-5,-20,63
-6,-19,63
-6,-21,61
-11,-16,59
-12,-14,58
-7,-15,63
-4,-17,66
-4,-21,58
-6,-14,58
-8,-15,59
-3,-16,63
0,-16,62
-5,-16,57
-5,-15,60
0,-21,62
-2,-18,59
-3,-11,62
-8,-21,63
0,-13,57
-1,-18,64
-1,-22,63
0,-21,64
-4,-20,66
-4,-23,69
-12,-11,66
2,-14,70
-2,-9,61
-13,-19,55
-7,-13,55
-3,-12,55
-8,-8,52
-7,-7,54
-5,-9,60
-9,-9,62
-7,-11,64
-8,-9,63
-8,-7,68
-3,-14,76
-5,-14,72
7,-20,78
11,-25,85
12,-29,77
12,-30,71
15,-34,80
18,-36,80
11,-28,69
12,-25,72
14,-21,75
9,-20,71
7,-20,70
9,-22,72
8,-21,66
3,-21,62
8,-22,59
5,-22,52
6,-21,50
5,-19,47
3,-16,45
4,-17,46
4,-15,47
7,-14,45
0,-12,45
5,-8,48
5,-8,47
0,-5,47
-3,-2,46
5,-3,54
2,-5,58
1,-9,62
3,-10,65
2,-11,66
1,-11,64
1,-9,60
4,-8,61
3,-7,61
1,-9,59
3,-10,58
3,-10,60
2,-14,62
4,-14,62
0,-14,62
0,-14,64
1,-13,65
-2,-12,62
-3,-6,58
2,-11,68
2,-18,64
-5,-10,58
1,-9,64
9,-11,60
3,-13,60
-2,-8,60
-4,-5,55
3,-16,69
1,-17,68
-4,-10,64
-6,-13,71
10,-11,83
8,-8,71
0,2,48
-2,-14,46
-5,-10,50
1,-13,50
0,-15,43
-1,-17,42
7,-23,49
5,-22,46
7,-25,47
13,-27,53
11,-26,49
7,-25,45
11,-25,45
12,-25,48
9,-28,46
10,-28,46
13,-30,50
13,-38,54
13,-39,54
17,-36,55
18,-40,59
12,-41,53
13,-38,49
19,-41,58
18,-41,59
15,-38,49
15,-38,45
19,-44,53
18,-43,52
14,-41,46
16,-42,49
20,-45,58
15,-42,54
18,-41,51
23,-39,59
18,-38,63
19,-39,67
8,-39,64
14,-33,57
14,-42,54
6,-37,61
0,-34,61
8,-31,74
-6,-29,62
17,-36,59
11,-21,53
6,-17,57
1,-20,55
-4,-23,53
-2,-24,55
-2,-20,59
-5,-19,60
-4,-18,58
-4,-19,59
-5,-23,61
-12,-26,60
-6,-24,61
-7,-24,59
-10,-20,56
-4,-23,57
-2,-21,58
-1,-21,60
-4,-20,58
-2,-19,59
-1,-26,60
0,-23,61
-1,-25,60
-4,-20,59
0,-33,60
-5,-21,56
-2,-22,60
1,-26,59
-1,-28,57
-2,-25,60
-2,-24,60
-1,-24,56
-3,-23,58
1,-26,63
2,-26,60
-3,-18,53
-2,-19,57
8,-25,63
-1,-20,57
-5,-22,54
0,-18,57
7,-25,61
5,-26,58
3,-25,57
4,-28,61
2,-27,71
-3,-12,78
-14,-30,44
-7,-22,52
2,-21,59
-3,-14,53
-1,-13,54
-2,-14,58
-4,-12,59
-2,-16,63
-4,-18,65
0,-16,66
2,-15,66
8,-24,72
11,-28,74
16,-32,72
18,-37,74
19,-48,81
19,-48,78
16,-43,74
15,-39,72
11,-32,67
11,-31,67
9,-29,63
9,-30,61
15,-25,59
14,-22,55
13,-23,57
13,-24,55
10,-19,51
8,-17,51
9,-17,52
3,-16,47
-4,-16,46
3,-11,48
7,-13,51
-4,-18,49
-5,-17,47
0,-13,53
-1,-13,54
-3,-11,49
-4,-9,48
-4,-10,52
-4,-8,54
-5,-8,56
-5,-8,56
-5,-6,60
-4,-7,61
-6,-6,61
-5,-6,62
-8,-7,62
-7,-8,62
-7,-7,61
-8,-7,61
-6,-7,62
-7,-7,62
-6,-8,64
-7,-8,64
-8,-8,64
-7,-8,63
-6,-9,64
-10,-9,62
-7,-9,63
-6,-10,64
-8,-9,63
-7,-10,63
-7,-10,62
-9,-9,62
-8,-9,63
-9,-13,61
-8,-8,62
-6,-9,62
-7,-10,61
-7,-8,64
-7,-6,65
-4,-8,61
-7,-9,58
-9,-7,65
-1,-6,66
-9,-9,57
-9,-4,58
-6,-7,64
-5,-9,58
-4,-11,66
-9,-10,65
-12,-10,64
-6,-17,72
6,-10,81
-25,-29,41
-11,0,53
-6,-14,61
-7,-11,62
-5,-11,56
-5,-12,56
-2,-12,60
-2,-11,61
-4,-13,61
-2,-14,63
-4,-13,62
-4,-12,60
-3,-14,61
-4,-14,60
-3,-14,58
-1,-14,58
-4,-16,57
-3,-16,58
0,-16,58
-1,-17,57
1,-19,53
2,-18,52
4,-19,47
3,-20,43
3,-19,41
8,-24,47
8,-27,51
6,-24,46
10,-27,51
11,-33,62
8,-30,58
12,-29,56
13,-28,55
11,-24,54
15,-27,56
14,-33,56
14,-35,56
18,-37,62
15,-40,62
13,-39,58
12,-34,54
16,-34,63
14,-39,65
10,-39,57
14,-35,59
12,-28,60
11,-31,61
12,-36,59
9,-34,55
10,-28,54
12,-31,56
12,-32,55
11,-35,57
14,-38,64
15,-59,86
8,-58,80
7,-30,67
1,-15,63
-3,-5,60
-1,-5,58
-2,-15,53
-5,-21,56
-1,-26,63
-2,-25,60
-6,-18,54
-5,-16,54
-4,-15,56
-6,-15,54
-4,-18,62
-6,-18,62
-9,-16,60
-8,-14,62
-8,-14,60
-10,-15,60
-9,-15,63
-9,-15,62
-11,-15,60
-8,-13,61
-9,-12,60
-10,-11,58
-9,-11,58
-9,-12,55
-10,-13,55
-6,-14,57
-5,-14,54
-8,-15,47
-8,-15,45
-6,-18,45
-6,-19,42
13,-26,53
15,-27,58
6,-29,54
1,-28,50
41,-17,125
1,-23,114
-28,-20,42
-14,-16,40
2,-22,58
-1,-24,61
-3,-25,62
-5,-26,62
-15,-24,52
-9,-19,57
-6,-18,63
-6,-18,65
-7,-19,63
-4,-23,59
-2,-23,59
4,-25,61
4,-24,60
0,-21,60
0,-22,61
0,-21,60
-2,-20,59
-1,-21,61
1,-21,61
1,-21,60
0,-22,60
0,-22,61
-1,-22,60
-2,-22,60
-1,-22,60
-2,-21,59
-2,-21,60
-1,-21,61
-1,-22,60
-1,-22,60
-2,-22,60
-1,-21,60
-1,-22,60
-1,-22,60
-1,-21,60
-1,-21,60
-1,-21,60
-1,-21,60
-1,-21,60
-1,-21,60
-1,-21,60
-1,-21,60
-1,-21,60
-1,-21,60
-1,-21,60
-1,-21,60
-1,-21,60
-1,-21,60
-1,-21,60
-1,-21,60
-1,-21,60
0,-20,60
0,-21,60
0,-21,60
0,-21,60
0,-21,60
-1,-21,61
-1,-21,60
-1,-21,60
0,-21,60
-1,-21,60
-1,-21,60
0,-21,60
0,-21,60
-1,-21,60
-1,-21,60
0,-21,60
-1,-21,60
-1,-21,60
0,-21,60
0,-21,60
-1,-21,60
-1,-21,60
-1,-21,60
0,-21,60
0,-21,60
-1,-21,60
-1,-21,60
0,-21,60
-1,-21,60
-1,-21,60
-1,-21,60
-1,-21,60
-1,-21,60
-1,-21,60
0,-21,60
0,-21,60
-1,-20,60
-1,-21,60
0,-21,60
0,-21,60
0,-20,60
-1,-20,60
0,-20,60
-1,-21,60
0,-21,60
0,-20,60
0,-20,61
-1,-21,60
-1,-21,60
0,-21,60
0,-20,61
-1,-20,60
0,-20,60
-1,-20,60
0,-21,60
0,-20,61
-1,-21,60
-1,-20,60
-1,-20,60
0,-20,60
-1,-20,60
-1,-20,60
0,-20,60
0,-20,61
-1,-20,60
0,-20,60
0,-20,60
0,-20,60
0,-20,60
0,-20,60
0,-20,60
-1,-20,60
-1,-20,60
0,-20,60
0,-20,61
-1,-20,60
0,-20,60
0,-20,60
0,-20,61
-1,-20,61
0,-20,60
0,-20,60
0,-20,60
0,-20,60
0,-20,60
-1,-20,60
0,-20,60
0,-20,60
0,-20,60
0,-20,60
0,-21,60
-1,-20,60
0,-20,60
-1,-20,60
-1,-20,60
-1,-20,60
-1,-20,60
0,-20,60
0,-20,60
-1,-20,60
0,-20,60
-1,-21,60
-1,-20,60
0,-20,61
-1,-21,60
-1,-21,60
0,-21,60
0,-21,60
0,-21,61
-1,-20,60
-1,-20,60
0,-20,61
0,-21,60
0,-21,60
-1,-21,60
-1,-20,60
-1,-21,60
0,-20,60
0,-20,60
0,-20,60
-1,-20,60
0,-20,60
-1,-20,60
-1,-20,61
0,-20,61
0,-20,61
-1,-20,60
-1,-20,61
0,-20,60
-1,-21,60
0,-20,60
0,-20,61
-1,-20,60
-1,-20,60
0,-20,60
0,-20,61
0,-20,60
-1,-20,60
-1,-20,60
0,-20,60
0,-20,61
-1,-20,60
-1,-20,60
0,-20,61
-1,-20,60
0,-20,60
-1,-20,61
-1,-20,60
0,-20,61
0,-20,60
-1,-20,60
0,-20,60
0,-20,60
0,-20,60
0,-20,60
-1,-20,61
-1,-20,60
0,-20,60
-1,-20,60
0,-20,61
0,-20,61
-1,-20,60
-1,-20,60
0,-20,60
0,-20,60
0,-20,61
0,-20,60
0,-20,60
0,-20,61
0,-20,60
0,-20,60
-1,-20,60
0,-20,61
0,-20,60
0,-20,60
0,-20,61
0,-20,60
0,-20,60
0,-20,61
0,-20,60
0,-20,60
0,-20,61
-1,-20,60
-1,-20,60
0,-20,60
-1,-20,60
0,-20,60
0,-20,60
-1,-20,60
0,-20,60
0,-20,61
-1,-20,61
-1,-20,60
0,-20,61
0,-20,61
0,-20,61
0,-20,61
-1,-20,60
0,-20,60
0,-20,61
0,-20,60
-1,-20,61
-1,-20,61
-1,-20,60
-1,-20,60
0,-20,60
0,-20,61
0,-20,60
-1,-20,61
-1,-20,61
0,-20,60
0,-20,60
-1,-20,60
-1,-20,60
-1,-20,61
0,-20,60
1,-19,61
1,-19,61
-1,-19,61
-1,-20,61
-3,-21,59
-4,-22,59
-3,-22,59
-3,-22,59
-2,-21,60
-2,-21,61
-2,-20,60
-2,-20,60
-1,-20,60
-1,-20,60
-2,-21,60
-2,-21,60
-2,-20,61
-1,-20,60
1,-20,60
1,-19,61
1,-19,61
1,-18,61
1,-18,61
1,-18,61
1,-18,61
1,-19,61
1,-19,61
1,-19,61
2,-19,61
1,-19,61
1,-18,61
1,-18,61
1,-18,61
0,-19,61
1,-19,61
1,-19,61
1,-19,61
0,-19,61
0,-19,60
1,-18,61
1,-18,61
0,-19,60
1,-19,60
1,-19,61
1,-18,61
1,-19,60
1,-19,60
1,-18,61
1,-19,61
1,-18,61
1,-18,61
1,-19,61
0,-19,61
-1,-20,61
0,-19,61
0,-19,61
0,-18,61
0,-19,61
-2,-19,60
-4,-21,61
0,-20,60
1,-20,60
-1,-19,61
-2,-19,61
1,-19,60
2,-19,60
-1,-19,61
-1,-19,61
-1,-20,61
0,-20,61
-1,-20,60
-1,-20,61
-1,-21,61
0,-21,61
-1,-20,63
1,-20,62
-4,-17,60
-2,-17,63
-1,-21,63
-2,-21,61
11,-19,58
18,-18,64
0,-13,59
-5,-15,53
-2,-13,52
22,-17,57
39,-17,61
29,-13,56
25,-14,55
19,-21,60
17,-21,59
14,-23,52
14,-24,53
20,-25,55
22,-26,51
31,-25,55
29,-27,60
16,-23,51
15,-23,45
19,-25,47
19,-29,47
27,-26,62
29,-28,51
33,-34,65
33,-33,66
37,-33,50
38,-31,45
39,-30,42
40,-31,39
41,-34,41
50,-35,32
50,-36,29
50,-37,30
49,-38,29
45,-39,24
47,-39,25
47,-45,21
43,-46,18
42,-47,20
43,-48,15
39,-48,17
37,-49,18
43,-51,20
40,-53,19
38,-56,22
23,-54,18
14,-59,12
11,-58,10
15,-76,4
13,-76,4
11,-65,0
12,-59,-3
11,-55,0
11,-53,4
14,-51,9
16,-52,8
18,-54,6
14,-54,3
13,-56,1
14,-58,0
16,-59,-1
21,-63,-1
23,-63,1
25,-63,2
26,-64,2
27,-66,3
27,-64,3
23,-65,3
22,-64,2
20,-63,1
20,-64,1
20,-67,0
20,-65,1
19,-54,6
19,-54,8
21,-58,15
21,-59,15
14,-61,10
10,-60,7
6,-64,8
5,-62,11
-15,-85,30
-71,-56,40
-15,-46,22
5,-51,11
9,-55,13
17,-61,17
18,-62,16
17,-61,10
14,-59,8
9,-59,7
10,-61,8
15,-59,9
13,-58,9
12,-59,11
12,-59,14
8,-62,18
3,-64,20
1,-66,25
1,-69,26
4,-71,20
5,-72,17
5,-70,10
11,-65,8
6,-65,3
3,-65,1
11,-62,4
13,-61,5
16,-63,6
15,-65,5
13,-63,1
14,-60,-1
14,-60,-1
16,-59,1
17,-57,0
18,-55,0
18,-56,0
18,-60,2
17,-61,2
16,-60,3
16,-61,4
15,-64,6
15,-65,8
14,-64,11
13,-64,14
12,-66,18
10,-64,18
-54,-87,21
-12,-76,31
17,-55,20
19,-57,14
16,-55,8
16,-53,7
14,-51,7
12,-52,6
12,-55,5
11,-57,4
11,-56,5
11,-56,8
11,-57,10
-7,-66,12
-18,-68,19
-3,-58,27
8,-56,27
23,-57,27
29,-61,27
33,-71,24
27,-70,23
20,-69,13
22,-68,10
21,-67,4
16,-64,1
12,-57,0
14,-58,2
24,-64,5
24,-63,3
21,-59,-1
22,-56,-3
25,-55,-4
26,-54,-4
26,-51,-1
24,-47,2
22,-45,2
19,-47,5
18,-48,7
18,-53,8
17,-55,9
15,-60,9
15,-60,9
17,-70,5
22,-85,6
27,-94,6
26,-85,7
23,-69,12
23,-64,13
20,-56,4
16,-58,-2
10,-59,-10
8,-58,-12
13,-52,-10
17,-48,-8
21,-47,-7
21,-47,-5
18,-51,-2
15,-53,-2
-8,-64,3
-41,-65,13
14,-50,8
24,-64,3
30,-66,16
33,-71,15
27,-78,5
19,-86,4
16,-83,5
11,-71,1
10,-71,0
15,-71,2
17,-72,1
20,-71,1
21,-71,0
24,-66,-5
23,-64,-9
34,-68,-13
41,-67,-11
39,-65,-22
38,-69,-23
32,-66,-19
29,-61,-18
24,-60,-10
23,-57,-2
21,-49,3
27,-48,10
39,-50,8
22,-44,7
44,-43,35
63,-50,53
54,-36,36
46,-30,17
49,-26,9
52,-32,9
49,-31,9
35,-30,16
35,-26,15
42,-29,8
44,-29,4
41,-27,5
36,-32,7
35,-35,5
48,-34,6
61,-33,11
67,-36,15
59,-52,14
58,-48,19
66,-35,8
75,-29,14
56,-30,10
55,-33,11
45,-29,-8
45,-34,-12
56,-38,-18
56,-37,-16
46,-37,1
46,-33,1
38,-35,0
43,-36,-9
73,-35,8
81,-35,-5
48,-32,-11
49,-35,2
49,-29,-3
71,-26,-1
47,-30,-1
56,-32,4
55,-30,-2
37,-36,14
42,-40,10
44,-43,-7
58,-39,2
62,-35,5
58,-35,7
50,-30,6
37,-30,-9
51,-45,-10
58,-47,-2
39,-44,3
35,-41,7
34,-39,6
24,-45,8
18,-48,10
31,-55,10
38,-59,7
38,-64,5
34,-67,5
22,-69,4
17,-68,4
12,-67,1
11,-67,1
13,-73,3
14,-74,4
15,-70,9
13,-67,11
9,-55,12
9,-54,10
15,-64,6
17,-68,6
13,-64,4
11,-60,3
11,-58,4
13,-58,5
17,-57,5
18,-59,5
18,-63,6
17,-65,4
14,-66,2
16,-67,3
19,-70,5
21,-68,8
18,-51,8
15,-47,3
15,-55,2
10,-64,5
5,-63,7
1,-55,21
7,-50,26
12,-52,22
13,-55,23
12,-59,24
12,-60,21
12,-63,19
11,-65,19
0,-67,19
9,-64,12
25,-62,12
20,-64,6
19,-76,-1
19,-73,1
15,-54,1
14,-51,0
16,-59,1
17,-60,3
17,-55,1
15,-53,0
17,-55,2
19,-57,3
19,-60,3
18,-62,4
18,-62,5
17,-63,4
16,-62,3
18,-60,4
18,-60,6
19,-62,9
18,-65,9
18,-77,7
16,-79,5
13,-78,4
16,-76,6
18,-66,6
17,-60,5
13,-63,5
9,-69,8
-28,-60,6
-24,-53,-1
-8,-50,-5
1,-50,-1
12,-50,5
14,-51,6
14,-53,5
14,-55,5
13,-53,7
14,-52,12
13,-56,15
6,-62,23
13,-62,25
27,-60,16
22,-59,12
18,-62,5
21,-73,4
30,-71,5
27,-69,5
21,-59,7
17,-57,7
20,-69,5
21,-77,1
17,-77,-4
12,-74,-5
6,-64,-3
4,-62,-4
9,-60,-4
11,-60,-3
14,-59,-4
15,-57,-4
13,-53,-4
12,-55,-4
13,-60,-5
14,-58,-4
15,-58,-2
16,-58,4
18,-58,7
22,-62,11
22,-63,11
19,-62,8
17,-62,8
10,-64,11
12,-63,11
20,-62,13
23,-62,13
19,-61,12
17,-62,11
13,-61,11
12,-60,10
10,-60,8
8,-61,8
11,-62,5
12,-63,4
12,-60,6
11,-59,6
11,-60,6
11,-60,5
12,-60,6
14,-60,7
17,-62,9
17,-61,7
16,-62,7
16,-62,8
17,-62,9
17,-61,8
17,-61,7
17,-61,7
17,-61,7
16,-61,5
15,-61,5
16,-61,5
16,-61,4
15,-61,5
15,-61,5
13,-60,5
13,-60,5
12,-61,6
12,-60,6
12,-60,6
11,-61,6
10,-60,7
10,-60,7
12,-60,8
12,-61,9
13,-61,9
13,-61,8
14,-61,9
15,-60,9
15,-60,7
15,-61,7
15,-61,7
16,-59,8
16,-59,9
15,-61,10
14,-62,10
14,-61,9
14,-61,10
13,-60,9
13,-60,7
13,-60,7
13,-60,6
13,-60,7
13,-60,7
13,-61,7
13,-61,9
14,-61,10
14,-62,9
14,-61,8
14,-60,8
14,-59,7
14,-61,7
14,-61,6
13,-61,6
13,-61,7
13,-60,8
15,-61,9
14,-61,8
14,-61,8
16,-61,8
16,-61,7
14,-60,6
14,-60,6
14,-60,6
13,-60,6
14,-60,6
14,-60,7
15,-61,8
15,-61,8
15,-61,8
16,-60,8
16,-60,7
16,-60,7
15,-60,5
15,-60,5
15,-61,6
15,-61,6
14,-60,7
15,-60,8
15,-60,5
15,-60,5
15,-61,6
15,-61,6
14,-60,7
15,-60,8
15,-61,8
15,-61,7
16,-61,7
16,-61,6
16,-60,6
16,-61,5
16,-61,5
15,-60,6
15,-60,6
15,-61,7
15,-61,7
16,-60,7
16,-61,6
16,-61,7
16,-61,6
16,-60,6
15,-60,6
16,-60,5
15,-60,5
15,-60,5
15,-60,5
16,-60,6
16,-61,6
17,-61,7
17,-60,7
17,-60,7
17,-60,7
17,-60,7
17,-60,7
17,-60,6
17,-60,6
17,-60,7
17,-60,7
16,-60,7
16,-60,7
17,-60,7
17,-60,7
16,-60,7
16,-61,6
16,-61,6
15,-59,6
16,-59,6
16,-60,7
16,-60,7
16,-61,8
17,-61,7
16,-60,7
16,-60,7
16,-60,7
16,-60,6
15,-59,6
16,-60,6
16,-60,6
15,-60,6
15,-59,6
16,-60,5
15,-59,6
16,-59,5
17,-60,6
16,-61,5
17,-60,5
18,-61,7
19,-59,6
18,-60,6
19,-60,7
19,-60,6
18,-61,6
19,-61,7
18,-62,7
18,-61,6
18,-60,6
18,-60,6
17,-60,6
18,-61,6
18,-61,6
18,-62,6
17,-62,7
17,-61,7
16,-61,8
15,-61,8
15,-61,7
15,-61,7
15,-61,7
16,-61,6
15,-61,5
15,-61,4
16,-61,4
15,-61,4
15,-60,3
15,-60,3
15,-60,2
15,-60,2
14,-58,2
14,-59,3
13,-60,4
12,-60,3
11,-62,1
12,-62,1
13,-60,2
13,-58,3
13,-56,4
13,-56,5
12,-57,6
12,-58,7
13,-61,7
13,-60,7
14,-57,6
15,-58,7
17,-63,6
17,-64,6
18,-68,6
20,-74,5
20,-72,5
19,-63,5
19,-61,6
20,-62,8
19,-63,7
14,-63,5
13,-65,4
16,-67,3
17,-67,2
17,-64,0
17,-62,0
17,-60,-1
17,-60,-1
17,-59,-1
16,-58,-2
14,-57,-2
14,-56,-2
15,-55,-2
15,-56,-2
17,-59,0
17,-57,0
18,-58,4
18,-58,8
18,-59,9
11,-65,10
-1,-76,18
2,-61,42
-1,-59,26
10,-60,16
13,-62,15
12,-62,7
12,-63,5
13,-62,4
14,-61,3
15,-61,4
15,-61,4
14,-63,4
13,-63,4
12,-63,5
12,-63,5
10,-61,7
9,-61,7
6,-61,8
4,-62,8
3,-62,9
2,-63,9
4,-64,8
10,-64,8
13,-63,7
12,-63,6
13,-61,5
14,-61,4
15,-61,3
16,-61,2
16,-61,2
18,-61,2
18,-61,2
19,-60,2
19,-60,2
19,-61,3
19,-60,3
19,-59,3
20,-61,4
19,-62,4
18,-60,3
18,-60,4
19,-60,5
19,-62,5
18,-63,5
18,-61,6
17,-61,6
17,-62,7
16,-62,8
16,-63,7
15,-64,7
14,-66,6
13,-66,5
13,-64,4
13,-62,5
13,-61,4
11,-60,3
11,-60,2
13,-61,1
13,-60,1
14,-56,1
15,-55,1
15,-56,3
15,-56,4
15,-60,5
15,-61,6
14,-63,7
12,-65,8
15,-66,20
18,-62,21
23,-59,18
23,-59,16
19,-58,13
17,-58,10
17,-59,10
19,-60,11
20,-59,11
20,-59,11
21,-60,12
22,-61,12
26,-61,11
40,-61,17
43,-61,18
44,-59,13
49,-59,14
51,-60,11
52,-59,9
54,-55,6
56,-54,5
52,-46,6
52,-41,7
51,-35,7
49,-32,6
45,-27,5
41,-25,5
33,-19,4
39,-19,2
49,-18,1
54,-19,0
53,-18,-5
31,-21,21
57,-4,-4
61,-7,9
45,-33,-16
99,0,2
70,14,6
55,9,-15
62,13,-18
64,13,-22
52,10,-23
58,11,-23
60,10,-23
62,13,-23
57,10,-20
62,9,-22
58,9,-22
59,9,-22
60,9,-22
58,9,-21
58,10,-20
60,8,-22
61,8,-21
56,8,-21
58,8,-21
68,5,-15
69,5,-15
69,6,-14
70,3,-8
57,-8,1
49,-13,2
51,-14,-2
51,-16,-2
47,-18,1
51,-18,3
53,-19,4
54,-23,2
52,-22,2
47,-24,4
47,-25,5
46,-29,5
45,-32,5
44,-38,5
47,-42,6
49,-51,5
47,-52,4
46,-57,2
49,-60,2
47,-64,3
45,-64,2
38,-66,1
36,-66,1
33,-65,4
32,-65,6
30,-64,8
29,-63,9
26,-62,10
25,-62,11
21,-61,13
19,-60,11
19,-61,11
19,-63,12
18,-62,11
16,-63,10
16,-62,10
12,-62,9
13,-63,10
6,-62,6
6,-63,6
8,-63,5
13,-63,6
15,-59,5
14,-59,4
13,-57,4
12,-56,4
9,-56,5
9,-57,7
4,-55,9
5,-56,10
6,-58,14
7,-59,17
10,-61,20
12,-61,20
14,-61,20
14,-60,20
14,-63,19
15,-65,19
16,-64,17
16,-61,10
18,-61,7
19,-64,5
18,-65,4
18,-61,3
18,-59,3
16,-56,4
16,-57,4
15,-59,4
14,-61,3
13,-64,2
13,-65,1
15,-62,0
15,-58,0
16,-55,-1
17,-55,-1
18,-56,0
19,-57,1
16,-61,0
16,-62,0
17,-62,1
17,-62,2
18,-64,1
19,-65,2
20,-64,4
20,-68,4
20,-77,3
19,-78,3
20,-75,4
22,-63,10
22,-56,11
19,-47,7
18,-51,5
15,-61,3
15,-64,2
15,-60,0
15,-57,1
6,-58,9
-1,-61,16
-19,-58,21
-10,-54,18
10,-54,9
13,-54,8
14,-54,8
13,-54,7
16,-54,4
20,-57,5
20,-68,2
20,-77,0
19,-73,0
20,-67,2
20,-61,6
17,-68,4
18,-72,3
9,-71,-1
6,-66,-2
6,-60,-3
9,-59,-3
15,-59,-1
16,-59,0
17,-58,-1
15,-58,-2
13,-58,-3
13,-59,-3
17,-65,-4
18,-67,-4
19,-66,-5
20,-64,-5
22,-60,-2
23,-59,1
23,-61,6
24,-62,6
28,-60,8
27,-58,14
30,-60,18
31,-61,21
32,-61,26
38,-61,27
48,-63,26
48,-63,28
52,-61,28
59,-56,20
62,-51,16
54,-38,11
50,-31,2
71,-20,-7
75,-18,-10
66,-20,-20
58,-20,-23
52,-16,-29
51,-14,-32
49,-11,-36
48,-8,-36
45,-1,-34
42,1,-33
37,11,-33
46,17,-24
58,23,-20
55,24,-19
49,28,-14
49,28,-13
65,30,1
60,36,12
48,39,29
51,35,31
7,29,20
-37,27,28
-33,27,36
-20,27,45
-32,29,46
-33,31,42
-28,32,43
-32,34,37
-33,34,39
-30,33,39
-30,33,36
-28,28,33
-23,26,34
-20,16,33
-23,14,27
-16,9,23
-12,6,20
-4,6,25
-4,6,32
18,-3,44
23,-3,43
38,-8,48
41,-16,61
29,-23,60
30,-30,44
53,-48,47
34,-60,37
38,-68,32
54,-83,27
53,-83,23
51,-92,16
52,-93,18
52,-85,24
47,-78,19
32,-67,14
27,-65,15
20,-66,10
20,-63,8
21,-61,8
21,-60,9
21,-60,9
20,-60,8
19,-62,7
21,-65,9
8,-72,10
3,-68,6
-23,-63,-10
-23,-59,-12
-14,-64,-3
-13,-63,-2
12,-66,4
21,-64,5
30,-60,4
24,-57,4
20,-58,4
16,-59,5
16,-59,5
17,-60,4
17,-61,4
15,-60,5
14,-60,5
12,-60,6
12,-60,7
10,-61,8
8,-61,9
7,-63,9
7,-64,8
13,-62,9
15,-61,8
14,-60,6
15,-59,6
16,-60,6
16,-60,6
17,-60,6
17,-60,6
17,-60,6
17,-61,7
17,-60,7
17,-60,7
16,-60,7
16,-61,9
16,-60,8
15,-60,8
14,-61,8
14,-61,8
14,-61,8
14,-60,7
14,-60,7
14,-61,7
14,-61,7
15,-60,6
15,-60,6
15,-60,7
15,-60,6
15,-60,7
15,-61,7
15,-61,7
15,-61,7
15,-61,7
15,-61,7
15,-62,8
15,-61,8
14,-62,7
14,-63,8
15,-61,9
14,-60,7
13,-61,7
14,-60,7
14,-60,6
13,-59,5
13,-59,5
13,-59,6
13,-59,5
14,-60,6
14,-60,6
14,-60,8
15,-61,9
15,-62,10
16,-62,9
17,-61,9
17,-60,9
16,-59,7
16,-59,7
16,-60,6
16,-61,6
17,-60,8
17,-60,8
17,-61,8
17,-61,8
17,-61,8
17,-61,7
15,-61,6
15,-61,6
15,-60,7
15,-61,6
15,-61,6
15,-61,6
15,-61,6
15,-60,6
14,-60,6
14,-61,7
14,-61,6
14,-61,6
14,-61,6
14,-60,6
14,-60,6
14,-60,6
14,-61,6
14,-61,6
14,-61,6
14,-60,6
14,-61,6
14,-60,6
15,-60,7
15,-61,7
15,-61,7
15,-61,7
15,-61,7
15,-61,7
15,-60,7
15,-60,7
15,-60,7
15,-61,7
15,-60,6
15,-60,6
15,-60,7
15,-61,6
15,-60,7
15,-60,7
15,-60,7
15,-61,7
15,-61,7
15,-61,6
15,-60,7
15,-60,7
15,-61,6
15,-61,6
15,-61,6
14,-61,6
14,-61,6
14,-61,6
15,-61,7
14,-61,6
15,-61,6
15,-61,6
15,-61,6
15,-61,6
14,-61,6
15,-60,6
15,-61,6
14,-61,6
14,-61,6
14,-61,6
14,-61,6
15,-61,7
15,-60,6
15,-61,6
14,-61,7
14,-60,6
14,-61,6
14,-61,6
15,-61,6
14,-61,6
14,-61,6
14,-60,6
14,-61,6
14,-61,6
14,-61,6
14,-61,6
14,-61,6
14,-61,6
14,-61,6
15,-61,6
14,-61,6
15,-61,6
15,-61,6
14,-61,6
14,-61,6
14,-61,6
14,-61,6
14,-61,6
14,-61,6
14,-60,6
14,-61,6
14,-61,6
14,-60,7
14,-61,6
15,-61,7
15,-60,7
14,-61,7
14,-61,7
14,-61,6
14,-61,7
14,-61,7
14,-60,6
14,-61,7
14,-61,7
14,-61,6
14,-60,6
14,-60,6
15,-60,7
15,-61,7
15,-61,7
15,-61,7
15,-61,7
15,-60,7
15,-61,7
14,-61,7
14,-61,6
14,-61,6
14,-61,6
14,-61,6
15,-61,7
15,-61,6
15,-61,7
15,-61,7
15,-61,6
14,-61,7
14,-60,7
14,-61,7
15,-61,6
15,-61,6
15,-61,7
15,-61,7
15,-60,7
15,-61,7
15,-61,6
15,-60,6
15,-60,6
15,-61,7
15,-61,7
15,-61,7
15,-61,7
15,-60,7
15,-61,6
15,-61,6
15,-60,6
15,-61,7
14,-61,6
15,-60,7
15,-61,6
15,-60,7
15,-60,6
15,-60,7
15,-61,7
15,-61,7
15,-61,7
15,-60,8
16,-60,7
15,-60,7
15,-60,7
15,-61,7
16,-60,7
15,-60,7
15,-61,7
16,-61,7
15,-61,7
15,-61,7
15,-60,7
15,-61,7
15,-61,7
15,-60,8
16,-60,10
16,-61,10
15,-61,10
15,-61,10
17,-60,11
19,-60,12
22,-63,15
23,-64,16
28,-63,17
31,-63,19
37,-64,20
37,-63,18
42,-59,21
44,-58,19
51,-51,13
54,-48,13
57,-43,9
55,-34,0
53,-29,-5
57,-20,-9
58,-17,-12
52,-19,-15
48,-15,-13
50,-10,-20
49,-8,-23
52,-4,-19
51,-3,-19
53,0,-30
58,2,-30
54,7,-23
52,8,-26
54,9,-31
54,11,-30
51,13,-29
48,14,-28
48,17,-30
50,20,-28
52,22,-26
51,23,-24
53,24,-28
52,25,-27
50,27,-25
57,28,-23
58,28,-23
54,29,-21
54,30,-18
55,32,-15
59,34,-13
61,34,-4
60,37,3
57,39,12
63,40,15
67,33,21
57,32,26
20,36,34
-3,33,32
-35,29,36
-26,29,49
-20,27,61
-28,26,53
-36,26,45
-34,27,47
-33,26,46
-35,23,42
-37,22,39
-34,23,42
-38,23,40
-40,23,37
-41,24,39
-42,23,39
-44,21,35
-44,22,36
-46,22,37
-46,20,39
-46,21,37
-45,22,38
-44,22,39
-43,24,39
-43,24,38
-43,24,38
-44,22,38
-45,22,41
-45,22,40
-49,22,37
-50,21,36
-48,22,39
-47,22,39
-46,23,38
-46,24,37
-45,23,36
-46,22,34
-44,19,38
-46,18,38
-42,18,41
-44,15,44
-44,17,49
-42,15,48
-40,14,49
-39,15,52
-39,14,52
-40,14,51
-40,12,53
-37,11,53
-38,11,54
-36,13,56
-37,14,54
-35,14,54
-35,14,54
-34,15,55
-35,14,55
-37,14,52
-32,15,55
-14,17,65
-10,21,65
-10,26,58
-6,28,59
-2,31,62
-6,31,58
-9,29,54
-9,29,54
-4,31,58
-6,31,56
-6,30,49
6,33,54
7,34,54
6,31,43
16,29,41
30,37,46
24,38,35
42,42,30
40,44,29
45,46,19
44,45,12
43,41,-5
44,39,-10
42,38,-17
47,39,-20
54,41,-19
53,42,-20
46,38,-29
45,38,-33
46,39,-33
44,38,-34
41,35,-38
43,36,-36
41,36,-36
41,35,-36
37,34,-37
39,34,-37
40,32,-36
38,32,-37
38,33,-37
37,36,-35
37,37,-34
37,34,-36
40,38,-34
39,34,-36
39,31,-35
42,32,-25
39,31,-24
44,28,-28
55,31,-23
51,33,-31
43,28,-38
63,37,-3
75,44,13
40,35,-7
45,26,-9
68,37,12
75,35,28
55,28,13
44,18,-5
62,14,11
64,25,23
58,10,13
59,9,17
48,14,32
44,15,34
37,9,33
39,5,52
35,9,56
21,7,56
21,4,60
17,4,58
14,5,60
11,5,66
13,3,68
7,4,70
3,3,70
6,-3,70
11,0,69
11,1,70
10,3,68
11,5,66
12,-1,64
14,2,65
14,2,64
20,3,64
17,34,51
24,9,72
34,3,55
43,-4,49
44,12,53
43,10,42
52,17,38
53,18,36
53,20,27
55,19,22
52,25,22
49,22,13
52,28,6
56,33,11
48,33,4
49,36,4
55,29,2
65,38,10
45,36,-6
42,29,-16
68,38,-5
65,40,8
43,37,-4
45,29,-5
51,34,4
54,34,6
48,33,0
48,44,-2
53,37,2
54,39,1
46,40,3
55,38,4
56,37,5
49,37,10
50,37,7
49,34,5
52,38,8
54,36,8
52,38,6
51,35,5
49,40,8
52,44,6
51,52,7
45,32,11
47,43,11
51,44,11
52,39,11
47,39,16
50,39,16
45,32,14
42,34,12
50,36,16
47,38,14
48,36,17
48,37,15
51,33,16
45,33,24
55,48,28
64,28,36
59,31,44
46,19,44
40,27,43
27,26,43
23,25,48
23,27,50
17,26,48
9,29,48
15,27,54
12,23,58
7,22,56
-3,18,56
-7,14,59
-5,13,61
-8,11,61
-22,10,57
-25,8,53
-15,9,56
-16,6,60
-24,4,56
-19,4,55
-13,-1,64
-25,6,61
-24,2,59
-19,-4,62
-30,1,61
-29,5,60
-32,3,64
-22,5,60
-28,5,59
-32,6,55
-26,5,63
-4,2,70
-12,6,64
-10,-1,59
-10,1,63
-10,0,68
-9,-1,67
-1,-4,65
-2,-5,65
-7,9,62
-14,11,59
-13,10,58
-18,8,62
-15,11,64
-11,15,55
-17,14,63
-19,13,61
-13,14,59
-14,18,60
11,12,73
9,19,69
-13,15,57
11,10,60
31,-27,71
22,13,57
20,17,48
37,18,46
41,19,47
42,21,43
41,22,41
46,21,40
43,21,39
40,22,34
44,21,38
44,20,41
42,21,41
43,21,41
43,22,44
42,19,44
41,21,44
45,21,40
43,22,40
46,21,41
44,22,40
46,18,44
47,18,43
39,20,40
45,23,30
46,13,40
40,17,38
44,16,40
53,17,40
49,15,38
50,17,39
53,15,37
52,14,39
48,15,38
47,16,38
50,12,37
53,10,36
52,11,38
50,10,39
51,12,40
50,11,38
48,9,38
51,10,40
51,11,39
47,13,39
47,12,39
49,12,41
49,12,41
48,13,39
49,12,39
46,11,39
45,12,39
47,9,39
50,8,40
49,8,40
49,8,40
49,9,41
50,9,42
49,9,42
50,7,43
52,6,44
58,10,39
52,7,42
49,9,43
46,9,41
47,10,41
46,10,40
45,11,40
46,12,41
45,12,39
41,11,37
43,12,44
53,13,56
38,14,48
35,13,47
32,13,45
33,16,52
40,16,55
16,1,54
24,26,53
38,9,60
38,11,56
28,14,49
28,9,50
26,24,53
25,24,55
23,21,52
28,22,56
30,20,55
30,18,54
33,28,54
33,25,54
28,21,48
33,27,49
39,23,49
38,27,46
38,26,45
43,25,47
40,21,42
41,26,42
41,21,41
42,27,46
41,24,44
43,23,46
39,21,42
33,22,43
36,22,46
32,26,45
33,22,46
37,24,50
33,22,50
35,21,48
39,21,50
35,25,50
28,28,45
35,24,49
37,26,47
37,23,48
36,23,46
40,24,45
39,26,44
38,27,46
38,28,47
34,24,47
41,24,52
31,14,49
35,19,51
32,23,51
31,23,50
29,23,47
33,23,46
36,20,50
37,21,47
36,21,46
38,16,48
42,13,50
38,14,50
35,12,49
35,14,48
36,12,47
40,13,45
38,10,44
41,10,44
41,10,44
42,10,44
42,11,44
39,12,44
42,13,46
45,9,45
42,6,44
44,9,41
45,6,41
53,8,42
53,9,43
48,6,38
47,5,35
51,5,34
49,2,33
49,1,32
60,5,34
58,2,36
55,-1,34
50,0,33
61,1,36
56,2,35
58,1,37
57,3,37
55,9,43
57,9,47
51,7,51
45,9,49
48,5,55
40,1,53
25,9,50
26,14,55
23,14,56
17,13,54
13,13,59
14,13,61
9,17,52
10,15,52
8,15,62
4,15,60
-2,14,55
-1,16,59
3,14,61
1,18,62
4,17,59
5,15,65
8,14,67
4,14,62
4,13,60
4,13,65
5,12,65
3,14,62
3,13,60
2,13,62
5,13,63
4,13,63
3,15,61
5,14,62
6,14,63
4,15,60
5,15,59
6,14,60
7,14,61
5,14,62
3,12,62
6,10,66
2,9,67
-1,10,65
-1,9,62
4,8,65
1,9,65
0,8,62
3,14,62
4,9,64
4,12,65
2,11,63
1,11,61
2,8,63
0,9,63
-2,9,63
-1,7,65
-4,8,65
-2,8,66
-3,6,66
-6,12,62
-4,12,66
0,10,65
-5,12,62
-2,9,64
-1,10,63
2,10,60
3,8,64
6,9,63
10,8,62
8,8,61
10,5,64
10,8,64
6,12,63
7,13,66
5,11,65
4,12,63
2,9,62
4,9,61
6,10,64
5,10,64
0,8,61
-1,9,62
0,11,62
-4,14,60
1,11,63
4,14,69
5,6,66
3,6,63
-38,-26,45
2,5,61
-2,2,57
1,5,56
2,5,50
3,3,40
7,-4,36
15,-11,29
18,-12,25
32,-14,31
38,-19,31
49,-28,33
55,-30,31
77,-39,37
79,-41,40
74,-37,36
85,-39,43
84,-29,37
80,-26,32
82,-21,25
79,-15,24
72,-10,26
72,-9,26
74,-10,24
70,-12,20
75,-17,19
75,-19,18
71,-18,13
78,-18,14
78,-20,19
76,-17,17
67,-11,15
65,-9,22
62,-9,24
57,-6,28
54,-5,31
44,-9,36
41,-6,37
32,-5,39
27,-3,38
21,0,54
23,0,55
35,9,52
40,15,37
40,21,43
30,18,45
27,21,42
30,19,36
35,20,37
43,23,40
41,28,36
49,26,32
44,22,35
45,22,30
82,24,50
64,23,33
36,28,30
37,28,36
58,33,28
54,36,30
41,31,31
41,28,22
45,24,27
39,25,35
34,25,35
35,26,43
35,29,48
49,21,57
47,17,61
34,11,64
25,8,56
15,24,55
16,33,56
22,27,64
39,17,66
36,6,59
28,2,61
34,3,60
27,-2,55
20,-11,56
19,-17,54
11,-11,55
18,-15,61
14,-6,56
2,-6,54
7,-12,63
12,-12,63
7,-15,67
14,-12,65
8,-12,63
8,-6,68
6,-7,67
-1,-7,66
-7,-7,62
-1,-6,67
0,-9,66
-1,-11,55
-4,-9,46
29,-3,52
25,-1,53
25,3,50
44,9,58
44,-11,65
44,-22,56
40,16,46
36,15,45
41,12,48
37,13,44
32,18,42
39,15,45
34,9,50
30,12,50
34,5,54
53,3,63
12,1,56
42,6,52
37,7,51
35,20,45
34,14,47
39,12,48
43,13,49
35,14,46
31,19,45
38,16,49
39,18,51
35,16,48
38,17,49
40,17,52
38,16,54
34,15,48
36,15,48
40,15,51
42,14,52
33,18,46
36,23,49
47,13,58
46,0,61
20,2,53
29,1,58
30,12,60
25,14,60
20,14,58
13,16,55
15,15,58
12,15,59
8,16,57
0,22,55
1,23,61
-1,20,63
-6,18,59
-8,20,62
-6,20,64
-10,17,61
-11,15,62
-10,12,65
-10,12,64
-18,13,60
-15,11,62
-15,13,59
-17,13,57
-17,12,57
-16,12,58
-17,13,57
-18,12,57
-17,10,60
-18,11,61
-20,10,60
-19,9,62
-18,8,62
-19,8,61
-20,9,60
-18,10,62
-18,10,61
-20,10,60
-19,10,62
-20,10,61
-21,10,60
-19,10,62
-19,10,62
-19,9,60
-19,8,60
-17,8,60
-17,7,61
-18,5,59
-19,5,58
-19,3,55
-17,2,53
-11,1,47
-5,0,46
3,-3,40
6,-2,39
17,-4,37
34,-6,43
38,-6,45
44,-6,36
57,-7,33
67,-4,34
73,-3,33
86,-5,43
83,1,44
74,1,42
70,8,47
82,1,47
70,-25,25
76,3,14
72,-1,14
55,-13,15
60,-8,19
67,-13,19
62,-11,16
58,-11,18
56,-10,20
55,-10,24
57,-7,30
58,-6,33
60,-7,34
59,-3,38
59,-2,40
55,-5,43
57,-4,46
53,-5,48
52,-9,53
49,-9,53
37,-9,53
33,-9,53
25,-10,51
20,-8,52
20,-6,54
21,-6,53
12,-5,50
10,-3,51
16,-3,56
14,-3,57
8,-5,56
10,-6,58
13,-6,60
10,-6,59
5,-7,55
8,-5,55
10,-3,58
9,-3,59
13,-2,58
15,-2,59
11,-1,55
14,-6,51
16,-8,50
25,-5,56
28,-5,58
28,-6,58
32,-5,60
32,-6,58
33,-4,59
38,-2,67
36,-3,68
32,-5,68
35,-6,69
34,-7,67
32,-9,66
26,-13,62
27,-13,61
22,-13,57
18,-13,55
19,-15,55
17,-15,53
18,-13,56
15,-17,50
11,-12,56
13,-12,57
12,-12,60
13,-13,58
12,-13,60
12,-13,61
13,-12,61
12,-12,61
13,-13,61
12,-12,61
12,-12,61
13,-12,61
12,-12,61
13,-13,62
13,-13,62
13,-13,61
12,-12,61
12,-13,61
13,-13,60
13,-12,61
13,-13,60
13,-14,61
12,-13,60
12,-12,60
12,-13,61
14,-13,61
13,-13,60
13,-13,60
13,-13,61
15,-13,61
14,-13,61
13,-13,60
14,-13,61
15,-13,61
13,-12,60
13,-12,60
15,-13,60
16,-14,60
14,-12,60
15,-13,60
15,-13,60
15,-13,60
15,-12,61
15,-12,61
15,-13,61
16,-13,61
16,-13,60
16,-12,60
16,-12,60
16,-12,60
17,-12,60
17,-12,60
17,-12,60
16,-12,60
17,-13,61
17,-12,61
18,-12,60
17,-12,60
18,-12,60
18,-13,60
17,-12,60
18,-13,60
18,-12,60
18,-12,60
17,-12,60
18,-13,61
19,-12,61
17,-12,61
16,-11,61
18,-14,59
19,-12,58
13,-11,56
19,-11,57
22,-9,61
21,-10,53
19,-10,57
17,-10,57
12,-12,60
13,-10,61
16,-11,61
15,-10,61
17,-9,61
16,-11,65
30,-15,74
22,-16,63
6,-9,48
20,-4,62
14,-10,57
17,-11,58
10,-11,57
15,-11,58
13,-12,58
12,-13,57
11,-14,57
10,-16,55
10,-17,53
13,-20,48
16,-20,46
21,-22,42
23,-22,40
27,-23,38
32,-24,37
41,-25,35
46,-25,34
52,-27,34
55,-29,33
50,-29,28
46,-31,22
48,-35,21
47,-39,20
45,-45,19
54,-56,20
57,-62,21
50,-71,19
48,-71,19
37,-66,15
31,-64,12
21,-62,10
20,-62,11
24,-62,13
25,-61,14
25,-59,13
24,-59,12
21,-60,12
20,-61,12
20,-64,12
20,-66,13
18,-64,13
17,-61,13
16,-56,14
18,-56,15
18,-55,15
17,-55,16
18,-56,17
17,-55,18
18,-52,19
20,-51,19
23,-51,21
25,-51,21
26,-51,21
27,-51,21
28,-51,22
29,-52,21
30,-54,21
32,-55,20
33,-56,19
34,-55,17
34,-53,16
36,-51,16
35,-51,15
35,-49,15
35,-48,15
35,-48,16
34,-48,18
37,-44,19
38,-43,20
40,-43,21
41,-43,23
41,-42,23
41,-42,22
39,-40,22
38,-39,23
42,-37,26
43,-36,26
44,-34,27
45,-29,29
47,-26,31
48,-24,32
49,-24,31
47,-22,32
41,-22,30
41,-24,33
39,-26,31
27,-34,34
24,-38,34
29,-44,34
23,-44,31
22,-50,31
25,-52,31
20,-52,26
21,-54,26
31,-51,22
42,-54,24
25,-52,30
20,-50,28
24,-50,35
22,-51,39
15,-59,33
15,-58,30
24,-53,28
22,-53,27
22,-52,28
23,-52,28
21,-54,28
20,-52,27
23,-52,28
21,-52,26
24,-53,28
22,-54,27
22,-53,27
23,-53,25
22,-53,25
22,-53,25
21,-53,25
24,-53,24
24,-52,24
23,-53,25
22,-53,24
24,-52,26
24,-51,26
23,-53,25
24,-52,26
25,-52,26
24,-52,25
24,-52,26
24,-52,25
26,-52,25
26,-51,25
24,-52,25
26,-52,25
26,-52,24
25,-52,24
24,-52,25
27,-51,24
27,-52,25
26,-52,24
25,-52,24
29,-51,27
28,-51,25
26,-52,25
26,-51,25
28,-51,25
27,-51,25
26,-50,25
27,-51,26
26,-51,24
27,-51,26
27,-51,26
26,-50,25
26,-52,25
27,-50,26
26,-51,25
27,-51,25
27,-51,26
27,-51,25
26,-51,25
26,-51,25
27,-51,25
28,-51,26
27,-51,26
26,-51,26
25,-51,25
26,-51,26
26,-51,26
25,-51,26
26,-51,27
25,-51,26
25,-52,25
25,-51,26
25,-51,27
26,-51,26
26,-51,27
26,-51,28
25,-51,26
26,-51,26
26,-51,28
26,-51,28
25,-51,26
25,-51,26
24,-51,27
24,-51,27
25,-51,27
25,-51,27
23,-51,27
24,-51,28
25,-51,28
26,-51,28
24,-52,27
24,-51,27
24,-51,28
24,-51,28
23,-51,27
23,-51,28
23,-52,28
24,-51,28
23,-51,28
21,-52,27
23,-52,28
22,-51,28
23,-52,28
22,-52,27
22,-52,28
23,-52,28
21,-52,28
21,-52,28
23,-52,29
21,-52,28
21,-52,28
21,-52,28
22,-53,28
21,-52,28
21,-52,28
21,-52,27
22,-52,28
21,-52,28
21,-52,27
21,-53,28
22,-52,28
20,-53,27
21,-52,27
22,-52,28
21,-52,27
20,-53,27
21,-52,28
21,-53,28
22,-52,28
20,-52,28
21,-53,28
22,-52,28
21,-52,28
21,-52,28
21,-52,28
21,-52,28
21,-52,28
21,-52,28
21,-52,29
22,-52,28
20,-53,28
21,-52,28
21,-52,28
21,-53,28
21,-52,28
21,-52,28
21,-52,28
20,-53,28
20,-52,28
20,-53,27
21,-52,28
21,-52,28
20,-53,28
20,-53,28
20,-52,28
21,-52,28
19,-53,27
21,-52,28
20,-53,27
21,-53,28
20,-52,28
20,-52,28
21,-52,28
20,-52,28
20,-52,28
21,-52,28
21,-53,28
20,-52,28
21,-52,29
20,-53,28
21,-52,28
20,-52,28
21,-52,29
21,-52,28
21,-52,29
20,-52,28
20,-52,28
21,-52,29
21,-52,29
20,-52,28
20,-52,29
21,-52,28
20,-52,28
20,-53,28
20,-53,28
20,-53,28
21,-52,28
20,-52,28
21,-53,28
21,-52,28
21,-52,28
21,-53,28
20,-53,28
21,-52,28
22,-52,28
20,-53,28
21,-52,28
21,-52,28
21,-53,28
20,-52,28
21,-52,28
21,-52,28
21,-52,28
20,-53,28
22,-52,29
22,-52,29
20,-53,28
21,-52,29
21,-53,27
21,-52,28
21,-52,29
21,-52,28
21,-53,28
21,-52,28
21,-52,28
20,-52,28
21,-52,28
21,-52,28
23,-52,28
21,-51,28
21,-52,28
22,-52,28
23,-52,28
23,-52,27
22,-52,26
23,-51,28
22,-51,28
22,-52,27
23,-52,27
23,-52,27
22,-52,27
23,-51,27
23,-52,27
23,-52,28
23,-52,27
24,-52,27
24,-51,28
23,-51,28
22,-52,27
23,-52,27
24,-52,27
23,-51,28
23,-51,28
22,-51,27
23,-51,28
22,-52,27
24,-51,28
24,-51,28
23,-51,27
22,-52,27
24,-51,28
25,-51,28
24,-51,28
23,-51,28
24,-51,28
24,-51,27
24,-51,28
24,-51,28
24,-51,28
24,-51,28
25,-51,28
24,-50,28
25,-51,29
25,-50,28
23,-51,28
24,-51,29
24,-50,29
23,-50,28
24,-51,28
24,-50,28
24,-51,29
21,-50,29
22,-51,29
26,-50,29
24,-51,29
24,-51,30
23,-51,29
25,-52,29
25,-53,31
26,-56,33
24,-56,28
25,-55,19
19,-59,22
23,-55,21
21,-52,21
27,-52,31
30,-49,35
32,-43,33
33,-42,35
38,-37,39
41,-35,41
39,-32,37
39,-33,39
41,-31,34
44,-32,34
45,-32,37
46,-30,34
51,-29,31
53,-32,34
52,-31,35
49,-25,30
62,-25,29
53,-18,34
50,-17,35
47,-13,34
46,-13,34
44,-10,35
45,-7,41
63,-19,51
55,-18,50
47,-13,42
38,-11,37
17,-13,27
27,-22,29
32,-34,34
28,-52,44
86,-14,22
76,-22,41
26,-7,19
48,-7,29
37,-12,40
35,-27,23
77,-14,25
50,-19,20
49,-25,26
44,-23,27
50,-21,26
61,-24,32
54,-24,29
56,-24,28
53,-26,28
58,-26,25
58,-28,24
55,-28,24
53,-28,25
52,-30,22
50,-31,22
53,-29,21
50,-28,20
53,-27,20
54,-27,18
55,-28,22
54,-28,21
53,-27,18
53,-27,18
55,-24,20
53,-24,18
56,-26,20
56,-27,19
57,-27,18
55,-29,16
56,-30,16
52,-29,15
55,-29,17
53,-31,19
51,-31,17
52,-30,18
52,-30,18
50,-32,18
53,-34,20
51,-36,19
52,-35,18
47,-33,16
48,-32,17
48,-31,17
49,-32,17
51,-33,18
52,-33,19
51,-30,18
52,-30,18
51,-31,18
51,-30,17
52,-28,18
51,-28,18
54,-31,19
54,-31,18
52,-30,17
50,-30,17
51,-31,19
52,-30,19
51,-30,20
52,-30,19
53,-29,18
50,-30,18
49,-29,17
50,-32,16
49,-33,18
47,-34,17
47,-34,15
47,-37,19
50,-40,20
47,-37,17
48,-37,18
46,-38,19
47,-39,19
46,-39,19
46,-39,18
49,-36,19
47,-37,20
48,-35,19
48,-36,18
48,-36,18
49,-37,18
46,-37,17
46,-38,18
47,-38,19
47,-39,18
48,-39,19
48,-38,20
48,-38,20
46,-38,20
44,-38,19
47,-40,20
47,-40,20
47,-39,21
48,-38,21
45,-39,19
42,-39,20
47,-36,23
43,-35,22
45,-34,22
48,-36,24
48,-38,24
46,-37,22
49,-34,23
49,-33,22
50,-30,22
49,-28,21
50,-28,20
48,-28,21
46,-30,22
50,-32,22
48,-32,21
46,-34,25
43,-36,25
47,-39,27
44,-41,26
43,-40,24
42,-41,24
43,-37,24
44,-36,24
44,-39,25
43,-38,26
43,-38,25
43,-38,24
46,-37,24
45,-37,23
51,-33,25
50,-31,26
48,-31,24
49,-31,23
44,-33,19
43,-34,19
44,-34,19
45,-33,16
46,-33,16
51,-32,19
51,-32,19
52,-31,18
54,-30,18
54,-29,19
54,-29,19
53,-30,20
52,-30,20
51,-32,20
52,-31,21
51,-32,22
51,-32,22
52,-30,21
51,-30,22
52,-31,21
51,-31,20
51,-32,20
50,-32,20
51,-30,21
51,-30,22
52,-29,21
53,-29,22
51,-30,22
52,-29,21
49,-29,23
47,-30,27
51,-30,25
42,-31,23
38,-33,24
45,-35,25
45,-36,25
34,-41,31
41,-43,29
45,-38,26
45,-40,26
46,-36,28
44,-36,27
48,-35,25
53,-34,28
44,-32,25
50,-32,27
45,-33,27
46,-34,28
46,-36,29
43,-38,28
42,-42,28
42,-44,28
37,-44,26
35,-44,26
39,-41,26
41,-39,23
42,-36,22
41,-36,21
44,-35,21
45,-34,22
46,-34,22
46,-37,20
45,-37,19
45,-36,20
46,-36,20
48,-36,21
49,-36,22
44,-37,21
42,-38,21
43,-40,20
41,-40,19
37,-41,19
36,-42,19
38,-44,20
38,-45,20
37,-48,20
35,-48,19
35,-49,20
36,-50,20
34,-53,20
32,-54,19
31,-53,18
32,-55,18
32,-55,19
28,-55,17
29,-54,17
29,-51,15
28,-50,14
29,-52,15
30,-53,17
31,-54,19
31,-56,19
27,-58,17
26,-58,16
25,-60,16
27,-59,16
27,-56,16
27,-55,17
27,-56,16
26,-55,16
26,-56,17
26,-56,17
24,-56,16
24,-57,16
24,-57,15
23,-58,15
22,-59,15
22,-58,14
23,-59,14
24,-60,13
23,-60,12
23,-60,11
24,-60,10
25,-60,10
26,-59,11
29,-58,13
31,-57,14
32,-55,15
30,-54,14
31,-52,15
32,-52,15
34,-53,13
34,-53,13
36,-52,14
38,-52,14
40,-49,12
39,-48,12
42,-46,12
42,-45,11
47,-45,14
49,-45,15
47,-42,15
44,-40,14
44,-38,14
41,-39,14
38,-37,18
37,-37,18
35,-39,19
34,-40,21
36,-44,20
25,-49,27
30,-50,30
20,-52,34
46,-44,37
53,-38,40
23,-34,36
54,-28,42
51,-21,37
56,-17,38
56,-21,35
50,-27,24
48,-33,22
43,-37,18
53,-40,20
33,-42,16
35,-40,19
42,-31,20
49,-28,30
51,-24,39
58,-23,38
50,-30,37
43,-34,25
61,-31,20
50,-34,18
42,-34,17
40,-35,16
37,-37,9
70,-29,11
57,-28,11
52,-32,24
48,-31,10
64,-27,11
55,-27,5
56,-22,5
53,-23,4
59,-22,5
62,-22,1
62,-22,-1
59,-22,0
60,-21,0
64,-21,-2
61,-21,-4
59,-20,-4
55,-18,-7
55,-17,-9
56,-17,-10
56,-17,-13
58,-19,-13
58,-19,-14
57,-20,-16
58,-19,-16
59,-19,-17
56,-17,-18
56,-18,-18
55,-19,-21
55,-19,-21
57,-20,-21
57,-20,-22
56,-19,-23
55,-19,-24
55,-19,-26
55,-19,-25
53,-19,-26
54,-18,-26
54,-18,-27
53,-18,-27
53,-16,-29
53,-17,-29
54,-17,-29
54,-17,-30
55,-17,-29
55,-16,-29
54,-16,-29
53,-16,-29
53,-16,-30
53,-16,-30
53,-16,-30
53,-16,-30
52,-16,-30
53,-15,-31
53,-16,-31
53,-16,-31
53,-16,-31
54,-16,-30
53,-16,-30
53,-15,-30
53,-15,-30
53,-15,-30
53,-15,-30
52,-16,-31
52,-16,-31
53,-16,-30
53,-16,-30
53,-16,-31
52,-15,-30
53,-15,-30
53,-16,-31
53,-16,-30
52,-16,-30
52,-16,-29
52,-17,-29
53,-16,-30
52,-17,-29
53,-17,-29
53,-17,-29
53,-17,-29
53,-16,-29
53,-16,-29
53,-16,-31
53,-16,-30
52,-17,-30
53,-16,-30
53,-15,-31
53,-15,-31
53,-16,-31
54,-16,-30
53,-15,-30
52,-16,-29
55,-16,-29
53,-17,-28
54,-17,-28
54,-17,-28
53,-18,-27
57,-18,-24
53,-18,-24
53,-18,-25
56,-19,-21
57,-20,-20
54,-21,-20
58,-22,-16
58,-22,-13
58,-22,-14
59,-21,-14
55,-21,-10
55,-22,-10
61,-22,-12
61,-22,-9
53,-23,-9
56,-22,-8
60,-24,-7
57,-23,-5
57,-22,-5
57,-23,-6
57,-23,-8
58,-23,-7
57,-25,-7
56,-26,-6
60,-28,-6
57,-29,-5
57,-29,-4
57,-29,-4
55,-30,-4
55,-31,-3
56,-29,-4
58,-30,-4
56,-29,-4
57,-24,-9
60,-21,-11
61,-21,-12
60,-21,-12
62,-23,-9
63,-24,-6
56,-36,12
52,-31,9
41,-27,10
53,-26,14
36,-25,8
37,-29,9
54,-30,15
53,-29,13
57,-19,13
63,-21,13
59,-19,21
54,-15,29
45,-17,24
73,-21,44
40,-29,46
43,-40,51
46,-44,42
28,-42,38
52,-48,36
47,-40,32
46,-34,27
44,-34,31
47,-36,31
37,-33,25
41,-29,24
55,-25,25
75,-9,11
51,-15,17
57,-17,16
47,-25,26
34,-30,13
64,-25,19
68,-30,16
72,-13,14
49,-23,8
50,-25,13
55,-19,9
60,-18,-2
62,-17,-4
54,-20,4
53,-22,-3
78,-16,-1
66,-16,-1
57,-9,-7
62,-7,-8
61,-13,-2
60,-15,-9
62,-17,-8
53,-18,-6
65,-10,-1
65,-4,8
58,-14,2
63,-20,2
75,-17,-2
70,-18,-15
66,-10,-18
54,-6,-15
59,-5,-17
55,-7,-18
45,-9,-12
48,-18,-3
56,-11,-13
52,-8,-9
54,-11,-9
66,-13,2
66,-9,0
57,-11,1
64,-12,2
57,-14,-10
62,-11,-18
58,-6,-15
55,-8,-11
59,-12,-16
60,-14,-13
66,-13,-9
60,-15,-6
63,-13,-6
64,-11,-9
59,-10,-11
60,-12,-20
57,-14,-19
56,-15,-20
55,-14,-18
55,-14,-20
55,-13,-21
60,-11,-24
58,-10,-25
54,-12,-25
57,-12,-25
60,-12,-24
61,-12,-24
60,-13,-21
59,-12,-22
60,-11,-25
59,-10,-24
57,-9,-24
58,-9,-24
58,-10,-25
58,-11,-24
58,-10,-24
58,-11,-25
57,-11,-24
57,-8,-25
57,-6,-24
58,-5,-23
58,-6,-24
59,-5,-27
60,-5,-26
60,-6,-24
59,-7,-24
57,-8,-25
57,-9,-23
56,-11,-22
57,-12,-24
58,-13,-21
56,-15,-20
57,-14,-21
56,-14,-22
57,-13,-21
57,-13,-22
57,-13,-23
57,-13,-22
58,-12,-23
58,-13,-23
57,-13,-22
58,-14,-21
59,-14,-21
58,-14,-21
58,-14,-21
57,-14,-20
57,-14,-20
58,-14,-21
58,-13,-21
56,-14,-21
58,-13,-21
58,-13,-22
58,-13,-22
58,-13,-21
58,-14,-21
58,-14,-21
58,-14,-22
58,-14,-21
59,-14,-21
58,-14,-21
58,-14,-21
58,-15,-20
57,-15,-19
57,-15,-19
58,-15,-19
57,-14,-19
58,-14,-20
58,-14,-20
58,-13,-20
58,-13,-20
58,-13,-20
58,-13,-20
58,-14,-19
57,-14,-19
58,-14,-19
58,-14,-19
58,-14,-19
58,-14,-18
58,-15,-19
58,-15,-19
59,-15,-18
59,-15,-18
58,-14,-18
58,-14,-19
58,-15,-19
58,-15,-19
58,-15,-20
58,-15,-19
57,-15,-19
57,-14,-19
58,-14,-19
58,-14,-20
58,-14,-20
59,-14,-19
58,-14,-20
58,-14,-19
58,-14,-20
58,-14,-19
58,-14,-20
57,-14,-20
58,-14,-20
57,-14,-20
57,-14,-20
58,-14,-20
58,-14,-20
59,-14,-19
59,-14,-20
59,-15,-19
58,-15,-19
59,-14,-19
58,-14,-19
57,-14,-20
57,-14,-20
58,-14,-19
58,-14,-19
58,-15,-19
59,-15,-19
58,-15,-19
59,-14,-18
58,-14,-18
56,-15,-19
57,-14,-19
60,-15,-17
59,-15,-18
57,-15,-20
61,-16,-20
57,-15,-18
56,-15,-15
59,-13,-16
60,-15,-15
60,-15,-19
61,-14,-19
58,-12,-12
62,-14,-9
62,-11,-17
62,-12,-17
56,-16,-14
60,-16,-10
61,-13,-14
60,-13,-13
61,-9,-11
64,-8,-10
59,-15,-10
60,-18,-8
56,-19,-15
56,-16,-14
55,-14,-15
56,-13,-17
57,-13,-18
63,-13,-16
63,-14,-15
62,-14,-15
61,-12,-16
59,-11,-21
61,-11,-21
59,-10,-21
58,-10,-23
56,-9,-23
57,-8,-23
60,-9,-22
59,-9,-22
58,-11,-21
57,-11,-21
59,-9,-22
59,-9,-21
57,-8,-20
58,-8,-21
60,-8,-21
59,-9,-21
59,-10,-22
58,-10,-21
58,-11,-20
57,-10,-21
57,-9,-20
57,-10,-21
57,-11,-21
58,-13,-20
58,-13,-19
59,-13,-19
59,-13,-19
61,-14,-18
60,-14,-18
60,-12,-17
59,-12,-18
61,-13,-17
61,-13,-17
60,-11,-15
61,-11,-15
59,-10,-17
59,-9,-17
58,-8,-18
59,-8,-18
60,-8,-18
59,-8,-19
58,-9,-19
58,-9,-20
58,-8,-20
59,-8,-20
59,-8,-20
59,-8,-19
59,-6,-20
60,-8,-21
60,-10,-21
59,-10,-19
59,-9,-19
58,-9,-21
58,-9,-20
59,-9,-18
60,-8,-18
60,-7,-20
60,-8,-20
60,-9,-20
60,-10,-19
59,-10,-19
59,-10,-19
58,-10,-18
58,-10,-18
59,-11,-18
59,-11,-17
59,-10,-18
59,-10,-18
60,-11,-18
60,-11,-18
59,-11,-18
60,-11,-19
58,-9,-19
58,-8,-20
59,-8,-21
58,-9,-21
58,-9,-20
58,-8,-22
58,-8,-21
58,-6,-21
57,-5,-23
57,-3,-24
57,-4,-25
58,-8,-25
59,-9,-25
59,-10,-25
59,-11,-25
58,-11,-25
57,-11,-24
59,-12,-22
59,-12,-21
57,-11,-21
58,-10,-22
56,-8,-23
57,-8,-23
58,-9,-24
58,-9,-24
57,-8,-25
57,-8,-26
57,-8,-25
57,-8,-25
57,-8,-25
58,-8,-25
58,-8,-25
58,-10,-25
57,-11,-24
58,-10,-24
57,-9,-24
56,-10,-23
56,-10,-23
56,-10,-25
57,-9,-25
57,-9,-25
56,-9,-25
57,-9,-26
57,-9,-26
57,-10,-25
58,-9,-26
57,-9,-25
57,-10,-26
57,-10,-27
57,-10,-27
57,-9,-26
58,-9,-27
56,-9,-26
55,-9,-28
57,-8,-27
56,-9,-30
56,-8,-30
56,-7,-30
56,-7,-26
50,-11,-30
56,-11,-31
57,-8,-26
57,-6,-25
62,-1,-27
63,-3,-23
54,-7,-25
56,-5,-25
61,-8,-27
57,-13,-24
61,-14,-23
61,-11,-31
61,-10,-2
59,-12,-5
64,-13,-15
61,-11,-12
66,-9,-9
50,-13,-20
51,-13,-23
51,-15,-28
58,-7,-28
56,-1,-19
56,-6,-24
60,-16,-8
58,-16,-12
60,-10,-17
61,-7,-13
53,-13,-7
63,-16,-12
75,-10,-16
69,-2,-15
57,-12,-21
64,-17,-14
67,-12,-6
54,-14,-7
64,-13,-17
65,-7,-22
48,-6,-26
38,-11,-23
52,-12,-27
56,-8,-24
52,-5,-15
43,0,-8
65,-7,-9
64,-11,-9
81,-2,-10
81,-18,4
66,-12,-5
63,-4,-18
59,-14,-12
58,-8,-23
59,-8,-28
49,-15,-13
58,-11,-15
65,-2,0
51,-7,-2
62,-6,-4
72,-10,-8
78,-4,-17
78,-15,-9
61,-12,-9
57,-9,-18
57,-10,-14
54,-12,-4
52,0,-29
53,0,-23
43,-5,-15
62,-2,-32
57,-3,-22
60,-5,-7
73,-11,-4
71,-5,-11
76,-2,-15
59,-16,-2
64,-17,-6
59,-7,-31
59,-3,-28
52,-7,-10
61,-6,-24
63,-5,-19
55,-7,-16
55,-2,-20
59,-4,-11
57,-4,-13
68,-4,-12
67,-6,-5
53,-12,-10
74,-13,-11
75,-12,-16
52,-5,-17
40,-10,-11
63,-10,-16
48,-7,-16
64,-3,-21
57,-3,-28
45,-5,-12
53,-5,-11
80,-1,-10
76,-4,-11
63,-4,-17
73,-11,-15
63,-12,-11
64,-12,-3
66,-10,-21
56,-4,-14
45,-3,-9
59,-5,-21
62,-3,-24
54,-7,-7
45,-12,-18
65,-5,-23
80,-3,-15
48,-6,-12
75,-5,-5
67,-9,-14
61,-16,-21
58,-10,-17
62,-8,-19
62,-2,-24
64,0,-21
57,-6,-19
58,-7,-21
64,-10,-15
48,-10,-12
57,-10,-11
63,-6,-5
67,-10,-15
53,-14,-22
67,-10,-17
57,-4,-9
46,-8,-14
58,-16,-32
49,-18,-25
55,-7,-30
55,-6,-28
63,-8,-24
69,-11,-14
70,-11,-18
62,-14,-18
54,-12,-19
54,-12,-21
56,-17,-23
48,-15,-26
56,-12,-24
60,-13,-18
51,-17,-30
54,-13,-28
65,-8,-24
64,-7,-25
53,-13,-26
54,-14,-21
46,-21,-26
56,-15,-25
58,-15,-27
67,-9,-33
64,-14,-23
38,-16,-18
43,-17,-27
60,-15,-31
59,-10,-23
60,-4,-24
62,-3,-18
53,-20,-9
63,-14,3
58,-19,8
56,-24,6
59,-24,12
61,-20,11
61,-16,0
64,-19,4
61,-17,10
63,-17,14
58,-9,15
49,-6,-6
66,-13,24
35,-15,23
41,-11,16
74,-19,28
64,-17,26
74,-13,22
47,-15,22
45,-14,34
43,-14,38
51,-19,41
49,-14,39
40,-18,23
58,-18,31
61,-6,13
59,-6,13
75,-7,24
23,-8,15
64,-12,21
55,-31,30
78,-5,28
72,-10,36
44,-12,34
51,-14,37
63,-13,27
60,-13,21
67,-9,16
86,-12,17
60,-3,-6
52,-12,2
49,-11,8
61,-8,-7
57,-18,2
64,-6,16
55,-8,20
58,-12,28
51,-15,26
43,-16,44
55,-9,43
39,-9,36
50,-11,36
53,-8,31
46,-3,27
53,-5,26
47,-14,29
59,-15,28
66,-6,15
75,-7,17
64,-9,29
61,-13,7
66,-6,3
58,-9,18
58,-10,31
53,-11,27
56,-13,31
62,-14,27
55,-11,27
32,-13,24
58,-9,20
90,-2,24
38,-10,32
64,-6,42
30,-15,36
51,-15,47
39,-27,47
38,-24,39
53,-17,36
47,-14,25
56,-4,4
81,-10,-6
61,-2,-3
84,-2,9
56,-17,16
34,-14,11
80,-15,25
72,-12,22
55,-13,26
50,-15,27
48,-8,31
31,-13,32
75,-11,15
58,-11,19
68,-6,0
99,-4,12
52,-14,-1
60,-9,11
58,-10,13
64,-14,17
73,-15,17
58,-6,22
55,-13,28
63,-15,28
50,-11,24
36,-4,26
50,-4,30
52,-11,33
52,-8,33
53,-9,30
47,-8,22
71,-7,36
70,-10,33
57,-2,17
67,-2,19
50,-14,29
45,-8,30
52,-6,32
51,-4,24
62,-8,20
51,-9,27
66,-10,27
55,-7,23
65,-7,17
71,-7,18
61,-3,17
54,-10,8
57,-8,0
71,-12,5
65,-6,5
51,-7,27
53,-9,29
65,-8,26
75,-10,31
38,-7,11
44,-9,12
66,-9,1
108,-15,18
29,-6,6
47,-7,19
60,-8,23
41,-8,30
50,-21,46
59,-22,52
35,-17,36
44,-17,30
66,1,18
81,-1,20
29,-8,10
60,-8,14
61,-9,11
66,-11,25
52,-11,32
46,-18,34
30,-20,39
60,-22,45
56,-15,30
51,-2,14
49,-7,7
76,-13,-1
105,-13,13
33,-16,9
39,-13,5
82,-17,20
48,-12,10
61,-13,29
54,-17,34
39,-19,32
45,-18,38
53,-16,29
70,-14,23
49,-4,5
73,-5,16
66,-13,-2
64,-9,13
43,-11,11
52,-11,17
62,-9,-8
65,-10,11
59,-8,10
62,-12,28
63,-13,28
46,-6,21
32,-7,21
52,-14,35
49,-10,33
45,-10,37
53,-11,44
43,-9,30
55,-12,37
41,-12,40
43,-15,48
42,-15,48
42,-12,48
43,-9,36
49,-10,32
47,-9,30
58,-14,36
71,-9,34
59,-2,19
62,-11,16
64,-22,17
59,-11,13
56,-10,8
68,-17,6
72,-12,18
60,-8,17
51,-14,25
56,-18,32
52,-13,31
42,-14,28
68,-20,39
50,-15,26
53,-15,21
82,-15,24
54,-6,17
20,-18,14
84,-18,34
56,-15,23
47,-15,33
53,-19,38
40,-21,36
43,-19,31
56,-16,28
54,-14,22
53,-9,12
59,-10,7
76,-12,14
70,-11,8
58,-16,8
42,-13,7
77,-18,10
45,-11,16
54,-11,23
50,-18,22
50,-17,24
38,-22,28
48,-18,23
70,-13,18
59,-8,9
79,-13,4
84,-17,2
31,-15,4
49,-18,5
68,-19,9
68,-19,12
57,-12,23
71,-18,30
45,-14,21
39,-13,23
59,-11,14
65,-11,15
54,-10,9
79,-9,17
62,-10,-7
53,-16,2
67,-11,16
65,-17,2
71,-14,6
70,-15,23
49,-15,20
72,-15,28
69,-16,25
22,-12,33
39,-8,44
49,-16,40
48,-14,23
56,-8,24
61,-5,32
60,-5,34
66,-6,27
63,-8,13
70,-13,19
56,-16,26
53,-21,20
83,-17,22
61,-13,18
53,-6,25
37,-16,26
75,-23,38
64,-16,30
43,-12,23
67,-9,16
78,-12,28
43,-10,38
70,-12,41
33,-18,33
44,-24,46
40,-28,46
44,-25,37
42,-6,16
64,-1,2
69,-11,3
83,-3,10
48,-21,24
29,-20,12
75,-15,29
60,-13,33
48,-15,25
55,-24,30
35,-13,23
58,-19,9
54,-3,-13
89,-3,-8
65,-14,8
63,-26,4
45,-12,12
97,-26,20
59,-14,28
61,-14,34
55,-11,24
35,-10,18
44,-11,18
65,-9,2
88,-15,20
53,-12,0
84,-13,10
50,-24,13
36,-13,14
65,-14,11
64,-17,9
84,-18,19
67,-13,11
55,-13,12
50,-10,20
72,-18,26
54,-12,13
58,-9,22
60,-3,17
68,-13,11
57,-18,18
63,-11,6
67,-9,1
60,-6,0
56,-11,-10
56,-10,-12
49,-10,-15
61,-7,-11
61,-7,-24
61,-6,-19
59,-9,-18
68,-10,-23
61,-10,-17
50,-14,-5
60,-11,-13
64,-13,-12
70,-10,-11
75,-8,-8
51,-16,-24
61,-19,-31
62,-6,-29
74,-2,-37
21,-8,-11
21,-8,-3
78,-10,-15
75,-11,-15
66,-16,-4
69,-16,-9
51,-10,-26
52,-7,-16
55,-10,-9
58,-12,-20
62,-10,-4
72,-14,-1
73,-12,-4
62,-3,-8
53,-5,-13
62,-15,-23
65,-12,-22
51,5,-30
52,-6,-12
68,-10,-12
72,-11,-17
47,-11,-11
51,-14,-3
61,-12,-7
61,-15,-6
66,-11,-1
74,-7,-7
62,-3,-13
55,-13,-12
60,-17,-5
68,-10,-23
57,-6,-22
52,-1,-7
61,-5,-18
64,-12,-24
69,-10,-6
57,-9,-5
57,-8,-5
59,-17,-6
59,-16,-10
66,-15,-4
61,-8,-10
71,3,-5
62,-3,0
60,-12,-9
67,-14,-14
60,-11,-13
54,-8,-12
59,-2,-19
66,0,-15
58,-9,-9
62,-11,-15
58,-8,-16
54,-10,-5
57,-13,3
56,-17,1
61,-10,-4
63,-8,-15
71,-8,-12
63,-16,-18
63,-13,-11
62,-9,-10
62,-10,-13
58,-6,-16
57,-10,-16
71,-9,-15
72,-10,-10
67,-11,-12
52,-10,-13
49,-14,-14
59,-12,-10
56,-11,-15
61,-14,-9
53,-17,-11
69,-8,-17
45,-12,4
75,-7,7
66,-10,-12
77,-7,-9
66,-9,-2
61,-8,0
62,-13,-7
51,-15,-19
67,-11,-22
47,-8,-29
60,-6,-13
65,-5,-14
68,-11,-14
59,-15,-9
53,-7,-9
57,-13,-4
53,-13,-3
64,-7,-3
70,-8,-4
63,-6,-1
63,-10,5
60,-13,-1
56,-15,2
68,-17,21
59,-19,14
54,-19,-2
61,-12,-5
41,-13,-35
75,-10,-29
61,-7,-31
68,-12,-24
75,-13,-22
76,-16,-25
65,-14,-26
46,-18,-16
61,-22,-12
69,-18,-17
52,-15,-26
41,-17,-23
63,-16,-29
58,-13,-17
57,-18,-10
77,-17,15
75,-17,2
69,-10,-5
65,-12,-2
56,-6,-16
54,-4,-23
59,-12,-18
47,-9,-15
51,-15,-21
51,-18,-20
57,-16,-11
54,-12,-7
58,-18,4
56,-12,-1
76,-11,0
66,-11,3
61,-2,-15
62,-11,-19
59,-13,-18
53,-7,-21
59,-8,-17
66,-11,-15
55,-13,-22
56,-14,-18
61,-14,-20
58,-13,-30
54,-11,-33
60,-9,-26
59,-10,-28
58,-8,-28
51,-11,-31
63,-15,-16
67,-9,-20
58,-12,-18
58,-12,-14
68,-16,-6
78,-16,5
63,-17,1
67,-12,2
69,-6,3
61,-4,1
68,-7,11
56,-4,5
69,-4,9
61,-1,14
31,-11,19
50,-10,22
56,-11,16
54,-8,22
65,-2,23
67,-12,30
72,-10,12
60,-12,7
70,-3,16
59,-4,31
56,0,27
70,1,36
66,-9,38
71,3,27
58,-4,29
55,-4,46
73,-9,48
32,2,30
29,3,19
44,-9,10
42,-9,9
54,0,8
50,1,9
66,-7,24
48,-7,15
60,-5,-2
59,-5,-18
113,-7,0
81,-5,4
51,0,4
59,-5,4
70,-8,-11
61,-6,-28
62,-7,-22
68,0,-18
68,-2,-13
67,-1,-21
67,-2,-24
64,1,-8
71,-2,-6
60,-6,-12
65,-5,-9
61,-7,-1
51,-8,-21
58,-4,-11
62,-2,-4
51,4,-25
54,1,-26
60,-2,-12
55,-3,-19
68,1,-9
66,4,-10
60,3,-15
54,5,-13
67,3,-15
65,3,-16
50,4,-16
56,4,-11
72,3,-6
60,4,-12
58,1,1
64,-5,-6
80,1,0
50,17,5
55,6,17
54,2,15
69,-1,12
55,-4,-10
68,4,-2
74,7,-2
73,-4,-1
70,7,-13
66,5,-15
54,2,-4
67,1,-3
61,6,-3
62,7,8
52,-3,17
64,-5,12
66,-5,0
69,-3,-5
73,1,-3
73,8,-3
56,5,-3
73,3,1
63,5,13
43,0,15
49,-1,16
52,-15,13
65,5,9
61,0,4
53,5,4
66,1,7
61,2,5
65,-2,-4
75,-6,7
69,-6,15
57,-3,9
74,-1,-13
76,4,3
54,-14,8
65,-8,-3
80,5,1
64,3,6
39,6,17
50,6,26
65,-4,21
60,-4,10
60,-1,26
75,-2,35
30,-2,29
42,1,33
44,-9,41
44,-13,46
55,-8,45
34,-2,46
24,-7,42
51,-14,37
55,-16,40
46,-18,38
54,-17,40
53,-15,34
52,-17,36
49,-14,38
47,-15,38
53,-19,42
48,-22,42
45,-25,39
41,-27,39
45,-25,42
43,-24,43
36,-24,46
36,-24,44
47,-26,49
37,-25,44
37,-27,41
38,-28,41
36,-28,43
35,-28,42
36,-29,44
36,-32,41
33,-32,40
36,-34,37
33,-35,36
34,-34,36
36,-35,38
31,-38,35
34,-40,35
33,-41,36
30,-42,38
31,-42,37
32,-40,37
29,-38,39
31,-39,40
30,-39,40
32,-39,41
29,-40,39
31,-40,40
28,-39,38
30,-37,41
30,-39,38
28,-40,37
32,-39,39
32,-39,40
29,-39,38
28,-40,38
32,-39,40
28,-39,39
29,-39,40
31,-40,42
36,-39,41
27,-39,40
31,-38,40
32,-37,42
39,-35,42
25,-35,41
18,-37,39
13,-34,41
22,-37,45
35,-30,35
30,-30,32
31,-34,36
38,-31,38
38,-32,40
35,-31,33
47,-43,41
53,-40,42
59,-31,41
25,-34,34
43,-39,31
50,-41,28
33,-41,22
41,-34,20
35,-32,14
52,-35,16
50,-45,19
61,-25,18
65,-28,16
46,-41,13
37,-44,11
41,-44,14
35,-41,14
37,-36,14
54,-36,17
49,-38,19
57,-37,24
56,-36,19
52,-38,15
43,-39,11
45,-41,14
48,-36,19
45,-31,22
37,-37,25
49,-39,30
51,-40,27
52,-38,24
41,-39,11
46,-41,11
38,-40,10
54,-35,8
32,-38,-7
43,-44,7
53,-36,-2
51,-41,-20
53,-43,-19
56,-37,-13
51,-41,-17
50,-47,-16
50,-45,-17
53,-42,-7
51,-40,-18
47,-45,-4
42,-42,-11
43,-45,-19
35,-46,-18
44,-43,-7
48,-43,-6
46,-44,-23
50,-42,-22
30,-42,0
38,-44,-11
42,-42,-26
49,-39,-15
43,-36,-13
44,-39,-8
30,-43,-3
46,-45,-18
56,-42,-19
50,-41,-25
53,-39,-28
46,-40,-13
50,-37,-19
52,-36,-24
44,-41,-15
53,-39,-7
55,-39,-10
50,-41,-4
45,-37,-3
33,-42,13
50,-37,12
64,-30,12
55,-26,5
45,-35,11
39,-33,11
57,-31,10
57,-37,12
50,-31,3
42,-31,3
62,-37,19
54,-35,10
41,-33,-2
48,-32,7
55,-34,9
50,-34,13
61,-32,17
72,-32,15
51,-34,11
49,-35,13
49,-34,11
62,-29,3
47,-34,2
41,-29,8
59,-32,18
58,-27,21
45,-43,34
82,-34,17
68,-37,16
48,-26,15
45,-30,14
43,-34,18
48,-34,15
46,-34,17
32,-33,10
59,-28,27
45,-30,14
43,-34,18
48,-34,15
46,-34,17
32,-33,10
59,-28,27
53,-31,35
49,-42,40
58,-27,27
44,-37,23
29,-34,13
39,-34,14
47,-35,14
34,-42,21
62,-24,15
77,-23,27
57,-29,38
40,-38,42
56,-25,27
76,-33,29
44,-34,18
50,-33,16
29,-29,7
39,-31,19
50,-32,26
35,-35,27
48,-33,39
51,-34,35
50,-24,33
64,-24,48
18,-35,26
24,-24,23
57,-34,23
50,-29,14
48,-33,15
45,-32,23
36,-28,22
48,-28,34
80,-33,53
25,-29,21
54,-39,34
52,-27,18
44,-33,14
60,-33,23
44,-38,23
49,-36,16
47,-34,11
55,-35,8
49,-35,11
63,-24,12
62,-21,16
76,-25,27
59,-30,33
66,-29,23
42,-31,20
49,-35,16
57,-33,13
55,-35,7
54,-32,6
42,-31,22
30,-29,19
72,-27,32
46,-31,26
49,-29,28
51,-23,31
19,-32,23
49,-37,13
51,-33,5
53,-40,16
40,-28,13
42,-33,24
64,-24,26
52,-32,36
42,-24,28
51,-29,23
58,-32,24
35,-35,17
36,-31,18
75,-33,32
60,-29,19
47,-30,15
37,-29,16
51,-32,26
51,-30,25
48,-31,26
40,-32,25
56,-27,22
56,-24,22
50,-25,34
10,-27,12
65,-31,27
46,-38,17
50,-35,15
49,-28,15
48,-31,17
48,-22,19
66,-18,29
55,-28,28
44,-27,33
33,-29,24
54,-39,31
53,-31,2
61,-31,9
43,-30,20
53,-24,27
63,-26,42
36,-31,32
37,-35,28
54,-33,29
49,-34,23
47,-31,13
54,-30,18
48,-30,22
55,-30,26
69,-28,49
41,-30,28
42,-30,31
45,-27,19
47,-30,15
34,-31,9
49,-29,9
49,-25,3
55,-29,3
52,-30,-8
52,-32,-7
82,-27,-7
51,-34,-15
43,-43,5
51,-37,-15
62,-33,-20
52,-40,-14
49,-38,-15
48,-38,-19
47,-37,-28
49,-41,-27
47,-39,-26
50,-35,-28
54,-33,-26
36,-39,-16
49,-40,-16
53,-38,-20
43,-43,-15
55,-37,-14
50,-33,-11
44,-33,-8
52,-31,-6
43,-37,-10
48,-39,-11
52,-39,-8
52,-37,-6
56,-34,-16
51,-39,-11
54,-34,-9
47,-32,-13
55,-34,-6
42,-34,4
42,-34,3
66,-30,3
57,-35,7
23,-34,12
31,-41,16
83,-26,12
72,-27,6
55,-29,2
48,-30,12
44,-31,4
51,-34,2
64,-32,15
50,-30,9
51,-32,9
33,-31,-5
47,-35,8
52,-34,10
52,-31,16
59,-24,24
69,-26,25
58,-30,14
44,-32,16
37,-39,24
49,-42,27
36,-36,15
41,-30,17
58,-25,14
78,-29,19
63,-31,16
62,-34,20
55,-38,26
55,-34,24
26,-33,15
40,-34,20
59,-26,13
44,-29,15
69,-26,23
60,-27,21
57,-35,18
47,-38,20
35,-40,27
29,-31,14
45,-30,14
46,-33,25
47,-32,23
73,-22,24
64,-28,26
56,-35,27
39,-31,24
28,-33,23
35,-33,21
48,-34,26
44,-37,24
60,-29,17
63,-32,21
47,-32,20
53,-33,24
54,-29,25
43,-33,27
43,-32,32
52,-30,30
42,-32,19
47,-31,20
52,-29,18
45,-32,21
38,-36,21
48,-30,26
45,-29,22
54,-33,16
53,-34,14
45,-31,10
58,-28,7
48,-32,8
40,-34,8
57,-32,0
57,-36,-6
41,-38,-9
55,-31,-10
56,-36,-7
46,-37,-12
46,-37,-16
49,-38,-22
49,-37,-26
43,-40,-20
51,-40,-11
47,-41,-19
48,-42,-27
49,-41,-24
42,-43,-22
36,-44,-23
36,-46,-22
36,-45,-22
37,-44,-19
40,-44,-23
41,-44,-22
42,-42,-22
43,-40,-21
46,-41,-21
45,-42,-21
42,-41,-23
41,-42,-22
41,-41,-21
41,-41,-23
41,-40,-22
42,-40,-23
43,-39,-22
44,-40,-23
45,-42,-23
44,-42,-20
41,-42,-20
41,-43,-20
42,-41,-24
40,-42,-16
36,-41,-18
41,-42,-22
45,-45,-24
42,-43,-23
41,-37,-23
48,-36,-28
49,-34,-32
46,-29,-27
53,-27,-23
56,-26,-22
49,-26,-22
31,-38,-11
39,-32,-15
61,-37,-12
45,-38,-7
44,-35,-12
37,-39,-9
60,-48,-8
47,-44,-15
55,-36,-1
40,-38,1
57,-38,14
66,-32,11
58,-33,8
56,-31,8
46,-31,8
56,-34,16
56,-34,12
49,-30,9
41,-33,15
45,-31,18
41,-36,13
58,-37,21
46,-35,18
48,-36,21
48,-35,19
51,-35,19
50,-34,20
46,-35,18
52,-37,19
48,-36,20
45,-34,18
52,-36,21
51,-35,22
49,-33,23
47,-32,21
48,-35,20
49,-35,20
43,-34,20
48,-34,22
45,-35,21
46,-35,22
46,-34,21
48,-35,23
45,-35,22
46,-35,21
46,-34,20
46,-34,20
48,-36,20
50,-37,25
48,-35,25
48,-36,25
45,-37,23
45,-37,22
45,-36,22
47,-37,23
42,-38,21
43,-37,22
44,-36,22
46,-36,23
45,-36,22
47,-36,24
46,-36,24
46,-36,24
44,-37,24
46,-38,25
44,-37,25
43,-36,23
43,-38,22
46,-39,25
45,-37,25
44,-36,24
46,-37,24
46,-38,24
45,-37,25
46,-35,25
44,-37,23
47,-38,23
43,-37,23
44,-37,24
45,-36,23
45,-37,22
44,-37,24
44,-36,24
44,-36,24
46,-37,24
45,-37,25
45,-36,25
44,-36,24
45,-38,23
45,-38,25
43,-36,25
44,-36,25
46,-37,25
44,-38,24
45,-37,26
43,-36,25
44,-37,24
45,-39,25
46,-38,26
42,-36,25
43,-38,25
45,-40,24
42,-37,24
42,-37,25
44,-36,25
45,-38,24
44,-38,25
44,-37,26
42,-37,24
43,-38,25
45,-38,25
43,-37,25
42,-37,24
43,-38,25
45,-38,25
45,-36,25
43,-36,24
44,-36,24
44,-36,22
45,-36,23
46,-36,23
45,-36,23
45,-36,24
44,-37,24
45,-36,25
46,-36,25
47,-36,24
47,-35,24
48,-36,25
47,-35,24
47,-36,24
46,-36,24
46,-36,24
45,-36,24
46,-36,25
45,-36,24
45,-36,24
45,-35,24
45,-36,24
46,-36,24
45,-35,22
46,-34,22
47,-35,23
46,-36,24
46,-36,24
45,-36,25
44,-37,25
46,-37,25
44,-36,25
44,-37,26
43,-37,26
44,-37,25
46,-37,26
45,-37,23
49,-34,22
48,-34,20
51,-36,21
53,-36,21
61,-33,23
55,-33,22
54,-31,23
53,-29,23
48,-28,19
51,-26,19
54,-21,15
54,-21,13
49,-23,8
48,-25,10
53,-23,7
41,-25,8
44,-30,15
69,-31,8
53,-32,8
38,-29,9
60,-23,14
61,-22,13
52,-25,15
52,-29,20
55,-32,19
61,-33,24
47,-34,24
46,-36,28
45,-35,27
42,-37,29
43,-38,29
42,-37,27
43,-38,26
40,-40,26
38,-42,27
39,-44,31
37,-44,32
35,-42,29
36,-41,30
38,-39,29
38,-39,29
41,-39,30
40,-38,29
38,-39,29
38,-38,29
39,-40,30
39,-40,30
37,-39,29
38,-39,28
40,-39,30
40,-38,30
39,-38,30
40,-39,30
40,-39,30
40,-38,29
40,-39,29
39,-39,28
39,-40,28
39,-39,29
39,-39,29
38,-40,28
38,-40,29
39,-40,30
41,-40,31
38,-40,31
37,-40,30
39,-41,29
38,-40,28
37,-40,28
39,-40,30
38,-39,30
37,-40,30
38,-40,30
38,-40,29
38,-41,29
38,-41,29
37,-41,30
37,-41,29
37,-41,29
39,-41,30
38,-41,30
37,-40,30
37,-40,30
38,-41,30
37,-41,30
38,-41,30
38,-41,30
37,-40,30
37,-41,30
36,-41,29
36,-41,29
34,-39,26
34,-39,27
41,-41,31
40,-41,29
37,-41,29
38,-42,31
36,-42,29
34,-43,27
35,-44,27
34,-43,26
36,-45,26
35,-45,24
36,-46,28
33,-47,27
31,-46,26
33,-46,28
32,-46,27
34,-46,27
36,-47,28
31,-48,27
30,-48,25
30,-49,25
29,-48,24
30,-47,25
32,-48,26
31,-50,26
31,-50,26
29,-51,27
27,-51,25
29,-50,26
28,-50,25
30,-50,26
30,-50,25
31,-49,26
30,-48,25
30,-48,25
30,-47,26
30,-48,26
30,-47,26
31,-48,27
31,-47,27
31,-47,27
32,-46,28
32,-46,28
33,-46,28
31,-46,28
32,-46,27
34,-46,28
32,-46,29
31,-46,28
32,-46,28
31,-46,28
33,-46,28
33,-46,28
32,-46,28
32,-46,28
32,-46,28
33,-46,29
32,-46,28
32,-46,29
32,-46,27
32,-46,28
32,-45,28
33,-46,29
32,-46,29
32,-46,28
31,-45,27
32,-46,28
33,-47,28
32,-46,28
32,-46,28
32,-45,28
33,-45,28
32,-46,29
32,-46,29
32,-45,28
32,-45,28
33,-47,29
33,-46,28
33,-46,29
32,-46,29
32,-45,28
32,-45,28
33,-46,28
32,-46,28
32,-45,28
32,-45,28
33,-45,28
33,-45,28
32,-46,28
32,-46,28
33,-46,29
32,-46,28
32,-45,27
32,-45,27
33,-45,27
33,-45,29
33,-45,28
32,-45,28
33,-46,28
34,-46,28
33,-46,28
32,-46,28
32,-45,28
33,-46,28
33,-45,27
33,-45,28
32,-45,28
33,-45,29
33,-45,29
32,-45,28
32,-45,28
33,-44,28
33,-45,28
33,-45,29
33,-45,29
33,-45,29
33,-46,29
32,-45,29
33,-44,28
33,-45,28
33,-46,29
33,-45,29
33,-45,29
32,-45,30
33,-45,28
33,-45,28
33,-45,28
33,-45,28
32,-45,29
33,-45,29
33,-45,28
33,-45,28
33,-44,29
33,-45,29
33,-45,29
33,-45,29
34,-45,29
33,-45,29
32,-45,28
33,-45,29
33,-45,29
34,-45,29
33,-45,29
33,-44,29
34,-44,29
34,-44,29
33,-44,29
34,-45,29
34,-45,29
34,-45,29
34,-45,29
34,-44,28
35,-44,29
37,-44,29
36,-44,29
31,-43,28
32,-44,28
34,-45,28
34,-46,28
33,-44,27
34,-44,28
34,-44,28
34,-45,28
34,-45,28
34,-44,28
34,-45,28
34,-45,29
34,-45,29
34,-45,28
33,-44,28
34,-45,28
34,-45,28
34,-45,28
33,-44,29
34,-45,29
34,-44,28
35,-45,29
34,-45,28
34,-45,27
33,-45,27
33,-43,27
35,-43,28
34,-44,28
34,-44,29
36,-45,30
35,-46,30
34,-48,29
33,-48,28
33,-45,26
33,-45,27
32,-44,28
33,-44,29
35,-45,30
33,-45,29
31,-45,29
31,-44,28
31,-44,27
32,-45,28
33,-45,28
33,-44,28
33,-44,28
33,-45,29
33,-46,28
33,-45,29
33,-45,28
34,-45,28
34,-45,28
34,-46,29
34,-45,28
35,-45,28
35,-45,28
34,-46,28
34,-46,28
34,-46,28
34,-46,28
33,-45,28
33,-44,28
34,-45,28
33,-45,28
33,-45,28
33,-44,27
33,-45,28
33,-45,28
34,-46,29
33,-45,28
34,-45,28
33,-44,27
33,-44,28
34,-45,29
34,-46,29
34,-45,28
34,-45,28
34,-45,28
34,-45,28
35,-46,29
34,-45,28
34,-44,27
34,-45,28
34,-46,29
34,-46,29
33,-45,28
34,-45,28
33,-45,28
34,-46,28
32,-45,28
32,-45,28
33,-45,29
33,-45,28
32,-45,28
33,-44,28
33,-44,28
34,-44,29
33,-44,29
32,-44,30
32,-44,29
34,-42,30
35,-43,29
33,-43,30
31,-44,31
29,-45,30
29,-45,31
30,-46,31
28,-46,30
29,-48,29
27,-47,27
28,-46,27
33,-50,27
24,-53,26
22,-53,26
27,-54,30
32,-52,33
25,-49,24
26,-50,24
26,-51,26
26,-53,27
26,-51,25
28,-50,26
28,-51,25
26,-51,24
27,-52,23
30,-51,24
30,-51,25
27,-51,22
27,-51,22
28,-52,22
29,-51,22
30,-51,22
29,-51,23
28,-51,21
31,-51,22
33,-51,24
32,-50,23
30,-50,21
31,-51,22
31,-50,22
31,-50,23
30,-50,22
30,-50,22
30,-50,23
30,-50,22
31,-50,22
30,-50,22
30,-50,23
31,-50,23
31,-50,23
31,-50,22
30,-50,23
31,-50,23
30,-50,22
30,-51,22
31,-50,22
31,-51,22
30,-51,21
30,-51,22
31,-50,22
31,-51,22
30,-50,21
30,-50,22
31,-50,23
30,-50,21
30,-50,22
31,-50,23
31,-50,23
31,-50,23
31,-49,23
31,-50,24
31,-49,24
30,-49,23
30,-50,24
30,-49,24
31,-49,25
31,-49,25
30,-49,25
30,-50,25
29,-49,25
30,-49,26
29,-49,25
30,-49,26
30,-49,27
31,-49,27
28,-49,25
30,-50,27
28,-50,26
29,-50,27
29,-49,27
28,-49,27
29,-50,28
27,-50,27
29,-49,27
28,-49,26
28,-49,27
29,-49,29
29,-50,28
28,-51,28
29,-50,28
29,-49,28
29,-51,28
29,-51,29
33,-48,29
36,-45,28
35,-42,27
36,-40,25
37,-41,25
41,-42,25
42,-42,24
33,-39,21
35,-40,21
43,-42,22
39,-41,20
41,-40,20
41,-41,20
42,-43,20
41,-43,21
41,-43,21
43,-43,22
41,-43,23
41,-42,24
41,-41,24
41,-42,24
43,-42,23
43,-42,23
39,-42,22
38,-40,21
39,-40,21
40,-41,23
41,-42,23
39,-42,23
39,-43,23
37,-42,24
39,-42,26
39,-43,27
40,-44,27
39,-44,27
38,-44,27
39,-43,27
38,-43,26
41,-44,27
40,-43,28
40,-43,27
39,-43,26
45,-40,28
40,-39,26
42,-35,28
45,-34,29
45,-32,23
45,-32,25
46,-30,24
36,-29,15
46,-35,18
40,-39,13
45,-39,13
44,-41,12
43,-48,9
43,-42,8
31,-44,3
63,-47,-2
52,-47,-4
45,-43,5
37,-44,2
40,-43,-4
52,-43,-5
49,-40,-8
44,-42,-8
42,-44,-3
49,-43,-3
46,-43,-1
47,-43,1
50,-43,-2
48,-43,0
44,-43,-3
50,-40,0
56,-42,6
52,-40,7
51,-35,8
54,-39,9
53,-39,15
39,-37,19
30,-38,22
38,-39,28
39,-42,28
45,-41,31
38,-45,30
22,-43,24
19,-43,19
50,-37,18
52,-37,16
44,-34,14
54,-35,14
44,-34,23
43,-34,21
47,-38,11
49,-37,-7
57,-44,-3
39,-45,-7
54,-32,-15
58,-38,-18
46,-42,-25
38,-41,-24
53,-36,-27
49,-45,-23
51,-34,-21
59,-32,-17
51,-31,-18
51,-31,-11
50,-29,-14
48,-29,-12
54,-30,-5
52,-32,1
54,-29,3
60,-32,13
53,-32,13
49,-32,14
44,-32,18
50,-34,20
45,-33,20
48,-31,22
53,-26,19
59,-35,29
50,-32,24
44,-31,30
48,-31,32
51,-31,28
46,-34,29
32,-35,31
34,-35,32
37,-30,39
36,-30,41
33,-30,44
34,-31,37
37,-33,36
40,-34,36
40,-35,38
35,-34,36
36,-34,34
38,-35,38
35,-34,40
37,-35,39
36,-35,39
36,-34,39
35,-34,39
37,-35,39
36,-35,39
37,-36,39
36,-36,38
36,-35,38
37,-35,38
37,-35,38
37,-36,39
35,-35,39
35,-34,38
37,-35,39
37,-35,40
36,-34,39
35,-33,37
37,-33,38
36,-34,39
35,-34,38
36,-33,38
34,-32,39
35,-35,42
30,-35,38
24,-38,42
31,-37,44
40,-35,43
38,-37,40
37,-36,40
30,-32,34
24,-32,34
33,-32,31
43,-34,35
46,-30,31
45,-29,23
57,-30,23
63,-28,12
64,-29,5
44,-29,-8
64,-29,-11
57,-44,1
76,-23,1
57,-38,-10
48,-32,-14
55,-29,-12
51,-28,-8
49,-30,-11
53,-26,-18
51,-25,-18
48,-28,-18
52,-30,-17
58,-36,-14
56,-37,-14
53,-36,-11
51,-35,-10
51,-34,-11
50,-33,-13
52,-33,-14
52,-34,-13
53,-33,-13
53,-33,-13
52,-34,-12
52,-34,-12
53,-33,-12
52,-34,-11
53,-35,-10
52,-34,-11
51,-33,-9
51,-32,-9
52,-28,-10
55,-27,-12
56,-28,-11
55,-30,-11
53,-31,-11
54,-32,-10
54,-32,-10
54,-34,-9
53,-33,-9
51,-35,-9
51,-35,-8
52,-33,-7
53,-33,-6
53,-31,-7
52,-31,-8
52,-29,-9
54,-30,-10
53,-34,-13
54,-34,-11
52,-35,-7
52,-35,-9
53,-34,-9
53,-34,-8
52,-35,-7
54,-35,-8
51,-36,-6
50,-36,-6
51,-32,-10
54,-31,-11
51,-31,-7
50,-30,-7
49,-29,-8
50,-30,-9
52,-32,-10
53,-32,-9
56,-33,-8
56,-32,-7
55,-32,-5
51,-33,-8
53,-31,-10
52,-32,-10
52,-32,-10
53,-31,-12
52,-33,-12
55,-33,-12
53,-32,-12
51,-32,-13
52,-32,-15
53,-32,-15
55,-33,-14
53,-34,-14
52,-34,-13
50,-32,-14
51,-33,-13
50,-32,-15
51,-31,-15
51,-31,-13
53,-31,-11
53,-31,-12
53,-33,-15
53,-33,-14
52,-34,-12
51,-33,-12
53,-33,-12
53,-32,-12
54,-32,-13
54,-32,-13
52,-32,-13
51,-31,-14
52,-29,-13
53,-29,-14
53,-30,-15
53,-30,-13
52,-30,-14
53,-31,-13
53,-32,-14
53,-33,-15
53,-31,-14
53,-30,-14
53,-30,-15
54,-30,-14
54,-30,-14
54,-29,-14
53,-28,-16
52,-26,-16
52,-25,-17
56,-28,-17
55,-29,-18
53,-29,-17
54,-29,-16
53,-30,-16
53,-30,-16
55,-29,-16
59,-28,-15
62,-28,-6
43,-29,-6
49,-29,-14
60,-24,-20
61,-22,-19
59,-19,-16
51,-20,-16
63,-22,-17
50,-24,-18
53,-23,-12
50,-26,0
53,-32,-1
61,-34,-9
54,-32,-10
49,-28,-16
64,-24,-16
64,-24,-20
67,-20,-22
54,-17,-22
43,-17,-18
50,-24,-13
60,-30,-11
57,-29,-13
54,-29,-11
56,-29,-12
58,-28,-11
59,-27,-9
54,-28,-12
52,-28,-13
49,-27,-17
48,-26,-19
56,-25,-18
55,-28,-19
55,-26,-20
54,-26,-18
55,-27,-17
55,-28,-17
55,-29,-16
55,-29,-15
55,-29,-14
53,-26,-15
54,-27,-15
53,-27,-15
53,-26,-16
52,-25,-17
52,-26,-15
53,-26,-17
53,-27,-18
53,-26,-16
53,-27,-17
55,-27,-19
54,-28,-18
52,-28,-16
52,-27,-18
53,-27,-18
50,-27,-18
52,-28,-19
56,-30,-20
55,-27,-21
60,-28,-19
53,-28,-19
54,-28,-18
57,-28,-17
58,-28,-17
58,-29,-14
55,-25,-15
57,-25,-15
54,-24,-15
54,-23,-14
57,-22,-14
58,-22,-12
55,-21,-13
56,-20,-11
57,-20,-10
59,-20,-9
59,-20,-8
58,-19,-8
61,-20,-8
58,-20,-9
58,-18,-9
59,-19,-7
59,-19,-8
60,-19,-9
59,-19,-9
59,-19,-9
60,-18,-9
61,-19,-9
60,-20,-9
59,-20,-9
59,-19,-8
59,-19,-8
57,-19,-8
58,-20,-8
59,-20,-8
59,-20,-8
59,-20,-9
60,-19,-9
59,-19,-8
60,-19,-8
60,-20,-9
59,-20,-8
58,-19,-8
58,-19,-8
59,-19,-8
59,-19,-8
59,-19,-8
59,-19,-9
59,-19,-8
59,-19,-9
59,-19,-10
57,-20,-9
59,-21,-8
59,-21,-8
58,-20,-8
57,-19,-9
59,-19,-9
59,-19,-12
59,-18,-13
59,-19,-13
59,-20,-13
59,-21,-13
57,-21,-14
58,-22,-14
58,-22,-13
58,-22,-13
58,-22,-14
58,-23,-14
58,-24,-14
59,-24,-14
58,-24,-14
57,-23,-13
59,-23,-13
58,-23,-12
57,-24,-11
57,-23,-11
57,-23,-9
55,-23,-10
57,-23,-10
55,-22,-10
57,-22,-10
59,-23,-9
58,-22,-8
57,-22,-9
58,-23,-9
57,-24,-9
56,-25,-9
56,-25,-10
57,-26,-9
58,-27,-10
56,-28,-10
57,-26,-10
58,-24,-9
61,-24,-7
60,-24,-8
57,-25,-7
54,-25,-8
64,-29,-9
55,-32,2
43,-22,-4
66,-25,1
68,-19,-2
50,-20,3
59,-28,6
47,-36,1
60,-30,-6
58,-27,-11
57,-23,-9
50,-15,-17
55,-14,-19
61,-19,-12
67,-11,-9
54,-17,9
58,-33,7
46,-41,8
48,-45,2
57,-26,-12
52,-26,-13
48,-13,-23
54,-11,-19
63,-18,-8
76,-17,-8
74,-22,3
58,-26,5
43,-39,7
37,-49,10
59,-30,0
52,-26,-2
60,-20,-12
60,-18,-17
58,-13,-14
53,-12,-12
74,-20,-4
68,-22,1
54,-24,-4
42,-33,1
45,-44,9
62,-38,4
63,-25,-1
51,-21,-19
57,-16,-30
65,-13,-16
66,-11,-14
72,-16,-1
66,-20,5
54,-31,6
50,-34,0
47,-36,-1
55,-34,-6
50,-28,-15
53,-22,-19
57,-15,-16
61,-11,-9
65,-12,-7
69,-15,-4
67,-24,6
64,-26,5
54,-32,-3
44,-36,-2
51,-38,-4
53,-36,-7
57,-19,-13
56,-15,-18
59,-14,-11
59,-12,-7
64,-13,-3
69,-24,4
68,-26,5
58,-32,5
45,-34,4
51,-35,-1
52,-29,-10
55,-18,-14
55,-14,-13
55,-11,-10
58,-16,-5
73,-18,-2
75,-20,1
59,-26,5
55,-30,8
52,-32,2
44,-37,5
55,-34,1
56,-33,-1
59,-17,-16
51,-13,-19
56,-15,-6
70,-15,-7
66,-17,-5
62,-24,6
51,-23,2
41,-34,11
53,-37,18
60,-31,0
57,-25,3
55,-26,-1
63,-16,-9
63,-17,-8
63,-17,-7
63,-23,3
64,-19,3
54,-18,4
53,-19,0
61,-18,-7
54,-15,-13
46,-23,-4
34,-35,-4
49,-41,4
58,-45,7
67,-37,19
76,-35,32
70,-24,26
71,-12,15
73,3,-33
66,-3,-35
30,-17,-37
28,-43,-11
85,-7,-7
45,-25,-23
45,-23,-5
37,-28,-5
46,-27,-12
66,-57,29
81,-44,39
77,-24,30
80,-9,9
77,-2,-14
56,0,-32
47,-14,-38
39,-20,-35
44,-30,-20
59,-36,-33
31,-25,-32
30,-29,-7
51,-32,3
57,-39,10
99,-37,50
96,-33,39
66,-16,22
69,0,-31
58,-3,-51
76,-4,-32
36,-27,-25
20,-39,-27
43,-31,-31
32,-21,-19
39,-30,1
56,-43,22
73,-43,31
86,-35,43
68,-23,23
100,4,-6
84,7,-39
53,-1,-25
33,-17,-36
59,-18,-16
46,-28,-24
29,-29,-30
31,-33,-17
50,-47,26
57,-46,44
95,-24,48
97,-13,28
71,1,-36
64,5,-41
58,-7,-23
31,-30,-11
73,-27,-31
39,-29,-36
44,-24,-11
56,-43,18
65,-49,46
79,-29,51
77,-18,32
91,7,-20
77,3,-52
64,-4,-20
54,-17,-16
49,-36,-21
50,-36,-25
39,-23,-31
47,-24,-19
55,-45,32
59,-47,55
84,-23,52
74,-15,33
95,5,-22
74,4,-52
64,-5,-32
83,-25,-20
44,-26,-21
45,-29,-21
41,-30,-31
44,-34,-12
55,-46,43
71,-44,66
92,-15,56
84,3,-7
85,1,-42
56,-9,-35
74,-10,-16
20,-40,-16
51,-30,-19
40,-32,-35
42,-28,-14
65,-43,46
71,-49,73
72,-16,44
92,-2,19
68,5,-41
70,-3,-44
47,-30,-32
23,-37,-28
41,-32,-30
36,-30,-34
53,-32,18
64,-44,41
80,-40,64
76,-20,58
84,-5,-9
62,-2,-34
64,-10,-44
32,-36,-35
37,-28,-22
37,-32,-35
32,-35,-14
52,-30,25
65,-34,43
75,-34,70
67,-7,43
87,2,-33
104,-6,-46
41,-42,-39
12,-33,-26
47,-34,-8
45,-26,-3
44,-27,1
67,-24,5
58,-17,-3
67,-15,5
53,-20,9
74,-26,9
75,-25,13
74,-20,12
49,-18,6
48,-20,3
52,-20,7
56,-16,9
56,-11,4
47,-15,7
56,-15,3
68,-23,10
56,-20,3
59,-18,4
68,-12,6
63,-14,9
69,-15,14
60,-15,12
59,-12,7
55,-18,11
59,-17,12
59,-17,10
52,-20,8
62,-21,13
68,-26,14
76,-14,12
62,-16,9
53,-18,12
63,-8,4
39,-16,9
45,-19,7
63,-19,3
73,-19,12
63,-18,8
56,-16,2
67,-10,-4
63,-12,-1
61,-18,6
55,-14,-9
72,-17,11
57,-24,2
63,-15,-1
51,-19,-4
55,-18,4
57,-16,7
54,-16,5
46,-12,10
41,-12,10
50,-35,24
58,-32,28
63,-14,9
43,-26,3
53,-14,-17
68,-19,-19
53,-26,-5
55,-16,-15
56,-27,-4
63,-25,0
77,-14,-11
64,-18,-17
62,-13,-8
78,-21,-12
36,-20,-6
59,-29,28
91,-24,17
69,-14,7
59,-12,8
53,-16,1
67,-15,3
59,-6,9
54,-7,18
40,-9,13
48,-19,21
53,-18,26
76,-13,32
46,-19,23
45,-14,15
40,-10,9
50,-14,4
73,-6,-10
72,-3,-10
41,-18,8
47,-16,13
68,-32,27
91,-23,39
85,-14,49
65,-1,13
96,-10,-27
80,-23,-13
40,-14,-2
39,-31,13
58,-23,7
38,-30,-14
34,-25,5
50,-24,17
48,-19,-5
94,-20,7
127,-1,21
77,-9,-19
40,-13,0
50,-35,37
45,-25,1
84,-34,16
62,-22,22
73,-3,18
51,8,2
28,-8,9
20,-28,8
90,-9,29
68,-33,18
59,-22,-7
47,-23,-20
40,-19,-21
48,-13,-10
57,-33,11
78,-47,37
83,-41,38
76,-32,65
97,-14,66
51,27,-24
64,16,-26
59,-11,-31
49,-34,40
59,-21,-21
33,-19,-21
43,-30,-5
17,-21,-11
48,-11,-8
45,-27,-2
79,-42,22
98,-46,39
93,-21,66
72,-21,70
71,16,5
54,15,-18
65,2,-30
59,-10,-29
56,-70,-1
65,-12,-16
40,-40,-21
39,-21,-27
57,-18,-6
79,-48,47
86,-46,65
85,-20,55
50,-16,45
93,12,4
85,8,-29
63,-8,-19
57,-10,-17
46,-33,-8
65,-25,-6
26,-26,-31
45,-30,-22
47,-25,-6
57,-37,13
87,-37,60
86,-28,56
72,-12,40
85,5,21
69,0,-15
75,-4,-11
57,-14,-17
43,-22,-5
48,-29,5
44,-38,0
41,-28,-19
50,-28,-16
57,-38,23
64,-20,26
80,-20,32
76,-20,32
77,-6,16
75,4,-16
74,-1,-15
59,-9,-18
41,-23,5
51,-20,-15
67,-28,-10
48,-31,-17
40,-23,-14
56,-21,-4
62,-24,1
70,-34,26
80,-29,33
73,-20,25
64,-17,24
69,-2,-6
70,1,-13
63,-7,-24
54,-18,-18
47,-19,1
55,-28,-7
45,-25,-16
43,-28,-12
50,-21,-5
62,-24,-2
61,-26,-1
72,-33,22
75,-27,26
74,-16,24
72,-10,11
63,1,-15
71,0,-21
62,-11,-22
61,-16,-18
40,-17,2
56,-26,2
40,-26,-19
37,-28,-18
49,-26,-10
48,-21,-25
67,-31,0
68,-32,13
77,-23,25
74,-20,30
70,-11,23
72,-4,6
74,-1,-17
57,-5,-27
52,-8,-20
44,-21,6
46,-20,-6
58,-23,-5
40,-17,-31
43,-23,-10
31,-17,-11
63,-41,13
80,-35,23
69,-19,28
60,-18,31
69,-21,35
64,-18,25
65,-5,2
68,-3,0
71,-10,-4
63,-17,-9
49,-2,-3
60,-12,5
30,-29,-8
38,-32,-2
44,-30,-9
61,-30,-14
66,-24,12
76,-17,23
69,-23,45
77,-22,48
72,-5,9
65,10,-23
67,9,-23
55,-10,-2
40,-17,8
34,-19,-28
36,-29,-28
50,-30,-10
41,-28,-6
69,-35,21
68,-35,28
79,-21,32
69,-20,39
76,-2,29
75,4,13
71,5,-12
68,3,-10
63,-7,-18
55,-14,-4
54,-27,-4
53,-22,-15
44,-32,-17
51,-26,-6
67,-36,23
70,-29,28
70,-17,37
76,-11,39
84,-7,28
68,12,-12
75,10,-19
59,0,-24
58,-4,-21
39,-32,-10
39,-26,-28
41,-31,-26
48,-24,-29
69,-28,8
86,-33,37
82,-21,45
69,-23,38
87,-6,23
84,3,4
75,7,-19
69,6,-23
53,-7,-16
45,-31,13
32,-18,-37
47,-34,-28
40,-24,-22
44,-30,-11
74,-34,28
77,-32,37
74,-24,34
80,-2,18
83,14,-8
67,7,-26
63,5,-26
47,-27,-3
39,-20,-36
54,-32,-12
45,-23,-11
49,-20,-7
57,-19,-7
54,-16,-17
60,-14,-14
67,-15,-9
69,-13,-16
62,-18,-10
57,-17,-11
57,-22,-8
61,-20,-8
63,-16,-9
60,-12,-2
62,-10,-12
64,-13,-7
54,-11,7
75,-13,15
65,-12,-3
56,-14,0
65,-14,5
54,-17,-2
51,-17,-1
64,-13,-5
72,-18,2
45,-19,2
60,-27,11
86,-11,3
60,-15,7
69,-11,2
62,-11,0
61,-13,4
56,-4,-3
45,-25,4
51,-21,3
67,-25,11
65,-19,7
47,-14,-3
58,-25,12
73,-2,-1
73,-14,8
60,-11,2
66,-16,6
56,-9,-1
53,-22,8
50,-23,8
66,-16,4
70,-15,1
64,-20,8
64,-15,1
54,-27,3
64,-12,-1
59,-16,1
54,-14,-2
73,-21,7
52,-13,7
52,-25,14
52,-30,8
60,-22,15
57,-22,15
46,-20,8
52,-22,13
57,-22,13
60,-20,12
61,-17,14
61,-18,14
63,-23,13
63,-25,13
60,-22,14
60,-20,14
59,-20,13
59,-20,13
59,-21,11
61,-24,10
59,-21,10
61,-17,12
64,-17,15
59,-17,18
60,-18,22
44,-24,28
42,-23,31
42,-24,31
42,-23,33
37,-24,37
37,-23,34
36,-26,41
31,-25,42
34,-25,47
34,-25,48
31,-27,51
33,-25,50
27,-26,41
32,-26,37
37,-29,46
40,-28,46
31,-24,45
35,-24,45
39,-24,46
43,-21,40
41,-21,36
46,-25,36
51,-25,37
50,-21,32
49,-21,31
53,-23,34
50,-23,32
48,-22,30
51,-22,30
52,-22,29
48,-22,27
57,-24,28
55,-24,28
51,-24,26
53,-24,25
53,-24,24
52,-24,24
55,-23,23
56,-23,22
53,-24,19
54,-25,20
56,-25,24
56,-25,23
52,-25,22
52,-26,22
51,-26,22
51,-26,24
52,-26,24
53,-26,22
52,-25,22
53,-25,21
53,-25,20
54,-24,21
53,-24,21
54,-23,20
55,-24,20
55,-23,20
55,-24,20
55,-24,19
54,-24,19
54,-24,18
54,-24,17
53,-25,17
53,-25,17
55,-25,18
55,-25,19
55,-26,19
55,-26,19
55,-27,20
55,-27,19
53,-28,18
53,-28,18
53,-29,18
53,-29,18
53,-30,18
52,-30,18
53,-30,18
52,-31,19
51,-31,19
51,-30,17
51,-31,19
52,-31,19
52,-31,19
52,-29,19
53,-29,18
54,-29,18
54,-29,18
53,-28,17
53,-28,18
54,-27,17
55,-27,18
57,-27,19
57,-27,19
56,-25,17
55,-24,16
53,-24,13
51,-23,12
62,-20,18
67,-17,15
60,-17,12
60,-17,13
60,-16,13
60,-14,9
58,-14,6
62,-15,1
64,-17,4
58,-19,6
59,-19,2
58,-17,-6
61,-15,-4
57,-13,0
54,-11,-7
56,-7,-9
62,-8,-9
49,-14,-6
48,-11,-16
61,-9,-12
52,-10,-10
64,-15,-11
65,-15,-18
58,-14,-21
58,-12,-16
53,-16,-19
55,-18,-23
56,-22,-26
50,-26,-22
53,-25,-20
54,-28,-22
55,-30,-20
53,-30,-16
55,-32,-16
52,-31,-18
53,-32,-17
54,-31,-16
52,-32,-20
51,-32,-20
52,-32,-17
52,-32,-20
53,-34,-18
54,-33,-16
53,-32,-16
52,-33,-15
53,-32,-16
52,-33,-16
51,-32,-16
51,-33,-15
51,-33,-15
52,-32,-17
52,-32,-18
50,-31,-18
51,-31,-18
51,-31,-18
52,-32,-17
52,-32,-18
52,-30,-16
52,-31,-15
52,-31,-15
52,-30,-16
53,-30,-14
54,-32,-14
53,-31,-15
56,-30,-15
57,-31,-12
57,-30,-12
61,-31,-10
63,-33,-11
59,-35,-1
48,-33,-7
40,-30,-5
27,-30,-6
52,-23,-3
58,-22,-6
38,-26,-9
51,-24,-12
62,-29,-12
55,-32,-9
62,-33,-6
62,-39,-1
64,-42,-3
65,-34,-9
68,-34,-8
60,-31,-9
57,-26,-10
55,-23,-10
47,-22,-12
49,-22,-3
48,-21,-4
42,-23,-5
38,-26,-2
53,-28,-1
49,-30,-7
56,-31,-6
61,-28,-10
61,-31,-12
57,-33,-11
60,-32,-4
65,-33,-2
57,-38,-1
58,-38,-2
69,-35,-7
69,-34,-7
53,-30,-9
66,-30,-3
53,-29,-6
42,-18,-1
48,-21,3
48,-21,4
44,-18,8
54,-18,13
39,-20,8
74,-26,24
73,-24,23
54,-22,9
59,-25,11
51,-31,5
61,-29,3
55,-31,-9
52,-34,-3
41,-38,-4
53,-35,-1
68,-32,-2
56,-33,0
49,-33,4
59,-32,5
69,-33,-1
59,-31,-1
60,-29,-5
71,-27,-5
64,-24,-4
52,-19,-5
41,-17,-4
37,-18,-4
39,-19,-5
56,-22,-4
50,-24,-8
55,-31,-8
54,-32,-1
64,-32,-5
69,-32,-7
59,-36,5
67,-34,-1
67,-30,-9
70,-30,-6
56,-30,-9
65,-29,-8
57,-25,4
55,-23,15
70,-30,11
43,-27,6
51,-27,20
51,-27,22
33,-26,23
37,-25,28
38,-20,26
33,-22,27
37,-21,30
51,-27,35
48,-25,37
56,-25,37
34,-26,23
38,-32,30
30,-24,18
67,-24,19
57,-24,15
64,-23,12
77,-16,12
59,-22,-16
56,-35,-15
61,-30,-11
66,-24,-4
58,-27,-6
59,-33,-10
65,-33,-8
53,-36,4
61,-29,-8
58,-37,-8
49,-38,-17
35,-38,-26
44,-42,-18
40,-37,-12
50,-28,-16
62,-21,-3
70,-21,17
71,-29,13
75,-26,-3
85,-32,-3
76,-28,-22
53,-27,-18
38,-27,-16
27,-34,-11
33,-30,-6
37,-35,7
43,-27,7
69,-23,0
89,-19,6
53,-19,5
72,-23,13
72,-20,24
64,-30,7
85,-25,-2
75,-25,-14
45,-32,-18
32,-36,-9
30,-33,4
44,-30,9
52,-26,13
52,-31,13
72,-18,-5
65,-15,-5
73,-22,15
81,-20,19
76,-24,6
62,-29,7
66,-25,3
38,-27,-1
43,-26,-3
51,-40,-5
31,-43,-4
44,-28,2
65,-23,6
73,-18,22
53,-19,18
82,-20,25
96,-10,2
77,-31,-8
66,-18,-10
31,-26,-9
31,-29,-17
56,-41,0
43,-40,2
42,-26,-2
69,-29,7
80,-11,18
63,-14,25
86,-16,16
81,-32,-1
83,-22,-12
44,-24,-10
34,-29,-9
33,-29,-3
38,-37,8
40,-28,0
59,-24,1
80,-20,13
71,-9,9
83,-36,29
77,-18,18
87,-28,-9
60,-27,-5
36,-24,-17
51,-28,-12
34,-35,6
20,-37,6
57,-27,2
74,-17,0
73,-25,13
70,-24,15
77,-24,10
82,-29,3
55,-22,-11
44,-26,-11
51,-29,-12
22,-41,-7
15,-31,-2
79,-23,14
83,-16,12
62,-36,42
79,-21,17
90,-24,-2
85,-18,-18
37,-27,-13
28,-21,-15
34,-39,3
29,-36,-4
59,-32,1
59,-28,-1
83,-14,14
82,-24,18
73,-18,5
69,-23,-4
54,-24,-2
68,-29,-14
37,-30,-19
36,-34,-9
46,-27,-9
48,-27,-8
61,-25,0
67,-31,8
69,-24,2
61,-32,-7
73,-26,-6
63,-36,-11
58,-28,-12
57,-24,-11
52,-22,-14
46,-20,-8
42,-21,-3
36,-14,-10
42,-13,-11
73,-24,2
71,-21,2
53,-25,-6
62,-29,-3
77,-23,-5
65,-28,-4
65,-24,-3
67,-26,-3
60,-27,-1
59,-20,-1
53,-16,9
38,-21,18
64,-23,25
55,-26,23
39,-18,31
67,-25,23
71,-27,29
38,-27,27
48,-21,21
66,-32,18
66,-34,14
54,-29,26
54,-21,23
57,-26,19
35,-21,16
59,-19,17
74,-18,14
47,-17,15
56,-21,17
61,-14,19
58,-19,21
55,-19,32
69,-15,28
49,-19,28
42,-16,26
58,-20,31
57,-20,29
46,-23,27
51,-25,27
56,-23,31
45,-24,34
49,-24,32
41,-24,36
43,-23,39
36,-23,36
35,-21,35
42,-18,31
44,-20,28
50,-23,27
56,-22,33
54,-25,32
50,-26,32
47,-28,14
58,-32,15
67,-29,7
65,-30,1
52,-38,-6
62,-38,-3
66,-38,-8
65,-45,-1
65,-33,-5
58,-30,-5
62,-26,-5
54,-25,-1
47,-23,4
37,-23,5
33,-25,6
36,-28,6
54,-27,3
53,-35,-2
61,-31,-5
64,-36,-8
68,-34,-14
65,-34,-10
62,-33,-3
63,-38,-17
57,-36,-8
74,-28,5
55,-37,-1
66,-29,0
58,-29,-4
56,-25,-4
45,-30,6
40,-25,11
35,-26,14
54,-25,26
43,-26,24
58,-26,30
64,-25,32
39,-21,27
36,-27,31
46,-27,45
39,-29,53
40,-20,41
31,-24,38
35,-30,44
40,-23,51
48,-15,33
47,-16,30
46,-21,30
58,-23,32
60,-28,28
68,-30,30
48,-33,23
46,-35,30
53,-29,36
21,-40,31
28,-34,23
58,-35,31
50,-38,12
59,-36,17
43,-38,18
52,-35,27
35,-30,17
87,-34,22
65,-28,25
35,-37,6
88,-30,13
67,-37,15
45,-29,16
56,-23,14
64,-29,20
44,-24,18
49,-26,19
35,-31,21
34,-37,24
38,-38,23
46,-35,23
51,-32,17
58,-36,15
62,-30,13
62,-28,11
63,-20,0
66,-27,23
52,-20,15
47,-18,10
56,-22,18
48,-23,20
44,-22,14
53,-23,14
57,-24,13
61,-26,15
58,-23,15
50,-21,15
57,-24,18
55,-24,17
54,-24,19
54,-24,17
54,-25,18
56,-25,21
53,-26,18
58,-27,18
58,-31,19
60,-30,19
56,-29,17
55,-28,19
53,-25,17
54,-24,17
54,-25,19
53,-26,19
57,-27,20
58,-28,20
55,-29,17
55,-30,17
54,-29,17
58,-28,16
53,-27,17
50,-27,17
53,-27,17
52,-26,16
55,-28,19
52,-29,21
52,-30,20
51,-33,19
50,-28,18
49,-22,18
52,-19,19
52,-19,18
56,-22,17
57,-25,20
54,-25,18
58,-27,21
57,-28,19
55,-32,19
53,-30,18
51,-22,20
55,-20,21
53,-20,18
55,-24,20
50,-30,20
51,-31,21
54,-34,22
52,-32,21
50,-21,21
52,-18,21
54,-20,19
54,-25,20
53,-28,21
52,-29,22
51,-31,22
50,-26,22
48,-25,22
52,-25,22
51,-26,21
52,-32,22
52,-33,23
51,-30,23
49,-27,22
54,-24,23
53,-25,22
53,-31,24
52,-30,23
51,-27,24
51,-28,24
50,-27,24
50,-26,24
51,-27,21
52,-27,21
53,-29,22
52,-29,22
52,-29,22
51,-28,21
52,-27,21
52,-27,21
52,-27,21
52,-28,22
53,-28,22
52,-28,21
53,-28,21
52,-29,21
52,-29,22
53,-27,22
52,-27,22
52,-28,23
52,-28,22
52,-27,22
53,-27,22
53,-27,23
52,-25,22
53,-24,22
53,-24,21
53,-25,20
53,-25,20
53,-25,21
53,-25,21
53,-25,21
52,-25,21
52,-26,22
52,-26,21
52,-25,22
52,-26,22
53,-28,22
53,-28,22
53,-27,22
53,-27,22
53,-27,22
52,-28,22
53,-27,22
53,-26,23
53,-26,23
52,-26,22
52,-26,22
53,-27,22
52,-27,22
51,-27,22
51,-28,23
52,-28,22
52,-27,22
52,-27,22
52,-27,23
51,-27,24
51,-27,23
52,-27,23
52,-27,23
52,-27,23
52,-28,23
52,-27,23
52,-27,23
52,-27,24
51,-27,24
51,-27,23
51,-28,23
51,-28,23
51,-27,23
51,-26,23
50,-25,24
51,-26,25
50,-27,25
50,-27,25
50,-28,26
51,-29,26
51,-29,25
51,-29,25
51,-29,26
50,-27,25
50,-27,25
50,-27,24
50,-28,23
50,-28,23
51,-30,24
51,-30,24
51,-29,24
50,-30,24
50,-29,25
51,-29,25
51,-30,25
52,-30,24
52,-32,25
49,-31,26
47,-30,25
48,-29,25
48,-29,24
50,-28,25
49,-28,25
49,-29,25
50,-29,25
49,-29,25
51,-29,25
50,-29,26
50,-29,26
49,-30,25
49,-30,25
50,-29,26
50,-29,26
49,-30,26
49,-30,25
48,-31,26
48,-30,26
49,-30,26
47,-30,25
47,-31,25
46,-30,25
47,-30,27
48,-31,28
49,-31,27
46,-29,25
51,-31,29
50,-31,29
48,-30,28
46,-31,27
47,-31,28
46,-31,27
47,-31,27
46,-30,28
46,-30,28
46,-31,28
47,-31,30
48,-31,30
46,-31,29
47,-30,30
46,-31,29
47,-32,30
47,-33,30
47,-30,31
48,-30,30
48,-30,30
48,-28,31
49,-29,32
50,-28,29
48,-25,30
47,-25,35
44,-30,26
43,-34,18
39,-29,23
41,-29,44
22,-28,32
56,-41,26
44,-34,26
47,-27,43
40,-27,39
51,-34,28
53,-34,25
51,-28,38
49,-26,42
37,-27,26
45,-31,27
51,-26,36
49,-25,40
42,-27,30
45,-31,28
47,-28,32
46,-28,37
39,-28,33
46,-32,25
45,-28,26
56,-26,50
49,-25,48
45,-30,23
43,-30,19
57,-28,36
53,-27,43
35,-26,31
42,-30,24
49,-28,30
52,-29,41
39,-28,35
40,-30,27
51,-29,29
52,-28,37
43,-28,35
40,-28,26
43,-28,25
50,-29,38
44,-28,39
42,-30,29
43,-32,23
49,-29,28
50,-26,42
42,-28,33
40,-30,31
49,-32,35
52,-31,37
49,-27,36
48,-26,34
50,-25,31
49,-24,32
47,-23,35
43,-23,33
51,-24,33
53,-25,30
42,-24,31
43,-24,35
41,-22,37
38,-22,36
43,-23,39
29,-24,40
51,-23,46
42,-24,41
50,-23,35
44,-24,32
36,-27,32
41,-27,29
41,-27,37
38,-28,38
43,-25,39
46,-24,42
50,-23,37
47,-27,35
50,-29,37
48,-29,33
51,-29,32
48,-30,33
47,-30,33
45,-30,30
46,-28,29
47,-29,34
48,-31,33
45,-32,30
46,-32,31
46,-31,32
46,-32,33
45,-34,32
44,-33,31
45,-30,30
46,-30,30
46,-31,27
44,-30,26
46,-31,29
46,-32,28
45,-32,28
44,-31,28
46,-30,31
45,-32,32
45,-32,29
46,-29,32
46,-29,32
46,-31,30
46,-31,30
47,-30,32
47,-30,32
47,-32,31
45,-31,29
45,-29,30
46,-29,31
46,-31,29
45,-31,28
47,-28,30
48,-29,31
47,-32,29
46,-33,28
46,-30,30
47,-30,32
45,-32,30
44,-32,29
45,-30,30
46,-30,31
45,-32,29
44,-31,29
45,-30,30
46,-31,30
45,-31,29
45,-30,28
47,-29,29
47,-31,29
46,-32,28
46,-29,28
47,-28,30
48,-31,29
47,-32,28
46,-30,29
47,-28,30
49,-32,30
46,-33,29
46,-31,28
47,-29,30
47,-31,30
47,-33,29
45,-30,28
47,-29,29
48,-30,29
48,-31,28
46,-30,27
46,-28,27
50,-30,29
46,-31,25
45,-31,25
47,-29,26
47,-29,26
47,-31,25
46,-31,25
47,-31,26
47,-31,26
47,-31,26
47,-31,26
48,-32,25
48,-33,25
50,-32,24
50,-32,24
50,-33,24
50,-32,23
49,-32,22
50,-32,22
52,-32,22
53,-31,21
53,-31,21
53,-30,21
52,-32,22
52,-32,22
51,-33,23
48,-35,24
48,-35,24
46,-36,24
46,-35,25
46,-34,24
47,-31,23
55,-28,27
54,-28,28
51,-30,26
46,-31,25
41,-32,23
40,-33,25
42,-34,29
41,-34,29
40,-32,28
42,-31,29
47,-31,32
49,-31,32
46,-31,29
47,-31,29
47,-31,30
47,-30,29
47,-30,29
46,-29,29
46,-30,29
47,-31,28
45,-31,28
46,-30,28
46,-30,28
48,-31,29
48,-31,29
47,-32,29
47,-32,29
46,-32,29
46,-31,29
46,-32,28
46,-32,29
45,-32,28
45,-32,28
46,-31,28
46,-32,27
47,-31,27
47,-31,27
49,-33,28
48,-33,28
46,-33,26
47,-33,27
45,-31,26
47,-32,26
46,-31,25
48,-30,27
44,-25,24
53,-18,22
126,-17,45
92,-23,29
60,-32,9
71,-24,9
67,-23,8
37,-23,1
26,-21,-4
25,-17,-1
21,-16,-2
19,-13,-4
31,-12,5
94,-14,2
73,-12,-18
4,-43,6
42,-50,25
93,-30,28
60,-27,19
76,-32,34
85,-32,36
42,-28,24
30,-30,22
31,-39,19
31,-42,15
34,-58,27
27,-47,27
45,-54,43
36,-49,32
34,-55,30
34,-51,23
36,-48,24
33,-50,22
29,-52,23
32,-50,24
30,-50,24
31,-49,22
31,-50,22
32,-50,23
27,-50,22
31,-49,22
32,-49,24
33,-49,22
32,-49,21
31,-50,22
32,-50,22
32,-50,22
32,-49,23
32,-49,22
32,-50,22
31,-50,21
33,-49,22
32,-49,23
33,-48,23
31,-50,22
32,-49,22
32,-49,22
34,-48,22
32,-50,21
31,-50,21
32,-50,21
33,-49,21
33,-49,21
31,-49,20
35,-51,21
34,-49,21
32,-50,21
31,-50,20
33,-50,20
32,-50,20
32,-49,21
32,-50,20
32,-50,21
32,-50,20
32,-50,21
30,-50,22
31,-49,22
30,-49,24
30,-50,25
31,-57,26
40,-62,31
52,-56,25
46,-49,22
60,-33,19
55,-26,12
66,-20,12
38,-20,-14
29,-23,-17
55,-28,1
61,-33,16
53,-19,1
56,-21,-4
60,-30,9
55,-27,3
48,-28,2
52,-25,2
55,-22,11
56,-22,7
59,-25,2
67,-24,8
62,-23,8
56,-24,4
62,-24,12
55,-26,11
61,-23,9
59,-23,11
51,-23,9
56,-21,6
54,-22,6
56,-23,6
56,-23,6
60,-26,4
58,-27,5
57,-27,1
59,-28,0
58,-29,0
52,-30,-3
67,-28,0
64,-29,9
41,-35,-1
54,-31,1
72,-24,-12
47,-22,-15
58,-22,4
59,-24,0
55,-26,-10
61,-24,-2
42,-28,5
41,-26,-5
65,-25,0
55,-30,-2
62,-23,0
62,-21,1
72,-23,2
71,-25,4
46,-26,3
64,-15,-13
66,-20,1
46,-25,3
38,-29,4
49,-39,12
69,-32,7
39,-22,-3
38,-26,2
69,-23,13
43,-21,12
63,-15,22
65,-14,23
76,-13,29
68,-12,33
39,-29,26
44,-38,24
44,-40,15
29,-33,4
72,-26,19
56,-24,11
61,-13,15
52,-12,26
55,-9,23
73,-12,19
72,-10,16
44,-17,15
64,-24,20
42,-34,14
49,-38,18
65,-25,20
56,-19,11
54,-20,10
60,-16,11
50,-17,11
56,-12,13
60,-8,12
72,-3,11
83,-13,12
68,-19,9
49,-28,23
29,-11,3
53,-45,22
79,-32,22
48,-16,10
53,-14,18
53,-8,18
62,-7,17
59,-19,16
59,-17,17
67,-10,10
69,-17,18
42,-22,12
54,-30,25
46,-23,19
52,-35,28
69,-34,32
56,-18,24
57,-12,28
41,-12,19
41,-14,16
60,-5,6
85,-4,18
46,-12,16
54,-13,21
74,-12,27
46,-26,20
37,-24,32
42,-23,39
47,-40,33
74,-31,32
67,-12,26
51,-10,17
56,-7,10
47,-7,2
59,-10,12
65,-13,12
76,-9,18
62,-10,23
36,-27,22
59,-37,26
58,-24,23
54,-27,16
64,-15,20
51,-14,20
52,-11,14
51,-5,13
60,-10,9
64,-12,20
51,-24,18
74,-24,17
74,-20,17
51,-15,12
56,-16,10
54,-12,8
58,-14,11
65,-15,9
68,-12,10
62,-17,16
62,-20,14
64,-23,18
48,-22,14
46,-26,14
56,-18,12
56,-12,11
62,-2,8
63,-7,12
72,-16,15
67,-17,15
68,-31,14
70,-29,17
39,-25,12
35,-14,10
60,-11,2
72,-5,6
69,-7,5
72,-13,15
60,-26,18
59,-27,19
59,-21,17
56,-27,16
37,-18,10
50,-13,7
62,-7,3
68,-4,6
80,-13,14
68,-16,13
38,-37,15
52,-42,14
61,-27,14
51,-18,9
60,-21,13
59,-17,12
55,-9,14
60,-6,13
62,-12,12
67,-16,10
71,-15,13
58,-30,18
35,-35,12
52,-32,18
56,-32,14
59,-11,4
63,-9,7
65,-7,7
67,-7,6
68,-13,13
61,-19,15
52,-25,12
57,-36,14
50,-35,12
44,-27,9
61,-17,12
60,-12,10
58,-5,7
62,-17,6
74,-20,10
67,-24,11
54,-27,11
51,-33,7
57,-24,8
52,-24,5
54,-23,4
67,-17,7
67,-17,12
53,-14,7
67,-14,12
59,-21,12
56,-21,8
65,-24,12
54,-26,7
53,-20,6
57,-18,3
65,-8,6
51,-8,9
63,-16,15
67,-21,11
63,-35,10
62,-43,23
48,-15,17
47,-17,13
56,-9,6
83,-8,13
70,-12,16
58,-28,15
64,-25,17
50,-23,11
49,-21,11
51,-17,9
54,-17,11
63,-18,11
69,-19,9
63,-17,11
54,-19,8
67,-15,5
78,-11,9
57,-15,7
51,-17,8
63,-19,13
59,-19,11
51,-35,14
52,-39,13
61,-19,17
51,-22,14
57,-15,14
62,-11,13
63,-11,9
70,-16,14
60,-25,12
52,-26,13
54,-28,14
53,-34,11
52,-22,6
62,-7,10
57,-4,4
80,-9,7
81,-22,12
38,-37,11
40,-33,16
64,-25,17
53,-25,11
51,-21,8
57,-18,7
69,-14,8
66,-8,9
63,-11,12
67,-15,10
67,-18,6
59,-26,9
44,-34,12
50,-32,19
58,-32,17
66,-18,7
62,-15,6
57,-6,8
55,-3,5
69,-9,18
56,-18,14
44,-24,18
70,-34,30
59,-30,-3
54,-18,7
48,-30,23
44,-22,14
57,-32,38
44,-32,26
66,-18,3
61,-4,19
57,-9,36
70,-13,33
53,-13,11
49,-22,13
46,-31,18
41,-30,8
70,-24,3
74,-26,0
45,-28,-10
44,-26,-5
43,-31,5
52,-29,6
58,-25,40
62,-28,26
77,-9,16
63,-20,-13
62,-31,-9
48,-33,1
48,-33,-4
59,-36,8
62,-26,35
77,-17,-7
72,-12,-17
32,-21,15
76,-14,-10
44,-32,24
33,-34,4
56,-27,-4
48,-32,7
47,-24,27
40,-30,16
71,-47,9
80,-49,-2
49,-31,-19
34,-23,-15
55,-27,10
49,-28,7
64,-30,15
61,-33,17
57,-37,12
55,-38,11
53,-37,12
56,-31,5
57,-27,1
49,-28,0
49,-28,-4
54,-29,-2
59,-30,-2
58,-29,-1
55,-30,-1
56,-27,3
62,-28,5
56,-30,7
47,-29,10
61,-29,6
52,-30,6
46,-32,9
46,-33,9
55,-32,7
53,-32,8
50,-31,8
52,-30,8
55,-30,6
56,-29,4
58,-30,7
56,-31,7
56,-30,6
59,-29,8
57,-30,8
57,-30,7
56,-30,7
55,-31,6
56,-31,6
54,-32,7
54,-32,7
53,-32,8
53,-32,8
53,-32,8
53,-32,8
52,-32,7
52,-32,7
54,-32,8
53,-32,8
53,-31,7
54,-32,8
54,-33,9
54,-34,9
52,-34,8
52,-33,8
52,-32,9
52,-32,8
53,-32,7
53,-32,8
54,-33,8
53,-34,7
53,-34,7
53,-33,8
53,-32,8
53,-32,8
52,-33,8
52,-34,8
52,-34,8
53,-29,6
47,-36,4
49,-43,5
53,-37,7
60,-32,12
54,-38,11
47,-34,8
50,-35,9
55,-37,13
52,-37,12
53,-35,14
53,-34,15
56,-34,17
54,-34,18
55,-30,17
51,-29,16
55,-28,18
55,-26,20
57,-23,21
57,-20,19
59,-18,19
62,-14,20
59,-12,21
63,-7,23
68,-9,23
67,-4,21
66,0,22
62,4,20
59,4,18
48,5,16
49,3,17
56,-7,15
52,-13,18
52,-13,14
52,-16,16
53,-24,13
44,-28,10
51,-34,12
55,-32,9
60,-29,20
54,-28,16
45,-33,13
52,-29,22
47,-32,25
59,-29,22
53,-31,25
49,-30,27
49,-31,27
54,-27,19
54,-29,21
54,-29,23
49,-28,18
55,-28,19
70,-25,20
55,-31,16
56,-29,17
56,-28,15
54,-28,18
49,-29,24
43,-32,18
54,-31,22
50,-33,22
49,-35,22
44,-35,22
43,-35,22
46,-34,23
53,-34,28
47,-34,29
39,-32,23
57,-31,23
54,-32,23
50,-31,28
50,-30,25
49,-31,24
53,-31,24
52,-26,13
46,-28,12
47,-30,11
54,-29,16
60,-29,14
47,-33,15
47,-30,16
47,-30,14
52,-32,12
54,-34,10
71,-33,10
67,-32,9
61,-31,13
49,-32,6
50,-30,6
61,-32,7
48,-34,2
55,-31,3
51,-30,-1
53,-31,3
51,-31,1
52,-29,-3
51,-30,-5
64,-29,-3
61,-31,-1
56,-29,4
47,-27,-2
61,-27,-4
65,-23,-8
37,-44,1
59,-37,6
46,-36,-12
57,-32,-7
44,-41,-7
47,-32,-5
70,-26,6
73,-30,2
48,-28,-3
43,-23,3
53,-30,1
52,-35,2
47,-35,-7
51,-29,-7
56,-32,1
56,-33,-1
52,-32,0
66,-30,-5
50,-32,-9
55,-24,-3
56,-23,-8
56,-22,1
54,-32,3
60,-30,-3
54,-33,2
55,-30,5
54,-35,8
55,-34,-9
44,-36,-11
56,-28,-5
57,-30,1
70,-30,-6
59,-28,-3
47,-21,4
52,-25,6
64,-29,-4
53,-31,-10
49,-28,-2
48,-32,-10
55,-31,-11
54,-33,-1
57,-29,-10
62,-29,-11
59,-28,1
75,-24,-4
58,-26,-3
51,-24,2
56,-29,-4
64,-28,5
47,-38,-5
50,-34,0
43,-33,-2
41,-34,1
50,-33,-2
58,-37,9
64,-30,6
50,-26,5
51,-26,-3
67,-30,0
49,-27,-5
62,-20,0
59,-22,-7
52,-32,0
53,-30,3
60,-30,-6
53,-31,-8
53,-33,0
61,-34,-4
49,-28,-11
55,-30,-4
57,-31,-5
52,-29,-6
52,-30,7
58,-27,-12
59,-26,-9
57,-27,1
56,-26,-2
46,-31,2
53,-32,1
68,-25,0
67,-28,2
54,-27,-3
70,-25,2
45,-27,-2
48,-26,-2
49,-31,6
51,-33,8
51,-29,9
36,-31,16
47,-34,8
49,-33,6
69,-28,10
65,-26,8
45,-27,-2
64,-24,1
60,-28,-2
55,-28,-4
54,-30,-4
61,-26,0
63,-25,4
59,-24,-3
62,-24,-3
55,-24,-3
47,-25,-1
40,-34,8
50,-27,2
74,-26,9
53,-24,4
56,-24,5
61,-22,10
64,-23,10
59,-23,26
46,-24,18
48,-25,24
40,-28,28
58,-30,35
39,-30,32
39,-30,31
27,-33,33
28,-29,29
55,-28,29
49,-29,27
45,-32,26
50,-27,15
65,-26,10
48,-28,15
47,-29,6
66,-23,9
59,-25,6
58,-27,4
70,-22,7
64,-29,6
61,-28,6
50,-29,5
61,-24,2
53,-28,-5
60,-25,-14
67,-27,-18
50,-28,-12
53,-29,-2
61,-23,-12
46,-29,-5
50,-26,-2
61,-31,2
74,-22,2
61,-22,2
54,-20,8
71,-22,10
44,-27,10
40,-25,13
45,-24,18
42,-23,21
53,-23,22
62,-21,25
59,-20,25
53,-18,18
61,-23,22
54,-23,18
63,-20,20
57,-18,15
57,-20,20
57,-21,28
46,-21,30
48,-23,32
57,-25,34
54,-23,31
40,-19,28
45,-21,23
59,-22,21
55,-22,19
51,-19,10
66,-16,13
73,-15,11
57,-13,11
64,-19,11
49,-23,16
48,-21,18
51,-24,21
50,-25,21
50,-22,22
59,-20,18
60,-19,13
60,-20,18
48,-21,9
56,-19,9
54,-21,10
53,-20,9
61,-20,14
62,-21,14
70,-22,20
63,-19,19
50,-19,21
65,-18,22
65,-16,13
55,-21,15
46,-26,17
56,-21,4
72,-23,3
72,-24,-3
65,-14,-3
63,-14,2
55,-16,-2
71,-19,7
68,-15,8
53,-21,13
47,-21,15
61,-25,29
50,-26,30
34,-27,24
38,-28,27
46,-28,30
42,-26,29
35,-26,26
54,-26,34
49,-19,31
46,-20,32
49,-21,34
44,-22,32
53,-24,35
51,-20,35
52,-21,34
52,-23,34
50,-19,37
47,-18,34
46,-20,36
53,-20,38
48,-21,35
54,-21,36
52,-19,33
47,-18,32
47,-18,33
40,-17,27
50,-19,32
48,-26,37
49,-29,38
52,-29,35
57,-26,39
43,-17,37
46,-16,34
60,-19,37
55,-21,41
48,-21,35
52,-25,37
52,-26,32
55,-26,43
47,-15,29
52,-14,34
34,-13,21
34,-16,21
43,-16,32
49,-17,27
44,-34,34
50,-26,33
57,-15,35
61,-15,43
51,-17,45
42,-31,32
54,-32,30
53,-18,34
50,-15,39
43,-23,32
47,-29,28
49,-20,25
51,-16,34
50,-21,36
46,-27,28
50,-32,27
49,-25,31
52,-23,37
56,-25,36
43,-27,31
48,-28,35
49,-21,34
40,-23,34
36,-28,36
42,-28,39
46,-29,40
42,-28,40
40,-27,39
40,-29,39
39,-28,38
41,-31,41
38,-30,40
37,-31,39
38,-32,39
39,-34,41
36,-34,41
37,-32,39
39,-32,39
36,-30,39
37,-30,38
39,-31,39
40,-30,37
38,-29,39
39,-30,39
40,-31,38
41,-32,38
39,-35,42
36,-35,40
38,-34,39
42,-33,41
36,-30,39
36,-29,38
51,-28,41
36,-35,40
38,-34,39
42,-33,41
36,-30,39
36,-29,38
51,-28,41
50,-29,39
50,-27,38
51,-22,29
53,-17,34
37,-11,31
34,-11,28
22,5,32
45,10,50
-29,-27,27
33,-3,-7
47,-78,40
11,-56,35
65,-30,45
66,-26,50
29,-9,34
14,-2,24
-8,24,4
28,44,13
127,-12,40
24,-42,7
41,-65,35
103,-60,58
26,-16,42
13,13,34
40,15,43
32,7,41
41,-33,48
34,-50,55
24,-52,52
15,-31,44
13,-18,36
6,-5,23
39,8,58
57,-4,54
9,-25,43
62,-62,62
44,-56,66
24,-33,58
21,-17,54
16,-6,53
14,-5,51
11,-15,47
12,-23,49
20,-34,56
14,-36,54
7,-37,47
7,-35,46
13,-33,46
17,-31,45
36,-36,56
34,-34,44
28,-34,39
37,-28,48
44,-27,49
41,-28,43
39,-28,45
34,-29,45
32,-28,42
42,-27,45
37,-25,45
36,-24,43
37,-23,42
42,-23,46
40,-24,45
38,-26,43
38,-27,43
37,-28,45
36,-29,44
37,-30,46
36,-30,45
33,-29,43
32,-29,44
36,-31,47
38,-32,48
31,-32,46
32,-31,48
32,-30,50
28,-28,49
25,-26,51
26,-25,53
23,-25,53
21,-26,54
20,-27,56
15,-28,55
12,-29,53
11,-29,54
11,-28,53
4,-29,52
5,-29,52
5,-28,54
4,-28,54
4,-29,54
5,-29,56
4,-30,56
4,-30,54
9,-28,58
9,-28,58
1,-26,55
6,-30,51
5,-27,55
6,-27,58
3,-34,54
1,-31,51
18,-32,55
8,-27,52
5,-25,50
14,-40,57
22,-45,69
-4,-23,82
-8,16,61
8,-30,53
5,-29,50
9,-25,51
10,-24,51
11,-25,54
8,-24,55
11,-25,60
10,-25,61
3,-24,58
7,-25,58
12,-19,49
13,-16,41
17,-7,15
32,-7,8
25,-12,4
27,-10,-1
127,-8,9
127,-43,17
-94,-102,-25
-44,-46,-22
120,-47,52
105,-15,62
31,-13,23
-12,11,-10
-11,23,-13
111,37,-15
127,-9,-19
37,-54,-38
-104,-128,-84
-37,-98,9
17,-51,28
80,-30,55
37,-30,46
9,-29,31
19,-29,30
39,-33,31
43,-34,29
53,-37,26
55,-36,25
52,-36,25
54,-36,30
51,-36,26
48,-35,22
53,-33,26
53,-32,26
53,-30,28
51,-28,29
52,-27,28
50,-26,30
48,-25,30
47,-27,28
53,-31,28
60,-36,33
57,-37,33
50,-33,29
48,-31,27
49,-29,24
50,-28,24
52,-28,25
50,-28,25
50,-25,23
51,-23,24
55,-22,27
54,-22,26
53,-20,26
53,-19,28
54,-15,30
55,-11,31
55,-9,34
53,-8,34
50,-5,33
51,-4,33
52,-5,36
49,-4,35
55,-8,32
60,-17,38
61,-17,43
57,-17,40
51,-19,36
40,-22,29
42,-19,27
51,-14,27
55,-12,27
50,-2,25
50,2,25
56,1,27
58,1,26
53,0,19
55,2,23
64,-1,29
75,-1,37
56,-11,48
58,-8,53
52,-2,52
33,1,48
36,9,53
29,11,51
32,5,52
40,-5,65
31,-6,63
13,-6,46
10,-7,44
5,0,48
4,-4,52
3,-5,60
2,-8,61
-5,-14,61
-7,-17,60
-13,-20,57
-13,-23,58
-8,-24,61
-8,-26,60
-24,-22,50
-2,-19,55
-15,-14,56
-3,-30,56
1,-26,59
14,-26,62
7,-26,62
3,-41,64
-27,-22,51
-26,-27,51
-7,-27,55
-8,-25,55
-11,-23,58
-7,-24,58
-11,-25,59
-3,-28,64
-3,-24,65
-4,-21,63
-3,-19,62
-4,-14,59
-4,-11,60
-4,-7,63
-1,-8,63
-2,-7,61
-3,-7,62
0,-7,64
-2,-7,66
-3,-8,64
-2,-8,63
-7,-9,61
-5,-9,61
-7,-12,61
-7,-12,61
-11,-15,60
-16,-20,60
-12,-22,63
-6,-41,42
-17,-2,49
21,-9,72
52,-38,70
-16,-30,56
9,-28,65
-13,-15,58
-31,-20,49
-21,-12,48
-56,20,40
32,-76,65
53,-47,86
-40,-23,44
-15,-32,53
-18,-25,51
-10,-20,55
-9,-13,59
-6,-14,60
0,-13,61
0,-8,62
4,-1,61
4,-3,58
8,-8,51
8,-6,50
9,-15,31
22,-5,34
39,-11,43
46,-1,28
87,18,9
105,22,7
69,14,9
101,-25,41
119,-15,22
53,11,-7
89,-4,19
84,-7,-8
69,4,-3
46,-11,32
61,-20,35
49,-10,40
50,-9,52
23,-11,30
5,-6,26
20,2,6
41,23,-24
86,25,-38
114,20,-15
68,3,-7
84,-9,13
20,11,-9
109,-7,35
81,2,-6
77,-4,5
38,-7,22
53,-20,33
31,-3,16
50,16,-10
53,24,-37
116,24,-26
92,8,4
56,15,-11
31,24,-13
91,-15,3
85,-1,-12
53,-4,14
57,-10,30
52,-10,32
69,-8,31
59,-14,53
45,-9,38
9,4,32
-1,-4,13
53,4,15
50,26,0
58,30,-38
96,27,-21
97,16,-12
72,-11,8
16,5,-5
87,-5,38
75,0,-9
66,-7,7
49,-3,18
44,-13,22
30,-5,13
51,8,9
34,22,-20
73,22,-23
97,25,-24
81,-9,4
116,9,27
31,6,-6
76,-21,-14
70,-2,-1
57,-2,-3
76,-2,11
63,3,7
79,-1,26
71,10,18
62,-6,18
49,-2,17
25,5,-7
31,4,-9
47,5,-43
67,14,-47
93,-4,-52
80,9,-44
71,-3,-8
61,-6,-12
64,-13,-18
74,-2,-30
39,-7,-35
87,-8,-22
73,-7,-7
41,-9,5
34,5,-18
79,5,-37
72,-3,-31
71,9,-36
48,-8,-36
28,25,-13
21,26,5
74,-11,-33
66,2,-12
44,-2,6
91,-15,13
36,-9,-3
64,-5,14
77,-13,33
72,-3,33
62,-10,42
33,-6,30
49,-6,24
52,-11,26
48,-6,19
31,0,23
25,10,3
72,17,-35
82,5,-34
124,20,-13
78,13,-30
41,-10,8
51,12,-3
77,-17,-11
72,2,-11
65,-5,9
39,-1,-2
57,-20,21
44,-12,9
53,4,1
52,16,-25
73,17,-36
87,10,-29
68,5,-7
122,-2,28
40,6,-26
94,-22,-12
67,1,-9
63,2,2
54,1,-4
75,-8,21
87,-12,30
48,-4,19
60,-1,22
72,-20,32
66,-8,21
39,-9,27
23,9,15
3,8,17
42,18,32
48,32,29
51,28,1
46,16,-34
76,13,-15
104,-9,42
75,2,-3
90,-1,-49
83,2,-59
54,6,-35
26,-6,-41
68,4,-20
43,-7,3
64,-4,-3
64,5,-6
60,-5,-8
60,-8,-7
55,6,1
41,-9,16
54,9,6
72,25,-33
65,10,-41
68,18,-56
92,22,-61
55,17,-37
29,-9,8
56,3,-2
67,6,-4
61,-2,1
59,2,-1
58,5,23
65,22,11
63,12,-2
63,12,8
50,16,-1
77,22,-9
65,11,-3
43,0,12
64,0,44
62,-9,34
49,2,48
46,5,47
45,10,44
54,3,50
51,3,49
25,3,38
23,-4,50
30,-7,74
26,4,52
60,3,24
52,-7,30
38,17,32
57,16,42
42,19,18
49,20,27
43,34,2
58,32,-5
61,8,-34
76,12,-29
122,-4,23
31,-1,19
64,7,2
92,-16,6
54,-6,4
101,-5,19
56,9,1
61,11,12
63,1,27
68,-2,36
56,10,16
67,-10,37
54,-5,30
49,6,25
37,0,25
56,3,38
51,6,31
53,0,32
62,2,29
49,4,18
12,13,18
37,24,-3
66,26,-24
95,16,-12
58,12,-21
60,2,-4
92,-11,24
73,7,6
34,-10,-4
104,-1,16
75,8,-15
64,9,10
62,4,25
57,-3,29
48,-13,31
63,-5,42
69,0,38
55,21,5
35,15,-6
67,15,3
43,10,-22
65,13,-52
27,-30,-37
117,-31,14
66,-6,-8
52,-1,-15
71,-11,-26
63,2,-38
42,-2,-17
57,-9,-13
100,-11,5
70,2,-2
70,6,-14
55,4,-17
33,7,11
27,10,10
64,20,2
60,21,-10
51,0,-42
111,-14,7
51,25,-16
21,21,-7
87,-17,-11
60,-2,4
70,-13,15
44,1,-1
43,-11,14
63,-1,28
55,-7,36
52,-1,34
49,-1,34
36,-1,27
41,-4,31
35,7,7
52,16,-6
87,18,-16
89,9,-2
96,16,4
100,6,12
20,2,4
47,-4,15
95,3,1
75,5,1
50,11,16
41,13,9
71,12,7
69,16,-3
55,3,13
68,6,16
51,7,10
64,11,-8
78,9,-2
47,7,5
50,13,-5
71,1,-2
72,1,-7
55,7,-16
61,6,-14
71,13,-23
82,10,-17
66,8,-11
42,3,0
72,-6,19
90,-10,29
39,-8,27
54,4,26
53,13,19
48,2,29
61,3,27
55,1,27
55,5,29
66,8,27
36,9,35
45,11,41
45,7,41
38,2,34
59,2,33
58,3,33
48,4,28
60,6,11
75,6,19
69,1,36
52,1,34
49,-3,22
52,-4,23
64,-3,29
58,-5,38
50,-9,46
48,-4,33
58,1,35
53,4,40
47,4,38
65,5,32
71,4,18
89,3,32
63,13,33
63,16,31
52,13,17
66,8,30
51,10,33
47,13,33
40,12,39
35,12,41
36,14,45
43,10,51
46,11,56
41,21,57
40,17,55
37,18,64
31,19,59
19,18,67
25,19,63
9,18,58
8,20,56
7,20,51
7,20,49
3,18,47
3,18,50
5,20,48
2,20,51
3,20,56
3,22,56
3,23,58
4,22,61
4,23,60
4,24,59
4,24,59
2,24,60
1,24,60
0,25,56
0,24,59
1,23,59
1,22,59
0,23,60
1,22,60
1,23,60
0,23,58
1,20,62
1,22,62
0,22,60
2,21,60
4,18,58
4,20,56
5,20,58
6,17,60
15,13,49
20,11,32
24,12,27
28,16,30
27,16,24
30,17,27
36,14,50
46,14,64
42,12,55
60,11,45
54,-7,60
66,-1,56
90,-1,62
72,6,64
60,4,59
59,-3,37
64,0,27
57,2,14
64,6,16
76,11,5
55,10,-5
60,8,4
57,10,7
58,15,11
57,14,14
52,15,11
56,15,13
58,18,12
58,18,11
68,19,8
64,17,12
60,15,13
61,16,12
55,12,12
62,10,18
60,13,16
51,10,12
68,12,15
59,7,16
54,7,14
59,7,15
60,7,13
58,9,7
55,11,8
54,12,13
57,13,14
57,12,13
60,12,15
58,18,9
62,16,12
71,19,13
69,19,10
56,17,10
60,14,12
65,13,11
63,14,12
61,17,8
65,18,8
61,17,8
61,15,11
58,16,9
56,17,13
67,18,15
58,14,23
51,13,26
63,13,31
59,12,30
45,17,24
31,23,23
61,20,53
59,22,52
35,7,40
47,8,39
40,4,35
41,2,35
40,-8,29
72,-4,43
48,-2,23
53,-3,31
40,1,36
35,4,34
34,3,38
36,3,39
50,-1,40
55,-6,41
41,-12,40
40,-14,40
45,-17,39
50,-21,40
55,-23,39
51,-22,32
47,-23,28
50,-28,24
52,-29,23
53,-33,20
51,-34,18
43,-39,14
42,-41,13
38,-51,10
34,-55,9
32,-64,9
32,-67,10
33,-70,10
31,-69,9
28,-64,9
28,-63,9
28,-62,9
26,-61,9
26,-60,9
26,-59,9
26,-57,10
26,-57,11
27,-59,13
27,-59,13
24,-60,12
22,-60,10
21,-63,8
27,-64,2
39,-71,4
49,-63,2
67,-68,6
53,-77,-7
62,-74,-2
57,-60,5
53,-54,-6
44,-42,-7
51,-29,-5
43,-25,-2
26,-27,4
5,-27,-6
19,-25,15
49,-26,42
54,-31,38
65,-15,22
69,-12,20
68,-4,29
63,0,24
53,7,11
66,8,16
69,11,14
71,14,8
64,17,4
65,22,-3
53,22,-12
47,9,-16
47,3,8
65,-1,29
72,-6,30
50,-23,35
47,-17,37
51,-16,37
39,-14,42
37,-16,42
31,-16,38
43,-16,29
50,-17,23
55,-18,14
57,-18,14
54,-22,17
54,-23,17
69,-29,22
60,-31,16
59,-33,16
64,-34,21
67,-36,23
59,-36,21
54,-35,21
54,-32,25
52,-31,25
49,-31,25
46,-33,26
44,-35,28
43,-37,29
38,-42,29
35,-45,30
30,-49,29
27,-49,28
21,-49,26
18,-48,24
16,-47,23
18,-47,25
22,-49,28
22,-50,30
23,-52,32
25,-53,32
28,-55,32
25,-55,30
25,-55,27
29,-55,28
28,-53,26
27,-51,25
27,-49,23
27,-50,23
29,-55,24
23,-60,23
22,-60,22
18,-60,22
16,-59,25
15,-53,26
13,-50,24
12,-44,23
13,-44,26
21,-49,28
27,-53,30
35,-56,35
34,-54,35
30,-47,32
31,-46,31
-15,-74,19
35,-15,8
66,-69,29
34,-41,23
46,-51,19
51,-46,18
35,-41,12
33,-39,12
31,-41,8
33,-44,7
34,-55,5
34,-60,4
31,-66,4
28,-69,5
28,-69,6
27,-66,7
27,-66,8
29,-66,8
28,-65,8
26,-64,8
25,-63,7
26,-65,9
27,-69,10
28,-80,12
25,-73,11
21,-56,15
22,-51,18
24,-44,21
22,-44,20
19,-55,19
18,-60,18
11,-66,19
-4,-73,40
-55,-66,41
-48,-49,9
6,-56,16
10,-56,13
12,-60,8
20,-55,8
21,-52,8
15,-51,9
13,-52,11
9,-51,16
8,-52,18
9,-56,21
12,-57,21
21,-57,21
28,-57,21
25,-62,18
24,-71,18
21,-79,25
24,-77,26
23,-57,23
17,-46,19
11,-53,13
13,-61,13
17,-72,14
18,-74,14
18,-72,12
16,-67,12
12,-59,9
14,-56,9
16,-56,7
16,-57,6
17,-56,5
15,-53,5
16,-51,5
18,-51,7
19,-54,8
21,-55,11
22,-55,13
29,-70,20
34,-79,25
30,-72,36
28,-64,38
31,-45,23
8,-43,10
28,-47,33
26,-50,24
24,-55,12
27,-55,10
20,-53,6
18,-50,7
22,-50,14
25,-54,17
29,-56,22
26,-58,19
17,-53,17
16,-52,20
15,-58,23
14,-61,22
15,-64,21
18,-72,23
20,-79,23
23,-78,25
23,-67,27
16,-50,24
16,-46,21
16,-52,18
20,-59,16
23,-59,18
21,-56,20
-3,-54,13
8,-54,12
32,-52,27
36,-51,23
23,-49,19
27,-47,24
26,-38,23
32,-44,21
29,-45,19
40,-48,26
24,-52,22
24,-53,20
27,-51,20
30,-48,22
38,-45,28
36,-45,35
33,-54,35
25,-64,36
20,-61,36
16,-65,33
12,-64,28
10,-61,22
13,-58,21
14,-58,16
16,-57,16
18,-52,14
18,-48,13
20,-43,12
20,-41,13
20,-39,14
20,-39,14
21,-49,14
25,-56,16
33,-70,21
39,-72,26
29,-64,21
20,-61,19
18,-59,20
20,-59,19
24,-56,18
23,-56,18
27,-55,20
26,-54,23
25,-56,23
23,-64,24
24,-68,24
21,-74,20
18,-73,19
13,-75,21
8,-80,32
-20,-64,-28
-39,-56,-13
-35,-63,-10
13,-66,0
49,-64,12
51,-60,12
28,-57,3
23,-57,5
18,-62,10
15,-63,9
18,-60,4
20,-59,4
20,-57,3
18,-56,3
17,-59,6
15,-60,7
14,-63,10
14,-63,12
18,-70,20
20,-71,26
16,-62,26
9,-45,24
11,-44,22
16,-52,21
15,-56,25
27,-55,20
38,-52,21
46,-46,28
36,-44,25
20,-49,16
24,-52,15
26,-55,13
23,-55,11
17,-58,9
15,-60,8
10,-61,8
10,-60,9
19,-58,17
22,-57,20
16,-60,21
22,-62,24
9,-64,11
0,-62,4
14,-62,8
13,-63,5
15,-64,6
18,-62,7
18,-61,6
18,-59,5
20,-61,6
21,-62,5
21,-61,5
22,-60,6
21,-61,7
19,-59,6
17,-58,4
15,-60,3
16,-60,4
18,-62,6
19,-60,7
20,-61,8
20,-62,9
19,-58,11
20,-57,14
21,-56,23
22,-56,28
20,-59,25
23,-58,23
17,-59,14
14,-59,13
18,-59,13
17,-59,12
17,-59,12
19,-59,12
20,-59,12
21,-58,11
22,-58,10
21,-58,10
19,-58,9
19,-58,9
19,-58,10
20,-57,12
21,-58,12
21,-58,14
21,-58,15
21,-59,16
21,-59,17
19,-59,17
19,-59,16
17,-59,15
17,-58,15
18,-58,14
18,-58,13
18,-58,13
17,-58,13
17,-59,12
17,-59,12
17,-59,13
19,-58,15
18,-57,15
18,-58,14
17,-57,14
17,-57,13
19,-59,13
20,-59,14
21,-59,14
19,-58,14
18,-57,14
17,-59,14
16,-59,13
17,-58,14
18,-58,14
19,-59,13
19,-59,14
18,-58,15
18,-58,15
17,-58,14
17,-59,14
19,-59,14
19,-58,14
18,-57,13
18,-59,13
18,-59,14
18,-59,13
19,-59,15
19,-59,16
19,-58,15
18,-58,15
18,-58,14
18,-58,13
18,-59,13
19,-58,14
18,-57,13
18,-58,13
17,-58,13
19,-58,13
19,-60,13
19,-59,15
19,-58,15
18,-57,14
18,-58,14
19,-59,15
20,-59,14
18,-56,13
18,-56,12
19,-59,12
20,-60,13
20,-59,15
19,-58,15
17,-58,15
18,-58,14
19,-58,14
19,-58,13
20,-58,13
20,-57,13
19,-58,13
19,-58,14
19,-58,15
19,-58,15
19,-58,15
19,-58,15
19,-58,15
20,-58,14
20,-58,14
20,-58,13
20,-58,14
19,-57,14
18,-57,14
18,-58,14
18,-58,14
17,-58,13
17,-58,13
16,-57,12
17,-57,12
18,-58,12
18,-58,12
18,-60,12
19,-60,12
20,-59,13
21,-59,13
21,-59,13
20,-58,14
21,-58,14
22,-58,15
22,-59,15
20,-57,14
20,-57,14
21,-57,13
21,-58,12
20,-60,11
19,-61,11
18,-59,12
18,-59,12
18,-59,12
17,-59,12
17,-59,12
16,-60,12
16,-59,12
17,-59,11
17,-59,11
17,-59,10
16,-59,10
17,-60,11
16,-59,10
16,-59,11
16,-59,11
17,-59,12
17,-59,12
18,-59,13
18,-59,13
19,-59,13
19,-59,13
19,-58,13
20,-58,13
20,-58,13
20,-58,13
20,-58,13
20,-58,12
19,-59,12
19,-59,13
19,-59,13
18,-59,13
19,-59,13
18,-59,13
18,-59,13
18,-59,13
19,-59,13
18,-59,13
18,-58,12
18,-59,12
17,-59,12
17,-59,11
18,-59,12
18,-59,12
17,-59,12
18,-59,12
18,-59,13
18,-59,13
17,-59,13
18,-59,12
18,-59,13
18,-59,13
18,-59,12
18,-59,13
18,-59,13
18,-59,13
18,-59,13
18,-59,13
18,-59,13
18,-59,12
18,-58,13
18,-58,13
19,-59,13
18,-59,13
19,-59,13
18,-58,13
19,-58,13
18,-58,13
19,-59,13
19,-59,14
19,-58,13
19,-58,13
19,-59,13
19,-59,13
19,-58,13
18,-58,13
18,-58,13
18,-58,13
18,-58,13
18,-58,13
18,-58,13
18,-58,13
18,-58,13
18,-59,13
19,-58,13
18,-58,13
19,-58,13
19,-59,13
18,-59,13
18,-59,13
18,-59,13
18,-59,13
18,-59,12
18,-59,13
18,-58,13
18,-58,12
18,-58,12
18,-59,13
18,-59,13
19,-59,13
19,-59,13
18,-58,13
18,-58,13
19,-59,13
18,-59,13
18,-59,13
18,-59,13
18,-59,13
18,-59,13
18,-58,13
18,-59,14
19,-59,13
18,-59,14
19,-59,14
19,-59,13
19,-58,14
19,-58,14
19,-58,14
19,-58,14
19,-59,14
19,-59,13
18,-59,13
19,-58,14
19,-58,14
19,-57,14
19,-57,14
19,-57,14
20,-58,14
20,-58,15
20,-58,14
21,-58,15
20,-57,15
20,-56,14
20,-56,14
19,-56,14
19,-56,14
18,-56,13
19,-56,13
18,-56,13
19,-57,13
20,-58,14
20,-58,13
22,-58,15
22,-58,14
23,-61,15
22,-67,15
21,-68,13
16,-65,9
16,-62,9
18,-57,8
20,-57,7
19,-59,5
19,-61,4
21,-62,3
19,-59,3
21,-56,6
22,-59,8
19,-60,10
16,-61,10
11,-60,13
11,-60,14
15,-66,19
29,-68,32
-9,-64,38
-25,-59,50
-9,-55,21
2,-56,12
12,-57,15
13,-59,13
17,-59,14
17,-57,14
18,-56,14
19,-55,13
20,-55,13
20,-54,13
20,-54,13
19,-56,15
19,-56,15
18,-57,16
19,-57,17
22,-57,20
22,-57,20
24,-59,24
20,-58,24
16,-56,20
17,-56,18
17,-60,16
18,-62,16
18,-62,15
18,-61,14
17,-59,13
17,-59,13
18,-59,12
18,-59,11
17,-57,10
20,-59,10
20,-61,9
20,-62,9
20,-61,8
21,-60,8
21,-60,8
21,-61,8
21,-60,8
20,-59,7
20,-59,7
21,-61,7
22,-61,7
22,-63,8
22,-64,7
26,-59,9
52,-55,15
44,-57,22
44,-52,18
55,-52,18
61,-55,20
43,-58,14
53,-55,13
47,-50,20
69,-48,23
36,-46,18
40,-40,17
34,-33,26
3,-28,11
23,-30,29
33,-23,46
31,-21,47
44,-24,53
47,-21,45
27,-17,34
35,-18,35
28,-19,40
33,-21,46
35,-21,45
32,-19,43
38,-23,45
35,-25,46
31,-24,48
32,-23,49
30,-25,49
34,-26,50
28,-26,49
29,-27,50
28,-28,50
25,-26,48
23,-32,52
30,-30,55
19,-32,51
30,-32,57
16,-29,56
20,-25,59
20,-23,54
22,-20,57
16,-17,54
19,-17,54
16,-16,53
21,-17,52
22,-17,48
21,-18,48
24,-17,52
20,-18,51
19,-20,50
21,-21,57
18,-20,56
19,-18,61
21,-21,61
22,-20,61
22,-20,61
18,-20,58
19,-21,57
21,-21,59
16,-23,58
21,-24,60
19,-24,59
20,-24,59
17,-24,59
16,-24,58
17,-23,57
15,-23,57
15,-23,57
15,-22,57
13,-22,57
12,-22,55
12,-23,58
11,-22,57
9,-22,55
10,-22,56
8,-22,57
7,-22,57
4,-21,56
5,-22,57
7,-23,59
5,-20,58
4,-20,59
6,-21,58
7,-21,60
5,-21,60
7,-19,61
4,-21,60
7,-21,61
5,-21,60
4,-21,58
6,-20,61
6,-20,59
5,-20,58
7,-22,59
5,-21,57
4,-19,56
6,-20,57
8,-21,59
9,-25,55
6,-26,53
10,-18,62
12,-14,64
9,-15,60
8,-17,56
18,-23,62
17,-21,62
16,-24,58
15,-25,57
18,-28,58
16,-26,57
13,-27,54
13,-28,55
13,-29,55
12,-29,55
13,-28,56
16,-28,57
15,-27,56
15,-26,56
15,-26,56
15,-25,55
16,-25,56
16,-25,55
16,-24,56
17,-24,56
17,-24,55
19,-25,56
18,-24,55
19,-24,56
19,-24,56
18,-23,56
19,-23,56
19,-24,56
18,-23,55
19,-24,56
19,-25,56
18,-25,54
18,-25,55
18,-24,56
18,-24,55
18,-25,55
18,-25,55
18,-25,55
18,-25,55
18,-24,55
18,-24,55
19,-24,55
19,-25,54
20,-25,55
20,-24,56
19,-25,55
20,-23,56
20,-23,55
21,-25,57
21,-26,57
22,-26,54
21,-26,53
18,-23,54
19,-25,52
14,-24,48
20,-21,52
19,-24,51
17,-24,51
17,-23,56
20,-26,58
21,-23,58
19,-23,57
18,-25,60
20,-28,64
23,-26,65
21,-22,54
19,-23,53
24,-18,58
5,-15,49
21,-23,58
14,-20,55
16,-20,56
18,-21,57
17,-20,56
19,-19,56
18,-18,55
21,-17,56
20,-17,55
22,-16,55
22,-15,55
23,-16,56
26,-14,56
25,-14,55
28,-14,53
27,-12,56
23,-10,57
19,-10,58
16,-12,58
15,-13,59
14,-16,59
12,-18,57
13,-20,62
16,-22,53
32,-22,49
10,-11,66
10,-21,69
17,-21,57
22,-18,60
18,-17,64
10,-20,62
13,-22,69
17,-18,61
11,-19,51
11,-19,51
11,-17,54
11,-15,56
5,-15,56
12,-15,58
11,-17,60
12,-17,62
9,-14,58
10,-16,58
15,-17,63
12,-17,63
13,-19,63
14,-20,63
11,-17,64
12,-14,65
13,-14,66
14,-14,66
14,-15,65
17,-13,63
18,-13,62
20,-10,59
21,-9,58
24,-9,58
25,-9,58
23,-12,58
23,-12,59
20,-12,58
18,-11,57
16,-8,55
15,-7,55
17,-7,57
16,-7,56
17,-9,59
17,-9,60
16,-8,59
15,-9,58
18,-11,62
16,-12,62
18,-17,60
20,-20,63
20,-22,60
15,-21,48
16,-21,47
23,-21,51
21,-22,49
19,-33,49
16,-37,57
21,-37,63
22,-43,64
28,-29,56
25,-25,59
11,-23,48
12,-23,47
14,-25,51
20,-23,55
18,-28,48
12,-31,47
14,-35,57
15,-35,58
18,-22,50
12,-32,51
13,-34,46
12,-29,53
15,-26,53
25,-26,60
18,-27,62
21,-25,46
24,-26,41
29,-27,39
41,-29,42
36,-25,35
41,-26,31
48,-18,37
58,-17,45
70,-15,45
57,-17,37
55,-29,28
44,-26,24
56,-28,28
54,-28,29
43,-24,31
44,-24,33
44,-24,29
42,-26,30
47,-25,37
48,-24,34
43,-31,29
48,-34,30
45,-37,29
46,-40,30
44,-40,33
42,-37,33
36,-42,26
35,-40,21
32,-45,23
35,-47,23
32,-50,22
25,-44,27
25,-45,26
29,-42,25
28,-43,25
27,-41,23
26,-41,21
36,-42,23
33,-44,19
30,-49,13
32,-50,14
39,-53,10
35,-51,5
29,-52,3
31,-52,5
22,-53,6
26,-54,7
23,-54,6
21,-55,6
19,-61,6
24,-63,5
13,-65,5
13,-69,7
14,-70,7
7,-69,5
9,-68,2
10,-74,6
8,-71,7
4,-74,2
-3,-77,-1
27,-77,9
28,-73,2
9,-77,-19
-5,-81,-26
35,-64,-6
35,-66,-7
22,-66,-15
24,-66,-15
36,-61,-6
36,-59,-8
38,-57,-4
42,-61,5
44,-57,-2
41,-65,8
29,-62,22
21,-59,21
27,-52,23
35,-48,17
28,-33,6
28,-30,19
36,-18,2
31,-24,13
39,-31,15
49,-43,11
55,-48,0
56,-46,-9
82,-49,-20
44,-51,-19
60,-54,-18
67,-59,21
68,-51,34
42,-34,3
35,-34,6
50,-43,23
58,-52,22
46,-34,19
34,-22,20
22,-21,14
17,-21,13
33,-17,21
34,-15,18
47,-29,18
69,-39,19
69,-35,-15
92,-50,-8
75,-64,-18
94,-39,19
53,-36,6
43,-23,7
35,-23,8
54,-53,31
65,-44,25
33,-27,9
36,-29,10
29,-29,14
27,-25,8
28,-20,11
27,-18,8
37,-27,15
45,-32,17
44,-35,9
35,-34,3
48,-46,7
41,-56,9
30,-66,7
38,-77,10
44,-86,9
18,-81,-18
6,-79,-23
11,-76,-14
27,-70,-11
16,-74,-10
45,-73,-4
61,-75,1
59,-65,-4
56,-68,-1
58,-58,3
50,-46,2
50,-47,5
46,-53,9
34,-53,2
30,-47,1
31,-39,10
27,-42,17
36,-48,24
57,-40,4
62,-24,5
17,-24,23
37,-17,17
40,-15,5
32,-21,9
38,-15,3
47,-21,-2
74,-26,-3
84,-21,-20
82,-54,1
91,-43,0
72,-29,-33
59,-41,13
59,-40,17
51,-29,16
43,-39,16
40,-33,21
48,-38,24
56,-50,24
30,-44,13
26,-26,14
20,-25,12
24,-22,13
29,-27,21
41,-25,9
36,-31,18
44,-51,3
98,-66,8
61,-71,0
85,-67,-9
54,-55,-8
49,-47,-7
44,-54,15
51,-62,29
29,-47,37
29,-41,35
26,-43,43
34,-45,38
44,-51,39
42,-44,11
32,-33,11
35,-29,17
24,-24,13
28,-15,19
32,-10,21
35,-17,13
45,-39,16
68,-40,6
59,-55,-21
82,-73,5
71,-69,-6
58,-56,-5
56,-58,-1
70,-57,19
56,-55,37
34,-27,40
22,-16,39
32,-17,44
45,-24,44
54,-38,42
38,-33,35
42,-12,29
41,-20,33
29,-10,26
31,-19,20
34,-21,15
54,-36,9
43,-42,7
75,-57,33
51,-47,21
53,-67,23
36,-74,11
26,-73,-1
32,-60,-2
45,-65,6
53,-63,21
61,-47,17
52,-32,4
24,-44,33
32,-48,59
32,-23,58
18,-18,56
50,-34,59
58,-34,51
48,-21,24
51,-17,22
37,-6,17
41,-15,23
35,-14,25
39,-19,24
43,-36,16
52,-55,19
51,-72,13
67,-77,-12
44,-77,-15
42,-72,8
35,-62,6
55,-41,3
31,-39,-1
41,-36,28
52,-38,38
31,-29,37
36,-27,42
39,-29,39
47,-30,38
61,-42,34
64,-49,31
51,-30,14
44,-24,12
35,-19,16
31,-18,14
24,-16,13
29,-16,12
35,-20,12
40,-27,11
46,-46,4
88,-59,-6
82,-74,-6
58,-64,-7
64,-59,1
65,-47,14
52,-31,5
50,-26,10
50,-28,11
52,-35,23
48,-36,30
40,-40,32
54,-44,26
51,-39,22
32,-36,21
26,-30,15
20,-30,17
15,-33,32
20,-30,36
28,-23,31
26,-22,33
53,-41,24
68,-60,10
72,-81,-6
52,-86,-15
35,-69,3
32,-57,3
40,-55,3
35,-57,32
28,-54,35
26,-47,34
24,-41,40
25,-51,38
39,-57,31
37,-67,14
40,-46,14
28,-35,15
19,-35,16
18,-28,21
17,-21,17
8,-27,3
17,-28,9
35,-23,11
44,-32,15
53,-57,-4
78,-73,-7
90,-96,-17
88,-94,3
60,-55,1
53,-45,3
40,-33,12
42,-39,28
35,-54,54
47,-52,39
25,-45,0
36,-47,17
21,-37,12
26,-29,17
24,-25,18
34,-13,9
43,-17,10
52,-18,11
45,-10,0
56,-30,20
83,-52,25
56,-49,-2
53,-47,1
22,-43,17
43,-42,-3
34,-71,3
5,-71,3
8,-74,-2
19,-82,5
15,-69,-1
6,-71,-10
25,-68,-1
24,-63,5
26,-66,7
42,-69,10
20,-65,-1
37,-70,-2
35,-70,-3
42,-54,-9
44,-58,0
36,-56,12
42,-53,2
43,-48,13
45,-48,5
45,-54,-8
39,-59,-5
45,-62,-3
48,-53,-1
42,-50,-2
48,-47,1
39,-31,9
42,-24,10
42,-31,16
38,-26,14
34,-21,21
40,-21,26
71,-34,39
50,-22,20
49,-24,23
45,-14,14
47,-13,20
47,-13,18
45,-13,20
45,-11,21
45,-28,15
30,-54,12
51,-64,11
66,-74,-3
56,-72,0
34,-61,7
44,-56,3
41,-51,14
42,-49,23
30,-36,47
43,-33,55
29,-29,53
25,-26,53
45,-38,53
59,-45,50
43,-44,22
32,-38,18
30,-31,17
26,-33,19
22,-27,20
22,-24,14
35,-26,14
37,-28,15
41,-28,15
45,-27,17
57,-52,23
88,-76,3
75,-62,-13
30,-69,-16
46,-66,6
54,-49,8
46,-47,7
56,-41,18
60,-49,33
38,-32,30
39,-34,34
37,-34,34
30,-36,34
55,-44,32
57,-38,16
47,-22,3
47,-19,1
22,-20,2
27,-8,6
34,-28,8
36,-30,-1
41,-38,1
63,-36,16
51,-52,2
49,-64,-6
65,-60,-4
62,-56,5
37,-59,8
51,-50,10
43,-50,20
40,-41,39
42,-44,46
35,-39,47
26,-31,43
66,-38,39
50,-41,23
54,-24,21
54,-23,9
39,-24,11
35,-22,11
53,-18,27
45,-20,25
30,-43,16
56,-39,13
32,-41,12
44,-47,15
62,-57,5
66,-66,5
46,-55,3
41,-56,17
45,-46,32
44,-32,24
52,-33,37
46,-28,43
35,-26,37
41,-25,34
60,-27,37
67,-25,29
57,-20,27
56,-11,15
48,-7,14
37,-1,13
38,-7,19
27,-12,14
30,-17,14
53,-38,18
54,-44,9
47,-68,-4
69,-81,-9
42,-74,-6
46,-69,-8
52,-45,6
54,-39,13
48,-31,11
64,-31,29
39,-20,43
38,-17,41
44,-14,36
56,-22,44
68,-28,36
53,-16,11
47,-7,8
50,-7,22
42,-8,23
31,-11,17
38,-14,10
57,-31,11
48,-36,15
53,-38,14
51,-51,13
51,-47,26
51,-42,24
39,-73,-11
41,-61,-30
75,-58,-7
83,-71,9
44,-42,6
53,-32,11
63,-19,35
67,-24,36
35,-21,52
45,-14,48
47,-16,28
45,-13,24
48,-14,26
41,-11,21
44,-10,15
45,-19,18
44,-21,15
49,-36,14
55,-42,2
60,-37,-3
51,-43,5
54,-49,6
53,-52,5
43,-52,9
47,-46,11
60,-49,18
44,-49,21
54,-44,29
39,-47,24
35,-51,26
46,-46,35
42,-46,23
36,-46,15
47,-47,15
39,-35,9
56,-38,3
61,-36,10
50,-12,14
53,-6,15
65,-9,18
61,-12,15
64,-4,12
62,-11,29
74,-18,31
69,-18,14
65,-16,9
52,-8,21
40,-7,21
33,-6,20
31,-5,17
30,-6,6
36,-10,5
37,-22,0
38,-26,0
70,-39,4
63,-65,5
64,-75,-20
77,-77,-14
69,-61,13
64,-57,16
57,-35,-4
54,-32,-1
52,-38,23
43,-34,25
47,-29,32
40,-32,50
41,-35,56
42,-35,54
42,-42,48
63,-42,43
53,-35,32
36,-31,33
40,-28,32
19,-23,21
19,-18,18
26,-26,25
28,-28,25
45,-37,35
33,-36,32
35,-45,20
22,-61,18
50,-75,14
13,-78,4
41,-58,-2
23,-64,4
48,-55,14
46,-56,17
19,-58,20
39,-60,25
34,-70,32
44,-61,33
38,-54,22
21,-46,23
28,-41,34
27,-44,56
24,-44,58
52,-38,39
69,-34,20
59,-37,18
56,-31,22
33,-15,12
29,-15,14
41,-14,25
42,-16,24
23,-17,14
22,-28,15
48,-53,10
58,-65,4
62,-79,-22
55,-81,-25
29,-89,18
55,-77,18
43,-41,-3
52,-37,12
45,-37,28
41,-31,40
37,-23,39
40,-36,36
53,-35,35
73,-33,28
62,-22,16
57,-18,18
45,-20,21
38,-12,13
28,-7,8
51,-10,15
58,-18,16
52,-24,18
36,-31,9
57,-41,13
57,-46,5
40,-53,-2
61,-55,10
59,-47,0
65,-46,2
52,-44,3
58,-41,3
35,-46,12
36,-49,18
39,-52,22
37,-53,26
50,-47,30
49,-43,29
21,-47,23
48,-46,38
40,-40,31
49,-35,42
56,-33,42
45,-37,25
32,-41,14
40,-44,15
31,-48,13
43,-64,6
49,-61,13
37,-54,14
49,-58,16
44,-43,4
40,-34,3
60,-39,14
45,-27,9
63,-23,24
63,-19,24
50,-11,13
57,-6,13
65,-6,17
63,-6,18
63,-7,21
56,-10,24
59,-30,24
62,-29,16
55,-27,16
46,-23,14
46,-20,11
36,-21,14
38,-21,16
31,-15,8
41,-17,11
43,-31,23
50,-38,30
33,-53,18
27,-63,13
72,-77,27
59,-86,15
40,-60,-12
26,-61,-6
40,-53,17
39,-58,25
30,-57,24
31,-57,33
28,-53,37
45,-47,31
43,-43,17
36,-45,26
33,-55,36
30,-48,33
22,-46,42
18,-49,50
22,-48,40
54,-44,12
45,-37,14
31,-26,13
20,-17,13
34,-11,20
36,-15,18
26,-3,16
42,-18,24
55,-64,-7
106,-94,-24
58,-88,-12
48,-67,-7
43,-46,0
52,-44,5
51,-38,8
53,-44,18
48,-41,21
44,-41,16
39,-35,12
37,-40,16
40,-38,28
30,-34,27
52,-39,23
77,-39,22
53,-16,5
61,-9,8
53,-15,6
35,-15,17
36,-9,11
39,-10,13
38,-15,8
55,-31,16
49,-36,16
48,-48,3
75,-52,18
50,-75,-24
54,-77,-29
59,-65,9
54,-56,21
40,-37,27
43,-37,25
49,-39,48
35,-37,47
58,-27,18
34,-25,8
48,-13,17
36,-13,11
44,-16,19
46,-14,23
32,-19,20
29,-35,21
42,-48,22
61,-91,-7
67,-88,-7
49,-52,2
37,-51,-1
32,-53,5
33,-56,10
39,-59,16
29,-53,15
42,-38,17
34,-33,14
41,-32,28
39,-30,26
50,-26,34
49,-24,33
53,-25,34
55,-28,35
53,-40,21
54,-40,15
47,-34,18
51,-42,14
51,-35,9
48,-32,13
52,-29,25
57,-31,36
49,-29,34
65,-27,32
67,-39,26
39,-34,24
46,-26,28
34,-13,24
34,-13,24
28,-10,23
30,-12,20
41,-21,27
38,-25,20
57,-50,19
25,-63,19
70,-90,-15
76,-92,-15
21,-62,-19
43,-65,-8
60,-51,8
53,-47,15
38,-39,38
33,-40,45
21,-46,50
15,-50,48
58,-57,49
59,-52,40
33,-39,23
34,-38,22
25,-36,21
17,-26,17
24,-31,20
25,-25,16
29,-22,14
37,-46,33
28,-57,28
73,-60,14
63,-77,2
41,-68,-11
44,-57,-14
19,-62,4
22,-58,-2
25,-64,8
58,-55,28
47,-57,13
42,-59,23
27,-53,32
32,-52,29
24,-53,24
28,-59,29
27,-55,29
20,-52,15
61,-43,28
37,-36,13
53,-30,10
45,-26,13
44,-21,14
40,-17,16
41,-17,19
42,-17,12
47,-21,9
57,-33,22
48,-37,20
51,-29,9
49,-35,17
32,-42,6
43,-52,8
42,-65,2
46,-62,2
41,-70,-4
48,-66,-5
47,-66,4
39,-67,7
38,-46,22
38,-45,18
58,-46,17
46,-41,23
44,-31,22
45,-29,22
53,-28,24
48,-23,33
50,-25,35
63,-26,29
62,-27,27
68,-31,19
71,-31,18
58,-23,10
60,-17,10
77,-22,30
71,-12,21
63,-7,15
65,-7,12
58,0,9
60,2,13
61,6,10
57,11,9
51,17,10
45,18,11
46,17,10
42,14,11
30,10,15
31,-3,24
39,-32,44
39,-28,64
47,-25,39
49,-23,33
48,-24,33
46,-25,35
39,-24,31
36,-24,19
36,-26,15
51,-32,15
51,-33,15
43,-37,15
43,-42,21
42,-43,22
38,-42,19
49,-40,19
53,-41,20
50,-40,18
50,-42,18
52,-51,19
48,-57,17
37,-58,12
37,-58,10
40,-53,8
37,-50,6
32,-49,4
31,-48,3
33,-46,1
30,-46,-1
22,-41,-4
19,-37,-5
19,-33,-4
22,-36,-3
23,-42,-4
20,-47,-7
19,-50,-7
22,-55,-6
19,-57,-8
19,-60,-12
27,-60,-12
17,-69,-16
21,-71,-16
25,-75,-8
22,-74,-9
24,-71,-10
23,-72,-9
23,-74,-10
27,-74,-13
18,-72,-8
17,-69,-15
10,-72,-22
7,-69,-15
3,-62,-20
2,-64,-22
7,-72,-9
5,-72,-14
7,-71,-11
1,-73,-11
-5,-72,-18
-2,-71,-20
-5,-68,-27
3,-74,-15
10,-73,-10
-5,-77,-9
3,-75,-11
8,-74,-4
10,-73,-2
9,-75,-5
22,-70,-1
19,-67,-7
22,-65,-3
15,-69,-4
15,-69,-1
16,-64,7
18,-63,10
1,-59,-4
-6,-56,-8
5,-52,-3
-2,-52,-5
-5,-48,-11
-11,-48,-11
2,-42,-3
8,-42,-3
4,-46,-4
8,-49,-1
4,-50,-5
5,-57,-2
14,-61,4
7,-66,2
9,-65,7
14,-72,20
16,-69,26
11,-67,16
16,-64,17
9,-62,15
5,-63,11
-1,-69,9
-5,-68,-4
10,-65,13
7,-67,9
-4,-68,6
2,-65,12
4,-62,13
4,-62,16
-5,-67,13
-3,-65,11
8,-62,12
1,-64,11
-5,-64,8
7,-64,15
1,-60,11
-7,-61,12
-5,-60,11
1,-62,11
3,-61,12
-4,-63,10
-2,-63,12
6,-62,12
-1,-61,10
1,-61,10
3,-62,10
1,-61,10
4,-61,11
1,-63,12
1,-61,13
3,-61,11
3,-61,12
5,-63,12
4,-63,11
3,-62,10
2,-63,10
1,-65,13
4,-64,14
1,-63,11
-2,-62,11
3,-59,12
1,-63,10
2,-64,11
4,-63,10
7,-63,11
3,-62,12
3,-60,13
0,-61,13
-2,-62,12
3,-59,10
3,-60,10
4,-62,12
3,-61,11
1,-64,12
2,-63,11
5,-63,11
7,-63,12
-3,-63,15
-2,-62,14
2,-62,11
-4,-62,11
-5,-63,12
-1,-63,12
10,-62,10
8,-63,10
1,-63,11
3,-60,11
4,-60,12
-6,-63,13
-4,-62,11
3,-58,12
3,-59,12
2,-60,11
-1,-64,13
2,-63,12
1,-63,13
-1,-65,12
-1,-63,11
7,-63,9
4,-64,10
-9,-64,10
0,-63,12
1,-71,13
2,-73,10
1,-74,11
-2,-73,11
6,-72,11
10,-73,15
3,-74,15
5,-73,14
13,-74,10
13,-73,13
15,-75,9
21,-69,10
23,-69,8
32,-69,8
32,-67,9
35,-60,9
37,-59,6
39,-55,4
35,-53,2
35,-49,0
38,-46,-1
38,-41,-5
36,-40,-6
37,-37,-4
38,-35,-5
35,-31,-7
34,-31,-7
36,-36,-8
39,-36,-9
41,-36,-9
39,-37,-9
40,-36,-12
44,-37,-11
43,-36,-11
43,-34,-7
41,-34,-5
43,-33,-9
43,-33,-10
44,-34,-8
44,-33,-5
51,-38,-4
51,-42,-5
55,-36,0
43,-31,1
51,-26,6
51,-26,4
55,-29,3
58,-31,6
54,-31,6
57,-30,6
57,-28,8
54,-26,9
58,-22,11
60,-22,12
59,-23,10
61,-24,9
58,-25,5
57,-25,5
57,-25,5
54,-24,4
48,-24,2
48,-24,1
48,-27,-2
50,-27,-3
53,-28,-3
52,-31,-5
55,-33,-7
58,-34,-4
57,-32,-3
57,-32,-1
60,-33,-1
59,-35,1
59,-34,2
59,-35,2
61,-36,3
59,-37,3
57,-38,3
58,-43,4
55,-43,4
46,-39,6
49,-40,10
42,-38,11
42,-37,12
39,-40,13
36,-41,13
30,-40,12
32,-40,13
34,-43,14
33,-45,14
33,-44,15
32,-44,16
32,-45,16
36,-46,17
36,-46,17
38,-47,19
38,-48,20
38,-50,20
37,-50,20
38,-47,20
40,-45,20
43,-49,19
44,-52,17
44,-57,12
45,-56,11
38,-49,7
36,-45,6
40,-43,7
42,-43,7
43,-41,8
45,-42,8
45,-44,8
45,-45,7
46,-48,6
43,-48,4
43,-44,3
41,-41,3
45,-40,3
49,-44,3
49,-43,3
47,-41,3
47,-42,3
49,-45,5
49,-46,6
47,-46,5
47,-47,6
46,-48,9
45,-49,9
43,-49,9
43,-50,9
46,-52,10
45,-52,10
41,-52,9
39,-49,10
40,-46,12
37,-45,12
34,-44,11
34,-44,11
32,-45,10
34,-47,11
32,-48,10
29,-47,9
29,-47,9
30,-49,11
31,-50,13
31,-51,16
30,-50,16
31,-50,16
33,-51,17
33,-50,17
31,-49,16
32,-50,17
32,-52,17
33,-53,16
32,-53,16
31,-53,14
31,-54,14
32,-53,12
30,-51,11
31,-48,11
31,-48,11
34,-47,11
35,-48,10
39,-51,11
40,-53,10
41,-54,7
40,-53,6
43,-52,5
46,-51,4
49,-50,2
47,-49,1
46,-47,0
47,-48,1
47,-49,1
45,-49,1
43,-47,0
43,-44,2
42,-43,3
41,-42,3
41,-41,4
41,-36,6
41,-34,7
43,-34,10
45,-35,11
48,-38,13
48,-40,11
48,-45,9
47,-46,9
44,-47,8
41,-47,8
42,-47,10
39,-48,9
39,-50,9
39,-52,8
42,-56,8
40,-51,8
36,-49,9
37,-48,10
38,-49,10
39,-48,11
38,-48,11
39,-49,12
40,-51,13
38,-53,13
38,-51,13
38,-50,15
37,-50,15
34,-50,13
31,-48,11
31,-44,9
32,-44,9
34,-45,9
35,-46,9
38,-49,9
38,-47,9
41,-48,10
41,-48,11
42,-49,12
43,-50,12
42,-51,12
42,-52,12
40,-53,13
37,-50,12
37,-50,12
39,-51,15
38,-52,15
33,-49,15
35,-50,16
35,-50,17
35,-48,17
31,-45,16
32,-44,16
34,-49,15
34,-49,15
32,-50,14
30,-49,16
28,-46,15
29,-44,15
31,-43,16
30,-43,16
32,-44,16
32,-45,16
35,-47,16
36,-49,15
40,-52,15
42,-55,14
40,-55,12
38,-53,10
39,-50,8
46,-52,7
47,-52,5
48,-52,4
46,-50,3
47,-46,2
47,-45,1
48,-44,0
47,-43,1
46,-42,0
46,-42,1
47,-43,2
46,-45,2
46,-46,3
46,-45,3
46,-44,6
45,-44,7
43,-44,8
43,-46,9
42,-48,8
41,-48,9
39,-47,9
37,-47,9
38,-47,10
35,-44,11
35,-43,11
36,-44,11
37,-44,12
38,-44,13
39,-45,14
38,-44,13
39,-43,13
39,-44,12
40,-44,11
39,-44,11
41,-45,11
41,-46,11
41,-46,11
41,-49,10
42,-51,10
40,-50,8
41,-48,7
40,-48,7
43,-47,7
43,-48,6
43,-47,7
45,-47,8
45,-47,7
45,-46,6
45,-46,6
45,-46,4
45,-45,3
45,-45,3
45,-46,4
45,-46,5
44,-46,7
43,-46,7
40,-45,6
39,-45,5
40,-43,4
39,-41,4
42,-39,5
42,-41,5
44,-47,6
45,-49,7
44,-52,7
42,-53,6
41,-55,5
39,-53,5
39,-52,6
37,-50,5
38,-47,5
39,-48,6
40,-48,7
41,-48,8
42,-48,9
41,-49,10
42,-50,10
41,-50,9
41,-52,9
40,-50,10
37,-49,10
35,-47,12
36,-47,13
31,-44,11
32,-43,13
33,-43,15
34,-45,15
35,-44,15
35,-43,16
36,-44,17
37,-44,18
38,-47,19
38,-49,18
38,-49,18
37,-49,17
36,-48,17
34,-47,16
35,-44,16
35,-45,17
36,-49,17
36,-51,16
34,-54,17
32,-55,17
29,-54,16
32,-56,17
31,-56,17
30,-55,16
29,-54,16
28,-51,16
31,-52,17
29,-51,18
29,-51,19
26,-47,19
25,-46,18
26,-47,17
27,-46,17
28,-44,17
27,-44,18
26,-47,17
26,-48,18
25,-48,17
23,-47,16
20,-49,15
20,-47,13
18,-48,9
19,-49,8
19,-53,5
20,-53,4
19,-54,2
18,-51,0
19,-53,-2
16,-53,-6
16,-51,-6
18,-55,-3
18,-58,-3
17,-56,-2
12,-52,-4
10,-49,-6
13,-55,-3
14,-66,0
14,-65,-1
14,-62,-1
14,-65,3
10,-69,3
11,-70,2
12,-72,0
10,-69,-3
11,-67,-2
10,-69,-1
9,-80,-1
10,-80,-2
11,-78,3
9,-79,4
12,-77,5
15,-77,5
15,-76,4
19,-69,8
15,-70,8
24,-67,3
14,-65,1
12,-62,6
9,-64,6
6,-64,4
9,-62,4
9,-64,1
14,-62,1
10,-60,4
7,-62,4
8,-63,3
13,-63,4
9,-61,2
9,-62,4
10,-63,3
6,-64,3
5,-62,5
5,-61,6
10,-63,3
13,-62,4
13,-59,5
12,-59,3
17,-56,4
17,-58,6
8,-64,3
10,-64,3
8,-68,3
7,-66,1
11,-63,4
4,-61,5
3,-61,4
4,-63,2
7,-63,2
8,-62,2
7,-63,3
7,-62,4
4,-63,5
5,-61,4
7,-63,3
7,-62,5
7,-59,5
6,-64,5
9,-62,5
10,-59,4
14,-58,3
5,-61,5
7,-63,7
9,-63,3
8,-66,3
9,-66,3
7,-64,5
12,-60,5
3,-60,6
6,-61,2
5,-61,2
9,-61,6
8,-65,6
9,-64,4
7,-63,4
7,-61,6
5,-64,5
6,-66,2
8,-61,5
6,-62,5
4,-62,2
3,-61,4
4,-60,2
7,-58,2
14,-62,7
11,-66,7
12,-61,4
16,-58,5
1,-65,5
-3,-66,2
2,-63,3
7,-63,8
-2,-63,5
3,-63,7
4,-63,5
6,-63,2
5,-64,2
3,-64,4
4,-63,5
2,-62,5
1,-62,6
0,-60,3
3,-63,3
7,-60,3
7,-60,4
4,-60,6
7,-60,5
8,-61,4
5,-62,2
3,-67,4
2,-66,4
4,-64,7
2,-63,6
4,-63,4
4,-64,3
4,-64,4
2,-62,4
3,-60,4
5,-64,5
6,-64,5
1,-63,4
4,-63,5
5,-63,5
4,-62,4
3,-62,7
2,-63,6
4,-62,4
3,-61,5
4,-60,5
3,-63,4
8,-64,3
6,-63,3
5,-57,5
5,-58,5
11,-64,6
7,-68,6
4,-64,5
3,-63,6
3,-68,3
9,-67,3
4,-65,4
-4,-64,4
1,-69,3
8,-71,2
10,-76,3
2,-77,0
0,-75,-2
3,-74,0
7,-75,1
4,-74,1
2,-74,0
7,-75,2
8,-74,1
5,-71,-2
8,-70,-1
9,-68,0
11,-67,-1
11,-67,-2
15,-69,0
15,-68,-6
12,-66,-7
12,-60,-5
15,-60,-6
18,-63,-4
15,-56,-4
12,-55,-7
14,-56,-8
15,-48,-6
16,-48,-4
14,-51,-4
17,-47,-2
21,-47,2
21,-47,3
23,-47,4
25,-46,5
26,-45,6
28,-44,6
30,-43,6
34,-43,7
34,-44,7
36,-47,11
35,-47,10
34,-44,9
33,-43,9
35,-43,13
41,-46,14
36,-49,14
39,-49,14
41,-49,17
41,-50,15
41,-46,14
41,-45,12
41,-48,9
42,-50,6
39,-48,3
40,-45,3
41,-43,2
43,-44,2
45,-45,4
45,-44,3
44,-44,4
44,-43,5
42,-43,4
47,-44,9
45,-43,9
47,-44,11
47,-45,12
45,-44,12
45,-44,13
50,-57,13
48,-61,12
49,-60,15
42,-54,15
33,-47,16
31,-47,16
31,-50,13
31,-48,12
32,-43,14
30,-41,15
36,-40,15
35,-40,15
37,-39,17
38,-38,17
40,-37,18
43,-35,18
42,-34,17
45,-33,19
47,-32,19
50,-33,16
53,-36,15
49,-41,13
51,-41,12
58,-45,11
58,-44,10
51,-41,9
51,-44,8
40,-51,4
42,-53,5
42,-49,5
44,-48,6
39,-47,6
40,-47,7
40,-43,5
42,-42,5
41,-40,4
42,-40,5
41,-37,5
41,-35,6
48,-39,8
52,-45,8
52,-45,8
53,-45,10
57,-48,11
59,-51,12
55,-52,14
41,-44,13
37,-44,12
37,-48,10
37,-47,9
40,-41,12
38,-37,12
35,-34,13
36,-35,13
39,-40,14
42,-43,15
45,-42,18
42,-38,18
41,-35,18
44,-34,19
46,-38,17
51,-44,16
52,-53,13
47,-52,11
46,-45,11
45,-46,9
50,-51,9
46,-47,9
44,-43,11
37,-43,10
38,-45,10
42,-48,12
41,-49,11
40,-52,11
37,-48,11
39,-49,14
39,-49,16
36,-46,17
39,-45,19
31,-39,19
33,-35,20
37,-34,20
37,-34,22
39,-34,23
40,-33,25
43,-33,26
42,-33,25
44,-34,25
45,-36,25
45,-36,23
46,-38,23
48,-41,20
49,-44,21
49,-45,18
51,-43,15
52,-46,15
41,-51,6
37,-51,3
36,-48,-1
34,-46,-3
30,-45,-6
27,-47,-8
34,-46,-3
29,-45,-6
26,-49,-10
36,-50,-3
31,-53,-6
27,-55,-9
32,-59,-5
31,-60,-4
27,-58,-3
23,-59,-6
26,-57,0
21,-53,1
21,-54,-2
26,-52,2
25,-52,1
26,-52,0
30,-54,1
30,-53,2
28,-64,0
30,-54,1
32,-60,3
23,-74,0
17,-76,0
27,-65,11
28,-63,11
18,-85,9
21,-87,9
18,-80,11
12,-79,13
-2,-87,6
6,-85,10
12,-72,7
13,-67,1
43,-68,-9
41,-70,-17
66,-68,-11
72,-69,-10
63,-64,-6
61,-54,3
48,-41,9
37,-44,18
-7,-41,10
-8,-42,8
-18,-45,14
38,-36,45
30,-37,32
15,-14,16
25,-23,11
61,-28,37
60,-28,33
57,-35,33
64,-31,34
54,-32,27
53,-28,26
66,-28,35
56,-27,36
49,-18,36
42,-16,37
56,-23,36
58,-24,31
34,-26,21
36,-27,16
44,-41,8
49,-41,14
27,-39,11
38,-45,9
31,-43,12
35,-47,21
40,-44,17
15,-49,4
18,-54,21
34,-46,15
30,-49,21
12,-58,10
5,-56,9
8,-53,18
16,-63,15
7,-58,11
5,-49,6
9,-59,32
6,-59,29
-4,-58,17
5,-59,17
7,-63,15
8,-64,13
13,-65,18
9,-66,12
14,-75,10
2,-68,1
8,-69,10
2,-73,6
1,-75,11
37,-77,40
9,-76,17
9,-62,1
-6,-58,3
-18,-62,8
7,-62,15
34,-70,17
4,-71,0
10,-67,6
16,-72,9
28,-75,-3
17,-76,-10
24,-78,3
16,-81,10
19,-91,-6
16,-88,-9
38,-83,-16
54,-85,5
18,-72,-4
23,-73,-2
10,-70,8
13,-63,12
5,-57,12
-5,-49,15
5,-67,21
12,-71,29
8,-57,28
5,-46,20
11,-56,10
12,-51,4
10,-52,-3
19,-61,-11
21,-54,-6
21,-43,-13
26,-48,-18
29,-77,-10
18,-75,-15
17,-69,-6
20,-71,-1
23,-79,-17
29,-80,-21
0,-75,-33
11,-62,-40
26,-64,-23
34,-76,-33
38,-87,-27
22,-92,-26
21,-80,-10
17,-65,1
24,-56,4
19,-60,-6
9,-45,14
12,-43,11
30,-44,10
31,-71,26
23,-73,28
27,-52,7
31,-40,7
28,-35,11
34,-36,5
30,-38,17
32,-34,10
22,-43,-1
17,-51,-6
58,-32,-2
57,-33,-7
63,-57,-25
57,-81,-31
73,-96,-17
77,-76,-28
56,-46,-37
62,-56,-38
39,-67,-9
36,-62,-14
34,-51,6
24,-46,19
27,-50,58
12,-54,63
21,-46,77
19,-50,50
37,-64,47
9,-41,48
30,-36,53
42,-39,31
46,-40,27
48,-25,20
36,-42,15
62,-50,5
50,-54,1
16,-72,-3
32,-69,11
-11,-67,2
3,-72,2
21,-58,3
30,-49,-8
33,-47,-2
22,-52,5
2,-71,21
47,-85,13
12,-72,9
34,-75,0
49,-69,6
38,-58,18
53,-56,4
59,-52,17
25,-37,41
29,-32,53
27,-30,90
78,-37,46
63,-65,29
17,-37,23
13,-29,33
38,-32,30
34,-31,20
30,-26,15
38,-20,16
49,-53,53
28,-63,25
30,-56,-23
38,-63,-18
51,-74,-14
69,-69,-19
47,-67,-17
54,-60,0
63,-57,-1
56,-46,-11
50,-62,-3
53,-62,32
41,-43,40
55,-39,46
26,-45,50
26,-44,63
17,-46,55
36,-47,45
44,-35,11
49,-41,27
47,-36,17
33,-33,17
32,-32,23
49,-28,13
45,-23,10
48,-18,11
49,-21,12
56,-31,16
69,-28,5
64,-55,-14
60,-56,-24
62,-67,-17
66,-71,-9
59,-60,-22
36,-63,-16
52,-50,8
42,-44,17
27,-39,30
28,-38,35
23,-48,49
41,-48,56
38,-49,29
27,-51,19
14,-36,33
45,-50,37
36,-50,37
49,-62,34
44,-61,21
51,-62,15
47,-56,10
39,-53,11
37,-53,14
26,-48,10
23,-47,10
-13,-39,16
23,-50,24
51,-35,29
32,-28,24
32,-30,18
36,-34,27
37,-36,28
37,-33,33
-2,-47,11
32,-51,22
10,-59,7
23,-64,15
29,-63,8
17,-71,8
38,-64,23
38,-63,19
19,-50,-17
71,-66,14
53,-62,26
45,-57,46
20,-51,32
34,-68,33
38,-69,30
22,-52,25
30,-41,11
22,-45,18
21,-48,20
16,-45,8
18,-46,15
37,-48,21
13,-45,10
31,-48,10
36,-59,23
30,-67,9
34,-69,11
38,-65,0
23,-65,-5
10,-68,-1
15,-71,8
6,-65,0
12,-68,1
11,-65,0
-17,-65,11
14,-59,-1
18,-75,-25
23,-75,-20
35,-63,-12
15,-64,-16
43,-58,-14
42,-59,-12
72,-93,-26
67,-91,-22
15,-93,8
2,-80,33
-7,-56,37
5,-61,36
10,-74,53
-4,-62,37
5,-50,33
10,-55,23
13,-52,23
18,-45,23
27,-48,17
20,-50,6
39,-44,9
42,-45,14
43,-72,-3
37,-75,-10
51,-80,4
21,-79,-11
8,-70,-22
11,-68,-12
-4,-65,-18
20,-63,1
17,-72,1
3,-70,-2
53,-56,15
32,-75,-7
18,-70,-14
52,-59,2
57,-65,0
34,-69,5
43,-68,20
38,-61,6
29,-69,6
38,-69,7
29,-57,12
22,-41,15
25,-49,22
24,-56,31
26,-66,38
49,-48,14
38,-36,8
21,-35,6
43,-24,7
50,-21,12
44,-14,0
50,-15,-6
78,-27,-16
97,-56,-37
62,-62,-28
70,-60,-19
64,-48,1
55,-36,-1
44,-51,9
41,-45,21
9,-45,25
17,-53,28
45,-57,37
41,-52,21
27,-29,27
33,-26,29
40,-33,34
42,-27,30
45,-34,12
41,-45,11
50,-53,2
53,-58,0
44,-57,-6
24,-55,-11
61,-59,-1
55,-56,-13
46,-57,-11
22,-67,-2
42,-67,21
38,-70,2
24,-63,-2
31,-59,23
30,-61,30
22,-67,-2
42,-67,21
38,-70,2
24,-63,-2
31,-59,23
30,-61,30
39,-49,39
40,-34,27
32,-35,38
32,-29,42
43,-34,55
48,-37,40
59,-52,20
47,-50,19
36,-36,8
36,-30,8
28,-22,4
35,-22,10
36,-26,0
35,-26,-1
58,-40,20
60,-39,10
68,-50,-16
69,-68,-9
56,-60,-7
59,-56,28
55,-40,28
32,-31,23
29,-43,25
61,-49,19
59,-57,21
46,-46,19
50,-48,16
28,-40,4
26,-33,12
38,-32,12
32,-24,2
48,-20,9
64,-33,24
50,-28,5
62,-31,8
61,-30,10
57,-27,11
60,-23,21
50,-21,18
49,-21,22
42,-22,31
31,-15,15
55,-22,24
45,-33,39
33,-36,17
50,-40,21
39,-47,23
46,-53,27
43,-50,21
33,-53,22
22,-51,18
33,-52,17
33,-50,22
22,-47,18
26,-53,10
35,-57,11
13,-53,19
15,-55,20
38,-54,19
30,-59,20
40,-56,24
28,-59,29
35,-63,25
34,-68,23
33,-57,29
37,-51,35
40,-50,26
49,-42,25
28,-39,23
43,-45,28
36,-48,22
32,-40,26
47,-48,29
46,-25,15
54,-35,12
53,-37,19
52,-29,14
55,-40,8
42,-28,2
52,-42,12
46,-51,8
39,-30,10
45,-30,11
53,-33,11
52,-23,13
63,-29,26
62,-25,17
58,-29,8
52,-29,13
48,-33,16
50,-43,28
62,-57,33
54,-52,22
50,-37,24
29,-39,19
30,-38,23
33,-32,18
27,-25,18
34,-21,14
29,-22,9
32,-28,13
48,-33,19
66,-45,20
51,-54,13
51,-84,24
47,-87,-4
31,-69,-13
7,-63,-19
51,-57,-8
53,-66,-14
65,-66,-5
61,-65,-2
37,-64,14
33,-64,19
38,-66,21
30,-69,25
28,-62,29
26,-55,28
27,-47,40
19,-51,45
30,-53,19
57,-55,10
50,-54,12
29,-47,4
25,-46,18
37,-33,7
28,-34,7
31,-29,7
36,-28,12
49,-24,15
54,-23,15
28,-41,-9
44,-61,-3
72,-78,28
39,-77,17
35,-76,-14
34,-69,-18
24,-63,-4
51,-51,7
45,-62,13
41,-56,11
43,-63,14
34,-68,22
30,-63,17
30,-63,22
23,-57,11
27,-56,18
29,-56,20
29,-54,17
28,-50,19
26,-45,29
21,-52,28
41,-55,29
54,-58,26
38,-53,25
55,-45,35
55,-20,34
41,-9,5
41,-17,22
37,-9,10
26,-18,8
34,-22,11
63,-30,18
44,-40,9
33,-60,13
66,-63,24
39,-67,-26
45,-82,-24
47,-74,-3
56,-71,2
53,-60,1
55,-57,4
43,-46,30
47,-37,46
37,-26,43
37,-28,54
36,-32,54
64,-46,49
66,-31,27
35,-21,10
45,-27,18
32,-15,18
33,-17,19
40,-14,16
37,-12,15
46,-32,20
44,-47,14
48,-52,-4
40,-65,1
44,-73,2
45,-76,-9
47,-59,-5
68,-54,1
42,-49,-3
48,-49,4
42,-45,25
61,-41,19
44,-44,14
39,-39,29
44,-33,27
41,-26,29
43,-24,27
47,-28,38
47,-29,26
76,-45,15
57,-46,11
57,-34,8
55,-33,15
45,-24,10
39,-20,5
41,-15,5
38,-10,6
45,-7,9
38,-9,7
46,-21,9
64,-24,7
46,-42,-7
53,-59,-12
108,-63,4
32,-41,-20
72,-58,9
50,-54,21
39,-44,22
44,-42,28
30,-44,32
29,-45,35
37,-50,38
48,-53,27
35,-45,21
42,-41,29
35,-38,25
32,-33,23
31,-33,27
33,-29,24
34,-29,23
39,-30,24
40,-41,27
53,-43,23
45,-46,17
44,-51,17
48,-50,15
32,-46,7
31,-43,9
45,-51,16
40,-51,14
35,-46,18
36,-42,17
20,-44,16
24,-42,12
29,-50,13
19,-58,16
44,-62,28
38,-50,3
27,-63,-1
47,-67,4
35,-61,7
32,-68,20
42,-57,15
18,-50,28
25,-38,25
48,-46,11
43,-51,7
47,-46,20
48,-44,13
44,-42,12
40,-39,20
51,-38,20
53,-31,12
45,-34,15
45,-38,22
56,-39,13
57,-45,4
39,-59,4
36,-57,12
41,-46,8
44,-45,0
28,-50,5
34,-44,6
42,-42,4
44,-56,9
51,-45,9
50,-39,9
48,-41,4
57,-44,23
39,-40,19
50,-36,8
48,-39,11
52,-43,26
47,-48,27
30,-47,34
35,-46,37
44,-45,42
36,-37,37
41,-46,32
52,-46,30
66,-23,25
46,-16,23
24,-33,19
37,-23,23
43,-24,20
36,-34,29
37,-29,26
37,-32,22
42,-54,13
49,-64,-12
51,-64,-21
42,-71,-26
9,-72,-12
71,-68,12
60,-52,6
35,-50,37
22,-43,41
44,-39,84
29,-39,65
28,-42,32
49,-48,34
65,-43,7
30,-36,16
42,-28,23
35,-21,18
39,-12,19
33,-12,18
43,-20,25
38,-34,24
55,-50,16
36,-55,8
38,-72,-2
38,-82,-13
41,-65,-11
46,-57,-8
51,-62,-5
55,-61,15
40,-55,17
45,-47,31
44,-37,36
32,-41,47
26,-36,46
28,-53,54
40,-55,42
63,-61,5
39,-49,1
41,-46,10
28,-39,4
26,-30,6
23,-24,7
34,-26,16
31,-31,17
38,-32,7
45,-30,2
53,-44,2
62,-53,4
56,-68,-7
41,-72,-16
75,-62,-2
61,-50,5
56,-46,9
39,-50,23
36,-47,20
31,-59,22
30,-59,24
15,-56,17
22,-54,12
42,-61,13
64,-53,14
45,-28,3
41,-27,4
41,-29,11
34,-28,16
32,-21,16
37,-15,17
40,-27,14
50,-34,18
34,-58,0
37,-61,-9
58,-64,-4
46,-64,-12
38,-71,2
53,-57,12
29,-55,15
39,-54,25
40,-39,20
46,-35,27
44,-32,26
40,-42,34
41,-40,37
43,-35,39
45,-35,34
76,-36,18
58,-38,15
63,-32,22
53,-27,19
38,-21,17
35,-22,20
37,-23,20
35,-25,15
42,-20,9
49,-22,14
45,-20,12
47,-16,12
44,-38,21
56,-41,26
51,-44,12
49,-50,8
73,-58,11
86,-45,8
33,-59,8
61,-51,5
45,-63,6
52,-46,15
50,-43,10
42,-52,7
47,-52,16
33,-47,9
31,-51,12
29,-50,18
27,-48,16
33,-48,27
31,-47,31
17,-52,33
46,-53,36
58,-44,8
38,-46,17
42,-35,27
36,-32,25
35,-25,22
38,-24,24
41,-26,26
47,-26,28
57,-43,24
48,-47,7
32,-50,-1
30,-58,-2
35,-76,-5
42,-73,-5
46,-57,-6
52,-55,5
50,-51,11
50,-44,26
46,-39,26
32,-48,39
38,-47,46
38,-50,64
33,-46,44
51,-53,4
30,-50,2
48,-37,13
37,-40,15
29,-30,17
32,-30,20
32,-30,23
29,-27,17
41,-28,8
56,-39,26
44,-39,14
54,-49,2
48,-54,1
47,-58,-8
48,-70,-17
46,-71,-14
38,-56,-8
64,-58,20
58,-47,16
32,-58,33
23,-54,30
35,-48,33
41,-49,36
30,-42,31
26,-40,29
42,-48,16
51,-55,12
46,-48,3
47,-46,8
36,-43,15
37,-39,20
34,-29,21
34,-28,18
38,-30,14
31,-32,12
36,-32,16
39,-34,16
49,-39,20
44,-36,18
46,-32,13
46,-29,15
53,-35,16
49,-34,17
66,-55,24
33,-66,6
29,-69,15
13,-74,12
10,-76,7
36,-70,17
24,-67,11
35,-60,13
32,-62,14
22,-70,6
46,-53,12
40,-66,9
48,-54,10
46,-45,13
46,-49,6
50,-48,1
40,-42,4
42,-43,8
48,-45,2
46,-41,3
32,-44,1
46,-29,13
47,-31,5
46,-47,15
45,-36,19
37,-33,14
42,-42,15
65,-46,23
44,-50,6
48,-36,16
51,-24,19
47,-28,16
50,-25,16
45,-20,11
38,-16,16
39,-18,13
43,-21,9
40,-35,14
46,-47,3
50,-47,-5
50,-59,0
52,-65,-3
40,-74,14
65,-55,14
47,-43,13
56,-38,19
47,-37,32
32,-32,33
28,-34,45
32,-32,38
31,-46,28
38,-49,23
47,-54,12
60,-41,23
54,-37,26
31,-23,17
32,-21,20
28,-17,19
40,-18,20
33,-17,19
46,-25,22
41,-41,6
48,-55,0
59,-56,-11
55,-67,-20
50,-70,-8
55,-60,-13
54,-79,10
49,-58,23
46,-42,13
54,-47,19
38,-39,26
39,-28,27
43,-26,21
46,-33,25
40,-41,36
33,-46,33
56,-42,13
40,-37,17
63,-24,15
39,-25,23
32,-21,20
38,-16,19
49,-20,27
36,-20,14
39,-27,16
57,-58,7
42,-69,-12
75,-74,-18
71,-57,-4
32,-46,-17
49,-64,0
73,-64,22
46,-61,25
36,-48,54
37,-32,44
33,-36,32
33,-42,37
45,-47,45
61,-40,31
37,-27,28
50,-21,29
42,-20,24
35,-24,22
47,-23,20
47,-28,25
39,-32,22
48,-53,20
45,-58,24
17,-49,7
50,-57,10
33,-62,-5
36,-59,-10
31,-61,-10
31,-57,1
37,-58,6
60,-56,26
42,-55,26
49,-41,17
56,-40,30
52,-33,29
50,-18,26
59,-17,26
50,-17,25
53,-14,24
46,-21,25
55,-21,18
69,-28,14
68,-33,12
62,-25,8
52,-25,5
39,-18,8
40,-16,17
44,-20,19
33,-25,14
28,-26,10
54,-36,20
72,-57,18
65,-73,0
46,-51,-1
55,-56,20
44,-41,13
46,-35,9
51,-41,17
36,-38,25
40,-35,26
44,-39,22
44,-40,24
41,-41,25
47,-42,22
62,-46,13
55,-45,11
46,-38,12
43,-36,16
36,-36,12
28,-35,14
26,-28,13
28,-22,10
36,-23,15
45,-34,19
51,-41,21
47,-45,3
72,-60,1
63,-65,-7
47,-58,-11
58,-55,24
66,-51,30
48,-41,17
52,-44,23
39,-33,30
38,-34,29
46,-34,22
45,-35,26
38,-43,28
44,-43,28
60,-38,20
59,-33,16
54,-28,12
50,-23,16
46,-17,17
38,-13,15
43,-13,17
43,-18,16
40,-21,11
37,-35,16
57,-43,16
70,-74,-19
74,-75,-9
65,-59,10
47,-53,5
53,-40,15
35,-37,19
47,-39,37
47,-38,44
33,-35,39
39,-30,42
74,-27,22
74,-26,12
60,-21,10
62,-23,12
52,-17,9
52,-20,15
41,-21,15
43,-26,15
45,-24,20
42,-30,19
47,-29,20
47,-35,23
27,-47,12
33,-49,16
37,-56,22
49,-60,15
39,-62,12
23,-62,17
29,-59,19
40,-57,42
31,-45,36
31,-42,28
35,-45,24
39,-52,30
45,-46,28
37,-36,5
45,-39,9
53,-35,20
50,-36,10
49,-29,4
55,-22,7
71,-32,8
65,-40,5
62,-32,17
58,-27,21
58,-22,22
59,-32,19
62,-45,20
61,-44,26
49,-33,25
32,-21,15
39,-17,15
29,-17,16
34,-20,14
35,-14,18
24,-17,22
59,-40,6
55,-57,-7
74,-83,-7
66,-69,-11
53,-56,9
42,-46,5
48,-37,3
49,-37,14
46,-44,18
44,-46,31
35,-33,35
32,-32,28
48,-41,24
47,-43,24
63,-42,21
54,-33,11
50,-28,19
49,-27,23
35,-23,18
34,-25,15
34,-20,15
34,-26,18
32,-30,13
39,-53,4
72,-59,6
39,-66,-1
49,-74,-12
59,-57,3
41,-53,4
39,-48,20
50,-44,26
46,-53,36
37,-44,33
51,-39,26
50,-26,23
53,-31,31
41,-19,20
51,-20,28
46,-18,31
53,-23,34
46,-24,28
58,-27,18
62,-30,17
65,-28,25
51,-21,10
55,-16,13
52,-13,20
50,-10,20
30,-7,13
44,-15,19
45,-5,18
41,-2,6
51,-34,15
53,-32,7
51,-38,-3
58,-47,10
32,-51,0
31,-69,10
30,-70,9
24,-73,13
26,-66,14
13,-67,5
16,-70,24
0,-71,21
32,-64,21
30,-65,22
52,-49,0
45,-47,-7
36,-47,-6
37,-46,-4
45,-71,4
50,-80,-19
31,-66,4
15,-56,27
9,-47,50
-4,-54,49
17,-62,35
33,-66,6
27,-59,7
-4,-45,13
6,-46,17
25,-45,10
36,-45,9
24,-48,14
25,-50,15
43,-53,8
45,-51,5
23,-58,-9
21,-67,0
30,-65,7
22,-70,-6
19,-55,-5
33,-54,-1
47,-66,1
42,-58,0
36,-61,-4
40,-71,-5
33,-78,-2
24,-66,23
19,-60,28
25,-39,20
32,-45,37
18,-44,48
44,-44,25
46,-63,25
35,-50,14
46,-26,5
44,-21,12
40,-23,15
45,-20,9
44,-24,7
45,-30,5
46,-36,-8
32,-38,-4
29,-50,20
68,-35,24
59,-57,12
30,-70,3
57,-55,34
35,-59,27
44,-38,13
44,-41,8
48,-55,8
45,-50,4
39,-45,9
45,-43,8
41,-36,9
45,-38,20
43,-37,22
52,-34,20
54,-27,9
54,-28,16
57,-29,16
77,-32,18
63,-35,20
59,-19,30
56,-12,25
46,-9,17
47,-7,17
43,-8,15
49,-6,21
60,-9,9
55,-29,6
56,-35,9
60,-30,7
50,-23,0
49,-27,0
43,-49,6
47,-44,-1
51,-74,7
22,-58,2
55,-56,20
54,-50,27
35,-54,23
36,-42,14
50,-45,14
47,-39,11
39,-24,8
50,-17,18
67,-21,24
71,-30,16
71,-36,21
48,-34,16
45,-38,5
54,-33,10
49,-35,14
44,-32,10
44,-23,9
47,-19,20
42,-13,23
46,-6,23
41,1,27
53,0,30
48,-1,28
46,-6,19
59,-22,18
72,-36,27
59,-44,3
69,-53,7
34,-59,15
47,-62,13
51,-62,0
21,-75,-10
29,-64,0
55,-64,-2
27,-73,-16
54,-54,-12
65,-40,8
57,-37,10
48,-23,18
47,-19,37
56,-22,82
38,-11,58
56,-28,64
39,-30,60
43,-20,49
36,-17,36
29,-16,30
32,-22,32
33,-18,25
35,-22,25
54,-35,29
54,-39,21
42,-57,15
35,-77,18
26,-87,4
24,-74,-7
30,-66,0
24,-61,-6
25,-66,-5
49,-55,1
65,-53,6
49,-77,0
55,-60,8
76,-57,50
42,-41,37
28,-25,33
38,-38,43
29,-45,73
43,-51,81
46,-36,45
38,-28,49
37,-24,36
33,-21,35
28,-24,31
33,-21,25
35,-25,20
51,-29,27
46,-48,11
58,-53,1
47,-80,5
57,-80,-7
33,-79,-8
23,-65,-11
-11,-71,-4
55,-51,9
51,-52,10
37,-61,17
42,-58,17
45,-55,25
52,-53,22
44,-42,11
55,-45,25
43,-43,22
34,-36,22
46,-39,23
47,-47,28
37,-43,25
39,-41,27
41,-40,26
39,-37,29
43,-48,43
49,-54,39
52,-48,24
45,-39,22
37,-36,15
28,-28,10
26,-24,10
36,-22,13
35,-21,13
33,-38,20
42,-36,10
71,-80,-18
99,-79,-12
42,-43,-35
45,-68,-14
42,-62,6
34,-42,1
36,-59,24
36,-57,33
27,-48,39
20,-48,33
44,-55,29
64,-51,18
47,-40,9
60,-31,12
57,-17,2
54,-24,11
51,-15,4
43,-23,6
35,-20,1
35,-23,1
44,-33,5
38,-35,7
38,-39,8
42,-43,13
49,-44,19
31,-41,16
33,-45,13
90,-67,24
4,-65,12
82,-48,36
31,-42,34
34,-50,25
42,-55,27
22,-48,-1
45,-58,2
49,-41,11
45,-36,18
58,-34,21
49,-25,22
47,-41,28
65,-35,26
48,-37,24
44,-34,21
36,-34,24
44,-41,29
41,-43,28
36,-37,29
38,-40,25
62,-37,18
58,-39,18
66,-31,22
67,-28,9
57,-32,6
53,-27,12
64,-24,20
61,-22,17
69,-20,18
67,-19,17
54,-16,20
46,-16,19
45,-16,27
48,-23,28
30,-19,23
44,-15,25
-5,-45,7
37,-67,8
35,-68,15
67,-100,39
87,-42,38
63,-42,34
42,-20,18
43,-31,20
53,-41,24
42,-36,23
38,-37,26
45,-33,15
46,-43,15
40,-34,29
45,-31,25
55,-38,19
54,-42,21
53,-39,24
48,-41,17
48,-45,15
49,-48,16
56,-51,22
65,-46,25
60,-37,18
56,-32,19
47,-16,12
49,-9,15
42,-9,37
36,-7,37
24,-7,38
31,-1,38
48,-4,37
43,-11,41
31,-36,14
77,-65,43
55,-95,72
44,-41,34
47,-57,26
42,-65,9
52,-55,26
65,-51,19
55,-58,20
47,-53,24
33,-49,22
35,-36,20
26,-40,23
16,-33,25
13,-29,28
25,-23,17
18,-33,15
30,-37,15
29,-40,29
49,-41,23
62,-42,29
6,-58,31
24,-52,22
30,-59,20
21,-62,-1
55,-66,3
40,-68,15
56,-63,26
49,-80,17
36,-79,11
25,-64,27
30,-54,28
31,-59,24
19,-59,23
7,-59,12
26,-56,8
38,-52,10
29,-57,11
36,-52,11
42,-49,15
42,-41,10
46,-38,13
43,-33,15
42,-32,18
47,-33,20
40,-36,18
45,-42,22
45,-42,22
43,-44,22
42,-44,21
37,-42,20
37,-39,19
41,-35,22
39,-39,25
41,-41,29
41,-46,32
41,-51,37
27,-53,41
22,-45,40
27,-42,50
18,-48,49
11,-50,41
11,-50,39
10,-50,36
5,-51,32
5,-50,28
1,-50,29
-2,-48,30
-6,-47,28
-5,-49,29
-3,-48,31
-8,-47,30
-6,-49,32
-7,-51,29
-9,-51,30
-6,-53,34
-7,-54,34
-14,-53,30
-6,-56,37
-11,-55,35
-12,-53,35
-14,-49,35
-10,-50,36
-5,-52,39
-9,-53,36
-7,-52,38
-3,-53,38
-2,-52,38
-1,-46,36
3,-45,39
2,-44,37
5,-44,37
7,-41,38
10,-41,39
11,-39,38
15,-40,41
18,-39,44
19,-40,42
21,-40,42
26,-42,46
21,-44,45
23,-43,44
22,-44,42
18,-44,37
21,-44,33
30,-50,38
29,-49,38
22,-43,28
35,-43,29
33,-41,30
38,-43,36
35,-42,28
34,-41,24
36,-40,27
36,-37,24
45,-37,35
41,-37,29
39,-37,25
41,-41,27
37,-51,38
36,-50,30
40,-41,21
42,-52,24
37,-49,32
30,-53,34
32,-34,14
49,-38,15
46,-44,20
41,-43,11
25,-53,6
28,-52,18
45,-57,7
28,-53,4
57,-57,11
49,-51,9
51,-51,18
35,-47,9
45,-46,7
41,-46,-7
30,-48,-15
28,-48,-11
32,-43,-7
37,-57,-4
40,-49,-11
41,-47,-10
45,-45,-3
37,-44,-12
46,-47,-5
45,-45,-7
46,-46,-5
34,-47,-16
47,-46,-8
46,-44,-6
38,-45,-11
43,-44,-5
49,-45,0
41,-44,-7
35,-43,-3
35,-43,-3
40,-46,-8
38,-45,-9
39,-47,-7
41,-48,-8
39,-47,-7
44,-47,-10
40,-46,-8
38,-48,-7
40,-50,0
41,-50,-1
40,-52,0
38,-52,1
37,-53,5
37,-54,5
36,-60,6
31,-60,6
33,-57,9
29,-53,12
25,-52,14
27,-54,17
25,-56,17
25,-55,18
26,-57,23
26,-62,23
21,-58,19
25,-54,18
18,-52,19
16,-50,18
22,-48,19
17,-47,17
18,-48,18
17,-51,18
14,-50,16
15,-51,16
14,-52,17
11,-48,15
9,-47,14
11,-48,16
6,-46,12
9,-44,10
6,-45,10
4,-47,8
5,-47,7
9,-52,4
9,-57,2
15,-62,-1
14,-61,-3
15,-62,-7
18,-63,-8
19,-67,-5
19,-67,-3
20,-67,-2
22,-72,-1
18,-73,1
16,-69,0
17,-68,2
13,-74,1
9,-77,0
6,-75,3
12,-74,8
9,-76,4
9,-76,2
11,-74,5
12,-75,6
12,-73,7
5,-69,1
22,-66,4
23,-65,2
5,-65,3
16,-62,6
6,-66,7
5,-64,6
7,-64,4
10,-63,3
9,-61,0
4,-63,-1
7,-61,1
3,-63,7
4,-61,5
4,-61,4
2,-64,4
6,-64,5
5,-65,3
3,-64,3
3,-64,4
1,-62,4
-1,-66,2
3,-61,3
7,-61,3
5,-59,1
9,-59,3
12,-61,7
11,-61,3
10,-62,3
11,-60,2
9,-64,3
6,-67,3
4,-63,3
2,-60,3
3,-62,1
3,-64,0
6,-63,0
3,-63,-1
3,-63,0
12,-63,0
8,-63,-1
1,-64,-3
4,-65,-4
0,-62,-3
3,-64,-3
2,-65,0
6,-62,4
3,-66,0
2,-64,-3
6,-63,2
5,-60,1
9,-58,3
10,-61,3
9,-60,1
7,-61,-1
7,-64,-2
6,-64,-5
1,-67,-3
3,-67,0
2,-62,1
0,-62,0
1,-61,-3
4,-60,-5
3,-63,-2
2,-63,0
3,-63,1
0,-63,2
-1,-64,2
-1,-67,0
0,-64,-1
0,-62,-1
2,-62,0
4,-64,-3
4,-63,-3
6,-61,1
7,-58,-1
4,-61,1
2,-62,0
4,-62,-3
5,-65,-1
3,-67,-1
2,-66,0
0,-65,1
1,-64,0
1,-61,-2
4,-59,-1
1,-63,-2
2,-62,-3
-2,-64,0
-2,-61,-3
2,-63,1
2,-63,1
1,-63,-2
2,-63,1
3,-62,2
3,-63,1
3,-62,1
3,-61,0
4,-63,-1
3,-62,-1
4,-62,0
5,-64,1
4,-63,0
3,-63,-1
3,-64,-2
1,-66,-3
1,-65,-2
0,-63,1
-1,-63,0
-10,-64,-2
8,-57,-2
2,-61,-1
-1,-63,-2
-6,-66,0
-1,-62,3
-3,-66,2
-2,-66,-2
-7,-66,1
-3,-64,2
4,-60,0
6,-57,1
9,-60,0
3,-62,-5
0,-63,-5
3,-64,2
-2,-63,1
-2,-64,0
-2,-67,-1
-1,-64,-1
-2,-64,-2
-5,-64,1
-5,-60,-1
-7,-60,0
-3,-62,2
1,-67,0
-5,-67,1
-5,-64,-1
0,-63,0
9,-66,0
3,-68,1
4,-70,0
-1,-71,-2
5,-73,-1
9,-73,3
5,-76,5
9,-76,3
9,-76,2
7,-76,3
10,-78,4
12,-76,6
8,-76,4
9,-77,2
10,-77,2
13,-79,4
11,-80,5
12,-71,4
15,-67,5
20,-61,7
20,-59,7
21,-55,9
22,-54,9
26,-51,6
25,-47,5
24,-39,6
23,-36,6
28,-36,6
28,-34,6
29,-35,5
32,-36,4
37,-38,6
41,-36,5
39,-35,5
44,-35,4
42,-35,4
45,-38,3
46,-37,4
50,-38,4
48,-37,3
51,-46,4
51,-52,4
47,-55,7
48,-55,10
38,-46,12
36,-42,15
33,-37,17
34,-37,17
34,-41,18
35,-42,19
37,-43,21
39,-41,21
35,-39,19
38,-37,19
41,-34,20
42,-34,20
44,-33,20
44,-32,21
46,-31,22
45,-30,22
45,-29,22
52,-35,22
54,-39,22
55,-44,20
60,-44,20
63,-42,21
58,-40,20
53,-36,16
53,-35,15
53,-37,13
55,-39,12
51,-37,7
48,-36,5
41,-31,4
41,-29,4
42,-28,4
44,-30,5
51,-35,8
53,-37,11
52,-38,13
51,-35,13
51,-31,12
54,-32,13
56,-32,13
59,-32,15
61,-33,19
61,-39,18
60,-38,18
58,-32,23
50,-29,23
45,-31,23
45,-32,21
45,-29,17
44,-27,16
42,-23,15
43,-24,15
49,-27,17
49,-26,17
49,-26,17
51,-26,18
47,-27,18
46,-26,17
46,-24,16
50,-23,16
59,-29,18
64,-33,20
68,-36,21
68,-32,20
73,-29,21
72,-30,21
59,-27,16
52,-27,9
46,-28,9
48,-27,9
49,-27,8
48,-29,8
49,-29,8
47,-27,7
47,-26,6
52,-26,7
52,-26,8
50,-24,8
54,-24,9
57,-27,11
62,-31,12
65,-34,13
67,-34,15
73,-38,18
76,-40,19
60,-32,20
54,-24,22
52,-24,25
51,-30,24
46,-31,19
45,-28,17
41,-25,17
39,-25,19
40,-26,20
42,-25,22
43,-24,23
44,-24,24
46,-23,24
49,-21,25
50,-21,25
57,-24,26
60,-25,26
66,-29,26
62,-28,24
71,-31,23
70,-32,20
66,-32,14
61,-32,11
56,-30,7
54,-28,5
53,-25,4
51,-24,5
46,-21,7
52,-21,9
55,-23,9
56,-24,10
55,-24,11
55,-23,11
54,-20,13
53,-18,13
55,-18,14
61,-24,14
61,-25,14
68,-31,18
74,-37,21
62,-33,21
59,-29,21
50,-24,18
48,-25,16
48,-28,13
46,-27,13
45,-25,14
46,-24,14
47,-23,14
50,-26,15
53,-29,17
55,-30,18
52,-28,19
51,-29,19
49,-28,17
50,-28,15
48,-31,14
49,-33,15
51,-39,15
51,-41,14
54,-43,13
58,-44,14
59,-45,14
53,-39,14
54,-42,14
52,-44,12
51,-42,11
49,-40,11
45,-41,9
46,-43,9
45,-40,8
41,-39,5
42,-39,5
41,-39,4
41,-39,5
47,-45,7
50,-50,9
51,-52,12
51,-51,13
49,-46,18
48,-45,22
46,-39,25
41,-35,26
41,-33,28
39,-32,27
42,-36,26
40,-38,28
38,-37,30
39,-38,31
38,-39,30
39,-38,28
41,-38,28
38,-36,26
38,-36,27
41,-37,30
41,-39,31
41,-41,31
41,-42,31
41,-47,30
39,-47,28
34,-44,25
34,-43,24
33,-43,25
33,-44,25
32,-44,27
32,-43,27
33,-43,29
34,-44,30
33,-42,31
33,-40,32
33,-38,32
33,-37,32
35,-36,34
35,-39,35
37,-41,36
32,-40,34
32,-39,33
30,-42,28
27,-43,25
24,-38,21
25,-38,19
31,-42,18
35,-45,18
35,-48,15
39,-50,16
45,-56,14
47,-58,12
44,-57,9
42,-55,8
42,-55,8
41,-54,8
39,-51,7
39,-51,7
39,-50,6
40,-48,6
38,-47,6
39,-48,6
40,-49,7
40,-50,8
39,-49,8
38,-49,8
36,-49,9
36,-51,10
36,-53,12
38,-57,17
36,-58,18
32,-54,20
30,-51,20
32,-48,20
33,-48,21
35,-48,24
35,-46,24
36,-43,23
37,-42,22
39,-40,21
40,-39,21
39,-38,21
41,-40,21
40,-38,18
40,-36,18
39,-36,18
39,-36,17
41,-37,16
42,-40,17
46,-50,17
45,-53,15
47,-54,14
49,-53,14
47,-50,14
43,-45,15
41,-46,15
45,-50,14
47,-51,13
45,-53,12
42,-53,10
38,-47,9
37,-44,8
36,-40,6
37,-40,6
36,-41,5
36,-40,5
41,-40,7
41,-41,7
44,-43,8
46,-45,9
45,-46,9
47,-46,11
53,-54,16
50,-61,21
51,-57,24
48,-52,25
37,-45,28
32,-40,27
32,-41,26
30,-43,22
30,-43,23
29,-39,21
28,-38,20
33,-41,22
34,-42,22
36,-42,21
37,-41,21
38,-39,22
37,-38,21
39,-36,22
39,-37,22
43,-39,22
43,-40,22
44,-43,19
47,-47,18
54,-58,18
49,-54,17
44,-47,18
44,-50,18
44,-60,17
47,-63,16
36,-60,13
32,-56,12
30,-51,11
29,-47,8
31,-48,7
30,-52,7
30,-52,6
31,-52,7
32,-54,9
35,-60,10
35,-62,11
36,-63,13
38,-63,16
30,-52,23
30,-47,29
32,-48,35
28,-48,32
21,-40,24
21,-39,22
14,-40,22
15,-43,23
15,-40,25
15,-41,26
17,-48,28
18,-54,27
14,-64,22
14,-66,20
12,-69,19
9,-69,15
11,-67,14
13,-65,13
12,-65,12
14,-62,13
14,-61,14
16,-61,16
17,-60,17
20,-58,17
19,-58,18
18,-55,18
20,-54,19
21,-54,21
21,-55,22
15,-50,18
17,-46,19
21,-50,25
19,-54,25
18,-56,22
16,-54,20
15,-55,20
14,-58,18
15,-59,16
16,-60,17
15,-63,16
17,-67,16
14,-66,14
14,-63,15
15,-63,15
16,-59,14
17,-58,15
17,-58,17
18,-58,17
20,-59,18
21,-59,17
17,-58,15
16,-56,14
15,-54,13
16,-54,15
16,-52,15
19,-52,16
20,-56,16
18,-55,14
18,-51,12
20,-53,13
23,-64,14
24,-67,14
21,-64,13
21,-66,13
19,-66,11
20,-64,11
20,-56,14
21,-58,15
22,-57,15
24,-55,16
25,-55,16
25,-56,18
26,-56,18
24,-53,18
24,-55,18
19,-49,14
22,-47,16
23,-51,17
24,-52,17
27,-54,16
24,-57,14
25,-56,12
25,-55,11
26,-60,12
25,-61,11
25,-62,8
24,-64,8
23,-68,7
21,-67,7
17,-59,7
18,-57,9
20,-55,10
23,-56,12
22,-55,13
22,-55,14
23,-55,14
25,-57,14
23,-58,14
18,-60,13
17,-57,12
18,-52,14
19,-51,15
19,-51,15
22,-52,15
20,-51,13
22,-54,13
23,-57,12
23,-60,13
21,-67,11
20,-68,10
18,-70,10
16,-70,10
12,-65,11
12,-62,12
10,-56,13
12,-55,15
15,-59,17
15,-61,17
12,-60,16
16,-62,18
15,-63,17
12,-57,14
12,-54,14
13,-52,14
18,-53,15
27,-60,17
29,-62,16
34,-64,13
37,-64,12
34,-55,9
34,-50,9
38,-48,9
39,-49,8
39,-53,5
36,-52,4
33,-50,3
33,-51,3
32,-51,6
30,-52,8
31,-55,13
29,-56,13
29,-57,13
27,-56,13
26,-53,13
27,-53,12
29,-57,11
30,-58,10
29,-59,10
28,-61,10
27,-59,10
28,-55,12
28,-54,13
27,-55,14
26,-56,15
23,-55,14
23,-54,14
20,-50,13
20,-48,14
23,-48,17
22,-49,17
29,-54,20
29,-57,20
26,-55,17
27,-54,17
26,-54,14
26,-52,14
26,-52,14
27,-54,13
29,-58,12
29,-59,12
26,-60,10
26,-59,10
26,-62,9
25,-64,10
23,-64,10
19,-61,11
19,-61,11
18,-61,11
16,-61,12
16,-61,14
15,-60,15
15,-57,16
15,-57,16
15,-54,14
16,-55,14
15,-56,14
16,-57,14
16,-57,15
17,-56,16
15,-56,16
14,-55,16
13,-56,16
12,-57,16
12,-60,17
12,-59,17
12,-60,19
12,-60,18
12,-56,19
15,-55,20
19,-57,20
25,-61,19
26,-63,18
30,-62,14
32,-60,13
36,-56,11
36,-54,9
41,-51,8
42,-52,8
42,-54,7
42,-54,6
39,-53,4
38,-52,4
35,-49,3
34,-47,3
34,-46,6
34,-47,7
36,-52,10
35,-53,11
34,-55,13
34,-57,13
29,-57,13
28,-56,13
28,-56,14
26,-57,15
26,-54,14
24,-49,14
23,-45,14
28,-50,16
27,-53,16
26,-54,17
23,-54,16
24,-57,14
24,-59,13
21,-58,13
21,-58,14
22,-59,16
24,-60,16
22,-59,15
21,-57,14
23,-58,12
23,-59,11
24,-58,13
24,-57,14
26,-56,17
27,-56,17
26,-52,18
27,-52,19
24,-54,18
25,-54,19
22,-55,18
19,-52,17
24,-50,19
24,-53,21
25,-52,21
25,-51,21
25,-54,20
25,-56,18
25,-56,17
24,-57,17
24,-58,16
25,-63,16
22,-64,15
20,-59,15
20,-57,15
20,-56,16
20,-57,17
21,-56,19
22,-55,20
25,-51,24
25,-49,25
27,-47,25
28,-48,25
27,-50,26
26,-49,25
23,-44,25
25,-45,25
28,-55,26
27,-57,24
26,-60,24
22,-52,19
26,-50,18
27,-53,14
28,-53,13
30,-57,10
30,-60,9
29,-61,6
28,-59,5
26,-58,4
24,-56,3
25,-56,3
26,-59,3
24,-58,4
25,-58,5
24,-60,6
25,-60,7
25,-61,7
23,-61,7
22,-60,8
22,-59,9
22,-58,9
21,-57,8
22,-55,9
24,-57,10
22,-62,8
20,-60,7
22,-57,7
23,-58,9
21,-55,10
23,-56,14
21,-57,13
19,-56,11
20,-56,11
18,-59,11
19,-59,11
19,-56,11
19,-56,11
20,-55,8
23,-57,7
25,-62,6
25,-62,6
27,-60,8
28,-60,9
29,-60,10
29,-59,11
27,-57,11
29,-57,13
26,-55,13
26,-52,13
28,-52,14
26,-54,14
26,-52,13
28,-50,13
28,-52,12
29,-54,10
31,-56,10
30,-59,6
31,-60,5
30,-58,6
30,-56,7
29,-52,9
32,-53,10
29,-54,10
29,-54,10
30,-56,10
31,-57,11
33,-58,12
33,-58,12
33,-55,11
34,-55,11
32,-55,11
32,-57,12
31,-60,13
27,-56,13
24,-54,16
21,-55,17
17,-54,17
16,-53,18
13,-52,18
10,-55,15
12,-56,14
11,-52,14
15,-53,16
18,-61,18
16,-60,15
17,-57,14
16,-58,14
17,-58,13
17,-56,12
21,-58,13
19,-58,12
21,-59,9
22,-60,9
20,-62,8
21,-62,8
22,-63,9
22,-64,8
20,-61,7
19,-58,7
22,-59,9
23,-61,9
22,-58,10
22,-55,11
22,-55,12
22,-53,13
26,-56,15
21,-62,13
19,-60,11
17,-54,9
18,-53,10
17,-50,10
19,-49,10
20,-51,10
22,-54,9
28,-59,8
29,-62,8
27,-64,8
26,-62,7
29,-61,8
29,-62,9
29,-62,11
29,-60,11
27,-55,12
28,-55,12
28,-54,13
27,-52,13
25,-50,13
25,-49,13
27,-54,14
28,-58,15
27,-61,14
22,-59,11
21,-59,11
23,-56,11
22,-53,12
25,-49,13
30,-51,15
34,-53,16
37,-53,16
39,-53,18
41,-54,19
41,-52,19
39,-52,18
35,-49,16
36,-49,16
36,-50,16
34,-50,16
36,-50,18
33,-49,17
32,-47,15
31,-47,14
32,-50,14
33,-51,14
33,-54,15
33,-54,16
34,-55,15
34,-56,14
32,-54,13
30,-54,13
29,-56,13
28,-59,12
27,-60,11
24,-59,12
24,-58,13
23,-55,14
22,-53,15
23,-51,17
23,-51,19
21,-48,19
21,-45,19
19,-42,17
21,-44,17
28,-48,19
31,-51,21
27,-58,22
27,-60,21
21,-55,18
23,-58,18
20,-59,14
19,-58,12
19,-59,11
21,-63,11
22,-69,9
22,-69,9
19,-66,10
20,-65,8
21,-64,8
22,-62,9
23,-60,11
23,-56,14
24,-53,15
26,-50,17
25,-50,18
25,-50,18
24,-53,18
19,-51,15
19,-50,15
20,-53,17
19,-53,17
20,-50,17
21,-48,17
25,-57,16
25,-60,15
23,-56,12
25,-55,13
27,-60,11
28,-61,9
28,-61,9
27,-60,8
27,-61,7
25,-61,5
25,-61,4
26,-62,3
26,-62,3
25,-61,6
25,-61,7
25,-58,10
25,-57,11
25,-56,13
24,-56,14
22,-52,15
24,-50,17
23,-51,18
21,-48,18
25,-42,21
26,-45,23
26,-51,21
27,-52,21
25,-55,19
23,-55,17
23,-56,14
23,-58,12
23,-62,12
22,-63,11
22,-64,11
21,-64,11
19,-64,10
19,-63,9
19,-61,8
21,-59,9
22,-60,10
22,-60,12
23,-59,13
23,-56,16
24,-56,17
23,-56,18
22,-55,18
21,-54,18
20,-52,18
22,-50,22
21,-49,24
23,-47,26
23,-47,25
23,-47,21
23,-48,20
23,-53,19
23,-52,16
25,-52,15
27,-52,15
31,-60,12
33,-63,10
36,-61,6
38,-59,5
37,-56,2
38,-52,1
39,-51,1
40,-52,0
38,-52,1
37,-51,2
38,-50,2
36,-51,5
35,-52,6
36,-57,8
34,-57,8
31,-55,9
31,-55,10
32,-60,11
32,-61,11
27,-59,12
26,-58,14
24,-56,16
24,-55,17
22,-52,17
21,-53,17
21,-52,17
20,-51,16
22,-54,15
20,-52,12
21,-51,13
21,-51,16
22,-52,16
24,-52,16
24,-53,15
22,-52,14
22,-54,13
23,-58,13
23,-60,13
22,-61,12
21,-61,12
20,-60,11
21,-60,11
20,-58,10
20,-56,9
23,-54,8
26,-55,8
30,-56,8
32,-55,8
37,-57,9
39,-58,9
37,-56,6
38,-54,6
40,-52,7
40,-51,6
41,-52,7
42,-56,7
42,-56,7
41,-53,7
40,-51,6
39,-48,7
39,-46,8
39,-45,11
39,-46,11
37,-47,10
37,-47,10
34,-48,12
32,-48,12
30,-49,12
28,-47,9
29,-46,8
32,-51,10
30,-58,13
31,-57,14
28,-54,14
29,-55,13
29,-56,11
29,-57,12
27,-56,11
28,-55,11
31,-59,10
30,-59,9
27,-54,9
30,-52,10
31,-52,10
33,-50,11
34,-49,12
35,-53,13
34,-54,12
34,-54,10
34,-55,10
29,-55,8
26,-53,7
29,-51,9
30,-53,10
27,-54,9
28,-53,9
29,-56,10
30,-57,10
29,-61,10
28,-61,10
29,-58,11
29,-58,11
28,-61,10
30,-61,10
30,-59,11
29,-56,12
30,-53,16
30,-49,17
30,-47,18
30,-48,18
31,-49,18
30,-49,18
28,-48,17
27,-47,17
27,-48,17
27,-47,18
25,-47,18
26,-49,20
26,-50,18
28,-54,18
27,-56,17
26,-55,16
28,-55,17
28,-56,16
29,-55,15
34,-58,14
34,-58,13
34,-54,12
35,-53,11
36,-54,8
36,-54,7
33,-52,6
33,-51,6
35,-52,5
35,-56,7
34,-55,7
32,-53,9
32,-51,10
32,-50,12
31,-53,13
30,-55,15
28,-54,16
27,-52,17
28,-52,18
26,-50,17
29,-48,18
30,-52,18
31,-53,17
28,-49,13
29,-49,14
32,-58,13
29,-58,11
28,-56,10
30,-58,9
27,-60,8
27,-58,9
28,-60,10
24,-59,7
25,-59,6
26,-59,6
25,-60,7
26,-59,9
27,-59,11
28,-58,13
29,-56,14
30,-56,17
28,-57,16
28,-52,18
28,-50,18
25,-48,18
26,-46,19
26,-46,21
24,-45,19
25,-45,17
26,-47,18
24,-52,16
24,-51,15
27,-54,15
26,-55,14
28,-53,14
29,-55,14
29,-56,12
30,-56,12
31,-58,12
30,-58,10
31,-56,10
30,-55,11
32,-50,12
37,-52,11
38,-52,11
38,-51,9
41,-52,9
42,-53,9
41,-51,9
40,-49,7
40,-50,8
37,-50,7
36,-49,7
35,-48,6
35,-48,6
37,-50,7
38,-51,8
38,-51,9
39,-51,8
37,-49,7
37,-46,6
36,-47,7
36,-48,6
35,-47,4
35,-47,5
39,-55,6
41,-60,5
36,-55,5
35,-55,7
34,-57,7
31,-49,6
34,-49,8
34,-54,7
34,-54,7
35,-51,8
35,-51,10
36,-54,12
36,-56,12
34,-57,12
31,-54,11
30,-55,12
29,-55,12
30,-53,13
30,-52,13
30,-52,11
30,-52,12
33,-53,13
33,-54,14
29,-56,11
29,-54,10
26,-51,10
28,-51,12
26,-47,15
28,-45,16
31,-46,18
31,-51,18
32,-52,19
33,-55,20
31,-55,20
30,-56,19
29,-58,19
25,-58,15
25,-57,14
24,-60,14
24,-61,14
24,-59,12
24,-56,12
26,-52,13
27,-51,13
30,-47,14
32,-45,15
35,-44,15
36,-44,15
38,-45,15
38,-46,15
35,-50,14
35,-51,14
34,-52,15
33,-55,15
30,-53,13
31,-51,13
32,-51,13
33,-53,14
31,-52,14
31,-52,12
30,-54,11
30,-53,8
31,-54,8
33,-55,7
33,-54,7
35,-58,8
35,-61,8
33,-62,7
31,-62,6
26,-60,5
26,-59,6
24,-59,6
25,-58,7
25,-52,7
27,-48,8
32,-48,11
35,-49,13
37,-51,15
36,-51,14
34,-51,12
33,-51,10
28,-51,8
29,-56,11
26,-60,11
22,-57,9
24,-57,9
24,-61,8
22,-57,6
26,-59,6
27,-61,6
31,-69,7
30,-66,5
24,-56,2
26,-58,2
26,-56,2
27,-55,1
28,-56,0
27,-57,0
28,-55,2
29,-56,5
29,-58,8
29,-60,9
25,-54,11
24,-52,12
24,-55,13
22,-52,12
24,-43,12
30,-46,14
33,-51,15
34,-52,16
34,-51,17
33,-48,19
32,-44,20
34,-51,22
32,-57,21
29,-54,18
28,-54,18
26,-56,19
26,-57,19
25,-57,19
25,-57,19
26,-57,19
26,-59,18
26,-57,15
26,-57,14
26,-56,14
25,-56,13
25,-59,12
25,-59,12
26,-56,14
26,-54,15
30,-53,20
30,-53,21
29,-51,19
27,-48,17
29,-48,18
27,-47,17
29,-46,18
30,-43,20
31,-45,20
33,-45,19
33,-45,18
36,-50,19
35,-52,18
34,-50,17
35,-51,17
36,-56,17
33,-57,15
32,-55,13
32,-56,12
29,-55,10
30,-53,10
32,-54,11
33,-55,11
33,-56,12
31,-54,12
32,-53,12
32,-53,11
31,-50,11
33,-50,13
34,-54,13
31,-55,12
30,-52,11
30,-49,10
32,-50,11
30,-50,9
31,-50,9
35,-49,9
37,-49,9
38,-51,9
40,-54,11
41,-60,11
39,-59,9
36,-56,9
34,-55,8
33,-53,8
32,-51,7
35,-51,8
35,-52,8
35,-50,8
35,-49,9
38,-50,12
37,-49,12
40,-50,14
39,-52,13
34,-50,9
32,-47,8
34,-47,10
34,-49,12
32,-51,14
31,-56,16
30,-56,15
26,-56,13
26,-58,14
25,-61,14
24,-61,13
23,-58,13
21,-57,12
22,-56,12
22,-55,13
23,-57,15
22,-57,15
21,-53,15
22,-52,15
23,-54,15
22,-55,14
22,-55,12
22,-56,13
21,-54,15
21,-55,17
20,-56,17
20,-56,16
20,-55,17
19,-52,18
21,-53,17
23,-58,15
24,-61,13
26,-63,12
27,-62,11
27,-59,10
28,-58,10
31,-59,11
29,-58,10
31,-58,9
32,-59,8
31,-57,6
31,-56,5
31,-50,3
33,-49,3
34,-51,3
34,-51,4
33,-52,5
34,-54,6
32,-54,9
32,-54,11
30,-55,14
27,-55,14
25,-52,14
24,-50,12
28,-49,15
29,-52,17
30,-54,17
29,-53,13
31,-53,13
31,-56,13
29,-57,13
28,-56,13
27,-57,12
25,-59,10
24,-61,9
22,-59,7
20,-56,6
23,-51,9
23,-51,9
26,-53,10
29,-53,10
31,-55,11
31,-55,11
33,-59,12
34,-63,13
27,-59,10
27,-55,11
27,-51,12
26,-50,12
30,-51,13
29,-51,11
30,-51,10
29,-52,11
28,-52,13
26,-51,13
26,-50,14
28,-50,16
24,-51,16
22,-48,16
21,-46,16
18,-44,16
17,-46,15
17,-48,17
15,-48,13
16,-48,13
15,-49,12
13,-47,9
12,-47,7
13,-46,6
13,-48,6
15,-54,4
12,-56,2
14,-57,2
13,-55,2
13,-57,0
13,-59,0
16,-66,4
14,-71,2
11,-72,6
14,-70,3
12,-73,2
14,-74,6
12,-73,6
10,-73,8
14,-74,9
16,-75,7
15,-73,6
12,-76,7
12,-76,7
12,-76,6
10,-74,5
11,-70,5
11,-69,4
9,-67,5
2,-66,5
10,-67,5
10,-66,0
14,-62,9
3,-64,5
8,-63,6
10,-63,7
11,-65,7
8,-65,7
12,-61,5
8,-62,6
5,-63,7
6,-62,5
4,-64,4
3,-64,4
4,-65,1
4,-63,3
6,-61,5
6,-61,7
0,-62,5
1,-63,4
6,-60,5
9,-56,6
9,-56,5
8,-60,3
12,-61,2
17,-60,8
16,-58,8
4,-67,2
4,-67,2
3,-65,5
2,-65,7
3,-69,4
2,-67,3
6,-58,5
3,-59,5
1,-64,0
6,-64,2
6,-63,4
-1,-61,3
2,-60,3
7,-63,4
9,-61,5
7,-59,5
8,-59,5
10,-60,6
11,-62,7
7,-62,3
9,-64,1
8,-67,3
4,-69,4
3,-65,7
4,-60,6
2,-62,3
3,-63,0
3,-63,4
2,-63,3
2,-64,4
4,-64,5
3,-64,4
1,-66,4
2,-61,6
6,-60,5
3,-61,6
5,-61,7
5,-62,7
11,-65,8
9,-65,6
12,-60,5
11,-61,6
2,-65,3
-3,-66,-1
0,-60,2
-1,-60,3
-5,-66,3
-3,-68,2
-6,-61,3
-5,-58,5
-4,-55,4
0,-55,3
8,-62,3
8,-67,3
2,-64,-2
3,-64,1
8,-59,9
2,-59,10
8,-60,8
11,-60,7
10,-68,5
6,-65,5
2,-60,3
2,-64,2
0,-68,5
-6,-64,3
-5,-65,1
-4,-65,-1
-2,-60,0
-5,-64,2
-5,-65,1
0,-63,3
1,-64,7
-2,-67,2
1,-65,2
-1,-64,-1
1,-64,1
-1,-64,1
0,-64,-1
-3,-64,2
-5,-63,1
2,-60,4
2,-60,4
3,-62,6
2,-61,5
5,-58,5
10,-62,7
4,-64,5
7,-62,7
1,-65,6
1,-68,4
-4,-72,1
-1,-66,4
-3,-62,6
-3,-58,7
-4,-60,6
-5,-64,4
-3,-66,7
-4,-62,9
-1,-61,11
1,-64,9
-5,-65,7
0,-62,6
3,-61,6
4,-61,6
2,-60,6
5,-59,6
12,-59,9
4,-59,6
3,-60,8
2,-66,9
4,-63,9
0,-65,10
3,-66,12
1,-66,10
-4,-61,14
-5,-59,14
-1,-60,12
1,-60,7
1,-64,5
3,-63,8
-1,-61,11
-2,-60,10
-2,-63,9
0,-63,9
2,-62,10
2,-61,10
3,-60,10
4,-60,10
2,-62,10
3,-64,10
4,-66,12
-1,-66,11
1,-62,9
1,-64,8
1,-66,10
1,-63,10
1,-62,9
5,-60,11
-7,-65,11
-1,-64,10
0,-66,11
2,-70,7
0,-70,8
-2,-71,10
-1,-70,12
2,-74,8
-1,-76,8
-1,-74,6
5,-72,8
8,-68,11
6,-72,11
7,-73,10
8,-72,9
13,-70,10
15,-70,11
19,-71,13
19,-70,12
21,-63,7
20,-60,6
23,-58,8
25,-58,9
27,-59,11
27,-56,9
24,-53,8
25,-53,8
27,-54,8
24,-49,7
24,-46,7
26,-43,7
27,-44,7
26,-43,5
30,-43,7
32,-42,7
32,-42,7
35,-42,8
38,-43,9
38,-44,7
40,-46,8
41,-50,7
41,-53,8
35,-47,9
36,-45,12
35,-48,15
34,-50,17
27,-47,18
25,-45,18
25,-46,19
24,-46,20
25,-47,23
25,-47,24
23,-46,24
23,-45,23
24,-46,21
25,-48,20
26,-50,20
25,-53,20
24,-54,20
23,-55,20
22,-55,19
20,-51,18
22,-49,19
23,-46,20
26,-46,20
29,-49,23
30,-50,21
28,-51,18
31,-56,17
30,-62,13
28,-60,10
27,-56,8
27,-55,6
30,-58,5
31,-60,5
30,-60,2
30,-60,2
31,-63,2
30,-63,2
29,-60,2
29,-61,3
28,-61,4
27,-56,5
27,-55,7
28,-54,9
27,-55,10
27,-55,12
27,-55,13
25,-56,14
24,-56,14
22,-54,14
21,-53,14
21,-53,15
23,-55,16
21,-54,16
20,-53,15
21,-52,16
22,-53,17
24,-54,16
23,-54,14
23,-55,12
24,-56,11
23,-54,10
24,-54,10
25,-58,9
25,-60,8
23,-60,7
23,-58,6
22,-59,6
24,-61,6
23,-61,6
20,-55,5
22,-54,6
26,-58,6
26,-59,5
31,-63,6
35,-67,7
35,-70,7
36,-67,7
35,-58,7
33,-52,7
36,-45,10
36,-43,11
39,-42,12
41,-44,12
42,-50,11
40,-51,9
38,-48,10
38,-47,11
36,-48,12
36,-50,12
32,-50,10
32,-48,10
32,-48,12
30,-47,12
31,-47,12
32,-52,13
32,-56,13
32,-64,13
30,-65,13
25,-64,12
24,-64,13
21,-64,13
20,-63,13
18,-61,13
19,-60,12
19,-61,14
19,-60,14
19,-56,13
19,-56,13
19,-54,13
20,-53,13
22,-54,15
23,-55,16
24,-55,17
24,-57,17
20,-59,13
16,-53,11
18,-53,13
19,-54,15
19,-53,17
19,-51,18
20,-53,19
22,-56,20
22,-56,20
21,-56,19
21,-54,17
21,-52,16
22,-53,16
25,-55,16
24,-55,15
27,-61,16
29,-65,16
28,-66,16
26,-63,16
24,-56,15
23,-53,15
24,-49,15
25,-48,15
27,-47,15
27,-47,15
29,-47,17
29,-49,17
31,-53,19
30,-53,17
29,-56,16
27,-56,13
29,-55,14
30,-53,15
33,-53,16
35,-53,15
36,-52,14
38,-51,12
39,-52,11
42,-53,11
42,-53,11
40,-50,11
40,-49,11
40,-50,10
39,-50,10
39,-53,11
39,-55,11
37,-56,9
36,-56,10
35,-51,10
35,-48,12
35,-44,15
35,-44,17
37,-46,17
38,-48,19
37,-52,17
38,-53,15
30,-53,12
27,-51,11
26,-50,11
25,-46,12
26,-46,13
27,-48,15
29,-50,15
31,-53,16
32,-57,16
30,-55,14
30,-54,13
30,-51,11
32,-50,12
32,-53,11
32,-57,11
31,-61,10
30,-61,10
27,-60,11
26,-59,11
24,-59,13
25,-59,14
23,-58,13
22,-55,13
23,-55,14
24,-56,15
24,-56,14
24,-59,14
23,-59,13
23,-56,13
22,-56,13
20,-51,11
19,-48,11
21,-47,12
22,-48,13
24,-47,13
25,-48,14
30,-49,15
32,-51,14
36,-55,14
38,-56,14
41,-56,13
42,-56,13
46,-56,13
46,-56,12
47,-55,12
45,-53,11
42,-48,11
41,-47,9
39,-46,7
39,-47,7
39,-51,8
38,-52,8
38,-52,10
36,-52,11
36,-50,13
34,-48,15
34,-49,15
32,-49,15
31,-49,15
28,-48,16
28,-48,17
29,-49,21
27,-48,21
29,-49,22
28,-50,22
26,-48,22
26,-47,23
26,-50,21
26,-51,19
25,-55,16
26,-55,15
26,-54,14
26,-55,13
29,-61,13
28,-64,12
25,-60,12
26,-58,12
27,-62,11
26,-61,11
26,-58,11
27,-57,13
29,-57,13
27,-57,13
28,-56,13
27,-53,13
27,-53,15
26,-51,17
26,-49,17
26,-50,18
26,-52,18
25,-55,18
23,-58,17
21,-57,17
21,-55,16
21,-49,16
24,-49,17
22,-48,17
25,-47,17
26,-50,16
27,-52,16
29,-53,15
31,-54,14
33,-56,13
35,-57,13
36,-58,11
37,-54,12
40,-55,13
41,-58,14
40,-56,13
36,-50,11
37,-50,11
34,-50,10
34,-51,10
34,-56,11
34,-57,12
32,-56,13
31,-55,14
29,-54,16
27,-53,16
26,-50,16
25,-50,17
24,-51,19
22,-50,18
19,-49,17
20,-48,19
23,-51,21
22,-50,21
22,-47,21
24,-48,20
23,-50,17
25,-49,18
27,-50,18
28,-52,18
30,-51,17
32,-51,15
32,-52,15
35,-54,14
37,-54,13
40,-55,12
44,-55,12
44,-53,10
45,-51,10
45,-48,9
46,-47,9
44,-47,8
45,-48,8
43,-48,6
42,-47,6
41,-45,7
42,-46,9
40,-45,10
40,-44,10
43,-48,10
42,-49,10
41,-48,10
41,-47,10
41,-46,12
40,-45,13
41,-47,13
39,-50,13
38,-51,13
37,-54,14
36,-54,15
31,-50,14
32,-49,14
31,-49,13
31,-50,14
32,-50,15
32,-50,15
31,-49,15
32,-49,15
33,-50,15
33,-49,15
33,-49,15
34,-49,15
35,-50,15
36,-51,16
38,-53,18
38,-55,18
34,-56,17
33,-53,16
32,-51,16
32,-52,17
32,-53,17
31,-52,17
32,-52,17
32,-52,19
33,-51,20
29,-48,19
29,-47,19
30,-46,20
29,-46,20
27,-44,18
28,-44,18
31,-47,19
31,-49,19
31,-50,19
31,-49,20
32,-50,20
31,-51,19
32,-51,17
32,-52,16
33,-54,16
32,-53,16
34,-51,16
34,-52,15
36,-53,14
37,-54,13
37,-56,12
37,-55,11
36,-50,10
36,-46,8
37,-44,8
40,-44,8
40,-43,8
43,-44,10
45,-45,11
46,-49,13
45,-50,14
43,-52,15
41,-55,15
35,-52,14
33,-48,13
32,-46,12
32,-44,11
34,-41,11
37,-42,11
39,-46,9
41,-48,9
40,-50,9
39,-49,9
38,-48,9
38,-48,8
38,-51,7
39,-53,7
38,-54,7
40,-55,7
39,-56,5
38,-56,4
38,-55,4
37,-53,5
36,-53,5
36,-54,5
36,-55,5
34,-53,4
34,-52,5
34,-49,6
33,-49,7
33,-48,8
33,-49,9
33,-49,9
32,-48,9
33,-47,11
33,-47,11
35,-47,12
34,-46,12
35,-46,13
36,-46,12
38,-50,12
37,-49,11
38,-49,12
38,-51,11
38,-51,12
40,-51,13
40,-54,12
38,-52,13
37,-50,13
36,-50,13
36,-50,15
37,-49,18
35,-48,18
37,-51,20
37,-52,20
38,-54,22
38,-55,23
34,-54,21
34,-52,20
32,-51,19
32,-52,19
31,-52,19
31,-52,19
29,-52,19
29,-50,20
28,-48,20
28,-47,20
29,-47,21
30,-47,22
28,-48,22
27,-49,18
28,-47,16
27,-48,15
28,-48,17
27,-48,18
27,-47,19
27,-47,18
29,-49,19
29,-52,19
29,-51,19
32,-53,19
32,-55,19
33,-54,17
34,-53,17
33,-51,17
33,-51,18
34,-48,17
35,-48,18
38,-54,17
37,-55,15
38,-51,13
42,-52,14
44,-55,14
42,-55,13
40,-50,10
40,-47,10
41,-45,12
41,-45,13
41,-45,13
39,-44,13
40,-46,14
38,-46,14
34,-41,14
35,-36,17
37,-39,18
38,-46,17
37,-47,16
37,-47,17
38,-48,19
36,-49,20
36,-48,20
35,-48,20
36,-49,19
34,-49,18
35,-48,18
36,-50,16
35,-51,16
36,-51,15
37,-52,16
36,-54,15
35,-52,15
36,-52,15
35,-53,15
34,-53,15
33,-51,13
33,-47,13
35,-50,15
36,-50,15
37,-51,16
38,-53,17
37,-52,17
37,-51,18
34,-49,18
33,-48,18
33,-49,20
32,-51,20
30,-49,19
29,-48,20
26,-48,17
26,-47,16
28,-47,15
28,-47,15
31,-47,17
33,-48,17
35,-52,18
34,-50,17
35,-49,18
36,-52,18
35,-57,18
33,-59,18
30,-58,17
28,-57,17
27,-55,17
27,-53,18
28,-53,20
30,-52,21
30,-51,22
30,-48,22
31,-48,22
30,-47,20
30,-47,21
30,-48,22
30,-49,22
27,-51,21
27,-51,21
25,-49,19
26,-47,19
27,-45,19
29,-45,19
34,-49,18
36,-51,18
36,-53,14
36,-53,13
38,-52,11
37,-52,10
36,-51,7
37,-52,7
37,-54,5
37,-57,5
37,-57,5
36,-55,5
36,-54,5
36,-52,5
37,-51,6
37,-49,7
38,-49,8
38,-48,8
37,-47,8
38,-49,9
38,-50,9
37,-50,10
35,-51,11
35,-53,10
34,-52,9
34,-49,10
35,-48,11
36,-49,12
37,-49,10
40,-52,8
41,-53,8
41,-52,9
42,-51,11
41,-51,12
40,-51,12
38,-47,12
39,-46,13
40,-47,13
40,-48,12
40,-47,12
40,-47,13
40,-49,14
36,-45,13
37,-47,13
34,-52,13
32,-53,14
29,-54,15
28,-53,16
25,-52,18
24,-52,19
24,-50,20
24,-49,20
25,-48,20
24,-49,20
25,-49,21
24,-50,22
24,-49,23
24,-50,22
22,-54,22
20,-53,21
20,-52,21
19,-51,22
19,-51,23
19,-50,22
18,-48,22
19,-48,22
16,-48,21
16,-48,20
17,-46,19
18,-47,18
17,-47,16
18,-51,14
21,-54,14
22,-57,13
21,-59,10
19,-56,3
17,-53,1
17,-49,1
19,-50,3
21,-55,5
19,-53,4
13,-49,-2
11,-46,-3
12,-52,0
12,-57,0
11,-56,1
11,-55,2
12,-59,6
16,-75,9
16,-77,9
11,-76,5
12,-73,6
12,-84,12
6,-84,11
4,-79,8
9,-81,8
7,-83,10
4,-84,8
10,-74,6
13,-73,6
6,-71,6
16,-68,8
6,-68,-4
16,-67,10
9,-64,12
-3,-68,5
6,-63,6
-3,-66,9
1,-59,5
7,-63,5
-2,-65,5
-7,-65,6
-3,-64,6
0,-61,1
3,-60,5
4,-59,5
7,-60,5
7,-58,8
2,-59,4
6,-59,5
3,-61,9
-2,-62,7
4,-65,7
2,-66,1
-1,-68,3
4,-67,9
2,-67,9
-3,-65,7
-2,-62,6
-3,-62,5
0,-60,4
-2,-61,3
-2,-62,4
-4,-63,4
-6,-63,5
-5,-65,7
-2,-62,7
1,-61,7
4,-64,8
0,-61,7
7,-57,9
8,-60,11
5,-64,6
1,-67,5
5,-67,5
2,-66,6
-4,-62,6
-5,-61,7
-1,-63,6
3,-63,8
-9,-64,2
-3,-61,3
-1,-62,5
0,-63,5
3,-63,2
3,-63,3
6,-61,9
1,-60,8
1,-59,6
3,-59,7
-2,-65,10
0,-64,10
6,-61,9
2,-63,6
3,-68,3
3,-68,5
-2,-63,5
-9,-66,6
-18,-70,6
6,-63,7
-4,-73,9
6,-75,7
3,-77,5
-1,-79,8
4,-77,6
10,-78,14
8,-77,14
9,-77,11
9,-77,8
16,-79,8
18,-79,11
20,-73,11
21,-73,9
23,-73,7
25,-65,6
22,-61,7
24,-56,5
33,-53,7
34,-51,6
26,-48,4
26,-45,3
34,-44,3
39,-40,3
35,-39,5
33,-33,-1
31,-29,-2
38,-27,0
40,-30,2
45,-31,3
42,-29,1
48,-32,1
42,-30,1
46,-28,9
44,-26,10
44,-29,11
45,-30,12
44,-30,16
45,-28,18
46,-28,19
48,-28,20
48,-26,18
48,-27,17
46,-27,15
47,-26,15
47,-24,15
50,-24,15
48,-26,18
48,-27,17
46,-27,15
47,-26,15
47,-24,15
50,-24,15
52,-23,15
52,-22,16
52,-21,16
56,-20,16
60,-20,16
61,-24,14
62,-25,14
65,-27,12
68,-30,10
70,-32,9
67,-30,9
57,-25,6
53,-24,4
58,-26,2
57,-27,0
55,-28,0
54,-27,0
53,-23,0
52,-22,1
53,-21,2
54,-21,3
54,-21,2
54,-21,3
55,-21,4
56,-20,4
61,-24,4
63,-29,6
62,-30,6
67,-36,5
70,-38,6
61,-34,13
52,-29,13
48,-28,12
50,-30,12
51,-31,11
51,-29,11
49,-26,12
49,-25,12
50,-25,14
50,-27,15
48,-30,13
48,-30,14
46,-28,15
45,-28,15
50,-30,15
51,-30,15
56,-34,16
57,-36,13
67,-43,11
62,-40,12
56,-30,12
54,-32,10
55,-40,3
57,-42,2
51,-41,0
47,-37,1
45,-32,4
46,-27,5
46,-26,5
51,-27,4
52,-29,4
53,-30,5
53,-29,6
58,-31,8
59,-34,9
59,-37,9
60,-37,9
64,-44,9
61,-44,11
49,-38,13
42,-36,13
45,-37,14
44,-38,12
46,-36,11
45,-35,13
42,-32,15
44,-31,15
46,-33,17
48,-33,17
47,-33,19
47,-31,19
47,-29,20
51,-28,20
53,-29,21
58,-31,19
59,-33,16
66,-40,13
66,-40,11
58,-34,11
53,-29,10
56,-31,8
58,-33,9
60,-33,7
59,-33,7
52,-29,5
51,-24,6
53,-19,5
54,-20,6
58,-23,8
59,-22,9
57,-19,9
56,-16,8
59,-14,12
59,-15,12
62,-19,10
60,-20,10
64,-22,12
72,-38,8
64,-32,10
55,-16,14
54,-16,14
50,-25,11
50,-25,11
52,-23,10
48,-23,7
52,-21,8
56,-21,10
46,-22,8
47,-22,7
55,-24,11
50,-24,11
45,-22,8
46,-23,8
47,-29,8
46,-32,7
44,-30,6
44,-33,6
44,-45,6
47,-47,6
46,-49,5
41,-47,5
37,-46,6
33,-51,5
46,-51,6
39,-53,4
43,-58,8
38,-59,10
35,-59,9
42,-57,10
39,-57,12
31,-59,12
33,-57,12
38,-57,13
34,-59,15
31,-55,15
33,-55,14
34,-56,15
31,-56,14
31,-54,14
33,-54,14
32,-55,12
30,-56,11
32,-53,10
34,-54,11
32,-56,10
32,-55,10
34,-55,11
34,-55,11
34,-53,11
34,-52,10
35,-52,11
35,-52,11
35,-52,11
35,-51,11
34,-52,10
35,-51,11
35,-52,11
33,-51,11
34,-51,12
35,-51,12
34,-52,11
34,-51,12
33,-51,11
34,-51,11
33,-51,11
33,-52,10
34,-52,11
34,-51,11
34,-50,11
33,-52,11
34,-52,11
35,-52,12
35,-52,11
34,-53,10
34,-53,10
35,-52,11
33,-53,10
33,-54,10
34,-53,12
34,-52,12
35,-50,11
35,-52,11
36,-54,11
36,-53,10
35,-53,10
35,-55,10
35,-56,9
34,-56,10
34,-55,9
35,-56,9
34,-57,9
35,-56,8
38,-53,8
37,-53,8
41,-50,8
41,-47,8
39,-50,5
41,-48,6
42,-45,5
43,-47,5
43,-48,5
43,-47,5
44,-47,6
45,-46,6
46,-44,6
46,-45,5
46,-46,6
46,-43,6
46,-40,6
44,-36,6
45,-33,6
45,-38,5
45,-37,6
46,-29,11
46,-29,12
47,-28,12
47,-29,10
46,-29,9
47,-28,9
47,-30,6
48,-29,5
51,-25,5
51,-26,5
53,-27,3
54,-27,1
55,-26,3
58,-29,5
59,-32,2
62,-34,0
61,-34,-1
61,-36,1
61,-39,-2
62,-43,-6
58,-42,-6
52,-37,-7
51,-35,-6
51,-33,-7
51,-33,-6
51,-34,-5
51,-35,-5
55,-37,-5
55,-37,-4
52,-35,-5
52,-34,-5
54,-32,-2
54,-31,-2
55,-31,-1
55,-32,0
56,-32,1
56,-32,1
56,-29,3
56,-29,6
53,-26,8
55,-27,10
55,-32,12
54,-34,12
56,-36,13
54,-38,18
51,-37,19
46,-34,19
47,-35,18
42,-39,14
42,-40,12
41,-42,11
39,-43,10
43,-43,14
41,-41,14
44,-41,16
42,-41,15
43,-42,14
43,-42,13
43,-44,13
43,-45,13
46,-48,13
46,-48,13
49,-46,13
49,-43,11
51,-38,8
57,-33,6
59,-32,4
59,-32,1
58,-30,0
56,-29,2
53,-25,3
56,-20,5
58,-20,4
57,-23,4
58,-25,3
61,-28,5
61,-29,7
59,-29,10
61,-28,11
58,-24,12
55,-24,12
58,-25,12
58,-25,11
59,-26,12
62,-30,13
59,-33,11
60,-34,11
57,-36,11
53,-34,10
46,-29,9
45,-29,10
46,-29,11
46,-29,10
48,-28,12
50,-26,12
52,-23,15
49,-23,16
49,-22,15
52,-22,14
50,-21,14
49,-17,15
52,-18,14
62,-23,13
66,-26,12
68,-33,10
70,-38,8
70,-38,7
67,-35,6
59,-27,2
59,-25,1
55,-23,-3
51,-23,-4
51,-21,-4
50,-21,-4
52,-22,-3
54,-23,-2
55,-24,0
56,-24,1
54,-23,2
55,-23,3
55,-22,4
59,-25,4
59,-28,3
60,-33,4
64,-37,5
71,-49,3
66,-49,3
62,-43,8
61,-41,9
53,-40,7
48,-38,6
45,-35,7
42,-34,6
41,-32,6
41,-30,6
42,-30,6
43,-31,7
45,-30,10
46,-30,10
49,-29,12
50,-29,12
49,-27,12
50,-26,12
53,-27,12
56,-29,11
64,-37,10
63,-39,10
61,-36,8
67,-35,8
64,-34,8
59,-32,8
58,-33,5
59,-40,2
59,-41,2
52,-38,2
48,-36,1
43,-31,2
41,-28,2
41,-25,1
41,-26,1
43,-27,1
44,-28,2
50,-30,2
53,-33,4
57,-38,6
59,-42,6
64,-49,7
64,-50,8
66,-49,10
62,-46,11
54,-37,16
53,-35,17
46,-39,14
43,-38,11
40,-31,7
38,-26,7
39,-26,9
44,-27,11
46,-28,12
48,-31,12
50,-33,14
48,-30,13
46,-28,13
48,-26,12
50,-28,12
58,-36,11
58,-39,11
60,-40,9
64,-42,9
61,-37,8
60,-36,9
57,-39,6
59,-43,4
57,-44,4
54,-43,3
48,-41,4
46,-37,4
43,-32,4
44,-31,3
47,-33,3
49,-35,3
48,-34,4
47,-32,5
49,-33,6
53,-38,8
53,-42,8
55,-45,10
52,-45,10
50,-45,13
52,-46,17
45,-48,20
40,-44,19
36,-39,20
33,-39,19
35,-40,17
33,-41,16
35,-45,16
35,-47,16
35,-50,15
35,-50,15
35,-48,15
35,-46,15
35,-45,14
35,-45,13
38,-46,11
41,-47,13
42,-47,14
43,-47,17
43,-49,17
41,-50,14
40,-50,13
37,-50,12
37,-50,13
37,-48,14
38,-47,14
37,-43,13
39,-41,12
43,-40,12
47,-40,14
47,-41,16
48,-41,16
50,-38,18
51,-36,19
48,-36,18
49,-36,17
50,-36,18
49,-35,18
50,-33,20
51,-33,20
53,-34,21
54,-34,22
50,-32,21
50,-31,21
50,-30,22
49,-27,24
46,-26,22
47,-25,19
46,-24,19
45,-25,20
45,-27,19
45,-29,18
42,-29,17
45,-33,21
46,-36,22
38,-41,20
35,-41,18
34,-42,16
35,-45,15
30,-53,17
30,-56,20
27,-58,27
36,-59,25
22,-60,18
32,-63,23
10,-65,19
10,-68,23
18,-68,26
19,-68,25
21,-67,21
16,-62,20
20,-62,23
17,-61,20
16,-60,19
24,-55,17
28,-57,24
15,-56,20
16,-55,18
26,-54,16
32,-56,17
17,-56,17
17,-57,18
20,-56,12
26,-57,12
23,-56,13
21,-58,16
19,-57,16
23,-57,17
26,-58,19
22,-57,18
19,-57,15
18,-57,14
21,-57,13
22,-57,13
18,-58,10
22,-58,12
23,-57,14
20,-58,16
20,-57,16
16,-55,15
21,-56,16
10,-59,12
28,-60,21
22,-57,13
23,-58,16
10,-58,13
16,-58,1
13,-64,0
34,-66,22
10,-63,16
13,-59,15
15,-55,11
12,-52,13
35,-52,29
26,-58,34
-8,-60,-3
79,-74,4
10,-61,1
-2,-61,21
0,-55,23
13,-59,11
19,-76,1
2,-79,1
18,-79,19
25,-78,23
13,-69,15
23,-55,15
22,-56,14
40,-57,9
45,-57,12
36,-46,12
39,-43,14
48,-37,16
50,-36,14
40,-30,11
38,-29,11
41,-28,9
44,-28,9
43,-25,8
39,-24,7
48,-23,6
53,-24,9
53,-27,14
49,-27,10
52,-26,13
53,-28,12
50,-30,6
50,-30,5
58,-32,6
60,-34,6
55,-34,5
55,-35,5
55,-35,6
53,-36,5
53,-35,6
54,-37,7
51,-39,6
53,-38,6
53,-37,6
51,-38,5
52,-38,6
49,-36,7
50,-36,8
51,-38,8
52,-38,8
47,-36,8
46,-36,7
49,-36,8
50,-37,8
50,-42,9
49,-44,9
46,-42,7
45,-41,6
47,-39,7
48,-38,8
46,-38,8
45,-39,7
48,-40,8
49,-44,8
46,-46,6
48,-47,7
47,-47,7
43,-49,6
42,-47,9
40,-45,6
38,-45,5
37,-43,4
40,-41,3
42,-39,6
46,-39,8
46,-37,8
43,-35,7
42,-35,7
43,-36,6
46,-38,7
47,-37,7
52,-38,6
54,-40,4
57,-45,3
55,-44,2
53,-39,2
55,-38,2
53,-39,-2
51,-37,-4
52,-36,-4
52,-38,-3
51,-40,-3
51,-43,-2
51,-44,-3
49,-47,-4
48,-45,-2
47,-37,4
47,-33,6
52,-29,10
52,-28,10
52,-25,10
52,-26,9
50,-27,9
49,-27,8
52,-27,9
53,-27,10
54,-27,11
55,-28,11
58,-33,13
60,-36,13
63,-44,13
62,-46,13
58,-42,9
52,-34,4
52,-33,3
50,-30,1
50,-30,0
53,-33,-1
53,-35,-1
50,-36,-3
49,-35,-2
50,-33,-1
50,-33,0
52,-34,2
53,-35,3
53,-35,6
53,-34,7
54,-34,9
55,-34,10
56,-33,11
56,-33,10
62,-36,9
65,-37,9
64,-33,12
58,-29,14
45,-26,13
42,-27,11
50,-32,10
49,-33,10
49,-34,13
47,-36,15
44,-35,15
43,-36,16
43,-37,16
46,-37,17
47,-37,17
46,-36,17
44,-35,16
45,-35,16
46,-35,16
50,-36,17
51,-37,18
51,-37,19
49,-37,19
50,-39,18
53,-43,17
54,-47,16
51,-44,13
49,-41,10
48,-42,10
45,-40,9
42,-39,9
43,-37,8
44,-38,9
49,-39,8
46,-39,7
48,-37,9
49,-38,10
48,-38,12
49,-40,14
48,-40,14
47,-39,14
47,-39,15
46,-38,15
46,-37,16
47,-38,17
46,-39,16
47,-40,16
47,-40,16
46,-41,15
46,-41,15
45,-41,16
46,-40,16
47,-40,16
47,-40,16
46,-40,15
45,-40,15
45,-40,15
46,-41,15
47,-41,15
46,-41,16
46,-41,16
45,-41,16
45,-40,16
45,-40,16
45,-40,16
45,-41,16
44,-41,16
45,-41,17
45,-41,17
45,-40,17
43,-40,17
44,-40,17
44,-40,16
44,-40,16
45,-40,16
45,-41,16
45,-41,16
47,-42,17
46,-42,18
45,-40,18
45,-39,18
45,-40,19
46,-41,19
45,-42,19
44,-42,18
42,-41,19
42,-40,19
43,-39,20
44,-38,20
45,-37,22
45,-36,25
46,-35,25
44,-36,27
43,-36,27
46,-36,28
45,-36,27
44,-34,27
45,-33,27
45,-33,27
45,-32,26
46,-33,25
46,-33,25
46,-32,24
46,-32,24
48,-33,24
49,-33,24
49,-33,22
49,-33,22
49,-32,21
50,-32,21
49,-33,20
50,-34,20
51,-34,19
51,-34,19
51,-35,18
52,-38,17
52,-38,17
48,-36,15
46,-34,14
47,-33,13
48,-33,14
50,-34,13
50,-34,12
53,-35,12
53,-35,12
53,-35,13
52,-35,14
51,-34,14
53,-34,14
51,-33,14
51,-33,14
52,-34,14
53,-35,14
50,-37,15
49,-36,16
51,-36,16
52,-39,17
50,-41,16
46,-39,17
43,-37,17
45,-38,16
46,-39,17
46,-39,17
46,-39,17
44,-41,18
44,-41,18
43,-41,18
44,-41,18
43,-39,18
43,-38,19
42,-38,19
43,-38,20
46,-40,21
47,-41,22
45,-42,23
44,-40,23
43,-37,23
43,-38,23
43,-39,22
42,-39,21
43,-39,20
45,-40,20
45,-40,20
45,-40,19
47,-38,17
48,-37,16
48,-36,14
49,-36,16
50,-35,16
56,-33,15
58,-33,16
52,-33,19
52,-32,20
53,-36,10
58,-32,19
49,-36,22
44,-35,18
46,-36,24
41,-35,20
49,-32,21
48,-29,17
51,-32,28
45,-29,22
48,-31,25
44,-30,21
39,-42,43
42,-27,28
47,-36,27
42,-34,33
45,-44,16
45,-20,21
36,-31,37
38,-30,35
36,-35,32
41,-39,37
43,-38,36
40,-35,33
45,-35,36
43,-35,38
44,-34,36
42,-35,33
42,-35,34
40,-36,35
42,-35,35
37,-34,33
37,-34,33
38,-35,36
41,-37,35
37,-40,36
36,-40,35
34,-42,32
35,-41,30
34,-42,32
34,-42,35
36,-41,33
33,-41,33
33,-41,35
33,-42,36
33,-40,34
31,-41,32
33,-42,34
32,-44,36
31,-44,34
32,-44,32
31,-44,33
31,-43,36
32,-43,36
32,-41,38
30,-39,35
32,-40,35
33,-41,37
33,-40,38
34,-38,36
33,-37,35
34,-37,37
35,-36,39
35,-36,39
36,-36,39
36,-37,41
36,-37,40
36,-37,39
36,-36,39
36,-35,39
35,-34,39
35,-34,40
35,-34,39
33,-34,38
31,-33,37
32,-35,38
33,-36,39
32,-36,39
31,-36,40
31,-36,40
31,-37,42
29,-36,40
30,-36,41
25,-34,40
25,-35,40
26,-35,41
26,-36,44
26,-33,41
27,-32,43
37,-31,43
37,-30,42
38,-28,41
37,-28,41
39,-30,44
41,-30,42
41,-30,38
41,-30,37
42,-29,35
41,-30,35
43,-30,34
41,-31,33
44,-33,33
46,-35,29
46,-37,29
45,-36,28
46,-34,26
53,-32,29
47,-31,26
51,-32,28
51,-33,27
50,-34,26
48,-35,27
45,-35,26
47,-34,26
43,-34,28
46,-34,31
49,-33,30
43,-33,28
42,-34,27
41,-35,27
45,-35,31
46,-34,31
44,-34,30
42,-35,30
42,-35,29
44,-35,30
42,-35,28
42,-34,29
43,-34,29
42,-35,32
42,-36,31
41,-35,29
41,-35,29
45,-35,30
44,-34,31
43,-34,30
43,-35,32
41,-35,30
41,-35,29
42,-36,29
43,-35,30
40,-36,30
40,-35,29
43,-36,31
44,-36,30
40,-36,30
41,-37,29
42,-38,29
41,-38,30
39,-37,29
41,-38,29
44,-37,28
41,-37,27
41,-36,28
40,-37,28
40,-37,28
42,-36,28
42,-36,28
42,-36,28
41,-36,28
41,-37,29
42,-38,28
41,-38,29
41,-39,29
42,-39,28
42,-38,27
40,-39,27
41,-39,27
42,-39,27
41,-39,26
41,-39,25
42,-38,25
42,-39,24
44,-39,24
44,-39,23
44,-39,23
44,-38,23
43,-37,22
45,-37,22
45,-39,21
45,-39,21
46,-39,20
47,-40,20
46,-41,20
46,-41,19
47,-40,20
46,-38,19
46,-37,18
46,-36,18
50,-35,17
49,-36,18
49,-36,18
49,-37,18
51,-40,19
47,-40,18
46,-40,19
46,-40,19
45,-39,19
46,-39,19
46,-39,18
48,-40,18
50,-42,19
48,-41,20
44,-35,20
43,-34,22
43,-34,22
44,-38,23
43,-41,23
41,-42,22
40,-42,22
39,-42,22
40,-43,23
39,-42,24
39,-42,24
38,-41,24
38,-41,24
39,-39,24
41,-39,24
43,-39,25
42,-39,24
43,-39,24
44,-39,24
45,-38,24
45,-39,24
45,-38,24
45,-38,23
45,-38,23
45,-38,23
46,-37,24
46,-36,24
45,-36,24
46,-36,24
46,-36,24
46,-37,24
46,-37,23
45,-36,23
45,-37,23
45,-37,23
45,-37,23
44,-37,23
43,-38,23
44,-39,23
45,-40,24
43,-39,24
43,-39,24
41,-38,24
42,-39,24
42,-40,25
42,-40,26
43,-39,27
44,-38,27
44,-35,27
43,-34,27
44,-34,27
43,-34,26
45,-34,26
44,-34,26
45,-33,26
47,-32,27
49,-31,27
50,-26,29
46,-26,28
48,-24,27
51,-25,28
48,-26,25
48,-26,26
52,-27,25
54,-27,28
57,-28,27
59,-29,27
56,-32,27
55,-32,26
58,-34,24
58,-32,19
54,-29,13
58,-26,16
61,-20,13
60,-17,10
58,-15,8
60,-17,10
58,-17,9
54,-18,10
57,-17,13
58,-16,19
55,-16,19
55,-15,22
52,-15,23
51,-14,24
48,-14,25
51,-16,30
51,-18,32
49,-20,40
42,-21,39
52,-18,39
70,-22,33
45,-23,29
56,-31,38
52,-26,40
52,-25,38
45,-25,30
47,-26,30
49,-30,32
50,-29,29
50,-28,28
48,-28,28
43,-27,28
45,-27,28
41,-28,27
46,-27,29
45,-29,31
44,-29,32
41,-27,29
44,-27,30
41,-26,31
46,-26,33
44,-24,32
46,-26,32
45,-27,32
48,-31,30
56,-33,30
61,-39,29
58,-37,29
50,-26,25
49,-23,24
45,-27,23
51,-31,25
57,-40,26
58,-43,27
49,-40,23
47,-36,24
45,-29,23
45,-27,23
47,-25,24
47,-24,21
48,-24,22
48,-23,23
47,-21,23
52,-20,24
54,-21,26
56,-24,28
57,-24,28
60,-25,31
63,-27,34
59,-29,37
49,-28,34
45,-25,32
43,-26,32
42,-27,31
42,-25,32
38,-22,31
37,-21,31
38,-20,34
39,-20,36
42,-21,39
42,-22,39
42,-22,41
39,-20,40
38,-16,39
40,-15,38
42,-17,40
44,-19,41
42,-21,37
45,-24,38
47,-24,39
55,-24,41
57,-26,42
53,-30,39
49,-28,36
45,-23,35
47,-24,35
50,-30,32
52,-33,30
49,-38,26
48,-39,25
47,-36,25
45,-34,24
45,-28,26
44,-26,27
45,-24,27
48,-23,29
47,-21,28
51,-19,29
51,-15,29
52,-15,30
52,-16,31
52,-16,32
55,-16,33
54,-17,33
53,-18,33
59,-24,35
60,-26,35
55,-28,35
50,-24,35
46,-25,35
46,-28,33
45,-32,30
44,-31,28
43,-28,30
42,-25,29
42,-23,31
42,-22,31
43,-20,32
42,-21,32
44,-22,33
45,-24,33
46,-23,32
46,-23,32
46,-23,32
46,-23,31
46,-24,28
51,-25,28
58,-29,29
59,-31,31
54,-30,28
52,-28,27
55,-29,27
52,-28,23
51,-28,22
52,-26,25
51,-25,25
49,-22,23
49,-23,23
50,-23,25
52,-24,26
51,-23,26
52,-23,26
54,-24,26
55,-25,26
54,-25,26
54,-25,27
53,-25,27
53,-26,28
50,-25,29
50,-24,30
49,-25,32
49,-26,33
48,-27,35
48,-29,36
44,-30,37
43,-29,37
40,-27,37
38,-27,36
39,-26,37
40,-27,38
39,-28,37
40,-27,38
41,-26,37
42,-24,37
41,-24,37
41,-24,37
42,-25,38
43,-27,37
43,-28,36
43,-28,36
42,-28,35
41,-27,34
42,-26,34
42,-25,33
43,-25,33
47,-26,33
47,-27,34
47,-27,33
48,-28,33
47,-29,32
47,-28,32
50,-28,31
51,-29,31
54,-34,29
51,-33,27
50,-30,25
48,-26,27
50,-26,28
50,-27,26
51,-29,26
54,-34,26
54,-36,27
50,-35,30
46,-31,30
41,-24,30
42,-23,31
44,-25,32
46,-28,33
44,-32,31
45,-33,32
44,-31,33
44,-30,34
43,-30,34
42,-29,34
42,-32,34
42,-33,34
41,-33,34
42,-33,34
42,-34,35
41,-33,35
39,-32,34
39,-30,32
40,-31,33
42,-32,33
42,-32,33
42,-32,33
41,-33,34
42,-32,35
42,-33,35
40,-34,35
40,-34,34
40,-34,36
39,-34,36
38,-34,36
37,-33,35
38,-33,36
38,-33,36
39,-32,36
40,-32,36
41,-32,36
42,-31,36
43,-31,36
42,-32,36
41,-31,34
41,-31,34
42,-31,34
43,-32,35
42,-32,35
42,-32,33
41,-32,33
43,-31,33
43,-31,33
42,-30,32
43,-31,33
43,-31,33
44,-30,33
45,-29,33
45,-29,33
45,-28,33
46,-27,33
47,-26,33
47,-26,33
47,-25,32
48,-24,32
48,-24,30
48,-25,30
48,-25,29
50,-25,28
49,-25,28
50,-25,29
51,-26,30
50,-26,30
51,-27,29
51,-28,30
53,-28,31
49,-28,29
50,-29,29
49,-30,29
49,-30,29
48,-31,28
47,-31,28
47,-32,27
47,-33,27
46,-33,28
46,-33,28
46,-34,28
44,-33,27
45,-33,28
43,-34,28
44,-34,29
44,-34,29
43,-35,30
43,-36,31
41,-35,32
41,-35,32
41,-37,35
40,-37,35
40,-38,36
39,-39,36
38,-39,36
37,-40,37
36,-39,36
36,-38,36
34,-36,36
32,-35,34
33,-35,34
34,-35,35
35,-35,35
35,-33,36
35,-32,35
38,-32,35
37,-33,35
38,-33,34
38,-33,34
39,-33,35
39,-33,35
39,-32,36
40,-32,36
41,-32,36
40,-31,35
40,-30,35
41,-29,35
43,-30,34
43,-29,34
46,-28,32
46,-25,31
48,-24,32
51,-23,33
52,-24,34
53,-25,32
54,-25,31
54,-25,29
55,-26,29
52,-28,25
51,-27,23
49,-25,23
48,-24,24
50,-24,24
50,-24,25
53,-24,25
54,-25,26
55,-24,27
54,-23,27
53,-20,30
51,-18,30
50,-16,30
48,-15,30
51,-15,31
52,-18,32
52,-22,32
57,-24,35
63,-30,40
59,-33,41
55,-31,42
42,-25,37
41,-26,37
41,-31,34
41,-32,34
36,-25,33
36,-23,34
38,-19,38
39,-16,38
39,-11,39
40,-9,39
42,-6,40
40,-4,39
40,-1,39
41,1,37
44,1,38
45,0,39
48,-2,39
49,-1,38
58,1,37
61,-1,38
64,-5,37
62,-5,35
57,-5,32
62,-6,31
64,-7,30
60,-9,25
58,-10,24
54,-11,24
52,-9,24
54,-7,23
56,-7,24
54,-7,24
56,-8,24
56,-8,24
58,-7,25
56,-6,24
58,-6,25
63,-8,27
71,-9,30
68,-17,33
58,-12,32
53,-5,33
47,-7,30
54,-11,32
54,-12,31
50,-10,28
49,-9,29
52,-8,31
50,-8,31
48,-6,31
50,-6,31
51,-6,32
52,-7,33
51,-7,33
47,-7,30
49,-6,31
51,-7,32
56,-9,34
55,-11,35
54,-10,34
59,-6,37
62,-6,38
52,-4,34
52,-1,34
56,-2,33
59,-5,33
57,-7,30
53,-7,29
48,-8,30
51,-8,31
50,-6,30
51,-6,32
46,-7,32
46,-7,33
50,-6,35
50,-6,35
51,-7,37
54,-8,38
55,-9,40
59,-15,40
62,-19,43
61,-23,45
63,-23,46
50,-20,41
47,-19,40
43,-16,39
40,-16,37
43,-18,39
42,-18,39
40,-15,38
39,-13,37
40,-11,38
40,-10,38
41,-9,37
42,-8,36
42,-7,36
42,-6,35
43,-4,35
46,-5,36
48,-6,35
51,-8,36
50,-11,35
63,-15,38
67,-19,40
61,-22,36
58,-19,37
56,-15,37
60,-14,39
58,-18,35
55,-21,32
52,-23,30
53,-24,30
48,-21,26
47,-20,24
47,-19,24
49,-20,25
50,-20,25
50,-19,25
54,-18,30
57,-20,33
55,-22,34
51,-17,36
47,-15,38
45,-13,40
41,-6,42
41,-5,43
42,-9,43
43,-11,44
40,-11,40
42,-10,42
42,-12,42
43,-14,43
44,-15,43
44,-16,44
44,-16,44
43,-15,44
43,-15,44
45,-16,42
44,-16,41
46,-18,41
46,-17,41
46,-17,39
47,-17,38
46,-16,35
48,-18,37
52,-20,37
49,-23,35
51,-24,34
54,-23,32
50,-21,34
49,-22,33
51,-21,32
50,-20,34
53,-18,34
51,-20,33
49,-20,32
50,-23,34
55,-23,36
49,-27,34
42,-33,37
31,-33,33
52,-22,34
49,-23,44
62,-39,48
32,-24,32
46,-29,38
37,-34,33
39,-37,32
39,-28,34
39,-26,33
43,-26,32
46,-26,30
46,-29,29
44,-30,27
48,-31,30
47,-31,30
47,-32,30
46,-32,31
47,-30,32
46,-30,33
49,-28,33
44,-26,32
45,-25,33
45,-24,33
44,-25,34
44,-26,32
42,-25,30
40,-24,26
38,-23,24
42,-22,24
45,-24,24
51,-28,20
50,-28,17
59,-29,17
63,-32,19
61,-32,18
57,-32,16
53,-36,13
52,-40,12
44,-39,13
46,-43,15
46,-51,14
43,-51,13
46,-49,14
48,-47,15
52,-43,17
51,-42,17
50,-40,17
49,-39,16
50,-39,16
52,-40,17
53,-41,16
52,-40,15
49,-40,14
50,-40,13
48,-40,12
47,-38,11
46,-37,11
47,-38,11
48,-39,11
45,-40,10
46,-39,10
47,-40,10
47,-41,10
45,-40,10
46,-40,10
47,-41,11
48,-42,10
46,-42,10
46,-42,10
47,-42,10
46,-42,10
45,-41,10
45,-41,10
46,-42,11
46,-43,11
46,-43,11
45,-42,11
45,-42,11
45,-43,11
46,-43,12
45,-43,11
45,-44,11
44,-44,11
44,-45,11
42,-45,11
41,-44,10
40,-40,10
41,-42,12
42,-47,12
40,-47,11
41,-43,12
42,-42,12
45,-43,14
44,-43,14
44,-41,13
45,-41,13
47,-42,13
46,-43,12
46,-42,11
46,-44,12
45,-45,11
40,-48,8
39,-47,8
42,-50,11
41,-52,11
38,-48,10
35,-47,8
36,-44,8
39,-44,9
43,-43,10
43,-41,10
46,-40,12
46,-41,12
51,-43,13
51,-42,13
51,-40,14
52,-41,15
51,-40,15
51,-41,15
48,-43,13
47,-43,12
47,-43,13
47,-43,14
46,-44,14
43,-46,13
43,-47,12
41,-46,12
39,-45,12
39,-44,13
38,-42,14
39,-42,15
40,-42,15
40,-41,16
40,-39,16
41,-37,16
42,-36,17
45,-37,19
44,-35,18
46,-37,19
45,-38,19
45,-34,14
44,-35,14
37,-36,10
37,-40,11
48,-45,12
50,-47,10
50,-48,21
63,-50,18
36,-52,8
35,-59,15
33,-52,17
52,-45,19
48,-44,18
42,-45,16
45,-43,15
48,-46,23
42,-43,23
40,-39,9
45,-41,14
43,-41,18
41,-40,16
35,-37,12
36,-37,11
35,-37,6
35,-37,3
40,-44,4
45,-49,6
41,-53,5
40,-56,5
46,-62,9
43,-61,10
31,-58,4
32,-57,8
29,-54,9
27,-52,6
23,-50,2
28,-53,6
28,-56,6
25,-59,3
22,-61,-1
23,-64,-3
20,-64,-5
17,-64,-7
15,-65,-8
14,-63,-7
14,-61,-7
15,-59,-6
16,-58,-5
16,-56,-5
17,-55,-5
17,-56,-7
16,-56,-7
20,-61,-6
20,-62,-5
21,-65,-5
19,-66,-5
16,-64,-5
16,-64,-5
16,-62,-6
17,-60,-4
19,-58,-4
19,-57,-5
20,-56,-6
15,-54,-7
15,-53,-7
15,-53,-11
14,-53,-11
16,-53,-10
17,-53,-10
17,-56,-11
20,-58,-10
12,-58,-12
9,-56,-13
14,-58,-10
13,-58,-7
15,-61,-6
18,-63,-6
13,-61,-16
10,-60,-17
27,-65,-11
23,-63,-15
20,-67,-16
16,-64,-18
24,-63,-12
20,-61,-14
21,-61,-14
26,-60,-9
24,-56,-11
20,-54,-14
22,-60,-11
20,-62,-14
20,-61,-15
21,-60,-13
20,-59,-15
21,-58,-13
20,-59,-14
21,-59,-14
21,-59,-14
21,-58,-16
21,-57,-15
18,-58,-12
19,-59,-14
22,-59,-16
21,-58,-16
19,-60,-15
20,-61,-14
19,-62,-15
18,-61,-15
17,-62,-13
16,-64,-11
15,-67,-9
15,-66,-11
15,-68,-12
17,-69,-9
14,-67,-5
13,-65,-3
14,-63,-2
15,-61,-1
16,-61,-2
17,-60,-3
17,-58,-3
16,-57,-2
17,-58,-1
14,-57,-2
13,-56,-3
15,-55,-2
17,-54,0
21,-54,4
21,-55,4
21,-59,4
20,-59,5
17,-55,5
18,-55,5
20,-58,9
20,-59,9
19,-57,12
18,-55,13
21,-58,13
20,-59,16
22,-55,21
23,-56,23
22,-55,22
17,-54,20
16,-54,21
18,-57,22
18,-57,22
16,-57,20
15,-56,19
14,-56,21
11,-56,19
13,-56,18
17,-59,18
19,-55,18
19,-55,18
19,-58,15
23,-60,16
25,-62,16
26,-63,15
22,-60,13
20,-57,11
23,-61,9
27,-65,9
26,-66,7
25,-65,9
25,-64,7
25,-68,6
26,-71,8
28,-73,11
28,-69,6
27,-60,8
33,-55,7
30,-51,8
19,-47,5
40,-51,14
45,-46,2
49,-49,5
40,-47,-4
52,-47,-5
48,-41,-3
33,-48,19
26,-45,16
12,-39,1
19,-43,1
18,-53,6
18,-58,11
30,-58,7
29,-59,5
20,-51,18
31,-42,22
31,-41,15
-2,-40,9
0,-39,17
28,-48,25
28,-45,21
31,-45,16
36,-46,19
17,-43,16
24,-48,14
30,-54,25
29,-61,30
24,-64,28
20,-66,26
22,-72,26
28,-72,26
33,-74,18
33,-78,15
27,-72,7
22,-68,6
22,-70,-1
18,-67,-3
23,-68,-8
23,-71,-8
20,-71,-8
25,-69,-6
31,-67,-1
28,-63,0
26,-52,-5
42,-50,-3
59,-42,22
42,-44,13
22,-33,12
67,-41,17
59,-44,12
44,-37,9
51,-38,14
44,-38,13
35,-39,11
39,-35,7
43,-39,13
26,-50,-1
38,-54,14
22,-60,7
13,-63,16
48,-63,8
53,-59,-15
28,-57,-11
26,-56,-15
34,-49,-6
15,-50,-6
36,-44,-8
45,-54,-16
26,-52,-6
22,-52,0
38,-53,-12
30,-47,-15
18,-53,-17
10,-57,-17
31,-66,-6
-24,-79,-20
-19,-72,-34
14,-54,-23
17,-49,-24
4,-57,-37
-8,-51,-30
-13,-41,-10
24,-40,7
31,-34,0
38,-43,-13
50,-62,-39
21,-53,-46
46,-70,-38
33,-70,-43
5,-70,-26
10,-74,-6
15,-69,2
40,-64,-7
49,-61,-16
54,-64,-32
30,-57,-28
29,-59,-14
30,-66,-7
23,-67,-11
24,-62,-6
23,-64,-7
23,-70,-12
24,-70,-14
22,-62,-11
17,-59,-5
18,-60,2
20,-59,13
21,-62,21
23,-78,127
47,-26,30
27,-57,-5
18,-46,9
21,-47,16
19,-49,14
17,-48,9
23,-49,10
18,-49,7
19,-51,9
25,-55,13
26,-58,14
29,-61,16
30,-61,17
20,-62,8
19,-74,6
25,-80,13
21,-70,14
18,-56,11
28,-70,16
29,-69,16
21,-64,10
19,-62,9
16,-63,9
15,-64,8
14,-67,6
15,-69,5
14,-70,4
13,-68,4
15,-69,5
17,-70,5
17,-62,4
15,-57,3
11,-49,2
13,-46,2
21,-45,5
33,-46,12
47,-42,24
54,-41,26
54,-40,23
54,-42,18
51,-39,14
49,-37,14
45,-37,13
41,-36,11
38,-38,10
35,-44,8
34,-46,11
21,-54,15
38,-56,20
55,-52,20
43,-52,14
36,-59,15
26,-58,14
4,-58,5
14,-60,8
17,-63,9
19,-65,8
20,-64,7
19,-62,6
18,-57,5
18,-56,4
22,-56,7
24,-56,7
18,-55,7
11,-57,9
37,-54,19
46,-58,21
33,-57,15
26,-57,15
29,-57,16
26,-60,12
24,-60,11
20,-60,9
18,-61,8
17,-60,9
18,-59,9
21,-59,10
22,-61,11
21,-61,10
19,-60,8
18,-60,7
17,-61,7
18,-65,6
18,-67,6
17,-68,5
16,-66,4
16,-64,5
15,-62,6
16,-62,7
16,-61,8
15,-60,8
15,-59,9
15,-57,10
15,-57,11
17,-58,15
17,-59,18
15,-59,20
15,-61,28
12,-62,27
14,-61,21
15,-61,17
9,-63,13
12,-63,15
12,-61,16
13,-61,16
16,-63,15
18,-61,15
18,-61,14
17,-61,13
15,-58,12
13,-57,11
12,-57,11
13,-57,11
14,-56,13
14,-55,15
14,-55,16
14,-55,18
15,-55,22
14,-54,24
16,-54,28
16,-54,29
19,-55,27
22,-55,25
31,-54,25
24,-54,22
23,-56,21
19,-57,20
19,-59,18
20,-55,14
20,-59,12
20,-67,10
19,-68,9
18,-66,7
19,-63,7
18,-57,6
19,-56,6
20,-56,4
20,-58,3
20,-60,3
20,-60,3
20,-59,5
20,-58,6
18,-57,7
18,-56,8
19,-58,12
20,-61,13
22,-69,15
22,-70,18
22,-73,19
28,-87,25
23,-81,25
15,-51,28
16,-42,28
7,-52,13
1,-57,4
2,-62,-4
6,-57,-3
18,-49,3
23,-48,9
19,-51,24
14,-58,35
-17,-53,31
-1,-49,19
23,-53,17
24,-55,18
17,-51,12
20,-54,14
26,-57,17
22,-62,17
16,-74,14
15,-87,13
21,-85,20
11,-58,17
10,-55,17
23,-57,20
21,-59,17
19,-66,14
17,-70,13
6,-69,9
9,-65,9
13,-60,8
14,-59,7
15,-56,7
15,-55,7
15,-55,7
16,-55,7
16,-53,8
15,-52,8
15,-53,9
16,-56,10
18,-64,11
18,-67,11
18,-70,14
21,-78,17
26,-83,24
22,-75,26
13,-52,26
10,-51,21
0,-62,5
-3,-63,-2
6,-57,-2
13,-55,0
27,-50,6
30,-47,10
30,-47,12
26,-50,16
23,-50,16
20,-50,17
18,-50,18
17,-53,20
16,-57,22
7,-63,28
21,-69,31
28,-68,26
19,-72,20
21,-73,21
19,-69,22
19,-61,20
21,-60,18
23,-68,14
21,-69,12
12,-67,7
14,-64,7
15,-59,5
16,-58,5
16,-59,3
17,-60,2
18,-59,2
18,-57,3
18,-55,3
17,-52,3
18,-53,3
18,-56,3
18,-58,3
16,-60,3
16,-59,5
20,-71,6
24,-85,9
20,-74,13
18,-65,15
21,-52,24
22,-53,26
22,-70,26
-24,-88,26
47,-64,58
36,-44,35
37,-48,21
41,-46,21
22,-49,7
20,-51,5
25,-55,7
21,-54,7
16,-54,4
13,-55,4
12,-54,5
16,-55,9
18,-56,11
19,-59,11
19,-61,11
17,-63,12
18,-64,13
14,-80,23
8,-81,29
17,-70,16
22,-62,13
9,-63,5
14,-64,5
21,-64,7
21,-63,7
19,-58,5
17,-59,4
18,-64,2
17,-65,0
15,-64,-3
14,-63,-3
15,-63,-3
17,-61,-1
20,-58,2
21,-57,2
22,-60,3
21,-62,3
19,-64,4
15,-63,5
15,-62,6
16,-63,9
17,-64,11
20,-70,18
20,-70,20
13,-66,23
12,-64,26
8,-59,29
7,-55,29
15,-55,29
-4,-55,24
-17,-58,9
-14,-58,5
-4,-63,3
0,-65,4
4,-66,6
3,-65,6
1,-64,5
2,-64,5
3,-63,5
2,-62,3
2,-59,2
4,-58,2
5,-58,2
6,-60,2
6,-62,2
6,-62,4
6,-62,5
7,-62,5
8,-61,5
9,-63,6
9,-64,6
9,-63,4
10,-62,3
12,-61,4
15,-60,5
23,-59,5
28,-61,5
29,-57,5
30,-56,5
33,-60,3
34,-62,3
34,-61,2
34,-62,1
32,-64,1
30,-64,0
31,-64,-1
30,-64,1
35,-65,-5
29,-61,-3
32,-57,-2
47,-47,-9
44,-42,-11
46,-39,-10
41,-40,-13
57,-30,-13
39,-31,-15
54,-25,-10
59,-21,-14
69,-14,-19
55,-13,-23
54,-9,-21
61,-7,-18
60,-5,-11
59,-3,-6
32,-11,11
49,-7,15
50,-1,5
54,4,-3
62,2,5
55,1,6
37,-8,-2
61,-10,4
63,-15,9
50,-19,10
43,-23,12
31,-42,-2
35,-48,-3
56,-52,12
37,-56,9
28,-62,10
27,-65,4
23,-74,10
17,-77,9
20,-67,15
16,-69,18
11,-70,18
15,-73,20
12,-79,24
13,-83,21
26,-79,11
28,-74,22
30,-72,15
24,-73,11
26,-76,5
38,-74,5
38,-63,7
40,-61,14
14,-59,-2
29,-54,3
40,-44,7
37,-39,2
36,-32,3
50,-29,11
55,-31,8
45,-17,9
47,-24,14
35,-27,13
49,-29,18
55,-26,16
57,-22,18
52,-14,22
60,-16,25
56,-18,11
54,-21,11
60,-17,15
57,-16,13
68,-22,18
68,-16,19
41,-22,19
41,-18,19
60,-12,33
55,-11,33
51,-16,19
64,-17,23
63,-17,13
53,-16,4
70,-10,21
51,-16,17
52,-21,21
55,-19,26
53,-19,24
59,-26,21
53,-26,19
58,-23,23
58,-22,25
61,-14,32
66,-17,33
46,-15,19
43,-16,22
52,-16,22
63,-17,28
55,-7,26
54,-8,25
57,-10,24
55,-8,22
53,-3,24
53,-2,24
58,1,27
52,-2,23
60,6,29
53,8,24
52,6,22
59,7,24
51,8,25
59,9,30
54,10,30
49,13,29
60,14,31
63,14,28
54,15,26
62,17,27
59,17,27
52,18,19
51,14,17
59,14,22
49,15,21
51,19,20
57,11,21
78,-2,30
44,-4,21
60,3,27
67,5,30
61,7,25
62,9,24
58,9,25
58,7,24
58,7,24
58,5,24
52,4,23
55,3,21
60,3,24
52,2,25
52,2,25
55,1,27
57,1,28
59,-1,25
62,-3,29
59,-1,30
53,-1,29
56,1,26
53,2,24
59,3,26
56,3,23
50,0,23
54,-3,25
58,-5,29
61,-7,27
47,-9,17
56,-8,23
57,-11,25
51,-10,18
53,-12,24
56,-12,21
62,-15,26
60,-19,27
43,-22,18
60,-26,23
56,-25,23
58,-29,20
47,-29,18
53,-31,25
51,-34,23
47,-38,18
54,-40,19
57,-41,21
50,-40,17
44,-39,18
53,-39,20
48,-38,17
45,-39,16
51,-39,19
48,-39,18
41,-40,17
44,-40,17
45,-42,18
43,-43,16
43,-45,18
44,-45,16
42,-45,16
44,-44,17
41,-43,18
43,-42,18
42,-43,19
45,-44,21
41,-44,19
40,-42,23
44,-40,22
41,-41,23
40,-41,19
43,-42,18
43,-43,19
43,-47,18
37,-45,17
49,-51,25
47,-50,24
46,-49,22
49,-48,24
47,-45,25
46,-45,26
43,-42,26
46,-41,28
48,-36,25
41,-36,24
45,-32,27
48,-29,26
40,-30,28
43,-28,27
43,-23,25
39,-21,27
38,-19,24
42,-18,27
41,-17,25
46,-18,29
49,-17,27
44,-21,24
51,-22,25
49,-23,29
56,-23,31
53,-23,27
59,-23,28
36,-28,32
49,-26,16
59,-17,14
59,-15,7
53,-8,5
61,-3,10
64,-6,16
63,-7,18
59,-10,16
60,-12,16
69,-10,13
64,-8,6
64,-8,12
68,-5,13
58,-3,6
64,-2,11
69,-1,12
59,-3,11
56,-1,6
61,-5,13
51,-11,18
49,-8,7
58,-4,9
60,-7,7
64,-2,0
70,-1,5
72,-3,8
61,2,-6
63,3,-5
72,1,2
57,1,-7
63,-3,-1
63,-3,-2
65,-5,1
61,-6,4
62,-6,5
62,-8,3
64,-6,1
66,-4,0
65,-3,-1
60,-3,-2
59,-4,-2
66,-2,1
63,-2,2
61,-1,6
59,-1,10
61,-1,15
64,-1,18
60,-2,20
60,-3,22
64,-5,21
58,-3,20
55,3,17
50,8,9
55,14,16
57,9,37
75,6,10
61,8,7
74,-7,8
63,-11,7
55,-9,-1
50,-12,-5
70,-26,7
52,-26,19
76,-17,28
83,-20,27
44,-15,5
49,-23,4
65,-17,14
88,-8,15
72,-5,9
74,-3,6
63,-4,-8
52,-15,-5
63,-14,-2
60,-16,4
69,-13,-2
65,-10,-24
62,-11,-26
46,-9,-24
47,-7,-24
65,-6,-15
61,-7,-11
49,-8,-30
55,-7,-22
64,-7,-21
59,-5,-25
55,-10,-25
61,-6,-30
54,-4,-29
53,-5,-25
59,-8,-19
61,-8,-19
62,-9,-18
54,-9,-11
54,-10,-4
64,-13,-3
67,-15,-11
58,-18,-19
62,-18,-5
71,-15,-16
64,-15,-19
52,-16,9
36,-28,21
57,-14,24
88,-2,23
62,-3,36
59,5,28
8,1,33
14,-4,47
57,-15,68
55,-13,49
43,-3,39
48,-3,45
39,-1,50
27,-1,48
33,1,44
35,2,40
46,-2,42
61,-2,51
57,-5,53
51,-1,41
44,-1,33
50,4,30
54,2,38
55,-4,46
56,-1,38
44,-3,17
52,-7,26
63,-6,27
68,-4,32
51,-6,22
45,-5,24
57,-6,29
50,-1,17
49,-2,8
50,-5,3
58,-2,-14
65,-9,-7
69,-8,-18
68,-15,-24
75,-18,-20
68,-13,-16
69,-7,-18
61,-7,-13
61,-7,-23
65,-10,-21
67,-19,-28
56,-15,-19
71,-19,-10
50,-22,-15
61,-10,-31
58,-13,-2
63,-8,-4
48,-8,3
59,-10,11
62,-12,-12
70,-21,4
57,-17,14
51,-20,12
43,-4,7
46,-12,3
62,-3,9
55,-13,4
73,-5,7
71,-2,1
67,-11,-13
78,-7,-3
53,-9,-5
24,-10,-13
61,-22,2
66,-31,-6
67,-29,-6
63,-27,10
62,-29,3
64,-23,-1
43,-25,-6
41,-33,-20
78,-32,-23
71,-31,-17
60,-26,-14
57,-23,-21
72,-23,-15
57,-19,-30
53,-18,-28
55,-15,-21
55,-14,-25
44,-16,-35
57,-7,-18
64,-12,-31
49,-10,-34
66,-1,-21
74,-5,-20
64,-6,-22
51,-7,-25
72,3,-4
79,4,-2
71,-1,-4
56,-3,-5
63,-3,0
58,-2,2
50,0,0
63,7,9
64,9,10
54,11,10
54,11,11
59,13,6
59,16,7
48,17,8
56,20,8
59,23,7
58,24,9
42,26,9
58,27,19
62,25,18
52,24,18
55,18,21
60,22,24
40,27,13
47,30,11
73,39,5
86,40,11
38,33,-5
45,30,2
67,31,9
55,22,-11
52,16,-7
63,10,-9
68,11,-6
56,10,11
49,11,13
41,6,5
51,7,8
39,4,4
41,-2,17
63,8,24
54,4,15
78,7,4
77,7,-11
75,2,-3
93,-3,1
89,-6,-2
82,-5,8
96,-4,17
87,0,20
62,1,16
50,-2,14
60,-13,11
47,-7,15
45,-4,10
46,0,8
44,3,12
52,3,17
55,3,16
52,5,16
50,6,14
56,12,12
59,11,18
58,10,18
61,11,18
74,10,15
72,5,14
58,1,19
57,4,18
68,4,18
73,1,20
76,-8,17
78,-12,13
73,-14,13
75,-12,14
72,-7,12
64,-3,12
62,3,14
57,1,18
55,3,29
54,0,27
58,6,26
63,8,27
60,15,27
58,19,16
68,25,17
53,20,12
47,21,8
54,25,19
53,24,18
48,22,12
55,20,16
60,29,27
58,29,35
54,23,33
56,17,33
54,16,24
47,26,19
37,30,25
35,30,26
32,29,22
28,33,14
37,34,15
38,34,16
37,34,19
38,38,20
48,38,22
44,37,27
47,36,27
59,37,35
54,33,39
48,32,39
45,39,32
51,46,28
49,45,24
52,46,15
55,45,18
57,49,23
54,50,18
58,51,14
63,44,22
55,40,32
47,39,27
45,26,27
43,26,28
27,10,30
12,6,19
18,10,22
37,12,33
56,23,24
55,28,26
45,30,20
39,27,21
44,19,20
52,13,18
57,12,14
58,4,3
67,1,7
68,-3,7
71,-6,4
79,-4,-1
77,-4,-2
76,-4,3
88,-3,0
82,5,-7
82,7,-7
81,11,-2
73,11,-3
70,11,-4
68,12,-3
67,12,1
65,11,3
63,6,2
66,4,3
73,-4,3
77,-9,2
76,-17,2
70,-16,2
64,-13,2
64,-11,3
64,-9,4
64,-10,4
65,-12,1
67,-13,0
67,-14,0
60,-13,0
56,-12,1
53,-9,1
53,-8,1
54,-6,1
56,-6,1
62,-9,0
65,-9,1
62,-9,2
61,-7,4
57,-2,3
58,-1,5
64,2,8
65,2,6
68,2,6
68,1,5
69,2,6
69,2,6
71,0,5
70,-2,4
68,-1,1
66,-1,3
75,2,6
69,3,8
64,5,4
66,5,8
61,6,12
57,8,8
63,9,4
54,7,10
54,7,12
45,6,7
36,2,5
70,9,14
78,0,27
43,-2,19
62,2,20
53,1,24
64,-2,36
56,1,32
39,2,25
70,2,30
69,1,36
50,-2,27
47,-2,27
56,-6,34
41,-12,29
56,-14,31
50,-14,34
57,-15,39
55,-19,51
53,-17,57
47,-4,49
36,5,37
18,0,23
15,-15,32
64,-16,56
57,-16,49
51,-23,33
38,-26,28
17,-31,28
26,-32,27
13,-36,23
8,-39,23
35,-52,35
57,-54,35
99,-48,47
63,-43,37
37,-44,31
50,-48,35
30,-47,34
22,-49,31
21,-52,25
25,-56,24
28,-57,23
31,-56,23
39,-50,24
34,-42,26
32,-42,24
37,-42,23
38,-41,24
37,-39,28
35,-41,28
35,-44,29
34,-43,29
35,-43,28
37,-44,30
41,-41,38
38,-39,38
34,-37,42
33,-37,43
45,-30,48
34,-31,48
24,-26,60
26,-25,68
7,-21,69
17,-10,43
32,3,33
39,17,31
61,26,36
58,9,64
47,0,63
51,8,39
35,9,19
0,-126,9
-11,-24,69
76,-16,65
55,15,55
25,2,49
44,0,59
52,-10,56
46,-4,47
45,12,38
48,11,42
43,2,42
49,3,39
48,3,39
43,1,41
43,-1,40
51,-2,37
51,-6,28
49,-7,27
62,-16,26
60,-19,22
51,-15,12
53,-17,26
68,-10,19
68,-4,16
64,2,20
81,30,-6
91,36,-14
63,22,-7
60,24,12
76,15,26
66,11,24
24,2,13
50,2,16
82,-3,31
68,0,34
67,5,21
44,6,20
37,3,16
43,4,19
57,8,31
50,8,27
32,3,32
27,-1,29
55,-3,12
59,1,20
66,3,40
76,3,37
64,9,14
65,7,15
66,4,15
74,3,23
70,2,26
78,-2,25
73,0,17
57,2,19
55,2,16
57,-1,6
69,1,8
64,2,12
64,5,14
57,8,9
60,6,12
61,13,15
51,13,12
57,13,16
58,14,16
50,13,23
50,15,29
51,14,34
48,20,30
53,20,36
57,22,37
51,25,29
56,23,28
50,16,30
52,13,41
58,13,42
58,8,41
43,7,29
44,-6,31
52,-2,28
73,7,13
47,-5,-3
78,-7,-18
87,-12,-20
85,-3,-17
92,-1,-12
74,-6,2
61,-9,11
54,-5,7
63,-1,7
60,-4,3
59,0,2
61,2,3
66,1,7
57,-4,4
63,3,4
57,3,7
61,4,9
59,2,-2
60,6,0
52,8,2
52,8,3
43,22,2
61,24,-4
62,28,5
33,37,2
66,34,39
71,19,27
35,16,19
88,-6,54
101,6,66
111,12,54
51,0,36
16,-4,43
-7,14,38
1,0,49
52,1,75
34,4,60
31,6,56
-6,-18,47
15,-11,36
61,8,15
47,31,18
42,35,-20
46,66,0
123,31,19
75,24,25
93,20,29
59,5,4
38,-16,73
90,21,79
91,4,92
-19,27,41
-25,36,26
19,-20,7
52,-3,5
-7,20,-20
17,18,-23
72,25,-39
112,42,-27
101,32,-5
79,42,-3
111,43,17
107,31,21
35,24,22
48,34,37
46,-9,52
38,31,60
8,-22,59
7,30,65
6,11,50
44,3,37
101,25,65
78,15,60
41,9,38
73,24,44
77,12,46
37,12,41
34,18,56
6,17,46
13,7,39
38,6,55
4,14,47
-23,13,31
-21,26,22
22,18,42
18,19,37
50,31,50
78,43,42
71,25,43
49,25,40
41,29,51
31,27,54
34,35,48
33,38,47
26,27,38
16,24,33
22,23,34
17,16,30
9,2,19
2,-2,14
3,-5,8
-2,-2,3
-7,-4,2
-9,3,12
-9,4,20
2,-15,85
-6,5,56
52,-28,76
78,-36,119
101,-23,115
81,-21,92
80,-6,83
88,-1,86
76,8,72
67,10,62
59,14,44
54,11,32
58,10,23
64,4,25
57,-8,30
53,-11,28
49,-12,26
45,-13,27
35,-13,30
36,-10,30
39,-9,29
45,-7,32
46,-6,33
52,0,31
55,4,32
60,6,31
60,4,34
64,4,30
62,4,24
60,-1,40
63,-3,29
53,-14,20
30,-23,25
90,-16,31
85,-14,26
55,-1,-8
70,-1,35
71,-21,25
44,-22,18
70,-28,31
91,-33,37
45,-34,33
36,-36,40
32,-29,19
62,-30,5
72,-24,18
77,-28,17
48,-24,11
62,-31,1
48,-26,9
59,-23,11
56,-19,13
52,-14,16
42,-13,11
47,-12,10
52,-18,11
68,-20,11
65,-18,7
54,-16,12
65,-20,15
51,-14,16
43,-23,11
64,-26,30
74,-26,24
47,-26,22
48,-26,22
63,-16,23
60,-16,22
60,-15,18
64,-15,16
74,-10,21
68,-8,12
70,-5,11
68,-2,16
78,1,14
67,7,12
69,8,14
78,15,17
71,19,19
56,23,7
66,27,10
53,22,11
50,24,10
49,27,26
43,29,29
42,32,30
29,31,20
30,36,26
12,39,30
12,46,29
1,51,16
17,52,18
12,54,29
10,52,32
17,56,34
16,50,13
28,51,16
36,46,39
32,48,47
35,36,56
27,10,35
23,1,28
47,12,47
42,1,36
41,5,21
40,2,29
15,-11,6
15,-10,-12
57,-26,27
50,-31,-2
34,-43,-20
64,-63,13
68,-50,-13
61,-57,7
78,-58,8
73,-67,-1
66,-50,29
53,-46,10
73,-31,15
76,-27,13
61,-13,-2
56,-8,-7
70,6,5
74,7,12
89,-3,12
81,-5,17
85,-11,22
78,-18,24
57,-14,16
52,-10,11
66,-6,11
69,-7,7
57,-9,3
57,-13,2
62,-17,9
58,-19,8
57,-19,9
62,-21,14
60,-19,15
62,-13,21
60,-16,23
70,-14,28
56,-10,15
49,-16,23
46,-11,27
53,-4,39
37,-4,34
38,-4,31
28,0,29
82,-1,48
68,4,39
49,-2,35
54,2,44
65,-4,52
40,-5,36
45,-10,41
53,-12,47
42,-14,44
33,-16,46
13,-35,37
46,-29,53
25,-20,46
37,-12,52
42,-15,53
31,-15,50
37,-11,49
34,-15,55
27,-16,55
31,-8,59
27,-12,60
29,-28,57
41,9,55
-4,11,38
52,-49,51
62,-7,52
53,4,43
79,3,52
66,6,46
51,11,43
45,13,40
44,14,40
40,16,39
33,14,35
25,17,32
29,21,31
29,14,25
36,15,40
51,21,38
48,16,37
86,28,36
59,38,36
58,42,40
54,41,53
30,44,43
28,43,35
30,38,39
26,34,36
31,32,36
38,32,37
38,32,39
31,35,35
16,41,30
10,37,32
1,37,26
-4,41,27
-13,46,24
-10,49,32
-1,49,29
-30,53,30
-36,58,27
-15,66,31
-5,71,20
-27,73,20
-27,67,24
-30,56,52
-25,62,51
-19,55,45
-17,48,41
-8,28,51
-11,20,58
-12,7,50
-14,3,51
-22,-9,54
-1,-5,60
-53,-3,28
-53,-6,35
3,9,47
-13,25,23
-43,20,14
-47,20,18
-35,32,16
2,50,13
1,62,10
-6,67,13
-5,71,5
-9,75,-8
-2,67,-8
24,48,4
37,46,14
47,46,11
35,42,5
52,28,4
65,20,-1
84,17,-3
106,17,-2
108,5,8
118,6,20
109,-2,18
81,-5,18
73,4,32
73,5,34
66,2,28
58,0,23
42,0,17
56,0,19
59,-6,19
53,-4,18
54,-4,18
47,-1,21
42,1,19
48,3,15
52,8,17
51,13,24
53,11,21
53,17,15
57,18,13
59,12,19
58,13,16
57,12,11
54,10,13
60,11,12
59,6,9
62,9,14
66,14,13
54,5,11
57,13,11
68,12,18
70,10,19
68,6,19
67,5,18
69,1,15
69,1,14
64,-1,13
55,5,11
63,0,11
58,-3,9
58,-1,9
64,-1,7
63,-2,7
59,-1,9
64,-1,9
61,-1,8
63,-3,9
62,-4,9
63,-3,8
64,-3,9
64,-3,9
62,-4,8
63,-3,9
62,-5,10
61,-5,9
62,-4,10
61,-6,10
61,-5,10
60,-6,9
62,-6,9
62,-6,9
62,-5,9
64,-5,9
61,-5,9
62,-5,9
64,-5,9
61,-6,9
62,-5,8
62,-5,9
62,-5,9
61,-8,8
63,-4,9
62,-6,9
63,-6,9
62,-5,9
62,-5,9
63,-6,9
62,-5,9
62,-6,9
62,-6,9
62,-5,9
62,-5,9
61,-6,9
62,-6,9
62,-6,9
62,-6,9
61,-6,9
61,-6,9
62,-6,9
62,-6,9
61,-6,9
62,-6,10
62,-6,9
62,-6,9
62,-6,10
62,-6,9
62,-6,9
61,-6,10
62,-6,9
62,-7,10
61,-6,10
62,-7,10
62,-6,9
61,-6,10
61,-6,9
61,-7,10
62,-7,10
62,-7,10
62,-7,9
61,-7,10
62,-7,10
62,-7,10
61,-7,9
62,-7,10
62,-7,9
62,-7,10
61,-7,10
62,-7,10
62,-7,10
62,-7,9
62,-7,9
62,-7,10
61,-7,10
61,-7,9
62,-7,10
61,-7,10
61,-7,9
62,-7,10
62,-7,9
62,-7,10
62,-7,10
61,-7,10
61,-7,10
62,-7,10
62,-7,10
62,-7,10
61,-7,10
62,-7,10
62,-7,10
62,-7,10
61,-7,10
61,-7,10
62,-7,10
62,-7,10
62,-7,10
61,-7,10
61,-7,10
61,-7,10
62,-7,10
62,-7,10
61,-7,10
61,-7,10
61,-7,10
61,-7,10
61,-7,10
62,-7,10
62,-7,10
61,-7,10
61,-7,10
62,-8,10
62,-8,10
62,-7,11
62,-7,10
61,-8,10
62,-7,11
61,-7,11
61,-7,10
61,-8,10
62,-8,11
60,-8,10
61,-8,10
62,-8,11
62,-8,11
62,-7,11
62,-7,11
62,-7,11
62,-7,11
61,-7,10
61,-7,11
62,-7,11
61,-8,11
61,-8,11
61,-8,11
61,-8,11
60,-7,10
60,-7,11
62,-7,11
62,-7,11
63,-8,12
61,-8,11
60,-8,11
60,-7,11
61,-8,12
61,-9,12
61,-9,12
62,-8,13
61,-8,12
62,-8,12
61,-8,12
62,-7,12
61,-7,12
62,-8,12
61,-8,12
61,-8,12
61,-8,12
61,-8,12
61,-9,12
61,-8,12
61,-7,12
61,-7,13
61,-8,13
61,-8,13
60,-8,13
61,-8,12
61,-8,12
62,-8,13
61,-8,13
61,-8,13
61,-8,13
60,-8,13
60,-8,13
60,-8,12
60,-8,13
61,-8,13
62,-8,14
62,-8,14
62,-8,13
61,-8,14
61,-8,13
62,-9,14
62,-10,16
62,-10,16
59,-10,14
58,-10,14
57,-7,12
58,-6,13
61,-5,15
60,-5,16
61,-5,15
61,-5,16
62,-5,16
62,-5,15
61,-6,14
60,-6,15
60,-7,14
61,-7,14
61,-8,16
60,-9,15
59,-9,16
60,-8,16
59,-8,15
60,-6,15
62,-6,16
63,-7,15
62,-6,15
61,-5,16
62,-6,15
60,-7,15
59,-8,15
60,-7,15
59,-7,16
57,-8,13
59,-8,14
61,-8,14
60,-9,14
64,-7,15
61,-8,15
63,-7,17
63,-7,17
60,-8,15
59,-8,14
60,-9,14
60,-9,15
61,-8,14
61,-8,14
61,-9,16
62,-9,16
60,-7,16
61,-9,14
62,-9,14
61,-8,15
62,-8,15
60,-8,14
58,-9,14
59,-10,15
60,-10,16
60,-10,16
60,-9,16
59,-9,16
60,-8,15
60,-9,15
61,-9,15
60,-9,14
60,-10,14
61,-10,14
61,-10,14
61,-10,15
61,-10,15
60,-10,14
60,-10,14
61,-10,14
60,-10,14
60,-11,14
60,-11,14
60,-10,14
60,-10,14
61,-10,14
60,-11,14
60,-10,14
60,-11,14
60,-11,14
60,-10,14
60,-10,14
60,-10,13
61,-10,14
60,-10,14
60,-10,14
60,-10,14
61,-10,14
61,-10,14
60,-10,14
60,-10,14
61,-10,14
60,-10,13
60,-10,13
60,-9,15
63,-8,19
63,-7,23
65,-5,33
61,2,44
51,-1,48
45,-3,49
50,-10,53
63,-7,23
65,-5,33
61,2,44
51,-1,48
45,-3,49
50,-10,53
61,-10,57
47,-11,54
60,-9,51
78,-15,43
91,-9,44
58,1,31
58,1,29
60,4,28
53,4,24
41,5,21
39,7,20
56,4,25
46,6,26
36,6,26
38,6,30
47,13,33
42,12,32
39,9,42
42,15,42
45,5,42
33,14,40
35,11,48
31,11,50
31,13,51
32,3,50
26,10,48
44,20,50
30,14,46
30,14,49
29,14,47
33,24,43
52,27,54
61,25,49
61,28,39
62,26,21
66,28,18
53,23,10
52,26,3
51,30,-3
51,31,-1
42,32,3
40,35,2
43,38,1
43,39,3
40,35,4
42,36,3
65,27,10
53,40,7
58,28,11
48,35,1
47,30,1
53,29,4
49,31,2
56,40,8
54,40,6
62,34,21
60,35,26
50,33,16
55,32,19
53,38,28
52,38,32
49,39,38
43,38,39
37,27,40
27,28,37
21,33,38
24,35,36
31,37,41
25,36,40
28,36,45
27,36,44
30,34,47
28,33,48
23,30,50
22,33,49
30,27,53
17,33,46
27,20,53
9,34,45
15,21,51
14,25,55
15,25,57
27,44,55
-8,18,47
19,21,61
14,17,61
10,19,61
8,20,62
12,18,66
4,17,60
7,17,62
11,18,65
9,22,65
6,20,61
8,18,63
6,20,64
1,17,60
-4,16,57
-17,16,55
-16,14,57
-16,8,60
-14,8,62
-16,8,59
-39,19,55
-19,9,60
-6,2,63
-6,3,59
-29,8,52
-24,9,55
-23,6,55
-26,7,54
-21,4,54
-21,8,53
-13,2,56
-9,1,57
-5,5,63
-5,5,64
-8,2,69
-2,-1,72
-4,-3,72
-7,-3,72
-5,-4,73
-4,-8,67
-2,-4,68
4,-2,70
9,2,71
-1,4,66
0,4,64
7,2,65
11,4,66
7,2,66
3,3,65
9,6,69
5,7,70
6,10,63
7,12,65
3,15,64
10,15,60
11,21,53
11,20,57
19,21,57
11,20,54
23,29,62
16,24,60
15,28,54
13,26,57
10,30,51
7,28,50
16,26,54
25,28,58
15,26,48
16,27,45
19,26,43
31,28,48
37,25,47
41,25,46
42,26,49
42,23,50
28,28,43
36,21,43
40,23,48
29,24,55
41,10,61
36,17,54
35,21,52
37,28,55
32,28,54
25,23,50
30,25,53
33,23,56
26,24,50
34,19,49
38,24,49
33,26,45
40,27,48
40,24,49
33,26,41
30,33,43
31,29,46
36,31,42
35,30,44
33,30,44
36,31,43
31,31,43
21,29,40
27,32,37
25,24,45
23,23,46
20,26,41
18,24,42
23,28,52
21,23,54
19,22,62
8,20,69
-1,10,84
14,13,85
27,21,58
33,22,47
28,18,47
27,16,52
27,17,57
33,19,56
38,21,55
35,21,54
30,19,53
28,18,50
34,19,55
36,20,56
27,21,51
21,17,50
22,16,51
25,16,52
26,15,54
30,15,55
30,17,55
33,17,54
32,17,53
33,15,55
32,15,53
32,17,50
30,12,53
38,18,54
34,18,51
30,16,51
31,15,51
33,16,54
35,16,53
34,17,53
37,16,52
35,16,50
34,16,50
34,16,51
34,16,51
32,17,50
32,17,52
32,16,53
34,16,53
35,17,53
33,16,52
34,16,51
33,15,50
32,15,51
33,16,52
34,16,53
33,16,52
33,16,52
33,16,52
33,16,52
33,16,52
34,16,52
34,15,52
34,16,52
33,15,52
30,15,52
31,16,52
32,16,53
32,15,53
32,16,53
32,16,53
32,15,52
31,15,52
32,15,52
32,15,52
34,16,53
32,15,53
32,16,53
33,16,52
32,15,52
32,15,51
31,16,54
32,16,52
32,16,52
33,16,52
33,16,52
33,17,52
33,17,52
33,16,52
34,16,51
34,16,52
33,16,52
33,16,52
33,15,52
33,15,52
34,16,52
34,15,52
35,15,52
34,14,52
34,15,52
34,15,52
34,15,52
34,15,52
34,15,52
34,15,52
34,15,52
34,15,51
35,15,52
32,16,52
33,16,50
34,15,52
34,14,52
35,14,52
35,15,51
34,15,52
33,15,52
35,15,51
34,15,51
34,15,50
35,15,50
35,16,50
34,16,50
35,16,48
37,17,51
36,19,51
34,16,50
35,15,51
34,19,51
33,16,52
35,17,53
34,15,56
33,17,52
28,21,49
41,18,50
35,11,44
34,17,53
32,16,54
29,16,52
30,17,52
31,16,54
30,15,53
29,15,52
31,14,53
31,13,55
29,12,56
28,12,55
28,12,56
27,12,56
28,9,57
29,10,56
27,11,54
25,10,55
27,10,56
31,12,56
25,13,56
23,12,56
24,12,55
25,13,56
26,13,58
26,13,58
23,12,58
24,12,57
27,12,60
29,12,62
29,11,61
29,12,61
27,12,59
25,13,57
29,15,55
32,15,55
34,14,55
32,14,54
30,14,50
32,15,50
32,16,51
32,15,53
32,14,54
30,14,56
28,16,55
25,18,54
25,17,54
25,17,54
24,17,54
27,17,55
26,17,56
28,16,57
28,16,58
24,16,56
22,16,56
25,16,57
27,15,58
25,13,58
22,12,56
21,15,54
24,16,55
23,14,55
22,12,55
19,11,53
17,9,51
15,7,48
12,5,47
7,1,42
12,-1,43
34,-2,53
28,-6,57
27,-10,56
40,-17,58
38,-18,58
37,-24,58
44,-28,60
36,-30,59
34,-30,57
33,-29,54
31,-29,53
29,-29,52
26,-28,51
25,-29,51
29,-28,51
24,-27,50
22,-27,50
27,-27,52
26,-27,51
22,-27,50
22,-26,48
22,-26,46
20,-26,46
14,-27,43
11,-29,39
8,-32,37
8,-38,32
12,-43,29
22,-54,25
26,-59,24
31,-64,21
31,-70,19
36,-92,19
27,-84,19
35,-65,22
32,-73,18
27,-71,8
25,-58,8
20,-57,5
23,-63,6
21,-56,8
25,-58,9
25,-56,8
23,-58,8
18,-54,7
16,-59,6
16,-65,7
14,-67,6
14,-87,4
15,-91,6
13,-79,12
17,-65,16
14,-60,13
7,-60,7
7,-60,8
9,-53,11
10,-51,10
12,-51,10
11,-51,11
13,-52,13
15,-52,14
16,-50,13
15,-49,13
13,-47,13
13,-44,13
13,-45,14
15,-45,15
15,-46,15
15,-47,15
13,-49,14
12,-45,13
13,-44,12
15,-44,12
14,-51,10
14,-58,9
17,-98,11
19,-96,13
11,-98,6
13,-107,6
14,-93,8
14,-69,8
19,-62,10
22,-50,12
19,-43,9
17,-35,6
14,-34,5
12,-37,4
11,-40,3
12,-43,3
13,-46,3
17,-52,6
17,-51,7
23,-71,10
29,-99,17
22,-96,29
19,-92,30
28,-74,35
28,-75,34
15,-67,23
6,-55,15
6,-38,11
10,-37,13
13,-36,15
12,-36,14
14,-39,13
12,-49,10
9,-49,9
10,-47,7
11,-53,7
15,-84,7
16,-85,7
14,-89,3
18,-102,4
23,-87,11
15,-76,6
22,-64,10
24,-59,13
22,-37,15
19,-27,15
13,-21,10
14,-25,9
10,-36,1
7,-44,-1
17,-76,-1
23,-128,3
27,-98,32
16,-103,40
18,-72,36
22,-57,28
22,-67,17
15,-47,16
12,-33,14
14,-15,16
13,-13,14
15,-28,11
15,-34,10
12,-39,7
16,-64,7
20,-104,7
11,-102,3
15,-100,1
20,-92,8
13,-69,8
19,-69,11
24,-56,12
19,-45,8
18,-36,7
18,-37,7
16,-37,7
13,-37,4
13,-40,1
17,-56,2
24,-102,13
26,-105,21
19,-102,34
19,-97,33
14,-67,23
17,-44,18
15,-35,16
11,-22,12
11,-26,13
3,-24,8
3,-26,7
18,-32,10
18,-40,10
18,-74,10
16,-97,8
13,-120,1
13,-125,-2
18,-108,7
16,-87,9
21,-56,14
25,-48,14
25,-33,11
22,-28,8
16,-27,4
15,-30,2
12,-38,-1
13,-43,-1
17,-54,3
20,-56,5
29,-55,11
34,-75,15
41,-99,30
20,-109,20
18,-105,21
22,-82,13
20,-77,7
18,-73,4
18,-64,5
24,-43,0
25,-39,-3
24,-39,-9
26,-44,-12
22,-54,-17
21,-58,-17
15,-54,-14
15,-52,-13
29,-79,-10
34,-99,-4
32,-91,3
24,-71,1
18,-57,2
24,-63,4
22,-62,2
17,-59,1
14,-51,1
13,-50,1
15,-51,2
19,-59,3
22,-64,4
20,-60,3
18,-57,1
16,-54,0
17,-58,0
19,-65,3
21,-70,3
19,-71,5
16,-69,3
15,-80,1
13,-84,0
15,-70,4
18,-53,11
26,-47,22
22,-59,21
12,-68,12
6,-69,9
1,-60,11
1,-56,14
6,-52,15
9,-51,14
10,-48,12
9,-46,12
10,-40,11
11,-36,10
12,-31,9
15,-33,8
15,-39,7
17,-53,9
18,-55,10
15,-55,6
16,-56,6
17,-69,9
20,-92,13
15,-83,10
11,-89,3
16,-108,3
14,-110,3
15,-67,5
16,-56,6
19,-50,7
15,-47,4
11,-40,0
7,-36,-2
5,-36,-4
6,-36,-3
8,-36,-1
11,-38,0
17,-49,4
20,-66,5
31,-89,18
28,-102,33
25,-90,35
18,-69,18
14,-65,10
14,-64,10
13,-53,13
14,-34,13
16,-27,13
18,-32,11
16,-40,10
13,-44,6
14,-55,4
12,-99,-1
11,-95,-3
12,-107,-4
12,-96,1
10,-67,2
16,-59,4
17,-52,6
18,-43,8
15,-31,6
14,-32,5
14,-40,4
13,-43,4
11,-34,5
13,-38,4
27,-96,15
33,-125,30
16,-99,25
14,-55,20
22,-56,18
20,-58,9
17,-50,7
13,-31,3
13,-28,4
14,-30,7
16,-32,7
17,-55,5
13,-75,1
6,-90,-2
5,-97,-2
8,-100,4
8,-89,5
13,-73,4
20,-69,6
24,-55,5
20,-47,2
16,-40,3
17,-40,4
13,-36,3
11,-34,1
10,-38,-3
13,-55,-3
30,-109,15
26,-91,27
12,-76,24
21,-56,19
18,-47,14
15,-42,9
17,-37,10
16,-30,10
16,-30,9
17,-37,7
16,-49,7
27,-109,12
26,-128,8
11,-123,-5
4,-102,-7
6,-66,0
15,-62,6
27,-48,12
27,-39,9
18,-22,3
14,-19,-1
12,-30,-5
12,-40,-5
18,-48,1
22,-51,3
28,-100,5
32,-104,10
22,-126,14
14,-93,19
20,-78,22
19,-64,9
21,-64,8
21,-48,11
17,-41,10
17,-33,9
16,-37,13
13,-46,2
11,-51,-3
5,-62,-4
10,-63,-2
17,-78,-5
21,-86,-8
26,-91,-2
27,-78,4
30,-84,6
32,-78,6
34,-71,3
29,-67,-2
15,-61,-10
11,-55,-10
8,-54,-8
9,-55,-7
12,-63,-8
12,-64,-12
10,-67,-13
8,-71,-14
10,-73,-11
13,-73,-5
14,-75,-2
9,-74,2
9,-60,7
12,-54,15
12,-65,17
12,-74,20
12,-69,18
5,-51,9
3,-43,7
7,-41,11
12,-47,17
14,-47,28
14,-44,28
19,-36,27
28,-41,27
25,-41,20
20,-47,16
16,-60,11
15,-62,10
12,-57,8
12,-54,8
10,-60,3
13,-99,1
17,-105,2
11,-93,-2
13,-86,-4
16,-74,-6
16,-62,-3
20,-47,3
19,-43,3
13,-37,-2
11,-33,-3
10,-37,-4
11,-39,-3
15,-58,-1
17,-75,3
29,-101,22
31,-115,31
19,-79,31
19,-58,27
16,-50,18
20,-53,17
13,-50,13
8,-41,13
11,-33,16
12,-37,17
13,-47,17
11,-48,12
8,-56,6
10,-75,2
11,-89,-2
17,-106,-5
19,-97,-3
11,-63,0
16,-51,4
22,-53,8
23,-48,9
19,-34,7
17,-32,5
18,-34,2
15,-34,2
10,-43,5
13,-75,9
36,-123,30
20,-114,26
2,-58,22
15,-53,24
19,-58,16
19,-57,13
10,-42,12
11,-38,13
11,-40,17
13,-41,15
10,-51,8
12,-76,0
12,-103,-5
14,-95,-4
9,-77,-6
13,-65,1
20,-70,7
23,-55,11
22,-45,11
13,-31,7
14,-24,3
5,-9,-5
7,-23,-8
21,-128,1
49,-101,34
8,-67,27
8,-38,21
27,-56,18
26,-64,13
15,-51,12
11,-40,12
14,-33,12
17,-57,9
23,-91,10
23,-120,5
12,-109,-8
7,-96,-9
12,-69,2
27,-56,15
30,-51,15
24,-35,6
16,-30,1
17,-38,-7
17,-46,-11
14,-49,-5
18,-55,-3
27,-86,9
27,-81,16
29,-112,18
16,-105,9
17,-79,6
16,-77,5
13,-70,5
14,-61,4
13,-44,0
13,-39,-1
11,-38,-2
13,-42,-2
15,-56,-4
13,-58,-5
13,-59,-6
14,-60,-8
17,-74,-9
25,-80,7
37,-78,11
43,-93,11
38,-86,3
16,-61,-14
10,-58,-10
6,-54,-1
12,-52,2
16,-52,1
18,-56,-1
14,-63,-7
13,-61,-8
12,-62,-10
12,-65,-11
12,-64,-9
13,-64,-8
17,-77,-5
16,-90,-3
11,-58,4
12,-48,7
18,-74,13
21,-79,15
10,-65,8
10,-56,9
9,-46,10
9,-45,10
14,-44,14
12,-37,15
11,-34,15
15,-31,18
21,-35,18
23,-50,14
22,-57,13
15,-51,10
16,-50,9
12,-51,5
9,-46,2
13,-75,0
22,-112,3
21,-116,1
11,-99,-4
7,-64,-7
14,-59,-2
21,-57,6
24,-47,8
20,-33,5
15,-32,3
15,-35,2
14,-38,2
14,-49,2
15,-70,4
16,-82,9
20,-95,13
28,-104,27
15,-68,20
13,-61,17
14,-56,11
13,-50,9
11,-38,10
8,-33,12
11,-25,13
14,-29,13
27,-43,14
27,-46,12
26,-52,7
34,-69,6
60,-89,18
55,-92,8
62,-93,12
57,-89,12
54,-62,11
55,-52,13
47,-36,17
43,-29,16
41,-18,18
45,-19,23
44,-23,23
43,-25,25
34,-19,25
40,-21,27
40,-21,36
46,-30,30
43,-49,31
35,-70,30
45,-62,42
31,-31,60
37,-29,58
23,-25,53
16,-16,53
12,-11,52
18,-6,50
19,-15,44
22,-17,44
17,-22,38
16,-19,41
7,-7,48
13,-19,50
6,-11,52
26,-30,60
54,-6,71
36,-9,61
36,2,69
-10,39,29
69,16,24
127,-45,57
69,1,34
73,-14,24
62,-9,13
47,-7,9
46,6,9
44,11,9
42,11,8
39,8,-11
37,24,-13
72,21,-4
64,15,-10
66,25,-15
65,23,-19
67,27,-16
56,24,-18
51,20,-27
53,22,-25
39,10,-27
39,7,-23
45,6,-16
51,13,-16
63,42,-15
54,-33,-14
46,4,-8
60,25,-17
68,20,-9
73,1,2
92,6,22
81,16,38
62,32,46
61,60,76
50,54,71
8,24,59
0,16,52
0,7,48
-10,5,42
-10,1,39
-14,4,34
-22,7,29
-21,8,32
-20,6,46
-21,5,50
-40,3,41
-37,1,42
-30,1,54
-31,0,57
-49,-7,55
-46,-12,61
-40,-26,79
-38,-29,79
-43,-26,72
-44,-22,69
-37,-18,62
-29,-16,55
-26,-12,51
-32,-8,38
-33,-9,36
-20,-11,48
-17,-14,53
-23,-21,54
-27,-26,57
-22,-29,66
-25,-22,66
-35,-17,62
-34,-17,64
-25,-20,66
-19,-23,64
-19,-16,63
-14,-15,64
-12,-10,61
-17,-8,58
-13,-11,59
-12,-14,59
-14,-20,62
-19,-19,61
-18,-17,59
-18,-16,57
-20,-14,56
-26,-12,52
-28,-9,60
-14,-19,64
-18,-19,63
-20,-18,60
-19,-19,61
-24,-17,63
-26,-15,67
-8,-18,58
-31,-21,47
-15,-20,58
-20,-18,57
-29,-15,52
-23,-16,53
-24,-19,53
-21,-19,55
-25,-16,56
-26,-16,55
-27,-18,52
-28,-18,50
-28,-19,50
-27,-18,51
-25,-17,53
-27,-16,52
-18,-17,60
-15,-18,65
-16,-16,65
-23,-16,61
-18,-15,66
-18,-12,66
-19,-10,63
-20,-8,61
-18,-7,63
-15,-6,63
-16,-5,62
-16,-3,62
-15,-4,63
-14,-4,62
-15,-5,61
-14,-4,62
-15,-3,63
-15,-4,62
-17,-4,62
-16,-7,62
-17,-8,62
-17,-9,63
-17,-10,63
-18,-11,60
-19,-11,60
-20,-11,58
-20,-11,57
-22,-12,55
-22,-14,54
-24,-18,47
-21,-22,40
-16,-23,37
-4,-25,34
2,-26,33
12,-30,28
17,-31,25
27,-34,18
36,-36,20
58,-43,32
55,-46,37
49,-53,43
53,-56,40
76,-71,36
70,-73,30
77,-86,21
87,-77,20
53,-62,10
48,-58,7
43,-54,5
47,-54,4
41,-56,1
38,-56,1
31,-61,2
27,-61,2
24,-60,3
24,-60,4
26,-60,7
24,-61,10
23,-62,11
23,-63,14
25,-64,15
27,-70,17
30,-74,19
30,-72,29
9,-60,30
23,-48,28
18,-53,25
11,-62,13
7,-63,9
6,-58,5
9,-54,6
16,-43,10
19,-40,12
27,-42,23
24,-45,26
17,-56,30
23,-59,27
30,-60,19
31,-59,20
33,-54,25
32,-54,25
26,-54,21
20,-56,14
14,-57,12
22,-57,16
25,-55,18
26,-55,19
24,-56,18
18,-57,14
19,-57,14
18,-60,15
17,-61,15
16,-60,14
15,-60,14
14,-58,10
15,-58,9
22,-55,9
25,-55,8
22,-52,6
21,-51,5
21,-53,3
21,-54,2
24,-59,2
24,-64,1
26,-77,1
26,-78,1
23,-68,1
21,-62,1
20,-58,3
23,-57,4
23,-58,4
24,-63,5
24,-65,5
21,-61,4
21,-60,4
17,-63,4
18,-63,5
19,-61,5
18,-61,5
18,-60,5
19,-59,5
19,-59,4
19,-58,4
18,-56,3
18,-56,3
19,-58,4
19,-58,4
19,-60,3
20,-65,5
17,-58,7
17,-55,7
19,-59,11
21,-62,14
26,-70,23
24,-77,44
-20,-64,48
-2,-61,23
9,-62,18
14,-55,12
16,-56,11
22,-58,16
19,-59,17
18,-55,16
20,-54,15
21,-53,13
22,-54,13
21,-54,13
20,-55,12
18,-57,12
18,-58,12
17,-60,12
16,-60,13
16,-59,14
17,-59,14
17,-59,15
17,-59,15
17,-57,15
18,-58,16
19,-58,16
19,-60,16
20,-60,16
19,-57,15
19,-58,14
19,-59,14
19,-59,13
19,-58,13
19,-59,13
19,-59,12
18,-58,11
18,-59,11
18,-59,11
17,-59,11
17,-60,12
16,-58,12
16,-58,12
16,-59,12
15,-59,12
15,-59,13
15,-59,13
16,-59,14
16,-59,14
16,-59,14
16,-60,14
17,-59,14
17,-59,14
17,-59,13
17,-59,13
18,-60,13
18,-59,13
18,-59,12
18,-59,13
18,-59,13
18,-59,13
18,-59,13
18,-58,13
18,-58,13
18,-58,14
18,-59,14
18,-59,15
17,-59,15
16,-59,15
16,-60,15
16,-59,14
17,-59,14
17,-58,13
16,-59,13
18,-59,14
17,-58,14
17,-59,15
17,-58,15
16,-59,14
17,-60,14
16,-59,15
16,-59,15
16,-59,14
16,-59,15
16,-58,15
17,-59,15
17,-59,15
17,-59,15
16,-59,15
16,-58,15
16,-58,14
17,-59,15
17,-58,15
17,-59,15
17,-59,15
17,-58,15
17,-58,15
16,-59,14
17,-59,15
16,-59,15
16,-59,15
17,-59,15
17,-58,15
17,-59,15
17,-59,15
17,-59,15
17,-59,15
17,-58,15
17,-59,15
17,-59,15
17,-58,15
17,-58,15
17,-59,15
16,-59,14
16,-59,15
16,-59,15
16,-59,15
16,-59,15
16,-59,14
16,-59,14
16,-59,14
16,-59,14
16,-59,14
16,-58,14
16,-59,13
15,-60,14
16,-59,13
15,-59,13
16,-59,13
15,-59,14
15,-59,13
15,-59,13
16,-59,14
16,-59,13
16,-59,14
16,-59,14
16,-58,13
16,-59,13
15,-58,13
16,-59,13
16,-59,13
16,-60,14
16,-59,14
16,-59,14
17,-60,14
17,-61,13
17,-59,14
18,-60,15
18,-60,15
17,-60,15
17,-62,15
16,-61,14
15,-59,13
14,-60,12
14,-60,12
14,-58,11
14,-58,11
15,-56,11
16,-56,12
18,-56,14
17,-57,15
19,-60,18
18,-61,18
16,-61,17
13,-62,14
12,-62,13
10,-61,11
10,-61,10
10,-61,10
10,-62,10
9,-60,11
9,-59,13
9,-57,14
10,-57,16
12,-59,17
13,-59,18
17,-60,18
19,-59,18
18,-59,16
20,-61,16
18,-58,14
17,-57,14
17,-59,13
17,-59,13
17,-60,13
16,-59,12
16,-59,12
17,-59,12
17,-58,12
17,-58,12
17,-58,13
18,-59,13
18,-59,13
18,-60,13
17,-61,12
16,-61,12
15,-60,12
17,-58,12
18,-58,13
18,-59,13
18,-59,13
19,-60,13
19,-59,13
18,-58,13
18,-58,13
19,-58,12
19,-58,12
19,-58,12
19,-58,12
19,-57,12
19,-58,13
19,-58,13
19,-57,13
19,-57,13
19,-58,12
19,-58,12
19,-58,11
20,-59,11
19,-59,9
20,-59,9
19,-59,9
19,-58,9
20,-58,9
20,-57,9
20,-59,9
20,-61,8
20,-63,9
19,-62,9
20,-61,9
19,-61,10
18,-63,11
18,-62,11
17,-60,12
17,-59,12
16,-60,12
16,-60,11
16,-60,11
17,-60,12
20,-62,11
20,-64,12
20,-61,12
19,-54,12
20,-52,12
20,-55,13
19,-56,14
18,-56,13
19,-56,14
18,-57,14
16,-57,14
16,-58,14
16,-60,14
15,-62,14
14,-62,14
13,-61,14
13,-61,15
11,-59,14
10,-59,13
11,-58,14
12,-58,14
12,-59,14
12,-59,15
14,-59,14
14,-59,14
13,-58,15
14,-59,17
17,-61,20
17,-60,20
19,-59,17
17,-57,16
15,-58,15
11,-60,15
9,-61,15
12,-61,16
12,-60,17
14,-58,17
15,-56,17
16,-55,19
17,-54,20
18,-54,19
18,-55,19
17,-56,16
16,-57,16
16,-57,17
17,-57,18
18,-57,19
18,-55,19
19,-57,19
19,-60,18
20,-64,16
17,-63,15
14,-61,12
15,-64,12
16,-66,12
18,-67,12
17,-64,11
13,-50,10
13,-45,9
15,-49,7
17,-56,7
17,-64,6
16,-64,5
18,-62,5
19,-63,5
21,-63,8
20,-60,8
19,-57,7
18,-56,7
19,-57,9
20,-58,9
21,-59,11
22,-59,12
22,-62,13
23,-62,14
24,-60,16
24,-60,16
22,-67,15
21,-76,15
20,-72,16
17,-60,13
14,-54,10
10,-62,6
11,-68,6
11,-64,8
11,-61,10
-3,-52,22
-4,-47,20
6,-46,15
8,-48,13
13,-51,10
13,-52,9
14,-49,11
14,-48,14
16,-52,20
21,-58,24
30,-70,32
36,-66,33
34,-64,26
35,-76,23
32,-71,13
28,-71,16
19,-48,9
19,-48,7
18,-66,3
17,-72,0
15,-70,-1
15,-67,0
13,-58,0
15,-55,2
16,-55,3
18,-56,2
18,-57,2
17,-57,1
16,-56,1
18,-57,1
22,-57,2
28,-55,6
29,-53,7
36,-54,11
39,-58,12
44,-58,18
60,-64,25
70,-90,35
65,-66,30
51,-39,16
61,-37,11
70,-48,0
95,-43,-4
103,-42,-4
97,-35,-7
97,-23,-8
91,-23,-10
87,-16,-7
75,-8,-1
61,-5,-2
46,13,-5
47,14,-1
24,13,-1
22,20,-1
23,25,2
22,22,6
6,29,15
7,43,11
12,58,8
14,57,10
11,59,19
16,60,17
15,63,13
16,61,12
11,59,11
11,59,12
9,64,14
10,65,13
9,62,15
11,60,18
19,62,22
7,65,10
-1,65,9
15,66,24
11,65,24
6,68,18
6,63,21
0,46,32
0,45,27
2,52,22
-2,52,21
-7,53,21
-7,55,20
-3,60,14
3,62,12
16,58,24
11,59,23
10,63,14
19,63,18
21,59,22
25,58,28
20,59,24
15,61,20
11,60,17
15,62,17
6,61,12
4,60,7
18,59,0
19,60,1
21,67,9
18,67,9
20,67,13
22,66,12
23,66,11
18,68,6
15,67,7
11,64,9
10,63,10
21,62,10
16,61,9
13,61,12
19,61,15
26,60,21
25,58,19
11,53,15
13,53,16
29,59,13
27,61,13
13,58,16
7,55,17
23,53,19
26,52,20
21,50,17
19,52,17
19,50,15
20,50,13
21,46,15
27,45,10
28,46,4
29,42,2
30,40,3
38,37,3
42,34,3
39,30,3
42,27,7
36,26,-2
47,17,-4
61,3,1
43,3,5
53,-17,7
80,-30,3
76,-37,1
67,-36,2
60,-54,16
47,-68,30
51,-71,-2
127,-60,-45
-13,-58,6
22,-79,31
37,-71,18
25,-64,12
24,-63,12
24,-66,8
19,-70,4
19,-71,2
19,-68,2
16,-65,4
16,-62,4
11,-63,1
5,-62,-1
-1,-65,-6
7,-71,-6
4,-66,-6
0,-63,-7
9,-57,-10
13,-56,-10
12,-59,-12
26,-65,-8
29,-69,-8
18,-74,-11
10,-73,-13
13,-72,-9
20,-62,-2
22,-60,0
5,-57,-9
10,-57,-15
28,-54,-23
24,-50,-22
21,-42,-13
40,-46,-14
38,-35,-26
38,-32,-28
43,-33,-27
46,-38,-26
46,-37,-32
48,-35,-30
49,-35,-27
47,-34,-19
48,-34,-18
49,-33,-15
50,-34,-12
52,-36,-12
53,-36,-13
52,-35,-14
51,-34,-12
51,-34,-14
51,-35,-13
51,-34,-14
51,-35,-13
51,-35,-14
51,-35,-15
50,-35,-16
51,-34,-16
51,-34,-16
50,-35,-17
50,-35,-16
50,-35,-16
49,-35,-16
49,-35,-16
50,-35,-16
49,-35,-15
50,-35,-15
49,-35,-15
50,-35,-15
50,-36,-15
50,-36,-15
49,-35,-14
49,-35,-14
49,-36,-13
49,-36,-13
49,-38,-11
48,-39,-13
45,-43,-10
35,-47,-10
30,-48,-4
28,-48,-2
22,-51,3
25,-52,4
27,-59,3
43,-57,5
37,-59,-4
33,-68,-9
39,-63,1
19,-61,-7
29,-67,-9
35,-64,-7
36,-64,-9
42,-66,8
42,-61,0
27,-59,-5
25,-60,7
24,-50,2
63,-55,24
13,-51,3
16,-52,7
29,-43,6
53,-45,8
1,-40,-8
51,-40,6
6,-43,12
32,-45,18
53,-39,8
25,-35,14
38,-52,30
44,-53,31
49,-47,25
49,-46,21
47,-43,23
41,-42,25
25,-36,30
36,-19,4
16,-26,21
10,-49,30
10,-47,29
40,-50,23
47,-52,10
46,-73,27
44,-64,24
42,-60,16
38,-54,18
34,-45,19
36,-42,19
41,-40,21
42,-42,22
42,-46,23
42,-47,24
41,-46,22
40,-45,21
40,-43,20
40,-43,20
41,-44,20
41,-45,20
40,-45,18
39,-45,18
39,-45,17
39,-45,17
39,-45,17
39,-45,17
39,-45,17
40,-45,18
40,-45,19
40,-45,19
40,-45,19
40,-45,18
40,-45,19
40,-45,19
40,-45,19
40,-45,19
40,-45,19
40,-45,19
40,-45,19
40,-45,18
39,-45,18
39,-46,18
39,-45,18
39,-44,18
39,-45,18
40,-45,18
40,-46,18
39,-45,18
39,-45,19
39,-44,19
39,-45,18
39,-45,19
39,-45,18
38,-45,18
38,-44,18
38,-45,18
38,-45,18
38,-44,18
38,-45,18
38,-45,18
38,-45,17
38,-45,18
38,-44,18
38,-44,18
37,-44,18
38,-44,18
38,-44,18
38,-44,18
38,-44,18
37,-44,17
37,-43,17
37,-43,17
38,-44,18
38,-44,18
37,-43,18
37,-43,17
37,-43,17
37,-43,18
37,-43,18
38,-43,18
38,-43,18
37,-43,17
37,-43,17
37,-43,17
38,-43,17
37,-43,18
37,-43,17
37,-43,18
38,-43,18
37,-43,18
37,-43,17
37,-43,17
37,-43,17
37,-43,17
37,-43,17
37,-43,18
37,-43,18
37,-43,18
37,-43,18
37,-43,17
37,-43,17
37,-43,18
37,-43,18
37,-43,18
37,-43,18
37,-43,17
37,-43,17
37,-43,18
37,-43,18
38,-43,18
37,-43,17
37,-43,17
37,-43,18
38,-43,18
36,-43,17
36,-43,17
37,-44,17
37,-44,17
37,-43,18
37,-43,18
38,-44,18
37,-44,18
37,-43,18
37,-43,18
37,-44,18
37,-44,18
38,-44,18
37,-44,18
38,-44,18
38,-44,18
38,-45,18
38,-45,18
38,-44,18
38,-44,18
38,-45,18
39,-45,18
38,-44,18
38,-45,18
38,-44,18
38,-45,18
39,-45,18
39,-45,18
39,-45,18
39,-45,18
39,-46,18
39,-45,18
39,-45,19
39,-45,18
38,-45,18
39,-46,18
39,-46,19
39,-45,18
39,-45,18
39,-46,18
38,-46,18
39,-46,18
38,-46,18
39,-46,18
39,-46,18
39,-46,18
38,-46,18
38,-46,18
38,-46,18
38,-46,18
39,-46,18
39,-46,19
38,-46,18
39,-46,18
38,-45,18
39,-45,18
39,-46,19
39,-46,18
38,-46,18
38,-46,18
39,-46,18
38,-46,19
38,-46,18
38,-46,19
39,-45,19
39,-46,19
38,-46,18
38,-45,18
38,-46,18
39,-46,18
39,-46,18
39,-46,18
38,-46,18
39,-46,18
39,-46,18
39,-46,18
39,-46,18
39,-46,19
39,-45,19
39,-45,18
39,-45,18
39,-45,19
39,-45,18
39,-46,18
39,-46,18
39,-45,18
39,-45,18
38,-45,18
39,-46,19
40,-46,19
40,-45,19
38,-46,17
38,-46,18
39,-45,18
38,-45,17
40,-46,19
40,-46,19
39,-45,19
38,-45,18
39,-45,18
40,-45,19
40,-46,19
38,-46,18
38,-45,18
38,-46,18
38,-46,17
37,-46,17
38,-45,18
38,-45,19
39,-45,19
39,-45,19
39,-45,20
39,-45,19
39,-45,19
39,-45,19
40,-45,19
39,-45,18
39,-45,19
40,-45,19
40,-45,19
40,-45,18
39,-45,18
39,-46,18
39,-46,18
38,-45,18
39,-46,18
39,-46,18
39,-46,18
39,-46,19
39,-45,19
39,-45,18
39,-45,18
39,-45,18
39,-45,18
39,-45,18
39,-45,18
39,-46,18
39,-45,18
39,-45,18
39,-45,18
39,-45,18
39,-45,18
39,-46,18
39,-46,18
39,-45,18
39,-45,18
39,-45,19
39,-45,19
39,-46,18
40,-46,18
39,-45,18
39,-45,18
39,-45,18
39,-45,18
39,-46,18
39,-46,18
39,-45,18
39,-45,18
40,-45,19
39,-45,19
39,-45,18
39,-46,18
40,-45,20
40,-45,19
38,-46,17
38,-46,17
39,-46,18
39,-46,19
38,-45,18
39,-45,19
39,-46,19
39,-45,19
39,-45,19
38,-45,18
38,-45,18
39,-45,18
39,-45,18
40,-45,18
38,-46,20
38,-45,18
39,-46,19
40,-46,19
39,-46,18
38,-46,17
38,-46,18
39,-46,18
39,-46,18
37,-46,18
38,-46,18
40,-46,19
39,-46,18
37,-45,17
38,-45,18
40,-45,18
39,-46,19
39,-46,19
39,-46,18
39,-46,18
38,-46,18
38,-45,18
38,-45,18
39,-46,18
39,-46,19
39,-46,18
39,-45,18
39,-45,19
39,-45,18
39,-45,18
39,-46,18
39,-46,18
39,-45,18
39,-45,18
39,-45,18
39,-45,18
39,-46,18
39,-46,18
39,-45,18
39,-46,18
38,-45,18
39,-45,19
39,-45,19
39,-45,18
39,-46,18
38,-46,18
39,-46,18
39,-46,18
38,-46,18
39,-45,18
39,-46,18
39,-46,18
39,-46,18
38,-45,18
40,-45,19
39,-46,19
39,-45,19
39,-46,18
39,-46,19
40,-46,19
39,-45,18
38,-45,17
39,-45,17
39,-46,18
39,-46,18
39,-46,18
38,-45,18
39,-44,19
39,-45,19
40,-46,19
40,-47,19
38,-45,17
38,-45,17
40,-45,19
40,-45,19
39,-45,18
40,-45,18
38,-45,18
38,-45,18
39,-45,18
39,-45,19
39,-45,18
39,-45,18
38,-45,17
39,-45,18
39,-46,19
39,-45,18
39,-45,18
39,-45,18
39,-46,18
39,-46,18
39,-46,18
39,-45,18
39,-45,19
39,-45,19
39,-45,18
39,-45,18
39,-45,18
39,-45,18
39,-45,18
39,-45,18
40,-45,19
39,-46,19
39,-46,18
39,-46,18
39,-46,18
39,-46,18
39,-46,18
39,-46,18
39,-46,18
39,-46,18
39,-45,18
39,-46,18
39,-46,18
39,-46,19
39,-46,18
38,-46,18
38,-46,18
38,-45,19
39,-45,18
39,-46,18
38,-46,18
38,-46,18
38,-45,17
39,-45,18
39,-46,18
39,-46,19
38,-45,18
39,-45,19
39,-46,19
39,-46,19
39,-46,18
39,-46,19
38,-45,18
38,-45,18
39,-46,19
40,-46,19
39,-46,18
38,-46,18
38,-46,18
39,-46,18
39,-46,18
39,-46,18
38,-46,18
38,-46,19
39,-45,19
39,-46,19
38,-46,18
39,-45,19
39,-45,19
38,-46,17
38,-46,17
39,-45,19
39,-45,19
39,-46,18
39,-46,19
40,-46,20
39,-46,18
39,-45,17
39,-46,18
39,-45,18
39,-46,18
39,-45,18
39,-46,18
38,-46,18
38,-46,18
38,-45,18
39,-45,18
39,-46,18
40,-46,18
39,-46,18
38,-45,18
39,-45,18
39,-46,18
39,-46,18
38,-46,18
38,-45,17
39,-46,18
39,-45,19
38,-45,18
38,-45,18
39,-46,18
39,-46,18
39,-46,18
39,-45,18
39,-45,18
39,-46,18
39,-46,18
39,-45,18
39,-45,19
39,-45,18
39,-45,18
39,-45,18
39,-45,19
39,-46,18
39,-45,19
39,-45,18
39,-45,18
39,-45,18
39,-46,18
39,-46,18
39,-46,19
39,-45,19
39,-45,18
39,-45,18
39,-45,18
39,-45,18
39,-45,18
39,-46,18
39,-45,18
39,-45,19
40,-45,19
39,-46,18
39,-46,18
39,-46,18
40,-46,19
40,-46,19
39,-46,18
40,-46,18
40,-46,18
40,-47,18
40,-47,18
40,-46,19
40,-46,19
39,-46,19
40,-47,19
41,-47,19
40,-47,18
40,-47,18
40,-47,18
40,-47,18
40,-47,19
40,-47,19
40,-47,18
41,-47,19
41,-48,19
40,-48,19
40,-48,19
41,-48,19
41,-48,20
41,-48,19
40,-48,19
41,-48,18
40,-48,19
41,-48,19
41,-49,19
41,-48,19
41,-49,19
41,-48,19
41,-48,19
41,-48,19
40,-48,19
40,-49,18
40,-48,18
41,-49,19
40,-49,19
41,-48,19
41,-48,19
41,-49,19
41,-49,20
41,-48,20
41,-48,20
42,-48,20
41,-48,20
40,-48,18
41,-48,19
40,-49,18
40,-49,18
40,-49,18
41,-49,19
40,-49,18
41,-49,19
41,-49,19
41,-49,19
41,-48,19
41,-48,20
41,-48,19
41,-48,18
41,-48,19
41,-48,19
41,-48,19
41,-48,19
41,-47,18
41,-47,18
40,-47,19
41,-47,19
41,-47,19
40,-46,19
40,-46,19
40,-47,19
40,-47,18
40,-46,18
40,-46,18
40,-46,18
39,-46,19
39,-46,18
39,-46,18
39,-46,18
39,-45,18
39,-46,18
39,-46,18
39,-46,18
38,-45,17
39,-46,18
39,-46,18
39,-46,18
39,-45,19
39,-45,19
39,-46,18
39,-46,17
39,-46,18
39,-45,18
39,-45,18
39,-45,18
39,-46,18
39,-46,18
39,-45,18
39,-45,18
39,-45,18
39,-45,18
39,-45,18
39,-45,19
39,-45,19
39,-46,18
39,-45,18
39,-45,18
39,-45,18
39,-45,18
39,-45,18
39,-46,18
38,-45,18
39,-46,18
39,-46,18
39,-46,18
39,-46,18
39,-46,18
39,-46,17
38,-45,19
39,-45,19
39,-46,18
38,-46,17
38,-46,18
38,-46,18
39,-46,18
39,-46,18
38,-46,18
38,-46,18
39,-46,18
38,-46,18
39,-46,18
38,-46,18
39,-46,18
38,-46,18
39,-46,18
39,-46,18
39,-46,18
38,-46,18
39,-46,18
39,-46,18
39,-46,18
39,-46,18
39,-46,18
39,-46,18
38,-46,18
38,-46,18
39,-46,18
39,-46,18
38,-45,19
39,-45,18
39,-46,18
38,-46,17
39,-46,18
39,-46,18
39,-46,18
39,-46,18
39,-46,18
39,-46,18
39,-45,18
39,-46,18
39,-46,18
39,-46,18
39,-46,18
39,-46,18
39,-46,18
39,-45,18
39,-46,18
39,-45,18
39,-46,18
39,-46,18
39,-45,18
39,-46,18
39,-45,18
39,-46,18
39,-45,18
39,-46,18
39,-46,18
39,-46,17
39,-45,19
39,-45,18
39,-45,18
39,-46,18
39,-46,18
39,-46,18
39,-45,18
39,-45,18
39,-45,18
39,-46,18
39,-45,18
39,-45,18
39,-45,18
39,-45,18
39,-45,19
39,-46,18
39,-46,18
39,-45,18
39,-46,18
39,-46,18
39,-45,18
39,-46,18
39,-46,18
39,-45,18
39,-45,18
39,-46,19
39,-46,18
38,-46,18
39,-46,19
38,-46,18
38,-46,18
39,-45,19
39,-46,18
39,-46,18
39,-46,18
39,-46,18
39,-46,19
38,-45,19
40,-45,19
40,-45,19
39,-45,19
39,-45,19
39,-45,19
39,-45,19
39,-45,18
39,-45,18
38,-45,19
39,-45,19
39,-45,19
39,-45,20
39,-45,19
39,-46,19
38,-46,19
38,-46,19
38,-46,19
38,-46,19
38,-46,19
38,-46,19
38,-46,19
38,-46,19
38,-46,19
38,-46,19
38,-46,19
38,-46,18
38,-46,18
38,-46,19
39,-46,19
39,-46,19
39,-46,19
38,-45,19
38,-46,19
37,-44,19
37,-44,19
38,-45,18
39,-45,18
39,-46,18
40,-46,18
39,-45,18
39,-43,18
38,-42,17
42,-42,16
42,-42,16
44,-42,15
45,-41,14
45,-38,12
45,-39,13
47,-41,15
47,-43,16
47,-45,15
46,-44,14
45,-40,14
45,-38,12
45,-38,12
44,-39,12
46,-42,12
48,-43,12
47,-41,12
45,-40,14
47,-40,14
52,-44,14
59,-56,15
50,-58,16
43,-54,17
47,-53,15
38,-53,11
31,-52,12
23,-59,13
22,-64,13
23,-62,13
21,-53,10
21,-49,9
26,-44,13
28,-44,16
29,-47,20
28,-47,20
27,-46,20
26,-44,18
31,-41,17
32,-39,17
34,-38,19
35,-38,21
39,-41,27
43,-43,28
45,-46,25
41,-45,22
46,-42,22
49,-43,25
64,-60,28
54,-64,27
46,-72,17
42,-64,10
23,-44,0
22,-42,-2
23,-44,-3
26,-47,-1
38,-51,6
48,-50,15
47,-47,15
43,-41,11
41,-38,10
37,-38,6
39,-39,7
41,-42,8
44,-44,9
52,-43,11
55,-39,10
53,-33,13
43,-35,19
43,-44,18
41,-50,15
62,-61,10
78,-78,9
67,-59,8
26,-32,14
21,-35,17
27,-46,17
50,-67,3
42,-60,-2
23,-42,-2
18,-33,0
20,-34,4
35,-42,11
46,-44,15
49,-41,23
45,-37,23
41,-32,15
41,-29,12
38,-28,16
50,-31,19
64,-44,22
64,-45,19
50,-35,9
51,-34,9
76,-48,14
69,-51,14
48,-43,2
45,-39,-7
42,-40,-12
43,-40,-9
41,-41,1
45,-42,6
50,-39,8
48,-38,6
42,-36,2
43,-35,-3
43,-34,-3
42,-35,4
43,-37,7
46,-40,9
46,-43,11
52,-43,4
43,-44,5
48,-60,10
74,-69,7
78,-63,5
59,-54,8
38,-40,17
33,-43,17
30,-58,6
37,-62,0
24,-60,-1
21,-54,1
24,-39,3
24,-35,4
33,-36,9
41,-39,13
43,-40,22
41,-38,22
26,-34,12
30,-30,8
35,-33,10
60,-43,15
76,-48,19
68,-43,21
70,-43,17
70,-61,16
46,-55,12
28,-43,-3
36,-43,-6
38,-51,-6
35,-54,-2
49,-55,11
51,-49,15
39,-37,7
37,-32,2
32,-29,-5
31,-31,-4
33,-39,0
34,-43,1
33,-51,5
40,-54,9
55,-57,8
52,-55,5
45,-66,14
72,-70,15
73,-56,7
49,-44,7
22,-37,19
27,-47,12
40,-71,8
31,-57,7
28,-45,5
24,-27,2
22,-24,1
37,-31,7
46,-36,14
54,-41,24
49,-40,21
30,-34,10
21,-34,10
46,-38,9
63,-40,11
69,-41,10
67,-36,12
70,-36,13
84,-51,16
49,-50,8
30,-56,3
36,-54,-4
40,-56,-7
35,-53,0
40,-52,7
49,-45,14
41,-38,6
38,-34,2
34,-30,-5
34,-31,-4
32,-37,-1
31,-41,1
31,-50,6
36,-54,9
44,-59,9
45,-54,4
36,-55,8
51,-61,11
86,-74,12
69,-63,13
42,-46,20
28,-44,21
22,-64,14
30,-73,4
22,-66,-3
20,-57,0
20,-39,4
19,-35,5
27,-39,8
36,-43,11
39,-45,21
37,-43,24
29,-33,16
30,-27,15
35,-26,17
33,-27,15
35,-30,12
34,-35,11
34,-35,12
36,-36,15
41,-38,17
47,-38,24
45,-46,29
74,-94,16
59,-94,6
34,-66,-15
45,-63,-7
49,-55,-4
62,-57,10
64,-50,21
47,-43,14
32,-37,10
30,-34,10
25,-29,7
28,-28,7
31,-30,9
23,-32,5
27,-34,4
33,-36,4
36,-32,0
46,-47,-4
45,-72,-5
63,-86,34
92,-94,67
48,-83,37
28,-67,24
26,-42,10
29,-35,6
31,-30,8
27,-29,10
19,-27,8
19,-24,6
26,-20,10
32,-20,17
49,-30,29
53,-36,27
35,-45,24
28,-48,20
67,-63,10
56,-80,8
64,-94,-14
64,-81,-7
40,-53,6
40,-48,9
40,-39,3
36,-34,4
42,-29,13
44,-27,14
40,-26,11
33,-25,6
36,-26,6
46,-29,4
51,-30,6
64,-33,8
63,-35,13
68,-83,3
73,-101,9
37,-92,33
37,-104,36
46,-94,3
36,-72,-3
22,-32,-3
17,-20,0
11,-16,4
19,-22,8
29,-23,10
32,-23,12
25,-20,9
32,-32,20
94,-49,15
105,-75,35
60,-38,16
55,-60,10
38,-60,10
22,-62,-5
48,-68,-4
39,-68,-4
36,-59,2
38,-42,10
38,-36,11
34,-28,6
35,-28,5
34,-27,4
34,-28,5
32,-34,4
32,-37,2
33,-53,5
41,-62,6
53,-64,3
43,-66,4
75,-81,14
86,-78,13
33,-48,12
17,-44,15
27,-78,18
27,-84,7
20,-65,4
18,-49,2
14,-27,2
14,-26,1
19,-28,2
27,-29,8
31,-29,11
36,-26,19
38,-26,20
61,-43,34
73,-50,27
87,-70,36
89,-49,25
86,-53,17
55,-64,17
16,-44,0
17,-43,-6
43,-57,-11
39,-60,-7
44,-52,5
45,-45,9
37,-34,9
35,-30,7
32,-28,2
35,-29,3
35,-33,5
37,-36,5
34,-43,5
32,-52,11
35,-56,12
66,-55,4
53,-55,1
64,-68,13
76,-74,12
38,-54,15
20,-52,20
23,-81,18
24,-89,10
16,-71,-6
17,-57,-4
21,-36,1
21,-34,5
29,-35,12
34,-34,14
31,-28,17
26,-22,15
27,-15,15
31,-14,15
40,-21,18
39,-27,17
48,-47,18
51,-51,18
42,-42,23
30,-39,22
59,-77,3
55,-85,-12
46,-83,-18
45,-70,7
46,-58,8
62,-48,10
60,-43,12
45,-33,16
37,-31,15
32,-28,10
26,-27,10
32,-25,7
32,-26,7
40,-35,3
39,-36,2
39,-35,-1
38,-56,1
65,-89,21
66,-91,32
55,-76,30
44,-62,25
23,-37,14
24,-31,12
24,-22,8
22,-19,8
24,-12,11
27,-9,18
33,-16,21
32,-38,23
48,-54,18
79,-100,5
69,-94,1
45,-82,-9
45,-74,3
41,-53,9
45,-46,8
35,-33,6
33,-27,8
34,-19,9
37,-17,8
46,-15,7
44,-19,7
60,-28,1
63,-32,5
74,-38,23
85,-76,17
55,-90,22
26,-88,30
24,-100,37
35,-94,22
27,-53,5
21,-34,2
21,-11,1
18,-6,1
12,-9,6
23,-22,12
38,-28,13
44,-44,27
75,-52,35
87,-74,31
84,-62,25
60,-49,16
61,-64,11
39,-56,9
22,-56,3
34,-70,-6
36,-71,-11
26,-57,-3
25,-49,0
30,-37,8
29,-34,7
35,-32,4
36,-33,3
33,-34,3
33,-36,3
33,-45,3
35,-51,7
35,-57,12
40,-62,11
52,-64,8
53,-77,13
76,-77,12
50,-54,12
26,-49,18
19,-75,26
24,-85,15
16,-72,-1
14,-57,-2
14,-33,0
12,-27,1
10,-24,3
17,-26,5
32,-31,10
35,-33,16
36,-32,20
39,-31,20
70,-47,34
75,-53,28
76,-58,28
71,-46,20
76,-57,14
44,-65,16
15,-52,1
23,-53,-3
39,-62,-9
37,-60,-4
35,-52,6
33,-42,12
31,-39,9
30,-35,1
32,-36,1
30,-36,2
29,-38,3
27,-44,4
27,-49,4
41,-61,6
47,-64,3
52,-61,2
46,-64,8
81,-76,13
73,-64,10
22,-46,18
12,-54,24
27,-78,16
24,-75,3
24,-54,-1
26,-41,2
25,-26,8
19,-24,10
28,-32,13
36,-34,14
37,-37,18
33,-35,17
31,-32,12
38,-40,17
53,-45,22
60,-62,19
71,-61,24
67,-45,19
85,-51,16
45,-57,16
30,-47,7
30,-44,-2
32,-48,-6
36,-56,-2
39,-56,1
38,-54,9
38,-49,11
36,-41,4
35,-37,1
32,-35,0
32,-36,1
30,-40,2
31,-43,3
35,-50,7
39,-56,10
56,-59,6
51,-59,6
50,-67,11
76,-68,10
69,-52,7
14,-40,19
12,-48,26
35,-74,11
33,-75,-2
20,-52,-6
23,-42,-2
21,-28,4
23,-27,6
37,-33,14
47,-38,20
53,-42,27
44,-39,21
38,-33,10
39,-32,11
48,-41,14
52,-45,15
62,-51,16
60,-47,13
62,-51,7
58,-54,8
44,-46,10
43,-38,1
43,-37,-10
44,-39,-9
44,-46,-2
46,-49,7
47,-48,8
43,-39,0
40,-36,-3
39,-38,-6
37,-39,-7
37,-41,-6
36,-44,-3
33,-51,3
37,-56,5
48,-57,2
49,-54,1
49,-68,3
53,-73,2
49,-56,6
40,-53,13
27,-54,25
23,-55,19
26,-59,6
26,-59,4
24,-52,9
23,-48,11
30,-47,19
34,-50,23
35,-54,30
36,-50,32
34,-40,27
37,-36,30
35,-36,32
21,-39,41
19,-42,46
42,-37,43
48,-35,40
52,-35,39
57,-36,51
81,-32,51
93,-30,53
72,-15,43
68,-4,42
63,8,39
66,13,36
53,25,25
47,30,26
32,34,18
30,33,16
16,25,12
13,27,13
6,26,17
6,27,15
2,27,20
10,29,30
15,39,39
18,45,43
16,52,47
11,56,40
21,59,39
18,51,44
14,49,48
7,45,43
6,46,42
9,49,39
5,50,35
-1,52,35
-4,50,36
-6,42,36
-5,42,35
-3,41,30
2,37,34
0,36,38
-2,33,40
1,37,39
6,42,41
-1,51,37
-12,61,33
-11,77,36
-7,82,40
-11,88,36
-17,88,39
-3,76,41
4,58,37
3,51,35
-1,45,23
-4,45,18
-19,50,16
-19,54,24
-26,64,31
-30,70,29
-35,73,23
-31,75,21
-16,66,20
-13,61,17
-8,53,22
-4,54,24
-1,56,25
-2,55,20
13,49,29
22,44,33
22,38,32
24,38,31
33,36,29
41,36,32
39,37,31
37,40,26
48,40,26
47,38,25
45,39,22
45,43,20
46,44,16
46,42,12
46,41,13
45,43,14
49,44,18
44,41,9
48,46,14
46,47,9
46,43,8
47,45,8
47,46,7
48,48,12
50,45,16
49,45,8
47,44,7
46,44,9
46,45,8
43,45,10
42,45,12
44,45,12
45,45,13
42,40,18
43,42,20
39,42,25
47,48,28
51,40,32
29,28,32
41,32,39
41,29,44
46,36,49
40,37,47
35,36,46
18,31,50
17,32,52
9,25,54
10,27,56
1,33,57
3,30,56
-2,30,54
-4,32,54
1,31,56
0,33,55
-2,36,51
-4,35,50
-7,36,49
-7,38,50
-6,37,49
-10,38,49
-11,43,54
-9,42,56
-13,40,50
-24,41,43
-28,42,44
-25,38,46
-26,37,46
-29,37,46
-28,36,46
-32,36,44
-31,34,44
-29,34,46
-33,36,45
-54,33,35
-36,32,38
-15,26,49
7,18,57
0,21,55
-29,26,49
-21,16,55
-22,17,59
-24,16,61
-29,17,59
-26,12,60
-28,11,61
-34,11,60
-35,14,58
-40,10,53
-36,9,57
-40,10,52
-37,10,46
-36,10,49
-35,8,54
-40,8,53
-44,7,49
-41,7,50
-37,8,53
-38,7,53
-36,3,53
-39,6,52
-41,3,51
-39,6,49
-35,9,50
-36,7,52
-40,5,47
-42,7,48
-38,5,55
-42,5,53
-45,12,51
-43,7,53
-49,2,53
-45,14,53
-29,6,53
-29,14,53
-27,23,51
-34,11,43
-39,7,44
-32,22,54
-27,12,51
-36,17,51
-40,18,54
-34,10,53
-42,1,48
-34,4,58
-32,-5,57
-36,0,57
-35,2,61
-32,5,60
-34,7,59
-37,4,58
-36,4,57
-33,4,55
-32,4,55
-33,2,53
-35,16,53
-31,14,52
-30,13,51
-34,10,50
-35,9,49
-37,8,50
-37,8,51
-37,7,54
-34,7,56
-36,6,54
-35,6,54
-35,5,55
-36,7,56
-36,6,55
-37,5,52
-37,6,53
-35,7,56
-35,6,55
-34,6,53
-35,6,54
-33,6,54
-32,6,54
-34,6,53
-35,6,53
-34,7,55
-34,6,54
-34,7,55
-33,7,55
-33,7,54
-34,9,53
-32,5,46
-30,7,55
-29,4,59
-29,6,55
-33,11,55
-42,9,53
-43,8,52
-48,10,50
-39,14,51
-23,4,56
-32,3,53
-37,-1,53
-39,6,52
-31,3,53
-34,4,53
-34,4,54
-32,4,55
-33,3,55
-35,5,55
-34,4,54
-31,3,54
-34,4,54
-34,3,54
-33,4,55
-35,3,54
-33,4,53
-34,4,52
-34,5,52
-32,5,51
-33,6,54
-36,6,55
-34,6,56
-36,6,56
-36,6,56
-33,7,57
-33,7,57
-32,6,56
-31,6,55
-31,7,54
-31,7,54
-29,6,54
-29,6,53
-29,8,53
-30,7,53
-26,5,53
-26,7,55
-25,7,57
-25,7,58
-23,9,60
-24,9,61
-23,9,62
-22,9,64
-21,9,64
-21,7,64
-19,6,64
-18,5,63
-15,3,64
-15,3,64
-15,4,64
-14,2,65
-14,1,64
-13,1,65
-13,1,66
-15,2,65
-16,2,65
-17,2,64
-17,3,63
-16,4,63
-16,3,63
-15,1,63
-16,0,63
-15,-1,63
-16,-2,62
-18,-1,61
-18,-1,60
-18,-2,60
-19,-2,59
-17,-2,60
-18,-2,60
-18,-1,61
-18,-1,61
-20,-3,62
-18,-4,63
-18,-5,64
-20,-6,63
-19,-6,60
-19,-5,60
-19,-5,60
-18,-3,59
-18,-4,59
-16,-3,61
-15,-3,62
-16,-2,62
-16,-2,62
-15,-2,63
-14,-2,63
-15,-3,62
-14,-3,63
-13,-4,63
-14,-5,63
-15,-5,63
-15,-5,63
-15,-5,63
-16,-5,62
-17,-6,61
-16,-7,62
-16,-6,62
-17,-7,62
-17,-7,61
-17,-6,61
-19,-6,60
-18,-5,60
-17,-5,60
-16,-5,60
-16,-6,60
-15,-6,61
-15,-7,62
-15,-6,62
-16,-6,62
-17,-5,62
-18,-5,63
-16,-5,65
-16,-6,65
-15,-6,66
-13,-5,66
-13,-4,65
-13,-3,64
-10,-2,64
-9,-2,64
-10,-2,60
-11,0,58
-11,2,58
-11,4,58
-10,6,60
-10,6,61
-11,4,64
-10,3,66
-11,3,64
-13,5,63
-13,6,62
-13,9,63
-13,9,64
-13,8,65
-12,9,65
-11,10,65
-10,10,65
-11,7,65
-11,7,65
-14,5,63
-14,5,64
-14,5,66
-13,3,67
-12,-1,65
-13,-3,66
-12,-6,68
-11,-6,66
-13,-6,61
-14,-5,59
-13,-5,57
-14,-5,57
-13,-4,61
-14,-3,62
-16,-4,61
-15,-3,60
-15,-1,60
-19,0,58
-19,0,58
-14,0,59
-14,1,59
-18,1,58
-16,1,57
-12,1,60
-14,1,60
-15,-1,59
-14,-1,60
-13,0,61
-16,1,59
-18,0,55
-12,1,56
-4,1,54
-3,-1,50
1,-6,40
8,-10,37
28,-15,35
33,-16,37
38,-18,49
39,-18,48
52,-22,46
51,-25,43
67,-29,47
63,-29,47
63,-36,42
85,-35,37
79,-46,32
77,-25,38
68,-26,31
54,-18,15
53,-18,13
52,-24,13
53,-25,10
52,-36,7
47,-36,6
46,-38,12
58,-40,14
52,-44,17
42,-44,10
39,-49,10
33,-47,7
54,-50,0
50,-50,0
58,-42,-1
43,-42,-9
52,-41,1
46,-39,-3
57,-43,4
67,-41,3
73,-47,7
63,-43,5
31,-34,-1
28,-39,2
18,-44,17
31,-44,35
55,-38,36
36,-30,19
29,-29,15
23,-29,17
27,-28,28
41,-42,33
52,-43,31
40,-43,30
29,-43,17
46,-34,16
63,-30,-10
48,-20,-3
68,-32,-2
79,-25,17
70,-33,10
44,-29,15
30,-25,-1
49,-27,21
44,-40,40
76,-38,19
34,-42,10
36,-47,11
47,-52,16
50,-52,17
36,-35,12
45,-32,12
43,-33,10
47,-34,10
48,-36,9
52,-37,12
51,-44,18
56,-50,21
55,-45,24
50,-39,20
50,-32,13
59,-31,22
48,-25,20
47,-25,23
41,-25,35
38,-27,24
23,-32,23
27,-44,35
31,-51,23
36,-51,15
45,-54,24
45,-54,28
32,-46,18
35,-42,10
49,-46,20
44,-46,21
45,-45,20
44,-45,22
41,-44,22
41,-42,20
41,-41,20
43,-39,21
41,-39,22
42,-40,21
39,-39,20
36,-42,21
35,-44,22
42,-42,21
49,-40,24
47,-42,31
46,-41,29
36,-38,22
32,-37,21
38,-37,21
43,-37,20
48,-39,23
46,-38,21
43,-33,21
49,-32,22
50,-34,19
46,-36,15
47,-34,16
51,-31,17
49,-32,16
53,-38,12
55,-42,13
49,-49,14
53,-52,11
62,-49,10
60,-48,10
40,-42,11
32,-39,12
30,-40,8
36,-38,7
51,-36,6
55,-36,3
60,-34,7
57,-37,7
38,-49,8
38,-51,7
50,-45,7
45,-34,12
42,-30,10
42,-29,6
44,-37,4
50,-43,7
54,-47,15
54,-46,15
50,-42,8
40,-41,11
40,-43,11
50,-50,9
47,-54,8
46,-49,4
46,-47,5
46,-45,11
47,-44,15
45,-43,17
42,-42,15
36,-39,9
33,-40,8
32,-44,10
33,-46,12
40,-53,17
41,-55,18
41,-55,21
40,-53,21
34,-47,16
34,-46,15
31,-46,15
29,-47,14
27,-48,13
34,-48,13
34,-46,16
34,-42,19
37,-42,19
43,-41,19
44,-42,20
38,-46,19
35,-47,18
45,-45,20
46,-43,19
46,-41,17
51,-47,17
42,-59,20
41,-60,16
33,-55,10
36,-51,10
44,-46,9
44,-46,10
40,-48,12
39,-47,11
39,-44,7
40,-42,4
41,-40,-1
45,-41,1
50,-43,10
48,-43,13
40,-41,10
36,-45,8
40,-48,7
62,-46,13
58,-42,14
43,-37,10
42,-40,11
50,-47,20
53,-46,18
50,-45,17
50,-46,16
45,-47,16
46,-46,16
46,-45,24
44,-44,27
42,-48,19
44,-49,15
42,-45,23
38,-40,22
43,-40,21
54,-39,22
41,-39,19
43,-34,24
52,-34,28
41,-31,17
33,-23,10
8,-20,-13
25,-45,40
39,-51,25
69,-56,14
43,-47,5
16,-41,0
42,-35,6
52,-30,12
36,-25,14
36,-33,13
69,-38,18
57,-58,17
30,-39,6
37,-36,5
43,-37,3
30,-36,3
40,-41,2
47,-53,0
50,-73,5
58,-63,10
44,-49,12
42,-40,7
39,-45,8
44,-44,8
51,-37,-4
60,-43,-3
68,-52,0
62,-46,2
52,-42,7
42,-34,13
40,-32,12
39,-30,4
42,-30,2
55,-30,0
61,-33,0
62,-42,-5
59,-44,-6
54,-40,-5
53,-36,-3
49,-29,-1
49,-27,-1
52,-27,-1
55,-28,-2
58,-30,-2
57,-30,-2
49,-29,-1
49,-27,-1
52,-27,-1
55,-28,-2
58,-30,-2
57,-30,-2
51,-30,1
52,-30,2
60,-27,0
60,-25,1
49,-27,5
49,-30,5
56,-32,1
58,-33,1
55,-37,3
51,-42,8
54,-46,8
62,-50,7
55,-48,6
38,-38,7
39,-34,9
42,-35,11
47,-39,12
51,-44,11
49,-44,11
45,-39,13
45,-35,15
42,-30,16
45,-30,15
50,-31,13
48,-32,13
46,-33,13
46,-34,13
52,-34,13
54,-34,11
52,-33,8
51,-31,8
55,-28,11
57,-26,11
57,-26,11
57,-28,12
61,-36,9
57,-47,12
58,-51,12
47,-44,8
40,-35,11
53,-28,10
59,-30,11
50,-35,7
46,-36,4
46,-35,-1
47,-34,-1
52,-35,-2
55,-36,-3
52,-36,-4
48,-35,-4
44,-33,-4
51,-34,-2
63,-38,-2
61,-40,-4
51,-34,-3
52,-30,-2
53,-27,1
55,-27,2
56,-29,0
55,-31,0
58,-30,-2
58,-30,1
52,-29,2
55,-30,1
56,-36,0
54,-41,-4
52,-40,-6
66,-37,-3
67,-35,-1
54,-34,1
47,-34,2
39,-30,5
38,-30,7
46,-34,14
55,-38,15
66,-46,9
69,-47,12
51,-39,14
41,-32,11
40,-22,16
43,-19,17
51,-22,15
51,-26,13
51,-34,13
50,-34,12
47,-30,13
47,-28,13
59,-29,15
60,-31,11
49,-36,6
54,-32,10
57,-29,10
57,-23,9
56,-21,10
55,-22,13
58,-25,14
62,-36,12
60,-41,10
57,-50,10
57,-48,9
43,-36,8
50,-32,8
52,-34,5
46,-33,2
48,-34,-2
52,-35,-3
48,-35,-3
49,-35,-3
52,-36,-3
53,-36,-4
48,-33,-5
47,-31,-5
48,-32,-2
55,-36,-2
63,-42,-5
55,-36,-3
52,-32,-2
53,-28,2
53,-28,3
53,-31,-1
55,-34,-3
59,-35,-3
55,-34,0
48,-32,1
51,-31,1
56,-36,-1
55,-39,-2
50,-39,-6
51,-39,-5
58,-34,-3
57,-32,-1
56,-37,2
55,-41,1
52,-43,-1
51,-42,-1
46,-41,5
43,-40,7
41,-40,10
45,-41,10
50,-43,10
51,-42,9
49,-38,9
47,-33,12
45,-32,15
43,-30,14
46,-30,14
52,-30,13
51,-30,14
48,-31,14
48,-31,13
50,-32,11
53,-32,11
54,-32,9
53,-30,9
55,-28,11
55,-27,11
55,-25,12
55,-25,14
57,-27,14
58,-29,14
63,-43,11
62,-51,7
48,-45,13
43,-35,12
57,-30,8
58,-33,4
47,-39,6
41,-38,4
47,-34,1
49,-33,-2
51,-35,-3
52,-37,-5
51,-37,-5
49,-34,-8
46,-32,-7
49,-35,-4
58,-38,-3
60,-41,-7
56,-37,-5
52,-31,-2
52,-29,-1
52,-30,1
54,-31,1
58,-33,0
57,-34,1
54,-34,-2
53,-33,0
53,-30,1
54,-30,0
57,-28,-1
58,-27,-1
56,-26,-2
52,-35,0
54,-39,-2
54,-38,-4
58,-36,-3
57,-34,1
55,-34,2
51,-34,1
50,-36,0
47,-42,-1
46,-44,1
45,-48,6
50,-50,7
55,-47,8
49,-44,5
43,-38,7
42,-34,8
42,-32,9
44,-33,9
46,-35,9
48,-35,9
49,-34,9
47,-32,8
46,-29,10
51,-28,10
56,-28,9
56,-30,9
53,-31,9
54,-31,9
59,-29,9
67,-35,5
64,-38,5
56,-42,8
50,-38,5
46,-34,-6
53,-36,-6
54,-35,-6
53,-32,-7
51,-28,-6
51,-26,-5
53,-25,-5
53,-28,-7
55,-31,-11
55,-31,-12
47,-32,-10
47,-34,-10
61,-36,-9
66,-35,-11
54,-32,-11
49,-30,-11
54,-28,-9
58,-30,-9
53,-33,-10
52,-31,-10
59,-26,-6
59,-25,-6
58,-24,-4
56,-27,-5
54,-32,-6
53,-40,-11
56,-41,-8
59,-31,-1
65,-32,1
64,-42,1
54,-46,1
37,-49,3
37,-48,4
50,-42,5
49,-40,5
43,-37,7
42,-36,9
40,-34,10
40,-33,11
47,-34,11
51,-35,10
47,-35,13
43,-33,11
43,-28,11
46,-28,12
58,-33,15
61,-35,11
54,-36,6
53,-32,10
56,-23,11
65,-18,13
68,-21,9
58,-34,13
50,-39,12
58,-44,13
57,-43,11
51,-40,4
47,-36,2
46,-31,1
49,-29,-2
53,-28,-5
55,-28,-5
55,-30,-7
55,-33,-8
52,-35,-7
51,-35,-5
52,-31,-2
51,-30,-2
53,-30,-1
53,-32,0
59,-36,-2
62,-35,-2
56,-31,-1
53,-27,-2
53,-27,-3
55,-27,-6
54,-27,-2
50,-28,0
53,-29,1
56,-38,1
55,-40,-3
51,-37,-6
52,-36,-4
64,-38,1
69,-44,-1
55,-48,0
44,-46,2
36,-42,8
40,-41,10
51,-43,8
50,-44,8
44,-42,10
44,-39,10
46,-32,10
45,-30,10
45,-30,12
46,-32,12
49,-34,12
49,-33,12
46,-30,12
48,-30,12
52,-33,13
54,-34,11
53,-36,8
51,-34,10
52,-32,10
53,-28,9
54,-26,10
56,-26,13
59,-28,14
61,-35,14
58,-40,14
59,-49,12
59,-50,11
44,-37,9
46,-33,7
48,-34,5
44,-35,2
48,-35,-2
56,-35,-3
55,-36,-4
50,-37,-4
48,-38,-3
50,-37,-2
51,-32,-2
51,-30,-2
50,-31,1
58,-38,0
59,-40,-2
56,-37,-2
55,-34,0
53,-28,2
53,-26,1
55,-31,-2
57,-33,-3
55,-32,0
52,-30,1
52,-31,2
53,-35,2
52,-36,-2
52,-35,-2
53,-33,1
55,-35,3
63,-45,1
62,-50,0
47,-46,5
41,-43,7
46,-36,14
51,-35,12
50,-39,9
46,-38,11
44,-35,13
45,-33,13
45,-32,13
47,-34,12
49,-35,11
47,-34,11
47,-33,12
48,-33,11
51,-34,11
56,-34,12
53,-34,10
48,-32,9
50,-31,10
54,-28,12
57,-27,12
57,-25,13
56,-27,13
57,-30,13
57,-33,13
58,-46,10
62,-51,9
45,-44,6
43,-38,4
52,-35,3
50,-36,1
48,-35,-1
50,-34,-3
51,-33,-5
50,-32,-5
51,-33,-4
52,-33,-4
51,-34,-5
53,-32,-3
56,-30,-2
53,-30,-3
52,-31,-2
54,-35,-1
56,-37,-2
60,-38,-1
57,-36,-1
50,-31,-1
51,-30,-2
53,-34,-6
57,-35,-6
52,-32,-2
50,-31,-1
54,-31,-1
54,-34,-2
53,-39,-4
54,-36,-6
60,-34,-5
60,-33,-2
52,-33,-1
51,-33,-1
55,-38,-2
53,-41,-2
45,-47,4
45,-48,7
58,-45,7
51,-42,5
43,-40,6
41,-33,9
43,-32,9
45,-31,11
46,-32,11
48,-34,10
49,-35,10
48,-33,10
45,-32,10
46,-32,12
49,-33,11
54,-34,10
54,-35,9
50,-36,9
50,-34,8
54,-27,9
56,-25,9
58,-22,12
59,-22,12
63,-30,11
60,-37,9
55,-51,10
59,-53,9
48,-38,10
45,-31,7
57,-31,4
44,-32,2
43,-31,0
56,-33,-4
55,-33,-6
51,-35,-6
51,-36,-7
51,-36,-7
50,-35,-6
49,-32,-6
50,-31,-5
52,-32,-5
51,-34,-6
51,-38,-6
53,-40,-5
60,-40,-2
57,-38,-1
49,-34,-1
51,-33,-5
58,-31,-6
54,-30,-1
48,-28,1
52,-26,1
57,-33,0
57,-40,-6
56,-41,-5
61,-40,0
70,-43,0
59,-48,0
44,-46,-1
29,-40,3
29,-39,6
42,-43,6
47,-46,6
45,-50,7
42,-50,7
47,-45,6
48,-42,9
39,-37,10
38,-34,8
45,-32,10
48,-32,11
47,-33,10
44,-33,11
46,-34,12
50,-34,11
53,-34,11
51,-34,9
53,-33,9
55,-32,10
60,-29,11
66,-35,5
61,-40,10
51,-44,10
45,-38,13
47,-34,10
56,-39,8
53,-43,3
50,-43,3
50,-38,0
49,-36,-1
47,-34,-7
49,-34,-10
55,-35,-10
55,-35,-10
51,-35,-8
52,-36,-6
53,-35,-2
50,-32,-1
49,-30,1
53,-32,1
57,-37,2
55,-37,2
63,-38,2
65,-39,2
57,-37,0
53,-37,-3
54,-34,6
44,-29,13
52,-30,12
72,-34,19
62,-38,21
56,-37,19
61,-33,19
57,-25,17
58,-17,11
72,-13,10
70,-9,11
57,-12,25
53,-12,31
60,-8,41
72,-3,44
76,1,50
71,4,48
62,7,44
53,10,42
43,19,44
36,22,45
32,28,42
29,29,41
14,30,39
13,29,40
3,27,40
-1,28,39
-14,22,37
-19,23,33
-21,34,34
-22,37,32
-23,40,28
-30,45,20
-34,47,17
-38,52,9
-39,55,6
-37,55,9
-36,53,14
-39,54,17
-42,56,16
-38,55,22
-37,54,20
-31,51,14
-28,51,10
-24,51,10
-25,52,12
-32,56,13
-35,56,14
-36,57,10
-34,57,10
-30,55,9
-28,54,10
-32,53,10
-34,55,6
-36,55,4
-32,54,4
-27,55,6
-26,58,7
-25,57,10
-25,51,9
-27,52,10
-21,53,14
-18,53,18
-13,55,29
-18,59,27
-8,63,22
10,66,34
9,78,42
8,81,43
0,76,44
1,75,43
-14,65,35
-22,60,30
-22,51,33
-20,48,30
-30,34,27
-32,33,28
-35,33,25
-37,31,23
-44,33,24
-41,37,21
-43,36,19
-50,36,19
-47,37,22
-35,45,25
-45,45,21
-45,44,27
-42,47,24
-37,48,17
-39,47,17
-31,46,31
-31,45,33
-41,43,30
-49,42,27
-45,41,28
-40,44,28
-51,46,17
-55,45,15
-49,39,18
-47,38,22
-46,42,24
-50,41,22
-43,39,24
-39,38,24
-39,38,21
-35,38,24
-36,49,16
-38,56,11
-38,58,14
-36,58,24
-38,57,23
-37,54,23
-36,54,24
-36,51,18
-42,47,15
-37,45,21
-37,44,21
-37,44,20
-36,45,23
-35,45,31
-35,47,33
-38,39,29
-40,42,29
-48,41,28
-42,40,36
-41,40,38
-39,37,39
-33,39,36
-35,40,34
-35,47,35
-35,48,35
-30,48,37
-31,47,36
-27,45,36
-23,41,47
-24,43,44
-36,40,33
-42,38,36
-36,39,46
-36,35,48
-42,33,36
-41,34,30
-44,33,32
-39,35,35
-47,33,29
-46,32,33
-40,31,34
-40,30,35
-45,31,35
-47,31,31
-40,31,37
-37,33,39
-38,31,36
-35,32,36
-34,39,38
-35,42,36
-34,44,43
-32,43,45
-28,50,39
-31,49,35
-34,47,37
-30,44,36
-26,47,37
-20,54,36
-27,56,26
-22,53,38
-22,52,40
-11,51,43
-21,47,38
-14,52,33
-13,52,30
-33,47,27
-29,50,31
-28,53,32
-34,51,30
-33,51,29
-31,49,28
-28,47,33
-28,45,31
-32,46,21
-29,45,25
-22,46,39
-29,45,36
-27,48,32
-21,51,36
-29,53,33
-26,53,32
-21,56,35
-17,52,39
-22,50,37
-21,52,33
-21,54,31
-26,61,28
-24,59,36
-21,52,40
-20,52,36
-38,44,38
-33,43,45
-25,41,46
-26,42,39
-37,41,26
-36,40,26
-35,32,38
-28,33,45
-37,38,39
-35,37,42
-37,36,46
-34,38,44
-33,40,29
-32,39,22
-33,29,31
-31,25,31
-25,24,19
-22,29,14
-15,30,14
4,28,21
14,29,27
20,33,20
34,35,20
42,33,29
43,33,33
68,33,40
77,33,48
71,27,57
70,28,56
88,21,62
71,17,61
53,21,55
54,18,50
63,11,48
66,6,47
64,1,38
60,2,31
51,4,22
48,4,19
47,3,18
53,2,18
61,0,17
61,1,17
73,12,29
74,20,34
86,31,43
86,31,42
90,31,43
90,37,44
84,40,41
51,32,29
44,33,28
34,41,26
34,38,28
16,33,25
9,31,18
0,34,13
2,29,19
-3,31,22
-6,37,19
-12,39,25
-26,38,27
1,47,46
-5,51,26
-9,40,28
-5,35,32
3,21,50
-4,22,50
-16,11,29
-27,5,33
-18,4,34
7,4,45
26,6,51
43,12,45
47,12,40
91,4,56
113,5,59
86,17,45
73,26,40
57,28,27
58,22,29
74,14,41
71,8,39
65,12,21
68,12,17
68,-1,21
77,-3,38
60,-2,17
70,-7,19
59,-18,24
64,-18,27
63,-14,23
61,-13,24
64,-10,23
61,-10,20
53,-6,21
59,-9,20
58,-11,21
61,-9,15
60,-9,17
59,-8,10
55,-13,9
70,-20,17
67,-21,13
57,-17,8
60,-17,8
66,-13,3
60,-10,-2
60,-11,1
64,-11,4
52,-14,7
52,-17,10
59,-20,14
57,-20,10
60,-17,19
71,-19,17
63,-18,5
60,-17,6
68,-12,9
63,-13,2
59,-9,1
59,-8,5
63,-5,9
60,-6,10
63,-7,9
62,-3,10
65,-2,10
62,5,9
65,7,10
68,9,7
74,12,4
69,11,-6
71,2,-8
82,-2,5
80,-3,3
69,-11,-7
76,-10,-6
42,-3,2
37,-11,11
65,0,19
78,-12,19
56,-21,20
51,-22,15
59,-22,19
68,-27,30
42,-20,37
39,-17,28
47,-11,32
54,-1,38
61,5,31
55,11,18
58,7,24
51,5,28
45,5,27
66,4,26
76,0,29
55,0,26
59,-1,25
61,-4,23
50,0,24
52,-2,26
61,-1,25
62,0,28
49,-5,29
60,-1,26
70,-1,28
54,-3,26
56,-4,24
65,-7,25
62,-8,26
63,-13,18
57,-13,17
69,-10,17
61,-8,18
53,-8,13
49,-7,17
66,-3,20
54,-4,20
55,-4,15
63,-5,13
63,-5,13
54,-6,13
54,-8,14
52,-9,13
56,-9,12
61,-11,12
61,-8,14
69,-3,18
65,-3,19
54,-5,19
57,-6,16
70,-6,9
69,-7,8
66,-7,8
62,-8,10
61,-7,8
64,-6,7
61,-3,11
59,-1,11
68,6,8
67,6,8
62,3,11
58,1,14
61,1,11
59,2,13
59,1,13
66,2,12
67,0,12
63,0,13
63,1,13
62,1,16
59,1,16
63,4,14
65,4,13
61,2,12
65,3,12
62,2,14
56,2,16
55,2,19
56,1,20
63,-3,14
64,-6,13
62,-11,17
59,-13,18
64,-12,21
62,-11,22
55,-8,23
55,-7,21
59,-5,19
55,-6,19
56,-7,20
58,-7,22
56,-8,22
56,-8,23
58,-7,23
56,-6,23
56,-5,23
58,-7,22
58,-8,21
58,-8,21
61,-8,20
59,-10,17
57,-9,17
65,-8,22
68,-6,21
65,-7,14
66,-8,14
61,-8,15
56,-6,15
65,-6,15
68,-9,16
59,-12,14
58,-11,14
64,-7,13
63,-4,14
60,2,16
56,4,13
60,4,13
57,0,16
56,-4,19
61,-11,22
65,-12,19
55,-8,20
52,-6,18
63,-3,17
66,-3,20
57,-1,25
53,0,25
58,0,21
59,2,19
59,-2,23
60,-3,23
66,-5,26
67,-7,26
57,-9,23
56,-7,24
53,-4,21
53,-4,21
55,-4,22
56,-5,21
60,-8,19
58,-9,21
55,-10,24
55,-10,26
54,-10,29
51,-7,29
53,-6,26
59,-6,21
64,-7,21
57,-11,25
55,-12,26
61,-10,25
67,-9,23
60,-8,24
58,-7,24
55,-5,25
58,-4,25
62,-4,21
62,-6,19
61,-5,22
58,-4,23
67,-4,27
63,-3,23
63,-3,14
63,-2,15
57,-2,18
55,-1,17
59,0,17
61,0,17
61,-2,19
62,-4,18
61,-5,19
58,-6,20
58,-5,20
61,-3,19
61,-2,20
60,-4,21
59,-6,20
60,-3,18
61,-2,18
62,-2,22
60,-3,23
55,-3,22
56,-1,22
58,-1,22
57,-2,21
60,-3,22
60,-4,24
57,-6,26
58,-7,26
54,-8,25
58,-8,25
62,-5,21
62,-1,18
58,-2,18
57,-2,25
54,-4,29
53,-11,28
55,-13,25
57,-14,22
57,-12,20
58,-9,21
58,-9,25
49,-12,36
47,-15,37
48,-16,28
53,-15,25
62,-15,24
65,-15,26
54,-17,26
56,-15,26
60,-15,28
56,-16,28
53,-11,28
53,-7,26
58,-8,24
58,-9,24
60,-11,25
59,-11,25
71,-10,26
56,-10,26
60,-2,36
62,-2,20
58,-4,16
56,-3,19
54,-6,20
60,-10,18
60,-10,17
60,-8,20
61,-5,24
59,-2,25
58,-1,24
59,-1,21
60,-3,21
59,-5,18
58,-6,17
56,-8,18
57,-8,17
59,-8,19
57,-8,21
61,-8,23
63,-8,22
56,-7,25
55,-5,26
58,-4,23
57,-5,24
53,-6,24
52,-6,24
62,-5,24
62,-7,23
58,-8,23
61,-6,24
62,-7,25
58,-7,22
56,-7,22
53,-11,26
53,-12,28
55,-15,28
55,-15,26
53,-12,23
53,-11,22
56,-9,25
56,-9,27
55,-10,28
57,-9,28
56,-10,28
57,-9,28
62,-8,26
62,-8,25
59,-10,24
58,-11,24
55,-11,25
53,-14,23
54,-14,23
55,-11,24
58,-5,24
60,-3,23
62,1,24
67,2,27
62,1,25
60,-1,15
62,-2,14
56,-7,17
55,-7,18
54,-9,20
55,-9,20
64,-7,22
64,-8,23
64,-8,22
62,-8,22
58,-8,21
58,-9,21
59,-8,19
58,-9,18
58,-9,17
58,-9,19
60,-9,19
65,-9,19
59,-9,22
58,-8,22
56,-7,23
55,-7,22
58,-10,21
56,-12,21
56,-12,20
58,-13,20
57,-13,20
57,-13,22
58,-11,22
64,-9,24
60,-10,21
59,-12,17
57,-15,20
53,-15,24
52,-14,24
54,-12,21
54,-11,20
53,-11,19
54,-11,19
58,-10,22
56,-11,21
62,-15,20
64,-18,20
63,-15,22
59,-14,22
56,-12,26
56,-12,27
60,-10,26
62,-9,17
62,-11,14
58,-15,14
57,-13,16
57,-8,21
58,-7,20
60,-3,18
66,-2,17
65,-5,19
59,-5,22
62,-4,27
63,-2,26
56,-4,21
57,-6,18
60,-9,17
58,-11,16
59,-17,18
59,-18,18
57,-18,21
54,-17,21
58,-18,16
62,-20,18
56,-18,18
53,-17,19
54,-18,22
59,-18,22
60,-17,23
57,-17,23
58,-19,23
55,-16,24
55,-15,22
54,-17,18
55,-18,18
56,-17,18
55,-17,20
53,-15,21
53,-13,22
54,-13,23
53,-14,23
52,-16,25
52,-17,26
65,-21,32
64,-21,30
54,-24,23
54,-25,22
55,-23,19
49,-25,16
47,-25,15
49,-24,16
55,-20,19
61,-17,20
66,-20,21
55,-22,22
54,-23,23
54,-21,24
51,-16,20
61,-8,17
66,-8,16
63,-14,18
60,-16,20
58,-18,22
57,-16,21
57,-11,18
57,-10,18
59,-10,22
58,-13,21
57,-18,21
58,-20,20
58,-21,15
58,-19,13
58,-18,22
63,-20,30
57,-21,22
59,-20,19
61,-20,14
58,-21,13
49,-21,14
48,-21,13
52,-21,14
52,-22,13
55,-22,15
57,-24,20
60,-23,19
56,-21,20
54,-18,20
52,-15,20
51,-16,18
58,-17,14
65,-19,11
56,-20,9
49,-17,11
56,-14,16
59,-14,16
60,-16,13
57,-17,11
67,-19,8
66,-19,8
59,-16,8
59,-16,12
68,-15,14
67,-15,13
63,-13,8
66,-10,9
68,-10,6
63,-9,1
59,-9,0
58,-11,2
60,-12,4
58,-15,6
55,-18,9
97,-8,3
62,-7,4
63,-9,8
61,-8,9
61,-5,9
62,-5,8
62,-8,6
62,-9,6
63,-10,7
64,-11,7
63,-9,8
61,-8,9
59,-6,11
58,-7,11
59,-11,12
59,-13,12
60,-14,12
65,-15,14
63,-16,11
66,-17,9
62,-17,9
61,-15,9
33,-18,10
48,-20,10
87,-12,24
41,-22,14
54,-20,13
59,-16,8
52,-18,7
51,-21,12
55,-22,13
55,-23,12
57,-22,14
61,-20,15
60,-18,13
61,-17,13
62,-16,13
60,-13,12
58,-13,13
55,-11,15
58,-11,15
61,-12,11
63,-14,11
61,-12,11
60,-10,10
67,-6,11
68,-6,11
61,-5,13
63,-4,13
66,-6,14
65,-13,11
61,-14,11
56,-15,14
57,-15,14
57,-16,12
59,-16,11
59,-14,9
60,-15,11
67,-14,15
67,-14,16
60,-16,18
60,-15,17
61,-14,16
60,-15,16
56,-19,17
49,-19,18
53,-18,20
55,-18,21
60,-16,19
59,-16,19
54,-16,20
56,-16,20
55,-15,21
53,-15,21
54,-16,19
55,-17,19
53,-17,19
53,-16,20
54,-15,20
59,-16,21
62,-17,22
64,-19,20
65,-19,19
62,-18,16
59,-18,14
57,-18,15
57,-17,15
57,-15,13
57,-16,11
60,-16,12
63,-16,12
66,-14,13
64,-15,14
63,-14,14
62,-13,16
56,-11,18
55,-9,16
57,-9,14
59,-8,13
59,-9,13
59,-10,14
58,-11,16
59,-12,17
60,-12,17
60,-11,18
62,-10,18
65,-10,21
59,-9,23
61,-15,24
72,-18,22
58,-24,17
51,-22,18
51,-21,22
52,-20,21
52,-16,18
52,-14,17
55,-17,22
55,-18,24
54,-19,28
56,-18,28
54,-15,25
54,-14,23
53,-13,22
53,-13,22
53,-13,22
53,-14,23
55,-17,25
55,-17,25
54,-16,23
59,-15,22
63,-15,22
63,-17,20
58,-17,20
55,-13,20
55,-11,20
65,-13,24
71,-16,24
67,-21,12
68,-22,9
66,-20,10
61,-19,11
52,-17,14
53,-14,13
53,-7,10
56,-6,10
58,-5,12
59,-7,12
63,-15,11
63,-18,12
59,-18,14
58,-16,14
60,-13,15
58,-11,15
58,-10,13
59,-9,12
61,-9,17
65,-8,14
65,-6,13
60,-1,14
56,-1,14
58,-8,17
65,-17,17
70,-27,18
67,-27,19
55,-23,20
55,-19,19
54,-14,17
49,-12,16
50,-11,17
53,-12,19
62,-14,25
61,-15,24
57,-17,20
54,-16,20
51,-16,21
48,-16,22
49,-18,24
51,-19,24
57,-18,22
57,-18,20
61,-17,18
63,-17,17
61,-20,20
55,-20,22
54,-18,23
53,-14,22
55,-13,22
66,-15,24
68,-17,25
67,-20,13
65,-19,8
61,-17,6
59,-16,8
54,-16,11
52,-18,12
58,-13,14
60,-10,15
64,-6,14
65,-7,13
62,-8,12
61,-8,13
58,-9,12
58,-8,13
59,-7,12
60,-7,13
59,-8,14
59,-8,15
61,-8,15
61,-7,17
61,-7,17
61,-7,17
60,-6,18
59,-4,18
60,-5,18
67,-10,19
69,-15,17
66,-21,17
61,-20,18
55,-17,20
52,-16,19
50,-14,17
50,-15,17
53,-15,17
55,-15,19
60,-17,23
60,-17,23
58,-17,19
57,-15,18
55,-14,18
53,-14,19
52,-16,22
53,-17,22
54,-19,22
54,-17,21
56,-12,20
61,-11,18
65,-11,17
65,-14,18
65,-14,20
68,-10,26
62,-8,22
64,-13,12
68,-13,10
64,-15,10
57,-15,9
54,-19,9
54,-18,9
58,-12,10
60,-9,11
65,-4,13
64,-5,12
61,-8,10
60,-9,10
58,-9,11
58,-9,11
60,-11,12
61,-13,13
61,-13,15
60,-13,16
58,-11,17
59,-10,16
63,-10,15
63,-7,16
60,-6,17
57,-6,17
59,-7,17
60,-13,18
55,-17,19
60,-17,19
61,-17,18
60,-18,18
60,-22,19
56,-23,17
55,-21,15
51,-18,14
50,-18,14
56,-16,19
57,-17,21
59,-19,23
60,-19,22
57,-17,20
56,-16,20
53,-15,19
53,-14,19
54,-13,19
54,-13,18
57,-12,18
58,-12,17
62,-13,17
60,-12,17
64,-12,20
76,-12,21
75,-15,13
70,-15,5
64,-16,5
52,-16,5
50,-16,8
52,-12,10
56,-11,10
63,-7,8
65,-6,7
65,-6,8
65,-6,8
62,-7,9
60,-7,9
58,-6,8
59,-5,8
61,-5,9
61,-5,10
61,-4,10
61,-3,11
61,-2,11
61,-1,11
61,-3,10
62,-3,11
61,-3,11
62,-5,14
63,-6,15
64,-6,14
65,-15,13
66,-21,17
63,-23,18
55,-21,16
53,-19,16
54,-18,17
54,-18,17
57,-19,18
59,-18,18
59,-16,19
57,-14,19
57,-12,17
56,-13,17
56,-14,20
57,-14,20
57,-15,20
57,-13,20
54,-11,19
54,-12,20
53,-13,20
54,-14,18
55,-14,18
60,-14,23
62,-17,23
70,-18,16
75,-18,13
73,-20,10
64,-21,9
52,-19,10
48,-18,10
50,-15,11
54,-15,11
64,-13,11
67,-12,10
66,-10,8
64,-8,8
60,-7,8
58,-6,9
58,-6,10
59,-6,10
61,-7,10
61,-7,11
61,-8,11
61,-8,11
60,-5,10
62,-2,11
63,1,13
60,1,12
60,1,11
64,-3,13
66,-5,14
68,-4,15
69,-10,15
69,-9,19
65,-10,18
59,-9,14
58,-10,13
50,-15,14
49,-16,16
55,-16,23
58,-15,26
58,-14,25
58,-13,23
58,-10,19
57,-9,18
58,-10,20
57,-11,21
56,-14,23
55,-14,23
55,-16,22
56,-16,22
56,-15,22
54,-15,22
56,-13,22
56,-12,22
54,-10,21
55,-8,22
59,-10,26
64,-16,28
71,-17,23
76,-11,14
72,-12,12
53,-14,9
48,-14,9
47,-11,11
52,-10,12
63,-10,13
65,-10,14
69,-11,15
70,-11,13
62,-10,12
61,-8,14
57,-7,15
55,-5,15
55,-5,12
58,-8,10
61,-6,10
62,-5,12
61,-5,14
60,-3,15
59,0,15
59,2,15
61,4,12
65,1,15
70,-4,17
71,-9,20
73,-10,18
68,-8,16
63,-7,15
51,-7,11
49,-7,10
56,-3,13
58,-7,14
63,-13,21
64,-12,23
61,-11,22
56,-11,20
60,-10,18
61,-11,16
57,-12,16
56,-11,16
57,-7,17
58,-7,18
57,-7,20
57,-8,21
58,-8,21
57,-7,19
57,-6,17
60,-6,13
64,-6,15
62,-12,18
61,-14,17
64,-15,17
62,-15,17
57,-16,13
56,-16,11
59,-16,9
59,-15,10
62,-12,14
61,-11,16
59,-9,16
59,-9,14
63,-11,9
63,-14,7
62,-16,8
61,-13,9
61,-12,10
59,-11,11
60,-5,13
60,-5,13
59,-3,12
60,-2,12
61,-3,9
63,-4,10
63,-7,12
70,-13,15
65,-6,14
63,-9,12
62,-9,13
59,-14,14
58,-16,14
58,-18,15
59,-18,15
67,-14,15
60,-13,16
56,-13,19
57,-13,19
55,-14,18
55,-15,17
56,-13,18
57,-12,18
57,-11,18
57,-11,18
58,-10,19
59,-9,19
59,-10,20
59,-12,20
59,-13,18
58,-12,18
57,-12,18
56,-12,16
57,-13,17
56,-12,17
56,-12,18
63,-11,23
65,-11,22
70,-11,15
73,-9,13
65,-11,11
61,-11,12
55,-16,10
53,-17,9
57,-15,9
63,-11,11
63,-10,13
62,-10,12
61,-12,11
61,-12,11
61,-12,13
60,-11,13
61,-9,13
60,-9,13
59,-9,13
60,-9,14
60,-7,14
60,-5,14
58,-4,14
59,-2,14
60,-2,13
59,-2,12
60,-2,12
61,-1,14
60,-2,15
64,-7,18
66,-9,20
70,-15,15
69,-13,15
64,-13,16
58,-7,16
56,-6,16
57,-8,15
56,-16,14
55,-18,17
59,-16,20
60,-14,19
57,-10,19
56,-8,18
56,-5,17
57,-7,17
59,-10,18
60,-11,19
60,-12,20
57,-13,21
56,-12,20
56,-11,20
56,-13,20
56,-11,19
57,-9,19
57,-8,18
58,-8,18
62,-10,20
66,-12,23
68,-15,20
68,-15,16
61,-14,11
58,-13,10
58,-14,12
59,-14,13
58,-14,18
60,-12,19
62,-12,14
61,-10,13
60,-11,12
61,-12,13
59,-11,15
57,-10,15
57,-9,14
60,-6,14
60,-8,14
61,-8,16
61,-10,16
60,-9,14
60,-8,14
61,-4,15
61,-3,16
61,-5,15
61,-5,15
58,-6,15
59,-6,13
61,-5,14
60,-6,16
64,-12,19
71,-12,18
66,-12,16
63,-11,16
60,-12,17
59,-11,17
61,-13,16
60,-14,17
51,-13,19
50,-12,20
53,-8,20
58,-7,20
60,-9,19
59,-10,21
58,-11,21
58,-10,20
58,-9,19
58,-8,19
57,-8,20
54,-10,20
56,-11,21
58,-11,21
58,-12,22
58,-10,22
58,-8,22
59,-6,20
58,-6,18
60,-3,19
61,-4,19
64,-2,20
63,-3,19
64,-3,19
71,-6,19
71,-14,15
63,-18,12
64,-8,16
59,-10,17
50,-13,12
52,-13,10
58,-9,9
62,-6,10
60,-7,11
58,-6,13
61,-5,14
62,-4,15
62,-2,16
62,-4,16
62,-4,16
61,-4,15
61,-4,15
60,-5,15
61,-7,15
60,-7,15
60,-6,17
61,-7,19
62,-8,19
61,-10,24
66,-9,27
61,-9,20
57,-8,16
61,-8,15
62,-10,15
60,-13,21
54,-13,24
50,-12,23
54,-11,21
56,-13,17
58,-14,18
56,-14,23
58,-14,22
58,-12,21
57,-8,20
57,-8,20
60,-8,20
58,-8,20
57,-7,21
55,-7,21
55,-7,21
56,-7,21
60,-7,20
60,-7,19
59,-7,16
59,-7,17
58,-6,16
56,-6,16
61,-4,17
63,-3,16
73,-3,21
72,-6,22
68,-9,16
75,-6,14
66,-5,14
60,-6,13
50,-12,6
51,-12,5
59,-11,7
62,-6,9
61,-6,11
62,-6,12
61,-6,12
61,-1,12
61,0,12
60,0,10
60,1,10
62,-2,9
62,-4,10
62,-1,12
62,0,12
61,1,11
62,4,12
62,8,11
61,7,11
59,4,11
58,3,11
69,-6,16
73,-1,19
67,-9,15
64,-8,14
59,-7,16
60,-10,15
60,-11,12
59,-10,11
60,-8,13
61,-7,13
62,-6,14
60,-3,16
58,-1,16
60,0,16
60,0,15
60,-2,15
61,-3,15
61,-6,15
61,-7,15
58,-7,14
57,-6,15
57,-6,14
58,-5,15
59,-4,15
58,-3,14
60,-1,15
64,-1,16
72,0,14
68,-5,9
69,-5,8
70,-5,10
62,-7,13
56,-9,12
54,-9,9
57,-12,5
59,-13,5
64,-12,8
64,-10,9
61,-9,10
62,-8,12
65,-6,11
64,-7,10
61,-6,10
60,-6,11
59,-4,12
59,-2,12
60,-3,11
61,-5,11
61,-6,11
63,-6,11
63,-3,14
61,-2,15
63,-3,14
61,-5,13
61,-8,16
63,-9,17
67,-10,16
71,-8,14
66,-8,12
63,-9,11
59,-11,11
55,-10,12
51,-11,14
58,-10,18
60,-10,20
61,-9,18
60,-8,17
59,-5,14
60,-4,14
60,-5,15
59,-4,16
57,-5,18
57,-6,18
57,-7,17
57,-6,17
59,-6,16
61,-6,15
61,-6,14
58,-6,14
56,-6,14
59,-4,14
67,-1,15
72,1,17
77,-2,13
73,-7,10
70,-8,11
63,-10,12
49,-13,13
48,-15,13
54,-18,9
65,-15,9
65,-13,9
65,-10,10
66,-9,12
63,-6,13
59,-5,13
56,-4,12
57,-5,11
59,-6,11
60,-6,11
61,-9,12
60,-10,12
62,-9,13
61,-6,13
62,-2,14
63,0,14
65,-1,14
66,-2,14
64,-5,14
64,-6,15
61,-11,16
63,-9,18
67,-9,15
65,-11,12
58,-11,11
55,-9,12
54,-8,13
55,-9,15
55,-10,15
59,-10,17
61,-8,19
61,-7,20
62,-6,20
62,-4,16
62,-4,14
61,-5,13
59,-6,14
57,-7,15
55,-7,16
56,-8,17
58,-8,18
60,-9,20
60,-9,19
60,-10,17
59,-10,16
60,-6,14
60,-5,14
60,-5,16
58,-4,15
61,-4,17
65,-5,18
67,-11,16
60,-18,10
67,-17,12
69,-14,17
64,-14,17
54,-9,11
57,-7,7
64,-10,7
64,-10,9
60,-10,11
61,-9,12
62,-5,13
62,-3,12
59,-2,9
60,-2,9
59,-2,9
59,-2,10
61,-2,11
61,-2,12
63,-1,11
63,0,11
64,-1,10
63,-1,10
63,-1,12
61,0,12
57,-1,13
58,-1,13
62,-2,16
67,-5,17
65,-5,15
66,-5,15
65,-5,15
66,-9,14
64,-12,13
59,-11,14
55,-10,15
56,-7,20
59,-7,23
56,-8,21
56,-7,19
57,-6,15
58,-6,15
60,-6,16
59,-5,18
61,-5,20
60,-5,21
58,-5,19
57,-5,18
58,-6,16
59,-6,17
59,-6,18
57,-6,17
57,-6,18
58,-6,18
60,-5,19
64,-7,19
66,-7,16
69,-7,13
70,-8,14
66,-12,17
59,-12,18
53,-12,16
53,-11,15
57,-12,12
59,-14,13
66,-16,15
65,-18,16
60,-15,16
60,-12,15
59,-8,13
56,-8,12
57,-9,11
58,-10,11
60,-12,12
61,-12,12
60,-11,14
61,-9,15
60,-6,15
59,-5,14
60,-4,12
61,-4,12
64,-2,13
64,-3,12
64,-6,12
65,-11,16
68,-12,17
65,-13,14
61,-13,14
60,-12,15
59,-13,14
55,-13,14
52,-12,13
52,-11,15
55,-11,17
60,-13,21
60,-13,21
62,-12,18
61,-11,17
61,-8,14
60,-7,14
59,-7,15
59,-8,15
58,-10,16
58,-11,17
58,-11,17
58,-11,18
59,-11,18
58,-10,18
58,-9,17
57,-9,16
57,-9,16
57,-8,14
59,-7,14
67,-5,19
70,-7,20
70,-11,16
68,-12,14
64,-13,12
61,-14,13
55,-15,12
53,-15,13
55,-15,10
62,-14,9
67,-13,9
66,-12,10
60,-11,12
58,-10,12
59,-9,13
58,-8,12
60,-7,11
61,-7,10
62,-5,11
61,-6,12
60,-4,13
60,-3,13
61,-1,12
60,-1,11
59,-2,10
59,0,10
60,0,10
62,0,12
65,-1,13
67,-10,15
68,-17,14
68,-11,13
65,-14,12
62,-10,13
60,-9,14
55,-12,14
53,-14,14
54,-17,13
56,-17,14
62,-15,15
62,-14,16
60,-12,16
58,-11,17
60,-8,16
61,-6,15
61,-5,14
60,-6,14
60,-7,14
60,-9,15
61,-10,15
59,-8,16
58,-7,16
58,-6,16
57,-5,16
57,-5,16
57,-5,17
60,-5,20
66,-6,24
61,-9,15
69,-6,11
69,-7,8
67,-9,8
63,-13,10
61,-14,10
55,-16,10
55,-15,10
57,-12,11
60,-12,13
63,-14,13
63,-15,12
62,-17,7
61,-17,8
60,-12,10
59,-11,10
58,-10,11
59,-9,12
60,-8,12
59,-7,11
60,-6,11
59,-6,10
60,-5,10
63,-5,10
64,-5,10
64,-2,11
63,2,12
64,1,15
64,-4,15
66,-8,14
65,-12,14
67,-13,17
66,-14,16
61,-11,13
59,-12,11
57,-13,12
60,-15,13
56,-20,17
53,-20,19
57,-17,18
57,-15,18
56,-14,18
55,-12,18
56,-11,18
56,-10,17
58,-10,18
59,-11,19
60,-11,19
59,-11,20
59,-10,20
57,-10,19
58,-9,18
58,-9,17
58,-10,17
58,-11,17
58,-12,16
57,-11,16
59,-10,18
66,-13,26
70,-14,23
69,-13,12
67,-12,11
63,-12,13
58,-16,14
51,-18,14
51,-19,12
56,-19,10
60,-19,10
65,-21,13
63,-22,13
59,-21,14
58,-15,15
57,-13,14
57,-12,13
57,-12,12
58,-12,12
59,-12,13
62,-13,14
62,-13,15
62,-13,13
62,-11,13
60,-11,12
59,-8,12
58,-3,12
61,0,11
62,-6,14
64,-11,16
69,-14,13
67,-18,13
61,-17,15
59,-17,15
59,-17,13
58,-18,13
53,-17,15
51,-15,17
57,-14,21
59,-14,21
60,-13,19
60,-11,14
60,-9,13
58,-7,13
58,-6,15
57,-8,17
59,-9,18
58,-8,18
58,-8,18
60,-8,18
60,-8,17
58,-8,15
58,-7,14
56,-7,15
54,-8,16
62,-10,27
63,-12,25
62,-15,17
62,-14,13
65,-16,12
64,-17,11
60,-20,10
60,-20,11
60,-19,12
59,-17,13
56,-15,14
58,-15,15
60,-22,10
59,-25,9
56,-24,10
56,-19,12
58,-17,12
58,-16,13
58,-17,14
58,-16,14
59,-15,15
61,-14,15
60,-14,15
60,-13,16
59,-13,16
59,-10,15
59,-7,16
61,-5,18
63,-7,20
67,-23,20
67,-17,20
59,-15,15
56,-13,15
56,-15,15
56,-17,15
63,-14,15
60,-11,16
54,-11,18
56,-15,20
56,-27,23
56,-24,21
58,-22,20
55,-16,19
53,-14,20
52,-14,21
54,-15,21
58,-16,23
57,-17,23
58,-17,22
59,-18,22
53,-19,22
53,-18,22
56,-20,21
54,-20,20
54,-18,19
54,-19,19
53,-19,20
52,-19,21
56,-15,22
59,-15,24
59,-19,25
61,-20,22
62,-19,17
61,-20,15
57,-22,14
56,-25,14
50,-25,18
52,-24,23
53,-23,25
56,-21,21
59,-21,19
63,-21,15
60,-23,14
61,-22,14
57,-20,14
57,-16,16
57,-14,17
55,-12,18
55,-13,19
58,-15,20
58,-14,20
62,-11,19
64,-10,18
63,-9,18
60,-8,18
54,-6,19
54,-4,20
60,-4,22
61,-7,18
59,-12,16
57,-16,17
59,-18,22
60,-18,23
60,-18,21
60,-15,19
58,-12,20
64,-13,21
66,-17,22
54,-22,20
51,-19,20
51,-13,20
52,-11,21
52,-11,21
52,-12,21
58,-10,19
65,-10,20
61,-11,21
59,-12,21
59,-10,21
55,-11,21
57,-12,21
58,-11,20
57,-10,18
57,-10,19
58,-13,19
58,-13,19
55,-14,20
53,-15,20
54,-13,21
59,-14,24
62,-14,25
60,-13,20
61,-12,19
61,-11,17
61,-13,15
60,-17,13
59,-18,12
59,-20,13
59,-21,15
56,-20,19
58,-19,22
58,-16,22
58,-18,20
62,-19,14
65,-18,11
62,-17,9
61,-14,9
57,-13,12
53,-14,14
57,-15,16
60,-18,16
61,-18,17
59,-14,17
60,-3,16
61,0,15
59,-2,14
59,-8,13
60,-10,13
59,-10,16
61,-11,18
62,-15,23
63,-16,24
61,-17,17
59,-16,15
59,-14,13
59,-13,14
61,-12,13
62,-11,14
54,-15,16
50,-15,19
52,-14,21
55,-15,21
60,-17,20
62,-17,20
64,-14,18
62,-12,17
58,-9,15
57,-9,15
55,-10,16
55,-12,17
58,-13,20
58,-13,20
59,-12,20
60,-13,20
59,-13,19
56,-12,19
55,-12,18
55,-11,19
56,-11,19
59,-11,19
58,-11,19
58,-10,17
61,-10,18
63,-13,18
65,-14,18
66,-15,18
63,-16,17
64,-15,18
62,-14,20
54,-13,19
54,-12,18
55,-14,14
55,-16,13
59,-16,12
62,-16,12
63,-14,12
63,-12,12
62,-10,14
62,-9,15
60,-7,15
58,-7,14
59,-7,14
60,-6,14
60,-7,14
60,-8,13
60,-7,13
62,-5,14
62,-4,14
61,-4,14
61,-5,14
61,-5,14
61,-5,14
62,-4,14
62,-3,14
59,-5,15
59,-6,16
67,-13,18
67,-13,18
64,-13,17
63,-10,16
60,-7,15
62,-7,15
62,-12,12
60,-15,12
54,-17,15
53,-16,17
53,-15,19
57,-15,20
59,-14,20
60,-11,19
60,-9,18
60,-4,17
60,-3,16
59,-5,16
60,-5,16
59,-7,16
58,-9,16
57,-10,17
57,-9,17
56,-9,19
58,-10,20
57,-12,19
56,-11,19
56,-9,18
57,-7,18
61,-6,21
62,-6,21
70,-7,13
66,-9,9
66,-9,8
65,-9,8
64,-13,8
62,-16,8
55,-15,10
61,-9,13
61,-8,14
67,-6,14
65,-8,11
61,-7,8
63,-6,7
58,-6,8
60,-7,8
60,-8,9
60,-9,11
61,-8,14
63,-4,14
60,-1,12
61,0,12
61,-4,9
61,-3,10
61,-6,11
60,-6,11
59,-4,11
59,-3,11
61,-3,10
64,-4,10
66,-5,12
67,-9,12
64,-6,13
64,-4,13
62,-5,10
61,-7,7
60,-7,8
57,-5,10
59,-4,11
61,-5,11
64,-5,12
65,-5,14
63,-4,14
62,-2,13
63,-2,12
63,-2,11
64,0,10
63,-4,10
64,-4,11
62,-2,14
63,-1,15
66,0,16
64,1,16
58,3,16
57,1,16
56,1,18
56,-1,19
61,-5,23
60,-7,23
60,-8,18
60,-8,16
60,-10,16
64,-17,14
61,-16,13
58,-12,10
58,-13,10
57,-13,15
56,-12,17
57,-11,19
59,-11,19
62,-15,17
61,-15,17
56,-12,14
55,-11,12
61,-15,16
57,-14,16
54,-7,16
58,-6,16
67,-4,15
65,-5,14
61,-5,13
59,-4,12
64,-3,15
64,-8,17
62,-9,18
62,-10,17
62,-12,18
60,-14,19
59,-15,19
63,-14,18
63,-11,19
67,-9,21
68,-10,21
60,-11,22
53,-11,24
44,-8,23
47,-8,24
53,-10,27
54,-11,27
56,-12,28
55,-12,27
57,-11,27
56,-12,27
57,-13,26
55,-13,26
54,-13,26
54,-13,26
53,-12,28
53,-12,28
51,-12,28
52,-10,27
53,-9,26
60,-11,30
59,-12,29
59,-14,28
59,-13,28
58,-12,28
57,-11,27
52,-12,24
51,-13,23
53,-17,20
55,-18,20
55,-20,21
56,-22,22
59,-20,22
59,-18,21
56,-20,20
56,-19,20
58,-22,19
57,-21,19
50,-17,19
50,-16,17
54,-17,17
59,-18,16
69,-19,17
69,-19,16
60,-19,15
60,-18,15
57,-14,14
55,-13,14
56,-11,16
58,-9,17
57,-5,19
56,-9,23
59,-11,24
66,-7,18
63,-8,17
65,-13,19
63,-16,20
57,-16,20
58,-13,19
58,-6,16
57,-6,15
60,-8,15
60,-8,16
61,-8,18
63,-9,17
64,-9,15
65,-8,14
61,-6,15
61,-6,15
61,-10,16
58,-12,16
60,-12,17
60,-12,19
60,-9,20
56,-7,20
57,-7,20
57,-6,20
55,-6,20
57,-7,24
60,-8,25
58,-12,23
58,-14,23
58,-15,22
58,-14,21
56,-13,22
56,-13,24
55,-13,24
56,-13,22
55,-14,17
54,-14,15
55,-13,16
57,-12,18
61,-11,18
63,-12,17
61,-9,16
62,-8,15
63,-8,14
63,-10,13
64,-13,14
60,-13,16
53,-11,17
55,-8,19
59,-8,20
61,-10,16
59,-10,13
61,-9,11
63,-9,12
67,-11,14
67,-9,15
62,-3,21
62,-1,21
62,-10,18
60,-6,16
60,-7,13
60,-7,13
57,-11,13
55,-13,14
55,-13,16
58,-13,17
66,-14,19
64,-14,20
61,-12,19
60,-11,19
60,-9,17
64,-10,16
62,-10,17
52,-6,18
52,-5,19
58,-9,21
58,-11,21
56,-15,20
58,-15,20
59,-14,19
57,-13,17
54,-11,16
57,-9,18
60,-10,23
60,-13,23
58,-13,21
60,-13,19
63,-12,17
62,-10,17
57,-11,18
54,-13,17
51,-16,13
51,-17,12
57,-17,13
59,-17,13
58,-14,13
59,-14,14
69,-12,14
69,-11,13
61,-13,12
59,-14,13
56,-15,12
56,-16,9
58,-17,8
66,-20,9
65,-19,9
62,-17,8
60,-20,8
64,-15,9
60,-13,10
57,-10,13
60,-10,16
62,-6,17
64,-5,16
65,-8,12
65,-9,12
59,-9,12
58,-12,12
57,-14,14
58,-14,15
61,-12,16
62,-11,15
62,-6,15
61,-7,15
57,-10,14
58,-10,13
61,-10,13
61,-11,13
65,-9,14
61,-7,15
58,-5,17
60,-7,17
59,-9,16
58,-10,15
59,-10,14
62,-11,16
68,-13,18
64,-14,18
60,-15,15
60,-16,17
62,-16,18
51,-19,15
48,-19,15
52,-19,15
54,-19,16
54,-16,16
56,-14,16
62,-10,16
61,-10,15
59,-10,11
58,-9,10
61,-8,10
61,-8,10
61,-7,10
61,-7,10
67,-10,12
68,-13,17
62,-10,20
58,-11,14
63,-10,11
64,-13,8
63,-16,8
59,-20,12
60,-14,16
61,-11,19
58,-12,20
61,-10,19
59,-6,19
58,-7,17
58,-8,18
61,-10,16
61,-9,15
58,-8,16
58,-8,15
59,-9,16
60,-8,18
61,-5,20
60,-4,20
60,-7,19
59,-10,18
60,-11,18
62,-13,17
63,-11,17
66,-10,17
64,-8,18
53,-3,19
53,-3,19
56,-6,20
58,-10,21
55,-13,23
56,-11,23
61,-9,22
59,-11,23
60,-8,23
57,-7,23
61,-8,28
66,-9,26
62,-11,18
60,-12,16
53,-12,17
52,-14,18
50,-18,20
52,-18,20
53,-17,20
57,-15,21
60,-14,23
59,-15,22
54,-13,21
55,-12,20
55,-12,19
57,-12,16
62,-12,16
66,-12,18
66,-11,19
59,-12,18
57,-13,18
54,-14,18
54,-15,19
58,-18,21
60,-19,22
64,-16,21
63,-15,21
61,-14,20
60,-14,22
53,-10,26
52,-8,26
62,-14,26
62,-15,25
55,-14,20
56,-14,18
55,-17,20
51,-17,21
51,-16,24
53,-16,25
57,-15,27
59,-13,26
60,-13,24
59,-12,20
61,-13,19
64,-15,18
62,-14,20
54,-13,20
57,-13,21
53,-18,22
51,-19,23
51,-17,24
52,-15,25
54,-14,24
54,-14,24
53,-15,21
54,-15,21
60,-15,19
60,-14,20
61,-13,20
62,-14,22
65,-15,25
61,-14,22
59,-11,19
56,-11,17
51,-11,17
52,-13,17
54,-16,16
56,-18,14
61,-18,14
73,-15,13
72,-12,13
62,-10,13
58,-10,13
56,-10,12
56,-9,12
56,-9,10
59,-12,9
64,-19,9
60,-20,11
55,-18,13
56,-14,14
57,-10,15
57,-10,14
60,-12,12
62,-12,12
61,-14,11
59,-15,13
58,-13,15
61,-11,16
65,-14,17
64,-17,20
55,-15,26
60,-13,25
61,-17,20
54,-15,21
53,-16,20
59,-19,19
63,-21,19
62,-21,21
63,-20,22
56,-15,21
55,-13,21
54,-16,20
52,-18,20
51,-18,21
52,-17,22
53,-16,24
54,-16,24
56,-15,23
56,-15,23
59,-13,22
58,-13,22
55,-13,22
53,-13,22
53,-12,24
54,-13,25
57,-14,26
58,-15,27
58,-15,26
58,-15,26
57,-14,26
55,-15,23
54,-15,23
53,-15,22
54,-17,22
57,-18,21
57,-18,19
62,-21,18
67,-22,19
62,-23,21
55,-20,22
54,-15,23
56,-13,23
54,-13,22
54,-15,20
59,-17,17
60,-16,17
58,-15,18
57,-14,19
58,-14,22
55,-13,23
56,-12,22
56,-10,22
56,-7,21
57,-6,21
60,-4,21
61,-7,22
60,-10,25
62,-11,24
61,-15,23
58,-14,23
57,-13,23
58,-19,23
57,-20,23
57,-17,24
58,-16,26
60,-15,28
52,-15,28
47,-15,27
50,-15,27
51,-19,25
52,-19,24
57,-17,24
53,-17,23
51,-14,22
53,-14,24
56,-13,25
55,-14,25
53,-13,25
53,-13,24
54,-13,23
54,-14,22
56,-13,22
57,-13,22
61,-10,24
59,-11,24
62,-11,23
65,-11,22
68,-10,23
59,-12,20
57,-12,19
56,-16,19
55,-18,18
53,-22,18
57,-24,19
64,-21,24
64,-20,24
56,-20,24
54,-18,22
56,-8,22
55,-10,20
54,-11,20
54,-12,21
54,-12,23
55,-13,24
54,-10,24
56,-9,23
60,-7,21
60,-6,21
58,-6,21
57,-4,22
58,-5,23
64,-6,26
71,-10,28
60,-10,29
53,-10,31
58,-15,31
58,-17,30
49,-20,29
45,-19,27
45,-17,26
45,-15,26
50,-13,31
51,-13,34
53,-15,33
51,-16,32
53,-14,28
53,-13,27
50,-11,26
51,-12,26
55,-13,28
54,-13,29
58,-13,30
57,-13,28
56,-12,25
56,-12,23
59,-9,24
59,-9,24
63,-10,24
62,-10,26
61,-11,27
50,-18,21
53,-12,21
59,-10,23
58,-7,24
47,-10,30
46,-8,37
70,-7,42
66,-9,33
60,-10,23
62,-10,21
56,-15,22
49,-15,23
48,-15,22
50,-14,22
56,-13,23
60,-13,25
60,-11,30
56,-11,30
53,-9,26
55,-7,23
63,-6,20
64,-8,17
75,-10,20
56,-8,26
49,-6,27
51,-6,28
50,-8,26
48,-10,27
42,-10,26
49,-6,26
55,-6,27
57,-9,30
56,-9,30
58,-11,31
59,-13,31
56,-14,30
54,-14,29
50,-14,24
50,-14,22
50,-17,21
53,-12,22
60,-8,24
65,-6,25
71,-4,20
71,-4,18
60,-4,18
60,-3,17
62,-2,16
62,0,17
58,-6,19
57,-9,21
60,-11,22
59,-16,22
57,-14,23
52,-10,23
57,-6,21
60,-3,23
61,-4,24
63,-6,25
64,-5,24
62,-6,19
61,-7,17
60,-9,15
58,-12,15
54,-14,16
55,-14,17
58,-13,18
65,-13,18
71,-15,19
70,-13,20
63,-7,18
55,-6,15
54,-7,13
54,-8,13
52,-12,14
56,-11,16
55,-11,16
56,-10,16
57,-8,15
56,-6,15
59,-6,16
64,-5,19
64,-5,18
59,-8,20
59,-7,19
64,-9,19
62,-14,19
63,-15,19
63,-16,20
55,-16,18
52,-15,18
52,-14,16
53,-12,15
59,-10,16
63,-11,16
64,-12,16
65,-12,16
62,-13,15
61,-13,15
57,-11,14
57,-11,15
57,-12,19
57,-14,21
53,-19,18
69,-16,14
68,-15,13
55,-24,15
63,-16,18
60,-10,20
61,-11,19
63,-11,15
63,-11,14
63,-13,11
60,-14,10
49,-16,8
53,-14,10
60,-9,14
60,-9,13
62,-8,13
61,-8,12
63,-8,11
63,-7,11
62,-9,13
64,-9,13
64,-10,15
60,-9,15
58,-10,13
67,-10,16
58,-18,19
51,-19,21
49,-17,25
59,-13,28
60,-11,27
57,-15,22
58,-18,20
58,-19,19
56,-19,17
52,-18,17
54,-17,17
57,-15,19
58,-15,20
61,-14,24
59,-13,23
53,-10,20
54,-10,19
56,-7,18
58,-8,19
59,-7,20
59,-6,20
61,-5,21
62,-5,22
64,-6,24
63,-8,22
66,-8,22
68,-7,25
63,-12,21
61,-12,20
60,-11,19
61,-14,16
62,-17,15
57,-19,13
53,-17,13
57,-11,14
57,-10,14
54,-11,14
55,-11,14
59,-11,14
60,-12,14
60,-12,16
61,-11,17
61,-13,17
61,-13,16
63,-14,15
64,-15,15
58,-13,16
53,-11,17
59,-13,16
64,-16,16
63,-14,18
57,-13,22
53,-22,25
62,-16,26
60,-26,23
52,-29,22
52,-22,23
53,-18,23
53,-15,22
45,-15,20
47,-14,22
59,-14,25
59,-17,24
55,-15,20
56,-13,20
59,-10,21
56,-8,21
52,-9,16
52,-10,16
60,-11,16
61,-11,15
60,-10,14
59,-8,15
62,-7,15
63,-7,15
74,-7,18
75,-9,17
77,-9,15
72,-7,13
58,-4,8
56,-5,5
60,-7,2
59,-8,2
55,-11,4
61,-8,8
62,-6,10
61,-6,11
63,-6,11
63,-5,7
62,-5,6
61,-5,5
61,-4,5
62,-1,6
63,-2,7
62,-3,8
62,-3,9
62,-2,9
63,-3,9
67,-5,9
69,-6,9
63,-12,13
60,-11,15
72,-13,18
72,-23,19
61,-24,19
52,-23,18
47,-16,17
47,-15,19
50,-17,23
50,-17,24
56,-18,24
56,-17,22
56,-15,21
57,-12,20
55,-12,21
51,-13,24
51,-14,25
53,-13,26
54,-14,26
54,-17,25
52,-16,25
52,-15,24
55,-15,24
55,-14,22
54,-14,22
58,-12,28
60,-13,29
63,-15,25
67,-14,24
69,-12,19
66,-14,16
52,-16,10
51,-16,8
56,-16,7
61,-17,8
64,-15,13
62,-16,16
61,-15,16
60,-13,14
61,-13,13
59,-13,11
59,-12,12
58,-10,12
58,-10,13
57,-10,15
57,-10,14
59,-9,14
60,-7,13
62,-5,14
61,-4,14
61,1,16
62,0,15
64,0,15
64,0,15
63,3,18
62,-5,20
64,11,23
67,-9,19
61,-9,19
57,-15,19
57,-19,17
67,-14,14
65,-11,15
63,-5,18
62,-3,19
54,-9,21
50,-15,20
53,-19,21
57,-17,22
57,-14,23
55,-11,24
55,-4,25
55,-3,26
52,-4,26
55,-3,26
56,-6,25
56,-7,26
55,-11,25
54,-12,26
52,-13,25
52,-14,26
55,-15,32
54,-15,31
56,-15,24
59,-14,23
58,-10,26
59,-13,27
59,-13,26
53,-14,19
51,-12,16
56,-16,13
60,-15,13
62,-16,15
62,-15,18
62,-17,23
61,-17,24
60,-16,21
60,-16,18
59,-16,15
59,-16,15
57,-21,16
55,-20,16
55,-17,20
55,-15,20
58,-12,21
60,-10,21
63,-11,21
61,-9,22
57,-7,23
57,-9,26
64,-11,31
65,-12,30
59,-9,27
56,-9,26
51,-15,20
60,-21,19
64,-23,19
60,-23,22
55,-20,23
53,-16,27
51,-16,28
46,-16,28
46,-17,27
51,-16,27
52,-14,27
53,-12,25
53,-12,25
54,-12,26
56,-12,26
55,-12,25
55,-12,25
53,-10,26
51,-10,27
52,-12,28
53,-13,28
58,-17,30
60,-18,31
59,-18,27
57,-17,24
60,-13,24
60,-13,24
55,-10,23
56,-12,18
59,-13,16
66,-18,14
62,-18,14
60,-19,16
61,-20,18
60,-19,22
55,-19,22
54,-18,21
54,-17,19
55,-11,18
57,-8,18
59,-9,17
58,-11,18
57,-13,20
57,-11,21
57,-10,20
57,-9,20
60,-11,20
59,-13,20
60,-10,23
59,-11,26
63,-14,28
64,-16,27
66,-19,27
65,-21,28
52,-20,27
47,-19,27
46,-19,24
46,-21,25
46,-22,28
48,-22,31
49,-20,33
51,-17,31
52,-16,29
54,-14,26
54,-14,25
52,-13,24
52,-12,25
51,-14,26
54,-15,27
54,-15,28
53,-16,26
55,-16,25
55,-14,24
54,-13,22
54,-13,22
56,-13,21
60,-15,21
71,-22,26
71,-19,28
65,-15,28
64,-16,24
58,-16,17
55,-14,15
49,-19,15
52,-27,15
56,-30,16
57,-28,16
54,-26,16
60,-17,17
61,-16,17
56,-14,15
56,-14,14
57,-16,13
58,-15,12
59,-14,13
59,-14,14
61,-13,15
62,-12,17
57,-7,19
56,-4,20
63,-2,20
64,-2,20
59,-7,19
61,-6,20
62,-11,20
65,-14,21
68,-21,21
65,-23,18
53,-16,17
51,-11,19
55,-15,23
56,-23,27
53,-26,28
53,-22,25
54,-19,23
53,-15,22
53,-14,21
52,-12,22
52,-12,22
57,-13,24
58,-13,23
57,-15,22
57,-15,22
54,-15,22
54,-14,23
53,-13,23
54,-13,23
55,-13,22
58,-12,21
58,-11,18
59,-11,19
60,-11,22
62,-13,24
69,-15,21
73,-15,18
66,-16,10
59,-18,9
55,-18,13
56,-15,12
63,-14,12
62,-13,14
61,-13,15
59,-12,14
59,-10,14
57,-9,12
57,-10,12
59,-11,12
60,-11,13
59,-13,16
58,-13,15
60,-8,15
61,-6,15
60,-7,15
60,-7,14
61,-7,14
61,-6,14
64,-3,17
66,-1,19
62,-10,23
64,-3,23
70,-12,17
64,-15,10
58,-15,9
64,-17,9
61,-15,11
54,-14,17
55,-14,17
61,-14,16
65,-16,17
58,-14,17
55,-14,18
49,-12,19
50,-13,19
52,-15,19
52,-16,20
51,-16,21
55,-15,22
57,-16,21
55,-15,21
55,-13,20
57,-13,21
58,-14,20
57,-15,19
56,-13,19
59,-13,20
56,-15,20
57,-17,22
61,-20,24
57,-18,17
53,-17,14
53,-16,13
52,-16,16
49,-16,19
50,-13,18
55,-8,16
64,-8,15
69,-13,14
62,-13,12
67,-20,8
69,-21,8
64,-20,11
56,-18,14
60,-16,21
63,-18,22
55,-15,15
55,-9,11
54,-8,7
64,-16,12
63,-18,20
53,-13,21
56,-17,21
62,-17,25
59,-15,25
53,-14,21
53,-10,15
55,-14,16
53,-13,16
58,-5,25
62,-4,30
71,-2,27
72,-3,22
78,-10,24
64,-9,24
50,-7,17
49,-3,18
51,-2,26
52,-4,27
63,-7,33
66,-10,32
64,-14,28
60,-15,27
48,-13,28
45,-12,27
44,-16,24
43,-17,20
50,-19,15
55,-20,18
59,-20,27
59,-21,29
55,-15,26
54,-15,24
69,-23,24
70,-26,23
58,-24,21
36,-13,21
49,-9,26
60,-8,34
69,-23,24
70,-26,23
58,-24,21
36,-13,21
49,-9,26
60,-8,34
58,-14,35
45,-23,31
51,-21,30
55,-21,29
42,-19,27
50,-17,35
55,-16,36
53,-17,34
54,-16,33
55,-17,31
54,-15,29
49,-16,24
52,-17,24
52,-18,25
51,-18,28
51,-18,32
53,-21,33
62,-22,31
61,-18,29
51,-14,31
46,-13,27
44,-13,24
49,-16,30
53,-17,32
54,-17,32
55,-15,32
55,-10,27
54,-10,26
55,-9,27
54,-11,28
52,-13,30
51,-14,30
49,-15,28
52,-14,29
56,-15,33
56,-17,33
60,-18,34
60,-17,30
59,-14,27
54,-14,25
52,-13,24
51,-12,23
52,-14,20
56,-15,20
62,-15,20
64,-15,20
59,-12,24
56,-11,25
53,-15,26
55,-22,21
59,-24,18
60,-21,14
62,-18,14
65,-13,17
63,-11,19
55,-9,20
57,-8,21
57,-7,22
57,-7,22
58,-6,21
58,-5,21
60,-5,21
60,-6,22
60,-10,25
63,-10,25
58,-10,23
55,-10,23
60,-12,27
60,-14,28
60,-13,26
61,-14,23
56,-16,22
49,-17,22
48,-17,25
51,-16,28
54,-16,32
51,-17,29
52,-17,28
52,-14,28
52,-13,28
51,-14,26
52,-15,25
54,-17,26
53,-17,26
51,-17,25
52,-16,25
53,-16,25
54,-17,24
56,-17,21
56,-15,19
57,-12,20
60,-9,20
65,-10,18
65,-10,17
65,-10,19
64,-11,20
63,-15,22
63,-16,22
62,-16,17
60,-15,13
65,-17,11
66,-18,12
57,-14,13
53,-16,14
51,-15,15
55,-13,17
58,-11,19
63,-12,21
61,-13,21
59,-12,21
58,-11,21
56,-12,20
57,-14,19
60,-13,18
59,-13,17
58,-13,16
58,-11,16
59,-11,17
59,-11,18
61,-12,20
61,-12,20
58,-11,20
57,-7,20
58,-8,20
59,-9,20
58,-12,26
58,-13,28
58,-15,26
56,-18,25
57,-22,25
57,-17,25
53,-16,22
49,-15,21
50,-14,23
53,-13,28
54,-13,28
55,-12,28
57,-12,28
59,-12,24
58,-12,22
53,-12,20
53,-12,21
55,-8,22
54,-5,21
49,-4,21
53,-5,20
70,-4,20
68,-4,18
63,-5,16
67,-3,17
72,0,18
69,0,19
57,3,21
58,0,18
75,-3,16
73,-9,16
59,-15,17
51,-13,20
56,-14,23
49,-18,25
49,-15,27
52,-11,32
52,-10,31
55,-9,32
58,-9,31
57,-3,25
54,-6,22
52,-6,21
54,-3,22
56,-4,26
54,-9,27
58,-15,28
59,-14,28
58,-11,27
58,-6,28
61,-8,32
58,-14,30
51,-15,32
53,-12,33
54,-17,34
52,-20,33
48,-18,34
45,-17,31
44,-18,28
42,-20,25
44,-20,28
48,-17,36
48,-18,38
44,-21,30
47,-20,29
57,-15,29
58,-15,27
55,-15,22
55,-11,23
57,-11,24
57,-13,24
58,-12,26
54,-11,25
56,-9,25
58,-9,24
68,-14,31
64,-13,33
54,-19,24
59,-19,22
67,-20,21
63,-22,19
53,-22,17
54,-22,16
54,-20,16
54,-16,17
56,-14,20
59,-12,22
59,-10,22
57,-8,21
57,-7,20
62,-6,18
62,-6,18
57,-8,20
55,-8,21
56,-7,23
58,-7,24
58,-8,25
58,-8,24
57,-10,23
55,-9,23
57,-12,24
62,-16,29
63,-15,30
60,-14,30
57,-14,33
54,-15,33
51,-18,28
51,-20,25
47,-22,24
48,-20,27
51,-19,30
50,-17,30
50,-16,28
54,-12,26
54,-12,27
53,-11,27
53,-12,26
54,-13,28
54,-13,28
54,-13,28
53,-13,27
53,-14,26
53,-14,27
52,-14,25
52,-13,24
55,-13,25
58,-11,27
58,-9,29
57,-13,31
64,-19,33
66,-20,30
62,-20,24
57,-20,22
51,-18,18
52,-19,20
54,-22,20
54,-23,21
59,-20,23
59,-14,24
57,-13,24
52,-12,23
52,-12,21
56,-15,20
57,-14,20
56,-12,21
57,-12,23
57,-12,25
56,-11,24
57,-10,23
56,-9,22
54,-8,20
58,-8,20
58,-11,23
60,-14,25
61,-23,31
61,-24,33
60,-19,32
54,-17,29
54,-17,27
54,-20,26
48,-22,24
48,-22,24
49,-22,27
52,-21,29
52,-18,32
50,-15,31
51,-15,29
53,-14,27
52,-14,28
50,-16,29
51,-17,30
50,-19,29
49,-19,28
51,-17,29
50,-17,29
50,-19,27
51,-18,27
54,-17,26
55,-16,28
62,-14,31
63,-15,32
63,-18,33
62,-19,29
61,-19,27
59,-18,27
50,-18,22
46,-19,21
49,-22,17
53,-23,18
58,-27,21
58,-27,22
54,-25,23
54,-14,22
54,-12,22
53,-15,20
54,-15,19
56,-16,19
56,-16,21
55,-17,21
56,-15,22
57,-14,23
58,-14,22
59,-11,23
59,-10,23
58,-7,23
59,-7,23
58,-9,26
61,-16,29
66,-19,30
66,-23,29
61,-18,27
57,-18,27
54,-16,27
46,-17,24
41,-20,22
43,-21,25
49,-22,32
50,-21,34
49,-19,34
51,-15,32
54,-16,30
54,-17,29
53,-18,28
50,-19,28
49,-19,28
50,-19,29
49,-18,30
49,-18,30
51,-19,30
52,-18,29
52,-18,27
53,-18,29
52,-18,30
53,-18,32
56,-20,32
58,-23,30
60,-22,30
59,-22,29
55,-22,29
48,-23,25
49,-22,24
48,-24,20
50,-25,20
56,-25,23
58,-27,24
56,-28,25
54,-20,25
53,-17,24
52,-17,21
53,-18,20
54,-19,22
54,-20,24
52,-19,25
51,-19,25
52,-16,24
54,-15,24
56,-15,23
56,-17,22
56,-18,22
56,-15,24
57,-15,27
60,-19,31
62,-22,31
63,-22,30
55,-20,28
52,-20,27
46,-23,22
46,-24,23
50,-25,28
49,-24,30
50,-22,33
52,-21,33
52,-18,31
53,-16,28
53,-15,27
53,-15,25
52,-15,25
50,-17,27
50,-18,28
48,-20,30
48,-20,30
51,-21,30
52,-22,29
50,-22,28
48,-20,28
51,-18,29
52,-18,31
51,-16,33
53,-16,34
57,-18,36
59,-19,33
58,-21,26
57,-21,23
52,-23,21
50,-25,21
48,-26,23
50,-23,24
52,-22,26
52,-23,26
56,-22,26
60,-21,24
58,-22,23
55,-18,21
53,-18,20
54,-18,20
55,-18,23
53,-18,25
53,-15,24
56,-12,22
57,-13,22
54,-13,23
54,-12,24
57,-9,25
58,-9,26
62,-11,28
64,-12,28
60,-21,34
51,-26,33
58,-18,24
62,-20,24
63,-22,30
52,-21,26
46,-17,23
44,-18,23
45,-22,27
47,-26,29
49,-28,35
49,-20,34
48,-19,32
50,-19,30
50,-19,29
49,-19,29
49,-20,28
47,-20,28
47,-20,29
50,-21,32
50,-21,32
51,-21,31
51,-21,30
50,-19,27
50,-18,26
51,-18,23
53,-17,23
58,-17,24
60,-17,25
63,-19,26
64,-22,28
64,-25,30
64,-24,29
56,-23,27
53,-20,26
48,-18,19
49,-19,18
53,-23,21
53,-24,24
54,-23,26
58,-20,28
57,-18,28
55,-13,28
55,-11,27
54,-11,23
53,-11,22
56,-10,24
55,-8,25
52,-8,25
53,-9,26
55,-12,28
55,-11,27
54,-8,25
56,-8,25
60,-10,27
59,-11,27
56,-17,30
59,-16,31
63,-13,32
60,-16,31
53,-17,30
53,-19,30
47,-23,27
45,-20,28
51,-14,34
48,-15,35
47,-18,34
53,-18,33
54,-16,32
51,-15,28
51,-14,28
49,-11,29
50,-12,30
50,-16,32
49,-16,32
49,-15,32
50,-16,32
50,-17,31
49,-17,29
51,-11,28
53,-9,29
54,-11,29
56,-14,31
62,-23,36
64,-22,35
65,-19,31
63,-20,30
54,-18,30
50,-18,30
43,-27,26
44,-28,25
53,-20,30
56,-22,32
55,-23,33
47,-21,29
47,-19,28
47,-17,28
46,-17,27
48,-16,27
51,-15,28
52,-16,29
52,-17,28
54,-15,29
54,-16,29
53,-16,28
54,-15,28
54,-14,30
55,-14,30
53,-18,27
55,-26,29
53,-23,35
59,-16,38
61,-15,36
55,-18,35
44,-22,29
42,-22,30
46,-20,33
50,-20,35
50,-19,36
48,-18,33
47,-16,32
47,-16,35
46,-17,35
44,-18,32
45,-17,32
49,-18,33
51,-19,33
51,-17,34
51,-17,35
50,-17,40
49,-19,40
53,-23,34
54,-24,31
51,-24,26
48,-24,28
47,-25,28
46,-31,27
43,-25,24
45,-23,24
50,-21,25
56,-23,24
66,-21,23
67,-19,22
63,-14,19
63,-13,17
65,-18,15
62,-19,17
56,-20,17
48,-18,21
50,-15,24
52,-13,25
52,-13,24
58,-13,22
61,-14,23
57,-19,20
56,-20,20
55,-18,29
60,-19,31
56,-20,28
55,-21,29
53,-25,30
49,-23,27
49,-18,27
49,-19,28
47,-24,28
49,-24,28
57,-19,29
58,-18,27
57,-18,25
56,-16,25
56,-14,25
52,-15,24
48,-16,25
51,-16,27
54,-17,27
55,-16,27
54,-16,27
52,-18,28
53,-16,28
50,-18,29
49,-19,30
52,-19,31
54,-20,33
60,-22,36
60,-21,33
55,-22,30
52,-22,30
43,-21,29
40,-20,28
43,-20,28
45,-22,27
51,-23,30
53,-21,30
55,-18,28
58,-19,27
55,-21,26
52,-19,25
53,-23,23
65,-26,28
61,-24,29
49,-13,28
49,-9,30
56,-12,33
58,-17,33
52,-24,30
52,-23,31
52,-20,33
51,-19,33
51,-14,35
51,-12,34
49,-14,32
48,-16,32
52,-20,33
49,-25,31
49,-27,29
51,-22,30
54,-18,29
54,-23,30
46,-20,37
45,-21,40
44,-28,38
41,-28,35
41,-21,31
44,-15,30
52,-14,31
49,-17,29
50,-18,31
46,-19,32
46,-18,34
48,-20,32
49,-19,28
55,-15,27
57,-13,27
55,-14,26
54,-16,27
52,-11,29
53,-11,29
53,-15,33
53,-17,39
56,-18,36
57,-17,31
62,-19,24
59,-17,22
53,-16,21
52,-15,20
55,-12,21
62,-11,21
64,-8,17
62,-7,15
60,-12,14
57,-11,12
58,-15,11
58,-13,13
57,-11,14
60,-14,16
57,-15,16
58,-12,15
61,-12,15
61,-8,14
60,-6,13
62,-6,14
64,-11,16
61,-12,18
59,-11,19
58,-17,21
60,-13,22
60,-16,23
61,-18,21
58,-21,20
57,-18,21
59,-14,27
63,-17,29
59,-21,30
52,-24,34
46,-23,36
48,-22,34
43,-23,33
41,-23,33
42,-21,33
40,-19,32
43,-20,32
46,-17,34
47,-17,36
48,-19,33
46,-19,32
49,-18,35
51,-19,35
47,-18,34
45,-17,31
48,-16,33
51,-15,35
55,-16,34
54,-16,32
54,-17,32
54,-17,31
50,-18,28
50,-17,29
48,-19,28
47,-20,27
46,-23,27
45,-22,28
55,-27,30
65,-29,32
60,-21,29
56,-17,27
53,-22,22
56,-17,22
57,-21,23
54,-23,22
53,-21,23
57,-20,27
59,-20,27
52,-21,24
53,-18,25
55,-17,29
55,-19,28
52,-19,26
54,-15,27
58,-13,28
55,-14,27
48,-16,27
50,-15,30
59,-16,31
56,-20,28
50,-23,28
49,-23,28
47,-25,31
46,-26,32
49,-23,34
52,-22,35
56,-18,36
55,-18,34
48,-20,29
51,-18,29
53,-18,29
49,-18,27
49,-18,30
50,-18,34
50,-20,35
48,-22,34
47,-21,33
48,-17,35
48,-17,34
46,-21,32
46,-20,33
49,-18,36
49,-18,35
46,-18,34
49,-17,37
51,-17,38
52,-18,36
54,-19,37
54,-19,37
50,-21,33
47,-22,31
41,-24,28
41,-24,26
44,-24,27
47,-24,27
55,-25,28
64,-23,30
64,-20,31
52,-15,28
52,-14,28
58,-17,26
56,-22,23
52,-26,23
53,-27,23
55,-29,23
53,-29,23
51,-22,24
53,-21,25
54,-18,25
54,-17,24
54,-16,21
55,-16,21
56,-16,22
56,-17,22
55,-17,24
56,-18,27
55,-23,33
54,-18,31
58,-28,27
56,-27,27
53,-26,28
50,-25,28
49,-24,28
45,-26,29
43,-27,30
43,-28,35
43,-26,36
46,-24,35
48,-23,34
51,-20,31
52,-19,29
51,-18,28
51,-19,28
52,-19,29
52,-18,30
49,-18,29
48,-18,29
46,-18,28
50,-15,29
55,-17,34
52,-22,33
47,-27,31
47,-27,32
45,-25,34
45,-24,36
47,-24,33
48,-25,29
50,-23,28
52,-23,29
50,-27,31
47,-30,32
50,-30,29
54,-27,29
52,-25,29
53,-22,27
56,-24,26
56,-25,27
53,-24,26
51,-25,27
51,-25,25
50,-24,23
50,-24,23
49,-23,25
50,-24,25
52,-23,26
51,-22,26
54,-19,24
55,-17,24
55,-16,23
56,-17,22
56,-18,22
55,-18,23
57,-18,24
57,-17,25
57,-15,28
55,-14,29
57,-22,31
64,-25,31
62,-24,28
56,-22,26
49,-18,25
46,-17,25
44,-19,26
45,-25,31
46,-28,33
47,-25,33
49,-24,32
50,-23,27
49,-21,26
51,-18,27
52,-18,26
52,-18,26
53,-18,27
55,-18,28
54,-18,28
53,-21,28
53,-20,28
51,-21,28
50,-23,28
53,-21,29
56,-20,30
50,-21,29
52,-23,30
54,-25,32
53,-28,33
56,-28,30
57,-27,27
53,-26,26
45,-27,26
43,-26,26
42,-31,24
44,-30,25
49,-27,26
53,-29,26
57,-30,26
53,-28,26
50,-24,26
49,-24,25
49,-24,22
50,-24,23
51,-24,24
51,-26,25
51,-24,27
51,-24,27
50,-24,28
51,-22,27
54,-22,28
54,-22,28
54,-22,29
54,-22,30
49,-28,30
45,-35,30
47,-30,29
52,-31,31
54,-29,31
51,-30,29
48,-29,27
44,-33,22
42,-31,22
40,-30,23
41,-30,22
46,-33,28
47,-31,30
51,-31,32
50,-28,31
51,-25,27
49,-27,25
45,-24,26
47,-24,26
49,-29,25
47,-28,25
47,-24,27
50,-25,29
50,-24,29
50,-22,28
50,-22,26
50,-19,24
52,-17,22
59,-23,27
64,-25,29
62,-27,26
60,-27,23
58,-25,26
52,-27,26
42,-30,24
42,-31,23
49,-33,20
51,-35,20
59,-32,23
61,-30,25
56,-26,26
51,-23,26
50,-19,26
51,-18,26
51,-17,26
51,-16,26
50,-17,24
53,-18,24
56,-16,24
56,-17,25
54,-19,27
53,-18,28
53,-18,28
56,-19,29
55,-19,31
59,-17,39
61,-18,35
56,-15,29
52,-19,30
54,-20,29
52,-21,25
43,-21,24
43,-21,28
45,-23,36
45,-24,39
41,-22,42
46,-20,40
47,-19,34
48,-17,31
48,-15,28
48,-14,28
48,-15,31
49,-15,31
52,-15,32
53,-14,34
53,-13,34
52,-13,33
52,-13,31
53,-12,30
53,-13,29
56,-14,30
59,-16,33
59,-15,36
60,-13,36
59,-13,33
58,-13,32
54,-14,28
53,-15,26
50,-16,23
51,-16,23
51,-26,21
55,-21,24
55,-27,26
54,-24,26
50,-23,25
50,-20,26
52,-16,25
51,-14,24
53,-13,22
55,-14,22
56,-14,23
55,-14,23
54,-15,25
56,-16,25
59,-19,24
57,-17,26
58,-14,31
58,-20,41
62,-18,42
56,-20,37
52,-20,36
43,-23,29
40,-24,28
37,-26,32
38,-26,35
43,-24,37
45,-22,36
50,-19,34
51,-17,33
49,-16,32
49,-16,33
48,-17,34
47,-17,34
48,-18,34
48,-18,34
49,-17,33
50,-17,33
51,-17,33
51,-17,33
52,-16,34
51,-16,32
49,-13,30
51,-12,31
52,-12,35
58,-13,35
62,-12,34
63,-14,31
58,-14,28
50,-17,24
49,-17,24
50,-18,23
53,-18,25
58,-22,26
57,-24,26
54,-21,27
53,-19,27
52,-15,24
52,-15,23
56,-14,22
56,-14,23
56,-12,24
56,-13,25
55,-14,26
54,-13,25
56,-9,24
57,-8,25
60,-8,26
61,-8,27
59,-10,27
59,-10,28
57,-7,29
58,-11,31
57,-13,29
61,-21,29
59,-21,30
59,-19,34
53,-14,33
47,-10,30
45,-11,29
46,-15,30
45,-17,31
45,-19,32
46,-20,33
51,-20,33
51,-20,32
50,-17,32
50,-15,32
50,-14,32
50,-15,30
51,-17,28
50,-17,29
49,-14,30
50,-12,31
51,-13,32
51,-13,32
53,-14,30
52,-15,29
55,-16,31
64,-16,38
65,-16,36
66,-21,27
63,-19,24
55,-15,21
49,-17,21
46,-21,21
52,-23,22
58,-25,24
57,-25,24
53,-21,24
54,-18,24
54,-15,23
53,-14,22
54,-13,22
56,-13,22
55,-13,24
54,-12,25
55,-10,27
56,-10,27
57,-10,25
57,-10,25
57,-9,25
55,-8,23
56,-7,22
58,-6,23
57,-8,30
57,-10,39
65,-20,33
60,-23,27
61,-24,28
49,-16,28
40,-12,26
43,-15,25
48,-20,27
55,-31,32
54,-32,32
46,-23,32
46,-20,30
50,-16,28
53,-16,27
54,-13,27
53,-14,27
52,-17,31
52,-17,30
50,-16,29
50,-17,28
51,-17,28
51,-17,27
51,-20,27
53,-21,27
54,-20,28
55,-19,28
57,-18,29
62,-18,31
63,-18,32
63,-21,28
60,-20,25
54,-19,23
50,-20,23
44,-22,20
46,-23,19
55,-22,21
60,-24,22
61,-20,20
60,-17,20
58,-16,21
57,-16,22
52,-13,23
51,-13,23
56,-14,23
57,-16,23
55,-18,23
55,-15,23
58,-13,26
58,-13,25
58,-12,24
58,-13,23
61,-15,22
60,-13,23
58,-6,27
53,-10,29
51,-14,30
54,-20,35
55,-23,32
56,-20,31
53,-18,29
55,-18,30
52,-19,31
44,-22,30
42,-22,32
46,-21,37
47,-20,38
47,-17,36
47,-17,34
49,-15,30
50,-15,30
50,-13,31
51,-12,32
49,-14,35
47,-15,35
48,-15,35
48,-15,34
50,-15,32
51,-15,32
51,-15,32
52,-14,32
54,-12,33
50,-11,34
50,-12,35
52,-14,33
53,-16,32
59,-17,31
59,-18,30
58,-17,29
58,-17,28
52,-22,23
49,-23,22
48,-21,24
51,-19,27
56,-18,30
57,-17,29
59,-20,23
61,-19,20
63,-19,17
61,-17,17
56,-15,15
54,-12,16
52,-9,20
52,-11,21
56,-11,21
59,-12,21
61,-13,20
60,-11,20
57,-11,19
61,-10,21
60,-10,22
62,-8,23
62,-8,24
62,-8,27
59,-9,27
59,-12,23
63,-17,24
58,-18,25
58,-18,24
55,-18,24
51,-15,24
45,-15,29
45,-16,31
51,-18,35
53,-18,35
52,-17,31
52,-16,29
52,-15,29
51,-15,29
47,-14,29
48,-14,31
53,-14,33
53,-14,33
51,-15,32
50,-15,32
49,-15,31
48,-16,31
49,-16,31
49,-17,32
48,-18,35
46,-18,38
47,-18,38
50,-18,36
52,-18,35
55,-19,35
54,-19,35
53,-17,30
53,-17,28
58,-19,28
57,-18,28
53,-19,29
51,-18,29
49,-15,28
49,-16,28
51,-19,29
52,-22,30
54,-25,26
55,-23,24
54,-23,23
53,-22,22
54,-19,23
54,-17,23
53,-14,25
54,-12,27
55,-12,27
56,-12,25
57,-12,25
59,-11,24
60,-12,27
61,-13,34
60,-16,33
57,-15,27
55,-14,24
54,-14,23
58,-17,25
57,-21,26
53,-21,27
57,-19,32
54,-17,31
49,-13,29
46,-14,28
48,-16,29
51,-17,30
50,-17,29
50,-17,29
53,-17,30
52,-17,30
52,-16,29
51,-16,29
51,-14,30
51,-15,30
50,-16,30
50,-19,29
50,-20,30
50,-20,33
51,-20,36
50,-22,40
51,-21,39
52,-21,31
52,-21,30
52,-23,27
49,-23,27
47,-21,27
49,-22,26
56,-21,27
61,-20,27
63,-22,28
59,-22,28
50,-18,27
48,-17,26
51,-16,24
51,-17,22
58,-22,20
60,-25,21
58,-24,23
56,-24,22
54,-20,22
53,-18,23
52,-15,23
55,-17,23
56,-16,22
57,-13,24
57,-14,24
57,-15,25
57,-15,26
58,-16,30
56,-20,28
57,-18,26
56,-17,26
53,-19,25
53,-23,26
52,-27,26
57,-28,28
53,-25,32
44,-23,32
44,-25,32
44,-30,30
47,-36,36
44,-33,27
51,-25,20
51,-23,19
41,-35,22
37,-30,18
40,-30,10
61,-26,9
50,-19,-9
54,-27,0
56,-20,-8
53,-23,3
56,-34,14
98,-13,-12
84,-11,-25
86,-34,-1
81,-32,18
49,-33,17
47,-28,2
43,-28,-7
57,-22,-9
49,-56,-6
34,-37,-5
38,-53,-2
61,-62,6
44,-52,9
22,-53,15
39,-53,31
37,-48,16
41,-43,3
45,-42,8
49,-53,4
92,-39,14
68,-37,17
63,-29,-2
81,-25,4
34,-39,-17
41,-39,-6
42,-37,-20
68,-37,-23
62,-23,-9
48,-18,-21
66,-27,-15
38,-28,-14
23,-46,-4
35,-56,-11
19,-74,-26
43,-67,-20
30,-59,-11
45,-60,-6
52,-55,13
60,-52,9
29,-45,15
48,-41,15
56,-39,6
47,-39,4
40,-44,3
38,-42,3
45,-43,0
43,-42,11
42,-39,10
48,-37,9
52,-36,11
45,-36,11
43,-36,14
51,-36,12
49,-34,9
46,-33,14
46,-32,14
51,-29,13
53,-28,13
54,-29,26
57,-29,21
55,-28,20
65,-29,11
60,-34,10
71,-33,11
48,-32,10
49,-30,14
53,-28,14
61,-27,8
56,-30,8
50,-30,9
57,-30,7
55,-30,4
47,-28,-1
54,-31,6
56,-33,8
53,-32,2
50,-33,-1
46,-32,3
46,-30,2
57,-29,4
52,-28,1
57,-30,-2
52,-32,-2
61,-30,-2
58,-29,-6
68,-34,-5
64,-36,-2
69,-34,-7
61,-32,-8
58,-30,4
54,-30,1
62,-29,3
60,-30,3
59,-30,4
58,-31,6
49,-33,3
45,-35,4
43,-40,6
38,-37,4
48,-33,8
57,-29,17
53,-28,19
50,-27,13
46,-28,12
48,-32,11
48,-32,9
52,-33,9
56,-31,15
54,-29,19
51,-28,16
47,-30,15
49,-32,15
50,-31,14
53,-30,15
57,-27,19
53,-25,15
46,-24,23
53,-23,23
62,-23,23
57,-25,21
58,-33,20
62,-37,16
68,-40,18
62,-36,17
43,-27,7
48,-27,1
54,-32,10
58,-34,12
54,-33,8
55,-34,8
50,-31,9
45,-30,13
49,-26,12
54,-24,12
56,-25,15
54,-23,13
59,-24,14
55,-25,17
53,-24,16
56,-24,18
55,-23,18
55,-22,12
57,-23,15
57,-24,19
56,-23,18
58,-22,19
59,-19,21
64,-18,20
68,-23,18
70,-25,17
65,-23,20
51,-15,18
49,-16,17
51,-25,11
55,-27,9
51,-30,8
48,-32,13
48,-31,16
53,-28,18
53,-28,17
50,-26,20
49,-26,21
55,-27,20
54,-27,17
51,-29,20
47,-30,20
48,-29,18
51,-28,17
53,-27,14
52,-29,14
53,-30,20
54,-31,18
49,-28,23
52,-27,20
66,-29,13
67,-35,23
59,-31,12
57,-29,8
51,-32,7
52,-29,6
49,-23,4
51,-24,3
59,-23,4
55,-24,7
53,-25,9
52,-27,10
51,-28,9
63,-26,4
61,-26,5
59,-28,4
54,-28,6
53,-28,4
55,-28,3
58,-27,5
57,-26,5
56,-25,8
57,-25,8
62,-30,12
66,-30,13
61,-27,10
60,-27,9
62,-33,6
62,-36,7
60,-34,12
55,-28,12
53,-22,7
53,-27,6
57,-34,6
51,-35,8
48,-35,12
43,-36,15
41,-39,14
53,-44,15
58,-42,17
38,-37,19
38,-35,16
37,-31,18
47,-33,25
40,-31,24
37,-35,26
35,-38,29
37,-39,29
43,-35,29
42,-37,32
40,-34,28
43,-32,28
43,-32,28
46,-36,32
50,-32,33
45,-28,36
36,-28,31
38,-29,33
42,-35,33
51,-37,34
58,-30,44
44,-30,42
45,-34,39
46,-33,35
42,-32,33
39,-31,33
30,-31,31
36,-25,25
39,-23,26
47,-24,19
47,-27,16
43,-32,15
52,-29,11
62,-27,15
60,-27,19
58,-31,26
60,-28,19
59,-26,22
51,-26,19
54,-22,18
56,-23,16
60,-26,19
61,-26,19
56,-26,15
54,-26,14
61,-29,16
56,-30,17
55,-29,16
55,-30,21
50,-29,22
46,-29,21
51,-34,25
50,-36,18
61,-37,18
63,-37,16
51,-29,10
48,-26,14
55,-22,12
49,-34,14
46,-37,9
55,-37,19
49,-35,18
44,-36,15
44,-38,13
46,-41,17
41,-39,16
43,-36,14
42,-35,13
47,-33,25
43,-32,22
50,-38,23
47,-41,17
47,-42,18
46,-42,23
48,-37,19
39,-36,18
42,-36,19
48,-34,18
47,-33,17
49,-32,26
50,-31,30
45,-31,25
45,-32,23
55,-33,35
46,-33,29
45,-33,27
44,-35,28
43,-35,25
43,-36,23
45,-37,22
47,-38,22
46,-38,19
49,-41,20
48,-41,22
44,-36,16
51,-29,17
64,-34,25
50,-34,19
56,-34,20
48,-35,18
58,-38,17
50,-36,17
44,-28,12
44,-32,12
43,-34,17
46,-38,20
47,-39,20
42,-37,19
49,-33,11
70,-30,19
67,-23,8
67,-26,11
55,-19,15
62,-22,16
51,-23,20
53,-24,22
47,-24,21
47,-21,22
50,-30,28
44,-32,25
47,-25,15
43,-25,17
55,-31,16
62,-40,20
55,-52,18
49,-57,21
44,-54,18
27,-51,13
38,-50,13
49,-50,14
38,-42,19
28,-29,8
40,-37,12
46,-40,23
40,-37,20
41,-42,17
44,-43,18
50,-45,20
55,-47,24
29,-40,14
34,-38,14
45,-39,17
46,-39,20
42,-39,22
45,-39,19
49,-37,19
43,-36,21
48,-34,19
52,-34,19
57,-35,21
55,-37,20
60,-42,23
65,-39,22
34,-35,17
37,-35,20
53,-32,25
61,-32,22
49,-33,16
48,-34,10
49,-32,11
57,-31,8
52,-30,11
52,-30,14
54,-30,10
61,-32,16
64,-32,22
39,-27,23
46,-27,23
52,-27,13
53,-30,21
48,-25,21
49,-27,20
50,-28,20
49,-25,21
57,-32,23
60,-31,26
55,-25,24
45,-28,16
50,-33,21
63,-33,24
61,-36,11
48,-53,14
95,-51,24
50,-33,0
50,-33,6
45,-34,21
40,-32,26
29,-32,10
48,-41,20
44,-45,18
40,-46,17
46,-46,20
44,-42,19
35,-41,15
40,-42,18
40,-44,22
42,-43,18
40,-41,23
38,-39,28
40,-34,22
39,-33,22
47,-29,27
50,-30,29
51,-33,30
45,-34,27
36,-33,23
40,-34,25
50,-33,35
50,-29,31
49,-26,29
45,-27,33
52,-28,31
52,-33,26
51,-36,22
48,-38,17
43,-40,18
46,-36,22
50,-34,24
59,-33,24
63,-34,26
54,-34,23
50,-34,22
47,-29,11
49,-27,10
50,-27,12
51,-27,12
55,-29,17
54,-29,18
56,-28,18
52,-26,20
48,-23,20
49,-22,18
56,-25,21
55,-25,20
54,-23,20
55,-23,24
53,-24,24
55,-26,24
54,-28,23
55,-26,15
54,-25,18
54,-26,26
54,-29,25
55,-32,25
52,-31,21
60,-27,18
59,-27,16
52,-31,19
50,-32,15
62,-35,16
60,-37,17
39,-36,13
38,-38,12
42,-41,12
43,-42,14
44,-39,12
47,-36,10
48,-35,20
42,-33,20
49,-32,21
51,-32,23
50,-32,23
48,-33,20
43,-30,17
47,-33,21
48,-32,24
50,-31,23
56,-33,27
49,-35,28
45,-32,32
44,-30,25
44,-28,21
46,-29,27
43,-30,28
55,-30,29
63,-31,30
60,-38,21
55,-42,15
53,-39,27
53,-35,27
56,-30,10
49,-25,11
46,-23,15
62,-21,11
52,-28,10
49,-28,9
46,-30,9
52,-30,13
57,-22,23
52,-20,23
52,-23,15
57,-29,20
63,-31,21
59,-31,27
63,-32,27
54,-32,22
45,-27,17
39,-25,24
33,-23,24
49,-26,25
74,-32,28
60,-23,20
43,-22,23
52,-15,33
55,-17,30
51,-19,28
59,-22,34
59,-24,30
41,-23,27
45,-28,21
68,-28,32
58,-27,22
56,-29,30
54,-26,36
45,-27,29
29,-34,29
36,-38,32
39,-44,20
45,-42,14
44,-37,23
35,-28,21
43,-29,27
42,-25,30
39,-27,22
45,-35,33
46,-41,35
38,-42,34
47,-43,38
42,-42,28
38,-39,27
42,-32,24
42,-32,30
39,-37,29
48,-38,32
39,-34,31
32,-36,29
50,-39,34
40,-35,32
48,-35,32
50,-33,28
44,-38,18
50,-44,25
56,-46,32
46,-42,14
33,-37,4
24,-39,8
53,-35,7
78,-44,0
76,-53,-1
61,-45,-3
41,-43,-2
42,-37,10
43,-39,10
39,-37,6
38,-38,8
61,-45,20
42,-41,12
52,-37,15
60,-42,21
51,-42,8
53,-37,16
48,-27,20
62,-38,-3
79,-21,21
21,-32,7
38,-36,33
32,-38,15
51,-44,16
55,-43,22
44,-34,15
43,-29,20
37,-26,5
42,-23,9
58,-17,17
44,-20,19
38,-23,11
54,-28,14
53,-29,14
46,-32,19
37,-32,25
36,-23,11
57,-15,14
68,-16,26
63,-18,15
55,-21,6
65,-25,9
57,-35,15
47,-38,16
49,-44,11
61,-48,11
43,-45,15
56,-47,8
70,-40,7
49,-44,-7
47,-43,-5
49,-40,-9
38,-46,-1
43,-51,-7
62,-49,-8
55,-50,-19
33,-48,-8
45,-39,-13
44,-41,-17
52,-36,-2
39,-33,-5
49,-35,-5
59,-34,-6
47,-36,-14
47,-33,-12
46,-33,-5
50,-38,-9
47,-37,-13
50,-36,-8
43,-36,-12
50,-38,-16
57,-39,-11
57,-42,-4
48,-53,-4
46,-53,-6
47,-52,-8
45,-50,-7
59,-45,-12
52,-45,-16
24,-38,-10
38,-40,-8
38,-44,-8
22,-49,-8
44,-51,-3
39,-46,-2
38,-45,-2
41,-42,-4
45,-42,-1
45,-45,-3
43,-41,-6
37,-36,9
19,-41,-10
45,-42,1
42,-44,-1
49,-43,5
38,-48,4
74,-70,10
68,-64,12
44,-58,14
61,-53,20
103,-47,23
89,-40,2
60,-15,-13
60,-1,-10
42,7,-12
39,14,-12
43,16,-7
36,14,-11
40,12,-9
37,11,-4
62,20,-7
71,25,0
63,22,0
38,16,-4
42,15,-4
60,25,0
68,26,2
70,25,2
55,25,-5
49,24,-4
46,22,-6
55,28,-4
54,36,-11
67,29,7
75,32,17
68,26,12
71,32,1
54,23,9
45,24,6
45,26,-1
45,25,2
50,28,-9
41,21,-3
55,17,5
51,22,-2
55,13,9
52,30,-8
50,33,-4
54,37,5
54,43,9
64,41,-11
51,17,15
74,8,44
61,11,26
64,21,-15
54,31,-27
47,27,5
61,28,11
83,42,-8
74,41,-4
47,35,-6
39,26,1
62,39,10
79,43,6
59,30,20
43,26,7
50,29,1
57,27,8
57,23,13
58,22,2
47,20,-14
48,23,1
58,24,8
57,29,7
66,30,12
52,37,-12
79,26,21
52,23,7
48,22,6
49,22,-1
62,29,4
72,26,11
76,25,14
58,21,12
59,17,15
55,17,17
46,16,19
70,17,26
79,22,31
63,16,33
56,12,27
61,10,28
56,7,28
45,10,26
50,10,32
49,6,30
57,7,32
47,6,28
50,7,32
37,10,36
36,10,39
52,13,63
39,17,51
44,18,44
34,20,24
49,13,36
38,6,41
28,3,39
39,5,50
47,6,56
43,12,39
-37,-1,3
63,9,93
39,9,83
39,5,86
51,4,89
64,15,57
78,15,32
53,48,11
68,53,9
67,66,-3
72,56,-6
13,35,7
-5,36,-7
6,36,-3
19,40,8
-6,32,28
26,39,29
24,55,27
13,51,39
19,49,36
19,41,31
34,51,20
33,71,12
26,65,10
11,67,5
14,67,4
6,58,14
11,56,26
25,57,23
22,57,33
31,54,59
34,53,62
22,63,27
26,62,14
12,40,23
19,35,25
36,35,34
42,34,39
27,34,33
19,38,32
16,48,38
36,50,38
43,56,44
27,50,41
14,37,39
34,42,46
25,46,45
10,40,41
21,34,48
14,35,41
13,42,31
13,52,12
9,46,31
29,40,65
49,41,52
16,44,24
21,45,26
34,49,27
18,46,25
5,47,34
3,49,33
23,49,45
15,49,45
17,46,43
23,55,43
36,60,37
36,58,29
21,59,27
23,58,34
33,64,29
7,53,26
15,44,37
4,36,28
0,46,0
35,40,19
40,53,23
54,54,47
44,50,42
26,60,-6
35,57,-1
32,42,22
25,34,13
34,37,0
40,35,3
50,41,11
47,43,10
49,51,12
42,58,8
52,63,14
60,65,25
68,54,38
49,50,21
45,42,31
46,43,28
24,31,16
19,33,11
44,35,31
39,30,37
43,28,38
15,33,28
23,36,27
41,46,21
50,49,14
53,37,24
32,28,19
38,23,25
43,25,26
56,29,20
56,32,25
28,33,21
43,39,16
55,42,25
55,37,31
54,42,18
40,41,15
47,41,21
49,45,18
58,48,20
49,43,16
42,41,9
39,37,5
64,39,7
66,41,9
52,45,7
52,46,2
47,45,-3
45,49,-6
50,44,-5
56,41,7
59,43,9
55,47,4
50,48,0
35,42,-6
32,41,-5
33,42,-4
34,42,-3
42,49,0
38,48,1
35,52,-3
31,53,-5
26,53,-1
36,56,3
43,54,5
45,56,7
44,54,3
43,53,0
47,52,7
49,49,11
46,40,10
48,36,9
51,34,9
46,38,12
35,41,13
40,48,13
44,51,12
41,52,17
39,51,18
32,50,15
34,48,14
44,46,19
36,45,15
36,48,12
40,47,13
32,47,13
29,46,11
49,50,11
44,49,8
46,50,3
53,47,7
40,46,8
44,48,7
43,45,1
42,44,2
42,46,6
47,49,5
61,51,14
56,48,14
37,42,8
41,41,9
39,40,9
24,30,13
20,30,15
13,38,6
11,38,4
15,29,8
12,23,8
31,13,6
45,7,7
79,-10,18
82,-28,11
127,-15,22
122,-17,14
75,-28,10
68,-20,21
65,-23,23
68,-23,21
71,-24,7
61,-37,8
56,-34,12
66,-33,0
70,-45,1
63,-48,-4
47,-37,-5
50,-38,-5
42,-27,-4
45,-22,-3
50,-17,-7
53,-13,-1
52,-17,0
33,-36,-3
36,-40,2
34,-40,7
36,-40,10
42,-45,17
46,-46,17
42,-47,20
44,-50,20
65,-45,26
64,-45,27
63,-40,32
64,-33,31
48,-20,34
49,-13,44
74,-11,52
69,-9,41
64,-8,31
69,-16,32
70,-28,33
56,-27,27
53,-26,22
52,-30,19
40,-27,13
60,-31,15
74,-39,8
48,-37,4
46,-39,5
59,-27,19
55,-24,7
18,-21,0
23,-22,6
52,-20,13
59,-19,14
48,-23,15
60,-24,24
47,-33,34
42,-35,25
67,-20,12
63,-9,4
51,-2,2
50,-5,8
83,-17,23
88,-26,37
100,-32,54
56,-29,25
18,-28,11
1,-23,-9
57,-16,4
72,-15,-6
33,-25,-21
47,-17,-11
91,-2,-10
74,-9,7
76,-8,13
50,-16,3
59,-7,4
47,-12,17
43,-24,20
46,-32,7
53,-41,5
43,-41,19
56,-30,9
70,-28,25
70,-22,26
59,-14,20
58,-17,20
59,-16,21
59,-13,18
67,-7,14
70,-10,14
75,-13,11
79,-15,11
69,-16,12
59,-15,9
50,-13,4
55,-13,2
63,-12,-3
63,-11,-6
61,-11,-3
59,-10,3
58,-10,7
56,-12,9
58,-13,10
61,-14,14
59,-15,19
58,-10,11
60,-9,11
59,-11,14
64,-12,16
69,-9,8
63,-9,4
60,-9,7
60,-8,8
62,-10,14
65,-13,18
64,-19,19
66,-20,17
68,-20,12
63,-19,10
59,-18,10
59,-19,12
50,-22,11
48,-24,10
48,-31,13
50,-33,11
57,-29,12
54,-21,17
53,-18,16
53,-17,16
54,-16,15
55,-18,16
55,-19,17
55,-19,17
54,-19,17
53,-17,17
55,-16,17
57,-15,16
58,-17,16
58,-18,18
60,-17,20
59,-12,19
58,-9,18
68,-6,16
75,-8,15
78,-16,10
74,-20,12
58,-21,11
54,-19,9
53,-17,4
55,-17,2
63,-21,0
64,-21,0
60,-23,1
54,-20,2
53,-19,3
53,-15,6
54,-15,8
60,-16,9
62,-17,10
61,-17,9
60,-16,10
59,-14,13
60,-13,14
64,-14,13
64,-14,11
62,-14,8
61,-13,8
61,-10,9
62,-10,11
61,-10,16
60,-11,17
59,-10,15
62,-11,13
76,-20,11
73,-24,12
70,-23,13
63,-18,12
48,-13,9
45,-14,9
50,-25,11
61,-34,11
60,-32,10
53,-21,10
53,-17,12
56,-14,15
58,-14,16
59,-17,17
58,-18,17
55,-19,15
55,-18,15
54,-17,14
54,-17,13
55,-17,13
55,-17,13
58,-16,17
60,-16,17
59,-14,16
58,-13,15
57,-12,15
58,-12,15
59,-10,15
60,-10,15
66,-13,11
70,-16,9
74,-27,9
74,-32,10
65,-35,13
48,-23,9
49,-21,9
53,-19,8
57,-21,7
61,-24,5
60,-25,4
58,-28,0
59,-29,0
59,-25,5
56,-22,8
54,-13,8
56,-12,7
60,-14,7
60,-16,7
60,-20,10
60,-20,11
60,-17,11
61,-15,11
63,-12,11
61,-11,11
61,-9,12
62,-9,12
65,-12,13
64,-13,12
63,-16,11
64,-18,11
60,-19,13
56,-13,13
60,-12,13
68,-20,14
66,-23,14
57,-23,12
52,-22,10
50,-24,11
50,-26,12
51,-29,14
53,-29,16
56,-27,17
57,-25,16
54,-21,15
54,-21,15
55,-22,17
54,-23,17
54,-22,15
55,-22,15
57,-21,16
56,-20,17
56,-18,17
58,-18,17
59,-18,18
58,-18,18
56,-19,18
60,-22,19
60,-25,20
61,-31,26
61,-38,27
64,-36,19
63,-32,22
60,-32,22
63,-27,18
68,-17,15
52,-7,11
42,-4,17
42,5,14
57,13,11
55,22,-7
102,16,-31
95,18,-40
72,16,-12
63,10,-4
83,0,15
86,2,22
64,-6,32
53,-12,38
52,-13,47
58,-17,51
35,-24,53
24,-25,57
45,-11,66
35,-12,64
17,-10,56
21,-18,54
32,-20,54
24,-9,58
27,-7,63
14,1,58
10,1,61
3,-6,60
-1,-2,60
11,5,67
13,1,70
-4,1,57
-4,4,55
37,-16,77
42,8,71
34,6,51
34,8,43
45,18,25
44,22,27
55,20,44
63,-12,48
60,30,59
33,29,42
27,30,42
22,31,42
16,31,45
15,29,45
-9,24,39
-10,26,42
-18,26,44
-20,25,48
-9,22,54
-30,14,47
-29,18,50
-20,33,53
-23,33,56
-21,15,57
-41,39,53
-19,26,55
-14,26,58
-30,21,54
-22,13,54
-13,13,63
-16,13,63
-17,14,59
-15,15,61
-24,21,61
-25,22,57
-36,25,54
-38,24,52
-41,24,48
-38,25,45
-40,26,41
-38,23,43
-37,25,44
-39,26,44
-44,27,42
-41,25,38
-42,22,42
-44,24,40
-43,20,42
-41,22,42
-43,21,41
-70,40,33
-49,25,37
-29,14,50
-34,22,48
-41,19,47
-41,17,47
-42,15,48
-35,17,52
-38,16,52
-39,9,51
-39,10,50
-40,10,51
-34,14,55
-36,17,55
-37,12,52
-45,14,48
-48,15,42
-52,16,41
-52,12,41
-45,12,46
-44,15,46
-47,12,42
-48,11,41
-47,14,44
-46,13,45
-46,12,45
-48,11,43
-41,11,46
-37,9,49
-40,9,50
-44,7,48
-44,11,46
-43,12,46
-43,11,48
-42,11,48
-46,13,45
-44,14,46
-45,14,45
-46,12,44
-41,13,46
-39,14,48
-43,13,45
-43,13,45
-42,14,46
-39,14,50
-40,15,48
-40,15,49
-38,16,49
-38,14,50
-38,16,50
-35,16,53
-35,12,54
-43,18,50
-32,18,53
-30,14,55
-33,13,54
-31,14,55
-31,14,52
-34,16,53
-34,14,54
-38,16,50
-35,15,51
-34,12,52
-35,13,53
-41,18,50
-31,13,55
-42,16,49
-35,15,51
-36,14,50
-39,13,49
-38,18,48
-34,16,52
-35,16,54
-38,14,49
-42,17,48
-34,15,54
-30,11,57
-31,14,54
-36,14,53
-32,14,56
-30,12,55
-37,14,51
-39,14,52
-34,13,55
-33,13,52
-41,16,47
-38,14,52
-36,14,53
-38,16,48
-35,8,50
-34,8,57
-29,19,64
-27,18,62
-31,5,47
-38,6,46
-39,8,48
-38,10,47
-37,12,48
-38,12,49
-40,10,48
-39,10,50
-38,9,51
-38,7,49
-38,6,48
-37,5,51
-36,5,51
-40,6,49
-40,6,49
-39,4,50
-40,5,51
-41,5,51
-42,5,52
-40,7,54
-40,7,55
-42,9,57
-42,11,57
-40,9,57
-39,8,57
-37,9,57
-33,9,60
-27,9,59
-27,8,56
-27,11,53
-25,11,54
-26,7,54
-28,6,55
-31,7,56
-31,8,57
-31,9,55
-32,11,51
-32,14,49
-29,14,50
-29,14,52
-29,13,54
-29,13,55
-31,13,57
-33,12,56
-35,15,55
-34,18,55
-31,13,61
-31,8,63
-38,5,57
-36,8,55
-38,8,60
-34,5,63
-31,0,63
-29,-6,62
-28,-7,58
-27,-7,55
-28,-1,52
-27,1,53
-27,0,54
-28,0,53
-29,0,54
-31,1,55
-32,1,55
-32,0,54
-34,2,53
-34,1,53
-33,0,54
-33,0,54
-34,-1,54
-34,-1,54
-33,-1,54
-33,0,56
-34,0,55
-34,1,56
-34,2,57
-36,6,57
-37,7,56
-38,9,57
-38,9,58
-36,6,58
-36,4,57
-34,2,61
-32,4,64
-31,7,59
-28,6,55
-26,5,54
-24,3,54
-25,1,55
-29,2,54
-31,4,53
-29,5,53
-30,5,52
-32,7,50
-32,8,49
-29,10,52
-28,10,53
-31,8,55
-32,8,55
-34,10,52
-34,13,52
-28,13,58
-28,7,60
-37,-1,54
-39,-6,50
-32,-2,56
-28,-6,59
-28,-17,49
-27,-27,39
-20,-28,22
-13,-28,15
-1,-35,1
9,-38,-6
34,-48,-6
49,-53,1
76,-72,23
80,-86,41
82,-90,31
121,-76,40
108,-65,41
84,-41,30
77,-27,21
61,-10,24
51,-4,22
70,-3,34
74,-9,30
89,-45,19
79,-50,22
71,-46,26
84,-45,27
63,-58,27
53,-53,30
41,-45,27
41,-35,25
47,-39,15
47,-42,13
33,-42,14
32,-34,18
47,-27,12
44,-27,4
22,-18,1
34,-20,2
62,-18,9
43,-20,17
35,-27,12
49,-28,25
59,-27,24
54,-25,16
48,-23,4
71,-26,-13
100,-15,-6
90,-16,-1
59,-25,-18
58,-34,-28
98,-24,-8
57,-12,-22
47,-9,-15
34,-21,-7
67,-6,-9
57,-6,-12
29,-5,-22
34,-17,-2
61,-15,13
76,-17,17
58,-19,9
41,-38,18
48,-37,23
54,-51,24
66,-45,18
63,-16,5
46,-9,1
52,-8,4
61,-7,13
58,-9,16
58,-12,22
63,-9,23
65,-5,17
73,-2,12
96,-18,9
96,-20,14
70,-26,13
52,-21,7
62,-27,5
67,-29,1
59,-34,-8
54,-35,-8
49,-32,0
44,-28,3
43,-19,7
47,-15,7
53,-14,7
53,-13,6
55,-13,6
58,-12,7
62,-8,14
64,-5,20
71,-4,20
69,-11,14
66,-10,13
57,-2,17
69,-7,18
93,-17,16
87,-20,18
59,-21,12
57,-16,8
51,-19,8
48,-25,9
49,-36,14
53,-37,19
43,-27,12
40,-20,8
47,-14,8
54,-13,7
61,-14,8
63,-13,12
62,-10,19
61,-9,19
54,-8,14
53,-9,13
59,-14,10
58,-17,7
52,-21,13
63,-18,18
64,-9,12
65,-1,14
92,2,15
94,-16,6
82,-14,6
53,-25,2
49,-23,1
68,-28,-4
64,-27,-12
51,-28,-14
45,-29,-10
41,-26,2
42,-23,7
46,-18,7
50,-16,7
54,-13,7
54,-12,7
60,-14,9
63,-15,10
63,-15,21
65,-17,21
63,-21,18
70,-24,20
89,-23,18
106,-19,15
73,-17,12
57,-14,9
48,-11,4
55,-17,-1
57,-41,1
43,-39,3
38,-32,3
36,-25,1
39,-21,1
51,-18,1
56,-20,3
63,-21,18
64,-19,23
58,-15,23
51,-14,18
50,-14,11
55,-18,11
59,-23,11
53,-23,9
61,-19,13
63,-17,11
68,-7,9
83,-2,10
110,-20,16
84,-23,13
47,-21,8
44,-31,5
58,-48,-8
61,-53,-15
52,-42,-8
48,-37,-4
45,-24,7
47,-19,8
49,-17,6
58,-17,3
60,-18,4
59,-17,7
57,-14,8
55,-7,14
60,-3,18
71,-4,18
66,-7,11
64,-13,14
65,-14,15
71,-19,21
84,-26,21
81,-32,15
65,-29,11
50,-19,5
47,-20,4
46,-34,2
46,-38,4
45,-31,8
41,-27,6
44,-18,5
47,-16,6
54,-14,11
58,-13,16
66,-13,24
65,-13,19
55,-12,16
52,-15,14
53,-15,13
59,-19,13
57,-21,10
61,-20,13
61,-17,11
77,-6,12
97,-3,16
89,-24,15
69,-21,14
40,-28,5
55,-36,5
70,-49,-9
64,-46,-13
43,-40,-11
40,-34,-4
38,-25,6
39,-23,8
47,-23,6
51,-22,5
56,-19,5
57,-18,5
59,-16,5
60,-13,6
63,-5,15
69,-5,20
67,-9,14
68,-11,13
72,-11,17
86,-23,22
89,-27,21
64,-25,14
54,-21,9
49,-20,5
50,-28,2
50,-40,2
50,-34,5
39,-24,3
41,-18,3
48,-13,1
52,-12,2
61,-10,18
66,-8,27
69,-12,24
58,-9,13
49,-11,10
48,-11,11
56,-14,12
63,-15,13
58,-22,8
62,-23,9
63,-15,11
69,-10,14
99,-13,20
75,-22,10
65,-20,8
45,-27,4
55,-31,2
66,-39,-9
61,-38,-13
46,-34,-7
43,-29,-2
41,-23,7
43,-22,7
50,-22,8
54,-21,8
58,-19,3
58,-18,2
57,-12,3
55,-10,7
64,-3,28
74,-9,31
63,-9,13
64,-11,12
68,-4,14
80,-7,17
97,-22,18
81,-26,17
58,-22,8
50,-19,3
45,-33,0
50,-37,7
47,-32,9
39,-23,3
44,-19,2
53,-14,1
56,-14,4
62,-14,21
65,-14,27
62,-11,22
56,-10,14
49,-11,10
47,-12,10
55,-17,13
57,-20,12
61,-24,9
65,-23,10
67,-16,8
81,-9,12
110,-22,27
85,-22,22
43,-14,7
37,-18,0
75,-37,1
77,-40,-4
54,-36,-9
45,-34,-6
39,-28,5
38,-22,9
41,-19,8
48,-17,8
51,-16,7
59,-17,7
63,-18,8
61,-12,16
64,-6,24
70,-14,17
64,-12,13
57,-7,10
59,-6,15
90,-23,21
93,-28,22
67,-31,12
60,-28,8
45,-24,4
42,-29,4
46,-46,5
49,-43,10
42,-31,11
45,-24,10
49,-18,9
50,-15,10
54,-13,13
57,-14,16
59,-16,18
52,-14,16
50,-14,16
53,-15,16
57,-18,16
55,-24,12
59,-23,16
65,-20,17
74,-17,18
117,-24,19
98,-28,15
54,-22,13
41,-23,9
55,-30,5
68,-40,-1
60,-39,-13
49,-36,-13
41,-28,-1
40,-23,5
43,-19,9
47,-18,9
56,-19,9
61,-20,8
63,-21,7
61,-18,8
55,-9,15
61,-6,20
62,-9,12
61,-16,12
61,-16,10
58,-15,14
64,-18,19
97,-33,23
91,-37,18
64,-33,11
55,-26,9
41,-28,7
37,-34,7
49,-35,15
48,-31,16
43,-20,11
43,-18,10
48,-18,11
53,-19,12
58,-22,18
57,-20,19
55,-16,18
54,-15,18
53,-12,18
53,-11,17
56,-14,13
55,-19,11
62,-22,20
67,-20,21
71,-10,22
101,-15,14
99,-25,11
68,-24,14
54,-26,8
54,-28,4
64,-31,0
61,-31,-12
54,-32,-12
42,-28,-4
40,-25,1
39,-19,7
45,-18,9
55,-17,11
58,-15,9
57,-13,9
59,-14,12
61,-16,22
64,-17,25
61,-18,10
58,-17,9
64,-12,8
63,-11,10
86,-22,23
101,-28,22
68,-28,15
50,-12,3
48,-13,2
56,-38,4
57,-46,8
45,-37,10
37,-31,6
39,-20,2
42,-18,2
52,-14,2
55,-12,5
64,-8,22
68,-7,31
59,-9,20
50,-8,12
51,-16,11
56,-18,14
54,-23,12
57,-22,13
65,-18,10
68,-14,10
94,-1,18
114,-11,20
73,-20,12
61,-19,12
47,-31,4
57,-36,-1
59,-39,-13
45,-34,-10
41,-30,-4
41,-21,7
41,-19,7
49,-16,6
56,-17,7
64,-18,8
62,-16,7
57,-10,11
59,-5,21
69,-6,32
60,-11,11
62,-15,12
69,-19,15
64,-16,15
64,-16,20
93,-28,22
95,-30,14
63,-30,8
54,-23,8
48,-25,2
45,-34,2
42,-39,6
40,-35,7
40,-25,3
46,-22,4
53,-17,6
53,-16,7
59,-15,14
65,-14,21
63,-13,21
51,-11,15
50,-11,14
55,-15,10
61,-22,8
64,-27,12
74,-24,18
68,-13,17
79,-8,18
100,-9,10
84,-15,3
61,-21,9
51,-26,6
55,-32,-3
56,-36,-12
50,-37,-15
46,-35,-11
45,-28,1
44,-24,3
46,-20,4
51,-19,5
55,-16,5
58,-17,4
63,-20,7
62,-19,10
59,-15,18
61,-12,22
61,-14,17
61,-17,9
66,-20,9
64,-20,10
64,-20,14
80,-31,15
80,-31,17
62,-19,7
62,-14,6
58,-23,5
53,-34,6
47,-45,8
45,-42,4
37,-31,1
38,-27,2
46,-19,2
47,-18,4
51,-16,11
53,-16,14
61,-19,17
63,-20,16
57,-14,14
51,-10,16
52,-9,16
59,-12,12
57,-22,10
76,-23,18
64,-17,16
86,-9,7
98,-13,3
79,-23,0
66,-25,6
45,-25,4
56,-26,1
64,-29,-12
58,-28,-14
46,-25,-8
43,-23,-4
43,-17,1
47,-16,3
54,-16,6
56,-15,7
54,-12,5
54,-13,5
61,-19,10
65,-23,13
59,-26,13
62,-26,12
66,-21,6
69,-21,10
91,-35,13
94,-39,14
74,-33,6
60,-31,-2
51,-35,-1
41,-48,-1
39,-51,0
35,-44,4
35,-38,6
39,-24,7
40,-20,7
42,-16,7
43,-16,8
47,-17,10
51,-19,11
54,-21,16
52,-22,17
52,-20,14
55,-19,15
57,-15,13
51,-19,7
57,-21,16
68,-20,20
81,-16,16
92,-22,9
92,-32,8
80,-32,12
51,-31,3
55,-32,1
69,-41,-7
64,-41,-12
44,-35,-10
39,-27,-2
38,-22,0
42,-15,2
47,-14,4
54,-14,9
55,-12,10
56,-10,11
59,-11,13
63,-10,17
65,-11,17
58,-15,8
57,-17,11
59,-14,12
61,-14,17
101,-34,21
97,-39,15
62,-39,5
55,-34,3
39,-36,6
35,-43,5
42,-45,7
42,-38,10
43,-26,8
45,-22,8
47,-20,6
49,-19,7
51,-19,10
56,-19,16
56,-18,17
50,-16,14
51,-15,13
61,-17,12
60,-19,10
68,-19,16
73,-16,19
78,-9,16
88,-11,9
84,-29,2
74,-32,7
46,-36,5
47,-36,2
63,-44,-12
63,-42,-17
53,-35,-14
48,-32,-9
44,-24,0
43,-21,3
47,-19,9
50,-19,11
54,-16,11
54,-14,9
54,-15,6
58,-15,8
63,-15,14
65,-16,14
63,-18,11
66,-15,7
70,-17,11
92,-30,19
92,-34,21
63,-26,11
49,-21,2
45,-25,-3
50,-39,-3
52,-57,3
46,-49,3
38,-33,5
38,-25,6
41,-17,5
45,-15,6
52,-14,12
53,-14,14
55,-14,15
56,-14,15
55,-13,15
54,-11,14
58,-12,13
57,-20,7
61,-26,17
75,-25,21
83,-25,12
91,-29,5
88,-29,5
47,-26,0
48,-24,-2
65,-30,-5
71,-32,-8
59,-30,-11
49,-29,-10
41,-25,-3
41,-23,-1
43,-19,5
48,-18,7
53,-13,9
53,-11,8
52,-10,7
55,-10,9
67,-12,15
68,-11,18
59,-16,10
57,-18,9
63,-16,8
68,-18,17
108,-32,15
98,-33,13
54,-23,7
49,-22,4
47,-32,5
49,-44,1
46,-38,-1
39,-26,0
39,-22,1
45,-19,5
48,-18,9
55,-20,20
58,-20,20
54,-20,12
53,-20,10
48,-17,8
51,-16,8
62,-22,7
56,-18,8
73,-16,15
74,-7,18
92,0,13
94,-9,4
67,-19,0
62,-23,4
65,-44,4
68,-50,-5
54,-47,-21
46,-43,-18
44,-34,-5
43,-28,1
42,-19,6
47,-18,8
51,-18,11
53,-14,9
54,-15,9
62,-16,12
64,-15,15
62,-13,17
62,-18,14
69,-21,15
70,-19,12
78,-19,18
88,-28,18
75,-33,20
60,-31,15
48,-29,5
48,-38,1
46,-49,-4
42,-42,1
32,-27,3
35,-21,3
43,-15,3
49,-14,5
57,-12,16
61,-12,24
63,-12,30
59,-11,23
50,-11,13
60,-13,12
60,-20,9
66,-24,14
71,-22,18
83,-11,19
95,-14,17
85,-21,11
67,-23,10
47,-26,3
58,-33,1
64,-42,-12
58,-40,-16
42,-36,-11
40,-32,-5
39,-24,4
40,-21,5
48,-18,7
53,-18,9
58,-16,11
57,-15,10
58,-10,13
60,-9,17
65,-14,19
66,-17,14
64,-20,14
67,-19,13
69,-19,17
96,-30,19
90,-32,17
54,-27,11
43,-22,5
52,-34,3
57,-46,-1
50,-40,1
38,-31,0
37,-16,0
41,-12,1
50,-8,6
55,-5,12
76,-9,34
72,-12,25
52,-14,10
51,-15,12
51,-16,16
53,-18,16
55,-24,9
55,-26,9
63,-19,11
65,-10,16
99,-9,17
100,-20,10
72,-28,11
58,-27,10
58,-38,2
70,-45,-11
61,-39,-14
43,-31,-7
40,-28,-1
38,-22,5
39,-20,6
47,-17,8
51,-17,10
55,-13,8
57,-13,7
65,-14,14
66,-12,18
64,-13,20
61,-16,15
65,-17,14
65,-15,12
82,-23,19
95,-30,18
65,-34,18
55,-29,13
48,-29,4
51,-37,3
51,-50,-2
47,-42,2
38,-27,4
39,-21,4
45,-16,5
49,-14,7
59,-13,18
64,-16,24
59,-18,17
52,-18,12
50,-17,13
52,-18,14
57,-21,14
53,-24,8
57,-25,9
61,-17,12
64,-11,14
87,7,24
94,0,19
72,-19,5
73,-26,10
49,-34,8
55,-38,4
60,-44,-12
57,-43,-14
48,-38,-6
46,-34,-1
41,-27,4
41,-24,4
47,-21,6
50,-20,9
55,-18,13
56,-16,11
61,-16,10
63,-14,12
64,-13,18
63,-17,17
60,-20,16
62,-21,14
66,-23,17
88,-36,15
88,-39,14
61,-30,8
49,-24,2
48,-29,4
50,-40,0
49,-38,1
43,-30,-1
45,-15,0
46,-12,1
51,-7,14
57,-8,25
65,-17,22
54,-16,13
52,-21,9
50,-20,8
49,-19,13
53,-20,16
56,-25,11
55,-28,11
66,-22,15
65,-16,18
83,-1,23
86,-18,2
77,-24,5
56,-27,14
43,-26,6
65,-36,-1
72,-37,-7
59,-31,-9
48,-28,-7
42,-24,0
40,-22,2
41,-18,7
45,-18,10
53,-17,14
55,-15,14
57,-14,12
60,-14,13
66,-13,19
66,-16,16
64,-22,15
65,-20,14
69,-19,16
83,-28,16
81,-37,20
46,-23,5
44,-22,4
48,-29,5
53,-57,5
41,-42,5
36,-34,8
38,-21,7
43,-18,7
52,-13,10
57,-14,15
69,-14,26
64,-14,22
53,-11,14
50,-12,14
50,-13,17
55,-16,17
57,-23,9
56,-21,10
60,-14,18
65,-8,20
95,-4,18
102,-13,12
75,-29,10
68,-30,13
44,-28,3
52,-30,2
65,-34,-8
60,-32,-12
46,-30,-7
42,-28,-3
38,-23,3
46,-19,9
51,-18,12
59,-16,14
63,-16,13
64,-15,12
60,-14,11
57,-12,14
60,-15,16
60,-19,12
64,-19,11
60,-17,9
64,-19,14
92,-36,16
90,-40,18
62,-30,7
54,-27,1
46,-35,1
44,-45,1
45,-40,4
43,-34,6
42,-22,5
46,-19,5
52,-14,8
54,-14,11
60,-21,19
59,-23,16
54,-25,11
49,-22,10
46,-21,12
52,-21,12
55,-22,13
56,-26,11
51,-25,9
57,-19,11
59,-13,11
76,-2,15
91,-3,9
81,-27,7
75,-35,14
53,-43,14
39,-41,6
54,-46,-2
63,-45,-7
60,-36,-6
56,-31,-4
47,-25,0
46,-21,2
48,-16,8
50,-15,11
51,-15,16
52,-14,15
53,-11,12
55,-10,12
60,-9,13
65,-16,12
65,-17,11
70,-18,9
66,-18,8
78,-29,15
86,-35,17
73,-33,17
64,-30,9
44,-34,4
38,-38,3
41,-38,4
42,-33,6
39,-24,6
41,-21,5
49,-19,8
52,-20,11
58,-20,15
59,-19,17
55,-17,16
53,-16,14
52,-18,15
52,-18,14
56,-20,13
58,-23,10
59,-24,14
68,-21,18
75,-10,21
93,-15,5
90,-22,3
61,-27,9
53,-29,7
61,-37,2
68,-41,-5
59,-35,-14
51,-31,-12
45,-26,-1
44,-23,2
45,-19,5
46,-17,7
52,-17,13
53,-16,13
53,-14,9
54,-17,8
63,-18,12
65,-17,16
63,-19,14
60,-18,11
61,-17,9
59,-16,10
63,-19,19
75,-27,19
88,-40,18
73,-37,16
53,-24,6
45,-30,4
46,-39,2
46,-37,4
44,-32,4
48,-21,3
50,-17,3
51,-12,8
52,-10,14
60,-13,22
61,-16,22
52,-18,14
50,-18,13
50,-18,14
52,-17,14
58,-19,13
58,-22,11
60,-25,13
63,-23,16
71,-16,22
87,-16,20
91,-27,9
68,-27,9
55,-26,6
44,-26,3
59,-31,-3
63,-35,-8
55,-32,-10
46,-28,-4
44,-25,-1
44,-20,4
46,-18,5
54,-16,10
57,-15,11
63,-15,12
64,-15,14
64,-11,21
62,-9,23
58,-11,15
57,-13,11
66,-16,12
62,-12,8
59,-9,13
72,-17,16
94,-34,21
86,-36,20
59,-22,7
47,-20,4
40,-27,6
41,-35,8
48,-35,12
44,-31,10
48,-22,6
50,-20,6
52,-16,9
57,-16,17
60,-17,21
57,-18,18
52,-16,14
49,-17,14
51,-17,14
56,-21,15
56,-22,14
58,-26,12
63,-25,13
58,-16,16
69,-11,21
108,-22,16
95,-29,11
67,-30,13
48,-29,9
47,-33,2
55,-37,-3
51,-40,-9
45,-39,-7
41,-33,3
41,-28,6
43,-21,3
50,-21,2
63,-22,6
62,-21,10
53,-15,6
55,-8,11
59,-5,19
70,-3,27
64,-9,15
61,-18,12
66,-21,15
68,-21,16
74,-24,18
95,-36,17
85,-35,17
55,-18,4
45,-18,2
49,-34,1
50,-44,2
47,-38,3
40,-32,1
41,-20,-1
45,-16,1
52,-13,6
55,-12,13
69,-12,31
71,-12,30
51,-10,13
49,-13,12
55,-17,14
59,-19,14
58,-21,9
59,-22,7
61,-20,9
71,-14,14
89,-14,20
82,-26,16
70,-27,14
43,-25,4
48,-27,4
64,-37,-3
64,-41,-9
48,-42,-11
43,-38,-5
40,-30,4
41,-25,5
47,-21,4
52,-20,6
58,-19,8
61,-20,8
61,-18,8
59,-16,9
58,-8,16
61,-5,21
67,-7,20
64,-10,16
64,-17,17
64,-20,17
72,-27,18
94,-39,18
86,-35,17
48,-13,4
41,-12,0
50,-31,2
54,-42,5
50,-36,0
45,-31,-2
44,-20,-2
45,-17,-1
50,-15,7
54,-14,13
62,-14,27
65,-15,30
57,-13,16
53,-14,12
56,-16,12
58,-17,13
58,-21,14
58,-25,13
60,-28,13
58,-25,13
60,-20,13
70,-19,15
78,-24,17
76,-27,17
64,-28,11
59,-25,4
57,-23,1
57,-23,-5
58,-24,-7
54,-27,-8
53,-28,-5
48,-25,1
47,-23,4
50,-18,8
53,-17,9
54,-13,8
54,-12,7
62,-13,11
67,-14,16
69,-12,24
65,-11,23
58,-16,15
57,-18,13
61,-19,16
63,-19,16
66,-21,19
75,-26,18
85,-29,20
77,-25,16
49,-11,3
39,-9,4
42,-20,0
61,-33,5
59,-32,4
48,-21,-1
48,-17,-1
53,-15,2
56,-16,7
66,-15,21
67,-16,27
66,-16,21
58,-14,12
54,-17,8
55,-18,8
57,-22,8
57,-23,8
57,-19,6
58,-19,5
59,-19,8
58,-18,13
60,-15,19
67,-18,20
86,-30,9
80,-36,10
51,-26,4
47,-24,2
50,-20,2
53,-19,1
64,-20,-1
64,-19,-2
58,-19,-4
53,-18,-1
52,-18,4
57,-18,12
60,-17,11
62,-16,7
63,-16,7
61,-16,9
59,-15,10
55,-15,11
59,-16,11
63,-23,10
62,-22,7
61,-18,1
61,-17,5
72,-26,12
75,-30,13
68,-22,11
65,-18,6
59,-19,3
59,-24,7
50,-29,9
46,-31,6
42,-35,4
43,-33,4
48,-27,4
52,-25,4
57,-22,5
60,-16,11
62,-14,16
69,-10,28
68,-10,22
54,-14,8
53,-17,7
48,-18,7
50,-18,7
58,-19,9
60,-20,9
63,-23,12
65,-21,12
64,-15,16
76,-14,17
90,-24,6
75,-23,7
47,-21,8
39,-19,4
56,-21,1
72,-29,0
74,-25,-4
62,-21,-6
48,-20,-6
47,-20,-3
45,-20,2
46,-20,6
55,-21,12
59,-21,5
57,-20,4
55,-18,6
55,-17,9
58,-22,12
61,-26,14
69,-30,14
68,-26,10
62,-23,9
71,-27,13
71,-26,17
64,-20,14
61,-14,4
64,-21,5
57,-35,8
54,-38,7
44,-38,5
42,-32,7
39,-22,4
43,-19,4
54,-18,6
61,-17,10
66,-14,18
62,-11,21
60,-11,22
56,-11,16
50,-13,12
57,-15,11
60,-18,11
58,-22,11
54,-23,9
57,-26,10
60,-24,11
62,-17,8
73,-17,9
87,-27,16
79,-31,20
52,-30,15
39,-28,6
59,-33,4
67,-38,2
61,-33,-2
55,-29,-1
48,-26,4
46,-24,5
44,-19,5
46,-18,5
54,-20,7
57,-22,8
60,-24,9
59,-22,10
57,-18,11
56,-16,13
58,-11,18
63,-13,19
62,-15,16
63,-16,11
61,-16,10
67,-20,15
76,-26,16
78,-29,18
71,-24,15
66,-24,11
60,-30,13
44,-41,6
41,-43,3
40,-43,1
41,-37,4
43,-26,3
46,-23,5
50,-18,8
50,-16,12
55,-12,19
61,-13,22
67,-11,21
62,-10,18
53,-10,16
52,-12,17
56,-17,16
57,-21,12
61,-24,13
64,-21,14
64,-19,13
94,-16,12
94,-20,14
68,-25,21
52,-25,11
55,-27,1
61,-32,0
65,-31,-6
57,-31,-8
45,-33,-6
44,-32,-1
43,-25,4
43,-23,5
51,-21,8
53,-20,9
53,-16,7
53,-16,8
57,-16,13
60,-16,18
69,-18,23
68,-21,21
65,-17,10
58,-14,6
62,-15,15
74,-22,18
87,-36,21
68,-31,12
58,-28,7
40,-32,5
36,-35,4
36,-37,6
40,-35,9
44,-29,8
49,-26,7
55,-23,8
56,-21,10
57,-18,17
59,-17,20
61,-16,22
60,-17,21
53,-17,16
52,-18,15
55,-20,13
57,-21,13
55,-22,11
54,-22,10
57,-21,13
58,-17,14
61,-7,18
72,-4,21
87,-19,18
80,-31,18
71,-33,18
46,-27,7
48,-25,5
58,-28,1
62,-32,-1
57,-34,-2
52,-33,-1
46,-29,3
45,-26,4
47,-21,5
50,-19,7
57,-19,12
59,-20,13
60,-21,12
59,-19,13
58,-14,17
59,-12,18
62,-11,17
63,-13,15
64,-15,12
64,-14,11
58,-13,14
60,-15,18
76,-27,21
81,-30,21
72,-22,12
60,-15,5
51,-15,5
50,-34,10
51,-40,8
46,-38,8
43,-33,6
47,-22,4
49,-19,5
54,-15,10
59,-14,16
66,-15,24
64,-14,22
55,-15,13
53,-16,13
52,-15,13
54,-16,13
59,-21,14
58,-24,12
61,-24,13
59,-22,13
60,-14,14
69,-10,15
83,-16,16
78,-22,15
66,-29,15
61,-29,12
52,-24,5
55,-26,3
61,-31,-2
54,-32,-3
49,-31,-2
45,-25,2
45,-22,5
48,-18,8
52,-18,11
60,-20,12
64,-21,13
61,-19,14
58,-16,13
57,-11,17
58,-10,20
61,-16,16
61,-18,14
61,-18,11
59,-17,8
61,-19,13
73,-25,15
80,-31,22
71,-26,18
60,-17,6
58,-22,6
46,-35,8
44,-38,6
49,-40,7
48,-36,8
48,-26,9
49,-18,11
48,-16,12
51,-15,13
54,-17,14
56,-15,17
54,-14,18
52,-12,17
53,-11,17
63,-14,16
61,-19,13
65,-21,20
66,-22,20
73,-17,18
86,-15,16
89,-23,10
73,-21,10
55,-22,6
50,-20,3
59,-24,-3
62,-25,-7
53,-26,-9
49,-26,-6
45,-24,2
44,-22,4
47,-20,8
52,-18,9
58,-17,9
60,-19,10
60,-19,12
58,-15,19
56,-14,21
58,-18,19
58,-19,16
65,-20,14
63,-17,11
58,-16,15
66,-22,17
85,-34,21
80,-33,20
64,-22,9
50,-18,5
41,-23,4
41,-30,4
47,-37,10
47,-34,10
49,-26,6
52,-23,7
54,-16,11
55,-14,14
61,-13,21
63,-13,22
57,-14,15
54,-14,13
49,-16,13
55,-20,13
57,-22,13
54,-22,10
57,-22,10
66,-22,15
69,-16,20
93,-19,23
91,-27,17
66,-29,13
53,-28,12
34,-27,2
48,-32,-1
69,-38,-5
67,-32,-6
55,-23,-3
50,-20,0
46,-18,6
45,-16,7
49,-16,10
54,-16,13
59,-16,13
60,-16,13
61,-16,14
61,-13,20
61,-14,21
60,-16,17
64,-18,14
63,-16,11
62,-16,12
77,-27,15
82,-32,18
69,-27,14
64,-25,8
52,-32,4
45,-38,2
42,-42,3
41,-38,4
39,-28,6
43,-24,6
49,-18,7
51,-17,8
58,-14,15
62,-13,19
63,-9,24
59,-8,24
55,-8,19
57,-9,18
56,-19,11
53,-18,13
61,-21,18
57,-18,18
63,-7,18
75,-7,12
92,-19,16
86,-30,18
76,-33,13
59,-28,2
54,-26,-3
50,-28,-9
48,-28,-7
45,-24,-1
46,-22,0
45,-17,4
49,-15,6
57,-13,9
59,-13,9
63,-13,13
63,-12,16
65,-9,23
64,-7,23
60,-11,15
57,-15,10
63,-18,13
62,-14,9
58,-13,10
68,-18,14
86,-29,21
77,-28,17
64,-21,6
61,-22,4
55,-40,8
55,-49,9
50,-41,10
43,-25,8
38,-17,6
38,-9,6
41,-8,8
56,-11,15
64,-14,20
58,-17,16
51,-17,13
49,-15,14
53,-16,16
54,-22,8
50,-25,10
68,-20,17
71,-15,20
96,-17,10
100,-25,5
71,-28,11
48,-28,8
53,-32,3
65,-41,0
62,-40,-10
51,-37,-10
43,-29,-2
41,-25,0
43,-20,4
46,-19,6
53,-16,12
55,-14,11
58,-10,9
62,-5,15
66,-5,20
65,-11,14
62,-13,10
61,-17,12
61,-14,10
66,-17,20
85,-24,23
88,-37,15
68,-35,13
45,-24,6
44,-26,4
54,-47,1
54,-46,2
43,-32,4
41,-23,3
44,-13,5
46,-10,6
55,-8,13
60,-8,21
66,-12,22
54,-13,12
48,-17,11
49,-16,13
55,-18,15
59,-21,13
55,-27,10
65,-21,11
68,-14,14
98,-14,17
103,-23,12
67,-28,11
47,-27,6
59,-38,3
68,-44,-1
57,-41,-9
48,-37,-8
41,-30,1
40,-26,3
44,-20,5
48,-18,6
52,-16,8
53,-15,8
54,-15,7
55,-14,9
60,-10,17
62,-8,22
63,-17,13
63,-17,14
64,-20,8
65,-22,12
94,-38,20
90,-42,21
58,-30,8
42,-31,6
38,-38,5
42,-48,4
44,-42,7
43,-33,12
46,-29,12
47,-23,11
47,-21,12
49,-20,12
52,-21,13
54,-24,14
51,-24,14
44,-20,13
45,-20,11
55,-25,11
57,-27,10
52,-22,6
57,-14,6
67,-15,5
86,-20,5
93,-39,17
69,-36,18
51,-32,1
69,-40,4
64,-40,6
58,-34,3
62,-24,3
59,-15,1
56,-12,0
54,-11,2
53,-11,3
53,-13,6
54,-13,6
57,-13,5
59,-14,3
64,-16,-2
62,-15,-3
56,-14,-1
58,-15,2
68,-23,8
72,-29,12
68,-30,23
59,-27,25
57,-24,33
56,-22,37
56,-18,35
58,-15,29
50,-14,21
46,-15,19
46,-19,17
46,-20,17
48,-22,17
52,-21,18
57,-20,18
57,-15,19
56,-13,19
57,-11,15
55,-11,13
56,-13,13
55,-17,12
59,-16,15
61,-15,14
59,-6,9
63,-1,9
84,-11,13
83,-22,15
84,-44,16
70,-47,14
31,-36,5
42,-37,3
68,-49,5
65,-50,5
48,-42,7
50,-36,8
53,-25,5
53,-21,5
51,-18,7
51,-17,7
53,-19,8
53,-18,7
56,-18,5
66,-20,1
67,-18,0
57,-9,2
53,-5,2
64,-12,5
65,-15,11
61,-20,15
63,-26,16
68,-34,18
68,-33,19
61,-26,20
54,-21,22
49,-14,28
57,-13,31
62,-11,28
55,-8,21
55,-13,16
55,-16,15
50,-20,11
52,-21,12
57,-20,18
57,-17,18
55,-14,16
57,-14,14
55,-15,13
55,-15,14
54,-14,11
59,-12,9
61,-11,9
61,-4,7
64,-1,6
71,1,8
82,-8,8
88,-25,3
83,-30,4
60,-34,7
51,-34,4
53,-42,-5
57,-44,-7
55,-40,-2
52,-38,3
47,-30,4
44,-27,3
45,-23,4
48,-21,5
56,-20,12
57,-18,15
55,-16,16
58,-15,17
63,-18,20
62,-20,19
57,-21,13
61,-21,12
57,-15,9
64,-17,15
75,-26,17
76,-33,18
71,-27,11
68,-24,6
59,-26,7
42,-34,13
44,-37,15
47,-35,13
44,-29,12
44,-19,8
45,-17,8
50,-17,10
53,-18,11
56,-19,15
55,-19,17
52,-18,16
50,-18,14
51,-17,14
55,-19,17
58,-24,13
59,-25,13
63,-21,16
69,-19,16
99,-23,13
92,-22,17
56,-23,13
52,-25,2
63,-34,1
70,-39,-3
57,-35,-7
39,-31,-2
36,-28,0
37,-22,4
41,-19,6
53,-18,11
57,-17,11
58,-14,12
60,-14,15
65,-12,29
65,-13,27
55,-17,10
60,-22,13
60,-18,8
59,-18,13
83,-32,20
89,-38,20
63,-28,9
55,-26,6
51,-34,7
48,-43,9
43,-46,10
40,-40,10
39,-28,10
46,-21,9
48,-18,10
51,-14,13
54,-13,16
61,-11,20
62,-10,20
54,-11,16
50,-13,14
53,-13,14
60,-16,16
57,-23,12
59,-23,14
61,-15,18
68,-12,18
91,-19,11
88,-27,14
66,-32,19
45,-27,8
55,-32,4
66,-37,2
63,-36,-6
55,-35,-6
46,-32,0
42,-29,3
43,-22,5
46,-20,6
53,-16,11
55,-14,14
55,-13,15
53,-15,17
54,-15,17
61,-17,17
61,-19,16
60,-23,14
63,-23,16
68,-23,22
72,-26,24
86,-36,22
86,-38,20
60,-27,12
46,-20,5
37,-27,-3
39,-34,-6
52,-35,-2
47,-29,0
45,-18,0
45,-16,0
51,-18,6
55,-19,9
60,-22,15
58,-23,20
51,-23,23
51,-19,20
54,-18,17
60,-19,16
60,-21,16
63,-24,17
65,-23,15
68,-26,10
77,-28,9
93,-31,7
88,-28,3
61,-19,-3
49,-16,-4
47,-13,-4
50,-13,-4
53,-17,-3
54,-18,-1
52,-18,3
51,-17,5
53,-13,6
56,-12,7
66,-17,10
69,-19,12
59,-16,13
55,-15,14
55,-15,16
56,-16,16
55,-15,15
56,-15,14
59,-16,10
54,-13,6
51,-12,8
54,-11,16
68,-17,18
98,-37,16
92,-40,17
60,-27,6
45,-24,4
50,-37,10
55,-42,13
45,-35,12
44,-27,6
47,-17,4
49,-13,5
54,-10,10
58,-11,17
61,-13,24
56,-14,20
50,-15,14
50,-15,13
56,-14,15
61,-18,15
57,-23,14
60,-20,16
61,-15,15
70,-11,17
102,-16,25
63,-22,14
55,-22,13
54,-31,10
64,-38,8
66,-45,-6
59,-43,-7
45,-35,-1
43,-32,4
40,-25,6
40,-23,6
47,-22,8
50,-21,11
52,-18,6
52,-18,4
55,-17,7
56,-15,14
69,-13,30
76,-15,30
64,-18,15
63,-16,10
67,-13,15
82,-19,22
85,-28,21
71,-25,18
50,-19,5
50,-23,7
54,-43,9
53,-47,7
40,-38,6
38,-25,2
41,-21,3
47,-16,5
50,-15,10
59,-12,23
64,-12,30
60,-11,21
54,-10,15
52,-12,16
56,-12,17
57,-20,13
59,-23,14
65,-21,17
67,-18,16
88,-19,12
94,-21,12
72,-23,14
60,-23,8
53,-24,-1
62,-28,-3
63,-29,-9
55,-30,-9
45,-29,1
43,-28,3
40,-24,6
44,-22,8
53,-19,11
56,-15,8
57,-13,9
59,-8,21
65,-8,28
61,-13,19
60,-15,12
61,-24,14
66,-23,15
51,-17,18
59,-18,24
93,-24,21
89,-29,13
65,-35,13
49,-23,9
36,-19,3
44,-27,5
56,-35,12
49,-31,10
47,-18,6
48,-14,6
53,-12,10
57,-14,15
62,-20,22
60,-21,18
50,-20,12
48,-21,12
49,-20,15
53,-22,15
55,-24,14
58,-24,10
59,-22,10
61,-11,17
76,-6,25
106,-32,19
86,-32,17
47,-29,11
40,-27,6
64,-37,2
70,-43,-3
57,-37,-7
48,-33,-4
41,-26,4
40,-23,5
41,-21,5
46,-20,7
53,-19,12
54,-18,9
54,-16,6
58,-11,13
61,-9,24
71,-13,34
61,-16,15
66,-19,16
68,-14,14
89,-21,23
92,-25,20
67,-26,18
57,-21,12
43,-22,6
42,-30,3
47,-46,4
46,-46,4
37,-37,6
37,-30,3
44,-21,4
49,-18,5
57,-12,14
61,-7,24
71,-7,33
59,-10,18
51,-11,14
52,-13,14
57,-16,17
59,-20,15
53,-24,13
62,-22,15
63,-13,17
69,-6,20
104,-8,20
74,-20,12
64,-25,16
48,-25,7
61,-31,7
71,-34,-3
65,-33,-7
48,-33,-3
44,-32,0
37,-29,4
36,-27,4
40,-23,5
42,-23,6
49,-22,11
53,-23,11
59,-23,11
59,-21,13
62,-15,20
68,-16,25
69,-19,20
69,-17,13
73,-19,18
86,-25,22
82,-34,22
67,-27,18
49,-19,5
49,-25,6
50,-45,3
41,-44,1
36,-37,2
37,-25,2
43,-23,2
50,-20,5
52,-18,9
59,-14,23
63,-13,31
60,-12,23
55,-12,15
54,-11,11
55,-13,12
59,-19,15
57,-20,12
67,-21,14
65,-16,16
84,-14,16
95,-18,11
75,-25,15
63,-26,18
52,-24,6
55,-29,3
67,-36,-1
63,-36,-5
48,-35,-5
45,-34,-3
41,-30,2
40,-28,3
43,-23,4
51,-22,10
54,-20,13
55,-18,8
57,-18,8
59,-14,15
63,-10,22
73,-14,26
63,-16,16
64,-17,11
62,-15,12
73,-23,22
85,-27,22
82,-29,19
71,-23,11
50,-18,4
44,-21,6
41,-34,6
44,-39,6
41,-37,7
40,-33,6
48,-26,5
50,-24,6
53,-20,11
55,-18,16
58,-16,23
60,-16,24
58,-16,17
51,-15,12
52,-15,12
56,-19,16
57,-22,16
56,-26,12
60,-26,13
58,-17,13
59,-11,15
84,-8,20
89,-16,16
74,-27,14
70,-30,16
56,-27,9
58,-26,6
60,-28,-1
60,-29,-2
55,-33,-3
49,-34,-3
43,-32,0
42,-30,1
43,-23,5
47,-20,7
54,-18,11
56,-17,13
59,-18,14
62,-20,15
62,-17,19
59,-16,19
59,-19,16
63,-20,13
63,-18,8
60,-17,12
67,-23,16
82,-37,23
75,-35,22
63,-24,8
55,-24,7
45,-30,7
40,-35,7
42,-42,7
43,-39,7
44,-30,6
48,-27,5
53,-22,9
52,-18,12
56,-13,20
60,-13,23
60,-13,18
56,-13,15
52,-15,13
52,-16,13
56,-17,15
58,-18,17
53,-21,13
58,-23,17
64,-21,17
70,-18,17
81,-20,16
85,-31,18
75,-32,18
60,-29,9
53,-26,6
55,-25,2
58,-29,-2
53,-32,-5
48,-32,-4
44,-30,1
44,-28,4
44,-23,7
47,-21,8
53,-17,10
54,-16,8
57,-16,8
59,-16,10
61,-15,18
61,-14,22
62,-17,19
60,-16,14
64,-15,11
62,-14,10
76,-22,19
86,-29,19
73,-29,21
68,-24,15
54,-23,7
42,-34,5
44,-40,5
46,-37,8
43,-33,8
46,-23,5
49,-19,6
53,-15,10
55,-12,14
63,-10,25
65,-10,27
57,-12,15
53,-13,12
49,-16,10
50,-18,11
53,-24,17
53,-26,15
55,-24,9
55,-21,7
58,-12,9
68,-7,14
120,-29,30
98,-33,24
50,-29,16
32,-28,8
55,-37,6
63,-44,1
55,-42,-2
41,-38,2
38,-36,5
38,-32,5
42,-30,4
53,-27,5
55,-24,8
56,-19,8
56,-17,9
58,-11,12
59,-7,15
68,-5,23
70,-10,22
65,-16,16
67,-19,16
76,-26,20
85,-31,20
79,-32,19
66,-23,14
46,-16,5
45,-22,6
50,-46,5
53,-50,5
41,-43,0
40,-36,2
45,-26,4
46,-22,5
51,-16,12
55,-10,22
59,-9,25
62,-12,19
58,-12,14
56,-13,12
57,-13,13
58,-17,16
54,-19,15
59,-23,17
59,-22,15
58,-15,14
67,-12,14
88,-18,18
83,-24,17
77,-28,19
68,-29,14
57,-25,4
57,-25,1
61,-31,-3
57,-33,-4
42,-33,-3
38,-30,-2
39,-25,4
41,-22,7
50,-19,10
53,-17,11
58,-14,8
63,-11,10
67,-8,16
70,-5,34
65,-10,23
57,-14,11
65,-17,13
59,-13,11
62,-15,14
87,-29,20
84,-32,22
68,-23,10
62,-23,7
47,-31,8
39,-36,7
40,-44,8
42,-42,9
43,-33,10
46,-27,9
51,-21,12
51,-17,13
55,-12,16
58,-11,18
60,-9,19
57,-11,18
50,-12,16
50,-14,16
57,-18,18
55,-23,13
60,-25,14
65,-19,18
67,-13,20
101,-13,19
103,-24,16
62,-26,13
48,-26,10
53,-33,7
63,-38,2
58,-40,-6
48,-38,-6
38,-33,1
38,-30,5
40,-24,6
43,-22,6
51,-19,9
55,-18,12
63,-19,13
63,-17,14
61,-9,20
62,-6,24
63,-11,15
61,-11,15
67,-14,15
66,-16,17
82,-33,19
77,-38,22
68,-31,16
51,-28,7
47,-35,5
41,-46,-2
41,-45,-1
40,-34,5
40,-27,6
45,-19,7
49,-17,10
57,-11,18
62,-11,22
64,-10,22
60,-11,16
52,-13,13
50,-15,14
52,-19,16
53,-22,17
53,-28,14
57,-30,13
59,-23,10
59,-14,11
79,2,24
104,-4,29
77,-20,14
66,-23,15
44,-30,8
68,-42,2
66,-43,-4
49,-38,-3
44,-35,0
41,-30,9
40,-27,11
41,-23,7
44,-20,6
49,-17,9
51,-18,11
59,-21,13
61,-21,15
62,-15,20
66,-14,22
65,-14,19
64,-12,15
68,-14,19
80,-21,20
85,-36,22
75,-36,21
49,-28,8
40,-30,5
42,-45,1
46,-46,6
41,-40,7
37,-33,6
43,-24,4
51,-18,8
54,-16,12
66,-11,28
70,-9,32
53,-8,16
51,-9,14
53,-11,13
55,-11,15
57,-19,14
55,-21,12
66,-20,17
64,-15,18
83,-9,20
93,-11,17
78,-26,12
70,-26,14
41,-27,4
49,-31,3
65,-41,-3
61,-41,-7
46,-36,-3
44,-33,1
41,-28,6
42,-25,5
49,-20,7
51,-19,10
56,-17,17
59,-17,18
60,-15,19
61,-12,21
62,-13,20
59,-18,14
61,-19,13
60,-17,10
59,-16,15
75,-29,21
86,-36,23
70,-33,17
63,-26,8
48,-26,6
46,-34,5
47,-48,5
46,-46,5
40,-33,6
42,-28,5
47,-20,6
49,-17,9
54,-10,16
59,-9,20
63,-8,24
57,-10,18
50,-12,16
51,-14,16
60,-18,16
58,-21,14
64,-25,15
62,-16,18
69,-11,21
101,-16,22
93,-25,14
59,-23,10
47,-24,7
55,-30,5
63,-34,1
60,-33,-6
52,-32,-6
45,-28,2
44,-26,5
44,-22,7
46,-20,8
51,-18,11
52,-17,13
56,-15,16
57,-14,17
59,-13,22
61,-15,22
61,-19,15
64,-22,16
64,-17,10
75,-20,16
87,-28,18
88,-33,21
62,-27,18
45,-27,7
45,-35,6
49,-49,4
45,-44,7
37,-29,7
40,-23,6
47,-17,7
50,-15,9
58,-12,17
63,-12,22
66,-13,24
59,-13,18
49,-10,12
49,-11,12
55,-15,15
59,-19,17
59,-25,12
61,-24,10
59,-16,14
69,-12,18
102,-19,20
88,-24,16
63,-26,14
47,-26,7
56,-33,4
64,-36,1
58,-36,-6
46,-32,-2
45,-30,4
43,-25,8
43,-22,8
49,-18,8
51,-16,9
56,-15,13
56,-14,15
59,-11,22
60,-11,25
62,-17,14
62,-19,13
65,-19,13
61,-18,13
82,-31,18
93,-37,21
68,-30,15
56,-25,9
41,-29,7
40,-36,7
46,-42,9
45,-37,12
42,-26,9
46,-22,10
50,-18,13
52,-17,15
58,-18,20
59,-17,20
57,-15,18
53,-14,15
52,-13,15
53,-12,15
56,-13,15
55,-20,15
54,-21,15
60,-19,16
61,-14,18
80,-7,19
95,-14,20
75,-27,15
68,-29,18
45,-24,8
48,-26,5
68,-33,2
68,-35,0
54,-35,-1
50,-35,2
41,-32,5
39,-28,5
43,-20,5
47,-18,8
52,-16,15
54,-15,17
59,-16,19
64,-13,22
64,-13,19
61,-16,12
60,-17,13
57,-14,9
58,-13,14
79,-27,22
91,-34,24
70,-31,16
66,-27,10
51,-28,9
46,-33,9
42,-45,7
44,-45,8
41,-35,8
42,-30,6
48,-22,7
50,-19,8
53,-15,13
57,-14,18
64,-14,26
60,-14,23
51,-14,17
51,-16,16
55,-15,14
58,-16,14
57,-23,13
61,-21,20
61,-16,21
68,-6,22
78,-6,18
89,-20,13
76,-23,13
60,-29,13
52,-25,9
51,-26,1
56,-27,-2
59,-30,-6
56,-31,-4
49,-29,3
47,-28,5
46,-23,6
49,-19,8
54,-16,17
58,-16,22
61,-14,21
58,-12,17
58,-10,15
59,-10,15
62,-17,13
63,-20,12
63,-14,7
55,-12,2
67,-18,16
87,-28,26
77,-25,22
63,-19,6
63,-24,10
48,-33,15
41,-37,11
46,-46,8
45,-45,8
45,-33,8
47,-28,8
50,-21,10
51,-19,12
52,-16,15
54,-15,17
56,-14,18
55,-14,18
52,-15,17
52,-15,16
59,-15,16
59,-19,14
62,-22,19
66,-23,21
73,-20,19
86,-21,17
88,-24,13
70,-23,10
56,-24,6
51,-26,1
58,-30,-2
56,-34,-8
50,-34,-7
46,-30,-1
47,-27,2
49,-20,6
50,-17,8
55,-13,9
58,-12,10
61,-12,15
60,-11,16
60,-10,18
58,-9,17
59,-16,13
59,-19,11
67,-20,12
66,-17,11
59,-14,10
67,-17,14
88,-25,20
79,-24,22
61,-14,9
57,-16,7
52,-32,12
50,-38,11
48,-42,10
45,-37,8
42,-24,6
45,-18,6
51,-17,8
56,-13,14
60,-13,19
64,-13,24
60,-14,20
51,-16,13
50,-16,13
51,-16,12
53,-17,13
55,-20,12
55,-21,11
60,-20,13
62,-17,15
89,-12,21
102,-21,23
73,-32,18
67,-33,19
38,-28,6
41,-30,3
60,-41,-4
61,-43,-5
48,-39,-4
45,-36,0
41,-31,5
41,-28,5
48,-24,6
52,-24,9
61,-24,14
58,-22,12
56,-19,12
56,-14,13
56,-11,14
61,-11,15
65,-13,17
65,-18,20
63,-19,19
65,-21,19
74,-26,19
89,-34,20
79,-32,19
51,-22,9
43,-23,7
45,-39,5
43,-43,3
42,-37,4
42,-31,2
49,-23,2
43,-23,7
45,-39,5
43,-43,3
42,-37,4
42,-31,2
49,-23,2
49,-20,2
52,-17,10
57,-15,17
60,-13,29
62,-13,30
55,-13,21
50,-12,15
49,-14,12
55,-17,14
57,-22,15
64,-28,11
64,-27,11
65,-19,15
79,-17,20
96,-29,29
72,-28,20
42,-23,6
42,-22,4
63,-32,3
66,-34,-2
53,-36,-7
46,-36,-4
40,-31,5
40,-28,7
47,-22,8
51,-20,9
55,-16,14
55,-15,16
58,-15,21
60,-15,23
61,-16,22
62,-19,17
60,-23,16
60,-20,13
57,-17,7
82,-33,19
88,-36,25
66,-31,16
55,-29,12
39,-33,9
38,-39,10
46,-44,12
45,-39,13
43,-29,11
46,-25,10
50,-21,12
51,-18,14
54,-17,17
57,-18,20
56,-17,20
52,-16,18
50,-16,17
53,-16,17
57,-18,17
57,-20,14
59,-26,16
63,-27,18
67,-20,20
98,-27,19
86,-28,20
67,-28,18
49,-24,8
57,-31,5
64,-34,3
60,-36,-4
52,-35,-6
44,-33,-1
43,-29,3
43,-23,7
46,-20,9
51,-17,11
54,-17,13
57,-15,14
58,-13,15
61,-8,21
61,-7,23
63,-15,15
64,-19,14
62,-18,13
56,-14,8
65,-19,16
78,-26,19
78,-30,20
67,-26,13
52,-26,8
47,-31,10
46,-45,13
47,-47,13
44,-36,13
47,-24,11
49,-21,11
51,-16,12
53,-15,14
55,-17,18
56,-18,19
55,-20,17
54,-19,17
52,-17,17
54,-17,17
57,-23,16
54,-25,14
61,-26,19
61,-24,20
62,-14,18
77,-11,20
87,-18,17
70,-21,14
57,-26,14
55,-25,10
57,-27,4
60,-28,1
59,-32,-4
55,-33,-4
49,-33,-1
48,-31,2
47,-24,7
49,-19,11
52,-18,14
57,-16,17
59,-15,17
57,-13,14
58,-12,15
58,-12,17
59,-14,15
63,-19,12
65,-20,11
58,-14,7
56,-12,11
74,-22,21
83,-26,24
72,-22,17
62,-19,11
53,-23,10
49,-29,12
45,-41,10
46,-43,11
45,-37,11
45,-32,10
50,-23,10
52,-20,11
54,-16,14
56,-15,16
61,-15,20
60,-16,20
53,-15,17
51,-15,16
52,-15,15
58,-17,18
60,-19,17
58,-22,16
58,-21,17
61,-18,20
69,-19,19
86,-27,15
77,-29,15
54,-21,17
52,-23,14
58,-21,7
58,-23,3
65,-27,1
63,-29,0
54,-30,-2
48,-29,-2
46,-24,3
45,-21,6
47,-17,13
51,-16,17
58,-17,19
59,-16,17
59,-15,14
58,-14,14
58,-13,16
63,-18,14
63,-19,14
61,-17,9
59,-17,9
67,-23,18
77,-31,21
81,-42,25
68,-37,17
42,-29,8
36,-31,7
35,-41,8
39,-43,9
44,-36,11
47,-32,10
53,-27,11
53,-24,13
52,-21,16
54,-21,18
56,-22,20
55,-22,18
53,-21,17
51,-20,18
51,-19,17
53,-20,18
57,-21,17
56,-22,14
57,-21,17
60,-17,19
67,-12,23
95,-16,24
91,-26,18
65,-30,17
50,-30,14
40,-33,5
52,-38,3
61,-44,-5
57,-42,-5
48,-35,0
45,-32,2
46,-26,6
48,-23,6
55,-20,11
58,-19,15
60,-17,12
60,-16,10
60,-14,9
60,-11,12
59,-10,13
60,-10,14
63,-10,14
63,-11,13
62,-12,14
61,-13,15
62,-16,19
74,-27,22
77,-29,21
77,-31,16
69,-29,14
47,-26,5
40,-29,2
41,-45,2
45,-49,1
45,-39,2
45,-32,4
50,-23,7
50,-20,9
55,-18,16
57,-19,19
58,-21,20
55,-22,18
50,-22,18
51,-21,17
53,-20,16
53,-20,16
55,-23,15
53,-25,14
56,-28,16
58,-26,17
61,-19,18
66,-16,20
89,-25,26
75,-36,17
65,-39,17
37,-29,9
37,-28,5
55,-33,1
59,-33,-2
56,-33,-7
53,-33,-7
49,-33,-1
49,-30,2
50,-20,5
52,-17,6
58,-17,13
61,-17,17
60,-15,18
59,-14,17
58,-10,16
57,-8,16
59,-10,14
61,-13,13
64,-18,13
64,-18,9
61,-16,16
70,-23,23
91,-36,25
77,-36,22
56,-28,11
42,-36,9
40,-44,8
36,-53,2
38,-48,3
41,-35,4
45,-30,5
49,-24,7
49,-21,8
52,-16,13
54,-14,16
59,-12,20
59,-12,20
57,-12,21
56,-12,22
54,-13,18
54,-17,11
63,-20,19
73,-23,28
80,-14,30
84,-14,23
91,-13,11
78,-15,9
54,-23,12
49,-24,11
61,-33,1
65,-38,-7
57,-36,-13
48,-34,-11
45,-28,0
42,-21,5
42,-19,6
47,-16,10
50,-16,13
58,-16,14
61,-17,14
64,-15,15
63,-13,18
58,-13,19
56,-15,15
68,-20,15
70,-18,13
72,-17,15
85,-24,16
81,-30,24
66,-24,20
52,-20,9
48,-26,10
46,-42,6
46,-45,6
40,-37,6
39,-31,5
43,-23,5
45,-19,5
50,-16,9
54,-16,14
63,-13,26
60,-11,25
55,-11,18
53,-13,17
52,-14,17
57,-20,14
55,-22,11
65,-22,18
65,-15,21
85,-8,25
97,-11,20
74,-20,7
63,-23,10
46,-26,10
50,-30,7
68,-41,-7
67,-42,-11
46,-35,-8
43,-32,-2
40,-26,5
39,-24,6
44,-21,7
49,-22,12
56,-19,17
56,-18,13
59,-16,14
62,-14,18
68,-10,26
61,-14,13
57,-18,11
62,-15,8
56,-12,11
76,-19,23
97,-28,23
76,-30,17
66,-22,9
49,-17,6
48,-24,7
49,-44,8
50,-45,9
39,-34,8
38,-27,5
47,-19,5
51,-17,5
57,-12,12
60,-9,17
66,-6,28
63,-10,22
52,-14,14
50,-15,15
52,-18,16
56,-21,16
54,-26,12
57,-26,12
62,-20,12
82,-10,20
100,-9,25
76,-21,19
64,-26,19
44,-25,6
49,-31,4
68,-43,-2
63,-43,-7
46,-39,-6
39,-36,-4
38,-30,4
38,-27,6
44,-25,5
49,-25,7
61,-28,12
62,-27,11
57,-21,9
54,-18,9
54,-11,17
59,-9,23
66,-15,21
64,-16,16
67,-18,13
64,-18,14
68,-19,22
79,-28,22
81,-34,24
58,-19,9
46,-15,5
43,-25,3
48,-36,2
52,-43,5
49,-38,5
44,-25,2
46,-20,3
49,-14,6
53,-13,11
62,-9,24
66,-8,32
62,-8,23
54,-9,14
52,-13,11
53,-13,12
58,-17,16
59,-18,13
60,-23,9
62,-23,9
72,-20,11
82,-16,15
89,-24,23
72,-23,19
50,-25,9
59,-36,1
65,-42,-3
56,-38,-11
49,-35,-7
44,-29,4
44,-25,7
44,-20,8
46,-19,8
54,-17,11
56,-16,11
58,-17,11
59,-16,12
59,-11,22
64,-11,29
63,-16,19
60,-17,15
60,-17,13
57,-17,15
69,-23,22
86,-30,21
82,-32,21
67,-24,11
49,-14,4
46,-18,4
44,-37,7
46,-43,7
43,-36,6
41,-31,5
46,-23,5
50,-19,8
53,-17,11
59,-14,19
61,-12,24
60,-10,28
54,-10,20
52,-13,17
55,-14,17
60,-20,13
60,-23,13
66,-22,16
65,-18,19
92,-15,23
100,-21,20
68,-22,10
59,-23,10
47,-25,6
53,-27,2
62,-34,-8
58,-33,-10
47,-30,-5
45,-27,0
42,-23,5
43,-22,6
50,-21,8
54,-20,11
58,-19,15
57,-20,13
56,-20,15
55,-18,19
62,-16,22
61,-17,16
61,-16,15
62,-17,15
63,-19,18
76,-25,22
90,-34,21
74,-36,17
62,-28,11
42,-24,2
43,-31,-1
48,-42,-2
47,-37,0
45,-25,0
47,-19,0
49,-16,3
53,-15,8
58,-11,20
60,-10,26
61,-11,30
56,-13,21
50,-16,14
52,-17,14
56,-22,15
57,-26,14
62,-29,13
63,-26,11
69,-18,9
90,-6,18
95,-15,26
66,-21,17
53,-21,12
55,-34,4
61,-41,-3
56,-40,-10
51,-38,-5
45,-29,2
42,-25,5
43,-20,7
45,-19,9
51,-17,11
54,-16,11
59,-16,12
61,-17,13
62,-15,21
60,-14,22
60,-16,21
60,-17,18
64,-16,15
62,-14,13
72,-16,18
82,-24,20
81,-33,22
70,-31,17
47,-24,7
40,-38,5
41,-47,3
43,-45,3
41,-38,5
45,-24,4
49,-21,5
51,-18,9
53,-16,13
56,-14,21
56,-13,23
57,-11,23
55,-10,22
53,-11,19
56,-12,18
59,-18,13
64,-21,16
71,-21,23
72,-16,24
98,-13,21
97,-18,14
61,-17,10
50,-20,11
57,-33,4
64,-38,-2
61,-34,-11
53,-33,-8
45,-26,2
41,-21,9
41,-20,10
46,-20,10
50,-19,11
54,-19,9
57,-21,8
61,-20,12
58,-18,16
60,-14,26
66,-17,29
62,-19,18
64,-19,18
67,-16,18
76,-22,20
89,-34,21
72,-33,22
49,-20,11
43,-21,5
43,-38,-1
44,-44,-1
43,-37,6
41,-31,4
47,-21,4
48,-16,4
51,-12,8
57,-11,14
66,-10,28
67,-12,30
59,-13,22
48,-15,14
48,-15,13
56,-18,15
58,-20,14
60,-25,11
61,-26,9
60,-23,10
69,-21,11
92,-22,22
91,-28,26
60,-26,17
45,-23,8
53,-28,4
64,-34,4
64,-36,-3
57,-35,-4
45,-31,1
42,-29,4
41,-24,5
42,-23,5
48,-23,9
52,-22,14
52,-20,11
54,-21,11
60,-20,17
62,-16,27
66,-17,28
63,-19,17
64,-19,14
62,-17,16
66,-19,20
86,-31,23
85,-34,23
61,-23,9
52,-20,6
42,-26,4
42,-35,4
46,-42,5
43,-39,6
39,-28,4
43,-24,4
48,-19,6
52,-17,9
60,-13,17
64,-11,23
67,-9,31
62,-12,22
50,-14,14
50,-16,15
56,-19,17
58,-21,16
59,-23,10
61,-21,10
60,-15,12
78,-2,21
94,-3,26
79,-18,13
78,-26,18
51,-32,13
47,-33,9
55,-37,-4
55,-39,-7
47,-38,-6
45,-35,-1
42,-30,7
41,-28,8
43,-24,6
47,-24,6
57,-27,12
59,-27,14
55,-21,13
53,-18,12
54,-13,14
58,-12,17
65,-14,23
67,-17,23
69,-22,17
71,-26,17
86,-37,21
84,-38,21
56,-23,13
42,-27,3
43,-39,3
47,-48,-1
44,-42,0
39,-28,0
43,-22,0
51,-13,-1
53,-11,0
58,-3,15
63,0,33
75,-6,37
57,-4,16
52,-10,9
53,-11,9
54,-14,11
57,-16,15
63,-19,13
68,-18,11
69,-13,8
73,-9,10
91,-15,19
85,-24,20
69,-29,16
45,-25,5
55,-34,0
63,-41,-2
55,-39,-8
46,-36,2
46,-33,7
44,-25,8
45,-22,6
50,-17,6
52,-16,7
54,-16,11
56,-17,13
59,-18,19
60,-17,23
65,-18,24
64,-20,20
62,-17,11
55,-15,9
65,-20,18
79,-29,21
85,-40,22
70,-36,14
50,-29,4
42,-31,3
38,-40,6
40,-39,9
40,-32,13
42,-28,10
51,-24,10
52,-22,11
52,-17,15
58,-18,20
60,-18,21
56,-16,20
53,-15,18
52,-16,15
55,-18,15
55,-22,18
55,-25,16
55,-25,11
55,-23,11
57,-16,10
64,-12,11
93,-17,21
92,-27,22
68,-32,21
51,-32,13
44,-34,5
56,-39,4
58,-45,-1
52,-43,-2
47,-37,4
46,-34,6
46,-27,5
47,-24,4
52,-20,6
54,-19,9
56,-19,11
58,-17,12
58,-14,13
62,-9,19
66,-8,21
66,-11,15
64,-13,14
62,-16,13
62,-17,13
72,-25,19
76,-29,20
69,-23,16
61,-19,10
61,-26,13
54,-32,15
39,-39,7
37,-42,4
40,-37,5
43,-34,6
52,-27,5
55,-24,7
55,-17,16
55,-15,21
60,-14,28
61,-14,26
56,-16,16
55,-18,15
51,-17,10
52,-17,9
54,-18,13
58,-19,16
57,-19,12
58,-20,11
59,-17,12
75,-12,17
94,-16,22
83,-31,20
71,-34,18
33,-29,6
33,-32,4
58,-45,5
62,-49,3
55,-43,4
50,-37,7
45,-28,8
45,-24,7
47,-18,5
50,-16,6
55,-19,15
58,-23,16
58,-23,15
57,-21,14
56,-15,13
61,-12,14
63,-11,15
63,-11,15
64,-11,14
62,-11,16
73,-21,21
81,-32,22
73,-29,19
57,-20,9
56,-24,12
47,-40,13
43,-45,8
40,-46,4
39,-40,4
42,-28,4
46,-25,4
53,-18,8
55,-14,13
64,-9,26
68,-7,29
58,-9,16
56,-10,13
53,-14,14
52,-15,14
58,-18,16
57,-19,14
60,-21,12
62,-21,13
66,-12,14
79,-7,16
97,-18,21
74,-23,16
56,-26,15
46,-33,7
55,-38,3
60,-47,-5
52,-45,-6
43,-37,1
43,-33,5
43,-28,6
45,-25,6
51,-22,7
53,-21,9
57,-22,10
59,-22,10
58,-18,12
58,-13,17
67,-9,28
69,-12,24
63,-15,13
65,-16,12
60,-15,12
66,-19,16
80,-30,21
75,-32,21
57,-26,12
50,-26,11
41,-40,6
46,-46,6
47,-43,11
45,-30,7
49,-25,6
52,-14,11
51,-7,14
60,-2,25
64,-5,25
66,-9,19
63,-9,15
53,-9,9
51,-10,9
55,-12,14
61,-13,19
59,-16,15
58,-15,12
62,-11,13
64,-7,13
75,-2,11
91,-4,15
79,-24,15
73,-26,16
35,-29,3
50,-37,1
77,-50,4
75,-46,7
53,-34,12
48,-27,14
39,-21,10
35,-17,3
37,-16,1
44,-20,5
49,-24,12
56,-26,15
58,-25,15
60,-22,15
62,-21,17
63,-15,25
66,-12,25
63,-10,24
71,-12,26
87,-24,24
76,-28,24
56,-18,12
47,-15,7
50,-26,7
54,-37,8
52,-42,8
46,-38,8
41,-25,5
45,-20,5
50,-12,8
53,-8,12
68,-5,33
77,-5,35
55,-8,13
53,-14,12
51,-15,13
52,-13,14
58,-16,13
60,-24,12
66,-25,15
65,-17,16
80,-16,20
87,-25,12
79,-28,12
52,-23,5
47,-20,0
56,-22,-1
62,-24,-4
60,-26,-10
54,-28,-8
47,-28,-1
46,-28,3
46,-27,6
48,-26,7
54,-22,6
55,-23,5
56,-24,5
56,-24,6
58,-22,12
58,-20,15
61,-18,22
58,-20,18
62,-20,16
69,-20,14
69,-19,17
85,-28,18
89,-33,19
62,-22,12
49,-15,4
48,-23,2
50,-36,2
48,-44,-2
45,-39,-2
40,-25,-1
44,-21,0
49,-18,3
50,-16,7
57,-12,19
60,-12,25
70,-11,29
62,-11,18
52,-13,10
52,-13,12
55,-15,14
60,-18,15
58,-25,11
61,-24,11
66,-17,17
75,-12,20
91,-9,17
72,-22,9
67,-25,11
48,-27,4
54,-29,1
64,-36,-9
62,-35,-10
46,-30,-4
43,-28,0
40,-23,5
41,-20,6
49,-19,7
53,-21,9
62,-25,13
61,-25,12
54,-20,15
53,-18,19
58,-14,28
59,-18,23
60,-22,16
70,-25,17
71,-24,14
78,-30,15
81,-36,21
65,-26,16
51,-19,4
51,-24,6
48,-40,6
44,-39,1
41,-33,0
42,-23,0
47,-18,0
52,-14,3
56,-14,7
68,-9,20
76,-9,34
68,-11,25
53,-8,10
49,-14,8
53,-15,8
59,-17,11
60,-19,12
58,-24,9
58,-28,9
58,-26,5
58,-21,8
76,-5,28
96,-16,25
75,-24,8
65,-26,10
45,-27,8
45,-26,6
64,-31,-2
67,-33,-6
59,-29,-6
50,-26,1
48,-24,3
44,-20,4
45,-19,7
52,-21,16
56,-21,17
58,-21,13
58,-19,12
59,-16,16
60,-14,20
63,-13,20
64,-16,17
58,-16,12
61,-15,11
61,-14,15
61,-12,21
72,-17,21
84,-26,21
83,-31,20
66,-21,14
42,-14,1
44,-20,2
51,-39,4
52,-39,3
44,-30,1
44,-23,0
52,-16,-1
57,-14,3
61,-14,10
65,-14,26
63,-14,31
58,-15,20
53,-14,11
53,-18,10
53,-18,11
57,-19,14
58,-20,12
61,-23,11
60,-20,12
55,-13,15
63,-9,19
100,-20,17
91,-26,8
70,-26,7
55,-26,6
38,-18,-1
47,-19,-4
66,-24,-7
65,-22,-7
54,-20,-2
50,-18,1
48,-17,4
51,-16,6
55,-16,9
61,-18,7
62,-20,7
60,-20,10
57,-18,12
58,-17,15
59,-19,15
66,-19,13
70,-17,7
67,-18,9
70,-23,12
85,-37,17
79,-34,17
60,-20,4
53,-18,0
46,-30,2
45,-36,3
44,-36,2
45,-33,1
49,-25,0
51,-21,1
52,-18,4
53,-18,9
59,-17,17
62,-16,19
63,-15,19
60,-17,18
50,-20,14
47,-19,11
50,-19,13
59,-22,14
59,-22,11
70,-22,13
67,-19,14
82,-13,15
95,-16,14
71,-17,12
52,-16,11
51,-17,3
60,-22,4
73,-29,0
66,-28,-6
45,-28,-7
42,-27,-3
40,-23,2
42,-22,5
50,-23,11
51,-22,13
53,-19,10
56,-20,8
61,-19,10
59,-17,12
59,-15,19
61,-17,21
70,-16,15
69,-15,15
84,-23,20
79,-29,21
67,-22,16
57,-22,6
55,-31,8
47,-46,6
43,-46,6
37,-35,9
36,-27,8
45,-19,7
50,-18,8
57,-13,13
60,-11,16
63,-8,27
62,-8,27
51,-13,17
50,-16,16
49,-16,14
50,-17,14
52,-25,12
56,-31,15
64,-26,17
62,-17,17
99,-9,25
111,-21,24
64,-26,15
51,-24,11
51,-33,7
62,-36,5
58,-37,-5
42,-33,-2
39,-30,2
39,-25,6
42,-23,8
51,-19,10
54,-17,11
54,-13,13
54,-11,14
57,-7,22
59,-6,25
64,-15,17
67,-19,14
74,-21,16
70,-19,11
89,-31,19
91,-32,21
61,-20,10
50,-19,6
45,-34,10
49,-45,10
48,-41,6
37,-26,5
40,-19,5
43,-16,6
47,-14,10
51,-15,12
66,-20,19
61,-14,19
54,-12,20
48,-12,17
49,-13,16
59,-22,16
55,-26,13
65,-28,13
62,-25,12
77,-5,18
105,-5,24
80,-24,20
55,-25,16
37,-25,4
55,-34,6
70,-44,-1
58,-42,-5
39,-35,0
37,-32,3
39,-27,8
42,-25,9
50,-24,10
54,-26,13
53,-26,14
50,-24,13
56,-23,17
61,-25,19
75,-30,19
78,-19,13
74,-11,10
71,-3,18
72,-12,21
55,-22,15
42,-27,17
27,-35,15
31,-42,10
50,-39,9
53,-33,10
55,-19,13
55,-15,18
59,-12,29
62,-15,32
52,-15,20
46,-12,17
54,-12,20
59,-16,21
60,-23,19
61,-24,15
92,-43,17
81,-45,17
30,-31,6
38,-34,4
61,-44,9
51,-33,10
47,-27,11
49,-23,13
54,-22,12
59,-20,9
58,-18,9
56,-14,10
59,-13,10
66,-9,13
66,-7,15
58,-11,16
55,-13,15
60,-20,18
63,-21,19
62,-20,18
58,-16,16
63,-12,15
71,-15,16
75,-25,21
75,-26,21
65,-21,14
62,-20,11
45,-25,11
40,-31,11
45,-39,10
46,-38,7
44,-29,3
46,-25,4
48,-18,10
50,-13,22
61,-13,28
59,-12,20
53,-11,17
52,-12,18
53,-13,19
54,-21,13
52,-25,15
73,-23,25
68,-18,23
80,-9,18
95,-11,15
77,-22,12
62,-26,11
53,-24,9
50,-25,5
57,-26,-3
56,-27,-6
42,-25,-6
43,-24,-2
48,-22,4
50,-20,7
53,-16,12
56,-14,15
65,-18,17
67,-18,19
61,-14,16
57,-11,15
59,-13,19
57,-18,15
65,-18,15
61,-14,7
69,-17,11
87,-28,21
81,-25,23
62,-15,8
54,-16,6
50,-31,11
52,-37,13
49,-36,12
43,-31,11
43,-18,5
45,-14,5
53,-10,7
57,-10,11
66,-12,23
67,-14,23
54,-17,14
50,-19,13
46,-20,14
47,-20,15
56,-25,16
56,-29,17
60,-21,14
58,-15,15
70,2,21
105,-11,16
92,-20,13
59,-23,17
40,-19,7
49,-25,1
67,-31,1
69,-28,-1
57,-24,-1
45,-21,3
41,-19,4
41,-19,5
46,-20,7
57,-21,15
61,-20,18
59,-18,14
58,-18,15
58,-19,21
59,-21,21
57,-23,18
64,-19,16
60,-14,10
67,-16,16
89,-31,21
83,-33,23
65,-23,8
59,-23,6
48,-35,6
43,-44,7
43,-41,9
40,-29,10
44,-24,8
50,-18,10
50,-15,12
52,-13,14
56,-12,16
62,-14,20
60,-17,21
50,-18,15
48,-17,13
53,-19,14
56,-20,16
55,-27,14
56,-29,16
56,-26,13
54,-20,12
68,-5,23
96,-6,32
92,-30,17
80,-34,18
40,-32,9
38,-33,7
52,-41,-2
52,-44,-8
43,-41,-4
42,-33,9
41,-29,11
44,-23,9
49,-20,7
57,-16,7
58,-15,9
57,-8,18
58,-5,23
64,-3,26
62,-8,19
57,-15,16
61,-20,17
66,-20,18
77,-27,21
100,-42,24
83,-41,23
48,-26,11
41,-24,9
40,-44,2
45,-50,1
43,-38,8
41,-29,7
43,-20,6
44,-17,6
48,-11,11
51,-11,15
60,-15,26
61,-17,25
54,-16,20
48,-15,15
49,-15,15
56,-20,15
54,-22,13
69,-26,17
70,-22,17
88,-7,23
107,-13,26
69,-24,16
57,-23,14
54,-37,8
63,-43,2
58,-45,-11
49,-43,-9
40,-37,0
41,-34,5
39,-28,6
41,-27,4
51,-22,6
52,-21,10
50,-17,14
52,-16,12
55,-15,12
60,-15,14
72,-18,22
69,-19,20
61,-15,12
65,-14,20
74,-16,25
88,-28,21
75,-33,20
55,-26,12
47,-22,8
47,-37,5
49,-47,3
47,-42,8
39,-36,8
40,-21,4
43,-16,5
53,-12,9
57,-9,12
69,-9,33
73,-12,35
53,-14,16
50,-16,16
51,-15,17
52,-15,16
55,-19,14
54,-22,12
62,-25,16
66,-23,16
72,-8,27
92,-8,30
85,-26,14
63,-27,13
49,-32,9
55,-40,4
58,-45,-4
50,-46,-11
41,-44,-9
39,-36,3
39,-32,5
44,-29,5
49,-27,5
54,-23,12
54,-20,13
53,-16,9
53,-14,9
60,-7,16
64,-5,22
70,-8,19
69,-13,14
68,-15,17
70,-15,19
72,-17,26
87,-26,23
80,-37,20
67,-33,18
46,-24,6
39,-28,3
41,-47,-4
48,-44,5
42,-39,6
44,-26,3
47,-21,4
55,-14,10
57,-11,16
65,-6,30
67,-5,30
52,-6,15
50,-7,12
53,-11,12
58,-13,14
59,-20,15
56,-21,12
61,-19,15
61,-14,17
85,-10,18
99,-18,19
70,-26,23
54,-27,21
52,-27,9
58,-32,9
65,-40,10
58,-38,8
45,-31,6
44,-26,6
44,-18,6
50,-13,12
53,-13,14
57,-11,15
59,-10,16
58,-8,13
58,-8,13
62,-11,13
62,-15,11
64,-16,10
59,-15,9
56,-9,11
67,-14,16
90,-32,27
77,-29,21
62,-20,10
58,-23,11
45,-29,18
44,-35,21
47,-40,21
51,-35,19
51,-24,18
52,-20,16
53,-16,15
54,-15,14
56,-16,14
57,-16,14
55,-14,16
52,-13,17
53,-13,16
53,-12,13
55,-13,16
58,-21,15
54,-21,12
61,-17,18
59,-10,18
72,-1,18
89,-5,16
83,-27,18
76,-30,22
45,-28,15
43,-23,6
61,-28,7
66,-31,6
55,-33,4
51,-34,4
45,-33,6
41,-31,6
38,-24,8
41,-22,11
52,-22,14
61,-21,16
59,-19,17
57,-15,17
58,-9,20
61,-7,23
64,-15,19
63,-14,17
62,-14,13
59,-14,19
70,-21,21
84,-33,25
73,-27,20
59,-16,8
56,-18,8
49,-34,15
45,-38,13
44,-41,10
41,-38,9
44,-28,7
48,-24,7
53,-18,10
54,-16,12
58,-12,20
61,-11,25
59,-11,22
54,-12,19
49,-15,19
51,-15,18
58,-20,16
59,-21,13
56,-24,11
58,-22,13
69,-12,18
85,-5,29
91,-26,20
56,-25,17
42,-26,9
56,-33,10
67,-36,7
59,-37,-2
50,-36,0
42,-33,5
40,-31,5
40,-26,6
43,-24,7
49,-21,10
50,-20,10
55,-20,11
58,-19,12
63,-13,23
63,-10,28
63,-17,21
60,-15,16
63,-17,12
60,-17,10
73,-25,19
86,-35,21
76,-35,23
66,-28,15
47,-24,9
40,-26,8
41,-38,11
44,-36,13
41,-32,11
50,-23,7
53,-21,9
53,-16,12
55,-15,14
62,-14,25
65,-12,28
55,-13,19
52,-14,17
53,-15,13
53,-15,11
55,-16,15
59,-19,18
56,-19,13
59,-18,15
62,-9,15
66,-1,18
77,5,23
89,-12,20
82,-31,19
78,-36,21
40,-32,11
37,-31,8
61,-41,4
63,-44,1
50,-40,1
44,-34,7
40,-30,9
40,-23,10
43,-21,11
54,-19,15
57,-19,16
58,-15,14
60,-11,16
65,-9,27
62,-10,27
60,-14,18
58,-16,17
58,-16,13
56,-14,13
59,-16,16
70,-26,19
80,-39,27
77,-36,20
59,-27,10
51,-25,9
36,-27,8
38,-33,10
51,-39,15
51,-37,15
48,-27,10
50,-23,11
52,-16,13
54,-13,18
61,-10,22
60,-13,21
56,-14,17
52,-17,18
51,-16,18
52,-18,17
55,-18,17
54,-21,14
54,-23,13
60,-19,16
62,-12,17
83,4,29
106,-3,28
76,-22,13
67,-27,21
35,-26,11
43,-30,10
69,-44,2
68,-45,-3
47,-41,-2
43,-38,3
41,-31,9
38,-28,7
43,-23,5
47,-22,8
52,-23,16
52,-22,15
52,-19,12
55,-14,15
60,-13,19
70,-15,22
69,-16,18
67,-15,15
70,-16,20
98,-30,23
91,-33,22
59,-19,11
46,-16,5
43,-28,7
45,-41,7
48,-45,6
41,-39,5
39,-27,3
44,-23,4
50,-18,9
53,-15,14
61,-9,24
64,-7,28
56,-9,18
52,-9,14
50,-13,16
52,-14,16
57,-20,16
54,-23,14
68,-25,18
69,-15,20
84,-15,20
99,-27,19
77,-28,17
52,-27,9
51,-30,7
62,-38,-2
59,-38,-7
44,-35,-5
41,-33,0
40,-26,7
39,-23,7
44,-21,8
47,-20,9
52,-17,10
52,-16,10
58,-16,14
61,-15,17
67,-9,28
70,-11,28
60,-13,15
65,-14,15
65,-14,16
76,-20,21
91,-36,23
77,-34,24
49,-23,8
45,-33,4
48,-45,0
47,-47,4
41,-40,7
40,-25,5
43,-20,6
49,-14,10
51,-11,13
60,-8,23
64,-9,28
56,-12,17
50,-13,14
52,-18,14
56,-21,15
56,-24,15
53,-25,12
63,-25,14
65,-23,14
77,-8,23
97,-6,25
73,-20,13
65,-24,17
44,-28,8
56,-34,6
70,-43,-4
53,-37,-10
46,-35,-5
41,-31,6
39,-28,8
38,-24,6
43,-23,6
53,-22,10
54,-21,10
54,-20,8
55,-20,9
59,-15,17
61,-13,26
64,-16,27
60,-18,17
63,-19,12
63,-17,10
80,-24,20
92,-29,22
75,-26,19
65,-20,11
50,-20,10
45,-27,12
42,-40,10
45,-43,10
41,-36,10
39,-30,7
47,-22,6
49,-19,6
53,-15,12
55,-14,16
63,-16,25
64,-17,26
53,-15,17
50,-17,14
52,-19,15
55,-20,16
57,-21,14
58,-23,11
61,-23,14
65,-15,19
74,-11,23
99,-21,21
79,-24,16
57,-27,15
44,-28,8
61,-37,3
66,-41,-2
57,-38,-7
49,-35,-4
44,-31,5
42,-27,7
41,-21,7
44,-20,8
51,-17,12
52,-17,14
54,-16,14
58,-13,18
61,-11,24
64,-16,23
62,-17,17
65,-21,16
63,-18,12
78,-27,17
92,-34,20
71,-34,22
60,-31,14
43,-30,10
37,-35,8
38,-44,8
42,-39,12
41,-31,13
46,-26,11
49,-20,11
50,-17,14
53,-15,17
56,-15,20
59,-14,23
57,-14,23
50,-12,21
48,-12,20
54,-15,20
58,-18,17
53,-26,15
59,-27,18
63,-18,23
79,-6,30
99,-16,29
76,-29,20
69,-32,22
46,-28,11
52,-30,8
62,-39,-3
57,-37,-9
42,-38,-6
41,-36,0
41,-29,9
39,-27,8
47,-24,7
52,-22,9
55,-18,12
55,-17,14
57,-14,20
59,-13,23
61,-9,24
61,-10,20
60,-16,16
61,-18,16
63,-16,13
68,-16,18
94,-27,26
92,-31,29
67,-24,17
57,-23,11
43,-29,11
40,-43,7
39,-45,5
37,-36,7
38,-31,7
45,-23,8
47,-21,9
53,-16,16
54,-14,19
60,-12,26
61,-11,27
55,-12,22
52,-12,21
53,-14,19
56,-16,18
54,-25,16
61,-29,20
67,-22,25
72,-15,27
95,-16,23
92,-22,20
62,-23,17
50,-23,15
48,-22,9
58,-26,7
64,-31,-3
58,-32,-8
47,-32,-4
46,-31,2
44,-25,9
44,-21,10
48,-20,12
54,-17,17
57,-16,19
59,-11,21
61,-8,23
60,-6,23
60,-8,19
61,-17,15
64,-18,17
61,-15,13
62,-15,18
90,-27,24
91,-32,28
67,-25,17
57,-23,11
42,-30,10
38,-46,5
41,-46,7
40,-41,7
41,-29,6
46,-24,7
51,-19,11
52,-16,13
59,-12,23
63,-10,28
59,-10,22
51,-10,18
51,-11,19
58,-14,19
59,-18,15
58,-23,17
67,-24,23
72,-16,25
80,-12,25
92,-19,19
76,-21,17
55,-24,14
52,-24,9
61,-29,3
67,-33,-1
58,-34,-6
48,-33,-5
39,-29,2
40,-27,5
42,-21,8
47,-19,10
54,-15,14
56,-13,16
61,-11,20
64,-10,22
61,-8,21
57,-8,18
58,-16,15
66,-20,16
63,-14,13
61,-9,18
75,-13,24
94,-26,28
82,-29,25
57,-21,13
45,-19,8
42,-33,6
46,-44,5
46,-43,7
42,-37,7
46,-23,6
48,-18,5
50,-9,10
52,-7,15
69,-8,34
68,-8,32
53,-9,16
53,-10,15
53,-13,19
55,-13,19
57,-23,13
53,-23,13
65,-19,22
69,-10,26
95,-7,27
81,-18,16
71,-20,17
51,-25,12
47,-24,7
64,-29,1
67,-32,-4
54,-31,-6
48,-30,-3
43,-29,5
42,-27,7
42,-22,6
43,-21,8
48,-18,17
50,-17,17
53,-16,15
56,-14,14
67,-13,27
71,-14,32
62,-18,17
62,-21,14
58,-15,10
54,-12,13
88,-26,24
96,-30,28
72,-29,20
63,-28,13
46,-33,6
39,-38,3
36,-42,2
39,-33,7
39,-27,7
45,-20,7
49,-18,10
56,-14,20
61,-12,26
66,-11,25
58,-9,20
52,-7,17
50,-8,16
53,-13,20
58,-15,20
53,-21,14
59,-20,18
67,-10,22
74,-3,24
114,-17,22
90,-25,21
49,-26,17
35,-27,9
61,-41,7
68,-50,4
51,-45,-5
38,-42,-5
37,-36,6
38,-32,9
42,-25,7
54,-21,5
58,-19,7
60,-15,12
58,-10,14
60,-2,25
63,1,28
62,-8,16
62,-10,13
69,-19,19
70,-17,17
79,-19,23
92,-26,24
76,-30,23
58,-23,15
42,-22,9
45,-31,9
51,-52,6
49,-50,7
34,-35,7
35,-27,4
41,-17,4
45,-15,5
54,-12,11
60,-9,18
72,-2,39
68,-1,33
51,-2,16
57,-9,17
57,-13,19
55,-21,15
57,-24,15
66,-17,18
72,-10,23
107,-16,23
96,-24,16
57,-24,14
43,-24,8
58,-30,8
66,-32,4
60,-32,-5
51,-32,-4
43,-32,2
40,-30,4
37,-26,6
39,-25,6
44,-22,11
46,-20,13
52,-20,13
57,-21,14
61,-16,20
62,-12,26
65,-18,24
67,-18,21
68,-16,12
75,-19,19
97,-30,24
67,-26,20
55,-21,10
45,-24,7
48,-35,5
52,-46,6
47,-39,7
36,-24,7
38,-19,7
42,-14,8
47,-12,10
54,-7,18
63,-7,30
65,-10,25
52,-7,15
49,-13,14
55,-17,17
56,-23,15
51,-26,17
60,-23,16
58,-19,15
82,-16,22
95,-24,21
81,-32,24
69,-26,18
55,-23,5
52,-24,3
66,-28,-2
64,-29,-5
47,-32,-3
39,-31,4
37,-29,6
41,-24,7
46,-21,9
53,-17,12
53,-14,12
55,-10,17
61,-9,25
65,-13,21
62,-16,14
61,-20,12
70,-23,17
66,-13,22
70,-14,25
90,-26,19
76,-31,16
50,-31,13
46,-30,12
52,-47,6
45,-46,3
42,-39,6
39,-31,4
46,-19,4
49,-15,5
52,-5,11
64,-2,31
69,-5,32
50,-10,14
50,-15,14
51,-15,15
51,-14,15
55,-16,12
53,-20,10
69,-24,12
70,-23,10
88,-14,18
105,-21,28
70,-31,20
53,-25,13
56,-39,7
66,-50,6
54,-48,-5
42,-44,-6
36,-35,3
38,-31,8
41,-25,8
46,-24,5
53,-19,3
53,-17,6
52,-16,9
54,-16,11
56,-9,19
71,-7,30
72,-12,25
59,-15,17
63,-18,19
80,-24,25
89,-30,24
83,-33,19
66,-29,13
46,-23,7
40,-26,7
43,-44,6
45,-45,5
40,-33,4
40,-26,3
45,-18,4
48,-16,7
54,-13,16
59,-13,26
66,-11,28
55,-13,14
49,-16,9
46,-18,8
49,-21,15
51,-22,16
54,-26,10
60,-30,10
66,-25,11
72,-19,19
102,-31,16
87,-37,18
49,-31,14
50,-36,4
63,-43,4
65,-39,-2
54,-33,-4
40,-27,1
38,-24,3
37,-21,6
41,-20,8
47,-19,12
48,-18,11
55,-19,12
59,-18,14
63,-11,18
65,-10,20
61,-14,16
64,-18,16
86,-31,21
96,-40,22
73,-43,21
54,-33,12
37,-30,5
37,-39,5
43,-57,6
41,-50,6
36,-37,6
37,-32,6
40,-25,7
48,-22,9
51,-21,10
53,-15,17
54,-12,20
53,-9,23
54,-8,22
64,-17,13
58,-22,13
84,-31,31
80,-23,28
81,-12,17
88,-15,16
61,-21,10
48,-23,8
60,-35,6
68,-43,1
60,-42,-10
51,-37,-9
43,-29,-1
45,-26,3
46,-18,6
46,-16,8
49,-14,16
51,-15,21
55,-14,16
56,-13,14
57,-10,18
61,-12,20
61,-15,18
60,-18,16
60,-18,14
59,-17,20
65,-20,24
92,-32,25
85,-37,20
58,-41,12
50,-36,7
45,-45,1
43,-48,-2
42,-35,2
42,-27,2
47,-18,3
49,-15,5
50,-10,12
55,-9,19
64,-12,33
56,-14,22
45,-14,15
46,-13,16
57,-15,19
63,-18,18
60,-26,14
67,-27,19
75,-17,24
97,-22,17
89,-23,12
53,-24,12
42,-21,7
59,-31,6
69,-36,3
61,-34,-7
50,-32,-8
39,-27,0
38,-24,2
40,-20,7
46,-19,10
57,-17,17
58,-15,17
58,-10,20
60,-9,22
55,-9,18
56,-13,17
58,-22,13
63,-27,18
68,-18,8
74,-20,13
97,-33,18
82,-36,23
48,-25,10
42,-24,10
43,-43,12
47,-50,8
43,-43,6
39,-29,5
42,-24,5
48,-17,7
50,-15,10
59,-12,23
67,-11,29
54,-11,17
49,-10,16
50,-12,17
52,-12,17
58,-20,10
57,-23,10
70,-25,22
67,-17,23
92,-9,25
100,-20,15
75,-30,19
53,-27,17
44,-30,6
60,-38,5
67,-40,-5
57,-36,-7
42,-30,-1
40,-28,3
39,-23,8
41,-21,8
50,-19,11
53,-18,15
54,-14,16
57,-12,18
60,-10,19
65,-11,20
65,-15,17
64,-20,16
63,-15,13
66,-15,19
86,-22,23
90,-33,23
69,-31,22
43,-23,8
40,-27,9
47,-50,4
51,-51,5
42,-36,9
42,-28,7
46,-18,9
48,-15,11
52,-8,16
55,-8,21
58,-9,26
49,-15,14
50,-18,15
53,-18,17
57,-20,19
55,-26,15
55,-27,16
58,-17,16
64,-10,20
106,-10,30
108,-27,22
61,-27,15
43,-25,10
57,-38,9
67,-44,3
56,-41,-7
44,-38,-5
39,-31,4
38,-28,7
40,-24,9
44,-23,8
52,-21,13
55,-19,15
56,-15,13
57,-13,13
61,-8,21
67,-10,25
61,-17,16
62,-19,17
66,-17,14
77,-20,22
93,-31,23
67,-30,18
52,-25,10
39,-32,9
44,-46,7
47,-52,4
40,-42,6
37,-26,6
41,-22,7
46,-18,8
49,-16,9
55,-13,18
58,-11,23
61,-10,27
57,-10,24
52,-10,20
53,-13,18
51,-22,14
58,-29,18
70,-28,21
72,-23,22
97,-19,21
101,-24,22
52,-24,13
46,-23,7
55,-29,7
62,-33,4
58,-36,-7
49,-36,-7
39,-31,-1
39,-24,5
41,-21,7
49,-18,11
53,-17,13
57,-14,14
58,-13,15
63,-13,20
63,-13,23
60,-20,18
58,-22,15
64,-24,14
63,-22,9
77,-25,17
89,-32,19
73,-41,22
58,-35,17
37,-31,8
36,-37,7
45,-43,8
47,-39,11
47,-23,7
50,-15,9
51,-5,13
55,-3,16
61,-5,19
60,-7,18
59,-11,15
59,-11,16
53,-9,15
55,-9,16
59,-11,16
55,-16,11
62,-18,12
71,-15,15
83,-14,14
92,-21,14
77,-24,16
53,-28,12
50,-29,7
63,-39,3
64,-42,-2
47,-43,-4
39,-40,-3
36,-33,3
35,-30,3
42,-26,6
47,-24,7
53,-20,11
55,-19,13
58,-18,14
59,-16,16
61,-13,18
61,-13,19
61,-17,17
64,-20,18
73,-23,20
86,-36,21
91,-41,21
61,-30,19
48,-21,8
44,-26,6
49,-40,2
49,-44,1
44,-38,1
40,-22,2
43,-17,2
48,-14,5
52,-10,10
58,-4,25
68,-3,36
62,-7,17
55,-8,10
49,-12,12
49,-12,15
60,-18,17
59,-23,12
65,-27,12
67,-22,11
76,-12,21
101,-14,23
78,-24,18
64,-25,16
39,-23,4
65,-35,4
71,-38,0
57,-35,-6
48,-33,-3
42,-29,3
39,-28,3
39,-25,5
42,-24,7
48,-21,14
50,-20,13
56,-19,12
60,-18,15
65,-14,26
65,-15,26
60,-20,16
65,-19,14
59,-15,9
69,-20,16
95,-35,21
81,-34,23
57,-23,9
48,-23,7
45,-39,4
46,-48,5
43,-42,9
39,-36,8
41,-24,5
48,-19,8
52,-17,10
56,-13,18
59,-11,23
62,-9,23
58,-9,18
50,-8,12
52,-9,12
60,-17,18
54,-20,12
68,-25,15
69,-24,16
77,-18,14
95,-18,16
81,-26,22
68,-29,22
56,-32,15
54,-32,13
57,-38,0
51,-42,-7
39,-43,-10
39,-39,-3
42,-27,8
42,-23,8
46,-21,8
49,-20,10
53,-15,12
53,-13,10
57,-13,9
60,-12,15
64,-9,19
66,-11,26
68,-12,26
66,-12,19
70,-13,18
93,-28,22
87,-31,22
56,-27,21
44,-24,13
39,-41,-3
45,-50,-2
50,-43,10
43,-35,9
44,-22,7
47,-17,6
53,-10,7
58,-6,12
65,1,22
68,3,29
63,-2,24
56,-6,17
49,-14,14
50,-17,14
52,-25,13
55,-29,11
55,-29,9
56,-27,6
62,-21,2
79,-10,6
92,-11,31
76,-29,31
57,-25,21
55,-46,9
57,-51,4
50,-52,-2
44,-48,0
38,-37,10
33,-32,10
36,-27,7
41,-26,5
50,-22,5
52,-20,5
54,-17,10
57,-17,14
65,-14,24
68,-14,28
61,-14,21
58,-13,18
79,-30,21
101,-44,24
71,-44,28
51,-32,19
27,-28,7
29,-39,7
46,-50,11
40,-35,16
40,-29,14
49,-21,17
51,-18,19
54,-17,21
54,-18,21
49,-18,20
48,-18,18
49,-19,22
50,-20,24
52,-21,26
53,-20,25
55,-23,18
60,-25,20
73,-27,23
85,-29,21
85,-38,25
60,-36,24
28,-31,11
46,-41,8
66,-54,4
56,-47,0
42,-34,-1
41,-30,3
42,-21,7
46,-18,7
54,-15,9
55,-12,13
57,-11,15
63,-8,23
66,-6,27
60,-9,16
61,-11,12
64,-15,15
62,-15,13
72,-22,19
87,-33,23
75,-35,22
65,-35,13
52,-42,15
42,-47,15
30,-47,9
31,-43,9
36,-32,11
40,-28,10
45,-24,11
46,-23,11
50,-22,14
51,-22,15
54,-20,19
55,-19,23
54,-18,27
51,-17,25
52,-19,19
54,-28,22
68,-33,26
69,-30,18
74,-24,16
98,-17,23
89,-16,29
47,-18,16
50,-20,8
61,-31,7
68,-35,5
55,-39,-2
45,-37,-2
36,-30,2
36,-24,5
38,-17,6
44,-16,7
54,-15,11
56,-13,11
58,-10,16
63,-9,22
67,-8,31
65,-11,24
60,-16,15
66,-18,19
65,-15,18
66,-17,19
93,-36,20
70,-35,22
56,-26,15
45,-23,5
46,-34,3
48,-53,1
45,-47,2
39,-31,4
43,-25,5
47,-17,6
49,-14,8
55,-9,17
61,-8,24
66,-11,30
58,-14,20
57,-22,20
56,-27,20
49,-35,27
55,-37,25
68,-51,25
68,-41,29
54,-20,35
53,-8,27
90,15,23
93,13,20
81,8,23
64,5,19
61,2,10
63,7,-4
94,11,-10
74,9,-3
66,7,12
62,5,17
80,2,17
75,-10,35
63,-14,40
35,-11,38
26,-10,43
25,-15,50
12,-16,49
-1,-14,54
-2,-9,54
-7,-15,59
-12,-10,61
-3,-19,57
0,-2,57
-8,-5,63
-1,-13,70
-6,-23,65
-4,-7,57
8,2,62
12,5,67
4,12,65
-1,15,64
-9,-13,64
-1,11,65
8,13,66
-9,8,53
3,9,55
28,28,45
47,20,48
33,34,53
44,33,54
44,29,50
31,34,44
40,53,46
43,55,44
50,43,52
42,43,51
29,47,29
34,46,36
23,35,48
22,31,39
-17,33,16
-26,27,18
-28,28,27
-30,24,30
-43,23,26
-45,25,21
-50,27,17
-51,26,18
-46,28,23
-46,31,26
-51,26,29
-51,23,32
-54,20,38
-50,24,40
-55,28,37
-57,21,37
-62,16,35
-70,15,39
-75,15,39
-57,-1,45
-47,-4,51
-45,-6,47
-58,5,38
-58,20,28
-55,21,28
-45,9,30
-38,20,32
-42,14,28
-43,16,28
-47,21,31
-45,20,33
-34,15,30
-53,14,20
-54,19,24
-63,23,25
-53,5,30
-67,12,14
-69,27,32
-65,24,37
-73,26,21
-79,24,21
-53,25,38
-58,20,35
-48,14,33
-46,12,25
-50,22,27
-48,17,30
-47,16,35
-48,11,36
-53,9,34
-54,16,34
-53,18,29
-52,9,26
-50,18,27
-49,19,34
-51,18,33
-59,17,31
-57,18,33
-56,22,33
-56,25,30
-61,19,30
-55,20,33
-66,22,24
-62,19,29
-53,10,44
-51,8,40
-43,9,39
-46,13,39
-53,13,39
-42,10,43
-41,14,44
-43,10,48
-43,9,47
-51,13,41
-49,18,44
-46,8,47
-52,11,41
-52,15,44
-48,13,45
-59,22,32
-56,20,33
-45,18,41
-45,14,40
-48,16,38
-48,15,38
-43,8,39
-38,7,45
-43,9,47
-29,6,51
-39,12,50
-35,10,49
-35,7,55
-45,10,53
-47,15,47
-42,14,48
-41,15,48
-45,14,45
-47,12,46
-49,15,41
-56,16,35
-60,22,25
-55,19,33
-45,13,38
-50,13,34
-46,16,37
-46,13,41
-36,17,50
-41,21,48
-54,19,39
-50,18,36
-48,14,46
-48,14,47
-45,21,47
-52,28,40
-40,0,24
-51,14,31
-51,16,40
-49,17,37
-50,19,31
-51,19,32
-52,17,37
-50,14,39
-48,11,41
-51,12,39
-51,13,38
-49,8,38
-50,7,37
-51,7,36
-52,7,36
-56,6,37
-51,7,39
-51,12,37
-52,11,35
-46,9,37
-46,10,39
-46,9,41
-44,10,42
-47,13,41
-47,11,42
-47,10,46
-48,12,46
-50,9,48
-51,9,50
-52,14,53
-52,15,54
-49,14,55
-48,16,56
-41,15,54
-38,16,52
-38,12,51
-36,10,51
-34,9,51
-35,12,50
-35,12,49
-35,12,46
-36,12,44
-40,13,39
-39,14,39
-39,15,40
-39,15,40
-41,14,41
-41,14,42
-45,14,46
-47,15,46
-46,15,50
-47,11,54
-55,8,55
-53,11,58
-43,5,64
-39,-3,65
-43,-17,59
-39,-14,56
-39,-2,51
-38,2,47
-34,7,41
-32,9,39
-34,6,36
-33,5,37
-33,8,41
-33,6,45
-34,4,46
-39,5,48
-40,5,49
-44,3,54
-47,2,55
-49,-3,57
-50,-2,59
-52,7,63
-53,10,63
-48,7,65
-42,6,65
-39,4,56
-36,2,54
-29,2,56
-25,2,56
-30,1,52
-31,2,47
-28,3,41
-30,3,38
-32,5,36
-32,8,39
-36,8,40
-37,8,43
-37,10,48
-40,9,51
-47,10,53
-44,7,63
-41,0,68
-53,-9,68
-46,-5,69
-31,-9,71
-30,-15,71
-32,-24,64
-30,-20,58
-29,-8,47
-25,-4,42
-21,-1,28
-21,-2,20
-19,-8,9
-11,-10,7
2,-11,8
9,-12,12
19,-18,26
34,-21,35
48,-29,61
64,-27,66
79,-35,85
69,-37,87
68,-30,65
97,-29,63
117,-17,71
83,-6,58
80,5,44
76,-13,37
65,-14,28
51,-22,21
38,-21,12
24,-9,2
20,-8,-3
21,-10,3
30,-5,17
36,-13,16
45,-17,13
57,-14,5
73,-21,-4
89,-21,-22
91,-17,-14
89,-25,-1
97,-28,4
106,-43,-21
93,-41,-15
48,-53,-15
36,-49,-9
48,-35,-6
52,-30,-7
44,-23,-8
47,-17,-9
15,-4,-12
-1,3,2
18,4,12
41,-18,17
35,-43,20
90,-54,29
98,-36,29
45,-23,14
45,-26,13
94,-17,22
97,-6,33
102,9,16
98,3,-1
62,0,-4
65,-12,5
86,-55,11
80,-58,4
42,-49,-11
31,-36,-11
24,-21,0
28,-16,7
33,-11,12
36,-9,12
45,-9,9
49,-8,7
57,-9,8
60,-9,11
72,-13,19
80,-18,23
101,-26,43
113,-28,40
85,-35,13
39,-35,3
36,-40,3
48,-67,4
44,-59,0
39,-36,5
36,-27,6
35,-15,7
35,-10,7
40,-9,6
43,-7,7
47,-4,13
50,-2,18
56,-3,25
63,-4,24
72,-20,14
80,-11,19
108,-12,28
104,-16,14
77,-16,-4
68,-12,-2
63,-37,-1
82,-49,0
67,-53,-12
50,-43,-11
33,-26,-3
31,-19,3
29,-12,9
34,-8,13
39,-8,14
49,-12,15
51,-13,14
59,-14,11
62,-14,13
65,-16,16
62,-21,21
88,-23,27
100,-24,25
98,-35,20
69,-35,23
41,-37,7
50,-45,9
49,-62,0
42,-48,2
31,-26,5
30,-17,6
30,-9,6
32,-8,6
44,-11,7
53,-10,11
61,-7,25
59,-7,30
60,-2,27
64,-4,20
55,-13,8
71,-16,18
94,-13,33
100,-10,21
93,-18,2
59,-19,3
48,-31,4
79,-60,2
67,-63,-8
43,-41,-5
36,-31,0
30,-17,11
30,-15,13
33,-11,11
39,-13,10
46,-12,11
48,-11,10
56,-10,10
60,-9,13
66,-9,24
70,-11,29
75,-16,33
85,-14,29
116,-25,21
99,-31,22
36,-37,9
38,-36,7
57,-64,5
55,-60,2
32,-35,7
30,-24,7
33,-11,8
39,-8,8
43,-8,9
52,-7,17
55,-6,24
56,-5,32
58,-5,28
62,-9,16
57,-20,8
77,-22,25
97,-24,36
108,-17,19
97,-23,7
67,-18,6
45,-23,4
71,-47,8
77,-54,-1
51,-42,-10
39,-36,-9
32,-26,3
31,-21,7
32,-14,9
38,-13,10
49,-12,12
52,-10,13
55,-4,18
63,1,27
69,-4,28
58,-6,12
59,-13,21
76,-20,28
106,-28,26
98,-41,25
64,-38,22
42,-37,11
49,-42,13
43,-58,4
37,-42,5
34,-23,8
36,-14,9
34,-10,7
38,-8,9
49,-10,11
54,-8,17
54,-9,29
55,-8,31
54,-6,25
61,-8,21
57,-19,12
74,-24,23
95,-19,41
97,-24,11
85,-23,7
42,-24,4
39,-33,3
76,-51,-2
70,-51,-8
45,-33,-6
38,-28,-2
32,-19,7
32,-16,12
38,-12,18
45,-11,20
54,-11,18
56,-10,17
58,-9,15
58,-8,17
64,-15,16
60,-17,15
75,-22,27
80,-18,26
113,-26,25
97,-29,28
43,-32,15
39,-36,8
47,-54,8
44,-61,4
37,-37,5
34,-29,6
39,-13,6
39,-10,6
45,-3,11
46,-2,15
57,-3,33
56,-10,24
54,-9,23
52,-7,17
59,-10,14
57,-18,17
78,-23,28
103,-17,35
107,-26,17
82,-27,12
57,-24,8
48,-39,4
77,-52,3
70,-52,-7
51,-42,-6
33,-29,1
30,-24,6
27,-16,11
31,-14,12
44,-16,14
51,-16,14
51,-14,11
53,-12,10
62,-10,12
68,-7,17
67,-7,26
66,-9,29
83,-17,31
122,-33,25
98,-41,24
34,-38,8
32,-34,4
50,-57,5
53,-57,1
34,-34,0
32,-24,3
34,-13,6
36,-11,7
45,-10,12
50,-11,15
57,-10,29
58,-12,32
53,-12,23
51,-11,19
58,-20,12
49,-23,10
90,-29,29
99,-21,35
101,-26,9
95,-27,9
44,-30,6
32,-35,4
73,-54,1
73,-55,-4
41,-41,-7
31,-28,1
30,-24,6
33,-18,10
37,-17,11
51,-13,13
55,-13,13
53,-10,11
54,-8,10
59,-6,15
62,-5,20
65,-12,27
66,-15,31
103,-21,32
120,-31,29
88,-39,25
53,-33,20
37,-27,6
42,-44,8
45,-53,-5
39,-42,-2
33,-21,1
36,-15,3
40,-10,6
45,-8,9
55,-6,19
59,-6,29
55,-10,34
47,-11,23
46,-13,16
52,-16,16
57,-31,14
87,-34,27
91,-26,32
104,-27,18
96,-27,16
48,-24,7
36,-28,2
72,-45,0
74,-45,-6
49,-33,-8
41,-29,-5
30,-20,5
29,-16,8
30,-12,13
37,-13,15
52,-13,17
56,-14,15
64,-13,14
64,-11,15
61,-5,24
65,-7,23
70,-18,26
81,-23,27
101,-30,29
103,-39,25
56,-33,19
35,-29,8
52,-43,11
55,-60,-4
41,-46,-1
31,-23,4
34,-15,8
35,-7,9
37,-5,9
50,-4,17
53,-3,24
60,-3,35
59,-5,30
55,-10,20
57,-16,14
57,-27,20
69,-30,28
100,-13,38
111,-20,23
89,-22,6
60,-22,4
39,-30,3
63,-41,5
72,-49,0
58,-40,0
35,-27,2
32,-21,4
30,-17,9
36,-13,13
45,-11,16
57,-11,17
60,-10,16
63,-6,15
64,-4,20
65,-11,22
59,-14,19
68,-19,27
77,-22,24
121,-35,25
94,-36,26
40,-32,14
40,-35,9
52,-63,2
48,-67,-2
34,-35,7
32,-26,10
36,-11,13
35,-7,11
41,-6,9
47,-6,11
53,-6,20
56,-9,27
59,-10,32
56,-9,26
58,-20,12
53,-23,23
83,-25,33
106,-10,37
100,-20,15
66,-18,0
48,-21,4
54,-48,10
71,-56,7
63,-40,-9
51,-32,-9
38,-22,3
35,-19,9
31,-15,18
33,-15,18
43,-13,16
46,-14,14
55,-17,12
61,-17,13
61,-11,17
62,-9,17
64,-12,23
73,-15,30
97,-25,34
107,-34,30
70,-37,20
46,-32,10
44,-35,6
53,-62,-5
51,-56,-2
38,-44,3
38,-27,10
37,-14,13
37,-10,12
41,-5,11
45,-4,13
51,-3,20
52,-4,24
55,-7,28
56,-9,24
56,-22,10
60,-23,17
105,-24,40
108,-21,32
97,-25,5
80,-25,7
42,-31,2
61,-41,3
70,-47,-5
56,-36,-8
39,-24,-6
36,-20,-1
31,-16,9
30,-13,13
39,-11,19
46,-11,19
52,-14,15
55,-15,13
60,-16,16
64,-18,17
66,-23,20
81,-24,29
80,-23,30
98,-39,27
92,-39,23
38,-32,5
36,-30,4
55,-59,1
53,-60,-6
34,-32,-1
32,-23,2
37,-12,8
39,-9,9
48,-7,14
53,-9,18
55,-14,27
52,-16,28
48,-17,23
50,-18,22
61,-23,16
56,-27,13
79,-31,27
82,-19,35
104,-6,26
103,-18,9
55,-23,2
50,-43,1
64,-47,0
66,-47,-14
55,-41,-15
36,-28,-3
30,-23,4
31,-17,15
35,-18,18
48,-19,20
52,-19,19
50,-15,13
51,-15,12
59,-14,19
57,-12,22
61,-18,25
63,-22,25
84,-26,29
96,-32,29
108,-44,23
76,-40,15
29,-28,8
35,-35,6
51,-62,-9
52,-51,-7
34,-25,-3
36,-16,1
37,-8,6
48,-5,13
51,-7,18
58,-9,37
59,-9,38
46,-8,21
47,-10,17
63,-19,13
59,-27,9
92,-30,39
99,-24,44
95,-21,11
89,-23,0
54,-23,4
39,-27,1
73,-49,2
73,-52,-5
49,-38,-15
39,-34,-13
33,-24,2
30,-21,7
32,-18,13
38,-18,14
54,-17,17
56,-15,18
52,-11,14
53,-9,13
58,-11,16
67,-13,19
73,-17,22
82,-20,29
115,-34,28
94,-37,13
52,-36,10
33,-37,4
47,-48,3
52,-54,-4
43,-38,-2
39,-17,3
39,-12,7
36,-5,12
40,-7,14
49,-8,19
50,-8,22
48,-6,24
46,-11,22
55,-14,18
66,-22,14
73,-27,25
89,-25,38
99,-8,29
94,-18,8
70,-20,2
50,-24,3
69,-53,1
74,-59,-3
49,-40,-13
43,-32,-10
37,-18,3
35,-13,14
38,-11,19
46,-10,21
47,-10,20
46,-13,14
50,-15,12
62,-14,17
64,-15,20
66,-19,17
73,-21,23
91,-16,26
102,-25,22
81,-33,20
51,-37,15
44,-44,7
51,-61,4
43,-47,1
37,-34,8
41,-12,10
39,-9,10
36,-5,8
41,-6,9
52,-14,17
54,-17,23
50,-14,29
49,-12,26
51,-14,19
59,-28,11
71,-30,21
92,-16,46
88,-7,39
92,-19,-1
76,-19,-4
52,-34,3
63,-50,7
61,-53,-12
49,-45,-19
40,-33,-4
39,-28,4
33,-20,13
35,-18,16
41,-17,16
45,-16,17
46,-13,14
48,-13,13
59,-13,12
64,-13,15
74,-16,21
71,-19,23
89,-18,31
100,-27,32
101,-33,20
36,-34,10
33,-32,2
46,-55,1
49,-56,-4
35,-35,-1
34,-26,2
33,-13,6
33,-11,7
43,-11,11
51,-11,15
64,-11,34
61,-10,36
47,-10,19
46,-11,16
61,-24,11
58,-26,10
89,-23,35
96,-11,39
101,-19,3
95,-21,-1
48,-28,7
37,-35,5
78,-49,0
76,-50,-3
47,-32,-4
37,-27,-3
31,-19,6
30,-17,8
32,-15,16
45,-15,18
50,-13,17
52,-11,13
55,-9,11
64,-9,14
70,-14,18
71,-22,32
84,-30,39
98,-35,31
100,-38,21
51,-35,12
36,-34,7
50,-49,9
57,-65,2
41,-45,1
32,-34,2
35,-15,7
35,-9,7
38,-3,9
42,-1,10
49,0,15
53,-1,23
59,-11,33
60,-11,28
57,-13,21
54,-19,12
79,-24,28
102,-24,40
96,-20,21
83,-22,3
63,-21,3
48,-37,5
73,-49,4
68,-49,-4
53,-39,-3
33,-25,2
30,-20,6
28,-14,9
30,-13,11
41,-14,13
47,-14,14
53,-14,15
53,-12,13
55,-9,17
64,-11,23
66,-18,21
74,-21,30
100,-23,30
113,-30,22
74,-30,19
44,-27,13
45,-36,10
58,-53,5
53,-54,-2
36,-38,0
29,-16,4
32,-8,6
35,-7,7
46,-8,12
53,-7,20
61,-12,34
52,-10,25
50,-9,17
55,-12,16
59,-25,10
74,-31,22
110,-27,36
105,-34,18
88,-29,10
58,-28,-1
60,-37,-7
77,-43,-7
62,-32,-7
50,-28,-4
36,-22,2
32,-18,5
27,-12,10
30,-11,13
43,-11,16
48,-11,15
52,-11,10
57,-13,9
66,-19,16
65,-26,19
68,-31,25
96,-29,29
104,-28,24
88,-29,19
55,-23,17
36,-27,9
51,-36,11
56,-59,-4
46,-47,-3
32,-24,0
33,-16,1
33,-10,3
37,-9,5
52,-9,13
55,-5,21
71,-8,40
56,-9,25
50,-8,15
56,-10,16
55,-16,9
63,-19,15
89,-13,28
103,-14,26
93,-31,9
77,-32,8
52,-43,5
65,-56,-9
57,-49,-12
46,-31,-2
39,-24,2
33,-17,10
31,-14,12
37,-13,13
41,-14,14
49,-12,16
50,-12,15
57,-11,14
62,-12,18
65,-17,21
62,-20,20
83,-23,28
97,-28,26
102,-35,24
74,-36,21
38,-36,7
45,-42,10
54,-63,-2
48,-52,-4
30,-26,2
31,-18,5
29,-8,7
30,-6,7
44,-7,10
52,-9,15
60,-12,34
57,-11,36
54,-8,25
64,-20,11
53,-22,11
86,-25,34
95,-12,40
99,-17,7
92,-18,1
51,-26,4
53,-36,7
75,-55,0
65,-49,-8
41,-33,-7
35,-28,-2
31,-19,8
29,-15,11
35,-12,15
43,-11,18
49,-12,17
52,-14,15
61,-16,12
61,-17,19
63,-20,19
65,-25,22
94,-33,29
103,-35,25
91,-40,21
56,-37,19
29,-33,4
50,-58,3
53,-60,-1
36,-35,1
35,-25,3
34,-14,7
34,-12,8
42,-7,12
47,-6,17
59,-4,32
58,-5,29
50,-10,18
54,-13,19
51,-25,7
56,-28,16
112,-22,43
100,-12,34
96,-25,-2
84,-30,5
38,-35,3
45,-44,3
74,-57,-6
65,-47,-8
39,-31,-5
36,-27,1
30,-19,10
30,-13,14
36,-13,14
49,-12,16
50,-14,14
55,-14,9
59,-13,9
68,-13,18
71,-17,20
76,-21,31
87,-22,30
109,-32,21
97,-36,20
43,-29,13
35,-33,8
52,-59,3
55,-68,-4
32,-40,-1
25,-28,-1
35,-12,2
36,-8,4
42,-2,9
46,2,15
78,-10,43
59,-17,26
46,-13,16
50,-14,17
60,-19,16
53,-22,11
95,-24,33
93,-15,25
88,-27,1
81,-29,6
52,-35,3
64,-48,2
77,-53,-3
54,-37,-7
42,-30,-5
34,-23,4
31,-18,9
30,-16,15
34,-16,17
50,-14,15
49,-13,13
55,-13,9
59,-13,8
61,-13,17
63,-18,21
68,-28,27
81,-31,31
95,-27,26
99,-32,19
64,-33,13
36,-31,9
46,-43,7
64,-61,4
44,-47,0
33,-36,4
32,-14,6
32,-7,5
36,-4,6
48,-4,13
55,-5,22
62,-20,30
50,-19,23
52,-20,21
54,-20,20
51,-24,9
55,-27,17
98,-20,34
103,-24,20
91,-18,13
69,-28,6
50,-34,-1
76,-46,-2
70,-45,-7
56,-42,-5
38,-30,2
33,-24,4
25,-17,8
27,-16,12
42,-15,16
51,-14,17
50,-13,12
53,-12,8
62,-14,12
68,-21,19
60,-21,15
79,-23,26
83,-17,27
108,-29,18
90,-36,18
37,-36,11
34,-39,6
61,-63,6
53,-64,-2
33,-36,2
32,-25,6
34,-13,9
36,-11,9
44,-6,11
47,-6,14
60,-12,32
56,-18,28
49,-17,19
49,-15,18
56,-25,7
57,-29,13
96,-31,38
103,-19,33
98,-29,5
78,-31,9
35,-32,0
74,-52,2
70,-54,-1
45,-37,-3
37,-31,-1
31,-21,8
32,-19,13
41,-15,17
46,-14,17
48,-12,12
51,-12,10
60,-12,12
60,-10,14
62,-5,26
64,-13,20
66,-20,24
75,-19,27
103,-28,26
107,-38,24
61,-39,20
42,-41,13
48,-53,8
45,-70,5
29,-45,3
29,-38,6
32,-19,8
32,-16,7
40,-14,7
47,-13,9
56,-12,15
55,-10,24
51,-12,33
50,-14,22
54,-18,18
49,-32,16
67,-39,26
89,-22,31
99,-18,22
95,-35,18
72,-41,21
34,-42,2
53,-52,3
65,-56,-5
51,-49,-8
36,-37,-2
34,-29,5
31,-19,10
36,-16,11
48,-11,11
50,-12,10
51,-9,10
51,-9,9
56,-14,14
59,-16,19
68,-21,25
66,-23,23
80,-34,28
97,-40,26
105,-51,20
52,-37,9
32,-37,2
33,-50,-3
36,-63,-5
30,-41,1
31,-34,6
36,-22,11
38,-19,11
42,-16,10
44,-16,10
50,-11,15
49,-9,18
50,-5,26
52,-5,25
58,-24,10
59,-29,16
106,-37,39
101,-27,36
89,-27,5
84,-27,9
39,-34,5
66,-49,0
73,-56,-7
68,-50,-10
44,-37,-8
35,-27,3
32,-22,8
32,-16,14
36,-16,15
51,-16,15
54,-15,16
51,-12,11
52,-12,10
57,-12,12
63,-13,16
67,-20,20
72,-24,27
84,-21,31
95,-28,29
92,-35,21
58,-34,16
33,-32,8
43,-41,13
54,-60,-4
43,-46,-4
29,-23,0
33,-16,3
38,-10,6
42,-8,8
52,-5,14
55,-4,20
60,-9,38
54,-10,29
53,-9,18
56,-17,13
53,-21,9
90,-25,31
103,-12,41
92,-25,10
89,-23,2
52,-29,2
41,-35,-2
77,-52,-6
80,-50,-7
50,-31,-3
40,-29,2
34,-18,11
30,-17,12
29,-12,15
37,-12,15
48,-13,14
51,-15,11
62,-16,10
64,-15,11
63,-12,21
64,-16,22
79,-20,30
89,-18,29
102,-23,21
98,-30,21
46,-29,15
29,-35,7
52,-52,9
52,-56,0
39,-45,3
32,-24,6
33,-17,7
34,-10,8
37,-8,8
48,-8,10
57,-7,16
68,-8,43
59,-9,36
48,-6,19
52,-12,15
59,-19,19
84,-22,36
94,-16,36
93,-11,19
89,-21,4
68,-24,5
47,-36,6
67,-45,3
62,-49,-11
51,-44,-9
36,-30,2
34,-24,6
32,-17,11
33,-17,13
41,-16,15
47,-13,17
50,-12,18
61,-12,19
66,-11,22
69,-15,20
63,-15,20
69,-13,26
74,-17,27
113,-31,27
95,-34,27
40,-28,8
35,-28,6
55,-54,1
66,-60,-3
39,-37,0
33,-27,1
34,-13,7
33,-9,9
39,-6,14
45,-6,17
65,-5,38
72,-7,37
44,-5,16
46,-10,17
57,-19,12
52,-26,13
80,-31,27
97,-23,36
98,-34,10
71,-30,13
41,-26,3
63,-36,0
74,-41,-3
57,-33,-4
43,-32,-2
32,-24,5
28,-20,8
29,-15,12
34,-16,13
49,-15,15
52,-14,16
55,-13,13
60,-12,13
65,-12,21
68,-13,22
68,-18,25
74,-22,27
101,-35,27
103,-40,22
58,-35,14
42,-33,6
49,-46,3
56,-61,-2
40,-50,-1
35,-39,7
37,-21,14
34,-11,9
34,-8,7
43,-7,8
49,-7,11
59,-5,27
59,-4,32
53,-5,20
63,-14,15
66,-22,23
91,-27,33
93,-17,24
97,-19,10
84,-29,12
57,-30,12
48,-36,6
67,-46,1
67,-47,-7
53,-37,-6
36,-29,2
35,-23,5
31,-16,9
31,-13,12
42,-12,17
49,-11,18
53,-10,14
56,-10,11
63,-7,14
65,-14,18
60,-16,17
75,-22,26
88,-27,24
105,-43,20
78,-42,19
37,-37,10
38,-43,8
54,-66,0
46,-55,-1
33,-31,5
35,-21,6
36,-12,8
37,-9,9
47,-8,17
56,-10,23
52,-10,20
47,-11,17
53,-14,18
56,-12,18
56,-24,5
62,-22,19
99,-15,39
89,-6,24
97,-25,2
75,-30,5
42,-36,3
61,-50,2
72,-57,-6
47,-38,-3
39,-32,1
31,-21,7
29,-18,10
34,-14,16
41,-13,18
49,-12,17
50,-14,14
58,-17,11
61,-17,15
65,-19,21
60,-21,18
73,-26,25
82,-26,24
105,-30,23
92,-34,27
48,-34,15
33,-37,9
41,-57,4
42,-66,1
32,-48,8
32,-40,9
33,-24,10
35,-18,8
39,-17,8
44,-16,9
52,-13,15
56,-10,20
60,-4,32
63,-2,26
67,-12,14
56,-17,21
86,-23,34
81,-11,29
87,-10,21
93,-24,9
72,-26,15
36,-28,10
53,-37,10
74,-57,-3
64,-48,-5
38,-34,2
36,-29,8
33,-20,10
33,-17,10
41,-11,12
45,-9,14
58,-8,19
61,-7,21
65,-4,21
65,-7,21
61,-16,14
56,-21,14
60,-25,22
74,-29,23
101,-41,26
81,-43,25
56,-36,17
37,-37,9
40,-44,7
44,-58,3
35,-46,6
32,-27,9
34,-20,10
35,-15,10
38,-13,11
50,-12,17
57,-11,23
57,-9,29
53,-9,24
54,-11,19
62,-15,16
57,-21,19
83,-26,33
92,-11,26
95,-11,11
83,-26,7
54,-29,7
52,-38,4
74,-49,0
73,-52,-4
52,-38,-3
36,-37,-1
39,-37,50
49,-36,42
51,-44,35
23,-46,17
63,-38,9
76,-7,13
75,0,15
113,3,26
112,14,39
98,9,38
119,2,25
101,-13,29
76,-7,37
80,-6,40
60,4,31
68,15,30
52,10,25
27,10,16
2,15,24
-9,14,24
-20,9,26
2,9,44
-19,-8,47
-5,2,42
-6,18,31
-27,23,32
-41,32,38
-29,41,41
-33,37,55
-46,31,63
-60,33,55
-66,38,38
-49,48,38
-49,51,26
-46,53,23
-57,35,33
-54,30,28
-31,20,26
-7,24,33
-18,6,25
-10,-1,19
-1,35,-3
-12,50,-6
15,68,39
28,64,60
38,42,88
-1,36,52
-14,43,38
-10,49,48
17,77,81
22,82,89
20,81,90
27,77,81
20,65,47
11,54,32
-25,52,22
-35,50,36
-34,45,32
-38,34,17
-31,31,14
-31,23,17
-35,19,20
-52,14,9
-54,11,4
-31,9,34
-38,12,37
-54,5,32
-85,-6,38
-8,-2,67
-30,8,58
-11,42,43
-48,58,6
-14,49,51
11,65,51
2,54,46
-22,43,32
-47,46,18
-12,56,20
-22,53,12
-8,52,13
-14,54,18
-24,43,18
18,51,31
14,50,46
11,52,45
16,62,44
15,63,47
14,71,45
27,75,42
36,78,47
21,63,55
21,53,49
29,57,45
23,52,21
22,44,15
44,51,39
22,44,33
-13,42,25
-9,43,22
-3,44,20
5,40,27
13,36,32
6,41,26
0,43,31
2,44,37
23,52,40
23,55,37
10,67,39
15,73,46
6,97,38
11,100,35
27,73,29
13,71,17
19,69,16
28,60,27
24,56,25
15,44,23
17,42,15
7,42,4
1,36,12
-14,46,13
-19,46,14
11,52,28
18,52,31
-7,55,31
0,52,42
10,60,40
13,73,37
28,73,30
16,66,29
63,68,42
70,53,49
57,37,23
39,32,20
34,22,17
21,29,6
28,37,11
29,36,19
30,37,17
32,33,20
37,32,23
9,21,23
20,15,31
30,11,33
46,11,33
43,17,9
43,22,3
63,17,7
82,14,18
127,26,24
116,21,23
91,-6,15
127,-3,37
105,2,34
76,-6,39
42,-17,8
40,-22,0
36,-13,-5
34,-10,-1
33,-8,7
32,-9,7
43,-22,5
53,-27,4
92,-11,17
69,-18,-8
54,-14,-13
76,-11,-9
76,-19,-12
104,-43,-6
104,-43,-7
53,-13,-15
46,-12,-8
34,-9,-10
48,-3,2
40,-21,1
23,-36,-4
56,-40,8
49,-28,4
44,-28,-6
48,-42,-1
51,-22,31
68,-10,39
64,-8,19
55,0,9
60,-1,4
58,-6,3
99,-5,15
120,5,23
85,-10,1
76,-17,-1
62,-14,3
71,-30,17
81,-57,-11
55,-32,-33
44,-32,-23
29,-13,-3
30,-6,5
37,-3,10
40,-4,8
51,-7,12
57,-10,17
63,-12,22
63,-12,17
63,-11,13
62,-11,11
75,-20,27
89,-23,32
110,-18,22
94,-27,14
44,-30,4
33,-37,3
52,-59,-2
58,-64,0
43,-44,3
30,-31,3
30,-13,5
35,-10,6
46,-10,8
47,-11,9
59,-9,20
64,-5,24
57,-3,20
54,-3,15
59,-12,7
75,-15,16
96,-17,26
96,-18,14
94,-23,2
78,-24,0
55,-22,-1
61,-35,-4
73,-45,-5
60,-44,-13
49,-35,-11
35,-23,-2
31,-21,2
36,-13,9
41,-12,11
49,-10,12
53,-9,13
57,-6,13
60,-5,13
62,-5,20
65,-12,17
54,-12,15
67,-22,23
95,-26,27
121,-32,24
80,-33,13
49,-23,8
36,-23,4
60,-60,-1
58,-67,-1
38,-36,-2
29,-26,-1
31,-11,5
30,-9,5
40,-5,11
51,-5,19
62,-6,23
50,-6,16
52,-10,12
60,-13,12
61,-20,10
82,-23,19
114,-19,25
94,-27,5
86,-24,-8
68,-23,-6
59,-35,-6
78,-44,-9
61,-44,-15
47,-38,-11
34,-21,0
31,-14,5
32,-7,10
36,-6,12
46,-7,15
50,-9,11
54,-11,8
57,-11,10
62,-14,14
61,-21,13
71,-24,21
103,-19,21
115,-24,17
69,-33,13
41,-32,9
45,-39,7
56,-56,4
48,-59,0
41,-41,3
33,-20,6
37,-13,6
38,-9,5
41,-8,6
54,-8,19
61,-7,28
47,-7,18
46,-5,14
56,-11,11
59,-18,5
72,-26,16
99,-27,26
104,-28,13
95,-31,0
75,-31,5
42,-31,0
62,-41,-3
72,-51,-14
53,-42,-14
36,-29,-5
33,-22,1
32,-11,8
34,-9,9
44,-6,14
48,-6,16
53,-10,12
55,-12,8
61,-12,12
62,-13,15
60,-18,12
69,-21,20
102,-27,25
113,-33,21
72,-36,7
44,-31,5
46,-38,7
62,-52,7
50,-59,-3
42,-38,2
34,-21,5
37,-13,6
36,-7,5
45,-5,8
52,-6,14
55,-10,22
48,-10,18
50,-11,13
55,-10,12
64,-15,2
72,-10,11
103,-4,32
90,0,19
96,-22,-8
82,-30,-4
52,-38,-1
67,-48,-4
69,-57,-15
50,-50,-14
33,-31,-4
30,-25,2
29,-16,9
30,-13,11
39,-12,17
45,-12,17
53,-16,10
56,-18,8
62,-15,15
62,-14,22
58,-20,12
66,-24,19
114,-37,26
101,-44,13
61,-39,12
34,-38,2
46,-46,4
54,-68,-2
39,-53,0
31,-29,6
32,-20,8
31,-12,5
31,-10,3
41,-8,7
45,-7,11
51,-5,22
56,-6,25
61,-6,20
69,-7,14
73,-15,9
96,-15,22
98,-7,25
79,-15,6
71,-23,-6
61,-21,-2
73,-51,-4
83,-61,-11
57,-47,-14
40,-27,-6
35,-19,-1
31,-13,9
30,-10,12
33,-8,14
39,-9,13
48,-14,8
53,-16,7
61,-17,9
64,-18,10
72,-27,15
89,-28,24
100,-20,28
106,-30,17
61,-36,10
35,-38,10
48,-60,2
57,-67,-5
43,-44,0
33,-34,2
34,-14,6
35,-10,4
39,-6,4
42,-8,5
51,-11,13
56,-12,20
55,-13,27
56,-11,25
57,-8,18
56,-14,8
71,-15,18
102,-13,32
96,-12,21
88,-24,8
74,-24,6
52,-37,1
72,-56,-2
65,-62,-16
55,-52,-10
35,-28,0
33,-21,6
30,-14,11
32,-11,11
42,-9,10
47,-9,11
50,-15,11
55,-17,10
62,-12,17
58,-10,22
62,-16,17
65,-17,20
87,-19,26
98,-21,29
93,-40,14
68,-40,12
38,-44,6
44,-53,4
49,-64,-2
42,-47,3
32,-24,9
40,-8,13
39,-6,11
42,-5,9
48,-7,11
60,-8,20
59,-8,25
52,-9,20
53,-9,21
59,-18,15
53,-20,12
71,-26,26
83,-22,32
99,-15,22
111,-29,17
62,-23,10
40,-23,7
65,-58,9
75,-63,2
51,-46,-8
38,-36,-6
34,-22,3
34,-18,6
38,-13,11
42,-14,14
50,-15,15
50,-14,11
51,-14,10
52,-11,13
54,-10,17
69,-20,22
65,-20,20
87,-28,27
111,-38,29
81,-49,18
44,-44,15
21,-35,6
39,-45,5
55,-62,3
47,-42,11
43,-25,15
43,-18,15
37,-13,11
40,-12,11
49,-15,15
52,-17,19
50,-15,24
51,-13,26
58,-16,23
61,-27,14
72,-26,32
80,-27,42
100,-45,18
57,-41,6
37,-50,6
50,-66,-2
64,-70,-3
51,-47,2
41,-32,-2
42,-20,-3
46,-17,-2
51,-16,-4
55,-14,-2
56,-11,5
52,-8,5
52,-4,7
54,-3,8
59,0,14
63,1,17
76,-6,25
76,-8,29
92,-16,36
100,-25,31
100,-39,12
77,-40,8
37,-43,-1
40,-48,-4
48,-58,-8
46,-43,-5
44,-21,-3
42,-12,0
40,-4,7
40,-2,8
45,-3,16
57,-9,23
59,-12,23
52,-11,19
50,-9,19
49,-17,8
46,-22,12
93,-23,28
99,-17,38
92,-18,12
98,-33,4
78,-36,6
39,-33,-1
48,-35,-7
65,-40,-9
57,-29,-10
46,-24,-6
35,-19,4
35,-17,11
38,-10,10
42,-9,8
50,-6,8
54,-4,9
61,-5,14
62,-4,15
66,-9,19
69,-13,20
75,-20,26
97,-22,36
107,-28,28
76,-36,1
47,-35,-4
50,-35,-7
67,-49,-10
53,-43,-14
41,-30,-13
35,-11,-4
36,-6,1
44,-5,17
50,-2,27
58,-7,31
49,-4,18
43,-9,13
50,-12,13
65,-24,11
64,-26,12
100,-19,40
114,-13,47
96,-10,2
86,-11,-9
59,-15,-7
70,-21,-1
76,-27,-12
60,-23,-23
34,-24,-14
28,-16,2
28,-14,7
32,-10,14
40,-9,17
51,-13,14
57,-14,11
63,-14,9
57,-14,11
54,-14,20
60,-20,20
80,-25,27
90,-22,28
117,-31,18
109,-34,18
49,-19,7
33,-16,5
51,-31,0
66,-41,-2
45,-30,0
39,-20,-1
32,-7,1
30,-3,2
38,-3,6
48,-5,9
65,-8,31
71,-6,45
54,-3,27
55,-13,13
57,-17,8
78,-19,24
99,-15,32
111,-24,12
100,-19,7
60,-21,4
45,-20,2
73,-37,-2
74,-42,-9
52,-32,-9
40,-26,-5
29,-19,4
28,-16,7
32,-11,9
37,-11,10
51,-12,14
57,-13,17
63,-12,16
61,-11,17
65,-16,18
64,-19,17
83,-22,28
94,-25,30
113,-34,20
89,-35,13
37,-27,3
28,-31,4
51,-53,-5
44,-46,-3
31,-34,-2
35,-17,2
38,-11,5
39,-8,5
46,-7,9
64,-2,30
79,2,40
51,-1,19
47,-3,14
58,-17,10
50,-19,11
84,-22,27
95,-17,32
99,-15,12
111,-15,7
60,-19,4
38,-17,1
78,-40,2
83,-45,-2
57,-35,-5
42,-27,-5
27,-20,0
26,-17,3
28,-12,7
34,-13,8
51,-14,10
57,-14,12
62,-9,15
67,-10,26
72,-14,27
67,-17,20
78,-18,22
109,-26,20
111,-29,16
59,-24,12
43,-25,6
53,-48,2
56,-59,-5
42,-42,0
33,-30,2
33,-13,7
35,-9,8
38,-6,7
45,-5,10
64,-4,25
68,-2,30
52,-1,18
51,-3,14
60,-17,9
57,-20,12
86,-19,29
84,-7,34
104,-9,12
114,-17,6
61,-16,4
56,-41,6
72,-54,4
56,-51,-12
39,-41,-15
27,-26,-4
29,-22,2
35,-16,10
42,-15,11
56,-13,11
59,-10,13
60,-5,16
59,-5,16
57,-2,23
66,-8,26
64,-12,18
74,-18,22
93,-18,23
111,-31,24
82,-36,16
53,-30,12
41,-30,9
52,-42,3
51,-54,-4
39,-39,0
30,-20,2
35,-13,3
37,-9,1
39,-10,4
49,-10,8
62,-8,34
70,-6,50
52,-4,27
46,-5,16
46,-16,4
56,-20,10
95,-22,30
97,-7,31
122,-20,13
96,-28,6
45,-22,4
46,-33,1
83,-55,-8
71,-49,-11
42,-31,-4
33,-23,0
26,-14,6
25,-10,7
27,-5,9
35,-6,11
56,-6,12
63,-6,12
68,-5,16
64,-7,22
65,-17,16
74,-22,23
102,-27,32
109,-33,21
77,-30,9
33,-32,4
47,-39,6
83,-75,-7
60,-66,-7
21,-31,0
20,-19,3
25,-5,6
25,-5,3
40,-4,3
49,-5,7
59,-5,21
62,-6,30
53,-6,24
55,-9,19
60,-18,7
74,-19,16
109,-15,31
98,-26,16
90,-26,3
73,-28,5
58,-43,-1
80,-53,-1
60,-48,-15
51,-40,-12
32,-26,-3
29,-15,6
29,-12,8
35,-10,11
41,-11,13
50,-11,11
54,-12,8
61,-14,7
64,-13,12
65,-20,19
68,-19,26
90,-17,29
101,-15,23
100,-30,15
68,-32,15
37,-35,15
49,-41,9
57,-60,-10
48,-50,-7
27,-26,-3
28,-16,-1
33,-7,0
37,-8,0
48,-8,9
55,-9,20
68,-12,44
54,-10,29
51,-15,15
56,-20,13
52,-26,8
68,-25,18
104,-10,39
109,-26,-1
90,-24,-2
50,-27,0
55,-34,-1
72,-49,-8
59,-43,-12
35,-27,-8
28,-22,-3
28,-17,6
29,-15,8
40,-14,12
47,-14,13
55,-13,14
56,-12,10
60,-10,11
60,-14,15
60,-22,18
63,-26,23
86,-28,26
96,-31,26
103,-34,13
69,-31,9
36,-30,3
51,-37,6
59,-69,-7
35,-39,-2
29,-28,0
30,-12,6
30,-9,6
36,-5,7
40,-3,9
63,-1,28
70,1,30
52,-2,17
53,-6,14
54,-21,6
66,-22,16
111,-15,36
95,-14,25
100,-19,-11
88,-30,-5
45,-30,3
54,-39,-1
74,-52,-13
61,-44,-15
40,-28,-8
32,-20,-4
28,-12,6
27,-8,9
36,-8,15
42,-10,17
58,-13,13
58,-13,7
60,-14,9
64,-20,13
66,-23,15
98,-29,27
108,-29,24
93,-31,16
66,-29,10
38,-27,2
50,-37,4
59,-67,-4
48,-55,-5
33,-28,1
32,-18,4
29,-9,5
28,-6,5
37,-4,10
46,-7,18
62,-12,24
51,-12,17
49,-14,14
55,-16,14
58,-22,5
68,-27,17
124,-17,37
106,-32,12
80,-30,-7
57,-30,-4
56,-44,-3
81,-55,-7
59,-54,-13
33,-32,-9
27,-25,-4
28,-16,6
30,-14,8
40,-10,10
45,-7,12
52,-13,11
59,-13,10
64,-11,15
62,-10,19
63,-15,13
62,-14,15
93,-26,25
122,-31,23
95,-44,16
55,-32,12
39,-30,5
60,-48,4
55,-63,-7
40,-44,-4
24,-18,0
25,-11,2
28,-9,2
33,-9,4
47,-10,15
59,-14,26
54,-10,23
56,-10,18
59,-12,15
64,-24,6
83,-23,19
100,-8,36
83,-21,10
76,-28,-12
67,-29,-6
64,-42,-7
83,-49,-12
62,-47,-14
54,-38,-10
37,-21,-5
33,-14,-1
30,-8,8
32,-7,14
41,-12,19
48,-15,15
53,-17,6
54,-17,4
59,-20,11
64,-22,16
69,-23,19
86,-24,26
107,-17,19
111,-23,9
60,-26,12
35,-30,11
54,-40,10
60,-63,-4
48,-47,0
28,-23,1
30,-14,3
34,-6,2
39,-6,2
50,-6,6
56,-7,13
58,-11,27
52,-13,21
53,-15,15
56,-19,15
55,-23,8
64,-27,16
103,-15,30
101,-23,19
90,-24,-1
71,-23,0
52,-35,-3
73,-44,-5
65,-47,-14
53,-39,-13
37,-26,-3
32,-22,2
30,-14,7
30,-12,8
39,-10,12
48,-12,12
55,-14,10
72,-14,11
71,-12,18
58,-16,13
55,-16,11
88,-29,22
109,-28,23
101,-34,17
75,-30,15
38,-30,5
49,-37,7
59,-68,-5
46,-59,-6
29,-31,1
28,-20,4
31,-9,5
32,-7,5
41,-4,8
56,-8,24
67,-8,31
60,-8,25
50,-12,15
56,-16,14
55,-23,9
66,-27,19
105,-3,38
96,-16,-1
99,-21,-13
56,-24,-1
46,-32,2
86,-57,-7
73,-50,-11
44,-30,-10
33,-23,-7
29,-15,3
30,-13,7
35,-10,15
40,-11,18
52,-12,15
55,-12,11
61,-12,6
65,-14,11
64,-20,12
67,-22,18
107,-26,33
106,-23,22
85,-28,6
54,-26,7
37,-33,5
60,-41,9
61,-61,-8
47,-41,-4
29,-18,1
32,-10,4
34,-9,5
45,-7,11
53,-8,19
53,-12,18
44,-11,12
49,-13,12
56,-15,13
58,-23,3
70,-25,12
112,-5,39
102,-17,16
80,-32,-16
67,-35,-7
63,-50,-1
79,-60,-6
53,-49,-14
48,-36,-10
36,-21,-2
33,-15,5
34,-10,14
36,-9,17
45,-12,12
49,-12,8
51,-12,5
53,-11,7
63,-15,17
68,-20,18
79,-26,29
104,-25,28
112,-28,14
67,-30,6
42,-27,1
51,-33,7
63,-48,0
50,-41,-8
31,-29,-7
27,-10,-5
34,-9,-2
47,-12,13
52,-13,20
66,-18,30
57,-15,20
43,-11,11
44,-11,10
57,-17,8
61,-22,5
90,-21,23
102,-7,30
93,-20,-6
95,-23,-16
63,-31,-2
43,-33,-5
77,-40,-12
60,-31,-12
54,-23,-7
36,-16,0
33,-13,5
31,-11,14
35,-12,16
46,-15,10
49,-17,8
51,-17,4
54,-17,6
70,-24,13
73,-25,12
92,-29,28
105,-27,30
104,-29,7
82,-31,7
32,-33,5
41,-38,4
62,-62,0
50,-59,-5
33,-27,-3
34,-17,-1
35,-8,3
35,-6,5
39,-3,12
55,-5,26
56,-14,16
47,-10,12
50,-14,13
55,-21,12
56,-25,5
87,-19,20
102,-4,28
99,-6,-5
105,-23,-1
59,-31,6
43,-33,8
75,-65,-2
69,-62,-7
45,-37,-6
35,-27,-4
30,-17,3
30,-15,7
35,-11,12
40,-11,16
51,-12,16
56,-11,13
65,-7,9
67,-5,13
62,-12,13
58,-14,13
73,-28,30
85,-32,29
118,-44,17
87,-42,14
34,-35,6
43,-39,6
59,-69,1
47,-62,-3
32,-36,4
34,-20,9
35,-17,8
40,-12,7
41,-11,8
45,-11,13
46,-9,15
45,-9,18
46,-11,17
54,-15,14
60,-22,14
89,-35,21
90,-29,18
95,-13,25
99,-32,27
54,-34,18
50,-47,15
62,-67,7
67,-65,6
48,-38,7
47,-25,12
40,-9,13
37,-4,10
45,-7,4
45,-10,2
44,-12,4
48,-9,8
53,-4,11
61,-5,13
63,-7,13
68,-12,20
74,-14,25
85,-27,24
105,-42,23
67,-38,26
35,-32,27
34,-40,35
49,-53,35
58,-38,30
45,-25,25
48,0,22
48,4,21
43,6,14
42,2,11
44,-9,9
44,-12,10
44,-12,11
46,-12,10
48,-10,12
52,-10,11
70,-20,11
77,-24,10
79,-12,13
96,-13,24
95,-39,12
57,-38,8
66,-47,2
60,-71,-17
52,-66,-19
34,-39,4
27,-28,9
24,-15,10
24,-13,8
37,-16,6
42,-17,5
52,-19,5
59,-20,5
64,-14,10
67,-16,15
82,-32,32
96,-42,37
102,-46,17
91,-44,7
39,-44,2
47,-49,-3
50,-73,-8
36,-40,1
35,-31,5
37,-21,6
36,-12,4
35,-9,3
39,-8,5
42,-9,8
48,-10,16
47,-7,21
51,-8,22
65,-14,17
63,-21,9
95,-18,26
106,-13,36
92,-28,2
92,-23,-4
57,-26,0
43,-27,-3
72,-40,-9
73,-44,-12
57,-29,-9
43,-25,-5
31,-14,3
31,-12,5
36,-9,11
39,-11,14
51,-14,18
56,-15,15
62,-14,9
65,-16,11
65,-20,9
68,-25,14
100,-32,20
107,-33,17
86,-33,13
38,-22,7
41,-27,5
59,-59,0
52,-62,0
29,-33,3
26,-22,4
31,-11,5
33,-11,4
45,-13,8
51,-14,10
59,-14,17
57,-13,20
53,-9,23
56,-12,22
55,-20,11
57,-23,11
101,-25,24
101,-22,22
97,-28,-3
79,-27,-1
44,-33,2
61,-40,1
62,-41,-10
54,-35,-10
37,-25,-1
32,-20,5
32,-12,7
41,-9,8
47,-9,9
51,-12,12
53,-14,12
62,-15,11
64,-16,13
63,-20,13
67,-25,15
90,-29,28
97,-26,27
105,-27,10
70,-24,10
29,-28,8
42,-32,8
62,-54,-6
50,-49,-8
32,-25,-2
30,-16,0
34,-9,4
42,-9,7
53,-8,15
57,-10,20
55,-11,20
49,-12,14
50,-19,16
56,-22,14
61,-33,10
79,-30,16
99,-7,35
91,-30,-4
75,-28,-6
53,-42,-2
72,-50,-1
63,-51,-12
52,-39,-12
37,-24,-2
31,-18,4
31,-11,10
33,-9,12
37,-10,14
40,-13,12
47,-15,6
54,-15,7
72,-18,14
77,-22,17
86,-28,30
94,-29,31
98,-24,10
91,-26,6
43,-31,10
41,-39,9
66,-60,0
60,-59,-3
36,-31,1
36,-19,4
32,-8,7
35,-6,8
39,-6,8
55,-8,16
62,-9,23
52,-10,21
49,-13,19
59,-19,11
52,-28,12
77,-33,19
89,-26,25
115,-36,11
102,-31,9
41,-24,2
40,-29,1
73,-52,-3
66,-49,-8
40,-30,-9
34,-26,-3
30,-17,7
31,-14,10
38,-11,11
45,-9,12
53,-7,15
56,-6,13
66,-6,15
73,-9,20
68,-13,15
76,-21,24
85,-24,25
114,-35,17
103,-35,16
43,-29,7
33,-30,5
53,-54,-4
55,-59,-5
33,-32,0
31,-21,3
33,-10,8
34,-9,8
42,-8,10
47,-10,11
60,-15,20
62,-14,25
51,-10,25
53,-13,21
49,-21,11
60,-30,18
89,-25,27
91,-15,27
110,-21,9
91,-22,3
48,-26,2
49,-34,2
73,-49,-5
66,-44,-11
41,-29,-7
34,-24,0
30,-13,10
35,-6,13
42,-5,15
53,-6,17
54,-6,14
57,-9,11
61,-13,14
63,-20,14
61,-23,13
82,-28,25
87,-26,26
108,-34,19
98,-35,17
45,-32,9
41,-35,10
52,-56,2
45,-60,-3
30,-33,1
29,-23,3
34,-12,6
35,-10,7
40,-5,10
43,-5,12
58,-6,28
63,-9,33
53,-10,20
55,-14,17
50,-25,10
89,-30,27
104,-17,36
101,-27,8
99,-27,-1
50,-27,6
40,-34,6
77,-55,1
69,-54,-5
41,-34,-8
31,-27,-4
26,-18,6
28,-14,9
35,-9,10
42,-9,11
52,-10,14
61,-11,15
65,-7,15
65,-6,17
65,-14,16
70,-18,22
105,-32,26
101,-38,17
73,-32,15
51,-28,10
48,-40,6
52,-57,0
48,-59,-4
38,-30,0
30,-21,3
31,-10,7
33,-7,8
41,-6,13
47,-7,18
58,-5,26
55,-3,23
54,-13,16
59,-19,14
64,-35,15
85,-35,23
99,-24,25
99,-29,11
73,-25,6
47,-23,2
60,-40,3
74,-53,0
60,-46,-12
46,-37,-9
35,-23,2
34,-17,6
34,-8,11
36,-6,12
45,-6,16
50,-8,17
56,-8,11
58,-10,12
69,-19,19
67,-22,19
72,-24,24
84,-30,25
106,-36,18
74,-36,14
43,-31,10
42,-36,9
56,-54,5
51,-53,1
38,-40,2
37,-18,6
36,-12,8
37,-4,10
39,0,10
50,3,19
60,6,27
51,0,17
52,-2,15
61,-17,15
56,-18,14
84,-23,29
105,-21,30
97,-31,6
96,-32,6
51,-30,8
39,-31,3
74,-53,-4
54,-44,-7
43,-35,-3
31,-24,6
29,-18,8
34,-11,9
39,-9,10
45,-7,12
49,-7,13
59,-11,13
66,-13,17
66,-19,15
58,-19,10
85,-29,24
96,-28,27
105,-33,12
82,-33,16
32,-29,13
34,-35,14
56,-58,5
49,-55,4
35,-30,6
33,-19,6
34,-9,9
36,-7,8
46,-6,9
50,-7,13
56,-10,23
53,-12,17
54,-15,17
59,-20,8
55,-26,7
101,-26,28
111,-28,28
91,-33,6
92,-34,11
44,-31,-4
61,-43,-5
65,-48,-10
51,-41,-10
33,-29,-2
32,-24,5
29,-16,10
30,-15,10
46,-13,12
53,-12,13
54,-10,10
56,-11,10
63,-14,18
66,-18,20
65,-24,18
73,-29,24
101,-32,23
107,-38,18
70,-35,11
47,-33,8
42,-41,0
50,-65,-10
39,-54,-6
31,-27,6
32,-17,8
34,-10,12
36,-8,10
47,-7,11
53,-8,14
60,-8,25
55,-7,25
54,-10,17
60,-15,13
68,-27,15
88,-28,26
91,-1,40
86,-12,17
83,-17,-12
62,-17,-7
61,-41,8
79,-56,4
56,-51,-15
46,-41,-14
33,-23,-3
30,-19,3
30,-14,9
34,-12,11
43,-9,15
55,-9,19
60,-10,17
67,-8,17
65,-13,21
61,-17,15
67,-23,23
92,-25,25
108,-31,23
89,-33,18
58,-27,13
39,-29,6
50,-43,5
52,-65,-4
40,-46,-1
30,-23,4
32,-14,8
34,-7,10
37,-5,10
45,-6,14
52,-6,19
59,-6,26
56,-6,24
60,-16,16
55,-20,9
78,-32,25
100,-33,30
106,-39,12
101,-35,9
46,-25,1
59,-37,-1
72,-49,-5
59,-39,-11
45,-32,-9
30,-22,-1
27,-17,3
29,-10,7
35,-8,9
48,-8,15
53,-9,18
59,-7,16
63,-7,15
75,-16,18
66,-15,9
81,-23,23
91,-25,24
113,-35,15
96,-37,16
40,-29,10
36,-32,5
55,-53,-1
52,-57,-5
34,-28,0
31,-20,4
31,-11,8
32,-9,9
39,-9,13
52,-11,19
56,-11,23
54,-10,21
57,-12,18
54,-24,10
61,-28,20
109,-17,40
102,-17,28
93,-21,-8
77,-22,-6
55,-30,2
74,-45,1
68,-41,-10
51,-33,-12
31,-22,-2
28,-17,3
27,-11,8
30,-10,10
41,-12,14
49,-13,17
54,-13,14
56,-13,11
69,-19,12
74,-23,20
87,-24,26
91,-23,25
113,-34,15
87,-33,17
36,-28,8
40,-31,8
55,-60,3
38,-41,-2
35,-30,2
35,-15,6
35,-12,7
37,-7,10
38,-6,11
51,-7,19
58,-8,26
57,-10,25
56,-13,20
52,-21,9
54,-30,15
90,-25,28
95,-14,39
105,-24,3
97,-23,-5
49,-25,3
47,-31,5
76,-52,-1
64,-48,-9
38,-31,-11
31,-24,-5
28,-16,5
29,-13,8
37,-11,11
42,-10,13
56,-11,18
68,-9,13
70,-8,15
69,-14,15
64,-14,15
81,-20,23
91,-25,23
106,-32,16
80,-33,14
35,-32,7
43,-37,7
60,-63,-5
48,-55,-6
30,-28,0
32,-18,4
36,-9,7
37,-6,7
47,-5,16
55,-4,23
61,-6,26
53,-7,19
56,-10,15
62,-13,14
65,-20,14
80,-19,26
94,-4,36
94,-17,12
88,-23,-2
66,-27,4
53,-37,4
72,-45,-7
61,-42,-14
41,-28,-8
34,-24,-2
30,-17,7
31,-14,10
38,-9,14
46,-8,18
60,-10,21
60,-10,14
64,-9,17
67,-15,19
61,-18,12
72,-20,20
88,-22,24
103,-30,20
88,-34,14
55,-29,10
39,-34,7
53,-47,5
47,-64,-3
36,-46,0
35,-25,5
37,-18,7
39,-12,8
40,-9,7
46,-7,10
56,-3,19
58,-2,25
57,0,25
57,-2,19
59,-17,10
70,-22,20
106,-28,32
98,-28,22
83,-24,9
74,-25,7
54,-29,-1
67,-37,-2
67,-41,-11
59,-38,-10
39,-27,-3
35,-22,2
31,-14,7
31,-11,9
39,-11,13
46,-12,16
56,-12,15
58,-11,12
62,-8,14
65,-8,19
64,-14,16
66,-15,18
93,-24,25
113,-29,15
94,-30,15
43,-21,7
42,-23,6
58,-52,0
56,-57,-2
35,-32,0
31,-21,2
35,-9,4
37,-8,4
45,-4,10
48,-4,15
62,-7,27
60,-9,25
55,-9,18
54,-10,16
56,-20,8
64,-26,15
89,-17,29
92,-16,24
94,-25,2
80,-25,2
52,-32,0
70,-43,-3
68,-43,-10
56,-36,-10
35,-25,-2
31,-22,2
30,-17,7
35,-17,11
42,-16,15
55,-13,17
60,-11,14
64,-6,15
67,-7,18
65,-18,12
60,-17,10
84,-21,27
91,-17,25
113,-25,9
87,-26,13
35,-15,9
40,-19,7
69,-53,4
64,-60,-1
37,-34,-2
31,-23,-1
36,-7,2
39,-7,1
51,-8,10
54,-10,16
63,-11,26
57,-10,18
53,-11,11
55,-13,14
58,-19,9
57,-25,17
74,-21,22
83,-4,29
93,-8,11
98,-25,-12
72,-24,-4
43,-28,-1
63,-32,-4
64,-37,-11
59,-31,-10
43,-20,-5
39,-17,-1
37,-13,8
40,-13,14
50,-13,21
53,-15,13
55,-16,5
57,-17,7
67,-16,23
66,-21,25
61,-24,15
71,-28,24
97,-23,27
103,-21,14
75,-29,6
51,-27,5
40,-18,6
60,-25,-4
63,-41,-7
47,-23,-4
30,-14,-3
37,-9,0
48,-11,5
71,-14,18
79,-14,31
59,-11,10
49,-9,2
45,-15,2
49,-19,7
63,-27,11
65,-30,11
76,-16,18
81,1,26
88,-17,-11
79,-22,-19
56,-26,-1
58,-28,1
71,-37,-12
64,-38,-13
51,-26,-6
38,-18,-2
36,-16,1
38,-15,5
44,-16,10
49,-18,12
53,-22,8
51,-19,3
52,-17,3
63,-19,8
67,-22,10
79,-29,22
92,-29,24
94,-25,23
100,-25,14
61,-23,11
47,-26,8
55,-40,7
58,-54,1
40,-48,-5
32,-36,-5
32,-20,-2
35,-16,1
39,-12,4
42,-11,8
50,-11,16
57,-10,21
53,-4,25
49,-2,24
63,-11,18
61,-17,9
77,-31,17
97,-28,22
105,-33,8
80,-28,9
49,-26,5
52,-30,-1
67,-40,-3
60,-39,-7
53,-32,-4
34,-24,0
30,-21,3
31,-14,6
37,-11,8
48,-7,13
54,-7,17
63,-6,19
65,-7,18
63,-14,15
61,-16,8
73,-25,18
89,-30,20
109,-36,16
99,-33,15
50,-21,12
40,-26,6
57,-53,5
60,-66,1
37,-40,0
32,-29,2
31,-14,6
31,-11,6
39,-6,9
48,-6,16
62,-9,26
48,-5,17
47,-7,14
63,-19,11
60,-24,8
87,-23,27
98,-8,39
96,-20,3
97,-26,-3
52,-26,4
42,-33,5
78,-52,-1
68,-51,-11
45,-32,-12
34,-25,-7
30,-17,4
31,-14,8
38,-9,16
43,-9,19
56,-9,22
60,-9,16
61,-5,10
64,-7,14
64,-14,12
65,-21,16
87,-28,24
99,-30,21
98,-35,14
44,-29,8
40,-33,6
61,-56,0
55,-61,-4
32,-33,0
29,-23,3
35,-11,7
35,-9,7
42,-5,9
48,-7,11
59,-8,24
58,-8,28
52,-8,21
58,-13,20
56,-22,12
68,-30,18
90,-15,32
96,-13,26
97,-21,-4
70,-22,-4
48,-32,7
70,-47,7
68,-50,-9
51,-42,-13
31,-26,-3
28,-20,2
30,-12,8
41,-8,13
48,-8,16
55,-9,21
56,-8,18
56,-9,12
59,-14,12
64,-21,11
75,-28,21
108,-30,26
106,-30,16
68,-31,12
47,-28,10
42,-41,11
56,-57,9
47,-56,1
40,-40,3
36,-21,8
35,-15,8
34,-7,8
37,-6,7
47,-6,13
53,-5,19
52,-7,25
52,-9,22
63,-20,13
57,-25,9
86,-26,27
100,-16,40
97,-25,6
67,-26,4
44,-26,5
79,-52,4
86,-60,-2
50,-43,-11
33,-34,-8
25,-21,1
25,-17,5
32,-11,8
38,-9,9
51,-9,15
54,-8,17
59,-6,15
62,-10,17
69,-20,17
65,-20,16
85,-28,29
94,-28,28
102,-37,12
78,-37,13
25,-34,6
41,-38,8
60,-67,-1
50,-56,-3
35,-31,4
37,-20,8
35,-10,11
38,-3,9
43,-3,10
54,-4,23
55,-8,28
50,-11,19
54,-17,17
57,-28,13
63,-38,16
81,-23,26
86,-11,31
106,-24,9
86,-28,7
39,-26,6
51,-41,7
71,-58,-1
59,-51,-9
32,-32,-5
30,-24,1
29,-15,8
31,-11,9
45,-8,10
51,-8,12
58,-5,16
58,-3,16
61,-10,20
63,-14,18
67,-21,21
87,-26,29
101,-30,27
105,-40,14
66,-35,10
33,-31,4
47,-41,5
58,-60,-3
46,-44,-1
32,-19,4
34,-12,6
36,-6,9
38,-3,8
54,-5,20
63,-9,28
47,-10,16
44,-10,17
52,-16,18
62,-20,11
72,-33,20
104,-28,30
101,-31,18
90,-33,-2
56,-28,4
58,-39,2
83,-53,-2
76,-56,-7
46,-39,-10
33,-30,-7
26,-18,2
26,-12,5
34,-8,10
48,-8,19
55,-8,21
61,-6,15
59,-7,14
63,-18,15
64,-22,13
76,-29,30
89,-30,33
114,-34,15
97,-38,10
33,-33,5
31,-36,4
66,-61,4
60,-65,-2
31,-31,0
29,-19,2
33,-6,7
34,-4,9
46,-2,16
53,-3,22
50,-8,17
45,-8,15
47,-13,15
57,-27,9
71,-37,15
120,-29,32
106,-34,19
93,-33,8
68,-35,9
52,-34,-2
77,-47,-4
57,-41,-9
45,-34,-6
28,-22,1
25,-18,5
28,-12,10
33,-11,12
48,-11,13
51,-11,13
56,-13,8
60,-15,10
70,-20,20
67,-22,18
81,-29,30
90,-27,30
102,-28,15
91,-34,9
38,-39,5
36,-42,9
61,-63,-2
54,-59,-6
29,-32,1
28,-13,3
30,-9,5
40,-6,6
43,-5,5
57,-9,19
62,-11,32
54,-9,25
54,-10,21
61,-22,11
54,-23,4
95,-26,34
110,-10,44
86,-14,1
93,-21,-5
52,-25,5
46,-36,6
81,-60,0
67,-57,-9
44,-36,-10
38,-30,-3
29,-17,6
29,-13,8
33,-6,12
37,-6,16
48,-6,22
57,-7,17
62,-8,13
58,-11,15
62,-20,11
65,-28,18
100,-40,33
121,-47,15
80,-41,10
33,-30,5
44,-37,6
58,-65,-3
45,-53,-6
28,-24,0
29,-16,1
31,-9,4
33,-7,6
42,-8,14
53,-12,25
49,-13,21
47,-11,17
53,-14,16
67,-18,15
72,-27,11
98,-25,33
94,-21,18
82,-30,-6
66,-36,3
50,-40,5
78,-59,-4
73,-58,-10
50,-41,-10
37,-31,-6
27,-20,3
27,-13,8
30,-11,10
43,-11,13
49,-11,14
53,-10,13
56,-10,11
68,-15,16
70,-18,16
76,-25,28
92,-27,35
110,-35,23
106,-40,11
40,-41,7
33,-41,6
54,-64,-2
50,-65,-6
30,-38,0
27,-28,3
29,-14,7
31,-12,7
40,-8,6
43,-7,7
57,-4,22
60,-2,35
57,-7,24
57,-13,18
58,-24,11
101,-27,33
96,-12,36
90,-13,3
97,-28,-1
55,-29,9
57,-44,11
75,-67,-2
57,-59,-11
36,-36,-8
33,-27,-2
27,-16,9
29,-12,12
36,-10,11
42,-10,11
51,-11,15
53,-11,15
57,-9,11
61,-9,15
71,-18,20
78,-24,25
98,-29,38
103,-33,32
85,-40,10
46,-37,9
39,-45,7
50,-61,2
43,-53,-4
35,-41,-2
35,-20,3
34,-11,8
35,-8,8
40,-6,9
46,-7,15
51,-7,27
51,-8,27
59,-12,21
66,-15,17
74,-24,14
89,-24,25
103,-30,21
88,-36,1
60,-35,6
48,-45,4
74,-62,-6
69,-61,-13
44,-38,-10
40,-31,-2
32,-18,8
32,-14,10
35,-8,9
39,-8,9
47,-10,12
47,-10,13
50,-11,10
57,-14,12
73,-17,20
70,-19,25
86,-21,32
115,-32,19
107,-38,13
48,-36,6
37,-38,1
53,-62,-4
54,-60,-4
36,-33,1
37,-21,4
37,-10,8
35,-7,8
37,-3,9
43,-7,11
49,-13,18
49,-13,18
51,-14,16
56,-17,17
65,-29,15
74,-38,20
93,-23,36
86,-10,34
85,-21,-1
56,-25,-1
61,-42,7
74,-57,5
64,-53,-19
41,-33,-13
37,-23,-4
33,-13,8
32,-8,11
33,-4,14
38,-4,16
52,-10,20
57,-12,14
62,-15,8
64,-16,11
65,-21,17
71,-24,23
92,-26,31
102,-30,30
86,-40,14
52,-37,8
33,-42,7
49,-56,7
55,-55,-4
40,-42,-2
33,-19,2
33,-13,5
32,-8,10
38,-6,12
48,-6,15
53,-8,22
52,-6,28
51,-7,22
57,-21,13
55,-28,11
80,-28,26
97,-11,34
99,-28,9
78,-34,5
51,-33,7
62,-51,5
78,-60,-2
59,-43,-7
44,-33,-7
34,-23,3
31,-20,7
30,-14,11
34,-13,11
44,-12,14
47,-12,13
53,-15,8
58,-17,7
62,-19,17
66,-22,20
77,-24,28
92,-26,34
109,-31,16
98,-40,10
41,-44,11
34,-49,6
47,-64,1
42,-60,-2
33,-38,3
31,-19,7
29,-15,7
36,-9,8
43,-8,9
52,-8,17
53,-9,23
59,-10,29
60,-11,23
56,-20,11
56,-27,13
102,-37,33
112,-38,35
91,-42,10
80,-37,10
35,-37,-4
56,-46,-1
67,-50,-9
55,-42,-11
35,-28,-4
32,-22,1
34,-14,9
38,-11,10
44,-9,12
48,-9,13
53,-9,13
54,-11,10
62,-15,11
66,-15,17
63,-15,15
72,-18,24
82,-20,31
106,-32,27
102,-38,20
51,-41,7
38,-42,5
49,-63,-9
50,-66,-14
33,-39,0
29,-26,5
30,-13,9
32,-11,9
41,-9,8
48,-11,9
52,-13,17
50,-15,21
52,-19,25
53,-18,26
61,-19,21
61,-24,16
78,-32,23
80,-24,26
95,-20,18
96,-27,12
55,-30,7
54,-43,8
70,-63,-6
47,-52,-17
34,-41,-12
34,-25,7
32,-18,13
35,-14,13
41,-14,11
53,-16,11
56,-16,12
51,-12,9
51,-11,10
55,-9,16
61,-11,21
72,-20,28
77,-24,31
95,-35,29
108,-39,22
69,-40,11
46,-35,6
40,-53,3
42,-60,-3
37,-45,0
35,-33,4
40,-15,9
39,-11,9
42,-5,9
48,-4,11
52,-7,17
54,-12,24
55,-12,25
55,-13,21
59,-16,19
65,-28,14
77,-33,21
101,-34,29
100,-43,15
64,-37,9
47,-35,2
63,-44,-1
60,-45,-5
47,-41,-11
37,-38,-8
31,-28,6
31,-23,11
36,-19,12
44,-18,11
48,-19,10
50,-20,11
56,-19,14
59,-18,16
59,-13,18
59,-12,19
65,-17,20
74,-20,23
89,-31,27
93,-49,21
82,-52,16
44,-47,4
40,-47,1
33,-60,-5
30,-53,-5
34,-34,3
37,-25,6
36,-16,8
38,-13,8
47,-12,7
52,-12,9
57,-6,18
57,-2,25
57,3,26
60,-4,19
50,-21,9
67,-26,26
115,-31,36
99,-41,14
94,-39,12
63,-33,10
47,-34,2
68,-41,3
63,-37,-6
53,-33,-5
36,-28,0
31,-25,3
29,-18,9
31,-16,9
42,-16,9
51,-15,11
52,-14,10
54,-12,11
59,-13,16
68,-20,16
73,-23,19
90,-24,28
93,-26,28
96,-38,14
67,-36,15
34,-38,8
47,-52,9
49,-65,-3
39,-49,1
30,-26,8
32,-17,10
32,-12,12
35,-10,11
50,-12,12
55,-12,15
52,-9,21
49,-8,22
55,-9,24
65,-20,20
66,-29,21
83,-27,29
89,-19,21
104,-32,7
78,-35,12
38,-42,11
59,-53,8
67,-55,-5
56,-45,-5
32,-29,1
30,-23,7
27,-15,11
31,-12,11
46,-10,9
51,-11,9
52,-10,10
52,-9,13
60,-12,22
64,-17,23
63,-21,17
69,-25,25
90,-29,28
103,-36,24
78,-35,11
44,-32,9
45,-38,8
59,-58,5
47,-58,-1
33,-40,4
30,-20,11
34,-12,12
37,-10,10
47,-9,12
52,-10,15
52,-9,19
50,-9,17
53,-7,18
58,-8,18
63,-22,11
83,-25,25
108,-27,32
91,-34,8
88,-36,13
56,-36,8
57,-46,6
76,-55,-1
59,-44,-10
45,-37,-7
33,-28,3
30,-24,7
29,-14,9
32,-11,8
42,-7,10
47,-7,13
53,-4,16
55,-3,15
64,-11,18
68,-14,16
68,-20,20
87,-24,28
102,-34,26
101,-41,21
72,-39,17
42,-42,9
46,-50,7
37,-65,-4
30,-48,-1
29,-27,7
31,-18,9
31,-11,9
35,-11,9
46,-13,13
49,-15,17
50,-12,23
49,-10,23
58,-9,21
63,-14,14
79,-21,26
97,-21,37
91,-31,15
91,-34,6
66,-35,11
46,-40,2
73,-58,-2
76,-53,-8
47,-37,-11
34,-26,1
33,-21,7
29,-12,10
29,-10,9
36,-9,12
41,-10,14
47,-11,14
51,-12,13
62,-17,14
67,-20,15
75,-29,24
91,-32,33
117,-45,31
111,-44,19
47,-41,10
30,-41,6
44,-59,4
45,-64,1
33,-37,4
31,-28,6
25,-15,8
24,-12,8
31,-12,8
36,-12,8
45,-13,14
49,-11,19
58,-10,30
66,-19,18
69,-26,23
116,-27,44
95,-26,34
97,-35,-3
69,-42,-9
60,-60,3
72,-76,-3
58,-65,-13
38,-47,-14
30,-24,-1
27,-17,5
26,-8,10
31,-6,9
42,-6,5
44,-6,6
50,-7,11
53,-6,11
71,-9,17
83,-18,20
99,-32,37
104,-38,50
117,-43,15
86,-46,2
27,-50,-2
30,-52,-1
47,-59,-4
42,-49,-5
31,-21,0
28,-14,4
24,-5,9
26,-4,9
33,-6,12
48,-7,28
51,-9,30
57,-18,21
68,-27,15
88,-34,27
121,-27,41
89,-31,3
91,-32,-7
54,-34,4
43,-41,1
88,-64,-8
74,-55,-15
43,-29,-11
34,-21,-4
25,-11,7
22,-6,10
22,0,14
25,1,15
40,-5,18
46,-7,14
59,-15,11
84,-30,12
97,-43,20
120,-48,39
115,-53,28
57,-40,3
28,-44,3
51,-59,1
58,-72,-2
28,-42,-6
26,-29,2
23,-12,8
23,-8,8
24,-2,5
31,-2,5
45,0,14
50,1,23
65,-1,29
80,-18,17
99,-27,30
127,-20,46
79,-43,-2
78,-44,-10
50,-47,-8
64,-61,-9
80,-60,-9
66,-47,-5
44,-19,5
33,-14,6
23,-1,8
20,2,10
19,2,12
25,-2,13
43,-10,11
60,-15,7
71,-19,6
92,-37,16
115,-47,37
119,-53,36
97,-40,8
32,-43,0
34,-46,1
63,-76,-6
50,-63,-10
21,-24,-5
19,-13,-2
19,-3,3
22,0,4
32,2,6
40,0,11
54,-3,31
55,-3,31
71,-27,16
71,-40,13
127,-19,47
77,-38,-2
71,-30,-17
65,-33,-12
79,-63,-2
98,-70,-5
56,-52,-15
31,-26,-9
25,-17,-2
12,-5,6
14,-1,9
24,-1,15
31,-3,16
49,-9,11
63,-14,8
87,-18,10
89,-21,12
123,-36,45
121,-42,41
90,-38,5
51,-43,2
43,-55,-3
56,-68,-9
41,-53,-13
29,-35,-8
19,-14,2
19,-7,5
21,-1,7
24,0,6
41,-2,14
49,-6,20
71,-9,30
80,-11,21
80,-23,7
127,-1,48
100,-37,11
68,-27,-17
57,-30,-11
85,-54,-8
93,-60,-16
50,-39,-14
41,-30,-11
27,-10,-2
22,-6,3
20,-3,13
23,-5,16
35,-13,14
45,-18,12
66,-27,9
75,-27,6
77,-27,5
91,-29,14
118,-23,27
120,-31,19
53,-31,10
39,-30,5
61,-47,-7
58,-60,-13
35,-38,-7
24,-26,-4
24,-8,1
27,-3,8
33,-4,10
49,-13,17
47,-18,15
42,-20,9
49,-22,13
77,-25,17
70,-29,6
92,-19,29
122,-19,40
70,-32,-11
61,-34,-8
82,-64,4
82,-75,-4
46,-55,-12
36,-36,-10
27,-17,2
24,-10,5
26,-4,7
29,-3,7
38,-4,9
43,-8,11
56,-14,12
64,-14,14
76,-13,21
80,-21,26
98,-37,41
106,-42,37
86,-45,-4
35,-53,-5
44,-55,-1
58,-68,-17
53,-56,-16
30,-26,-7
29,-15,-1
33,-4,11
33,-1,13
43,-2,22
47,-7,23
44,-11,15
50,-14,17
65,-24,11
64,-26,4
105,-23,36
115,-6,44
82,-19,-6
81,-20,-19
65,-23,-7
75,-32,-2
82,-45,-12
68,-37,-13
42,-21,-14
33,-16,-13
27,-10,-4
26,-8,2
34,-9,13
48,-18,18
55,-21,18
58,-18,11
60,-16,10
68,-22,9
79,-30,15
123,-34,39
116,-35,26
74,-30,0
49,-24,2
56,-25,-2
68,-39,-9
46,-44,-10
32,-28,-8
23,-9,-7
26,-5,-5
37,-8,6
46,-9,11
63,-13,23
70,-15,30
58,-9,18
50,-8,12
59,-9,8
60,-14,-1
94,-13,24
111,-4,35
89,-21,-16
78,-23,-19
69,-34,-7
82,-37,-10
63,-37,-18
43,-24,-14
34,-19,-10
30,-14,-1
32,-13,4
41,-13,13
46,-15,15
54,-21,14
54,-20,9
54,-15,4
60,-13,4
71,-23,8
80,-32,18
109,-37,37
107,-37,22
71,-37,-5
45,-30,-1
51,-26,-10
58,-39,-16
46,-33,-14
35,-20,-11
31,-6,-3
36,-5,1
53,-13,15
62,-17,24
58,-20,15
49,-19,7
44,-17,6
46,-18,11
60,-18,16
72,-24,9
85,-24,17
106,-15,22
91,-27,-8
58,-24,-23
48,-36,-12
76,-34,-4
78,-39,-9
50,-27,-12
41,-20,-7
30,-11,2
33,-9,9
41,-9,13
46,-11,12
51,-13,9
50,-13,5
53,-13,6
64,-18,5
90,-38,9
113,-45,20
108,-41,15
100,-33,4
49,-26,2
45,-29,-2
63,-50,-11
43,-37,-9
30,-24,-6
25,-9,0
25,-6,3
29,-5,9
35,-8,11
53,-14,18
53,-16,20
51,-13,16
62,-15,18
70,-26,13
86,-27,19
123,-23,27
103,-38,-3
65,-31,-6
47,-36,-4
83,-58,-6
72,-51,-11
40,-26,-10
33,-20,-4
18,-6,5
18,-2,9
24,0,13
40,-7,14
49,-10,14
60,-15,13
88,-23,11
95,-27,8
107,-39,25
103,-34,30
83,-35,6
38,-47,1
43,-47,1
60,-52,-7
51,-39,-13
23,-13,-7
18,-8,-4
27,-3,9
29,-1,14
40,-3,17
42,-8,17
54,-14,22
61,-15,21
102,-31,11
103,-34,11
123,-45,26
74,-47,0
56,-39,-3
85,-61,1
75,-64,-13
39,-51,-20
24,-28,-3
21,-13,3
16,2,10
18,4,12
31,3,13
48,-7,13
56,-13,13
89,-32,15
106,-46,14
116,-45,32
107,-48,19
54,-44,5
40,-50,5
66,-72,-1
48,-74,-6
22,-35,0
20,-18,2
28,1,7
24,8,8
28,15,17
33,13,18
35,2,15
50,-8,16
89,-36,12
90,-39,12
127,-22,57
110,-42,17
57,-22,-13
63,-33,-8
111,-60,-10
94,-60,-15
25,-34,-15
15,-13,-1
8,-2,3
12,5,12
16,2,15
39,-9,18
52,-14,16
74,-20,10
85,-21,6
108,-44,16
113,-41,38
103,-38,16
73,-37,2
37,-48,0
59,-62,-4
62,-57,-15
41,-40,-14
23,-15,-12
30,-6,-6
30,0,14
31,5,23
42,5,36
36,-4,19
41,-16,8
57,-29,9
95,-43,2
85,-31,6
121,-34,24
85,-48,-9
60,-43,-6
79,-62,-1
83,-62,-13
42,-34,-8
39,-22,-4
22,-8,0
20,-6,3
21,-4,10
24,-6,13
38,-12,12
48,-18,9
69,-24,6
81,-28,5
88,-34,10
99,-32,21
113,-33,31
98,-40,14
37,-44,9
31,-51,9
53,-67,3
44,-63,-3
28,-29,2
31,-18,4
28,-4,6
29,1,7
30,4,8
32,3,11
46,-3,22
63,-9,30
85,-27,19
88,-27,26
119,-38,34
93,-54,2
64,-36,3
52,-47,-4
77,-54,-4
67,-55,-12
49,-42,-13
31,-25,-6
27,-19,1
21,-9,7
21,-6,8
31,-6,10
39,-8,11
57,-15,14
63,-18,15
76,-20,17
73,-21,15
83,-25,29
95,-27,34
105,-30,23
102,-36,9
34,-45,1
34,-48,5
62,-65,-5
55,-59,-11
25,-29,-3
20,-18,3
25,-7,6
36,-4,8
41,-4,7
57,-9,17
60,-10,27
61,-9,37
62,-8,29
62,-22,9
72,-26,18
108,-15,39
94,-30,17
76,-26,-4
67,-38,2
81,-60,1
79,-62,-9
43,-40,-14
37,-31,-8
28,-15,5
25,-11,10
25,-5,13
30,-5,12
47,-10,13
53,-14,14
62,-17,10
65,-17,12
69,-21,17
70,-23,20
98,-28,35
110,-32,14
88,-40,9
30,-44,5
37,-46,7
57,-60,-1
47,-48,-4
29,-22,3
29,-12,5
30,-5,8
34,-5,10
46,-7,12
52,-10,16
54,-12,26
54,-12,27
61,-16,24
62,-19,13
67,-32,21
95,-31,32
105,-40,11
84,-36,6
49,-33,7
49,-39,4
85,-62,-6
68,-56,-11
36,-33,-6
30,-26,0
24,-14,9
30,-11,10
38,-11,10
50,-12,13
51,-13,18
50,-7,13
52,-5,13
69,-17,15
74,-24,17
91,-31,35
98,-35,34
103,-42,18
66,-38,13
34,-40,7
43,-56,5
42,-60,-6
33,-43,-3
22,-17,3
25,-11,5
29,-7,4
37,-8,5
59,-12,13
60,-12,19
53,-8,31
60,-4,39
67,-10,27
59,-17,12
81,-35,26
104,-35,29
95,-44,11
82,-43,17
48,-43,9
73,-67,-5
67,-65,-12
35,-39,-3
32,-28,3
24,-14,10
20,-10,10
29,-5,6
37,-6,5
51,-10,7
54,-14,9
61,-16,14
61,-13,16
70,-18,30
84,-29,37
120,-41,38
108,-40,21
48,-49,3
29,-56,4
53,-79,1
62,-77,3
36,-41,5
29,-27,8
18,-6,9
16,0,7
24,-1,4
35,-3,5
54,-9,11
64,-7,25
82,-10,39
87,-18,37
112,-27,42
94,-47,8
77,-43,8
52,-58,6
62,-69,-1
55,-65,-10
40,-48,-7
33,-25,5
31,-16,9
29,-9,9
32,-7,7
40,-11,4
44,-13,4
52,-13,9
54,-13,11
63,-11,16
71,-13,22
95,-18,36
99,-23,47
103,-37,23
54,-43,1
30,-54,2
51,-73,4
58,-79,4
39,-47,-1
37,-31,3
34,-13,9
29,-8,7
28,-4,7
32,-4,8
43,-6,10
47,-8,15
57,-10,26
65,-11,29
71,-25,17
93,-24,30
112,-25,34
91,-42,9
57,-10,26
65,-11,29
71,-25,17
93,-24,30
112,-25,34
91,-42,9
71,-38,8
51,-42,7
76,-61,-3
70,-57,-11
38,-34,-11
33,-27,-4
29,-15,11
27,-9,13
30,-3,13
36,-2,14
48,-5,15
54,-8,13
62,-14,12
67,-17,14
63,-18,15
84,-28,31
96,-29,30
110,-38,16
87,-40,14
32,-43,10
37,-47,9
52,-68,-1
44,-56,0
30,-30,8
30,-19,10
28,-9,10
28,-6,9
39,-6,8
45,-7,10
55,-9,23
58,-9,29
58,-11,26
61,-23,16
73,-32,27
109,-26,39
97,-28,17
100,-31,8
57,-35,6
43,-35,4
78,-56,0
67,-53,-4
34,-35,-6
21,-23,3
19,-18,8
20,-10,12
27,-8,10
45,-7,10
55,-11,11
68,-13,11
72,-11,15
75,-15,29
69,-18,26
92,-31,36
108,-36,31
96,-38,14
61,-35,11
33,-38,5
46,-52,2
53,-64,-7
41,-47,-3
28,-20,4
28,-12,7
30,-7,11
33,-6,12
42,-9,15
48,-10,21
53,-11,28
56,-10,26
64,-19,14
76,-31,25
99,-25,34
100,-28,18
101,-32,3
61,-33,7
45,-41,10
72,-58,-3
59,-56,-13
38,-36,-4
32,-27,4
25,-14,13
24,-11,15
33,-8,15
40,-8,13
48,-10,10
53,-11,10
66,-12,16
70,-13,22
67,-17,22
78,-22,32
113,-29,29
121,-31,23
66,-37,16
38,-35,10
37,-51,11
44,-66,5
38,-49,2
30,-36,5
25,-15,9
25,-8,8
30,-8,8
44,-10,11
50,-10,15
53,-8,25
52,-6,27
67,-17,25
61,-24,21
103,-32,35
115,-25,40
93,-30,9
84,-26,11
46,-29,7
66,-47,7
75,-60,-8
51,-50,-12
31,-29,-2
26,-21,4
20,-11,11
22,-8,11
36,-5,11
42,-5,11
59,-11,13
67,-13,14
69,-8,21
66,-12,22
75,-17,28
110,-31,29
124,-37,20
66,-36,15
36,-32,9
41,-53,3
54,-70,0
39,-45,2
32,-33,7
36,-11,14
35,-6,15
34,-2,12
38,-4,13
45,-6,15
46,-6,15
51,-7,15
59,-9,18
63,-25,16
80,-32,30
111,-17,41
98,-36,17
85,-36,2
56,-32,6
65,-53,7
65,-58,-12
49,-49,-17
36,-40,-12
24,-22,3
21,-12,9
24,-9,10
41,-8,13
47,-7,14
57,-7,12
64,-7,13
70,-11,24
66,-16,16
77,-27,29
93,-35,31
115,-43,20
98,-46,12
41,-45,9
33,-47,6
48,-69,-1
38,-66,-5
27,-35,1
28,-23,4
30,-13,8
32,-10,7
43,-9,7
51,-8,11
53,-2,23
55,0,30
62,-4,23
66,-15,17
81,-27,21
108,-25,36
87,-16,21
82,-18,-1
65,-27,1
67,-49,11
82,-61,2
52,-50,-17
43,-41,-12
29,-20,3
24,-14,8
23,-4,13
27,-3,14
43,-6,14
51,-10,17
60,-14,15
62,-14,14
65,-18,17
65,-20,17
86,-23,33
94,-25,30
116,-35,19
78,-34,17
35,-30,8
41,-40,11
52,-59,-1
43,-49,-1
29,-23,3
29,-15,5
31,-9,8
36,-7,10
47,-9,11
58,-10,25
54,-8,30
52,-8,24
61,-14,21
62,-30,15
81,-34,22
89,-8,30
90,-9,17
80,-30,-1
58,-29,7
70,-60,11
82,-64,3
58,-47,-8
46,-35,-7
27,-20,4
21,-14,7
20,-8,10
24,-7,9
40,-11,13
46,-15,15
60,-18,15
66,-16,16
73,-20,20
74,-22,22
90,-28,32
103,-36,31
90,-42,12
55,-41,9
40,-47,2
59,-66,-2
45,-54,-3
27,-28,3
27,-18,6
28,-10,8
30,-8,8
41,-10,8
48,-11,9
56,-10,20
55,-8,25
66,-9,34
67,-19,19
70,-34,24
90,-28,28
92,-13,31
105,-20,13
73,-25,2
53,-23,6
75,-48,9
76,-52,0
45,-42,-16
34,-35,-10
24,-21,5
23,-15,10
21,-8,12
28,-9,11
46,-13,15
62,-17,19
67,-16,18
70,-16,18
72,-20,19
90,-24,30
102,-27,27
110,-34,19
77,-34,16
37,-36,7
43,-48,5
49,-62,-3
36,-45,0
25,-20,5
27,-14,7
31,-9,7
35,-8,7
45,-8,10
54,-9,15
57,-10,24
58,-8,29
62,-10,24
59,-18,13
85,-29,27
108,-20,37
90,-31,12
87,-27,4
56,-32,6
78,-59,2
80,-61,-5
42,-47,-17
35,-38,-8
28,-22,8
26,-16,11
26,-11,11
34,-10,12
48,-8,12
52,-9,12
58,-11,12
62,-12,16
68,-19,24
67,-22,23
86,-35,31
104,-39,29
104,-42,16
72,-36,14
30,-33,6
35,-45,6
52,-65,-6
46,-54,-2
26,-27,0
27,-17,4
27,-10,7
31,-9,7
44,-7,11
51,-6,17
61,-3,34
65,-2,35
64,-15,17
53,-27,20
86,-29,35
92,-22,26
90,-19,7
86,-30,8
56,-29,12
62,-41,7
86,-53,3
61,-48,-14
43,-40,-14
26,-25,1
25,-19,7
22,-9,10
22,-8,11
38,-9,12
47,-11,13
64,-14,13
67,-12,13
67,-17,22
68,-22,22
90,-31,36
99,-30,30
109,-33,17
81,-31,14
32,-26,7
37,-34,9
59,-62,-4
39,-41,-1
27,-30,1
28,-13,6
28,-9,7
35,-6,8
42,-6,12
53,-4,21
58,-2,27
59,1,28
61,-4,24
54,-14,11
70,-26,20
112,-24,32
110,-35,20
92,-30,16
58,-28,7
67,-40,3
86,-52,0
55,-41,-11
36,-35,-10
26,-25,3
19,-15,8
19,-11,10
22,-11,11
40,-14,13
48,-17,12
63,-16,10
70,-6,18
73,-7,26
74,-14,29
90,-24,35
121,-33,22
116,-36,17
45,-34,14
30,-36,11
53,-59,5
55,-67,-4
29,-40,-2
23,-28,1
26,-11,6
27,-9,7
40,-5,11
47,-5,13
55,-5,26
58,-4,31
56,-5,20
61,-10,16
64,-22,12
85,-26,30
109,-23,32
90,-35,6
79,-33,6
55,-35,8
69,-54,0
74,-58,-7
47,-47,-11
29,-27,1
26,-19,6
20,-10,10
21,-9,10
37,-9,11
45,-10,12
61,-14,12
68,-15,15
66,-16,25
64,-20,21
82,-28,29
101,-34,32
110,-35,16
90,-39,14
35,-42,12
31,-44,9
51,-65,-1
47,-59,-3
29,-31,2
28,-20,6
29,-11,8
32,-10,9
41,-10,10
48,-10,14
52,-7,25
52,-6,27
58,-9,20
68,-23,13
80,-27,22
110,-16,35
96,-27,18
78,-30,5
57,-35,7
70,-56,4
77,-60,-5
47,-46,-14
40,-37,-8
29,-22,8
27,-17,12
24,-10,14
29,-9,14
46,-8,13
51,-11,12
60,-14,13
62,-13,16
67,-18,21
62,-19,17
80,-24,31
92,-26,30
109,-32,18
87,-37,17
33,-39,10
33,-42,9
54,-65,5
45,-54,3
32,-29,8
32,-13,12
32,-10,12
36,-8,11
40,-9,11
49,-9,15
50,-8,18
54,-6,25
61,-11,27
59,-28,20
76,-31,29
104,-19,38
97,-29,20
81,-33,5
61,-31,9
61,-48,5
78,-56,-1
60,-47,-11
44,-39,-11
30,-26,3
25,-20,8
23,-12,12
29,-10,12
44,-9,14
47,-9,14
57,-12,12
63,-14,12
71,-14,22
61,-15,17
70,-16,24
101,-32,25
116,-34,19
70,-37,14
45,-35,10
48,-49,4
61,-65,1
45,-54,-1
36,-39,2
32,-18,10
30,-13,11
29,-5,7
34,-4,7
47,-4,13
53,-4,19
55,-6,24
57,-6,22
65,-22,14
58,-25,13
95,-24,36
105,-21,35
97,-31,6
79,-32,9
39,-34,6
63,-47,6
74,-55,-8
41,-38,-9
34,-30,-3
26,-18,9
23,-15,13
28,-10,12
37,-10,12
51,-12,13
56,-13,14
63,-15,17
65,-17,21
66,-20,19
65,-19,21
77,-21,27
93,-27,27
96,-40,16
70,-43,13
32,-41,8
38,-51,8
47,-63,-4
38,-49,-1
30,-26,7
33,-18,9
36,-13,11
39,-10,11
48,-9,11
51,-9,14
52,-10,23
53,-9,26
58,-13,25
58,-20,15
69,-30,22
96,-22,38
91,-17,30
96,-27,9
71,-27,7
49,-38,6
66,-50,5
64,-52,-8
53,-44,-12
34,-30,-3
31,-25,5
31,-18,15
31,-15,14
46,-12,12
51,-10,12
55,-11,12
56,-12,13
57,-15,18
59,-18,20
65,-23,23
71,-25,27
84,-25,30
98,-36,28
83,-44,11
50,-41,5
34,-46,4
48,-58,6
49,-53,-4
37,-29,5
37,-18,8
37,-10,9
39,-7,10
46,-6,12
50,-5,14
51,-7,23
51,-7,27
56,-15,21
59,-21,14
72,-39,23
91,-34,30
100,-25,28
105,-30,15
63,-35,11
38,-33,7
62,-50,3
66,-58,-3
46,-48,-13
32,-39,-10
27,-25,8
33,-18,11
40,-16,9
50,-15,7
54,-13,8
53,-13,10
52,-17,13
57,-18,17
60,-18,19
69,-22,22
73,-24,26
89,-27,34
99,-40,28
76,-50,9
55,-47,2
37,-57,-3
38,-70,-5
34,-62,-10
39,-50,-5
48,-29,2
48,-22,4
42,-12,5
40,-9,5
41,-7,6
43,-7,8
47,-5,16
47,-3,22
63,-9,27
59,-20,14
89,-27,28
97,-23,34
101,-21,21
104,-30,12
51,-32,18
40,-40,18
61,-66,7
51,-53,-3
39,-41,-1
32,-24,11
30,-16,13
38,-6,11
43,-6,11
48,-6,9
50,-9,9
58,-11,11
62,-11,13
69,-14,25
66,-15,22
84,-24,27
98,-33,29
98,-44,21
81,-46,14
30,-51,12
28,-59,10
41,-67,9
41,-48,13
36,-24,12
36,-12,10
31,-7,9
32,-7,9
41,-11,12
43,-11,12
49,-12,18
65,-10,30
67,-17,23
62,-18,20
88,-26,35
101,-27,26
103,-38,15
63,-36,11
35,-32,9
68,-58,10
71,-63,0
48,-43,-4
35,-35,5
27,-18,15
26,-10,14
32,-1,9
36,1,9
43,-2,9
53,-7,9
76,-14,18
85,-10,25
64,-10,16
62,-8,17
90,-27,31
108,-34,31
83,-50,17
52,-42,14
36,-50,8
49,-62,0
47,-55,4
34,-27,12
36,-15,14
33,-8,14
30,-4,11
37,-7,10
45,-11,12
49,-17,16
46,-15,17
49,-13,19
57,-20,20
69,-30,21
84,-29,27
91,-13,21
112,-13,22
73,-29,10
47,-29,12
70,-59,15
70,-65,8
45,-43,-3
35,-30,1
25,-6,11
29,1,13
38,1,14
41,-2,13
49,-8,10
53,-10,9
58,-9,12
57,-6,13
62,-16,15
87,-26,28
91,-27,29
105,-40,21
83,-43,19
32,-45,18
38,-52,19
52,-70,16
43,-54,15
35,-24,14
39,-12,14
34,-4,14
33,-2,13
42,-7,11
45,-9,11
49,-13,14
50,-13,18
54,-9,22
60,-11,24
72,-21,21
86,-25,24
95,-19,20
123,-39,24
57,-45,23
42,-50,25
58,-74,14
52,-62,7
42,-27,11
30,-7,15
28,-5,15
29,-6,9
33,-7,7
43,-6,3
49,-8,4
54,-16,14
54,-16,19
62,-20,26
68,-23,29
85,-27,39
92,-27,37
100,-39,19
67,-36,19
36,-38,21
52,-49,18
56,-70,2
45,-54,5
33,-27,14
34,-17,14
31,-8,11
32,-7,10
39,-7,7
43,-6,8
47,-8,12
52,-9,18
61,-10,33
66,-24,28
76,-28,33
95,-11,31
88,-18,16
87,-27,3
63,-25,5
73,-51,11
83,-64,3
45,-52,-17
40,-42,-8
29,-21,8
23,-14,10
24,-7,14
29,-7,14
42,-10,14
50,-11,14
63,-14,14
64,-13,17
62,-19,22
63,-22,22
89,-32,40
96,-26,36
109,-29,15
73,-34,8
26,-34,4
37,-41,9
66,-65,-3
55,-53,-4
25,-23,-1
29,-8,7
32,-6,10
43,-4,13
51,-3,19
59,-9,28
48,-10,19
52,-15,17
58,-18,17
63,-31,14
82,-37,28
110,-30,27
85,-40,-1
73,-35,2
58,-38,2
81,-50,-2
78,-52,-9
46,-36,-11
36,-28,-7
23,-19,4
20,-14,7
25,-12,12
32,-13,14
49,-12,17
55,-13,14
61,-14,9
65,-15,13
71,-24,17
88,-30,34
101,-30,36
107,-29,9
83,-34,11
33,-34,6
40,-40,7
68,-67,0
54,-59,-4
26,-28,1
24,-17,5
25,-8,7
30,-6,7
39,-4,7
49,-4,13
61,-4,32
58,-4,32
64,-18,20
63,-26,13
81,-29,29
102,-15,38
89,-17,11
86,-18,-7
57,-23,2
54,-34,6
91,-57,-3
75,-54,-11
43,-32,-9
33,-23,-4
22,-12,6
22,-8,13
32,-4,16
46,-9,23
55,-12,19
58,-15,10
62,-16,11
67,-21,14
67,-26,17
100,-35,32
116,-34,23
83,-34,12
57,-29,11
42,-37,5
51,-49,4
47,-55,1
38,-39,3
29,-17,5
28,-12,6
30,-7,7
33,-5,6
48,-9,13
54,-11,18
54,-12,25
52,-9,23
60,-16,15
54,-23,6
95,-31,32
121,-16,45
85,-31,-2
68,-33,-1
52,-35,3
82,-58,2
79,-61,-6
46,-39,-11
39,-30,-6
31,-18,3
29,-13,7
29,-7,10
30,-6,11
37,-12,12
45,-14,12
56,-18,10
61,-18,11
79,-23,18
82,-26,23
101,-34,35
102,-33,28
82,-41,10
53,-46,11
39,-53,4
47,-61,0
35,-51,-6
31,-38,-1
30,-19,5
31,-14,6
35,-10,6
43,-11,8
50,-12,13
52,-7,28
53,-6,31
59,-9,21
66,-13,16
78,-23,20
94,-24,29
99,-27,17
87,-28,1
71,-38,7
57,-39,7
73,-46,-8
61,-46,-13
45,-31,-8
39,-26,-2
30,-17,8
27,-14,10
25,-11,8
30,-13,10
44,-15,14
50,-16,14
57,-15,10
63,-17,12
77,-23,19
78,-25,25
102,-32,38
108,-37,31
81,-38,11
35,-38,8
42,-46,4
57,-64,-7
42,-52,-5
28,-26,2
31,-17,6
30,-9,7
31,-7,6
42,-4,9
45,-4,11
51,-6,20
53,-7,24
59,-9,29
69,-14,27
77,-19,22
90,-22,30
99,-24,23
84,-28,8
64,-32,7
57,-37,2
78,-53,-7
70,-52,-10
45,-36,-6
38,-29,-1
27,-17,8
26,-13,9
32,-9,11
43,-10,15
48,-11,17
60,-13,12
65,-11,11
71,-11,20
63,-15,16
80,-22,27
98,-29,29
113,-32,16
98,-32,15
39,-29,12
37,-35,10
58,-61,2
50,-61,-1
28,-31,0
26,-19,2
30,-11,5
34,-10,4
41,-5,7
43,-6,11
58,-5,31
58,-5,35
55,-8,18
58,-14,15
67,-30,16
90,-34,29
113,-39,27
81,-34,8
67,-41,8
57,-41,-4
73,-47,-8
55,-39,-12
50,-30,-10
32,-19,-1
26,-16,3
27,-9,8
31,-9,9
42,-9,16
49,-10,19
63,-14,16
66,-15,14
66,-20,17
62,-22,11
74,-29,23
91,-30,27
113,-34,17
98,-35,17
36,-22,9
34,-21,8
65,-56,4
62,-62,-3
32,-33,-2
27,-22,0
30,-9,2
33,-9,4
43,-6,10
47,-5,14
58,-5,32
51,-10,20
58,-18,18
61,-23,13
53,-29,10
85,-25,28
96,-10,42
97,-29,3
87,-25,-5
44,-26,0
53,-39,2
78,-49,-6
66,-41,-12
43,-26,-8
36,-20,-2
28,-16,8
30,-14,12
38,-13,15
45,-12,16
54,-15,14
58,-13,14
67,-11,17
67,-12,19
60,-16,11
69,-18,19
104,-29,28
112,-34,22
75,-34,11
35,-27,5
47,-35,5
65,-61,1
50,-51,-2
29,-23,-2
30,-14,0
32,-6,2
38,-4,5
47,-2,16
58,-2,28
64,-4,24
60,-3,17
57,-1,13
54,-4,2
67,-12,15
99,-19,28
110,-35,-9
93,-41,-7
51,-31,-1
49,-26,-8
83,-33,-5
81,-27,0
61,-24,-2
52,-24,3
39,-38,12
40,-41,19
32,-26,32
69,-29,13
81,-7,24
71,-1,22
77,0,33
92,14,26
92,22,9
109,23,-1
111,19,3
91,22,20
64,21,36
49,7,58
66,10,60
88,-13,66
76,-25,62
52,-22,55
37,-21,47
39,-34,44
28,-36,31
18,-30,24
26,-23,34
-1,-19,39
4,-13,43
4,-7,49
-1,-4,51
-10,-4,54
-9,0,61
-6,8,69
3,27,78
0,36,80
-11,35,73
-16,34,70
-10,45,63
13,22,62
30,34,38
45,28,35
26,38,23
30,41,18
54,44,18
59,41,29
32,41,31
27,42,29
34,46,46
41,42,59
22,38,41
-3,43,24
-15,42,27
-22,40,26
-40,33,26
-46,33,30
-45,26,39
-51,32,40
-57,36,31
-56,30,31
-49,20,41
-49,14,41
-48,13,38
-51,13,37
-50,13,35
-43,17,35
-41,15,34
-48,15,28
-47,17,27
-50,21,27
-46,20,29
-46,15,31
-49,16,33
-51,14,35
-50,11,36
-56,15,38
-58,16,40
-58,18,41
-59,22,42
-63,20,41
-63,24,42
-58,27,46
-50,29,48
-40,15,47
-40,19,47
-40,20,36
-44,21,35
-42,20,43
-36,19,45
-40,18,37
-40,18,36
-40,16,36
-41,22,35
-41,18,36
-39,19,39
-40,19,42
-44,22,43
-46,27,42
-47,21,47
-50,20,51
-53,22,51
-55,20,51
-46,13,59
-41,10,62
-35,8,57
-41,5,52
-32,6,55
-32,11,52
-37,15,46
-35,12,50
-40,15,51
-39,17,47
-35,11,39
-37,12,42
-41,10,56
-32,8,61
-33,16,47
-31,7,47
-41,5,48
-46,7,47
-48,14,45
-43,14,51
-44,18,55
-46,20,56
-47,19,56
-43,22,58
-36,22,61
-24,21,62
-22,13,59
-27,8,51
-29,9,49
-31,11,51
-31,12,51
-31,15,47
-32,15,45
-31,15,44
-32,15,43
-35,17,42
-34,18,43
-36,18,47
-41,23,48
-39,21,49
-43,22,49
-41,10,56
-45,2,56
-46,4,49
-41,6,51
-29,11,61
-22,-8,70
-22,-7,69
-23,0,62
-23,2,59
-19,13,58
-19,14,57
-23,7,49
-24,5,47
-26,5,51
-25,6,54
-20,9,59
-21,10,62
-24,10,67
-25,9,66
-26,7,65
-29,13,67
-24,32,70
-24,28,70
-17,20,71
-15,16,69
-14,19,62
-12,15,61
-9,10,60
-9,8,59
-10,7,56
-11,9,55
-13,10,53
-14,10,52
-16,10,51
-16,10,51
-17,13,53
-20,16,58
-21,16,60
-26,14,64
-25,15,67
-18,11,78
-22,6,79
-23,1,78
-16,5,79
-11,0,76
-14,-7,69
-15,-8,60
-16,-3,57
-16,3,54
-15,7,52
-13,10,48
-18,10,45
-19,8,45
-15,10,50
-15,11,52
-17,10,53
-21,11,54
-18,12,56
-1,8,70
-1,9,72
-23,15,66
-30,20,68
-28,30,73
-18,19,76
-14,15,71
-11,14,65
-6,12,66
-1,8,68
-7,6,64
-13,8,54
-12,10,51
-10,10,45
-14,10,40
-18,7,32
-16,8,31
-17,12,32
-18,10,34
-13,3,42
-12,-1,47
-14,-10,55
-8,-23,57
2,-58,35
13,-83,21
27,-106,20
34,-117,25
44,-128,20
41,-113,12
23,-83,2
26,-78,7
30,-71,9
36,-73,5
38,-73,5
35,-72,8
35,-72,12
40,-64,20
39,-62,22
40,-67,30
37,-67,36
20,-77,31
16,-76,27
21,-72,27
32,-71,36
51,-59,44
44,-70,36
29,-119,19
20,-128,10
11,-103,7
8,-97,4
8,-73,1
17,-64,0
29,-57,-2
30,-59,-2
26,-55,-4
29,-53,-9
35,-54,-11
31,-52,-9
35,-53,-2
37,-57,0
31,-56,4
35,-58,24
33,-59,33
39,-61,39
39,-69,37
39,-71,31
37,-63,31
33,-45,36
38,-34,38
32,-20,31
28,-15,24
24,-12,20
37,-7,16
55,-3,15
53,0,13
54,-4,24
49,-8,24
32,-22,28
45,-28,29
92,-48,24
77,-44,19
77,-21,13
88,-16,12
80,-34,-4
61,-38,-7
53,-31,-8
62,-18,-15
62,-16,-11
50,-3,-2
32,-8,-4
33,-8,-6
35,-10,8
40,-23,28
41,-21,26
61,-13,15
63,-15,13
57,-18,19
57,-18,20
56,-23,18
62,-31,23
100,-35,34
116,-29,23
83,-39,4
51,-30,2
38,-34,5
48,-40,5
60,-47,6
51,-35,4
35,-20,-1
36,-15,1
46,-10,7
46,-11,7
46,-13,7
48,-16,12
52,-19,26
48,-23,23
62,-21,20
64,-10,6
63,-14,3
79,-17,10
82,-13,26
108,-20,16
90,-23,9
51,-22,1
56,-28,3
73,-44,-6
67,-46,-11
49,-36,-11
43,-28,-7
37,-18,5
36,-14,8
41,-10,11
45,-11,13
51,-13,14
52,-15,14
56,-13,15
57,-11,15
63,-14,12
63,-17,13
75,-25,25
82,-29,29
96,-33,23
93,-33,19
52,-26,8
40,-27,6
48,-42,0
47,-53,-2
44,-36,3
39,-22,6
42,-16,8
43,-11,9
44,-9,10
52,-11,18
54,-13,21
54,-11,25
52,-10,22
52,-7,16
56,-9,13
65,-21,14
77,-26,21
89,-21,31
87,-18,20
95,-24,7
78,-24,3
48,-28,-2
54,-34,-4
63,-42,-9
56,-39,-12
38,-31,-9
38,-26,-1
36,-17,9
39,-14,12
51,-11,14
58,-11,17
58,-12,18
60,-10,15
60,-9,14
59,-13,17
61,-15,16
62,-22,20
71,-25,26
90,-28,25
101,-29,21
71,-32,12
46,-27,5
40,-33,4
49,-45,2
50,-47,1
41,-33,5
38,-18,7
42,-14,9
43,-11,9
45,-11,11
52,-12,17
54,-14,19
50,-15,20
50,-15,19
55,-18,17
61,-21,16
67,-22,17
81,-21,28
86,-13,25
92,-17,1
77,-17,0
52,-33,2
66,-40,2
71,-50,-6
60,-43,-7
40,-29,-1
36,-23,4
33,-13,10
35,-11,11
44,-10,15
49,-11,16
52,-14,15
52,-15,12
57,-17,12
60,-19,14
66,-22,15
71,-26,19
90,-27,29
101,-24,24
88,-31,15
51,-28,9
38,-31,7
50,-44,6
50,-59,-2
43,-47,3
35,-26,10
38,-13,10
38,-11,9
44,-8,9
47,-7,10
52,-11,19
53,-13,25
53,-13,23
56,-14,19
57,-22,11
60,-28,13
85,-24,31
93,-21,34
92,-28,9
84,-24,7
46,-27,-4
50,-34,-3
69,-44,-5
64,-41,-7
44,-30,-6
39,-26,-2
36,-17,8
38,-14,11
47,-12,14
51,-13,14
52,-16,13
52,-16,12
54,-15,12
58,-19,18
62,-19,18
77,-26,20
89,-32,27
100,-31,22
95,-33,18
44,-31,10
37,-32,6
48,-50,3
52,-56,1
40,-39,6
36,-31,8
34,-16,9
35,-14,8
42,-10,8
47,-9,10
54,-9,21
56,-9,32
51,-10,24
52,-10,19
58,-19,12
57,-24,14
76,-28,27
89,-24,34
97,-39,10
96,-34,10
51,-31,2
50,-35,-4
63,-41,-3
61,-39,-7
50,-34,-7
39,-27,-2
38,-22,2
40,-15,9
44,-13,12
53,-11,15
55,-12,15
54,-13,13
55,-12,12
56,-12,13
58,-16,15
62,-19,13
64,-21,15
84,-31,24
92,-31,24
93,-31,14
69,-28,11
42,-30,7
44,-34,7
54,-55,0
47,-53,-3
37,-29,2
37,-21,4
40,-13,4
42,-11,5
51,-11,13
64,-16,32
61,-20,25
48,-12,12
48,-13,14
54,-17,17
56,-20,11
60,-28,14
70,-24,20
73,-10,32
85,-10,23
105,-23,1
85,-23,4
44,-23,2
47,-28,-1
70,-36,-2
67,-34,-5
50,-23,-6
42,-22,-4
39,-19,3
38,-19,6
44,-17,12
48,-17,15
53,-16,16
53,-15,14
56,-15,10
59,-16,13
60,-21,18
61,-20,14
67,-25,15
74,-24,20
95,-24,21
82,-32,15
57,-27,13
40,-28,9
49,-32,9
53,-57,1
43,-52,1
38,-31,6
40,-21,7
42,-15,7
43,-13,7
51,-12,15
54,-12,20
56,-13,25
52,-10,22
50,-9,16
52,-10,15
61,-22,10
62,-26,13
81,-26,29
87,-20,34
93,-27,11
85,-23,7
55,-27,2
45,-24,-2
61,-37,-2
64,-37,-8
54,-34,-10
40,-29,-6
38,-26,-2
40,-20,5
44,-17,8
54,-15,16
56,-15,18
58,-14,17
59,-12,15
56,-10,13
55,-11,13
60,-20,13
62,-22,14
70,-26,21
72,-25,24
98,-29,21
100,-23,17
59,-17,9
49,-18,8
44,-25,10
48,-38,6
49,-45,2
42,-33,2
41,-17,1
45,-12,1
48,-10,4
50,-11,10
63,-11,38
70,-19,35
46,-9,11
47,-13,10
48,-15,12
60,-21,15
56,-24,9
68,-24,14
79,-19,23
103,-22,18
95,-29,5
64,-34,6
44,-30,2
61,-39,-2
69,-41,-4
59,-34,-7
48,-31,-5
36,-25,1
34,-21,4
38,-17,11
45,-17,15
56,-18,18
56,-17,16
54,-15,10
55,-16,9
60,-18,17
58,-19,16
59,-21,12
68,-24,16
88,-31,19
99,-37,15
72,-36,12
38,-34,7
41,-38,7
46,-57,4
42,-50,4
38,-32,8
39,-23,8
41,-18,7
42,-17,7
50,-18,11
52,-20,15
54,-19,22
51,-16,20
48,-14,17
49,-13,16
58,-22,11
56,-27,10
75,-30,25
84,-22,34
84,-14,17
91,-16,5
67,-33,4
51,-29,6
53,-41,3
69,-44,1
64,-35,-5
55,-28,-5
40,-21,0
41,-17,8
42,-16,11
48,-16,18
51,-17,18
52,-18,12
51,-18,9
53,-19,13
58,-22,14
64,-27,11
68,-29,13
76,-23,16
88,-31,16
75,-44,15
56,-44,13
38,-50,13
42,-57,14
43,-50,10
41,-40,11
40,-24,11
39,-21,10
40,-19,9
44,-20,10
50,-19,16
51,-19,18
48,-16,20
48,-15,21
51,-15,23
60,-21,17
52,-23,11
61,-28,23
71,-24,30
97,-35,24
98,-43,13
72,-33,18
46,-30,12
45,-30,0
58,-35,1
65,-40,-6
57,-37,-8
38,-31,-6
37,-26,-1
38,-16,5
44,-14,7
55,-12,11
60,-12,16
61,-13,17
57,-13,13
52,-13,12
53,-15,12
56,-18,6
54,-21,3
71,-25,7
84,-28,16
93,-31,12
94,-29,8
67,-25,8
52,-32,0
43,-43,1
41,-59,8
43,-55,8
46,-39,6
46,-29,5
44,-19,3
45,-17,3
53,-16,10
54,-16,10
52,-13,9
52,-11,11
49,-8,17
52,-6,19
50,-9,8
52,-14,6
83,-26,22
81,-20,25
81,-14,10
97,-23,-1
78,-34,0
58,-33,-1
56,-35,-7
64,-37,-10
55,-34,-14
46,-29,-10
34,-23,0
38,-18,11
44,-16,14
59,-17,12
63,-17,11
58,-14,8
55,-12,9
52,-9,14
52,-7,17
59,-9,16
65,-13,11
72,-17,14
75,-19,20
86,-22,22
103,-28,16
69,-28,11
43,-24,8
56,-33,7
68,-51,5
51,-42,4
39,-32,4
40,-12,6
41,-8,6
39,-4,6
43,-4,9
57,-10,23
59,-13,25
51,-11,19
50,-10,18
55,-11,16
58,-17,11
69,-28,19
72,-12,34
86,-8,33
106,-24,9
83,-23,5
47,-98,-9
54,-35,-1
42,-43,0
47,-24,-9
59,-17,1
54,-14,8
45,-13,13
48,-12,13
51,-8,12
53,-8,14
58,-13,16
56,-13,15
53,-8,13
53,-6,13
59,-10,11
62,-14,10
75,-17,15
77,-18,19
88,-25,18
99,-25,18
74,-19,19
47,-20,11
45,-28,9
47,-48,4
48,-47,5
42,-32,11
41,-23,11
44,-13,10
44,-11,9
48,-12,13
51,-13,15
55,-14,19
54,-13,19
49,-10,18
50,-8,17
60,-13,15
63,-21,15
72,-25,22
79,-18,31
98,-16,24
99,-25,15
63,-20,5
42,-24,3
57,-46,-1
68,-49,-6
60,-38,-9
48,-33,-6
39,-21,4
38,-17,8
41,-9,14
45,-7,16
53,-8,19
56,-10,16
57,-11,15
57,-11,15
59,-14,15
63,-19,15
71,-25,19
86,-27,25
96,-28,23
87,-34,16
58,-28,12
34,-29,6
40,-41,3
52,-55,2
47,-43,6
38,-25,9
42,-17,10
43,-10,9
44,-9,10
52,-10,16
54,-11,20
52,-10,24
51,-9,23
43,-10,9
44,-9,10
52,-10,16
54,-11,20
52,-10,24
51,-9,23
52,-7,19
56,-10,17
59,-24,17
65,-32,21
76,-23,35
102,-26,20
101,-27,13
62,-26,5
48,-23,1
54,-31,-1
63,-34,-3
58,-29,-5
50,-26,-3
41,-21,1
41,-18,5
43,-14,11
46,-14,14
51,-13,17
52,-13,17
52,-14,14
55,-15,13
60,-18,16
63,-20,15
68,-23,15
77,-25,20
85,-21,21
98,-26,18
70,-29,15
48,-27,11
46,-30,7
50,-43,5
49,-47,3
43,-36,5
42,-19,7
41,-12,8
41,-9,9
49,-11,15
54,-14,19
54,-16,21
52,-14,20
48,-12,16
50,-13,16
59,-21,14
59,-25,15
77,-29,21
82,-25,25
101,-33,18
92,-25,17
49,-25,3
43,-20,-3
64,-36,-5
70,-37,-6
53,-34,-7
44,-31,-4
38,-23,4
38,-18,8
45,-12,13
48,-10,15
53,-9,17
55,-9,17
56,-9,14
59,-14,16
60,-19,15
56,-20,9
67,-23,12
72,-21,23
82,-27,28
106,-36,20
76,-30,15
37,-26,7
42,-28,7
55,-55,0
53,-58,-2
36,-34,1
34,-25,3
38,-15,5
38,-13,6
43,-10,12
51,-10,18
60,-12,34
59,-12,30
49,-8,18
49,-8,16
59,-20,10
64,-29,22
74,-24,29
83,-16,38
97,-24,11
96,-22,3
53,-27,1
60,-38,0
75,-47,-3
62,-39,-8
47,-32,-5
36,-20,4
38,-16,8
39,-11,13
42,-10,14
51,-12,18
54,-13,19
52,-14,13
54,-14,10
54,-16,13
57,-18,14
71,-25,20
83,-29,26
95,-32,25
101,-36,21
54,-34,13
35,-31,8
45,-46,7
55,-60,2
43,-48,-1
34,-35,1
35,-16,4
38,-14,4
43,-11,7
49,-7,16
52,-6,22
59,-3,41
52,-6,29
50,-10,14
55,-18,13
63,-32,18
79,-30,28
107,-35,27
100,-39,9
75,-37,6
50,-31,-1
52,-33,-6
65,-39,-7
57,-35,-8
46,-31,-6
34,-26,2
34,-21,7
40,-15,13
48,-14,14
57,-15,14
57,-16,13
53,-15,10
53,-16,11
56,-21,16
58,-23,14
62,-29,11
68,-32,18
83,-29,22
100,-32,13
81,-34,12
44,-28,8
39,-30,8
49,-53,5
49,-60,0
40,-38,7
37,-29,7
36,-16,8
36,-13,9
42,-9,9
50,-10,13
64,-20,24
58,-21,20
47,-15,17
49,-14,18
56,-15,18
58,-20,12
59,-31,15
79,-31,23
95,-31,22
93,-42,4
82,-35,7
50,-32,0
42,-30,-8
56,-35,-7
66,-37,-6
43,-31,-3
37,-28,1
38,-17,9
40,-13,10
51,-13,12
53,-14,11
53,-14,9
51,-14,10
51,-17,13
56,-21,14
61,-24,9
61,-29,5
79,-33,13
84,-36,16
88,-37,10
71,-39,6
40,-34,-2
35,-43,-3
46,-66,4
52,-56,8
48,-36,12
50,-26,10
43,-16,6
41,-13,5
44,-14,8
46,-16,11
47,-16,14
46,-15,15
44,-11,14
47,-7,15
62,-15,10
65,-22,20
85,-26,32
90,-23,15
93,-35,-5
83,-44,6
52,-38,4
48,-41,-7
65,-45,-10
62,-40,-10
51,-31,-7
37,-22,-3
37,-19,3
38,-15,16
43,-14,20
51,-15,9
52,-14,7
51,-15,5
53,-17,9
58,-23,16
62,-27,17
67,-32,13
78,-36,19
102,-37,16
97,-36,8
56,-34,6
40,-32,6
45,-43,5
47,-54,-3
40,-41,0
36,-22,2
38,-17,4
40,-14,6
43,-15,9
56,-17,19
58,-19,22
42,-14,12
45,-14,12
48,-14,16
57,-14,17
56,-29,7
67,-37,15
101,-27,34
98,-27,23
80,-27,-6
73,-33,0
36,-29,-5
55,-36,-3
67,-44,-9
58,-38,-12
38,-24,-8
35,-21,-4
36,-17,6
40,-15,11
52,-14,18
56,-14,18
53,-14,10
53,-15,8
55,-17,12
61,-23,15
60,-23,10
77,-30,17
86,-30,20
102,-33,17
93,-35,11
42,-32,6
35,-32,3
51,-48,1
51,-57,-2
39,-35,5
37,-26,6
38,-15,8
39,-13,10
46,-12,11
51,-13,13
54,-15,16
52,-16,15
48,-17,13
50,-17,13
63,-18,18
61,-26,9
67,-28,18
84,-21,28
89,-16,17
84,-28,-8
68,-35,-2
45,-41,-1
66,-53,-3
66,-56,-13
51,-46,-13
34,-31,-4
33,-25,1
37,-17,8
41,-13,11
49,-12,16
50,-11,16
51,-18,6
56,-21,5
66,-21,16
65,-21,21
55,-20,6
61,-22,8
82,-27,15
97,-30,18
93,-37,14
44,-33,12
38,-33,9
40,-38,9
43,-56,1
38,-54,-1
34,-35,3
37,-27,4
40,-20,4
42,-20,4
44,-20,6
56,-20,22
61,-18,30
49,-11,20
49,-11,14
58,-12,16
62,-18,14
57,-22,18
70,-26,24
86,-21,24
93,-28,12
92,-32,6
69,-34,11
35,-26,-2
52,-34,-1
71,-45,-7
63,-41,-10
41,-29,-6
39,-25,-2
40,-17,6
41,-13,10
48,-10,17
51,-10,19
52,-12,12
51,-14,9
55,-19,13
64,-21,19
60,-18,11
71,-23,15
78,-29,18
107,-40,18
98,-39,14
48,-34,9
35,-32,7
40,-47,7
46,-58,3
42,-44,5
39,-36,5
42,-20,6
42,-18,7
44,-15,10
47,-15,13
53,-14,17
50,-13,16
48,-14,16
50,-15,17
60,-15,17
64,-21,11
64,-24,18
78,-29,28
89,-14,29
89,-20,11
76,-30,4
60,-34,7
48,-37,1
72,-51,-5
68,-47,-11
47,-31,-11
38,-28,-7
37,-22,3
38,-20,8
45,-16,17
52,-16,20
57,-15,18
54,-14,14
52,-12,8
54,-13,9
59,-19,16
61,-23,18
60,-25,16
66,-26,20
74,-21,21
92,-26,24
84,-35,17
61,-35,13
42,-36,9
44,-40,9
46,-57,1
39,-48,2
35,-29,6
38,-20,6
43,-15,7
45,-13,14
52,-14,20
60,-16,25
55,-14,21
48,-12,17
48,-14,17
55,-16,19
60,-21,14
58,-28,15
70,-28,23
91,-20,34
100,-28,19
80,-27,3
61,-33,4
46,-33,1
59,-42,0
63,-43,-7
54,-39,-9
38,-33,-5
37,-30,-1
38,-23,5
41,-20,7
52,-18,13
54,-18,15
54,-17,17
53,-16,14
57,-16,11
58,-14,12
60,-16,16
62,-20,15
65,-21,18
80,-22,26
91,-25,27
97,-32,14
78,-31,12
36,-22,7
33,-23,8
50,-45,2
52,-53,-2
39,-33,-1
39,-23,-1
45,-12,1
46,-11,2
54,-8,15
60,-6,35
64,-19,23
48,-10,11
44,-18,8
46,-18,12
55,-21,21
58,-22,18
56,-25,9
62,-22,13
79,-8,29
90,-8,24
97,-29,5
79,-34,10
38,-29,4
60,-37,1
71,-42,-5
63,-37,-9
49,-33,-8
36,-28,1
36,-24,5
38,-19,9
41,-18,12
52,-19,20
56,-20,21
57,-18,15
58,-16,11
61,-13,14
62,-13,18
57,-17,11
63,-20,14
70,-24,17
78,-30,18
99,-39,17
75,-32,17
52,-19,8
47,-20,4
44,-46,6
45,-54,4
39,-42,4
37,-36,4
37,-24,4
38,-21,4
44,-19,9
52,-21,16
56,-22,21
54,-20,24
50,-16,21
50,-16,18
55,-18,16
53,-26,12
58,-32,18
70,-27,25
79,-28,25
96,-37,8
95,-36,7
56,-29,1
56,-25,0
51,-23,-6
54,-25,-8
53,-26,-10
48,-26,-8
43,-24,-1
44,-20,3
47,-15,10
51,-14,15
60,-16,20
62,-17,18
55,-15,9
54,-15,9
55,-16,13
55,-19,19
57,-21,15
59,-23,11
67,-23,13
63,-18,15
78,-27,23
99,-39,19
74,-38,14
51,-29,9
45,-30,11
37,-43,8
37,-48,5
41,-39,6
41,-33,7
44,-21,7
45,-19,8
48,-17,12
51,-17,16
58,-19,25
50,-17,17
48,-17,16
47,-17,16
49,-17,16
53,-18,15
52,-28,12
58,-35,17
80,-27,29
91,-27,27
99,-40,1
62,-37,0
50,-30,1
51,-27,-3
55,-27,-8
52,-29,-15
46,-30,-14
38,-26,-5
39,-22,-2
50,-19,6
54,-19,10
57,-18,13
57,-18,11
58,-17,5
57,-18,4
57,-21,11
57,-22,13
59,-23,11
62,-21,9
71,-22,7
77,-23,7
98,-38,8
100,-39,14
91,-28,14
84,-23,10
40,-21,2
35,-22,-1
46,-35,-6
47,-42,-9
40,-35,-13
39,-25,-7
40,-22,-6
46,-21,0
49,-22,4
53,-25,11
54,-27,14
50,-27,16
50,-24,15
50,-21,11
50,-20,10
51,-18,12
54,-18,15
60,-21,17
61,-21,15
57,-19,15
58,-18,16
70,-21,11
80,-28,9
81,-36,8
77,-32,14
59,-31,5
57,-24,0
52,-19,-6
59,-18,-7
61,-19,-8
49,-20,-6
46,-19,-1
45,-17,10
47,-17,15
51,-19,17
52,-19,13
54,-18,9
53,-18,8
51,-19,11
53,-21,14
58,-25,12
59,-28,11
71,-29,14
76,-29,15
94,-39,20
90,-39,17
58,-25,10
52,-23,7
50,-36,4
48,-46,0
41,-43,-2
40,-33,0
40,-23,0
39,-21,-1
42,-18,5
47,-18,10
54,-19,23
58,-19,31
52,-17,18
47,-16,14
51,-18,16
56,-24,13
53,-30,11
66,-31,16
67,-25,24
96,-24,15
96,-36,6
64,-37,7
43,-31,1
56,-39,0
66,-41,-4
60,-35,-12
49,-30,-13
40,-25,-4
38,-24,1
38,-22,10
41,-22,11
45,-22,10
46,-22,10
50,-20,8
53,-21,9
60,-26,16
63,-30,19
73,-33,19
78,-33,17
86,-35,18
85,-39,15
64,-38,10
44,-40,6
42,-46,5
36,-53,-2
37,-41,3
38,-25,7
37,-21,6
39,-18,7
42,-17,9
47,-19,13
50,-20,17
56,-19,26
52,-17,23
51,-11,21
53,-10,19
55,-22,8
66,-22,21
82,-17,37
82,-12,27
92,-19,3
81,-27,6
46,-28,6
46,-32,2
72,-44,-3
64,-42,-6
45,-30,-6
36,-25,-4
37,-16,5
48,-14,14
54,-14,20
58,-14,22
57,-14,17
52,-14,14
53,-14,18
61,-17,13
64,-20,11
69,-23,17
69,-23,15
98,-37,18
96,-40,20
48,-29,14
37,-27,10
37,-38,7
41,-47,4
46,-44,7
43,-37,9
44,-23,10
44,-20,11
46,-15,16
49,-14,19
53,-13,21
49,-12,18
43,-11,16
43,-11,17
44,-13,21
47,-14,21
55,-19,18
62,-21,27
70,-20,36
115,-46,13
119,-44,9
65,-31,-7
60,-24,-10
69,-23,-4
62,-19,-1
45,-13,1
40,-11,5
34,-11,10
35,-13,12
45,-18,14
51,-20,14
54,-23,11
53,-20,9
56,-19,8
62,-22,8
75,-31,13
86,-35,18
101,-37,13
92,-34,15
59,-29,11
50,-32,10
41,-48,9
38,-56,8
41,-40,11
39,-34,11
42,-19,8
43,-16,7
44,-14,8
49,-16,13
51,-17,16
52,-18,20
51,-19,21
46,-17,18
46,-17,17
57,-23,12
54,-28,10
66,-35,19
69,-29,26
98,-23,29
106,-30,12
75,-30,7
49,-29,6
42,-34,4
55,-40,3
60,-41,-5
53,-37,-8
42,-32,-4
43,-28,1
42,-22,6
44,-19,9
48,-15,15
50,-14,17
54,-13,18
54,-12,17
55,-12,14
62,-19,14
63,-20,11
73,-24,19
77,-22,23
89,-25,27
100,-30,22
63,-26,14
46,-25,11
50,-37,9
54,-53,4
38,-52,-2
33,-39,2
37,-20,7
41,-17,7
42,-12,6
44,-10,8
52,-9,16
55,-11,23
54,-14,30
50,-12,23
54,-12,18
57,-14,17
57,-23,12
63,-27,17
83,-18,34
93,-17,29
106,-24,6
78,-23,0
40,-23,2
59,-40,1
65,-43,-3
50,-34,-9
43,-29,-5
39,-24,2
39,-22,6
43,-17,11
46,-15,15
54,-14,18
56,-13,18
55,-15,11
54,-16,11
57,-21,16
60,-23,15
66,-28,16
80,-29,21
97,-31,21
100,-34,19
62,-29,15
43,-27,12
41,-34,7
47,-47,2
43,-52,-2
35,-32,3
36,-23,5
39,-19,6
41,-17,7
48,-15,14
53,-15,20
56,-14,27
52,-13,25
50,-12,17
52,-13,17
56,-25,10
54,-26,13
82,-30,31
92,-25,39
97,-29,11
88,-26,4
48,-29,4
41,-28,3
65,-43,-1
65,-43,-6
48,-35,-12
39,-30,-10
37,-26,1
37,-23,5
44,-17,12
50,-15,15
53,-12,19
53,-10,19
55,-12,14
57,-13,13
59,-16,15
60,-20,14
64,-23,16
87,-32,25
97,-35,25
96,-39,17
66,-30,15
34,-24,9
44,-29,8
52,-55,-2
43,-50,-4
35,-31,1
37,-22,3
40,-17,5
42,-15,6
48,-14,12
51,-14,16
53,-14,25
52,-15,25
52,-13,19
53,-13,18
59,-21,13
57,-25,11
71,-31,18
73,-26,25
102,-24,28
103,-30,16
57,-27,4
39,-26,3
60,-49,1
61,-49,-11
51,-40,-13
39,-28,-5
38,-24,1
40,-18,10
43,-15,14
50,-13,18
53,-12,18
56,-12,15
55,-12,13
56,-11,12
57,-16,14
62,-22,14
63,-25,15
83,-31,27
90,-34,28
100,-35,16
74,-33,13
32,-29,9
37,-32,9
53,-56,-2
52,-53,-5
36,-31,1
36,-21,4
36,-14,7
39,-13,8
48,-12,14
54,-11,18
60,-14,28
56,-14,25
52,-12,21
52,-16,16
50,-22,9
63,-39,22
72,-33,25
93,-34,30
104,-42,13
76,-31,3
51,-28,3
45,-27,0
56,-32,0
67,-35,-7
58,-30,-9
40,-24,-5
39,-21,0
40,-17,7
41,-15,10
50,-14,19
54,-15,21
57,-14,17
55,-12,13
53,-14,12
55,-18,14
61,-23,11
63,-26,13
79,-25,23
94,-23,21
100,-26,15
53,-25,10
39,-26,11
55,-38,10
61,-57,5
42,-48,1
37,-38,4
41,-17,7
42,-13,7
44,-10,9
48,-9,11
54,-7,20
56,-8,24
50,-10,21
49,-9,18
54,-13,16
59,-18,13
66,-33,16
72,-33,20
95,-28,29
107,-36,20
68,-29,5
43,-26,1
64,-42,0
70,-46,-4
55,-40,-8
44,-34,-4
35,-25,4
34,-21,6
37,-17,9
47,-16,13
52,-17,16
53,-15,17
54,-12,17
57,-13,17
60,-20,16
60,-21,12
66,-25,17
80,-24,23
91,-29,22
93,-32,19
69,-30,16
41,-31,12
43,-37,12
48,-58,4
43,-54,3
34,-32,5
34,-22,5
38,-15,5
40,-13,6
47,-12,13
52,-11,17
60,-10,33
56,-11,30
52,-10,19
54,-14,19
57,-24,12
75,-37,24
88,-32,30
96,-40,12
85,-32,10
47,-34,6
41,-32,1
67,-48,-2
63,-46,-6
44,-36,-10
39,-34,-6
36,-27,5
35,-23,8
41,-20,13
46,-18,15
49,-15,16
49,-13,15
53,-11,14
58,-12,14
66,-13,16
68,-17,18
68,-20,22
76,-24,27
102,-37,26
101,-41,21
55,-33,13
39,-29,8
44,-41,2
53,-54,-5
43,-43,-6
32,-25,-2
38,-18,1
42,-15,6
44,-14,10
53,-12,21
57,-13,30
56,-14,29
46,-12,18
44,-11,12
51,-13,13
61,-25,11
68,-30,18
85,-23,38
93,-22,33
93,-26,1
78,-30,1
41,-29,1
52,-37,1
67,-38,-3
59,-34,-6
44,-28,-2
38,-23,5
36,-20,7
35,-17,9
42,-14,12
45,-13,13
49,-15,14
51,-16,12
59,-19,12
60,-21,18
61,-24,17
71,-26,20
87,-31,25
91,-31,23
90,-33,19
56,-30,15
41,-31,13
45,-44,8
49,-57,1
39,-48,-4
35,-37,0
35,-21,5
36,-19,7
43,-17,10
48,-17,14
54,-16,20
54,-15,23
51,-11,23
48,-9,20
54,-11,17
60,-18,13
71,-29,19
82,-34,28
99,-33,26
95,-34,9
66,-31,4
44,-30,0
62,-41,0
65,-43,-8
54,-39,-10
37,-33,-4
36,-30,3
35,-22,9
38,-20,11
48,-18,13
51,-17,14
51,-14,13
52,-13,13
59,-14,13
61,-14,15
63,-22,17
60,-21,16
71,-25,24
72,-23,24
101,-31,20
96,-35,18
44,-26,14
35,-26,11
51,-44,6
54,-56,-1
40,-41,-1
36,-32,1
42,-18,6
44,-16,8
48,-13,14
54,-11,25
59,-12,31
50,-13,19
44,-11,15
46,-16,12
55,-21,14
58,-32,13
61,-34,16
70,-17,31
84,-9,37
103,-32,10
79,-33,8
40,-27,4
44,-39,4
64,-48,-2
60,-48,-6
43,-38,-7
39,-34,-3
36,-26,6
37,-22,8
49,-18,15
52,-17,19
54,-15,22
55,-14,20
56,-13,13
55,-12,13
62,-22,16
62,-27,16
69,-30,21
79,-31,21
93,-37,19
82,-37,19
54,-34,15
32,-33,9
35,-39,7
38,-52,2
39,-45,4
38,-32,7
41,-26,8
45,-22,9
47,-21,12
54,-21,21
56,-21,24
50,-19,22
47,-16,19
47,-14,16
51,-14,17
55,-23,13
54,-26,16
67,-29,24
70,-26,31
96,-25,24
93,-27,17
57,-26,13
46,-24,8
52,-30,4
62,-33,1
65,-38,-6
49,-34,-5
43,-31,-1
42,-22,5
44,-18,8
50,-15,15
53,-15,19
57,-19,20
54,-20,15
53,-22,11
53,-22,12
59,-26,14
62,-26,11
63,-24,13
59,-18,11
76,-21,12
90,-28,17
74,-34,22
61,-30,17
40,-30,15
35,-37,15
41,-50,14
44,-43,14
41,-31,13
43,-25,12
46,-21,12
47,-21,14
51,-23,18
52,-22,19
52,-20,18
53,-18,20
52,-17,20
52,-13,19
53,-14,17
55,-23,14
60,-25,20
73,-19,31
74,-17,26
92,-17,8
84,-23,8
54,-30,15
40,-29,7
62,-40,0
71,-41,-2
58,-32,-9
49,-28,-7
42,-25,1
41,-23,4
45,-19,11
49,-19,17
58,-20,23
59,-20,18
55,-17,9
54,-17,8
54,-19,13
58,-23,14
57,-27,12
64,-27,15
65,-26,12
86,-36,16
88,-39,19
65,-33,15
54,-31,11
41,-37,6
37,-43,5
39,-46,8
42,-39,12
41,-29,10
45,-26,10
47,-23,11
48,-23,13
52,-25,18
51,-25,19
47,-24,17
46,-24,17
48,-22,17
50,-21,17
54,-20,15
53,-23,13
55,-28,17
58,-27,18
66,-16,25
82,-14,28
89,-38,15
55,-41,14
38,-40,6
48,-50,2
59,-55,-2
51,-47,-10
44,-42,-8
45,-33,3
45,-30,7
52,-20,8
55,-17,8
55,-18,8
54,-18,7
53,-15,7
53,-13,8
56,-8,10
61,-5,15
71,-11,28
64,-17,24
62,-17,20
70,-16,23
77,-17,22
84,-18,19
90,-28,13
85,-28,12
42,-25,12
32,-23,11
44,-31,3
52,-35,2
46,-23,-2
49,-11,-3
53,-8,-2
62,-9,8
65,-11,20
75,-23,41
64,-22,18
50,-19,2
45,-22,0
41,-28,-1
42,-30,3
46,-30,9
53,-29,9
62,-23,8
64,-19,14
81,-7,35
97,-21,21
81,-31,5
67,-36,9
45,-34,3
54,-43,-1
60,-44,-8
55,-40,-11
45,-32,-3
43,-32,3
44,-25,9
47,-22,11
54,-19,14
57,-18,14
54,-17,12
55,-19,10
59,-21,12
63,-20,18
61,-19,17
56,-17,9
59,-16,9
61,-14,12
61,-12,15
81,-23,25
89,-28,22
67,-29,15
59,-24,11
50,-26,8
48,-35,8
45,-52,7
44,-49,7
45,-36,9
48,-29,9
50,-18,9
49,-15,8
50,-13,12
54,-14,17
54,-17,19
51,-14,18
46,-11,17
53,-13,19
62,-19,16
57,-27,11
60,-28,19
76,-22,31
97,-23,27
87,-28,12
66,-33,15
40,-27,6
41,-29,4
62,-39,2
63,-40,-3
52,-36,-7
47,-34,-4
44,-29,2
44,-25,5
49,-19,13
51,-18,17
55,-19,16
55,-18,12
53,-16,10
53,-16,10
57,-17,17
60,-19,20
63,-19,14
61,-18,13
60,-16,16
62,-18,21
90,-37,25
84,-40,19
60,-45,8
50,-42,6
31,-44,5
40,-47,-3
48,-43,3
48,-28,6
50,-22,10
52,-18,18
51,-19,18
51,-20,13
50,-20,13
48,-18,16
47,-17,18
49,-15,20
52,-15,21
59,-20,13
55,-24,9
59,-27,19
61,-20,24
91,-20,21
95,-31,15
59,-39,13
41,-30,7
57,-43,2
65,-47,0
58,-41,-6
53,-35,-6
45,-28,-1
45,-25,3
51,-20,12
58,-19,14
58,-19,11
56,-16,5
56,-14,5
58,-11,9
61,-12,12
70,-13,18
67,-14,16
60,-15,13
59,-16,16
68,-20,20
77,-26,19
66,-31,8
62,-34,6
55,-40,12
51,-43,14
53,-31,12
52,-28,11
48,-12,12
47,-9,14
55,-15,22
58,-20,22
53,-21,17
51,-21,17
49,-15,17
50,-14,17
54,-15,21
57,-17,23
55,-23,19
53,-28,19
52,-31,19
46,-33,18
46,-31,18
45,-29,18
45,-29,18
57,-36,7
66,-41,6
65,-52,3
56,-51,1
46,-38,0
55,-38,-1
68,-32,-8
64,-28,-9
54,-24,0
52,-24,1
55,-26,-6
54,-29,-7
52,-33,-6
49,-33,-5
52,-31,-3
53,-30,-3
53,-30,-1
53,-31,0
55,-31,-1
55,-31,-1
54,-32,0
53,-28,2
54,-26,3
58,-22,5
59,-21,7
56,-20,9
55,-21,9
57,-25,9
58,-27,10
61,-28,13
64,-27,15
72,-27,16
86,-32,12
97,-44,6
78,-38,5
46,-21,4
40,-18,2
39,-32,-2
37,-38,-1
45,-27,1
49,-21,0
53,-17,0
52,-17,4
54,-17,21
59,-19,31
59,-22,17
53,-21,10
47,-23,6
47,-26,6
48,-29,10
48,-29,11
49,-30,13
53,-25,14
55,-23,14
59,-19,15
62,-18,17
86,-28,18
87,-36,15
66,-43,6
53,-43,6
40,-34,-2
46,-35,-3
61,-37,-7
60,-36,-9
47,-33,-5
44,-30,2
47,-23,12
51,-21,14
57,-23,12
56,-24,9
50,-23,6
50,-23,5
51,-23,5
53,-24,7
59,-25,9
62,-27,8
67,-30,9
77,-36,13
90,-48,12
67,-47,6
57,-39,7
50,-33,3
42,-38,0
33,-49,2
33,-49,6
40,-43,11
43,-38,10
46,-30,7
45,-28,6
43,-26,7
44,-26,7
47,-26,12
48,-27,16
49,-28,19
50,-28,18
49,-27,13
50,-26,12
49,-24,14
50,-23,15
55,-21,14
56,-21,14
67,-27,17
87,-41,18
79,-52,20
54,-45,16
43,-36,1
48,-38,1
57,-49,-1
51,-44,-1
47,-38,1
48,-28,3
49,-26,3
51,-25,2
52,-26,3
53,-28,4
53,-26,3
59,-23,4
63,-22,4
68,-26,-2
70,-26,-3
62,-24,3
58,-22,5
61,-23,12
62,-23,13
52,-21,13
48,-20,15
50,-23,23
52,-26,27
59,-25,24
61,-24,22
56,-23,20
51,-22,18
50,-23,19
51,-23,21
54,-25,22
54,-25,20
54,-24,20
53,-25,19
53,-25,19
53,-26,18
52,-26,17
53,-28,16
55,-28,16
57,-25,18
57,-24,18
56,-20,17
57,-19,16
59,-20,16
59,-21,16
57,-22,15
57,-21,14
55,-21,13
56,-20,12
57,-20,12
58,-20,13
58,-20,14
58,-20,15
59,-20,14
59,-20,14
58,-20,14
58,-20,14
58,-20,14
58,-20,14
57,-20,14
57,-21,15
58,-21,14
58,-22,15
57,-22,15
57,-21,15
57,-21,15
57,-22,15
57,-22,15
57,-22,15
57,-22,15
57,-22,15
57,-22,15
57,-22,15
57,-23,14
56,-23,15
56,-23,15
57,-23,15
57,-23,15
57,-23,15
57,-23,15
57,-23,15
57,-22,15
57,-22,15
57,-22,15
57,-22,15
57,-22,15
57,-22,15
57,-22,15
57,-22,15
57,-22,15
57,-22,15
57,-21,15
57,-21,15
57,-21,15
57,-21,15
57,-21,15
57,-21,15
57,-21,15
57,-21,14
58,-21,15
58,-21,15
57,-21,15
57,-21,15
57,-21,15
58,-21,15
58,-21,15
57,-21,15
57,-22,15
57,-22,15
57,-22,15
57,-22,15
57,-22,15
57,-22,15
57,-22,15
57,-22,15
57,-22,15
57,-22,15
57,-22,15
57,-22,15
57,-21,15
56,-22,15
56,-22,15
57,-21,15
57,-22,15
56,-22,15
56,-22,15
57,-22,15
57,-22,16
57,-22,16
57,-22,16
56,-22,15
56,-22,15
57,-22,15
57,-22,15
57,-22,16
57,-22,16
57,-22,16
57,-22,16
57,-22,16
57,-22,16
57,-22,16
57,-22,15
57,-23,15
57,-22,16
56,-22,16
57,-22,15
56,-22,15
56,-23,15
57,-23,15
56,-23,16
56,-22,15
56,-23,15
57,-23,15
57,-23,15
56,-23,15
57,-23,15
57,-23,15
56,-23,15
56,-23,15
57,-23,16
56,-23,15
56,-23,15
57,-23,15
57,-23,15
57,-22,15
57,-23,15
57,-23,16
57,-23,15
57,-23,15
57,-23,15
57,-23,15
57,-23,15
56,-23,15
56,-23,15
57,-23,15
56,-23,15
57,-23,15
57,-23,16
56,-23,15
56,-23,15
57,-23,15
57,-23,15
57,-23,15
56,-23,16
57,-23,15
57,-23,15
57,-23,15
57,-22,16
56,-23,16
56,-23,15
57,-22,15
57,-22,16
57,-22,16
56,-22,16
56,-22,16
56,-23,16
56,-23,15
56,-23,16
56,-22,16
56,-23,16
56,-23,16
56,-23,16
56,-23,15
56,-23,16
56,-23,16
56,-23,16
56,-22,16
56,-22,16
56,-23,16
56,-23,16
57,-23,16
56,-23,16
56,-23,16
56,-23,15
56,-23,15
57,-23,16
56,-22,15
56,-23,16
56,-23,16
57,-23,15
57,-23,16
57,-22,15
56,-22,16
57,-23,15
56,-23,15
56,-23,15
56,-23,15
56,-23,15
56,-23,15
56,-23,15
56,-23,15
57,-23,15
56,-23,15
56,-23,15
56,-23,15
56,-23,15
56,-23,15
56,-23,15
57,-23,15
56,-23,15
56,-23,15
56,-23,15
56,-23,15
56,-23,15
57,-23,15
57,-23,15
56,-23,15
56,-23,15
56,-23,15
56,-23,15
57,-23,15
56,-23,15
56,-23,15
57,-23,15
56,-23,15
56,-23,15
56,-23,15
57,-23,15
56,-23,15
56,-23,15
57,-23,15
56,-23,15
56,-23,15
56,-23,15
56,-23,15
56,-23,15
57,-23,16
56,-23,15
56,-23,15
57,-23,15
57,-23,15
56,-23,15
56,-23,15
56,-23,15
56,-23,15
57,-23,15
56,-23,15
56,-23,15
56,-23,15
56,-23,15
56,-23,15
56,-23,15
56,-23,15
56,-23,15
56,-23,16
56,-23,16
56,-23,15
56,-23,16
56,-23,15
56,-23,16
56,-23,15
56,-23,16
56,-23,16
56,-23,16
57,-22,16
56,-23,16
56,-23,16
56,-23,15
56,-23,15
57,-23,15
56,-23,16
56,-23,16
56,-23,15
56,-23,15
56,-23,16
56,-23,16
56,-23,16
56,-23,15
57,-23,15
56,-23,15
56,-23,15
56,-23,15
56,-23,15
57,-23,15
57,-23,15
57,-23,15
56,-23,16
57,-23,15
56,-23,15
56,-23,15
57,-23,15
57,-23,15
56,-23,15
56,-23,15
56,-23,15
57,-23,15
56,-23,15
57,-23,15
56,-23,15
57,-23,15
56,-23,15
57,-23,15
57,-23,15
56,-23,15
56,-22,15
57,-23,15
57,-23,15
57,-23,16
56,-23,15
56,-23,15
56,-23,15
56,-23,15
56,-23,15
57,-23,15
56,-23,15
56,-23,15
56,-23,16
57,-23,15
56,-23,15
56,-23,15
57,-23,15
57,-23,16
56,-22,15
56,-23,15
57,-23,16
57,-23,15
57,-23,15
56,-23,16
56,-23,16
56,-22,16
57,-23,16
56,-23,16
56,-23,15
56,-23,15
57,-23,16
56,-22,16
56,-22,15
56,-22,16
57,-22,16
57,-23,16
56,-22,16
56,-22,16
56,-22,16
57,-23,16
56,-23,16
57,-23,16
56,-23,16
56,-23,16
56,-23,16
56,-22,16
56,-22,16
56,-23,16
56,-23,16
56,-23,16
56,-23,16
56,-23,16
56,-23,16
56,-23,16
56,-23,16
56,-23,16
56,-22,16
56,-23,16
56,-22,16
56,-22,16
56,-22,16
56,-23,16
56,-22,16
56,-22,16
56,-22,16
57,-23,16
56,-22,16
57,-23,16
56,-23,16
56,-22,15
57,-23,16
56,-23,16
56,-22,16
56,-23,16
57,-23,16
57,-23,16
56,-22,16
56,-22,15
57,-22,16
57,-22,16
56,-22,16
56,-22,16
57,-23,16
57,-23,16
57,-22,16
57,-22,16
56,-22,16
56,-22,16
57,-22,16
57,-22,16
56,-22,16
56,-22,16
57,-22,17
56,-22,16
56,-22,16
56,-22,16
57,-23,17
56,-22,17
56,-22,17
56,-22,16
56,-23,16
56,-22,16
56,-22,17
56,-22,17
56,-23,16
56,-22,17
56,-22,17
56,-22,17
56,-22,17
56,-23,17
56,-23,17
56,-22,17
56,-22,17
56,-22,17
56,-22,17
56,-22,17
56,-22,17
56,-22,17
56,-23,17
56,-22,17
56,-22,18
55,-22,17
56,-22,17
56,-22,17
56,-22,17
56,-22,18
56,-22,17
56,-22,17
56,-22,17
56,-22,17
56,-22,17
56,-22,17
56,-21,17
56,-21,17
56,-21,17
56,-21,17
56,-21,17
56,-21,17
55,-21,17
55,-21,17
55,-22,17
56,-22,18
55,-22,18
56,-22,18
57,-22,19
57,-22,19
56,-23,18
56,-23,18
55,-23,18
56,-23,18
57,-23,17
57,-23,17
57,-22,17
56,-23,17
55,-24,16
54,-25,16
54,-26,16
54,-26,17
54,-26,17
54,-26,17
54,-26,17
55,-26,19
56,-26,19
56,-24,18
56,-23,17
56,-21,15
56,-21,14
55,-19,12
55,-19,12
56,-18,11
57,-17,11
58,-18,11
59,-19,12
63,-20,12
63,-19,11
60,-16,9
60,-14,8
62,-15,8
64,-16,8
65,-19,8
64,-21,9
63,-24,11
63,-29,15
61,-30,14
65,-30,19
67,-32,22
69,-22,22
58,-19,23
43,-25,26
76,-8,26
63,-7,19
54,-2,22
62,1,23
58,3,19
60,3,15
72,9,13
78,15,7
74,21,10
56,21,20
53,19,21
69,18,30
81,18,36
72,6,36
63,0,36
54,0,40
48,-2,37
57,6,40
62,8,44
48,10,35
40,20,23
43,25,21
40,25,16
46,26,14
50,22,14
46,19,13
44,23,13
48,23,11
52,23,14
54,22,15
50,19,20
50,21,23
46,21,18
46,21,19
50,26,39
56,21,50
49,27,33
42,28,30
44,25,34
46,25,35
42,25,29
47,27,26
50,29,19
51,26,19
54,24,17
57,27,21
55,39,20
62,15,12
58,24,3
57,26,2
60,27,-2
70,25,-6
73,22,-3
63,28,-6
61,30,-10
69,22,0
62,19,7
69,30,33
71,32,25
51,27,14
43,25,28
26,20,40
25,16,44
4,13,48
8,13,55
1,19,57
4,17,56
3,15,59
5,14,60
10,18,65
8,16,64
4,14,60
2,14,59
3,15,59
5,16,60
9,15,63
8,14,63
10,13,62
6,14,62
5,13,59
11,13,64
12,15,67
12,15,64
14,14,61
15,16,61
18,14,63
20,15,62
19,16,60
17,16,57
19,17,57
20,17,58
19,17,57
18,18,54
19,17,52
25,19,54
26,18,54
33,21,51
39,22,52
39,22,50
39,23,45
51,24,45
49,24,44
45,27,37
50,28,36
48,25,35
45,27,32
47,29,30
46,30,31
44,30,29
46,33,30
43,33,29
41,33,25
46,37,26
45,37,33
40,37,30
44,40,25
43,41,26
41,39,28
42,39,27
40,40,28
38,40,28
38,41,28
38,40,29
37,41,29
37,41,28
38,41,27
39,41,29
38,41,31
39,41,31
39,42,30
38,41,32
37,41,31
38,42,31
38,43,32
36,41,33
37,41,31
36,41,33
35,41,34
34,41,32
35,41,32
34,41,33
35,42,33
35,40,32
36,41,32
37,42,33
36,41,33
36,40,32
36,40,31
35,39,32
35,39,32
30,36,32
27,34,33
30,37,28
32,37,26
42,36,24
46,35,24
47,33,24
48,33,23
52,30,25
52,29,25
52,29,22
53,29,23
53,28,23
52,27,22
52,28,22
53,27,24
48,25,25
50,24,21
57,23,22
61,19,27
60,19,28
60,21,26
62,21,27
63,19,30
62,18,31
60,17,28
59,16,27
58,14,26
56,13,25
51,10,21
50,9,20
52,7,20
52,5,20
49,1,19
48,1,18
49,-2,16
50,-3,19
52,-2,21
55,-4,20
54,-8,19
56,-9,23
62,-9,34
72,-15,40
73,-13,44
67,-13,41
59,-14,40
54,-17,43
56,-13,44
46,-9,42
49,-12,39
65,-8,35
66,-7,37
48,-17,44
47,-23,42
45,-28,30
43,-27,23
64,-14,10
78,-20,16
39,-30,10
29,-36,10
32,-36,11
40,-33,-5
72,-23,-17
100,-21,-13
65,-16,-22
57,-16,-28
53,-17,-20
51,-18,-17
66,-20,-9
63,-14,-9
69,-16,0
70,-8,-6
66,-5,-9
43,3,-6
43,4,6
59,-9,3
55,-13,1
64,-43,3
60,-54,10
61,-61,6
52,-45,-4
62,-19,-4
55,-17,-7
55,-9,-3
60,-10,1
68,-11,13
75,-12,21
69,-16,11
60,-15,5
57,-19,2
58,-20,2
60,-19,3
60,-19,3
59,-18,3
59,-18,3
60,-19,4
60,-18,5
61,-18,5
61,-18,5
60,-18,5
60,-18,5
59,-19,4
59,-18,4
59,-19,5
60,-19,5
60,-19,5
59,-18,5
59,-18,5
60,-19,5
60,-18,5
60,-19,5
59,-19,5
59,-18,5
59,-19,5
60,-19,5
60,-19,5
60,-18,5
59,-18,5
59,-18,5
60,-18,5
60,-19,5
60,-19,5
60,-19,5
59,-19,5
58,-19,6
60,-19,7
60,-19,8
61,-19,8
60,-19,8
59,-19,7
58,-19,8
60,-20,8
60,-20,8
60,-22,8
59,-22,8
57,-22,7
57,-22,6
57,-23,6
57,-24,6
56,-23,5
60,-23,4
57,-22,3
55,-20,3
55,-16,1
57,-15,0
62,-14,-1
61,-13,-1
64,-12,-3
64,-11,-4
64,-11,-5
64,-11,-7
65,-11,-8
64,-13,-5
63,-15,-3
63,-17,-3
65,-18,-4
65,-17,-5
64,-15,-6
63,-14,-6
62,-14,-5
60,-13,-5
61,-13,-5
60,-13,-5
60,-13,-4
62,-13,-6
63,-14,-7
61,-14,-6
59,-13,-4
58,-14,-2
58,-14,-1
59,-16,1
61,-18,2
59,-23,3
57,-26,3
62,-33,4
62,-34,5
53,-29,5
51,-25,5
56,-22,6
59,-22,7
59,-23,6
59,-24,5
58,-21,3
56,-20,3
56,-19,1
55,-19,1
56,-19,1
56,-21,1
54,-21,2
55,-21,5
57,-21,6
61,-21,4
59,-23,3
58,-24,3
60,-21,4
63,-15,7
65,-14,5
83,-20,-3
84,-24,-2
66,-30,0
58,-27,-1
42,-20,-5
47,-18,-6
65,-21,-11
69,-24,-13
59,-24,-13
53,-23,-12
50,-19,-6
51,-17,-4
53,-14,1
56,-15,3
59,-16,6
57,-16,5
57,-16,2
58,-15,4
59,-15,5
62,-20,3
61,-24,3
71,-21,1
71,-20,0
91,-34,2
88,-35,5
58,-23,5
53,-22,1
47,-31,1
42,-38,0
45,-44,2
49,-35,4
40,-29,-1
41,-24,-1
46,-19,1
47,-19,2
53,-20,7
57,-19,10
58,-15,14
58,-13,13
55,-12,10
54,-11,10
64,-19,8
60,-21,6
65,-31,5
75,-31,5
95,-35,1
96,-32,1
60,-23,-1
49,-19,-5
55,-19,-6
68,-31,-9
65,-31,-10
47,-26,-15
43,-24,-13
42,-19,-5
45,-17,-2
49,-15,3
51,-16,5
55,-16,6
56,-16,6
58,-18,7
58,-18,9
63,-21,8
64,-24,6
77,-27,3
81,-28,1
91,-35,6
83,-34,9
48,-35,5
44,-33,4
39,-47,1
44,-45,2
41,-40,4
38,-26,3
41,-22,2
45,-18,1
46,-18,2
53,-21,9
58,-21,13
57,-16,16
55,-13,16
54,-9,14
57,-10,11
63,-16,3
61,-22,4
72,-24,13
83,-27,15
95,-27,2
94,-30,0
65,-29,-1
47,-26,-5
49,-30,-6
58,-33,-9
59,-33,-17
53,-32,-18
44,-28,-10
41,-25,-6
46,-19,0
48,-18,1
53,-17,3
55,-17,5
58,-15,8
58,-16,8
59,-15,9
61,-17,10
62,-20,8
62,-25,6
69,-25,7
66,-21,4
76,-27,5
88,-33,8
72,-28,10
54,-25,5
51,-28,5
46,-44,1
44,-48,-1
43,-39,1
37,-34,0
41,-23,0
44,-21,0
48,-19,4
50,-19,7
56,-18,13
60,-15,16
60,-13,15
54,-12,12
53,-13,9
59,-15,10
58,-22,6
57,-28,6
71,-24,12
90,-16,9
101,-18,3
78,-26,0
62,-26,0
47,-35,-4
54,-41,-6
60,-45,-14
49,-38,-16
40,-32,-11
39,-27,-6
43,-20,1
46,-18,1
56,-13,5
59,-13,9
62,-12,16
63,-12,14
57,-12,8
55,-12,8
62,-16,3
61,-23,2
60,-17,3
55,-14,2
94,-28,12
107,-37,10
61,-39,6
50,-36,5
45,-37,10
42,-44,8
43,-45,7
41,-32,6
42,-25,5
45,-19,4
46,-19,5
53,-18,8
58,-19,12
61,-15,17
54,-14,13
48,-13,11
49,-13,11
63,-17,12
60,-23,7
58,-28,9
69,-25,14
85,-13,17
103,-20,7
89,-36,-1
68,-34,4
33,-43,-2
45,-44,-2
62,-47,-11
54,-43,-13
39,-31,-9
39,-27,-4
43,-20,2
46,-17,3
51,-14,5
55,-13,11
56,-12,12
58,-12,11
58,-13,9
61,-15,7
66,-16,4
69,-22,8
70,-21,9
97,-36,15
97,-46,10
52,-48,7
36,-47,6
40,-55,4
40,-59,0
40,-44,0
38,-36,3
38,-25,4
38,-23,5
40,-24,4
44,-24,5
46,-23,6
48,-20,8
51,-15,13
56,-13,15
71,-20,13
82,-23,12
104,-22,0
98,-30,-2
78,-47,-11
44,-53,-9
46,-54,-12
51,-61,-20
46,-57,-22
46,-42,-15
47,-39,-13
47,-27,-9
46,-22,-9
45,-19,-7
45,-19,-7
44,-21,-6
43,-22,-6
42,-24,-6
44,-25,-5
50,-24,-4
52,-25,-4
59,-26,-3
61,-27,-2
72,-32,-1
82,-37,1
91,-43,2
90,-44,2
77,-40,2
57,-40,-1
34,-37,-3
36,-39,-1
37,-40,-3
35,-33,-5
37,-31,-5
40,-31,-4
43,-33,2
43,-29,7
43,-27,8
42,-21,6
42,-20,4
46,-16,3
47,-14,3
50,-12,8
54,-11,13
60,-12,16
61,-14,13
63,-23,4
66,-28,5
86,-47,10
90,-53,5
88,-52,-5
75,-42,-7
41,-30,-14
45,-27,-16
58,-25,-24
55,-23,-27
43,-23,-22
38,-25,-15
41,-24,9
47,-21,19
55,-20,0
51,-19,-7
59,-26,-3
65,-22,5
60,-19,4
54,-13,8
56,-13,9
57,-20,7
55,-22,5
69,-25,3
75,-25,9
83,-31,11
99,-33,4
66,-21,0
47,-15,2
44,-24,6
53,-32,7
49,-39,1
43,-33,-2
44,-20,-3
48,-15,-3
45,-11,-6
49,-12,-3
60,-18,12
65,-20,21
68,-21,20
58,-21,10
50,-20,5
50,-20,5
55,-20,7
60,-21,9
65,-25,8
66,-25,9
69,-23,13
90,-27,10
83,-32,7
46,-35,1
36,-33,-3
66,-28,-1
67,-27,-4
55,-30,-3
49,-30,2
46,-22,7
44,-20,6
46,-24,3
46,-26,2
45,-28,-1
45,-29,0
47,-32,3
46,-33,4
46,-32,6
48,-31,9
58,-33,11
62,-33,11
63,-34,15
65,-36,19
80,-44,16
76,-41,9
56,-40,3
43,-40,2
34,-41,0
36,-48,-2
44,-48,-2
47,-39,-2
48,-35,-2
49,-30,3
48,-28,6
50,-26,11
56,-24,14
57,-23,14
53,-21,12
48,-20,12
51,-19,12
53,-17,11
53,-15,9
50,-14,9
58,-17,10
76,-28,12
79,-42,8
97,-60,10
97,-40,12
64,-36,1
65,-29,-7
37,-19,-14
34,-21,-14
52,-28,-9
52,-32,-8
43,-35,-2
47,-27,4
48,-23,2
48,-19,-4
53,-17,-4
59,-14,1
58,-14,3
61,-16,5
57,-17,3
55,-17,2
57,-18,2
69,-25,2
75,-29,-2
78,-37,2
85,-39,10
96,-43,4
86,-39,0
58,-32,1
49,-29,1
42,-33,0
43,-35,0
39,-31,-7
34,-32,-7
36,-28,1
44,-25,1
43,-22,0
41,-25,0
47,-34,7
50,-33,10
41,-30,5
46,-22,4
50,-19,8
55,-14,18
60,-16,19
62,-20,10
58,-28,6
68,-30,3
79,-29,6
101,-38,-2
97,-37,2
58,-28,1
42,-32,-3
50,-35,-8
56,-39,-11
54,-41,-11
48,-36,-11
39,-31,-10
37,-26,-9
41,-20,-4
44,-18,-2
51,-16,0
53,-16,1
53,-17,4
54,-18,5
55,-20,5
53,-20,5
58,-26,2
64,-30,1
77,-34,0
86,-40,0
92,-46,0
79,-44,4
71,-38,5
55,-30,2
44,-33,2
33,-42,-1
32,-46,-5
34,-45,-8
33,-40,-7
33,-30,-3
36,-27,-1
41,-24,3
41,-23,5
45,-21,7
48,-19,9
57,-17,15
57,-15,14
52,-17,8
52,-18,8
64,-27,10
74,-34,9
84,-35,6
88,-35,4
92,-37,0
82,-37,6
44,-35,-2
43,-34,-4
52,-36,-8
53,-33,-15
51,-32,-16
40,-26,-14
36,-23,-12
37,-18,-6
42,-17,-2
52,-19,2
55,-20,5
53,-19,7
54,-18,6
56,-20,3
57,-20,4
57,-23,4
58,-26,3
70,-33,4
80,-38,3
90,-42,-1
89,-44,-2
76,-34,4
70,-30,5
48,-29,3
36,-37,1
35,-42,-4
35,-44,-6
32,-40,-8
34,-37,-6
38,-30,-4
43,-28,-1
47,-28,2
51,-30,7
50,-29,8
50,-25,9
53,-23,11
58,-19,12
56,-16,11
53,-14,7
53,-13,7
55,-17,10
54,-21,6
59,-29,7
66,-33,6
75,-34,1
86,-39,-1
86,-41,1
70,-30,2
55,-28,-7
62,-23,-6
48,-22,-8
47,-23,-8
51,-27,-8
49,-29,-10
48,-29,-10
48,-27,-8
47,-23,-4
49,-20,-1
53,-15,4
58,-17,4
59,-19,1
58,-19,3
60,-17,2
60,-14,1
60,-11,4
59,-18,6
56,-21,3
77,-33,8
90,-39,9
98,-47,7
86,-42,4
56,-28,0
48,-23,1
40,-31,3
39,-38,2
39,-44,-7
40,-39,-7
39,-29,-6
37,-27,-6
39,-26,-2
44,-27,1
49,-29,9
52,-27,14
65,-24,18
60,-21,12
50,-20,4
51,-20,7
55,-21,9
58,-24,8
62,-24,6
74,-23,2
86,-23,5
87,-36,2
82,-46,-11
70,-45,-1
54,-45,0
36,-35,-5
45,-31,-7
52,-27,-14
52,-27,-16
45,-28,-12
42,-25,-9
42,-20,-4
45,-19,-2
54,-20,3
58,-21,3
53,-17,0
51,-16,-2
53,-17,0
53,-18,1
58,-22,3
62,-25,4
72,-29,1
77,-30,-1
84,-31,1
89,-34,8
95,-41,13
60,-34,-1
50,-29,-3
48,-31,-3
52,-39,-5
36,-44,-8
32,-36,-7
39,-24,-2
40,-24,-1
38,-23,0
39,-22,1
43,-23,4
44,-25,6
47,-25,8
48,-23,10
54,-20,14
53,-17,14
57,-20,11
65,-23,12
71,-32,7
76,-33,6
92,-38,3
93,-41,-1
70,-39,2
49,-38,0
42,-33,-5
49,-37,-8
56,-37,-14
52,-36,-12
42,-30,-10
40,-22,-6
43,-19,-4
51,-16,0
54,-15,2
53,-14,4
53,-15,5
54,-17,4
55,-18,5
54,-18,6
57,-21,6
62,-26,5
65,-28,4
73,-29,0
78,-32,2
99,-49,5
89,-50,10
65,-35,6
59,-28,2
42,-27,1
37,-32,1
35,-42,-3
36,-44,-5
37,-37,-3
38,-33,-2
41,-26,0
43,-25,1
46,-27,7
49,-29,9
49,-28,10
52,-25,12
52,-24,11
50,-21,9
51,-20,9
60,-21,9
63,-22,9
61,-24,8
61,-24,8
74,-27,10
88,-36,5
82,-48,-4
72,-52,-1
68,-38,4
57,-40,1
37,-44,-6
39,-49,-4
66,-56,4
61,-55,4
45,-46,9
47,-41,15
49,-31,13
61,-24,11
44,-4,15
41,0,16
60,2,10
51,4,2
55,10,3
54,18,0
70,16,-9
60,18,-8
61,15,3
78,0,20
78,-6,31
56,-17,48
42,-20,53
52,-37,65
48,-38,65
26,-39,60
20,-36,62
20,-37,59
11,-37,58
-3,-24,56
5,-23,60
12,-19,60
-2,-17,52
-11,-10,50
6,-8,59
-9,2,53
-9,1,52
-4,2,57
2,1,61
-2,1,58
-1,1,59
0,7,61
-7,9,59
-6,6,59
-2,8,64
0,12,63
3,26,63
2,24,62
7,15,67
10,7,73
16,7,74
11,5,67
29,-24,73
13,7,65
24,-1,70
12,-3,60
35,3,37
58,10,42
56,12,34
56,16,26
57,24,14
55,28,3
56,32,-10
54,29,-16
60,30,-25
54,30,-20
46,36,-1
55,45,3
57,48,6
50,42,12
54,38,34
45,35,44
39,27,44
27,2,43
2,4,39
-22,10,56
-16,17,55
-5,17,54
-8,15,58
-8,23,65
-12,23,57
-28,28,45
-46,20,34
-11,15,53
-12,14,57
-16,11,55
-18,9,54
-31,6,50
-20,15,56
-6,4,65
-13,2,65
-16,12,68
-13,14,69
-18,18,67
-19,11,70
-15,11,72
-7,7,75
-16,7,70
-11,7,68
-14,14,62
-7,4,60
-5,5,61
-6,7,64
-9,4,64
-8,5,66
-10,5,67
-10,10,64
-7,14,63
-25,16,52
-12,22,61
-11,19,55
-11,17,55
-20,19,54
-12,23,56
-8,23,58
-10,22,59
-9,27,64
-14,22,67
-28,18,60
-21,7,68
3,5,80
-4,9,77
11,6,50
31,-18,71
-34,6,47
-2,0,59
-5,2,57
-2,4,58
-4,6,62
-8,8,62
-8,4,60
-10,7,60
-8,8,61
-8,7,62
-2,6,64
-4,4,62
-4,5,63
-5,4,66
-3,2,66
-3,4,67
-2,3,68
-3,0,70
-4,-1,68
-4,-2,66
-5,0,67
-9,4,64
-7,6,62
-5,5,62
-5,4,64
-4,5,63
-5,4,60
-6,6,59
-8,6,60
-5,7,61
-6,7,62
-6,5,66
-7,5,67
-7,4,65
-6,4,67
-6,4,67
-5,5,67
-5,1,64
-8,2,59
-6,2,60
-6,4,61
-7,5,60
-9,5,63
-11,5,64
-8,3,60
-5,3,63
-12,2,66
-11,4,64
-9,6,65
-7,6,67
-6,5,64
-8,5,63
-8,6,67
-10,13,74
9,-9,67
-14,5,58
-17,3,58
-13,7,60
-6,6,61
-5,7,60
-10,6,61
-13,4,62
-11,8,63
-11,6,62
-13,8,62
-12,10,61
-11,9,62
-11,9,62
-11,8,62
-12,10,61
-10,12,61
-10,14,61
-11,15,61
-8,16,60
-7,17,61
-8,18,62
-7,18,63
-6,16,64
-7,15,65
-8,10,68
-8,7,69
-3,9,69
0,7,69
5,-4,68
4,-5,66
1,4,61
0,4,59
4,2,59
6,2,61
5,1,62
7,4,62
5,5,63
3,4,61
1,6,60
6,5,62
4,3,62
3,5,62
3,7,62
5,3,64
5,2,63
2,2,62
3,3,64
7,4,65
9,4,68
9,3,73
12,6,75
16,7,79
19,6,79
25,2,78
25,1,78
25,7,68
27,8,65
26,8,61
24,9,58
21,9,55
21,10,56
16,9,51
13,8,48
13,5,47
12,7,47
11,9,48
12,12,52
12,14,55
6,14,58
2,14,59
15,17,64
16,16,63
10,13,61
7,7,59
36,-27,58
50,-40,57
47,-40,45
56,-42,44
61,-34,38
51,-29,35
47,-28,39
54,-20,43
63,-17,44
63,-18,45
48,-16,44
45,-12,43
44,-6,39
40,-5,34
39,-3,28
45,2,30
48,-11,25
59,-17,26
46,-19,21
41,-28,20
52,-29,20
92,-32,22
86,-33,19
59,-34,11
48,-28,2
79,-21,-1
79,-29,0
36,-26,-27
49,-26,-30
62,-12,-14
50,-14,-22
31,-3,-8
37,-2,-6
43,3,3
37,-1,2
47,-16,8
60,-13,12
72,-31,12
76,-47,9
92,-69,-6
107,-78,-4
109,-59,5
77,-49,5
27,-31,-3
31,-26,-4
47,-26,-1
36,-28,-5
35,-24,-6
40,-19,-2
43,-17,0
35,-18,3
34,-19,5
39,-24,5
41,-27,4
50,-32,1
58,-34,2
66,-34,4
67,-31,4
73,-32,1
78,-36,-4
112,-45,-6
109,-40,-9
47,-25,-8
37,-17,-8
60,-10,-6
63,-15,-5
53,-21,-7
50,-22,-8
42,-21,-7
37,-21,-7
33,-18,-4
34,-16,-3
41,-15,-1
45,-16,0
56,-19,1
62,-22,1
82,-28,1
107,-34,5
105,-37,6
93,-47,3
78,-44,1
36,-30,-3
29,-27,-5
42,-31,-4
43,-34,-5
36,-33,-8
37,-29,-6
37,-23,-2
37,-21,0
40,-20,4
41,-21,4
46,-24,4
49,-25,3
52,-25,0
53,-26,1
63,-29,2
73,-30,2
81,-26,-4
90,-30,-5
108,-45,-6
84,-37,-7
40,-28,-4
48,-29,-3
56,-31,-4
49,-33,-8
46,-30,-12
43,-27,-9
43,-24,-6
41,-17,-3
41,-15,-3
43,-16,-2
45,-18,-1
46,-20,0
48,-19,1
48,-14,-1
51,-12,-1
70,-17,2
77,-22,3
83,-34,4
88,-43,5
107,-59,3
107,-57,3
65,-45,-3
50,-35,-4
32,-30,-5
35,-34,-6
37,-41,-10
31,-42,-12
28,-40,-8
35,-38,-3
40,-34,-1
42,-32,0
39,-30,0
36,-26,0
36,-25,0
40,-24,-1
43,-24,0
49,-23,6
51,-23,10
55,-22,15
56,-21,14
61,-19,10
61,-18,6
68,-28,7
82,-36,5
104,-52,-4
91,-51,0
35,-30,7
23,-29,-2
55,-30,-9
62,-39,-13
57,-44,-13
48,-38,-11
44,-27,-4
43,-22,-3
51,-21,-3
54,-21,-2
58,-21,1
57,-20,2
56,-16,3
54,-10,5
54,-9,7
61,-9,11
65,-13,14
63,-19,9
64,-22,10
69,-30,12
84,-41,10
86,-55,4
58,-50,2
32,-40,-4
28,-44,-5
35,-51,-6
45,-49,-5
50,-36,0
48,-30,1
44,-26,5
48,-25,7
55,-22,10
54,-20,7
51,-21,3
50,-23,4
53,-24,7
53,-24,7
56,-22,7
63,-23,8
83,-37,3
93,-46,-3
97,-55,-3
67,-50,-4
49,-39,-7
44,-33,-10
51,-34,-11
51,-36,-9
51,-34,-7
52,-23,-8
48,-19,-8
42,-18,-9
41,-18,-7
40,-19,-3
39,-21,-1
37,-23,0
39,-23,0
51,-19,-1
59,-20,0
81,-30,4
81,-37,5
87,-50,4
103,-56,2
94,-55,-5
64,-50,-7
31,-30,-1
31,-24,-3
45,-34,-9
46,-36,-12
37,-33,-13
35,-28,-10
35,-23,-2
35,-22,2
38,-22,6
40,-23,6
41,-24,5
44,-27,4
49,-28,2
53,-27,2
56,-26,3
68,-31,5
65,-35,-1
86,-32,-2
96,-39,3
100,-54,-6
77,-44,-10
44,-24,-5
43,-21,-5
53,-25,-4
47,-24,-6
42,-21,-8
39,-19,-7
38,-16,-4
38,-15,-3
41,-15,-3
43,-17,-2
45,-19,-2
47,-21,-2
58,-24,-2
69,-27,-1
94,-39,1
99,-50,2
100,-54,1
76,-50,-5
55,-40,-6
31,-24,-6
34,-25,-5
43,-35,-6
39,-37,-7
36,-27,-4
36,-24,-3
38,-22,0
35,-21,1
38,-22,4
41,-23,4
43,-24,1
48,-26,0
60,-28,-1
69,-28,1
73,-33,1
76,-34,-2
84,-40,-4
103,-49,-1
72,-38,-6
52,-28,-6
46,-20,-7
57,-22,-6
51,-23,-5
48,-22,-7
44,-17,-7
41,-18,-5
39,-17,-4
38,-16,-2
39,-17,-1
44,-21,-2
47,-23,-2
59,-25,-2
68,-26,-1
79,-31,1
82,-34,3
94,-45,0
99,-49,-1
77,-51,-6
61,-45,-6
36,-32,-6
34,-29,-6
43,-36,-7
40,-36,-8
38,-28,-7
40,-25,-6
38,-21,-2
37,-21,2
40,-21,8
39,-21,6
38,-22,1
42,-22,0
56,-28,-1
69,-29,-2
69,-33,-1
83,-33,0
83,-35,-1
95,-49,-1
79,-44,-5
41,-32,-8
45,-30,-7
62,-34,-3
57,-34,-6
51,-26,-11
51,-25,-11
48,-28,-7
46,-28,-5
41,-26,-3
38,-26,-3
35,-24,-3
34,-22,-3
35,-18,-3
40,-16,-2
50,-13,1
55,-15,4
69,-22,3
79,-30,0
110,-56,0
116,-59,4
91,-55,1
71,-49,-2
36,-33,-4
32,-36,-6
47,-44,-6
34,-47,-14
29,-40,-15
36,-35,-9
38,-37,-6
36,-36,-1
36,-33,1
38,-30,2
36,-31,2
39,-32,1
40,-32,1
43,-31,1
45,-30,1
47,-29,5
48,-27,8
51,-25,12
52,-24,12
53,-21,10
54,-20,10
56,-21,6
58,-24,7
65,-26,9
72,-28,6
94,-45,3
83,-51,5
32,-44,1
26,-41,-8
56,-49,-10
60,-48,-14
53,-40,-11
44,-27,-6
41,-24,-6
48,-24,-6
53,-28,-5
60,-30,-3
59,-26,-4
54,-15,-3
53,-12,-3
56,-10,2
61,-8,6
66,-8,9
67,-10,10
61,-19,11
64,-23,11
74,-30,17
81,-36,15
83,-47,2
67,-45,-2
46,-34,-4
46,-39,-3
35,-52,-10
32,-45,-17
39,-40,-12
43,-38,-7
46,-33,1
45,-30,4
57,-27,10
57,-22,7
55,-20,1
55,-22,1
51,-25,2
51,-26,7
52,-29,6
84,-40,4
85,-46,-5
103,-59,-6
82,-48,-8
46,-36,-7
43,-29,-8
53,-28,-13
53,-30,-14
53,-30,-15
49,-26,-13
40,-22,-9
38,-20,-8
40,-19,-3
42,-19,-1
44,-20,1
44,-22,0
47,-23,-1
50,-23,0
63,-25,-1
76,-28,-2
97,-36,-3
96,-38,-3
92,-46,0
73,-41,-2
54,-36,-3
28,-29,-6
33,-36,-6
43,-46,-4
35,-43,-5
34,-28,-2
39,-23,0
44,-24,0
42,-22,2
42,-20,6
44,-19,7
48,-24,4
48,-28,3
47,-30,3
47,-29,3
52,-27,4
53,-26,4
67,-29,6
77,-36,5
84,-48,0
99,-60,3
82,-48,-2
61,-40,-1
44,-22,-2
51,-22,-2
50,-30,-4
42,-25,-11
39,-22,-12
42,-20,-9
43,-20,-7
41,-18,-2
41,-18,0
43,-20,3
46,-20,3
51,-22,3
58,-24,2
74,-29,4
80,-32,5
102,-39,3
103,-40,3
86,-44,0
71,-44,-3
34,-35,-10
26,-34,-11
36,-39,-5
36,-38,-4
33,-31,-4
38,-27,-2
42,-19,0
40,-17,0
40,-17,3
44,-20,6
49,-22,7
50,-24,5
56,-28,2
64,-29,-1
72,-30,3
72,-30,-2
81,-35,-3
110,-54,-2
82,-41,-7
43,-26,-8
40,-21,-9
55,-25,-6
54,-28,-6
52,-26,-10
45,-23,-9
39,-18,-5
38,-17,-3
38,-17,1
38,-18,2
41,-21,0
44,-23,-2
54,-26,-4
66,-29,-3
92,-37,0
93,-38,2
95,-48,3
102,-48,4
73,-44,-3
50,-39,-7
26,-31,-4
31,-30,1
37,-34,-1
38,-32,-2
40,-27,-1
39,-22,-1
40,-21,0
40,-20,1
41,-21,2
42,-24,6
40,-25,6
44,-28,4
48,-31,4
61,-34,3
71,-37,4
82,-39,7
82,-37,6
90,-43,2
77,-39,2
47,-32,3
46,-34,-1
59,-39,-8
51,-34,-11
49,-27,-4
50,-25,0
49,-21,4
49,-18,4
42,-14,4
40,-13,2
42,-17,0
42,-18,-1
42,-21,-2
49,-21,1
53,-19,2
62,-18,1
64,-16,1
70,-19,5
74,-26,8
85,-41,8
94,-50,5
101,-60,-1
86,-57,-4
59,-40,-7
44,-35,-6
30,-31,-6
35,-29,-5
33,-33,-9
31,-35,-10
37,-37,-7
39,-37,-6
44,-34,-1
45,-32,2
44,-30,4
43,-28,5
42,-26,3
42,-25,2
45,-24,1
47,-23,1
52,-21,7
55,-22,13
60,-21,18
57,-19,12
55,-20,8
55,-24,8
56,-24,11
61,-23,11
70,-25,9
92,-34,2
89,-40,3
58,-38,6
47,-31,-1
46,-27,-11
49,-30,-14
51,-33,-14
51,-36,-10
49,-34,-1
48,-30,1
51,-23,-1
54,-21,-2
54,-24,-4
56,-27,-4
64,-28,-1
62,-25,1
57,-18,1
55,-16,2
58,-12,5
59,-11,5
61,-11,5
61,-14,7
62,-17,7
62,-23,10
63,-25,13
80,-36,12
88,-43,7
65,-52,-2
53,-48,-5
30,-43,-1
29,-48,0
43,-48,-7
48,-41,-5
51,-26,-1
49,-25,0
48,-31,6
50,-32,7
52,-31,9
53,-29,10
54,-25,10
54,-25,9
53,-22,8
53,-21,8
49,-23,10
50,-26,11
52,-28,10
51,-26,9
51,-28,10
52,-29,8
58,-35,8
62,-41,4
63,-36,2
75,-45,3
79,-47,1
78,-48,-1
67,-48,-4
48,-43,-13
46,-42,-14
54,-39,-11
54,-40,-9
54,-37,-10
56,-31,-9
52,-22,-8
47,-19,-7
43,-17,-5
42,-16,-4
41,-19,-2
41,-20,-1
43,-26,-1
45,-28,-2
48,-28,-3
51,-28,-4
59,-28,-3
63,-29,-3
74,-35,1
81,-40,3
96,-54,3
93,-56,1
62,-50,-6
51,-44,-6
37,-36,-5
35,-36,-8
39,-37,-8
41,-34,-6
40,-31,-4
43,-27,0
45,-26,1
39,-22,3
37,-21,4
36,-23,5
36,-25,4
40,-29,3
41,-31,2
52,-35,4
58,-33,6
57,-25,8
59,-29,6
73,-45,4
79,-44,-2
96,-55,4
100,-59,3
62,-42,-3
47,-31,-4
45,-18,-4
51,-29,-5
51,-31,-5
50,-29,-7
45,-22,-7
45,-18,-4
43,-16,-3
42,-17,-1
43,-18,1
43,-22,1
44,-23,0
50,-25,-1
56,-25,-1
75,-36,-2
85,-45,-3
93,-53,-2
101,-57,-1
81,-53,-1
63,-44,-2
33,-25,-1
29,-22,0
38,-35,-4
37,-36,-5
40,-28,-4
42,-24,-4
43,-24,2
42,-26,7
40,-25,7
37,-26,4
32,-29,-1
33,-31,-2
41,-31,0
43,-30,2
69,-31,11
72,-39,3
73,-41,-2
75,-43,-3
82,-55,-3
71,-55,-4
51,-43,-5
42,-35,-4
50,-39,-5
47,-42,-9
49,-36,-7
47,-29,-4
45,-25,-4
42,-22,-1
42,-21,2
41,-20,3
39,-21,2
45,-27,1
48,-33,2
49,-46,10
52,-49,12
72,-58,14
82,-57,12
83,-46,17
89,-56,11
116,-21,17
112,-13,17
79,-7,10
56,3,-3
43,-1,-13
48,4,-3
46,-3,-7
79,-11,9
72,-17,19
12,-13,24
5,-14,35
48,-19,51
45,-15,51
20,-17,46
21,-19,47
7,-17,53
13,-21,57
6,-29,59
-9,-19,72
-14,-13,70
35,5,83
17,0,78
19,5,72
29,4,69
31,1,69
23,1,66
18,2,63
14,6,60
9,8,57
-2,19,53
-14,22,50
-2,12,45
-5,10,42
-19,13,39
-20,8,37
-16,12,44
-25,13,50
-33,10,56
-35,7,65
-35,10,66
-37,4,70
-29,0,74
-23,-3,80
-19,-8,82
-15,-21,71
0,-9,73
-9,-33,65
-11,-25,63
-8,-23,65
-18,-29,57
-26,-20,50
-16,-21,52
-17,-16,50
-19,-7,56
-24,-9,41
-20,-9,37
-26,-11,40
-29,-3,44
-25,0,46
-27,0,45
-38,6,42
-41,4,47
-29,2,54
-33,4,53
-28,4,55
-24,-2,69
-33,0,70
-47,15,77
-39,2,57
-29,5,71
-30,11,69
-34,-1,56
-18,2,59
-7,10,54
-22,8,51
1,13,57
-15,4,57
-18,6,54
-18,0,57
-17,2,60
-15,3,62
-16,3,62
-16,6,62
-19,6,62
-20,8,60
-24,4,61
-23,2,62
-21,-1,63
-22,-2,63
-24,-3,64
-29,-5,60
-33,-5,56
-26,-8,63
-23,-13,68
-20,-22,63
-23,-16,57
-26,-6,52
-24,-5,52
-20,-6,54
-20,-9,55
-18,-13,60
-19,-12,60
-22,-8,59
-24,-7,58
-24,-10,58
-26,-9,59
-27,-12,60
-24,-15,62
-21,-14,64
-23,-12,63
-25,-6,62
-24,-6,61
-21,-6,57
-21,-7,57
-20,-9,55
-21,-6,55
-18,-8,62
-19,-4,58
-21,-7,60
-24,-7,64
-25,-6,62
-25,-5,59
-25,-4,60
-28,-6,62
-23,-12,65
-20,2,70
-17,-6,67
-32,-8,54
-34,-7,54
-28,-8,55
-25,-5,57
-25,-6,56
-28,-6,56
-29,-6,56
-30,-5,55
-28,-5,59
-28,-4,60
-28,-3,59
-29,-2,58
-29,-1,59
-27,1,58
-25,3,58
-25,5,58
-24,7,58
-23,7,58
-25,8,56
-24,10,56
-24,8,58
-26,6,57
-27,6,57
-25,5,57
-26,6,57
-27,8,58
-27,8,58
-28,3,58
-28,0,58
-27,-1,58
-27,-2,58
-26,-7,57
-27,-11,56
-24,-7,58
-24,-6,59
-22,-8,61
-23,-10,61
-25,-10,60
-24,-10,60
-24,-9,60
-25,-8,59
-25,-5,58
-24,-5,59
-25,-4,60
-24,-5,59
-22,-5,61
-21,-3,61
-20,-4,60
-20,-3,59
-20,-2,58
-22,-2,58
-23,-1,58
-21,1,59
-23,2,59
-22,2,59
-22,3,60
-21,4,60
-19,5,60
-18,4,62
-17,4,63
-16,4,63
-16,3,63
-18,2,64
-18,2,64
-18,3,66
-17,2,67
-17,1,68
-16,1,68
-16,2,65
-16,2,65
-15,4,63
-15,3,62
-15,2,62
-15,2,62
-15,0,61
-15,-3,60
-14,-3,59
-12,-3,60
-12,-3,60
-15,-3,60
-13,-5,62
-7,-9,65
-9,-8,65
-9,-4,63
-7,-3,63
-9,0,64
-10,1,63
-9,4,63
-10,3,63
-10,2,64
-10,2,64
-10,1,63
-10,1,63
-9,1,64
-7,0,64
-8,0,63
-7,1,63
-3,0,65
-2,-1,66
-3,0,65
-1,0,65
-1,0,64
-3,1,64
-4,3,61
-5,4,61
-5,4,60
-6,4,60
-6,3,55
0,1,52
0,-1,49
-11,-2,38
-15,-3,32
5,-5,25
24,-11,25
68,-19,34
67,-17,30
74,-25,13
86,-26,10
87,-24,8
76,-22,4
70,-22,9
68,-24,12
57,-30,12
55,-29,12
50,-37,4
46,-40,-4
31,-49,-8
24,-60,-6
17,-62,7
11,-94,3
37,-101,8
33,-95,4
26,-68,1
27,-70,4
30,-65,5
27,-66,2
25,-56,2
23,-54,7
23,-53,9
22,-56,13
20,-58,14
18,-60,14
18,-61,16
17,-65,20
17,-66,20
15,-67,22
12,-67,22
-7,-62,16
-13,-57,12
10,-58,9
11,-58,7
21,-57,7
19,-57,6
13,-56,4
11,-57,3
10,-56,1
12,-56,1
16,-61,2
18,-64,2
20,-68,3
20,-70,3
18,-72,2
17,-71,2
16,-67,4
16,-66,4
17,-64,5
17,-61,5
19,-60,6
20,-58,7
20,-57,7
21,-58,6
20,-59,5
20,-59,5
20,-58,5
20,-56,5
20,-59,5
18,-67,6
16,-64,6
15,-59,6
15,-61,8
15,-67,8
13,-67,7
11,-66,6
10,-65,6
11,-63,7
12,-63,8
12,-61,10
12,-60,11
12,-59,12
11,-59,11
11,-58,10
13,-57,11
19,-57,13
24,-59,12
28,-59,12
29,-60,15
28,-59,16
23,-59,13
20,-59,11
17,-60,7
16,-61,6
15,-61,4
14,-61,4
14,-59,5
16,-59,6
18,-60,8
17,-60,9
17,-58,8
18,-59,9
17,-59,11
16,-60,12
14,-62,15
12,-62,16
9,-61,16
8,-62,15
10,-62,12
10,-61,12
12,-61,14
16,-62,12
31,-60,19
37,-58,21
44,-61,20
41,-61,18
43,-57,15
54,-58,12
55,-58,13
50,-53,9
52,-51,8
57,-45,10
57,-43,10
57,-36,9
57,-33,11
54,-23,13
55,-20,13
56,-15,18
54,-12,17
53,-7,14
57,-2,17
54,3,15
55,5,11
59,8,-1
70,9,5
57,-6,8
51,-1,3
56,11,-8
59,17,-9
51,15,-8
53,13,-12
56,14,-13
56,15,-13
58,15,-19
62,18,-24
60,16,-25
55,13,-31
53,19,-32
51,24,-36
49,23,-38
47,29,-39
50,29,-32
46,28,-41
49,27,-40
48,21,-35
47,23,-32
40,27,-36
41,26,-39
40,25,-34
42,26,-29
39,26,-30
40,27,-32
45,27,-25
45,27,-22
43,27,-23
44,29,-25
42,31,-27
41,33,-27
49,30,-29
50,29,-30
54,28,-21
53,29,-20
55,31,-22
51,30,-24
52,28,-26
53,26,-21
51,26,-20
51,26,-23
51,27,-23
46,25,-21
49,25,-21
53,23,-16
53,23,-15
57,26,-14
58,27,-15
59,24,-20
60,23,-19
62,26,-16
62,26,-15
62,27,-18
61,27,-18
65,18,-19
61,22,-20
57,23,-23
52,20,-26
48,20,-44
48,24,-48
45,24,-37
40,26,-34
34,42,-26
36,46,-23
34,50,-13
34,50,-12
32,50,-17
33,47,-13
33,46,-12
32,45,-15
34,44,-16
36,45,-16
36,45,-14
37,44,-16
38,44,-18
40,44,-17
41,43,-15
42,41,-18
41,42,-17
41,42,-15
41,42,-20
43,41,-18
43,40,-17
42,37,-25
44,39,-21
43,38,-22
44,37,-26
47,38,-25
47,37,-24
46,37,-25
50,34,-26
54,35,-25
53,33,-25
52,32,-26
52,31,-28
53,31,-28
50,30,-27
51,30,-28
49,31,-29
46,29,-28
53,26,-27
54,25,-26
48,26,-31
48,24,-32
51,22,-29
53,20,-26
59,23,-27
52,20,-26
50,19,-28
57,25,-29
57,20,-25
53,19,-27
58,18,-28
58,20,-25
56,19,-22
52,17,-22
58,16,-22
60,18,-20
56,22,-18
51,22,-19
54,23,-16
55,25,-14
52,22,-14
52,22,-13
52,19,-17
57,20,-15
58,21,-16
61,21,-15
62,18,-17
60,21,-18
59,16,-16
63,18,-24
60,20,-25
54,21,-19
57,18,-19
54,21,-19
59,22,-17
59,19,-18
55,19,-19
57,17,-20
63,25,-19
56,13,-10
65,12,-9
68,17,-14
64,15,-13
56,17,-7
62,12,-1
57,23,-11
49,19,-9
60,21,3
57,18,-4
55,18,-11
50,20,-4
54,18,1
73,23,4
75,10,-3
73,14,3
72,10,4
66,10,2
67,11,11
69,14,23
69,24,26
81,30,27
67,37,30
-9,1,25
26,19,43
22,9,54
14,15,51
10,13,48
8,9,51
9,6,59
7,7,60
-1,4,61
-1,2,62
1,0,65
-6,0,63
-3,1,63
-1,1,64
-4,-3,64
-16,-13,57
-8,-6,68
-3,0,64
-2,1,61
-3,-3,67
-4,-6,65
-5,-4,64
-4,-4,63
0,-1,64
-1,-3,62
-4,-2,64
-4,-2,64
-1,-4,65
-1,-5,65
-5,-8,64
-3,-7,65
0,-3,64
1,-3,62
-1,-4,61
0,-4,63
0,-5,63
-1,-5,63
0,-5,63
-2,-4,63
1,-4,64
-1,-5,62
0,-6,65
1,-7,65
1,-8,66
-3,-4,63
-3,-2,62
-4,-3,60
-2,-2,62
7,1,60
8,0,58
21,-1,54
30,-1,57
36,2,46
45,3,38
64,5,28
67,6,27
67,-12,28
49,26,21
69,5,9
66,5,4
65,1,1
65,4,-3
66,6,-7
67,6,-7
60,4,-9
62,6,-12
63,7,-9
63,8,-10
62,5,-6
64,5,-7
68,8,-8
62,6,-6
63,5,0
65,5,5
65,5,5
60,3,5
55,4,4
60,1,9
60,5,6
63,0,6
62,0,7
61,2,3
59,0,1
61,1,3
63,0,5
62,1,1
65,-1,0
64,-4,-2
65,-4,-2
65,0,-3
68,-3,-2
74,-1,0
72,-2,3
62,-11,4
66,-2,5
54,-5,5
59,-2,7
55,-7,8
56,-5,9
59,-9,11
58,-6,8
63,-1,8
61,-12,5
59,1,6
67,-2,5
68,-15,5
62,-7,2
62,-5,2
68,-10,4
65,-7,4
64,-11,4
62,-6,2
65,-8,6
65,-10,5
68,-8,7
68,-8,7
71,-4,14
78,-14,14
24,-1,25
47,-15,22
48,-19,26
59,-18,31
37,-2,27
34,-27,27
55,-18,35
63,-16,38
57,-12,35
42,-15,30
62,-21,40
86,-25,33
-22,-17,35
51,-18,51
52,-19,57
43,-22,56
38,-19,58
12,-11,56
13,-11,60
13,-7,58
10,-5,56
-2,-5,54
-8,-5,54
-16,-11,53
-14,-15,53
-3,-13,60
-6,-14,60
-12,-13,61
-7,-12,59
-8,-12,61
-2,-8,65
-12,-10,62
-10,-12,64
-8,-6,70
-9,-14,65
-9,-11,62
-7,-10,63
-2,-9,65
-4,-9,65
-3,-9,63
-2,-9,63
-4,-7,60
-5,-4,57
-4,-4,56
-3,-4,57
-3,-4,57
-3,-5,59
1,-6,60
-2,-5,60
-1,-6,62
1,-8,64
0,-8,63
0,-8,63
0,-7,63
2,-7,63
2,-7,63
5,-8,64
9,-9,65
9,-12,64
13,-15,63
15,-17,67
15,-20,68
17,-24,64
6,-32,57
8,-29,52
7,-29,52
24,-29,48
23,-28,45
32,-24,54
36,-25,52
31,-21,42
41,-23,37
32,-20,34
45,-22,42
38,-22,35
35,-10,10
78,-24,32
67,-13,14
73,-13,14
59,-16,10
51,-16,2
75,-12,2
65,-15,-4
58,-20,-12
58,-21,-17
65,-18,-22
63,-17,-22
59,-12,-24
62,-17,-20
52,-20,-26
55,-21,-28
50,-28,-28
57,-14,-23
52,-16,-22
53,-14,-21
53,-18,-23
54,-16,-21
53,-16,-19
51,-15,-19
55,-17,-16
53,-21,-20
58,-21,-18
57,-20,-22
55,-18,-21
63,-29,-24
55,-33,-31
61,-25,-28
61,-19,-20
51,-24,-20
51,-23,-21
41,-22,-35
56,-27,-28
42,-64,-78
-71,109,-17
41,-8,-28
60,-10,-40
44,-19,-36
45,-18,-32
40,-24,-45
41,-18,-43
40,2,-27
59,-9,-24
54,-18,-32
58,-17,-26
69,-15,-27
63,4,-24
56,-22,-32
69,-35,-38
67,9,2
70,21,-32
69,10,-45
73,-16,-29
71,17,-21
91,13,21
66,14,-19
60,-28,35
78,-13,29
56,30,9
35,35,1
41,17,54
40,16,61
-22,11,47
-34,-4,12
-16,-52,-112
42,-74,-114
-6,-31,-128
26,-116,-128
-107,-30,-54
-118,-19,-21
-67,39,-6
-29,63,-62
20,7,-128
13,-39,-106
20,-56,-86
3,18,-101
-6,33,-87
-17,25,-63
-44,-6,-59
-49,-15,-69
-46,-24,-74
-29,-46,-71
-30,-41,-68
-43,-15,-26
-54,-3,-50
-37,-30,-51
-41,-6,-46
-22,-35,-56
-22,-35,-64
-46,-38,-68
-62,-29,-65
-43,-4,-44
-35,0,-38
44,-87,-87
-46,-6,-44
-49,35,-20
-68,-60,-38
-78,-8,-12
-58,11,-22
-38,-35,-48
-39,-33,-50
-52,-26,-44
-52,-52,-52
-47,-33,-41
-41,-32,-52
-36,-23,-33
-53,-41,-34
-56,-25,-28
-10,-56,-14
7,-48,-29
25,-69,2
7,-65,-5
-16,-55,2
-13,-60,-2
11,-49,-1
4,-48,-1
-10,-47,9
-19,-45,15
-23,-55,25
-17,-52,33
-14,-56,30
-18,-51,32
-14,-53,14
-15,-37,11
-45,-45,32
-105,-67,15
-50,-46,11
-38,-43,14
-38,-47,28
-54,-55,27
-35,-47,25
-8,-40,28
-1,-42,38
-7,-46,42
-17,-43,45
-15,-41,33
-22,-60,17
-14,-51,28
-1,-48,35
-23,-41,22
19,-51,8
-3,-41,28
50,-67,36
3,-72,6
13,-54,10
21,-59,19
6,-57,-5
12,-64,2
13,-61,6
9,-59,6
3,-57,4
7,-60,-1
15,-68,4
16,-62,16
15,-62,18
16,-69,12
4,-70,-8
-1,-60,20
-7,-58,12
-15,-63,8
-11,-55,6
2,-73,1
-33,-52,6
14,-68,0
-14,-52,-3
-25,-37,-29
27,-65,61
40,-77,14
42,-72,30
22,-63,19
-12,-42,-14
-2,-60,2
31,-80,16
-3,-52,30
11,-60,17
16,-76,15
11,-74,1
18,-58,10
-3,-70,29
13,-58,54
19,-45,39
16,-25,35
2,-2,60
6,-14,63
10,17,50
0,26,57
-11,16,72
0,8,62
2,12,67
2,12,67
-3,-7,54
-1,10,77
-1,48,58
13,14,55
25,-12,64
4,18,67
9,8,61
11,7,59
11,0,59
12,5,59
16,4,56
23,-4,63
22,-5,67
18,-4,61
17,-3,61
21,-7,58
22,-3,59
23,-1,59
23,-2,63
29,-6,60
28,-3,58
29,-4,55
31,-5,55
31,-2,56
32,-2,55
33,-2,52
32,-1,55
35,-2,54
33,-6,51
37,-3,56
33,-2,55
36,-4,53
36,-2,53
37,-4,53
39,-2,64
40,-8,50
42,-11,43
41,-9,43
42,-11,47
41,-10,48
41,-8,48
41,-8,47
40,-5,46
41,-6,46
38,-4,48
38,-3,49
38,-3,50
39,-2,50
37,1,52
38,0,53
37,3,54
36,5,54
35,9,51
34,11,55
30,19,57
29,22,55
26,31,54
