1672509334.000000, 1672509334.000000, 1672509334.000000
32.000000, 32.000000, 32.000000
20,-5,56
22,-4,58
27,-9,57
28,-9,58
22,-7,57
25,-7,58
29,-8,56
28,-9,53
34,-11,48
40,-10,50
36,-8,53
31,-7,50
36,-9,51
35,-9,52
35,-6,56
32,-6,57
28,-5,57
25,-6,56
25,-6,57
25,-6,57
26,-6,57
27,-6,58
27,-5,58
25,-5,59
23,-5,58
25,-5,59
24,-5,57
26,-5,57
28,-4,59
27,-3,59
24,-4,59
23,-5,58
26,-5,57
27,-4,58
26,-4,58
24,-5,58
25,-4,58
25,-4,58
25,-4,58
25,-4,58
25,-4,58
25,-4,58
25,-4,58
25,-4,58
25,-4,58
25,-4,58
25,-4,58
25,-4,58
25,-4,58
25,-4,58
25,-4,58
25,-4,58
25,-5,58
26,-4,58
25,-4,58
25,-4,59
25,-4,58
25,-4,58
25,-4,58
25,-4,58
25,-4,58
25,-4,58
25,-4,58
25,-4,58
25,-4,58
25,-4,58
24,-4,58
25,-4,59
25,-4,58
25,-4,58
24,-4,58
25,-4,58
25,-4,58
25,-4,58
25,-4,58
25,-4,58
25,-4,58
25,-4,58
25,-4,58
25,-4,58
24,-4,58
25,-4,59
25,-4,58
25,-4,58
25,-4,58
25,-4,58
25,-4,58
25,-4,58
25,-4,58
25,-4,58
25,-4,58
25,-4,58
25,-4,58
25,-4,58
25,-4,58
25,-4,58
24,-4,58
25,-4,58
25,-4,58
25,-4,58
25,-4,58
25,-4,58
25,-4,58
25,-4,58
25,-4,58
25,-4,58
25,-4,58
25,-4,58
25,-4,58
25,-4,58
25,-4,58
25,-4,58
25,-4,58
25,-4,58
25,-4,58
25,-4,58
25,-4,58
25,-4,58
25,-4,58
25,-4,58
25,-4,59
25,-4,58
25,-4,58
25,-4,58
25,-4,58
25,-4,58
25,-4,58
25,-4,58
25,-4,58
25,-4,58
25,-4,58
25,-4,58
25,-4,58
25,-4,58
25,-4,58
25,-4,58
24,-4,58
25,-4,59
25,-4,58
25,-4,58
25,-4,58
25,-4,58
25,-4,58
25,-4,58
25,-4,58
25,-4,58
25,-4,59
25,-4,58
24,-4,58
25,-4,58
25,-4,58
25,-4,58
25,-4,58
25,-4,58
25,-4,58
25,-4,58
25,-4,58
25,-4,58
25,-4,58
25,-4,58
25,-4,58
25,-4,58
24,-4,58
25,-4,58
25,-4,58
25,-4,58
25,-4,58
25,-4,58
25,-4,58
25,-4,58
25,-4,59
24,-4,59
24,-4,58
25,-4,58
25,-4,58
25,-4,58
24,-4,58
24,-4,58
24,-4,58
25,-4,58
24,-5,58
24,-5,58
24,-5,58
24,-4,58
25,-4,58
25,-4,58
25,-4,58
24,-4,58
24,-4,59
24,-5,58
25,-4,58
25,-4,58
25,-5,58
24,-5,58
24,-4,58
25,-5,58
25,-4,58
25,-5,58
25,-5,58
25,-4,58
25,-4,58
25,-4,59
24,-4,58
24,-4,58
24,-4,59
24,-4,59
24,-4,58
25,-4,58
25,-4,58
25,-4,58
25,-4,58
25,-4,58
25,-4,58
25,-5,58
25,-4,58
25,-4,58
24,-4,58
25,-4,58
25,-4,58
25,-4,58
25,-4,58
24,-4,58
25,-4,58
25,-4,58
25,-4,58
25,-4,58
25,-4,58
25,-4,58
25,-4,58
25,-4,58
25,-4,58
25,-4,58
25,-4,58
25,-4,58
25,-4,58
25,-4,58
25,-4,58
25,-4,58
25,-4,58
24,-4,58
25,-4,58
24,-4,58
24,-4,58
24,-5,58
24,-5,58
25,-4,58
26,-4,58
25,-4,58
25,-4,58
25,-4,58
24,-4,58
24,-4,58
25,-4,58
25,-4,58
25,-4,58
25,-4,58
25,-4,58
25,-4,58
25,-4,58
25,-4,58
25,-4,58
25,-4,58
25,-4,58
25,-4,58
25,-4,58
25,-3,58
25,-4,58
28,-2,61
34,-4,64
28,-5,64
20,-2,65
22,-6,65
9,-7,64
1,-7,62
-16,-11,53
-20,-15,50
-20,-15,50
-16,-13,58
-14,-11,62
-14,-9,65
-18,-8,64
-22,-9,61
-24,-9,59
-26,-11,55
-25,-11,55
-20,-10,61
-19,-10,62
-21,-9,60
-21,-10,59
-19,-10,59
-20,-10,59
-19,-10,59
-18,-10,61
-20,-10,61
-20,-10,60
-19,-10,59
-19,-10,60
-20,-10,60
-18,-10,60
-19,-10,60
-20,-10,59
-23,-10,57
-40,-11,47
-32,-10,47
-4,-10,55
10,-7,60
41,0,69
49,6,72
34,-4,61
27,-5,58
17,-7,59
14,-5,60
16,-5,60
18,-4,61
17,-3,63
16,-4,62
18,-4,61
18,-4,61
20,-4,60
20,-5,60
20,-5,60
20,-5,60
19,-5,60
19,-4,61
18,-4,61
18,-4,61
19,-4,61
19,-4,60
19,-5,60
19,-4,60
20,-4,61
19,-5,61
18,-4,61
17,-4,61
17,-4,61
19,-4,61
19,-4,61
19,-4,61
19,-4,61
20,-4,60
20,-4,61
19,-4,61
19,-4,61
19,-4,60
19,-4,61
19,-4,60
19,-4,61
19,-4,61
19,-4,61
19,-4,61
19,-4,61
19,-4,60
19,-4,61
19,-4,61
19,-4,61
19,-4,61
19,-4,61
19,-4,61
18,-4,61
19,-4,61
20,-4,60
20,-4,60
20,-4,61
19,-4,61
19,-4,61
19,-4,61
19,-4,60
19,-4,60
19,-4,61
19,-4,61
19,-4,60
19,-4,61
19,-4,61
19,-4,61
19,-4,60
19,-4,61
19,-4,61
19,-4,61
19,-4,61
19,-4,61
19,-4,61
19,-4,60
19,-4,61
19,-4,60
19,-4,61
19,-4,61
19,-4,61
19,-4,61
19,-4,60
19,-4,61
19,-4,61
19,-4,61
19,-4,61
19,-4,61
19,-4,61
19,-4,61
19,-4,61
19,-4,61
19,-4,61
19,-4,60
19,-4,61
19,-4,61
19,-4,61
19,-4,61
19,-4,61
19,-4,61
19,-4,61
19,-4,61
19,-4,60
19,-4,60
20,-4,60
20,-4,60
20,-4,60
19,-4,60
19,-4,61
19,-4,60
19,-4,61
19,-4,60
20,-4,60
20,-4,61
20,-5,61
20,-4,60
19,-4,60
19,-4,60
19,-4,60
20,-5,60
20,-5,60
20,-4,60
21,-4,61
22,-5,61
27,-4,62
36,-4,63
28,-5,64
7,-4,64
-5,-4,62
-24,-7,57
-22,-9,55
-14,-13,56
-14,-11,58
-16,-8,61
-15,-9,61
-18,-9,60
-18,-9,59
-15,-8,63
-16,-7,63
-18,-7,62
-18,-8,61
-16,-9,61
-15,-9,61
-14,-9,61
-17,-9,59
-12,-9,61
-8,-7,66
-15,-6,64
-19,-9,58
-20,-9,58
-15,-7,62
-14,-8,62
-9,-9,64
-10,-8,64
-16,-8,61
-15,-8,61
-20,-8,60
-29,-10,53
-30,-9,47
-16,-10,51
17,-2,62
43,-1,70
53,5,67
33,-5,57
21,-8,58
15,-6,60
8,-4,59
13,-5,60
22,-2,64
19,-4,61
18,-5,61
17,-4,60
19,-4,61
19,-4,61
18,-4,61
18,-4,61
18,-4,61
19,-4,61
19,-4,61
19,-4,61
19,-4,61
18,-4,61
18,-4,61
19,-4,61
19,-4,61
19,-4,61
19,-4,61
19,-4,61
19,-4,61
19,-4,61
19,-4,61
19,-4,61
18,-4,61
19,-4,61
19,-4,61
19,-4,61
19,-4,61
19,-4,61
19,-4,61
19,-4,61
19,-4,61
19,-4,61
19,-4,61
19,-4,61
19,-4,61
18,-4,61
19,-4,61
19,-4,61
18,-4,60
18,-4,60
18,-4,61
19,-4,61
20,-4,61
19,-4,61
19,-4,60
19,-4,61
18,-4,61
18,-4,61
18,-4,60
19,-4,61
20,-4,60
21,-4,60
20,-4,61
19,-4,60
20,-4,61
19,-4,61
18,-4,60
17,-4,60
13,-5,60
21,-4,61
26,-4,60
25,-3,59
27,-7,60
18,-5,60
15,-5,59
15,-5,60
18,-5,61
21,-5,61
21,-5,60
20,-5,59
18,-6,59
22,-4,60
20,-5,59
23,-6,61
22,-5,60
20,-5,61
20,-5,60
20,-5,59
19,-4,61
18,-4,62
22,-4,59
23,-5,59
21,-4,60
19,-4,60
19,-4,60
20,-4,61
21,-5,60
21,-4,60
20,-4,60
20,-4,60
20,-4,60
20,-4,60
20,-4,60
20,-4,60
21,-4,60
21,-4,60
20,-4,60
20,-4,60
20,-4,60
20,-4,60
20,-4,60
20,-4,60
21,-4,60
21,-4,60
21,-4,60
20,-4,60
20,-4,60
21,-4,60
20,-4,60
21,-4,60
21,-4,60
21,-4,60
21,-4,60
21,-4,60
21,-4,60
21,-4,60
21,-4,60
23,-4,61
27,-4,61
33,-4,63
27,-5,63
7,-4,63
0,-4,63
-3,-6,62
-13,-8,58
-13,-8,59
-10,-9,59
-10,-9,60
-11,-8,63
-12,-7,63
-11,-7,63
-12,-7,63
-10,-7,63
-12,-8,62
-13,-8,62
-15,-8,61
-16,-8,61
-17,-9,60
-14,-9,61
-12,-8,63
-14,-8,63
-14,-7,63
-14,-8,61
-15,-8,61
-11,-7,63
-13,-8,62
-15,-8,61
-14,-9,60
-20,-9,57
-15,-6,61
-4,-8,61
1,-7,60
9,-6,61
32,-5,66
43,-1,70
14,-7,57
15,-8,61
14,-5,61
16,-5,61
20,-6,61
21,-5,61
20,-5,61
19,-5,61
17,-4,61
17,-4,61
18,-5,61
18,-5,61
19,-5,61
19,-5,61
18,-5,61
18,-5,61
18,-5,61
19,-5,61
19,-5,61
18,-5,61
18,-5,61
18,-5,61
18,-5,61
18,-5,61
18,-5,61
18,-5,61
18,-4,61
18,-5,61
18,-5,61
19,-5,61
19,-5,61
18,-5,61
18,-5,61
18,-5,61
18,-4,61
18,-5,61
18,-5,61
18,-5,61
18,-5,61
19,-5,61
19,-5,61
19,-5,61
18,-5,61
18,-5,61
18,-5,61
18,-5,61
18,-5,61
18,-5,61
18,-5,61
18,-5,61
18,-5,61
19,-5,61
19,-5,61
19,-5,61
18,-5,61
18,-5,61
19,-5,61
19,-5,61
19,-5,61
19,-5,61
18,-5,61
18,-5,61
19,-5,61
19,-5,61
18,-5,61
18,-5,61
18,-4,61
19,-5,61
19,-5,61
19,-5,61
19,-5,61
18,-5,61
18,-5,61
19,-5,61
19,-5,61
19,-5,61
19,-5,61
18,-5,61
19,-5,61
19,-5,61
19,-5,61
18,-5,61
19,-5,61
19,-5,61
19,-5,60
19,-5,61
19,-5,61
19,-5,61
19,-5,61
19,-5,61
19,-5,61
19,-5,61
19,-5,61
19,-5,61
19,-5,61
19,-4,61
19,-5,61
19,-5,61
19,-5,61
19,-5,61
19,-5,60
19,-5,61
19,-5,61
19,-5,60
19,-5,61
19,-5,61
19,-5,61
19,-5,61
19,-5,61
19,-5,61
19,-5,61
19,-5,61
19,-5,61
19,-5,61
19,-5,61
19,-5,61
19,-5,61
19,-5,61
19,-5,61
19,-5,61
19,-5,61
19,-5,61
18,-5,61
19,-5,61
18,-5,61
19,-5,61
19,-5,61
19,-5,61
19,-5,60
19,-4,61
19,-5,61
19,-5,61
19,-5,61
19,-5,61
19,-5,61
19,-5,61
19,-4,61
19,-5,61
19,-5,61
19,-5,61
19,-5,61
18,-5,61
19,-5,61
19,-5,61
19,-5,60
18,-5,61
19,-5,61
19,-5,61
19,-5,60
19,-5,61
18,-5,61
19,-5,61
19,-5,61
19,-5,61
19,-5,61
19,-5,61
19,-5,61
19,-5,61
19,-5,61
19,-5,60
19,-5,61
19,-5,61
19,-5,61
19,-5,61
19,-5,61
19,-5,61
19,-5,61
19,-5,61
19,-5,61
18,-5,61
19,-5,61
19,-5,61
19,-5,61
19,-5,61
19,-5,61
19,-5,61
19,-5,61
19,-5,61
18,-5,61
19,-5,61
19,-5,61
19,-5,61
19,-5,61
19,-5,61
19,-5,61
19,-5,61
19,-5,61
19,-5,61
19,-5,61
19,-5,61
19,-5,61
19,-5,61
19,-5,61
18,-4,61
18,-5,61
19,-5,61
20,-5,61
19,-5,60
19,-5,61
19,-5,61
19,-5,60
19,-5,61
19,-5,61
19,-5,61
19,-5,61
18,-5,61
19,-5,61
19,-5,61
20,-5,61
19,-4,61
19,-5,61
19,-5,61
19,-5,61
19,-5,61
19,-5,61
19,-5,61
19,-5,60
19,-5,61
19,-5,61
19,-5,60
19,-5,61
19,-5,61
19,-5,61
19,-5,60
20,-5,60
19,-5,61
19,-5,61
19,-5,61
19,-5,61
19,-4,61
19,-5,61
19,-5,61
19,-4,61
19,-5,61
19,-5,61
19,-5,60
19,-5,61
19,-5,61
19,-5,61
19,-4,61
19,-5,61
19,-5,61
19,-5,61
19,-5,61
19,-5,60
19,-5,60
20,-5,61
20,-5,61
19,-5,61
19,-5,60
19,-5,61
19,-5,61
19,-5,61
19,-5,61
19,-5,60
19,-5,60
19,-5,61
19,-5,60
19,-5,60
20,-5,61
20,-5,60
19,-5,60
19,-5,60
19,-5,60
19,-5,61
19,-5,60
19,-5,61
19,-5,61
19,-5,61
19,-5,61
19,-5,60
19,-5,61
19,-5,61
19,-5,61
19,-5,60
19,-5,61
19,-5,61
19,-5,61
19,-5,60
19,-5,60
19,-5,61
19,-5,61
19,-5,61
19,-5,61
19,-5,61
19,-5,60
19,-5,61
19,-5,61
19,-5,61
19,-5,61
19,-5,60
19,-5,61
19,-5,61
19,-5,61
19,-5,61
19,-5,61
19,-5,61
19,-5,61
19,-5,60
19,-5,61
19,-5,61
19,-5,61
19,-5,61
19,-5,61
19,-5,60
19,-5,61
19,-5,61
19,-5,61
19,-5,61
19,-5,61
19,-5,61
19,-5,61
19,-5,61
19,-5,61
19,-5,61
19,-5,61
19,-5,61
19,-4,61
19,-5,61
19,-5,61
19,-5,61
19,-5,61
19,-5,61
19,-5,60
19,-5,61
19,-4,61
19,-5,61
19,-5,61
19,-5,61
19,-5,61
19,-5,61
19,-5,61
19,-5,61
19,-5,61
19,-5,61
19,-5,61
19,-5,61
19,-5,61
19,-5,61
19,-5,60
19,-5,61
19,-5,61
19,-5,61
19,-5,61
19,-5,61
19,-5,60
19,-5,60
19,-5,61
19,-5,61
19,-5,61
19,-5,60
19,-5,61
19,-5,61
19,-5,61
19,-5,61
19,-5,61
19,-5,61
19,-5,61
19,-5,60
19,-5,60
19,-5,61
19,-5,60
19,-5,61
19,-5,61
19,-5,60
19,-5,61
19,-5,61
19,-5,61
19,-5,61
19,-5,61
19,-5,61
19,-5,61
19,-5,61
19,-5,60
19,-5,61
19,-5,61
19,-5,61
19,-5,61
19,-5,61
19,-5,60
19,-5,61
19,-5,60
19,-5,61
19,-5,61
19,-5,61
19,-5,60
19,-5,60
20,-5,61
19,-4,60
19,-5,61
19,-5,61
19,-5,61
19,-5,61
19,-5,60
19,-5,61
19,-5,61
19,-5,61
19,-5,61
19,-5,61
19,-5,60
19,-5,61
19,-5,61
19,-5,61
19,-5,60
19,-5,60
19,-5,61
19,-5,61
19,-5,60
19,-5,60
19,-5,61
19,-5,60
18,-5,61
19,-5,61
19,-5,61
19,-5,60
19,-4,61
19,-5,61
19,-5,61
19,-5,61
19,-5,61
19,-5,61
19,-5,61
19,-5,61
18,-5,61
19,-5,61
19,-5,61
19,-5,60
19,-5,61
19,-4,61
19,-5,60
19,-5,61
19,-4,61
19,-5,61
19,-4,61
19,-5,61
19,-5,61
19,-5,61
19,-4,61
19,-5,61
19,-5,61
19,-5,60
19,-5,60
19,-5,61
19,-5,61
19,-4,61
19,-5,60
19,-5,61
19,-5,61
19,-5,61
19,-5,61
19,-5,61
19,-5,60
19,-5,60
19,-5,60
19,-5,61
19,-5,60
19,-5,61
19,-5,61
19,-5,60
19,-5,60
19,-5,61
19,-5,61
19,-5,61
19,-5,60
19,-5,61
19,-5,60
19,-5,61
19,-5,60
19,-5,61
19,-4,61
19,-5,61
20,-5,60
19,-5,61
19,-5,61
19,-5,61
19,-5,60
19,-5,61
19,-5,61
19,-5,61
19,-5,61
19,-5,61
19,-5,61
19,-5,61
19,-5,61
19,-5,60
19,-5,61
19,-5,61
19,-5,61
19,-5,61
19,-5,61
19,-5,61
19,-5,61
19,-5,61
19,-4,61
19,-5,61
19,-5,61
19,-4,61
19,-5,61
19,-4,61
19,-5,61
19,-5,61
19,-5,61
19,-5,61
19,-5,61
19,-5,60
19,-5,61
19,-5,60
19,-5,61
19,-5,60
19,-5,60
20,-5,61
19,-5,61
19,-5,61
19,-5,61
19,-5,61
19,-5,61
19,-5,60
19,-5,61
19,-5,61
19,-5,61
19,-5,61
19,-5,61
19,-5,61
19,-5,61
19,-5,60
19,-5,61
19,-5,61
19,-5,61
19,-5,60
19,-5,61
19,-5,61
19,-5,61
19,-5,60
19,-5,61
19,-5,61
19,-5,61
19,-5,61
19,-5,61
19,-5,61
19,-5,61
19,-5,60
19,-4,61
19,-5,61
19,-5,61
19,-5,61
19,-5,61
19,-5,61
19,-5,61
19,-5,61
19,-5,61
19,-5,61
19,-5,60
19,-5,61
19,-5,61
19,-5,61
19,-5,61
19,-5,61
19,-5,61
19,-5,61
19,-5,61
19,-5,61
19,-5,61
19,-5,61
19,-5,61
19,-5,61
19,-5,61
19,-5,61
19,-5,60
19,-5,61
19,-5,60
19,-5,61
19,-5,61
19,-5,60
19,-5,61
19,-5,61
19,-5,61
19,-4,60
19,-5,60
19,-5,61
19,-5,60
19,-5,61
19,-5,60
19,-5,61
19,-4,61
19,-4,61
19,-5,61
19,-5,60
20,-5,60
20,-5,61
19,-5,61
19,-5,61
19,-5,61
19,-5,61
19,-5,61
19,-5,61
19,-5,61
19,-5,61
19,-5,61
19,-5,60
19,-5,61
19,-5,61
19,-5,60
19,-5,61
19,-5,60
19,-5,61
19,-5,61
19,-5,61
19,-5,61
19,-5,61
19,-5,61
19,-5,61
19,-5,60
19,-5,61
19,-5,61
19,-5,61
19,-5,61
19,-5,61
19,-5,61
19,-5,61
19,-5,61
19,-5,61
19,-4,61
19,-5,61
19,-5,61
19,-5,61
20,-5,60
20,-5,60
17,-5,61
17,-5,61
18,-5,61
18,-5,61
19,-5,61
19,-5,61
18,-5,61
16,-5,61
18,-5,62
18,-5,62
15,-5,62
14,-5,63
13,-6,63
8,-6,63
5,-6,62
2,-7,63
0,-6,63
-2,-7,62
-2,-7,63
-2,-7,63
-5,-7,63
-5,-7,63
-4,-7,62
-2,-7,63
-1,-7,63
-4,-7,63
-3,-7,63
0,-7,64
-3,-7,63
-15,-8,57
-13,-8,57
5,-6,59
18,-5,61
47,2,70
32,-3,62
16,-6,60
13,-5,61
17,-4,60
22,-3,62
19,-5,61
18,-5,60
19,-4,61
18,-4,61
17,-5,61
18,-4,61
19,-5,61
18,-4,61
18,-5,61
18,-4,61
18,-4,61
18,-4,61
18,-5,61
18,-4,61
18,-5,61
19,-4,61
19,-5,61
19,-5,61
18,-5,61
18,-4,61
18,-5,61
19,-4,61
19,-4,61
18,-5,61
18,-4,61
18,-5,61
19,-4,61
18,-4,61
18,-4,61
18,-5,61
19,-5,61
18,-5,61
19,-4,61
19,-5,61
19,-5,61
19,-4,61
18,-4,61
19,-4,61
19,-5,61
19,-5,61
18,-4,61
18,-4,61
19,-4,61
19,-4,61
19,-5,61
19,-5,61
19,-4,61
18,-4,61
18,-4,61
18,-4,61
19,-5,61
19,-4,61
19,-4,61
19,-4,61
19,-4,61
19,-4,60
19,-4,61
19,-4,61
19,-5,61
19,-4,61
19,-4,61
19,-4,61
19,-4,61
19,-4,61
19,-4,61
18,-4,61
18,-5,61
19,-4,61
19,-4,61
19,-4,61
18,-5,61
19,-4,61
19,-5,61
18,-5,61
19,-4,61
18,-4,61
19,-5,61
19,-5,61
19,-4,61
18,-5,61
19,-4,61
18,-4,61
19,-5,61
19,-4,61
19,-5,61
18,-5,61
18,-4,61
19,-4,61
18,-4,61
19,-4,61
18,-5,61
19,-4,61
18,-5,61
18,-5,61
19,-5,61
19,-5,61
19,-4,61
19,-4,61
19,-5,61
18,-4,61
18,-4,61
19,-5,61
18,-4,61
19,-4,61
18,-4,61
19,-5,60
18,-4,61
19,-4,61
18,-5,61
18,-4,61
19,-4,61
19,-4,61
18,-4,61
18,-5,61
19,-4,61
19,-5,61
19,-5,61
23,-4,62
24,-5,62
15,-5,61
12,-5,62
15,-6,62
11,-6,62
10,-6,63
9,-7,63
4,-6,63
1,-6,63
-1,-7,63
-1,-7,63
-5,-7,62
-5,-7,63
-4,-8,63
-5,-7,63
-4,-7,63
-5,-7,63
-4,-7,64
-2,-7,64
-3,-7,64
-3,-7,63
-2,-7,63
-3,-7,63
-4,-7,63
-5,-7,63
-5,-7,63
1,-6,64
1,-6,65
-1,-7,63
0,-7,63
0,-7,64
-2,-6,64
1,-7,64
-1,-7,64
-2,-7,62
0,-7,63
-1,-7,63
-11,-8,58
-11,-8,58
2,-6,59
13,-5,62
41,0,70
32,-3,64
19,-7,59
16,-6,60
18,-4,61
18,-4,62
17,-5,62
17,-4,60
20,-5,61
19,-5,61
17,-4,61
17,-4,61
18,-5,61
18,-5,61
18,-5,61
18,-5,61
18,-5,61
17,-5,61
18,-5,61
18,-5,61
19,-4,61
19,-5,61
18,-5,61
18,-5,61
18,-4,61
19,-4,61
18,-4,61
17,-4,61
17,-4,61
17,-5,61
18,-5,61
18,-4,61
18,-5,61
18,-5,61
18,-5,61
19,-5,61
18,-5,61
18,-5,61
18,-4,61
18,-5,61
18,-5,61
18,-4,61
18,-5,61
18,-5,61
18,-5,61
18,-5,61
18,-5,60
18,-5,61
19,-5,61
18,-5,61
18,-5,61
18,-5,61
18,-5,61
19,-5,61
18,-5,61
18,-4,61
18,-5,61
18,-5,61
18,-5,61
19,-5,61
18,-4,61
18,-5,61
18,-4,61
18,-5,61
18,-4,61
19,-4,61
19,-5,61
18,-5,61
18,-4,61
18,-5,61
19,-5,61
18,-5,61
18,-5,61
19,-5,61
19,-4,61
19,-5,61
19,-5,61
18,-5,61
18,-4,61
18,-4,61
18,-4,61
18,-5,61
18,-4,61
19,-5,61
19,-5,61
18,-4,61
18,-5,61
18,-4,61
18,-5,61
19,-5,61
18,-5,61
19,-5,61
18,-4,61
18,-4,61
19,-5,61
18,-5,61
18,-5,61
18,-4,61
18,-4,61
19,-5,61
18,-5,61
19,-5,61
18,-4,61
18,-5,61
18,-4,61
18,-4,61
18,-5,61
18,-5,61
18,-4,61
19,-5,61
19,-5,60
19,-4,61
18,-5,61
18,-5,61
19,-4,61
18,-5,60
19,-5,61
19,-5,61
18,-4,61
18,-5,61
18,-4,61
19,-4,61
19,-5,61
18,-4,61
18,-5,61
19,-4,61
19,-4,61
19,-5,61
19,-5,61
19,-4,61
19,-4,61
19,-5,61
19,-5,61
18,-5,61
18,-5,61
18,-5,61
18,-5,61
19,-5,61
19,-5,61
19,-5,61
19,-4,61
18,-5,61
18,-4,61
19,-4,61
19,-4,61
19,-4,61
18,-5,61
19,-5,61
19,-5,61
18,-4,61
18,-5,61
18,-4,61
19,-4,61
18,-5,61
18,-5,61
19,-4,61
19,-5,61
18,-5,61
18,-4,61
18,-5,61
18,-4,61
18,-4,61
18,-4,61
18,-5,61
18,-5,61
18,-4,61
18,-5,61
18,-5,61
18,-4,61
18,-5,61
18,-4,61
18,-5,61
19,-5,61
19,-4,61
19,-4,61
18,-4,61
18,-5,61
18,-4,61
18,-5,61
18,-5,61
18,-5,61
18,-4,61
19,-4,61
19,-4,61
20,-4,61
20,-5,60
19,-5,61
18,-4,61
18,-5,61
19,-4,61
19,-5,61
18,-4,61
18,-5,61
19,-5,61
19,-5,61
18,-4,61
18,-4,61
17,-5,61
17,-4,61
18,-5,61
18,-4,61
18,-5,61
18,-5,61
18,-5,61
20,-5,61
20,-5,61
19,-4,61
18,-4,61
18,-5,61
18,-5,61
18,-5,61
19,-5,61
19,-5,61
19,-5,61
18,-5,61
18,-4,61
19,-5,61
19,-5,61
18,-5,61
18,-4,61
18,-4,61
18,-5,61
18,-5,60
18,-5,61
18,-4,61
17,-4,61
18,-5,61
19,-5,61
19,-5,61
19,-5,61
18,-5,61
18,-5,61
18,-4,61
18,-5,61
18,-4,61
19,-3,61
20,-5,63
19,-5,63
17,-6,62
14,-7,59
17,-6,59
22,-5,64
23,-7,65
17,-5,62
19,-5,64
23,-5,66
22,-7,64
19,-6,68
4,-10,66
-5,-11,63
-11,-8,65
-8,-18,62
1,-12,52
21,-18,59
2,-26,50
4,-23,51
1,-25,53
5,-24,58
6,-15,60
6,-20,61
6,-17,65
2,-18,64
-6,-17,63
-6,-19,62
1,-14,61
1,-15,58
4,-19,58
9,-16,65
11,-11,66
1,-14,59
-4,-15,57
7,-13,71
2,-11,61
-5,6,47
4,-11,55
5,-9,62
2,-12,55
4,-11,61
1,-4,65
6,-14,69
-23,-17,49
4,-12,73
4,-8,75
-5,-13,58
16,-14,65
10,-11,65
15,-12,67
15,-6,66
13,-7,69
20,-9,66
20,-17,67
21,0,65
21,-13,61
19,-16,53
18,-10,49
26,-14,53
44,-8,59
40,-10,56
29,5,49
15,-21,39
41,2,75
35,-2,68
-13,5,53
2,14,70
-2,4,68
-29,3,52
21,-15,64
11,2,61
37,-3,60
31,1,61
18,1,60
5,-3,57
13,-15,60
21,-7,67
28,-7,58
26,-1,55
33,-15,51
35,-5,53
37,-6,48
36,-6,49
40,-3,49
53,-14,39
54,-8,38
54,-7,34
29,-19,14
63,-19,12
79,-25,-3
69,-17,-8
81,-19,-6
39,-21,-23
44,-20,-33
70,-24,-10
58,-32,-19
56,-17,-15
61,-23,-12
46,-18,-11
59,-21,-11
55,-28,-18
58,-20,-19
55,-17,-9
54,-21,-12
58,-22,-10
59,-20,-8
57,-21,-10
60,-22,-9
59,-20,-7
51,-19,-13
53,-19,-11
55,-18,-8
62,-19,-2
53,-23,-8
62,-21,-3
57,-20,-6
58,-24,-2
51,-20,-4
53,-20,8
65,-27,11
56,-19,13
50,-17,23
46,-18,23
42,-23,20
48,-17,22
53,-20,25
51,-22,20
65,-23,11
67,-18,14
55,-19,12
58,-25,9
52,-1,-78
69,-31,-10
77,-24,-58
49,41,20
26,-1,-68
21,-36,-58
36,-43,-58
22,-44,-51
7,-32,-62
18,-28,-55
26,-30,-45
31,11,-36
18,-37,-40
17,-74,-56
20,-66,-57
24,-23,-47
41,-30,-48
28,-43,-30
19,-40,-24
12,-51,-9
0,-47,6
28,-66,-41
40,-62,-61
66,10,-32
81,-6,-26
41,-27,-15
30,-50,-18
63,-29,-37
59,-42,-3
33,-50,3
-116,-47,43
-122,-43,66
3,-23,32
53,-47,37
45,-73,32
26,-45,29
7,-32,48
-7,-27,39
6,-40,27
17,-18,65
-13,-3,48
-6,-4,49
-6,-39,55
17,-30,58
14,-29,62
6,-33,69
-5,-22,48
-4,-15,53
4,14,63
-1,5,57
6,7,56
16,22,56
7,13,59
11,29,60
18,21,70
-6,3,56
10,9,73
0,24,69
9,28,69
5,11,62
8,2,56
0,-14,54
3,-13,55
-3,-4,57
-6,-8,50
-14,-40,49
4,-52,36
-5,-52,33
-5,-44,41
0,-41,54
-15,-48,55
-20,-35,57
-5,-17,52
-13,-23,55
-15,-19,66
-16,-12,51
-21,-10,71
-37,18,97
-14,5,66
-1,7,66
-17,-3,44
-19,6,56
-16,-26,63
-77,-11,54
-22,-6,63
-9,-14,51
-22,17,58
-27,6,52
-28,3,66
-32,11,56
-32,-20,70
-22,12,70
-8,24,58
-13,-4,63
-25,1,60
-33,-12,53
-31,-1,57
-31,9,50
-34,2,55
-31,6,59
-32,-14,36
-38,-19,49
-23,-4,42
-42,-4,40
-46,-9,40
-61,-4,45
-63,3,52
-46,2,54
-42,-13,53
-37,-4,57
-36,-9,58
-32,-2,52
-22,-14,55
-4,-25,80
-44,-3,41
-16,1,59
-28,-8,46
-23,-22,57
-20,-15,65
-43,-11,57
-40,-9,52
-13,-2,65
-8,-28,56
-22,-16,52
-24,-10,62
-10,-12,60
-35,-5,53
-24,0,62
-37,-4,57
-25,6,58
-37,-9,59
-37,-11,57
-25,-13,53
-30,-17,46
-39,-14,33
-44,-11,29
-39,-12,24
-49,-12,20
-56,-11,3
-59,-10,-2
-63,-20,-16
-63,-19,-14
-64,-24,-19
-63,-23,-18
-57,-20,-13
-58,-25,-16
-62,-30,-24
-63,-29,-35
-61,-30,-35
-41,-20,-26
-50,-18,-5
-50,-20,-21
-49,-29,-48
-44,-14,-63
-40,-14,-49
-36,-21,-47
-33,-22,-46
-28,-16,-40
-28,-20,-51
-17,-24,-64
-11,-24,-62
-7,-25,-64
-6,-25,-60
-6,-22,-58
-5,-23,-60
-4,-22,-58
-3,-22,-58
-3,-23,-60
-3,-22,-59
-3,-21,-57
-3,-22,-58
-2,-22,-59
-3,-22,-59
-4,-22,-57
-4,-23,-58
-3,-23,-57
-8,-21,-53
-7,-22,-58
-4,-23,-61
-3,-21,-57
-3,-21,-56
-7,-27,-62
-7,-19,-54
-9,-23,-51
-5,-16,-52
-5,-17,-62
0,-17,-65
-2,-15,-62
-2,-16,-61
0,-16,-61
-4,-17,-58
-2,-19,-64
0,-18,-61
0,-18,-60
-1,-18,-59
0,-18,-61
-2,-18,-59
-3,-17,-60
-4,-18,-59
-4,-17,-59
-2,-19,-58
-4,-19,-58
-3,-19,-58
-3,-21,-59
-4,-19,-59
-6,-20,-58
-5,-20,-59
-6,-20,-61
-5,-17,-59
-5,-19,-58
-5,-20,-57
-7,-19,-57
-7,-20,-56
-7,-21,-59
-6,-20,-57
-8,-17,-50
-6,-20,-60
-7,-21,-58
-6,-21,-56
-5,-22,-57
-7,-20,-60
-7,-21,-59
-7,-21,-59
-7,-21,-58
-10,-21,-56
-8,-21,-57
-9,-20,-64
-6,-20,-55
-6,-21,-57
-11,-13,-62
-7,-17,-60
-13,-21,-67
-15,-17,-64
-6,-17,-57
-6,-17,-56
-15,-16,-58
-13,-14,-53
-22,-15,-60
-23,-13,-55
-22,-13,-55
-23,-13,-58
-26,-12,-59
-25,-17,-59
-19,-12,-54
-26,-13,-55
-26,-13,-55
-26,-13,-56
-27,-14,-56
-26,-15,-54
-29,-14,-53
-27,-15,-54
-29,-14,-53
-30,-15,-54
-29,-16,-54
-30,-17,-53
-27,-16,-54
-28,-16,-55
-28,-15,-56
-26,-16,-58
-26,-17,-57
-25,-17,-59
-24,-16,-55
-25,-15,-52
-26,-17,-45
-28,-15,-59
-26,-15,-51
-26,-15,-53
-26,-16,-55
-25,-16,-56
-20,-16,-56
-22,-13,-59
-20,-15,-57
-19,-15,-56
-14,-16,-60
-19,-17,-62
-14,-13,-57
-14,-17,-59
-14,-15,-60
-10,-14,-61
-13,-16,-61
-11,-14,-59
-11,-15,-61
-16,-14,-58
-15,-14,-60
-13,-14,-59
-13,-14,-59
-13,-15,-60
-13,-14,-61
-14,-13,-58
-15,-12,-58
-16,-14,-58
-17,-15,-58
-20,-13,-57
-20,-13,-54
-18,-13,-59
-17,-13,-59
-17,-13,-57
-17,-12,-56
-16,-14,-61
-15,-14,-61
-14,-16,-60
-14,-14,-57
-16,-14,-56
-14,-14,-60
-12,-13,-60
-11,-12,-60
-10,-14,-60
-9,-14,-62
-11,-13,-61
-10,-12,-60
-10,-13,-61
-10,-12,-59
-11,-12,-58
-9,-12,-60
-9,-13,-60
-11,-14,-60
-10,-14,-59
-10,-14,-61
-10,-14,-59
-11,-13,-66
-8,-11,-62
-13,-2,-67
6,-29,-59
-8,-16,-59
-11,-14,-58
-10,-12,-61
-11,-11,-62
-9,-13,-58
-11,-10,-63
-6,-12,-61
-9,-14,-58
-13,-15,-59
-9,-12,-60
-9,-11,-59
-10,-13,-61
-11,-14,-63
-10,-15,-58
-13,-14,-63
-14,-14,-63
-17,-14,-61
-10,-12,-54
-15,-13,-55
-17,-10,-54
-20,-8,-60
-15,-10,-62
-22,-13,-64
-14,-14,-58
-17,-10,-57
-18,-12,-58
-13,-11,-55
-25,-9,-66
-19,-3,-59
-19,-13,-42
-21,-13,-67
-18,-11,-60
-16,-15,-53
-20,-12,-52
-20,-12,-65
-18,-13,-62
-18,-12,-48
-22,-13,-58
-16,-14,-53
-18,-14,-52
-19,-12,-67
-18,-5,-58
-17,-5,-57
-15,-10,-61
-18,-11,-59
-18,-13,-61
-19,-15,-55
-21,-15,-55
-19,-18,-63
-22,-7,-54
-23,-17,-50
-22,-16,-56
-23,-15,-58
-24,-19,-52
-25,-21,-55
-28,-20,-48
-27,-18,-50
-25,-18,-55
-27,-19,-54
-22,-21,-56
-24,-24,-56
-23,-24,-54
-23,-21,-55
-29,-18,-53
-25,-19,-56
-26,-18,-54
-26,-19,-51
-24,-21,-55
-23,-22,-57
-23,-20,-52
-25,-19,-51
-29,-22,-55
-24,-22,-55
-25,-22,-55
-28,-19,-53
-23,-21,-58
-23,-22,-53
-29,-18,-50
-28,-17,-24
-37,-24,-63
-17,-47,-66
-31,-14,-51
-31,-36,-46
-34,-32,-46
-29,-29,-54
-26,-20,-55
-33,-14,-51
-30,-13,-38
-31,-32,-49
-31,-14,-48
-29,-15,-43
-32,-25,-54
-31,-18,-48
-34,-19,-49
-35,-13,-55
-39,-11,-55
-38,-16,-50
-40,-11,-53
-42,-16,-51
-46,-18,-45
-41,-10,-40
-43,-10,-29
-54,-15,-36
-54,-14,-33
-53,-14,-37
-51,-13,-33
-48,-13,-35
-48,-14,-37
-48,-14,-42
-47,-14,-46
-46,-15,-44
-45,-14,-42
-42,-15,-43
-45,-14,-35
-46,-13,-46
-43,-11,-38
-47,-10,-38
-45,-13,-44
-43,-14,-43
-44,-12,-50
-39,-15,-47
-40,-9,-38
-36,-25,-52
-34,-19,-43
-34,-23,-50
-34,-18,-51
-30,-29,-50
-30,-24,-47
-30,-26,-77
-26,-17,-36
-33,-15,-42
-29,-24,-52
-29,-17,-53
-36,-11,-80
-26,-23,-53
-25,-21,-54
-32,-15,-13
-15,-32,-128
-20,-24,-64
-25,-25,-64
-24,-18,-51
-24,-15,-45
-25,-29,-63
-22,-26,-54
-21,-25,-55
-23,-17,-51
-14,-23,-63
-16,-17,-60
-23,-3,-43
-29,26,-55
-25,-2,-64
-27,10,-56
-11,-18,-75
-20,-15,-48
-19,-18,-59
-8,-20,-71
-7,15,-50
-14,22,-49
-18,-29,-58
-14,-14,-72
-17,-14,-64
-21,-16,-61
-20,-21,-57
-23,-13,-49
-21,-21,-47
-16,-16,-47
-23,-29,-49
-23,-15,-73
-25,-16,-74
-21,-11,-68
-25,-12,-61
-15,-11,-44
-25,-8,-38
-23,-25,-35
-18,-10,-49
-16,-12,-68
-16,-11,-76
-17,-4,-67
-13,-16,-63
-15,-14,-58
-16,-10,-57
-15,-7,-54
-13,-17,-54
-14,-13,-56
-13,-16,-67
-13,-14,-64
-15,-9,-58
-15,-5,-55
-17,2,-57
-16,1,-55
-14,-3,-63
-13,-5,-66
-15,-9,-63
-17,-9,-66
-17,-17,-68
-18,-11,-69
-12,-23,-56
-14,-17,-49
-18,-13,-51
-16,-12,-50
-20,-14,-42
-26,-14,-48
-24,-21,-81
-30,-13,-49
-27,-12,-52
-31,-11,-56
-28,-11,-55
-23,-13,-51
-21,-17,-59
-20,-13,-61
-17,-11,-58
-13,-19,-61
-11,-19,-66
-12,-18,-58
-11,-19,-60
-11,-18,-59
-8,-18,-62
-6,-16,-69
-12,-12,-56
-11,-9,-54
-8,-14,-60
-14,-6,-60
-15,-5,-58
-16,-4,-50
-15,-3,-56
-9,-10,-73
-5,-14,-60
-6,-19,-67
-7,-15,-59
-1,-18,-59
0,-19,-58
-1,-20,-57
2,-20,-58
-1,-19,-58
-1,-20,-61
-3,-19,-60
-5,-17,-59
-3,-17,-58
-2,-18,-60
-3,-18,-59
-5,-18,-59
-4,-17,-57
-2,-17,-58
0,-19,-62
2,-18,-60
2,-20,-59
3,-21,-60
3,-19,-60
1,-18,-57
-2,-17,-59
-3,-19,-59
-2,-19,-59
-2,-18,-59
-2,-18,-59
-3,-19,-59
-4,-19,-60
-5,-18,-60
-2,-20,-60
0,-16,-61
2,-21,-63
1,-20,-59
-3,-19,-58
-3,-18,-59
-6,-16,-59
-8,-15,-57
-6,-16,-57
-7,-15,-54
-7,-18,-62
1,-20,-59
-4,-16,-61
-1,-23,-59
-9,-15,-60
-6,-19,-58
-8,-17,-59
-12,-12,-61
-11,-15,-59
-14,-13,-60
-10,-16,-58
-9,-18,-54
-10,-17,-57
-1,-19,-57
-5,-18,-61
-6,-17,-59
-7,-18,-59
-7,-17,-58
-9,-16,-60
-7,-16,-59
-4,-17,-60
-5,-17,-60
-4,-17,-59
-4,-18,-60
-3,-19,-59
-2,-18,-59
-4,-18,-61
-4,-19,-61
-4,-17,-58
-6,-17,-60
-5,-17,-60
-5,-17,-59
-5,-17,-60
-4,-17,-60
-5,-17,-59
-5,-17,-60
-6,-17,-58
-8,-17,-58
-6,-17,-60
-6,-17,-60
-6,-17,-59
-7,-17,-58
-7,-17,-59
-7,-17,-60
-5,-17,-59
-7,-16,-58
-6,-18,-61
-5,-18,-60
-6,-17,-60
-5,-17,-59
-6,-16,-62
-4,-17,-56
-4,-16,-58
-6,-16,-60
-5,-16,-61
-3,-16,-61
-4,-17,-60
-3,-16,-61
0,-17,-59
0,-19,-51
-1,-17,-63
-2,-20,-61
-3,-18,-60
-2,-18,-60
-3,-17,-58
-3,-17,-59
-2,-17,-60
-3,-17,-59
-2,-20,-60
-2,-18,-59
-3,-17,-59
-4,-17,-59
-3,-16,-59
-2,-17,-60
-2,-17,-60
0,-16,-59
0,-18,-60
2,-19,-60
2,-18,-59
3,-18,-59
3,-18,-61
3,-19,-59
2,-18,-59
3,-18,-59
3,-18,-60
1,-17,-60
3,-19,-60
1,-18,-58
2,-23,-59
-30,40,-31
1,-16,-56
0,-20,-58
-2,-20,-58
0,-20,-61
4,-18,-60
2,-17,-60
-2,-19,-57
-2,-18,-58
-5,-18,-59
-7,-18,-61
4,-14,-56
15,-18,-57
-8,-18,-59
-4,-18,-59
-1,-19,-60
-1,-18,-59
-1,-18,-61
-1,-18,-60
-1,-18,-60
-3,-17,-61
-7,-16,-61
-10,-15,-57
-12,-16,-56
-13,-16,-58
-11,-17,-59
-7,-18,-59
-7,-17,-59
-3,-19,-58
-10,-14,-58
-5,-19,-61
-7,-20,-58
-12,-16,-59
-11,-17,-59
-7,-20,-61
-8,-15,-59
-13,-19,-50
-12,-21,-55
-13,-18,-62
-8,-18,-63
-15,-19,-59
-12,-19,-55
-13,-18,-56
-11,-17,-58
-10,-17,-59
-8,-18,-60
-8,-17,-59
-7,-19,-60
-6,-20,-62
-6,-18,-58
-7,-19,-60
-8,-18,-62
-10,-17,-59
-12,-20,-60
-13,-16,-59
-13,-16,-60
-13,-15,-58
-14,-16,-59
-14,-15,-57
-13,-11,-54
-7,-19,-63
-14,-17,-61
-13,-18,-57
-16,-19,-58
-17,-18,-52
-18,-18,-59
-17,-17,-56
-17,-18,-56
-18,-19,-54
-18,-19,-59
-17,-20,-52
-17,-19,-57
-18,-19,-57
-18,-19,-57
-17,-19,-55
-20,-19,-57
-17,-15,-62
-16,-22,-54
-20,-17,-56
-19,-17,-55
-18,-20,-57
-18,-19,-57
-14,-20,-58
-17,-17,-56
-16,-21,-56
-18,-20,-56
-17,-18,-59
-20,-16,-59
-24,-10,-45
-16,-17,-59
-20,-15,-54
-21,-17,-54
-18,-17,-60
-16,-19,-56
-16,-19,-54
-7,-23,-64
-11,-20,-58
-13,-19,-57
-15,-19,-57
-14,-18,-58
-15,-18,-56
-12,-18,-58
-10,-17,-58
-8,-16,-61
-3,-19,-62
-2,-22,-58
-1,-23,-59
-1,-20,-59
-2,-19,-58
-1,-19,-58
-3,-19,-61
-1,-18,-60
-2,-20,-59
-2,-15,-58
-5,-19,-58
-5,-19,-58
-4,-21,-59
-4,-18,-59
-6,-18,-60
-5,-20,-58
-5,-20,-59
-5,-19,-60
-5,-19,-58
-5,-19,-58
-4,-18,-59
-5,-18,-59
-7,-20,-58
-6,-20,-58
-6,-17,-58
-8,-17,-58
-6,-19,-60
-6,-18,-59
-6,-17,-58
-6,-18,-60
-6,-17,-60
-6,-18,-59
-6,-18,-60
-7,-17,-59
-4,-18,-62
-4,-16,-59
-6,-13,-61
-7,-17,-60
-7,-17,-58
-8,-19,-58
-6,-16,-59
-7,-18,-60
-5,-18,-61
-5,-14,-62
-4,-17,-62
-4,-19,-62
-4,-22,-60
-3,-20,-59
-3,-20,-59
-9,-17,-57
-10,-17,-59
-11,-17,-58
-7,-19,-61
-3,-17,-62
-3,-17,-60
0,-21,-61
-1,-17,-57
-1,-19,-61
-3,-18,-60
-5,-16,-60
-5,-15,-59
-9,-14,-61
-7,-15,-61
-8,-15,-59
-7,-14,-58
-8,-18,-65
0,-17,-60
-1,-17,-61
-1,-17,-61
-2,-17,-61
-4,-14,-59
-5,-13,-60
-7,-12,-60
-8,-12,-60
-7,-14,-58
-8,-14,-58
-6,-13,-62
-2,-14,-62
-3,-15,-60
-3,-17,-58
-6,-21,-58
-8,-21,-58
-7,-20,-58
-6,-20,-60
-4,-19,-59
-5,-17,-60
-5,-17,-59
-5,-16,-59
-5,-16,-60
-4,-16,-59
-4,-16,-59
-2,-18,-60
-2,-18,-58
0,-19,-59
-1,-19,-59
1,-19,-57
2,-19,-58
6,-19,-57
8,-21,-57
12,-19,-57
14,-17,-55
21,-20,-56
22,-21,-55
24,-20,-53
23,-20,-55
24,-20,-53
27,-20,-53
15,-20,-58
15,-18,-53
13,-24,-56
13,-25,-56
14,-22,-57
11,-20,-54
16,-25,-59
16,-25,-57
14,-26,-56
14,-26,-57
15,-25,-61
17,-28,-55
10,-30,-56
10,-29,-58
17,-30,-53
1,-30,-54
6,-32,-56
8,-32,-52
7,-33,-48
6,-32,-47
8,-35,-49
5,-37,-51
6,-37,-48
4,-39,-46
-2,-40,-48
5,-43,-48
-5,-43,-53
-2,-37,-38
10,-37,-38
9,-42,-55
3,-41,-54
3,-42,-48
3,-45,-54
9,-45,-46
-9,-44,-45
0,-40,-43
-3,-41,-42
-2,-43,-40
-3,-46,-44
-6,-46,-44
-9,-45,-44
-10,-45,-41
-8,-45,-42
-7,-46,-41
-8,-46,-39
-10,-45,-40
-15,-45,-41
-7,-47,-39
-4,-47,-41
-6,-47,-40
-21,-42,-44
-12,-48,-42
-7,-40,-39
11,-59,-33
-12,-44,-46
-9,-48,-51
-2,-47,-47
-5,-47,-43
-7,-48,-47
-10,-47,-46
-10,-44,-41
-7,-47,-40
-3,-46,-41
-5,-47,-42
-10,-45,-40
-14,-45,-41
-12,-47,-43
-15,-46,-43
-13,-46,-42
-5,-48,-41
9,-45,-35
-1,-40,-32
-29,-48,-42
-10,-45,-37
-5,-47,-41
1,-47,-42
-2,-48,-44
0,-48,-45
-6,-47,-46
-1,-48,-47
-1,-43,-35
5,-44,-38
-8,-46,-43
-3,-44,-40
-4,-47,-44
3,-47,-42
0,-47,-39
1,-47,-41
1,-47,-42
3,-45,-43
-8,-48,-45
2,-45,-37
15,-49,-44
-7,-49,-48
-1,-44,-41
2,-47,-40
2,-48,-39
5,-45,-38
-2,-46,-41
-1,-46,-43
15,-48,-39
4,-50,-44
-2,-44,-50
0,-46,-48
7,-49,-40
7,-49,-44
-1,-44,-43
-9,-46,-45
-27,-42,-53
10,-45,-40
1,-47,-47
-4,-45,-46
-1,-49,-43
-8,-50,-44
-5,-47,-41
-15,-44,-40
-9,-46,-38
0,-44,-33
-1,-44,-35
-17,-47,-43
-9,-47,-45
-5,-46,-46
-7,-48,-48
-15,-43,-50
-15,-47,-51
-7,-46,-45
-7,-44,-43
-12,-44,-43
-14,-44,-43
-12,-42,-41
-16,-44,-41
-34,-37,-40
-19,-44,-30
-31,-54,-28
-30,-46,-37
-27,-44,-33
-22,-45,-32
-22,-42,-33
-30,-48,-34
-34,-43,-33
-29,-44,-31
-25,-42,-32
-25,-46,-28
-27,-47,-27
-33,-46,-37
-32,-46,-37
-28,-45,-35
-25,-47,-36
-30,-46,-40
-27,-44,-39
-25,-44,-37
-28,-43,-40
-25,-46,-36
-25,-45,-34
-39,-43,-39
-47,-53,-44
10,-40,-12
-47,-45,-31
-45,-47,-32
-43,-33,-27
-49,-45,-25
-42,-41,-22
-55,-33,-20
-40,-37,-21
-43,-45,-24
-41,-39,-17
-43,-46,-25
-44,-44,-24
-43,-41,-20
-42,-42,-17
-51,-40,-23
-44,-45,-21
-43,-45,-20
-44,-44,-12
-42,-41,-13
-41,-42,-11
-43,-41,-12
-50,-46,-17
-46,-49,-16
-37,-46,-10
-40,-43,-12
-50,-40,-13
-45,-40,2
-48,-47,2
-43,-42,0
-45,-40,-8
-49,-45,-8
-44,-44,-5
-48,-40,-14
-55,-42,-14
-45,-40,-9
-52,-41,-16
-55,-49,-22
-44,-49,-19
-40,-43,-14
-44,-43,-11
-44,-43,-8
-44,-44,-8
-44,-46,-9
-40,-46,-7
-43,-44,-6
-50,-47,-7
-41,-45,-2
-39,-46,-1
-41,-49,-5
-38,-43,0
-37,-42,3
-33,-33,-10
-48,-49,-31
-32,-44,-37
-36,-42,-39
-15,-38,-42
-4,-40,-54
-10,-43,-66
-6,-47,-65
12,-46,-50
18,-44,-42
21,-44,-40
20,-45,-43
19,-45,-38
19,-45,-37
17,-45,-35
16,-45,-35
13,-46,-35
9,-46,-34
5,-48,-39
3,-49,-42
-2,-50,-54
-2,-52,-50
-12,-51,-44
-17,-52,-41
-18,-52,-34
-32,-54,-22
-34,-51,-12
-31,-45,16
-33,-42,23
-17,-33,30
-15,-23,31
-31,-12,53
-31,-15,57
-15,-15,62
-14,-18,64
-12,-20,65
-7,-18,65
-1,-17,64
-2,-14,65
4,-8,64
7,-6,64
19,8,66
12,-9,57
5,-4,62
8,-5,60
2,-8,55
6,-1,64
15,-1,69
12,-3,62
15,2,65
18,-1,62
21,1,63
29,4,67
13,2,60
3,3,62
9,4,59
6,4,62
-6,7,64
-22,-1,63
-25,-5,62
-11,4,61
-5,3,66
-9,0,69
-14,-1,68
6,-14,13
-28,4,51
-24,17,73
-8,23,73
7,25,60
7,21,64
-2,15,65
-4,6,59
-18,1,59
-22,-2,65
-29,-3,62
-40,-8,52
-41,-10,52
-45,-20,56
-42,-21,58
-37,-9,53
-37,-4,57
-27,-2,62
-23,-1,61
-30,-2,60
-32,-4,56
-48,-10,32
-54,-13,21
-50,-20,12
-48,-20,11
-52,-28,8
-57,-34,10
-66,-29,14
-66,-30,14
-64,-34,8
-55,-30,11
-71,-34,-5
-67,-34,-7
-52,-30,-2
-51,-33,-2
-54,-33,-3
-54,-32,0
-53,-34,-2
-50,-34,-14
-54,-31,-8
-60,-36,-10
-65,-37,-15
-56,-34,-12
-60,-32,-7
-62,-32,-6
-56,-31,0
-61,-35,1
-59,-37,5
-58,-39,12
-50,-40,15
-51,-47,20
-50,-47,23
-56,-50,11
-47,-51,11
-34,-49,15
-26,-51,8
-15,-49,13
-10,-51,14
-10,-47,19
-10,-44,34
-15,-48,25
-9,-48,28
-16,-48,22
-25,-53,15
-30,-52,15
-26,-52,19
-23,-54,18
-24,-53,19
-22,-52,20
-22,-55,19
-13,-57,18
-21,-57,22
-23,-59,22
-17,-60,22
-22,-61,21
-24,-58,18
-24,-53,25
-23,-56,15
-20,-56,17
-23,-59,17
-25,-61,13
-19,-62,16
-19,-60,17
-25,-58,17
-29,-56,15
-27,-56,13
-21,-57,13
-23,-58,13
-27,-59,11
-29,-59,11
-21,-58,17
-21,-58,18
-25,-58,12
-26,-57,13
-23,-59,16
-21,-59,15
-25,-57,14
-24,-57,16
-23,-56,16
-22,-57,16
-24,-58,14
-24,-56,15
-23,-56,16
-23,-56,16
-23,-58,14
-23,-57,16
-25,-58,15
-23,-58,14
-22,-57,16
-24,-57,14
-23,-57,15
-24,-58,14
-23,-58,15
-24,-57,16
-23,-57,17
-24,-57,14
-26,-57,13
-23,-57,15
-23,-56,16
-23,-58,15
-23,-58,15
-23,-58,15
-24,-57,14
-24,-58,13
-24,-58,14
-23,-57,15
-24,-57,15
-25,-57,16
-22,-58,16
-22,-59,13
-25,-58,13
-24,-56,17
-24,-57,16
-24,-57,15
-23,-57,14
-22,-58,15
-24,-58,13
-23,-57,15
-23,-58,15
-24,-57,14
-24,-58,15
-24,-58,14
-23,-57,14
-24,-57,15
-25,-58,14
-24,-57,15
-23,-57,15
-24,-57,15
-24,-58,15
-24,-58,14
-25,-58,13
-24,-57,14
-24,-57,15
-25,-57,15
-25,-57,15
-23,-57,14
-24,-56,14
-26,-58,14
-25,-57,15
-24,-58,14
-23,-58,15
-24,-56,14
-24,-57,14
-24,-57,15
-24,-56,15
-25,-58,14
-25,-57,14
-25,-58,14
-24,-58,14
-25,-57,13
-24,-57,14
-24,-57,13
-25,-58,13
-25,-57,15
-24,-57,14
-25,-57,13
-25,-57,13
-24,-56,14
-25,-56,14
-25,-57,13
-25,-57,11
-25,-57,13
-26,-57,13
-26,-58,13
-24,-59,12
-26,-58,11
-25,-60,13
-24,-58,13
-25,-59,12
-25,-58,11
-25,-59,10
-24,-58,12
-24,-56,13
-26,-57,13
-26,-57,11
-25,-58,11
-26,-58,11
-25,-58,12
-27,-57,11
-29,-57,13
-19,-57,19
-19,-57,17
-28,-56,11
-27,-57,12
-24,-57,14
-26,-58,11
-26,-57,8
-24,-61,11
-25,-59,13
-25,-57,14
-24,-57,13
-25,-56,12
-26,-56,11
-26,-56,10
-25,-57,11
-25,-58,11
-26,-58,10
-26,-58,11
-27,-58,12
-26,-58,10
-25,-58,11
-26,-58,9
-25,-57,8
-23,-57,15
-24,-57,16
-25,-58,16
-26,-59,11
-19,-60,9
-17,-59,13
-25,-58,11
-21,-58,13
-29,-57,11
-24,-57,13
-24,-58,5
-31,-58,-2
-25,-58,4
-27,-58,2
-28,-59,-2
-29,-57,3
-31,-57,3
-30,-57,3
-28,-57,6
-24,-57,7
-28,-58,4
-27,-57,9
-27,-58,9
-28,-58,7
-25,-57,7
-26,-57,9
-27,-57,10
-30,-56,10
-33,-56,8
-32,-57,10
-29,-57,11
-23,-58,12
-21,-56,12
-24,-58,8
-26,-58,10
-29,-57,9
-28,-59,6
-28,-58,9
-26,-59,10
-23,-58,9
-24,-57,10
-27,-58,7
-24,-57,13
-25,-57,12
-28,-57,11
-26,-57,13
-26,-57,15
-27,-58,12
-23,-57,12
-23,-58,11
-26,-56,18
-26,-57,15
-26,-57,14
-26,-56,18
-24,-57,17
-22,-57,15
-25,-56,18
-22,-56,19
-23,-55,20
-21,-56,23
-22,-56,22
-24,-56,22
-22,-56,23
-24,-55,23
-23,-55,21
-24,-56,20
-24,-57,21
-22,-56,19
-21,-56,19
-22,-57,20
-22,-57,21
-22,-57,21
-22,-57,21
-22,-55,18
-23,-57,14
-20,-56,19
-19,-56,22
-20,-56,21
-22,-57,20
-21,-56,23
-21,-54,25
-19,-56,25
-21,-56,22
-23,-55,20
-19,-57,22
-21,-58,20
-21,-56,20
-21,-56,20
-23,-57,21
-22,-56,21
-22,-56,23
-20,-56,23
-21,-56,20
-21,-56,23
-21,-57,23
-20,-56,22
-22,-55,24
-22,-56,23
-21,-56,19
-22,-57,19
-23,-56,20
-23,-56,21
-22,-56,22
-21,-57,19
-20,-58,20
-20,-57,20
-22,-56,20
-23,-56,20
-22,-56,21
-21,-57,21
-21,-57,21
-23,-56,22
-23,-56,23
-22,-56,22
-22,-55,23
-22,-56,21
-22,-57,19
-22,-56,21
-21,-57,21
-22,-56,22
-23,-56,21
-21,-57,21
-20,-57,22
-22,-56,23
-22,-57,21
-21,-57,20
-19,-58,21
-19,-59,19
-21,-60,17
-22,-58,14
-21,-58,15
-20,-57,19
-23,-58,12
-25,-57,10
-26,-58,7
-25,-57,8
-25,-55,12
-23,-57,12
-24,-55,16
-26,-56,13
-26,-57,10
-29,-56,8
-26,-59,6
-27,-58,6
-21,-55,14
-21,-53,14
-16,-54,17
-21,-53,16
-49,-55,5
-44,-58,18
-32,-59,19
-20,-58,22
-4,-54,37
-6,-53,37
-15,-49,34
-20,-53,33
-14,-53,36
-12,-54,33
-12,-52,30
-13,-52,32
-13,-53,33
-11,-54,34
-9,-54,36
-11,-55,33
-12,-54,34
-11,-53,36
-8,-53,36
-8,-53,34
-7,-53,32
-2,-51,29
-4,-54,30
-6,-55,33
-13,-55,35
-20,-55,25
-17,-54,26
-5,-53,33
-7,-52,36
-19,-54,34
-19,-53,31
-16,-55,27
-17,-54,26
-16,-57,26
-14,-56,29
-17,-61,29
-15,-61,32
-14,-56,37
-15,-54,40
-23,-55,35
-26,-55,19
-13,-55,15
-6,-54,17
-12,-54,18
-15,-55,24
-13,-56,24
-7,-59,28
-8,-62,28
-3,-61,28
-7,-58,27
-12,-59,24
-10,-57,25
-7,-58,22
-6,-57,20
-8,-60,17
-20,-59,11
-27,-57,10
-9,-58,24
-5,-56,30
-18,-57,24
-12,-57,26
-15,-59,22
-17,-58,21
-18,-59,22
-22,-57,19
-11,-55,22
-16,-56,22
-24,-59,19
-20,-61,18
-16,-59,17
-16,-58,17
-14,-57,24
-17,-58,24
-21,-59,26
-22,-59,23
-17,-55,22
-15,-56,25
-16,-58,25
-17,-59,25
-15,-57,21
-17,-55,19
-15,-57,20
-14,-56,21
-16,-56,24
-15,-57,27
-14,-56,28
-18,-56,26
-17,-57,25
-14,-56,23
-15,-57,24
-16,-57,24
-11,-57,25
-13,-58,27
-12,-58,29
-13,-57,29
-10,-56,31
-5,-56,28
-4,-57,26
-9,-60,21
-10,-62,21
-11,-59,16
-8,-59,16
1,-58,25
0,-59,27
-2,-61,29
-1,-57,24
1,-55,24
-8,-59,27
-7,-60,24
-4,-58,23
0,-54,26
-6,-53,24
-9,-54,23
-11,-57,24
-9,-58,24
-20,-60,25
-18,-60,28
-7,-62,34
-12,-66,26
-10,-59,27
-9,-57,27
-12,-57,18
-13,-57,19
-9,-56,19
-4,-56,19
-7,-58,19
-8,-57,23
-6,-57,34
-5,-59,31
-3,-57,28
-7,-57,26
-9,-59,26
-4,-60,23
-3,-59,24
-6,-58,23
-4,-60,25
-10,-59,22
-11,-58,23
-5,-60,26
-4,-59,25
-7,-60,25
-7,-59,25
-6,-59,24
-5,-60,25
-4,-59,22
-6,-59,23
-6,-58,26
-3,-58,27
-5,-59,23
-5,-58,23
-4,-58,24
-3,-58,23
-3,-59,26
-3,-60,24
-5,-60,20
-3,-59,21
-1,-56,23
-2,-58,22
-3,-58,23
-3,-59,23
-4,-58,23
-1,-58,24
-1,-59,24
-4,-60,22
-4,-60,21
-3,-61,23
-3,-61,22
-3,-59,22
-4,-59,23
-4,-59,23
-3,-60,20
-4,-61,19
-3,-61,21
-4,-61,23
-5,-61,24
-5,-60,21
-3,-59,22
-2,-60,24
-4,-60,23
-4,-60,23
-4,-60,20
-4,-59,20
-3,-59,21
-2,-59,20
-6,-60,21
-5,-61,21
0,-61,20
-1,-61,20
-5,-61,19
-3,-59,21
-3,-59,22
-3,-58,20
-2,-60,21
-5,-60,20
-4,-60,22
-2,-60,22
-4,-61,20
-2,-59,23
-3,-59,22
-4,-60,22
-3,-61,20
-2,-61,21
-1,-60,22
-3,-60,21
-4,-60,22
-3,-59,22
-3,-58,22
-4,-60,22
-3,-59,23
-4,-61,22
-3,-61,21
-4,-60,21
-3,-60,22
-3,-59,22
-3,-58,22
-5,-59,21
-4,-60,22
-10,-60,19
-6,-61,19
-7,-61,17
-6,-61,22
-1,-60,28
-2,-60,29
-4,-62,22
-5,-60,21
-8,-60,18
-8,-60,19
-5,-60,23
-5,-59,22
-8,-59,22
-5,-62,20
-4,-61,18
-1,-59,16
-1,-58,19
1,-60,23
-1,-57,19
-2,-59,25
-1,-58,27
-3,-60,22
-3,-59,19
-3,-58,20
-4,-58,20
-5,-62,19
-3,-62,19
-1,-61,19
-3,-59,19
-2,-59,22
-4,-60,24
-3,-59,21
-3,-60,21
-7,-61,22
-5,-62,21
1,-61,22
-2,-59,23
-3,-59,21
-2,-59,20
-2,-59,20
-1,-60,25
0,-61,27
-3,-60,25
-1,-59,22
-1,-61,23
0,-61,23
0,-59,25
-2,-59,23
0,-60,21
0,-60,20
0,-58,22
0,-59,23
-1,-60,18
-2,-59,19
2,-59,17
2,-61,17
5,-60,20
1,-60,19
-1,-58,19
3,-58,21
2,-58,20
2,-59,21
0,-58,20
1,-59,22
3,-60,24
-2,-60,26
-5,-60,26
-4,-60,22
-5,-62,20
-4,-61,23
-7,-61,24
-5,-58,25
-4,-56,24
-5,-57,24
-4,-57,23
-8,-58,23
-6,-59,21
-10,-60,18
-8,-59,20
-11,-57,21
-11,-59,24
-7,-59,28
-5,-59,27
-12,-60,28
-13,-60,28
-11,-60,26
-9,-59,22
-13,-59,21
-14,-59,25
-11,-58,25
-12,-57,22
-12,-57,23
-11,-58,24
-10,-59,23
-11,-59,21
-10,-60,23
-13,-60,20
-12,-59,20
-11,-59,21
-13,-59,21
-10,-58,21
-9,-58,20
-11,-59,25
-10,-60,24
-11,-60,19
-12,-60,17
-12,-59,19
-9,-59,21
-8,-59,22
-10,-58,23
-11,-59,22
-10,-60,22
-9,-60,23
-8,-59,22
-7,-58,24
-9,-59,23
-10,-59,23
-8,-59,23
-8,-59,22
-8,-60,25
-9,-60,22
-8,-59,19
-8,-60,20
-9,-60,19
-8,-59,19
-4,-59,21
-5,-59,23
-10,-59,22
-7,-59,21
-6,-59,22
-7,-58,23
-7,-59,23
-7,-59,22
-7,-59,22
-7,-59,22
-7,-59,23
-6,-58,24
-6,-59,24
-7,-60,23
-7,-59,23
-7,-59,23
-7,-59,22
-7,-58,22
-8,-59,23
-7,-59,23
-6,-59,23
-8,-58,23
-8,-59,24
-7,-60,22
-7,-60,23
-5,-60,26
-7,-60,25
-9,-58,24
-8,-59,25
-8,-59,22
-8,-59,22
-7,-58,20
-6,-57,23
-7,-59,25
-5,-59,21
-5,-59,23
-8,-60,22
-6,-60,21
-5,-60,23
-6,-60,24
-5,-59,22
-5,-58,22
-6,-59,22
-6,-59,23
-6,-59,23
-6,-59,21
-6,-59,23
-7,-58,25
-6,-60,23
-6,-60,22
-6,-60,23
-6,-60,21
-6,-59,22
-6,-59,22
-6,-59,23
-6,-59,21
-5,-59,22
-8,-59,23
-5,-59,23
-5,-59,23
-5,-59,22
-6,-59,22
-5,-59,22
-6,-59,23
-6,-59,22
-6,-59,23
-5,-59,24
-8,-59,23
-7,-59,22
-5,-60,23
-7,-59,23
-7,-60,22
-7,-60,21
-7,-59,24
-7,-60,23
-6,-58,25
-7,-60,27
-5,-59,24
-5,-60,23
-7,-60,21
-6,-60,21
-4,-60,21
-5,-60,22
-6,-62,22
-3,-63,23
-2,-62,23
-3,-62,22
-6,-61,19
-6,-59,17
-3,-58,20
-4,-57,22
-4,-57,22
-4,-57,23
-2,-57,23
-2,-58,22
-2,-60,22
-1,-60,23
0,-60,23
1,-59,24
-1,-59,23
-1,-59,23
-2,-58,23
0,-59,23
0,-59,23
-1,-60,23
0,-59,22
0,-59,25
-4,-58,24
-3,-58,22
-1,-58,24
-3,-59,24
-3,-58,24
-1,-59,23
0,-59,21
0,-59,22
1,-59,23
1,-58,25
-1,-60,24
-2,-59,25
1,-58,24
3,-59,24
0,-58,25
-2,-57,25
-6,-58,28
-2,-61,28
6,-60,19
8,-60,20
2,-59,23
-1,-59,25
-2,-59,22
-6,-60,22
-1,-59,22
2,-60,23
4,-60,23
-1,-61,22
1,-63,22
1,-64,19
0,-62,18
1,-62,19
2,-60,20
4,-59,20
2,-58,22
-4,-63,21
-3,-61,22
-9,-56,27
-8,-54,26
-2,-43,31
2,-50,31
-4,-63,21
-3,-61,22
-9,-56,27
-8,-54,26
-2,-43,31
2,-50,31
-8,-52,30
-9,-50,34
-8,-46,38
-5,-47,41
-2,-54,39
-4,-55,41
-10,-53,45
-14,-54,42
-17,-50,41
-26,-44,36
-29,-41,34
-26,-34,34
-24,-33,32
-18,-36,22
-19,-39,23
-25,-45,34
-34,-43,40
-42,-38,42
-47,-32,47
-51,-24,43
-47,-24,40
-51,-22,34
-53,-20,32
-50,-22,27
-51,-19,27
-44,-20,17
-46,-26,14
-50,-27,18
-57,-26,21
-65,-27,21
-73,-23,20
-82,-14,25
-76,-13,26
-67,-10,20
-66,-9,24
-61,-8,24
-52,-7,11
-57,-8,11
-56,-11,17
-58,-14,17
-66,-14,15
-73,-11,15
-70,-8,16
-65,-9,14
-58,-9,16
-58,-8,16
-57,-8,14
-58,-9,12
-59,-11,9
-60,-14,8
-64,-16,6
-66,-15,8
-65,-14,8
-66,-13,6
-69,-9,7
-65,-7,8
-63,-8,6
-61,-6,7
-60,-6,5
-61,-8,5
-61,-9,6
-63,-12,7
-63,-12,7
-64,-13,7
-64,-14,5
-63,-15,4
-63,-16,3
-65,-11,6
-64,-8,7
-62,-6,5
-61,-7,6
-60,-9,6
-60,-10,6
-63,-10,5
-65,-10,5
-67,-11,6
-68,-11,7
-66,-11,7
-65,-10,8
-60,-10,9
-60,-9,9
-60,-7,10
-60,-7,12
-62,-7,13
-61,-7,16
-60,-9,16
-60,-10,18
-60,-10,20
-61,-8,20
-61,-7,19
-61,-6,23
-62,-6,23
-61,-4,23
-61,-4,21
-59,-4,19
-59,-4,19
-60,-5,19
-60,-6,19
-61,-5,20
-61,-6,20
-63,-8,20
-63,-9,21
-60,-9,18
-60,-9,17
-62,-8,21
-61,-6,24
-61,-8,29
-56,-15,33
-57,-17,35
-61,-15,36
-58,-12,41
-44,-10,45
-41,-10,43
-35,-12,44
-34,-13,46
-34,-13,50
-30,-13,54
-32,-11,55
-27,-10,55
-24,-1,57
-26,2,59
-22,7,64
-16,7,64
-10,7,63
-7,6,63
-5,5,61
1,5,62
6,4,60
2,2,56
2,2,58
3,1,57
9,0,59
12,6,64
12,6,64
12,1,63
11,4,62
16,7,65
14,9,64
16,6,61
19,7,65
19,8,67
19,10,66
16,7,58
11,9,60
18,9,65
8,9,61
-5,12,59
6,9,68
4,8,61
-3,5,57
-4,8,58
-7,3,57
-8,6,57
-4,8,60
-2,10,65
-3,7,68
-6,7,69
-9,7,70
0,14,68
-23,21,43
-15,16,55
-25,6,84
-17,3,85
-10,-5,57
-26,-8,52
-42,-5,50
-40,-3,50
-38,-4,49
-43,-1,51
-39,-1,46
-3,-61,82
-33,-23,97
-34,6,53
-29,-1,45
-23,-2,55
-34,-6,56
-37,-8,49
-42,2,52
-37,1,56
-37,1,53
-35,-1,51
-35,-4,50
-37,-3,53
-37,-2,54
-35,-1,53
-35,-2,53
-37,-2,52
-35,-2,54
-34,-2,55
-36,-3,53
-35,-3,53
-34,-3,54
-34,-2,54
-34,-1,55
-36,-1,53
-37,-1,53
-36,-1,53
-36,-2,52
-34,-3,54
-35,-3,53
-35,-2,54
-36,-2,54
-37,0,52
-36,1,52
-38,1,53
-38,-1,52
-36,-1,53
-36,-1,52
-36,-1,53
-36,-1,53
-39,-1,53
-36,-1,53
-32,-1,52
-36,0,53
-36,-2,53
-35,-3,53
-36,-2,53
-37,-1,53
-37,-1,52
-38,0,53
-39,0,52
-39,-1,51
-35,-2,52
-35,-4,53
-34,-5,54
-32,-6,55
-32,-5,55
-35,-2,53
-38,-2,53
-37,-2,53
-37,-3,55
-33,1,59
-22,-1,59
-42,0,54
-39,-4,50
-40,-3,47
-45,-7,44
-47,-9,42
-52,-11,37
-53,-11,36
-50,-9,40
-47,-7,41
-39,-6,49
-42,-6,48
-42,-6,50
-42,-7,47
-46,-7,43
-48,-7,43
-46,-7,44
-44,-6,45
-44,-7,46
-45,-7,45
-46,-7,44
-45,-7,45
-45,-6,46
-45,-6,45
-46,-7,45
-45,-7,45
-45,-7,45
-45,-7,45
-45,-7,45
-45,-7,45
-45,-7,45
-44,-7,44
-44,-7,45
-46,-6,45
-47,-6,44
-47,-6,42
-47,-6,43
-45,-7,45
-45,-7,45
-46,-8,43
-47,-8,43
-48,-7,42
-47,-7,42
-47,-8,43
-47,-8,43
-47,-8,43
-47,-7,42
-48,-7,42
-47,-8,43
-47,-8,43
-47,-8,42
-47,-8,43
-46,-9,44
-45,-9,44
-46,-9,42
-47,-9,42
-48,-8,42
-47,-8,43
-46,-7,44
-46,-7,44
-47,-7,43
-47,-7,44
-46,-8,44
-44,-8,44
-45,-10,44
-47,-9,43
-49,-8,41
-49,-7,41
-47,-6,43
-46,-6,45
-46,-7,44
-46,-8,43
-46,-8,43
-47,-9,43
-47,-9,42
-47,-9,43
-47,-9,43
-46,-8,44
-46,-8,44
-46,-8,43
-46,-8,44
-46,-8,44
-46,-8,43
-47,-7,43
-46,-7,44
-46,-8,44
-46,-8,44
-46,-8,44
-46,-8,44
-46,-8,44
-46,-8,43
-46,-8,43
-46,-8,43
-46,-8,44
-46,-8,44
-46,-7,44
-46,-8,43
-46,-8,43
-46,-8,43
-46,-8,44
-46,-8,44
-46,-8,44
-46,-8,44
-46,-8,44
-46,-8,44
-46,-8,43
-46,-8,43
-47,-8,43
-47,-8,43
-46,-8,43
-46,-9,42
-47,-9,42
-47,-8,43
-46,-8,44
-46,-7,44
-46,-7,45
-45,-7,44
-45,-8,44
-45,-9,44
-46,-9,44
-46,-9,43
-47,-8,43
-47,-8,43
-47,-7,44
-46,-8,44
-46,-8,44
-46,-8,43
-46,-8,44
-46,-8,43
-47,-9,43
-46,-9,43
-46,-8,43
-47,-8,43
-46,-8,43
-46,-8,44
-46,-8,43
-46,-8,43
-46,-8,43
-46,-8,44
-46,-8,43
-47,-8,43
-46,-9,44
-46,-9,44
-46,-8,43
-47,-8,43
-46,-8,43
-46,-8,44
-46,-8,44
-46,-8,43
-46,-8,43
-46,-8,44
-46,-8,44
-46,-8,43
-46,-8,43
-46,-8,44
-46,-8,44
-47,-8,43
-46,-8,43
-46,-8,44
-46,-8,43
-47,-8,43
-47,-8,42
-48,-8,42
-44,-9,44
-44,-9,45
-45,-9,44
-44,-7,46
-43,-8,45
-50,-9,41
-52,-6,42
-45,-8,41
-44,-7,47
-47,-6,45
-49,-7,42
-47,-7,42
-46,-7,44
-46,-7,44
-47,-7,43
-47,-7,42
-47,-7,42
-47,-7,42
-47,-6,42
-47,-6,42
-47,-7,43
-47,-8,44
-45,-10,44
-45,-10,44
-47,-9,43
-47,-8,42
-50,-8,39
-52,-7,38
-51,-7,39
-49,-6,41
-48,-5,42
-49,-6,40
-50,-7,40
-49,-8,40
-49,-8,41
-49,-9,41
-49,-9,40
-49,-9,40
-49,-9,40
-49,-9,40
-49,-8,40
-49,-7,40
-50,-7,40
-49,-7,40
-49,-8,41
-49,-8,40
-49,-8,40
-49,-9,40
-49,-9,40
-49,-8,40
-49,-8,40
-49,-8,41
-49,-8,42
-49,-7,41
-49,-8,41
-49,-8,41
-49,-8,40
-49,-8,40
-49,-7,40
-49,-8,40
-49,-7,40
-49,-7,41
-48,-7,41
-48,-7,41
-49,-7,41
-49,-7,41
-49,-7,41
-49,-7,42
-48,-7,41
-48,-7,42
-48,-8,42
-47,-8,42
-48,-7,42
-48,-6,41
-49,-7,41
-48,-7,41
-48,-7,42
-48,-6,42
-48,-6,42
-48,-6,41
-48,-6,42
-47,-7,42
-48,-7,42
-48,-7,42
-47,-7,42
-47,-6,42
-48,-6,42
-49,-6,42
-48,-6,42
-48,-7,42
-47,-7,42
-47,-7,42
-47,-7,42
-48,-7,41
-48,-7,42
-48,-7,41
-50,-7,39
-48,-7,41
-45,-6,44
-44,-4,47
-45,-3,47
-46,-2,46
-46,-2,44
-47,-3,44
-47,-4,43
-46,-6,44
-46,-9,43
-46,-10,42
-48,-9,40
-51,-6,35
-55,-3,40
-53,-5,43
-46,-5,43
-44,-2,45
-43,-2,47
-45,-4,45
-51,-7,41
-51,-10,46
-55,-6,51
-55,-8,51
-42,-12,50
-37,-14,51
-39,-16,49
-34,-13,50
-21,-8,48
-16,-4,45
-9,6,43
-12,13,42
-28,28,49
-59,32,92
-46,20,63
-26,5,48
-34,-3,50
-48,-12,54
-47,-13,49
-44,-11,43
-44,-7,43
-43,-1,48
-42,1,49
-42,2,49
-43,0,49
-42,-3,49
-42,-3,49
-40,-3,49
-40,-3,49
-42,-1,48
-42,-1,48
-42,-1,49
-42,-2,49
-42,-2,49
-41,-2,49
-42,-3,49
-41,-3,48
-40,-2,48
-38,-1,48
-39,-1,49
-43,-2,51
-44,-2,49
-43,-2,47
-44,-1,47
-43,0,48
-43,0,48
-43,0,49
-43,0,48
-42,0,47
-41,0,48
-39,-1,49
-40,-2,49
-43,-4,48
-44,-3,47
-44,-1,47
-43,0,48
-42,1,49
-42,2,49
-42,0,49
-42,-1,48
-42,-1,48
-43,-2,48
-42,-2,48
-42,-1,48
-42,-1,48
-43,0,49
-43,0,48
-42,1,48
-43,0,48
-43,0,48
-43,0,48
-42,-1,49
-42,-2,49
-42,-1,48
-42,-3,48
-43,0,47
-44,0,47
-43,0,48
-42,0,49
-42,0,49
-42,-1,49
-42,-1,48
-42,-1,48
-43,-1,48
-43,-1,48
-42,-2,48
-42,-1,48
-42,-1,48
-43,-1,48
-43,-1,48
-43,0,48
-42,0,48
-43,0,48
-43,0,47
-42,-1,48
-41,-1,49
-41,-2,48
-42,-1,48
-44,0,47
-43,0,47
-42,0,48
-42,-1,48
-43,-1,48
-43,-1,48
-43,-1,48
-42,-1,48
-42,-2,49
-41,-2,48
-42,-2,48
-42,-2,48
-42,-1,48
-42,-1,48
-42,-1,49
-42,-1,48
-42,-1,49
-42,-2,48
-42,-3,48
-42,-2,48
-42,-2,49
-43,-1,48
-42,-1,48
-42,-2,48
-42,-2,48
-41,-2,49
-42,-2,49
-42,-2,48
-43,-2,48
-42,-2,48
-42,-2,48
-42,-2,48
-42,-2,48
-42,-2,49
-42,-2,49
-42,-2,48
-42,-2,48
-42,-2,49
-42,-2,49
-42,-2,48
-42,-2,48
-42,-2,48
-42,-2,48
-42,-2,48
-42,-2,49
-42,-2,48
-42,-2,48
-42,-2,48
-42,-2,48
-42,-2,49
-42,-2,49
-42,-2,48
-42,-2,48
-42,-2,48
-42,-2,48
-42,-2,48
-42,-2,48
-42,-2,49
-42,-2,49
-42,-2,48
-42,-2,48
-42,-2,48
-42,-2,48
-42,-2,48
-42,-2,48
-42,-2,49
-42,-2,49
-42,-2,48
-43,-2,48
-42,-2,48
-42,-1,48
-42,-1,48
-42,-1,48
-42,-2,48
-42,-2,48
-42,-2,48
-42,-2,49
-42,-2,48
-42,-2,48
-42,-1,48
-43,-1,48
-42,-1,49
-42,-1,48
-42,-1,49
-42,-2,49
-42,-2,48
-41,-3,48
-42,-3,49
-42,-3,48
-42,-2,49
-43,0,48
-43,0,48
-42,-1,48
-42,-1,48
-41,-3,49
-41,-3,49
-41,-3,49
-41,-3,49
-43,-2,47
-44,-2,47
-42,0,48
-42,0,49
-41,-1,49
-41,-2,49
-42,-2,48
-42,-2,48
-42,-2,48
-43,-2,48
-42,-1,49
-42,-1,49
-42,-1,49
-42,-1,48
-42,-1,48
-42,-1,48
-42,-2,48
-42,-1,49
-42,-1,48
-42,-1,48
-42,-1,48
-42,-1,48
-42,-1,48
-42,-1,48
-42,-1,49
-42,-1,49
-42,-2,48
-42,-2,48
-42,-2,48
-42,-1,48
-42,-1,48
-42,-1,49
-42,-1,49
-42,-1,48
-42,-1,49
-42,-2,48
-42,-2,48
-42,-2,48
-42,-1,49
-42,-1,49
-42,-1,49
-42,-1,48
-42,-1,49
-42,-1,49
-42,-1,49
-42,-1,48
-42,-1,48
-42,-1,49
-42,-1,49
-42,-1,48
-42,-1,48
-42,-1,48
-42,-1,49
-42,-1,48
-42,-2,48
-43,-2,48
-42,-1,49
-42,-1,49
-42,-1,48
-43,-1,48
-43,-1,48
-42,-1,49
-41,-1,49
-42,-2,48
-43,-1,48
-43,-1,48
-42,-1,48
-42,-1,49
-42,-1,49
-42,-1,48
-42,-1,48
-42,-1,48
-42,-1,48
-42,-1,49
-42,-1,48
-42,-1,49
-42,-1,49
-42,-2,48
-42,-2,48
-42,-1,48
-42,-1,48
-42,-1,48
-42,-2,48
-42,-1,48
-42,-1,48
-42,-1,48
-42,-1,49
-42,-1,49
-42,-2,48
-42,-2,48
-42,-1,48
-42,-1,49
-42,-1,49
-42,-1,48
-42,-1,48
-42,-1,49
-42,-2,48
-42,-2,48
-42,-2,48
-42,-2,48
-42,-1,48
-42,-1,48
-42,-1,49
-42,-1,48
-42,-1,48
-42,-2,48
-42,-1,48
-42,-1,49
-42,-1,49
-42,-1,49
-42,-2,49
-42,-2,48
-42,-2,48
-42,-1,48
-42,-1,48
-42,-1,49
-42,-1,49
-42,-1,49
-42,-1,48
-42,-2,48
-42,-2,48
-42,-2,48
-42,-2,48
-42,-1,48
-42,-2,49
-42,-1,49
-42,-1,49
-42,-1,48
-42,-2,48
-42,-2,48
-42,-1,48
-42,-2,48
-42,-2,48
-42,-2,48
-42,-1,49
-42,-1,48
-42,-1,49
-42,-1,49
-42,-2,48
-42,-2,48
-42,-2,49
-43,-1,48
-42,-1,48
-42,0,48
-42,-1,49
-41,-1,49
-41,-2,49
-41,-2,49
-41,-2,49
-41,-3,49
-41,-3,48
-41,-3,49
-42,-2,49
-42,-1,49
-42,-2,48
-41,-3,48
-41,-2,49
-42,-1,48
-43,-1,48
-43,0,48
-42,-1,49
-40,-2,50
-40,-4,50
-40,-5,49
-41,-4,49
-43,-1,48
-43,-1,48
-42,-3,49
-41,-5,49
-40,-4,50
-41,-3,50
-43,-1,47
-44,-1,47
-42,-1,49
-41,-2,49
-39,-4,50
-40,-4,50
-42,-3,49
-42,-2,49
-43,-2,48
-43,-3,48
-41,-4,49
-40,-4,50
-41,-3,50
-43,-2,48
-44,-2,47
-43,-2,48
-41,-2,49
-41,-2,50
-40,-2,50
-41,-3,48
-41,-4,48
-42,-3,49
-42,-3,49
-41,-3,49
-41,-4,49
-42,-3,48
-43,-2,49
-43,0,48
-43,1,48
-41,-1,49
-41,-2,49
-40,-4,49
-41,-3,49
-42,-3,49
-42,-2,48
-42,-2,48
-41,-2,49
-41,-2,49
-41,-2,49
-42,-2,48
-42,-2,48
-42,-2,48
-42,-2,48
-42,-2,49
-42,-2,49
-42,-2,49
-42,-2,49
-42,-2,48
-42,-2,49
-42,-2,49
-42,-2,48
-42,-3,49
-42,-2,48
-42,-2,49
-42,-2,49
-42,-2,49
-42,-2,49
-42,-2,49
-42,-2,48
-42,-2,49
-42,-2,49
-41,-2,49
-41,-2,49
-42,-2,48
-43,-2,48
-42,-2,50
-40,-2,49
-42,-3,49
-41,-4,49
-43,-2,47
-44,-1,47
-43,-1,49
-42,-2,50
-41,-4,48
-42,-3,48
-43,-3,48
-42,-4,48
-41,-3,49
-41,-2,49
-42,-2,49
-43,-2,48
-41,-3,49
-41,-3,48
-42,-4,48
-41,-3,48
-41,-2,49
-42,-1,49
-42,-2,49
-43,-4,47
-43,-4,48
-41,-3,50
-41,-2,49
-43,-2,49
-43,-2,48
-41,-4,48
-41,-5,48
-41,-5,49
-41,-4,49
-43,-2,47
-43,-2,46
-42,-4,48
-41,-4,49
-40,-1,50
-41,0,49
-44,-1,46
-48,-4,38
-51,-10,38
-42,-8,54
-35,-6,55
-18,-3,70
-13,-1,65
9,2,72
16,4,72
23,4,74
23,4,73
9,2,60
0,2,52
-21,-6,49
-32,-7,47
-59,-14,37
-49,-15,37
-68,-17,20
-68,-17,21
-63,-13,29
-59,-11,29
-51,-8,30
-48,-7,29
-38,-5,35
-39,-6,33
-70,5,48
-128,19,58
79,19,72
31,20,54
-37,8,73
-40,6,52
-45,3,39
-48,-4,38
-50,-7,41
-47,-10,44
-43,-12,45
-40,-8,50
-41,-5,51
-42,-1,49
-41,0,49
-44,1,47
-45,1,46
-45,1,46
-45,1,46
-43,0,48
-42,-1,49
-41,-3,48
-43,-3,47
-45,-5,46
-43,-6,46
-41,-2,40
-43,-3,45
-49,-1,54
-30,1,54
-38,1,58
-33,1,59
-36,4,52
-48,2,38
-45,0,41
-42,-1,50
-47,-4,41
-50,-9,37
-48,-9,39
-53,-2,46
-48,-4,46
-55,-21,-1
-79,-12,32
38,49,66
31,-19,68
-23,9,59
-23,9,67
-36,9,45
-42,6,40
-47,-2,46
-47,-3,47
-46,-4,46
-47,-6,45
-46,-7,47
-43,-3,48
-43,0,47
-45,1,46
-45,0,46
-45,0,46
-44,0,47
-42,1,48
-43,1,47
-44,0,47
-44,0,46
-45,-2,46
-44,-3,46
-44,-1,47
-44,-1,47
-43,-2,46
-44,-1,47
-43,0,48
-43,1,47
-43,0,47
-43,-2,46
-43,-5,47
-44,-4,47
-45,-1,47
-45,0,47
-46,1,45
-45,0,45
-44,0,46
-43,-1,49
-43,-2,48
-43,-2,47
-44,-2,46
-43,-3,45
-43,-3,46
-44,-2,47
-44,-1,47
-44,0,47
-44,0,46
-44,0,46
-44,0,47
-44,-1,47
-45,0,47
-44,0,47
-44,0,47
-44,-2,47
-43,-3,47
-42,-4,47
-42,-4,47
-42,-3,47
-43,-3,47
-43,-3,47
-43,-2,48
-43,-2,47
-44,-1,47
-44,-1,47
-43,-3,47
-43,-3,47
-42,-3,47
-43,-3,47
-43,-2,47
-44,-2,47
-43,-2,47
-43,-2,47
-43,-3,47
-42,-2,47
-44,-1,47
-44,0,47
-45,1,46
-45,1,46
-45,0,47
-43,-1,47
-42,-3,48
-41,-4,48
-42,-3,47
-43,-2,47
-44,-1,46
-45,1,46
-45,1,47
-45,1,47
-44,0,47
-44,0,47
-44,0,46
-44,-1,46
-44,-2,46
-44,-1,47
-44,-1,47
-44,-1,46
-44,-2,47
-44,-2,47
-44,-1,47
-44,0,47
-44,0,46
-45,-1,46
-44,-2,46
-44,-2,47
-44,-1,47
-44,-1,47
-44,-1,46
-44,-1,46
-45,0,46
-45,0,46
-45,1,46
-45,1,46
-43,3,47
-40,2,47
-42,2,48
-50,-1,47
-43,3,51
-45,3,55
-36,3,61
-41,3,53
-45,0,42
-44,-2,36
-47,-6,27
-53,-8,23
-66,-10,14
-52,-10,23
-75,-7,10
-68,-9,12
-64,-13,10
-69,-15,1
-61,-12,8
-61,-11,9
-57,-7,15
-59,41,57
-29,9,103
18,16,83
-12,8,54
-63,8,40
-60,5,40
-47,2,38
-52,-1,37
-52,-5,37
-53,-6,36
-46,-6,42
-44,-4,46
-44,0,47
-46,2,45
-51,3,42
-50,3,42
-47,1,42
-46,-1,44
-45,-2,45
-46,-2,44
-48,-2,42
-49,-1,42
-48,0,43
-47,0,43
-46,-1,44
-46,-1,45
-46,-1,44
-47,-1,43
-47,0,42
-48,0,42
-48,0,43
-44,-1,43
-42,-2,43
-46,-1,41
-47,4,60
-50,-3,72
-47,-7,68
-34,-2,74
-46,-6,72
-41,-7,64
-27,1,75
-48,17,64
-58,20,57
-66,32,48
-74,33,41
-54,35,41
-42,33,38
-20,28,38
-21,20,31
-22,16,32
-22,11,32
-26,9,31
-33,5,33
-35,6,30
-31,16,33
-28,23,38
-26,35,38
-34,38,36
-38,51,39
-32,40,44
-30,39,55
-21,38,58
6,18,70
26,15,77
37,11,60
31,1,62
8,1,53
-19,4,44
-97,68,127
-99,8,107
-18,9,45
-11,-16,55
-10,-11,74
-39,-4,52
-46,2,40
-60,4,34
-64,5,34
-59,5,38
-53,3,41
-42,-1,46
-38,-3,47
-39,-4,48
-41,-3,48
-43,1,47
-44,3,47
-45,4,46
-46,3,46
-47,0,44
-47,-2,44
-46,-4,45
-45,-3,45
-44,0,46
-45,1,46
-46,3,45
-47,3,44
-45,0,43
-45,-1,42
-46,-1,40
-52,4,42
-51,8,45
-45,15,47
-45,17,46
-41,19,45
-40,18,48
-29,20,58
-34,21,52
-40,15,45
-45,18,43
-37,14,57
-33,14,71
-34,1,77
-27,0,74
-24,-2,54
-25,-3,48
-35,1,54
-36,-6,56
-45,-9,54
-47,-12,51
-40,-13,47
-34,-16,51
-29,-26,55
-21,-25,61
-2,-24,63
-11,-24,53
-16,-25,48
-18,-25,37
-22,-28,29
-35,-26,9
-42,-23,2
-78,-3,-6
-81,5,-4
-53,17,23
-54,35,35
-93,50,34
-72,43,29
-76,60,26
-89,59,18
-85,44,9
-77,41,11
-52,38,13
-32,40,7
-54,62,-26
-88,76,-25
-80,73,12
-53,58,16
-41,41,8
-62,31,12
-68,31,13
-70,25,-10
-69,24,-15
-52,25,-2
-56,28,3
-55,33,7
-50,34,2
-52,37,-5
-53,41,-2
-46,44,6
-42,43,8
-43,36,5
-47,33,5
-49,31,5
-49,32,3
-48,28,6
-49,25,11
-54,26,13
-59,30,12
-57,32,12
-54,32,18
-47,29,15
-46,27,11
-41,28,9
-58,38,10
-53,45,12
-43,42,11
-46,44,9
-52,46,3
-43,51,5
-50,51,-3
-45,53,3
-43,52,4
-36,54,12
-43,60,27
-53,61,27
-34,62,55
-43,53,44
-23,43,49
-25,43,52
-15,41,33
-21,38,30
-30,36,56
-18,38,66
-12,34,58
-17,35,56
-8,31,52
-26,31,54
-19,29,55
-1,28,46
-3,34,43
-20,33,49
-30,31,36
-14,29,62
-25,34,56
-49,43,43
-35,43,40
-31,42,30
-18,41,36
-15,42,45
-19,43,49
-24,38,45
-11,38,57
-9,40,54
-21,40,42
-39,34,27
-25,33,28
-14,43,55
-4,48,62
-59,42,41
-42,36,35
-15,32,53
-30,49,63
-33,43,58
-34,43,40
-30,39,42
-21,37,57
-24,35,63
-29,32,48
-40,28,35
-54,26,7
-56,26,3
-71,34,5
-51,38,23
-46,33,25
-51,35,25
-48,32,25
-54,34,25
-47,35,25
-51,36,31
-53,37,28
-42,36,28
-44,38,16
-42,37,10
-43,34,8
-63,28,3
-63,31,11
-50,23,8
-66,24,2
-69,23,-10
-59,21,-11
-65,25,-8
-64,29,-8
-59,32,-4
-60,35,-2
-54,36,-1
-56,36,-1
-54,34,1
-54,32,0
-55,33,-1
-54,33,-1
-54,36,0
-53,38,6
-57,37,8
-57,37,9
-54,31,2
-57,30,0
-57,32,3
-63,32,4
-57,30,4
-59,30,1
-60,30,1
-55,30,8
-54,29,8
-57,29,0
-60,32,3
-49,35,11
-55,34,3
-55,30,2
-65,28,-6
-50,28,12
-49,27,13
-51,25,8
-57,25,2
-55,30,2
-54,32,6
-60,28,-1
-52,27,2
-63,28,-4
-67,27,-6
-63,29,-11
-71,29,-16
-83,35,-11
-71,32,-3
-68,32,4
-55,23,14
-49,16,17
-37,7,-4
-43,8,-16
-58,7,-12
-83,9,-25
-53,10,-16
-39,15,-13
-69,17,-16
-70,16,-15
-57,13,-7
-64,11,-15
-45,8,-7
-57,11,-6
-64,9,1
-66,0,-18
-59,8,-1
-60,8,3
-63,4,-14
-58,4,-17
-64,9,-14
-57,9,-14
-67,15,-14
-52,14,-16
-71,14,-19
-65,15,-8
-63,11,-14
-77,19,-2
-68,17,6
-59,12,-7
-54,16,-1
-61,17,8
-60,19,10
-52,15,8
-57,12,7
-67,12,11
-69,17,23
-71,13,6
-66,11,-3
-64,14,2
-61,14,5
-56,15,8
-56,15,6
-61,17,5
-62,18,7
-64,18,8
-64,15,6
-63,15,7
-61,17,9
-62,16,7
-63,17,11
-63,19,13
-59,17,5
-60,20,8
-60,24,12
-59,25,11
-59,25,6
-59,27,4
-57,31,3
-51,32,7
-55,31,3
-56,31,1
-52,30,4
-54,30,4
-62,33,-2
-61,34,-3
-58,37,-4
-64,39,-6
-62,34,-10
-57,32,-15
-55,35,-12
-60,35,-12
-54,32,-15
-51,36,-14
-53,36,-11
-53,36,-14
-51,36,-16
-47,38,-13
-46,38,-13
-48,40,-19
-44,42,-17
-38,42,-16
-37,42,-19
-37,43,-22
-36,44,-22
-35,45,-26
-36,46,-27
-36,50,-26
-36,51,-26
-34,53,-24
-34,56,-24
-30,56,-23
-29,55,-22
-26,52,-21
-26,50,-21
-26,49,-20
-25,49,-19
-29,50,-19
-28,51,-19
-27,52,-19
-29,54,-19
-28,54,-18
-29,55,-17
-31,55,-18
-38,57,-15
-42,58,-13
-49,53,-15
-53,50,-17
-68,46,-15
-68,43,-13
-65,37,-12
-64,35,-15
-53,30,-16
-53,30,-20
-49,34,-14
-46,35,-12
-45,36,-14
-41,37,-13
-29,39,-7
-34,37,-8
-37,38,-15
-40,38,-18
-34,38,-18
-32,39,-23
-32,40,-25
-33,42,-34
-34,44,-34
-35,47,-35
-36,47,-37
-36,48,-34
-34,47,-32
-30,41,-32
-33,41,-32
-46,47,-34
-54,54,-38
-52,52,-32
-38,53,-28
-27,47,-29
-22,46,-25
-27,39,-26
-40,36,-29
-51,31,-25
-49,28,-24
-49,27,-25
-37,29,-21
-38,34,-30
-42,44,-37
-38,46,-32
-44,45,-38
-40,40,-39
-29,24,-33
-32,16,-27
-50,17,-23
-53,17,-24
-48,16,-22
-44,14,-21
-73,9,-20
-76,8,-29
-75,1,-26
-83,-1,-22
-93,-11,-20
-89,-16,-16
-79,-23,-2
-76,-31,2
-69,-21,17
-72,-16,18
-62,-17,13
-50,-16,19
-57,-9,14
-55,-9,12
-47,-15,1
-44,-12,9
-47,-13,13
-62,-12,7
-60,-11,9
-65,-14,7
-68,-15,6
-69,-15,12
-63,-18,13
-57,-16,17
-63,-16,18
-56,-14,26
-54,-13,26
-56,-10,22
-59,-8,18
-62,-8,11
-65,-12,5
-64,-14,3
-67,-15,1
-72,-16,1
-69,-15,6
-63,-12,8
-60,-11,8
-60,-9,11
-59,-7,13
-59,-8,11
-64,-8,9
-65,-8,10
-63,-10,8
-62,-13,5
-61,-18,3
-61,-20,3
-61,-21,3
-62,-18,3
-62,-13,3
-63,-12,2
-64,-11,3
-65,-12,3
-63,-12,4
-63,-13,4
-62,-14,5
-62,-15,6
-60,-18,7
-59,-19,8
-57,-21,8
-60,-16,8
-63,-13,7
-65,-11,7
-65,-9,7
-62,-8,8
-61,-9,8
-62,-13,9
-62,-15,9
-62,-17,9
-62,-17,9
-62,-14,9
-62,-12,8
-62,-10,5
-61,-11,5
-61,-14,5
-62,-15,5
-63,-14,7
-63,-13,7
-63,-13,7
-62,-13,7
-61,-14,4
-61,-15,3
-62,-16,5
-63,-15,5
-64,-12,5
-63,-11,7
-61,-12,6
-60,-13,5
-62,-14,4
-63,-14,3
-63,-14,4
-62,-15,4
-61,-15,4
-62,-13,3
-62,-12,4
-63,-13,4
-63,-13,5
-63,-12,6
-63,-11,5
-62,-11,5
-61,-11,6
-61,-12,7
-58,-12,9
-62,-11,6
-61,-11,6
-66,-10,0
-63,-9,1
-63,-11,-20
-62,-12,-31
-72,-15,-40
-80,-18,-40
-78,-21,-20
-74,-20,-11
-49,-19,4
-52,-27,9
-48,-27,15
-34,-29,12
-29,-28,20
-49,-32,3
-52,-35,0
-53,-31,5
-55,-31,5
-44,-28,7
-48,-28,5
-66,-31,-10
-66,-38,-14
-61,-36,-10
-56,-34,-9
-46,-35,-10
-45,-32,-11
-52,-32,-11
-58,-31,-10
-57,-30,-4
-56,-32,-9
-58,-27,-12
-49,-24,-13
-42,-27,-7
-54,-29,-6
-63,-30,-8
-73,-29,-16
-74,-28,-16
-60,-25,-11
-50,-24,-9
-41,-18,-4
-43,-16,-4
-48,-19,-4
-60,-20,-8
-66,-28,-18
-71,-30,-33
-64,-33,-57
-56,-33,-61
-45,-28,-53
-38,-25,-44
-35,-23,-42
-34,-25,-34
-37,-25,-8
-44,-30,-17
-58,-31,-26
-60,-32,-29
-46,-32,-26
-47,-31,-27
-50,-35,-32
-49,-36,-31
-48,-35,-30
-46,-34,-22
-46,-33,-20
-50,-33,-16
-53,-32,-15
-59,-34,-15
-55,-32,-13
-47,-31,-2
-55,-32,-4
-57,-32,-4
-51,-31,3
-53,-31,1
-56,-31,-1
-56,-31,-2
-57,-31,-2
-52,-32,-3
-57,-33,-6
-55,-31,-1
-54,-30,-3
-55,-31,-5
-51,-31,-2
-67,-31,-18
-63,-31,-13
-58,-32,-11
-54,-35,-12
-52,-34,-7
-51,-36,-8
-47,-36,-6
-44,-32,-4
-54,-33,-9
-48,-35,-9
-52,-39,-12
-48,-38,-9
-54,-39,-5
-46,-40,-16
-50,-37,-17
-60,-34,-9
-61,-36,-7
-55,-36,-9
-58,-34,-5
-50,-32,-3
-57,-31,-5
-50,-31,7
-45,-31,10
-55,-31,5
-56,-30,7
-56,-28,7
-59,-28,11
-61,-31,2
-59,-29,1
-65,-29,4
-62,-30,5
-59,-31,4
-46,-33,4
-38,-32,8
-51,-31,14
-60,-31,15
-58,-34,8
-56,-35,4
-56,-34,12
-57,-33,13
-51,-33,12
-47,-32,15
-56,-31,19
-54,-30,20
-50,-33,16
-54,-32,15
-53,-32,18
-53,-32,18
-50,-33,21
-49,-32,25
-49,-31,29
-49,-30,26
-47,-30,27
-43,-31,25
-50,-31,20
-50,-30,32
-50,-31,32
-54,-31,24
-55,-31,23
-53,-29,27
-52,-30,28
-48,-28,24
-49,-29,23
-47,-31,23
-44,-31,23
-44,-34,31
-48,-34,31
-46,-32,28
-40,-31,33
-49,-31,33
-54,-32,32
-48,-31,33
-49,-32,29
-43,-30,31
-43,-30,30
-43,-30,30
-45,-30,33
-46,-29,33
-46,-30,31
-52,-29,31
-56,-28,31
-55,-28,30
-46,-28,28
-44,-29,26
-49,-29,25
-54,-28,26
-55,-27,21
-21,-30,31
-50,-26,34
-49,-26,34
-47,-22,28
-49,-22,25
-43,-20,23
-50,-16,21
-59,-15,20
-57,-14,18
-87,-10,0
-71,-15,6
-54,-15,9
-64,-9,5
-63,-10,-2
-52,-17,-20
-54,-15,-24
-53,-19,-30
-55,-20,-30
-56,-18,-30
-55,-15,-34
-63,-15,-47
-63,-14,-40
-60,-14,-33
-56,-13,-29
-45,-12,-24
-49,-11,-20
-48,-14,-12
-51,-18,-19
-56,-23,-34
-59,-24,-34
-59,-19,-36
-57,-19,-38
-46,-16,-37
-40,-13,-35
-44,-12,-33
-48,-14,-32
-53,-18,-30
-58,-21,-31
-59,-19,-31
-55,-17,-31
-53,-18,-32
-49,-17,-34
-48,-15,-34
-50,-12,-35
-52,-11,-36
-53,-12,-36
-54,-13,-39
-48,-14,-36
-49,-14,-36
-50,-14,-35
-51,-14,-36
-53,-14,-36
-53,-14,-36
-52,-12,-35
-51,-11,-34
-48,-11,-35
-48,-11,-35
-51,-11,-35
-53,-12,-37
-52,-12,-37
-53,-13,-37
-50,-13,-35
-52,-14,-34
-51,-14,-33
-53,-13,-36
-50,-13,-35
-49,-12,-33
-56,-12,-34
-54,-13,-36
-52,-13,-37
-52,-14,-33
-52,-13,-33
-53,-13,-32
-53,-13,-33
-51,-13,-32
-51,-13,-33
-53,-13,-35
-53,-14,-36
-53,-13,-34
-53,-13,-33
-53,-13,-33
-53,-12,-35
-52,-13,-33
-51,-13,-32
-51,-14,-33
-52,-14,-36
-52,-13,-35
-53,-14,-34
-53,-13,-34
-52,-13,-33
-52,-13,-33
-52,-13,-33
-52,-13,-34
-52,-13,-35
-52,-13,-35
-52,-13,-34
-52,-13,-34
-52,-13,-35
-52,-13,-34
-52,-13,-34
-52,-13,-34
-52,-13,-34
-52,-13,-35
-51,-13,-34
-52,-13,-34
-53,-13,-35
-53,-12,-35
-52,-13,-34
-52,-13,-34
-52,-12,-34
-52,-13,-34
-52,-13,-34
-52,-14,-34
-52,-14,-34
-52,-14,-35
-52,-14,-35
-52,-14,-34
-52,-13,-34
-52,-13,-34
-52,-13,-35
-52,-13,-34
-52,-13,-34
-52,-13,-35
-52,-13,-35
-52,-14,-34
-52,-13,-35
-52,-13,-35
-52,-13,-35
-52,-13,-35
-52,-13,-34
-51,-13,-34
-52,-13,-34
-53,-13,-34
-52,-13,-34
-52,-13,-34
-52,-13,-34
-52,-13,-33
-52,-13,-33
-53,-13,-33
-53,-13,-33
-53,-13,-33
-53,-13,-33
-53,-13,-33
-53,-13,-32
-53,-13,-33
-53,-13,-33
-53,-13,-33
-53,-13,-33
-53,-13,-33
-53,-13,-33
-53,-13,-32
-53,-13,-32
-53,-13,-33
-53,-13,-33
-53,-13,-33
-53,-13,-33
-53,-13,-33
-53,-13,-33
-53,-13,-32
-53,-13,-32
-53,-13,-33
-53,-13,-33
-53,-13,-33
-53,-13,-32
-53,-13,-32
-53,-13,-32
-53,-13,-33
-53,-13,-32
-53,-13,-32
-53,-13,-32
-53,-13,-33
-53,-13,-32
-53,-13,-32
-53,-13,-32
-53,-13,-33
-53,-13,-32
-53,-13,-33
-53,-13,-33
-53,-13,-33
-53,-13,-33
-53,-13,-33
-53,-13,-33
-53,-13,-33
-52,-14,-33
-52,-14,-33
-53,-14,-33
-53,-14,-34
-53,-13,-33
-53,-13,-33
-53,-13,-33
-53,-13,-33
-53,-13,-33
-53,-13,-33
-53,-13,-33
-53,-13,-33
-52,-13,-33
-53,-13,-34
-53,-13,-34
-53,-13,-34
-52,-13,-34
-53,-13,-34
-54,-13,-33
-51,-13,-30
-53,-13,-33
-52,-13,-33
-53,-13,-33
-54,-13,-34
-55,-14,-36
-53,-13,-32
-53,-13,-29
-52,-13,-28
-56,-13,-34
-55,-14,-34
-53,-12,-31
-53,-12,-27
-55,-12,-29
-53,-14,-31
-54,-14,-32
-55,-14,-34
-54,-14,-33
-53,-12,-32
-54,-12,-32
-52,-13,-32
-52,-13,-32
-54,-13,-35
-53,-13,-34
-52,-13,-34
-52,-13,-34
-52,-13,-34
-52,-14,-34
-53,-13,-34
-53,-12,-34
-52,-12,-34
-52,-13,-34
-52,-13,-34
-52,-13,-34
-53,-13,-34
-53,-13,-33
-53,-14,-34
-53,-13,-33
-53,-13,-34
-51,-13,-34
-52,-13,-34
-52,-13,-34
-52,-13,-35
-52,-13,-34
-52,-13,-34
-52,-13,-34
-52,-13,-34
-52,-12,-34
-53,-12,-34
-52,-13,-33
-52,-12,-34
-51,-13,-35
-52,-13,-35
-52,-13,-34
-52,-13,-34
-52,-13,-34
-52,-13,-34
-52,-13,-34
-52,-13,-34
-52,-14,-34
-52,-13,-34
-52,-13,-34
-53,-12,-35
-53,-11,-35
-52,-11,-34
-52,-12,-34
-53,-14,-34
-52,-15,-33
-52,-15,-33
-53,-15,-34
-52,-16,-34
-51,-16,-34
-52,-14,-34
-52,-13,-33
-54,-10,-33
-54,-10,-34
-51,-12,-33
-51,-13,-34
-53,-14,-34
-53,-14,-33
-53,-14,-33
-52,-15,-33
-52,-16,-33
-52,-16,-35
-52,-15,-35
-52,-15,-34
-52,-14,-35
-51,-13,-35
-51,-13,-35
-52,-12,-33
-52,-12,-32
-53,-12,-32
-53,-13,-33
-53,-13,-34
-53,-13,-34
-52,-14,-34
-52,-14,-34
-52,-16,-35
-52,-15,-35
-51,-15,-35
-52,-14,-34
-52,-14,-35
-52,-14,-34
-52,-13,-34
-52,-12,-33
-52,-12,-32
-53,-12,-33
-53,-13,-34
-53,-13,-34
-52,-14,-34
-52,-14,-35
-51,-14,-34
-51,-15,-35
-52,-15,-35
-52,-14,-34
-52,-14,-35
-52,-14,-34
-52,-13,-34
-52,-12,-34
-51,-12,-34
-53,-12,-33
-53,-13,-34
-52,-14,-34
-53,-14,-33
-52,-15,-34
-52,-15,-34
-51,-15,-34
-52,-15,-35
-52,-14,-35
-52,-13,-35
-52,-13,-34
-52,-13,-34
-52,-13,-34
-52,-12,-34
-52,-12,-34
-52,-13,-34
-52,-13,-34
-52,-14,-34
-53,-14,-34
-52,-15,-34
-52,-15,-34
-52,-15,-34
-52,-14,-35
-52,-13,-35
-52,-13,-34
-51,-12,-34
-52,-12,-34
-52,-13,-34
-52,-12,-34
-52,-13,-34
-52,-14,-34
-52,-14,-34
-52,-14,-34
-52,-14,-34
-51,-15,-34
-51,-14,-35
-52,-14,-35
-52,-13,-35
-52,-13,-34
-52,-13,-34
-52,-12,-34
-52,-12,-34
-52,-13,-34
-52,-13,-34
-52,-13,-34
-52,-14,-34
-52,-14,-35
-51,-15,-34
-52,-15,-34
-52,-15,-35
-52,-14,-35
-52,-13,-34
-52,-13,-34
-52,-13,-35
-52,-12,-34
-52,-13,-34
-52,-13,-34
-52,-13,-34
-52,-14,-34
-52,-15,-34
-52,-15,-34
-52,-15,-34
-52,-14,-35
-51,-14,-35
-51,-14,-35
-52,-13,-34
-52,-13,-34
-52,-12,-34
-52,-13,-34
-52,-13,-34
-52,-14,-34
-52,-14,-34
-52,-15,-34
-51,-15,-34
-51,-15,-35
-52,-14,-35
-51,-14,-35
-52,-13,-35
-52,-13,-34
-52,-13,-34
-52,-13,-34
-52,-13,-34
-52,-13,-35
-51,-14,-35
-51,-15,-35
-51,-15,-35
-52,-15,-35
-51,-15,-35
-52,-14,-35
-51,-13,-34
-52,-13,-35
-51,-13,-35
-52,-13,-34
-52,-13,-34
-52,-14,-34
-52,-14,-35
-51,-14,-35
-51,-14,-35
-52,-14,-35
-52,-14,-35
-51,-14,-34
-52,-14,-35
-52,-13,-34
-52,-13,-34
-52,-14,-35
-52,-14,-35
-51,-14,-34
-52,-14,-34
-51,-14,-35
-51,-14,-35
-52,-14,-35
-51,-14,-35
-52,-14,-34
-52,-13,-35
-52,-14,-35
-52,-14,-35
-51,-14,-34
-51,-14,-35
-51,-14,-35
-51,-14,-35
-52,-14,-35
-51,-14,-35
-51,-14,-35
-52,-14,-35
-52,-14,-35
-51,-14,-34
-52,-14,-35
-52,-14,-35
-52,-14,-35
-51,-14,-35
-51,-14,-35
-52,-14,-35
-52,-14,-35
-52,-14,-35
-51,-14,-35
-52,-14,-35
-51,-13,-35
-52,-14,-35
-51,-14,-35
-52,-14,-35
-52,-14,-35
-52,-14,-35
-51,-14,-35
-51,-14,-35
-52,-14,-35
-51,-14,-35
-52,-14,-35
-51,-14,-35
-52,-14,-35
-52,-14,-35
-52,-14,-35
-52,-14,-35
-52,-14,-35
-51,-14,-35
-51,-14,-35
-52,-14,-35
-52,-14,-35
-52,-14,-35
-51,-14,-34
-51,-14,-34
-52,-14,-35
-50,-14,-33
-49,-14,-33
-53,-14,-38
-52,-14,-39
-51,-14,-36
-51,-14,-35
-51,-14,-34
-51,-14,-35
-51,-14,-36
-51,-14,-35
-51,-14,-35
-50,-14,-34
-50,-14,-35
-51,-14,-36
-45,-14,-35
-53,-14,-43
-47,-14,-43
-45,-14,-41
-43,-14,-41
-44,-14,-43
-41,-14,-42
-43,-15,-48
-45,-14,-50
-39,-14,-47
-36,-14,-46
-37,-14,-49
-34,-14,-48
-36,-15,-52
-36,-13,-51
-30,-14,-49
-31,-14,-51
-33,-14,-56
-27,-14,-53
-26,-14,-55
-28,-14,-56
-25,-14,-56
-24,-14,-57
-22,-14,-59
-18,-14,-57
-18,-14,-58
-18,-15,-60
-19,-15,-60
-16,-14,-56
-17,-14,-57
-17,-15,-58
-16,-15,-58
-14,-15,-58
-13,-15,-58
-11,-16,-59
-11,-16,-61
-12,-15,-59
-11,-16,-60
-13,-15,-58
-15,-15,-57
-7,-16,-63
-4,-17,-64
1,-16,-59
-2,-15,-60
-5,-16,-60
-3,-16,-58
-2,-16,-60
-2,-16,-59
-3,-15,-60
-11,-15,-61
-14,-15,-61
-12,-14,-57
-10,-15,-56
-23,-15,-64
-25,-14,-64
-14,-14,-54
-16,-14,-53
-23,-14,-57
-22,-14,-57
-24,-14,-57
-25,-14,-57
-25,-14,-58
-25,-14,-57
-25,-14,-55
-26,-13,-54
-27,-14,-54
-27,-14,-55
-27,-14,-56
-27,-14,-55
-27,-14,-55
-27,-13,-55
-27,-14,-55
-27,-14,-55
-27,-14,-55
-27,-14,-55
-27,-14,-55
-29,-14,-56
-28,-14,-56
-28,-13,-53
-29,-13,-53
-29,-14,-55
-28,-14,-55
-28,-14,-54
-28,-14,-54
-28,-14,-55
-29,-14,-55
-29,-14,-54
-29,-14,-54
-29,-14,-54
-29,-14,-55
-29,-14,-54
-29,-14,-54
-29,-14,-54
-29,-14,-54
-29,-14,-54
-29,-14,-54
-28,-14,-54
-28,-14,-54
-29,-14,-54
-29,-14,-54
-29,-14,-54
-29,-14,-54
-29,-14,-54
-29,-14,-54
-29,-14,-54
-27,-14,-55
-28,-14,-55
-28,-14,-54
-27,-14,-54
-29,-14,-55
-30,-13,-54
-30,-13,-54
-29,-14,-54
-28,-14,-54
-28,-14,-54
-30,-13,-54
-30,-13,-54
-28,-14,-54
-28,-14,-55
-29,-14,-55
-29,-14,-54
-29,-14,-54
-29,-14,-54
-30,-13,-53
-29,-14,-54
-29,-14,-54
-30,-14,-54
-30,-14,-53
-29,-14,-54
-30,-14,-54
-30,-14,-54
-30,-14,-53
-31,-14,-53
-30,-14,-53
-31,-14,-53
-29,-14,-54
-30,-14,-53
-30,-14,-53
-30,-14,-54
-30,-14,-54
-30,-14,-54
-30,-14,-54
-30,-14,-54
-30,-14,-54
-30,-14,-53
-30,-14,-53
-29,-14,-53
-30,-14,-54
-29,-14,-52
-30,-14,-54
-30,-14,-54
-30,-14,-54
-30,-14,-53
-30,-14,-53
-30,-14,-54
-30,-14,-54
-30,-14,-54
-30,-14,-53
-30,-13,-53
-31,-14,-54
-31,-14,-53
-31,-14,-53
-30,-14,-54
-30,-14,-53
-31,-14,-53
-31,-14,-53
-31,-13,-53
-31,-14,-53
-31,-14,-53
-31,-14,-53
-31,-14,-53
-31,-14,-53
-31,-14,-53
-31,-14,-53
-31,-13,-53
-31,-14,-53
-31,-14,-53
-31,-14,-53
-31,-14,-53
-31,-14,-53
-31,-14,-53
-32,-14,-53
-32,-14,-53
-32,-14,-52
-32,-14,-53
-32,-14,-53
-31,-14,-52
-32,-14,-53
-31,-14,-54
-31,-14,-53
-33,-13,-51
-32,-14,-51
-32,-14,-53
-33,-14,-54
-33,-14,-53
-31,-14,-52
-31,-14,-52
-31,-14,-52
-31,-14,-53
-31,-14,-54
-30,-14,-53
-31,-13,-53
-31,-14,-56
-31,-14,-55
-31,-14,-54
-31,-14,-54
-32,-14,-53
-31,-14,-54
-29,-14,-53
-31,-14,-53
-31,-14,-53
-30,-14,-53
-30,-13,-52
-31,-13,-53
-31,-13,-54
-30,-13,-51
-30,-13,-53
-29,-14,-58
-28,-14,-56
-30,-14,-54
-28,-13,-54
-28,-14,-54
-29,-14,-54
-29,-14,-55
-29,-14,-54
-28,-14,-54
-29,-14,-55
-29,-14,-54
-29,-14,-54
-29,-14,-54
-28,-14,-55
-28,-14,-55
-29,-14,-54
-29,-14,-54
-29,-14,-54
-29,-14,-54
-28,-15,-55
-31,-14,-52
-26,-14,-50
-28,-15,-51
-40,-10,-52
-45,-10,-51
-38,-10,-45
-48,-11,-55
-39,-14,-53
-36,-14,-47
-38,-14,-46
-35,-14,-45
-35,-12,-47
-37,-11,-43
-32,-11,-43
-38,-11,-54
-36,-13,-59
-31,-12,-58
-31,-11,-56
-32,-10,-56
-32,-11,-57
-31,-11,-56
-29,-11,-55
-30,-11,-55
-30,-11,-55
-28,-11,-54
-28,-11,-53
-30,-12,-53
-30,-11,-52
-29,-12,-53
-30,-12,-55
-30,-12,-55
-30,-11,-53
-30,-11,-53
-30,-11,-55
-30,-11,-55
-29,-11,-54
-30,-11,-54
-30,-11,-54
-30,-11,-55
-30,-11,-55
-29,-11,-53
-30,-11,-54
-30,-11,-54
-30,-11,-54
-30,-11,-54
-30,-11,-54
-31,-11,-54
-30,-11,-53
-30,-11,-54
-29,-11,-55
-29,-11,-55
-29,-12,-55
-29,-12,-55
-29,-11,-53
-30,-11,-55
-27,-11,-55
-26,-12,-55
-26,-12,-56
-28,-12,-56
-27,-12,-56
-26,-12,-56
-26,-12,-56
-28,-12,-57
-26,-12,-56
-26,-12,-55
-26,-12,-54
-28,-13,-55
-27,-13,-55
-27,-13,-54
-27,-13,-55
-26,-13,-57
-27,-14,-56
-26,-14,-53
-27,-14,-53
-28,-14,-55
-27,-15,-55
-28,-14,-55
-28,-15,-55
-27,-15,-54
-26,-15,-55
-26,-14,-55
-27,-15,-54
-28,-15,-53
-27,-15,-55
-28,-15,-56
-28,-15,-54
-28,-15,-54
-28,-16,-55
-28,-16,-56
-29,-15,-56
-30,-15,-54
-28,-15,-48
-30,-14,-43
-33,-14,-48
-32,-15,-53
-33,-16,-57
-32,-16,-56
-35,-15,-53
-33,-15,-53
-37,-14,-52
-39,-13,-52
-33,-14,-49
-33,-15,-47
-36,-14,-48
-37,-14,-50
-37,-14,-51
-35,-14,-50
-35,-14,-48
-37,-13,-49
-38,-13,-50
-36,-14,-51
-34,-14,-52
-35,-14,-51
-35,-14,-50
-35,-14,-51
-35,-14,-52
-34,-14,-50
-34,-14,-50
-35,-14,-52
-34,-14,-52
-34,-14,-55
-33,-15,-54
-32,-15,-51
-33,-15,-50
-33,-14,-51
-33,-14,-52
-33,-14,-52
-33,-15,-52
-33,-15,-52
-32,-15,-52
-33,-15,-53
-32,-14,-52
-32,-14,-52
-33,-14,-54
-33,-14,-53
-33,-14,-54
-34,-15,-53
-34,-14,-48
-35,-14,-47
-35,-14,-49
-35,-14,-52
-35,-14,-52
-35,-14,-51
-35,-14,-50
-36,-14,-50
-35,-14,-51
-35,-14,-51
-36,-14,-50
-35,-14,-51
-36,-14,-49
-36,-14,-49
-35,-14,-51
-35,-13,-49
-36,-14,-50
-36,-14,-50
-36,-14,-51
-35,-14,-50
-36,-13,-49
-35,-14,-50
-36,-14,-50
-36,-14,-51
-35,-14,-50
-35,-14,-51
-35,-14,-51
-35,-14,-51
-35,-14,-51
-30,-15,-50
-34,-15,-53
-36,-12,-50
-30,-13,-50
-36,-14,-53
-34,-14,-53
-35,-14,-52
-35,-14,-51
-35,-14,-50
-34,-14,-52
-33,-14,-52
-33,-14,-51
-33,-14,-52
-35,-15,-51
-34,-14,-51
-34,-14,-52
-34,-14,-51
-34,-14,-51
-34,-14,-52
-34,-14,-51
-34,-14,-51
-34,-14,-51
-34,-14,-51
-34,-14,-51
-34,-14,-51
-34,-14,-51
-34,-14,-52
-34,-14,-51
-34,-14,-51
-35,-14,-51
-34,-14,-51
-35,-14,-51
-35,-14,-51
-34,-14,-51
-34,-14,-50
-34,-14,-50
-35,-15,-52
-35,-14,-52
-35,-14,-51
-35,-14,-51
-34,-14,-51
-34,-14,-51
-35,-14,-51
-34,-14,-51
-34,-14,-51
-35,-14,-51
-34,-14,-51
-34,-14,-51
-34,-14,-51
-34,-14,-51
-34,-14,-51
-35,-14,-51
-34,-14,-51
-34,-14,-51
-34,-14,-51
-34,-14,-51
-34,-14,-51
-35,-14,-51
-35,-14,-51
-34,-14,-51
-34,-14,-51
-34,-14,-51
-34,-14,-51
-34,-14,-51
-34,-14,-51
-34,-14,-51
-34,-14,-51
-34,-14,-51
-34,-14,-52
-34,-14,-51
-34,-14,-51
-34,-14,-51
-34,-14,-51
-34,-14,-51
-34,-14,-51
-35,-14,-51
-34,-14,-51
-34,-14,-51
-34,-14,-51
-34,-14,-51
-34,-14,-51
-34,-14,-51
-34,-14,-51
-34,-14,-51
-34,-14,-51
-34,-14,-51
-34,-14,-51
-34,-14,-51
-34,-14,-51
-34,-14,-51
-34,-14,-51
-34,-14,-51
-34,-14,-51
-35,-14,-51
-34,-14,-51
-34,-14,-51
-35,-14,-51
-35,-14,-51
-34,-14,-51
-34,-14,-52
-34,-14,-51
-34,-14,-51
-34,-14,-51
-34,-14,-51
-34,-14,-52
-34,-14,-51
-34,-14,-51
-34,-14,-51
-34,-14,-51
-34,-14,-51
-34,-14,-51
-34,-14,-51
-34,-14,-51
-34,-14,-51
-34,-14,-51
-34,-14,-51
-34,-14,-51
-34,-14,-51
-34,-14,-51
-34,-14,-51
-34,-14,-51
-35,-14,-51
-35,-14,-51
-34,-14,-51
-34,-14,-51
-34,-14,-51
-34,-14,-51
-34,-14,-51
-34,-14,-51
-34,-14,-51
-35,-14,-51
-34,-14,-51
-34,-14,-51
-34,-14,-51
-34,-14,-51
-34,-14,-51
-34,-14,-51
-34,-14,-51
-35,-14,-51
-35,-14,-51
-34,-14,-51
-34,-14,-51
-34,-14,-51
-34,-15,-51
-34,-15,-51
-34,-14,-51
-34,-14,-51
-34,-14,-51
-35,-14,-51
-35,-14,-51
-34,-14,-51
-34,-14,-51
-34,-14,-51
-34,-14,-51
-34,-15,-51
-35,-14,-51
-34,-14,-51
-34,-14,-51
-34,-14,-51
-35,-14,-52
-34,-14,-51
-35,-14,-50
-35,-14,-50
-35,-15,-51
-35,-14,-51
-35,-14,-51
-35,-14,-51
-35,-14,-51
-35,-14,-51
-35,-14,-50
-35,-14,-50
-35,-15,-51
-35,-14,-51
-35,-14,-51
-36,-14,-52
-35,-14,-51
-36,-14,-50
-35,-15,-50
-36,-15,-49
-36,-14,-48
-36,-15,-50
-36,-14,-50
-36,-14,-49
-37,-14,-49
-37,-15,-50
-36,-14,-50
-36,-15,-50
-37,-14,-49
-37,-14,-50
-37,-15,-50
-37,-14,-49
-37,-14,-48
-38,-14,-47
-38,-14,-48
-37,-15,-49
-38,-15,-49
-38,-14,-47
-38,-14,-48
-38,-14,-48
-38,-14,-49
-37,-14,-50
-37,-14,-51
-38,-14,-49
-37,-14,-47
-37,-15,-49
-37,-15,-50
-37,-15,-50
-36,-14,-49
-36,-14,-49
-36,-14,-49
-36,-14,-50
-37,-14,-50
-36,-14,-50
-37,-14,-49
-36,-14,-49
-36,-15,-49
-36,-14,-49
-36,-14,-49
-36,-14,-50
-36,-14,-50
-36,-14,-50
-36,-14,-50
-36,-14,-50
-36,-14,-49
-36,-14,-50
-36,-14,-50
-36,-14,-49
-36,-14,-50
-36,-14,-50
-36,-14,-50
-36,-14,-50
-36,-14,-49
-36,-14,-50
-36,-14,-50
-35,-14,-50
-34,-14,-49
-37,-14,-50
-37,-14,-50
-37,-13,-50
-37,-13,-50
-36,-13,-48
-34,-14,-47
-37,-14,-55
-36,-14,-54
-38,-14,-49
-35,-14,-50
-35,-14,-49
-36,-14,-49
-36,-14,-50
-36,-14,-51
-36,-14,-47
-36,-14,-50
-36,-15,-50
-36,-14,-49
-36,-14,-49
-36,-14,-50
-37,-14,-51
-36,-14,-51
-34,-14,-50
-36,-14,-50
-36,-14,-50
-36,-14,-50
-36,-14,-50
-36,-13,-49
-36,-13,-50
-36,-14,-51
-35,-14,-51
-36,-13,-49
-36,-13,-50
-36,-14,-50
-36,-14,-50
-36,-13,-50
-36,-13,-51
-36,-14,-50
-36,-13,-50
-36,-13,-50
-36,-13,-50
-36,-14,-50
-36,-13,-50
-36,-13,-50
-36,-13,-51
-36,-13,-50
-36,-13,-50
-36,-13,-50
-36,-13,-49
-36,-13,-48
-36,-13,-50
-36,-14,-52
-35,-13,-51
-35,-13,-51
-37,-12,-50
-36,-13,-50
-35,-13,-51
-36,-13,-51
-36,-13,-51
-36,-13,-51
-36,-12,-50
-37,-12,-50
-36,-12,-50
-35,-12,-50
-36,-12,-50
-37,-12,-51
-36,-12,-51
-36,-13,-51
-37,-13,-52
-36,-12,-50
-36,-12,-49
-36,-12,-49
-37,-11,-49
-36,-12,-50
-37,-12,-50
-36,-13,-50
-36,-12,-50
-38,-11,-51
-36,-12,-51
-36,-13,-50
-37,-13,-51
-39,-12,-51
-39,-13,-51
-35,-14,-50
-31,-13,-47
-37,-14,-51
-36,-14,-51
-37,-14,-51
-36,-14,-49
-36,-14,-49
-36,-14,-50
-36,-14,-49
-36,-14,-49
-36,-14,-49
-36,-14,-50
-36,-14,-50
-36,-14,-50
-36,-14,-49
-36,-14,-49
-36,-14,-49
-36,-14,-49
-36,-14,-50
-36,-14,-49
-36,-14,-49
-36,-14,-49
-36,-14,-50
-36,-14,-49
-36,-14,-50
-36,-14,-50
-36,-14,-50
-36,-14,-49
-36,-15,-49
-36,-15,-50
-36,-14,-49
-36,-14,-49
-36,-14,-49
-36,-14,-50
-36,-14,-50
-36,-14,-49
-36,-14,-49
-37,-14,-50
-36,-14,-50
-36,-14,-49
-36,-14,-49
-36,-14,-50
-36,-14,-50
-36,-14,-50
-36,-14,-49
-36,-14,-49
-36,-14,-49
-36,-14,-49
-37,-15,-50
-36,-14,-49
-36,-14,-49
-36,-14,-49
-36,-14,-50
-36,-14,-50
-36,-14,-50
-36,-14,-49
-36,-14,-49
-36,-15,-50
-36,-14,-50
-36,-14,-49
-36,-14,-49
-36,-14,-50
-36,-14,-50
-36,-14,-50
-36,-14,-50
-36,-14,-49
-36,-14,-50
-36,-14,-49
-36,-14,-49
-36,-14,-50
-36,-14,-49
-36,-14,-50
-36,-14,-50
-37,-14,-50
-36,-14,-49
-36,-14,-49
-36,-15,-50
-36,-15,-50
-36,-14,-50
-36,-14,-50
-36,-15,-50
-36,-15,-49
-36,-14,-50
-36,-15,-49
-36,-14,-49
-36,-14,-50
-36,-14,-50
-36,-14,-50
-36,-14,-50
-36,-14,-49
-36,-14,-49
-36,-15,-50
-36,-15,-50
-36,-15,-49
-36,-14,-50
-36,-14,-50
-36,-14,-50
-36,-15,-49
-36,-15,-49
-36,-15,-50
-36,-14,-50
-36,-15,-49
-36,-14,-50
-36,-15,-50
-36,-15,-50
-36,-15,-50
-36,-14,-50
-36,-15,-50
-36,-15,-49
-36,-15,-50
-36,-15,-50
-36,-14,-50
-36,-14,-50
-36,-15,-50
-36,-15,-49
-36,-15,-50
-36,-15,-50
-36,-15,-50
-36,-15,-49
-36,-15,-49
-36,-15,-50
-36,-14,-50
-36,-15,-49
-36,-14,-49
-36,-15,-49
-36,-15,-50
-36,-15,-50
-36,-15,-49
-36,-15,-50
-36,-15,-50
-36,-14,-50
-36,-15,-49
-36,-15,-49
-36,-14,-50
-36,-15,-50
-36,-15,-49
-36,-14,-49
-36,-15,-50
-36,-15,-50
-36,-15,-50
-36,-15,-50
-36,-15,-49
-36,-15,-50
-36,-15,-49
-36,-15,-50
-36,-15,-50
-36,-15,-50
-36,-15,-49
-36,-15,-50
-36,-15,-49
-36,-14,-49
-36,-15,-50
-36,-15,-49
-36,-14,-50
-36,-15,-50
-36,-14,-50
-36,-15,-50
-36,-14,-49
-36,-15,-50
-36,-15,-50
-36,-14,-49
-36,-14,-50
-36,-15,-50
-36,-15,-50
-36,-15,-50
-36,-15,-49
-36,-14,-49
-36,-14,-50
-36,-14,-50
-36,-14,-50
-36,-14,-50
-36,-15,-50
-36,-14,-49
-36,-14,-50
-36,-14,-49
-36,-14,-50
-36,-14,-50
-36,-14,-50
-36,-14,-50
-36,-14,-50
-36,-14,-50
-36,-14,-50
-36,-14,-50
-36,-14,-49
-36,-15,-49
-36,-15,-50
-36,-15,-50
-36,-15,-49
-36,-14,-50
-36,-14,-50
-37,-14,-49
-37,-14,-50
-36,-14,-50
-36,-14,-49
-36,-15,-49
-36,-15,-50
-36,-15,-50
-36,-15,-50
-37,-14,-49
-36,-14,-49
-36,-14,-50
-37,-15,-49
-36,-14,-49
-36,-15,-51
-36,-15,-50
-37,-14,-49
-36,-14,-49
-37,-15,-49
-37,-14,-49
-37,-15,-48
-36,-15,-50
-36,-15,-49
-36,-15,-48
-36,-15,-49
-36,-15,-49
-37,-15,-49
-37,-14,-49
-36,-14,-50
-36,-14,-49
-36,-15,-50
-36,-15,-50
-36,-15,-49
-36,-15,-49
-36,-15,-50
-36,-15,-50
-36,-15,-49
-36,-15,-50
-36,-15,-50
-36,-14,-49
-36,-15,-49
-36,-15,-49
-36,-15,-49
-36,-15,-50
-36,-14,-50
-36,-15,-49
-36,-15,-50
-36,-15,-50
-36,-14,-49
-36,-15,-50
-36,-15,-49
-36,-15,-49
-36,-15,-49
-36,-15,-49
-36,-15,-50
-36,-15,-49
-36,-15,-49
-36,-15,-49
-36,-15,-49
-36,-15,-50
-36,-15,-50
-36,-15,-50
-36,-15,-49
-36,-14,-49
-36,-15,-50
-36,-15,-49
-36,-15,-50
-36,-15,-49
-36,-15,-49
-36,-15,-49
-36,-15,-50
-36,-15,-49
-36,-15,-49
-36,-14,-50
-36,-15,-49
-36,-15,-50
-36,-14,-50
-36,-14,-49
-36,-15,-49
-36,-15,-50
-36,-15,-49
-36,-15,-49
-36,-15,-49
-36,-15,-50
-36,-15,-49
-36,-15,-49
-36,-14,-50
-36,-14,-49
-36,-14,-49
-36,-14,-50
-36,-14,-50
-36,-15,-50
-36,-15,-50
-36,-15,-49
-36,-15,-49
-37,-14,-52
-38,-14,-51
-35,-13,-47
-36,-15,-48
-37,-14,-49
-36,-15,-48
-36,-15,-50
-36,-15,-50
-36,-15,-50
-36,-14,-50
-36,-14,-50
-36,-15,-50
-36,-14,-51
-36,-14,-49
-36,-14,-49
-36,-14,-50
-36,-14,-50
-36,-14,-49
-36,-14,-49
-37,-14,-50
-37,-14,-51
-36,-14,-49
-36,-15,-49
-36,-15,-50
-36,-15,-50
-36,-14,-49
-36,-14,-49
-36,-14,-50
-36,-14,-50
-36,-15,-50
-36,-15,-50
-36,-15,-50
-36,-15,-50
-36,-14,-49
-36,-14,-50
-36,-14,-50
-36,-15,-50
-36,-15,-50
-36,-15,-50
-36,-15,-50
-36,-14,-49
-36,-14,-49
-36,-14,-50
-36,-14,-50
-36,-15,-49
-36,-15,-50
-36,-15,-50
-36,-14,-50
-36,-14,-49
-36,-14,-50
-36,-15,-49
-36,-15,-50
-36,-15,-50
-36,-15,-50
-36,-15,-50
-36,-15,-50
-36,-14,-49
-36,-14,-50
-37,-14,-50
-36,-15,-50
-36,-15,-50
-36,-15,-50
-36,-15,-50
-36,-15,-50
-36,-14,-50
-36,-14,-50
-37,-14,-49
-36,-15,-49
-36,-14,-49
-36,-15,-50
-36,-15,-50
-36,-15,-50
-36,-14,-50
-36,-14,-50
-36,-15,-50
-37,-15,-50
-36,-14,-50
-36,-15,-50
-36,-14,-50
-36,-14,-49
-36,-14,-50
-36,-14,-50
-36,-14,-49
-36,-15,-50
-36,-15,-50
-36,-15,-49
-36,-14,-50
-36,-14,-50
-36,-14,-50
-36,-14,-50
-36,-14,-49
-36,-14,-49
-36,-15,-50
-36,-15,-50
-36,-14,-49
-36,-14,-49
-36,-14,-50
-36,-14,-50
-36,-14,-50
-36,-14,-50
-36,-15,-50
-36,-15,-50
-36,-14,-50
-36,-14,-49
-36,-14,-50
-36,-14,-50
-36,-14,-50
-36,-14,-50
-36,-14,-50
-36,-14,-49
-36,-15,-49
-36,-15,-50
-36,-14,-50
-36,-14,-49
-36,-14,-50
-36,-14,-50
-36,-14,-50
-36,-14,-50
-36,-14,-49
-36,-15,-50
-36,-15,-50
-36,-14,-50
-36,-14,-50
-36,-14,-50
-36,-14,-50
-36,-14,-50
-35,-15,-50
-36,-15,-49
-37,-14,-50
-36,-14,-49
-36,-14,-50
-36,-14,-50
-36,-14,-50
-36,-14,-50
-36,-14,-50
-37,-14,-50
-37,-14,-50
-36,-14,-49
-36,-14,-49
-36,-14,-50
-37,-14,-50
-36,-14,-49
-36,-14,-50
-37,-14,-50
-36,-14,-49
-36,-14,-49
-36,-14,-50
-36,-14,-49
-36,-14,-50
-36,-14,-49
-37,-14,-50
-37,-14,-50
-37,-14,-50
-36,-14,-49
-36,-14,-49
-36,-14,-50
-36,-14,-50
-36,-14,-50
-36,-14,-49
-37,-14,-50
-36,-14,-50
-36,-14,-49
-36,-15,-49
-36,-14,-50
-36,-14,-50
-36,-14,-50
-36,-14,-50
-36,-14,-49
-36,-14,-49
-36,-14,-50
-36,-14,-50
-36,-14,-49
-36,-14,-49
-36,-14,-50
-36,-14,-49
-36,-14,-50
-36,-14,-50
-36,-15,-50
-36,-15,-49
-36,-14,-49
-36,-14,-50
-36,-14,-49
-36,-14,-49
-37,-14,-50
-36,-14,-50
-36,-14,-50
-36,-14,-50
-36,-14,-50
-36,-14,-49
-36,-14,-50
-36,-14,-49
-36,-15,-49
-36,-14,-49
-36,-14,-49
-36,-14,-50
-36,-14,-50
-36,-14,-50
-36,-14,-50
-36,-14,-50
-36,-14,-50
-36,-14,-50
-36,-14,-49
-36,-14,-50
-36,-15,-50
-36,-14,-49
-36,-14,-50
-36,-14,-50
-36,-14,-50
-36,-14,-50
-37,-15,-49
-37,-14,-49
-36,-15,-50
-36,-14,-49
-36,-15,-49
-37,-15,-49
-37,-15,-51
-37,-15,-51
-36,-15,-49
-36,-14,-49
-36,-14,-49
-35,-14,-49
-35,-15,-49
-35,-14,-49
-36,-14,-50
-36,-14,-50
-36,-15,-50
-37,-15,-50
-38,-14,-49
-37,-15,-49
-37,-14,-49
-45,-13,-48
-44,-13,-48
-46,-12,-54
-47,-12,-53
-50,-11,-49
-47,-13,-45
-45,-12,-43
-52,-18,-48
-44,-20,-37
-43,-20,-32
-44,-23,-34
-45,-24,-34
-44,-26,-34
-42,-26,-36
-40,-27,-42
-52,-29,-52
-49,-32,-49
-44,-32,-40
-44,-33,-37
-44,-32,-36
-37,-32,-29
-38,-32,-32
-45,-32,-39
-40,-32,-31
-37,-32,-29
-34,-35,-26
-32,-36,-26
-25,-40,-36
-30,-41,-43
-26,-40,-41
-23,-40,-39
-20,-41,-39
-18,-42,-38
-16,-43,-38
-17,-44,-40
-15,-45,-41
-16,-45,-40
-18,-44,-38
-19,-45,-39
-18,-46,-40
-19,-46,-39
-19,-46,-39
-19,-46,-38
-19,-46,-38
-20,-45,-39
-21,-45,-39
-20,-46,-39
-20,-46,-38
-21,-45,-37
-21,-45,-37
-20,-44,-39
-19,-43,-40
-19,-43,-43
-19,-43,-43
-20,-45,-42
-20,-45,-41
-18,-45,-41
-19,-45,-41
-20,-44,-44
-20,-43,-45
-19,-44,-45
-19,-44,-44
-17,-44,-39
-16,-44,-39
-17,-44,-42
-18,-44,-42
-17,-43,-43
-16,-43,-44
-14,-43,-43
-10,-43,-40
-10,-46,-46
-17,-43,-44
-13,-45,-43
-8,-48,-43
-7,-47,-43
-5,-49,-45
-5,-49,-44
-7,-47,-36
-6,-47,-37
-7,-49,-41
-6,-49,-39
-7,-50,-38
-9,-49,-37
-7,-50,-36
-8,-50,-37
-11,-50,-37
-9,-50,-36
-11,-50,-36
-14,-51,-36
-15,-51,-32
-17,-51,-31
-18,-50,-30
-19,-50,-32
-22,-50,-33
-26,-51,-36
-33,-51,-38
-28,-51,-29
-25,-51,-23
-30,-51,-17
-33,-51,-15
-39,-50,-13
-41,-50,-12
-40,-49,-6
-40,-48,-1
-35,-49,10
-32,-50,13
-40,-50,10
-45,-49,8
-39,-47,12
-44,-46,11
-46,-43,12
-44,-42,15
-42,-43,21
-40,-42,25
-28,-42,32
-22,-40,37
-17,-39,43
-17,-38,45
-19,-37,47
-24,-34,47
-23,-34,47
-19,-33,50
-20,-33,51
-15,-32,55
-15,-30,56
-16,-28,57
-14,-28,57
-13,-26,56
-13,-25,58
-13,-24,61
-12,-24,61
-11,-23,60
-11,-23,59
-11,-23,60
-10,-23,59
-9,-22,59
-7,-21,60
-6,-21,60
-6,-20,60
-3,-19,63
-2,-19,63
-1,-17,61
0,-15,63
0,-15,64
3,-15,63
5,-15,64
8,-14,65
8,-14,65
12,-14,65
12,-14,63
13,-14,62
16,-13,61
19,-12,61
20,-13,62
13,-13,57
13,-13,56
20,-11,57
19,-10,57
25,-10,58
29,-9,56
28,-8,54
27,-8,53
24,-7,56
18,-6,59
23,-6,57
27,-6,56
27,-5,56
27,-4,58
26,-4,59
26,-4,59
26,-4,59
25,-4,58
25,-4,58
26,-5,57
26,-4,58
26,-4,58
26,-4,58
26,-4,58
25,-3,58
23,-4,58
23,-4,58
23,-3,60
22,-3,60
24,-3,59
26,-4,58
26,-4,58
25,-4,58
24,-4,59
23,-4,59
23,-4,58
25,-4,59
24,-4,59
22,-4,59
23,-4,60
23,-4,61
20,-4,60
18,-4,60
22,-4,62
17,-4,61
14,-4,60
11,-4,60
14,-4,61
19,-5,61
19,-5,61
19,-5,60
20,-4,60
22,-4,61
23,-4,61
23,-4,60
22,-4,59
21,-4,61
22,-4,61
22,-4,61
23,-4,61
23,-4,60
22,-4,59
21,-4,61
22,-4,61
20,-5,57
18,-5,58
14,-4,61
11,-4,65
13,-3,66
9,-3,64
7,-3,64
8,-4,65
9,-4,65
4,-5,63
8,-6,64
9,-5,66
-1,-5,63
-3,-5,64
-1,-5,65
-7,-5,62
-7,-5,63
-10,-5,61
-15,-5,56
-15,-6,57
-15,-5,61
-14,-5,62
-12,-4,64
-15,-3,64
-18,-3,63
-20,-4,61
-15,-4,63
-14,-5,63
-18,-4,62
-17,-4,62
-15,-3,63
-15,-3,64
-18,-2,61
-19,-2,59
-9,-2,62
-8,-3,61
-11,-3,61
-7,-2,65
-11,-2,64
-13,-2,63
-13,-3,63
-11,-3,64
-9,-3,64
-7,-3,64
-1,-2,65
2,-2,66
2,-1,65
1,-2,64
1,-2,63
1,-2,63
2,-2,63
4,-1,64
4,-1,64
4,-1,64
3,-2,64
3,-2,64
3,-2,64
1,-1,64
1,-2,64
2,-1,64
2,-1,64
4,-2,65
5,-1,66
-1,-2,63
-2,-2,62
-1,-2,64
1,-2,65
0,-2,63
0,-2,63
-1,-1,65
0,-1,65
1,-1,65
2,-2,64
3,-2,64
5,-4,63
5,-5,62
13,-7,59
13,-8,59
6,-9,52
2,-9,51
1,-7,56
3,-5,59
0,0,65
-4,2,68
-19,1,66
-21,3,68
-16,5,63
-30,5,51
-44,5,40
-50,6,37
-71,6,26
-77,4,19
-80,0,10
-72,-2,11
-65,-3,6
-66,-4,4
-69,-6,0
-68,-8,3
-62,-11,4
-63,-9,4
-63,-8,2
-59,-6,5
-54,-7,9
-46,-2,13
-42,0,15
-35,11,28
-32,17,36
-88,42,112
-79,15,39
-49,21,31
-65,15,36
-54,9,38
-45,6,43
-47,5,43
-52,4,41
-50,5,45
-45,5,46
-40,3,48
-37,-1,49
-35,-4,50
-35,-5,49
-33,-5,53
-32,0,52
-51,1,45
-55,1,44
-51,2,46
-49,1,46
-49,-1,45
-47,-2,43
-47,-4,42
-42,-7,46
-40,-7,48
-35,-6,51
-36,-6,50
-38,-8,50
-39,-7,50
-38,-7,50
-37,-7,50
-36,-7,51
-36,-8,52
-37,-8,51
-43,-8,50
-39,-6,50
-38,-7,48
-40,-8,50
-38,-8,54
-37,-7,52
-37,-8,51
-37,-9,52
-34,-10,51
-33,-11,52
-33,-10,53
-33,-10,53
-32,-9,51
-31,-8,51
-36,-9,53
-34,-9,56
-24,-7,60
-33,-5,56
-38,-5,51
-46,-6,41
-61,-7,19
-65,-10,10
-58,-19,-2
-71,-18,-13
-73,-18,-33
-75,-18,-42
-59,-26,-39
-56,-28,-44
-52,-28,-48
-46,-30,-48
-39,-32,-50
-25,-35,-48
-21,-32,-44
-19,-28,-35
-17,-27,-30
-8,-32,-25
-7,-37,-23
-23,-50,-26
-9,-50,-18
4,-64,-17
7,-69,-22
7,-62,-28
4,-61,-13
-3,-55,-20
1,-53,-22
6,-58,-28
8,-58,-25
0,-56,-23
0,-58,-23
3,-59,-25
-3,-58,-24
2,-60,-25
5,-59,-25
5,-57,-27
0,-58,-29
2,-59,-29
-5,-59,-29
-4,-57,-30
-7,-53,-29
-5,-57,-27
6,-57,-23
-8,-58,-30
-11,-56,-29
-10,-62,-32
-6,-57,-26
-7,-57,-26
-8,-58,-29
-12,-55,-30
-11,-58,-26
-12,-56,-23
-11,-58,-21
-13,-56,-22
-16,-56,-22
-19,-57,-25
-17,-55,-23
-17,-56,-24
-16,-56,-25
-17,-56,-26
-18,-56,-25
-17,-57,-26
-17,-56,-25
-18,-55,-25
-19,-56,-25
-20,-55,-24
-25,-54,-24
-14,-55,-26
-12,-58,-24
-32,-51,-29
-17,-56,-25
-22,-57,-27
-19,-56,-24
-20,-56,-22
-19,-56,-21
-20,-56,-20
-20,-56,-19
-21,-56,-18
-23,-55,-17
-24,-55,-16
-24,-56,-16
-23,-57,-16
-24,-58,-17
-23,-58,-16
-21,-57,-16
-21,-57,-16
-20,-57,-17
-21,-57,-17
-22,-57,-18
-22,-56,-19
-23,-57,-20
-23,-57,-20
-24,-57,-20
-24,-57,-20
-28,-56,-21
-30,-57,-21
-41,-56,-24
-41,-57,-24
-37,-60,-23
-39,-60,-20
-26,-61,-11
-23,-62,-11
-19,-54,-6
-12,-50,-1
-4,-45,1
0,-46,5
7,-54,11
12,-56,17
2,-63,17
-5,-61,23
-7,-67,28
-9,-67,15
-20,-66,7
-25,-64,-2
-26,-60,-6
-32,-56,4
-26,-56,18
-25,-59,12
-25,-62,6
-19,-61,12
-21,-59,14
-23,-60,11
-18,-61,10
-20,-59,-1
-27,-59,-1
-19,-57,10
-15,-58,8
-27,-61,-4
-27,-60,-6
-17,-59,3
-19,-58,0
-17,-61,-4
-14,-62,-2
-14,-62,-2
-16,-60,3
-16,-59,3
-29,-64,-11
-28,-65,-11
-20,-59,-6
-14,-56,3
-21,-60,2
-22,-58,0
-18,-60,-11
-17,-59,-8
-22,-57,-1
-24,-58,-5
-20,-61,-3
-21,-60,-2
-17,-56,1
-15,-55,-2
-14,-55,-5
-14,-55,1
-15,-53,5
-16,-53,-2
-30,-54,-15
-19,-50,-7
-50,-52,-28
-41,-47,-26
-56,-46,-36
-58,-46,-32
-56,-44,-30
-50,-41,-21
-52,-43,-15
-51,-45,-15
-49,-43,-18
-42,-42,-6
-43,-42,-1
-46,-38,-4
-45,-40,-5
-44,-36,-1
-47,-38,-4
-48,-38,-9
-54,-38,-12
-54,-39,-10
-52,-38,-8
-53,-38,-10
-56,-38,-13
-53,-37,-9
-52,-36,-8
-53,-37,-12
-52,-38,-12
-51,-36,-9
-55,-37,-10
-55,-38,-11
-53,-36,-7
-56,-37,-7
-62,-38,-12
-63,-39,-12
-47,-39,5
-50,-38,7
-54,-40,7
-52,-39,9
-45,-41,12
-44,-42,16
-52,-50,7
-42,-48,14
-21,-52,30
-13,-55,32
-15,-55,23
-23,-56,19
-13,-50,33
-8,-52,32
0,-56,21
-7,-57,16
-16,-56,20
-18,-58,16
-19,-57,16
-21,-53,15
-26,-55,13
-22,-56,17
-18,-56,17
-19,-56,22
-18,-55,21
-18,-59,18
-19,-60,19
-19,-60,22
-22,-60,21
-17,-57,25
-16,-57,26
-18,-61,23
-12,-60,20
-14,-59,18
-17,-58,20
-12,-58,22
-12,-59,20
-14,-58,18
-12,-56,22
-16,-60,22
-14,-59,21
-15,-60,18
-15,-58,18
-15,-59,18
-13,-59,18
-13,-59,16
-14,-60,17
-18,-60,17
-17,-59,17
-16,-58,18
-15,-58,18
-15,-58,18
-15,-58,20
-16,-59,20
-17,-58,20
-17,-59,19
-15,-59,20
-14,-60,20
-15,-59,19
-14,-59,19
-14,-58,20
-14,-58,19
-15,-57,20
-17,-58,20
-15,-59,21
-14,-58,20
-14,-59,22
-16,-59,20
-14,-59,20
-15,-58,20
-17,-59,19
-15,-59,20
-14,-57,20
-14,-58,21
-16,-59,20
-16,-59,21
-16,-59,21
-15,-59,19
-15,-59,19
-15,-58,21
-14,-58,21
-16,-58,20
-16,-58,20
-16,-59,21
-16,-59,20
-16,-59,20
-15,-59,21
-15,-59,21
-15,-59,20
-15,-58,20
-15,-59,19
-16,-59,19
-16,-58,20
-16,-57,21
-15,-59,21
-16,-59,21
-16,-59,21
-16,-59,20
-15,-58,20
-15,-58,20
-15,-58,20
-15,-59,20
-14,-59,19
-14,-60,19
-16,-58,19
-16,-57,20
-15,-59,21
-14,-58,22
-18,-58,23
-17,-58,22
-13,-59,21
-14,-58,23
-15,-59,21
-18,-58,21
-19,-57,21
-19,-58,21
-17,-57,21
-17,-57,23
-18,-57,21
-18,-56,21
-17,-57,21
-18,-58,22
-17,-58,22
-20,-58,20
-18,-57,21
-15,-57,24
-17,-57,22
-15,-58,23
-16,-57,23
-17,-57,22
-16,-58,22
-16,-56,22
-16,-57,23
-17,-57,24
-18,-57,23
-17,-58,23
-15,-58,24
-17,-58,23
-16,-58,22
-16,-57,22
-17,-58,22
-16,-57,22
-14,-56,25
-15,-57,24
-15,-57,24
-15,-58,23
-17,-57,22
-15,-57,23
-13,-58,24
-14,-57,24
-13,-58,22
-14,-58,23
-14,-58,24
-13,-56,24
-15,-57,23
-13,-57,25
-14,-57,23
-14,-58,23
-14,-58,24
-13,-57,24
-14,-57,24
-15,-57,23
-13,-57,23
-14,-57,24
-15,-57,23
-15,-58,24
-14,-58,24
-14,-57,24
-14,-58,23
-14,-57,23
-14,-57,23
-13,-57,23
-14,-57,23
-12,-56,23
-15,-57,21
-9,-54,25
-5,-53,26
-25,-59,18
-6,-55,33
-14,-56,33
-23,-59,30
-20,-57,33
-22,-57,28
-25,-56,24
-31,-55,23
-27,-57,16
-29,-56,16
-23,-57,21
-26,-57,14
-33,-56,7
-22,-55,21
-25,-55,19
-25,-56,12
-27,-58,12
-23,-59,16
-20,-58,14
-24,-60,6
-21,-60,11
-20,-58,14
-22,-59,11
-18,-59,11
-19,-58,14
-20,-58,15
-17,-59,16
-21,-59,15
-21,-59,17
-18,-57,17
-24,-57,19
-21,-58,19
-24,-59,15
-23,-59,15
-18,-59,15
-20,-58,16
-21,-58,16
-19,-58,16
-22,-57,13
-21,-58,15
-24,-57,16
-23,-58,16
-25,-57,15
-23,-57,15
-25,-58,14
-22,-58,15
-23,-57,15
-23,-57,14
-24,-59,14
-23,-58,16
-26,-59,14
-24,-59,15
-21,-58,16
-21,-58,16
-21,-58,17
-22,-58,16
-23,-58,16
-23,-57,16
-23,-58,16
-21,-57,16
-23,-57,17
-20,-58,18
-20,-58,18
-21,-59,17
-21,-58,17
-21,-58,18
-21,-58,16
-21,-59,18
-20,-58,18
-21,-58,17
-21,-58,17
-21,-57,17
-18,-57,18
-20,-57,17
-19,-57,18
-22,-58,17
-21,-56,18
-23,-58,17
-21,-58,18
-22,-58,17
-20,-58,16
-21,-58,17
-20,-58,18
-20,-57,17
-21,-58,17
-20,-57,19
-24,-57,17
-21,-57,18
-20,-58,17
-20,-58,17
-20,-56,17
-17,-56,20
-21,-56,19
-21,-58,20
-18,-58,23
-28,-58,18
-24,-57,17
-23,-57,17
-22,-57,18
-21,-57,19
-21,-58,18
-20,-57,19
-21,-58,19
-21,-57,18
-20,-56,19
-21,-57,21
-22,-57,20
-21,-57,19
-21,-57,19
-21,-57,19
-22,-57,18
-21,-58,19
-21,-57,20
-22,-57,19
-20,-57,20
-22,-57,20
-22,-58,19
-21,-56,19
-21,-57,19
-20,-57,20
-21,-56,19
-21,-57,19
-21,-57,20
-23,-57,20
-22,-57,20
-20,-58,20
-21,-57,20
-22,-57,19
-21,-57,19
-21,-57,19
-20,-57,19
-19,-57,20
-21,-57,19
-21,-57,20
-24,-58,18
-22,-56,19
-19,-58,20
-21,-57,20
-20,-57,21
-17,-57,22
-18,-56,20
-19,-57,20
-19,-57,20
-18,-57,20
-18,-57,20
-19,-57,20
-19,-57,20
-18,-58,21
-20,-57,20
-21,-58,19
-19,-57,19
-19,-56,21
-20,-58,20
-19,-57,20
-20,-57,19
-18,-57,20
-18,-57,20
-20,-57,20
-20,-58,20
-19,-57,20
-19,-57,21
-20,-57,20
-19,-57,20
-20,-57,19
-19,-57,20
-22,-58,21
-22,-58,20
-19,-58,21
-20,-58,21
-19,-58,20
-19,-57,20
-21,-58,20
-19,-57,21
-19,-58,20
-19,-58,20
-19,-56,21
-19,-57,20
-18,-56,21
-19,-57,20
-19,-57,21
-19,-57,21
-17,-57,23
-18,-57,23
-18,-57,21
-18,-57,23
-19,-58,22
-19,-57,21
-19,-57,21
-19,-57,21
-20,-57,21
-18,-57,22
-19,-57,22
-18,-57,21
-18,-58,22
-18,-57,21
-18,-57,21
-19,-57,22
-17,-57,22
-18,-56,22
-20,-57,23
-17,-57,21
-20,-57,20
-18,-57,21
-15,-56,21
-12,-55,24
-22,-58,19
-13,-56,24
-13,-55,24
-16,-58,20
-21,-56,22
-22,-56,23
-17,-56,23
-23,-54,23
-24,-56,21
-34,-56,18
-45,-56,20
-34,-56,21
-28,-54,15
-29,-52,18
-25,-52,18
-28,-51,13
-35,-55,13
-34,-54,15
-33,-58,6
-28,-57,9
-30,-58,11
-22,-56,11
-27,-57,6
-27,-55,12
-31,-57,12
-30,-56,10
-31,-56,9
-32,-57,8
-33,-57,8
-26,-56,10
-27,-56,10
-29,-57,10
-28,-57,8
-30,-56,7
-29,-56,9
-29,-57,7
-27,-57,8
-27,-57,10
-28,-57,8
-30,-58,6
-29,-59,5
-30,-57,6
-31,-58,6
-27,-58,7
-23,-56,15
-27,-57,14
-25,-56,17
-23,-55,19
-27,-56,14
-24,-55,18
-24,-56,19
-27,-58,16
-25,-56,16
-22,-57,17
-22,-56,17
-20,-56,17
-27,-57,16
-29,-57,15
-25,-57,15
-23,-57,17
-24,-57,16
-24,-57,15
-22,-56,18
-23,-56,19
-23,-57,16
-25,-57,16
-24,-56,18
-24,-56,18
-25,-57,17
-24,-56,19
-23,-56,19
-22,-56,18
-25,-57,16
-23,-57,18
-25,-57,17
-23,-58,18
-24,-57,17
-23,-58,17
-23,-58,19
-24,-56,17
-23,-57,18
-23,-56,18
-23,-57,17
-25,-56,17
-23,-57,19
-22,-56,19
-21,-56,18
-24,-57,18
-24,-57,17
-21,-57,19
-22,-57,18
-22,-56,18
-23,-57,18
-20,-57,19
-22,-57,18
-23,-57,18
-21,-56,18
-21,-56,21
-24,-57,19
-22,-58,18
-22,-57,19
-22,-57,19
-20,-56,21
-19,-55,20
-23,-56,20
-22,-56,21
-20,-57,23
-22,-57,20
-21,-57,20
-20,-57,21
-22,-56,20
-22,-57,19
-25,-57,19
-22,-56,21
-20,-56,20
-24,-57,20
-23,-57,18
-21,-56,20
-22,-56,20
-21,-56,19
-22,-56,21
-25,-58,20
-23,-57,19
-21,-56,20
-22,-57,21
-22,-55,21
-23,-55,20
-22,-56,20
-21,-56,22
-22,-56,21
-21,-57,20
-22,-56,20
-19,-56,21
-20,-57,23
-21,-56,22
-21,-57,21
-22,-56,23
-19,-57,23
-18,-56,24
-20,-56,23
-19,-55,22
-19,-55,21
-20,-56,23
-20,-56,23
-20,-57,22
-21,-57,23
-20,-57,23
-20,-57,23
-19,-55,23
-20,-56,22
-21,-57,22
-21,-56,22
-18,-55,21
-18,-55,22
-18,-55,23
-20,-57,20
-25,-57,21
-23,-57,22
-18,-55,24
-17,-55,25
-27,-56,17
-27,-56,17
-22,-56,20
-19,-55,21
-21,-55,20
-24,-55,18
-24,-54,19
-28,-58,18
-26,-56,18
-21,-54,19
-24,-54,15
-23,-56,19
-23,-55,19
-32,-55,9
-40,-58,8
-28,-57,13
-27,-57,13
-34,-58,9
-30,-58,10
-25,-55,13
-33,-55,14
-20,-55,19
-21,-57,18
-27,-55,22
-29,-56,20
-24,-58,19
-22,-56,21
-22,-55,24
-21,-55,23
-21,-54,26
-22,-54,26
-18,-54,27
-18,-57,24
-17,-56,24
-18,-56,25
-16,-57,28
-14,-55,27
-14,-56,26
-12,-55,31
-11,-56,32
-6,-57,30
-3,-57,29
-1,-57,30
-3,-56,28
-1,-57,32
1,-57,30
2,-58,30
-1,-56,31
-2,-56,29
2,-55,30
3,-54,29
5,-54,26
4,-55,27
2,-57,30
1,-57,29
3,-58,28
2,-57,29
2,-57,29
2,-57,29
5,-57,29
5,-57,29
3,-57,29
4,-56,29
5,-57,28
3,-56,28
3,-56,30
4,-57,29
4,-56,28
4,-56,27
4,-56,30
5,-57,29
5,-56,28
6,-56,29
5,-57,28
5,-56,28
5,-57,29
5,-56,27
6,-57,27
5,-57,28
5,-56,28
5,-57,27
6,-57,26
5,-56,28
6,-56,29
5,-56,29
6,-56,28
7,-56,28
5,-57,28
3,-57,27
6,-57,29
4,-57,28
3,-56,28
6,-57,29
6,-56,28
5,-56,28
4,-57,29
4,-56,30
5,-55,30
5,-56,29
5,-55,31
3,-55,31
3,-56,29
5,-55,29
1,-55,31
1,-56,30
1,-56,28
0,-56,29
2,-56,31
1,-56,31
1,-56,30
0,-56,30
1,-56,30
0,-56,31
0,-56,31
1,-55,30
0,-56,30
-1,-56,30
-1,-56,31
-1,-57,30
-2,-56,29
-2,-57,29
0,-56,30
1,-56,31
2,-56,30
1,-56,30
0,-57,30
-1,-55,29
0,-56,29
1,-56,30
2,-56,30
1,-56,31
1,-56,30
1,-57,30
2,-56,30
1,-56,31
0,-56,31
3,-55,30
4,-55,30
0,-56,31
1,-55,30
1,-56,29
1,-56,30
3,-56,30
3,-56,31
1,-56,31
3,-56,29
4,-55,29
3,-56,31
1,-56,33
2,-56,32
1,-55,31
2,-55,29
2,-55,29
2,-55,31
2,-56,30
2,-55,30
2,-56,29
0,-57,32
0,-56,32
3,-57,29
3,-56,29
1,-55,31
1,-56,32
2,-56,29
2,-55,30
1,-56,30
1,-55,30
3,-55,30
3,-55,31
1,-56,32
2,-56,32
1,-55,32
2,-55,31
2,-55,30
2,-56,30
3,-55,29
4,-55,30
2,-54,33
0,-55,36
1,-56,35
3,-54,32
3,-54,32
4,-55,31
4,-55,32
1,-55,31
1,-55,31
2,-55,31
3,-54,31
3,-52,33
2,-53,32
3,-53,31
-1,-53,31
-1,-53,35
0,-54,35
-3,-54,34
-5,-55,35
-3,-55,34
-4,-53,35
-5,-53,35
-6,-52,39
-7,-52,35
-8,-51,37
-9,-51,36
-10,-51,36
-10,-51,37
-11,-50,37
-11,-50,38
-11,-50,37
-9,-50,38
-13,-49,40
-9,-51,42
-11,-51,41
-21,-50,35
-20,-48,40
-17,-48,38
-17,-46,33
-19,-46,36
-15,-48,38
-16,-45,39
-26,-41,48
-26,-43,52
-20,-43,45
-10,-44,30
-13,-41,32
-24,-40,42
-26,-42,39
-46,-37,39
-44,-40,43
-30,-48,34
-43,-44,31
-49,-38,41
-33,-43,43
-44,-32,37
-45,-31,39
-26,-26,41
-25,-25,36
-25,-13,52
-29,-8,60
-16,-11,51
-8,-10,46
-10,2,56
-14,8,71
-13,9,81
-13,3,74
-11,1,71
-8,-3,63
-6,-5,62
-3,-8,65
-3,-10,66
-11,-11,63
-13,-11,63
-14,-12,63
-16,-15,60
-20,-14,58
-19,-13,59
-21,-13,59
-19,-12,61
-17,-12,60
-19,-12,60
-17,-11,60
-16,-12,61
-19,-12,59
-19,-13,59
-18,-12,61
-20,-13,59
-17,-13,60
-11,-13,62
-13,-13,61
-17,-13,59
-12,-12,63
-13,-12,61
-17,-12,59
-16,-12,61
-17,-13,62
-19,-13,59
-17,-12,59
-19,-12,59
-19,-13,60
-20,-12,61
-20,-12,60
-20,-12,59
-19,-12,60
-18,-12,61
-19,-12,59
-19,-12,59
-19,-12,60
-19,-12,60
-19,-12,59
-22,-12,58
-21,-12,59
-22,-12,60
-21,-12,59
-21,-12,59
-22,-12,58
-21,-12,59
-20,-12,60
-21,-12,59
-21,-12,59
-21,-12,59
-21,-13,58
-21,-12,58
-22,-11,59
-22,-11,59
-20,-11,60
-19,-11,61
-20,-12,60
-20,-13,59
-20,-12,59
-20,-12,60
-20,-11,60
-21,-12,59
-20,-12,60
-20,-12,59
-21,-12,59
-20,-11,61
-20,-12,59
-21,-12,58
-21,-13,59
-22,-13,58
-20,-12,59
-20,-12,59
-20,-11,60
-20,-12,60
-19,-12,60
-17,-12,60
-21,-11,59
-22,-12,57
-23,-11,58
-29,-10,56
-33,-11,52
-52,-11,41
-47,-11,45
-48,-11,42
-46,-11,41
-52,-11,37
-50,-11,38
-51,-11,36
-52,-11,35
-54,-11,33
-50,-11,34
-56,-12,28
-57,-11,26
-60,-12,20
-63,-12,16
-60,-13,16
-66,-14,9
-69,-14,6
-63,-14,8
-59,-13,11
-60,-15,10
-60,-17,8
-61,-18,9
-61,-18,11
-58,-17,14
-61,-17,13
-61,-15,18
-58,-15,22
-53,-16,26
-52,-15,30
-52,-15,34
-51,-15,35
-52,-14,32
-53,-14,34
-53,-15,34
-54,-15,30
-56,-15,30
-54,-14,31
-54,-15,29
-58,-15,24
-57,-15,24
-58,-17,20
-60,-16,18
-61,-15,17
-61,-15,17
-60,-15,15
-60,-16,15
-58,-16,15
-59,-17,14
-61,-16,13
-61,-16,12
-63,-15,10
-62,-16,10
-56,-17,15
-61,-17,12
-62,-16,11
-62,-16,10
-62,-16,9
-62,-16,8
-62,-16,8
-60,-17,8
-57,-18,7
-63,-16,8
-63,-16,9
-58,-16,10
-59,-16,9
-63,-16,6
-63,-17,5
-62,-17,4
-62,-16,5
-61,-17,7
-60,-17,8
-63,-17,6
-61,-17,7
-61,-16,6
-60,-16,8
-61,-16,6
-62,-16,4
-62,-17,2
-63,-17,1
-63,-16,4
-63,-17,4
-60,-17,4
-62,-16,6
-61,-16,6
-61,-17,5
-61,-17,5
-62,-16,6
-61,-16,5
-61,-17,6
-62,-16,5
-62,-16,5
-61,-17,5
-62,-16,6
-61,-16,7
-61,-16,7
-61,-16,7
-61,-16,6
-61,-17,6
-62,-16,8
-62,-15,8
-61,-15,8
-61,-16,8
-61,-16,8
-61,-15,8
-61,-16,8
-61,-17,8
-61,-16,8
-61,-16,7
-61,-16,8
-62,-16,7
-62,-16,8
-62,-16,7
-61,-16,8
-63,-15,8
-61,-16,8
-62,-16,8
-60,-16,9
-61,-16,9
-61,-15,9
-64,-16,9
-63,-16,10
-65,-16,4
-72,-14,4
-55,-14,28
-53,-18,29
-53,-15,29
-53,-14,29
-52,-16,33
-51,-15,34
-53,-17,33
-55,-18,33
-58,-15,31
-55,-19,26
-55,-20,29
-56,-18,30
-56,-19,30
-55,-22,26
-54,-22,28
-52,-26,27
-56,-24,24
-46,-24,30
-49,-25,29
-47,-27,31
-46,-27,29
-52,-29,25
-56,-27,24
-52,-31,23
-51,-31,23
-50,-31,22
-47,-31,21
-49,-33,20
-51,-32,19
-50,-32,18
-44,-37,16
-49,-37,12
-50,-30,12
-56,-28,13
-57,-35,8
-55,-30,9
-60,-31,11
-58,-29,12
-54,-30,12
-53,-30,11
-55,-31,10
-56,-31,13
-52,-31,12
-55,-31,12
-55,-30,13
-54,-30,15
-55,-30,11
-55,-31,12
-57,-31,10
-58,-30,10
-55,-31,11
-55,-31,11
-55,-30,12
-54,-31,13
-53,-31,12
-55,-30,12
-56,-29,12
-54,-31,13
-55,-31,13
-55,-30,13
-54,-31,14
-52,-32,14
-52,-30,14
-56,-30,13
-55,-30,14
-54,-31,14
-56,-30,14
-56,-29,12
-54,-30,12
-53,-30,9
-53,-29,9
-56,-28,5
-54,-29,4
-58,-28,-1
-61,-26,-4
-59,-30,-4
-57,-30,-5
-57,-29,-6
-58,-28,-7
-57,-28,-7
-56,-27,-7
-54,-29,-8
-55,-29,-9
-56,-29,-9
-58,-29,-9
-56,-25,-9
-56,-26,-7
-49,-29,-7
-52,-25,-10
-53,-29,-17
-55,-26,-24
-52,-26,-26
-52,-27,-35
-49,-29,-38
-41,-28,-39
-45,-28,-42
-42,-28,-41
-39,-28,-42
-40,-24,-42
-36,-24,-41
-36,-22,-46
-35,-23,-45
-39,-24,-47
-36,-24,-50
-38,-24,-49
-30,-24,-47
-30,-23,-49
-33,-25,-51
-36,-23,-52
-37,-24,-51
-35,-22,-53
-37,-21,-48
-39,-23,-47
-41,-24,-44
-40,-23,-41
-42,-21,-38
-44,-21,-41
-38,-21,-42
-43,-18,-40
-43,-25,-43
-44,-20,-44
-42,-21,-44
-41,-22,-46
-43,-21,-42
-42,-21,-43
-44,-21,-43
-42,-22,-41
-43,-21,-41
-44,-19,-41
-42,-22,-43
-40,-25,-43
-47,-21,-41
-45,-21,-38
-47,-25,-38
-44,-20,-35
-46,-23,-36
-48,-22,-38
-46,-22,-35
-46,-23,-37
-47,-22,-33
-51,-23,-34
-51,-25,-34
-49,-24,-33
-56,-22,-23
-49,-24,-27
-54,-21,-27
-54,-21,-23
-55,-23,-30
-49,-21,-26
-50,-23,-28
-55,-20,-32
-54,-21,-26
-54,-19,-23
-49,-31,-34
-61,-3,-26
-52,-9,-36
-53,-18,-29
-54,-18,-28
-55,-17,-27
-54,-14,-30
-54,-16,-31
-54,-17,-31
-53,-17,-32
-52,-17,-31
-50,-17,-34
-53,-12,-33
-54,-13,-33
-54,-15,-36
-53,-14,-34
-52,-14,-33
-52,-14,-32
-53,-14,-31
-53,-16,-32
-54,-16,-30
-54,-16,-29
-54,-17,-29
-54,-25,-18
-76,18,-6
-55,-17,-38
-42,-21,-12
-55,-16,-27
-59,-15,-26
-59,-6,-26
-59,-8,-23
-57,-13,-24
-57,-11,-22
-58,-11,-28
-59,-10,-27
-57,-12,-25
-58,-9,-26
-56,-10,-24
-56,-13,-23
-59,-8,-25
-55,-14,-23
-58,-8,-30
-56,-8,-29
-54,-10,-31
-55,-9,-34
-54,-10,-32
-53,-8,-34
-54,-8,-36
-53,-8,-36
-53,-8,-31
-51,-10,-35
-51,-9,-38
-50,-9,-41
-49,-11,-38
-50,-9,-40
-48,-10,-42
-49,-11,-40
-48,-9,-35
-48,-9,-46
-46,-12,-47
-46,-9,-37
-46,-9,-41
-45,-11,-39
-46,-7,-45
-44,-11,-45
-43,-9,-46
-43,-10,-46
-41,-12,-46
-40,-11,-50
-39,-12,-48
-39,-10,-50
-39,-11,-47
-39,-11,-47
-39,-10,-50
-38,-12,-49
-36,-15,-48
-36,-12,-52
-36,-11,-51
-35,-13,-52
-35,-12,-50
-35,-12,-52
-35,-12,-53
-36,-12,-50
-37,-11,-51
-37,-12,-50
-37,-10,-51
-38,-8,-49
-37,-10,-50
-37,-11,-48
-38,-9,-48
-38,-8,-50
-36,-7,-52
-35,-9,-51
-34,-10,-58
-33,-8,-49
-33,-9,-52
-31,-11,-54
-29,-13,-56
-29,-9,-51
-28,-10,-55
-27,-11,-57
-27,-11,-55
-25,-13,-57
-26,-13,-63
-26,-12,-57
-24,-12,-58
-27,-12,-53
-28,-13,-54
-27,-11,-61
-26,-11,-56
-32,-10,-53
-27,-8,-61
-33,-8,-50
-35,-9,-48
-32,-12,-48
-33,-13,-55
-29,-12,-49
-34,-14,-49
-35,-13,-53
-31,-12,-58
-34,-8,-56
-35,-9,-53
-33,-13,-62
-35,-8,-47
-38,-9,-40
-43,-5,-50
-40,-3,-56
-46,-8,-42
-47,-9,-48
-47,-8,-57
-42,-7,-59
-60,-9,-38
-58,1,-21
-71,-26,-26
-77,-20,-9
-52,-18,-7
-57,-16,-9
-56,-15,-9
-52,-15,1
-47,-18,15
-65,-16,20
-51,-16,37
-43,-20,47
-47,-21,48
-35,-25,43
-32,-25,44
-32,-23,45
-22,-26,49
-19,-30,46
-26,-24,43
-8,-15,66
11,-32,64
-21,-28,47
-23,-27,52
-26,-28,56
-25,-25,56
-25,-29,55
-21,-34,49
-22,-33,48
-21,-34,52
-15,-22,53
-32,-32,48
-18,-29,51
-34,-28,42
-46,-24,35
-55,-33,24
-57,-33,20
-67,-24,20
-47,-37,23
-56,-26,24
-62,-30,18
-48,-31,26
-43,-32,31
-39,-35,29
-43,-34,26
-45,-36,24
-41,-36,28
-46,-37,23
-45,-37,24
-44,-41,23
-48,-40,23
-41,-41,25
-43,-43,21
-45,-40,19
-41,-41,22
-46,-42,18
-46,-41,17
-44,-42,17
-45,-42,16
-45,-43,16
-45,-42,15
-44,-44,15
-42,-43,17
-44,-43,15
-44,-43,15
-45,-43,15
-41,-44,18
-39,-43,19
-47,-43,16
-46,-43,17
-44,-43,19
-42,-43,19
-41,-44,18
-39,-43,20
-42,-42,18
-39,-43,18
-29,-44,20
-24,-44,23
-30,-35,16
-41,-38,8
-34,-38,24
-30,-31,-8
-64,-27,-23
-58,-32,-25
-53,-28,-24
-32,-39,-33
-52,-26,-45
-51,-12,-26
-48,-32,-37
-39,-26,-38
-47,-29,-42
-47,-22,-42
-41,-25,-43
-50,-26,-51
-42,-25,-46
-40,-22,-50
-44,-19,-51
-38,-22,-46
-41,-20,-42
-40,-28,-45
-42,-25,-46
-40,-23,-43
-39,-24,-44
-41,-24,-44
-41,-23,-41
-42,-24,-44
-41,-22,-42
-41,-22,-43
-42,-23,-40
-43,-23,-41
-43,-24,-41
-42,-24,-41
-43,-23,-41
-43,-24,-42
-59,-33,-20
-101,51,-76
-47,-19,-42
-36,-25,-46
-39,-24,-44
-39,-20,-43
-43,-17,-43
-42,-18,-45
-41,-17,-45
-40,-17,-46
-40,-16,-45
-41,-14,-49
-41,-17,-43
-40,-17,-45
-41,-16,-45
-41,-17,-45
-41,-17,-45
-42,-17,-46
-41,-16,-44
-42,-17,-43
-42,-17,-43
-42,-18,-45
-41,-18,-43
-42,-18,-45
-41,-19,-45
-40,-19,-44
-39,-20,-45
-41,-19,-46
-40,-19,-47
-39,-20,-45
-39,-20,-45
-37,-19,-46
-38,-19,-48
-38,-20,-48
-38,-19,-47
-37,-20,-48
-36,-20,-46
-36,-20,-48
-36,-20,-49
-37,-20,-49
-36,-18,-48
-36,-19,-47
-36,-20,-50
-33,-21,-49
-34,-22,-49
-34,-22,-48
-34,-21,-49
-36,-20,-48
-35,-20,-48
-35,-20,-48
-34,-19,-50
-35,-20,-49
-33,-20,-48
-32,-20,-49
-32,-20,-49
-31,-20,-52
-30,-20,-52
-26,-19,-53
-25,-15,-54
-22,-19,-56
-26,-18,-52
-31,-17,-54
-32,-16,-55
-29,-15,-57
-27,-13,-52
-32,-13,-56
-29,-15,-55
-27,-12,-50
-24,-12,-56
-26,-11,-59
-24,-13,-57
-23,-14,-57
-25,-14,-56
-25,-14,-58
-26,-15,-58
-25,-14,-58
-24,-12,-52
-31,-15,-47
-30,-13,-54
-22,-11,-56
-22,-15,-54
-24,-11,-55
-26,-13,-56
-14,-6,-45
-17,-13,-57
-16,-14,-59
-15,-13,-61
-18,-14,-59
-16,-15,-58
-16,-16,-59
-20,-15,-61
-22,-15,-61
-25,-14,-62
-27,-15,-63
-35,-25,-73
-33,-17,-61
-61,-24,-56
-52,-36,-57
-53,-21,-32
-54,-24,-22
-48,-18,1
-53,-24,-8
-30,-22,13
-32,-26,19
-31,-23,39
-26,-26,48
-34,-21,48
-43,-24,46
-33,-24,56
-26,-22,62
-25,-23,60
-32,-24,53
-26,-24,57
-33,-25,45
-39,-27,35
-57,-29,11
-55,-35,0
-51,-41,-19
-69,-23,-32
-30,-51,-32
-34,-30,-39
-30,-32,-51
-28,-32,-54
-35,-45,-58
-31,-44,-52
-32,-48,-48
-35,-46,-50
-25,-41,-37
-16,-40,-27
-24,-41,-20
-30,-44,-19
-24,-46,-5
-22,-51,-4
-47,-52,-5
-9,-43,33
-34,-62,8
-16,-56,2
-18,-56,0
-19,-60,-2
-19,-55,1
-23,-60,-2
-20,-61,-4
-23,-60,-5
-27,-61,-7
-26,-57,-1
-24,-61,-5
-16,-58,0
-18,-65,0
-22,-64,1
-19,-57,6
-15,-61,4
-21,-58,5
-29,-63,2
-24,-62,3
-26,-59,5
-31,-65,0
-20,-55,8
-24,-62,7
-9,-55,21
-33,-67,2
-29,-60,7
-44,-68,-1
-14,-47,9
-12,-50,-4
-34,-78,-15
-40,-65,-10
-14,-64,7
-34,-63,-9
-20,-60,-6
-12,-55,-8
-42,-72,-15
-7,-57,-17
-14,-61,-17
-13,-60,-16
-11,-58,-18
-12,-64,-23
6,-60,-17
-6,-58,-21
-6,-62,-17
3,-56,-13
-1,-61,-17
-12,-64,-23
6,-60,-17
-6,-58,-21
-6,-62,-17
3,-56,-13
-1,-61,-17
-5,-59,-17
-3,-60,-18
-1,-62,-20
-2,-61,-20
0,-61,-19
-5,-61,-26
-2,-58,-21
-5,-61,-23
-4,-62,-19
1,-56,-18
-6,-56,-20
8,-61,-18
-2,-66,-23
-12,-67,-21
-12,-62,-32
-1,-60,-22
-7,-59,-23
2,-60,-17
-12,-61,-28
-7,-60,-23
0,-59,-22
0,-62,-24
-2,-61,-25
2,-62,-21
-2,-59,-24
-21,-62,-27
-4,-55,-21
-11,-63,-25
-12,-63,-20
0,-58,-17
-4,-58,-16
3,-66,-9
-20,-62,-33
-9,-57,-25
1,-66,-23
-2,-63,-25
-3,-58,-20
0,-59,-20
-2,-57,-21
-13,-59,-29
-6,-57,-23
-1,-61,-21
-11,-64,-30
-1,-63,-28
-2,-57,-20
-3,-58,-18
-3,-57,-18
-4,-56,-16
-6,-61,-20
-8,-59,-20
-9,-58,-19
-1,-59,-19
-5,-60,-21
8,-62,-24
-9,-58,-32
-4,-57,-22
-2,-61,-20
-3,-58,-24
1,-58,-22
-2,-58,-26
2,-54,-25
-32,-72,-50
-4,-48,-24
-4,-57,-26
0,-58,-22
-2,-56,-28
0,-60,-28
-1,-59,-27
1,-58,-24
3,-59,-23
-3,-59,-26
-6,-59,-25
-6,-58,-24
-4,-58,-26
2,-60,-21
1,-53,-21
8,-60,-26
-5,-58,-27
-8,-50,-23
-6,-63,-29
-12,-58,-35
0,-59,-26
-15,-63,-27
-11,-56,-24
-5,-54,1
-24,-61,-15
-19,-57,-22
-15,-57,-18
-14,-56,-18
-3,-53,-21
-27,-56,-15
-30,-57,-26
-22,-61,-21
-23,-57,-24
-24,-57,-19
-21,-55,-20
-23,-55,-25
-24,-54,-20
-28,-54,-20
-26,-56,-19
-33,-54,-19
-28,-55,-15
-16,-58,-15
-19,-57,-14
-31,-57,-20
-39,-55,-19
-32,-55,-16
-25,-56,-13
-23,-55,-11
-20,-54,-7
-29,-54,-11
-28,-57,-9
-25,-55,-11
-15,-58,-14
-18,-55,-20
-29,-52,-20
-27,-50,-25
-34,-59,-29
-35,-54,-27
-33,-60,-17
-15,-53,-17
-32,-62,-33
-33,-54,-31
-35,-51,-28
-13,-50,-34
-48,-44,-31
-45,-44,-30
-39,-38,-18
-38,-38,-13
-25,-41,-7
-31,-27,4
-34,-28,-2
11,-21,30
-30,0,54
-68,-2,54
-45,-2,66
-58,-4,67
-53,-4,69
-40,0,64
-29,5,71
-18,1,73
-10,7,57
1,16,50
4,21,57
4,21,75
-1,10,69
-8,4,70
-5,14,81
-51,12,60
-49,-36,31
-25,-9,31
-21,-26,39
-22,-24,46
-27,-15,56
-35,-12,53
-48,-5,56
-39,1,62
-34,-1,57
-35,1,54
-35,-2,53
-35,-6,53
-34,-9,53
-34,-10,53
-36,-10,49
-37,-13,46
-40,-8,49
-42,-9,51
-40,0,51
-43,0,52
-44,-2,50
-37,-7,50
-35,-10,50
-35,-14,50
-36,-10,51
-38,-6,51
-39,-7,51
-41,-6,50
-41,-6,50
-39,-8,50
-38,-8,50
-36,-7,52
-36,-6,52
-37,-7,51
-38,-6,51
-38,-6,51
-37,-9,51
-39,-7,50
-38,-6,50
-38,-8,51
-39,-8,51
-39,-7,51
-38,-8,51
-37,-8,51
-37,-8,51
-38,-8,51
-38,-8,51
-38,-8,51
-38,-7,51
-38,-7,51
-38,-8,51
-37,-8,51
-38,-7,51
-38,-7,51
-37,-8,51
-37,-8,51
-37,-8,51
-37,-7,51
-37,-8,51
-38,-7,51
-38,-8,51
-38,-8,51
-37,-8,51
-37,-8,50
-40,-7,50
-40,-6,52
-33,-10,51
-32,-5,55
-35,-4,56
-46,-5,48
-46,-5,44
-41,-7,47
-42,-10,48
-40,-11,49
-39,-10,49
-40,-11,49
-41,-10,48
-41,-7,48
-40,-6,50
-38,-2,52
-36,-2,54
-38,-3,52
-40,-5,50
-41,-9,49
-40,-11,48
-38,-12,50
-37,-11,51
-40,-8,51
-42,-7,49
-43,-7,47
-43,-6,48
-41,-6,49
-40,-5,50
-39,-5,51
-40,-5,50
-40,-5,49
-42,-7,48
-42,-7,48
-42,-8,48
-41,-7,49
-41,-7,49
-42,-7,48
-42,-6,48
-42,-6,48
-42,-6,49
-42,-6,48
-41,-6,49
-42,-6,49
-41,-6,49
-41,-7,48
-42,-7,48
-42,-7,48
-42,-7,48
-42,-7,48
-41,-7,48
-41,-7,49
-41,-6,49
-41,-6,49
-41,-7,49
-42,-8,48
-43,-8,47
-43,-7,48
-42,-6,48
-41,-6,49
-41,-6,49
-40,-7,49
-40,-7,49
-41,-8,48
-42,-7,48
-41,-7,49
-41,-7,49
-41,-7,49
-41,-7,49
-42,-8,48
-42,-8,48
-41,-8,48
-41,-8,49
-40,-7,49
-41,-6,49
-41,-7,49
-42,-7,48
-42,-7,48
-41,-8,49
-40,-7,49
-41,-8,48
-41,-8,48
-42,-7,48
-42,-7,48
-42,-7,49
-41,-7,49
-41,-7,49
-41,-8,49
-40,-8,48
-41,-8,48
-42,-8,48
-41,-8,48
-41,-8,49
-41,-8,49
-40,-7,49
-41,-7,49
-41,-7,48
-42,-8,48
-41,-8,48
-41,-8,49
-41,-7,49
-41,-7,49
-40,-8,48
-41,-9,48
-42,-9,48
-42,-7,49
-41,-6,50
-40,-7,50
-41,-7,49
-41,-8,48
-41,-9,48
-40,-8,48
-40,-8,49
-41,-8,49
-41,-7,49
-41,-7,49
-41,-7,49
-41,-8,48
-41,-8,48
-41,-8,49
-41,-8,49
-40,-7,49
-40,-7,49
-41,-7,49
-41,-8,49
-41,-8,49
-41,-8,49
-41,-7,49
-41,-8,49
-41,-7,49
-41,-7,49
-41,-7,49
-41,-7,49
-41,-7,49
-41,-7,49
-41,-7,49
-41,-7,49
-41,-7,48
-41,-7,48
-41,-8,49
-41,-7,49
-41,-7,49
-41,-7,48
-41,-7,48
-41,-7,49
-41,-7,49
-40,-8,49
-41,-8,48
-41,-8,48
-41,-7,49
-41,-7,49
-41,-8,49
-41,-8,48
-41,-8,48
-41,-7,49
-41,-7,49
-41,-8,49
-41,-8,49
-41,-8,49
-41,-8,48
-41,-8,49
-41,-8,49
-42,-8,49
-41,-8,48
-41,-8,49
-41,-7,49
-41,-7,49
-41,-8,49
-41,-8,49
-41,-8,49
-41,-8,49
-42,-8,48
-41,-8,49
-41,-8,48
-41,-8,49
-41,-8,49
-41,-8,48
-41,-8,49
-41,-7,49
-41,-8,48
-41,-8,48
-41,-8,48
-41,-8,48
-41,-8,49
-41,-8,49
-41,-8,48
-41,-8,49
-41,-8,49
-41,-8,49
-41,-8,48
-41,-8,49
-41,-8,49
-41,-8,49
-41,-7,49
-41,-7,49
-41,-8,49
-41,-8,49
-41,-8,48
-41,-8,48
-42,-8,48
-42,-8,49
-41,-8,49
-41,-8,48
-41,-8,48
-41,-8,48
-41,-9,48
-41,-8,48
-41,-8,49
-41,-8,49
-40,-8,49
-41,-9,49
-41,-9,48
-41,-9,48
-41,-8,48
-42,-9,48
-41,-8,48
-41,-8,48
-41,-8,49
-41,-8,48
-41,-7,49
-41,-7,49
-41,-8,49
-42,-9,48
-41,-10,48
-41,-10,48
-41,-9,48
-41,-8,49
-41,-8,49
-41,-8,49
-41,-8,49
-42,-8,48
-42,-9,48
-40,-8,48
-40,-8,48
-42,-9,48
-41,-9,49
-40,-9,48
-41,-9,48
-41,-9,48
-41,-8,48
-41,-8,49
-41,-8,48
-41,-8,48
-41,-8,49
-41,-9,48
-41,-9,48
-41,-9,48
-41,-8,48
-41,-8,49
-41,-8,49
-41,-8,49
-41,-8,48
-42,-9,48
-41,-8,49
-40,-8,49
-41,-8,48
-43,-9,47
-42,-8,47
-43,-8,47
-41,-8,48
-42,-8,47
-42,-7,48
-42,-7,49
-40,-8,49
-40,-8,48
-42,-8,46
-43,-8,46
-44,-8,47
-43,-7,47
-42,-6,48
-41,-4,49
-37,1,53
-37,2,52
-38,2,53
-47,0,46
-46,-3,47
-40,0,57
-37,4,60
-33,8,65
-33,4,61
-50,8,68
-41,-8,58
-52,48,102
-72,76,66
-10,-9,63
-11,10,55
-8,6,52
-3,6,57
-2,4,57
6,9,56
10,9,57
8,9,58
6,10,59
3,9,58
2,10,56
-36,13,48
-41,2,49
-23,0,60
-25,-4,64
-11,-8,79
-16,-11,77
-34,-17,48
-79,-13,64
-32,-1,64
-9,-5,63
-10,6,55
-10,5,54
-8,2,74
14,5,90
1,1,57
2,4,40
-25,19,11
-58,40,17
-13,76,63
0,56,40
-27,53,25
-28,53,20
-10,65,18
-1,69,11
-8,64,10
-13,65,-2
-10,66,1
-11,67,4
-13,64,1
-3,66,-9
-8,59,-14
0,66,-6
-4,66,-11
-5,64,-10
0,66,-11
-7,65,-13
-3,67,-13
3,64,-14
1,68,-13
3,64,-20
3,63,-15
3,74,-11
0,81,-5
-4,78,3
-10,74,5
-16,74,-14
3,90,-21
-10,100,-30
14,95,-20
13,90,-21
-10,89,-19
-3,82,-14
6,74,-6
-7,69,-8
-16,56,-10
-13,52,-8
-18,46,-2
-17,43,-3
-14,34,2
-16,35,8
-30,35,1
-48,31,-16
-55,24,-20
-54,20,-12
-49,24,15
-42,25,27
-25,26,54
-56,23,27
-56,22,21
-69,27,22
-60,28,28
-39,29,40
-54,26,32
-60,25,27
-43,25,42
-16,25,53
-30,21,45
-49,17,33
-45,18,32
-34,21,25
-35,23,31
-44,24,35
-44,26,33
-41,21,29
-36,21,24
-57,34,32
-60,34,36
-43,35,30
-73,38,14
-60,35,11
-46,34,4
-62,34,-3
-53,33,2
-50,37,2
-66,42,8
-59,45,12
-46,40,6
-44,38,2
-53,33,-3
-53,32,-2
-49,34,9
-54,36,12
-51,39,9
-61,42,6
-66,32,-8
-66,31,-17
-57,37,5
-58,28,5
-66,23,-3
-63,24,-6
-51,31,0
-45,40,7
-45,47,7
-46,45,-2
-50,37,-11
-38,38,-10
-48,39,-16
-46,36,-24
-47,40,-29
-66,39,-41
-67,40,-49
-33,40,-26
-29,39,-23
-44,37,-26
-49,37,-25
-42,38,-26
-38,39,-24
-44,37,-25
-43,35,-23
-61,41,-37
-62,42,-41
-57,30,-26
-45,27,-6
-49,16,-19
-45,15,-18
-39,20,-3
-53,20,-7
-37,17,-3
-37,25,-9
-72,38,-19
-84,39,-2
-54,33,-4
-41,29,-12
-40,34,-4
-63,31,-19
-68,29,-24
-55,31,-34
-35,38,-31
-34,37,-18
-44,31,-22
-57,24,-48
-49,25,-36
-62,24,-44
-46,26,-38
-40,29,-36
-46,29,-42
-51,28,-53
-47,30,-51
-43,36,-38
-38,37,-38
-20,34,-27
-32,28,-28
-42,16,-28
-23,18,-20
-31,21,-25
-45,26,-36
-36,26,-43
-36,29,-65
-43,30,-69
-48,28,-54
-38,28,-44
-33,32,-41
-44,34,-48
-40,31,-45
-33,29,-45
-32,28,-51
-35,27,-55
-30,22,-49
-30,23,-50
-29,30,-48
-36,31,-51
-31,33,-42
-28,33,-36
-34,34,-39
-43,41,-38
-47,44,-41
-55,48,-47
-43,46,-40
-40,44,-34
-39,42,-32
-31,37,-25
-42,34,-27
-60,29,-26
-64,29,-21
-63,26,-11
-56,25,-7
-45,31,16
-52,35,19
-64,35,2
-66,32,-3
-55,27,0
-55,26,1
-41,19,10
-30,16,16
-41,10,23
-44,12,28
-34,1,38
-63,15,37
-76,11,34
-41,10,38
-28,19,42
-46,23,46
-57,27,44
-53,33,50
-47,32,51
-45,49,57
-40,47,56
-35,33,46
-40,29,40
-35,23,39
-32,24,38
-33,20,34
-34,19,30
-40,16,32
-40,17,36
-36,18,39
-36,21,38
-53,27,40
-51,30,41
-50,40,43
-47,40,40
-55,41,37
-60,45,35
-60,50,37
-52,43,37
-47,39,36
-42,37,34
-40,33,30
-40,29,30
-35,27,36
-27,27,56
-30,32,66
-37,31,50
-48,27,38
-46,24,30
-44,25,36
-43,23,36
-42,21,32
-43,18,28
-42,18,28
-43,20,27
-43,22,30
-53,27,36
-49,26,39
-38,35,54
-42,38,57
-48,47,49
-53,37,25
-51,35,20
-38,28,15
-30,24,16
-31,26,17
-29,30,20
-25,35,22
-25,44,23
-31,69,22
-35,78,21
-28,88,11
-18,81,6
-15,63,3
-18,64,4
-24,68,7
-28,65,5
-32,60,1
-32,56,1
-28,57,2
-25,61,5
-19,61,20
-18,62,32
-21,61,63
-27,65,11
-48,60,-4
-41,61,-1
-35,61,2
-29,56,0
-20,51,8
-22,61,11
-23,60,10
-25,54,5
-25,55,5
-21,56,3
-23,57,3
-27,59,9
-25,57,11
-28,58,17
-28,61,21
-33,62,19
-37,64,18
-39,51,13
-42,53,15
-46,53,12
-48,57,4
-44,61,6
-38,60,6
-36,64,3
-40,64,4
-40,69,2
-35,78,-4
-28,75,-4
-21,66,2
-21,61,2
-24,53,2
-27,51,0
-26,55,-3
-23,57,-3
-15,60,3
-6,65,7
8,65,11
7,67,13
-5,76,14
-24,78,20
-37,61,29
-24,57,23
-18,70,11
-12,83,14
-34,82,2
-14,81,16
-26,81,12
-24,69,14
-28,49,8
-33,46,3
-32,48,1
-33,49,-4
-35,49,-4
-29,61,2
-33,66,1
-35,73,-5
-38,76,-7
-33,65,-8
-30,58,-6
-34,66,-8
-36,72,-9
-34,92,-10
-29,99,-9
-17,96,-6
-14,94,-3
-11,88,3
-13,84,3
-15,77,2
-16,79,1
-7,85,1
0,79,3
9,67,3
7,60,3
1,55,2
-2,57,1
-7,59,4
-9,70,5
-11,74,3
-24,80,12
-22,80,10
-23,78,11
-32,78,17
-32,64,18
-35,60,9
-21,78,20
-35,81,10
-32,74,-2
-32,75,-6
-34,76,-11
-36,76,-13
-42,72,-15
-43,71,-15
-38,70,-7
-34,63,-3
-38,59,1
-42,64,0
-42,71,-2
-36,92,-2
-31,98,5
-22,84,6
-4,88,11
14,77,35
11,72,31
-5,59,16
-6,56,15
-15,55,5
-21,59,4
-23,62,4
-19,59,5
-16,65,11
-14,67,9
-16,59,7
-18,52,5
-24,52,2
-27,58,2
-35,73,7
-34,78,8
-25,69,15
-30,72,14
-61,77,4
-41,68,8
-43,66,5
-57,57,7
-52,52,4
-55,43,-7
-53,39,-9
-40,45,-3
-35,49,-2
-31,57,-3
-28,59,-4
-41,65,-4
-68,64,-7
-58,68,6
-59,72,-3
-73,71,-7
-48,65,7
-32,49,21
-29,37,14
-24,27,18
-36,23,12
-50,11,-1
-43,11,4
-63,13,-3
-73,1,-15
-84,0,-23
-72,8,-22
-62,9,-17
-59,9,-14
-62,11,-11
-71,19,-6
-66,21,-8
-54,13,-9
-42,12,-3
-36,18,12
-42,18,18
-68,20,13
-74,18,5
-62,9,-4
-57,5,-5
-54,7,-6
-60,7,-7
-61,7,-2
-60,7,-3
-66,5,-9
-75,5,-10
-62,6,2
-83,7,1
-99,12,4
-79,19,11
-56,22,15
-60,23,17
-57,22,13
-35,31,-2
-39,32,-3
-45,33,9
-55,27,0
-60,19,-7
-54,21,6
-53,20,10
-50,20,5
-63,26,10
-80,24,-9
-55,21,-14
-58,23,-6
-65,16,2
-63,16,5
-93,18,-16
-92,21,-10
-53,25,-17
-53,24,-26
-77,38,1
-46,21,0
-52,20,-9
-74,29,-10
-57,29,2
-60,29,-1
-53,25,5
-47,24,11
-51,24,3
-51,27,4
-47,29,14
-43,30,19
-44,34,18
-60,43,16
-63,40,8
-65,28,-3
-55,24,0
-50,16,1
-51,12,1
-64,15,-4
-69,19,-9
-56,19,-4
-56,26,3
-37,34,18
-25,38,25
-17,47,27
-19,51,23
-23,54,19
-34,50,11
-37,47,9
-40,57,8
-43,60,8
-33,57,16
-18,49,22
-7,30,9
12,38,18
12,69,24
8,68,36
-7,55,14
-3,60,14
-12,71,10
-12,84,10
-10,106,27
-20,107,24
-18,85,31
-13,65,31
-21,30,28
-29,23,30
-41,24,48
-55,45,72
-56,50,77
-54,53,63
-45,45,53
-31,27,35
-25,24,32
-27,18,19
-38,15,10
-52,11,0
-56,14,4
-54,23,25
-54,28,33
-52,32,44
-52,34,48
-49,31,51
-50,28,51
-49,25,51
-52,25,50
-47,19,47
-42,16,44
-43,16,38
-47,15,34
-48,12,30
-49,11,30
-43,15,30
-42,23,35
-44,26,39
-43,32,48
-39,32,50
-38,31,49
-37,29,49
-36,25,49
-36,24,46
-40,25,46
-39,27,48
-35,25,45
-34,24,41
-39,27,40
-41,29,41
-39,29,41
-37,28,40
-39,26,39
-38,26,42
-39,29,47
-37,30,47
-35,31,48
-38,31,48
-38,31,49
-36,27,47
-38,25,44
-38,23,41
-37,24,41
-38,27,39
-40,29,39
-41,32,42
-39,32,43
-36,32,47
-36,31,48
-37,27,46
-36,25,45
-37,23,44
-37,25,43
-40,31,45
-37,32,47
-39,31,44
-39,30,42
-35,30,43
-35,30,43
-38,28,43
-35,28,44
-37,28,43
-36,27,42
-34,29,47
-44,24,42
-41,23,42
-35,29,43
-39,31,45
-41,31,48
-40,30,47
-37,29,42
-38,29,42
-40,28,41
-40,29,42
-40,29,44
-40,27,44
-37,23,40
-39,25,39
-41,30,44
-41,32,46
-38,31,48
-39,28,48
-37,24,43
-37,23,43
-39,27,43
-40,28,42
-37,30,44
-40,28,46
-40,26,46
-37,25,44
-38,24,42
-39,24,42
-42,25,44
-41,25,49
-40,24,46
-41,24,40
-41,25,40
-43,30,40
-43,32,40
-43,36,41
-42,35,40
-46,33,38
-46,33,37
-49,32,38
-53,33,38
-50,32,39
-49,31,41
-51,30,31
-56,26,26
-56,21,24
-59,17,28
-48,14,30
-47,12,35
-46,12,37
-39,10,37
-41,8,37
-40,4,42
-38,1,40
-63,-2,29
-61,-6,30
-57,-10,26
-58,-10,27
-56,-12,26
-59,-11,25
-56,-6,29
-52,-2,30
-42,9,34
-37,13,38
-31,30,36
-22,37,27
-9,67,19
-35,62,54
-30,31,46
-37,52,41
-19,77,45
-27,106,33
-15,98,26
-10,57,18
-12,58,21
4,72,22
6,70,18
6,72,8
5,69,8
5,66,6
5,72,4
19,73,11
22,60,12
4,47,19
-38,45,40
-80,58,36
-102,54,22
-71,60,49
-79,43,43
-105,38,3
-95,50,12
-91,48,23
-110,32,15
-128,10,11
-99,7,5
-67,-1,6
-23,-9,9
-7,-8,16
23,-13,44
15,-15,47
2,-23,43
8,-20,51
-5,-21,51
-13,-28,31
0,-36,39
-3,-38,47
10,-42,59
8,-45,55
6,-45,56
2,-39,58
20,-41,54
14,-43,51
19,-45,46
15,-46,40
9,-38,42
23,-34,46
23,-38,14
41,-19,46
55,-20,53
39,-20,21
34,-10,32
52,-3,53
57,-7,39
57,2,38
63,4,54
55,17,67
48,2,37
56,-1,37
54,3,46
32,19,54
25,25,57
32,16,23
-3,3,4
3,13,46
34,11,60
12,-2,32
-1,10,40
-10,20,52
30,14,72
53,17,73
18,15,54
4,7,22
124,24,84
95,28,60
9,17,21
29,25,35
33,48,49
41,60,73
62,48,30
62,36,3
26,31,-18
13,31,-27
64,35,-10
51,23,-23
19,-15,-54
50,-30,-42
50,-42,-67
46,-81,-69
55,-81,-32
49,-76,-4
33,-88,2
37,-128,-16
51,-128,1
41,-103,12
35,-40,-12
24,-49,-15
30,-59,1
43,-58,-5
31,-38,6
26,-39,-1
27,-43,-4
30,-61,0
26,-72,3
29,-47,1
44,-47,4
37,-52,-9
21,-45,-12
40,-42,2
42,-41,3
55,-38,-10
61,-40,-15
67,-30,1
70,-29,3
58,-29,0
55,-25,7
50,-26,11
46,-24,12
43,-29,4
42,-34,10
52,-29,27
79,-35,24
73,-34,23
57,-21,45
45,-18,42
26,-23,25
6,-20,14
-15,-30,21
-24,-40,31
-22,-68,35
3,-71,35
34,-65,30
44,-58,36
26,-54,58
5,-54,61
-6,-50,54
-4,-55,47
-1,-49,36
-4,-36,29
-5,-24,44
-8,-11,55
-14,-12,56
7,-17,53
9,-15,57
6,-17,60
29,-19,77
23,-19,73
3,-22,52
18,-53,41
23,-62,52
47,-42,74
36,-51,69
-9,-29,54
8,-25,64
31,3,74
9,46,58
-1,106,42
-2,15,66
-13,19,52
-1,-1,43
-40,95,-18
-37,-37,24
-23,-23,23
-50,-119,11
-87,-82,30
-81,-53,25
-76,-25,17
-58,-11,32
-48,-28,29
-20,-33,37
-14,-31,38
-16,-32,46
-19,-30,51
-28,-34,45
-30,-26,44
-45,-20,46
-46,-20,51
-40,-21,59
-28,-23,56
-18,-26,54
-16,-23,56
-18,-14,52
-18,-12,52
92,-75,23
-115,-42,82
-4,-4,62
-13,-72,33
-35,-83,33
-57,-59,34
-63,-16,34
-62,-12,28
-59,-26,23
-45,-41,33
-35,-44,41
-33,-37,39
-35,-33,31
-27,-26,33
-18,-26,43
-16,-37,55
-19,-41,51
-24,-41,46
-24,-38,50
-35,-34,46
-43,-32,37
-45,-34,35
-37,-33,41
-34,-33,45
-34,-33,44
-35,-32,43
-37,-33,43
-40,-33,41
-39,-32,39
-43,-31,41
-38,-31,40
-29,-31,46
-35,-35,46
-36,-34,44
-40,-33,49
-42,-35,48
-41,-37,36
-40,-33,34
-39,-35,33
-35,-32,36
-26,-31,40
-25,-32,42
-23,-37,47
-24,-36,45
-30,-37,41
-32,-34,40
-34,-33,41
-36,-34,41
-40,-37,39
-38,-37,38
-29,-33,40
-23,-33,44
-16,-34,50
-20,-38,48
-41,-39,40
-40,-38,45
-36,-34,42
-28,-34,47
-25,-36,50
-24,-33,45
-25,-31,45
-27,-35,43
-27,-34,43
-24,-34,49
-29,-33,46
-32,-28,40
-35,-29,40
-39,-33,46
-42,-36,46
-41,-36,44
-36,-35,45
-28,-33,48
-27,-32,48
-27,-31,48
-28,-31,48
-31,-31,41
-30,-31,40
-32,-32,44
-32,-34,42
-26,-35,41
-24,-34,45
-26,-34,49
-31,-37,48
-33,-40,46
-35,-37,40
-31,-31,39
-33,-29,42
-42,-30,40
-53,-33,28
-50,-34,29
-42,-35,42
-40,-31,46
-33,-32,51
-31,-31,51
-10,-29,59
14,-29,65
-26,-21,34
-46,-25,22
-68,-29,15
-79,-30,8
-75,-36,7
-79,-37,5
-49,-29,15
-36,-24,27
-39,-26,27
-17,-32,53
-20,-34,52
-35,-34,42
-40,-32,41
-37,-30,44
-34,-30,43
-45,-30,36
-58,-29,30
-55,-29,39
-59,-27,38
-52,-25,38
-45,-25,36
-28,-26,37
-24,-27,39
-24,-30,44
-25,-31,45
-38,-29,44
-46,-29,41
-63,-28,32
-77,-29,24
-32,-27,47
-30,-29,40
-32,-29,37
-31,-30,39
-35,-29,39
-48,-29,36
-53,-27,35
-51,-27,38
-50,-26,38
-45,-28,39
-42,-28,40
-41,-27,38
-41,-27,36
-45,-26,34
-47,-26,33
-50,-27,31
-50,-26,31
-53,-27,31
-52,-28,33
-49,-28,35
-47,-27,34
-45,-27,33
-46,-27,32
-47,-28,32
-47,-28,33
-47,-28,33
-47,-27,34
-46,-27,35
-45,-27,36
-45,-28,36
-45,-28,36
-45,-28,35
-48,-28,33
-47,-28,34
-49,-28,32
-47,-28,33
-45,-28,34
-45,-28,34
-45,-28,35
-45,-28,35
-45,-28,35
-46,-28,34
-48,-28,34
-48,-27,34
-48,-27,34
-48,-28,34
-47,-27,34
-46,-27,34
-46,-27,34
-46,-27,34
-47,-28,33
-47,-28,33
-49,-27,33
-40,-24,31
-35,-24,35
-49,-27,40
-56,-30,37
-46,-28,36
-44,-25,35
-49,-25,35
-51,-27,35
-48,-26,36
-47,-26,36
-45,-25,34
-41,-25,35
-41,-25,37
-45,-27,37
-48,-27,37
-46,-27,36
-47,-26,32
-48,-26,32
-50,-24,33
-50,-24,33
-52,-27,32
-46,-26,35
-45,-26,35
-46,-25,34
-48,-25,33
-50,-25,33
-48,-26,34
-49,-26,33
-49,-26,33
-49,-26,33
-49,-26,33
-48,-26,34
-48,-26,34
-49,-26,33
-48,-26,33
-47,-26,34
-47,-26,34
-47,-27,34
-47,-27,34
-46,-26,34
-47,-26,34
-49,-26,34
-48,-26,34
-47,-26,33
-47,-27,34
-59,-27,30
-42,-27,41
-55,-30,27
-25,-22,49
-43,-26,44
-19,-26,55
-23,-25,48
-11,-27,54
-19,-26,47
-31,-27,50
-31,-26,54
-35,-24,50
-38,-25,47
-35,-20,52
-35,-22,53
-33,-23,55
-31,-23,51
-30,-24,46
-31,-25,46
-35,-23,49
-37,-24,49
-37,-25,49
-35,-25,48
-34,-24,48
-33,-24,49
-34,-24,49
-35,-23,49
-35,-23,49
-35,-24,49
-35,-24,49
-34,-23,48
-34,-23,48
-35,-24,48
-35,-23,48
-34,-24,48
-35,-24,48
-35,-24,48
-35,-24,48
-35,-23,48
-35,-24,48
-35,-23,49
-35,-23,49
-35,-23,48
-36,-24,48
-35,-24,48
-34,-24,49
-34,-24,48
-34,-24,48
-35,-24,48
-35,-24,48
-35,-24,48
-35,-24,48
-35,-24,48
-35,-24,48
-35,-24,48
-35,-24,48
-35,-24,48
-35,-24,49
-35,-24,48
-35,-24,48
-35,-24,48
-34,-24,48
-34,-24,48
-35,-24,48
-34,-24,48
-35,-24,48
-35,-24,47
-32,-24,49
-33,-24,49
-37,-25,47
-35,-24,48
-36,-24,47
-35,-24,47
-34,-25,48
-34,-25,48
-34,-25,48
-34,-25,48
-34,-25,47
-34,-25,48
-34,-25,47
-34,-25,48
-34,-24,48
-35,-24,47
-35,-25,48
-35,-24,48
-35,-24,48
-35,-25,48
-35,-24,48
-35,-24,48
-35,-24,48
-35,-24,48
-35,-24,48
-35,-24,47
-35,-24,48
-35,-24,48
-35,-24,48
-36,-24,47
-36,-24,48
-36,-24,48
-34,-24,48
-35,-24,48
-40,-24,50
-42,-27,52
-49,-28,54
-51,-27,56
-40,-24,61
-40,-18,61
-39,-25,58
-37,-22,59
-20,-25,52
-5,-20,58
-4,-12,54
5,-18,57
5,-7,58
35,-58,53
16,-13,45
26,-17,47
28,-16,42
24,-14,36
36,-16,34
46,-17,39
47,-15,38
45,-21,34
51,-19,36
47,-18,35
46,-14,30
56,-16,30
59,-17,26
57,-13,21
53,-12,20
55,-16,16
61,-13,16
57,-14,11
65,-11,16
66,-6,17
56,-17,10
63,-12,14
67,-11,16
56,-11,11
61,-10,12
63,-18,8
67,-16,17
51,-9,16
45,-15,19
58,-14,31
56,-16,40
49,-18,38
53,-12,34
53,-15,31
49,-12,32
56,-12,31
63,-14,36
54,-13,33
51,-10,24
54,-13,20
61,-14,26
58,-15,26
54,-15,27
55,-17,19
61,-17,14
63,-16,17
54,-12,22
51,-11,29
44,-14,19
58,-12,14
67,-17,18
64,-23,0
66,-16,11
60,-11,6
62,2,0
65,-9,2
62,-11,5
48,-16,14
51,-15,20
34,-22,32
41,-24,39
37,-16,49
19,-16,53
32,-12,67
19,-14,53
3,-17,59
10,-16,64
1,-18,69
6,-12,80
-31,-13,48
-29,-10,54
-39,-10,58
-39,-14,53
-34,-22,46
-22,-19,57
-23,-21,57
-35,-24,42
-31,-26,45
-31,-25,51
-32,-23,49
-16,-18,63
-38,-17,59
-45,-29,54
-41,-30,53
-37,-32,53
-31,-31,54
-23,-23,51
-19,-20,51
-27,-22,49
-35,-20,48
-40,-28,50
-37,-24,51
-36,-23,49
-33,-25,49
-29,-25,50
-28,-25,50
-31,-25,50
-31,-24,50
-31,-24,51
-31,-24,50
-31,-23,50
-31,-23,51
-31,-23,52
-31,-24,51
-31,-24,50
-30,-24,50
-30,-24,50
-32,-24,51
-33,-25,51
-32,-25,50
-30,-24,50
-29,-24,50
-29,-25,50
-30,-24,51
-30,-25,51
-29,-24,50
-29,-24,51
-30,-25,51
-30,-24,51
-30,-25,51
-30,-25,50
-30,-25,50
-30,-24,51
-30,-25,51
-29,-25,51
-29,-25,51
-29,-24,51
-29,-26,51
-29,-25,50
-29,-25,50
-29,-25,51
-30,-25,51
-30,-25,51
-32,-25,50
-30,-25,50
-29,-25,51
-29,-25,51
-29,-25,51
-30,-25,51
-30,-25,51
-30,-24,51
-30,-24,51
-31,-24,50
-30,-24,50
-30,-24,51
-30,-24,50
-31,-24,51
-31,-24,51
-31,-24,51
-31,-24,50
-31,-24,51
-31,-24,51
-31,-24,51
-30,-24,50
-31,-24,50
-31,-24,51
-31,-24,50
-31,-24,51
-32,-24,50
-31,-24,50
-31,-24,50
-30,-24,51
-30,-24,50
-31,-24,50
-31,-24,51
-31,-24,50
-31,-24,50
-31,-24,50
-31,-24,50
-31,-24,51
-31,-24,50
-31,-24,50
-31,-24,50
-31,-24,51
-31,-24,50
-31,-24,50
-31,-24,50
-31,-24,50
-31,-24,50
-31,-24,50
-31,-24,50
-32,-24,50
-32,-24,50
-31,-24,50
-31,-24,50
-32,-24,50
-31,-24,50
-31,-24,50
-31,-24,50
-32,-24,50
-32,-24,50
-31,-24,50
-31,-24,51
-31,-24,50
-31,-24,50
-32,-24,50
-32,-24,50
-31,-24,50
-31,-24,50
-32,-24,50
-31,-24,51
-32,-24,50
-32,-24,50
-31,-24,50
-31,-24,50
-32,-24,50
-32,-24,50
-32,-24,50
-32,-24,50
-31,-24,50
-31,-24,50
-32,-24,50
-32,-24,50
-32,-24,50
-31,-24,50
-32,-24,50
-32,-24,50
-31,-24,50
-31,-24,50
-31,-24,50
-31,-24,51
-33,-24,50
-32,-24,50
-31,-24,50
-31,-24,50
-31,-24,51
-31,-24,50
-32,-24,50
-32,-24,50
-31,-24,50
-31,-24,50
-31,-24,51
-31,-24,50
-32,-24,50
-32,-24,50
-32,-24,50
-31,-24,50
-32,-24,50
-31,-24,50
-31,-24,50
-32,-24,50
-32,-24,50
-32,-24,50
-31,-24,50
-31,-24,50
-32,-24,50
-32,-24,50
-31,-24,50
-31,-24,50
-32,-24,50
-32,-24,50
-32,-24,50
-32,-24,50
-32,-24,50
-32,-24,50
-31,-24,50
-31,-24,50
-31,-24,50
-32,-24,50
-33,-24,50
-32,-24,50
-31,-24,50
-31,-24,50
-31,-24,50
-31,-24,50
-32,-24,50
-32,-24,50
-31,-24,50
-32,-24,50
-31,-24,50
-31,-24,50
-31,-24,50
-31,-24,50
-31,-24,50
-31,-24,50
-31,-24,50
-31,-24,50
-31,-24,50
-31,-24,50
-31,-24,50
-31,-24,50
-31,-24,50
-31,-24,50
-32,-24,50
-31,-24,50
-31,-24,50
-31,-24,50
-31,-24,50
-33,-24,50
-32,-24,50
-31,-24,50
-31,-24,50
-31,-24,50
-31,-24,50
-32,-24,50
-32,-24,50
-31,-24,50
-31,-24,50
-31,-24,50
-31,-24,50
-31,-24,50
-32,-24,50
-32,-24,50
-31,-24,50
-31,-24,50
-32,-24,50
-32,-24,50
-31,-24,50
-31,-24,50
-32,-24,50
-32,-24,50
-32,-24,50
-32,-24,50
-32,-24,50
-32,-24,50
-32,-24,50
-31,-24,50
-32,-24,50
-33,-24,50
-31,-24,50
-31,-24,51
-31,-24,50
-31,-24,50
-32,-24,50
-32,-24,50
-32,-24,50
-31,-24,50
-32,-24,50
-31,-24,50
-31,-24,50
-32,-24,50
-32,-24,50
-32,-24,50
-32,-24,50
-32,-24,50
-32,-24,50
-32,-24,50
-32,-24,50
-32,-24,50
-32,-24,50
-32,-24,50
-32,-24,50
-32,-24,50
-32,-24,50
-31,-24,50
-32,-24,50
-31,-24,50
-33,-24,50
-33,-24,50
-31,-24,50
-31,-24,50
-31,-24,50
-31,-24,50
-32,-24,50
-32,-24,50
-32,-24,50
-32,-24,50
-32,-24,50
-32,-24,50
-31,-24,50
-32,-24,50
-32,-24,50
-31,-24,50
-32,-24,50
-32,-24,50
-31,-24,50
-31,-24,50
-31,-24,50
-31,-24,50
-31,-24,50
-32,-24,50
-31,-24,50
-31,-24,50
-31,-24,50
-31,-24,50
-31,-24,50
-32,-24,50
-33,-24,49
-31,-24,50
-30,-24,50
-31,-24,50
-31,-24,50
-31,-24,50
-32,-24,50
-31,-24,50
-31,-24,50
-31,-24,50
-31,-24,50
-31,-25,50
-32,-24,50
-31,-24,50
-31,-24,50
-31,-24,50
-31,-24,50
-31,-24,50
-31,-24,50
-31,-24,50
-31,-24,50
-32,-24,50
-31,-24,50
-31,-24,50
-31,-24,50
-32,-24,50
-32,-24,50
-31,-24,50
-31,-24,50
-31,-24,50
-31,-24,50
-32,-24,50
-32,-24,50
-32,-24,50
-31,-24,50
-32,-24,50
-32,-24,50
-31,-24,50
-32,-24,50
-32,-24,50
-32,-24,50
-32,-24,50
-31,-24,50
-32,-24,50
-32,-24,50
-32,-24,50
-32,-24,50
-32,-24,50
-32,-24,50
-32,-24,50
-32,-24,50
-32,-24,50
-33,-24,50
-32,-24,50
-31,-23,50
-30,-24,50
-30,-25,50
-33,-24,51
-32,-23,50
-30,-23,49
-32,-23,50
-32,-23,50
-32,-24,52
-33,-25,50
-36,-23,51
-32,-22,52
-32,-25,51
-35,-21,52
-32,-20,51
-26,-19,54
-20,-22,52
-23,-20,51
-25,-16,53
-24,-19,55
-27,-15,57
-29,-16,55
-20,-15,63
-15,-14,64
-21,-14,55
-21,-15,56
-7,-19,60
-12,-19,60
-6,-19,62
5,-20,71
-2,-25,62
-4,-25,61
-8,-23,57
-8,-25,42
-11,-25,41
-28,-18,45
-31,-15,49
-32,-22,41
-36,-17,45
-34,-12,50
-36,-12,47
-48,-7,54
-55,-8,54
-48,-11,50
-38,-11,55
-40,-5,60
-36,-5,63
-28,-3,56
-24,-3,49
-31,-1,53
-34,2,63
-15,3,76
-12,5,77
-18,3,63
-19,1,58
-24,-3,55
-21,-3,61
-18,-3,63
-10,-1,63
-7,-1,63
-1,-1,63
1,-1,63
3,-2,64
2,-1,65
-2,-1,64
-4,-2,64
-5,-1,64
-4,-1,64
-2,-1,64
-2,-1,64
-2,-1,64
-2,-2,64
-3,-1,64
-3,-1,64
-3,-1,64
-3,-1,64
-3,-2,64
-3,-2,64
-3,-1,64
-2,-1,64
-2,-2,64
-3,-1,64
-3,-1,64
-3,-1,64
-2,-1,64
-3,-1,64
-3,-1,64
-2,-1,64
-2,-1,64
-2,-1,64
-3,-1,64
-2,-1,64
-2,-1,64
-2,-1,64
-3,-1,64
-2,-2,64
-2,-1,64
-2,-2,64
-2,-1,64
-3,-1,64
-3,-1,64
-3,-1,64
-3,-1,64
-1,-1,64
-2,-1,64
-3,-2,64
-3,-1,64
-2,-2,64
-2,-1,64
-3,-1,64
-2,-1,64
-2,-1,64
-2,-1,64
-3,-1,64
-2,-1,64
-2,-1,64
-2,-1,64
-2,-1,64
-2,-1,64
-2,-1,64
-2,-1,64
-2,-1,64
-2,-1,64
-2,-1,64
-2,-2,64
-2,-1,64
-3,-1,64
-3,-1,64
-2,-1,64
-2,-1,64
-2,-1,64
-3,-1,64
-3,-2,64
-3,-1,64
-2,-1,64
-2,-1,64
-2,-1,64
-3,-1,64
-3,-1,64
-2,-1,64
-2,-1,64
-3,-1,64
-3,-1,64
-2,-1,64
-2,-1,64
-2,-1,64
-2,-2,64
-2,-1,64
-2,-1,64
-2,-1,64
-2,-1,64
-2,-1,64
-2,-1,64
-3,-1,64
-2,-1,64
-2,-1,64
-2,-1,64
-3,-1,64
-2,-1,64
-2,-1,64
-2,-2,64
-2,-1,64
-2,-1,64
-3,-1,64
-2,-1,64
-2,-1,64
-2,-1,64
-2,-1,64
-2,-1,64
-3,-1,64
-2,-1,64
-2,-1,64
-2,-1,64
-3,-1,64
-2,-1,64
-2,-1,64
-2,-1,64
-2,-1,64
-2,-1,64
-2,-1,64
-2,-1,64
-2,-1,64
-2,-1,64
-2,-1,64
-2,-1,64
-2,-1,64
-2,-1,64
-2,-1,64
-3,-1,64
-2,-1,64
-2,-1,64
-3,-1,64
-3,-2,64
-3,-1,64
-2,-1,64
-2,-1,64
-2,-1,64
-2,-1,64
-2,-1,64
-2,-1,64
-2,-1,64
-3,-1,64
-2,-1,64
-2,-1,64
-2,-1,64
-3,-1,64
-2,-1,64
-2,-1,64
-2,-1,64
-2,-1,64
-2,-1,64
-2,-1,64
-2,-1,64
-2,-1,64
-2,-1,64
-2,-1,64
-2,-1,64
-2,-1,64
-2,-1,64
-2,-1,64
-2,-1,64
-2,-1,64
-3,-1,64
-3,-1,64
-2,-1,64
-2,-1,64
-2,-1,64
-2,-1,64
-2,-1,64
-3,-1,64
-2,-2,64
-2,-1,64
-3,-1,64
-2,-1,64
-2,-1,64
-3,-1,64
-2,-1,64
-2,-1,64
-2,-1,64
-2,-1,64
-2,-1,64
-2,-1,64
-2,-1,64
-2,-1,64
-2,-1,64
-2,-1,64
-2,-1,64
-3,-1,64
-3,-1,64
-2,-1,64
-2,-1,64
-2,-1,64
-3,-1,64
-2,-1,64
-2,-1,64
-2,-1,64
-3,-2,64
-3,-1,64
-2,-1,64
-2,-1,64
-2,-1,64
-3,-1,64
-3,-1,64
-2,-1,64
-2,-1,64
-2,-1,64
-2,-1,64
-2,-1,64
-2,-1,64
-3,-1,64
-3,-1,64
-2,-1,64
-2,-1,64
-2,-1,64
-3,-1,64
-3,-1,64
-2,-1,64
-2,-1,64
-2,-1,64
-2,-1,64
-2,-1,64
-2,-1,64
-2,-1,64
-2,-1,64
-2,-1,64
-2,-1,64
-2,-1,64
-2,-1,64
-3,-1,64
-3,-1,64
-2,-1,64
-2,-1,64
-2,-1,64
-2,-1,64
-3,-1,64
-2,-1,64
-2,-1,64
-2,-1,64
-3,-1,64
-2,-1,64
-2,-1,64
-3,-1,64
-2,-1,64
-2,-1,64
-2,-1,64
-2,-1,64
-2,-1,64
-2,-1,64
-2,-1,64
-2,-1,64
-2,-1,64
-2,-1,64
-2,-1,64
-2,-1,64
-2,-1,64
-3,-1,64
-2,-1,64
-2,-1,64
-3,-2,64
-2,-1,64
-2,-1,64
-2,-1,63
-2,-1,64
-2,-1,64
-2,-1,64
-2,-1,64
-2,-1,64
-3,-1,64
-3,-1,64
-2,-1,64
-2,-1,64
-3,-1,64
-2,-1,64
-2,-1,64
-2,-1,64
-2,-1,64
-2,-1,64
-2,-1,64
-2,-1,64
-2,-1,64
-3,-1,64
-2,-1,64
-2,-1,64
-2,-1,64
-2,-1,64
-2,-1,64
-2,-1,64
-2,-1,64
-3,-1,64
-3,-1,64
-2,-1,64
-2,-1,64
-3,-1,64
-3,-1,64
-3,-1,64
-2,-1,64
-2,-1,64
-3,-1,64
-2,-1,64
-2,-1,64
-2,-1,64
-3,-1,64
-2,-1,64
-2,-1,64
-2,-1,64
-2,-1,64
-2,-1,64
-2,-1,64
-2,-1,64
-2,-1,64
-2,-1,64
-3,-1,64
-2,-1,64
-2,-1,64
-2,-1,64
-3,-1,64
-2,-1,64
-2,-1,64
-2,-1,64
-2,-1,64
-3,-1,64
-3,-1,64
-2,-1,64
-2,-1,64
-2,-1,64
-3,-1,64
-3,-1,64
-2,-1,64
-2,-1,64
-3,-1,64
-2,-1,64
-2,-1,64
-2,-1,64
-3,-1,64
-3,-1,64
-2,-1,64
-2,-1,64
-2,-1,64
-2,-1,64
-2,-1,64
-3,-1,64
-3,-1,64
-2,-1,64
-2,-1,64
-2,-1,64
-3,-1,64
-2,-1,64
-3,-1,64
-2,-1,64
-2,-1,64
-2,-1,64
-3,-1,64
-3,-1,64
-2,-1,64
-2,-2,64
-3,-1,64
-2,-1,64
-3,-1,64
-2,-1,64
-2,-1,64
-2,-1,64
-2,-1,64
-2,-1,64
-2,-1,64
-3,-1,64
-2,-1,64
-2,-1,64
-2,-1,64
-2,-1,64
-2,-1,64
-2,-1,64
-2,-1,64
-2,-1,64
-2,-1,64
-2,-1,64
-2,-1,64
-2,-1,64
-2,-1,64
-2,-1,64
-2,-1,64
-3,-1,64
-3,-1,64
-2,-1,64
-2,-1,64
-2,-1,64
-2,-1,64
-2,-1,64
-2,-1,64
-2,-1,64
-2,-1,64
-2,-1,64
-2,-1,64
-2,-1,64
-3,-1,64
-2,-1,64
-2,-1,64
-3,-1,64
-2,-1,64
-2,-1,64
-2,-1,64
-2,-1,64
-2,-1,64
-2,-1,64
-2,-1,64
-3,-1,64
-2,-1,64
-2,-1,64
-3,-1,64
-3,-1,64
-2,-1,64
-2,-1,64
-2,-1,64
-3,-1,64
-2,-1,64
-3,-1,64
-2,-1,64
-2,-1,64
-3,-1,64
-2,-1,64
-2,-1,64
-2,-1,64
-3,-1,64
-2,-1,64
-2,-1,64
-2,-1,64
-2,-1,64
-2,-1,64
-2,-1,64
-2,-1,64
-2,-1,64
-3,-1,64
-3,-1,64
-2,-1,64
-2,-1,64
-2,-1,64
-3,-1,64
-2,-1,64
-2,-1,64
-2,-1,64
-3,-1,64
-3,-1,64
-3,-1,64
-2,-1,64
-2,-1,64
-3,-1,64
-3,-1,64
-2,-1,64
-2,-1,64
-2,-1,64
-3,-1,64
-2,-1,64
-2,-1,64
-2,-1,64
-3,-1,64
-3,-1,64
-2,-1,64
-2,-1,64
-3,-1,64
-3,-1,64
-2,-1,64
-2,-1,64
-3,-1,64
-3,-1,64
-2,-1,64
-2,-1,64
-2,-1,64
-3,-1,64
-2,-1,64
-2,-1,64
-2,-1,64
-2,-1,64
-2,-1,64
-3,-1,64
-3,-1,64
-2,-1,64
-2,-1,64
-2,-1,64
-2,-1,64
-2,-1,64
-2,-1,64
-2,-1,64
-2,-1,64
-3,-1,64
-2,-1,64
-2,-1,64
-3,-1,64
-2,-1,64
-2,-1,64
-3,-1,64
-2,-1,64
-2,-1,64
-2,-1,64
-3,-1,64
-2,-1,64
-2,-1,64
-2,-1,64
-3,-1,64
-2,-1,64
-3,-1,64
-2,-1,64
-2,-1,64
-3,-1,64
-3,-1,64
-2,-1,64
-2,-1,64
-2,-1,64
-3,-1,64
-3,-1,64
-3,-1,64
-2,-1,64
-2,-1,64
-3,-1,64
-2,-1,64
-2,-1,64
-2,-1,64
-2,-1,64
-2,-1,64
-3,-1,64
-2,-1,64
-2,-1,64
-3,-1,64
-2,-1,64
-2,-1,64
-2,-1,64
-2,-1,64
-3,-1,64
-3,-2,64
-3,-1,64
-2,-1,64
-2,-1,64
-2,-1,64
-3,-1,64
-3,-1,64
-3,-1,64
-2,-1,64
-2,-1,64
-3,-1,64
-3,-1,64
-3,-1,64
-3,-1,64
-2,-1,64
-2,-1,64
-3,-1,64
-2,-1,64
-2,-1,64
-3,-1,64
-3,-1,64
-3,-1,64
-3,-1,64
-3,-1,64
-3,-1,64
-3,-1,64
-2,-1,64
-3,-1,64
-3,-1,64
-3,-1,64
-2,-1,64
-3,-1,64
-3,-1,64
-3,-1,64
-2,-1,64
-2,-1,64
-2,-1,64
-3,-2,64
-2,-1,64
-2,-1,64
-2,-1,64
-3,-1,64
-3,-1,64
-3,-1,64
-3,-1,64
-2,-1,64
-3,-1,64
-3,-1,64
-2,-1,64
-2,-1,64
-3,-1,64
-3,-1,64
-2,-1,64
-2,-1,64
-3,-1,64
-3,-1,64
-3,-1,64
-2,-1,64
-2,-1,64
-2,-1,64
-3,-1,64
-2,-1,64
-2,-1,64
-2,-1,64
-2,-1,64
-3,-1,64
-3,-1,64
-3,-1,64
-2,-1,64
-2,-1,64
-2,-1,64
-3,-1,64
-3,-1,64
-2,-1,64
-2,-1,64
-3,-1,64
-3,-1,64
-2,-1,64
-2,-1,64
-3,-1,64
-2,-1,64
-3,-1,64
-3,-1,64
-2,-1,64
-2,-1,64
-2,-1,64
-3,-1,64
-2,-1,64
-3,-1,64
-2,-1,64
-2,-1,64
-2,-1,64
-2,-1,64
-3,-1,64
-3,-1,64
-2,-1,64
-2,-1,64
-3,-1,64
-2,-1,64
-2,-1,64
-3,-1,64
-3,-1,64
-2,-1,64
-3,-1,64
-3,-1,64
-2,-1,64
-3,-1,64
-3,-1,64
-2,-1,64
-2,-1,64
-3,-1,64
-3,-1,64
-3,-1,64
-3,-1,64
-3,-1,64
-3,-1,64
-3,-1,64
-3,-1,64
-2,-1,64
-2,-1,64
-3,-1,64
-3,-1,64
-2,-1,64
-3,-1,64
-2,-1,64
-3,-1,64
-3,-1,64
-3,-1,64
-3,-1,64
-2,-1,64
-2,-1,64
-3,-1,64
-3,-1,64
-3,-1,64
-2,-1,64
-3,-1,64
-3,-1,64
-3,-1,64
-2,-1,64
-3,-1,64
-3,-1,64
-3,-1,64
-3,-1,64
-2,-1,64
-3,-1,64
-3,-1,64
-3,-1,64
-3,-1,64
-3,-1,64
-3,-1,64
-3,-1,64
-2,-1,64
-3,-1,64
-3,-1,64
-3,-1,64
-3,-1,64
-3,-1,64
-2,-1,64
-3,-1,64
-3,-1,64
-3,-1,64
-2,-1,64
-2,-1,64
-3,-1,64
-3,-1,64
-2,-1,64
-2,-1,64
-2,-1,64
-3,-1,64
-3,-1,64
-2,-1,64
-2,-1,64
-3,-1,64
-3,-1,64
-3,-1,64
-3,-1,64
-3,-1,64
-3,-1,64
-3,-1,64
-3,-1,64
-3,-1,64
-3,-1,64
-3,-1,64
-3,-1,64
-2,-1,64
-3,-1,64
-2,-1,64
-2,-1,64
-3,-1,64
-3,-1,64
-2,-1,64
-2,-1,64
-3,-1,64
-3,-1,64
-3,-1,64
-3,-1,64
-3,-1,64
-2,-1,64
-3,-1,64
-3,-1,64
-2,-1,64
-2,-1,64
-3,-1,64
-2,-1,64
-3,-1,64
-2,-1,64
-3,-1,64
-2,-1,64
-3,-1,64
-3,-1,64
-2,-1,64
-3,-1,64
-2,-1,64
-2,-1,64
-3,-1,64
-3,-2,64
-3,-1,64
-2,-1,64
-2,-1,64
-3,-1,64
-3,-1,64
-3,-1,64
-2,-1,64
-2,-1,64
-3,-1,64
-3,-1,64
-2,-1,64
-3,-1,64
-3,-1,64
-2,-1,64
-2,-1,64
-3,-1,64
-3,-1,64
-3,-1,64
-3,-1,64
-3,-1,64
-3,-1,64
-3,-1,64
-2,-1,64
-2,-1,64
-3,-1,64
-3,-1,64
-3,-1,64
-3,-1,64
-2,-1,64
-2,-1,64
-3,-1,64
-3,-1,64
-3,-1,64
-3,-1,64
-3,-1,64
-3,-1,64
-3,-1,64
-2,-1,64
-3,-1,64
-3,-1,64
-3,-1,64
-3,-1,64
-3,-1,64
-3,-1,64
-3,-1,64
-3,-1,64
-3,-1,64
-3,-1,64
-3,-1,64
-3,-1,64
-3,-1,64
-3,-1,64
-3,-1,64
-3,-1,64
-2,-1,64
-2,-1,64
-3,-1,64
-3,-1,64
-3,-1,64
-2,-1,64
-2,-1,64
-3,-1,64
-3,-1,64
-3,-1,64
-3,-1,64
-3,-1,64
-3,-1,64
-3,-1,64
-2,-1,64
-2,-1,64
-3,-1,64
-3,-1,64
-2,-1,64
-3,-1,64
-2,-1,64
-3,-1,64
-3,-1,64
-3,-1,64
-3,-1,64
-3,-1,64
-3,-1,64
-3,-1,64
-3,-1,64
-3,-1,64
-2,-1,64
-2,-1,64
-3,-1,64
-3,-1,64
-3,-1,64
-2,-1,64
-2,-1,64
-3,-1,64
-3,-1,64
-3,-1,64
-3,-1,64
-2,-1,64
-3,-1,64
-3,-1,64
-2,-1,64
-3,-1,64
-3,-1,64
-3,-1,64
-3,-1,64
-3,-1,64
-2,-1,64
-3,-1,64
-3,-1,64
-3,-1,64
-3,-1,64
-3,-1,64
-3,-1,64
-3,-1,64
-2,-1,64
-2,-1,64
-3,-1,64
-3,-1,64
-2,-1,64
-2,-1,64
-3,-1,64
-3,-1,64
-3,-1,64
-3,-1,64
-2,-1,64
-3,-1,64
-3,-1,64
-2,-1,64
-3,-1,64
-3,-1,64
-2,-1,64
-2,-1,64
-3,-1,64
-3,-1,64
-3,-1,64
-3,-1,64
-3,-1,64
-3,-1,64
-3,-1,64
-3,-1,64
-3,-1,64
-3,-1,64
-2,-1,64
-2,-1,64
-3,-1,64
-3,-1,64
-3,-1,64
-2,-1,64
-2,-1,64
-3,-1,64
-3,-1,64
-3,-1,64
-2,-1,64
-2,-1,64
-3,-1,64
-3,-1,64
-2,-1,64
-2,-1,64
-3,-1,64
-3,-1,64
-2,-1,64
-3,-1,64
-3,-1,64
-3,-1,64
-3,-1,64
-3,-1,64
-3,-1,64
-3,-1,64
-3,-1,64
-3,-1,64
-3,-1,64
-3,-1,64
-3,-1,64
-3,-1,64
-2,-1,64
-2,-1,64
-2,-1,64
-3,-1,64
-3,-1,64
-3,-1,64
-2,-1,64
-2,-1,64
-3,-1,64
-3,-1,64
-3,-1,64
-3,-1,64
-3,-1,64
-3,-1,64
-3,-1,64
-2,-1,64
-2,-1,64
-3,-1,64
-3,-1,64
-3,-1,64
-3,-1,64
-2,-1,64
-3,-1,64
-3,-1,64
-3,-1,64
-3,-1,64
-3,-1,64
-3,-1,64
-3,-1,64
-3,-1,64
-3,-1,64
-3,-1,64
-3,-1,64
-3,-1,64
-3,-1,64
-3,-1,64
-2,-1,64
-2,-1,64
-3,-1,64
-2,-1,64
-3,-1,64
-3,-1,64
-2,-1,64
-3,-1,64
-3,-1,64
-2,-1,64
-3,-1,64
-3,-1,64
-3,-1,64
-3,-1,64
-3,-1,64
-3,-1,64
-3,-1,64
-3,-1,64
-2,-1,64
-3,-1,64
-2,-1,64
-2,-1,64
-3,-1,64
-3,-1,64
-2,-1,64
-3,-1,64
-3,-1,64
-2,-1,64
-2,-1,64
-3,-1,64
-3,-1,64
-3,-1,64
-3,-1,64
-2,-1,64
-3,-1,64
-3,-1,64
-3,-1,64
-3,-1,64
-3,-1,64
-3,-1,64
-2,-1,64
-3,-1,64
-3,-1,64
-3,-1,64
-3,-1,64
-3,-1,64
-3,-1,64
-3,-1,64
-3,-1,64
-3,-1,64
-2,-1,64
-2,-1,64
-3,-1,64
-3,-1,64
-3,-1,64
-2,-1,64
-2,-1,64
-3,-1,64
-3,-1,64
-3,-1,64
-3,-1,64
-3,-1,64
-3,-1,64
-3,-1,64
-2,-1,64
-2,-1,64
-3,-1,64
-3,-1,64
-3,-1,64
-3,-1,64
-3,-1,64
-3,-1,64
-3,-1,64
-3,-1,64
-3,-1,64
-3,-1,64
-3,-1,64
-3,-1,64
-3,-1,64
-3,-1,64
-3,-1,64
-2,-1,64
-2,-1,64
-2,-1,64
-3,-1,64
-3,-1,64
-3,-1,64
-2,-1,64
-3,-1,64
-3,-1,64
-3,-1,64
-3,-1,64
-3,-1,64
-3,-1,64
-3,-1,64
-3,-1,64
-2,-1,64
-3,-1,64
-3,-1,64
-3,-1,64
-3,-1,64
-3,-1,64
-2,-1,64
-3,-1,64
-3,-1,64
-3,-1,64
-3,-1,64
-3,-1,64
-3,-1,64
-3,-1,64
-3,-1,64
-3,-1,64
-2,-1,64
-2,-1,64
-3,-1,64
-3,-1,64
-2,-1,64
-2,-1,64
-3,-1,64
-3,-1,64
-3,-1,64
-3,-1,64
-2,-1,64
-3,-1,64
-3,-1,64
-2,-1,64
-2,-1,64
-3,-1,64
-3,-1,64
-3,-1,64
-3,-1,64
-3,-1,64
-3,-1,64
-3,-1,64
-2,-1,64
-2,-1,64
-3,-1,64
-3,-1,64
-3,-1,64
-3,-1,64
-2,-1,64
-2,-1,64
-3,-1,64
-3,-1,64
-2,-1,64
-2,-1,63
-3,-1,64
-3,-1,64
-3,-1,64
-3,-1,64
-3,-1,64
-3,-1,64
-3,-1,64
-3,-1,64
-3,-1,64
-3,-1,64
-3,-1,64
-3,-1,64
-3,-1,64
-2,-1,64
-3,-1,64
-2,-1,64
-3,-1,64
-3,-1,64
-3,-1,64
-3,-1,64
-2,-1,64
-3,-1,64
-3,-1,64
-3,-1,64
-2,-1,64
-2,-1,64
-2,-1,64
-3,-1,64
-3,-1,64
-2,-1,64
-2,-1,64
-3,-1,64
-3,-1,64
-3,-1,64
-3,-1,64
-3,-1,64
-3,-1,64
-3,-1,64
-3,-1,64
-2,-1,64
-3,-1,64
-3,-1,64
-2,-1,64
-3,-1,64
-3,-1,64
-3,-1,64
-3,-1,64
-3,-1,64
-3,-1,64
-3,-1,64
-3,-1,64
-3,-1,64
-3,-1,64
-3,-1,64
-3,-1,64
-3,-1,64
-3,-1,64
-3,-1,64
-3,-1,64
-2,-1,64
-3,-1,64
-3,-1,64
-3,-1,64
-2,-1,64
-3,-1,64
-3,-1,64
-3,-1,64
-3,-1,64
-3,-1,64
-3,-1,64
-3,-1,64
-2,-1,64
-2,-1,64
-3,-1,64
-3,-1,64
-3,-1,64
-3,-1,64
-2,-1,64
-3,-1,64
-3,-1,64
-3,-1,64
-3,-1,64
-3,-1,64
-3,-1,64
-3,-1,64
-3,-1,64
-3,-1,64
-2,-1,64
-3,-1,64
-2,-1,64
-2,-1,64
-3,-1,64
-3,-1,64
-2,-1,64
-3,-1,64
-3,-1,64
-3,-1,64
-3,-1,64
-3,-1,64
-2,-1,64
-3,-1,64
-3,-1,64
-2,-1,64
-2,-1,64
-3,-1,64
-3,-1,64
-3,-1,64
-3,-1,64
-3,-1,64
-3,-1,64
-3,-1,64
-2,-1,64
-3,-1,64
-3,-1,64
-3,-1,64
-3,-1,64
-3,-1,64
-3,-1,64
-2,-1,64
-2,-1,64
-3,-1,64
-3,-1,64
-3,-1,64
-2,-1,64
-2,-1,64
-3,-1,64
-3,-1,64
-3,-1,64
-3,-1,64
-3,-1,64
-3,-1,64
-3,-1,64
-2,-1,64
-3,-1,64
-3,-1,64
-2,-1,64
-3,-1,64
-3,-1,64
-3,-1,64
-2,-1,64
-3,-1,64
-3,-1,64
-3,-1,64
-3,-1,64
-3,-1,64
-3,-1,64
-3,-1,64
-3,-1,64
-3,-1,64
-3,-1,64
-2,-1,64
-2,-1,64
-3,-1,64
-3,-1,64
-3,-1,64
-2,-1,64
-3,-1,64
-3,-1,64
-3,-1,64
-3,-1,64
-3,-1,64
-3,-1,64
-3,-1,64
-3,-1,64
-2,-1,64
-3,-1,64
-3,-1,64
-3,-1,64
-3,-1,64
-3,-1,64
-3,-1,64
-3,-1,64
-2,-1,64
-3,-1,64
-3,-1,64
-3,-1,64
-3,-1,64
-3,-1,64
-3,-1,64
-3,-1,64
-3,-1,64
-3,-1,64
-3,-1,64
-2,-1,64
-2,-1,64
-3,-1,64
-3,-1,64
-3,-1,64
-2,-1,64
-3,-1,64
-3,-1,64
-3,-1,64
-3,-1,64
-3,-1,64
-3,-1,64
-3,-1,64
-2,-1,64
-2,-1,64
-3,-1,64
-3,-1,64
-2,-1,64
-3,-1,64
-3,-1,64
-2,-1,64
-3,-1,64
-3,-1,64
-2,-1,64
-3,-1,64
-3,-1,64
-3,-1,64
-3,-1,64
-2,-1,64
-3,-1,64
-3,-1,64
-2,-1,64
-3,-1,64
-3,-1,64
-3,-1,64
-2,-1,64
-2,-1,63
-3,-1,64
-3,-1,64
-3,-1,64
-3,-1,64
-3,-1,64
-3,-1,64
-3,-1,64
-2,-1,64
-2,-1,64
-3,-1,64
-3,-1,64
-3,-1,64
-3,-1,64
-3,-1,64
-3,-1,64
-3,-1,64
-3,-1,64
-3,-1,64
-2,-1,64
-2,-1,64
-3,-1,64
-3,-1,64
-3,-1,64
-3,-1,64
-2,-1,64
-2,-1,64
-3,-1,64
-3,-1,64
-2,-1,64
-2,-1,64
-3,-1,64
-3,-1,64
-3,-1,64
-3,-1,64
-3,-1,64
-3,-1,64
-3,-1,64
-3,-1,64
-2,-1,64
-3,-1,64
-3,-1,64
-3,-1,64
-3,-1,64
-3,-1,64
-3,-1,64
-3,-1,64
-3,-1,64
-3,-1,64
-3,-1,64
-3,-1,64
-3,-1,64
-3,-1,64
-3,-1,64
-3,-1,64
-3,-1,64
-2,-1,64
-3,-1,64
-3,-1,64
-3,-1,64
-3,-1,64
-2,-1,64
-2,-1,64
-3,-1,64
-3,-1,64
-3,-1,64
-3,-1,64
-3,-1,64
-3,-1,64
-3,-1,64
-3,-1,64
-2,-1,64
-3,-1,64
-3,-1,64
-3,-1,64
-3,-1,64
-2,-1,64
-3,-1,64
-3,-1,64
-3,-1,64
-3,-1,64
-3,-1,64
-3,-1,64
-3,-1,64
-3,-1,64
-3,-1,64
-3,-1,64
-2,-1,64
-2,-1,64
-3,-1,64
-3,-1,64
-2,-1,64
-2,-1,64
-3,-1,64
-3,-1,64
-3,-1,64
-3,-1,64
-3,-1,64
-3,-1,64
-3,-1,64
-3,-1,64
-2,-1,64
-2,-1,64
-3,-1,64
-3,-1,64
-3,-1,64
-2,-1,64
-2,-1,64
-3,-1,64
-3,-1,64
-3,-1,64
-2,-1,64
-3,-1,64
-3,-1,64
-3,-1,64
-2,-1,64
-2,-1,64
-3,-1,64
-3,-1,64
-2,-1,64
-2,-1,64
-3,-1,64
-3,-1,64
-3,-1,64
-3,-1,64
-2,-1,64
-2,-1,64
-3,-1,64
-3,-1,64
-2,-1,64
-3,-1,64
-3,-1,64
-2,-1,64
-3,-1,64
-3,-1,64
-2,-1,64
-3,-1,64
-3,-1,64
-3,-1,64
-3,-1,64
-3,-1,64
-3,-1,64
-3,-1,64
-3,-1,64
-3,-1,64
-2,-1,64
-2,-1,64
-3,-1,64
-3,-1,64
-3,-1,64
-2,-1,64
-2,-1,64
-3,-1,64
-3,-1,64
-3,-1,64
-3,-1,64
-2,-1,64
-3,-1,64
-3,-1,64
-2,-1,64
-3,-1,64
-3,-1,64
-3,-1,64
-2,-1,64
-2,-1,64
-3,-1,64
-3,-1,64
-3,-1,64
-2,-1,64
-3,-1,64
-3,-1,64
-3,-1,64
-3,-1,64
-3,-1,64
-3,-1,64
-3,-1,64
-3,-1,64
-3,-1,64
-2,-1,64
-3,-1,64
-3,-1,64
-3,-1,64
-2,-1,64
-3,-1,64
-3,-1,64
-3,-1,64
-2,-1,64
-3,-1,64
-2,-1,64
-3,-1,64
-2,-1,64
-2,-1,64
-3,-1,64
-3,-1,64
-3,-1,64
-3,-1,64
-3,-1,64
-2,-1,64
-3,-1,64
-3,-1,64
-3,-1,64
-3,-1,64
-3,-1,64
-3,-1,64
-3,-1,64
-3,-1,64
-3,-1,64
-3,-1,64
-2,-1,64
-3,-1,64
-3,-1,63
-2,-1,64
-2,-1,64
-3,-1,64
-3,-1,64
-3,-1,64
-3,-1,64
-3,-1,64
-3,-1,64
-3,-1,64
-3,-1,64
-2,-1,64
-2,-1,64
-3,-1,64
-3,-1,64
-3,-1,64
-3,-1,64
-3,-1,64
-3,-1,64
-3,-1,64
-3,-1,64
-2,-1,64
-3,-1,64
-3,-1,64
-3,-1,64
-3,-1,64
-3,-1,64
-2,-1,64
-3,-1,64
-3,-1,64
-3,-1,64
-2,-1,64
-2,-1,64
-3,-1,64
-3,-1,64
-3,-1,64
-3,-1,64
-3,-1,64
-3,-1,64
-3,-1,64
-3,-1,64
-2,-1,64
-3,-1,64
-3,-1,64
-3,-1,64
-3,-1,64
-3,-1,64
-3,-1,64
-3,-1,64
-3,-1,64
-3,-1,64
-3,-1,64
-3,-1,64
-3,-1,64
-3,-1,64
-3,-1,64
-3,-1,64
-3,-1,64
-2,-1,64
-2,-1,64
-3,-1,64
-3,-1,64
-3,-1,64
-2,-1,64
-3,-1,64
-3,-1,64
-3,-1,64
-3,-1,64
-2,-1,64
-3,-1,64
-3,-1,64
-3,-1,64
-2,-1,64
-3,-1,64
-3,-1,64
-3,-1,64
-3,-1,64
-3,-1,64
-3,-1,64
-3,-1,64
-3,-1,64
-3,-1,64
-3,-1,64
-3,-1,64
-3,-1,64
-3,-1,64
-3,-1,64
-3,-1,64
-3,-1,64
-3,-1,64
-3,-1,64
-3,-1,64
-3,-1,64
-3,-1,64
-2,-1,64
-3,-1,64
-3,-1,64
-3,-1,64
-3,-1,64
-3,-1,64
-3,-1,64
-3,-1,64
-3,-1,64
-2,-1,64
-2,-1,64
-3,-1,64
-3,-1,64
-3,-1,64
-3,-1,64
-2,-1,64
-2,-1,64
-3,-1,64
-3,-1,64
-3,-1,64
-3,-1,64
-3,-1,64
-3,-1,64
-3,-1,64
-3,-1,64
-2,-1,64
-3,-1,64
-3,-1,64
-2,-1,64
-2,-1,64
-3,-1,64
-3,-1,64
-3,-1,64
-3,-1,64
-3,-1,64
-2,-1,64
-3,-1,64
-3,-1,64
-2,-1,64
-3,-1,64
-3,-1,64
-2,-1,64
-3,-1,64
-2,-1,64
-3,-1,64
-3,-1,64
-3,-1,64
-3,-1,64
-3,-1,64
-3,-1,64
-3,-1,64
-2,-1,64
-2,-1,64
-3,-1,64
-3,-1,64
-2,-1,64
-2,-1,64
-3,-1,64
-3,-1,64
-3,-1,64
-3,-1,64
-2,-1,64
-2,-1,64
-3,-1,64
-3,-1,64
-2,-1,64
-3,-1,64
-3,-1,64
-3,-1,64
-3,-1,64
-3,-1,64
-3,-1,64
-3,-1,64
-3,-1,64
-3,-1,64
-3,-1,64
-3,-1,64
-3,-1,64
-2,-1,64
-2,-1,64
-2,-1,64
-3,-1,64
-3,-1,64
-3,-1,64
-2,-1,64
-2,-1,64
-3,-1,64
-3,-1,64
-3,-1,64
-3,-1,64
-3,-1,64
-3,-1,64
-3,-1,64
-2,-1,64
-3,-1,64
-3,-1,64
-3,-1,64
-3,-1,64
-3,-1,64
-3,-1,64
-3,-1,64
-3,-1,64
-3,-1,64
-3,-1,64
-3,-1,64
-3,-1,64
-3,-1,64
-3,-1,64
-3,-1,64
-3,-1,64
-3,-1,64
-3,-1,64
-3,-1,64
-3,-1,64
-2,-1,64
-2,-1,64
-3,-1,64
-3,-1,64
-3,-1,64
-3,-1,64
-3,-1,64
-3,-1,64
-3,-1,64
-2,-1,64
-3,-1,64
-3,-1,64
-3,-1,64
-3,-1,64
-2,-1,64
-3,-1,64
-3,-1,64
-3,-1,64
-3,-1,64
-3,-1,64
-3,-1,64
-3,-1,64
-3,-1,64
-3,-1,64
-3,-1,64
-3,-1,64
-3,-1,64
-3,-1,64
-3,-1,63
-3,-1,64
-2,-1,64
-2,-1,64
-3,-1,64
-3,-1,64
-3,-1,64
-3,-1,64
-3,-1,64
-3,-1,64
-3,-1,64
-2,-1,64
-2,-1,64
-3,-1,64
-3,-1,64
-3,-1,64
-3,-1,64
-3,-1,64
-3,-1,64
-3,-1,64
-3,-1,64
-3,-1,64
-3,-1,64
-3,-1,64
-3,-1,64
-2,-1,64
-3,-1,64
-2,-1,64
-3,-1,64
-3,-1,64
-3,-1,64
-2,-1,64
-2,-1,64
-3,-1,64
-3,-1,64
-3,-1,64
-3,-1,64
-3,-1,64
-3,-1,64
-3,-1,64
-2,-1,64
-2,-1,64
-3,-1,64
-3,-1,64
-3,-1,64
-2,-1,64
-2,-1,64
-3,-1,64
-3,-1,64
-3,-1,64
-3,-1,64
-3,-1,64
-3,-1,64
-3,-1,64
-3,-1,64
-3,-1,64
-3,-1,64
-3,-1,64
-3,-1,64
-3,-1,64
-3,-1,64
-2,-1,64
-2,-1,64
-3,-1,64
-3,-1,64
-3,-1,64
-3,-1,64
-3,-1,64
-3,-1,64
-3,-1,64
-2,-1,64
-3,-1,64
-3,-1,64
-3,-1,64
-3,-1,64
-3,-1,64
-3,-1,64
-3,-1,64
-3,-1,64
-3,-1,64
-3,-1,64
-3,-1,64
-3,-1,64
-3,-1,64
-3,-1,64
-3,-1,64
-3,-1,64
-3,-1,64
-3,-1,64
-2,-1,64
-3,-1,64
-3,-1,64
-2,-1,64
-2,-1,64
-3,-1,64
-3,-1,64
-3,-1,64
-3,-1,64
-3,-1,64
-3,-1,64
-3,-1,64
-3,-1,64
-2,-1,64
-3,-1,64
-3,-1,64
-3,-1,64
-3,-1,64
-3,-1,64
-3,-1,64
-3,-1,64
-3,-1,64
-3,-1,64
-3,-1,64
-3,-1,64
-3,-1,64
-3,-1,64
-3,-1,64
-3,-1,64
-2,-1,64
-2,-1,64
-3,-1,64
-3,-1,64
-3,-1,64
-2,-1,64
-3,-1,64
-3,-1,64
-3,-1,64
-3,-1,64
-3,-1,64
-3,-1,64
-3,-1,64
-3,-1,64
-2,-1,64
-3,-1,64
-3,-1,64
-2,-1,64
-3,-1,64
-3,-1,64
-3,-1,64
-3,-1,64
-3,-1,64
-3,-1,64
-2,-1,64
-3,-1,64
-3,-1,64
-3,-1,64
-3,-1,64
-2,-1,64
-3,-1,64
-3,-1,64
-3,-1,64
-2,-1,64
-2,-1,64
-3,-1,64
-3,-1,64
-3,-1,64
-3,-1,64
-2,-1,64
-3,-1,64
-2,-1,64
-2,-1,64
-3,-1,64
-3,-1,64
-3,-1,64
-3,-1,64
-3,-1,64
-3,-1,64
-3,-1,64
-3,-1,64
-3,-1,64
-3,-1,64
-3,-1,64
-3,-1,64
-3,-1,64
-3,-1,64
-2,-1,64
-3,-1,64
-3,-1,64
-3,-1,64
-2,-1,64
-2,-1,64
-3,-1,64
-3,-1,64
-3,-1,64
-3,-1,64
-3,-1,64
-3,-1,64
-3,-1,64
-3,-1,64
-3,-1,64
-3,-1,64
-3,-1,64
-2,-1,64
-3,-1,64
-3,-1,64
-3,-1,64
-3,-1,64
-3,-1,64
-3,-1,64
-3,-1,64
-3,-1,64
-3,-1,64
-3,-1,64
-3,-1,64
-3,-1,64
-3,-1,64
-2,-1,64
-3,-1,64
-3,-1,64
-3,-1,64
-2,-1,64
-3,-1,64
-3,-1,64
-3,-1,64
-3,-1,64
-3,-1,64
-3,-1,64
-3,-1,64
-2,-1,64
-2,-1,64
-3,-1,64
-3,-1,64
-3,-1,64
-3,-1,64
-3,-1,64
-3,-1,64
-3,-1,64
-3,-1,64
-3,-1,64
-3,-1,64
-3,-1,64
-3,-1,64
-3,-1,64
-3,-1,64
-3,-1,64
-3,-1,64
-3,-1,64
-2,-1,64
-2,-1,64
-3,-1,64
-3,-1,64
-2,-1,64
-2,-1,64
-3,-1,64
-3,-1,64
-3,-1,64
-3,-1,64
-3,-1,64
-3,-1,64
-3,-1,64
-3,-1,64
-2,-1,64
-3,-1,64
-3,-1,64
-3,-1,64
-3,-1,64
-3,-1,64
-3,-1,64
-3,-1,64
-3,-1,64
-3,-1,64
-3,-1,64
-3,-1,64
-3,-1,64
-3,-1,64
-3,-1,64
-3,-1,64
-3,-1,64
-3,-1,64
-2,-1,64
-3,-1,64
-3,-1,64
-2,-1,64
-2,-1,64
-3,-1,64
-3,-1,64
-3,-1,64
-3,-1,64
-3,-1,64
-2,-1,64
-3,-1,64
-2,-1,64
-2,-1,64
-3,-1,64
-3,-1,64
-3,-1,64
-3,-1,64
-3,-1,64
-3,-1,64
-3,-1,64
-3,-1,64
-3,-1,64
-3,-1,64
-3,-1,64
-3,-1,64
-3,-1,64
-2,-1,64
-3,-1,64
-3,-1,64
-3,-1,64
-3,-1,64
-3,-1,64
-2,-1,64
-3,-1,64
-3,-1,64
-3,-1,64
-3,-1,64
-3,-1,64
-2,-1,64
-3,-1,64
-3,-1,64
-2,-1,64
-3,-1,64
-3,-1,64
-3,-1,64
-3,-1,64
-3,-1,64
-3,-1,64
-3,-1,64
-3,-1,64
-3,-1,64
-3,-1,64
-3,-1,64
-3,-1,64
-3,-1,64
-3,-1,64
-3,-1,64
-3,-1,64
-2,-1,64
-3,-1,64
-3,-1,64
-2,-1,64
-2,-1,64
-3,-1,64
-3,-1,64
-3,-1,64
-2,-1,64
-3,-1,64
-3,-1,64
-3,-1,64
-3,-1,64
-2,-1,64
-3,-1,64
-3,-1,64
-3,-1,64
-3,-1,64
-3,-1,64
-3,-1,64
-3,-1,64
-3,-1,64
-3,-1,64
-3,-1,64
-3,-1,64
-3,-1,64
-3,-1,64
-3,-1,64
-3,-1,64
-3,-1,64
-2,-1,64
-2,-1,64
-3,-1,64
-3,-1,64
-3,-1,64
-2,-1,64
-3,-1,64
-3,-1,64
-3,-1,64
-3,-1,64
-3,-1,64
-3,-1,64
-3,-1,64
-3,-1,64
-3,-1,64
-2,-1,64
-3,-1,64
-3,-1,64
-3,-1,64
-3,-1,64
-3,-1,64
-3,-1,64
-3,-1,64
-2,-1,64
-3,-1,64
-3,-1,64
-3,-1,64
-3,-1,64
-3,-1,64
-3,-1,64
-2,-1,64
-3,-1,64
-3,-1,64
-3,-1,64
-2,-1,64
-3,-1,64
-3,-1,64
-2,-1,64
-3,-1,64
-3,-1,64
-2,-1,64
-3,-1,64
-3,-1,64
-2,-1,64
-3,-1,64
-3,-1,64
-3,-1,64
-3,-1,64
-2,-1,64
-3,-1,64
-3,-1,64
-3,-1,64
-3,-1,64
-3,-1,64
-3,-1,64
-3,-1,64
-3,-1,64
-3,-1,64
-2,0,64
-3,-1,64
-3,-1,64
-3,-1,64
-2,-1,64
-2,-1,64
-2,-1,64
-3,-1,64
-3,-1,64
-3,-1,64
-3,-1,64
-3,-1,64
-3,-1,64
-2,-1,64
-3,-1,64
-3,-1,64
-3,-1,64
-3,-1,64
-3,-1,64
-3,-1,64
-3,-1,64
-3,-1,64
-3,-1,64
-3,-1,64
-3,-1,64
-3,-1,64
-3,-1,64
-3,-1,64
-2,-1,64
-2,-1,64
-3,-1,64
-3,-1,64
-2,-1,64
-2,-1,64
-3,-1,64
-3,-1,64
-3,-1,64
-3,-1,64
-3,-1,64
-3,-1,64
-3,-1,64
-3,-1,64
-2,-1,64
-3,-1,64
-3,-1,64
-3,-1,64
-3,-1,64
-3,-1,64
-3,-1,64
-3,-1,64
-3,-1,64
-3,-1,64
-3,-1,64
-3,-1,64
-3,-1,64
-3,-1,64
-3,-1,64
-3,-1,64
-3,-1,64
-2,-1,64
-3,-1,64
-3,-1,64
-3,-1,64
-2,-1,64
-2,-1,64
-3,-1,64
-3,-1,64
-3,-1,64
-3,-1,64
-3,-1,64
-3,-1,64
-3,-1,64
-3,-1,64
-2,-1,64
-3,-1,64
-3,-1,64
-3,-1,64
-3,-1,64
-3,-1,64
-3,-1,64
-3,-1,64
-3,-1,64
-3,-1,64
-3,-1,64
-3,-1,64
-3,-1,64
-3,-1,64
-3,-1,64
-3,-1,64
-3,-1,64
-3,-1,64
-3,-1,64
-3,-1,64
-3,-1,64
-3,-1,64
-2,-1,64
-3,-1,64
-3,-1,64
-3,-1,64
-3,-1,64
-3,-1,64
-3,-1,64
-3,-1,64
-3,-1,64
-2,-1,64
-3,-1,64
-3,-1,64
-3,-1,64
-3,-1,64
-2,-1,64
-2,-1,64
-3,-1,64
-3,-1,64
-3,-1,64
-3,-1,64
-3,-1,64
-3,-1,64
-3,-1,64
-3,-1,64
-3,-1,64
-2,-1,64
-3,-1,64
-3,-1,64
-3,-1,64
-3,-1,64
-2,-1,64
-3,-1,64
-3,-1,64
-3,-1,64
-3,-1,64
-3,-1,64
-3,-1,64
-3,-1,64
-2,-1,64
-3,-1,64
-3,-1,64
-3,-1,64
-3,-1,64
-3,-1,64
-3,-1,64
-3,-1,64
-3,-1,64
-3,-1,64
-3,-1,64
-3,-1,64
-3,-1,64
-3,-1,64
-3,-1,64
-3,-1,64
-3,-1,64
-2,-1,64
-3,-1,64
-3,-1,64
-3,-1,64
-2,-1,64
-3,-1,64
-3,-1,64
-3,-1,64
-3,-1,64
-3,-1,64
-3,-1,64
-3,-1,64
-3,-1,64
-2,-1,64
-3,-1,64
-3,-1,64
-3,-1,64
-3,-1,64
-3,-1,64
-3,-1,64
-3,-1,64
-3,-1,64
-3,-1,64
-3,-1,64
-3,-1,64
-3,-1,64
-3,-1,64
-3,-1,64
-3,-1,64
-3,-1,64
-2,-1,64
-2,-1,64
-3,-1,64
-3,-1,64
-3,-1,64
-2,-1,64
-3,-1,63
-3,-1,64
-3,-1,64
-3,-1,64
-3,-1,64
-3,-1,64
-3,-1,64
-3,-1,64
-3,-1,64
-2,-1,64
-3,-1,64
-3,-1,64
-3,-1,64
-3,-1,64
-3,-1,64
-3,-1,64
-3,-1,64
-3,-1,64
-3,-1,64
-3,-1,64
-3,-1,64
-3,-1,64
-3,-1,64
-3,-1,64
-3,-1,64
-3,-1,64
-3,-1,64
-3,-1,64
-2,-1,64
-3,-1,64
-3,-1,64
-3,-1,64
-2,-1,64
-3,-1,64
-3,-1,64
-3,-1,64
-3,-1,64
-3,-1,64
-3,-1,64
-3,-1,64
-3,-1,64
-2,-1,64
-3,-1,64
-3,-1,64
-3,-1,64
-3,-1,64
-2,-1,64
-2,-1,64
-3,-1,64
-3,-1,64
-3,-1,64
-2,-1,64
-3,-1,64
-3,-1,64
-3,-1,64
-3,-1,64
-3,-1,64
-2,-1,64
-2,-1,64
-3,-1,64
-3,-1,64
-2,-1,64
-2,-1,64
-3,-1,64
-3,-1,64
-3,-1,64
-3,-1,64
-3,-1,64
-2,-1,64
-3,-1,64
-3,-1,64
-2,-1,64
-3,-1,64
-2,-1,64
-3,-1,64
-3,-1,64
-3,-1,64
-3,-1,64
-3,-1,64
-3,-1,64
-3,-1,64
-3,-1,64
-3,-1,64
-3,-1,64
-2,-1,64
-3,-1,64
-3,-1,64
-3,-1,64
-2,-1,64
-3,-1,64
-3,-1,64
-3,-1,64
-3,-1,64
-3,-1,64
-3,-1,64
-3,-1,64
-3,-1,64
-2,-1,64
-3,-1,64
-3,-1,64
-3,-1,64
-2,-1,64
-3,-1,64
-3,-1,64
-3,-1,64
-2,-1,64
-2,-1,64
-3,-1,64
-3,-1,64
-3,-1,64
-3,-1,64
-2,-1,64
-3,-1,64
-4,-1,64
-3,-1,64
-3,-1,64
-3,-1,64
-2,-1,65
-2,0,64
0,-1,64
0,-2,63
0,-1,63
1,-2,64
-2,-1,64
-2,-1,64
0,-1,64
-1,-1,64
-1,-1,64
0,0,64
-3,-1,64
-5,-1,64
-4,-1,64
-3,-1,65
-2,0,65
-2,-1,63
-1,-1,63
3,-1,64
3,0,64
-2,-1,63
-4,-2,63
-3,-2,65
-3,-1,65
-4,0,64
-5,0,64
-4,0,64
-3,0,64
0,-1,65
3,-1,64
-1,0,64
-4,0,64
-7,-1,64
-5,-1,63
-3,-1,63
-3,-1,64
-2,-1,64
-2,0,64
-1,0,65
-3,-1,64
-3,-1,64
-2,0,64
-1,0,64
-3,0,64
-3,-1,64
-2,-1,64
-3,-1,63
-3,-1,64
-3,-1,64
-3,-1,64
-3,-1,64
-2,0,64
-2,0,64
-3,-1,64
-3,-1,64
-2,-1,64
-2,-1,64
-3,-1,64
-2,-1,64
-3,-1,64
-3,0,64
-3,-1,64
-3,-1,64
-3,-1,64
-2,-1,64
-2,-1,64
-2,0,64
-2,-1,64
-3,-1,64
-3,-1,64
-2,-1,64
-3,0,64
-3,-1,64
-2,0,64
-3,-1,64
-3,-1,64
-2,-1,64
-2,-1,64
-3,0,64
-3,-1,64
-2,0,64
-2,0,64
-3,-1,64
-3,0,64
-2,-1,64
-2,-1,64
-3,-1,64
-3,-1,64
-3,-1,64
-3,-1,64
-3,-1,64
-3,0,64
-3,-1,64
-2,-1,64
-2,0,64
-3,-1,64
-3,-1,64
-3,-1,64
-3,-1,64
-2,-1,64
-3,-1,64
-3,-1,64
-3,0,64
-3,-1,64
-3,-1,64
-2,0,64
-3,0,64
-3,-1,64
-3,-1,64
-2,-1,64
-2,-1,64
-3,-1,64
-3,-1,64
-3,-1,64
-3,0,64
-2,-1,64
-3,0,64
-3,-1,64
-3,-1,64
-3,-1,64
-3,-1,64
-3,-1,64
-3,-1,64
-3,0,64
-3,-1,64
-3,-1,64
-3,-1,64
-3,-1,64
-3,-1,64
-3,-1,64
-3,-1,64
-2,-1,64
-3,-1,64
-3,0,64
-3,-1,64
-3,-1,64
-3,-1,64
-2,-1,64
-2,-1,64
-3,-1,64
-3,-1,64
-3,0,64
-3,-1,64
-3,-1,64
-3,-1,64
-3,-1,64
-3,-1,64
-3,-1,64
-3,-1,64
-3,-1,64
-2,-1,64
-3,0,64
-3,-1,64
-2,-1,64
-3,-1,64
-3,-1,64
-3,-1,64
-3,-1,64
-3,-1,64
-3,-1,64
-3,-1,64
-3,-1,64
-3,-1,64
-3,-1,64
-3,0,64
-3,-1,64
-2,0,64
-3,0,64
-4,-1,64
-3,-1,64
-2,-1,64
-2,-1,64
-3,-1,64
-3,-1,64
-3,-1,64
-3,-1,64
-3,-1,64
-3,0,64
-3,-1,64
-2,-1,64
-3,0,64
-3,-1,64
-3,-1,64
-3,-1,64
-3,-1,64
-3,-1,64
-3,-1,64
-3,-1,64
-3,-1,64
-3,-1,64
-3,-1,64
-3,-1,64
-3,-1,64
-3,-1,64
-3,-1,64
-3,-1,64
-3,-1,64
-2,-1,64
-2,0,64
-3,0,64
-3,-1,64
-3,0,64
-2,-1,64
-3,-1,64
-3,-1,64
-3,-1,64
-3,-1,64
-3,0,64
-3,-1,64
-3,-1,64
-3,-1,64
-3,-1,64
-3,-1,64
-3,-1,64
-3,-1,64
-3,-1,64
-2,-1,64
-2,-1,64
-3,-1,64
-3,-1,64
-3,-1,64
-2,-1,64
-3,0,64
-3,-1,64
-3,-1,64
-3,-1,64
-2,-1,64
-2,0,64
-3,0,64
-3,-1,64
-3,0,64
-2,-1,64
-3,-1,64
-3,-1,64
-3,-1,64
-3,0,64
-3,-1,64
-3,-1,64
-3,0,64
-3,0,64
-3,-1,64
-3,0,64
-3,0,64
-3,-1,64
-3,-1,64
-3,-1,64
-3,-1,64
-3,-1,64
-3,-1,64
-3,-1,64
-3,-1,64
-3,-1,64
-3,-1,64
-3,-1,64
-3,-1,64
-3,-1,64
-3,-1,64
-2,-1,64
-2,0,64
-3,-1,64
-3,-1,64
-3,-1,64
-2,0,64
-3,0,64
-3,-1,64
-3,-1,64
-3,0,64
-3,-1,64
-3,-1,64
-3,0,64
-3,-1,64
-3,-1,64
-3,-1,64
-3,-1,64
-3,-1,64
-3,-1,64
-3,-1,64
-3,-1,64
-3,-1,64
-3,-1,64
-3,-1,64
-3,-1,64
-3,-1,64
-3,-1,64
-3,-1,64
-3,-1,64
-3,-1,64
-3,-1,64
-3,0,64
-3,-1,64
-3,-1,64
-2,0,64
-3,-1,64
-3,-1,64
-3,-1,64
-2,-1,64
-3,-1,64
-3,-1,64
-3,-1,64
-3,0,64
-3,-1,64
-3,-1,64
-3,-1,64
-3,-1,64
-3,0,64
-3,0,64
-3,-1,64
-3,-1,64
-3,-1,64
-3,-1,64
-3,-1,64
-3,-1,64
-3,-1,64
-3,-1,64
-3,-1,64
-3,-1,64
-3,-1,64
-3,-1,64
-3,-1,64
-3,-1,64
-3,-1,64
-3,-1,64
-3,-1,64
-3,-1,64
-3,0,64
-3,-1,64
-3,-1,64
-2,0,64
-2,-1,64
-3,-1,64
-3,-1,64
-3,0,64
-2,-1,64
-3,0,64
-3,-1,64
-3,-1,64
-3,-1,64
-3,-1,64
-3,0,64
-3,-1,64
-3,-1,64
-3,-1,64
-3,-1,64
-3,-1,64
-3,-1,64
-3,-1,64
-3,-1,64
-3,-1,64
-3,-1,64
-3,-1,64
-3,-1,64
-3,-1,64
-3,-1,64
-2,-1,64
-2,0,64
-3,-1,63
-3,-1,64
-3,-1,64
-2,-1,64
-3,-1,64
-3,-1,64
-3,-1,64
-3,0,64
-3,-1,64
-3,-1,64
-3,0,64
-3,-1,64
-3,0,64
-3,0,64
-3,0,64
-3,-1,64
-3,-1,64
-3,-1,64
-3,-1,64
-3,-1,64
-3,-1,64
-3,-1,64
-3,-1,64
-3,-1,64
-3,-1,64
-3,-1,64
-3,-1,64
-3,0,64
-3,-1,64
-3,-1,64
-2,0,64
-3,0,64
-4,-1,64
-3,0,64
-2,-1,64
-3,-1,64
-3,-1,64
-3,-1,64
-3,-1,64
-3,-1,64
-3,-1,64
-3,-1,64
-3,-1,64
-3,0,64
-3,0,64
-3,-1,64
-3,-1,64
-3,-1,64
-3,-1,64
-3,-1,64
-3,0,64
-3,-1,64
-3,0,64
-3,-1,64
-3,-1,64
-3,-1,64
-3,-1,64
-3,-1,64
-3,-1,64
-3,-1,64
-3,-1,64
-2,0,64
-3,-1,64
-3,-1,64
-3,-1,64
-2,-1,64
-3,0,64
-3,-1,64
-3,-1,64
-3,0,64
-3,-1,64
-3,-1,64
-3,-1,64
-3,-1,64
-2,-1,64
-2,-1,64
-3,-1,64
-3,-1,64
-3,-1,64
-3,-1,64
-2,0,64
-3,0,64
-3,-1,64
-3,-1,64
-3,-1,64
-3,0,64
-3,-1,64
-3,-1,64
-2,-1,64
-3,-1,64
-3,-1,64
-2,-1,64
-2,0,64
-3,-1,64
-3,-1,64
-2,-1,64
-3,-1,64
-3,0,64
-3,-1,64
-3,-1,64
-3,0,64
-3,-1,64
-2,-1,64
-3,0,64
-3,0,64
-2,-1,64
-3,-1,64
-3,-1,64
-3,-1,64
-3,-1,64
-3,-1,64
-3,0,64
-3,-1,64
-3,-1,64
-2,0,64
-3,0,64
-3,-1,64
-3,-1,64
-3,-1,64
-3,-1,64
-2,0,64
-3,0,64
-3,-1,64
-3,-1,64
-2,-1,64
-3,-1,64
-3,-1,64
-3,-1,64
-3,0,64
-3,-1,64
-3,-1,64
-3,0,64
-3,-1,64
-3,-1,64
-3,-1,64
-3,-1,64
-3,-1,64
-3,-1,64
-3,-1,64
-3,-1,64
-3,0,64
-3,-1,64
-3,-1,64
-3,-1,64
-3,0,64
-3,-1,64
-3,-1,64
-3,-1,64
-3,-1,64
-3,0,65
-3,0,64
-3,-1,64
-3,-1,64
-2,-1,64
-3,0,64
-3,-1,64
-3,-1,64
-3,0,64
-3,0,64
-3,-1,64
-3,0,64
-3,-1,64
-3,-1,64
-3,-1,64
-3,-1,64
-3,-1,64
-3,-1,64
-3,-1,64
-3,-1,64
-3,-1,64
-3,-1,64
-3,-1,64
-3,-1,64
-3,-1,64
-3,-1,64
-3,-1,64
-3,-1,64
-3,-1,64
-3,0,64
-3,-1,64
-3,-1,64
-3,-1,64
-2,0,64
-3,-1,64
-3,-1,64
-3,-1,64
-2,0,64
-3,0,64
-3,-1,64
-3,-1,64
-3,0,64
-3,-1,64
-3,-1,64
-3,-1,64
-3,0,64
-3,-1,64
-3,-1,64
-3,-1,64
-3,-1,64
-3,-1,64
-2,-1,64
-3,-1,64
-3,-1,64
-3,-1,64
-3,-1,64
-3,-1,64
-3,0,64
-3,-1,64
-3,-1,64
-3,-1,64
-3,-1,64
-3,-1,64
-3,-1,64
-3,-1,64
-2,0,64
-3,0,64
-3,-1,64
-3,-1,64
-2,-1,64
-2,-1,64
-3,-1,64
-3,-1,64
-3,-1,64
-3,-1,64
-3,-1,64
-3,-1,64
-3,-1,64
-3,-1,64
-3,-1,64
-3,-1,64
-3,-1,64
-3,-1,64
-3,-1,64
-2,-1,64
-2,-1,64
-3,-1,64
-3,0,64
-2,-1,64
-3,-1,64
-3,-1,64
-3,-1,64
-3,-1,64
-3,0,64
-3,-1,64
-2,0,64
-3,-1,64
-3,-1,64
-3,-1,64
-2,-1,64
-3,-1,64
-3,-1,64
-3,-1,64
-3,-1,64
-3,-1,64
-3,-1,64
-3,-1,64
-3,-1,64
-2,0,64
-3,0,64
-3,0,64
-3,-1,64
-3,-1,64
-3,0,64
-3,-1,64
-3,-1,64
-3,0,64
-3,-1,64
-3,-1,64
-3,0,64
-3,-1,64
-3,-1,64
-3,-1,64
-3,-1,64
-3,0,64
-3,-1,64
-3,-1,64
-3,-1,65
-2,-1,64
-3,-1,64
-3,-1,64
-3,-1,64
-3,0,64
-3,-1,64
-3,-1,64
-3,-1,64
-3,-1,64
-2,-1,64
-3,-1,64
-3,-1,64
-3,-1,64
-3,-1,64
-3,-1,64
-3,-1,64
-3,-1,64
-3,-1,64
-3,-1,64
-3,-1,64
-3,-1,64
-3,-1,64
-3,-1,64
-3,-1,64
-3,0,64
-3,-1,64
-3,-1,64
-3,0,64
-3,-1,64
-3,0,64
-2,0,64
-2,-1,64
-3,-1,64
-3,-1,64
-3,-1,64
-3,0,64
-3,-1,64
-3,-1,64
-3,-1,64
-3,-1,64
-2,0,64
-3,-1,64
-3,-1,64
-3,-1,64
-3,-1,64
-3,0,64
-3,-1,64
-3,-1,64
-3,-1,64
-3,-1,64
-3,-1,64
-3,-1,64
-3,-1,64
-3,-1,64
-3,-1,64
-3,-1,64
-3,-1,64
-3,-1,64
-3,-1,64
-3,0,64
-3,-1,64
-3,-1,64
-2,0,64
-2,-1,64
-3,-1,64
-3,0,64
-3,-1,64
-3,0,64
-3,-1,64
-3,-1,64
-3,-1,64
-3,-1,64
-3,-1,64
-3,-1,64
-3,0,64
-3,-1,64
-3,-1,64
-2,-1,64
-2,-1,64
-3,-1,64
-3,-1,64
-3,0,64
-3,-1,64
-3,-1,64
-3,-1,64
-3,-1,64
-3,-1,64
-3,-1,64
-3,-1,64
-3,0,64
-3,0,64
-3,-1,64
-2,0,64
-2,0,64
-3,-1,64
-3,-1,64
-3,0,64
-3,-1,64
-3,0,64
-3,-1,64
-3,-1,64
-3,-1,64
-3,0,64
-3,-1,64
-3,-1,64
-3,-1,64
-3,-1,64
-3,-1,64
-3,-1,64
-3,-1,64
-3,-1,64
-3,-1,64
-3,-1,64
-3,-1,64
-3,0,64
-3,-1,64
-3,-1,64
-3,-1,64
-3,-1,64
-2,0,64
-3,0,64
-3,-1,64
-3,-1,64
-2,-1,64
-2,-1,64
-3,-1,64
-3,-1,64
-3,-1,64
-3,0,64
-3,-1,64
-3,-1,64
-3,-1,64
-3,-1,64
-2,0,64
-3,0,64
-3,-1,64
-3,0,64
-3,-1,64
-3,-1,64
-3,-1,64
-3,-1,64
-3,-1,64
-3,0,64
-3,-1,64
-3,-1,64
-3,-1,64
-3,0,64
-3,-1,64
-3,-1,64
-3,-1,64
-3,-1,64
-2,-1,64
-2,0,64
-3,0,64
-3,-1,64
-3,-1,64
-2,0,64
-2,-1,64
-3,-1,64
-3,-1,64
-3,0,64
-3,-1,64
-3,-1,64
-3,0,64
-3,-1,64
-3,-1,64
-3,0,64
-3,-1,64
-3,-1,64
-3,-1,64
-3,-1,64
-3,0,64
-3,0,64
-3,-1,64
-3,-1,64
-3,-1,64
-3,-1,64
-3,-1,64
-3,0,64
-3,-1,64
-3,-1,64
-3,-1,64
-3,0,64
-3,-1,64
-3,-1,64
-2,0,64
-3,-1,64
-3,-1,64
-2,-1,64
-2,0,64
-3,-1,64
-3,-1,64
-3,-1,64
-3,0,64
-3,-1,64
-3,-1,64
-3,-1,64
-3,-1,64
-2,0,64
-3,-1,64
-3,-1,64
-3,-1,64
-3,-1,64
-3,0,64
-2,-1,64
-3,-1,64
-3,-1,64
-3,-1,64
-3,-1,64
-3,0,64
-3,0,64
-3,-1,64
-3,-1,64
-3,-1,64
-3,-1,64
-2,0,64
-3,0,64
-3,-1,64
-3,-1,64
-2,0,64
-3,-1,64
-3,0,64
-3,-1,64
-3,-1,64
-3,-1,64
-3,-1,64
-3,0,64
-3,0,64
-3,-1,64
-3,-1,64
-3,0,64
-3,0,64
-3,0,64
-3,-1,64
-3,-1,64
-3,-1,64
-3,-1,64
-3,-1,64
-3,0,64
-3,-1,64
-3,-1,64
-3,-1,64
-3,-1,64
-3,-1,64
-3,-1,64
-2,-1,64
-2,0,64
-3,0,64
-3,-1,64
-3,-1,64
-2,-1,64
-2,-1,64
-3,-1,64
-3,-1,64
-3,0,64
-3,-1,64
-3,-1,64
-3,-1,64
-3,-1,64
-3,-1,64
-3,0,64
-3,0,64
-3,-1,64
-3,-1,64
-3,-1,64
-3,-1,64
-3,-1,64
-3,-1,64
-3,-1,64
-3,-1,64
-3,-1,64
-3,0,64
-3,0,64
-3,-1,64
-3,-1,64
-2,0,64
-2,0,64
-3,-1,64
-2,-1,65
-1,0,64
-1,-1,64
-2,-1,64
-2,-1,64
-3,-1,64
-1,0,64
0,0,63
-2,-1,64
-3,-1,64
-2,-1,64
-2,-1,64
-3,0,64
-3,-1,64
-2,-1,64
-2,-1,64
-2,0,64
-3,-1,64
-3,-1,64
-2,-1,64
-2,-1,64
-3,-1,64
-3,-1,64
-2,0,64
-2,0,64
-2,-1,64
-2,0,64
-3,-1,64
-2,0,64
-3,-1,64
-3,-1,64
-3,-1,64
-2,-1,64
-2,0,64
-2,0,64
-3,-1,64
-3,-1,64
-2,0,64
-1,-1,64
-3,-1,64
-3,-1,64
-2,0,64
-2,-1,64
-3,-1,64
-3,-1,64
-3,0,64
-3,0,64
-3,-1,64
-3,-1,64
-3,-1,64
-3,0,64
-3,-1,64
-3,-1,64
-2,-1,64
-3,-1,64
-3,-1,64
-2,-1,64
-3,0,64
-3,-1,64
-3,-1,64
-3,-1,64
-3,-1,64
-3,-1,64
-3,-1,64
-2,-1,64
-3,-1,64
-3,-1,64
-2,-1,64
-3,-1,64
-3,-1,64
-3,-1,64
-3,-1,64
-3,-1,64
-2,-1,64
-2,-1,64
-3,-1,64
-3,-1,64
-3,-1,64
-3,-1,64
-3,-1,64
-3,-1,64
-2,0,64
-3,0,64
-3,-1,64
-3,-1,64
-3,-1,64
-3,-1,64
-3,-1,64
-3,-1,64
-3,-1,64
-3,-1,64
-2,-1,64
-2,-1,64
-3,-1,64
-3,-1,64
-3,-1,64
-3,0,64
-3,-1,64
-3,-1,64
-3,-1,64
-3,-1,64
-3,0,64
-3,-1,64
-3,-1,64
-3,-1,64
-3,-1,64
-3,-1,64
-3,-1,64
-3,-1,64
-3,-1,64
-3,-1,64
-3,0,64
-3,-1,64
-2,-1,64
-2,0,64
-3,-1,64
-4,-1,64
-2,-1,64
-2,-1,64
-2,-1,64
-3,-1,64
-3,-1,64
-3,-1,64
-2,-1,64
-3,-1,64
-3,-1,64
-3,-1,64
-3,-1,64
-3,-1,64
-3,-1,64
-3,-1,64
-3,0,64
-3,-1,64
-3,-1,64
-3,-1,64
-3,-1,64
-3,-1,64
-3,-1,64
-3,0,64
-3,-1,64
-3,-1,64
-3,-1,64
-3,-1,64
-3,-1,64
-3,-1,64
-3,-1,64
-3,-1,64
-3,0,64
-3,-1,64
-3,-1,64
-3,-1,64
-3,-1,64
-3,-1,64
-3,-1,64
-3,-1,64
-3,-1,64
-3,-1,64
-2,0,64
-3,-1,64
-3,-1,64
-3,-1,64
-3,-1,64
-3,-1,64
-3,-1,64
-3,-1,64
-3,-1,64
-3,-1,64
-3,0,64
-3,-1,64
-3,-1,64
-3,-1,64
-3,0,64
-3,-1,64
-3,-1,64
-3,-1,64
-3,-1,64
-3,-1,64
-3,0,64
-3,-1,64
-3,-1,64
-2,0,64
-3,-1,64
-3,-1,64
-2,-1,64
-2,-1,64
-3,-1,64
-3,-1,64
-3,-1,64
-3,-1,64
-3,-1,64
-3,-1,64
-3,-1,64
-3,-1,64
-3,-1,64
-3,-1,64
-3,-1,64
-3,-1,64
-3,-1,64
-2,-1,64
-3,-1,64
-3,-1,64
-3,-1,64
-3,-1,64
-3,-1,64
-2,-1,64
-3,-1,64
-3,-1,64
-3,-1,64
-2,-1,64
-3,-1,64
-3,-1,64
-3,-1,64
-3,-1,64
-3,-1,64
-3,-1,64
-3,-1,64
-3,-1,64
-3,0,64
-3,0,64
-3,-1,64
-3,-1,64
-2,-1,64
-3,-1,64
-3,-1,64
-3,-1,64
-3,-1,64
-3,-1,64
-3,-1,64
-3,-1,64
-3,-1,64
-2,-1,64
-3,-1,64
-3,-1,64
-3,-1,64
-3,-1,64
-3,-1,64
-3,-1,64
-3,-1,64
-3,-1,64
-3,-1,64
-3,-1,64
-3,-1,64
-3,-1,64
-3,-1,64
-3,-1,64
-3,-1,64
-3,-1,64
-3,-1,64
-3,-1,64
-3,-1,64
-3,0,64
-3,-1,63
-3,-1,63
-2,-1,64
-2,-1,64
-3,-1,64
-3,-1,64
-3,-1,64
-3,0,64
-3,0,64
-3,0,64
-3,0,64
-3,-1,64
-2,0,64
-3,0,64
-3,-1,64
-3,0,64
-3,0,64
-3,-1,64
-3,-1,64
-2,-1,64
-2,-1,64
-3,0,64
-3,0,64
-3,-1,64
-3,-1,64
-3,-1,64
-2,-1,64
-3,-1,64
-3,-1,64
-3,0,64
-3,-1,64
-3,-1,64
-3,0,64
-3,0,64
-3,-1,64
-3,0,64
-2,-1,64
-3,-1,64
-3,-1,64
-3,-1,64
-2,-1,64
-3,-1,64
-3,0,64
-3,0,64
-3,0,64
-3,-1,64
-3,-1,64
-3,-1,64
-3,-1,64
-3,-1,64
-3,-1,64
-2,-1,64
-2,0,64
-3,-1,64
-3,-1,64
-3,-1,64
-3,-1,64
-3,-1,64
-3,-1,64
-3,-1,64
-3,-1,64
-3,-1,64
-3,0,64
-3,0,64
-3,-1,64
-2,-1,64
-3,0,64
-3,0,64
-2,-1,64
-2,0,65
-3,0,63
-2,-1,63
-1,0,64
-2,0,64
-2,-1,64
-1,-1,64
-1,0,64
-1,-1,64
-1,0,64
-1,0,64
-3,0,64
-3,-1,64
-2,0,64
-1,0,64
-1,0,64
-1,-1,64
-2,-1,64
-3,0,64
-3,0,64
-2,0,64
-3,0,64
-3,-1,64
-3,-1,64
-2,0,64
-2,0,64
-3,0,64
-3,-1,64
-1,0,64
-2,0,64
-2,-1,64
-2,-1,64
-3,0,64
-3,0,64
-2,0,64
-2,0,64
-2,0,64
-2,0,64
-3,0,64
-3,-1,64
-2,-1,63
-3,-1,63
-3,0,64
-4,-1,63
-4,0,64
-3,0,66
-5,0,65
1,1,63
0,1,64
-2,1,65
-2,1,65
-2,0,63
-1,1,64
-1,1,65
-1,0,62
-1,1,64
0,1,65
0,1,65
1,-1,62
1,1,62
2,0,63
0,1,65
0,1,64
-2,0,64
-3,0,65
-1,0,64
2,2,64
1,1,64
0,1,64
0,1,64
-1,0,64
-2,0,64
-2,0,64
-1,0,64
-1,1,64
-1,1,64
-1,0,64
-1,0,64
-1,1,64
-1,1,64
-1,0,64
-1,0,64
-1,0,64
-1,1,64
-1,0,64
-1,0,64
-1,1,64
-1,0,64
-1,1,64
-1,1,64
-1,0,64
-1,1,64
-1,1,64
-2,0,64
-2,0,64
-1,1,64
-1,1,64
-1,0,64
-1,0,64
-1,1,64
-1,1,64
-1,0,64
-1,0,64
-1,0,64
-1,0,64
-1,1,64
-1,1,64
-1,1,64
-1,0,64
-1,1,64
-1,0,64
-1,1,64
-1,1,64
-1,0,64
-1,0,64
-1,0,64
-2,1,64
-1,0,64
-1,1,64
-1,1,64
-1,1,64
-1,0,64
-1,1,64
-1,0,64
-1,0,64
-1,1,64
-1,1,64
-1,1,64
-2,0,64
-2,0,64
0,0,64
-1,1,64
-1,0,64
-1,0,64
-1,1,64
-1,0,64
-1,1,64
-2,1,64
-1,0,64
-1,1,64
-1,1,64
-1,0,64
-1,0,64
-1,0,64
-1,0,64
-1,1,64
-1,1,64
-1,1,64
-1,1,64
-1,1,64
-1,0,64
-1,1,64
-1,0,64
-1,0,64
-1,0,64
-1,1,64
-1,1,64
-1,0,64
-1,1,64
-1,1,64
-2,0,64
-1,1,64
-1,1,64
-1,0,64
-1,1,64
-1,1,64
-1,1,64
-1,0,64
-1,1,64
-1,1,64
-1,0,64
-1,1,64
-1,1,64
-1,1,64
-1,1,64
-1,0,64
-1,0,64
-1,0,64
-1,0,64
-1,0,64
-1,0,64
-1,0,64
-1,0,64
-1,1,64
-1,1,64
-1,0,64
-1,0,64
-1,1,64
-1,1,64
-2,0,64
-1,0,64
-1,1,64
-1,1,64
-1,0,64
-1,0,64
-1,0,64
-1,1,64
-1,1,64
-1,0,64
-1,0,64
-1,0,64
-1,1,64
-1,0,64
-1,1,64
-1,0,64
-1,1,64
-1,1,64
-1,0,64
-1,1,64
-1,0,64
-1,1,64
-1,1,64
-1,1,64
-1,1,64
-1,1,64
-1,1,64
-1,0,64
-1,0,64
-1,1,64
-2,0,64
-1,0,64
-1,1,64
-1,0,64
-1,0,64
-1,0,64
-1,0,64
-1,1,64
-1,0,64
-1,0,64
-1,1,64
-1,1,64
-1,1,64
-1,0,64
-2,0,64
-1,0,64
-1,0,64
-1,0,64
-1,1,64
-1,0,64
-1,1,64
-1,0,64
-1,1,64
-1,1,64
-1,1,64
-1,1,64
-1,0,64
-1,0,64
-1,0,64
-1,0,64
-1,1,64
-1,1,64
-2,0,64
-2,0,64
-1,1,64
-1,0,64
-1,1,64
-2,0,64
-1,0,64
-1,0,64
-1,1,64
-1,1,64
-1,0,64
-1,0,64
-1,1,64
-1,1,64
-1,0,64
-1,0,64
-1,0,64
-1,1,64
-1,1,64
-1,1,64
-1,0,64
-1,1,64
-1,1,64
-1,0,64
-1,1,64
-1,1,64
-1,0,64
-1,1,64
-1,0,64
-1,0,64
-1,0,64
-1,1,64
-2,1,64
-2,0,64
-1,1,64
-1,1,64
-1,1,64
-1,1,64
-1,0,64
-1,0,64
-1,0,64
-1,0,64
-1,1,64
-1,1,64
-1,1,64
-1,1,64
-1,1,64
-1,0,64
-1,0,64
-1,1,64
-1,1,64
-1,0,64
-1,1,64
-1,0,64
-1,1,64
-1,1,64
-1,0,64
-1,0,64
-1,1,64
-1,1,64
-1,1,64
-1,0,64
-1,1,64
-1,1,64
-2,1,64
-1,1,64
-1,0,64
-1,1,64
-1,0,64
-1,0,64
-1,1,64
-1,1,64
-1,1,64
-1,1,64
-1,0,64
-1,0,64
-1,1,64
-1,1,64
-1,1,64
-1,1,64
-1,1,64
-1,1,64
-1,1,64
-1,0,64
-1,1,64
-1,1,64
-1,1,64
-1,1,64
-1,1,64
-1,0,64
-1,1,64
-1,1,64
-2,1,64
-2,0,64
-1,1,64
-1,1,64
-1,0,64
-1,1,64
-2,1,64
-1,0,64
-1,0,64
-1,0,64
-1,1,64
-1,0,64
-1,0,64
-1,0,64
-1,1,64
-1,0,64
-1,1,64
-1,1,64
-1,1,64
-1,1,64
-1,1,64
-1,1,64
-1,1,64
-1,0,64
-1,0,64
-1,0,64
-1,0,64
-1,0,64
-1,0,64
-1,0,64
-1,0,64
-1,1,64
-2,0,64
-2,0,64
-1,1,64
-1,1,64
-1,0,64
-1,0,64
-1,0,64
-1,1,64
-1,0,64
-1,0,64
-2,1,64
-1,0,64
-1,1,64
-1,1,64
-1,0,64
-1,1,64
-1,0,64
-1,1,64
-1,0,64
-1,0,64
-1,1,64
-1,0,64
-1,1,64
-1,1,64
-1,1,64
-1,1,64
-1,1,64
-1,1,64
-1,0,64
-1,0,64
-1,1,64
-2,0,64
-2,0,64
-1,1,64
-1,1,64
-1,1,64
-1,0,64
-2,0,64
-1,0,64
-1,1,64
-1,0,64
-2,1,64
-2,0,64
-1,1,64
-1,1,64
-1,1,64
-1,0,64
-1,0,64
-1,0,64
-1,1,64
-1,1,64
-1,1,64
-1,1,64
-1,1,64
-1,1,64
-1,1,64
-1,1,64
-1,1,64
-1,1,64
-1,1,64
-1,1,64
-1,1,64
-1,1,64
-2,0,64
-1,1,64
-1,1,64
-1,0,64
-2,0,64
-1,1,64
-1,1,64
-1,1,64
-1,1,64
-1,1,64
-1,1,64
-1,1,64
-1,1,64
-1,0,64
-1,1,64
-2,0,64
-1,1,64
-1,1,64
-1,1,64
-1,1,64
-1,1,64
-1,1,64
-1,1,64
-1,0,64
-1,1,64
-1,0,64
-1,1,64
-1,1,64
-1,1,64
-2,1,64
-1,0,64
-1,1,64
-1,1,64
-1,1,64
-1,1,64
-1,0,64
-1,1,64
-1,1,64
-1,0,64
-1,0,64
-1,1,64
-1,1,64
-1,1,64
-1,0,64
-1,1,64
-1,0,64
-1,0,64
-1,1,64
-1,1,64
-1,1,64
-1,1,64
-1,0,64
-1,1,64
-1,1,64
-1,1,64
-1,1,64
-1,1,64
-2,0,64
-2,0,64
-1,1,64
-1,1,64
-1,0,64
-1,0,64
-1,1,64
-1,1,64
-1,0,64
-1,1,64
-1,1,64
-1,1,64
-1,1,64
-1,1,64
-1,0,64
-1,0,64
-1,0,64
-1,0,64
-1,1,64
-1,1,64
-1,1,64
-1,0,64
-1,0,64
-1,1,64
-1,0,64
-1,1,64
-1,0,64
-1,0,64
-1,1,64
-1,1,64
-2,0,64
-2,0,64
-1,1,64
-1,1,64
-1,0,64
-1,0,64
-1,1,64
-1,0,64
-1,0,64
-1,1,64
-2,1,64
-1,0,64
-1,1,64
-1,1,64
-1,0,64
-1,0,64
-1,0,64
-1,1,64
-1,0,64
-1,1,64
-1,1,64
-1,1,64
-1,1,64
-1,1,64
-1,0,64
-1,0,64
-1,0,64
-1,0,64
-1,0,64
-1,1,64
-2,1,64
-2,0,64
-1,1,64
-1,1,64
-1,1,64
-2,0,64
-1,1,64
-1,1,64
-1,1,64
-1,1,64
-1,0,64
-1,0,64
-1,1,64
-1,1,64
-1,1,64
-1,0,64
-1,0,64
-1,1,64
-1,1,64
-1,1,64
-1,0,64
-1,1,64
-1,1,64
-1,1,64
-1,0,64
-1,1,64
-1,1,64
-1,0,64
-1,1,65
-1,1,64
-2,0,64
-1,0,64
-1,1,64
-1,0,64
-1,0,64
-1,1,64
-1,0,64
-1,0,64
-1,1,64
-1,1,64
-2,1,64
-1,1,64
-1,1,64
-2,0,64
-1,0,64
-1,0,64
-1,0,64
-1,1,64
-1,1,64
-1,1,64
-1,1,64
-1,0,64
-1,1,64
-1,1,64
-1,0,64
-1,1,64
-1,1,64
-2,1,64
-1,0,64
-1,1,64
-1,1,64
-1,1,64
-1,0,64
-1,0,64
-1,1,64
-1,1,64
-1,1,64
-2,1,64
-1,1,64
-1,1,64
-1,1,64
-1,1,64
-1,1,64
-1,0,64
-1,1,64
-1,0,64
-1,1,64
-1,0,64
-1,1,64
-1,1,64
-1,0,64
-1,1,64
-1,1,64
-1,0,64
-1,1,64
-2,1,64
-2,0,64
-1,0,64
-1,1,64
-1,1,64
-1,0,64
-1,0,64
-1,1,64
-1,1,64
-1,0,64
-1,1,64
-1,1,64
-1,1,64
-1,1,64
-1,1,64
-2,1,64
-1,1,64
-1,1,64
-1,1,64
-1,1,64
-1,1,64
-1,1,64
-1,1,64
-1,1,64
-1,1,64
-1,1,64
-1,1,64
-1,0,64
-1,1,64
-1,0,64
-1,1,64
-1,1,64
-2,0,64
-1,0,64
-1,1,64
-1,0,64
-1,0,64
-1,0,64
-1,1,64
-1,0,64
-1,0,64
-2,0,64
-1,1,64
-1,1,64
-1,1,64
-1,1,64
-1,0,64
-1,0,64
-1,0,64
-1,1,64
-1,1,64
-1,1,64
-1,1,64
-1,1,64
-1,0,64
-1,1,64
-1,1,64
-1,0,64
-1,0,64
-1,0,64
-1,1,64
-1,1,64
-2,0,64
-1,0,64
-1,1,64
-1,0,64
-1,1,64
-1,1,64
-1,1,64
-1,0,64
-1,1,64
-1,0,64
-1,1,64
-1,0,64
-1,0,64
-1,1,64
-1,1,64
-1,1,64
-1,0,64
-1,1,64
-1,0,64
-1,1,64
-1,0,64
-1,1,64
-1,1,64
-1,1,64
-1,0,64
-1,1,64
-1,1,64
-2,0,64
-1,0,64
-1,1,64
-1,1,64
-1,1,64
-1,1,64
-1,1,64
-1,1,64
-1,1,64
-1,1,64
-1,0,64
-1,0,64
-1,1,64
-1,1,64
-1,0,64
-1,0,64
-1,1,64
-1,1,64
-1,0,64
-1,0,64
-1,0,64
-1,1,64
-1,1,64
-1,0,64
-1,1,64
-2,1,64
-2,0,64
-1,1,64
-1,1,64
-1,0,64
-1,0,64
-1,1,64
-1,1,64
-1,1,64
-1,0,64
-1,1,64
-1,0,64
-1,0,64
-1,1,64
-1,1,64
-1,1,64
-1,0,64
-1,1,64
-1,1,64
-1,0,64
-1,1,64
-1,1,64
-1,1,64
-1,1,64
-1,1,64
-1,1,64
-1,0,64
-1,1,64
-1,1,64
-1,1,64
-2,1,64
-1,1,64
-1,0,64
-1,0,64
-1,0,64
-2,0,64
-1,1,64
-1,1,64
-1,0,64
-1,1,64
-1,0,64
-1,1,64
-1,1,64
-1,0,64
-1,0,64
-1,0,64
-1,1,64
-1,1,64
-1,1,64
-1,0,64
-1,1,64
-1,1,64
-1,1,64
-1,1,64
-1,1,64
-1,1,64
-1,1,64
-1,1,64
-1,1,64
-2,0,64
-2,0,64
-1,1,64
-1,1,64
-1,0,64
-1,0,64
-1,1,64
-1,1,64
-1,0,64
-1,1,64
-1,1,64
-1,1,64
-1,1,64
-1,1,64
-1,1,64
-1,1,64
-1,0,64
-1,1,64
-1,1,64
-1,1,64
-1,1,64
-1,0,64
-1,1,64
-1,1,64
-1,0,64
-1,0,64
-1,1,64
-2,1,64
-2,0,64
-1,1,64
-1,0,64
-1,0,64
-1,1,64
-1,1,64
-1,1,64
-1,1,64
-1,1,64
-2,1,64
-1,1,64
-1,1,64
-1,1,64
-1,1,64
-1,1,64
-1,0,64
-1,1,64
-1,1,64
-1,1,64
-1,0,64
-1,1,64
-1,0,64
-1,1,64
-1,1,64
-2,1,64
-1,0,64
-1,1,64
-1,1,64
-1,0,64
-1,1,64
-1,0,64
-1,1,64
-1,1,64
-1,1,64
-1,1,64
-1,0,64
-1,1,64
-1,1,64
-1,1,64
-1,0,64
-1,0,64
-1,1,64
-1,1,64
-1,0,64
-1,1,64
-1,0,64
-1,0,64
-1,1,64
-1,0,64
-1,1,64
-2,0,64
-2,0,64
-1,1,64
-1,1,64
-1,0,64
-1,0,64
-1,1,64
-1,1,64
-1,0,64
-1,1,64
-1,0,64
-1,0,64
-1,1,64
-1,1,64
-1,1,64
-1,0,64
-1,1,64
-1,1,64
-1,0,64
-1,1,64
-1,1,64
-1,1,64
-1,0,64
-1,1,64
-1,1,64
-1,1,64
-1,1,64
-1,1,64
-1,0,64
-1,1,64
-1,1,64
-2,0,64
-2,0,64
0,1,64
-1,1,64
-2,0,64
-2,0,64
-1,0,64
-1,1,64
-1,1,64
-2,0,64
-1,0,64
-1,1,64
-1,1,64
-1,1,64
-1,1,64
-1,0,64
-1,0,64
-1,1,64
-1,0,64
-1,0,64
-1,1,64
-1,0,64
-1,1,64
-1,0,64
-1,0,64
-1,1,64
-1,1,64
-1,1,64
-1,1,64
-1,1,64
-2,1,64
-2,0,64
-1,1,64
-1,0,64
-1,1,64
-1,1,64
-1,1,64
-1,1,64
-1,0,64
-1,1,64
-1,1,64
-1,1,64
-1,1,64
-1,1,64
-1,1,64
-1,1,64
-1,0,64
-1,1,64
-1,1,64
-1,1,64
-1,1,64
-1,0,64
-1,1,64
-1,1,64
-1,1,64
-1,0,64
-1,1,64
-1,1,64
-2,1,64
-1,0,64
-1,0,64
-1,1,64
-1,1,64
-1,1,64
-1,0,64
-2,1,64
-1,1,64
-1,0,64
-1,1,64
-1,0,64
-1,1,64
-1,1,64
-1,1,64
-1,0,64
-1,0,64
-1,1,64
-1,1,64
-1,1,64
-1,1,64
-1,1,64
-1,1,64
-1,1,64
-1,1,64
-1,0,64
-1,0,64
-1,1,64
-2,1,64
-1,0,64
-1,1,64
-1,1,64
-1,1,64
-1,1,64
-1,1,64
-1,1,64
-1,1,64
-1,1,64
-1,0,64
-1,0,64
-1,1,64
-1,1,64
-1,0,64
-1,0,64
-1,1,64
-1,1,64
-2,0,64
-1,1,64
-1,1,64
-1,1,64
-1,0,64
-1,1,64
-1,1,64
-1,1,64
-1,1,64
-1,0,64
-1,1,64
-1,1,64
-2,0,64
-1,1,64
-1,1,64
-1,0,64
-1,0,64
-2,1,64
-2,1,64
-1,0,64
-1,1,64
-2,1,64
-2,1,64
-1,1,64
-1,1,64
-2,0,64
-1,1,64
-1,1,64
-1,1,64
-1,1,64
-1,1,64
-1,1,64
-1,0,64
-1,1,64
-1,0,64
-1,0,64
-1,1,64
-1,0,64
-1,1,64
-1,0,64
-1,0,64
-1,1,64
-1,1,64
-2,0,64
-1,1,64
-1,1,64
-1,1,64
-1,1,64
-1,0,64
-1,1,64
-1,0,64
-1,1,64
-1,0,64
-1,1,64
-1,1,64
-1,1,64
-1,1,64
-1,1,64
-1,1,64
-1,1,64
-1,1,64
-1,0,64
-1,1,64
-1,1,64
-1,1,64
-1,1,64
-1,1,64
-1,0,64
-1,1,64
-1,0,64
-1,0,64
-1,1,64
-2,1,64
-1,0,64
-1,1,64
-1,1,64
-1,1,64
-1,0,64
-1,0,64
-1,1,64
-1,1,64
-1,0,64
-2,1,64
-1,1,64
-1,1,64
-1,0,64
-1,1,64
-1,1,64
-1,1,64
-1,1,64
-1,1,64
-1,0,64
-1,1,64
-1,1,64
-1,1,64
-1,1,64
-1,1,64
-1,1,64
-1,0,64
-1,1,64
-1,1,64
-2,1,64
-1,0,64
-1,1,64
-1,1,64
-1,1,64
-1,1,64
-1,1,64
-1,1,64
-1,1,64
-1,0,64
-2,1,64
-1,1,64
-1,1,64
-1,1,64
-1,1,64
-1,1,64
-1,1,64
-1,1,64
-1,1,64
-2,1,64
-1,1,64
-1,1,64
-1,1,64
-1,1,64
-1,1,64
-1,0,64
-1,1,64
-1,0,64
-1,1,64
-2,1,64
-2,0,64
-1,1,64
-1,1,64
-1,0,64
-1,1,64
-2,1,64
-1,1,64
-1,1,64
-1,1,64
-1,0,64
-1,1,64
-1,1,64
-1,1,64
-1,1,64
-2,1,64
-1,1,64
-1,1,64
-1,1,64
-1,1,64
-1,1,64
-1,0,64
-1,1,64
-1,1,64
-1,1,64
-1,0,64
-1,0,64
-1,0,64
-1,0,64
-2,1,64
-2,0,64
-1,1,64
-1,1,64
-1,1,64
-1,1,64
-1,0,64
-1,1,64
-1,1,64
-1,0,64
-1,1,64
-2,1,64
-1,0,64
-1,1,64
-1,1,64
-1,0,64
-1,0,64
-1,1,64
-1,1,64
-1,1,64
-1,1,64
-1,1,64
-1,1,64
-1,1,64
-1,1,64
-1,0,64
-1,0,64
-1,1,64
-2,1,64
-1,1,64
-1,1,64
-1,1,64
-1,1,64
-1,0,64
-1,1,64
-1,1,64
-1,1,64
-1,1,64
-1,1,64
-1,1,64
-1,1,64
-1,1,64
-1,1,64
-1,0,64
-1,0,64
-1,1,64
-1,1,64
-1,0,64
-1,1,64
-1,1,64
-1,1,64
-1,1,64
-1,0,64
-1,1,64
-2,0,64
-2,0,64
-1,1,64
-1,0,64
-1,1,64
-1,0,64
-1,0,64
-1,1,64
-1,1,64
-1,1,64
-2,1,64
-1,1,64
-1,1,64
-1,1,64
-1,1,64
-1,1,64
-1,1,64
-1,1,64
-1,1,64
-1,1,64
-1,0,64
-1,1,64
-1,1,64
-2,1,64
-1,1,64
-1,1,64
-1,0,64
-1,0,64
-1,1,64
-1,1,64
-2,0,64
-1,1,64
-1,1,64
-1,1,64
-1,0,64
-2,1,64
-1,1,64
-1,1,64
-1,1,64
-2,1,64
-1,0,64
-1,1,64
-2,0,64
-2,1,64
-1,1,64
-1,1,64
-1,0,64
-1,1,64
-1,1,64
-1,1,64
-1,1,64
-1,0,64
-1,1,64
-1,1,64
-1,1,64
-1,1,64
-2,1,64
-1,1,64
-1,0,64
-1,0,64
-1,1,64
-2,0,64
-2,0,64
-1,1,64
-1,1,64
-1,0,64
-1,0,64
-1,1,64
-1,1,64
-1,1,64
-1,1,64
-2,1,64
-1,1,64
-1,1,64
-1,1,64
-2,1,64
-1,1,64
-1,1,64
-1,1,64
-1,1,64
-2,1,64
-1,0,64
-1,1,64
-1,1,64
-1,1,64
-1,0,64
-1,1,64
-1,0,64
-1,1,64
-1,0,64
-1,0,64
-1,0,64
-1,1,64
-2,1,64
-1,0,64
-1,1,64
-1,1,64
-1,0,64
-1,0,64
-1,1,64
-1,1,64
-1,1,64
-1,1,64
-1,1,64
-1,1,64
-1,1,64
-1,1,64
-1,1,64
-1,0,64
-1,0,64
-1,1,64
-1,1,64
-1,1,64
-1,1,64
-1,1,64
-1,1,64
-1,1,64
-1,1,64
-1,1,64
-1,1,64
-1,0,64
-1,1,64
-1,1,64
-2,1,64
-1,0,64
-1,1,64
-1,1,64
-1,1,64
-1,0,64
-1,0,64
-1,1,64
-1,1,64
-1,1,64
-1,1,64
-1,1,64
-1,1,64
-1,0,64
-1,1,64
-1,1,64
-1,1,64
-1,1,64
-1,1,64
-1,1,64
-1,1,64
-1,0,64
-1,1,64
-1,1,64
-1,0,64
-1,1,64
-1,0,64
-1,1,64
-1,1,64
-2,0,64
-1,0,64
-1,1,64
-1,1,64
-1,1,64
-1,1,64
-1,1,64
-1,0,64
-1,0,64
-1,0,64
-1,1,64
-2,1,64
-1,1,64
-1,1,64
-2,0,64
-1,1,64
-1,1,64
-1,1,64
-1,1,64
-1,0,64
-1,0,64
-1,1,64
-1,1,64
-1,1,64
-1,1,64
-1,1,64
-1,1,64
-1,1,64
-1,1,64
-1,1,64
-2,1,64
-2,0,64
-1,1,64
-1,1,64
-1,0,64
-1,0,64
-2,1,64
-1,1,64
-1,1,64
-1,0,64
-2,0,64
-1,0,64
-1,0,64
-1,1,64
-1,1,64
-1,1,64
-1,0,64
-1,1,64
-1,1,64
-1,0,64
-1,1,64
-1,1,64
-1,1,64
-1,0,64
-1,1,64
-1,1,64
-1,1,64
-1,1,64
-1,0,64
-1,1,64
-2,1,64
-2,0,64
-1,1,64
-1,1,64
-1,1,64
-1,0,64
-1,0,64
-1,1,64
-1,1,64
-1,1,64
-1,1,64
-1,0,64
-1,1,64
-1,1,64
-1,1,64
-1,0,64
-1,0,64
-1,0,64
-1,1,64
-1,1,64
-1,1,64
-1,1,64
-1,1,64
-1,1,64
-1,1,64
-1,0,64
-1,1,64
-1,1,64
-2,1,64
-1,0,64
-1,1,64
-1,0,64
-1,0,64
-1,1,64
-1,1,64
-1,1,64
-1,0,64
-1,1,64
-2,1,64
-1,1,64
-1,1,64
-1,1,64
-1,1,64
-1,0,64
-1,0,64
-1,1,64
-1,1,64
-1,0,64
-1,1,64
-1,1,64
-1,1,64
-1,1,64
-1,0,64
-1,1,64
-2,1,64
-1,1,64
-1,1,64
-1,1,64
-1,1,64
-1,0,64
-1,0,64
-1,1,64
-1,0,64
-1,0,64
-2,0,64
-1,0,64
-1,1,64
-1,1,64
-1,1,64
-1,1,64
-1,1,64
-1,1,64
-1,1,64
-1,1,64
-1,0,64
-1,1,64
-1,1,64
-2,1,64
-1,1,64
-1,1,64
-1,1,64
-2,0,64
-1,1,64
-1,1,64
-1,1,64
-1,0,64
-2,0,64
-1,1,64
-1,0,64
-1,1,64
-1,0,64
-1,1,64
-1,1,64
-1,1,64
-1,1,64
-1,0,64
-1,1,64
-1,1,64
-1,1,64
-1,1,64
-1,1,64
-1,1,64
-1,0,64
-1,1,64
-1,1,64
-1,1,64
-1,0,64
-1,1,64
-1,1,64
-1,1,64
-2,1,64
-2,0,64
-1,1,64
-1,1,64
-1,1,64
-1,1,64
-2,1,64
-1,1,64
-1,1,64
-1,1,64
-2,1,64
-1,0,64
-1,1,64
-1,1,64
-1,1,64
-2,1,64
-1,0,64
-1,1,64
-1,1,64
-1,1,64
-1,1,64
-1,1,64
-1,1,64
-1,1,64
-1,1,64
-1,1,64
-1,0,64
-1,1,64
-1,1,64
-1,1,64
-1,1,64
-2,1,64
-2,0,64
-1,1,64
-1,1,64
-1,1,64
-1,1,64
-1,1,64
-1,1,64
-1,1,64
-1,1,64
-2,1,64
-1,1,64
-1,0,64
-1,1,64
-1,1,64
-1,0,64
-1,0,64
-1,1,64
-1,1,64
-1,1,64
-1,1,64
-1,1,64
-1,1,64
-1,1,64
-1,0,64
-2,1,64
-1,0,64
-1,1,64
-1,1,64
-1,0,64
-1,0,64
-1,1,64
-1,1,64
-1,1,64
-1,0,64
-1,1,64
-1,1,64
-1,1,64
-2,1,64
-1,1,64
-1,1,64
-1,1,64
-1,1,64
-1,1,64
-1,0,64
-1,1,64
-1,1,64
-1,1,64
-1,1,64
-1,1,64
-1,1,64
-1,1,64
-1,0,64
-1,1,64
-1,0,64
-1,0,64
-1,1,64
-1,1,64
-2,1,64
-1,1,64
-1,1,64
-1,1,64
-1,0,64
-1,1,64
-1,1,64
-1,1,64
-1,1,64
-1,1,64
-1,1,64
-1,0,64
-1,1,64
-1,1,64
-1,0,64
-1,1,64
-1,1,64
-1,0,64
-1,1,64
-1,1,64
-1,1,64
-1,1,64
-1,1,64
-1,1,64
-1,1,64
-1,1,64
-1,1,64
-1,1,64
-1,1,64
-1,1,64
-2,0,64
-2,1,64
-1,1,64
-1,1,64
-1,1,64
-2,0,64
-1,1,64
-1,1,64
-1,1,64
-1,1,64
-1,1,64
-1,0,64
-1,1,64
-1,1,64
-1,1,64
-1,1,64
-1,1,64
-1,1,64
-1,1,64
-1,1,64
-1,1,64
-1,1,64
-1,1,64
-1,1,64
-1,1,64
-1,1,64
-1,0,64
-1,0,64
-1,1,64
-1,0,64
-1,1,64
-2,1,64
-2,0,64
-1,1,64
-1,1,64
-1,1,64
-1,1,64
-1,1,64
-1,1,64
-1,1,64
-1,1,64
-1,1,64
-1,1,64
-1,1,64
-1,1,64
-2,1,64
-1,1,64
-1,0,64
-1,0,64
-1,1,64
-1,1,64
-1,1,64
-1,1,64
-1,1,64
-2,1,64
-2,0,64
-2,0,64
-2,1,64
0,0,64
2,0,64
2,0,64
2,0,63
1,0,64
1,0,64
0,1,64
0,1,64
-3,2,64
-3,1,64
-3,0,64
-2,1,65
-1,1,65
3,-1,64
2,-1,64
-2,1,65
-4,1,63
-1,0,64
-1,1,66
1,0,68
5,1,69
5,2,70
-12,3,67
-23,2,67
-20,0,68
-13,-5,69
-8,-7,65
15,-10,64
25,-10,64
19,-12,66
-6,-15,48
23,-23,52
18,-23,50
18,-24,55
24,-26,55
31,-27,46
39,-32,37
45,-21,32
23,-20,24
32,-27,27
61,-31,37
55,-32,33
32,-34,32
41,-36,39
46,-36,47
47,-31,47
32,-31,41
32,-37,35
10,-43,34
11,-45,38
46,-33,47
44,-35,48
24,-40,48
22,-36,51
27,-35,53
20,-37,51
17,-30,49
19,-31,55
29,-23,64
30,-24,73
30,-17,69
16,-13,58
9,-18,59
20,-4,70
14,-3,65
11,-7,55
11,-7,58
16,-13,58
9,-18,59
20,-4,70
14,-3,65
11,-7,55
11,-7,58
33,-2,74
32,-9,61
-28,-18,52
-12,-14,60
8,-13,57
24,-12,46
4,-13,47
17,-15,57
25,-10,54
24,-11,53
14,-11,53
12,-8,55
6,-1,54
3,2,56
-2,3,56
-8,-8,59
-7,-11,62
-2,-13,64
1,-11,63
-2,-10,60
-3,-10,63
-12,-6,66
-14,-5,67
-14,-1,65
-13,1,58
-6,7,46
-10,15,47
-33,30,46
-31,30,43
-52,46,52
-59,51,56
-15,56,54
5,65,48
-2,60,35
-29,58,33
-64,64,42
-52,64,43
-32,59,30
-35,72,30
-24,79,31
-19,84,31
-17,85,30
-10,84,25
-19,83,15
-35,80,6
-32,73,5
-24,58,2
-20,52,2
-14,46,6
-13,42,7
-13,36,9
-11,38,9
-7,41,5
-9,44,5
-23,46,11
-31,44,13
-33,46,17
-28,47,17
-34,54,22
-42,55,30
-46,51,24
-57,53,22
-46,61,30
-37,55,30
-41,49,22
-39,44,13
-42,51,11
-33,62,10
-26,61,9
-23,52,6
-24,52,8
-25,51,12
-27,52,12
-26,53,11
-26,52,11
-24,54,13
-22,59,15
-17,65,14
-15,67,11
-17,68,8
-20,68,6
-27,67,8
-31,65,8
-13,63,2
-32,64,5
-36,58,5
-25,59,15
-27,56,12
-29,44,10
-29,43,12
-27,49,11
-26,51,6
-22,56,9
-18,61,12
-29,77,18
-29,73,16
-24,85,20
-24,95,20
-13,58,8
-14,52,4
-13,62,5
-13,64,3
1,62,-8
15,62,-5
6,57,1
-15,66,-5
-8,55,1
-10,55,1
-7,59,1
-13,66,8
-17,68,9
-17,73,5
-16,76,4
-26,97,11
-17,72,6
-26,49,4
-36,61,10
-30,66,0
-19,67,-1
-22,57,3
-14,52,10
-26,51,1
-21,52,-1
-24,48,7
-25,50,9
-21,55,10
-23,57,9
-26,67,7
-27,78,10
-24,69,6
-23,56,1
-40,63,5
-48,66,10
-26,60,2
-20,57,7
-17,49,9
-22,49,8
-26,53,5
-25,59,-1
-23,65,0
-15,77,3
-16,82,3
-10,78,2
-10,71,2
-14,82,-1
-12,72,3
-18,48,5
-34,56,9
-22,57,17
-20,58,15
-33,62,12
-28,55,16
-22,46,18
-33,44,10
-26,47,13
-36,52,1
-30,54,2
-30,62,1
-29,65,1
-31,67,-4
-38,79,-9
-26,80,-5
-25,64,-3
-24,52,-4
-23,61,4
-15,58,9
-4,55,6
-18,52,-1
-22,47,-2
-20,45,-4
-15,49,-4
-21,60,-5
-22,64,-4
-20,68,0
-21,80,2
-22,93,8
-15,101,-4
-13,78,-11
-24,55,-10
-25,60,12
-10,56,18
-4,54,16
-6,54,15
-15,52,9
-26,48,-1
-25,45,-3
-26,51,-3
-28,53,-4
-41,53,-7
-37,53,-1
-39,63,-9
-36,63,-12
-46,86,-8
-38,68,4
-45,55,2
-40,52,-1
-21,54,-7
-14,59,-9
-7,57,-2
-15,50,-2
-23,43,0
-27,45,2
-20,54,6
-26,58,1
-35,62,-1
-37,70,-6
-36,66,-8
-39,60,-1
-42,70,0
-41,64,-4
-41,55,-1
-45,60,3
-47,63,3
-44,58,-1
-50,56,-3
-58,51,8
-46,49,19
-42,43,22
-38,42,24
-46,37,35
-45,35,41
-47,27,43
-41,27,55
-53,25,57
-65,24,53
-58,25,55
-54,22,50
-71,17,44
-43,-1,45
-49,-5,46
-29,-10,40
-25,-15,33
-34,-21,35
-29,-23,39
-11,-30,34
-13,-31,29
-18,-36,32
-18,-40,30
-30,-47,25
-23,-46,27
-11,-49,26
-17,-52,22
-4,-44,30
-1,-48,29
-3,-51,27
0,-52,29
9,-54,30
8,-56,30
7,-61,31
12,-60,32
6,-57,27
4,-54,24
9,-52,29
2,-50,28
-1,-49,28
12,-50,37
14,-49,39
12,-44,33
12,-41,31
29,-40,9
46,-35,3
45,-32,3
37,-46,-5
48,-35,5
41,-31,10
32,-33,27
24,-41,29
29,-43,33
30,-46,30
21,-42,11
0,-40,13
-14,-49,20
-20,-51,27
-26,-41,33
-49,-41,40
-43,-39,47
-42,-26,63
-51,-29,56
-35,-22,57
-39,-14,71
-49,-15,57
-44,-19,49
-53,-8,45
-60,-10,51
-58,-17,52
-53,-18,50
-74,11,72
-60,-11,72
-18,7,46
-32,15,33
-75,22,40
-75,19,33
-41,13,34
-51,12,34
-49,9,35
-54,12,34
-59,11,30
-56,8,32
-42,1,38
-39,-2,37
-42,-4,34
-48,-1,32
-54,0,32
-51,4,38
-59,9,39
-54,17,44
-40,17,46
-38,30,46
-45,34,48
-21,27,51
-19,33,50
-61,43,41
-57,36,39
-41,36,35
-39,30,33
-39,29,42
-41,29,43
-46,28,40
-47,28,38
-47,23,37
-39,22,38
-36,22,38
-36,25,35
-40,29,37
-40,39,40
-35,38,39
-45,46,37
-45,53,38
-30,62,38
-30,68,37
-30,64,33
-27,56,28
-27,41,13
-36,33,12
-51,32,25
-50,34,27
-44,30,35
-44,33,39
-54,34,31
-54,33,28
-40,30,28
-34,29,30
-33,29,21
-28,28,16
-37,31,22
-32,30,23
-35,31,25
-38,39,25
-53,46,13
-68,49,10
-61,49,17
-57,39,41
-57,32,38
-54,30,39
-56,33,34
-57,37,19
-55,34,24
-58,26,16
-58,22,12
-64,12,11
-62,10,12
-54,12,14
-56,11,18
-53,5,22
-57,3,22
-66,-2,28
-59,-2,29
-59,-6,24
-66,-11,21
-75,-16,24
-69,-24,28
-78,-17,22
-76,-11,9
-84,-15,4
-55,-26,-5
-61,-30,14
-42,-42,46
-44,-50,34
-49,-56,17
-44,-53,17
-55,-32,18
-56,-27,22
-52,-14,22
-46,-11,26
-21,-13,46
-12,-12,48
-14,-12,46
-19,-15,46
-18,-3,49
-11,2,57
5,3,61
0,13,56
-8,11,57
-54,23,87
-13,2,67
1,-3,66
-2,-3,60
-15,-4,57
-24,-4,58
-13,3,73
-23,-1,76
-3,-7,65
0,-8,62
-5,0,71
-19,5,64
-38,8,61
-37,0,53
-22,-16,53
-18,-19,54
-28,-4,62
-30,-2,61
-22,-5,60
-21,-5,61
-23,-8,59
-26,-9,57
-30,-4,55
-27,-5,59
-20,-6,61
-17,-6,61
-16,-5,61
-19,-4,63
-19,-3,60
-26,1,61
-24,-2,59
-15,-1,63
-12,-2,64
-10,-5,63
-13,-6,62
-15,-7,61
-17,-6,62
-22,-3,60
-24,-3,59
-26,-4,57
-19,-5,59
-16,-5,62
-13,-3,64
-11,-1,64
-13,0,65
-21,-1,62
-21,1,61
-19,0,62
-20,0,62
-22,-1,61
-26,-5,57
-25,-6,57
-23,-5,58
-23,-4,60
-19,-2,61
-20,-2,61
-21,-2,61
-22,-3,60
-20,-3,61
-20,-3,61
-22,-2,60
-21,-3,60
-19,-2,61
-20,-1,61
-20,-2,61
-21,-4,60
-23,-3,59
-24,-3,59
-25,-4,58
-25,-4,59
-25,-4,58
-22,-4,60
-19,-3,61
-19,-2,62
-18,-2,62
-20,-3,61
-20,-3,61
-18,-3,61
-22,-3,60
-24,-3,59
-21,-3,60
-17,-3,62
-18,-3,62
-21,-3,61
-21,-3,60
-21,-3,61
-20,-2,62
-21,-3,60
-22,-3,60
-20,-3,61
-20,-3,61
-20,-3,61
-21,-3,61
-21,-3,60
-20,-3,61
-21,-3,61
-19,-3,61
-19,-3,61
-23,-3,60
-23,-3,59
-22,-3,60
-21,-2,61
-21,-3,61
-21,-3,60
-21,-3,60
-21,-3,61
-19,-2,62
-21,-2,61
-24,-3,59
-24,-3,59
-23,-2,60
-22,-2,61
-20,-3,61
-21,-3,61
-21,-3,61
-21,-3,60
-21,-3,60
-20,-3,61
-21,-3,60
-22,-3,60
-22,-2,61
-21,-2,61
-21,-3,61
-21,-3,60
-21,-3,60
-21,-3,61
-21,-3,61
-21,-3,61
-21,-3,60
-20,-3,61
-21,-2,61
-21,-3,60
-21,-2,61
-20,-2,61
-21,-5,59
-21,-2,61
-20,-3,61
-20,-3,59
-22,0,63
-21,-4,60
-20,-3,61
-20,-2,62
-21,-3,60
-22,-3,60
-20,-3,61
-19,-3,61
-21,-3,60
-22,-3,60
-20,-3,61
-20,-3,61
-21,-3,60
-21,-3,60
-21,-3,61
-20,-3,61
-21,-3,61
-21,-3,60
-21,-3,60
-21,-3,60
-21,-3,61
-20,-3,61
-21,-3,61
-21,-3,61
-20,-3,61
-20,-3,61
-21,-3,61
-20,-2,61
-20,-2,61
-21,-3,60
-21,-3,60
-19,-2,61
-19,-2,62
-18,-2,63
-18,0,64
-13,-2,64
-12,-5,60
-7,-4,65
-10,-3,65
-11,-1,61
-15,-1,61
-17,-2,61
-17,-3,62
-24,-4,58
-19,-7,58
-30,-8,65
-26,-8,63
-16,-4,66
-16,-3,64
0,-10,51
10,-6,60
-7,-4,80
-30,-2,58
-19,-6,49
-21,-5,61
-29,-1,63
-28,-1,56
-20,-4,61
-16,-2,63
-14,-2,63
-19,-2,60
-22,-3,57
-19,-6,58
-21,-8,54
-14,-4,63
-15,0,63
-15,-1,63
-17,3,64
-17,1,64
-13,0,65
-19,0,62
-10,0,65
-14,-1,61
-17,-1,64
-8,-1,63
-14,1,66
-16,0,68
-8,-7,78
10,-1,73
-8,-19,45
-5,-1,53
-10,1,71
-13,0,72
-16,-3,58
-11,-2,59
2,5,72
3,-8,64
6,4,66
-3,-7,60
-3,-2,62
-2,-4,61
8,0,62
6,-5,59
14,-3,66
11,-3,62
4,-3,46
-12,8,59
-25,17,70
-33,5,58
-30,0,55
-30,-4,62
-35,-5,55
-26,-11,55
-22,-7,61
-28,-7,56
-15,3,63
-39,3,60
-34,4,57
-30,0,56
-33,-1,57
-35,1,55
-33,1,55
-34,1,55
-32,1,55
-27,0,57
-27,0,57
-29,1,58
-29,1,57
-34,4,56
-38,3,53
-40,-1,48
-36,2,54
-33,2,56
-30,1,56
-31,1,55
-34,1,54
-34,1,55
-33,1,55
-33,2,55
-34,2,55
-34,1,55
-33,1,55
-33,2,55
-32,2,55
-32,2,55
-33,2,55
-34,1,56
-31,1,55
-32,2,55
-33,2,55
-32,2,55
-32,2,55
-33,2,55
-33,2,55
-33,2,55
-33,1,55
-33,2,55
-32,2,55
-33,2,55
-33,2,55
-32,2,55
-32,2,55
-32,2,55
-32,2,55
-32,1,55
-32,2,55
-32,2,55
-32,2,55
-32,2,55
-32,2,55
-32,2,55
-32,2,55
-32,2,55
-33,2,55
-32,2,55
-32,2,55
-33,2,55
-33,2,55
-32,2,55
-32,2,55
-32,2,55
-32,2,55
-32,2,56
-32,2,55
-32,2,55
-32,2,55
-32,1,55
-32,1,55
-32,2,56
-33,2,55
-32,2,55
-32,2,56
-32,2,56
-33,2,55
-33,1,55
-32,2,55
-32,2,55
-32,1,55
-32,2,55
-32,2,56
-32,2,55
-32,2,55
-31,3,54
-36,2,62
-33,1,58
-32,1,57
-32,3,57
-33,4,55
-34,2,56
-31,-1,55
-33,2,55
-32,2,56
-31,1,56
-33,1,55
-33,2,55
-31,2,56
-32,2,56
-33,1,55
-33,2,55
-31,1,56
-33,2,55
-33,2,55
-32,1,55
-32,1,56
-32,2,56
-33,2,55
-32,2,56
-32,2,56
-32,2,55
-32,2,55
-32,1,55
-32,2,55
-32,2,56
-32,2,55
-32,2,55
-32,1,56
-32,1,55
-32,2,55
-32,2,55
-32,1,55
-32,1,55
-32,2,55
-32,2,55
-33,2,55
-32,1,55
-32,1,55
-32,2,55
-33,2,55
-32,2,55
-32,2,55
-32,1,55
-33,2,55
-32,1,55
-32,1,55
-32,1,55
-32,2,55
-32,2,55
-32,2,55
-33,1,55
-33,1,55
-32,2,55
-33,2,55
-33,2,55
-32,2,55
-32,1,55
-33,1,55
-33,2,55
-32,2,55
-33,2,55
-33,2,55
-32,1,55
-32,2,56
-33,2,55
-32,1,55
-32,1,55
-32,2,55
-32,2,55
-32,2,55
-32,2,55
-32,2,55
-33,1,55
-32,1,55
-32,2,55
-33,1,55
-33,2,55
-33,2,55
-33,2,55
-32,2,55
-33,2,55
-32,1,55
-32,2,55
-33,2,55
-33,1,55
-32,1,55
-32,2,55
-32,2,55
-33,1,55
-33,2,55
-32,2,55
-32,2,55
-32,2,55
-32,2,55
-32,2,55
-32,2,55
-32,1,55
-32,2,55
-32,1,55
-33,1,55
-33,2,55
-32,1,55
-32,1,55
-32,1,55
-32,2,55
-33,1,55
-32,2,56
-32,2,55
-33,1,55
-32,1,55
-32,2,55
-32,2,55
-33,1,55
-32,1,55
-32,2,55
-32,2,55
-32,2,55
-32,2,55
-32,2,55
-32,2,55
-32,2,55
-32,1,56
-32,2,55
-33,2,55
-32,2,55
-32,2,56
-32,1,55
-32,2,56
-32,2,55
-33,1,55
-33,1,55
-31,2,56
-33,1,55
-34,2,53
-34,2,55
-31,2,57
-29,1,57
-29,1,57
-33,2,55
-34,1,54
-31,2,56
-30,2,56
-33,2,55
-33,2,54
-32,2,55
-32,2,55
-32,2,55
-32,2,55
-33,1,55
-32,2,55
-32,1,55
-32,2,55
-32,2,55
-32,2,55
-32,2,55
-32,2,55
-32,2,55
-32,2,55
-32,2,55
-33,2,55
-32,2,55
-32,2,55
-32,2,55
-32,2,55
-32,1,55
-33,2,55
-33,1,55
-32,2,56
-32,2,55
-33,2,55
-33,2,55
-32,2,55
-32,2,55
-32,2,55
-32,2,55
-33,2,55
-32,2,55
-33,2,55
-33,1,55
-33,2,55
-33,2,55
-33,2,55
-33,2,55
-32,2,55
-33,2,56
-32,2,55
-33,2,55
-33,2,55
-33,2,55
-33,2,55
-33,2,55
-33,2,55
-32,2,55
-32,1,55
-33,2,55
-33,1,55
-32,2,55
-33,1,55
-33,2,55
-33,2,55
-32,1,55
-32,2,55
-33,2,55
-33,2,55
-32,2,55
-33,1,55
-33,2,55
-33,2,55
-33,2,55
-33,2,55
-33,2,55
-32,2,55
-33,1,55
-32,2,55
-32,2,55
-33,2,55
-33,1,55
-32,2,55
-33,2,55
-33,2,55
-33,2,55
-32,2,55
-33,2,55
-33,1,55
-32,2,55
-32,2,55
-32,2,55
-32,2,55
-32,2,55
-32,2,55
-32,2,55
-32,2,55
-32,2,55
-32,2,55
-32,2,55
-32,2,55
-32,2,55
-32,1,55
-33,2,55
-33,2,55
-32,2,55
-32,2,55
-33,1,55
-32,2,55
-32,2,55
-33,1,55
-32,2,56
-32,2,55
-32,2,55
-33,2,55
-32,1,55
-32,1,55
-32,2,55
-32,2,55
-32,1,55
-33,2,55
-32,2,55
-32,2,55
-32,2,55
-32,1,55
-32,2,55
-32,1,55
-32,2,55
-32,2,55
-32,2,55
-32,2,55
-32,2,55
-32,2,55
-32,2,55
-32,2,55
-32,2,55
-32,2,55
-32,2,55
-32,2,55
-32,2,55
-32,2,55
-32,2,55
-32,2,55
-33,1,55
-32,2,55
-32,2,55
-32,2,55
-32,1,55
-32,2,55
-32,1,55
-32,2,55
-30,2,56
-29,1,57
-33,2,55
-36,2,53
-35,2,54
-34,2,55
-34,2,54
-35,1,54
-37,2,52
-36,2,53
-34,2,54
-34,2,54
-36,1,53
-36,2,53
-35,2,54
-34,2,54
-34,2,54
-33,1,55
-32,1,56
-32,2,55
-33,2,55
-33,1,55
-33,1,55
-34,2,54
-34,2,54
-32,1,56
-31,1,56
-32,2,56
-33,2,55
-33,1,55
-33,2,55
-34,2,54
-34,2,54
-33,2,55
-32,1,55
-33,2,55
-33,2,55
-33,2,55
-33,1,55
-33,2,55
-33,2,55
-33,2,55
-33,2,55
-33,1,55
-33,2,55
-33,2,55
-32,2,55
-33,2,55
-33,2,55
-33,1,55
-34,2,55
-34,1,54
-34,2,54
-34,2,54
-34,2,54
-34,1,54
-34,1,55
-34,2,55
-34,2,55
-34,1,54
-34,1,54
-34,1,55
-34,2,54
-34,2,54
-33,1,55
-31,2,56
-32,2,56
-33,2,55
-34,2,55
-33,1,55
-33,2,55
-33,2,55
-33,2,55
-33,2,55
-33,2,55
-34,2,54
-34,2,54
-33,2,55
-33,2,55
-33,2,55
-33,2,55
-33,2,55
-34,2,54
-35,2,54
-35,2,54
-34,1,55
-32,2,55
-33,2,55
-33,2,55
-33,1,55
-34,2,54
-34,2,55
-34,2,54
-34,2,54
-34,2,54
-33,1,55
-33,2,55
-33,2,55
-33,2,55
-33,2,55
-33,2,55
-33,2,55
-33,2,55
-33,2,55
-33,2,55
-33,2,55
-34,1,55
-34,2,55
-33,2,55
-33,2,55
-33,1,55
-33,1,55
-34,1,54
-33,2,55
-33,2,55
-33,2,55
-33,1,55
-33,1,55
-35,2,54
-33,1,54
-34,2,55
-33,2,55
-34,2,54
-33,2,55
-33,1,55
-34,2,55
-34,2,55
-33,2,55
-34,2,55
-34,1,55
-33,2,55
-33,1,55
-34,2,54
-33,2,55
-33,2,55
-33,2,55
-33,1,55
-33,2,55
-33,2,54
-34,2,55
-34,1,55
-33,2,55
-33,2,55
-33,2,55
-33,2,55
-33,2,54
-33,2,55
-33,1,55
-33,2,55
-34,2,55
-33,2,55
-33,2,55
-33,2,55
-33,2,55
-33,2,55
-33,1,55
-33,2,55
-33,1,55
-33,1,55
-34,1,55
-33,2,55
-33,2,55
-33,2,55
-33,2,55
-33,2,55
-34,1,54
-34,1,55
-33,2,55
-33,2,55
-32,2,55
-33,2,55
-33,2,55
-33,1,55
-33,2,55
-33,2,55
-33,2,55
-33,2,55
-33,2,55
-33,1,55
-33,2,55
-33,1,55
-33,2,55
-33,1,55
-33,2,55
-33,2,55
-33,1,55
-33,2,55
-33,1,55
-33,2,55
-33,2,55
-33,1,55
-33,2,55
-33,2,55
-33,2,55
-33,2,55
-33,2,55
-33,1,55
-33,1,55
-33,2,55
-33,2,55
-33,2,55
-33,1,55
-33,1,55
-33,2,55
-33,2,55
-33,1,55
-33,2,55
-33,2,55
-33,1,55
-33,1,55
-33,1,54
-33,2,55
-33,1,55
-33,2,55
-33,2,55
-33,2,55
-33,1,55
-33,2,55
-33,2,55
-33,1,55
-33,1,55
-33,2,55
-33,2,55
-33,2,55
-33,2,55
-32,1,55
-33,2,55
-35,2,54
-36,1,53
-34,1,54
-36,1,53
-38,2,52
-36,2,53
-35,2,54
-34,1,54
-34,2,54
-36,2,53
-34,2,54
-32,2,55
-33,2,55
-34,2,54
-34,1,54
-35,1,53
-35,2,53
-34,1,54
-35,2,54
-38,1,51
-38,1,52
-37,2,53
-36,2,53
-37,2,52
-36,1,53
-36,1,53
-36,2,53
-36,2,52
-35,1,54
-35,2,54
-36,2,53
-36,2,53
-36,1,53
-35,1,53
-35,1,53
-36,2,53
-36,2,53
-35,2,54
-35,2,53
-32,2,55
-28,1,57
-29,0,58
-33,1,55
-34,2,54
-36,2,53
-36,2,53
-32,1,55
-33,2,55
-33,2,54
-33,2,55
-31,1,56
-32,2,55
-34,2,54
-34,1,54
-34,1,55
-34,2,54
-34,2,54
-34,2,54
-34,2,54
-33,2,55
-34,2,54
-34,1,54
-34,2,54
-33,1,55
-33,1,55
-34,1,54
-34,2,55
-34,2,54
-34,2,54
-34,1,54
-34,2,54
-34,2,55
-34,2,54
-34,1,54
-34,1,54
-34,2,54
-34,2,55
-34,2,54
-34,2,54
-34,2,54
-33,2,55
-34,2,55
-34,2,54
-34,2,54
-34,2,55
-34,2,55
-34,2,54
-34,2,54
-34,2,54
-33,2,55
-34,1,54
-34,2,54
-34,2,54
-34,2,54
-34,2,54
-34,2,54
-34,1,54
-34,2,54
-34,2,55
-33,2,55
-34,1,54
-34,2,54
-34,2,55
-33,2,55
-33,2,55
-34,2,55
-34,1,55
-33,2,55
-33,2,55
-34,2,55
-34,2,54
-34,1,54
-34,1,54
-33,2,55
-34,2,55
-34,2,54
-34,2,55
-33,2,55
-34,2,55
-34,2,54
-34,2,54
-34,2,54
-34,1,55
-34,2,55
-34,2,55
-34,2,54
-34,2,54
-34,2,54
-34,2,54
-34,2,54
-34,2,55
-34,2,54
-34,2,54
-34,2,54
-34,1,54
-34,2,54
-34,2,55
-34,2,54
-34,2,54
-34,2,54
-34,2,54
-34,2,54
-34,1,54
-34,2,55
-34,2,55
-34,2,54
-34,1,54
-34,1,54
-34,2,55
-34,2,54
-34,2,54
-34,2,54
-34,2,54
-34,2,54
-34,2,54
-34,2,54
-34,2,54
-34,2,54
-34,1,54
-34,1,54
-34,1,54
-34,1,54
-34,2,54
-34,1,55
-34,2,54
-34,1,55
-34,1,55
-34,2,55
-34,2,54
-34,2,54
-34,2,55
-34,2,54
-34,2,55
-34,2,55
-33,2,55
-34,2,55
-34,2,54
-34,1,54
-34,2,55
-34,2,54
-33,2,54
-34,2,55
-34,2,55
-34,2,54
-34,2,54
-34,2,55
-34,2,55
-33,2,54
-34,2,55
-34,2,54
-34,2,55
-34,2,55
-34,2,54
-34,1,55
-34,2,55
-34,2,55
-34,2,55
-34,2,55
-34,2,54
-34,2,55
-34,2,55
-34,2,55
-33,2,55
-34,2,54
-34,2,54
-33,1,55
-33,2,55
-34,2,54
-34,2,54
-33,2,55
-34,2,54
-34,2,55
-34,2,54
-34,2,54
-34,2,54
-34,2,54
-34,2,54
-34,2,54
-34,2,54
-34,2,55
-34,1,54
-34,2,54
-34,2,55
-34,2,54
-34,2,54
-33,2,54
-34,1,55
-34,2,55
-33,2,55
-34,2,55
-34,2,55
-34,1,55
-34,2,54
-34,2,54
-33,2,55
-33,2,55
-34,2,54
-33,2,55
-33,2,55
-34,2,54
-34,2,54
-34,2,55
-34,2,55
-34,2,55
-33,2,55
-34,2,54
-34,2,54
-34,2,55
-34,1,55
-34,2,54
-34,2,54
-34,2,55
-34,2,54
-34,2,54
-34,2,54
-33,2,55
-33,2,55
-34,2,55
-34,2,55
-34,2,55
-34,1,55
-34,2,55
-34,2,55
-34,2,55
-34,1,54
-34,2,54
-33,2,55
-33,2,55
-33,1,54
-33,2,55
-34,2,54
-34,2,55
-34,2,55
-33,2,55
-34,2,54
-34,2,55
-33,2,55
-34,2,55
-34,2,54
-34,2,55
-34,2,55
-34,2,55
-34,2,54
-34,2,54
-33,2,55
-33,2,55
-34,2,54
-34,2,55
-33,1,55
-34,2,55
-34,2,55
-34,2,55
-33,2,55
-34,2,55
-34,2,55
-34,2,55
-33,2,55
-33,2,55
-34,2,54
-34,2,55
-34,2,55
-33,2,55
-33,2,55
-33,1,55
-33,2,55
-33,2,55
-33,2,55
-34,1,55
-34,1,55
-34,2,54
-34,2,54
-33,2,55
-34,2,55
-33,2,55
-33,2,55
-33,2,55
-34,2,55
-33,2,55
-33,2,55
-34,2,55
-33,2,55
-33,2,55
-34,2,54
-34,2,55
-34,2,54
-33,2,55
-34,2,54
-34,1,54
-33,1,55
-33,2,55
-33,2,54
-33,2,55
-34,2,55
-34,2,54
-33,2,55
-33,2,55
-33,2,55
-34,2,54
-34,2,54
-34,2,55
-34,2,54
-33,2,55
-33,2,55
-33,2,55
-34,2,55
-34,2,55
-34,2,55
-34,2,55
-33,2,55
-34,2,54
-34,1,54
-34,2,54
-34,2,54
-33,1,55
-34,2,55
-34,2,55
-34,1,55
-34,2,55
-33,2,55
-34,2,55
-33,2,55
-33,2,55
-33,2,55
-33,2,55
-34,2,55
-34,2,55
-34,2,54
-34,2,54
-34,2,55
-33,2,55
-34,2,54
-33,2,55
-33,2,55
-34,2,55
-33,2,55
-33,2,55
-33,2,55
-33,2,55
-34,2,54
-34,2,55
-33,2,55
-34,2,54
-34,2,54
-33,2,55
-33,2,55
-34,2,54
-34,2,54
-33,2,55
-33,2,55
-35,1,54
-35,2,54
-34,2,54
-34,2,55
-34,2,54
-34,1,54
-34,2,54
-34,2,55
-34,2,54
-34,2,54
-34,1,54
-34,2,54
-34,2,54
-33,2,55
-33,2,55
-34,2,55
-34,2,54
-34,2,55
-34,2,54
-34,2,55
-34,2,54
-34,2,55
-34,2,54
-34,2,55
-34,2,54
-34,2,55
-33,2,55
-33,2,55
-33,2,55
-34,2,54
-34,2,54
-34,1,55
-34,2,55
-33,2,55
-33,2,55
-34,2,54
-34,1,55
-34,2,54
-34,1,54
-34,2,54
-33,2,54
-33,2,55
-33,2,55
-34,2,55
-33,2,55
-34,2,54
-33,2,55
-32,1,55
-33,2,55
-35,2,54
-33,1,55
-33,2,55
-34,1,55
-34,2,54
-34,2,54
-34,2,54
-35,2,54
-34,2,54
-34,2,55
-34,1,54
-34,1,54
-35,1,54
-34,2,54
-34,2,54
-34,1,54
-34,1,55
-33,2,55
-33,2,55
-34,1,55
-34,1,55
-34,1,54
-34,2,54
-34,2,54
-34,1,54
-35,1,54
-34,2,54
-34,2,54
-33,1,55
-33,1,55
-34,1,54
-34,2,55
-34,1,55
-34,1,54
-34,2,55
-35,2,53
-35,1,53
-34,1,55
-33,2,56
-34,2,54
-35,2,53
-34,1,54
-34,1,55
-34,2,55
-34,2,54
-34,1,54
-34,1,54
-34,2,54
-34,2,54
-34,1,54
-34,1,54
-34,1,54
-35,2,54
-35,2,55
-34,1,54
-34,2,54
-34,2,55
-34,2,54
-35,2,54
-35,2,54
-33,1,54
-33,1,56
-33,2,55
-34,2,54
-34,1,54
-33,2,56
-34,1,55
-33,2,54
-34,1,54
-34,1,54
-33,2,55
-33,2,55
-34,2,54
-34,2,54
-34,2,55
-34,1,54
-34,2,54
-34,2,54
-34,2,54
-34,2,54
-34,2,54
-35,2,54
-34,1,54
-34,2,55
-34,2,54
-34,1,54
-34,1,54
-34,2,55
-34,2,54
-34,2,54
-34,1,54
-35,2,54
-34,2,54
-34,2,55
-34,2,54
-34,2,54
-34,2,54
-34,2,54
-34,2,54
-34,1,54
-34,2,54
-35,2,54
-35,1,54
-34,2,54
-34,2,54
-34,2,54
-34,2,54
-34,1,54
-34,2,54
-34,2,54
-34,1,54
-34,2,54
-34,2,54
-34,1,54
-34,1,54
-34,2,54
-34,2,54
-34,2,54
-34,1,54
-34,2,54
-34,2,54
-34,1,54
-34,2,54
-34,2,54
-34,2,54
-35,2,54
-34,1,54
-34,2,54
-34,2,54
-34,2,54
-34,1,54
-34,2,54
-34,2,54
-34,2,54
-34,2,54
-34,2,54
-34,2,54
-34,2,54
-34,2,54
-34,2,54
-34,2,54
-34,2,54
-34,2,54
-34,2,54
-34,2,54
-34,2,54
-34,2,54
-34,2,54
-34,1,54
-34,2,54
-34,2,54
-34,1,54
-34,2,54
-34,2,55
-35,1,54
-34,2,54
-34,2,54
-34,2,54
-35,2,53
-35,2,54
-34,2,55
-33,2,54
-34,2,54
-34,2,54
-34,2,54
-34,2,55
-33,2,55
-34,2,54
-34,2,54
-34,2,55
-34,2,54
-34,2,54
-33,2,55
-34,2,54
-34,2,54
-34,2,54
-34,2,55
-34,2,54
-34,2,54
-34,2,54
-34,2,54
-35,2,54
-34,2,54
-34,2,55
-34,2,54
-34,2,54
-34,2,54
-34,2,55
-33,2,54
-34,2,54
-34,2,54
-34,2,54
-34,2,54
-34,2,54
-34,2,54
-34,2,54
-34,2,54
-33,2,55
-34,2,54
-34,2,54
-34,2,54
-34,2,54
-35,1,54
-35,2,54
-34,2,54
-34,2,54
-34,2,54
-34,1,54
-34,2,54
-34,2,54
-34,2,54
-34,2,54
-34,2,54
-34,2,54
-34,2,54
-34,2,54
-34,2,54
-34,1,54
-34,2,54
-34,2,54
-34,2,54
-34,2,54
-34,2,54
-34,2,54
-34,2,54
-34,1,54
-34,2,55
-34,2,54
-35,2,54
-34,2,54
-34,2,55
-34,1,54
-35,2,54
-33,2,55
-35,2,54
-34,2,54
-34,2,55
-34,1,54
-35,2,54
-33,2,55
-34,2,54
-34,2,54
-34,1,54
-34,2,54
-34,2,54
-37,2,53
-31,1,57
-34,1,55
-35,2,53
-33,1,55
-33,1,55
-34,2,54
-34,2,54
-34,2,54
-34,1,55
-34,2,54
-34,2,54
-34,2,54
-34,1,54
-34,2,54
-34,2,54
-34,2,54
-34,1,54
-34,1,55
-34,2,54
-34,2,54
-34,2,54
-34,2,55
-34,2,54
-34,2,54
-34,2,54
-34,1,54
-34,2,54
-34,2,54
-34,2,54
-34,1,54
-34,2,55
-34,1,54
-34,2,54
-34,2,54
-34,1,54
-34,2,54
-34,2,54
-34,2,54
-34,1,54
-34,2,54
-34,2,54
-34,1,54
-34,2,54
-34,2,54
-34,2,54
-34,1,54
-34,2,54
-34,2,54
-34,2,55
-34,1,54
-34,1,54
-34,1,54
-34,2,54
-34,2,54
-34,2,54
-34,2,54
-34,2,54
-34,2,54
-34,1,54
-34,2,54
-34,2,54
-34,2,54
-34,1,54
-34,2,54
-34,2,54
-34,2,54
-34,1,54
-34,2,54
-34,2,54
-34,1,54
-34,2,54
-34,1,54
-34,2,54
-34,2,54
-34,2,54
-34,2,54
-34,2,54
-34,1,54
-34,2,54
-34,1,54
-34,2,54
-34,1,54
-34,1,54
-34,2,54
-34,2,54
-34,1,54
-34,2,54
-35,2,54
-34,2,54
-34,1,54
-34,2,54
-34,2,54
-35,2,54
-34,2,54
-34,2,54
-34,1,55
-34,1,54
-34,1,54
-34,1,54
-34,2,54
-34,2,54
-34,1,54
-34,2,54
-34,2,54
-34,2,54
-34,2,54
-34,2,54
-34,2,54
-34,2,54
-34,2,54
-34,2,55
-34,1,54
-34,2,54
-34,2,54
-34,1,54
-34,1,54
-34,2,54
-34,2,54
-34,2,54
-34,2,54
-34,2,54
-34,2,54
-34,2,54
-34,1,55
-34,1,54
-34,1,54
-34,2,54
-34,2,54
-34,2,54
-34,2,54
-34,2,54
-34,1,54
-34,2,54
-34,2,54
-34,2,54
-34,2,54
-34,2,54
-34,1,54
-34,2,54
-34,2,54
-34,1,54
-34,2,54
-34,1,54
-34,2,54
-34,2,54
-34,2,54
-34,2,54
-34,1,54
-34,2,54
-34,2,54
-34,2,54
-34,2,54
-34,2,54
-34,2,54
-34,2,54
-34,2,54
-34,2,55
-34,2,54
-34,2,54
-34,1,54
-34,1,54
-34,2,54
-34,1,54
-34,1,54
-34,2,54
-34,2,54
-34,1,54
-34,2,54
-34,1,54
-34,2,54
-34,2,54
-34,2,54
-34,2,54
-34,2,54
-34,2,54
-34,2,54
-34,2,54
-34,2,54
-35,2,54
-34,1,55
-34,1,54
-34,2,54
-34,2,54
-34,1,54
-34,2,54
-34,2,54
-34,2,55
-34,1,54
-34,1,54
-34,2,54
-34,2,54
-34,1,54
-34,2,54
-34,2,54
-34,2,54
-34,2,54
-34,2,54
-34,2,54
-34,2,54
-34,2,54
-34,2,54
-34,2,54
-34,2,55
-34,1,54
-34,2,54
-34,2,54
-34,2,54
-34,2,54
-34,1,54
-34,1,55
-34,2,54
-35,2,54
-34,1,54
-34,1,55
-35,2,54
-34,2,55
-34,1,54
-34,2,54
-34,2,54
-34,2,54
-34,1,54
-34,2,54
-34,2,54
-34,2,54
-34,2,54
-34,2,54
-34,2,54
-34,2,55
-34,1,54
-34,2,54
-34,2,55
-34,1,54
-34,2,54
-34,2,54
-34,2,54
-34,2,54
-34,2,54
-34,2,54
-34,2,54
-34,2,54
-34,2,54
-34,2,54
-34,1,54
-34,2,54
-34,2,54
-34,2,54
-34,1,54
-34,2,54
-34,2,54
-34,2,54
-34,2,55
-34,2,54
-34,2,54
-34,2,54
-34,1,54
-34,2,54
-34,2,54
-34,2,54
-34,2,54
-34,2,54
-34,2,54
-34,2,54
-34,2,54
-34,2,54
-34,2,54
-34,2,54
-34,2,54
-34,2,54
-34,1,54
-34,2,54
-34,2,54
-34,1,54
-34,2,54
-34,2,54
-34,2,54
-34,2,54
-34,1,54
-34,2,54
-34,2,54
-34,2,54
-34,2,54
-34,1,54
-34,2,54
-34,2,54
-34,2,54
-34,2,54
-34,1,54
-34,2,54
-34,2,54
-34,1,54
-34,2,54
-34,2,54
-34,2,54
-34,2,54
-34,2,54
-34,2,54
-34,2,54
-34,2,54
-34,2,54
-34,2,54
-34,2,54
-34,2,54
-34,2,54
-34,2,54
-34,2,54
-34,2,54
-34,1,55
-34,2,54
-34,1,54
-34,2,54
-34,2,54
-34,2,54
-34,2,54
-34,2,55
-34,2,54
-34,2,54
-34,2,54
-34,1,55
-34,2,54
-34,2,54
-34,2,54
-34,2,55
-34,2,54
-34,2,54
-34,2,55
-33,2,54
-33,1,55
-34,2,54
-34,2,55
-34,2,54
-34,1,54
-34,2,54
-34,2,54
-35,1,53
-35,2,54
-34,2,54
-34,2,54
-35,2,54
-34,1,54
-34,2,54
-34,2,54
-34,2,54
-34,2,54
-34,2,54
-37,2,56
-33,1,52
-31,1,54
-34,2,53
-36,2,52
-36,2,55
-33,2,56
-34,2,53
-36,2,53
-34,1,54
-32,1,55
-33,2,55
-35,2,54
-34,1,54
-34,1,54
-35,2,54
-36,2,53
-36,2,53
-34,2,54
-34,2,54
-34,2,54
-34,2,54
-34,2,55
-34,2,54
-34,2,54
-34,2,55
-34,2,55
-33,1,55
-34,2,54
-34,2,54
-34,1,54
-34,2,54
-34,2,54
-34,2,54
-34,2,54
-34,2,54
-34,2,54
-34,2,54
-34,2,54
-34,2,54
-34,2,54
-34,2,54
-34,2,54
-34,2,55
-34,2,54
-34,2,54
-33,2,55
-33,2,55
-34,1,54
-35,2,54
-34,2,55
-33,2,55
-35,1,54
-35,2,54
-33,2,55
-34,2,55
-34,2,54
-34,2,55
-34,2,55
-34,2,55
-34,1,55
-35,2,54
-35,1,53
-35,1,54
-34,2,54
-34,2,55
-34,2,55
-34,2,54
-34,2,54
-34,2,54
-34,2,55
-33,2,54
-34,1,54
-34,2,54
-34,2,54
-35,2,54
-34,2,54
-34,2,54
-34,2,54
-34,1,54
-34,2,54
-34,2,55
-34,1,55
-34,2,54
-34,2,54
-34,2,54
-35,1,54
-35,2,54
-34,2,54
-34,2,54
-34,2,54
-34,1,54
-34,2,54
-34,2,54
-34,2,54
-34,2,54
-34,2,54
-34,2,54
-34,2,54
-34,2,54
-34,2,54
-34,2,54
-34,1,54
-34,2,54
-34,2,54
-34,2,54
-34,2,54
-34,2,54
-34,2,54
-34,2,54
-34,2,54
-34,2,54
-34,2,54
-34,2,54
-34,2,54
-34,2,54
-34,2,54
-34,1,54
-34,2,54
-34,2,54
-34,2,54
-34,2,55
-34,2,54
-34,2,54
-34,2,54
-34,2,54
-34,2,54
-34,2,54
-34,2,54
-34,2,54
-34,2,54
-34,2,54
-34,2,54
-34,2,54
-34,2,54
-34,2,54
-34,2,54
-34,2,54
-34,2,54
-34,1,54
-34,2,54
-34,2,54
-34,2,54
-34,2,54
-34,1,54
-34,2,54
-34,2,54
-34,2,54
-34,2,54
-34,2,54
-34,2,54
-34,2,54
-34,2,54
-34,2,54
-34,1,54
-34,2,54
-34,2,54
-34,2,54
-34,2,54
-34,2,54
-34,2,54
-34,2,54
-34,2,54
-34,2,54
-34,2,54
-34,2,54
-34,2,54
-34,2,54
-34,2,54
-34,2,54
-34,2,54
-34,2,54
-34,2,54
-34,2,54
-34,2,54
-34,2,54
-34,2,54
-34,2,54
-35,2,54
-34,2,54
-34,1,54
-34,2,54
-34,2,54
-34,2,55
-34,2,54
-34,2,54
-34,2,54
-34,1,54
-34,2,54
-35,1,54
-34,2,54
-34,2,54
-34,1,54
-34,2,54
-34,1,54
-34,2,54
-34,2,54
-34,2,54
-34,2,54
-34,2,54
-34,2,54
-34,2,54
-34,2,54
-35,2,54
-34,2,54
-34,2,54
-34,2,54
-35,2,54
-34,2,54
-34,1,54
-34,2,54
-34,2,54
-34,2,54
-34,2,54
-35,1,54
-34,2,54
-34,2,54
-34,1,54
-34,1,54
-35,2,54
-34,2,54
-34,2,54
-34,1,54
-34,2,54
-34,2,54
-34,2,54
-34,2,54
-34,2,54
-34,2,54
-34,2,54
-35,2,54
-34,2,54
-34,2,54
-35,2,54
-35,2,54
-34,2,54
-34,2,54
-34,2,54
-34,1,54
-34,1,54
-34,2,54
-34,2,54
-34,2,54
-34,2,54
-34,1,54
-35,1,54
-35,2,54
-34,2,54
-34,2,54
-34,2,54
-34,2,54
-35,2,54
-34,2,54
-34,2,54
-34,2,54
-34,2,54
-34,2,54
-34,2,54
-34,1,54
-35,1,54
-34,2,54
-34,2,54
-34,2,54
-35,2,54
-34,2,54
-34,2,54
-34,2,54
-34,2,54
-34,2,54
-34,2,54
-35,2,54
-34,2,54
-34,2,54
-34,2,54
-34,2,54
-34,2,54
-34,1,54
-35,1,54
-34,2,54
-34,2,54
-35,1,54
-34,2,54
-34,2,54
-34,2,54
-35,2,54
-34,1,54
-34,2,54
-35,2,54
-34,2,54
-34,2,54
-35,2,54
-34,2,54
-34,2,54
-34,2,54
-35,2,54
-34,2,54
-34,2,54
-34,2,54
-34,2,54
-34,2,54
-35,2,54
-34,2,54
-34,2,54
-35,2,54
-34,2,54
-34,2,54
-34,1,54
-34,2,54
-34,1,54
-34,1,54
-34,2,54
-34,2,54
-34,2,54
-34,1,54
-34,2,54
-34,2,54
-34,2,54
-34,1,54
-34,2,54
-34,2,54
-34,2,54
-34,2,54
-34,2,54
-34,2,54
-34,2,54
-34,2,54
-34,2,54
-34,1,54
-35,2,54
-34,2,54
-34,2,54
-34,2,54
-34,2,54
-34,2,54
-34,2,54
-34,2,54
-34,2,54
-34,2,54
-35,2,54
-34,2,54
-34,2,54
-34,1,54
-34,2,54
-34,2,55
-34,1,54
-34,2,54
-34,2,54
-34,2,54
-34,1,54
-34,1,54
-34,2,54
-35,2,54
-34,2,54
-34,2,54
-34,1,54
-34,2,54
-34,2,54
-34,1,54
-34,2,54
-34,2,54
-34,2,54
-34,2,54
-34,2,54
-34,2,54
-34,2,54
-34,2,54
-34,2,54
-34,2,54
-34,2,54
-34,2,54
-34,2,54
-34,2,54
-34,1,54
-34,2,54
-34,2,54
-34,1,54
-34,2,54
-34,2,54
-34,2,54
-34,2,54
-34,2,54
-34,1,54
-34,2,54
-34,2,54
-34,1,54
-34,2,54
-34,2,54
-35,2,54
-34,2,54
-34,2,54
-34,2,54
-34,1,54
-34,2,54
-34,2,54
-34,2,54
-34,1,54
-34,2,54
-34,2,54
-34,2,54
-34,2,54
-34,2,54
-34,2,54
-34,2,54
-34,2,54
-34,1,54
-34,2,54
-34,2,54
-34,2,54
-34,2,54
-34,2,54
-34,2,54
-34,2,54
-34,2,54
-34,2,54
-34,2,54
-34,1,54
-34,2,54
-34,2,54
-34,2,54
-34,2,54
-34,2,54
-34,2,54
-34,2,54
-34,2,54
-34,1,54
-34,2,54
-34,1,54
-35,2,54
-34,2,54
-34,2,54
-34,1,54
-34,2,54
-34,2,54
-34,2,54
-34,2,54
-34,2,54
-34,2,54
-34,1,54
-34,1,54
-35,2,54
-34,2,54
-34,2,54
-34,2,54
-34,2,54
-34,2,54
-34,1,54
-34,2,54
-34,2,54
-34,2,54
-34,2,54
-34,1,54
-34,2,54
-34,2,54
-34,2,54
-34,2,54
-34,1,54
-34,1,54
-34,2,54
-34,2,54
-34,2,54
-34,1,54
-34,2,54
-34,2,54
-34,2,54
-34,2,54
-34,2,54
-34,2,54
-34,2,54
-34,2,54
-34,2,54
-34,2,54
-34,2,54
-34,2,54
-34,2,54
-34,2,54
-34,2,54
-34,2,54
-34,1,54
-34,2,54
-34,2,54
-34,2,54
-34,2,54
-34,2,54
-34,2,54
-34,2,54
-34,2,54
-35,2,54
-34,2,54
-34,2,54
-34,2,54
-34,2,54
-34,2,54
-34,2,54
-34,2,54
-34,2,54
-34,1,54
-34,2,54
-34,2,54
-34,2,54
-34,2,54
-34,1,54
-34,2,54
-34,1,54
-34,2,54
-34,2,54
-34,2,54
-34,2,54
-35,2,54
-34,2,54
-34,2,54
-34,1,54
-34,2,54
-34,2,54
-34,2,54
-34,2,54
-34,2,54
-34,2,54
-34,2,54
-34,2,54
-34,2,54
-34,2,54
-34,2,54
-34,2,54
-34,1,54
-34,2,54
-34,2,54
-34,2,54
-34,2,54
-34,2,54
-34,1,54
-34,2,54
-34,2,54
-34,2,54
-34,2,54
-34,2,54
-35,2,54
-34,2,54
-34,1,54
-34,2,54
-34,1,54
-34,2,54
-34,2,54
-34,2,54
-34,2,54
-34,2,54
-34,2,54
-34,2,54
-34,2,54
-34,2,54
-34,1,54
-34,2,54
-34,2,54
-35,2,54
-35,2,54
-34,1,54
-35,2,54
-35,2,54
-34,2,54
-35,1,54
-35,2,54
-35,2,54
-35,2,54
-34,2,54
-34,2,54
-35,2,54
-34,2,54
-34,2,54
-34,2,54
-35,2,54
-35,2,54
-35,2,54
-35,1,54
-34,2,54
-35,2,54
-35,1,54
-35,2,54
-35,2,54
-34,2,54
-35,2,54
-35,1,54
-35,2,54
-35,1,54
-35,2,54
-34,2,54
-34,2,54
-34,2,54
-34,2,54
-35,2,54
-34,1,54
-34,2,54
-34,1,54
-34,2,54
-35,2,54
-35,1,54
-35,2,54
-34,2,54
-34,2,54
-35,2,54
-35,2,54
-34,2,54
-34,2,54
-34,2,54
-34,2,54
-34,2,54
-34,2,54
-35,2,54
-35,2,54
-35,2,54
-35,2,54
-35,1,54
-34,2,54
-34,2,54
-35,2,54
-35,2,54
-34,2,54
-34,2,54
-34,2,54
-34,2,54
-34,2,54
-35,2,54
-34,2,54
-34,2,54
-34,2,54
-34,2,54
-34,2,54
-34,2,54
-34,2,54
-35,2,54
-35,1,54
-35,2,54
-34,2,54
-34,2,54
-35,2,54
-35,2,54
-35,2,54
-34,2,54
-34,2,54
-35,1,54
-35,1,54
-35,2,54
-35,2,54
-34,2,54
-35,2,54
-35,2,54
-34,2,54
-35,2,54
-35,2,54
-34,2,54
-35,2,54
-34,2,54
-34,2,54
-35,2,54
-35,2,54
-35,2,54
-35,2,54
-34,2,54
-34,2,54
-35,2,54
-35,2,54
-35,2,54
-35,1,54
-34,2,54
-34,2,54
-35,2,54
-35,2,54
-35,2,54
-35,2,54
-35,2,54
-34,1,54
-35,2,54
-35,2,54
-34,2,54
-35,1,54
-34,2,54
-34,2,54
-35,1,54
-35,2,54
-34,2,54
-35,1,54
-35,1,54
-35,2,54
-35,2,54
-35,2,54
-34,2,54
-34,2,54
-35,2,54
-35,1,54
-35,1,54
-35,1,54
-35,2,54
-34,2,54
-34,2,54
-35,2,54
-35,2,54
-35,2,54
-34,2,54
-35,2,54
-35,2,54
-35,2,54
-35,2,54
-34,2,54
-34,2,54
-35,2,54
-34,2,54
-35,1,54
-35,2,54
-34,2,54
-34,2,54
-35,2,54
-35,1,54
-34,2,54
-34,2,54
-35,1,54
-35,2,54
-34,2,54
-34,2,54
-34,2,54
-34,2,54
-35,2,54
-35,2,54
-34,2,54
-34,2,54
-35,2,54
-34,2,54
-34,2,54
-35,2,54
-34,2,54
-34,2,54
-34,2,54
-34,2,54
-35,2,54
-34,1,54
-34,2,54
-35,1,54
-35,2,54
-34,2,54
-35,1,54
-35,2,54
-34,2,54
-34,2,54
-35,2,54
-35,2,54
-34,2,54
-35,2,54
-34,2,54
-34,1,54
-34,2,54
-34,2,54
-34,2,54
-35,2,54
-34,2,54
-34,2,54
-35,2,54
-34,2,54
-34,2,54
-35,2,54
-34,2,54
-34,1,54
-34,2,54
-34,2,54
-34,1,54
-34,2,54
-34,2,54
-34,2,54
-35,2,54
-35,2,54
-34,2,54
-34,2,54
-35,2,54
-35,2,54
-34,2,54
-35,1,54
-34,2,54
-34,2,54
-34,2,54
-34,2,54
-34,2,54
-34,2,54
-34,2,54
-34,2,54
-35,2,54
-34,2,54
-34,2,54
-34,2,54
-34,2,54
-34,2,54
-34,1,54
-34,2,54
-34,2,54
-35,2,54
-34,2,54
-34,2,54
-35,2,54
-34,2,54
-34,2,54
-34,2,54
-34,2,54
-34,2,54
-34,2,54
-35,2,54
-34,2,54
-34,2,54
-35,2,54
-35,2,54
-34,2,54
-34,2,54
-34,2,54
-34,2,54
-34,2,54
-34,2,54
-34,1,54
-34,2,54
-34,2,54
-35,2,54
-34,2,54
-35,2,54
-34,1,54
-34,2,54
-34,2,54
-34,2,54
-34,2,54
-35,2,54
-34,2,54
-34,2,54
-34,2,54
-35,2,54
-35,2,54
-35,2,54
-34,2,54
-34,2,54
-34,2,54
-35,2,54
-34,2,54
-35,2,54
-35,2,54
-34,2,54
-34,2,54
-34,1,54
-34,2,54
-34,1,54
-34,1,55
-34,2,54
-34,2,54
-34,2,54
-35,2,54
-34,2,55
-33,2,54
-34,2,54
-34,1,54
-35,2,54
-34,2,55
-34,2,54
-33,2,54
-34,2,54
-35,2,54
-35,1,55
-33,2,54
-35,2,54
-34,2,55
-32,1,55
-36,1,53
-35,2,54
-32,2,56
-33,2,55
-35,1,53
-35,1,54
-34,2,55
-34,2,54
-34,2,54
-34,2,54
-34,2,55
-34,2,54
-35,2,53
-34,2,54
-33,2,54
-34,1,54
-34,1,54
-34,2,54
-34,2,54
-34,1,54
-34,2,54
-34,2,54
-34,2,54
-34,2,54
-34,1,54
-34,2,54
-34,1,54
-34,1,54
-35,2,54
-34,2,54
-34,1,54
-35,2,54
-34,2,54
-33,2,55
-37,2,53
-36,1,53
-35,2,54
-35,2,54
-34,1,54
-34,2,54
-34,2,54
-35,2,54
-34,2,54
-34,1,54
-35,2,54
-34,2,54
-34,2,54
-35,2,54
-34,2,54
-34,2,54
-35,2,54
-34,2,54
-34,2,54
-35,1,54
-35,2,54
-34,1,54
-34,2,54
-35,2,54
-34,2,54
-34,2,54
-34,2,54
-34,2,54
-34,2,54
-35,2,54
-34,2,54
-34,2,54
-34,2,54
-34,2,54
-34,2,54
-34,2,54
-34,2,54
-34,1,54
-34,2,54
-34,2,54
-35,2,54
-34,2,54
-34,2,54
-34,2,54
-34,2,54
-35,2,54
-32,1,55
-34,3,53
-37,2,56
-32,1,54
-33,1,53
-37,3,53
-34,2,55
-33,1,55
-35,2,54
-35,2,54
-34,2,54
-35,2,54
-34,2,54
-34,2,55
-34,2,54
-34,2,54
-34,2,55
-34,2,54
-34,2,54
-34,2,54
-34,1,54
-34,2,54
-34,2,54
-34,2,54
-34,2,54
-34,2,54
-34,2,54
-35,2,54
-34,2,54
-33,1,55
-34,1,54
-35,2,54
-35,2,54
-34,1,54
-34,1,54
-34,2,54
-34,2,54
-35,1,54
-35,1,54
-34,2,54
-34,2,54
-34,2,54
-35,1,54
-34,1,54
-34,2,54
-34,2,54
-34,2,55
-33,2,55
-38,2,53
-35,1,54
-33,1,55
-34,1,54
-35,2,54
-34,1,54
-32,1,56
-35,2,54
-33,1,54
-34,2,54
-34,2,54
-34,2,54
-34,1,54
-35,1,54
-34,1,55
-34,1,54
-34,1,54
-34,2,55
-35,2,54
-34,2,54
-34,2,54
-34,2,54
-34,2,54
-34,2,54
-35,2,54
-35,1,54
-34,2,54
-34,2,54
-34,2,54
-34,1,54
-33,2,55
-34,2,54
-34,2,54
-34,2,54
-35,1,54
-35,1,53
-35,1,53
-33,2,55
-33,1,55
-34,2,54
-34,1,54
-34,2,54
-35,1,54
-34,1,54
-34,2,55
-34,2,55
-34,2,55
-34,2,54
-33,2,55
-33,2,55
-34,2,54
-34,2,54
-34,2,54
-34,2,55
-34,2,55
-35,1,53
-37,2,52
-38,2,52
-35,1,54
-33,1,55
-35,2,54
-36,2,53
-36,2,53
-35,1,54
-35,2,54
-34,2,54
-36,2,53
-35,2,54
-34,1,54
-35,2,53
-35,2,53
-35,1,54
-34,1,54
-34,2,54
-34,2,54
-36,1,53
-35,1,54
-35,2,54
-34,2,54
-35,1,54
-35,1,54
-34,2,54
-34,2,54
-35,2,54
-35,1,54
-35,2,54
-35,2,54
-34,2,54
-34,2,54
-34,2,54
-34,2,54
-34,2,54
-34,2,54
-35,2,54
-35,1,54
-34,2,54
-35,1,54
-35,2,53
-35,1,54
-34,1,54
-34,1,54
-34,2,54
-35,2,54
-35,1,54
-34,1,54
-34,1,54
-36,2,53
-35,2,54
-35,2,54
-34,2,54
-32,2,55
-33,2,55
-34,2,54
-36,2,53
-35,2,53
-33,2,55
-33,2,55
-35,2,54
-35,1,54
-35,2,54
-35,2,54
-35,2,54
-35,2,54
-34,2,55
-33,2,55
-34,2,54
-34,2,54
-34,2,54
-34,2,54
-34,2,54
-34,2,55
-34,2,54
-34,2,54
-34,2,54
-34,2,54
-34,2,54
-34,2,54
-34,2,54
-34,2,54
-34,2,54
-34,2,54
-34,2,54
-34,2,54
-34,2,54
-34,2,54
-34,2,54
-34,2,54
-34,2,54
-34,2,54
-34,2,54
-34,2,54
-34,2,54
-34,2,54
-34,1,55
-34,2,54
-34,2,54
-34,2,54
-34,2,55
-34,2,54
-35,2,54
-34,2,54
-34,2,55
-34,2,54
-34,2,54
-34,2,54
-33,2,54
-34,2,55
-34,2,54
-34,2,54
-34,2,54
-34,2,54
-34,2,54
-34,2,54
-35,3,54
-35,2,54
-33,1,55
-33,1,55
-34,1,54
-34,2,54
-34,2,55
-34,2,54
-34,2,54
-34,2,54
-34,1,54
-34,2,54
-34,2,54
-34,1,54
-34,2,54
-34,2,54
-34,2,54
-34,2,55
-34,1,54
-34,1,54
-34,2,54
-34,2,54
-34,2,55
-34,1,54
-34,2,54
-34,2,54
-34,2,54
-34,2,54
-34,2,54
-34,2,54
-34,2,54
-34,1,54
-34,1,54
-34,2,54
-34,2,54
-34,2,54
-34,1,55
-34,2,55
-34,2,54
-34,1,54
-34,1,55
-34,2,55
-34,2,54
-34,2,54
-34,1,54
-34,1,54
-34,2,54
-34,2,54
-34,2,55
-34,2,55
-33,1,55
-34,2,54
-34,2,54
-34,2,54
-34,2,54
-34,2,54
-34,2,55
-34,2,54
-34,2,54
-34,2,55
-34,2,55
-34,2,54
-34,2,55
-34,2,54
-34,2,54
-34,2,54
-34,2,54
-34,1,54
-34,2,54
-34,1,54
-34,2,54
-34,1,54
-34,1,54
-34,2,55
-34,2,54
-34,2,54
-34,1,54
-34,2,54
-34,2,54
-34,2,54
-34,2,54
-34,1,54
-34,2,54
-34,1,54
-34,1,54
-34,2,54
-34,2,54
-34,2,54
-34,1,54
-34,1,54
-34,2,54
-34,2,54
-34,1,54
-34,1,54
-34,1,55
-34,2,54
-34,2,54
-34,1,54
-34,1,54
-34,2,54
-34,2,54
-34,2,54
-34,2,54
-34,2,54
-34,2,54
-34,2,54
-34,2,54
-34,2,54
-34,2,54
-34,2,55
-34,2,54
-34,2,54
-34,2,54
-34,2,55
-34,1,54
-34,2,54
-34,2,54
-34,2,54
-34,2,54
-34,2,54
-34,2,54
-34,1,55
-34,2,54
-35,1,54
-34,2,55
-34,1,54
-35,2,54
-34,2,54
-34,2,54
-34,2,54
-34,2,54
-34,2,54
-34,1,54
-34,2,55
-34,2,54
-34,2,54
-34,1,54
-34,1,54
-34,1,54
-35,2,54
-34,1,54
-34,1,54
-34,2,54
-34,2,54
-34,2,54
-34,2,54
-34,2,54
-34,2,54
-34,2,54
-34,2,54
-34,2,54
-34,1,54
-34,1,54
-34,2,54
-34,1,54
-34,1,54
-34,1,54
-34,2,54
-34,1,54
-34,2,54
-34,2,55
-34,1,54
-34,2,54
-35,1,54
-35,1,54
-34,1,54
-34,2,54
-34,1,54
-34,2,54
-33,2,55
-33,2,55
-35,1,54
-36,1,53
-35,2,54
-34,2,55
-34,2,55
-34,2,54
-33,2,55
-33,2,55
-35,1,54
-36,2,53
-35,2,54
-34,2,54
-34,1,54
-34,2,54
-34,2,54
-34,2,55
-34,2,55
-35,2,54
-34,1,54
-34,1,54
-34,1,54
-35,2,54
-34,2,54
-34,2,55
-34,2,54
-34,2,55
-35,2,54
-35,1,53
-34,2,54
-34,2,54
-33,2,55
-34,2,54
-35,1,54
-34,1,54
-34,2,54
-35,2,54
-34,2,54
-34,2,54
-33,2,55
-35,2,54
-34,2,54
-34,1,54
-34,2,54
-34,2,54
-34,2,54
-34,1,54
-34,1,54
-35,2,54
-34,2,54
-34,2,54
-35,2,54
-35,1,54
-35,2,54
-34,1,54
-34,1,54
-35,2,54
-35,1,54
-34,1,54
-34,2,55
-35,2,54
-35,1,54
-34,1,54
-34,2,54
-35,2,54
-34,2,54
-34,2,54
-35,2,54
-34,2,54
-34,1,54
-34,2,54
-34,2,54
-34,2,54
-34,1,54
-34,2,54
-34,2,54
-34,2,54
-34,2,55
-34,2,54
-34,2,54
-34,2,54
-34,2,54
-34,2,54
-34,2,54
-34,2,54
-34,2,54
-34,1,54
-34,2,55
-34,2,54
-34,2,54
-34,1,54
-34,1,54
-34,2,54
-34,2,54
-34,1,54
-34,2,54
-34,2,54
-34,2,54
-34,2,54
-34,2,54
-34,2,54
-34,2,54
-34,2,54
-34,2,54
-34,1,54
-34,2,54
-34,2,54
-34,1,54
-34,1,54
-34,2,54
-34,2,54
-34,2,54
-34,1,54
-34,2,54
-34,2,54
-34,2,54
-35,1,54
-34,2,54
-34,2,54
-34,2,54
-34,2,54
-34,2,54
-34,1,54
-34,2,54
-34,2,54
-34,2,54
-34,1,54
-34,2,54
-34,2,54
-34,2,54
-34,2,54
-34,2,54
-34,2,54
-34,2,54
-34,2,54
-34,2,54
-34,2,54
-34,1,54
-34,1,54
-34,2,54
-34,2,54
-34,2,54
-34,2,54
-34,2,54
-34,2,54
-34,2,54
-34,2,54
-34,2,54
-34,2,54
-34,2,54
-34,2,54
-34,2,54
-34,2,54
-34,2,54
-35,2,54
-34,2,54
-34,1,54
-34,2,54
-34,2,54
-34,2,54
-34,1,54
-34,2,54
-34,1,54
-34,1,54
-34,2,54
-34,2,54
-34,2,54
-34,2,54
-34,2,54
-34,2,54
-34,2,54
-34,2,54
-34,2,54
-34,2,54
-34,2,54
-34,2,54
-34,2,54
-34,2,54
-34,2,54
-34,2,54
-34,1,54
-34,2,54
-34,2,54
-34,2,54
-34,2,54
-34,2,54
-34,2,54
-34,2,54
-34,2,54
-34,2,54
-35,2,54
-34,2,55
-34,1,55
-35,2,54
-35,2,54
-34,2,54
-34,2,54
-34,2,54
-34,2,54
-34,2,54
-34,2,54
-34,2,54
-34,2,54
-34,2,54
-34,2,54
-34,2,54
-34,2,54
-34,1,54
-34,2,54
-34,2,54
-35,1,54
-34,2,54
-34,2,54
-34,2,54
-34,2,54
-34,2,54
-34,1,54
-34,2,54
-34,2,54
-34,2,54
-34,1,54
-34,2,54
-34,2,54
-34,2,54
-34,1,54
-34,2,54
-34,2,54
-34,2,54
-34,2,54
-34,2,54
-34,2,54
-34,2,54
-34,2,54
-34,2,54
-34,2,54
-34,2,54
-34,2,54
-34,2,54
-34,2,54
-34,2,54
-34,2,54
-34,2,54
-34,2,54
-34,2,54
-34,2,54
-34,2,54
-34,1,54
-34,1,54
-34,2,54
-34,2,54
-34,2,54
-34,2,54
-34,2,54
-34,2,54
-35,2,54
-34,2,54
-34,1,54
-35,2,54
-34,2,54
-34,1,54
-35,2,54
-34,2,54
-34,2,54
-34,1,54
-34,1,54
-34,2,54
-34,2,54
-34,1,54
-35,2,54
-34,1,54
-34,2,54
-34,2,54
-35,2,54
-34,2,54
-34,2,54
-34,2,54
-34,1,54
-35,2,54
-34,2,54
-34,1,54
-34,2,54
-35,2,54
-35,2,54
-34,2,54
-35,2,54
-34,2,54
-34,2,54
-34,2,54
-35,2,54
-34,2,54
-34,2,54
-34,2,54
-34,2,54
-35,2,54
-35,2,54
-35,2,54
-34,2,54
-34,2,54
-35,2,54
-34,2,54
-34,2,54
-34,2,54
-34,2,54
-34,2,54
-34,2,54
-35,2,54
-35,1,54
-35,1,54
-35,2,54
-35,2,54
-34,1,54
-34,2,54
-35,2,54
-34,2,54
-34,2,54
-34,2,54
-33,2,55
-34,2,54
-34,2,54
-34,2,54
-34,2,54
-34,2,54
-34,2,54
-34,2,54
-34,2,54
-34,1,54
-34,2,54
-34,1,54
-34,2,54
-34,2,54
-34,2,55
-34,1,55
-34,2,54
-34,2,54
-34,2,54
-34,1,54
-34,1,54
-34,2,54
-34,2,54
-34,2,54
-34,2,54
-34,2,54
-34,1,54
-34,2,54
-34,2,54
-34,1,54
-34,2,54
-34,2,54
-34,1,54
-34,1,54
-34,2,54
-34,2,54
-34,2,55
-34,2,54
-34,2,54
-34,2,54
-34,1,54
-34,1,54
-35,2,54
-34,2,54
-34,1,54
-34,2,54
-34,1,54
-34,2,54
-34,2,54
-34,2,54
-34,2,54
-34,2,54
-34,2,54
-34,2,54
-34,2,54
-34,2,54
-34,2,54
-34,1,54
-34,2,54
-34,2,54
-34,2,54
-34,2,54
-35,2,54
-34,2,54
-35,1,54
-34,1,54
-34,2,54
-35,2,54
-34,1,54
-34,2,54
-34,2,54
-34,2,54
-35,1,54
-34,2,54
-34,2,54
-34,2,54
-34,2,54
-35,2,54
-34,1,54
-34,1,54
-34,2,54
-34,2,54
-34,2,54
-35,2,54
-34,2,54
-34,2,54
-35,1,54
-34,2,54
-34,2,54
-35,1,54
-34,2,54
-34,1,54
-34,1,54
-34,2,54
-34,2,54
-34,1,54
-34,2,54
-34,2,54
-34,2,54
-34,1,54
-34,2,54
-34,2,54
-34,2,54
-35,2,54
-34,2,54
-34,2,54
-34,2,54
-34,2,54
-34,1,54
-34,1,54
-34,2,54
-34,2,54
-34,2,54
-34,1,54
-34,2,54
-34,2,54
-34,2,54
-34,2,54
-34,2,54
-34,2,54
-34,1,54
-34,2,54
-35,2,54
-35,2,54
-34,2,54
-34,2,54
-34,2,54
-34,2,54
-34,2,54
-34,1,54
-34,2,54
-34,2,54
-34,2,54
-34,2,54
-34,1,54
-34,2,54
-34,2,54
-34,1,54
-34,2,54
-34,2,54
-34,1,54
-34,1,54
-34,1,54
-34,1,54
-34,1,54
-35,2,54
-34,2,54
-34,1,54
-34,1,54
-34,2,54
-34,2,54
-34,1,54
-34,1,54
-34,2,54
-34,2,54
-34,2,54
-34,2,54
-34,2,55
-34,2,55
-34,2,54
-34,2,54
-34,2,54
-34,2,54
-34,2,54
-34,2,54
-34,1,54
-34,2,54
-34,2,54
-34,2,54
-34,2,54
-34,1,54
-34,1,55
-34,2,54
-34,2,54
-34,1,54
-34,2,54
-34,2,54
-34,2,54
-34,2,54
-34,2,54
-34,1,54
-34,2,54
-34,1,54
-34,1,54
-34,2,54
-34,2,54
-34,2,54
-34,2,54
-34,2,54
-34,2,54
-34,2,54
-34,2,54
-34,2,54
-34,2,54
-34,1,55
-34,2,54
-34,2,54
-34,2,54
-34,2,54
-34,1,54
-34,2,54
-34,2,54
-34,2,54
-34,2,54
-34,2,54
-34,2,54
-34,2,54
-34,2,54
-34,2,54
-34,2,54
-34,2,54
-34,2,55
-34,2,54
-34,2,54
-34,2,54
-34,2,54
-34,1,54
-34,2,54
-34,2,54
-34,1,54
-34,2,54
-34,2,54
-34,2,54
-34,1,54
-34,1,54
-34,2,54
-34,2,54
-34,2,54
-34,2,54
-34,2,54
-34,2,54
-34,1,54
-34,1,54
-34,2,54
-34,2,54
-34,2,54
-34,1,54
-34,2,55
-34,2,54
-34,2,55
-34,2,54
-34,2,54
-34,1,54
-34,2,55
-34,2,54
-34,2,54
-34,2,54
-34,2,54
-34,2,54
-34,2,54
-34,2,54
-34,2,54
-34,2,54
-34,2,54
-34,2,54
-34,1,54
-34,2,54
-34,2,54
-34,1,54
-34,2,54
-34,1,54
-34,2,54
-34,2,54
-34,1,54
-34,2,54
-34,2,54
-34,1,54
-34,2,54
-34,2,54
-34,2,54
-34,1,54
-34,2,54
-34,2,55
-34,2,54
-34,2,54
-34,2,54
-34,2,54
-34,1,54
-34,2,54
-34,2,54
-34,2,54
-34,2,54
-34,2,54
-34,2,54
-34,2,54
-34,2,54
-34,2,54
-34,1,54
-34,2,54
-34,2,54
-34,1,54
-34,1,54
-34,2,54
-34,2,54
-34,2,54
-34,2,54
-34,1,54
-34,1,55
-34,2,54
-34,2,54
-35,2,54
-34,2,54
-34,2,54
-34,2,54
-34,2,54
-34,2,54
-34,2,54
-34,2,54
-34,2,54
-34,2,54
-34,2,54
-34,1,54
-34,2,54
-34,2,54
-34,2,54
-34,2,54
-34,2,54
-34,2,54
-34,2,54
-34,2,54
-34,2,54
-34,2,54
-34,1,54
-34,2,54
-34,2,54
-34,2,55
-34,1,54
-34,2,54
-34,2,54
-34,1,54
-34,1,54
-34,1,54
-34,2,55
-34,1,54
-34,2,54
-34,2,54
-34,2,54
-34,2,55
-34,2,54
-34,1,54
-34,2,54
-34,1,54
-34,1,54
-34,1,54
-34,2,54
-34,2,54
-34,2,54
-34,2,54
-34,2,54
-34,2,54
-34,2,54
-34,2,54
-34,2,54
-34,2,54
-34,2,54
-34,2,55
-34,1,54
-34,2,54
-34,2,54
-34,1,54
-34,2,54
-34,2,54
-34,2,54
-34,2,54
-34,2,54
-34,2,54
-34,1,54
-34,2,54
-34,2,54
-34,2,54
-34,1,54
-34,2,54
-34,1,54
-34,2,54
-34,1,54
-34,2,54
-34,1,54
-34,2,54
-34,1,54
-34,2,54
-34,2,54
-34,2,54
-34,2,54
-34,2,54
-34,1,54
-34,2,54
-34,2,54
-34,1,54
-34,2,54
-34,2,54
-34,1,54
-34,2,54
-34,2,54
-34,2,54
-34,1,54
-34,2,54
-34,1,54
-34,2,54
-34,2,54
-34,2,54
-34,2,54
-34,2,54
-34,2,54
-34,2,54
-34,2,54
-34,2,54
-34,2,54
-34,1,54
-34,1,54
-34,1,54
-34,2,54
-34,2,54
-34,1,54
-34,1,54
-34,1,54
-34,2,54
-34,2,54
-34,2,54
-34,2,54
-35,1,54
-35,2,54
-33,2,55
-34,2,55
-34,2,54
-34,2,54
-34,2,54
-34,2,54
-34,2,54
-34,2,55
-34,2,54
-33,2,55
-34,2,54
-34,2,55
-34,2,54
-34,2,54
-34,2,55
-34,2,54
-34,2,55
-34,2,55
-34,2,54
-34,2,54
-34,2,54
-34,2,55
-33,2,55
-34,2,54
-34,2,54
-34,2,54
-34,1,54
-34,1,54
-34,2,54
-34,2,54
-34,2,55
-34,2,54
-34,1,54
-34,2,55
-34,2,55
-34,2,54
-33,2,55
-34,2,54
-34,2,54
-34,2,54
-34,2,54
-34,2,54
-34,2,54
-34,2,54
-34,2,54
-34,2,54
-34,2,54
-34,2,55
-33,2,55
-33,2,55
-34,2,54
-34,2,54
-34,1,55
-34,2,55
-34,2,54
-34,2,55
-33,2,54
-34,2,54
-34,2,54
-34,2,55
-33,1,55
-34,2,55
-34,2,55
-33,2,54
-33,2,55
-33,2,55
-33,2,54
-33,2,55
-33,2,55
-34,2,55
-34,2,54
-34,2,55
-33,2,54
-33,2,55
-34,2,55
-33,2,55
-34,2,55
-34,2,55
-34,2,54
-33,2,54
-33,2,55
-33,2,55
-33,2,55
-34,2,54
-34,2,54
-34,2,55
-33,2,54
-34,2,54
-34,2,54
-33,1,55
-34,1,54
-34,2,54
-33,2,55
-34,2,55
-34,2,55
-34,2,55
-34,2,55
-34,2,54
-34,1,54
-34,2,54
-33,2,55
-33,2,55
-34,2,54
-34,2,54
-34,2,54
-34,2,55
-33,2,55
-33,2,55
-35,1,53
-35,1,54
-34,1,54
-34,2,55
-34,2,54
-34,1,54
-33,1,55
-33,1,55
-34,1,54
-34,1,54
-33,2,55
-34,2,55
-34,2,55
-34,1,54
-34,2,54
-34,1,54
-34,1,54
-34,1,54
-34,1,55
-34,2,54
-34,1,54
-34,2,54
-34,1,54
-34,2,55
-34,2,54
-34,2,54
-34,2,55
-34,2,54
-34,2,54
-34,2,54
-34,2,54
-34,2,54
-34,2,54
-34,2,54
-34,2,54
-34,2,55
-34,2,54
-34,2,54
-34,1,55
-34,2,55
-34,2,54
-34,1,54
-34,2,55
-34,2,55
-34,2,55
-34,2,55
-35,2,55
-34,1,54
-34,1,54
-34,2,54
-34,2,55
-34,1,55
-34,2,54
-34,2,54
-34,2,55
-34,1,54
-34,2,54
-34,2,54
-34,2,54
-34,2,54
-34,2,54
-34,2,55
-34,2,54
-34,2,54
-34,2,54
-34,2,54
-34,2,54
-34,2,55
-34,2,54
-34,2,55
-34,2,54
-34,2,55
-34,2,54
-34,2,55
-34,2,54
-34,2,54
-34,2,54
-34,2,54
-34,2,54
-34,2,54
-34,2,54
-34,2,54
-34,2,54
-34,1,55
-34,2,54
-34,1,54
-34,1,54
-34,2,54
-34,1,54
-34,1,54
-34,1,54
-34,2,54
-34,1,54
-34,1,54
-34,2,54
-34,1,54
-34,1,54
-34,1,54
-34,2,54
-34,2,55
-34,2,55
-34,2,54
-34,2,54
-34,1,54
-34,2,54
-34,2,54
-34,2,54
-34,2,54
-34,2,54
-34,2,54
-34,1,54
-34,1,54
-34,1,54
-34,2,54
-34,1,54
-34,1,54
-34,2,55
-34,2,54
-34,1,54
-34,1,54
-34,2,54
-34,2,54
-34,2,55
-34,2,54
-34,2,54
-34,2,54
-34,1,54
-34,2,54
-34,2,55
-34,2,54
-34,1,54
-34,2,54
-34,1,54
-34,2,54
-34,2,55
-34,2,54
-34,2,54
-34,2,54
-34,2,54
-34,2,55
-34,1,54
-34,2,54
-34,2,55
-34,1,54
-34,2,54
-34,2,54
-34,1,55
-34,1,54
-34,2,54
-34,2,54
-34,2,55
-34,1,54
-34,2,54
-34,2,54
-34,2,54
-34,2,54
-34,2,54
-34,1,55
-34,2,54
-34,2,54
-34,2,54
-34,2,54
-34,2,54
-34,2,55
-34,2,54
-34,2,54
-34,1,54
-34,2,54
-34,2,54
-34,2,54
-34,2,54
-34,2,54
-34,2,54
-34,2,54
-34,2,55
-34,2,55
-34,2,54
-34,2,54
-34,2,54
-34,1,54
-34,2,55
-34,2,54
-34,2,54
-34,2,54
-34,2,54
-34,2,54
-34,2,54
-34,2,54
-34,1,54
-33,1,55
-34,2,54
-35,2,55
-34,2,55
-34,1,54
-35,2,54
-34,2,55
-34,1,54
-34,2,54
-34,2,54
-34,1,54
-34,2,54
-34,1,54
-34,1,54
-34,2,54
-34,2,54
-34,1,54
-34,1,54
-34,2,54
-34,1,54
-34,1,54
-34,1,54
-34,1,55
-34,2,54
-34,2,54
-34,1,55
-34,2,54
-34,1,54
-34,1,54
-34,2,55
-34,2,54
-34,2,54
-34,2,55
-34,2,54
-34,1,54
-34,2,54
-34,1,54
-34,2,55
-34,2,54
-34,2,54
-34,2,54
-34,1,54
-34,1,54
-34,2,54
-33,2,54
-34,1,54
-34,2,54
-34,1,54
-34,1,54
-34,2,54
-34,2,54
-34,1,54
-34,2,55
-34,2,55
-34,2,54
-34,1,54
-34,1,54
-34,2,54
-34,2,54
-34,1,54
-34,2,54
-34,2,55
-34,1,54
-34,2,54
-34,2,54
-34,1,54
-34,2,54
-34,2,55
-34,2,54
-34,2,55
-34,2,54
-34,2,54
-34,2,54
-34,1,54
-34,2,54
-34,2,54
-34,2,54
-34,2,54
-34,2,54
-34,2,54
-34,1,54
-34,2,54
-34,1,54
-34,2,54
-34,2,54
-34,1,54
-34,1,54
-34,1,54
-34,1,54
-34,1,54
-34,1,54
-34,2,54
-34,2,54
-34,2,54
-34,1,54
-34,2,55
-34,1,54
-34,2,54
-34,2,55
-34,2,54
-34,2,54
-34,2,54
-34,2,54
-34,2,55
-34,2,54
-34,2,54
-34,2,54
-34,2,55
-34,2,54
-34,1,54
-34,2,54
-34,2,54
-34,1,54
-34,1,55
-34,2,54
-34,1,54
-34,1,54
-34,2,54
-34,1,54
-34,2,54
-33,2,55
-34,2,54
-34,2,54
-34,2,54
-34,2,54
-34,2,54
-34,1,54
-34,1,55
-34,1,54
-34,2,54
-34,1,54
-34,1,54
-34,1,54
-34,2,54
-34,2,54
-34,1,54
-34,2,54
-34,2,54
-34,1,54
-34,1,54
-34,2,54
-34,2,54
-34,2,54
-34,2,54
-34,2,54
-34,2,54
-34,1,54
-34,1,55
-34,2,55
-34,2,54
-34,1,54
-34,2,54
-34,2,54
-34,2,55
-34,2,54
-34,2,54
-34,2,55
-34,2,54
-34,2,54
-34,2,54
-34,1,54
-34,1,54
-34,2,54
-34,1,54
-34,2,54
-34,2,54
-34,2,54
-34,1,54
-34,2,54
-34,2,55
-34,1,54
-34,1,54
-34,1,55
-34,1,54
-34,1,55
-34,2,54
-34,1,54
-34,1,55
-34,1,54
-34,2,54
-34,2,54
-34,1,55
-34,1,55
-34,2,54
-34,2,54
-34,1,55
-34,2,54
-34,2,54
-34,2,54
-34,1,54
-34,1,54
-34,2,54
-34,2,54
-34,1,54
-34,2,54
-34,1,54
-34,2,54
-34,1,55
-34,1,54
-34,1,54
-34,2,55
-34,2,54
-34,1,54
-34,2,54
-34,2,54
-34,2,54
-34,1,55
-34,1,55
-34,1,54
-34,2,54
-33,1,55
-34,1,54
-34,2,54
-34,2,55
-34,2,54
-34,2,54
-33,1,55
-34,2,54
-34,1,54
-34,2,54
-34,2,54
-34,1,54
-34,2,54
-34,1,54
-34,1,54
-34,2,54
-34,1,54
-34,2,55
-34,2,54
-34,2,54
-34,2,54
-34,2,54
-34,2,55
-34,2,54
-34,1,54
-34,1,54
-34,2,54
-34,1,54
-34,1,54
-34,2,55
-34,1,54
-34,2,54
-34,2,54
-34,2,55
-34,2,54
-34,2,54
-34,1,55
-34,2,55
-34,2,54
-34,2,55
-34,2,54
-34,2,54
-34,2,54
-34,1,55
-34,2,54
-34,1,54
-34,1,54
-34,1,54
-34,2,54
-34,2,54
-34,2,55
-34,2,54
-34,2,54
-34,2,55
-34,2,54
-34,2,54
-34,1,54
-34,2,54
-34,2,54
-34,2,54
-34,1,54
-34,2,55
-34,2,54
-34,1,54
-34,1,54
-34,1,55
-34,1,54
-34,2,54
-34,2,54
-34,1,54
-34,1,54
-34,2,55
-34,1,54
-34,1,55
-34,1,55
-34,2,54
-34,2,54
-34,2,54
-34,1,54
-34,1,54
-34,1,54
-34,1,54
-34,2,54
-34,2,54
-34,2,54
-34,1,54
-34,1,54
-34,2,54
-34,1,54
-34,2,54
-34,1,54
-34,2,54
-34,2,54
-34,2,54
-34,2,55
-34,2,54
-34,2,54
-34,1,54
-34,2,54
-34,1,54
-34,1,54
-34,2,55
-34,2,54
-34,1,54
-34,2,54
-34,1,54
-34,2,55
-34,1,54
-34,2,54
-34,2,54
-34,2,54
-34,1,54
-34,2,54
-34,1,54
-34,1,55
-34,2,55
-34,2,54
-34,2,54
-34,2,54
-34,1,54
-34,2,54
-34,1,55
-34,2,54
-34,1,55
-34,1,54
-33,2,54
-34,2,54
-34,2,54
-34,2,54
-34,2,55
-34,2,54
-34,1,54
-34,2,54
-34,2,54
-34,2,54
-34,2,54
-34,1,54
-34,2,55
-34,1,54
-34,2,54
-34,1,55
-34,2,54
-34,2,54
-34,2,54
-34,1,54
-34,2,54
-34,2,54
-34,2,55
-34,1,54
-34,2,54
-34,2,54
-34,2,55
-34,2,55
-34,2,54
-34,1,54
-34,2,54
-34,1,55
-34,2,54
-34,2,54
-34,1,54
-34,2,55
-34,2,54
-34,2,54
-34,2,54
-34,1,54
-34,2,55
-34,2,54
-34,2,54
-34,2,54
-34,2,54
-34,2,54
-34,1,54
-34,2,55
-34,2,54
-34,1,55
-34,2,54
-34,2,54
-34,2,54
-34,2,54
-34,2,54
-34,2,54
-34,2,54
-34,2,54
-34,2,54
-34,2,55
-34,1,54
-34,2,54
-34,1,54
-34,1,55
-34,2,54
-34,1,54
-34,1,54
-34,2,54
-34,2,54
-34,1,54
-34,2,54
-34,2,54
-34,2,55
-34,2,54
-34,2,54
-34,2,54
-34,2,54
-34,2,54
-34,2,55
-34,1,54
-34,2,54
-34,2,54
-34,2,55
-34,1,54
-34,2,54
-34,1,55
-34,2,54
-34,2,54
-34,2,54
-34,1,54
-34,2,54
-34,1,55
-34,1,54
-34,2,54
-34,2,55
-34,2,54
-34,1,54
-34,1,55
-34,2,54
-34,2,55
-34,2,54
-34,2,54
-34,2,54
-34,2,54
-34,1,54
-34,1,54
-34,1,54
-34,2,55
-34,2,54
-34,1,54
-33,2,55
-34,2,54
-34,2,54
-34,2,54
-34,2,54
-34,2,54
-34,1,54
-34,1,54
-34,2,54
-34,1,54
-34,2,54
-34,2,54
-34,2,54
-34,2,54
-34,1,54
-34,2,55
-34,1,54
-34,1,54
-34,2,55
-34,2,54
-34,1,54
-34,1,54
-34,1,54
-34,1,54
-34,2,54
-34,2,54
-34,2,54
-34,2,55
-34,2,54
-34,2,54
-34,2,54
-34,2,54
-34,1,54
-34,1,54
-34,2,54
-34,2,54
-34,2,54
-34,1,54
-34,1,54
-34,1,54
-34,1,54
-34,2,54
-34,1,54
-34,2,54
-34,2,54
-34,2,54
-34,1,54
-34,2,54
-34,1,55
-34,1,55
-34,2,54
-34,2,54
-34,2,54
-34,1,55
-34,1,55
-34,1,54
-34,2,54
-34,1,55
-34,1,55
-34,2,54
-34,2,54
-33,2,55
-34,2,54
-34,2,54
-34,2,54
-34,2,54
-34,1,54
-34,2,54
-34,2,54
-34,1,54
-34,1,54
-34,2,54
-34,2,55
-34,2,55
-34,2,54
-34,1,54
-34,2,54
-34,2,54
-34,2,54
-34,2,54
-34,2,54
-34,2,54
-34,2,54
-34,2,54
-34,2,54
-34,2,54
-34,2,54
-34,1,54
-34,2,54
-34,2,54
-34,2,54
-34,2,54
-34,2,55
-34,2,54
-34,2,54
-34,2,54
-34,2,55
-34,1,54
-34,1,54
-34,2,54
-34,1,54
-34,2,55
-34,2,54
-34,2,54
-34,2,54
-34,1,54
-34,2,55
-34,2,54
-34,2,54
-34,2,55
-34,2,54
-34,2,55
-34,2,54
-34,2,54
-33,1,55
-34,1,55
-34,2,54
-34,2,54
-34,1,54
-34,2,54
-34,1,54
-34,2,55
-34,2,55
-34,1,54
-34,2,54
-34,1,54
-34,2,54
-34,2,54
-34,2,54
-34,1,54
-34,2,54
-34,2,54
-34,1,54
-34,1,54
-35,2,54
-34,2,55
-34,2,55
-34,2,55
-34,2,55
-34,2,54
-35,2,54
-34,2,55
-34,1,54
-33,2,54
-34,2,55
-40,2,51
-32,2,56
-28,2,57
-37,0,55
-29,3,57
-29,1,56
-33,2,56
-28,2,57
-29,2,58
-30,2,56
-29,2,58
-30,2,57
-29,1,56
-31,3,57
-34,1,55
-34,1,54
-30,1,55
-32,2,56
-34,1,54
-32,1,54
-30,1,55
-31,2,57
-33,2,54
-31,2,56
-32,1,57
-32,1,56
-33,1,55
-33,2,55
-32,2,56
-32,1,56
-33,1,55
-33,1,55
-32,1,55
-32,2,56
-32,2,55
-32,1,55
-32,1,56
-32,1,56
-32,2,55
-32,1,55
-32,1,55
-32,1,55
-32,2,55
-32,2,55
-32,1,55
-32,1,56
-32,1,55
-32,2,55
-32,1,56
-32,1,55
-32,2,55
-31,2,56
-32,1,56
-33,1,55
-32,1,55
-32,1,56
-32,1,55
-32,2,55
-32,1,55
-32,1,56
-32,1,55
-32,2,56
-32,2,55
-32,2,55
-32,1,55
-32,2,55
-32,2,55
-32,2,55
-32,1,55
-32,1,55
-32,1,55
-32,2,55
-32,1,55
-32,1,55
-32,1,56
-32,1,55
-32,2,55
-32,1,55
-32,1,55
-32,1,55
-32,1,55
-32,2,56
-32,1,55
-32,1,55
-32,2,56
-32,2,55
-32,1,55
-32,1,55
-32,1,55
-32,1,55
-32,1,55
-32,1,55
-32,1,55
-31,2,56
-32,1,56
-32,1,55
-32,1,55
-32,1,55
-32,1,55
-32,1,55
-32,2,55
-32,2,56
-32,1,55
-32,1,55
-32,1,56
-32,2,55
-32,1,55
-32,1,55
-32,1,55
-32,1,55
-32,1,56
-32,1,55
-32,1,55
-32,1,55
-32,2,55
-32,1,55
-32,1,55
-32,1,55
-32,1,55
-32,1,55
-32,1,55
-32,1,55
-32,2,55
-32,2,55
-32,1,55
-32,1,55
-33,1,55
-32,1,55
-32,1,55
-32,1,55
-32,1,55
-32,1,55
-32,1,55
-32,1,55
-32,2,56
-32,1,55
-32,1,55
-32,1,55
-32,1,55
-32,2,55
-32,1,55
-32,1,56
-32,1,56
-32,2,55
-32,1,55
-32,1,55
-32,1,55
-32,1,56
-32,1,55
-32,2,55
-32,2,55
-32,1,56
-32,1,55
-32,1,55
-32,2,56
-31,2,56
-32,2,55
-32,1,56
-32,2,56
-32,1,56
-32,2,55
-32,1,55
-32,1,56
-32,1,55
-32,2,55
-32,1,56
-31,1,56
-33,1,55
-32,2,56
-31,1,56
-33,1,55
-33,1,55
-31,2,56
-32,2,56
-33,1,55
-32,1,55
-32,1,56
-32,1,56
-32,1,55
-32,1,55
-32,2,55
-32,1,55
-32,1,55
-32,1,56
-32,1,56
-32,1,55
-32,1,56
-32,2,56
-32,2,55
-32,1,56
-32,1,55
-32,1,56
-32,2,56
-32,1,55
-32,2,55
-32,1,55
-32,2,55
-32,1,56
-32,1,56
-32,1,55
-32,1,55
-32,1,55
-32,2,56
-33,1,55
-32,1,55
-32,1,56
-32,1,55
-32,1,55
-32,1,56
-32,1,55
-32,1,55
-32,1,55
-32,1,56
-32,2,55
-32,1,55
-32,1,56
-32,1,55
-32,2,55
-32,1,56
-32,2,55
-32,1,55
-32,1,56
-32,1,56
-32,1,55
-32,1,55
-32,2,56
-32,1,55
-32,1,55
-32,2,56
-32,2,55
-32,1,55
-32,1,55
-32,1,55
-32,2,56
-32,1,55
-32,1,56
-32,1,56
-32,1,55
-32,1,56
-32,1,55
-32,1,55
-32,2,56
-32,1,55
-32,1,55
-32,1,56
-32,1,55
-32,1,55
-32,1,55
-32,1,56
-32,1,55
-32,1,55
-32,2,55
-32,1,55
-32,1,55
-32,1,56
-32,2,55
-32,1,55
-32,1,56
-32,1,55
-32,2,55
-32,1,56
-32,1,55
-32,2,55
-31,1,56
-32,1,56
-32,2,55
-32,1,56
-32,1,56
-32,1,55
-32,1,55
-32,1,55
-32,1,55
-33,1,55
-32,1,56
-32,1,56
-32,1,56
-31,1,56
-31,2,56
-31,1,56
-32,2,56
-32,2,56
-32,1,55
-33,2,55
-32,2,55
-31,1,56
-32,2,55
-32,1,55
-32,1,56
-31,2,55
-31,1,56
-31,2,56
-31,1,56
-32,1,56
-32,1,55
-32,2,55
-32,1,56
-32,1,55
-32,2,55
-32,2,55
-32,1,55
-32,1,55
-32,2,56
-32,2,56
-32,1,56
-32,2,56
-32,1,56
-32,1,55
-32,1,55
-32,2,55
-32,1,55
-32,2,55
-32,2,55
-32,1,55
-32,1,55
-32,2,55
-32,2,55
-33,1,55
-32,1,55
-32,1,55
-32,1,55
-31,1,56
-32,2,55
-32,2,56
-32,2,55
-33,1,55
-32,1,55
-31,1,56
-32,2,56
-32,2,55
-32,2,55
-32,2,56
-32,1,56
-32,1,56
-33,2,55
-32,2,56
-30,1,59
-30,2,57
-33,1,56
-33,4,57
-44,-1,48
-44,1,50
-42,-1,54
-46,1,54
-48,0,54
-50,-1,54
-47,-4,56
-49,-6,56
-45,-8,56
-44,-11,54
-39,-13,54
-33,-14,59
-28,-17,54
-49,-20,39
-33,-29,39
-29,-32,36
-22,-39,33
-14,-44,34
-11,-43,34
-8,-45,32
-2,-43,32
10,-40,38
2,-43,38
-17,-49,40
-23,-52,39
-4,-53,38
1,-53,32
9,-49,34
21,-50,36
30,-48,39
24,-47,33
17,-50,17
22,-54,16
12,-51,32
16,-53,35
28,-58,20
30,-57,14
23,-55,25
15,-53,29
4,-52,24
8,-52,33
7,-55,33
5,-57,24
10,-55,26
11,-51,34
17,-48,41
32,-46,50
32,-47,48
20,-50,38
14,-52,31
11,-54,28
11,-55,27
13,-56,23
10,-56,22
12,-55,24
15,-55,26
21,-53,29
20,-54,27
10,-55,28
8,-55,29
12,-54,32
13,-54,32
14,-54,30
17,-54,29
18,-54,29
17,-54,30
17,-53,30
16,-53,30
16,-53,30
13,-54,30
14,-54,31
20,-54,30
19,-54,28
16,-54,25
16,-54,25
16,-54,26
16,-54,27
17,-53,30
18,-54,31
18,-53,30
17,-53,29
18,-54,27
17,-54,27
16,-54,28
16,-53,30
16,-53,30
17,-53,30
18,-53,29
19,-54,29
19,-54,29
19,-54,28
18,-53,28
17,-53,28
18,-53,29
18,-54,29
17,-54,28
16,-54,28
15,-54,28
14,-53,29
15,-54,30
16,-54,30
17,-54,30
17,-54,29
18,-54,28
18,-54,28
18,-54,28
18,-54,28
17,-54,28
16,-54,29
15,-54,30
15,-54,30
16,-53,30
17,-53,30
16,-54,29
17,-54,29
17,-54,29
16,-54,29
17,-54,29
17,-54,29
18,-54,29
17,-54,29
17,-54,28
17,-54,28
16,-54,29
16,-54,29
16,-54,29
16,-54,30
16,-54,30
16,-54,28
16,-54,28
16,-54,27
17,-54,28
17,-54,29
16,-54,30
16,-54,30
16,-54,29
16,-54,29
17,-54,28
17,-54,28
16,-54,29
16,-54,29
16,-54,29
16,-54,29
17,-54,29
17,-54,29
16,-54,29
16,-54,29
16,-54,29
16,-54,29
16,-54,29
17,-54,29
17,-54,29
16,-54,29
16,-54,29
16,-54,29
16,-54,29
17,-54,29
16,-54,29
16,-54,29
16,-54,29
16,-54,29
17,-54,29
17,-54,29
17,-54,29
16,-54,29
16,-54,29
16,-54,29
17,-54,29
17,-54,29
16,-54,29
16,-54,29
16,-54,29
16,-54,29
17,-54,29
17,-54,29
16,-55,28
16,-54,29
16,-54,29
16,-54,29
16,-54,29
16,-54,29
16,-54,29
16,-54,29
16,-54,29
16,-54,29
17,-54,29
17,-54,28
16,-54,28
16,-54,28
16,-54,29
16,-54,29
16,-54,29
16,-54,28
16,-54,29
16,-54,29
16,-54,30
16,-53,29
16,-54,29
17,-54,29
16,-54,28
15,-54,28
16,-54,29
16,-53,29
16,-54,29
17,-54,29
16,-54,28
15,-54,28
16,-54,29
17,-54,29
17,-54,29
17,-54,29
15,-54,29
15,-54,29
16,-53,30
17,-54,30
17,-54,29
16,-54,29
16,-54,29
15,-54,29
17,-54,29
17,-54,29
16,-54,29
16,-54,29
16,-54,29
16,-54,29
16,-54,29
16,-54,29
16,-54,28
16,-54,28
16,-54,29
16,-54,29
17,-54,29
16,-54,29
16,-54,29
16,-54,29
16,-54,29
16,-54,29
17,-54,29
16,-54,28
16,-54,29
16,-54,29
16,-54,29
16,-54,29
17,-54,29
16,-54,29
16,-54,29
16,-54,29
16,-54,29
17,-54,29
17,-54,29
17,-54,29
16,-54,29
16,-54,29
16,-54,29
17,-54,29
16,-54,29
16,-54,29
16,-54,29
16,-54,29
17,-54,29
17,-54,28
16,-54,29
16,-54,29
16,-54,29
16,-54,29
17,-54,29
16,-54,29
16,-54,29
16,-54,29
16,-54,29
16,-53,29
17,-54,29
17,-54,29
16,-54,28
16,-54,29
16,-54,29
16,-54,29
16,-54,29
16,-54,29
15,-54,29
16,-54,29
17,-54,29
17,-54,29
16,-54,29
16,-54,29
16,-54,29
16,-54,29
16,-54,29
16,-54,29
16,-54,29
16,-54,29
16,-54,29
16,-54,29
17,-53,29
17,-54,29
17,-54,29
16,-54,29
16,-54,29
16,-54,30
16,-54,29
16,-54,29
17,-54,29
16,-54,29
16,-54,29
16,-54,29
17,-53,29
17,-54,29
16,-54,29
16,-54,29
16,-54,29
16,-53,29
17,-54,29
16,-54,29
16,-54,29
16,-54,29
16,-54,29
16,-54,29
16,-54,29
16,-54,29
16,-54,29
16,-54,29
16,-54,29
16,-53,29
17,-54,29
16,-54,29
16,-54,29
16,-54,29
16,-53,29
17,-54,29
17,-54,29
16,-54,29
16,-54,29
15,-54,29
16,-54,29
17,-54,29
17,-54,29
16,-54,29
16,-54,29
16,-54,29
16,-54,29
17,-54,29
17,-54,29
16,-54,29
16,-54,29
16,-54,29
16,-54,29
16,-54,29
16,-54,29
16,-54,29
16,-54,29
16,-54,29
16,-54,29
17,-54,29
16,-54,29
16,-54,29
16,-54,29
16,-54,29
16,-54,29
16,-54,29
16,-54,29
16,-54,29
16,-54,29
17,-54,29
16,-54,29
16,-54,29
16,-54,29
16,-54,29
17,-54,29
17,-54,29
16,-54,29
16,-54,29
16,-54,29
16,-53,29
16,-54,29
16,-54,29
16,-54,29
16,-54,29
16,-54,29
17,-54,29
17,-54,29
16,-54,29
16,-54,29
16,-54,29
16,-54,29
16,-54,29
16,-54,29
16,-54,29
16,-54,29
16,-54,29
16,-54,29
17,-54,29
16,-54,29
16,-54,29
15,-54,29
16,-53,29
17,-54,29
16,-54,29
16,-54,29
15,-54,29
16,-54,29
16,-54,29
16,-54,29
16,-54,29
16,-54,29
16,-54,29
16,-54,29
16,-54,29
16,-54,29
16,-54,29
16,-54,29
16,-54,29
16,-54,29
16,-54,29
16,-54,29
16,-54,29
16,-54,29
16,-54,29
16,-54,29
16,-54,29
16,-54,29
16,-54,29
16,-54,29
16,-54,29
16,-54,29
16,-54,29
16,-54,29
16,-54,29
16,-54,29
16,-54,29
16,-54,29
16,-54,29
16,-54,29
16,-54,29
16,-53,29
16,-54,29
16,-54,29
16,-54,29
16,-54,29
16,-53,29
16,-54,29
17,-54,29
16,-54,29
15,-54,29
16,-54,29
16,-54,29
16,-54,29
16,-54,29
16,-54,29
16,-54,29
16,-54,29
16,-54,30
16,-54,29
16,-54,29
16,-54,29
16,-54,29
16,-54,29
16,-54,29
16,-54,29
16,-54,29
16,-54,29
16,-54,29
16,-53,29
16,-53,29
16,-55,29
17,-54,29
16,-54,29
16,-53,29
16,-53,29
16,-53,30
16,-54,29
15,-54,29
15,-54,29
14,-54,29
15,-54,29
17,-53,29
17,-54,29
16,-54,28
16,-54,29
15,-54,29
16,-54,30
16,-54,29
16,-54,29
16,-54,29
16,-54,29
15,-54,29
15,-54,29
16,-54,29
17,-54,29
15,-54,29
15,-54,29
16,-54,29
16,-54,30
16,-54,29
16,-54,29
16,-54,29
16,-54,29
15,-54,29
16,-53,29
17,-54,29
16,-54,29
15,-54,29
15,-54,29
15,-54,30
16,-54,29
16,-54,29
16,-54,29
16,-54,29
16,-54,29
16,-54,29
16,-54,29
16,-54,29
17,-54,29
16,-54,29
15,-54,29
16,-54,29
16,-53,29
16,-54,29
16,-54,29
16,-54,29
15,-54,29
16,-54,29
16,-54,29
16,-54,29
16,-54,28
16,-54,29
16,-54,29
15,-54,30
16,-54,30
16,-54,29
16,-54,29
15,-54,29
15,-54,29
16,-54,29
16,-54,29
16,-54,29
16,-54,29
16,-54,29
16,-54,29
16,-54,29
16,-54,29
16,-54,29
16,-54,29
15,-54,29
15,-54,29
15,-54,30
16,-54,30
16,-54,30
16,-54,29
15,-54,29
16,-54,29
16,-54,29
16,-54,29
16,-54,29
15,-54,29
15,-54,29
15,-54,29
16,-54,29
15,-54,29
15,-54,29
16,-54,29
15,-54,30
15,-54,29
16,-54,29
16,-54,29
15,-54,29
15,-54,29
15,-54,29
15,-54,29
16,-54,29
15,-54,29
15,-54,29
15,-54,29
15,-54,30
15,-54,30
16,-54,29
16,-54,29
15,-54,29
15,-54,29
16,-54,29
16,-54,29
16,-54,29
16,-54,29
16,-54,29
15,-54,29
15,-54,29
16,-54,29
16,-54,30
16,-54,29
16,-54,29
16,-54,29
15,-54,29
15,-54,29
16,-54,29
16,-54,29
16,-54,29
15,-54,29
15,-54,29
15,-54,29
16,-54,30
16,-54,29
16,-54,29
15,-54,29
15,-54,29
15,-54,29
16,-54,29
16,-54,29
16,-54,29
15,-54,29
15,-54,29
15,-54,29
16,-54,29
16,-54,29
15,-54,29
16,-54,29
16,-54,30
16,-54,30
16,-54,29
16,-54,29
16,-54,29
16,-54,29
15,-54,29
15,-54,29
15,-54,30
16,-54,30
16,-54,30
16,-54,29
15,-54,29
16,-54,29
16,-54,29
15,-54,29
15,-54,29
16,-54,30
16,-54,30
15,-54,29
16,-54,29
15,-54,29
15,-54,29
16,-54,29
16,-54,29
15,-54,29
16,-54,29
15,-54,29
16,-54,29
16,-54,29
16,-54,29
15,-54,29
15,-54,29
15,-54,29
16,-54,30
16,-54,29
16,-54,29
15,-55,29
15,-54,29
15,-54,29
16,-54,30
16,-54,29
16,-54,29
16,-54,29
15,-54,29
15,-54,29
16,-54,29
16,-54,29
16,-54,29
16,-54,29
15,-54,29
15,-54,29
15,-54,30
15,-54,30
15,-54,29
16,-54,29
15,-54,29
15,-54,29
16,-54,29
16,-54,29
16,-54,29
16,-54,29
15,-54,29
15,-54,29
15,-54,29
16,-54,29
16,-54,29
15,-54,29
15,-54,29
15,-54,29
15,-54,29
16,-54,29
16,-54,29
15,-54,29
15,-54,29
16,-54,30
16,-54,30
16,-54,29
16,-54,29
15,-54,29
15,-54,29
15,-54,29
15,-54,29
16,-54,29
16,-54,29
16,-54,29
15,-54,29
15,-54,29
16,-54,29
16,-54,29
16,-54,29
16,-54,29
15,-54,29
15,-54,29
16,-54,29
15,-54,29
16,-54,29
16,-54,29
15,-54,29
15,-54,29
15,-54,29
16,-54,29
16,-54,29
16,-54,30
15,-54,29
15,-54,29
15,-54,29
15,-54,29
16,-54,29
16,-54,29
15,-54,29
15,-54,29
15,-54,29
15,-54,29
16,-54,29
16,-54,29
16,-54,29
15,-54,29
15,-54,29
16,-54,29
16,-54,29
16,-54,29
16,-54,29
15,-55,29
15,-54,29
15,-54,29
16,-54,29
16,-54,29
16,-54,29
15,-54,29
15,-54,29
15,-54,29
16,-54,29
16,-54,29
15,-54,29
15,-54,29
15,-54,30
16,-54,30
16,-54,29
16,-54,29
15,-54,29
15,-54,29
15,-54,29
16,-54,29
16,-54,29
16,-54,29
15,-54,29
14,-54,30
15,-54,29
16,-54,29
16,-54,30
16,-54,29
16,-54,29
15,-54,29
15,-54,29
15,-54,29
16,-54,29
16,-54,29
16,-54,29
15,-54,29
15,-54,29
16,-54,30
16,-54,29
16,-54,29
16,-54,29
15,-54,29
15,-54,29
16,-54,30
16,-54,29
16,-54,29
15,-54,29
15,-54,29
15,-54,29
16,-54,30
16,-54,29
16,-54,29
16,-54,29
15,-55,29
15,-54,29
16,-54,29
15,-54,30
15,-54,29
15,-54,29
15,-54,29
15,-54,30
16,-54,29
15,-54,29
15,-54,30
16,-54,29
16,-54,29
15,-54,29
15,-54,29
16,-54,30
16,-54,29
16,-54,29
15,-54,29
15,-54,29
15,-54,30
16,-54,30
16,-54,30
16,-54,29
16,-54,29
15,-54,29
15,-54,30
15,-54,30
16,-54,29
16,-54,29
15,-54,29
15,-54,29
15,-54,29
16,-54,30
16,-54,29
16,-54,29
15,-54,29
15,-54,29
15,-54,29
15,-54,30
16,-54,29
16,-54,29
16,-54,29
15,-54,29
15,-54,29
15,-54,29
16,-54,30
16,-54,29
16,-54,29
15,-54,29
15,-54,30
15,-54,29
15,-54,29
15,-54,29
15,-54,29
15,-55,29
15,-54,29
16,-54,29
16,-54,30
16,-54,29
15,-54,29
15,-54,29
15,-54,29
16,-54,30
16,-54,29
16,-54,29
15,-54,29
15,-54,30
15,-54,30
14,-54,30
14,-54,30
18,-54,31
16,-55,27
15,-55,28
14,-55,28
14,-55,28
14,-54,30
15,-55,31
14,-55,28
14,-55,29
13,-55,30
12,-55,28
11,-55,28
10,-56,28
9,-56,28
8,-56,28
7,-56,28
8,-56,28
9,-56,28
10,-56,28
12,-56,28
13,-56,27
13,-56,27
12,-56,27
11,-56,26
13,-56,27
14,-56,28
13,-56,27
12,-56,27
11,-56,27
11,-56,27
11,-56,27
11,-56,27
12,-56,27
12,-56,27
12,-56,28
12,-56,27
12,-56,27
12,-56,27
12,-56,27
12,-56,27
12,-56,28
12,-56,28
12,-56,27
12,-56,27
12,-56,27
11,-56,27
12,-56,28
12,-56,27
13,-56,28
12,-56,27
12,-56,27
12,-56,27
12,-56,28
12,-56,27
12,-56,28
12,-56,27
12,-56,27
11,-56,28
11,-56,28
12,-56,28
12,-56,27
12,-56,27
12,-56,27
11,-56,27
11,-56,27
12,-56,28
12,-56,27
12,-56,27
12,-56,27
11,-56,27
11,-56,28
12,-56,28
11,-56,25
10,-56,24
11,-56,26
11,-56,26
12,-56,27
12,-55,28
13,-55,28
13,-55,28
13,-55,29
13,-55,29
13,-54,31
13,-54,30
15,-54,32
15,-54,31
16,-54,29
19,-53,27
16,-54,32
18,-54,33
16,-53,28
18,-53,28
20,-52,29
18,-53,29
16,-51,29
13,-50,29
9,-47,34
1,-44,38
-1,-43,40
-6,-41,42
-10,-39,42
-9,-40,45
-8,-40,47
-13,-37,52
-15,-35,52
-19,-32,47
-15,-30,51
-26,-27,53
-28,-27,56
-18,-27,59
-16,-27,56
3,-24,59
19,-24,62
9,-19,61
6,-20,66
6,-17,68
5,-16,67
9,-15,68
8,-14,65
0,-13,65
-11,-12,53
-2,-13,52
4,-8,67
-4,-4,67
0,-16,67
4,-6,61
4,-11,60
4,-7,59
3,-12,65
9,-7,77
9,-10,64
11,-6,65
6,-3,60
1,1,63
-5,-4,65
2,-4,64
3,-5,77
8,-1,66
3,-6,62
6,-5,65
6,-5,68
5,-7,67
-5,-9,74
3,-4,52
9,-22,20
6,-12,59
1,-11,68
-2,-11,66
-2,-11,61
4,-11,63
7,-10,65
5,-11,56
2,-11,52
-3,-9,55
-4,-6,61
-6,-4,57
-1,-5,64
-16,-6,69
-16,-7,70
-8,-3,76
-9,1,65
-13,-2,56
-18,-3,55
-20,5,68
-21,6,64
-23,4,62
-26,3,61
-13,4,64
-29,3,58
-23,5,61
-18,4,63
-19,1,61
-22,1,59
-25,0,58
-30,3,57
-31,3,57
-27,2,58
-26,3,59
-25,3,59
-27,3,58
-27,2,58
-25,3,59
-23,2,59
-24,3,60
-26,1,59
-26,2,59
-26,2,58
-27,2,58
-27,2,59
-26,2,58
-27,2,58
-27,3,58
-27,3,58
-26,3,58
-26,3,58
-27,2,58
-27,3,58
-27,2,58
-26,2,58
-26,3,58
-26,3,58
-27,3,59
-26,2,58
-27,2,58
-27,3,58
-27,3,58
-27,2,58
-27,3,58
-27,2,58
-26,2,58
-26,3,58
-27,2,58
-27,2,58
-27,2,58
-27,3,58
-27,2,58
-27,3,59
-27,3,58
-27,2,58
-27,2,58
-28,2,58
-28,2,58
-26,3,58
-26,2,58
-27,3,58
-27,2,58
-27,2,58
-28,2,58
-27,2,58
-26,3,58
-27,2,58
-28,2,58
-28,2,58
-27,2,58
-27,3,58
-26,3,58
-26,2,58
-27,2,58
-27,2,58
-27,2,58
-27,2,58
-26,3,58
-26,3,59
-28,2,58
-28,2,58
-27,2,58
-27,3,58
-27,2,58
-27,3,58
-28,2,58
-27,2,58
-28,2,58
-27,2,58
-26,3,59
-26,3,58
-27,2,58
-27,2,58
-27,3,58
-27,2,58
-27,2,58
-27,3,58
-27,3,58
-27,2,58
-27,2,58
-27,2,58
-27,2,58
-26,3,58
-27,2,58
-27,2,58
-27,2,58
-28,2,58
-26,4,58
-27,2,57
-27,3,58
-27,2,58
-27,2,59
-27,2,58
-28,3,58
-27,3,58
-26,2,59
-27,2,58
-28,3,58
-27,2,58
-26,2,59
-27,3,58
-26,3,58
-27,3,59
-28,2,58
-27,2,58
-26,2,59
-26,3,58
-27,3,58
-27,2,58
-27,2,58
-27,2,58
-27,3,58
-27,3,58
-26,3,59
-27,2,58
-27,2,58
-27,2,58
-27,2,58
-27,3,58
-27,3,58
-27,3,58
-27,2,58
-27,2,58
-27,3,58
-28,2,58
-27,2,58
-27,2,58
-27,2,58
-27,2,58
-27,2,58
-27,2,58
-28,2,58
-27,2,58
-27,3,58
-27,2,58
-27,2,58
-27,2,58
-27,2,58
-27,3,58
-27,2,58
-27,2,58
-27,2,58
-27,2,58
-27,2,58
-27,2,58
-27,3,58
-27,2,58
-27,3,58
-27,2,58
-27,2,58
-27,2,58
-27,3,58
-27,3,58
-27,2,58
-27,3,58
-27,2,58
-27,3,58
-28,2,58
-28,2,58
-27,2,58
-27,3,58
-27,3,58
-27,2,58
-27,3,58
-27,2,58
-27,2,58
-27,3,58
-27,2,58
-27,3,58
-27,2,58
-27,2,58
-27,3,58
-27,2,58
-27,2,58
-27,3,58
-27,3,58
-27,3,58
-27,3,58
-27,3,58
-27,2,58
-27,2,58
-27,3,58
-27,3,58
-28,3,58
-27,2,58
-27,2,58
-27,3,58
-27,3,58
-27,2,58
-27,2,58
-27,2,58
-27,2,58
-27,3,58
-27,2,58
-27,2,58
-27,2,58
-27,2,58
-28,3,58
-28,2,58
-27,2,58
-27,3,58
-27,2,58
-27,2,58
-28,2,58
-27,3,58
-27,3,58
-27,2,58
-27,3,58
-28,2,58
-27,3,58
-27,2,58
-27,3,58
-27,3,58
-27,2,58
-27,2,58
-27,2,58
-27,3,58
-27,3,58
-27,2,58
-27,3,58
-28,2,58
-28,2,58
-27,3,58
-27,3,58
-27,3,58
-27,3,58
-27,2,58
-28,2,58
-27,3,58
-27,2,58
-27,3,58
-27,3,58
-28,2,58
-28,3,58
-28,3,58
-27,3,58
-27,3,58
-27,3,58
-28,2,58
-27,2,57
-27,4,60
-27,3,58
-28,4,59
-7,4,68
-21,7,65
-33,4,57
-29,4,61
-22,2,58
-24,4,54
-33,1,56
-34,3,59
-33,4,48
-36,-1,44
-49,1,50
-47,-1,51
-43,0,42
-41,-3,51
-39,-3,58
-38,-3,54
-23,-7,54
-18,-4,59
-13,-3,64
-4,-2,65
-5,-2,64
-9,-2,61
-9,-2,61
-2,1,68
6,2,71
13,9,73
8,9,77
5,7,73
7,7,68
-5,-4,58
-11,-4,45
-16,-15,36
-17,-20,42
-26,-22,53
-39,-24,52
-41,-20,55
-35,-16,55
-30,-12,61
-26,-9,67
-19,-7,67
-17,-10,61
-25,-5,62
-22,-3,66
-21,2,66
-25,3,62
-24,5,63
-7,1,63
0,-1,57
-3,-2,46
-6,-2,46
-1,-1,51
-9,0,53
-13,5,80
0,-2,80
-17,-9,70
-37,1,76
-39,-3,49
-47,1,50
-25,-1,59
-22,1,60
-32,2,56
-37,2,53
-36,0,53
-33,0,54
-34,1,55
-36,1,53
-37,1,53
-35,0,53
-35,0,54
-35,1,54
-36,1,54
-34,0,54
-34,0,54
-35,-1,54
-35,0,54
-35,0,53
-36,1,53
-36,0,53
-35,0,54
-36,0,53
-36,0,53
-36,0,53
-35,0,53
-36,0,53
-35,0,53
-37,1,53
-37,1,53
-35,0,53
-35,0,54
-36,0,52
-35,0,54
-35,0,53
-36,1,53
-37,1,53
-35,2,54
-34,0,54
-37,-2,52
-35,-1,52
-36,2,53
-37,2,53
-36,0,53
-37,1,53
-44,3,53
-45,1,52
-45,4,66
-27,-4,69
8,-1,64
3,-1,54
-3,-10,51
-2,-12,51
-13,-6,50
-13,-6,53
-43,-3,59
-61,4,68
-29,9,59
-18,-1,62
-16,2,64
-28,1,58
-30,1,57
-32,2,55
-31,2,56
-28,3,58
-28,2,58
-28,1,57
-29,1,57
-30,2,57
-30,1,56
-30,2,57
-29,2,57
-29,1,56
-30,1,56
-30,2,57
-29,2,58
-31,1,55
-31,1,56
-31,1,57
-30,2,57
-30,2,57
-31,2,56
-30,2,56
-31,1,56
-31,1,55
-32,1,55
-32,2,55
-30,2,57
-30,2,57
-31,2,56
-31,1,55
-32,1,55
-31,2,56
-32,2,56
-33,2,55
-32,1,55
-31,1,56
-33,2,55
-33,2,55
-33,2,55
-32,2,54
-33,2,54
-35,2,55
-32,-1,55
-31,2,56
-33,3,52
-35,2,55
-32,2,58
-31,1,56
-34,1,53
-34,2,55
-32,2,57
-33,1,55
-33,1,54
-33,2,55
-33,2,55
-32,1,55
-33,2,54
-34,2,54
-33,1,55
-32,1,56
-33,2,54
-34,2,54
-33,2,55
-33,1,56
-33,0,55
-33,2,54
-33,3,54
-32,1,56
-33,1,55
-34,1,54
-33,2,55
-32,2,55
-33,2,55
-33,2,55
-33,2,55
-33,1,54
-33,2,55
-33,2,55
-33,1,55
-34,2,55
-32,3,55
-33,3,55
-34,1,56
-31,1,56
-33,2,55
-33,2,55
-31,2,57
-30,1,56
-33,2,54
-33,2,55
-32,2,56
-32,2,55
-33,2,55
-32,2,55
-32,2,56
-33,2,55
-32,2,55
-33,2,55
-32,2,55
-32,2,55
-33,2,55
-33,2,55
-33,2,55
-32,2,55
-32,2,55
-32,2,55
-33,2,55
-33,2,55
-33,1,55
-33,2,55
-33,2,55
-32,1,55
-33,2,55
-32,2,55
-32,2,55
-32,2,55
-32,2,55
-33,2,55
-32,2,56
-32,2,55
-33,2,55
-33,2,55
-33,2,55
-33,2,55
-32,2,55
-33,2,55
-33,2,55
-32,2,56
-33,2,55
-33,2,55
-32,2,55
-32,2,55
-33,2,55
-33,2,55
-33,2,55
-33,2,55
-33,2,55
-32,2,55
-32,2,55
-32,2,55
-33,2,56
-32,3,56
-32,2,55
-33,1,54
-33,1,55
-33,2,55
-33,2,56
-32,2,56
-33,2,55
-39,3,54
-35,1,55
-26,2,60
-28,0,57
-28,-2,57
-25,-1,58
-18,-2,60
-15,-2,61
-25,0,60
-27,-2,59
-19,-2,60
-17,-2,61
-25,0,61
-21,-2,59
-20,-2,60
-17,-7,64
-19,-4,60
-23,-1,59
-26,1,61
-22,-2,59
-19,2,56
-16,3,60
-20,0,55
-19,3,66
-25,5,60
-23,0,60
-11,-2,65
-2,1,67
2,0,68
-25,1,60
-38,9,14
-38,7,55
-18,4,60
-4,1,67
-15,-2,68
2,-8,78
4,14,53
-40,39,39
-51,8,45
-31,-3,56
-16,2,63
-23,1,59
-29,1,57
-25,1,59
-24,2,60
-26,1,58
-27,0,58
-26,1,59
-27,2,59
-28,1,58
-26,1,58
-26,1,59
-27,1,58
-26,1,59
-26,1,59
-28,1,58
-25,1,59
-25,1,59
-27,1,58
-27,2,59
-27,1,58
-28,1,58
-28,1,58
-28,2,57
-29,2,58
-28,2,58
-29,2,58
-29,1,57
-29,0,56
-27,2,58
-26,2,58
-28,1,58
-27,0,58
-28,1,56
-29,4,59
-28,3,59
-27,1,58
-29,2,56
-30,3,57
-26,2,59
-26,1,58
-30,1,56
-31,2,56
-30,2,57
-31,2,56
-31,2,56
-29,1,57
-30,2,57
-31,1,56
-31,2,56
-31,2,56
-31,2,56
-30,1,56
-31,2,56
-32,2,56
-31,2,56
-30,2,56
-30,1,56
-32,2,56
-30,2,57
-32,2,56
-32,1,55
-31,2,56
-32,2,55
-32,1,56
-31,1,56
-32,1,55
-32,1,56
-31,2,56
-31,1,55
-32,1,55
-32,1,56
-32,1,55
-32,2,55
-32,2,55
-32,1,56
-32,1,55
-32,2,55
-33,1,56
-31,1,56
-32,2,55
-32,1,55
-32,1,55
-32,2,55
-32,2,56
-32,1,56
-33,1,54
-31,2,56
-31,2,56
-33,2,54
-32,2,57
-31,1,56
-32,1,56
-33,2,55
-33,2,56
-31,1,56
-33,1,55
-33,1,54
-32,2,56
-32,2,55
-33,2,55
-32,1,55
-33,1,55
-33,1,55
-32,2,55
-32,2,56
-32,1,55
-33,1,55
-32,1,55
-33,2,56
-32,1,56
-33,2,55
-32,2,55
-33,2,56
-31,1,55
-32,2,55
-33,2,55
-32,1,55
-32,2,56
-33,1,55
-33,2,55
-32,1,56
-33,1,55
-32,2,55
-33,2,55
-32,2,55
-32,1,55
-32,1,55
-32,2,56
-33,2,55
-32,2,55
-32,2,55
-33,2,55
-32,1,55
-32,2,56
-33,1,55
-33,2,55
-32,1,56
-33,2,55
-33,2,55
-33,1,56
-32,2,55
-32,2,56
-32,2,55
-33,2,55
-32,2,55
-33,1,55
-32,1,55
-32,2,56
-33,1,55
-33,2,55
-33,1,55
-32,2,56
-32,2,55
-32,1,55
-32,2,55
-33,2,55
-33,2,55
-33,1,56
-32,2,56
-32,1,55
-33,2,55
-32,2,56
-32,2,56
-33,2,55
-33,1,55
-32,1,55
-33,2,56
-32,2,55
-32,1,56
-33,1,55
-33,1,55
-32,1,55
-33,1,55
-33,1,55
-32,1,56
-33,1,55
-33,1,55
-32,1,55
-34,2,55
-34,1,54
-33,2,55
-33,1,55
-33,2,55
-33,1,54
-32,1,55
-33,1,55
-33,1,55
-33,1,55
-33,1,55
-34,2,54
-36,2,53
-33,1,55
-33,0,55
-34,2,54
-34,2,54
-33,2,55
-34,1,55
-33,1,54
-33,2,54
-34,1,54
-33,1,56
-34,1,55
-34,1,53
-34,2,55
-32,2,55
-34,1,55
-34,1,55
-33,2,54
-34,1,54
-33,1,55
-32,1,55
-33,2,55
-34,2,55
-33,2,55
-34,0,54
-34,2,54
-34,2,55
-34,3,55
-33,0,55
-33,0,55
-33,1,54
-35,2,54
-33,2,55
-33,2,56
-34,2,54
-34,1,54
-34,2,55
-33,1,54
-33,1,55
-33,1,54
-34,2,54
-34,1,54
-34,1,55
-33,1,55
-34,1,54
-34,1,55
-33,1,55
-34,2,55
-33,1,54
-34,1,55
-33,1,55
-33,2,54
-34,2,55
-33,2,55
-33,0,55
-34,1,55
-34,1,54
-34,3,55
-33,2,55
-33,1,55
-33,1,55
-34,2,54
-34,2,54
-33,1,55
-34,2,54
-34,1,54
-33,2,55
-33,1,55
-33,2,55
-33,1,55
-34,1,55
-34,2,55
-34,2,54
-33,1,54
-32,0,54
-34,2,56
-34,2,55
-34,1,55
-34,2,55
-34,2,54
-33,1,54
-33,2,55
-33,1,55
-34,2,54
-34,1,54
-34,2,54
-34,2,54
-33,1,55
-34,1,55
-33,2,55
-33,2,55
-34,1,54
-33,1,55
-33,2,55
-33,2,55
-33,1,55
-34,1,54
-33,1,54
-34,2,54
-33,2,55
-33,1,54
-32,1,55
-33,2,55
-34,2,54
-33,2,55
-33,1,54
-34,1,54
-34,2,55
-33,1,55
-33,1,55
-34,2,54
-34,2,54
-33,1,54
-34,2,55
-33,2,55
-34,1,54
-34,2,55
-33,1,55
-34,2,53
-34,2,55
-33,2,56
-34,1,54
-34,2,55
-33,2,54
-34,1,54
-33,1,54
-33,1,54
-34,2,55
-33,1,55
-34,1,54
-34,2,55
-34,2,55
-34,1,54
-34,1,55
-33,1,55
-34,2,54
-34,2,55
-34,1,55
-33,1,55
-34,3,55
-33,2,55
-33,0,55
-33,0,55
-35,2,53
-35,2,54
-31,1,56
-33,1,55
-34,2,54
-33,2,55
-33,2,55
-33,1,55
-34,1,54
-33,1,54
-33,2,55
-34,2,55
-33,1,54
-33,1,54
-33,2,55
-34,2,55
-33,1,55
-34,2,54
-34,2,54
-33,2,55
-33,2,55
-33,1,54
-34,2,55
-33,2,55
-33,2,54
-34,1,55
-33,1,55
-33,2,55
-35,2,54
-33,2,55
-34,2,55
-34,1,55
-33,1,55
-34,2,54
-34,2,54
-33,2,54
-34,2,55
-33,2,55
-34,1,54
-33,2,55
-33,2,54
-34,2,55
-33,2,55
-33,2,55
-33,2,54
-33,2,54
-34,2,54
-33,1,55
-33,2,54
-35,2,55
-32,1,55
-32,2,56
-35,1,53
-34,2,54
-32,2,56
-33,1,55
-33,2,55
-33,2,55
-34,2,54
-34,1,54
-33,1,55
-33,2,55
-33,2,55
-34,2,55
-33,2,55
-33,1,54
-34,1,54
-32,2,55
-33,2,55
-35,3,54
-33,1,55
-32,1,55
-35,3,55
-34,1,54
-34,2,56
-33,2,55
-33,1,54
-34,2,55
-33,2,56
-33,1,55
-34,1,53
-33,2,55
-33,2,56
-33,1,55
-33,2,55
-33,2,55
-34,2,55
-33,2,55
-33,2,55
-33,1,54
-33,2,55
-33,2,54
-33,2,55
-33,2,55
-33,1,54
-34,1,55
-33,1,55
-33,2,55
-34,2,55
-33,1,54
-32,2,55
-33,2,55
-34,2,55
-33,1,55
-34,2,54
-34,2,54
-33,2,55
-34,1,54
-34,1,55
-33,2,55
-33,2,54
-34,2,55
-33,2,55
-33,1,55
-34,2,55
-33,2,56
-32,2,55
-34,2,54
-33,2,55
-33,2,55
-34,2,55
-33,2,55
-34,1,54
-34,2,55
-33,2,55
-33,1,55
-34,1,54
-33,2,55
-33,2,54
-33,3,54
-33,1,55
-33,1,55
-33,1,54
-33,2,54
-33,2,55
-33,2,55
-33,2,54
-34,2,54
-33,1,55
-33,2,55
-33,2,54
-33,2,55
-33,1,55
-33,2,56
-33,2,54
-34,3,55
-33,1,55
-33,2,56
-34,2,55
-33,2,54
-33,2,55
-33,1,55
-33,1,55
-34,1,54
-33,2,54
-32,3,55
-33,2,55
-34,1,55
-33,1,55
-34,2,54
-33,3,54
-32,1,55
-33,1,55
-33,1,55
-33,1,54
-34,2,55
-33,2,55
-33,1,55
-33,2,55
-33,2,54
-33,2,55
-32,0,54
-34,2,55
-33,2,55
-33,2,55
-33,2,55
-32,1,54
-33,0,55
-33,2,55
-33,4,55
-33,3,55
-33,1,56
-33,0,55
-33,1,55
-34,4,55
-33,2,54
-32,1,56
-32,1,55
-33,2,54
-34,3,55
-33,2,56
-32,1,55
-32,2,55
-33,2,55
-33,2,56
-32,2,56
-33,2,55
-34,1,54
-31,2,56
-31,2,55
-32,2,55
-33,1,55
-33,2,54
-33,2,55
-32,2,55
-32,3,55
-33,2,55
-33,1,55
-34,1,55
-33,2,55
-33,2,54
-33,1,54
-33,1,55
-34,1,54
-34,2,55
-33,2,55
-33,2,55
-32,1,54
-34,1,55
-33,2,56
-32,2,56
-33,2,54
-34,2,54
-33,1,55
-32,2,56
-33,3,55
-34,1,55
-33,1,55
-33,2,56
-33,1,54
-33,2,55
-32,2,56
-32,2,55
-32,2,56
-33,1,55
-34,1,54
-32,1,55
-31,1,55
-31,2,56
-30,1,57
-30,1,57
-29,1,56
-33,1,55
-31,1,56
-29,1,56
-31,2,56
-30,1,57
-30,1,57
-30,1,57
-31,1,56
-30,1,56
-30,1,56
-31,1,56
-31,1,56
-31,1,56
-31,2,56
-31,2,56
-31,1,56
-31,1,55
-31,1,56
-31,1,56
-32,2,56
-31,2,56
-31,1,56
-32,2,56
-30,0,55
-33,2,56
-31,2,57
-30,1,56
-31,1,56
-31,1,56
-31,1,55
-32,1,55
-33,1,56
-31,1,56
-32,1,55
-33,1,55
-31,1,56
-32,2,55
-32,2,55
-30,1,56
-32,1,56
-33,2,55
-31,1,56
-30,1,57
-31,1,56
-32,2,55
-30,2,56
-31,1,56
-29,2,56
-31,2,56
-31,1,55
-31,2,56
-25,2,58
-30,1,55
-29,1,57
-31,1,56
-32,2,56
-32,2,55
-31,2,56
-31,2,56
-31,1,56
-31,2,56
-31,2,56
-31,1,56
-31,2,56
-31,2,56
-31,1,55
-31,1,56
-31,1,56
-32,2,56
-31,2,56
-31,2,56
-31,1,56
-31,2,56
-31,2,56
-31,1,56
-32,1,55
-31,1,56
-31,2,55
-31,1,56
-31,2,56
-31,1,56
-31,2,57
-32,2,56
-31,2,56
-31,2,56
-32,1,56
-31,1,56
-31,1,55
-32,2,55
-31,2,56
-31,1,55
-31,2,55
-32,2,55
-31,1,56
-31,1,56
-33,1,55
-31,2,56
-31,2,56
-31,2,56
-31,1,56
-31,1,55
-32,1,55
-32,2,55
-31,1,56
-31,2,56
-31,1,56
-31,1,56
-31,2,56
-32,1,55
-32,2,56
-32,2,57
-31,2,57
-31,2,56
-33,1,55
-31,1,56
-32,1,56
-33,1,55
-30,2,56
-31,2,56
-31,2,56
-31,1,57
-31,1,55
-32,1,55
-32,2,57
-31,2,56
-32,2,55
-31,2,57
-30,1,56
-32,1,55
-33,1,55
-31,1,56
-31,2,56
-31,2,55
-31,2,56
-31,1,55
-33,1,57
-30,0,55
-31,1,56
-33,3,55
-32,2,57
-30,2,57
-31,1,55
-32,2,56
-31,2,57
-32,1,55
-31,2,55
-31,2,56
-32,2,56
-31,1,57
-32,1,56
-32,1,55
-32,2,55
-33,2,56
-31,1,56
-31,1,56
-31,2,56
-31,2,55
-32,2,56
-31,1,56
-32,2,55
-32,2,56
-31,1,56
-31,1,56
-31,2,56
-32,2,55
-32,1,55
-32,1,56
-32,2,56
-31,2,55
-32,2,55
-31,2,56
-31,1,56
-32,2,56
-32,2,55
-31,1,56
-32,2,56
-31,1,56
-31,2,56
-32,2,56
-31,2,56
-31,1,54
-34,2,57
-30,1,57
-30,1,57
-33,3,54
-32,2,56
-31,1,57
-32,1,56
-32,1,55
-32,2,56
-31,2,56
-32,1,56
-31,1,56
-31,2,56
-32,2,55
-32,1,56
-32,1,56
-32,2,55
-32,2,55
-31,2,56
-31,1,56
-32,1,55
-32,2,56
-32,1,56
-32,1,55
-31,1,55
-32,2,55
-32,2,56
-31,2,57
-31,1,55
-32,1,54
-31,3,56
-31,2,56
-32,2,55
-31,3,56
-32,1,56
-31,2,56
-32,1,54
-30,1,56
-31,1,56
-32,2,56
-31,2,56
-32,1,55
-32,1,55
-32,1,55
-32,2,56
-31,2,56
-32,2,55
-31,1,55
-31,1,56
-32,2,56
-32,1,55
-32,2,56
-31,2,56
-32,2,55
-32,2,56
-31,1,56
-31,1,56
-31,1,56
-32,2,56
-32,2,56
-31,2,56
-31,2,56
-32,1,56
-32,1,56
-31,2,55
-33,2,55
-30,2,56
-31,2,56
-32,2,56
-31,1,56
-31,2,56
-31,2,56
-32,2,55
-31,3,56
-31,2,56
-31,2,56
-31,1,56
-31,1,55
-32,1,55
-32,2,55
-32,2,56
-31,2,56
-31,1,55
-32,2,56
-31,2,56
-32,1,55
-32,2,56
-31,2,56
-32,2,55
-32,2,56
-31,1,56
-31,2,55
-32,2,56
-31,2,56
-31,2,56
-31,3,56
-31,2,56
-31,1,55
-31,2,55
-32,3,56
-32,2,56
-31,1,56
-32,2,56
-32,1,55
-32,1,55
-31,2,56
-31,2,56
-32,2,55
-31,1,56
-31,2,56
-32,2,55
-31,2,56
-32,1,56
-33,2,55
-30,2,56
-31,2,56
-31,2,56
-31,1,56
-32,2,55
-32,1,55
-31,2,56
-31,2,56
-31,2,55
-32,2,56
-32,1,56
-31,2,56
-32,2,55
-32,2,55
-31,2,56
-31,1,56
-32,1,56
-31,1,56
-32,2,55
-31,2,56
-31,2,57
-32,1,55
-32,2,56
-31,2,56
-32,2,56
-31,1,56
-32,1,56
-32,2,56
-32,2,56
-31,1,57
-30,2,56
-32,2,56
-32,1,55
-31,2,56
-31,2,55
-31,2,56
-31,2,56
-31,1,56
-31,1,56
-32,1,56
-31,2,55
-31,2,56
-31,2,56
-30,2,57
-32,1,55
-32,1,55
-31,2,56
-31,2,56
-31,1,56
-31,2,56
-33,2,55
-32,2,56
-30,2,57
-31,2,56
-31,2,55
-32,2,56
-31,1,56
-32,1,56
-31,2,56
-32,2,55
-32,2,55
-32,1,58
-32,0,57
-30,2,57
-31,3,54
-33,2,56
-30,0,57
-31,2,55
-33,3,55
-32,3,56
-30,2,58
-30,1,55
-32,2,55
-32,2,56
-31,2,56
-32,1,55
-32,2,55
-30,2,57
-30,1,56
-33,1,55
-32,1,55
-31,3,56
-31,2,56
-32,2,55
-31,2,56
-32,2,56
-30,1,56
-31,2,56
-32,2,55
-32,1,56
-31,2,57
-31,2,56
-32,1,55
-32,1,56
-31,2,56
-32,2,56
-31,2,56
-30,2,56
-32,1,56
-32,1,55
-32,3,56
-31,3,56
-31,1,56
-31,1,56
-31,1,55
-33,2,55
-31,1,56
-31,2,56
-32,1,56
-32,2,56
-31,2,56
-31,2,56
-31,1,56
-31,2,56
-31,2,55
-32,1,55
-31,1,56
-31,2,56
-32,2,55
-31,2,56
-31,1,56
-32,1,56
-32,1,56
-32,1,55
-32,2,55
-31,2,56
-31,1,55
-31,2,57
-31,2,56
-31,1,55
-32,2,56
-32,1,55
-31,2,55
-32,2,55
-30,2,56
-31,2,57
-32,2,56
-32,2,55
-32,1,55
-31,1,56
-31,2,55
-32,2,56
-30,2,57
-30,1,56
-33,1,55
-33,1,55
-31,3,56
-30,2,56
-31,1,55
-31,1,56
-32,2,55
-31,2,57
-31,1,56
-31,1,55
-32,2,55
-31,2,57
-31,1,56
-31,1,56
-32,2,55
-32,1,56
-31,2,56
-32,2,55
-31,2,56
-30,2,56
-32,1,57
-33,1,55
-32,1,55
-32,2,55
-31,2,56
-31,1,56
-32,2,56
-31,2,56
-32,1,55
-31,2,56
-30,3,56
-31,2,56
-32,1,56
-32,1,55
-32,2,54
-31,2,56
-31,0,56
-30,0,56
-33,2,54
-33,2,55
-29,1,57
-30,2,57
-33,2,55
-33,2,55
-30,1,57
-30,1,56
-32,2,55
-31,2,56
-31,1,56
-33,2,55
-31,2,56
-31,2,56
-32,2,56
-30,2,56
-30,2,57
-30,3,56
-29,2,57
-29,1,57
-30,2,56
-31,2,56
-31,2,56
-30,2,57
-30,2,56
-31,2,55
-31,2,56
-30,2,57
-31,2,56
-31,2,56
-30,2,56
-30,2,56
-30,2,56
-30,2,57
-30,2,57
-30,2,56
-30,2,57
-31,1,56
-30,1,56
-30,1,56
-31,1,56
-31,2,56
-32,1,56
-31,1,57
-31,2,56
-32,2,55
-31,2,56
-30,2,56
-32,2,55
-31,2,56
-31,1,56
-32,2,56
-31,2,56
-31,1,55
-31,1,56
-31,1,56
-31,2,56
-31,2,56
-31,1,56
-31,1,55
-31,2,56
-31,1,56
-31,1,56
-32,2,56
-31,2,56
-31,2,56
-32,1,56
-31,1,56
-31,2,56
-32,1,55
-31,1,57
-31,2,56
-32,2,55
-32,2,56
-31,1,56
-32,1,55
-32,1,55
-31,1,56
-31,1,56
-32,1,55
-32,1,56
-32,1,56
-32,1,55
-32,2,55
-32,2,56
-32,2,56
-32,1,55
-31,1,56
-32,1,56
-32,1,56
-32,2,56
-32,1,55
-31,1,55
-31,1,56
-32,1,55
-33,2,55
-31,1,56
-32,1,55
-31,1,56
-30,2,56
-32,2,56
-32,1,56
-32,1,55
-31,2,55
-32,1,56
-32,2,56
-32,1,55
-32,2,55
-33,2,56
-31,2,56
-31,2,56
-32,2,55
-32,2,56
-31,1,56
-32,2,55
-34,1,54
-34,1,55
-32,2,56
-32,2,55
-34,2,55
-34,2,55
-32,2,56
-33,2,55
-34,2,54
-33,1,54
-34,1,54
-34,1,54
-33,3,55
-33,2,55
-33,2,55
-33,2,54
-35,1,54
-34,1,54
-34,2,54
-34,1,54
-33,2,55
-34,2,55
-35,2,54
-34,1,54
-34,2,55
-35,2,54
-34,2,54
-34,1,55
-34,1,53
-34,1,54
-34,2,55
-34,2,54
-34,2,53
-35,2,54
-34,2,55
-34,2,54
-34,2,54
-35,2,54
-34,1,54
-34,2,54
-34,2,54
-33,2,55
-34,2,54
-34,1,54
-34,1,54
-34,2,54
-35,2,54
-35,2,54
-35,1,54
-35,2,53
-35,2,53
-35,2,54
-35,2,54
-34,2,53
-35,2,54
-35,2,53
-35,2,53
-35,2,55
-34,2,54
-35,2,53
-35,1,54
-34,2,54
-35,2,54
-35,2,53
-34,2,54
-35,2,54
-35,2,54
-34,2,54
-35,2,53
-35,2,54
-35,2,54
-34,2,54
-34,2,54
-35,2,54
-35,2,54
-35,2,54
-34,2,54
-35,2,54
-35,2,54
-35,2,54
-35,2,54
-34,1,54
-35,2,54
-35,2,53
-35,2,54
-34,2,54
-35,2,54
-35,2,55
-34,1,54
-34,1,54
-35,2,54
-34,3,54
-34,2,55
-36,1,54
-34,2,54
-34,2,54
-35,2,53
-34,2,54
-35,2,54
-35,1,54
-34,1,54
-35,2,54
-35,2,53
-35,2,54
-34,1,53
-36,2,54
-34,2,54
-34,2,54
-35,3,54
-35,2,54
-35,1,54
-34,1,54
-35,2,54
-35,3,54
-34,2,54
-34,2,54
-35,2,53
-34,1,54
-35,3,54
-35,2,54
-34,2,54
-35,2,54
-34,1,54
-35,2,55
-34,2,53
-34,1,54
-35,1,53
-34,2,54
-34,2,54
-35,3,54
-34,2,54
-35,2,54
-35,1,54
-34,2,55
-34,2,53
-34,2,54
-34,2,54
-35,1,53
-35,1,55
-34,2,53
-34,3,54
-34,2,54
-35,2,53
-35,1,54
-34,1,54
-35,2,55
-35,3,54
-35,2,54
-35,2,55
-34,1,54
-35,2,54
-35,2,54
-34,1,54
-35,1,53
-34,2,54
-34,2,54
-34,3,54
-34,2,54
-35,1,53
-35,1,54
-34,2,53
-35,3,55
-34,3,54
-34,1,54
-35,1,55
-34,2,53
-35,2,54
-34,3,55
-34,2,55
-35,2,54
-35,1,53
-34,1,54
-35,3,54
-34,2,55
-34,1,54
-35,1,54
-35,2,54
-35,3,54
-34,2,54
-34,2,55
-34,1,53
-34,1,54
-34,1,54
-34,3,53
-35,2,54
-34,2,54
-34,2,54
-34,2,54
-35,2,54
-35,3,54
-35,2,55
-34,1,53
-34,1,54
-34,2,54
-34,2,54
-34,2,54
-35,2,54
-35,2,54
-34,1,54
-35,2,54
-34,2,54
-34,2,54
-34,1,54
-34,2,54
-35,2,54
-34,2,54
-34,1,54
-34,1,54
-34,1,54
-35,2,54
-35,3,54
-35,2,55
-34,1,54
-35,1,53
-35,3,54
-34,3,54
-34,3,54
-34,0,54
-33,1,54
-35,4,54
-35,3,54
-33,0,54
-34,2,54
-36,3,54
-35,1,54
-33,1,55
-34,2,53
-35,3,54
-34,2,55
-33,2,55
-34,1,54
-34,1,54
-35,1,54
-34,2,54
-34,2,54
-34,2,54
-34,2,55
-34,1,55
-34,2,54
-35,2,53
-34,1,54
-34,1,54
-34,2,55
-33,2,55
-35,2,53
-35,2,53
-34,2,55
-33,1,54
-34,1,53
-36,2,54
-34,2,54
-35,3,55
-35,1,53
-35,2,54
-34,2,54
-34,2,54
-34,2,54
-35,2,53
-35,2,53
-34,2,54
-34,2,55
-35,2,54
-35,2,54
-34,2,54
-35,2,54
-35,1,53
-35,2,54
-34,3,56
-34,2,54
-34,1,54
-35,2,54
-34,2,53
-34,3,54
-34,1,53
-35,2,54
-35,1,53
-35,2,55
-35,2,53
-35,3,54
-35,2,54
-35,1,54
-34,2,55
-35,1,53
-35,3,55
-34,1,54
-34,2,54
-35,2,54
-34,1,53
-35,3,54
-34,1,54
-34,2,55
-34,2,53
-34,2,53
-34,2,54
-35,3,54
-33,2,54
-34,2,54
-34,1,54
-34,1,54
-34,2,54
-34,2,54
-34,2,55
-34,0,53
-35,2,53
-34,3,55
-34,3,54
-34,1,54
-34,0,54
-35,2,54
-35,3,55
-34,3,55
-34,2,55
-34,2,54
-35,1,54
-34,1,54
-34,3,56
-34,2,54
-34,1,54
-35,2,53
-35,3,54
-33,2,55
-33,2,56
-33,2,54
-35,0,53
-35,2,55
-35,3,55
-33,2,54
-33,1,55
-34,2,54
-34,1,54
-34,2,54
-33,2,54
-33,2,53
-34,2,54
-33,3,54
-34,2,55
-34,3,55
-33,1,55
-34,1,54
-34,2,54
-34,4,55
-33,2,55
-33,1,55
-33,1,55
-33,2,54
-33,2,55
-33,2,56
-32,2,54
-33,1,55
-33,1,54
-32,2,56
-32,2,55
-32,2,56
-32,2,56
-32,2,56
-30,1,57
-29,2,58
-31,3,55
-31,2,56
-30,1,55
-32,2,57
-30,2,56
-30,1,57
-31,2,56
-32,1,55
-32,2,56
-33,3,56
-31,2,56
-31,1,56
-31,2,56
-32,2,56
-31,2,55
-32,2,56
-32,2,56
-31,1,57
-33,1,54
-34,2,56
-31,1,55
-32,2,56
-32,1,54
-32,1,55
-32,1,55
-33,2,55
-31,2,56
-31,2,56
-32,1,56
-31,1,55
-32,1,54
-31,2,55
-32,2,57
-32,0,55
-32,1,55
-33,1,54
-34,3,55
-32,3,56
-31,1,55
-31,1,55
-33,1,55
-32,3,55
-32,1,56
-32,1,56
-32,1,55
-32,1,54
-33,2,55
-32,2,56
-32,1,56
-31,1,55
-33,1,53
-34,2,54
-33,2,56
-32,1,56
-32,2,55
-32,1,54
-32,2,55
-32,2,56
-32,1,56
-32,1,55
-35,1,53
-34,3,55
-32,2,57
-32,2,56
-33,1,55
-34,2,55
-33,2,54
-32,2,57
-31,1,56
-33,1,54
-34,1,53
-32,2,55
-33,3,57
-32,1,56
-32,1,55
-35,1,54
-33,2,54
-32,2,57
-32,1,56
-32,1,54
-33,1,54
-33,1,55
-34,3,57
-33,2,56
-32,1,54
-33,1,54
-33,1,56
-32,1,56
-32,2,55
-33,2,54
-33,2,55
-33,1,55
-32,2,56
-33,2,55
-33,1,55
-33,0,54
-33,2,55
-33,2,55
-32,1,55
-32,2,56
-34,2,55
-33,1,54
-32,2,56
-32,2,55
-32,1,55
-33,1,56
-33,1,54
-33,2,56
-31,2,56
-33,1,55
-33,2,54
-33,1,56
-33,0,55
-32,1,56
-32,2,55
-33,1,55
-32,2,56
-32,1,55
-33,1,55
-33,2,55
-32,1,55
-32,1,55
-32,2,56
-32,2,55
-33,2,55
-32,1,56
-31,1,55
-34,1,54
-33,3,56
-33,2,56
-32,1,55
-33,2,55
-33,1,53
-33,2,55
-34,2,56
-33,2,55
-32,2,55
-33,1,53
-35,2,54
-33,1,55
-31,1,56
-33,2,56
-34,1,53
-35,2,54
-35,3,54
-33,3,55
-33,1,55
-34,2,54
-35,3,54
-35,2,54
-33,1,55
-34,2,55
-34,2,53
-35,2,54
-34,2,55
-33,1,56
-35,1,54
-35,1,54
-34,1,53
-34,2,56
-33,2,54
-33,2,54
-34,2,54
-34,1,54
-33,2,55
-34,2,54
-35,2,54
-34,2,55
-34,1,55
-34,2,54
-35,2,54
-34,2,54
-34,1,55
-34,2,53
-35,2,54
-34,1,54
-34,1,54
-34,1,54
-34,2,54
-34,2,55
-34,2,54
-34,1,55
-34,1,54
-35,2,54
-34,2,55
-34,2,55
-34,2,55
-34,2,54
-34,0,53
-35,1,54
-34,2,54
-34,2,55
-33,3,56
-33,2,55
-33,1,54
-34,1,53
-34,1,53
-35,2,55
-33,2,56
-34,2,54
-34,1,54
-34,1,54
-35,2,54
-34,2,54
-33,2,55
-34,1,54
-34,1,54
-34,1,53
-35,2,54
-32,3,55
-34,2,55
-34,1,54
-34,1,54
-34,2,54
-34,3,55
-34,3,55
-34,2,55
-34,1,54
-34,1,53
-35,2,54
-34,3,55
-34,2,55
-33,2,55
-35,2,54
-34,1,54
-34,2,54
-34,2,55
-34,2,55
-34,1,53
-35,1,54
-34,1,54
-34,1,54
-34,2,54
-34,2,55
-33,2,55
-34,2,54
-34,2,54
-34,1,54
-35,2,55
-34,2,54
-33,2,55
-34,1,54
-35,1,53
-34,1,54
-33,2,55
-33,3,55
-34,2,54
-33,1,54
-34,1,54
-34,2,54
-34,2,54
-34,1,54
-34,2,54
-34,2,54
-34,2,55
-33,1,54
-34,2,54
-33,2,54
-34,2,55
-34,2,54
-33,1,55
-34,1,55
-34,2,54
-34,2,54
-34,3,55
-33,2,55
-33,2,55
-34,2,55
-33,2,54
-34,1,54
-34,3,54
-35,3,55
-33,1,54
-33,1,55
-34,2,53
-34,2,53
-33,2,55
-33,1,55
-33,2,54
-34,2,53
-33,2,54
-34,2,56
-34,2,55
-33,1,54
-34,3,54
-34,2,55
-35,1,58
-30,0,50
-33,0,53
-35,3,54
-34,1,54
-34,2,56
-33,2,55
-33,2,54
-34,1,54
-33,1,55
-33,2,55
-34,1,54
-33,1,55
-34,1,54
-35,3,54
-34,2,56
-33,1,55
-34,3,55
-34,2,54
-33,2,56
-33,2,55
-35,1,54
-34,2,54
-33,2,56
-33,2,55
-34,2,55
-33,2,55
-34,1,55
-34,2,54
-34,2,55
-33,2,55
-34,1,54
-35,2,55
-34,3,55
-33,2,55
-33,1,55
-33,1,54
-34,2,54
-35,3,55
-33,3,55
-33,2,54
-34,2,54
-32,1,55
-33,2,55
-34,2,55
-33,2,55
-34,2,55
-34,2,54
-33,2,55
-33,2,55
-34,2,55
-34,2,54
-33,1,54
-33,2,55
-34,3,54
-33,1,55
-34,1,55
-32,3,53
-33,1,52
-32,1,56
-33,3,56
-36,4,55
-33,1,54
-32,2,55
-33,3,54
-33,2,55
-34,1,54
-33,2,55
-33,2,55
-33,3,55
-33,3,55
-34,1,55
-34,1,55
-32,2,55
-33,3,55
-34,2,55
-33,1,55
-33,1,55
-33,2,55
-33,3,55
-34,2,55
-33,1,55
-32,2,55
-33,2,55
-33,2,55
-33,2,55
-34,1,54
-34,1,54
-33,2,55
-34,2,55
-34,1,55
-33,2,55
-33,2,55
-34,2,55
-33,1,55
-33,2,55
-34,2,54
-33,2,55
-33,2,55
-33,2,55
-33,2,55
-33,1,55
-34,2,54
-33,2,55
-33,2,55
-33,2,55
-33,2,55
-33,2,55
-33,2,55
-33,1,55
-34,2,55
-34,2,54
-33,2,54
-33,2,55
-33,1,55
-33,1,54
-34,2,55
-34,2,54
-33,2,55
-33,1,55
-33,1,54
-33,2,55
-34,2,55
-33,2,55
-33,2,55
-33,2,54
-33,2,55
-34,2,55
-34,2,55
-33,2,55
-33,2,55
-33,2,55
-33,1,55
-33,2,55
-33,2,54
-34,2,55
-33,2,54
-33,2,55
-33,2,55
-33,1,55
-33,2,55
-33,1,55
-33,2,54
-33,2,54
-33,2,55
-33,2,55
-33,2,55
-33,2,55
-33,2,55
-33,2,54
-33,2,55
-33,2,55
-33,1,54
-33,2,55
-33,2,55
-33,2,55
-33,2,55
-33,2,54
-34,2,54
-32,1,56
-33,2,54
-33,2,54
-33,2,55
-33,2,53
-34,2,54
-32,1,55
-33,2,56
-34,2,55
-33,2,55
-33,2,55
-33,2,54
-33,1,55
-33,2,55
-33,1,55
-33,2,54
-33,2,55
-33,2,55
-33,2,54
-33,1,54
-33,2,55
-34,2,55
-33,2,55
-33,2,54
-33,2,54
-33,1,55
-33,1,56
-33,2,55
-33,2,55
-33,2,55
-33,1,55
-32,2,55
-33,2,55
-32,1,56
-33,2,56
-34,1,55
-33,2,54
-33,2,56
-32,2,55
-33,1,54
-33,2,56
-33,1,55
-33,1,55
-33,2,54
-33,2,55
-32,2,55
-33,2,55
-34,2,55
-33,2,56
-33,1,55
-33,2,55
-31,2,55
-33,2,54
-33,1,55
-32,2,56
-33,2,54
-34,2,55
-32,2,56
-32,1,55
-34,1,54
-33,2,56
-32,2,55
-33,2,54
-32,2,55
-33,2,55
-32,2,56
-32,2,56
-33,1,54
-34,1,56
-33,3,55
-33,2,55
-32,1,56
-31,1,56
-33,2,54
-33,2,54
-32,2,55
-32,2,56
-32,2,54
-33,2,55
-32,2,56
-33,2,55
-33,2,55
-33,2,55
-32,2,55
-33,2,55
-33,2,55
-32,1,56
-32,1,55
-33,2,54
-33,2,55
-32,2,56
-32,1,55
-33,1,56
-33,2,55
-33,2,55
-33,2,55
-32,3,55
-32,1,55
-32,1,56
-32,2,55
-34,3,55
-33,2,54
-31,2,56
-32,2,56
-31,1,55
-33,2,57
-34,2,55
-33,2,55
-31,3,56
-32,3,56
-31,1,55
-33,1,54
-33,2,55
-32,3,54
-32,3,56
-32,2,56
-31,0,55
-32,1,55
-34,2,54
-32,3,55
-32,2,56
-32,2,55
-33,1,55
-32,2,55
-33,2,55
-32,2,55
-33,2,55
-32,2,55
-33,2,56
-33,2,54
-32,2,56
-33,2,55
-33,2,55
-33,1,56
-32,2,55
-33,2,55
-33,2,55
-32,2,55
-33,1,55
-33,2,56
-32,2,55
-32,3,55
-31,2,55
-31,2,57
-31,2,56
-30,1,56
-33,3,55
-33,3,56
-32,2,56
-32,1,55
-31,1,55
-31,2,56
-31,3,56
-31,3,56
-32,1,56
-32,2,56
-33,2,55
-32,2,54
-31,2,55
-32,1,56
-33,1,56
-32,3,55
-33,3,55
-31,2,56
-31,1,56
-32,1,55
-31,1,55
-32,2,55
-33,2,55
-31,1,56
-32,1,56
-34,1,55
-32,2,55
-32,3,56
-32,2,54
-32,1,55
-31,1,56
-31,1,56
-31,2,56
-33,3,56
-33,2,56
-32,1,55
-32,1,56
-32,1,56
-33,2,55
-33,2,54
-32,1,55
-32,2,57
-32,1,55
-33,2,55
-32,1,55
-32,2,56
-32,2,56
-32,2,55
-32,1,55
-33,2,56
-32,2,55
-33,2,55
-33,2,55
-32,1,56
-33,1,55
-32,1,55
-33,2,55
-33,3,56
-33,2,57
-32,1,55
-32,2,55
-34,3,56
-32,2,55
-32,1,55
-33,2,55
-33,2,55
-33,2,55
-32,2,55
-33,2,56
-34,1,54
-34,1,55
-33,2,55
-33,2,55
-33,2,56
-32,2,55
-33,1,55
-33,2,55
-33,2,55
-33,2,55
-33,2,54
-33,2,55
-33,1,55
-33,1,54
-33,2,54
-33,2,55
-33,2,55
-33,2,54
-33,2,55
-34,1,54
-33,2,55
-33,2,55
-33,2,55
-32,0,53
-33,1,55
-34,2,54
-33,2,56
-32,2,56
-33,2,54
-34,2,54
-33,2,55
-32,2,55
-33,2,55
-34,2,55
-33,2,55
-33,1,55
-33,2,55
-33,2,55
-33,2,55
-33,2,55
-33,2,55
-33,2,55
-33,2,55
-33,1,54
-33,2,55
-33,2,55
-33,1,55
-33,1,54
-32,2,55
-33,2,55
-33,2,55
-33,2,56
-34,2,55
-33,2,55
-33,1,55
-33,1,54
-33,1,54
-33,2,55
-33,2,55
-34,1,55
-33,2,55
-33,1,55
-34,1,55
-33,2,55
-33,2,56
-33,2,55
-33,1,54
-33,2,54
-34,3,55
-32,2,54
-34,3,57
-33,2,54
-32,2,53
-30,0,50
-34,3,60
-33,2,53
-33,1,58
-33,1,54
-35,2,55
-33,2,57
-31,2,56
-32,2,55
-34,2,54
-33,1,55
-32,1,55
-33,2,56
-34,2,55
-33,1,55
-33,1,54
-34,2,54
-32,2,55
-33,2,55
-33,1,55
-33,1,55
-34,2,55
-34,2,55
-31,2,56
-33,2,55
-34,2,54
-33,1,55
-34,1,54
-34,2,55
-34,2,55
-34,2,55
-34,1,55
-33,1,54
-34,1,55
-33,2,55
-33,2,55
-34,1,54
-34,1,55
-33,1,54
-35,2,55
-34,2,55
-34,1,54
-34,2,55
-34,1,54
-34,2,55
-33,2,55
-34,2,55
-34,1,53
-34,1,54
-34,1,53
-34,3,54
-34,2,54
-34,1,54
-34,1,54
-35,1,53
-35,1,54
-34,2,55
-35,2,54
-34,0,54
-33,1,54
-34,1,53
-34,2,54
-34,3,54
-33,1,55
-33,1,55
-35,1,54
-35,1,53
-33,2,55
-34,2,54
-34,1,54
-33,2,55
-34,1,53
-35,1,55
-34,2,54
-34,2,54
-34,1,54
-34,2,54
-34,1,53
-34,2,55
-34,1,54
-34,1,53
-35,1,54
-33,2,53
-34,1,54
-34,2,55
-34,1,54
-34,1,53
-35,2,54
-34,2,54
-33,2,55
-34,2,55
-34,1,55
-34,0,54
-35,2,54
-34,1,53
-34,2,55
-34,2,55
-34,1,55
-34,0,54
-35,1,54
-34,1,54
-34,2,54
-33,2,54
-34,1,55
-34,1,54
-34,1,53
-34,2,54
-34,2,55
-34,2,55
-34,1,54
-34,1,54
-34,1,54
-34,3,55
-34,2,55
-34,1,54
-34,1,55
-34,1,53
-34,2,55
-33,2,55
-34,1,55
-35,2,54
-34,2,54
-34,2,54
-34,1,55
-34,2,54
-34,2,54
-34,2,55
-34,1,55
-34,2,54
-34,1,53
-34,2,55
-33,1,55
-34,2,55
-34,2,54
-34,1,54
-35,1,54
-34,2,55
-33,2,55
-34,2,55
-34,1,54
-34,1,54
-34,1,54
-33,2,55
-33,2,55
-34,1,54
-34,2,55
-35,1,54
-34,1,53
-33,0,54
-34,2,54
-34,2,53
-33,2,54
-34,1,55
-35,3,55
-33,1,55
-34,1,56
-34,1,53
-33,2,54
-34,2,55
-34,2,56
-32,1,55
-35,2,54
-35,2,54
-33,1,54
-34,2,54
-34,3,56
-33,2,55
-35,1,54
-35,0,54
-33,2,54
-34,3,54
-33,2,56
-32,1,54
-35,1,53
-34,1,55
-33,2,55
-34,1,53
-35,1,54
-34,3,55
-34,2,55
-33,1,54
-34,1,55
-35,2,54
-34,1,54
-34,2,55
-33,2,54
-34,1,54
-34,1,54
-34,2,54
-34,2,53
-34,1,54
-34,2,55
-34,2,55
-34,1,54
-35,1,54
-35,2,54
-34,1,54
-35,1,54
-34,1,55
-34,2,55
-34,1,54
-34,1,54
-34,2,55
-34,2,54
-34,2,55
-34,2,55
-33,1,55
-34,1,54
-35,2,54
-34,1,54
-34,2,56
-33,2,56
-34,2,55
-34,1,55
-33,1,53
-34,3,55
-33,2,55
-33,1,54
-34,2,55
-34,2,54
-35,1,53
-34,2,55
-33,2,55
-34,2,55
-34,2,54
-34,2,54
-33,2,55
-33,2,55
-33,2,54
-34,2,54
-34,2,55
-33,1,54
-34,2,53
-34,2,55
-33,2,56
-34,1,54
-34,1,53
-34,2,53
-34,3,55
-33,2,55
-33,1,54
-35,1,54
-34,2,54
-34,3,54
-34,2,55
-33,1,55
-34,2,55
-34,2,54
-34,1,54
-33,1,55
-34,2,55
-35,3,53
-35,3,55
-32,1,55
-33,2,55
-34,2,54
-34,2,55
-34,2,54
-34,2,54
-33,2,55
-33,2,54
-34,1,54
-34,1,54
-34,2,54
-35,2,53
-31,2,55
-32,3,56
-34,2,55
-32,2,55
-34,3,55
-34,2,54
-33,3,55
-34,3,55
-34,2,55
-33,1,55
-33,2,54
-35,2,53
-34,2,54
-32,3,54
-33,3,55
-33,2,54
-34,1,55
-34,2,54
-34,2,54
-34,3,55
-33,2,55
-33,2,55
-34,1,54
-34,1,53
-33,1,54
-34,2,54
-34,3,54
-34,2,55
-33,1,55
-34,2,54
-35,2,54
-33,2,54
-34,2,54
-35,2,55
-34,2,54
-34,2,55
-34,2,54
-34,1,54
-34,1,54
-34,2,55
-34,3,55
-34,2,55
-33,1,55
-34,1,54
-35,1,53
-34,2,55
-33,3,55
-34,3,55
-34,1,54
-34,1,54
-35,1,54
-34,2,55
-34,2,55
-35,2,54
-33,2,54
-34,1,54
-35,2,54
-34,2,55
-34,2,55
-34,1,54
-34,2,54
-34,3,55
-33,1,54
-33,1,55
-35,2,54
-35,2,53
-34,2,55
-34,2,55
-33,2,54
-33,1,54
-35,2,54
-34,2,55
-34,3,54
-34,2,54
-33,2,55
-34,2,55
-34,1,55
-34,1,54
-35,2,54
-33,2,54
-33,2,55
-33,1,55
-34,2,54
-34,1,54
-33,1,53
-34,3,56
-35,3,55
-34,1,55
-32,2,56
-34,2,54
-34,2,53
-34,3,56
-33,1,55
-33,1,55
-35,2,54
-34,2,55
-34,2,54
-33,1,55
-33,2,55
-34,2,54
-34,2,54
-33,1,55
-33,2,54
-35,2,54
-34,2,55
-33,1,55
-34,2,54
-35,2,54
-34,1,55
-32,1,55
-33,2,55
-34,2,54
-33,2,55
-32,3,56
-32,2,55
-34,2,54
-33,2,54
-32,2,55
-32,2,56
-32,2,56
-33,2,55
-33,2,55
-33,2,55
-32,3,56
-32,1,55
-33,2,55
-33,3,56
-33,2,55
-33,1,56
-33,2,55
-33,3,55
-32,2,56
-32,2,56
-33,2,55
-33,2,55
-33,2,55
-32,2,55
-32,3,55
-32,2,55
-32,2,56
-33,2,55
-33,2,55
-33,3,55
-33,2,54
-32,2,55
-32,1,55
-33,1,56
-34,2,54
-34,2,55
-32,2,56
-32,2,55
-32,3,54
-33,2,55
-33,1,55
-32,2,56
-34,3,55
-33,2,54
-33,2,56
-32,2,55
-33,1,55
-34,2,55
-33,2,56
-32,2,54
-33,2,56
-33,2,56
-33,1,55
-33,2,54
-33,3,54
-32,3,56
-31,2,57
-33,2,55
-34,1,54
-33,2,55
-32,2,55
-33,2,56
-32,2,55
-31,2,56
-33,3,55
-35,1,55
-32,2,55
-31,2,55
-32,3,56
-31,2,55
-33,1,55
-33,2,55
-33,1,56
-33,3,54
-33,3,55
-32,3,58
-33,2,55
-34,1,54
-33,1,55
-33,3,55
-32,3,56
-31,2,55
-33,2,55
-33,1,55
-33,2,54
-33,3,55
-33,2,56
-31,1,55
-33,3,56
-33,1,54
-33,2,55
-33,1,55
-33,2,55
-32,2,55
-32,2,55
-33,2,55
-33,0,54
-33,3,55
-34,3,54
-34,2,57
-30,1,57
-33,1,53
-35,2,53
-32,1,54
-32,3,56
-31,1,56
-33,2,55
-34,2,55
-33,2,55
-33,2,56
-33,1,54
-31,2,56
-33,2,55
-32,1,55
-32,2,56
-33,2,54
-34,1,54
-32,2,56
-33,2,54
-33,1,54
-33,2,56
-32,2,57
-33,2,56
-33,2,55
-32,1,55
-33,2,55
-33,2,55
-31,1,54
-31,1,54
-32,3,57
-31,2,56
-31,2,56
-31,1,56
-32,2,55
-31,2,55
-31,2,57
-31,3,56
-30,3,58
-31,1,56
-32,2,55
-32,1,56
-32,2,55
-33,2,55
-32,2,56
-31,2,55
-32,1,55
-33,1,56
-32,3,57
-32,2,54
-33,1,55
-32,2,55
-32,2,55
-33,2,55
-32,1,55
-33,2,56
-33,2,55
-33,1,55
-33,2,56
-32,2,55
-33,2,54
-34,2,55
-33,2,56
-32,1,55
-33,2,55
-33,3,54
-33,2,56
-32,1,54
-33,2,55
-33,2,56
-32,1,53
-34,3,56
-32,0,53
-32,1,54
-34,2,55
-34,2,55
-32,2,56
-34,2,54
-35,2,54
-34,2,56
-32,2,55
-34,1,55
-33,2,54
-33,1,54
-34,1,54
-33,2,55
-34,2,55
-33,2,55
-33,2,55
-35,2,53
-35,1,54
-33,2,55
-34,2,54
-35,2,55
-34,2,55
-34,1,54
-35,2,54
-36,2,54
-35,1,53
-33,0,53
-34,1,54
-34,1,54
-35,1,54
-34,1,54
-35,1,54
-34,1,55
-35,1,55
-35,2,54
-35,1,53
-35,1,53
-33,1,55
-34,1,54
-35,1,53
-34,0,54
-32,1,55
-35,1,53
-36,1,53
-33,0,54
-34,1,55
-35,1,54
-34,0,54
-33,1,54
-35,1,54
-35,1,54
-34,1,55
-34,1,54
-35,1,53
-35,1,54
-33,1,55
-33,1,54
-36,2,54
-34,1,54
-33,1,56
-35,1,54
-35,1,53
-34,1,54
-34,1,55
-33,1,54
-35,1,54
-34,1,55
-33,0,55
-34,1,53
-35,2,55
-33,1,55
-34,2,55
-33,1,54
-35,1,54
-34,1,55
-34,0,54
-35,2,53
-33,1,55
-33,1,56
-35,0,54
-36,1,53
-36,2,53
-35,1,53
-34,0,54
-34,1,54
-36,1,52
-35,1,54
-35,1,54
-34,1,54
-36,1,53
-37,1,52
-36,1,53
-35,2,55
-35,0,52
-36,0,52
-37,0,51
-42,0,49
-36,2,55
-24,4,60
-26,3,59
-38,3,52
-34,3,56
-27,2,58
-31,2,57
-40,2,52
-37,2,51
-39,1,51
-39,1,51
-29,4,58
-28,3,58
-36,4,53
-37,3,53
-33,2,54
-33,3,56
-30,3,56
-33,2,55
-37,2,52
-43,2,48
-44,3,48
-40,3,50
-38,4,52
-37,2,54
-36,2,52
-38,2,52
-38,2,52
-36,2,53
-35,1,53
-36,2,54
-34,3,54
-34,2,54
-35,2,53
-34,2,54
-33,2,55
-34,1,53
-36,1,53
-35,2,54
-36,1,53
-38,0,53
-36,2,53
-36,4,53
-36,3,53
-36,1,53
-30,2,57
-30,3,57
-34,2,54
-34,2,53
-33,2,55
-33,2,55
-35,1,54
-36,1,54
-36,2,53
-35,2,54
-33,0,54
-34,2,55
-34,3,54
-34,1,54
-34,3,55
-34,2,54
-34,0,53
-34,1,54
-39,0,50
-35,1,53
-31,3,58
-32,4,56
-34,3,55
-33,2,55
-32,1,56
-32,1,55
-34,2,55
-35,2,54
-33,2,55
-34,2,55
-35,1,54
-35,2,55
-34,2,54
-32,1,55
-33,1,55
-37,1,53
-37,1,52
-36,2,53
-36,2,52
-35,1,53
-33,1,55
-35,2,53
-38,1,51
-38,1,53
-35,2,54
-35,2,54
-37,1,52
-37,2,54
-36,2,53
-35,1,52
-37,2,52
-36,1,52
-36,2,53
-36,1,53
-36,0,53
-36,0,53
-36,1,53
-36,1,54
-38,1,51
-38,1,51
-35,2,54
-36,1,53
-37,0,51
-37,1,52
-36,2,54
-36,0,53
-37,1,53
-36,2,52
-37,1,52
-37,1,53
-36,0,52
-36,1,51
-37,1,52
-37,1,52
-36,2,54
-35,3,54
-36,2,52
-38,1,50
-38,1,52
-35,2,55
-35,2,54
-38,2,51
-38,1,50
-37,1,52
-36,1,53
-37,1,53
-39,1,51
-39,1,51
-37,1,52
-38,2,52
-38,1,52
-37,1,52
-36,1,53
-37,1,53
-36,1,53
-36,1,53
-39,2,52
-38,1,51
-38,1,52
-37,0,51
-39,1,52
-38,1,52
-36,0,53
-36,1,53
-37,2,52
-36,1,53
-33,0,55
-34,0,53
-37,0,52
-36,0,53
-36,0,53
-37,0,52
-36,1,53
-36,0,53
-36,0,52
-36,0,53
-36,1,53
-36,1,52
-36,1,52
-38,0,52
-37,-2,53
-34,0,53
-36,1,52
-40,1,51
-38,1,53
-35,1,53
-37,1,52
-40,0,51
-37,0,53
-37,1,52
-38,1,51
-38,0,52
-37,1,53
-37,1,52
-38,0,51
-37,0,52
-38,1,52
-38,1,52
-37,1,52
-37,1,52
-38,0,51
-38,0,52
-37,0,52
-37,0,52
-38,1,52
-38,1,52
-37,0,52
-38,-1,52
-37,1,52
-38,1,51
-39,0,51
-38,0,52
-37,0,52
-38,1,52
-38,1,52
-39,1,51
-38,0,52
-37,0,52
-38,1,51
-39,1,51
-39,0,51
-38,1,52
-37,1,53
-38,1,51
-39,0,51
-38,0,52
-37,0,52
-38,1,51
-39,1,51
-38,0,52
-37,1,52
-38,1,51
-38,0,51
-38,1,51
-38,1,52
-38,1,51
-38,1,51
-37,-1,52
-39,0,51
-38,0,51
-38,1,52
-37,1,52
-38,1,52
-37,1,52
-38,1,51
-37,1,52
-37,1,53
-37,1,52
-37,1,51
-38,1,51
-37,1,53
-37,0,53
-40,1,50
-40,1,50
-36,1,53
-37,0,53
-38,0,51
-38,0,52
-38,0,51
-38,1,51
-38,1,52
-39,1,52
-38,0,52
-37,1,52
-37,2,53
-38,1,52
-37,0,52
-38,1,52
-36,1,52
-36,1,52
-38,0,52
-36,0,53
-37,1,53
-37,2,53
-37,1,53
-37,0,53
-37,1,53
-37,1,52
-37,1,52
-38,1,52
-37,1,52
-36,1,53
-36,1,53
-35,1,53
-36,1,53
-38,0,51
-37,1,52
-35,2,54
-35,2,54
-36,1,53
-37,1,52
-37,1,52
-39,1,51
-37,1,52
-36,1,53
-37,1,52
-37,1,52
-38,1,51
-35,2,55
-36,1,54
-37,0,51
-38,1,52
-37,1,53
-37,1,53
-37,1,52
-37,1,52
-37,1,53
-37,1,52
-37,1,52
-37,1,52
-38,1,52
-37,0,52
-34,0,50
-38,1,51
-39,0,49
-35,2,54
-36,2,54
-38,1,52
-37,1,52
-36,1,53
-37,1,52
-37,1,53
-36,1,53
-37,1,51
-38,1,51
-36,1,52
-37,1,53
-38,1,54
-35,4,48
-43,-2,51
-34,0,51
-35,0,52
-38,1,53
-36,0,52
-37,0,52
-37,1,53
-36,1,53
-38,1,52
-38,0,51
-38,0,52
-37,1,53
-38,1,52
-37,0,51
-37,0,52
-37,1,53
-38,1,52
-38,1,52
-38,1,52
-37,1,52
-37,1,53
-37,1,52
-37,1,52
-37,1,52
-37,1,52
-37,1,52
-37,1,52
-37,1,52
-37,0,52
-37,1,52
-38,0,52
-38,2,52
-36,1,53
-37,-1,51
-37,2,53
-37,3,53
-38,0,52
-37,0,51
-37,2,53
-37,1,54
-37,0,52
-38,0,51
-37,1,52
-37,2,52
-36,1,52
-36,1,53
-37,1,52
-38,1,51
-38,2,51
-37,1,52
-36,1,53
-37,1,53
-38,1,52
-37,1,51
-38,1,52
-37,1,53
-37,1,52
-37,1,53
-36,1,53
-37,1,52
-37,1,52
-38,1,51
-38,2,52
-36,2,53
-36,1,52
-39,1,52
-37,1,51
-36,1,53
-36,1,52
-37,1,53
-36,1,53
-37,1,52
-38,0,52
-37,1,53
-37,2,52
-36,1,53
-36,0,53
-37,1,52
-37,1,53
-37,1,53
-37,0,52
-36,0,52
-37,1,52
-37,1,52
-36,1,53
-37,1,53
-37,0,52
-37,1,52
-37,1,53
-37,1,53
-37,1,52
-37,1,52
-37,1,53
-37,1,52
-37,0,51
-37,0,52
-37,1,53
-37,1,52
-37,1,52
-37,1,52
-37,1,52
-37,1,53
-37,1,52
-37,1,52
-37,1,53
-38,1,52
-37,1,52
-37,1,52
-38,0,52
-37,1,53
-37,1,53
-38,0,52
-37,1,52
-37,1,52
-37,0,52
-37,1,52
-37,1,52
-37,1,53
-37,1,52
-38,1,52
-37,1,52
-36,1,53
-37,1,52
-37,1,52
-37,1,52
-37,1,52
-37,1,52
-37,1,52
-37,0,52
-38,1,52
-37,1,53
-37,1,53
-38,0,51
-37,0,52
-36,1,54
-37,2,53
-37,0,52
-37,1,52
-38,-1,51
-38,0,51
-36,1,53
-37,1,53
-37,0,52
-37,0,51
-37,0,52
-36,1,54
-37,0,52
-37,0,52
-37,1,52
-37,1,52
-36,-1,51
-34,-3,50
-37,2,55
-38,1,50
-38,1,53
-36,0,54
-37,1,53
-38,1,52
-36,1,52
-36,1,53
-37,1,51
-37,0,52
-36,1,53
-36,1,53
-37,1,52
-36,0,53
-36,0,52
-37,0,53
-36,1,53
-36,1,53
-36,0,52
-37,1,52
-37,1,53
-37,0,52
-37,1,52
-37,0,52
-36,0,53
-36,0,53
-37,0,52
-36,0,53
-36,1,53
-37,0,52
-36,0,53
-36,0,53
-37,1,52
-37,1,52
-37,1,53
-37,0,53
-37,1,52
-37,0,52
-36,0,53
-37,1,53
-37,0,52
-37,0,52
-37,0,53
-36,1,53
-37,0,52
-37,0,52
-37,1,53
-37,0,53
-36,0,52
-36,1,53
-37,1,53
-37,1,52
-37,1,51
-36,0,52
-36,0,53
-37,1,53
-37,1,52
-37,0,52
-36,0,52
-36,0,53
-36,1,53
-36,0,53
-36,0,53
-36,0,53
-36,1,53
-36,1,53
-35,1,53
-35,1,53
-36,1,53
-36,1,53
-35,1,53
-36,1,53
-35,1,54
-35,1,54
-35,1,54
-35,1,54
-36,1,53
-36,1,53
-35,1,53
-35,1,53
-35,1,53
-35,1,53
-35,2,54
-35,2,54
-35,2,54
-35,1,54
-35,1,54
-35,1,54
-35,1,53
-36,3,54
-35,0,53
-34,1,54
-34,2,54
-35,1,53
-35,1,54
-35,1,54
-35,1,54
-35,2,54
-35,1,54
-35,1,53
-36,1,53
-36,2,54
-35,1,54
-35,1,53
-35,1,53
-36,1,52
-36,1,53
-35,2,54
-36,3,54
-35,2,53
-36,2,53
-36,2,53
-36,2,53
-36,2,53
-37,0,52
-35,-1,54
-34,1,53
-37,2,51
-39,2,52
-36,0,54
-34,0,53
-37,1,51
-38,2,53
-36,1,55
-36,1,53
-37,1,51
-37,1,52
-36,1,54
-36,1,53
-38,1,52
-37,1,53
-36,1,53
-37,2,53
-36,2,53
-37,1,52
-38,1,51
-37,1,52
-36,2,53
-37,1,52
-36,1,53
-36,1,53
-37,1,52
-37,1,53
-36,1,53
-36,1,52
-37,1,52
-37,1,52
-36,1,53
-36,1,54
-36,1,53
-37,1,52
-37,0,52
-36,1,53
-36,2,53
-36,2,53
-36,1,53
-36,1,53
-37,1,53
-36,2,53
-36,1,53
-36,1,53
-36,1,53
-37,2,53
-36,1,53
-36,1,53
-36,1,53
-37,1,53
-36,1,53
-36,0,52
-38,1,51
-35,2,54
-35,2,53
-39,1,54
-35,-2,52
-35,3,53
-37,2,51
-36,0,54
-35,0,54
-36,1,52
-38,2,53
-34,1,54
-38,0,51
-38,1,52
-35,1,55
-35,1,54
-37,1,52
-36,0,53
-35,1,54
-36,2,53
-37,1,52
-36,0,52
-36,1,53
-36,1,53
-36,1,53
-36,1,54
-36,1,53
-36,1,53
-36,0,53
-36,1,53
-37,2,53
-36,1,53
-37,1,52
-36,1,52
-36,0,52
-37,1,54
-35,1,51
-37,2,53
-35,0,52
-34,0,52
-37,1,52
-36,1,53
-35,1,54
-37,1,52
-37,2,53
-35,1,53
-36,1,53
-36,1,52
-37,1,55
-36,1,54
-37,1,52
-36,2,54
-35,2,54
-36,0,52
-36,0,51
-36,1,53
-36,1,53
-36,1,53
-36,1,53
-38,2,54
-35,0,54
-36,1,54
-38,1,52
-36,1,53
-36,1,53
-36,1,52
-36,1,53
-36,1,53
-36,1,53
-36,1,52
-36,1,52
-37,1,53
-36,1,53
-35,1,54
-36,0,53
-36,1,53
-38,1,52
-36,2,53
-36,2,54
-36,2,52
-37,1,53
-35,0,52
-36,0,52
-38,2,53
-36,1,54
-36,1,52
-36,0,53
-36,0,53
-37,1,53
-36,1,52
-36,1,53
-36,2,52
-36,1,53
-35,-1,53
-37,0,52
-37,1,53
-36,1,52
-36,1,53
-35,2,53
-35,0,53
-36,-1,53
-37,1,53
-37,2,52
-36,1,53
-35,1,53
-36,1,52
-37,0,52
-36,1,54
-37,2,53
-37,2,52
-35,0,54
-36,1,53
-38,0,51
-36,1,53
-35,0,54
-37,2,54
-36,1,53
-36,1,53
-37,1,52
-37,0,52
-34,1,53
-37,1,54
-37,1,52
-37,0,53
-36,1,53
-37,1,52
-36,1,53
-35,0,53
-36,1,52
-36,1,53
-35,0,51
-36,1,51
-36,2,54
-37,1,54
-36,1,52
-36,1,53
-37,1,52
-36,1,52
-36,1,53
-36,0,52
-37,1,53
-36,1,53
-37,0,53
-37,1,53
-36,1,52
-34,1,53
-36,1,54
-36,1,53
-37,0,53
-37,1,52
-37,2,52
-36,2,54
-36,1,54
-36,0,52
-37,1,54
-35,0,51
-37,1,51
-36,3,53
-35,1,53
-36,2,54
-36,-1,52
-38,1,54
-38,0,51
-38,2,52
-35,2,53
-37,1,55
-35,1,54
-36,0,53
-37,1,52
-37,1,53
-36,1,53
-37,2,54
-36,1,53
-36,1,54
-37,0,52
-36,1,53
-36,0,52
-36,2,53
-36,1,52
-35,1,52
-36,2,53
-37,1,53
-36,1,53
-37,2,53
-36,1,52
-36,1,53
-35,1,53
-36,0,52
-36,1,53
-37,2,53
-36,1,53
-36,1,53
-36,0,52
-36,2,53
-36,3,54
-37,1,53
-35,0,53
-37,1,52
-37,1,52
-36,1,53
-36,2,53
-36,1,54
-36,0,52
-37,2,52
-37,1,53
-37,2,53
-36,1,54
-36,2,53
-36,1,53
-36,1,52
-38,0,52
-37,1,52
-36,1,53
-37,2,54
-36,1,53
-36,2,53
-36,1,53
-36,1,53
-36,1,52
-36,1,53
-35,1,53
-36,1,53
-36,1,54
-36,1,52
-37,1,53
-37,1,53
-36,2,53
-36,1,53
-36,1,52
-35,2,54
-36,1,53
-36,1,53
-36,0,53
-37,1,52
-37,2,52
-35,2,54
-34,1,53
-35,0,52
-37,1,53
-37,0,51
-38,1,52
-36,2,53
-36,2,54
-35,2,53
-35,1,54
-37,1,53
-36,1,52
-37,1,52
-37,2,53
-36,2,52
-36,2,53
-35,1,53
-36,-1,52
-37,2,54
-37,2,53
-36,2,53
-37,1,54
-35,1,51
-35,0,53
-36,1,53
-37,2,53
-37,1,52
-37,2,53
-36,1,52
-35,2,55
-33,1,54
-38,1,53
-36,0,51
-37,1,53
-36,2,53
-35,0,53
-35,1,53
-35,2,54
-37,1,52
-37,1,53
-33,1,54
-34,1,54
-38,1,52
-37,0,52
-33,1,54
-33,1,54
-37,1,52
-37,2,54
-33,0,55
-33,1,54
-34,2,55
-35,0,53
-34,0,53
-35,2,54
-34,1,53
-35,1,55
-35,1,54
-35,1,53
-34,1,54
-36,2,53
-34,1,54
-34,1,53
-34,1,54
-35,1,54
-34,2,54
-36,2,56
-34,1,52
-35,2,54
-34,1,52
-33,0,53
-34,0,55
-34,1,54
-37,3,54
-35,3,55
-34,1,54
-35,1,55
-35,0,53
-36,2,54
-35,1,53
-35,1,54
-34,2,54
-35,1,54
-34,1,55
-33,0,53
-35,3,53
-35,1,54
-33,0,53
-34,3,56
-35,1,53
-34,1,55
-34,1,53
-36,2,54
-35,0,54
-35,2,55
-34,1,55
-35,2,54
-34,1,56
-33,-1,53
-36,2,54
-36,2,54
-34,1,54
-34,2,54
-34,1,54
-34,1,55
-35,0,54
-35,2,54
-35,1,54
-34,1,54
-34,1,55
-33,1,53
-35,2,54
-35,0,55
-34,2,55
-36,1,54
-35,2,53
-34,0,56
-33,0,55
-35,2,53
-36,2,54
-34,0,54
-35,1,54
-34,2,54
-34,1,54
-34,0,55
-34,2,54
-35,2,54
-34,0,53
-34,1,53
-35,1,55
-33,1,53
-35,2,54
-34,2,54
-34,1,54
-35,1,55
-36,1,54
-35,0,51
-34,2,55
-34,3,55
-35,2,55
-34,1,53
-35,0,53
-35,1,52
-35,2,55
-33,1,53
-33,1,54
-34,2,55
-35,1,53
-35,1,53
-35,1,54
-35,1,54
-35,1,54
-34,0,54
-34,1,54
-36,1,54
-35,1,53
-35,1,53
-35,0,54
-34,1,54
-35,3,54
-35,3,54
-35,1,54
-33,1,55
-33,2,54
-37,0,52
-37,1,53
-36,1,53
-37,3,53
-39,1,52
-36,0,53
-34,2,54
-36,2,53
-37,1,53
-36,1,53
-34,3,55
-36,1,53
-37,1,52
-35,2,54
-35,2,53
-38,1,52
-38,0,52
-35,1,52
-37,2,52
-37,1,53
-36,1,53
-36,2,52
-37,1,53
-36,0,52
-37,0,52
-37,3,51
-37,2,52
-37,1,53
-35,1,53
-36,1,53
-38,3,53
-37,0,52
-36,2,53
-36,2,52
-38,2,54
-36,1,54
-37,1,51
-37,1,52
-35,0,52
-37,2,53
-38,2,53
-36,1,53
-36,2,52
-37,1,51
-37,1,52
-36,1,53
-37,2,51
-37,2,53
-36,1,53
-36,2,53
-37,1,52
-37,0,51
-36,1,53
-36,1,53
-36,1,52
-37,2,53
-36,1,53
-36,1,53
-37,2,52
-37,1,53
-37,1,53
-37,2,53
-37,3,52
-38,1,53
-36,0,52
-37,1,52
-37,1,52
-36,1,52
-37,2,53
-38,2,52
-37,1,53
-37,1,52
-37,1,52
-38,1,53
-37,1,52
-37,2,52
-38,3,52
-37,1,52
-37,1,52
-37,1,52
-38,1,53
-37,2,52
-38,2,52
-36,2,53
-36,1,52
-37,1,52
-38,1,52
-37,2,53
-37,2,53
-38,2,52
-37,1,53
-37,1,52
-37,2,52
-37,2,52
-36,1,53
-37,1,53
-37,2,53
-36,2,53
-38,1,52
-37,0,51
-37,2,53
-35,1,53
-37,1,53
-37,0,51
-35,1,52
-37,1,53
-36,2,54
-37,2,52
-37,1,51
-36,0,53
-36,2,54
-36,2,53
-37,1,52
-37,1,52
-37,2,53
-36,2,54
-36,2,53
-37,2,52
-36,2,53
-35,1,54
-35,1,54
-37,2,52
-37,2,52
-35,2,53
-36,3,53
-35,1,54
-35,1,53
-37,1,52
-34,2,55
-38,2,52
-35,2,53
-36,2,53
-35,1,54
-35,1,54
-36,2,52
-36,3,52
-35,2,53
-34,1,53
-33,0,53
-34,1,54
-36,2,51
-39,2,52
-35,2,56
-34,1,55
-36,3,52
-36,3,53
-33,0,56
-34,1,54
-37,2,52
-37,3,53
-34,2,54
-36,2,54
-34,2,54
-35,2,54
-36,2,53
-36,1,53
-34,2,54
-34,2,54
-38,2,52
-35,2,53
-34,2,54
-35,1,53
-36,1,53
-35,2,54
-35,2,53
-37,2,53
-36,2,53
-34,2,54
-34,2,54
-35,1,54
-35,1,53
-36,2,53
-37,2,53
-35,1,53
-36,2,54
-37,2,53
-34,1,54
-35,1,53
-36,2,53
-35,3,54
-35,1,53
-36,2,54
-35,2,53
-35,2,53
-36,2,54
-35,1,53
-36,2,54
-35,1,52
-35,1,53
-36,2,53
-35,2,53
-36,2,53
-35,1,54
-36,1,54
-36,2,53
-35,2,54
-37,2,53
-35,1,53
-36,3,53
-36,2,53
-33,0,54
-38,2,52
-39,2,52
-36,1,53
-37,2,53
-36,2,53
-36,1,53
-37,1,53
-38,2,52
-36,3,54
-35,2,54
-36,0,52
-38,1,51
-36,2,52
-35,2,54
-36,2,53
-36,1,53
-37,2,51
-39,3,52
-35,2,54
-35,2,53
-38,4,51
-37,2,54
-37,1,52
-37,3,53
-36,3,52
-39,2,51
-37,2,52
-36,2,53
-36,2,52
-39,2,53
-37,1,51
-36,2,52
-36,3,53
-38,2,52
-37,1,53
-37,3,51
-38,3,51
-36,2,54
-36,2,54
-37,2,53
-37,2,51
-38,1,51
-37,1,52
-36,2,53
-36,3,53
-38,3,52
-35,3,54
-35,1,54
-37,1,52
-37,1,52
-35,1,54
-34,2,54
-36,3,53
-36,2,52
-36,2,54
-35,2,53
-36,2,52
-38,2,52
-36,1,53
-36,2,54
-36,2,52
-36,3,53
-34,2,54
-35,1,54
-37,2,52
-37,2,52
-35,2,53
-35,2,54
-36,3,53
-35,3,54
-35,1,53
-36,2,54
-36,1,52
-37,2,53
-36,2,52
-34,3,53
-35,2,54
-36,2,54
-35,1,52
-36,2,53
-36,2,53
-36,2,53
-36,2,53
-36,1,53
-36,2,53
-36,2,54
-35,1,53
-36,3,54
-35,3,54
-36,1,53
-37,2,53
-36,2,53
-35,2,54
-35,2,53
-36,3,54
-35,1,53
-36,0,53
-36,2,52
-36,3,53
-36,1,52
-35,3,55
-35,2,53
-36,0,53
-36,2,54
-37,2,53
-36,1,52
-36,3,54
-36,3,53
-36,1,53
-35,0,53
-36,2,53
-36,2,52
-36,2,53
-36,2,53
-36,1,52
-36,1,53
-36,2,53
-36,2,53
-36,2,53
-36,1,53
-36,1,53
-36,1,53
-36,1,53
-36,2,53
-36,1,53
-36,1,52
-36,2,53
-36,2,53
-36,2,54
-36,1,53
-36,1,53
-36,2,53
-36,2,53
-36,2,54
-35,1,53
-36,1,52
-37,2,53
-37,2,54
-35,3,54
-36,2,53
-36,1,53
-36,1,54
-37,2,53
-37,1,52
-36,2,53
-36,1,53
-35,1,51
-36,2,53
-35,1,53
-36,2,54
-37,2,53
-36,2,52
-36,2,53
-35,1,53
-36,1,53
-36,1,53
-36,2,52
-37,3,53
-36,1,54
-36,1,53
-37,2,52
-36,1,52
-36,2,53
-36,3,54
-36,2,53
-36,1,52
-37,1,53
-37,2,54
-35,2,54
-36,1,53
-37,2,53
-37,1,53
-36,1,53
-35,1,53
-36,3,54
-37,2,52
-36,2,53
-36,2,54
-36,1,53
-36,1,53
-37,2,52
-37,2,53
-36,2,53
-36,2,54
-35,1,53
-36,1,52
-36,2,53
-36,2,54
-36,2,53
-36,1,52
-36,1,53
-36,2,53
-36,1,53
-36,1,53
-36,2,53
-36,2,53
-36,2,53
-36,2,52
-36,0,52
-36,0,53
-35,2,54
-36,3,53
-35,1,53
-36,2,53
-37,2,52
-36,1,52
-35,2,54
-37,2,53
-37,2,52
-35,2,53
-35,2,54
-36,1,53
-36,1,53
-35,2,53
-36,2,53
-36,3,53
-35,2,54
-35,1,52
-37,2,53
-37,2,53
-35,2,54
-35,3,54
-36,3,54
-35,1,53
-36,1,53
-37,2,53
-36,2,52
-36,2,53
-36,2,53
-35,2,53
-36,1,53
-36,2,53
-35,2,53
-36,2,53
-36,2,53
-35,2,53
-36,1,53
-36,2,53
-35,2,53
-36,2,54
-36,2,53
-36,2,53
-35,1,53
-36,2,53
-36,2,53
-36,1,53
-37,2,52
-36,2,52
-36,3,54
-35,1,53
-37,1,53
-37,2,52
-36,3,53
-35,2,54
-36,2,53
-36,1,53
-36,2,54
-35,2,53
-36,3,53
-35,2,53
-36,3,54
-35,2,54
-35,1,54
-36,2,54
-36,2,52
-36,3,53
-36,3,54
-35,2,54
-35,3,55
-35,2,53
-35,2,53
-35,3,55
-34,3,54
-35,2,53
-36,2,52
-37,2,52
-36,2,53
-36,2,54
-35,2,53
-36,3,53
-36,3,52
-35,1,53
-36,1,53
-36,3,53
-36,2,53
-36,4,54
-35,1,53
-35,2,53
-36,2,52
-36,2,53
-35,2,54
-35,2,54
-36,3,52
-36,2,53
-35,2,53
-36,2,53
-36,2,54
-34,1,53
-36,3,53
-36,3,53
-36,1,53
-36,1,53
-37,2,53
-36,2,53
-35,2,54
-36,3,54
-37,2,52
-36,1,53
-35,2,53
-36,2,53
-36,2,53
-36,3,54
-36,2,52
-36,1,53
-36,2,54
-36,2,53
-36,1,53
-35,1,53
-36,2,54
-36,1,53
-36,2,53
-36,2,53
-36,1,53
-35,1,54
-35,1,53
-37,3,52
-36,3,53
-35,1,54
-35,2,53
-36,1,52
-37,1,53
-35,2,54
-36,2,53
-36,2,53
-35,2,53
-36,2,53
-36,1,53
-36,2,53
-36,3,53
-36,2,53
-36,1,53
-36,3,53
-36,2,54
-35,1,53
-35,2,53
-36,2,53
-36,2,53
-36,1,52
-36,3,53
-35,2,54
-35,2,53
-36,2,53
-36,2,53
-37,1,53
-36,1,52
-36,2,53
-36,3,53
-36,3,53
-36,2,53
-35,2,53
-35,3,53
-37,2,52
-37,1,53
-36,3,53
-36,4,53
-36,2,53
-35,1,53
-36,2,53
-37,2,52
-36,3,53
-36,3,53
-36,2,53
-36,1,53
-36,2,53
-36,2,52
-36,3,53
-36,2,53
-36,2,52
-35,1,53
-36,2,54
-36,2,53
-36,2,53
-36,2,53
-36,2,52
-36,2,53
-36,2,53
-36,2,52
-36,2,53
-36,2,53
-37,3,53
-35,2,53
-34,2,54
-35,2,54
-34,2,54
-32,3,55
-33,3,55
-32,2,55
-31,2,55
-31,3,56
-31,3,56
-29,3,57
-28,2,57
-28,2,58
-26,2,58
-25,1,57
-23,3,60
-21,3,61
-22,1,60
-20,2,61
-21,3,61
-21,2,60
-21,2,60
-23,1,59
-21,2,60
-21,2,60
-23,2,60
-24,2,60
-23,1,60
-23,1,60
-23,2,60
-24,2,60
-24,1,59
-24,1,59
-24,2,60
-24,1,59
-24,1,59
-24,1,59
-24,1,59
-25,2,59
-25,1,59
-24,1,59
-24,1,59
-24,1,59
-24,1,59
-22,1,60
-23,1,59
-23,1,60
-23,1,60
-23,1,59
-24,1,59
-24,1,59
-24,1,59
-25,1,58
-25,0,59
-26,1,59
-26,1,59
-26,1,58
-28,1,57
-29,1,57
-27,1,58
-28,1,58
-29,1,57
-28,1,58
-28,1,57
-28,1,57
-29,1,58
-28,2,58
-29,3,57
-30,3,56
-34,5,55
-35,5,54
-36,2,52
-35,1,54
-36,5,56
-35,-1,52
-34,2,55
-34,2,51
-37,3,53
-36,2,55
-34,2,53
-35,2,54
-38,1,52
-38,1,51
-38,2,51
-38,1,52
-37,1,52
-36,2,52
-37,1,53
-38,2,52
-37,2,53
-37,1,52
-38,1,51
-37,2,52
-36,2,53
-37,1,52
-37,1,52
-36,2,53
-36,1,52
-37,2,52
-37,2,52
-36,1,53
-36,1,53
-37,2,51
-37,2,54
-35,0,52
-35,2,54
-37,2,51
-37,2,51
-36,2,53
-37,2,53
-37,2,53
-37,2,52
-37,2,52
-37,1,52
-37,1,52
-37,2,52
-37,1,52
-37,1,52
-38,1,51
-37,2,52
-36,2,53
-37,2,52
-37,2,52
-37,1,52
-37,2,52
-37,2,53
-36,2,53
-36,1,52
-37,1,52
-36,1,51
-38,1,51
-39,2,52
-36,2,54
-36,1,53
-37,1,51
-39,1,52
-38,1,51
-37,2,53
-37,3,54
-36,2,53
-37,1,52
-36,2,52
-39,1,51
-40,2,51
-38,2,52
-37,2,53
-38,1,52
-38,1,51
-37,1,52
-37,2,52
-38,2,52
-40,1,51
-39,1,50
-39,2,51
-40,1,51
-40,2,51
-38,1,51
-39,2,51
-39,2,51
-39,1,50
-40,1,51
-39,2,51
-39,2,51
-39,2,51
-39,1,51
-38,2,50
-39,1,51
-39,2,51
-38,2,52
-39,2,51
-39,2,51
-39,2,50
-40,2,51
-39,2,52
-39,2,52
-39,2,50
-39,2,50
-39,2,50
-40,2,51
-39,2,52
-39,2,51
-40,2,50
-38,1,51
-39,1,51
-40,2,51
-39,2,51
-38,2,51
-39,2,50
-39,2,51
-39,2,51
-39,2,51
-39,2,51
-39,2,51
-39,2,50
-39,2,50
-39,2,51
-39,2,51
-40,1,51
-39,2,51
-39,2,51
-39,1,51
-39,2,51
-39,2,51
-39,2,51
-39,2,51
-39,2,51
-39,2,50
-39,1,50
-39,2,51
-39,2,51
-39,2,51
-40,1,51
-39,2,51
-39,1,51
-39,1,51
-39,2,51
-39,2,51
-39,2,51
-39,2,51
-39,2,51
-39,2,51
-39,2,51
-39,2,51
-39,2,51
-39,2,51
-39,2,51
-39,2,51
-39,2,51
-39,2,51
-39,2,51
-39,2,51
-39,1,51
-38,2,51
-39,2,51
-39,1,51
-38,1,52
-38,2,51
-39,2,51
-39,2,51
-37,2,52
-39,2,52
-39,2,51
-38,2,52
-37,2,51
-39,2,51
-37,3,52
-37,2,52
-38,1,50
-38,2,52
-38,2,52
-38,2,51
-37,2,52
-37,2,52
-38,2,51
-39,2,52
-38,2,51
-38,2,52
-37,3,53
-36,2,53
-37,1,51
-39,2,52
-38,2,51
-38,2,52
-38,2,53
-38,1,52
-38,1,51
-38,2,51
-37,2,51
-38,2,52
-38,1,52
-39,2,51
-39,1,51
-37,2,51
-38,2,52
-39,3,52
-37,2,52
-38,2,51
-39,2,51
-38,1,51
-38,2,51
-38,3,53
-37,2,52
-38,1,51
-39,1,51
-38,2,51
-38,2,52
-38,2,52
-38,2,52
-38,2,51
-38,2,51
-39,2,52
-38,2,52
-38,1,52
-39,2,51
-39,2,51
-40,2,50
-38,2,51
-38,1,51
-39,2,51
-40,2,51
-39,2,51
-39,2,52
-39,1,50
-39,1,51
-38,1,51
-40,1,50
-41,2,52
-38,2,52
-39,1,51
-41,2,51
-40,1,50
-40,2,49
-41,1,50
-40,1,49
-39,1,51
-39,1,51
-37,1,51
-41,2,49
-47,2,46
-43,3,48
-40,2,51
-41,2,49
-42,1,48
-41,1,48
-43,2,48
-42,2,49
-42,1,50
-42,1,48
-43,1,46
-43,1,46
-44,3,49
-41,2,49
-41,2,49
-43,2,48
-43,1,47
-43,0,48
-44,2,48
-43,2,49
-43,2,48
-43,1,48
-42,1,47
-44,2,48
-44,3,48
-41,2,50
-42,1,48
-43,1,48
-42,2,47
-44,3,48
-42,2,49
-42,1,48
-44,2,47
-43,2,48
-42,2,48
-43,2,49
-42,2,48
-43,1,47
-44,2,47
-42,2,48
-42,1,49
-44,2,48
-43,1,47
-44,2,48
-43,2,49
-42,1,48
-42,2,48
-41,3,50
-43,2,49
-43,1,46
-42,1,47
-43,2,47
-43,1,47
-43,1,49
-43,1,48
-43,2,47
-43,1,48
-42,0,47
-45,2,48
-43,2,47
-44,1,47
-43,1,46
-43,1,47
-43,1,46
-45,2,47
-43,1,47
-44,1,47
-45,1,47
-44,1,47
-44,1,47
-45,1,46
-44,1,47
-45,1,47
-45,1,47
-44,1,46
-45,1,47
-45,1,45
-43,1,47
-44,1,48
-44,0,45
-45,1,46
-43,0,45
-44,1,47
-43,2,49
-45,3,46
-48,1,43
-48,1,42
-46,1,45
-44,3,48
-45,2,47
-45,1,45
-46,1,44
-48,2,44
-46,2,45
-45,2,47
-44,1,45
-47,1,43
-47,0,43
-46,2,45
-45,3,46
-45,2,47
-44,0,44
-46,0,44
-45,1,44
-45,2,46
-45,1,46
-44,1,47
-45,1,45
-47,1,44
-45,1,45
-45,1,47
-45,2,46
-45,1,46
-45,0,45
-47,1,46
-45,2,46
-40,1,47
-44,0,46
-46,0,45
-43,1,48
-40,1,49
-46,1,45
-47,1,44
-42,1,48
-41,1,49
-45,1,46
-45,0,45
-46,0,44
-48,1,44
-42,3,50
-43,3,49
-46,1,43
-48,1,42
-48,1,42
-46,1,44
-43,2,47
-45,1,45
-46,0,44
-44,1,45
-44,0,45
-46,1,46
-45,1,46
-47,1,43
-47,1,42
-47,0,42
-47,0,42
-48,1,44
-46,2,45
-47,0,43
-47,0,42
-47,0,43
-47,1,43
-46,1,44
-46,1,45
-47,0,43
-47,-1,43
-46,1,44
-46,1,45
-47,1,44
-46,1,45
-46,0,44
-47,1,44
-46,1,44
-46,1,45
-46,0,45
-47,0,44
-47,1,44
-46,1,45
-46,0,44
-47,1,45
-46,1,44
-46,0,45
-46,0,45
-46,1,45
-46,2,45
-46,2,46
-45,1,46
-45,1,45
-46,1,45
-46,2,45
-46,1,45
-46,2,45
-45,2,45
-46,2,45
-45,1,46
-45,1,46
-45,1,45
-46,2,46
-44,2,46
-45,2,46
-45,2,46
-45,2,46
-45,2,45
-45,2,45
-45,1,45
-45,1,45
-45,1,46
-46,1,45
-45,0,45
-46,1,46
-46,2,46
-45,1,46
-44,1,46
-45,1,45
-47,2,46
-44,1,46
-44,1,47
-46,2,46
-44,2,46
-46,1,45
-47,1,45
-45,2,47
-45,0,45
-45,1,46
-44,-1,46
-45,1,46
-45,1,45
-45,1,46
-45,2,46
-46,1,46
-44,-1,44
-45,0,45
-45,1,44
-46,1,45
-46,1,46
-46,1,46
-45,1,44
-45,1,45
-45,1,45
-45,1,46
-45,1,46
-46,0,44
-45,0,45
-45,1,45
-45,2,46
-45,1,46
-46,0,45
-46,0,45
-46,1,44
-47,1,45
-45,2,47
-44,0,45
-45,0,44
-46,1,45
-46,1,45
-46,0,44
-44,1,46
-45,2,47
-46,1,44
-46,1,45
-46,1,44
-46,1,45
-45,1,45
-45,1,45
-46,1,46
-46,1,45
-45,0,45
-46,1,45
-46,1,45
-46,1,46
-45,0,46
-46,1,45
-45,1,44
-45,1,45
-46,2,46
-46,1,46
-45,0,45
-46,1,45
-45,1,44
-46,1,46
-45,2,46
-46,0,44
-47,0,45
-45,0,46
-45,1,45
-46,1,45
-45,2,46
-46,1,46
-46,0,45
-45,0,45
-46,1,45
-45,2,46
-45,1,45
-46,1,45
-46,0,45
-45,0,45
-45,1,46
-45,1,45
-46,1,45
-45,1,45
-45,1,46
-46,1,45
-45,1,45
-45,1,46
-46,1,45
-46,1,45
-45,1,46
-46,0,45
-46,0,45
-46,1,45
-46,1,45
-45,1,46
-45,1,46
-46,1,45
-46,1,45
-46,0,45
-45,0,45
-46,1,45
-46,1,45
-45,1,46
-45,1,45
-46,1,46
-45,1,46
-45,0,45
-45,1,45
-46,2,46
-45,1,46
-45,1,46
-46,1,45
-46,1,45
-45,1,46
-45,1,46
-45,2,46
-46,1,45
-46,1,45
-45,0,45
-44,1,47
-46,1,45
-45,1,46
-44,1,46
-46,0,45
-46,1,46
-45,1,46
-45,1,45
-46,1,46
-44,1,46
-45,1,46
-45,0,45
-45,0,45
-44,1,46
-45,2,46
-44,2,47
-45,1,46
-46,0,45
-45,1,47
-44,2,46
-45,1,46
-44,2,48
-43,0,46
-46,0,45
-45,0,45
-44,1,47
-44,1,46
-44,2,46
-45,1,46
-44,0,46
-46,0,46
-45,1,45
-45,2,46
-44,1,47
-44,1,47
-46,1,45
-45,1,45
-46,1,47
-44,1,46
-45,2,46
-44,1,45
-44,1,45
-46,1,47
-44,1,46
-45,1,46
-45,1,47
-44,2,46
-44,2,46
-45,0,45
-45,2,47
-45,1,46
-45,0,46
-44,1,47
-44,1,45
-45,1,46
-44,0,46
-44,2,46
-45,2,47
-45,1,46
-44,0,47
-44,1,46
-45,1,45
-45,0,46
-45,1,47
-45,1,46
-45,1,46
-45,1,47
-44,1,46
-45,1,46
-46,0,46
-45,1,46
-45,1,47
-45,1,46
-45,1,47
-44,1,45
-44,1,46
-44,1,46
-43,0,46
-44,1,47
-46,1,45
-45,2,48
-44,0,46
-46,1,45
-45,1,45
-45,1,46
-46,2,47
-44,1,46
-45,1,46
-45,1,45
-45,1,46
-45,1,45
-46,1,45
-45,0,46
-45,1,46
-47,1,45
-45,2,46
-45,0,46
-46,0,45
-45,1,45
-45,2,46
-46,1,45
-45,1,46
-45,1,44
-46,1,45
-45,1,46
-46,1,46
-45,1,46
-45,1,46
-46,1,45
-46,1,45
-45,0,46
-46,1,46
-45,1,45
-46,1,45
-45,1,48
-45,0,45
-46,0,43
-45,2,46
-44,2,47
-45,1,45
-46,1,46
-45,1,46
-46,1,45
-45,1,46
-45,1,46
-45,2,46
-45,1,46
-44,0,45
-45,1,46
-45,1,45
-46,1,46
-45,1,46
-45,2,45
-45,1,47
-44,1,46
-46,1,46
-45,0,45
-45,2,46
-46,2,46
-44,1,46
-44,0,46
-44,1,46
-45,1,45
-45,1,45
-45,1,46
-45,2,46
-43,1,47
-44,1,47
-45,1,46
-45,1,46
-45,2,46
-45,2,46
-45,2,47
-43,1,48
-44,1,46
-45,2,46
-45,1,46
-45,1,46
-44,1,46
-45,2,47
-44,2,47
-44,1,46
-45,1,46
-45,1,45
-45,1,45
-44,2,47
-43,2,48
-44,1,46
-45,1,46
-44,0,45
-45,1,46
-45,2,46
-44,3,48
-44,1,48
-43,0,47
-45,0,46
-46,0,45
-43,2,47
-43,2,46
-44,2,47
-43,1,48
-44,0,46
-44,0,46
-45,1,44
-43,2,46
-44,2,48
-44,1,48
-44,1,47
-45,1,45
-46,1,45
-45,1,47
-43,1,46
-44,2,47
-44,1,47
-45,0,46
-44,0,46
-45,1,44
-46,2,46
-45,3,48
-43,2,47
-44,1,47
-44,1,46
-45,0,46
-45,0,45
-45,2,45
-45,2,46
-43,1,47
-44,1,47
-44,1,46
-45,1,46
-45,2,46
-44,1,45
-45,1,47
-42,1,48
-44,1,47
-46,1,45
-45,0,45
-44,1,47
-43,1,47
-46,3,46
-44,1,46
-44,0,46
-44,0,45
-45,0,45
-45,1,46
-43,1,47
-46,2,47
-46,0,46
-46,0,45
-45,1,46
-45,2,46
-45,1,45
-47,1,45
-45,1,46
-46,1,45
-45,1,45
-45,1,44
-47,1,44
-46,0,45
-46,1,46
-44,1,45
-46,1,45
-47,0,45
-46,1,45
-46,1,44
-47,1,44
-47,1,46
-44,0,45
-46,1,44
-47,1,44
-45,1,45
-45,1,45
-46,1,44
-47,1,45
-46,2,46
-47,1,44
-45,0,45
-46,0,45
-46,1,44
-47,1,45
-45,2,45
-46,1,46
-46,1,44
-46,1,45
-45,1,44
-46,1,45
-46,0,44
-45,2,45
-46,1,46
-45,0,45
-46,1,46
-47,1,44
-46,1,45
-45,2,46
-46,1,46
-46,1,45
-47,1,45
-46,0,44
-45,1,45
-47,2,46
-47,1,46
-46,1,45
-47,1,45
-45,1,43
-46,1,45
-45,1,45
-45,1,45
-47,1,45
-45,1,46
-45,1,46
-46,0,44
-46,0,44
-47,2,46
-45,2,46
-46,1,45
-46,1,45
-45,1,45
-46,0,45
-46,2,45
-47,2,45
-46,2,46
-46,1,43
-48,1,45
-45,1,45
-46,1,46
-45,1,46
-46,1,45
-46,1,46
-45,0,46
-45,1,44
-47,3,44
-46,2,45
-45,0,46
-46,2,46
-46,1,44
-46,1,44
-46,1,45
-47,3,46
-45,1,45
-46,1,44
-46,1,45
-45,1,45
-46,1,45
-46,1,45
-47,2,46
-44,1,46
-46,2,45
-47,2,44
-44,1,46
-45,1,46
-47,1,44
-45,1,44
-45,2,45
-45,2,46
-46,1,45
-46,1,46
-46,1,45
-46,1,45
-46,2,44
-46,2,45
-45,1,46
-46,1,46
-45,2,46
-45,1,45
-46,1,45
-45,1,45
-46,2,45
-45,1,45
-45,1,46
-46,1,46
-45,1,45
-46,2,44
-46,2,44
-45,1,46
-44,1,47
-45,1,44
-47,2,45
-46,1,46
-45,1,45
-45,1,45
-46,2,45
-46,2,45
-45,1,46
-45,1,46
-46,1,45
-46,1,45
-45,1,44
-45,2,45
-45,2,46
-45,1,45
-46,1,45
-46,1,44
-45,1,45
-46,2,45
-46,1,45
-45,2,46
-46,1,46
-45,1,45
-45,1,45
-45,1,44
-45,2,45
-47,2,46
-44,1,47
-45,0,46
-46,1,45
-46,1,44
-45,2,45
-45,2,46
-45,2,46
-45,1,46
-46,1,45
-46,1,45
-46,2,46
-45,2,46
-46,1,45
-45,1,46
-45,1,45
-45,1,44
-46,1,45
-45,2,46
-45,1,45
-45,2,45
-45,2,46
-45,2,46
-46,1,45
-46,2,45
-45,2,46
-45,1,46
-44,1,45
-46,2,44
-46,2,45
-44,1,46
-45,2,46
-46,1,45
-44,1,46
-45,2,45
-46,1,45
-44,1,45
-47,2,46
-45,1,45
-45,2,46
-45,2,45
-45,2,46
-44,1,46
-45,1,45
-46,1,45
-45,1,46
-45,2,46
-46,1,46
-45,1,46
-45,1,45
-45,1,45
-45,1,45
-45,1,46
-45,2,46
-45,1,45
-46,1,45
-46,1,45
-45,1,46
-45,1,45
-45,2,45
-45,1,46
-45,2,46
-46,1,45
-45,1,45
-45,1,45
-45,1,45
-46,0,45
-46,0,45
-45,2,45
-46,3,46
-46,1,45
-45,1,45
-45,1,45
-45,1,45
-46,1,45
-46,1,45
-45,2,45
-46,2,45
-45,2,46
-45,1,46
-47,1,45
-45,1,45
-45,1,46
-45,2,45
-47,2,44
-45,1,46
-45,1,46
-46,1,45
-46,2,45
-45,1,45
-45,1,46
-46,2,45
-46,1,45
-45,1,45
-46,1,44
-45,1,46
-44,1,46
-46,1,44
-46,2,45
-45,1,46
-45,1,45
-46,1,44
-46,1,45
-43,2,48
-44,1,45
-47,2,44
-44,0,46
-45,1,44
-45,2,45
-46,0,46
-46,1,46
-45,2,45
-45,2,45
-45,1,46
-45,2,46
-45,2,46
-47,1,45
-45,1,45
-45,2,46
-45,1,46
-46,1,45
-45,1,45
-45,1,45
-45,1,45
-45,1,46
-45,1,46
-46,1,44
-46,2,45
-45,1,46
-46,1,45
-46,1,44
-46,1,46
-44,1,47
-45,1,44
-46,1,45
-45,1,46
-46,1,45
-45,1,45
-45,1,45
-45,1,46
-45,1,46
-46,1,45
-45,1,46
-46,1,45
-45,1,45
-45,1,45
-45,1,46
-45,1,46
-46,1,46
-45,1,46
-45,1,45
-46,1,45
-45,1,45
-45,1,46
-45,1,45
-46,1,45
-46,0,45
-45,1,45
-46,1,45
-45,2,45
-44,0,45
-46,-1,45
-44,3,48
-45,1,46
-47,2,45
-43,3,45
-48,-1,44
-44,0,45
-43,1,46
-47,2,45
-46,1,45
-45,1,45
-45,2,46
-45,1,46
-46,1,44
-46,1,45
-45,1,46
-45,2,46
-45,2,45
-45,2,45
-45,1,45
-46,1,45
-45,2,46
-45,1,45
-45,1,45
-47,2,45
-45,2,45
-46,1,45
-47,1,44
-45,1,46
-45,1,45
-46,1,45
-45,1,46
-45,1,45
-46,1,45
-45,1,46
-45,1,45
-45,1,45
-45,1,45
-45,1,45
-45,2,46
-45,2,46
-46,1,45
-45,1,46
-45,1,45
-45,1,45
-45,1,45
-45,1,45
-45,1,45
-46,1,46
-45,1,45
-45,1,46
-44,2,46
-45,2,46
-45,1,45
-44,1,46
-46,1,45
-46,1,45
-45,1,45
-46,1,45
-45,1,46
-45,0,45
-46,1,45
-46,1,45
-45,1,45
-45,2,45
-45,2,45
-45,1,46
-45,1,46
-46,2,45
-46,1,45
-45,1,46
-45,2,46
-44,1,46
-45,1,46
-46,1,45
-46,1,44
-44,1,46
-45,1,46
-45,1,46
-45,1,46
-46,1,45
-45,1,45
-45,1,46
-45,1,45
-45,1,46
-46,1,46
-45,1,45
-45,1,46
-45,1,45
-46,1,45
-45,1,46
-45,1,45
-46,1,45
-46,1,45
-45,1,45
-46,1,45
-45,1,45
-46,1,45
-46,1,45
-45,1,46
-45,1,45
-47,1,44
-46,1,44
-45,1,46
-44,1,46
-46,1,44
-45,1,45
-44,1,46
-46,1,45
-45,1,45
-44,2,47
-44,2,47
-44,1,47
-44,1,46
-44,0,47
-43,0,47
-44,1,46
-45,2,45
-45,1,47
-43,0,47
-43,0,46
-44,1,46
-44,1,47
-43,1,48
-44,1,47
-44,0,46
-44,2,47
-43,2,47
-44,-1,46
-45,-1,45
-44,3,47
-40,3,52
-38,2,51
-42,3,49
-42,2,48
-43,2,47
-42,2,49
-42,2,49
-42,2,48
-44,2,47
-45,1,47
-43,2,48
-42,2,48
-45,2,47
-45,2,46
-44,1,47
-44,1,47
-45,2,46
-44,2,46
-43,1,48
-43,1,47
-45,1,45
-45,2,45
-45,1,46
-44,1,47
-45,2,46
-45,1,47
-44,1,47
-44,2,46
-45,2,46
-44,1,47
-44,1,47
-45,1,45
-45,1,46
-44,2,47
-45,1,46
-44,2,46
-44,1,47
-45,2,46
-45,1,46
-45,1,46
-45,1,47
-44,2,47
-45,2,46
-46,1,46
-44,1,46
-44,1,46
-45,2,46
-44,2,46
-44,1,46
-44,1,46
-45,2,46
-44,1,46
-46,1,45
-46,1,45
-43,2,48
-44,2,46
-46,2,46
-44,2,47
-45,1,45
-45,1,45
-44,2,47
-44,2,47
-45,2,45
-45,1,46
-44,1,46
-45,2,46
-44,1,46
-45,2,47
-45,1,46
-45,1,46
-45,1,46
-44,1,47
-44,2,47
-45,2,46
-45,2,46
-45,2,45
-45,2,45
-45,1,46
-44,2,46
-44,2,47
-45,2,46
-45,1,45
-45,1,46
-45,1,46
-45,1,45
-45,2,46
-45,2,46
-44,2,46
-45,1,46
-45,2,46
-45,2,46
-45,1,46
-45,1,46
-44,2,46
-45,1,45
-45,2,45
-45,2,46
-45,2,46
-45,1,46
-45,1,46
-45,2,46
-45,2,46
-45,2,46
-45,1,46
-45,1,45
-45,1,46
-44,2,46
-45,2,46
-45,1,46
-45,1,46
-45,1,45
-45,2,45
-45,1,46
-45,1,46
-45,2,46
-45,2,45
-46,1,45
-46,1,45
-44,2,46
-45,2,44
-45,1,44
-43,-2,45
-44,1,47
-46,3,42
-48,2,44
-44,1,48
-44,0,47
-47,3,44
-45,2,45
-44,1,46
-45,1,46
-45,2,45
-45,1,46
-46,1,46
-45,1,45
-45,1,46
-46,1,45
-45,1,45
-45,1,46
-45,1,45
-45,1,46
-45,2,45
-45,1,45
-45,1,46
-46,1,45
-45,1,46
-45,2,45
-46,1,45
-45,1,46
-45,1,45
-45,1,45
-45,1,45
-45,1,46
-45,1,46
-45,1,45
-45,1,45
-45,1,45
-45,1,46
-45,2,46
-45,1,45
-45,1,45
-45,1,45
-45,2,46
-45,1,45
-45,1,45
-46,1,45
-45,1,46
-45,1,46
-45,2,45
-45,2,45
-45,1,45
-45,1,46
-45,1,45
-45,1,45
-45,1,46
-45,1,45
-46,1,45
-45,1,46
-45,2,46
-46,1,45
-45,1,45
-45,1,46
-45,1,46
-45,2,45
-46,1,45
-45,1,46
-45,2,45
-45,2,45
-45,1,46
-45,0,45
-46,2,44
-46,1,45
-45,1,46
-45,1,46
-45,1,45
-45,1,45
-45,1,46
-45,1,46
-45,1,46
-45,1,45
-45,1,46
-45,1,46
-45,1,46
-45,2,46
-45,1,45
-46,1,45
-45,2,46
-45,1,46
-45,1,46
-45,1,45
-45,1,46
-45,1,45
-45,1,45
-45,1,46
-45,1,46
-45,1,45
-45,1,45
-45,1,46
-45,1,46
-45,1,45
-45,1,45
-45,2,46
-45,1,46
-45,1,45
-45,1,46
-44,1,45
-46,2,46
-46,2,46
-45,1,46
-46,1,45
-45,1,44
-44,1,46
-45,1,46
-45,2,46
-45,1,46
-45,1,46
-45,1,46
-44,2,46
-45,1,46
-44,1,46
-44,1,47
-44,1,47
-44,1,46
-44,1,46
-44,1,46
-45,2,47
-44,2,47
-44,1,47
-45,1,46
-44,2,46
-44,1,46
-45,2,47
-43,2,47
-44,1,47
-45,1,46
-44,1,46
-44,1,46
-44,2,47
-44,1,48
-44,1,46
-44,1,47
-44,1,46
-44,1,46
-44,2,48
-44,2,48
-44,0,46
-45,1,45
-44,1,46
-45,2,47
-45,2,47
-44,1,47
-44,1,47
-44,2,45
-44,1,45
-45,2,47
-44,2,47
-45,1,46
-45,1,46
-44,1,46
-45,1,46
-44,2,47
-45,1,47
-44,0,45
-45,2,46
-44,1,46
-45,2,47
-45,1,47
-44,1,46
-46,2,45
-45,1,45
-45,2,47
-44,2,47
-45,1,46
-44,0,45
-45,1,46
-44,1,45
-44,2,46
-45,2,47
-44,0,45
-45,1,46
-45,2,45
-45,2,47
-46,2,47
-45,1,44
-47,1,44
-47,2,46
-45,2,46
-45,1,46
-44,0,45
-45,0,43
-47,2,44
-45,2,47
-44,1,46
-46,0,44
-46,1,44
-46,2,46
-45,1,46
-45,1,45
-46,1,44
-46,2,44
-47,1,45
-46,1,45
-46,1,45
-48,3,45
-46,1,44
-46,1,45
-46,1,44
-46,2,43
-46,1,45
-46,1,45
-46,1,45
-46,1,44
-47,2,45
-46,2,45
-46,1,45
-45,0,44
-46,1,44
-46,1,44
-46,1,45
-46,2,45
-47,1,45
-46,1,44
-46,2,45
-46,2,45
-46,1,45
-46,1,44
-46,2,44
-46,2,45
-46,1,46
-46,1,45
-46,1,44
-46,2,44
-46,2,46
-46,1,45
-46,1,45
-46,1,44
-46,1,43
-46,2,46
-45,2,46
-46,1,44
-46,1,44
-46,1,44
-47,2,44
-46,2,47
-45,2,45
-46,1,44
-46,1,44
-46,2,44
-46,2,46
-46,1,46
-47,1,43
-47,2,44
-46,1,45
-47,2,45
-46,2,46
-45,1,44
-47,1,44
-46,1,44
-45,2,46
-45,2,46
-46,1,45
-45,1,45
-46,2,45
-46,2,44
-46,2,45
-45,2,46
-45,1,46
-45,1,44
-46,1,44
-46,2,45
-45,2,46
-45,1,45
-46,1,45
-46,1,45
-45,1,46
-47,2,45
-46,2,45
-46,1,46
-45,1,45
-46,2,45
-45,1,45
-44,1,45
-45,2,46
-46,1,45
-45,1,46
-45,1,46
-45,1,45
-45,1,46
-45,2,46
-45,1,45
-46,1,44
-47,1,45
-44,1,46
-44,3,48
-44,3,46
-46,2,46
-44,1,45
-42,1,48
-43,0,46
-49,2,42
-43,2,48
-42,1,48
-45,1,46
-45,2,45
-46,1,46
-46,1,45
-45,1,46
-46,1,45
-45,1,46
-45,1,46
-46,1,45
-47,1,45
-46,1,46
-46,1,45
-45,1,45
-45,1,46
-46,1,44
-46,1,45
-45,1,46
-46,1,46
-45,0,44
-46,1,45
-45,1,45
-47,1,45
-47,1,44
-46,1,45
-45,1,44
-47,1,44
-46,1,45
-46,1,45
-46,1,44
-46,1,45
-46,0,44
-47,1,44
-46,0,44
-45,1,45
-46,1,45
-46,1,45
-46,1,45
-47,0,44
-46,0,44
-46,1,45
-47,1,44
-45,0,45
-46,1,45
-47,1,44
-47,2,45
-46,1,45
-47,1,44
-47,1,43
-46,1,45
-46,1,44
-47,2,45
-46,1,44
-47,0,45
-46,1,44
-46,1,45
-46,1,44
-46,2,45
-46,1,45
-46,1,45
-47,1,44
-45,1,45
-46,1,44
-47,2,45
-45,1,45
-46,1,45
-47,1,45
-46,1,45
-45,1,45
-46,1,43
-46,1,45
-46,1,45
-46,1,45
-46,1,44
-46,1,43
-47,1,45
-46,2,45
-46,1,44
-47,1,45
-46,1,44
-46,1,43
-46,1,44
-46,1,44
-47,1,44
-47,1,45
-46,1,45
-47,1,44
-46,1,43
-46,0,44
-46,1,44
-46,1,45
-47,1,45
-46,0,44
-47,1,43
-46,1,45
-47,2,45
-46,1,44
-46,0,45
-46,1,44
-46,2,44
-46,1,44
-46,1,44
-46,1,45
-46,1,45
-47,1,45
-46,1,45
-45,2,44
-47,1,44
-46,1,45
-46,1,45
-47,1,44
-46,1,45
-46,1,45
-46,1,44
-47,2,45
-46,1,45
-46,1,44
-46,1,45
-46,1,44
-47,1,44
-46,1,45
-46,1,45
-47,1,44
-46,1,45
-45,1,44
-47,1,44
-46,2,46
-45,1,45
-46,1,45
-46,1,44
-46,1,45
-46,1,44
-46,1,44
-46,1,45
-46,1,45
-47,1,45
-46,1,45
-46,1,45
-46,1,45
-45,1,45
-46,1,45
-46,1,45
-45,1,45
-46,1,44
-46,1,45
-46,2,45
-46,1,45
-46,1,45
-45,1,44
-46,1,44
-46,1,44
-46,1,44
-47,1,45
-46,1,45
-46,1,45
-47,1,45
-45,1,45
-46,1,44
-47,1,45
-46,1,45
-46,1,46
-47,1,45
-46,1,45
-46,1,44
-46,1,45
-46,1,45
-46,1,45
-46,1,45
-46,1,44
-46,1,45
-46,1,45
-46,1,45
-46,1,44
-46,1,44
-46,1,45
-46,1,45
-46,1,45
-46,1,45
-47,1,44
-46,1,45
-45,1,45
-46,1,45
-45,1,45
-46,2,45
-47,1,44
-47,1,45
-46,1,46
-46,2,44
-47,1,45
-46,1,46
-44,1,47
-44,2,47
-45,2,46
-44,1,46
-43,1,47
-44,1,47
-45,1,46
-43,0,47
-42,1,49
-43,2,49
-43,2,47
-44,2,47
-43,1,48
-41,1,49
-41,2,49
-42,2,50
-40,2,50
-39,2,51
-39,2,50
-38,1,52
-37,1,52
-37,1,51
-37,2,53
-37,2,53
-37,1,52
-38,1,52
-37,1,52
-37,2,52
-37,1,52
-38,1,51
-37,2,52
-38,2,52
-38,1,51
-39,1,51
-37,1,52
-37,1,52
-39,1,51
-39,2,51
-38,2,51
-38,2,51
-38,1,50
-40,1,51
-38,2,52
-39,2,51
-39,1,50
-39,1,50
-39,2,51
-40,1,50
-40,2,51
-40,2,51
-39,1,51
-39,0,50
-40,1,50
-40,2,51
-39,1,50
-38,2,52
-38,2,52
-38,1,50
-39,1,52
-39,1,51
-39,1,51
-39,1,50
-40,0,50
-40,2,51
-39,1,50
-41,1,49
-42,1,50
-40,1,50
-39,1,50
-40,1,51
-39,1,51
-40,1,51
-39,0,51
-39,1,51
-40,0,49
-42,2,51
-40,2,51
-40,1,51
-41,1,50
-41,1,49
-41,1,49
-40,1,50
-39,2,51
-40,0,51
-42,2,48
-42,3,50
-38,1,52
-39,0,51
-41,1,50
-40,1,49
-43,0,48
-39,0,51
-36,1,53
-38,1,50
-40,1,49
-42,3,50
-42,2,49
-42,1,49
-41,1,48
-44,1,46
-45,0,45
-44,2,47
-43,1,48
-45,1,47
-44,1,46
-44,2,47
-43,1,46
-44,0,46
-44,2,48
-43,1,48
-44,1,47
-44,1,47
-43,1,47
-44,1,47
-43,1,47
-43,1,48
-42,0,47
-43,1,48
-43,1,47
-43,1,47
-43,2,48
-42,2,49
-42,2,49
-42,1,48
-42,1,47
-43,1,48
-43,2,49
-42,1,48
-44,1,47
-44,1,47
-43,1,48
-42,1,48
-44,0,46
-44,1,47
-41,1,49
-41,2,49
-42,0,48
-42,1,49
-42,1,48
-45,1,46
-46,1,47
-41,1,50
-41,1,49
-44,2,47
-44,1,46
-42,1,49
-41,0,48
-43,1,47
-44,2,48
-43,1,48
-43,1,48
-44,1,47
-43,1,48
-44,1,47
-44,0,45
-43,1,48
-43,1,48
-43,1,46
-43,0,47
-43,0,47
-44,2,47
-44,2,47
-44,0,47
-42,-1,46
-43,2,48
-43,2,48
-43,1,46
-43,1,49
-43,1,48
-43,1,47
-43,0,47
-43,1,48
-42,2,48
-44,2,48
-43,1,48
-42,1,48
-44,1,47
-43,0,47
-43,0,47
-43,1,48
-44,2,47
-44,1,48
-42,0,48
-43,0,48
-43,1,47
-43,2,48
-43,1,49
-41,0,48
-41,0,47
-41,3,49
-41,3,50
-42,1,48
-41,0,48
-41,1,49
-42,1,48
-42,1,48
-43,2,49
-42,1,49
-42,1,49
-42,1,49
-41,2,49
-42,2,49
-42,0,48
-43,2,49
-41,2,49
-43,1,48
-43,0,48
-42,1,49
-42,2,48
-42,1,47
-42,1,49
-41,1,49
-42,2,48
-43,1,49
-41,1,48
-42,1,48
-42,2,49
-42,2,49
-42,1,49
-41,0,48
-42,1,48
-43,1,47
-43,1,48
-42,2,49
-42,1,49
-42,1,49
-42,1,49
-42,1,48
-43,1,48
-43,2,48
-42,1,48
-43,2,50
-41,2,50
-43,1,47
-43,0,45
-44,2,48
-41,2,49
-41,3,50
-42,1,49
-43,0,47
-43,1,48
-42,2,49
-42,2,49
-43,1,47
-44,0,47
-43,1,47
-44,2,48
-44,1,46
-44,2,48
-43,2,48
-43,1,47
-43,1,47
-43,1,48
-42,1,47
-44,2,47
-43,2,47
-43,1,48
-43,1,48
-43,1,47
-44,1,46
-43,1,48
-42,1,48
-44,1,46
-44,2,46
-43,1,48
-43,1,48
-43,1,47
-44,1,46
-43,1,48
-42,1,48
-43,2,47
-44,1,47
-43,0,47
-43,1,47
-44,2,48
-43,1,47
-44,2,48
-43,1,47
-43,1,47
-44,2,48
-43,1,48
-44,1,47
-44,1,46
-43,1,47
-43,1,47
-43,1,47
-43,1,48
-44,1,47
-44,2,47
-44,1,47
-43,1,47
-43,1,48
-43,1,48
-44,1,47
-44,0,46
-44,1,46
-44,2,47
-43,2,47
-43,1,48
-43,0,47
-44,1,46
-44,2,47
-44,2,47
-43,1,47
-42,0,48
-42,1,47
-45,1,46
-44,2,47
-43,2,48
-43,1,47
-43,1,47
-43,1,47
-44,1,46
-44,1,48
-43,2,47
-43,1,47
-43,0,46
-44,0,46
-44,2,47
-43,2,48
-43,1,47
-44,1,48
-43,0,47
-44,1,46
-45,3,47
-43,1,47
-44,1,48
-44,1,47
-44,1,47
-44,1,47
-43,1,47
-42,2,48
-43,2,48
-44,1,47
-43,0,47
-44,1,47
-43,1,47
-43,2,48
-42,2,48
-43,1,46
-44,0,47
-43,1,47
-43,2,47
-44,1,47
-43,1,48
-44,1,48
-44,1,47
-44,2,46
-44,1,46
-43,1,47
-43,1,48
-44,1,48
-43,1,46
-44,1,47
-44,1,47
-43,1,47
-45,2,48
-42,1,47
-44,1,47
-43,1,47
-43,1,47
-44,1,47
-44,2,47
-43,2,47
-43,1,47
-43,0,47
-43,1,47
-44,2,47
-44,2,48
-43,1,48
-44,1,47
-44,1,47
-43,1,47
-44,1,46
-44,1,47
-42,1,48
-43,1,48
-43,1,47
-44,1,48
-43,1,48
-42,1,48
-44,2,48
-42,1,48
-43,1,48
-43,1,47
-42,1,47
-43,1,48
-43,2,48
-44,1,47
-41,1,49
-43,1,49
-44,1,47
-42,0,47
-44,1,48
-44,1,46
-45,2,48
-44,2,48
-43,0,47
-43,1,48
-44,1,47
-44,1,47
-43,1,46
-43,1,47
-42,1,48
-43,1,48
-43,0,48
-42,1,48
-42,1,48
-43,1,47
-44,1,47
-43,1,48
-43,1,47
-45,1,46
-44,1,47
-43,1,47
-44,1,46
-45,1,47
-43,1,47
-44,1,47
-44,1,47
-45,1,46
-44,1,47
-43,1,46
-44,1,46
-45,1,46
-43,1,47
-44,1,48
-44,1,46
-44,1,47
-44,1,47
-43,1,47
-44,1,47
-44,1,46
-44,1,47
-44,1,46
-44,1,46
-44,1,47
-44,1,47
-44,1,46
-44,1,47
-44,0,47
-44,1,46
-44,1,46
-43,1,47
-44,1,46
-45,1,46
-44,1,47
-44,1,47
-44,1,47
-44,1,46
-43,1,47
-44,2,48
-44,0,46
-44,1,47
-45,2,47
-44,1,46
-44,0,47
-44,1,47
-44,1,46
-45,1,46
-43,1,47
-44,1,47
-44,1,47
-44,0,47
-44,1,46
-44,1,47
-43,0,47
-44,1,46
-45,1,46
-44,1,47
-44,0,47
-44,1,46
-44,2,47
-44,1,47
-44,0,46
-44,1,46
-44,2,46
-44,1,47
-44,0,47
-44,1,46
-44,2,46
-45,1,46
-44,1,47
-44,1,48
-47,3,47
-42,0,45
-44,-1,47
-43,1,44
-42,1,45
-45,2,47
-44,1,46
-44,1,48
-45,1,46
-44,1,46
-44,1,47
-44,1,47
-44,2,47
-44,2,47
-43,0,48
-44,1,47
-45,1,46
-44,0,46
-43,1,48
-43,1,48
-43,1,47
-43,1,48
-40,1,50
-40,1,50
-41,1,50
-38,1,51
-36,2,53
-35,1,53
-35,1,54
-30,2,57
-30,1,57
-29,2,59
-24,0,59
-17,-1,61
-12,-2,61
-9,-1,63
-7,-1,63
-5,-1,63
-5,0,65
-7,1,64
-8,0,64
-2,-1,63
1,0,65
-5,0,64
-12,0,64
-9,1,63
-7,0,64
-2,-1,63
-10,4,65
-6,7,61
-11,0,60
-11,2,55
-5,-6,68
-6,5,66
4,1,66
3,6,69
9,0,66
-2,4,65
-2,-4,66
4,0,68
0,6,73
-5,1,77
7,3,55
-18,13,33
3,5,70
1,-3,63
-4,-1,64
-8,-1,62
-3,2,65
0,2,65
-4,1,64
4,1,66
6,2,67
3,1,65
5,1,64
7,3,69
9,0,68
7,-3,63
9,-5,63
12,-9,59
7,-7,57
0,-9,54
0,-9,52
-3,-10,49
-7,-8,60
-5,-5,85
2,-3,69
-11,-15,48
-4,-10,59
2,-14,61
-18,-19,62
-13,-23,56
-20,-25,62
-4,-20,58
-10,-24,60
2,-13,55
-15,-27,57
-7,-26,60
-11,-26,59
-14,-27,57
-15,-26,56
-15,-25,56
-13,-26,56
-13,-27,56
-12,-28,56
-12,-28,55
-13,-29,56
-4,-28,55
-54,24,82
-31,-25,45
-39,-20,42
-40,-29,43
-38,-38,40
-36,-38,41
-31,-30,49
-30,-27,52
-25,-22,54
-31,-20,49
-36,-21,47
-38,-26,45
-36,-27,46
-31,-26,50
-31,-26,50
-34,-25,48
-34,-26,47
-33,-26,48
-34,-26,48
-34,-25,47
-35,-24,47
-37,-24,47
-36,-24,47
-33,-24,49
-32,-25,49
-34,-25,48
-34,-25,48
-33,-25,49
-31,-25,50
-35,-24,48
-35,-24,48
-35,-24,48
-35,-24,48
-35,-23,48
-34,-24,48
-33,-24,49
-34,-24,48
-34,-24,48
-34,-25,49
-34,-24,49
-34,-25,48
-34,-25,48
-34,-24,49
-34,-24,48
-35,-24,48
-35,-24,48
-34,-24,49
-34,-24,48
-35,-24,47
-35,-24,48
-34,-24,49
-35,-24,48
-36,-24,48
-35,-24,48
-34,-24,48
-35,-25,48
-35,-25,48
-34,-24,48
-35,-24,47
-35,-25,48
-35,-25,47
-36,-24,47
-35,-24,48
-35,-24,47
-36,-24,47
-35,-24,47
-35,-25,47
-36,-24,47
-36,-24,47
-35,-24,47
-36,-24,47
-36,-24,47
-35,-24,48
-36,-24,47
-36,-24,47
-35,-24,48
-35,-24,47
-36,-24,47
-35,-24,47
-36,-24,48
-37,-21,50
-37,-29,46
-37,-26,47
-35,-23,48
-37,-25,49
-34,-25,45
-35,-24,47
-36,-24,48
-36,-24,47
-36,-25,47
-35,-24,48
-35,-25,47
-36,-24,47
-35,-25,47
-35,-25,47
-36,-25,47
-35,-25,47
-35,-25,47
-35,-24,47
-36,-25,47
-36,-25,47
-35,-25,47
-35,-24,47
-37,-24,48
-34,-25,46
-35,-25,47
-36,-24,48
-35,-25,47
-35,-25,48
-35,-24,47
-35,-25,47
-35,-25,47
-35,-25,47
-35,-25,48
-35,-25,47
-35,-24,47
-35,-25,48
-36,-25,47
-36,-25,47
-35,-24,48
-35,-24,48
-36,-25,47
-36,-24,47
-35,-23,48
-35,-24,47
-37,-23,46
-36,-23,46
-35,-24,47
-35,-25,48
-36,-25,47
-36,-25,47
-35,-24,48
-35,-24,47
-36,-25,46
-37,-25,47
-36,-24,47
-35,-24,47
-36,-24,47
-37,-25,46
-37,-25,47
-34,-24,48
-35,-24,48
-37,-24,47
-37,-24,46
-35,-24,48
-34,-24,48
-35,-24,47
-36,-23,48
-36,-24,48
-36,-24,48
-35,-24,48
-35,-23,48
-35,-23,48
-36,-24,48
-35,-24,47
-35,-24,47
-36,-24,47
-35,-24,48
-35,-24,48
-36,-24,48
-35,-24,48
-34,-24,48
-35,-24,47
-36,-24,47
-35,-24,47
-34,-24,48
-35,-24,48
-36,-24,48
-35,-24,48
-34,-24,48
-35,-24,47
-35,-24,48
-34,-24,48
-36,-24,47
-35,-24,48
-34,-24,48
-36,-24,47
-35,-24,48
-34,-24,48
-35,-24,47
-36,-24,48
-34,-25,48
-35,-25,47
-36,-24,47
-34,-24,48
-33,-24,48
-36,-25,47
-35,-25,47
-35,-24,48
-34,-25,48
-36,-24,46
-34,-25,48
-34,-25,48
-35,-25,47
-34,-25,47
-35,-24,48
-34,-24,49
-35,-25,48
-34,-25,48
-34,-24,48
-35,-25,48
-34,-25,48
-34,-25,48
-35,-24,48
-34,-25,47
-33,-25,49
-34,-25,48
-35,-24,47
-35,-24,48
-34,-24,48
-34,-24,48
-36,-24,47
-35,-24,48
-35,-24,48
-34,-24,48
-34,-24,48
-33,-24,49
-38,-25,47
-46,-24,44
-45,-23,42
-14,-20,54
-19,-21,57
-25,-25,45
-27,-24,45
-12,-23,58
-7,-23,60
-18,-18,64
-25,-21,51
-24,-20,49
-20,-18,51
-23,-15,52
-29,-16,49
-30,-23,49
-17,-24,59
-22,-18,60
-31,-18,55
-30,-21,57
-31,-20,56
-33,-19,54
-34,-16,53
-32,-12,53
-31,-9,60
-30,-9,62
-31,-6,60
-28,-6,61
-26,-8,58
-27,-10,56
-28,-12,56
-28,-13,56
-27,-13,56
-27,-13,56
-28,-12,57
-28,-12,57
-27,-12,57
-27,-12,56
-27,-13,56
-27,-13,56
-27,-12,56
-28,-12,56
-28,-11,58
-27,-12,58
-26,-13,57
-26,-13,57
-27,-13,57
-27,-13,59
-25,-12,54
-27,-14,50
-26,-13,58
-26,-12,59
-29,-14,56
-28,-14,55
-26,-13,56
-26,-13,57
-27,-14,57
-28,-14,57
-27,-14,55
-27,-14,55
-26,-14,55
-27,-15,58
-28,-15,57
-27,-15,56
-26,-15,56
-27,-15,57
-28,-16,55
-26,-16,55
-26,-15,55
-28,-14,56
-28,-14,56
-26,-15,56
-27,-15,56
-27,-15,56
-28,-15,55
-27,-15,56
-26,-15,56
-27,-15,56
-28,-16,55
-27,-16,55
-26,-15,56
-27,-15,56
-28,-15,55
-28,-15,55
-27,-15,56
-27,-15,56
-27,-15,55
-28,-15,55
-30,-13,58
-31,-12,62
-44,-3,75
-27,-12,76
-14,-14,83
-13,-17,75
-9,-26,85
-46,-40,85
-38,-46,67
-54,-42,23
-51,-46,24
-61,-48,26
-58,-43,25
-26,-38,19
-22,-36,14
-19,-36,15
-11,-33,19
-3,-29,15
-3,-28,14
0,-30,24
7,-32,27
21,-40,39
18,-42,38
4,-50,40
1,-49,42
-9,-51,42
-8,-49,43
-4,-50,43
-9,-52,40
-5,-50,43
4,-50,42
18,-45,47
4,-42,41
-4,-43,33
15,-38,47
14,-36,45
32,-37,36
22,-37,28
21,-42,19
28,-43,18
36,-46,19
35,-47,16
36,-45,17
32,-47,20
24,-49,21
28,-50,25
21,-47,20
27,-45,25
26,-48,35
23,-44,32
22,-42,28
18,-43,30
16,-45,42
11,-49,38
9,-41,35
-2,-40,41
-14,-39,45
-36,-37,56
-37,-36,61
-51,-39,51
-61,-38,48
-50,-35,45
-59,-30,47
-41,-30,53
-30,-29,47
-24,-26,39
-41,-25,43
-27,-18,62
-23,-26,58
-43,-19,50
-40,-19,55
-36,-15,59
-28,-15,58
-29,-16,52
-29,-18,51
-29,-19,52
-29,-19,53
-31,-20,53
-29,-19,55
-29,-18,56
-29,-16,57
-29,-16,57
-29,-18,56
-29,-18,54
-30,-19,53
-30,-19,54
-30,-18,53
-30,-17,53
-30,-16,55
-29,-16,56
-29,-17,53
-30,-17,54
-28,-17,54
-28,-17,55
-29,-18,54
-29,-18,53
-28,-17,54
-28,-17,55
-30,-18,54
-30,-17,54
-27,-17,55
-29,-17,56
-30,-16,54
-28,-15,53
-27,-16,56
-29,-16,56
-29,-17,56
-28,-17,54
-28,-18,55
-28,-18,55
-28,-18,54
-28,-18,55
-28,-17,55
-29,-15,55
-29,-15,55
-29,-17,55
-28,-17,54
-28,-17,54
-28,-17,54
-28,-17,55
-28,-17,55
-28,-18,54
-28,-17,54
-29,-17,55
-29,-17,55
-28,-16,55
-28,-17,55
-29,-17,54
-28,-17,55
-28,-17,55
-28,-16,55
-28,-16,54
-29,-17,54
-29,-15,56
-32,-13,61
-38,-7,66
-28,-5,65
-12,-2,53
-16,9,56
-10,15,48
5,12,52
-2,11,50
-9,3,33
-11,-1,19
-20,7,4
-43,23,12
-85,15,6
-86,23,0
-67,36,2
-95,62,-41
-97,73,-47
-63,70,-23
-28,76,-2
-21,61,-5
-19,69,-4
-54,65,-10
-45,58,-7
-20,49,-15
-7,41,-15
-2,55,-8
-33,65,-19
0,84,-8
8,82,-25
-3,65,-7
11,66,5
13,80,27
15,76,19
14,56,6
9,52,2
3,65,-9
11,54,7
5,56,0
17,57,13
26,52,13
28,68,-4
27,67,2
23,61,4
16,64,-8
25,63,4
18,72,-1
21,72,0
13,62,1
16,61,-9
15,56,-5
12,54,-9
11,51,1
17,57,0
17,55,-4
28,51,-5
35,54,-9
25,54,0
29,54,9
22,56,20
9,59,4
17,55,3
25,47,4
38,45,6
50,63,16
45,62,13
45,63,4
44,57,0
29,52,-5
27,59,-5
28,52,1
22,55,-3
18,49,-9
13,50,-6
15,52,-7
24,53,-16
32,54,-6
30,58,0
38,64,5
39,62,-3
32,57,-2
29,57,1
28,57,-2
25,59,-1
28,65,-1
26,59,-6
29,63,-2
25,60,-5
24,56,-5
23,57,1
21,55,7
17,64,-12
22,60,-5
12,61,1
24,59,-7
15,60,-16
38,50,-16
24,68,8
28,68,-8
7,68,-4
5,69,-8
4,52,-10
4,57,-15
14,69,-4
3,68,-1
16,62,1
3,55,-3
0,55,-9
-15,49,-16
-14,60,-9
-17,73,-9
-26,75,-12
-37,64,1
-51,69,14
-66,66,16
-53,49,25
-83,42,6
-74,47,9
-68,45,11
-72,41,4
-66,27,-8
-59,23,-10
-38,22,-5
-32,20,-7
-24,15,-11
-25,18,-9
-21,26,-8
-35,30,-33
42,102,127
-128,-24,-91
-94,26,-35
-102,9,16
-68,6,0
-40,9,-4
-55,3,-27
-54,5,-31
-62,10,-28
-57,19,-1
-72,27,11
-63,27,-10
-57,24,-14
-59,21,-13
-63,18,-11
-66,10,-2
-61,9,1
-57,13,-8
-60,14,-14
-64,14,-17
-63,13,-15
-60,15,-10
-60,15,-10
-60,15,-13
-61,15,-14
-63,16,-6
-64,18,1
-62,19,0
-60,19,-2
-59,16,-3
-62,15,-2
-62,16,-2
-61,15,-9
-63,15,-13
-64,14,-15
-64,16,-12
-58,16,-9
-58,15,-10
-64,16,-11
-65,16,-5
-59,15,-6
-56,15,-1
-65,16,-8
-64,17,-6
-60,15,-7
-59,16,-5
-63,17,-9
-63,16,-8
-61,16,-6
-62,16,-7
-62,16,-7
-62,16,-7
-61,16,-8
-62,16,-8
-61,16,-8
-61,16,-7
-62,15,-7
-63,13,-8
-62,13,-10
-60,15,-10
-61,15,-11
-63,15,-7
-62,16,-7
-61,16,-8
-61,14,-8
-62,13,-8
-63,14,-9
-61,15,-11
-61,16,-10
-62,15,-9
-62,14,-9
-61,14,-10
-61,13,-11
-61,14,-9
-62,14,-10
-61,14,-10
-61,15,-10
-61,15,-10
-61,15,-10
-61,14,-10
-61,15,-9
-61,15,-9
-61,16,-9
-61,15,-9
-64,12,-9
-63,12,-9
-60,15,-10
-59,17,-10
-62,17,-11
-63,16,-10
-62,13,-6
-61,13,-7
-60,14,-10
-61,15,-11
-62,16,-12
-61,15,-10
-61,15,-9
-62,15,-11
-62,14,-11
-61,14,-10
-61,14,-10
-61,15,-10
-61,15,-10
-61,16,-9
-61,15,-9
-63,13,-9
-62,12,-9
-61,14,-10
-59,16,-11
-61,17,-13
-63,15,-11
-63,14,-7
-61,14,-7
-61,13,-11
-62,13,-13
-62,15,-12
-61,15,-10
-61,15,-9
-61,14,-10
-62,15,-11
-61,14,-10
-61,14,-10
-61,15,-10
-62,15,-10
-61,15,-9
-61,15,-10
-62,14,-9
-62,14,-10
-62,12,-11
-61,14,-11
-61,15,-11
-61,16,-11
-62,16,-10
-62,16,-8
-61,13,-8
-61,13,-10
-62,14,-13
-61,16,-10
-61,16,-9
-61,16,-9
-61,14,-10
-62,14,-11
-61,14,-11
-61,15,-10
-61,15,-10
-61,15,-11
-61,15,-10
-61,15,-10
-62,15,-10
-63,12,-9
-62,12,-10
-60,15,-11
-60,16,-11
-62,15,-11
-63,14,-10
-61,14,-8
-60,14,-8
-61,14,-11
-62,14,-12
-61,14,-11
-61,14,-10
-61,14,-10
-62,14,-10
-61,13,-11
-61,13,-11
-62,13,-12
-61,13,-11
-61,14,-11
-61,14,-11
-61,14,-10
-62,14,-10
-61,13,-10
-61,14,-11
-62,14,-12
-61,14,-13
-62,13,-12
-61,13,-11
-61,14,-11
-61,14,-10
-61,14,-11
-61,14,-10
-61,14,-10
-62,14,-12
-62,14,-12
-61,14,-10
-62,14,-11
-61,14,-12
-62,13,-12
-61,14,-11
-61,14,-11
-62,14,-11
-61,15,-10
-61,15,-10
-61,15,-10
-61,14,-10
-62,14,-10
-61,14,-10
-61,14,-10
-62,14,-10
-61,15,-10
-61,15,-9
-61,15,-10
-62,15,-10
-61,15,-10
-61,15,-10
-62,15,-10
-61,15,-10
-61,15,-10
-61,15,-10
-61,15,-9
-61,15,-9
-61,14,-9
-63,14,-10
-63,13,-10
-61,14,-10
-60,16,-11
-61,18,-12
-62,17,-11
-63,14,-9
-62,14,-9
-60,14,-10
-60,14,-10
-61,16,-10
-61,17,-10
-62,14,-9
-62,13,-8
-61,13,-8
-61,14,-10
-61,17,-12
-61,17,-12
-61,16,-12
-61,16,-11
-61,14,-10
-61,13,-10
-61,13,-10
-61,14,-10
-61,14,-9
-61,15,-10
-61,16,-10
-61,16,-11
-61,16,-11
-61,15,-10
-61,15,-10
-61,14,-10
-61,14,-9
-61,14,-9
-61,15,-9
-61,15,-9
-61,15,-9
-61,16,-9
-61,16,-10
-62,16,-10
-62,15,-9
-61,14,-8
-61,14,-10
-61,14,-10
-61,14,-11
-61,14,-11
-62,14,-11
-62,14,-10
-61,14,-10
-62,14,-10
-62,14,-11
-61,14,-10
-62,14,-11
-62,15,-11
-61,15,-10
-61,14,-9
-62,14,-9
-62,14,-10
-61,13,-10
-62,13,-10
-61,15,-10
-62,14,-10
-62,14,-10
-61,15,-8
-61,14,-10
-62,14,-10
-62,14,-8
-61,14,-8
-62,14,-8
-62,14,-8
-61,15,-8
-61,15,-8
-62,15,-10
-61,15,-9
-61,15,-9
-62,14,-10
-62,14,-10
-61,14,-11
-61,14,-11
-62,14,-10
-62,15,-9
-62,16,-7
-60,16,-6
-59,16,-9
-60,17,-11
-63,14,-14
-63,14,-13
-62,15,-8
-60,14,-6
-60,14,-5
-62,13,-9
-64,15,-13
-60,18,-10
-61,19,-10
-64,18,-13
-64,17,-14
-63,13,-13
-62,11,-12
-60,10,-12
-61,11,-13
-63,13,-13
-64,13,-12
-62,13,-9
-61,12,-9
-61,12,-9
-63,13,-14
-58,8,-10
-61,8,-12
-62,7,-16
-62,7,-17
-61,7,-15
-60,7,-14
-60,7,-12
-60,6,-11
-60,4,-9
-61,6,-11
-66,11,-18
-62,14,-18
-61,9,-15
-60,7,-11
-60,7,-12
-63,8,-17
-66,10,-16
-61,10,-11
-59,9,-12
-60,9,-17
-62,9,-17
-62,8,-17
-61,8,-17
-60,7,-17
-61,7,-17
-62,8,-15
-62,8,-16
-61,8,-18
-61,8,-17
-61,8,-17
-61,8,-16
-62,8,-16
-60,9,-16
-60,9,-16
-62,8,-17
-62,8,-17
-62,8,-15
-61,8,-15
-61,9,-15
-61,9,-16
-61,8,-16
-61,8,-17
-61,8,-16
-61,8,-16
-61,8,-16
-62,8,-16
-62,8,-17
-61,8,-17
-61,8,-17
-61,9,-16
-61,8,-16
-61,9,-16
-61,8,-16
-61,9,-16
-61,9,-16
-61,9,-16
-61,9,-16
-61,9,-16
-61,9,-16
-61,9,-16
-61,9,-16
-61,9,-16
-61,9,-16
-61,9,-16
-61,9,-16
-61,9,-16
-61,9,-16
-61,9,-16
-61,9,-16
-61,9,-16
-61,9,-16
-61,9,-16
-61,9,-16
-61,9,-16
-61,9,-16
-61,9,-16
-61,9,-16
-61,9,-16
-61,9,-16
-61,9,-16
-61,9,-16
-61,9,-17
-61,9,-17
-61,9,-16
-61,9,-17
-61,9,-16
-61,9,-16
-61,9,-17
-61,9,-16
-61,9,-16
-61,9,-17
-61,9,-17
-61,9,-16
-61,9,-16
-61,9,-16
-61,9,-16
-61,8,-16
-61,9,-16
-61,9,-16
-61,9,-16
-61,9,-16
-61,9,-16
-61,9,-16
-61,9,-16
-61,9,-16
-61,9,-16
-61,9,-16
-61,9,-16
-61,9,-16
-61,9,-16
-61,9,-16
-61,9,-16
-61,9,-16
-61,9,-16
-61,9,-16
-61,8,-16
-61,8,-16
-61,8,-16
-61,9,-16
-61,9,-16
-61,9,-16
-61,9,-16
-61,9,-16
-61,8,-16
-61,9,-16
-61,9,-16
-61,9,-16
-61,9,-16
-61,9,-16
-61,9,-16
-64,10,-18
-65,12,-16
-78,14,-26
-78,12,-31
-65,26,-30
-74,25,-38
-62,18,-28
-66,15,-30
-53,13,-15
-51,8,-9
-56,-1,-5
-53,-6,-6
-50,-4,5
-59,-6,2
-62,-9,-4
-60,-11,-5
-59,-8,-5
-69,-8,-10
-73,-5,-6
-68,-2,-1
-60,-2,-5
-56,-2,-10
-55,0,-11
-64,-4,-14
-55,-1,-9
-52,3,-4
-55,4,-4
-58,5,-15
-59,6,-18
-69,5,-22
-66,7,-19
-52,7,-11
-50,7,-10
-41,15,-29
-51,12,-50
-58,11,-41
-54,14,-35
-51,18,-42
-51,19,-39
-48,18,-34
-49,20,-42
-46,19,-44
-39,17,-40
-40,17,-42
-43,18,-48
-43,17,-47
-42,19,-47
-43,19,-46
-41,21,-41
-51,22,-36
-65,20,-32
-74,21,-37
-48,16,-41
-38,12,-37
-46,15,-39
-41,14,-37
-47,19,-32
-52,19,-27
-50,17,-9
-57,16,-14
-68,10,-28
-71,11,-37
-71,2,-59
-71,-3,-63
-77,-4,-61
-73,5,-33
-76,18,-13
-24,20,3
-33,23,14
-26,7,35
-2,11,59
-3,11,64
-25,12,53
-40,10,47
-20,12,56
-5,12,62
1,10,62
-6,7,59
-16,8,59
-11,7,62
-7,7,67
-3,4,70
-3,5,55
-31,8,24
-48,7,32
-50,7,36
-43,3,39
-53,4,30
-54,1,22
-52,2,17
-76,6,44
-83,17,64
-88,11,33
-73,7,19
-52,8,7
-54,7,1
-65,7,4
-69,8,9
-67,10,16
-59,11,21
-57,10,19
-60,9,16
-67,7,8
-65,7,11
-57,7,18
-57,7,19
-64,7,16
-63,7,13
-61,8,14
-61,8,11
-64,10,10
-65,10,9
-66,11,8
-64,10,9
-60,8,12
-61,7,14
-62,7,13
-64,7,8
-63,8,10
-62,8,13
-63,8,12
-63,8,11
-63,8,11
-62,8,12
-63,8,12
-63,8,10
-63,8,11
-62,8,12
-63,8,12
-62,8,12
-62,8,12
-62,8,12
-63,8,11
-63,8,12
-61,8,13
-62,8,13
-63,8,12
-62,8,12
-62,7,12
-63,8,12
-62,8,12
-63,8,12
-63,7,12
-63,8,12
-63,8,12
-63,8,12
-62,8,12
-62,8,13
-62,9,14
-62,9,14
-63,8,11
-63,7,10
-63,7,10
-63,7,10
-63,7,11
-63,7,10
-63,7,11
-63,8,12
-63,8,12
-62,9,12
-62,8,12
-62,8,12
-62,8,13
-62,8,12
-62,8,12
-63,8,12
-63,8,12
-63,8,11
-63,8,11
-63,9,12
-62,9,12
-62,9,12
-62,9,12
-62,7,13
-62,6,13
-62,7,13
-62,8,13
-63,9,12
-63,10,11
-63,9,11
-63,9,11
-63,8,12
-62,7,13
-62,8,13
-62,8,11
-62,7,11
-62,7,12
-62,7,12
-62,8,12
-63,8,12
-63,8,11
-62,9,11
-63,9,12
-62,8,12
-62,8,12
-62,8,12
-62,8,12
-62,8,12
-63,8,12
-63,8,12
-62,8,11
-63,8,12
-63,8,12
-63,8,12
-62,8,12
-62,8,12
-62,8,12
-62,8,12
-62,8,12
-63,8,12
-62,8,12
-62,8,12
-63,8,12
-63,8,12
-63,8,12
-62,8,12
-62,8,12
-63,8,12
-63,8,12
-62,8,12
-62,8,12
-63,8,12
-62,8,12
-62,8,12
-62,8,12
-62,8,12
-62,8,12
-62,8,12
-63,8,12
-63,8,12
-63,8,11
-63,8,12
-62,8,13
-62,8,12
-63,8,12
-63,8,12
-62,8,12
-63,8,12
-62,8,12
-62,8,12
-63,8,12
-63,8,12
-62,8,12
-63,8,12
-63,8,12
-63,8,12
-62,8,12
-62,9,12
-62,9,12
-62,9,12
-62,8,12
-62,8,13
-63,7,13
-62,7,13
-62,8,12
-63,9,10
-63,9,11
-63,8,12
-63,8,12
-62,8,12
-62,8,12
-62,8,12
-62,8,12
-62,8,12
-62,8,12
-62,7,12
-62,7,12
-62,7,12
-63,8,12
-63,8,11
-63,8,11
-63,8,12
-62,8,12
-63,7,11
-63,7,12
-63,7,12
-63,8,11
-63,8,11
-63,8,11
-63,8,12
-62,7,12
-62,7,12
-62,8,12
-62,8,12
-62,8,12
-63,8,12
-62,8,12
-62,8,12
-63,8,12
-62,8,12
-62,8,12
-62,7,12
-63,8,12
-62,8,12
-62,8,12
-62,8,12
-62,8,12
-62,8,12
-62,8,12
-63,8,12
-63,8,12
-62,8,12
-62,8,12
-62,8,12
-62,8,12
-62,8,12
-63,8,12
-62,8,12
-62,8,12
-62,9,12
-62,9,12
-62,8,12
-62,8,12
-62,8,12
-62,8,12
-62,9,12
-63,8,11
-63,7,10
-62,7,11
-62,9,13
-62,10,13
-62,11,13
-63,11,11
-63,10,11
-62,10,12
-62,10,12
-62,10,13
-62,10,13
-62,10,13
-61,11,13
-62,11,13
-62,11,13
-62,11,13
-62,11,14
-60,10,15
-61,11,15
-59,13,15
-60,15,13
-62,17,12
-62,17,13
-63,14,10
-63,13,9
-61,11,11
-60,11,12
-62,11,13
-62,12,13
-60,14,15
-61,13,13
-63,13,11
-64,11,6
-65,10,4
-65,7,4
-64,5,7
-60,3,16
-58,5,19
-60,9,18
-63,9,13
-64,11,4
-63,11,2
-60,12,8
-59,13,16
-71,5,9
-59,3,17
-63,5,11
-66,5,5
-64,12,6
-63,13,5
-59,21,15
-56,21,30
-59,16,23
-59,13,15
-60,12,15
-56,12,21
-57,12,20
-63,12,10
-64,10,2
-61,8,-7
-62,7,-15
-57,16,-48
-88,13,-45
-60,14,-9
-30,14,31
-64,10,28
-68,9,19
-56,7,5
-65,8,-6
-68,14,-1
-65,18,6
-61,11,17
-61,7,9
-60,8,10
-66,8,8
-63,8,6
-60,10,9
-64,11,10
-64,13,15
-60,13,15
-59,14,16
-60,13,14
-64,12,9
-63,11,11
-61,11,14
-61,12,15
-61,13,15
-61,13,14
-62,10,13
-62,10,12
-63,11,11
-63,12,12
-62,11,13
-62,10,12
-82,24,-50
-68,-1,-6
-45,18,70
-35,14,54
-53,13,18
-69,7,3
-70,8,3
-62,15,14
-59,19,20
-58,17,24
-58,13,18
-60,8,18
-60,7,20
-60,8,21
-60,9,20
-60,11,18
-59,10,19
-60,12,20
-60,14,21
-59,14,20
-60,14,19
-61,14,17
-61,14,18
-61,14,18
-62,13,17
-59,11,17
-59,11,18
-60,12,21
-59,13,22
-60,13,19
-59,13,19
-60,13,17
-60,15,17
-60,15,18
-60,15,19
-61,14,17
-60,12,16
-60,12,17
-61,13,18
-60,13,20
-57,13,22
-57,13,21
-60,15,19
-61,16,19
-59,16,20
-57,16,20
-59,16,18
-59,16,19
-60,16,19
-61,16,19
-58,14,19
-59,15,19
-59,16,21
-59,18,23
-58,17,22
-57,16,20
-57,16,20
-59,18,21
-59,20,22
-58,20,22
-58,19,21
-56,18,20
-56,18,19
-58,20,24
-57,20,26
-56,19,25
-57,18,23
-57,19,24
-57,20,24
-59,19,20
-61,18,17
-63,12,14
-62,9,14
-61,6,18
-58,6,24
-54,11,27
-58,13,25
-60,14,23
-62,14,17
-62,14,16
-59,14,18
-59,13,20
-59,13,23
-58,12,24
-58,12,24
-59,12,23
-59,13,21
-59,14,21
-60,14,21
-60,14,21
-59,14,23
-57,13,26
-60,14,27
-60,13,24
-67,12,18
-81,18,25
-66,-1,26
-60,21,29
-61,12,32
-57,10,33
-50,12,35
-47,8,40
-44,3,44
-46,2,47
-46,2,48
-40,-9,42
-38,-6,48
-22,1,47
-24,4,52
-26,13,59
-36,14,58
-68,15,39
-53,7,60
-36,10,64
-35,2,58
-34,-6,54
-40,-11,44
-39,-9,46
-28,-8,49
-20,-11,53
-20,-11,53
-22,-7,51
-19,-3,60
-14,-6,61
-18,2,65
-19,0,65
-25,-5,56
-22,-3,60
-29,-5,56
-19,-5,61
-6,-1,62
-23,-9,60
-13,-2,65
-11,1,67
-16,1,64
-11,1,65
-9,5,65
-17,-9,59
-15,0,61
-15,0,63
-16,-2,62
-17,-2,61
-16,-2,61
-15,1,60
-13,1,60
-16,1,58
-17,2,58
-18,0,61
-19,-1,63
-19,-1,64
-18,-1,65
-19,1,67
-20,1,64
-12,3,63
-17,5,60
-15,7,62
-16,6,64
-18,8,58
-20,9,64
-11,8,62
-14,8,68
-19,9,64
-16,9,67
-15,5,67
-15,6,64
-18,-1,53
-20,-1,51
-16,2,50
-9,1,56
-15,4,59
-17,2,60
-15,2,61
-14,3,64
-16,3,64
-16,1,61
-16,0,60
-13,0,58
-13,2,57
-16,1,56
-18,1,54
-15,5,52
-22,3,51
-25,5,55
-27,4,57
-20,6,62
-21,7,60
-21,3,68
-21,4,66
-30,6,61
-29,7,63
-33,5,59
-36,7,62
-36,9,62
-37,11,57
-36,10,54
-35,9,52
-36,10,53
-34,9,53
-34,10,53
-36,10,55
-37,11,57
-37,13,58
-38,10,57
-36,5,56
-36,3,57
-32,-1,58
-29,0,58
-28,3,58
-28,3,58
-26,2,56
-26,3,55
-27,2,55
-27,1,57
-26,1,56
-28,2,58
-27,3,58
-29,4,58
-31,5,58
-35,5,57
-38,4,55
-47,7,56
-50,9,57
-52,14,57
-55,18,58
-58,21,58
-55,20,57
-51,17,56
-48,14,55
-45,10,54
-44,11,54
-43,9,53
-41,9,53
-38,8,54
-38,8,54
-41,7,54
-40,7,55
-37,7,55
-35,7,55
-33,5,51
-30,3,47
-25,3,47
-23,2,47
-21,2,46
-22,2,43
-19,3,44
-18,1,43
-16,3,44
-18,2,45
-16,2,48
-22,2,50
-25,-1,54
-22,-5,60
-19,-6,60
-14,-3,59
-24,4,60
-13,3,55
-12,2,68
-21,6,67
-22,4,65
-13,1,69
-19,-3,100
-9,-1,55
-15,-10,52
-18,-5,51
-13,-13,54
-18,-2,63
-19,1,65
-18,2,65
-14,-1,66
-15,-1,67
-17,-1,62
-16,-1,59
-13,1,55
-12,3,51
-11,6,42
-4,7,45
-35,6,38
-32,6,42
-36,7,43
-34,7,47
-36,7,49
-37,10,51
-42,14,55
-40,15,54
-41,18,58
-42,17,54
-43,15,53
-36,13,51
-35,14,49
-36,13,42
-36,14,39
-36,17,38
-37,17,37
-34,16,36
-39,16,33
-49,17,35
-48,16,35
-41,19,46
-37,21,57
-46,19,57
-51,22,59
-54,19,63
-64,25,72
-61,26,70
-57,27,67
-47,15,66
-43,12,68
-38,8,71
-39,13,68
-32,12,70
-25,8,64
-20,4,60
-16,-3,55
-13,-3,54
-7,-2,55
-4,0,58
-1,-2,62
-3,-4,63
-5,-3,64
1,-5,65
4,-6,61
-2,-12,57
-1,-12,48
8,-9,51
1,-11,55
3,-11,58
0,-4,62
-1,-7,67
5,-4,83
-7,-6,60
-1,1,72
1,-5,60
-2,-6,68
-2,-9,59
6,-11,54
-2,-7,58
-5,-5,58
-4,-6,59
-6,-5,59
-5,-6,59
-3,-7,58
-4,-6,53
-12,-6,49
-2,-8,53
-7,-6,53
-7,-5,59
-7,-4,60
-9,-5,61
-6,-4,62
-13,-2,70
-21,-2,68
-18,-1,70
-18,0,72
-19,1,70
-24,4,75
-27,6,75
-34,9,73
-39,10,69
-52,14,66
-64,16,60
-53,24,62
-53,26,59
-54,22,53
-56,19,51
-53,24,55
-56,22,42
-46,12,57
-52,11,58
-39,3,65
-37,2,65
-41,2,61
-42,5,59
-34,5,53
-27,7,54
-31,7,58
-33,6,53
-25,5,43
-26,6,44
-21,6,44
-19,4,40
-18,2,39
-15,0,39
-14,-1,39
-8,-1,43
-7,-3,46
-9,-1,51
-9,-1,56
-1,8,67
-11,1,63
-1,4,71
-3,1,67
-4,-2,66
2,-1,67
-10,-10,55
-3,-7,60
-3,-6,58
-8,-6,58
1,-3,58
-10,-2,64
-6,-1,56
-23,-2,66
-16,1,63
-9,-2,63
-9,1,66
-3,1,63
-5,1,65
-7,0,67
-6,2,65
-7,2,76
-4,0,78
-3,-2,70
-5,-1,68
-13,8,47
-12,-6,36
-1,2,47
-8,-3,48
-15,3,49
-16,4,49
-14,0,51
-17,7,62
-28,15,57
-31,7,55
-36,6,66
-29,6,72
-14,8,73
-22,13,72
-27,17,73
-23,20,73
-19,20,72
-18,19,66
-22,18,63
-25,17,59
-24,18,57
-22,17,56
-22,17,57
-24,17,58
-23,18,59
-24,19,62
-25,19,64
-20,16,67
-20,16,67
-11,14,67
-9,12,65
-13,9,57
-14,7,54
-10,7,53
-10,6,52
-9,4,52
-14,6,51
-14,7,53
-12,8,51
-10,5,52
-12,7,49
-10,6,48
-11,6,47
-18,5,46
-14,6,49
-12,8,49
-22,11,50
-26,10,50
-26,9,49
-28,9,48
-32,15,54
-43,15,56
-47,15,61
-45,13,59
-39,11,63
-41,10,66
-41,5,69
-38,8,73
-39,12,73
-41,14,77
-50,8,75
-41,8,67
-41,5,63
-26,4,64
-23,0,65
-17,-2,65
-22,-6,62
-14,-6,66
-14,-6,65
-7,-3,62
-6,-3,61
-11,-7,60
-8,-3,64
-9,-7,59
-10,-2,59
0,-5,56
4,-5,56
3,-4,61
1,-4,59
-8,4,58
-1,2,69
-15,-1,69
0,-4,68
4,-4,71
3,-1,63
11,4,60
4,4,50
1,-9,41
-5,-4,52
-8,-5,51
-10,-1,53
-12,3,51
-16,4,46
-15,5,48
-17,11,49
-24,13,46
-34,13,41
-40,9,46
-51,9,52
-45,12,59
-71,8,58
-43,8,70
-66,14,55
-68,10,52
-69,15,50
-70,5,47
-55,23,47
-81,35,41
-85,30,35
-58,43,29
-58,36,23
-57,39,28
-62,38,25
-62,34,44
-52,27,54
-48,22,56
-58,6,35
-61,25,44
-62,12,46
-62,15,42
-53,7,46
-57,23,48
-46,20,48
-25,18,40
-28,14,33
-42,6,21
-34,5,25
-19,4,34
-10,3,43
-9,4,45
-13,2,47
-10,3,46
-4,-2,49
1,2,55
-3,0,52
-7,1,50
-4,-2,50
-2,-4,51
-3,-6,61
-3,-9,64
-5,-11,70
-13,-10,69
-7,-11,70
-6,-11,68
-2,-4,68
-1,-2,67
-8,-1,60
-6,1,61
-12,3,60
-9,-4,61
-3,4,66
-8,9,79
-2,7,67
-4,6,71
-2,5,73
-2,5,70
0,9,68
0,6,58
4,6,50
-7,-19,45
-2,8,60
-9,0,55
-6,5,59
-15,0,58
-14,3,60
-14,5,58
-9,7,60
-8,8,63
-9,8,61
-10,9,62
-11,10,62
-11,14,60
-11,15,59
-11,14,58
-13,14,55
-16,14,51
-17,12,51
-20,12,49
-23,11,48
-23,14,49
-27,18,52
-30,21,55
-33,27,61
-33,31,65
-32,29,66
-34,25,63
-35,19,60
-41,17,59
-37,19,61
-32,19,59
-34,21,56
-34,21,54
-33,20,50
-31,20,50
-31,20,48
-30,18,45
-22,12,42
-22,12,37
-26,14,35
-28,14,33
-28,15,32
-45,20,33
-45,22,39
-56,14,42
-58,28,47
-58,31,55
-59,28,58
-60,23,58
-60,20,57
-59,17,59
-57,12,59
-61,15,68
-59,20,70
-35,14,66
-24,13,68
-30,-9,58
-25,-11,60
-33,-14,52
-30,-13,49
-24,-3,63
-23,-1,69
-27,9,73
-21,6,68
-14,4,66
-10,-2,58
-15,0,55
-12,-4,47
-8,1,50
-3,4,56
-7,3,52
-5,-1,56
-9,-6,48
5,-3,57
5,2,60
-3,4,71
-5,5,64
-11,0,71
1,4,74
12,3,70
11,0,67
8,-24,48
-11,-5,51
-10,-13,56
-9,-12,59
-6,-9,61
-4,-10,59
-3,-10,59
1,-10,60
3,-10,60
1,-10,60
-3,-9,62
-15,-3,72
-25,2,80
-20,1,77
-18,0,77
-28,0,81
-30,1,80
-31,4,78
-31,5,78
-23,1,72
-22,-1,69
-26,-2,69
-27,-2,69
-21,-1,69
-23,1,69
-25,0,69
-23,-1,69
-22,0,65
-24,1,64
-19,2,60
-14,4,55
-12,7,56
-14,5,47
-12,-1,46
-13,1,49
-12,-2,47
-9,-2,46
-10,-2,47
-10,-3,49
-6,-2,51
-3,-1,56
-3,-2,56
-3,-1,62
-3,-1,63
0,-1,64
1,-1,65
0,-2,62
-1,-3,60
0,-3,61
-1,-3,61
-1,-2,63
-1,-1,64
-2,-2,63
-1,-2,64
-1,-2,64
-1,-2,63
-1,-2,63
0,-2,64
1,-2,64
0,-2,64
0,-2,64
-1,-2,65
0,-3,63
5,0,61
7,-1,59
11,-4,55
12,-6,53
1,-4,54
-2,-5,54
-11,0,64
-15,2,67
-15,7,74
-9,7,75
-6,2,72
-5,1,71
0,0,67
3,3,65
4,5,64
-2,8,65
0,9,66
1,9,65
7,22,56
2,7,60
2,13,66
-2,8,61
4,2,65
5,9,62
5,17,61
3,10,65
6,7,67
-2,8,57
15,6,68
3,17,61
5,9,61
6,19,62
11,16,59
12,15,57
15,14,66
17,13,64
15,16,60
16,16,66
15,20,68
18,15,65
16,15,61
19,11,55
22,14,68
24,4,57
15,15,45
1,8,58
7,6,65
3,8,56
10,9,58
4,6,58
5,4,59
6,5,57
5,5,53
2,5,53
-4,4,53
-4,4,53
-6,6,52
-10,6,49
-9,8,52
-12,10,54
-11,7,52
-16,11,59
-16,10,61
-10,10,61
-10,10,61
-19,8,61
-19,7,58
-17,5,56
-17,5,56
-21,6,56
-22,6,61
-17,9,68
-20,9,69
-23,11,77
-26,12,78
-25,11,83
-28,10,80
-29,9,78
-21,5,79
-10,2,81
-12,2,77
-11,3,72
-11,4,62
-13,1,54
-6,-4,51
-1,-6,49
2,-7,47
6,-2,47
-3,-7,45
-4,-5,54
-3,-2,47
-3,0,61
-11,3,69
-8,4,73
-2,2,81
-7,6,80
-5,4,76
-3,4,73
0,13,78
-2,1,58
3,2,62
1,10,64
1,9,64
1,7,65
-6,23,66
-2,16,62
-5,25,58
-4,18,62
-6,28,66
-3,17,65
-4,19,80
-9,18,70
-1,10,68
10,-2,50
14,4,46
-16,7,50
-22,12,48
-27,17,55
-30,19,55
-19,11,62
-22,14,65
-30,13,71
-30,9,67
-24,5,61
-20,6,64
-26,4,53
-28,5,52
-39,14,57
-37,20,58
-45,22,52
-51,36,56
-55,36,58
-50,40,59
-48,38,65
-53,31,64
-54,31,59
-53,32,59
-49,32,63
-33,32,58
-36,29,53
-40,28,54
-36,33,55
-23,23,52
-21,21,47
-21,19,44
-16,30,42
-15,19,51
-19,21,52
-17,22,51
-16,20,49
-16,19,38
-15,17,32
-13,15,39
-8,14,39
-8,16,41
-7,15,48
-7,13,50
-5,14,55
-2,11,60
-1,9,61
1,8,64
8,10,75
8,14,75
5,14,72
3,12,69
1,15,70
1,15,66
2,18,61
0,18,59
6,11,53
5,18,54
5,16,62
6,14,61
9,17,64
15,19,62
13,18,52
15,13,58
17,13,61
24,16,62
33,15,67
-5,23,61
-4,23,66
12,9,59
12,15,61
5,17,64
4,19,62
-4,15,60
-2,13,57
-5,11,54
-11,12,55
-12,13,53
-10,14,53
-6,19,52
-8,19,54
-13,18,54
-12,17,54
-13,16,54
-12,15,55
-12,15,53
-13,16,56
-15,19,56
-15,17,55
-17,17,54
-12,23,55
-14,20,47
-20,19,42
-25,18,46
-31,12,39
-35,14,43
-34,22,51
-31,17,48
-38,21,52
-42,23,60
-43,26,68
-48,28,68
-38,31,71
-40,24,70
-43,22,68
-43,19,66
-39,18,62
-37,20,62
-34,18,65
-35,17,64
-35,19,67
-33,22,69
-31,19,67
-24,15,61
-17,13,55
-10,5,51
-3,2,56
-2,6,58
0,4,63
-10,10,68
-5,16,68
1,10,65
2,7,63
-1,7,62
-3,8,58
1,5,62
-1,7,62
-2,9,63
-2,8,62
0,7,62
1,4,61
2,2,59
3,2,61
4,1,59
5,5,63
5,7,63
-1,16,66
-1,13,65
2,15,68
4,13,66
1,13,62
2,14,63
2,16,71
3,15,70
17,11,74
-11,14,61
0,7,60
5,6,51
4,5,63
-2,7,65
-14,5,60
-9,7,61
-12,8,63
-11,9,61
-4,9,63
-4,9,63
-4,8,62
-5,8,64
-4,7,65
-5,8,64
-5,8,65
-2,7,65
-4,8,64
-4,9,64
-4,10,64
0,9,64
3,9,64
0,17,62
-7,18,62
-9,12,64
-13,11,64
-13,12,61
-17,11,59
-24,10,57
-27,9,55
-25,8,51
-24,6,50
-30,5,49
-27,7,46
-22,8,44
-24,12,35
-24,13,30
-15,17,25
-17,23,23
-128,23,117
-28,35,120
19,1,40
9,5,33
-70,13,44
-99,15,40
-56,19,48
-43,28,59
-42,19,49
-37,16,42
1,20,48
6,16,44
1,25,47
-1,37,60
-33,38,76
-42,29,61
-43,14,42
-41,9,41
-48,7,45
-42,13,51
-36,15,51
-33,18,50
-35,19,52
-37,16,50
-38,16,49
-39,15,49
-39,16,49
-38,16,49
-38,16,49
-37,16,50
-37,15,50
-38,16,50
-38,16,50
-38,16,49
-37,16,49
-37,16,50
-38,16,50
-38,16,49
-38,16,49
-38,16,50
-38,15,49
-38,15,49
-38,15,49
-38,15,50
-38,16,49
-38,16,50
-38,16,50
-37,16,49
-38,16,49
-39,17,49
-41,18,48
-40,18,49
-34,16,52
-29,14,53
-30,13,53
-36,14,51
-41,15,50
-41,16,50
-45,18,47
-45,16,48
-40,13,52
-42,11,47
-34,11,45
-34,14,50
-31,17,54
-35,19,47
-36,19,46
-36,18,51
-38,16,52
-43,14,51
-42,13,50
-43,14,49
-42,14,47
-37,14,48
-33,14,50
-31,18,47
-35,19,47
-35,14,55
-36,11,57
-35,11,57
-34,14,48
-45,21,38
-52,21,41
-39,20,52
-35,17,51
-37,12,50
-46,9,46
-46,10,46
-39,16,48
-38,18,47
-39,18,48
-39,17,49
-40,15,50
-41,15,47
-42,14,46
-42,14,47
-40,13,48
-40,14,48
-42,14,45
-41,14,44
-44,16,49
-42,16,51
-37,14,50
-40,14,49
-42,15,49
-41,15,49
-40,15,50
-42,15,51
-44,14,50
-43,14,52
-37,14,47
-30,19,46
-28,19,47
-26,17,54
-32,16,54
-39,16,49
-39,17,50
-42,18,49
-43,15,48
-40,9,52
-35,10,51
-37,15,48
-40,21,50
-47,20,43
-45,18,42
-38,16,49
-38,15,53
-39,14,50
-37,14,48
-36,16,50
-37,16,50
-40,15,49
-40,15,49
-40,16,49
-39,17,48
-39,18,48
-37,17,50
-39,13,49
-39,13,48
-41,14,47
-41,15,47
-40,15,48
-40,16,50
-39,16,50
-38,15,49
-38,15,50
-40,14,49
-40,14,48
-39,16,48
-39,17,48
-39,16,49
-38,16,49
-39,15,49
-40,14,48
-41,13,48
-41,13,48
-41,15,48
-40,15,48
-40,15,47
-39,15,50
-39,14,50
-39,15,50
-39,15,48
-40,15,48
-39,16,49
-38,15,50
-38,15,49
-40,14,49
-40,14,49
-42,13,47
-42,14,47
-39,15,48
-38,15,49
-40,15,49
-40,15,49
-40,14,49
-40,14,49
-40,14,49
-41,15,48
-41,15,48
-38,15,49
-39,15,49
-41,13,48
-42,13,48
-39,15,48
-38,16,49
-40,15,48
-41,14,48
-40,14,48
-40,14,48
-40,15,48
-40,15,49
-40,15,49
-40,14,48
-40,14,48
-41,14,48
-40,15,48
-39,15,48
-40,14,49
-40,14,49
-40,15,49
-39,15,48
-40,15,48
-40,15,48
-40,15,49
-41,14,48
-40,15,48
-39,15,49
-39,15,48
-40,15,48
-39,15,48
-39,15,49
-39,15,49
-40,15,48
-40,15,48
-40,15,48
-40,15,49
-39,15,49
-39,15,49
-39,15,48
-40,16,48
-40,16,49
-39,16,49
-40,15,48
-40,15,48
-40,15,48
-40,15,48
-40,15,48
-39,16,48
-39,16,48
-39,16,48
-40,15,46
-39,16,50
-41,16,50
-37,15,50
-37,13,48
-48,14,41
-53,12,37
-42,14,48
-40,15,52
-35,15,52
-37,16,49
-43,17,44
-45,18,43
-44,19,43
-43,18,41
-49,19,40
-51,19,39
-46,18,40
-45,17,43
-45,19,43
-44,17,42
-49,18,39
-51,23,39
-49,25,38
-46,26,36
-44,26,35
-46,26,38
-47,27,37
-44,23,36
-50,25,31
-54,25,30
-53,25,31
-50,23,31
-51,24,31
-50,25,33
-48,24,35
-49,24,34
-51,23,33
-50,19,36
-50,18,37
-51,19,35
-51,19,34
-51,20,36
-50,21,36
-50,21,33
-51,23,33
-50,24,33
-51,23,32
-51,23,32
-50,22,34
-50,22,34
-50,21,34
-51,20,35
-52,20,34
-52,20,34
-50,20,35
-50,19,35
-51,18,36
-51,18,36
-50,20,36
-49,20,35
-50,21,34
-51,22,34
-50,21,34
-50,21,33
-51,20,33
-50,20,35
-51,19,35
-51,19,35
-51,19,34
-51,20,34
-51,20,34
-52,20,33
-52,20,33
-51,20,34
-51,20,34
-51,20,33
-51,20,34
-51,20,33
-51,20,33
-51,20,34
-52,20,34
-51,19,34
-51,20,33
-51,21,32
-51,21,33
-52,20,34
-52,19,33
-52,18,33
-52,18,34
-52,19,33
-52,19,34
-51,19,33
-51,20,33
-51,19,33
-52,19,34
-52,19,34
-51,19,34
-51,19,34
-51,20,33
-52,19,32
-52,19,32
-52,19,33
-52,18,34
-52,18,34
-52,19,34
-51,19,34
-51,18,34
-52,18,34
-52,18,33
-52,18,33
-52,19,33
-52,19,33
-52,19,33
-52,18,33
-52,18,33
-52,18,33
-52,18,33
-52,19,33
-52,19,33
-52,19,34
-52,18,34
-52,18,33
-52,18,32
-52,19,33
-52,19,33
-52,19,32
-52,18,33
-53,18,33
-52,18,33
-52,19,33
-52,18,33
-52,18,33
-52,18,33
-52,18,33
-52,18,33
-53,18,33
-52,18,33
-52,18,33
-52,18,33
-52,19,33
-52,18,33
-52,19,33
-52,19,33
-52,19,33
-52,19,33
-52,19,33
-52,18,33
-52,18,33
-52,18,34
-52,18,33
-52,19,33
-52,19,33
-52,19,33
-52,19,33
-52,19,33
-52,19,34
-52,19,33
-52,18,33
-52,18,33
-52,19,32
-52,19,33
-52,18,34
-52,19,34
-52,19,33
-52,18,33
-52,18,33
-52,19,32
-52,18,33
-52,18,32
-54,16,30
-54,16,31
-56,18,34
-55,18,34
-65,21,32
-58,21,32
-31,13,38
-35,15,38
-44,21,37
-57,27,39
-60,25,39
-58,24,37
-51,30,23
-58,34,24
-56,35,24
-47,38,24
-46,38,22
-58,45,21
-67,50,23
-52,45,13
-36,53,17
-40,60,14
-41,49,15
-48,62,15
-48,63,16
-39,66,13
-40,65,6
-34,51,1
-32,52,0
-30,54,-1
-33,55,-5
-26,55,-3
-24,56,-2
-20,54,0
-19,53,1
-18,48,2
-21,47,3
-22,46,4
-23,47,9
-24,50,9
-25,56,11
-25,56,12
-31,55,14
-29,53,14
-26,53,13
-26,52,12
-24,53,14
-23,52,17
-27,55,17
-28,57,20
-22,59,28
-19,59,28
-21,69,27
-28,74,26
-37,61,15
-39,58,13
-35,57,9
-31,55,7
-21,55,7
-16,57,8
-13,56,8
-15,62,10
-17,70,9
-16,67,5
-17,62,3
-20,60,1
-21,59,1
-22,55,-1
-24,56,-2
-25,59,-1
-23,59,2
-22,59,4
-22,60,4
-23,64,7
-24,66,8
-22,64,11
-20,63,13
-20,63,21
-9,65,35
5,79,86
-20,86,39
-49,60,-4
-41,42,0
-24,45,10
-8,60,15
-4,65,17
-11,69,13
-15,65,7
-23,55,-5
-27,51,-7
-29,49,-8
-29,51,-7
-23,53,0
-22,54,2
-24,55,4
-24,55,5
-19,62,12
-24,65,13
4,89,52
-36,95,19
-63,69,-6
-66,65,-12
-48,56,-11
-34,52,-9
-10,42,6
-8,52,15
-13,57,16
-28,65,9
-28,64,4
-18,55,2
-18,52,3
-19,55,6
-20,60,6
-18,67,4
-18,70,4
-18,70,4
-18,70,1
-21,67,-6
-26,67,-5
-24,68,-10
-20,65,-8
-23,68,0
-22,70,1
-18,66,1
-18,65,0
-23,66,-1
-27,65,2
-6,94,127
4,63,57
-12,43,29
-31,57,6
-30,48,-2
-7,41,4
-8,41,3
-16,43,2
-15,49,4
-19,64,3
-18,68,1
-21,83,-3
-22,85,-3
-30,70,1
-35,60,4
-25,59,-2
-19,64,-6
-13,71,-10
-11,73,-9
-11,62,-4
-11,58,-3
-15,56,-4
-19,54,-5
-25,58,-3
-25,61,8
-17,64,3
-7,72,-9
-9,75,-12
-7,64,-10
25,61,-33
-9,68,-33
-15,71,-33
-21,77,-12
-23,93,-1
-18,77,8
-24,66,10
-17,58,7
-13,57,1
1,62,-2
4,58,2
-6,58,12
-9,58,9
-20,55,8
-24,62,7
-20,72,4
-18,75,4
-18,66,0
-20,64,-1
-18,68,-1
-17,76,0
-17,79,1
-19,69,2
-21,60,3
-27,47,0
-28,54,-4
-26,66,-6
-23,68,-6
-15,73,-7
-14,67,1
-7,50,-5
-13,50,-7
-19,55,-11
-19,54,-11
-20,56,-7
-18,60,-4
-23,64,-2
-22,68,-2
-23,80,-1
-25,72,2
-28,67,5
-29,90,6
-29,86,15
-17,54,51
-1,56,38
18,53,19
11,53,16
-3,65,17
-6,68,19
-18,63,9
-21,56,5
-26,51,-1
-28,53,-3
-29,58,-5
-24,60,-3
-20,60,3
-20,58,4
-26,62,10
-31,60,3
-27,64,3
-23,65,10
-17,71,16
-14,73,20
-11,73,28
-5,68,34
-22,70,21
-36,63,4
-30,60,3
-2,54,19
-1,52,22
-18,56,14
-22,70,21
-36,63,4
-30,60,3
-2,54,19
-1,52,22
-18,56,14
-25,59,9
-26,70,5
-23,73,4
-16,71,5
-15,69,6
-16,60,3
-18,58,1
-22,58,-3
-22,59,-3
-23,60,-4
-23,58,-3
-18,55,0
-17,55,0
-15,54,1
-16,54,1
-18,55,2
-20,56,3
-22,67,4
-26,73,9
-22,75,16
-17,73,48
-27,72,58
-33,66,18
-53,61,-2
-42,61,-5
-34,63,0
-17,61,10
-16,59,12
-12,67,16
-14,70,12
-23,70,1
-23,67,1
-18,59,3
-16,56,5
-16,52,5
-15,52,8
-10,51,18
-11,53,24
-5,63,56
-20,61,40
-32,57,14
-33,51,14
-25,47,14
-22,51,13
-21,50,12
-24,55,14
-32,53,1
-29,56,12
-38,57,11
-49,54,8
-32,57,12
-21,64,15
-28,61,17
-24,89,8
-26,83,18
-16,69,24
-8,66,10
-9,67,-8
-8,66,-5
-15,71,-5
-26,69,-10
-10,64,-2
-3,68,10
-6,71,7
3,64,16
4,64,16
-13,57,5
-16,59,8
-37,54,0
-29,50,6
-23,55,7
-24,49,1
-23,50,-1
-21,47,8
-19,42,17
-22,40,14
-37,64,13
-38,64,14
-26,64,15
-32,64,8
-44,66,6
-41,66,11
-28,76,18
-34,76,12
-16,62,13
-10,55,11
0,49,15
3,49,14
-5,53,11
-7,63,13
-10,64,11
-16,62,13
-16,61,16
-17,54,14
-20,53,13
-26,52,21
-35,52,18
-43,55,8
-40,60,15
-34,62,19
-27,61,19
-24,55,16
-21,54,16
-20,58,13
-19,60,14
-20,54,15
-22,53,14
-28,52,8
-23,50,8
-16,50,7
-19,54,6
-23,63,6
-28,78,2
-27,79,-1
-29,75,-2
-32,72,2
-34,64,3
-33,63,0
-28,67,0
-23,69,0
-18,67,5
-16,64,8
-14,59,9
-14,56,9
-18,50,5
-23,49,0
-33,47,-6
-36,47,-4
-35,52,-1
-32,62,-2
-27,80,6
-22,79,6
-19,61,11
-22,51,18
-25,64,13
-14,69,15
-11,64,15
-4,57,10
-7,58,9
-4,68,7
-2,76,-4
17,68,-4
20,58,-6
-2,74,51
-75,58,3
-55,72,18
-9,71,4
1,75,16
-11,77,12
21,84,25
23,88,35
15,72,31
11,66,20
-13,45,14
-1,28,11
-10,24,24
-9,19,20
0,28,46
-2,35,43
-13,44,42
-12,52,17
4,55,22
-1,73,25
-1,77,25
4,71,26
6,69,27
-3,62,30
-10,55,26
-16,41,24
-11,33,24
-24,61,37
-30,68,28
7,70,21
7,74,22
-8,69,25
-14,66,28
-17,65,38
-19,61,34
-15,48,19
-13,51,25
-12,54,29
-18,59,24
-15,54,18
-7,59,26
-6,69,42
-9,64,24
-2,63,37
-34,41,12
-32,37,15
-2,41,40
0,37,44
-9,44,39
0,47,45
3,52,47
-4,53,34
-42,54,18
-56,50,0
-38,42,-29
-41,50,-26
-41,61,-30
-40,72,-35
-38,79,-28
-21,76,-15
14,74,33
-24,76,-1
-33,78,4
-45,84,-20
-51,76,-17
-90,76,-13
-69,57,-20
-4,7,25
14,14,32
-27,40,36
-35,51,43
-51,60,12
-42,55,0
-37,51,-1
-39,48,-4
-40,48,-15
-46,49,-13
-45,50,-9
-41,49,-9
-33,52,-4
-30,54,-1
-21,60,7
-16,61,13
-18,64,9
-21,64,3
-23,65,2
-24,65,3
-22,63,4
-24,62,3
-26,66,5
-27,68,4
-23,68,6
-20,68,9
-17,66,10
-12,61,12
-9,57,13
-13,54,15
-10,53,20
-11,51,37
-14,55,48
-30,56,24
-30,56,13
-37,56,5
-35,56,7
-30,57,10
-28,60,14
-28,63,17
-21,64,14
-20,65,13
-19,63,13
-17,63,15
-15,62,17
-18,68,17
-27,64,15
-29,59,13
-33,65,11
-35,71,9
-35,74,10
-37,70,10
-40,62,10
-42,59,10
-43,55,11
-45,54,12
-45,54,15
-45,51,18
-70,53,25
-67,46,27
-21,38,32
-7,36,31
-3,29,28
-11,30,25
-27,38,28
-63,30,20
-39,25,28
-50,10,9
-39,10,8
-15,19,13
-27,31,11
-55,39,26
-56,35,23
-40,39,10
-33,41,4
-46,36,14
-62,36,18
-69,50,31
-60,58,38
-52,60,32
-51,51,28
-49,34,21
-47,29,19
-44,31,17
-46,40,21
-49,43,23
-51,44,24
-48,40,22
-46,35,22
-45,35,23
-46,37,25
-46,38,25
-47,39,26
-47,39,27
-46,38,26
-46,37,25
-46,37,25
-46,37,26
-46,37,26
-46,38,26
-46,38,27
-46,37,27
-46,37,26
-46,37,26
-46,37,26
-46,37,26
-46,38,27
-46,37,28
-45,37,28
-45,37,27
-45,38,27
-44,37,28
-44,36,29
-44,36,29
-44,37,29
-45,38,30
-45,37,31
-43,36,31
-43,35,31
-44,36,33
-44,36,34
-43,36,34
-42,36,34
-40,31,33
-42,30,31
-50,33,32
-49,35,33
-46,37,30
-46,36,29
-47,36,29
-47,39,28
-46,38,23
-40,38,23
-41,40,25
-48,40,25
-49,40,22
-48,47,20
-42,51,24
-55,59,36
-57,70,59
-30,56,47
-20,44,35
-9,28,26
-7,26,33
-4,25,51
-15,29,61
-43,23,58
-37,24,48
-79,29,10
-96,32,1
-60,29,21
-44,26,27
-39,25,29
-48,18,28
-56,21,24
-59,20,28
-58,21,36
-60,31,29
-55,22,23
-65,12,24
-68,5,28
-83,34,38
-68,16,34
-54,7,2
-67,5,-14
-57,1,-16
-57,-3,-15
-53,-5,-17
-52,-8,-17
-57,-9,-19
-64,-8,-14
-61,-10,-7
-58,-11,-7
-67,-7,-12
-69,-5,-15
-70,-3,-16
-69,-2,-11
-72,2,-11
-74,2,-14
-56,-1,-12
-55,-6,-17
-57,-8,-19
-60,-11,-19
-60,-11,-19
-60,-9,-15
-61,-9,-12
-67,-5,-10
-69,-5,-11
-70,-6,-11
-67,-5,-8
-67,-5,-5
-64,-4,-3
-65,-5,-3
-62,-4,-2
-58,-5,0
-59,-6,0
-58,-9,-2
-59,-11,-2
-63,-13,-1
-65,-13,-1
-67,-10,0
-72,-9,-1
-71,-8,0
-63,-6,5
-60,-6,6
-60,-6,6
-61,-6,6
-59,-4,11
-58,-4,14
-61,-3,14
-64,-3,14
-65,-4,14
-64,-3,14
-60,-4,14
-61,-6,13
-60,-5,12
-58,-6,12
-59,-4,13
-61,-5,13
-63,-6,14
-62,-6,13
-64,-6,9
-65,-6,8
-66,-5,9
-66,-4,9
-63,-2,9
-60,-3,9
-59,-3,8
-67,-7,5
-70,-8,7
-64,-8,13
-64,-6,15
-63,-6,13
-62,-8,8
-58,-6,7
-56,-6,9
-60,-6,9
-62,-6,9
-62,-4,10
-67,-4,9
-66,-6,7
-66,-5,5
-65,-5,4
-63,-5,5
-64,-6,5
-62,-6,7
-68,-4,6
-68,-3,6
-63,-3,3
-65,-4,1
-61,-3,5
-58,-3,8
-59,-3,6
-52,-5,6
-50,-4,7
-56,2,10
-52,3,10
-42,7,17
-37,9,21
-47,15,21
-55,18,17
-73,22,9
-60,25,17
-60,33,21
-61,37,22
-55,40,19
-52,42,16
-41,50,11
-39,57,11
-50,62,3
-51,60,1
-46,61,1
-41,65,5
-38,64,6
-35,64,8
-35,59,10
-38,58,9
-34,57,10
-31,55,16
-26,56,21
-18,60,24
-20,62,23
-25,61,15
-23,58,13
-20,54,10
-21,53,9
-26,52,8
-26,54,10
-26,52,12
-25,52,13
-21,67,18
-23,65,16
-27,63,11
-28,63,10
-29,63,8
-27,65,10
-21,61,12
-16,60,17
-16,54,14
-26,66,9
-24,64,9
-18,61,14
-13,63,21
-10,66,27
-16,63,22
-21,60,15
-22,57,12
-20,51,10
-17,50,12
-17,53,17
-20,54,18
-32,58,15
-33,61,13
-33,65,15
-28,65,17
-17,60,20
-13,56,21
-17,55,16
-17,57,13
-17,57,12
-16,57,11
-16,60,11
-15,64,11
-14,66,11
-10,84,13
-6,83,19
-7,63,17
-4,64,17
4,65,19
-3,66,15
-11,69,14
-13,69,21
-12,59,10
-14,53,2
-29,51,-5
-37,54,-4
-42,57,-2
-40,56,-3
-32,54,1
-30,53,2
-30,50,2
-31,50,2
-33,51,6
-39,54,8
-40,53,10
-39,56,10
-38,58,9
-39,60,9
-38,60,10
-34,67,13
-33,70,15
-34,65,26
-33,64,33
-36,62,19
-32,56,10
-24,55,7
-16,59,11
-6,61,18
-8,59,20
-16,57,21
-18,54,19
-20,46,13
-20,44,12
-19,45,16
-19,50,16
-28,55,14
-39,60,14
-43,62,5
-39,70,7
-44,70,-2
-40,63,-1
-41,63,0
-34,59,6
-30,58,8
-25,49,3
-20,53,1
-21,68,0
-20,68,2
-25,60,4
-29,57,5
-28,57,6
-28,58,6
-28,61,7
-30,63,5
-39,77,-1
-58,78,1
-73,63,5
-65,54,6
-52,46,0
-35,38,5
-25,35,19
-23,33,28
-30,34,23
-16,32,2
39,55,52
-17,124,57
-26,69,68
-106,35,43
-96,20,51
-69,8,46
-5,20,32
6,56,34
-40,27,38
-49,7,48
-42,-1,40
-31,-4,44
0,6,40
-4,10,38
-5,2,33
-43,0,44
-40,11,53
-28,9,41
-8,12,45
-6,9,49
-4,13,73
-6,14,80
-12,24,88
-8,29,80
12,44,69
4,57,76
13,59,53
41,127,-3
5,80,78
-39,66,75
-13,41,35
-2,36,47
-23,45,47
-7,37,43
-2,45,38
-10,39,42
-20,37,34
-22,40,38
-21,43,41
-16,37,39
-7,55,32
-17,57,10
-18,57,8
-41,41,0
-39,34,0
-31,51,2
-32,47,3
-26,54,11
-38,55,7
-55,59,11
-54,61,12
-64,61,1
-52,65,8
-76,68,27
-127,53,-30
-65,48,-16
-68,48,-18
-66,56,-15
-58,51,-6
-55,45,-6
-57,41,-5
-48,40,0
-51,38,1
-46,32,-9
-45,33,-11
-44,33,-9
-37,34,-13
-38,34,-20
-42,40,-20
-47,43,-20
-52,48,-31
-32,53,-5
-62,49,-12
-61,44,-29
-59,33,-42
-64,28,-42
-41,24,-23
-47,22,-23
-42,27,-17
-50,28,-9
-46,18,-26
-58,17,-37
-45,14,-43
-49,15,-97
-83,20,-41
-88,23,-21
-67,-3,-53
-63,-13,-60
-24,-5,-38
-31,10,-23
-35,17,-20
-65,42,-43
-43,42,-36
-30,24,-25
-39,20,-27
-19,-7,-15
-19,-19,-17
-54,-24,22
-94,-27,-8
-77,-20,-46
-61,-9,-46
-56,1,-44
-79,29,-13
-128,40,-32
-119,21,-42
-36,42,-9
-49,68,0
-47,62,30
-36,39,48
-50,6,30
-80,-18,5
-34,-19,17
-41,-33,-2
-38,-21,-12
-12,-9,-11
-25,7,-15
-84,11,-31
-82,13,-19
-79,1,-36
-65,0,-29
-22,2,-35
-33,-2,-44
-111,7,-74
-91,35,-71
-99,11,-73
-85,24,-63
-32,10,17
-7,-8,30
47,-24,37
-9,-12,10
-45,7,-24
-51,11,6
-54,12,1
-49,18,-5
-128,26,-69
-65,17,-12
-43,19,5
-63,21,-33
-76,24,-44
-46,28,-37
-62,27,-39
-60,32,-26
-63,35,-9
-56,30,-16
-55,28,-23
-63,21,-28
-67,20,-25
-71,22,-26
-66,18,-38
-50,12,-29
-53,13,-30
-73,11,-30
-63,13,-16
-52,16,-9
-57,13,-9
-50,12,-9
-63,12,-4
-59,14,3
-62,18,0
-66,14,1
-79,12,4
-76,7,2
-48,8,3
-44,9,4
-53,22,10
-70,21,3
-67,13,0
-58,15,5
-54,14,9
-56,13,11
-55,11,2
-56,10,-3
-61,11,-11
-59,12,-11
-43,19,-5
-45,23,-2
-68,29,-13
-82,25,-33
-64,8,-50
-51,-1,-45
-55,-8,-42
-55,0,-18
-43,3,-20
-39,11,-23
-34,15,-37
-49,15,-72
-49,16,-76
-39,19,-60
-28,18,-53
-17,11,-48
-16,14,-45
-25,15,-59
-22,17,-57
-17,18,-54
-28,12,-59
-42,14,-58
-40,13,-51
-51,10,-48
-47,7,-46
-38,11,-29
-51,14,-33
-37,15,-39
-52,19,-37
-53,16,-41
-53,13,-45
-53,12,-39
-49,14,-36
-62,15,-39
-33,10,-48
-19,14,-23
-55,11,-33
-60,12,-42
-55,13,-32
-43,11,-33
-56,10,-34
-65,14,-36
-52,15,-35
-47,12,-36
-55,15,-44
-44,16,-48
-38,15,-37
-57,11,-32
-57,13,-37
-54,11,-44
-49,12,-37
-50,13,-36
-43,12,-34
-44,13,-35
-52,15,-37
-47,14,-35
-51,17,-39
-53,14,-42
-48,16,-40
-50,15,-38
-50,17,-38
-47,16,-38
-47,16,-37
-47,16,-37
-50,17,-39
-44,15,-38
-46,16,-40
-49,15,-45
-49,16,-42
-46,15,-44
-49,16,-43
-37,14,-39
-44,14,-36
-47,18,-36
-46,17,-40
-49,17,-37
-49,18,-38
-51,18,-37
-49,17,-44
-47,18,-41
-48,18,-39
-46,18,-39
-47,18,-42
-46,18,-41
-49,17,-39
-50,17,-41
-49,18,-35
-43,18,-32
-44,17,-36
-45,17,-39
-48,18,-43
-48,20,-41
-46,18,-41
-47,18,-38
-44,16,-33
-46,16,-34
-49,15,-35
-48,17,-36
-49,20,-42
-50,21,-40
-50,24,-43
-46,28,-46
-35,24,-41
-47,16,-30
-56,14,-41
-60,11,-33
-42,9,-28
-41,11,-18
-50,13,-30
-51,24,-30
-50,25,-33
-47,26,-42
-54,26,-40
-56,19,-34
-58,15,-33
-52,13,-23
-56,13,-29
-54,12,-37
-54,15,-31
-53,18,-26
-56,21,-26
-51,28,-20
-56,24,-16
-55,21,-15
-52,18,-19
-52,16,-21
-57,15,-27
-58,14,-30
-54,16,-30
-49,17,-32
-45,19,-37
-54,16,-40
-58,18,-39
-49,16,-37
-47,16,-34
-55,17,-37
-45,17,-40
-39,17,-41
-44,17,-45
-49,16,-47
-37,17,-47
-34,17,-44
-48,18,-44
-47,19,-43
-38,19,-42
-45,19,-51
-40,18,-53
-36,14,-52
-29,16,-47
-36,12,-53
-35,11,-51
-30,10,-46
-28,10,-46
-28,13,-46
-27,12,-51
-30,13,-54
-28,15,-53
-33,16,-58
-33,15,-57
-29,16,-51
-31,15,-53
-29,12,-54
-29,12,-53
-31,12,-52
-31,12,-54
-31,13,-54
-25,13,-52
-30,12,-56
-26,13,-55
-26,12,-54
-28,11,-55
-27,12,-55
-28,13,-56
-35,14,-59
-46,9,-73
-53,14,-78
-66,16,-86
-77,11,-97
-75,3,-92
-65,1,-79
-56,-10,-50
-49,-17,-45
-47,-24,-43
-36,-27,-39
-23,-32,-28
-19,-32,-22
-16,-35,-9
-20,-34,-14
-11,-35,2
-8,-33,8
-19,-44,5
-18,-43,18
-20,-47,21
-24,-47,24
-19,-48,24
-22,-48,15
-20,-46,18
-26,-42,23
-24,-44,22
-28,-49,25
-26,-51,26
-23,-48,28
-28,-50,22
-20,-54,16
-23,-54,12
-22,-48,18
-23,-46,22
-20,-50,27
-11,-50,30
-8,-51,25
-7,-49,27
8,-32,34
9,-35,27
1,-32,7
2,-32,2
4,-46,-13
-4,-29,-22
-7,-34,-31
-32,-30,-54
-38,-27,-62
-46,-28,-80
-42,-31,-87
-48,-26,-98
-44,-25,-99
-44,-25,-87
-35,-21,-79
-16,-15,-63
-10,-12,-61
-13,-11,-62
-15,-9,-62
-19,-6,-63
-17,-5,-63
-19,-5,-64
-19,-3,-62
-22,0,-61
-25,1,-61
-21,2,-54
-23,3,-53
-19,2,-61
-14,-2,-62
-12,-4,-60
-15,-7,-59
-16,-8,-61
-11,-10,-61
-14,-8,-62
-14,-6,-61
-16,-6,-67
-13,-4,-63
-10,-4,-59
-11,-2,-57
-12,0,-58
-11,-2,-61
-11,-3,-61
-11,-2,-61
-12,-1,-59
-13,0,-60
-13,-1,-62
-12,-2,-62
-13,-2,-62
-11,-4,-63
-11,-4,-62
-8,-5,-62
-9,-4,-61
-9,-4,-62
-10,-3,-61
-10,-2,-61
-11,-1,-62
-11,-2,-62
-10,-2,-61
-10,-2,-60
-9,-3,-61
-9,-3,-61
-10,-3,-61
-11,-3,-61
-12,-3,-61
-13,-3,-62
-12,-3,-63
-11,-2,-62
-11,-2,-62
-10,-2,-62
-11,-2,-61
-11,-2,-60
-10,-2,-59
-11,-2,-60
-12,-2,-61
-11,-3,-62
-10,-4,-62
-13,-3,-61
-14,-3,-62
-14,-2,-62
-14,-2,-62
-15,-1,-61
-15,0,-60
-14,0,-58
-14,-1,-58
-14,-2,-58
-13,-2,-58
-13,-3,-61
-14,-3,-62
-14,-3,-63
-14,-4,-62
-14,-4,-62
-13,-4,-60
-14,-3,-59
-13,-3,-59
-13,-2,-60
-14,-2,-60
-14,-2,-59
-14,-2,-60
-14,-3,-62
-14,-2,-62
-14,-2,-61
-14,-2,-60
-13,-2,-61
-13,-3,-62
-12,-3,-62
-11,-2,-60
-12,-3,-61
-11,-2,-60
-12,-3,-61
-13,-2,-60
-13,-2,-61
-14,-3,-62
-14,-3,-61
-12,-2,-61
-13,-2,-61
-13,-2,-60
-13,-2,-60
-13,-2,-60
-12,-3,-61
-13,-3,-61
-13,-3,-62
-12,-3,-61
-13,-3,-62
-14,-4,-63
-12,-3,-58
-12,-3,-59
-11,-3,-60
-12,-3,-60
-13,-4,-62
-13,-4,-62
-13,-4,-61
-13,-3,-61
-13,-3,-61
-13,-3,-60
-13,-3,-62
-13,-3,-61
-13,-3,-61
-14,-3,-61
-13,-3,-60
-13,-3,-59
-12,-3,-61
-12,-3,-63
-14,-3,-61
-14,-3,-60
-15,-4,-61
-14,-3,-60
-13,-3,-61
-14,-3,-61
-14,-3,-61
-14,-3,-61
-15,-3,-61
-14,-3,-60
-14,-3,-61
-14,-4,-61
-14,-4,-61
-15,-4,-60
-14,-3,-61
-14,-3,-60
-14,-2,-60
-14,-2,-59
-14,-2,-59
-14,-3,-61
-14,-3,-61
-14,-3,-61
-14,-3,-61
-13,-3,-60
-10,-3,-61
-13,-3,-60
-17,0,-57
-17,0,-59
-14,-2,-63
-15,-3,-62
-16,-1,-62
-18,-2,-63
-23,-3,-63
-24,-4,-63
-35,-9,-63
-37,-10,-61
-47,-11,-66
-53,-9,-64
-58,0,-45
-64,-2,-40
-72,-4,-36
-58,-6,-32
-28,-9,-4
-17,-7,14
-6,-5,62
-17,-7,69
-39,-9,52
-42,-10,45
-28,-10,51
-18,-10,59
-21,-8,58
-23,-8,56
-21,-7,58
-19,-3,58
-22,-3,60
-16,-4,64
-12,-4,62
-14,-3,60
-17,-3,60
-19,1,61
-9,-1,64
-19,1,62
-16,1,65
-13,1,64
-8,5,68
-4,6,67
-7,3,65
-11,5,65
-11,7,65
-12,3,62
-9,2,62
-9,4,63
-6,4,63
-8,5,62
-7,3,63
-5,2,63
-3,4,65
-2,5,65
-6,3,63
-6,5,65
-7,4,63
-6,4,64
-8,6,65
-9,4,62
-11,3,63
-14,4,62
-9,2,62
-11,2,62
-12,3,61
-12,3,61
-5,-10,60
-10,-1,64
-12,-2,64
-13,-1,67
-13,-4,63
-15,-3,62
-15,-1,61
-16,-3,60
-17,-3,60
-22,0,60
-22,-1,60
-27,0,58
-25,1,59
-25,-1,55
-25,-3,57
-23,-6,60
-24,1,63
-16,15,65
-18,12,63
-19,4,60
-33,11,58
-19,4,62
-27,11,51
-19,9,59
-12,6,60
-15,7,60
-21,11,60
-17,10,62
-17,13,63
-18,14,63
-21,13,60
-21,12,59
-20,11,61
-19,16,59
-15,15,62
-19,16,61
-15,17,62
-19,15,60
-18,16,57
-18,15,55
-18,20,57
-16,21,59
-18,19,62
-18,16,58
-21,15,58
-21,17,60
-26,19,57
-25,20,57
-27,16,55
-29,19,56
-34,19,53
-30,24,55
-29,18,54
-25,18,55
-25,17,54
-22,17,56
-20,18,60
-20,11,60
-23,14,58
-24,10,61
-23,15,61
-22,13,60
-21,13,61
-21,12,58
-20,16,59
-21,13,59
-17,14,61
-16,13,62
-17,13,62
-18,13,62
-17,12,61
-18,12,61
-18,11,60
-16,11,61
-17,11,61
-16,12,61
-17,11,62
-17,11,62
-14,11,63
-16,11,62
-18,11,61
-17,10,61
-20,10,61
-23,10,59
-21,9,60
-19,9,61
-21,8,59
-21,7,59
-20,5,59
-19,5,59
-24,6,58
-19,7,61
-18,13,60
-16,7,61
-18,5,60
-19,5,61
-21,9,62
-20,7,61
-23,8,62
-21,5,64
-19,5,63
-23,7,58
-29,7,61
-23,5,60
-22,4,58
-19,4,64
-12,3,67
-28,8,56
-15,4,64
-25,5,60
-24,4,59
-23,3,59
-26,3,58
-32,2,56
-39,-2,54
-38,-2,55
-29,1,60
-23,1,54
-31,0,51
-20,0,59
-22,1,58
-25,0,57
-26,0,58
-25,0,58
-27,0,58
-27,0,57
-28,1,58
-26,1,58
-24,0,58
-24,0,60
-27,1,56
-26,2,57
-25,4,58
-26,4,57
-22,6,59
-16,7,61
-16,9,62
-1,13,64
-10,23,60
-10,5,64
-23,11,62
-15,13,62
-26,11,59
-14,13,63
-8,10,66
-9,7,65
-10,6,59
-7,12,65
-8,11,64
-9,8,62
-9,12,65
-16,10,64
-16,9,62
-13,11,63
-10,12,66
-21,10,59
-20,10,60
-18,11,60
-21,10,58
-19,9,60
-22,11,60
-26,10,58
-29,9,54
-25,10,60
-28,9,56
-33,8,53
-30,7,53
-27,9,56
-31,10,54
-33,10,51
-17,14,63
-17,13,65
-21,7,60
-17,8,60
-20,7,61
-17,6,59
-15,9,60
-16,11,61
-18,6,60
-14,8,61
-15,10,62
-14,9,63
-19,8,59
-18,9,60
-23,10,58
-26,9,56
-23,10,59
-22,11,60
-27,9,57
-25,10,59
-23,11,61
-29,9,56
-24,13,62
-24,11,59
-23,11,59
-28,12,58
-26,11,58
-25,12,58
-25,12,58
-27,12,57
-28,12,57
-26,12,58
-26,13,57
-26,12,58
-27,12,57
-26,12,57
-27,13,57
-27,13,57
-27,13,57
-27,13,56
-25,13,57
-27,13,57
-27,13,58
-27,13,57
-26,13,59
-27,13,58
-27,13,58
-25,13,58
-25,13,58
-26,13,58
-25,13,57
-25,13,57
-26,14,57
-26,13,56
-25,13,57
-26,14,57
-25,13,57
-25,13,57
-26,13,58
-26,13,58
-25,14,58
-25,13,58
-26,13,57
-26,14,57
-25,14,57
-25,13,57
-26,13,57
-27,13,57
-28,13,56
-29,13,56
-29,13,56
-30,13,55
-29,13,55
-29,13,55
-30,13,56
-30,14,58
-30,16,59
-26,15,61
-22,15,63
-24,15,64
-26,16,63
-21,16,61
-17,16,61
-20,14,56
-20,13,55
-17,12,54
-18,11,54
-19,11,54
-18,11,56
-14,12,57
-12,12,60
-20,16,58
-21,15,49
-17,17,48
-18,23,48
-34,24,40
-46,19,38
-41,18,41
-54,16,32
-63,15,26
-64,13,22
-59,7,31
-74,21,16
-77,16,7
-69,10,-1
-66,22,3
-64,19,0
-63,21,-3
-65,21,-9
-64,22,-8
-65,21,-6
-63,20,-7
-59,18,-9
-58,17,-10
-57,16,-8
-58,18,-6
-60,20,-3
-61,24,3
-60,24,5
-55,24,7
-54,23,5
-56,22,-2
-59,22,-8
-64,22,-21
-71,22,-27
-77,21,-28
-64,21,-18
-53,18,-4
-61,17,-4
-65,17,-1
-54,14,7
-61,16,11
-64,15,11
-48,20,29
-42,19,35
-59,19,34
-64,19,25
-57,22,20
-64,24,21
-54,22,23
-47,20,33
-40,20,41
-39,15,40
-38,14,40
-27,14,60
-28,17,62
-37,19,57
-33,19,53
-35,22,52
-39,18,57
-28,11,58
-27,11,55
-28,13,52
-39,14,48
-48,16,43
-51,16,43
-44,18,45
-43,17,39
-46,14,29
-49,13,25
-56,13,17
-51,17,15
-54,17,12
-61,17,3
-61,18,0
-64,21,-13
-64,22,-18
-69,17,-24
-66,16,-28
-57,16,-20
-60,19,-18
-57,20,-32
-56,18,-37
-50,17,-39
-46,16,-38
-45,15,-43
-48,17,-45
-47,19,-44
-47,20,-42
-42,20,-41
-43,19,-45
-46,16,-35
-41,14,-34
-41,12,-41
-43,13,-43
-42,16,-41
-38,13,-50
-37,13,-46
-43,12,-48
-39,12,-49
-42,12,-51
-46,14,-47
-58,14,-45
-47,13,-35
-49,20,-14
-50,25,-4
-54,37,15
-55,41,19
-56,50,30
-56,47,41
-35,38,44
-37,33,40
-33,29,44
-34,30,44
-23,29,45
-32,34,49
-33,31,44
-31,33,45
-30,32,46
-27,32,48
-24,32,52
-31,34,50
-34,34,50
-33,35,48
-35,35,43
-45,33,38
-36,34,40
-40,31,36
-39,30,37
-35,28,38
-35,28,34
-32,31,45
-38,32,43
-39,37,44
-36,39,47
-41,38,46
-37,35,44
-38,33,36
-38,33,45
-41,34,45
-41,31,39
-33,30,44
-32,29,43
-37,30,45
-39,30,47
-41,30,46
-39,27,43
-44,28,42
-46,25,37
-41,25,40
-41,27,44
-46,26,42
-47,22,36
-45,21,35
-51,24,32
-54,21,30
-52,22,26
-55,19,22
-60,21,19
-63,20,17
-65,19,14
-60,17,12
-57,12,5
-65,12,-2
-66,12,1
-60,9,-1
-62,10,-4
-72,8,-8
-77,10,-10
-71,8,-6
-62,8,3
-60,9,15
-65,11,19
-60,13,19
-57,13,21
-55,11,18
-47,16,32
-48,20,38
-50,9,30
-58,9,23
-65,14,22
-56,14,29
-56,14,29
-47,11,30
-47,12,29
-44,11,35
-41,12,37
-40,13,39
-53,14,43
-53,20,48
-56,20,47
-49,18,47
-42,17,50
-38,14,49
-42,15,48
-39,15,51
-31,16,51
-29,18,52
-33,17,50
-32,17,50
-42,18,50
-48,19,51
-36,16,51
-33,15,51
-34,15,51
-32,14,51
-37,15,51
-40,16,50
-36,15,51
-34,15,52
-37,15,54
-33,12,53
-36,12,51
-37,15,57
-37,16,59
-29,16,51
-27,16,51
-29,17,54
-32,19,55
-32,15,49
-24,18,51
-24,25,59
-23,27,61
-44,24,52
-45,19,47
-42,16,47
-44,13,42
-42,11,36
-48,12,37
-51,11,39
-50,11,37
-47,9,36
-48,9,38
-48,9,42
-48,10,41
-49,11,40
-52,13,42
-53,14,41
-52,15,38
-52,14,38
-51,14,38
-50,14,38
-51,13,37
-50,13,38
-50,13,40
-50,13,40
-48,13,39
-48,14,39
-51,14,39
-51,13,39
-52,12,39
-50,11,38
-51,9,39
-52,6,45
-53,4,48
-56,4,50
-53,4,53
-53,7,52
-50,10,52
-41,13,52
-36,14,52
-33,13,50
-27,13,51
-25,11,51
-22,11,52
-14,11,56
-13,9,56
-11,8,57
-5,7,59
-6,7,59
-9,7,58
-6,6,61
-5,9,60
-5,6,62
-8,7,62
-7,5,63
-8,5,63
-11,6,63
-11,7,64
-8,5,64
-6,3,64
-9,7,63
-12,7,63
-10,4,62
-7,5,61
-8,5,60
-11,7,61
-7,0,66
-20,2,60
-17,1,63
-14,2,67
-15,4,67
-20,6,62
-19,2,61
-18,5,62
-15,6,63
-19,6,58
-13,10,64
-16,7,62
-14,9,63
-14,11,62
-19,10,62
-19,11,61
-18,11,59
-18,12,59
-19,12,63
-17,9,62
-20,9,57
-16,12,62
-16,8,61
-17,8,62
-23,8,62
-24,10,64
-21,12,73
-20,14,72
-23,11,53
-17,15,54
-6,10,61
-10,8,58
-19,-1,54
-17,7,58
-12,9,62
-14,8,61
-11,8,66
-17,9,61
-15,7,61
-13,7,60
-14,7,61
-16,7,61
-14,6,59
-18,9,60
-20,10,60
-19,9,62
-16,10,61
-19,9,59
-19,10,60
-19,10,61
-20,10,59
-22,9,60
-21,9,60
-24,8,60
-27,8,59
-23,9,60
-24,9,61
-28,9,61
-28,9,60
-27,10,61
-28,11,59
-27,11,58
-26,12,56
-26,13,55
-27,17,54
-27,15,52
-27,14,53
-30,14,52
-30,13,52
-32,13,52
-31,10,53
-36,10,52
-38,10,52
-37,10,52
-39,11,53
-41,10,53
-42,9,52
-41,10,53
-36,11,53
-36,12,52
-35,15,52
-33,18,54
-32,22,53
-32,24,52
-31,27,51
-30,27,50
-31,26,49
-37,24,49
-36,24,49
-40,23,50
-44,23,51
-52,18,44
-50,14,41
-50,10,38
-51,7,35
-53,6,31
-56,5,31
-54,5,34
-48,7,37
-48,9,37
-50,9,37
-54,12,38
-54,13,39
-48,14,36
-47,13,34
-49,13,37
-49,14,37
-51,18,38
-50,20,39
-49,24,40
-48,26,37
-51,26,30
-52,25,26
-52,24,24
-58,24,22
-60,23,22
-59,24,30
-57,24,26
-55,21,13
-51,17,14
-58,12,13
-58,11,14
-58,12,18
-66,14,15
-70,15,14
-66,15,15
-64,16,18
-65,18,20
-64,20,22
-63,21,22
-60,22,24
-57,24,23
-53,20,22
-55,16,21
-55,14,20
-62,12,19
-63,12,20
-59,7,19
-57,5,17
-70,5,9
-76,6,8
-60,9,5
-62,9,-4
-62,16,-6
-55,18,-4
-70,22,-20
-66,27,-15
-55,31,-6
-64,27,-11
-60,23,-9
-56,20,1
-52,14,11
-49,14,16
-66,11,8
-66,10,7
-69,10,5
-62,11,7
-63,14,17
-65,9,7
-68,11,7
-63,10,4
-68,9,-4
-68,10,-10
-67,8,-11
-65,7,-9
-61,8,-3
-61,6,-7
-60,7,-9
-64,8,-15
-62,9,-14
-55,7,-16
-52,6,-19
-53,5,-24
-47,4,-22
-49,5,-28
-45,7,-29
-56,8,-37
-53,8,-39
-52,11,-39
-54,12,-35
-53,15,-34
-58,16,-36
-56,17,-35
-57,19,-33
-56,18,-33
-56,19,-31
-56,19,-30
-59,21,-25
-60,20,-25
-57,21,-21
-57,23,-15
-62,23,-16
-60,24,-13
-58,22,-9
-58,23,-8
-58,23,-1
-56,23,2
-62,24,1
-61,25,2
-60,25,9
-59,25,8
-53,24,11
-55,25,12
-61,26,8
-64,27,7
-64,28,9
-57,24,15
-58,24,13
-57,26,15
-57,27,19
-67,29,17
-65,28,16
-69,27,13
-70,25,12
-64,18,11
-60,16,11
-54,16,18
-51,15,20
-48,14,24
-48,14,25
-53,20,26
-54,20,28
-54,20,25
-56,21,22
-53,19,23
-58,19,22
-56,20,21
-60,21,19
-57,20,21
-55,19,20
-57,20,18
-60,20,17
-61,20,18
-60,19,16
-61,20,15
-61,21,16
-60,20,16
-60,20,15
-61,20,14
-61,21,14
-60,21,14
-60,20,13
-61,19,12
-61,19,11
-61,19,11
-60,18,11
-59,17,12
-58,16,11
-58,16,12
-59,17,13
-59,18,13
-59,18,14
-61,19,15
-61,19,15
-59,19,16
-59,19,16
-57,17,18
-57,17,18
-61,19,18
-62,19,19
-60,21,19
-59,20,19
-58,19,17
-59,19,17
-59,19,16
-58,19,16
-59,19,17
-61,20,16
-63,20,14
-61,20,15
-61,22,16
-61,21,16
-65,20,12
-73,11,-6
-81,9,-6
-64,14,16
-74,12,11
-54,7,44
-40,7,56
-40,9,57
-37,9,55
-7,9,64
1,15,64
-53,9,4
-54,11,1
-36,18,2
-41,20,-7
-53,21,-24
-58,22,-27
-62,22,-22
-65,20,-19
-61,14,-11
-62,12,-11
-70,11,-15
-71,11,-17
-68,9,-17
-65,9,-16
-65,11,-17
-63,12,-17
-63,11,-17
-64,12,-18
-63,12,-17
-63,12,-17
-63,13,-16
-61,12,-14
-63,12,-15
-64,13,-13
-63,14,-11
-62,16,-8
-63,17,-8
-60,16,-8
-60,15,-7
-61,16,-7
-60,16,-10
-64,18,-9
-66,20,-7
-64,21,-7
-60,20,-8
-59,17,-9
-58,16,-7
-57,16,-6
-58,14,-8
-60,15,-7
-63,17,-8
-64,18,-9
-64,19,-8
-63,19,-8
-59,18,-8
-59,17,-8
-58,16,-8
-58,15,-9
-58,10,-11
-59,9,-10
-63,11,-9
-63,12,-9
-64,15,-10
-63,16,-8
-62,18,-8
-61,17,-8
-60,17,-6
-61,17,-7
-63,17,-6
-64,18,-6
-62,16,-7
-60,14,-7
-60,12,-10
-61,10,-10
-62,10,-11
-59,12,-11
-56,13,-8
-44,17,-3
-37,18,-1
-61,22,-29
-88,28,-50
-79,34,-60
-65,35,-53
-68,28,-36
-59,23,-28
-41,18,4
-54,12,7
-52,12,19
-50,9,22
-66,10,16
-61,7,18
-50,20,50
-74,6,37
-55,2,43
-64,2,29
-52,0,40
-48,0,34
-40,1,36
-42,6,44
-39,10,44
-17,19,54
-19,19,48
-16,20,52
-16,26,47
-8,28,52
-3,28,56
3,32,53
5,33,50
9,39,57
21,42,58
13,42,54
0,42,50
-21,42,33
-27,39,26
-35,36,37
-47,33,25
-50,27,12
-62,25,14
-63,22,4
-66,16,-2
-63,13,2
-57,10,-11
-77,11,-27
-75,14,-32
-68,16,-26
-65,19,-32
-63,19,-33
-53,18,-31
-57,19,-31
-55,21,-27
-52,20,-26
-54,17,-23
-55,16,-19
-51,12,-21
-57,14,-24
-56,15,-19
-58,14,-19
-60,15,-19
-60,16,-14
-58,15,-15
-58,14,-13
-61,15,-11
-60,13,-11
-62,13,-10
-63,15,-5
-61,15,-4
-68,18,-5
-68,20,-1
-61,18,7
-59,19,11
-60,20,15
-61,20,17
-56,20,21
-56,19,20
-56,20,20
-51,21,23
-50,21,21
-53,22,15
-58,21,8
-59,23,7
-62,23,5
-61,21,1
-63,20,0
-64,22,5
-62,21,4
-64,21,0
-63,22,4
-62,20,4
-61,20,2
-61,20,3
-61,20,4
-61,20,3
-57,18,1
-62,19,0
-61,18,0
-57,19,-1
-61,20,0
-62,22,0
-62,23,0
-64,23,-1
-63,23,-1
-61,22,0
-60,22,0
-59,23,1
-59,24,1
-59,23,1
-59,23,1
-60,23,0
-62,23,0
-61,23,1
-60,23,0
-60,23,0
-60,24,0
-61,24,0
-60,23,-2
-60,23,-1
-60,21,-2
-59,20,-3
-61,18,-3
-61,18,-3
-63,17,-3
-62,18,-4
-61,17,-3
-60,17,-3
-57,17,-2
-53,28,6
-58,28,7
-72,26,-3
-60,25,-4
-57,23,-2
-55,22,-4
-63,18,-8
-59,19,-2
-60,18,0
-61,18,-1
-64,21,7
-63,22,7
-63,20,-2
-61,26,2
-65,31,1
-57,28,1
-54,25,3
-51,26,5
-52,27,9
-58,28,11
-60,25,12
-60,22,8
-60,21,9
-57,22,8
-62,25,4
-62,27,5
-58,26,7
-60,24,2
-59,22,6
-61,22,-2
-61,25,4
-60,26,13
-59,25,11
-57,23,10
-57,25,10
-56,26,12
-60,26,12
-58,25,10
-62,24,7
-60,25,9
-70,30,8
-63,28,10
-63,29,6
-56,29,11
-54,28,14
-51,24,14
-57,24,7
-59,28,11
-61,31,15
-59,29,12
-57,28,13
-56,33,20
-53,31,22
-51,30,23
-67,37,20
-81,39,19
-78,15,21
-83,2,28
-75,-16,28
-60,-16,31
-36,-11,40
-31,-13,29
-29,2,28
-30,11,31
-41,27,9
-38,30,-6
-46,29,-48
-39,27,-70
-52,22,-63
-47,21,-62
-46,15,-68
-31,16,-55
-33,13,-49
-33,15,-48
-34,14,-51
-35,12,-51
-34,13,-47
-32,11,-50
-34,10,-52
-41,10,-56
-39,9,-55
-36,8,-52
-39,8,-49
-43,7,-48
-44,6,-47
-45,7,-44
-46,7,-43
-51,12,-44
-53,13,-44
-51,16,-42
-50,16,-41
-49,14,-39
-51,14,-39
-52,14,-39
-53,14,-38
-56,10,-36
-56,6,-36
-56,4,-37
-56,2,-33
-56,5,-28
-53,7,-27
-51,6,-29
-39,6,-22
-37,3,-26
-42,6,-40
-56,13,-50
-37,15,-47
-35,16,-55
-39,21,-52
-38,20,-51
-29,18,-51
-34,17,-50
-29,13,-50
-34,17,-54
-26,14,-48
-33,6,-57
-29,8,-53
-24,4,-53
-26,7,-60
-16,7,-57
-24,8,-67
-5,9,-35
-24,0,-77
-17,2,-58
-20,5,-54
-27,7,-63
-23,8,-60
-23,9,-63
-18,8,-64
-20,8,-62
-26,10,-61
-29,13,-61
-32,10,-65
-22,15,-62
-16,13,-67
-4,24,-43
-37,20,-63
-26,16,-63
-32,13,-58
-28,11,-56
-35,5,-72
-29,5,-42
-32,2,-49
-39,-1,-58
-27,-7,-54
-32,-8,-59
-33,-4,-54
-32,-1,-46
-36,-3,-52
-31,-5,-53
-24,-9,-53
-24,-11,-54
-22,-13,-53
-19,-14,-51
-22,-14,-53
-21,-15,-55
-24,-14,-59
-24,-13,-58
-17,-14,-54
-18,-14,-54
-17,-15,-57
-16,-16,-56
-16,-16,-54
-16,-16,-54
-17,-18,-58
-16,-17,-57
-16,-19,-56
-15,-19,-57
-15,-20,-59
-16,-19,-56
-14,-19,-56
-14,-19,-57
-15,-19,-58
-12,-19,-58
-13,-20,-58
-13,-19,-57
-13,-19,-57
-13,-19,-56
-13,-20,-57
-12,-20,-57
-11,-20,-57
-11,-21,-58
-11,-21,-58
-11,-20,-58
-11,-19,-58
-12,-19,-58
-12,-18,-58
-12,-18,-58
-12,-19,-57
-12,-19,-59
-11,-19,-58
-10,-19,-57
-10,-19,-59
-10,-19,-60
-10,-20,-59
-10,-20,-59
-10,-20,-60
-10,-19,-58
-10,-19,-58
-11,-19,-58
-11,-18,-58
-11,-18,-57
-10,-18,-58
-10,-19,-58
-11,-19,-58
-11,-18,-58
-11,-19,-60
-11,-18,-59
-10,-18,-57
-10,-18,-58
-12,-17,-56
-10,-16,-56
-9,-16,-58
-14,-17,-58
-8,-17,-56
-13,-18,-61
-11,-18,-59
-12,-17,-58
-9,-16,-59
-14,-13,-63
-15,-12,-63
-14,-9,-62
-15,-8,-61
-19,-7,-59
-16,-6,-57
-16,-6,-56
-17,-5,-57
-15,-7,-58
-15,-7,-59
-16,-4,-60
-18,-3,-58
-19,-1,-57
-17,0,-58
-21,1,-61
-18,1,-60
-21,1,-63
-19,2,-61
-21,2,-62
-21,3,-61
-21,4,-61
-23,5,-60
-25,6,-59
-25,7,-58
-25,8,-60
-28,12,-58
-29,14,-57
-28,15,-54
-27,16,-52
-27,16,-50
-28,16,-51
-29,15,-51
-29,15,-52
-29,16,-54
-28,16,-54
-30,16,-56
-30,17,-56
-30,18,-57
-30,18,-54
-28,19,-54
-30,18,-56
-29,18,-56
-30,17,-54
-30,16,-54
-30,12,-55
-30,13,-55
-30,14,-53
-30,15,-53
-29,16,-57
-25,15,-57
-28,15,-50
-35,15,-50
-28,13,-55
-25,11,-56
-31,14,-51
-32,13,-48
-23,7,-57
-24,3,-57
-36,4,-51
-51,3,-41
-63,7,-31
-63,6,-33
-51,20,-16
-58,16,-30
-68,28,-35
-62,38,-41
-51,39,-37
-55,34,-21
-50,28,-13
-46,14,-5
-43,9,3
-46,-3,13
-48,-3,23
-39,-8,39
-51,-4,42
-56,-4,44
-54,-1,44
-58,2,32
-71,3,18
-46,10,15
-69,20,13
-68,29,17
-74,40,18
-57,37,20
-62,35,17
-45,35,33
-51,30,33
-55,34,24
-66,32,27
-65,35,27
-71,26,24
-61,25,29
-73,22,37
-64,17,37
-57,5,25
-50,8,29
-44,8,35
-44,5,26
-60,9,33
-56,9,40
-55,6,31
-60,9,28
-25,7,34
-43,10,34
-51,4,42
-46,4,45
-63,5,45
-63,5,44
-45,-4,38
-37,0,45
-53,-1,47
-43,7,29
-8,18,45
-54,25,45
-67,3,37
-30,8,54
-29,9,49
-51,26,55
-47,20,61
-34,11,49
-24,9,43
-22,10,65
-17,6,75
-43,12,38
-9,13,40
-2,24,57
-15,25,61
-58,19,68
-47,15,75
-47,10,40
-28,6,48
-46,8,53
-46,8,58
-49,13,19
-44,14,22
-34,13,49
-51,12,22
-49,14,32
-41,10,42
-60,8,0
-92,18,17
-78,14,17
-47,8,22
-35,8,40
-32,2,39
-38,2,32
-37,2,48
-17,-2,60
28,36,78
44,34,96
-37,17,81
-14,18,92
-29,7,56
-35,3,47
-24,-4,1
-30,-7,-3
-93,23,2
-90,18,24
-62,21,49
-74,16,13
-81,1,-9
12,6,63
10,2,35
2,30,79
3,38,96
-13,19,69
-10,17,71
4,18,78
-4,8,27
-84,5,-21
-90,14,-7
-85,9,11
-88,14,21
-70,22,24
-17,29,25
-5,17,56
-22,5,59
-3,13,60
14,9,67
-12,23,67
-21,20,79
-20,20,55
-54,15,41
-51,16,48
-46,6,22
-48,7,28
-62,11,30
-61,14,28
-50,13,40
-48,13,42
-51,11,46
-54,7,48
-34,-3,36
-48,4,28
-38,2,57
-36,0,56
-48,6,34
-65,3,29
-46,1,42
-36,9,39
-47,7,39
-53,6,41
-52,11,45
-60,9,41
-67,5,37
-40,3,38
-48,-3,41
-45,13,37
-45,8,39
-47,9,50
-57,8,47
-36,5,40
-18,7,52
-74,12,28
-73,9,36
-53,5,42
-38,5,39
-54,8,38
-43,12,52
-36,10,52
-25,17,62
4,22,48
-10,17,15
-54,0,-30
-72,-14,-46
-105,-14,-58
-64,-10,-38
-81,-4,-56
-70,15,-21
-54,13,-26
-37,32,-13
-67,35,-47
-48,10,-45
-57,8,-26
-50,-4,-26
-51,2,-16
-53,14,15
-51,15,20
-68,23,27
-73,19,21
-71,19,15
-63,26,15
-72,29,1
-55,19,6
-53,-5,-22
-19,-3,-22
-44,24,-59
-77,9,-105
-5,-3,-52
-34,-6,-58
-64,11,-21
-48,15,19
-48,18,21
-75,16,28
-85,23,29
-65,8,-3
-60,3,-19
-31,-9,-18
-43,-10,-51
-48,5,-54
-41,9,-49
-45,-4,-38
-51,4,-13
-46,11,22
-44,5,26
-73,18,26
-77,16,18
-57,20,30
-65,10,22
-54,18,41
-53,19,47
-58,23,42
-58,25,41
-51,11,14
-65,1,1
-58,1,1
-82,-11,-16
-58,-13,-8
-42,-8,-45
-45,0,-46
-56,16,-55
-43,11,-44
-57,-7,-50
-49,-5,-36
-55,2,-21
-52,4,-19
-65,10,-8
-74,8,-13
-63,3,-4
-66,3,-5
-58,5,11
-65,6,11
-61,15,18
-60,17,22
-56,17,26
-48,18,35
-53,6,14
-43,4,12
-28,-2,-4
-51,0,-57
-84,9,-69
-60,11,-44
-44,14,-35
-51,-3,-65
-52,0,-57
-35,2,-49
-40,4,-51
-3,0,-41
-8,6,-42
-31,9,-57
-23,12,-62
-22,10,-62
-23,11,-60
-12,4,-80
-17,0,-76
-9,7,-63
-21,7,-63
-37,13,-75
-14,15,-62
-7,12,-49
-30,16,-62
-21,1,-79
-14,-6,-49
-20,-2,-36
-37,7,-57
-30,-11,-67
-31,1,-57
-23,8,-39
-52,5,-48
-42,7,-63
-31,10,-60
-20,7,-51
-19,2,-67
-24,-5,-77
8,-20,-64
-1,-22,-59
-46,-4,-45
-55,-2,-53
-35,6,-57
-27,3,-44
-20,9,-47
-1,4,-70
4,-16,-56
-8,-14,-53
-32,-8,-55
-66,6,-65
-52,8,-65
-5,6,-58
-1,1,-63
-8,-8,-71
-4,-3,-73
23,-6,-58
24,-8,-46
-6,-8,-45
-1,-5,-50
-21,-7,-78
-9,-5,-69
-10,-5,-61
-3,-4,-63
-4,3,-51
-5,0,-57
-15,-5,-67
-8,-8,-57
-10,-7,-71
-17,-5,-66
-23,-1,-52
-18,-3,-48
-33,0,-53
-16,-3,-63
-18,-3,-65
-13,-2,-61
-15,-2,-61
-10,0,-58
-21,2,-64
-13,0,-63
-7,2,-58
-2,-2,-57
3,-5,-59
13,-4,-65
0,7,-60
7,-9,-75
8,-10,-76
-21,3,-53
-14,2,-50
-19,10,-50
-25,12,-59
-27,9,-55
-37,6,-52
-46,-4,-58
-60,2,-52
-58,-3,-56
-39,2,-44
-52,7,-33
-41,7,-28
-38,9,-24
-55,12,-25
-60,11,-32
-69,3,-24
-64,-1,-33
-62,6,-27
-69,5,-23
-56,3,-5
-56,7,-5
-59,4,-20
-57,9,-20
-58,7,-34
-51,6,-43
-45,5,-39
-37,14,-15
-70,10,-37
-52,6,-43
-32,3,-49
-62,8,-54
-61,8,-47
-55,7,-55
-59,3,-56
-65,4,-48
-43,2,-51
-64,12,-21
-68,12,-25
-51,10,-11
-61,10,0
-53,5,-8
-58,3,-12
-55,0,-4
-35,3,8
-97,1,-12
-66,3,12
-59,9,15
-74,9,10
-47,3,23
-52,6,22
-49,1,21
-60,2,17
-67,3,7
-70,3,1
-76,6,10
-61,5,14
-54,6,15
-63,10,13
-77,10,5
-62,4,19
-46,1,25
-80,-1,11
-74,0,18
-51,-1,24
-52,1,25
-57,5,39
-60,5,36
-57,10,32
-52,11,43
-60,8,32
-58,5,43
-71,-7,27
-53,-7,30
12,8,51
-21,27,65
-47,1,54
-39,3,49
-34,8,55
-35,5,50
-27,5,49
-18,5,52
-26,6,60
-27,8,63
-23,8,66
-23,4,56
-13,4,56
-17,9,62
-19,10,62
-23,11,65
-22,10,71
-31,10,62
-26,12,66
-33,10,57
-45,9,47
-57,15,45
-58,5,44
-46,5,41
-50,7,40
-38,8,46
-26,13,47
-51,28,36
-50,20,40
-57,22,34
-47,18,32
-43,20,37
-53,18,25
-50,22,28
-52,24,33
-56,21,22
-57,22,29
-63,22,30
-41,17,33
-23,21,44
-17,24,58
-29,17,48
-33,23,47
-20,27,56
2,27,60
-11,23,59
-14,25,67
-12,22,60
-4,22,56
0,21,56
20,27,59
15,33,62
-25,28,63
-50,23,46
-26,22,55
-4,25,70
-6,22,63
-33,19,42
-37,17,44
-21,19,55
-4,27,60
-31,24,52
-31,24,57
-35,15,49
-27,19,52
-23,19,51
-7,19,60
-5,15,57
4,20,66
-7,21,36
-33,14,15
-58,13,15
-74,9,-6
-64,6,-17
-70,9,-19
-73,12,-18
-60,19,-24
-54,21,-30
-44,28,-39
-58,34,-55
-21,28,-62
-39,32,-62
-56,20,-49
-46,20,-48
-44,20,-45
-42,23,-49
-34,25,-47
-36,25,-47
-36,25,-47
-40,30,-45
-30,28,-48
-35,29,-47
-32,28,-40
-32,27,-35
-38,24,-38
-36,23,-42
-38,23,-47
-38,23,-45
-44,25,-46
-37,26,-49
-20,24,-52
-34,27,-46
-32,28,-23
-46,24,-41
-40,25,-39
-33,27,-49
-30,28,-52
-35,35,-47
-29,34,-43
-37,36,-44
-39,35,-47
-37,34,-48
-37,33,-48
-25,34,-53
-26,32,-54
-31,29,-56
-31,32,-48
-30,33,-49
-35,31,-48
-34,24,-47
-30,21,-56
-41,21,-48
-41,19,-43
-40,12,-52
-40,9,-45
-42,8,-37
-45,15,-32
-45,14,-26
-57,15,-16
-64,15,-21
-64,10,-13
-58,10,-13
-60,14,-10
-72,11,-16
-65,16,3
-62,12,4
-60,11,11
-67,10,4
-55,6,2
-39,4,-5
-36,5,-33
-41,8,-39
-42,12,-68
-45,21,-59
-34,20,-60
-53,17,-52
-39,17,-46
-39,15,-45
-47,13,-43
-42,17,-45
-48,14,-46
-56,10,-55
-53,12,-46
-53,11,-40
-54,10,-45
-61,5,-40
-63,3,-34
-58,16,-4
-68,23,5
-51,11,1
-53,5,8
-39,13,38
-34,17,38
-46,5,7
-52,6,1
-61,23,-6
-78,26,-11
-69,15,-23
-63,13,-27
-27,8,-29
-24,11,-38
-32,13,-56
-39,16,-87
-24,12,-75
-14,11,-57
-38,16,-53
-14,9,-62
-27,11,-63
-19,17,-59
-13,21,-57
-20,24,-54
-21,26,-57
-7,20,-60
-27,17,-61
-11,14,-66
-15,11,-76
-8,16,-52
-4,21,-41
-21,19,-63
-19,18,-66
-13,14,-53
-9,14,-72
-17,13,-77
-13,15,-56
-4,16,-56
-10,14,-57
-13,13,-58
-26,14,-62
-24,12,-66
-13,9,-50
-15,8,-51
-11,9,-56
-11,8,-56
-14,5,-57
-19,7,-57
-24,8,-62
-23,5,-63
-32,17,-50
-41,19,-49
-33,5,-54
-30,8,-49
-38,17,-48
-29,17,-55
-20,15,-62
-15,13,-58
-15,2,-63
-19,-4,-63
-30,-1,-52
-49,10,-43
-50,19,-48
-22,23,-60
-14,20,-58
-12,10,-63
-6,3,-64
-10,-1,-60
-22,-1,-60
-42,5,-59
-45,6,-59
-41,23,-52
-29,22,-52
-17,13,-55
-11,9,-58
-16,8,-65
-15,4,-66
-13,0,-57
-21,2,-52
-40,6,-44
-45,8,-48
-42,10,-63
-34,16,-58
-20,14,-54
-24,13,-45
-25,6,-48
-29,7,-47
-36,8,-49
-36,6,-53
-36,10,-48
-46,7,-49
-36,6,-53
-29,5,-50
-27,5,-50
-27,8,-50
-31,9,-55
-23,14,-63
-18,11,-64
-33,8,-64
-40,8,-60
-29,6,-54
-36,9,-50
-33,7,-48
-25,9,-45
-22,5,-56
-29,7,-66
-25,7,-59
-18,13,-52
-23,11,-55
-43,8,-57
-36,7,-53
-36,5,-50
-35,10,-47
-29,6,-53
-29,8,-49
-31,3,-50
-32,0,-52
-33,0,-54
-34,0,-54
-49,4,-60
-48,-1,-59
-28,6,-35
-37,7,-33
-59,11,-43
-56,10,-41
-50,9,-40
-54,10,-38
-51,16,-19
-63,15,-29
-49,16,-9
-59,15,-26
-62,14,-24
-57,10,-32
-58,5,-39
-46,9,-29
-40,5,-29
-46,7,-44
-37,7,-46
-44,5,-48
-41,8,-37
-33,4,-47
-51,6,-57
-29,8,-51
-34,8,-56
-52,10,-61
-37,10,-63
-35,10,-52
-30,11,-50
-42,11,-44
-41,13,-43
-55,9,-46
-55,7,-43
-53,8,-30
-49,8,-28
-59,8,-29
-63,7,-13
-62,5,-17
-62,3,-14
-72,4,-9
-63,1,-6
-64,7,-3
-56,4,9
-60,8,14
-51,13,16
-66,11,11
-60,15,31
-58,13,28
-52,9,24
-55,9,23
-63,10,9
-58,4,-4
-69,15,-16
-75,15,-10
-49,13,-5
-43,13,-26
-39,13,-35
-48,11,-55
-50,15,-69
-30,12,-62
-23,12,-55
-38,20,-46
-41,18,-47
-28,15,-61
-36,13,-59
-45,17,-60
-56,16,-59
-51,14,-55
-54,14,-50
-56,13,-39
-45,12,-38
-55,16,-28
-49,15,-22
-37,25,8
-50,31,19
-54,36,18
-61,32,15
-54,30,21
-53,30,24
-51,23,34
-62,15,30
-54,10,27
-42,12,25
-44,14,26
-42,26,33
-37,32,34
-39,35,35
-32,40,36
-43,47,26
-40,49,35
-38,54,35
-35,59,33
-33,56,33
-32,54,31
-27,49,34
-31,49,33
-31,46,36
-20,47,42
-12,48,34
-11,50,34
-23,54,37
-23,53,35
-27,52,34
-23,55,42
-30,48,33
-22,52,36
-24,53,36
-21,50,31
-24,50,32
-22,51,32
-23,52,34
-18,52,37
-19,51,35
-19,51,37
-18,50,36
-22,51,37
-18,49,33
-22,49,37
-23,50,35
-24,55,35
-22,57,34
-31,63,41
-31,66,41
-32,68,44
-35,65,37
-61,50,35
-48,41,37
-36,30,30
-53,16,20
-66,19,21
-29,20,34
-47,26,41
-42,11,36
-27,10,40
-21,6,17
-7,3,29
-17,1,33
-26,-6,33
-45,-9,36
-64,-10,15
-48,0,18
-73,9,12
-86,8,32
-48,12,58
-99,11,20
-77,12,21
-53,17,36
-47,5,18
-57,7,11
-63,11,-3
-66,8,-19
-79,10,-27
-67,14,-14
-38,9,-31
-36,7,-50
-52,11,-55
-43,11,-50
-44,6,-53
-40,7,-47
-44,9,-54
-45,8,-52
-37,9,-47
-43,8,-50
-45,5,-48
-41,3,-50
-47,1,-44
-49,1,-40
-38,1,-37
-43,2,-38
-48,2,-33
-49,4,-36
-51,4,-35
-55,4,-36
-58,5,-36
-50,5,-33
-52,5,-31
-54,3,-31
-57,3,-34
-59,3,-31
-56,3,-29
-54,3,-26
-50,3,-26
-56,2,-27
-56,3,-28
-59,3,-29
-57,3,-28
-53,5,-26
-54,4,-29
-57,3,-29
-56,1,-32
-57,-2,-28
-57,-2,-27
-51,-2,-18
-60,-2,-23
-57,8,-15
-69,7,-25
-61,7,-18
-68,12,-9
-72,11,-10
-61,11,7
-55,13,10
-65,15,8
-62,15,9
-62,22,15
-61,28,13
-64,23,-5
-61,22,-6
-66,16,-25
-56,14,-19
-42,1,-36
-67,6,-46
-62,9,-31
-58,4,-34
-44,1,-31
-58,-1,-39
-40,0,-31
-66,7,-39
-30,14,-33
-49,15,-31
-43,8,-29
-41,8,-47
-48,10,-50
-48,16,-35
-52,12,-34
-54,12,-33
-60,12,-33
-47,8,-26
-66,13,-33
-51,12,-21
-68,11,-25
-48,12,-2
-58,15,-7
-65,10,-15
-56,10,-8
-61,17,-13
-54,15,-13
-46,9,-24
-48,5,-41
-48,3,-46
-68,12,-60
-28,7,-51
-41,16,-53
-48,13,-66
-26,11,-53
-33,13,-50
-41,19,-44
-40,18,-41
-42,18,-43
-42,16,-47
-38,15,-43
-42,13,-47
-48,12,-50
-45,11,-44
-52,14,-30
-54,15,-24
-61,14,-33
-58,18,-33
-58,20,-26
-55,18,-23
-58,17,-26
-55,15,-21
-54,13,-18
-53,14,-22
-46,11,-36
-47,10,-46
-44,10,-52
-46,5,-57
-54,5,-59
-29,9,-44
-23,5,-44
-34,12,-53
-23,13,-48
-19,14,-51
-22,14,-54
-28,13,-60
-28,11,-62
-33,11,-56
-39,10,-53
-43,20,-43
-36,17,-42
-58,15,-50
-50,18,-46
-54,15,-33
-62,14,-30
-53,13,-26
-52,14,-21
-53,14,-11
-62,14,-13
-68,13,-19
-63,12,-20
-52,9,-15
-44,10,2
-50,13,-4
-93,4,-36
-66,1,-32
-56,4,-33
-65,9,-31
-49,9,-11
-56,9,-14
-66,9,6
-85,13,-3
-51,7,-2
-55,11,4
-56,10,17
-61,11,21
-61,10,14
-70,11,10
-63,10,14
-54,10,14
-53,11,20
-52,11,24
-58,12,16
-61,8,6
-59,8,6
-73,10,-1
-69,9,1
-63,8,1
-64,8,-1
-65,6,-5
-62,6,-4
-66,6,-6
-68,6,-8
-64,6,-8
-68,6,-12
-67,6,-12
-65,5,-10
-63,4,-10
-65,5,-12
-56,5,-3
-58,7,-2
-64,5,-8
-61,3,-12
-52,2,-7
-45,1,-7
-55,4,-20
-58,11,-23
-61,14,-29
-44,16,-30
-47,16,-43
-40,21,-45
-49,30,-43
-42,15,-50
-31,16,-53
-34,15,-58
-29,14,-54
-24,13,-56
-24,12,-58
-21,9,-61
-22,9,-60
-24,10,-58
-23,10,-59
-23,13,-59
-23,15,-57
-25,16,-60
-26,18,-61
-21,19,-56
-23,22,-51
-29,22,-48
-19,21,-55
-22,18,-61
-23,16,-55
-23,14,-57
-25,12,-58
-25,12,-56
-22,12,-53
-20,12,-55
-20,12,-57
-21,11,-56
-20,13,-57
-19,13,-57
-20,12,-60
-22,12,-61
-22,12,-60
-21,13,-60
-21,14,-58
-21,14,-57
-19,12,-55
-20,12,-54
-21,12,-56
-19,12,-56
-23,13,-57
-24,15,-58
-19,16,-57
-24,20,-56
-24,20,-55
-24,20,-58
-23,18,-58
-24,17,-55
-25,17,-55
-26,17,-53
-25,17,-54
-29,16,-56
-31,15,-57
-39,17,-52
-47,19,-50
-57,19,-51
-48,18,-49
-61,15,-44
-62,17,-35
-54,22,-9
-62,22,-3
-53,20,15
-42,19,25
-43,13,33
-40,7,26
-56,8,20
-48,5,31
-42,3,31
-53,2,30
-59,5,30
-59,6,30
-59,8,28
-59,8,29
-56,8,30
-53,9,30
-53,8,28
-60,11,21
-59,14,29
-62,16,35
-47,17,43
-64,18,31
-56,17,37
-56,20,33
-59,18,28
-39,20,46
-50,19,39
-45,21,23
-41,23,30
-57,25,-7
-67,20,-28
-77,21,-34
-59,14,-31
-50,12,-31
-75,17,-7
-54,16,-1
-87,15,-16
-83,17,-9
-59,12,-5
-63,10,-6
-62,18,2
-68,18,-4
-57,23,19
-58,21,11
-49,18,24
-47,17,32
-40,17,54
-46,11,50
-43,12,53
-37,15,55
-32,18,52
-28,20,53
-21,20,47
-6,27,48
-1,30,49
6,28,48
0,32,46
-27,33,46
-33,36,53
-26,27,55
-28,26,53
-25,22,58
-34,18,45
-45,12,25
-54,13,18
-56,20,-5
-59,15,-22
-44,11,-43
-53,16,-54
-47,25,-48
-43,28,-53
-28,23,-68
-31,27,-77
-26,29,-71
-9,30,-53
-22,26,-51
-20,21,-52
-11,20,-54
-16,20,-53
-19,18,-57
-12,17,-57
-13,16,-55
-13,17,-54
-11,16,-56
-14,17,-58
-15,17,-58
-16,18,-58
-18,19,-62
-19,20,-65
-21,21,-63
-27,21,-62
-26,19,-58
-28,17,-56
-31,15,-54
-31,13,-46
-31,12,-44
-37,15,-38
-42,15,-41
-41,20,-43
-46,20,-32
-42,26,-29
-56,34,-50
-48,19,-54
-44,17,-41
-41,11,-47
-38,8,-52
-44,9,-51
-39,14,-33
-47,14,-37
-47,15,-45
-49,17,-38
-52,6,-65
-30,16,-18
-66,20,-41
-90,8,-60
-51,13,-28
-59,14,-34
-49,18,-27
-58,15,-32
-66,10,-42
-73,8,-20
-48,25,19
-36,15,4
-71,8,-5
-85,27,6
-70,15,-4
-47,15,-11
-47,16,-17
-27,13,-32
-51,20,-60
-45,9,-66
-29,7,-61
-42,13,-38
-45,17,-24
-63,29,0
-72,16,13
-65,13,35
-57,20,33
-48,6,5
-71,19,5
-72,16,4
-44,5,-2
-29,20,-41
-66,20,-70
-33,4,-30
-54,8,-46
-45,17,-20
-68,17,-5
-65,9,-2
-71,30,28
-56,24,33
-54,16,35
-51,21,32
-52,25,33
-58,32,35
-31,26,32
-21,12,7
-67,1,-23
-41,1,-16
-69,3,-60
-66,13,-57
-47,4,-53
-32,15,-46
-55,20,-17
-37,14,-6
-93,26,0
-45,33,68
-64,40,44
-48,19,26
-55,15,9
-62,-3,-13
-54,-8,-23
-37,8,-11
-86,33,-55
-27,10,2
-48,22,-15
-84,11,-22
-56,12,-6
-67,21,21
-50,31,54
-56,34,44
-44,19,26
-42,18,-6
-53,15,-12
-63,6,-29
-74,2,-46
-40,12,-36
-59,24,-51
-37,40,-25
-45,14,-36
-58,22,-36
-57,23,-25
-43,15,-29
-53,14,-32
-60,13,-33
-47,16,-23
-61,11,-39
-46,12,-22
-48,15,-17
-54,16,-38
-60,17,-41
-61,17,-32
-56,15,-29
-66,22,-18
-69,21,-16
-55,10,-34
-56,11,-32
-50,13,-17
-64,15,-23
-55,21,-24
-60,9,-34
-44,11,-30
-48,8,-37
-47,13,-26
-53,15,-32
-50,10,-36
-48,7,-44
-56,11,-46
-47,9,-37
-56,14,-33
-53,18,-16
-57,19,-20
-66,13,-22
-69,8,-23
-56,12,-20
-65,13,-24
-81,17,-18
-81,4,-35
-31,7,-7
-63,9,-16
-55,15,-5
-52,6,-13
-53,5,-5
-50,8,-2
-69,5,-9
-71,7,-8
-73,18,-1
-68,14,-4
-60,2,-6
-70,15,-13
-66,11,-18
-60,5,-26
-74,7,-29
-52,7,-27
-56,12,-25
-70,15,-13
-66,11,-18
-60,5,-26
-74,7,-29
-52,7,-27
-56,12,-25
-52,6,-37
-51,5,-24
-56,4,-40
-59,7,-37
-45,5,-46
-41,4,-55
-37,6,-50
-41,9,-45
-40,5,-39
-37,4,-44
-49,11,-51
-56,12,-50
-55,5,-39
-66,8,-34
-54,8,-18
-47,1,-31
-54,14,-25
-61,15,-8
-67,13,-4
-62,9,-10
-69,12,-11
-51,10,21
-67,5,-9
-69,4,-45
-45,5,-35
-58,3,-47
-49,5,-51
-36,31,-45
-44,20,-38
-45,11,-37
-57,15,-37
-57,9,-33
-65,7,-35
-62,6,-33
-51,3,-33
-56,9,-21
-58,23,-10
-74,14,-7
-83,9,-22
-75,5,-23
-45,6,-6
-45,4,-16
-58,9,-8
-61,12,-6
-60,13,-7
-68,15,-8
-70,11,-2
-66,11,3
-61,10,3
-54,10,8
-69,10,8
-65,9,10
-63,12,-5
-59,10,-10
-50,14,-13
-55,12,-20
-52,17,-15
-65,15,-24
-58,10,-22
-55,15,-21
-58,13,-40
-52,13,-36
-63,17,-33
-57,12,-35
-48,11,-36
-47,7,-43
-53,11,-37
-72,13,-35
-67,18,-29
-53,14,-14
-49,10,-22
-62,11,-13
-64,11,-7
-56,15,6
-57,11,0
-60,8,1
-60,13,7
-68,13,5
-71,16,13
-60,15,8
-56,15,9
-66,15,12
-64,15,14
-62,13,17
-57,14,22
-52,16,24
-44,19,32
-55,21,24
-68,15,18
-63,11,4
-68,12,7
-70,16,13
-57,13,31
-53,13,30
-66,18,30
-66,13,26
-52,10,15
-53,10,7
-60,3,-20
-44,4,-18
-43,4,-28
-38,11,-25
-25,36,-4
-64,37,-27
-37,13,-52
-42,7,-61
-41,8,-59
-44,9,-65
-46,15,-62
-40,19,-45
-39,14,-51
-38,17,-55
-35,12,-59
-43,13,-51
-35,9,-46
-45,11,-39
-47,21,-26
-41,22,-45
-28,21,-43
-39,24,-62
-36,15,-63
-11,4,-34
-26,12,-46
-44,17,-42
-73,22,-43
-53,23,-43
-38,22,-37
-27,20,-59
-24,18,-55
-18,5,-54
-34,5,-64
-49,18,-30
-63,20,-27
-73,29,-41
-39,21,-48
-24,13,-52
-23,15,-45
-36,12,-50
-28,10,-33
-36,13,-33
-55,15,-33
-58,15,-35
-68,18,-34
-56,16,-38
-35,20,-44
-38,17,-52
-36,12,-55
-40,11,-51
-32,13,-34
-51,12,-29
-64,12,-36
-53,11,-23
-59,17,-35
-63,14,-34
-51,9,-45
-44,14,-35
-40,13,-36
-54,14,-31
-51,9,-27
-53,11,-32
-48,9,-39
-52,14,-34
-56,14,-28
-61,15,-23
-61,15,-25
-65,16,-23
-68,14,-22
-65,11,-16
-68,13,-14
-57,7,-22
-59,8,-17
-62,10,-12
-60,5,-26
-59,15,0
-56,8,-2
-60,5,-25
-56,11,-25
-39,18,-1
-45,12,-7
-70,15,-31
-62,14,-16
-57,13,-25
-63,9,-34
-67,7,-26
-50,7,-29
-59,12,-28
-50,9,-31
-58,11,-34
-50,14,-34
-63,19,-45
-46,21,-32
-47,12,-33
-56,10,-29
-58,15,-14
-70,15,-5
-70,10,-4
-51,12,4
-56,15,-6
-68,21,-12
-64,20,-9
-70,21,-13
-65,18,-2
-67,17,8
-61,17,18
-60,15,21
-57,19,36
-68,18,34
-67,12,26
-54,7,18
-31,0,27
-35,-4,25
-35,3,39
-28,2,44
-44,10,30
-73,17,32
-52,10,23
-39,10,12
-83,24,5
-80,24,12
-64,18,9
-61,17,3
-51,19,17
-42,21,23
-77,24,13
-70,22,11
-71,23,10
-63,20,6
-58,15,0
-74,15,9
-67,10,10
-63,12,9
-69,10,20
-57,9,17
-52,3,11
-45,10,44
-49,8,42
-40,9,30
-23,12,43
-55,12,26
-36,12,47
-63,22,52
-56,16,49
-43,17,50
-40,18,58
-37,14,50
-26,17,48
-56,14,44
-40,14,50
-46,10,36
-29,13,38
-20,12,43
-35,17,60
-19,24,67
-40,20,55
-35,17,57
-28,13,54
-27,17,60
-24,10,55
-16,15,58
-16,22,64
-15,20,72
-14,28,72
-52,21,40
-32,18,63
-23,19,61
-28,11,36
-25,11,39
-41,16,48
-36,15,41
-56,16,29
-57,16,33
-56,13,32
-51,14,38
-45,7,31
-68,20,24
-67,15,30
-50,18,18
-51,21,27
-56,17,16
-54,26,13
-67,30,17
-63,23,17
-54,23,22
-54,22,23
-52,21,31
-40,21,37
-20,27,52
-20,22,47
-41,22,53
-43,19,47
-44,7,38
-29,8,55
-21,11,65
-18,16,60
-20,19,63
-21,21,70
-17,21,59
-25,22,58
-35,21,47
-49,19,43
-56,19,34
-49,15,27
-70,14,15
-75,13,22
-56,17,36
-40,20,43
-35,16,40
-63,24,38
-60,23,36
-83,14,23
-54,16,34
-28,12,49
-22,7,53
-18,3,41
-22,5,46
-52,8,30
-53,10,29
-60,9,-1
-68,13,-11
-96,11,-19
-47,12,2
-47,18,4
-69,23,-11
-44,19,-6
-49,23,-39
-56,27,-59
-43,21,-55
-40,16,-53
-52,16,-49
-55,14,-49
-49,11,-37
-39,14,-32
-48,19,-36
-41,19,-38
-33,19,-46
-44,23,-61
-58,20,-68
-58,19,-63
-57,16,-52
-52,16,-46
-13,22,-16
-27,17,-13
-49,20,-13
-47,29,-6
-48,27,-12
-39,26,-16
-40,24,-36
-51,12,-59
-55,12,-63
-40,11,-50
-45,12,-51
-45,15,-43
-55,18,-41
-39,20,-36
-40,16,-50
-32,16,-57
-22,14,-59
-33,18,-50
-23,17,-53
-31,14,-65
-32,18,-61
-23,22,-57
-23,20,-61
-30,23,-41
-29,20,-46
-32,17,-55
-32,17,-50
-34,16,-50
-26,16,-58
-30,17,-56
-29,16,-53
-25,15,-53
-27,16,-54
-25,18,-50
-30,17,-56
-29,19,-53
-34,19,-51
-34,18,-55
-36,17,-53
-37,16,-52
-37,15,-49
-36,16,-46
-37,16,-51
-39,16,-50
-38,17,-48
-37,16,-46
-35,16,-44
-36,15,-44
-38,15,-47
-40,14,-48
-46,13,-45
-43,10,-43
-47,12,-45
-50,16,-38
-53,16,-40
-50,14,-40
-50,17,-33
-55,18,-28
-57,22,-23
-48,23,-6
-53,21,-12
-56,21,-22
-60,20,-24
-65,16,-28
-68,11,-39
-52,7,-28
-67,6,-34
-64,3,-38
-53,1,-35
-58,0,-35
-68,2,-35
-57,-2,-22
-64,-3,-29
-64,-6,-35
-58,-4,-35
-62,3,-39
-39,6,-37
-34,4,-35
-55,15,-38
-43,10,-31
-44,8,-30
-46,7,-35
-46,2,-36
-50,0,-40
-51,-4,-43
-51,-2,-41
-52,1,-34
-53,1,-32
-57,4,-35
-55,4,-34
-55,7,-32
-54,6,-32
-52,0,-34
-47,0,-32
-53,2,-27
-55,2,-21
-62,5,-23
-67,1,-29
-67,1,-27
-54,3,-13
-60,5,-10
-54,2,-15
-54,1,-18
-50,1,-21
-63,-2,-32
-57,-4,-36
-51,-6,-38
-58,-3,-58
-54,1,-55
-46,5,-49
-42,7,-47
-36,8,-50
-42,8,-55
-36,11,-52
-33,9,-52
-25,10,-53
-25,13,-49
-23,15,-40
-21,16,-43
-33,11,-57
-27,9,-60
-32,9,-60
-32,8,-58
-33,7,-60
-37,8,-58
-40,7,-55
-37,10,-51
-37,9,-53
-36,8,-52
-36,6,-51
-35,4,-49
-35,3,-50
-34,4,-53
-36,4,-55
-31,6,-52
-31,7,-51
-34,7,-52
-35,7,-53
-33,7,-55
-33,7,-53
-36,7,-51
-34,7,-51
-36,6,-53
-35,5,-52
-35,5,-51
-35,4,-52
-35,4,-52
-35,6,-52
-35,6,-52
-35,6,-52
-36,8,-52
-36,9,-50
-37,9,-50
-37,9,-51
-36,8,-52
-35,8,-53
-36,7,-51
-35,7,-49
-36,6,-51
-36,5,-51
-36,4,-51
-36,5,-49
-37,6,-49
-37,2,-48
-38,4,-48
-39,4,-52
-39,7,-54
-33,8,-54
-34,13,-45
-47,18,-44
-52,25,-30
-57,15,-40
-67,14,-37
-63,15,-25
-57,13,-32
-64,20,-30
-49,15,-41
-41,6,-38
-50,4,-37
-38,5,-23
-39,5,-37
-37,2,-50
-40,7,-52
-38,8,-54
-24,8,-50
-19,8,-52
-32,8,-61
-21,10,-55
-22,13,-44
-11,19,-52
-28,23,-69
-19,27,-65
-32,27,-66
-32,27,-48
-26,22,-54
-60,31,-58
-53,22,-53
-38,27,-41
-51,29,-50
-50,22,-51
-42,19,-42
-52,18,-33
-52,17,-36
-41,14,-34
-48,13,-40
-31,19,-24
-40,18,-26
-34,14,-37
-31,11,-43
-35,11,-49
-43,11,-54
-31,12,-51
-12,16,-36
-6,12,-48
-30,37,-47
-36,31,-85
-33,33,-48
-30,26,-59
-53,20,-60
-49,15,-49
-64,22,-52
-52,17,-43
-70,20,-13
-58,23,-16
-61,24,-26
-62,25,-31
-50,23,-17
-53,26,-17
-50,23,-13
-51,21,-14
-58,20,-23
-53,17,-17
-60,11,-24
-66,11,-29
-52,12,-20
-65,11,-23
-63,12,-18
-57,12,-19
-55,12,-21
-60,14,-25
-57,15,-22
-54,18,-19
-56,18,-19
-61,16,-25
-61,14,-25
-55,12,-18
-60,13,-19
-60,15,-22
-58,14,-22
-59,14,-21
-60,13,-24
-55,12,-23
-55,13,-21
-54,13,-18
-54,12,-18
-57,10,-21
-63,10,-26
-66,12,-26
-65,11,-21
-63,10,-23
-62,11,-27
-58,11,-21
-54,12,-14
-56,12,-15
-55,12,-18
-57,12,-21
-58,14,-22
-57,14,-21
-58,12,-24
-59,11,-23
-58,10,-23
-58,11,-22
-61,12,-22
-62,12,-23
-61,14,-21
-61,14,-21
-55,14,-16
-55,13,-15
-59,13,-20
-60,13,-22
-59,12,-24
-60,11,-27
-59,11,-27
-58,13,-27
-56,13,-25
-59,13,-24
-58,14,-21
-57,13,-22
-57,13,-23
-57,13,-22
-57,13,-22
-57,13,-23
-58,13,-24
-59,13,-24
-59,13,-24
-56,13,-20
-57,11,-21
-57,10,-23
-58,11,-23
-56,10,-24
-53,11,-24
-51,11,-22
-50,11,-23
-55,13,-32
-57,14,-36
-50,14,-33
-44,28,-26
-46,28,-26
-57,25,-35
-53,18,-46
-52,20,-20
-46,23,-7
-60,27,-14
-64,30,-13
-59,35,-7
-60,32,-17
-58,33,-27
-54,30,-27
-65,22,-20
-59,19,-21
-50,17,-44
-74,16,-45
-42,15,-24
-51,14,-36
-59,18,-31
-48,15,-24
-57,20,-8
-59,17,-9
-68,21,-5
-62,26,-1
-57,19,-4
-65,20,-1
-63,18,-4
-56,16,-6
-57,17,-6
-58,19,-1
-55,17,-4
-56,18,-3
-60,20,-2
-60,19,-6
-59,19,-6
-61,20,-10
-63,20,-11
-59,18,-14
-60,19,-10
-63,21,-8
-61,20,-9
-60,22,-7
-61,21,-9
-60,20,-10
-60,21,-9
-60,21,-8
-61,22,-9
-60,21,-9
-62,22,-9
-61,22,-8
-58,20,-8
-58,20,-9
-61,20,-7
-59,18,-9
-60,20,-9
-62,21,-9
-60,20,-9
-60,19,-9
-60,17,-9
-59,17,-10
-61,20,-9
-64,22,-9
-61,22,-11
-60,23,-9
-61,22,-8
-60,19,-10
-59,19,-9
-59,19,-8
-59,19,-12
-59,20,-9
-60,21,-10
-59,20,-10
-60,20,-10
-61,20,-10
-60,20,-11
-60,19,-10
-60,19,-9
-60,18,-10
-60,18,-11
-59,18,-10
-60,18,-11
-60,18,-12
-60,18,-11
-60,18,-12
-60,19,-11
-61,19,-11
-61,19,-10
-60,18,-10
-59,18,-10
-60,18,-10
-59,18,-11
-59,18,-12
-60,17,-11
-59,17,-11
-61,18,-11
-61,18,-11
-60,18,-13
-61,19,-12
-60,19,-11
-60,18,-12
-59,18,-11
-60,18,-11
-61,19,-11
-61,18,-13
-61,19,-11
-61,19,-11
-59,18,-12
-60,18,-11
-60,17,-12
-61,16,-13
-60,17,-13
-59,16,-13
-61,17,-14
-61,16,-14
-60,17,-14
-60,18,-13
-59,17,-13
-60,16,-14
-60,16,-14
-60,17,-14
-59,17,-14
-60,18,-15
-62,19,-12
-56,17,-13
-59,17,-15
-59,17,-15
-59,16,-16
-58,16,-15
-58,16,-14
-60,17,-14
-60,17,-16
-61,17,-15
-62,17,-16
-60,17,-16
-60,18,-15
-60,17,-15
-59,17,-16
-59,17,-16
-59,16,-16
-58,15,-16
-60,16,-16
-59,16,-16
-60,17,-16
-60,17,-16
-60,18,-16
-60,18,-16
-61,18,-15
-60,19,-15
-60,20,-15
-59,18,-15
-59,17,-13
-60,17,-14
-59,15,-15
-59,16,-15
-61,17,-16
-60,18,-16
-60,17,-16
-60,17,-15
-61,18,-15
-60,18,-15
-61,17,-14
-60,17,-14
-59,16,-13
-59,16,-14
-58,15,-15
-58,14,-16
-59,13,-16
-57,13,-19
-59,14,-19
-59,16,-19
-60,17,-20
-61,18,-21
-61,18,-21
-60,18,-21
-60,17,-21
-59,16,-20
-59,16,-20
-59,15,-20
-58,15,-20
-59,15,-20
-58,15,-19
-58,15,-19
-59,15,-19
-59,15,-19
-58,14,-20
-59,14,-19
-59,13,-20
-58,13,-21
-58,13,-21
-58,12,-21
-58,12,-22
-58,12,-22
-58,12,-22
-58,12,-22
-58,12,-23
-58,12,-23
-57,12,-23
-57,12,-23
-58,12,-24
-58,12,-24
-58,13,-24
-58,12,-24
-58,12,-25
-58,13,-24
-58,13,-24
-56,12,-24
-58,12,-26
-57,12,-26
-58,13,-25
-59,13,-27
-58,13,-25
-58,13,-23
-58,13,-24
-58,14,-23
-57,14,-22
-60,12,-26
-62,11,-26
-59,9,-27
-48,7,-22
-46,12,-25
-45,13,-29
-58,15,-45
-48,16,-41
-23,15,-39
-29,17,-55
-23,17,-59
-18,17,-63
-9,18,-64
-16,18,-67
-10,18,-60
-14,19,-63
-18,18,-63
-13,21,-59
-20,21,-60
-20,23,-59
-23,23,-61
-25,27,-61
-22,27,-62
-22,22,-59
-20,19,-58
-20,12,-63
-18,13,-59
-36,11,-63
-41,12,-60
-43,18,-47
-41,21,-42
-49,21,-30
-56,23,-25
-42,24,-11
-45,24,-12
-56,21,-18
-55,18,-15
-59,17,-12
-56,17,-8
-60,15,-10
-62,16,-13
-60,15,-12
-63,16,-11
-62,16,-11
-63,15,-14
-64,15,-15
-60,15,-13
-59,15,-13
-60,15,-15
-61,16,-16
-61,16,-15
-61,16,-15
-59,15,-13
-62,14,-15
-62,12,-13
-64,10,-10
-65,10,-9
-59,10,-11
-61,13,-14
-59,14,-13
-61,17,-12
-60,18,-12
-58,16,-14
-60,12,-10
-61,12,-7
-65,15,-5
-61,16,-2
-65,17,-2
-65,15,-3
-59,19,-1
-63,18,-4
-62,20,4
-61,18,2
-56,17,4
-62,19,4
-62,20,6
-59,20,7
-58,23,4
-55,21,3
-60,27,4
-58,28,6
-60,30,4
-51,29,6
-52,22,-13
-54,23,-19
-50,20,-18
-66,12,-38
-52,16,-40
-63,16,-26
-41,9,-13
-42,16,-4
-51,14,-14
-52,20,-32
-54,17,-40
-49,18,-45
-38,18,-47
-47,22,-54
-37,27,-44
-25,33,-47
-39,36,-57
-32,34,-55
-33,38,-44
-21,32,-51
-20,27,-51
-20,29,-59
-10,18,-56
-20,22,-41
-38,19,-47
-34,19,-37
-40,9,-62
-53,9,-65
-42,9,-61
-45,7,-65
-39,9,-53
-36,11,-50
-44,19,-43
-38,22,-40
-36,28,-30
-46,32,-26
-48,33,-30
-42,28,-27
-52,23,-21
-56,23,-25
-53,18,-28
-56,20,-25
-53,17,-31
-59,20,-24
-57,14,-28
-54,12,-29
-55,16,-29
-52,17,-23
-51,19,-18
-52,27,-21
-46,33,-27
-53,38,-29
-49,37,-24
-52,32,-23
-51,30,-26
-55,22,-31
-58,20,-34
-48,9,-36
-52,10,-33
-64,2,-40
-59,1,-42
-73,6,-39
-66,6,-31
-47,18,11
-82,17,-18
-49,15,-1
-51,9,2
-69,14,2
-49,11,12
-51,9,11
-42,11,10
-79,12,-38
-47,14,-18
-42,17,-10
-56,21,-21
-45,24,-25
-42,28,-44
-48,27,-57
-48,25,-64
-41,25,-62
-34,23,-46
-42,24,-37
-46,27,-38
-56,30,-38
-47,33,-32
-36,35,-25
-45,28,-26
-49,23,-26
-49,18,-25
-50,18,-25
-41,13,-18
-49,14,-18
-43,13,-48
-66,9,-67
-24,17,-61
-16,13,-66
-18,14,-59
-39,14,-54
-35,15,-52
-25,22,-57
-21,24,-55
-23,22,-49
-22,21,-51
-23,22,-56
-22,21,-59
-21,19,-65
-21,20,-63
-20,20,-60
-20,19,-63
-20,17,-61
-21,15,-62
-17,11,-60
-21,12,-66
-19,11,-59
-21,11,-61
-21,11,-66
-30,15,-57
-37,28,-24
-54,26,-44
-58,24,-45
-33,32,-29
-32,24,-27
-57,13,-46
-44,12,-40
-50,14,-33
-46,13,-33
-47,11,-36
-49,10,-37
-48,8,-48
-49,9,-50
-45,9,-41
-32,11,-31
-34,21,-32
-58,17,-53
-22,12,-53
-30,15,-47
-28,27,-61
-36,28,-58
-25,22,-63
-28,23,-72
-44,19,-55
-45,19,-49
-47,21,-33
-80,23,-63
-60,22,-51
-52,16,-29
-64,14,-31
-59,13,-41
-57,15,-36
-47,13,-22
-52,14,-27
-43,13,-20
-54,12,-41
-44,10,-47
-41,10,-42
-54,15,-41
-50,16,-31
-53,18,-28
-60,19,-28
-55,19,-28
-54,18,-27
-59,18,-24
-57,16,-24
-58,14,-29
-55,14,-27
-57,16,-26
-55,16,-26
-56,16,-29
-53,15,-28
-52,15,-28
-55,15,-30
-54,15,-29
-53,15,-32
-54,15,-32
-57,15,-32
-56,15,-32
-54,16,-30
-57,16,-32
-56,16,-27
-55,16,-25
-53,15,-24
-52,15,-21
-53,15,-26
-58,15,-30
-55,19,-24
-54,20,-22
-53,23,-25
-59,19,-31
-56,18,-32
-51,18,-24
-56,19,-24
-58,18,-24
-55,18,-24
-58,18,-23
-60,18,-24
-61,18,-23
-60,17,-23
-56,15,-21
-56,13,-21
-57,13,-23
-54,13,-23
-54,14,-24
-56,14,-26
-58,14,-29
-57,14,-27
-55,13,-26
-54,12,-27
-50,12,-26
-48,13,-21
-51,13,-24
-51,12,-30
-48,14,-31
-54,17,-36
-55,20,-41
-56,22,-50
-52,19,-47
-54,17,-48
-38,11,-57
-29,12,-37
-36,18,-31
-57,5,-71
-39,1,-67
-50,1,-55
-54,0,-60
-56,11,-23
-63,11,-24
-46,0,-37
-45,-1,-33
-48,4,-25
-46,6,-28
-46,10,-24
-48,10,-22
-50,10,-18
-49,10,-22
-52,7,-30
-54,5,-29
-58,5,-30
-53,3,-27
-57,2,-30
-62,4,-30
-62,4,-30
-60,5,-25
-59,6,-23
-61,8,-21
-60,8,-20
-62,8,-22
-61,8,-20
-59,9,-19
-60,9,-20
-61,10,-19
-62,12,-20
-63,14,-19
-63,15,-19
-60,16,-16
-59,15,-15
-59,15,-17
-58,14,-16
-58,14,-15
-62,15,-15
-62,16,-14
-61,17,-14
-62,18,-14
-61,18,-13
-60,18,-12
-59,18,-12
-61,18,-12
-64,20,-12
-62,20,-10
-60,21,-8
-61,21,-9
-62,21,-9
-59,20,-8
-57,18,-7
-57,17,-8
-59,16,-8
-58,16,-7
-59,15,-9
-60,15,-10
-62,12,-11
-63,13,-11
-61,12,-9
-64,13,-10
-64,13,-9
-61,12,-8
-60,11,-7
-58,9,-7
-61,10,-8
-62,10,-7
-61,11,-6
-63,11,-6
-66,11,-7
-67,6,-4
-64,3,-1
-66,-3,-2
-67,-4,1
-67,1,9
-67,2,7
-66,3,2
-63,4,4
-70,8,4
-66,8,7
-55,9,8
-60,10,7
-51,13,15
-55,16,14
-59,23,20
-51,28,29
-60,30,26
-44,29,31
-36,29,30
-41,32,34
-32,33,41
-71,36,22
-77,29,17
-58,29,26
-80,24,17
-35,17,28
-58,12,7
-76,18,18
-61,18,15
-68,20,8
-75,24,11
-66,19,-7
-82,13,-21
-67,4,-15
-64,-2,-17
-55,-7,-18
-53,-7,-7
-48,-8,-5
-64,-6,-11
-54,-1,-3
-62,4,-6
-60,3,-2
-75,13,-8
-79,22,-7
-60,24,7
-54,24,9
-56,31,11
-51,24,7
-52,19,-4
-54,14,-15
-62,8,-34
-55,6,-33
-53,8,-42
-55,9,-48
-52,6,-48
-47,9,-33
-47,10,-43
-52,9,-45
-46,3,-56
-50,1,-55
-44,6,-32
-60,7,-35
-54,2,-29
-51,13,-21
-59,11,-23
-59,13,-27
-63,14,-27
-59,16,-25
-60,16,-27
-58,12,-23
-51,7,-24
-40,7,-24
-36,7,-30
-31,4,-59
-31,6,-67
-33,12,-68
-22,14,-64
-23,11,-57
-20,11,-51
-30,17,-52
-23,11,-56
-10,11,-63
-16,13,-64
-14,15,-61
-16,15,-57
-20,16,-62
-16,15,-68
-20,16,-63
-22,18,-56
-15,19,-54
-31,20,-55
-16,20,-41
-24,23,-56
-27,26,-63
-34,20,-65
-22,17,-58
-26,19,-49
-27,12,-47
-41,10,-53
-30,10,-46
-47,30,-40
-42,29,-43
-25,18,-52
-42,20,-51
-25,17,-40
-30,16,-47
-27,15,-59
-24,11,-67
-30,10,-72
-13,20,-47
-20,25,-48
-39,29,-51
-37,33,-37
-60,26,-47
-49,19,-46
-41,16,-43
-38,15,-45
-39,12,-49
-42,12,-47
-43,11,-43
-43,13,-42
-49,16,-41
-49,17,-39
-52,18,-38
-51,16,-36
-50,13,-34
-46,11,-33
-46,8,-35
-47,7,-35
-46,7,-40
-44,9,-40
-44,8,-41
-45,8,-45
-45,8,-45
-44,9,-44
-43,9,-42
-47,10,-47
-45,11,-47
-44,12,-44
-43,12,-43
-43,12,-44
-41,12,-43
-41,11,-42
-41,10,-42
-41,8,-44
-41,8,-45
-43,9,-49
-43,13,-51
-43,14,-51
-42,15,-49
-41,16,-45
-42,14,-47
-42,13,-44
-41,11,-44
-44,10,-45
-43,11,-48
-42,12,-47
-43,12,-46
-41,13,-46
-34,11,-47
-38,12,-47
-39,11,-48
-36,11,-49
-36,10,-48
-38,9,-49
-29,8,-47
-32,8,-49
-40,7,-56
-36,8,-56
-34,10,-55
-34,11,-54
-33,12,-50
-32,12,-51
-30,9,-51
-31,9,-52
-34,9,-54
-35,11,-55
-34,12,-54
-35,13,-52
-35,13,-50
-36,13,-50
-39,13,-53
-44,15,-57
-45,16,-55
-42,15,-50
-38,12,-46
-41,7,-41
-42,3,-40
-43,0,-39
-40,0,-40
-46,3,-41
-49,8,-39
-50,9,-35
-52,11,-37
-53,13,-33
-51,12,-31
-58,13,-33
-56,13,-34
-60,11,-33
-57,13,-23
-42,10,-14
-56,18,-41
-51,17,-37
-20,2,-40
-42,10,-60
-38,3,-55
-34,2,-48
-31,11,-54
-33,8,-59
-38,1,-55
-32,1,-43
-43,8,-45
-62,5,-51
-68,20,-28
-62,31,-29
-38,16,-39
-42,10,-47
-23,3,-59
-19,-4,-63
-31,-1,-52
-40,8,-49
-44,2,-47
-65,10,-28
-70,19,-31
-55,31,-33
-45,14,-38
-32,9,-53
-33,-1,-61
-26,1,-50
-43,5,-55
-52,3,-55
-49,-3,-42
-61,15,-5
-59,20,-7
-55,20,-44
-54,22,-47
-40,5,-53
-27,3,-54
-43,8,-40
-45,8,-45
-45,4,-41
-51,7,-21
-60,7,-11
-75,26,-39
-70,21,-42
-51,18,-36
-29,8,-55
-35,6,-53
-36,3,-48
-44,2,-44
-52,0,-39
-65,10,-19
-68,20,-22
-60,37,-33
-61,32,-47
-34,11,-54
-20,3,-47
-35,4,-46
-45,2,-47
-51,-5,-38
-56,3,-21
-67,17,-33
-57,28,-34
-49,18,-54
-35,9,-53
-36,-1,-48
-37,-1,-46
-45,-3,-43
-49,-2,-31
-70,18,-27
-58,29,-31
-56,32,-32
-45,19,-47
-38,13,-48
-24,-4,-44
-44,6,-36
-48,5,-30
-48,11,-26
-70,19,-34
-62,19,-26
-66,15,-30
-62,9,-37
-57,20,-15
-53,16,-6
-62,9,-5
-67,0,-14
-71,9,-14
-64,14,-3
-43,8,12
-46,8,14
-75,14,2
-60,10,11
-67,12,7
-83,10,-15
-72,7,-18
-53,10,2
-60,9,1
-67,8,-16
-70,11,-8
-58,8,-1
-50,6,-2
-51,11,-2
-73,10,2
-54,1,-5
-63,3,6
-58,12,21
-53,5,18
-62,10,9
-74,7,3
-86,12,-17
-66,4,-16
-63,1,0
-57,3,0
-49,14,1
-52,15,-5
-58,17,-7
-66,21,3
-72,19,4
-76,22,18
-76,20,29
-73,7,22
-69,-2,9
-61,-14,-25
-54,-11,-28
-38,-5,-38
-45,5,-37
-74,34,16
-60,24,-5
-54,16,-17
-63,18,-8
-68,22,-3
-73,24,-13
-63,19,-28
-64,14,-30
-57,6,-27
-61,4,-31
-59,-1,-30
-62,4,-24
-58,7,-20
-60,13,-8
-59,9,-14
-58,0,-33
-71,3,-31
-47,7,-15
-37,9,-16
-59,0,-26
-65,2,-25
-50,17,-15
-58,19,-16
-75,34,2
-80,27,7
-80,16,14
-83,12,4
-69,-2,-19
-71,-5,-12
-66,-8,-25
-51,-15,-42
-58,-3,-56
-30,2,-31
-35,32,1
-100,38,-31
-41,20,-17
-83,24,-25
-68,27,-9
-74,26,-9
-62,21,-3
-91,15,8
-86,5,6
-69,-9,-11
-62,-12,-24
-48,-25,-65
-45,-20,-75
-16,39,18
-56,27,-34
-43,2,-30
-62,14,-20
-71,22,1
-80,29,10
-78,21,-4
-76,11,10
-89,10,22
-69,-7,7
-48,-28,-68
-61,-28,-91
-39,12,-26
-55,18,-39
-74,4,-50
-48,14,-3
-93,9,-14
-79,21,15
-83,15,5
-81,23,8
-73,14,18
-78,10,4
-72,0,-11
-56,-7,-44
-57,-12,-55
-53,-5,-49
-35,11,-32
-66,7,-32
-85,21,-41
-38,10,-8
-73,26,-11
-68,31,13
-82,29,-5
-70,14,-2
-80,13,15
-75,5,-5
-70,1,-17
-76,-2,-29
-61,-11,-49
-60,-13,-59
-18,11,-28
-38,30,32
-57,7,-31
-32,5,-33
-71,5,-18
-62,13,-17
-60,16,-34
-66,21,-33
-60,20,-35
-66,21,-19
-78,16,2
-62,-6,1
-69,-16,-7
-75,-17,-34
-49,4,-59
-42,19,-27
-89,20,-27
-76,27,-10
-40,10,-15
-58,21,-7
-63,23,-6
-57,22,-13
-62,22,-8
-87,25,18
-74,20,29
-74,5,17
-62,1,14
-58,-7,-13
-60,-8,-30
-49,-4,-42
-43,2,-42
-45,18,-25
-61,26,18
-65,18,-11
-52,8,-24
-61,16,-33
-53,19,-27
-69,29,-18
-81,26,-19
-67,18,4
-78,13,6
-64,-5,-2
-58,-12,-23
-58,-11,-44
-62,-7,-61
-35,-2,-65
-10,18,-19
-60,16,-13
-65,39,15
-47,14,-23
-53,15,-36
-62,13,-22
-60,19,-23
-48,21,-20
-79,29,-16
-71,22,-5
-81,11,9
-76,4,7
-63,-12,-19
-58,-16,-32
-50,-8,-47
-54,-3,-68
-20,8,-21
-50,16,5
-45,26,-10
-58,15,-31
-66,17,-21
-67,21,-16
-68,27,-10
-65,25,-7
-65,16,-1
-74,8,9
-72,1,7
-62,-2,-9
-61,-6,-41
-60,-2,-82
-52,0,-69
-28,19,11
-61,19,-3
-46,14,-12
-44,6,-13
-79,18,-22
-51,14,-11
-70,21,-21
-73,27,-18
-54,18,-18
-61,16,-30
-50,13,-33
-58,18,-18
-52,9,-30
-41,5,-41
-36,6,-38
-13,5,-43
-32,11,-61
-14,8,-54
-12,15,-48
-36,13,-65
-25,19,-63
-19,26,-62
-23,26,-59
-16,22,-55
-22,23,-54
-20,21,-65
-23,19,-66
-16,20,-62
-18,22,-62
-11,22,-62
-4,22,-61
-19,17,-64
-19,16,-67
-34,17,-66
-41,21,-46
-27,18,-19
-48,23,-56
-38,21,-69
-24,14,-65
-20,8,-62
-12,10,-51
-26,13,-53
-38,9,-65
-30,8,-56
-32,16,-36
-42,14,-56
-25,27,-45
-33,23,-57
-11,16,-68
2,8,-67
-20,5,-47
-55,3,-78
-5,0,-60
2,4,-35
-28,17,-55
-35,20,-73
-37,10,-70
-35,9,-62
-31,13,-54
-9,11,-54
-19,15,-50
-10,11,-52
-16,7,-56
-27,3,-63
-23,6,-61
-23,9,-56
-25,7,-57
-17,7,-53
-22,5,-55
-27,4,-55
-27,11,-53
-20,7,-59
-18,9,-53
-25,13,-55
-21,11,-59
-15,7,-61
-19,8,-62
-18,11,-66
-13,12,-64
3,12,-58
-7,10,-67
-8,8,-65
-14,6,-64
-13,7,-64
-23,8,-63
-13,9,-58
-17,10,-54
-22,7,-65
-20,7,-62
-12,5,-60
-20,7,-59
-29,8,-57
-28,9,-52
-31,10,-56
-27,11,-52
-35,10,-50
-40,4,-54
-35,3,-50
-44,1,-43
-37,2,-35
-36,6,-36
-26,8,-35
-31,5,-56
-29,6,-59
-29,20,-60
-29,15,-67
-13,7,-62
-8,2,-63
-14,2,-58
-5,4,-61
-1,6,-64
0,5,-56
-10,4,-56
-7,6,-66
-2,7,-63
-18,6,-68
-18,10,-69
-2,14,-65
3,9,-61
-10,9,-67
-22,10,-66
0,7,-58
-11,4,-65
-21,5,-64
-21,6,-68
-25,10,-66
-28,8,-63
-30,2,-52
-42,9,-25
-50,4,-30
-38,4,-33
-43,-1,-41
-39,-2,-31
-53,12,-9
-55,4,-14
-48,9,-10
-63,11,-27
-65,14,-29
-54,12,-30
-47,11,-39
-52,11,-42
-31,0,-44
-36,23,-39
-59,22,-60
-1,15,-70
-2,15,-51
-19,15,-54
-16,15,-61
-3,15,-64
-6,11,-67
-24,18,-56
-16,16,-54
-8,15,-64
-19,19,-65
-23,13,-74
-6,14,-60
-18,10,-59
-9,13,-59
-8,15,-55
-26,21,-34
-34,17,-43
-45,19,-60
-34,23,-67
-13,15,-56
-23,23,-47
5,10,-70
7,4,-68
-12,7,-61
-4,4,-62
-8,3,-68
-11,0,-63
-4,7,-37
-25,19,-27
-25,22,-60
-18,37,-45
-19,33,-67
-5,10,-69
-4,7,-64
-3,-1,-67
-6,4,-65
-6,12,-57
-9,8,-56
-35,6,-62
-22,8,-50
-28,13,-49
-23,21,-53
-14,34,-54
-10,28,-57
2,9,-62
1,7,-60
-7,6,-58
-5,9,-63
-23,13,-78
-8,9,-65
-9,1,-57
-28,5,-56
-30,17,-58
-25,27,-53
-22,44,-52
-6,23,-72
-5,18,-57
-20,12,-70
-18,11,-74
21,8,-48
0,6,-55
-20,12,-58
-21,12,-47
-33,28,-38
-29,32,-44
-19,30,-70
-15,17,-69
-21,16,-62
-26,17,-67
-15,17,-61
-9,17,-58
-20,18,-59
-22,21,-60
-15,23,-56
-16,22,-58
-17,21,-58
-18,21,-56
-16,21,-58
-22,20,-59
-20,20,-57
-16,21,-51
-24,22,-54
-27,20,-51
-17,19,-47
-18,17,-55
-27,20,-51
-35,16,-58
-29,16,-60
-30,17,-56
-31,18,-53
-24,19,-51
-27,18,-50
-30,17,-50
-29,17,-53
-28,16,-53
-31,17,-53
-31,19,-55
-30,19,-54
-29,21,-53
-30,22,-50
-29,21,-48
-30,19,-46
-31,16,-44
-34,16,-49
-34,16,-50
-34,19,-49
-34,20,-49
-34,20,-49
-36,20,-48
-36,17,-52
-38,18,-53
-36,17,-52
-37,16,-52
-37,16,-53
-37,18,-51
-36,17,-51
-34,14,-53
-34,14,-45
-36,16,-44
-41,18,-51
-40,21,-49
-39,21,-47
-36,20,-47
-36,20,-45
-33,19,-47
-33,18,-47
-35,19,-46
-33,17,-47
-35,20,-45
-36,18,-46
-35,18,-45
-36,17,-46
-38,17,-47
-37,16,-47
-34,15,-49
-34,14,-49
-30,15,-50
-31,14,-51
-32,16,-50
-33,17,-49
-28,19,-51
-26,20,-50
-28,22,-61
-29,21,-64
-42,26,-58
-48,23,-58
-27,27,-34
-30,25,-50
-43,32,-13
-53,29,-42
-46,28,-38
-52,29,-24
-56,21,-32
-37,19,-32
-29,12,-40
-36,9,-59
-32,13,-56
-27,15,-49
-14,17,-53
-19,22,-57
-11,22,-60
-44,23,-62
-18,28,-49
-18,30,-66
-15,32,-57
-26,25,-69
1,30,-57
-25,25,-48
-40,23,-64
-12,27,-50
-23,27,-43
-39,28,-55
-33,26,-45
-38,25,-47
-41,28,-50
-42,30,-49
-25,23,-55
-19,24,-56
-26,19,-46
-33,13,-44
-44,7,-45
-45,6,-42
-40,10,-41
-37,11,-47
-29,11,-61
-26,8,-60
-31,9,-49
-27,13,-50
-36,16,-56
-37,16,-50
-36,16,-47
-38,16,-45
-49,22,-37
-49,23,-40
-53,29,-21
-59,32,-24
-54,34,-23
-50,32,-20
-56,31,-21
-64,27,-21
-56,26,-17
-56,16,-22
-58,20,-18
-47,18,-26
-54,15,-34
-47,19,-11
-42,17,-20
-37,14,-39
-22,14,-39
-19,14,-55
-25,16,-63
-42,22,-71
-6,21,-49
-41,18,-62
-46,24,-48
-37,25,-37
-37,23,-38
-52,19,-51
-50,15,-49
-47,18,-41
-49,25,-24
-55,19,-34
-38,14,-31
-31,11,-39
-38,13,-44
-24,10,-58
-35,11,-75
-27,15,-62
-20,25,-31
-14,22,-38
-26,22,-62
-32,19,-71
-3,25,-53
-18,27,-55
-33,25,-61
2,25,-54
-12,20,-51
-21,19,-55
-28,20,-58
-30,16,-63
-26,17,-61
-27,16,-59
-46,19,-55
-34,18,-54
-32,17,-58
-28,19,-33
-24,24,-20
-36,21,-45
-47,21,-42
-57,23,-35
-58,24,-32
-51,31,-34
-56,33,-31
-14,22,-22
-12,20,-33
-47,15,-66
-27,20,-64
-15,20,-55
-12,22,-56
-22,20,-60
-11,20,-57
-29,19,-53
-17,23,-42
-23,24,-61
-25,20,-55
-22,21,-59
-10,24,-56
-31,23,-59
-22,27,-55
-12,26,-50
-38,23,-58
-39,23,-54
-40,20,-53
-39,19,-49
-44,19,-39
-48,18,-35
-48,17,-34
-54,16,-37
-52,16,-29
-53,17,-27
-53,19,-27
-53,21,-27
-53,22,-21
-49,20,-22
-40,16,-26
-45,14,-32
-48,12,-39
-48,11,-45
-47,11,-44
-47,13,-44
-47,15,-42
-44,17,-45
-45,17,-47
-45,17,-46
-42,16,-44
-42,17,-45
-45,15,-46
-44,14,-45
-42,15,-45
-40,12,-45
-44,10,-47
-46,9,-47
-46,8,-47
-48,10,-41
-49,9,-43
-35,10,-37
-42,15,-38
-53,13,-49
-63,12,-68
-60,23,-35
-38,20,-17
-35,27,-11
-61,26,-18
-58,29,-7
-58,18,-14
-54,14,-17
-52,12,-17
-58,11,-19
-65,14,-19
-67,18,-17
-62,22,-14
-58,20,-17
-54,13,-21
-54,10,-23
-62,11,-15
-63,15,-12
-62,16,-22
-60,16,-24
-57,14,-18
-59,13,-18
-59,13,-18
-59,14,-19
-57,16,-18
-56,14,-24
-58,13,-24
-59,13,-21
-59,13,-21
-59,14,-26
-60,16,-25
-59,20,-23
-59,21,-22
-57,22,-21
-57,22,-20
-55,23,-18
-54,22,-18
-54,22,-18
-55,22,-20
-54,20,-21
-54,20,-20
-57,20,-20
-57,20,-21
-58,20,-21
-58,20,-21
-58,21,-21
-58,21,-21
-59,22,-21
-59,22,-21
-58,22,-19
-57,23,-17
-57,23,-17
-57,24,-16
-55,24,-15
-55,24,-17
-56,24,-19
-56,26,-21
-55,26,-21
-56,26,-22
-56,26,-22
-55,26,-21
-55,26,-21
-56,26,-21
-56,26,-21
-55,25,-20
-55,25,-20
-56,25,-21
-56,25,-21
-56,25,-20
-58,26,-20
-58,26,-20
-57,26,-19
-57,25,-19
-56,24,-18
-59,23,-19
-62,22,-19
-59,21,-14
-59,19,-10
-60,18,-9
-64,16,-6
-64,15,-5
-61,12,2
-67,10,2
-55,7,13
-53,7,14
-55,11,9
-52,15,9
-53,24,27
-53,23,43
-47,23,60
-51,18,53
-36,9,39
-33,14,34
-53,19,33
-55,17,40
-39,14,59
-49,12,41
-54,10,30
-43,10,39
-34,9,48
-30,10,58
-36,13,59
-39,14,56
-44,12,53
-41,12,46
-41,10,46
-39,8,48
-41,6,46
-36,10,41
-39,12,40
-34,12,43
-34,15,47
-33,20,47
-33,21,42
-69,28,40
-60,24,62
-45,14,56
-32,15,46
-43,17,43
-47,19,37
-44,20,36
-51,21,39
-47,19,40
-44,20,39
-50,21,39
-48,19,41
-45,19,39
-49,21,39
-49,20,40
-44,20,39
-45,21,39
-48,21,39
-46,20,39
-47,21,39
-47,21,40
-46,21,40
-45,21,39
-48,22,40
-47,22,41
-45,20,41
-45,21,38
-49,21,39
-46,20,40
-46,21,39
-45,22,41
-45,22,41
-46,21,39
-47,21,38
-48,20,37
-48,20,38
-47,20,39
-46,20,39
-48,21,38
-47,21,39
-46,21,40
-47,21,40
-46,21,40
-46,21,39
-47,21,39
-47,21,39
-46,21,39
-46,21,38
-47,22,38
-47,21,39
-46,21,39
-48,21,39
-47,21,39
-47,21,39
-47,21,39
-46,21,39
-47,21,39
-47,21,39
-47,21,39
-47,21,39
-47,21,39
-47,21,38
-48,21,39
-46,21,39
-47,21,38
-47,21,39
-47,21,39
-47,21,39
-47,21,39
-47,21,39
-47,21,39
-47,21,39
-46,21,39
-47,21,39
-47,21,39
-47,21,39
-46,21,39
-47,21,38
-47,21,39
-47,20,39
-46,20,38
-47,21,38
-47,21,39
-47,21,39
-47,21,39
-46,21,39
-47,21,39
-45,21,39
-47,21,39
-45,20,39
-48,22,39
-48,22,39
-48,20,40
-49,21,40
-49,20,40
-51,19,42
-50,20,51
-40,14,61
-38,12,59
-49,13,43
-43,11,42
-34,15,38
-47,15,24
-47,12,9
-44,13,2
-55,12,-14
-55,12,-15
-55,11,-23
-62,12,-32
-67,7,-43
-61,9,-33
-64,15,-13
-63,14,-13
-60,14,-17
-57,16,-12
-45,20,-2
-56,26,-1
-56,29,7
-46,30,12
-61,33,-3
-59,34,-4
-54,34,-4
-40,37,4
-36,39,9
-57,43,1
-49,49,1
-45,57,6
-45,58,5
-43,60,9
-41,63,15
-38,57,9
-37,59,13
-29,53,19
-28,53,18
-24,56,27
-23,58,32
-29,61,29
-31,60,26
-26,60,30
-29,60,30
-27,53,31
-22,54,32
-35,51,18
-35,51,12
-24,52,17
-4,45,36
-15,49,32
-24,48,40
-29,49,38
-25,45,33
-20,44,29
-25,45,20
-10,50,29
-17,52,33
-25,52,29
-15,54,36
-16,57,35
-20,58,36
-17,58,33
-18,56,32
-18,55,35
-20,59,32
-22,58,30
-19,54,31
-20,54,29
-26,60,26
-17,62,26
-15,64,34
-20,62,31
-19,64,30
-30,57,28
-25,54,33
-24,57,23
-30,51,21
-38,51,11
-41,47,3
-38,43,-5
-36,42,-11
-41,43,-20
-45,37,-27
-50,36,-49
-52,32,-50
-49,21,-27
-40,20,-25
-41,18,-39
-40,23,-33
-44,22,-33
-48,23,-37
-47,21,-38
-45,20,-35
-47,15,-38
-54,13,-43
-53,10,-38
-51,10,-26
-53,8,-30
-53,9,-18
-60,11,-11
-62,12,-2
-55,13,8
-60,13,12
-62,9,3
-62,14,10
-58,11,10
-54,10,8
-53,11,3
-67,16,-8
-68,18,-9
-66,18,-13
-65,19,-13
-57,19,-7
-58,18,-8
-65,19,-13
-54,18,-3
-58,17,-5
-64,18,-9
-63,17,-8
-63,20,-9
-60,22,-9
-76,25,1
-64,24,8
-50,22,15
-55,19,7
-73,22,-6
-57,20,4
-54,19,20
-62,16,10
-73,19,4
-60,18,8
-58,20,5
-59,20,1
-62,21,5
-58,21,10
-54,20,16
-53,22,20
-53,22,17
-59,23,16
-60,24,21
-57,21,24
-56,21,26
-55,21,25
-58,21,23
-60,18,21
-58,16,22
-62,22,31
-55,21,33
-54,18,25
-61,16,23
-57,17,26
-56,21,27
-60,16,19
-57,18,14
-58,15,23
-51,15,27
-54,17,30
-55,16,32
-49,19,41
-50,18,44
-45,13,40
-41,15,43
-32,15,48
-32,18,48
-48,20,37
-39,21,35
-41,20,28
-56,16,15
-60,15,9
-52,20,17
-44,22,24
-67,24,4
-74,23,-6
-70,20,1
-69,21,3
-65,18,0
-64,19,-2
-69,21,-3
-65,22,2
-60,14,-3
-61,19,4
-69,21,5
-64,18,6
-60,21,3
-59,35,5
-60,24,-3
-61,13,-10
-70,21,-9
-59,26,-6
-50,25,-3
-54,23,0
-58,19,1
-74,12,-4
-76,10,-2
-59,18,9
-56,21,8
-68,14,-5
-57,19,4
-53,15,-4
-74,20,-4
-53,26,16
-51,28,15
-72,18,13
-67,16,18
-67,18,20
-65,18,18
-46,17,23
-49,22,29
-48,19,27
-55,15,19
-20,16,40
-40,17,36
-47,11,30
-71,9,36
-59,11,45
-70,6,16
-99,5,-1
-29,11,36
-25,9,14
-51,16,-20
-67,20,-27
-65,25,-20
-65,27,-25
-48,16,-16
-49,17,-23
-66,15,-34
-56,15,-28
-53,13,-32
-52,10,-38
-51,8,-51
-49,12,-46
-40,15,-38
-47,17,-30
-54,14,-36
-47,15,-35
-41,16,-37
-52,14,-44
-53,12,-45
-61,13,-43
-53,11,-40
-59,11,-44
-54,10,-46
-39,13,-31
-49,14,-29
-55,13,-18
-64,14,-25
-54,13,-6
-58,15,3
-57,9,3
-67,14,5
-52,14,19
-42,12,19
-85,16,7
-70,11,11
-49,15,22
-73,15,21
-57,8,10
-68,6,-6
-88,4,-16
-31,20,24
-57,19,8
-65,10,0
-68,12,-2
-56,11,2
-68,10,3
-57,12,-2
-57,11,0
-59,13,-7
-57,15,-11
-64,16,-20
-62,18,-8
-81,19,-5
-65,14,2
-49,12,17
-62,11,24
-48,13,36
-47,13,40
-72,15,29
-75,15,29
-43,21,48
-53,15,42
-52,13,35
-74,14,14
-85,8,7
-60,13,25
-47,11,29
-66,11,19
-61,13,25
-45,16,32
-51,18,35
-61,15,30
-49,14,36
-47,9,36
-51,10,35
-45,16,38
-38,19,44
-55,27,38
-45,26,42
-30,24,42
-29,25,43
-22,21,44
-24,21,42
-19,25,50
-16,23,50
-36,24,42
-46,19,41
-39,18,40
-44,18,36
-38,18,38
-59,23,14
-55,24,12
-63,17,-7
-76,14,-10
-64,10,2
-72,8,-9
-61,8,-8
-59,5,-15
-69,8,-24
-66,15,-16
-80,14,-23
-70,19,-18
-57,16,-22
-76,16,-32
-57,16,-8
-61,17,-3
-62,21,-11
-50,16,-7
-51,12,-18
-68,14,-21
-60,14,-14
-64,11,-13
-58,10,-13
-70,10,-22
-67,10,-24
-60,10,-15
-60,10,-15
-47,8,-11
-67,15,-15
-67,13,-9
-43,10,2
-72,11,-7
-85,11,-13
-53,7,6
-65,9,4
-40,7,20
-45,15,32
-65,15,26
-50,18,37
-63,19,26
-62,17,36
-53,16,41
-55,7,16
-39,7,6
-55,16,42
-46,14,50
-17,13,57
-25,14,47
-51,16,36
-60,19,31
-60,15,28
-60,11,26
-70,-1,-8
-80,6,-14
-64,18,13
-47,16,21
-80,18,1
-69,16,-3
-40,8,7
-72,12,-8
-63,25,13
-45,33,30
-53,7,13
-65,16,6
-64,20,10
-54,9,13
-65,5,7
-79,4,-1
-70,14,13
-64,16,12
-69,19,15
-60,15,23
-47,11,12
-70,20,13
-64,20,19
-57,17,25
-41,14,32
-45,12,35
-51,14,28
-85,18,-3
-101,11,-21
-7,8,50
-28,0,47
-86,0,29
-79,1,27
-57,-7,17
-41,6,18
-32,11,15
-65,20,-4
-80,28,-5
-64,22,15
-66,20,0
-59,12,9
-62,11,10
-73,14,-3
-59,14,-3
-54,15,-6
-57,18,1
-68,19,15
-59,14,1
-63,12,-16
-60,12,-18
-57,10,-18
-55,8,-14
-56,8,-6
-64,7,-7
-65,11,-4
-65,14,-2
-62,15,-9
-61,17,-13
-59,18,-23
-60,21,-37
-60,20,-35
-48,12,-19
-53,10,-21
-65,9,-19
-54,11,-18
-61,13,-28
-63,17,-22
-54,23,-29
-53,21,-38
-45,20,-44
-45,18,-44
-45,16,-42
-45,16,-40
-52,18,-40
-50,16,-36
-49,16,-34
-51,15,-35
-54,16,-31
-54,15,-28
-58,14,-26
-60,12,-25
-58,11,-25
-59,12,-23
-58,11,-22
-59,9,-23
-55,7,-23
-56,6,-24
-58,7,-27
-55,6,-26
-61,6,-33
-57,5,-28
-57,7,-21
-66,8,-30
-60,10,-27
-67,13,-30
-61,15,-27
-57,14,-23
-46,14,-23
-62,16,-29
-58,16,-24
-58,13,-20
-59,12,-25
-54,11,-25
-55,13,-22
-56,13,-22
-54,11,-24
-53,10,-22
-57,7,-22
-57,7,-22
-59,7,-24
-60,8,-24
-58,6,-24
-58,5,-24
-59,3,-22
-59,2,-23
-61,2,-25
-62,3,-25
-61,5,-25
-61,4,-27
-60,6,-24
-59,6,-23
-58,5,-23
-57,5,-22
-59,6,-21
-59,7,-21
-59,5,-22
-61,5,-23
-59,4,-19
-61,4,-20
-63,4,-21
-58,3,-18
-58,4,-17
-60,2,-18
-60,2,-17
-58,4,-14
-61,6,-12
-60,9,-3
-60,9,1
-68,9,3
-70,11,10
-70,12,14
-69,8,9
-59,4,15
-55,4,19
-54,7,18
-54,6,17
-63,10,8
-60,12,15
-50,15,24
-54,15,19
-66,15,9
-65,15,12
-67,13,7
-53,14,9
-61,13,1
-72,10,-13
-62,8,-12
-64,5,-20
-68,3,-24
-61,0,-22
-63,0,-26
-62,2,-29
-59,2,-28
-61,9,-21
-61,16,-17
-65,18,-34
-51,20,-27
-50,20,-21
-63,16,-31
-58,15,-21
-47,18,-15
-64,18,-28
-56,20,-25
-56,25,-22
-51,23,-16
-53,19,-20
-61,17,-9
-61,17,-13
-63,14,-28
-68,15,-30
-59,14,-28
-57,12,-28
-57,13,-24
-57,12,-22
-54,8,-24
-54,10,-21
-55,13,-22
-56,12,-25
-60,15,-23
-59,16,-24
-56,15,-28
-58,14,-30
-59,13,-29
-57,13,-28
-56,11,-31
-57,10,-32
-53,9,-32
-49,9,-32
-48,11,-37
-49,14,-42
-45,16,-41
-42,21,-37
-41,22,-34
-42,25,-31
-47,26,-33
-44,24,-37
-45,23,-38
-50,22,-43
-49,20,-44
-49,18,-43
-50,18,-42
-49,17,-41
-47,18,-40
-47,18,-40
-47,18,-40
-47,18,-41
-47,18,-42
-47,17,-42
-46,17,-42
-47,15,-41
-46,15,-39
-47,13,-39
-47,10,-40
-49,9,-40
-49,10,-36
-47,9,-36
-43,14,-33
-39,15,-33
-36,18,-31
-42,19,-44
-45,23,-60
-36,26,-56
-34,28,-55
-32,29,-53
-34,30,-55
-33,30,-54
-29,29,-53
-29,28,-53
-31,33,-48
-38,36,-43
-40,35,-42
-40,37,-41
-40,35,-32
-36,32,-30
-48,21,-27
-49,20,-24
-52,18,-27
-56,15,-21
-53,15,-19
-62,11,-23
-58,10,-23
-66,5,-30
-68,6,-23
-59,5,-10
-62,8,-6
-62,14,-5
-61,16,-6
-63,21,-10
-67,22,-14
-56,17,-9
-57,14,-11
-58,11,-15
-61,12,-15
-64,13,-12
-61,14,-11
-63,16,-10
-62,17,-10
-62,18,-12
-58,14,-13
-59,13,-13
-57,12,-13
-58,12,-16
-63,14,-15
-60,14,-13
-61,12,-16
-63,12,-18
-61,13,-17
-60,14,-17
-63,16,-19
-62,16,-18
-60,16,-16
-61,16,-17
-60,15,-17
-57,15,-15
-59,17,-15
-60,17,-16
-61,17,-17
-61,18,-16
-61,17,-20
-60,17,-22
-60,14,-18
-60,12,-17
-64,11,-19
-57,10,-15
-64,10,-18
-73,12,-28
-63,12,-15
-60,11,2
-55,12,5
-64,12,2
-61,11,3
-45,13,17
-48,14,15
-63,15,6
-58,15,8
-58,13,4
-60,14,3
-72,16,4
-71,12,2
-60,9,4
-59,8,4
-61,9,2
-61,9,1
-61,8,0
-66,10,-1
-69,11,-1
-68,14,-1
-66,14,0
-65,16,1
-63,15,3
-61,15,4
-62,14,4
-63,13,6
-61,12,9
-69,13,11
-78,11,9
-75,3,10
-50,3,21
-49,10,27
-52,9,31
-47,6,34
-43,5,39
-44,12,49
-47,13,46
-52,26,35
-31,26,36
-22,27,31
-24,28,33
-24,29,32
-29,34,34
-25,37,33
-34,46,24
-40,50,26
-39,52,33
-39,54,28
-46,57,23
-43,55,24
-52,58,14
-38,56,17
-28,65,26
-21,63,31
-22,65,33
-30,69,30
-30,63,35
-32,67,30
-29,64,19
-25,60,25
-32,64,27
-44,67,21
-43,63,23
-42,63,19
-33,61,27
-34,42,29
-32,37,28
-24,27,37
-14,22,44
-25,18,43
-23,16,50
-14,23,68
-18,22,68
-43,14,17
-55,14,26
-29,22,54
-20,17,57
-28,20,53
-25,24,59
-43,24,48
-36,25,50
-52,21,39
-35,22,44
-35,26,52
-39,26,49
-31,24,50
-31,24,49
-52,27,37
-54,32,48
-47,29,44
-36,27,34
-33,28,23
-40,17,-22
-68,13,-44
-61,16,-44
-42,9,-35
-36,16,-41
-54,21,-45
-54,30,-39
-55,29,-42
-50,38,-34
-54,34,-40
-47,28,-40
-54,23,-52
-50,25,-42
-49,24,-33
-46,19,-26
-46,21,-27
-49,21,-24
-48,20,-22
-50,20,-24
-33,19,-25
-47,19,-48
-52,22,-51
-43,21,-46
-43,16,-45
-44,15,-45
-40,13,-43
-44,14,-44
-45,14,-40
-46,15,-38
-48,14,-38
-47,14,-37
-47,12,-34
-50,12,-32
-53,10,-30
-53,11,-28
-53,11,-24
-55,12,-23
-53,15,-25
-64,17,-29
-65,23,-16
-67,25,-9
-65,28,-10
-63,25,-14
-62,23,-6
-52,17,0
-70,16,-9
-46,11,7
-35,14,13
-55,19,12
-71,21,6
-62,20,10
-62,21,10
-74,18,8
-62,19,12
-60,24,21
-57,25,19
-53,18,15
-51,12,17
-76,7,0
-66,23,11
-60,11,15
-66,18,6
-71,23,0
-55,42,11
-45,1,-6
-79,21,7
-58,23,24
-64,16,10
-61,10,7
-46,27,24
-55,21,18
-63,19,13
-64,40,17
-56,6,-4
-73,4,-1
-53,27,25
-51,24,14
-67,3,1
-64,-1,11
-61,15,19
-59,4,22
-58,20,22
-72,61,30
-27,4,0
-83,-8,-17
-43,25,28
-47,23,27
-68,11,5
-71,4,3
-73,11,21
-49,9,29
-54,15,26
-54,36,28
-49,35,9
-73,-4,-2
-58,3,18
-57,18,16
-71,18,4
-58,17,5
-58,16,7
-61,20,9
-58,22,8
-56,21,4
-62,16,10
-77,9,3
-68,6,3
-62,6,7
-74,9,5
-63,9,13
-68,9,12
-59,13,19
-51,16,21
-62,21,25
-63,25,23
-46,26,28
-43,21,34
-45,21,26
-69,22,13
-60,23,17
-66,23,7
-57,21,12
-65,24,19
-79,21,13
-63,1,8
-67,2,12
-41,2,8
-45,1,9
-59,13,10
-60,15,11
-58,18,-1
-66,16,-11
-52,10,4
-58,7,5
-66,20,8
-68,34,13
-53,17,-1
-78,15,-13
-52,18,9
-62,16,7
-59,9,1
-51,14,14
-55,14,1
-94,16,-23
-51,11,30
-92,15,-10
-81,8,-17
-50,3,-15
-59,7,-19
-48,5,-21
-35,9,-23
-38,21,-25
-55,29,-18
-39,41,-21
-33,35,-24
-45,24,-73
-60,10,-75
-52,19,-45
-36,16,-39
-31,25,-43
-45,19,-69
-32,18,-65
-27,12,-57
-39,11,-64
-27,17,-52
-23,19,-40
-22,18,-55
-17,18,-54
-13,15,-51
-12,15,-51
-21,20,-60
-20,19,-61
-16,19,-54
-15,23,-52
-13,22,-56
-18,21,-53
-8,20,-71
-7,9,-72
-39,10,-57
-26,11,-54
-26,20,-53
-30,26,-49
-48,25,-42
-47,27,-32
-49,17,-27
-46,9,-48
-47,16,-43
-69,14,-30
-68,10,-29
-61,8,-17
-47,10,-6
-83,29,5
-94,30,-8
-20,22,11
-53,24,-7
-76,7,-11
-46,5,8
-34,22,21
-31,13,11
-125,21,-35
-79,27,-15
-32,18,8
-57,9,0
-86,-1,10
-85,14,-7
-48,24,13
-46,20,17
-59,23,12
-70,27,3
-65,24,10
-66,16,2
-70,19,-4
-58,19,13
-53,26,11
-64,19,-2
-61,13,1
-52,19,5
-55,22,5
-61,20,4
-67,21,4
-64,20,10
-62,19,11
-65,16,4
-60,14,4
-58,15,5
-57,14,2
-59,14,4
-56,13,3
-60,20,14
-63,20,14
-63,22,12
-59,25,19
-61,25,16
-59,23,15
-58,23,12
-54,23,16
-56,22,13
-60,21,9
-60,21,12
-53,20,13
-56,19,6
-66,19,-1
-62,19,3
-61,17,1
-62,18,-1
-58,14,-4
-60,14,-6
-60,16,-1
-58,17,2
-54,22,-1
-60,23,-5
-57,23,-11
-56,23,-12
-73,19,-37
-61,20,-35
-55,20,-30
-57,18,-29
-55,18,-30
-52,19,-26
-54,20,-27
-53,19,-30
-51,20,-29
-51,19,-26
-53,18,-28
-54,19,-26
-55,20,-24
-56,20,-26
-56,20,-27
-53,17,-23
-54,16,-22
-56,12,-24
-54,11,-23
-55,9,-22
-57,9,-24
-57,9,-25
-58,10,-26
-61,13,-27
-62,14,-28
-61,15,-27
-59,16,-25
-56,15,-23
-56,14,-24
-56,15,-24
-57,16,-23
-58,16,-24
-57,16,-23
-58,16,-23
-58,15,-23
-58,14,-23
-56,12,-21
-56,9,-22
-56,6,-21
-57,5,-22
-60,1,-22
-63,2,-20
-64,6,-16
-63,8,-14
-66,13,-15
-60,16,-12
-63,18,-15
-61,21,-14
-63,21,-14
-62,24,-10
-60,26,-7
-54,28,-4
-60,29,-8
-59,28,-3
-58,28,-2
-49,26,2
-50,28,4
-56,31,4
-58,30,0
-60,29,-2
-56,26,0
-58,21,-1
-66,21,-4
-57,22,0
-61,23,-5
-59,24,-2
-56,23,1
-60,23,-3
-60,21,-5
-61,23,-2
-59,24,0
-61,23,-8
-58,24,-4
-54,24,-1
-59,26,-9
-57,26,-10
-57,26,-12
-56,27,-11
-60,25,-12
-59,25,-8
-59,23,-8
-58,22,-10
-60,24,-12
-61,25,-13
-59,25,-17
-65,25,-16
-61,24,-8
-60,22,-8
-60,23,-13
-58,23,-13
-56,24,-12
-56,23,-11
-60,22,-10
-61,22,-10
-59,19,-12
-59,20,-12
-61,20,-12
-63,18,-10
-61,19,-7
-58,21,-6
-63,23,-6
-55,22,-9
-56,22,-10
-56,24,-10
-54,26,-7
-57,24,-7
-62,26,-8
-58,24,-9
-65,25,-10
-58,22,-9
-59,21,-10
-59,23,-8
-61,23,-7
-56,23,-7
-56,22,-9
-60,22,-11
-58,22,-10
-60,22,-18
-53,21,-19
-49,19,-19
-56,15,-38
-60,15,-46
-58,12,-48
-52,14,-45
-45,19,-38
-45,20,-41
-44,24,-38
-41,24,-37
-37,28,-41
-37,28,-46
-46,32,-38
-43,30,-29
-38,27,-34
-41,31,-43
-44,25,-54
-43,25,-48
-46,35,-27
-43,35,-26
-38,40,-14
-44,37,-4
-41,38,-4
-56,38,-2
-65,35,-4
-50,36,0
-68,31,-14
-53,24,-9
-58,24,-13
-62,26,-17
-58,25,-13
-59,28,-8
-57,26,-10
-64,24,-12
-66,22,-13
-74,11,-11
-70,9,-5
-64,3,-8
-72,6,-13
-54,14,14
-47,16,13
-51,17,6
-41,20,12
-50,27,12
-66,31,11
-51,42,10
-56,33,7
-54,38,10
-56,35,10
-61,32,6
-62,29,-2
-66,28,-6
-62,25,-7
-61,24,-8
-62,22,-10
-62,23,-11
-58,23,-12
-57,22,-12
-61,21,-15
-58,20,-13
-58,17,-16
-58,17,-15
-57,15,-17
-57,15,-19
-59,14,-21
-60,15,-21
-56,18,-21
-60,19,-24
-58,24,-16
-54,23,-12
-53,22,-10
-52,21,-13
-46,20,-9
-32,28,-2
-43,30,-36
-79,34,-81
-38,32,-57
-40,23,-44
-27,20,-37
-34,16,-43
-31,13,-53
-20,17,-53
-19,19,-51
-18,24,-55
-16,27,-56
-16,24,-54
-24,24,-60
-33,26,-62
-22,24,-60
-23,27,-56
-22,24,-56
-26,19,-50
-25,15,-52
-17,15,-45
-28,16,-50
-27,19,-54
-31,21,-56
-30,20,-56
-26,16,-53
-34,18,-43
-36,25,-44
-37,24,-48
-37,23,-52
-40,22,-51
-37,25,-40
-39,24,-42
-40,23,-46
-40,23,-45
-40,24,-45
-38,23,-44
-37,23,-43
-38,21,-44
-39,22,-43
-42,24,-42
-41,22,-39
-44,21,-41
-50,21,-38
-45,24,-29
-49,22,-29
-55,24,-38
-56,25,-27
-54,28,-30
-56,28,-35
-51,28,-25
-52,26,-26
-51,26,-24
-51,27,-20
-55,27,-22
-54,26,-23
-53,25,-23
-51,25,-24
-51,25,-23
-52,25,-22
-59,25,-21
-56,25,-21
-57,23,-27
-60,24,-29
-56,23,-18
-55,21,-19
-57,18,-25
-62,18,-23
-61,18,-16
-53,15,-14
-54,21,-13
-67,25,-10
-55,21,-2
-57,27,3
-60,26,4
-59,32,16
-58,36,21
-63,40,15
-77,38,7
-44,35,22
-48,36,22
-49,39,32
-43,36,34
-41,35,32
-40,31,36
-38,25,39
-33,23,40
-37,18,40
-42,16,39
-48,9,31
-54,6,34
-62,6,30
-74,17,23
-102,12,11
-32,17,56
-37,17,50
-43,8,37
-36,10,48
-28,16,44
-34,18,43
-45,25,45
-40,27,46
-57,34,49
-59,28,35
-28,30,45
-40,26,42
-47,31,47
-45,27,46
-41,27,48
-43,28,41
-44,31,42
-43,27,45
-34,23,43
-34,25,48
-35,25,53
-28,20,53
-27,19,49
-40,16,30
-54,13,14
-69,12,-4
-61,13,-9
-77,7,-23
-67,7,-17
-57,10,-1
-72,14,-5
-67,25,4
-66,27,8
-64,28,20
-76,25,9
-60,22,8
-57,21,19
-66,17,8
-52,16,17
-55,16,15
-58,15,17
-47,17,29
-48,16,27
-66,23,25
-43,19,36
-41,19,39
-40,16,45
-28,17,56
-42,18,34
-60,21,27
-61,24,34
-63,24,44
-47,18,43
-52,12,34
-32,14,24
-50,17,22
-87,20,19
-83,20,18
-72,13,14
-71,11,11
-63,14,27
-45,11,43
-67,6,27
-50,7,41
-36,13,40
-12,13,37
-13,13,43
-9,14,55
-10,16,59
-22,18,60
-13,19,63
-22,21,53
-21,18,50
-1,20,61
1,27,67
-27,18,48
-36,13,43
-44,13,36
-37,8,33
-61,8,15
-91,6,-1
-57,18,8
-40,22,23
-71,18,-6
-68,15,-11
-74,8,-13
-79,14,-10
-60,12,5
-60,16,4
-63,26,3
-59,24,10
-70,23,2
-64,10,-7
-70,13,-8
-67,9,-8
-69,5,-10
-65,7,-8
-56,10,-4
-53,22,-3
-69,26,-10
-62,23,0
-55,24,4
-60,19,-1
-62,14,-5
-54,17,-1
-66,15,-3
-69,26,-1
-67,26,-7
-60,16,-8
-55,12,1
-66,9,-9
-76,3,-14
-72,4,-7
-46,14,0
-47,17,1
-66,19,-10
-67,15,-11
-49,17,-1
-70,17,-18
-59,18,-9
-50,14,-5
-77,8,-21
-89,6,-17
-57,55,23
-43,23,47
-77,16,7
-75,13,-2
-48,11,17
-56,7,7
-76,11,31
-58,9,43
-51,-5,15
-44,-2,6
-47,4,-3
-38,5,-13
-63,13,-46
-51,32,-9
-50,30,-5
-74,12,-34
-69,13,-43
-62,19,-33
-68,21,-35
-45,17,-26
-51,20,-32
-58,20,-43
-50,17,-36
-56,19,-26
-63,16,-23
-93,10,-15
-74,20,-9
-64,5,-35
-55,7,-30
-57,13,-30
-57,17,-27
-42,20,-22
-45,23,-20
-46,21,-12
-47,19,-12
-56,16,-17
-51,10,-20
-61,7,-28
-64,6,-31
-52,6,-27
-61,2,-21
-59,5,-20
-62,6,-24
-62,8,-24
-56,7,-23
-59,8,-26
-60,10,-27
-58,10,-27
-55,10,-26
-62,8,-24
-56,7,-23
-59,8,-26
-60,10,-27
-58,10,-27
-55,10,-26
-56,11,-28
-56,13,-30
-53,12,-30
-55,11,-38
-56,10,-41
-51,8,-36
-49,8,-39
-49,9,-35
-51,9,-35
-51,7,-37
-49,15,-30
-60,19,-27
-53,22,-31
-53,22,-36
-52,22,-40
-52,24,-44
-44,22,-44
-44,24,-43
-44,20,-38
-41,15,-43
-40,8,-51
-35,4,-44
-45,2,-46
-50,4,-46
-56,11,-46
-66,11,-49
-50,11,-46
-46,10,-44
-50,11,-35
-56,9,-34
-52,9,-27
-56,9,-28
-50,9,-29
-47,8,-28
-53,9,-26
-49,11,-30
-45,13,-24
-55,21,-14
-53,24,-8
-50,31,3
-66,34,-2
-63,24,-9
-57,22,-15
-60,26,-17
-59,26,-17
-66,21,-26
-60,21,-25
-51,25,-16
-54,26,-17
-57,26,-23
-52,27,-21
-50,29,-19
-49,32,-22
-50,34,-27
-47,36,-24
-52,33,-28
-55,26,-33
-50,23,-31
-47,22,-27
-48,17,-28
-62,16,-36
-52,16,-31
-57,17,-36
-62,17,-35
-47,20,-25
-52,21,-25
-52,22,-26
-48,24,-21
-65,29,-18
-62,31,-16
-57,32,-17
-62,25,-23
-49,25,-16
-48,24,-15
-45,21,-24
-49,23,-25
-56,26,-21
-58,25,-25
-54,26,-23
-51,30,-19
-55,35,-26
-50,35,-24
-54,36,-21
-55,32,-22
-53,29,-23
-57,27,-27
-55,25,-27
-56,22,-26
-54,21,-25
-56,20,-26
-57,20,-26
-53,19,-24
-52,17,-23
-54,15,-26
-53,16,-24
-53,17,-22
-53,17,-23
-56,16,-25
-58,18,-26
-55,18,-25
-56,19,-26
-56,19,-27
-56,20,-26
-56,20,-26
-54,20,-25
-53,19,-25
-53,17,-26
-55,17,-27
-55,18,-26
-54,17,-24
-59,17,-28
-60,18,-30
-57,17,-28
-55,16,-26
-61,15,-30
-57,14,-28
-55,13,-27
-55,13,-26
-56,14,-24
-55,14,-22
-54,15,-19
-54,14,-19
-57,14,-21
-59,15,-21
-59,15,-19
-57,16,-17
-64,16,-21
-64,17,-21
-60,16,-19
-58,14,-18
-59,13,-20
-58,10,-20
-55,9,-17
-59,10,-19
-58,10,-18
-60,12,-19
-60,13,-19
-60,14,-19
-61,15,-19
-59,15,-19
-58,15,-18
-61,15,-20
-61,15,-20
-58,14,-18
-59,13,-18
-60,12,-20
-61,12,-21
-63,12,-21
-64,10,-22
-67,4,-21
-65,-5,-14
-62,-6,-12
-69,-8,-12
-75,-8,-18
-58,-5,-13
-42,1,-3
-50,15,-18
-52,18,-28
-54,26,-43
-51,28,-34
-57,23,-34
-57,23,-26
-68,20,-26
-64,18,-29
-60,17,-28
-62,17,-27
-56,17,-21
-60,14,-22
-55,10,-23
-55,7,-25
-61,5,-29
-58,5,-29
-55,6,-30
-55,6,-30
-56,9,-32
-53,9,-35
-56,10,-37
-49,12,-30
-50,12,-33
-54,13,-39
-50,13,-37
-46,11,-35
-47,10,-41
-45,10,-37
-48,12,-28
-50,5,-41
-42,6,-43
-46,7,-37
-49,6,-43
-44,6,-44
-44,7,-40
-46,7,-45
-45,8,-43
-45,9,-42
-44,8,-42
-45,8,-44
-44,9,-42
-45,8,-41
-42,2,-46
-42,0,-46
-50,-1,-50
-49,1,-48
-50,5,-44
-50,8,-41
-49,12,-29
-55,13,-32
-54,16,-25
-58,14,-23
-58,11,-16
-59,10,-14
-66,10,-12
-62,9,-7
-68,9,-6
-68,7,-6
-55,10,17
-60,9,13
-49,12,33
-51,12,37
-38,13,50
-43,13,52
-39,10,48
-40,12,53
-38,12,49
-38,15,52
-41,15,49
-41,15,48
-41,14,48
-41,13,47
-38,13,48
-42,13,46
-42,14,46
-41,15,49
-45,17,49
-48,18,42
-42,23,47
-29,19,49
-31,20,40
-54,25,35
-60,22,34
-53,13,27
-51,15,24
-66,15,18
-66,15,19
-65,15,18
-56,16,21
-56,16,24
-64,14,22
-63,14,25
-59,15,28
-59,18,29
-54,18,34
-47,19,40
-33,15,46
-28,13,50
-29,16,57
-32,20,62
-33,22,54
-35,24,41
-52,25,16
-55,19,13
-58,13,7
-67,8,-2
-74,-11,-16
-46,-11,8
-50,17,19
19,68,84
-5,100,94
-46,43,54
-36,24,52
-41,14,48
-41,7,43
-15,1,45
-18,2,42
-14,5,43
-4,7,55
13,21,79
-19,26,48
-105,21,16
-33,22,59
24,-13,46
-39,-19,27
-30,9,51
-29,43,53
-58,85,92
-69,70,96
-42,35,66
-21,17,41
38,-39,4
3,-27,22
4,-9,28
-14,16,61
-127,101,54
-50,63,75
-29,19,60
-10,-47,24
-26,-36,7
-22,23,59
-36,52,75
-45,53,77
-40,39,64
-19,18,57
-18,13,53
-16,10,53
-10,12,53
-7,18,54
-15,21,54
-16,24,57
-12,25,57
-10,27,56
-12,27,55
-10,27,56
-10,26,55
-8,25,57
-13,25,56
-12,25,57
-11,26,59
-12,26,59
-12,27,60
-13,26,59
-9,28,57
-6,23,57
-16,27,52
-8,29,60
-8,29,50
-4,29,63
0,28,68
-5,30,61
-9,30,50
-18,31,52
-11,29,56
-6,26,58
-9,34,65
-11,33,55
-2,34,64
-4,29,61
-8,29,83
-15,30,54
-14,21,72
-32,47,35
-25,23,38
-12,36,61
-15,34,63
-8,31,62
-10,29,53
8,12,30
-21,9,16
-128,5,-16
-72,9,7
-19,46,69
47,52,117
-60,20,5
-128,-18,-52
18,18,60
40,29,106
-42,34,31
-128,15,-38
-55,10,32
-40,-2,27
-12,-1,51
0,22,69
-111,68,42
-57,32,75
-51,16,64
0,-31,3
7,-57,-20
-45,8,41
-68,60,61
-89,54,59
-57,23,47
9,-35,15
-40,-21,30
-47,31,55
-82,62,43
-93,67,56
-75,32,52
-7,-31,34
-6,-33,33
-80,43,64
-94,67,10
-100,56,48
-97,24,49
17,-23,-6
24,-46,12
14,6,52
-20,49,83
-30,97,69
-64,68,106
-43,37,70
32,-27,15
14,-46,13
10,-24,28
-44,13,46
-67,86,30
-93,97,45
-34,15,53
-2,-11,51
-16,-10,37
-22,-8,29
-46,23,34
-55,40,33
-57,46,52
-40,36,73
-41,15,53
-46,9,41
-36,8,46
-44,9,40
-66,13,32
-71,13,25
-66,14,22
-63,12,21
-58,8,19
-53,7,18
-59,7,16
-52,4,13
-51,3,12
-72,2,-2
-66,0,12
-41,4,48
-50,9,49
-57,8,43
-55,4,38
-61,0,37
-62,-2,39
-58,3,29
-62,6,26
-70,13,27
-93,9,9
-60,2,7
-52,1,8
-63,-2,13
-66,-5,12
-63,-6,9
-63,-5,6
-67,-5,6
-69,-5,8
-68,-3,10
-85,9,13
-79,12,13
-57,14,15
-52,17,20
-53,18,22
-51,15,20
-56,12,14
-62,13,10
-66,19,13
-66,21,15
-63,26,17
-62,27,16
-55,26,17
-50,24,18
-46,20,22
-47,18,21
-51,15,17
-55,13,11
-62,9,12
-68,6,16
-69,7,16
-71,8,22
-71,7,23
-67,6,21
-65,6,18
-64,7,15
-70,9,16
-64,5,20
-62,5,29
-56,0,39
-52,-2,44
-58,-2,47
-56,-6,47
-55,-4,39
-44,-2,43
-44,1,44
-45,-2,42
-52,-6,35
-47,-3,35
-42,-3,10
-58,-3,7
-68,7,3
-78,17,-19
-39,7,-6
-51,6,-3
-53,2,7
-46,-6,6
-52,-7,4
-76,1,12
-67,-11,4
-110,1,35
-86,-2,36
-85,-10,45
-69,-13,49
-37,-18,43
-24,-12,49
-14,-10,47
-2,-9,40
-37,-2,14
-39,5,28
-57,-2,42
-72,-18,31
-23,-39,44
-62,-32,40
-126,-31,15
-91,-31,0
-71,-15,-1
-26,18,35
-20,21,44
-15,23,53
-26,28,59
-37,33,49
-33,35,41
-5,41,49
-44,27,18
-42,34,39
-51,26,40
-32,50,56
-46,40,47
-16,23,59
-2,25,61
-28,26,25
-29,22,27
-23,27,52
-35,41,50
-46,41,30
-33,30,25
-61,46,29
-67,38,29
-72,45,27
-67,64,7
-56,61,17
-66,15,9
-56,39,14
-25,33,30
13,18,39
70,4,66
47,-3,55
18,-20,47
0,-14,49
-18,-15,65
4,-17,74
-22,-18,63
0,-22,70
-7,-28,64
2,-31,66
-18,-17,65
-30,-18,60
-29,-8,55
-28,-3,54
-31,3,43
-27,-1,23
-77,0,16
-74,-24,44
-72,-27,37
-62,-27,26
-55,-25,25
-54,-18,10
-48,-19,2
-56,-3,13
-49,-34,0
-32,-28,22
-42,-29,38
-61,-26,-9
-69,-15,-28
-78,-10,32
-78,-12,46
-75,-31,27
-66,-22,11
-51,-11,24
-63,-30,7
-48,-33,17
-51,-27,9
-66,7,-20
-50,-16,-5
-44,-11,4
-50,-4,20
-63,-12,18
-58,-40,15
-79,-43,18
-71,-36,53
-63,-33,63
-76,-35,44
-73,-31,42
-68,-37,24
-73,-34,10
-71,-24,4
-57,-16,8
-58,-1,17
-41,-3,28
14,9,40
-28,0,32
13,3,60
3,-1,58
14,-23,49
15,-28,71
-42,-4,62
-18,-27,57
35,-3,65
-35,-35,-10
-24,-19,51
-55,-22,57
-59,-13,49
-19,3,67
-28,-13,49
-40,-10,29
-73,-12,22
-49,-22,42
-21,-30,34
-32,0,50
-41,-6,49
-24,-19,51
-27,-28,60
-11,-38,72
-22,-47,77
-2,-35,75
14,-30,74
-37,-25,44
-44,-23,51
-20,-31,54
-21,-26,30
-5,-12,41
2,-4,73
-28,0,77
-26,4,82
-20,6,80
-18,16,69
-15,21,66
-27,35,56
-42,20,52
-26,10,36
-20,6,47
-25,15,57
-23,18,55
13,50,64
10,36,65
7,21,56
19,25,68
-4,11,74
-47,-42,11
-21,4,50
-24,-14,50
3,17,62
9,20,66
8,25,70
2,21,66
-3,20,65
1,25,78
-15,53,52
7,-10,69
25,32,78
47,50,73
23,22,76
-44,-46,16
-52,37,15
-7,13,59
-9,-22,56
-5,12,66
-1,9,70
-22,15,61
-57,14,43
19,50,77
-59,-39,15
-25,16,66
-27,29,69
-34,42,55
-106,89,76
6,57,76
1,-14,56
0,5,51
-1,12,53
-8,13,50
5,14,54
7,13,48
11,9,36
12,2,36
2,7,42
-26,10,24
-99,-13,-35
-95,-24,-47
-128,-16,-51
-93,-17,-10
-68,-13,1
-72,-14,-12
-70,-10,-24
-55,-1,-10
-48,-4,-9
-46,-15,-22
-43,-12,-18
-49,-13,-24
-33,-9,-10
-39,-7,-7
-50,-2,-25
-54,-5,-35
-57,-8,-50
-62,-9,-61
-66,-16,-67
-69,-22,-61
-54,-22,-29
-78,-14,11
-108,-24,9
-88,-42,19
-59,-38,22
-68,-29,22
-56,-19,21
-31,0,39
-14,1,48
-18,11,51
-29,17,64
-29,69,10
-34,50,31
3,8,63
-39,19,47
-23,26,51
-45,29,33
14,42,57
12,31,51
26,10,52
47,18,83
68,26,95
31,25,62
27,18,48
13,23,48
-49,6,-8
-39,-2,16
-50,25,28
-87,16,23
-62,15,30
-84,13,1
15,13,68
7,36,79
-32,18,61
-37,5,60
-29,-6,63
12,-2,77
25,21,66
-1,-7,35
-3,-4,44
-121,75,20
-36,3,52
-18,32,73
-28,5,66
-34,47,74
-7,-22,50
1,-15,58
16,10,66
25,33,70
-43,7,39
-58,5,34
-29,32,57
-36,31,64
-41,28,52
-41,6,51
-21,10,48
-5,15,56
1,14,58
-4,11,55
11,11,63
24,12,63
5,15,51
12,11,57
-2,4,58
-33,-9,70
-39,-10,78
-24,-16,76
-45,-26,69
-29,-30,80
-24,-28,70
19,-36,64
26,-36,56
26,-30,43
5,-20,56
-93,4,25
-83,-17,4
-16,-38,52
-30,-28,37
12,-27,25
52,-14,62
34,-23,22
-14,-9,34
-27,-18,85
-29,-8,91
-42,-20,70
-44,-9,68
-7,-10,70
-4,1,42
-30,1,47
-61,-5,43
-95,-14,37
-64,-14,12
-73,-18,14
-71,-16,10
-61,-12,-3
-64,-9,-10
-90,-4,-18
-58,-22,2
-42,-2,50
-59,-17,0
-46,-18,-27
-41,-17,-52
-41,10,-70
-52,-30,-51
-41,-27,-44
-47,-23,-49
-45,-15,-36
-32,-12,-27
-63,-17,-10
-71,-16,36
-51,-11,-19
-56,-2,-85
-37,-4,-78
-54,-15,-28
-44,-9,-46
-45,-11,-5
-57,-18,18
-60,-22,-7
-66,-8,-32
-71,-8,-40
-33,-16,-35
-42,-16,-49
-36,-14,-68
-50,-5,-62
-42,-18,-27
-44,-14,-3
-102,0,-4
-102,18,-30
-25,-21,-44
-66,-27,-76
-55,0,-17
-80,1,-1
-76,-6,-34
-47,-14,-24
-36,-16,11
-60,-4,-13
-59,2,-23
-67,1,-21
-49,4,-15
-48,-1,-45
-45,3,-81
-36,-4,-64
-25,-7,-34
-56,-1,-33
-70,7,-19
-73,17,-30
-42,1,-24
-72,-10,-47
-63,-11,-49
-71,-8,-35
-63,-9,-26
-70,0,-7
-82,20,24
-51,3,-13
-101,-6,-52
-31,1,36
-76,5,21
-100,-5,-15
-43,12,28
-48,14,24
-23,-1,33
-21,-14,40
-52,24,66
-58,22,67
-31,26,64
-33,28,65
-64,12,26
-97,2,-6
-55,-10,28
-63,-14,21
-54,-15,-2
-64,-12,-13
-53,-6,-14
-50,-7,-14
-51,-3,-10
-55,-5,-14
-51,-5,-2
-44,-6,13
-75,-10,-17
-74,-1,-13
-105,-11,-39
-34,-13,-19
-45,-15,-23
-64,-36,-20
-48,-28,0
-26,-9,13
-96,-7,-38
-47,-25,14
-87,-24,-4
-57,-19,15
-55,-13,8
-44,-24,9
-44,-26,1
-58,-6,-2
-65,-3,19
-67,-14,5
-66,-17,-2
-68,-23,-14
-74,-25,-13
-67,-20,-5
-58,-21,-2
-61,-18,-8
-66,-12,-13
-68,-17,-23
-66,-19,-23
-59,-21,-19
-54,-19,-21
-57,-19,-22
-48,-22,-34
-50,-21,-41
-56,-20,-52
-45,-21,-54
-46,-29,-73
-48,-27,-76
-34,-14,-21
-49,-17,-34
-32,-28,-44
-46,-16,-47
-46,-24,-53
-55,-28,-47
-31,-29,-41
-38,-36,-41
-4,2,-15
-14,-11,-23
-31,-21,-39
-42,-15,-36
-57,-29,-35
-53,-27,-56
-32,-31,-57
-27,-28,-48
-26,-26,-44
-38,-29,-42
-43,-36,-45
-128,9,75
-84,20,33
-45,-37,-37
-55,-21,-31
-61,-17,-25
-53,-21,-26
-45,-23,-32
-56,-23,-53
-37,-20,-58
-20,-15,-36
-47,-21,-26
-48,-25,-31
-61,-27,-27
-79,-25,-26
-84,-19,-26
-103,-17,-59
-64,-4,-43
-4,-11,10
12,-15,42
-4,-12,52
-31,-13,39
-47,-18,20
-33,-16,21
-40,-14,21
-45,-14,20
-59,-13,26
-54,-13,27
-59,-11,14
-70,-9,10
-69,-9,14
-71,-9,15
-77,-6,15
-79,-6,14
-78,-4,6
-74,-3,7
-69,-1,12
-70,1,11
-68,6,7
-67,7,7
-60,6,11
-61,5,12
-64,5,10
-63,6,9
-63,7,9
-64,8,13
-63,7,13
-61,8,11
-63,8,10
-63,7,13
-62,7,15
-63,10,15
-63,11,16
-60,13,21
-56,14,25
-50,16,34
-47,17,37
-49,17,39
-49,17,41
-50,16,41
-48,14,39
-53,13,36
-52,13,35
-56,14,36
-54,14,37
-51,15,37
-52,16,38
-51,16,38
-54,18,40
-53,18,41
-54,17,42
-57,16,42
-64,19,36
-57,23,33
-38,22,46
-33,18,51
-32,12,50
-31,10,49
-31,9,53
-31,9,57
-20,10,60
-15,10,62
-18,10,60
-19,10,60
-10,12,65
-1,11,61
1,10,60
4,10,64
1,9,65
-14,10,65
-11,11,66
-2,11,62
0,10,60
-6,9,60
-7,10,60
3,12,64
4,13,65
4,15,64
6,16,65
-6,10,63
-2,12,63
-1,13,62
0,14,64
4,16,67
6,12,71
-1,12,65
8,12,69
1,3,58
-2,4,57
1,4,59
7,5,60
9,7,64
19,-4,61
9,-3,53
6,13,62
9,-19,60
15,2,58
12,3,56
6,3,59
7,4,61
14,3,40
28,-2,85
0,22,58
17,-7,64
33,9,61
42,5,68
53,7,69
45,12,47
-54,12,-52
-95,-4,-68
-57,-21,-49
-77,-27,-62
-61,-26,-42
-56,-23,-35
-53,-22,-38
-42,-21,-55
-42,-20,-59
-43,-20,-47
-42,-21,-43
-38,-21,-41
-43,-20,-41
-48,-20,-44
-50,-20,-43
-64,-18,-43
-46,-24,-40
-32,-20,-29
-45,-21,-35
-52,-25,-45
-39,-22,-42
-41,-19,-45
-34,-18,-48
-55,-23,-62
-38,-16,-52
-31,-22,-44
-30,-22,-43
-39,-20,-45
-40,-18,-40
-45,-13,-39
-52,-9,-30
-56,-7,-25
-42,29,22
-121,4,-40
-66,-15,-37
-48,-19,-32
-23,-16,-14
-46,-24,-24
-64,-17,-53
-48,-21,-48
-57,-24,-39
-59,-22,-39
-60,-21,-41
-43,-17,-38
-44,-44,-49
-44,-32,-46
-41,-16,-35
-35,-20,-35
-34,-23,-37
-37,-26,-34
-41,-31,-38
-48,-32,-48
-50,-29,-41
-60,-27,-35
-61,-27,-31
-50,-25,-24
-39,-26,-18
-50,-29,-25
-54,-28,-30
-54,-20,-27
-55,-21,-31
-62,-15,-21
-104,-11,-40
-67,-19,-27
-42,-21,-18
-45,-28,3
-36,-27,14
-45,-34,6
-70,-58,-8
-63,-27,-9
-45,-37,-5
-38,-29,3
-17,-25,12
25,-24,70
13,-25,75
2,-18,53
-8,-17,58
-5,-13,68
10,-12,70
1,-8,66
-11,1,67
-6,0,64
5,6,61
4,9,57
2,14,46
1,16,38
-1,18,13
-10,19,9
-27,23,9
-36,30,13
-54,39,14
-58,39,21
-64,42,30
-64,47,29
-48,53,35
-45,71,21
-9,114,34
-60,111,-44
-56,97,-32
-51,86,-34
-46,63,-30
-39,56,-12
-41,58,-8
-40,62,-15
-38,67,-18
-31,58,-23
-29,53,-22
-25,54,-13
-22,58,-8
-19,61,-3
-19,62,-2
-24,65,-1
-26,68,-1
-29,69,2
-29,70,3
-24,68,4
-26,73,4
-18,82,11
-17,74,16
-14,59,15
-11,53,17
-10,48,12
-12,54,9
-13,62,6
-17,61,5
-21,61,5
-28,61,7
-27,58,6
-30,55,5
-27,55,7
-18,52,7
-14,53,10
-28,59,17
-27,60,19
-28,64,20
-27,68,19
-23,71,25
-21,70,29
-21,70,18
-20,72,17
-20,64,12
-18,60,11
-17,60,9
-18,57,8
-20,52,5
-17,53,4
-16,58,6
-19,63,7
-20,64,7
-19,64,6
-19,62,5
-19,61,3
-21,61,2
-22,63,1
-22,63,1
-20,59,-2
-16,56,-8
-25,68,1
-39,66,-2
-32,65,-14
-36,66,-19
-36,68,-15
-37,62,-12
-40,58,-12
-38,55,-10
-41,58,-7
-41,62,-3
-3,81,88
-16,64,67
-10,63,26
-23,71,17
-24,69,12
-12,61,9
-10,61,10
-16,58,5
-13,57,7
-6,60,13
-3,61,18
-5,62,14
-12,60,15
-25,56,12
-27,55,9
-23,57,10
-23,60,12
-22,64,13
-30,63,10
-27,56,13
-27,54,13
-37,60,5
-47,72,-1
-32,67,2
-29,69,5
-32,68,3
-28,66,0
-24,63,2
-17,56,8
-17,53,8
-16,52,12
-20,57,10
-19,65,5
-17,67,4
-17,70,2
-16,69,1
-15,61,2
-18,57,2
-24,55,-2
-26,56,-2
-24,62,-3
-21,63,-2
-18,65,6
-14,62,5
-16,57,0
-19,55,2
-23,55,5
-25,58,10
-16,59,12
-19,62,17
-19,64,18
-25,68,16
-27,69,15
-30,66,14
-30,65,14
-25,61,14
-24,61,12
-23,62,9
-21,63,9
-18,64,9
-18,63,9
-18,61,8
-19,60,7
-20,60,4
-21,61,4
-20,61,4
-19,62,4
-18,62,7
-20,64,14
-11,63,19
-1,60,15
-9,54,7
-25,54,8
-32,55,9
-35,57,10
-34,57,9
-27,56,7
-26,58,6
-24,61,7
-22,62,7
-19,62,7
-18,62,9
-16,63,13
-17,63,13
-21,65,11
-22,65,11
-24,62,12
-23,61,13
-23,59,15
-16,59,19
-17,61,17
-14,66,15
-13,68,15
-9,68,14
-6,66,11
-13,69,5
-20,66,1
-31,54,1
-34,50,3
-29,47,10
-22,48,6
-21,55,3
-21,59,3
-18,64,6
-13,64,9
-8,67,14
-11,68,16
-22,62,20
-22,59,13
-24,53,0
-27,55,-2
-23,59,4
-18,61,9
-14,64,13
-19,66,11
-25,66,12
-28,64,11
-27,62,13
-20,62,16
-20,60,13
-21,60,9
-21,60,8
-21,58,8
-22,58,8
-21,60,9
-21,60,9
-21,60,8
-21,61,7
-20,62,8
-20,62,9
-21,61,9
-21,61,9
-21,60,10
-21,60,10
-20,61,10
-20,61,11
-20,61,12
-20,61,13
-21,60,12
-21,61,12
-21,60,11
-20,60,11
-21,59,10
-21,60,10
-21,60,10
-21,60,10
-21,60,9
-22,61,9
-22,61,9
-21,60,8
-21,59,9
-22,58,9
-22,57,9
-21,59,10
-21,61,9
-19,65,8
-19,66,7
-21,65,7
-20,61,9
-24,57,12
-22,53,14
-29,52,10
-28,55,12
-22,63,16
-23,65,13
-23,67,7
-14,72,6
-11,73,8
-14,65,12
-19,60,12
-26,53,7
-27,53,5
-25,55,4
-25,57,5
-21,58,8
-19,61,8
-17,66,6
-15,65,4
-20,64,6
-26,60,7
-10,60,15
-17,63,13
-20,60,16
-15,58,15
-17,55,7
-20,57,5
-20,57,15
-25,63,11
-24,61,10
-33,63,7
-31,62,9
-23,62,12
-24,62,11
-24,62,11
-21,62,13
-28,60,7
-26,60,8
-22,60,10
-23,59,7
-25,64,9
-22,62,10
-22,63,12
-20,62,14
-21,60,10
-26,59,8
-20,57,8
-19,58,8
-17,61,8
-16,62,9
-16,62,10
-16,61,9
-19,60,9
-20,59,9
-21,58,9
-22,58,9
-20,57,12
-23,60,11
-22,61,11
-24,63,11
-24,64,11
-21,63,12
-20,64,13
-19,64,11
-18,64,10
-18,63,9
-18,61,8
-18,58,6
-18,57,5
-20,54,5
-21,54,5
-22,55,8
-24,57,7
-23,58,12
-26,58,10
-23,61,10
-24,62,10
-22,60,10
-25,58,10
-25,59,9
-25,63,9
-25,66,9
-24,68,9
-23,68,9
-22,67,10
-21,66,10
-24,64,8
-23,65,8
-20,67,7
-19,68,6
-16,67,4
-16,65,4
-17,58,2
-19,54,0
-21,56,-1
-22,59,-2
-21,58,-2
-20,55,0
-22,53,4
-24,53,6
-29,59,5
-26,63,4
-21,63,7
-10,60,24
9,65,66
-16,72,28
-27,62,6
-40,62,0
-28,63,5
-14,60,11
-17,58,12
-26,59,9
-28,60,7
-30,61,1
-28,60,1
-25,59,4
-24,59,5
-22,59,7
-21,60,8
-22,62,10
-23,62,9
-24,62,8
-24,63,9
-22,63,11
-14,64,18
-13,63,20
-7,63,22
-6,63,21
-17,63,13
-20,61,11
-23,56,8
-26,56,9
-33,59,11
-40,61,12
-56,68,9
-53,70,7
-45,70,9
-43,67,11
-42,58,19
-38,51,23
-35,39,22
-37,32,20
-39,25,17
-43,25,13
-46,27,10
-44,28,9
-46,30,5
-54,35,5
-61,38,2
-47,38,8
-46,39,11
-50,37,9
-52,34,9
-49,35,13
-50,35,17
-51,35,18
-46,35,23
-41,34,24
-39,37,22
-40,25,-7
-45,25,-20
-54,36,-12
-34,37,1
-40,45,8
-38,47,11
-28,48,9
-23,56,16
-81,81,31
-78,56,-2
-22,46,9
-74,44,-17
-52,50,-4
-59,35,-4
-57,32,-1
-51,35,-3
-38,33,-5
-9,43,9
-37,45,0
-53,43,2
-56,43,3
-76,41,-17
-67,39,-10
-85,34,-11
-74,32,-8
-74,28,-4
-66,27,1
-74,27,2
-73,22,3
-66,12,2
-54,15,3
-50,4,3
-45,0,5
-48,-3,-2
-39,-5,-2
-36,-6,3
-48,-1,8
-52,-2,8
-55,2,13
-58,0,14
-56,-4,13
-53,4,20
-70,9,10
-77,8,4
-68,23,12
-67,22,12
-74,18,13
-68,15,17
-66,10,5
-63,11,9
-55,11,12
-56,9,8
-54,12,6
-52,13,12
-56,13,15
-58,10,11
-56,12,22
-65,15,19
-68,19,12
-68,24,-3
-78,25,-15
-78,14,-8
-76,13,-4
-73,10,-11
-71,9,-16
-74,15,-12
-39,16,18
-20,13,35
-46,5,19
-66,8,18
-59,12,28
-55,11,24
-54,10,25
-54,9,29
-53,7,30
-54,5,24
-58,7,24
-58,11,23
-59,13,20
-63,14,17
-70,14,15
-68,14,17
-71,28,27
-70,25,23
-64,21,18
-58,18,16
-66,15,12
-64,15,14
-53,19,17
-61,20,19
-59,19,25
-63,17,24
-55,16,18
-60,21,21
-52,16,27
-24,15,36
-17,18,34
-20,24,43
-59,27,31
-58,30,38
-54,23,38
-57,17,35
-61,15,34
-62,6,24
-55,12,25
-67,17,27
-70,22,27
-68,20,24
-63,24,25
-54,28,22
-50,21,10
-56,25,3
-73,34,6
-84,21,15
-71,10,18
-56,2,29
-56,-3,28
-44,-8,38
-36,-9,38
-36,-8,31
-33,-6,25
-32,15,25
-53,8,27
-128,-2,6
-61,30,51
-55,-14,26
-80,-10,6
-35,5,29
-59,3,13
-54,3,16
-62,9,16
-61,10,16
-62,6,22
-69,7,23
-48,5,25
-52,5,25
-42,7,38
-43,6,44
-46,4,47
-46,3,49
-44,1,42
-69,8,38
-61,10,45
-65,9,40
-51,-2,38
-52,-10,35
-49,-7,34
-50,-12,30
-47,-3,37
-65,5,38
-66,0,34
-52,1,34
-48,9,33
-52,2,29
-56,2,34
-56,0,40
-52,1,41
-53,-1,35
-54,0,36
-52,2,36
-49,1,38
-58,8,35
-57,5,34
-49,1,35
-54,0,35
-52,2,39
-48,0,40
-49,4,39
-54,5,37
-54,1,41
-52,-2,38
-52,4,40
-49,2,41
-48,3,41
-46,8,41
-51,5,39
-47,2,42
-50,1,40
-47,-3,40
-50,0,40
-47,0,43
-52,1,39
-48,3,39
-45,4,41
-53,5,36
-54,4,36
-52,8,37
-51,2,37
-56,5,37
-50,6,42
-47,4,41
-51,5,39
-50,7,40
-45,6,40
-52,1,37
-52,2,39
-54,0,41
-49,2,39
-49,6,40
-51,6,37
-54,10,37
-50,8,40
-52,10,36
-45,5,42
-50,4,41
-50,5,43
-47,4,42
-50,5,41
-51,5,41
-50,6,40
-52,8,40
-51,7,39
-50,6,38
-51,6,39
-52,7,39
-50,7,39
-51,7,39
-51,6,38
-52,6,38
-51,7,39
-52,5,37
-53,6,38
-52,5,39
-53,4,39
-46,5,42
-49,7,42
-48,7,43
-45,6,45
-43,5,44
-45,5,46
-50,7,45
-45,4,43
-47,8,43
-47,9,44
-41,5,46
-41,5,48
-46,4,49
-44,3,46
-46,5,45
-49,9,45
-43,11,43
-41,10,46
-43,9,45
-42,10,44
-46,7,48
-43,7,45
-41,4,45
-51,13,45
-47,13,43
-48,14,44
-45,19,43
-44,19,47
-41,18,53
-47,24,64
-53,24,58
8,-5,65
5,6,46
-62,8,15
-28,9,41
-57,12,42
-54,10,45
-51,5,39
-49,6,39
-40,9,38
-35,4,20
-12,12,11
-123,5,-10
-82,17,-21
-10,6,22
-35,15,21
-42,21,19
-105,33,18
-12,38,56
-29,38,35
-128,39,-54
-76,76,18
-67,34,20
-61,33,23
-34,31,25
-29,19,23
-20,19,23
-23,33,35
-29,36,26
-27,43,24
-59,35,11
-67,39,14
-79,28,15
-70,26,26
-56,20,6
-67,12,-11
-57,20,0
-33,51,5
-80,60,-29
-92,86,-14
-91,78,5
-52,49,-7
-55,53,-5
-55,39,6
-53,35,6
-50,32,14
-54,21,5
-52,28,5
-53,35,7
-41,37,13
-38,37,13
-45,42,20
-39,54,30
-68,58,-4
-91,41,-23
-26,42,25
-34,42,31
-38,27,27
-36,22,26
-33,20,29
-37,26,36
-36,28,33
-48,33,22
-46,33,26
-62,40,21
-67,32,12
-59,32,8
-49,35,16
-87,46,-9
-96,53,2
-72,64,10
-59,50,1
-48,41,-1
-48,34,-2
-62,38,-1
-53,33,1
-47,30,2
-48,28,0
-48,33,12
-35,39,26
-51,55,13
-37,61,10
-41,69,47
-69,45,12
-65,32,23
-48,26,49
-40,24,46
-34,19,41
-37,25,31
-42,29,36
-44,27,37
-44,19,44
-46,14,46
-50,5,38
-41,5,38
-28,7,37
-30,11,33
-32,18,27
-42,22,29
-66,25,37
-55,26,44
-74,29,6
-69,29,-3
-27,22,-5
-60,25,-32
-22,49,-6
-68,87,0
-73,104,54
-99,74,22
-64,38,7
-51,41,13
-53,45,11
-55,56,17
-47,49,14
-38,39,13
-40,45,23
-48,40,8
-39,41,18
-45,44,21
-39,39,25
-33,35,43
-34,32,42
-43,37,26
-37,41,34
-82,43,11
-83,51,1
-37,50,35
-27,29,40
-34,24,33
-38,29,32
-34,27,34
-45,24,42
-56,20,39
-39,23,34
-44,24,30
-57,17,25
-46,11,28
-18,5,10
-30,22,24
-74,45,19
-57,50,30
-48,51,35
-54,42,15
-38,45,21
-47,47,10
-77,48,-8
-78,56,-4
-31,78,41
-71,67,9
-63,49,2
-40,54,7
-50,55,8
-61,66,16
-46,53,4
-51,47,4
-53,43,5
-51,30,10
-55,32,18
-60,11,8
-61,11,5
-47,18,-2
-47,36,3
-39,60,19
-43,48,13
-44,37,12
-45,43,11
-59,31,0
-51,34,10
-51,17,20
-55,21,32
-61,20,22
-60,28,21
-53,30,15
-53,26,12
-45,29,12
-39,30,13
-43,47,0
-61,54,17
-76,50,8
-75,44,11
-67,33,5
-47,31,1
-44,31,8
-54,32,18
-54,26,18
-55,34,22
-60,42,25
-46,24,15
-41,29,10
-31,30,18
-26,38,33
-36,37,29
-37,36,26
-30,36,18
-34,35,12
-38,35,18
-47,38,14
-72,40,8
-86,38,9
-75,42,18
-79,46,6
-75,55,11
-50,54,8
-79,52,-3
-79,32,-16
-55,34,10
-55,23,15
-52,17,9
-41,21,19
-43,25,19
-39,23,15
-42,24,16
-48,29,20
-61,30,13
-52,32,15
-47,26,19
-46,25,15
-56,27,14
-59,26,30
-54,22,19
-49,44,9
-56,52,-1
-53,62,-13
-41,58,4
-46,58,4
-54,61,4
-53,63,-4
-75,52,0
-78,55,9
-70,42,11
-60,30,9
-41,19,18
-36,6,19
-14,-6,44
-15,-1,33
-22,10,24
-19,17,28
-30,18,32
-59,22,29
-79,15,20
-60,12,12
-80,34,6
-128,43,-27
-70,56,12
-58,34,0
-52,30,-1
-54,31,7
-60,35,8
-55,40,7
-50,36,8
-50,41,17
-34,50,29
-50,66,13
-65,74,20
-60,39,-3
-29,60,1
-29,47,21
-33,38,22
-23,36,31
-28,34,25
-29,29,34
-34,22,30
-51,32,24
-51,33,24
-45,29,24
-41,31,25
-39,30,18
-67,28,-1
-80,35,3
-86,43,3
-89,42,-10
-85,67,-6
-65,71,-1
-63,68,9
-54,63,6
-56,57,11
-51,52,15
-48,37,6
-39,41,12
-40,39,15
-35,39,15
-40,36,15
-42,33,14
-58,36,1
-59,38,-2
-64,60,6
-61,60,5
-49,49,1
-43,45,7
-43,31,15
-46,27,8
-47,18,22
-72,13,16
-74,16,14
-57,4,15
-58,2,18
-48,-1,22
-44,3,27
-38,5,25
-36,6,22
-43,13,20
-46,18,22
-46,27,26
-57,37,25
-84,47,23
-80,46,28
-59,16,18
-43,10,14
-45,11,5
-39,17,0
-49,34,19
-54,59,35
-97,57,9
-61,62,19
-45,61,9
-53,50,11
-65,47,20
-60,35,17
-61,33,10
-58,37,4
-54,37,3
-62,39,11
-62,46,22
-48,34,7
-37,31,7
-38,42,7
-32,47,11
-34,61,2
-41,68,-7
-54,66,-10
-54,62,-13
-74,44,-5
-72,52,-2
-54,40,11
-53,35,14
-57,29,19
-56,26,17
-56,26,24
-73,23,10
-51,8,-5
-30,10,2
-29,6,7
-32,3,15
-54,15,20
-35,7,33
-24,8,32
-44,28,44
-20,27,34
-59,31,-45
-94,45,-57
-67,43,-12
-61,48,-8
-92,52,-18
-78,49,-20
-57,48,-8
-45,58,6
-72,90,17
-82,41,8
-56,44,-1
-49,40,-9
-37,36,-4
-45,33,1
-45,29,1
-41,31,-1
-44,36,8
-42,46,19
-56,54,7
-62,50,-27
-53,62,-21
-48,41,-5
-48,33,-6
-80,16,12
-98,11,8
-71,21,27
-68,18,21
-51,18,16
-52,25,17
-37,25,20
-40,23,17
-36,24,8
-42,22,10
-47,27,19
-50,24,17
-51,35,24
-56,41,29
-38,32,25
-43,32,16
-41,33,19
-36,39,8
-38,47,1
-56,52,-14
-42,58,-10
-40,75,-1
-33,71,13
-32,68,-4
-31,74,-1
-57,65,-9
-52,57,-14
-51,63,3
-56,60,-3
-48,50,-16
-49,56,-23
-38,59,-19
-35,39,-24
-41,40,-15
-39,46,-8
-12,36,10
-12,35,20
-38,59,30
-77,64,42
-84,57,23
-95,48,-40
-80,34,-56
-6,76,18
-38,54,8
-36,22,18
-35,21,28
-53,10,20
-41,12,27
-52,25,26
-41,27,28
-48,33,24
-45,30,26
-48,33,22
-47,36,29
-42,41,25
-38,38,12
-67,38,-4
-54,34,7
-31,38,13
-44,37,6
-49,54,10
-51,65,6
-106,99,39
-52,71,14
-38,65,5
-57,55,-2
-58,53,-2
-58,53,6
-58,47,4
-48,39,5
-53,38,6
-55,39,4
-55,36,2
-70,33,1
-73,34,-7
-50,29,-3
-38,25,17
-50,22,9
-46,21,13
-31,20,29
-37,24,19
-34,31,26
-33,38,26
-61,55,4
-84,39,13
-78,38,26
-73,22,12
-83,24,10
-58,27,32
-57,19,35
-42,10,36
-39,9,34
-36,11,30
-39,17,34
-43,14,37
-43,10,31
-15,14,45
-29,17,43
-37,20,42
-34,17,38
-46,18,32
-39,20,35
-50,26,31
-49,30,32
-32,38,31
-36,46,26
-53,47,21
-58,51,11
-43,60,9
-49,56,12
-61,55,13
-58,63,50
-62,57,48
-43,41,21
-30,40,27
-47,48,26
-54,52,27
-60,46,37
-43,51,28
-68,42,10
-117,35,2
-54,24,37
-52,38,38
-48,27,17
-71,12,11
-59,18,16
-96,5,28
-71,4,17
-32,5,29
-49,0,-18
-56,-17,14
-44,-22,24
-113,-30,-28
-64,-29,7
-55,4,22
-56,-15,2
-1,-13,26
-95,-44,-8
-27,-43,15
-53,-35,13
-38,-31,30
-36,-31,-1
-47,-42,-2
-46,-40,-1
-44,-42,11
-43,-39,11
-17,-44,-10
-27,-41,-13
-35,-35,0
-33,-41,-20
-54,-52,-23
-44,-39,-7
-45,-35,-14
-45,-37,-22
-61,-31,-25
-53,-23,-9
-60,-18,-8
-54,-12,-9
-40,-8,-7
-95,-2,-12
-97,-7,-11
-94,-5,4
-76,-6,14
-58,4,59
-73,-15,37
19,12,81
-39,28,77
-105,5,38
-82,1,39
-60,1,25
-59,2,28
-77,5,28
-62,0,21
-59,-3,17
-59,-8,16
-69,-15,10
-49,-15,15
-50,-23,3
-35,-25,-1
-37,-24,-7
-41,-18,-4
-54,-17,-7
-63,-25,-16
-51,-23,-6
-64,-17,-12
-61,-17,-18
-41,-14,-16
-40,-19,-23
-55,-16,-30
-58,-15,-24
-68,-11,-9
-74,-14,-12
-64,-17,-6
-60,-18,-6
-77,-19,-25
-47,-11,8
-58,10,26
-87,6,18
-67,7,15
-74,20,32
-82,25,39
-72,24,30
-73,24,34
-103,19,15
-104,12,-6
-78,-1,-12
-78,3,-1
-70,8,1
-66,6,-6
-60,3,-1
-60,-1,4
-59,-9,3
-55,-17,8
-54,-21,9
-48,-21,12
-42,-18,23
-38,-18,19
-27,-18,30
-38,-14,28
-71,-17,28
-67,-13,34
-42,-10,17
-46,-13,-1
-57,-30,-23
-52,-29,-16
-61,-30,-3
-54,-30,18
-48,-23,22
-47,-18,16
-40,-16,12
-38,-9,7
-49,-4,1
-47,-3,-9
-68,0,-20
-61,-1,-15
-53,0,-11
-112,25,-24
-90,28,-4
-101,12,-2
-91,18,9
-90,25,18
-81,25,25
-23,42,50
-23,74,119
-94,6,-22
-72,19,-4
-92,6,4
-74,11,12
-68,8,4
-56,7,11
-60,4,12
-47,-7,8
-57,-14,2
-33,-25,11
-41,-20,16
-67,-15,13
-52,-20,9
-46,-21,7
-40,-17,23
-43,-20,32
-64,-24,14
-75,-25,15
-71,-28,21
-69,-25,26
-58,-23,24
-44,-32,16
-47,-36,10
-43,-35,13
-33,-53,-23
-34,-53,-9
-17,-46,-3
-19,-45,-7
-17,-43,-15
-28,-45,-25
-37,-46,-33
-27,-46,-26
-40,-48,-28
-45,-48,-32
-31,-53,-29
-36,-59,-33
-51,-52,-29
-43,-50,-22
-34,-46,-25
-38,-46,-27
-38,-44,-24
-34,-42,-22
-45,-37,-14
-53,-34,-17
-47,-39,-24
-43,-37,-22
-49,-36,-23
-55,-36,-27
-53,-40,-26
-42,-40,-24
-61,-30,-26
-53,-27,-16
-57,-21,-17
-59,-20,-24
-52,-19,-22
-34,-16,-17
-38,-15,-21
-50,-11,-24
-41,-13,-18
-48,-10,-15
-53,-8,-13
-65,-9,-20
-53,1,-16
-59,10,-19
-68,17,-27
-111,53,-19
-128,56,-31
-86,31,5
-72,34,24
-74,24,7
-59,28,9
-77,51,16
-82,-5,-41
-65,9,-26
-74,2,-20
-68,1,-19
-63,0,-18
-55,-1,-14
-42,-6,-7
-34,-9,-9
-30,-9,-9
-39,-9,-8
-50,-10,-8
-59,-12,-8
-82,-35,-17
-92,-38,-17
-80,-34,12
-64,-31,12
-41,-40,16
-37,-41,28
-60,-44,-2
-38,-48,-4
-31,-48,-10
-48,-49,-17
-48,-41,-13
-43,-40,-10
-34,-36,-6
-25,-36,-13
-29,-36,-16
-38,-36,-15
-39,-38,-12
-40,-44,-13
-36,-47,-11
-40,-50,-10
-40,-49,-6
-56,-43,-5
-59,-43,-6
-49,-37,-7
-50,-35,-4
-48,-34,-9
-38,-33,-14
-52,-30,-13
-51,-31,-11
-41,-25,-9
-56,-22,-11
-46,-21,-5
-47,-16,-8
-85,1,2
-101,-3,-2
-60,-4,11
-65,8,27
-76,19,39
-104,5,48
-99,3,19
-86,-5,17
-96,-13,9
-75,-15,15
-76,-16,14
-66,-18,3
-61,-18,0
-51,-18,4
-50,-20,3
-47,-15,-17
-37,-12,-15
-17,-13,25
-51,-15,12
-59,-23,3
-51,-26,17
-50,-36,-8
-35,-35,-10
-41,-37,-18
-39,-34,-27
-45,-22,-35
-57,-7,-29
-49,-3,-29
-53,2,-27
-55,1,-21
-60,-2,-11
-64,-6,-12
-54,-9,-17
-45,-6,-14
-98,15,-4
-96,16,10
-117,14,-12
-113,17,-7
-86,16,7
-82,18,9
-75,20,24
-49,60,82
-101,-1,-18
-84,-5,-30
-87,-11,-26
-69,-19,-22
-55,-13,-18
-52,-22,-21
-42,-23,-16
-30,-19,-2
-33,-23,3
-41,-16,13
-23,-18,18
-9,-29,6
-23,-13,-12
-15,-8,-24
-32,-8,-30
-26,-9,-10
-21,-6,-2
-61,0,-31
-54,5,-38
-128,21,-94
-98,17,-54
-78,28,-28
-98,28,-31
-45,29,-5
-28,34,8
-50,60,34
-58,60,57
-50,67,21
-79,108,7
-68,62,3
-22,40,13
-55,53,10
-37,32,19
-34,25,18
-31,16,17
-32,13,17
-34,7,17
-41,9,26
-44,17,21
-35,30,33
-35,29,39
-39,33,27
-61,20,-4
-46,24,15
-67,22,-18
-46,27,-15
-69,62,45
-84,63,20
-53,70,4
-62,75,-16
-85,76,0
-62,46,-7
-34,58,-6
-62,46,-2
-52,52,8
-48,45,2
-45,51,4
-47,49,2
-40,51,2
-47,50,5
-37,51,9
-28,56,16
-29,62,18
-18,64,19
-45,65,7
-59,54,11
-60,53,13
-41,52,11
-35,47,14
-25,37,23
-30,35,20
-23,31,23
-25,26,14
-39,27,17
-41,39,20
-43,46,16
-47,47,16
-40,37,21
-51,42,9
-61,49,10
-52,56,-1
-49,66,-24
-51,111,9
-91,83,-5
-39,93,10
-35,75,5
-63,52,2
-59,44,9
-44,39,8
-42,38,6
-39,37,12
-31,38,16
-36,36,15
-27,48,24
-27,65,15
-29,60,15
-42,56,10
-55,62,7
-49,76,9
-38,71,24
-29,45,30
-33,27,29
-32,31,29
-41,25,24
-28,24,27
-38,28,14
-38,24,19
-54,23,19
-52,22,22
-53,29,27
-50,32,28
-51,37,19
-50,36,12
-31,38,9
-22,43,8
-29,64,8
-86,77,-11
-42,81,10
-5,86,38
-59,63,-17
-47,61,-4
-39,60,-3
-50,61,9
-56,68,18
-52,42,-10
-42,44,-5
-46,40,3
-35,34,6
-16,29,29
-4,38,28
-1,53,42
-52,70,18
-100,89,-9
-71,66,-3
-93,34,-9
-84,31,2
-53,24,35
-49,18,33
-39,13,28
-29,14,28
-28,10,23
-27,7,24
-33,13,34
-35,12,33
-41,10,24
-57,9,22
-44,15,22
-44,18,25
-45,31,20
-70,41,-1
-64,51,4
-34,58,35
-38,53,29
-44,47,21
-42,45,14
-50,52,6
-34,52,15
-14,49,21
-12,76,52
-29,66,57
-32,67,52
-38,64,23
-54,62,8
-49,59,16
-32,55,25
-39,58,3
-58,51,-10
-50,59,13
-45,59,27
-33,50,36
-34,39,31
-33,33,26
-8,36,52
1,37,61
-16,46,59
-27,46,48
-54,57,28
-38,53,47
-30,37,51
-32,33,46
-29,25,35
-20,22,37
-16,20,44
-29,20,42
-25,30,35
-66,33,0
-41,24,33
-42,30,43
-74,23,8
-39,24,22
-46,32,0
-64,41,-8
-75,74,39
-73,79,34
-78,61,23
-32,56,33
-39,47,12
-45,27,-13
-41,24,0
-38,31,8
-34,39,13
-39,51,14
-56,52,7
-56,54,21
-52,53,37
-54,51,54
-43,66,40
-53,41,16
-68,47,16
-55,41,25
-49,41,29
-45,28,18
-52,22,7
-48,16,14
-51,19,21
-42,12,22
-50,13,21
-50,17,30
-49,17,24
-41,25,33
-39,26,25
-43,28,22
-69,29,17
-63,34,25
-48,33,30
-36,32,27
-48,43,35
-67,40,26
-51,38,28
-52,40,29
-57,39,28
-58,41,31
-51,44,34
-45,35,26
-38,24,26
-50,27,29
-52,19,30
-53,18,33
-66,16,34
-70,15,30
-52,11,34
-35,18,45
-46,24,33
-54,16,25
-52,11,32
-61,5,24
-62,3,16
-66,7,11
-70,11,19
-60,20,31
-66,24,32
-68,24,30
-53,32,29
-50,33,21
-60,26,19
-68,10,28
-65,7,31
-50,4,37
-49,3,37
-39,0,37
-38,-4,31
-37,-2,36
-38,0,33
-36,0,25
-46,6,33
-45,9,35
-36,7,32
-39,12,35
-39,14,27
-49,13,24
-54,24,28
-61,27,28
-74,32,17
-64,38,17
-49,53,24
-51,56,24
-29,58,11
-26,61,9
-59,60,37
-52,59,41
-51,61,24
-51,47,30
-34,33,21
-31,24,18
-40,47,28
-42,51,29
-43,46,27
-42,47,18
-38,45,19
-41,44,22
-38,41,23
-43,38,25
-43,39,29
-46,35,25
-47,33,27
-47,34,33
-44,36,30
-38,34,28
-43,34,22
-41,36,30
-42,46,28
-46,50,25
-46,51,31
-60,58,30
-33,52,20
-45,30,22
-41,34,25
-25,42,10
-24,49,15
-43,70,40
-41,55,35
-34,52,26
-50,44,29
-66,45,34
-40,41,25
-39,31,15
-48,46,24
-31,38,19
-43,42,29
-47,41,30
-41,30,31
-52,32,29
-44,22,30
-42,22,27
-66,27,29
-56,23,30
-49,24,20
-56,24,21
-51,23,20
-56,24,18
-52,19,16
-39,18,13
-56,12,18
-58,12,22
-64,17,29
-63,16,41
-57,20,48
-59,16,24
-54,4,29
-43,-25,5
-62,-18,-28
-63,29,-33
-79,51,2
-103,49,-1
-66,32,-14
-52,18,-12
-57,21,6
-60,11,-3
-54,12,-8
-54,26,2
-53,30,7
-56,32,16
-61,36,19
-62,45,23
-56,43,16
-46,41,9
-45,22,-10
-82,20,2
-80,29,30
-76,26,31
-49,25,34
-40,27,38
-44,22,44
-49,19,36
-42,18,39
-49,16,31
-40,9,29
-42,8,32
-26,9,33
-23,15,37
-36,24,54
-33,19,51
-32,7,39
-23,8,37
-52,20,33
-56,23,31
-57,31,29
-69,47,28
-64,54,28
-34,70,43
-110,65,20
-40,63,24
-28,57,14
-52,47,1
-54,45,4
-45,34,8
-59,35,3
-47,33,-4
-32,44,19
-49,53,18
-43,53,18
-38,45,22
-35,44,16
-32,41,30
-31,40,37
-67,60,30
-84,56,20
-68,38,5
-56,42,6
-50,35,12
-45,36,15
-35,27,26
-46,24,21
-40,7,19
-45,28,15
-30,-10,20
-46,25,13
-38,18,16
-45,28,16
-63,29,7
-62,29,6
-61,33,5
-90,36,0
-98,40,-3
-77,54,7
-78,57,5
-60,60,14
-58,57,26
-50,33,11
-45,27,14
-54,33,15
-62,38,20
-56,51,25
-36,46,24
-33,38,13
-32,40,16
-37,44,20
-42,45,26
-39,46,29
-42,40,17
-42,42,16
-58,61,29
-65,57,24
-72,22,13
-55,15,27
-66,13,35
-55,21,41
-38,33,48
-27,30,43
-28,29,38
-35,27,40
-29,20,41
-27,14,40
-36,11,38
-29,8,48
-56,12,44
-61,9,34
-23,14,32
-5,21,36
-35,33,20
-54,39,12
-60,42,14
-60,42,8
-65,36,3
-67,46,5
-46,60,15
-21,92,47
-59,115,25
-75,71,18
-45,76,19
-35,55,8
-46,45,-4
-40,34,6
-46,31,9
-45,37,18
-48,42,16
-38,54,33
-49,61,38
-53,45,26
-66,41,-1
-64,47,6
-54,48,16
-42,31,29
-42,17,20
-44,14,23
-42,9,21
-33,6,25
-36,2,28
-35,3,27
-59,13,17
-63,10,14
-51,11,17
-52,20,19
-69,20,4
-61,18,2
-67,33,3
-68,35,-2
-84,44,-22
-91,63,2
-68,92,33
-68,63,-5
-58,44,-5
-68,42,-6
-67,30,-9
-54,32,-5
-44,17,-13
-39,20,-18
-74,55,30
-80,27,-9
-45,37,-10
-44,49,3
-42,41,6
-54,34,-4
-51,35,4
-52,29,7
-54,31,2
-51,31,3
-60,32,-1
-60,38,-7
-69,36,-11
-78,31,-12
-85,21,-6
-65,5,5
-68,2,4
-51,0,20
-54,2,17
-45,11,25
-51,18,37
-68,7,25
-71,6,14
-46,1,27
-41,-2,17
-58,18,27
-58,19,32
-53,12,25
-48,21,47
-47,15,43
-40,12,39
-46,15,40
-45,13,34
-45,18,31
-55,29,34
-71,29,18
-40,36,34
-49,43,25
-45,59,13
-76,62,-10
-77,54,-16
-46,56,8
-83,52,-1
-71,47,6
-75,26,-1
-79,10,3
-41,-4,24
-45,-14,1
-40,-18,1
-22,-13,13
-32,-9,1
-44,-22,-28
-86,-18,-34
-77,-5,2
-60,-7,-6
-65,-11,-5
-63,-8,-3
-71,-10,-12
-61,-20,-13
-77,-19,-28
-56,-25,-29
-70,-24,-28
-65,-21,-25
-60,-16,-19
-39,-15,-17
-34,15,35
-123,16,4
-61,5,-46
-62,2,-23
-104,-2,-17
-74,-4,-3
-71,-10,-1
-66,-13,-4
-64,-17,-5
-58,-20,-11
-52,-23,-8
-40,-26,-6
-39,-26,-2
-38,-33,-14
-43,-23,-3
-87,-24,24
-90,-21,20
-33,-2,20
-31,-8,5
-22,-14,-5
-22,-16,-10
-28,-26,-15
-32,-26,-14
-46,-25,-21
-64,-25,-16
-58,-21,-8
-52,-19,-15
-61,-8,-12
-57,-6,5
-71,2,-16
-63,3,-10
-73,13,-1
-105,16,-5
-109,17,-3
-94,32,35
-89,37,37
-93,28,5
-104,22,-7
-76,15,-4
-78,11,-1
-67,5,-4
-66,2,-6
-51,-3,-2
-45,-4,3
-45,-23,-18
-31,-30,-24
-28,-23,-13
-36,-20,-8
-69,-19,-13
-78,-27,-16
-62,-17,-11
-49,-14,0
-48,-13,5
-38,-14,1
-37,-14,0
-50,-15,-11
-55,-17,-15
-47,-17,-10
-51,-14,-5
-81,-5,-12
-79,4,-8
-85,21,-3
-84,33,13
-89,56,45
-111,36,8
-99,19,-17
-103,14,-17
-78,6,-10
-59,8,1
-69,3,-1
-70,1,-3
-59,-3,-7
-58,-5,-4
-45,-8,-5
-51,-8,-6
-43,-9,-1
-33,-18,-6
-31,-27,-4
-45,-16,22
-46,-9,24
-61,-8,32
-72,-12,17
-70,-11,22
-66,-7,18
-41,-15,3
-34,-19,4
-37,-31,-2
-34,-23,4
-45,-24,-1
-53,-20,4
-56,-14,10
-49,-16,6
-39,-14,-7
-41,-9,-11
-67,-6,-11
-71,-3,-11
-75,6,-20
-70,4,-23
-92,16,-16
-95,22,-4
-110,26,1
-87,32,23
-84,40,32
-64,39,32
-103,25,-7
-77,23,-2
-81,16,-6
-77,10,0
-66,8,7
-63,6,4
-58,1,3
-56,-8,-1
-55,-12,-3
-52,-19,-2
-56,-22,1
-65,-27,-5
-62,-31,-10
-54,-38,-21
-32,-36,-11
-40,-31,-8
-32,-28,2
-62,-13,23
-83,-12,13
-71,-7,8
-32,-11,5
-31,-16,-2
-21,-21,-11
-16,-24,-17
-21,-19,-30
-14,-14,-23
-66,-9,-29
-102,-5,-22
-58,-7,-13
-93,3,-27
-122,5,-9
-109,5,-1
-104,8,19
-86,8,25
-71,10,19
-5,13,38
-118,30,13
-79,22,15
-88,8,-11
-90,6,-8
-61,-1,1
-59,-5,6
-71,-9,17
-58,-14,14
-54,-18,12
-58,-20,3
-47,-21,1
-48,-18,9
-47,-19,9
-42,-17,9
-46,-17,13
-45,-17,22
-54,-18,20
-47,-22,18
-49,-31,9
-44,-30,20
-45,-31,26
-47,-28,16
-47,-23,29
-62,-23,32
-63,-22,35
-40,-16,43
-51,-10,36
-59,-15,38
-69,-20,32
-46,-7,39
-4,-2,41
3,-14,12
-5,-14,-5
-7,-15,-7
-26,-9,-15
-43,-13,-22
-71,-17,-26
-71,-13,-11
-66,9,3
-67,41,9
-121,40,4
-100,50,41
-68,59,42
-69,63,39
-106,127,84
-112,52,40
-61,42,8
-71,57,-48
-38,29,12
-25,24,29
-29,27,29
-28,33,41
-58,22,25
-32,21,35
-33,22,20
-32,20,35
-28,31,51
-33,33,52
-6,36,70
-59,29,50
-53,25,54
-16,33,38
-20,36,36
-38,32,41
-39,35,45
-43,31,41
-43,26,37
-31,24,42
-24,30,44
-25,38,34
-28,39,33
-33,49,31
-32,51,40
-54,49,32
-28,50,44
-36,53,36
-47,51,21
-22,65,28
-33,72,36
-43,73,33
-22,50,20
-21,52,24
-22,55,27
-20,53,26
-25,52,27
-29,46,25
-4,29,47
-12,29,21
-22,60,18
21,85,64
-110,56,15
-53,56,29
-38,55,20
-62,57,6
-29,55,6
-31,43,9
-53,72,29
-47,66,28
-39,28,14
-38,42,22
-29,25,23
-37,29,23
-39,37,30
-40,54,43
-57,67,25
-47,72,14
-60,79,35
-53,53,32
-43,36,30
-20,18,32
-19,15,28
-23,4,21
-20,2,20
-33,13,27
-49,18,22
-57,25,13
-34,27,24
-60,45,9
-58,44,3
-56,71,36
-93,105,85
-83,31,2
-18,40,2
-17,45,15
-62,57,26
-64,53,28
-37,55,30
-68,51,7
-19,57,30
-26,43,29
-42,51,30
-36,54,40
-23,57,52
-37,42,33
-41,61,39
-32,60,29
-20,46,29
-19,42,36
-27,33,31
-34,36,34
-42,34,30
-33,31,34
-43,30,33
-47,28,36
-56,28,30
-48,25,26
-32,25,18
-29,29,15
-28,31,15
-41,47,15
-52,54,5
-48,67,-9
-80,85,-10
-119,76,10
-122,37,-33
-31,40,25
-64,43,9
-72,34,7
-53,30,14
-52,34,22
-59,35,27
-54,39,35
-54,43,22
-18,77,38
-4,82,48
-57,37,0
-78,47,-11
-51,42,31
-57,33,27
-52,23,15
-29,16,19
-47,12,1
-59,10,-24
-48,16,-24
-63,11,-31
-60,11,-24
-54,6,-21
-56,3,-20
-45,6,6
-49,10,18
-12,8,29
-27,15,15
-51,40,28
-42,46,49
-71,62,-1
-68,60,-29
-79,127,6
-121,32,-28
-60,37,7
-48,40,17
-58,20,-1
-60,28,12
-53,30,25
-48,38,27
-60,49,17
-42,39,5
-32,38,8
-40,50,20
-35,48,25
-48,62,13
-49,66,12
-70,64,9
-61,63,6
-56,61,7
-58,55,14
-58,38,11
-30,32,14
-42,26,14
-42,23,13
-54,7,22
-50,11,22
-36,8,23
-34,3,12
-36,-3,8
-49,-2,7
-75,12,24
-58,19,21
-47,22,12
-59,32,-2
-60,44,5
-69,56,3
-105,90,12
-98,24,-8
-52,44,-6
-48,29,-5
-72,15,-12
-88,32,-15
-64,33,-32
-47,36,6
-55,43,-3
-50,33,-2
-48,43,6
-45,33,11
-54,40,4
-44,42,10
-55,51,7
-33,56,44
-63,55,16
-61,47,4
-52,52,11
-43,36,8
-39,31,9
-38,29,10
-39,19,21
-48,20,19
-30,16,14
-37,21,12
-52,30,23
-49,27,17
-28,19,9
-42,20,11
-67,26,13
-67,60,19
-117,127,36
-108,75,26
-49,49,-2
-53,25,-8
-68,26,11
-53,29,20
-50,35,16
-53,36,15
-42,37,15
-37,37,28
-34,41,21
-29,45,22
-39,48,21
-55,67,6
-64,61,5
-75,49,3
-63,52,3
-55,36,4
-53,34,6
-45,17,10
-40,8,15
-45,7,20
-45,6,20
-42,1,17
-45,-1,10
-36,0,11
-36,2,18
-48,10,18
-51,17,16
-42,23,20
-80,50,15
-108,66,26
-111,86,24
-96,74,-5
-60,43,17
-65,32,16
-50,15,16
-54,25,19
-59,43,23
-49,40,19
-39,40,25
-37,40,24
-33,58,13
-39,63,17
-40,57,18
-58,45,11
-69,57,16
-63,58,17
-54,41,6
-48,39,7
-38,31,10
-38,27,14
-35,19,19
-36,14,20
-48,12,20
-43,11,17
-45,16,8
-57,20,6
-36,23,7
-77,43,27
-76,32,14
-66,13,-1
-86,20,1
-50,33,35
-72,50,28
-86,62,-5
-62,50,3
-69,42,7
-64,38,12
-44,34,24
-62,43,7
-59,44,21
-56,44,11
-55,42,0
-50,42,3
-43,39,5
-40,37,9
-49,40,7
-64,61,5
-46,68,2
-61,65,-5
-72,61,1
-74,52,11
-87,46,17
-53,32,19
3,26,11
-29,-2,-3
-23,16,8
-113,12,-43
-26,0,8
-80,-17,-26
-68,-17,-26
-38,-31,-11
-45,-25,-12
-40,-25,-12
-40,-33,-14
-24,-27,-34
-33,-11,28
-71,-37,-11
-53,-20,-3
-58,-16,-8
-83,-37,-29
-73,-41,-3
-61,-36,-11
-53,-25,-6
-32,-21,5
-27,-24,-1
-40,-29,-39
-32,-26,-38
-33,-16,-26
-24,-13,-20
-50,3,-28
-93,1,-45
-43,3,-9
-62,19,-12
-94,13,-13
-88,23,29
-128,43,32
-84,30,24
-118,27,-5
-107,26,-9
-73,12,-13
-58,14,-11
-55,6,-16
-55,4,-14
-38,-3,-9
-37,-8,-3
-46,-6,2
-77,-4,-11
-61,-12,-24
-30,-4,24
-54,-3,25
-65,-8,10
-44,-10,2
-43,-20,-27
-47,-22,-26
-34,-23,-18
-39,-22,-24
-38,-16,-17
-44,-11,-18
-70,3,-24
-50,-4,-23
-70,18,-31
-69,22,-29
-76,22,-19
-88,28,-22
-60,16,-12
-94,35,-13
-80,39,13
-82,52,24
-75,51,49
-42,41,27
-92,34,-16
-73,36,-18
-84,30,-19
-63,28,-14
-65,23,-15
-60,27,-7
-54,30,-3
-52,26,5
-54,25,7
-51,15,7
-67,8,4
-35,-1,6
-44,-14,-5
-60,-26,-13
-72,-26,-6
-69,-21,-6
-56,-20,-6
-40,-29,-7
-41,-27,-10
-49,-12,-9
-66,-5,-9
-83,9,-2
-70,17,-10
-55,19,-8
-65,23,-18
-70,21,-19
-43,27,-18
-55,27,-29
-56,33,-7
-67,36,-1
-78,32,12
-77,38,19
-62,50,34
-30,75,66
-120,41,4
-88,34,-5
-87,39,-1
-90,34,4
-74,24,-11
-57,13,-17
-43,-9,-34
-48,-13,-21
-37,1,-13
-40,9,26
-69,10,10
-72,12,22
-71,8,26
-42,4,12
-34,-4,2
-21,-8,-3
-26,-4,-2
-47,9,1
-57,14,3
-72,18,-6
-88,26,7
-62,50,84
-88,34,53
-84,24,19
-43,36,44
-61,20,27
-61,25,28
-59,19,25
-65,14,13
-75,15,-1
-64,12,0
-69,18,5
-64,16,5
-70,14,6
-65,13,8
-58,12,15
-63,10,21
-73,10,11
-62,7,8
-57,6,13
-62,2,10
-61,-2,11
-54,-6,9
-51,-4,18
-52,6,19
-51,3,8
-61,-7,0
-70,-6,3
-67,-7,7
-58,-7,4
-44,-12,-12
-35,-15,-17
-41,-12,-16
-49,-9,-17
-47,-2,-3
-68,8,-2
-64,10,-6
-94,30,7
-93,31,17
-79,44,63
-90,49,43
-46,41,33
-76,31,6
-88,18,-4
-71,11,-2
-60,10,3
-50,9,8
-53,5,-1
-51,3,-1
-71,-6,-3
-80,-11,-2
-55,-7,17
-47,-7,19
-32,-12,8
-39,-16,-3
-31,-18,-10
-33,-14,-9
-48,-15,-11
-47,-12,-11
-46,-4,3
-52,-1,-3
-69,10,2
-72,21,9
-94,26,3
-107,34,11
-96,48,55
-128,23,9
-69,30,4
-102,12,7
-66,6,23
-62,4,19
-62,1,10
-60,-5,15
-62,-6,12
-48,-10,3
-50,-13,-1
-49,-18,10
-39,-17,9
-34,-14,15
-41,-8,23
-41,4,33
-56,7,30
-84,-1,33
-69,-7,39
-43,-14,17
-47,-20,8
-34,-23,14
-41,-30,3
-54,-27,8
-36,-32,11
-34,-36,6
-40,-31,15
-49,-27,13
-75,-19,19
-62,-13,32
-84,12,66
-99,21,103
-61,8,30
-68,13,23
-109,-18,12
-77,-24,10
-60,-23,9
-53,-18,24
-76,-3,13
-54,7,17
-65,-3,14
-77,-24,10
-60,-23,9
-53,-18,24
-76,-3,13
-54,7,17
-65,-3,14
-67,-4,15
-51,-7,18
-67,-7,12
-64,-8,14
-50,-10,6
-43,-9,17
-41,-7,35
-37,-9,36
-45,-10,37
-51,-13,36
-77,-23,30
-73,-28,32
-56,-25,20
-57,-31,8
-36,-32,8
-20,-31,13
-12,-27,12
-21,-22,10
-49,-17,11
-36,-19,17
-67,-16,-1
-81,-17,-4
-128,-15,31
-95,-19,40
-49,-6,83
-71,-7,90
-62,-19,17
-59,-33,14
-56,-31,14
-44,-33,12
-31,-28,16
-26,-27,25
-25,-23,34
-23,-18,30
5,-12,21
-14,1,4
-1,4,0
-72,7,-9
-60,2,-7
-82,-1,-7
-87,-2,-2
-114,3,-9
-112,0,1
-76,8,25
-87,12,18
-59,24,36
-58,31,35
-84,48,-18
48,28,49
-4,69,56
-128,48,-1
-74,36,20
-34,31,21
-24,22,37
-114,26,24
-92,35,33
-58,24,48
-36,33,57
-40,20,21
-15,19,22
-16,31,21
-14,36,30
-30,41,36
-35,42,35
-55,37,27
-62,32,19
-55,35,26
-47,37,31
-27,21,26
-31,27,24
-34,43,26
-24,43,43
-37,47,30
-72,56,-5
-68,65,2
-63,82,28
-91,79,16
-62,43,-7
-55,49,-10
-60,49,0
-54,45,3
-42,40,1
-37,48,5
-38,69,31
-25,61,32
-63,76,43
-63,67,47
-56,68,-10
-51,69,4
-49,54,7
-44,45,10
-41,28,14
-32,21,8
-32,14,15
-32,13,16
-36,9,16
-44,6,11
-40,14,8
-32,29,15
-49,30,9
-96,24,11
-67,26,11
-70,-1,-29
-90,-5,-23
-102,41,-4
-96,46,-17
-66,49,-33
-60,71,-25
-71,89,-12
-61,83,-15
-44,42,-10
-47,50,-6
-33,37,0
-41,40,4
-43,53,10
-43,49,4
-44,46,-9
-58,52,-3
-65,69,-9
-46,52,10
-57,42,9
-44,19,12
-51,12,14
-36,3,16
-31,0,21
-42,6,21
-39,6,19
-50,5,10
-49,7,16
-47,14,21
-48,16,14
-47,25,11
-26,25,16
-81,36,-1
-77,40,9
-116,75,-9
-127,93,3
-37,42,-10
-62,44,-9
-49,55,1
-49,51,7
-34,40,1
-35,39,-2
-28,56,15
-20,62,24
-18,72,28
-46,88,10
-56,76,-2
-51,54,30
-66,45,36
-61,28,38
-46,24,40
-28,23,39
-41,20,28
-27,13,37
-34,11,29
-35,13,-7
-55,27,4
-33,44,24
-41,44,14
-43,65,29
-54,47,14
-73,28,-1
-55,40,15
-54,31,19
-54,50,37
-100,59,-1
-48,49,0
-29,58,11
-37,48,1
-37,43,14
-36,41,37
-32,35,25
-55,47,19
-55,59,49
-55,61,27
-56,49,18
-80,42,-7
-67,46,7
-65,33,9
-58,26,5
-46,13,10
-43,2,26
-55,-6,33
-36,-13,26
-28,-8,33
-22,-6,33
-33,10,36
-35,15,31
-38,22,10
-68,35,8
-62,41,20
-49,56,33
-59,51,21
-42,44,18
-50,44,18
-56,59,-16
-72,59,-36
-34,71,11
-35,74,3
-55,74,16
-42,80,45
-62,75,7
-50,81,7
-30,72,9
-13,52,-1
-6,21,18
-29,26,31
-42,56,64
-24,44,78
-43,53,59
-80,58,7
-45,64,12
-40,63,17
-49,53,25
-47,36,37
-51,26,38
-50,14,25
-48,9,21
-52,6,17
-42,4,12
-26,18,18
-25,20,27
-32,22,28
-39,19,14
-23,11,13
-38,15,3
-69,17,5
-54,29,23
-107,53,10
-81,105,47
-102,74,56
-75,25,43
-40,27,16
-49,38,18
-43,50,32
-27,40,27
-28,42,33
-26,61,33
-39,60,20
-52,63,28
-58,67,30
-59,44,27
-61,38,28
-52,28,25
-46,26,21
-36,18,6
-37,17,6
-32,17,20
-30,17,22
-29,18,22
-31,20,21
-41,30,23
-51,31,17
-50,34,10
-40,35,9
-72,53,9
-60,59,23
-50,58,8
-54,59,1
-86,55,30
-47,52,33
-47,37,23
-46,22,9
-47,31,13
-44,38,19
-37,29,15
-70,43,19
-114,50,-8
-69,52,10
-77,54,14
-72,12,16
-55,7,10
-19,-3,7
-16,-10,10
-32,-7,-2
-33,-9,-3
-32,6,13
-40,14,14
-59,9,2
-71,16,5
-72,34,12
-105,39,-27
-128,109,20
-90,41,14
-60,25,-5
-45,37,12
-58,37,25
-41,63,29
-33,64,21
-35,71,7
-30,73,-1
-38,65,5
-40,58,10
-33,42,6
-31,31,10
-32,12,12
-30,3,11
-49,7,13
-55,7,11
-72,17,5
-74,27,0
-76,39,3
-79,44,1
-72,49,-6
-52,58,-3
-59,55,-2
-41,53,5
-34,50,8
-32,50,12
-24,49,9
-30,46,7
-36,47,7
-48,47,9
-51,52,11
-78,50,-4
-69,43,2
-48,42,-5
-49,43,0
-39,38,-2
-51,48,-17
-56,49,-11
-60,54,-4
-46,42,-2
-41,48,-1
-50,54,5
-36,60,6
-26,55,6
-19,54,-4
-23,62,11
-24,66,15
-33,79,6
-45,80,2
-43,78,6
-35,61,14
-29,58,25
-23,36,30
-24,29,31
-32,27,37
-39,21,24
-32,14,14
-46,31,32
-32,33,33
-46,34,23
-51,38,22
-41,39,27
-35,44,21
-40,47,10
-58,47,-2
-62,54,2
-36,64,33
-40,81,15
-43,75,13
-24,68,12
-28,60,3
-50,51,23
-55,46,22
-12,24,38
-22,25,39
-36,63,77
5,85,90
-57,73,-4
-54,74,-4
-62,53,19
-69,51,37
-59,31,34
-39,29,27
-31,25,19
-35,25,22
-42,15,1
-42,14,6
-29,22,18
-37,23,18
-44,24,20
-60,22,0
-62,23,-25
-39,42,-14
-65,19,-6
-55,42,-3
-58,44,-15
-51,65,-7
-63,80,0
-65,63,7
-49,48,4
-47,45,16
-57,52,21
-38,55,25
-35,54,19
-31,57,15
-41,65,9
-49,81,11
-42,75,17
-100,59,24
-99,55,17
-84,31,11
-68,27,12
-49,9,17
-32,11,17
20,19,33
-117,4,-45
-41,-1,-2
-26,-21,0
-43,-33,-22
-9,-29,-14
-42,-20,-26
-78,-37,-28
-52,-25,-24
-67,-31,-17
-62,-38,-19
-48,-38,-19
-49,-48,-19
-36,-34,-3
-50,-44,-15
5,-40,-18
-27,-39,-7
-66,-49,-21
-40,-59,-18
-18,-43,-18
-17,-45,-19
-10,-39,-12
-12,-36,-11
-27,-49,-24
-38,-46,-23
-30,-45,-22
-53,-44,-33
-50,-45,-30
-56,-39,-25
-56,-40,-32
-36,-32,-7
-22,-30,-15
-41,-24,-27
-63,-20,-23
-64,-22,-32
-46,-18,-18
-81,-13,-23
-67,-20,-21
-76,-8,-15
-83,-10,-17
-64,-15,-21
-58,-17,-23
-63,-19,-28
-58,-18,-26
-54,-13,-22
-57,-9,-19
-58,-13,-21
-55,-7,-11
-80,-5,-16
-87,-3,-16
-53,9,2
-107,27,9
-122,27,7
-65,40,38
-104,14,-9
-70,17,-4
-76,4,-12
-66,-2,-19
-60,-6,-22
-48,-5,-17
-43,-5,-11
-45,-7,0
-47,-16,1
-52,-19,11
-58,-14,14
-70,-13,4
-57,-12,0
-45,-18,-13
-45,-22,-15
-43,-24,-22
-40,-23,-22
-36,-16,-20
-56,-10,-25
-62,-9,-19
-51,-2,-9
-61,4,-13
-48,4,-2
-48,14,-5
-95,35,-6
-93,35,16
-113,35,27
-88,29,35
-39,44,86
-91,34,38
-97,13,-2
-89,8,6
-75,13,11
-58,7,-4
-47,0,-2
-33,-1,5
-26,-2,9
-19,1,17
-21,-4,28
-30,-5,24
-60,-4,15
-84,-12,2
-88,-19,8
-59,-24,11
-41,-23,6
-23,-19,-4
-31,-14,-9
-49,0,-10
-62,3,-18
-56,3,-10
-44,8,2
-60,9,-11
-64,8,-18
-60,15,-4
-65,17,-7
-93,25,-15
-99,27,-9
-128,30,-4
-111,22,9
-96,26,8
-81,37,31
-89,29,4
-87,20,-25
-76,15,-12
-67,3,-13
-49,1,-10
-33,-5,-5
-29,-7,-3
-34,-8,-2
-29,-11,5
-32,-7,25
-52,-6,26
-82,-3,20
-78,-4,15
-56,-11,10
-52,-14,9
-52,-20,3
-49,-21,-4
-39,-23,-6
-41,-24,-6
-44,-20,-6
-51,-21,-4
-57,-19,-3
-53,-19,-5
-59,-15,1
-68,-10,7
-63,-5,8
-61,-1,13
-91,10,14
-94,18,20
-92,12,24
-87,12,36
-81,14,38
-86,6,7
-86,1,-5
-72,-9,-3
-62,-9,3
-53,-10,4
-43,-12,3
-30,-15,-1
-24,-17,1
-54,-19,21
-67,-18,29
-78,-18,-3
-70,-21,-9
-49,-17,5
-51,-18,-3
-45,-21,2
-33,-19,6
-26,-8,5
-29,-4,1
-20,5,3
-30,10,-1
-58,7,-14
-74,-7,-52
-73,-1,-50
-100,21,-24
-111,26,-16
-91,38,7
-78,34,8
-52,43,39
-62,51,42
-63,40,20
-60,41,36
-68,35,34
-68,34,14
-33,49,3
-23,46,15
-81,33,22
-52,26,2
-28,22,0
-42,19,9
-55,13,28
-47,15,43
-70,25,24
-81,35,17
-63,35,24
-50,40,16
-43,34,5
-40,46,23
-47,42,17
-41,40,26
-46,49,14
-47,45,13
-41,35,8
-32,41,22
-47,44,21
-34,42,35
-25,45,35
-32,45,22
-36,49,24
-16,54,34
-12,74,23
-31,65,34
-11,70,30
-61,70,19
-36,81,22
-22,73,9
-15,75,16
-18,60,20
-24,59,35
-30,66,33
-28,62,29
-14,49,26
-46,35,28
-43,30,35
-46,54,49
-41,51,42
-34,57,55
-14,66,66
-12,36,52
-11,28,46
-12,20,47
-18,16,40
-29,4,33
-17,4,31
-15,14,6
-34,26,11
-46,55,64
-102,51,35
-42,26,3
-50,27,-4
-68,45,0
-128,122,41
-101,60,1
-42,37,-13
-46,41,-12
-82,50,-25
-54,53,-6
-61,48,6
-61,51,-7
-54,49,11
-42,51,13
-39,44,24
-51,48,28
-47,45,38
-62,51,28
-58,48,3
-77,47,10
-77,24,12
-59,11,16
-33,9,23
-29,8,28
-18,1,16
-23,0,11
-48,16,25
-65,9,16
-63,17,15
-45,22,20
-55,24,12
-58,36,14
-51,38,21
-56,47,13
-63,62,14
-84,92,11
-66,56,-4
-47,60,15
-58,55,11
-52,44,8
-46,44,8
-51,46,25
-58,46,29
-31,15,15
-59,27,40
-24,38,49
-33,23,28
-21,45,42
-27,35,50
-58,52,65
-54,58,12
-55,68,9
-53,47,23
-55,39,23
-53,15,26
-40,10,27
-33,-4,-14
-29,0,-21
-57,23,-7
-63,22,-1
-55,13,2
-45,20,22
-48,25,18
-40,31,21
-56,39,23
-62,44,23
-50,53,25
-57,52,16
-56,30,-13
-64,21,-15
-128,53,13
-89,38,12
-57,29,-9
-67,34,6
-75,55,8
-60,38,1
-58,24,-4
-55,30,12
-54,28,9
-55,38,27
-52,56,39
-34,12,29
-26,32,31
-48,66,30
-46,52,16
-54,46,-6
-47,47,-1
-67,37,8
-66,33,15
-48,24,24
-45,12,20
-38,6,18
-52,4,8
-50,3,7
-50,4,8
-43,7,13
-37,13,16
-25,18,11
-62,28,-1
-69,32,1
-51,52,3
-68,56,0
-75,90,2
-113,109,32
-47,64,-2
-39,55,-9
-50,48,9
-52,50,15
-50,40,4
-48,40,4
-51,43,9
-52,52,13
-43,48,8
-42,44,5
-36,34,4
-37,39,13
-40,38,9
-43,42,5
-55,34,7
-49,21,4
-72,24,14
-54,46,17
-83,50,-4
-74,52,-1
-57,33,-3
-46,24,20
-45,27,27
-40,18,36
-20,15,23
-52,17,32
-55,18,31
-28,8,26
-51,14,19
-50,21,26
-50,25,26
-58,23,16
-61,25,15
-63,36,18
-71,36,18
-48,39,13
-52,44,5
-55,57,10
-57,66,13
-50,66,19
-53,56,13
-50,52,16
-41,45,14
-44,46,21
-46,44,21
-41,41,24
-32,42,32
-27,42,44
-47,47,41
-70,54,31
-46,59,32
-59,55,25
-87,40,26
-84,35,17
-37,20,22
-61,17,11
-77,18,14
-67,9,22
-59,-5,12
-56,3,15
-47,-18,-8
-30,-25,-18
5,-10,-13
-90,-47,-34
-76,-33,-35
-30,-23,-6
-39,-31,-10
-35,-32,-16
-56,-38,-14
-61,-44,-8
-46,-40,-15
-35,-31,0
-35,-29,-5
-33,-30,-3
-43,-34,-12
-41,-38,-42
-25,-43,-35
-37,-40,-35
-51,-41,-34
-47,-34,-31
-35,-32,-23
-33,-16,-17
-71,2,-6
-82,-4,-6
-69,-11,-11
-43,3,-2
-41,-1,-14
-86,25,-29
-93,23,5
-87,28,23
-70,34,36
-89,39,38
-53,42,68
-69,49,67
-88,27,14
-80,21,-3
-72,10,-7
-76,9,-6
-57,4,-5
-50,3,-2
-37,-2,-2
-36,-3,2
-26,-2,9
-30,1,10
-46,-1,15
-56,-3,18
-74,-6,10
-74,-10,0
-62,-16,-18
-46,-17,-15
-55,-12,-21
-51,-10,-21
-47,-8,-12
-58,-9,-10
-63,-4,-10
-54,-7,-11
-54,3,-13
-50,13,-13
-67,15,-21
-69,19,-31
-57,23,-36
-122,34,-43
-86,44,-13
-80,52,10
-87,47,-3
-70,58,-7
-46,98,58
-118,43,-38
-84,43,-25
-97,32,-24
-73,27,-22
-48,12,-23
-43,8,-20
-26,4,-12
-38,-6,-8
-42,-6,-4
-72,-9,-12
-52,-11,-2
-60,0,8
-65,8,22
-49,2,17
-42,-2,13
-41,-6,3
-39,-9,0
-47,-8,-5
-43,-7,0
-47,-12,-3
-47,-10,-1
-45,-3,-6
-46,-6,-9
-67,3,-19
-90,9,-20
-48,16,-5
-51,26,-9
-102,43,-12
-99,47,9
-89,61,35
-47,80,94
-112,25,-8
-88,37,7
-98,24,1
-69,18,4
-64,16,3
-56,15,3
-60,13,2
-54,4,2
-48,-3,-1
-31,-18,-6
-20,-20,1
-14,-24,22
-20,-19,29
-73,-17,0
-79,-13,-3
-39,-14,12
-43,-10,11
-53,-11,5
-61,-13,-2
-42,-16,2
-54,-13,0
-74,-8,1
-95,-5,-1
-90,-2,4
-67,8,13
-85,12,8
-73,20,16
-62,23,20
-64,29,19
-65,30,19
-49,30,25
-60,32,27
-67,31,24
-59,30,28
-56,28,27
-46,28,23
-60,53,31
-61,17,26
-61,15,4
-56,19,8
-47,19,23
-47,18,23
-43,16,15
-62,19,12
-55,28,34
-61,24,27
-44,28,14
-58,39,18
-64,42,27
-82,34,2
-59,27,4
-30,29,7
-31,35,8
-52,43,-1
-52,50,6
-60,64,23
-53,67,45
-78,79,24
-65,65,19
-27,49,12
-27,47,9
-36,53,17
-36,54,14
-20,56,26
-26,57,30
-32,60,36
-44,67,27
-35,73,21
-31,71,28
-39,62,32
-34,47,30
-30,40,29
-32,43,20
-28,36,24
-40,25,15
-35,28,27
-52,34,30
-74,50,39
-37,53,50
-66,46,12
-62,29,4
-55,19,-7
-13,-1,-10
29,6,7
-38,64,52
-128,106,16
-54,65,19
-58,63,2
-50,47,5
-57,45,8
-52,37,10
-51,35,8
-43,36,16
-57,42,19
-52,47,20
-38,46,14
-52,50,9
-36,54,13
-60,67,20
-44,71,23
-51,82,1
-50,62,29
-41,51,32
-38,36,31
-26,34,35
-38,21,24
-42,20,24
-42,17,19
-39,19,25
-42,16,28
-31,19,29
-41,30,28
-55,32,24
-61,24,16
-59,30,16
-54,33,13
-49,39,11
-49,51,14
-22,77,20
-65,111,24
-48,74,-16
-31,76,8
-70,63,-11
-62,55,-13
-58,63,-15
-49,54,-19
-40,43,-15
-44,39,-16
-38,35,-13
-32,39,-10
-28,43,-5
-38,42,7
-50,59,27
-73,70,20
-73,24,1
-64,11,1
-46,28,31
-50,11,-8
-36,17,13
-34,8,13
-35,9,4
-38,15,18
-50,14,17
-52,20,29
-50,26,31
-48,27,24
-48,28,24
-45,34,16
-46,36,13
-63,44,10
-66,47,7
-89,70,-9
-118,63,-12
-50,65,12
-47,51,-6
-52,53,-1
-57,58,14
-68,47,4
-59,46,5
-49,44,7
-52,40,8
-45,42,2
-27,42,9
-44,61,33
-38,50,27
-55,51,12
-47,50,3
-67,45,9
-54,44,26
-42,31,22
-19,22,23
-20,17,33
-47,8,15
-27,7,26
-31,10,32
-50,13,22
-60,8,22
-59,14,28
-81,17,7
-75,19,6
-92,33,1
-117,54,-3
-89,56,6
-71,49,6
-58,29,-9
-52,31,-7
-47,40,20
-44,35,25
-41,53,34
-28,58,38
-26,59,28
-47,57,17
-58,48,23
-59,31,30
-50,26,35
-25,25,28
-21,27,31
-30,33,38
-27,25,39
-38,19,36
-42,21,40
-40,23,51
-46,23,36
-44,35,37
-48,36,31
-40,30,20
-35,32,20
-25,36,7
-33,48,-5
3,90,21
-60,88,13
-34,76,28
-31,86,47
-37,77,36
-37,56,17
-56,55,7
-37,58,18
-39,45,24
-39,21,23
-32,17,51
-44,30,69
-49,21,29
-53,44,60
-73,33,49
-52,17,51
-46,11,45
-40,14,42
-42,13,33
-27,10,22
-23,13,23
-34,13,28
-56,12,21
-33,19,27
-39,34,26
-41,38,25
-45,39,20
-44,41,14
-68,62,1
-47,71,26
-62,75,32
-53,70,51
-75,59,28
-55,57,33
-44,48,14
-51,47,12
-33,32,23
-32,26,27
-47,32,32
-39,34,40
-46,36,43
-55,32,38
-75,49,38
-89,40,34
-75,31,23
-65,26,25
-41,28,27
-57,17,24
-73,22,30
-72,20,26
-73,17,13
-69,8,-1
-67,2,-11
-44,-3,-8
-47,-11,-16
-46,-21,-11
-21,-23,-7
-47,-32,-17
-50,-41,-29
-52,-32,-14
-43,-34,-4
-30,-18,10
-49,-11,1
-88,-9,-36
-25,-37,-20
-66,-9,-17
-76,-25,-22
-76,-21,-21
-55,-18,-11
-41,-18,5
-44,-18,4
-35,-17,2
-62,-10,-5
-66,-9,-4
-74,3,-5
-68,5,-8
-47,8,-9
-38,18,3
-79,30,-11
-86,35,-1
-91,71,20
-77,80,27
-70,64,27
-72,46,14
-71,53,-12
-78,38,-20
-65,30,-16
-55,27,-15
-46,24,-19
-58,19,-23
-62,13,-16
-52,11,-20
-35,9,-4
-28,12,-3
-46,19,0
-46,17,7
-30,8,7
-54,5,-23
-63,4,-32
-48,9,-18
-48,12,-19
-62,22,-10
-58,22,0
-46,21,-27
-66,32,-24
-79,40,-10
-108,43,-12
-63,70,60
-116,46,2
-78,43,-3
-81,51,-6
-66,39,-3
-63,35,-2
-68,26,-4
-61,22,0
-56,14,-3
-53,8,-3
-56,-4,4
-58,-10,-15
-39,-3,-15
-44,-7,-13
-42,-7,-11
-59,3,-2
-72,6,2
-52,3,7
-53,-2,3
-60,-8,-17
-57,-8,-18
-64,-8,-26
-53,-6,-16
-71,-3,-13
-81,-1,-5
-84,-1,-3
-101,9,5
-76,9,41
-57,5,42
-37,36,90
-67,29,70
-97,7,1
-81,3,-1
-75,2,7
-75,1,2
-49,-7,8
-66,-14,-2
-53,-18,-4
-46,-27,-5
-46,-26,-2
-21,-30,17
-26,-30,17
-51,-28,27
-43,-29,32
-14,-22,29
-23,-29,17
-14,-18,-4
-40,-13,-17
-41,-14,-7
-31,-18,-3
-20,-29,-14
-38,-30,-23
-64,-25,-17
-76,-16,-16
-85,4,-11
-84,18,-3
-66,47,31
-70,51,31
-56,56,24
-128,82,39
-126,60,30
-35,32,22
-53,32,0
-52,45,29
-53,31,25
-57,18,32
-57,15,16
-43,2,28
-43,3,30
-28,-4,31
-33,-1,25
-61,4,17
-65,0,29
-51,19,27
-42,17,21
-18,20,31
-23,28,36
-44,30,34
-51,39,40
-76,36,13
-65,32,15
-54,43,11
-47,38,19
-37,46,38
-59,27,10
-50,38,18
-51,52,14
-52,56,5
-19,74,14
5,89,49
-104,71,21
-54,61,30
-38,59,10
-37,55,7
-28,55,6
-19,51,4
-14,49,19
-24,61,20
3,68,42
-6,61,43
-25,58,66
-28,62,68
-56,66,24
-60,64,15
-41,66,28
-42,48,38
-30,48,36
-26,35,31
-19,35,30
-30,27,37
-29,26,35
-37,30,38
-41,33,33
-32,30,40
-33,32,42
-34,25,29
-40,29,28
-31,32,22
-39,33,17
-60,26,33
-69,24,27
-55,44,32
-58,32,27
-39,19,43
-25,18,40
-5,24,43
-17,31,33
-31,39,32
-47,48,35
-93,50,-8
-68,53,11
-63,65,18
-79,61,28
-89,47,0
-38,38,-8
-44,30,-11
-60,41,10
-64,40,17
-52,39,30
-44,41,36
-25,35,35
-28,42,39
-31,61,42
-34,58,32
-64,43,3
-62,45,10
-48,34,33
-45,25,28
-47,9,25
-51,7,22
-48,6,18
-44,12,17
-40,10,20
-38,21,21
-44,25,30
-44,15,14
-41,13,7
-60,27,4
-79,19,-3
-79,37,0
-114,50,-3
-116,57,17
-92,52,5
-66,24,0
-52,35,8
-55,32,17
-54,32,16
-52,39,16
-53,43,18
-51,48,19
-52,52,21
-30,55,31
-24,51,26
-48,66,15
-43,76,17
-72,41,16
-65,27,16
-52,21,12
-46,11,23
-36,5,29
-54,0,3
-68,8,-4
-56,2,7
-29,8,22
-36,12,24
-44,2,18
-50,-1,23
-38,5,18
-54,23,13
-75,30,6
-73,43,8
-106,70,25
-86,58,23
-67,36,10
-55,31,16
-67,31,14
-52,27,16
-51,22,16
-47,33,23
-41,28,21
-42,43,14
-37,47,13
-39,45,14
-47,54,18
-61,58,14
-70,42,4
-61,31,7
-70,32,11
-67,32,14
-62,14,23
-59,9,26
-48,-2,30
-53,0,35
-58,3,33
-38,-4,25
-38,-12,43
-41,-15,43
-36,-12,38
-34,-15,28
-38,-6,30
-39,-5,27
-48,9,48
-44,9,32
-43,11,35
-58,20,33
-53,18,38
-51,20,31
-60,23,27
-47,40,29
-56,44,24
-53,43,21
-52,42,18
-39,55,26
-48,74,21
-29,87,57
-47,73,28
-37,57,22
-29,55,20
-37,49,8
-41,50,13
-47,47,21
-33,45,24
-24,42,25
-34,43,20
-4,61,41
-18,69,41
-36,78,50
-68,53,40
-63,44,38
-69,47,12
-58,42,7
-26,36,29
-33,32,28
-39,23,27
-38,24,26
-52,28,24
-49,27,23
-47,18,19
-46,22,24
-36,24,36
-38,29,37
-37,30,50
-40,27,47
-32,20,42
-28,20,42
-24,24,47
-23,25,45
-35,27,26
-41,36,21
-29,38,40
-32,40,38
-38,40,32
-43,37,25
-40,38,25
-47,43,25
-43,46,24
-98,48,-21
-95,54,-16
-21,83,58
-74,74,15
-54,60,18
-35,65,3
-46,50,-12
-45,53,9
-43,41,20
-44,28,18
-44,30,33
-39,28,39
1,20,40
-18,44,54
-121,56,-8
-22,59,35
-18,47,31
-50,37,21
-40,27,23
-38,22,34
-49,24,25
-50,21,21
-40,20,20
-50,18,16
-51,21,23
-56,25,29
-55,23,26
-51,18,17
-48,18,15
-41,30,14
-42,39,15
-53,47,5
-57,50,0
-84,101,31
-120,111,32
-36,43,3
-42,44,4
-67,36,17
-61,35,17
-53,35,10
-61,40,14
-47,39,19
-42,29,17
-38,35,24
-33,51,32
-33,56,28
-37,65,18
-45,68,13
-53,51,15
-58,45,9
-68,37,4
-66,29,7
-78,16,0
-73,2,-6
-39,-4,-17
-38,1,-19
-53,7,-21
-52,4,-23
-47,2,-20
-53,7,-12
-47,11,0
-50,16,-1
-74,11,-8
-65,9,-16
-40,11,-32
-59,17,-30
-58,21,-22
-44,19,-18
-38,19,-21
-30,29,-14
-36,38,14
-85,57,11
-98,43,9
-67,36,21
-45,37,23
-69,68,13
-96,72,-1
-58,33,7
-47,48,8
-58,41,-2
-69,42,4
-54,40,10
-42,39,12
-40,38,9
-40,42,12
-41,46,18
-36,50,20
-48,63,21
-22,71,8
-33,85,7
-32,75,8
-22,65,16
-42,39,20
-41,30,23
-42,21,24
-44,22,17
-34,19,12
-28,23,11
-54,34,1
-48,34,8
-39,39,3
-69,44,22
-63,38,26
-39,32,30
-49,47,22
-46,55,27
-63,70,13
-56,79,13
-37,89,20
-39,89,12
-39,64,-4
-34,59,1
-44,48,10
-51,42,15
-39,41,22
-37,41,17
-30,45,18
-60,71,34
-38,43,33
-15,57,31
-34,66,23
-39,71,17
-53,74,7
-64,67,22
-90,55,8
-77,43,16
-69,38,13
-55,27,9
-54,23,9
-47,18,10
-57,14,6
-56,12,8
-65,9,1
-55,-4,9
-62,-14,-10
-73,-24,-8
-41,-27,7
-35,-10,-2
-12,12,-1
-73,-49,9
-37,-24,-6
-82,-41,-26
-70,-41,16
-59,-42,8
-54,-28,8
-46,-26,14
-39,-25,8
-39,-27,-1
-29,-25,-5
-27,-21,0
-33,-23,-18
-43,-25,-32
-44,-30,-33
2,-8,-27
-57,-7,-59
-83,-12,-43
-64,-8,1
-74,-7,-18
-29,0,-8
-106,25,-19
-104,33,0
-99,42,2
-92,45,15
-81,55,28
-29,74,72
-128,28,-30
-90,42,-12
-95,6,-13
-73,17,4
-49,0,-7
-44,-4,-11
-34,-7,-5
-36,-4,1
-19,-5,-5
-11,-10,6
-73,-7,12
-99,-11,5
-51,-11,4
-54,-13,-7
-48,-22,-9
-42,-24,-9
-45,-28,-17
-42,-24,-15
-54,-22,-19
-60,-19,-10
-51,-16,-5
-48,-6,-7
-64,0,-10
-57,9,-4
-70,19,2
-101,32,8
-103,32,14
-92,34,34
-89,32,42
-86,26,39
-66,35,61
-113,12,2
-99,2,-18
-72,0,-8
-73,-4,-1
-51,-11,-5
-41,-13,-8
-30,-13,-3
-30,-13,1
-28,-22,-10
-25,-12,-7
-53,-7,-3
-112,-11,-10
-108,-3,-2
-58,-5,11
-64,-2,3
-51,-16,-2
-49,-21,-10
-37,-17,-1
-36,-21,0
-43,-24,-17
-50,-20,-11
-18,-23,-15
-29,-14,-29
-40,14,12
-44,10,13
-112,14,-3
-96,13,-4
-111,28,12
-47,16,18
-103,45,15
-77,38,35
-78,46,34
-126,38,-14
-69,28,-10
-78,20,-2
-67,16,-3
-47,4,-3
-42,-1,-3
-39,-7,3
-41,-9,4
-42,-23,-17
-38,-26,-18
-32,-6,26
-57,3,31
-89,0,13
-73,-4,15
-43,0,17
-48,-2,9
-57,-10,-11
-49,-16,-15
-52,-6,-1
-60,2,10
-63,-2,3
-55,9,11
-74,13,18
-64,1,-2
-86,9,9
-96,15,15
-84,18,13
-80,33,30
-70,38,42
-84,29,1
-97,23,-15
-80,14,1
-83,12,-2
-70,7,-4
-68,3,-5
-63,-5,-1
-61,-11,-2
-47,-14,-3
-42,-14,-3
-39,-12,6
-46,-12,3
-52,-8,12
-53,-6,18
-81,-14,15
-98,-16,12
-56,-15,4
-33,-18,0
-33,-29,-15
-33,-34,-20
-27,-33,-15
-35,-26,-9
-50,-23,-10
-64,-19,-10
-53,-18,-7
-52,-14,-10
-57,-8,-7
-79,-3,-9
-71,-1,-7
-75,7,-20
-96,14,-19
-97,14,-1
-96,14,5
-85,20,26
-64,30,48
-62,24,36
-105,16,-11
-65,11,-4
-77,3,-3
-69,6,7
-64,2,6
-61,-1,6
-58,-6,4
-53,-8,2
-49,-14,6
-50,-18,8
-49,-20,16
-45,-23,17
-62,-25,9
-53,-24,13
-46,-25,13
-40,-22,20
-54,-15,27
-60,-11,27
-60,-12,16
-67,-14,3
-50,-18,5
-51,-16,2
-60,-18,-4
-61,-21,-4
-68,-21,1
-74,-21,2
-73,-20,-1
-73,-19,-4
-55,-17,1
-64,-13,-8
-70,-13,-9
-56,-18,-1
-52,-24,-3
-75,-30,-11
-89,-20,-16
-75,-19,-10
-72,-16,-5
-53,-7,-4
-49,-6,-3
-48,-12,-4
-51,-13,-6
-47,-21,-13
-47,-24,-16
-47,-26,-14
-46,-29,-15
-46,-27,-15
-47,-25,-13
-79,-29,-25
-83,-24,-14
-52,-17,-2
-55,-18,-18
-66,-7,-6
-45,12,35
-70,13,60
-72,27,104
-94,11,17
-83,-1,1
-83,-9,-5
-71,-16,-10
-54,-14,-2
-54,-13,3
-50,-15,4
-37,-18,6
-37,-18,8
-50,-24,23
-53,-22,24
-56,-16,19
-61,-11,16
-57,0,11
-53,-6,6
-33,-10,-2
-29,-9,-5
-28,-11,-12
-28,-10,-10
-30,-10,-10
-35,-10,-9
-64,-5,-9
-90,-10,-33
-97,-4,-22
-83,13,18
-80,19,29
-58,28,52
-68,29,42
-60,39,43
-48,41,33
-94,51,0
-119,77,24
-51,36,17
-57,24,4
-45,29,21
-47,23,24
-4,21,27
-8,14,28
-18,13,17
-47,7,-5
-57,19,6
-45,26,12
-121,24,-7
-55,35,21
-49,34,22
-19,49,31
-33,41,16
-68,46,-9
-61,50,-4
-47,46,0
-70,41,-23
-33,41,0
-77,58,-2
-58,65,-8
-62,55,-22
-48,48,-27
-50,50,-35
-61,50,-30
-68,56,-18
-41,48,-11
-28,43,-1
-27,48,21
-28,49,25
-39,64,30
-37,79,31
-41,73,27
-37,62,14
-50,56,-1
-36,52,22
-48,45,22
-49,31,18
-44,26,16
-39,26,24
-32,24,25
-22,25,27
-30,24,24
-48,32,28
-52,36,24
-49,45,19
-57,46,16
-60,48,16
-57,44,14
-63,43,15
-2,27,46
-77,41,-34
-114,46,-41
-66,68,9
-75,69,-15
-45,65,-10
-45,61,2
-35,58,-9
-37,61,-6
-37,63,9
-43,64,22
-31,55,24
-26,48,26
-32,51,30
-12,54,44
-13,53,45
-26,52,39
-33,57,24
-57,61,6
-52,63,10
-54,57,19
-46,50,24
-33,36,27
-35,30,25
-49,21,23
-31,24,26
-17,35,26
-42,35,19
-37,34,37
-41,34,31
-35,40,29
-35,35,23
-36,34,30
-37,36,42
-38,42,38
-46,36,17
-57,33,11
-66,40,1
-65,36,0
-97,66,9
-84,72,25
-60,40,14
-53,38,12
-60,43,22
-65,46,24
-57,38,19
-51,41,18
-49,43,23
-46,40,25
-35,42,18
-36,47,25
-40,45,28
-38,47,27
-51,46,-4
-51,44,-11
-57,56,0
-59,46,2
-57,45,4
-53,31,16
-44,21,17
-6,11,24
-13,6,23
-39,1,5
-19,13,7
-33,40,13
-78,49,-9
-56,52,24
-98,60,11
-95,43,-4
-68,45,5
-32,42,5
-51,40,-4
-37,43,-2
-31,55,-11
-27,61,-2
-40,73,12
-52,83,-3
-40,71,-9
-43,57,-9
-44,55,9
-46,52,12
-44,47,14
-41,49,15
-38,49,21
-28,51,26
-33,50,9
-35,56,4
-13,64,7
-18,63,1
-17,68,-8
-21,71,-6
-18,68,-8
-22,66,-8
-41,73,16
-35,69,12
-45,63,13
-54,61,14
-48,50,20
-51,47,14
-22,44,3
-26,48,5
-26,49,10
-28,51,19
-29,50,19
-28,47,16
-25,44,13
-33,52,20
-41,50,12
-43,48,19
-49,47,24
-40,47,16
-32,45,11
-29,47,12
-8,46,31
13,51,25
-70,57,-20
-17,56,-6
-34,74,8
-32,70,-8
-16,71,-21
-28,56,14
-25,57,11
-11,65,9
-30,64,3
-39,76,-4
-34,69,10
-32,66,7
-44,64,13
-43,61,12
-37,55,14
-35,53,13
-31,50,14
-29,50,17
-28,48,16
-29,45,15
-33,53,11
-31,61,14
-34,53,19
-32,54,15
-34,56,16
-32,54,16
-52,65,18
-78,59,18
-69,46,-14
-61,47,-15
-59,56,-2
-62,57,4
-41,56,23
-38,49,18
-47,24,15
-51,10,-23
-56,6,-21
-41,3,-5
-43,4,-5
-43,-2,-8
-38,-1,-7
-46,8,-9
-55,15,-2
-28,22,29
-47,27,20
-60,32,13
-52,35,17
-72,40,10
-75,45,6
-56,43,-6
-64,42,-19
-74,55,-7
-86,56,-12
-72,79,12
-85,42,5
-39,48,14
-39,31,0
-51,35,14
-32,41,10
-38,40,4
-31,58,16
-24,65,24
-35,69,13
-48,77,16
-42,79,11
-32,71,14
-37,58,17
-42,53,21
-42,37,12
-52,28,6
-55,18,21
-49,9,13
-39,15,6
-30,14,16
-36,16,15
-59,13,-3
-48,22,12
-62,26,8
-71,33,6
-63,40,11
-71,50,2
-74,73,9
-68,85,28
-89,50,-6
-76,49,-11
-38,53,0
-44,39,-13
-45,42,-5
-49,41,8
-50,34,15
-50,36,19
-44,43,19
-41,47,13
-35,67,28
-43,79,35
-45,69,23
-44,67,16
-50,58,2
-45,55,9
-47,37,18
-44,28,13
-37,22,12
-36,13,12
-34,16,13
-35,17,12
-50,18,9
-56,25,12
-65,26,10
-53,21,20
-52,26,22
-78,36,0
-54,37,2
-79,74,8
-84,84,-4
-58,60,22
-59,62,19
-36,40,15
-45,38,20
-52,41,25
-46,36,28
-36,46,18
-32,45,18
-36,35,27
-33,48,33
-37,53,27
-37,58,26
-51,54,17
-56,57,-4
-60,54,-1
-58,37,15
-61,27,9
-71,11,25
-49,-5,17
-66,11,12
-63,17,22
-59,3,22
-63,2,19
-61,5,25
-61,9,24
-61,14,11
-55,23,20
-57,47,46
-51,55,40
-39,47,-1
-72,53,-23
-60,53,-8
-65,45,-7
-58,31,10
-58,23,7
-64,1,3
-50,-6,13
-57,-25,7
-47,-16,16
-69,-13,23
-64,-9,5
-61,-21,-24
-51,-12,-4
-60,-16,-21
-53,-10,-3
-66,4,-9
-45,-16,16
-68,2,7
-77,-12,-8
-76,-17,-4
-68,-14,-2
-64,-17,-8
-57,-15,-13
-59,-14,-14
-72,-15,-15
-69,-14,-14
-56,-12,-17
-51,-8,-14
-46,-3,-5
-40,9,12
-103,15,-1
-86,16,-3
-98,-3,-9
-78,-8,0
-83,-15,-9
-74,-20,-4
-65,-25,-4
-35,-27,-11
-19,-21,-4
-32,-21,2
-46,-21,6
-28,-16,18
-25,-7,11
-74,-14,-8
-89,-18,-12
-65,-12,-20
-48,-15,-16
-40,-14,-6
-48,-16,-10
-50,-26,-19
-53,-30,-24
-38,-22,-3
-42,-18,-5
-47,-19,-16
-31,4,-20
-73,21,-35
-73,11,-27
-73,10,-21
-81,13,-23
-91,14,-16
-116,21,-18
-103,18,-12
-91,26,-2
-80,44,25
-81,18,-22
-76,24,-35
-74,2,-22
-71,0,-11
-51,-5,-11
-33,-5,-2
-36,-8,4
-47,-8,-1
-52,-5,-8
-51,-7,-14
-50,-12,-15
-63,-11,-19
-66,-12,-24
-58,-12,-21
-34,-11,-13
-31,-13,-18
-29,-13,-17
-34,-7,-14
-44,-1,-17
-76,7,-31
-87,15,-34
-54,16,-35
-58,26,-25
-128,41,-11
-101,24,-4
-78,38,24
-89,39,38
-101,30,-23
-111,24,-34
-73,0,-19
-69,2,-17
-66,-4,-18
-66,-7,-20
-38,-13,-16
-33,-12,-6
-47,-13,8
-44,-11,8
-35,-6,15
-56,-2,13
-51,-8,20
-53,-16,22
-58,-19,16
-49,-19,17
-29,-24,13
-25,-28,-9
-32,-30,-22
-40,-26,-20
-40,-25,-24
-59,-20,-23
-77,-18,-24
-82,-17,-22
-79,-9,-16
-84,4,12
-90,9,27
-86,10,38
-65,13,52
-49,24,87
-120,11,13
-86,-10,7
-88,-14,6
-65,-11,15
-66,-13,18
-56,-16,23
-63,-18,2
-47,-21,2
-16,-25,7
-9,-28,7
-32,-17,33
-57,-13,43
-29,-18,41
-24,-12,35
-37,-14,27
-65,-17,7
10,-27,23
6,-11,15
-8,-7,-9
-34,-5,-27
-70,-8,-35
-51,-14,-21
-80,-11,-47
-84,-7,-41
-85,7,-18
-97,16,-19
-72,33,18
-71,36,18
-55,41,24
-72,57,14
-60,61,21
-75,69,24
-65,62,24
-116,36,-7
-69,39,-15
-38,23,10
-52,19,15
-72,12,7
-43,10,10
-23,6,7
-31,8,3
-33,11,7
-20,12,6
-70,32,-3
-42,31,24
-35,34,20
-69,34,-7
-54,38,-3
-61,39,-4
-87,51,6
-96,48,3
-74,63,21
-82,63,9
-89,46,6
-73,45,3
-58,35,2
-48,13,2
-34,9,4
-27,12,12
-26,21,12
-31,49,-3
-28,72,-1
-17,76,-8
-8,68,-8
-53,55,-13
-41,62,21
-47,66,27
-62,64,33
-72,69,54
-77,63,40
-36,47,32
-38,42,32
-48,39,27
-35,28,13
-31,30,12
-25,21,6
-25,20,7
-27,20,15
-40,18,13
-38,19,-1
-33,26,8
-59,39,17
-53,44,22
23,59,54
-45,82,5
-115,120,-16
-104,87,18
-50,52,23
-52,47,-4
-64,44,13
-78,57,11
-50,29,-3
-52,29,1
-49,24,4
-43,21,2
-35,21,6
-25,24,14
-25,51,22
-16,56,27
-16,63,28
-66,63,10
-79,62,14
-66,52,32
-80,48,34
-59,35,46
-66,31,38
-52,33,35
-48,33,29
-40,30,14
-40,26,8
-26,23,12
-20,22,13
-31,24,5
-40,27,4
-16,32,14
-24,28,9
-44,38,7
-45,45,23
-39,65,27
-55,87,27
-50,74,35
-70,92,33
-66,72,35
-69,44,31
-58,39,31
-51,25,16
-50,26,17
-46,26,19
-41,28,17
-27,21,15
-28,21,16
-26,29,15
-38,38,22
-40,44,32
-56,40,22
-86,22,26
-72,25,45
-89,26,36
-72,35,29
-59,34,32
-61,27,34
-66,19,29
-40,26,19
-29,23,16
-45,6,8
-32,4,14
-32,12,5
-35,21,1
-31,28,2
-48,27,-15
-32,40,1
-62,58,14
-90,61,19
-102,37,1
-62,41,15
-53,46,18
-82,51,6
-73,52,4
-55,48,12
-48,35,8
-45,23,-1
-42,23,1
-31,26,7
-40,36,1
-31,41,6
-32,37,2
-51,51,-7
-33,49,-5
-63,54,7
-73,49,19
-74,44,14
-74,34,13
-75,30,12
-58,31,15
-52,31,21
-39,39,19
-42,42,19
-47,30,-5
-51,34,-17
-41,39,21
-42,31,-5
-38,40,2
-42,43,16
-41,26,17
-33,25,19
-44,9,17
-46,8,23
-48,-1,14
-54,8,9
-52,12,10
-76,20,8
-77,29,0
-122,39,8
-111,53,15
-78,4,-1
-76,21,-2
-52,31,7
-58,33,2
-51,35,11
-54,45,20
-40,56,19
-33,58,15
-52,64,3
-64,75,-1
-53,79,-7
-57,59,-8
-39,40,16
-38,19,13
-28,4,12
-29,1,12
-42,-4,16
-33,3,17
-33,4,20
-38,6,21
-27,8,18
-41,26,-2
-84,51,9
-128,108,-27
-113,98,25
-77,17,-6
-60,26,2
-64,20,19
-74,26,16
-41,31,13
-46,39,17
-50,61,21
-42,69,26
-44,45,9
-55,53,10
-77,42,-23
-75,42,-16
-67,32,0
-66,26,6
-58,21,20
-47,9,13
-37,7,12
-27,15,18
-18,12,14
-25,24,16
-33,26,27
-51,25,36
-57,24,31
-41,32,31
-45,34,26
-50,46,23
-59,48,9
-51,45,8
-44,44,26
-80,55,20
-101,58,19
-65,41,-6
-62,41,-10
-75,45,-16
-66,49,-16
-54,45,-8
-52,44,-5
-45,40,15
-38,46,21
-48,41,16
-49,48,20
-44,53,15
-48,47,7
-61,49,8
-57,46,12
-54,38,6
-52,25,2
-45,20,10
-47,4,11
-45,-1,14
-51,-10,5
-52,-7,6
-62,1,8
-68,4,6
-86,17,4
-87,23,0
-62,38,0
-81,53,-1
-61,41,9
-53,41,11
-65,50,23
-68,54,13
-61,58,11
-73,60,20
-110,36,20
-113,23,7
-91,12,19
64,-14,25
-10,1,-30
-57,8,3
-48,42,15
-71,-1,-13
-53,0,-5
-47,-21,0
-58,-22,9
-57,-32,19
-46,-38,17
-42,-33,10
-27,-21,2
-35,-19,-7
-27,-22,-12
-70,-32,-9
-68,-34,0
-94,-22,14
-120,-44,-8
-42,-35,15
-40,-28,4
-31,-36,-8
-54,-36,-15
-46,-31,-15
-32,-21,-19
-37,-20,-25
-40,-14,-29
-48,-14,-28
-57,-16,-15
-89,-5,-11
-89,-9,-10
-119,-6,-17
-79,-12,-9
-90,-11,-1
-53,-12,16
-58,-13,13
-58,-12,16
-49,-9,26
-48,-5,21
-51,-7,-1
-25,0,23
-43,3,17
-59,-5,-2
-70,-16,-9
-75,-18,-6
-67,-23,0
-63,-20,13
-58,-17,6
-45,-19,5
-31,-16,3
-35,-17,4
-55,-14,-4
-58,-14,-10
-55,-16,-7
-61,-13,-14
-72,-16,-14
-72,-13,-6
-93,-4,7
-113,-1,-4
-63,-10,-4
-14,-12,-7
-91,-5,22
-82,-3,53
-6,5,73
-104,3,8
-73,-12,12
-74,-28,10
-73,-22,7
-68,-26,6
-64,-19,2
-65,-13,1
-53,-12,-1
-50,-6,-3
-34,-3,0
-40,0,-1
-44,3,3
-39,0,9
-58,-5,3
-76,-7,-5
-65,-14,1
-46,-20,-3
-47,-20,-14
-61,-24,-22
-65,-24,-20
-62,-19,-11
-63,-15,-6
-70,0,-2
-75,7,12
-114,14,13
-110,15,-1
-76,21,17
-99,18,20
-79,4,7
-85,-3,0
-69,-10,5
-34,-7,24
-60,-12,-13
-38,-17,-7
-31,-20,3
-39,-13,9
-37,-13,8
-60,-13,-14
-33,-13,13
-87,-14,19
-82,-13,10
-57,-12,19
-61,-8,22
-57,-9,23
-48,-7,21
-40,-6,11
-45,-7,10
-58,-4,5
-59,-2,5
-58,-5,-4
-65,-1,-1
-70,3,-5
-62,0,-3
-74,6,-2
-78,6,4
-94,13,10
-92,17,22
-74,31,53
-128,32,-16
-117,31,-15
-92,10,1
-83,12,5
-67,5,5
-55,4,9
-47,4,8
-47,3,2
-23,1,2
-22,0,1
-43,3,4
-60,3,5
-70,1,11
-61,-2,10
-56,-6,0
-55,-8,-3
-62,-8,-2
-65,-10,-2
-53,-10,-3
-67,-10,-7
-69,-7,-2
-76,-6,2
-93,2,19
-111,12,32
-116,10,7
-69,22,42
-67,32,57
-64,26,32
-98,22,-13
-69,9,1
-61,6,4
-35,4,11
-31,3,16
-18,2,30
-22,2,35
-46,3,28
-38,3,28
-62,1,14
-75,4,14
-66,-6,27
-60,-10,19
-46,-14,10
-42,-18,9
-51,-20,10
-48,-20,15
-49,-18,16
-63,-13,20
-73,-9,18
-69,-16,18
-94,-10,22
-91,7,42
-82,8,43
-42,20,74
-41,32,76
-97,5,-10
-66,-1,6
-68,-3,18
-60,-1,17
-49,-4,19
-53,-3,13
-37,-2,20
-42,-1,18
-40,8,23
-35,9,22
-52,-3,7
-83,-12,-4
-74,-17,-2
-52,-26,7
-54,-22,3
-57,-27,-5
-59,-22,-1
-65,-8,11
-66,-5,7
-71,3,12
-73,7,15
-74,7,11
-84,18,12
-93,17,16
-90,8,16
-71,2,26
-71,-3,19
-61,5,28
-70,1,22
-98,-17,-9
-69,-22,3
-52,-13,22
-59,-19,6
-37,-24,4
-34,-21,18
-32,-22,23
-36,-18,24
-41,-16,38
-67,-17,44
-61,-16,32
-30,-23,17
-34,-28,13
-46,-34,6
-42,-37,3
-41,-37,-10
-36,-35,-8
-43,-30,-18
-53,-28,-21
-54,-20,-8
-64,-14,-8
-55,-5,5
-57,3,9
-125,31,42
-117,25,52
-87,20,14
-77,27,13
-80,31,16
-78,25,17
-66,15,6
-74,3,-4
-71,-5,-10
-54,-15,4
-48,-15,8
-55,-18,9
-49,-20,10
-50,-25,9
-51,-30,17
-63,-31,15
-61,-32,29
-39,-29,4
-25,-25,12
-13,-14,31
-23,-8,31
-45,1,2
-30,2,3
-41,3,-4
-42,3,-3
-21,5,-1
-53,4,-17
-69,4,-21
-68,19,-6
-128,14,-13
-89,20,5
-94,24,10
-91,24,14
-82,23,12
-64,25,15
-44,29,14
-35,32,37
-76,62,-50
-18,19,20
-23,41,20
-60,33,-5
-51,18,-4
-23,18,-16
-2,29,4
-111,51,-14
-86,57,4
-71,36,-14
-50,42,-9
-72,58,-13
-83,55,-7
-55,69,-10
-54,64,-18
-52,53,-5
-36,49,-2
-27,44,0
-29,53,5
-31,64,12
-30,76,10
-17,79,3
-8,77,5
-30,81,-2
-43,84,1
-30,80,15
-39,50,25
-39,44,26
-27,26,18
-28,18,7
-27,8,8
-30,5,9
-54,40,22
-36,30,18
-71,36,16
-60,31,27
-9,22,43
-3,52,47
-80,54,-14
-66,62,-1
-78,54,-4
-55,56,0
-53,64,2
-65,57,12
-72,68,25
-87,54,-1
-48,42,-3
-23,29,-5
-29,33,-2
-42,57,26
-31,59,31
-25,61,8
-29,64,6
-41,65,11
-56,71,19
-56,64,10
-55,57,0
-46,46,15
-37,37,27
-37,16,21
-36,12,17
-38,8,23
-33,10,18
-30,15,25
-41,20,12
-64,19,-7
-49,28,25
-57,27,21
-54,40,12
-69,46,-1
-96,69,10
-79,84,11
-96,77,-16
-80,37,-5
-58,44,18
-63,33,-2
-30,43,11
-41,51,11
-35,41,20
-35,44,20
-29,55,15
-34,62,12
-32,63,13
-42,74,16
-60,59,4
-59,50,3
-75,27,15
-59,16,34
-39,5,32
-19,5,41
-29,3,40
-37,4,26
-54,9,20
-49,16,36
-53,17,31
-48,25,39
-59,36,45
-87,40,27
-75,30,21
-25,25,7
-15,28,-1
-34,33,3
-57,11,3
-54,35,14
-59,49,1
-67,59,-3
-67,68,0
-39,75,31
-35,80,35
-56,68,16
-50,68,7
-35,66,12
-30,47,8
-36,43,7
-43,46,20
-30,43,30
-44,47,55
-64,48,42
-43,69,23
-43,56,32
-64,71,21
-51,63,30
-39,43,33
-31,33,30
-30,15,26
-31,8,21
-30,3,29
-35,5,27
-24,7,27
-35,13,23
-47,20,18
-53,31,31
-77,42,29
-66,34,24
-38,36,19
-60,47,13
-89,59,13
-70,61,2
-68,49,-11
-53,48,7
-65,47,4
-65,46,-15
-54,55,1
-60,45,-3
-75,37,-21
-49,49,8
-46,47,7
-40,47,13
-32,49,21
-16,54,17
-56,57,-6
-28,50,21
-75,50,4
-71,51,7
-64,41,14
-54,40,21
-51,31,9
-42,26,11
-31,25,22
-32,19,19
-47,9,6
-50,5,17
-47,-4,26
-46,-6,27
-57,-8,12
-60,-11,3
-42,-7,13
-48,6,11
-62,19,10
-66,23,7
-82,45,2
-72,53,2
-95,117,-13
-84,52,7
-49,38,9
-43,26,4
-61,28,9
-61,29,15
-47,30,15
-47,31,17
-43,40,15
-41,42,14
-40,43,14
-39,56,15
-38,60,17
-46,64,2
-57,65,-10
-50,68,-6
-74,56,-11
-71,32,7
-68,18,11
-57,7,27
-29,2,42
-7,9,46
-22,33,-2
-85,23,-1
-80,27,17
-65,18,14
-65,10,20
-58,6,25
-49,10,19
-50,14,16
-58,18,16
-71,21,14
-63,20,9
-31,34,0
-63,70,-3
-58,60,-3
-75,53,-4
-73,48,-2
-77,39,6
-74,31,16
-27,5,8
12,-2,25
-43,-1,19
-116,0,-7
-70,-7,-4
-80,-4,-7
-62,7,-9
-87,-2,-15
-52,-10,-37
-82,-7,-25
-65,-11,-20
-60,-9,-14
-78,8,-3
-86,19,10
-71,15,4
-22,36,82
-59,31,41
-89,19,-11
-93,15,-1
-93,-5,10
-69,-8,3
-38,-3,0
-42,-5,1
-53,-7,6
-51,-9,2
-46,-16,-6
-38,-20,6
-59,-24,-39
-48,-7,4
-65,3,12
-70,0,-9
-43,-11,-5
-44,-15,-9
-49,-16,-1
-42,-17,-3
-49,-12,-11
-52,-10,-8
-66,-2,-2
-63,2,2
-66,13,8
-85,24,6
-84,24,9
-109,32,18
-111,34,22
-91,28,29
-74,43,52
-72,26,28
-90,19,-15
-69,23,0
-70,15,6
-56,10,5
-51,4,3
-45,-5,0
-35,-7,7
-40,-8,9
-36,-5,6
-30,0,-5
-42,11,-1
-73,-4,-3
-94,-24,-25
-53,-16,-12
-84,-20,-24
-51,-11,-6
-46,-1,-8
-37,0,2
-90,12,-7
-106,5,13
24,12,-15
-109,36,-21
-128,10,-13
-113,14,-15
-74,9,-35
-76,2,-34
-36,-10,-23
-57,-16,-17
-58,-5,-27
-38,-3,-25
-41,-4,-27
-37,-5,-25
-59,0,-24
-63,-2,-22
-69,-11,-21
-60,-12,-13
-39,-18,-21
-28,-23,-25
-31,-21,-22
-45,-19,-15
-49,-20,-33
-62,-21,-26
-80,-13,-1
-82,4,-3
-90,10,-13
-86,2,-22
-85,-3,-20
-75,-7,-8
-86,-4,-6
-44,42,127
-128,-11,-52
-85,16,-17
-76,-12,-18
-64,-3,-14
-56,-3,-15
-70,-10,-11
-67,-12,-13
-53,-17,-2
-63,-14,-3
-43,-20,3
-32,-22,9
-39,-28,14
-33,-30,34
-71,-35,12
-71,-26,-45
-70,-43,-50
-65,-23,8
-23,-25,28
-22,-15,0
-31,-5,-9
3,3,12
-1,9,14
-36,17,10
-43,9,-4
-78,-13,-12
-88,-15,-8
-124,-23,-6
-109,-20,7
-98,-9,14
-97,-3,8
-70,14,26
-66,20,32
-52,38,63
-54,55,74
-74,59,10
-30,5,29
-54,7,8
-30,16,31
-25,18,29
-45,19,25
-56,18,12
-63,43,17
-68,48,29
-68,44,16
-47,51,16
-47,39,23
-34,33,18
-51,40,12
-57,42,15
-58,37,18
-62,35,13
-51,38,22
-51,41,30
-34,43,21
-28,47,12
-35,83,35
12,110,44
-60,44,-5
-45,52,15
-71,49,-9
-46,49,8
-41,63,27
-61,40,-2
-44,41,4
-35,35,14
-30,44,23
-20,69,36
-27,60,26
-59,74,16
-62,69,1
-52,54,15
-52,47,19
-38,30,21
-36,19,20
-37,15,26
-33,12,27
-31,17,26
-40,16,15
-54,6,16
-49,12,28
-59,8,-3
-66,7,-16
-50,40,26
-70,102,-23
-81,127,-2
-53,44,10
-26,60,20
-60,46,24
-68,42,23
-51,53,18
-51,37,17
-46,20,23
-45,32,28
-31,42,27
-34,43,22
-29,55,20
-25,61,16
-16,64,-6
-18,68,-8
-67,65,-14
-65,58,14
-62,37,19
-72,31,8
-62,39,-13
-59,45,-15
-59,51,-5
-55,44,9
-52,44,13
-39,36,9
-36,35,13
-31,43,34
-22,43,50
-62,67,56
-64,73,31
-62,53,18
-65,66,32
-53,39,21
-30,28,29
-27,7,19
-34,-2,9
-36,-6,2
-34,-3,8
-58,13,16
-61,16,25
-68,10,-4
-61,11,-17
-61,22,-10
-74,36,-20
-105,61,-22
-104,80,-5
-88,64,6
-51,53,-5
-36,47,7
-44,51,15
-41,51,23
-29,51,26
-24,50,24
-31,66,30
-45,77,27
-58,63,-2
-55,66,12
-30,58,44
-29,40,39
-28,18,39
-39,17,30
-31,18,34
-29,13,26
-34,15,20
-44,19,17
-51,23,18
-53,30,20
-77,37,7
-73,30,-1
-56,47,-6
-72,60,-4
-71,71,1
-66,86,21
-62,83,20
-52,64,12
-37,56,11
-36,46,14
-48,43,13
-44,52,26
-30,50,28
-1,48,27
2,52,30
-35,81,33
-53,83,12
-67,69,-2
-70,63,17
-57,29,24
-47,16,26
-42,1,22
-39,-1,18
-44,8,21
-36,13,28
-45,27,14
-41,32,15
-34,32,20
-46,37,15
-47,34,11
-44,43,23
-45,49,22
-65,54,3
-70,59,-7
-65,88,1
-68,87,26
-66,58,-4
-42,58,-2
-39,54,13
-35,49,25
-44,38,28
-36,44,47
-36,58,49
-47,58,46
-22,59,32
-25,49,32
-39,40,36
-34,34,25
-27,21,26
-37,21,33
-46,17,37
-42,9,32
-50,18,36
-54,23,26
-53,24,20
-40,21,23
-44,26,15
-66,37,-9
-68,55,-9
-75,102,15
-82,76,8
-64,69,2
-57,66,10
-75,43,8
-63,44,5
-56,45,1
-46,41,4
-44,38,10
-43,38,10
-32,37,10
-28,38,13
-33,46,26
-37,52,31
-25,59,26
-35,68,21
-49,65,21
-54,76,23
-59,70,9
-47,53,26
-49,41,28
-48,15,24
-34,10,37
-40,-1,33
-41,-3,38
-43,0,40
-45,0,40
-53,5,19
-50,4,20
-26,15,28
-16,26,32
-34,45,15
-33,55,14
-41,70,18
-48,71,8
-46,78,17
-43,80,14
-21,86,41
-36,74,10
-40,64,10
-27,67,2
-39,67,0
-29,70,12
-35,66,12
-35,55,16
-27,43,11
-7,37,9
-13,37,8
-9,66,63
5,76,77
8,104,62
-49,97,24
-35,74,-2
-27,63,20
-56,40,48
-49,29,44
-41,18,31
-30,23,41
-41,24,31
-33,21,30
-25,17,17
-28,18,12
-35,23,12
-35,31,21
-52,42,3
-54,40,4
-34,41,16
-27,49,21
-26,53,16
-56,102,42
-84,101,33
-54,70,2
-37,66,1
-54,67,-9
-58,64,-5
-53,50,6
-54,52,11
-46,45,13
-38,38,16
-34,43,36
-26,45,60
-4,63,63
-21,72,49
-34,86,18
-59,74,15
-57,60,30
-43,39,34
-32,25,33
-32,12,27
-39,11,30
-43,7,31
-38,9,29
-39,15,21
-45,22,19
-43,27,18
-43,29,17
-47,37,8
-40,42,12
-65,46,10
-75,53,12
-71,56,8
-56,56,-1
-45,78,13
-44,86,31
-65,63,12
-50,59,11
-30,48,6
-39,49,18
-50,55,21
-29,46,25
-32,49,28
-23,62,46
-53,79,61
-41,81,8
-61,62,-18
-59,53,37
-48,49,42
-45,24,7
-41,16,5
-25,15,19
-24,9,18
-34,0,13
-30,-3,14
-42,0,20
-47,6,28
-41,11,18
-43,10,-4
-63,32,-2
-55,35,14
-76,34,22
-76,42,24
-90,58,2
-72,73,4
-72,79,9
-53,76,11
-41,64,7
-33,49,15
-33,51,21
-48,48,12
-45,50,12
-31,55,22
-32,56,28
-40,62,18
-40,66,10
-58,65,-8
-59,67,-1
-33,59,17
-38,48,17
-41,35,19
-37,25,18
-40,21,17
-48,19,19
-52,13,18
-45,8,18
-36,8,18
-43,11,20
-47,11,22
-67,23,20
-76,29,12
-49,28,23
-42,34,20
-104,60,-8
-94,70,-2
-79,82,-6
-75,22,8
-63,28,10
-49,28,13
-41,33,18
-45,29,14
-40,42,22
-36,43,16
-25,60,20
-31,64,22
-43,84,25
-46,89,22
-48,76,-6
-55,60,-2
-57,66,6
-49,34,16
-45,20,9
-31,8,19
-33,10,18
-29,3,12
-27,3,14
-41,11,18
-49,19,13
-37,29,3
-47,32,-9
-55,52,31
-82,74,22
-86,74,7
-62,78,10
-51,68,-12
-60,59,-5
-61,56,13
-64,48,12
-32,34,2
-14,42,18
-50,70,14
-45,52,10
-30,54,12
-28,60,15
2,54,10
-45,66,-3
-52,84,7
-43,76,3
-54,70,6
-45,50,13
-44,34,10
-42,24,16
-34,15,19
-26,18,10
-30,15,4
-33,15,-4
-38,11,4
-67,13,19
-82,34,25
-48,53,17
-32,58,6
-42,63,-8
-56,68,-7
-65,85,8
-70,81,-8
-51,76,-35
-37,88,-14
-38,62,0
-45,62,0
-27,52,-8
-37,63,20
-46,56,22
-35,48,1
-39,49,1
-36,45,7
-32,42,4
-37,45,11
-42,51,12
-38,65,14
-48,62,4
-48,64,1
-43,59,4
-43,59,16
-65,48,-1
-42,44,8
-27,36,18
-35,17,18
-43,10,14
-42,-3,20
-45,-6,19
-57,8,18
-91,7,-2
-89,22,3
-95,62,13
-89,66,10
-59,35,-11
-57,38,2
-40,36,9
-47,36,1
-56,67,22
-47,68,13
-32,39,21
-29,54,23
-21,60,21
-22,59,20
-33,67,4
-16,63,-4
-40,83,15
-79,73,16
-96,68,13
-79,54,22
-80,41,24
-77,29,26
-55,13,29
-46,7,27
-41,4,27
-52,5,-2
-29,-6,11
-59,-12,3
-65,-15,8
-32,-21,5
-20,-28,7
-51,-27,-21
-57,-37,-36
-52,-1,23
-90,-45,-11
-57,-28,-5
-19,-4,27
-36,-28,-31
-39,-25,-29
-81,-37,-1
-81,-37,-8
-40,-27,-2
-39,-29,-5
-35,-28,12
-40,-23,13
-40,-20,6
-43,-22,-4
-49,-18,-14
-60,-14,-10
-81,-9,-18
-91,-23,-32
-53,-18,-5
-59,-14,13
-55,-4,28
-71,3,13
0,36,63
-65,11,25
-117,29,21
-91,23,24
-85,19,15
-70,16,11
-69,10,2
-77,1,-9
-76,1,-10
-54,-5,1
-41,-4,5
-35,-9,11
-31,-10,12
-34,-17,8
-59,-20,3
-51,-29,-28
-36,-16,17
-57,-11,14
-70,-10,7
-51,-13,4
-33,-15,-8
-35,-17,-18
-45,-17,-22
-53,-13,-14
-67,-4,-6
-63,-5,-5
-89,7,0
-115,19,14
-107,6,15
-86,9,25
-81,6,27
-84,8,30
-79,6,27
-83,-1,21
-59,10,48
-75,-6,13
-62,-12,-11
-50,-16,-3
-51,-17,4
-47,-18,3
-27,-17,12
-45,-20,12
-45,-22,15
-50,-21,22
-65,-18,20
-56,-17,9
-49,-22,4
-33,-26,0
-33,-29,-6
-33,-31,-25
-34,-30,-25
-42,-22,-13
-44,-20,-5
-54,-21,-10
-59,-21,-13
-64,-15,-7
-84,-12,-7
-97,-7,-3
-101,-1,-1
-101,8,10
-89,9,23
-89,11,42
-56,19,88
-105,0,-16
-84,-3,12
-68,-6,23
-64,-13,11
-56,-15,11
-39,-20,11
-42,-21,9
-34,-25,13
-23,-27,17
-31,-23,17
-44,-19,15
-43,-18,28
-48,-16,31
-67,-9,23
-57,-11,13
-40,-19,-8
-33,-22,-9
-22,-27,-14
-44,-29,-30
-39,-29,-25
-49,-24,-12
-67,-25,-9
-69,-21,-2
-93,-14,0
-92,0,3
-109,3,6
-73,6,10
-107,7,0
-87,-13,7
-87,-14,11
-66,3,91
-74,-27,-6
-81,-12,-19
-58,-14,-11
-41,-7,-9
-44,-4,-3
-56,-14,-3
-49,-16,3
-45,-18,-2
-54,-21,-3
-51,-22,0
-53,-24,3
-56,-25,9
-61,-26,11
-67,-27,15
-57,-27,10
-38,-30,9
-26,-29,15
-22,-33,6
-20,-35,-12
-20,-28,-8
-32,-26,-19
-37,-24,-20
-63,-20,-10
-68,-25,-20
-75,-17,-20
-83,-20,-22
-77,-13,-9
-85,-7,-2
-101,3,23
-116,1,22
-88,-3,36
-72,9,64
-74,-6,10
-102,-5,-18
-68,-9,8
-67,-15,11
-61,-14,15
-57,-18,14
-57,-23,5
-55,-24,6
-48,-24,5
-38,-21,14
-45,-22,19
-51,-15,14
-41,-15,17
-46,-5,20
-57,-4,18
-56,-16,2
-48,-19,-5
-26,-26,-16
-27,-31,-20
-31,-32,-25
-42,-29,-23
-56,-26,-17
-67,-21,-5
-74,-15,4
-95,-10,4
-104,-9,8
-89,-6,19
-89,6,63
-66,10,76
-105,-5,-11
-78,-14,4
-78,-15,4
-61,-18,0
-55,-22,-6
-55,-28,-7
-49,-26,-6
-29,-26,-6
-18,-24,3
-15,-25,16
-1,-15,23
-27,-18,-20
-35,-11,-21
-33,-7,-10
-41,-10,-18
-26,-16,-19
-38,-14,-24
-78,-7,-30
-89,-10,-40
-91,11,-24
-100,17,-12
-87,30,8
-38,-14,-24
-78,-7,-30
-89,-10,-40
-91,11,-24
-100,17,-12
-87,30,8
-77,44,17
-66,47,23
-62,51,25
-68,52,20
-60,48,23
-55,48,21
-58,45,14
-63,44,2
-53,41,10
-52,39,12
-55,32,1
-61,31,2
-59,27,2
-49,25,0
-55,26,-1
-50,26,8
-21,28,31
-51,28,2
-32,26,16
-28,24,4
-93,48,6
-91,47,15
-86,39,29
-88,41,24
-60,36,21
-67,39,11
-76,28,15
-69,7,10
-63,-4,2
-53,-17,3
-41,-18,14
-37,-19,30
-38,-18,34
-42,-9,46
-67,-4,41
-86,0,35
-76,8,30
-9,-6,34
-14,-3,33
-19,-15,40
-14,-14,47
-24,-13,45
-20,-12,53
-22,-11,60
-28,-8,60
-18,-7,59
-12,-6,64
-29,-1,56
-10,-8,50
-17,2,62
-18,5,69
-17,3,64
-14,4,59
-9,-3,58
2,5,68
-8,7,64
-20,3,61
-18,1,63
-13,-6,58
-19,3,60
-9,-7,67
-14,-4,64
-15,-8,56
-12,-5,60
-23,-5,58
-5,-2,68
-13,1,74
-17,-1,67
-4,3,71
-9,4,70
-6,5,95
-7,0,55
-11,1,47
-22,6,62
-12,6,68
-20,-1,73
-23,-1,74
32,0,60
-52,-19,8
-16,-9,52
-17,-10,63
-23,-9,73
-26,-10,67
-18,-9,59
-15,-8,58
-18,-8,63
-18,-9,65
-11,-7,64
-7,15,68
4,9,62
-12,-5,61
-3,-8,66
-6,1,67
-7,3,56
11,4,53
-5,7,44
-37,-2,33
-45,-1,31
-55,-9,29
-53,-8,25
-50,-11,14
-63,-12,7
-72,-12,2
-79,-9,6
-128,-15,-8
-121,-16,4
-73,-17,14
-74,-22,-1
-89,-14,3
-89,-19,-8
-70,-29,-27
-70,-23,-20
-58,-17,-20
-57,-17,-22
-45,-18,-6
-40,-23,-10
-38,-27,-10
-36,-30,-8
-39,-35,-13
-41,-38,-12
-43,-42,-9
-44,-45,-4
-47,-46,-5
-51,-43,-2
-53,-42,-4
-51,-42,-8
-60,-41,-2
-47,-36,3
-42,-37,-6
-56,-34,10
-50,-36,11
-51,-37,2
-52,-38,0
-45,-40,1
-46,-41,0
-45,-46,2
-44,-47,3
-42,-48,5
-41,-48,9
-42,-52,2
-40,-54,-1
-29,-47,25
-31,-43,20
-44,-45,8
-39,-48,12
-36,-49,12
-35,-53,9
-34,-56,6
-35,-53,2
-37,-54,0
-43,-49,-1
-44,-50,-1
-44,-50,5
-44,-49,5
-40,-46,5
-37,-47,2
-38,-47,-3
-39,-45,-2
-39,-46,-2
-41,-47,-1
-40,-45,6
-43,-46,6
-43,-45,9
-41,-47,10
-42,-48,8
-41,-48,9
-42,-48,6
-40,-50,6
-42,-51,5
-44,-49,5
-46,-53,4
-47,-54,4
-48,-53,7
-52,-48,8
-49,-47,5
-47,-41,12
-43,-41,11
-43,-42,2
-47,-41,8
-46,-40,11
-38,-42,-2
-58,-39,14
-55,-44,17
-35,-47,4
-50,-46,5
-44,-46,23
-41,-47,19
-46,-47,15
-38,-46,18
-41,-47,1
-35,-48,3
-40,-51,-13
-37,-48,-16
-40,-54,-24
-44,-55,-30
-44,-53,-28
-40,-48,-22
-31,-46,-17
-32,-45,-17
-42,-41,-19
-54,-46,-14
-60,-30,0
-38,-47,-3
-39,-53,-16
-68,-36,-5
-56,-38,-5
-48,-44,-10
-46,-35,-4
-42,-38,8
-41,-39,11
-30,-31,21
-31,-30,19
-44,-33,7
-51,-32,0
-56,-29,-3
-58,-21,-6
-60,-21,-6
-69,-22,-14
-77,-21,-18
-78,-20,-12
-71,-22,-8
-69,-22,-13
-79,-24,-9
-79,-24,-6
-75,-20,-10
-60,-20,-12
-56,-19,-12
-51,-17,-13
-51,-18,-12
-56,-17,-10
-53,-17,-10
-56,-20,-15
-62,-19,-15
-68,-19,-12
-75,-23,-16
-73,-11,-17
-79,-9,-18
-73,-5,-18
-63,-6,-16
-60,-4,-15
-56,-3,-15
-56,-3,-16
-55,-3,-16
-51,-4,-14
-48,-5,-7
-48,-6,-4
-56,-10,1
-61,-11,0
-68,-13,-5
-72,-12,-8
-74,-9,-8
-72,-7,-7
-72,-8,-6
-76,-8,-7
-74,2,-6
-68,5,-3
-60,4,-3
-60,3,-3
-58,4,1
-56,3,2
-58,2,-1
-60,2,-1
-60,0,0
-58,-3,3
-58,-4,4
-58,-2,2
-58,-3,1
-62,-1,-2
-64,0,-2
-58,-1,2
-56,-3,5
-61,-6,-8
-53,-7,-5
-26,-2,7
-17,4,15
-29,21,18
-20,32,12
-57,85,3
-119,104,-26
-64,61,-25
-41,54,-20
-20,49,0
-24,54,3
-34,54,-2
-47,67,3
-52,74,9
-29,76,24
-38,75,15
-43,60,6
-36,58,12
-33,68,7
-16,65,13
-2,58,27
-20,49,13
26,66,24
2,76,12
-9,73,-9
11,85,15
1,84,16
-16,84,21
33,72,18
-22,73,-9
-37,71,30
-4,71,43
-63,85,5
-39,82,16
-10,31,-1
23,-13,-4
-30,-25,-15
-116,-3,-10
-81,20,15
-63,39,17
-48,55,15
-62,52,-14
-71,48,-22
-50,76,-6
-49,89,-4
1,68,-13
-3,57,-14
-36,43,-15
-39,33,-13
-33,35,-7
-30,41,-5
-38,58,-16
-55,56,-24
-63,49,-12
-57,47,-8
-50,42,-7
-52,40,-10
-46,48,9
-49,55,5
-30,55,5
-23,75,57
-34,67,33
-46,64,11
-53,67,14
-59,53,0
-66,43,-6
-75,34,7
-74,27,8
-56,23,15
-62,19,3
-64,9,-4
-46,7,1
-32,7,10
-5,3,13
-28,15,4
-97,-4,-30
-91,0,-20
-60,0,-14
-41,22,14
-99,8,10
-57,24,-9
-56,11,-6
-67,12,-4
-72,3,-11
-70,-1,-15
-65,-4,-13
-69,-6,-18
-49,-2,0
-52,4,-3
-48,6,-18
-50,11,-24
-45,21,-14
-53,20,-18
-45,22,-20
-47,21,-14
-56,24,-19
-49,27,-16
-56,33,-20
-61,38,-20
-77,41,-23
-80,35,-19
-75,40,-1
-69,37,3
-51,30,-1
-49,30,-4
-52,34,-9
-53,39,-9
-52,37,-9
-53,34,-10
-52,35,-8
-52,39,-9
-53,40,-11
-50,40,-12
-50,39,-11
-49,38,-12
-52,37,-13
-52,40,-9
-52,40,-8
-49,39,-10
-49,37,-13
-47,35,-12
-48,36,-11
-53,38,-10
-53,38,-10
-54,37,-9
-54,38,-9
-55,40,-9
-55,41,-10
-52,40,-9
-51,39,-9
-50,41,-9
-50,47,-8
-48,49,-8
-41,42,-10
-40,37,-11
-44,40,-6
-44,44,-3
-50,44,-4
-43,45,6
-45,47,3
-47,47,4
-46,55,6
-44,57,8
-40,52,4
-40,52,9
-43,47,8
-43,44,9
-50,41,1
-41,45,8
-51,42,11
-51,38,5
-60,35,-11
-60,37,-12
-49,51,8
-46,51,4
-45,51,4
-42,60,8
-38,57,7
-32,51,1
-12,65,30
-34,53,36
-52,52,31
-53,51,22
-46,52,24
-67,41,8
-79,38,8
-84,23,14
-84,15,13
-81,6,8
-77,1,-1
-51,-4,5
-64,-6,0
-48,-7,5
-35,-9,3
-22,-12,-2
-18,-12,2
-17,-7,-1
-14,11,30
-56,21,28
-91,-39,-42
-90,-64,-53
-65,-33,-15
-45,-22,7
-62,-33,1
-57,-34,-8
-49,-35,-12
-53,-33,-11
-50,-26,-12
-30,-16,-2
-22,-12,-6
-32,-7,-11
-54,-6,-15
-48,-4,-8
-43,0,-7
-62,3,-9
-115,9,-24
-128,1,-41
-128,-8,4
-128,-1,22
-76,-12,11
-48,-22,21
-33,-12,28
-54,-5,19
-49,1,25
-33,-1,33
-33,-8,32
-28,-12,35
-41,-15,31
-44,-7,43
-41,-4,48
-57,2,35
-53,3,35
-41,-1,26
-43,0,28
-45,7,37
-46,9,33
-46,15,46
-49,15,48
-51,12,44
-47,10,44
-47,9,32
-48,9,25
-58,13,18
-59,14,16
-64,10,13
-80,13,11
-79,12,13
-81,9,20
-81,8,18
-81,7,17
-80,8,12
-61,5,8
-59,8,8
-60,24,12
-65,29,11
-56,28,15
-51,23,16
-45,18,17
-44,18,18
-42,20,22
-41,25,25
-46,30,30
-48,30,29
-58,29,20
-66,28,16
-67,27,21
-69,31,15
-68,29,13
-61,31,15
-58,34,17
-50,36,21
-49,37,22
-47,32,18
-47,26,15
-48,22,15
-53,20,14
-50,12,18
-50,11,18
-55,13,14
-61,14,12
-73,18,12
-72,23,13
-84,29,10
-84,26,16
-84,27,1
-86,26,-5
-83,28,-11
-58,22,-10
-41,22,-5
-42,27,-1
-42,31,9
-46,31,16
-45,29,16
-45,25,14
-49,24,13
-49,23,17
-47,25,19
-56,28,16
-50,30,16
-53,34,20
-64,37,21
-68,34,19
-70,29,19
-71,31,18
-68,31,15
-55,21,9
-55,18,7
-60,27,5
-61,31,4
-57,30,5
-55,27,4
-52,23,4
-54,23,4
-53,22,4
-51,20,6
-53,20,7
-60,23,6
-62,25,5
-60,26,3
-61,26,2
-78,33,0
-77,35,1
-66,29,0
-58,23,0
-60,20,-1
-63,27,-3
-60,39,-5
-54,38,-6
-44,32,-6
-44,29,-6
-46,28,-8
-46,27,-8
-53,29,-7
-55,29,-6
-60,28,-5
-61,28,-4
-64,33,-1
-62,32,0
-61,28,-1
-70,37,4
-72,42,6
-69,37,7
-73,34,7
-72,39,14
-60,42,22
-34,23,29
-37,24,22
-46,20,19
-48,19,18
-44,15,19
-45,15,20
-53,14,16
-54,16,15
-58,18,14
-62,19,12
-63,20,12
-75,22,14
-76,23,12
-79,22,10
-71,21,5
-64,19,6
-63,23,7
-60,30,10
-58,34,9
-47,31,13
-43,29,13
-42,25,14
-45,24,15
-50,24,12
-52,24,12
-53,25,14
-55,25,14
-59,25,15
-63,26,16
-68,29,16
-67,26,15
-68,20,16
-66,20,17
-57,19,19
-53,19,20
-54,22,21
-52,25,22
-53,27,24
-55,26,28
-55,24,29
-55,19,25
-55,18,24
-58,16,21
-60,16,19
-67,23,12
-72,24,9
-62,29,9
-58,28,11
-52,29,15
-55,31,13
-55,34,9
-54,33,7
-52,33,8
-52,32,9
-52,32,8
-52,33,8
-53,33,9
-54,33,9
-57,33,11
-57,33,12
-58,31,16
-60,32,17
-59,31,18
-58,31,19
-54,30,19
-54,30,17
-56,31,18
-54,34,20
-60,34,22
-63,34,24
-59,30,25
-58,21,27
-57,14,27
-59,5,12
-62,5,6
-63,8,4
-67,10,4
-79,8,5
-77,5,2
-79,3,2
-74,-1,4
-64,-8,10
-63,-6,19
-54,-5,22
-47,-3,25
-49,7,29
-10,32,59
-87,11,-3
-65,-15,-3
-48,-22,-9
-81,-20,-6
-73,-22,8
-100,-41,-27
-69,-41,-10
-68,-32,2
-57,-33,-4
-47,-32,2
-40,-31,3
-34,-32,-7
-37,-32,-9
-36,-29,-5
-34,-31,-8
-38,-33,-7
-40,-30,-6
-50,-32,-14
-52,-34,-12
-56,-36,-9
-54,-38,-5
-52,-38,-4
-50,-37,-5
-45,-33,-2
-41,-31,0
-46,-25,-2
-50,-14,-5
-57,-13,-8
-67,-16,-8
-78,-19,-3
-80,-25,-9
-51,-18,-2
-53,-20,-14
-10,-8,0
-46,-8,-7
-76,-6,-5
-84,-7,-8
-95,-5,-15
-71,1,-3
-59,11,7
-69,8,-1
-86,7,2
-107,-1,-3
-71,8,0
-58,9,15
-80,12,24
-69,13,7
-67,7,4
-58,10,7
-58,2,11
-55,2,14
-56,13,17
-62,15,18
-59,26,18
-54,24,3
-64,60,40
-42,5,31
-73,8,17
-73,19,28
-67,4,12
-63,7,9
-62,9,4
-64,9,2
-62,13,1
-69,8,-2
-69,14,-3
-57,13,-1
-69,2,-6
-70,4,-5
-66,3,3
-84,5,-14
-74,2,-16
-57,6,-5
-51,-24,-18
-65,-11,-5
-68,-17,-4
-58,-21,0
-63,-21,-6
-62,-18,-7
-58,-22,-11
-56,-32,-19
-44,-32,-22
-41,-31,-25
-51,-38,-21
-48,-32,-22
-57,-27,-20
-47,-29,-16
-51,-21,-24
-60,-18,-22
-52,-31,-17
-49,-40,-29
-59,-49,-26
-54,-55,-10
-56,-57,-15
-45,-59,-21
-46,-36,1
-26,-34,-3
-24,-39,-25
-56,-34,-12
-35,-35,-8
-40,-37,-13
-44,-41,-9
-23,-46,12
-46,-52,-15
-17,-50,34
-34,-54,8
-40,-52,-21
-25,-34,-6
-16,-27,-3
-55,-35,0
-31,-32,7
-54,-35,-9
-58,-37,-6
-47,-36,14
-58,-38,11
-55,-35,43
-63,-37,29
-69,-44,21
-54,-46,9
-65,-43,-7
-76,-22,11
-72,-26,-5
-54,-9,36
-61,-14,5
-52,-20,2
-54,-19,3
-49,-20,19
-43,-19,20
-76,-20,-7
-75,-18,-4
-62,-18,4
-65,-18,9
-68,-25,4
-67,-31,1
-61,-18,-2
-58,-19,3
-65,-8,3
-64,-7,8
-56,-13,9
-48,-15,7
-60,-13,5
-63,-11,9
-59,-13,10
-64,-13,4
-66,-11,0
-65,-18,2
-64,-19,-2
-53,-23,5
-56,-24,13
-64,-20,4
-64,-11,15
-73,4,4
-71,12,-1
-65,33,-3
-66,35,-10
-58,25,-15
-54,20,-10
-58,9,-11
-49,3,-9
-67,-7,5
-62,-13,13
-55,-17,28
-56,-17,28
-59,-11,28
-67,1,40
-73,-15,63
-103,-14,82
-91,1,51
-60,-9,8
-70,-15,-6
-60,4,1
-53,2,4
-56,0,-3
-64,2,-5
-64,4,-3
-66,5,-2
-71,10,-6
-75,11,-12
-64,10,-8
-56,10,-6
-55,7,-9
-59,7,-13
-66,7,-12
-61,4,-19
-67,16,-4
-65,15,1
-62,15,-5
-61,14,-11
-60,11,-20
-58,10,-17
-57,10,-13
-64,15,-14
-69,16,-17
-72,17,-21
-70,19,-15
-60,15,-2
-60,15,1
-62,22,-1
-60,22,-4
-59,17,-5
-57,15,-5
-57,7,-6
-59,5,-9
-61,3,-11
-63,4,-11
-57,2,-11
-55,2,-11
-61,4,-11
-64,7,-10
-63,12,-3
-62,14,-3
-58,18,-2
-61,19,-3
-60,17,-5
-55,17,-9
-57,18,-14
-68,25,-14
-63,28,-11
-56,33,-10
-53,35,-8
-50,39,-4
-50,40,-2
-44,42,1
-44,41,1
-50,45,1
-48,46,0
-46,47,-5
-48,47,-7
-52,46,-9
-53,44,-9
-48,47,-7
-52,55,-5
-55,60,1
-51,52,-2
-36,52,0
-31,49,5
-32,49,10
-41,51,-2
-39,45,1
-42,50,2
-39,54,0
-34,61,2
-37,64,5
-40,65,5
-42,62,2
-38,50,2
-35,49,4
-33,53,9
-36,52,12
-43,55,19
-42,53,18
-35,46,12
-35,46,9
-34,44,4
-34,42,1
-33,39,2
-37,40,4
-44,46,6
-47,50,8
-57,64,13
-60,68,1
-51,61,-7
-31,61,-3
-35,53,-5
-29,44,-4
-32,41,-6
-35,50,-9
-37,56,-11
-32,54,-12
-31,54,-11
-28,54,-8
-27,53,-7
-25,53,-7
-24,52,-7
-27,57,-6
-28,59,-5
-25,63,-5
-22,64,-6
-21,76,-5
-24,76,-3
-33,65,2
-35,63,2
-30,61,5
-20,63,5
-12,70,7
4,81,27
9,77,32
-5,64,17
-9,60,13
-11,52,9
-12,49,8
-11,48,11
-14,49,13
-19,53,16
-22,55,17
-26,61,18
-18,63,21
-45,60,3
-39,56,3
-38,54,9
-39,53,10
-38,55,14
-34,53,18
-32,58,23
-33,72,23
-35,58,14
-38,63,15
-39,65,14
-39,66,11
-46,69,8
-43,71,3
-39,68,6
-32,50,-5
-30,33,-10
-45,34,8
-38,34,30
-22,30,22
-26,41,12
-49,42,3
-45,42,7
-58,34,1
-62,28,-2
-56,32,7
-50,36,11
-48,35,13
-54,35,12
-59,37,14
-60,38,14
-54,39,12
-50,34,10
-49,35,11
-50,38,9
-48,38,7
-45,36,1
-51,31,-3
-68,32,-18
-66,30,-22
-57,27,-20
-52,27,-18
-49,35,-8
-51,35,-8
-57,34,-18
-58,35,-21
-56,38,-19
-56,39,-16
-56,51,3
-57,56,17
-49,60,25
-38,62,14
-29,54,-6
-35,46,-11
-50,42,-12
-45,43,-7
-46,41,-7
-41,40,1
-37,41,3
-37,37,-5
-37,35,-10
-39,38,-6
-43,43,6
-38,43,7
-37,42,-2
-55,41,-3
-60,43,4
-54,46,9
-55,44,0
-58,44,-13
-55,45,-12
-59,56,-10
-59,54,-11
-62,55,-10
-63,58,-8
-64,56,-9
-66,51,-13
-48,39,-27
-44,27,-35
-44,27,-32
-42,27,-27
-44,29,-24
-52,25,-34
-56,23,-36
-63,13,-31
-70,9,-30
-73,-1,-33
-69,-4,-32
-63,-8,-34
-58,-10,-37
-43,-12,-34
-39,-16,-31
-32,-24,-27
-36,-29,-23
-41,-37,-15
-39,-39,-10
-45,-38,-6
-46,-35,-3
-46,-31,-4
-47,-28,-4
-39,-28,4
-41,-27,-1
-52,-29,-9
-51,-35,-2
-52,-39,-2
-47,-41,-3
-43,-40,-2
-40,-42,-5
-43,-41,-2
-41,-38,6
-43,-40,2
-47,-45,-3
-49,-47,-5
-51,-48,-2
-52,-48,-4
-51,-56,-1
-49,-52,-2
-45,-51,6
-44,-47,10
-44,-46,7
-43,-47,4
-37,-50,-3
-35,-50,-4
-40,-46,1
-37,-46,0
-26,-50,-1
-21,-51,0
-21,-52,0
-29,-53,-2
-33,-53,-3
-42,-52,-5
-45,-52,-6
-44,-53,-8
-42,-51,-9
-39,-50,-4
-38,-49,-3
-41,-49,-6
-37,-48,-5
-36,-48,-6
-39,-49,-7
-44,-56,-10
-52,-57,-11
-50,-48,-12
-51,-44,-11
-57,-39,-15
-59,-43,-19
-46,-36,-5
-49,-31,-6
-48,-33,-11
-48,-34,-14
-52,-31,-9
-52,-33,-3
-52,-33,0
-46,-25,8
-50,-27,8
-55,-22,10
-55,-21,12
-56,-21,13
-60,-20,11
-59,-24,9
-62,-22,9
-58,-22,10
-60,-20,9
-64,-22,1
-69,-21,-2
-73,-16,-6
-72,-18,-6
-70,-14,-4
-70,-13,-7
-69,-15,-10
-67,-13,-12
-61,-11,-17
-55,-12,-17
-55,-12,-16
-58,-13,-17
-64,-12,-21
-66,-9,-23
-63,-11,-21
-57,-16,-14
-57,-19,-12
-57,-21,-11
-56,-21,-12
-57,-21,-11
-58,-20,-10
-63,-16,-12
-64,-15,-11
-61,-16,-11
-60,-16,-10
-60,-16,-7
-60,-16,-5
-72,-19,-8
-77,-16,-9
-69,-12,-9
-68,-10,-14
-62,-8,-14
-57,-7,-11
-49,-5,-6
-44,-5,-6
-47,-7,-9
-53,-7,-12
-57,-8,-13
-68,-8,-20
-72,-7,-22
-75,-4,-22
-74,-3,-21
-68,-4,-19
-65,-3,-18
-65,0,-18
-65,2,-18
-68,6,-18
-69,8,-17
-68,11,-16
-66,11,-16
-61,11,-13
-58,10,-11
-56,7,-7
-56,5,-5
-59,2,-2
-59,2,-2
-62,0,-4
-64,-2,-9
-64,-2,-10
-65,-3,-11
-66,-3,-10
-62,-2,-8
-60,-3,-8
-59,-4,-9
-60,-5,-10
-63,-4,-12
-68,-4,-15
-74,-1,-16
-71,0,-14
-63,-1,-11
-62,-3,-11
-61,-4,-10
-60,-4,-11
-61,-3,-12
-63,-3,-13
-66,-3,-13
-66,-2,-13
-66,-2,-14
-65,-2,-14
-63,-2,-13
-64,-1,-13
-64,0,-13
-63,2,-12
-62,2,-10
-59,2,-7
-60,3,-6
-61,3,-1
-62,4,3
-66,6,7
-67,5,6
-66,1,2
-66,-1,1
-66,-3,0
-67,-3,2
-64,-1,4
-64,-2,4
-69,-2,-2
-71,-1,-5
-67,2,-5
-69,1,-4
-63,6,-1
-53,5,1
-50,0,0
-53,0,-1
-61,1,-2
-68,4,-3
-66,4,-1
-61,3,1
-62,1,1
-66,0,-2
-68,1,-3
-68,2,-3
-68,3,-3
-69,4,-2
-70,4,-2
-66,5,1
-63,6,2
-59,6,2
-60,5,1
-61,5,0
-63,5,0
-67,6,1
-69,7,1
-66,8,3
-64,8,4
-61,6,5
-61,5,4
-61,4,3
-64,2,2
-65,2,2
-65,1,2
-65,1,2
-65,1,1
-64,0,1
-63,1,2
-63,1,3
-62,0,3
-62,0,3
-63,-1,3
-64,-1,3
-65,-2,3
-65,-2,3
-65,-2,3
-65,-2,3
-64,-2,4
-63,-2,3
-62,-2,3
-62,-2,3
-61,-3,4
-62,-3,3
-63,-4,3
-64,-4,4
-64,-5,5
-70,-6,6
-75,-8,8
-78,-12,22
-82,-19,20
-116,-29,-2
-106,-30,-2
-97,-28,-7
-80,-28,-6
-68,-36,-14
-64,-37,-9
-46,-34,-5
-38,-34,1
-26,-34,7
-12,-34,19
6,-35,15
13,-32,14
13,-30,19
9,-29,23
5,-35,28
1,-37,36
-1,-48,36
-2,-50,37
-1,-50,48
7,-50,48
8,-50,43
3,-47,40
11,-43,41
11,-40,43
7,-42,42
12,-43,45
13,-40,48
10,-42,47
7,-40,47
12,-41,46
13,-43,46
9,-40,47
3,-40,40
20,-39,35
27,-40,30
36,-38,24
46,-39,23
57,-38,29
65,-37,34
67,-32,42
61,-22,21
40,-15,11
49,-18,-16
48,-14,-11
83,2,25
94,-2,1
58,-23,-9
64,-12,-12
7,-9,-30
-11,-11,-23
-36,-9,-14
-70,-13,-18
-104,-25,-33
-96,-28,-23
-76,3,-9
-71,22,-1
22,56,56
21,76,82
-5,73,96
-50,69,82
-124,54,49
-112,50,59
-50,40,68
-31,37,57
-50,44,34
-8,49,41
-42,61,34
-73,41,21
-28,34,20
-45,47,4
-54,52,6
-40,50,10
-40,52,8
-52,46,8
-54,43,21
-75,17,-10
-26,28,7
-36,45,17
-32,41,19
-36,37,2
-47,34,-6
-47,33,10
-56,33,13
-62,34,14
-56,35,15
-50,40,13
-52,41,11
-52,42,10
-48,48,15
-58,52,20
-49,40,17
-46,39,22
-44,44,32
-46,47,35
-47,46,31
-44,45,27
-39,41,22
-38,41,23
-40,43,27
-37,43,26
-39,47,26
-39,48,26
-37,44,25
-35,42,25
-34,44,26
-36,45,27
-35,45,27
-35,46,27
-35,45,28
-36,44,28
-34,45,31
-37,47,32
-38,47,33
-35,46,33
-34,44,28
-34,45,23
-44,52,23
-40,57,30
-35,48,31
-37,36,31
-40,37,34
-47,44,26
-45,45,18
-40,45,14
-42,40,14
-49,31,16
-51,37,17
-46,47,16
-47,44,16
-54,40,22
-52,38,25
-44,37,31
-45,38,36
-48,36,36
-48,35,36
-55,40,36
-59,35,51
-49,34,61
-24,30,71
-15,27,73
-18,24,68
-25,21,63
-27,8,47
-25,3,42
-24,-7,33
-19,-14,30
-28,-17,27
-38,-13,26
-24,5,45
-20,19,53
-42,39,40
-37,43,45
-43,55,41
-38,53,42
-35,50,55
-78,65,105
-35,21,35
-15,15,42
7,17,58
-97,17,54
-72,3,43
-25,-8,49
-35,5,39
-44,16,49
-54,10,42
-47,6,50
-40,0,53
-34,0,52
-43,-4,42
-49,-7,43
-45,-1,48
-35,-2,42
-42,2,41
-55,8,53
-55,14,53
-39,14,46
-33,15,49
-69,14,41
-81,19,35
-54,25,38
-46,24,36
-47,22,36
-47,12,24
-45,12,28
-55,15,39
-51,15,39
-43,17,42
-43,17,42
-41,14,44
-40,13,42
-41,13,43
-52,11,39
-45,9,45
-36,5,47
-50,18,51
-54,19,46
-46,11,41
-41,15,45
-45,16,49
-39,14,48
-44,16,49
-46,15,45
-32,19,42
-40,35,48
-35,34,51
-23,33,57
-24,31,55
-30,24,51
-32,18,49
-33,12,50
-38,10,52
-43,7,57
-35,6,57
-37,5,52
-34,3,51
-25,1,47
-22,1,45
-13,3,40
-45,12,40
-64,12,47
-55,11,52
-41,8,60
-41,7,64
-34,8,64
-33,8,59
-40,8,35
-41,7,25
-65,17,15
-58,20,20
-59,35,36
-45,39,40
-34,42,44
-37,55,50
-37,56,51
-37,51,45
-34,45,40
-33,37,35
-35,35,35
-40,30,38
-45,29,36
-49,26,33
-45,26,35
-44,23,29
-46,22,26
-53,19,27
-55,17,29
-60,27,37
-59,28,39
-43,23,43
-31,24,48
-23,27,47
-27,27,44
-45,31,39
-51,37,36
-45,38,37
-30,37,39
-23,38,40
-16,36,34
-14,34,29
-13,33,20
-15,33,17
-22,35,22
-31,34,23
-60,53,-3
-52,47,-9
-47,66,-6
-53,70,-5
-28,75,10
-23,81,16
-21,81,18
-24,82,16
-27,75,8
-25,68,4
-24,60,2
-24,58,3
-22,60,5
-22,61,8
-21,62,9
-19,62,10
-19,61,10
-23,56,10
-25,55,9
-25,58,8
-25,59,8
-21,62,12
-18,62,13
-11,65,17
-13,67,16
0,67,26
-1,66,25
-13,58,16
-13,54,16
-13,53,16
-15,56,17
-21,65,19
-23,67,20
-30,65,16
-29,64,14
-24,62,12
-39,53,1
-26,52,8
-32,56,7
-33,57,7
-29,61,14
-30,62,14
-29,62,17
-26,61,18
-25,63,17
-23,64,16
-18,62,17
-15,62,17
-12,62,16
-13,62,15
-13,61,14
-13,60,14
-17,60,11
-18,59,10
-16,58,11
-14,57,12
-12,58,14
-12,60,14
-13,62,14
-13,63,14
-13,63,14
-14,65,16
-13,65,16
-14,63,15
-14,62,14
-16,60,13
-18,59,12
-21,58,9
-23,57,8
-26,57,8
-26,59,11
-28,62,14
-30,62,13
-25,57,12
-23,58,13
-30,61,8
-26,65,11
-21,67,27
-10,63,24
0,59,11
-13,54,5
-29,51,2
-34,55,3
-40,64,1
-41,72,5
-35,69,8
-20,61,14
-16,55,14
-19,55,8
-19,60,4
-18,65,2
-21,65,3
-22,63,7
-15,62,9
-18,57,5
-19,58,3
-22,56,0
-20,55,1
-16,55,5
-16,54,5
-15,57,6
-15,57,5
-17,58,5
-19,66,5
-22,80,10
-19,78,15
-31,69,16
-36,66,16
-22,61,31
-36,60,20
-35,60,17
-24,63,16
-22,68,13
-18,65,7
-17,63,4
-20,60,5
-21,56,4
-17,51,5
-17,51,5
-12,58,11
-12,60,13
-13,63,18
-14,63,18
-15,59,16
-14,57,14
-15,54,10
-19,54,6
-16,52,8
-19,49,6
-16,40,7
-25,45,4
-29,52,1
-25,56,2
-23,56,3
-16,56,6
-14,57,8
-12,55,4
-17,60,1
-16,59,-12
-17,57,-20
-42,87,0
-39,98,0
-14,83,-12
-12,74,-9
0,67,-5
26,74,33
-13,76,54
-68,95,87
-11,60,15
-36,53,13
-44,51,24
-50,49,20
-50,49,16
-60,52,13
-56,46,7
-53,30,11
-56,27,12
-56,19,18
-58,15,23
-62,6,26
-67,5,30
-70,3,28
-62,6,29
-52,8,30
-42,6,28
-30,2,25
-29,6,26
-37,20,33
-48,23,37
-57,25,19
-60,32,18
-33,45,90
-11,40,85
-59,21,14
-54,19,3
-42,21,-5
-44,23,-6
-68,34,5
-65,33,11
-58,27,16
-63,30,0
-61,31,-4
-59,25,-10
-61,21,-11
-68,16,-2
-64,19,0
-50,19,-10
-54,16,-21
-50,19,-24
-53,19,-22
-61,18,-20
-62,21,-14
-52,23,-4
-61,24,-18
-70,27,-36
-59,24,-24
-50,24,-7
-57,26,-7
-62,31,-7
-60,29,-12
-56,28,-15
-55,26,-15
-58,24,-14
-58,22,-9
-59,22,-7
-60,21,-8
-61,21,-9
-57,21,-10
-54,22,-12
-60,21,-18
-62,20,-21
-60,20,-17
-58,19,-15
-60,20,-12
-63,21,-7
-64,27,-1
-69,31,3
-77,33,7
-83,31,7
-66,24,19
-61,13,16
-46,13,11
-29,3,12
-28,6,9
-33,8,6
-15,11,-5
-41,24,-34
-51,32,-35
-91,52,-31
-87,53,-26
-74,33,-35
-85,45,21
-118,30,17
-79,28,41
-32,38,31
-44,53,39
-26,68,26
-29,46,-18
-23,52,-23
-15,58,-18
-39,72,-36
-39,72,-13
-4,52,14
-1,46,-8
-11,75,-2
-15,69,8
-18,77,-2
-10,73,8
-5,60,4
-13,63,-3
-9,58,-3
-2,59,4
0,64,1
-4,57,8
-7,60,11
9,67,15
1,84,-3
5,63,0
16,64,2
2,64,-1
0,63,1
11,57,7
10,57,1
9,73,27
30,75,32
-19,54,5
-8,59,11
7,56,12
4,59,5
-8,64,13
-7,65,17
-11,66,4
-13,60,4
-13,55,11
-23,63,18
-11,79,8
-30,63,-20
-40,58,-19
-32,54,12
-39,53,12
-47,47,5
-44,48,2
-37,54,3
-35,53,6
-39,48,6
-37,49,7
-48,52,-1
-51,52,1
-46,49,5
-45,50,9
-65,56,16
-66,54,20
-53,43,19
-51,40,20
-57,33,12
-71,35,5
-73,32,-1
-60,28,2
-67,19,-4
-61,10,-3
-61,9,-3
-60,1,-7
-51,1,-7
-37,1,-3
-22,4,5
-25,8,-14
-39,14,-27
-58,23,-29
-46,23,-20
-63,48,30
-65,32,8
-115,40,-32
-99,34,-11
-59,27,-18
-51,20,-28
-45,14,-41
-52,12,-42
-57,11,-23
-58,10,-20
-57,14,-15
-59,18,-14
-60,18,-17
-59,19,-21
-59,20,-22
-55,17,-22
-54,17,-21
-52,15,-27
-53,16,-29
-59,19,-29
-61,19,-29
-61,14,-38
-61,12,-41
-58,11,-21
-60,10,-6
-57,4,-2
-58,3,-5
-60,2,-17
-63,4,-21
-58,7,-14
-57,7,-14
-55,8,-19
-56,10,-15
-61,11,-24
-60,11,-28
-56,10,-28
-53,8,-32
-51,7,-31
-48,7,-32
-52,7,-39
-42,6,-39
-44,6,-51
-42,8,-59
-38,8,-59
-37,9,-49
-40,10,-46
-40,9,-47
-44,6,-51
-42,8,-59
-38,8,-59
-37,9,-49
-40,10,-46
-40,9,-47
-41,9,-49
-38,7,-50
-37,7,-49
-39,7,-48
-39,7,-49
-40,8,-51
-42,8,-52
-42,7,-53
-44,7,-54
-52,5,-57
-59,4,-65
-44,1,-43
-53,2,-22
-47,1,-9
-65,9,7
-58,9,22
-57,10,24
-48,12,35
-38,10,56
-48,7,43
-55,1,30
-47,1,43
-37,-2,42
-30,-2,45
-34,-2,52
-31,-3,50
-43,0,42
-47,-1,36
-31,9,71
-35,9,63
-32,8,55
-30,8,54
-35,6,55
-30,6,57
-31,5,54
-37,5,50
-40,6,52
-38,6,54
-35,6,53
-36,7,52
-36,7,53
-36,6,53
-36,6,52
-38,6,52
-37,5,52
-36,6,52
-37,7,52
-36,7,52
-35,6,51
-46,8,48
-44,6,48
-45,5,45
-50,5,42
-45,5,42
-46,5,43
-48,7,46
-45,6,45
-45,7,45
-52,6,42
-52,5,40
-44,3,39
-38,1,39
-54,3,35
-53,4,33
-57,8,34
-54,6,29
-63,4,16
-66,6,15
-72,4,8
-70,3,6
-63,3,10
-62,3,13
-61,2,17
-60,2,19
-55,0,15
-65,4,18
-65,3,18
-59,2,14
-62,4,11
-62,4,13
-65,5,17
-62,5,15
-61,4,11
-62,5,10
-62,5,9
-63,5,6
-61,4,4
-63,2,-1
-65,1,-5
-71,1,-6
-71,2,-1
-64,3,10
-59,4,12
-58,5,5
-62,5,0
-66,5,-4
-67,4,-5
-68,4,-1
-66,4,1
-62,2,1
-62,2,2
-62,2,5
-63,3,3
-65,4,2
-65,4,1
-64,3,1
-64,3,1
-64,2,0
-64,4,2
-64,4,3
-64,4,2
-63,3,0
-65,3,-2
-64,3,-3
-60,2,-3
-60,3,-3
-67,7,0
-71,12,-2
-67,14,6
-62,14,5
-60,10,2
-61,9,0
-65,7,1
-63,4,0
-64,4,-1
-61,0,1
-62,0,1
-65,1,-2
-61,1,-5
-61,5,-9
-62,8,-8
-61,13,-7
-60,14,-9
-56,10,-12
-63,12,-12
-82,25,-21
-72,27,-24
-56,37,-29
-56,40,-29
-55,49,-36
-62,56,-39
-52,66,-7
-45,60,-9
-43,50,-29
-35,47,-34
-41,47,-42
-44,46,-41
-30,42,-27
-29,41,-22
-26,40,-15
-30,41,-14
-32,45,-7
-38,51,-4
-36,47,-1
-32,51,3
-32,45,4
-38,44,5
-43,49,7
-50,59,6
-61,63,7
-61,69,-5
-47,72,-6
-35,57,-1
-35,48,5
-36,32,21
-35,30,21
-36,29,14
-33,26,7
-48,32,-7
-54,31,-9
-51,28,0
-53,28,2
-56,22,-2
-54,20,-3
-49,19,2
-45,20,4
-58,29,11
-63,41,10
-62,49,12
-66,53,10
-72,58,9
-64,43,6
-61,37,3
-58,38,4
-54,42,9
-46,38,18
-43,33,20
-57,29,6
-52,26,4
-42,24,10
-52,25,4
-52,25,5
-42,17,12
-41,10,14
-46,12,17
-87,11,3
-85,14,-2
-53,19,-11
-36,29,-9
-29,44,-9
-33,71,-7
-31,83,2
-43,80,-6
-45,74,-15
-36,79,-21
-22,75,-19
-9,70,-5
-6,69,1
-14,59,4
-23,58,0
-2,73,3
8,75,17
80,81,72
38,72,49
3,72,12
-2,81,5
-25,76,-9
-27,63,-12
-26,62,-5
-21,65,-3
-16,63,-2
-12,59,-2
9,54,4
-27,50,-19
-20,56,-17
-20,61,-12
-27,58,15
-44,54,1
-21,60,7
3,70,9
-12,71,18
-10,74,35
-56,73,5
-36,90,9
-29,102,2
42,94,25
24,88,20
-13,69,-20
-4,55,-19
-17,51,14
-38,54,29
-46,42,12
-62,42,-5
-34,27,22
-21,40,26
-46,54,7
-32,51,11
-24,53,12
-38,47,14
-26,43,14
-27,28,7
-34,31,9
-47,51,6
-43,65,11
-38,71,16
-37,59,18
-37,53,7
-4,64,36
-37,80,53
-31,54,41
-40,45,25
-41,44,19
-44,48,27
-44,45,24
-31,36,16
-30,37,15
-22,36,20
-20,38,17
-34,39,13
-50,51,11
-58,65,7
-47,64,-2
-43,65,1
-37,46,5
-38,40,-3
-39,51,-17
-47,60,-17
-31,64,-13
-24,61,-3
-18,60,0
-29,58,-14
-56,63,-46
-54,68,-64
99,85,51
-6,80,14
-40,59,15
-67,54,-7
-33,59,24
-12,57,6
2,70,6
6,68,1
-87,40,5
-83,12,17
-44,-30,22
-79,15,0
-41,53,5
-36,106,20
-42,105,3
-44,58,-27
-56,23,-27
-43,46,-16
-36,52,-10
-28,74,5
-20,82,18
-21,85,52
-26,56,35
-20,40,20
-21,35,12
-22,26,8
-25,25,8
-23,35,10
-22,43,11
-23,75,9
-23,96,10
-31,99,-4
-42,85,-7
-30,62,1
-35,69,2
-37,66,-4
-23,66,-3
-20,65,-2
-22,60,1
-22,57,1
-22,54,1
-22,55,1
-19,58,0
-16,61,-6
-7,73,-17
-5,67,-21
-12,60,-21
-17,59,-19
-19,64,-16
-17,68,-17
-18,80,-12
-21,81,-5
-28,71,2
-26,63,1
-27,57,16
-31,64,38
-38,71,36
-38,71,22
-42,69,19
-57,58,7
-59,53,-5
-44,45,-15
-32,43,-11
-9,64,25
-20,73,31
-22,91,23
-15,77,19
-66,79,-6
-85,112,-20
-34,127,-5
-6,127,20
5,69,22
-7,49,13
-20,26,-1
-17,21,-1
-6,14,8
-2,8,15
-1,7,34
-11,9,45
-39,10,64
-53,16,71
-67,18,58
-46,21,46
-51,25,51
-24,22,53
-29,23,51
-35,23,62
-37,22,66
-33,16,56
-18,12,54
-22,14,52
-25,12,52
-18,10,47
-19,12,53
-17,11,52
-10,12,47
-14,17,46
-30,21,41
-31,23,31
-19,26,33
-42,35,45
-30,37,36
-40,45,39
-64,41,42
-60,41,40
-72,33,18
-78,25,9
-65,21,7
-57,15,8
-37,14,22
-41,11,19
-55,12,13
-34,18,33
-42,26,33
-62,30,25
-75,38,28
-66,36,37
-66,34,29
-68,39,15
-71,32,5
-65,23,3
-69,15,-2
-68,14,-6
-63,9,-7
-68,11,-8
-68,5,2
-59,6,10
-37,0,12
-56,8,2
-63,9,7
-41,13,32
-51,19,30
-59,11,14
-56,14,17
-61,19,28
-65,13,21
-61,9,23
-66,9,25
-70,12,18
-71,19,23
-74,25,30
-76,22,21
-53,22,15
-40,23,19
-38,21,0
-25,20,1
-30,12,-13
-27,18,-11
-26,31,-22
-37,43,-22
-47,53,-29
-47,55,-32
-40,74,-38
-58,88,-55
-61,84,-57
-64,92,-49
-54,75,-42
-37,47,-14
-38,51,0
-41,62,9
-37,64,8
-34,64,-2
-34,63,-6
-27,66,-8
-21,66,-5
-14,67,0
-10,68,2
-10,70,1
-12,71,-1
-16,67,-3
-18,64,-4
-23,59,-3
-24,61,-3
-24,56,-2
-30,48,5
-31,49,6
-34,57,5
-36,60,5
-28,53,8
-25,49,7
-17,51,-4
-27,50,-21
-49,45,-27
-38,42,-20
-32,39,-11
-36,42,-9
-35,46,-9
-35,49,-10
-29,43,-1
-33,44,-3
-20,36,-1
-21,33,-3
26,17,25
35,6,28
-29,12,-3
-41,33,-5
-32,62,-9
-33,77,10
-41,87,22
-47,103,16
-51,97,15
-61,107,13
-47,112,23
-10,89,22
-18,108,20
-24,127,28
-5,113,24
-2,107,18
5,93,23
-7,82,25
-6,73,29
11,74,44
10,80,56
11,60,56
30,61,53
42,59,41
29,49,18
10,37,13
-1,34,6
-23,23,-12
-16,18,-14
16,17,-30
-5,-8,-31
-65,-14,20
-59,-38,16
-82,-23,22
-87,-31,40
-82,-31,32
-90,-20,1
-104,-13,-10
-118,-10,-27
-83,-6,-8
-64,-3,-18
-78,-9,-40
-64,4,-22
-43,11,-5
-50,4,-34
-45,5,-28
-23,-39,-42
-24,-27,-53
-41,-17,-64
-61,-2,-35
-60,-29,-57
-53,-32,-43
-10,-26,-45
-19,-12,-43
-44,-25,-94
-24,-18,-88
-25,-12,-64
-23,11,-13
-27,11,-25
-26,-7,-54
-12,-11,-45
-31,-17,-46
-27,-6,-39
-29,-2,-60
-33,10,-94
-34,1,-71
-13,12,-60
-74,23,-69
-42,26,-84
-30,15,-46
-13,-5,-16
-38,4,-2
-74,7,-20
-60,-30,-48
-41,-19,-37
-41,9,-82
-19,32,-100
-42,10,-82
-2,11,-35
-17,15,-9
-43,-19,-82
-58,-13,-93
-51,-2,-29
-47,-1,-27
-61,32,-41
-56,28,-39
-31,19,-22
-47,-2,-40
-84,18,-28
-57,15,-8
-41,5,23
-51,11,-4
-55,13,-53
-47,14,-58
-55,-39,-25
-68,-17,-35
-23,35,-21
-18,22,-21
-57,32,-48
-80,33,-42
-81,7,-25
-71,3,12
-64,10,19
6,2,57
-14,15,58
-1,23,72
-4,27,75
-41,47,52
-45,45,39
-21,41,53
-23,34,51
-27,8,52
-19,2,53
-28,7,53
-38,14,44
-12,41,35
-1,56,36
-21,54,68
-26,46,72
-11,58,84
-1,29,77
-62,20,22
-41,31,38
-13,-2,57
5,27,64
10,-6,61
-33,28,55
-48,17,54
-28,8,37
-17,25,33
-54,86,59
-36,59,65
19,40,46
-5,47,42
-20,20,45
-30,33,56
-30,32,34
-8,41,52
24,38,69
12,36,63
-8,35,56
-15,31,70
-24,36,80
-24,38,62
14,34,57
22,34,57
34,-14,59
44,-25,61
3,-9,23
-54,10,5
-59,24,26
-70,46,23
-83,44,12
-56,49,30
-56,47,37
-17,40,61
2,45,76
-45,23,57
-46,25,55
-46,46,55
-23,42,53
-28,41,58
23,53,74
-23,56,24
-80,50,15
12,21,78
8,14,78
5,30,50
-8,46,27
-4,61,34
-2,46,34
-4,39,35
-9,57,33
2,61,38
-7,54,32
-13,60,34
-9,51,33
-14,56,36
11,61,55
5,54,26
20,41,6
79,64,69
5,76,28
-34,62,21
-16,64,45
-5,64,48
5,66,55
-5,65,54
-13,68,64
-13,66,60
-10,51,46
-12,46,38
-21,41,37
-17,44,42
19,27,49
22,6,53
15,-6,57
-4,-19,59
-14,-19,57
-29,-15,89
-5,-23,52
-31,-22,9
-35,-24,-1
-52,-15,-8
-74,-11,-11
-115,-8,6
-98,0,0
24,9,46
62,3,84
-7,-1,50
-28,5,28
-33,4,-19
-86,-5,-61
-73,-17,-35
-48,-25,-23
-39,-13,-19
-48,-4,-40
-64,0,-77
-31,-5,-56
-40,-22,-59
-41,-25,-51
-45,-19,-53
-39,-33,-68
-55,-25,-69
-48,5,-38
-52,3,-41
-33,-1,-43
-41,0,-29
-45,10,-43
-41,10,-42
-48,12,-51
-51,5,-63
-14,5,-74
-19,18,-60
-51,8,-57
-51,12,-48
-37,19,-37
-29,29,-28
-62,24,-36
-52,20,-29
-63,18,-27
-72,12,-40
-54,1,-39
-61,-6,-26
-108,0,-52
-63,4,-12
-65,-1,-17
-66,8,5
-58,0,-13
-39,0,-17
-51,-3,-34
-34,12,-20
-21,24,-7
-68,36,-34
-74,28,-37
-49,24,-40
-49,22,-51
-44,11,-68
-66,8,-77
-49,20,-12
-32,22,-16
-38,19,-45
-28,15,-44
-31,6,-61
-53,-26,-59
-59,-3,-52
-32,9,-53
-24,17,-40
-22,28,-41
-35,38,-47
-53,9,-24
-43,-14,-20
-66,3,-26
-65,14,-10
-55,-4,21
-55,-1,22
-38,7,56
-50,25,57
-56,18,54
-29,28,50
1,40,55
-26,36,44
-21,38,48
-16,37,50
14,24,48
2,28,50
-15,38,43
-12,38,48
-19,39,55
-5,35,71
-7,32,73
5,40,57
11,41,53
-2,50,40
0,42,38
-15,37,49
-24,32,57
-20,35,63
-15,32,62
4,31,51
-10,38,55
-23,36,79
-40,28,80
-36,21,73
-24,28,68
24,51,25
27,67,23
-13,39,21
9,7,59
-46,5,78
1,7,80
6,41,66
-2,40,59
-10,27,56
0,6,71
8,8,62
0,18,51
25,24,55
-26,45,62
-36,28,52
0,40,58
14,42,54
16,37,65
-13,27,62
8,16,64
36,14,45
24,29,53
-5,29,49
4,48,44
30,45,81
11,21,88
7,16,89
3,15,84
-12,13,73
-35,8,43
-36,-2,9
-39,-5,-3
-46,9,8
-48,18,10
-52,32,8
-42,40,20
-48,56,34
-65,53,28
-79,49,35
-75,41,26
-54,28,30
-54,26,32
-77,21,16
-59,17,21
-42,10,32
-47,10,40
-45,23,30
-20,50,58
-57,56,64
-59,67,52
31,37,44
-5,25,40
-27,50,78
25,36,54
54,11,-3
29,49,26
25,45,39
25,37,51
43,34,46
23,19,34
-3,23,57
0,13,67
23,30,65
18,34,60
15,23,58
22,16,59
20,24,56
11,23,44
8,28,48
7,43,57
25,58,55
30,51,63
7,59,59
-31,42,46
-39,36,42
-19,43,53
-14,44,51
-46,46,14
-62,49,8
-63,51,-14
-64,44,-11
-50,50,0
-73,57,10
-64,61,34
-48,33,53
-32,35,60
-17,51,61
-14,52,53
-11,52,53
-27,58,69
-38,63,51
-9,74,-3
10,69,18
-6,54,7
-22,61,-7
-20,65,-4
-3,68,-9
-3,66,-1
2,64,3
-6,66,-11
-6,65,-5
-5,64,-3
-8,64,-10
-5,63,-4
-5,64,-5
-5,63,-8
-6,63,-7
-3,64,-12
-3,65,-12
-3,64,-12
-5,62,-9
-9,62,-7
-9,62,-7
-5,64,-9
-7,63,-9
-8,64,-9
-10,63,-8
-9,64,-9
-9,63,-7
-4,64,-4
-9,63,-5
-9,64,-7
-7,64,-6
-8,63,-9
-10,63,-3
-12,63,-3
-14,63,-5
-13,63,-4
-9,63,-1
-9,64,0
-12,63,-4
-9,64,-4
-8,64,-1
-9,64,-4
-9,65,-4
-8,65,-3
-13,62,-2
-15,62,-1
-9,63,0
-10,64,0
-10,64,-2
-10,64,-2
-11,64,-2
-13,63,-1
-13,63,0
-9,63,-2
-11,64,-1
-10,64,-2
-6,64,-4
-7,65,-4
-12,63,0
-13,63,-5
-10,64,-1
-11,64,-3
-10,64,-5
-10,64,-3
-10,64,-3
-11,64,-3
-10,63,-1
-9,63,-1
-9,64,-1
-7,64,0
-9,64,-1
-8,63,-1
-10,64,0
-10,64,-1
-10,64,-1
-12,63,0
-13,62,3
-12,63,0
-12,63,1
-9,64,-2
-7,66,-7
-9,64,-4
-11,63,0
-9,63,0
-8,64,0
-10,62,3
-9,63,7
-7,65,2
14,85,-19
0,107,-1
18,99,-17
8,99,-6
15,73,-9
5,55,-9
21,59,-10
17,55,-19
5,42,17
-9,67,17
-1,70,2
-1,73,4
1,73,7
2,77,6
9,76,6
19,80,5
15,93,-7
1,93,-3
-1,97,-4
-9,88,-9
-16,83,-9
-27,84,-8
-25,92,8
-18,90,5
-6,76,5
-9,61,1
-9,54,1
-8,37,6
-15,36,7
-22,40,10
-29,39,10
-29,34,15
-34,34,14
-37,38,13
-30,38,11
17,41,4
5,43,4
-50,36,57
-99,55,57
-49,57,-15
-34,54,-17
-41,54,-16
-55,47,-13
-47,48,-3
-44,50,7
-47,51,4
-43,46,-2
-43,48,-4
-43,52,-9
-46,44,-8
-43,34,-1
-41,29,2
-35,24,15
-45,27,24
-46,24,33
-50,46,21
-65,45,4
-58,26,-5
-6,41,8
9,45,15
-6,53,19
-24,53,11
-48,40,-10
-64,47,-30
-62,49,-39
-44,36,-45
-42,30,-45
-44,25,-52
-36,33,-37
-38,52,-43
-38,57,-60
-17,65,-55
-39,62,-44
-43,74,-40
-32,64,-31
-27,54,-35
-32,49,-20
-13,43,-24
7,44,-28
-4,39,-38
-5,41,-38
-10,39,-42
-12,45,-48
-7,38,-54
1,36,-45
-2,42,-55
-3,38,-58
-3,36,-63
-16,39,-53
-12,36,-57
-7,29,-53
-7,26,-46
-14,22,-54
-28,17,-65
-28,28,-58
-3,26,-19
-39,42,10
-60,42,-1
-77,49,-24
-67,40,-26
-24,44,-13
-12,48,-2
-13,57,13
-15,64,19
-41,91,19
-42,92,18
-23,71,5
-13,65,4
-3,54,7
-6,56,7
-13,57,5
-24,59,9
-28,58,10
-24,52,16
-23,49,24
-7,64,66
-12,75,46
-33,63,7
-34,66,5
-27,59,2
-22,57,2
-18,55,6
-21,58,9
-26,59,7
-27,55,4
-28,56,1
-27,60,1
-24,69,1
-21,74,2
-18,75,3
-16,71,2
-16,60,2
-17,57,0
-20,55,-2
-19,58,-2
-18,63,0
-14,64,18
-18,63,35
-7,76,45
-1,66,29
-28,61,12
-38,59,8
-18,62,10
-20,64,8
-21,84,8
-10,80,8
-29,55,-21
-18,59,-10
-30,63,-26
-38,60,-1
-30,50,24
-52,59,-2
-51,57,-12
-49,60,-10
-51,59,-6
-53,56,-11
-44,57,-6
-63,55,-8
-59,53,5
-11,40,24
-13,40,17
-34,36,4
-62,33,-14
-17,27,5
-1,35,24
-23,46,57
-25,45,50
-27,41,29
-30,41,12
-63,46,2
-66,44,9
-54,45,29
-68,49,37
-38,37,43
-25,35,33
-32,37,25
-29,38,31
-27,31,20
-15,30,23
-3,47,41
-37,54,8
-89,41,-24
-76,43,-12
-54,39,0
-38,39,13
-36,39,18
-56,40,5
-70,39,-5
-43,39,11
-35,41,22
-43,41,31
-43,41,37
-25,44,60
-22,45,58
-41,47,30
-44,52,23
-60,42,13
-55,35,17
-40,32,17
-51,39,17
-41,35,24
-29,28,30
-32,30,34
-40,22,21
-33,20,33
-63,38,15
-68,37,5
-50,31,11
-50,31,16
-49,24,12
-37,27,15
-17,32,27
-15,37,39
-4,47,47
-18,58,46
-54,58,15
-57,46,-7
-62,44,-32
-49,47,-13
-33,56,15
-41,64,10
-57,56,-15
-57,62,-15
-60,68,-35
-94,70,2
-64,62,-4
-52,46,-22
-39,40,-21
-32,29,-17
-23,33,-10
-26,46,11
-18,45,23
-27,50,37
-28,57,47
-46,49,7
-32,52,10
-44,52,4
-54,54,4
-44,50,-4
-36,53,-8
-25,53,-5
-32,49,-19
-12,49,-44
0,73,-25
9,77,-10
12,70,-21
31,98,4
65,97,-12
14,93,29
43,79,48
-31,78,-9
-70,95,-17
-37,96,-23
-30,79,-17
-4,60,-9
-26,40,-18
-49,38,-20
-34,23,2
-31,19,7
-43,25,4
-27,34,12
-54,41,-2
-38,40,-9
-51,49,-19
-43,44,-18
-25,46,6
-70,69,10
-30,48,5
-7,42,5
-72,64,2
-59,68,2
-20,65,1
-46,69,8
-40,65,6
-23,53,-7
-43,60,-10
-24,47,4
-4,45,11
-53,52,3
-39,42,9
-22,47,22
-26,44,19
-16,41,15
-39,54,7
-45,36,9
-27,26,20
-31,27,40
-78,46,30
-50,47,45
-39,41,35
-56,43,15
-45,46,16
-27,48,26
-34,41,20
-30,39,20
-26,43,31
-33,39,29
-38,45,23
-31,41,17
-33,53,-6
-37,55,-14
-51,49,-22
-37,50,-18
-57,71,-24
-21,88,13
37,89,38
-11,84,17
-93,73,-19
-56,64,-18
-22,76,-8
-27,71,-15
-15,37,10
-45,28,26
-59,2,26
-62,9,11
-33,32,20
-16,34,28
-39,54,30
-41,62,25
-22,98,22
-18,57,34
-17,53,31
-22,59,20
-14,66,12
-22,58,0
-22,61,0
-28,65,1
-29,66,4
-35,71,3
-34,70,3
-25,71,5
-20,69,5
-21,67,4
-23,65,6
-21,62,0
-21,65,0
-18,56,0
-13,51,-2
-7,48,2
-9,50,5
-15,54,8
-13,57,9
-11,60,9
-12,63,9
-12,68,9
1,69,46
-11,75,31
-66,59,-26
-65,51,-21
-48,53,-13
-33,50,-8
-16,52,6
-15,54,9
-28,55,2
-33,57,-1
-30,57,-3
-33,59,-1
-38,57,2
-50,55,5
-53,51,-1
-59,54,0
-64,60,-13
-71,61,-17
-65,70,-7
-68,66,-4
-70,70,9
-63,71,21
-49,63,55
-74,61,47
-56,51,37
-47,41,37
-39,31,28
-16,8,20
-14,1,17
-6,-10,15
-7,-9,21
-20,-6,31
-9,-8,37
-78,24,25
-78,20,99
7,-38,-4
-14,-33,1
-58,-40,77
-54,-17,43
-19,-25,45
-35,-25,54
-25,-32,46
-30,-29,48
-30,-25,52
-26,-25,48
-46,-25,52
-31,-22,50
-34,-29,49
-41,-27,43
-31,-27,48
-38,-26,41
-41,-27,44
-34,-25,43
-37,-25,45
-41,-26,44
-40,-25,43
-39,-21,38
-40,-22,35
-49,-20,24
-51,-21,21
-51,-21,31
-40,-28,39
-45,-23,33
-49,-26,35
-55,-30,30
-54,-28,27
-52,-26,31
-52,-26,25
-47,-22,34
-54,-19,33
-52,-12,28
-66,-14,20
-55,-15,23
-33,-8,43
-41,-8,42
-32,-10,44
-26,-10,47
-30,-8,56
-32,-9,60
-31,-5,70
-28,-4,62
-37,2,38
-52,2,29
-76,13,12
-65,16,8
-52,19,-13
-64,23,-22
-45,26,-22
-56,29,-35
-61,36,-35
-52,38,-29
-43,42,-31
-42,46,-34
-40,53,-32
-31,54,-32
-40,50,-38
-38,43,-24
-35,41,-19
-34,44,-21
-32,48,-29
-32,57,-41
-29,62,-41
-29,65,-29
-26,63,-14
-30,64,-7
-33,62,-12
-30,59,-16
-30,56,-15
-20,56,-15
-21,56,-16
-21,58,-18
-15,60,-17
-20,59,-21
-27,61,-18
-34,60,-8
-26,57,-16
-32,56,2
-36,53,8
-34,57,-3
-28,62,7
-31,66,8
-31,45,-6
-34,44,-5
-23,60,6
-13,62,12
-38,48,21
-31,45,26
-24,54,29
-13,56,25
-22,52,28
-27,54,30
-28,52,23
-23,54,28
-11,57,25
-15,56,26
-45,52,31
-38,49,29
-24,51,23
-25,50,18
-30,56,23
-32,56,28
-32,55,31
-23,54,26
-22,51,27
-26,52,28
-25,50,26
-28,54,27
-26,53,24
-19,57,26
-20,57,26
-30,56,22
-21,54,27
-19,54,23
-20,57,21
-18,58,25
-23,56,23
-23,54,22
-18,56,26
-21,59,19
-22,59,17
-24,59,21
-28,58,20
-32,63,16
-36,62,16
-25,53,22
-18,54,25
-19,57,14
-21,57,13
-17,56,15
-16,55,15
-21,55,13
-23,61,24
-15,65,26
-28,62,17
-30,61,14
-25,55,11
-28,55,9
-26,56,7
-27,58,9
-32,57,5
-32,57,6
-33,56,4
-33,57,4
-30,57,4
-33,58,4
-30,58,7
-30,58,4
-34,57,-1
-31,57,-1
-31,55,-2
-32,56,-1
-33,57,1
-23,51,-6
-22,50,-7
-39,57,-5
-40,57,0
-35,56,3
-34,57,-2
-36,58,-3
-31,58,-8
-38,50,-12
-32,51,-11
-33,54,-11
-36,54,-10
-26,60,-9
-24,58,-11
-28,52,-17
-30,51,-19
-33,51,-18
-31,54,-14
-35,55,-15
-34,57,-17
-32,56,-16
-28,55,-18
-26,54,-18
-25,56,-19
-31,58,-21
-27,56,-20
-20,55,-19
-21,54,-21
-19,53,-24
-18,50,-26
-19,50,-25
-22,52,-24
-21,55,-22
-24,61,-23
-22,61,-16
-18,63,-19
-18,63,-16
-14,60,-18
-15,60,-18
-17,58,-18
-16,57,-19
-19,59,-15
-19,61,-16
-19,63,-15
-14,62,-15
-13,61,-18
-18,60,-9
-22,52,-26
-11,56,-18
-16,57,-23
-19,52,-26
-16,53,-29
-14,56,-24
-14,57,-22
-16,62,-14
-15,62,-15
-15,61,-21
-17,56,-16
-13,56,-27
-12,56,-25
-18,59,-17
-16,60,-20
-15,57,-25
-14,55,-25
-15,60,-21
-15,58,-19
-15,60,-21
-15,56,-22
-17,57,-24
-15,61,-19
-16,59,-19
-15,55,-25
-16,57,-23
-13,64,-17
-18,67,-4
-8,61,-25
-4,51,-27
-32,51,-26
-13,60,-21
-15,60,-20
-17,64,-14
-22,66,-17
-22,65,-16
-29,65,-27
-22,65,-3
-8,60,5
-10,62,-8
-12,61,-17
-16,59,-9
-9,62,8
-11,63,12
-10,74,13
-25,78,-1
-35,70,-23
-25,59,-50
-38,61,-37
-1,70,-10
18,65,16
20,48,34
4,44,23
-18,50,12
-16,52,8
-30,63,-6
-39,75,-10
-40,79,-7
-37,84,-4
-27,109,-6
-26,103,-9
-20,112,-18
-15,97,-15
-15,72,-6
-14,83,-10
-11,81,-11
-12,71,-9
-9,69,-10
-9,55,-10
-10,50,-10
-13,47,-10
-16,45,-10
-20,44,-7
-24,43,0
-43,28,33
-36,30,35
-57,51,14
-70,62,6
-53,67,-1
-46,68,-2
-23,70,10
-10,71,21
0,61,88
2,53,127
-15,62,33
-8,41,3
-29,63,-1
-35,67,6
-32,65,10
-25,64,13
-32,59,14
-42,57,-16
-76,74,-27
-73,91,-23
-74,82,-23
-70,59,-17
-66,48,-20
-75,33,-24
-77,27,-24
-73,15,-21
-68,6,-24
-63,-13,-25
-55,-20,-25
-54,-28,-26
-52,-28,-22
-44,-31,-20
-36,-33,-12
4,-29,-2
-9,-29,-13
-30,-19,-7
-8,-15,21
-18,-19,29
-19,-23,33
-13,-32,48
-24,-53,22
-20,-53,30
-14,-55,39
-13,-53,45
-18,-54,42
-15,-55,40
-7,-51,40
-6,-51,40
-3,-44,40
-4,-42,35
-2,-41,27
8,-41,22
21,-37,33
32,-42,41
31,-42,46
41,-44,51
53,-28,57
39,-23,29
57,-16,9
57,-12,9
50,-7,12
57,-5,27
66,-9,6
86,-9,5
53,-12,-42
49,-14,-18
55,-14,-18
44,7,-50
11,25,-60
-95,54,-66
-123,39,-88
-111,5,-69
-91,13,-23
-104,10,-22
-79,15,-19
-60,56,1
-39,59,13
-12,107,64
-8,127,54
-111,127,-47
-120,103,-51
-71,63,-31
-44,62,-9
-25,63,12
-20,56,14
-20,48,8
-24,50,4
-32,55,-3
-32,57,-5
-28,57,-5
-23,59,-1
-23,59,1
-25,60,3
-26,61,4
-28,63,4
-29,63,4
-27,64,5
-25,64,6
-20,64,9
-18,63,10
-15,62,13
-13,60,15
-13,59,17
-14,58,18
-17,57,16
-18,57,14
-21,57,13
-23,58,11
-26,61,9
-27,61,8
-29,62,5
-28,63,6
-26,63,7
-22,64,7
-21,63,7
-22,63,5
-26,64,7
-35,58,7
-36,55,-5
-38,54,-6
-30,54,2
-14,54,21
1,58,43
-14,62,30
-24,58,18
-33,59,6
-37,60,5
-34,56,9
-28,55,11
-27,54,11
-26,53,14
-31,55,17
-33,55,16
-34,58,14
-33,59,13
-29,60,12
-25,60,11
-24,59,10
-24,59,11
-24,59,11
-25,58,12
-24,58,12
-22,59,12
-21,59,12
-19,60,14
-21,60,14
-24,60,13
-25,59,13
-26,59,12
-26,59,11
-26,59,11
-25,59,12
-24,60,11
-23,60,11
-22,60,12
-21,60,12
-19,62,12
-19,61,12
-20,60,11
-23,58,13
-25,59,13
-25,58,14
-25,57,14
-21,59,14
-20,59,13
-21,61,11
-22,61,10
-24,62,11
-24,61,12
-24,59,13
-22,59,12
-21,58,13
-21,58,13
-20,59,13
-20,60,12
-21,62,12
-21,61,12
-22,61,13
-23,59,13
-24,58,13
-24,58,13
-25,57,13
-25,59,12
-24,59,12
-24,61,11
-24,61,11
-23,61,12
-24,60,13
-24,58,13
-24,57,14
-25,57,13
-25,59,13
-24,61,13
-23,61,12
-21,60,12
-21,60,12
-22,59,12
-22,58,12
-21,57,13
-21,57,13
-22,59,12
-22,60,12
-24,61,12
-25,61,12
-27,60,12
-29,59,12
-28,59,12
-26,59,12
-26,59,12
-24,60,11
-24,60,11
-22,60,11
-22,60,11
-21,60,11
-21,59,12
-20,59,12
-20,59,13
-21,59,12
-22,58,12
-23,58,12
-23,59,12
-24,61,12
-24,62,11
-25,61,11
-24,60,11
-23,60,11
-23,60,11
-22,60,10
-22,60,10
-23,58,10
-23,58,12
-24,59,11
-24,61,11
-25,62,11
-25,62,11
-24,61,11
-23,60,11
-23,59,11
-22,59,12
-21,59,12
-21,59,12
-21,60,12
-22,60,12
-22,60,12
-22,60,12
-22,60,12
-22,61,12
-23,60,12
-24,59,12
-23,60,12
-23,62,13
-23,59,13
-23,57,13
-22,57,13
-22,59,13
-20,61,13
-19,62,13
-20,61,12
-19,59,12
-18,60,10
-18,59,11
-18,59,12
-18,61,13
-18,58,13
-19,59,14
-20,59,14
-22,58,14
-24,61,11
-25,60,10
-30,59,9
-32,61,9
-31,65,11
-29,62,11
-23,60,13
-21,60,13
-22,60,11
-23,60,9
-23,59,10
-20,59,10
-20,58,10
-21,60,9
-20,60,10
-19,61,11
-18,61,12
-18,61,13
-18,60,13
-20,60,14
-21,59,13
-23,60,13
-24,59,13
-26,59,12
-26,59,11
-26,60,11
-26,60,11
-26,59,10
-26,59,11
-25,59,10
-24,59,10
-23,60,11
-23,61,12
-22,60,13
-22,60,14
-21,60,14
-22,60,13
-22,59,12
-23,59,11
-23,58,10
-24,59,10
-24,59,11
-24,60,12
-24,60,13
-24,60,13
-24,59,13
-24,59,12
-24,59,12
-24,59,12
-24,59,12
-24,59,12
-24,59,12
-24,59,12
-23,59,12
-23,59,13
-24,59,13
-24,59,12
-24,59,12
-24,59,12
-24,59,12
-23,59,12
-24,59,12
-24,59,12
-24,59,12
-24,59,12
-24,59,12
-24,59,12
-24,59,12
-24,59,12
-24,59,12
-24,59,12
-24,59,12
-24,59,12
-24,59,12
-24,59,12
-24,59,12
-23,59,12
-23,59,12
-23,59,12
-24,59,12
-23,59,12
-24,59,12
-24,59,12
-24,59,12
-24,60,12
-24,59,12
-24,59,12
-24,59,12
-24,59,12
-24,59,12
-23,59,12
-23,59,12
-23,59,12
-24,59,12
-23,60,12
-24,60,12
-24,59,12
-23,59,12
-24,60,12
-24,60,12
-24,59,12
-23,60,12
-23,59,12
-23,59,12
-23,59,12
-24,59,12
-24,59,12
-24,60,12
-23,60,12
-23,60,12
-23,60,12
-23,60,12
-23,60,12
-22,59,12
-22,59,12
-24,60,13
-24,60,12
-24,60,12
-24,60,12
-23,59,12
-23,59,12
-23,59,12
-22,58,12
-22,58,12
-23,60,11
-23,60,11
-23,60,12
-22,60,12
-22,61,12
-22,61,11
-22,59,10
-22,58,10
-23,57,9
-25,58,9
-26,60,10
-26,61,11
-25,61,12
-26,61,12
-26,61,11
-26,60,10
-25,59,10
-24,60,9
-22,60,10
-22,61,11
-20,61,11
-19,61,11
-19,60,11
-19,61,11
-19,60,10
-19,60,11
-20,60,11
-22,59,11
-22,59,12
-24,60,11
-25,60,11
-26,60,10
-26,60,10
-25,59,10
-25,59,10
-24,59,10
-24,59,11
-23,60,11
-22,60,11
-22,60,10
-22,60,10
-21,60,10
-21,60,11
-22,60,12
-22,60,11
-23,60,11
-23,60,11
-23,59,10
-23,59,10
-23,60,10
-23,61,10
-23,61,11
-22,61,11
-22,60,11
-21,60,11
-21,59,11
-22,59,10
-23,59,10
-24,59,11
-24,59,11
-25,59,11
-25,59,11
-25,60,10
-25,60,10
-24,59,11
-23,59,10
-23,60,11
-23,60,11
-22,60,11
-22,60,11
-23,60,11
-23,59,10
-23,59,10
-23,60,10
-23,60,10
-23,60,10
-24,59,11
-24,60,11
-24,60,11
-24,59,10
-24,60,10
-23,60,10
-24,60,10
-24,59,10
-23,59,11
-23,60,11
-24,61,11
-23,60,10
-23,60,10
-22,60,10
-23,60,10
-23,59,11
-23,59,11
-24,60,10
-25,60,10
-25,60,10
-25,60,10
-24,60,10
-23,60,11
-22,60,10
-22,60,11
-22,60,11
-22,59,11
-23,60,11
-24,60,10
-24,60,11
-24,60,10
-25,60,10
-24,59,10
-23,59,10
-23,59,10
-23,60,10
-23,60,10
-23,60,10
-23,60,10
-23,60,11
-23,59,11
-23,59,11
-23,59,11
-24,59,10
-25,60,10
-24,59,10
-24,60,10
-24,60,11
-24,60,11
-23,60,10
-23,59,10
-23,59,10
-24,59,11
-24,59,10
-24,60,11
-24,60,10
-24,59,10
-24,59,10
-24,59,10
-24,59,10
-24,59,10
-24,60,10
-24,61,10
-24,60,11
-23,60,11
-23,59,11
-23,59,12
-23,60,11
-24,59,10
-24,59,10
-24,59,10
-25,59,10
-25,59,10
-25,59,10
-24,60,10
-24,61,10
-23,61,11
-22,61,11
-21,60,11
-21,60,10
-20,61,10
-21,61,10
-21,61,10
-20,61,10
-19,61,11
-19,61,11
-20,61,12
-21,60,11
-23,60,12
-24,60,11
-25,59,11
-25,59,10
-25,59,10
-25,59,10
-25,59,10
-24,59,12
-23,59,12
-23,58,13
-24,58,13
-25,58,12
-25,58,12
-27,58,11
-27,58,11
-28,59,12
-27,59,13
-27,58,13
-27,58,14
-26,57,13
-27,57,13
-28,56,12
-28,56,12
-28,57,11
-27,57,11
-27,59,13
-25,59,13
-25,59,14
-22,59,14
-22,59,14
-22,58,14
-23,58,14
-25,57,13
-26,58,13
-28,59,13
-29,58,13
-28,58,12
-28,58,12
-26,58,13
-25,58,13
-25,58,13
-24,58,13
-24,58,13
-24,58,13
-25,58,13
-25,58,13
-25,58,13
-25,58,13
-26,59,13
-26,59,14
-25,59,13
-25,60,13
-24,59,13
-23,58,13
-23,58,13
-24,59,13
-24,59,13
-25,59,14
-25,59,14
-25,59,13
-25,59,13
-25,58,13
-24,58,13
-24,57,13
-24,58,13
-25,58,13
-25,59,13
-25,59,13
-25,59,14
-25,59,14
-25,59,14
-24,59,13
-24,59,13
-24,59,13
-24,59,13
-24,59,13
-24,59,13
-24,59,13
-24,58,13
-24,58,13
-24,58,13
-25,59,13
-25,59,12
-25,59,12
-25,59,13
-25,59,13
-24,59,13
-24,59,13
-24,59,13
-24,58,13
-23,58,12
-23,59,12
-23,60,12
-23,60,12
-24,60,13
-24,59,12
-23,59,12
-23,59,13
-23,58,12
-24,58,10
-24,59,11
-24,59,12
-24,58,12
-25,60,12
-25,59,12
-24,59,11
-24,59,11
-24,59,11
-24,60,11
-24,59,11
-25,59,11
-25,59,11
-25,59,11
-26,58,11
-26,58,10
-27,59,10
-27,59,10
-27,58,10
-27,58,10
-28,59,10
-27,58,9
-27,58,9
-26,59,9
-26,59,9
-26,59,9
-26,59,8
-25,60,8
-25,59,7
-24,60,8
-24,60,8
-23,60,9
-23,60,10
-22,61,9
-21,61,9
-20,62,9
-20,62,8
-19,61,8
-19,61,9
-18,59,10
-18,59,11
-21,60,11
-22,61,10
-23,61,10
-23,61,9
-24,61,9
-24,61,9
-23,60,9
-23,60,9
-23,60,10
-22,60,10
-22,60,10
-23,60,10
-23,60,10
-23,59,10
-23,60,10
-24,60,10
-24,60,10
-24,60,10
-23,60,10
-23,59,10
-22,60,10
-22,60,10
-23,59,11
-23,60,10
-23,60,11
-24,60,11
-24,60,11
-24,60,10
-24,60,10
-23,59,10
-23,60,10
-23,60,10
-23,60,10
-22,60,11
-22,60,11
-22,60,11
-23,60,11
-23,60,11
-24,60,11
-24,60,11
-23,61,12
-23,60,11
-23,62,10
-22,62,10
-22,62,11
-23,62,15
-23,65,18
-20,65,17
-13,64,19
-12,64,18
-16,62,14
-18,64,11
-14,63,10
-18,60,7
-22,57,6
-21,50,8
-21,48,11
-23,50,17
-35,51,17
-39,53,28
-36,48,20
-32,49,7
-30,54,8
-35,72,8
-38,74,8
-40,58,0
-40,54,-3
-34,53,-4
-34,51,-5
-33,49,-2
-31,51,1
-28,59,4
-32,65,5
-30,71,4
-30,71,2
-23,67,1
-18,55,5
-15,51,8
-16,48,5
-18,47,5
-46,55,10
-45,54,22
-34,60,36
-42,65,25
-51,63,9
-49,60,8
-50,59,20
-49,60,22
-49,64,22
-61,66,23
-68,67,27
-59,65,33
-59,61,31
-63,53,24
-54,41,23
-44,33,21
-37,23,19
-26,17,20
-26,10,32
-5,12,33
-11,5,37
-7,11,47
-14,11,49
-22,6,54
-22,5,56
-16,4,55
-20,3,56
-14,0,59
-9,0,63
-14,0,62
-13,-1,61
-14,-3,59
-13,-4,60
-12,-3,67
-13,-4,69
-15,-5,65
-13,-5,65
-9,-4,57
2,-11,63
2,-24,67
-8,20,70
-4,8,66
-2,0,65
5,1,65
-1,6,66
-8,5,61
-30,5,64
-49,12,62
-33,15,64
-30,13,65
-49,-11,54
-27,-12,57
-17,-20,49
-17,-16,49
-5,-13,58
1,-11,61
6,-10,64
5,-8,64
12,-7,59
8,18,54
-8,6,73
-19,0,64
-6,-6,64
-2,-5,64
-16,-10,56
-8,-11,67
-3,-3,64
-3,-4,68
-6,-12,57
0,-1,62
-3,-3,62
-13,-11,62
-11,-11,62
-12,-11,64
-15,-10,65
-19,-8,66
-17,-4,65
-18,-2,65
-17,0,65
-14,4,65
-15,7,66
-13,10,62
-9,11,60
-5,13,62
-9,9,61
0,9,66
0,5,64
-2,6,62
-1,3,75
-5,6,64
-5,5,64
-2,6,67
6,0,77
3,4,68
-9,9,52
-4,12,48
-16,5,63
-18,-1,62
-11,0,62
-12,-2,62
-13,-1,60
-16,-1,56
-13,-2,50
-12,0,44
-1,22,40
-6,19,35
-7,30,24
-17,32,20
-40,34,32
-35,35,44
-47,44,41
-69,51,31
-76,52,31
-72,49,36
-116,46,36
-89,45,38
-82,36,20
-68,30,14
-60,23,21
-65,16,21
-67,16,21
-67,14,21
-61,13,23
-56,11,24
-56,10,25
-57,9,30
-60,11,32
-46,16,37
-39,18,38
-51,22,33
-59,30,33
-42,46,29
-36,52,30
-24,43,31
-25,35,29
-36,32,19
-39,26,12
-43,21,11
-45,19,13
-40,18,17
-45,18,18
-50,18,20
-50,20,25
-52,21,21
-64,19,18
-71,19,18
-69,23,16
-68,26,17
-78,24,17
-74,30,18
-55,31,30
-50,29,35
-63,21,16
-70,21,8
-75,16,-14
-74,17,-17
-68,18,-2
-60,16,4
-44,11,16
-41,6,24
-48,4,24
-47,6,36
-35,9,59
-61,22,69
-59,23,68
-45,9,43
-57,9,36
-54,10,51
-48,11,57
-51,15,56
-45,14,54
-29,12,43
-31,7,25
-44,3,5
-37,-2,0
-20,-15,-2
-33,-20,-6
-28,-20,4
-41,-24,3
-68,-12,7
-63,-3,23
-87,3,28
-91,-3,29
-82,-6,30
-71,-9,31
-55,-16,30
-51,-16,30
-47,-11,32
-45,-12,33
-58,-6,42
-115,34,-10
-128,55,-25
-103,58,28
-83,44,29
-65,22,8
-64,14,3
-27,-1,-3
1,-3,13
-21,-11,-4
-8,-17,-5
-13,-29,5
-15,-25,15
-28,-18,22
-49,-11,24
-67,2,19
-48,2,17
-86,11,2
-98,21,9
-50,6,29
-31,15,24
-31,26,25
-22,50,30
-7,70,29
-62,127,24
-55,127,27
-25,127,4
-36,127,17
-56,82,20
-44,40,30
-19,1,34
-12,-11,25
-11,2,17
-16,11,23
-16,31,29
-17,55,19
-55,94,5
-50,98,9
-38,71,20
-39,59,29
-46,54,20
-50,53,14
-40,52,5
-44,78,4
-44,95,3
-36,119,-2
-29,104,-4
-32,99,-6
-33,84,-6
-32,58,-2
-27,52,-2
-23,35,1
-24,32,3
-19,30,-2
-18,31,-7
-26,44,-9
-26,52,-1
-22,65,11
-25,68,11
-32,86,9
-32,73,12
-39,67,12
-37,74,14
-30,69,16
-32,64,13
-26,54,14
-22,54,10
-30,55,1
-33,53,4
-33,52,9
-38,51,2
-52,49,-6
-65,47,-4
-89,48,-29
-13,56,19
-23,65,18
-26,76,14
-26,71,11
-31,60,-7
-26,61,-4
-38,68,6
-31,64,11
-20,46,14
-15,42,9
-32,36,-1
-25,34,-8
20,56,43
58,61,44
-31,85,-7
-68,110,-6
-49,114,31
1,80,36
-20,75,2
-31,98,-16
-23,105,1
-47,93,5
-51,78,-2
-53,41,-7
-21,2,-18
75,-46,35
15,-22,30
-31,-14,11
-22,-13,0
-77,18,17
-116,47,11
-39,57,18
-38,57,15
-58,40,24
-61,49,23
-48,39,3
-65,23,1
-73,41,35
-67,53,48
-33,103,119
-47,88,87
-46,72,63
-23,40,32
-11,27,24
3,10,15
-8,-1,-12
-22,-16,-19
-4,-15,2
-27,-8,24
-39,-11,25
-35,-6,51
-37,-1,93
-29,-13,79
-18,-19,64
-20,-7,66
-24,-11,64
-12,-19,66
-11,-21,72
-17,-10,79
-27,3,85
-19,11,92
-16,9,90
-6,3,64
-13,6,47
-18,8,34
-24,-3,33
-4,-8,29
0,-28,10
4,-23,14
-28,-21,16
-42,-20,31
-61,-6,51
-60,-1,58
-59,18,78
-52,11,73
-43,-2,70
-39,-8,68
-31,-12,65
-28,-14,63
-58,8,69
-60,23,76
-82,56,77
-76,63,67
-61,53,57
-50,43,46
-24,19,25
-17,3,15
-1,-15,-2
0,-23,-7
-7,-24,-8
-46,-11,3
-68,-2,12
-63,22,27
-90,31,21
-96,37,13
-79,41,25
-62,16,37
-58,8,26
-71,22,20
-90,43,29
-79,74,39
-77,73,37
-60,67,16
-51,64,9
-43,40,2
-40,26,4
-54,8,7
-65,4,4
-55,-3,0
-50,-7,5
-58,-15,-7
-93,-9,-17
-108,19,-19
-83,93,-7
-74,108,-9
-75,102,2
-71,87,11
-40,50,9
-31,32,3
-35,17,-1
-37,20,0
-42,25,7
-45,31,8
-46,37,1
-53,40,1
-74,59,3
-72,59,3
-63,58,10
-48,48,18
-42,40,19
-37,33,21
-35,29,18
-33,28,17
-35,34,14
-39,41,13
-38,49,10
-45,54,8
-61,62,13
-69,72,30
-46,57,35
-38,45,34
-40,49,35
-44,52,39
-43,49,38
-38,39,34
-36,37,35
-33,33,30
-34,30,27
-34,26,28
-35,23,29
-43,21,29
-49,22,29
-47,24,33
-44,27,38
-53,25,39
-56,29,43
-45,34,55
-44,39,60
-45,52,53
-30,41,44
-27,29,35
-38,25,46
-38,33,56
-26,12,19
-22,5,8
-19,6,-8
-17,6,-10
-30,8,-14
-24,6,-5
-26,13,10
-52,17,-4
-87,19,-27
-80,20,-25
-68,14,-12
-92,17,-23
-102,40,-26
-84,36,-13
-63,15,1
-61,13,8
-55,18,8
-53,19,-3
-58,25,-9
-63,34,-15
-56,35,-14
-54,30,-10
-48,29,-3
-21,31,18
-44,39,-4
-86,44,-36
-87,52,-42
-65,96,-45
-58,91,-37
-56,68,-17
-52,61,-15
-32,28,-11
-26,11,-3
-21,4,6
-21,7,9
-18,-8,12
-16,-13,10
-45,4,-10
-54,5,-14
-76,9,-8
-103,18,-15
-96,40,-6
-56,16,13
-59,11,12
-75,7,-3
-72,5,-4
-83,40,1
-96,62,-2
-71,68,0
-57,48,4
-24,29,-5
-19,23,-13
-8,1,-7
-3,-6,-1
-13,-3,1
-19,-3,1
-49,19,-6
-54,33,-9
-91,57,-7
-110,67,-5
-95,89,23
-77,57,17
-70,44,12
-69,34,4
-50,20,-3
-44,18,0
-65,36,-3
-73,87,-10
-70,115,-12
-39,97,-5
-16,86,0
-5,59,1
-1,31,4
13,3,5
4,10,3
-9,8,-4
-11,4,-2
-38,17,-1
-53,31,-3
-63,61,0
-74,82,5
-74,73,12
-63,68,12
-60,48,6
-56,47,-1
-62,77,-3
-73,111,6
-47,127,-18
-41,99,-17
-47,97,-7
-35,61,2
-26,53,-3
-8,29,0
-7,20,2
-25,23,-14
-30,32,-20
-35,44,-20
-31,48,-21
-44,78,-17
-54,80,-15
-47,61,-15
-35,56,-11
-40,62,1
-40,63,3
-33,54,6
-30,50,7
-28,49,9
-32,50,9
-39,57,10
-38,57,9
-35,55,12
-33,54,14
-31,54,12
-26,50,11
-25,48,11
-29,48,10
-29,48,10
-32,54,11
-33,55,11
-42,69,10
-46,77,11
-41,62,11
-38,55,8
-38,60,7
-36,65,8
-29,64,6
-24,59,4
-24,51,3
-25,51,3
-27,54,3
-25,52,3
-21,45,4
-20,44,4
-17,39,5
-17,39,7
-22,41,10
-25,40,13
-25,39,15
-31,38,18
-36,41,21
-49,56,18
-51,56,13
-73,66,14
-67,62,11
-51,33,16
-51,30,16
-52,28,13
-53,34,10
-54,39,5
-55,38,6
-52,35,11
-50,36,13
-45,42,12
-43,43,9
-50,54,9
-54,67,10
-45,83,11
-41,87,15
-40,79,15
-40,61,13
-38,49,8
-35,29,6
-30,19,7
-19,5,12
-15,4,14
-19,6,8
-40,22,6
-60,37,11
-53,40,18
-81,56,14
-86,57,16
-71,49,21
-59,43,23
-52,30,19
-51,24,15
-42,13,17
-45,12,22
-61,50,25
-62,76,22
-54,97,23
-49,88,21
-44,71,14
-40,55,11
-30,28,0
-31,9,-2
-27,1,3
-15,-1,6
-20,6,6
-48,27,18
-48,25,18
-66,49,5
-91,54,1
-94,59,17
-81,49,21
-60,23,20
-65,11,15
-58,7,7
-52,7,5
-60,14,1
-91,34,-1
-82,89,8
-72,92,18
-59,80,22
-52,69,18
-39,40,9
-34,31,8
-35,19,7
-35,14,5
-28,14,5
-23,14,8
-25,15,7
-34,22,3
-47,29,2
-57,38,1
-82,43,2
-107,65,14
-97,55,24
-76,42,21
-73,37,15
-61,21,7
-56,15,5
-55,9,3
-47,6,5
-29,2,8
-25,3,8
-36,10,-1
-50,19,-6
-62,32,-12
-57,35,-12
-69,46,-11
-78,62,-13
-75,66,-13
-81,69,-18
-87,76,-19
-77,74,-15
-64,67,-12
-41,48,-5
-36,37,-3
-28,22,-3
-27,18,-3
-47,17,2
-61,22,2
-60,32,-7
-57,38,-12
-61,43,-15
-68,41,-14
-87,46,-10
-88,50,-5
-80,40,3
-73,37,8
-82,33,17
-78,31,19
-64,29,24
-54,26,30
-47,22,32
-46,20,32
-44,22,33
-35,20,41
-36,19,42
-27,15,42
-23,13,42
-16,9,46
-13,7,48
-18,5,51
-11,3,58
-7,-5,57
-6,-1,55
-1,-6,61
0,-4,63
-6,-3,58
-10,-5,60
-3,-4,72
-6,-7,67
3,-6,70
3,-4,67
4,-11,62
4,-5,56
15,-1,73
-1,-5,69
1,-2,66
4,-5,65
0,-8,60
0,-7,58
2,-6,58
1,-10,55
-1,-8,53
-3,-6,64
12,-4,72
11,-9,60
10,-9,47
10,-2,63
8,-2,61
13,1,75
20,3,75
14,-1,61
19,-7,63
14,-6,36
23,-5,58
6,-5,63
7,-6,61
13,-8,53
16,-5,48
15,5,43
8,8,36
2,6,34
-9,5,29
-8,6,30
-12,2,39
-15,5,44
-23,14,69
-47,13,53
-94,2,33
-99,-7,39
-75,-1,56
-70,1,56
-69,-1,51
-76,1,43
-80,-1,25
-76,2,27
-62,7,34
-53,8,35
-49,11,34
-49,12,34
-50,15,34
-48,18,34
-48,20,34
-50,23,34
-51,24,33
-48,24,31
-47,23,32
-45,24,33
-45,23,34
-47,20,34
-48,21,36
-54,18,38
-46,16,45
-41,19,52
-44,20,48
-48,19,33
-49,17,30
-49,16,35
-49,14,37
-50,11,40
-49,10,42
-60,13,39
-67,14,34
-48,12,37
-37,13,42
-24,14,51
-31,14,50
-40,15,47
-45,18,45
-46,19,44
-43,23,43
-38,25,41
-41,28,46
-53,33,56
-50,35,56
-45,35,46
-36,32,32
-32,28,27
-31,26,24
-41,31,25
-40,37,24
-31,38,25
-33,44,22
-30,49,23
-25,54,20
-21,59,20
-24,64,15
-23,67,16
-42,69,27
-62,65,27
-64,56,16
-47,55,-1
-37,55,-1
-24,61,-2
-24,59,-3
-15,55,5
-15,55,8
-19,58,9
-22,61,8
-26,62,7
-27,61,8
-30,65,6
-28,66,8
-20,55,10
-18,53,11
-15,59,9
-16,65,9
-20,75,11
-19,73,12
-17,64,9
-32,60,9
-27,60,13
-27,60,15
-27,59,14
-24,54,11
-23,52,10
-21,48,9
-18,46,10
-20,43,11
-21,48,15
-22,68,26
-28,74,31
-37,69,29
-29,65,20
-24,58,9
-24,58,8
-30,59,7
-26,59,8
-15,60,13
-16,59,13
-20,55,9
-22,55,8
-23,56,9
-23,56,11
-24,57,13
-25,58,14
-25,60,15
-28,61,13
-30,60,13
-32,53,9
-33,49,6
-31,50,5
-24,54,7
-20,58,10
-19,58,10
-18,58,7
-18,58,4
-9,56,2
-8,54,2
-9,55,-4
-8,56,-3
3,60,-10
10,62,-9
15,58,-12
9,62,-14
3,69,-12
3,72,-11
-8,59,-12
-2,66,-7
31,76,2
5,75,-15
-11,83,-8
25,76,1
4,80,-4
7,71,-10
-3,72,-23
3,78,-21
4,73,-21
-8,79,-29
-4,78,-19
-3,78,-30
-13,72,-32
10,64,-19
0,55,-22
-29,40,-27
-22,38,-18
-12,36,-15
-2,48,-10
-24,69,-18
-12,73,-15
-4,47,-13
-18,40,-10
-27,28,-1
-35,58,-6
-32,64,-11
1,74,-5
-7,93,15
-41,66,-11
-34,62,-8
-37,50,-5
-42,44,-7
-33,48,-3
-32,43,-1
-37,43,-2
-35,48,-2
-28,47,-5
-27,57,-1
-25,66,4
-24,62,1
-26,58,-6
-25,61,-2
-28,65,6
-26,68,9
-21,69,10
-21,69,7
-34,59,-5
-35,50,-10
-22,43,-9
-18,46,-7
-18,49,-9
-28,52,-20
-27,52,-23
-23,60,-19
-21,62,-14
-18,68,-10
-13,70,-6
-21,74,-9
-30,74,-14
-23,75,-12
-14,73,-8
18,67,9
-9,62,7
-38,66,5
-33,63,6
-38,57,-12
-44,56,-14
-37,62,3
-24,59,12
-38,61,-2
-49,59,-9
-40,57,-7
-37,54,0
-49,62,-1
-52,50,-7
-51,45,-2
-33,31,3
-28,30,5
19,42,21
8,65,24
-15,93,7
-8,98,-9
-25,80,-23
-30,72,-25
-20,62,-30
-34,47,-35
-51,36,-25
-41,47,-13
-35,71,1
-34,74,-5
-30,63,-10
-27,59,-9
-29,57,-7
-30,58,-7
-29,59,-7
-26,54,-1
-27,50,1
-10,42,26
-6,53,52
-24,65,28
-48,64,-4
-53,62,-15
-44,60,-7
-30,62,8
-24,62,12
-21,61,13
-23,61,9
-23,60,6
-22,59,4
-18,59,3
-17,59,5
-15,60,7
-17,60,8
-21,60,11
-21,60,13
-19,60,18
-17,62,22
-17,62,18
-19,61,14
-20,59,13
-19,59,14
-20,59,13
-23,60,12
-23,60,11
-23,61,9
-23,60,9
-22,61,9
-22,61,10
-22,62,12
-20,61,13
-19,61,14
-18,60,14
-18,60,14
-19,60,13
-21,59,12
-22,60,12
-23,61,11
-23,61,10
-23,60,10
-23,60,10
-23,61,11
-23,61,11
-22,61,12
-21,61,12
-21,61,12
-21,60,11
-22,60,11
-22,60,10
-22,60,10
-21,60,10
-21,60,11
-20,61,11
-20,61,12
-20,61,11
-20,61,11
-19,60,12
-19,60,12
-20,60,12
-21,60,11
-22,60,10
-23,60,10
-23,60,10
-24,60,10
-24,60,10
-24,59,10
-24,60,11
-24,61,11
-23,60,10
-22,60,10
-22,60,10
-21,60,10
-21,60,10
-22,60,11
-22,60,11
-23,60,10
-24,60,10
-24,60,10
-24,61,9
-25,60,8
-25,58,8
-26,58,9
-27,58,9
-29,59,8
-28,61,9
-20,62,9
-23,59,9
-30,58,9
-29,59,7
-29,64,7
-28,65,6
-26,65,6
-20,57,5
-17,56,4
-13,61,4
-14,65,5
-19,66,5
-22,66,3
-23,60,1
-21,56,1
-16,53,5
-18,52,4
-21,58,3
-21,63,5
-20,61,6
-16,61,6
-15,81,8
-14,85,9
-15,59,8
-18,55,5
-23,64,3
-23,67,2
-20,63,5
-17,52,10
-16,49,10
-19,51,11
-20,53,14
-20,58,30
-22,64,38
-23,65,26
-30,60,11
-36,61,-3
-29,63,-1
-23,69,6
-21,70,10
-19,56,7
-22,53,4
-29,52,-1
-31,52,-2
-31,63,-2
-28,69,1
-20,65,9
-18,57,13
-25,51,16
-26,52,17
-27,64,15
-28,67,14
-23,66,13
-22,63,10
-21,59,10
-22,58,9
-22,60,8
-20,63,6
-19,63,5
-18,60,6
-19,58,5
-21,57,5
-21,57,5
-19,59,7
-19,60,8
-19,61,11
-20,62,13
-21,64,14
-22,64,14
-23,63,14
-24,62,13
-25,59,10
-26,59,9
-22,58,9
-21,58,9
-20,59,9
-20,61,8
-21,61,8
-22,61,7
-22,61,7
-23,61,7
-23,61,7
-24,61,9
-23,60,10
-23,59,13
-23,60,14
-23,60,13
-22,60,12
-21,60,11
-21,60,10
-22,60,9
-22,60,8
-22,60,9
-21,59,10
-21,60,10
-21,60,10
-21,61,11
-21,60,11
-21,60,11
-21,60,11
-21,61,11
-21,61,10
-21,60,10
-22,60,10
-22,60,9
-22,60,10
-22,60,10
-23,60,10
-23,60,10
-23,61,10
-23,61,10
-23,61,10
-23,61,10
-24,61,10
-23,61,11
-21,61,11
-21,60,11
-20,59,10
-19,60,10
-19,60,9
-20,61,9
-21,60,9
-21,59,9
-22,59,11
-22,59,11
-23,60,10
-23,60,9
-23,60,9
-24,60,8
-25,60,8
-26,60,8
-26,60,9
-28,60,10
-29,60,9
-27,60,8
-26,60,8
-24,61,9
-23,60,9
-21,60,8
-22,60,9
-21,59,9
-20,60,10
-20,61,11
-20,60,11
-21,61,11
-22,61,11
-22,61,10
-22,61,10
-22,60,10
-22,60,9
-22,60,9
-21,60,10
-21,60,10
-20,61,10
-20,61,10
-20,61,10
-20,61,10
-20,61,10
-20,60,10
-22,60,10
-22,59,10
-23,59,10
-24,60,10
-25,60,10
-25,60,10
-25,60,10
-25,60,10
-23,61,9
-22,61,9
-20,61,9
-20,61,10
-18,61,10
-18,61,11
-17,61,11
-16,62,12
-16,63,12
-17,62,12
-17,61,12
-18,59,12
-18,59,12
-21,58,9
-22,58,8
-30,64,2
-24,65,4
-19,55,4
-20,55,5
-21,63,6
-21,66,7
-22,64,11
-23,61,11
-27,59,10
-30,61,13
-27,57,9
-27,57,8
-24,57,10
-25,59,8
-24,62,7
-25,63,11
-27,61,9
-27,67,9
-25,68,8
-20,70,10
-18,68,12
-21,64,13
-21,63,12
-21,62,10
-20,63,10
-21,65,16
-28,65,9
-25,65,-3
-20,71,6
3,72,25
1,67,23
-3,56,17
-6,52,11
-12,48,7
-15,47,10
-13,47,11
-13,50,17
-13,52,22
-19,59,26
-36,61,22
-53,59,16
-45,56,11
-38,55,12
-39,55,13
-37,53,10
-37,54,6
-35,59,3
-35,65,3
-36,71,2
-33,64,2
-19,48,4
-17,49,7
-17,59,8
-20,68,5
-22,66,3
-19,61,4
-17,56,6
-20,56,5
-25,55,0
-24,54,7
-25,55,12
-29,59,19
-26,64,18
-24,60,16
-24,59,16
-25,62,15
-24,63,14
-26,68,9
-26,73,9
-25,69,11
-26,67,11
-25,57,10
-23,55,9
-21,59,5
-19,62,6
-17,68,7
-19,67,8
-18,59,11
-17,55,14
-22,54,14
-27,55,13
-29,54,13
-28,53,11
-26,55,11
-24,60,13
-22,58,11
-28,58,20
-26,57,21
-33,58,23
-40,55,21
-46,47,16
-55,44,13
-67,58,11
-67,60,10
-55,45,4
-56,46,6
-57,47,9
-57,42,6
-53,34,2
-52,33,3
-46,31,2
-40,32,3
-31,38,11
-36,36,9
-41,36,13
-37,36,13
-49,34,4
-53,37,12
-53,33,22
-53,23,13
-58,20,9
-59,16,15
-59,20,19
-61,20,13
-59,23,13
-52,20,23
-51,17,21
-68,22,21
-67,24,23
-52,21,26
-57,23,30
-66,21,24
-65,13,19
-42,24,34
-48,29,37
-58,23,31
-60,25,29
-52,20,30
-49,19,28
-51,21,29
-50,21,30
-50,21,31
-45,21,27
-46,23,29
-37,25,34
-39,27,37
-36,24,42
-43,23,36
-51,23,27
-51,25,27
-62,30,28
-67,29,29
-75,23,17
-82,19,9
-65,10,6
-56,9,5
-51,14,5
-44,19,8
-63,32,10
-48,39,17
-56,42,11
-60,43,11
-52,37,11
-50,36,12
-48,44,13
-64,32,5
-66,27,9
-69,23,18
-65,21,19
-55,23,17
-56,21,15
-55,24,22
-44,25,27
-56,34,29
-42,38,31
-51,30,26
-52,27,23
-39,30,28
-36,33,28
-37,36,23
-39,37,23
-22,49,27
-20,54,25
-26,56,15
-28,55,11
-33,55,3
-41,50,-5
-60,44,-5
-46,49,13
-40,54,16
-58,61,4
-57,62,1
-49,66,-3
-52,69,0
-55,59,2
-58,53,-4
-64,49,-5
-63,51,-2
-66,45,5
-59,44,8
-42,44,18
-35,43,18
-34,44,13
-38,43,5
-37,45,2
-30,45,7
-53,47,-3
-44,48,0
-14,52,16
-25,50,19
-36,51,25
-62,44,18
-98,38,3
-30,42,17
-15,45,33
-45,41,25
-47,39,23
-39,42,21
-38,46,19
-34,47,13
-33,50,16
-27,54,26
-25,54,28
-35,53,31
-41,52,33
-50,50,26
-44,46,21
-41,45,19
-43,41,17
-38,49,23
-40,47,22
-43,46,20
-44,46,20
-40,43,23
-37,43,23
-36,42,23
-36,46,25
-36,45,25
-31,49,25
-29,49,28
-30,47,30
-31,47,31
-32,46,27
-32,45,23
-46,47,28
-44,48,24
-37,48,23
-33,50,26
-30,53,27
-28,54,29
-32,53,32
-34,52,30
-36,50,27
-35,49,26
-32,48,25
-28,48,27
-29,50,27
-32,51,28
-34,50,30
-34,48,31
-33,47,31
-36,45,27
-38,45,26
-40,44,23
-39,44,23
-39,44,25
-41,44,25
-36,45,28
-34,46,29
-36,47,29
-36,47,28
-33,49,28
-33,49,29
-34,48,28
-34,47,27
-33,47,27
-35,46,28
-39,46,27
-38,46,26
-40,46,26
-37,46,26
-35,46,26
-36,47,27
-36,47,27
-39,47,26
-39,47,25
-40,46,24
-39,46,24
-39,46,25
-39,46,26
-37,46,25
-36,46,25
-38,46,25
-38,46,25
-31,45,26
-36,46,23
-39,47,25
-42,48,23
-42,48,21
-42,47,22
-43,47,21
-39,47,23
-37,48,24
-38,48,24
-35,47,25
-34,47,25
-35,47,24
-37,46,25
-38,47,25
-39,46,25
-40,46,25
-39,46,25
-40,46,26
-39,47,25
-37,46,25
-35,46,25
-35,46,24
-36,47,24
-37,47,25
-37,47,25
-36,47,25
-36,47,26
-37,47,26
-39,46,25
-39,46,26
-39,46,25
-38,46,25
-37,46,25
-37,46,24
-36,46,24
-37,47,25
-38,47,24
-38,47,25
-39,47,25
-36,47,24
-37,47,25
-38,47,25
-37,47,25
-38,47,25
-38,46,24
-38,46,24
-37,46,24
-39,46,24
-39,46,25
-37,46,23
-38,46,25
-39,47,25
-38,46,24
-36,47,25
-37,47,26
-38,47,25
-37,46,25
-37,46,25
-38,46,24
-37,46,24
-37,46,24
-37,46,24
-36,46,24
-36,46,24
-37,46,25
-38,46,24
-37,45,24
-36,45,25
-37,46,25
-37,45,24
-37,45,24
-37,45,24
-36,45,24
-36,45,24
-36,45,24
-36,45,25
-36,45,24
-36,44,23
-37,45,24
-36,45,23
-36,45,24
-37,45,24
-36,45,24
-36,44,23
-35,44,24
-36,44,24
-36,45,24
-35,45,24
-36,44,24
-36,44,24
-36,44,24
-36,44,23
-36,44,24
-35,44,24
-35,44,24
-36,44,24
-36,44,24
-36,44,23
-36,44,24
-36,44,24
-36,44,24
-36,44,24
-36,44,23
-36,44,23
-36,44,24
-36,44,24
-36,44,24
-36,44,24
-36,44,24
-36,44,24
-35,44,23
-35,45,24
-36,45,24
-37,45,24
-36,44,23
-37,44,24
-39,44,23
-36,44,23
-35,45,24
-35,44,24
-35,44,25
-37,43,24
-37,44,24
-36,44,24
-35,44,24
-36,44,23
-37,44,24
-38,45,25
-38,46,25
-34,46,25
-35,45,25
-38,45,23
-38,46,24
-38,45,25
-37,45,25
-37,46,26
-36,45,26
-37,45,26
-37,46,26
-40,45,25
-42,44,25
-41,44,26
-38,43,28
-35,42,28
-36,43,29
-44,45,29
-45,45,28
-39,42,27
-40,40,28
-49,41,33
-52,44,34
-41,45,39
-37,43,41
-36,41,40
-39,38,44
-38,34,45
-34,31,50
-32,29,52
-26,27,59
-26,26,59
-24,22,58
-26,21,60
-33,18,59
-33,15,61
-34,10,56
-30,8,57
-17,3,56
-21,2,57
-9,-3,56
-4,-5,54
-4,-9,46
-10,-8,47
-13,-12,58
-25,-9,62
-28,-10,69
-19,-13,67
-16,-13,55
-18,-14,58
-20,-15,56
-16,-17,53
-14,-16,54
1,-16,58
-1,-18,58
-7,-20,64
-3,-22,60
11,-16,58
9,-17,55
-6,-19,44
1,-17,47
3,-15,60
0,-15,62
-10,-12,70
-5,-13,73
3,-12,58
7,-7,64
-1,-6,67
-1,-7,62
-1,-4,63
3,-6,60
5,-7,59
16,-3,65
11,-1,69
2,-2,67
3,-3,65
5,-3,65
6,-3,64
13,26,63
7,-15,66
0,9,65
5,5,66
5,-6,63
2,-2,65
2,-3,66
4,-1,64
4,-3,66
3,-2,65
3,-4,63
5,-2,63
3,-3,62
3,-1,63
5,1,63
6,1,63
4,1,64
5,-3,65
5,-1,66
4,-3,66
4,-2,66
5,-4,65
4,-5,64
4,-3,64
4,-3,64
3,-3,65
3,-4,65
5,-4,63
5,-5,63
4,-5,61
6,-6,61
11,-6,63
6,-7,62
-2,-7,62
2,-6,63
3,-6,64
-1,-8,62
2,-6,62
3,-7,63
3,-9,62
3,-7,61
3,-7,62
4,-8,63
4,-7,63
4,-5,64
4,-6,63
4,-4,63
4,-4,63
5,-3,64
5,-3,65
4,-4,64
4,-1,63
3,-2,63
5,-4,65
4,-1,66
5,2,66
4,-4,65
4,-3,65
5,-3,64
4,-4,64
2,-3,63
1,-2,63
6,0,65
6,-1,66
5,-1,65
5,-3,63
6,-5,63
3,-6,60
0,-5,60
0,-4,61
2,-4,62
4,-5,63
3,-5,64
0,-4,63
1,-3,64
0,-3,64
-1,-5,64
-1,-4,63
-4,-2,62
-3,-1,62
0,-1,63
-3,-6,64
-3,-3,65
0,-1,66
-3,-7,66
-4,-3,66
-4,-4,63
-3,-4,65
-2,-6,63
-3,-6,63
-4,-5,63
-4,-6,63
-3,-5,64
-3,-7,65
-2,-4,65
-1,-2,67
-13,-3,67
-15,-6,62
-10,-12,60
-5,-12,64
-14,-15,59
-19,-12,59
-23,-11,57
-27,-13,56
-14,-15,60
-11,-13,61
-15,-12,60
-17,-12,61
-17,-13,60
-15,-13,60
-20,-13,59
-21,-13,60
-25,-14,60
-21,-14,59
-22,-14,58
-22,-14,59
-17,-15,58
-22,-14,57
-21,-16,58
-22,-16,55
-22,-14,57
-28,-13,59
-27,-13,58
-25,-13,57
-23,-15,58
-22,-14,58
-22,-14,58
-23,-13,57
-23,-13,57
-25,-13,57
-26,-13,57
-26,-14,57
-26,-12,57
-27,-15,57
-29,-13,57
-30,-13,56
-26,-13,56
-26,-13,56
-25,-13,56
-23,-12,55
-24,-14,54
-26,-14,55
-32,-15,55
-33,-13,55
-32,-12,57
-29,-12,57
-28,-11,56
-31,-11,57
-30,-11,58
-26,-11,58
-25,-10,54
-29,-10,54
-30,-12,56
-29,-11,57
-29,-13,54
-34,-13,51
-41,-13,44
-43,-13,41
-51,-13,34
-53,-8,42
-50,-12,45
-36,-10,50
-36,-10,50
-46,-11,41
-47,-10,38
-48,-7,43
-49,-8,41
-56,-8,36
-57,-8,35
-65,-9,25
-69,-10,21
-61,-8,22
-61,-8,25
-52,-9,30
-53,-8,31
-56,-9,29
-53,-8,32
-49,-6,39
-53,-6,37
-52,-5,41
-52,-5,42
-48,-6,38
-47,-5,40
-51,-7,39
-49,-8,40
-48,-7,40
-45,-6,41
-46,-6,40
-55,-6,39
-53,-6,38
-51,-4,35
-58,-4,35
-55,-12,31
-55,-11,31
-55,-10,36
-52,-10,35
-49,-7,38
-51,-6,38
-53,-5,39
-54,-5,40
-52,-8,35
-51,-8,35
-50,-7,38
-51,-9,36
-50,-9,34
-50,-8,38
-50,-8,39
-51,-7,38
-51,-5,39
-53,-5,39
-54,-5,38
-50,-4,38
-52,-4,37
-53,-4,39
-51,-5,42
-50,-5,43
-48,-6,43
-50,-7,46
-49,-6,48
-40,-7,51
-26,-4,57
-23,-5,51
-29,-5,49
-39,-3,50
-38,-3,51
-35,-3,56
-37,-5,55
-36,-6,56
-36,-5,57
-42,-9,53
-32,-7,52
-26,-6,53
-24,-5,52
-24,-6,53
-26,-8,56
-28,-7,57
-35,-6,58
-38,-7,57
-35,-6,53
-34,-6,53
-33,-6,54
-33,-6,54
-32,-6,54
-32,-6,55
-34,-5,55
-34,-5,56
-32,-6,56
-31,-6,54
-30,-7,53
-30,-7,51
-31,-5,54
-31,-5,53
-45,-5,54
-43,-6,59
-36,-6,55
-34,-5,53
-34,-5,54
-31,-5,55
-32,-5,54
-33,-5,53
-35,-5,54
-35,-5,55
-35,-5,54
-35,-6,52
-34,-6,54
-33,-5,53
-35,-5,53
-35,-5,55
-34,-5,54
-32,-4,54
-34,-4,54
-34,-4,54
-34,-5,54
-36,-5,53
-35,-5,54
-34,-6,55
-33,-6,54
-34,-5,54
-31,-5,56
-32,-5,54
-33,-6,54
-36,-6,54
-33,-5,55
-34,-5,54
-33,-6,55
-33,-6,55
-28,-5,56
-27,-5,55
-33,-6,56
-34,-5,56
-33,-6,53
-33,-6,52
-33,-5,55
-33,-5,54
-33,-4,55
-33,-4,56
-34,-5,54
-34,-5,54
-35,-5,54
-35,-6,53
-35,-5,54
-35,-5,54
-33,-5,55
-35,-4,55
-36,-5,54
-32,-5,51
-35,-5,49
-37,-4,52
-37,-5,52
-37,-4,53
-39,-2,55
-37,-1,52
-36,0,51
-46,1,45
-49,1,40
-46,1,34
-46,1,36
-45,0,44
-38,1,46
-45,13,47
-44,18,46
-34,22,46
-44,27,47
-40,26,51
-41,29,45
-40,28,41
-43,30,35
-33,32,47
-19,44,90
-40,45,73
-50,39,30
-44,34,33
-40,36,48
-43,40,47
-49,47,37
-46,48,40
-42,48,40
-41,47,37
-36,45,34
-32,45,37
-32,46,38
-33,46,35
-38,45,36
-40,43,37
-43,40,35
-42,39,34
-42,38,33
-42,41,35
-41,41,36
-41,42,32
-43,43,31
-26,44,41
-30,44,39
-36,47,40
-40,48,40
-37,47,39
-34,46,38
-34,45,37
-35,44,38
-34,44,38
-35,44,37
-37,44,37
-38,43,37
-37,44,37
-37,44,36
-35,45,37
-36,45,37
-37,45,36
-39,44,36
-38,43,35
-38,43,35
-38,43,35
-37,43,35
-36,43,36
-36,43,35
-35,44,35
-35,44,35
-37,44,35
-37,44,35
-36,44,35
-36,43,34
-35,43,35
-36,42,34
-36,42,34
-36,42,34
-36,41,34
-35,42,34
-36,42,34
-36,42,34
-36,42,34
-36,42,34
-37,42,35
-36,42,35
-35,42,35
-35,42,34
-36,41,33
-36,42,33
-38,42,32
-38,41,32
-38,42,33
-37,43,33
-36,43,34
-34,44,34
-34,44,34
-34,43,34
-33,43,34
-34,43,34
-39,42,34
-40,41,34
-37,40,33
-36,40,33
-36,41,34
-37,41,34
-37,42,33
-36,42,33
-37,42,32
-37,42,34
-37,43,34
-36,43,33
-36,43,33
-36,43,33
-36,43,33
-36,42,34
-36,42,33
-36,42,33
-36,42,33
-36,42,33
-37,42,33
-36,42,33
-36,43,33
-37,43,34
-36,42,33
-36,42,33
-36,42,33
-36,42,33
-36,42,33
-37,42,33
-37,42,33
-36,42,34
-36,42,33
-36,42,33
-36,42,33
-36,42,33
-37,42,33
-38,42,34
-36,42,34
-36,42,34
-38,42,34
-37,42,34
-34,41,35
-33,41,33
-36,41,32
-37,41,32
-37,40,31
-38,41,31
-43,42,31
-44,42,31
-42,42,31
-41,45,33
-42,44,32
-37,43,34
-36,43,37
-37,44,38
-34,43,38
-32,42,40
-31,39,41
-29,36,41
-26,35,41
-32,34,42
-35,33,43
-32,32,43
-34,33,44
-35,33,45
-35,33,43
-32,35,39
-31,35,38
-37,38,41
-40,38,40
-37,37,40
-38,37,41
-37,35,41
-35,34,38
-35,35,39
-34,36,42
-33,35,40
-32,34,39
-35,35,41
-36,35,43
-36,34,39
-38,35,36
-40,36,36
-38,37,35
-37,38,36
-36,37,40
-35,38,42
-37,40,40
-40,39,36
-40,39,32
-40,39,32
-38,41,31
-36,41,30
-34,41,30
-33,41,30
-32,43,27
-28,44,25
-27,51,29
-32,53,31
-35,55,26
-34,55,23
-34,54,19
-32,53,19
-34,52,19
-35,50,15
-36,49,13
-33,47,18
-32,49,20
-35,55,23
-33,58,25
-52,58,21
-53,52,15
-39,47,12
-37,46,11
-34,48,9
-34,48,7
-34,50,7
-35,52,9
-36,55,14
-35,53,14
-33,55,15
-33,53,15
-34,53,15
-35,54,15
-40,60,10
-39,58,9
-37,59,10
-35,60,9
-30,61,8
-27,61,7
-27,59,6
-24,55,7
-21,55,8
-22,55,8
-21,56,9
-25,59,6
-35,56,0
-34,54,2
-34,56,3
-34,57,4
-32,57,3
-33,58,-1
-35,56,-3
-32,53,0
-31,54,1
-32,54,3
-34,55,3
-34,54,3
-35,54,4
-36,54,8
-35,53,10
-35,53,10
-36,54,7
-36,54,6
-36,57,4
-37,63,5
-36,71,5
-37,72,5
-33,68,4
-30,63,6
-32,52,10
-31,54,11
-28,59,14
-26,61,14
-24,57,14
-23,54,15
-27,50,17
-28,47,16
-25,42,17
-22,41,18
-23,43,18
-23,46,19
-15,55,21
-9,55,25
-17,57,13
-32,60,7
-38,63,7
-34,68,6
-33,71,5
-35,69,3
-42,67,0
-45,58,2
-42,55,5
-36,63,7
-32,65,6
-23,64,4
-19,62,5
-17,56,8
-18,53,8
-21,51,6
-22,52,6
-22,56,6
-22,60,6
-19,64,5
-16,66,4
-14,75,4
-13,75,3
-15,76,1
-15,80,-2
-20,72,-7
-30,55,-6
-33,46,-5
-29,49,0
-26,53,1
-20,64,15
-13,83,53
-23,67,42
-40,59,16
-31,49,-2
-21,50,7
-20,49,4
-16,46,0
-15,39,-6
-18,41,-2
-14,47,8
-15,51,9
-24,66,6
-27,71,4
-28,74,4
-24,80,9
-17,90,26
-16,88,37
-47,66,15
-42,55,7
-31,53,8
-13,53,12
-20,54,7
-37,61,0
-29,57,2
-26,52,5
-26,52,5
-28,54,2
-29,56,2
-23,63,7
-16,68,4
-7,64,-9
-11,59,-16
-26,62,-20
-28,66,-19
-26,74,-12
-28,77,-8
-33,65,4
-37,67,7
-30,66,10
-17,64,11
2,67,26
7,65,48
-13,58,31
-29,44,9
-27,42,2
-22,43,5
-21,44,4
-21,43,-3
-21,47,-8
-46,58,-6
-43,62,2
-32,65,14
-37,69,17
-35,91,38
-44,86,25
-43,54,-6
-34,52,-3
-32,56,-2
-29,52,0
-31,55,-3
-39,55,-8
-34,54,-8
-27,52,-4
-20,52,3
-18,51,4
-17,49,3
-17,51,2
-17,56,4
-17,66,6
-16,71,8
-13,68,8
-13,67,8
-21,73,6
-24,75,6
-24,64,14
-26,57,19
-37,57,16
-35,60,16
-29,67,12
-29,72,12
-19,69,17
-24,62,13
-23,54,10
-22,52,10
-21,50,5
-19,50,7
-18,48,10
-19,52,12
-20,58,10
-24,68,9
-24,70,9
-21,76,15
-19,72,18
-23,71,22
-29,73,21
-22,63,13
-17,52,12
-14,56,12
-19,55,9
-21,62,7
-25,63,4
-19,59,6
-18,56,6
-20,54,6
-22,53,4
-17,54,5
-17,55,5
-19,54,6
-19,56,8
-20,56,8
-20,59,8
-17,69,13
-15,71,16
-16,73,16
-19,72,11
-22,69,12
-36,62,13
-38,53,13
-34,54,12
-34,60,11
-19,70,14
-17,73,14
-17,65,14
-19,57,10
-16,50,12
-16,49,17
-13,50,18
-8,47,15
-6,49,18
-12,53,18
-15,62,18
-22,67,15
-28,66,17
-31,73,12
-31,76,10
-44,78,6
-41,79,4
-33,58,-1
-30,50,-2
-22,55,4
-23,60,5
-21,63,2
-18,58,1
-15,51,3
-15,51,4
-19,51,3
-20,51,2
-18,51,3
-17,52,4
-21,54,4
-21,56,4
-17,63,3
-18,67,3
-18,73,5
-20,76,9
-22,70,11
-22,64,13
-26,69,18
-24,59,20
-24,60,23
-22,63,23
-21,67,21
-20,66,17
-17,61,17
-19,49,11
-20,44,8
-17,41,9
-18,41,9
-18,40,9
-19,42,8
-21,48,9
-23,53,11
-24,64,14
-23,66,15
-30,91,17
-31,95,18
-27,69,14
-29,67,13
-26,82,13
-25,82,11
-20,74,9
-18,53,9
-20,46,8
-21,42,6
-19,42,5
-14,38,4
-13,37,6
-14,39,7
-14,44,6
-18,58,7
-18,64,8
-16,67,11
-19,78,11
-15,96,9
-18,92,8
-26,70,9
-34,71,12
-28,74,13
-23,74,13
-14,62,23
-9,52,23
-14,40,16
-22,34,11
-38,33,7
-35,33,10
-28,45,17
-30,61,13
-29,65,13
-24,66,13
-25,68,12
-33,101,7
-32,104,8
-29,70,7
-29,75,6
-25,81,7
-28,84,4
-24,73,5
-14,61,9
-14,45,9
-17,41,6
-17,37,2
-17,36,2
-12,37,11
-11,36,8
-12,44,5
-14,51,8
-15,61,11
-14,60,11
-18,80,9
-17,86,6
-20,88,7
-26,94,18
-27,98,21
-33,90,11
-31,76,10
-25,48,16
-28,34,8
-40,24,4
-36,27,9
-15,27,17
-14,33,19
-21,55,15
-22,63,13
-23,74,10
-22,76,8
-34,109,17
-35,109,20
-33,73,14
-32,81,13
-25,86,13
-26,81,10
-24,65,6
-14,50,12
-15,45,10
-16,39,7
-14,36,4
-10,32,5
-11,35,4
-13,51,5
-12,56,4
-10,63,1
-10,64,0
-19,88,4
-20,96,5
-28,73,14
-37,83,19
-22,89,16
-28,95,25
-13,75,35
-4,64,38
-20,52,26
-27,47,16
-25,44,11
-24,44,10
-26,50,8
-28,57,8
-29,68,11
-26,70,13
-27,69,15
-34,81,14
-36,87,14
-25,62,15
-23,52,13
-27,64,8
-28,68,7
-23,81,9
-16,80,13
-9,67,11
-11,63,10
-18,55,8
-17,53,8
-16,50,8
-12,48,9
-2,41,12
2,34,14
-4,40,17
-7,50,15
2,57,16
-4,71,14
-8,98,9
-11,91,6
-25,108,8
-24,109,12
-28,103,13
-31,77,23
-26,57,26
-31,37,24
-33,30,22
-25,24,21
-27,23,21
-30,22,16
-31,32,11
-36,61,6
-34,76,6
-28,82,7
-38,110,8
-41,106,14
-33,79,10
-29,97,5
-22,103,7
-22,90,10
-24,83,13
-12,66,18
-9,55,12
-9,51,10
-6,41,10
-1,37,13
2,29,10
0,32,8
-7,44,7
-7,48,7
-8,51,6
-11,54,7
-18,84,6
-19,94,7
-26,86,11
-29,97,13
-26,103,16
-23,101,18
-22,87,25
-6,75,27
-13,55,12
-30,48,3
-36,38,0
-35,38,-1
-36,43,-1
-36,50,2
-32,63,7
-26,69,15
-24,68,13
-40,79,2
-47,87,0
-42,80,-2
-39,86,0
-31,97,-1
-27,99,-2
-21,95,-7
-18,87,-7
-12,69,0
-10,61,8
-2,50,10
2,47,8
-2,36,0
-11,35,-5
-19,39,-4
-18,40,-3
-17,43,1
-22,40,1
-16,56,-5
-14,68,0
-59,74,3
-53,78,18
-28,92,14
-42,73,14
-26,65,13
-20,57,12
0,63,49
-28,60,11
-31,54,3
-45,60,8
-35,59,22
-40,51,17
-54,50,15
-26,65,16
-32,69,9
5,67,24
5,65,22
40,89,48
13,102,53
-48,71,-20
-15,72,-14
-28,56,-7
-46,56,-1
-33,54,19
-13,53,23
-20,54,12
-24,45,18
-26,46,26
-46,41,19
-42,35,24
-35,33,23
-37,37,22
-52,47,23
-49,47,15
-24,54,23
-32,65,21
-46,80,9
-24,80,10
-16,77,12
0,67,12
15,88,33
17,81,32
7,48,23
-6,43,18
-13,42,9
-9,39,6
-7,40,4
-9,44,6
-19,51,8
-28,60,7
-29,64,7
-28,74,8
-24,80,9
-23,94,14
-26,85,16
-29,66,15
-28,69,13
-28,73,11
-26,73,11
-16,65,13
-11,59,14
-4,52,16
-15,49,7
-16,48,5
-16,49,6
-28,50,-1
-20,53,1
-17,64,2
-17,69,1
-13,69,2
-13,67,3
-19,72,7
-21,77,8
-23,73,11
-26,62,17
-25,56,17
-21,59,18
-19,62,17
-12,61,18
-12,58,19
-20,50,14
-19,46,10
-22,48,8
-23,51,8
-21,51,10
-21,51,11
-23,51,11
-25,53,11
-30,67,15
-31,71,14
-21,69,16
-17,72,17
-17,81,17
-24,84,17
-26,66,15
-27,46,13
-31,46,13
-28,56,12
-23,62,11
-15,69,10
-14,63,10
-19,59,9
-19,59,8
-20,61,7
-21,61,6
-16,63,7
-16,64,7
-13,64,6
-10,63,5
-9,65,4
-16,77,4
-20,74,5
-22,63,8
-23,52,11
-23,48,11
-21,50,8
-15,54,8
-9,63,15
-15,69,18
-22,67,26
-14,62,37
-23,59,28
-36,49,9
-36,43,3
-30,41,1
-22,39,5
-14,37,13
-15,40,13
-19,50,12
-20,56,11
-20,65,9
-21,64,11
-28,79,16
-28,82,16
-26,65,13
-25,67,14
-12,84,16
-13,91,15
-14,84,15
-12,73,15
-15,52,12
-18,47,10
-20,40,6
-18,40,8
-15,41,9
-15,40,10
-18,39,9
-18,32,10
-18,28,10
-25,46,9
-37,69,7
-45,117,8
-50,120,11
-52,119,15
-42,95,11
-14,85,10
-7,78,8
-12,61,19
-4,57,29
-16,47,29
-21,44,24
-35,38,13
-40,36,12
-48,37,12
-51,39,11
-49,40,13
-49,41,21
-47,43,23
-59,40,16
-47,39,24
-51,37,26
-56,38,27
-54,38,34
-56,35,30
-47,31,26
-42,31,26
-41,28,29
-40,26,31
-38,21,38
-36,20,43
-34,18,49
-33,15,51
-29,18,50
-36,11,50
-32,13,56
-30,13,57
-29,11,57
-30,9,57
-29,8,57
-28,6,57
-28,3,59
-29,5,58
-24,7,58
-12,6,61
-11,7,61
-10,-2,66
-5,-6,66
-20,-7,61
-22,25,63
-11,10,64
-12,12,68
-9,18,78
-10,14,79
-18,16,73
-17,17,71
-10,12,66
-1,16,68
-1,11,68
-4,7,62
-7,-1,51
-9,-3,52
4,-5,57
3,-8,52
9,-14,45
18,-13,53
20,-12,57
13,-13,55
12,-10,59
10,-6,63
16,-6,63
15,-4,61
14,-4,61
14,-5,62
12,-6,60
15,-12,60
15,-9,60
13,-10,61
15,-8,64
14,-10,62
9,-8,60
9,-7,61
9,-8,61
11,-7,59
17,-6,62
15,-7,62
16,-5,62
20,-5,62
18,-6,62
12,-3,63
12,-3,63
12,-1,62
14,-4,63
13,-3,63
8,2,61
7,-1,59
8,-1,56
8,2,53
12,1,56
7,2,58
2,-2,63
3,-2,65
4,-4,69
6,-3,71
6,-2,71
6,-2,71
4,-2,72
4,-2,71
3,-1,69
1,0,68
1,0,66
-1,1,65
-4,0,65
-3,-3,64
0,-4,65
3,-6,64
2,-6,64
2,-8,64
2,-9,64
-1,-11,62
-4,-12,63
-6,-12,63
-7,-12,63
-10,-6,65
-10,-5,66
-5,-2,64
-4,-1,64
0,1,62
3,2,63
3,4,63
4,6,64
4,7,65
5,8,65
7,9,65
8,8,66
8,6,65
7,3,62
7,2,62
5,1,62
6,0,61
5,0,61
4,-1,62
4,-2,63
5,-1,64
4,-2,64
5,-1,64
5,-1,64
6,-1,64
6,-2,64
5,-1,64
4,-2,64
5,-2,64
5,-3,64
4,-3,63
5,-4,63
4,-4,63
4,-5,64
4,-4,64
4,-4,65
5,-3,64
5,-3,64
5,-3,64
5,-2,63
5,-2,63
5,-2,63
5,-2,63
5,-1,63
5,-1,63
6,-1,63
6,-1,63
5,-1,63
6,-1,63
6,-2,64
5,-2,64
5,-2,64
5,-1,64
6,-2,64
6,-2,64
6,-2,64
5,-2,64
5,-3,64
6,-2,64
5,-2,64
6,-1,64
7,0,64
6,-1,64
6,0,64
5,0,64
5,0,63
6,0,63
5,0,61
5,-1,61
5,-1,62
5,-1,62
3,-2,63
3,-3,63
3,-5,65
2,-5,65
2,-5,66
2,-5,65
2,-5,65
2,-5,65
2,-5,64
1,-4,64
1,-3,63
2,-3,64
2,-1,64
2,-1,63
3,0,63
3,1,64
4,1,65
4,1,66
5,2,66
6,3,66
7,4,65
8,5,65
6,5,65
4,7,64
3,7,63
1,7,61
1,7,60
1,7,60
0,6,60
-2,3,61
-2,1,62
-2,-2,63
-2,-4,64
-3,-5,64
-2,-5,62
-1,-5,59
-10,-12,62
-12,-11,65
-13,-8,70
-11,-8,71
-11,-3,71
-12,-3,70
-12,-2,66
-12,-2,64
-13,0,62
-15,0,63
-15,3,61
-14,5,62
-21,8,66
-16,7,65
-10,5,63
-8,3,62
-5,-1,61
-2,-2,62
-1,-3,61
-4,-3,62
-8,-3,64
-7,-1,65
-4,1,66
-4,0,66
-5,1,65
2,2,64
0,0,64
-9,-1,64
-6,-2,63
-2,-3,61
-1,-3,62
-2,-3,64
-3,-3,65
0,-2,68
0,-3,68
-2,-4,65
-2,-4,65
-1,-4,63
-2,-4,62
-3,-5,60
-2,-5,60
0,-6,60
0,-6,61
-1,-6,63
-2,-6,64
-2,-4,65
-1,-4,65
-5,-3,64
-1,-2,64
2,0,64
2,-3,63
1,-4,63
2,-4,64
1,-4,65
-2,-4,66
-3,-4,67
-3,-4,66
-3,-4,66
-1,-4,64
0,-4,63
0,-4,63
0,-4,63
-1,-4,63
-1,-4,63
-1,-4,63
-1,-3,63
-2,-4,64
-1,-4,64
0,-3,64
-1,-3,64
-1,-3,63
0,-3,63
0,-3,63
-1,-3,64
-1,-3,65
0,-4,64
0,-4,64
-1,-4,65
-1,-4,65
-1,-4,64
-1,-4,64
-1,-3,63
0,-3,64
-1,-4,63
-1,-4,64
0,-4,64
0,-5,63
0,-6,65
0,-4,64
0,-7,64
0,-7,66
-2,-10,62
-1,-9,62
-6,-11,69
-5,-8,65
-4,-10,68
-2,-8,64
2,-7,64
3,-8,60
12,-5,56
-7,-12,36
-19,3,58
-14,-3,61
-18,-2,55
-5,6,55
12,-2,57
0,11,33
-1,13,27
-3,18,24
-17,23,25
-17,25,29
-4,31,34
16,40,37
9,58,34
-73,80,20
-57,81,40
-37,109,49
-81,113,14
-41,88,30
-33,76,27
-28,70,24
-13,70,23
-16,73,13
-20,69,4
-24,63,3
-30,57,2
-28,56,4
-23,52,7
-20,53,9
-22,57,11
-18,59,20
28,75,51
7,71,33
-45,63,5
-38,64,6
-16,62,13
-13,62,15
-9,64,20
-15,68,18
-20,73,11
-21,75,7
-3,79,12
1,67,12
-1,65,16
0,60,14
-6,57,9
-17,57,5
-22,57,3
-24,56,2
-26,57,1
-26,62,2
-25,66,2
-20,67,2
-18,66,2
-16,62,4
-16,61,4
-18,59,3
-18,59,3
-18,61,4
-17,61,5
-15,61,6
-15,61,6
-17,58,7
-17,57,8
-17,57,11
-18,55,24
-18,57,33
-28,61,33
-30,63,20
-50,67,-2
-41,66,0
-30,67,7
-25,64,12
-16,62,19
-14,62,18
-18,62,10
-20,62,7
-22,62,4
-23,61,4
-22,60,5
-21,59,6
-21,61,3
-22,62,5
3,71,43
-1,68,31
-10,61,21
-12,61,17
-14,54,11
-15,52,9
-16,53,9
-15,57,12
-15,57,14
-20,61,18
-24,60,19
-28,57,18
-30,56,16
-29,56,13
-28,57,12
-29,57,13
-29,56,13
-30,54,14
-29,55,15
-30,63,16
-32,60,14
-28,63,15
-29,65,14
-30,64,10
-27,62,12
-22,58,14
-22,63,14
-25,62,9
-25,61,8
-22,59,8
-20,60,8
-20,61,7
-17,57,7
-15,54,7
-14,53,7
-15,55,7
-21,61,5
-22,64,5
-21,64,6
-20,63,7
-19,62,8
-19,61,8
-21,61,8
-21,60,8
-21,61,9
-21,61,10
-22,62,10
-24,62,8
-29,58,10
-30,57,9
-30,57,8
-29,59,9
-26,63,11
-24,63,10
-26,63,10
-26,62,9
-26,63,8
-25,70,7
-25,71,8
-22,63,10
-21,61,10
-18,61,11
-18,62,9
-16,64,10
-14,64,11
-15,63,11
-16,62,10
-17,63,7
-18,63,4
-17,65,-1
-13,69,-2
-13,63,9
-15,59,12
-12,56,22
-13,55,26
-20,55,26
-20,55,23
-23,52,15
-32,53,6
-30,54,9
-24,54,12
-22,55,12
-23,52,16
-25,49,17
-24,59,16
-24,64,15
-29,64,17
-29,62,21
-32,60,23
-36,59,16
-42,62,8
-45,64,7
-36,60,7
-26,58,9
-19,60,10
-17,59,10
-17,57,8
-16,56,9
-18,56,8
-20,57,8
-23,61,7
-24,61,7
-23,62,4
-26,62,5
-26,57,5
-23,58,4
-25,63,5
-25,66,7
-24,63,8
-19,61,11
-17,61,13
-12,62,13
-12,63,14
-13,57,15
-15,57,14
-18,52,14
-18,48,13
-17,57,11
-14,66,10
-8,70,12
-11,67,12
-18,60,10
-22,57,8
-32,58,1
-38,62,-1
-36,69,1
-34,70,9
-33,68,12
-35,65,8
-31,64,7
-14,63,11
-9,65,13
-2,64,15
-1,65,14
-8,70,16
-5,65,15
-14,57,10
-36,48,4
-15,51,18
-12,56,22
-16,57,23
-17,57,22
-13,55,18
-10,57,20
-13,54,19
-25,53,13
-36,52,7
-43,52,23
-45,53,24
-29,51,21
-24,53,22
-24,54,21
-25,58,21
-30,63,19
-32,64,18
-37,61,16
-39,59,12
-31,56,10
-31,56,10
-28,57,9
-26,56,7
-23,57,5
-27,57,3
-28,56,2
-25,56,3
-22,55,4
-22,57,5
-25,59,5
-26,61,5
-27,66,3
-24,66,3
-20,65,5
-19,64,7
-18,63,7
-20,60,5
-20,58,6
-23,57,4
-22,59,5
-19,63,4
-19,61,4
-25,56,4
-21,56,11
-17,60,30
-16,66,35
-16,63,22
-19,63,14
-23,64,8
-18,63,12
-26,72,9
-26,74,10
-26,64,10
-27,58,8
-28,54,5
-25,59,4
-22,61,5
-21,60,6
-17,58,8
-16,64,9
-18,66,8
-19,70,8
-16,74,12
-3,73,25
-8,68,23
-11,54,16
-13,50,14
-17,47,11
-18,48,11
-18,48,7
-20,50,9
-27,59,17
-37,61,16
-41,58,11
-38,55,8
-32,55,5
-31,56,5
-28,57,8
-25,59,10
-27,57,12
-27,58,12
-32,64,9
-30,61,7
-29,64,10
-28,67,14
-30,66,12
-25,57,13
-24,56,11
-22,62,10
-23,63,9
-23,60,5
-23,59,5
-23,60,4
-21,62,5
-18,62,6
-16,59,7
-16,57,7
-17,58,7
-19,63,5
-20,64,5
-19,65,6
-19,63,6
-19,59,6
-19,58,6
-19,58,7
-17,59,10
-18,60,9
-19,59,10
-19,60,10
-21,62,10
-21,61,12
-24,61,12
-25,61,12
-26,60,10
-26,59,10
-26,59,10
-26,60,11
-28,61,7
-27,62,7
-26,64,10
-26,63,10
-28,67,9
-28,70,11
-28,64,10
-26,63,12
-21,62,13
-20,62,11
-18,64,12
-15,62,12
-17,59,9
-18,59,7
-17,63,7
-12,72,9
-9,71,11
-7,67,15
-4,63,19
-6,55,26
-12,54,26
-17,50,20
-15,51,19
-10,56,20
-10,55,16
-14,55,13
-13,56,15
-19,58,19
-18,57,19
-16,56,21
-19,55,21
-19,54,18
-19,55,20
-15,56,28
-16,57,32
-20,60,30
-20,64,26
-29,69,20
-34,67,17
-29,63,21
-23,54,20
-24,56,16
-24,57,9
-23,57,8
-21,55,8
-20,54,7
-20,52,7
-20,53,7
-22,60,6
-23,64,6
-22,69,6
-22,69,8
-20,63,14
-19,56,10
-20,56,11
-22,59,10
-26,62,5
-26,63,8
-23,60,11
-24,60,9
-25,61,11
-23,63,11
-22,64,9
-24,63,10
-25,60,9
-23,58,8
-24,60,9
-22,64,5
-23,66,6
-22,68,7
-22,69,9
-26,69,8
-26,68,9
-23,63,10
-21,61,11
-15,59,14
-15,60,13
-12,63,16
-13,64,15
-15,71,3
-18,70,-2
-17,68,-3
-6,65,3
-7,62,11
-6,56,40
-3,56,45
-8,50,25
-12,49,16
-21,53,9
-23,55,15
-26,57,14
-29,56,10
-33,59,14
-34,59,12
-30,57,8
-34,57,7
-36,55,6
-36,54,6
-34,54,9
-32,54,11
-33,54,6
-36,56,11
-29,60,27
-28,62,21
-30,64,12
-31,69,10
-30,70,10
-25,60,9
-25,54,8
-20,55,9
-19,55,9
-20,60,8
-21,60,7
-21,59,6
-22,59,6
-22,60,6
-22,62,6
-22,65,6
-20,66,7
-17,65,9
-15,64,9
-13,61,9
-12,60,9
-14,60,7
-15,59,7
-17,57,6
-18,57,6
-19,57,6
-17,57,8
-23,59,8
-26,63,9
-29,63,7
-31,66,7
-32,65,10
-28,65,15
-25,65,18
-20,66,19
-21,68,17
-22,70,11
-23,71,10
-25,65,7
-26,59,7
-28,54,6
-27,53,5
-24,56,5
-22,57,5
-19,61,7
-18,62,7
-26,61,7
-25,60,8
-22,67,9
-17,72,9
1,75,15
10,74,22
8,65,25
-6,58,14
-9,54,9
-14,54,7
-13,54,11
-17,54,26
-21,55,28
-23,57,19
-26,57,14
-31,57,12
-33,57,13
-30,54,10
-30,54,9
-29,54,9
-32,55,10
-40,58,12
-44,58,12
-42,59,7
-41,59,5
-29,62,10
-26,60,10
-27,67,11
-26,64,7
-25,58,6
-20,62,8
-20,63,8
-21,60,8
-22,57,8
-22,57,7
-22,57,7
-23,58,5
-22,56,5
-20,55,5
-21,56,5
-21,62,5
-21,66,5
-19,66,6
-18,64,6
-18,60,6
-19,58,4
-22,57,5
-20,57,6
-22,60,5
-24,61,5
-26,62,6
-27,62,7
-27,61,9
-27,62,11
-26,62,12
-25,62,12
-24,62,10
-22,63,10
-23,62,10
-23,62,7
-23,62,7
-22,61,8
-21,61,8
-22,64,6
-22,66,5
-23,68,6
-23,66,6
-21,62,9
-21,62,10
-18,60,11
-17,59,11
-14,60,10
-13,62,10
-17,62,9
-17,61,8
-19,60,6
-19,62,5
-18,66,7
-5,70,30
-5,71,34
-13,63,22
-19,57,16
-19,51,9
-17,49,9
-20,50,8
-22,52,9
-25,58,12
-31,62,13
-35,64,18
-30,61,16
-27,55,14
-29,53,12
-30,51,11
-31,51,11
-33,52,10
-33,53,11
-31,57,15
-27,60,19
-26,63,21
-26,64,20
-28,72,18
-33,60,7
-30,55,5
-26,57,9
-25,58,10
-25,59,6
-25,57,4
-24,54,3
-23,56,4
-23,63,5
-22,65,6
-16,63,8
-14,59,8
-13,56,8
-15,56,7
-19,62,6
-19,64,7
-17,62,7
-17,61,8
-19,60,11
-21,60,11
-26,60,11
-26,60,11
-28,61,10
-22,62,12
-20,63,13
-20,61,9
-22,62,8
-25,59,7
-25,58,7
-26,58,7
-25,59,7
-24,60,6
-23,59,6
-25,65,5
-27,67,9
-23,63,8
-27,67,8
-31,71,10
-30,71,12
-25,62,13
-22,59,12
-15,61,11
-9,64,13
-6,67,16
-4,67,17
-6,64,16
-15,61,6
-20,61,3
-23,63,-1
-23,66,-2
-20,67,2
-15,63,7
-12,57,13
-13,54,17
-16,52,32
-21,53,33
-31,52,17
-35,52,11
-27,54,10
-27,56,12
-29,56,12
-30,55,10
-33,53,10
-34,53,10
-34,53,10
-34,54,10
-35,54,12
-36,54,14
-38,59,15
-38,62,14
-33,58,8
-30,62,9
-30,64,11
-27,63,14
-23,58,14
-24,57,10
-25,57,7
-19,57,7
-20,58,7
-21,57,9
-22,60,11
-22,62,11
-23,61,10
-24,57,6
-23,58,5
-22,61,6
-23,61,6
-23,64,6
-23,62,7
-22,60,7
-23,58,7
-22,58,8
-22,58,8
-22,59,9
-22,59,10
-23,59,11
-24,60,12
-25,60,12
-26,59,13
-27,59,11
-28,60,10
-27,60,10
-25,61,10
-25,62,9
-25,63,9
-25,62,9
-25,68,8
-24,71,9
-22,68,10
-21,64,11
-20,58,10
-19,57,11
-16,59,10
-15,60,10
-13,60,11
-14,58,11
-17,61,6
-12,68,13
-8,71,20
-4,71,29
-7,65,25
-16,55,16
-18,54,13
-20,52,10
-21,51,9
-24,53,10
-26,54,11
-26,58,12
-27,61,16
-36,60,15
-34,58,14
-30,55,11
-29,54,9
-25,54,11
-26,54,13
-26,56,19
-27,56,19
-27,56,15
-26,59,15
-28,62,12
-27,59,11
-27,63,13
-26,64,15
-26,63,16
-23,57,15
-19,60,15
-22,62,8
-24,63,6
-22,60,8
-22,57,8
-25,53,7
-25,53,6
-22,56,5
-23,57,5
-20,63,5
-19,66,5
-16,64,5
-17,62,5
-20,59,3
-21,60,3
-24,61,3
-24,59,3
-21,60,6
-22,60,7
-23,62,10
-23,62,15
-25,63,15
-28,62,12
-29,61,11
-31,61,8
-29,60,8
-28,60,9
-27,60,8
-28,63,8
-28,64,8
-26,71,7
-25,71,8
-26,62,11
-25,61,11
-20,59,10
-19,61,9
-16,64,11
-15,63,11
-14,58,10
-17,57,8
-20,60,3
-19,62,3
-10,69,14
-7,69,25
-8,62,34
-17,56,21
-22,55,16
-28,51,8
-26,50,7
-16,52,14
-13,53,16
-31,57,7
-30,57,8
-23,58,15
-23,58,18
-27,55,19
-28,54,19
-27,53,17
-27,53,15
-27,53,11
-31,56,10
-40,57,15
-41,61,17
-38,59,8
-36,63,5
-33,69,3
-29,66,5
-26,59,7
-23,56,8
-19,59,10
-19,58,8
-18,57,8
-16,57,10
-17,61,9
-22,62,6
-22,62,5
-23,65,5
-23,64,6
-24,59,7
-25,57,8
-24,56,8
-24,56,8
-21,56,9
-20,57,10
-20,60,12
-21,61,12
-25,62,10
-26,61,10
-29,60,8
-28,59,8
-26,58,9
-23,58,10
-22,60,10
-22,66,9
-22,73,10
-25,76,10
-25,68,10
-25,58,9
-24,57,8
-21,59,8
-17,61,9
-13,62,12
-12,62,11
-17,63,6
-18,64,4
-18,67,5
-17,70,6
-14,68,9
-13,63,10
-9,56,11
-9,54,13
-13,53,19
-15,55,26
-26,58,27
-29,57,23
-30,55,14
-29,53,8
-28,53,8
-29,53,8
-32,54,8
-41,56,10
-42,56,11
-37,53,10
-33,53,11
-30,58,18
-27,61,20
-31,68,20
-32,69,17
-36,54,8
-29,53,8
-24,60,8
-21,64,7
-28,63,2
-28,61,3
-30,59,5
-40,62,-4
-40,54,-2
-32,47,-1
-31,46,-1
-30,51,2
-30,52,2
-27,54,4
-25,54,5
-22,54,6
-21,55,6
-22,60,12
-22,63,14
-34,62,8
-41,61,6
-40,57,1
-36,54,1
-33,52,2
-33,52,0
-35,54,-2
-36,54,-1
-34,57,1
-34,57,1
-34,57,3
-35,57,4
-35,62,5
-35,61,5
-35,59,3
-35,64,2
-31,62,3
-30,55,3
-29,55,4
-30,64,3
-29,65,3
-22,61,4
-18,59,5
-14,57,6
-14,58,5
-17,61,0
-18,63,0
-20,65,6
-20,63,9
-19,61,29
-26,61,31
-29,55,18
-25,54,13
-22,52,4
-22,53,1
-21,54,2
-22,56,5
-28,59,15
-29,59,20
-27,57,21
-25,57,15
-27,56,13
-32,58,16
-33,59,19
-32,61,19
-31,61,16
-29,65,11
-28,68,9
-32,62,7
-30,60,6
-18,61,8
-21,59,5
-22,55,5
-20,54,5
-20,56,4
-20,57,4
-20,59,4
-20,60,4
-23,63,3
-24,65,2
-24,65,1
-23,61,3
-22,58,4
-24,59,5
-24,58,5
-22,60,6
-22,60,7
-23,59,9
-25,60,10
-22,61,15
-20,62,17
-19,62,15
-19,60,13
-19,60,11
-19,60,10
-22,59,9
-23,59,8
-27,61,6
-28,65,5
-27,72,5
-27,70,7
-32,62,7
-33,62,8
-30,60,7
-25,60,8
-15,63,11
-10,67,13
-9,67,12
-13,62,8
-15,61,6
-18,63,3
-18,64,3
-14,65,8
-10,62,15
-9,60,24
-14,59,26
-22,53,18
-21,53,15
-22,54,13
-21,53,13
-21,53,12
-24,54,11
-29,54,9
-33,54,9
-35,56,12
-36,55,14
-42,59,11
-45,59,9
-42,57,8
-36,55,9
-30,67,11
-33,71,9
-38,62,6
-25,58,8
-21,58,10
-23,57,5
-22,57,4
-17,57,6
-16,57,7
-16,58,8
-17,58,8
-19,57,5
-19,57,4
-20,60,3
-21,61,3
-22,60,4
-22,61,4
-22,60,6
-22,60,6
-24,60,8
-24,61,9
-24,61,11
-23,62,12
-24,62,13
-24,62,12
-23,60,11
-21,60,12
-22,59,12
-23,58,12
-23,59,11
-24,60,12
-25,60,12
-26,63,13
-26,63,13
-26,63,12
-26,66,10
-25,73,10
-24,70,10
-23,61,10
-21,60,10
-21,61,9
-19,61,8
-15,62,9
-15,62,8
-14,64,0
-17,65,-1
-17,62,4
-21,55,3
-25,53,2
-27,55,17
-28,57,31
-23,55,22
-26,55,16
-29,55,6
-27,54,3
-23,57,3
-23,58,4
-22,58,12
-24,60,17
-28,61,18
-28,58,15
-30,58,17
-30,57,20
-29,59,22
-29,61,16
-29,54,3
-29,59,4
-29,66,11
-25,61,10
-23,66,8
-21,70,11
-22,63,8
-22,55,4
-22,52,2
-21,50,1
-20,51,3
-21,58,5
-21,61,5
-19,64,6
-20,67,6
-17,69,7
-17,64,8
-20,59,10
-21,58,10
-25,57,10
-29,58,9
-39,60,3
-32,59,7
-27,60,12
-25,60,10
-23,60,9
-23,59,9
-20,58,11
-19,57,11
-20,58,10
-22,58,8
-23,59,9
-24,60,9
-24,61,10
-25,64,10
-26,63,10
-29,65,6
-30,71,7
-28,72,7
-25,66,8
-21,56,9
-21,55,9
-19,58,8
-18,60,8
-15,61,8
-15,60,7
-19,59,5
-21,60,4
-23,60,3
-22,62,3
-16,71,13
-13,74,25
-29,75,31
-48,78,26
-72,74,22
-80,67,15
-80,59,13
-103,55,3
-97,53,2
-41,33,17
-37,21,17
-49,0,17
-57,-5,15
-55,-11,12
-51,-15,11
-30,-25,11
-18,-26,13
-14,-33,29
-31,-34,20
-34,-39,7
-19,-38,11
-10,-42,21
-10,-45,21
3,-44,25
0,-47,24
-1,-51,26
0,-48,33
-2,-50,34
-1,-50,35
3,-49,42
-7,-56,31
-1,-51,36
3,-51,34
6,-48,34
7,-46,38
3,-49,37
-6,-51,37
-12,-51,35
-13,-46,44
-4,-45,47
4,-43,43
1,-40,39
24,-29,17
36,-25,2
52,-18,-1
50,-17,-3
79,-30,-7
82,-34,-3
58,-41,-12
39,-44,-36
1,-53,-37
31,-56,-12
35,-40,0
2,-28,-1
-17,-22,-2
-13,-11,19
-35,-5,28
-35,-20,28
-3,-20,27
-36,20,54
-13,22,53
-40,63,44
-88,86,59
-55,93,40
-37,102,36
-39,118,25
-47,123,26
-82,95,14
-52,62,9
-43,64,21
-39,64,23
-37,67,14
-33,68,13
-29,63,5
-28,58,2
-21,51,3
-18,50,7
-18,53,8
-17,57,13
-16,58,15
-13,58,17
-13,57,19
-18,59,20
-21,57,19
-27,55,17
-32,54,14
-35,54,10
-35,55,9
-35,60,11
-36,61,11
-34,75,11
-31,77,12
-23,62,8
-21,61,8
-20,60,8
-19,58,8
-17,56,8
-18,55,7
-18,53,6
-21,56,5
-24,58,4
-26,58,5
-26,57,6
-29,57,8
-30,59,9
-31,64,10
-30,67,11
-24,66,13
-21,64,15
-19,61,18
-19,61,17
-23,58,14
-24,58,13
-25,59,13
-24,60,13
-23,60,12
-23,59,12
-24,58,11
-23,57,10
-23,57,11
-22,57,12
-22,64,12
-21,67,13
-20,61,14
-21,55,14
-22,54,15
-26,54,17
-25,54,18
-22,59,19
-20,61,20
-17,62,22
-16,62,22
-15,60,19
-16,59,18
-17,60,15
-17,61,15
-18,62,15
-19,61,14
-21,60,13
-21,59,14
-21,56,15
-20,56,15
-18,58,19
-16,60,24
-18,61,28
-23,61,24
-23,59,20
-24,59,18
-22,57,17
-23,56,17
-24,56,17
-27,56,19
-29,56,19
-27,56,18
-26,55,18
-32,59,20
-38,62,18
-43,64,12
-47,68,11
-62,75,8
-59,69,7
-85,69,-6
-84,69,-7
-54,47,-12
-39,32,-8
-30,19,0
-21,14,6
-44,11,-8
-30,14,0
-37,16,-10
-45,26,-16
-48,31,-19
-49,40,-14
-45,43,-2
-80,48,11
-65,49,20
-48,38,26
-51,30,12
-59,28,2
-58,29,-1
-60,23,-6
-57,22,-2
-63,20,-2
-67,18,-5
-65,16,-8
-60,15,-6
-56,16,0
-59,16,1
-65,20,-2
-68,22,-1
-62,20,3
-59,19,3
-58,18,5
-59,16,5
-62,17,4
-70,19,-1
-69,19,-1
-64,19,1
-66,18,0
-66,19,7
-62,18,8
-61,21,3
-63,20,1
-56,20,3
-55,20,5
-58,18,1
-57,17,1
-56,17,1
-57,17,1
-56,18,1
-56,21,-2
-56,24,-2
-60,26,-1
-64,24,1
-66,23,0
-69,22,1
-66,22,6
-61,22,6
-62,22,-3
-60,21,-2
-61,23,4
-60,24,6
-64,24,9
-62,24,13
-58,23,18
-62,20,19
-57,17,24
-54,17,26
-57,14,28
-49,12,34
-37,13,37
-36,12,32
-49,12,27
-49,13,28
-56,17,19
-53,16,15
-59,16,9
-69,20,0
-78,17,-3
-78,22,-9
-74,24,-11
-70,19,-7
-68,13,-5
-59,12,-1
-64,15,-3
-66,16,-3
-54,12,1
-49,14,3
-86,7,-19
-71,3,-34
-56,15,-27
-63,16,-43
-77,28,-37
-39,33,-4
-19,26,22
-42,21,28
-58,14,19
-76,-2,20
-73,-6,24
-69,-6,17
-59,-1,12
-55,-1,12
-55,2,12
-73,9,6
-78,9,2
-64,10,1
-54,10,2
-50,14,1
-57,18,3
-65,19,3
-68,17,6
-61,15,8
-64,14,9
-66,17,8
-59,21,12
-60,23,13
-57,24,14
-55,22,15
-56,21,14
-58,20,12
-63,18,8
-64,17,8
-63,15,11
-63,15,12
-64,14,8
-60,14,7
-60,18,11
-63,19,13
-70,15,13
-70,10,13
-66,9,8
-63,19,8
-68,21,14
-67,16,13
-61,13,9
-52,12,9
-48,13,12
-56,15,12
-61,17,11
-66,18,14
-64,17,15
-61,14,14
-59,13,16
-57,10,20
-60,10,21
-64,8,20
-64,7,18
-57,6,17
-58,5,15
-61,6,16
-62,6,17
-62,8,18
-60,9,19
-57,10,21
-57,10,20
-59,10,21
-63,9,22
-62,8,24
-63,6,25
-66,4,22
-57,2,19
-58,4,21
-77,7,16
-75,7,14
-55,9,12
-51,11,11
-53,15,12
-59,19,13
-68,23,13
-62,22,12
-53,19,18
-55,17,20
-57,20,26
-55,24,27
-55,28,17
-56,25,16
-59,24,18
-62,20,16
-63,18,14
-60,16,11
-59,15,11
-56,16,15
-59,17,14
-61,18,14
-62,18,15
-61,19,15
-62,18,14
-64,15,15
-65,13,17
-71,10,13
-70,12,2
-76,23,0
-68,23,12
-56,16,3
-50,14,1
-49,11,4
-56,9,5
-60,9,5
-65,11,7
-69,12,14
-70,15,11
-63,21,10
-59,17,10
-57,14,9
-57,9,6
-60,6,3
-63,5,0
-62,5,1
-60,6,4
-61,7,5
-65,10,9
-67,11,9
-69,10,8
-67,10,10
-62,9,9
-61,9,9
-62,8,11
-63,7,12
-63,7,13
-64,7,14
-66,5,11
-65,4,7
-69,10,6
-74,10,6
-69,9,3
-58,10,0
-55,12,3
-61,18,3
-65,20,0
-65,23,1
-60,22,7
-53,19,19
-54,16,18
-58,14,14
-57,15,14
-62,22,13
-63,25,12
-59,24,14
-58,21,13
-60,14,8
-60,12,7
-60,12,8
-60,12,10
-63,15,12
-63,16,14
-66,17,18
-67,16,18
-66,17,14
-68,19,6
-70,19,5
-58,14,4
-52,12,4
-48,10,4
-47,10,6
-53,14,10
-56,16,12
-65,17,18
-71,18,17
-76,19,9
-73,18,8
-61,13,9
-58,12,10
-56,12,9
-57,12,8
-61,13,6
-63,13,6
-65,12,7
-64,13,9
-64,11,7
-64,10,9
-63,9,9
-60,9,9
-60,9,9
-63,9,10
-64,8,12
-65,9,13
-66,9,15
-68,8,15
-67,6,8
-72,10,5
-77,11,3
-67,9,0
-59,9,1
-52,13,8
-51,17,9
-56,20,4
-58,19,5
-57,15,13
-57,15,14
-64,14,9
-69,14,6
-69,16,6
-59,20,10
-55,20,13
-52,20,14
-55,18,13
-57,21,13
-59,21,11
-63,20,8
-62,19,8
-61,15,8
-60,15,8
-59,15,12
-61,15,13
-64,17,15
-66,18,15
-66,19,15
-61,19,17
-63,19,12
-64,19,13
-63,14,10
-65,13,6
-59,16,5
-57,18,7
-58,18,11
-60,16,10
-66,12,8
-65,12,7
-57,13,8
-54,13,7
-59,12,7
-62,14,15
-67,16,16
-67,21,13
-63,22,12
-57,18,15
-56,16,15
-60,12,12
-63,11,12
-62,11,12
-63,12,12
-59,12,10
-58,11,12
-60,11,15
-61,11,16
-63,14,20
-65,16,20
-58,15,7
-55,20,7
-77,31,13
-91,30,7
-69,15,-3
-57,11,0
-45,11,8
-45,14,5
-49,16,2
-58,23,9
-63,25,15
-73,20,10
-75,17,7
-64,14,9
-56,15,12
-51,16,13
-51,15,11
-60,16,6
-64,16,5
-66,16,9
-65,14,10
-60,16,11
-60,15,11
-61,14,14
-63,14,16
-63,13,17
-62,15,16
-56,15,16
-58,13,16
-61,10,16
-63,7,17
-67,10,2
-78,21,-1
-72,24,9
-62,14,11
-59,12,6
-52,10,-2
-52,9,-5
-54,13,-1
-53,15,6
-60,13,9
-67,15,6
-77,19,3
-74,19,5
-62,13,13
-59,11,10
-61,10,2
-61,12,4
-61,15,8
-64,16,5
-68,14,2
-66,16,10
-53,16,13
-60,15,26
-57,9,35
-62,15,50
-71,11,56
-99,11,45
-118,8,22
-112,-8,-32
-97,-18,-45
-44,-21,-53
-15,-20,-47
25,-15,-42
38,-6,-39
27,8,-17
26,10,-11
-2,18,0
-28,13,3
-120,24,-26
-128,25,-43
-128,0,-58
-115,-9,-36
-85,-6,-20
-63,-5,-21
-28,-3,-22
-23,-5,-20
-17,-9,-16
-17,-21,-16
-20,-25,-15
-32,-26,-16
-33,-24,-16
-24,-24,-14
-29,-26,-15
-43,-24,-17
-37,-26,-19
-35,-19,-22
-32,-13,-25
-49,1,-24
-64,5,-33
-84,34,-17
-104,39,-17
-34,-5,64
-70,70,71
-105,13,29
-71,23,3
-54,12,-27
-37,4,-13
-25,9,10
-39,6,2
-64,4,7
-72,13,15
-78,16,17
-72,18,7
-66,20,6
-56,17,10
-54,14,10
-60,11,9
-62,10,8
-65,12,7
-63,13,8
-60,16,9
-60,16,9
-60,15,10
-63,13,10
-66,9,13
-66,9,12
-66,10,14
-66,11,11
-68,22,7
-71,23,11
-75,21,9
-66,15,6
-50,12,5
-47,12,5
-54,16,2
-61,19,0
-60,21,1
-57,24,5
-59,26,7
-62,23,8
-66,20,6
-66,16,5
-63,16,5
-60,16,5
-59,16,4
-56,17,4
-57,17,5
-60,17,5
-61,17,4
-62,17,4
-64,18,4
-64,18,7
-62,18,8
-60,17,6
-59,17,7
-61,16,8
-62,14,7
-62,15,9
-63,16,11
-66,21,5
-70,27,7
-71,28,7
-71,22,6
-68,20,4
-59,17,4
-54,16,5
-55,20,3
-59,20,2
-49,15,7
-50,13,7
-59,15,1
-67,20,1
-71,23,9
-68,21,12
-60,16,10
-59,14,9
-56,16,10
-56,16,10
-57,16,10
-58,17,9
-60,16,8
-60,17,9
-59,15,12
-64,15,11
-67,15,11
-66,12,10
-67,11,9
-66,14,0
-66,19,5
-81,22,6
-78,20,3
-61,13,1
-56,13,1
-49,17,2
-49,20,2
-52,24,5
-52,26,6
-54,27,10
-61,26,8
-67,24,7
-63,22,9
-57,21,8
-57,21,7
-57,23,8
-57,25,8
-56,25,8
-57,26,10
-58,27,9
-60,26,6
-60,26,6
-60,24,7
-63,21,7
-68,17,8
-69,15,8
-69,14,5
-68,19,-4
-64,34,-3
-60,34,6
-69,22,-7
-63,16,-8
-50,9,-8
-51,8,-10
-53,13,-3
-56,17,2
-64,22,0
-67,25,-3
-58,24,-1
-56,23,-1
-61,18,-1
-68,15,-3
-66,15,-4
-63,13,-1
-61,13,0
-58,12,3
-58,14,2
-69,13,2
-73,13,2
-67,10,3
-66,9,5
-61,9,3
-59,13,-7
-65,24,-4
-73,27,1
-83,19,-8
-68,18,-9
-54,17,-3
-51,18,-1
-50,20,-3
-50,21,-3
-46,21,7
-52,22,7
-66,23,4
-66,18,4
-60,16,8
-59,18,6
-61,20,5
-56,26,8
-54,26,9
-55,25,8
-56,23,9
-63,19,8
-67,19,6
-69,20,6
-67,19,8
-64,17,11
-63,15,12
-62,15,10
-63,19,2
-69,32,1
-68,31,2
-62,22,-3
-57,16,-3
-53,7,-5
-56,9,-4
-57,14,2
-57,18,6
-64,24,9
-68,23,4
-65,18,3
-60,10,3
-60,9,3
-61,8,3
-61,9,4
-60,11,5
-59,11,6
-62,9,7
-63,9,8
-64,9,10
-67,9,11
-66,9,12
-63,11,13
-62,11,12
-61,11,14
-61,11,11
-63,15,10
-79,17,4
-81,15,3
-70,10,1
-59,13,3
-48,16,3
-46,18,4
-48,22,5
-52,22,7
-56,22,8
-71,19,4
-75,17,2
-65,15,5
-59,15,9
-58,19,10
-57,20,9
-57,20,9
-56,21,10
-58,21,13
-61,20,11
-63,18,7
-63,16,8
-63,13,11
-67,11,11
-71,14,3
-70,17,-5
-61,26,2
-62,24,4
-71,21,-4
-68,20,-7
-59,13,-6
-54,12,-2
-53,15,0
-56,20,5
-62,23,5
-69,26,2
-65,23,1
-56,16,2
-57,13,1
-61,13,-1
-62,14,0
-60,15,3
-60,16,4
-65,16,4
-66,15,4
-63,14,7
-61,14,8
-61,13,8
-63,13,9
-64,13,9
-64,13,10
-60,14,12
-59,16,12
-67,20,5
-70,18,3
-68,16,3
-68,16,3
-67,19,1
-60,20,-1
-52,19,1
-43,17,4
-43,16,6
-55,17,8
-63,19,7
-73,21,7
-68,21,7
-58,20,9
-56,20,9
-58,18,8
-58,18,9
-57,18,9
-57,18,10
-64,18,10
-68,19,10
-67,19,9
-65,18,8
-65,19,-1
-70,28,-1
-80,26,-3
-79,17,-9
-59,15,-8
-44,10,-4
-42,7,-3
-49,11,2
-54,15,3
-74,24,1
-80,24,-1
-68,19,0
-62,15,2
-61,10,1
-61,10,-1
-59,11,1
-58,12,2
-61,14,2
-62,14,3
-62,15,5
-63,15,6
-65,14,9
-64,14,10
-62,12,11
-62,11,11
-62,10,10
-64,15,4
-65,21,1
-69,25,0
-69,24,-1
-59,24,-1
-55,22,-1
-49,17,2
-52,14,3
-58,14,0
-59,15,1
-68,17,4
-71,18,4
-64,18,3
-59,17,3
-56,16,4
-56,16,3
-59,17,3
-62,18,3
-64,18,5
-63,18,6
-62,17,6
-61,17,6
-62,16,9
-64,14,8
-61,15,4
-62,22,-9
-63,28,-7
-78,26,-5
-84,19,-11
-72,10,-14
-64,8,-14
-47,10,-8
-44,11,-7
-47,13,-2
-53,16,-1
-73,24,-4
-77,24,-5
-72,17,-5
-67,13,-5
-57,10,-4
-54,10,-3
-56,11,-1
-58,14,-1
-62,15,-1
-61,15,0
-62,14,2
-66,14,1
-68,13,5
-62,14,8
-59,15,8
-60,16,10
-62,15,11
-64,18,1
-68,19,1
-80,20,0
-79,20,-1
-65,21,-2
-57,22,-1
-47,19,0
-46,18,0
-49,23,-2
-47,22,4
-56,18,10
-66,15,6
-75,13,2
-71,15,3
-59,19,5
-57,20,5
-55,21,6
-55,21,7
-57,20,7
-59,20,7
-60,20,7
-64,19,8
-64,19,7
-61,18,9
-62,17,10
-65,14,10
-66,14,10
-63,18,6
-63,27,1
-71,33,7
-76,30,10
-82,19,-3
-71,16,-5
-51,12,-8
-44,11,-7
-36,13,-3
-39,11,-1
-55,14,5
-71,21,3
-86,25,-2
-81,23,-2
-59,19,6
-53,14,8
-51,6,8
-57,7,3
-59,9,1
-61,15,1
-66,17,1
-67,16,6
-64,15,9
-62,12,9
-60,12,10
-59,12,12
-61,13,12
-63,21,7
-63,28,3
-78,26,2
-84,21,1
-78,14,-6
-64,15,-6
-63,21,7
-63,28,3
-78,26,2
-84,21,1
-78,14,-6
-64,15,-6
-41,17,-1
-37,18,1
-42,21,2
-45,22,5
-55,28,8
-58,27,6
-78,24,-5
-75,21,-3
-65,16,1
-62,15,-2
-61,14,-3
-60,14,1
-61,16,3
-61,20,4
-61,21,5
-60,20,8
-62,19,9
-66,17,9
-68,15,7
-70,11,6
-69,16,0
-69,26,-6
-67,25,-4
-54,21,3
-52,18,3
-58,11,-6
-59,9,-7
-59,10,-1
-62,14,1
-65,20,5
-66,22,6
-63,17,7
-58,10,7
-58,10,7
-59,9,4
-60,9,2
-65,13,2
-66,15,4
-65,17,11
-62,16,11
-55,12,12
-56,11,11
-64,11,7
-67,11,8
-69,13,9
-68,13,3
-68,20,0
-74,19,2
-66,20,3
-59,17,4
-49,20,7
-51,21,4
-56,21,-1
-56,20,-1
-57,17,6
-62,15,7
-73,16,3
-66,16,4
-61,17,5
-55,18,6
-56,18,5
-60,17,3
-61,19,3
-60,19,3
-59,19,4
-58,20,6
-58,19,7
-64,16,7
-64,15,7
-66,15,5
-65,15,7
-64,15,9
-63,15,9
-62,14,9
-61,15,7
-67,24,1
-70,28,2
-79,26,1
-73,23,-3
-59,17,-1
-49,15,-6
-49,16,-8
-48,15,-9
-51,15,-6
-61,19,3
-69,23,3
-74,24,-2
-68,22,-1
-57,17,2
-56,15,1
-63,12,-1
-64,13,-3
-61,17,-2
-59,18,-2
-59,17,2
-63,16,4
-67,16,2
-65,14,4
-61,13,7
-60,14,7
-58,14,9
-59,13,10
-62,13,11
-60,14,2
-59,19,2
-82,24,3
-86,19,2
-65,14,-3
-52,13,0
-43,16,2
-49,17,0
-56,19,2
-62,20,2
-68,18,5
-68,17,6
-65,18,3
-62,17,2
-57,17,4
-56,17,5
-58,18,4
-60,18,3
-63,19,5
-64,19,6
-63,18,7
-62,18,7
-61,17,5
-59,17,7
-60,18,8
-62,18,9
-62,17,10
-63,16,9
-63,17,6
-70,25,3
-71,28,3
-68,21,0
-61,17,0
-54,14,-5
-53,14,-8
-51,19,-4
-52,22,1
-63,24,0
-73,24,-4
-68,23,-1
-64,21,0
-58,16,-1
-56,14,-2
-59,12,-4
-60,13,-2
-62,15,-3
-61,16,-4
-61,18,-1
-65,17,-2
-64,17,-2
-62,17,1
-62,17,2
-60,17,3
-61,17,3
-63,15,4
-63,14,4
-65,16,6
-66,17,3
-61,19,-3
-57,19,1
-73,16,6
-79,15,2
-69,15,-3
-62,18,-1
-59,21,1
-61,22,0
-62,21,-5
-59,20,-5
-48,21,1
-45,24,5
-46,20,13
-63,18,6
-67,19,3
-69,18,3
-66,19,4
-58,19,7
-55,19,8
-58,17,5
-58,18,6
-63,22,7
-64,23,6
-61,25,9
-59,24,10
-59,22,9
-60,22,9
-59,20,9
-58,20,11
-58,22,13
-59,23,12
-64,20,12
-67,18,8
-77,21,-9
-74,25,-4
-69,24,3
-72,21,-1
-57,17,-5
-44,14,-2
-44,13,-3
-54,15,-1
-57,18,1
-66,23,-2
-64,24,-1
-54,21,5
-55,21,6
-62,18,2
-63,18,2
-64,19,4
-64,20,3
-60,21,1
-57,21,1
-57,20,2
-58,20,4
-62,18,8
-66,17,8
-73,18,7
-72,19,7
-67,21,17
-68,20,11
-65,19,-7
-63,17,5
-64,16,10
-67,12,2
-63,12,-1
-48,17,3
-43,18,8
-46,15,11
-54,15,9
-77,19,1
-75,20,4
-61,20,7
-55,21,7
-52,21,9
-55,19,10
-63,18,9
-62,19,8
-58,20,9
-58,20,10
-59,21,10
-60,20,9
-61,19,9
-61,18,10
-62,17,9
-63,15,8
-63,16,10
-64,15,15
-67,17,14
-71,29,1
-71,31,5
-72,27,10
-71,24,4
-57,19,0
-55,17,-3
-50,12,-4
-47,13,-4
-51,12,5
-55,13,7
-73,18,4
-76,18,4
-63,14,8
-57,13,9
-57,13,8
-59,14,7
-59,16,7
-61,17,7
-63,17,10
-64,17,9
-62,18,12
-61,18,14
-61,18,15
-61,17,15
-63,15,15
-60,12,17
-59,12,9
-63,22,6
-76,25,4
-69,24,4
-59,19,4
-46,16,8
-47,17,7
-54,17,6
-60,17,5
-67,20,6
-64,20,9
-62,18,10
-61,17,8
-56,20,8
-55,20,9
-59,21,9
-61,20,8
-62,18,7
-63,17,7
-63,16,7
-65,16,7
-64,17,7
-61,18,9
-60,19,10
-58,17,14
-59,16,14
-60,18,9
-63,21,6
-71,25,2
-69,23,2
-64,20,6
-63,20,6
-62,19,-1
-58,18,-3
-50,18,-1
-49,15,-2
-56,11,2
-63,13,2
-70,18,2
-73,19,4
-67,18,6
-65,16,5
-58,14,2
-57,14,0
-60,15,1
-61,15,3
-60,15,4
-58,17,6
-58,17,6
-63,17,5
-67,16,6
-70,16,8
-68,16,9
-64,16,10
-59,15,7
-54,15,3
-61,16,5
-81,19,3
-83,17,-1
-66,18,-4
-58,19,-3
-49,20,-2
-47,19,-1
-48,20,1
-51,19,5
-59,19,5
-66,20,2
-70,18,3
-64,20,2
-60,21,3
-57,21,6
-58,21,5
-58,22,5
-57,21,7
-59,21,7
-60,22,7
-63,21,9
-62,20,10
-63,17,9
-63,16,8
-59,15,10
-59,14,10
-64,24,8
-72,30,6
-83,31,-1
-74,26,-1
-54,18,2
-50,15,-1
-49,13,-4
-50,14,-3
-53,14,0
-59,22,-1
-71,24,-1
-71,22,2
-66,19,5
-57,14,6
-57,13,3
-60,14,1
-58,16,2
-54,18,7
-57,19,8
-65,20,7
-64,19,8
-61,17,10
-63,17,10
-69,18,6
-75,22,5
-65,19,15
-56,16,20
-56,10,17
-61,8,11
-65,12,0
-65,16,2
-79,19,3
-63,12,3
-52,10,7
-46,12,10
-51,14,6
-62,18,1
-61,20,3
-53,20,11
-53,19,11
-63,17,9
-69,16,6
-72,14,5
-71,15,3
-59,13,8
-54,12,10
-50,12,10
-52,14,11
-57,18,12
-61,20,11
-61,19,10
-64,19,8
-67,17,6
-68,15,7
-71,15,7
-74,17,9
-62,12,12
-55,11,11
-54,12,9
-61,21,-1
-66,26,-5
-68,25,-3
-69,23,-4
-66,15,2
-64,11,1
-62,9,-4
-55,11,-1
-57,16,2
-65,19,1
-71,21,1
-66,17,3
-57,13,6
-57,10,4
-58,11,0
-57,12,2
-57,13,4
-58,14,4
-65,17,2
-64,18,5
-62,14,9
-64,12,6
-64,12,6
-61,15,10
-59,16,10
-63,16,12
-64,14,13
-62,10,4
-61,12,3
-77,15,-1
-79,18,0
-67,19,3
-61,22,3
-58,22,1
-55,22,1
-54,19,4
-54,20,6
-61,15,9
-65,14,8
-62,14,6
-58,13,7
-54,15,9
-54,17,8
-60,18,10
-60,19,13
-60,19,13
-60,17,11
-59,17,11
-59,16,12
-61,16,12
-63,16,13
-63,16,13
-62,15,13
-62,14,13
-63,13,12
-65,15,11
-76,22,6
-76,23,6
-64,23,8
-58,23,11
-58,20,7
-61,18,2
-59,16,-1
-53,16,1
-47,14,9
-50,13,12
-69,21,3
-74,24,3
-66,21,9
-60,13,8
-60,11,5
-59,12,2
-57,12,3
-59,15,3
-60,16,3
-61,16,8
-63,16,9
-65,16,9
-64,16,9
-61,15,10
-59,15,10
-63,15,12
-67,14,12
-69,13,9
-66,14,7
-65,20,3
-70,21,4
-73,17,7
-68,13,4
-55,10,2
-50,12,3
-56,18,-1
-58,21,-2
-53,22,5
-53,20,11
-60,20,9
-73,20,4
-71,18,4
-60,16,8
-58,16,7
-58,17,6
-58,17,6
-57,19,8
-57,20,9
-60,20,8
-61,20,8
-60,21,10
-61,19,10
-62,16,11
-62,15,10
-62,15,9
-61,16,9
-60,16,12
-62,15,12
-69,20,9
-72,25,7
-71,30,6
-66,23,4
-61,21,4
-55,17,1
-52,17,-1
-48,18,-3
-49,17,-3
-55,15,3
-62,17,6
-81,18,2
-82,16,1
-64,14,5
-56,14,6
-52,12,5
-55,12,4
-61,13,3
-63,13,2
-63,15,4
-62,15,5
-61,15,8
-62,15,9
-61,12,8
-61,11,8
-61,12,8
-61,13,9
-63,16,13
-67,17,7
-66,18,2
-75,20,2
-78,19,1
-64,18,3
-59,16,3
-52,16,1
-51,17,0
-53,19,0
-54,20,3
-61,21,5
-65,20,6
-70,18,5
-67,17,5
-58,17,6
-56,17,7
-58,17,5
-60,17,5
-61,17,5
-61,17,5
-61,17,6
-63,16,6
-64,16,7
-64,17,8
-61,17,10
-60,16,11
-59,17,13
-60,18,13
-61,21,8
-67,28,1
-66,27,5
-64,21,1
-62,20,0
-61,18,-4
-61,17,-6
-57,15,-4
-54,14,-3
-54,12,2
-57,13,5
-63,21,7
-69,23,2
-69,16,-1
-65,13,0
-64,9,-3
-64,9,-4
-62,12,-2
-61,14,0
-61,14,2
-59,14,4
-60,14,4
-62,13,2
-64,13,3
-63,14,6
-63,16,7
-64,17,8
-65,16,8
-59,16,7
-60,17,5
-65,22,13
-70,22,12
-71,18,5
-72,16,3
-67,17,-1
-59,17,-2
-48,15,-1
-45,16,3
-52,18,6
-62,18,3
-74,18,1
-70,16,3
-61,16,6
-58,16,5
-56,16,1
-56,17,4
-58,18,4
-60,20,4
-60,21,5
-62,23,6
-62,24,6
-62,21,7
-63,19,8
-62,18,7
-62,18,7
-61,18,8
-62,17,8
-63,15,10
-65,14,10
-66,20,3
-70,27,0
-74,35,1
-72,30,2
-56,21,1
-52,17,1
-49,16,-3
-53,18,-8
-53,17,-8
-52,13,-2
-59,15,0
-76,19,-5
-81,19,-6
-68,17,0
-61,15,2
-56,14,0
-57,14,-2
-59,14,0
-59,14,0
-60,15,2
-60,15,3
-67,17,3
-69,16,2
-68,14,4
-66,13,4
-62,11,6
-61,12,8
-62,12,6
-64,13,0
-71,17,-1
-81,15,-3
-74,12,-6
-58,12,-7
-49,13,-6
-46,15,-5
-48,17,-5
-55,18,2
-60,18,5
-71,18,5
-72,17,2
-64,16,3
-60,15,3
-58,15,2
-60,15,1
-58,15,4
-58,16,5
-60,18,6
-61,19,7
-62,19,8
-63,18,10
-64,15,8
-64,15,9
-62,14,8
-61,14,8
-61,20,4
-70,30,0
-74,29,1
-68,21,-2
-60,17,-1
-53,12,-2
-55,11,-4
-61,16,-7
-65,21,-7
-61,24,3
-61,23,8
-61,19,7
-58,18,6
-59,16,3
-59,16,1
-61,16,0
-61,16,1
-62,17,4
-63,17,4
-62,18,5
-62,18,6
-61,16,8
-62,15,8
-63,14,6
-62,15,6
-62,17,9
-64,16,12
-63,16,14
-64,15,9
-64,19,3
-77,27,3
-85,27,3
-66,19,1
-55,16,2
-42,15,2
-42,16,-1
-50,20,-1
-50,23,2
-59,26,10
-68,26,11
-73,22,4
-68,20,3
-59,18,4
-57,18,4
-54,18,5
-54,19,6
-58,20,6
-61,20,6
-63,22,6
-61,20,6
-61,19,7
-67,17,4
-66,17,3
-61,18,6
-61,18,5
-59,16,6
-59,16,8
-62,15,9
-65,16,10
-65,19,8
-65,23,6
-65,28,3
-62,28,1
-60,23,-4
-59,20,-6
-58,19,-6
-57,19,-2
-55,24,3
-57,26,4
-63,25,4
-64,22,4
-60,19,3
-61,18,2
-62,16,2
-63,15,1
-62,16,1
-59,17,1
-57,19,3
-59,20,4
-60,20,5
-63,20,7
-65,20,6
-64,19,7
-62,19,8
-61,18,11
-63,17,10
-61,14,8
-60,15,6
-63,21,-1
-63,22,2
-64,21,5
-60,21,6
-59,21,3
-60,22,1
-61,22,2
-59,21,3
-58,19,8
-63,18,1
-67,20,1
-64,21,3
-61,19,5
-57,19,7
-56,19,5
-57,18,2
-57,18,3
-60,19,6
-63,20,6
-64,21,4
-62,19,4
-59,17,6
-59,18,6
-63,17,5
-62,17,6
-58,18,7
-59,18,6
-62,16,6
-62,16,7
-62,14,6
-61,15,5
-64,19,4
-66,22,4
-68,30,5
-65,29,6
-62,25,3
-54,20,0
-53,19,-2
-57,19,-6
-59,19,-5
-60,19,0
-63,21,4
-71,24,3
-68,25,4
-56,25,7
-57,23,6
-59,20,-3
-61,19,-4
-63,15,-1
-64,13,-2
-64,13,-1
-62,13,0
-59,16,3
-59,18,5
-60,22,6
-61,21,5
-60,16,6
-63,13,4
-63,13,5
-61,17,8
-61,19,10
-61,20,11
-63,21,8
-65,23,6
-69,23,8
-68,14,8
-62,10,6
-54,11,6
-56,14,5
-62,20,3
-65,22,1
-58,22,3
-53,20,4
-52,19,6
-56,19,6
-64,18,6
-69,19,5
-67,19,5
-62,17,5
-58,16,4
-57,16,3
-55,17,4
-58,19,7
-63,20,7
-65,21,5
-63,20,6
-60,19,7
-60,19,6
-60,19,7
-59,19,7
-58,20,6
-62,21,6
-63,16,9
-61,16,11
-60,15,11
-63,17,8
-67,22,3
-69,26,3
-66,27,6
-64,25,7
-61,22,4
-60,21,2
-59,20,-1
-57,20,-1
-50,19,2
-54,19,3
-57,20,2
-67,22,1
-70,22,2
-64,18,5
-60,17,7
-59,16,4
-59,16,3
-58,17,4
-59,18,5
-58,19,4
-58,18,4
-59,17,5
-62,17,5
-66,17,5
-65,19,5
-60,21,7
-59,21,8
-59,20,8
-61,18,9
-64,16,9
-63,17,9
-61,19,6
-62,20,3
-66,23,6
-72,22,8
-70,19,4
-64,15,4
-64,15,2
-63,18,-3
-60,19,-2
-55,18,1
-53,17,2
-53,18,2
-54,19,3
-58,20,4
-62,20,5
-67,20,8
-66,18,6
-62,18,4
-59,18,5
-55,19,6
-55,19,6
-58,20,6
-58,20,6
-60,19,6
-63,18,7
-65,17,8
-65,18,8
-63,18,10
-61,17,11
-61,16,10
-61,20,7
-62,24,6
-64,29,3
-64,27,1
-65,22,-2
-66,19,-4
-62,17,-5
-58,18,-4
-54,19,-2
-52,19,1
-58,22,5
-62,25,6
-66,26,5
-65,25,5
-56,17,4
-57,15,1
-64,15,-9
-64,16,-9
-56,19,-1
-59,19,1
-63,19,-1
-64,18,1
-64,18,2
-60,18,4
-59,18,4
-60,17,4
-61,17,5
-60,17,5
-61,17,7
-64,17,9
-65,17,10
-68,18,4
-66,19,2
-68,21,1
-71,21,1
-65,18,2
-63,16,1
-54,19,-2
-50,20,-4
-46,23,-5
-46,25,-3
-51,26,5
-66,28,4
-73,28,0
-69,21,-1
-63,19,0
-57,19,0
-58,19,-1
-59,21,-1
-60,22,0
-59,22,1
-59,20,1
-63,19,0
-63,19,3
-64,20,5
-65,21,4
-62,20,4
-61,21,6
-59,22,6
-65,25,5
-74,29,1
-70,28,3
-60,22,2
-58,20,0
-55,16,-6
-53,16,-7
-53,13,-4
-56,11,4
-59,12,6
-67,18,-1
-68,19,-1
-61,19,4
-59,18,3
-61,14,1
-62,13,0
-61,13,2
-61,14,3
-63,16,6
-64,15,6
-69,16,6
-69,18,8
-64,19,10
-63,17,8
-63,15,9
-63,15,5
-68,24,-3
-73,27,-5
-61,28,0
-55,27,1
-44,24,7
-51,25,3
-58,25,-1
-69,22,-3
-71,21,1
-62,21,8
-60,22,7
-58,23,4
-55,23,3
-52,23,3
-52,23,3
-58,24,4
-62,25,4
-61,24,6
-59,23,6
-59,19,5
-58,19,5
-57,19,5
-58,19,6
-61,20,6
-62,19,7
-62,16,7
-61,14,7
-63,13,9
-66,17,8
-73,23,2
-70,31,1
-67,30,5
-59,29,11
-59,28,10
-57,23,2
-56,23,-1
-53,20,-3
-52,21,-2
-54,23,1
-57,23,1
-66,24,2
-67,24,2
-62,20,5
-59,19,5
-58,18,1
-59,17,0
-61,16,0
-61,16,-1
-61,15,1
-59,15,2
-62,17,4
-66,18,3
-69,18,2
-68,16,2
-65,14,1
-59,12,5
-58,13,8
-58,14,11
-58,14,12
-61,17,1
-66,24,-7
-85,32,-7
-78,33,-4
-54,23,2
-47,20,3
-46,26,1
-53,24,0
-70,22,-7
-68,23,-3
-55,21,6
-54,21,7
-52,23,8
-55,25,5
-61,23,0
-61,22,1
-60,20,5
-63,20,5
-63,20,4
-62,23,5
-62,23,5
-61,22,5
-62,21,4
-59,17,5
-58,15,6
-61,14,6
-63,13,5
-65,15,5
-66,18,5
-68,21,2
-64,22,2
-60,24,3
-59,25,4
-64,22,4
-62,22,4
-59,22,1
-58,21,-2
-60,20,-5
-58,19,-3
-55,17,2
-58,16,3
-65,20,-1
-67,22,-1
-58,20,6
-59,15,4
-61,14,2
-60,16,1
-61,17,1
-63,20,3
-63,19,4
-60,18,6
-58,16,7
-60,16,7
-61,16,5
-62,14,3
-61,13,3
-64,14,6
-65,15,9
-73,18,8
-73,19,6
-68,22,2
-65,26,1
-62,23,3
-62,21,2
-56,19,1
-52,19,1
-48,23,0
-54,29,-1
-53,29,4
-62,29,7
-66,25,6
-66,20,4
-63,19,3
-58,19,2
-58,20,2
-58,20,3
-59,19,5
-59,19,6
-58,18,7
-59,20,7
-62,20,5
-64,19,6
-64,18,3
-63,16,4
-62,14,4
-63,14,8
-66,17,6
-74,26,0
-72,29,-3
-59,30,3
-53,28,9
-53,24,7
-58,19,-2
-55,17,-2
-49,13,1
-51,13,4
-67,18,0
-75,20,-4
-66,19,4
-59,20,11
-55,20,10
-56,20,8
-57,19,7
-59,19,6
-64,20,2
-63,20,1
-58,21,7
-60,21,7
-64,19,2
-63,18,2
-64,16,4
-67,16,5
-65,17,8
-65,18,8
-64,20,3
-71,25,1
-72,26,2
-66,24,1
-62,24,-1
-53,23,-4
-49,23,-3
-45,26,1
-46,26,2
-57,27,7
-65,27,7
-71,21,4
-62,20,6
-55,20,4
-55,20,1
-56,21,1
-58,20,2
-61,20,7
-65,19,8
-64,19,9
-62,20,10
-62,22,9
-61,21,9
-59,19,8
-59,19,7
-66,23,5
-82,26,-6
-75,27,-4
-58,25,3
-53,22,1
-49,16,-3
-48,15,-3
-51,19,2
-56,22,1
-68,28,2
-66,27,5
-58,24,11
-53,20,5
-57,15,0
-61,15,0
-63,13,-4
-63,15,-3
-60,20,4
-59,22,6
-59,26,10
-58,28,12
-60,26,8
-67,20,-3
-64,16,-1
-62,18,4
-62,18,7
-63,19,8
-64,20,7
-62,21,4
-63,22,0
-73,22,-1
-70,22,1
-61,20,4
-56,19,3
-55,23,-1
-58,25,-5
-57,28,-6
-53,29,-2
-47,27,7
-53,28,7
-63,25,3
-67,25,1
-65,22,4
-60,23,5
-54,23,5
-56,24,2
-57,24,1
-58,21,3
-58,20,5
-63,19,7
-63,20,7
-57,22,8
-56,24,9
-60,24,8
-62,24,8
-61,24,13
-64,24,15
-66,22,7
-68,24,3
-69,29,0
-68,32,0
-58,23,3
-52,20,4
-51,13,-1
-54,12,-5
-58,15,-6
-59,17,-4
-63,22,5
-66,24,6
-65,23,5
-56,19,7
-56,17,5
-58,15,0
-59,15,0
-60,17,1
-61,18,3
-62,20,4
-62,21,5
-61,20,5
-61,19,5
-62,20,3
-60,20,4
-60,20,6
-64,20,5
-68,19,5
-67,18,7
-66,18,10
-66,18,10
-66,18,6
-66,20,0
-73,23,-6
-75,23,-5
-61,21,-4
-55,20,-5
-43,21,-2
-47,27,-3
-51,29,-2
-59,31,4
-62,30,7
-64,26,6
-63,22,5
-60,22,1
-58,23,0
-56,23,1
-58,21,2
-59,19,3
-59,19,4
-60,21,4
-60,22,5
-62,23,7
-62,22,7
-59,20,5
-60,19,4
-60,18,4
-60,18,7
-64,17,9
-69,19,8
-73,22,3
-72,30,-1
-70,33,1
-59,30,3
-54,26,2
-47,20,-3
-47,17,-5
-52,17,-7
-55,17,-8
-64,20,-6
-68,21,-6
-70,24,1
-67,25,5
-58,21,2
-57,19,-1
-55,17,-2
-55,16,-2
-57,16,-3
-61,17,-2
-66,19,-2
-66,19,-2
-62,19,3
-61,19,4
-57,19,5
-57,19,5
-60,21,5
-64,20,5
-66,20,4
-66,18,7
-64,18,9
-64,21,9
-63,21,7
-66,27,-1
-71,27,-3
-71,23,-5
-64,21,-4
-49,19,-2
-45,21,-1
-45,24,0
-50,25,-1
-63,25,1
-68,24,2
-71,19,4
-66,18,5
-56,20,4
-53,22,2
-53,23,2
-56,22,3
-62,22,3
-63,22,3
-61,23,5
-61,21,4
-60,20,4
-58,20,3
-57,20,3
-59,20,4
-61,20,6
-65,20,6
-66,21,6
-68,23,4
-69,25,3
-65,28,3
-63,29,3
-64,26,1
-61,24,0
-52,22,-1
-53,19,-4
-56,17,-9
-55,17,-8
-60,20,-2
-66,23,-2
-74,29,-3
-67,26,-2
-54,20,5
-52,17,4
-57,16,0
-60,18,-2
-61,19,-1
-61,19,2
-61,18,2
-62,16,3
-62,16,4
-63,18,5
-62,18,5
-61,18,8
-62,17,8
-66,17,9
-67,17,9
-65,21,2
-66,24,1
-70,24,4
-65,21,3
-59,16,2
-56,18,1
-55,22,-2
-53,24,-2
-51,26,1
-51,26,5
-59,26,7
-69,24,2
-65,23,2
-56,23,4
-54,23,4
-55,23,2
-57,23,1
-59,23,1
-59,22,2
-60,23,3
-62,24,4
-63,25,5
-63,24,6
-62,23,7
-62,22,6
-60,20,6
-60,20,7
-62,25,9
-65,28,8
-67,33,5
-65,34,6
-57,34,8
-56,27,6
-57,25,2
-55,19,-4
-53,18,-5
-50,17,-5
-50,17,-4
-58,22,1
-69,26,0
-81,26,2
-74,23,5
-60,17,4
-56,16,2
-57,16,-1
-57,16,-1
-55,17,4
-56,16,4
-60,14,5
-65,14,6
-69,15,6
-68,16,7
-63,18,9
-63,19,8
-59,18,10
-59,18,11
-61,18,12
-63,21,8
-69,25,0
-74,20,4
-71,18,3
-65,17,-2
-57,19,-3
-42,22,-1
-39,25,4
-40,28,15
-51,30,14
-72,26,7
-72,22,7
-61,20,7
-59,20,6
-56,23,6
-56,24,7
-58,27,10
-60,28,11
-60,30,10
-58,30,11
-56,28,10
-56,25,9
-54,24,9
-54,24,11
-55,22,9
-61,21,7
-61,22,10
-60,17,6
-60,12,5
-57,8,7
-58,9,10
-54,17,18
-62,25,13
-88,40,-6
-82,43,-1
-67,34,10
-61,27,7
-53,15,-2
-52,11,-3
-56,8,-11
-60,13,-11
-59,24,2
-61,28,8
-64,28,11
-60,26,10
-59,20,4
-60,17,1
-59,16,0
-58,15,0
-59,15,2
-66,13,4
-69,14,6
-67,10,7
-63,10,7
-55,13,8
-53,12,9
-61,13,10
-66,13,11
-68,16,13
-68,17,10
-70,17,2
-71,17,2
-76,19,1
-72,21,-1
-57,23,-1
-49,22,-1
-39,23,3
-40,26,5
-53,26,5
-63,27,5
-74,22,3
-72,21,3
-60,20,5
-55,19,4
-55,18,2
-57,19,2
-57,19,2
-60,22,5
-61,23,6
-64,25,6
-63,24,5
-63,23,6
-63,21,6
-65,19,9
-67,20,7
-71,24,1
-69,25,0
-62,28,4
-60,26,4
-56,21,-1
-53,16,-4
-48,13,-5
-49,10,-4
-59,13,-2
-67,18,-1
-79,21,1
-76,19,0
-66,16,2
-58,10,6
-63,9,3
-64,10,-1
-68,9,5
-64,8,12
-58,7,19
-56,3,33
-35,1,33
-40,1,25
-38,1,29
-42,0,26
-46,-2,14
-86,11,11
-113,12,12
-92,15,14
-107,15,-3
-60,13,17
-64,14,21
-59,16,29
-53,14,28
-46,16,24
-38,15,23
-35,17,30
-32,6,25
-37,6,31
-48,7,42
-53,6,45
-56,10,47
-54,10,42
-52,0,10
-45,-2,4
-25,9,18
-51,49,78
-102,18,13
-84,15,8
-58,10,11
-57,14,22
-70,15,22
-73,15,13
-84,18,4
-75,18,3
-61,20,4
-61,16,4
-46,11,3
-43,16,2
-50,15,24
-58,17,23
-67,19,17
-62,17,20
-59,18,24
-58,15,22
-53,9,28
-52,11,27
-54,11,27
-51,10,32
-48,12,38
-50,7,40
-47,5,40
-46,4,37
-46,4,34
-66,11,36
-69,13,37
-67,14,32
-64,16,29
-53,17,25
-50,16,21
-41,16,23
-40,17,25
-48,18,27
-49,20,28
-69,20,25
-69,16,24
-61,16,25
-50,19,25
-48,20,25
-53,22,25
-52,22,27
-54,22,29
-55,21,29
-59,18,28
-59,16,27
-63,17,28
-61,18,28
-56,22,22
-61,23,21
-73,26,15
-69,23,10
-54,19,12
-51,18,12
-53,17,13
-54,19,16
-59,22,19
-57,26,18
-40,28,19
-41,30,18
-60,24,1
-84,14,-7
-84,8,-7
-68,2,-1
-71,2,-2
-71,0,2
-67,3,7
-64,8,10
-60,10,13
-65,19,23
-61,21,25
-68,28,34
-54,25,37
-41,23,39
-38,27,37
-73,27,29
-69,24,31
-68,24,27
-62,20,26
-45,16,8
-43,18,10
-25,24,41
-23,21,41
-61,18,28
-52,20,42
-40,22,43
-49,20,31
-52,18,29
-47,20,33
-47,20,32
-53,20,31
-54,19,31
-51,22,37
-52,21,38
-55,20,37
-54,20,38
-51,21,37
-50,25,35
-59,32,37
-63,30,36
-61,22,33
-58,19,31
-53,14,24
-49,13,21
-49,11,22
-49,9,24
-47,15,31
-53,18,31
-60,22,33
-49,21,37
-48,19,37
-53,16,33
-53,15,32
-50,15,33
-51,14,32
-51,14,36
-49,16,37
-48,16,38
-48,16,40
-51,16,43
-53,15,43
-51,13,41
-50,13,38
-55,15,36
-59,17,40
-68,23,38
-70,24,33
-54,22,25
-44,20,24
-33,15,29
-37,15,30
-51,16,31
-58,16,32
-58,18,32
-46,19,31
-45,19,30
-47,19,31
-48,18,32
-49,18,33
-51,19,33
-51,20,34
-51,20,35
-53,18,36
-54,17,36
-54,16,37
-54,15,38
-52,14,37
-50,17,36
-60,27,35
-69,29,34
-57,26,31
-48,23,31
-53,19,29
-58,16,25
-57,13,19
-54,12,23
-48,12,28
-54,17,32
-62,20,31
-61,19,30
-53,17,31
-50,15,29
-52,15,28
-54,15,28
-53,17,30
-54,17,32
-54,16,31
-52,14,30
-51,14,30
-53,14,34
-55,15,35
-56,16,36
-53,16,36
-49,16,38
-49,16,39
-48,16,42
-47,16,42
-46,13,34
-57,24,38
-72,27,40
-71,25,31
-56,16,27
-30,18,30
-28,19,31
-45,20,28
-55,22,32
-58,20,40
-58,18,39
-48,18,33
-42,19,34
-42,19,36
-46,19,36
-52,19,38
-51,18,39
-47,17,38
-46,18,38
-45,18,39
-45,19,40
-48,19,41
-47,19,41
-43,18,42
-44,17,42
-47,15,41
-47,16,39
-55,24,45
-51,21,45
-48,22,42
-48,21,42
-50,21,43
-55,21,35
-54,20,31
-45,18,27
-41,16,25
-41,13,25
-39,14,28
-51,22,33
-57,24,35
-55,27,42
-52,28,43
-53,20,34
-57,18,31
-54,15,30
-51,15,30
-52,17,34
-55,18,34
-53,20,35
-48,22,39
-46,22,39
-45,19,41
-47,19,42
-51,19,42
-53,19,37
-61,28,40
-63,30,41
-56,26,36
-54,21,30
-39,17,24
-33,17,27
-36,17,30
-42,19,29
-61,23,32
-62,22,36
-56,20,39
-52,20,37
-45,21,32
-44,20,31
-44,20,31
-44,19,32
-48,18,36
-51,19,37
-51,18,36
-50,19,38
-48,19,37
-46,19,38
-44,17,41
-49,18,40
-51,18,39
-50,22,43
-52,25,45
-63,28,41
-61,27,38
-46,26,38
-44,22,36
-51,21,31
-56,20,26
-51,18,23
-46,17,26
-47,17,30
-50,19,32
-59,22,31
-59,22,35
-48,24,38
-47,23,36
-50,17,30
-50,16,32
-51,16,33
-51,17,32
-50,17,34
-48,17,36
-50,19,36
-52,19,36
-50,18,38
-47,19,40
-48,19,39
-50,18,40
-51,17,41
-53,18,43
-56,18,43
-58,18,42
-58,18,40
-57,16,33
-57,17,28
-51,21,23
-44,22,23
-36,23,29
-36,21,32
-47,23,36
-54,23,37
-61,20,37
-57,18,34
-46,18,34
-44,20,33
-48,22,31
-50,21,34
-48,21,35
-46,21,37
-47,21,37
-48,20,38
-49,19,38
-51,17,37
-50,16,38
-48,17,38
-47,17,38
-47,20,42
-50,24,44
-70,32,39
-72,33,34
-61,21,25
-51,18,23
-42,11,20
-40,8,22
-46,11,28
-64,19,29
-72,21,30
-61,21,36
-53,18,36
-47,13,32
-49,11,29
-50,11,28
-51,12,30
-58,15,32
-59,15,31
-53,17,33
-49,18,35
-49,20,37
-48,20,38
-46,19,40
-45,18,41
-51,18,39
-56,18,38
-66,17,38
-65,17,37
-61,22,30
-56,23,26
-45,22,21
-42,21,22
-39,20,29
-44,23,37
-54,23,37
-65,21,34
-58,18,34
-47,17,34
-47,17,32
-48,16,30
-48,17,31
-51,17,34
-51,18,35
-51,21,34
-51,21,33
-50,19,35
-50,19,37
-52,16,36
-52,17,37
-51,17,39
-51,17,40
-51,17,41
-49,16,42
-51,21,41
-59,30,37
-65,32,36
-58,26,30
-53,22,27
-45,17,24
-45,17,26
-50,14,24
-53,16,23
-54,23,29
-52,26,35
-48,23,39
-50,20,37
-54,14,32
-53,13,31
-47,14,31
-47,16,32
-48,17,33
-48,17,34
-53,17,36
-53,17,37
-51,17,37
-51,18,37
-49,19,38
-49,20,39
-49,21,42
-47,21,44
-52,17,39
-65,25,46
-70,27,41
-70,17,20
-52,15,21
-27,13,30
-30,13,30
-52,11,23
-66,14,26
-65,19,37
-58,19,38
-48,20,33
-45,20,32
-48,16,28
-48,15,27
-49,17,31
-49,17,33
-50,20,34
-50,19,35
-46,17,37
-45,18,38
-50,17,35
-52,16,36
-49,14,38
-49,14,40
-49,12,39
-49,14,40
-49,17,41
-52,19,40
-56,20,39
-63,22,30
-57,21,29
-46,14,28
-43,12,30
-50,15,31
-57,15,28
-55,20,29
-49,17,32
-46,17,41
-52,16,38
-51,14,33
-46,14,33
-51,17,36
-52,17,38
-54,16,41
-51,14,46
-49,15,45
-48,14,39
-43,10,32
-38,8,36
-48,20,40
-85,29,37
-71,28,38
-39,19,43
-37,16,41
-50,13,33
-53,13,30
-44,19,32
-45,22,36
-44,18,40
-38,19,41
-35,20,41
-45,23,38
-65,17,36
-63,13,39
-57,14,37
-53,16,38
-43,20,38
-39,19,38
-46,23,43
-58,27,44
-73,31,35
-46,22,37
-35,17,37
-38,7,27
-43,5,23
-53,4,25
-56,8,29
-59,16,35
-62,21,35
-54,19,35
-47,17,38
-49,16,33
-52,14,29
-53,14,25
-50,14,27
-52,14,32
-52,12,36
-51,10,39
-52,14,41
-51,18,40
-54,17,39
-55,16,39
-53,17,41
-55,16,43
-61,16,44
-58,14,44
-48,12,41
-49,9,39
-58,8,28
-57,11,25
-47,17,27
-45,18,27
-44,22,28
-46,22,29
-51,23,32
-51,22,32
-54,21,31
-54,21,31
-57,20,31
-59,20,30
-52,21,31
-52,21,29
-51,23,29
-48,23,30
-50,22,31
-51,21,32
-52,18,32
-49,17,33
-47,17,35
-52,16,34
-54,16,34
-54,16,38
-55,20,40
-67,27,37
-69,32,37
-62,34,37
-56,30,31
-44,22,24
-41,15,23
-44,12,22
-50,14,20
-56,17,23
-55,20,28
-59,23,33
-54,23,35
-44,25,37
-43,25,35
-53,19,26
-57,18,23
-57,17,27
-54,18,29
-56,16,30
-55,16,31
-53,17,32
-52,19,32
-52,20,33
-51,21,35
-51,21,35
-51,22,37
-51,21,37
-49,20,35
-50,20,33
-61,22,32
-66,23,32
-54,19,32
-50,17,31
-50,20,30
-55,21,29
-57,19,23
-54,18,23
-47,20,27
-50,21,29
-55,21,28
-56,22,31
-55,26,32
-53,25,31
-48,21,29
-52,21,27
-52,21,25
-49,23,28
-50,24,29
-52,24,29
-51,25,30
-50,25,30
-50,25,31
-53,26,31
-54,26,29
-53,26,28
-51,25,29
-53,24,29
-54,24,29
-56,25,30
-55,25,31
-51,28,32
-50,28,30
-55,27,24
-61,28,24
-61,29,28
-58,29,28
-56,23,20
-52,21,20
-41,16,23
-47,15,24
-54,17,24
-63,23,26
-65,26,27
-62,27,29
-56,25,29
-52,20,26
-52,17,25
-54,14,26
-57,14,24
-61,15,21
-59,15,22
-53,16,24
-51,18,25
-53,19,26
-53,19,28
-57,17,29
-60,16,29
-60,14,29
-59,14,29
-56,15,28
-55,15,26
-61,18,29
-71,18,31
-64,15,28
-60,15,27
-56,18,24
-59,19,16
-55,19,16
-42,18,19
-39,17,24
-48,17,30
-51,19,30
-67,20,28
-70,20,27
-57,18,23
-52,17,21
-48,17,24
-53,16,26
-59,17,27
-56,19,28
-51,20,29
-52,20,30
-51,21,31
-53,21,33
-56,18,34
-57,17,33
-56,20,30
-66,25,26
-65,25,26
-55,25,30
-56,23,28
-56,19,20
-56,17,15
-51,11,15
-47,12,20
-53,17,30
-60,22,31
-67,25,25
-61,24,27
-51,22,28
-49,20,27
-47,15,25
-48,14,29
-49,16,31
-53,16,28
-59,21,27
-58,22,29
-54,21,34
-55,20,36
-59,15,35
-54,16,36
-52,18,36
-58,22,27
-62,24,29
-60,19,35
-62,17,30
-59,18,25
-55,20,24
-51,18,19
-48,17,19
-39,18,26
-41,18,30
-58,20,32
-68,21,30
-61,21,31
-54,20,31
-46,18,28
-45,18,29
-47,19,29
-48,19,31
-53,19,33
-54,20,35
-53,22,39
-53,21,38
-50,18,36
-52,22,30
-57,27,30
-63,30,33
-63,27,31
-59,18,28
-53,16,28
-52,14,22
-53,12,19
-52,16,24
-55,18,27
-62,21,31
-58,20,32
-49,17,32
-51,16,30
-54,15,25
-53,15,27
-53,15,31
-53,17,30
-52,17,28
-51,18,29
-51,18,33
-51,18,36
-53,19,38
-55,16,36
-52,15,35
-52,13,30
-57,18,30
-72,26,35
-70,25,36
-57,20,27
-52,22,25
-46,24,23
-48,24,20
-45,19,21
-43,18,25
-51,19,30
-60,19,28
-67,16,27
-58,16,28
-48,16,29
-48,16,28
-53,18,23
-53,20,25
-54,20,30
-56,21,31
-55,22,31
-52,22,30
-48,21,31
-52,20,31
-55,19,31
-55,16,35
-55,16,36
-58,20,32
-60,23,27
-63,32,27
-60,33,31
-60,25,25
-58,22,21
-50,11,19
-47,7,20
-54,11,20
-58,16,21
-65,23,26
-62,24,29
-51,19,31
-50,15,28
-52,9,23
-53,9,22
-58,13,23
-59,16,25
-57,20,28
-54,19,28
-52,18,28
-52,15,28
-55,13,26
-56,13,26
-56,13,27
-54,18,32
-55,19,33
-63,24,32
-69,25,30
-67,21,30
-63,19,29
-57,16,23
-55,17,21
-54,23,17
-54,24,13
-47,23,18
-42,22,23
-49,23,26
-58,23,23
-68,20,22
-61,19,23
-50,20,25
-49,20,25
-51,22,24
-52,22,26
-50,21,27
-51,19,25
-56,18,23
-59,18,21
-58,20,22
-57,23,26
-58,23,26
-61,22,28
-66,24,26
-71,32,19
-71,35,18
-60,30,21
-52,26,22
-50,16,15
-52,14,10
-52,14,6
-52,14,8
-55,19,16
-63,21,18
-72,23,19
-65,21,23
-55,16,20
-55,16,16
-59,18,15
-63,19,17
-62,20,21
-47,20,31
-45,20,32
-46,20,31
-45,21,34
-50,22,36
-56,20,34
-58,18,36
-53,18,37
-51,19,38
-54,21,36
-63,22,32
-64,23,34
-66,21,32
-63,19,28
-49,21,24
-48,21,22
-47,20,16
-45,20,16
-38,20,29
-39,21,33
-56,26,31
-67,24,29
-60,22,30
-48,19,30
-48,18,27
-52,21,24
-53,21,25
-54,20,28
-52,21,30
-51,22,31
-52,22,32
-53,21,31
-53,21,31
-57,21,30
-57,20,30
-54,21,31
-56,22,31
-61,25,27
-60,28,28
-58,26,30
-61,22,26
-60,18,18
-56,16,16
-48,15,18
-52,19,18
-57,21,18
-65,24,24
-63,23,26
-57,19,26
-58,16,23
-56,13,21
-56,13,20
-56,14,21
-57,15,23
-59,17,23
-58,16,23
-55,16,26
-55,16,27
-56,17,28
-58,17,28
-57,17,28
-56,16,28
-53,15,31
-54,16,30
-66,21,28
-70,22,27
-68,20,23
-65,18,18
-49,18,15
-38,19,19
-40,20,21
-53,21,22
-60,21,23
-63,20,28
-60,21,31
-56,19,26
-53,18,24
-51,19,24
-53,20,24
-55,20,26
-54,20,26
-53,22,27
-52,22,27
-58,19,26
-59,18,26
-58,18,26
-58,17,26
-58,17,27
-56,17,29
-54,18,32
-60,23,30
-64,27,27
-66,33,24
-61,30,22
-52,21,19
-50,18,18
-49,14,16
-52,15,17
-57,20,17
-57,22,19
-56,22,27
-54,23,29
-57,21,25
-57,21,23
-56,22,24
-56,22,23
-56,19,22
-55,18,22
-53,17,22
-55,18,23
-61,18,22
-61,18,23
-58,19,28
-61,19,30
-54,19,27
-50,20,28
-51,23,35
-54,23,36
-54,20,29
-59,23,28
-65,25,32
-73,18,30
-70,14,24
-51,19,20
-52,21,15
-46,18,12
-40,22,9
-40,23,26
-43,24,32
-63,27,26
-65,28,25
-56,22,27
-50,20,27
-48,19,25
-51,19,23
-58,21,23
-58,23,26
-54,23,30
-53,25,30
-51,27,30
-47,24,31
-48,22,30
-52,18,28
-54,18,28
-55,19,30
-56,19,31
-59,24,33
-61,24,31
-62,28,28
-62,29,26
-62,29,24
-62,26,22
-58,22,20
-55,19,16
-46,14,13
-44,13,15
-49,16,22
-58,19,21
-69,26,26
-68,25,28
-52,21,30
-51,19,27
-55,16,22
-56,16,22
-53,17,25
-54,18,25
-54,18,26
-55,18,28
-56,18,29
-56,17,30
-56,16,30
-54,16,30
-53,16,32
-53,19,35
-57,19,28
-64,20,24
-65,21,30
-70,23,26
-70,21,20
-53,22,18
-47,21,17
-41,18,17
-42,17,19
-50,19,24
-56,21,26
-67,22,27
-62,22,27
-55,20,27
-54,19,23
-53,18,22
-52,18,23
-52,19,25
-53,21,26
-54,21,27
-58,22,28
-58,22,28
-54,20,29
-54,20,29
-56,17,28
-56,18,29
-54,22,27
-58,26,26
-68,32,25
-67,33,26
-57,25,26
-54,22,23
-56,17,12
-54,13,9
-50,10,12
-52,12,16
-62,20,25
-71,25,23
-65,24,23
-49,19,25
-49,16,22
-54,12,18
-54,13,19
-56,17,22
-56,18,22
-54,20,25
-55,20,24
-58,20,24
-57,20,25
-55,21,27
-56,21,27
-58,20,29
-59,20,28
-57,19,21
-59,22,20
-68,29,23
-71,32,23
-67,32,16
-57,30,15
-43,24,10
-39,22,12
-42,19,20
-62,25,24
-68,26,25
-62,24,26
-55,24,26
-48,22,22
-47,21,22
-48,22,24
-50,23,25
-54,25,29
-57,26,28
-57,23,28
-56,21,29
-62,27,26
-70,26,22
-62,28,21
-57,28,21
-50,24,21
-52,23,18
-53,19,16
-48,20,18
-43,23,25
-50,24,25
-64,23,20
-62,22,22
-55,22,28
-57,22,27
-57,21,25
-56,20,23
-56,20,22
-55,19,22
-55,18,24
-55,18,26
-55,18,28
-55,20,31
-56,20,31
-56,20,32
-56,20,34
-56,19,34
-58,17,27
-70,21,21
-74,23,23
-62,23,22
-62,20,17
-49,22,12
-43,22,15
-41,17,20
-48,19,20
-60,24,22
-62,23,24
-61,24,24
-55,24,24
-54,22,22
-51,20,20
-52,20,20
-53,22,21
-53,22,23
-53,25,26
-54,26,28
-55,24,27
-55,23,27
-55,20,27
-57,20,28
-57,20,28
-57,19,28
-60,23,25
-65,29,24
-72,33,20
-67,29,20
-52,23,22
-51,22,20
-50,16,13
-49,14,13
-50,19,21
-54,23,24
-65,28,26
-62,24,26
-58,20,26
-57,16,23
-55,17,24
-51,18,27
-52,19,28
-47,24,34
-46,25,36
-50,19,35
-51,17,35
-50,17,34
-51,17,36
-54,19,38
-56,21,39
-51,18,38
-49,18,38
-44,19,39
-41,18,39
-46,24,39
-52,23,39
-59,19,41
-63,18,36
-58,16,25
-34,19,31
-32,20,33
-49,23,30
-53,25,33
-49,25,38
-50,23,35
-56,15,30
-54,13,32
-51,12,32
-52,13,31
-51,15,32
-50,15,34
-53,15,36
-55,14,34
-51,16,36
-46,16,37
-45,14,40
-50,14,40
-53,17,40
-52,19,40
-46,19,41
-44,18,42
-48,21,39
-61,29,39
-65,31,40
-43,25,34
-40,20,33
-47,14,30
-49,14,28
-47,19,34
-49,17,37
-51,18,40
-53,18,38
-54,19,34
-51,17,31
-48,14,28
-50,14,29
-51,15,32
-50,14,31
-46,18,34
-48,19,34
-53,19,30
-53,18,31
-56,18,35
-55,16,37
-57,19,39
-58,21,39
-53,25,32
-55,28,29
-59,30,28
-56,29,26
-55,28,24
-48,26,23
-41,27,26
-41,28,28
-46,28,29
-57,26,29
-59,27,29
-57,25,28
-58,24,26
-55,22,23
-52,21,23
-48,22,26
-51,21,26
-54,21,26
-57,19,25
-56,17,26
-55,18,28
-55,19,28
-55,20,28
-55,20,30
-54,20,32
-54,19,33
-53,18,32
-54,18,30
-57,21,30
-57,22,31
-54,24,33
-54,21,32
-53,19,25
-54,19,21
-53,18,19
-49,17,20
-51,17,23
-55,19,26
-62,25,30
-65,26,28
-55,23,28
-50,23,29
-53,18,22
-57,16,20
-57,16,21
-56,17,21
-54,18,22
-54,18,24
-57,20,26
-58,23,26
-57,22,26
-57,19,26
-57,19,27
-54,21,30
-55,22,32
-55,20,36
-55,20,37
-56,17,28
-58,17,25
-61,23,27
-63,26,28
-56,21,21
-51,18,20
-43,21,24
-47,23,22
-56,27,20
-58,27,23
-54,26,32
-54,25,32
-54,23,26
-53,22,24
-49,20,23
-50,22,23
-51,23,24
-53,24,26
-54,25,27
-53,26,30
-53,25,30
-54,22,27
-54,19,26
-51,19,28
-52,20,28
-57,19,31
-57,19,31
-57,21,31
-58,24,31
-60,28,27
-61,29,25
-62,32,28
-57,30,28
-47,27,29
-48,24,26
-50,22,22
-49,21,20
-48,18,19
-50,18,20
-58,22,21
-63,25,26
-59,27,31
-49,27,35
-51,24,31
-55,19,22
-54,19,22
-54,22,23
-55,22,24
-56,21,26
-55,22,27
-55,21,27
-55,20,28
-55,20,27
-55,20,27
-54,19,28
-53,19,29
-53,19,31
-53,20,32
-51,21,36
-50,20,36
-59,23,31
-65,26,30
-60,21,28
-61,18,22
-62,18,18
-55,21,13
-51,23,14
-47,27,21
-47,28,24
-51,26,28
-55,26,27
-57,24,26
-56,21,26
-55,22,25
-57,22,23
-55,23,24
-53,24,24
-50,23,26
-50,22,27
-52,21,26
-52,21,26
-53,21,26
-54,22,26
-53,21,29
-51,22,32
-54,23,33
-57,21,32
-58,21,32
-63,29,26
-67,33,22
-65,31,16
-53,29,19
-45,20,21
-49,18,21
-64,22,14
-68,22,12
-52,22,18
-48,24,25
-57,29,25
-60,27,23
-55,23,22
-54,22,22
-56,22,21
-58,21,20
-59,20,19
-54,21,22
-56,22,24
-58,23,23
-54,23,24
-54,23,25
-53,21,25
-54,19,24
-54,19,24
-52,19,27
-53,19,27
-56,19,28
-58,19,30
-54,20,32
-53,20,33
-57,21,32
-61,22,28
-70,26,23
-72,25,24
-61,22,20
-56,22,17
-47,22,19
-47,23,18
-51,24,15
-51,25,18
-56,24,24
-57,23,24
-56,22,21
-54,22,21
-52,21,22
-53,22,20
-54,24,20
-52,24,25
-54,25,25
-55,24,27
-55,23,28
-54,21,25
-54,22,25
-54,23,26
-46,21,20
-63,26,29
-60,20,33
-58,20,33
-63,26,29
-70,32,22
-71,35,22
-58,32,21
-50,29,21
-45,21,20
-46,17,18
-53,16,14
-57,16,16
-62,21,21
-68,21,22
-60,23,26
-44,20,31
-46,16,28
-55,12,22
-55,12,22
-54,13,23
-53,15,24
-51,17,27
-52,17,28
-56,17,29
-56,16,30
-57,16,31
-59,16,31
-59,17,29
-58,17,28
-54,17,31
-53,17,35
-57,19,31
-63,20,29
-64,17,27
-64,16,25
-57,16,23
-59,21,21
-60,22,13
-57,22,10
-46,20,13
-43,16,20
-45,17,21
-61,20,19
-71,22,19
-69,23,21
-60,22,24
-52,21,23
-56,19,18
-56,19,18
-51,18,21
-53,23,22
-57,24,22
-57,22,24
-54,22,26
-55,23,27
-56,21,25
-56,18,24
-53,18,23
-46,15,26
-52,19,28
-81,37,20
-73,33,15
-57,29,20
-43,22,24
-46,20,22
-59,16,10
-61,16,9
-63,24,13
-62,29,17
-55,28,22
-50,26,25
-50,21,27
-52,18,25
-60,17,23
-58,18,25
-55,20,23
-55,20,21
-56,18,21
-57,16,23
-57,15,25
-58,15,25
-60,18,25
-59,18,25
-56,18,27
-57,19,30
-63,24,31
-70,24,28
-64,21,28
-57,16,19
-56,16,15
-58,19,10
-56,20,8
-48,22,10
-46,22,15
-52,23,25
-57,25,27
-70,22,25
-64,19,25
-49,17,23
-47,16,20
-50,16,18
-53,18,18
-56,20,22
-57,20,25
-58,23,27
-58,24,27
-55,23,27
-54,22,26
-55,21,25
-56,20,24
-55,20,26
-57,22,29
-58,24,29
-67,30,27
-68,32,25
-57,30,28
-54,26,27
-57,21,16
-59,21,9
-49,16,14
-50,16,16
-54,14,15
-58,18,17
-66,22,22
-66,19,22
-52,17,29
-51,15,29
-56,13,23
-55,14,22
-51,18,24
-51,19,25
-51,18,27
-52,17,29
-57,16,30
-63,16,28
-61,15,30
-59,16,31
-61,18,28
-73,25,21
-78,29,20
-69,26,18
-60,24,17
-40,21,16
-36,20,18
-43,20,19
-52,22,19
-67,21,20
-67,21,23
-56,21,24
-52,21,23
-48,21,21
-50,20,21
-53,22,24
-55,21,25
-58,20,27
-58,20,26
-58,21,25
-56,21,26
-57,22,25
-57,22,25
-56,22,27
-53,19,31
-53,18,31
-59,21,27
-62,24,27
-64,28,26
-60,28,24
-54,22,18
-54,18,14
-52,14,15
-52,15,18
-54,21,21
-56,24,24
-55,26,29
-53,25,30
-55,19,25
-58,17,22
-58,14,20
-55,15,21
-53,17,25
-54,18,25
-55,19,26
-55,18,26
-58,18,27
-55,19,27
-51,19,30
-52,21,32
-54,21,32
-57,21,33
-58,20,32
-58,20,33
-60,23,31
-62,27,30
-60,26,30
-56,22,27
-58,21,25
-58,25,23
-57,25,20
-49,22,19
-45,21,20
-40,18,27
-45,18,26
-56,18,24
-61,20,24
-59,22,27
-54,22,28
-51,21,27
-52,19,26
-54,19,25
-53,20,26
-54,21,26
-56,21,27
-56,21,29
-53,22,30
-53,22,31
-55,22,31
-55,22,31
-59,24,32
-63,27,29
-69,35,25
-68,36,24
-52,26,22
-50,24,20
-51,15,14
-50,14,14
-52,16,17
-54,20,19
-59,27,22
-59,27,25
-55,22,28
-57,13,22
-57,12,18
-55,16,18
-56,18,20
-57,20,22
-55,20,24
-57,21,27
-58,20,26
-55,20,27
-56,20,28
-55,19,28
-55,18,28
-54,16,29
-52,15,33
-52,17,29
-60,22,28
-78,37,26
-73,36,23
-52,19,16
-45,14,18
-43,17,15
-48,19,15
-59,22,14
-63,24,16
-60,28,25
-58,26,24
-57,23,22
-53,21,20
-51,22,20
-50,25,23
-54,24,22
-58,24,22
-56,24,22
-54,24,24
-54,23,23
-55,24,23
-56,23,23
-53,20,25
-53,20,25
-60,22,28
-62,23,29
-61,25,27
-60,25,26
-62,31,21
-63,32,20
-59,32,21
-56,27,21
-54,22,15
-51,17,12
-48,17,14
-45,19,16
-48,22,18
-61,26,19
-66,27,20
-62,20,23
-60,17,23
-59,17,19
-57,18,17
-55,21,20
-55,23,22
-54,25,22
-51,23,23
-52,21,25
-57,21,24
-68,24,22
-66,23,23
-59,22,24
-57,22,24
-52,21,25
-49,20,27
-54,21,27
-59,22,24
-72,24,20
-72,23,11
-63,24,11
-49,20,11
-43,21,13
-43,24,16
-51,24,17
-62,24,22
-65,25,23
-62,24,20
-57,23,19
-53,22,18
-52,22,17
-53,23,16
-52,23,18
-55,24,21
-56,24,21
-56,24,22
-56,23,23
-56,21,23
-56,21,23
-58,21,22
-59,22,22
-61,21,26
-57,22,27
-54,25,24
-61,29,21
-62,31,21
-60,30,19
-52,26,20
-51,21,13
-57,18,7
-58,17,6
-56,18,11
-55,23,15
-58,26,17
-64,25,18
-64,25,17
-59,27,20
-57,24,17
-59,21,10
-61,21,9
-59,21,11
-59,20,13
-56,18,16
-55,19,18
-55,21,19
-56,21,18
-60,24,20
-63,23,18
-62,20,17
-56,20,19
-55,23,20
-58,26,23
-55,24,25
-57,27,22
-63,26,18
-66,25,19
-62,23,18
-56,22,12
-54,22,11
-49,22,11
-47,21,13
-52,22,19
-57,23,20
-67,24,21
-66,24,21
-56,27,23
-52,24,21
-52,21,17
-53,20,15
-55,20,17
-54,20,18
-56,22,23
-58,24,24
-58,24,23
-54,23,23
-53,22,22
-53,20,21
-54,21,23
-59,21,24
-60,21,25
-61,24,25
-61,26,22
-61,31,17
-59,33,19
-56,27,21
-56,24,17
-55,24,16
-52,21,17
-50,21,19
-55,24,17
-65,27,19
-66,26,21
-56,27,25
-52,25,25
-48,18,24
-48,18,23
-55,22,21
-59,22,18
-58,22,20
-57,21,23
-59,20,23
-55,20,27
-54,19,29
-53,19,28
-53,17,27
-55,18,29
-57,18,31
-58,19,31
-56,21,31
-63,28,27
-72,31,22
-63,29,16
-55,24,15
-49,20,19
-43,21,24
-39,25,26
-46,26,21
-58,26,24
-57,26,29
-53,25,30
-54,24,27
-51,24,24
-49,24,22
-50,24,23
-53,25,24
-54,24,25
-55,23,25
-55,22,25
-55,21,25
-54,21,25
-53,21,25
-54,20,25
-55,23,28
-56,24,29
-58,24,30
-56,27,33
-62,29,27
-67,31,24
-60,32,23
-54,30,22
-52,25,18
-53,22,17
-52,19,16
-52,19,16
-52,25,18
-59,29,20
-60,29,22
-52,25,25
-50,25,27
-57,23,23
-58,21,20
-54,23,20
-53,23,20
-51,23,21
-52,23,23
-60,22,23
-61,20,23
-58,21,24
-56,22,26
-54,21,26
-53,21,27
-55,22,27
-55,22,28
-58,22,31
-60,22,31
-63,23,27
-66,24,24
-62,24,21
-56,23,17
-55,24,17
-48,26,15
-45,27,17
-44,26,18
-50,26,19
-58,24,24
-63,24,25
-64,23,24
-58,23,26
-53,22,20
-49,21,19
-46,20,20
-49,21,19
-55,22,21
-57,22,24
-57,24,27
-53,25,29
-54,24,24
-54,23,25
-54,23,23
-55,23,23
-54,23,26
-56,23,28
-60,26,29
-66,30,26
-69,33,23
-63,33,21
-59,28,19
-51,24,19
-49,25,16
-48,25,13
-45,20,14
-44,20,18
-45,22,17
-54,23,11
-57,22,13
-55,23,20
-53,25,23
-54,25,20
-54,25,20
-55,24,20
-55,24,18
-59,22,14
-62,23,15
-66,27,21
-69,27,22
-70,30,23
-66,31,16
-62,31,17
-51,27,17
-49,27,17
-52,30,18
-58,33,17
-66,38,13
-65,39,10
-61,38,8
-57,36,9
-47,34,11
-41,36,10
-37,39,9
-36,38,10
-45,40,18
-53,39,19
-60,36,19
-59,33,19
-55,33,17
-50,33,17
-45,32,17
-44,33,18
-45,34,21
-48,34,21
-51,33,21
-49,32,23
-50,33,22
-52,34,21
-51,35,24
-50,38,27
-52,40,25
-62,41,17
-65,43,14
-62,50,16
-59,46,15
-46,41,12
-43,39,9
-42,29,4
-44,26,1
-50,24,1
-52,27,5
-55,31,17
-58,35,21
-64,38,21
-59,38,20
-50,34,18
-47,32,16
-47,30,11
-53,30,10
-54,30,12
-54,31,16
-55,31,16
-57,31,16
-55,30,17
-49,31,18
-50,32,19
-56,32,20
-57,33,21
-57,32,24
-57,32,23
-64,37,18
-64,40,15
-56,43,15
-54,41,13
-53,34,6
-50,33,6
-43,31,6
-39,32,6
-35,39,6
-34,39,12
-43,44,23
-56,43,24
-81,37,16
-60,35,17
-47,35,20
-41,35,21
-41,33,18
-41,32,19
-45,31,18
-52,28,17
-55,28,18
-52,33,26
-52,34,28
-56,37,26
-57,38,26
-48,39,19
-51,41,12
-62,49,8
-68,48,8
-57,49,16
-50,47,16
-51,42,10
-51,33,7
-50,22,2
-51,17,0
-57,20,-3
-54,28,4
-54,34,9
-53,38,17
-50,38,20
-46,36,21
-46,33,19
-50,31,14
-52,29,12
-52,30,11
-52,31,13
-52,33,17
-52,34,20
-53,34,22
-55,33,21
-57,31,19
-56,30,19
-54,30,20
-52,30,21
-57,33,22
-58,34,21
-65,40,14
-65,41,12
-63,42,6
-62,38,3
-47,33,4
-35,32,8
-34,34,9
-40,42,12
-46,46,17
-55,40,26
-60,39,24
-66,28,13
-57,25,12
-45,22,12
-41,24,15
-45,28,16
-49,29,19
-56,31,20
-59,32,20
-59,32,19
-58,34,21
-53,36,21
-51,40,21
-45,50,21
-48,51,21
-65,46,15
-67,43,14
-61,38,14
-53,36,15
-49,31,8
-49,27,2
-49,25,1
-44,26,2
-43,28,2
-49,31,2
-54,33,4
-57,37,17
-61,39,20
-59,38,20
-58,37,18
-53,32,14
-51,30,12
-51,28,9
-53,27,8
-55,29,9
-55,31,10
-57,32,14
-57,32,17
-55,32,19
-54,33,19
-54,32,18
-53,31,17
-54,31,17
-55,32,17
-62,36,14
-65,38,11
-64,37,10
-59,34,8
-55,34,7
-47,33,7
-43,34,7
-38,36,8
-37,37,9
-43,40,11
-50,42,13
-61,41,18
-62,39,17
-59,35,15
-55,33,14
-45,31,12
-44,31,13
-45,32,15
-50,34,17
-53,37,20
-53,38,20
-51,38,20
-50,37,21
-48,35,21
-47,35,21
-47,35,21
-52,39,19
-56,42,18
-57,44,14
-57,44,13
-58,43,12
-57,43,14
-51,40,14
-49,39,13
-49,34,9
-46,32,8
-46,29,5
-48,29,4
-54,33,1
-54,36,4
-52,40,12
-49,40,16
-46,39,17
-48,37,18
-53,35,14
-55,34,13
-54,35,12
-53,35,12
-53,35,13
-53,32,13
-54,31,13
-57,29,16
-56,29,16
-54,30,16
-55,30,15
-54,31,14
-53,31,15
-52,33,19
-53,34,20
-56,35,22
-59,36,21
-63,38,15
-63,38,14
-67,34,8
-63,33,7
-54,33,8
-50,34,8
-41,38,8
-35,37,10
-34,42,13
-37,42,14
-43,43,17
-51,40,18
-52,37,19
-57,31,17
-60,30,16
-57,29,14
-55,30,14
-52,33,12
-53,37,12
-49,38,13
-47,38,17
-50,39,23
-51,41,22
-17,39,47
17,34,50
-57,46,6
-29,46,25
-31,56,12
-24,64,14
-19,74,8
-24,75,3
-30,73,-6
-33,72,-9
-29,65,-14
-26,67,-18
-34,63,-33
-54,75,-57
-31,77,-46
-1,82,-10
6,75,12
-20,73,22
-33,72,20
-44,74,18
-30,73,25
-21,71,24
-24,71,19
-17,63,9
0,62,9
-9,54,-10
-6,55,-6
-20,56,-19
-19,54,-20
-26,50,-13
-33,44,-15
-40,44,-18
-41,46,-14
-44,50,-18
-45,54,-26
-35,54,-21
-29,55,-10
-32,54,-6
-38,54,-2
-38,52,-6
-34,44,-31
-39,45,-32
-34,44,-26
-34,45,-20
-35,59,-11
-36,67,-5
-36,69,-7
-35,62,-12
-35,56,-14
-34,56,-11
-28,53,-1
-29,52,4
-29,52,4
-32,54,3
-31,53,-3
-27,53,0
-25,57,-3
-32,59,-3
-30,52,3
-46,59,-1
-50,63,-7
-36,55,-14
-37,56,-10
-51,53,-5
-53,51,-4
-45,45,-3
-38,43,-4
-33,40,-6
-35,40,-6
-42,44,0
-40,47,3
-41,53,7
-41,54,3
-48,57,-2
-49,53,-2
-40,52,-2
-37,53,0
-38,51,0
-38,51,-1
-37,51,-1
-36,52,-1
-36,51,-1
-39,50,0
-39,49,2
-38,50,4
-38,49,3
-39,48,3
-40,49,4
-39,51,7
-40,56,6
-37,60,-2
-40,59,-8
-40,56,-12
-36,54,-11
-33,50,-9
-35,48,-10
-38,43,-12
-39,42,-10
-40,52,-9
-41,61,-9
-40,69,-10
-34,64,-11
-30,58,-10
-31,57,-9
-33,53,-7
-32,51,-4
-30,51,-3
-31,55,-5
-32,56,-6
-27,57,-4
-26,56,-3
-27,56,-2
-28,55,-2
-27,56,-2
-29,58,-3
-35,61,-4
-35,60,-4
-29,58,-5
-33,60,-6
-32,54,-7
-38,57,-11
-50,56,-12
-47,55,-10
-36,53,-6
-34,50,-6
-37,45,-10
-39,43,-9
-41,44,-2
-42,46,0
-43,49,4
-44,53,3
-45,52,-2
-41,51,-3
-37,52,-3
-35,52,-2
-36,52,-1
-38,53,0
-38,53,0
-39,52,-3
-38,51,-1
-36,50,1
-37,50,1
-40,49,1
-41,48,0
-39,47,4
-38,49,5
-40,53,3
-43,56,0
-43,62,-4
-41,58,-6
-38,49,-9
-37,46,-8
-41,46,-7
-42,46,-8
-40,42,-6
-39,42,-5
-37,51,-6
-39,65,-8
-40,68,-8
-35,62,-9
-33,57,-10
-33,54,-9
-34,53,-7
-33,51,-4
-32,51,-2
-31,53,-2
-32,55,-3
-29,56,-3
-28,56,-3
-29,56,-2
-30,56,0
-28,56,1
-28,57,0
-31,58,0
-34,62,1
-41,63,-7
-37,59,-11
-36,54,-9
-39,54,-7
-46,54,-6
-45,53,-5
-38,47,-3
-35,45,-5
-37,44,-5
-42,45,-1
-44,46,0
-42,51,2
-43,54,1
-43,55,-3
-40,55,-4
-35,54,-5
-34,52,-4
-36,52,-1
-38,51,0
-38,50,0
-38,50,-1
-40,50,-1
-41,49,0
-40,49,1
-37,49,3
-36,49,3
-37,50,4
-35,52,5
-38,53,1
-43,57,-1
-48,63,-6
-50,63,-8
-44,54,-8
-39,51,-7
-33,47,-5
-32,46,-5
-32,40,-8
-32,40,-8
-31,42,-7
-32,48,-5
-36,64,-6
-39,69,-7
-36,67,-12
-32,63,-15
-28,57,-13
-30,56,-11
-33,55,-6
-32,53,-6
-30,50,-6
-31,50,-5
-31,56,-5
-30,57,-5
-28,57,-5
-29,58,-5
-27,59,-5
-27,56,-5
-29,56,-4
-29,58,-1
-28,59,1
-31,58,3
-32,57,3
-41,60,-13
-51,64,-22
-37,59,-12
-30,58,-6
-37,53,-8
-42,50,-13
-40,45,-8
-31,46,-6
-30,47,-10
-36,45,-12
-42,49,-8
-42,51,-7
-41,53,-5
-41,53,-2
-43,54,-1
-41,54,-3
-36,51,-6
-36,49,-4
-36,50,-2
-37,53,-1
-38,54,-2
-37,54,-3
-38,53,-3
-35,49,-2
-35,49,-1
-39,49,2
-39,50,2
-42,50,1
-43,50,1
-41,54,3
-42,54,3
-40,56,3
-39,58,1
-39,55,-7
-36,52,-8
-36,49,-7
-38,47,-8
-40,49,-11
-41,49,-12
-36,44,-13
-32,46,-12
-29,56,-10
-34,65,-8
-34,64,-9
-33,59,-14
-34,59,-14
-32,59,-11
-31,59,-9
-28,56,-8
-29,54,-8
-32,51,-9
-30,52,-6
-29,53,-4
-28,52,-4
-26,53,-2
-28,55,-2
-30,59,-3
-30,59,-3
-25,59,-5
-26,62,-4
-35,66,-3
-40,64,-5
-39,59,-10
-36,55,-9
-34,49,-4
-38,55,-10
-41,55,-15
-37,49,-9
-30,48,-5
-30,53,-12
-38,55,-11
-46,50,-5
-42,50,-3
-38,54,-7
-40,54,-5
-36,54,-4
-23,56,0
-19,54,-3
-16,57,-1
-11,57,1
-11,58,-3
-19,58,-12
-22,59,-7
-34,56,0
-31,55,0
-26,62,5
-22,62,5
-15,69,7
-14,74,-3
-26,77,-12
-41,84,3
-20,67,-4
-4,56,-11
-17,63,-18
-20,61,-28
-11,61,-16
-1,76,-3
6,77,7
2,71,14
-2,69,12
2,61,7
1,59,4
3,55,7
-2,55,10
-1,64,-1
-7,65,0
-20,80,30
-3,80,53
-9,73,46
-22,75,14
-31,77,-2
-30,74,2
-33,56,7
-22,40,23
-27,41,11
-45,28,-12
-54,24,-26
-56,29,-3
-55,33,4
-44,45,4
-36,55,4
-47,49,-4
-40,37,-10
-72,45,-6
-52,41,-7
-29,65,-10
-35,64,-13
-34,39,-17
-28,34,-15
-26,31,-9
-39,28,-16
-56,42,-24
-52,49,-20
-60,55,-31
-56,52,-34
-15,42,-13
20,44,25
13,56,22
-3,77,22
-9,88,33
-40,79,16
-48,70,6
-26,65,7
-18,64,10
-22,57,5
-18,59,9
-21,60,10
-21,60,8
-25,64,6
-28,68,6
-27,75,5
-25,75,5
-24,66,6
-23,61,6
-27,54,5
-28,53,4
-26,60,1
-24,62,2
-23,66,6
-25,70,8
31,83,67
35,68,47
-3,32,15
-25,66,8
-29,65,1
-18,59,1
-13,60,4
-11,59,8
-13,60,10
-20,62,9
-20,62,10
-11,67,21
-9,59,23
-19,67,27
-31,69,19
-45,70,4
-43,63,0
-33,64,-2
-29,64,-2
-20,65,2
-18,62,4
-16,55,5
-15,54,6
-15,57,6
-18,59,3
-18,64,3
-17,61,3
-17,59,2
-18,59,1
-17,61,0
-18,62,1
-19,60,1
-19,60,3
-20,58,5
-20,58,10
-22,58,13
-22,60,28
-24,61,29
-34,61,15
-34,60,12
-34,62,4
-29,61,3
-22,62,6
-22,65,8
-22,63,9
-22,60,7
-25,63,5
-25,64,5
-24,60,6
-24,57,6
-27,58,8
-26,59,8
-26,60,7
-21,64,8
-16,65,10
-8,69,15
-3,72,18
1,69,20
-3,66,17
-9,59,12
-11,58,10
-15,54,9
-17,54,9
-20,55,10
-22,56,10
-26,58,13
-29,58,13
-30,57,12
-30,55,10
-30,56,8
-29,57,9
-26,56,10
-25,56,11
-24,57,13
-28,58,13
-29,61,11
-31,65,10
-33,70,9
-34,74,7
-29,71,9
-22,62,8
-19,60,7
-12,56,8
-12,52,7
-12,53,9
-17,56,7
-20,65,4
-20,66,4
-17,63,5
-17,62,5
-18,60,4
-20,59,2
-22,58,2
-22,58,2
-18,59,5
-17,60,5
-16,57,6
-16,56,7
-23,56,16
-27,67,49
-34,68,34
-35,62,5
-37,65,3
-33,67,2
-23,65,7
-24,74,12
-24,75,12
-22,66,7
-23,59,5
-23,53,2
-22,54,0
-20,57,-3
-18,60,0
-13,65,5
-16,65,11
-21,64,19
-9,63,29
-1,55,23
-7,55,19
-13,55,13
-14,56,11
-18,57,8
-23,59,10
-26,57,14
-27,61,22
-34,62,21
-32,57,21
-28,58,19
-34,65,12
-34,66,6
-28,62,1
-28,63,1
-26,65,2
-25,64,2
-21,61,4
-20,57,5
-19,55,6
-17,54,7
-17,56,5
-17,61,5
-14,66,6
-14,65,6
-15,59,5
-18,58,2
-24,58,3
-25,56,3
-22,57,5
-21,60,13
-21,61,18
-16,62,30
-20,61,23
-36,60,6
-38,58,0
-31,67,6
-27,73,9
-19,66,13
-23,66,16
-27,76,15
-27,73,13
-25,64,8
-20,63,7
-12,59,4
-7,57,5
-4,53,13
-8,52,11
-17,57,5
-12,57,9
-8,63,18
-9,64,25
-13,61,37
-19,55,32
-20,54,28
-26,55,18
-30,55,13
-28,57,15
-21,58,18
-16,58,19
-13,55,16
-22,60,12
-30,65,10
-34,74,8
-33,73,7
-30,66,5
-29,62,6
-25,51,7
-24,48,5
-26,54,0
-26,58,0
-23,67,2
-21,70,5
-18,68,8
-16,65,8
-15,60,7
-16,58,6
-18,58,6
-19,60,6
-20,60,6
-19,59,8
-19,59,9
-12,59,20
-10,60,27
-9,58,30
-16,58,21
-23,56,13
-26,58,10
-28,69,6
-23,75,8
-20,76,12
-23,70,13
-24,59,12
-25,56,8
-30,56,3
-26,57,3
-18,62,5
-17,63,7
-19,65,6
-20,66,4
-22,65,-1
-24,63,3
-1,64,30
2,59,31
-3,58,24
-8,57,16
-9,56,12
-14,55,8
-16,54,8
-24,55,9
-29,56,12
-40,57,13
-42,57,12
-42,57,8
-41,55,4
-35,58,3
-36,62,2
-30,64,5
-32,69,6
-32,65,4
-31,67,2
-26,64,5
-27,64,4
-21,60,6
-20,58,6
-17,54,5
-15,57,7
-16,59,6
-19,64,6
-19,64,6
-18,59,4
-19,57,4
-21,56,5
-21,57,5
-19,59,7
-19,59,8
-19,60,12
-20,60,14
-26,59,16
-37,61,15
-32,58,14
-28,57,16
-26,57,13
-27,57,11
-27,57,11
-24,58,13
-24,60,14
-25,67,13
-25,68,13
-27,68,12
-33,66,11
-31,65,11
-29,64,10
-18,63,10
-12,62,11
-11,61,10
-14,60,8
-16,64,6
-18,66,8
-18,62,10
-15,60,11
-8,56,18
-8,56,23
-12,55,27
-14,54,24
-22,53,17
-23,53,14
-26,53,10
-29,54,12
-30,54,17
-31,54,17
-35,54,14
-35,53,13
-35,53,16
-38,53,22
-38,55,22
-35,58,18
-34,57,10
-32,66,2
-33,68,3
-29,67,9
-23,64,8
-20,65,8
-19,61,9
-18,55,6
-18,54,5
-21,56,4
-21,59,7
-20,62,6
-19,62,5
-18,61,4
-17,60,4
-21,61,5
-24,61,6
-24,56,10
-23,55,11
-25,57,17
-27,60,19
-27,61,21
-25,61,16
-24,59,13
-24,58,11
-24,58,12
-25,60,13
-25,62,14
-26,69,14
-25,70,14
-24,69,13
-24,66,12
-27,57,9
-27,54,8
-23,53,7
-21,54,8
-18,62,10
-19,66,10
-17,67,9
-17,67,8
-13,66,15
-8,65,22
-13,58,26
-19,54,21
-21,47,14
-20,45,11
-20,47,10
-21,51,12
-24,53,14
-31,59,20
-35,59,19
-42,60,9
-47,61,7
-48,62,9
-39,66,11
-30,69,7
-25,69,5
-21,59,4
-21,55,3
-19,54,7
-20,53,9
-21,53,11
-23,52,9
-24,58,3
-25,62,1
-23,69,2
-20,68,4
-16,63,7
-17,57,8
-19,55,7
-22,56,5
-23,55,6
-22,55,10
-22,55,11
-19,60,16
-18,62,19
-12,66,26
-10,66,27
-14,65,19
-18,65,17
-23,73,15
-25,75,14
-29,73,8
-27,68,9
-32,58,8
-30,55,8
-24,51,8
-23,53,6
-17,59,3
-14,62,5
-12,69,9
-12,70,11
-17,61,8
-21,52,7
-17,54,24
-24,53,31
-16,47,29
-16,49,16
-21,51,11
-29,57,9
-32,57,9
-36,58,18
-39,59,21
-45,55,19
-38,53,18
-31,64,15
-28,66,14
-29,70,11
-28,63,10
-26,60,7
-27,61,5
-22,63,4
-20,61,5
-16,54,7
-16,52,7
-18,52,5
-19,54,5
-20,63,7
-24,67,6
-34,63,0
-27,58,1
-26,55,2
-26,54,5
-26,54,6
-25,55,11
-24,56,16
-23,60,25
-22,61,25
-21,61,17
-26,61,11
-27,62,10
-26,61,10
-27,62,8
-25,66,10
-26,73,9
-25,75,8
-23,67,9
-23,64,9
-25,57,8
-25,56,7
-20,54,7
-17,55,7
-15,60,6
-14,65,7
-15,69,8
-12,73,20
-7,71,26
-2,58,25
-8,53,20
-15,49,11
-18,50,8
-19,50,5
-19,52,8
-24,58,16
-29,60,20
-37,58,19
-37,59,17
-34,59,15
-32,58,13
-33,54,10
-30,55,10
-32,59,8
-33,65,6
-36,72,2
-32,72,6
-20,63,8
-15,63,10
-13,62,10
-8,56,11
-9,56,10
-13,55,5
-15,57,4
-22,62,4
-21,62,6
-17,59,7
-18,58,8
-21,58,12
-23,58,14
-23,58,12
-25,60,12
-26,62,13
-23,62,14
-22,62,14
-23,60,13
-26,58,12
-25,57,11
-23,56,11
-24,57,10
-25,60,9
-27,62,10
-27,68,9
-27,75,10
-26,73,10
-25,65,11
-25,60,9
-21,55,8
-20,54,7
-16,59,8
-17,61,7
-17,64,6
-18,65,5
-20,65,8
-14,64,18
-11,62,30
-17,60,24
-22,52,12
-22,52,8
-29,54,5
-28,54,9
-29,55,17
-36,53,15
-34,53,17
-33,53,18
-31,55,19
-28,56,17
-26,57,17
-23,58,20
-23,61,22
-24,62,20
-23,65,19
-27,67,19
-30,66,18
-39,64,14
-41,65,18
-35,57,22
-31,55,23
-33,51,24
-39,51,23
-49,57,22
-54,59,19
-52,54,16
-50,52,17
-52,48,14
-53,45,15
-54,39,17
-52,35,18
-45,30,24
-44,29,26
-30,22,30
-32,16,38
-34,15,43
-25,10,47
-19,6,49
-23,4,53
-25,1,55
-21,-3,59
-16,6,60
-24,-4,59
-30,-12,57
-25,-4,62
-30,11,63
-23,0,60
-18,-2,62
-24,11,56
-31,-4,48
-29,42,59
-20,-22,52
-10,9,64
-8,9,67
-22,8,65
-24,8,62
-8,4,66
4,2,75
-10,0,67
-25,-11,52
-22,-11,50
-4,-9,56
3,-7,59
-1,-5,64
0,-7,63
0,-8,56
2,-3,62
5,-2,63
-1,8,65
0,-8,62
-1,-9,65
2,3,65
1,0,67
-7,-3,64
-20,-5,57
0,-4,66
-2,-4,65
-7,2,65
-15,1,62
-8,-5,63
-4,-6,63
-1,-3,64
-3,-2,63
-3,-6,63
1,-3,64
-6,1,65
-6,-8,64
-7,0,61
-3,-6,61
-3,-5,63
-5,-5,62
-5,-5,61
-7,-3,62
-9,-1,65
-7,-4,69
-8,-5,65
-11,-5,60
-9,-4,64
-6,-4,66
-5,-5,66
-3,-5,65
-2,-3,69
1,-4,68
7,3,63
-14,-7,56
-13,-10,47
-5,-6,62
-10,-3,61
-12,-6,59
-8,-4,62
-2,-5,64
2,-2,60
1,1,56
-3,2,51
-6,1,50
-7,5,46
-8,8,45
-1,13,41
-15,17,42
-16,19,46
-12,22,49
-24,31,53
-16,32,59
12,43,57
-5,49,38
-40,49,14
-36,53,10
-45,63,1
-44,70,2
-46,86,1
-45,90,3
-56,85,3
-51,76,0
-43,71,0
-35,81,5
-35,71,7
-21,66,16
-23,61,14
-29,56,9
-31,53,7
-36,52,4
-36,53,5
-28,55,7
-26,56,7
-23,62,7
-22,66,7
-21,70,8
-21,71,8
-22,74,8
-22,73,7
-25,74,6
-23,72,7
-21,61,10
-15,57,15
-9,60,18
-5,59,17
-8,57,14
-12,56,12
-13,56,13
-14,57,12
-16,60,11
-19,65,7
-18,68,8
-16,69,10
-15,67,13
-7,62,30
-22,61,26
-52,52,14
-44,48,10
-30,46,1
-29,47,1
-27,51,4
-27,50,3
-23,55,10
-25,56,14
-32,57,16
-35,57,12
-37,56,13
-36,57,5
-37,64,3
-32,61,4
-24,66,12
-21,67,20
-30,63,8
-31,69,3
-29,71,5
-21,65,4
-15,61,5
-11,55,6
-13,55,5
-17,56,3
-21,56,2
-26,59,2
-26,62,2
-24,63,3
-25,63,3
-22,62,5
-20,62,5
-17,61,6
-16,60,6
-18,60,7
-17,58,7
-17,57,5
-18,57,5
-19,56,5
-19,50,3
-19,52,1
-23,65,2
-25,68,4
-29,65,7
-28,64,9
-29,61,12
-26,61,13
-23,67,17
-21,69,17
-19,70,13
-20,70,13
-21,64,13
-22,64,12
-24,69,11
-24,68,9
-23,58,7
-23,56,7
-24,57,5
-23,59,4
-22,65,2
-24,73,10
-22,71,9
-15,61,0
-13,59,0
-7,54,16
-8,52,20
-6,45,23
-1,43,25
-12,48,23
-16,51,23
-30,55,18
-36,59,18
-43,60,14
-41,61,16
-41,66,16
-37,72,13
-36,76,-1
-31,70,1
-32,60,2
-31,54,1
-23,46,3
-20,48,4
-18,54,5
-18,63,5
-20,64,5
-21,61,5
-20,59,5
-21,59,3
-21,60,3
-19,56,5
-19,54,5
-21,53,5
-21,56,6
-22,61,13
-20,64,14
-14,64,26
-16,64,33
-27,66,24
-32,67,13
-40,72,0
-38,74,-1
-31,66,7
-28,60,12
-22,52,16
-18,55,15
-19,60,6
-19,64,3
-20,65,2
-19,56,6
-16,53,8
-11,53,15
-9,53,19
-11,52,17
-12,50,19
-6,50,22
-11,54,24
-36,63,25
-46,61,17
-46,60,6
-39,58,3
-49,73,4
-46,74,7
-48,60,-2
-39,57,-6
-23,52,-3
-17,50,-4
-10,55,2
-12,56,1
-15,65,5
-17,69,8
-16,63,9
-15,60,9
-15,57,8
-16,56,7
-19,53,7
-21,51,5
-22,53,6
-21,57,14
-21,59,20
-18,67,32
-22,68,28
-32,74,15
-35,78,10
-34,81,7
-36,77,11
-41,61,9
-25,56,7
-20,55,4
-28,56,-3
-13,59,0
0,55,2
0,54,12
-4,57,9
-12,59,2
-7,60,8
2,62,17
-16,59,8
-6,52,29
-12,55,19
-11,54,18
-8,63,31
-22,69,28
-18,70,30
-8,72,29
-5,71,13
-4,74,2
1,77,10
-12,71,7
-6,58,4
0,64,5
-9,78,2
-10,77,1
-20,75,0
-18,68,3
-16,58,4
-21,57,3
-31,53,2
-36,50,5
-32,42,3
-30,38,2
-31,43,6
-30,50,7
-26,58,5
-23,57,4
-29,57,5
-42,65,7
-40,66,8
-45,67,4
-35,65,10
-17,54,9
-12,55,8
-13,69,6
-25,70,4
-38,59,8
-40,53,10
-40,44,18
-42,41,18
-35,31,17
-30,26,15
-27,23,19
-23,28,23
-21,43,37
-18,45,38
-26,54,21
-26,56,15
-29,61,10
-49,65,4
-49,67,6
-57,74,4
-60,69,-1
-46,61,-6
-43,68,-7
0,72,-4
8,78,-3
11,70,12
13,66,17
6,57,17
0,56,12
-7,53,4
-15,52,-1
-21,49,-6
-22,50,-7
-22,53,-3
-23,54,-1
-27,66,14
-28,66,21
-35,81,41
-45,86,25
-46,77,3
-27,59,1
-23,56,1
-11,60,11
-14,66,13
-16,67,14
-15,62,11
-20,50,-2
-19,45,-1
-15,44,6
-16,45,5
-13,45,7
-12,46,9
-17,52,15
-15,63,41
-46,70,58
-47,59,28
-42,71,1
-42,78,-1
-39,67,-6
-29,62,-6
-17,52,-2
-15,53,3
-14,57,8
-15,60,8
-20,61,0
-19,54,-1
-21,53,0
-21,54,1
-20,54,2
-19,55,4
-19,54,6
-19,56,9
-20,59,10
-16,61,25
-13,66,36
-28,71,27
-40,74,13
-46,87,-2
-44,83,-5
-34,62,5
-27,56,12
-12,60,18
-5,64,18
-16,71,5
-16,72,3
-13,59,3
-18,47,-2
-21,43,-5
-20,42,0
-16,44,4
-15,45,7
-14,46,5
-11,54,16
-11,64,49
-59,70,56
-72,67,26
-57,74,3
-49,70,-1
-49,64,-5
-46,56,-3
-45,50,-4
-43,48,-3
-36,43,2
-37,39,4
-35,36,4
-32,35,3
-23,29,2
-24,28,1
-28,35,2
-32,38,3
-31,45,8
-28,47,8
-25,54,14
-22,65,26
-26,70,31
-36,80,32
-43,82,20
-44,92,6
-44,86,0
-35,62,7
-28,53,16
-18,54,18
-16,60,15
-17,64,7
-18,66,6
-19,61,3
-22,56,2
-25,48,6
-26,47,13
-63,53,-8
-65,57,-5
-53,59,7
-55,56,6
-51,46,6
-52,43,7
-58,37,8
-69,31,16
-66,32,23
-62,33,26
-65,36,20
-39,24,23
-39,23,24
-47,24,15
-53,20,6
-57,21,7
-36,21,15
-38,11,6
-43,9,2
-50,2,1
-54,0,2
-50,-2,5
-54,-4,5
-65,-4,-4
-75,-10,-9
-72,0,-7
-76,2,-8
-53,3,8
-34,4,23
-94,8,-1
-97,17,-28
-70,12,-37
-59,11,-30
-53,9,-27
-53,5,-30
-56,4,-32
-58,8,-37
-55,7,-34
-51,5,-28
-50,5,-23
-48,4,-16
-51,3,-15
-58,-1,-16
-58,-1,-13
-56,7,7
-68,5,5
-82,6,-9
-76,2,-12
-80,2,-25
-88,2,-33
-83,6,-32
-64,8,-23
-51,11,-10
-46,6,-6
-49,4,-9
-58,7,-14
-57,11,-24
-58,9,-26
-56,6,-24
-55,4,-16
-50,3,-9
-39,10,27
-38,9,34
-79,-3,-11
-84,-6,-23
-63,-6,-21
-61,-8,-17
-70,2,-10
-77,1,-15
-83,4,-14
-84,9,-10
-71,14,-28
-60,16,-32
-47,18,-28
-50,14,-29
-51,12,-31
-48,13,-26
-45,17,-11
-41,27,-7
-70,16,-37
-67,7,-36
-53,3,-20
-56,2,-23
-52,0,-24
-54,1,-23
-57,1,-21
-63,4,-19
-64,6,-20
-77,4,-13
-76,4,-10
-80,9,-25
-81,9,-33
-67,10,-30
-55,8,-24
-42,9,-21
-43,9,-21
-52,11,-25
-57,14,-28
-56,14,-22
-54,11,-15
-54,7,-7
-57,6,-8
-56,4,-11
-55,2,-12
-59,-6,-16
-66,-8,-14
-65,-7,-12
-64,-3,-13
-71,-1,-17
-87,3,-20
-97,8,-19
-81,16,-15
-71,17,-20
-53,21,-23
-49,17,-18
-47,22,-10
-46,24,-8
-47,17,-5
-54,14,-13
-62,12,-18
-61,8,-14
-53,6,-6
-53,4,-9
-59,3,-8
-56,3,-7
-57,2,-10
-66,4,-8
-77,8,-7
-78,5,-2
-76,7,-5
-78,13,-25
-77,12,-36
-74,17,-41
-60,17,-28
-35,10,-17
-35,11,-17
-46,12,-33
-49,13,-36
-65,14,-38
-59,8,-27
-58,7,-11
-59,4,-15
-50,1,-23
-51,-2,-34
-51,-6,-31
-59,-8,-21
-68,-2,-9
-71,-1,-9
-79,7,-11
-84,10,-13
-82,12,-13
-79,13,-15
-59,17,-20
-55,18,-19
-53,17,-14
-50,24,-7
-51,22,-6
-54,20,-8
-59,18,-12
-63,12,-13
-65,9,-10
-58,2,1
-55,-1,1
-58,-1,8
-53,-3,6
-55,1,5
-59,6,8
-76,13,2
-81,11,5
-83,6,18
-78,5,16
-78,4,-3
-74,2,-7
-67,15,-8
-66,15,-8
-56,11,-5
-52,13,-3
-56,14,-3
-71,16,9
-77,11,5
-49,0,-14
-37,3,-12
-46,2,0
-51,2,4
-47,-1,27
-52,0,32
-79,-3,24
-71,-9,13
-70,-6,3
-70,-5,2
-71,-2,6
-79,-3,4
-86,17,0
-91,20,-12
-70,14,-21
-54,12,-14
-59,15,-11
-55,16,-8
-51,9,-1
-58,6,-4
-52,3,0
-52,2,0
-53,3,4
-67,2,-2
-64,1,-5
-60,6,-4
-64,8,-5
-72,7,-9
-72,7,-15
-71,-3,-15
-73,-4,-14
-72,-4,-14
-73,-3,-18
-74,6,-28
-66,8,-30
-47,10,-24
-46,11,-22
-52,12,-18
-60,12,-15
-64,9,-11
-55,7,-12
-55,3,-13
-55,1,-13
-49,-3,-12
-51,-3,-12
-53,-2,-13
-61,-5,-13
-67,-3,-15
-73,-3,-12
-75,-1,-12
-67,4,-3
-69,5,3
-86,13,-9
-81,16,-19
-71,16,-28
-69,14,-26
-68,16,-26
-72,15,-27
-57,16,15
-47,19,28
-50,11,14
-48,8,8
-47,9,9
-46,7,9
-52,4,6
-56,3,11
-60,3,13
-66,3,10
-77,2,5
-80,2,7
-79,-1,13
-62,2,22
-59,8,11
-101,19,-1
-103,17,-5
-52,18,-6
-48,18,-13
-57,10,-13
-62,15,-7
-65,14,-2
-62,16,0
-61,15,1
-54,11,2
-46,6,1
-45,2,1
-49,-1,2
-50,-2,3
-52,-2,6
-58,-2,5
-70,-4,2
-74,-5,2
-74,-5,0
-78,-4,1
-80,3,5
-84,8,6
-82,13,4
-77,21,-10
-68,17,-11
-55,5,-17
-52,9,-17
-43,8,-14
-44,7,-14
-60,8,-19
-62,7,-15
-55,6,-4
-56,7,1
-55,4,1
-55,2,-4
-55,1,-7
-59,1,-9
-70,3,-11
-71,4,-13
-70,0,-9
-73,-2,-5
-91,10,-19
-89,13,-29
-71,13,-39
-57,10,-34
-41,12,-19
-51,12,-21
-60,12,-21
-68,12,-15
-64,10,-11
-49,5,-11
-43,3,-12
-40,6,-19
-41,9,-19
-48,6,-16
-58,0,-15
-74,-1,-9
-72,-3,-13
-76,-4,-25
-78,-4,-21
-76,-2,-10
-77,3,-7
-81,17,-24
-71,19,-31
-61,21,-27
-58,15,-22
-60,17,-14
-60,16,-8
-62,10,-5
-63,8,-8
-58,8,-6
-45,8,4
-41,7,8
-48,8,10
-54,8,10
-60,8,11
-64,6,9
-66,3,7
-66,1,5
-72,0,3
-74,0,8
-82,5,5
-88,9,-4
-76,11,-9
-65,13,-12
-45,7,-9
-46,9,-9
-58,14,-14
-65,18,-17
-62,16,-16
-58,13,-11
-53,7,-2
-55,4,-2
-66,-3,-5
-74,-7,-11
-79,-11,-13
-73,-18,-12
-65,-14,-10
-53,-17,-10
-54,-16,-13
-59,-6,-20
-66,0,-25
-63,9,-23
-57,10,-20
-42,16,-7
-31,18,1
-18,25,12
-18,32,15
-20,49,20
-22,60,18
-17,77,13
-15,89,17
-36,107,10
-39,104,8
-43,89,-8
-37,82,-6
-25,78,1
-29,74,2
-28,75,3
-28,76,0
-30,77,-1
-33,74,-1
-34,68,0
-40,59,4
-43,53,5
-49,56,2
-50,59,1
-40,67,2
-36,75,3
-26,79,6
-23,79,8
-17,78,9
-16,77,9
-15,73,8
-13,69,8
-14,66,6
-14,65,6
-13,62,6
-11,62,6
-7,56,7
-8,57,6
-11,60,8
-13,60,11
-16,59,12
-20,62,14
-21,66,16
-16,76,17
-14,79,16
-14,78,16
-18,75,9
-33,64,4
-33,63,9
-31,64,5
-33,62,1
-35,64,-1
-35,65,-4
-35,65,-3
-33,67,-3
-35,67,-4
-35,67,-4
-35,68,-3
-37,67,-4
-37,73,1
-36,69,2
-35,63,-1
-36,68,-2
-33,86,-4
-23,102,-4
-25,100,-7
16,94,18
1,77,16
-13,69,8
-6,64,9
-3,48,5
-6,45,6
-7,45,10
-7,47,10
-8,54,9
-9,57,9
-17,57,11
-20,62,12
-23,68,10
-25,73,12
-21,78,13
-17,84,5
-20,95,3
-30,98,0
-27,87,5
-27,82,11
-31,60,7
-30,56,6
-28,54,5
-27,52,4
-29,49,4
-33,56,3
-33,63,3
-39,69,5
-42,65,4
-39,68,1
-37,71,0
-33,79,2
-31,81,4
-26,75,3
-24,83,2
-20,98,2
-20,102,-1
-3,100,9
-6,93,8
-12,72,4
-12,63,5
-13,53,0
-13,49,-1
-9,40,2
-6,39,3
-5,40,3
-11,46,2
-14,51,4
-14,57,11
-15,65,13
-14,80,13
-11,82,11
-14,83,8
-16,93,16
-27,112,23
-60,116,-21
-27,86,-2
-17,92,4
-44,64,-2
-41,55,-2
-34,52,-1
-34,51,-2
-26,46,-1
-27,46,1
-27,52,11
-25,56,13
-26,65,12
-28,70,12
-30,81,11
-32,75,11
-36,78,12
-34,74,12
-36,76,4
-44,96,-2
-24,104,0
20,107,-11
45,87,30
-17,77,16
-19,59,3
-10,51,3
-14,48,-3
-23,41,-10
-21,39,-7
-15,42,-1
-13,44,1
-11,48,6
-12,50,7
-16,54,10
-17,61,12
-14,78,12
-12,83,12
-15,87,18
-17,93,29
-43,109,11
-44,83,-12
-36,80,-3
-23,68,10
-26,59,9
-25,52,7
-25,52,6
-30,52,3
-33,53,5
-24,48,9
-20,49,11
-25,62,15
-27,65,14
-31,71,10
-32,73,11
-28,69,15
-31,71,15
-31,70,12
-28,75,15
-22,76,11
-21,80,10
-30,90,4
-33,88,-1
5,78,11
-20,62,7
-24,60,3
-14,53,4
-17,50,3
-17,47,3
-14,49,5
-7,45,6
-6,46,7
-7,48,6
-9,51,5
-17,68,6
-18,75,6
-19,76,7
-24,82,11
-26,91,16
-33,95,14
-54,85,-1
-33,77,9
-15,77,26
-21,65,18
-19,54,15
-19,49,12
-26,46,5
-27,45,4
-26,48,8
-23,52,12
-25,60,12
-31,80,13
-32,82,15
-35,76,16
-35,77,17
-34,76,14
-32,70,11
-30,69,6
-27,72,5
-22,84,4
-20,89,3
-5,85,10
-9,76,7
-7,65,6
-9,61,5
-14,51,1
-15,47,0
-22,44,-4
-15,44,0
-3,44,10
-6,47,12
-11,50,13
-13,56,13
-13,71,12
-14,75,9
-18,76,9
-27,86,14
-25,89,18
-18,88,13
-34,92,3
-24,70,9
-20,68,11
-27,86,14
-25,89,18
-18,88,13
-34,92,3
-24,70,9
-20,68,11
-33,53,7
-30,49,7
-22,50,7
-25,49,7
-27,53,9
-25,57,12
-29,63,14
-32,63,14
-36,73,13
-34,76,11
-29,74,12
-30,74,13
-30,74,11
-28,71,8
-25,70,4
-23,75,3
-21,83,1
-16,91,5
-8,86,10
-15,68,2
-12,63,2
-14,52,-1
-15,50,-1
-12,45,-1
-9,43,-1
-3,44,0
-2,46,0
-8,58,2
-8,67,3
-7,68,8
-8,76,12
-10,81,7
-19,80,10
-27,81,21
-25,83,24
-45,90,2
-37,80,2
-27,81,14
-29,72,15
-27,58,10
-24,49,5
-27,46,3
-28,46,6
-27,46,7
-32,51,12
-31,57,15
-32,67,17
-34,70,16
-40,73,13
-43,77,13
-45,86,10
-49,90,10
-48,93,7
-46,92,2
-58,92,-5
-51,90,-1
-33,69,-2
-40,53,-8
-58,34,-29
-65,34,-35
-73,26,-30
-81,22,-25
-80,6,-22
-64,-3,-19
-59,-6,-15
-40,-13,-3
-36,-16,-5
-21,-24,7
-21,-28,5
-19,-48,8
-14,-49,10
-10,-62,8
-13,-66,8
-22,-51,15
-25,-44,25
-31,-36,38
-26,-32,43
-31,-31,31
-40,-31,26
-25,-31,21
-13,-29,26
-17,-31,32
-14,-34,36
-17,-38,44
-30,-37,44
10,-27,39
54,-30,43
84,-31,50
42,-24,58
51,-26,57
54,-44,27
52,-48,19
33,-57,7
21,-66,2
13,-78,13
12,-82,12
-11,-77,4
-14,-71,13
0,-64,17
6,-57,16
-6,-40,29
-8,-41,29
-1,-51,16
5,-52,22
3,-54,27
0,-56,28
-3,-56,38
-2,-57,40
2,-64,38
5,-59,42
-1,-54,44
2,-54,44
9,-54,40
3,-56,30
-1,-52,32
-2,-49,40
-1,-49,37
1,-50,34
1,-47,35
3,-44,32
4,-43,31
5,-45,28
7,-46,28
10,-46,30
8,-47,25
20,-44,25
30,-41,24
49,-45,21
53,-41,18
54,-46,13
62,-48,8
52,-40,2
41,-35,-1
29,-34,18
23,-32,23
14,-38,17
11,-33,16
3,-40,15
-20,-35,16
-33,-34,18
-26,-41,15
-27,-35,4
-47,-17,-15
-44,-20,-9
-118,-22,-20
-109,-23,-14
-75,-24,-6
-94,-16,-24
-91,-13,-29
-85,-11,-24
-80,-1,-19
-83,-4,-22
-84,3,-43
-78,5,-44
-52,6,-34
-53,6,-30
-50,7,-17
-55,5,-19
-61,3,-20
-57,2,-19
-49,1,-16
-47,0,-13
-45,-1,-11
-47,-4,-14
-53,-4,-14
-62,-8,-14
-74,-9,-15
-85,-6,-18
-92,-9,-24
-78,-4,-34
-75,0,-37
-66,-3,-35
-61,0,-34
-48,-3,-32
-45,-3,-28
-48,-2,-24
-55,-1,-25
-49,1,-15
-51,1,-8
-55,-4,-5
-55,-6,-8
-51,-11,-10
-50,-12,-10
-50,-13,-13
-59,-15,-17
-72,-16,-20
-75,-12,-17
-78,-10,-17
-80,-9,-18
-80,-10,-24
-73,3,-32
-61,2,-35
-57,4,-31
-59,4,-23
-54,5,-20
-51,5,-17
-61,1,-20
-53,-1,-16
-53,-8,-11
-56,-10,-10
-58,-8,-7
-49,-9,-5
-33,-11,-3
-56,-6,-2
-67,-12,4
-68,-7,3
-78,-4,-6
-84,-7,-7
-85,-11,-10
-77,-6,-18
-76,-4,-21
-59,0,-15
-56,-3,-13
-56,0,-11
-56,0,-9
-57,4,-8
-56,3,-10
-52,-3,-9
-57,-5,-10
-53,-6,-2
-56,-7,-1
-56,-11,-5
-55,-13,-6
-59,-14,-5
-63,-15,-6
-70,-14,-6
-70,-14,-7
-83,-8,-1
-97,-6,-2
-88,8,-5
-85,15,-7
-73,13,-10
-54,10,4
-51,13,11
-51,7,12
-53,5,8
-56,0,3
-50,0,2
-49,-4,-4
-50,-6,4
-54,-2,20
-59,-3,19
-68,-4,17
-73,-3,13
-76,-5,3
-75,-6,6
-67,-6,20
-52,-6,20
-94,-3,4
-90,-1,-2
-74,-6,-15
-68,-3,-17
-55,-5,-8
-55,-3,-4
-57,-3,-6
-57,2,-5
-59,1,1
-55,-1,4
-49,-5,5
-51,-7,5
-50,-8,4
-53,-11,2
-58,-8,5
-70,-6,5
-74,-5,4
-75,-3,9
-77,-3,11
-83,-2,16
-85,0,11
-81,10,-18
-66,9,-21
-39,7,-12
-53,11,-16
-70,15,-2
-74,14,6
-64,10,1
-59,7,-3
-52,2,-11
-52,2,-12
-60,0,-15
-63,-1,-14
-54,0,-1
-55,0,-2
-50,0,-6
-71,0,-15
-69,-2,-12
-69,1,-4
-62,2,-8
-73,-6,-22
-87,-2,-27
-75,7,-35
-62,0,-22
-61,6,-15
-62,9,-15
-57,11,-11
-54,10,-11
-52,3,-7
-52,0,-11
-53,0,-14
-54,-3,-16
-63,-4,-22
-63,-6,-25
-61,-7,-21
-63,-6,-19
-62,-8,-22
-63,-8,-23
-65,-10,-23
-62,-12,-21
-62,-11,-20
-71,-2,-20
-76,2,-22
-73,10,-11
-71,13,-6
-58,11,5
-54,10,5
-62,6,1
-67,3,-3
-61,4,-1
-57,2,0
-59,3,5
-61,8,5
-61,-1,2
-61,-3,0
-55,-6,4
-57,-3,6
-58,-1,4
-60,4,4
-68,3,4
-70,3,6
-68,-3,6
-65,-9,-4
-68,-11,-3
-86,-7,-1
-89,-4,-8
-77,5,-13
-64,2,-10
-54,2,-11
-54,-1,-12
-56,3,-10
-55,5,-9
-51,4,-1
-53,4,1
-55,2,3
-58,1,2
-54,-2,1
-56,-4,1
-61,-5,0
-65,-6,0
-70,-5,2
-72,-7,3
-80,-8,4
-83,-7,4
-81,0,-4
-75,4,-4
-70,17,-4
-64,18,11
-60,28,22
-68,16,14
-68,12,5
-51,4,7
-45,-2,8
-45,-13,5
-50,-15,0
-56,-7,-3
-54,-2,0
-59,4,-1
-59,6,1
-61,7,-1
-59,8,-1
-63,7,6
-64,2,14
-79,-10,20
-84,9,15
-96,8,-23
-90,-18,-29
-61,11,-13
-55,13,-7
-50,4,3
-75,-5,7
-75,-1,9
-65,2,15
-61,1,18
-48,3,17
-40,3,14
-17,8,21
-11,12,22
-5,27,23
-6,38,23
-9,66,14
-8,80,8
-14,102,-4
-16,109,-8
-21,124,-14
-27,119,-15
-42,105,-10
-49,97,-3
-38,85,1
-36,87,1
-28,77,8
-19,65,15
-6,52,20
-4,49,15
-12,54,8
-19,56,8
-25,57,7
-28,59,4
-33,62,5
-32,64,6
-33,67,6
-40,68,9
-40,69,8
-46,68,6
-49,74,5
-45,60,6
-45,63,4
-44,70,1
-43,76,0
-35,94,-3
-28,97,-3
-15,95,0
-13,92,1
-3,87,7
-2,83,10
-8,66,8
-9,59,7
-12,48,4
-12,45,2
-11,40,-1
-12,45,0
-14,49,1
-17,53,3
-18,58,4
-16,74,3
-18,80,6
-22,77,14
-24,74,15
-26,79,15
-24,81,17
-16,94,28
-21,89,27
-33,74,18
-25,66,19
-7,68,9
-14,64,-1
-48,66,-8
-50,63,-7
-39,60,-5
-37,59,-3
-33,62,-3
-32,64,-3
-36,61,-9
-37,64,-12
-37,72,-13
-34,68,-7
-32,65,-5
-33,80,-5
-33,89,-6
-29,114,-7
-24,121,-7
-14,111,-5
-5,105,0
-7,89,2
-6,82,3
-8,66,4
-11,58,3
-7,45,6
-2,43,7
-1,44,5
-3,44,5
-2,46,4
-3,48,3
-10,64,0
-12,72,-1
-20,70,1
-28,70,4
-35,88,16
-13,105,3
-21,109,9
-14,106,52
-33,101,37
-32,69,7
-36,67,5
-32,56,7
-28,56,9
-28,54,6
-26,52,5
-29,56,12
-21,54,8
-19,70,2
-31,75,0
-36,69,-1
-39,72,0
-45,63,-3
-42,61,-5
-35,66,-2
-33,72,-3
-29,93,-4
-24,102,-5
-15,110,-5
-6,100,0
-7,94,7
-10,76,4
-10,70,3
-12,55,1
-13,51,4
-10,46,6
-7,49,4
-4,52,2
-4,51,3
-10,49,5
-13,56,6
-21,66,8
-22,65,8
-16,67,2
-13,75,-1
-20,98,2
-26,105,8
-28,108,33
-39,98,26
-25,66,2
-38,60,0
-43,58,7
-30,54,10
-30,54,4
-30,57,2
-28,60,0
-35,65,-6
-38,66,-7
-37,70,-5
-38,76,-4
-36,72,-3
-34,71,-3
-32,76,2
-30,80,2
-28,93,-1
-27,99,-3
-20,106,-6
-8,105,-4
-9,91,8
-15,80,4
-10,63,3
-12,58,1
-15,47,-2
-14,43,0
-8,39,10
-7,41,17
-4,35,4
-13,38,3
-30,47,4
-30,55,6
-25,71,6
-30,68,10
-32,65,14
-33,73,19
-30,86,21
-13,105,21
-17,107,16
-41,85,-4
-34,65,-4
-24,55,6
-24,54,5
-31,55,1
-31,54,1
-27,53,0
-28,50,0
-30,53,2
-33,59,3
-36,73,2
-38,81,1
-37,79,4
-36,72,6
-38,67,3
-37,73,0
-36,83,-2
-30,94,-4
-27,100,-6
-12,100,-6
17,91,12
-18,69,7
-15,65,5
-7,64,4
-8,58,1
-12,48,1
-9,48,2
-2,46,4
-2,47,4
-6,47,3
-9,50,2
-14,66,1
-16,72,3
-21,71,10
-21,80,11
-14,93,1
-16,98,2
-33,107,24
-45,96,11
-40,65,6
-27,61,8
-28,52,7
-26,53,4
-27,53,1
-29,55,1
-29,57,4
-29,62,6
-30,66,6
-34,74,6
-34,70,6
-40,73,8
-41,69,6
-41,73,4
-38,68,3
-35,84,1
-31,89,1
-26,101,0
-24,108,-1
-7,95,5
-2,89,9
-10,70,1
-7,64,1
-8,51,2
-7,44,-1
-3,39,-2
-3,39,0
-6,42,1
-9,52,3
-9,55,4
-16,63,6
-19,74,8
-16,87,10
-20,83,15
-28,93,14
-24,99,14
-28,105,13
-38,99,3
-28,80,7
-31,72,6
-29,58,0
-22,55,2
-23,46,1
-27,45,1
-27,49,4
-25,49,6
-28,58,9
-31,65,9
-37,77,8
-39,80,7
-39,77,8
-33,74,10
-31,71,9
-29,76,7
-28,84,5
-28,100,1
-32,105,-4
-4,96,5
5,89,15
-19,70,2
-11,67,2
-4,54,-2
-2,45,-3
-1,34,-1
4,38,2
3,45,5
2,50,4
-1,60,3
-6,65,5
-14,83,7
-17,86,7
-20,83,10
-21,78,12
-24,86,14
-21,93,18
-40,105,2
-17,90,6
-15,84,10
-37,60,9
-33,51,6
-30,47,3
-32,46,1
-34,48,-2
-33,51,-1
-35,58,2
-38,62,3
-34,71,4
-33,77,4
-34,84,4
-33,82,4
-33,80,5
-31,76,2
-31,91,0
-26,96,-2
-27,105,-10
-11,104,-4
3,92,14
-10,79,7
-7,61,2
-6,47,-2
-12,42,-5
-12,37,-3
-9,38,-1
-8,45,0
-8,48,0
-10,56,4
-11,56,5
-16,65,6
-15,71,6
-20,84,9
-22,86,15
-27,96,21
-26,102,29
-53,112,-14
-33,87,-8
-16,84,16
-26,72,13
-26,53,11
-23,50,9
-28,45,0
-30,45,-2
-28,49,-3
-28,54,-1
-33,64,3
-34,77,3
-35,82,1
-36,85,5
-34,79,9
-32,71,11
-31,66,9
-32,82,7
-30,90,5
-39,102,-12
-6,107,-4
4,90,24
-19,77,12
-9,59,4
-6,55,2
-6,40,-4
-5,35,-2
-2,40,2
-1,44,3
-1,53,2
-3,58,1
-11,65,0
-17,83,-1
-17,86,-2
-23,82,0
-26,84,2
-29,98,13
-17,98,30
-53,88,-16
-28,70,-1
-20,67,14
-24,58,12
-22,52,11
-23,49,9
-26,49,6
-28,48,4
-32,54,3
-33,57,5
-31,67,7
-31,69,8
-34,71,7
-34,75,10
-37,83,14
-38,88,14
-35,84,11
-33,85,9
-26,91,6
-31,98,0
6,104,8
-6,93,15
-16,79,5
-1,65,4
-5,57,2
-9,45,-2
-3,40,1
-4,39,4
0,43,6
6,45,8
2,50,9
-8,59,9
-11,64,8
-15,87,3
-15,96,4
-21,97,7
-25,105,11
-18,107,28
-30,108,9
-42,80,-13
-17,80,5
-24,64,2
-28,57,-1
-25,51,-3
-25,48,-6
-26,50,-7
-26,51,-4
-26,53,-3
-24,62,-1
-25,67,0
-5,73,15
10,71,10
-32,82,-12
-43,84,-10
-49,59,-14
-50,57,-9
-67,58,22
-118,82,38
67,105,18
127,90,52
19,61,3
17,68,-7
-20,46,-34
-24,35,-31
-2,44,-2
-2,53,12
-13,56,3
-18,57,-5
-18,67,-5
-13,70,-10
-18,75,-17
-19,80,-16
-21,86,-19
-30,77,-16
-30,70,-4
-26,67,16
-18,70,17
19,79,19
19,80,19
-4,69,12
-12,55,4
-12,46,-3
-18,45,-5
-16,39,-4
-13,40,-12
-24,38,-22
-19,41,-13
8,64,22
-11,71,1
-39,75,-19
-30,70,-13
-47,83,3
-38,79,6
-12,72,5
-20,56,1
-4,62,-8
15,71,1
12,79,2
2,66,-5
-6,56,-5
-11,49,4
-11,48,4
-13,49,1
-15,48,-1
-13,53,5
-13,56,8
-12,68,5
-17,75,-2
-26,77,-7
-27,78,-4
-29,88,-7
-30,82,-6
-30,62,1
-33,56,2
-31,76,2
-14,84,9
40,83,27
18,59,25
6,51,20
-16,45,7
-16,39,2
-12,38,-11
-14,38,-11
-23,43,-13
-17,51,-12
-18,69,9
-19,75,8
-26,81,31
-24,79,43
-65,84,4
-36,71,-3
-25,70,-11
-25,55,-16
-4,55,-21
-3,63,-20
21,74,15
33,74,28
-3,59,5
-11,55,4
-22,50,6
-24,49,10
-25,47,9
-12,48,15
-13,56,15
-16,69,11
-14,71,9
-23,73,2
-24,74,2
-26,87,-1
-29,83,-1
-38,59,4
-32,62,9
11,68,26
9,72,15
6,77,9
10,77,12
11,60,12
7,49,15
-5,42,11
-9,42,14
-33,40,-6
-22,39,-7
-7,45,3
2,53,14
-23,80,14
-34,77,6
-25,72,8
-12,78,25
-21,91,24
-58,63,4
-31,47,5
-14,61,-9
-13,66,-11
1,69,-12
3,68,-7
5,55,5
0,52,7
-8,49,10
-11,47,10
-16,49,11
-19,54,11
-13,59,16
-13,63,17
-17,67,12
-19,71,9
-24,70,6
-26,74,6
-27,80,4
-34,78,0
-43,65,3
-37,60,7
-18,69,13
-5,77,12
17,80,19
14,63,30
-7,46,19
-25,41,5
-28,41,2
-24,35,4
-34,41,3
-25,53,5
-25,54,6
-19,60,33
-25,63,31
-37,62,15
-46,67,9
-38,72,11
-30,69,20
-38,53,2
-24,54,-1
-8,60,-2
-16,62,-4
-14,68,2
-10,56,8
-14,57,9
-29,49,2
-28,48,4
-20,50,10
-17,50,13
-19,55,13
-21,60,12
-21,71,11
-22,76,10
-13,78,9
-14,74,9
-21,81,7
-23,79,5
-25,62,3
-29,55,3
-31,65,3
-28,72,1
-17,70,2
-13,62,6
-10,51,19
-12,48,18
-24,38,8
-9,34,9
-11,40,6
-23,43,3
-23,52,5
-22,70,21
-39,74,10
-29,70,18
-28,76,21
-46,78,5
-38,71,7
-33,49,-3
-17,51,-9
-2,65,-13
-6,74,-7
-3,72,8
3,61,9
-18,46,5
-20,44,7
-15,47,5
-14,47,7
-17,51,6
-21,53,5
-34,57,10
-27,61,11
-26,72,11
-30,71,12
-28,78,14
-25,82,5
-23,80,5
-21,64,3
-15,64,3
-11,78,-1
-4,80,0
14,72,15
12,64,18
-7,46,13
-14,44,9
-26,35,-4
-28,31,-9
-16,32,-3
-9,37,3
-4,67,28
-25,80,11
-58,76,-15
-40,69,-1
-45,88,-1
-61,89,-13
-45,66,-9
-20,51,-4
16,58,0
10,62,-3
-5,69,-3
-7,77,-2
-8,62,-2
-14,45,2
-17,43,5
-19,45,6
-17,47,8
-10,51,13
-13,55,14
-19,64,12
-21,71,12
-30,80,6
-31,77,2
-37,87,3
-30,86,4
-28,64,1
-32,62,-2
-3,75,12
20,85,18
23,75,15
20,68,20
4,52,19
-27,43,-2
-34,42,-7
-29,40,-3
-20,35,-5
-19,40,-3
-27,50,2
-15,70,27
-31,75,17
-41,73,1
-41,68,-1
-47,81,10
-46,84,14
-43,48,-11
-20,44,-11
-3,60,-12
2,64,-8
5,74,7
-2,69,6
-10,51,3
-10,47,3
-16,46,2
-17,48,6
-12,51,12
-15,54,14
-18,62,14
-22,64,13
-28,73,12
-29,75,10
-30,86,12
-32,88,10
-29,78,5
-28,58,-1
-26,69,-1
-1,84,9
7,79,11
16,63,23
8,52,20
-3,44,12
-11,46,7
-24,37,-7
-26,35,-11
-20,39,-7
-19,44,-3
-16,60,21
-23,69,20
-53,72,-15
-61,63,-12
-61,95,23
-76,85,-11
-50,79,-9
-35,63,-13
2,55,-15
14,60,-13
16,67,-2
13,66,16
6,60,12
0,59,4
-3,56,1
-15,55,7
-18,54,8
-18,52,7
-21,52,7
-21,60,11
-26,63,9
-39,64,-1
-43,65,-3
-47,68,-3
-48,73,-5
-42,77,-2
-38,72,4
-39,59,7
-42,61,7
-11,77,11
4,84,14
0,95,18
9,84,26
-22,62,24
-33,52,16
-36,48,12
-28,41,17
-20,38,24
-42,33,18
-51,33,17
-54,35,25
-56,34,27
-53,35,32
-42,31,37
-27,26,38
-42,20,32
-63,12,31
-66,14,34
-56,15,30
-46,12,33
-43,13,33
-49,14,31
-50,5,33
-52,17,32
-53,21,32
-50,21,33
-46,17,31
-42,16,31
-42,14,35
-45,11,34
-43,11,36
-43,11,38
-46,12,37
-49,12,37
-53,14,41
-63,12,43
-63,14,45
-54,9,50
-55,8,47
-49,12,47
-46,13,48
-41,16,47
-36,17,48
-39,18,46
-41,16,46
-40,11,47
-40,7,46
-38,-1,42
-37,-1,41
-38,-1,41
-39,1,43
-40,2,44
-40,4,45
-39,5,47
-45,3,49
-46,-1,48
-52,-1,50
-51,2,52
-51,8,53
-50,8,53
-56,15,52
-57,21,51
-46,25,49
-39,24,46
-37,21,44
-38,21,44
-38,30,44
-35,25,42
-34,31,44
-23,15,49
-34,12,41
-37,11,40
-44,3,39
-43,4,41
-44,-4,42
-50,11,47
-51,10,46
-42,12,49
-48,10,49
-48,0,47
-52,0,47
-58,5,50
-62,8,52
-57,13,54
-53,15,52
-42,16,42
-41,16,38
-47,13,28
-45,14,29
-42,21,37
-43,21,38
-47,9,39
-46,5,38
-44,8,41
-43,7,41
-42,7,41
-43,8,41
-45,10,44
-46,12,45
-46,9,44
-47,7,45
-48,4,45
-55,4,44
-59,6,45
-67,14,45
-65,17,44
-56,13,38
-51,11,36
-48,15,37
-50,19,38
-49,28,37
-45,31,37
-37,30,38
-36,25,37
-36,18,35
-35,15,35
-40,13,34
-42,13,33
-47,20,31
-51,25,31
-51,28,33
-49,32,34
-52,42,38
-55,50,42
-52,56,47
-49,57,45
-46,51,40
-46,44,34
-45,41,32
-41,43,29
-40,44,28
-41,46,28
-41,45,27
-37,42,25
-35,40,25
-35,37,26
-34,34,26
-35,27,26
-34,22,29
-43,18,27
-44,19,28
-62,29,34
-70,35,38
-62,31,33
-57,26,30
-56,18,28
-55,21,31
-54,15,31
-49,14,32
-47,10,40
-46,5,47
-43,4,49
-36,2,49
-31,3,47
-25,9,34
-29,12,25
-27,24,17
-22,39,16
-14,83,-2
-15,112,-15
-22,114,-28
-28,100,-23
-45,119,-4
-41,107,-8
-20,81,-14
-27,82,-11
-25,70,-3
-21,61,3
-10,50,10
-7,49,9
-14,53,4
-22,57,5
-33,59,9
-34,67,14
-36,72,14
-43,78,13
-46,76,12
-49,77,9
-46,74,9
-37,70,7
-35,65,4
-35,81,-2
-33,89,-2
-27,109,-2
-21,110,0
-14,97,1
-6,92,5
-12,79,0
-11,75,0
-10,62,-2
-9,55,-2
-7,48,-1
-7,48,0
-8,53,1
-8,54,1
-8,51,4
-12,56,7
-14,54,9
-15,57,8
-16,63,7
-18,87,9
-20,104,8
-32,127,13
-34,117,22
-49,69,4
-43,57,6
-32,50,-1
-26,51,4
-19,58,10
-19,60,13
-29,67,17
-31,65,17
-31,64,14
-32,70,12
-39,90,9
-41,91,9
-36,69,8
-37,71,6
-39,89,3
-38,95,2
-31,107,-2
-26,107,-13
29,90,16
-13,79,9
-15,70,1
-2,63,3
-5,54,-2
-8,43,-5
-7,43,-3
-8,51,0
-8,53,1
-6,48,4
-9,52,6
-14,61,6
-14,62,4
-17,73,4
-19,84,4
-26,108,7
-31,119,10
-31,110,23
-28,92,17
-20,58,12
-25,59,11
-24,61,9
-26,61,9
-27,62,8
-31,64,8
-39,67,6
-45,71,5
-46,70,4
-45,77,2
-42,77,2
-34,73,3
-31,69,2
-34,82,-1
-35,93,-1
-28,111,0
-25,112,-1
-12,99,-4
6,94,10
-14,78,2
-12,72,0
-8,62,0
-8,54,-2
-1,39,1
2,35,2
-3,44,4
-5,48,4
-5,47,6
-9,52,7
-14,68,7
-16,77,4
-19,83,5
-25,104,8
-28,111,10
-30,114,19
-26,103,13
-19,74,9
-16,68,12
-28,59,3
-28,60,1
-28,59,-4
-32,58,-4
-37,59,-1
-37,60,2
-39,66,3
-42,70,2
-45,78,0
-45,78,0
-37,75,-1
-33,73,-1
-33,84,-3
-34,94,-2
-27,105,0
-21,107,-1
-15,102,0
-8,89,4
-11,79,1
-6,65,1
-4,56,0
-4,43,0
-4,43,2
-2,48,4
-1,49,5
1,54,5
0,52,4
-10,64,5
-13,72,5
-17,76,2
-21,81,3
-31,109,8
-31,120,9
-25,118,12
-34,104,11
-24,72,9
-26,72,11
-33,59,3
-30,57,4
-24,54,10
-22,52,13
-23,59,18
-27,61,17
-29,64,15
-35,68,7
-40,75,4
-57,81,-2
-67,79,0
-41,93,6
-21,110,5
2,119,8
0,113,8
-7,100,13
-2,92,15
-18,81,11
-20,71,1
-11,66,-1
-11,60,-3
-11,51,-7
-3,47,-6
12,33,-1
9,32,0
2,43,4
3,47,9
1,71,10
-3,84,2
-11,89,0
-32,119,4
-38,117,3
-37,110,4
-35,109,8
-26,90,18
-28,81,16
-11,60,20
-8,57,17
-20,59,12
-26,58,12
-36,60,10
-40,67,9
-44,74,10
-47,73,10
-47,69,10
-42,72,9
-32,72,6
-31,70,5
-37,74,5
-36,85,4
-27,109,4
-26,120,4
-17,113,-1
4,103,16
-9,91,6
-12,81,-1
-9,76,-2
-7,62,-4
-4,54,-3
-5,48,1
0,48,1
4,40,2
0,41,3
-1,42,7
-4,49,7
-12,68,6
-13,79,7
-18,110,23
-30,127,37
-10,127,21
3,123,10
-33,114,-7
-31,92,-2
-48,65,-15
-48,63,-18
-37,64,-15
-34,53,-13
-30,53,-11
-25,55,-7
-23,55,-9
-24,56,-25
-26,59,-32
-34,73,-33
-36,81,-26
-40,71,-16
-42,70,-17
-48,100,-26
-45,119,-33
-28,127,-37
-20,127,-33
13,127,-14
10,124,4
16,82,9
26,57,3
12,31,6
-2,34,5
2,39,0
6,41,-1
5,57,0
-4,55,6
-16,59,7
-25,80,3
-24,82,6
-19,85,20
-13,98,24
-12,115,29
-18,118,30
-26,106,19
-36,82,-5
-17,73,5
-14,74,3
-31,72,-8
-37,66,-9
-43,56,-15
-38,59,-14
-35,59,-11
-36,57,-11
-34,60,-9
-30,59,-7
-31,67,-8
-33,68,-9
-36,69,-9
-38,70,-11
-43,93,-17
-36,127,-21
-31,127,-17
-27,103,-16
-14,101,-21
14,85,7
-6,89,9
6,75,6
18,61,10
12,51,9
20,51,5
10,40,-10
-2,45,-12
-21,51,-3
-22,51,5
-25,67,13
-25,79,10
-24,82,9
-22,89,8
-12,102,8
-9,111,8
-25,116,0
-37,99,-4
-21,75,6
-29,71,4
-35,68,-3
-36,68,-3
-32,62,-6
-37,54,-6
-39,53,-6
-44,57,-8
-43,58,-8
-37,60,-6
-40,64,-6
-42,79,-6
-43,84,-6
-37,89,-5
-35,96,-5
-33,117,-7
-28,126,-7
-16,125,-3
-12,121,-2
-8,103,0
-8,94,1
-12,78,-2
-13,72,-4
-12,57,-5
-10,52,-5
-4,46,-3
-3,42,-3
-2,35,-1
-4,34,1
-7,41,2
-12,52,3
-14,52,5
-20,66,10
-22,80,10
-27,111,15
-32,126,16
-30,115,11
-28,100,10
-23,83,20
-23,82,22
-19,82,15
-32,88,12
-42,67,6
-44,59,6
-50,49,9
-47,49,12
-44,57,11
-42,64,7
-34,81,1
-29,84,1
-27,85,2
-24,87,4
-23,86,4
-25,85,2
-28,89,1
-29,97,-5
-23,98,-6
-16,86,-7
-14,83,-5
-10,68,-1
-11,60,0
-13,46,-1
-12,43,0
-8,41,1
-5,41,1
2,40,0
1,42,1
-3,44,3
-5,43,4
-12,65,1
-13,81,-2
-17,106,-6
-26,116,-4
-49,127,10
-52,124,10
-42,97,6
-38,82,8
-28,64,15
-23,63,21
-29,58,18
-40,51,19
-40,54,24
-34,70,28
-33,75,29
-32,86,25
-31,83,20
-34,85,13
-34,87,12
-32,85,9
-32,86,6
-31,102,0
-24,112,2
-10,119,5
-8,104,4
-16,80,-2
-16,75,-5
-17,65,-9
-17,62,-10
-17,56,-10
-15,55,-10
-9,58,-8
-4,57,-3
3,53,-2
4,38,2
-3,43,4
-5,57,6
-5,60,7
-15,78,8
-24,95,11
-34,117,16
-30,117,14
-23,114,6
-22,108,7
-14,92,29
-17,85,34
-21,69,28
-17,68,31
-32,66,24
-36,69,21
-37,67,21
-35,65,22
-41,68,19
-44,71,17
-47,95,9
-41,104,7
-31,92,3
-39,91,3
-40,100,4
-34,120,-6
-22,118,-13
-4,104,9
-9,92,4
-7,68,1
-7,64,1
-16,53,-7
-14,54,-6
-8,56,-4
-4,57,-3
-1,57,-4
-1,51,-4
-10,47,-5
-14,49,-5
-18,47,-4
-23,51,-3
-28,80,5
-33,93,10
-42,113,19
-28,107,8
-5,95,7
5,87,39
-7,82,33
-35,71,19
-28,77,22
-42,75,13
-43,74,13
-43,75,15
-44,75,18
-45,68,18
-44,65,15
-42,78,12
-38,79,12
-31,71,13
-32,74,11
-34,101,11
-31,116,10
-28,127,3
-23,117,-9
1,100,17
-10,92,7
-15,74,-5
-9,69,-5
-6,54,-7
-7,48,-5
-4,48,-3
-3,47,-2
-2,47,-1
-5,44,1
-9,50,1
-12,55,1
-13,60,0
-16,70,1
-19,81,3
-29,109,8
-33,123,11
-26,127,24
-29,117,20
-16,73,31
-20,66,26
-20,69,19
-23,73,18
-28,66,12
-35,65,11
-40,64,13
-38,66,16
-36,67,16
-36,66,13
-43,73,6
-45,72,2
-39,73,2
-37,90,0
-37,103,0
-32,127,0
-30,127,-5
-4,127,-1
14,113,16
-14,91,6
-18,78,-1
-7,66,-3
-6,57,-5
-7,49,-6
-5,49,-4
0,49,0
2,46,0
-3,40,2
-8,49,3
-12,54,5
-17,53,9
-33,74,15
-28,87,16
-31,107,2
-52,111,4
-48,100,6
-27,80,16
-51,71,-1
-42,51,-2
-43,50,-1
-39,55,-1
-39,60,-2
-37,73,-7
-40,74,-9
-46,74,-9
-45,75,-7
-44,83,-6
-44,79,-5
-38,56,-3
-38,52,-4
-42,82,-6
-41,93,-8
-30,104,-8
-22,103,-7
-12,96,-4
4,86,8
-11,73,4
-10,70,6
-6,64,5
-6,60,3
-8,59,1
-8,57,2
-7,56,4
-9,50,2
-13,50,1
-18,50,5
-19,48,9
-18,55,10
-16,65,7
-21,100,5
-28,116,6
-28,120,28
-34,107,27
-43,61,4
-38,50,10
-20,49,13
-14,52,12
-20,66,8
-24,69,8
-33,66,8
-34,67,7
-35,71,5
-38,80,7
-41,78,10
-36,67,11
-40,62,7
-41,86,3
-37,93,2
-30,107,-4
-23,102,-7
21,92,18
4,89,25
-14,70,-2
-5,64,0
5,45,-4
10,31,-3
1,38,-2
4,52,-4
3,64,-5
4,68,-1
-11,86,8
-15,89,7
-20,76,11
-30,84,17
-19,96,19
-8,92,19
2,88,19
2,85,24
-21,70,9
-13,60,9
-23,57,4
-23,57,3
-22,60,3
-37,65,-1
-36,69,2
-38,72,7
-44,77,4
-47,66,0
-45,69,1
-42,70,4
-39,67,6
-38,77,3
-38,96,1
-23,121,1
-18,127,1
-2,106,6
-5,104,9
-9,78,0
-4,68,-2
-6,52,-2
-7,47,-2
-6,46,2
-7,52,2
9,67,1
11,55,-2
4,55,0
-12,67,1
-14,65,1
-17,67,3
-18,76,3
-23,110,4
-29,127,7
-13,123,17
-9,118,35
-44,70,-3
-23,51,7
-40,54,-8
-41,55,-8
-28,54,0
-28,55,-1
-32,60,2
-33,67,0
-35,74,0
-36,72,0
-38,77,1
-38,73,3
-35,62,4
-34,70,2
-36,84,0
-33,108,-4
-29,114,-4
-14,107,-1
-12,97,0
-8,75,4
-13,66,2
-12,60,-2
-11,58,-3
-5,57,-2
-3,62,-2
-3,66,2
-2,64,3
-2,55,1
-10,61,1
-16,62,6
-19,61,8
-23,59,9
-24,65,12
-20,87,9
-18,95,8
-24,99,11
-21,97,19
-46,71,2
-30,55,4
-36,52,-2
-29,57,4
-30,60,6
-34,67,5
-34,72,5
-37,78,5
-37,73,4
-40,80,2
-39,78,3
-38,63,2
-37,57,1
-37,72,-1
-39,82,-1
-34,101,-4
-22,104,-2
-16,94,-1
-1,84,5
-10,68,4
-10,61,3
-11,60,1
-12,57,0
-9,55,0
-7,56,1
-6,57,2
-6,53,3
-11,53,4
-20,65,7
-20,62,8
-14,63,12
-16,66,11
-17,81,6
-18,93,6
-22,112,14
-19,109,20
-40,74,4
-27,63,10
-29,52,5
-28,53,7
-32,53,8
-31,57,9
-34,62,8
-36,69,9
-38,82,7
-36,79,8
-34,79,6
-35,73,6
-36,67,5
-37,66,5
-34,80,3
-28,95,-1
-22,101,0
-14,96,4
-11,88,5
-11,73,5
-13,68,3
-8,60,2
-9,53,0
-10,44,-3
-10,45,-3
-2,52,0
-3,56,2
-7,56,5
-11,61,7
-15,74,7
-16,70,9
-21,65,11
-20,72,8
-21,90,10
-17,96,13
-12,100,29
-22,91,25
-47,56,-1
-27,46,5
-25,46,2
-19,56,9
-21,62,10
-31,72,10
-31,71,11
-31,73,10
-32,76,10
-36,82,8
-38,76,7
-34,64,8
-32,57,7
-34,67,3
-35,78,2
-26,98,1
-21,98,0
-15,83,3
-11,74,2
-4,67,11
-17,59,1
-10,55,1
-5,51,2
-7,45,-1
-4,48,1
-5,63,1
-8,69,2
-10,76,2
-13,75,5
-19,69,10
-31,69,14
-29,69,15
-22,78,11
-19,82,9
-9,84,21
-24,71,17
-26,54,6
-25,47,5
-24,47,6
-24,47,4
-23,52,7
-25,56,7
-28,71,6
-32,79,6
-38,80,6
-40,78,6
-41,80,9
-40,77,10
-34,70,11
-26,64,10
-24,73,11
-26,87,9
-34,94,7
0,79,1
13,75,17
-10,64,18
-19,56,7
-14,53,0
-15,51,-2
-15,51,3
-15,55,6
-13,54,0
-4,56,4
-4,59,13
-9,60,14
-14,67,11
-16,67,8
-18,61,8
-22,68,10
-31,88,14
-33,96,10
-22,91,16
-27,77,12
-18,52,15
-17,47,16
-26,46,4
-26,52,3
-26,58,5
-26,71,10
-28,73,12
-32,73,13
-35,74,11
-43,85,7
-44,82,6
-33,66,7
-29,63,5
-32,81,2
-30,88,1
-25,98,0
-26,99,-2
-5,90,13
2,82,16
-17,60,3
-14,56,1
-14,50,-3
-16,48,-4
-13,53,0
-11,57,0
-5,60,2
-5,56,1
-9,57,0
-18,63,5
-17,62,8
-18,61,8
-18,62,7
-25,85,9
-28,98,10
-19,113,23
-32,107,15
-20,79,21
-31,64,14
-35,47,2
-29,51,5
-29,57,2
-32,59,-1
-36,61,-1
-36,62,0
-36,66,7
-38,69,8
-43,83,6
-42,84,7
-31,73,9
-27,69,7
-33,91,2
-31,100,2
-34,108,-6
7,94,7
12,81,25
-16,65,3
-10,63,1
-6,55,-1
-8,50,-2
-6,49,-1
-4,50,0
-5,55,0
-6,57,0
-11,54,-1
-16,63,2
-17,67,5
-19,59,8
-26,67,12
-24,78,11
-18,104,9
-17,113,10
-20,105,21
-38,69,8
-25,56,7
-26,50,4
-32,48,1
-31,56,2
-34,61,0
-35,74,-2
-35,75,-3
-35,72,-1
-33,69,1
-37,75,3
-38,74,4
-32,72,9
-32,70,9
-32,84,4
-30,91,2
-27,104,-3
-14,101,-3
10,82,17
-5,73,15
-12,59,4
-7,57,3
-13,51,-3
-16,52,-5
-9,55,-2
-3,55,2
-4,57,3
-11,57,5
-17,64,7
-15,66,8
-15,66,10
-19,70,13
-19,77,14
-20,99,12
-22,104,12
-14,94,21
-28,79,18
-33,57,6
-28,48,7
-24,47,7
-25,50,5
-24,60,9
-24,64,10
-28,72,8
-30,78,7
-35,72,5
-37,77,3
-42,77,4
-41,71,4
-33,61,4
-34,79,0
-34,87,-1
-29,97,-3
-23,97,-3
-5,83,-5
21,80,13
-20,67,3
-21,64,2
-3,59,8
-4,51,5
-1,48,6
0,49,6
-5,55,5
-5,56,4
-11,69,7
-12,81,5
-12,67,1
-16,63,1
-25,87,3
-27,95,4
-28,103,0
-23,101,7
-43,79,1
-28,62,9
-29,52,4
-27,51,5
-25,53,8
-29,58,9
-29,62,9
-32,74,7
-37,72,6
-45,68,1
-46,73,0
-45,83,3
-39,80,5
-34,75,5
-32,82,4
-24,94,0
-24,99,0
-15,100,5
-10,90,7
-11,70,6
-12,64,2
-10,57,-1
-10,54,-2
0,47,-1
-2,49,-2
-3,53,-2
-1,56,-2
-4,57,1
-8,66,4
-13,80,8
-21,72,12
-27,71,13
-23,89,18
-16,98,19
-10,106,27
-14,94,24
-37,68,1
-22,57,10
-37,50,-3
-31,51,-2
-26,59,2
-29,65,3
-32,71,7
-30,71,5
-39,69,1
-41,69,0
-44,77,2
-43,73,4
-35,69,6
-33,68,5
-36,87,0
-34,93,-2
-27,104,-3
-14,98,1
-12,92,1
-10,77,-1
-11,70,-2
-12,61,-2
-12,57,-2
-8,52,0
-7,52,-1
1,55,6
3,59,11
-3,52,3
-10,56,0
-21,66,-2
-21,64,0
-20,61,4
-24,72,7
-23,92,15
-19,109,18
-22,125,13
-46,109,-3
-30,66,-4
-19,61,-4
-39,53,-13
-37,59,-7
-36,66,-7
-32,65,-10
-32,65,-10
-36,67,-10
-38,68,-10
-39,68,-14
-40,72,-12
-39,65,-8
-38,62,-5
-42,80,-7
-40,94,-9
-31,119,-12
-24,123,-11
-5,107,0
-4,97,4
-9,81,5
-12,77,4
-16,60,0
-20,53,-4
-13,56,-4
-8,55,-1
-3,51,3
-2,49,3
-9,49,2
-13,55,2
-15,59,4
-15,60,7
-18,75,10
-23,100,9
-31,115,3
-36,106,4
-27,98,19
-65,78,-19
-35,48,-9
-22,59,-6
-33,58,-12
-35,64,-6
-34,70,-5
-35,74,-8
-32,72,-10
-40,71,-14
-43,72,-16
-43,69,-12
-40,64,-4
-40,60,-4
-42,60,-6
-43,77,-12
-40,86,-14
-29,105,-9
-19,102,-5
-13,93,-2
-2,82,2
5,83,9
-9,68,1
-1,61,3
1,51,2
-2,53,1
0,52,2
-1,57,2
-3,59,6
-13,74,8
-12,76,8
-10,68,7
-16,69,8
-16,75,6
-23,83,4
-25,86,5
-14,90,15
-24,88,11
-26,65,9
-31,64,10
-30,51,2
-19,52,11
-23,59,14
-29,63,11
-32,66,10
-39,72,9
-39,73,8
-41,82,9
-42,86,8
-35,78,9
-31,70,7
-31,78,5
-32,83,4
-27,93,1
-21,97,1
-10,94,5
-7,84,7
-9,70,5
-7,65,4
-7,53,-1
-11,48,-2
2,44,4
3,46,3
-1,55,-1
2,55,-1
-7,63,0
-12,76,5
-11,84,7
-19,76,7
-25,84,3
-23,92,14
-18,96,17
-19,100,23
-52,90,-4
-17,63,11
-29,62,6
-32,56,0
-30,56,4
-29,56,7
-27,59,8
-31,65,7
-34,67,5
-37,69,4
-36,67,2
-37,77,2
-36,80,5
-29,73,6
-28,70,5
-30,84,3
-30,92,1
-27,107,-3
-20,105,-2
-9,93,3
-10,80,4
-10,71,3
-2,58,0
1,49,0
-4,37,-1
-4,38,-1
-2,46,0
-2,52,1
-1,56,2
-5,62,4
-15,82,7
-15,86,8
-20,73,11
-22,80,12
-26,94,12
-15,99,18
-24,94,10
-49,84,-4
-16,70,14
-26,62,8
-18,55,10
-18,58,9
-26,62,6
-31,64,1
-36,63,0
-43,63,-3
-43,65,-4
-36,63,-3
-35,67,-3
-37,80,3
-36,82,4
-31,80,4
-29,86,2
-25,95,0
-23,97,-1
-16,99,1
-12,95,2
-8,83,4
-8,77,3
-8,67,0
-7,62,-1
-4,47,-2
-4,43,-1
-6,41,-2
-5,40,0
-8,52,7
-5,50,5
-7,54,6
-12,71,6
-15,78,6
-23,71,6
-29,79,9
-39,101,14
-31,108,19
-40,109,10
-40,92,12
-21,72,23
-33,64,12
-30,60,8
-30,58,8
-33,53,8
-31,50,7
-31,48,6
-34,49,5
-39,60,2
-40,65,0
-33,73,-3
-26,75,-2
-23,84,2
-25,84,5
-32,84,8
-33,78,3
-31,81,0
-30,97,-5
-22,105,-4
-11,98,1
-8,90,2
-6,74,5
-8,66,3
-12,55,-1
-12,50,-3
-6,42,-2
-3,41,1
1,41,3
2,42,5
-3,46,6
-9,54,8
-14,77,8
-14,78,10
-21,76,10
-24,89,11
-13,109,19
-16,115,15
-20,116,28
-36,99,6
-15,73,9
-40,67,-8
-38,65,-8
-41,64,-8
-41,62,-7
-37,56,1
-38,55,6
-44,51,4
-43,53,1
-37,59,-6
-36,66,-5
-30,83,5
-24,87,9
-22,96,11
-22,94,9
-28,96,4
-29,102,2
-24,110,-3
-20,105,-4
-15,97,-3
-14,90,-3
-14,75,-6
-14,69,-5
-11,57,-5
-8,46,-1
-4,40,-1
-1,37,-2
0,34,-4
-1,34,-2
0,36,1
-3,42,6
-11,52,13
-17,81,9
-11,94,10
-16,110,18
-18,117,19
-21,127,17
-25,123,16
-35,93,14
-33,80,22
-39,67,15
-37,66,14
-34,63,20
-28,57,26
-30,50,35
-35,48,33
-43,54,26
-45,58,22
-40,68,16
-34,84,15
-33,95,15
-30,100,12
-26,92,10
-26,104,6
-27,110,4
-28,116,-1
-26,114,-3
-23,99,-6
-20,95,-6
-14,82,-5
-14,75,-5
-10,63,-5
-8,57,-5
-2,44,-2
1,39,-1
1,38,-3
-1,42,-3
1,44,1
1,46,4
-8,59,10
-11,68,11
-11,80,16
-13,88,18
-21,105,20
-25,126,36
-36,127,27
-42,107,9
-35,98,4
-45,72,-1
-31,69,7
-32,66,-1
-37,62,-3
-30,54,-1
-30,48,-2
-31,48,-2
-33,53,-3
-41,60,-8
-41,62,-10
-37,69,-6
-36,74,-4
-39,81,-5
-37,85,-5
-34,101,-7
-31,108,-7
-26,123,-7
-25,125,-8
0,112,-3
1,107,8
-15,85,4
-1,67,5
1,55,6
0,36,6
0,38,6
3,44,8
4,47,9
0,46,9
-5,48,9
-11,62,7
-13,70,7
-16,71,6
-20,82,9
-28,107,10
-29,115,11
-19,121,19
-11,114,27
-35,74,-1
-18,70,6
-30,71,-1
-30,71,-5
-31,60,-9
-30,57,-8
-26,62,-5
-21,64,-7
-21,69,-12
-37,68,-18
-41,66,-21
-53,65,-22
-65,65,-19
-62,68,-12
-54,74,-12
-40,92,-19
-29,101,-16
-14,120,-4
-8,122,1
-4,102,4
-5,94,5
-10,82,1
-11,76,1
-11,64,1
-7,59,2
3,52,3
3,52,3
-1,52,1
0,45,0
-4,45,3
-7,53,4
-10,63,1
-13,69,4
-18,85,1
-30,123,14
-34,127,18
-19,120,32
-29,104,29
-50,54,4
-21,58,13
-14,76,10
-18,76,5
-26,65,1
-32,52,-1
-33,47,0
-32,52,0
-28,57,-2
-27,58,-2
-26,57,-2
-28,56,-3
-40,56,-7
-43,59,-7
-40,70,-5
-38,77,-5
-34,80,-9
-32,81,-8
-22,84,-2
-19,79,1
-19,79,1
-20,79,0
-14,80,4
-12,77,1
-4,75,0
17,55,8
15,50,15
17,50,15
19,50,10
14,71,12
7,80,15
-7,88,19
-12,83,18
-23,77,12
-26,76,15
-25,84,11
-34,91,2
-22,88,2
-11,83,8
-16,72,9
-20,68,6
-31,64,1
-33,56,6
-31,54,12
-21,45,16
-18,43,16
-25,53,11
-28,57,6
-42,70,0
-46,74,-2
-44,57,1
-43,49,3
-37,49,3
-31,59,1
-25,87,-9
-20,103,-8
-10,115,4
-10,107,10
-17,88,11
-18,84,8
-19,76,-1
-19,74,-3
-13,69,-3
-12,69,-2
-9,69,1
-7,67,2
-9,65,3
-10,65,7
-7,60,5
-15,50,9
-19,44,11
-27,42,22
-33,48,28
-26,69,31
-13,77,31
6,100,42
-8,118,34
-30,95,-3
-25,92,6
-37,77,-2
-40,73,-2
-33,67,-1
-32,62,-1
-25,57,-2
-25,59,-4
-28,56,-6
-29,55,-5
-35,59,-7
-39,65,-9
-43,61,-10
-40,55,-9
-37,69,-10
-37,98,-12
-33,112,-11
-22,124,-6
-18,117,-5
-11,107,1
-2,101,6
-13,89,1
-9,85,2
3,62,8
6,51,8
0,44,9
0,48,11
0,52,12
0,52,12
-5,59,11
-9,65,11
-18,76,18
-20,75,19
-19,77,17
-20,88,16
-18,108,12
-15,115,12
-20,103,9
-3,94,7
-11,79,-7
-36,63,-18
-39,59,-22
-40,55,-21
-35,51,-20
-31,55,-10
-29,57,-6
-26,59,-4
-28,61,-6
-33,64,-14
-35,64,-16
-31,63,-13
-29,62,-10
-28,68,-7
-30,77,-5
-34,98,-6
-36,110,-10
-43,115,-11
-70,118,-24
50,115,-12
26,101,12
13,71,18
13,49,15
1,40,9
-10,28,1
-15,26,-3
-20,38,-3
-17,49,1
-11,67,11
-11,71,13
-21,77,28
-35,83,39
-27,94,25
-23,95,9
1,89,3
-8,89,0
-19,77,6
-25,73,3
-30,56,-9
-31,55,-9
-27,53,-5
-23,52,-4
-22,51,1
-23,53,3
-26,63,3
-29,69,1
-35,76,0
-36,74,1
-34,62,2
-30,60,2
-31,61,2
-36,67,1
-37,74,1
-32,87,-1
-29,93,-2
-35,97,-14
14,97,-15
11,77,26
-12,73,13
1,62,13
-1,54,9
-10,48,2
-14,48,1
-17,54,3
-14,58,5
-9,61,6
-8,61,5
-15,61,6
-20,63,7
-29,68,12
-29,69,14
-23,73,16
-20,81,16
-20,83,8
-17,80,3
-24,75,4
-22,58,4
-26,54,4
-28,54,4
-26,56,4
-28,55,5
-26,56,6
-31,62,7
-34,64,7
-42,71,5
-43,73,3
-38,78,4
-32,73,6
-30,63,8
-31,60,8
-40,62,0
-42,67,-7
-28,85,-12
-21,98,-10
-19,91,-1
-4,76,10
-17,59,12
-23,57,2
-18,56,2
-18,50,0
-18,52,1
-15,61,9
-10,64,11
0,70,11
3,66,10
1,63,6
-5,63,4
-20,65,3
-28,68,3
-31,69,5
-26,72,7
-25,93,9
-28,99,1
-26,99,2
-24,93,2
-29,63,0
-29,58,2
-26,61,2
-28,59,0
-29,55,-3
-30,53,-3
-30,53,0
-31,55,2
-34,61,4
-38,69,3
-38,70,2
-34,66,3
-34,71,2
-36,71,-1
-34,74,-4
-29,87,-2
-27,98,-2
-21,111,-5
-9,103,-3
1,88,11
-9,76,5
-7,66,1
-6,62,2
-10,54,-1
-10,51,-1
-9,51,-1
-8,52,0
-13,56,8
-19,52,2
-12,52,-2
-12,57,1
-11,62,8
-15,67,10
-20,81,16
-23,110,29
-7,114,41
-41,110,-11
-27,84,-1
-38,69,2
-47,58,-6
-34,54,2
-26,55,4
-25,60,12
-24,57,10
-35,64,-3
-42,64,-8
-43,63,-13
-41,64,-13
-40,70,-16
-38,74,-15
-27,71,-8
-24,73,-9
-19,101,-26
-18,111,-31
-2,126,-36
5,122,-35
30,82,-26
33,61,-21
24,51,-20
15,44,-15
7,45,-10
19,42,-15
-9,56,-21
4,107,74
6,86,52
-26,76,48
-32,68,16
-48,46,-8
-61,42,-30
-40,72,-25
-20,83,8
-35,100,-2
-57,84,-18
-50,69,-26
-13,60,-18
-25,21,-16
-57,14,-26
-41,25,-16
-32,31,-13
-19,48,-9
-26,49,-6
-25,47,1
-36,41,1
-45,42,0
-40,47,18
-24,52,22
-55,55,2
-63,60,5
-45,75,7
-52,76,4
-59,70,-12
-38,59,-13
-25,43,-6
-43,43,-4
-69,47,-12
-59,50,-7
-27,44,21
-25,40,17
-49,28,1
-42,23,12
23,9,28
36,24,41
-26,50,17
-36,56,7
-12,84,3
-5,99,-3
-10,105,-22
-33,91,-29
-50,84,-22
-44,79,-11
-42,74,-15
-30,60,-19
-29,62,-20
-20,64,-12
-11,68,-4
-5,62,7
-10,53,6
-19,41,1
-20,39,-1
-22,41,-2
-24,44,0
-24,57,7
-28,65,11
-21,73,13
-23,78,14
-41,91,18
-39,92,20
-40,81,29
-38,73,28
-27,42,12
-10,88,11
24,95,11
19,73,-7
29,78,26
14,78,37
-16,60,8
-5,54,-6
-8,50,-7
-23,39,-11
-24,42,-9
-21,54,-2
-19,61,1
-18,67,1
-19,67,0
-19,64,2
-23,64,3
-26,72,6
-26,72,9
-25,68,25
-30,56,36
-30,70,24
-4,77,37
-15,80,31
-33,59,10
-29,50,2
-46,34,-13
-25,31,-3
-9,34,13
-8,33,14
-9,34,10
-13,39,8
-11,58,16
-12,78,37
-49,79,7
-58,76,-1
-68,90,-6
-50,72,-10
-29,54,9
-33,51,-2
-23,55,-14
-21,59,-13
-10,65,-6
-13,67,-4
-43,60,-9
-46,53,-4
-29,46,8
-3,47,20
-6,44,18
-12,42,16
-13,46,12
-11,53,16
-14,57,24
-14,71,27
-27,72,15
-41,81,-1
-46,86,-6
-42,74,-8
-41,66,-7
-35,68,-2
-27,66,5
-17,71,6
-8,76,14
-2,67,23
-2,60,22
-16,40,5
-13,37,5
-12,34,0
-15,34,-1
-19,36,3
-19,40,5
-13,50,17
-21,67,22
-28,82,28
-52,86,-18
-47,84,-15
-45,74,-14
-40,60,-7
-26,50,8
-22,55,12
-17,68,9
-17,72,7
-18,67,2
-17,60,2
-18,56,4
-19,56,3
-18,58,6
-17,55,7
-15,45,7
-14,43,7
-2,45,18
-5,46,24
-19,68,38
-32,72,23
-45,69,-8
-45,82,-5
-42,105,-1
-37,89,1
-29,54,21
-11,61,24
-13,63,14
-14,74,3
-13,75,3
-12,61,4
-9,53,4
-13,33,-4
-22,30,2
8,27,14
-1,30,15
-7,46,17
-8,61,27
-11,98,102
-60,92,52
-70,73,-4
-51,67,-5
-38,67,-5
-30,62,-5
-13,45,2
-13,51,6
-16,66,8
-15,70,8
-19,69,2
-18,64,1
-20,52,-1
-22,49,0
-21,49,1
-18,50,4
-16,50,5
-16,53,7
-16,54,8
-11,58,18
3,60,46
-39,99,26
-36,87,-3
-40,88,-18
-45,79,-15
-46,58,-2
-43,53,4
-26,56,16
-16,63,18
-10,69,13
-12,67,9
-15,56,3
-19,47,-2
-20,46,-2
-32,46,-6
30,47,43
28,42,46
-1,47,37
-6,66,32
-17,80,16
-66,66,-22
-49,72,-15
-33,82,-1
-34,76,-1
-27,59,3
-26,52,0
-30,68,-3
-29,68,-2
-25,65,-1
-22,60,-1
-17,53,2
-19,50,3
-17,48,5
-16,49,4
-16,50,3
-14,52,5
-14,56,8
-16,58,7
-15,60,8
-15,63,10
-10,70,23
-17,72,32
-22,83,28
-41,83,3
-40,72,-1
-35,58,0
-34,57,1
-20,62,7
-15,66,9
-11,74,12
-11,68,11
-16,51,7
-22,47,9
-30,38,-6
-15,37,-5
-12,40,12
-14,38,12
-11,46,23
0,58,47
-38,68,19
-52,64,-2
-57,76,-15
-43,80,-11
-17,71,14
-29,63,10
-26,56,-8
-4,59,-6
5,65,3
6,64,2
4,64,-1
-9,60,0
-14,58,2
-19,58,8
-20,60,9
-20,60,7
-21,55,6
-18,59,8
-16,61,8
-26,72,2
-27,77,3
-31,82,8
-31,87,11
-24,72,11
-27,64,8
-26,58,6
-18,64,4
7,72,6
18,72,14
5,70,21
5,63,20
2,48,14
-13,42,3
-14,40,-1
-11,40,-5
-12,43,-4
-9,58,6
-1,67,21
-8,86,16
-31,80,-7
-52,75,8
-81,96,14
-74,60,-13
-59,47,-16
-28,49,-20
-10,56,-21
0,62,-8
-3,67,-5
-6,63,-4
-4,55,1
-2,54,5
0,52,9
-3,51,16
-12,55,14
-17,54,11
-24,56,5
-24,57,4
-23,61,5
-21,67,9
-25,70,33
-25,82,41
-42,81,10
-43,72,2
-28,61,2
-17,56,6
-9,66,10
-10,74,11
-10,74,13
-14,66,10
-20,51,5
-16,44,8
-10,39,7
-8,40,8
-13,44,7
-17,46,4
-14,53,6
-10,70,34
-69,76,31
-55,77,1
-31,56,-15
-48,63,-16
-26,63,-6
-13,44,-1
-15,52,2
-22,60,3
-22,61,3
-22,54,2
-22,50,3
-25,54,7
-27,61,7
-22,70,3
-17,71,0
-6,74,-1
-1,71,3
-11,76,4
-19,80,1
-28,67,-3
-38,58,-7
-76,53,27
-16,89,82
39,45,48
44,35,36
21,42,24
18,38,28
-16,58,10
-47,83,-9
-56,59,-15
-34,60,0
-42,71,-3
-38,77,-8
-30,73,-6
-19,59,0
-14,56,6
-18,59,11
-21,59,9
-23,60,2
-22,65,-2
-18,73,-4
-16,79,-4
-15,69,-3
-17,63,-4
-21,61,-4
-23,67,-2
-29,65,5
-31,60,8
-24,54,13
-22,54,21
13,42,62
10,89,100
-34,68,18
-56,64,-21
-28,57,-11
-26,95,6
-31,82,4
-40,59,-6
-48,72,-10
-40,65,-13
-32,58,-8
-23,46,4
-21,43,8
-19,46,9
-19,50,6
-18,56,3
-16,58,4
-15,61,6
-13,61,6
-17,66,3
-20,70,1
-20,89,-2
-17,87,0
-21,69,4
-25,67,5
-29,58,2
-23,63,8
-19,60,13
0,61,55
-24,57,42
-25,39,8
-18,34,7
-18,40,4
-20,43,3
-18,49,8
-17,54,11
-21,72,17
-18,79,26
-26,85,6
-41,82,-8
-25,71,10
-25,70,13
-25,59,8
-25,59,7
-29,62,6
-27,64,8
-22,60,9
-19,55,8
-17,50,8
-20,50,7
-22,53,4
-20,53,4
-19,54,5
-19,60,5
-18,62,4
-19,67,3
-19,70,4
-21,84,4
-20,86,7
-28,65,12
-36,61,12
-39,58,8
-31,63,4
0,79,14
18,83,27
2,70,22
-11,57,17
-20,47,5
-18,41,2
-20,40,0
-19,40,1
-16,42,2
-16,43,2
-14,53,8
-14,69,21
-3,86,38
-62,70,-22
-60,77,-15
-47,62,-13
-27,59,-8
-23,54,0
-19,54,2
-19,66,10
-25,69,7
-19,68,3
-16,58,4
-11,48,11
-11,47,11
-18,49,5
-20,50,3
-22,53,1
-20,55,3
-19,60,5
-20,65,4
-16,72,1
-16,72,4
-19,80,9
-19,81,9
-19,61,18
-33,49,15
-34,50,16
-25,67,14
-12,74,20
-23,77,13
-28,66,9
-26,51,7
-23,46,5
-19,46,5
-19,47,5
-15,46,3
-16,47,1
-19,53,3
-18,57,4
-17,63,9
-19,65,10
-26,75,25
-36,82,22
-43,77,14
-45,78,4
-32,53,-5
-29,55,-4
-17,63,5
-16,68,8
-6,69,14
-7,61,15
-13,52,6
-18,49,2
-18,47,0
-17,50,1
-15,50,3
-15,52,6
-17,53,5
-19,60,4
-22,65,5
-17,71,14
-21,81,22
-43,92,23
-48,80,9
-44,63,2
-43,59,0
-21,58,5
-7,61,13
-6,72,21
-8,69,22
-13,55,10
-17,48,4
-22,43,2
-19,40,-1
-16,43,0
-13,47,4
-10,52,10
-1,89,76
-45,89,46
-50,67,1
-56,82,-6
-50,56,-10
-28,55,-7
-18,46,-5
-15,52,2
-12,60,12
-17,65,9
-18,64,3
-14,57,2
-18,48,1
-18,47,1
-18,51,1
-20,52,1
-19,54,4
-18,56,4
-19,60,4
-18,64,3
-21,74,1
-16,85,9
-8,79,48
-50,80,36
-53,60,7
-60,57,-3
-50,54,-15
-11,67,10
-4,71,20
-14,71,14
-15,64,11
-23,50,-4
-24,44,-9
-15,46,-4
-13,48,-1
-10,55,6
-10,57,7
-15,57,3
-18,56,2
-13,59,23
-19,78,52
-29,73,39
-52,80,-8
-57,53,-26
-38,52,-15
-19,66,10
-8,65,14
-1,64,16
-18,64,6
-20,55,3
-19,40,-2
-19,39,-2
-18,43,2
-19,46,3
-21,57,4
-21,64,4
-19,65,7
-19,69,8
-13,74,9
-12,69,9
-23,69,8
-26,68,7
-24,70,6
-22,63,6
-30,60,10
-33,62,9
-24,69,12
1,78,46
11,95,41
-12,61,19
-26,45,6
-14,51,5
-16,56,5
-16,46,5
-17,50,5
-17,51,7
-19,57,8
-20,70,7
-18,75,6
-19,80,5
-22,77,6
-27,64,6
-28,60,4
-28,60,3
-27,65,7
-10,81,13
8,76,17
6,66,17
2,66,21
-14,51,16
-16,46,12
-21,51,6
-19,51,5
-14,53,9
-16,56,8
-17,58,8
-19,62,3
-18,66,-1
-19,70,-1
-21,71,0
-28,75,3
-29,74,4
-28,70,6
-26,63,7
-26,63,18
-25,68,13
-8,81,23
21,89,39
22,63,35
0,48,25
-3,44,11
-5,39,3
-23,35,-9
-26,44,-9
-18,51,-5
-16,54,-1
-16,65,8
-12,67,12
-12,74,15
-3,83,37
-27,89,27
-59,69,-6
-49,59,-5
-37,50,-3
-30,54,-1
-16,65,3
-11,65,4
-11,67,7
-17,69,6
-17,50,3
-10,49,6
-19,51,2
-15,49,4
-15,49,5
-16,50,5
-17,58,6
-17,61,6
-14,71,7
-14,72,7
-20,76,9
-20,83,12
-19,73,30
-36,66,18
-39,58,5
-28,67,3
-19,69,9
-8,73,19
-11,67,16
-18,50,5
-21,40,3
-14,36,8
-9,38,11
-8,44,11
-12,48,9
-15,60,10
-15,65,13
-11,70,21
-14,71,17
-49,79,-5
-51,84,-6
-37,73,3
-21,66,8
-28,51,-2
-34,52,-8
-13,67,-2
-3,68,0
-2,64,1
-5,58,2
-8,51,3
-11,51,2
-16,53,1
-12,53,7
-14,55,8
-18,60,12
-19,61,13
-18,67,12
-17,70,12
-21,80,12
-23,87,10
-24,82,3
-30,68,5
-33,56,5
-27,58,-1
6,78,5
33,81,19
21,71,23
1,62,14
-23,53,-2
-24,46,-6
-21,40,-6
-21,41,-5
-13,41,1
-10,48,9
-5,53,18
3,81,41
-38,74,10
-56,73,3
-57,86,-1
-48,65,-12
-25,66,-8
-18,63,-4
-18,58,-1
-12,56,10
-18,60,7
-22,65,0
-19,66,0
-14,53,2
-13,49,4
-17,46,6
-19,46,4
-20,47,4
-19,50,5
-19,60,8
-19,64,9
-15,72,12
-11,73,15
-21,77,13
-25,85,14
-34,80,5
-33,58,4
-30,57,5
-22,71,4
-12,74,7
-6,76,11
-3,72,14
-6,55,12
-11,48,7
-18,43,1
-18,42,1
-13,43,3
-12,42,5
-14,45,6
-13,46,9
1,74,59
-34,85,33
-53,59,-10
-40,73,-5
-39,66,-12
-33,69,-2
-16,61,6
-23,56,-1
-26,63,-4
-24,66,0
-21,68,1
-12,59,6
-11,54,8
-16,50,9
-21,50,7
-22,51,5
-20,51,6
-17,54,8
-18,58,8
-19,65,5
-19,69,3
-18,75,-1
-20,75,0
-25,76,2
-25,81,1
-25,64,5
-29,52,5
-36,59,6
-29,63,7
5,81,24
23,90,38
-5,65,20
-16,58,5
-25,45,5
-19,34,-9
-23,39,-15
-21,46,3
-20,46,-1
-11,51,1
-4,59,13
3,70,32
-3,76,25
-31,74,5
-46,82,-1
-50,81,2
-49,59,-9
-35,49,-15
-29,55,-12
-15,67,2
-14,72,5
-5,62,7
-7,57,8
-17,48,3
-20,46,1
-22,46,-1
-18,46,1
-15,47,6
-16,53,8
-18,64,8
-16,74,11
-15,78,13
-19,78,21
-28,85,18
-39,76,3
-42,65,3
-39,53,2
-35,59,2
-12,76,7
-4,79,12
-2,72,19
-3,64,19
-9,51,8
-10,42,4
-13,38,0
-12,40,0
-10,44,4
-14,48,8
-17,56,12
-17,65,11
-10,93,89
-70,76,43
-53,77,-1
-37,54,-15
-35,56,-12
-21,52,-6
-12,54,0
-6,58,9
-11,64,10
-37,54,-15
-35,56,-12
-21,52,-6
-12,54,0
-6,58,9
-11,64,10
-22,67,4
-21,60,0
-21,50,-1
-21,48,0
-20,47,3
-21,49,5
-20,50,7
-20,49,9
-23,56,11
-23,61,11
-24,76,6
-29,83,9
-28,82,13
-22,83,13
-24,76,13
-22,66,13
-16,56,18
-16,63,17
-10,74,11
-3,74,10
1,72,16
-4,58,16
-3,47,14
-5,41,10
-13,40,6
-18,40,4
-13,45,9
-19,56,6
-19,62,6
-15,72,9
-19,75,8
-19,87,12
-12,85,21
-22,77,25
-34,59,14
-30,68,0
-34,65,-3
-21,60,2
-11,61,7
-13,62,8
-17,57,5
-12,49,6
-17,45,3
-18,46,4
-16,46,5
-17,47,5
-18,56,6
-19,62,6
-18,73,6
-18,74,7
-19,75,10
-21,78,13
-19,75,32
-31,76,23
-34,58,12
-30,61,9
-16,65,12
-10,67,13
-9,68,17
-14,63,18
-21,46,8
-20,38,4
-15,35,5
-9,36,9
3,49,25
0,52,12
-25,61,-8
-38,62,-9
-38,73,-2
-33,78,4
-31,83,8
-41,73,6
-40,64,0
-33,61,2
-33,66,3
-29,70,3
-27,70,2
-18,63,5
-16,56,5
-17,48,4
-16,47,4
-2,50,14
-4,48,13
-8,46,9
-8,47,7
-17,54,4
-20,59,3
-23,72,4
-22,76,5
-25,81,8
-27,83,13
-24,80,15
-34,56,10
-31,52,11
-25,62,6
-20,67,3
-14,78,13
-13,74,18
-17,53,14
-21,43,10
-21,38,8
-18,38,8
-17,38,6
-14,40,5
-17,52,5
-18,61,7
-19,79,16
-16,80,19
-42,90,7
-58,90,-2
-46,54,-5
-38,52,-5
-29,58,-6
-28,63,-5
-13,67,7
-11,68,7
-6,59,9
-11,48,7
-16,46,6
-21,44,5
-21,45,6
-19,46,4
-19,49,3
-19,56,5
-19,59,5
-15,67,5
-13,67,7
-17,77,19
-9,84,33
-37,85,0
-39,69,-1
-48,62,-5
-40,66,-3
-17,69,11
-10,76,18
-12,65,18
-13,60,15
-20,47,5
-22,41,2
-15,38,3
-12,38,4
-10,38,7
-10,50,9
-11,62,14
-17,75,17
-29,78,7
-53,92,-8
-49,93,0
-38,74,6
-32,63,4
-34,52,-3
-31,60,-3
-24,67,0
-19,67,3
-10,65,6
-6,57,7
-3,48,10
-11,42,7
-20,43,1
-18,45,2
-17,47,4
-17,51,5
-17,61,5
-18,67,5
-17,75,6
-17,75,7
-18,78,26
-42,82,8
-43,65,4
-39,57,2
-32,63,3
-8,76,14
0,80,18
-7,68,19
-12,56,16
-20,38,3
-26,35,-3
-19,36,0
-12,36,4
-10,45,8
-11,48,9
-14,61,21
-14,72,30
-33,80,11
-46,69,-3
-63,76,-13
-38,68,-7
-33,62,-7
-31,57,-8
-23,63,-2
-20,68,3
-19,67,4
-13,62,5
-12,55,4
-13,46,4
-15,44,5
-18,43,5
-17,43,5
-18,48,5
-18,53,6
-17,62,7
-18,70,7
-18,77,8
-21,76,10
-23,84,18
-28,84,13
-29,57,8
-31,48,9
-30,68,7
-17,75,11
-8,84,17
-7,73,18
-9,53,15
-18,43,-1
-23,34,-3
-19,32,0
-13,34,3
-11,41,9
-10,47,13
-12,76,26
-23,82,17
-37,81,10
-47,90,6
-55,79,-6
-37,71,-3
-25,50,-3
-25,51,-1
-22,64,5
-19,68,7
-17,71,7
-13,65,6
-13,50,5
-16,45,4
-20,45,3
-17,47,4
-16,47,5
-15,47,5
-19,58,5
-20,61,6
-19,68,7
-19,71,10
-21,75,12
-16,69,26
-35,79,9
-33,56,0
-35,60,4
-30,69,6
-22,77,9
-11,82,18
-16,70,14
-23,48,7
-25,41,3
-22,38,3
-21,37,3
-15,38,4
-13,42,6
-15,52,8
-17,58,9
-20,67,10
-20,71,12
-27,78,16
-39,87,12
-39,69,11
-34,67,3
-36,61,-2
-26,65,4
-23,68,7
-15,67,14
-17,68,13
-20,56,5
-19,51,4
-22,48,2
-20,49,3
-18,51,4
-16,51,4
-17,56,4
-17,59,5
-17,61,3
-18,64,2
-20,71,1
-21,70,2
-28,77,3
-26,66,3
-19,52,6
-24,43,10
-28,64,19
-24,70,28
-14,85,45
-73,55,-16
-61,53,-13
-18,44,-1
-14,47,0
-11,51,5
-10,49,7
-17,51,8
-22,50,4
-22,54,6
-21,57,7
-24,64,7
-27,70,6
-28,94,4
-24,92,5
-23,64,6
-24,53,5
-26,60,3
-28,61,3
-29,66,4
-24,65,4
-17,58,6
-15,59,9
-19,61,9
-20,62,8
-14,55,7
-9,53,5
-10,57,5
-12,68,4
-11,70,2
-19,82,6
-23,86,8
-12,74,-3
-17,60,-4
-35,54,-3
-34,60,-2
-26,64,-1
-18,66,1
-10,66,9
-12,63,12
-19,58,11
-21,54,9
-1,53,30
36,62,104
-42,44,21
-35,31,9
-39,58,7
-21,55,17
-20,69,5
-38,72,-13
-43,73,-12
-29,79,2
-21,75,4
-20,64,14
-12,57,18
12,66,12
5,74,13
-15,70,-1
-11,62,-6
-11,54,1
-13,50,4
-13,45,5
-16,44,4
-19,49,3
-20,50,3
-23,55,6
-25,57,6
-10,70,6
-13,84,12
-20,83,13
-18,82,11
-23,81,9
-25,73,10
-20,66,14
-3,79,12
1,78,8
9,74,13
9,69,16
-1,51,10
-6,44,8
-16,38,3
-14,36,3
-14,42,4
-33,50,2
-48,62,-10
-22,64,3
32,72,65
39,75,73
-13,75,20
-37,75,1
-24,69,13
-8,61,13
-33,55,-11
-18,58,-10
-9,63,0
-12,69,8
-19,64,17
-14,55,10
-20,51,5
-20,51,4
-20,53,4
-19,51,6
-16,51,7
-16,59,10
-18,64,13
-35,70,-5
-18,74,6
-9,76,26
-14,82,24
-26,81,14
-30,72,10
-22,65,15
-17,68,16
-7,72,6
-7,70,4
-6,69,10
-1,64,13
-17,47,3
-12,42,1
0,33,6
-3,37,10
-8,44,10
-7,50,11
3,63,24
-14,79,13
-33,78,0
-34,78,2
-30,87,8
-33,86,20
-39,72,13
-25,47,-3
-22,58,-5
-16,69,-10
-4,67,-7
6,67,4
1,61,6
-6,51,7
-11,48,7
-15,47,8
-14,46,8
-10,47,10
-10,51,11
-13,60,13
-15,67,11
-20,80,8
-24,74,8
-29,82,3
-34,90,2
-27,76,2
-22,63,9
-19,64,10
-2,76,12
22,81,23
8,64,18
-4,56,14
-20,45,4
-26,39,-2
-24,36,-5
-19,40,-3
-13,47,3
-12,53,6
-8,62,14
-6,70,20
-16,75,14
-14,73,16
-55,91,15
-60,81,7
-43,68,-5
-32,60,-9
-12,68,-1
-6,70,9
-6,67,17
-8,54,11
-21,46,3
-24,39,-4
-24,39,-4
-19,43,-1
-17,45,1
-13,46,6
-14,46,8
-19,63,10
-19,73,8
-15,83,4
-18,78,5
-26,86,9
-24,84,10
-27,73,10
-33,59,10
-29,64,17
-9,75,20
11,78,28
-1,71,21
-13,64,22
-12,51,11
-20,40,-1
-21,40,3
-22,38,1
-14,40,8
-16,43,10
-23,51,8
-25,56,7
-29,67,4
-27,72,5
-28,88,13
-21,86,24
-48,92,26
-49,67,15
-29,46,-9
-25,56,-5
-12,69,-2
-8,66,1
-17,56,-3
-17,50,-2
-18,43,2
-20,43,2
-20,46,1
-20,48,0
-19,51,6
-19,55,8
-18,65,9
-17,73,10
-18,81,12
-27,81,21
-33,79,13
-34,63,2
-32,54,1
-30,68,8
-26,78,9
-12,79,13
-12,74,14
-11,59,14
-9,52,14
-15,38,9
-17,35,7
-12,35,7
-12,38,8
-15,55,8
-13,57,6
-5,66,13
-10,71,10
-14,74,13
-22,75,6
-40,85,5
-59,83,-4
-36,57,-1
-27,65,0
-28,72,-1
-23,71,-5
-12,67,-4
1,52,10
-2,50,18
1,45,5
-4,46,5
-10,46,-1
-9,47,-2
-7,55,-1
-11,61,2
-21,70,1
-23,75,-1
-28,78,3
-28,82,6
-26,82,8
-27,74,10
-24,56,21
-16,63,20
1,82,18
4,80,17
5,76,15
-4,70,12
-16,47,8
-20,44,5
-25,41,1
-21,41,0
-22,43,0
-14,46,-10
-8,49,-9
17,69,24
10,83,31
-6,93,30
-20,90,13
-30,73,8
-27,61,13
-20,59,10
-15,67,4
-11,70,1
-11,75,4
-4,62,3
-6,56,3
-6,47,6
-2,42,2
-10,39,4
-11,43,6
-11,53,10
-13,60,10
-18,69,8
-10,78,10
-16,79,9
-24,85,10
-27,88,10
-25,79,17
-21,66,17
-4,71,9
0,80,8
8,74,0
11,70,2
13,64,12
8,52,12
-16,47,5
-17,43,4
-11,42,5
-11,43,5
-16,44,-1
-18,48,-3
-7,62,16
3,69,29
-20,82,13
-26,83,4
-33,86,4
-28,71,15
-37,60,11
-26,63,-5
-18,63,-15
5,66,-4
16,67,2
2,60,0
-6,54,0
-15,51,8
-18,50,11
-20,49,9
-20,50,6
-23,56,5
-27,60,7
-15,61,6
-18,69,6
-23,73,8
-24,78,7
-17,90,10
-14,80,16
-22,61,7
-12,63,6
17,82,10
17,85,10
8,73,11
7,64,15
-6,49,8
-4,39,10
-8,40,7
-26,41,-4
-32,51,-2
-13,50,-2
-15,55,16
-12,64,30
-22,65,23
-28,79,30
-30,92,25
-62,70,-16
-44,60,1
-26,53,3
-15,64,0
-14,56,-5
-8,60,-4
-11,64,-4
-14,55,-1
-8,47,7
-13,45,4
-20,45,6
-18,47,8
-20,50,10
-21,51,10
-20,62,6
-19,75,4
-17,79,6
-25,79,5
-27,87,4
-29,82,0
-27,66,2
-23,68,6
-8,81,9
6,78,15
13,81,16
7,62,22
-8,51,16
-16,39,3
-18,35,0
-13,37,1
-12,39,3
-12,47,5
-13,54,6
-15,68,5
-17,71,4
-20,75,7
-20,80,11
-18,100,25
-29,66,12
-24,50,6
-19,75,-2
-28,66,-11
-9,65,-4
1,64,2
-6,59,4
-10,52,2
-11,44,1
-11,43,2
-11,46,2
-6,49,7
-9,50,8
-14,54,8
-22,65,5
-25,70,2
-26,78,1
-31,78,3
-31,87,3
-30,85,3
-27,65,8
-27,58,11
-22,65,13
-5,76,14
20,84,21
5,78,19
-5,58,17
-12,47,7
-18,40,2
-19,37,-1
-20,39,1
-16,41,6
-14,46,7
-15,54,6
-11,60,9
-18,71,7
-16,74,12
-26,75,15
-34,80,15
-52,86,14
-59,76,-3
-36,49,-5
-27,70,0
-14,78,4
0,74,12
-7,65,17
-1,51,15
-12,52,5
-12,45,3
-21,45,-3
-19,50,3
-17,50,5
-15,54,5
-13,55,5
-16,62,7
-19,66,8
-22,73,22
-23,80,38
-50,95,22
-47,79,6
-29,69,1
-19,65,7
-6,74,18
-2,72,20
-6,59,16
-12,51,8
-17,36,-5
-16,30,-9
-17,30,-6
-24,38,-6
-35,49,-13
-16,45,6
-15,48,19
-113,85,31
-93,68,6
-35,61,5
-37,57,-14
-28,67,-5
-21,64,5
-20,56,2
-18,63,2
-35,65,-3
-17,65,1
5,67,14
3,63,10
-8,56,3
-18,52,1
-19,46,2
-14,45,4
-8,51,4
-8,57,3
-17,71,-1
-20,73,-3
-25,72,-3
-22,74,2
-22,81,7
-23,84,7
-26,84,4
-26,75,3
-41,52,2
-29,58,12
-32,64,15
36,95,52
2,71,32
-17,50,7
-13,42,11
-21,45,5
-31,40,-4
-24,41,-3
-23,43,-1
-25,46,2
-27,53,4
-44,66,-3
-41,81,1
-3,109,24
-10,97,26
-33,45,18
-25,42,21
-6,76,6
12,71,4
7,59,-4
3,60,-6
-1,63,-4
-9,58,-1
-8,57,2
-13,55,8
-17,53,9
-15,53,10
-15,56,12
-21,63,12
-26,65,11
-34,69,6
-28,73,8
-12,80,17
-8,92,18
-3,81,8
-12,64,0
-42,63,-10
-44,69,-2
-12,71,7
28,73,23
24,62,26
0,58,15
-20,47,3
-19,42,-1
-14,42,-7
-12,43,-1
-18,49,-2
-39,54,-13
-4,59,13
9,82,45
-7,77,33
-31,83,11
-32,82,7
-37,66,10
-33,60,10
-18,62,6
-20,69,5
-17,62,2
-8,63,2
-3,63,-4
-12,57,-2
1,46,5
0,46,7
-11,50,4
-13,50,3
-15,56,5
-16,59,6
-10,68,6
-9,71,8
-12,78,6
-21,82,4
-19,87,5
-15,76,-4
-27,58,-1
-40,55,17
-11,74,25
16,86,23
7,83,15
0,64,14
-3,55,9
-18,43,-1
-21,40,-2
-18,40,-3
-17,42,-2
-17,48,0
-16,53,1
-19,61,1
-24,64,-2
-23,73,-1
-18,82,8
-30,109,24
-43,79,14
-34,53,-4
-28,58,-7
-16,62,-7
-10,65,-5
-9,67,0
-18,51,-3
-20,46,-3
-13,43,4
-14,44,6
-12,48,8
-10,51,9
-10,56,10
-12,59,11
-14,67,10
-15,71,10
-18,79,8
-21,80,6
-32,83,1
-32,77,2
-34,56,6
-35,57,7
-21,71,10
-8,77,15
8,78,24
3,69,22
-14,48,12
-18,42,6
-21,38,0
-15,36,2
-14,39,6
-12,48,8
-22,55,8
-29,71,15
-28,72,19
-26,71,20
-31,78,13
-35,81,0
-26,75,1
-15,63,-3
-11,65,-3
-21,69,-6
-14,67,-2
7,57,11
-1,56,9
-10,53,7
-15,53,5
-9,51,-1
-6,49,-1
-19,51,0
-26,53,-3
-30,60,-1
-28,75,-2
-21,76,0
-44,75,-10
-49,78,-14
-31,76,-3
-28,66,1
-21,63,8
-22,66,6
-23,70,-3
-17,77,-2
13,81,21
7,61,21
-12,50,10
-14,44,5
-18,42,4
-19,43,3
-18,46,5
-16,49,7
-16,59,10
-16,65,10
-17,73,12
-18,73,12
-23,82,9
-24,77,8
-11,66,20
-21,61,14
-35,68,1
-35,65,-2
-27,63,0
-11,53,10
-9,49,13
-11,46,2
-14,46,3
-12,51,13
-10,51,16
-15,55,15
-22,61,13
-18,76,14
-14,82,8
-22,74,6
-23,80,9
-23,77,8
-24,63,7
-28,56,8
-24,60,10
-18,70,10
-17,74,10
-16,62,13
-19,52,14
-23,47,13
-17,46,12
-11,44,15
-2,43,17
-1,46,24
-20,50,11
-20,53,10
-19,65,10
-20,73,10
-20,84,10
-19,87,15
-20,75,17
-22,65,19
-40,65,3
-43,69,-5
-33,67,-8
-24,69,-4
-8,64,10
-6,53,13
-14,40,8
-19,38,6
-23,41,2
-21,44,3
-17,50,5
-17,55,7
-20,68,12
-17,76,10
-13,72,9
-18,86,8
-22,88,8
-28,68,8
-30,58,7
-31,66,6
-27,73,6
-15,78,7
-3,77,16
4,64,30
-6,51,21
-21,34,4
-14,33,-1
-9,31,2
-14,27,5
-20,43,7
-20,54,9
-10,83,24
-9,88,18
-15,78,18
-29,88,18
-49,79,-2
-42,62,-8
-32,55,-6
-23,63,1
-21,62,6
-17,60,8
-16,62,5
-18,54,5
-21,50,6
-18,47,7
-19,46,9
-32,46,0
-34,47,2
-32,52,10
-26,55,11
-33,62,-1
-37,70,4
-24,70,13
-29,74,8
-37,78,7
-34,71,12
-42,64,12
-49,64,10
-40,69,15
-37,69,17
-48,63,17
-48,58,16
-47,50,25
-42,39,27
-41,34,29
-44,27,27
-38,23,29
-40,20,35
-38,18,39
-38,15,42
-41,15,43
-34,8,48
-36,3,50
-40,8,53
-24,0,59
-34,0,52
-27,-9,51
-19,-9,52
-24,-4,52
-15,-8,55
-15,-8,56
-15,-10,63
-17,-11,58
-9,-26,48
-2,-3,58
-9,-28,61
-11,-4,59
-1,-15,57
-6,-9,62
-7,-13,60
-4,-10,65
3,-14,66
7,-14,67
3,-17,67
0,-21,65
4,-23,66
0,-24,61
1,-12,60
12,-11,61
6,-10,57
7,-10,57
-1,-15,50
4,-13,59
4,-13,61
5,-12,64
5,-8,63
4,-10,61
6,-11,61
9,-13,61
10,-14,61
8,-2,64
10,-11,64
6,-6,66
12,-9,65
11,-10,61
11,-8,58
13,-10,59
23,-8,64
17,-10,60
17,-8,61
9,-6,57
10,-7,58
11,-12,60
17,-6,63
22,-5,58
23,-10,58
23,-8,59
23,-8,58
21,-8,57
13,-9,61
17,-8,64
14,-4,67
14,-5,60
18,-8,54
22,-10,60
11,-8,61
7,-6,65
7,-5,66
9,-5,64
13,-5,63
12,-8,63
6,-8,64
10,-8,56
16,-11,58
9,-10,64
10,-4,59
12,-5,53
14,-6,51
9,-1,38
7,0,33
-3,5,36
-4,4,39
-7,4,45
-7,1,54
-7,-2,72
-14,-4,77
-30,-4,87
-28,-3,90
-28,3,90
-24,6,84
-26,7,79
-26,7,67
-22,7,65
-14,3,55
-28,4,56
-28,3,55
-29,3,56
-22,-5,55
-24,-3,55
-22,2,53
-20,-4,52
-19,-6,51
-21,-3,52
-26,0,52
-25,0,53
-26,-2,59
-29,-5,64
-33,-9,71
-36,-9,72
-33,-8,71
-25,-10,68
-20,-4,59
-21,-4,56
-17,-5,55
-14,0,57
-18,4,56
-24,8,55
-28,9,55
-37,6,58
-42,4,61
-46,5,62
-49,6,61
-44,5,56
-38,7,51
-38,1,43
-41,-1,44
-37,-1,46
-34,0,47
-40,0,43
-43,2,43
-42,8,45
-43,9,44
-33,6,44
-34,0,42
-49,-2,43
-51,-3,47
-45,-10,52
-45,-8,52
-47,-1,50
-48,5,52
-47,7,53
-36,10,54
-35,7,50
-46,6,36
-51,5,36
-52,4,48
-59,7,51
-60,20,43
-51,25,42
-39,25,46
-42,25,44
-45,20,43
-42,17,46
-37,13,41
-34,10,37
-36,6,33
-37,4,33
-41,-1,37
-44,0,40
-53,6,47
-56,7,49
-57,8,51
-56,7,52
-55,2,52
-61,1,49
-65,3,47
-61,11,38
-52,15,32
-44,15,26
-44,13,26
-44,12,29
-42,12,30
-46,16,30
-46,16,32
-42,14,34
-39,10,32
-40,5,36
-42,2,38
-46,1,43
-51,3,45
-57,7,48
-59,10,49
-63,13,49
-66,12,50
-69,25,52
-73,37,45
-61,36,34
-53,33,33
-48,27,26
-43,28,24
-42,26,26
-37,23,26
-40,16,16
-68,8,6
-49,-7,15
-43,-18,22
-40,-12,29
-58,-12,26
-62,-11,27
-72,8,31
-76,8,35
-84,3,30
-86,-2,26
-76,11,18
-67,15,16
-57,9,13
-50,15,15
-49,11,7
-44,9,6
-12,18,-5
-37,18,-17
-86,-1,-30
-63,0,-20
-35,1,-6
-50,-6,-33
-54,-5,-41
-63,-8,-54
-68,-4,-55
-73,0,-50
-86,11,-57
-66,24,-74
-58,28,-73
-47,34,-55
-47,32,-46
-36,27,-41
-32,20,-36
-32,12,-28
-37,5,-30
-41,-5,-28
-38,-8,-22
-43,-7,-15
-45,-9,-14
-52,-10,-16
-59,-8,-20
-75,-6,-30
-73,-2,-26
-76,-1,-21
-82,-4,-31
-83,1,-35
-72,9,-29
-64,7,-23
-56,0,-23
-57,2,-22
-52,4,-19
-46,1,-21
-38,7,-6
-46,2,-1
-41,-7,3
-43,-8,1
-56,-14,-1
-65,-12,-2
-77,-6,-13
-74,-4,-14
-84,-4,-17
-85,-7,-18
-78,4,-17
-76,13,-16
-61,18,-11
-55,16,-13
-44,18,-5
-40,19,-1
-38,9,0
-34,7,1
-24,1,1
-21,2,2
-34,11,4
-68,35,16
-73,47,20
-87,54,16
-85,57,17
-63,63,35
-76,84,101
-67,63,47
-44,38,-6
13,27,-12
13,40,-10
-33,69,-16
-46,74,-13
-37,57,18
-42,43,23
-41,35,3
-32,31,-2
-43,40,-1
-43,41,11
-37,54,19
-43,53,14
-40,65,10
-42,79,13
-49,84,13
-44,83,2
-47,70,-5
-48,74,-3
-33,75,2
-5,65,11
-7,56,13
-14,37,20
-23,36,17
-50,27,-2
-37,24,-4
-17,25,4
-22,28,10
-21,37,10
-26,43,10
-54,98,50
-98,108,71
-46,87,20
-50,79,-10
-36,51,-10
-18,42,-13
-11,59,-8
-14,64,-1
-23,56,18
-27,44,25
-31,42,14
-37,31,-2
-39,30,-2
-39,33,1
-33,40,9
-31,55,17
-40,64,12
-45,70,5
-46,69,7
-41,78,30
-43,75,21
-45,59,-1
-42,59,0
-26,87,13
-8,94,23
4,72,36
-6,53,31
-29,31,14
-36,25,6
-21,19,6
-20,22,6
-26,30,6
-32,35,3
-43,46,-1
-34,78,37
-65,96,80
-67,61,17
-57,49,-6
-45,64,-18
-41,54,-14
-12,68,-8
-12,75,-4
8,69,41
-12,54,31
-30,40,0
-34,37,-7
-29,26,-5
-21,26,2
-25,32,3
-30,36,4
-42,57,4
-51,68,-6
-55,86,-10
-54,85,-6
-45,92,0
-50,78,5
-43,61,12
-28,79,14
-12,87,12
-6,69,15
-10,58,14
-18,17,6
-30,25,3
-17,15,3
-14,22,5
-22,41,5
-32,57,2
-32,81,2
-21,91,9
-21,103,43
-52,89,30
-62,73,-8
-48,66,-4
-9,53,-3
-7,63,-8
-21,58,-12
-24,56,-8
-21,42,4
-14,36,24
-16,29,20
-29,28,6
-36,33,4
-39,48,4
-40,57,9
-41,69,12
-43,74,9
-44,75,15
-47,84,18
-50,79,7
-49,69,5
-39,72,5
-32,73,5
-19,71,12
-17,62,16
-17,43,37
-36,37,31
-35,20,24
-24,14,30
-38,21,2
-45,22,-3
-50,35,6
-54,41,7
-57,53,11
-55,55,16
-48,45,19
-48,42,19
-51,45,15
-60,47,8
-55,47,10
-60,54,7
-62,49,5
-45,32,14
-39,26,13
-29,21,13
-22,15,12
-29,4,8
-41,5,4
-74,32,3
-79,53,6
-64,77,12
-61,70,15
-64,73,19
-63,70,16
-58,46,9
-56,47,10
-49,54,15
-45,53,17
-39,35,13
-38,31,15
-65,24,10
-71,15,7
-21,3,21
-51,19,3
-55,24,3
-77,27,-1
-78,28,0
-69,21,-1
-70,16,-4
-79,17,-11
-75,22,-14
-62,16,-10
-55,16,-7
-50,12,-7
-50,9,-6
-44,8,0
-45,7,0
-49,3,1
-46,5,3
-47,1,1
-55,0,-1
-69,2,-2
-67,3,-1
-69,12,-5
-76,20,-9
-96,4,-16
-111,15,-22
-73,26,-15
-54,11,-12
-58,14,-13
-60,22,-12
-36,20,5
-56,13,12
-56,8,12
-39,3,10
-43,2,10
-43,5,16
-57,3,7
-64,7,13
-72,12,15
-83,14,10
-87,10,5
-92,16,0
-88,23,-3
-68,12,-10
-60,10,-10
-52,14,-5
-47,14,-2
-30,15,1
-56,16,-15
-72,9,-21
-35,3,-10
-45,1,-15
-52,-1,-15
-61,-1,-21
-78,3,-32
-78,4,-31
-84,5,-32
-96,3,-35
-83,15,-12
-59,27,-8
-55,10,-29
-51,11,-28
-41,13,-16
-40,13,-10
-45,13,-7
-45,7,-9
-26,4,-3
-22,9,-6
-58,2,-32
-50,4,-30
-75,1,-36
-79,-1,-35
-75,-4,-24
-89,1,-31
-99,4,-43
-105,12,-56
-60,23,-40
-32,17,-9
-34,17,-8
-49,17,-18
-56,14,-24
-53,9,-20
-47,7,-13
-34,6,-1
-35,7,1
-29,-5,10
-31,-6,9
-57,12,13
-72,22,14
-46,42,15
-43,44,14
-78,59,22
-81,73,5
-82,61,-17
-66,57,-17
-51,47,-10
-48,46,0
-43,39,17
-40,32,23
-44,28,16
-45,25,8
-34,21,3
-31,37,3
-27,46,9
-28,77,13
-18,80,15
-42,82,8
-47,77,2
-44,87,-2
-46,70,-11
-34,62,-11
-28,80,-7
-27,71,-4
-28,63,-5
-22,36,3
-19,30,4
-21,30,5
-18,33,7
-16,40,9
-19,48,9
-21,69,10
-20,75,10
-15,84,8
-18,85,5
-30,94,2
-18,66,6
-21,52,4
-35,73,10
-37,79,9
-18,76,12
-21,61,11
-22,30,9
-19,22,9
-23,19,9
-13,32,5
-13,47,7
-18,52,8
-19,76,7
-16,81,11
-9,81,16
-16,88,12
-34,101,4
-28,80,12
-31,50,5
-28,76,3
-27,64,-1
-27,62,-1
-11,50,5
-15,45,11
-21,40,13
-17,23,7
-13,26,4
-12,46,3
-14,58,7
-18,82,11
-17,86,10
-14,91,-2
-22,112,1
-21,84,11
-25,58,14
-38,67,14
-32,67,11
-14,59,3
-12,53,5
-12,42,13
-18,35,9
-17,24,5
-8,26,9
-5,34,8
-15,65,11
-10,83,21
-5,99,30
-11,83,15
-5,76,14
-34,86,11
-46,80,-5
-39,59,-14
-26,74,-7
-27,77,-5
-21,64,6
-13,54,8
-7,36,7
-11,31,4
-11,28,9
-10,30,11
-12,38,12
-14,47,10
-21,73,8
-19,85,7
-17,79,6
-19,74,6
-32,89,8
-30,84,8
-29,77,11
-28,79,13
-21,76,12
-19,71,8
-10,55,13
-5,30,13
-8,22,9
-15,23,7
-18,27,7
-11,42,12
-17,57,14
-17,91,13
-17,100,14
-17,100,18
-13,109,25
-32,71,5
-26,45,4
-23,67,-2
-20,83,0
-12,72,-1
-12,67,0
-12,39,7
-14,31,6
-17,28,4
-16,28,4
-13,35,4
-12,41,6
-18,56,10
-23,79,10
-24,88,10
-29,94,12
-24,98,11
-21,79,8
-28,63,10
-40,71,6
-32,74,4
-19,69,4
-13,62,10
-6,44,18
-10,34,15
-12,23,11
-7,24,11
-6,34,9
-10,42,8
-13,67,10
-18,78,10
-23,96,11
-22,95,13
-24,98,18
-29,87,14
-27,55,7
-34,64,4
-30,77,-1
-27,66,-3
-11,54,10
-5,37,14
-11,31,10
-16,23,5
-18,27,5
-19,37,6
-19,43,8
-24,65,10
-25,79,10
-23,83,6
-25,76,6
-32,99,7
-31,90,5
-38,64,4
-43,76,7
-22,81,9
-17,72,9
-1,55,22
8,33,30
-8,25,16
-16,22,10
-8,31,9
-9,35,5
-12,52,6
-18,65,6
-14,83,4
-16,85,8
-21,77,8
-30,85,10
-33,86,17
-38,64,3
-33,65,4
-35,80,2
-32,67,-3
-3,56,8
1,48,11
1,34,15
-4,28,12
-17,31,5
-22,34,2
-22,42,4
-20,55,6
-17,84,7
-15,91,6
-23,81,9
-32,91,10
-28,87,6
-25,64,9
-19,75,11
-9,70,8
-11,67,9
-8,63,17
1,50,25
-17,30,7
-24,22,3
-11,24,7
-14,32,4
-19,47,2
-21,60,1
-14,86,4
-16,93,1
-12,84,2
-20,93,1
-38,85,10
-44,67,6
-28,72,-3
-25,76,-8
-24,68,-10
-14,65,-2
-6,44,7
-7,38,9
-8,32,7
-9,29,7
-12,33,7
-15,42,5
-18,59,6
-14,99,4
-10,97,3
-15,86,-2
-20,111,-2
-21,78,4
-24,41,5
-33,61,10
-27,79,11
6,81,18
15,76,26
-2,48,24
-18,34,13
-16,19,4
-16,21,1
-14,36,2
-11,41,3
-11,61,1
-11,75,0
-19,82,0
-19,85,4
-18,92,30
-29,110,41
-47,67,0
-30,65,-5
-30,70,-7
-26,66,6
-17,63,19
-2,42,4
-10,36,3
-22,30,-1
-21,32,-2
-14,39,2
-10,48,2
-12,70,6
-13,79,4
-13,83,3
-10,78,5
-9,90,12
3,91,28
-33,67,10
-58,69,-2
-35,82,7
-16,79,13
14,68,34
21,54,36
-7,27,7
-15,27,3
-5,26,6
-9,36,3
-14,44,0
-20,59,0
-23,70,1
-26,86,4
-26,85,7
-26,96,10
-28,94,10
-27,72,7
-21,68,6
-18,78,4
-21,76,2
-7,59,6
9,48,14
22,45,17
15,45,21
3,33,30
-8,36,13
-18,51,-9
-19,56,-12
-24,73,-10
-23,81,-7
-17,81,1
-24,89,1
-27,88,0
-27,51,5
-32,52,11
2,100,29
51,118,35
8,73,24
0,55,29
11,31,17
12,29,13
-8,27,5
-13,28,1
-18,41,-5
-18,50,-5
-16,74,2
-16,82,4
-21,84,1
-22,79,-1
-33,82,0
-36,70,3
-29,58,7
-29,69,13
-15,102,26
1,75,20
9,57,13
15,52,20
-4,45,21
-9,30,17
-6,27,13
-21,33,1
-29,43,-4
-24,70,-4
-23,86,-3
-16,81,-4
-15,88,-3
-13,102,6
-16,72,11
-24,70,-4
-23,86,-3
-16,81,-4
-15,88,-3
-13,102,6
-16,72,11
-26,62,9
-19,79,10
-6,77,9
-5,68,11
-5,55,19
-8,44,16
-10,32,14
-7,33,20
10,29,16
12,32,18
0,52,20
-9,69,15
-18,85,9
-22,92,3
-19,103,8
-25,103,13
-29,78,5
-19,58,7
-19,78,7
-22,67,2
-16,57,1
10,51,17
4,47,19
-11,37,15
-15,32,10
-18,32,5
-20,33,3
-20,52,2
-20,67,0
-15,88,-3
-11,82,-5
-12,88,-8
-21,103,-11
-29,66,-5
-27,53,5
-21,79,34
-3,90,34
-6,79,32
-29,49,10
-26,35,6
8,19,16
4,18,17
-12,36,13
-14,44,11
-19,63,8
-20,78,5
-21,84,0
-23,82,-2
-29,86,-1
-33,90,2
-27,69,6
-25,61,8
-24,69,12
-22,69,12
-11,75,17
8,60,19
15,48,14
15,45,14
10,37,24
-6,32,15
-22,42,0
-36,55,-5
-39,68,-6
-32,95,14
-16,87,14
-20,81,15
-25,96,8
-26,61,4
-30,57,8
-20,85,7
-15,87,6
-13,74,9
-10,62,16
12,45,46
6,24,39
-1,15,17
2,23,14
-11,41,7
-13,52,4
-14,73,2
-13,77,3
-18,81,9
-21,79,11
-28,89,12
-31,86,10
-27,66,7
-29,70,5
-30,77,6
-28,70,7
-25,61,9
-17,41,12
-17,35,13
-19,32,10
-17,31,9
-16,37,8
-19,45,8
-20,65,9
-20,76,9
-17,83,9
-19,76,7
-29,95,10
-29,95,10
-29,61,9
-32,67,10
-24,75,9
-21,70,6
-20,62,7
-14,55,11
-14,41,11
-14,33,9
-10,25,7
8,34,13
2,41,9
-16,67,10
-18,76,11
-20,78,15
-11,76,30
-28,105,17
-67,110,-8
-44,52,-3
-32,47,-2
-24,73,2
-20,71,4
-16,62,8
-15,58,8
-11,39,8
-17,35,6
-21,31,3
-17,31,4
-16,39,5
-17,44,7
-20,64,8
-21,75,9
-19,80,8
-25,85,10
-26,98,8
-23,74,10
-28,61,12
-32,76,12
-25,74,10
-22,73,9
-10,73,21
6,48,38
-12,41,31
-18,26,7
-11,24,7
-9,33,11
-12,39,8
-19,50,3
-21,58,3
-32,78,4
-33,90,7
-29,101,14
-30,94,14
-25,64,15
-21,59,13
-28,77,8
-26,76,9
-20,61,9
-14,53,13
-10,41,14
-11,33,11
-11,30,10
-17,40,8
-19,43,6
-19,57,7
-19,64,8
-17,84,5
-15,84,3
-22,83,5
-23,89,3
-25,65,7
-30,55,9
-29,74,11
-25,79,11
-17,80,11
-6,75,27
2,48,40
-8,36,27
-28,21,4
-21,22,4
-12,35,10
-8,41,12
-11,65,9
-21,79,4
-28,78,6
-32,78,7
-30,85,8
-28,73,11
-25,68,11
-29,74,10
-29,75,8
-24,78,6
-21,76,5
-8,54,14
-10,46,17
-4,41,17
-1,30,14
1,26,14
-6,29,10
-16,52,8
-18,67,5
-19,93,6
-22,91,9
-32,95,11
-32,95,8
-23,62,7
-24,52,10
-16,68,9
-15,75,6
-14,74,4
-13,60,11
-17,49,12
-16,30,11
-18,28,7
6,32,25
3,36,23
-3,60,32
-1,81,42
-42,86,-1
-45,76,-6
-27,95,10
-30,96,10
-21,72,10
-17,66,10
-23,71,8
-19,72,6
-19,58,5
-19,52,5
-18,39,4
-20,33,3
-22,28,2
-19,34,3
-16,44,4
-19,61,7
-17,70,6
-17,78,6
-17,75,5
-23,83,4
-25,94,4
-24,62,7
-29,56,7
-31,79,11
-24,80,10
-19,70,8
-14,66,15
-5,56,33
7,42,37
-32,31,21
-32,26,13
-13,36,17
-14,41,17
-15,56,10
-19,58,6
-25,76,4
-29,81,3
-33,87,3
-36,87,5
-28,68,5
-27,76,8
-28,77,8
-23,70,9
-21,64,8
-18,46,6
-17,39,7
-16,32,7
-15,31,7
-11,34,11
-14,41,11
-16,59,7
-16,70,6
-15,85,9
-16,79,11
-34,85,5
-32,90,2
-19,67,6
-23,61,9
-27,77,12
-24,78,10
-21,73,8
-13,59,24
-12,45,27
-13,28,7
-13,27,10
-2,24,14
3,28,14
-19,45,3
-23,56,1
-23,81,5
-23,87,4
-24,88,7
-30,92,10
-32,81,15
-29,70,13
-28,68,8
-19,81,12
-17,65,10
-12,58,9
-10,49,9
-10,42,6
-13,31,7
-17,29,7
-21,39,8
-19,44,8
-18,63,8
-21,74,5
-18,82,2
-16,75,2
-27,83,5
-29,82,4
-26,67,8
-29,71,12
-25,79,11
-26,69,7
-22,63,8
-6,52,19
-7,42,17
-11,31,4
-7,31,9
-3,36,15
-7,40,15
-15,58,13
-15,67,13
-21,74,11
-20,80,13
-20,87,5
-24,94,1
-26,79,7
-28,65,4
-28,82,6
-32,74,4
-16,62,2
-5,41,7
-5,34,7
-1,30,5
-4,33,5
-12,41,3
-14,46,3
-19,62,6
-21,70,5
-22,86,6
-23,89,2
-30,80,6
-28,95,6
-18,70,8
-23,52,10
-27,81,10
-19,91,8
-9,74,2
-7,66,5
-7,47,17
-4,40,18
-1,30,10
0,29,8
-5,37,7
-9,42,7
-18,60,1
-16,84,1
-14,86,4
-21,102,8
-22,120,14
-22,43,20
-26,36,10
-28,80,-9
-31,88,-13
-17,62,-6
-7,61,1
-12,48,5
-16,41,6
-19,34,4
-19,29,3
-13,32,5
-10,37,7
-10,59,5
-13,74,6
-19,90,2
-22,92,1
-35,90,-8
-22,96,8
-7,83,11
-18,51,12
-17,61,15
-20,74,10
-13,76,13
-3,69,20
-7,61,15
-17,47,-2
-20,40,-1
-5,35,2
1,36,0
-10,37,0
-16,39,-5
-26,54,-5
-30,63,5
-41,70,8
-50,69,-7
-49,75,-5
-56,76,-5
-62,57,-5
-42,61,-6
-26,66,-12
-29,65,-9
-16,58,-4
-13,50,-5
-14,35,-1
-15,33,3
-15,36,11
-16,45,12
-15,51,10
-17,72,7
-18,85,4
-17,86,3
-20,77,6
-25,95,7
-24,83,2
-29,54,4
-33,60,7
-20,75,7
-18,79,4
-2,66,14
-1,54,22
-21,34,17
-30,26,5
-26,27,-2
-22,32,-2
-18,45,7
-12,53,12
-17,71,5
-29,79,-2
-30,81,-2
-30,91,3
-32,85,5
-35,67,3
-35,61,2
-35,68,0
-31,70,-1
-24,67,0
-22,61,1
-17,51,3
-15,46,3
-11,42,7
-10,40,7
-9,42,5
-10,46,4
-15,63,2
-15,71,1
-15,69,-2
-15,66,-3
-22,79,-3
-28,82,-2
-37,58,0
-42,62,0
-41,74,7
-39,75,10
-18,87,48
-20,73,47
-29,49,20
-32,39,-3
-18,34,-8
-19,22,-33
-16,29,-26
-9,29,0
-10,35,21
-37,86,60
-45,66,21
-36,66,15
-41,65,0
-53,71,-25
-60,90,-33
-18,66,-17
0,81,-10
13,73,5
11,81,13
0,66,11
-23,51,-7
-23,50,-3
-19,49,-3
-9,48,-2
-13,41,-3
-31,38,-5
-38,48,-6
-43,51,-10
-47,65,-7
-48,73,0
-31,77,9
-26,74,11
-33,89,12
-39,81,8
-28,67,-3
-9,90,1
11,90,12
20,88,12
-4,68,11
2,55,6
-18,43,3
-25,34,7
-16,30,3
-19,30,-3
-22,31,-3
-20,33,0
-32,50,6
-48,66,16
-64,88,47
-53,73,29
-17,65,7
-37,80,3
-26,71,-12
-16,69,-7
-2,67,-7
-11,74,-3
-19,78,2
-8,66,20
-13,59,13
-27,52,0
-30,49,2
-28,38,0
-29,37,-1
-27,35,-1
-29,36,-2
-32,44,-13
-27,50,-16
-39,80,35
-43,85,33
-54,88,-4
-57,87,-4
-57,64,1
-49,61,1
-19,75,6
-12,83,10
1,70,18
7,45,22
-2,34,15
-7,21,8
-10,21,7
-12,30,5
-14,40,6
-21,62,9
-26,73,10
-26,78,13
-25,77,12
-17,81,18
-24,90,21
-31,83,3
-28,70,1
-33,52,-1
-27,71,5
-34,70,4
-30,69,4
-13,52,8
-10,43,12
-13,34,11
-17,30,7
-15,35,4
-17,41,2
-19,57,3
-18,77,8
-15,86,8
-11,84,9
-18,78,9
-27,87,8
-17,78,7
-31,60,3
-37,63,0
-25,80,7
-16,76,7
3,68,16
12,61,28
7,39,27
-9,32,15
-9,26,12
-11,28,12
-20,46,11
-13,60,13
-12,78,8
-14,81,8
-19,84,10
-20,82,11
-29,83,11
-24,66,10
-24,62,8
-26,73,6
-28,75,7
-28,69,5
-20,58,8
-8,42,14
-12,35,11
-10,30,11
-3,27,14
-17,37,8
-19,49,5
-13,70,6
-17,80,4
-18,89,5
-21,77,7
-27,92,3
-22,83,3
-25,63,8
-29,72,10
-22,77,9
-20,69,7
-17,60,10
-10,45,23
-10,36,24
-11,24,13
-9,26,10
-13,38,10
-17,46,10
-16,72,8
-12,81,10
-10,83,10
-5,83,10
-13,85,6
-25,88,5
-45,76,5
-40,57,7
-24,72,-1
-31,66,-6
-18,62,2
-14,54,4
-13,39,11
-14,32,13
-11,32,10
-15,34,6
-22,37,-1
-27,45,0
-30,70,0
-28,83,1
-29,82,5
-32,83,7
-33,85,7
-34,65,9
-34,68,6
-27,84,5
-20,90,11
-7,78,26
6,63,33
-2,31,14
-21,24,8
-23,13,5
-15,21,4
-13,35,2
-13,47,3
-19,73,6
-21,88,9
-12,84,19
-13,78,23
-26,88,15
-22,74,22
-22,68,12
-17,92,4
-29,70,-5
-21,65,2
-15,55,7
-14,36,13
-9,31,12
-6,24,13
-11,26,13
-19,41,7
-22,51,7
-24,83,9
-23,94,10
-21,89,12
-26,89,13
-25,83,10
-20,67,8
-32,61,8
-29,72,8
-22,80,7
-22,79,5
-12,65,12
-11,55,19
-6,38,24
9,32,26
16,21,22
9,33,19
-3,42,12
-19,62,5
-26,72,1
-31,84,1
-30,91,3
-25,100,16
-24,83,18
-21,60,14
-26,71,12
-25,84,7
-24,76,5
-19,59,9
-14,50,13
-19,34,15
-19,26,12
-12,21,10
-16,21,8
-22,39,8
-23,50,7
-22,87,6
-20,94,5
-20,80,4
-23,94,7
-25,91,8
-25,68,6
-35,72,9
-27,78,7
-23,71,4
-16,58,15
-3,49,28
7,39,41
0,28,25
1,24,12
5,31,15
-20,51,5
-21,55,4
-27,67,1
-29,74,1
-24,83,7
-25,93,13
-27,93,17
-29,72,14
-29,65,9
-26,73,8
-29,76,8
-25,67,7
-12,47,10
-7,39,14
-6,32,10
-11,28,9
-16,32,9
-17,51,8
-16,65,6
-15,84,5
-15,88,3
-15,76,6
-20,75,9
-24,88,5
-21,72,3
-22,67,12
-24,72,13
-37,75,2
-34,72,2
0,64,34
2,50,37
-15,22,19
-12,20,14
-10,22,10
-14,31,7
-20,45,3
-18,56,4
-19,86,9
-11,88,11
-10,84,7
-24,99,8
-28,90,10
-29,57,10
-23,72,18
-40,72,-1
-29,67,2
-13,50,3
-11,43,4
1,34,15
-5,28,11
-6,27,6
-4,36,12
-12,55,10
-13,68,11
-11,88,11
-12,88,8
-18,78,9
-23,84,12
-20,79,6
-14,62,5
-28,65,7
-40,75,8
-29,81,5
-25,76,4
-7,63,18
1,60,37
2,33,28
0,21,9
-3,30,11
-13,48,12
-13,52,11
-16,69,5
-18,78,5
-15,81,8
-9,76,9
-20,92,8
-26,84,3
-32,63,-7
-34,67,-6
-24,70,1
-23,72,-2
-14,55,1
4,47,17
-4,40,15
0,37,15
1,31,18
-6,34,15
-13,51,9
-19,63,2
-26,92,-7
-26,85,1
-32,80,5
-34,94,5
-27,85,6
-29,54,11
-28,59,12
-22,78,6
-18,80,4
-13,66,11
-12,56,12
7,34,20
13,24,25
-2,25,10
-1,32,11
-11,48,5
-15,57,6
-20,71,5
-19,73,7
-21,77,9
-11,79,11
-34,106,3
-36,97,2
-29,58,-5
-28,70,-2
-32,80,2
-18,62,6
-2,52,12
-6,41,8
-2,38,11
-5,31,9
-7,31,9
-28,40,5
-31,50,4
-21,71,0
-19,78,-1
-16,79,0
-15,74,0
-22,97,8
-18,98,6
-14,57,5
-15,67,11
10,91,12
21,94,12
20,80,18
17,61,23
-10,40,11
-17,34,4
-22,24,-2
-17,24,-1
-25,30,-10
-39,42,-10
-36,51,-5
-29,79,17
-40,85,8
-43,70,23
-46,75,23
-70,76,-13
-44,64,-16
0,68,-2
2,70,-11
24,80,-5
34,82,12
0,66,-8
-22,62,-15
-13,45,6
-12,41,10
-22,39,-1
-20,42,-2
-21,56,3
-24,61,-3
-32,73,-8
-33,75,-9
-32,70,-11
-33,76,-6
-26,96,-6
-27,64,8
-34,67,17
42,114,29
47,102,20
20,75,20
-3,61,10
-33,36,-8
-33,31,-8
-18,33,-6
-11,30,-10
-2,19,-4
-3,26,10
-21,47,18
-42,56,3
-67,73,-23
-63,71,-7
-72,82,-5
-70,87,-19
-34,76,-5
-6,62,9
25,73,13
15,81,2
10,79,3
-7,63,-13
-14,59,-14
-20,52,-11
-21,51,-15
-29,46,-17
-30,47,-14
-43,50,10
-45,56,11
-45,58,-1
-45,59,-10
-36,61,-15
-32,60,-14
-28,77,-13
-22,85,-15
-12,81,-1
0,71,20
30,80,36
59,89,40
10,88,3
-7,78,0
-29,49,-2
-35,43,2
-43,38,1
-33,36,-1
-23,32,-5
-11,30,-1
-3,34,12
-27,56,11
-45,64,3
-73,73,-6
-74,72,-3
-62,66,13
-83,82,7
-39,70,-1
-19,65,-1
-1,36,-4
5,57,1
21,80,14
12,82,6
-3,78,1
-11,62,3
-35,47,1
-42,42,2
-29,35,9
-23,38,9
-16,45,6
-19,53,5
-24,71,-2
-30,79,-12
-30,85,-13
-18,92,6
-20,82,3
-38,54,-6
-44,53,-3
-41,84,8
-16,96,8
16,77,17
6,63,17
2,56,16
5,48,21
-9,41,6
-12,42,-5
-14,36,-26
-17,38,-29
-13,45,-14
-9,55,12
9,68,31
-19,82,1
-92,78,-33
-105,94,-33
-55,67,-25
-39,64,-17
5,68,-1
7,66,-3
-8,66,-5
-4,63,2
-2,48,14
-24,39,6
-28,34,0
-26,41,0
-31,47,1
-26,55,3
-28,61,2
-30,74,-3
-28,81,-5
-14,75,-6
-12,82,-5
-14,85,-4
-13,74,-3
-14,62,4
-12,70,18
11,80,23
18,79,34
7,63,23
4,50,14
-33,43,1
-38,37,-5
-24,30,-6
-17,28,-8
-25,30,-15
-26,56,-2
-24,79,29
-55,96,14
-52,77,-2
-41,77,14
-49,82,14
-45,59,0
-17,56,-2
6,65,-9
5,64,-2
-7,68,6
-13,60,2
-21,42,2
-21,33,2
-10,36,16
-3,39,21
-13,55,8
-19,58,1
-25,75,-6
-25,85,-7
-25,81,-11
-32,77,-3
-27,80,4
-33,68,5
-28,66,8
-10,83,20
-1,90,19
2,77,28
-7,64,27
-15,46,4
-17,42,1
-15,32,6
-14,31,-5
-9,35,-11
-7,40,-7
-10,62,6
-11,76,16
-31,97,10
-27,87,9
-30,106,24
-67,95,-4
-42,45,-4
-25,59,-4
-3,67,-17
-6,64,-15
3,58,3
9,51,18
-18,38,6
-20,36,3
-24,36,-2
-20,47,1
-13,54,5
-31,65,-3
-51,67,-13
6,84,11
8,87,33
-29,78,11
-17,90,16
-15,68,7
-26,66,2
-25,85,3
-14,87,8
-14,81,20
-3,75,26
4,45,22
-16,40,10
-8,33,5
-12,33,3
-6,36,-11
-20,38,-29
-18,53,-18
26,62,31
20,88,45
-61,80,-5
-40,81,-4
-30,89,14
-45,77,3
-23,68,-19
-11,68,-11
-21,66,-4
-6,63,13
8,56,17
-1,46,7
-17,41,6
-17,40,-5
-15,42,0
-9,44,7
-9,58,11
-26,67,4
-31,80,-7
-30,82,-10
-40,76,2
-34,81,4
-32,69,20
-26,60,30
-14,85,16
-9,91,11
4,87,14
2,70,6
2,55,6
-9,35,2
-9,31,-1
-12,30,-2
-5,32,3
-9,47,15
-17,55,22
-20,67,24
-21,75,22
-30,81,11
-32,84,7
-30,76,5
-23,67,3
-17,68,-6
-18,74,0
-15,74,4
3,76,15
-10,55,18
-38,34,8
-27,28,10
-18,32,10
-13,45,4
-10,47,1
-17,58,1
-25,74,4
-21,80,9
-25,82,18
-25,77,18
-28,87,5
-29,82,-1
-27,60,6
-33,64,3
-22,84,-3
1,92,6
21,79,24
30,69,32
9,39,20
-8,36,7
-33,34,-7
-27,31,-4
-22,31,-9
-16,37,-12
-3,56,3
16,74,42
-21,93,25
-29,74,11
-39,79,13
-49,85,6
-52,62,-7
-12,65,-9
0,67,-8
-4,71,-1
-2,66,3
-9,45,6
-15,36,3
-21,32,3
-21,34,4
-13,46,8
-12,52,9
-14,70,8
-17,78,6
-21,87,7
-26,81,4
-37,86,-5
-40,94,-10
-34,62,-8
-34,64,0
-13,81,11
16,92,19
28,78,28
29,65,27
-9,42,7
-37,30,-6
-36,27,-8
-19,27,-8
-20,27,-8
-21,43,-5
-7,67,13
-19,97,9
-35,91,-7
-45,78,-12
-55,85,-2
-70,80,14
-40,54,-1
13,62,-6
10,64,-10
-3,64,-8
4,64,6
-16,47,6
-21,38,4
-18,37,5
-20,36,3
-17,44,4
-13,51,6
-9,69,7
-11,79,7
-15,90,13
-22,82,7
-31,91,3
-28,75,3
-35,59,2
-26,76,10
-12,90,13
19,88,17
24,76,21
14,47,25
6,38,17
-30,29,-11
-44,30,-13
-20,28,-4
-11,28,-3
-13,42,-5
-12,55,3
-20,80,19
-45,75,0
-49,77,2
-42,90,10
-71,86,-6
-68,69,16
-4,51,-1
7,55,-5
-23,62,-10
-13,76,1
-10,60,5
-14,42,4
-12,38,4
-18,36,1
-20,35,1
-8,46,13
-11,54,15
-26,71,9
-26,82,7
-29,79,2
-27,78,1
-26,92,6
-25,79,8
-31,54,12
-28,66,16
1,89,16
11,86,17
17,71,25
10,59,24
-12,43,9
-20,41,3
-21,34,0
-17,31,-1
-15,29,-11
-9,37,-9
4,60,17
-16,83,11
-28,86,-2
-44,59,-2
-65,65,1
-75,80,14
-86,106,-4
0,62,7
34,69,8
42,94,-9
44,91,-1
11,75,-4
1,72,-15
-11,68,-19
-10,64,-19
-21,63,-24
-21,58,-20
-15,62,-14
-30,68,-19
-34,66,-33
-42,55,-41
-55,35,-35
-53,40,-28
-48,59,-10
-44,68,-7
-36,75,-7
-30,92,-5
-32,69,16
15,112,65
28,86,57
44,91,40
28,83,25
-35,70,-18
-45,52,-24
-4,35,-2
2,27,-2
-8,20,-7
-7,20,-5
-19,42,-1
-33,53,-3
-51,67,-6
-61,72,-14
-80,82,-1
-91,103,32
-64,70,1
-33,54,-9
-12,56,-4
-9,57,-3
8,69,-7
19,77,7
16,69,12
-9,55,6
-20,46,0
-22,39,2
-23,42,6
-17,49,10
-17,53,9
-22,68,6
-23,76,0
-25,90,-3
-26,85,-5
-19,87,-5
-15,77,-4
-26,52,11
-32,58,14
1,89,23
18,94,27
-1,68,14
-4,57,12
-13,35,8
-6,35,8
-11,39,-2
-19,40,-7
-9,47,-15
2,59,4
-2,67,12
-28,83,-23
-49,81,-33
-78,97,12
-88,101,9
-25,51,-6
-8,69,-7
2,68,-15
1,65,-18
5,54,-7
7,48,4
-9,40,14
-23,38,8
-37,38,-1
-33,42,1
-22,51,7
-21,63,10
-24,74,2
-23,77,-2
-23,82,-5
-28,82,-5
-29,93,-4
-25,62,-8
-32,62,-6
-15,90,11
9,92,16
27,72,31
22,55,37
7,33,24
-13,28,8
-34,22,-17
-34,27,-12
-19,40,-1
-8,45,6
-11,71,21
-30,84,7
-39,81,0
-34,73,8
-46,106,24
-38,93,20
-33,56,-13
-9,79,-15
-12,68,-11
-5,69,-9
7,50,6
2,41,7
-2,33,13
-4,36,15
-29,40,1
-25,48,3
-23,56,7
-40,68,7
-40,75,5
-31,85,6
-26,81,2
-34,94,-5
-34,92,-7
-32,63,-13
-35,64,-16
-29,88,10
-25,88,6
4,75,10
37,73,32
29,42,30
8,40,14
-15,29,0
-14,26,-6
-9,30,-8
-18,36,-13
-8,56,3
4,72,27
-15,95,5
-38,88,-4
-36,91,14
-70,82,-9
-92,52,-13
-12,86,6
6,70,-2
11,55,-5
4,51,-2
-12,42,3
-21,36,3
-24,34,6
-25,35,4
-17,41,9
-11,51,12
-18,81,13
-28,91,5
-36,91,-10
-36,92,-7
-27,98,-4
-26,75,-2
-12,58,22
-3,74,26
5,81,14
2,75,11
-7,58,11
-2,51,15
-6,41,0
-22,40,-3
-6,34,1
-1,29,3
-7,33,2
-19,58,16
-28,76,19
-33,95,-4
-19,82,11
-12,93,17
-55,99,-6
-60,51,-25
-27,51,-13
9,72,0
0,65,-8
-9,74,-15
-5,66,-7
-6,46,-1
-6,40,8
-15,35,14
-18,33,4
-17,35,-1
-16,40,-3
-17,71,1
-26,93,-9
-24,91,-12
-44,79,-9
-41,75,-10
-30,59,-3
-35,56,-1
-33,89,5
-14,94,12
2,88,21
8,79,29
0,50,26
-10,39,16
-22,32,-2
-21,33,-8
-11,35,-17
-10,41,-19
-7,63,-1
-26,75,20
-30,76,-2
-30,73,1
-25,84,23
-37,78,8
-53,62,-3
-16,72,4
-12,72,-5
-16,72,-3
-17,71,-1
-16,46,0
-14,36,4
-13,29,7
-13,33,7
-10,43,8
-13,50,5
-21,69,-2
-26,71,-10
-32,78,-13
-30,80,-12
-31,81,-8
-35,89,-7
-36,68,-7
-39,57,-4
-47,83,17
-34,92,10
5,84,15
2,78,23
20,54,32
12,40,25
-16,30,0
-18,29,-8
-28,30,-23
-15,46,-4
-7,54,11
-18,70,29
-27,75,27
-30,77,19
-36,82,11
-33,76,7
-37,66,3
-49,57,8
-23,64,14
-6,70,22
-14,70,18
-17,50,3
-18,40,-1
-17,27,0
-17,31,0
-8,44,5
-10,52,8
-13,73,9
-13,79,11
-26,79,8
-28,79,7
-32,88,6
-36,79,3
-37,63,4
-33,69,9
-26,84,15
-7,82,12
6,78,20
21,55,40
22,39,36
-11,27,11
-24,25,2
-27,23,-9
-24,27,-16
-18,46,-14
-13,63,0
-11,89,11
-16,93,1
-74,89,2
-46,81,43
-70,70,4
-51,41,-9
2,70,-8
10,75,-1
1,72,-8
-7,69,-7
-19,46,-4
-18,38,1
-11,32,14
-8,35,15
-6,40,17
-13,58,16
-21,67,10
-27,82,5
-21,83,5
-32,83,-2
-38,88,-7
-43,80,0
-31,68,6
-25,80,14
-19,87,23
-10,79,10
-17,74,12
23,54,37
20,37,32
-24,33,1
-22,30,-1
-15,31,-8
-14,33,-11
-8,44,-8
11,75,42
0,88,43
-43,84,1
-56,70,-16
-53,76,1
-47,85,14
-39,70,4
-12,73,-8
-4,67,0
3,71,9
-1,50,6
-12,40,3
-16,31,7
-17,38,8
-25,42,1
-21,43,3
-21,57,5
-23,63,4
-27,71,0
-34,76,-4
-37,74,-3
-36,80,-4
-38,88,-6
-30,72,0
-32,65,0
-27,82,-1
-7,91,0
-1,90,6
44,77,42
15,38,24
1,36,10
-16,28,-7
-16,25,-12
-15,34,-13
-17,42,-12
-11,68,4
-4,81,25
-41,86,-1
-54,76,-8
-46,84,12
-55,97,19
-64,64,-10
-42,55,-10
8,59,-10
15,63,0
12,75,7
-1,71,6
-23,41,-8
-20,33,-2
-16,30,8
-14,32,9
-14,40,7
-16,57,4
-15,66,4
-23,82,-1
-30,89,-3
-33,78,-5
-29,92,0
-24,84,4
-18,64,11
-21,72,26
-9,84,25
-3,83,20
-11,90,28
5,62,24
-3,47,13
-31,34,-5
-27,30,-5
-8,20,-7
-10,14,-13
-5,29,-9
-10,47,2
-34,84,20
-46,92,15
-47,85,-1
-37,88,-3
-46,82,-9
-51,60,5
-31,64,6
-11,60,-3
-19,61,-3
-19,57,1
-22,52,2
-18,37,8
-15,35,10
-16,40,8
-18,43,6
-18,49,0
-18,55,-1
-14,69,4
-14,75,4
-21,74,2
-27,75,4
-27,85,6
-25,77,11
-36,68,4
-32,82,13
-17,78,19
-15,71,16
-11,66,20
-11,59,19
-11,44,11
-13,41,6
-14,39,2
-13,38,-3
-13,39,-5
-12,51,-3
-9,63,12
-42,72,-4
-52,69,-13
-47,68,-8
-35,78,8
-34,82,19
-43,71,8
-28,68,-8
-17,68,-9
-13,69,-9
-9,65,-8
-27,51,-9
-36,42,-10
-14,36,1
-15,32,-6
-19,33,-15
-25,38,-14
-18,64,-3
-2,83,15
1,86,16
-21,85,18
-21,87,24
-34,87,-2
-50,91,-7
-49,85,6
-62,65,-6
-34,85,-48
-8,79,-41
-16,63,-12
-30,60,-5
-19,50,-3
-36,53,-1
-30,40,4
-51,36,-2
-25,42,9
-37,43,4
-32,25,-6
-23,17,-6
-9,2,19
-43,14,19
-50,30,15
-39,38,16
-37,30,2
-52,35,3
-56,60,16
-63,62,24
-46,70,20
-4,97,17
-12,76,-11
-45,79,-40
-4,94,-8
0,85,-29
-6,94,0
31,86,39
-21,93,14
-12,72,5
-22,63,-2
-66,38,-2
-46,16,2
-49,2,-1
-38,21,10
-41,60,11
-51,72,10
-40,62,15
-58,68,1
-38,56,12
-47,67,8
-36,83,-14
-35,98,9
-37,89,9
-23,61,2
-29,51,-4
-15,38,-3
2,29,2
-2,12,0
9,3,3
-28,19,32
-48,38,59
-84,43,59
-71,50,51
-37,41,28
-36,30,20
-44,52,14
-46,48,20
-61,57,9
-55,80,-4
-23,52,-11
-33,55,-22
-30,47,-14
-9,49,-6
-25,55,12
-30,58,12
-42,83,-21
-59,105,-10
44,89,40
-79,70,-27
-77,63,-18
-97,49,-32
-81,49,-17
0,29,26
20,9,37
-45,-1,-6
-60,-2,8
-66,26,31
-54,40,12
-89,98,-51
-64,122,-17
-20,61,16
-16,32,-32
-53,54,-72
-52,52,-33
-74,65,74
-76,67,56
14,52,39
4,36,11
-40,32,2
-17,37,9
-4,39,13
-26,53,16
-33,62,20
-32,67,36
-43,76,56
-96,88,-2
-80,51,-35
-33,48,-30
-32,59,-23
-25,61,-15
-29,55,-18
-19,43,-7
-16,37,-6
-20,29,-6
-23,29,-6
-26,34,-4
-24,39,-1
-26,52,-3
-29,60,-3
-35,87,-1
-31,92,1
-17,94,10
-39,100,-1
-38,89,-1
-32,50,3
-41,55,1
-37,72,1
-31,68,1
-21,60,8
-2,55,26
-3,49,35
-14,37,20
-9,25,2
-20,33,-5
-19,48,-2
-21,54,-4
-27,71,-10
-27,78,-11
-19,77,-4
-26,81,-3
-41,92,1
-44,82,2
-36,60,-2
-37,66,-12
-30,68,-14
-21,66,-13
2,58,2
2,49,8
-4,39,14
-7,38,15
-16,32,7
-19,39,3
-19,46,4
-16,66,8
-12,74,9
-5,85,6
-8,86,6
-20,85,7
-31,88,-1
-32,69,-5
-31,57,-2
-41,60,8
-34,70,10
-27,73,8
-29,66,6
-22,47,10
-21,36,10
-29,26,2
-18,28,7
-11,34,18
-20,37,18
-26,50,4
-24,64,14
-52,90,1
-18,73,24
-15,79,32
-54,92,12
-45,68,4
3,63,-8
10,66,-13
-3,68,-4
1,61,1
-4,48,9
-12,43,7
-23,41,3
-22,43,2
-19,44,2
-17,51,5
-30,64,7
-33,69,8
-34,80,-3
-39,83,-1
-40,82,2
-36,88,4
-30,83,9
-30,74,12
-18,70,9
-11,82,8
12,77,14
12,69,17
2,51,17
-9,37,8
-20,34,1
-13,36,-5
-4,36,-4
-5,33,-4
-2,40,5
0,71,43
-38,90,8
-80,78,-22
-71,71,0
-79,104,7
-59,62,-1
-13,60,-14
8,68,-7
2,60,-11
1,61,-12
11,52,11
-1,48,12
-21,40,3
-20,39,-1
-24,43,5
-24,44,9
-21,57,10
-20,72,7
-23,80,1
-34,91,1
-37,84,0
-29,94,8
-26,82,10
-29,57,11
-34,68,6
-5,99,2
3,89,5
-29,94,8
-26,82,10
-29,57,11
-34,68,6
-5,99,2
3,89,5
2,65,9
-1,49,6
3,31,11
-10,27,9
-15,24,7
-16,26,4
-28,36,-4
-25,42,-2
-8,66,24
-10,87,31
-66,92,-15
-58,93,-7
-71,101,-1
-57,50,-10
-27,61,-16
-7,63,-15
8,65,-4
-1,55,-7
3,50,4
-11,39,11
-14,35,9
-13,34,13
-13,38,13
-3,49,10
-8,58,8
-14,83,7
-18,90,3
-33,88,-4
-36,81,-2
-62,84,-7
-58,72,-10
-41,61,-4
-41,71,1
-9,99,14
6,91,16
8,72,19
20,60,30
14,32,27
-2,28,16
-25,29,-4
-14,32,-10
-12,39,-15
-11,60,-6
-6,73,14
-7,86,24
-12,89,15
-49,91,-14
-61,84,-17
-83,63,5
-81,65,10
-8,72,-4
0,65,-6
-1,57,0
1,47,5
-10,32,5
-15,30,4
-14,31,6
-15,34,6
-16,44,10
-16,55,12
-15,81,13
-18,89,16
-22,88,10
-36,93,-1
-42,94,-1
-48,60,-6
-51,50,-6
-44,81,2
-29,89,4
16,82,22
16,68,24
14,40,32
10,35,30
-23,28,5
-28,25,-3
-14,32,-3
-14,36,-8
1,51,1
19,61,19
-20,101,29
-46,98,11
-72,97,-1
-46,101,16
-50,57,3
-40,50,-3
6,66,-7
-1,63,-10
-6,62,0
-12,57,3
-21,39,6
-23,32,9
-30,33,4
-28,39,7
-22,45,7
-14,70,6
-11,83,4
-21,90,9
-26,83,9
-40,86,5
-44,92,2
-32,65,3
-31,63,5
-24,86,5
-2,87,10
12,69,20
10,60,24
8,38,24
-3,36,16
-23,38,-4
-19,35,-7
-14,36,-5
-15,38,-4
-23,52,1
-17,77,28
-20,85,27
-44,92,1
-49,90,-12
-58,68,-6
-60,51,11
-2,71,5
-5,65,0
-9,61,2
-6,57,6
-13,42,4
-12,36,4
-16,39,2
-18,40,3
-20,43,8
-18,47,11
-20,63,11
-23,76,7
-23,97,0
-23,83,1
-28,85,-3
-33,87,-4
-37,73,-4
-36,63,-1
-30,66,12
-22,64,14
-12,63,17
0,52,28
-2,47,24
-14,42,9
-15,41,4
-11,41,-3
-11,41,-7
-14,50,-6
-15,53,-5
-29,72,7
-42,81,-1
-44,80,-8
-38,82,-3
-31,85,23
-66,81,15
-18,59,4
4,65,-6
0,66,-2
-2,74,2
-19,56,-1
-21,44,-5
-13,32,1
-8,31,8
-4,34,5
-7,54,-7
-13,70,-9
-23,88,-9
-28,87,-9
-40,82,-12
-48,77,-9
-47,80,-14
-39,64,-1
-27,58,29
-20,79,23
-3,94,5
-1,84,10
2,57,13
0,51,3
-15,38,-8
-15,31,-11
0,41,-8
2,41,-9
11,45,-5
17,57,9
43,85,58
11,94,25
-93,78,-45
-64,86,-14
-48,86,3
-71,84,9
-7,69,5
6,49,-14
-2,53,-9
7,54,19
-6,52,14
-25,34,-1
-20,31,2
-22,36,5
-22,42,10
-16,53,13
-18,57,9
-30,78,2
-34,95,3
-28,85,2
-30,85,-2
-28,90,-1
-25,75,0
-27,67,3
-14,83,21
29,84,27
29,75,24
15,58,22
2,55,5
-16,37,-8
-18,22,-11
-23,21,-14
-11,30,-8
-8,38,-3
2,68,32
-21,99,21
-103,74,-33
-85,70,-26
-68,79,-29
-49,71,-23
-17,57,3
0,60,1
6,56,-11
3,60,-10
5,58,13
-7,51,16
-20,36,12
-20,40,15
-31,46,-6
-32,50,-6
-29,59,-7
-30,66,-10
-25,77,-3
-9,85,10
-6,83,15
-19,92,11
-21,91,9
-24,54,2
-35,59,-2
-34,96,-1
-4,97,8
25,77,28
28,60,33
0,31,12
-21,25,-1
-31,22,-6
-20,22,-8
-22,29,-6
-28,35,-5
-24,55,10
1,70,39
-54,92,12
-80,79,-5
-54,81,15
-45,77,11
-44,62,5
-39,59,-4
-1,62,-10
4,67,-2
-6,67,2
-18,46,7
-24,36,8
-19,37,7
-22,40,4
-24,44,3
-21,53,8
-14,58,9
-17,60,4
-29,73,1
-28,80,3
-42,82,1
-37,85,1
-34,80,3
-30,68,4
-6,80,20
6,99,24
1,77,10
-7,72,4
6,57,18
-12,33,6
-20,29,2
-20,31,3
-12,31,0
-11,36,2
-16,41,-1
-22,61,-1
-35,73,-6
-39,88,37
-46,92,53
-95,105,2
-56,72,-6
-19,64,-18
-7,60,-29
24,57,-11
15,57,-8
-17,64,-7
-22,60,-4
-7,55,12
-11,53,11
-19,53,7
-16,54,8
-19,55,5
-20,55,6
-15,66,14
-17,69,11
-17,73,4
-16,81,5
-26,79,5
-34,73,8
-43,81,6
-48,65,-12
-56,69,-18
-36,74,-13
-21,67,-7
-41,47,-12
-38,49,-15
-24,47,-16
-27,50,-19
-24,52,-27
-14,49,-22
-32,52,-19
-38,53,-15
-39,50,8
-35,46,10
-24,44,-2
-24,50,-4
-21,53,-2
-21,48,0
-22,47,11
-32,71,25
-78,76,-14
-61,55,-20
-25,50,-21
-37,64,13
-51,65,18
-34,56,8
-16,51,-5
-22,45,-20
-28,44,-16
-35,40,-4
-36,41,1
-54,52,-17
-47,52,-11
-10,49,11
2,60,13
-36,91,5
-42,85,4
-38,84,-10
-42,85,-18
-39,68,-18
-20,68,-9
-15,64,6
-28,58,-5
-23,48,-3
-3,37,5
-4,24,-4
-22,32,-7
-30,33,-15
-49,52,-9
-56,57,-6
-28,60,2
-28,69,12
-16,66,33
2,67,47
-50,72,4
-49,69,-8
-32,82,12
-11,69,28
-18,64,-19
-18,70,-22
9,75,9
8,71,16
-7,55,10
-15,46,8
-21,41,4
-21,48,2
-22,51,1
-19,52,1
-17,58,5
-16,64,4
-5,80,18
-4,85,19
-11,92,12
-23,98,14
-30,81,11
-48,50,0
-50,64,7
12,88,14
20,78,17
-4,61,10
-8,54,8
-11,40,0
-12,39,-4
-11,36,-13
-11,34,-18
-16,37,-27
-8,45,-18
7,67,34
28,82,71
-24,84,40
-65,75,29
-30,83,13
-36,75,8
-24,54,-1
-20,55,-12
-1,63,-12
-3,65,-6
-11,58,12
-20,47,10
-18,42,6
-17,45,2
-16,49,6
-11,56,10
-10,63,12
-13,74,11
-15,83,11
-27,93,7
-28,100,10
-51,86,2
-61,60,10
3,74,4
29,81,-5
22,70,0
12,74,8
10,55,8
3,44,7
-8,40,-1
-9,42,2
-18,37,0
-17,36,-4
-20,41,-13
-20,49,-10
34,80,54
3,97,29
-27,101,14
-46,97,13
-34,86,17
-16,62,0
-9,63,-15
12,66,-4
21,62,9
-20,62,9
-26,52,13
-15,22,9
-14,22,2
-41,34,-3
-32,44,8
-19,66,4
-25,75,2
-21,75,4
-27,77,9
-46,72,-7
-54,64,-12
-50,48,4
-39,59,6
47,80,-1
31,114,-38
12,98,-31
6,65,-14
-3,54,-6
-13,40,0
-18,34,-3
-41,27,-26
-43,25,-29
-31,31,-6
-23,47,28
-61,69,0
-56,64,-33
-24,50,-24
-18,50,-19
-36,81,-23
-47,76,-16
-27,70,-12
0,76,-8
-5,81,0
-13,78,6
-4,55,2
-10,42,-1
-7,37,3
-5,43,0
-20,55,-9
-33,54,-13
-15,64,-10
-15,81,-8
-13,81,-11
-22,68,-21
-31,73,-28
-39,78,-30
-37,74,-25
-54,71,-24
-55,75,-8
5,98,37
4,85,45
-6,43,23
-7,38,16
-27,26,-7
-28,26,-13
-13,28,-12
-15,27,-18
-12,43,-12
-16,54,1
-4,82,39
-24,95,24
-51,91,-17
-51,93,-17
-37,74,8
-41,62,17
-28,65,12
-11,60,-6
-7,63,-2
-12,50,1
-15,41,0
-19,27,1
-20,27,1
-16,38,3
-13,45,9
-18,63,10
-22,71,9
-21,80,12
-22,83,9
-33,84,4
-33,91,2
-22,76,6
-20,59,10
-26,81,5
-11,99,13
45,97,30
32,84,26
-4,48,15
-16,33,7
-24,20,-7
-28,29,-7
-25,35,-6
-14,42,-4
-12,45,-2
0,75,40
-7,86,25
-72,77,-30
-72,59,-27
-66,80,8
-60,82,11
-48,52,-12
-32,58,-16
-3,67,-15
4,71,5
-6,51,7
-10,42,4
-12,31,5
-8,32,8
-8,39,11
-9,39,15
-16,54,15
-18,64,15
-29,82,16
-40,86,10
-53,91,10
-28,85,23
-30,58,17
-23,77,16
0,90,24
-3,86,23
-9,74,26
-11,49,18
-20,38,11
-37,33,3
-27,30,4
-29,28,3
-31,28,-5
-22,32,-3
-23,39,6
-1,70,63
-14,84,64
-56,58,13
-58,65,-4
-41,62,2
-28,65,15
-18,68,14
-8,71,10
-15,76,16
-15,80,27
-4,55,12
4,35,1
-6,30,-4
-23,43,2
-27,50,1
-30,53,0
-28,58,1
-27,80,2
-29,85,-3
-40,79,-11
-46,80,-12
-40,77,-8
-40,72,-2
-34,54,6
-32,62,16
-16,78,13
-2,75,14
-9,71,17
-18,66,12
-23,42,-4
-22,37,-9
-16,40,-9
-14,40,-11
-6,42,-10
-1,48,0
8,68,40
-25,82,23
-49,73,5
-68,64,-14
-57,76,-7
-61,71,2
-57,61,-9
-19,61,-19
3,66,-9
22,68,16
11,60,12
-8,42,4
-12,38,3
-15,39,7
-19,41,7
-17,51,7
-15,56,5
-32,66,10
-37,71,9
-36,87,1
-35,90,5
-33,93,7
-28,95,12
-7,73,23
-13,70,14
-6,78,12
21,73,14
19,71,16
-8,58,13
-19,48,6
-24,40,-4
-27,35,-6
-18,30,-2
-13,29,-3
-10,35,-7
-5,45,0
22,89,54
1,105,30
-44,98,-26
-66,92,-22
-48,73,10
-42,57,20
-17,62,-9
-12,58,-23
14,58,-5
17,60,9
-4,55,7
-15,48,-1
-31,36,-10
-22,41,0
-15,48,8
-14,60,12
-22,65,7
-34,78,0
-33,86,2
-28,82,9
-27,90,9
-21,87,6
-29,65,1
-52,57,-12
-49,77,-9
13,93,21
29,84,35
6,61,25
5,43,23
-18,35,5
-22,34,-2
-7,34,-9
-3,30,-13
6,41,-13
9,58,-2
9,84,39
3,90,38
-43,74,-13
-68,69,-32
-101,72,-32
-53,66,7
-23,74,9
11,73,-9
10,71,-5
-1,62,4
-12,50,0
-20,32,-4
-16,33,1
-14,38,11
-16,44,13
-30,59,15
-35,72,9
-55,72,-15
-49,67,-10
-28,83,9
-28,98,7
-33,84,-15
-41,59,-12
-27,71,6
3,84,16
34,76,24
18,70,21
-8,51,5
-29,33,-3
-31,34,-6
-13,31,-4
-8,30,-3
-13,35,0
-21,44,7
-30,70,20
-48,79,4
-75,76,-12
-55,69,0
-39,84,8
-49,78,-12
-42,52,-11
-20,56,-9
3,66,-6
-2,73,1
-16,59,6
-18,47,4
-18,36,1
-17,35,-2
-14,40,0
-10,46,7
-23,52,5
-19,67,7
-16,76,9
-19,86,11
-23,83,14
-31,85,17
-27,81,15
-32,59,11
-41,72,7
-20,88,-2
-20,80,-2
-13,69,19
-7,58,18
-7,37,12
-9,31,9
-11,27,2
-11,29,-4
-13,38,-12
-7,42,-10
5,61,14
15,75,38
-6,92,37
-31,84,8
-70,78,-21
-66,81,-26
-70,66,-13
-57,62,-2
-19,67,-16
8,71,12
5,68,11
-13,47,-1
-19,36,-3
-9,29,2
-5,36,4
-4,45,6
-7,50,6
-14,62,6
-15,69,6
-15,86,12
-16,88,14
-26,88,10
-28,93,6
-20,71,8
-27,63,10
-29,72,13
-17,80,9
-11,76,14
-8,71,19
-6,51,15
-13,43,9
-18,39,3
-15,40,1
-14,40,-10
-18,36,-21
-3,45,-10
3,64,33
-37,69,8
-97,55,-33
-87,65,-35
-58,99,0
-27,84,38
-11,45,-5
-17,53,-22
-15,73,-16
-10,77,-5
-15,58,-1
-25,50,-3
-23,42,2
-20,41,2
-24,42,-5
-28,43,-7
-30,45,-14
-26,50,-14
-35,64,-13
-39,70,-9
-40,67,-10
-45,67,-11
-50,75,-4
-46,73,-4
-35,64,-6
-28,74,-12
-31,76,-19
-19,70,-16
-19,66,-16
-16,67,-25
-16,67,-29
-25,58,-33
-26,52,-40
-8,53,-32
-5,51,-25
-1,51,-6
3,53,4
13,60,36
10,61,33
-22,64,-2
-42,58,-21
-67,57,-41
-50,73,-14
-60,72,1
-83,60,-1
-12,45,-5
-2,46,-6
-9,64,2
-46,61,-6
-36,52,-7
-14,44,1
-21,45,-1
-27,50,-5
-25,53,-8
-21,60,-12
-20,64,-13
-13,69,-8
-8,72,-3
-8,91,7
-14,100,9
-23,88,10
-29,74,7
-26,56,9
-17,65,14
10,74,13
14,69,16
-8,59,4
-14,52,-1
-11,43,-6
-9,44,-7
-11,40,-5
-14,36,-8
-3,42,15
-16,66,29
-53,68,-17
-72,66,-23
-75,92,-8
-68,65,-4
-49,41,-7
-15,59,-10
0,66,-5
9,59,13
3,49,5
-3,41,2
-11,40,3
-27,45,2
-24,50,2
-19,56,5
-15,58,6
-5,74,15
-6,85,18
-19,94,10
-20,96,8
-23,86,8
-27,66,7
-41,46,5
-34,68,19
7,77,22
15,72,24
4,60,20
-14,42,8
-18,38,4
-19,38,1
-18,39,1
-16,41,0
-21,48,-1
-1,74,35
2,83,42
-62,78,-16
-85,68,-22
-42,68,5
-40,62,13
-26,49,11
-13,53,7
-5,67,3
-12,75,2
-22,59,-1
-22,45,-2
-31,30,-8
-45,33,-11
-17,42,18
-17,47,13
-14,60,10
-10,77,18
-14,84,20
-29,78,13
-34,85,11
-33,82,6
-41,60,2
-47,65,6
-23,85,18
25,79,17
21,68,28
-3,50,17
-16,44,8
-28,32,1
-22,33,-1
-10,33,-4
-10,33,-4
-3,50,13
6,67,43
-33,88,18
-56,80,-4
-60,67,-4
-39,72,10
-56,69,-3
-32,51,-1
-12,61,-1
-10,67,3
-15,64,4
-17,44,3
-15,37,5
-16,37,3
-21,42,1
-21,51,9
-26,56,8
-20,64,7
-17,73,12
-18,92,18
-18,90,13
-19,95,14
-16,79,14
-27,63,9
-30,75,12
-7,81,13
10,75,19
12,58,24
4,48,18
-13,35,2
-21,35,-5
-18,38,-17
-11,34,-17
-7,37,-19
17,63,37
70,87,94
-26,94,-40
-69,74,-57
-89,76,-38
-52,76,-8
-57,71,3
-39,66,-1
-8,67,-14
-6,71,-7
-9,53,9
-12,40,3
-14,27,3
-14,31,0
-16,44,-4
-15,51,-3
-12,58,-3
-14,63,-4
-10,71,2
-6,79,8
-14,90,7
-25,100,2
-28,90,4
-38,55,6
-33,63,15
3,83,20
10,80,15
-5,63,14
-17,54,8
-27,37,-2
-27,33,-5
-19,36,-8
-12,37,-8
-12,38,-8
-7,45,-4
9,71,36
-2,77,31
-46,77,-10
-55,77,-16
-50,90,-15
-56,72,-7
-68,54,8
-16,69,-1
9,65,-11
4,65,-3
-1,52,10
-6,41,8
-6,35,2
-5,37,1
-8,39,11
-22,59,8
-24,66,8
-28,83,10
-33,90,10
-35,82,9
-35,89,15
-17,94,15
-17,80,16
-33,54,5
-24,62,-2
31,81,23
28,82,28
-3,60,12
-12,48,10
-15,43,6
-18,37,2
-13,28,-3
-13,27,-8
-15,34,-9
-8,46,2
-3,84,33
-44,93,-7
-96,69,-12
-91,89,-8
-92,68,-25
-52,51,2
-7,38,1
7,56,5
-14,59,1
-12,51,-3
-13,46,-5
-7,37,5
-3,39,9
-15,43,8
-18,45,10
-21,52,13
-18,58,11
-18,75,13
-21,86,15
-14,82,17
-20,85,11
-19,85,1
-28,69,-11
-67,55,-20
-47,69,3
9,77,21
-1,77,18
-14,59,23
-9,47,18
-25,34,7
-19,34,8
-11,30,-1
-17,41,-13
-17,50,-17
-7,71,5
-13,78,8
-38,81,-19
-50,77,-27
-47,91,-7
-49,83,3
-56,58,22
-21,71,13
-15,60,-16
-11,59,-8
-8,52,4
-3,37,0
-15,32,4
-18,34,1
-16,41,3
-19,49,7
-19,69,7
-15,74,8
-23,85,6
-26,75,3
-33,79,1
-34,84,-2
-32,69,0
-36,69,-3
-25,84,13
30,77,28
29,78,30
-2,56,19
-9,45,13
-31,43,2
-30,36,0
-9,33,-1
-7,33,-5
-6,41,-11
-4,55,1
-3,86,26
-4,92,24
-37,75,-8
-64,80,-19
-51,78,-5
-65,66,0
-30,60,-6
-13,68,-19
-2,66,2
-6,53,7
-18,45,0
-13,33,5
-15,33,6
-22,40,6
-20,44,7
-18,57,11
-21,63,10
-17,83,16
-17,92,17
-26,78,3
-34,85,0
-30,77,3
-30,63,1
-39,76,2
-28,83,14
17,83,27
19,71,30
4,49,24
3,39,21
-14,32,10
-24,32,2
-19,33,-5
-15,34,-7
-9,44,-4
-6,67,29
-19,78,32
-45,87,6
-70,85,-12
-69,88,-15
-55,70,-9
-36,62,-3
-19,71,6
11,69,-1
17,64,6
7,54,13
-2,43,10
-18,32,5
-17,32,3
-14,43,4
-13,49,9
-14,69,12
-19,81,16
-23,80,20
-18,80,15
-30,72,6
-37,81,3
-37,70,0
-38,58,-9
-45,79,-5
4,89,23
18,86,35
4,60,24
-9,48,16
-18,33,9
-20,32,0
-12,32,-6
-10,33,-10
-4,40,-11
4,49,-1
11,78,36
-6,91,25
-66,87,-26
-72,83,-27
-36,82,9
-70,71,5
-59,65,6
-19,63,-7
1,65,-12
1,63,-8
-2,48,-2
-9,40,-3
-11,32,2
-6,40,11
-6,44,14
-11,53,11
-11,62,11
-9,91,17
0,100,14
-11,79,-5
-29,79,-11
-43,81,0
-44,66,4
-43,60,5
-40,71,12
-8,83,21
-4,82,27
4,62,31
-6,52,22
-18,37,5
-25,32,-1
-14,29,-2
-12,32,-8
-2,39,-14
8,49,-1
7,82,32
-15,100,21
-25,88,0
-42,87,-7
-64,72,-5
-69,50,5
-38,67,5
-16,68,-18
-17,70,-23
4,55,-5
5,44,3
-1,29,11
-11,31,6
-6,37,8
-5,42,9
-7,56,10
-6,64,12
-12,78,14
-16,85,14
-24,81,17
-27,86,11
-33,92,-1
-38,70,-5
-62,74,-12
-49,85,-5
-5,83,13
20,83,25
29,59,44
9,37,28
-6,36,15
-22,27,-3
-22,29,-8
-9,34,-11
-3,44,-8
11,74,27
-8,84,18
-41,78,-17
-50,78,-17
-27,82,18
-22,78,17
-86,55,0
-58,61,2
-35,60,-16
-30,61,-13
-9,57,0
4,44,7
-7,29,1
-13,29,-4
-9,39,-1
-8,46,4
-11,59,6
-10,68,10
-13,78,13
-17,80,13
-22,75,17
-32,89,15
-30,81,15
-30,63,21
-30,79,24
-15,85,18
-17,78,15
-17,66,13
-12,57,13
-15,40,11
-18,37,7
-17,37,2
-17,38,2
-14,41,4
-15,46,5
-18,60,8
-17,66,9
-16,73,9
-14,72,8
-11,75,16
-18,81,14
-9,72,15
-17,72,14
-39,71,-7
-37,69,-3
-39,68,-1
-25,55,9
-18,47,13
-22,43,14
-25,43,10
-25,47,7
-26,50,8
-24,60,9
-24,66,7
-22,80,1
-20,78,1
-22,66,5
-24,66,5
-30,64,5
-29,67,7
-27,54,10
-34,57,10
-33,80,4
-29,89,3
-24,78,7
-21,70,8
-21,61,6
-23,59,2
-19,58,0
-16,54,1
-14,53,3
-17,51,1
-18,52,0
-18,54,-2
-17,53,1
-10,55,-2
-10,54,-4
-21,65,-9
-25,73,-9
-31,77,-4
-33,67,-3
-40,81,-3
-37,90,-6
-9,94,-2
-15,71,-1
-39,54,-7
-43,48,-9
-24,47,-2
-20,46,-5
-19,59,1
-18,66,2
-13,71,-3
-13,76,-3
-8,93,-1
-6,70,-2
-11,64,-3
-20,61,0
-21,61,0
-20,49,-1
-25,51,1
-33,65,10
-26,66,9
-33,70,20
-37,63,22
-24,50,21
-27,53,19
-30,52,9
-29,52,7
-26,52,2
-27,52,-1
-27,57,0
-25,63,2
-24,68,7
-26,68,7
-34,87,9
-36,77,11
-36,69,12
-37,83,14
-34,92,7
-29,89,5
-20,69,12
-17,58,11
-23,56,6
-23,59,1
-20,64,0
-13,68,-2
-7,69,-2
1,68,-5
2,71,-3
1,65,1
4,67,3
1,69,6
-4,64,7
-12,62,7
-14,70,7
-4,86,2
-8,88,5
-12,86,6
-19,79,7
-29,60,10
-34,52,10
15,37,53
-34,70,24
-48,62,11
-57,68,6
-49,69,17
-33,81,31
-39,83,27
-43,88,19
-42,83,16
-37,66,15
-36,64,15
-37,86,7
-32,94,2
-18,101,3
-12,98,6
-11,73,2
-11,64,-2
-7,50,-2
-9,45,-3
-9,47,-3
-1,56,-1
9,68,-1
12,66,0
7,61,2
0,65,4
-8,80,3
-11,79,3
-14,68,5
-19,77,6
-20,87,8
-18,100,9
-18,99,9
-24,82,10
-28,68,19
-33,44,19
-39,41,17
-33,45,19
-35,50,20
-39,71,17
-39,79,17
-43,80,17
-41,79,17
-42,88,17
-43,96,17
-35,85,16
-33,77,12
-36,98,2
-32,109,-6
-1,107,8
-9,105,9
-8,76,5
-4,63,2
-4,51,-5
-5,41,-8
-9,43,-6
6,50,-5
10,52,-4
4,56,-3
1,55,-2
-14,68,4
-15,82,5
-6,70,9
-11,66,10
-15,93,10
-13,100,11
-18,107,14
-22,103,14
-28,80,20
-29,65,21
-32,50,17
-38,49,13
-33,56,15
-37,61,14
-40,72,13
-42,76,13
-46,80,14
-42,78,14
-41,85,13
-34,79,11
-30,69,9
-30,88,9
-27,99,6
-26,112,-5
-28,109,-9
-3,87,9
-17,76,1
-6,60,2
-15,54,-2
-37,57,-25
-27,59,-24
-25,65,-8
-23,64,-6
-20,54,-20
-46,48,-36
-60,42,-26
-54,40,-18
-67,25,-21
-58,18,-14
-68,11,-26
-45,13,-2
-59,6,-51
-85,16,-16
-88,-7,-29
-36,-14,-10
-27,-15,4
-34,-21,-10
-5,-19,-6
-59,-19,-18
-50,-14,-7
-79,-17,-20
-73,-16,-22
-70,-27,-35
-68,-26,-29
-69,-9,-23
-67,-2,-20
-58,-6,-24
-69,-7,-41
-47,-10,-37
-46,-14,-39
-39,-3,-4
-43,8,10
-58,-12,-21
-54,-16,-19
-48,-19,-12
-56,-17,0
-61,-25,-4
-55,-23,-20
-59,-15,-24
-70,2,-31
-63,21,-18
-75,-9,-68
-56,2,-63
-68,-2,-89
-44,0,-55
-43,3,-15
-33,-5,-7
-79,-2,-16
-46,-6,-7
-26,-24,-25
-43,23,-50
-80,4,-53
-76,17,-60
-51,-2,-37
-52,-8,-7
-96,8,15
-83,9,-4
-51,-21,-13
-54,2,-55
-49,6,-128
-56,2,-98
-30,11,-42
-34,1,-9
-57,20,76
-55,16,14
-32,-29,13
-41,-11,-21
-32,-11,-99
-57,-13,-128
-37,-6,-87
-29,-5,-42
-45,-1,40
-88,5,26
-67,-1,30
-47,-20,-7
-62,6,-63
-59,30,-128
-64,19,-120
-30,13,-29
-51,12,-11
-46,-3,94
-83,-5,51
-54,-29,20
-45,-30,16
-52,4,-75
-43,12,-128
-49,11,-75
-31,6,-70
-49,17,3
-68,-12,60
-103,-8,30
-80,-32,9
-78,-24,8
-73,18,-69
-47,18,-121
-34,15,-100
-22,9,-94
-33,19,-8
-38,12,-30
-57,9,59
-85,-11,30
-77,-19,8
-53,-23,21
-71,11,-28
-88,11,-80
-70,25,-128
-46,10,-99
-42,12,-85
-33,23,-29
-54,25,-15
-60,27,17
-55,3,2
-80,10,-3
-59,17,23
-49,7,-25
-48,24,-37
-55,22,-93
-41,11,-107
-26,-4,-86
-29,2,-75
-43,17,-2
-63,16,-55
-68,18,-10
-85,13,-20
-76,9,-3
-74,-2,10
-56,-7,6
-40,-13,-24
-41,44,-71
-26,27,-104
-25,15,-50
-23,2,-48
-29,-17,-24
-41,-11,-11
-61,-21,-4
-78,-12,5
-86,-6,-18
-74,8,-26
-82,2,-52
-65,14,-50
-54,29,-51
-33,18,-73
-38,17,-56
-56,17,-33
-41,17,-35
-45,-2,-34
-40,-6,-27
-38,-17,22
-50,-11,18
-71,0,-31
-62,0,-33
-53,5,-33
-61,4,-36
-71,8,-25
-63,7,-24
-53,-3,-46
-41,7,-58
-42,6,-59
-45,15,-50
-61,37,-77
-56,33,-87
-31,16,-57
-34,2,-44
-34,-1,-27
-46,9,-5
-60,1,-35
-52,6,-36
-61,4,-38
-57,8,-29
-54,13,-25
-77,10,-25
-68,15,-34
-50,3,-62
-48,16,-65
-34,20,-77
-33,16,-86
-33,11,-59
-34,3,-46
-30,4,-44
-35,0,-44
-39,10,-21
-55,12,-25
-64,8,-8
-73,10,6
-61,-12,-30
-48,-13,-35
-54,-32,-39
-65,-24,-52
-48,-3,-50
-50,-5,-86
-39,-17,-73
-38,-9,-31
-34,0,-20
-36,-1,-40
-43,7,-48
-38,4,-36
-45,2,-27
-50,-4,6
-60,2,-11
-69,0,-38
-67,1,-41
-57,-6,-32
-55,-7,-26
-47,0,-19
-46,5,-13
-51,17,-12
-80,28,-17
-75,28,-18
-71,18,-46
-77,24,-49
-77,27,-49
-53,-1,-52
-42,10,-17
-54,15,-28
-69,18,-41
-45,25,0
-59,13,-6
-71,16,13
-83,14,-50
-44,-20,-52
-41,-9,-56
-31,15,-55
-25,3,-128
-17,20,-100
-30,16,-73
-40,20,-1
-21,3,-15
-15,-4,4
-44,6,36
-64,1,-6
-34,-4,-1
-45,-9,-18
-53,-17,-41
-73,7,-53
-86,24,-107
-60,19,-91
-64,30,-47
-65,32,-40
-65,24,-27
-52,18,-27
-46,22,-28
-43,18,-16
-45,23,-22
-40,25,-22
-49,14,-36
-33,3,-39
-40,-4,-47
-39,-8,-52
-43,-5,-59
-54,-9,-62
-62,0,-56
-90,17,-26
-70,-4,-15
-63,-21,-9
-70,-16,-27
-56,-12,-33
-52,-9,-31
-35,11,-25
-42,16,-31
-43,16,-32
-44,17,-35
-33,14,-32
-37,3,-38
-41,-5,-28
-53,-3,-30
-55,-4,-39
-62,-4,-43
-73,1,-43
-74,3,-22
-85,5,-25
-76,13,-20
-61,22,-17
-68,24,-39
-61,25,-42
-41,29,-35
-40,27,-37
-53,20,-33
-58,16,-27
-46,6,-17
-46,6,-24
-45,-3,-30
-46,-4,-28
-45,-2,-20
-56,3,-25
-58,11,-29
-58,14,-29
-79,21,-32
-89,22,-48
-82,26,-42
-64,28,-31
-52,27,-30
-51,28,-37
-52,27,-33
-38,19,-20
-32,12,-18
-36,1,-14
-35,-3,-10
-43,-2,-7
-50,-2,-19
-59,2,-31
-62,5,-35
-64,14,-39
-62,17,-41
-69,26,-43
-66,35,-43
-64,36,-39
-63,37,-37
-66,43,-45
-63,42,-46
-54,27,-37
-40,11,-27
-33,10,-17
-37,5,-16
-41,5,-27
-42,11,-19
-43,16,-8
-52,26,-12
-55,25,-24
-65,22,-41
-60,18,-47
-58,14,-37
-60,16,-32
-81,25,-37
-71,28,-38
-55,28,-46
-51,28,-44
-50,21,-34
-46,17,-28
-42,8,-23
-49,7,-25
-53,5,-16
-46,2,-10
-41,-4,-7
-46,-1,-11
-59,-2,-24
-60,3,-30
-60,6,-36
-77,12,-44
-77,17,-43
-71,12,-38
-72,10,-37
-73,10,-9
-66,13,-1
-60,8,-16
-45,5,-17
-34,3,-14
-32,2,-8
-45,0,-8
-49,3,-9
-58,-3,-18
-61,-1,-22
-61,8,-22
-64,15,-38
-69,21,-68
-60,24,-60
-64,28,-53
-69,34,-40
-62,32,-22
-57,36,-21
-45,30,-28
-31,17,-17
-29,8,-8
-21,-1,-1
-30,0,-8
-60,6,-28
-72,9,-36
-82,16,-44
-86,24,-38
-79,34,-29
-78,42,-33
-65,53,-29
-59,48,-22
-51,41,-39
-43,41,-46
-53,22,-35
-33,13,-19
-35,3,-16
-31,2,-20
-25,4,-20
-34,7,-27
-49,11,-37
-54,12,-38
-61,14,-35
-69,15,-33
-73,18,-31
-76,20,-29
-96,31,3
-59,28,-24
-45,26,-33
-54,16,-33
-48,17,-26
-38,5,-21
-44,0,-20
-44,-8,-24
-46,-9,-28
-63,3,-36
-64,12,-33
-62,32,-26
-61,38,-18
-55,47,-10
-43,51,-7
-43,71,0
-43,81,-4
-49,64,-7
-64,55,-7
-74,41,-29
-71,28,-38
-81,12,-49
-80,4,-47
-77,-24,-31
-63,-29,-37
-60,-21,-46
-55,-6,-63
-55,-7,-75
-55,9,-61
-55,11,-59
-51,20,-32
-50,20,-25
-59,20,-25
-56,22,-26
-44,24,-21
-42,24,-3
-8,-6,26
-9,2,22
-64,45,-53
-67,60,-61
-91,65,-68
-69,37,-45
-46,16,-29
-55,6,-36
-39,0,-23
-37,-5,-20
-67,1,-18
-73,1,-13
-60,4,-12
-48,8,-17
-67,4,-60
-61,17,-35
-64,17,-39
-57,16,-57
-72,12,-73
-53,15,-57
-44,8,-58
-47,12,-47
-43,10,-33
-24,3,-29
-22,9,-20
-30,1,-6
-38,3,-2
-50,21,-11
-66,23,-23
-74,28,-38
-68,30,-37
-64,32,-25
-76,30,-30
-68,20,-33
-69,16,-31
-78,27,-32
-70,32,-31
-54,21,-30
-41,10,-23
-35,9,-6
-44,10,6
-48,9,13
-47,1,30
-52,-6,21
-48,-8,19
-32,9,62
-69,19,37
-73,12,39
-79,13,53
-104,20,38
-45,9,12
-41,7,9
-47,16,6
-75,13,-14
-60,17,-17
-63,13,-15
-25,-1,12
-14,-9,6
-35,-17,-9
-55,-14,-8
-80,-1,-28
-89,5,-33
-90,24,-29
-63,43,-41
-78,44,-60
-83,24,-56
-65,6,-50
-12,-11,-34
-19,-20,-40
-36,-20,-46
-32,-17,-37
-25,-8,-36
-30,-16,-47
-44,-29,-37
-51,-31,-32
-39,-24,-30
-30,-23,-32
-38,-19,-45
-47,-16,-61
-38,-10,-54
-33,-14,-51
-58,-20,-71
-51,-10,-70
-43,-8,-67
-38,-14,-59
-35,-10,-51
-29,-10,-51
-28,-5,-48
-21,-1,-28
-19,0,-31
-44,8,-10
-57,2,-20
-46,-11,-33
-48,-13,-34
-62,-8,-48
-65,-7,-52
-53,-9,-51
-53,-9,-54
-60,9,-48
-64,9,-51
-57,7,-57
-49,7,-55
-51,9,-55
-49,11,-46
-42,6,-26
-44,2,-28
-30,-9,-24
-37,-11,-22
-49,-8,-14
-44,-6,-5
-49,-12,-23
-50,-12,-36
-67,0,-26
-86,1,-24
-88,-9,-35
-91,3,-53
-80,16,-46
-52,7,-32
-47,0,-38
-44,5,-29
-40,7,-29
-52,3,-67
-42,5,-61
-11,5,11
-34,0,12
-52,-14,3
-58,-15,2
-70,-8,8
-80,-2,7
-79,3,-15
-75,3,-27
-82,3,-34
-78,7,-35
-60,8,-41
-59,10,-41
-68,33,-13
-38,15,-35
-40,11,-54
-71,-3,-53
-51,-5,-40
-28,-3,-20
-28,-7,-10
-37,-1,-20
-40,-2,-22
-54,0,-34
-60,7,-36
-68,9,-47
-68,4,-55
-90,-10,-25
-100,-7,-54
-40,3,-41
-44,3,-51
-40,5,-52
-44,9,-45
-43,11,-28
-38,11,-9
-38,8,-18
-38,5,-16
-35,2,-10
-41,-5,-17
-61,-11,-33
-71,-11,-39
-85,6,-42
-82,10,-29
-80,16,-23
-68,21,-41
-57,12,-41
-55,16,-30
-55,17,-28
-46,18,-24
-39,17,-21
-51,12,-19
-49,5,-16
-47,-5,-16
-75,-2,-30
-68,-8,-13
-60,-7,-19
-53,1,-29
-53,2,-31
-60,8,-36
-61,9,-39
-68,11,-39
-71,12,-39
-61,20,-25
-64,18,-23
-59,6,-28
-60,5,-24
-55,6,-20
-36,7,-3
-47,5,-7
-46,-3,-16
-45,-11,-19
-59,-26,-26
-67,-10,-26
-72,8,-36
-73,12,-55
-61,14,-43
-68,8,-34
-70,2,-32
-69,1,-31
-57,3,-8
-48,8,1
-49,18,1
-54,12,1
-60,4,-8
-66,-2,-10
-50,-8,-5
-47,-7,-8
-51,1,-10
-52,0,-10
-64,-4,-10
-68,-2,-14
-69,5,-27
-64,11,-32
-59,18,-29
-73,31,-44
-85,45,-42
-75,27,-23
-38,23,-38
-38,24,-53
-40,20,-54
-43,19,-38
-35,20,-31
-24,15,-23
-32,11,-23
-38,5,-22
-38,1,-25
-53,0,-26
-53,0,-33
-61,7,-55
-74,7,-40
-93,39,-34
-83,44,-43
-65,30,-24
-56,24,-22
-57,32,-24
-42,16,-20
-35,15,-12
-32,10,-2
-34,10,-3
-44,10,-13
-47,8,-15
-60,4,-27
-69,4,-19
-85,2,-32
-88,3,-36
-91,5,-35
-86,18,-37
-66,27,-39
-55,29,-40
-44,23,-33
-36,28,-28
-43,17,-22
-47,14,-20
-42,3,-11
-37,-3,-6
-41,-3,-2
-45,-3,-4
-51,2,-29
-62,5,-41
-75,12,-48
-74,14,-45
-78,12,-35
-86,26,-33
-70,24,-35
-51,22,-34
-48,23,-36
-55,20,-25
-50,13,-19
-45,6,-11
-41,3,-8
-36,-1,-3
-42,0,-5
-47,1,-8
-54,5,-9
-68,14,-22
-74,19,-32
-86,24,-44
-88,23,-45
-80,26,-46
-69,27,-41
-55,25,-26
-48,23,-20
-42,19,-21
-47,18,-17
-43,13,-12
-34,1,-5
-37,-2,-6
-53,0,-10
-58,1,-16
-73,9,-32
-78,15,-35
-76,27,-33
-72,29,-31
-78,25,-29
-71,25,-25
-56,24,-18
-53,25,-17
-50,28,-21
-45,26,-21
-44,16,-17
-48,12,-16
-45,5,-12
-41,3,-11
-62,4,-24
-73,6,-30
-68,4,-26
-66,6,-27
-67,9,-31
-68,9,-31
-79,8,-36
-79,16,-40
-70,17,-34
-47,20,-25
-43,18,-23
-39,16,-19
-39,11,-17
-35,4,-13
-34,0,-10
-38,-2,-11
-43,0,-14
-62,4,-29
-73,7,-38
-78,15,-36
-75,15,-35
-80,13,-34
-80,17,-38
-68,14,-45
-69,16,-42
-55,23,-29
-50,24,-24
-47,15,-15
-46,9,-13
-34,3,-16
-25,3,-21
-47,0,-12
-57,-3,-6
-59,-1,-6
-63,5,-7
-72,7,-10
-92,12,-21
-101,17,-27
-82,25,-34
-71,22,-31
-63,20,-23
-55,18,-20
-40,8,-28
-47,-1,-28
-49,-2,-7
-35,0,6
-39,6,10
-44,8,8
-44,10,7
-39,13,10
-67,24,-17
-95,26,-42
-79,26,-40
-73,25,-36
-66,26,-26
-59,21,-23
-72,17,-27
-68,19,-27
-60,19,-25
-38,14,-11
-38,9,-10
-38,1,-10
-38,-2,-10
-42,-5,-6
-43,-4,-7
-69,3,-26
-77,11,-30
-77,20,-25
-84,22,-26
-87,32,-22
-86,39,-18
-80,34,-13
-69,29,-10
-55,29,-18
-57,22,-24
-48,13,-18
-36,5,-10
-38,5,-6
-35,3,-3
-29,6,9
-33,7,7
-51,10,1
-63,13,-7
-92,26,-27
-87,32,-31
-87,37,-34
-73,33,-34
-70,32,-34
-59,33,-26
-51,30,-23
-35,19,-12
-33,16,-9
-33,12,-13
-38,10,-16
-41,9,-18
-47,10,-20
-63,14,-33
-67,16,-36
-65,13,-36
-71,14,-37
-84,6,-23
-91,11,-19
-67,24,-36
-62,24,-42
-49,30,-37
-43,31,-38
-42,17,-28
-38,10,-11
-37,5,-8
-31,-7,-7
-40,-1,-8
-54,3,-17
-53,6,-22
-63,14,-32
-73,19,-37
-72,32,-33
-70,33,-28
-103,42,-45
-92,37,-41
-63,33,-15
-53,33,-2
-51,24,-1
-44,18,-2
-27,8,2
-20,5,0
-40,2,-12
-45,3,-15
-55,1,-27
-61,0,-32
-62,8,-28
-58,11,-26
-96,18,-50
-98,31,-59
-85,35,-59
-51,26,-31
-41,25,-23
-34,19,-23
-43,18,-28
-42,10,-25
-37,8,-20
-35,0,-11
-37,-3,-8
-45,-2,-9
-50,1,-14
-66,8,-31
-70,12,-34
-68,24,-31
-65,26,-30
-74,26,-33
-74,31,-34
-65,28,-31
-69,24,-29
-58,26,-19
-51,26,-14
-47,16,-12
-45,10,-13
-44,7,-17
-40,2,-15
-42,1,-16
-58,3,-27
-73,5,-37
-78,9,-34
-76,6,-32
-77,8,-33
-74,10,-31
-63,25,-31
-64,27,-33
-57,30,-24
-48,26,-21
-42,18,-22
-40,12,-21
-38,5,-20
-42,2,-21
-49,-2,-17
-53,-3,-17
-66,-2,-22
-64,-2,-20
-54,0,-16
-67,-1,-31
-51,0,-33
-72,3,-56
-68,20,-49
-46,16,-51
-52,17,-53
-44,20,-56
-37,16,-50
-32,11,-34
-36,8,-29
-31,3,-21
-31,0,-20
-33,0,-30
-35,-1,-40
-42,-5,-52
-45,-5,-52
-53,-3,-51
-54,1,-42
-85,-3,-47
-86,10,-54
-57,10,-60
-49,8,-57
-46,12,-48
-39,13,-38
-34,11,-18
-36,10,-17
-41,5,-18
-46,5,-18
-48,6,-12
-49,4,-12
-56,5,-16
-78,9,-28
-79,15,-24
-85,15,-23
-96,13,-20
-101,37,-35
-78,27,-27
-62,26,-5
-52,28,1
-45,21,6
-39,17,9
-30,9,5
-26,5,5
-32,3,1
-43,2,1
-73,2,12
-76,6,17
-63,11,15
-67,13,11
-95,18,15
-91,18,27
-85,36,10
-65,31,-10
-58,22,-10
-52,22,2
-56,16,7
-53,11,18
-43,9,20
-31,15,21
-32,19,20
-43,29,8
-48,32,1
-53,26,-1
-47,29,9
-43,28,18
-43,26,21
-36,33,48
-61,75,49
-128,85,-16
-99,75,-11
-27,66,14
-33,55,8
-37,28,-7
-32,17,-6
-12,16,19
-33,18,8
-47,26,8
-48,37,14
-43,41,12
-46,57,6
-44,57,4
-58,61,38
-106,79,24
-78,48,-41
-55,52,-11
-32,87,-3
-22,77,-4
-19,56,11
-22,47,15
-10,32,17
-5,23,16
-14,21,13
-15,32,11
-3,50,-4
10,68,-13
5,93,-18
2,92,-17
-19,99,-13
-21,127,-1
33,105,-3
26,96,-15
-66,104,13
-54,93,27
-35,77,3
-29,48,8
-35,35,6
-40,27,-3
-34,31,-3
-28,37,-3
-30,42,-4
-38,57,-3
-43,73,-1
-39,84,-1
-33,82,0
-35,106,2
-35,98,2
-42,96,-9
-45,115,-13
-32,126,-15
-22,123,-9
-7,101,8
-5,88,14
1,70,22
13,60,19
22,41,11
7,49,7
4,54,7
1,66,0
1,65,-2
-10,74,-2
-14,88,3
-17,72,7
-19,88,4
-26,113,-2
-32,109,2
-33,92,16
-31,81,24
-60,64,10
-41,50,16
-26,74,13
-26,82,10
-33,88,1
-36,84,-5
-43,76,-14
-44,74,-13
-35,71,-22
-39,70,-24
-41,43,-18
-41,46,-15
-40,71,-19
-40,82,-24
-36,104,-29
-31,112,-25
-15,112,-10
-11,99,-2
-6,96,3
-11,89,1
-12,89,0
-13,92,1
-10,87,1
-5,68,3
-4,62,6
-13,69,9
-13,60,11
-20,61,19
-19,70,20
-12,70,17
-11,67,19
-32,56,18
-42,41,13
-34,25,17
-33,26,21
-36,39,35
-48,47,15
-43,48,-1
-47,70,-14
-31,85,-7
-32,104,-8
-35,111,-7
-42,76,3
-45,62,6
-49,75,5
-49,68,-1
-47,54,-9
-41,47,-9
-20,40,2
-11,38,7
-2,37,5
-1,41,7
-11,57,9
-13,72,7
1,98,-12
-5,86,-14
-24,89,-17
-21,103,-10
-38,52,22
-58,66,52
-18,104,60
20,94,51
-9,40,13
-26,27,13
-26,20,-5
-20,23,-4
-7,25,-5
-15,38,-9
-18,42,-9
-18,62,-8
-13,75,-3
1,91,8
-15,92,4
-39,125,-7
-45,92,-1
-52,83,23
-43,91,26
-27,65,5
-29,55,2
-28,40,4
-21,31,10
-18,23,15
-24,24,9
-24,38,2
-24,50,1
-24,79,-3
-19,89,-5
-17,81,-7
-23,73,-5
-25,93,-4
-27,57,-4
-34,66,-6
-40,95,0
-38,97,1
2,77,33
41,42,47
103,24,52
75,37,28
18,43,21
-8,46,8
-6,48,12
-14,56,4
-25,84,6
-27,96,13
-17,87,10
-24,98,4
-36,78,7
-34,63,5
-39,83,1
-35,75,-1
-25,56,3
-23,47,7
-17,36,5
-18,40,-5
-25,36,-12
-55,27,-16
-54,33,7
-4,110,33
11,93,21
4,84,10
4,88,12
-1,104,16
-4,90,18
-23,82,14
-20,82,13
-2,76,19
-13,68,16
-2,38,16
6,27,21
-3,22,15
-3,24,10
-5,33,6
-13,43,4
-18,64,1
-19,72,0
-20,81,0
-18,86,-2
-26,98,8
-43,98,47
-92,60,26
-86,68,1
-61,75,0
-31,68,18
-14,73,34
-11,46,41
-28,30,22
-14,38,10
9,32,8
-1,46,-1
-3,63,-8
12,85,-8
15,79,-8
7,77,2
5,88,-2
3,89,6
-2,78,18
-7,95,16
-14,97,17
-23,81,32
-35,66,36
-38,41,23
-48,31,11
-16,35,23
-23,45,18
-26,51,11
-22,70,2
-29,74,-6
-44,66,-17
-47,70,-18
-52,79,-20
-46,86,-15
-36,62,-6
-39,69,-4
-47,96,-1
-51,99,5
-38,104,17
-34,93,26
-3,60,40
21,43,27
37,30,37
22,32,34
12,40,17
2,46,3
-9,64,-16
-2,64,-20
7,58,-15
-1,64,-16
0,69,-23
-1,101,-4
0,120,-5
-44,127,-33
-60,127,-21
-124,45,97
-128,62,48
-84,32,-11
-49,36,-5
-2,45,-1
2,44,-1
-9,40,-5
-11,40,-8
-19,51,-13
-24,57,-15
-37,85,-13
-54,117,-5
-68,89,-16
-56,49,-28
-50,64,-5
-69,85,-22
-45,109,-23
3,127,-17
26,116,10
15,76,9
8,53,8
12,34,9
2,27,5
-15,33,6
-19,44,6
-14,67,8
-11,71,7
-8,76,14
-53,127,127
-12,90,-2
-53,77,7
0,97,19
14,104,22
20,122,23
20,114,12
0,86,8
-19,76,4
-31,69,-3
-30,70,-8
-18,79,-15
-14,82,-12
-10,70,-14
-13,61,-18
-22,53,-26
-21,55,-27
-27,58,-29
-28,48,-26
-26,59,-27
-29,79,-25
-31,89,-30
-33,104,-26
-32,107,-23
-37,93,89
102,127,127
43,15,35
30,84,53
-2,51,38
-7,52,18
-19,80,-2
-37,80,-11
-42,86,-10
-34,104,-7
-22,79,1
-27,52,-1
-29,60,-5
-29,66,-4
-31,75,-6
-28,73,-5
-19,66,-2
-11,63,1
-7,53,1
-8,53,2
-8,52,4
-14,53,5
-15,56,7
-20,66,13
-24,72,28
-33,76,123
-45,85,68
-18,79,15
-16,60,5
-4,49,18
-3,64,25
-5,83,28
-19,85,9
-15,72,-11
-8,63,-14
-14,46,-20
-24,40,-20
-25,41,-12
-19,46,-7
-26,61,-4
-30,74,-4
-22,84,1
-22,85,4
-26,91,-5
-23,90,-6
-23,74,-2
-30,72,-7
-34,69,-9
-42,48,-11
-38,46,-4
-31,46,6
-31,46,12
4,71,106
53,80,88
-23,48,12
-9,57,19
-13,67,15
-13,69,10
-2,83,29
-10,93,29
-29,96,13
-29,91,10
-38,58,-5
-45,51,-8
6,70,2
1,68,6
10,70,22
10,70,27
1,54,14
0,33,12
-6,32,8
-18,35,4
-19,38,4
-12,48,6
-10,58,7
-14,86,12
-17,94,12
-26,100,6
-30,104,7
-37,85,7
-31,79,8
-23,70,9
-18,68,12
2,49,15
8,32,8
-9,14,1
-23,25,-2
-26,38,-2
-26,43,-2
-21,61,5
-18,67,10
-22,80,13
-28,85,9
-34,99,16
-35,104,18
-40,75,12
-13,68,20
-15,83,23
-18,73,25
-13,58,27
-17,38,18
-22,31,11
-26,31,3
-21,30,-1
-20,46,-2
-22,56,-3
-15,84,0
-8,89,0
0,85,-3
-4,79,-1
-16,85,-4
-16,81,-5
-24,48,-7
-30,47,-6
-30,78,0
-26,83,5
-22,73,10
-19,65,33
-62,64,127
-55,21,8
-46,11,-14
-12,30,-11
-9,35,-5
-5,52,14
-9,63,15
-18,78,9
-20,80,7
-27,96,6
-32,100,4
-29,72,4
-30,70,4
-29,71,8
-27,65,10
-23,53,14
-15,46,18
-3,42,22
-8,38,22
-8,42,21
-15,47,17
-26,56,8
-23,62,7
-15,80,6
-11,80,5
-12,72,6
-15,84,5
-18,68,-1
-24,79,-4
-26,88,-2
-28,73,9
-29,69,18
-25,46,26
-26,33,20
-18,35,23
-23,38,12
-28,45,-3
-20,47,0
-9,48,10
-6,45,15
-12,60,16
-17,65,12
-17,70,3
-22,82,0
-41,80,5
-43,76,4
-37,92,2
-31,88,4
-21,77,10
-17,64,10
-13,41,11
-20,21,-2
0,32,-2
7,43,11
4,47,7
-4,60,4
-11,68,3
-19,77,4
-23,79,-2
-25,89,-15
-31,95,-10
-20,72,1
-23,78,8
-9,84,10
37,97,37
17,61,33
4,43,27
-6,27,10
-10,20,6
-13,43,3
-12,61,5
-15,73,9
-14,66,11
-12,58,12
-13,62,8
-17,67,1
-18,78,-1
-17,83,-7
-10,80,-13
-11,82,-15
-12,81,-11
-9,69,6
25,77,92
41,51,55
-19,42,9
-40,34,-8
-12,46,-5
3,49,9
0,69,2
-7,81,-4
1,92,-15
3,86,-15
-12,75,-7
-22,87,-5
-7,77,4
-2,70,13
0,67,21
6,64,22
7,58,24
10,49,25
11,41,25
1,40,20
2,45,19
-2,51,23
-3,54,28
1,59,17
-7,72,11
-30,81,11
-27,71,10
-39,82,10
-38,83,15
-17,59,22
-20,64,21
-11,69,13
-8,58,10
-14,44,10
-17,41,10
-17,43,7
-15,45,7
-10,45,7
-11,49,8
-15,57,7
-16,65,7
-19,77,7
-20,80,9
-22,78,11
-18,83,30
-12,62,50
-22,98,57
-10,88,37
-11,86,28
-16,68,23
-14,32,15
-16,22,9
-23,19,9
-24,25,5
-19,42,5
-21,46,5
-22,51,7
-23,54,8
-22,64,2
-18,72,0
-12,81,3
-11,86,4
-19,92,2
-23,76,-1
-43,78,-6
-48,83,-5
-50,71,4
-41,48,23
-21,42,25
13,48,9
44,54,22
40,40,40
1,39,17
-28,54,3
-28,62,1
-36,83,-5
-34,90,-6
-21,80,2
-18,81,3
-17,87,-2
-20,72,0
-32,68,-3
-31,72,-5
-22,71,-6
-23,71,-5
-19,65,1
-15,54,5
-7,34,4
7,29,9
4,27,9
0,46,27
41,57,43
32,80,48
16,87,53
-4,83,39
-26,66,20
-34,95,3
-30,84,-5
-35,70,-9
-35,89,-8
-24,74,-6
-22,63,-3
-19,38,2
-15,28,3
-7,23,5
-3,27,7
-9,33,5
-10,42,2
-12,60,1
-16,70,0
-22,86,-2
-24,90,0
-32,92,1
-32,97,-1
-32,71,4
-36,60,5
-42,79,8
-46,94,34
53,127,99
36,51,23
12,28,23
12,21,16
-4,33,6
-16,27,-1
-9,38,3
-10,71,3
-15,82,-2
-15,73,-4
-16,65,-5
-24,66,-8
-30,71,-8
-35,88,-5
-33,86,-2
-25,73,7
-4,61,41
-72,96,40
-34,68,8
42,62,29
40,57,40
-3,27,15
-14,36,9
-25,33,-3
-23,34,-3
-12,50,1
-12,75,4
-11,90,2
-13,81,0
-22,72,-2
-30,84,-3
-32,68,2
-39,75,5
-32,83,3
-13,83,7
-13,80,10
42,72,73
52,64,72
-12,10,30
-36,4,4
-1,38,7
2,42,11
-2,65,14
-7,72,12
-16,77,5
-14,80,3
-14,78,1
-16,82,2
-23,76,4
-30,55,3
-25,59,1
-35,77,6
-42,77,6
-14,73,23
0,62,30
9,53,24
16,45,26
-9,30,16
-14,35,10
-19,41,2
-20,46,1
-16,67,0
-14,79,3
-13,79,-1
-20,71,1
-25,96,-3
-28,78,2
-40,82,10
-34,96,7
10,94,17
48,82,35
34,47,32
8,35,14
-18,30,-1
-14,31,-1
-13,33,-2
-17,41,-2
-18,52,1
-18,71,2
-17,74,2
-18,71,5
-19,72,6
-25,78,11
-26,71,10
-26,73,8
-24,84,9
-18,85,26
-33,83,31
-22,66,27
-6,59,27
-8,51,18
-9,48,12
-8,39,12
-9,40,9
-19,45,4
-25,56,-4
-25,66,-7
-25,74,-6
-29,62,-1
-25,57,0
-23,66,0
-31,80,5
-33,77,11
-45,78,11
8,94,22
105,85,53
42,66,31
14,57,33
1,58,15
-7,41,-6
-4,43,-9
-13,41,-20
-22,41,-21
-30,43,-14
-31,47,-7
-28,60,3
-28,70,5
-35,93,5
-32,98,7
-36,98,57
-44,61,47
-25,59,20
-29,55,11
-27,65,9
-8,68,21
-17,71,19
-56,76,9
-47,78,8
-38,71,4
-40,58,4
-34,43,16
-35,30,23
-42,16,22
-47,13,24
-59,16,30
-60,21,32
-49,29,47
-32,28,58
-39,28,60
-49,24,52
-42,21,56
-48,18,50
-34,24,57
-29,21,55
-18,23,53
-15,17,53
-14,16,52
-12,7,50
-4,14,40
2,-21,45
8,-17,59
-1,-24,38
6,-7,47
-6,-11,55
-8,-7,58
-3,0,51
6,8,56
-3,3,72
-7,-3,74
-7,-5,78
0,-2,84
9,-17,79
-2,16,80
-7,-4,66
0,1,65
4,-30,53
13,34,58
6,-41,48
8,-19,59
1,-5,55
-1,-3,60
8,-14,64
-1,-6,55
-1,-5,58
0,-1,62
-4,-1,63
-3,1,66
-7,-4,66
-11,-1,72
-2,7,81
-9,8,83
-13,7,77
-25,9,70
-18,15,74
-14,14,65
-16,11,58
-15,13,58
-6,9,52
-4,10,48
-8,11,58
5,4,60
-3,5,63
-14,3,56
-15,10,55
-13,3,76
-6,2,74
-24,-1,67
-7,-1,72
-14,-1,78
-24,4,78
-32,4,74
-33,-2,63
-26,-4,59
-13,0,57
-19,4,49
-8,4,49
-9,6,47
-7,6,44
-6,5,42
-3,4,43
-3,5,45
5,4,50
10,7,49
13,8,41
-4,14,42
-23,20,48
-23,21,53
-29,33,68
-24,36,73
-27,53,61
-36,53,43
-28,51,31
-25,56,29
-27,62,31
-34,62,34
-35,58,25
-19,54,23
-13,60,30
-47,56,-1
-60,56,-13
13,66,106
24,58,107
-56,49,39
-43,58,22
-65,69,-3
-38,65,19
-26,65,28
-42,80,34
-49,83,30
-82,78,-30
-7,47,-11
25,45,-4
-38,48,-31
-68,37,-46
-40,29,8
-30,22,5
-17,49,-14
3,52,-8
-41,30,-16
-50,28,-14
-44,29,-8
-50,34,-7
-43,34,-11
-48,47,-6
-61,50,-14
-54,63,-16
-49,68,-21
-67,80,-36
-54,81,-22
-27,67,-18
-18,69,-28
-30,77,-21
-36,68,-14
-46,45,-7
-42,37,0
-40,31,3
-42,26,2
-25,15,8
-27,10,9
-26,1,15
-15,2,25
-65,19,52
-67,25,26
-57,31,25
-40,41,25
-50,46,25
-67,62,17
-61,72,16
-40,67,12
-37,59,8
-39,58,9
-50,60,17
-31,39,7
-15,42,8
-13,43,-3
-30,49,-9
-15,62,-2
-12,59,4
16,54,60
17,51,53
-85,74,7
-61,67,3
-34,68,40
-61,67,24
-96,89,-22
-69,93,-20
-41,80,-34
-11,61,-19
-28,48,-25
-50,9,-25
-29,-1,-21
-50,23,-8
-21,32,8
-29,37,14
-31,36,14
-39,22,10
-45,24,15
-41,54,17
-17,11,14
-58,48,11
-91,60,-3
-33,65,31
-44,58,20
-91,61,9
-95,60,2
-53,33,-21
-44,34,-8
-70,41,-1
-76,41,-8
-53,33,-9
-42,28,-4
-23,19,18
-24,14,19
-23,9,20
-10,17,27
-6,28,33
-7,39,22
-7,52,19
-10,86,10
-16,105,3
-24,120,-13
-25,121,-20
-31,100,-15
-43,79,-6
-41,69,-14
-31,77,-15
-24,77,-17
-20,74,-13
-12,65,5
-11,57,11
-19,33,10
-23,24,8
-21,21,5
-19,26,7
-27,43,8
-19,49,12
-22,67,15
-30,76,12
-36,93,10
-35,87,14
-45,84,18
-63,78,12
-48,72,14
-27,75,12
-29,81,8
-29,85,7
-26,85,1
-20,77,-5
-13,68,-6
-9,47,-5
-13,43,-3
-12,39,-3
-11,39,-4
-10,43,-5
-11,48,-3
-5,59,-2
-6,61,-3
-10,66,-1
-12,67,0
-19,79,3
-22,84,8
-19,83,14
-34,90,6
-37,89,21
-41,78,31
-57,70,36
-46,44,36
-30,39,33
-34,37,20
-33,37,14
-33,42,3
-32,44,2
-29,52,0
-31,59,1
-31,63,0
-33,67,-3
-33,75,-5
-29,84,2
-24,95,11
-23,84,8
-34,86,7
-33,95,0
-15,92,4
-21,85,1
-13,60,-1
-12,52,4
-13,42,3
-6,38,2
-9,36,0
-4,44,10
-6,46,8
-11,57,3
-9,62,6
-11,64,5
-15,64,7
-19,83,10
-14,85,11
-15,84,14
-18,90,13
-33,100,10
-31,97,14
-43,81,15
-23,65,24
-19,43,26
-21,35,19
-21,36,15
-22,35,11
-25,40,9
-27,47,9
-29,63,11
-29,66,13
-29,67,21
-30,76,17
-43,85,17
-30,87,19
-28,85,16
-34,91,15
-34,97,13
-26,103,0
-12,102,1
6,76,15
-11,58,6
-9,42,11
-6,33,8
-2,27,10
4,29,13
1,37,15
-4,44,15
-9,55,8
-17,62,14
-16,76,5
-19,86,4
-19,92,5
-27,87,10
-46,96,18
-40,89,13
-28,90,11
-20,74,18
-22,57,15
-28,34,4
-23,33,8
-2,36,29
-14,42,23
-12,48,11
-9,52,14
-21,67,26
-18,68,25
-19,72,25
-21,69,25
-20,68,18
-23,76,15
-22,91,23
-13,82,22
-5,65,20
-2,70,19
-6,77,15
-8,76,14
-6,65,6
-2,58,5
-6,50,4
-4,47,4
-4,45,5
-4,46,4
0,51,6
1,64,8
-1,69,7
11,73,7
3,77,5
-4,89,10
-1,73,6
-16,73,10
-15,81,14
-15,78,15
-17,77,17
-12,66,16
-11,58,21
-17,44,18
-16,46,16
-19,47,16
-22,49,17
-24,52,17
-24,57,14
-28,60,17
-25,61,19
-15,68,21
-11,77,19
-29,84,23
-31,78,18
-22,76,19
-23,75,15
-11,78,17
5,67,24
-12,63,15
-4,55,19
-8,48,13
-14,42,9
-14,43,10
-17,40,0
-17,45,6
-13,51,9
-15,56,10
-17,64,11
-15,69,9
-12,77,18
-16,81,21
-11,86,19
-8,77,23
-21,67,21
-22,65,22
-15,67,27
-12,68,27
-13,65,25
-14,50,20
-13,43,17
-10,34,10
-9,35,9
-16,42,15
-17,41,12
-16,50,13
-17,59,17
-18,74,30
-21,77,31
-22,85,36
-27,100,40
-32,80,29
-11,64,18
-18,56,1
-27,57,4
-22,61,9
-26,66,6
-16,62,4
-16,57,4
-16,50,-1
-10,51,17
-4,49,18
-4,48,14
-11,52,3
-11,66,2
-11,71,2
-20,82,25
-18,81,27
6,84,-2
-14,77,-12
-57,51,-4
-46,42,3
-40,55,4
-42,63,9
-35,64,10
-29,59,11
-27,46,7
-30,39,4
-25,33,15
-15,34,15
-23,40,6
-26,44,7
-20,52,6
-25,57,4
-33,67,6
-31,73,7
-36,88,11
-31,90,7
-43,74,3
-38,62,4
-37,57,4
-36,56,3
-34,56,1
-25,57,2
-25,54,1
-23,50,3
-23,48,4
-13,49,8
-18,48,9
-15,48,8
-16,50,7
-21,60,7
-18,66,6
-24,77,8
-24,76,9
-21,88,11
-21,91,12
-23,59,13
-25,54,13
-25,61,12
-23,65,11
-17,69,7
-17,64,7
-21,48,10
-17,42,11
-19,37,10
-18,38,11
-19,40,12
-19,45,14
-21,50,14
-25,60,15
-27,68,16
-30,86,17
-33,95,18
-29,81,17
-30,73,15
-27,71,15
-23,70,11
-12,70,11
-24,70,5
-16,62,4
-14,56,4
-13,47,2
-9,44,7
-21,43,2
-22,43,-4
-16,44,2
-12,49,5
-10,59,5
-14,70,4
-13,73,5
-18,78,10
-20,87,11
-25,73,19
-28,64,24
-36,68,25
-38,70,15
-27,77,10
-22,76,13
-23,57,13
-22,45,12
-27,34,6
-31,37,2
-35,43,10
-60,42,3
-42,47,19
-51,56,23
-65,62,16
-56,65,26
-61,64,19
-64,66,18
-52,62,24
-46,58,20
-52,46,15
-43,39,11
-38,41,20
-35,40,31
-31,42,41
-13,49,63
2,43,52
-12,23,36
-18,15,37
-19,3,47
-24,1,49
-26,0,56
-21,1,60
-23,7,44
-23,10,45
-21,6,56
-20,10,60
-8,11,48
-5,11,36
-40,22,40
-61,29,45
-25,28,66
-18,32,74
5,31,80
-15,30,72
-20,21,62
-15,17,52
-10,17,54
-12,18,56
-15,18,52
-22,26,60
-18,26,64
-3,23,71
-4,24,73
2,16,65
-5,15,71
-3,14,67
-4,13,64
-12,11,59
-12,8,56
-10,6,55
-11,5,54
-13,8,59
-10,8,60
-1,9,56
2,12,64
-29,12,55
-15,10,55
-4,9,65
-1,8,65
-5,4,61
-1,5,67
2,6,68
4,5,69
-4,10,66
-6,16,74
0,9,84
-4,9,72
-4,10,67
-1,4,62
-1,4,64
0,13,62
4,11,58
4,9,54
5,6,56
8,4,54
9,-1,47
13,-1,53
14,0,55
10,2,57
9,6,61
14,5,68
10,5,69
9,10,71
7,8,67
2,13,56
0,10,35
-4,7,26
-28,11,19
-30,12,19
-21,19,16
-18,23,13
-9,33,6
-21,46,3
-48,86,34
-58,99,41
-43,103,42
-43,105,36
-43,92,28
-32,85,27
-18,88,24
-15,83,22
-32,75,4
-34,68,6
-31,58,4
-34,64,1
-30,57,-6
-27,46,-4
-27,56,4
-25,62,6
-39,69,-10
-47,63,-11
-44,58,-8
-49,47,-12
-44,43,-15
-29,45,-5
-34,41,-6
-12,43,-12
-14,48,-12
26,65,11
31,72,18
21,78,22
25,79,29
13,79,13
-5,89,11
-12,84,5
-17,78,-4
-42,50,-26
-30,51,-18
-4,66,1
-17,66,-8
-39,68,-10
-31,61,-2
-22,59,4
-18,60,10
-7,61,15
-23,54,-9
-44,48,-22
-41,47,-11
-30,45,2
-33,50,2
-36,55,7
-34,51,13
-31,49,11
-36,51,6
-37,55,8
-43,69,-1
-44,72,-3
-39,73,8
-33,75,15
-30,70,17
-27,74,10
-5,62,10
5,55,15
17,46,23
2,40,14
21,32,13
28,36,6
11,58,28
-5,61,-3
-37,68,-17
-38,81,18
-11,81,40
-8,69,39
-19,72,10
-22,57,30
3,59,30
-41,63,8
-34,56,15
-10,66,21
-3,71,31
-25,63,7
-72,66,-34
-1,71,1
32,75,21
-11,77,-8
-16,62,-2
-32,60,-14
-29,58,-8
-28,68,17
-28,65,17
-2,55,15
-1,55,9
-24,47,-10
-36,45,-12
-64,35,-24
-69,27,-10
-55,26,-17
1,50,0
-8,64,-1
-52,85,-22
-45,84,-12
-37,67,-6
-39,58,-11
-49,64,-2
-41,69,3
-23,77,-17
-14,67,-11
-52,44,-14
-47,31,-12
-53,28,-22
-62,27,-5
1,24,17
-29,36,10
-44,28,10
-43,29,5
-52,47,12
-57,59,26
-65,66,19
-54,41,13
-43,35,8
-50,53,29
-69,65,22
-56,47,-6
-51,41,-2
-52,37,0
-51,35,2
-53,23,5
-51,22,16
-59,28,11
-50,30,17
-13,28,39
-3,31,48
16,28,28
-32,24,-24
-87,23,-32
-61,26,-18
-40,21,-13
-37,30,-10
-33,43,0
-36,53,5
-34,65,5
-35,66,5
-40,82,-7
-45,85,-25
-31,82,-1
-46,69,-12
-49,68,-11
-5,71,1
-14,68,-8
1,55,-2
13,55,-5
-42,57,-39
-55,65,-24
-51,66,-10
-31,79,4
-40,77,-21
-25,66,-19
-42,35,-10
-36,16,-18
-32,25,-16
-22,30,-11
-30,46,-12
-22,49,2
-38,51,-9
-58,61,-17
-31,66,9
-30,59,9
-69,67,-34
-53,57,-37
-20,51,-16
-40,68,-6
-69,72,-28
-58,52,-28
-33,43,-15
-46,29,-9
-51,21,-9
-28,8,4
-28,4,9
-8,31,36
-34,27,21
-33,23,12
-43,33,10
-57,53,9
-51,58,8
-26,58,12
-13,60,16
-11,73,7
-15,81,-2
-44,83,-11
-62,86,-5
-53,89,23
-23,81,30
-5,67,41
-23,36,-1
-35,36,-11
-30,39,1
-19,37,2
-46,41,-19
-43,37,-30
-38,42,-30
-31,46,-23
2,66,36
-66,67,24
-62,93,35
-32,86,21
-44,60,-12
-39,67,-3
-28,68,4
-21,61,0
-22,68,-10
-19,66,-9
-14,53,-3
-10,49,3
-8,45,9
-11,44,9
-19,43,2
-21,43,0
-24,55,-2
-23,63,-1
-19,76,-2
-18,72,-2
-23,77,0
-33,87,1
-36,83,-1
-40,61,-1
-40,61,6
-36,70,30
-25,113,66
23,67,43
14,51,30
-9,43,14
-12,37,11
-20,34,-1
-23,32,-8
-19,34,-6
-17,38,-4
-18,52,1
-20,59,4
-50,65,-14
-45,67,-17
7,84,92
33,75,127
-47,91,36
-39,45,-8
-32,49,1
-21,60,2
-13,62,7
-19,67,3
-26,68,1
-45,63,-10
-42,59,-11
-21,44,25
-22,40,23
-16,38,10
-15,38,6
-13,43,4
-12,47,8
-19,49,7
-31,49,-1
-40,62,9
-25,44,95
-72,79,32
-128,107,-11
-5,65,16
7,73,24
12,70,25
9,70,18
-8,73,0
-2,66,2
2,61,2
-15,54,-2
-26,50,-24
-30,31,-22
-24,28,-19
-24,25,-14
-24,24,-16
-25,39,-24
-29,56,-27
-78,127,127
-105,66,127
-18,63,37
-24,60,6
-32,56,-16
-40,44,-15
-19,45,-11
-15,49,-14
-16,52,-11
-18,56,-6
-26,66,1
-27,66,7
-23,58,11
-26,52,1
-18,61,-3
-19,59,2
-9,53,5
-6,63,6
-13,74,-1
-25,79,-20
-29,78,-22
-16,71,-18
-18,77,-13
-41,69,-18
-35,55,-17
-15,51,12
-19,58,17
-36,69,5
-31,72,5
-25,72,6
-21,67,6
-20,48,2
-24,45,0
-26,51,-2
-21,55,2
-17,65,3
-19,70,8
-6,75,14
-9,81,16
-24,77,12
-35,75,3
-31,73,3
-14,67,15
9,64,22
-63,54,-56
-79,51,-58
-23,61,-25
-24,58,-25
-44,54,-18
-43,51,-6
-41,39,-2
-46,34,-12
-20,19,6
-18,18,5
-54,19,-12
-36,20,-7
-58,29,-22
-41,37,-11
-44,41,-12
-67,39,-21
-67,44,-2
-37,61,18
-56,67,0
-30,61,-4
-20,55,-13
-33,32,-10
-61,26,-24
-77,29,-29
-72,30,-10
-31,32,1
-19,38,12
-28,35,0
-38,38,-11
-39,61,25
-47,48,27
-57,51,0
-52,59,11
-56,66,50
-76,49,25
-85,35,-20
-76,60,-7
-23,43,-2
-34,41,-4
-51,40,-3
-48,45,6
-50,41,7
-44,37,10
-33,25,12
-22,26,6
-36,31,15
-35,38,12
-31,33,6
-55,36,1
-52,34,0
-63,37,-8
-70,40,-11
-74,48,-10
-69,54,-14
-64,64,-19
-66,70,-26
-26,82,-6
-2,83,4
-12,74,10
-28,62,2
-69,44,10
-67,35,6
-37,22,2
-23,22,9
-14,23,18
-17,22,20
-31,26,16
-42,35,18
-67,55,27
-74,65,25
-68,67,26
-76,63,22
-63,50,17
-21,32,11
-5,31,12
-35,34,-8
-48,43,-9
-57,50,-2
-57,49,8
-47,42,9
-51,36,7
-38,24,0
-29,25,0
-26,39,15
-33,44,17
-41,48,12
-45,46,12
-57,48,19
-62,47,19
-57,44,20
-57,42,23
-78,48,-2
-77,53,-7
-47,57,-2
-27,62,2
-23,79,0
-27,74,6
-47,68,31
-52,46,13
-41,35,9
-23,22,5
-19,17,5
-22,16,8
-23,19,13
-27,31,20
-35,40,26
-62,61,37
-79,59,24
-50,53,35
-52,51,40
-95,72,22
-86,62,5
-24,36,2
2,35,11
-22,40,-2
-45,49,-8
-56,59,-13
-45,61,4
-25,55,15
-23,50,9
-36,36,-1
-42,32,7
-44,29,10
-47,30,10
-48,31,6
-51,39,3
-54,44,7
-56,48,6
-60,51,7
-72,54,3
-77,61,-6
-57,65,-16
-46,64,-12
-4,71,9
4,78,16
-36,68,20
-71,62,18
-66,48,6
-47,39,4
-17,28,9
-9,24,15
-12,20,18
-21,18,17
-31,25,17
-41,35,16
-68,55,28
-67,53,23
-56,53,35
-65,48,32
-74,56,21
-54,51,15
-38,49,11
-28,48,6
-25,50,1
-34,53,-5
-37,53,-6
-48,54,5
-55,42,9
-29,39,3
-26,40,-5
-43,37,-1
-41,41,4
-41,50,-12
-82,45,-27
-34,41,-9
-37,31,-15
-45,11,-28
-48,4,-27
-78,-1,-26
-58,21,-17
-47,35,-28
-56,64,-61
-73,64,-61
-2,118,23
-2,115,-5
-8,101,16
-21,78,10
-47,75,-12
-31,48,-2
-52,16,-12
-43,3,-10
-52,-12,-6
-37,-16,2
-19,-22,11
-27,-9,11
-76,31,1
-90,38,-7
-74,58,-15
-81,92,0
-55,116,24
-36,87,39
-39,64,-18
-41,80,-24
-3,62,15
3,53,2
-42,79,-6
-53,72,-9
-43,71,-11
-47,40,-25
-51,23,-31
-48,-4,-11
-44,-17,3
-46,0,6
-43,13,4
-44,25,-12
-50,35,-24
-61,70,-17
-60,75,-19
-54,77,-9
-52,74,-9
-57,72,-24
-46,68,-26
-33,75,-10
-19,81,4
-10,85,11
-14,74,7
-44,57,4
-53,53,11
-34,37,7
-24,22,-13
-21,27,-6
-34,29,3
-35,27,9
-33,28,13
-46,29,8
-61,18,-1
-74,21,-7
-88,52,-2
-83,48,-5
-72,50,-1
-60,58,-1
-40,70,-4
-28,64,-1
-24,44,-4
-22,40,-1
-29,37,-3
-36,34,-10
-58,27,-22
-56,24,-21
-32,23,-7
-28,23,-1
-32,28,-2
-48,32,-13
-60,49,-2
-65,51,0
-48,65,2
-57,66,3
-61,62,4
-65,56,-10
-62,59,-16
-39,63,-11
-26,63,-4
-22,77,5
-14,90,23
-55,69,15
-62,62,16
-41,31,10
-14,18,10
-12,14,25
-9,18,25
-8,26,29
-14,29,29
-41,39,22
-49,47,31
-67,59,30
-66,58,27
-50,52,40
-49,55,42
-84,43,9
-52,55,-6
-30,49,9
-11,47,4
-20,53,-3
-33,62,6
-41,58,-2
-52,47,1
-40,41,2
-36,33,-5
-43,27,-6
-52,18,-2
-53,16,0
-53,27,8
-57,28,2
-62,39,-6
-58,44,-7
-49,55,0
-56,56,7
-64,57,-7
-58,62,-11
-46,60,-10
-36,61,-5
-39,68,-5
-39,77,-3
-21,72,34
-45,46,7
-46,37,0
-36,26,-3
-26,25,-2
-26,25,8
-33,26,14
-43,39,14
-46,43,26
-65,38,21
-70,42,11
-67,56,24
-58,55,35
-62,35,27
-57,39,11
-45,56,4
-33,63,7
-24,44,-7
-24,49,-10
-34,57,3
-45,57,1
-53,41,-11
-34,35,-7
-35,32,15
-37,27,6
-69,32,-5
-69,39,16
-43,47,8
-30,51,13
-29,51,17
-44,52,10
-47,49,4
-50,49,-7
-75,53,-16
-78,57,-9
-51,56,10
-20,58,7
-22,62,-2
-48,64,3
-53,53,3
-51,34,-6
-36,30,-3
-20,24,6
-21,25,9
-28,36,7
-33,43,12
-34,50,16
-50,57,17
-61,54,2
-59,51,0
-54,48,23
-78,51,10
-81,52,0
-55,61,3
-19,53,12
-24,41,-8
-32,42,-13
-43,47,0
-52,41,-3
-42,41,-5
-40,43,-4
-31,39,-1
-24,42,5
-40,41,2
-46,43,2
-47,49,8
-56,47,2
-51,38,1
-43,49,2
-48,49,9
-51,51,10
-65,57,14
-66,60,5
-50,66,-4
-38,65,0
-7,66,16
-8,72,17
-34,74,26
-48,62,36
-50,56,31
-34,43,25
-20,36,23
-4,23,20
-4,22,19
-4,20,28
-2,21,32
-8,37,53
-11,44,62
-32,54,50
-34,59,53
-22,64,72
-32,66,73
-30,54,38
-18,46,28
-13,36,22
-25,34,17
-35,45,23
-37,48,31
-41,47,36
-28,43,43
-35,38,23
-31,39,34
-28,38,39
-35,34,28
-28,34,31
-30,39,30
-30,41,30
-24,46,32
-24,49,34
-43,45,20
-41,47,26
-38,55,54
-35,57,54
-41,51,47
-42,47,43
-43,50,30
-35,49,21
-15,61,16
-11,71,18
-16,82,30
-16,78,41
-27,64,45
-25,53,38
-20,39,30
-19,35,22
-12,34,17
-9,35,17
-12,36,19
-12,42,28
-7,42,36
-7,46,48
-27,54,47
-21,69,60
-11,73,58
-30,73,62
-36,64,48
-8,45,20
-6,44,19
-31,50,15
-29,54,18
-38,58,27
-37,56,34
-39,53,32
-35,52,30
-39,43,26
-39,42,33
-28,31,32
-30,30,34
-47,34,31
-43,35,40
-37,35,41
-42,30,41
-41,28,39
-37,27,46
-36,26,48
-44,20,39
-40,22,43
-45,54,48
-45,66,42
-16,79,24
-12,82,25
-21,73,31
-27,63,30
-32,44,40
-28,41,42
-32,45,33
-27,43,23
-23,40,27
-17,40,32
-26,44,38
-21,42,39
-18,41,34
-21,38,34
-30,31,33
-34,28,32
-41,38,43
-41,48,44
-41,49,41
-37,54,40
-41,56,35
-45,60,41
-46,56,32
-42,48,14
-35,49,16
-36,41,12
-31,39,14
-32,41,22
-38,43,22
-35,43,23
-30,41,23
-34,38,16
-33,37,18
-40,39,23
-35,38,23
-39,40,27
-43,40,31
-49,32,25
-49,30,23
-32,39,29
-32,46,21
-50,59,12
-70,51,-1
-67,49,-1
-47,55,5
-47,53,-3
-44,62,-1
-55,72,9
-70,47,-3
-64,32,-7
-55,14,4
-45,13,9
-23,13,7
-20,20,1
-56,46,-1
-43,51,9
-15,45,32
-28,40,27
-52,35,13
-62,36,8
-65,41,26
-64,41,36
-80,43,15
-78,48,5
-53,55,5
-34,51,13
-34,41,3
-45,43,4
-43,48,12
-45,47,9
-50,38,0
-42,31,-2
-44,30,3
-45,31,5
-46,36,18
-51,29,7
-54,27,4
-59,29,3
-57,29,3
-57,21,9
-59,12,5
-71,10,-8
-72,19,-9
-70,35,-17
-73,38,-31
-55,55,-31
-44,71,-21
-6,98,18
-24,102,35
-92,49,2
-73,50,2
-37,21,14
-12,20,21
-16,20,17
-37,25,16
-47,26,9
-80,34,18
-82,37,12
-87,50,17
-83,50,21
-68,58,-13
-53,55,-4
-8,43,12
-10,43,3
-68,61,-6
-69,59,-5
-51,50,-4
-43,44,2
-35,32,2
-34,24,-2
-27,4,-3
-30,-5,-3
-46,11,0
-49,16,-6
-48,36,-20
-53,57,-10
-61,63,-6
-60,76,-4
-56,77,-12
-87,76,-35
-69,75,-35
-21,89,3
-18,93,-4
-39,89,-8
-46,77,-6
-31,32,-4
-34,-3,-9
-30,-22,6
-25,-14,8
-23,4,12
-15,17,11
-27,28,11
-40,46,9
-71,51,7
-74,59,2
-58,76,12
-70,89,37
-60,65,32
-61,53,4
-69,48,-38
-45,52,-20
-2,55,1
-18,80,-12
-25,86,4
-44,68,-5
-50,56,-18
-45,32,-16
-44,19,-17
-47,-10,-6
-51,-18,3
-51,4,3
-47,14,-3
-58,30,-16
-60,44,-10
-47,54,-5
-55,60,1
-66,69,-11
-69,72,-22
-62,70,-31
-44,71,-22
-21,86,10
-21,90,6
-33,88,1
-49,77,-8
-36,48,-9
-34,22,-8
-29,10,-1
-19,-8,9
-17,-14,10
-28,1,8
-40,13,1
-58,27,-3
-60,33,4
-61,54,6
-57,73,12
-71,99,17
-80,99,5
-52,79,-9
-2,60,5
-10,55,-16
-30,65,-24
-42,82,-9
-42,74,-3
-48,64,1
-39,54,-4
-35,30,-8
-38,17,-8
-36,-4,-3
-43,-12,0
-60,-1,-6
-61,9,-6
-53,24,-7
-48,42,-10
-63,52,-15
-57,83,-2
-51,87,-3
-66,95,-20
-50,86,-13
-13,89,3
-15,87,0
-26,73,-2
-35,64,-6
-38,42,-1
-38,35,-2
-48,14,-7
-46,8,-6
-22,-1,5
-10,-5,9
-22,5,15
-40,15,13
-74,38,1
-79,51,-8
-74,87,3
-62,94,10
-67,93,25
-58,74,-16
-29,63,-3
-13,41,0
-22,41,-9
-55,58,-8
-63,64,-14
-51,59,-15
-42,46,-9
-35,25,-5
-29,13,-4
-22,-3,-3
-27,-6,6
-54,12,-7
-56,15,-12
-49,29,-11
-53,41,-11
-53,60,-17
-62,74,-10
-71,79,-13
-67,75,-18
-58,74,-23
-49,73,-26
-36,81,-11
-28,85,-8
-17,81,-9
-12,60,4
-23,45,8
-22,23,-6
-26,8,-29
-19,4,-28
-23,10,-26
-30,22,-31
-42,27,-38
-34,32,-55
-20,36,-50
-12,54,-53
-18,64,-57
-32,54,-59
-19,47,-58
-6,46,-58
7,53,-53
-8,65,-65
-11,55,-45
15,29,-17
-15,33,-19
-3,40,-32
8,38,-35
-3,42,-32
-3,38,-32
3,34,-41
-4,36,-45
-7,36,-50
-8,39,-49
0,42,-52
-4,47,-51
0,41,-49
0,32,-65
-3,40,-66
4,49,-59
9,58,-63
3,81,-47
-3,86,-28
6,83,-17
4,82,-29
0,65,-45
2,54,-46
3,33,-34
2,21,-27
-10,1,-12
-13,-7,-29
-10,3,-40
-2,12,-48
-10,35,-52
-6,49,-52
-9,63,-62
-21,75,-63
-24,71,-63
4,64,-55
6,63,-52
-11,53,-35
-6,50,-31
19,41,-25
14,40,-28
0,53,-33
1,54,-39
0,46,-42
-1,41,-42
5,36,-44
2,35,-42
0,34,-40
-9,33,-46
-10,33,-39
1,27,-40
9,29,-50
14,31,-58
-7,41,-67
-12,47,-65
-7,56,-69
-11,57,-65
-17,62,-36
-15,63,-24
-9,65,-31
-14,73,-59
-9,63,-61
-1,41,-45
0,32,-32
-7,22,-13
-11,17,-8
-16,13,-22
-14,15,-31
-13,18,-47
-16,28,-50
-20,55,-55
-15,63,-56
-11,60,-75
-4,59,-74
1,59,-74
-1,60,-60
-7,52,-34
-4,47,-31
12,42,-32
12,47,-34
-6,47,-45
-5,46,-44
0,41,-38
1,35,-33
1,33,-35
-8,31,-40
-9,29,-41
-6,30,-43
-7,28,-50
-3,24,-60
-2,27,-56
-6,35,-56
-11,40,-69
-14,47,-72
-11,49,-65
-6,52,-61
-6,52,-55
-11,60,-23
-13,65,-11
-13,69,-23
-14,65,-36
-24,48,-52
-25,45,-51
-17,28,-31
-25,25,-32
-44,23,-56
-46,23,-59
-18,24,-25
-33,32,-19
-39,34,-19
-47,38,-17
-45,42,-19
-57,48,-7
-72,44,2
-64,32,-3
-48,41,-7
-32,65,-19
-24,71,-16
-48,55,-14
-44,52,-12
-47,54,-14
-46,51,-10
-40,37,-6
-37,27,-19
-25,14,-21
-28,13,-14
-53,20,-7
-66,20,-5
-67,24,-10
-49,12,-22
-56,7,-33
-51,51,-15
-55,66,-17
-64,89,-32
-55,61,-39
-50,53,-37
-49,52,-41
-30,53,-24
-19,70,-9
-19,71,5
-30,68,-6
-44,55,-13
-61,42,-27
-50,23,-16
-44,21,-8
-25,17,-3
-23,17,-4
-32,23,-6
-41,30,-7
-55,48,-8
-61,51,-17
-62,62,-17
-73,53,-1
-67,41,-14
-70,32,-40
-55,67,-31
-38,44,-16
-16,42,-22
-29,50,-24
-32,51,-27
-31,43,-12
-28,37,-17
-18,32,-22
-32,33,-25
-37,31,-33
-37,33,-33
-40,40,-32
-38,38,-27
-39,37,-36
-44,39,-37
-43,43,-36
-48,43,-40
-52,43,-53
-49,46,-55
-45,50,-47
-44,59,-35
-19,84,-10
-14,80,-3
-38,64,-17
-48,50,-26
-62,30,-29
-54,21,-19
-28,18,-12
-17,16,-6
-14,22,-1
-31,27,-3
-41,31,-4
-53,42,-8
-59,47,-15
-63,48,-30
-60,56,-19
-70,46,6
-66,39,-11
-60,51,-44
-27,58,-45
-26,68,-18
-17,58,-17
-18,43,-34
-26,50,-30
-32,44,-22
-35,38,-26
-28,35,-25
-21,36,-19
-32,39,-13
-39,39,-17
-46,39,-27
-47,38,-26
-39,36,-26
-55,44,-27
-55,41,-28
-63,50,-28
-64,53,-30
-69,73,-30
-54,77,-28
-25,64,-7
-11,54,-3
-17,53,-9
-32,51,-10
-52,43,-16
-46,45,-10
-40,28,-14
-42,23,-22
-38,19,-18
-40,24,-8
-25,27,5
-24,29,17
-51,40,3
-62,43,-11
-70,62,-15
-68,55,8
-60,45,-5
-66,48,-24
-45,63,-34
-18,56,-5
-12,54,-18
-38,47,-39
-35,51,-34
-37,46,-14
-35,38,-17
-21,30,-17
-24,31,-17
-37,32,-17
-39,31,-18
-41,33,-22
-44,37,-23
-44,39,-31
-44,45,-27
-48,48,-33
-50,45,-33
-53,47,-46
-51,50,-52
-38,53,-38
-31,66,-24
5,85,-10
-5,95,-9
-46,83,-11
-76,43,-30
-70,29,-32
-25,26,-11
-10,7,-9
-5,12,1
-9,17,9
-34,32,5
-48,45,0
-83,71,-15
-102,74,-29
-72,69,15
-74,59,12
-54,47,-9
-56,43,-3
-24,44,-4
-6,38,-7
-12,34,-11
-32,34,-18
-58,53,-11
-58,47,-12
-35,36,-8
-22,33,-11
-33,28,-18
-43,29,-17
-51,28,-30
-54,31,-22
-48,28,-25
-48,30,-28
-53,34,-32
-61,46,-37
-64,47,-37
-48,45,-50
-55,46,-47
-30,63,-26
-22,68,-27
-10,86,-13
-20,87,-16
-59,67,-22
-72,51,-27
-51,27,-27
-31,22,-14
-12,19,4
-2,22,8
-19,28,1
-34,32,-4
-49,37,-12
-49,47,-9
-51,53,-21
-63,61,-30
-75,59,-10
-72,60,-31
-53,62,-40
-17,63,-7
-7,50,-7
-12,37,-29
-25,45,-29
-38,57,-16
-39,51,-22
-31,40,-22
-31,38,-15
-32,34,-24
-42,35,-19
-32,36,-20
-37,36,-20
-44,35,-31
-43,35,-38
-62,40,-42
-46,43,-37
-45,54,-19
-62,55,-28
-50,65,-38
-73,64,-51
-38,62,-35
-9,59,-16
-5,63,19
-19,57,12
-86,46,9
-59,21,13
-34,13,14
-14,8,22
-18,9,21
-27,17,29
-47,28,34
-57,37,25
-65,48,25
-70,51,42
-66,45,50
-79,38,31
-71,35,11
-55,48,8
-30,44,12
-37,33,4
-50,34,7
-79,32,11
-70,32,23
-41,25,19
-21,25,20
-20,31,19
-33,30,24
-36,26,37
-39,25,40
-42,27,41
-46,31,39
-46,34,45
-42,41,51
-45,41,49
-52,50,32
-56,62,24
-42,67,26
-31,70,32
-17,69,36
-28,67,40
-46,52,34
-37,45,34
-26,39,42
-21,31,36
-16,22,27
-34,21,26
-43,20,24
-44,21,39
-52,24,48
-61,26,46
-66,30,39
-66,28,34
-66,19,23
-61,23,24
-61,19,22
-55,11,16
-44,15,20
-43,16,37
-47,7,35
-58,0,27
-63,-1,26
-44,1,47
-45,2,53
-63,-6,30
-70,-9,18
-53,-16,33
-37,-15,47
-28,-15,42
-20,-20,39
-35,-21,11
-52,-27,26
-60,-19,50
-48,-20,43
-49,-33,18
-62,-20,41
-85,-17,40
-85,-21,26
-54,-21,34
-41,-16,38
-36,-12,33
-21,-11,30
-19,-11,35
-25,-21,22
-25,-25,8
-21,-19,28
-32,-24,32
-43,-25,61
-58,-28,57
-60,-27,72
-62,-26,81
-74,-17,77
-63,-15,60
-48,-11,48
-48,-12,46
-50,-10,40
-48,-7,34
-39,-4,32
-35,-3,28
-27,-3,22
-27,-2,24
-36,-5,19
-32,-8,19
-31,-8,35
-34,-11,58
-35,-12,62
-47,-8,58
-50,-4,58
-54,-4,52
-61,-6,53
-71,1,60
-68,7,59
-64,14,47
-65,15,46
-57,11,42
-49,10,42
-39,10,39
-38,7,36
-36,4,35
-34,0,32
-39,-3,32
-48,-3,35
-49,-5,38
-51,-4,37
-61,-2,41
-65,-2,46
-59,-10,53
-51,-16,50
-60,-25,39
-60,-28,39
-63,-24,38
-63,-9,36
-62,-6,32
-56,3,37
-50,6,36
-51,5,24
-45,8,28
-50,22,34
-51,24,35
-41,25,36
-40,25,34
-42,19,30
-41,18,32
-37,17,36
-38,13,32
-47,9,33
-52,11,43
-58,10,48
-60,11,47
-60,13,48
-59,12,46
-53,13,48
-49,12,46
-41,12,44
-39,12,39
-35,13,41
-37,19,44
-41,20,43
-41,24,44
-46,25,47
-36,19,49
-39,22,58
-39,17,52
-40,14,48
-37,11,49
-40,13,50
-44,16,49
-44,13,47
-41,9,48
-46,10,48
-41,13,48
-42,13,47
-41,11,43
-40,10,42
-47,11,43
-47,11,45
-45,14,42
-45,15,40
-43,13,39
-47,15,45
-47,16,45
-44,19,44
-44,22,41
-54,24,39
-58,22,39
-59,19,37
-56,18,34
-54,15,29
-53,14,26
-47,10,21
-43,10,23
-52,14,28
-60,17,29
-62,16,30
-62,16,30
-61,15,24
-60,12,23
-57,11,30
-59,8,26
-50,5,26
-53,4,24
-36,6,43
-38,9,51
-68,25,35
-79,32,27
-45,14,43
-52,14,32
-57,4,31
-52,12,36
-55,9,33
-57,6,31
-54,6,31
-51,9,30
-45,10,36
-61,9,32
-53,9,39
-48,16,38
-52,18,36
-42,18,42
-44,22,44
-40,17,44
-30,8,32
-63,24,45
-41,40,58
-40,29,48
-37,24,48
-44,19,39
-45,21,43
-44,21,42
-38,21,46
-38,24,47
-52,15,39
-52,13,37
-45,18,41
-41,22,45
-45,25,42
-40,16,38
-40,15,46
-39,20,45
-37,27,48
-35,25,48
-33,24,49
-43,24,50
-37,18,48
-39,22,50
-39,25,47
-42,27,49
-37,22,45
-36,22,48
-36,23,48
-36,24,52
-35,24,51
-33,23,50
-34,26,50
-33,27,51
-31,27,52
-30,24,51
-29,21,49
-30,21,50
-33,24,51
-32,22,50
-33,22,51
-29,19,48
-28,18,50
-28,21,51
-43,20,51
-32,27,53
-34,24,53
-39,18,46
-36,23,51
-39,21,52
-34,21,49
-6,31,45
-19,31,51
-35,19,39
-30,20,45
-44,18,53
-46,20,51
-51,21,50
-46,25,55
-33,26,51
-30,29,54
-44,22,41
-36,24,34
-41,25,45
-46,21,48
-39,20,49
-36,18,45
-23,22,45
-48,28,43
-57,27,45
-74,25,46
-58,18,46
-39,6,47
-26,-2,47
-20,-5,45
-25,-2,41
-42,7,22
-58,12,10
-39,18,4
-38,22,-3
-66,38,-12
-44,41,-6
-59,47,-24
-99,56,-18
-94,53,-6
-50,36,12
-38,32,7
-63,26,-10
-62,30,-10
-47,38,-2
-47,39,0
-51,37,-9
-43,36,-9
-51,35,-26
-47,36,-23
-56,35,-22
-55,35,-19
-56,34,-15
-49,34,-16
-52,35,-19
-49,36,-21
-52,37,-19
-53,36,-18
-52,38,-15
-54,40,-12
-56,38,-9
-57,36,-8
-56,33,-12
-57,32,-8
-54,32,-7
-50,30,-9
-54,29,-12
-53,29,-10
-52,29,-8
-51,35,-5
-53,35,-6
-51,37,-3
-53,38,-1
-55,35,1
-53,36,0
-49,40,-2
-47,41,-1
-48,42,1
-49,43,2
-51,42,2
-57,38,2
-57,37,1
-56,36,-1
-53,34,-4
-55,33,-5
-57,33,-1
-58,33,-2
-55,34,-5
-56,32,-6
-57,31,-7
-56,31,-6
-55,32,-7
-53,33,-6
-53,34,-6
-54,34,-2
-53,35,-3
-51,40,0
-52,37,0
-56,37,-2
-54,35,0
-55,35,-4
-51,35,-4
-53,37,-5
-51,35,-4
-55,34,-4
-54,34,-4
-54,35,-4
-53,35,-5
-52,36,-4
-52,36,-4
-51,37,-3
-50,38,-4
-47,39,-3
-41,42,-6
-43,43,-1
-32,46,0
-21,45,-11
-16,52,-10
-34,51,-22
-40,51,-27
-33,51,-23
-28,50,-9
-35,52,0
-53,59,19
-78,57,39
-92,72,6
-72,59,-10
-49,56,-12
-39,53,-4
-16,57,6
-20,55,0
-25,56,-3
-24,58,-1
-15,57,-5
-5,58,-4
-18,62,-16
-32,57,-17
-29,56,-18
-26,57,-11
-29,56,-9
-46,52,-3
-55,56,4
-51,51,-21
-45,52,-34
-37,57,-16
-36,55,-15
-23,55,-13
-28,54,-14
-31,55,-17
-30,56,-16
-24,57,-9
-26,57,-9
-27,57,0
-27,57,-1
-29,58,0
-27,59,1
-29,57,-1
-28,57,-1
-26,57,2
-27,58,3
-28,57,0
-28,58,1
-28,57,-1
-30,61,2
-29,61,3
-30,59,3
-31,59,3
-31,57,1
-30,56,0
-33,56,0
-34,55,-3
-42,53,-12
-40,54,-9
-27,55,2
-26,56,5
-32,55,2
-36,55,-2
-36,56,-6
-35,55,-6
-31,57,1
-31,56,-1
-36,57,1
-31,55,-2
-30,56,-9
-33,56,-6
-29,59,6
-28,55,-4
-30,57,-1
-30,58,0
-24,58,5
-32,57,2
-47,56,-7
-34,54,-3
-35,55,-3
-37,55,5
-36,55,4
-33,55,3
-30,55,2
-34,57,7
-30,57,4
-31,57,6
-34,58,5
-29,56,4
-32,59,13
-29,55,2
-26,54,1
-28,59,8
-28,57,8
-40,58,15
-31,58,9
-30,56,8
-28,54,4
-31,57,10
-32,56,5
-32,55,3
-33,58,8
-33,57,9
-30,57,14
-33,56,10
-30,55,9
-33,57,11
-37,56,4
-40,57,3
-37,54,7
-36,52,6
-30,54,10
-28,55,12
-25,56,14
-25,56,13
-27,57,18
-26,57,17
-25,58,21
-29,57,22
-23,53,17
-24,57,18
-25,57,16
-25,54,13
-29,55,17
-30,54,17
-31,55,17
-33,56,14
-33,57,15
-32,57,14
-33,56,13
-33,56,15
-32,55,14
-31,54,15
-33,54,14
-34,54,10
-32,55,13
-33,55,14
-30,54,12
-31,55,16
-29,53,14
-28,52,15
-30,51,14
-34,50,13
-34,52,14
-35,56,13
-34,59,14
-39,62,20
-37,58,13
-34,57,8
-36,55,29
-35,50,29
-24,49,18
-12,50,30
-42,59,12
-52,58,8
-14,47,17
-20,45,14
-12,50,14
-7,49,11
-8,43,8
-9,46,6
-7,54,11
-11,51,8
-5,54,14
-8,47,14
-14,33,9
-12,37,9
-11,31,20
-16,40,20
-25,55,17
-27,59,18
-19,63,18
-15,61,19
-15,72,34
-41,59,22
-37,63,26
-17,49,26
-26,61,24
-11,65,38
-18,56,34
-29,76,16
-22,76,18
12,79,40
12,82,37
0,75,46
-1,69,43
2,86,30
-9,78,33
-26,69,37
-15,60,42
-5,66,44
7,65,48
6,57,31
11,57,43
9,64,41
17,64,41
17,59,38
18,56,50
8,54,31
14,47,39
13,39,31
5,40,30
4,42,45
10,53,49
16,58,44
5,74,23
-18,92,11
-10,82,27
-29,82,22
-53,77,17
-71,73,21
-92,51,16
-90,42,14
-91,12,3
-92,2,-8
-87,10,-7
-84,3,-10
-65,7,8
-64,2,-3
-58,4,4
-55,5,13
-47,0,5
-59,2,-2
-44,3,6
-43,0,-8
-79,10,-16
-79,12,-21
-64,2,-23
-51,-1,-11
-53,-3,-15
-67,-2,-4
-62,-2,-3
-59,-14,-7
-48,-16,-1
-51,-1,-11
-53,-3,-15
-67,-2,-4
-62,-2,-3
-59,-14,-7
-48,-16,-1
-47,-21,-18
-59,-17,-21
-40,-11,-11
-28,-13,-18
-48,-10,-50
-47,-8,-52
-20,-1,-21
-31,-1,-38
-31,5,-21
-45,0,-39
-26,-13,-45
-42,-17,-42
-35,-25,-32
-26,-25,-35
-38,-29,-53
-38,-27,-52
-39,-24,-50
-36,-20,-55
-36,-20,-59
-21,8,4
-24,0,-19
-32,-25,-59
-41,-25,-54
-42,-17,-40
-43,-31,-46
-45,-20,-52
-42,-22,-69
-25,-17,-85
-7,-12,-67
48,6,-26
-17,4,-15
-37,-10,-51
-46,-5,-82
-23,-7,-79
-16,-11,-76
-17,-7,-66
-18,-4,-60
-12,-8,-83
-12,4,-84
-3,6,-70
-14,7,-37
-9,2,-42
-16,-8,-75
-12,-8,-67
-7,-3,-55
-17,-3,-64
-17,-3,-74
-10,0,-73
-6,8,-61
-10,4,-57
-13,-1,-60
-29,-3,-59
-28,-1,-52
-34,0,-59
-28,-2,-68
-19,-3,-65
-22,-9,-69
-16,-12,-70
-15,-14,-58
-22,-13,-56
-20,-8,-40
-24,-9,-41
-23,-14,-48
-26,-16,-44
-27,-15,-40
-29,-19,-45
-33,-17,-43
-37,-19,-42
-48,-18,-39
-53,-16,-38
-55,-16,-33
-50,-17,-29
-54,-13,-17
-62,0,-6
-65,-4,-18
-47,1,-9
-48,9,-18
-63,1,-38
-71,10,-16
-61,16,-8
-44,9,-9
-14,15,14
-2,15,22
-24,44,7
-67,58,-16
-57,65,-15
-46,73,-12
-64,80,-11
-62,87,26
-41,79,37
-34,66,14
-32,65,6
-35,63,3
-38,61,2
-31,57,9
-28,55,10
-28,52,10
-30,52,7
-30,59,4
-33,67,5
-28,65,5
-25,63,7
-21,64,13
-16,64,17
-7,62,25
-10,63,28
-8,69,27
-24,65,13
-41,52,-2
-36,45,0
-30,38,-4
-40,45,0
-37,55,19
-37,49,25
-38,49,25
-43,42,22
-45,43,22
-44,56,23
-39,58,24
-31,67,32
-33,64,27
-18,56,26
-15,54,24
-18,55,21
-19,53,19
-18,52,19
-24,58,17
-37,60,8
-39,57,5
-47,56,0
-48,55,1
-47,49,1
-44,45,1
-43,38,5
-48,33,15
-63,22,35
-65,26,32
-56,37,22
-51,48,17
-44,50,18
-34,43,18
-35,43,16
-42,44,11
-48,44,7
-55,43,-4
-61,43,-8
-61,41,-6
-60,39,-4
-53,41,0
-53,42,7
-54,39,10
-63,38,5
-75,38,-8
-68,37,-7
-38,32,2
-34,29,3
-33,24,0
-38,22,-5
-40,21,-11
-39,23,-13
-49,25,-21
-54,26,-25
-56,25,-29
-58,25,-30
-59,25,-30
-55,26,-30
-55,27,-33
-57,28,-43
-63,29,-46
-62,25,-45
-67,21,-45
-62,21,-38
-49,20,-36
-45,12,-44
-45,9,-46
-51,9,-52
-47,7,-52
-37,4,-45
-34,3,-44
-35,2,-32
-44,3,-21
-54,1,-27
-56,-1,-32
-33,9,6
-67,1,-14
-65,-5,-23
-67,-5,-13
-88,4,8
-67,-5,15
-77,-2,25
-59,-10,25
-58,4,35
-70,-1,4
-63,-2,18
-71,5,32
-62,2,34
-48,-8,22
-40,-9,22
-46,-10,20
-52,-14,19
-49,-15,22
-40,-14,30
-48,-24,3
-44,-25,-2
-54,-17,-6
-65,-12,-11
-58,-33,-3
-53,-24,-1
-75,-27,-2
-72,-32,-1
-67,-33,-2
-69,-33,-3
-68,-32,2
-63,-37,-3
-59,-37,-5
-54,-35,-2
-48,-39,-4
-51,-36,-6
-58,-39,-15
-40,-36,-3
-29,-27,16
-36,-36,13
-38,-36,15
-31,-36,22
-27,-37,25
-35,-42,21
-43,-43,23
-45,-48,20
-42,-49,25
-47,-52,27
-45,-53,31
-50,-52,34
-46,-50,33
-44,-42,25
-49,-43,12
-56,-36,6
-49,-34,11
-48,-33,11
-48,-34,12
-48,-38,17
-47,-43,20
-44,-41,24
-37,-37,25
-38,-34,27
-37,-34,28
-37,-31,30
-36,-32,32
-37,-34,33
-40,-35,37
-37,-36,36
-39,-39,35
-40,-40,38
-39,-47,40
-42,-49,44
-51,-51,38
-49,-49,36
-47,-45,24
-46,-43,18
-39,-41,16
-35,-43,11
-46,-39,19
-42,-38,19
-44,-39,14
-39,-38,19
-39,-37,21
-37,-39,21
-36,-38,21
-34,-36,26
-34,-39,25
-37,-39,29
-37,-41,33
-42,-45,35
-43,-45,36
-46,-44,39
-46,-47,39
-50,-47,47
-46,-46,46
-35,-41,44
-36,-37,39
-32,-33,37
-31,-34,37
-28,-34,38
-28,-33,39
-20,-36,41
-19,-33,42
-16,-35,43
-19,-38,42
-12,-40,44
-10,-38,42
-12,-39,41
-6,-37,44
-7,-38,44
-4,-42,44
-9,-44,46
-15,-46,52
-5,-47,54
-11,-51,57
-14,-54,56
-20,-54,50
-27,-54,43
-30,-49,28
-24,-47,27
-33,-45,17
-37,-49,13
-32,-49,20
-26,-47,28
-13,-57,26
-16,-57,23
-23,-49,15
-20,-50,19
-26,-51,22
-25,-51,18
-21,-51,7
-28,-55,17
-25,-57,17
-20,-62,23
-20,-61,20
-16,-62,21
-25,-67,18
-20,-76,20
-19,-75,26
-34,-67,20
-32,-61,17
-27,-48,17
-23,-49,19
-17,-53,21
-16,-54,25
-18,-56,28
-12,-55,26
-19,-52,21
-17,-53,17
-12,-50,28
-16,-49,29
-20,-48,30
-14,-48,31
-12,-45,35
-14,-45,34
-13,-48,34
-16,-51,34
-14,-53,33
-6,-51,35
-12,-51,36
-19,-57,34
-25,-64,40
-28,-59,44
-25,-52,39
-28,-47,24
-28,-48,27
-33,-53,34
-34,-53,35
-26,-48,36
-24,-47,37
-27,-44,39
-31,-45,35
-23,-47,28
-30,-47,30
-28,-50,28
-27,-51,20
-29,-49,34
-29,-48,34
-21,-65,15
-15,-55,23
-23,-56,15
-26,-58,12
-29,-63,2
-37,-58,19
-36,-62,17
-36,-58,17
-36,-53,16
-30,-47,8
-30,-46,5
-38,-49,24
-40,-47,43
-31,-38,37
-30,-38,24
-33,-51,22
-37,-49,24
-35,-51,24
-34,-49,24
-32,-48,19
-36,-48,16
-33,-50,5
-33,-49,3
-35,-51,-7
-34,-51,-15
-32,-47,-25
-27,-46,-27
-29,-50,-33
-25,-51,-33
-28,-47,-30
-26,-46,-31
-22,-48,-37
-16,-46,-43
-15,-45,-47
-9,-45,-48
-10,-43,-45
-8,-44,-47
-7,-44,-50
-5,-41,-47
-6,-38,-47
-2,-36,-50
0,-35,-51
-2,-33,-53
-3,-33,-54
-2,-35,-52
-2,-35,-51
-3,-37,-54
-3,-36,-53
-3,-32,-52
-1,-32,-55
-5,-32,-61
-3,-31,-57
-5,-29,-56
-9,-26,-52
-10,-26,-51
-5,-29,-62
-9,-29,-64
-13,-29,-55
-12,-30,-55
-12,-31,-56
-15,-30,-55
-14,-28,-54
-14,-27,-55
-13,-28,-55
-13,-28,-54
-11,-28,-52
-10,-28,-52
-11,-29,-53
-9,-30,-54
-9,-30,-56
-9,-30,-55
-10,-30,-54
-10,-31,-55
-9,-31,-54
-9,-31,-54
-10,-31,-54
-9,-30,-54
-8,-30,-54
-9,-30,-54
-8,-29,-53
-8,-29,-53
-7,-30,-54
-7,-30,-54
-8,-30,-54
-7,-31,-54
-8,-31,-55
-9,-30,-55
-9,-30,-53
-8,-29,-53
-8,-29,-52
-7,-30,-53
-6,-31,-53
-7,-32,-55
-8,-31,-55
-8,-32,-56
-10,-31,-56
-11,-30,-57
-11,-30,-54
-12,-30,-53
-11,-30,-52
-8,-31,-52
-10,-32,-50
-9,-31,-52
-9,-32,-56
-9,-32,-54
-9,-31,-50
-11,-31,-53
-13,-32,-55
-10,-31,-54
-8,-31,-53
-14,-31,-60
-11,-32,-53
-10,-32,-53
-11,-33,-51
-11,-33,-51
-10,-33,-50
-7,-33,-50
-8,-32,-53
-9,-32,-52
-13,-33,-59
-7,-31,-55
-9,-31,-52
-10,-31,-52
-10,-32,-57
-9,-32,-55
-6,-32,-50
-9,-31,-55
-9,-32,-57
-6,-32,-52
-6,-31,-51
-8,-30,-53
-7,-29,-52
-9,-31,-55
-7,-32,-55
-6,-31,-53
-8,-31,-54
-10,-31,-54
-7,-32,-55
-4,-31,-52
-7,-32,-53
1,-27,-47
-2,-30,-43
-17,-28,-57
-8,-32,-68
-5,-39,-63
-7,-38,-56
-6,-33,-53
-3,-29,-49
-9,-27,-50
-8,-28,-53
-8,-32,-56
-7,-32,-55
-8,-32,-47
-14,-32,-48
-14,-30,-46
-25,-31,-61
-3,-30,-57
-17,-38,-54
-19,-40,-53
-19,-41,-63
-15,-35,-64
-2,-32,-55
0,-31,-49
-5,-30,-47
-11,-29,-48
-9,-29,-46
-18,-30,-48
-36,-32,-51
-33,-35,-52
-52,-43,-41
-69,-41,-33
-35,-41,5
-52,-33,22
-56,-33,24
-37,-35,28
-1,-30,38
1,-29,43
-48,-18,44
-23,-9,60
-13,-7,65
-2,8,68
17,-8,78
-30,-11,62
-20,-12,64
-18,-23,54
-18,-23,56
-12,-25,58
-8,-23,65
-12,-20,68
-15,-26,65
-9,-26,64
-4,-29,63
0,-27,59
0,-25,59
-2,-25,56
1,-26,52
8,-24,55
6,-22,52
8,-24,56
8,-25,55
8,-26,52
11,-20,54
11,-20,54
9,-23,53
10,-24,55
9,-24,57
10,-22,59
9,-23,60
7,-21,60
6,-23,58
7,-24,59
5,-24,64
8,-24,64
12,-23,64
7,-23,63
9,-22,58
10,-21,56
17,-20,52
17,-20,50
13,-22,43
11,-22,43
9,-25,44
6,-27,45
5,-30,44
4,-29,46
1,-29,40
5,-20,36
-1,-15,33
4,-3,28
-2,13,17
-35,39,13
-36,42,7
-32,56,1
-49,70,0
-59,106,16
-34,123,44
-128,127,127
-72,51,53
-29,48,0
-18,42,3
-21,44,13
-15,46,17
-22,44,9
-18,43,6
-21,47,5
-14,47,21
-76,76,31
-73,81,6
-59,61,-23
-50,59,-15
-35,72,-7
-31,67,-5
-21,49,2
-17,48,7
-18,50,6
-22,59,1
-24,66,-1
-23,68,-1
-21,65,1
-18,60,4
-19,56,5
-23,54,3
-25,55,1
-25,55,-3
-24,56,-3
-22,58,-1
-21,57,0
-19,60,-7
-20,64,-10
-42,68,-2
-41,71,-2
-35,91,-5
-30,95,-1
-5,59,83
21,91,81
50,63,52
28,48,23
-15,41,-17
-14,55,-14
-25,60,-16
-48,71,-10
-47,74,-6
-33,65,3
-30,55,1
-26,42,-6
-26,45,-11
-32,50,-21
-20,52,-16
0,55,7
5,60,21
-2,65,54
-32,61,35
-37,54,21
-37,52,11
-52,58,-3
-44,59,-2
-30,67,1
-33,73,0
-26,85,20
-34,62,8
-31,68,-2
-22,62,4
-19,61,4
-11,54,9
-10,53,12
-18,54,7
-24,52,2
-26,57,-2
-27,61,-2
-23,64,0
-21,63,2
-17,59,3
-16,58,3
-17,56,3
-19,56,2
-22,60,1
-24,57,1
-23,53,0
-22,54,-1
-21,55,-1
-20,57,3
-14,60,19
-11,60,44
-43,80,50
-31,70,24
-40,84,10
-40,83,-2
-23,69,7
-16,64,24
-26,56,18
-24,41,-11
-4,44,-1
18,60,16
1,67,9
-4,67,13
1,69,9
-6,72,-2
-23,62,-26
-56,35,-42
-32,45,-19
57,58,51
54,59,51
-13,68,15
-24,66,8
-23,66,6
-11,71,10
-35,79,21
-22,74,30
-33,61,13
-26,66,5
-5,65,13
8,70,24
-17,85,20
-33,99,11
-26,96,9
-5,79,-4
-14,71,-17
-34,48,-27
-7,46,-6
-30,36,-11
-31,32,-9
-41,39,-9
-40,45,-3
-24,59,3
-28,60,-4
-25,54,-15
-24,48,-26
-25,42,-25
-40,48,-26
-34,52,-15
-38,54,-12
-58,55,-17
-38,47,-11
-27,29,-7
-43,23,-6
-52,49,-8
-28,43,1
-53,43,-6
-39,37,-4
-27,35,-8
-71,54,-7
-74,62,-10
-46,73,-11
-39,72,-6
-24,59,-2
-23,52,-5
-46,58,-20
-57,68,-15
-48,56,-8
-37,47,-10
-30,45,6
-19,47,22
-17,45,30
-23,41,24
-31,30,20
-32,31,28
-20,30,41
-16,31,46
-38,36,43
-54,38,40
-53,37,36
-51,41,35
-38,36,36
-37,43,27
-36,42,21
-32,54,7
-24,47,5
-48,58,-20
-30,56,-10
-50,58,-4
-58,63,-8
-21,67,-9
-9,63,-7
-7,61,2
-20,65,-1
10,84,22
39,94,47
-53,68,-2
-83,62,-9
-67,41,-13
-61,38,-4
-28,40,5
-38,42,0
-15,70,4
-12,75,10
-52,76,2
-75,58,-15
-71,29,-26
-4,-12,10
-16,-5,31
-125,68,-19
-82,52,-42
14,74,-12
28,70,6
-41,53,-17
-48,44,-12
-65,33,-2
-59,26,-12
-43,45,-22
-34,57,-14
-25,52,6
-32,43,-1
-41,39,-3
-38,36,-3
-46,46,-4
-44,48,-3
-49,43,-2
-61,42,-8
-38,47,3
-40,53,7
-58,54,-8
-65,54,-25
-68,59,-29
-20,73,-20
-18,62,-19
-45,57,-29
-62,54,-31
-56,46,-20
-38,43,-8
-41,39,-6
-51,34,-5
-54,22,-6
-44,16,-3
-34,14,6
-33,14,8
-26,22,18
-34,29,17
-58,46,23
-53,52,27
-40,57,15
-43,57,6
-41,54,3
-38,58,5
-41,62,22
-50,72,25
-43,64,-9
-41,62,-11
-32,75,5
-20,73,7
-18,67,4
-19,60,3
-19,54,2
-20,45,-4
-20,43,-6
-19,45,-6
-19,47,-4
-18,49,1
-18,52,2
-25,59,4
-26,65,4
-24,76,6
-26,78,8
-13,84,18
-17,87,10
-44,78,-8
-55,73,-8
-54,53,5
-53,48,6
-50,51,-1
-43,53,-4
-27,65,-9
-16,72,4
-13,71,9
-11,63,8
-12,62,8
-16,60,2
-17,56,0
-15,52,-1
-15,54,0
-14,55,1
-15,59,1
-17,67,1
-17,66,2
-19,68,2
-19,70,3
-22,66,10
-25,68,12
-22,62,12
-24,62,15
-23,63,19
-21,66,21
-19,62,24
-25,57,23
-20,50,32
-34,44,9
-34,45,4
-29,49,3
-27,51,6
-24,53,14
-25,56,16
-30,64,13
-30,70,11
-28,69,8
-28,70,7
-31,82,8
-31,85,11
-27,72,14
-26,65,13
-27,64,11
-30,66,7
-24,72,7
-21,73,9
-8,64,11
-9,62,10
-14,55,6
-14,53,10
-14,50,9
-21,47,7
-20,43,14
-26,40,17
-33,44,14
-31,47,16
-32,60,20
-34,70,21
-35,75,20
-28,85,12
-29,82,11
-29,73,14
-28,61,13
-32,56,14
-31,57,13
-21,56,15
-15,57,19
-19,56,20
-15,52,22
-22,46,17
-22,42,17
-20,35,20
-25,35,21
-23,42,22
-22,47,22
-24,61,25
-28,59,29
-29,53,32
-28,63,28
-30,77,27
-30,76,21
-30,78,19
-27,67,21
-22,57,21
-12,56,20
-11,64,20
-9,74,15
-11,77,13
-6,68,17
-9,59,14
-17,50,16
-13,45,19
-22,45,21
-22,44,25
-35,46,21
-42,41,20
-32,46,25
-32,46,23
-36,49,21
-35,55,18
-37,63,21
-41,69,18
-34,72,13
-35,65,12
-36,61,9
-25,57,15
-22,53,16
-23,44,9
-28,39,10
-44,41,25
-38,39,25
-33,32,14
-30,35,14
-27,38,12
-28,42,16
-33,48,17
-33,53,21
-35,53,15
-38,53,13
-55,54,14
-57,61,14
-60,69,3
-50,61,5
-30,55,3
-32,58,2
-35,59,2
-33,59,4
-29,56,-9
-44,54,-4
-34,50,11
-32,46,13
-28,43,14
-30,43,14
-28,43,15
-24,45,11
-25,48,13
-24,58,10
-24,66,7
-29,73,12
-29,70,11
-27,80,10
-27,82,12
-25,63,12
-28,60,14
-27,61,13
-26,61,11
-25,66,16
-22,60,10
-20,47,14
-20,45,19
-17,43,14
-20,42,13
-19,45,14
-16,49,16
-19,60,18
-23,68,18
-19,73,21
-22,73,19
-27,73,14
-33,77,13
-32,70,14
-31,61,9
-27,54,9
-22,54,11
-21,54,11
-25,60,3
-24,60,1
-24,57,5
-17,56,5
-12,54,7
-13,49,5
-17,50,2
-20,52,0
-16,55,2
-15,57,5
-18,68,5
-17,71,5
-22,75,11
-24,81,14
-26,71,13
-28,64,15
-25,63,25
-30,60,13
-22,63,15
-17,68,19
-18,61,15
-17,49,14
-15,46,14
-16,43,13
-14,42,13
-14,46,14
-21,49,12
-11,60,20
-8,66,22
-15,72,20
-20,75,19
-25,85,17
-27,79,14
-26,65,12
-29,66,9
-25,61,8
-21,62,8
-22,62,10
-20,60,10
-22,53,5
-19,51,7
-19,50,7
-18,53,7
-16,52,9
-18,48,5
-23,50,0
-21,54,3
-16,57,8
-14,74,4
-19,77,2
-24,71,7
-23,78,8
-21,78,10
-25,69,8
-29,61,8
-30,63,11
-17,68,9
-12,68,11
-26,65,24
-26,57,20
-19,42,18
-21,41,22
-16,39,20
-12,40,17
-11,48,16
-19,58,11
-24,58,9
-37,67,2
-38,72,-1
-41,65,-9
-43,62,-9
-45,55,-3
-42,53,1
-36,42,-1
-41,45,1
-33,63,20
-28,71,21
-52,116,-6
-60,127,-9
-40,125,7
-35,108,9
-23,65,8
-15,39,10
6,-8,3
10,-14,1
9,8,13
4,9,12
-8,12,3
-18,34,5
-41,95,7
-44,122,11
-45,96,15
-34,100,12
-37,84,13
-45,54,28
-42,53,28
-33,67,23
-30,68,25
-27,58,22
-26,55,17
-22,50,18
-23,48,19
-18,40,25
-17,45,26
-17,60,24
-18,67,25
-27,73,20
-31,63,14
-31,42,9
-37,24,10
-53,-16,14
-70,-18,10
-106,34,16
-128,71,25
-128,127,43
-128,127,47
-109,127,37
-58,118,7
-23,98,-1
49,76,-28
74,59,-38
52,47,-40
2,72,-27
21,44,-27
33,23,-8
-7,-19,21
-17,-25,31
-40,2,26
-57,34,39
-66,80,54
-51,84,57
-97,106,37
-65,96,42
-92,103,64
-128,79,50
-93,17,18
-89,14,13
-78,28,9
-43,38,33
-7,26,27
-43,48,10
-55,71,13
-38,127,19
-33,127,8
-10,127,-6
-12,114,-2
-24,77,18
-18,58,19
-5,17,16
-5,2,10
-8,-14,-2
-9,-16,-6
-19,-12,-8
-31,-10,-15
-52,-3,-18
-69,5,-16
-94,35,-17
-99,45,-21
-99,42,-19
-103,44,-15
-90,43,-8
-78,45,-3
-55,57,11
-39,48,15
-31,49,41
-44,81,31
-71,99,10
-94,86,10
-79,77,8
-48,27,-2
-31,13,-9
-25,-22,-3
-45,-31,-4
-22,-17,4
-5,-18,7
-7,-12,12
-19,-7,19
-84,7,-2
-90,3,-16
-53,-7,-28
-57,2,-23
-93,3,-30
-96,8,-28
-81,2,-28
-80,8,-35
-82,17,-74
-90,44,-69
-78,49,-39
-74,46,-36
-63,22,-30
-73,15,-27
-66,7,-5
-29,4,-3
-13,-2,5
3,-7,13
6,-11,12
12,-12,21
4,-9,21
-46,-14,-6
-80,4,-17
-108,22,-16
-112,29,-9
-98,12,-13
-97,13,-22
-85,18,-18
-71,18,-9
-71,26,-11
-69,29,-13
-78,28,-23
-75,25,-21
-58,18,-12
-52,13,-8
-56,5,-10
-52,2,-10
-33,-3,2
-31,-4,8
-34,-2,10
-39,11,20
-55,22,20
-60,40,32
-61,47,42
-52,49,49
-51,40,41
-69,29,27
-75,26,27
-72,31,38
-70,32,39
-69,16,25
-87,17,8
-68,49,-18
-67,64,-5
-33,56,23
-23,45,23
-29,32,26
-36,29,24
-32,21,24
-23,14,23
-32,6,7
-43,8,2
-56,16,11
-54,16,12
-49,15,4
-49,17,-6
-56,19,-14
-91,29,-19
-116,40,-15
-128,54,17
-128,58,53
-84,43,-9
-75,41,-15
-41,48,3
-36,44,1
-39,45,-7
-40,52,-10
-43,66,-11
-45,62,-12
-45,47,-9
-47,45,-2
-48,38,-5
-46,33,-11
-40,21,-9
-40,13,-8
-35,6,-4
-33,4,-2
-39,0,-3
-39,-1,-2
-38,-1,-2
-48,3,-6
-56,8,-7
-64,12,-6
-65,10,-6
-64,8,1
-60,3,3
-79,-4,0
-102,4,-6
-121,36,-16
-109,40,-9
-107,31,10
-95,30,0
-58,15,-25
-44,6,-21
-47,10,-10
-62,17,-10
-52,32,-8
-43,31,-8
-41,32,-11
-46,32,-14
-52,34,-10
-52,36,-2
-51,33,4
-39,16,9
-26,6,9
-17,0,15
-25,8,31
-61,33,39
-66,32,26
-76,28,16
-70,19,17
-58,-5,14
-59,-14,10
-64,-2,5
-66,5,7
-70,26,9
-80,35,6
-73,37,5
-69,39,8
-60,35,10
-61,31,13
-66,33,16
-60,33,7
-59,31,8
-27,22,46
-37,20,35
-58,20,13
-62,19,1
-59,16,-3
-62,7,-10
-47,0,-1
-45,-5,3
-47,-19,6
-49,-27,-2
-37,-4,16
-25,20,24
-24,48,19
-35,59,15
-37,77,43
-29,82,35
-40,79,8
-59,92,8
23,100,57
-59,81,-12
-48,62,-12
-21,64,0
-22,65,-1
-13,60,4
-8,63,2
-13,65,-4
-19,63,-4
-24,61,0
-33,58,7
-36,55,6
-38,51,7
-36,50,6
-35,52,7
-39,55,8
-38,59,8
-40,64,8
-29,67,9
-19,75,6
-21,83,11
-31,78,8
-35,60,0
-16,55,3
-15,59,3
-26,62,13
-11,51,-6
3,58,-1
13,67,7
1,58,-3
-2,58,-9
12,67,-10
-17,69,-8
-47,66,5
-1,61,22
-17,63,24
-19,67,21
-3,62,7
-2,63,21
-41,66,-1
-15,66,-3
-10,64,12
-10,78,13
-21,81,15
-25,100,22
-23,90,32
-15,81,28
-30,57,6
25,30,3
-14,22,-2
-76,32,-14
-46,18,-9
-53,23,-13
-39,51,-7
-12,65,-14
-37,64,-17
-34,50,-16
-22,44,-22
-44,53,-30
-28,46,-16
-37,46,-6
-51,43,-3
-41,31,0
-62,48,-14
-63,45,-12
-31,36,-5
-29,30,0
-57,30,-3
-78,41,-4
-71,36,-8
-65,33,-5
-87,45,-10
-62,48,1
-16,80,71
-50,67,48
-70,56,11
-65,55,5
-58,46,3
-49,43,9
-36,29,8
-39,24,3
-41,19,4
-47,18,4
-58,15,5
-65,17,11
-61,15,12
-66,12,-9
-59,9,-14
-62,3,-33
-59,2,-36
-52,2,-42
-55,2,-46
-46,3,-41
-51,5,-42
-64,4,-42
-71,6,-43
-84,5,-42
-70,0,-34
-35,-12,-7
-44,-7,6
-41,0,40
-48,-3,42
-39,-2,44
-36,-3,43
-45,-7,42
-42,-8,45
-37,-11,46
-33,-13,47
-28,-15,54
-13,-10,66
-30,-17,72
-28,-26,50
-28,4,50
-22,-21,56
-23,5,61
-28,-18,58
-21,-9,65
-17,-8,60
-20,-7,58
-20,-4,59
-20,-4,58
-26,0,67
-16,-1,64
-3,-4,67
2,-7,67
7,-12,63
12,-12,65
6,-15,61
-2,-19,55
-11,-17,46
4,-19,50
4,-16,56
-1,-15,60
-5,-11,64
-2,-10,64
1,-7,64
9,3,64
1,-8,63
0,1,64
0,-3,67
5,-3,68
3,-3,66
3,-2,68
-4,12,63
10,-5,66
6,2,65
5,3,65
3,5,63
4,7,64
3,6,61
8,13,59
11,14,62
-1,12,63
-4,8,59
-6,1,57
-6,0,59
-5,4,65
-11,6,65
-20,7,64
-16,3,67
-12,-1,65
-12,-4,61
-14,-5,63
-21,-2,68
-12,-3,70
-7,-4,68
-7,-4,70
-15,-3,44
-9,-2,64
-12,-5,52
-12,-8,46
-15,18,41
-18,3,39
-33,7,41
-31,9,41
-27,20,54
-20,15,64
-29,19,75
-34,15,75
-52,13,56
-82,14,36
-112,0,16
-99,-7,14
-91,-9,14
-79,-7,11
-75,-29,0
-51,-27,5
-33,-31,16
-34,-31,16
-36,-29,18
-35,-30,24
-39,-33,23
-55,-35,16
-58,-35,18
-56,-34,28
-62,-34,25
-57,-33,32
-55,-33,37
-50,-25,46
-47,-21,48
-39,-17,48
-41,-19,43
-36,-17,48
-66,-10,45
-56,-12,27
-48,-12,33
-34,-12,35
-42,-13,32
-33,-16,33
-24,-16,34
-55,-11,17
-77,-6,19
-57,-5,24
-66,-5,22
-52,-8,31
-46,-9,54
-45,-13,55
-45,-17,54
-54,-13,47
-62,8,26
-48,24,18
-9,20,58
-16,7,75
-52,-6,57
-50,-6,48
-29,20,53
-33,26,55
-48,20,40
-49,21,37
-44,22,38
-41,27,40
-42,36,40
-48,38,38
-33,39,49
-37,41,43
-57,36,41
-55,34,46
-77,22,47
-68,20,62
-64,12,59
-43,-2,41
-29,-4,49
-49,-12,54
-48,-14,56
-39,-7,65
-46,-7,59
-42,-10,51
-32,-13,49
-28,-21,39
-48,-26,42
-56,-30,42
-70,-34,22
-31,-11,54
-29,-4,65
-32,3,46
-26,12,48
-22,13,40
-34,20,36
-47,42,32
-42,46,36
-14,31,39
-46,-27,54
-50,-38,40
-55,-54,35
-44,-52,42
-25,-36,57
-33,-25,51
-45,-21,38
-44,-21,37
-45,-17,42
-47,-16,42
-50,-11,40
-51,-9,38
-52,-6,39
-51,-4,40
-49,2,40
-48,4,40
-48,6,39
-48,9,38
-46,11,40
-45,11,43
-45,11,43
-46,12,42
-49,15,41
-49,14,40
-49,16,40
-49,18,40
-51,17,40
-51,19,41
-55,21,38
-46,28,46
-51,32,49
-55,38,67
-54,27,72
-74,12,67
-69,7,60
-54,8,51
-49,8,45
-54,10,43
-51,12,51
-61,5,50
-48,5,43
-48,1,35
-47,1,38
-35,-6,34
-31,-10,35
-40,-12,46
-31,-14,47
-31,-11,50
-47,-6,55
-33,-16,40
-27,-14,26
-26,-8,20
-81,-12,56
-4,3,53
-6,-21,55
-36,-12,48
-33,-24,52
-36,-30,50
-39,-31,49
-42,-30,49
-45,-20,44
-44,-15,44
-43,-9,44
-40,-5,46
-37,-2,49
-38,-3,49
-42,-6,49
-44,-6,47
-46,-3,45
-44,-2,47
-48,-4,43
-46,-2,49
-35,5,53
-36,6,53
-35,6,56
-29,13,56
-27,17,55
-29,22,54
-29,25,52
-30,29,47
-33,30,45
-32,33,45
-30,36,42
-30,42,40
-29,43,39
-25,47,37
-26,47,32
-23,50,35
-21,51,35
-22,55,37
-22,56,35
-26,56,36
-31,53,42
-15,47,27
-7,47,21
-11,50,41
-14,52,42
-12,62,45
-17,68,46
-16,71,44
-19,54,68
-10,50,68
-5,32,59
3,37,50
6,53,45
-1,59,43
4,52,46
9,52,52
-4,48,53
-12,44,52
-21,34,47
-23,27,37
-40,17,10
-47,17,7
-59,20,8
-62,18,9
-68,11,2
-58,9,12
-35,7,23
-40,4,32
-45,-8,25
-45,-9,29
-46,-15,26
-55,-10,25
-70,-6,1
-81,-10,-4
-77,-12,11
-57,-10,14
-48,-5,10
-85,-10,-18
-80,-9,-24
-56,-3,-25
-42,24,29
-52,23,-30
-60,-26,-23
-65,-26,4
-68,-41,-10
-60,-3,-10
-63,-2,-10
-63,-11,-10
-61,-11,-7
-58,-5,-3
-59,-4,-4
-63,-7,-8
-65,-9,-7
-60,-7,-6
-62,-8,-6
-64,-9,-7
-60,-4,-2
-64,-1,-7
-65,-6,-11
-66,-5,-11
-61,1,-7
-67,2,-9
-73,-4,-10
-72,0,-9
-68,6,-9
-64,12,-6
-70,16,-2
-69,20,2
-52,23,7
-53,16,4
-41,10,5
-47,8,4
-42,5,24
-64,-3,32
-51,12,38
-47,12,42
-63,75,43
-40,32,19
-54,25,20
-59,27,29
-38,31,29
-39,39,24
-54,33,27
-41,35,37
-47,36,34
-48,37,31
-54,38,33
-54,45,41
-54,47,44
-80,47,43
-76,42,32
-116,34,18
-95,36,27
-72,28,23
-69,27,24
-62,20,22
-62,21,22
-56,23,25
-53,19,23
-57,18,19
-50,16,25
-39,6,28
-38,3,24
-39,4,29
-42,7,32
-42,8,37
-62,18,45
-37,14,33
-31,14,30
-55,17,23
-36,8,35
-33,-4,45
-59,-30,18
-56,-29,22
-65,-35,30
-66,-32,24
-55,-19,32
-52,-16,36
-50,-2,39
-49,0,39
-54,5,34
-55,6,32
-52,8,31
-52,11,31
-50,13,31
-54,14,32
-62,10,32
-66,9,30
-62,14,40
-57,15,36
-77,8,34
-87,9,40
-87,7,41
-88,2,30
-51,2,36
-37,9,44
-47,7,43
-75,1,37
-77,5,34
-58,6,42
-38,10,42
-40,10,23
-28,7,29
-24,1,38
-23,-4,41
-32,-11,39
-39,-18,36
-51,-22,30
-65,-26,28
-77,-29,28
-77,-28,26
-54,-21,42
-51,-24,43
-40,-30,37
-30,-31,36
-43,-31,26
-45,-27,31
-39,-25,33
-40,-19,32
-43,-18,26
-41,-19,30
-49,-8,39
0,1,64
-4,-2,49
-35,13,46
-46,16,64
-30,-20,49
-41,-21,46
-43,-30,47
-46,-33,47
-41,-27,48
-39,-24,49
-38,-24,50
-42,-26,49
-45,-24,48
-42,-18,48
-40,-7,45
-43,-4,44
-43,1,46
-42,3,46
-45,7,43
-44,11,43
-45,17,41
-46,19,40
-46,22,36
-42,29,36
-38,34,37
-36,37,38
-37,36,37
-37,36,36
-37,38,37
-34,40,39
-33,40,39
-30,40,41
-31,43,39
-27,50,46
-30,54,48
-31,54,38
-46,47,25
-28,60,43
-32,62,33
-52,67,20
-58,65,29
-65,42,25
-70,37,27
-65,30,28
-68,26,25
-55,16,22
-55,0,-5
-64,-2,1
-69,11,10
-56,5,15
-61,-3,25
-65,-3,28
-64,-6,31
-63,-10,29
-47,-10,23
-56,5,15
-61,-3,25
-65,-3,28
-64,-6,31
-63,-10,29
-47,-10,23
-56,-10,17
-60,-6,7
-61,-6,2
-41,-10,-15
-17,-9,-18
-53,-26,-36
-59,-13,-11
-61,2,-3
-47,-20,-22
-58,-20,-18
-61,-20,-20
-51,-14,-26
-57,-9,-23
-56,-9,-25
-54,-10,-24
-57,-5,-25
-57,-4,-22
-60,-1,-22
-49,-5,-25
-60,-5,-28
-58,-3,-29
-55,-5,-27
-62,-5,-27
-59,-6,-26
-58,-7,-28
-61,-3,-24
-67,-2,-29
-63,-8,-32
-63,-4,-18
-57,-4,-12
-63,0,-12
-68,3,-10
-65,5,-10
-68,10,-10
-58,5,-6
-54,4,-5
-68,6,-6
-64,10,-7
-53,4,19
-67,3,17
-56,4,16
-61,-1,12
-57,-1,16
-55,-4,34
-60,-5,30
-64,-5,35
-62,-10,42
-62,-30,32
-57,-28,42
-72,-29,34
-63,-25,39
-39,-15,50
-38,-11,44
-40,-2,28
-52,14,42
-16,38,50
-9,47,56
-39,-12,34
-44,-22,41
-49,-29,57
-44,-21,49
-42,-10,43
-44,-6,37
-55,-3,43
-40,-4,39
-47,-4,41
-43,-7,41
-46,-2,51
-46,-3,50
-47,-5,44
-43,3,42
-46,3,46
-44,6,45
-44,8,45
-49,5,45
-46,7,43
-45,13,40
-44,12,41
-50,16,42
-46,14,47
-46,16,41
-45,18,39
-44,18,34
-39,16,41
-52,9,56
-61,10,41
-69,8,31
-62,4,36
-55,5,33
-72,4,23
-94,6,39
-76,5,39
-77,-3,36
-63,-17,37
-61,-15,48
-62,-10,42
-62,-9,40
-54,-1,43
-51,-2,36
-37,-6,32
-34,-4,36
-44,5,41
-38,6,38
-22,4,25
-21,3,22
-34,8,22
-27,8,27
-20,5,26
-58,44,94
-54,-4,23
-21,-44,33
-61,-47,46
-63,-37,51
-57,-6,30
-56,-9,26
-38,-4,40
-68,6,37
-58,-5,38
-50,13,30
-46,17,35
-50,19,32
-64,12,29
-45,20,43
-41,23,42
-54,23,36
-49,24,38
-49,24,41
-51,22,35
-57,28,44
-63,29,44
-58,18,36
-51,9,33
-75,3,35
-94,2,40
-90,-4,39
-96,-7,25
-66,0,65
-59,4,70
-53,6,54
-37,7,61
-29,6,67
-26,3,67
-20,-2,65
-19,-8,48
-17,-7,46
-13,-2,43
-6,0,43
-15,9,30
-22,9,16
-24,7,13
-36,5,14
-113,32,78
-80,-23,96
-25,-51,55
-36,-55,50
-45,-39,39
-44,-27,35
-45,-21,37
-38,-20,42
-49,-11,35
-53,-9,34
-57,-10,31
-59,-9,30
-52,-6,37
-49,-4,38
-48,0,38
-51,3,38
-51,3,39
-58,4,35
-67,1,34
-74,10,39
-73,-4,25
-61,-21,39
-65,-32,37
-71,-43,33
-65,-42,38
-69,-42,43
-66,-36,46
-54,-28,40
-51,-30,33
-45,-29,38
-44,-30,36
-35,-27,34
-32,-24,35
-41,-17,38
-31,-16,39
-34,-13,31
-37,-8,35
-23,-5,36
-25,-6,27
-25,0,39
-27,-7,34
-29,-10,37
-60,-8,79
-84,-38,77
-16,-37,59
-33,-35,48
-36,-33,47
-37,-27,45
-32,-22,52
-30,-23,53
-37,-22,46
-55,-23,36
-39,-12,51
-34,-10,54
-34,-2,53
-35,0,51
-39,1,50
-41,3,51
-37,3,57
-35,8,54
-33,11,54
-32,23,30
-48,19,39
-45,11,47
-32,12,45
-42,12,45
-49,12,48
-37,12,49
-40,15,51
-43,12,50
-40,14,51
-40,19,48
-41,23,50
-31,28,53
-32,28,52
-37,35,39
-36,38,39
-38,45,45
-40,49,44
-50,52,49
-37,60,59
-19,55,50
-21,53,46
-34,41,58
-40,47,61
-54,38,51
-52,34,49
-45,19,33
-43,13,31
-42,0,24
-44,-4,14
-44,-6,14
-45,-7,13
-48,-6,6
-62,0,0
-54,2,9
-42,14,5
-78,26,10
-54,-5,4
-58,-16,12
-53,-15,32
-57,-17,33
-70,-8,25
-66,-6,25
-58,3,33
-55,1,29
-57,2,23
-51,2,25
-43,11,46
-53,13,37
-50,-9,17
-67,-11,21
-49,3,25
-39,7,24
-63,5,28
-66,4,20
-56,5,25
-59,3,31
-76,2,19
-61,1,23
-53,-1,21
-60,1,23
-61,0,25
-59,1,19
-59,2,33
-65,6,27
-51,-1,22
-61,5,27
-58,6,25
-58,4,26
-57,5,27
-59,3,25
-62,2,25
-63,1,25
-69,3,22
-61,1,25
-61,3,24
-56,-2,28
-67,2,23
-65,3,29
-60,-2,21
-52,8,19
-51,11,27
-52,12,28
-58,16,19
-55,16,20
-57,6,7
-59,8,5
-64,24,18
-66,27,19
-47,26,24
-45,23,22
-57,19,33
-61,18,34
-51,24,51
-53,23,39
-57,21,29
-54,25,39
-57,27,37
-59,32,38
-59,27,39
-63,22,34
-90,18,25
-83,16,27
-86,17,15
-86,18,10
-77,25,20
-71,22,19
-57,23,33
-61,19,28
-78,7,6
-68,8,-1
-63,8,-2
-47,3,8
-45,4,12
-47,3,8
-51,-1,9
-36,-1,24
-34,-5,24
-46,-11,27
-55,-6,33
-48,-9,21
-48,-10,5
-56,-8,-12
-73,12,7
-2,2,39
-4,4,47
-100,3,101
-36,-19,48
-51,-13,37
-63,-11,36
-60,-5,29
-53,1,34
-51,4,36
-52,9,31
-53,7,29
-55,2,36
-56,2,37
-60,4,38
-65,2,41
-68,-6,48
-66,-9,55
-85,1,57
-91,-3,49
-61,-17,14
-84,-24,-3
-68,-15,22
-54,-13,35
-53,-12,37
-54,-11,34
-60,-8,32
-55,-4,32
-52,-2,28
-52,-3,27
-42,-5,28
-33,-7,23
-28,-9,19
-37,-1,21
-57,9,26
-38,8,22
-54,16,20
-2,-10,77
24,3,71
-48,-13,48
-39,-19,44
-35,-22,51
-37,-28,56
-51,-14,48
-52,-4,40
-50,2,40
-47,7,40
-47,9,42
-47,9,40
-52,14,36
-54,17,35
-50,17,33
-52,19,36
-54,17,44
-60,14,44
-47,12,46
-46,14,47
-56,10,45
-55,3,51
-56,-2,56
-59,-5,71
-56,-3,75
-61,-3,72
-64,-2,71
-54,-4,59
-47,-3,53
-53,-8,45
-58,-6,43
-42,-13,47
-32,-16,50
-25,-17,45
-25,-15,38
-11,-12,24
-9,-10,25
-22,-15,19
-12,-16,20
-50,1,27
-45,-1,32
-34,-2,50
-41,-4,40
-26,-9,35
-38,-32,112
47,-25,89
-31,-22,52
-50,-28,46
-28,-24,47
-23,-19,61
-27,-8,65
-26,-2,60
-33,-1,52
-39,0,51
-57,6,55
-51,4,58
-46,2,47
-50,-3,45
-53,-8,41
-50,-12,38
-38,-10,43
-40,-6,47
-27,-6,47
-23,-5,49
-22,-3,56
-27,-1,62
-49,3,67
-49,-1,53
-31,11,37
-33,33,54
-33,34,68
-64,17,65
-64,8,61
-54,8,64
-58,12,63
-54,12,49
-63,13,49
-62,12,47
-55,10,44
-51,10,43
-43,10,42
-37,3,37
-36,2,30
-36,6,28
-49,12,35
-47,18,49
-22,15,51
-17,14,52
-14,11,57
-12,8,62
-6,5,72
-10,-1,65
-5,-5,66
-5,-6,65
-4,-3,62
-7,-3,60
2,0,65
-1,4,65
-1,0,63
-6,1,58
4,16,59
12,1,58
5,0,65
-1,2,63
6,1,66
14,-4,66
15,-1,61
13,-1,48
-1,-4,58
-2,-2,65
3,1,65
4,3,65
0,0,62
-1,-3,60
13,-10,63
9,-9,62
1,-2,59
7,-1,47
-6,-14,33
-2,-5,41
-6,2,47
-14,5,43
-9,8,43
-14,12,48
-14,15,49
-18,15,43
-32,18,37
-53,21,53
-58,19,66
-50,19,74
-46,22,67
-41,30,53
-50,32,48
-49,37,45
-52,41,41
-56,44,26
-58,46,21
-42,50,21
-38,56,20
-40,57,13
-33,57,13
-27,61,11
-26,63,11
-28,66,17
-35,65,19
-39,64,18
-43,56,9
-41,53,6
-31,53,9
-29,54,11
-21,59,16
-17,60,17
-11,61,18
-10,61,18
-10,61,18
-10,60,19
-11,61,20
-11,60,21
-10,59,20
-8,59,20
-10,60,20
-11,60,20
-16,60,19
-18,59,17
-21,56,13
-23,56,13
-30,57,17
-34,57,16
-40,62,15
-36,61,13
-32,59,13
-28,56,14
-26,55,12
-24,56,15
-23,55,16
-24,54,19
-25,54,18
-27,56,12
-27,54,12
-28,56,11
-29,57,12
-26,60,13
-24,61,14
-20,64,16
-19,65,16
-17,64,13
-17,64,12
-18,66,14
-18,64,14
-15,61,14
-15,60,13
-17,59,12
-18,58,10
-18,59,10
-21,59,10
-21,56,12
-38,58,10
-44,49,4
-25,47,1
-17,50,2
-19,64,6
-19,72,9
-16,74,11
-18,72,10
-23,66,8
-22,62,7
-29,59,3
-30,56,4
-25,54,7
-19,56,11
-18,61,14
-18,60,14
-17,62,13
-17,63,13
-21,63,13
-21,63,13
-28,58,22
-33,58,24
-33,63,15
-31,60,8
-26,56,9
-24,60,12
-26,64,14
-30,73,16
-30,74,14
-27,68,8
-24,61,6
-22,51,4
-24,51,2
-26,59,5
-24,63,3
-23,70,-5
-22,76,-5
-15,76,1
-15,74,1
-44,69,-20
-36,67,-22
-13,60,-11
-14,53,-5
-20,41,2
-25,37,-1
-30,41,-5
-30,43,-3
-32,43,-3
-27,46,-1
-23,47,7
-19,40,10
-31,53,-6
-49,63,-12
-44,62,-6
-28,73,5
-21,76,7
-25,74,5
-26,69,5
-22,65,8
-25,63,9
-31,63,8
-31,64,7
-26,64,9
-22,62,10
-18,53,13
-17,53,13
-16,56,8
-22,61,8
-46,53,-1
-42,52,-1
-33,59,2
-32,61,2
-29,62,4
-24,59,4
-23,58,3
-23,56,3
-23,54,2
-19,49,4
-20,48,6
-23,48,10
-26,49,7
-31,60,-4
-48,67,7
-48,59,6
-54,64,3
-51,66,-1
-45,55,-1
-29,48,-1
-30,47,-2
-28,49,-1
-26,51,4
-29,57,10
-29,62,-1
-29,64,1
-21,67,9
-21,64,21
-23,60,17
-27,51,12
-32,47,6
-38,49,3
-32,56,7
-30,57,6
-25,68,12
-26,70,13
-31,63,7
-28,62,6
-26,56,6
-25,55,6
-23,55,9
-23,54,8
-23,57,4
-35,55,-7
-45,53,0
-42,52,-1
-45,60,-3
-52,64,-5
-49,62,-3
-49,54,-8
-50,45,-17
-47,43,-16
-55,45,-11
-65,50,-10
-58,53,-7
-51,46,-1
-48,42,2
-56,33,-1
-61,30,-5
-78,31,-14
-67,29,-11
-46,9,-7
-43,3,-9
-53,0,-12
-60,0,-12
-55,-1,-10
-58,-2,-13
-55,-7,-13
-57,-10,-15
-59,-13,-11
-52,-16,-3
-43,-16,19
-42,-16,18
-61,-16,4
-62,-16,2
-74,-18,1
-69,-21,3
-69,-21,3
-72,-22,4
-72,-23,9
-72,-23,19
-66,-24,23
-57,-30,13
-55,-34,5
-44,-39,0
-44,-39,0
-35,-37,8
-30,-36,18
-16,-22,56
-31,-3,89
-34,-47,43
-31,-39,31
-49,-44,4
-40,-32,36
-42,-27,59
-46,-44,56
-33,-44,50
-15,-42,46
-12,-43,50
3,-41,60
-2,-37,53
-22,-35,25
-35,-36,-12
-58,-37,-23
-40,-37,-24
-49,-19,-13
-31,-34,-28
-21,-40,-27
-14,-50,-28
-14,-55,-31
-22,-54,-31
-20,-51,-28
-22,-51,-31
-28,-45,-30
-31,-43,-28
-25,-51,-30
-14,-54,-35
-34,-51,-32
-27,-53,-33
-23,-53,-35
-21,-52,-34
-21,-51,-32
-19,-51,-32
-17,-49,-29
-18,-47,-30
-23,-45,-28
-28,-49,-41
-32,-51,-49
-23,-55,-48
-20,-53,-45
-17,-49,-25
-20,-46,-16
-21,-48,-25
-23,-48,-26
-27,-46,-26
-25,-49,-28
-26,-50,-33
-25,-49,-36
-25,-48,-38
-30,-49,-34
-24,-57,-30
-16,-55,-36
-26,-47,-35
-24,-49,-33
-23,-49,-33
-26,-53,-34
-16,-50,-33
-22,-51,-33
-19,-52,-41
-23,-52,-42
-28,-49,-32
-35,-16,-24
-33,-51,-41
-38,-49,-44
-26,-48,-16
-31,-53,-9
-28,-56,-7
-2,-55,7
-22,-54,-2
-32,-54,-7
-38,-51,-15
-30,-54,-18
-23,-51,-15
-26,-51,-19
-30,-48,-23
-30,-39,-21
-31,-55,-30
-33,-58,-33
-31,-52,-32
-31,-54,-30
-29,-54,-29
-29,-51,-24
-29,-52,-26
-31,-50,-24
-31,-49,-26
-41,-50,-29
-38,-51,-29
-26,-52,-16
-29,-52,-9
-29,-58,-5
-28,-57,4
-27,-53,9
-37,-54,8
-39,-55,3
-30,-53,7
-26,-42,13
-23,-51,15
-30,-50,18
-28,-54,17
-29,-55,12
-35,-54,8
-41,-54,6
-36,-55,5
-34,-56,6
-33,-53,15
-26,-54,21
-21,-54,18
-23,-54,16
-17,-55,19
-12,-57,19
-21,-57,21
-19,-56,27
-12,-54,37
-14,-54,34
-21,-56,25
-18,-54,28
-19,-55,27
-19,-55,27
-17,-53,32
0,-54,36
2,-53,35
1,-48,14
-27,-48,2
-13,-55,35
-39,-27,32
-38,-58,6
-36,-56,13
-34,-53,3
-31,-51,3
-28,-60,-6
-33,-52,-10
-30,-63,-15
-29,-58,-15
-41,-49,-21
-42,-56,-22
-29,-55,-18
-19,-54,-11
-32,-52,-17
-30,-56,-16
-30,-52,-11
-27,-55,-3
-33,-52,-4
-33,-55,-10
-28,-56,-9
-31,-47,-2
-45,-34,7
-35,-46,1
-38,-44,1
-41,-51,10
-49,-38,-3
-38,-43,-3
-25,-48,-9
-32,-42,-13
-39,-38,-13
-38,-35,-10
-45,-35,-20
-51,-39,-27
-52,-42,-31
-57,-37,-32
-46,-39,-34
-42,-35,-35
-48,-32,-42
-53,-28,-41
-48,-29,-36
1,-49,-30
-35,10,-44
27,-51,-86
-107,11,-25
-56,16,-42
-35,-44,-51
-57,-19,-50
-39,-25,-47
-42,-18,-43
-46,-18,-46
-44,-23,-51
-46,-12,-45
-46,-14,-47
-51,-14,-45
-52,-11,-46
-49,-4,-37
-47,-5,-41
-53,-3,-38
-61,3,-29
-69,-4,-17
-54,-1,-47
-44,10,-51
-48,26,-48
-49,40,-32
-47,42,-39
-44,28,-37
-39,32,-21
-46,37,-36
-43,60,-18
-54,57,7
-20,-33,-41
-17,-7,-22
-24,57,-25
-39,70,-30
-76,62,-20
-64,13,-27
-88,20,6
-83,-4,-7
-64,19,-32
-45,20,-37
-39,24,-23
-48,21,-17
-67,13,-18
-70,13,-12
-65,21,-15
-71,37,-22
-60,6,-14
-66,4,-11
-67,27,-8
-65,31,-8
-53,15,-9
-56,23,-3
-61,27,0
-47,15,5
-53,21,6
-45,11,-23
-28,-3,15
-71,22,-5
-71,10,-6
-82,12,-5
-77,12,-9
-57,4,-17
-54,2,-13
-54,0,-7
-52,2,-9
-56,8,-10
-57,10,-5
-59,10,-8
-60,-22,-4
-56,26,2
-54,22,-1
-75,14,3
-67,18,6
-62,33,6
-56,39,3
-49,32,5
-57,42,15
-57,47,11
-50,44,15
-53,40,19
-49,37,23
-44,37,20
-43,32,21
-35,19,24
-35,26,30
-54,50,36
-47,27,32
-56,37,32
-51,43,34
-46,35,33
-54,28,32
-50,28,36
-50,32,35
-45,31,37
-46,27,38
-43,28,32
-38,45,33
-36,52,37
-42,40,36
-40,41,33
-27,56,27
-22,62,23
-12,66,26
-25,52,27
-26,43,32
-23,37,39
-28,38,41
-13,42,53
-17,36,50
-15,20,39
-27,19,40
-27,29,48
-29,30,47
-21,31,50
-22,28,55
-20,39,60
-18,34,47
-22,24,46
-18,28,57
-18,22,57
-15,26,55
-4,32,66
-10,27,66
-4,32,67
0,30,66
-8,17,72
-11,8,58
-5,0,61
-16,8,55
-17,-2,62
-9,23,59
-11,26,57
-22,17,54
-21,14,51
-26,13,49
-22,18,51
-20,22,54
-20,20,52
-22,17,52
-21,19,56
-18,24,61
-21,19,60
-17,12,49
-22,13,57
-24,19,65
-30,15,56
-16,17,49
-18,23,55
-3,23,90
-1,22,79
-9,19,59
-16,14,59
-12,15,64
-13,20,57
-10,20,56
-13,13,62
-13,10,65
-20,9,60
-23,11,53
-13,13,68
-14,13,67
-22,6,66
-25,2,67
-22,14,58
-19,13,59
-16,6,58
-19,9,64
-8,9,63
-4,18,61
-7,22,61
-13,30,63
-18,16,57
-17,19,60
-19,15,62
-22,22,63
-30,22,62
-33,8,60
-28,6,61
-12,19,65
-9,22,67
-7,20,60
-1,21,61
-1,20,61
-3,23,58
5,31,56
2,29,54
-2,27,61
4,31,65
-5,20,55
-20,12,49
-19,4,66
-10,10,62
-1,22,53
-9,21,55
-4,19,54
-3,21,53
0,17,64
-3,19,57
0,11,70
5,7,70
-2,3,66
-1,11,67
2,7,64
3,7,63
-1,7,66
-6,6,66
-5,7,62
-9,17,67
-16,19,64
-13,11,54
-8,-4,52
-6,2,60
0,5,68
6,-7,66
7,-7,70
4,-3,71
6,-2,72
2,2,70
-6,9,73
-2,5,72
3,0,66
-1,-7,62
-6,-9,58
-10,-3,60
-3,-7,66
-7,-2,67
-8,-9,61
-3,-13,57
-9,-15,52
-10,-11,53
-1,-18,53
5,-18,59
21,-33,60
24,-39,55
18,-32,53
10,-24,47
13,-19,64
11,-18,60
8,-15,62
7,-17,61
11,-22,59
11,-19,63
5,-11,64
3,-15,57
0,-14,62
-2,-12,61
-8,-7,61
-12,-4,67
-13,-4,64
-16,0,63
-15,-7,60
-21,-1,66
-24,2,64
-21,-4,61
-22,1,66
-19,-1,67
-15,-2,61
-14,-9,44
-14,-11,42
-18,-7,53
-20,-3,55
-35,10,57
-35,15,71
-30,13,64
-33,7,55
-37,24,65
-30,31,67
-32,30,49
-34,33,52
-36,31,52
-32,25,51
-33,21,48
-32,17,45
-38,23,52
-40,22,49
-40,19,51
-36,13,49
-36,13,45
-35,22,54
-34,20,52
-31,19,57
-28,14,59
-21,1,53
-23,2,52
-29,22,69
-32,16,57
-34,9,58
-22,6,67
-4,-25,56
-6,-17,68
-10,-24,43
-1,-29,50
1,-34,45
5,-41,41
9,-46,40
10,-46,43
14,-48,45
11,-44,47
4,-36,51
5,-38,51
4,-29,57
-3,-32,49
-1,-27,56
-2,-17,66
-9,-18,61
-2,-25,52
-7,-14,59
-25,1,53
-23,9,64
-18,9,70
-14,0,64
-10,-4,65
-12,-5,63
-12,-4,61
-12,-2,63
-15,2,65
-17,2,65
-14,0,64
-13,-1,63
-17,2,61
-17,2,60
-18,3,61
-17,2,62
-18,2,61
-19,3,60
-17,2,60
-19,6,64
-18,4,61
-18,6,62
-19,6,61
-18,5,61
-19,5,60
-17,6,59
-17,8,63
-18,7,63
-19,9,63
-19,7,59
-17,8,59
-13,14,67
-10,5,62
-21,13,63
-21,17,65
-17,10,53
-11,2,49
-25,24,62
-25,24,56
-21,23,62
-29,28,55
-23,25,56
-22,20,46
-25,13,53
-28,46,43
-33,34,46
-32,29,44
-31,32,48
-35,35,54
-39,42,52
-28,29,52
-31,28,49
-32,28,48
-32,26,46
-31,30,46
-30,32,51
-28,28,48
-26,29,51
-30,27,50
-30,28,53
-37,43,51
-58,65,55
-39,54,57
-18,23,49
-40,18,37
-33,21,49
-27,9,54
-18,2,55
-3,-6,68
5,-30,57
-1,-21,64
-15,-12,55
-16,-23,51
-25,-13,49
-22,-13,50
-23,-13,54
-20,-18,57
-25,-12,60
-24,-13,59
-22,-19,55
-22,-11,66
-23,-11,61
-20,-15,64
-19,-15,59
-26,-8,54
-32,-3,57
-31,-6,55
-29,-10,51
-28,-9,52
-29,-7,54
-27,-8,56
-27,-5,62
-30,-9,63
-23,-15,66
-28,-16,56
-34,-9,54
-22,-27,39
-15,-24,47
-30,7,64
-21,0,64
-13,-9,63
-15,-5,67
-22,-1,58
-22,1,55
-21,2,61
-25,5,60
-28,9,64
-31,10,64
-30,4,61
-29,6,64
-29,3,59
-29,2,57
-28,1,57
-28,-1,56
-23,-7,54
-34,9,65
-27,-2,53
-28,5,64
-26,1,61
-20,-8,57
-19,-9,58
-21,-7,59
-25,6,65
-23,-10,55
-25,-1,60
-25,-2,60
-25,-3,58
-25,-5,56
-24,-5,57
-17,-23,59
-31,-5,51
-43,6,63
-43,5,65
-36,-7,57
-31,-9,57
-16,-17,54
-7,-20,54
9,-30,48
20,-23,58
-1,5,64
-1,4,61
-2,6,61
-7,8,61
-5,2,59
-5,9,62
-3,8,64
-3,5,58
-2,3,59
-5,5,66
0,4,66
24,-12,71
27,-16,68
29,-5,64
27,-7,69
5,-5,57
-8,8,71
19,-24,55
22,-17,54
9,6,69
3,17,79
-1,-4,54
-4,-4,53
1,0,57
7,0,60
-1,-1,47
4,12,51
30,1,60
30,-15,65
26,-22,56
38,-3,66
37,-3,63
37,-11,49
24,0,46
20,19,59
28,10,58
28,-8,50
45,-16,46
54,-13,50
49,-14,50
52,-15,49
50,-16,46
45,-10,48
40,-2,48
48,1,46
45,1,44
46,-5,46
44,2,44
43,-3,38
47,1,47
49,-5,37
52,-10,41
52,-5,35
56,-20,35
52,-18,34
55,-15,37
53,-15,41
40,-10,46
41,-11,50
26,-3,53
19,-8,51
28,-28,46
30,-24,52
22,-19,59
14,-15,61
-8,-4,58
-10,5,63
6,-7,58
9,-13,59
23,-16,55
35,-18,57
43,-16,59
37,-12,59
28,-7,55
32,-8,54
32,-11,54
32,-10,53
25,-7,60
20,-8,57
11,-7,58
21,-5,61
21,-9,59
13,-9,58
13,-7,58
17,-4,64
20,-7,64
20,-7,62
19,-8,62
19,-7,62
18,-7,61
18,-7,61
17,-6,61
17,-6,62
19,-5,62
19,-6,62
19,-6,62
17,-5,62
17,-6,61
17,-5,63
17,-6,62
18,-7,62
17,-7,63
16,-5,63
15,-5,63
15,-6,64
15,-8,64
16,-8,65
15,-5,65
15,-5,65
14,-4,65
14,-5,64
14,-4,64
14,-3,64
14,-3,64
14,-3,64
13,-2,66
15,-2,66
14,-3,65
13,-2,65
13,-1,66
14,0,67
15,-3,65
15,-5,64
12,-5,63
13,-2,66
13,-1,66
14,-1,66
14,-1,66
14,-2,66
14,-2,66
15,-3,65
14,-2,65
15,-2,65
16,-2,65
14,0,66
13,0,65
14,0,67
15,-1,67
12,0,68
15,1,70
16,1,72
15,-1,71
14,-3,68
10,-3,66
4,9,73
1,6,70
3,11,80
-2,27,90
-15,11,66
-5,-7,52
1,-4,63
7,-17,50
16,-35,51
16,-40,49
24,-48,41
24,-36,45
24,-28,44
30,-30,55
26,-31,56
7,-6,46
0,-6,56
-4,1,61
3,-5,65
14,-7,68
11,2,60
9,2,61
11,-4,65
5,4,69
13,-4,74
9,-2,83
9,2,80
6,-1,73
6,-5,71
10,-2,63
8,6,59
1,25,66
5,20,66
1,12,53
0,7,50
-2,9,57
7,-2,56
7,8,63
-15,82,104
-1,5,59
2,-4,51
-15,17,54
2,7,61
0,17,68
-3,10,58
1,8,57
2,8,60
-19,51,73
-1,6,62
1,6,52
-19,20,55
-16,20,65
5,10,66
7,17,72
-4,22,67
-2,24,67
28,23,63
12,33,47
13,22,41
15,15,44
29,14,49
34,15,44
29,21,43
27,24,47
46,21,54
49,17,55
40,30,48
32,40,42
25,39,33
40,45,35
31,48,29
22,59,27
21,62,25
26,61,25
25,59,24
27,55,22
27,57,27
20,62,10
23,63,9
27,61,7
27,58,6
30,53,5
30,54,6
30,58,11
28,61,12
32,57,10
30,58,10
32,54,9
33,52,15
31,51,11
34,50,13
32,52,14
33,51,14
34,51,16
32,54,17
32,54,16
30,55,17
33,52,16
32,53,19
31,52,18
32,53,20
30,54,19
31,52,16
32,52,17
31,52,17
32,51,16
30,55,18
31,54,17
33,51,19
33,51,18
